"Time_Iter","Outer_Iter","Inner_Iter",    "rms[Rho]"    ,    "rms[RhoU]"   ,    "rms[RhoV]"   ,    "rms[RhoE]"   ,    "RefForce"    ,       "CD"       ,       "CL"       ,       "CSF"      ,       "CMx"      ,       "CMy"      ,       "CMz"      ,       "CFx"      ,       "CFy"      ,       "CFz"      ,      "CEff"      
          0,           0,           0,      -4.993029997,      -4.916905383,       -5.84331728,      -4.396649577,             0.448,    0.001198985604,     0.05616290028,                 0,                 0,                 0,     -0.0347731422,  -2.648693514e-05,     0.05617569077,                 0,       46.84201387
          0,           0,           1,      -5.275677496,       -5.14779032,      -5.127560658,      -4.675830259,             0.448,    0.002643896419,     0.05547876772,                 0,                 0,                 0,    -0.03267245534,    0.001433004304,     0.05552324157,                 0,       20.98371454
          0,           0,           2,      -5.191382629,      -5.185003626,      -5.269996658,      -4.608259635,             0.448,    0.002493101983,     0.05182442147,                 0,                 0,                 0,    -0.03352780658,    0.001361964896,     0.05186647539,                 0,       20.78712456
          0,           0,           3,      -5.171458485,      -5.279059137,      -5.224237281,      -4.592206379,             0.448,    0.002333276753,     0.05303033352,                 0,                 0,                 0,    -0.03377692777,    0.001175870867,      0.0530686139,                 0,       22.72783692
          0,           0,           4,      -5.118600789,      -5.293614358,      -5.207571252,      -4.548247083,             0.448,    0.002328763717,     0.05385803339,                 0,                 0,                 0,    -0.03386287829,    0.001153302727,     0.05389601834,                 0,       23.12730699
          0,           0,           5,      -5.093548871,      -5.352693143,      -5.244682464,      -4.529590138,             0.448,    0.002255531056,      0.0531289373,                 0,                 0,                 0,    -0.03444568613,    0.001095992642,      0.0531654982,                 0,       23.55495711
          0,           0,           6,      -5.062103034,      -5.410674005,      -5.285973907,      -4.500484376,             0.448,    0.002212905378,     0.05281581314,                 0,                 0,                 0,    -0.03470497833,    0.001060207875,     0.05285151869,                 0,       23.86718098
          0,           0,           7,      -5.035534451,      -5.427004677,      -5.275908488,      -4.477188958,             0.448,    0.002166448095,     0.05275936095,                 0,                 0,                 0,    -0.03488257736,    0.001014993145,     0.05279406647,                 0,       24.35293099
          0,           0,           8,       -5.01697765,       -5.42374226,      -5.291097465,      -4.461767901,             0.448,    0.002116768631,     0.05263158826,                 0,                 0,                 0,    -0.03512460155,   0.0009681128506,     0.05266524043,                 0,       24.86411953
          0,           0,           9,      -5.003686881,      -5.453607803,      -5.324284511,      -4.449175572,             0.448,    0.002072916085,     0.05237561497,                 0,                 0,                 0,    -0.03540875211,   0.0009298547674,     0.05240837142,                 0,       25.26663542
          0,           0,          10,      -4.991687937,      -5.464240905,      -5.350643273,      -4.436629729,             0.448,    0.002025442882,     0.05203957437,                 0,                 0,                 0,    -0.03571132784,   0.0008897235497,     0.05207137517,                 0,       25.69293601
          0,           0,          11,      -4.983143309,      -5.461976602,      -5.360131104,      -4.428477909,             0.448,    0.001976742807,      0.0517317923,                 0,                 0,                 0,    -0.03598185135,   0.0008477492937,     0.05176260395,                 0,       26.17021907
          0,           0,          12,      -4.979948364,      -5.477760294,      -5.377916685,      -4.426455659,             0.448,    0.001933448137,     0.05148284414,                 0,                 0,                 0,     -0.0362078586,   0.0008098957022,     0.05151277057,                 0,       26.62747615
          0,           0,          13,      -4.981488428,      -5.504012456,      -5.408529251,      -4.428936501,             0.448,    0.001894893897,      0.0512611867,                 0,                 0,                 0,    -0.03641072627,   0.0007761860688,     0.05129032482,                 0,       27.05227284
          0,           0,          14,      -4.985674605,      -5.518144822,      -5.440306702,      -4.433416012,             0.448,    0.001856664144,     0.05102813451,                 0,                 0,                 0,    -0.03660748966,   0.0007430494206,     0.05105649411,                 0,       27.48377226
          0,           0,          15,      -4.991717598,      -5.518039059,      -5.464373845,      -4.439314724,             0.448,    0.001819281551,     0.05079433814,                 0,                 0,                 0,    -0.03678919103,   0.0007107759647,     0.05082193788,                 0,       27.91999847
          0,           0,          16,      -5.000069147,      -5.516955516,      -5.481794131,      -4.447451388,             0.448,    0.001785866327,     0.05058603967,                 0,                 0,                 0,     -0.0369430325,   0.0006819126997,     0.05061296003,                 0,       28.32577047
          0,           0,          17,      -5.010783825,      -5.523539418,       -5.49904551,      -4.458044831,             0.448,    0.001757811417,     0.05041616494,                 0,                 0,                 0,    -0.03706776265,   0.0006575702635,     0.05044251371,                 0,       28.68121372
          0,           0,          18,      -5.022764825,      -5.537287379,      -5.519339603,       -4.47005754,             0.448,    0.001733751547,     0.05028024639,                 0,                 0,                 0,    -0.03717029123,   0.0006364811663,     0.05030610265,                 0,       29.00083722
          0,           0,          19,       -5.03582897,        -5.5543272,      -5.540960016,      -4.483338935,             0.448,    0.001711691525,      0.0501683421,                 0,                 0,                 0,    -0.03725699841,   0.0006168675735,     0.05019374374,                 0,       29.30921919
          0,           0,          20,      -5.049937269,      -5.571787446,      -5.563293931,      -4.497695437,             0.448,    0.001690629794,     0.05007837322,                 0,                 0,                 0,    -0.03732954747,   0.0005977735154,     0.05010333682,                 0,       29.62113492
          0,           0,          21,      -5.064820862,      -5.588458176,      -5.586245226,      -4.512791073,             0.448,    0.001669720065,     0.05000939859,                 0,                 0,                 0,    -0.03738925308,   0.0005783734361,     0.05003392246,                 0,       29.95076818
          0,           0,          22,      -5.080843355,      -5.604316139,       -5.60926492,       -4.52899984,             0.448,    0.001649087688,     0.04996406521,                 0,                 0,                 0,    -0.03743532507,    0.000558734911,     0.04998814977,                 0,       30.29800391
          0,           0,          23,      -5.098129454,      -5.619883396,      -5.631305609,      -4.546415342,             0.448,    0.001628628473,     0.04994181212,                 0,                 0,                 0,    -0.03746847101,    0.000538766014,     0.04996545567,                 0,       30.66495087
          0,           0,          24,      -5.116581003,      -5.634991864,       -5.65159948,       -4.56501397,             0.448,    0.001608433864,     0.04994379798,                 0,                 0,                 0,    -0.03748909301,   0.0005185328888,     0.04996700051,                 0,       31.05119776
          0,           0,          25,      -5.135904831,      -5.649382764,      -5.670102751,      -4.584443893,             0.448,    0.001588379805,      0.0499730256,                 0,                 0,                 0,    -0.03749799692,   0.0004978460052,     0.04999578369,                 0,       31.46163496
          0,           0,          26,      -5.156290497,       -5.66266423,      -5.686355135,      -4.604941732,             0.448,    0.001568374515,     0.05002941989,                 0,                 0,                 0,    -0.03749623174,   0.0004766152407,     0.05005172815,                 0,       31.89889878
          0,           0,          27,      -5.177944996,      -5.674261228,      -5.700297691,      -4.626701449,             0.448,    0.001548157712,     0.05010980791,                 0,                 0,                 0,    -0.03748587813,   0.0004546495937,     0.05013165601,                 0,       32.36737932
          0,           0,          28,       -5.20016604,      -5.684284928,      -5.714472702,      -4.648949394,             0.448,    0.001527839018,      0.0502136673,                 0,                 0,                 0,    -0.03746796966,   0.0004320700543,     0.05023504744,                 0,       32.86581028
          0,           0,          29,      -5.222631014,      -5.693034835,      -5.730079428,      -4.671340924,             0.448,    0.001507810117,     0.05034021318,                 0,                 0,                 0,    -0.03744291332,   0.0004092853358,     0.05036112627,                 0,       33.38630814
          0,           0,          30,       -5.24477229,      -5.700931422,      -5.747857014,      -4.693232737,             0.448,    0.001488394749,     0.05048698497,                 0,                 0,                 0,    -0.03741160863,   0.0003866727783,      0.0505074396,                 0,        33.9204267
          0,           0,          31,      -5.266603349,      -5.708545294,      -5.768112793,      -4.714781031,             0.448,    0.001469913273,     0.05065699231,                 0,                 0,                 0,    -0.03737413706,   0.0003644870101,     0.05067700331,                 0,       34.46257221
          0,           0,          32,      -5.288001436,      -5.715918078,      -5.788473482,      -4.735936834,             0.448,    0.001451868562,     0.05084466003,                 0,                 0,                 0,     -0.0373334104,   0.0003423526434,     0.05086423273,                 0,       35.02015359
          0,           0,          33,      -5.309099661,      -5.723505767,      -5.808623829,      -4.756736514,             0.448,    0.001434300096,     0.05104707278,                 0,                 0,                 0,    -0.03729078633,   0.0003203727471,     0.05106621405,                 0,       35.59023173
          0,           0,          34,      -5.329933286,      -5.731981914,        -5.8294617,      -4.777180918,             0.448,    0.001417533658,     0.05126372188,                 0,                 0,                 0,    -0.03724667645,   0.0002988841236,     0.05128244584,                 0,       36.16402447
          0,           0,          35,      -5.350549708,      -5.741634392,      -5.851265313,      -4.797355031,             0.448,    0.001401798507,     0.05149330957,                 0,                 0,                 0,      -0.037201791,   0.0002781442883,     0.05151163563,                 0,       36.73374549
          0,           0,          36,      -5.371126555,      -5.752690084,      -5.873648089,      -4.817472127,             0.448,    0.001387353876,     0.05173493604,                 0,                 0,                 0,     -0.0371565899,   0.0002584320411,     0.05175288949,                 0,       37.29036762
          0,           0,          37,      -5.391783822,      -5.765343364,      -5.896156458,      -4.837688305,             0.448,    0.001374517868,     0.05198750177,                 0,                 0,                 0,    -0.03711134846,   0.0002400893958,      0.0520051151,                 0,       37.82235428
          0,           0,          38,      -5.412252556,      -5.779747297,      -5.918595107,       -4.85773388,             0.448,    0.001363337843,     0.05224959674,                 0,                 0,                 0,    -0.03706680375,   0.0002231944595,      0.0522669038,                 0,       38.32476081
          0,           0,          39,      -5.432616984,      -5.795967706,      -5.940517906,      -4.877712415,             0.448,    0.001353912291,     0.05251831514,                 0,                 0,                 0,    -0.03702349062,   0.0002079090896,     0.05253535265,                 0,       38.79004238
          0,           0,          40,      -5.452842608,      -5.814014294,       -5.96176526,      -4.897654969,             0.448,    0.001346269906,     0.05279407315,                 0,                 0,                 0,    -0.03698147537,   0.0001942528942,     0.05281087832,                 0,       39.21507337
          0,           0,          41,      -5.472827782,      -5.833767924,      -5.981557221,      -4.917478959,             0.448,    0.001340231272,      0.0530746632,                 0,                 0,                 0,    -0.03694145571,   0.0001820946574,     0.05309126986,                 0,       39.60112281
          0,           0,          42,      -5.492631396,      -5.855098642,      -6.000256637,      -4.937190271,             0.448,    0.001335626301,     0.05335790013,                 0,                 0,                 0,    -0.03690398431,   0.0001713120009,     0.05337433893,                 0,       39.94972254
          0,           0,          43,      -5.512192736,      -5.877963382,      -6.018436855,      -4.956699513,             0.448,    0.001332344968,     0.05364249367,                 0,                 0,                 0,    -0.03686925069,   0.0001618230741,     0.05365879316,                 0,        40.2617152
          0,           0,          44,       -5.53142515,      -5.902238938,      -6.036377697,       -4.97592356,             0.448,    0.001330192663,     0.05392704621,                 0,                 0,                 0,    -0.03683749519,      0.0001534638,     0.05394323103,                 0,       40.54077857
          0,           0,          45,       -5.55024738,      -5.927780554,      -6.054063126,      -4.994783039,             0.448,    0.001328969504,     0.05421021891,                 0,                 0,                 0,    -0.03680880002,   0.0001460635521,     0.05422630966,                 0,       40.79116845
          0,           0,          46,      -5.568570187,      -5.954421651,      -6.071286554,      -5.013186533,             0.448,    0.001328480799,     0.05449066199,                 0,                 0,                 0,    -0.03678313413,   0.0001394571295,     0.05450667534,                 0,        41.0172748
          0,           0,          47,      -5.586226057,      -5.981946776,      -6.087899858,      -5.030949123,             0.448,    0.001328547846,     0.05476805282,                 0,                 0,                 0,    -0.03676027779,   0.0001334729118,     0.05478400163,                 0,        41.2239973
          0,           0,          48,      -5.603148777,      -6.010058029,      -6.103809808,      -5.048006049,             0.448,    0.001328815961,     0.05504074311,                 0,                 0,                 0,     -0.0367405013,   0.0001277922553,     0.05505663287,                 0,       41.42089254
          0,           0,          49,      -5.619190694,       -6.03838133,      -6.118999991,      -5.064195084,             0.448,    0.001329048011,      0.0553065549,                 0,                 0,                 0,    -0.03672383442,    0.000122225597,     0.05532238647,                 0,       41.61366213
          0,           0,          50,        -5.6340442,      -6.066562745,      -6.133294543,      -5.079204165,             0.448,    0.001329136779,      0.0555665306,                 0,                 0,                 0,    -0.03670970501,   0.0001166430038,     0.05558230224,                 0,       41.80648032
          0,           0,          51,       -5.64777973,       -6.09413311,       -6.14658082,      -5.093144637,             0.448,    0.001328818328,     0.05581967836,                 0,                 0,                 0,     -0.0366982294,   0.0001108022392,     0.05583538281,                 0,       42.00700516
          0,           0,          52,      -5.660455111,      -6.120635031,      -6.159354398,      -5.106043912,             0.448,     0.00132792639,     0.05606511179,                 0,                 0,                 0,    -0.03668938383,   0.0001045564117,     0.05608073837,                 0,       42.22004487
          0,           0,          53,      -5.672147232,      -6.145835961,      -6.171921426,      -5.117962548,             0.448,    0.001326392705,     0.05630244808,                 0,                 0,                 0,     -0.0366829553,   9.784562764e-05,     0.05631798472,                 0,       42.44779684
          0,           0,          54,      -5.682954469,      -6.169556142,        -6.1841626,      -5.129009568,             0.448,    0.001324184406,     0.05653137385,                 0,                 0,                 0,    -0.03667874816,   9.064386414e-05,     0.05654680785,                 0,       42.69146624
          0,           0,          55,      -5.692994401,      -6.191647086,      -6.195879886,      -5.139305165,             0.448,    0.001321333482,     0.05675194851,                 0,                 0,                 0,    -0.03667644009,   8.298180853e-05,     0.05676726783,                 0,       42.95051118
          0,           0,          56,      -5.702358264,      -6.212024137,      -6.207000585,      -5.148934494,             0.448,    0.001317888252,      0.0569638086,                 0,                 0,                 0,    -0.03667580953,   7.491569431e-05,     0.05697900234,                 0,       43.22354989
          0,           0,          57,      -5.711126876,      -6.230669442,      -6.217445244,      -5.157974229,             0.448,    0.001313930028,     0.05716723224,                 0,                 0,                 0,    -0.03667657126,   6.652074885e-05,     0.05718229122,                 0,       43.50858192
          0,           0,          58,      -5.719370614,      -6.247688522,      -6.227036775,      -5.166489152,             0.448,    0.001309536545,     0.05736223259,                 0,                 0,                 0,    -0.03667852894,   5.787440169e-05,     0.05737714932,                 0,        43.8034607
          0,           0,          59,       -5.72715248,      -6.263267166,       -6.23583958,      -5.174539185,             0.448,    0.001304800593,     0.05754891827,                 0,                 0,                 0,    -0.03668146868,   4.906704948e-05,     0.05756368726,                 0,       44.10552739
          0,           0,          60,      -5.734529162,       -6.27763879,      -6.243635756,       -5.18217464,             0.448,    0.001299827172,     0.05772751422,                 0,                 0,                 0,    -0.03668516254,   4.019876208e-05,     0.05774213221,                 0,       44.41168447
          0,           0,          61,      -5.741545511,      -6.291015378,      -6.250690406,      -5.189433039,             0.448,    0.001294707321,     0.05789830383,                 0,                 0,                 0,    -0.03668945016,   3.135437416e-05,     0.05791276949,                 0,       44.71922177
          0,           0,          62,      -5.748244857,      -6.303610414,      -6.257058137,      -5.196355871,             0.448,    0.001289527245,     0.05806150555,                 0,                 0,                 0,    -0.03669419913,   2.261530381e-05,     0.05807581937,                 0,        45.0254198
          0,           0,          63,      -5.754655216,      -6.315694449,      -6.262745539,        -5.2029713,             0.448,    0.001284378516,     0.05821756266,                 0,                 0,                 0,    -0.03669923412,   1.406343275e-05,     0.05823172702,                 0,        45.3274186
          0,           0,          64,      -5.760794333,      -6.327531248,      -6.267760049,      -5.209297758,             0.448,    0.001279336044,     0.05836681313,                 0,                 0,                 0,    -0.03670441686,   5.766278706e-06,     0.05838083198,                 0,       45.62273797
          0,           0,          65,      -5.766665404,      -6.339325019,      -6.272076226,      -5.215336564,             0.448,    0.001274476518,     0.05850945068,                 0,                 0,                 0,    -0.03670960341,  -2.203713074e-06,     0.05852332957,                 0,       45.90861413
          0,           0,          66,      -5.772231261,      -6.351231987,      -6.275683972,      -5.221046076,             0.448,    0.001269862288,     0.05864600104,                 0,                 0,                 0,    -0.03671462323,  -9.795675377e-06,     0.05865974678,                 0,       46.18296141
          0,           0,          67,      -5.777475459,      -6.363345295,      -6.278580928,      -5.226423699,             0.448,     0.00126551684,      0.0587769789,                 0,                 0,                 0,    -0.03671936499,  -1.699735643e-05,     0.05879059868,                 0,       46.44503894
          0,           0,          68,       -5.78241142,      -6.375673227,      -6.281012073,      -5.231484595,             0.448,    0.001261421381,     0.05890239951,                 0,                 0,                 0,    -0.03672385312,  -2.382787635e-05,      0.0589159001,                 0,       46.69526011
          0,           0,          69,      -5.787054015,      -6.388313689,      -6.283178881,       -5.23624169,             0.448,    0.001257588461,     0.05902251031,                 0,                 0,                 0,    -0.03672799685,  -3.028008734e-05,      0.0590358987,                 0,        46.9330883
          0,           0,          70,      -5.791393391,      -6.401277256,       -6.28520247,      -5.240687847,             0.448,    0.001254026265,     0.05913775358,                 0,                 0,                 0,    -0.03673168268,  -3.635545513e-05,     0.05915103684,                 0,       47.15830541
          0,           0,          71,      -5.795455825,      -6.414477893,      -6.287218954,      -5.244857174,             0.448,    0.001250724258,     0.05924839309,                 0,                 0,                 0,    -0.03673485591,  -4.207026394e-05,     0.05926157798,                 0,       47.37126724
          0,           0,          72,      -5.799197317,      -6.427820575,      -6.288858235,      -5.248699413,             0.448,    0.001247677724,      0.0593548197,                 0,                 0,                 0,    -0.03673742329,  -4.743775733e-05,      0.0593679128,                 0,       47.57223644
          0,           0,          73,      -5.802609403,      -6.441267642,      -6.290287357,       -5.25220918,             0.448,    0.001244868493,     0.05945740949,                 0,                 0,                 0,    -0.03673933437,  -5.248430486e-05,      0.0594704169,                 0,       47.76200044
          0,           0,          74,      -5.805691395,      -6.454737665,      -6.291798184,      -5.255389435,             0.448,    0.001242268178,     0.05955628809,                 0,                 0,                 0,    -0.03674059843,  -5.724102549e-05,     0.05956921524,                 0,       47.94157101
          0,           0,          75,      -5.808270489,      -6.468028256,      -6.293307125,      -5.258040225,             0.448,    0.001239868857,     0.05965183746,                 0,                 0,                 0,    -0.03674115528,  -6.172417451e-05,     0.05966468953,                 0,       48.11140882
          0,           0,          76,      -5.810478186,      -6.480919013,      -6.294722178,      -5.260315499,             0.448,    0.001237659589,     0.05974434227,                 0,                 0,                 0,    -0.03674096013,  -6.595089886e-05,     0.05975712414,                 0,       48.27203119
          0,           0,          77,       -5.81241407,      -6.493231245,      -6.296424699,      -5.262330131,             0.448,    0.001235629119,     0.05983403679,                 0,                 0,                 0,    -0.03673996944,   -6.99375608e-05,     0.05984675302,                 0,       48.42394523
          0,           0,          78,      -5.814112177,      -6.504815955,      -6.298191309,      -5.264103717,             0.448,    0.001233760704,     0.05992118555,                 0,                 0,                 0,    -0.03673820083,  -7.370667167e-05,     0.05993384028,                 0,       48.56791545
          0,           0,          79,       -5.81562182,      -6.515535781,      -6.300037944,      -5.265670564,             0.448,    0.001232027542,     0.06000603996,                 0,                 0,                 0,    -0.03673569447,  -7.729051005e-05,     0.06001863669,                 0,       48.70511243
          0,           0,          80,      -5.816991802,      -6.525335826,      -6.302046803,      -5.267077162,             0.448,    0.001230422035,     0.06008872939,                 0,                 0,                 0,    -0.03673244728,  -8.069949616e-05,     0.06010127142,                 0,       48.83586908
          0,           0,          81,      -5.818281446,      -6.534104537,      -6.304280246,      -5.268379742,             0.448,    0.001228940649,     0.06016945567,                 0,                 0,                 0,    -0.03672846639,  -8.394156398e-05,     0.06018194617,                 0,       48.96042436
          0,           0,          82,      -5.819578949,      -6.541788652,      -6.306786759,      -5.269665499,             0.448,    0.001227582545,      0.0602484131,                 0,                 0,                 0,    -0.03672377109,  -8.702179176e-05,     0.06026085518,                 0,       49.07890989
          0,           0,          83,      -5.821003484,       -6.54848589,      -6.309526465,      -5.271052868,             0.448,    0.001226357179,      0.0603258758,                 0,                 0,                 0,    -0.03671835824,  -8.993670591e-05,     0.06033827271,                 0,         49.191114
          0,           0,          84,      -5.822605644,       -6.55430541,      -6.312558402,      -5.272591767,             0.448,     0.00122527757,     0.06040229534,                 0,                 0,                 0,    -0.03671219705,  -9.268314127e-05,     0.06041465052,                 0,       49.29682613
          0,           0,          85,      -5.824406735,      -6.559299625,      -6.315935932,      -5.274300932,             0.448,    0.001224305018,     0.06047757023,                 0,                 0,                 0,    -0.03670543885,  -9.529757524e-05,     0.06048988628,                 0,       49.39746987
          0,           0,          86,      -5.826497364,      -6.563665175,      -6.319823794,      -5.276268714,             0.448,    0.001223437494,     0.06055178976,                 0,                 0,                 0,    -0.03669813886,  -9.778398323e-05,     0.06056406922,                 0,       49.49316173
          0,           0,          87,      -5.828955013,      -6.567674014,      -6.324308335,      -5.278578119,             0.448,    0.001222687307,     0.06062513127,                 0,                 0,                 0,    -0.03669031097,  -0.0001001339285,     0.06063737691,                 0,       49.58351242
          0,           0,          88,      -5.831848016,      -6.571568437,      -6.329312336,        -5.2813013,             0.448,    0.001222047933,     0.06069762109,                 0,                 0,                 0,    -0.03668203585,  -0.0001023545068,     0.06070983553,                 0,       49.66877274
          0,           0,          89,      -5.835232136,      -6.575592134,      -6.334874455,      -5.284497709,             0.448,    0.001221510209,     0.06076926444,                 0,                 0,                 0,    -0.03667340527,  -0.0001044549947,      0.0607814501,                 0,       49.74928903
          0,           0,          90,      -5.839177679,       -6.58000556,      -6.340996658,      -5.288240612,             0.448,    0.001221073677,     0.06084006201,                 0,                 0,                 0,    -0.03666448268,  -0.0001064358641,     0.06085222131,                 0,       49.82505411
          0,           0,          91,      -5.843734425,      -6.585048992,      -6.347945562,      -5.292583594,             0.448,    0.001220739755,     0.06091000171,                 0,                 0,                 0,    -0.03665533254,  -0.0001082954328,     0.06092213708,                 0,       49.89597616
          0,           0,          92,      -5.848909937,      -6.590843524,      -6.355767609,      -5.297540859,             0.448,    0.001220513183,     0.06097899287,                 0,                 0,                 0,    -0.03664601764,  -0.0001100269848,     0.06099110688,                 0,       49.96176502
          0,           0,          93,      -5.854780468,      -6.597535357,      -6.364341442,      -5.303202156,             0.448,    0.001220400226,      0.0610469122,                 0,                 0,                 0,    -0.03663659747,   -0.000111621568,     0.06105900758,                 0,        50.0220427
          0,           0,          94,      -5.861257035,      -6.605267898,      -6.373539311,      -5.309456635,             0.448,    0.001220408265,     0.06111407508,                 0,                 0,                 0,    -0.03662707474,  -0.0001130786808,     0.06112615465,                 0,        50.0767463
          0,           0,          95,      -5.868182459,      -6.613950995,      -6.383154219,      -5.316144147,             0.448,    0.001220513154,     0.06118051146,                 0,                 0,                 0,    -0.03661753922,  -0.0001144231187,     0.06119257751,                 0,       50.12687594
          0,           0,          96,      -5.875673204,      -6.623500308,      -6.393222548,      -5.323426237,             0.448,    0.001220706015,     0.06124584711,                 0,                 0,                 0,    -0.03660808107,  -0.0001156555933,     0.06125790182,                 0,       50.17247916
          0,           0,          97,      -5.883907574,      -6.634186657,      -6.404044736,       -5.33148267,             0.448,    0.001221004756,     0.06131025688,                 0,                 0,                 0,    -0.03659867315,  -0.0001167620149,     0.06132230278,                 0,       50.21295499
          0,           0,          98,      -5.892871215,      -6.645899081,      -6.416024008,      -5.340272694,             0.448,    0.001221373936,     0.06137353619,                 0,                 0,                 0,    -0.03658946074,  -0.0001177733541,     0.06138557508,                 0,       50.24958728
          0,           0,          99,      -5.902452535,       -6.65831325,      -6.428640665,       -5.34968922,             0.448,    0.001221785285,     0.06143545336,                 0,                 0,                 0,    -0.03658055606,  -0.0001187128189,      0.0614474865,                 0,       50.28334693
          0,           0,         100,      -5.912696684,      -6.671372547,      -6.441322121,      -5.359783024,             0.448,    0.001222239314,     0.06149604572,                 0,                 0,                 0,    -0.03657195818,  -0.0001195807131,     0.06150807433,                 0,       50.31424289
          0,           0,         101,      -5.923563741,      -6.685010432,      -6.454039021,      -5.370504458,             0.448,    0.001222731747,     0.06155524254,                 0,                 0,                 0,    -0.03656369684,  -0.0001203797693,     0.06156726781,                 0,       50.34239332
          0,           0,         102,      -5.935035026,      -6.698951683,      -6.467102194,        -5.3818408,             0.448,    0.001223241739,     0.06161277356,                 0,                 0,                 0,    -0.03655586372,  -0.0001211249316,     0.06162479626,                 0,       50.36843627
          0,           0,         103,      -5.947081267,      -6.713026387,        -6.4805868,      -5.393762692,             0.448,    0.001223748805,     0.06166848413,                 0,                 0,                 0,    -0.03654853383,  -0.0001218333053,     0.06168050464,                 0,       50.39309036
          0,           0,         104,      -5.959677475,      -6.727026598,      -6.494478905,       -5.40624536,             0.448,    0.001224244495,     0.06172233441,                 0,                 0,                 0,    -0.03654173521,  -0.0001225124716,     0.06173435292,                 0,       50.41667304
          0,           0,         105,      -5.972796508,      -6.740659612,      -6.508648044,      -5.419260036,             0.448,    0.001224721107,     0.06177413187,                 0,                 0,                 0,    -0.03653550523,  -0.0001231659279,     0.06178614845,                 0,       50.43934615
          0,           0,         106,      -5.986391519,      -6.753599555,      -6.523065615,      -5.432750594,             0.448,    0.001225180112,     0.06182391559,                 0,                 0,                 0,     -0.0365298347,  -0.0001237930588,     0.06183593034,                 0,       50.46108322
          0,           0,         107,      -6.000519601,      -6.766095612,      -6.537768631,      -5.446779274,             0.448,    0.001225617045,     0.06187167181,                 0,                 0,                 0,    -0.03652472879,  -0.0001243980261,     0.06188368472,                 0,       50.48205886
          0,           0,         108,      -6.015102402,      -6.777920953,      -6.552473838,      -5.461295061,             0.448,    0.001226016385,      0.0619172744,                 0,                 0,                 0,    -0.03652021457,  -0.0001249935962,     0.06192928517,                 0,        50.5028115
          0,           0,         109,      -6.030092232,      -6.788776084,      -6.567021687,      -5.476251504,             0.448,    0.001226375345,     0.06196063474,                 0,                 0,                 0,    -0.03651628398,  -0.0001255806227,     0.06197264303,                 0,       50.52338584
          0,           0,         110,      -6.045442474,      -6.798419838,      -6.581188471,      -5.491589222,             0.448,    0.001226699959,     0.06200181473,                 0,                 0,                 0,    -0.03651288576,  -0.0001261544229,     0.06201382029,                 0,       50.54358589
          0,           0,         111,       -6.06109091,      -6.806792809,      -6.595199094,      -5.507243143,             0.448,    0.001226988789,     0.06204086189,                 0,                 0,                 0,    -0.03650999225,  -0.0001267174708,     0.06205286446,                 0,       50.56351163
          0,           0,         112,      -6.076991291,       -6.81399242,      -6.609146054,      -5.523170038,             0.448,    0.001227238687,     0.06207776836,                 0,                 0,                 0,     -0.0365075871,  -0.0001272727428,      0.0620897676,                 0,       50.58328835
          0,           0,         113,      -6.093098742,      -6.820153211,      -6.623027926,      -5.539322998,             0.448,    0.001227449449,     0.06211258804,                 0,                 0,                 0,    -0.03650563833,  -0.0001278216176,     0.06212458359,                 0,       50.60297031
          0,           0,         114,      -6.109391571,      -6.825441013,       -6.63680178,      -5.555678365,             0.448,    0.001227621168,     0.06214525912,                 0,                 0,                 0,    -0.03650413831,  -0.0001283626552,     0.06215725064,                 0,       50.62250531
          0,           0,         115,      -6.125817448,      -6.829992556,      -6.650516028,       -5.57218321,             0.448,    0.001227757497,     0.06217584474,                 0,                 0,                 0,    -0.03650305091,  -0.0001288935809,     0.06218783196,                 0,       50.64179603
          0,           0,         116,        -6.1426118,      -6.834059679,      -6.664231187,      -5.589103971,             0.448,    0.001227857625,     0.06220444214,                 0,                 0,                 0,    -0.03650234265,  -0.0001294173262,     0.06221642474,                 0,       50.66095685
          0,           0,         117,      -6.159439078,      -6.837941231,      -6.677989272,      -5.606035734,             0.448,    0.001227919781,     0.06223119306,                 0,                 0,                 0,    -0.03650196468,   -0.000129938753,     0.06224317065,                 0,         50.680178
          0,           0,         118,       -6.17619292,      -6.841665558,       -6.69156787,      -5.622906988,             0.448,    0.001227943855,     0.06225613678,                 0,                 0,                 0,    -0.03650189627,  -0.0001304588288,     0.06226810896,                 0,        50.6994978
          0,           0,         119,      -6.192858371,      -6.845365802,      -6.704861588,      -5.639707203,             0.448,    0.001227933293,     0.06227928918,                 0,                 0,                 0,    -0.03650213784,  -0.0001309744549,     0.06229125562,                 0,       50.71878865
          0,           0,         120,      -6.209449718,       -6.84935059,      -6.717921161,      -5.656427752,             0.448,    0.001227892312,     0.06230075513,                 0,                 0,                 0,    -0.03650262895,  -0.0001314837036,     0.06231271557,                 0,       50.73796334
          0,           0,         121,      -6.225898087,      -6.853841355,      -6.730751907,      -5.672985006,             0.448,    0.001227819783,     0.06232062789,                 0,                 0,                 0,    -0.03650332889,  -0.0001319897379,     0.06233258201,                 0,       50.75714594
          0,           0,         122,      -6.242175005,      -6.859067418,      -6.743376058,      -5.689357308,             0.448,    0.001227714398,     0.06233895247,                 0,                 0,                 0,    -0.03650422753,  -0.0001324948459,     0.06235089993,                 0,       50.77642859
          0,           0,         123,      -6.258268247,      -6.865193014,      -6.755834849,      -5.705531186,             0.448,      0.0012275771,     0.06235578063,                 0,                 0,                 0,    -0.03650530574,  -0.0001329992164,      0.0623677211,                 0,       50.79581613
          0,           0,         124,       -6.27416183,       -6.87226554,      -6.768158455,      -5.721483677,             0.448,    0.001227410001,     0.06237116097,                 0,                 0,                 0,    -0.03650654359,  -0.0001335017949,     0.06238309413,                 0,       50.81526213
          0,           0,         125,      -6.289859522,      -6.880283407,       -6.78044465,      -5.737215546,             0.448,    0.001227216071,     0.06238517739,                 0,                 0,                 0,    -0.03650791759,  -0.0001340014463,     0.06239710299,                 0,       50.83471353
          0,           0,         126,       -6.30537529,      -6.889228916,      -6.792719703,      -5.752739081,             0.448,    0.001226999149,     0.06239785914,                 0,                 0,                 0,    -0.03650940907,   -0.000134494967,     0.06240977699,                 0,        50.8540362
          0,           0,         127,      -6.320723684,      -6.899056999,      -6.805132106,      -5.768065316,             0.448,    0.001226762388,      0.0624093343,                 0,                 0,                 0,     -0.0365109939,  -0.0001349820016,     0.06242124425,                 0,        50.8732049
          0,           0,         128,      -6.335955534,      -6.909836709,      -6.817735327,      -5.783248405,             0.448,    0.001226504775,     0.06241963991,                 0,                 0,                 0,    -0.03651267096,  -0.0001354643688,     0.06243154179,                 0,       50.89229263
          0,           0,         129,      -6.351069692,      -6.921557722,      -6.830639831,      -5.798286279,             0.448,     0.00122622912,     0.06242887123,                 0,                 0,                 0,    -0.03651442521,  -0.0001359413381,      0.0624407649,                 0,       50.91126137
          0,           0,         130,       -6.36610514,      -6.934258543,      -6.843902004,      -5.813222926,             0.448,    0.001225938653,     0.06243708519,                 0,                 0,                 0,    -0.03651624569,  -0.0001364109222,     0.06244897056,                 0,       50.93002412
          0,           0,         131,      -6.381099348,      -6.947904945,      -6.857433124,      -5.828101824,             0.448,    0.001225640203,     0.06244436458,                 0,                 0,                 0,    -0.03651811258,     -0.0001368681,     0.06245624171,                 0,       50.94836511
          0,           0,         132,      -6.396098053,      -6.962485957,      -6.871403605,      -5.842974001,             0.448,    0.001225337969,     0.06245076596,                 0,                 0,                 0,    -0.03652001394,  -0.0001373099078,     0.06246263497,                 0,       50.96615589
          0,           0,         133,      -6.411130749,      -6.978019863,      -6.885825002,      -5.857871636,             0.448,    0.001225031158,     0.06245630967,                 0,                 0,                 0,    -0.03652195612,   -0.000137737581,     0.06246817067,                 0,        50.9834458
          0,           0,         134,      -6.426222125,      -6.994400737,      -6.900598663,      -5.872827769,             0.448,    0.001224721077,     0.06246103561,                 0,                 0,                 0,    -0.03652393612,  -0.0001381506845,     0.06247288872,                 0,       51.00021285
          0,           0,         135,      -6.441398145,      -7.011449018,       -6.91567912,      -5.887875483,             0.448,    0.001224411018,     0.06246499816,                 0,                 0,                 0,    -0.03652594695,  -0.0001385471121,     0.06247684356,                 0,       51.01636398
          0,           0,         136,      -6.456682193,      -7.029001134,      -6.931051435,      -5.903043292,             0.448,    0.001224103485,     0.06246825429,                 0,                 0,                 0,    -0.03652798217,  -0.0001389256038,     0.06248009221,                 0,       51.03184089
          0,           0,         137,      -6.472094643,      -7.046899529,       -6.94667848,      -5.918357078,             0.448,    0.001223799539,     0.06247084535,                 0,                 0,                 0,    -0.03653003976,  -0.0001392860016,     0.06248267603,                 0,       51.04663253
          0,           0,         138,      -6.487643482,      -7.064965164,      -6.962500203,      -5.933830746,             0.448,     0.00122350134,     0.06247281749,                 0,                 0,                 0,    -0.03653211433,  -0.0001396271515,     0.06248464119,                 0,       51.06068579
          0,           0,         139,       -6.50332864,      -7.083006857,      -6.978432707,      -5.949470453,             0.448,    0.001223211172,     0.06247422439,                 0,                 0,                 0,    -0.03653420035,  -0.0001399479416,     0.06248604143,                 0,       51.07394848
          0,           0,         140,      -6.519139758,      -7.100838303,      -6.994368841,      -5.965272796,             0.448,    0.001222929772,     0.06247509011,                 0,                 0,                 0,    -0.03653630039,  -0.0001402481604,      0.0624869008,                 0,       51.08640867
          0,           0,         141,      -6.535038563,      -7.118239472,      -7.010161916,      -5.981204396,             0.448,    0.001222657793,     0.06247543542,                 0,                 0,                 0,    -0.03653841467,  -0.0001405276073,      0.0624872401,                 0,       51.09805521
          0,           0,         142,      -6.550981129,      -7.134968305,      -7.025753508,      -5.997227356,             0.448,    0.001222396046,     0.06247529637,                 0,                 0,                 0,    -0.03654053688,  -0.0001407862592,     0.06248709537,                 0,       51.10888291
          0,           0,         143,      -6.566904349,      -7.150786947,      -7.040985541,      -6.013280872,             0.448,    0.001222145661,     0.06247471023,                 0,                 0,                 0,    -0.03654266025,  -0.0001410237979,     0.06248650391,                 0,       51.11887415
          0,           0,         144,      -6.582737594,      -7.165529759,      -7.055772059,      -6.029295581,             0.448,    0.001221906302,     0.06247368703,                 0,                 0,                 0,    -0.03654478525,   -0.000141240779,     0.06248547573,                 0,       51.12805043
          0,           0,         145,      -6.598384491,      -7.179067207,      -7.070054192,      -6.045172438,             0.448,    0.001221678083,     0.06247225908,                 0,                 0,                 0,    -0.03654690826,  -0.0001414377926,     0.06248404314,                 0,       51.13643269
          0,           0,         146,      -6.613771553,      -7.191292873,      -7.083745011,      -6.060838447,             0.448,    0.001221461217,      0.0624704585,                 0,                 0,                 0,    -0.03654902546,  -0.0001416153274,     0.06248223826,                 0,       51.14403765
          0,           0,         147,      -6.628816661,      -7.202189817,      -7.096743654,      -6.076207555,             0.448,    0.001221256079,      0.0624683021,                 0,                 0,                 0,    -0.03655113342,  -0.0001417733751,      0.0624800779,                 0,       51.15086275
          0,           0,         148,      -6.643418228,      -7.211795395,      -7.109125388,      -6.091170626,             0.448,    0.001221063293,     0.06246580311,                 0,                 0,                 0,    -0.03655322774,  -0.0001419116002,     0.06247757529,                 0,       51.15689208
          0,           0,         149,      -6.657476228,      -7.220208828,      -7.120842001,      -6.105615804,             0.448,    0.001220882963,      0.0624630098,                 0,                 0,                 0,    -0.03655530019,  -0.0001420309514,     0.06247477871,                 0,       51.16216024
          0,           0,         150,      -6.670923013,      -7.227626423,      -7.131760197,      -6.119464148,             0.448,    0.001220713861,     0.06245995782,                 0,                 0,                 0,     -0.0365573457,  -0.0001421334345,     0.06247172377,                 0,       51.16674742
          0,           0,         151,      -6.683699302,       -7.23427364,      -7.141944203,      -6.132643113,             0.448,    0.001220555294,     0.06245667549,                 0,                 0,                 0,    -0.03655935959,  -0.0001422203602,     0.06246843876,                 0,       51.17070548
          0,           0,         152,      -6.695763556,      -7.240371647,      -7.151483529,      -6.145097605,             0.448,    0.001220407328,      0.0624531778,                 0,                 0,                 0,    -0.03656133974,  -0.0001422919901,     0.06246493868,                 0,       51.17404361
          0,           0,         153,      -6.707100808,       -7.24614857,      -7.160488432,      -6.156798328,             0.448,    0.001220269484,     0.06244947745,                 0,                 0,                 0,    -0.03656328366,  -0.0001423490783,     0.06246123621,                 0,       51.17679191
          0,           0,         154,      -6.717726147,      -7.251858389,      -7.169088617,      -6.167748656,             0.448,    0.001220142041,     0.06244561176,                 0,                 0,                 0,    -0.03656518494,  -0.0001423921611,     0.06245736865,                 0,       51.17896905
          0,           0,         155,      -6.727680979,      -7.257751267,      -7.177444444,      -6.177979183,             0.448,    0.001220023718,     0.06244159834,                 0,                 0,                 0,    -0.03656704191,  -0.0001424229037,     0.06245335361,                 0,       51.18064298
          0,           0,         156,      -6.737041006,       -7.26403013,      -7.185661824,      -6.187558636,             0.448,    0.001219913203,     0.06243744454,                 0,                 0,                 0,    -0.03656885372,  -0.0001424427781,     0.06244919839,                 0,       51.18187458
          0,           0,         157,      -6.745867118,      -7.270864735,      -7.193831027,      -6.196539534,             0.448,    0.001219810945,     0.06243317706,                 0,                 0,                 0,     -0.0365706145,  -0.0001424519171,     0.06244492969,                 0,       51.18266673
          0,           0,         158,      -6.754250367,      -7.278395432,      -7.202047016,      -6.205010292,             0.448,    0.001219716549,      0.0624288115,                 0,                 0,                 0,    -0.03657232252,  -0.0001424510566,     0.06244056311,                 0,       51.18304869
          0,           0,         159,      -6.762297956,      -7.286733765,      -7.210402706,      -6.213078484,             0.448,      0.0012196293,     0.06242436337,                 0,                 0,                 0,    -0.03657397415,  -0.0001424412488,     0.06243611414,                 0,       51.18306305
          0,           0,         160,      -6.770120644,      -7.295971371,      -7.218965731,      -6.220858032,             0.448,    0.001219549066,     0.06241984403,                 0,                 0,                 0,    -0.03657556429,  -0.0001424228748,     0.06243159412,                 0,       51.18272463
          0,           0,         161,       -6.77783158,      -7.306171852,      -7.227766096,      -6.228467522,             0.448,    0.001219476058,      0.0624152704,                 0,                 0,                 0,    -0.03657708858,  -0.0001423960923,     0.06242701999,                 0,       51.18203837
          0,           0,         162,      -6.785528365,      -7.317398556,      -7.236923715,      -6.236010879,             0.448,    0.001219409586,     0.06241065675,                 0,                 0,                 0,    -0.03657854739,  -0.0001423619028,     0.06242240598,                 0,        51.1810449
          0,           0,         163,      -6.793317633,      -7.329709862,      -7.246522762,      -6.243604065,             0.448,    0.001219348612,     0.06240602464,                 0,                 0,                 0,     -0.0365799385,  -0.0001423218127,     0.06241777365,                 0,       51.17980536
          0,           0,         164,      -6.801291161,       -7.34311535,      -7.256612072,      -6.251346904,             0.448,    0.001219292252,      0.0624013828,                 0,                 0,                 0,    -0.03658126104,  -0.0001422768981,     0.06241313168,                 0,       51.17836408
          0,           0,         165,      -6.809523617,      -7.357611841,      -7.267201632,      -6.259321393,             0.448,    0.001219240643,      0.0623967391,                 0,                 0,                 0,    -0.03658251318,  -0.0001422271933,     0.06240848796,                 0,       51.17672173
          0,           0,         166,      -6.818070055,       -7.37321692,      -7.278303934,      -6.267589516,             0.448,    0.001219194117,     0.06239212345,                 0,                 0,                 0,    -0.03658369067,  -0.0001421730187,     0.06240387239,                 0,       51.17488889
          0,           0,         167,      -6.826984871,      -7.389931181,      -7.289892625,      -6.276214853,             0.448,    0.001219152062,     0.06238754591,                 0,                 0,                 0,    -0.03658479461,   -0.000142115205,     0.06239929503,                 0,       51.17289948
          0,           0,         168,      -6.836309267,      -7.407689078,      -7.301951801,      -6.285244502,             0.448,    0.001219113698,     0.06238300578,                 0,                 0,                 0,    -0.03658582738,  -0.0001420545174,     0.06239475514,                 0,        51.1707857
          0,           0,         169,      -6.846072543,      -7.426399026,      -7.314458526,      -6.294710749,             0.448,    0.001219078708,     0.06237850711,                 0,                 0,                 0,    -0.03658679026,   -0.000141991361,     0.06239025677,                 0,       51.16856418
          0,           0,         170,      -6.856301667,      -7.445992404,      -7.327392408,      -6.304645749,             0.448,    0.001219047274,     0.06237406311,                 0,                 0,                 0,     -0.0365876828,  -0.0001419258419,     0.06238581315,                 0,       51.16623812
          0,           0,         171,      -6.867010518,      -7.466332204,      -7.340687846,      -6.315069338,             0.448,    0.001219018949,     0.06236967954,                 0,                 0,                 0,    -0.03658850685,  -0.0001418585333,        0.06238143,                 0,       51.16383104
          0,           0,         172,      -6.878198572,      -7.487253713,      -7.354334071,      -6.325984929,             0.448,     0.00121899342,     0.06236536885,                 0,                 0,                 0,    -0.03658926357,  -0.0001417900195,     0.06237711978,                 0,        51.1613663
          0,           0,         173,      -6.889867122,      -7.508572597,      -7.368256555,      -6.337397059,             0.448,    0.001218970595,     0.06236113723,                 0,                 0,                 0,    -0.03658995466,   -0.000141720526,     0.06237288867,                 0,       51.15885278
          0,           0,         174,      -6.902002918,      -7.530041305,      -7.382250489,      -6.349293228,             0.448,    0.001218950688,     0.06235699229,                 0,                 0,                 0,    -0.03659058102,  -0.0001416500072,     0.06236874429,                 0,       51.15628787
          0,           0,         175,      -6.914607677,      -7.551422612,      -7.396449004,      -6.361679416,             0.448,    0.001218933501,     0.06235294029,                 0,                 0,                 0,    -0.03659114426,  -0.0001415787963,     0.06236469287,                 0,       51.15368496
          0,           0,         176,      -6.927666306,      -7.572466346,      -7.410805287,      -6.374543004,             0.448,    0.001218918463,     0.06234898434,                 0,                 0,                 0,    -0.03659164723,  -0.0001415075319,     0.06236073753,                 0,       51.15107058
          0,           0,         177,      -6.941160838,      -7.592908301,      -7.425261156,      -6.387868586,             0.448,    0.001218905279,     0.06234512703,                 0,                 0,                 0,    -0.03659209259,  -0.0001414365659,     0.06235688085,                 0,       51.14845928
          0,           0,         178,      -6.955065351,      -7.612479068,      -7.439773973,      -6.401631748,             0.448,    0.001218894019,     0.06234137063,                 0,                 0,                 0,    -0.03659248238,  -0.0001413658777,      0.0623531251,                 0,       51.14584996
          0,           0,         179,      -6.969349093,      -7.630929232,      -7.454304852,      -6.415803157,             0.448,    0.001218884474,     0.06233770999,                 0,                 0,                 0,    -0.03659282032,  -0.0001412955645,     0.06234946513,                 0,       51.14324723
          0,           0,         180,      -6.983974901,      -7.648023534,      -7.468789222,      -6.430345566,             0.448,    0.001218876619,     0.06233415623,                 0,                 0,                 0,    -0.03659310784,  -0.0001412258927,     0.06234591204,                 0,       51.14066122
          0,           0,         181,      -6.998900193,       -7.66356634,       -7.48317234,      -6.445215442,             0.448,    0.001218870192,      0.0623307165,                 0,                 0,                 0,     -0.0365933472,  -0.0001411572803,     0.06234247299,                 0,       51.13810879
          0,           0,         182,      -7.014081107,      -7.677438989,      -7.497423211,      -6.460368873,             0.448,     0.00121886493,     0.06232739068,                 0,                 0,                 0,    -0.03659354142,  -0.0001410899892,     0.06233914785,                 0,       51.13560096
          0,           0,         183,      -7.029475011,       -7.68964963,      -7.511507215,      -6.475763609,             0.448,      0.0012188609,     0.06232418306,                 0,                 0,                 0,    -0.03659369228,  -0.0001410240442,      0.0623359409,                 0,       51.13313837
          0,           0,         184,      -7.045031225,      -7.700293838,       -7.52541814,      -6.491347961,             0.448,    0.001218858012,     0.06232109739,                 0,                 0,                 0,    -0.03659380193,  -0.0001409596177,      0.0623328559,                 0,       51.13072791
          0,           0,         185,      -7.060706345,      -7.709524572,      -7.539155699,      -6.507077262,             0.448,    0.001218856095,     0.06231813692,                 0,                 0,                 0,    -0.03659387277,  -0.0001408969521,     0.06232989609,                 0,       51.12837944
          0,           0,         186,      -7.076451996,      -7.717524941,       -7.55273283,      -6.522900917,             0.448,    0.001218855049,      0.0623153035,                 0,                 0,                 0,    -0.03659390713,  -0.0001408361878,     0.06232706333,                 0,       51.12609869
          0,           0,         187,      -7.092225003,      -7.724533849,      -7.566150178,      -6.538773483,             0.448,    0.001218854672,     0.06231259097,                 0,                 0,                 0,    -0.03659390845,  -0.0001407773904,     0.06232435143,                 0,         51.123889
          0,           0,         188,      -7.107984622,      -7.730832233,      -7.579433528,      -6.554652267,             0.448,    0.001218854906,      0.0623099997,                 0,                 0,                 0,    -0.03659387898,  -0.0001407206281,     0.06232176079,                 0,       51.12175319
          0,           0,         189,      -7.123683647,      -7.736681136,      -7.592617763,       -6.57048403,             0.448,    0.001218855729,     0.06230753985,                 0,                 0,                 0,    -0.03659381973,  -0.0001406661443,     0.06231930154,                 0,       51.11970053
          0,           0,         190,      -7.139281981,      -7.742352378,      -7.605742291,      -6.586224629,             0.448,     0.00121885682,     0.06230521061,                 0,                 0,                 0,    -0.03659373362,  -0.0001406142414,     0.06231697288,                 0,       51.11774376
          0,           0,         191,      -7.154748672,      -7.748120307,      -7.618844063,      -6.601839215,             0.448,     0.00121885817,     0.06230301166,                 0,                 0,                 0,    -0.03659362272,  -0.0001405649221,     0.06231477448,                 0,       51.11588305
          0,           0,         192,       -7.17005785,      -7.754208689,      -7.631957798,       -6.61729761,             0.448,    0.001218859852,      0.0623009429,                 0,                 0,                 0,    -0.03659348883,  -0.0001405181105,     0.06231270625,                 0,       51.11411521
          0,           0,         193,      -7.185181252,      -7.760801223,      -7.645105906,      -6.632565631,             0.448,    0.001218861706,     0.06229900085,                 0,                 0,                 0,    -0.03659333457,   -0.000140473891,      0.0623107647,                 0,       51.11244411
          0,           0,         194,      -7.200111446,      -7.768043479,      -7.658313742,      -6.647631789,             0.448,    0.001218863573,     0.06229718878,                 0,                 0,                 0,    -0.03659316183,  -0.0001404324946,     0.06230895311,                 0,       51.11087915
          0,           0,         195,       -7.21484339,      -7.776034631,      -7.671626864,      -6.662486908,             0.448,    0.001218865418,      0.0622955055,                 0,                 0,                 0,    -0.03659297261,  -0.0001403939295,     0.06230727026,                 0,       51.10942075
          0,           0,         196,      -7.229365697,      -7.784872112,      -7.685097714,      -6.677115901,             0.448,    0.001218867256,     0.06229394938,                 0,                 0,                 0,     -0.0365927688,  -0.0001403581456,     0.06230571456,                 0,         51.108067
          0,           0,         197,      -7.243683766,       -7.79466704,      -7.698797393,      -6.691522273,             0.448,    0.001218868924,     0.06229251956,                 0,                 0,                 0,    -0.03659255261,  -0.0001403252868,     0.06230428512,                 0,         51.106824
          0,           0,         198,      -7.257803203,      -7.805488313,      -7.712692215,      -6.705709401,             0.448,    0.001218870313,     0.06229121365,                 0,                 0,                 0,    -0.03659232619,  -0.0001402954097,     0.06230297954,                 0,       51.10569434
          0,           0,         199,      -7.271737814,      -7.817375408,      -7.726758128,      -6.719691154,             0.448,    0.001218871533,     0.06229002994,                 0,                 0,                 0,    -0.03659209104,  -0.0001402683677,     0.06230179614,                 0,       51.10467204
          0,           0,         200,      -7.285506278,      -7.830345083,      -7.740994272,      -6.733486852,             0.448,    0.001218872644,     0.06228896594,                 0,                 0,                 0,    -0.03659184886,  -0.0001402440452,     0.06230073242,                 0,        51.1037525
          0,           0,         201,      -7.299129369,      -7.844388238,      -7.755404326,      -6.747117903,             0.448,    0.001218873626,     0.06228801793,                 0,                 0,                 0,     -0.0365916016,  -0.0001402223832,     0.06229978466,                 0,       51.10293357
          0,           0,         202,      -7.312629207,      -7.859473295,      -7.769983928,      -6.760607861,             0.448,    0.001218874494,     0.06228718155,                 0,                 0,                 0,    -0.03659135108,  -0.0001402032696,     0.06229894849,                 0,       51.10221097
          0,           0,         203,      -7.326029804,      -7.875547691,      -7.784724998,      -6.773983163,             0.448,    0.001218875273,     0.06228645287,                 0,                 0,                 0,    -0.03659109903,  -0.0001401865951,     0.06229822001,                 0,        51.1015805
          0,           0,         204,      -7.339354071,      -7.892537709,      -7.799619084,      -6.787269788,             0.448,     0.00121887596,     0.06228582632,                 0,                 0,                 0,    -0.03659084738,  -0.0001401722395,     0.06229759362,                 0,       51.10103763
          0,           0,         205,      -7.352622987,      -7.910344834,      -7.814643249,      -6.800491955,             0.448,    0.001218876583,     0.06228529611,                 0,                 0,                 0,     -0.0365905979,  -0.0001401600511,     0.06229706355,                 0,       51.10057655
          0,           0,         206,       -7.36585534,      -7.928845247,      -7.829762191,      -6.813671627,             0.448,    0.001218877192,     0.06228485688,                 0,                 0,                 0,    -0.03659035215,  -0.0001401498599,     0.06229662444,                 0,       51.10019064
          0,           0,         207,      -7.379067472,      -7.947893849,       -7.84493255,      -6.826828296,             0.448,    0.001218877828,     0.06228450292,                 0,                 0,                 0,    -0.03659011163,  -0.0001401415023,     0.06229627057,                 0,       51.09987357
          0,           0,         208,       -7.39227348,       -7.96732586,      -7.860106963,      -6.839979254,             0.448,    0.001218878544,      0.0622842281,                 0,                 0,                 0,    -0.03658987772,  -0.0001401347919,     0.06229599584,                 0,       51.09961811
          0,           0,         209,      -7.405484705,       -7.98695285,        -7.8752366,      -6.853138811,             0.448,    0.001218879399,     0.06228402754,                 0,                 0,                 0,    -0.03658965156,  -0.0001401295616,     0.06229579534,                 0,       51.09941771
          0,           0,         210,      -7.418706154,      -8.006564198,      -7.890279351,      -6.866314639,             0.448,     0.00121888038,     0.06228389519,                 0,                 0,                 0,    -0.03658943443,  -0.0001401256938,     0.06229566305,                 0,         51.099268
          0,           0,         211,       -7.43194304,      -8.025920244,      -7.905175417,      -6.879514134,             0.448,    0.001218881448,     0.06228382329,                 0,                 0,                 0,    -0.03658922775,   -0.000140123057,     0.06229559119,                 0,       51.09916422
          0,           0,         212,      -7.445197323,      -8.044781129,      -7.919872753,      -6.892740643,             0.448,    0.001218882652,     0.06228380514,                 0,                 0,                 0,    -0.03658903246,  -0.0001401214579,     0.06229557307,                 0,       51.09909887
          0,           0,         213,      -7.458468213,      -8.062909033,      -7.934328584,      -6.905994005,             0.448,    0.001218884053,     0.06228383498,                 0,                 0,                 0,    -0.03658884927,  -0.0001401207076,     0.06229560293,                 0,        51.0990646
          0,           0,         214,       -7.47175325,      -8.080088441,      -7.948518049,       -6.91927202,             0.448,     0.00121888566,     0.06228390697,                 0,                 0,                 0,    -0.03658867891,  -0.0001401206719,     0.06229567494,                 0,       51.09905631
          0,           0,         215,      -7.485044289,      -8.096132221,       -7.96242844,      -6.932564734,             0.448,    0.001218887411,     0.06228401066,                 0,                 0,                 0,    -0.03658852271,  -0.0001401211835,     0.06229577864,                 0,       51.09906798
          0,           0,         216,      -7.498338998,      -8.110925581,      -7.976056225,      -6.945869809,             0.448,    0.001218889441,     0.06228414285,                 0,                 0,                 0,    -0.03658838062,  -0.0001401220378,     0.06229591085,                 0,       51.09909133
          0,           0,         217,      -7.511625275,       -8.12440774,      -7.989417642,      -6.959172571,             0.448,    0.001218891685,     0.06228429962,                 0,                 0,                 0,    -0.03658825313,  -0.0001401232136,     0.06229606762,                 0,       51.09912585
          0,           0,         218,      -7.524916039,      -8.136589132,      -8.002504936,      -6.972487702,             0.448,    0.001218894084,     0.06228447739,                 0,                 0,                 0,    -0.03658814061,  -0.0001401246933,     0.06229624541,                 0,       51.09917112
          0,           0,         219,       -7.53820619,      -8.147503494,       -8.01531294,      -6.985806754,             0.448,    0.001218896674,     0.06228467185,                 0,                 0,                 0,    -0.03658804316,  -0.0001401263458,     0.06229643987,                 0,       51.09922207
          0,           0,         220,      -7.551493476,      -8.157249734,      -8.027866609,      -6.999124671,             0.448,    0.001218899468,     0.06228487894,                 0,                 0,                 0,    -0.03658796084,  -0.0001401280702,     0.06229664698,                 0,       51.09927484
          0,           0,         221,      -7.564775956,      -8.165987115,      -8.040211229,      -7.012436871,             0.448,    0.001218902403,       0.062285094,                 0,                 0,                 0,    -0.03658789388,  -0.0001401298278,     0.06229686205,                 0,       51.09932825
          0,           0,         222,      -7.578051457,      -8.173919547,      -8.052387511,      -7.025738252,             0.448,    0.001218905442,     0.06228531248,                 0,                 0,                 0,    -0.03658784229,  -0.0001401315556,     0.06229708055,                 0,        51.0993801
          0,           0,         223,      -7.591321873,      -8.181287781,      -8.064448941,      -7.039028315,             0.448,    0.001218908581,     0.06228553024,                 0,                 0,                 0,    -0.03658780585,  -0.0001401331678,     0.06229729832,                 0,       51.09942715
          0,           0,         224,      -7.604591137,       -8.18833443,      -8.076456975,      -7.052309032,             0.448,    0.001218911806,     0.06228574355,                 0,                 0,                 0,    -0.03658778421,  -0.0001401345965,     0.06229751165,                 0,       51.09946694
          0,           0,         225,       -7.61786623,      -8.195288821,      -8.088478725,      -7.065585659,             0.448,    0.001218915102,     0.06228594919,                 0,                 0,                 0,    -0.03658777688,  -0.0001401357876,     0.06229771731,                 0,       51.09949749
          0,           0,         226,      -7.631156543,      -8.202356618,      -8.100562827,      -7.078865981,             0.448,    0.001218918438,     0.06228614396,                 0,                 0,                 0,    -0.03658778326,  -0.0001401367011,     0.06229791211,                 0,       51.09951742
          0,           0,         227,      -7.644474632,      -8.209721581,      -8.112753277,      -7.092161313,             0.448,    0.001218921787,     0.06228632491,                 0,                 0,                 0,     -0.0365878027,  -0.0001401373002,     0.06229809309,                 0,       51.09952547
          0,           0,         228,      -7.657834779,      -8.217546435,      -8.125092908,       -7.10548519,             0.448,    0.001218925127,     0.06228648949,                 0,                 0,                 0,    -0.03658783441,  -0.0001401375517,      0.0622982577,                 0,       51.09952048
          0,           0,         229,      -7.671252031,      -8.225971941,       -8.13762032,      -7.118852503,             0.448,    0.001218928429,     0.06228663544,                 0,                 0,                 0,    -0.03658787753,  -0.0001401374341,      0.0622984037,                 0,       51.09950178
          0,           0,         230,      -7.684741718,      -8.235117297,      -8.150368147,      -7.132278996,             0.448,    0.001218931666,     0.06228676088,                 0,                 0,                 0,    -0.03658793118,  -0.0001401369349,     0.06229852917,                 0,       51.09946902
          0,           0,         231,      -7.698318947,      -8.245081281,      -8.163362953,      -7.145780721,             0.448,     0.00121893481,      0.0622868642,                 0,                 0,                 0,    -0.03658799439,  -0.0001401360449,     0.06229863254,                 0,       51.09942195
          0,           0,         232,      -7.711997891,       -8.25594453,      -8.176620306,      -7.159373428,             0.448,    0.001218937843,     0.06228694415,                 0,                 0,                 0,    -0.03658806617,  -0.0001401347566,     0.06229871253,                 0,       51.09936039
          0,           0,         233,      -7.725791903,      -8.267773467,      -8.190131289,      -7.173072853,             0.448,    0.001218940763,     0.06228699966,                 0,                 0,                 0,    -0.03658814552,  -0.0001401330482,     0.06229876809,                 0,       51.09928352
          0,           0,         234,      -7.739715846,      -8.280607142,       -8.20390654,      -7.186895798,             0.448,    0.001218943564,     0.06228703029,                 0,                 0,                 0,    -0.03658823137,  -0.0001401309167,     0.06229879878,                 0,       51.09919125
          0,           0,         235,      -7.753781201,      -8.294457455,      -8.217960256,      -7.200857026,             0.448,    0.001218946179,     0.06228703459,                 0,                 0,                 0,    -0.03658832298,  -0.0001401283961,     0.06229880314,                 0,       51.09908516
          0,           0,         236,      -7.767992027,      -8.309334828,      -8.232315016,       -7.21496297,             0.448,     0.00121894861,     0.06228701352,                 0,                 0,                 0,    -0.03658841923,  -0.0001401255059,     0.06229878212,                 0,       51.09896596
          0,           0,         237,      -7.782347898,      -8.325236057,      -8.246959006,      -7.229215872,             0.448,    0.001218950861,     0.06228696769,                 0,                 0,                 0,     -0.0365885191,  -0.0001401222558,     0.06229873635,                 0,         51.098834
          0,           0,         238,      -7.796847599,      -8.342128311,      -8.261860379,      -7.243618019,             0.448,    0.001218952923,     0.06228689753,                 0,                 0,                 0,     -0.0365886217,  -0.0001401186636,     0.06229866626,                 0,       51.09868999
          0,           0,         239,      -7.811488162,      -8.359957235,      -8.276978208,      -7.258170386,             0.448,    0.001218954799,     0.06228680374,                 0,                 0,                 0,    -0.03658872613,   -0.000140114742,     0.06229857252,                 0,       51.09853441
          0,           0,         240,      -7.826263244,      -8.378656034,       -8.29226652,      -7.272870437,             0.448,    0.001218956488,     0.06228668716,                 0,                 0,                 0,    -0.03658883154,  -0.0001401105098,     0.06229845601,                 0,       51.09836795
          0,           0,         241,      -7.841161523,      -8.398138182,       -8.30767334,      -7.287710338,             0.448,     0.00121895799,     0.06228654877,                 0,                 0,                 0,    -0.03658893716,  -0.0001401059901,     0.06229831769,                 0,       51.09819149
          0,           0,         242,      -7.856166804,      -8.418290872,      -8.323139499,      -7.302677114,             0.448,    0.001218959307,     0.06228638972,                 0,                 0,                 0,    -0.03658904225,  -0.0001401012035,      0.0622981587,                 0,       51.09800579
          0,           0,         243,      -7.871259082,      -8.438974088,      -8.338602105,      -7.317753737,             0.448,     0.00121896045,     0.06228621133,                 0,                 0,                 0,    -0.03658914611,  -0.0001400961695,     0.06229798038,                 0,       51.09781154
          0,           0,         244,      -7.886415069,      -8.460019879,        -8.3539994,      -7.332919566,             0.448,    0.001218961428,     0.06228601508,                 0,                 0,                 0,    -0.03658924809,  -0.0001400909103,      0.0622977842,                 0,       51.09760954
          0,           0,         245,      -7.901608291,      -8.481230812,      -8.369273016,      -7.348150242,             0.448,    0.001218962254,     0.06228580255,                 0,                 0,                 0,    -0.03658934758,  -0.0001400854482,     0.06229757174,                 0,       51.09740056
          0,           0,         246,      -7.916809446,      -8.502380246,      -8.384368203,      -7.363417832,             0.448,    0.001218962942,     0.06228557541,                 0,                 0,                 0,      -0.036589444,  -0.0001400798049,     0.06229734467,                 0,       51.09718537
          0,           0,         247,      -7.931987146,      -8.523217287,      -8.399234525,      -7.378691449,             0.448,    0.001218963508,     0.06228533534,                 0,                 0,                 0,    -0.03658953687,  -0.0001400740024,     0.06229710466,                 0,       51.09696472
          0,           0,         248,      -7.947116994,       -8.54348551,      -8.413830719,      -7.393947952,             0.448,    0.001218963954,       0.062285083,                 0,                 0,                 0,    -0.03658962587,  -0.0001400680517,      0.0622968524,                 0,       51.09673901
          0,           0,         249,      -7.962164689,      -8.562914976,      -8.428115944,      -7.409151629,             0.448,    0.001218964323,     0.06228482095,                 0,                 0,                 0,    -0.03658971045,  -0.0001400619659,     0.06229659041,                 0,       51.09650855
          0,           0,         250,      -7.977082036,      -8.581231565,      -8.442058548,      -7.424248919,             0.448,    0.001218964624,     0.06228455095,                 0,                 0,                 0,    -0.03658979027,  -0.0001400557751,     0.06229632048,                 0,       51.09627444
          0,           0,         251,      -7.991839183,      -8.598209569,      -8.455644004,       -7.43920642,             0.448,    0.001218964862,     0.06228427508,                 0,                 0,                 0,    -0.03658986501,  -0.0001400495189,     0.06229604469,                 0,       51.09603814
          0,           0,         252,      -8.006410876,      -8.613701855,      -8.468871723,      -7.453994732,             0.448,    0.001218965059,     0.06228399463,                 0,                 0,                 0,    -0.03658993445,  -0.0001400432041,     0.06229576431,                 0,       51.09579982
          0,           0,         253,       -8.02076665,       -8.62763304,      -8.481769174,      -7.468577041,             0.448,    0.001218965234,     0.06228371133,                 0,                 0,                 0,    -0.03658999836,  -0.0001400368493,     0.06229548108,                 0,       51.09556008
          0,           0,         254,       -8.03490232,      -8.640027905,      -8.494362217,      -7.482944836,             0.448,    0.001218965394,     0.06228342726,                 0,                 0,                 0,    -0.03659005653,  -0.0001400304925,     0.06229519708,                 0,       51.09532034
          0,           0,         255,      -8.048801773,      -8.650927245,      -8.506683258,      -7.497075318,             0.448,     0.00121896554,     0.06228314406,                 0,                 0,                 0,    -0.03659010886,  -0.0001400241677,     0.06229491395,                 0,       51.09508185
          0,           0,         256,      -8.062454633,      -8.660429192,      -8.518772688,      -7.510950875,             0.448,    0.001218965685,     0.06228286329,                 0,                 0,                 0,    -0.03659015527,  -0.0001400178982,     0.06229463325,                 0,       51.09484546
          0,           0,         257,       -8.07586037,      -8.668719269,      -8.530675153,      -7.524564033,             0.448,    0.001218965836,     0.06228258653,                 0,                 0,                 0,    -0.03659019571,  -0.0001400117091,     0.06229435656,                 0,       51.09461206
          0,           0,         258,      -8.089025219,      -8.676040107,      -8.542439565,      -7.537914505,             0.448,    0.001218965996,     0.06228231521,                 0,                 0,                 0,     -0.0365902302,   -0.000140005631,     0.06229408531,                 0,        51.0943828
          0,           0,         259,      -8.101960395,      -8.682654628,      -8.554119075,      -7.551007583,             0.448,    0.001218966165,     0.06228205072,                 0,                 0,                 0,    -0.03659025882,   -0.000139999692,     0.06229382089,                 0,       51.09415872
          0,           0,         260,       -8.11468234,      -8.688827821,      -8.565769984,      -7.563854728,             0.448,    0.001218966347,     0.06228179434,                 0,                 0,                 0,    -0.03659028166,  -0.0001399939174,     0.06229356457,                 0,       51.09394078
          0,           0,         261,      -8.127212634,      -8.694815369,      -8.577449552,       -7.57647368,             0.448,    0.001218966543,     0.06228154728,                 0,                 0,                 0,    -0.03659029887,  -0.0001399883318,     0.06229331757,                 0,       51.09372988
          0,           0,         262,      -8.139577222,      -8.700852316,      -8.589212996,      -7.588887726,             0.448,    0.001218966753,     0.06228131061,                 0,                 0,                 0,    -0.03659031064,  -0.0001399829586,     0.06229308096,                 0,       51.09352691
          0,           0,         263,      -8.151805454,        -8.7071456,      -8.601110691,      -7.601124753,             0.448,    0.001218966978,     0.06228108531,                 0,                 0,                 0,    -0.03659031718,  -0.0001399778186,     0.06229285573,                 0,       51.09333264
          0,           0,         264,      -8.163929252,      -8.713872002,      -8.613186832,      -7.613216401,             0.448,    0.001218967221,     0.06228087223,                 0,                 0,                 0,    -0.03659031873,  -0.0001399729279,     0.06229264269,                 0,       51.09314768
          0,           0,         265,      -8.175984542,      -8.721165804,      -8.625508639,       -7.62519882,             0.448,     0.00121896749,     0.06228067206,                 0,                 0,                 0,    -0.03659031555,  -0.0001399682923,     0.06229244258,                 0,       51.09297219
          0,           0,         266,      -8.187997765,      -8.729153035,      -8.638124007,      -7.637100935,             0.448,    0.001218967788,     0.06228048553,                 0,                 0,                 0,    -0.03659030791,  -0.0001399639248,     0.06229225611,                 0,       51.09280666
          0,           0,         267,      -8.200000969,      -8.737943904,      -8.651004466,      -7.648957475,             0.448,    0.001218968096,       0.062280313,                 0,                 0,                 0,    -0.03659029618,  -0.0001399598535,     0.06229208363,                 0,       51.09265223
          0,           0,         268,      -8.212025604,      -8.747616328,      -8.664121414,      -7.660804124,             0.448,    0.001218968418,     0.06228015486,                 0,                 0,                 0,    -0.03659028065,  -0.0001399560817,     0.06229192552,                 0,         51.092509
          0,           0,         269,      -8.224103807,      -8.758225413,      -8.677471668,      -7.672678481,             0.448,    0.001218968765,     0.06228001141,                 0,                 0,                 0,    -0.03659026163,  -0.0001399526054,     0.06229178211,                 0,       51.09237677
          0,           0,         270,      -8.236263519,      -8.769802295,      -8.691059628,      -7.684613657,             0.448,    0.001218969136,     0.06227988279,                 0,                 0,                 0,    -0.03659023945,  -0.0001399494282,     0.06229165354,                 0,       51.09225568
          0,           0,         271,       -8.24852923,      -8.782361146,      -8.704877895,      -7.696639519,             0.448,     0.00121896953,       0.062279769,                 0,                 0,                 0,    -0.03659021446,  -0.0001399465523,     0.06229153978,                 0,       51.09214583
          0,           0,         272,       -8.26092189,      -8.795900235,      -8.718908833,      -7.708783015,             0.448,    0.001218969946,     0.06227966994,                 0,                 0,                 0,    -0.03659018698,  -0.0001399439753,     0.06229144076,                 0,       51.09204712
          0,           0,         273,      -8.273458255,      -8.810401239,      -8.733131645,      -7.721067177,             0.448,    0.001218970385,     0.06227958539,                 0,                 0,                 0,    -0.03659015738,  -0.0001399416928,     0.06229135624,                 0,        51.0919594
          0,           0,         274,      -8.286150758,       -8.82582811,      -8.747521905,      -7.733510568,             0.448,    0.001218970844,     0.06227951506,                 0,                 0,                 0,    -0.03659012597,  -0.0001399396994,     0.06229128593,                 0,       51.09188245
          0,           0,         275,      -8.299007698,      -8.842126693,      -8.762047168,      -7.746127295,             0.448,    0.001218971323,     0.06227945855,                 0,                 0,                 0,     -0.0365900931,  -0.0001399379877,     0.06229122944,                 0,       51.09181602
          0,           0,         276,      -8.312033432,      -8.859225303,      -8.776665806,      -7.758927203,             0.448,    0.001218971821,      0.0622794154,                 0,                 0,                 0,    -0.03659005908,  -0.0001399365486,     0.06229118632,                 0,       51.09175975
          0,           0,         277,      -8.325228419,      -8.877034687,      -8.791329982,      -7.771915925,             0.448,    0.001218972337,      0.0622793851,                 0,                 0,                 0,    -0.03659002423,  -0.0001399353712,     0.06229115603,                 0,       51.09171324
          0,           0,         278,       -8.33858925,      -8.895447041,      -8.805989521,      -7.785094846,             0.448,    0.001218972871,     0.06227936705,                 0,                 0,                 0,    -0.03658998883,  -0.0001399344434,       0.062291138,                 0,       51.09167604
          0,           0,         279,      -8.352108844,      -8.914334928,      -8.820594527,      -7.798461169,             0.448,    0.001218973423,     0.06227936062,                 0,                 0,                 0,    -0.03658995317,   -0.000139933752,     0.06229113158,                 0,       51.09164766
          0,           0,         280,      -8.365776801,      -8.933550934,      -8.835096966,      -7.812008131,             0.448,     0.00121897399,     0.06227936512,                 0,                 0,                 0,    -0.03658991752,  -0.0001399332827,     0.06229113609,                 0,       51.09162757
          0,           0,         281,      -8.379579816,        -8.9529286,      -8.849452182,      -7.825725322,             0.448,    0.001218974574,     0.06227937984,                 0,                 0,                 0,    -0.03658988211,  -0.0001399330207,     0.06229115083,                 0,       51.09161519
          0,           0,         282,       -8.39350211,      -8.972285069,      -8.863620742,      -7.839599038,             0.448,    0.001218975172,     0.06227940405,                 0,                 0,                 0,    -0.03658984719,  -0.0001399329507,     0.06229117505,                 0,       51.09160998
          0,           0,         283,      -8.407525889,      -8.991425742,      -8.877570398,      -7.853612679,             0.448,    0.001218975784,     0.06227943699,                 0,                 0,                 0,    -0.03658981296,  -0.0001399330575,     0.06229120799,                 0,       51.09161135
          0,           0,         284,      -8.421631835,      -9.010151108,      -8.891277753,      -7.867747176,             0.448,    0.001218976408,      0.0622794779,                 0,                 0,                 0,    -0.03658977961,  -0.0001399333263,      0.0622912489,                 0,       51.09161877
          0,           0,         285,      -8.435799659,      -9.028265708,      -8.904729379,      -7.881981494,             0.448,    0.001218977041,     0.06227952602,                 0,                 0,                 0,    -0.03658974732,  -0.0001399337425,     0.06229129702,                 0,       51.09163169
          0,           0,         286,      -8.450008912,      -9.045588839,       -8.91792194,      -7.896293424,             0.448,    0.001218977683,     0.06227958056,                 0,                 0,                 0,    -0.03658971623,  -0.0001399342911,     0.06229135157,                 0,       51.09164955
          0,           0,         287,      -8.464239685,      -9.061963727,      -8.930861925,      -7.910660282,             0.448,    0.001218978331,     0.06227964078,                 0,                 0,                 0,    -0.03658968647,  -0.0001399349565,     0.06229141178,                 0,       51.09167177
          0,           0,         288,       -8.47847025,      -9.077267336,      -8.943571505,      -7.925056365,             0.448,    0.001218978982,     0.06227970603,                 0,                 0,                 0,    -0.03658965816,  -0.0001399357289,     0.06229147703,                 0,       51.09169801
          0,           0,         289,      -8.492683275,        -9.0914334,      -8.956075602,      -7.939459743,             0.448,    0.001218979631,     0.06227977561,                 0,                 0,                 0,    -0.03658963139,  -0.0001399365976,     0.06229154661,                 0,       51.09172787
          0,           0,         290,      -8.506863831,      -9.104453128,      -8.968404488,      -7.953850117,             0.448,    0.001218980277,     0.06227984883,                 0,                 0,                 0,    -0.03658960625,  -0.0001399375499,     0.06229161983,                 0,        51.0917609
          0,           0,         291,      -8.520998731,      -9.116364712,      -8.980596637,      -7.968208114,             0.448,    0.001218980916,     0.06227992503,                 0,                 0,                 0,     -0.0365895828,   -0.000139938573,     0.06229169603,                 0,       51.09179661
          0,           0,         292,      -8.535078168,      -9.127254199,      -8.992696018,      -7.982517326,             0.448,    0.001218981547,     0.06228000358,                 0,                 0,                 0,    -0.03658956108,  -0.0001399396559,     0.06229177457,                 0,       51.09183461
          0,           0,         293,      -8.549096588,      -9.137253115,      -9.004749821,      -7.996765511,             0.448,    0.001218982166,     0.06228008386,                 0,                 0,                 0,    -0.03658954114,  -0.0001399407877,     0.06229185484,                 0,        51.0918745
          0,           0,         294,      -8.563052341,      -9.146526835,      -9.016807325,      -8.010944363,             0.448,    0.001218982772,     0.06228016525,                 0,                 0,                 0,    -0.03658952299,  -0.0001399419573,     0.06229193622,                 0,       51.09191586
          0,           0,         295,      -8.576947292,      -9.155260511,      -9.028918605,      -8.025049278,             0.448,    0.001218983364,     0.06228024717,                 0,                 0,                 0,    -0.03658950662,  -0.0001399431532,     0.06229201814,                 0,       51.09195829
          0,           0,         296,      -8.590786671,       -9.16364786,      -9.041133073,      -8.039079412,             0.448,    0.001218983938,     0.06228032905,                 0,                 0,                 0,    -0.03658949204,  -0.0001399443648,     0.06229210001,                 0,       51.09200137
          0,           0,         297,      -8.604578906,      -9.171882599,      -9.053498236,      -8.053037689,             0.448,    0.001218984496,     0.06228041036,                 0,                 0,                 0,     -0.0365894792,  -0.0001399455816,     0.06229218132,                 0,       51.09204472
          0,           0,         298,       -8.61833524,      -9.180150825,      -9.066058644,      -8.066930594,             0.448,    0.001218985034,      0.0622804906,                 0,                 0,                 0,    -0.03658946807,  -0.0001399467937,     0.06229226155,                 0,       51.09208797
          0,           0,         299,      -8.632069196,      -9.188624717,      -9.078854854,      -8.080767768,             0.448,    0.001218985553,      0.0622805693,                 0,                 0,                 0,    -0.03658945858,  -0.0001399479921,     0.06229234024,                 0,        51.0921308
          0,           0,         300,      -8.645795973,      -9.197458655,      -9.091922298,      -8.094561516,             0.448,     0.00121898605,     0.06228064603,                 0,                 0,                 0,    -0.03658945069,  -0.0001399491688,     0.06229241696,                 0,       51.09217291
          0,           0,         301,        -8.6595318,      -9.206787355,      -9.105290141,      -8.108326241,             0.448,    0.001218986525,     0.06228072041,                 0,                 0,                 0,     -0.0365894443,  -0.0001399503164,     0.06229249134,                 0,       51.09221401
          0,           0,         302,      -8.673293274,      -9.216725344,      -9.118980285,      -8.122077817,             0.448,    0.001218986977,     0.06228079211,                 0,                 0,                 0,    -0.03658943934,  -0.0001399514286,     0.06229256303,                 0,       51.09225388
          0,           0,         303,      -8.687096709,      -9.227367075,      -9.133006648,      -8.135832948,             0.448,    0.001218987405,     0.06228086083,                 0,                 0,                 0,    -0.03658943571,  -0.0001399524999,     0.06229263174,                 0,       51.09229232
          0,           0,         304,      -8.700957535,      -9.238787723,      -9.147374723,      -8.149608547,             0.448,    0.001218987808,     0.06228092632,                 0,                 0,                 0,    -0.03658943332,  -0.0001399535256,     0.06229269723,                 0,       51.09232915
          0,           0,         305,      -8.714889732,      -9.251044057,      -9.162081367,      -8.163421127,             0.448,    0.001218988186,      0.0622809884,                 0,                 0,                 0,    -0.03658943208,   -0.000139954502,      0.0622927593,                 0,       51.09236424
          0,           0,         306,      -8.728905318,      -9.264175267,      -9.177114732,      -8.177286211,             0.448,    0.001218988538,     0.06228104689,                 0,                 0,                 0,    -0.03658943189,  -0.0001399554261,     0.06229281778,                 0,       51.09239747
          0,           0,         307,      -8.743013859,      -9.278203388,      -9.192454202,      -8.191217743,             0.448,    0.001218988864,     0.06228110169,                 0,                 0,                 0,    -0.03658943264,  -0.0001399562958,     0.06229287258,                 0,       51.09242877
          0,           0,         308,       -8.75722204,      -9.293133214,       -9.20807038,      -8.205227527,             0.448,    0.001218989164,     0.06228115272,                 0,                 0,                 0,    -0.03658943424,  -0.0001399571094,      0.0622929236,                 0,       51.09245807
          0,           0,         309,      -8.771533291,      -9.308951733,      -9.223925105,       -8.21932471,             0.448,    0.001218989437,     0.06228119995,                 0,                 0,                 0,    -0.03658943659,  -0.0001399578659,     0.06229297082,                 0,       51.09248533
          0,           0,         310,      -8.785947499,      -9.325627086,      -9.239971638,      -8.233515339,             0.448,    0.001218989685,     0.06228124337,                 0,                 0,                 0,    -0.03658943959,  -0.0001399585649,     0.06229301424,                 0,       51.09251055
          0,           0,         311,      -8.800460817,      -9.343107105,      -9.256155119,       -8.24780202,             0.448,    0.001218989908,       0.062281283,                 0,                 0,                 0,    -0.03658944316,  -0.0001399592067,     0.06229305387,                 0,       51.09253372
          0,           0,         312,      -8.815065576,      -9.361317671,      -9.272413424,      -8.262183681,             0.448,    0.001218990107,     0.06228131892,                 0,                 0,                 0,    -0.03658944718,  -0.0001399597918,     0.06229308978,                 0,       51.09255487
          0,           0,         313,      -8.829750316,      -9.380161092,      -9.288678505,      -8.276655446,             0.448,    0.001218990282,     0.06228135121,                 0,                 0,                 0,    -0.03658945159,  -0.0001399603215,     0.06229312206,                 0,       51.09257403
          0,           0,         314,      -8.844499921,       -9.39951479,      -9.304878213,      -8.291208625,             0.448,    0.001218990433,     0.06228137997,                 0,                 0,                 0,    -0.03658945629,  -0.0001399607974,     0.06229315082,                 0,       51.09259128
          0,           0,         315,      -8.859295882,      -9.419230623,      -9.320938598,      -8.305830807,             0.448,    0.001218990562,     0.06228140535,                 0,                 0,                 0,     -0.0365894612,  -0.0001399612217,      0.0622931762,                 0,       51.09260667
          0,           0,         316,      -8.874116666,      -9.439135382,      -9.336786625,      -8.320506064,             0.448,     0.00121899067,     0.06228142748,                 0,                 0,                 0,    -0.03658946625,  -0.0001399615967,     0.06229319833,                 0,       51.09262031
          0,           0,         317,      -8.888938202,      -9.459032929,      -9.352353138,      -8.335215254,             0.448,    0.001218990758,     0.06228144656,                 0,                 0,                 0,    -0.03658947137,  -0.0001399619253,      0.0622932174,                 0,       51.09263229
          0,           0,         318,      -8.903734347,      -9.478708675,      -9.367576082,      -8.349936303,             0.448,    0.001218990826,     0.06228146273,                 0,                 0,                 0,    -0.03658947648,    -0.00013996221,     0.06229323357,                 0,        51.0926427
          0,           0,         319,      -8.918476804,      -9.497938963,      -9.382404889,      -8.364643918,             0.448,    0.001218990876,     0.06228147618,                 0,                 0,                 0,    -0.03658948152,  -0.0001399624533,     0.06229324702,                 0,       51.09265163
          0,           0,         320,      -8.933140405,      -9.516504255,      -9.396795947,      -8.379314908,             0.448,    0.001218990909,     0.06228148715,                 0,                 0,                 0,    -0.03658948645,  -0.0001399626596,     0.06229325799,                 0,       51.09265925
          0,           0,         321,      -8.947697449,      -9.534187802,      -9.410723453,      -8.393921957,             0.448,    0.001218990925,     0.06228149583,                 0,                 0,                 0,     -0.0365894912,   -0.000139962833,     0.06229326667,                 0,        51.0926657
          0,           0,         322,       -8.96212119,      -9.550790007,      -9.424179652,      -8.408437203,             0.448,    0.001218990925,     0.06228150241,                 0,                 0,                 0,    -0.03658949574,  -0.0001399629764,     0.06229327325,                 0,       51.09267109
          0,           0,         323,      -8.976388592,      -9.566160159,      -9.437170784,      -8.422835264,             0.448,    0.001218990911,     0.06228150711,                 0,                 0,                 0,    -0.03658950003,  -0.0001399630928,     0.06229327794,                 0,       51.09267553
          0,           0,         324,      -8.990479773,      -9.580204833,      -9.449718106,      -8.437092473,             0.448,    0.001218990884,     0.06228151011,                 0,                 0,                 0,    -0.03658950403,  -0.0001399631853,     0.06229328094,                 0,       51.09267913
          0,           0,         325,      -9.004378037,      -9.592888841,      -9.461857296,      -8.451186848,             0.448,    0.001218990845,     0.06228151161,                 0,                 0,                 0,    -0.03658950772,  -0.0001399632573,     0.06229328244,                 0,         51.092682
          0,           0,         326,      -9.018071418,      -9.604240188,       -9.47363578,      -8.465099928,             0.448,    0.001218990795,     0.06228151179,                 0,                 0,                 0,    -0.03658951107,  -0.0001399633115,     0.06229328262,                 0,       51.09268425
          0,           0,         327,      -9.031554006,      -9.614351069,      -9.485110233,      -8.478818464,             0.448,    0.001218990735,     0.06228151083,                 0,                 0,                 0,    -0.03658951406,  -0.0001399633505,     0.06229328166,                 0,       51.09268598
          0,           0,         328,      -9.044826452,      -9.623369699,      -9.496344361,      -8.492335241,             0.448,    0.001218990666,     0.06228150891,                 0,                 0,                 0,    -0.03658951669,  -0.0001399633769,     0.06229327973,                 0,       51.09268727
          0,           0,         329,      -9.057895943,      -9.631485716,      -9.507406387,      -8.505649387,             0.448,     0.00121899059,     0.06228150617,                 0,                 0,                 0,    -0.03658951895,  -0.0001399633932,     0.06229327699,                 0,       51.09268821
          0,           0,         330,      -9.070776026,      -9.638914388,       -9.51836648,      -8.518766501,             0.448,    0.001218990508,     0.06228150278,                 0,                 0,                 0,    -0.03658952082,  -0.0001399634015,      0.0622932736,                 0,       51.09268888
          0,           0,         331,      -9.083486256,      -9.645882563,      -9.529294503,      -8.531698606,             0.448,     0.00121899042,     0.06228149888,                 0,                 0,                 0,    -0.03658952232,  -0.0001399634043,      0.0622932697,                 0,       51.09268936
          0,           0,         332,      -9.096051609,      -9.652616522,      -9.540258336,      -8.544463823,             0.448,    0.001218990328,     0.06228149461,                 0,                 0,                 0,    -0.03658952344,  -0.0001399634036,     0.06229326544,                 0,       51.09268974
          0,           0,         333,      -9.108501656,      -9.659332104,       -9.55132264,      -8.557085757,             0.448,    0.001218990232,     0.06228149011,                 0,                 0,                 0,    -0.03658952419,  -0.0001399634016,     0.06229326093,                 0,       51.09269008
          0,           0,         334,      -9.120869571,      -9.666227823,      -9.562547858,      -8.569592672,             0.448,    0.001218990133,      0.0622814855,                 0,                 0,                 0,    -0.03658952459,     -0.0001399634,     0.06229325632,                 0,       51.09269045
          0,           0,         335,      -9.133191064,      -9.673480896,      -9.573989291,      -8.582016529,             0.448,    0.001218990031,     0.06228148089,                 0,                 0,                 0,    -0.03658952465,  -0.0001399634007,     0.06229325171,                 0,       51.09269091
          0,           0,         336,      -9.145503284,      -9.681245549,      -9.585696223,      -8.594391944,             0.448,    0.001218989929,     0.06228147638,                 0,                 0,                 0,    -0.03658952439,  -0.0001399634051,      0.0622932472,                 0,       51.09269152
          0,           0,         337,      -9.157843742,       -9.68965276,      -9.597711119,      -8.606755123,             0.448,    0.001218989825,     0.06228147208,                 0,                 0,                 0,    -0.03658952384,  -0.0001399634146,      0.0622932429,                 0,       51.09269232
          0,           0,         338,       -9.17024931,      -9.698811176,      -9.610068999,      -8.619142837,             0.448,    0.001218989722,     0.06228146806,                 0,                 0,                 0,    -0.03658952301,  -0.0001399634303,     0.06229323888,                 0,       51.09269336
          0,           0,         339,      -9.182755328,      -9.708808625,      -9.622796989,      -8.631591467,             0.448,    0.001218989619,      0.0622814644,                 0,                 0,                 0,    -0.03658952193,  -0.0001399634531,     0.06229323522,                 0,       51.09269466
          0,           0,         340,      -9.195394826,      -9.719713807,      -9.635914065,      -8.644136143,             0.448,    0.001218989518,     0.06228146116,                 0,                 0,                 0,    -0.03658952062,  -0.0001399634836,     0.06229323198,                 0,       51.09269624
          0,           0,         341,      -9.208197847,      -9.731577855,      -9.649430967,      -8.656809958,             0.448,    0.001218989419,     0.06228145839,                 0,                 0,                 0,    -0.03658951912,  -0.0001399635224,     0.06229322921,                 0,       51.09269813
          0,           0,         342,      -9.221190872,      -9.744435652,      -9.663350172,      -8.669643259,             0.448,    0.001218989322,     0.06228145614,                 0,                 0,                 0,    -0.03658951745,  -0.0001399635695,     0.06229322695,                 0,       51.09270032
          0,           0,         343,      -9.234396317,      -9.758306535,      -9.677665888,      -8.682663012,             0.448,    0.001218989229,     0.06228145443,                 0,                 0,                 0,    -0.03658951564,  -0.0001399636253,     0.06229322524,                 0,       51.09270282
          0,           0,         344,      -9.247832101,      -9.773194437,      -9.692364011,      -8.695892219,             0.448,     0.00121898914,     0.06228145328,                 0,                 0,                 0,    -0.03658951371,  -0.0001399636896,     0.06229322409,                 0,       51.09270562
          0,           0,         345,      -9.261511283,       -9.78908744,      -9.707422032,      -8.709349424,             0.448,    0.001218989055,     0.06228145271,                 0,                 0,                 0,    -0.03658951169,  -0.0001399637624,     0.06229322352,                 0,       51.09270873
          0,           0,         346,      -9.275441761,       -9.80595666,      -9.722808975,      -8.723048286,             0.448,    0.001218988974,     0.06228145272,                 0,                 0,                 0,     -0.0365895096,  -0.0001399638433,     0.06229322353,                 0,       51.09271212
          0,           0,         347,      -9.289626035,      -9.823754622,      -9.738485431,      -8.736997236,             0.448,    0.001218988898,     0.06228145331,                 0,                 0,                 0,    -0.03658950747,  -0.0001399639321,     0.06229322411,                 0,       51.09271578
          0,           0,         348,      -9.304061042,      -9.842413206,      -9.754403818,      -8.751199215,             0.448,    0.001218988827,     0.06228145446,                 0,                 0,                 0,    -0.03658950532,  -0.0001399640283,     0.06229322526,                 0,       51.09271971
          0,           0,         349,      -9.318738055,      -9.861841374,      -9.770508974,      -8.765651489,             0.448,    0.001218988761,     0.06228145616,                 0,                 0,                 0,    -0.03658950318,  -0.0001399641316,     0.06229322696,                 0,       51.09272388
          0,           0,         350,      -9.333642657,      -9.881922784,      -9.786739133,      -8.780345532,             0.448,    0.001218988699,     0.06228145838,                 0,                 0,                 0,    -0.03658950105,  -0.0001399642413,     0.06229322917,                 0,       51.09272827
          0,           0,         351,      -9.348754793,      -9.902513681,      -9.803027335,      -8.795266992,             0.448,    0.001218988643,     0.06228146108,                 0,                 0,                 0,    -0.03658949897,  -0.0001399643569,     0.06229323188,                 0,       51.09273286
          0,           0,         352,      -9.364048904,      -9.923441478,      -9.819303215,      -8.810395717,             0.448,    0.001218988591,     0.06228146425,                 0,                 0,                 0,    -0.03658949695,  -0.0001399644778,     0.06229323504,                 0,       51.09273763
          0,           0,         353,      -9.379494164,      -9.944504836,      -9.835495187,      -8.825705869,             0.448,    0.001218988543,     0.06228146782,                 0,                 0,                 0,    -0.03658949501,  -0.0001399646032,     0.06229323861,                 0,       51.09274255
          0,           0,         354,      -9.395054828,      -9.965475725,      -9.851532879,      -8.841166136,             0.448,      0.0012189885,     0.06228147177,                 0,                 0,                 0,    -0.03658949315,  -0.0001399647325,     0.06229324256,                 0,        51.0927476
          0,           0,         355,       -9.41069072,      -9.986104501,      -9.867349724,      -8.856740049,             0.448,    0.001218988461,     0.06228147605,                 0,                 0,                 0,    -0.03658949141,  -0.0001399648649,     0.06229324684,                 0,       51.09275275
          0,           0,         356,      -9.426357879,      -10.00612863,      -9.882885537,       -8.87238646,             0.448,    0.001218988426,     0.06228148062,                 0,                 0,                 0,    -0.03658948978,  -0.0001399649997,      0.0622932514,                 0,       51.09275797
          0,           0,         357,      -9.442009394,      -10.02528539,      -9.898088885,      -8.888060192,             0.448,    0.001218988394,     0.06228148542,                 0,                 0,                 0,    -0.03658948828,   -0.000139965136,      0.0622932562,                 0,       51.09276323
          0,           0,         358,      -9.457596454,      -10.04332816,      -9.912919088,      -8.903712908,             0.448,    0.001218988366,     0.06228149041,                 0,                 0,                 0,    -0.03658948691,  -0.0001399652732,     0.06229326119,                 0,       51.09276852
          0,           0,         359,      -9.473069597,      -10.06004489,      -9.927347699,      -8.919294209,             0.448,    0.001218988341,     0.06228149554,                 0,                 0,                 0,    -0.03658948569,  -0.0001399654105,     0.06229326632,                 0,       51.09277379
          0,           0,         360,      -9.488380161,       -10.0752767,      -9.941359425,      -8.934752987,             0.448,    0.001218988318,     0.06228150077,                 0,                 0,                 0,    -0.03658948462,  -0.0001399655472,     0.06229327155,                 0,       51.09277902
          0,           0,         361,       -9.50348187,       -10.0889331,      -9.954952382,      -8.950038975,             0.448,    0.001218988298,     0.06228150606,                 0,                 0,                 0,    -0.03658948371,  -0.0001399656825,     0.06229327684,                 0,        51.0927842
          0,           0,         362,      -9.518332503,      -10.10100157,       -9.96813784,      -8.965104467,             0.448,    0.001218988281,     0.06228151137,                 0,                 0,                 0,    -0.03658948295,  -0.0001399658158,     0.06229328214,                 0,       51.09278929
          0,           0,         363,       -9.53289555,      -10.11154901,      -9.980939393,      -8.979906119,             0.448,    0.001218988265,     0.06228151664,                 0,                 0,                 0,    -0.03658948234,  -0.0001399659463,     0.06229328741,                 0,       51.09279426
          0,           0,         364,      -9.547141721,      -10.12071489,      -9.993391752,      -8.994406708,             0.448,    0.001218988252,     0.06228152184,                 0,                 0,                 0,     -0.0365894819,  -0.0001399660733,     0.06229329261,                 0,        51.0927991
          0,           0,         365,      -9.561050221,      -10.12869757,      -10.00553909,      -9.008576727,             0.448,     0.00121898824,     0.06228152694,                 0,                 0,                 0,    -0.03658948161,  -0.0001399661962,     0.06229329771,                 0,       51.09280377
          0,           0,         366,       -9.57460967,      -10.13573638,      -10.01743321,      -9.022395699,             0.448,     0.00121898823,     0.06228153189,                 0,                 0,                 0,    -0.03658948147,  -0.0001399663143,     0.06229330266,                 0,       51.09280825
          0,           0,         367,      -9.587818583,      -10.14209276,      -10.02913138,      -9.035853082,             0.448,    0.001218988221,     0.06228153667,                 0,                 0,                 0,    -0.03658948148,  -0.0001399664269,     0.06229330744,                 0,       51.09281252
          0,           0,         368,      -9.600685387,      -10.14803256,      -10.04069425,      -9.048948699,             0.448,    0.001218988215,     0.06228154124,                 0,                 0,                 0,    -0.03658948162,  -0.0001399665335,     0.06229331201,                 0,       51.09281656
          0,           0,         369,      -9.613227945,      -10.15381223,      -10.05218365,      -9.061692664,             0.448,    0.001218988209,     0.06228154558,                 0,                 0,                 0,     -0.0365894819,  -0.0001399666336,     0.06229331634,                 0,       51.09282035
          0,           0,         370,      -9.625472696,      -10.15966853,      -10.06366064,      -9.074104838,             0.448,    0.001218988205,     0.06228154966,                 0,                 0,                 0,    -0.03658948231,  -0.0001399667266,     0.06229332042,                 0,       51.09282387
          0,           0,         371,      -9.637453441,      -10.16581263,      -10.07518372,      -9.086213876,             0.448,    0.001218988202,     0.06228155346,                 0,                 0,                 0,    -0.03658948282,  -0.0001399668123,     0.06229332422,                 0,        51.0928271
          0,           0,         372,      -9.649209916,      -10.17242724,      -10.08680724,      -9.098055983,             0.448,    0.001218988201,     0.06228155696,                 0,                 0,                 0,    -0.03658948345,  -0.0001399668902,     0.06229332772,                 0,       51.09283003
          0,           0,         373,      -9.660786245,      -10.17966641,       -10.0985801,      -9.109673447,             0.448,    0.001218988201,     0.06228156015,                 0,                 0,                 0,    -0.03658948416,  -0.0001399669601,     0.06229333092,                 0,       51.09283267
          0,           0,         374,      -9.672229365,      -10.18765686,      -10.11054471,      -9.121113086,             0.448,    0.001218988201,     0.06228156302,                 0,                 0,                 0,    -0.03658948496,   -0.000139967022,     0.06229333379,                 0,       51.09283499
          0,           0,         375,      -9.683587494,      -10.19650006,      -10.12273625,      -9.132424623,             0.448,    0.001218988203,     0.06228156557,                 0,                 0,                 0,    -0.03658948584,  -0.0001399670758,     0.06229333633,                 0,         51.092837
          0,           0,         376,       -9.69490868,      -10.20627473,      -10.13518219,      -9.143659072,             0.448,    0.001218988205,     0.06228156777,                 0,                 0,                 0,    -0.03658948677,  -0.0001399671214,     0.06229333853,                 0,       51.09283871
          0,           0,         377,      -9.706239489,      -10.21703892,      -10.14790209,      -9.154867193,             0.448,    0.001218988209,     0.06228156964,                 0,                 0,                 0,    -0.03658948776,  -0.0001399671591,      0.0622933404,                 0,       51.09284011
          0,           0,         378,      -9.717623846,      -10.22883157,      -10.16090754,      -9.166098052,             0.448,    0.001218988212,     0.06228157118,                 0,                 0,                 0,    -0.03658948879,  -0.0001399671889,     0.06229334194,                 0,       51.09284122
          0,           0,         379,      -9.729102042,       -10.2416737,      -10.17420218,      -9.177397765,             0.448,    0.001218988216,     0.06228157239,                 0,                 0,                 0,    -0.03658948985,  -0.0001399672112,     0.06229334315,                 0,       51.09284204
          0,           0,         380,      -9.740709943,      -10.25556888,       -10.1877818,       -9.18880845,             0.448,    0.001218988221,     0.06228157327,                 0,                 0,                 0,    -0.03658949093,  -0.0001399672261,     0.06229334403,                 0,       51.09284258
          0,           0,         381,      -9.752478371,      -10.27050302,      -10.20163435,      -9.200367399,             0.448,    0.001218988225,     0.06228157384,                 0,                 0,                 0,    -0.03658949202,   -0.000139967234,      0.0622933446,                 0,       51.09284286
          0,           0,         382,      -9.764432678,      -10.28644383,      -10.21574015,      -9.212106473,             0.448,     0.00121898823,     0.06228157411,                 0,                 0,                 0,    -0.03658949312,  -0.0001399672352,     0.06229334487,                 0,       51.09284288
          0,           0,         383,      -9.776592459,      -10.30333978,      -10.23007217,      -9.224051674,             0.448,    0.001218988235,     0.06228157409,                 0,                 0,                 0,    -0.03658949422,  -0.0001399672302,     0.06229334485,                 0,       51.09284267
          0,           0,         384,      -9.788971426,       -10.3211186,      -10.24459652,      -9.236222904,             0.448,    0.001218988239,      0.0622815738,                 0,                 0,                 0,     -0.0365894953,  -0.0001399672192,     0.06229334456,                 0,       51.09284224
          0,           0,         385,      -9.801577385,      -10.33968564,      -10.25927319,      -9.248633832,             0.448,    0.001218988243,     0.06228157324,                 0,                 0,                 0,    -0.03658949636,  -0.0001399672028,       0.062293344,                 0,       51.09284161
          0,           0,         386,      -9.814412306,      -10.35892208,      -10.27405708,      -9.261291877,             0.448,    0.001218988248,     0.06228157245,                 0,                 0,                 0,     -0.0365894974,  -0.0001399671814,     0.06229334321,                 0,       51.09284079
          0,           0,         387,      -9.827472492,      -10.37868342,      -10.28889936,       -9.27419829,             0.448,    0.001218988251,     0.06228157143,                 0,                 0,                 0,     -0.0365894984,  -0.0001399671554,      0.0622933422,                 0,       51.09283979
          0,           0,         388,      -9.840748791,      -10.39879875,      -10.30374897,      -9.287348288,             0.448,    0.001218988255,     0.06228157022,                 0,                 0,                 0,    -0.03658949937,  -0.0001399671253,     0.06229334098,                 0,       51.09283864
          0,           0,         389,      -9.854226868,      -10.41907104,      -10.31855443,      -9.300731234,             0.448,    0.001218988258,     0.06228156882,                 0,                 0,                 0,     -0.0365895003,  -0.0001399670916,     0.06229333958,                 0,       51.09283736
          0,           0,         390,      -9.867887563,      -10.43927989,      -10.33326576,      -9.314330915,             0.448,    0.001218988261,     0.06228156726,                 0,                 0,                 0,    -0.03658950117,  -0.0001399670546,     0.06229333802,                 0,       51.09283596
          0,           0,         391,      -9.881707311,      -10.45918646,      -10.34783635,      -9.328125865,             0.448,    0.001218988264,     0.06228156556,                 0,                 0,                 0,      -0.036589502,  -0.0001399670148,     0.06229333632,                 0,       51.09283445
          0,           0,         392,      -9.895658627,      -10.47854199,      -10.36222483,      -9.342089764,             0.448,    0.001218988266,     0.06228156374,                 0,                 0,                 0,    -0.03658950277,  -0.0001399669728,     0.06229333451,                 0,       51.09283286
          0,           0,         393,      -9.909710741,      -10.49709939,      -10.37639663,      -9.356191979,             0.448,    0.001218988268,     0.06228156182,                 0,                 0,                 0,    -0.03658950348,  -0.0001399669288,     0.06229333259,                 0,       51.09283119
          0,           0,         394,      -9.923830304,      -10.51462804,      -10.39032517,      -9.370398204,             0.448,     0.00121898827,     0.06228155983,                 0,                 0,                 0,    -0.03658950413,  -0.0001399668833,     0.06229333059,                 0,       51.09282948
          0,           0,         395,      -9.937982241,      -10.53093072,      -10.40399273,      -9.384671267,             0.448,    0.001218988272,     0.06228155777,                 0,                 0,                 0,    -0.03658950472,  -0.0001399668367,     0.06229332854,                 0,       51.09282772
          0,           0,         396,      -9.952130709,       -10.5458597,      -10.41739089,      -9.398972083,             0.448,    0.001218988274,     0.06228155567,                 0,                 0,                 0,    -0.03658950525,  -0.0001399667894,     0.06229332644,                 0,       51.09282593
          0,           0,         397,      -9.966240139,      -10.55933032,      -10.43052039,      -9.413260726,             0.448,    0.001218988275,     0.06228155355,                 0,                 0,                 0,    -0.03658950572,  -0.0001399667417,     0.06229332432,                 0,       51.09282413
          0,           0,         398,      -9.980276357,      -10.57132908,      -10.44339099,      -9.427497655,             0.448,    0.001218988276,     0.06228155142,                 0,                 0,                 0,    -0.03658950612,  -0.0001399666939,     0.06229332219,                 0,       51.09282233
          0,           0,         399,      -9.994207706,      -10.58191546,      -10.45602069,       -9.44164496,             0.448,    0.001218988277,      0.0622815493,                 0,                 0,                 0,    -0.03658950646,  -0.0001399666465,     0.06229332007,                 0,       51.09282054
          0,           0,         400,      -10.00800614,      -10.59121514,      -10.46843514,      -9.455667671,             0.448,    0.001218988279,     0.06228154721,                 0,                 0,                 0,    -0.03658950673,  -0.0001399665997,     0.06229331797,                 0,       51.09281878
          0,           0,         401,       -10.0216482,      -10.59940884,      -10.48066644,      -9.469534968,             0.448,     0.00121898828,     0.06228154515,                 0,                 0,                 0,    -0.03658950695,  -0.0001399665539,     0.06229331592,                 0,       51.09281705
          0,           0,         402,      -10.03511586,      -10.60671605,      -10.49275207,      -9.483221295,             0.448,     0.00121898828,     0.06228154315,                 0,                 0,                 0,     -0.0365895071,  -0.0001399665094,     0.06229331392,                 0,       51.09281537
          0,           0,         403,      -10.04839708,      -10.61337807,      -10.50473334,       -9.49670721,             0.448,    0.001218988281,     0.06228154122,                 0,                 0,                 0,     -0.0365895072,  -0.0001399664664,     0.06229331199,                 0,       51.09281375
          0,           0,         404,      -10.06148621,      -10.61964235,      -10.51665404,      -9.509980065,             0.448,    0.001218988282,     0.06228153936,                 0,                 0,                 0,    -0.03658950724,  -0.0001399664253,     0.06229331013,                 0,        51.0928122
          0,           0,         405,      -10.07438397,      -10.62574961,      -10.52855873,      -9.523034279,             0.448,    0.001218988282,     0.06228153759,                 0,                 0,                 0,    -0.03658950723,  -0.0001399663863,     0.06229330836,                 0,       51.09281073
          0,           0,         406,      -10.08709727,      -10.63192383,      -10.54049138,      -9.535871422,             0.448,    0.001218988283,     0.06228153592,                 0,                 0,                 0,    -0.03658950717,  -0.0001399663495,     0.06229330669,                 0,       51.09280935
          0,           0,         407,      -10.09963879,      -10.63836666,      -10.55249388,      -9.548499945,             0.448,    0.001218988283,     0.06228153436,                 0,                 0,                 0,    -0.03658950706,  -0.0001399663153,     0.06229330513,                 0,       51.09280806
          0,           0,         408,      -10.11202632,      -10.64525395,      -10.56460498,      -9.560934727,             0.448,    0.001218988283,     0.06228153291,                 0,                 0,                 0,    -0.03658950692,  -0.0001399662837,     0.06229330368,                 0,       51.09280687
          0,           0,         409,      -10.12428196,      -10.65273571,      -10.57685909,      -9.573196415,             0.448,    0.001218988282,     0.06228153157,                 0,                 0,                 0,    -0.03658950673,  -0.0001399662548,     0.06229330234,                 0,       51.09280579
          0,           0,         410,       -10.1364313,       -10.6609361,      -10.58928562,      -9.585310593,             0.448,    0.001218988282,     0.06228153036,                 0,                 0,                 0,    -0.03658950651,  -0.0001399662288,     0.06229330113,                 0,       51.09280481
          0,           0,         411,      -10.14850244,      -10.66995572,      -10.60190811,      -9.597306835,             0.448,    0.001218988281,     0.06228152927,                 0,                 0,                 0,    -0.03658950626,  -0.0001399662057,     0.06229330004,                 0,       51.09280395
          0,           0,         412,      -10.16052498,      -10.67987347,      -10.61474379,       -9.60921759,             0.448,     0.00121898828,      0.0622815283,                 0,                 0,                 0,    -0.03658950599,  -0.0001399661855,     0.06229329907,                 0,       51.09280319
          0,           0,         413,      -10.17252906,      -10.69074815,      -10.62780321,      -9.621077014,             0.448,    0.001218988279,     0.06228152746,                 0,                 0,                 0,    -0.03658950569,  -0.0001399661683,     0.06229329823,                 0,       51.09280255
          0,           0,         414,       -10.1845443,      -10.70262004,      -10.64109002,      -9.632919765,             0.448,    0.001218988278,     0.06228152675,                 0,                 0,                 0,    -0.03658950538,  -0.0001399661539,     0.06229329752,                 0,       51.09280201
          0,           0,         415,      -10.19659893,      -10.71551137,      -10.65460084,      -9.644779834,             0.448,    0.001218988277,     0.06228152616,                 0,                 0,                 0,    -0.03658950505,  -0.0001399661424,     0.06229329693,                 0,       51.09280159
          0,           0,         416,      -10.20871887,      -10.72942686,      -10.66832514,      -9.656689414,             0.448,    0.001218988275,     0.06228152569,                 0,                 0,                 0,     -0.0365895047,  -0.0001399661336,     0.06229329646,                 0,       51.09280126
          0,           0,         417,      -10.22092711,      -10.74435316,      -10.68224528,      -9.668678042,             0.448,    0.001218988274,     0.06228152533,                 0,                 0,                 0,    -0.03658950435,  -0.0001399661275,     0.06229329611,                 0,       51.09280104
          0,           0,         418,      -10.23324299,      -10.76025853,      -10.69633676,      -9.680771761,             0.448,    0.001218988272,      0.0622815251,                 0,                 0,                 0,      -0.036589504,   -0.000139966124,     0.06229329587,                 0,       51.09280092
          0,           0,         419,      -10.24568187,      -10.77709087,      -10.71056846,      -9.692992544,             0.448,     0.00121898827,     0.06228152497,                 0,                 0,                 0,    -0.03658950364,   -0.000139966123,     0.06229329574,                 0,       51.09280088
          0,           0,         420,      -10.25825475,      -10.79477728,       -10.7249034,      -9.705357852,             0.448,    0.001218988268,     0.06228152494,                 0,                 0,                 0,    -0.03658950328,  -0.0001399661242,     0.06229329571,                 0,       51.09280094
          0,           0,         421,      -10.27096814,       -10.8132217,      -10.73929966,      -9.717880327,             0.448,    0.001218988267,     0.06228152501,                 0,                 0,                 0,    -0.03658950293,  -0.0001399661277,     0.06229329579,                 0,       51.09280108
          0,           0,         422,      -10.28382398,      -10.83230344,      -10.75371162,      -9.730567607,             0.448,    0.001218988265,     0.06228152518,                 0,                 0,                 0,    -0.03658950258,  -0.0001399661332,     0.06229329595,                 0,       51.09280129
          0,           0,         423,      -10.29681971,       -10.8518761,      -10.76809155,      -9.743422305,             0.448,    0.001218988263,     0.06228152543,                 0,                 0,                 0,    -0.03658950224,  -0.0001399661405,      0.0622932962,                 0,       51.09280158
          0,           0,         424,      -10.30994842,      -10.87176699,      -10.78239127,      -9.756441995,             0.448,    0.001218988261,     0.06228152576,                 0,                 0,                 0,    -0.03658950191,  -0.0001399661496,     0.06229329653,                 0,       51.09280193
          0,           0,         425,      -10.32319905,      -10.89177775,       -10.7965641,      -9.769619359,             0.448,    0.001218988259,     0.06228152615,                 0,                 0,                 0,    -0.03658950159,  -0.0001399661603,     0.06229329693,                 0,       51.09280234
          0,           0,         426,      -10.33655672,      -10.91168801,      -10.81056683,      -9.782942385,             0.448,    0.001218988257,     0.06228152662,                 0,                 0,                 0,    -0.03658950129,  -0.0001399661723,     0.06229329739,                 0,        51.0928028
          0,           0,         427,      -10.35000312,      -10.93126021,      -10.82436153,      -9.796394669,             0.448,    0.001218988255,     0.06228152713,                 0,                 0,                 0,      -0.036589501,  -0.0001399661856,      0.0622932979,                 0,       51.09280331
          0,           0,         428,      -10.36351698,      -10.95024909,      -10.83791715,      -9.809955782,             0.448,    0.001218988253,      0.0622815277,                 0,                 0,                 0,    -0.03658950073,     -0.0001399662,     0.06229329847,                 0,       51.09280385
          0,           0,         429,      -10.37707467,       -10.9684136,      -10.85121094,      -9.823601798,             0.448,    0.001218988251,     0.06228152831,                 0,                 0,                 0,    -0.03658950048,  -0.0001399662152,     0.06229329908,                 0,       51.09280444
          0,           0,         430,      -10.39065085,      -10.98553197,      -10.86422908,      -9.837305891,             0.448,    0.001218988249,     0.06228152895,                 0,                 0,                 0,    -0.03658950024,  -0.0001399662313,     0.06229329972,                 0,       51.09280505
          0,           0,         431,      -10.40421927,      -11.00141838,      -10.87696739,      -9.851039086,             0.448,    0.001218988247,     0.06228152962,                 0,                 0,                 0,    -0.03658950002,   -0.000139966248,     0.06229330039,                 0,       51.09280569
          0,           0,         432,      -10.41775354,      -11.01593783,      -10.88943089,      -9.864771127,             0.448,    0.001218988245,     0.06228153031,                 0,                 0,                 0,    -0.03658949983,  -0.0001399662651,     0.06229330108,                 0,       51.09280634
          0,           0,         433,      -10.43122814,      -11.02901898,       -10.9016337,      -9.878471442,             0.448,    0.001218988242,     0.06228153101,                 0,                 0,                 0,    -0.03658949965,  -0.0001399662826,     0.06229330179,                 0,       51.09280701
          0,           0,         434,       -10.4446192,      -11.04066197,      -10.91359781,      -9.892110145,             0.448,     0.00121898824,     0.06228153173,                 0,                 0,                 0,    -0.03658949949,  -0.0001399663004,      0.0622933025,                 0,       51.09280768
          0,           0,         435,       -10.4579055,      -11.05093623,      -10.92535243,      -9.905659188,             0.448,    0.001218988238,     0.06228153245,                 0,                 0,                 0,    -0.03658949935,  -0.0001399663182,     0.06229330322,                 0,       51.09280836
          0,           0,         436,      -10.47106921,      -11.05997584,       -10.9369327,      -9.919093302,             0.448,    0.001218988236,     0.06228153316,                 0,                 0,                 0,    -0.03658949924,   -0.000139966336,     0.06229330393,                 0,       51.09280904
          0,           0,         437,      -10.48409664,      -11.06796499,      -10.94837845,      -9.932391026,             0.448,    0.001218988234,     0.06228153386,                 0,                 0,                 0,    -0.03658949914,  -0.0001399663536,     0.06229330463,                 0,       51.09280972
          0,           0,         438,      -10.49697873,      -11.07512385,      -10.95973288,      -9.945535455,             0.448,    0.001218988231,     0.06228153456,                 0,                 0,                 0,    -0.03658949906,   -0.000139966371,     0.06229330533,                 0,       51.09281038
          0,           0,         439,      -10.50971145,      -11.08169092,      -10.97104136,      -9.958514927,             0.448,    0.001218988229,     0.06228153523,                 0,                 0,                 0,      -0.036589499,  -0.0001399663881,       0.062293306,                 0,       51.09281103
          0,           0,         440,      -10.52229587,      -11.08790855,      -10.98234987,      -9.971323373,             0.448,    0.001218988227,     0.06228153589,                 0,                 0,                 0,    -0.03658949896,  -0.0001399664046,     0.06229330666,                 0,       51.09281166
          0,           0,         441,      -10.53473811,      -11.09401097,      -10.99370373,      -9.983960502,             0.448,    0.001218988224,     0.06228153652,                 0,                 0,                 0,    -0.03658949894,  -0.0001399664206,     0.06229330728,                 0,       51.09281227
          0,           0,         442,      -10.54704895,      -11.10021546,      -11.00514639,      -9.996431666,             0.448,    0.001218988222,     0.06228153711,                 0,                 0,                 0,    -0.03658949893,  -0.0001399664359,     0.06229330788,                 0,       51.09281286
          0,           0,         443,      -10.55924344,      -11.10671659,      -11.01671784,      -10.00874754,             0.448,     0.00121898822,     0.06228153768,                 0,                 0,                 0,    -0.03658949894,  -0.0001399664505,     0.06229330845,                 0,       51.09281342
          0,           0,         444,      -10.57134018,      -11.11368459,      -11.02845384,      -10.02092366,             0.448,    0.001218988218,     0.06228153821,                 0,                 0,                 0,    -0.03658949896,  -0.0001399664643,     0.06229330898,                 0,       51.09281394
          0,           0,         445,      -10.58336071,      -11.12126279,      -11.04038494,      -10.03297985,             0.448,    0.001218988216,     0.06228153871,                 0,                 0,                 0,    -0.03658949899,  -0.0001399664772,     0.06229330948,                 0,       51.09281444
          0,           0,         446,      -10.59532864,      -11.12957159,      -11.05253566,      -10.04493931,             0.448,    0.001218988214,     0.06228153917,                 0,                 0,                 0,    -0.03658949904,  -0.0001399664892,     0.06229330994,                 0,        51.0928149
          0,           0,         447,      -10.60726893,      -11.13870686,      -11.06492434,        -10.056828,             0.448,    0.001218988212,     0.06228153958,                 0,                 0,                 0,     -0.0365894991,  -0.0001399665003,     0.06229331035,                 0,       51.09281532
          0,           0,         448,      -10.61920704,      -11.14874434,      -11.07756243,       -10.0686736,             0.448,     0.00121898821,     0.06228153996,                 0,                 0,                 0,    -0.03658949916,  -0.0001399665104,     0.06229331073,                 0,       51.09281571
          0,           0,         449,      -10.63116826,      -11.15973919,      -11.09045447,      -10.08050477,             0.448,    0.001218988208,      0.0622815403,                 0,                 0,                 0,    -0.03658949924,  -0.0001399665195,     0.06229331107,                 0,       51.09281606
          0,           0,         450,      -10.64317684,       -11.1717295,      -11.10359824,      -10.09235011,             0.448,    0.001218988206,     0.06228154059,                 0,                 0,                 0,    -0.03658949932,  -0.0001399665277,     0.06229331136,                 0,       51.09281638
          0,           0,         451,      -10.65525539,      -11.18473571,      -11.11698428,      -10.10423735,             0.448,    0.001218988205,     0.06228154085,                 0,                 0,                 0,     -0.0365894994,  -0.0001399665349,     0.06229331161,                 0,       51.09281666
          0,           0,         452,      -10.66742431,      -11.19876131,      -11.13059646,      -10.11619262,             0.448,    0.001218988203,     0.06228154106,                 0,                 0,                 0,    -0.03658949949,  -0.0001399665411,     0.06229331183,                 0,        51.0928169
          0,           0,         453,      -10.67970125,      -11.21379192,      -11.14441184,      -10.12823967,             0.448,    0.001218988202,     0.06228154124,                 0,                 0,                 0,    -0.03658949959,  -0.0001399665464,       0.062293312,                 0,        51.0928171
          0,           0,         454,      -10.69210061,      -11.22979646,      -11.15840105,      -10.14039923,             0.448,      0.0012189882,     0.06228154137,                 0,                 0,                 0,    -0.03658949969,  -0.0001399665508,     0.06229331214,                 0,       51.09281727
          0,           0,         455,      -10.70463336,      -11.24672334,      -11.17252871,      -10.15268867,             0.448,    0.001218988199,     0.06228154147,                 0,                 0,                 0,    -0.03658949979,  -0.0001399665543,     0.06229331224,                 0,       51.09281741
          0,           0,         456,      -10.71730671,      -11.26450177,       -11.1867543,      -10.16512151,             0.448,    0.001218988198,     0.06228154153,                 0,                 0,                 0,    -0.03658949989,  -0.0001399665569,      0.0622933123,                 0,       51.09281752
          0,           0,         457,      -10.73012409,      -11.28303712,      -11.20103312,      -10.17770729,             0.448,    0.001218988196,     0.06228154156,                 0,                 0,                 0,    -0.03658949999,  -0.0001399665587,     0.06229331233,                 0,       51.09281759
          0,           0,         458,      -10.74308507,      -11.30221188,      -11.21531749,      -10.19045134,             0.448,    0.001218988195,     0.06228154156,                 0,                 0,                 0,    -0.03658950008,  -0.0001399665598,     0.06229331233,                 0,       51.09281763
          0,           0,         459,      -10.75618545,      -11.32188235,      -11.22955855,      -10.20335477,             0.448,    0.001218988194,     0.06228154153,                 0,                 0,                 0,    -0.03658950018,  -0.0001399665602,      0.0622933123,                 0,       51.09281765
          0,           0,         460,      -10.76941746,      -11.34187935,      -11.24370796,      -10.21641459,             0.448,    0.001218988193,     0.06228154147,                 0,                 0,                 0,    -0.03658950028,  -0.0001399665598,     0.06229331224,                 0,       51.09281764
          0,           0,         461,      -10.78276996,      -11.36200799,      -11.25771963,      -10.22962373,             0.448,    0.001218988192,     0.06228154138,                 0,                 0,                 0,    -0.03658950037,  -0.0001399665588,     0.06229331215,                 0,       51.09281761
          0,           0,         462,      -10.79622869,      -11.38205177,      -11.27155175,      -10.24297136,             0.448,    0.001218988192,     0.06228154128,                 0,                 0,                 0,    -0.03658950046,  -0.0001399665573,     0.06229331204,                 0,       51.09281756
          0,           0,         463,      -10.80977675,      -11.40177695,      -11.28516872,      -10.25644308,             0.448,    0.001218988191,     0.06228154115,                 0,                 0,                 0,    -0.03658950055,  -0.0001399665552,     0.06229331191,                 0,       51.09281748
          0,           0,         464,      -10.82339503,      -11.42094102,      -11.29854216,      -10.27002141,             0.448,     0.00121898819,       0.062281541,                 0,                 0,                 0,    -0.03658950063,  -0.0001399665527,     0.06229331176,                 0,       51.09281739
          0,           0,         465,      -10.83706274,      -11.43930601,       -11.3116529,      -10.28368622,             0.448,     0.00121898819,     0.06228154083,                 0,                 0,                 0,    -0.03658950071,  -0.0001399665497,      0.0622933116,                 0,       51.09281728
          0,           0,         466,      -10.85075797,      -11.45665027,       -11.3244909,      -10.29741525,             0.448,    0.001218988189,     0.06228154065,                 0,                 0,                 0,    -0.03658950078,  -0.0001399665463,     0.06229331142,                 0,       51.09281715
          0,           0,         467,       -10.8644584,      -11.47278937,      -11.33705615,      -10.31118478,             0.448,    0.001218988189,     0.06228154046,                 0,                 0,                 0,    -0.03658950085,  -0.0001399665426,     0.06229331123,                 0,       51.09281702
          0,           0,         468,      -10.87814206,      -11.48758686,      -11.34935766,      -10.32497039,             0.448,    0.001218988188,     0.06228154026,                 0,                 0,                 0,    -0.03658950091,  -0.0001399665386,     0.06229331103,                 0,       51.09281687
          0,           0,         469,      -10.89178804,      -11.50096842,      -11.36141394,       -10.3387478,             0.448,    0.001218988188,     0.06228154005,                 0,                 0,                 0,    -0.03658950096,  -0.0001399665344,     0.06229331082,                 0,       51.09281671
          0,           0,         470,      -10.90537722,      -11.51292976,      -11.37325137,      -10.35249358,             0.448,    0.001218988188,     0.06228153984,                 0,                 0,                 0,    -0.03658950102,  -0.0001399665299,     0.06229331061,                 0,       51.09281654
          0,           0,         471,      -10.91889301,      -11.52353428,      -11.38490311,      -10.36618613,             0.448,    0.001218988187,     0.06228153962,                 0,                 0,                 0,    -0.03658950106,  -0.0001399665253,     0.06229331039,                 0,       51.09281637
          0,           0,         472,      -10.93232197,      -11.53291222,      -11.39640807,      -10.37980637,             0.448,    0.001218988187,      0.0622815394,                 0,                 0,                 0,     -0.0365895011,  -0.0001399665206,     0.06229331017,                 0,       51.09281619
          0,           0,         473,      -10.94565431,      -11.54124168,      -11.40780932,      -10.39333853,             0.448,    0.001218988187,     0.06228153918,                 0,                 0,                 0,    -0.03658950113,  -0.0001399665158,     0.06229330995,                 0,       51.09281601
          0,           0,         474,      -10.95888428,      -11.54873889,      -11.41915276,      -10.40677062,             0.448,    0.001218988187,     0.06228153896,                 0,                 0,                 0,    -0.03658950116,  -0.0001399665109,     0.06229330972,                 0,       51.09281583
          0,           0,         475,      -10.97201041,      -11.55563712,      -11.43048635,      -10.42009498,             0.448,    0.001218988188,     0.06228153874,                 0,                 0,                 0,    -0.03658950119,   -0.000139966506,     0.06229330951,                 0,       51.09281564
          0,           0,         476,      -10.98503545,      -11.56217721,      -11.44185773,      -10.43330843,             0.448,    0.001218988188,     0.06228153853,                 0,                 0,                 0,     -0.0365895012,  -0.0001399665011,     0.06229330929,                 0,       51.09281546
          0,           0,         477,       -10.9979663,      -11.56859042,       -11.4533137,      -10.44641229,             0.448,    0.001218988188,     0.06228153832,                 0,                 0,                 0,    -0.03658950122,  -0.0001399664963,     0.06229330908,                 0,       51.09281528
          0,           0,         478,       -11.0108136,      -11.57509353,      -11.46489892,      -10.45941227,             0.448,    0.001218988188,     0.06228153811,                 0,                 0,                 0,    -0.03658950123,  -0.0001399664916,     0.06229330888,                 0,        51.0928151
          0,           0,         479,      -11.02359129,      -11.58188088,      -11.47665434,      -10.47231801,             0.448,    0.001218988189,     0.06228153792,                 0,                 0,                 0,    -0.03658950123,   -0.000139966487,     0.06229330869,                 0,       51.09281492
          0,           0,         480,       -11.0363162,      -11.58912088,      -11.48861757,      -10.48514308,             0.448,    0.001218988189,     0.06228153773,                 0,                 0,                 0,    -0.03658950123,  -0.0001399664825,      0.0622933085,                 0,       51.09281476
          0,           0,         481,      -11.04900706,      -11.59695985,         -11.50082,      -10.49790372,             0.448,    0.001218988189,     0.06228153756,                 0,                 0,                 0,    -0.03658950123,  -0.0001399664782,     0.06229330832,                 0,       51.09281459
          0,           0,         482,      -11.06168421,      -11.60551649,      -11.51328759,      -10.51061889,             0.448,     0.00121898819,     0.06228153739,                 0,                 0,                 0,    -0.03658950122,  -0.0001399664741,     0.06229330816,                 0,       51.09281443
          0,           0,         483,      -11.07436867,      -11.61488857,      -11.52603996,      -10.52330924,             0.448,     0.00121898819,     0.06228153723,                 0,                 0,                 0,    -0.03658950121,  -0.0001399664702,       0.062293308,                 0,       51.09281428
          0,           0,         484,       -11.0870814,      -11.62515474,      -11.53908968,      -10.53599636,             0.448,    0.001218988191,     0.06228153709,                 0,                 0,                 0,     -0.0365895012,  -0.0001399664665,     0.06229330785,                 0,       51.09281414
          0,           0,         485,      -11.09984285,       -11.6363688,      -11.55244235,      -10.54870239,             0.448,    0.001218988192,     0.06228153695,                 0,                 0,                 0,    -0.03658950119,   -0.000139966463,     0.06229330772,                 0,       51.09281401
          0,           0,         486,      -11.11267205,      -11.64857086,      -11.56609654,      -10.56144879,             0.448,    0.001218988192,     0.06228153683,                 0,                 0,                 0,    -0.03658950117,  -0.0001399664597,      0.0622933076,                 0,       51.09281388
          0,           0,         487,       -11.1255862,      -11.66178249,      -11.58004254,      -10.57425605,             0.448,    0.001218988193,     0.06228153672,                 0,                 0,                 0,    -0.03658950116,  -0.0001399664567,     0.06229330748,                 0,       51.09281377
          0,           0,         488,       -11.1386001,      -11.67600852,      -11.59426402,      -10.58714287,             0.448,    0.001218988193,     0.06228153662,                 0,                 0,                 0,    -0.03658950114,   -0.000139966454,     0.06229330738,                 0,       51.09281366
          0,           0,         489,      -11.15172552,      -11.69123578,       -11.6087373,      -10.60012539,             0.448,    0.001218988194,     0.06228153653,                 0,                 0,                 0,    -0.03658950112,  -0.0001399664514,     0.06229330729,                 0,       51.09281356
          0,           0,         490,      -11.16497109,      -11.70743207,      -11.62343121,        -10.613217,             0.448,    0.001218988194,     0.06228153645,                 0,                 0,                 0,     -0.0365895011,  -0.0001399664491,     0.06229330722,                 0,       51.09281348
          0,           0,         491,       -11.1783418,      -11.72454833,      -11.63830799,       -10.6264277,             0.448,    0.001218988195,     0.06228153638,                 0,                 0,                 0,    -0.03658950108,  -0.0001399664471,     0.06229330715,                 0,        51.0928134
          0,           0,         492,      -11.19183889,      -11.74251269,      -11.65332315,      -10.63976379,             0.448,    0.001218988196,     0.06228153633,                 0,                 0,                 0,    -0.03658950106,  -0.0001399664453,     0.06229330709,                 0,       51.09281333
          0,           0,         493,      -11.20545974,      -11.76123007,      -11.66842697,      -10.65322764,             0.448,    0.001218988196,     0.06228153628,                 0,                 0,                 0,    -0.03658950104,  -0.0001399664437,     0.06229330705,                 0,       51.09281326
          0,           0,         494,      -11.21919783,      -11.78057871,      -11.68356555,      -10.66681762,             0.448,    0.001218988197,     0.06228153624,                 0,                 0,                 0,    -0.03658950102,  -0.0001399664423,     0.06229330701,                 0,       51.09281321
          0,           0,         495,      -11.23304298,      -11.80041413,      -11.69868172,      -10.68052814,             0.448,    0.001218988197,     0.06228153621,                 0,                 0,                 0,      -0.036589501,  -0.0001399664411,     0.06229330698,                 0,       51.09281316
          0,           0,         496,      -11.24698118,      -11.82056374,      -11.71371762,      -10.69434934,             0.448,    0.001218988198,     0.06228153619,                 0,                 0,                 0,    -0.03658950098,  -0.0001399664402,     0.06229330696,                 0,       51.09281312
          0,           0,         497,      -11.26099542,       -11.8408242,      -11.72861646,      -10.70826787,             0.448,    0.001218988198,     0.06228153618,                 0,                 0,                 0,    -0.03658950096,  -0.0001399664394,     0.06229330695,                 0,       51.09281309
          0,           0,         498,      -11.27506549,      -11.86097409,      -11.74332489,      -10.72226653,             0.448,    0.001218988199,     0.06228153618,                 0,                 0,                 0,    -0.03658950094,  -0.0001399664388,     0.06229330694,                 0,       51.09281307
          0,           0,         499,      -11.28916893,      -11.88077255,      -11.75779516,       -10.7363251,             0.448,    0.001218988199,     0.06228153618,                 0,                 0,                 0,    -0.03658950092,  -0.0001399664383,     0.06229330695,                 0,       51.09281305
          0,           0,         500,       -11.3032815,        -11.899972,      -11.77198707,      -10.75042073,             0.448,      0.0012189882,     0.06228153618,                 0,                 0,                 0,    -0.03658950091,   -0.000139966438,     0.06229330695,                 0,       51.09281303
          0,           0,         501,      -11.31737762,      -11.91832807,       -11.7858695,      -10.76452831,             0.448,      0.0012189882,      0.0622815362,                 0,                 0,                 0,     -0.0365895009,  -0.0001399664378,     0.06229330696,                 0,       51.09281302
          0,           0,         502,      -11.33143162,       -11.9356156,      -11.79942183,      -10.77862167,             0.448,    0.001218988201,     0.06228153621,                 0,                 0,                 0,    -0.03658950088,  -0.0001399664377,     0.06229330698,                 0,       51.09281302
          0,           0,         503,      -11.34541813,      -11.95164896,      -11.81263513,      -10.79267392,             0.448,    0.001218988201,     0.06228153623,                 0,                 0,                 0,    -0.03658950087,  -0.0001399664378,       0.062293307,                 0,       51.09281302
          0,           0,         504,      -11.35931332,      -11.96629575,      -11.82551105,      -10.80665878,             0.448,    0.001218988201,     0.06228153626,                 0,                 0,                 0,    -0.03658950086,  -0.0001399664379,     0.06229330702,                 0,       51.09281302
          0,           0,         505,      -11.37309568,      -11.97948867,      -11.83806283,      -10.82055133,             0.448,    0.001218988202,     0.06228153628,                 0,                 0,                 0,    -0.03658950085,  -0.0001399664381,     0.06229330705,                 0,       51.09281303
          0,           0,         506,      -11.38674693,       -11.9912334,      -11.85031329,      -10.83432919,             0.448,    0.001218988202,     0.06228153631,                 0,                 0,                 0,    -0.03658950085,  -0.0001399664384,     0.06229330708,                 0,       51.09281304
          0,           0,         507,       -11.4002528,      -12.00160601,      -11.86229488,      -10.84797325,             0.448,    0.001218988202,     0.06228153634,                 0,                 0,                 0,    -0.03658950084,  -0.0001399664387,     0.06229330711,                 0,       51.09281305
          0,           0,         508,      -11.41360375,      -12.01074809,      -11.87404713,      -10.86146872,             0.448,    0.001218988203,     0.06228153637,                 0,                 0,                 0,    -0.03658950084,  -0.0001399664391,     0.06229330714,                 0,       51.09281306
          0,           0,         509,      -11.42679545,      -12.01885341,      -11.88561675,      -10.87480595,             0.448,    0.001218988203,      0.0622815364,                 0,                 0,                 0,    -0.03658950084,  -0.0001399664396,     0.06229330717,                 0,       51.09281308
          0,           0,         510,      -11.43982897,      -12.02614707,      -11.89705421,      -10.88798042,             0.448,    0.001218988203,     0.06228153643,                 0,                 0,                 0,    -0.03658950084,    -0.00013996644,      0.0622933072,                 0,        51.0928131
          0,           0,         511,      -11.45271115,      -12.03287474,      -11.90841351,      -10.90099369,             0.448,    0.001218988203,     0.06228153646,                 0,                 0,                 0,    -0.03658950084,  -0.0001399664405,     0.06229330723,                 0,       51.09281311
          0,           0,         512,      -11.46545396,      -12.03928147,      -11.91974919,      -10.91385292,             0.448,    0.001218988204,      0.0622815365,                 0,                 0,                 0,    -0.03658950084,   -0.000139966441,     0.06229330726,                 0,       51.09281313
          0,           0,         513,      -11.47807426,      -12.04560796,      -11.93111607,      -10.92657069,             0.448,    0.001218988204,     0.06228153652,                 0,                 0,                 0,    -0.03658950084,  -0.0001399664415,     0.06229330729,                 0,       51.09281315
          0,           0,         514,      -11.49059332,      -12.05206903,      -11.94256604,      -10.93916463,             0.448,    0.001218988204,     0.06228153655,                 0,                 0,                 0,    -0.03658950085,  -0.0001399664419,     0.06229330732,                 0,       51.09281316
          0,           0,         515,      -11.50303584,      -12.05886152,      -11.95414898,      -10.95165667,             0.448,    0.001218988204,     0.06228153658,                 0,                 0,                 0,    -0.03658950085,  -0.0001399664424,     0.06229330735,                 0,       51.09281318
          0,           0,         516,      -11.51542921,      -12.06615514,      -11.96590924,      -10.96407232,             0.448,    0.001218988204,     0.06228153661,                 0,                 0,                 0,    -0.03658950086,  -0.0001399664429,     0.06229330737,                 0,        51.0928132
          0,           0,         517,      -11.52780249,      -12.07409263,      -11.97788583,      -10.97643966,             0.448,    0.001218988204,     0.06228153663,                 0,                 0,                 0,    -0.03658950087,  -0.0001399664433,      0.0622933074,                 0,       51.09281321
          0,           0,         518,      -11.54018581,      -12.08279179,      -11.99011278,      -10.98878862,             0.448,    0.001218988204,     0.06228153665,                 0,                 0,                 0,    -0.03658950087,  -0.0001399664437,     0.06229330742,                 0,       51.09281323
          0,           0,         519,      -11.55260915,      -12.09234938,      -12.00261617,      -11.00114996,             0.448,    0.001218988204,     0.06228153667,                 0,                 0,                 0,    -0.03658950088,   -0.000139966444,     0.06229330744,                 0,       51.09281324
          0,           0,         520,      -11.56510149,      -12.10283742,      -12.01541587,      -11.01355453,             0.448,    0.001218988204,     0.06228153668,                 0,                 0,                 0,    -0.03658950089,  -0.0001399664444,     0.06229330745,                 0,       51.09281325
          0,           0,         521,      -11.57769081,      -12.11431082,      -12.02852446,      -11.02603252,             0.448,    0.001218988204,      0.0622815367,                 0,                 0,                 0,     -0.0365895009,  -0.0001399664447,     0.06229330747,                 0,       51.09281327
          0,           0,         522,      -11.59040253,      -12.12680655,      -12.04194691,      -11.03861242,             0.448,    0.001218988204,     0.06228153671,                 0,                 0,                 0,    -0.03658950091,  -0.0001399664449,     0.06229330748,                 0,       51.09281328
          0,           0,         523,      -11.60325901,      -12.14034451,      -12.05568138,      -11.05132042,             0.448,    0.001218988204,     0.06228153672,                 0,                 0,                 0,    -0.03658950092,  -0.0001399664452,     0.06229330748,                 0,       51.09281328
          0,           0,         524,      -11.61627942,      -12.15492574,       -12.0697179,      -11.06417952,             0.448,    0.001218988204,     0.06228153672,                 0,                 0,                 0,    -0.03658950093,  -0.0001399664453,     0.06229330749,                 0,       51.09281329
          0,           0,         525,      -11.62947921,      -12.17053532,      -12.08403984,      -11.07720955,             0.448,    0.001218988204,     0.06228153673,                 0,                 0,                 0,    -0.03658950094,  -0.0001399664455,     0.06229330749,                 0,        51.0928133
          0,           0,         526,      -11.64286912,       -12.1871415,      -12.09862319,      -11.09042593,             0.448,    0.001218988204,     0.06228153673,                 0,                 0,                 0,    -0.03658950094,  -0.0001399664456,      0.0622933075,                 0,        51.0928133
          0,           0,         527,      -11.65645574,      -12.20469164,      -12.11343655,      -11.10383973,             0.448,    0.001218988204,     0.06228153673,                 0,                 0,                 0,    -0.03658950095,  -0.0001399664457,     0.06229330749,                 0,        51.0928133
          0,           0,         528,      -11.67024052,       -12.2231106,      -12.12844237,      -11.11745706,             0.448,    0.001218988204,     0.06228153672,                 0,                 0,                 0,    -0.03658950096,  -0.0001399664457,     0.06229330749,                 0,       51.09281331
          0,           0,         529,       -11.6842202,      -12.24230031,      -12.14359702,      -11.13127944,             0.448,    0.001218988204,     0.06228153672,                 0,                 0,                 0,    -0.03658950097,  -0.0001399664457,     0.06229330749,                 0,       51.09281331
          0,           0,         530,      -11.69838638,      -12.26213278,      -12.15885207,      -11.14530264,             0.448,    0.001218988204,     0.06228153671,                 0,                 0,                 0,    -0.03658950098,  -0.0001399664457,     0.06229330748,                 0,       51.09281331
          0,           0,         531,      -11.71272592,      -12.28245145,      -12.17415344,      -11.15951781,             0.448,    0.001218988203,      0.0622815367,                 0,                 0,                 0,    -0.03658950098,  -0.0001399664456,     0.06229330747,                 0,       51.09281331
          0,           0,         532,      -11.72722066,      -12.30307627,      -12.18944809,      -11.17391055,             0.448,    0.001218988203,     0.06228153669,                 0,                 0,                 0,    -0.03658950099,  -0.0001399664456,     0.06229330746,                 0,        51.0928133
          0,           0,         533,      -11.74184782,       -12.3237872,       -12.2046794,      -11.18846153,             0.448,    0.001218988203,     0.06228153668,                 0,                 0,                 0,      -0.036589501,  -0.0001399664455,     0.06229330745,                 0,        51.0928133
          0,           0,         534,      -11.75658041,      -12.34435113,      -12.21979311,       -11.2031465,             0.448,    0.001218988203,     0.06228153667,                 0,                 0,                 0,      -0.036589501,  -0.0001399664453,     0.06229330744,                 0,        51.0928133
          0,           0,         535,      -11.77138754,        -12.364499,      -12.23473942,      -11.21793677,             0.448,    0.001218988203,     0.06228153666,                 0,                 0,                 0,    -0.03658950101,  -0.0001399664452,     0.06229330742,                 0,       51.09281329
          0,           0,         536,      -11.78623509,      -12.38396963,      -12.24947258,      -11.23279954,             0.448,    0.001218988203,     0.06228153664,                 0,                 0,                 0,    -0.03658950101,   -0.000139966445,     0.06229330741,                 0,       51.09281328
          0,           0,         537,      -11.80108624,      -12.40248838,      -12.26395599,      -11.24769863,             0.448,    0.001218988203,     0.06228153663,                 0,                 0,                 0,    -0.03658950102,  -0.0001399664448,      0.0622933074,                 0,       51.09281328
          0,           0,         538,      -11.81590256,      -12.41981499,      -12.27815798,        -11.262595,             0.448,    0.001218988203,     0.06228153661,                 0,                 0,                 0,    -0.03658950102,  -0.0001399664446,     0.06229330738,                 0,       51.09281327
          0,           0,         539,      -11.83064492,      -12.43574335,      -12.29206124,      -11.27744828,             0.448,    0.001218988202,      0.0622815366,                 0,                 0,                 0,    -0.03658950102,  -0.0001399664444,     0.06229330737,                 0,       51.09281327
          0,           0,         540,      -11.84527468,       -12.4501353,      -12.30565607,      -11.29221694,             0.448,    0.001218988202,     0.06228153658,                 0,                 0,                 0,    -0.03658950102,  -0.0001399664442,     0.06229330735,                 0,       51.09281326
          0,           0,         541,        -11.859755,      -12.46292577,      -12.31894351,      -11.30686083,             0.448,    0.001218988202,     0.06228153657,                 0,                 0,                 0,    -0.03658950102,   -0.000139966444,     0.06229330734,                 0,       51.09281325
          0,           0,         542,      -11.87405175,      -12.47413109,      -12.33193262,       -11.3213412,             0.448,    0.001218988202,     0.06228153655,                 0,                 0,                 0,    -0.03658950102,  -0.0001399664438,     0.06229330732,                 0,       51.09281324
          0,           0,         543,      -11.88813549,      -12.48384709,      -12.34464437,      -11.33562323,             0.448,    0.001218988202,     0.06228153654,                 0,                 0,                 0,    -0.03658950102,  -0.0001399664436,     0.06229330731,                 0,       51.09281324
          0,           0,         544,      -11.90198163,      -12.49223965,       -12.3571076,      -11.34967617,             0.448,    0.001218988202,     0.06228153652,                 0,                 0,                 0,    -0.03658950102,  -0.0001399664434,     0.06229330729,                 0,       51.09281323
          0,           0,         545,      -11.91557194,      -12.49952519,      -12.36935742,      -11.36347577,             0.448,    0.001218988202,     0.06228153651,                 0,                 0,                 0,    -0.03658950102,  -0.0001399664432,     0.06229330728,                 0,       51.09281322
          0,           0,         546,      -11.92889597,      -12.50596111,      -12.38143477,      -11.37700471,             0.448,    0.001218988202,      0.0622815365,                 0,                 0,                 0,    -0.03658950102,   -0.000139966443,     0.06229330727,                 0,       51.09281321
          0,           0,         547,      -11.94195014,       -12.5118217,      -12.39338369,      -11.39025304,             0.448,    0.001218988202,     0.06228153649,                 0,                 0,                 0,    -0.03658950101,  -0.0001399664428,     0.06229330726,                 0,       51.09281321
          0,           0,         548,      -11.95473851,      -12.51737328,      -12.40525306,      -11.40321897,             0.448,    0.001218988202,     0.06228153648,                 0,                 0,                 0,    -0.03658950101,  -0.0001399664427,     0.06229330725,                 0,        51.0928132
          0,           0,         549,      -11.96727279,       -12.5228714,      -12.41709144,      -11.41590903,             0.448,    0.001218988202,     0.06228153647,                 0,                 0,                 0,    -0.03658950101,  -0.0001399664425,     0.06229330724,                 0,        51.0928132
          0,           0,         550,      -11.97957134,       -12.5285455,      -12.42894542,       -11.4283368,             0.448,    0.001218988201,     0.06228153646,                 0,                 0,                 0,      -0.036589501,  -0.0001399664424,     0.06229330723,                 0,       51.09281319
          0,           0,         551,      -11.99165863,      -12.53460091,      -12.44086003,      -11.44052351,             0.448,    0.001218988201,     0.06228153645,                 0,                 0,                 0,      -0.036589501,  -0.0001399664423,     0.06229330722,                 0,       51.09281319
          0,           0,         552,      -12.00356388,      -12.54121283,      -12.45287651,      -11.45249603,             0.448,    0.001218988201,     0.06228153645,                 0,                 0,                 0,    -0.03658950099,  -0.0001399664422,     0.06229330722,                 0,       51.09281319
          0,           0,         553,      -12.01532048,      -12.54852893,       -12.4650329,      -11.46428688,             0.448,    0.001218988201,     0.06228153644,                 0,                 0,                 0,    -0.03658950099,  -0.0001399664421,     0.06229330721,                 0,       51.09281318
          0,           0,         554,      -12.02696388,      -12.55667028,      -12.47735922,      -11.47593143,             0.448,    0.001218988201,     0.06228153644,                 0,                 0,                 0,    -0.03658950098,  -0.0001399664421,     0.06229330721,                 0,       51.09281318
          0,           0,         555,      -12.03853222,      -12.56572694,      -12.48987997,       -11.4874691,             0.448,    0.001218988201,     0.06228153644,                 0,                 0,                 0,    -0.03658950097,  -0.0001399664421,     0.06229330721,                 0,       51.09281318
          0,           0,         556,      -12.05006228,      -12.57577828,      -12.50261369,      -11.49893887,             0.448,    0.001218988201,     0.06228153644,                 0,                 0,                 0,    -0.03658950097,  -0.0001399664421,     0.06229330721,                 0,       51.09281318
          0,           0,         557,      -12.06159137,       -12.5868706,      -12.51557193,      -11.51038136,             0.448,    0.001218988201,     0.06228153644,                 0,                 0,                 0,    -0.03658950096,  -0.0001399664421,     0.06229330721,                 0,       51.09281318
          0,           0,         558,      -12.07315431,      -12.59904298,      -12.52875693,      -11.52183486,             0.448,    0.001218988201,     0.06228153644,                 0,                 0,                 0,    -0.03658950096,  -0.0001399664421,     0.06229330721,                 0,       51.09281318
          0,           0,         559,      -12.08478357,      -12.61231707,      -12.54216658,      -11.53333571,             0.448,    0.001218988201,     0.06228153645,                 0,                 0,                 0,    -0.03658950095,  -0.0001399664422,     0.06229330721,                 0,       51.09281319
          0,           0,         560,      -12.09650803,      -12.62668436,      -12.55579051,      -11.54491772,             0.448,    0.001218988201,     0.06228153645,                 0,                 0,                 0,    -0.03658950095,  -0.0001399664423,     0.06229330722,                 0,       51.09281319
          0,           0,         561,      -12.10835252,      -12.64212913,       -12.5696104,       -11.5566104,             0.448,    0.001218988201,     0.06228153646,                 0,                 0,                 0,    -0.03658950094,  -0.0001399664424,     0.06229330722,                 0,       51.09281319
          0,           0,         562,      -12.12033789,      -12.65861172,      -12.58360363,      -11.56843896,             0.448,    0.001218988201,     0.06228153646,                 0,                 0,                 0,    -0.03658950093,  -0.0001399664425,     0.06229330723,                 0,        51.0928132
          0,           0,         563,      -12.13248096,         -12.67609,      -12.59774144,      -11.58042505,             0.448,    0.001218988201,     0.06228153647,                 0,                 0,                 0,    -0.03658950093,  -0.0001399664426,     0.06229330724,                 0,        51.0928132
          0,           0,         564,        -12.144792,       -12.6944759,      -12.61198606,      -11.59258308,             0.448,    0.001218988201,     0.06228153648,                 0,                 0,                 0,    -0.03658950092,  -0.0001399664428,     0.06229330724,                 0,       51.09281321
          0,           0,         565,      -12.15727756,      -12.71367424,      -12.62629783,      -11.60492395,             0.448,    0.001218988201,     0.06228153649,                 0,                 0,                 0,    -0.03658950092,  -0.0001399664429,     0.06229330725,                 0,       51.09281321
          0,           0,         566,      -12.16993985,      -12.73355526,      -12.64063463,      -11.61745338,             0.448,    0.001218988202,     0.06228153649,                 0,                 0,                 0,    -0.03658950091,  -0.0001399664431,     0.06229330726,                 0,       51.09281322
          0,           0,         567,      -12.18277588,      -12.75397107,       -12.6549514,       -11.6301717,             0.448,    0.001218988202,      0.0622815365,                 0,                 0,                 0,    -0.03658950091,  -0.0001399664433,     0.06229330727,                 0,       51.09281323
          0,           0,         568,      -12.19577768,       -12.7747297,       -12.6692018,      -11.64307384,             0.448,    0.001218988202,     0.06228153652,                 0,                 0,                 0,    -0.03658950091,  -0.0001399664435,     0.06229330728,                 0,       51.09281323
          0,           0,         569,      -12.20893403,      -12.79562182,       -12.6833434,      -11.65615036,             0.448,    0.001218988202,     0.06228153653,                 0,                 0,                 0,     -0.0365895009,  -0.0001399664437,     0.06229330729,                 0,       51.09281324
          0,           0,         570,      -12.22222858,      -12.81640774,      -12.69733206,       -11.6693867,             0.448,    0.001218988202,     0.06228153654,                 0,                 0,                 0,     -0.0365895009,  -0.0001399664439,     0.06229330731,                 0,       51.09281325
          0,           0,         571,      -12.23564324,      -12.83681528,      -12.71113887,      -11.68276641,             0.448,    0.001218988202,     0.06228153655,                 0,                 0,                 0,    -0.03658950089,  -0.0001399664441,     0.06229330732,                 0,       51.09281325
          0,           0,         572,      -12.24915498,      -12.85657043,      -12.72472944,       -11.6962655,             0.448,    0.001218988202,     0.06228153656,                 0,                 0,                 0,    -0.03658950089,  -0.0001399664443,     0.06229330733,                 0,       51.09281326
          0,           0,         573,      -12.26273992,      -12.87541217,      -12.73808184,      -11.70986066,             0.448,    0.001218988202,     0.06228153657,                 0,                 0,                 0,    -0.03658950089,  -0.0001399664445,     0.06229330734,                 0,       51.09281327
          0,           0,         574,      -12.27637138,      -12.89306566,      -12.75118675,      -11.72352351,             0.448,    0.001218988202,     0.06228153658,                 0,                 0,                 0,    -0.03658950089,  -0.0001399664447,     0.06229330735,                 0,       51.09281328
          0,           0,         575,      -12.29002382,      -12.90932384,      -12.76403596,      -11.73722714,             0.448,    0.001218988202,      0.0622815366,                 0,                 0,                 0,    -0.03658950088,  -0.0001399664449,     0.06229330736,                 0,       51.09281328
          0,           0,         576,      -12.30366724,      -12.92403059,      -12.77663868,      -11.75093874,             0.448,    0.001218988202,     0.06228153661,                 0,                 0,                 0,    -0.03658950088,  -0.0001399664451,     0.06229330737,                 0,       51.09281329
          0,           0,         577,      -12.31727618,      -12.93710477,      -12.78900701,      -11.76463034,             0.448,    0.001218988202,     0.06228153662,                 0,                 0,                 0,    -0.03658950088,  -0.0001399664453,     0.06229330739,                 0,        51.0928133
          0,           0,         578,      -12.33082569,      -12.94854708,      -12.80116004,      -11.77827288,             0.448,    0.001218988202,     0.06228153663,                 0,                 0,                 0,    -0.03658950088,  -0.0001399664455,      0.0622933074,                 0,       51.09281331
          0,           0,         579,      -12.34429097,      -12.95846305,       -12.8131248,      -11.79183844,             0.448,    0.001218988202,     0.06228153664,                 0,                 0,                 0,    -0.03658950088,  -0.0001399664457,     0.06229330741,                 0,       51.09281331
          0,           0,         580,      -12.35765368,      -12.96696497,       -12.8249431,      -11.80530364,             0.448,    0.001218988202,     0.06228153665,                 0,                 0,                 0,    -0.03658950088,  -0.0001399664459,     0.06229330742,                 0,       51.09281332
          0,           0,         581,      -12.37089654,      -12.97428196,      -12.83664603,      -11.81864844,             0.448,    0.001218988202,     0.06228153666,                 0,                 0,                 0,    -0.03658950088,  -0.0001399664461,     0.06229330743,                 0,       51.09281333
          0,           0,         582,       -12.3840064,       -12.9806901,      -12.84827736,       -11.8318546,             0.448,    0.001218988202,     0.06228153667,                 0,                 0,                 0,    -0.03658950088,  -0.0001399664462,     0.06229330744,                 0,       51.09281333
          0,           0,         583,      -12.39697736,      -12.98643181,      -12.85988005,      -11.84491287,             0.448,    0.001218988202,     0.06228153668,                 0,                 0,                 0,    -0.03658950088,  -0.0001399664464,     0.06229330745,                 0,       51.09281334
          0,           0,         584,      -12.40980432,      -12.99182245,      -12.87149821,      -11.85781479,             0.448,    0.001218988202,     0.06228153668,                 0,                 0,                 0,    -0.03658950088,  -0.0001399664465,     0.06229330745,                 0,       51.09281334
          0,           0,         585,      -12.42249029,      -12.99706783,      -12.88316881,      -11.87056019,             0.448,    0.001218988202,     0.06228153669,                 0,                 0,                 0,    -0.03658950088,  -0.0001399664467,     0.06229330746,                 0,       51.09281335
          0,           0,         586,      -12.43504123,      -13.00240618,      -12.89494015,       -11.8831542,             0.448,    0.001218988202,      0.0622815367,                 0,                 0,                 0,    -0.03658950088,  -0.0001399664468,     0.06229330747,                 0,       51.09281335
          0,           0,         587,      -12.44746559,      -13.00810243,       -12.9068429,      -11.89560243,             0.448,    0.001218988202,     0.06228153671,                 0,                 0,                 0,    -0.03658950089,  -0.0001399664469,     0.06229330747,                 0,       51.09281336
          0,           0,         588,      -12.45978024,      -13.01427878,      -12.91890945,      -11.90792245,             0.448,    0.001218988202,     0.06228153671,                 0,                 0,                 0,    -0.03658950089,   -0.000139966447,     0.06229330748,                 0,       51.09281336
          0,           0,         589,      -12.47199741,      -13.02113153,      -12.93116522,      -11.92012618,             0.448,    0.001218988202,     0.06228153672,                 0,                 0,                 0,    -0.03658950089,  -0.0001399664471,     0.06229330748,                 0,       51.09281337
          0,           0,         590,       -12.4841396,        -13.028727,      -12.94363319,      -11.93223758,             0.448,    0.001218988202,     0.06228153672,                 0,                 0,                 0,    -0.03658950089,  -0.0001399664472,     0.06229330749,                 0,       51.09281337
          0,           0,         591,      -12.49622581,      -13.03718481,      -12.95632978,      -11.94427639,             0.448,    0.001218988202,     0.06228153672,                 0,                 0,                 0,    -0.03658950089,  -0.0001399664472,     0.06229330749,                 0,       51.09281337
          0,           0,         592,      -12.50827855,       -13.0465934,      -12.96926226,      -11.95626866,             0.448,    0.001218988202,     0.06228153673,                 0,                 0,                 0,    -0.03658950089,  -0.0001399664473,     0.06229330749,                 0,       51.09281337
          0,           0,         593,      -12.52031672,      -13.05700664,      -12.98243447,      -11.96823644,             0.448,    0.001218988202,     0.06228153673,                 0,                 0,                 0,     -0.0365895009,  -0.0001399664473,      0.0622933075,                 0,       51.09281337
          0,           0,         594,      -12.53236414,      -13.06844921,      -12.99584549,      -11.98020757,             0.448,    0.001218988202,     0.06228153673,                 0,                 0,                 0,     -0.0365895009,  -0.0001399664474,      0.0622933075,                 0,       51.09281338
          0,           0,         595,      -12.54443803,      -13.08092182,      -13.00947552,       -11.9922018,             0.448,    0.001218988202,     0.06228153673,                 0,                 0,                 0,     -0.0365895009,  -0.0001399664474,      0.0622933075,                 0,       51.09281338
          0,           0,         596,      -12.55655656,      -13.09445258,      -13.02331746,      -12.00424184,             0.448,    0.001218988202,     0.06228153673,                 0,                 0,                 0,     -0.0365895009,  -0.0001399664474,      0.0622933075,                 0,       51.09281338
          0,           0,         597,      -12.56873396,      -13.10901489,      -13.03733392,      -12.01634618,             0.448,    0.001218988202,     0.06228153673,                 0,                 0,                 0,    -0.03658950091,  -0.0001399664474,      0.0622933075,                 0,       51.09281338
          0,           0,         598,      -12.58098305,      -13.12456431,      -13.05150007,      -12.02852999,             0.448,    0.001218988202,     0.06228153673,                 0,                 0,                 0,    -0.03658950091,  -0.0001399664473,      0.0622933075,                 0,       51.09281337
          0,           0,         599,      -12.59331155,      -13.14106646,      -13.06577996,      -12.04080575,             0.448,    0.001218988202,     0.06228153673,                 0,                 0,                 0,    -0.03658950091,  -0.0001399664473,      0.0622933075,                 0,       51.09281337
          0,           0,         600,      -12.60572604,      -13.15842503,      -13.08013454,      -12.05318275,             0.448,    0.001218988202,     0.06228153673,                 0,                 0,                 0,    -0.03658950091,  -0.0001399664473,     0.06229330749,                 0,       51.09281337
          0,           0,         601,       -12.6182276,      -13.17653362,      -13.09451482,      -12.06566495,             0.448,    0.001218988202,     0.06228153672,                 0,                 0,                 0,    -0.03658950091,  -0.0001399664472,     0.06229330749,                 0,       51.09281337
          0,           0,         602,       -12.6308144,      -13.19532377,      -13.10887802,      -12.07825286,             0.448,    0.001218988202,     0.06228153672,                 0,                 0,                 0,    -0.03658950092,  -0.0001399664472,     0.06229330749,                 0,       51.09281337
          0,           0,         603,      -12.64348428,      -13.21460646,      -13.12316856,       -12.0909451,             0.448,    0.001218988202,     0.06228153672,                 0,                 0,                 0,    -0.03658950092,  -0.0001399664471,     0.06229330749,                 0,       51.09281337
          0,           0,         604,      -12.65622767,      -13.23425563,      -13.13734695,      -12.10373371,             0.448,    0.001218988202,     0.06228153671,                 0,                 0,                 0,    -0.03658950092,   -0.000139966447,     0.06229330748,                 0,       51.09281336
          0,           0,         605,      -12.66903572,      -13.25407765,      -13.15136129,      -12.11661008,             0.448,    0.001218988202,     0.06228153671,                 0,                 0,                 0,    -0.03658950092,   -0.000139966447,     0.06229330748,                 0,       51.09281336
          0,           0,         606,      -12.68189319,      -13.27385304,      -13.16516435,       -12.1295583,             0.448,    0.001218988202,     0.06228153671,                 0,                 0,                 0,    -0.03658950092,  -0.0001399664469,     0.06229330747,                 0,       51.09281336
          0,           0,         607,      -12.69478758,      -13.29331663,      -13.17873804,        -12.142565,             0.448,    0.001218988202,      0.0622815367,                 0,                 0,                 0,    -0.03658950093,  -0.0001399664468,     0.06229330747,                 0,       51.09281336
          0,           0,         608,      -12.70770407,      -13.31228867,      -13.19205487,      -12.15561259,             0.448,    0.001218988202,      0.0622815367,                 0,                 0,                 0,    -0.03658950093,  -0.0001399664467,     0.06229330747,                 0,       51.09281335
          0,           0,         609,      -12.72062371,      -13.33055085,      -13.20509846,      -12.16867831,             0.448,    0.001218988202,     0.06228153669,                 0,                 0,                 0,    -0.03658950093,  -0.0001399664466,     0.06229330746,                 0,       51.09281335
          0,           0,         610,      -12.73352725,      -13.34784213,      -13.21784744,      -12.18174062,             0.448,    0.001218988202,     0.06228153669,                 0,                 0,                 0,    -0.03658950093,  -0.0001399664466,     0.06229330746,                 0,       51.09281335
          0,           0,         611,      -12.74640301,       -13.3640673,      -13.23029904,      -12.19478302,             0.448,    0.001218988202,     0.06228153668,                 0,                 0,                 0,    -0.03658950093,  -0.0001399664465,     0.06229330745,                 0,       51.09281334
          0,           0,         612,      -12.75923246,      -13.37895993,      -13.24248625,      -12.20778251,             0.448,    0.001218988202,     0.06228153668,                 0,                 0,                 0,    -0.03658950093,  -0.0001399664464,     0.06229330745,                 0,       51.09281334
          0,           0,         613,      -12.77199612,      -13.39260264,      -13.25441405,      -12.22071248,             0.448,    0.001218988202,     0.06228153667,                 0,                 0,                 0,    -0.03658950093,  -0.0001399664463,     0.06229330744,                 0,       51.09281334
          0,           0,         614,      -12.78468943,      -13.40478667,      -13.26611618,      -12.23356714,             0.448,    0.001218988202,     0.06228153667,                 0,                 0,                 0,    -0.03658950093,  -0.0001399664462,     0.06229330744,                 0,       51.09281333
          0,           0,         615,      -12.79729723,      -13.41577515,      -13.27759619,      -12.24632163,             0.448,    0.001218988202,     0.06228153667,                 0,                 0,                 0,    -0.03658950093,  -0.0001399664461,     0.06229330743,                 0,       51.09281333
          0,           0,         616,      -12.80981806,      -13.42547651,      -13.28892615,      -12.25897241,             0.448,    0.001218988202,     0.06228153666,                 0,                 0,                 0,    -0.03658950094,   -0.000139966446,     0.06229330743,                 0,       51.09281333
          0,           0,         617,      -12.82224309,      -13.43422617,      -13.30013965,      -12.27150338,             0.448,    0.001218988202,     0.06228153666,                 0,                 0,                 0,    -0.03658950094,  -0.0001399664459,     0.06229330742,                 0,       51.09281332
          0,           0,         618,       -12.8345743,      -13.44212068,      -13.31127166,      -12.28391414,             0.448,    0.001218988202,     0.06228153665,                 0,                 0,                 0,    -0.03658950094,  -0.0001399664458,     0.06229330742,                 0,       51.09281332
          0,           0,         619,      -12.84681904,      -13.44930284,      -13.32237929,      -12.29620981,             0.448,    0.001218988202,     0.06228153665,                 0,                 0,                 0,    -0.03658950094,  -0.0001399664458,     0.06229330742,                 0,       51.09281332
          0,           0,         620,      -12.85897726,      -13.45624052,      -13.33350397,      -12.30838626,             0.448,    0.001218988202,     0.06228153664,                 0,                 0,                 0,    -0.03658950094,  -0.0001399664457,     0.06229330741,                 0,       51.09281331
          0,           0,         621,      -12.87106737,      -13.46290368,      -13.34468846,      -12.32046035,             0.448,    0.001218988202,     0.06228153664,                 0,                 0,                 0,    -0.03658950094,  -0.0001399664456,     0.06229330741,                 0,       51.09281331
          0,           0,         622,      -12.88309703,      -13.46964977,      -13.35595709,      -12.33244047,             0.448,    0.001218988202,     0.06228153664,                 0,                 0,                 0,    -0.03658950094,  -0.0001399664455,     0.06229330741,                 0,       51.09281331
          0,           0,         623,      -12.89508181,      -13.47666316,       -13.3673696,      -12.34434157,             0.448,    0.001218988202,     0.06228153663,                 0,                 0,                 0,    -0.03658950094,  -0.0001399664455,      0.0622933074,                 0,       51.09281331
          0,           0,         624,      -12.90704272,      -13.48398931,      -13.37896204,      -12.35618769,             0.448,    0.001218988202,     0.06228153663,                 0,                 0,                 0,    -0.03658950094,  -0.0001399664454,      0.0622933074,                 0,        51.0928133
          0,           0,         625,      -12.91899495,      -13.49190052,      -13.39072518,      -12.36799417,             0.448,    0.001218988202,     0.06228153663,                 0,                 0,                 0,    -0.03658950094,  -0.0001399664454,      0.0622933074,                 0,        51.0928133
          0,           0,         626,      -12.93095662,      -13.50044159,      -13.40271019,      -12.37978543,             0.448,    0.001218988202,     0.06228153663,                 0,                 0,                 0,    -0.03658950094,  -0.0001399664453,     0.06229330739,                 0,        51.0928133
          0,           0,         627,      -12.94294716,      -13.50973847,      -13.41489416,      -12.39158207,             0.448,    0.001218988202,     0.06228153662,                 0,                 0,                 0,    -0.03658950094,  -0.0001399664453,     0.06229330739,                 0,        51.0928133
          0,           0,         628,      -12.95498531,      -13.51985598,      -13.42731892,      -12.40340967,             0.448,    0.001218988202,     0.06228153662,                 0,                 0,                 0,    -0.03658950094,  -0.0001399664452,     0.06229330739,                 0,        51.0928133
          0,           0,         629,      -12.96709424,      -13.53076768,      -13.43997191,      -12.41529465,             0.448,    0.001218988202,     0.06228153662,                 0,                 0,                 0,    -0.03658950093,  -0.0001399664452,     0.06229330739,                 0,       51.09281329
          0,           0,         630,      -12.97927878,      -13.54262399,      -13.45285898,      -12.42724708,             0.448,    0.001218988202,     0.06228153662,                 0,                 0,                 0,    -0.03658950093,  -0.0001399664452,     0.06229330739,                 0,       51.09281329
          0,           0,         631,      -12.99156513,      -13.55536399,      -13.46595525,      -12.43930288,             0.448,    0.001218988202,     0.06228153662,                 0,                 0,                 0,    -0.03658950093,  -0.0001399664451,     0.06229330738,                 0,       51.09281329
          0,           0,         632,      -13.00395458,      -13.56899114,        -13.479249,      -12.45146519,             0.448,    0.001218988202,     0.06228153661,                 0,                 0,                 0,    -0.03658950093,  -0.0001399664451,     0.06229330738,                 0,       51.09281329
