NDIME= 2
NELEM= 10216
5	417	69	311	0
5	302	55	56	1
5	405	159	384	2
5	594	427	450	3
5	315	71	72	4
5	319	4	262	5
5	270	39	40	6
5	327	65	66	7
5	451	259	325	8
5	441	40	41	9
5	358	147	148	10
5	287	12	13	11
5	252	144	145	12
5	254	56	57	13
5	348	96	269	14
5	262	4	5	15
5	647	465	525	16
5	453	308	449	17
5	309	282	15	18
5	560	265	470	19
5	369	185	186	20
5	420	271	27	21
5	432	137	376	22
5	643	471	270	23
5	429	121	354	24
5	282	14	15	25
5	568	446	456	26
5	292	257	31	27
5	617	385	457	28
5	831	694	478	29
5	274	24	25	30
5	470	346	454	31
5	311	69	70	32
5	291	20	278	33
5	286	24	274	34
5	257	30	31	35
5	255	0	1	36
5	996	809	797	37
5	342	79	312	38
5	280	18	19	39
5	543	319	518	40
5	316	42	294	41
5	507	356	439	42
5	543	293	319	43
5	546	298	299	44
5	324	288	9	45
5	749	548	648	46
5	270	251	39	47
5	542	459	257	48
5	258	36	37	49
5	322	18	280	50
5	315	72	290	51
5	555	313	342	52
5	288	8	9	53
5	645	348	465	54
5	323	14	282	55
5	308	62	63	56
5	300	75	76	57
5	335	84	303	58
5	421	60	305	59
5	334	38	251	60
5	749	549	548	61
5	285	53	54	62
5	302	56	254	63
5	751	644	725	64
5	250	82	83	65
5	294	42	43	66
5	301	87	88	67
5	279	80	81	68
5	305	60	61	69
5	531	475	278	70
5	554	448	540	71
5	271	26	27	72
5	284	89	90	73
5	416	111	112	74
5	329	260	33	75
5	475	291	278	76
5	340	0	255	77
5	277	106	107	78
5	420	28	272	79
5	295	52	53	80
5	316	41	42	81
5	333	294	43	82
5	825	476	650	83
5	331	300	76	84
5	762	555	664	85
5	295	53	285	86
5	290	72	73	87
5	337	90	91	88
5	312	79	80	89
5	511	320	336	90
5	1041	890	895	91
5	555	342	464	92
5	946	762	848	93
5	564	314	556	94
5	345	52	295	95
5	335	250	83	96
5	449	63	64	97
5	338	254	57	98
5	842	642	557	99
5	338	57	58	100
5	517	256	293	101
5	259	101	102	102
5	512	281	350	103
5	348	95	96	104
5	441	270	40	105
5	361	177	178	106
5	266	99	100	107
5	510	451	325	108
5	580	353	413	109
5	372	115	116	110
5	367	117	118	111
5	357	151	349	112
5	412	375	127	113
5	639	273	436	114
5	381	157	158	115
5	492	368	430	116
5	377	147	358	117
5	400	173	390	118
5	437	365	182	119
5	406	161	253	120
5	403	253	162	121
5	395	181	365	122
5	397	175	393	123
5	408	157	381	124
5	619	408	381	125
5	401	386	166	126
5	399	388	170	127
5	834	690	450	128
5	585	377	358	129
5	387	163	164	130
5	404	165	386	131
5	353	112	113	132
5	424	321	109	133
5	363	252	145	134
5	363	145	146	135
5	481	429	354	136
5	607	393	484	137
5	1544	685	720	138
5	653	485	490	139
5	275	132	133	140
5	409	382	129	141
5	373	135	136	142
5	614	482	253	143
5	355	143	144	144
5	409	130	383	145
5	380	354	122	146
5	486	435	273	147
5	436	273	140	148
5	411	126	375	149
5	360	186	187	150
5	593	394	488	151
5	850	681	706	152
5	393	175	176	153
5	806	611	604	154
5	398	177	361	155
5	784	587	502	156
5	403	162	163	157
5	402	169	388	158
5	253	161	162	159
5	396	188	359	160
5	388	169	170	161
5	1083	868	726	162
5	390	173	174	163
5	484	393	398	164
5	356	195	196	165
5	380	122	123	166
5	432	373	136	167
5	375	126	127	168
5	412	128	382	169
5	357	150	151	170
5	355	144	252	171
5	364	141	142	172
5	624	483	375	173
5	435	139	273	174
5	482	479	406	175
5	424	110	351	176
5	623	412	382	177
5	595	501	352	178
5	325	259	102	179
5	328	46	296	180
5	269	96	97	181
5	1361	1264	1068	182
5	530	286	462	183
5	550	306	421	184
5	251	38	39	185
5	423	103	104	186
5	350	99	266	187
5	693	451	510	188
5	483	411	375	189
5	352	114	115	190
5	633	478	424	191
5	444	150	357	192
5	427	117	367	193
5	588	395	365	194
5	385	154	261	195
5	655	491	587	196
5	369	186	360	197
5	581	431	485	198
5	386	165	166	199
5	5232	5214	5229	200
5	508	503	443	201
5	5232	5226	5214	202
5	1099	878	1090	203
5	5231	207	5222	204
5	5231	206	207	205
5	5230	5210	5219	206
5	5230	5213	5210	207
5	5229	5199	5213	208
5	5229	5214	5199	209
5	5228	204	205	210
5	5228	5217	204	211
5	5225	5219	5200	212
5	5225	249	5219	213
5	5232	5229	202	214
5	5232	202	203	215
5	5227	247	248	216
5	5227	5196	5212	217
5	5224	5195	5209	218
5	5224	5202	5195	219
5	5223	225	226	220
5	5223	5220	225	221
5	5224	5228	205	222
5	5231	205	206	223
5	5221	5173	5203	224
5	5221	5201	5173	225
5	5220	5211	225	226
5	5220	5181	5211	227
5	5230	200	201	228
5	5230	5229	5213	229
5	5219	5210	5191	230
5	5225	5218	248	231
5	5231	5202	5224	232
5	5231	5222	5202	233
5	5216	227	228	234
5	5216	5208	227	235
5	5215	207	208	236
5	5222	5206	5189	237
5	5232	203	5226	238
5	5230	201	5229	239
5	5214	5205	5174	240
5	5229	201	202	241
5	5212	246	247	242
5	5221	246	5212	243
5	5211	5180	224	244
5	5211	5181	5180	245
5	5210	5152	5191	246
5	5210	5190	5152	247
5	5231	5224	205	248
5	5228	5224	5209	249
5	5223	5208	5185	250
5	5223	226	227	251
5	5207	5180	5166	252
5	5207	223	5180	253
5	5222	5189	5202	254
5	5222	5215	5206	255
5	5226	5205	5214	256
5	5217	5188	5205	257
5	5197	229	230	258
5	5197	5179	229	259
5	5203	5163	5193	260
5	5203	5173	5163	261
5	5215	208	209	262
5	5222	207	5215	263
5	5221	5212	5201	264
5	5221	245	246	265
5	5230	5219	200	266
5	5219	249	200	267
5	5205	5154	5174	268
5	5226	5217	5205	269
5	5198	221	222	270
5	5198	5186	221	271
5	5197	5121	5179	272
5	5197	5088	5121	273
5	5212	5196	5170	274
5	5201	5170	5145	275
5	5195	5140	5169	276
5	5195	5157	5140	277
5	5192	241	5168	278
5	5192	240	241	279
5	5193	5160	243	280
5	5193	5163	5160	281
5	5223	5185	5220	282
5	5211	224	225	283
5	5213	5199	5190	284
5	5225	248	249	285
5	5184	5150	218	286
5	5184	5127	5150	287
5	5183	212	5155	288
5	5183	211	212	289
5	5228	5209	5217	290
5	5209	5169	5188	291
5	5187	241	242	292
5	5187	5160	5139	293
5	5186	220	221	294
5	5186	5151	220	295
5	5220	5185	5161	296
5	5220	5161	5181	297
5	5184	219	5151	298
5	5184	5151	5127	299
5	5183	5155	5125	300
5	5149	210	211	301
5	5190	5113	5152	302
5	5182	5112	5162	303
5	5223	227	5208	304
5	5181	5167	5147	305
5	5180	223	224	306
5	5207	5166	5194	307
5	5216	5179	5177	308
5	5179	5158	5177	309
5	5178	5156	5135	310
5	5178	215	5156	311
5	5177	5158	5130	312
5	5179	228	229	313
5	5191	5129	5143	314
5	5227	5212	247	315
5	5204	5142	5175	316
5	5204	214	5178	317
5	5174	5118	5146	318
5	5174	5154	5118	319
5	5171	5144	238	320
5	5171	5116	5144	321
5	5171	5148	5116	322
5	5172	216	217	323
5	5171	238	239	324
5	5172	217	5150	325
5	5176	5133	5153	326
5	5218	5176	5196	327
5	5202	5189	5157	328
5	5226	204	5217	329
5	5194	5166	5131	330
5	5192	5138	5148	331
5	5167	5134	5122	332
5	5167	5161	5134	333
5	5166	5096	5131	334
5	5166	5147	5096	335
5	5165	5091	5123	336
5	5165	5130	5091	337
5	5198	5194	5164	338
5	5207	222	223	339
5	5201	5145	5173	340
5	5203	5193	244	341
5	5162	5108	5128	342
5	5162	5112	5108	343
5	5181	5147	5180	344
5	5208	5165	5185	345
5	5208	5177	5165	346
5	5216	5177	5208	347
5	5159	5087	5111	348
5	5159	5115	5087	349
5	5158	5105	5130	350
5	5192	5168	5138	351
5	5189	5114	5157	352
5	5206	5128	5189	353
5	5192	5148	240	354
5	5148	239	240	355
5	5155	5090	5125	356
5	5155	5132	5090	357
5	5154	5101	5118	358
5	5154	5119	5101	359
5	5153	5082	5124	360
5	5153	5133	5082	361
5	5191	5152	5129	362
5	5227	248	5218	363
5	5164	5107	5137	364
5	5151	219	220	365
5	5184	218	219	366
5	5150	217	218	367
5	5217	5209	5188	368
5	5182	5162	209	369
5	5178	214	215	370
5	5148	5138	5086	371
5	5207	5194	222	372
5	5147	5122	5096	373
5	5199	5174	5146	374
5	5219	5191	5200	375
5	5145	5098	5126	376
5	5145	5124	5098	377
5	5144	237	238	378
5	5144	5115	237	379
5	5152	5076	5129	380
5	5200	5191	5143	381
5	5175	5155	212	382
5	5183	5149	211	383
5	5141	5094	5061	384
5	5141	5121	5094	385
5	5215	5162	5206	386
5	5214	5174	5199	387
5	5139	5102	5100	388
5	5139	5120	5102	389
5	5187	242	243	390
5	5194	5131	5164	391
5	5198	5164	5186	392
5	5186	5164	5137	393
5	5197	5136	5088	394
5	5197	230	5136	395
5	5135	5047	5093	396
5	5135	5092	5047	397
5	5167	5122	5147	398
5	438	198	199	399
5	5161	5106	5134	400
5	1036	844	843	401
5	307	86	87	402
5	661	506	199	403
5	5189	5128	5114	404
5	508	443	356	405
5	5112	5074	5108	406
5	685	657	503	407
5	5156	5092	5135	408
5	508	356	507	409
5	5204	5178	5142	410
5	659	438	506	411
5	5161	5123	5106	412
5	439	356	196	413
5	5187	5139	5168	414
5	443	195	356	415
5	5177	5130	5165	416
5	485	431	433	417
5	5185	5123	5161	418
5	660	517	543	419
5	5129	5071	5081	420
5	385	153	154	421
5	5129	5076	5071	422
5	661	199	515	423
5	5190	5146	5113	424
5	5188	5169	5119	425
5	5186	5137	5151	426
5	354	121	122	427
5	5182	210	5149	428
5	416	351	111	429
5	5170	5124	5145	430
5	1230	1086	1051	431
5	5203	244	245	432
5	410	132	275	433
5	5183	5125	5149	434
5	415	108	321	435
5	5182	5149	5112	436
5	347	101	259	437
5	5124	5045	5098	438
5	318	89	284	439
5	5124	5082	5045	440
5	425	106	277	441
5	5187	5168	241	442
5	578	347	452	443
5	5180	5147	5166	444
5	325	102	103	445
5	5134	5097	5109	446
5	473	464	312	447
5	5134	5109	5122	448
5	769	737	516	449
5	5179	5121	5158	450
5	5158	5121	5141	451
5	5160	5120	5139	452
5	347	100	101	453
5	5168	5100	5138	454
5	445	95	348	455
5	5140	5103	5056	456
5	671	579	645	457
5	5205	5188	5154	458
5	303	84	85	459
5	5146	5118	5089	460
5	445	336	94	461
5	5146	5089	5113	462
5	721	509	477	463
5	5117	5077	5046	464
5	320	92	93	465
5	5117	234	5077	466
5	335	83	84	467
5	5116	5086	5064	468
5	447	82	250	469
5	5138	5100	5070	470
5	764	754	540	471
5	5159	236	237	472
5	339	71	315	473
5	5159	237	5115	474
5	306	58	59	475
5	5169	5140	5085	476
5	5140	5056	5085	477
5	5113	5052	5076	478
5	292	31	32	479
5	5113	5089	5052	480
5	419	12	287	481
5	5159	5111	236	482
5	288	268	8	483
5	5111	235	236	484
5	293	2	3	485
5	5128	5084	5114	486
5	293	256	2	487
5	5111	5087	5057	488
5	1394	1257	1239	489
5	5110	5048	5092	490
5	340	199	0	491
5	5110	5079	5048	492
5	1218	517	853	493
5	5109	5049	5038	494
5	729	460	521	495
5	5109	5097	5049	496
5	746	543	518	497
5	5149	5099	5112	498
5	5209	5195	5169	499
5	5107	5020	5063	500
5	5107	5068	5020	501
5	312	80	279	502
5	762	562	555	503
5	460	263	267	504
5	670	470	454	505
5	273	139	140	506
5	641	588	365	507
5	384	159	160	508
5	261	154	155	509
5	304	55	302	510
5	573	332	466	511
5	742	537	741	512
5	1505	888	1371	513
5	256	255	1	514
5	256	1	2	515
5	330	30	257	516
5	472	345	295	517
5	346	36	258	518
5	260	32	33	519
5	511	456	320	520
5	452	259	451	521
5	329	34	265	522
5	292	32	260	523
5	813	617	667	524
5	349	151	152	525
5	521	460	267	526
5	726	515	340	527
5	263	262	5	528
5	263	5	6	529
5	264	261	155	530
5	264	155	156	531
5	329	33	34	532
5	265	34	35	533
5	510	325	423	534
5	514	284	467	535
5	267	263	6	536
5	267	6	7	537
5	268	267	7	538
5	268	7	8	539
5	452	347	259	540
5	509	418	425	541
5	476	330	459	542
5	422	296	47	543
5	326	26	271	544
5	317	22	276	545
5	420	27	28	546
5	272	28	29	547
5	480	400	390	548
5	374	275	133	549
5	570	474	254	550
5	276	22	23	551
5	590	519	252	552
5	374	133	134	553
5	575	343	308	554
5	278	20	21	555
5	415	107	108	556
5	625	321	478	557
5	565	557	294	558
5	557	316	294	559
5	466	332	417	560
5	563	540	300	561
5	642	441	316	562
5	471	251	270	563
5	281	269	97	564
5	281	97	98	565
5	309	16	283	566
5	470	265	346	567
5	309	15	16	568
5	283	16	17	569
5	307	87	301	570
5	675	568	456	571
5	333	43	44	572
5	314	44	45	573
5	286	276	23	574
5	286	23	24	575
5	528	462	274	576
5	533	455	280	577
5	324	10	289	578
5	535	323	282	579
5	324	9	10	580
5	289	10	11	581
5	498	466	417	582
5	310	290	73	583
5	291	280	19	584
5	291	19	20	585
5	938	928	741	586
5	537	468	287	587
5	534	283	322	588
5	521	267	268	589
5	514	318	284	590
5	297	50	51	591
5	422	47	48	592
5	296	46	47	593
5	644	307	536	594
5	573	341	332	595
5	298	48	49	596
5	299	50	297	597
5	505	315	290	598
5	422	48	298	599
5	299	298	49	600
5	299	49	50	601
5	310	73	74	602
5	448	75	300	603
5	913	671	859	604
5	1110	871	1094	605
5	304	54	55	606
5	304	285	54	607
5	442	86	307	608
5	442	85	86	609
5	576	343	575	610
5	665	534	652	611
5	343	62	308	612
5	344	64	65	613
5	556	314	328	614
5	338	58	306	615
5	442	303	85	616
5	467	284	337	617
5	343	61	62	618
5	343	305	61	619
5	497	334	251	620
5	497	251	471	621
5	701	547	662	622
5	532	447	516	623
5	332	67	68	624
5	449	64	344	625
5	313	77	78	626
5	331	76	77	627
5	469	290	310	628
5	331	77	313	629
5	455	322	280	630
5	333	44	314	631
5	339	70	71	632
5	339	311	70	633
5	524	263	460	634
5	441	41	316	635
5	317	278	21	636
5	317	21	22	637
5	318	301	88	638
5	318	88	89	639
5	319	293	3	640
5	319	3	4	641
5	337	284	90	642
5	446	92	320	643
5	415	277	107	644
5	321	108	109	645
5	322	283	17	646
5	322	17	18	647
5	323	287	13	648
5	323	13	14	649
5	552	283	534	650
5	538	289	419	651
5	423	104	418	652
5	694	625	478	653
5	326	274	25	654
5	326	25	26	655
5	341	67	332	656
5	344	65	327	657
5	328	314	45	658
5	328	45	46	659
5	734	677	462	660
5	459	330	257	661
5	330	272	29	662
5	330	29	30	663
5	562	313	555	664
5	498	417	311	665
5	341	66	67	666
5	341	327	66	667
5	468	419	287	668
5	1362	1084	1218	669
5	334	258	37	670
5	334	37	38	671
5	897	675	861	672
5	540	448	300	673
5	336	320	93	674
5	336	93	94	675
5	547	318	514	676
5	768	567	566	677
5	756	520	651	678
5	461	421	305	679
5	652	534	455	680
5	746	660	543	681
5	753	741	535	682
5	1043	889	916	683
5	550	421	461	684
5	643	270	441	685
5	342	313	78	686
5	342	78	79	687
5	575	308	453	688
5	474	302	254	689
5	556	328	520	690
5	449	308	63	691
5	345	297	51	692
5	345	51	52	693
5	346	265	35	694
5	346	35	36	695
5	692	465	647	696
5	347	266	100	697
5	445	94	95	698
5	725	536	701	699
5	407	153	385	700
5	618	407	617	701
5	350	281	98	702
5	350	98	99	703
5	424	109	110	704
5	351	110	111	705
5	413	114	352	706
5	416	112	353	707
5	478	321	424	708
5	496	371	429	709
5	426	367	118	710
5	372	352	115	711
5	378	143	355	712
5	436	140	141	713
5	807	611	806	714
5	359	188	189	715
5	495	383	410	716
5	591	364	378	717
5	783	584	782	718
5	493	410	275	719
5	489	398	361	720
5	394	185	369	721
5	992	880	704	722
5	365	181	182	723
5	605	391	400	724
5	392	178	179	725
5	362	358	148	726
5	362	148	149	727
5	834	450	635	728
5	799	708	504	729
5	603	387	404	730
5	436	141	364	731
5	366	179	180	732
5	392	361	178	733
5	608	480	390	734
5	392	179	366	735
5	426	119	371	736
5	626	353	580	737
5	368	359	189	738
5	368	189	190	739
5	370	183	184	740
5	437	182	183	741
5	839	640	593	742
5	437	183	370	743
5	426	118	119	744
5	371	119	120	745
5	501	413	352	746
5	627	351	416	747
5	428	135	373	748
5	599	380	414	749
5	718	598	689	750
5	824	626	823	751
5	379	124	125	752
5	414	124	379	753
5	432	136	137	754
5	376	137	138	755
5	377	363	146	756
5	377	146	147	757
5	378	364	142	758
5	378	142	143	759
5	600	481	354	760
5	686	583	487	761
5	816	620	619	762
5	689	598	483	763
5	408	156	157	764
5	408	264	156	765
5	412	127	128	766
5	382	128	129	767
5	409	129	130	768
5	383	130	131	769
5	405	158	159	770
5	405	381	158	771
5	407	152	153	772
5	407	349	152	773
5	604	389	402	774
5	640	370	593	775
5	609	391	605	776
5	403	163	387	777
5	389	167	168	778
5	401	166	167	779
5	604	402	601	780
5	401	167	389	781
5	391	171	172	782
5	399	170	171	783
5	479	384	406	784
5	399	171	391	785
5	606	504	392	786
5	593	370	394	787
5	397	174	175	788
5	397	390	174	789
5	394	370	184	790
5	394	184	185	791
5	395	366	180	792
5	395	180	181	793
5	396	360	187	794
5	396	187	188	795
5	620	523	264	796
5	615	384	479	797
5	398	393	176	798
5	398	176	177	799
5	482	406	253	800
5	614	253	403	801
5	400	391	172	802
5	400	172	173	803
5	605	400	480	804
5	489	484	398	805
5	402	389	168	806
5	402	168	169	807
5	974	788	732	808
5	622	382	409	809
5	404	387	164	810
5	404	164	165	811
5	494	376	435	812
5	621	409	383	813
5	406	384	160	814
5	406	160	161	815
5	638	436	364	816
5	583	362	444	817
5	487	444	357	818
5	583	444	487	819
5	636	376	494	820
5	617	407	385	821
5	410	383	131	822
5	410	131	132	823
5	411	379	125	824
5	411	125	126	825
5	529	428	373	826
5	634	426	371	827
5	413	353	113	828
5	413	113	114	829
5	414	380	123	830
5	414	123	124	831
5	580	413	501	832
5	509	425	477	833
5	496	429	481	834
5	527	378	355	835
5	417	332	68	836
5	417	68	69	837
5	423	325	103	838
5	418	104	105	839
5	419	289	11	840
5	419	11	12	841
5	534	322	455	842
5	533	280	291	843
5	421	306	59	844
5	421	59	60	845
5	574	327	341	846
5	646	449	344	847
5	632	418	509	848
5	861	675	669	849
5	624	375	412	850
5	500	414	379	851
5	425	418	105	852
5	425	105	106	853
5	595	372	594	854
5	690	594	450	855
5	427	372	116	856
5	427	116	117	857
5	428	374	134	858
5	428	134	135	859
5	429	371	120	860
5	429	120	121	861
5	430	368	190	862
5	430	190	191	863
5	431	430	191	864
5	431	191	192	865
5	494	435	486	866
5	639	486	273	867
5	433	431	192	868
5	433	192	193	869
5	434	433	193	870
5	434	193	194	871
5	435	376	138	872
5	435	138	139	873
5	601	402	388	874
5	602	404	386	875
5	867	506	661	876
5	812	616	615	877
5	439	196	197	878
5	440	198	438	879
5	592	395	588	880
5	586	368	492	881
5	440	439	197	882
5	440	197	198	883
5	539	521	268	884
5	541	292	260	885
5	473	312	279	886
5	532	473	279	887
5	443	434	194	888
5	443	194	195	889
5	444	362	149	890
5	444	149	150	891
5	951	767	751	892
5	1051	856	915	893
5	446	337	91	894
5	446	91	92	895
5	447	279	81	896
5	447	81	82	897
5	448	310	74	898
5	448	74	75	899
5	526	295	285	900
5	569	306	550	901
5	450	427	367	902
5	635	450	367	903
5	884	790	690	904
5	791	781	501	905
5	978	793	977	906
5	902	702	717	907
5	646	453	449	908
5	577	344	327	909
5	454	346	258	910
5	497	458	334	911
5	628	272	476	912
5	629	463	271	913
5	456	446	320	914
5	951	751	856	915
5	457	385	261	916
5	523	457	261	917
5	458	454	258	918
5	458	258	334	919
5	476	272	330	920
5	462	286	274	921
5	825	628	476	922
5	736	475	531	923
5	548	302	474	924
5	544	345	472	925
5	528	326	463	926
5	679	524	666	927
5	528	274	326	928
5	463	326	271	929
5	464	342	312	930
5	775	498	572	931
5	465	348	269	932
5	698	512	513	933
5	754	554	540	934
5	737	532	516	935
5	567	250	335	936
5	532	279	447	937
5	539	268	288	938
5	538	419	468	939
5	572	498	311	940
5	505	290	469	941
5	561	541	260	942
5	542	257	292	943
5	843	643	642	944
5	631	520	296	945
5	544	297	345	946
5	520	328	296	947
5	701	536	547	948
5	536	307	301	949
5	548	304	302	950
5	526	472	295	951
5	531	317	522	952
5	533	291	475	953
5	628	420	272	954
5	629	271	420	955
5	477	425	277	956
5	499	477	277	957
5	499	277	415	958
5	698	513	578	959
5	615	405	384	960
5	523	261	264	961
5	610	601	388	962
5	862	707	655	963
5	635	426	634	964
5	634	371	496	965
5	705	479	482	966
5	792	597	687	967
5	598	411	483	968
5	600	354	380	969
5	607	397	393	970
5	608	390	397	971
5	808	797	602	972
5	488	394	369	973
5	596	493	275	974
5	596	275	374	975
5	590	252	363	976
5	519	355	252	977
5	988	802	801	978
5	587	360	396	979
5	798	592	789	980
5	800	607	484	981
5	490	485	433	982
5	490	433	434	983
5	491	488	369	984
5	491	369	360	985
5	502	396	359	986
5	587	491	360	987
5	730	457	523	988
5	495	410	493	989
5	711	529	637	990
5	597	428	529	991
5	835	636	710	992
5	621	383	495	993
5	822	689	483	994
5	635	367	426	995
5	771	570	569	996
5	770	569	550	997
5	571	315	505	998
5	776	466	716	999
5	717	625	694	1000
5	901	852	695	1001
5	821	623	820	1002
5	599	414	500	1003
5	627	416	626	1004
5	626	416	353	1005
5	706	581	654	1006
5	587	396	502	1007
5	503	490	434	1008
5	503	434	443	1009
5	504	489	361	1010
5	504	361	392	1011
5	571	339	315	1012
5	572	311	339	1013
5	506	438	199	1014
5	943	917	743	1015
5	685	503	508	1016
5	910	681	850	1017
5	654	485	653	1018
5	987	801	800	1019
5	663	578	452	1020
5	852	663	695	1021
5	1199	1020	1198	1022
5	724	647	525	1023
5	698	578	663	1024
5	722	632	656	1025
5	859	692	847	1026
5	525	281	512	1027
5	513	512	350	1028
5	513	350	266	1029
5	566	335	303	1030
5	516	447	250	1031
5	1219	658	1080	1032
5	515	199	340	1033
5	1038	845	780	1034
5	551	303	442	1035
5	668	256	517	1036
5	868	661	515	1037
5	543	517	293	1038
5	518	319	262	1039
5	584	362	583	1040
5	527	355	519	1041
5	545	297	544	1042
5	631	296	422	1043
5	740	652	455	1044
5	752	552	665	1045
5	531	278	317	1046
5	522	317	276	1047
5	616	405	615	1048
5	782	584	583	1049
5	524	518	262	1050
5	524	262	263	1051
5	525	465	269	1052
5	525	269	281	1053
5	549	304	548	1054
5	757	556	756	1055
5	839	593	683	1056
5	591	378	527	1057
5	665	552	534	1058
5	742	696	468	1059
5	637	432	636	1060
5	637	373	432	1061
5	530	522	276	1062
5	530	276	286	1063
5	874	700	731	1064
5	747	544	700	1065
5	673	662	514	1066
5	773	505	699	1067
5	829	631	630	1068
5	765	565	564	1069
5	553	535	282	1070
5	537	287	323	1071
5	553	309	552	1072
5	537	323	535	1073
5	567	335	566	1074
5	566	303	551	1075
5	760	560	672	1076
5	744	542	541	1077
5	559	539	288	1078
5	558	289	538	1079
5	559	324	558	1080
5	759	559	758	1081
5	554	310	448	1082
5	554	469	310	1083
5	561	329	560	1084
5	542	292	541	1085
5	674	522	530	1086
5	1017	828	748	1087
5	889	758	728	1088
5	1528	1266	1364	1089
5	545	299	297	1090
5	630	422	298	1091
5	748	546	545	1092
5	546	299	545	1093
5	844	714	471	1094
5	630	298	546	1095
5	547	536	301	1096
5	547	301	318	1097
5	549	285	304	1098
5	549	526	285	1099
5	700	544	472	1100
5	715	678	458	1101
5	569	338	306	1102
5	570	254	338	1103
5	751	551	644	1104
5	567	516	250	1105
5	553	282	309	1106
5	552	309	283	1107
5	745	459	542	1108
5	672	560	470	1109
5	780	577	574	1110
5	776	573	466	1111
5	562	331	313	1112
5	563	300	331	1113
5	763	562	762	1114
5	738	473	532	1115
5	565	333	564	1116
5	642	316	557	1117
5	559	288	324	1118
5	558	324	289	1119
5	679	518	524	1120
5	753	553	752	1121
5	561	260	329	1122
5	560	329	265	1123
5	746	518	679	1124
5	734	528	733	1125
5	953	769	768	1126
5	563	331	562	1127
5	846	453	646	1128
5	699	505	469	1129
5	565	294	333	1130
5	564	333	314	1131
5	777	574	573	1132
5	845	646	577	1133
5	1086	856	1051	1134
5	723	511	579	1135
5	723	579	671	1136
5	669	456	511	1137
5	568	467	337	1138
5	568	337	446	1139
5	761	744	541	1140
5	570	338	569	1141
5	750	549	749	1142
5	1667	1374	1548	1143
5	1136	946	1047	1144
5	572	339	571	1145
5	676	550	461	1146
5	846	649	453	1147
5	773	571	505	1148
5	574	341	573	1149
5	1142	954	953	1150
5	577	327	574	1151
5	576	305	343	1152
5	576	461	305	1153
5	1037	714	844	1154
5	829	651	631	1155
5	1039	846	845	1156
5	646	344	577	1157
5	578	513	266	1158
5	578	266	347	1159
5	579	511	336	1160
5	579	336	445	1161
5	790	594	690	1162
5	633	351	627	1163
5	581	492	430	1164
5	581	430	431	1165
5	582	487	357	1166
5	582	357	349	1167
5	584	358	362	1168
5	589	363	377	1169
5	712	495	493	1170
5	585	358	584	1171
5	688	494	486	1172
5	589	377	585	1173
5	586	502	359	1174
5	586	359	368	1175
5	1092	867	661	1176
5	802	703	480	1177
5	592	366	395	1178
5	606	392	366	1179
5	1030	905	688	1180
5	590	363	589	1181
5	840	641	640	1182
5	1154	968	910	1183
5	803	605	703	1184
5	638	364	591	1185
5	789	592	588	1186
5	606	366	592	1187
5	640	437	370	1188
5	641	365	437	1189
5	595	352	372	1190
5	594	372	427	1191
5	794	500	718	1192
5	796	481	600	1193
5	787	519	590	1194
5	838	688	486	1195
5	597	596	374	1196
5	597	374	428	1197
5	598	500	379	1198
5	598	379	411	1199
5	793	596	792	1200
5	600	380	599	1201
5	821	624	623	1202
5	793	712	493	1203
5	612	602	386	1204
5	613	403	387	1205
5	611	389	604	1206
5	603	404	602	1207
5	683	593	488	1208
5	613	387	603	1209
5	611	401	389	1210
5	612	386	401	1211
5	609	399	391	1212
5	610	388	399	1213
5	681	586	492	1214
5	707	491	655	1215
5	803	609	605	1216
5	608	397	607	1217
5	840	640	839	1218
5	983	798	789	1219
5	708	489	504	1220
5	610	399	609	1221
5	812	615	684	1222
5	684	615	479	1223
5	810	614	613	1224
5	612	401	611	1225
5	1032	840	839	1226
5	801	608	607	1227
5	709	489	708	1228
5	614	403	613	1229
5	788	527	732	1230
5	682	487	582	1231
5	616	381	405	1232
5	620	264	408	1233
5	1026	834	1025	1234
5	619	381	616	1235
5	618	349	407	1236
5	618	582	349	1237
5	686	487	682	1238
5	782	583	686	1239
5	732	527	519	1240
5	620	408	619	1241
5	787	732	519	1242
5	785	589	585	1243
5	687	597	529	1244
5	622	409	621	1245
5	820	623	622	1246
5	623	382	622	1247
5	1001	813	877	1248
5	624	412	623	1249
5	713	496	481	1250
5	702	477	499	1251
5	625	499	415	1252
5	625	415	321	1253
5	781	580	501	1254
5	633	424	351	1255
5	911	702	902	1256
5	721	477	702	1257
5	826	628	825	1258
5	629	420	628	1259
5	827	733	463	1260
5	883	666	729	1261
5	651	520	631	1262
5	631	422	630	1263
5	715	497	714	1264
5	740	455	533	1265
5	632	510	423	1266
5	632	423	418	1267
5	791	595	790	1268
5	831	478	633	1269
5	718	500	598	1270
5	796	713	481	1271
5	831	633	830	1272
5	1007	819	818	1273
5	637	529	373	1274
5	636	432	376	1275
5	813	618	617	1276
5	836	638	591	1277
5	797	603	602	1278
5	639	436	638	1279
5	811	705	482	1280
5	705	684	479	1281
5	903	684	705	1282
5	641	437	640	1283
5	654	581	485	1284
5	817	730	523	1285
5	649	575	453	1286
5	643	441	642	1287
5	778	575	649	1288
5	770	550	676	1289
5	644	551	442	1290
5	644	442	307	1291
5	645	579	445	1292
5	645	445	348	1293
5	950	766	765	1294
5	937	752	855	1295
5	695	452	451	1296
5	1220	1045	1048	1297
5	648	548	474	1298
5	772	648	474	1299
5	778	576	575	1300
5	772	474	570	1301
5	650	476	459	1302
5	745	650	459	1303
5	756	556	520	1304
5	844	471	643	1305
5	735	522	674	1306
5	759	743	539	1307
5	1219	507	658	1308
5	863	685	849	1309
5	1069	983	1031	1310
5	1318	1171	1317	1311
5	719	586	681	1312
5	784	655	587	1313
5	656	632	509	1314
5	721	656	509	1315
5	657	653	490	1316
5	657	490	503	1317
5	658	507	439	1318
5	658	439	440	1319
5	691	438	659	1320
5	691	440	438	1321
5	1063	942	889	1322
5	909	891	678	1323
5	668	255	256	1324
5	868	515	726	1325
5	662	547	514	1326
5	1115	1079	873	1327
5	695	451	693	1328
5	1022	694	831	1329
5	664	555	464	1330
5	738	532	737	1331
5	696	538	468	1332
5	666	524	460	1333
5	728	538	696	1334
5	758	558	728	1335
5	667	617	457	1336
5	730	667	457	1337
5	853	517	660	1338
5	727	255	668	1339
5	673	514	467	1340
5	675	456	669	1341
5	1018	829	828	1342
5	672	470	670	1343
5	723	669	511	1344
5	1012	781	976	1345
5	1086	951	856	1346
5	1040	875	649	1347
5	680	568	675	1348
5	680	467	568	1349
5	735	531	522	1350
5	739	533	475	1351
5	680	673	467	1352
5	915	856	725	1353
5	779	576	778	1354
5	779	676	461	1355
5	677	674	530	1356
5	677	530	462	1357
5	678	670	454	1358
5	678	454	458	1359
5	896	666	883	1360
5	1134	943	1133	1361
5	856	751	725	1362
5	915	701	871	1363
5	719	502	586	1364
5	784	502	719	1365
5	814	618	813	1366
5	814	582	618	1367
5	841	588	641	1368
5	703	605	480	1369
5	993	807	806	1370
5	704	604	601	1371
5	867	659	506	1372
5	720	685	508	1373
5	1028	837	836	1374
5	838	486	639	1375
5	710	494	688	1376
5	711	687	529	1377
5	710	636	494	1378
5	999	903	705	1379
5	818	495	712	1380
5	819	622	621	1381
5	832	496	713	1382
5	1202	1024	1023	1383
5	720	508	507	1384
5	691	658	440	1385
5	692	671	645	1386
5	692	645	465	1387
5	695	663	452	1388
5	1267	1109	914	1389
5	823	580	781	1390
5	830	633	627	1391
5	1107	902	1054	1392
5	901	695	693	1393
5	728	558	538	1394
5	729	666	460	1395
5	697	664	464	1396
5	697	464	473	1397
5	724	512	698	1398
5	724	525	512	1399
5	755	554	754	1400
5	716	466	498	1401
5	747	545	544	1402
5	828	630	546	1403
5	725	644	536	1404
5	738	697	473	1405
5	1198	1020	1013	1406
5	864	693	722	1407
5	805	704	601	1408
5	806	604	704	1409
5	804	609	803	1410
5	1366	1224	1264	1411
5	809	603	797	1412
5	995	808	994	1413
5	706	681	492	1414
5	706	492	581	1415
5	707	683	488	1416
5	707	488	491	1417
5	709	484	489	1418
5	802	480	608	1419
5	995	797	808	1420
5	800	484	709	1421
5	991	805	804	1422
5	993	806	880	1423
5	865	812	684	1424
5	1002	812	865	1425
5	818	621	495	1426
5	820	622	819	1427
5	832	634	496	1428
5	833	635	634	1429
5	715	458	497	1430
5	714	497	471	1431
5	925	739	736	1432
5	921	735	674	1433
5	774	571	773	1434
5	775	716	498	1435
5	717	702	499	1436
5	717	499	625	1437
5	794	599	500	1438
5	795	600	599	1439
5	910	719	681	1440
5	1032	839	879	1441
5	1070	1032	879	1442
5	1068	857	863	1443
5	1021	831	830	1444
5	1026	884	690	1445
5	722	693	510	1446
5	722	510	632	1447
5	1253	1102	1225	1448
5	1258	1059	1082	1449
5	1221	1059	852	1450
5	1057	698	663	1451
5	954	737	769	1452
5	1060	913	859	1453
5	1222	1093	868	1454
5	1061	888	932	1455
5	727	726	340	1456
5	727	340	255	1457
5	893	670	891	1458
5	930	745	744	1459
5	922	735	921	1460
5	1289	1124	1064	1461
5	815	616	812	1462
5	1062	900	905	1463
5	731	700	472	1464
5	731	472	526	1465
5	788	591	527	1466
5	837	639	638	1467
5	734	462	528	1468
5	733	528	463	1469
5	941	757	756	1470
5	1015	826	1014	1471
5	855	752	665	1472
5	736	531	735	1473
5	938	753	937	1474
5	739	475	736	1475
5	767	551	751	1476
5	875	778	649	1477
5	958	872	648	1478
5	960	774	959	1479
5	929	742	928	1480
5	740	533	739	1481
5	1407	1228	1294	1482
5	1810	1652	1504	1483
5	742	468	537	1484
5	741	537	535	1485
5	855	665	854	1486
5	1014	826	825	1487
5	743	729	521	1488
5	743	521	539	1489
5	761	561	760	1490
5	745	542	744	1491
5	1019	651	829	1492
5	935	750	749	1493
5	1139	941	1076	1494
5	1120	854	927	1495
5	931	650	745	1496
5	748	545	747	1497
5	1014	825	869	1498
5	828	546	748	1499
5	750	526	549	1500
5	750	731	526	1501
5	920	885	677	1502
5	927	652	740	1503
5	767	566	551	1504
5	769	516	567	1505
5	753	535	553	1506
5	752	553	552	1507
5	929	916	696	1508
5	1213	1035	1212	1509
5	755	469	554	1510
5	755	699	469	1511
5	948	754	764	1512
5	939	755	754	1513
5	757	564	556	1514
5	766	557	565	1515
5	941	756	851	1516
5	765	564	757	1517
5	759	539	559	1518
5	758	559	558	1519
5	1120	1085	854	1520
5	922	736	735	1521
5	761	541	561	1522
5	760	561	560	1523
5	956	771	770	1524
5	935	749	872	1525
5	763	563	562	1526
5	764	540	563	1527
5	959	774	773	1528
5	764	563	763	1529
5	963	777	776	1530
5	961	775	960	1531
5	891	670	678	1532
5	766	565	765	1533
5	1035	843	842	1534
5	842	557	766	1535
5	915	725	701	1536
5	768	566	767	1537
5	948	939	754	1538
5	769	567	768	1539
5	947	763	946	1540
5	1040	649	846	1541
5	872	749	648	1542
5	771	569	770	1543
5	956	770	955	1544
5	772	570	771	1545
5	965	778	875	1546
5	957	772	771	1547
5	774	572	571	1548
5	775	572	774	1549
5	952	767	951	1550
5	859	671	692	1551
5	871	701	662	1552
5	923	738	737	1553
5	873	664	697	1554
5	777	573	776	1555
5	873	848	664	1556
5	780	574	777	1557
5	779	461	576	1558
5	933	747	700	1559
5	1127	935	1067	1560
5	934	748	747	1561
5	946	763	762	1562
5	845	577	780	1563
5	823	626	580	1564
5	824	627	626	1565
5	783	585	584	1566
5	786	590	589	1567
5	1029	838	837	1568
5	785	585	783	1569
5	986	709	904	1570
5	985	904	708	1571
5	967	782	858	1572
5	786	589	785	1573
5	970	783	967	1574
5	787	590	786	1575
5	900	835	710	1576
5	973	732	787	1577
5	1011	689	822	1578
5	836	591	788	1579
5	798	606	592	1580
5	799	504	606	1581
5	791	501	595	1582
5	790	595	594	1583
5	1008	820	819	1584
5	1020	830	824	1585
5	793	493	596	1586
5	792	596	597	1587
5	1027	836	788	1588
5	906	835	900	1589
5	981	795	980	1590
5	795	599	794	1591
5	1020	824	1013	1592
5	796	600	795	1593
5	975	791	790	1594
5	976	791	975	1595
5	809	613	603	1596
5	811	482	614	1597
5	1081	850	876	1598
5	799	606	798	1599
5	969	862	655	1600
5	1257	1081	1239	1601
5	898	803	703	1602
5	801	607	800	1603
5	904	709	708	1604
5	802	608	801	1605
5	878	707	862	1606
5	998	811	810	1607
5	804	610	609	1608
5	805	601	610	1609
5	880	806	704	1610
5	805	610	804	1611
5	989	898	703	1612
5	1078	857	1068	1613
5	807	612	611	1614
5	808	602	612	1615
5	1209	1029	1208	1616
5	808	612	807	1617
5	1182	1002	1073	1618
5	877	813	667	1619
5	1253	1056	1102	1620
5	810	613	809	1621
5	1004	817	816	1622
5	811	614	810	1623
5	903	865	684	1624
5	1159	972	971	1625
5	815	619	616	1626
5	817	523	620	1627
5	814	682	582	1628
5	971	786	785	1629
5	882	792	687	1630
5	1102	1056	901	1631
5	879	683	878	1632
5	816	619	815	1633
5	1002	815	812	1634
5	817	620	816	1635
5	907	882	687	1636
5	1006	818	712	1637
5	977	793	792	1638
5	819	621	818	1639
5	1025	834	833	1640
5	822	624	821	1641
5	1025	833	1024	1642
5	822	483	624	1643
5	1012	823	781	1644
5	975	790	884	1645
5	979	718	881	1646
5	981	796	795	1647
5	1013	823	1012	1648
5	979	794	718	1649
5	976	781	791	1650
5	830	627	824	1651
5	826	629	628	1652
5	827	463	629	1653
5	1019	829	1018	1654
5	827	629	826	1655
5	869	825	650	1656
5	894	760	672	1657
5	949	757	941	1658
5	829	630	828	1659
5	1037	908	714	1660
5	1145	955	1144	1661
5	1056	852	901	1662
5	911	721	702	1663
5	901	693	864	1664
5	902	717	860	1665
5	982	796	981	1666
5	833	634	832	1667
5	977	792	882	1668
5	834	635	833	1669
5	967	783	782	1670
5	1104	907	906	1671
5	835	711	637	1672
5	835	637	636	1673
5	978	712	793	1674
5	837	638	836	1675
5	1030	688	838	1676
5	838	639	837	1677
5	1003	815	1002	1678
5	878	683	707	1679
5	1367	1092	1265	1680
5	841	641	840	1681
5	984	798	983	1682
5	841	789	588	1683
5	1226	1090	1156	1684
5	876	706	654	1685
5	921	674	885	1686
5	843	642	842	1687
5	931	869	650	1688
5	844	643	843	1689
5	894	672	893	1690
5	909	715	908	1691
5	870	773	699	1692
5	846	646	845	1693
5	961	716	775	1694
5	959	773	870	1695
5	847	692	647	1696
5	914	647	724	1697
5	848	762	664	1698
5	1138	1131	939	1699
5	1044	691	659	1700
5	1686	1371	1519	1701
5	1154	910	1049	1702
5	857	653	657	1703
5	851	756	651	1704
5	1148	872	958	1705
5	1082	724	1058	1706
5	914	847	647	1707
5	1506	863	1042	1708
5	1083	726	727	1709
5	854	665	652	1710
5	927	854	652	1711
5	1101	891	909	1712
5	1260	1100	1228	1713
5	954	923	737	1714
5	1308	1152	1307	1715
5	876	850	706	1716
5	887	653	857	1717
5	858	782	686	1718
5	899	858	686	1719
5	1231	1045	1220	1720
5	1507	1408	1431	1721
5	860	717	694	1722
5	1336	1191	1335	1723
5	1369	1220	1271	1724
5	1598	1554	1440	1725
5	968	719	910	1726
5	1156	862	969	1727
5	863	857	657	1728
5	863	657	685	1729
5	1162	975	884	1730
5	1167	980	1166	1731
5	1005	918	730	1732
5	1278	1105	1104	1733
5	866	864	722	1734
5	866	722	656	1735
5	1406	1093	1222	1736
5	1264	1224	1078	1737
5	1527	1061	932	1738
5	1371	888	1227	1739
5	1016	919	733	1740
5	885	674	677	1741
5	940	755	939	1742
5	962	716	961	1743
5	1140	952	951	1744
5	1094	890	1041	1745
5	1217	875	1040	1746
5	955	770	676	1747
5	924	738	923	1748
5	924	697	738	1749
5	936	750	935	1750
5	933	700	874	1751
5	1150	960	1149	1752
5	958	648	772	1753
5	1171	985	1170	1754
5	1155	968	1154	1755
5	1077	905	1030	1756
5	899	686	682	1757
5	879	839	683	1758
5	1033	840	1032	1759
5	1078	887	857	1760
5	1171	904	985	1761
5	990	803	898	1762
5	996	797	995	1763
5	881	718	689	1764
5	1011	881	689	1765
5	1006	712	978	1766
5	1010	822	821	1767
5	1135	945	944	1768
5	917	883	729	1769
5	980	794	979	1770
5	1024	833	832	1771
5	920	734	919	1772
5	925	736	922	1773
5	1508	720	886	1774
5	886	720	507	1775
5	887	876	654	1776
5	887	654	653	1777
5	932	679	896	1778
5	932	746	679	1779
5	917	729	743	1780
5	942	758	889	1781
5	890	871	662	1782
5	890	662	673	1783
5	893	672	670	1784
5	945	930	744	1785
5	892	861	669	1786
5	892	669	723	1787
5	1113	921	885	1788
5	944	760	894	1789
5	1046	944	894	1790
5	1195	1111	919	1791
5	895	890	673	1792
5	895	673	680	1793
5	932	888	746	1794
5	896	679	666	1795
5	897	895	680	1796
5	897	680	675	1797
5	990	804	803	1798
5	992	704	805	1799
5	1071	1000	1001	1800
5	1206	1027	974	1801
5	906	711	835	1802
5	907	687	711	1803
5	1108	1055	912	1804
5	1221	852	1056	1805
5	912	656	721	1806
5	912	721	911	1807
5	994	807	993	1808
5	1180	996	1179	1809
5	986	800	709	1810
5	989	703	802	1811
5	905	900	710	1812
5	905	710	688	1813
5	1190	881	1011	1814
5	907	711	906	1815
5	1187	1009	1008	1816
5	1165	978	977	1817
5	909	678	715	1818
5	908	715	714	1819
5	1123	1066	931	1820
5	1119	927	926	1821
5	968	784	719	1822
5	969	655	784	1823
5	1335	1163	1313	1824
5	912	866	656	1825
5	1229	1087	1109	1826
5	1205	884	1026	1827
5	913	892	723	1828
5	913	723	671	1829
5	1091	864	866	1830
5	1060	1050	913	1831
5	1269	1140	1086	1832
5	1151	961	1150	1833
5	916	889	728	1834
5	916	728	696	1835
5	943	759	942	1836
5	1228	1100	1134	1837
5	918	877	667	1838
5	918	667	730	1839
5	920	677	734	1840
5	919	734	733	1841
5	1144	964	1095	1842
5	1217	1096	875	1843
5	1146	957	956	1844
5	926	740	739	1845
5	1238	1076	1197	1846
5	1195	919	1016	1847
5	924	873	697	1848
5	1321	1177	1176	1849
5	1153	966	963	1850
5	1290	1128	1247	1851
5	1283	1112	1111	1852
5	926	739	925	1853
5	1121	929	928	1854
5	927	740	926	1855
5	1129	937	1065	1856
5	1085	855	854	1857
5	929	696	742	1858
5	928	742	741	1859
5	1063	889	1043	1860
5	1133	942	1063	1861
5	945	761	944	1862
5	931	745	930	1863
5	1123	930	945	1864
5	1065	937	855	1865
5	1286	1117	1284	1866
5	1604	1461	1460	1867
5	1283	1113	1112	1868
5	934	747	933	1869
5	1194	1016	1015	1870
5	1017	748	934	1871
5	936	731	750	1872
5	936	874	731	1873
5	1125	933	874	1874
5	1139	949	941	1875
5	938	741	753	1876
5	937	753	752	1877
5	1130	1121	928	1878
5	1227	888	1061	1879
5	940	699	755	1880
5	940	870	699	1881
5	1131	940	939	1882
5	1052	959	870	1883
5	949	765	757	1884
5	1034	842	766	1885
5	943	743	759	1886
5	942	759	758	1887
5	1368	1227	1061	1888
5	1124	932	896	1889
5	945	744	761	1890
5	944	761	760	1891
5	1117	925	922	1892
5	1123	945	1135	1893
5	947	764	763	1894
5	948	764	947	1895
5	1297	1136	1244	1896
5	1106	908	1037	1897
5	1095	964	965	1898
5	1304	1144	1240	1899
5	1149	960	959	1900
5	950	765	949	1901
5	1320	1176	1175	1902
5	1034	766	950	1903
5	952	768	767	1904
5	953	768	952	1905
5	1089	892	1050	1906
5	1282	1094	1236	1907
5	1430	1280	1373	1908
5	954	769	953	1909
5	1137	947	1136	1910
5	1151	962	961	1911
5	1146	956	1145	1912
5	1212	950	1139	1913
5	1152	962	1151	1914
5	957	771	956	1915
5	1197	1017	1196	1916
5	958	772	957	1917
5	1340	1126	1290	1918
5	1196	1017	934	1919
5	960	775	774	1920
5	962	776	716	1921
5	1110	1051	915	1922
5	963	776	962	1923
5	1094	871	890	1924
5	966	780	777	1925
5	1140	951	1086	1926
5	1425	1282	1370	1927
5	1079	1047	848	1928
5	966	777	963	1929
5	964	955	676	1930
5	964	676	779	1931
5	965	964	779	1932
5	965	779	778	1933
5	1298	1293	1131	1934
5	1038	780	966	1935
5	970	785	783	1936
5	972	787	786	1937
5	1169	983	1069	1938
5	969	784	968	1939
5	1173	987	986	1940
5	1090	878	862	1941
5	1182	1003	1002	1942
5	971	785	970	1943
5	1183	918	1005	1944
5	972	786	971	1945
5	1259	1087	1229	1946
5	973	787	972	1947
5	1179	995	994	1948
5	974	732	973	1949
5	1074	880	1178	1950
5	1027	788	974	1951
5	1185	1007	1006	1952
5	1013	824	823	1953
5	1347	1201	1346	1954
5	1343	1199	1198	1955
5	1172	986	904	1956
5	1007	818	1006	1957
5	1160	973	972	1958
5	1008	819	1007	1959
5	980	795	794	1960
5	982	713	796	1961
5	1168	981	1167	1962
5	1023	832	713	1963
5	1191	1012	976	1964
5	1205	1162	884	1965
5	1332	1188	1331	1966
5	1023	713	982	1967
5	984	799	798	1968
5	985	708	799	1969
5	1310	1226	1156	1970
5	985	799	984	1971
5	1318	1173	1172	1972
5	1176	989	1175	1973
5	1169	984	983	1974
5	987	800	986	1975
5	1178	991	1177	1976
5	988	801	987	1977
5	1177	991	990	1978
5	989	802	988	1979
5	1174	988	987	1980
5	1310	1156	1155	1981
5	1181	1073	903	1982
5	991	804	990	1983
5	1175	989	988	1984
5	992	805	991	1985
5	1170	984	1169	1986
5	1157	970	967	1987
5	994	808	807	1988
5	999	705	811	1989
5	1172	904	1171	1990
5	997	810	809	1991
5	1161	974	973	1992
5	1207	1028	1027	1993
5	1075	967	858	1994
5	997	809	996	1995
5	1101	1046	893	1996
5	998	810	997	1997
5	1584	1430	1509	1998
5	999	811	998	1999
5	1073	865	903	2000
5	1183	1098	918	2001
5	1000	899	682	2002
5	1000	682	814	2003
5	1001	1000	814	2004
5	1001	814	813	2005
5	1003	816	815	2006
5	1005	730	817	2007
5	1181	903	999	2008
5	1004	816	1003	2009
5	1178	880	992	2010
5	1005	817	1004	2011
5	1073	1002	865	2012
5	1183	1004	1182	2013
5	1189	1011	1010	2014
5	1009	821	820	2015
5	1104	906	1103	2016
5	1334	1250	1053	2017
5	1166	980	979	2018
5	1009	820	1008	2019
5	1203	1025	1024	2020
5	1010	821	1009	2021
5	1191	976	1163	2022
5	1011	822	1010	2023
5	1166	979	1053	2024
5	1168	982	981	2025
5	1192	1013	1012	2026
5	1021	830	1020	2027
5	1201	982	1168	2028
5	1022	831	1021	2029
5	1015	827	826	2030
5	1016	733	827	2031
5	1046	894	893	2032
5	1016	827	1015	2033
5	1212	1034	950	2034
5	1128	936	1127	2035
5	1135	944	1046	2036
5	1018	828	1017	2037
5	1106	1101	909	2038
5	1019	851	651	2039
5	1076	941	851	2040
5	1212	1035	1034	2041
5	1415	1056	1253	2042
5	1163	975	1162	2043
5	1349	1203	1348	2044
5	1022	860	694	2045
5	1091	866	1055	2046
5	1055	866	912	2047
5	1192	1012	1191	2048
5	1024	832	1023	2049
5	1164	977	882	2050
5	1026	690	834	2051
5	1184	1006	978	2052
5	1103	900	1062	2053
5	1179	996	995	2054
5	1105	882	907	2055
5	1072	899	1000	2056
5	1028	836	1027	2057
5	1180	998	997	2058
5	1029	837	1028	2059
5	1105	907	1104	2060
5	1030	838	1029	2061
5	1103	906	900	2062
5	1188	1010	1009	2063
5	1031	983	789	2064
5	1031	789	841	2065
5	1033	841	840	2066
5	1033	1031	841	2067
5	1355	1211	1210	2068
5	1517	1470	1397	2069
5	1076	851	1019	2070
5	1035	842	1034	2071
5	1118	926	925	2072
5	1036	843	1035	2073
5	1066	869	931	2074
5	1037	844	1036	2075
5	1085	1065	855	2076
5	1122	929	1121	2077
5	1136	947	946	2078
5	1039	845	1038	2079
5	1214	1038	966	2080
5	1040	846	1039	2081
5	1149	959	1052	2082
5	1216	1040	1039	2083
5	1050	892	913	2084
5	1422	1270	1246	2085
5	1042	863	849	2086
5	1044	659	867	2087
5	1436	1289	1260	2088
5	1122	916	929	2089
5	1256	691	1044	2090
5	1080	658	691	2091
5	1045	1041	895	2092
5	1045	895	897	2093
5	1101	893	891	2094
5	1106	1037	1213	2095
5	1047	946	848	2096
5	1273	1051	1110	2097
5	1048	1045	897	2098
5	1048	897	861	2099
5	1049	910	850	2100
5	1326	1073	1181	2101
5	1089	861	892	2102
5	1089	1048	861	2103
5	1143	923	954	2104
5	1079	848	873	2105
5	1132	940	1131	2106
5	1290	1126	1125	2107
5	1053	979	881	2108
5	1190	1053	881	2109
5	1054	902	860	2110
5	1200	1088	1022	2111
5	1108	911	1107	2112
5	1270	1050	1246	2113
5	1102	864	1091	2114
5	1102	901	864	2115
5	1058	698	1057	2116
5	1058	724	698	2117
5	1082	914	724	2118
5	1258	1057	1059	2119
5	1059	1057	663	2120
5	1059	663	852	2121
5	1246	1050	1060	2122
5	1345	1200	1344	2123
5	1356	1243	1212	2124
5	1124	896	1064	2125
5	1405	1310	1376	2126
5	1077	1062	905	2127
5	1064	896	883	2128
5	1294	1133	1223	2129
5	1443	1295	1377	2130
5	1134	917	943	2131
5	1193	1015	1014	2132
5	1338	1195	1194	2133
5	1111	920	919	2134
5	1066	1014	869	2135
5	1067	935	872	2136
5	1148	1067	872	2137
5	1097	887	1078	2138
5	1081	1049	850	2139
5	1210	1032	1070	2140
5	1211	1031	1033	2141
5	1210	1033	1032	2142
5	1211	1069	1031	2143
5	1249	1079	1248	2144
5	1157	967	1075	2145
5	1312	1160	1311	2146
5	1072	1000	1071	2147
5	1071	1001	877	2148
5	1182	1004	1003	2149
5	1181	998	1180	2150
5	1074	994	993	2151
5	1072	1075	858	2152
5	1378	1232	1353	2153
5	1139	950	949	2154
5	1127	936	935	2155
5	1158	970	1157	2156
5	1208	1029	1028	2157
5	1323	1074	1322	2158
5	1239	1097	1224	2159
5	1141	952	1140	2160
5	1231	1041	1045	2161
5	1550	1367	1265	2162
5	1754	1607	1753	2163
5	1126	933	1125	2164
5	1197	1018	1017	2165
5	1267	914	1082	2166
5	1281	1235	1055	2167
5	1289	1064	1260	2168
5	1233	867	1092	2169
5	1268	727	1084	2170
5	1084	727	668	2171
5	1112	920	1111	2172
5	1563	1452	1533	2173
5	1411	1259	1375	2174
5	1115	873	924	2175
5	1087	1060	859	2176
5	1087	859	847	2177
5	1088	1054	860	2178
5	1088	860	1022	2179
5	1449	1304	1448	2180
5	1303	1116	1143	2181
5	1099	879	878	2182
5	1099	1070	879	2183
5	1277	1103	1062	2184
5	1072	858	899	2185
5	1233	1044	867	2186
5	1222	868	1083	2187
5	1093	1092	661	2188
5	1093	661	868	2189
5	1110	915	871	2190
5	1270	1089	1050	2191
5	1144	955	964	2192
5	1145	956	955	2193
5	1096	1095	965	2194
5	1096	965	875	2195
5	1097	1081	876	2196
5	1097	876	887	2197
5	1098	1071	877	2198
5	1098	877	918	2199
5	1354	1070	1275	2200
5	1318	1172	1171	2201
5	1100	1064	883	2202
5	1100	883	917	2203
5	1262	1075	1072	2204
5	1382	1351	1350	2205
5	1179	994	1074	2206
5	1074	993	880	2207
5	1352	1207	1206	2208
5	1164	882	1105	2209
5	1322	1178	1316	2210
5	1165	977	1164	2211
5	1276	1071	1272	2212
5	1184	978	1165	2213
5	1106	909	908	2214
5	1357	1213	1243	2215
5	1108	912	911	2216
5	1107	911	902	2217
5	1721	1375	1577	2218
5	1383	1234	1254	2219
5	1109	1087	847	2220
5	1109	847	914	2221
5	1384	1220	1369	2222
5	1269	1086	1230	2223
5	1112	885	920	2224
5	1114	922	921	2225
5	1284	1117	1114	2226
5	1113	885	1112	2227
5	1338	1194	1193	2228
5	1114	921	1113	2229
5	1339	1283	1111	2230
5	1117	922	1114	2231
5	1385	1247	1306	2232
5	1141	953	952	2233
5	1116	1115	924	2234
5	1116	924	923	2235
5	1242	1065	1085	2236
5	1118	925	1117	2237
5	1389	1223	1237	2238
5	1119	926	1118	2239
5	1292	1130	1291	2240
5	1120	927	1119	2241
5	1439	1416	1288	2242
5	1255	1043	1122	2243
5	1130	938	1129	2244
5	1122	1043	916	2245
5	1433	1380	1286	2246
5	1589	1438	1510	2247
5	1123	931	930	2248
5	1193	1014	1066	2249
5	1286	1118	1117	2250
5	1287	1119	1286	2251
5	1126	934	933	2252
5	1197	1076	1019	2253
5	1295	1123	1135	2254
5	1196	934	1126	2255
5	1128	874	936	2256
5	1128	1125	874	2257
5	1452	1357	1387	2258
5	1450	1293	1446	2259
5	1130	928	938	2260
5	1129	938	937	2261
5	1337	1066	1296	2262
5	1435	1386	1241	2263
5	1132	870	940	2264
5	1132	1052	870	2265
5	1360	1216	1359	2266
5	1240	1144	1095	2267
5	1134	1100	917	2268
5	1133	943	942	2269
5	1511	1222	1420	2270
5	1953	1664	1706	2271
5	1285	1248	1115	2272
5	1245	1052	1293	2273
5	1137	948	947	2274
5	1138	939	948	2275
5	1293	1132	1131	2276
5	1138	948	1137	2277
5	1307	1152	1151	2278
5	1298	1131	1138	2279
5	1299	1076	1238	2280
5	1213	1037	1036	2281
5	1143	954	1142	2282
5	1142	953	1141	2283
5	1300	1141	1140	2284
5	1143	1116	923	2285
5	1557	1381	1552	2286
5	1297	1138	1137	2287
5	1365	1302	1301	2288
5	1586	1525	1380	2289
5	1240	1095	1096	2290
5	1147	958	957	2291
5	1308	1214	1153	2292
5	1245	1150	1149	2293
5	1304	1145	1144	2294
5	1147	957	1146	2295
5	1359	1214	1308	2296
5	1148	958	1147	2297
5	1360	1240	1096	2298
5	1411	1246	1259	2299
5	1150	961	960	2300
5	1152	963	962	2301
5	1305	1146	1304	2302
5	1153	963	1152	2303
5	1305	1148	1147	2304
5	1214	966	1153	2305
5	1359	1216	1215	2306
5	1215	1039	1038	2307
5	1306	1067	1148	2308
5	1307	1151	1150	2309
5	1155	969	968	2310
5	1156	1090	862	2311
5	1515	1080	1256	2312
5	1156	969	1155	2313
5	1899	1755	1754	2314
5	1274	1090	1226	2315
5	1158	971	970	2316
5	1209	1030	1029	2317
5	1232	1062	1077	2318
5	1159	971	1158	2319
5	1259	1060	1087	2320
5	1160	972	1159	2321
5	1329	1272	1098	2322
5	1161	973	1160	2323
5	1348	1203	1202	2324
5	1206	974	1161	2325
5	1163	976	975	2326
5	1199	1021	1020	2327
5	1333	1190	1189	2328
5	1200	1021	1199	2329
5	1277	1104	1103	2330
5	1185	1006	1184	2331
5	1346	1168	1315	2332
5	1186	1008	1007	2333
5	1167	981	980	2334
5	1201	1023	982	2335
5	1315	1168	1167	2336
5	1202	1023	1201	2337
5	1336	1192	1191	2338
5	1203	1024	1202	2339
5	1170	985	984	2340
5	1274	1099	1090	2341
5	1746	1600	1570	2342
5	1173	986	1172	2343
5	1462	1459	1321	2344
5	1174	987	1173	2345
5	1641	1426	1583	2346
5	1175	988	1174	2347
5	1239	1081	1097	2348
5	1176	990	898	2349
5	1355	1210	1354	2350
5	1176	898	989	2351
5	1252	1069	1211	2352
5	1317	1169	1252	2353
5	1317	1171	1170	2354
5	1177	990	1176	2355
5	1252	1169	1069	2356
5	1178	992	991	2357
5	1464	1322	1463	2358
5	1180	997	996	2359
5	1311	1159	1158	2360
5	1181	999	998	2361
5	1272	1071	1098	2362
5	1329	1098	1183	2363
5	1325	1181	1180	2364
5	1316	1178	1177	2365
5	1317	1170	1169	2366
5	1183	1005	1004	2367
5	1276	1072	1071	2368
5	1328	1183	1182	2369
5	1343	1198	1342	2370
5	1259	1246	1060	2371
5	1351	1313	1162	2372
5	1186	1007	1185	2373
5	1331	1186	1330	2374
5	1187	1008	1186	2375
5	1330	1185	1184	2376
5	1188	1009	1187	2377
5	1277	1062	1232	2378
5	1189	1010	1188	2379
5	1620	1456	1475	2380
5	1190	1011	1189	2381
5	1342	1192	1336	2382
5	1330	1186	1185	2383
5	1351	1162	1205	2384
5	1374	1253	1225	2385
5	1280	1107	1234	2386
5	1198	1013	1192	2387
5	1284	1114	1113	2388
5	1194	1015	1193	2389
5	1291	1129	1241	2390
5	1195	1016	1194	2391
5	1241	1129	1065	2392
5	1287	1120	1119	2393
5	1284	1113	1283	2394
5	1197	1019	1018	2395
5	1295	1135	1261	2396
5	1358	1106	1357	2397
5	1234	1107	1054	2398
5	1200	1022	1021	2399
5	1345	1254	1088	2400
5	1344	1199	1343	2401
5	1342	1198	1192	2402
5	1313	1163	1162	2403
5	1335	1191	1163	2404
5	1204	1026	1025	2405
5	1349	1204	1203	2406
5	1350	1205	1204	2407
5	1492	1312	1311	2408
5	1204	1025	1203	2409
5	1263	1157	1075	2410
5	1205	1026	1204	2411
5	1278	1164	1105	2412
5	1346	1201	1168	2413
5	1323	1179	1074	2414
5	1207	1027	1206	2415
5	1314	1184	1165	2416
5	1208	1028	1207	2417
5	1263	1158	1157	2418
5	1209	1077	1030	2419
5	1353	1209	1208	2420
5	1232	1077	1209	2421
5	1319	1175	1174	2422
5	1211	1033	1210	2423
5	1321	1316	1177	2424
5	1324	1179	1323	2425
5	1478	1296	1443	2426
5	1213	1036	1035	2427
5	1370	1282	1236	2428
5	1243	1213	1212	2429
5	1654	1531	1581	2430
5	1215	1038	1214	2431
5	1285	1115	1116	2432
5	1216	1039	1215	2433
5	1384	1231	1220	2434
5	1217	1040	1216	2435
5	1306	1247	1067	2436
5	1247	1127	1067	2437
5	1218	1084	668	2438
5	1218	668	517	2439
5	1521	1233	1367	2440
5	1219	886	507	2441
5	1271	1048	1089	2442
5	1271	1089	1270	2443
5	1403	1082	1059	2444
5	1403	1267	1082	2445
5	1264	1078	1068	2446
5	1260	1064	1100	2447
5	1223	1133	1063	2448
5	1514	1404	1416	2449
5	1224	1097	1078	2450
5	1562	1428	1538	2451
5	1225	1102	1091	2452
5	1235	1225	1091	2453
5	1495	1275	1426	2454
5	1309	1155	1154	2455
5	1420	1083	1268	2456
5	1519	1227	1518	2457
5	1436	1260	1417	2458
5	1439	1292	1438	2459
5	1423	1369	1271	2460
5	1423	1270	1422	2461
5	1236	1041	1231	2462
5	1558	1391	1557	2463
5	1236	1094	1041	2464
5	1273	1230	1051	2465
5	1319	1173	1318	2466
5	1278	1104	1277	2467
5	1684	1662	1401	2468
5	1265	1092	1093	2469
5	1235	1091	1055	2470
5	1476	1313	1382	2471
5	1281	1108	1280	2472
5	1628	1482	1627	2473
5	1365	1303	1302	2474
5	1647	1499	1646	2475
5	1237	1223	1063	2476
5	1237	1063	1043	2477
5	1340	1196	1126	2478
5	1290	1125	1128	2479
5	1251	1154	1049	2480
5	1309	1154	1251	2481
5	1399	1279	1358	2482
5	1247	1128	1127	2483
5	1292	1288	1121	2484
5	1255	1237	1043	2485
5	1242	1120	1287	2486
5	1242	1241	1065	2487
5	1356	1139	1299	2488
5	1261	1135	1046	2489
5	1244	1136	1047	2490
5	1248	1079	1115	2491
5	1293	1052	1132	2492
5	1307	1150	1245	2493
5	1375	1259	1229	2494
5	1391	1230	1381	2495
5	1304	1146	1145	2496
5	1305	1147	1146	2497
5	1249	1047	1079	2498
5	1249	1244	1047	2499
5	1447	1301	1300	2500
5	1568	1412	1564	2501
5	1315	1167	1250	2502
5	1250	1167	1166	2503
5	1559	1402	1080	2504
5	1426	1274	1396	2505
5	1275	1099	1274	2506
5	1319	1174	1173	2507
5	1419	1109	1267	2508
5	1419	1229	1109	2509
5	1254	1234	1054	2510
5	1254	1054	1088	2511
5	1573	1407	1565	2512
5	1438	1291	1386	2513
5	1379	1042	1266	2514
5	1256	1080	691	2515
5	1257	1251	1049	2516
5	1257	1049	1081	2517
5	1258	1082	1058	2518
5	1258	1058	1057	2519
5	1347	1202	1201	2520
5	1330	1184	1314	2521
5	1518	1227	1368	2522
5	1390	1294	1223	2523
5	1622	1443	1526	2524
5	1358	1101	1106	2525
5	1496	1457	1252	2526
5	1263	1075	1262	2527
5	1312	1206	1161	2528
5	1311	1158	1263	2529
5	1527	1368	1061	2530
5	1687	1512	1513	2531
5	1367	1233	1092	2532
5	1266	1042	849	2533
5	1460	1319	1318	2534
5	1664	1518	1368	2535
5	1415	1221	1056	2536
5	1548	1374	1408	2537
5	1530	1268	1084	2538
5	1268	1083	727	2539
5	1391	1269	1230	2540
5	1300	1140	1269	2541
5	1663	1415	1571	2542
5	1271	1220	1048	2543
5	1447	1300	1392	2544
5	1392	1300	1269	2545
5	1276	1262	1072	2546
5	1640	1494	1493	2547
5	1413	1249	1412	2548
5	1381	1230	1273	2549
5	1275	1070	1099	2550
5	1354	1210	1070	2551
5	1460	1318	1458	2552
5	1355	1252	1211	2553
5	1469	1429	1328	2554
5	1464	1323	1322	2555
5	1428	1232	1378	2556
5	1332	1189	1188	2557
5	1250	1166	1053	2558
5	1455	1311	1263	2559
5	1279	1261	1046	2560
5	1279	1046	1101	2561
5	1281	1055	1108	2562
5	1280	1108	1107	2563
5	1431	1281	1430	2564
5	1572	1419	1267	2565
5	1282	1273	1110	2566
5	1282	1110	1094	2567
5	1296	1123	1295	2568
5	1296	1066	1123	2569
5	1301	1141	1300	2570
5	1242	1085	1120	2571
5	1647	1500	1499	2572
5	1286	1119	1118	2573
5	1444	1297	1244	2574
5	1387	1357	1243	2575
5	1443	1296	1295	2576
5	1380	1287	1286	2577
5	1288	1255	1122	2578
5	1288	1122	1121	2579
5	1723	1688	1417	2580
5	1512	1289	1436	2581
5	1437	1247	1385	2582
5	1341	1197	1196	2583
5	1292	1121	1130	2584
5	1291	1130	1129	2585
5	1390	1223	1389	2586
5	1386	1291	1241	2587
5	1297	1137	1136	2588
5	1625	1437	1534	2589
5	1294	1228	1134	2590
5	1294	1134	1133	2591
5	1437	1290	1247	2592
5	1337	1193	1066	2593
5	1441	1338	1337	2594
5	1338	1193	1337	2595
5	1400	1248	1285	2596
5	1298	1138	1297	2597
5	1450	1245	1293	2598
5	1412	1248	1400	2599
5	1356	1212	1139	2600
5	1299	1139	1076	2601
5	1301	1142	1141	2602
5	1302	1143	1142	2603
5	1392	1269	1391	2604
5	1302	1142	1301	2605
5	1303	1285	1116	2606
5	1303	1143	1302	2607
5	1359	1215	1214	2608
5	1245	1149	1052	2609
5	1502	1448	1240	2610
5	1388	1299	1238	2611
5	1480	1290	1437	2612
5	1306	1148	1305	2613
5	1421	1303	1365	2614
5	1448	1304	1240	2615
5	1444	1244	1413	2616
5	1360	1096	1217	2617
5	1479	1432	1283	2618
5	1308	1153	1152	2619
5	1458	1318	1317	2620
5	1310	1155	1309	2621
5	1311	1160	1159	2622
5	1353	1208	1352	2623
5	1602	1455	1454	2624
5	1493	1352	1312	2625
5	1352	1206	1312	2626
5	1312	1161	1160	2627
5	1314	1164	1278	2628
5	1331	1188	1187	2629
5	1314	1165	1164	2630
5	1331	1187	1186	2631
5	1485	1345	1344	2632
5	1348	1202	1347	2633
5	1322	1074	1178	2634
5	1324	1180	1179	2635
5	1395	1224	1366	2636
5	1396	1274	1226	2637
5	2029	1881	2028	2638
5	1321	1176	1320	2639
5	1466	1325	1324	2640
5	1320	1175	1319	2641
5	1463	1322	1316	2642
5	1426	1275	1274	2643
5	1495	1355	1354	2644
5	1463	1316	1459	2645
5	1454	1263	1262	2646
5	1325	1180	1324	2647
5	1454	1262	1424	2648
5	1326	1181	1325	2649
5	1427	1272	1398	2650
5	1327	1182	1073	2651
5	1398	1272	1329	2652
5	1468	1327	1326	2653
5	1467	1326	1325	2654
5	1327	1073	1326	2655
5	1459	1316	1321	2656
5	1328	1182	1327	2657
5	1603	1457	1536	2658
5	1329	1183	1328	2659
5	1489	1347	1488	2660
5	1618	1471	1615	2661
5	1488	1347	1346	2662
5	1333	1189	1332	2663
5	1468	1326	1467	2664
5	1334	1053	1190	2665
5	1458	1317	1457	2666
5	1467	1325	1466	2667
5	1397	1278	1277	2668
5	1334	1190	1333	2669
5	1627	1477	1621	2670
5	1476	1335	1313	2671
5	1617	1475	1474	2672
5	1490	1349	1348	2673
5	1487	1315	1456	2674
5	1345	1088	1200	2675
5	1407	1294	1390	2676
5	1434	1287	1380	2677
5	1339	1195	1338	2678
5	1339	1111	1195	2679
5	1442	1338	1441	2680
5	1478	1441	1337	2681
5	1341	1238	1197	2682
5	1341	1196	1340	2683
5	1418	1261	1279	2684
5	1791	1645	1790	2685
5	1488	1346	1487	2686
5	1344	1200	1199	2687
5	1456	1315	1250	2688
5	1541	1383	1522	2689
5	1487	1346	1315	2690
5	1483	1343	1342	2691
5	1383	1373	1234	2692
5	1572	1267	1403	2693
5	1473	1332	1331	2694
5	1470	1278	1397	2695
5	1475	1456	1250	2696
5	1350	1204	1349	2697
5	1489	1348	1347	2698
5	1351	1205	1350	2699
5	1657	1549	1640	2700
5	1491	1382	1350	2701
5	1382	1313	1351	2702
5	1482	1336	1477	2703
5	1470	1314	1278	2704
5	1352	1208	1207	2705
5	1472	1330	1471	2706
5	1353	1232	1209	2707
5	1474	1333	1332	2708
5	1474	1334	1333	2709
5	1414	1251	1257	2710
5	1560	1516	1376	2711
5	1414	1257	1394	2712
5	1756	1609	1755	2713
5	1498	1387	1243	2714
5	1575	1377	1418	2715
5	1358	1279	1101	2716
5	1357	1106	1213	2717
5	1440	1385	1306	2718
5	1440	1306	1305	2719
5	1449	1440	1305	2720
5	1360	1217	1216	2721
5	1449	1305	1304	2722
5	1412	1249	1248	2723
5	1393	1256	1044	2724
5	1393	1044	1233	2725
5	1652	853	1504	2726
5	1420	1222	1083	2727
5	1363	1362	1218	2728
5	1363	1218	853	2729
5	1364	1266	849	2730
5	1544	849	685	2731
5	1413	1244	1249	2732
5	1446	1298	1445	2733
5	1545	1264	1361	2734
5	1406	1265	1093	2735
5	1658	1591	1592	2736
5	1544	720	1508	2737
5	1512	1372	1289	2738
5	1417	1260	1228	2739
5	1423	1271	1270	2740
5	1422	1246	1411	2741
5	1409	1231	1384	2742
5	1409	1236	1231	2743
5	1504	853	660	2744
5	1505	746	888	2745
5	1578	1084	1362	2746
5	1372	1124	1289	2747
5	1373	1280	1234	2748
5	1484	1344	1343	2749
5	1581	1423	1580	2750
5	1431	1408	1235	2751
5	1630	1485	1484	2752
5	1630	1484	1629	2753
5	1376	1310	1309	2754
5	1453	1309	1251	2755
5	1377	1295	1261	2756
5	1418	1377	1261	2757
5	1636	1491	1490	2758
5	1494	1352	1493	2759
5	1511	1406	1222	2760
5	1555	1404	1514	2761
5	1433	1284	1432	2762
5	1710	1555	1709	2763
5	1552	1425	1520	2764
5	1872	1727	1845	2765
5	1627	1482	1477	2766
5	1483	1342	1482	2767
5	1477	1335	1476	2768
5	1482	1342	1336	2769
5	1409	1370	1236	2770
5	1552	1381	1425	2771
5	1540	1410	1481	2772
5	1645	1387	1498	2773
5	1435	1242	1434	2774
5	1573	1417	1407	2775
5	1497	1299	1388	2776
5	1788	1543	1703	2777
5	1497	1356	1299	2778
5	1498	1243	1356	2779
5	1587	1434	1525	2780
5	1722	1573	1565	2781
5	1586	1433	1585	2782
5	1417	1228	1407	2783
5	1595	1392	1558	2784
5	1447	1365	1301	2785
5	1843	1670	1842	2786
5	1568	1413	1412	2787
5	1503	1401	1402	2788
5	1852	1707	1528	2789
5	1561	1405	1516	2790
5	1453	1251	1414	2791
5	1395	1394	1239	2792
5	1395	1239	1224	2793
5	1876	1731	1676	2794
5	1457	1317	1252	2795
5	1635	1490	1489	2796
5	1634	1488	1633	2797
5	1424	1262	1276	2798
5	1494	1353	1352	2799
5	1624	1432	1479	2800
5	1418	1279	1399	2801
5	1564	1400	1421	2802
5	1446	1293	1298	2803
5	1844	1689	1559	2804
5	1401	886	1219	2805
5	1402	1401	1219	2806
5	1402	1219	1080	2807
5	1403	1059	1221	2808
5	1801	1667	1548	2809
5	1404	1389	1237	2810
5	1404	1237	1255	2811
5	1405	1396	1226	2812
5	1405	1226	1310	2813
5	1706	1368	1527	2814
5	1665	1363	1652	2815
5	1525	1434	1380	2816
5	1590	1514	1416	2817
5	1408	1374	1225	2818
5	1408	1225	1235	2819
5	1593	1445	1444	2820
5	1596	1365	1447	2821
5	1410	1388	1238	2822
5	1410	1238	1341	2823
5	1571	1415	1253	2824
5	1553	1520	1370	2825
5	1595	1447	1392	2826
5	1569	1444	1413	2827
5	1792	1646	1599	2828
5	1534	1437	1385	2829
5	1608	1463	1607	2830
5	1453	1376	1309	2831
5	1571	1253	1374	2832
5	1576	1221	1415	2833
5	1416	1404	1255	2834
5	1416	1255	1288	2835
5	1556	1389	1555	2836
5	1521	1393	1233	2837
5	1586	1380	1433	2838
5	1767	1591	1658	2839
5	1802	1663	1571	2840
5	1702	1509	1541	2841
5	1668	1578	1362	2842
5	1669	1528	1364	2843
5	1421	1400	1285	2844
5	1421	1285	1303	2845
5	1531	1384	1369	2846
5	1581	1369	1423	2847
5	1579	1422	1411	2848
5	1670	1566	1531	2849
5	1582	1427	1532	2850
5	1538	1428	1378	2851
5	1425	1381	1273	2852
5	1425	1273	1282	2853
5	1536	1457	1496	2854
5	1642	1536	1496	2855
5	1427	1424	1276	2856
5	1427	1276	1272	2857
5	1428	1397	1277	2858
5	1428	1277	1232	2859
5	1429	1398	1329	2860
5	1429	1329	1328	2861
5	1431	1235	1281	2862
5	1430	1281	1280	2863
5	1580	1422	1579	2864
5	1548	1408	1507	2865
5	1433	1286	1284	2866
5	1432	1284	1283	2867
5	1768	1623	1767	2868
5	1770	1625	1672	2869
5	1435	1241	1242	2870
5	1434	1242	1287	2871
5	1555	1389	1404	2872
5	1565	1407	1390	2873
5	1542	1394	1395	2874
5	1565	1390	1556	2875
5	1480	1340	1290	2876
5	1481	1341	1340	2877
5	1439	1288	1292	2878
5	1438	1292	1291	2879
5	1803	1709	1739	2880
5	1738	1589	1673	2881
5	1445	1297	1444	2882
5	1500	1359	1308	2883
5	1442	1339	1338	2884
5	1479	1283	1339	2885
5	1591	1442	1441	2886
5	1479	1339	1442	2887
5	1478	1337	1296	2888
5	1598	1449	1597	2889
5	1445	1298	1297	2890
5	1501	1360	1359	2891
5	1646	1451	1599	2892
5	1499	1307	1451	2893
5	1599	1451	1450	2894
5	1500	1308	1499	2895
5	1580	1423	1422	2896
5	1577	1229	1419	2897
5	1451	1245	1450	2898
5	1499	1308	1307	2899
5	1794	1647	1793	2900
5	1804	1716	1791	2901
5	1451	1307	1245	2902
5	1501	1359	1500	2903
5	1599	1450	1523	2904
5	1543	1410	1540	2905
5	1452	1399	1358	2906
5	1452	1358	1357	2907
5	1676	1516	1656	2908
5	1608	1464	1463	2909
5	1562	1517	1397	2910
5	1455	1263	1454	2911
5	1607	1463	1459	2912
5	1492	1311	1455	2913
5	1471	1314	1470	2914
5	1471	1330	1314	2915
5	1495	1354	1275	2916
5	1496	1252	1355	2917
5	1561	1396	1405	2918
5	1604	1460	1537	2919
5	1461	1319	1460	2920
5	1465	1324	1323	2921
5	1461	1320	1319	2922
5	1462	1321	1320	2923
5	1609	1465	1464	2924
5	1462	1320	1461	2925
5	1607	1459	1606	2926
5	1676	1561	1516	2927
5	1611	1467	1466	2928
5	1613	1469	1468	2929
5	1612	1467	1611	2930
5	1465	1323	1464	2931
5	1610	1466	1465	2932
5	1466	1324	1465	2933
5	1606	1462	1605	2934
5	1469	1327	1468	2935
5	1605	1461	1604	2936
5	1469	1328	1327	2937
5	1537	1460	1458	2938
5	1750	1537	1699	2939
5	1640	1493	1639	2940
5	1757	1611	1610	2941
5	1473	1331	1472	2942
5	1472	1331	1330	2943
5	1615	1470	1517	2944
5	1617	1474	1616	2945
5	1636	1490	1635	2946
5	1474	1332	1473	2947
5	1762	1617	1616	2948
5	1582	1424	1427	2949
5	1475	1334	1474	2950
5	1475	1250	1334	2951
5	1606	1459	1462	2952
5	1605	1462	1461	2953
5	1477	1336	1335	2954
5	1486	1345	1485	2955
5	1751	1605	1604	2956
5	1621	1476	1539	2957
5	2080	1934	2079	2958
5	1585	1433	1432	2959
5	1588	1386	1435	2960
5	1650	1448	1502	2961
5	1481	1410	1341	2962
5	1481	1340	1480	2963
5	1543	1388	1410	2964
5	1648	1501	1500	2965
5	1484	1343	1483	2966
5	1485	1344	1484	2967
5	1629	1483	1628	2968
5	1631	1486	1485	2969
5	1628	1483	1482	2970
5	1486	1254	1345	2971
5	1774	1629	1628	2972
5	1486	1383	1254	2973
5	1780	1636	1635	2974
5	1634	1489	1488	2975
5	1562	1397	1428	2976
5	1490	1348	1489	2977
5	1633	1488	1487	2978
5	1491	1350	1349	2979
5	1633	1487	1632	2980
5	1615	1471	1470	2981
5	1752	1606	1605	2982
5	1491	1349	1490	2983
5	1773	1627	1772	2984
5	1621	1477	1476	2985
5	1760	1614	1613	2986
5	1493	1312	1492	2987
5	1601	1424	1582	2988
5	1494	1378	1353	2989
5	1860	1714	1700	2990
5	1616	1474	1473	2991
5	1570	1414	1394	2992
5	1496	1355	1495	2993
5	1807	1570	1653	2994
5	1786	1583	1731	2995
5	1533	1452	1387	2996
5	1498	1356	1497	2997
5	1645	1533	1387	2998
5	1643	1388	1543	2999
5	1649	1502	1501	3000
5	1502	1240	1360	3001
5	1648	1500	1647	3002
5	1569	1413	1568	3003
5	1558	1392	1391	3004
5	1502	1360	1501	3005
5	1524	1421	1365	3006
5	1564	1421	1524	3007
5	1814	1551	1696	3008
5	1515	1256	1393	3009
5	1519	1371	1227	3010
5	1849	1706	1687	3011
5	1505	1504	660	3012
5	1505	660	746	3013
5	1506	1068	863	3014
5	1506	1042	1379	3015
5	1584	1507	1431	3016
5	1541	1509	1373	3017
5	1809	1508	1662	3018
5	1546	1366	1545	3019
5	1584	1431	1430	3020
5	1509	1430	1373	3021
5	1510	1438	1386	3022
5	1588	1510	1386	3023
5	1685	1379	1529	3024
5	1556	1390	1389	3025
5	1810	1504	1505	3026
5	1687	1372	1512	3027
5	1513	1512	1436	3028
5	2136	1943	1816	3029
5	1590	1439	1589	3030
5	1735	1587	1525	3031
5	1559	1080	1515	3032
5	1689	1402	1559	3033
5	1516	1405	1376	3034
5	1867	1688	1723	3035
5	1997	1852	1669	3036
5	1506	1361	1068	3037
5	1695	1521	1367	3038
5	1691	1515	1393	3039
5	1956	1695	1853	3040
5	1951	1693	1848	3041
5	1520	1425	1370	3042
5	1812	1713	1743	3043
5	1948	1817	1818	3044
5	1578	1530	1084	3045
5	1541	1373	1383	3046
5	1522	1383	1486	3047
5	1523	1450	1446	3048
5	1594	1523	1446	3049
5	1593	1444	1569	3050
5	1564	1412	1400	3051
5	1587	1435	1434	3052
5	1588	1435	1587	3053
5	1526	1443	1377	3054
5	1575	1526	1377	3055
5	1527	932	1124	3056
5	1547	1362	1363	3057
5	1529	1266	1528	3058
5	1529	1379	1266	3059
5	1941	1692	1940	3060
5	1690	1361	1506	3061
5	1698	1420	1530	3062
5	1530	1420	1268	3063
5	1553	1370	1409	3064
5	1566	1384	1531	3065
5	1532	1427	1398	3066
5	1614	1535	1429	3067
5	1563	1399	1452	3068
5	1574	1418	1399	3069
5	1626	1540	1481	3070
5	1643	1497	1388	3071
5	1535	1532	1398	3072
5	1535	1398	1429	3073
5	1583	1396	1561	3074
5	1642	1496	1495	3075
5	1751	1604	1750	3076
5	1901	1756	1900	3077
5	1700	1538	1549	3078
5	1639	1493	1492	3079
5	1539	1476	1382	3080
5	1637	1382	1491	3081
5	1626	1480	1625	3082
5	1644	1498	1497	3083
5	1774	1628	1773	3084
5	1909	1765	1908	3085
5	1560	1376	1453	3086
5	1570	1394	1542	3087
5	1703	1543	1540	3088
5	1788	1643	1543	3089
5	1809	1364	1544	3090
5	1544	1364	849	3091
5	1858	1710	1709	3092
5	1545	1366	1264	3093
5	1817	1704	1705	3094
5	1818	1366	1546	3095
5	1527	1124	1372	3096
5	1819	1521	1695	3097
5	1567	1411	1375	3098
5	1579	1411	1567	3099
5	1549	1538	1378	3100
5	1549	1378	1494	3101
5	1853	1550	1697	3102
5	1691	1393	1521	3103
5	1551	1550	1265	3104
5	1551	1265	1406	3105
5	1557	1391	1381	3106
5	1596	1447	1595	3107
5	1741	1594	1593	3108
5	1659	1552	1520	3109
5	1554	1534	1385	3110
5	1554	1385	1440	3111
5	1735	1525	1680	3112
5	1910	1820	1734	3113
5	1944	1910	1912	3114
5	1799	1573	1722	3115
5	2023	1875	1874	3116
5	1850	1694	1708	3117
5	1712	1557	1711	3118
5	1711	1557	1552	3119
5	1660	1559	1515	3120
5	1691	1660	1515	3121
5	1600	1414	1570	3122
5	1656	1516	1560	3123
5	1583	1426	1396	3124
5	1641	1495	1426	3125
5	1824	1766	1782	3126
5	1900	1755	1899	3127
5	1770	1626	1625	3128
5	1574	1399	1563	3129
5	1822	1567	1721	3130
5	1729	1580	1579	3131
5	1680	1525	1586	3132
5	1736	1588	1587	3133
5	1566	1553	1409	3134
5	1566	1409	1384	3135
5	1720	1569	1568	3136
5	1718	1564	1524	3137
5	1719	1564	1718	3138
5	1594	1446	1445	3139
5	1742	1523	1594	3140
5	1712	1558	1557	3141
5	1600	1453	1414	3142
5	1600	1560	1453	3143
5	1577	1375	1229	3144
5	1701	1522	1681	3145
5	1822	1728	1567	3146
5	1576	1419	1572	3147
5	1688	1436	1417	3148
5	1826	1436	1688	3149
5	1797	1744	1597	3150
5	1575	1418	1574	3151
5	1675	1672	1534	3152
5	1882	1737	1736	3153
5	1576	1572	1403	3154
5	1576	1403	1221	3155
5	1727	1419	1576	3156
5	1667	1571	1374	3157
5	1945	1668	1547	3158
5	1668	1362	1547	3159
5	1775	1630	1629	3160
5	1720	1568	1719	3161
5	1887	1712	1711	3162
5	1581	1531	1369	3163
5	1713	1524	1596	3164
5	1670	1531	1654	3165
5	1601	1454	1424	3166
5	1638	1492	1455	3167
5	1807	1746	1570	3168
5	2072	1927	1876	3169
5	1727	1576	1663	3170
5	1729	1579	1728	3171
5	1623	1442	1591	3172
5	1624	1585	1432	3173
5	1820	1680	1734	3174
5	1930	1790	1789	3175
5	1829	1674	1742	3176
5	1716	1563	1533	3177
5	1830	1722	1565	3178
5	1717	1556	1710	3179
5	1590	1416	1439	3180
5	1589	1439	1438	3181
5	1709	1555	1514	3182
5	1880	1735	1680	3183
5	1623	1479	1442	3184
5	1624	1479	1623	3185
5	1592	1591	1441	3186
5	1592	1441	1478	3187
5	1932	1792	1839	3188
5	1594	1445	1593	3189
5	1793	1646	1792	3190
5	1745	1675	1554	3191
5	2012	1863	1958	3192
5	1596	1524	1365	3193
5	1741	1593	1740	3194
5	2078	1933	1932	3195
5	1598	1440	1449	3196
5	1597	1449	1448	3197
5	1890	1675	1745	3198
5	1724	1563	1716	3199
5	1646	1499	1451	3200
5	1649	1501	1648	3201
5	1876	1676	1800	3202
5	1891	1833	1747	3203
5	1748	1582	1678	3204
5	1602	1454	1601	3205
5	1784	1639	1638	3206
5	1638	1455	1602	3207
5	1603	1537	1458	3208
5	1603	1458	1457	3209
5	1677	1536	1661	3210
5	1612	1468	1467	3211
5	1759	1613	1612	3212
5	1753	1606	1752	3213
5	1758	1612	1611	3214
5	1609	1464	1608	3215
5	1677	1603	1536	3216
5	1610	1465	1609	3217
5	1755	1608	1754	3218
5	1613	1468	1612	3219
5	1785	1639	1784	3220
5	1749	1602	1601	3221
5	1761	1683	1535	3222
5	1611	1466	1610	3223
5	1759	1612	1758	3224
5	1614	1469	1613	3225
5	1755	1609	1608	3226
5	1614	1429	1469	3227
5	1699	1537	1603	3228
5	1841	1657	1785	3229
5	1904	1760	1759	3230
5	1678	1582	1532	3231
5	1619	1616	1473	3232
5	1620	1475	1617	3233
5	1619	1472	1618	3234
5	1632	1456	1620	3235
5	1781	1637	1636	3236
5	1632	1487	1456	3237
5	1619	1473	1472	3238
5	1618	1472	1471	3239
5	1753	1607	1606	3240
5	1715	1517	1562	3241
5	1777	1620	1765	3242
5	1682	1615	1679	3243
5	1775	1629	1774	3244
5	1631	1522	1486	3245
5	1622	1592	1478	3246
5	1622	1478	1443	3247
5	1767	1623	1591	3248
5	1769	1585	1624	3249
5	1768	1624	1623	3250
5	1989	1723	1799	3251
5	1626	1481	1480	3252
5	1625	1480	1437	3253
5	1937	1889	1744	3254
5	1725	1574	1724	3255
5	1702	1541	1701	3256
5	1629	1484	1483	3257
5	1681	1522	1631	3258
5	1921	1781	1780	3259
5	1776	1631	1630	3260
5	1778	1632	1777	3261
5	1772	1621	1766	3262
5	1631	1485	1630	3263
5	1879	1651	1733	3264
5	1732	1509	1702	3265
5	1773	1628	1627	3266
5	1635	1489	1634	3267
5	1682	1618	1615	3268
5	1765	1620	1617	3269
5	2099	1995	1957	3270
5	1637	1491	1636	3271
5	1772	1627	1621	3272
5	1637	1539	1382	3273
5	1779	1635	1634	3274
5	1781	1636	1780	3275
5	1765	1617	1762	3276
5	1777	1632	1620	3277
5	1908	1765	1762	3278
5	1639	1492	1638	3279
5	1679	1615	1517	3280
5	1640	1549	1494	3281
5	1763	1618	1682	3282
5	1700	1549	1657	3283
5	1661	1536	1642	3284
5	1642	1495	1641	3285
5	1699	1603	1677	3286
5	1787	1661	1642	3287
5	1934	1794	1933	3288
5	1644	1497	1643	3289
5	1724	1574	1563	3290
5	1645	1498	1644	3291
5	1832	1771	1770	3292
5	1726	1575	1725	3293
5	1792	1599	1674	3294
5	1796	1649	1795	3295
5	1797	1650	1796	3296
5	1650	1502	1649	3297
5	1931	1791	1790	3298
5	1650	1597	1448	3299
5	1675	1534	1554	3300
5	1711	1552	1659	3301
5	1719	1568	1564	3302
5	1796	1650	1649	3303
5	1651	1548	1507	3304
5	1733	1651	1507	3305
5	1665	1547	1363	3306
5	1652	1363	853	3307
5	1653	1570	1542	3308
5	2093	1857	1983	3309
5	1730	1581	1580	3310
5	1728	1579	1567	3311
5	1655	1546	1545	3312
5	1655	1545	1361	3313
5	1747	1600	1746	3314
5	1747	1560	1600	3315
5	1860	1700	1806	3316
5	1785	1640	1639	3317
5	1726	1671	1526	3318
5	1725	1575	1574	3319
5	1855	1701	1681	3320
5	1694	1520	1553	3321
5	1684	1401	1503	3322
5	2127	1997	1977	3323
5	1731	1561	1676	3324
5	1787	1642	1641	3325
5	1662	1508	886	3326
5	1662	886	1401	3327
5	1802	1571	1667	3328
5	1663	1576	1415	3329
5	1811	1696	1511	3330
5	1707	1529	1528	3331
5	1810	1505	1371	3332
5	1810	1371	1686	3333
5	1666	1658	1592	3334
5	1666	1592	1622	3335
5	1845	1727	1663	3336
5	1721	1567	1375	3337
5	1808	1519	1692	3338
5	1693	1530	1578	3339
5	1690	1655	1361	3340
5	1950	1687	1513	3341
5	1694	1659	1520	3342
5	1708	1566	1670	3343
5	1671	1666	1622	3344
5	1671	1622	1526	3345
5	1672	1625	1534	3346
5	1836	1788	1703	3347
5	1673	1589	1510	3348
5	1737	1673	1510	3349
5	1674	1599	1523	3350
5	1742	1674	1523	3351
5	1745	1598	1744	3352
5	1795	1649	1648	3353
5	1731	1583	1561	3354
5	1786	1641	1583	3355
5	1897	1752	1896	3356
5	1899	1754	1898	3357
5	1748	1601	1582	3358
5	1783	1638	1602	3359
5	1714	1538	1700	3360
5	1715	1679	1517	3361
5	1737	1588	1736	3362
5	1736	1587	1735	3363
5	1701	1541	1522	3364
5	1733	1584	1732	3365
5	1903	1759	1758	3366
5	1897	1753	1752	3367
5	1683	1678	1532	3368
5	1683	1532	1535	3369
5	2152	1977	1809	3370
5	1809	1544	1508	3371
5	1692	1519	1518	3372
5	1951	1854	1693	3373
5	1798	1692	1518	3374
5	1945	1848	1668	3375
5	1706	1664	1368	3376
5	2157	1867	1989	3377
5	1717	1565	1556	3378
5	1710	1556	1555	3379
5	2003	1844	1660	3380
5	1689	1503	1402	3381
5	1690	1506	1379	3382
5	1690	1379	1685	3383
5	1698	1511	1420	3384
5	1695	1367	1550	3385
5	1808	1686	1519	3386
5	1954	1685	1813	3387
5	1696	1551	1406	3388
5	1696	1406	1511	3389
5	1955	1842	1873	3390
5	2026	1651	1879	3391
5	1819	1691	1521	3392
5	1851	1691	1819	3393
5	1811	1511	1698	3394
5	1852	1528	1669	3395
5	2004	1697	1814	3396
5	1697	1550	1551	3397
5	1698	1530	1693	3398
5	1814	1697	1551	3399
5	1750	1604	1537	3400
5	1752	1605	1751	3401
5	1714	1562	1538	3402
5	1715	1562	1714	3403
5	1733	1507	1584	3404
5	1732	1584	1509	3405
5	1856	1701	1855	3406
5	1917	1774	1916	3407
5	1771	1626	1770	3408
5	1871	1671	1726	3409
5	1857	1653	1542	3410
5	1704	1542	1395	3411
5	1705	1704	1395	3412
5	1705	1395	1366	3413
5	1706	1527	1372	3414
5	1706	1372	1687	3415
5	1798	1518	1664	3416
5	1813	1685	1529	3417
5	1708	1694	1553	3418
5	1708	1553	1566	3419
5	1739	1590	1738	3420
5	1739	1514	1590	3421
5	1866	1717	1710	3422
5	2087	1799	1991	3423
5	1743	1595	1712	3424
5	1718	1524	1713	3425
5	1932	1793	1792	3426
5	1712	1595	1558	3427
5	1743	1596	1595	3428
5	1865	1719	1864	3429
5	2056	1909	1908	3430
5	1908	1762	1838	3431
5	1861	1714	1860	3432
5	2053	1906	1905	3433
5	1789	1643	1788	3434
5	1790	1645	1644	3435
5	1799	1723	1573	3436
5	1723	1417	1573	3437
5	2034	1865	2013	3438
5	1740	1593	1569	3439
5	1913	1703	1771	3440
5	1740	1569	1720	3441
5	2196	2050	2195	3442
5	1885	1720	1865	3443
5	1801	1548	1651	3444
5	2007	1855	2006	3445
5	2015	1858	2014	3446
5	1813	1529	1707	3447
5	2088	1513	2016	3448
5	1867	1826	1688	3449
5	1868	1724	1716	3450
5	1726	1526	1575	3451
5	2032	1884	1835	3452
5	2030	1882	2029	3453
5	1870	1726	1725	3454
5	1871	1828	1671	3455
5	1998	1802	1972	3456
5	1727	1577	1419	3457
5	1873	1842	1654	3458
5	1730	1580	1729	3459
5	1823	1659	1694	3460
5	1730	1654	1581	3461
5	2002	1843	2001	3462
5	2160	2001	2089	3463
5	1902	1757	1901	3464
5	1846	1677	1661	3465
5	1877	1732	1702	3466
5	2025	1878	1877	3467
5	1855	1681	1837	3468
5	1845	1663	1802	3469
5	1734	1680	1586	3470
5	1734	1586	1585	3471
5	2028	1880	1964	3472
5	1737	1510	1588	3473
5	1884	1739	1738	3474
5	1883	1835	1673	3475
5	1880	1680	1820	3476
5	1821	1767	1658	3477
5	1739	1709	1514	3478
5	1738	1590	1589	3479
5	1858	1709	1803	3480
5	1830	1565	1717	3481
5	1831	1711	1659	3482
5	1831	1659	1823	3483
5	1874	1729	1728	3484
5	1742	1594	1741	3485
5	1839	1674	1829	3486
5	1743	1713	1596	3487
5	1935	1795	1934	3488
5	1863	1713	1812	3489
5	1745	1554	1598	3490
5	1744	1598	1597	3491
5	1839	1792	1674	3492
5	1933	1793	1932	3493
5	1747	1656	1560	3494
5	1896	1751	1895	3495
5	2016	1513	1826	3496
5	1928	1827	1787	3497
5	1896	1752	1751	3498
5	1749	1601	1748	3499
5	2071	1926	1925	3500
5	1783	1602	1749	3501
5	1895	1750	1894	3502
5	1898	1754	1753	3503
5	1894	1699	1815	3504
5	1754	1608	1607	3505
5	1895	1751	1750	3506
5	1756	1610	1609	3507
5	2240	1866	2100	3508
5	1846	1661	1827	3509
5	1927	1731	1876	3510
5	1757	1610	1756	3511
5	1928	1787	1786	3512
5	1760	1613	1759	3513
5	1892	1748	1678	3514
5	1924	1783	1749	3515
5	1834	1678	1683	3516
5	1758	1611	1757	3517
5	1905	1761	1760	3518
5	1761	1614	1760	3519
5	1902	1758	1757	3520
5	1761	1535	1614	3521
5	1898	1753	1897	3522
5	1894	1750	1699	3523
5	2090	2040	1962	3524
5	1841	1806	1657	3525
5	1764	1619	1763	3526
5	1764	1616	1619	3527
5	1764	1762	1616	3528
5	1763	1619	1618	3529
5	1906	1834	1683	3530
5	2009	1860	1963	3531
5	1838	1762	1764	3532
5	1779	1634	1633	3533
5	1766	1621	1539	3534
5	1782	1637	1781	3535
5	1964	1880	1820	3536
5	1769	1624	1768	3537
5	2170	2020	2169	3538
5	1769	1734	1585	3539
5	1805	1658	1666	3540
5	1821	1658	1805	3541
5	1771	1540	1626	3542
5	1771	1703	1540	3543
5	1966	1840	1890	3544
5	1937	1797	1936	3545
5	1918	1775	1917	3546
5	1914	1766	1824	3547
5	1856	1702	1701	3548
5	1776	1630	1775	3549
5	2063	1918	2062	3550
5	2059	1915	1914	3551
5	2197	2052	2051	3552
5	1776	1681	1631	3553
5	2064	1968	1919	3554
5	1919	1777	1909	3555
5	1778	1633	1632	3556
5	1779	1633	1778	3557
5	1922	1778	1919	3558
5	1837	1681	1776	3559
5	1782	1766	1539	3560
5	1780	1635	1779	3561
5	1918	1837	1776	3562
5	1782	1539	1637	3563
5	1907	1763	1825	3564
5	2059	1914	1967	3565
5	1878	1732	1877	3566
5	1914	1772	1766	3567
5	1926	1785	1784	3568
5	1784	1638	1783	3569
5	1825	1763	1682	3570
5	1785	1657	1640	3571
5	1862	1847	1679	3572
5	1920	1780	1779	3573
5	2072	1876	1946	3574
5	1787	1641	1786	3575
5	2093	2008	1857	3576
5	2133	1983	1817	3577
5	1789	1644	1643	3578
5	1791	1533	1645	3579
5	1869	1724	1868	3580
5	1790	1644	1789	3581
5	1911	1767	1821	3582
5	1791	1716	1533	3583
5	1884	1738	1835	3584
5	1868	1716	1804	3585
5	1793	1647	1646	3586
5	1794	1648	1647	3587
5	1929	1788	1836	3588
5	1832	1672	1840	3589
5	1864	1718	1863	3590
5	1795	1648	1794	3591
5	2082	1937	1936	3592
5	1797	1597	1650	3593
5	2081	1936	1935	3594
5	1865	1720	1719	3595
5	1863	1718	1713	3596
5	1840	1672	1675	3597
5	1954	1690	1685	3598
5	1816	1655	1690	3599
5	1866	1710	1858	3600
5	1835	1738	1673	3601
5	1800	1676	1656	3602
5	2193	2047	2192	3603
5	1873	1654	1730	3604
5	2174	2027	2025	3605
5	1972	1802	1667	3606
5	2095	1969	2036	3607
5	1884	1803	1739	3608
5	2033	2014	1803	3609
5	2228	2101	2110	3610
5	1929	1789	1788	3611
5	1985	1821	1960	3612
5	2096	1944	1959	3613
5	1806	1700	1657	3614
5	1988	1957	1825	3615
5	1891	1747	1746	3616
5	2074	1827	1928	3617
5	1854	1698	1693	3618
5	1854	1811	1698	3619
5	1977	1669	1809	3620
5	1809	1669	1364	3621
5	1978	1810	1686	3622
5	2147	1810	1978	3623
5	1942	1811	1854	3624
5	1979	1696	1811	3625
5	1888	1743	1712	3626
5	1842	1670	1654	3627
5	2128	1814	1979	3628
5	1853	1695	1550	3629
5	2416	2244	2415	3630
5	1982	1547	1665	3631
5	1815	1699	1677	3632
5	1827	1661	1787	3633
5	1952	1686	1808	3634
5	1984	1503	1939	3635
5	2084	1717	1866	3636
5	1857	1542	1704	3637
5	1818	1817	1705	3638
5	1818	1705	1366	3639
5	1939	1689	1844	3640
5	1844	1559	1660	3641
5	2316	2175	2121	3642
5	1911	1768	1767	3643
5	1910	1734	1769	3644
5	2169	2019	2168	3645
5	1879	1733	1878	3646
5	1998	1845	1802	3647
5	1888	1712	1887	3648
5	1887	1711	1831	3649
5	1923	1782	1781	3650
5	1923	1781	1921	3651
5	1995	1907	1957	3652
5	2345	2207	2206	3653
5	1989	1867	1723	3654
5	1826	1513	1436	3655
5	1846	1815	1677	3656
5	1990	1815	1846	3657
5	1828	1805	1666	3658
5	1828	1666	1671	3659
5	1886	1741	1740	3660
5	1885	1740	1720	3661
5	2084	1830	1717	3662
5	1991	1722	1830	3663
5	2301	2155	2173	3664
5	2026	1801	1651	3665
5	2168	2018	2091	3666
5	1931	1790	1930	3667
5	1833	1800	1656	3668
5	1833	1656	1747	3669
5	2050	1902	2049	3670
5	1892	1678	1834	3671
5	1881	1735	1880	3672
5	1881	1736	1735	3673
5	1832	1770	1672	3674
5	1974	1965	1804	3675
5	1915	1772	1914	3676
5	1916	1774	1773	3677
5	2068	1921	2065	3678
5	1909	1777	1765	3679
5	1936	1797	1796	3680
5	2078	1932	1938	3681
5	1890	1745	1889	3682
5	1935	1796	1795	3683
5	1893	1748	1892	3684
5	1925	1784	1783	3685
5	1843	1708	1670	3686
5	1850	1823	1694	3687
5	2037	1887	1831	3688
5	1850	1708	1843	3689
5	2131	1854	1951	3690
5	1939	1503	1689	3691
5	1987	1874	1728	3692
5	1872	1577	1727	3693
5	2044	1897	1896	3694
5	2047	1900	1899	3695
5	1847	1825	1682	3696
5	1847	1682	1679	3697
5	1848	1693	1578	3698
5	1848	1578	1668	3699
5	2041	1815	1990	3700
5	2295	2148	1980	3701
5	2182	2035	2181	3702
5	2001	1842	1955	3703
5	2305	2127	2152	3704
5	1851	1660	1691	3705
5	1979	1811	1942	3706
5	1979	1814	1696	3707
5	2104	1956	1853	3708
5	2105	1851	2005	3709
5	1941	1808	1692	3710
5	1943	1655	1816	3711
5	1972	1667	1801	3712
5	1877	1702	1856	3713
5	2371	2265	2425	3714
5	2025	1877	1961	3715
5	2151	1746	1807	3716
5	2106	1971	1891	3717
5	1940	1692	1798	3718
5	2270	1989	2087	3719
5	1859	1829	1742	3720
5	1859	1742	1741	3721
5	1861	1715	1714	3722
5	1862	1679	1715	3723
5	2069	1893	2040	3724
5	1862	1715	1861	3725
5	2165	2163	2011	3726
5	2349	2123	2236	3727
5	1864	1719	1718	3728
5	1886	1740	1885	3729
5	2287	2160	2286	3730
5	1969	1829	1859	3731
5	2114	2078	1938	3732
5	1886	1859	1741	3733
5	2031	1835	1883	3734
5	2015	1866	1858	3735
5	2135	1953	2086	3736
5	1950	1849	1687	3737
5	1869	1725	1724	3738
5	1870	1725	1869	3739
5	2225	2080	2224	3740
5	2020	1871	1870	3741
5	2175	2028	2121	3742
5	1871	1726	1870	3743
5	1975	1960	1805	3744
5	2058	1993	1913	3745
5	2022	1872	1999	3746
5	1872	1721	1577	3747
5	1875	1729	1874	3748
5	2116	2012	1958	3749
5	1875	1730	1729	3750
5	1875	1873	1730	3751
5	1992	1831	1823	3752
5	2001	1843	1842	3753
5	1927	1786	1731	3754
5	1928	1786	1927	3755
5	1878	1733	1732	3756
5	1999	1872	1845	3757
5	2006	1855	1837	3758
5	2234	1987	2145	3759
5	2055	1838	1995	3760
5	1987	1728	1822	3761
5	1883	1737	1882	3762
5	1882	1736	1881	3763
5	1974	1804	1931	3764
5	1883	1673	1737	3765
5	2299	2154	2153	3766
5	2360	2223	2282	3767
5	1975	1805	1828	3768
5	1986	1910	1944	3769
5	2141	1986	2098	3770
5	2029	1882	1881	3771
5	2108	1958	1973	3772
5	2012	1864	1863	3773
5	2204	2058	2203	3774
5	2222	2077	2076	3775
5	1995	1838	1907	3776
5	1888	1812	1743	3777
5	2160	2002	2001	3778
5	2116	1958	2108	3779
5	1890	1840	1675	3780
5	1889	1745	1744	3781
5	2076	1929	2075	3782
5	1993	1836	1913	3783
5	2179	2033	2113	3784
5	2245	2151	2008	3785
5	1893	1749	1748	3786
5	1926	1784	1925	3787
5	1988	1825	1847	3788
5	1924	1749	1893	3789
5	2043	1895	2042	3790
5	2042	1894	2041	3791
5	2049	1901	2048	3792
5	1900	1756	1755	3793
5	2047	1899	2046	3794
5	2073	1927	2072	3795
5	2119	1990	2000	3796
5	1901	1757	1756	3797
5	2073	1928	1927	3798
5	1905	1760	1904	3799
5	2041	1894	1815	3800
5	2043	1896	1895	3801
5	2042	1895	1894	3802
5	1903	1758	1902	3803
5	2052	1905	1904	3804
5	1904	1759	1903	3805
5	2048	1900	2047	3806
5	2045	1897	2044	3807
5	2045	1898	1897	3808
5	1906	1761	1905	3809
5	2215	2124	2071	3810
5	1906	1683	1761	3811
5	2192	2047	2046	3812
5	2009	1861	1860	3813
5	2194	2049	2048	3814
5	2040	1892	1962	3815
5	1907	1838	1764	3816
5	1907	1764	1763	3817
5	1921	1780	1920	3818
5	1919	1778	1777	3819
5	2011	1847	1862	3820
5	2342	2201	2260	3821
5	1912	1768	1911	3822
5	2280	2015	2178	3823
5	1912	1769	1768	3824
5	1912	1910	1769	3825
5	1913	1836	1703	3826
5	1913	1771	1832	3827
5	2018	1869	1868	3828
5	1965	1868	1804	3829
5	1915	1773	1772	3830
5	1917	1775	1774	3831
5	2122	2059	1967	3832
5	1916	1773	1915	3833
5	2208	2063	2062	3834
5	1918	1776	1775	3835
5	2007	1961	1856	3836
5	2007	1856	1855	3837
5	2064	1919	1909	3838
5	2062	1917	2061	3839
5	2050	1903	1902	3840
5	1963	1860	1806	3841
5	1968	1922	1919	3842
5	2063	2006	1837	3843
5	2211	2107	2065	3844
5	1923	1824	1782	3845
5	1922	1920	1779	3846
5	1922	1779	1778	3847
5	2066	1922	1968	3848
5	2207	2061	2206	3849
5	2040	1893	1892	3850
5	1925	1783	1924	3851
5	2213	2069	2040	3852
5	1926	1841	1785	3853
5	2051	1904	1903	3854
5	2044	1896	2043	3855
5	2046	1899	1898	3856
5	2049	1902	1901	3857
5	2117	1946	1970	3858
5	2028	1881	1880	3859
5	2079	1933	2078	3860
5	1930	1789	1929	3861
5	2058	1832	2057	3862
5	1931	1804	1791	3863
5	2057	1840	1966	3864
5	2283	2115	2142	3865
5	1933	1794	1793	3866
5	1934	1795	1794	3867
5	2238	2114	2125	3868
5	1936	1796	1935	3869
5	2077	1930	2076	3870
5	2081	1935	2080	3871
5	2035	1885	2034	3872
5	1937	1744	1797	3873
5	2111	2057	1966	3874
5	2037	1831	1992	3875
5	2036	1859	1886	3876
5	1969	1947	1829	3877
5	1938	1932	1839	3878
5	2126	1969	2095	3879
5	2146	1852	1997	3880
5	2152	1662	1684	3881
5	1943	1546	1655	3882
5	2239	2085	2129	3883
5	2245	2008	2093	3884
5	2128	2004	1814	3885
5	1956	1819	1695	3886
5	2104	2005	1956	3887
5	2129	1546	1943	3888
5	1991	1799	1722	3889
5	1985	1959	1911	3890
5	2224	2079	2223	3891
5	2131	1942	1854	3892
5	2132	1848	1945	3893
5	1946	1876	1800	3894
5	1983	1857	1704	3895
5	1947	1938	1839	3896
5	1947	1839	1829	3897
5	2241	2093	1983	3898
5	1983	1704	1817	3899
5	1949	1948	1818	3900
5	1949	1818	1546	3901
5	2086	1849	1950	3902
5	1953	1706	1849	3903
5	2293	2097	1940	3904
5	2134	1808	1941	3905
5	2149	1978	1952	3906
5	1978	1686	1952	3907
5	2135	1940	1798	3908
5	1953	1798	1664	3909
5	2550	2304	2380	3910
5	1954	1816	1690	3911
5	2024	1875	2023	3912
5	2024	1873	1875	3913
5	2103	1844	2003	3914
5	2097	1941	1940	3915
5	1957	1907	1825	3916
5	2243	2138	2163	3917
5	1958	1863	1812	3918
5	2038	1888	1887	3919
5	1959	1944	1912	3920
5	1959	1912	1911	3921
5	1985	1911	1821	3922
5	1960	1821	1805	3923
5	1961	1877	1856	3924
5	2144	2026	1879	3925
5	1962	1892	1834	3926
5	2054	1962	1834	3927
5	2199	2053	2198	3928
5	2070	1925	1924	3929
5	2177	2030	2176	3930
5	2112	2032	2031	3931
5	2021	1975	1828	3932
5	2018	1868	1965	3933
5	2220	1993	2204	3934
5	2083	1937	2082	3935
5	1967	1914	1824	3936
5	2208	2062	2207	3937
5	2065	1921	1920	3938
5	2067	1824	1923	3939
5	2013	1864	2012	3940
5	2035	1886	1885	3941
5	1970	1946	1800	3942
5	1970	1800	1833	3943
5	1971	1970	1833	3944
5	1971	1833	1891	3945
5	2144	1879	2027	3946
5	2145	1987	1822	3947
5	1973	1958	1812	3948
5	1973	1812	1888	3949
5	2075	1836	1993	3950
5	2076	1930	1929	3951
5	2019	1869	2018	3952
5	2019	1870	1869	3953
5	1976	1963	1806	3954
5	1976	1806	1841	3955
5	1997	1669	1977	3956
5	2244	2127	2229	3957
5	1982	1945	1547	3958
5	2150	1945	1982	3959
5	2005	1851	1819	3960
5	2004	1853	1697	3961
5	2148	2136	1954	3962
5	1980	1813	1707	3963
5	1981	1980	1707	3964
5	1981	1707	1852	3965
5	2296	2289	2149	3966
5	2134	1952	1808	3967
5	2379	2167	2233	3968
5	2008	1653	1857	3969
5	2152	1684	1984	3970
5	1984	1684	1503	3971
5	2220	2075	1993	3972
5	2221	2076	2075	3973
5	1986	1964	1820	3974
5	1986	1820	1910	3975
5	2185	2108	1973	3976
5	2375	2370	2262	3977
5	2010	1861	2009	3978
5	2010	1862	1861	3979
5	2217	2072	1946	3980
5	2157	2017	1867	3981
5	2074	1928	2073	3982
5	2217	1946	2117	3983
5	2113	2032	2112	3984
5	2008	1807	1653	3985
5	2038	1973	1888	3986
5	2038	1887	2037	3987
5	2075	1929	1836	3988
5	2077	1931	1930	3989
5	1994	1976	1841	3990
5	1994	1841	1926	3991
5	2055	1908	1838	3992
5	2064	1909	2056	3993
5	1996	1992	1823	3994
5	1996	1823	1850	3995
5	2103	1939	1844	3996
5	2003	1660	1851	3997
5	2022	1822	1721	3998
5	1999	1845	1998	3999
5	2172	1999	2159	4000
5	2022	1721	1872	4001
5	2000	1990	1846	4002
5	2000	1846	1827	4003
5	2002	1850	1843	4004
5	2002	1996	1850	4005
5	2320	2166	2310	4006
5	2161	2102	1996	4007
5	2128	1979	1942	4008
5	2005	1819	1956	4009
5	2369	1941	2097	4010
5	2147	1652	1810	4011
5	2105	2003	1851	4012
5	2684	2517	2518	4013
5	2060	1915	2059	4014
5	2061	1917	1916	4015
5	2212	2068	2107	4016
5	2422	2260	2276	4017
5	2249	2087	1991	4018
5	2084	1991	1830	4019
5	2202	2055	2201	4020
5	2011	1862	2010	4021
5	2213	2040	2090	4022
5	2011	1988	1847	4023
5	2092	2009	1963	4024
5	2371	2308	2250	4025
5	2013	1865	1864	4026
5	2034	1885	1865	4027
5	2185	1973	2038	4028
5	2036	1886	2035	4029
5	2100	1866	2015	4030
5	2014	1858	1803	4031
5	2033	1884	2032	4032
5	2240	2084	1866	4033
5	2136	1816	1954	4034
5	2135	1798	1953	4035
5	2017	2016	1826	4036
5	2017	1826	1867	4037
5	2021	1871	2020	4038
5	2020	1870	2019	4039
5	2154	1959	1985	4040
5	2021	1828	1871	4041
5	2098	1944	2096	4042
5	2121	2028	1964	4043
5	2450	2311	2372	4044
5	2203	2057	2111	4045
5	2109	1801	2026	4046
5	2109	1972	1801	4047
5	2027	1878	2025	4048
5	2024	1955	1873	4049
5	2102	1992	1996	4050
5	2324	2184	2183	4051
5	2314	2246	2172	4052
5	2253	1972	2109	4053
5	2159	1999	1998	4054
5	2027	1879	1878	4055
5	2166	2012	2116	4056
5	2183	2037	1992	4057
5	2031	1883	2030	4058
5	2030	1883	1882	4059
5	2153	1960	2130	4060
5	2171	1975	2021	4061
5	2168	2019	2018	4062
5	2032	1835	2031	4063
5	2098	1986	1944	4064
5	2255	2113	2254	4065
5	2033	1803	1884	4066
5	2268	2141	2098	4067
5	2176	2029	2175	4068
5	2176	2030	2029	4069
5	2373	2256	2283	4070
5	2363	2226	2362	4071
5	2273	2228	2110	4072
5	2036	1969	1859	4073
5	2362	2225	2361	4074
5	2223	2078	2114	4075
5	2156	2023	1874	4076
5	2205	2060	2059	4077
5	2374	2263	2350	4078
5	2856	2731	2765	4079
5	2039	1966	1890	4080
5	2039	1890	1889	4081
5	2069	1924	1893	4082
5	2071	1925	2070	4083
5	2188	2042	2187	4084
5	2189	2043	2188	4085
5	2186	1990	2119	4086
5	2046	1898	2045	4087
5	2190	2045	2044	4088
5	2336	2195	2194	4089
5	2218	2072	2217	4090
5	2048	1901	1900	4091
5	2186	2041	1990	4092
5	2195	2049	2194	4093
5	2187	2041	2186	4094
5	2053	1905	2052	4095
5	2187	2042	2041	4096
5	2188	2043	2042	4097
5	2190	2044	2189	4098
5	2051	1903	2050	4099
5	2199	2054	2053	4100
5	2052	1904	2051	4101
5	2198	2052	2197	4102
5	2192	2046	2191	4103
5	2189	2044	2043	4104
5	2054	1906	2053	4105
5	2196	2051	2050	4106
5	2054	1834	1906	4107
5	2140	2092	1963	4108
5	2352	2213	2351	4109
5	2164	2009	2092	4110
5	2164	2010	2009	4111
5	2210	2064	2056	4112
5	2056	1908	2055	4113
5	2236	2123	2200	4114
5	2165	2010	2164	4115
5	2058	1913	1832	4116
5	2057	1832	1840	4117
5	2115	1966	2039	4118
5	2223	2079	2078	4119
5	2060	1916	1915	4120
5	2063	1837	1918	4121
5	2062	1918	1917	4122
5	2061	1916	2060	4123
5	2303	2094	2262	4124
5	2346	2207	2345	4125
5	2285	2143	2261	4126
5	2139	1961	2007	4127
5	2139	2094	1961	4128
5	2205	2059	2122	4129
5	2201	1995	2099	4130
5	2206	2060	2205	4131
5	2285	2122	2143	4132
5	2067	1967	1824	4133
5	2066	2065	1920	4134
5	2066	1920	1922	4135
5	2107	2068	2065	4136
5	2201	2055	1995	4137
5	2068	2067	1923	4138
5	2068	1923	1921	4139
5	2090	2054	2199	4140
5	2070	1924	2069	4141
5	2419	2144	2315	4142
5	2071	1994	1926	4143
5	2448	2308	2371	4144
5	2475	2336	2474	4145
5	2191	2045	2190	4146
5	2074	2000	1827	4147
5	2219	2073	2218	4148
5	2266	1971	2106	4149
5	2331	2189	2330	4150
5	2194	2048	2193	4151
5	2299	2153	2298	4152
5	2627	2494	2502	4153
5	2171	2130	1975	4154
5	2077	1974	1931	4155
5	2377	2274	2300	4156
5	2298	2153	2130	4157
5	2079	1934	1933	4158
5	2080	1935	1934	4159
5	2180	2034	2013	4160
5	2083	1889	1937	4161
5	2183	1992	2102	4162
5	2166	2013	2012	4163
5	2115	2111	1966	4164
5	2082	1936	2081	4165
5	2227	2142	2083	4166
5	2083	2039	1889	4167
5	2343	2203	2111	4168
5	2226	2081	2225	4169
5	2085	1948	1949	4170
5	2086	1953	1849	4171
5	2270	2157	1989	4172
5	2087	1989	1799	4173
5	2167	2088	2016	4174
5	2369	2134	1941	4175
5	2151	1807	2008	4176
5	2133	1817	1948	4177
5	2386	2135	2086	4178
5	2088	1950	1513	4179
5	2089	2001	1955	4180
5	2155	2089	1955	4181
5	2330	2188	2329	4182
5	2337	2196	2195	4183
5	2091	2018	1965	4184
5	2237	2130	2171	4185
5	2140	1976	2120	4186
5	2215	2071	2070	4187
5	2271	2086	1950	4188
5	2429	2271	2304	4189
5	2094	2025	1961	4190
5	2478	2272	2339	4191
5	2182	2036	2035	4192
5	2181	2035	2034	4193
5	2154	2096	1959	4194
5	2130	1960	1975	4195
5	2167	2016	2017	4196
5	2148	1813	1980	4197
5	2275	2141	2268	4198
5	2496	2361	2360	4199
5	2696	2564	2520	4200
5	2341	2200	2210	4201
5	2178	2015	2014	4202
5	2555	2432	2280	4203
5	2101	2091	1965	4204
5	2101	1965	1974	4205
5	2161	2002	2160	4206
5	2324	2183	2251	4207
5	2388	2148	2295	4208
5	2278	2003	2105	4209
5	2384	2105	2277	4210
5	2104	1853	2004	4211
5	2152	1809	1662	4212
5	2158	1939	2103	4213
5	2113	2033	2032	4214
5	2279	2119	2216	4215
5	2211	2066	2123	4216
5	2202	2056	2055	4217
5	2184	2037	2183	4218
5	2306	2102	2161	4219
5	2314	2159	2253	4220
5	2145	1822	2022	4221
5	2110	2101	1974	4222
5	2110	1974	2077	4223
5	2203	2058	2057	4224
5	2204	1993	2058	4225
5	2280	2100	2015	4226
5	2318	2254	2112	4227
5	2255	2179	2113	4228
5	2266	2118	1971	4229
5	2226	2082	2081	4230
5	2282	2114	2238	4231
5	2273	2110	2222	4232
5	2256	2111	2115	4233
5	2180	2013	2166	4234
5	2181	2034	2180	4235
5	2317	2175	2316	4236
5	2457	2319	2385	4237
5	2118	2117	1970	4238
5	2118	1970	1971	4239
5	2219	2074	2073	4240
5	2334	2193	2192	4241
5	2140	1963	1976	4242
5	2120	1976	1994	4243
5	2175	2029	2028	4244
5	2177	2031	2030	4245
5	2462	2324	2398	4246
5	2345	2205	2230	4247
5	2211	2065	2066	4248
5	2123	2066	1968	4249
5	2124	2120	1994	4250
5	2124	1994	2071	4251
5	2125	2114	1938	4252
5	2125	1938	1947	4253
5	2126	2125	1947	4254
5	2126	1947	1969	4255
5	2303	2174	2094	4256
5	2383	2277	2104	4257
5	2296	2149	2290	4258
5	2277	2005	2104	4259
5	2129	2085	1949	4260
5	2129	1949	1546	4261
5	2153	1985	1960	4262
5	2154	1985	2153	4263
5	2289	2147	2149	4264
5	2290	2149	1952	4265
5	2291	2131	1951	4266
5	2132	1951	1848	4267
5	2292	2133	1948	4268
5	2249	1991	2084	4269
5	2150	2132	1945	4270
5	2149	2147	1978	4271
5	2386	2086	2378	4272
5	2417	2383	2247	4273
5	2518	2388	2295	4274
5	2504	2408	2409	4275
5	2148	1954	1813	4276
5	2137	1980	1981	4277
5	2138	2099	1957	4278
5	2138	1957	1988	4279
5	2209	2006	2063	4280
5	2207	2062	2061	4281
5	2338	2197	2196	4282
5	2340	2199	2272	4283
5	2141	2121	1964	4284
5	2141	1964	1986	4285
5	2142	2115	2039	4286
5	2142	2039	2083	4287
5	2143	2122	1967	4288
5	2143	1967	2067	4289
5	2174	2025	2094	4290
5	2155	1955	2024	4291
5	2156	1874	1987	4292
5	2172	2022	1999	4293
5	2416	2137	1981	4294
5	2146	1981	1852	4295
5	2147	1982	1665	4296
5	2147	1665	1652	4297
5	2295	1980	2137	4298
5	2652	2544	2387	4299
5	2417	2248	2391	4300
5	2247	2104	2004	4301
5	2391	2248	2128	4302
5	2291	1951	2132	4303
5	2297	1891	2151	4304
5	2151	1891	1746	4305
5	2158	1984	1939	4306
5	2152	2127	1977	4307
5	2267	2101	2228	4308
5	2317	2176	2175	4309
5	2298	2130	2237	4310
5	2311	2169	2168	4311
5	2368	2258	2156	4312
5	2262	2094	2139	4313
5	2345	2206	2205	4314
5	2234	2156	1987	4315
5	2242	1943	2136	4316
5	2271	1950	2088	4317
5	2305	1984	2158	4318
5	2305	2152	1984	4319
5	2172	2145	2022	4320
5	2723	2453	2540	4321
5	2161	1996	2002	4322
5	2320	2180	2166	4323
5	2277	2105	2005	4324
5	2288	2128	1942	4325
5	2162	2139	2007	4326
5	2162	2007	2006	4327
5	2163	2138	1988	4328
5	2163	1988	2011	4329
5	2165	2011	2010	4330
5	2422	2276	2394	4331
5	2335	2193	2334	4332
5	2307	2163	2165	4333
5	2310	2116	2309	4334
5	2449	2322	2320	4335
5	2438	2241	2133	4336
5	2292	1948	2085	4337
5	2169	2020	2019	4338
5	2170	2021	2020	4339
5	2644	2585	2511	4340
5	2316	2121	2275	4341
5	2358	2221	2220	4342
5	2171	2021	2170	4343
5	2358	2220	2357	4344
5	2360	2224	2223	4345
5	2314	2172	2159	4346
5	2252	2026	2144	4347
5	2173	2155	2024	4348
5	2173	2024	2023	4349
5	2258	2023	2156	4350
5	2433	2261	2423	4351
5	2411	2228	2273	4352
5	2443	2298	2396	4353
5	2318	2112	2177	4354
5	2275	2121	2141	4355
5	2319	2176	2317	4356
5	2177	2112	2031	4357
5	2284	2179	2255	4358
5	2505	2266	2397	4359
5	2179	2178	2014	4360
5	2179	2014	2033	4361
5	2326	2108	2185	4362
5	2364	2283	2142	4363
5	2418	2398	2251	4364
5	2182	2095	2036	4365
5	2322	2180	2320	4366
5	2325	2184	2324	4367
5	2184	2038	2037	4368
5	2185	2038	2184	4369
5	2462	2325	2324	4370
5	2309	2116	2108	4371
5	2326	2309	2108	4372
5	2446	2286	2435	4373
5	2330	2189	2188	4374
5	2329	2187	2328	4375
5	2475	2337	2336	4376
5	2193	2048	2047	4377
5	2430	2275	2268	4378
5	2441	2397	2106	4379
5	2327	2186	2119	4380
5	2191	2046	2045	4381
5	2336	2194	2335	4382
5	2334	2192	2333	4383
5	2328	2187	2186	4384
5	2329	2188	2187	4385
5	2331	2190	2189	4386
5	2197	2051	2196	4387
5	2351	2090	2340	4388
5	2195	2050	2049	4389
5	2272	2199	2198	4390
5	2339	2198	2197	4391
5	2339	2197	2338	4392
5	2198	2053	2052	4393
5	2337	2195	2336	4394
5	2332	2191	2190	4395
5	2352	2214	2213	4396
5	2090	1962	2054	4397
5	2404	2259	2376	4398
5	2214	2070	2069	4399
5	2484	2403	2341	4400
5	2250	2164	2092	4401
5	2200	2123	1968	4402
5	2200	1968	2064	4403
5	2260	2201	2099	4404
5	2210	2056	2202	4405
5	2341	2236	2200	4406
5	2210	2200	2064	4407
5	2498	2363	2362	4408
5	2221	2075	2220	4409
5	2480	2344	2343	4410
5	2222	2110	2077	4411
5	2206	2061	2060	4412
5	2209	2063	2208	4413
5	2424	2173	2258	4414
5	2287	2161	2160	4415
5	2615	2481	2506	4416
5	2209	2162	2006	4417
5	2231	2139	2162	4418
5	2485	2350	2349	4419
5	2483	2348	2342	4420
5	2350	2211	2349	4421
5	2448	2307	2308	4422
5	2276	2138	2243	4423
5	2342	2202	2201	4424
5	2556	2402	2482	4425
5	2212	2143	2067	4426
5	2212	2067	2068	4427
5	2259	2120	2124	4428
5	2214	2069	2213	4429
5	2352	2264	2215	4430
5	2215	2070	2214	4431
5	2508	2376	2488	4432
5	2332	2190	2331	4433
5	2216	2119	2000	4434
5	2216	2000	2074	4435
5	2218	2073	2072	4436
5	2327	2119	2279	4437
5	2766	2644	2694	4438
5	2355	2216	2219	4439
5	2328	2186	2327	4440
5	2219	2216	2074	4441
5	2497	2362	2361	4442
5	2421	2255	2254	4443
5	2311	2168	2235	4444
5	2222	2076	2221	4445
5	2235	2168	2091	4446
5	2412	2235	2267	4447
5	2224	2080	2079	4448
5	2225	2081	2080	4449
5	2357	2204	2344	4450
5	2227	2083	2082	4451
5	2633	2500	2499	4452
5	2322	2181	2180	4453
5	2460	2323	2322	4454
5	2227	2082	2226	4455
5	2458	2310	2309	4456
5	2282	2223	2114	4457
5	2359	2222	2221	4458
5	2555	2178	2284	4459
5	2244	1997	2127	4460
5	2244	2146	1997	4461
5	2230	2205	2122	4462
5	2285	2230	2122	4463
5	2347	2209	2208	4464
5	2401	2375	2231	4465
5	2232	2231	2162	4466
5	2232	2162	2209	4467
5	2233	2167	2017	4468
5	2233	2017	2157	4469
5	2252	2109	2026	4470
5	2258	2173	2023	4471
5	2585	2450	2511	4472
5	2451	2312	2450	4473
5	2261	2143	2212	4474
5	2400	2345	2230	4475
5	2312	2169	2311	4476
5	2312	2170	2169	4477
5	2321	2269	2095	4478
5	2461	2321	2323	4479
5	2293	1940	2135	4480
5	2241	1983	2133	4481
5	2249	2084	2240	4482
5	2567	2428	2270	4483
5	2678	2389	2503	4484
5	2297	2106	1891	4485
5	2242	2239	2129	4486
5	2242	2129	1943	4487
5	2485	2349	2382	4488
5	2265	2092	2140	4489
5	2431	2229	2158	4490
5	2416	2146	2244	4491
5	2365	2292	2085	4492
5	2544	2097	2387	4493
5	2246	2234	2145	4494
5	2246	2145	2172	4495
5	2288	1942	2131	4496
5	2416	1981	2146	4497
5	2248	2247	2004	4498
5	2248	2004	2128	4499
5	2378	2086	2271	4500
5	2353	2117	2281	4501
5	2307	2243	2163	4502
5	2308	2164	2250	4503
5	2251	2183	2102	4504
5	2598	2462	2512	4505
5	2419	2252	2144	4506
5	2262	2139	2231	4507
5	2355	2279	2216	4508
5	2420	2279	2355	4509
5	2354	2217	2353	4510
5	2254	2113	2112	4511
5	2675	2510	2405	4512
5	2284	2178	2179	4513
5	2359	2273	2222	4514
5	2343	2111	2256	4515
5	2257	2238	2125	4516
5	2257	2125	2126	4517
5	2315	2144	2027	4518
5	2315	2027	2174	4519
5	2294	2120	2259	4520
5	2265	2250	2092	4521
5	2487	2352	2351	4522
5	2488	2264	2352	4523
5	2423	2261	2263	4524
5	2350	2107	2211	4525
5	2573	2433	2572	4526
5	2286	2160	2089	4527
5	2263	2261	2212	4528
5	2263	2212	2107	4529
5	2264	2259	2124	4530
5	2264	2124	2215	4531
5	2514	2394	2414	4532
5	2381	2342	2260	4533
5	2486	2351	2340	4534
5	2281	2117	2118	4535
5	2267	2235	2091	4536
5	2267	2091	2101	4537
5	2555	2284	2510	4538
5	2427	2268	2274	4539
5	2269	2257	2126	4540
5	2269	2126	2095	4541
5	2501	2438	2292	4542
5	2516	2233	2428	4543
5	2432	2366	2100	4544
5	2429	2378	2271	4545
5	2340	2090	2199	4546
5	2351	2213	2090	4547
5	2344	2203	2343	4548
5	2399	2343	2256	4549
5	2274	2268	2098	4550
5	2274	2098	2096	4551
5	2455	2275	2430	4552
5	2444	2300	2299	4553
5	2276	2260	2099	4554
5	2276	2099	2138	4555
5	2384	2278	2105	4556
5	2278	2103	2003	4557
5	2431	2158	2103	4558
5	2431	2103	2278	4559
5	2253	2159	1998	4560
5	2253	1998	1972	4561
5	2505	2118	2266	4562
5	2366	2240	2100	4563
5	2353	2217	2117	4564
5	2354	2218	2217	4565
5	2363	2227	2226	4566
5	2283	2256	2115	4567
5	2361	2224	2360	4568
5	2763	2632	2762	4569
5	2441	2106	2297	4570
5	2397	2266	2106	4571
5	2481	2345	2400	4572
5	2401	2231	2232	4573
5	2526	2445	2301	4574
5	2434	2230	2285	4575
5	2306	2251	2102	4576
5	2306	2161	2287	4577
5	2503	2389	2439	4578
5	2290	1952	2134	4579
5	2289	2150	1982	4580
5	2289	1982	2147	4581
5	2383	2104	2247	4582
5	2390	2131	2291	4583
5	2390	2288	2131	4584
5	2518	2295	2440	4585
5	2428	2233	2157	4586
5	2791	2567	2651	4587
5	2380	2304	2167	4588
5	2388	2136	2148	4589
5	2294	2265	2140	4590
5	2294	2140	2120	4591
5	2519	2293	2386	4592
5	2365	2085	2239	4593
5	2436	2132	2150	4594
5	2296	2150	2289	4595
5	2297	2151	2245	4596
5	2432	2100	2280	4597
5	2300	2096	2154	4598
5	2300	2154	2299	4599
5	2395	2267	2228	4600
5	2300	2274	2096	4601
5	2412	2267	2395	4602
5	2638	2504	2509	4603
5	2375	2262	2231	4604
5	2302	2155	2301	4605
5	2302	2286	2089	4606
5	2302	2089	2155	4607
5	2368	2156	2234	4608
5	2452	2253	2109	4609
5	2304	2271	2088	4610
5	2304	2088	2167	4611
5	2305	2158	2229	4612
5	2305	2229	2127	4613
5	2435	2286	2302	4614
5	2619	2485	2618	4615
5	2483	2342	2381	4616
5	2572	2433	2423	4617
5	2308	2307	2165	4618
5	2308	2165	2164	4619
5	2310	2166	2116	4620
5	2321	2095	2182	4621
5	2459	2310	2458	4622
5	2632	2499	2498	4623
5	2313	2171	2170	4624
5	2313	2170	2312	4625
5	2570	2430	2427	4626
5	2313	2237	2171	4627
5	2427	2274	2377	4628
5	2444	2377	2300	4629
5	2452	2393	2314	4630
5	2452	2109	2252	4631
5	2588	2315	2453	4632
5	2767	2642	2588	4633
5	2489	2353	2281	4634
5	2454	2254	2318	4635
5	2451	2407	2313	4636
5	2780	2644	2766	4637
5	2491	2355	2356	4638
5	2405	2284	2255	4639
5	2319	2318	2177	4640
5	2319	2177	2176	4641
5	2464	2309	2326	4642
5	2630	2497	2496	4643
5	2323	2181	2322	4644
5	2406	2360	2282	4645
5	2323	2182	2181	4646
5	2323	2321	2182	4647
5	2460	2322	2449	4648
5	2499	2363	2498	4649
5	2325	2185	2184	4650
5	2326	2185	2325	4651
5	2463	2325	2462	4652
5	2761	2630	2760	4653
5	2599	2463	2598	4654
5	2689	2522	2543	4655
5	2466	2327	2465	4656
5	2465	2279	2420	4657
5	2490	2353	2489	4658
5	2333	2191	2332	4659
5	2465	2327	2279	4660
5	2479	2340	2272	4661
5	2467	2328	2466	4662
5	2466	2328	2327	4663
5	2487	2351	2486	4664
5	2333	2192	2191	4665
5	2477	2339	2338	4666
5	2467	2329	2328	4667
5	2471	2332	2470	4668
5	2335	2194	2193	4669
5	2468	2330	2329	4670
5	2473	2334	2472	4671
5	2469	2330	2468	4672
5	2338	2196	2337	4673
5	2469	2331	2330	4674
5	2470	2332	2331	4675
5	2472	2333	2471	4676
5	2339	2272	2198	4677
5	2471	2333	2332	4678
5	2478	2339	2477	4679
5	2472	2334	2333	4680
5	2473	2335	2334	4681
5	2479	2272	2478	4682
5	2352	2215	2214	4683
5	2348	2202	2342	4684
5	2484	2348	2483	4685
5	2348	2210	2202	4686
5	2348	2341	2210	4687
5	2344	2204	2203	4688
5	2357	2220	2204	4689
5	2412	2372	2235	4690
5	2359	2221	2358	4691
5	2346	2208	2207	4692
5	2347	2232	2209	4693
5	2370	2303	2262	4694
5	2347	2208	2346	4695
5	2418	2251	2306	4696
5	2711	2572	2528	4697
5	2425	2265	2294	4698
5	2620	2479	2614	4699
5	2350	2263	2107	4700
5	2349	2211	2123	4701
5	2528	2423	2374	4702
5	2423	2263	2374	4703
5	2474	2336	2335	4704
5	2371	2250	2265	4705
5	2376	2259	2264	4706
5	2477	2338	2476	4707
5	2430	2268	2427	4708
5	2356	2218	2354	4709
5	2586	2524	2407	4710
5	2566	2457	2529	4711
5	2470	2331	2469	4712
5	2468	2329	2467	4713
5	2356	2355	2219	4714
5	2356	2219	2218	4715
5	2821	2722	2780	4716
5	2761	2631	2630	4717
5	2726	2589	2724	4718
5	2463	2326	2325	4719
5	2496	2360	2406	4720
5	2632	2498	2631	4721
5	2361	2225	2224	4722
5	2362	2226	2225	4723
5	2630	2496	2629	4724
5	2364	2142	2227	4725
5	3011	2931	2887	4726
5	2912	2884	2769	4727
5	2494	2357	2492	4728
5	2364	2227	2363	4729
5	2411	2395	2228	4730
5	2399	2256	2373	4731
5	2674	2505	2397	4732
5	2428	2157	2270	4733
5	2367	2240	2366	4734
5	2367	2249	2240	4735
5	2537	2241	2438	4736
5	2695	2537	2637	4737
5	2523	2258	2368	4738
5	2523	2424	2258	4739
5	2437	2296	2290	4740
5	2369	2290	2134	4741
5	2733	2598	2647	4742
5	2540	2303	2370	4743
5	2448	2414	2307	4744
5	2546	2381	2521	4745
5	2372	2311	2235	4746
5	2524	2396	2407	4747
5	2500	2373	2283	4748
5	2499	2364	2363	4749
5	2485	2374	2350	4750
5	2572	2423	2528	4751
5	2482	2346	2481	4752
5	2520	2375	2401	4753
5	2404	2294	2259	4754
5	2425	2294	2404	4755
5	2570	2427	2522	4756
5	2396	2298	2237	4757
5	2552	2369	2544	4758
5	2801	2501	2648	4759
5	2438	2133	2292	4760
5	2380	2167	2379	4761
5	2516	2379	2233	4762
5	2391	2128	2288	4763
5	2382	2349	2236	4764
5	2698	2616	2690	4765
5	2563	2394	2514	4766
5	2565	2371	2425	4767
5	2417	2247	2248	4768
5	2548	2415	2229	4769
5	2549	2277	2383	4770
5	2415	2244	2229	4771
5	2385	2319	2317	4772
5	2455	2316	2275	4773
5	2387	2097	2293	4774
5	2386	2293	2135	4775
5	2569	2545	2378	4776
5	2389	2239	2242	4777
5	2648	2365	2551	4778
5	2555	2280	2178	4779
5	2548	2229	2431	4780
5	2439	2136	2388	4781
5	2552	2437	2369	4782
5	2576	2296	2437	4783
5	2553	2288	2390	4784
5	2437	2290	2369	4785
5	2392	2368	2234	4786
5	2392	2234	2246	4787
5	2393	2392	2246	4788
5	2393	2246	2314	4789
5	2422	2381	2260	4790
5	2394	2276	2243	4791
5	2840	2707	2692	4792
5	2760	2629	2759	4793
5	2443	2299	2298	4794
5	2444	2299	2443	4795
5	2534	2367	2366	4796
5	2426	2356	2354	4797
5	2398	2324	2251	4798
5	2573	2507	2434	4799
5	2493	2411	2273	4800
5	2480	2343	2399	4801
5	2526	2301	2424	4802
5	2424	2301	2173	4803
5	2513	2435	2445	4804
5	2482	2347	2346	4805
5	2402	2401	2232	4806
5	2402	2232	2347	4807
5	2403	2382	2236	4808
5	2403	2236	2341	4809
5	2673	2528	2619	4810
5	2584	2371	2565	4811
5	2557	2420	2491	4812
5	2716	2534	2535	4813
5	2498	2362	2497	4814
5	2497	2361	2496	4815
5	2407	2396	2237	4816
5	2407	2237	2313	4817
5	2408	2406	2282	4818
5	2408	2282	2238	4819
5	2409	2408	2238	4820
5	2409	2238	2257	4821
5	2410	2409	2257	4822
5	2410	2257	2269	4823
5	2492	2344	2480	4824
5	2494	2358	2357	4825
5	2530	2502	2492	4826
5	2530	2480	2399	4827
5	2413	2410	2269	4828
5	2413	2269	2321	4829
5	2414	2394	2243	4830
5	2414	2243	2307	4831
5	2544	2369	2097	4832
5	2440	2295	2137	4833
5	2685	2440	2653	4834
5	2653	2440	2560	4835
5	2667	2515	2505	4836
5	2660	2571	2384	4837
5	2447	2418	2306	4838
5	2447	2287	2446	4839
5	2689	2682	2522	4840
5	2452	2314	2253	4841
5	2491	2420	2355	4842
5	2491	2356	2426	4843
5	2590	2456	2455	4844
5	2421	2405	2255	4845
5	2690	2616	2617	4846
5	2892	2781	2782	4847
5	2433	2285	2261	4848
5	2434	2285	2433	4849
5	2453	2174	2303	4850
5	2618	2485	2382	4851
5	2521	2381	2422	4852
5	2975	2841	2893	4853
5	2693	2566	2529	4854
5	2625	2558	2421	4855
5	2456	2385	2317	4856
5	2668	2645	2554	4857
5	2567	2270	2087	4858
5	2658	2367	2534	4859
5	2661	2429	2550	4860
5	2519	2387	2293	4861
5	2591	2385	2456	4862
5	2626	2491	2426	4863
5	2660	2548	2571	4864
5	2701	2561	2415	4865
5	2510	2284	2405	4866
5	2771	2550	2659	4867
5	2720	2520	2583	4868
5	2434	2400	2230	4869
5	2730	2525	2596	4870
5	2712	2572	2711	4871
5	2698	2547	2616	4872
5	2446	2287	2286	4873
5	2575	2291	2436	4874
5	2436	2150	2296	4875
5	2839	2666	2553	4876
5	2436	2291	2132	4877
5	2501	2292	2365	4878
5	3006	2834	2756	4879
5	2439	2389	2242	4880
5	2439	2242	2136	4881
5	2654	2552	2544	4882
5	2773	2552	2654	4883
5	3145	3066	3083	4884
5	2623	2426	2490	4885
5	2442	2441	2297	4886
5	2442	2297	2245	4887
5	2628	2493	2495	4888
5	2724	2570	2682	4889
5	2532	2395	2411	4890
5	2603	2467	2602	4891
5	2445	2435	2302	4892
5	2445	2302	2301	4893
5	2447	2306	2287	4894
5	2525	2410	2413	4895
5	2546	2483	2381	4896
5	2596	2461	2595	4897
5	2614	2479	2478	4898
5	2610	2474	2609	4899
5	2461	2413	2321	4900
5	2461	2323	2460	4901
5	2451	2313	2312	4902
5	2450	2312	2311	4903
5	2722	2585	2644	4904
5	2586	2451	2585	4905
5	2587	2252	2419	4906
5	2587	2452	2252	4907
5	2588	2419	2315	4908
5	2453	2315	2174	4909
5	2490	2354	2353	4910
5	2454	2421	2254	4911
5	2456	2316	2455	4912
5	2456	2317	2316	4913
5	2579	2396	2524	4914
5	2762	2632	2631	4915
5	2457	2454	2318	4916
5	2457	2318	2319	4917
5	2459	2320	2310	4918
5	2459	2449	2320	4919
5	2574	2446	2435	4920
5	2649	2502	2530	4921
5	2596	2525	2413	4922
5	2598	2463	2462	4923
5	2595	2461	2460	4924
5	2525	2509	2410	4925
5	2845	2822	2665	4926
5	2464	2326	2463	4927
5	2592	2459	2458	4928
5	2464	2458	2309	4929
5	2594	2460	2449	4930
5	2729	2594	2593	4931
5	2611	2476	2475	4932
5	2602	2466	2601	4933
5	2604	2468	2603	4934
5	2600	2465	2420	4935
5	2612	2477	2476	4936
5	2558	2405	2421	4937
5	2601	2466	2465	4938
5	2474	2335	2473	4939
5	2608	2472	2607	4940
5	2605	2469	2604	4941
5	2602	2467	2466	4942
5	2612	2476	2611	4943
5	2603	2468	2467	4944
5	2476	2338	2337	4945
5	2609	2473	2608	4946
5	2614	2478	2613	4947
5	2604	2469	2468	4948
5	2605	2470	2469	4949
5	2607	2471	2606	4950
5	2476	2337	2475	4951
5	2606	2470	2605	4952
5	2606	2471	2470	4953
5	2613	2477	2612	4954
5	2488	2352	2487	4955
5	2607	2472	2471	4956
5	2608	2473	2472	4957
5	2621	2486	2620	4958
5	2486	2340	2479	4959
5	2609	2474	2473	4960
5	2610	2475	2474	4961
5	2492	2357	2344	4962
5	2493	2273	2359	4963
5	2482	2402	2347	4964
5	2481	2346	2345	4965
5	2583	2520	2401	4966
5	2581	2418	2447	4967
5	2484	2341	2348	4968
5	2943	2831	2798	4969
5	2541	2404	2376	4970
5	2584	2448	2371	4971
5	2618	2382	2547	4972
5	2749	2547	2698	4973
5	2622	2488	2487	4974
5	2841	2706	2775	4975
5	2721	2584	2565	4976
5	2488	2376	2264	4977
5	2617	2483	2546	4978
5	2541	2376	2508	4979
5	2490	2426	2354	4980
5	2600	2420	2557	4981
5	2674	2667	2505	4982
5	2705	2555	2704	4983
5	2704	2555	2510	4984
5	2601	2465	2600	4985
5	3015	2905	2913	4986
5	2628	2495	2627	4987
5	2495	2358	2494	4988
5	2542	2372	2412	4989
5	2495	2359	2358	4990
5	2495	2493	2359	4991
5	2591	2529	2385	4992
5	2543	2522	2377	4993
5	2533	2408	2504	4994
5	2633	2531	2373	4995
5	2533	2406	2408	4996
5	2500	2283	2364	4997
5	2530	2399	2531	4998
5	2530	2492	2480	4999
5	2633	2373	2500	5000
5	2500	2364	2499	5001
5	2827	2650	2664	5002
5	2631	2498	2497	5003
5	2705	2432	2555	5004
5	2567	2087	2249	5005
5	2502	2494	2492	5006
5	2629	2406	2533	5007
5	2678	2551	2389	5008
5	2551	2239	2389	5009
5	2593	2449	2459	5010
5	2596	2413	2461	5011
5	2515	2281	2505	5012
5	2505	2281	2118	5013
5	2506	2481	2400	5014
5	2573	2434	2433	5015
5	2507	2506	2400	5016
5	2507	2400	2434	5017
5	2679	2508	2622	5018
5	2620	2486	2479	5019
5	2509	2504	2409	5020
5	2509	2409	2410	5021
5	2537	2093	2241	5022
5	2515	2489	2281	5023
5	2511	2450	2372	5024
5	2542	2511	2372	5025
5	2512	2462	2398	5026
5	2854	2765	2729	5027
5	2583	2401	2402	5028
5	2574	2435	2513	5029
5	2878	2751	2877	5030
5	2541	2425	2404	5031
5	2697	2559	2640	5032
5	2589	2430	2570	5033
5	2550	2429	2304	5034
5	2811	2685	2653	5035
5	2517	2503	2439	5036
5	2517	2439	2388	5037
5	2634	2503	2517	5038
5	2518	2517	2388	5039
5	2770	2700	2569	5040
5	2569	2378	2429	5041
5	2540	2453	2303	5042
5	2564	2375	2520	5043
5	2750	2673	2619	5044
5	2691	2546	2656	5045
5	2522	2427	2377	5046
5	2783	2717	2643	5047
5	2642	2419	2588	5048
5	2639	2424	2523	5049
5	2543	2377	2444	5050
5	2795	2689	2669	5051
5	2593	2459	2592	5052
5	3090	2957	3016	5053
5	2635	2445	2526	5054
5	2639	2526	2424	5055
5	2527	2514	2414	5056
5	2527	2414	2448	5057
5	2781	2690	2691	5058
5	2836	2698	2690	5059
5	2529	2457	2385	5060
5	2682	2570	2522	5061
5	2692	2626	2623	5062
5	2758	2668	2628	5063
5	2755	2623	2624	5064
5	2531	2399	2373	5065
5	2559	2395	2532	5066
5	2776	2768	2640	5067
5	2629	2496	2406	5068
5	2631	2497	2630	5069
5	2536	2442	2245	5070
5	2637	2537	2438	5071
5	2535	2534	2366	5072
5	2535	2366	2432	5073
5	2577	2397	2441	5074
5	2967	2578	2636	5075
5	2537	2536	2245	5076
5	2537	2245	2093	5077
5	2538	2523	2368	5078
5	2538	2368	2392	5079
5	2539	2512	2398	5080
5	2539	2398	2418	5081
5	2663	2512	2539	5082
5	2639	2538	2655	5083
5	2565	2425	2541	5084
5	2583	2402	2556	5085
5	2669	2543	2580	5086
5	2883	2840	2692	5087
5	2580	2443	2579	5088
5	2580	2543	2444	5089
5	2660	2384	2549	5090
5	2553	2391	2288	5091
5	2545	2519	2386	5092
5	2545	2386	2378	5093
5	2547	2382	2403	5094
5	2619	2374	2485	5095
5	2749	2618	2547	5096
5	2688	2521	2563	5097
5	2549	2384	2277	5098
5	2571	2278	2384	5099
5	2701	2415	2548	5100
5	2654	2544	2652	5101
5	2785	2577	2715	5102
5	2551	2365	2239	5103
5	2666	2417	2391	5104
5	2666	2391	2553	5105
5	2702	2653	2560	5106
5	2648	2501	2365	5107
5	3059	2837	2938	5108
5	2576	2436	2296	5109
5	2554	2532	2411	5110
5	2554	2411	2493	5111
5	2774	2705	2704	5112
5	2815	2651	2568	5113
5	2681	2527	2584	5114
5	2584	2527	2448	5115
5	2626	2426	2623	5116
5	2727	2725	2591	5117
5	3136	3031	2946	5118
5	2625	2421	2454	5119
5	2559	2542	2412	5120
5	2559	2412	2395	5121
5	2560	2440	2137	5122
5	2560	2137	2416	5123
5	2561	2560	2416	5124
5	2561	2416	2415	5125
5	2562	2538	2392	5126
5	2562	2392	2393	5127
5	2563	2521	2422	5128
5	2563	2422	2394	5129
5	2767	2588	2723	5130
5	2564	2370	2375	5131
5	2900	2788	2789	5132
5	2871	2745	2870	5133
5	2625	2454	2566	5134
5	2566	2454	2457	5135
5	2801	2637	2501	5136
5	2791	2428	2567	5137
5	2568	2567	2249	5138
5	2568	2249	2367	5139
5	2686	2652	2387	5140
5	2686	2387	2519	5141
5	2589	2455	2430	5142
5	2590	2455	2589	5143
5	2571	2548	2431	5144
5	2571	2431	2278	5145
5	2827	2796	2650	5146
5	2713	2507	2573	5147
5	2671	2664	2615	5148
5	2796	2720	2650	5149
5	2581	2539	2418	5150
5	2582	2446	2574	5151
5	2714	2390	2575	5152
5	2575	2390	2291	5153
5	2714	2575	2576	5154
5	2576	2575	2436	5155
5	2825	2678	2503	5156
5	2803	2695	2637	5157
5	2578	2577	2441	5158
5	2578	2441	2442	5159
5	2580	2444	2443	5160
5	2579	2443	2396	5161
5	2708	2489	2515	5162
5	2689	2543	2669	5163
5	2719	2574	2677	5164
5	2728	2593	2592	5165
5	2582	2581	2447	5166
5	2582	2447	2446	5167
5	2720	2583	2650	5168
5	2720	2696	2520	5169
5	2798	2657	2672	5170
5	2706	2541	2508	5171
5	2586	2407	2451	5172
5	2585	2451	2450	5173
5	2676	2627	2502	5174
5	2800	2759	2646	5175
5	2587	2562	2393	5176
5	2587	2393	2452	5177
5	2723	2588	2453	5178
5	2655	2538	2562	5179
5	2717	2579	2643	5180
5	2852	2726	2793	5181
5	2725	2693	2529	5182
5	2591	2456	2590	5183
5	3178	3143	3015	5184
5	2963	2795	2919	5185
5	2595	2460	2594	5186
5	2594	2449	2593	5187
5	2848	2696	2720	5188
5	2728	2592	2662	5189
5	2778	2733	2647	5190
5	2763	2633	2632	5191
5	2733	2599	2598	5192
5	2731	2595	2594	5193
5	2729	2593	2728	5194
5	2764	2633	2763	5195
5	2597	2592	2458	5196
5	2597	2458	2464	5197
5	2599	2464	2463	5198
5	2599	2597	2464	5199
5	2662	2592	2597	5200
5	2731	2594	2729	5201
5	2724	2589	2570	5202
5	2797	2755	2624	5203
5	2708	2624	2489	5204
5	2737	2601	2736	5205
5	2736	2601	2600	5206
5	2737	2602	2601	5207
5	2735	2600	2557	5208
5	2707	2557	2626	5209
5	2741	2605	2740	5210
5	2613	2478	2477	5211
5	2752	2621	2620	5212
5	2738	2603	2602	5213
5	2743	2607	2742	5214
5	2622	2487	2621	5215
5	2739	2604	2603	5216
5	2753	2622	2621	5217
5	2744	2608	2743	5218
5	2740	2605	2604	5219
5	2745	2610	2609	5220
5	2611	2475	2610	5221
5	2741	2606	2605	5222
5	2746	2611	2610	5223
5	2742	2607	2606	5224
5	2748	2612	2747	5225
5	2743	2608	2607	5226
5	2748	2614	2613	5227
5	2745	2609	2744	5228
5	2621	2487	2486	5229
5	2751	2614	2748	5230
5	2744	2609	2608	5231
5	2615	2556	2482	5232
5	2615	2482	2481	5233
5	2616	2547	2403	5234
5	2616	2403	2484	5235
5	2617	2616	2484	5236
5	2617	2484	2483	5237
5	3020	2893	2898	5238
5	2619	2528	2374	5239
5	2688	2563	2657	5240
5	2721	2681	2584	5241
5	2746	2610	2745	5242
5	2622	2508	2488	5243
5	2747	2612	2611	5244
5	2751	2620	2614	5245
5	2681	2672	2527	5246
5	2706	2508	2679	5247
5	2738	2602	2737	5248
5	2626	2557	2491	5249
5	2624	2623	2490	5250
5	2624	2490	2489	5251
5	2735	2557	2707	5252
5	2707	2626	2692	5253
5	3163	3041	3154	5254
5	3204	3061	3137	5255
5	2628	2554	2493	5256
5	2627	2495	2494	5257
5	2882	2754	2881	5258
5	2901	2769	2792	5259
5	2646	2504	2638	5260
5	2764	2757	2531	5261
5	2951	2799	2804	5262
5	2650	2583	2556	5263
5	2832	2639	2655	5264
5	2633	2499	2632	5265
5	2646	2533	2504	5266
5	2885	2760	2759	5267
5	2759	2533	2646	5268
5	2764	2531	2633	5269
5	2940	2801	2648	5270
5	2637	2438	2501	5271
5	2924	2767	2723	5272
5	2635	2513	2445	5273
5	2636	2578	2442	5274
5	2636	2442	2536	5275
5	2906	2830	2779	5276
5	2651	2567	2568	5277
5	2854	2729	2728	5278
5	2730	2641	2525	5279
5	2709	2370	2564	5280
5	2642	2587	2419	5281
5	2640	2559	2532	5282
5	2784	2697	2768	5283
5	2641	2638	2509	5284
5	2641	2509	2525	5285
5	2639	2523	2538	5286
5	2642	2655	2562	5287
5	2643	2579	2524	5288
5	2670	2643	2524	5289
5	2670	2524	2586	5290
5	3107	2983	3105	5291
5	2645	2640	2532	5292
5	2645	2532	2554	5293
5	2807	2638	2799	5294
5	2759	2629	2533	5295
5	2647	2598	2512	5296
5	2663	2647	2512	5297
5	2659	2550	2380	5298
5	2946	2785	2715	5299
5	2668	2554	2628	5300
5	2676	2502	2649	5301
5	2853	2728	2662	5302
5	2677	2574	2513	5303
5	2695	2536	2537	5304
5	2659	2380	2379	5305
5	2703	2576	2437	5306
5	2810	2654	2652	5307
5	3027	2779	2935	5308
5	2915	2654	2810	5309
5	2702	2560	2561	5310
5	2969	2846	2896	5311
5	2642	2562	2587	5312
5	2847	2719	2677	5313
5	2656	2546	2521	5314
5	2876	2673	2750	5315
5	2688	2656	2521	5316
5	2657	2563	2514	5317
5	2815	2568	2658	5318
5	2658	2568	2367	5319
5	2904	2678	2825	5320
5	2661	2569	2429	5321
5	2938	2837	2702	5322
5	2699	2383	2417	5323
5	2947	2774	2894	5324
5	2818	2551	2678	5325
5	2734	2599	2733	5326
5	2857	2734	2733	5327
5	2671	2506	2665	5328
5	2711	2528	2673	5329
5	2664	2650	2556	5330
5	2664	2556	2615	5331
5	2671	2615	2506	5332
5	2665	2506	2507	5333
5	2817	2549	2699	5334
5	2699	2549	2383	5335
5	2675	2405	2558	5336
5	2756	2558	2625	5337
5	2758	2627	2676	5338
5	2784	2766	2694	5339
5	3133	2952	3050	5340
5	2912	2769	2901	5341
5	2780	2722	2644	5342
5	3061	2930	3026	5343
5	2809	2718	2719	5344
5	2680	2663	2539	5345
5	2672	2657	2514	5346
5	2672	2514	2527	5347
5	2713	2573	2712	5348
5	2712	2573	2572	5349
5	2674	2397	2577	5350
5	2715	2577	2578	5351
5	2756	2625	2754	5352
5	2739	2603	2738	5353
5	2758	2628	2627	5354
5	2889	2763	2762	5355
5	2680	2539	2581	5356
5	2777	2663	2680	5357
5	3027	2906	2779	5358
5	2779	2687	2700	5359
5	2753	2679	2622	5360
5	2752	2620	2751	5361
5	2790	2663	2777	5362
5	2978	2895	2854	5363
5	2710	2541	2706	5364
5	3004	2898	2880	5365
5	2851	2693	2725	5366
5	2986	2852	2793	5367
5	2683	2659	2379	5368
5	2683	2379	2516	5369
5	2938	2702	2838	5370
5	2684	2634	2517	5371
5	2685	2684	2518	5372
5	2685	2518	2440	5373
5	3138	3040	3023	5374
5	2770	2569	2661	5375
5	2687	2686	2519	5376
5	2687	2519	2545	5377
5	2788	2672	2681	5378
5	2921	2836	2916	5379
5	2966	2802	2635	5380
5	2833	2639	2832	5381
5	2750	2618	2749	5382
5	2750	2619	2618	5383
5	2691	2690	2617	5384
5	2691	2617	2546	5385
5	2753	2621	2752	5386
5	2736	2600	2735	5387
5	2754	2566	2693	5388
5	2834	2558	2756	5389
5	2694	2644	2511	5390
5	2694	2511	2542	5391
5	2786	2708	2515	5392
5	2835	2636	2536	5393
5	2802	2513	2635	5394
5	2709	2540	2370	5395
5	2697	2694	2542	5396
5	2697	2542	2559	5397
5	2843	2711	2842	5398
5	2874	2698	2836	5399
5	2812	2417	2666	5400
5	2838	2702	2561	5401
5	2700	2687	2545	5402
5	2700	2545	2569	5403
5	2830	2686	2687	5404
5	2907	2810	2830	5405
5	2838	2561	2701	5406
5	2703	2437	2552	5407
5	3023	2969	2896	5408
5	2714	2553	2390	5409
5	3186	2940	3058	5410
5	2772	2704	2510	5411
5	2923	2658	2534	5412
5	2705	2535	2432	5413
5	2710	2565	2541	5414
5	2721	2565	2710	5415
5	3008	2981	2840	5416
5	2726	2590	2589	5417
5	2862	2736	2861	5418
5	2754	2625	2566	5419
5	2787	2655	2642	5420
5	2850	2723	2540	5421
5	2831	2657	2798	5422
5	2814	2656	2688	5423
5	2849	2789	2721	5424
5	2713	2665	2507	5425
5	2843	2712	2711	5426
5	2922	2790	2920	5427
5	2999	2876	2875	5428
5	2925	2765	2895	5429
5	2839	2553	2714	5430
5	2846	2576	2703	5431
5	2774	2535	2705	5432
5	2772	2510	2675	5433
5	2816	2771	2659	5434
5	3014	2786	2897	5435
5	2717	2669	2580	5436
5	2717	2580	2579	5437
5	2718	2680	2581	5438
5	2718	2581	2582	5439
5	2719	2718	2582	5440
5	2719	2582	2574	5441
5	2874	2749	2698	5442
5	2857	2733	2778	5443
5	3127	3003	3002	5444
5	2877	2751	2748	5445
5	2722	2670	2586	5446
5	2722	2586	2585	5447
5	2924	2787	2767	5448
5	2802	2677	2513	5449
5	2725	2529	2591	5450
5	2828	2794	2682	5451
5	2727	2590	2726	5452
5	2863	2737	2862	5453
5	2727	2591	2590	5454
5	2879	2752	2878	5455
5	2881	2754	2693	5456
5	2740	2604	2739	5457
5	3052	2895	3041	5458
5	2799	2638	2641	5459
5	3140	3050	3055	5460
5	2889	2762	2887	5461
5	2732	2595	2731	5462
5	2732	2596	2595	5463
5	2732	2730	2596	5464
5	2942	2913	2780	5465
5	2888	2792	2757	5466
5	3010	2886	2885	5467
5	2734	2597	2599	5468
5	2734	2662	2597	5469
5	2826	2680	2718	5470
5	2822	2671	2665	5471
5	2913	2821	2780	5472
5	3117	2992	3116	5473
5	2828	2689	2795	5474
5	2852	2727	2726	5475
5	2882	2756	2754	5476
5	2742	2606	2741	5477
5	2928	2883	2755	5478
5	2861	2736	2735	5479
5	2871	2746	2745	5480
5	2863	2738	2737	5481
5	2862	2737	2736	5482
5	2865	2739	2864	5483
5	2864	2739	2738	5484
5	2748	2613	2612	5485
5	2873	2748	2747	5486
5	2868	2742	2867	5487
5	2865	2740	2739	5488
5	2869	2743	2868	5489
5	2866	2741	2740	5490
5	2872	2746	2871	5491
5	2880	2775	2679	5492
5	2747	2611	2746	5493
5	2867	2742	2741	5494
5	2868	2743	2742	5495
5	2877	2748	2873	5496
5	2869	2744	2743	5497
5	2880	2679	2753	5498
5	2870	2745	2744	5499
5	2836	2690	2781	5500
5	2842	2711	2673	5501
5	2970	2843	2842	5502
5	3002	2877	3001	5503
5	2878	2752	2751	5504
5	2872	2747	2746	5505
5	2879	2753	2752	5506
5	3545	3387	3529	5507
5	2798	2672	2788	5508
5	2849	2710	2841	5509
5	2864	2738	2863	5510
5	2797	2624	2708	5511
5	2861	2735	2859	5512
5	2755	2692	2623	5513
5	2774	2716	2535	5514
5	2929	2675	2834	5515
5	2757	2649	2530	5516
5	2757	2530	2531	5517
5	2930	2768	2776	5518
5	3011	2887	2886	5519
5	2760	2630	2629	5520
5	2762	2631	2761	5521
5	2886	2760	2885	5522
5	2885	2759	2800	5523
5	2886	2761	2760	5524
5	2942	2780	2766	5525
5	2884	2676	2769	5526
5	2887	2762	2761	5527
5	2769	2676	2649	5528
5	2911	2805	2823	5529
5	2888	2757	2764	5530
5	2887	2761	2886	5531
5	2765	2731	2729	5532
5	2854	2728	2853	5533
5	3026	2939	3021	5534
5	2952	2807	2891	5535
5	3070	2961	2847	5536
5	2787	2642	2767	5537
5	2784	2694	2697	5538
5	2768	2697	2640	5539
5	2776	2640	2645	5540
5	3079	2933	3074	5541
5	2818	2648	2551	5542
5	3076	2770	2936	5543
5	3156	3060	2953	5544
5	2771	2661	2550	5545
5	2937	2708	2786	5546
5	2786	2515	2667	5547
5	3028	2936	2771	5548
5	2773	2703	2552	5549
5	2785	2674	2577	5550
5	2785	2667	2674	5551
5	2775	2706	2679	5552
5	2880	2753	2879	5553
5	3029	3012	3013	5554
5	3169	3082	3143	5555
5	2845	2665	2713	5556
5	2824	2671	2822	5557
5	2844	2712	2843	5558
5	2960	2920	2777	5559
5	3037	3024	2918	5560
5	2935	2779	2700	5561
5	3207	3074	3204	5562
5	3233	3067	3201	5563
5	2814	2782	2656	5564
5	2998	2874	2921	5565
5	2782	2781	2691	5566
5	2782	2691	2656	5567
5	3047	3008	2883	5568
5	3170	3081	3169	5569
5	2945	2768	2930	5570
5	2913	2905	2821	5571
5	3031	2785	2946	5572
5	2894	2774	2704	5573
5	3032	2834	3006	5574
5	2897	2786	2667	5575
5	2966	2635	2833	5576
5	2850	2540	2709	5577
5	2973	2845	2844	5578
5	2971	2957	2822	5579
5	2789	2788	2681	5580
5	2789	2681	2721	5581
5	2790	2778	2647	5582
5	2790	2647	2663	5583
5	2808	2428	2791	5584
5	2808	2516	2428	5585
5	2792	2769	2649	5586
5	2792	2649	2757	5587
5	2793	2726	2724	5588
5	2820	2717	2783	5589
5	2794	2793	2724	5590
5	2794	2724	2682	5591
5	2828	2682	2689	5592
5	3372	3258	3270	5593
5	2845	2713	2844	5594
5	2847	2809	2719	5595
5	2834	2675	2558	5596
5	2894	2704	2772	5597
5	3127	3002	3126	5598
5	2950	2788	2900	5599
5	3009	2885	2800	5600
5	3009	2800	2952	5601
5	3158	3021	3053	5602
5	2932	2901	2792	5603
5	2835	2536	2695	5604
5	3160	2637	2801	5605
5	2813	2564	2696	5606
5	2848	2720	2796	5607
5	2816	2659	2683	5608
5	2808	2683	2516	5609
5	2804	2799	2641	5610
5	2804	2641	2730	5611
5	2805	2776	2645	5612
5	2805	2645	2668	5613
5	2806	2783	2643	5614
5	2806	2643	2670	5615
5	2807	2800	2646	5616
5	2807	2646	2638	5617
5	2936	2661	2771	5618
5	3174	2929	3032	5619
5	2813	2709	2564	5620
5	2824	2664	2671	5621
5	2829	2684	2811	5622
5	2811	2684	2685	5623
5	2830	2687	2779	5624
5	2825	2503	2634	5625
5	2817	2660	2549	5626
5	2812	2699	2417	5627
5	2832	2655	2787	5628
5	2954	2709	2813	5629
5	2916	2836	2781	5630
5	2999	2875	2998	5631
5	2918	2695	2803	5632
5	2904	2818	2678	5633
5	2909	2791	2651	5634
5	2918	2835	2695	5635
5	3097	2968	2908	5636
5	2819	2660	2817	5637
5	2907	2830	2906	5638
5	3065	2801	2940	5639
5	2819	2701	2548	5640
5	2819	2548	2660	5641
5	2820	2795	2669	5642
5	2820	2669	2717	5643
5	2821	2806	2670	5644
5	2821	2670	2722	5645
5	2827	2664	2824	5646
5	2826	2718	2809	5647
5	2823	2805	2668	5648
5	2823	2668	2758	5649
5	2974	2827	2958	5650
5	2920	2790	2777	5651
5	2959	2829	2811	5652
5	2935	2700	2770	5653
5	3092	3016	2971	5654
5	2826	2777	2680	5655
5	2914	2857	2778	5656
5	2962	2696	2848	5657
5	2919	2820	2899	5658
5	2982	2851	2860	5659
5	3058	2940	2818	5660
5	2829	2634	2684	5661
5	2830	2810	2652	5662
5	2830	2652	2686	5663
5	2831	2814	2688	5664
5	2831	2688	2657	5665
5	2833	2526	2639	5666
5	2833	2635	2526	5667
5	2903	2677	2802	5668
5	3166	3086	2961	5669
5	2859	2707	2840	5670
5	2859	2735	2707	5671
5	2967	2835	2918	5672
5	2967	2636	2835	5673
5	2876	2842	2673	5674
5	2844	2713	2712	5675
5	2837	2811	2653	5676
5	2837	2653	2702	5677
5	3063	2773	2915	5678
5	2968	2819	2908	5679
5	2896	2846	2703	5680
5	2896	2703	2773	5681
5	2866	2740	2865	5682
5	2867	2741	2866	5683
5	2849	2721	2710	5684
5	2841	2710	2706	5685
5	2875	2749	2874	5686
5	2916	2781	2892	5687
5	3101	3051	2972	5688
5	2895	2765	2854	5689
5	2921	2874	2836	5690
5	2957	2824	2822	5691
5	2978	2854	2853	5692
5	3038	2979	2914	5693
5	2846	2839	2714	5694
5	2846	2714	2576	5695
5	2958	2824	2957	5696
5	2961	2960	2826	5697
5	2977	2787	2924	5698
5	3147	2954	3093	5699
5	3148	3080	3141	5700
5	3191	3064	3167	5701
5	3045	2850	2954	5702
5	2924	2723	2850	5703
5	2881	2693	2851	5704
5	3046	2923	2716	5705
5	2860	2727	2852	5706
5	2860	2725	2727	5707
5	2858	2734	2857	5708
5	3068	2998	2921	5709
5	2951	2891	2799	5710
5	2926	2804	2855	5711
5	2855	2804	2730	5712
5	2855	2730	2732	5713
5	2856	2855	2732	5714
5	2856	2732	2731	5715
5	2858	2662	2734	5716
5	2858	2853	2662	5717
5	2958	2827	2824	5718
5	2922	2778	2790	5719
5	2981	2859	2840	5720
5	3047	2883	2928	5721
5	2989	2864	2988	5722
5	2860	2851	2725	5723
5	3005	2881	2851	5724
5	2986	2793	2927	5725
5	2984	2860	2852	5726
5	2919	2795	2820	5727
5	3019	2919	3018	5728
5	2939	2805	2911	5729
5	2983	2861	2859	5730
5	2870	2744	2869	5731
5	2985	2862	2861	5732
5	2992	2867	2991	5733
5	2987	2863	2862	5734
5	2988	2864	2863	5735
5	2996	2872	2871	5736
5	2989	2865	2864	5737
5	2993	2868	2992	5738
5	2990	2866	2865	5739
5	2994	2869	2993	5740
5	2991	2867	2866	5741
5	3004	2879	3003	5742
5	2873	2747	2872	5743
5	2992	2868	2867	5744
5	3003	2879	2878	5745
5	2995	2870	2994	5746
5	2993	2869	2868	5747
5	2994	2870	2869	5748
5	3257	3172	3242	5749
5	2875	2750	2749	5750
5	2876	2750	2875	5751
5	2973	2971	2845	5752
5	2955	2831	2943	5753
5	3256	3154	3226	5754
5	3001	2873	2997	5755
5	2995	2871	2870	5756
5	2997	2873	2872	5757
5	3373	3260	3297	5758
5	3002	2878	2877	5759
5	3004	2880	2879	5760
5	3001	2877	2873	5761
5	3043	2893	3020	5762
5	3244	3242	3124	5763
5	2996	2871	2995	5764
5	3174	3072	2929	5765
5	2883	2692	2755	5766
5	2983	2859	2981	5767
5	2928	2755	2797	5768
5	2990	2865	2989	5769
5	2884	2823	2758	5770
5	2884	2758	2676	5771
5	2931	2889	2887	5772
5	3135	3034	3011	5773
5	3122	2998	3068	5774
5	3041	2895	2978	5775
5	3000	2970	2842	5776
5	2952	2800	2807	5777
5	2890	2763	2889	5778
5	2890	2888	2764	5779
5	2890	2764	2763	5780
5	3026	2930	2939	5781
5	3152	3056	3073	5782
5	3307	3193	3258	5783
5	2891	2807	2799	5784
5	3135	3010	3134	5785
5	2948	2892	2782	5786
5	2948	2782	2814	5787
5	2893	2841	2775	5788
5	3003	2878	3002	5789
5	2923	2534	2716	5790
5	2897	2667	2785	5791
5	2902	2855	2856	5792
5	2926	2855	2902	5793
5	2956	2699	2812	5794
5	3063	2896	2773	5795
5	2988	2863	2987	5796
5	3183	3162	2947	5797
5	2898	2893	2775	5798
5	2898	2775	2880	5799
5	2899	2820	2783	5800
5	2905	2806	2821	5801
5	2976	2849	2975	5802
5	2976	2900	2789	5803
5	3258	3193	3205	5804
5	3013	2889	2931	5805
5	3154	3041	3062	5806
5	3057	2925	3052	5807
5	2960	2777	2826	5808
5	2903	2847	2677	5809
5	3182	2906	3027	5810
5	3156	2953	3035	5811
5	2944	2806	2905	5812
5	2944	2783	2806	5813
5	3098	2968	3097	5814
5	2908	2819	2817	5815
5	2941	2811	2837	5816
5	3017	2810	2907	5817
5	2968	2701	2819	5818
5	2968	2838	2701	5819
5	3028	2771	2816	5820
5	3076	2935	2770	5821
5	2910	2909	2651	5822
5	2910	2651	2815	5823
5	2934	2884	2912	5824
5	2934	2823	2884	5825
5	2934	2911	2823	5826
5	3061	2945	2930	5827
5	3030	2913	2942	5828
5	3292	3132	3168	5829
5	3100	2922	3099	5830
5	2979	2857	2914	5831
5	3063	3023	2896	5832
5	2915	2773	2654	5833
5	3103	2975	3043	5834
5	3080	2950	3025	5835
5	2917	2812	2666	5836
5	2917	2666	2839	5837
5	3037	2918	2803	5838
5	3162	3046	2947	5839
5	2927	2793	2794	5840
5	3019	2963	2919	5841
5	3092	2971	2973	5842
5	2922	2914	2778	5843
5	3243	3122	3157	5844
5	3064	2916	2892	5845
5	2998	2875	2874	5846
5	2972	2843	2970	5847
5	2923	2910	2815	5848
5	2923	2815	2658	5849
5	3099	2920	3091	5850
5	2965	2833	2832	5851
5	2925	2902	2856	5852
5	2925	2856	2765	5853
5	3052	2925	2895	5854
5	2951	2804	2926	5855
5	3151	2937	3014	5856
5	3178	3030	3144	5857
5	3006	2756	2882	5858
5	3014	2937	2786	5859
5	3072	2894	2772	5860
5	2929	2772	2675	5861
5	2933	2766	2784	5862
5	2942	2766	2933	5863
5	2932	2792	2888	5864
5	3053	2911	2934	5865
5	3075	3053	2934	5866
5	3073	3012	3029	5867
5	3467	3356	3466	5868
5	3056	2901	2932	5869
5	3390	3258	3372	5870
5	3053	3021	2911	5871
5	3159	2935	3076	5872
5	2936	2770	2661	5873
5	2940	2648	2818	5874
5	2964	2634	2829	5875
5	3077	2797	2937	5876
5	2937	2797	2708	5877
5	3017	2915	2810	5878
5	3181	3017	2907	5879
5	2939	2930	2776	5880
5	2939	2776	2805	5881
5	3160	2801	3065	5882
5	3058	2818	2904	5883
5	3181	2907	3078	5884
5	2959	2811	2941	5885
5	3135	3011	3010	5886
5	3030	3015	2913	5887
5	3064	2892	3044	5888
5	3260	3141	3149	5889
5	3115	2990	3114	5890
5	2944	2899	2783	5891
5	2945	2933	2784	5892
5	2945	2784	2768	5893
5	3083	2923	3046	5894
5	2947	2716	2774	5895
5	3196	3136	2946	5896
5	3096	2946	2715	5897
5	3172	3051	3101	5898
5	3323	3191	3167	5899
5	2949	2927	2794	5900
5	2949	2794	2828	5901
5	2950	2943	2798	5902
5	2950	2798	2788	5903
5	3374	3261	3315	5904
5	3057	2902	2925	5905
5	3011	2886	3010	5906
5	3010	2885	3009	5907
5	2953	2816	2683	5908
5	2953	2683	2808	5909
5	3093	2813	2962	5910
5	2954	2850	2709	5911
5	2955	2948	2814	5912
5	2955	2814	2831	5913
5	2956	2908	2817	5914
5	2956	2817	2699	5915
5	2973	2844	2972	5916
5	3055	2891	2951	5917
5	2961	2809	2847	5918
5	3102	2958	3090	5919
5	3078	2907	2906	5920
5	3089	2964	2829	5921
5	3087	2962	2848	5922
5	3070	2847	2903	5923
5	2961	2826	2809	5924
5	3286	3173	3263	5925
5	3244	3124	3123	5926
5	2962	2813	2696	5927
5	2963	2949	2828	5928
5	2963	2828	2795	5929
5	3281	3037	3142	5930
5	2964	2825	2634	5931
5	3039	2903	2802	5932
5	3166	2961	3070	5933
5	2966	2833	2965	5934
5	3039	2802	2966	5935
5	3096	2715	2967	5936
5	2967	2715	2578	5937
5	3022	2908	2956	5938
5	3098	2938	2838	5939
5	2969	2917	2839	5940
5	2969	2839	2846	5941
5	2971	2822	2845	5942
5	3090	2958	2957	5943
5	2972	2844	2843	5944
5	3016	2957	2971	5945
5	3091	2960	3086	5946
5	2980	2978	2853	5947
5	2974	2796	2827	5948
5	2974	2848	2796	5949
5	3062	3041	2978	5950
5	3095	3039	2966	5951
5	2976	2789	2849	5952
5	2975	2849	2841	5953
5	3044	2892	2948	5954
5	3103	3033	2976	5955
5	2977	2965	2832	5956
5	2977	2832	2787	5957
5	2980	2858	2979	5958
5	3086	2960	2961	5959
5	2980	2853	2858	5960
5	2979	2858	2857	5961
5	3100	2914	2922	5962
5	3248	3179	3128	5963
5	2985	2861	2983	5964
5	2987	2862	2985	5965
5	3005	2851	2982	5966
5	3007	2881	3005	5967
5	3168	3008	3047	5968
5	2991	2866	2990	5969
5	3129	3005	2982	5970
5	2984	2982	2860	5971
5	3106	2982	2984	5972
5	2997	2872	2996	5973
5	3110	2986	2927	5974
5	2986	2984	2852	5975
5	3018	2919	2899	5976
5	3082	2905	3015	5977
5	3229	3108	3110	5978
5	3331	3204	3259	5979
5	3067	2949	2963	5980
5	3251	3129	3249	5981
5	3109	2987	2985	5982
5	3111	2988	2987	5983
5	3118	2993	3117	5984
5	3113	2989	2988	5985
5	3119	2994	3118	5986
5	3126	3002	3001	5987
5	3114	2990	2989	5988
5	3120	2995	3119	5989
5	3115	2991	2990	5990
5	3128	3004	3003	5991
5	3116	2992	2991	5992
5	3128	3003	3127	5993
5	3117	2993	2992	5994
5	3121	2996	3120	5995
5	3118	2994	2993	5996
5	3128	3048	3004	5997
5	3000	2842	2876	5998
5	3000	2876	2999	5999
5	3241	3121	3120	6000
5	3428	3373	3297	6001
5	3122	2999	2998	6002
5	3062	2978	2980	6003
5	3119	2995	2994	6004
5	3246	3125	3245	6005
5	3121	2997	2996	6006
5	3245	3121	3241	6007
5	3263	3173	3179	6008
5	3120	2996	2995	6009
5	3321	3225	3276	6010
5	3161	3044	3084	6011
5	3132	3105	2981	6012
5	3444	3442	3324	6013
5	3008	2840	2883	6014
5	3175	3006	3130	6015
5	3264	3014	2897	6016
5	3007	2882	2881	6017
5	3109	2985	3107	6018
5	3105	2983	2981	6019
5	3177	3052	3163	6020
5	3254	3133	3253	6021
5	3253	3133	3050	6022
5	3163	3052	3041	6023
5	3054	2931	3034	6024
5	3054	3013	2931	6025
5	3012	2932	2888	6026
5	3012	2888	2890	6027
5	3013	3012	2890	6028
5	3013	2890	2889	6029
5	3130	3006	2882	6030
5	3032	2929	2834	6031
5	3185	3029	3054	6032
5	3180	3137	3026	6033
5	3104	3062	2980	6034
5	3050	2952	2891	6035
5	3036	2956	2812	6036
5	3059	2941	2837	6037
5	3112	2949	3067	6038
5	3112	2927	2949	6039
5	3108	2984	2986	6040
5	3067	2963	3019	6041
5	3247	3127	3126	6042
5	3125	3001	2997	6043
5	3021	2939	2911	6044
5	3075	2912	2901	6045
5	3098	2838	2968	6046
5	3097	2908	3022	6047
5	3036	2812	2917	6048
5	3036	3022	2956	6049
5	3096	2967	3024	6050
5	3024	2967	2918	6051
5	3025	2950	2900	6052
5	3043	2975	2893	6053
5	3200	3018	3170	6054
5	3350	3347	3231	6055
5	3265	3197	3017	6056
5	3266	3078	3182	6057
5	3094	2904	2825	6058
5	3089	2829	2959	6059
5	3034	2931	3011	6060
5	3134	3010	3009	6061
5	3074	2945	3061	6062
5	3074	2933	2945	6063
5	3271	3060	3156	6064
5	3031	2897	2785	6065
5	3376	3309	3162	6066
5	3072	2772	2929	6067
5	3033	3025	2900	6068
5	3033	2900	2976	6069
5	3054	3029	3013	6070
5	3436	3312	3435	6071
5	3186	3065	2940	6072
5	3060	2816	2953	6073
5	3220	3098	3219	6074
5	3040	2969	3023	6075
5	3142	3037	2803	6076
5	3046	2716	2947	6077
5	3051	2973	2972	6078
5	3194	3055	3085	6079
5	3188	2962	3087	6080
5	3045	2924	2850	6081
5	3040	3036	2917	6082
5	3040	2917	2969	6083
5	3092	2973	3051	6084
5	3104	2979	3038	6085
5	3095	2965	3042	6086
5	3042	2965	2977	6087
5	3103	2976	2975	6088
5	3202	3157	3068	6089
5	3084	2955	3049	6090
5	3084	2948	2955	6091
5	3319	3192	3268	6092
5	3482	3372	3417	6093
5	3035	2791	2909	6094
5	3035	2808	2791	6095
5	3130	2882	3007	6096
5	3116	2991	3115	6097
5	3048	3020	2898	6098
5	3048	2898	3004	6099
5	3084	3044	2948	6100
5	3049	2955	2943	6101
5	3133	3009	2952	6102
5	3134	3009	3133	6103
5	3148	3049	3080	6104
5	3124	2970	3000	6105
5	3085	2951	2926	6106
5	3055	3050	2891	6107
5	3075	2934	2912	6108
5	3205	3056	3152	6109
5	3270	3205	3152	6110
5	3255	3176	3135	6111
5	3071	2902	3057	6112
5	3071	2926	2902	6113
5	3395	3316	3289	6114
5	3075	2901	3056	6115
5	3253	3050	3140	6116
5	3085	2926	3071	6117
5	3060	3028	2816	6118
5	3035	2953	2808	6119
5	3219	3097	3218	6120
5	3094	2825	2964	6121
5	3066	2909	2910	6122
5	3376	3162	3183	6123
5	3079	2942	2933	6124
5	3079	3030	2942	6125
5	3101	2972	2970	6126
5	3203	3057	3177	6127
5	3220	3059	2938	6128
5	3218	3097	3022	6129
5	3069	2916	3064	6130
5	3104	2980	2979	6131
5	3159	3027	2935	6132
5	3160	2803	2637	6133
5	3303	3065	3186	6134
5	3199	2909	3066	6135
5	3170	3018	3081	6136
5	3207	3079	3074	6137
5	3214	3051	3172	6138
5	3444	3322	3396	6139
5	3069	3068	2921	6140
5	3069	2921	2916	6141
5	3087	2848	2974	6142
5	3102	2974	2958	6143
5	3410	3268	3273	6144
5	3085	3055	2951	6145
5	3196	2946	3096	6146
5	3275	3028	3060	6147
5	3073	3056	2932	6148
5	3073	2932	3012	6149
5	3316	3144	3289	6150
5	3501	3379	3498	6151
5	3180	3026	3021	6152
5	3556	3446	3436	6153
5	3275	3139	3028	6154
5	3165	3058	2904	6155
5	3206	3047	2928	6156
5	3077	2928	2797	6157
5	3088	2959	2941	6158
5	3195	2941	3059	6159
5	3345	3228	3288	6160
5	3180	3021	3158	6161
5	3080	3049	2943	6162
5	3080	2943	2950	6163
5	3081	3018	2899	6164
5	3081	2899	2944	6165
5	3082	3081	2944	6166
5	3082	2944	2905	6167
5	3083	3066	2910	6168
5	3083	2910	2923	6169
5	3580	3374	3471	6170
5	3364	3246	3363	6171
5	3045	3042	2977	6172
5	3045	2977	2924	6173
5	3091	2920	2960	6174
5	3213	3090	3016	6175
5	3209	3038	3100	6176
5	3093	2954	2813	6177
5	3182	3078	2906	6178
5	3210	3089	2959	6179
5	3210	2959	3088	6180
5	3382	3088	3195	6181
5	3320	3215	3147	6182
5	3344	3224	3213	6183
5	3279	3086	3166	6184
5	3212	3091	3086	6185
5	3311	3167	3161	6186
5	3099	2922	2920	6187
5	3095	2966	2965	6188
5	3211	3087	2974	6189
5	3155	2964	3089	6190
5	3299	3037	3281	6191
5	3282	3221	3212	6192
5	3209	3164	3038	6193
5	3264	3031	3136	6194
5	3151	3077	2937	6195
5	3198	3138	3023	6196
5	3187	3022	3036	6197
5	3198	3023	3063	6198
5	3219	3098	3097	6199
5	3322	3203	3261	6200
5	3100	3038	2914	6201
5	3221	3099	3091	6202
5	3261	3203	3177	6203
5	3123	2999	3122	6204
5	3123	3000	2999	6205
5	3448	3334	3332	6206
5	3146	2903	3039	6207
5	3189	3033	3103	6208
5	3276	3225	3150	6209
5	3202	3068	3069	6210
5	3324	3194	3190	6211
5	3107	2985	2983	6212
5	3114	2989	3113	6213
5	3129	2982	3106	6214
5	3131	3005	3129	6215
5	3111	2987	3109	6216
5	3113	2988	3111	6217
5	3227	3106	3108	6218
5	3108	3106	2984	6219
5	3201	3019	3200	6220
5	3125	2997	3121	6221
5	3238	3117	3237	6222
5	3110	3108	2986	6223
5	3368	3249	3366	6224
5	3317	3180	3158	6225
5	3231	3110	3112	6226
5	3112	3110	2927	6227
5	3201	3067	3019	6228
5	3200	3019	3018	6229
5	3169	3081	3082	6230
5	3406	3346	3347	6231
5	3230	3109	3228	6232
5	3232	3113	3111	6233
5	3237	3116	3236	6234
5	3126	3001	3125	6235
5	3234	3114	3113	6236
5	3239	3118	3238	6237
5	3235	3115	3114	6238
5	3241	3120	3240	6239
5	3236	3116	3115	6240
5	3237	3117	3116	6241
5	3248	3127	3247	6242
5	3238	3118	3117	6243
5	3545	3521	3428	6244
5	3239	3119	3118	6245
5	3244	3123	3243	6246
5	3124	3000	3123	6247
5	3396	3261	3374	6248
5	3124	3101	2970	6249
5	3208	3049	3148	6250
5	3167	3044	3161	6251
5	3246	3126	3125	6252
5	3240	3120	3119	6253
5	3245	3125	3121	6254
5	3399	3311	3262	6255
5	3248	3128	3127	6256
5	3428	3321	3387	6257
5	3150	3043	3020	6258
5	3443	3311	3399	6259
5	3249	3129	3106	6260
5	3283	3151	3014	6261
5	3132	2981	3008	6262
5	3264	2897	3031	6263
5	3661	3548	3506	6264
5	3131	3007	3005	6265
5	3252	3171	3105	6266
5	3295	3130	3250	6267
5	3535	3413	3494	6268
5	3255	3135	3134	6269
5	3416	3293	3378	6270
5	3324	3190	3322	6271
5	3177	3057	3052	6272
5	3194	3085	3190	6273
5	3509	3309	3376	6274
5	3206	2928	3077	6275
5	3137	3061	3026	6276
5	3289	3144	3207	6277
5	3187	3036	3040	6278
5	3187	3040	3138	6279
5	3139	3076	2936	6280
5	3139	2936	3028	6281
5	3194	3140	3055	6282
5	3190	3085	3071	6283
5	3141	3080	3025	6284
5	3262	3161	3208	6285
5	3303	3281	3142	6286
5	3155	3094	2964	6287
5	3143	3082	3015	6288
5	3440	3317	3307	6289
5	3178	3015	3030	6290
5	3144	3030	3079	6291
5	3217	3046	3162	6292
5	3398	3159	3277	6293
5	3226	3104	3164	6294
5	3146	3070	2903	6295
5	3146	3039	3095	6296
5	3147	3045	2954	6297
5	3323	3167	3311	6298
5	3392	3300	3381	6299
5	3149	3141	3025	6300
5	3149	3025	3033	6301
5	3189	3149	3033	6302
5	3225	3043	3150	6303
5	3301	3206	3077	6304
5	3250	3130	3007	6305
5	3556	3436	3551	6306
5	3176	3034	3135	6307
5	3153	3152	3073	6308
5	3153	3073	3029	6309
5	3226	3062	3104	6310
5	3164	3104	3038	6311
5	3302	3094	3155	6312
5	3303	3142	3065	6313
5	3304	3199	3066	6314
5	3305	3156	3199	6315
5	3157	3122	3068	6316
5	3381	3300	3260	6317
5	3874	3769	3765	6318
5	3352	3233	3201	6319
5	3165	2904	3094	6320
5	3393	3266	3182	6321
5	3160	3065	3142	6322
5	3160	3142	2803	6323
5	3167	3064	3044	6324
5	3191	3069	3064	6325
5	3764	3430	3536	6326
5	3217	3083	3046	6327
5	3310	3163	3154	6328
5	3285	3214	3172	6329
5	3215	3042	3147	6330
5	3147	3042	3045	6331
5	3274	3058	3165	6332
5	3333	3155	3089	6333
5	3278	3087	3211	6334
5	3211	2974	3102	6335
5	3362	3245	3241	6336
5	3300	3141	3260	6337
5	3171	3107	3105	6338
5	3168	3132	3008	6339
5	3312	3143	3298	6340
5	3233	3112	3067	6341
5	3397	3259	3296	6342
5	3328	3200	3170	6343
5	3232	3111	3230	6344
5	3230	3111	3109	6345
5	3223	3213	3016	6346
5	3222	3100	3099	6347
5	3173	3150	3020	6348
5	3173	3020	3048	6349
5	3326	3136	3196	6350
5	3183	2947	2894	6351
5	3314	3174	3032	6352
5	3175	3032	3006	6353
5	3185	3153	3029	6354
5	3192	3034	3176	6355
5	3291	3226	3164	6356
5	3520	3396	3484	6357
5	3446	3313	3436	6358
5	3485	3380	3440	6359
5	3179	3173	3048	6360
5	3179	3048	3128	6361
5	3270	3258	3205	6362
5	3370	3253	3294	6363
5	3195	3088	2941	6364
5	3197	2915	3017	6365
5	3418	3275	3060	6366
5	3308	3027	3159	6367
5	3301	3077	3151	6368
5	3283	3014	3264	6369
5	3184	3183	2894	6370
5	3184	2894	3072	6371
5	3440	3307	3390	6372
5	3269	3152	3153	6373
5	3418	3060	3271	6374
5	3337	3145	3217	6375
5	3218	3022	3187	6376
5	3220	2938	3098	6377
5	3320	3093	3188	6378
5	3188	3093	2962	6379
5	3381	3260	3373	6380
5	3311	3161	3262	6381
5	3310	3154	3256	6382
5	3294	3140	3287	6383
5	3474	3364	3363	6384
5	3202	3069	3191	6385
5	3192	3185	3054	6386
5	3192	3054	3034	6387
5	3193	3158	3053	6388
5	3193	3053	3075	6389
5	3315	3177	3163	6390
5	3287	3140	3194	6391
5	3651	3393	3534	6392
5	3400	3078	3266	6393
5	3337	3217	3309	6394
5	3309	3217	3162	6395
5	3198	3063	3197	6396
5	3197	3063	2915	6397
5	3318	3210	3088	6398
5	3265	3017	3181	6399
5	3199	3156	3035	6400
5	3199	3035	2909	6401
5	3313	3170	3169	6402
5	3240	3119	3239	6403
5	3234	3113	3232	6404
5	3228	3109	3107	6405
5	3401	3257	3360	6406
5	3360	3242	3244	6407
5	3203	3190	3071	6408
5	3203	3071	3057	6409
5	3207	3144	3079	6410
5	3204	3074	3061	6411
5	3205	3193	3075	6412
5	3205	3075	3056	6413
5	3250	3007	3131	6414
5	3402	3330	3206	6415
5	3298	3143	3178	6416
5	3317	3158	3307	6417
5	3208	3161	3084	6418
5	3208	3084	3049	6419
5	3486	3411	3447	6420
5	3278	3188	3087	6421
5	3302	3165	3094	6422
5	3487	3266	3393	6423
5	3224	3102	3090	6424
5	3331	3289	3207	6425
5	3221	3091	3212	6426
5	3223	3092	3214	6427
5	3224	3090	3213	6428
5	3335	3102	3224	6429
5	3371	3254	3370	6430
5	3214	3092	3051	6431
5	3215	3146	3095	6432
5	3215	3095	3042	6433
5	3216	3196	3096	6434
5	3216	3096	3024	6435
5	3299	3024	3037	6436
5	3217	3145	3083	6437
5	3340	3059	3220	6438
5	3338	3198	3327	6439
5	3327	3198	3197	6440
5	3338	3138	3198	6441
5	3218	3187	3138	6442
5	3339	3220	3219	6443
5	3222	3099	3221	6444
5	3222	3209	3100	6445
5	3223	3016	3092	6446
5	3280	3243	3157	6447
5	3291	3256	3226	6448
5	3405	3282	3212	6449
5	3342	3221	3282	6450
5	3361	3243	3280	6451
5	3225	3189	3103	6452
5	3225	3103	3043	6453
5	3284	3164	3209	6454
5	3226	3154	3062	6455
5	3228	3107	3171	6456
5	3249	3106	3227	6457
5	3247	3126	3246	6458
5	3351	3232	3348	6459
5	3488	3389	3367	6460
5	3229	3227	3108	6461
5	3236	3115	3235	6462
5	3235	3114	3234	6463
5	3313	3169	3312	6464
5	3231	3229	3110	6465
5	3349	3200	3328	6466
5	3349	3201	3200	6467
5	3353	3234	3351	6468
5	3233	3231	3112	6469
5	3346	3227	3229	6470
5	3478	3366	3476	6471
5	3328	3170	3313	6472
5	3312	3169	3143	6473
5	3348	3232	3230	6474
5	3359	3241	3240	6475
5	3351	3234	3232	6476
5	3357	3238	3356	6477
5	3353	3235	3234	6478
5	3362	3241	3359	6479
5	3354	3236	3235	6480
5	3355	3237	3236	6481
5	3365	3247	3364	6482
5	3356	3238	3237	6483
5	3363	3245	3362	6484
5	3357	3239	3238	6485
5	3242	3172	3101	6486
5	3242	3101	3124	6487
5	3336	3223	3214	6488
5	3243	3123	3122	6489
5	3343	3223	3336	6490
5	3428	3297	3321	6491
5	3358	3240	3239	6492
5	3359	3240	3358	6493
5	3365	3290	3248	6494
5	3363	3246	3245	6495
5	3762	3632	3716	6496
5	3529	3420	3489	6497
5	3491	3385	3407	6498
5	3530	3381	3526	6499
5	3492	3479	3369	6500
5	3292	3252	3132	6501
5	3252	3105	3132	6502
5	3295	3175	3130	6503
5	3593	3388	3496	6504
5	3251	3131	3129	6505
5	3288	3228	3171	6506
5	3369	3288	3171	6507
5	3254	3134	3133	6508
5	3255	3134	3254	6509
5	3371	3255	3254	6510
5	3378	3319	3377	6511
5	3322	3190	3203	6512
5	3416	3269	3293	6513
5	3526	3373	3521	6514
5	3447	3323	3443	6515
5	3403	3279	3166	6516
5	3335	3211	3102	6517
5	3417	3270	3269	6518
5	3270	3152	3269	6519
5	3259	3204	3137	6520
5	3551	3436	3435	6521
5	3297	3260	3149	6522
5	3297	3149	3189	6523
5	3360	3257	3242	6524
5	3495	3386	3481	6525
5	3420	3286	3385	6526
5	3584	3474	3583	6527
5	3364	3247	3246	6528
5	3365	3248	3247	6529
5	3314	3032	3175	6530
5	3511	3409	3330	6531
5	3327	3197	3265	6532
5	3338	3219	3218	6533
5	3419	3139	3275	6534
5	3415	3318	3382	6535
5	3267	3184	3072	6536
5	3267	3072	3174	6537
5	3268	3192	3176	6538
5	3371	3273	3255	6539
5	3800	3705	3768	6540
5	3417	3269	3416	6541
5	3650	3501	3629	6542
5	3553	3440	3390	6543
5	3499	3391	3303	6544
5	3277	3076	3139	6545
5	3272	3262	3208	6546
5	3272	3208	3148	6547
5	3273	3268	3176	6548
5	3273	3176	3255	6549
5	3375	3136	3326	6550
5	3274	3186	3058	6551
5	3419	3275	3418	6552
5	3277	3159	3076	6553
5	3521	3373	3428	6554
5	3387	3321	3276	6555
5	3595	3505	3549	6556
5	3308	3182	3027	6557
5	3343	3213	3223	6558
5	3279	3212	3086	6559
5	3332	3146	3215	6560
5	3334	3070	3146	6561
5	3652	3539	3579	6562
5	3413	3272	3392	6563
5	3547	3274	3430	6564
5	3299	3216	3024	6565
5	3558	3448	3383	6566
5	3341	3209	3222	6567
5	3444	3324	3322	6568
5	3367	3250	3131	6569
5	3285	3172	3257	6570
5	3291	3164	3284	6571
5	3336	3214	3285	6572
5	3344	3213	3343	6573
5	3286	3276	3150	6574
5	3286	3150	3173	6575
5	3294	3253	3140	6576
5	3370	3254	3253	6577
5	3345	3230	3228	6578
5	3355	3236	3354	6579
5	3553	3390	3497	6580
5	3446	3328	3313	6581
5	3290	3263	3179	6582
5	3290	3179	3248	6583
5	3425	3257	3401	6584
5	3502	3425	3401	6585
5	3366	3249	3227	6586
5	3503	3292	3409	6587
5	3293	3269	3153	6588
5	3293	3153	3185	6589
5	3456	3344	3343	6590
5	3412	3256	3291	6591
5	3375	3264	3136	6592
5	3519	3437	3314	6593
5	3296	3259	3137	6594
5	3296	3137	3180	6595
5	3438	3256	3412	6596
5	3589	3481	3480	6597
5	3669	3497	3596	6598
5	3397	3296	3380	6599
5	3304	3066	3145	6600
5	3325	3196	3216	6601
5	3300	3272	3148	6602
5	3300	3148	3141	6603
5	3330	3047	3206	6604
5	3330	3168	3047	6605
5	3431	3304	3394	6606
5	3536	3302	3404	6607
5	3735	3656	3542	6608
5	3487	3415	3266	6609
5	3305	3271	3156	6610
5	3305	3199	3304	6611
5	3500	3281	3391	6612
5	3431	3305	3304	6613
5	3306	3280	3157	6614
5	3306	3157	3202	6615
5	3317	3296	3180	6616
5	3307	3158	3193	6617
5	3441	3210	3318	6618
5	3382	3195	3340	6619
5	3483	3325	3433	6620
5	3506	3431	3394	6621
5	3315	3261	3177	6622
5	3315	3163	3310	6623
5	3329	3202	3191	6624
5	3329	3191	3323	6625
5	3628	3533	3594	6626
5	3423	3331	3379	6627
5	3435	3298	3429	6628
5	3429	3316	3395	6629
5	3414	3184	3267	6630
5	3437	3174	3314	6631
5	3481	3370	3480	6632
5	3538	3386	3495	6633
5	3316	3298	3178	6634
5	3316	3178	3144	6635
5	3497	3372	3482	6636
5	3378	3293	3319	6637
5	3441	3333	3210	6638
5	3333	3089	3210	6639
5	3319	3293	3185	6640
5	3319	3185	3192	6641
5	3320	3147	3093	6642
5	3331	3207	3204	6643
5	3321	3297	3189	6644
5	3321	3189	3225	6645
5	3324	3287	3194	6646
5	3447	3411	3329	6647
5	3507	3454	3450	6648
5	3329	3306	3202	6649
5	3396	3322	3261	6650
5	3527	3447	3443	6651
5	3326	3196	3325	6652
5	3388	3301	3151	6653
5	3801	3711	3601	6654
5	3388	3151	3283	6655
5	3340	3195	3059	6656
5	3338	3218	3138	6657
5	3435	3312	3298	6658
5	3358	3239	3357	6659
5	3392	3272	3300	6660
5	3599	3563	3507	6661
5	3737	3633	3493	6662
5	3367	3131	3251	6663
5	3515	3279	3403	6664
5	3332	3215	3320	6665
5	3334	3146	3332	6666
5	3334	3166	3070	6667
5	3404	3155	3333	6668
5	3393	3182	3308	6669
5	3403	3166	3334	6670
5	3448	3403	3334	6671
5	3448	3332	3383	6672
5	3449	3211	3335	6673
5	3471	3315	3310	6674
5	3616	3405	3515	6675
5	3524	3506	3394	6676
5	3391	3281	3303	6677
5	3340	3220	3339	6678
5	3339	3219	3338	6679
5	3452	3327	3265	6680
5	3400	3265	3181	6681
5	3400	3181	3078	6682
5	3382	3318	3088	6683
5	3453	3424	3284	6684
5	3341	3284	3209	6685
5	3342	3341	3222	6686
5	3342	3222	3221	6687
5	3450	3336	3285	6688
5	3425	3285	3257	6689
5	3454	3343	3336	6690
5	3597	3513	3560	6691
5	3348	3230	3345	6692
5	3356	3237	3355	6693
5	3476	3366	3346	6694
5	3366	3227	3346	6695
5	3347	3346	3229	6696
5	3347	3229	3231	6697
5	3736	3592	3626	6698
5	3354	3235	3353	6699
5	3352	3201	3349	6700
5	3350	3231	3233	6701
5	3474	3363	3473	6702
5	3461	3458	3350	6703
5	3458	3347	3350	6704
5	3459	3351	3348	6705
5	3458	3406	3347	6706
5	3352	3350	3233	6707
5	3565	3384	3457	6708
5	3460	3352	3349	6709
5	3463	3328	3446	6710
5	3429	3298	3316	6711
5	3436	3313	3312	6712
5	3462	3351	3459	6713
5	3462	3353	3351	6714
5	3464	3354	3353	6715
5	3582	3473	3472	6716
5	3465	3355	3354	6717
5	3473	3362	3472	6718
5	3466	3356	3355	6719
5	3475	3364	3474	6720
5	3467	3357	3356	6721
5	3411	3306	3329	6722
5	3510	3401	3470	6723
5	3361	3360	3244	6724
5	3361	3244	3243	6725
5	3472	3359	3469	6726
5	3468	3358	3357	6727
5	3469	3359	3358	6728
5	3475	3408	3365	6729
5	3473	3363	3362	6730
5	3983	3911	3982	6731
5	3699	3606	3641	6732
5	3472	3362	3359	6733
5	3479	3457	3288	6734
5	3426	3252	3292	6735
5	3369	3171	3252	6736
5	3711	3492	3601	6737
5	3704	3488	3608	6738
5	3368	3251	3249	6739
5	3476	3346	3406	6740
5	3384	3348	3345	6741
5	3481	3386	3371	6742
5	3480	3370	3294	6743
5	3696	3544	3657	6744
5	3410	3273	3386	6745
5	3417	3372	3270	6746
5	3481	3371	3370	6747
5	3491	3407	3490	6748
5	3602	3490	3517	6749
5	3438	3310	3256	6750
5	3741	3522	3616	6751
5	3552	3414	3267	6752
5	3434	3337	3309	6753
5	3524	3394	3337	6754
5	3493	3376	3414	6755
5	3377	3319	3268	6756
5	3386	3273	3371	6757
5	3518	3442	3444	6758
5	3544	3442	3518	6759
5	3379	3331	3259	6760
5	3629	3498	3628	6761
5	3397	3379	3259	6762
5	3380	3296	3317	6763
5	3951	3855	3927	6764
5	3603	3521	3545	6765
5	3452	3339	3338	6766
5	3452	3265	3400	6767
5	3902	3706	3813	6768
5	3383	3188	3278	6769
5	3466	3355	3465	6770
5	3468	3357	3467	6771
5	3385	3286	3263	6772
5	3475	3365	3364	6773
5	3410	3377	3268	6774
5	3703	3594	3610	6775
5	3494	3413	3392	6776
5	3742	3659	3707	6777
5	3402	3301	3388	6778
5	3402	3206	3301	6779
5	3389	3295	3250	6780
5	3389	3250	3367	6781
5	3440	3380	3317	6782
5	3390	3307	3258	6783
5	3433	3216	3299	6784
5	3433	3325	3216	6785
5	3648	3530	3526	6786
5	3526	3381	3373	6787
5	3404	3302	3155	6788
5	3531	3404	3333	6789
5	3394	3304	3145	6790
5	3394	3145	3337	6791
5	3550	3429	3546	6792
5	3533	3380	3485	6793
5	3427	3294	3287	6794
5	3480	3294	3427	6795
5	3498	3379	3397	6796
5	3546	3395	3532	6797
5	3534	3393	3308	6798
5	3398	3308	3159	6799
5	3743	3728	3604	6800
5	3627	3490	3602	6801
5	3452	3340	3339	6802
5	3452	3338	3327	6803
5	3421	3306	3411	6804
5	3607	3518	3520	6805
5	3409	3292	3168	6806
5	3409	3168	3330	6807
5	3451	3342	3282	6808
5	3405	3212	3279	6809
5	3432	3305	3431	6810
5	3764	3547	3430	6811
5	3422	3335	3224	6812
5	3422	3224	3344	6813
5	3569	3459	3516	6814
5	3457	3345	3288	6815
5	3407	3385	3263	6816
5	3407	3263	3290	6817
5	3408	3407	3290	6818
5	3408	3290	3365	6819
5	3704	3600	3488	6820
5	3426	3369	3252	6821
5	4003	3938	3984	6822
5	3609	3528	3538	6823
5	3439	3361	3280	6824
5	3504	3439	3421	6825
5	3421	3280	3306	6826
5	3470	3360	3361	6827
5	3413	3399	3262	6828
5	3413	3262	3272	6829
5	3414	3376	3183	6830
5	3414	3183	3184	6831
5	3415	3382	3400	6832
5	3415	3400	3266	6833
5	3540	3416	3378	6834
5	3610	3594	3485	6835
5	3667	3551	3550	6836
5	3692	3623	3584	6837
5	3542	3277	3419	6838
5	3419	3277	3139	6839
5	3430	3165	3302	6840
5	3505	3419	3418	6841
5	3420	3387	3276	6842
5	3420	3276	3286	6843
5	3705	3605	3655	6844
5	3688	3543	3604	6845
5	3455	3341	3342	6846
5	3512	3403	3448	6847
5	3423	3395	3289	6848
5	3423	3289	3331	6849
5	3424	3412	3291	6850
5	3424	3291	3284	6851
5	3450	3285	3425	6852
5	3522	3451	3282	6853
5	3477	3367	3251	6854
5	3477	3251	3368	6855
5	3543	3411	3486	6856
5	3804	3721	3790	6857
5	3936	3817	3812	6858
5	3794	3692	3691	6859
5	3532	3423	3501	6860
5	3463	3349	3328	6861
5	3499	3303	3186	6862
5	3430	3274	3165	6863
5	3432	3271	3305	6864
5	3432	3418	3271	6865
5	3500	3299	3281	6866
5	3547	3499	3186	6867
5	3524	3337	3434	6868
5	3555	3375	3326	6869
5	3600	3523	3389	6870
5	3375	3283	3264	6871
5	3754	3628	3753	6872
5	3501	3423	3379	6873
5	3551	3435	3550	6874
5	3532	3395	3423	6875
5	3631	3402	3593	6876
5	3437	3267	3174	6877
5	3439	3280	3421	6878
5	3471	3310	3438	6879
5	3470	3361	3439	6880
5	3470	3401	3360	6881
5	3541	3417	3416	6882
5	3645	3528	3609	6883
5	3554	3318	3415	6884
5	3591	3531	3441	6885
5	3442	3427	3287	6886
5	3442	3287	3324	6887
5	3447	3329	3323	6888
5	3443	3323	3311	6889
5	3519	3314	3175	6890
5	3511	3330	3402	6891
5	3708	3615	3555	6892
5	3445	3326	3325	6893
5	3572	3446	3556	6894
5	3469	3358	3468	6895
5	3383	3332	3320	6896
5	3383	3320	3188	6897
5	3449	3278	3211	6898
5	3598	3561	3456	6899
5	3558	3278	3449	6900
5	3558	3383	3278	6901
5	3559	3450	3425	6902
5	3515	3403	3512	6903
5	3455	3342	3451	6904
5	3453	3284	3341	6905
5	3452	3400	3382	6906
5	3452	3382	3340	6907
5	3454	3336	3450	6908
5	3559	3425	3502	6909
5	3456	3343	3454	6910
5	3741	3616	3701	6911
5	3709	3561	3598	6912
5	3455	3453	3341	6913
5	3736	3707	3592	6914
5	3580	3471	3539	6915
5	3573	3464	3571	6916
5	3457	3384	3345	6917
5	3459	3348	3384	6918
5	3516	3459	3384	6919
5	3464	3353	3462	6920
5	3465	3354	3464	6921
5	3461	3352	3460	6922
5	3461	3350	3352	6923
5	3805	3755	3635	6924
5	3537	3476	3406	6925
5	3618	3537	3566	6926
5	3583	3473	3582	6927
5	3666	3516	3619	6928
5	3463	3460	3349	6929
5	3569	3462	3459	6930
5	3567	3461	3460	6931
5	3806	3608	3745	6932
5	3546	3429	3395	6933
5	3550	3435	3429	6934
5	3904	3711	3801	6935
5	3571	3464	3462	6936
5	3573	3465	3464	6937
5	3584	3517	3475	6938
5	3574	3466	3465	6939
5	3692	3583	3691	6940
5	3575	3467	3466	6941
5	3604	3543	3486	6942
5	3530	3392	3381	6943
5	3589	3480	3588	6944
5	3471	3374	3315	6945
5	3690	3582	3581	6946
5	3576	3468	3467	6947
5	3582	3472	3581	6948
5	3577	3469	3468	6949
5	3583	3474	3473	6950
5	3626	3489	3491	6951
5	3581	3472	3469	6952
5	3584	3475	3474	6953
5	3585	3368	3478	6954
5	3488	3367	3477	6955
5	3479	3288	3369	6956
5	3503	3426	3292	6957
5	3600	3389	3488	6958
5	3478	3368	3366	6959
5	3492	3369	3426	6960
5	3570	3460	3463	6961
5	3513	3412	3424	6962
5	3541	3416	3540	6963
5	3525	3378	3377	6964
5	3654	3540	3525	6965
5	3541	3482	3417	6966
5	3540	3378	3525	6967
5	3624	3445	3483	6968
5	3483	3445	3325	6969
5	3484	3396	3374	6970
5	3580	3484	3374	6971
5	3753	3594	3703	6972
5	3768	3655	3654	6973
5	3766	3687	3652	6974
5	3527	3486	3447	6975
5	3542	3398	3277	6976
5	3554	3441	3318	6977
5	3519	3175	3295	6978
5	3555	3326	3445	6979
5	3489	3420	3385	6980
5	3788	3686	3653	6981
5	3491	3489	3385	6982
5	3490	3407	3408	6983
5	3626	3592	3489	6984
5	3934	3836	3897	6985
5	3608	3477	3585	6986
5	3586	3476	3537	6987
5	3509	3434	3309	6988
5	3509	3376	3493	6989
5	3508	3443	3399	6990
5	3527	3443	3508	6991
5	3589	3495	3481	6992
5	3588	3427	3544	6993
5	3496	3388	3283	6994
5	3496	3283	3375	6995
5	3553	3485	3440	6996
5	3497	3390	3372	6997
5	3747	3610	3669	6998
5	3660	3532	3650	6999
5	3548	3432	3431	7000
5	3549	3432	3548	7001
5	3514	3299	3500	7002
5	3514	3433	3299	7003
5	3610	3485	3553	7004
5	3747	3703	3610	7005
5	3578	3439	3504	7006
5	3612	3507	3559	7007
5	4010	3835	3944	7008
5	3585	3477	3368	7009
5	3578	3470	3439	7010
5	3510	3502	3401	7011
5	3531	3333	3441	7012
5	3534	3308	3398	7013
5	3549	3505	3418	7014
5	3548	3431	3506	7015
5	3563	3456	3454	7016
5	3579	3412	3513	7017
5	3648	3526	3646	7018
5	3898	3808	3868	7019
5	3633	3509	3493	7020
5	3643	3524	3434	7021
5	3539	3471	3438	7022
5	3564	3455	3451	7023
5	3608	3488	3477	7024
5	3805	3635	3733	7025
5	3616	3522	3405	7026
5	3515	3405	3279	7027
5	3716	3606	3699	7028
5	3653	3578	3504	7029
5	3644	3506	3524	7030
5	3590	3483	3433	7031
5	3563	3454	3507	7032
5	3522	3282	3405	7033
5	3574	3465	3573	7034
5	3572	3463	3446	7035
5	3517	3490	3408	7036
5	3517	3408	3475	7037
5	3544	3427	3442	7038
5	3588	3480	3427	7039
5	3640	3437	3519	7040
5	3552	3267	3437	7041
5	3520	3518	3444	7042
5	3520	3444	3396	7043
5	3530	3494	3392	7044
5	3808	3715	3762	7045
5	3557	3335	3422	7046
5	3642	3422	3561	7047
5	3523	3519	3295	7048
5	3523	3295	3389	7049
5	3644	3524	3643	7050
5	3590	3433	3514	7051
5	3799	3696	3717	7052
5	3654	3525	3645	7053
5	4029	3898	4020	7054
5	3817	3752	3718	7055
5	3657	3518	3607	7056
5	3767	3645	3761	7057
5	3528	3525	3377	7058
5	3528	3377	3410	7059
5	3545	3428	3387	7060
5	3529	3387	3420	7061
5	3659	3529	3592	7062
5	3606	3535	3494	7063
5	3649	3404	3531	7064
5	3536	3430	3302	7065
5	3655	3541	3540	7066
5	3628	3498	3533	7067
5	3533	3498	3397	7068
5	3533	3397	3380	7069
5	3554	3415	3487	7070
5	3670	3554	3487	7071
5	3535	3508	3399	7072
5	3535	3399	3413	7073
5	3649	3536	3404	7074
5	3547	3186	3274	7075
5	3621	3479	3492	7076
5	3587	3565	3457	7077
5	3538	3528	3410	7078
5	3538	3410	3386	7079
5	3696	3588	3544	7080
5	3638	3513	3597	7081
5	3719	3605	3705	7082
5	3645	3525	3528	7083
5	3869	3754	3864	7084
5	3655	3605	3541	7085
5	3651	3487	3393	7086
5	3656	3398	3542	7087
5	3543	3504	3421	7088
5	3543	3421	3411	7089
5	4118	4026	4045	7090
5	3854	3743	3847	7091
5	3646	3521	3603	7092
5	3715	3625	3647	7093
5	3665	3550	3546	7094
5	3629	3501	3498	7095
5	3723	3651	3656	7096
5	3549	3418	3432	7097
5	3671	3445	3624	7098
5	3724	3639	3662	7099
5	3749	3624	3483	7100
5	3842	3771	3664	7101
5	3667	3550	3665	7102
5	3694	3537	3618	7103
5	3665	3546	3660	7104
5	3650	3532	3501	7105
5	3613	3493	3414	7106
5	3593	3402	3388	7107
5	3655	3540	3654	7108
5	3769	3660	3650	7109
5	3649	3531	3591	7110
5	3591	3441	3554	7111
5	3634	3434	3509	7112
5	3708	3555	3671	7113
5	3780	3727	3622	7114
5	3905	3731	3826	7115
5	3672	3449	3557	7116
5	3557	3449	3335	7117
5	3672	3558	3449	7118
5	3558	3512	3448	7119
5	3673	3597	3560	7120
5	3559	3507	3450	7121
5	3560	3513	3424	7122
5	3560	3424	3453	7123
5	3561	3422	3344	7124
5	3561	3344	3456	7125
5	3562	3560	3453	7126
5	3562	3453	3455	7127
5	3598	3456	3563	7128
5	3675	3562	3564	7129
5	3702	3653	3688	7130
5	3564	3562	3455	7131
5	3568	3461	3567	7132
5	3565	3516	3384	7133
5	3566	3537	3406	7134
5	3566	3406	3458	7135
5	3568	3458	3461	7136
5	3568	3566	3458	7137
5	3581	3469	3577	7138
5	4076	3991	3925	7139
5	3571	3462	3569	7140
5	3577	3468	3576	7141
5	3679	3571	3622	7142
5	3570	3567	3460	7143
5	3576	3467	3575	7144
5	3575	3466	3574	7145
5	3677	3620	3567	7146
5	3572	3570	3463	7147
5	3620	3568	3567	7148
5	3676	3568	3620	7149
5	3826	3731	3692	7150
5	3676	3618	3566	7151
5	3681	3573	3679	7152
5	3689	3577	3685	7153
5	3679	3573	3571	7154
5	3681	3574	3573	7155
5	3691	3582	3690	7156
5	3683	3575	3574	7157
5	3612	3599	3507	7158
5	3578	3510	3470	7159
5	3579	3539	3438	7160
5	3579	3438	3412	7161
5	4110	4019	4075	7162
5	3730	3609	3614	7163
5	3812	3718	3732	7164
5	3684	3576	3575	7165
5	3690	3581	3689	7166
5	3685	3577	3576	7167
5	3846	3732	3731	7168
5	3691	3583	3582	7169
5	4063	3981	3987	7170
5	3732	3623	3731	7171
5	3587	3457	3479	7172
5	3750	3668	3523	7173
5	3711	3621	3492	7174
5	3586	3478	3476	7175
5	3700	3587	3621	7176
5	3695	3619	3565	7177
5	4034	3924	4003	7178
5	3658	3614	3495	7179
5	3625	3604	3486	7180
5	3732	3602	3623	7181
5	3726	3595	3663	7182
5	3671	3555	3445	7183
5	3735	3542	3419	7184
5	3735	3419	3505	7185
5	3592	3529	3489	7186
5	3936	3812	3935	7187
5	3850	3633	3737	7188
5	3901	3805	3733	7189
5	3594	3533	3485	7190
5	3765	3629	3754	7191
5	3663	3548	3661	7192
5	3661	3506	3644	7193
5	3596	3497	3482	7194
5	3820	3719	3705	7195
5	3790	3687	3766	7196
5	3638	3579	3513	7197
5	3740	3675	3564	7198
5	3675	3673	3562	7199
5	4064	3999	4030	7200
5	3740	3564	3674	7201
5	3750	3523	3600	7202
5	3613	3414	3552	7203
5	3601	3492	3426	7204
5	3601	3426	3503	7205
5	3689	3581	3577	7206
5	3692	3584	3583	7207
5	3836	3742	3802	7208
5	3710	3646	3603	7209
5	3763	3646	3710	7210
5	3817	3718	3812	7211
5	3605	3596	3482	7212
5	3605	3482	3541	7213
5	3625	3486	3527	7214
5	3632	3535	3606	7215
5	3687	3539	3652	7216
5	3762	3647	3632	7217
5	3745	3585	3693	7218
5	3621	3587	3479	7219
5	3790	3721	3617	7220
5	3657	3544	3518	7221
5	3875	3769	3874	7222
5	3747	3669	3713	7223
5	3611	3607	3520	7224
5	3611	3520	3484	7225
5	3788	3653	3702	7226
5	3673	3560	3562	7227
5	3615	3375	3555	7228
5	3749	3483	3590	7229
5	3614	3609	3538	7230
5	3614	3538	3495	7231
5	3816	3671	3751	7232
5	3615	3496	3375	7233
5	3672	3512	3558	7234
5	3741	3674	3522	7235
5	3617	3611	3484	7236
5	3617	3484	3580	7237
5	3622	3571	3569	7238
5	3619	3516	3565	7239
5	3660	3546	3532	7240
5	3676	3566	3568	7241
5	3682	3551	3667	7242
5	3680	3572	3556	7243
5	3693	3585	3478	7244
5	3693	3478	3586	7245
5	3683	3574	3681	7246
5	3677	3567	3570	7247
5	3623	3602	3517	7248
5	3623	3517	3584	7249
5	3815	3600	3704	7250
5	3816	3708	3671	7251
5	3647	3508	3632	7252
5	3647	3527	3508	7253
5	3752	3627	3718	7254
5	3931	3802	3834	7255
5	3627	3626	3491	7256
5	3627	3491	3490	7257
5	3785	3682	3667	7258
5	4065	3833	3912	7259
5	3713	3669	3596	7260
5	3753	3628	3594	7261
5	3630	3612	3559	7262
5	3630	3559	3502	7263
5	3904	3837	3711	7264
5	3631	3511	3402	7265
5	3647	3625	3527	7266
5	3632	3508	3535	7267
5	3634	3509	3633	7268
5	3663	3549	3548	7269
5	3848	3822	3774	7270
5	3643	3434	3634	7271
5	3635	3503	3409	7272
5	3635	3409	3511	7273
5	3636	3616	3515	7274
5	3636	3515	3512	7275
5	3637	3630	3502	7276
5	3637	3502	3510	7277
5	3652	3579	3638	7278
5	3687	3580	3539	7279
5	3639	3590	3514	7280
5	3639	3514	3500	7281
5	3757	3640	3668	7282
5	3640	3552	3437	7283
5	3641	3606	3494	7284
5	3641	3494	3530	7285
5	3642	3636	3557	7286
5	3642	3557	3422	7287
5	3758	3643	3634	7288
5	3770	3724	3725	7289
5	3821	3749	3759	7290
5	3835	3593	3814	7291
5	3838	3719	3820	7292
5	3768	3654	3767	7293
5	3648	3641	3530	7294
5	3646	3526	3521	7295
5	3819	3746	3798	7296
5	3734	3720	3607	7297
5	3722	3699	3641	7298
5	3761	3609	3730	7299
5	3841	3664	3499	7300
5	3774	3649	3591	7301
5	3773	3665	3772	7302
5	3772	3660	3769	7303
5	3670	3487	3651	7304
5	3670	3591	3554	7305
5	3686	3510	3578	7306
5	3738	3630	3637	7307
5	3686	3578	3653	7308
5	3686	3637	3510	7309
5	3761	3645	3609	7310
5	4065	3903	3833	7311
5	3829	3730	3746	7312
5	3820	3705	3800	7313
5	3656	3651	3534	7314
5	3656	3534	3398	7315
5	3658	3495	3589	7316
5	3734	3611	3721	7317
5	3697	3588	3696	7318
5	3697	3589	3588	7319
5	3659	3603	3545	7320
5	3659	3545	3529	7321
5	3863	3753	3703	7322
5	3754	3629	3628	7323
5	3759	3639	3724	7324
5	3968	3883	3917	7325
5	3662	3639	3500	7326
5	3662	3500	3391	7327
5	3723	3670	3651	7328
5	3663	3595	3549	7329
5	3664	3662	3391	7330
5	3664	3391	3499	7331
5	4150	4066	4134	7332
5	3682	3556	3551	7333
5	3666	3622	3569	7334
5	3666	3569	3516	7335
5	3765	3650	3629	7336
5	3772	3665	3660	7337
5	3668	3640	3519	7338
5	3668	3519	3523	7339
5	3669	3610	3553	7340
5	3669	3553	3497	7341
5	3906	3841	3764	7342
5	3774	3591	3670	7343
5	3835	3733	3631	7344
5	3737	3493	3613	7345
5	3672	3557	3636	7346
5	3672	3636	3512	7347
5	3776	3597	3673	7348
5	3775	3599	3612	7349
5	3674	3564	3451	7350
5	3674	3451	3522	7351
5	3813	3675	3740	7352
5	3852	3741	3701	7353
5	3729	3618	3676	7354
5	3778	3666	3619	7355
5	3783	3680	3682	7356
5	3779	3712	3677	7357
5	3678	3677	3570	7358
5	3678	3570	3572	7359
5	3685	3576	3684	7360
5	3684	3575	3683	7361
5	3779	3677	3678	7362
5	3680	3678	3572	7363
5	3712	3620	3677	7364
5	3773	3667	3665	7365
5	3785	3667	3773	7366
5	3682	3680	3556	7367
5	3782	3679	3727	7368
5	3794	3691	3793	7369
5	3826	3692	3794	7370
5	3769	3650	3765	7371
5	3926	3831	3907	7372
5	3784	3683	3681	7373
5	3706	3673	3675	7374
5	3714	3637	3686	7375
5	3748	3630	3738	7376
5	3687	3617	3580	7377
5	3688	3653	3504	7378
5	3688	3504	3543	7379
5	3792	3689	3791	7380
5	3786	3684	3683	7381
5	3793	3691	3690	7382
5	3787	3685	3684	7383
5	3846	3812	3732	7384
5	3793	3690	3792	7385
5	3791	3689	3685	7386
5	3792	3690	3689	7387
5	3695	3565	3587	7388
5	3992	3827	3929	7389
5	3827	3693	3795	7390
5	3694	3586	3537	7391
5	3700	3695	3587	7392
5	3777	3620	3712	7393
5	3697	3658	3589	7394
5	3932	3828	3839	7395
5	3873	3800	3768	7396
5	3890	3728	3854	7397
5	3735	3505	3698	7398
5	3698	3505	3595	7399
5	4254	4211	4214	7400
5	3722	3641	3648	7401
5	3825	3782	3727	7402
5	3796	3618	3729	7403
5	3701	3616	3636	7404
5	3701	3636	3642	7405
5	3909	3800	3873	7406
5	3829	3746	3819	7407
5	3833	3703	3747	7408
5	3767	3654	3645	7409
5	3745	3608	3585	7410
5	3994	3801	3933	7411
5	3768	3705	3655	7412
5	3872	3761	3867	7413
5	3748	3612	3630	7414
5	3789	3638	3744	7415
5	3707	3659	3592	7416
5	3840	3763	3807	7417
5	3814	3496	3615	7418
5	4077	3988	3910	7419
5	3709	3701	3642	7420
5	3709	3642	3561	7421
5	3943	3849	3913	7422
5	3807	3763	3710	7423
5	3801	3601	3755	7424
5	3910	3815	3704	7425
5	3797	3619	3695	7426
5	3727	3679	3622	7427
5	3873	3768	3767	7428
5	3912	3833	3857	7429
5	3738	3637	3714	7430
5	3775	3612	3748	7431
5	3743	3625	3715	7432
5	3728	3688	3604	7433
5	3762	3715	3647	7434
5	3716	3632	3606	7435
5	3717	3696	3657	7436
5	3721	3611	3617	7437
5	3718	3627	3602	7438
5	3993	3948	3945	7439
5	3719	3713	3596	7440
5	3719	3596	3605	7441
5	3720	3717	3657	7442
5	3720	3657	3607	7443
5	3734	3607	3611	7444
5	3847	3743	3715	7445
5	3834	3802	3707	7446
5	4162	4138	4087	7447
5	3764	3536	3649	7448
5	3774	3670	3723	7449
5	3771	3662	3664	7450
5	3725	3663	3661	7451
5	3841	3547	3764	7452
5	3726	3663	3725	7453
5	3771	3724	3662	7454
5	3841	3499	3547	7455
5	3786	3683	3784	7456
5	3784	3681	3782	7457
5	3790	3617	3687	7458
5	3728	3702	3688	7459
5	3843	3695	3700	7460
5	3881	3777	3712	7461
5	3854	3728	3743	7462
5	3867	3730	3829	7463
5	3732	3718	3602	7464
5	3731	3623	3692	7465
5	4134	4066	4107	7466
5	3834	3707	3736	7467
5	3733	3635	3511	7468
5	3733	3511	3631	7469
5	3743	3604	3625	7470
5	3923	3871	3890	7471
5	3971	3886	3876	7472
5	3848	3656	3735	7473
5	3849	3752	3817	7474
5	3936	3913	3817	7475
5	3756	3634	3633	7476
5	3850	3756	3633	7477
5	3744	3638	3597	7478
5	3859	3775	3748	7479
5	3739	3598	3563	7480
5	3739	3563	3599	7481
5	3824	3823	3740	7482
5	3852	3740	3674	7483
5	3852	3701	3709	7484
5	3824	3598	3739	7485
5	3742	3710	3603	7486
5	3742	3603	3659	7487
5	3982	3934	3981	7488
5	3889	3766	3870	7489
5	3856	3789	3744	7490
5	3832	3798	3799	7491
5	3827	3745	3693	7492
5	3796	3694	3618	7493
5	3746	3730	3614	7494
5	3746	3614	3658	7495
5	3950	3838	3924	7496
5	3966	3881	3926	7497
5	3945	3847	3808	7498
5	3858	3748	3738	7499
5	3770	3661	3644	7500
5	3760	3643	3758	7501
5	3757	3552	3640	7502
5	3988	3815	3910	7503
5	3751	3671	3624	7504
5	3821	3818	3862	7505
5	3752	3736	3626	7506
5	3752	3626	3627	7507
5	4245	4197	4147	7508
5	3857	3747	3713	7509
5	4073	4038	3954	7510
5	3857	3713	3838	7511
5	3755	3601	3503	7512
5	3755	3503	3635	7513
5	3760	3644	3643	7514
5	3758	3634	3756	7515
5	3865	3613	3757	7516
5	3757	3613	3552	7517
5	3962	3875	3874	7518
5	3818	3760	3758	7519
5	3759	3749	3590	7520
5	3759	3590	3639	7521
5	3770	3644	3760	7522
5	3770	3725	3661	7523
5	3960	3867	3956	7524
5	3945	3808	3898	7525
5	3868	3716	3809	7526
5	3974	3804	3889	7527
5	3763	3722	3648	7528
5	3763	3648	3646	7529
5	4047	3968	4018	7530
5	3810	3595	3726	7531
5	3864	3753	3863	7532
5	3864	3754	3753	7533
5	3922	3775	3859	7534
5	3989	3803	3902	7535
5	3872	3767	3761	7536
5	3938	3800	3909	7537
5	3960	3872	3867	7538
5	3990	3920	3958	7539
5	3883	3782	3825	7540
5	3874	3765	3869	7541
5	3821	3760	3818	7542
5	3770	3759	3724	7543
5	3771	3726	3725	7544
5	3771	3725	3724	7545
5	4016	3962	4001	7546
5	3869	3765	3754	7547
5	3886	3773	3876	7548
5	3782	3681	3679	7549
5	3848	3774	3723	7550
5	3822	3649	3774	7551
5	3776	3673	3706	7552
5	3813	3706	3675	7553
5	3871	3788	3702	7554
5	3776	3744	3597	7555
5	3777	3729	3676	7556
5	3777	3676	3620	7557
5	3925	3896	3797	7558
5	3780	3666	3778	7559
5	3831	3712	3779	7560
5	3780	3622	3666	7561
5	3970	3885	3968	7562
5	3844	3729	3777	7563
5	3781	3779	3678	7564
5	3781	3678	3680	7565
5	3791	3685	3787	7566
5	3787	3684	3786	7567
5	3905	3846	3731	7568
5	3783	3781	3680	7569
5	3879	3779	3781	7570
5	3876	3773	3772	7571
5	3886	3785	3773	7572
5	3785	3783	3682	7573
5	4045	3894	3978	7574
5	3875	3772	3769	7575
5	3879	3831	3779	7576
5	3876	3772	3875	7577
5	3952	3859	3858	7578
5	3788	3714	3686	7579
5	3789	3766	3652	7580
5	3789	3652	3638	7581
5	3828	3717	3720	7582
5	3853	3734	3721	7583
5	3887	3786	3885	7584
5	3885	3786	3784	7585
5	3928	3905	3826	7586
5	3887	3787	3786	7587
5	3891	3791	3787	7588
5	3892	3791	3891	7589
5	3928	3826	3794	7590
5	4189	4079	4135	7591
5	3795	3693	3586	7592
5	3795	3586	3694	7593
5	3797	3778	3619	7594
5	3979	3895	3844	7595
5	4124	4039	4051	7596
5	3895	3729	3844	7597
5	3798	3746	3658	7598
5	3798	3658	3697	7599
5	3799	3798	3697	7600
5	3799	3697	3696	7601
5	3873	3767	3872	7602
5	3867	3761	3730	7603
5	4070	3908	4012	7604
5	3815	3750	3600	7605
5	3802	3742	3707	7606
5	4086	3981	4063	7607
5	3877	3744	3776	7608
5	3803	3776	3706	7609
5	4050	3972	3997	7610
5	3868	3762	3716	7611
5	3806	3704	3608	7612
5	4071	3904	3994	7613
5	3843	3797	3695	7614
5	3910	3704	3806	7615
5	4028	3931	3943	7616
5	3921	3830	3900	7617
5	3847	3715	3808	7618
5	3855	3738	3714	7619
5	3868	3808	3762	7620
5	3809	3716	3699	7621
5	3822	3764	3649	7622
5	3810	3698	3595	7623
5	3811	3795	3694	7624
5	3811	3694	3796	7625
5	4135	4079	4118	7626
5	3935	3812	3846	7627
5	3851	3599	3775	7628
5	3922	3851	3775	7629
5	3814	3615	3708	7630
5	3894	3793	3893	7631
5	3901	3733	3835	7632
5	3835	3631	3593	7633
5	3861	3757	3668	7634
5	3865	3757	3861	7635
5	4000	3913	3999	7636
5	3931	3897	3802	7637
5	4033	4008	3952	7638
5	3866	3862	3818	7639
5	3942	3845	3918	7640
5	3853	3721	3804	7641
5	4072	3984	4005	7642
5	4259	4217	4198	7643
5	3862	3624	3749	7644
5	3821	3862	3749	7645
5	3860	3668	3750	7646
5	3814	3593	3496	7647
5	3823	3813	3740	7648
5	3824	3739	3823	7649
5	3852	3674	3741	7650
5	3824	3740	3852	7651
5	3883	3784	3782	7652
5	3885	3784	3883	7653
5	3893	3792	3892	7654
5	3892	3792	3791	7655
5	3994	3904	3801	7656
5	4077	3995	4067	7657
5	3832	3819	3798	7658
5	3845	3717	3828	7659
5	3956	3829	3940	7660
5	3937	3819	3832	7661
5	3830	3809	3699	7662
5	3830	3699	3722	7663
5	3908	3843	3700	7664
5	3996	3929	3811	7665
5	4052	3997	3923	7666
5	4029	3993	3945	7667
5	3838	3713	3719	7668
5	3950	3857	3838	7669
5	3999	3913	3936	7670
5	4000	3943	3913	7671
5	3944	3814	3899	7672
5	3861	3668	3860	7673
5	3836	3807	3710	7674
5	3836	3710	3742	7675
5	3837	3700	3621	7676
5	3837	3621	3711	7677
5	3857	3833	3747	7678
5	4038	3990	3958	7679
5	3839	3828	3720	7680
5	3839	3720	3734	7681
5	3840	3830	3722	7682
5	3840	3722	3763	7683
5	3842	3726	3771	7684
5	3842	3664	3841	7685
5	4001	3962	3920	7686
5	3842	3810	3726	7687
5	3895	3796	3729	7688
5	3878	3727	3780	7689
5	3878	3825	3727	7690
5	3881	3712	3831	7691
5	3845	3832	3799	7692
5	3845	3799	3717	7693
5	3893	3793	3792	7694
5	3894	3794	3793	7695
5	3918	3845	3828	7696
5	3858	3738	3855	7697
5	3848	3723	3656	7698
5	3848	3735	3698	7699
5	3849	3834	3736	7700
5	3849	3736	3752	7701
5	3953	3866	3946	7702
5	3866	3751	3862	7703
5	3851	3823	3739	7704
5	3851	3739	3599	7705
5	3824	3852	3709	7706
5	3824	3709	3598	7707
5	3932	3918	3828	7708
5	3853	3839	3734	7709
5	3921	3809	3830	7710
5	4139	4088	4110	7711
5	3870	3766	3789	7712
5	3859	3748	3858	7713
5	3870	3789	3856	7714
5	3889	3790	3766	7715
5	4004	3954	3863	7716
5	3958	3920	3869	7717
5	3951	3858	3855	7718
5	3963	3877	3914	7719
5	3877	3776	3803	7720
5	3902	3803	3706	7721
5	3899	3708	3816	7722
5	3865	3737	3613	7723
5	3944	3835	3814	7724
5	3946	3866	3756	7725
5	4035	4033	3951	7726
5	3862	3751	3624	7727
5	4286	4209	4136	7728
5	4100	4006	4034	7729
5	4073	3954	4004	7730
5	4126	4047	4084	7731
5	4002	3850	3955	7732
5	3955	3865	3861	7733
5	3866	3818	3758	7734
5	3866	3758	3756	7735
5	3961	3909	3873	7736
5	4169	4099	4098	7737
5	3923	3890	3916	7738
5	3916	3890	3854	7739
5	4001	3920	3990	7740
5	4023	3966	3926	7741
5	3888	3714	3788	7742
5	3927	3855	3888	7743
5	3888	3788	3871	7744
5	3888	3855	3714	7745
5	3940	3829	3819	7746
5	3961	3873	3872	7747
5	4190	4142	4161	7748
5	4006	3912	3950	7749
5	3821	3759	3770	7750
5	3821	3770	3760	7751
5	4007	3964	3967	7752
5	3971	3876	3915	7753
5	3906	3848	3698	7754
5	3906	3698	3810	7755
5	4241	4189	4135	7756
5	3877	3856	3744	7757
5	3896	3778	3797	7758
5	3884	3783	3785	7759
5	3964	3879	3882	7760
5	3907	3831	3879	7761
5	3880	3878	3780	7762
5	3880	3780	3778	7763
5	3926	3881	3831	7764
5	3881	3844	3777	7765
5	3882	3879	3781	7766
5	3882	3781	3783	7767
5	3928	3794	3894	7768
5	3891	3787	3887	7769
5	3965	3917	3825	7770
5	3884	3882	3783	7771
5	3917	3883	3825	7772
5	3966	3844	3881	7773
5	3962	3874	3920	7774
5	3886	3884	3785	7775
5	3958	3864	3954	7776
5	3978	3893	3977	7777
5	4008	3963	3914	7778
5	3914	3877	3803	7779
5	3948	3854	3847	7780
5	3889	3804	3790	7781
5	3890	3871	3702	7782
5	3890	3702	3728	7783
5	4057	3978	3977	7784
5	4432	4401	4332	7785
5	3970	3887	3885	7786
5	3975	3887	3970	7787
5	3975	3891	3887	7788
5	3976	3891	3975	7789
5	3976	3892	3891	7790
5	3977	3893	3892	7791
5	3896	3880	3778	7792
5	3996	3811	3941	7793
5	3925	3797	3843	7794
5	4044	3907	4009	7795
5	3897	3836	3802	7796
5	4141	4062	4094	7797
5	3983	3900	3911	7798
5	3900	3830	3840	7799
5	4011	3861	3860	7800
5	3899	3814	3708	7801
5	3957	3898	3868	7802
5	3957	3809	3921	7803
5	4102	4011	4010	7804
5	3988	3919	3815	7805
5	4099	4003	4098	7806
5	4400	4393	4341	7807
5	3903	3863	3703	7808
5	3903	3703	3833	7809
5	3908	3700	3837	7810
5	4139	4110	4137	7811
5	4060	4030	3935	7812
5	3978	3894	3893	7813
5	4013	3816	3953	7814
5	3946	3756	3850	7815
5	3969	3884	3886	7816
5	4004	3863	3903	7817
5	4092	3939	3992	7818
5	4070	4069	4014	7819
5	3961	3872	3960	7820
5	3956	3867	3829	7821
5	4077	3910	3995	7822
5	3919	3750	3815	7823
5	3911	3900	3840	7824
5	3911	3840	3807	7825
5	3924	3838	3820	7826
5	4040	3956	4036	7827
5	3913	3849	3817	7828
5	4028	3987	3931	7829
5	3972	3888	3871	7830
5	3972	3871	3923	7831
5	3915	3876	3875	7832
5	4170	4096	4167	7833
5	3940	3819	3937	7834
5	4296	4245	4147	7835
5	4104	4045	3978	7836
5	3968	3885	3883	7837
5	3957	3868	3809	7838
5	4029	3945	3898	7839
5	4010	3901	3835	7840
5	3919	3860	3750	7841
5	3962	3915	3875	7842
5	3920	3874	3869	7843
5	3982	3911	3934	7844
5	4019	3900	3983	7845
5	3989	3914	3803	7846
5	3922	3823	3851	7847
5	3973	3856	3963	7848
5	4025	3948	3993	7849
5	3950	3912	3857	7850
5	4240	4159	4201	7851
5	3979	3844	3966	7852
5	4094	4017	3998	7853
5	3930	3878	3880	7854
5	4044	3926	3907	7855
5	4051	3959	4042	7856
5	4049	3963	4008	7857
5	4289	4144	4242	7858
5	4045	4026	3928	7859
5	3929	3827	3795	7860
5	3929	3795	3811	7861
5	4009	3964	4007	7862
5	3965	3878	3930	7863
5	4095	3999	4064	7864
5	4150	4063	4066	7865
5	3974	3889	3959	7866
5	4025	3916	3948	7867
5	3933	3801	3755	7868
5	3933	3755	3805	7869
5	3934	3911	3807	7870
5	3934	3807	3836	7871
5	3902	3813	3823	7872
5	3902	3823	3922	7873
5	4258	4173	4192	7874
5	4028	3943	4000	7875
5	3998	3918	3932	7876
5	4031	3937	3942	7877
5	3938	3924	3820	7878
5	3938	3820	3800	7879
5	3939	3806	3745	7880
5	3939	3745	3827	7881
5	4017	3918	3998	7882
5	4017	3942	3918	7883
5	3941	3811	3796	7884
5	3941	3796	3895	7885
5	3942	3937	3832	7886
5	3942	3832	3845	7887
5	3943	3931	3834	7888
5	3943	3834	3849	7889
5	3906	3810	3842	7890
5	3906	3842	3841	7891
5	4122	4035	4050	7892
5	3948	3847	3945	7893
5	3955	3737	3865	7894
5	4097	4013	4002	7895
5	3947	3932	3839	7896
5	3947	3839	3853	7897
5	3959	3889	3870	7898
5	3948	3916	3854	7899
5	3949	3947	3853	7900
5	3949	3853	3804	7901
5	4003	3924	3938	7902
5	4333	4291	4251	7903
5	3963	3856	3877	7904
5	3952	3858	3951	7905
5	4039	3949	3974	7906
5	3989	3952	3914	7907
5	3953	3816	3751	7908
5	3953	3751	3866	7909
5	3958	3869	3864	7910
5	3954	3864	3863	7911
5	4033	3952	3951	7912
5	3955	3850	3737	7913
5	4036	3940	4032	7914
5	4032	3940	3937	7915
5	4037	3921	4019	7916
5	3997	3972	3923	7917
5	4056	3976	4055	7918
5	4054	3971	3915	7919
5	3974	3949	3804	7920
5	4153	4073	4004	7921
5	4098	3984	4072	7922
5	4040	3960	3956	7923
5	4041	3961	3960	7924
5	4041	3960	4040	7925
5	3906	3764	3822	7926
5	3906	3822	3848	7927
5	3973	3959	3870	7928
5	4050	4035	3927	7929
5	3965	3825	3878	7930
5	3964	3907	3879	7931
5	4082	3979	4058	7932
5	4009	3907	3964	7933
5	3980	3880	3896	7934
5	4092	3994	3995	7935
5	3967	3964	3882	7936
5	3967	3882	3884	7937
5	4045	3928	3894	7938
5	3977	3892	3976	7939
5	4046	3967	3969	7940
5	3969	3967	3884	7941
5	4172	4105	4155	7942
5	4016	3915	3962	7943
5	4127	4048	4054	7944
5	3971	3969	3886	7945
5	3973	3870	3856	7946
5	3972	3927	3888	7947
5	4085	3993	4078	7948
5	4008	3914	3952	7949
5	4050	3927	3972	7950
5	4041	4005	3961	7951
5	4048	3969	3971	7952
5	4288	4252	4189	7953
5	4038	3958	3954	7954
5	4129	4054	4016	7955
5	4053	3975	3970	7956
5	4055	3975	4053	7957
5	4055	3976	3975	7958
5	4189	4160	4079	7959
5	3980	3930	3880	7960
5	3991	3896	3925	7961
5	3991	3980	3896	7962
5	4058	3966	4023	7963
5	3981	3934	3897	7964
5	4307	4204	4246	7965
5	4094	4062	4017	7966
5	4087	4075	3983	7967
5	4216	4150	4194	7968
5	4107	4000	4095	7969
5	3984	3938	3909	7970
5	4036	3956	3940	7971
5	3985	3935	3846	7972
5	3985	3846	3905	7973
5	3986	3933	3805	7974
5	4101	3988	4015	7975
5	3987	3981	3897	7976
5	3987	3897	3931	7977
5	4101	4011	3988	7978
5	4015	3805	3901	7979
5	4229	4174	4166	7980
5	4089	4027	4083	7981
5	4096	4001	3990	7982
5	4090	3990	4038	7983
5	4105	4091	4009	7984
5	4076	4014	4069	7985
5	4075	4019	3983	7986
5	3992	3939	3827	7987
5	4039	4024	3949	7988
5	4114	4025	4085	7989
5	4175	4112	4111	7990
5	4067	3933	3986	7991
5	3995	3910	3806	7992
5	3995	3806	3939	7993
5	4092	4071	3994	7994
5	4058	3979	3966	7995
5	4032	3937	4031	7996
5	4031	3942	4017	7997
5	4264	4230	4243	7998
5	4426	4330	4397	7999
5	4118	4045	4104	8000
5	4060	3935	3985	8001
5	4173	4134	4107	8002
5	4503	4402	4401	8003
5	4096	3990	4090	8004
5	4220	4155	4202	8005
5	4102	4013	4097	8006
5	4011	3919	3988	8007
5	4168	4098	4072	8008
5	4244	4218	4231	8009
5	4100	4034	4099	8010
5	4253	4167	4224	8011
5	4005	3984	3909	8012
5	4005	3909	3961	8013
5	4098	4003	3984	8014
5	4099	4034	4003	8015
5	3989	3902	3922	8016
5	4087	3982	4086	8017
5	4042	3959	3973	8018
5	4287	4251	4197	8019
5	4018	3968	3917	8020
5	4057	3977	4056	8021
5	4101	4010	4011	8022
5	4011	3860	3919	8023
5	4097	3861	4011	8024
5	4013	3899	3816	8025
5	4012	3908	3837	8026
5	4012	3837	3904	8027
5	4013	3944	3899	8028
5	4035	3951	3927	8029
5	4014	3925	3843	8030
5	4014	3843	3908	8031
5	4077	4015	3988	8032
5	4015	3986	3805	8033
5	4253	4227	4167	8034
5	4104	3978	4057	8035
5	4019	3921	3900	8036
5	4108	4029	4020	8037
5	4047	3970	3968	8038
5	4054	3915	4016	8039
5	4020	3898	3957	8040
5	4078	3993	4029	8041
5	3989	3922	3859	8042
5	3989	3859	3952	8043
5	4021	3998	3932	8044
5	4021	3932	3947	8045
5	4022	3941	3895	8046
5	4022	3895	3979	8047
5	4140	4119	4120	8048
5	4059	3930	3980	8049
5	4024	4021	3947	8050
5	4024	3947	3949	8051
5	4149	4114	4085	8052
5	4052	3916	4025	8053
5	4026	3985	3905	8054
5	4026	3905	3928	8055
5	4027	4018	3917	8056
5	4027	3917	3965	8057
5	4199	4137	4138	8058
5	4152	4063	4150	8059
5	4391	4294	4291	8060
5	4151	4081	4116	8061
5	4030	3999	3936	8062
5	4030	3936	3935	8063
5	4062	4031	4017	8064
5	4173	4107	4095	8065
5	4125	4113	3997	8066
5	4116	4081	4041	8067
5	4002	3946	3850	8068
5	4102	4097	4011	8069
5	4034	4006	3950	8070
5	4034	3950	3924	8071
5	4002	4013	3953	8072
5	4002	3953	3946	8073
5	4115	4036	4112	8074
5	4112	4032	4111	8075
5	4037	4020	3957	8076
5	4037	3957	3921	8077
5	4153	4004	4065	8078
5	4287	4197	4245	8079
5	4124	4051	4123	8080
5	4109	4021	4093	8081
5	4166	4108	4088	8082
5	4154	4081	4151	8083
5	4116	4041	4040	8084
5	4116	4040	4115	8085
5	4051	3974	3959	8086
5	4051	4039	3974	8087
5	4043	4027	3965	8088
5	4043	3965	3930	8089
5	4132	4023	4117	8090
5	4044	4023	3926	8091
5	4158	4030	4060	8092
5	4056	3977	3976	8093
5	4148	4126	4084	8094
5	4046	4007	3967	8095
5	4118	4079	4026	8096
5	4053	3970	4047	8097
5	4103	4001	4096	8098
5	4048	4046	3969	8099
5	4049	4042	3973	8100
5	4049	3973	3963	8101
5	4080	4008	4033	8102
5	4121	4049	4080	8103
5	4080	4033	4035	8104
5	4052	3923	3916	8105
5	4085	4025	3993	8106
5	4123	4051	4042	8107
5	4156	4057	4131	8108
5	4103	4016	4001	8109
5	4126	4053	4047	8110
5	4054	4048	3971	8111
5	4091	4044	4009	8112
5	4129	4016	4103	8113
5	4201	4068	4146	8114
5	4163	4090	4038	8115
5	4212	4202	4140	8116
5	4209	4131	4136	8117
5	4059	4043	3930	8118
5	4132	4058	4023	8119
5	4074	3980	3991	8120
5	4117	4023	4044	8121
5	4185	4104	4156	8122
5	4298	4241	4256	8123
5	4071	4012	3904	8124
5	4061	3992	3929	8125
5	4545	4493	4475	8126
5	4111	4032	4031	8127
5	4290	4260	4278	8128
5	4107	4028	4000	8129
5	4367	4300	4271	8130
5	4198	4153	4159	8131
5	4240	4198	4159	8132
5	4065	4004	3903	8133
5	4066	4063	3987	8134
5	4066	3987	4028	8135
5	4067	3995	3994	8136
5	4067	3994	3933	8137
5	4068	4065	3912	8138
5	4068	3912	4006	8139
5	4069	3996	3941	8140
5	4074	4059	3980	8141
5	4092	3995	3939	8142
5	4070	4012	4061	8143
5	4070	4014	3908	8144
5	4061	3929	3996	8145
5	4111	4031	4062	8146
5	4115	4040	4036	8147
5	4163	4038	4073	8148
5	4239	4187	4238	8149
5	4074	3991	4082	8150
5	4362	4313	4312	8151
5	4071	3992	4061	8152
5	4071	4061	4012	8153
5	4082	4022	3979	8154
5	4076	4082	3991	8155
5	4077	4067	3986	8156
5	4077	3986	4015	8157
5	4069	3941	4022	8158
5	4076	3925	4014	8159
5	4160	3985	4079	8160
5	4079	3985	4026	8161
5	4080	4049	4008	8162
5	4397	4330	4331	8163
5	4081	4072	4005	8164
5	4081	4005	4041	8165
5	4076	4069	4022	8166
5	4076	4022	4082	8167
5	4083	4027	4043	8168
5	4133	4059	4132	8169
5	4131	4056	4130	8170
5	4084	4047	4018	8171
5	4093	4021	4024	8172
5	4165	4094	4109	8173
5	4087	3983	3982	8174
5	4086	3982	3981	8175
5	4335	4290	4324	8176
5	4143	4062	4141	8177
5	4108	4020	4088	8178
5	4088	4020	4037	8179
5	4089	4084	4018	8180
5	4089	4018	4027	8181
5	4184	4140	4120	8182
5	4168	4072	4154	8183
5	4105	4009	4007	8184
5	4117	4044	4091	8185
5	4177	4115	4112	8186
5	4092	3992	4071	8187
5	4070	4061	3996	8188
5	4070	3996	4069	8189
5	4247	4199	4210	8190
5	4162	4087	4086	8191
5	4107	4066	4028	8192
5	4095	4000	3999	8193
5	4205	4188	4170	8194
5	4184	4120	4127	8195
5	4097	4002	3955	8196
5	4097	3955	3861	8197
5	4177	4112	4175	8198
5	4154	4072	4081	8199
5	4200	4147	4099	8200
5	4296	4147	4200	8201
5	4113	4050	3997	8202
5	4122	4050	4113	8203
5	4101	4015	3901	8204
5	4101	3901	4010	8205
5	4102	4010	3944	8206
5	4102	3944	4013	8207
5	4156	4104	4057	8208
5	4128	4055	4053	8209
5	4130	4055	4128	8210
5	4130	4056	4055	8211
5	4172	4091	4105	8212
5	4145	4084	4089	8213
5	4106	4093	4024	8214
5	4106	4024	4039	8215
5	4258	4203	4173	8216
5	4303	4281	4265	8217
5	4215	4181	4149	8218
5	4108	4078	4029	8219
5	4109	4094	3998	8220
5	4109	3998	4021	8221
5	4110	4088	4037	8222
5	4110	4037	4019	8223
5	4112	4036	4032	8224
5	4200	4099	4169	8225
5	4230	4142	4190	8226
5	4180	4106	4124	8227
5	4121	4042	4049	8228
5	4182	4124	4123	8229
5	4125	4052	4114	8230
5	4114	4052	4025	8231
5	4248	4200	4169	8232
5	4143	4111	4062	8233
5	4248	4169	4226	8234
5	4533	4508	4525	8235
5	4179	4091	4172	8236
5	4133	4132	4117	8237
5	4131	4057	4056	8238
5	4158	4064	4030	8239
5	4119	4105	4007	8240
5	4119	4007	4046	8241
5	4120	4119	4046	8242
5	4120	4046	4048	8243
5	4123	4042	4121	8244
5	4142	4109	4093	8245
5	4122	4121	4080	8246
5	4122	4080	4035	8247
5	4176	4122	4113	8248
5	4124	4106	4039	8249
5	4125	3997	4052	8250
5	4181	4114	4149	8251
5	4180	4161	4106	8252
5	4176	4121	4122	8253
5	4256	4241	4135	8254
5	4128	4053	4126	8255
5	4227	4170	4167	8256
5	4127	4120	4048	8257
5	4332	4258	4289	8258
5	4333	4251	4287	8259
5	4155	4105	4119	8260
5	4129	4127	4054	8261
5	4224	4167	4090	8262
5	4221	4188	4205	8263
5	4074	4082	4058	8264
5	4132	4074	4058	8265
5	4133	4043	4059	8266
5	4132	4059	4074	8267
5	4179	4172	4171	8268
5	4133	4083	4043	8269
5	4288	4189	4241	8270
5	4379	4346	4288	8271
5	4209	4193	4156	8272
5	4155	4119	4140	8273
5	4136	4131	4130	8274
5	4187	4128	4157	8275
5	4137	4110	4075	8276
5	4450	4403	4393	8277
5	4138	4137	4075	8278
5	4138	4075	4087	8279
5	4178	4116	4115	8280
5	4235	4183	4181	8281
5	4212	4140	4184	8282
5	4157	4128	4126	8283
5	4175	4111	4143	8284
5	4232	4175	4191	8285
5	4165	4109	4142	8286
5	4165	4141	4094	8287
5	4207	4164	4206	8288
5	4233	4231	4178	8289
5	4144	4095	4064	8290
5	4399	4332	4289	8291
5	4148	4084	4145	8292
5	4251	4146	4197	8293
5	4146	4068	4006	8294
5	4146	4006	4100	8295
5	4147	4100	4099	8296
5	4169	4098	4168	8297
5	4157	4126	4148	8298
5	4187	4130	4128	8299
5	4266	4207	4206	8300
5	4161	4093	4106	8301
5	4152	4086	4063	8302
5	4162	4086	4152	8303
5	4178	4115	4177	8304
5	4348	4296	4248	8305
5	4278	4222	4216	8306
5	4338	4324	4261	8307
5	4201	4159	4068	8308
5	4170	4103	4096	8309
5	4291	4240	4201	8310
5	4225	4154	4218	8311
5	4228	4145	4171	8312
5	4171	4089	4083	8313
5	4185	4118	4104	8314
5	4185	4135	4118	8315
5	4188	4103	4170	8316
5	4237	4212	4184	8317
5	4208	4148	4196	8318
5	4252	4160	4189	8319
5	4159	4153	4065	8320
5	4159	4065	4068	8321
5	4252	4060	4160	8322
5	4160	4060	3985	8323
5	4174	4078	4108	8324
5	4161	4142	4093	8325
5	4402	4343	4401	8326
5	4222	4152	4216	8327
5	4217	4073	4153	8328
5	4294	4240	4291	8329
5	4164	4149	4085	8330
5	4164	4085	4078	8331
5	4214	4137	4199	8332
5	4166	4088	4139	8333
5	4174	4108	4166	8334
5	4174	4164	4078	8335
5	4167	4096	4090	8336
5	4346	4252	4288	8337
5	4339	4302	4325	8338
5	4233	4177	4232	8339
5	4283	4232	4250	8340
5	4226	4169	4168	8341
5	4238	4187	4157	8342
5	4208	4157	4148	8343
5	4391	4291	4376	8344
5	4171	4145	4089	8345
5	4179	4171	4083	8346
5	4188	4129	4103	8347
5	4418	4392	4354	8348
5	4444	4384	4344	8349
5	4235	4181	4215	8350
5	4207	4149	4164	8351
5	4378	4295	4345	8352
5	4178	4151	4116	8353
5	4182	4180	4124	8354
5	4181	4125	4114	8355
5	4279	4218	4244	8356
5	4340	4297	4316	8357
5	4206	4164	4174	8358
5	4281	4229	4265	8359
5	4188	4186	4129	8360
5	4179	4117	4091	8361
5	4182	4123	4176	8362
5	4176	4123	4121	8363
5	4183	4125	4181	8364
5	4183	4113	4125	8365
5	4183	4176	4113	8366
5	4215	4149	4207	8367
5	4234	4180	4182	8368
5	4236	4234	4182	8369
5	4202	4155	4140	8370
5	4196	4148	4145	8371
5	4307	4242	4204	8372
5	4256	4185	4193	8373
5	4186	4184	4127	8374
5	4186	4127	4129	8375
5	4237	4186	4221	8376
5	4187	4136	4130	8377
5	4179	4083	4133	8378
5	4179	4133	4117	8379
5	4372	4256	4300	8380
5	4242	4144	4204	8381
5	4222	4162	4152	8382
5	4350	4314	4323	8383
5	4191	4175	4143	8384
5	4213	4143	4141	8385
5	4192	4173	4095	8386
5	4192	4095	4144	8387
5	4193	4185	4156	8388
5	4379	4377	4346	8389
5	4194	4150	4134	8390
5	4399	4336	4383	8391
5	4195	4190	4161	8392
5	4195	4161	4180	8393
5	4407	4349	4305	8394
5	4209	4156	4131	8395
5	4197	4146	4100	8396
5	4197	4100	4147	8397
5	4217	4163	4073	8398
5	4217	4153	4198	8399
5	4282	4244	4231	8400
5	4437	4394	4405	8401
5	4225	4168	4154	8402
5	4226	4168	4225	8403
5	4375	4287	4330	8404
5	4291	4201	4251	8405
5	4228	4196	4145	8406
5	4219	4171	4172	8407
5	4262	4134	4203	8408
5	4203	4134	4173	8409
5	4204	4144	4064	8410
5	4204	4064	4158	8411
5	4380	4319	4349	8412
5	4263	4217	4259	8413
5	4283	4282	4233	8414
5	4265	4229	4211	8415
5	4255	4213	4223	8416
5	4371	4326	4309	8417
5	4270	4205	4249	8418
5	4299	4284	4268	8419
5	4321	4270	4319	8420
5	4410	4298	4372	8421
5	4210	4199	4138	8422
5	4210	4138	4162	8423
5	4229	4166	4211	8424
5	4211	4166	4139	8425
5	4284	4237	4268	8426
5	4269	4238	4208	8427
5	4243	4230	4190	8428
5	4213	4191	4143	8429
5	4214	4211	4139	8430
5	4214	4139	4137	8431
5	4278	4216	4261	8432
5	4276	4195	4234	8433
5	4222	4210	4162	8434
5	4216	4152	4150	8435
5	4227	4205	4170	8436
5	4224	4090	4163	8437
5	4218	4154	4151	8438
5	4232	4177	4175	8439
5	4277	4196	4228	8440
5	4228	4171	4219	8441
5	4220	4219	4172	8442
5	4220	4172	4155	8443
5	4237	4184	4186	8444
5	4221	4186	4188	8445
5	4309	4250	4293	8446
5	4274	4191	4213	8447
5	4223	4213	4141	8448
5	4223	4141	4165	8449
5	4457	4434	4386	8450
5	4395	4390	4368	8451
5	4548	4457	4530	8452
5	4301	4244	4282	8453
5	4279	4225	4218	8454
5	4280	4225	4279	8455
5	4268	4237	4221	8456
5	4249	4205	4227	8457
5	4420	4331	4381	8458
5	4555	4515	4513	8459
5	4275	4215	4207	8460
5	4229	4206	4174	8461
5	4230	4223	4165	8462
5	4230	4165	4142	8463
5	4231	4218	4151	8464
5	4231	4151	4178	8465
5	4233	4178	4177	8466
5	4325	4244	4301	8467
5	4322	4274	4255	8468
5	4282	4231	4233	8469
5	4267	4190	4195	8470
5	4234	4195	4180	8471
5	4236	4182	4176	8472
5	4236	4176	4183	8473
5	4236	4183	4235	8474
5	4236	4235	4234	8475
5	4238	4157	4208	8476
5	4304	4269	4272	8477
5	4312	4263	4259	8478
5	4328	4286	4239	8479
5	4286	4136	4239	8480
5	4239	4136	4187	8481
5	4251	4201	4146	8482
5	4436	4413	4389	8483
5	4256	4135	4185	8484
5	4496	4459	4442	8485
5	4382	4354	4361	8486
5	4441	4377	4428	8487
5	4257	4199	4247	8488
5	4326	4282	4283	8489
5	4359	4325	4301	8490
5	4250	4232	4191	8491
5	4296	4200	4248	8492
5	4280	4226	4225	8493
5	4383	4336	4337	8494
5	4246	4204	4158	8495
5	4324	4278	4261	8496
5	4343	4203	4258	8497
5	4375	4333	4287	8498
5	4338	4261	4311	8499
5	4308	4284	4299	8500
5	4300	4256	4193	8501
5	4369	4322	4315	8502
5	4306	4260	4290	8503
5	4348	4248	4295	8504
5	4330	4287	4245	8505
5	4310	4060	4252	8506
5	4310	4158	4060	8507
5	4320	4269	4304	8508
5	4407	4305	4363	8509
5	4275	4207	4266	8510
5	4265	4211	4254	8511
5	4274	4213	4255	8512
5	4274	4250	4191	8513
5	4271	4193	4209	8514
5	4300	4193	4271	8515
5	4257	4254	4214	8516
5	4257	4214	4199	8517
5	4324	4290	4278	8518
5	4422	4374	4402	8519
5	4263	4163	4217	8520
5	4263	4224	4163	8521
5	4260	4247	4210	8522
5	4260	4210	4222	8523
5	4278	4260	4222	8524
5	4261	4216	4194	8525
5	4364	4314	4350	8526
5	4262	4194	4134	8527
5	4423	4362	4384	8528
5	4313	4263	4312	8529
5	4264	4255	4223	8530
5	4264	4223	4230	8531
5	4322	4293	4274	8532
5	4345	4280	4302	8533
5	4316	4266	4281	8534
5	4327	4275	4297	8535
5	4297	4275	4266	8536
5	4267	4243	4190	8537
5	4285	4238	4269	8538
5	4273	4202	4212	8539
5	4376	4291	4333	8540
5	4321	4268	4270	8541
5	4270	4268	4221	8542
5	4270	4221	4205	8543
5	4411	4300	4367	8544
5	4328	4239	4285	8545
5	4272	4269	4208	8546
5	4272	4208	4196	8547
5	4277	4228	4219	8548
5	4277	4220	4202	8549
5	4403	4351	4355	8550
5	4293	4250	4274	8551
5	4276	4234	4235	8552
5	4283	4233	4232	8553
5	4276	4235	4215	8554
5	4276	4215	4275	8555
5	4277	4272	4196	8556
5	4277	4219	4220	8557
5	4386	4339	4359	8558
5	4292	4257	4247	8559
5	4434	4387	4339	8560
5	4387	4345	4302	8561
5	4277	4202	4273	8562
5	4388	4360	4308	8563
5	4281	4266	4206	8564
5	4281	4206	4229	8565
5	4315	4255	4264	8566
5	4424	4412	4421	8567
5	4327	4276	4275	8568
5	4276	4267	4195	8569
5	4284	4273	4212	8570
5	4284	4212	4237	8571
5	4286	4271	4209	8572
5	4285	4239	4238	8573
5	4372	4298	4256	8574
5	4438	4334	4380	8575
5	4444	4344	4391	8576
5	4423	4406	4362	8577
5	4346	4310	4252	8578
5	4392	4337	4307	8579
5	4289	4258	4192	8580
5	4289	4192	4144	8581
5	4341	4290	4335	8582
5	4347	4203	4343	8583
5	4345	4295	4280	8584
5	4381	4331	4296	8585
5	4425	4374	4422	8586
5	4605	4581	4601	8587
5	4370	4293	4322	8588
5	4326	4283	4309	8589
5	4294	4259	4198	8590
5	4294	4198	4240	8591
5	4295	4248	4226	8592
5	4295	4226	4280	8593
5	4391	4344	4294	8594
5	4473	4426	4397	8595
5	4316	4281	4303	8596
5	4323	4257	4292	8597
5	4435	4410	4372	8598
5	4501	4443	4456	8599
5	4308	4273	4284	8600
5	4353	4320	4304	8601
5	4319	4270	4249	8602
5	4329	4271	4286	8603
5	4309	4283	4250	8604
5	4427	4386	4394	8605
5	4302	4280	4279	8606
5	4554	4513	4511	8607
5	4529	4522	4524	8608
5	4327	4267	4276	8609
5	4320	4285	4269	8610
5	4379	4288	4342	8611
5	4305	4249	4227	8612
5	4305	4227	4253	8613
5	4306	4292	4247	8614
5	4306	4247	4260	8615
5	4440	4342	4410	8616
5	4432	4332	4399	8617
5	4360	4304	4272	8618
5	4360	4273	4308	8619
5	4326	4301	4282	8620
5	4359	4301	4356	8621
5	4361	4310	4346	8622
5	4310	4246	4158	8623
5	4311	4261	4194	8624
5	4311	4194	4262	8625
5	4313	4253	4224	8626
5	4313	4224	4263	8627
5	4349	4319	4249	8628
5	4363	4313	4362	8629
5	4314	4303	4265	8630
5	4314	4265	4254	8631
5	4624	4582	4570	8632
5	4322	4255	4315	8633
5	4352	4315	4317	8634
5	4316	4297	4266	8635
5	4317	4315	4264	8636
5	4317	4264	4243	8637
5	4318	4317	4243	8638
5	4318	4243	4267	8639
5	4404	4320	4353	8640
5	4334	4321	4319	8641
5	4390	4353	4357	8642
5	4404	4353	4390	8643
5	4357	4308	4299	8644
5	4321	4299	4268	8645
5	4364	4303	4314	8646
5	4370	4358	4293	8647
5	4323	4314	4254	8648
5	4323	4254	4257	8649
5	4429	4335	4398	8650
5	4393	4355	4341	8651
5	4325	4302	4279	8652
5	4325	4279	4244	8653
5	4341	4306	4290	8654
5	4355	4306	4341	8655
5	4327	4297	4318	8656
5	4327	4318	4267	8657
5	4390	4357	4368	8658
5	4329	4286	4328	8659
5	4349	4249	4305	8660
5	4380	4334	4319	8661
5	4430	4348	4378	8662
5	4535	4501	4456	8663
5	4331	4330	4245	8664
5	4331	4245	4296	8665
5	4343	4258	4332	8666
5	4402	4347	4343	8667
5	4443	4391	4376	8668
5	4381	4296	4348	8669
5	4366	4285	4320	8670
5	4368	4321	4334	8671
5	4425	4338	4374	8672
5	4464	4392	4418	8673
5	4399	4289	4336	8674
5	4336	4289	4242	8675
5	4337	4336	4242	8676
5	4337	4242	4307	8677
5	4347	4262	4203	8678
5	4598	4560	4559	8679
5	4371	4309	4358	8680
5	4400	4341	4335	8681
5	4365	4316	4303	8682
5	4340	4318	4297	8683
5	4476	4433	4400	8684
5	4522	4461	4486	8685
5	4342	4288	4241	8686
5	4342	4241	4298	8687
5	4347	4311	4262	8688
5	4572	4536	4500	8689
5	4344	4312	4259	8690
5	4344	4259	4294	8691
5	4626	4537	4576	8692
5	4378	4348	4295	8693
5	4354	4307	4246	8694
5	4646	4566	4621	8695
5	4433	4393	4400	8696
5	4471	4401	4432	8697
5	4434	4339	4386	8698
5	4511	4460	4497	8699
5	4406	4363	4362	8700
5	4448	4390	4395	8701
5	4358	4309	4293	8702
5	4356	4301	4326	8703
5	4351	4350	4323	8704
5	4351	4323	4292	8705
5	4539	4495	4472	8706
5	4369	4315	4352	8707
5	4404	4396	4366	8708
5	4366	4328	4285	8709
5	4382	4361	4377	8710
5	4418	4354	4382	8711
5	4355	4351	4292	8712
5	4355	4292	4306	8713
5	4359	4339	4325	8714
5	4387	4302	4339	8715
5	4388	4304	4360	8716
5	4388	4308	4357	8717
5	4371	4356	4326	8718
5	4465	4430	4460	8719
5	4340	4352	4317	8720
5	4340	4317	4318	8721
5	4360	4272	4277	8722
5	4360	4277	4273	8723
5	4361	4354	4246	8724
5	4361	4246	4310	8725
5	4363	4305	4253	8726
5	4363	4253	4313	8727
5	4438	4395	4334	8728
5	4407	4363	4406	8729
5	4365	4340	4316	8730
5	4365	4303	4364	8731
5	4389	4369	4352	8732
5	4409	4340	4365	8733
5	4367	4271	4329	8734
5	4373	4328	4366	8735
5	4464	4442	4392	8736
5	4439	4411	4367	8737
5	4368	4357	4299	8738
5	4368	4299	4321	8739
5	4408	4365	4364	8740
5	4370	4322	4369	8741
5	4424	4408	4412	8742
5	4414	4351	4403	8743
5	4569	4563	4523	8744
5	4445	4421	4414	8745
5	4462	4411	4439	8746
5	4446	4373	4396	8747
5	4462	4435	4372	8748
5	4373	4329	4328	8749
5	4374	4338	4311	8750
5	4374	4311	4347	8751
5	4426	4375	4330	8752
5	4444	4391	4443	8753
5	4535	4431	4463	8754
5	4513	4467	4465	8755
5	4567	4493	4545	8756
5	4377	4361	4346	8757
5	4613	4577	4547	8758
5	4556	4498	4550	8759
5	4428	4377	4379	8760
5	4479	4428	4440	8761
5	4469	4439	4416	8762
5	4525	4489	4488	8763
5	4467	4420	4465	8764
5	4463	4431	4375	8765
5	4410	4342	4298	8766
5	4440	4428	4379	8767
5	4392	4307	4354	8768
5	4657	4603	4655	8769
5	4384	4362	4312	8770
5	4384	4312	4344	8771
5	4415	4358	4385	8772
5	4385	4358	4370	8773
5	4483	4450	4433	8774
5	4405	4394	4356	8775
5	4420	4397	4331	8776
5	4473	4397	4467	8777
5	4388	4357	4353	8778
5	4388	4353	4304	8779
5	4413	4369	4389	8780
5	4413	4370	4369	8781
5	4396	4373	4366	8782
5	4395	4368	4334	8783
5	4451	4407	4406	8784
5	4508	4484	4438	8785
5	4442	4337	4392	8786
5	4441	4382	4377	8787
5	4403	4355	4393	8788
5	4445	4414	4403	8789
5	4394	4386	4359	8790
5	4394	4359	4356	8791
5	4526	4484	4508	8792
5	4404	4366	4320	8793
5	4515	4467	4513	8794
5	4574	4547	4501	8795
5	4465	4420	4430	8796
5	4588	4494	4548	8797
5	4398	4335	4324	8798
5	4398	4324	4338	8799
5	4401	4343	4332	8800
5	4402	4374	4347	8801
5	4603	4539	4571	8802
5	4425	4398	4338	8803
5	4666	4610	4598	8804
5	4506	4475	4441	8805
5	4540	4509	4458	8806
5	4429	4400	4335	8807
5	4450	4393	4433	8808
5	4405	4356	4371	8809
5	4485	4448	4484	8810
5	4449	4396	4404	8811
5	4627	4568	4529	8812
5	4490	4470	4453	8813
5	4463	4375	4426	8814
5	4557	4480	4519	8815
5	4481	4444	4443	8816
5	4452	4407	4451	8817
5	4409	4352	4340	8818
5	4409	4365	4408	8819
5	4409	4408	4389	8820
5	4409	4389	4352	8821
5	4416	4367	4329	8822
5	4411	4372	4300	8823
5	4462	4372	4411	8824
5	4416	4329	4373	8825
5	4412	4408	4364	8826
5	4412	4364	4350	8827
5	4421	4412	4414	8828
5	4413	4385	4370	8829
5	4414	4412	4350	8830
5	4414	4350	4351	8831
5	4415	4405	4371	8832
5	4415	4371	4358	8833
5	4498	4439	4469	8834
5	4440	4379	4342	8835
5	4417	4378	4345	8836
5	4417	4345	4387	8837
5	4442	4383	4337	8838
5	4566	4538	4543	8839
5	4447	4415	4419	8840
5	4419	4415	4385	8841
5	4537	4502	4473	8842
5	4515	4473	4467	8843
5	4585	4529	4565	8844
5	4424	4389	4408	8845
5	4504	4472	4422	8846
5	4503	4401	4471	8847
5	4542	4525	4488	8848
5	4501	4481	4443	8849
5	4453	4419	4385	8850
5	4436	4389	4424	8851
5	4476	4400	4429	8852
5	4450	4445	4403	8853
5	4467	4397	4420	8854
5	4502	4426	4473	8855
5	4583	4530	4582	8856
5	4492	4474	4437	8857
5	4531	4496	4464	8858
5	4597	4559	4558	8859
5	4539	4472	4504	8860
5	4571	4539	4504	8861
5	4430	4420	4381	8862
5	4430	4381	4348	8863
5	4431	4376	4333	8864
5	4431	4333	4375	8865
5	4528	4504	4503	8866
5	4699	4697	4658	8867
5	4604	4539	4603	8868
5	4505	4491	4487	8869
5	4570	4544	4492	8870
5	4457	4386	4427	8871
5	4478	4440	4410	8872
5	4478	4410	4435	8873
5	4477	4424	4421	8874
5	4453	4413	4436	8875
5	4474	4394	4437	8876
5	4474	4427	4394	8877
5	4446	4416	4373	8878
5	4439	4367	4416	8879
5	4448	4404	4390	8880
5	4571	4504	4528	8881
5	4479	4440	4478	8882
5	4506	4441	4480	8883
5	4517	4478	4435	8884
5	4480	4428	4479	8885
5	4475	4382	4441	8886
5	4496	4442	4464	8887
5	4466	4406	4423	8888
5	4537	4473	4515	8889
5	4466	4451	4406	8890
5	4482	4444	4481	8891
5	4492	4437	4461	8892
5	4453	4385	4413	8893
5	4542	4488	4512	8894
5	4589	4514	4549	8895
5	4447	4437	4405	8896
5	4447	4405	4415	8897
5	4508	4438	4489	8898
5	4449	4404	4448	8899
5	4556	4516	4498	8900
5	4469	4416	4446	8901
5	4540	4458	4495	8902
5	4477	4436	4424	8903
5	4452	4380	4349	8904
5	4452	4349	4407	8905
5	4484	4448	4395	8906
5	4489	4438	4380	8907
5	4470	4419	4453	8908
5	4491	4421	4445	8909
5	4454	4432	4399	8910
5	4454	4399	4383	8911
5	4455	4417	4387	8912
5	4455	4387	4434	8913
5	4456	4443	4376	8914
5	4456	4376	4431	8915
5	4582	4530	4544	8916
5	4583	4548	4530	8917
5	4458	4429	4398	8918
5	4458	4398	4425	8919
5	4459	4454	4383	8920
5	4459	4383	4442	8921
5	4460	4430	4378	8922
5	4460	4378	4417	8923
5	4461	4437	4447	8924
5	4487	4445	4450	8925
5	4510	4468	4507	8926
5	4484	4395	4438	8927
5	4649	4622	4579	8928
5	4535	4456	4431	8929
5	4519	4480	4479	8930
5	4475	4418	4382	8931
5	4584	4532	4502	8932
5	4541	4497	4455	8933
5	4600	4542	4512	8934
5	4580	4578	4564	8935
5	4511	4465	4460	8936
5	4513	4465	4511	8937
5	4468	4446	4396	8938
5	4468	4396	4449	8939
5	4525	4508	4489	8940
5	4488	4452	4451	8941
5	4486	4419	4470	8942
5	4486	4447	4419	8943
5	4528	4503	4471	8944
5	4504	4422	4503	8945
5	4472	4458	4425	8946
5	4472	4425	4422	8947
5	4553	4511	4497	8948
5	4502	4463	4426	8949
5	4544	4474	4492	8950
5	4509	4476	4429	8951
5	4480	4441	4428	8952
5	4545	4475	4506	8953
5	4546	4492	4461	8954
5	4487	4450	4483	8955
5	4490	4436	4477	8956
5	4490	4453	4436	8957
5	4507	4468	4485	8958
5	4498	4462	4439	8959
5	4510	4469	4446	8960
5	4519	4479	4518	8961
5	4516	4435	4462	8962
5	4518	4479	4478	8963
5	4482	4423	4384	8964
5	4482	4384	4444	8965
5	4674	4659	4616	8966
5	4521	4482	4520	8967
5	4569	4523	4536	8968
5	4551	4500	4476	8969
5	4485	4449	4448	8970
5	4485	4468	4449	8971
5	4517	4435	4516	8972
5	4677	4673	4636	8973
5	4546	4461	4522	8974
5	4486	4461	4447	8975
5	4527	4490	4477	8976
5	4523	4487	4483	8977
5	4489	4452	4488	8978
5	4489	4380	4452	8979
5	4611	4561	4577	8980
5	4526	4485	4484	8981
5	4527	4477	4491	8982
5	4491	4445	4487	8983
5	4527	4470	4490	8984
5	4491	4477	4421	8985
5	4652	4609	4588	8986
5	4582	4544	4570	8987
5	4493	4464	4418	8988
5	4493	4418	4475	8989
5	4494	4455	4434	8990
5	4494	4434	4457	8991
5	4509	4429	4458	8992
5	4495	4458	4472	8993
5	4531	4464	4493	8994
5	4558	4517	4516	8995
5	4497	4460	4417	8996
5	4497	4417	4455	8997
5	4518	4478	4517	8998
5	4516	4462	4498	8999
5	4499	4471	4432	9000
5	4499	4432	4454	9001
5	4500	4483	4433	9002
5	4500	4433	4476	9003
5	4520	4482	4481	9004
5	4547	4520	4481	9005
5	4535	4463	4532	9006
5	4532	4463	4502	9007
5	4607	4495	4604	9008
5	4503	4422	4402	9009
5	4549	4459	4496	9010
5	4655	4605	4639	9011
5	4565	4505	4563	9012
5	4527	4491	4505	9013
5	4606	4531	4567	9014
5	4590	4557	4519	9015
5	4510	4446	4468	9016
5	4550	4498	4469	9017
5	4534	4508	4533	9018
5	4561	4521	4520	9019
5	4536	4483	4500	9020
5	4607	4586	4540	9021
5	4558	4516	4556	9022
5	4564	4526	4534	9023
5	4609	4608	4587	9024
5	4541	4455	4494	9025
5	4512	4488	4451	9026
5	4512	4451	4466	9027
5	4592	4555	4554	9028
5	4619	4588	4548	9029
5	4514	4499	4454	9030
5	4514	4454	4459	9031
5	4555	4513	4554	9032
5	4576	4515	4555	9033
5	4674	4616	4644	9034
5	4560	4519	4518	9035
5	4578	4552	4564	9036
5	4559	4517	4558	9037
5	4632	4595	4620	9038
5	4620	4595	4557	9039
5	4634	4597	4596	9040
5	4559	4518	4517	9041
5	4521	4466	4423	9042
5	4521	4423	4482	9043
5	4909	4870	4819	9044
5	4562	4521	4561	9045
5	4563	4505	4523	9046
5	4694	4660	4614	9047
5	4570	4492	4546	9048
5	4523	4505	4487	9049
5	4524	4522	4486	9050
5	4524	4486	4470	9051
5	4598	4559	4597	9052
5	4648	4577	4613	9053
5	4534	4526	4508	9054
5	4526	4507	4485	9055
5	4568	4546	4522	9056
5	4527	4524	4470	9057
5	4617	4536	4572	9058
5	4754	4739	4744	9059
5	4565	4529	4524	9060
5	4536	4523	4483	9061
5	4777	4719	4774	9062
5	4530	4457	4427	9063
5	4567	4531	4493	9064
5	4589	4543	4514	9065
5	4648	4611	4577	9066
5	4626	4584	4537	9067
5	4613	4547	4574	9068
5	4576	4537	4515	9069
5	4560	4518	4559	9070
5	4550	4469	4510	9071
5	4579	4533	4525	9072
5	4547	4481	4501	9073
5	4658	4607	4604	9074
5	4664	4624	4641	9075
5	4584	4502	4537	9076
5	4711	4675	4685	9077
5	4538	4528	4471	9078
5	4538	4471	4499	9079
5	4647	4614	4586	9080
5	4586	4509	4540	9081
5	4586	4551	4509	9082
5	4551	4476	4509	9083
5	4554	4511	4553	9084
5	4609	4587	4541	9085
5	4611	4599	4561	9086
5	4649	4579	4637	9087
5	4543	4538	4499	9088
5	4543	4499	4514	9089
5	4544	4530	4427	9090
5	4544	4427	4474	9091
5	4712	4646	4693	9092
5	4606	4575	4531	9093
5	4607	4540	4495	9094
5	4615	4563	4569	9095
5	4574	4501	4535	9096
5	4880	4848	4845	9097
5	4588	4541	4494	9098
5	4548	4494	4457	9099
5	4621	4566	4543	9100
5	4549	4514	4459	9101
5	4596	4556	4594	9102
5	4590	4519	4560	9103
5	4572	4500	4551	9104
5	4678	4650	4615	9105
5	4552	4550	4510	9106
5	4552	4510	4507	9107
5	4777	4753	4719	9108
5	4592	4554	4591	9109
5	4619	4548	4583	9110
5	4591	4554	4553	9111
5	4651	4576	4618	9112
5	4745	4726	4741	9113
5	4593	4552	4578	9114
5	4632	4545	4595	9115
5	4620	4557	4590	9116
5	4557	4506	4480	9117
5	4579	4525	4542	9118
5	4595	4506	4557	9119
5	4593	4550	4552	9120
5	4594	4556	4550	9121
5	4666	4598	4635	9122
5	4596	4558	4556	9123
5	4562	4512	4466	9124
5	4562	4466	4521	9125
5	4902	4828	4866	9126
5	4677	4636	4640	9127
5	4568	4522	4529	9128
5	4585	4565	4563	9129
5	4564	4552	4507	9130
5	4564	4507	4526	9131
5	4565	4524	4527	9132
5	4565	4527	4505	9133
5	4621	4543	4589	9134
5	4716	4686	4667	9135
5	4681	4645	4610	9136
5	4712	4676	4646	9137
5	4609	4541	4588	9138
5	4625	4582	4624	9139
5	4779	4720	4746	9140
5	4641	4624	4602	9141
5	4624	4570	4602	9142
5	4617	4569	4536	9143
5	4581	4538	4566	9144
5	4604	4495	4539	9145
5	4650	4627	4585	9146
5	4655	4603	4605	9147
5	4574	4535	4573	9148
5	4573	4535	4532	9149
5	4599	4562	4561	9150
5	4763	4734	4689	9151
5	4575	4549	4496	9152
5	4575	4496	4531	9153
5	4638	4612	4584	9154
5	4665	4591	4608	9155
5	4577	4561	4520	9156
5	4577	4520	4547	9157
5	4580	4564	4534	9158
5	4622	4533	4579	9159
5	4630	4578	4623	9160
5	4580	4534	4533	9161
5	4690	4611	4648	9162
5	4622	4580	4533	9163
5	4581	4571	4528	9164
5	4581	4528	4538	9165
5	4732	4663	4703	9166
5	4678	4615	4643	9167
5	4703	4625	4664	9168
5	4701	4641	4661	9169
5	4638	4584	4626	9170
5	4747	4679	4713	9171
5	4615	4585	4563	9172
5	4627	4529	4585	9173
5	4667	4567	4632	9174
5	4693	4646	4621	9175
5	4587	4553	4497	9176
5	4587	4497	4541	9177
5	4713	4679	4654	9178
5	4653	4608	4609	9179
5	4715	4693	4642	9180
5	4776	4742	4709	9181
5	4736	4645	4681	9182
5	4707	4666	4635	9183
5	4704	4653	4696	9184
5	4766	4695	4727	9185
5	4848	4810	4845	9186
5	4713	4654	4675	9187
5	4597	4558	4596	9188
5	4594	4550	4593	9189
5	4662	4580	4622	9190
5	4623	4578	4580	9191
5	4667	4606	4567	9192
5	4595	4545	4506	9193
5	4630	4593	4578	9194
5	4631	4593	4630	9195
5	4709	4672	4671	9196
5	4635	4598	4597	9197
5	4631	4594	4593	9198
5	4633	4596	4594	9199
5	4600	4562	4599	9200
5	4600	4512	4562	9201
5	4633	4594	4631	9202
5	4637	4579	4542	9203
5	4601	4581	4566	9204
5	4676	4601	4646	9205
5	4602	4570	4546	9206
5	4602	4546	4568	9207
5	4698	4655	4682	9208
5	4768	4678	4725	9209
5	4657	4604	4603	9210
5	4650	4585	4615	9211
5	4605	4603	4571	9212
5	4605	4571	4581	9213
5	4628	4549	4575	9214
5	4716	4667	4680	9215
5	4647	4586	4607	9216
5	4646	4601	4566	9217
5	4608	4591	4553	9218
5	4608	4553	4587	9219
5	4717	4650	4678	9220
5	4625	4583	4582	9221
5	4610	4590	4560	9222
5	4610	4560	4598	9223
5	4735	4690	4695	9224
5	4636	4600	4599	9225
5	4612	4573	4532	9226
5	4612	4532	4584	9227
5	4640	4636	4599	9228
5	4719	4644	4683	9229
5	4614	4572	4551	9230
5	4614	4551	4586	9231
5	4660	4617	4572	9232
5	4661	4568	4627	9233
5	4616	4613	4574	9234
5	4616	4574	4573	9235
5	4725	4678	4643	9236
5	4643	4569	4617	9237
5	4618	4576	4555	9238
5	4618	4555	4592	9239
5	4652	4588	4619	9240
5	4683	4644	4612	9241
5	4671	4634	4633	9242
5	4749	4681	4729	9243
5	4676	4639	4601	9244
5	4628	4589	4549	9245
5	4932	4873	4888	9246
5	4742	4672	4709	9247
5	4640	4599	4611	9248
5	4687	4662	4622	9249
5	4775	4724	4740	9250
5	4797	4758	4732	9251
5	4720	4703	4664	9252
5	4643	4615	4569	9253
5	4689	4626	4651	9254
5	4763	4689	4651	9255
5	4663	4583	4625	9256
5	4661	4641	4602	9257
5	4714	4656	4686	9258
5	4680	4632	4620	9259
5	4629	4592	4591	9260
5	4665	4629	4591	9261
5	4803	4728	4761	9262
5	4634	4596	4633	9263
5	4669	4633	4631	9264
5	4635	4597	4634	9265
5	4681	4610	4666	9266
5	4632	4567	4545	9267
5	4672	4634	4671	9268
5	4687	4622	4649	9269
5	4668	4631	4630	9270
5	4730	4670	4692	9271
5	4709	4671	4708	9272
5	4672	4635	4634	9273
5	4637	4600	4636	9274
5	4637	4542	4600	9275
5	4662	4623	4580	9276
5	4680	4667	4632	9277
5	4651	4626	4576	9278
5	4755	4675	4711	9279
5	4639	4605	4601	9280
5	4849	4781	4823	9281
5	4752	4718	4735	9282
5	4814	4777	4774	9283
5	4764	4748	4737	9284
5	4660	4572	4614	9285
5	4642	4621	4589	9286
5	4642	4589	4628	9287
5	4739	4698	4710	9288
5	4684	4617	4660	9289
5	4644	4616	4573	9290
5	4644	4573	4612	9291
5	4645	4620	4590	9292
5	4645	4590	4610	9293
5	4693	4621	4642	9294
5	4849	4829	4781	9295
5	4699	4657	4698	9296
5	4684	4643	4617	9297
5	4722	4662	4687	9298
5	4690	4640	4611	9299
5	4708	4669	4705	9300
5	4723	4649	4673	9301
5	4724	4688	4701	9302
5	4661	4602	4568	9303
5	4794	4713	4755	9304
5	4683	4612	4638	9305
5	4665	4608	4653	9306
5	4653	4609	4652	9307
5	4704	4665	4653	9308
5	4704	4685	4665	9309
5	4654	4618	4592	9310
5	4654	4592	4629	9311
5	4698	4657	4655	9312
5	4658	4604	4657	9313
5	4656	4628	4575	9314
5	4656	4575	4606	9315
5	4748	4721	4737	9316
5	4658	4647	4607	9317
5	4799	4784	4748	9318
5	4829	4756	4781	9319
5	4659	4648	4613	9320
5	4659	4613	4616	9321
5	4757	4684	4721	9322
5	4821	4790	4750	9323
5	4700	4627	4650	9324
5	4700	4661	4627	9325
5	4669	4631	4668	9326
5	4671	4633	4669	9327
5	4702	4619	4663	9328
5	4663	4619	4583	9329
5	4801	4741	4773	9330
5	4664	4625	4624	9331
5	4778	4651	4679	9332
5	4877	4779	4817	9333
5	4729	4666	4707	9334
5	4759	4715	4691	9335
5	4715	4642	4691	9336
5	4714	4691	4656	9337
5	4735	4718	4690	9338
5	4820	4783	4776	9339
5	4761	4718	4752	9340
5	4707	4635	4672	9341
5	4670	4668	4630	9342
5	4670	4630	4623	9343
5	4762	4729	4707	9344
5	4692	4623	4662	9345
5	4731	4708	4705	9346
5	4762	4707	4742	9347
5	4673	4649	4637	9348
5	4673	4637	4636	9349
5	4774	4683	4734	9350
5	4878	4803	4841	9351
5	4675	4654	4629	9352
5	4703	4663	4625	9353
5	4838	4805	4816	9354
5	4836	4795	4744	9355
5	4921	4858	4881	9356
5	4803	4761	4780	9357
5	4732	4702	4663	9358
5	4771	4726	4745	9359
5	4679	4651	4618	9360
5	4679	4618	4654	9361
5	5001	4966	4941	9362
5	4680	4620	4645	9363
5	4765	4686	4716	9364
5	4708	4671	4669	9365
5	4682	4655	4639	9366
5	4733	4682	4639	9367
5	4842	4747	4819	9368
5	4719	4674	4644	9369
5	5058	5001	5021	9370
5	4694	4614	4647	9371
5	4685	4675	4629	9372
5	4685	4629	4665	9373
5	4686	4656	4606	9374
5	4686	4606	4667	9375
5	4692	4670	4623	9376
5	4705	4669	4668	9377
5	4688	4664	4641	9378
5	4757	4721	4748	9379
5	4734	4638	4689	9380
5	4689	4638	4626	9381
5	4766	4735	4695	9382
5	4807	4788	4769	9383
5	4691	4642	4628	9384
5	4691	4628	4656	9385
5	4765	4714	4686	9386
5	4772	4716	4680	9387
5	4733	4639	4676	9388
5	4836	4744	4785	9389
5	4751	4732	4703	9390
5	5133	5060	5082	9391
5	4695	4690	4648	9392
5	4695	4648	4659	9393
5	4696	4653	4652	9394
5	4779	4751	4720	9395
5	4697	4694	4647	9396
5	4697	4647	4658	9397
5	4699	4658	4657	9398
5	4965	4937	4909	9399
5	4790	4733	4750	9400
5	4764	4738	4754	9401
5	4701	4661	4700	9402
5	4701	4688	4641	9403
5	4916	4911	4913	9404
5	4905	4817	4857	9405
5	4702	4696	4652	9406
5	4702	4652	4619	9407
5	4720	4664	4688	9408
5	4809	4746	4724	9409
5	5095	232	5043	9410
5	4981	4951	4975	9411
5	4761	4677	4718	9412
5	4731	4705	4706	9413
5	4706	4705	4668	9414
5	4706	4668	4670	9415
5	4742	4707	4672	9416
5	4729	4681	4666	9417
5	4851	4835	4834	9418
5	4854	4783	4820	9419
5	4807	4767	4788	9420
5	4789	4769	4788	9421
5	4710	4698	4682	9422
5	4770	4682	4733	9423
5	4822	4794	4755	9424
5	5012	4946	4988	9425
5	4885	4816	4865	9426
5	4947	4888	4934	9427
5	4855	4822	4787	9428
5	4794	4747	4713	9429
5	4772	4680	4736	9430
5	4886	4849	4823	9431
5	4756	4712	4693	9432
5	4770	4710	4682	9433
5	4826	4796	4765	9434
5	4749	4736	4681	9435
5	4740	4724	4701	9436
5	4717	4700	4650	9437
5	4718	4677	4640	9438
5	4718	4640	4690	9439
5	4856	4841	4780	9440
5	4864	4791	4824	9441
5	4901	4813	4837	9442
5	4751	4703	4720	9443
5	4721	4684	4660	9444
5	4721	4660	4694	9445
5	4730	4706	4670	9446
5	4722	4692	4662	9447
5	4723	4722	4687	9448
5	4723	4687	4649	9449
5	4740	4700	4717	9450
5	4725	4643	4684	9451
5	4740	4701	4700	9452
5	4818	4784	4799	9453
5	4726	4711	4685	9454
5	4726	4685	4704	9455
5	4727	4695	4659	9456
5	4727	4659	4674	9457
5	4728	4723	4673	9458
5	4728	4673	4677	9459
5	4783	4742	4776	9460
5	4736	4680	4645	9461
5	4743	4708	4731	9462
5	4731	4706	4730	9463
5	4858	4793	4835	9464
5	4793	4776	4743	9465
5	4758	4702	4732	9466
5	4850	4846	4812	9467
5	4756	4693	4715	9468
5	4785	4710	4770	9469
5	4774	4719	4683	9470
5	4734	4683	4638	9471
5	4791	4735	4766	9472
5	4883	4864	4824	9473
5	4806	4716	4772	9474
5	4879	4806	4843	9475
5	4737	4721	4694	9476
5	4737	4694	4697	9477
5	4738	4737	4697	9478
5	4738	4697	4699	9479
5	4739	4738	4699	9480
5	4739	4699	4698	9481
5	4799	4748	4764	9482
5	4757	4725	4684	9483
5	4741	4726	4704	9484
5	4741	4704	4696	9485
5	4793	4743	4760	9486
5	4767	4723	4728	9487
5	4776	4709	4743	9488
5	4743	4709	4708	9489
5	4744	4739	4710	9490
5	4785	4744	4710	9491
5	4773	4741	4696	9492
5	4859	4785	4815	9493
5	4746	4720	4688	9494
5	4746	4688	4724	9495
5	4833	4763	4778	9496
5	4755	4713	4675	9497
5	4754	4738	4739	9498
5	4805	4754	4795	9499
5	4811	4736	4749	9500
5	4806	4765	4716	9501
5	4750	4733	4676	9502
5	4750	4676	4712	9503
5	4758	4696	4702	9504
5	4801	4745	4741	9505
5	4778	4679	4747	9506
5	4875	4842	4870	9507
5	4753	4727	4674	9508
5	4753	4674	4719	9509
5	4764	4737	4738	9510
5	4890	4853	4818	9511
5	4771	4711	4726	9512
5	4982	4959	4919	9513
5	5128	5067	5084	9514
5	4759	4691	4714	9515
5	4800	4775	4786	9516
5	4768	4717	4678	9517
5	4773	4696	4758	9518
5	4845	4810	4745	9519
5	4914	4897	4849	9520
5	4821	4750	4782	9521
5	4760	4743	4731	9522
5	4789	4730	4769	9523
5	4803	4767	4728	9524
5	4761	4728	4677	9525
5	4820	4776	4793	9526
5	4918	4889	4896	9527
5	4804	4774	4734	9528
5	4798	4727	4753	9529
5	4923	4867	4908	9530
5	4784	4757	4748	9531
5	4904	4827	4863	9532
5	4915	4852	4882	9533
5	4804	4734	4763	9534
5	4828	4753	4777	9535
5	4791	4752	4735	9536
5	4807	4723	4767	9537
5	4808	4725	4757	9538
5	4892	4857	4825	9539
5	4769	4730	4692	9540
5	4769	4692	4722	9541
5	4790	4770	4733	9542
5	4903	4879	4843	9543
5	4855	4787	4830	9544
5	5078	5043	232	9545
5	4826	4765	4806	9546
5	4831	4762	4783	9547
5	4797	4732	4751	9548
5	4812	4758	4797	9549
5	4978	4939	4902	9550
5	4814	4774	4804	9551
5	4825	4809	4775	9552
5	4809	4724	4775	9553
5	4783	4762	4742	9554
5	4835	4793	4760	9555
5	4798	4766	4727	9556
5	4864	4832	4791	9557
5	4833	4804	4763	9558
5	4778	4763	4651	9559
5	4850	4812	4813	9560
5	4837	4751	4779	9561
5	4780	4761	4752	9562
5	5000	4958	4940	9563
5	4781	4756	4715	9564
5	4781	4715	4759	9565
5	4782	4750	4712	9566
5	4782	4712	4756	9567
5	4941	4904	4863	9568
5	4992	4922	4963	9569
5	4786	4717	4768	9570
5	4808	4768	4725	9571
5	4829	4782	4756	9572
5	4872	4825	4775	9573
5	4786	4775	4740	9574
5	4786	4740	4717	9575
5	4787	4755	4711	9576
5	4787	4711	4771	9577
5	4802	4760	4731	9578
5	4789	4731	4730	9579
5	4802	4731	4789	9580
5	4834	4760	4802	9581
5	5028	4950	4993	9582
5	4873	4790	4821	9583
5	4891	4841	4856	9584
5	4866	4777	4814	9585
5	4792	4749	4729	9586
5	4792	4729	4762	9587
5	4835	4760	4834	9588
5	4827	4811	4749	9589
5	4847	4794	4822	9590
5	4948	4898	4937	9591
5	4795	4754	4744	9592
5	4865	4795	4836	9593
5	4796	4759	4714	9594
5	4796	4714	4765	9595
5	4890	4818	4867	9596
5	5062	5013	5008	9597
5	4982	4919	4956	9598
5	4828	4798	4753	9599
5	4865	4816	4795	9600
5	4867	4818	4838	9601
5	4800	4786	4768	9602
5	4808	4800	4768	9603
5	4906	4865	4836	9604
5	4845	4745	4801	9605
5	4839	4789	4788	9606
5	4966	4904	4941	9607
5	4922	4854	4893	9608
5	4840	4767	4803	9609
5	4871	4804	4833	9610
5	4871	4814	4804	9611
5	4805	4799	4764	9612
5	4805	4764	4754	9613
5	4811	4772	4736	9614
5	4914	4849	4886	9615
5	4807	4769	4722	9616
5	4807	4722	4723	9617
5	4808	4757	4784	9618
5	4844	4808	4784	9619
5	4924	4882	4879	9620
5	4837	4797	4751	9621
5	4810	4771	4745	9622
5	4905	4877	4817	9623
5	4831	4792	4762	9624
5	4895	4831	4854	9625
5	4846	4773	4812	9626
5	4812	4773	4758	9627
5	4813	4812	4797	9628
5	4837	4813	4797	9629
5	4998	4925	4972	9630
5	4894	4856	4832	9631
5	4815	4785	4770	9632
5	4815	4770	4790	9633
5	4816	4805	4795	9634
5	5069	4984	5011	9635
5	4817	4779	4746	9636
5	4817	4746	4809	9637
5	4913	4853	4890	9638
5	4933	4880	4899	9639
5	4819	4747	4794	9640
5	4822	4755	4787	9641
5	4854	4831	4783	9642
5	4843	4772	4811	9643
5	4873	4815	4790	9644
5	4906	4836	4859	9645
5	4847	4819	4794	9646
5	4972	4925	4898	9647
5	4823	4781	4759	9648
5	4823	4759	4796	9649
5	4824	4791	4766	9650
5	4824	4766	4798	9651
5	4916	4913	4890	9652
5	4857	4817	4809	9653
5	4958	4903	4940	9654
5	4827	4749	4792	9655
5	4903	4843	4874	9656
5	4904	4874	4827	9657
5	5076	5025	5071	9658
5	4972	4898	4948	9659
5	4879	4826	4806	9660
5	5047	5004	5017	9661
5	4830	4787	4771	9662
5	4830	4771	4810	9663
5	4895	4863	4831	9664
5	4858	4820	4793	9665
5	4832	4780	4752	9666
5	4832	4752	4791	9667
5	4866	4828	4777	9668
5	4925	4871	4875	9669
5	4876	4788	4840	9670
5	4840	4788	4767	9671
5	4856	4780	4832	9672
5	4928	4841	4891	9673
5	4859	4836	4785	9674
5	4897	4829	4849	9675
5	4951	4933	4938	9676
5	4877	4837	4779	9677
5	4838	4818	4799	9678
5	4838	4799	4805	9679
5	4839	4834	4802	9680
5	4839	4802	4789	9681
5	5143	5129	5081	9682
5	4921	4893	4858	9683
5	5044	4992	5024	9684
5	4841	4803	4780	9685
5	4842	4833	4778	9686
5	4842	4778	4747	9687
5	4886	4823	4852	9688
5	4843	4806	4772	9689
5	4997	4914	4954	9690
5	4844	4800	4808	9691
5	5144	5104	5115	9692
5	4861	4810	4848	9693
5	4899	4801	4846	9694
5	4846	4801	4773	9695
5	5077	5057	5014	9696
5	4925	4875	4898	9697
5	5037	4957	4994	9698
5	4942	4907	4848	9699
5	4941	4863	4895	9700
5	5004	4932	4947	9701
5	4901	4837	4877	9702
5	4857	4809	4825	9703
5	4939	4860	4902	9704
5	5060	5015	4996	9705
5	4852	4823	4796	9706
5	4852	4796	4826	9707
5	4853	4844	4784	9708
5	4853	4784	4818	9709
5	4958	4924	4903	9710
5	4924	4879	4903	9711
5	4861	4830	4810	9712
5	5078	232	233	9713
5	4960	4920	4889	9714
5	5015	4983	4960	9715
5	4976	4905	4929	9716
5	4929	4857	4892	9717
5	4960	4889	4918	9718
5	4889	4851	4869	9719
5	5006	4935	4976	9720
5	5047	5018	5004	9721
5	4860	4824	4798	9722
5	4860	4798	4828	9723
5	5117	233	234	9724
5	4961	4880	4933	9725
5	4862	4821	4782	9726
5	4862	4782	4829	9727
5	4863	4827	4792	9728
5	4863	4792	4831	9729
5	5005	4948	4937	9730
5	4883	4824	4860	9731
5	4932	4900	4873	9732
5	4923	4890	4867	9733
5	4910	4866	4814	9734
5	4996	4918	4974	9735
5	4885	4868	4816	9736
5	4908	4867	4868	9737
5	4868	4867	4838	9738
5	4868	4838	4816	9739
5	4869	4851	4834	9740
5	4869	4834	4839	9741
5	4870	4842	4819	9742
5	4909	4819	4847	9743
5	4937	4898	4870	9744
5	4910	4814	4871	9745
5	4872	4775	4800	9746
5	5017	4947	4984	9747
5	4897	4862	4829	9748
5	4954	4914	4886	9749
5	4874	4843	4811	9750
5	4874	4811	4827	9751
5	4875	4871	4833	9752
5	4875	4833	4842	9753
5	4876	4869	4839	9754
5	4876	4839	4788	9755
5	4987	4971	4977	9756
5	4929	4905	4857	9757
5	4928	4912	4878	9758
5	4878	4840	4803	9759
5	4872	4800	4844	9760
5	4913	4844	4853	9761
5	4988	4946	4957	9762
5	4899	4846	4850	9763
5	4881	4858	4835	9764
5	4881	4835	4851	9765
5	4882	4852	4826	9766
5	4882	4826	4879	9767
5	5042	4972	5009	9768
5	4894	4832	4864	9769
5	4884	4847	4822	9770
5	4884	4822	4855	9771
5	5093	5047	5017	9772
5	5079	5050	5016	9773
5	4915	4886	4852	9774
5	4934	4888	4862	9775
5	4887	4855	4830	9776
5	4887	4830	4861	9777
5	4888	4873	4821	9778
5	4888	4821	4862	9779
5	4928	4878	4841	9780
5	5163	5120	5160	9781
5	5080	5063	5028	9782
5	4975	4901	4935	9783
5	4912	4840	4878	9784
5	5106	5066	5073	9785
5	5038	4971	4987	9786
5	5080	5028	5050	9787
5	4893	4854	4820	9788
5	4893	4820	4858	9789
5	4936	4864	4883	9790
5	4936	4894	4864	9791
5	5044	5021	4992	9792
5	4922	4895	4854	9793
5	4896	4889	4869	9794
5	4896	4869	4876	9795
5	5090	5011	5053	9796
5	4964	4934	4897	9797
5	4898	4875	4870	9798
5	4965	4909	4917	9799
5	4899	4880	4845	9800
5	4899	4845	4801	9801
5	4900	4859	4815	9802
5	4900	4815	4873	9803
5	4938	4850	4901	9804
5	4901	4850	4813	9805
5	4944	4866	4910	9806
5	4902	4860	4828	9807
5	4940	4903	4874	9808
5	5031	4966	5001	9809
5	4940	4874	4904	9810
5	4967	4895	4922	9811
5	5022	4968	4995	9812
5	4916	4892	4911	9813
5	5156	215	216	9814
5	5050	5028	4993	9815
5	4907	4861	4848	9816
5	4942	4848	4880	9817
5	4943	4908	4868	9818
5	4943	4868	4885	9819
5	4937	4870	4909	9820
5	5046	4980	5012	9821
5	5200	5143	5176	9822
5	4944	4910	4925	9823
5	4911	4892	4825	9824
5	4911	4825	4872	9825
5	4912	4896	4876	9826
5	4912	4876	4840	9827
5	4913	4911	4872	9828
5	4913	4872	4844	9829
5	5035	4997	4954	9830
5	4934	4862	4897	9831
5	5007	4924	4958	9832
5	4964	4897	4914	9833
5	4994	4942	4961	9834
5	4990	4929	4973	9835
5	4917	4909	4847	9836
5	4917	4847	4884	9837
5	4939	4883	4860	9838
5	4952	4891	4927	9839
5	4919	4884	4855	9840
5	4919	4855	4887	9841
5	4920	4881	4851	9842
5	4920	4851	4889	9843
5	5143	5081	5133	9844
5	5082	5060	5026	9845
5	4966	4940	4904	9846
5	5052	5024	4991	9847
5	4995	4968	4923	9848
5	4995	4923	4971	9849
5	4967	4941	4895	9850
5	5103	5010	5056	9851
5	5054	5039	5042	9852
5	4925	4910	4871	9853
5	4926	4885	4865	9854
5	4926	4865	4906	9855
5	4927	4891	4856	9856
5	4927	4856	4894	9857
5	4928	4896	4912	9858
5	5070	5054	5009	9859
5	4973	4892	4916	9860
5	4935	4877	4905	9861
5	4930	4906	4859	9862
5	4930	4859	4900	9863
5	4931	4887	4861	9864
5	4931	4861	4907	9865
5	5170	5153	5124	9866
5	4928	4918	4896	9867
5	4961	4942	4880	9868
5	4935	4901	4877	9869
5	4997	4964	4914	9870
5	4947	4932	4888	9871
5	4976	4935	4905	9872
5	4973	4929	4892	9873
5	4974	4891	4952	9874
5	5026	4974	4952	9875
5	5013	4965	5008	9876
5	5039	4985	4978	9877
5	4938	4933	4899	9878
5	4938	4899	4850	9879
5	5102	5054	5100	9880
5	5034	4970	4985	9881
5	5101	5021	5044	9882
5	5114	5084	5059	9883
5	5001	4941	4967	9884
5	4996	4960	4918	9885
5	5012	4980	4946	9886
5	5032	4961	5003	9887
5	5002	4943	4950	9888
5	5022	4916	4968	9889
5	4978	4902	4944	9890
5	4944	4902	4866	9891
5	4945	4915	4882	9892
5	4945	4882	4924	9893
5	4946	4931	4907	9894
5	5003	4933	4951	9895
5	5028	5002	4950	9896
5	5004	4962	4932	9897
5	5005	4937	4965	9898
5	5111	5077	235	9899
5	4949	4927	4894	9900
5	4949	4894	4936	9901
5	4950	4943	4885	9902
5	4950	4885	4926	9903
5	5091	5033	5066	9904
5	5006	4981	4975	9905
5	5026	4996	4974	9906
5	5055	5034	4985	9907
5	4953	4921	4881	9908
5	4953	4881	4920	9909
5	4979	4915	4945	9910
5	4979	4955	4915	9911
5	4955	4954	4886	9912
5	4955	4886	4915	9913
5	4956	4919	4887	9914
5	4956	4887	4931	9915
5	4957	4946	4907	9916
5	4957	4907	4942	9917
5	5085	5031	5058	9918
5	5067	4979	5030	9919
5	4959	4917	4884	9920
5	4959	4884	4919	9921
5	5060	4996	5026	9922
5	5031	5000	4966	9923
5	5141	5061	5105	9924
5	5003	4961	4933	9925
5	4962	4930	4900	9926
5	4962	4900	4932	9927
5	4963	4922	4893	9928
5	4963	4893	4921	9929
5	5175	212	213	9930
5	5132	5069	5090	9931
5	5171	239	5148	9932
5	5040	4948	5005	9933
5	5000	4940	4966	9934
5	5059	5030	5007	9935
5	5024	4963	4991	9936
5	4992	4967	4922	9937
5	4968	4916	4890	9938
5	4968	4890	4923	9939
5	4969	4926	4906	9940
5	4969	4906	4930	9941
5	4970	4936	4883	9942
5	4970	4883	4939	9943
5	4971	4923	4908	9944
5	5097	5019	5049	9945
5	4998	4944	4925	9946
5	5144	5116	5104	9947
5	5006	4975	4935	9948
5	5049	5019	5022	9949
5	4974	4918	4928	9950
5	4974	4928	4891	9951
5	4975	4951	4938	9952
5	4975	4938	4901	9953
5	5187	243	5160	9954
5	5033	4981	5006	9955
5	4977	4971	4908	9956
5	4977	4908	4943	9957
5	5086	5070	5040	9958
5	5034	4999	4970	9959
5	5035	4954	5027	9960
5	5059	5007	5010	9961
5	4980	4956	4931	9962
5	4980	4931	4946	9963
5	4990	4976	4929	9964
5	5065	4981	5033	9965
5	5111	5057	5077	9966
5	5057	5036	4982	9967
5	4983	4953	4920	9968
5	4983	4920	4960	9969
5	4984	4947	4934	9970
5	4984	4934	4964	9971
5	4985	4970	4939	9972
5	4985	4939	4978	9973
5	4986	4952	4927	9974
5	4986	4927	4949	9975
5	5002	4977	4943	9976
5	5050	4993	5016	9977
5	5105	5029	5065	9978
5	5037	4988	4957	9979
5	4989	4969	4930	9980
5	4989	4930	4962	9981
5	5065	5029	4981	9982
5	5066	5033	5041	9983
5	4991	4963	4921	9984
5	4991	4921	4953	9985
5	5025	4953	4983	9986
5	5071	4983	5015	9987
5	4993	4950	4926	9988
5	4993	4926	4969	9989
5	5204	213	214	9990
5	4994	4957	4942	9991
5	5038	4995	4971	9992
5	5070	5009	5040	9993
5	5015	4960	4996	9994
5	5026	4952	4986	9995
5	5017	5004	4947	9996
5	5172	5156	216	9997
5	5039	4978	4998	9998
5	4998	4978	4944	9999
5	4999	4949	4936	10000
5	4999	4936	4970	10001
5	5108	5074	5027	10002
5	5007	4945	4924	10003
5	5024	4992	4963	10004
5	5225	5200	5218	10005
5	5068	4987	5020	10006
5	5150	5079	5110	10007
5	5032	4994	4961	10008
5	5094	4994	5032	10009
5	5069	5017	4984	10010
5	5090	5069	5011	10011
5	5013	5005	4965	10012
5	5040	5009	4948	10013
5	5041	4976	4990	10014
5	5091	5065	5033	10015
5	5112	5099	5074	10016
5	5056	5000	5031	10017
5	5008	4965	4917	10018
5	5008	4917	4959	10019
5	5055	4985	5039	10020
5	5009	4972	4948	10021
5	5010	5007	4958	10022
5	5010	4958	5000	10023
5	5011	4984	4964	10024
5	5011	4964	4997	10025
5	5014	4982	4956	10026
5	5014	4956	4980	10027
5	5221	5203	245	10028
5	5116	5064	5104	10029
5	5117	5078	233	10030
5	5077	5014	5046	10031
5	5118	5044	5089	10032
5	5025	4991	4953	10033
5	5016	4993	4969	10034
5	5016	4969	4989	10035
5	5142	5135	5093	10036
5	5175	5142	5132	10037
5	5018	4989	4962	10038
5	5018	4962	5004	10039
5	5019	4990	4973	10040
5	5073	4990	5019	10041
5	5020	4987	4977	10042
5	5020	4977	5002	10043
5	5021	5001	4967	10044
5	5021	4967	4992	10045
5	5022	5019	4973	10046
5	5022	4973	4916	10047
5	5023	4986	4949	10048
5	5023	4949	4999	10049
5	5188	5119	5154	10050
5	5056	5010	5000	10051
5	5071	5025	4983	10052
5	5052	4991	5025	10053
5	5120	5083	5102	10054
5	5082	5026	5045	10055
5	5027	4954	4955	10056
5	5027	4955	4979	10057
5	5079	5016	5048	10058
5	5216	228	5179	10059
5	5029	5003	4951	10060
5	5029	4951	4981	10061
5	5030	4979	4945	10062
5	5030	4945	5007	10063
5	5081	5015	5060	10064
5	5058	5031	5001	10065
5	5121	5088	5094	10066
5	5095	5043	5072	10067
5	5198	222	5194	10068
5	5123	5091	5066	10069
5	5126	5051	5083	10070
5	5173	5145	5163	10071
5	5125	5053	5099	10072
5	5125	5090	5053	10073
5	5036	5008	4959	10074
5	5036	4959	4982	10075
5	5136	231	5095	10076
5	5204	5175	213	10077
5	5075	5038	4987	10078
5	5049	4995	5038	10079
5	5126	5098	5051	10080
5	5055	5039	5054	10081
5	5102	5055	5054	10082
5	5100	5054	5070	10083
5	5041	5033	5006	10084
5	5041	5006	4976	10085
5	5042	5039	4998	10086
5	5042	4998	4972	10087
5	5043	5012	4988	10088
5	5095	231	232	10089
5	5119	5085	5058	10090
5	5169	5085	5119	10091
5	5045	5026	4986	10092
5	5045	4986	5023	10093
5	5057	4982	5014	10094
5	5046	5014	4980	10095
5	5172	5150	5110	10096
5	5127	5050	5079	10097
5	5048	5016	4989	10098
5	5048	4989	5018	10099
5	5182	209	210	10100
5	5181	5161	5167	10101
5	5127	5080	5050	10102
5	5172	5110	5156	10103
5	5051	5023	4999	10104
5	5051	4999	5034	10105
5	5076	5052	5025	10106
5	5118	5101	5044	10107
5	5053	5011	4997	10108
5	5053	4997	5035	10109
5	5054	5042	5009	10110
5	5086	5040	5064	10111
5	5163	5126	5120	10112
5	5193	243	244	10113
5	5067	5027	4979	10114
5	5103	5059	5010	10115
5	5133	5081	5060	10116
5	5062	5008	5036	10117
5	5085	5056	5031	10118
5	5199	5146	5190	10119
5	5101	5058	5021	10120
5	5149	5125	5099	10121
5	5212	5170	5201	10122
5	5218	5200	5176	10123
5	5061	5032	5003	10124
5	5061	5003	5029	10125
5	5115	5062	5087	10126
5	5115	5104	5062	10127
5	5063	5020	5002	10128
5	5063	5002	5028	10129
5	5064	5040	5005	10130
5	5064	5005	5013	10131
5	5094	5032	5061	10132
5	5130	5065	5091	10133
5	5164	5131	5107	10134
5	5049	5022	4995	10135
5	5108	5027	5067	10136
5	5215	209	5162	10137
5	5137	5063	5080	10138
5	5131	5068	5107	10139
5	5132	5093	5069	10140
5	5175	5132	5155	10141
5	5075	4987	5068	10142
5	5106	5073	5097	10143
5	5196	5176	5153	10144
5	5081	5071	5015	10145
5	5072	5043	4988	10146
5	5072	4988	5037	10147
5	5073	5066	5041	10148
5	5073	5041	4990	10149
5	5074	5035	5027	10150
5	5206	5162	5128	10151
5	5097	5073	5019	10152
5	5122	5075	5096	10153
5	5089	5044	5024	10154
5	5089	5024	5052	10155
5	5117	5046	5078	10156
5	5077	234	235	10157
5	5078	5046	5012	10158
5	5078	5012	5043	10159
5	5150	5127	5079	10160
5	5151	5137	5080	10161
5	5151	5080	5127	10162
5	5131	5096	5068	10163
5	5176	5143	5133	10164
5	5152	5113	5076	10165
5	5168	5139	5100	10166
5	5227	5218	5196	10167
5	5083	5051	5034	10168
5	5083	5034	5055	10169
5	5084	5067	5030	10170
5	5084	5030	5059	10171
5	5157	5114	5103	10172
5	5114	5059	5103	10173
5	5138	5070	5086	10174
5	5102	5083	5055	10175
5	5087	5062	5036	10176
5	5087	5036	5057	10177
5	5088	5072	5037	10178
5	5136	5095	5072	10179
5	5213	5190	5210	10180
5	5196	5153	5170	10181
5	5202	5157	5195	10182
5	5093	5017	5069	10183
5	5185	5165	5123	10184
5	5130	5105	5065	10185
5	5092	5048	5018	10186
5	5092	5018	5047	10187
5	5156	5110	5092	10188
5	5142	5093	5132	10189
5	5094	5088	5037	10190
5	5094	5037	4994	10191
5	5136	5072	5088	10192
5	5136	230	231	10193
5	5096	5075	5068	10194
5	5137	5107	5063	10195
5	5109	5038	5075	10196
5	5123	5066	5106	10197
5	5098	5045	5023	10198
5	5098	5023	5051	10199
5	5099	5053	5035	10200
5	5099	5035	5074	10201
5	5148	5086	5116	10202
5	5178	5135	5142	10203
5	5226	203	204	10204
5	5119	5058	5101	10205
5	5163	5145	5126	10206
5	5126	5083	5120	10207
5	5157	5103	5140	10208
5	5128	5108	5067	10209
5	5104	5064	5013	10210
5	5104	5013	5062	10211
5	5158	5141	5105	10212
5	5105	5061	5029	10213
5	5134	5106	5097	10214
5	5122	5109	5075	10215
NPOIN= 5233
9.997500181200000e-01	-3.633271447797082e-05	0
9.990000128750000e-01	-1.454904248382860e-04	1
9.977599978450000e-01	-3.277057935562005e-04	2
9.960200190539999e-01	-5.909979340972953e-04	3
9.937800168990000e-01	-9.509603202717598e-04	4
9.910500049590000e-01	-1.432766305510260e-03	5
9.878399968150000e-01	-2.069728273610782e-03	6
9.841300249100000e-01	-2.901038416634369e-03	7
9.799500107769999e-01	-3.940534357298367e-03	8
9.752799868580000e-01	-5.185120904553380e-03	9
9.701499938960000e-01	-6.584758669300964e-03	10
9.645400047300000e-01	-8.076328083088686e-03	11
9.584699869160000e-01	-9.579051999218741e-03	12
9.519400000570000e-01	-1.103372878738867e-02	13
9.449599981310000e-01	-1.241111345935593e-02	14
9.375399947170000e-01	-1.371714455288595e-02	15
9.296900033950000e-01	-1.498270265249717e-02	16
9.214000105860000e-01	-1.625047976143708e-02	17
9.126999974250000e-01	-1.755161785695004e-02	18
9.035800099370001e-01	-1.891019770327689e-02	19
8.940600156780000e-01	-2.033163587625476e-02	20
8.841500282290000e-01	-2.181220814789818e-02	21
8.738499879840000e-01	-2.334409860033768e-02	22
8.631799817090000e-01	-2.491515245365293e-02	23
8.521599769590000e-01	-2.651449641003890e-02	24
8.407700061800000e-01	-2.813906415701983e-02	25
8.290500044819999e-01	-2.977897764005338e-02	26
8.170099854470000e-01	-3.142983982406161e-02	27
8.046399950980000e-01	-3.309026292234299e-02	28
7.919700145720000e-01	-3.475326013390052e-02	29
7.790099978450000e-01	-3.641416400064644e-02	30
7.657799720760000e-01	-3.806654743933097e-02	31
7.522799968720000e-01	-3.970607194307890e-02	32
7.385200262070000e-01	-4.132681631980431e-02	33
7.245299816130000e-01	-4.292049112144266e-02	34
7.103199958800001e-01	-4.448129998081986e-02	35
6.958900094030001e-01	-4.600469760767065e-02	36
6.812700033190000e-01	-4.748330288070376e-02	37
6.664699912070000e-01	-4.891239546073150e-02	38
6.514999866490000e-01	-5.028775926480294e-02	39
6.363800168040000e-01	-5.160489367529004e-02	40
6.211299896240000e-01	-5.286010568831080e-02	41
6.057599782940000e-01	-5.405125929067824e-02	42
5.902799963950000e-01	-5.517685200752512e-02	43
5.747100114820000e-01	-5.623533825893312e-02	44
5.590599775310000e-01	-5.722654316606866e-02	45
5.433599948880000e-01	-5.814967155095363e-02	46
5.276100039480000e-01	-5.900630885483840e-02	47
5.118399858470000e-01	-5.979679224673119e-02	48
4.960500001910000e-01	-6.052338592851291e-02	49
4.802699983120000e-01	-6.118717872548547e-02	50
4.645099937920000e-01	-6.179037632704476e-02	51
4.487800002100000e-01	-6.233516591862797e-02	52
4.331099987030000e-01	-6.282303656722557e-02	53
4.174999892710000e-01	-6.325632604916466e-02	54
4.019699990750000e-01	-6.363649061374839e-02	55
3.865399956700000e-01	-6.396475166210112e-02	56
3.712300062180000e-01	-6.424202172091185e-02	57
3.560400009160000e-01	-6.446911784365592e-02	58
3.409900069240000e-01	-6.464599143704766e-02	59
3.261100053790000e-01	-6.477208793423939e-02	60
3.113999962810000e-01	-6.484663825904054e-02	61
2.968699932100000e-01	-6.486814479548220e-02	62
2.825500071050000e-01	-6.483459785424339e-02	63
2.684499919410000e-01	-6.474356028822624e-02	64
2.545700073240000e-01	-6.459191945677493e-02	65
2.409400045870000e-01	-6.437639200560522e-02	66
2.275699973110000e-01	-6.409314593945004e-02	67
2.144699990750000e-01	-6.373792752765162e-02	68
2.016600072380000e-01	-6.330647590103368e-02	69
1.891400069000000e-01	-6.279360483893913e-02	70
1.769299954180000e-01	-6.219461863473351e-02	71
1.650400012730000e-01	-6.150433601666033e-02	72
1.534900069240000e-01	-6.071818050377271e-02	73
1.422899961470000e-01	-5.983112272763046e-02	74
1.314399987460000e-01	-5.883722179589406e-02	75
1.209499984980000e-01	-5.773122077123136e-02	76
1.108499988910000e-01	-5.651056843049850e-02	77
1.011300012470000e-01	-5.516845744386609e-02	78
9.181000292300000e-02	-5.370199543772497e-02	79
8.290000259900000e-02	-5.210764769553262e-02	80
7.440000027400000e-02	-5.038032487754275e-02	81
6.633000075800000e-02	-4.851944585537710e-02	82
5.869000032500000e-02	-4.652089132697179e-02	83
5.149000138000000e-02	-4.438336763373221e-02	84
4.473999887700000e-02	-4.210673791694459e-02	85
3.844000026600000e-02	-3.968826244142241e-02	86
3.260000050100000e-02	-3.712950224760704e-02	87
2.723000012300000e-02	-3.443404685821144e-02	88
2.232000045500000e-02	-3.159584992804340e-02	89
1.789999939500000e-02	-2.863368232032586e-02	90
1.394999958600000e-02	-2.553699460576280e-02	91
1.049000024800000e-02	-2.232513072226126e-02	92
7.519999985000000e-03	-1.900711938165586e-02	93
5.040000193000000e-03	-1.559467227509426e-02	94
3.049999941000000e-03	-1.210268188632138e-02	95
1.560000004000000e-03	-8.576821818334692e-03	96
5.600000150000000e-04	-5.032017876441829e-03	97
5.999999800000000e-05	-1.565154619221880e-03	98
0.000000000000000e+00	0.000000000000000e+00	99
5.999999800000000e-05	1.411866700589746e-03	100
5.600000150000000e-04	4.274188226981539e-03	101
1.560000004000000e-03	7.014471632077491e-03	102
3.049999941000000e-03	9.616202853757668e-03	103
5.040000193000000e-03	1.209952794623141e-02	104
7.519999985000000e-03	1.445340451202702e-02	105
1.049000024800000e-02	1.668488724832370e-02	106
1.394999958600000e-02	1.880047219142359e-02	107
1.789999939500000e-02	2.080667231859516e-02	108
2.232000045500000e-02	2.270217172842821e-02	109
2.723000012300000e-02	2.450374599942551e-02	110
3.260000050100000e-02	2.620847848394146e-02	111
3.844000026600000e-02	2.782831273004959e-02	112
4.473999887700000e-02	2.936821860383807e-02	113
5.149000138000000e-02	3.083359277916798e-02	114
5.869000032500000e-02	3.223177116302132e-02	115
6.633000075800000e-02	3.356760967092456e-02	116
7.440000027400000e-02	3.484587527424427e-02	117
8.290000259900000e-02	3.607249078016860e-02	118
9.181000292300000e-02	3.725007368311249e-02	119
1.011300012470000e-01	3.838367898225305e-02	120
1.108499988910000e-01	3.947650020527274e-02	121
1.209499984980000e-01	4.053032430816890e-02	122
1.314399987460000e-01	4.154959027015376e-02	123
1.422899961470000e-01	4.253424040431610e-02	124
1.534900069240000e-01	4.348587189402837e-02	125
1.650400012730000e-01	4.440634100077062e-02	126
1.769299954180000e-01	4.529609071544734e-02	127
1.891400069000000e-01	4.615440162396393e-02	128
2.016600072380000e-01	4.698087761457143e-02	129
2.144699990750000e-01	4.777403937596667e-02	130
2.275699973110000e-01	4.853320975526282e-02	131
2.409400045870000e-01	4.925604680246982e-02	132
2.545700073240000e-01	4.994039665520658e-02	133
2.684499919410000e-01	5.058367391755709e-02	134
2.825500071050000e-01	5.118207484352726e-02	135
2.968699932100000e-01	5.173281644799478e-02	136
3.113999962810000e-01	5.223227905996353e-02	137
3.261100053790000e-01	5.267595065704819e-02	138
3.409900069240000e-01	5.305984747692791e-02	139
3.560400009160000e-01	5.337993232220369e-02	140
3.712300062180000e-01	5.363134892725089e-02	141
3.865399956700000e-01	5.380956146340141e-02	142
4.019699990750000e-01	5.391022264169117e-02	143
4.174999892710000e-01	5.392876427914638e-02	144
4.331099987030000e-01	5.386085476960880e-02	145
4.487800002100000e-01	5.370248144960264e-02	146
4.645099937920000e-01	5.344965437501049e-02	147
4.802699983120000e-01	5.309913731389714e-02	148
4.960500001910000e-01	5.264787747517266e-02	149
5.118399858470000e-01	5.209322245911659e-02	150
5.276100039480000e-01	5.143389684640948e-02	151
5.433599948880000e-01	5.066816938421487e-02	152
5.590599775310000e-01	4.979643813979660e-02	153
5.747100114820000e-01	4.881838464073474e-02	154
5.902799963950000e-01	4.773638901777804e-02	155
6.057599782940000e-01	4.655261878562911e-02	156
6.211299896240000e-01	4.527099273298310e-02	157
6.363800168040000e-01	4.389568560247051e-02	158
6.514999866490000e-01	4.243180884990598e-02	159
6.664699912070000e-01	4.088645475533520e-02	160
6.812700033190000e-01	3.926788406824250e-02	161
6.958900094030001e-01	3.758426448249297e-02	162
7.103199958800001e-01	3.584454236781467e-02	163
7.245299816130000e-01	3.406091137329712e-02	164
7.385200262070000e-01	3.224252729939969e-02	165
7.522799968720000e-01	3.040019456455952e-02	166
7.657799720760000e-01	2.854778247182508e-02	167
7.790099978450000e-01	2.669672307490035e-02	168
7.919700145720000e-01	2.485701160093583e-02	169
8.046399950980000e-01	2.304129318691350e-02	170
8.170099854470000e-01	2.126043290210393e-02	171
8.290500044819999e-01	1.952749465929898e-02	172
8.407700061800000e-01	1.784864350011102e-02	173
8.521599769590000e-01	1.623118434996996e-02	174
8.631799817090000e-01	1.468412789925421e-02	175
8.738499879840000e-01	1.320488870355936e-02	176
8.841500282290000e-01	1.179320708570645e-02	177
8.940600156780000e-01	1.044628661437401e-02	178
9.035800099370001e-01	9.158399291286860e-03	179
9.126999974250000e-01	7.928843641814102e-03	180
9.214000105860000e-01	6.766413164083271e-03	181
9.296900033950000e-01	5.687366784599638e-03	182
9.375399947170000e-01	4.724040256944508e-03	183
9.449599981310000e-01	3.908123240277239e-03	184
9.519400000570000e-01	3.266638178227570e-03	185
9.584699869160000e-01	2.805750472997573e-03	186
9.645400047300000e-01	2.502171583869240e-03	187
9.701499938960000e-01	2.305081362622718e-03	188
9.752799868580000e-01	2.151011803762701e-03	189
9.799500107769999e-01	1.981438677107279e-03	190
9.841300249100000e-01	1.762410036235310e-03	191
9.878399968150000e-01	1.486924968072929e-03	192
9.910500049590000e-01	1.175686013710992e-03	193
9.937800168990000e-01	8.577675850294371e-04	194
9.960200190539999e-01	5.651716999598300e-04	195
9.977599978450000e-01	3.229188154387844e-04	196
9.990000128750000e-01	1.450537462008251e-04	197
9.997500181200000e-01	3.632579659979370e-05	198
1.000000000000000e+00	0.000000000000000e+00	199
1.984229087829600e+01	2.506659984589000e+00	200
1.937166023254400e+01	4.973800182343000e+00	201
1.859552955627400e+01	7.362490177155000e+00	202
1.752613067627000e+01	9.635069847106999e+00	203
1.618033981323200e+01	1.175570964813200e+01	204
1.457936954498300e+01	1.369093990325900e+01	205
1.274847984314000e+01	1.541026973724400e+01	206
1.071654033660900e+01	1.688656044006300e+01	207
8.515589714050000e+00	1.809654045105000e+01	208
6.180339813232000e+00	1.902112960815400e+01	209
3.747629880905000e+00	1.964575004577600e+01	210
1.255810022354000e+00	1.996052932739300e+01	211
-1.255810022354000e+00	1.996052932739300e+01	212
-3.747629880905000e+00	1.964574050903300e+01	213
-6.180339813232000e+00	1.902112960815400e+01	214
-8.515589714050000e+00	1.809654045105000e+01	215
-1.071654033660900e+01	1.688656044006300e+01	216
-1.274847984314000e+01	1.541026020050000e+01	217
-1.457936954498300e+01	1.369093990325900e+01	218
-1.618033981323200e+01	1.175570011138900e+01	219
-1.752613067627000e+01	9.635069847106999e+00	220
-1.859552955627400e+01	7.362490177155000e+00	221
-1.937166023254400e+01	4.973800182343000e+00	222
-1.984229087829600e+01	2.506659984589000e+00	223
-2.000000000000000e+01	0.000000000000000e+00	224
-1.984229087829600e+01	-2.506669998169000e+00	225
-1.937166023254400e+01	-4.973800182343000e+00	226
-1.859552955627400e+01	-7.362490177155000e+00	227
-1.752613067627000e+01	-9.635080337524000e+00	228
-1.618033981323200e+01	-1.175570964813200e+01	229
-1.457936954498300e+01	-1.369093990325900e+01	230
-1.274847984314000e+01	-1.541026973724400e+01	231
-1.071652984619100e+01	-1.688656044006300e+01	232
-8.515580177306999e+00	-1.809654045105000e+01	233
-6.180339813232000e+00	-1.902112960815400e+01	234
-3.747620105743000e+00	-1.964575004577600e+01	235
-1.255810022354000e+00	-1.996052932739300e+01	236
1.255810022354000e+00	-1.996052932739300e+01	237
3.747629880905000e+00	-1.964574050903300e+01	238
6.180339813232000e+00	-1.902112960815400e+01	239
8.515589714050000e+00	-1.809654045105000e+01	240
1.071654033660900e+01	-1.688656044006300e+01	241
1.274847984314000e+01	-1.541026020050000e+01	242
1.457936954498300e+01	-1.369093990325900e+01	243
1.618033981323200e+01	-1.175570011138900e+01	244
1.752614021301300e+01	-9.635069847106999e+00	245
1.859552955627400e+01	-7.362490177155000e+00	246
1.937166023254400e+01	-4.973790168762000e+00	247
1.984229087829600e+01	-2.506659984589000e+00	248
2.000000000000000e+01	0.000000000000000e+00	249
6.044818993762554e-02	-5.436563941664845e-02	250
6.603089984779467e-01	-6.323354639800789e-02	251
4.256286357919455e-01	6.807819171870236e-02	252
6.899779525433536e-01	5.163712505328692e-02	253
3.792477683612163e-01	-7.825803065293929e-02	254
9.994683944557042e-01	-7.289481944795183e-04	255
9.985556237044677e-01	-1.334338300296188e-03	256
7.739299439938766e-01	-4.931135673730927e-02	257
6.899846762026572e-01	-6.006245970542821e-02	258
-1.567068371696203e-03	6.490702614460501e-03	259
7.469028276185020e-01	-5.305649185531161e-02	260
5.835223135207563e-01	6.230899089883548e-02	261
9.928204579556595e-01	-3.752420230874382e-03	262
9.899427472742430e-01	-4.772218579224162e-03	263
5.991070900128652e-01	6.109269494861433e-02	264
7.188900681299901e-01	-5.665215118976756e-02	265
-1.748736029590563e-03	6.774736642388031e-04	266
9.865826326528815e-01	-5.953330215312707e-03	267
9.827468394359277e-01	-7.300365913676470e-03	268
-1.796777234439104e-03	-7.763700943768034e-03	269
6.452228966571180e-01	-6.471847570591158e-02	270
8.245783931470316e-01	-4.159857006591024e-02	271
7.998498278797793e-01	-4.548521249658243e-02	272
3.485109727146711e-01	6.700122896840056e-02	273
8.479866350073286e-01	-3.771646472083409e-02	274
2.473647239870927e-01	6.222242962402953e-02	275
8.700147244212366e-01	-3.386688745765276e-02	276
1.006718974473308e-02	2.090553314192618e-02	277
8.905571426836639e-01	-3.010766411764956e-02	278
7.680646697052712e-02	-5.893447496628040e-02	279
9.095426220348145e-01	-2.649139721610283e-02	280
-2.157933592300145e-03	-3.803391926106852e-03	281
9.425215715126157e-01	-1.955209915831573e-02	282
9.268917872478923e-01	-2.301082212961609e-02	283
1.742666446201625e-02	-3.391356291030238e-02	284
4.258517041951703e-01	-7.741825888685801e-02	285
8.591822010691790e-01	-3.578195854370837e-02	286
9.563695289197706e-01	-1.596616466051781e-02	287
9.784273101643233e-01	-8.835331796266376e-03	288
9.683572390856441e-01	-1.228232133231939e-02	289
1.583235009544108e-01	-7.179383605636751e-02	290
9.002513691533188e-01	-2.828003191869069e-02	291
7.605496777301806e-01	-5.119847102317784e-02	292
9.971377522949122e-01	-2.092644564259701e-03	293
5.991581010063528e-01	-6.872761412441306e-02	294
4.415507107734556e-01	-7.700060797332239e-02	295
5.364190550886264e-01	-7.296502609175452e-02	296
4.731173210495244e-01	-7.595295196745379e-02	297
5.047758503263327e-01	-7.461186650599404e-02	298
4.889343360798513e-01	-7.531906025064727e-02	299
1.249206821915096e-01	-6.792252707729289e-02	300
2.737037932806884e-02	-4.046695338617404e-02	301
3.946880654046784e-01	-7.804663509771186e-02	302
4.584657680741907e-02	-4.923923832288162e-02	303
4.102240625072946e-01	-7.776769588168141e-02	304
3.188623740442589e-01	-7.844531170984123e-02	305
3.487490252878767e-01	-7.848734961662453e-02	306
3.306571942108774e-02	-4.352094574312339e-02	307
2.896664726108789e-01	-7.813681241115705e-02	308
9.349264177680039e-01	-2.128809529931885e-02	309
1.468377340254730e-01	-7.061748317057845e-02	310
1.947650546838869e-01	-7.466224138871616e-02	311
8.562016923062679e-02	-6.100637149101817e-02	312
1.044880265301026e-01	-6.473846923785273e-02	313
5.679248542946007e-01	-7.101213110861342e-02	314
1.701499496548938e-01	-7.285911587082952e-02	315
6.146388154588442e-01	-6.746507013503572e-02	316
8.804800987869758e-01	-3.197332555874980e-02	317
2.216832249129220e-02	-3.726325967421404e-02	318
9.952246350313191e-01	-2.879409225868922e-03	319
6.184424515563235e-03	-2.320516067263684e-02	320
1.813491472415360e-02	2.584874147870591e-02	321
9.184253030764141e-01	-2.473851184614395e-02	322
9.496769195617604e-01	-1.778059549748402e-02	323
9.736318192844516e-01	-1.050277412221547e-02	324
-2.271676221863358e-04	9.617195073638002e-03	325
8.364499395103523e-01	-3.965483725908352e-02	326
2.474829627318487e-01	-7.714637686136562e-02	327
5.522003533010884e-01	-7.203191863449229e-02	328
7.330099075809238e-01	-5.487389221675205e-02	329
7.870303034618086e-01	-4.740669486883266e-02	330
1.145107771378611e-01	-6.640265187974645e-02	331
2.205776111039464e-01	-7.607664044277491e-02	332
5.835875247804936e-01	-6.991020722979389e-02	333
6.752265877633314e-01	-6.168049601415834e-02	334
5.291329536354578e-02	-5.188321185323827e-02	335
3.426754015718454e-03	-1.943381111529030e-02	336
1.319041793045512e-02	-3.047023955365972e-02	337
3.639368661677317e-01	-7.840672853944142e-02	338
1.823099515194116e-01	-7.381296771495385e-02	339
9.999383006275129e-01	-3.817552071611562e-04	340
2.338913949768862e-01	-7.665271771790942e-02	341
9.485233509908401e-02	-6.294136172319248e-02	342
3.041671828209289e-01	-7.832939747468730e-02	343
2.613185640726262e-01	-7.754571024716925e-02	344
4.573103303126383e-01	-7.651477926812728e-02	345
7.045318222087366e-01	-5.838633854581644e-02	346
-2.122663249407190e-03	3.183040327845371e-03	347
-5.750558046953875e-04	-1.168107975070001e-02	348
5.363027042509020e-01	6.525144960932437e-02	349
-1.730613569476536e-03	-9.891541292282027e-04	350
2.811791179339857e-02	3.038449122914490e-02	351
5.362886530311200e-02	3.832622599718971e-02	352
3.997370739891940e-02	3.451690406476392e-02	353
1.149411930488017e-01	4.952578572483694e-02	354
4.099933063589470e-01	6.805106598072318e-02	355
9.970959835480485e-01	2.021923404905054e-03	356
5.204713537181801e-01	6.599833717552014e-02	357
4.729299348983372e-01	6.753924475816635e-02	358
9.731563984340517e-01	7.039283649890140e-03	359
9.620051258885038e-01	8.484011046303390e-03	360
8.901418427629451e-01	2.030586035675835e-02	361
4.887626072010690e-01	6.713996620886702e-02	362
4.413374569177899e-01	6.800459121570497e-02	363
3.790086680263144e-01	6.770250794694282e-02	364
9.263310287156385e-01	1.404517646125052e-02	365
9.090543689343196e-01	1.704347795528726e-02	366
7.742505463218353e-02	4.347792900897301e-02	367
9.780363208445679e-01	6.367219296124638e-03	368
9.557431143999597e-01	9.334894557350022e-03	369
9.419033375778887e-01	1.142833564682419e-02	370
9.538377859777805e-02	4.661199636102527e-02	371
6.113497488073685e-02	4.009936069707862e-02	372
2.894698229335548e-01	6.465293550217192e-02	373
2.611693936462601e-01	6.308398031699276e-02	374
1.703064860091748e-01	5.596244058163474e-02	375
3.186372077468360e-01	6.597024578742364e-02	376
4.571089626607732e-01	6.782811848410307e-02	377
3.944519961045234e-01	6.792392970547634e-02	378
1.471043818616941e-01	5.351036077562421e-02	379
1.252971318755453e-01	5.089213133123062e-02	380
6.299620827867334e-01	5.833068085991576e-02	381
1.948171076323518e-01	5.822895897022329e-02	382
2.205364223044268e-01	6.031704719507988e-02	383
6.602979899268514e-01	5.516343936347158e-02	384
5.678439883503694e-01	6.341035413990220e-02	385
7.468631354623945e-01	4.380849743246915e-02	386
7.188741198697904e-01	4.782194526884677e-02	387
7.997147458649174e-01	3.553132026179470e-02	388
7.738503158564112e-01	3.967300243720946e-02	389
8.477163996518305e-01	2.752526333898921e-02	390
8.243782572811219e-01	3.144845208052507e-02	391
8.997996734992814e-01	1.864529598073671e-02	392
8.696720255667411e-01	2.380130602015957e-02	393
9.490451873501597e-01	1.031287811130275e-02	394
9.179005128452428e-01	1.550591724233032e-02	395
9.678100466378546e-01	7.731545517693177e-03	396
8.588759031287896e-01	2.563334350355980e-02	397
8.801008985597498e-01	2.202570512579455e-02	398
8.122048563026006e-01	3.347763434225638e-02	399
8.362152484041812e-01	2.946337813432767e-02	400
7.604921595465904e-01	4.174890205380118e-02	401
7.869245697967986e-01	3.759838653866784e-02	402
7.045221809744422e-01	4.976277867369066e-02	403
7.329839536567345e-01	4.583417031596478e-02	404
6.452052202238737e-01	5.679685738482684e-02	405
6.752192792108999e-01	5.344135190250020e-02	406
5.521023854854652e-01	6.439332487507868e-02	407
6.146007544535961e-01	5.976391486397509e-02	408
2.075357464715158e-01	5.929574217887751e-02	409
2.338093808124755e-01	6.129346886939455e-02	410
1.585347966361969e-01	5.475785690844791e-02	411
1.824130599548987e-01	5.711926952909822e-02	412
4.658160254302313e-02	3.645989005212102e-02	413
1.360288063399822e-01	5.222543906424720e-02	414
1.386567950567638e-02	2.344542045485859e-02	415
3.381568256734429e-02	3.248632939160075e-02	416
2.075321162794040e-01	-7.541540240365455e-02	417
3.939960044953570e-03	1.550969086230716e-02	418
9.626041827531233e-01	-1.412063473320233e-02	419
8.123716682035793e-01	-4.354714777986666e-02	420
3.337166402093582e-01	-7.849623851582128e-02	421
5.206067396180688e-01	-7.382667623063517e-02	422
1.613674515180202e-03	1.263037688848769e-02	423
2.290101186594425e-02	2.817192686752261e-02	424
6.761378621874479e-03	1.826844031101607e-02	425
8.619728324664684e-02	4.507299469772791e-02	426
6.906675868909620e-02	4.182079422302172e-02	427
2.752119781856169e-01	6.389630557970225e-02	428
1.049702404571018e-01	4.809467196163721e-02	429
9.824449898851700e-01	5.664227957791310e-03	430
9.863618009336707e-01	4.945615119346224e-03	431
3.039539288987231e-01	6.534930724938733e-02	432
9.897903771400348e-01	4.198456312579168e-03	433
9.927191329464835e-01	3.448235710008792e-03	434
3.334833497123557e-01	6.652038888882847e-02	435
3.636971041655949e-01	6.739574237180052e-02	436
9.343333358226499e-01	1.267742726375126e-02	437
9.999287406200857e-01	3.830230951497354e-04	438
9.985302393823818e-01	1.305508319814185e-03	439
9.994526546845339e-01	7.208738305347593e-04	440
6.299889869087343e-01	-6.612816442919825e-02	441
3.922690035435567e-02	-4.645295114459137e-02	442
9.951589008748624e-01	2.728203403315424e-03	443
5.046217057602230e-01	6.662828947620179e-02	444
1.175624241385312e-03	-1.559051969288788e-02	445
9.436790206821736e-03	-2.687986915528135e-02	446
6.841132918921444e-02	-5.672079185481874e-02	447
1.357069521866454e-01	-6.933159658041671e-02	448
2.753872484853399e-01	-7.787575749296624e-02	449
7.144198346532192e-02	5.125679512535980e-02	450
-3.797828296754620e-03	9.143324393229162e-03	451
-4.860900569020101e-03	5.192761060831380e-03	452
2.822299630416079e-01	-9.267864215519694e-02	453
6.990214283385128e-01	-7.399399752587221e-02	454
9.159158423912146e-01	-3.451554549156451e-02	455
4.550816677656918e-03	-2.792982154264236e-02	456
5.768609183639611e-01	7.858325709141786e-02	457
6.843156832117117e-01	-7.583114254349413e-02	458
7.824510994456531e-01	-6.167032987002197e-02	459
9.893316903029898e-01	-8.840352953275650e-03	460
3.262806497129431e-01	-9.373789045136588e-02	461
8.556070270162103e-01	-4.811382217648087e-02	462
8.325408168257358e-01	-5.268814916836007e-02	463
8.799614775094404e-02	-7.116603064315496e-02	464
-4.333246357436535e-03	-1.086435372430283e-02	465
2.132306019017412e-01	-8.913469983654330e-02	466
1.208340994122432e-02	-3.604071307841478e-02	467
9.611163199240081e-01	-2.112467124721969e-02	468
1.511301520501572e-01	-8.287991197823187e-02	469
7.135236100537848e-01	-7.207871254350773e-02	470
6.543641129219935e-01	-7.927989628941887e-02	471
4.501038011638799e-01	-9.285489416426544e-02	472
7.885027020718156e-02	-6.869631806338347e-02	473
3.873124509399302e-01	-9.397603546088594e-02	474
8.973805709326640e-01	-3.898830915148498e-02	475
7.954280826199237e-01	-5.947097943651814e-02	476
5.701662229383873e-03	2.268338457129410e-02	477
1.801785489983529e-02	3.166059132037645e-02	478
6.693814830201382e-01	6.931010879880509e-02	479
8.436854101127764e-01	4.030726498573918e-02	480
1.084874192712249e-01	5.916554613972679e-02	481
6.842786686612651e-01	6.737777391851262e-02	482
1.633317067393282e-01	6.751746367542512e-02	483
8.764773012883330e-01	3.367585296467002e-02	484
9.889241084450915e-01	7.972960260730676e-03	485
3.408359400412143e-01	8.203807469634446e-02	486
5.133633241066473e-01	8.221701111314587e-02	487
9.534886148004599e-01	1.696732052797724e-02	488
8.866608246231550e-01	3.155293325000942e-02	489
9.920429605896539e-01	6.683784817451404e-03	490
9.599265759956830e-01	1.555374886527429e-02	491
9.811746826032633e-01	1.047396219007544e-02	492
2.398994239278117e-01	7.567454254360104e-02	493
3.258264662245431e-01	8.136869702081367e-02	494
2.264205030804745e-01	7.446140761469809e-02	495
9.862761953947709e-02	5.729542199983999e-02	496
6.694216327219479e-01	-7.759641548020561e-02	497
2.002067408859081e-01	-8.811735446559600e-02	498
9.319609641271775e-03	2.577635644622078e-02	499
1.403401802423564e-01	6.432138610230151e-02	500
4.802363317831776e-02	4.461290848205608e-02	501
9.714659888855397e-01	1.294988432087747e-02	502
9.946671678867702e-01	5.487488677019968e-03	503
8.964511540935420e-01	2.948162503289352e-02	504
1.629156328737128e-01	-8.438031125968627e-02	505
1.000202621826822e+00	2.377827248049717e-04	506
9.984656594173492e-01	2.974098453280229e-03	507
9.968148186686798e-01	4.256512843973380e-03	508
2.588306572805285e-03	1.946256240183877e-02	509
-2.163478474415336e-03	1.269240788083654e-02	510
1.560911239719154e-03	-2.374187711345985e-02	511
-4.226503973156661e-03	-2.106729817727317e-03	512
-3.325182338124830e-03	-2.337845959538720e-04	513
1.660801215673324e-02	-3.990110359842907e-02	514
1.000209266792494e+00	-2.294678508434486e-04	515
6.183552311353229e-02	-6.330489753909219e-02	516
9.985512988915007e-01	-3.042848012144169e-03	517
9.948715145503488e-01	-5.782426138716839e-03	518
4.180884960881036e-01	8.385498553105267e-02	519
5.454252675498509e-01	-8.852677988869799e-02	520
9.858271182355002e-01	-1.056169056912176e-02	521
8.772572039427452e-01	-4.353496529487064e-02	522
5.925762549557648e-01	7.733740099774143e-02	523
9.923334284285827e-01	-7.204124103494944e-03	524
-5.103181386113594e-03	-6.223153418192275e-03	525
4.342952160147590e-01	-9.326301118893968e-02	526
4.024132386432775e-01	8.370750985342665e-02	527
8.442410743523785e-01	-5.041091856725335e-02	528
2.818699256341669e-01	7.884632564581025e-02	529
8.666145730157816e-01	-4.581673128874219e-02	530
8.875159545115248e-01	-4.125350436088105e-02	531
7.012785273972735e-02	-6.607629493596101e-02	532
9.068544465241291e-01	-3.674575704446949e-02	533
9.245604466825449e-01	-3.230082692104293e-02	534
9.478611972199997e-01	-2.564120695667692e-02	535
2.715054512550801e-02	-4.732970646214778e-02	536
9.547240027626285e-01	-2.339094881856119e-02	537
9.670335930896519e-01	-1.886669282303944e-02	538
9.818714389666326e-01	-1.248025812986195e-02	539
1.286083098238806e-01	-7.951583346042473e-02	540
7.556489693614225e-01	-6.598259787565312e-02	541
7.691919671351322e-01	-6.384118563381395e-02	542
9.969521004697862e-01	-4.409650115458529e-03	543
4.659730222992727e-01	-9.235735441702511e-02	544
4.818595385621033e-01	-9.176553841476423e-02	545
4.977594285172028e-01	-9.109102713045586e-02	546
2.161980328754122e-02	-4.369776523603450e-02	547
4.028873586667532e-01	-9.382929301291081e-02	548
4.185519712990302e-01	-9.359132562408265e-02	549
3.413049770720966e-01	-9.392709821483278e-02	550
3.962376591653168e-02	-5.416427709035049e-02	551
9.327756657845331e-01	-3.008793922334738e-02	552
9.405407205739102e-01	-2.786840926269146e-02	553
1.396988950609425e-01	-8.126119553716461e-02	554
9.756065666456445e-02	-7.349159741782536e-02	555
5.612588975105430e-01	-8.750550086652070e-02	556
6.083068527250138e-01	-8.380182475770860e-02	557
9.724573842125438e-01	-1.664947980674713e-02	558
9.773963600240207e-01	-1.451760947505284e-02	559
7.278043984377555e-01	-7.009789857966472e-02	560
7.418422260054852e-01	-6.806967572509776e-02	561
1.075196065956191e-01	-7.566422972751330e-02	562
1.178862644638121e-01	-7.766706027687623e-02	563
5.770249359787953e-01	-8.636902413914541e-02	564
5.927115238630778e-01	-8.513299964618361e-02	565
4.655077869116798e-02	-5.738654780619526e-02	566
5.398085426974297e-02	-6.043814854430702e-02	567
8.064546997729757e-03	-3.201423360589950e-02	568
3.565114718649997e-01	-9.403449711300355e-02	569
3.718515054062845e-01	-9.404483249365912e-02	570
1.750438730441153e-01	-8.575046571444231e-02	571
1.874765397670677e-01	-8.699347735137836e-02	572
2.265161311021117e-01	-9.005047046179593e-02	573
2.400766266836506e-01	-9.086600440256593e-02	574
2.967139023922770e-01	-9.312545017222601e-02	575
3.114175316736620e-01	-9.347842915157710e-02	576
2.539137267332706e-01	-9.156665730542185e-02	577
-4.232985724121953e-03	1.514581863847789e-03	578
-9.203321070445420e-04	-1.949052731978645e-02	579
4.111772105457344e-02	4.220232167911563e-02	580
9.852838558157668e-01	9.201642909950677e-03	581
5.292935786288219e-01	8.149815077940624e-02	582
4.974157802968798e-01	8.280430701798586e-02	583
4.814835561074485e-01	8.325939415184108e-02	584
4.655689126854571e-01	8.359465774948667e-02	585
9.765452675104769e-01	1.171416382291304e-02	586
9.659258637607347e-01	1.422368977508443e-02	587
9.234243580846279e-01	2.362190674314679e-02	588
4.496755725132385e-01	8.380030254524432e-02	589
4.338472108957817e-01	8.388331020800122e-02	590
3.868326703155776e-01	8.344302407836596e-02	591
9.148438087875591e-01	2.551028705508017e-02	592
9.466149169487234e-01	1.847666746875860e-02	593
6.321129880550685e-02	4.909614456630617e-02	594
5.541076713180111e-02	4.691164088009894e-02	595
2.536651163085355e-01	7.680677112773551e-02	596
2.676536398206600e-01	7.785021546068192e-02	597
1.516590076486230e-01	6.594301585564966e-02	598
1.293608285617089e-01	6.264682592886028e-02	599
1.187475534662683e-01	6.094476379954262e-02	600
7.951466291919800e-01	4.958886137268474e-02	601
7.417470544419578e-01	5.885676470368340e-02	602
7.277346664179296e-01	6.107933275198737e-02	603
7.822288031586273e-01	5.192599238548391e-02	604
8.320571945606942e-01	4.258392638900721e-02	605
9.058519399926769e-01	2.746893332752100e-02	606
8.659103144617384e-01	3.583612010915258e-02	607
8.549775285770560e-01	3.805117025436314e-02	608
8.200865800961309e-01	4.490359051673611e-02	609
8.077732185486011e-01	4.724711426059634e-02	610
7.690210033168622e-01	5.425865587643316e-02	611
7.555203508214945e-01	5.657954800970341e-02	612
7.134719529782712e-01	6.325455819032018e-02	613
6.989806919684740e-01	6.535982884481061e-02	614
6.543144099732119e-01	7.114241001929478e-02	615
6.390733853452226e-01	7.286331096326573e-02	616
5.610631817855559e-01	7.969632762819304e-02	617
5.451942890855871e-01	8.065834398077214e-02	618
6.237015103623660e-01	7.446996525510624e-02	619
6.081980057654384e-01	7.596456262213068e-02	620
2.132252522423060e-01	7.318822962385634e-02	621
2.002992554972624e-01	7.185882927405352e-02	622
1.876727469030434e-01	7.047496089161269e-02	623
1.753483906389989e-01	6.902894080767739e-02	624
1.342748953842906e-02	2.879613831102803e-02	625
3.464776305339028e-02	3.969979381967970e-02	626
2.863942061979919e-02	3.714935516694869e-02	627
8.081191622757146e-01	-5.723786795127610e-02	628
8.205002955184793e-01	-5.496949877785906e-02	629
5.136705419973088e-01	-9.032324212831372e-02	630
5.295623471549611e-01	-8.946487791327074e-02	631
-3.375259604089712e-05	1.613605274973984e-02	632
2.308260985425433e-02	3.447404640644945e-02	633
8.915462993170428e-02	5.535123463400666e-02	634
8.009148453561676e-02	5.334082027629318e-02	635
3.109854589358403e-01	8.062128863833785e-02	636
2.963128730405933e-01	7.977764372541461e-02	637
3.713706349967919e-01	8.307830322839523e-02	638
3.560339072954422e-01	8.261484551763873e-02	639
9.393120336231930e-01	2.008798814233304e-02	640
9.315852455835324e-01	2.180976624656252e-02	641
6.237866170895036e-01	-8.237953649892592e-02	642
6.391384829584185e-01	-8.087385961154736e-02	643
3.314995932266467e-02	-5.079348995516920e-02	644
-2.887968433394904e-03	-1.518398754657047e-02	645
2.679627924838262e-01	-9.215515982177000e-02	646
-8.183174070024868e-03	-9.288678553244742e-03	647
3.954112778223000e-01	-1.115899165200725e-01	648
2.889394019031920e-01	-1.093427371879679e-01	649
7.914697954115363e-01	-7.522208963887476e-02	650
5.387407821859319e-01	-1.068922218056733e-01	651
9.228313042258117e-01	-4.294386910787126e-02	652
9.918994121631505e-01	1.054381789519603e-02	653
9.885408134528352e-01	1.244939993975535e-02	654
9.646302568556194e-01	2.179190157769487e-02	655
-2.002967960125500e-03	2.015959207184805e-02	656
9.946217086053513e-01	8.761514208357348e-03	657
9.994544619414724e-01	1.750410095455804e-03	658
1.000192024276981e+00	5.492664334438798e-04	659
9.989113332093436e-01	-5.113386323561774e-03	660
1.000465296919430e+00	8.475732961121399e-06	661
1.528135180761737e-02	-4.664503489348927e-02	662
-7.414585020124945e-03	2.759636082536078e-03	663
8.990789045305378e-02	-8.272593873192877e-02	664
9.312266888946183e-01	-4.019818793048630e-02	665
9.924531281014523e-01	-1.123787854412916e-02	666
5.703019998633347e-01	9.675410205932862e-02	667
9.995037028938375e-01	-1.770659818432876e-03	668
-6.682947717059987e-04	-2.852525766792000e-02	669
7.085060017486988e-01	-8.939438954485082e-02	670
-5.505333471160168e-03	-1.908919658333862e-02	671
7.229642077686194e-01	-8.719731332773573e-02	672
1.057558604763349e-02	-4.226064724164404e-02	673
8.745902566577899e-01	-5.663132434190559e-02	674
2.572370704967000e-03	-3.317359183606369e-02	675
3.336303332389219e-01	-1.109211540351599e-01	676
8.637720120336941e-01	-5.934541607734186e-02	677
6.938211578978836e-01	-9.149905141053058e-02	678
9.950288654927417e-01	-9.183755961569092e-03	679
6.241677717071716e-03	-3.777872363549668e-02	680
9.804394693884929e-01	1.617297959126961e-02	681
5.223197574479655e-01	9.959847892385541e-02	682
9.518323306734923e-01	2.574558354222738e-02	683
6.637926134693936e-01	8.707829355792071e-02	684
9.969501586223233e-01	6.942771978738787e-03	685
5.062638561913264e-01	1.002732039462114e-01	686
2.739688186881318e-01	9.442181121154816e-02	687
3.329446851215825e-01	9.862548356500543e-02	688
1.558594789708856e-01	7.998743382395826e-02	689
6.479469363756710e-02	5.933045074807023e-02	690
1.000029538351078e+00	1.041140709381701e-03	691
-7.130853097288574e-03	-1.434347351067681e-02	692
-6.253023429856194e-03	1.224650261828886e-02	693
1.257747457254709e-02	3.485863839090050e-02	694
-7.630732510384050e-03	7.875121687797687e-03	695
9.663038027036839e-01	-2.640510272794547e-02	696
8.041863761274663e-02	-7.979584377573631e-02	697
-5.567215170682879e-03	-3.315749684147745e-04	698
1.550727800374765e-01	-9.678434184606009e-02	699
4.587988552979410e-01	-1.105686601594979e-01	700
2.059623147587524e-02	-5.098923184518774e-02	701
4.292567052978892e-03	2.768681238110777e-02	702
8.401654171511792e-01	5.471886513006611e-02	703
7.910319149539297e-01	6.538366478593940e-02	704
6.788562441022195e-01	8.500902727708544e-02	705
9.847820910988253e-01	1.427149213634435e-02	706
9.584515819017814e-01	2.373760607134994e-02	707
8.936780940791567e-01	4.178521229453708e-02	708
8.837380377413901e-01	4.430921055167685e-02	709
3.179264014766389e-01	9.773547167370158e-02	710
2.883845578124679e-01	9.562394433884859e-02	711
2.320716921294106e-01	9.038295613970983e-02	712
1.014274470446924e-01	6.943327849678205e-02	713
6.638940791678907e-01	-9.543137754354136e-02	714
6.789497663761125e-01	-9.351082078254674e-02	715
2.053860265193048e-01	-1.033368237579391e-01	716
8.122583074074926e-03	3.135059843864403e-02	717
1.442790728239562e-01	7.798947468449452e-02	718
9.756242597967351e-01	1.802712477163010e-02	719
9.987298365660615e-01	5.007006484044989e-03	720
8.778072952074444e-04	2.396874820624361e-02	721
-4.380815339179865e-03	1.624650968495356e-02	722
-3.350297407358250e-03	-2.383101837530982e-02	723
-7.484700013770293e-03	-3.603325935994366e-03	724
2.647494953830904e-02	-5.504572455460213e-02	725
1.000208049743390e+00	-5.412555951103853e-04	726
1.000060165545438e+00	-1.039820200972237e-03	727
9.718916167527717e-01	-2.367255561891175e-02	728
9.892810913316107e-01	-1.354445498006659e-02	729
5.861711741953078e-01	9.548597008261814e-02	730
4.428487631551091e-01	-1.109805569443118e-01	731
4.104351801669466e-01	1.013486481996302e-01	732
8.410226142742491e-01	-6.474704766978646e-02	733
8.525788254477479e-01	-6.206037542612785e-02	734
8.850521547461259e-01	-5.390291026884833e-02	735
8.951057788199166e-01	-5.116221927165050e-02	736
6.272728584726514e-02	-7.345446238478408e-02	737
7.135457319743770e-02	-7.670667465748453e-02	738
9.047549362475009e-01	-4.842655297936455e-02	739
9.140097000363343e-01	-4.568555569987111e-02	740
9.536729046340527e-01	-3.193323054183040e-02	741
9.602302337737096e-01	-2.916421983729830e-02	742
9.857174610815993e-01	-1.587053994724729e-02	743
7.648848523844398e-01	-8.018924771977802e-02	744
7.783193018197564e-01	-7.772558094878941e-02	745
9.972313398917627e-01	-7.171433185871855e-03	746
4.747893164880301e-01	-1.100429678780096e-01	747
4.907761418900766e-01	-1.094117674808324e-01	748
4.111513895599810e-01	-1.114986615831097e-01	749
4.269707256661555e-01	-1.112914763237702e-01	750
3.272056530093346e-02	-5.903069756789153e-02	751
9.391712116618558e-01	-3.744310933212260e-02	752
9.466450113568914e-01	-3.469218803693673e-02	753
1.319139788368447e-01	-9.266130589041791e-02	754
1.433203453327383e-01	-9.478953590768599e-02	755
5.546773923048099e-01	-1.058978980948194e-01	756
5.705987591773768e-01	-1.047444813732628e-01	757
9.769729582175811e-01	-2.100765054855527e-02	758
9.815874916320873e-01	-1.841381148920485e-02	759
7.371723969701001e-01	-8.493265947553186e-02	760
7.511522344061980e-01	-8.260053458850562e-02	761
9.981889010223399e-02	-8.549573509516534e-02	762
1.101618649815196e-01	-8.809233115122451e-02	763
1.208901629888011e-01	-9.040468716228459e-02	764
5.864261922128037e-01	-1.034649875735064e-01	765
6.021627661799521e-01	-1.020679891876419e-01	766
3.948447844327201e-02	-6.291744847318591e-02	767
4.678390078268238e-02	-6.665842891678632e-02	768
5.459727369326162e-02	-7.009458997782381e-02	769
3.488629301109301e-01	-1.112522039687877e-01	770
3.642700090201133e-01	-1.114705591486852e-01	771
3.797839855770110e-01	-1.115768359480538e-01	772
1.671921552389174e-01	-9.864142318837470e-02	773
1.796318791436026e-01	-1.003472356805754e-01	774
1.923669266356668e-01	-1.019079004159952e-01	775
2.186766800030842e-01	-1.046474530733640e-01	776
2.322369540060160e-01	-1.058400581993353e-01	777
3.036670605210509e-01	-1.099813239400077e-01	778
3.185821542663929e-01	-1.105015309971163e-01	779
2.460922849455922e-01	-1.069089445403599e-01	780
4.172795881252742e-02	5.097788910589161e-02	781
4.902061402686939e-01	1.008002346932645e-01	782
4.741770894788955e-01	1.011865955431969e-01	783
9.703640587982229e-01	1.989030231859141e-02	784
4.581510443435030e-01	1.014347208346574e-01	785
4.421714518055038e-01	1.015375566247753e-01	786
4.262703369109199e-01	1.015092362119197e-01	787
3.946875283917998e-01	1.010473325950208e-01	788
9.211023742508083e-01	3.451708392067819e-02	789
5.673569505930055e-02	5.662716295206231e-02	790
4.899277587581703e-02	5.392544218873981e-02	791
2.597988007415553e-01	9.315291318559656e-02	792
2.458048453366498e-01	9.184952041704132e-02	793
1.330427484397156e-01	7.593186673338728e-02	794
1.221823337044253e-01	7.382121694085061e-02	795
1.116183848363572e-01	7.173112016556177e-02	796
7.370032030520673e-01	7.573355830263322e-02	797
9.123701429819682e-01	3.688648399228388e-02	798
9.032178140886006e-01	3.931295384478242e-02	799
8.733919123578333e-01	4.686543780175685e-02	800
8.626883483221587e-01	4.945001433941402e-02	801
8.516095728918656e-01	5.207738839328514e-02	802
8.284033962577825e-01	5.737125013493390e-02	803
8.162782281885024e-01	6.005214721555335e-02	804
8.038031601755140e-01	6.272970730944995e-02	805
7.779712326415000e-01	6.801942739568197e-02	806
7.646108124816391e-01	7.064025027157803e-02	807
7.509375260969402e-01	7.322263164978077e-02	808
7.228303352137878e-01	7.817773594515424e-02	809
7.083965671929557e-01	8.055428539415507e-02	810
6.937254128583493e-01	8.283343423967449e-02	811
6.485431049238888e-01	8.902267226696503e-02	812
5.543326409014019e-01	9.786353373209855e-02	813
5.383402246854023e-01	9.877953246655782e-02	814
6.331429237540752e-01	9.083512324000852e-02	815
6.176122276128503e-01	9.251991102935715e-02	816
6.019468872485494e-01	9.407334078821415e-02	817
2.186477786111191e-01	8.883386683532739e-02	818
2.055060053217641e-01	8.721302947372918e-02	819
1.926453657068422e-01	8.552599531139321e-02	820
1.800757329322060e-01	8.376424573363253e-02	821
1.678061547766862e-01	8.191860028644173e-02	822
3.496585642457063e-02	4.793026209545767e-02	823
2.869518382427551e-02	4.481903521638424e-02	824
8.043418855846686e-01	-7.266873076221850e-02	825
8.169206423654589e-01	-7.005744311471511e-02	826
8.291525974534341e-01	-6.740592392226974e-02	827
5.067828678128973e-01	-1.086766447573677e-01	828
5.227803673047613e-01	-1.078337944895885e-01	829
2.278426737656208e-02	4.168944985698201e-02	830
1.739219001425443e-02	3.829909661292745e-02	831
9.165358346553394e-02	6.703814625266039e-02	832
8.228703054776737e-02	6.455666659252743e-02	833
7.333090728946411e-02	6.198924635807859e-02	834
3.030541464751435e-01	9.673791850818926e-02	835
3.790604188573639e-01	1.006213848685724e-01	836
3.635525518388242e-01	1.000841264340849e-01	837
3.481574581307261e-01	9.941755435028739e-02	838
9.447838182615600e-01	2.781945545805758e-02	839
9.373244850048541e-01	2.997181204907928e-02	840
9.294261490048409e-01	3.221097703421359e-02	841
6.177911013682669e-01	-1.005616247765935e-01	842
6.332887282022095e-01	-9.895400113139734e-02	843
6.486627799681729e-01	-9.724666658855491e-02	844
2.601911303742137e-01	-1.077835442989698e-01	845
2.744499837842713e-01	-1.086049995810342e-01	846
-1.153108473794129e-02	-1.277592488098062e-02	847
9.121653589436338e-02	-9.583114718758722e-02	848
9.993069035188566e-01	7.308688540317419e-03	849
9.849382683771687e-01	2.012892331947475e-02	850
5.481621884241257e-01	-1.263492315987930e-01	851
-1.119222531518753e-02	4.967333856065882e-03	852
9.995829314466469e-01	-3.934353743517276e-03	853
9.304484062175195e-01	-5.171091409613119e-02	854
9.385770295527514e-01	-4.835859247538436e-02	855
2.509933266399550e-02	-6.369910789504665e-02	856
9.951733940102053e-01	1.246958528345498e-02	857
4.991377630110105e-01	1.203732944591891e-01	858
-1.031272683292129e-02	-1.820547986615853e-02	859
6.442526442409549e-03	3.769579530803963e-02	860
-3.352341875231939e-03	-3.386600709506394e-02	861
9.640891640332355e-01	3.045426037285742e-02	862
9.975067852582015e-01	1.000132941475857e-02	863
-9.071715874669583e-03	1.580688379384498e-02	864
6.584783825349501e-01	1.069647082444105e-01	865
-7.012315879079116e-03	2.030748911223969e-02	866
1.000494814128957e+00	3.668443560976038e-04	867
1.000506185528130e+00	-3.489755767884150e-04	868
8.011599074337763e-01	-9.003128587169384e-02	869
1.585720763022853e-01	-1.125069012617541e-01	870
1.333622552689173e-02	-5.421672334868367e-02	871
4.035558601742492e-01	-1.313126912725688e-01	872
8.136432313333261e-02	-9.236847715954409e-02	873
4.515451603058872e-01	-1.307802575771293e-01	874
2.954833370090382e-01	-1.280710299046345e-01	875
9.888524974390683e-01	1.758382560376371e-02	876
5.638186443439960e-01	1.170413750226487e-01	877
9.577316415431022e-01	3.307124366410728e-02	878
9.509305062056141e-01	3.572375614531364e-02	879
7.875053429792721e-01	8.311125113048004e-02	880
1.477279997470651e-01	9.338916893266366e-02	881
2.656577919988070e-01	1.114886902995022e-01	882
9.931799663145608e-01	-1.579463479944272e-02	883
5.737251773399907e-02	6.761429858838755e-02	884
8.726403275008680e-01	-7.141924676121172e-02	885
9.994458288579073e-01	3.879613049963641e-03	886
9.923081876167388e-01	1.498685796693232e-02	887
9.996166731704825e-01	-7.433470584065336e-03	888
9.773043297141115e-01	-2.832226003650758e-02	889
8.395847281156507e-03	-4.916232679520742e-02	890
7.038935991664836e-01	-1.088138062643262e-01	891
-6.243001159432699e-03	-2.865063088695421e-02	892
7.185685747470826e-01	-1.063993794415687e-01	893
7.329876965574684e-01	-1.038619714103185e-01	894
3.941218039283876e-03	-4.425875116935374e-02	895
9.958295082099256e-01	-1.296893480590534e-02	896
-1.151963896748134e-05	-3.895280136320494e-02	897
8.372988861805557e-01	7.093407066265343e-02	898
5.153544061038935e-01	1.197518479002595e-01	899
3.096464030410238e-01	1.157431633437400e-01	900
-1.064360232637630e-02	1.103153979791942e-02	901
2.281659571648225e-03	3.332152099203409e-02	902
6.737704243818321e-01	1.047724159394920e-01	903
8.916335757691423e-01	5.568288368550425e-02	904
3.247303162153271e-01	1.169095936854593e-01	905
2.947206599704208e-01	1.144350314006934e-01	906
2.800513505911839e-01	1.130052433176316e-01	907
6.739448982817309e-01	-1.133206762538089e-01	908
6.890039395972997e-01	-1.111331356052450e-01	909
9.804060790755249e-01	2.274706266255073e-02	910
-1.283720897039991e-03	2.910285494444923e-02	911
-4.425005504483778e-03	2.474143828311381e-02	912
-8.552955678967807e-03	-2.342334987981901e-02	913
-1.149417783185990e-02	-6.106384703127061e-03	914
1.905014805526515e-02	-5.922208947946330e-02	915
9.720766859529587e-01	-3.161364175605042e-02	916
9.899705717217604e-01	-1.880622858058089e-02	917
5.798935439216887e-01	1.157604876800860e-01	918
8.502200274915624e-01	-7.778787555671089e-02	919
8.616306910179465e-01	-7.461324764472607e-02	920
8.832958846554192e-01	-6.820449673970090e-02	921
8.935739264635685e-01	-6.494287811258719e-02	922
6.297683363726043e-02	-8.492834188995166e-02	923
7.195064798012887e-02	-8.873703816151363e-02	924
9.034159066844820e-01	-6.166315998833041e-02	925
9.128571886345738e-01	-5.836572910230538e-02	926
9.218758509875213e-01	-5.504428618136963e-02	927
9.601089936664478e-01	-3.830330252261978e-02	928
9.663378872875542e-01	-3.494981502426348e-02	929
7.747470054746243e-01	-9.576942256637208e-02	930
7.880857371565688e-01	-9.294652224469761e-02	931
9.979757066465936e-01	-1.028223997904392e-02	932
4.676688943900177e-01	-1.303479278224670e-01	933
4.837964199316214e-01	-1.297773757434407e-01	934
4.194990114835312e-01	-1.312664096753274e-01	935
4.354917323208777e-01	-1.310824791139531e-01	936
9.462175177196739e-01	-4.500669729155395e-02	937
9.533898781445999e-01	-4.166143607509992e-02	938
1.347122048638778e-01	-1.075261384004082e-01	939
1.464548000893769e-01	-1.100901691911363e-01	940
5.642697097695795e-01	-1.252520080852536e-01	941
9.820351618254556e-01	-2.509141897241735e-02	942
9.863077127350951e-01	-2.185584896465729e-02	943
7.471537358379112e-01	-1.012620152288725e-01	944
7.610969369232636e-01	-9.856003564451569e-02	945
1.015294817907289e-01	-9.911225872173222e-02	946
1.123881235386107e-01	-1.021434184079859e-01	947
1.233397756026313e-01	-1.048155496098197e-01	948
5.803086330641640e-01	-1.239376176403977e-01	949
5.962140972969326e-01	-1.224909347717714e-01	950
3.160725103428644e-02	-6.830640235212591e-02	951
3.870887522397434e-02	-7.282025716553185e-02	952
4.651062815436412e-02	-7.716035971742274e-02	953
5.451870441244241e-02	-8.099040638407595e-02	954
3.408937739022578e-01	-1.302058665571229e-01	955
3.563812089793062e-01	-1.306802685137929e-01	956
3.720073786532655e-01	-1.310115477341877e-01	957
3.877198049581796e-01	-1.312204569931760e-01	958
1.710486023517007e-01	-1.147573085153024e-01	959
1.838277821206588e-01	-1.168341781381142e-01	960
1.968852102290942e-01	-1.187462216722087e-01	961
2.102059850784450e-01	-1.205152270595992e-01	962
2.238008738600610e-01	-1.221502338729453e-01	963
3.256144426014032e-01	-1.296128136456712e-01	964
3.104805605259663e-01	-1.289103936422308e-01	965
2.376907359580497e-01	-1.236428686845029e-01	966
4.829620927387528e-01	1.208144525445081e-01	967
9.754378696203807e-01	2.529882721169119e-02	968
9.700003560465642e-01	2.786458894343885e-02	969
4.667911325311744e-01	1.211174216385993e-01	970
4.506306808413271e-01	1.212552335609632e-01	971
4.345463982604363e-01	1.212331408665741e-01	972
4.185318257392552e-01	1.210633969153747e-01	973
4.025799055048919e-01	1.207307076512998e-01	974
4.944694188600539e-02	6.448684776087082e-02	975
4.170369729299968e-02	6.094020031738879e-02	976
2.515172689403976e-01	1.099756444881789e-01	977
2.374345891018118e-01	1.082753337859435e-01	978
1.362169100903525e-01	9.089905305101950e-02	979
1.250703231480012e-01	8.834050695199337e-02	980
1.143339112130568e-01	8.589570088606352e-02	981
1.036885383770678e-01	8.317069693339087e-02	982
9.195324619471280e-01	4.683254754253453e-02	983
9.106318585734402e-01	4.974415135329020e-02	984
9.013276809957184e-01	5.269345543955300e-02	985
8.815101146766827e-01	5.870990597285884e-02	986
8.710085165822161e-01	6.173915606651192e-02	987
8.601499026395373e-01	6.479239207402082e-02	988
8.489013337775614e-01	6.786495714005149e-02	989
8.253830916659742e-01	7.399795644989214e-02	990
8.130659392701417e-01	7.707204667116140e-02	991
8.004093809174253e-01	8.010978832238524e-02	992
7.742587798764771e-01	8.608295901127817e-02	993
7.607219867375552e-01	8.902901388998283e-02	994
7.468251703817533e-01	9.188744088246874e-02	995
7.327320654547516e-01	9.466703801827253e-02	996
7.183431748510304e-01	9.734458709325831e-02	997
7.037102670052974e-01	9.995423035879560e-02	998
6.888248911050565e-01	1.024044230503373e-01	999
5.315267735933769e-01	1.190024947975551e-01	1000
5.476356209900698e-01	1.180796599328225e-01	1001
6.430334368372997e-01	1.090487057347921e-01	1002
6.274400592155925e-01	1.109351289811129e-01	1003
6.117154849176785e-01	1.127238724861073e-01	1004
5.958558102030720e-01	1.143027604995150e-01	1005
2.237280901183130e-01	1.064224056327687e-01	1006
2.103352832911210e-01	1.044752354740614e-01	1007
1.972311987202264e-01	1.024496420885393e-01	1008
1.844008508165781e-01	1.003410995713858e-01	1009
1.718527697799432e-01	9.812896449670368e-02	1010
1.596104655719969e-01	9.580848065371861e-02	1011
3.460366105072091e-02	5.725151407344579e-02	1012
2.805446327576495e-02	5.349360159662128e-02	1013
8.139532481454334e-01	-8.705334010467763e-02	1014
8.264139023009471e-01	-8.398912182634438e-02	1015
8.384801580252972e-01	-8.090067607363655e-02	1016
4.999168047141779e-01	-1.290868840311480e-01	1017
5.160561309614929e-01	-1.282734739010372e-01	1018
5.321377257565082e-01	-1.273469902678024e-01	1019
2.195341186954858e-02	4.988988029333235e-02	1020
1.614577704471715e-02	4.583031875237002e-02	1021
1.105709625211194e-02	4.169322167499961e-02	1022
9.355974946312431e-02	8.026881478239273e-02	1023
8.386755473292319e-02	7.725316264355045e-02	1024
7.459368688360137e-02	7.413556900169627e-02	1025
6.573902479099661e-02	7.090882022950019e-02	1026
3.867483736844055e-01	1.202414680043410e-01	1027
3.710504591981398e-01	1.196238443476535e-01	1028
3.554411953829001e-01	1.188687535981592e-01	1029
3.399772669556931e-01	1.179555033414819e-01	1030
9.280151740304602e-01	4.397487907505683e-02	1031
9.437213794354400e-01	3.841217417278611e-02	1032
9.360898079491358e-01	4.116292717100329e-02	1033
6.120340233621763e-01	-1.208940033850026e-01	1034
6.277011962494926e-01	-1.191919249972794e-01	1035
6.432578314985867e-01	-1.173540190702475e-01	1036
6.586724831078314e-01	-1.154142782318240e-01	1037
2.519355011610713e-01	-1.249382340776166e-01	1038
2.662114879564101e-01	-1.260287027900651e-01	1039
2.807204234403686e-01	-1.271013346525307e-01	1040
9.510694588935470e-04	-5.135521966441443e-02	1041
9.995636245055641e-01	9.419029789672878e-03	1042
9.785378367292056e-01	-3.645323516038685e-02	1043
1.000454042197036e+00	8.054835847453612e-04	1044
-3.214723222922676e-03	-4.539444727307741e-02	1045
7.366075887248639e-01	-1.236204864671666e-01	1046
9.178206675632884e-02	-1.106373090755533e-01	1047
-6.708044217673985e-03	-3.970362407900331e-02	1048
9.858854907908203e-01	2.671541004361463e-02	1049
-1.204081775839594e-02	-2.815394477219338e-02	1050
1.679221290084271e-02	-6.830767608839014e-02	1051
1.615225168789897e-01	-1.302337226545035e-01	1052
1.387311573146653e-01	1.076967538586430e-01	1053
-3.480189980706145e-04	3.968470652774064e-02	1054
-1.007036473093315e-02	2.484181041954890e-02	1055
-1.500911133817946e-02	8.159324106258631e-03	1056
-7.822495698774506e-03	4.000685758186450e-04	1057
-7.821801064965148e-03	-1.200462002692139e-03	1058
-1.125923677594796e-02	7.571627664893928e-04	1059
-1.389764549437340e-02	-2.241380702715353e-02	1060
1.000002670265592e+00	-9.571127403947508e-03	1061
3.160065258351115e-01	1.370252464306269e-01	1062
9.833625621003552e-01	-3.247683380197704e-02	1063
9.972640906185753e-01	-1.709717042005217e-02	1064
9.467796805492620e-01	-5.664545346426761e-02	1065
8.052405264805993e-01	-1.078132593742099e-01	1066
4.117656351183768e-01	-1.533760207330263e-01	1067
9.985683110971592e-01	1.329214210807507e-02	1068
9.275429379797402e-01	5.717890275405839e-02	1069
9.509718110088750e-01	4.693928139542912e-02	1070
5.492271625484129e-01	1.400941265881429e-01	1071
5.165633217657341e-01	1.417829555038753e-01	1072
6.612339908512472e-01	1.279827092057140e-01	1073
7.778667889467664e-01	1.046536645713209e-01	1074
4.919737867934827e-01	1.426702109104619e-01	1075
5.499138751105348e-01	-1.485909305409811e-01	1076
3.313733875521485e-01	1.383968191605288e-01	1077
9.963265490718435e-01	1.657716154992683e-02	1078
8.151554883163206e-02	-1.065514151673769e-01	1079
1.000305967072228e+00	1.856277990556358e-03	1080
9.899377445170252e-01	2.331796980091838e-02	1081
-1.126227605463717e-02	-1.673359773331154e-03	1082
1.000479804334377e+00	-7.898017462365901e-04	1083
1.000368390878302e+00	-1.852312616809112e-03	1084
9.389494946578193e-01	-6.068079711241969e-02	1085
2.287114477649315e-02	-7.335067504952246e-02	1086
-1.522958214223690e-02	-1.658167719937228e-02	1087
4.070058178550860e-03	4.473982923162795e-02	1088
-9.605608167021084e-03	-3.395815511438521e-02	1089
9.644728291799154e-01	4.021347432277400e-02	1090
-1.227667565187126e-02	1.979328135765279e-02	1091
1.000774268068253e+00	1.639278467835546e-04	1092
1.000779362903652e+00	-1.363971627339712e-04	1093
5.442978000309974e-03	-5.680909357171117e-02	1094
3.170893752280299e-01	-1.501499897034504e-01	1095
3.018128202769683e-01	-1.490786022483686e-01	1096
9.934169942179931e-01	1.990778569660654e-02	1097
5.737515377526127e-01	1.383113633767802e-01	1098
9.579378659129287e-01	4.357645474540710e-02	1099
9.946331251267839e-01	-2.074912167855641e-02	1100
7.072583182658353e-01	-1.292114177870020e-01	1101
-1.399651453336498e-02	1.458304027717652e-02	1102
3.008322627526750e-01	1.355181117826502e-01	1103
2.858266929729676e-01	1.338197724534004e-01	1104
2.711770484967297e-01	1.320451975588208e-01	1105
6.770288515106562e-01	-1.342779821561270e-01	1106
-4.110846217819920e-03	3.482802309047761e-02	1107
-7.309141526511108e-03	2.987894101270276e-02	1108
-1.564203949822136e-02	-9.542474785342751e-03	1109
1.071859533710913e-02	-6.272086459400539e-02	1110
8.603415857988771e-01	-9.178318641232062e-02	1111
8.715818104169218e-01	-8.804813642323284e-02	1112
8.824298370358254e-01	-8.430898609593135e-02	1113
8.929414075875660e-01	-8.046392111719415e-02	1114
7.174114461052922e-02	-1.022885395723961e-01	1115
6.241708257823388e-02	-9.783801427814662e-02	1116
9.030250961665449e-01	-7.659394227014439e-02	1117
9.126560934468742e-01	-7.265981623481968e-02	1118
9.218801834787288e-01	-6.870134070979009e-02	1119
9.306446438594328e-01	-6.471116153519611e-02	1120
9.673147253077612e-01	-4.452188062541376e-02	1121
9.731848738105782e-01	-4.047776104653346e-02	1122
7.786310840547975e-01	-1.143880434596696e-01	1123
9.992537283267318e-01	-1.357928108118739e-02	1124
4.604304776387468e-01	-1.528998167484135e-01	1125
4.767596317387215e-01	-1.524201480656120e-01	1126
4.279462951869438e-01	-1.533668544298141e-01	1127
4.441347982334336e-01	-1.531972660425586e-01	1128
9.540867988023852e-01	-5.261264389797549e-02	1129
9.609395936303614e-01	-4.857350060457885e-02	1130
1.368566351730283e-01	-1.242889475322686e-01	1131
1.489731796709293e-01	-1.273499050072528e-01	1132
9.877093746568423e-01	-2.846369337318943e-02	1133
9.914566254700923e-01	-2.456919210521543e-02	1134
7.579565907778519e-01	-1.191271967246758e-01	1135
1.026934208241865e-01	-1.145165250180476e-01	1136
1.139791449052595e-01	-1.178581988531447e-01	1137
1.251176856891749e-01	-1.210680153660831e-01	1138
5.824519811532060e-01	-1.460264978657446e-01	1139
2.966811318302387e-02	-7.870745753711202e-02	1140
3.725968051405053e-02	-8.400576152816244e-02	1141
4.552435782818118e-02	-8.883652356485458e-02	1142
5.360756247386970e-02	-9.323080417175743e-02	1143
3.324757820457967e-01	-1.510390064387843e-01	1144
3.480543965425320e-01	-1.518306373798161e-01	1145
3.638312393073130e-01	-1.524360562674170e-01	1146
3.797004575496192e-01	-1.529081018839706e-01	1147
3.956606394465276e-01	-1.532167189888245e-01	1148
1.743613574221082e-01	-1.329206737898435e-01	1149
1.875281016045285e-01	-1.354036328456845e-01	1150
2.009020440999934e-01	-1.377166962442092e-01	1151
2.145780616324180e-01	-1.398564450833507e-01	1152
2.285239243834403e-01	-1.418592162145825e-01	1153
9.812383271325190e-01	3.014756790250860e-02	1154
9.761412283913873e-01	3.349743884302192e-02	1155
9.705463178660333e-01	3.685552103630851e-02	1156
4.756452668991166e-01	1.430659233558583e-01	1157
4.592519046802193e-01	1.432808174403092e-01	1158
4.429530590359933e-01	1.432683554547141e-01	1159
4.266951256577411e-01	1.430975042576477e-01	1160
4.105311621378129e-01	1.427297457659494e-01	1161
4.918246011847589e-02	7.623504129482708e-02	1162
4.100537506957354e-02	7.219888817436747e-02	1163
2.568670894053179e-01	1.301895603688110e-01	1164
2.425303661602820e-01	1.283547493609324e-01	1165
1.272849026321528e-01	1.046520899441823e-01	1166
1.164304375924365e-01	1.016720043913252e-01	1167
1.054082147517421e-01	9.866068249508995e-02	1168
9.188993942381596e-01	6.063818642573890e-02	1169
9.098290277256194e-01	6.418692653861249e-02	1170
9.003785206396868e-01	6.770897663411618e-02	1171
8.904831905610203e-01	7.130894717267829e-02	1172
8.801757461152236e-01	7.487590690237846e-02	1173
8.694962677759543e-01	7.845654556848751e-02	1174
8.584198218775049e-01	8.200732245942929e-02	1175
8.410969606376327e-01	8.737846369825709e-02	1176
8.230503864458428e-01	9.267122231116290e-02	1177
8.041046427426367e-01	9.784616790329372e-02	1178
7.502906685523614e-01	1.111931175610819e-01	1179
7.216119968047916e-01	1.173053671678939e-01	1180
6.918626136377846e-01	1.229377610092864e-01	1181
6.298891255843641e-01	1.323522722836167e-01	1182
5.979537515720529e-01	1.360204541805987e-01	1183
2.283728153081268e-01	1.261439878893208e-01	1184
2.146840904762304e-01	1.238595787866949e-01	1185
2.012933312578001e-01	1.214143271080553e-01	1186
1.882100172972772e-01	1.189465136784279e-01	1187
1.753592627579491e-01	1.163160149667338e-01	1188
1.627941208907148e-01	1.135844059287362e-01	1189
1.505595575926819e-01	1.106999411230361e-01	1190
3.342468921810822e-02	6.774200082046861e-02	1191
2.657067942172193e-02	6.322664593100891e-02	1192
8.244807671017865e-01	-1.026218028251330e-01	1193
8.367802884858146e-01	-9.904685527028791e-02	1194
8.487031134830045e-01	-9.545786861149648e-02	1195
4.930805488941175e-01	-1.517683878486021e-01	1196
5.175216600155850e-01	-1.505422825101709e-01	1197
2.040424784982632e-02	5.899921928801913e-02	1198
1.422246061276993e-02	5.434103785356703e-02	1199
8.765602981019289e-03	4.935064795067403e-02	1200
9.474391032904758e-02	9.518750814795328e-02	1201
8.466943537175256e-02	9.156203128208416e-02	1202
7.505807271131688e-02	8.781261301009535e-02	1203
6.587670826430106e-02	8.393354605075878e-02	1204
5.718308717161093e-02	7.996137923468447e-02	1205
3.944100663090973e-01	1.421801258907069e-01	1206
3.785093581656453e-01	1.414685409893600e-01	1207
3.626663226857542e-01	1.406204958970867e-01	1208
3.469119330776820e-01	1.395939239117512e-01	1209
9.435999497046312e-01	5.031029109541406e-02	1210
9.357825575088985e-01	5.371822044729157e-02	1211
6.145210674791863e-01	-1.426954963483141e-01	1212
6.460455498264837e-01	-1.387779655098408e-01	1213
2.429085787198974e-01	-1.436514587654833e-01	1214
2.574513792768918e-01	-1.451142864429837e-01	1215
2.719129749861176e-01	-1.465130940196100e-01	1216
2.867169438473975e-01	-1.478758752227194e-01	1217
9.998701705105995e-01	-2.567543394796147e-03	1218
9.997867276782324e-01	2.545663792945712e-03	1219
-1.069797473533027e-02	-4.604077749092834e-02	1220
-1.497334641947562e-02	3.349167095859196e-03	1221
1.000824910594437e+00	-5.394996923864647e-04	1222
9.900466059659837e-01	-3.560082295604140e-02	1223
9.980615980281881e-01	2.095592170024280e-02	1224
-1.789203221563504e-02	1.855047686974180e-02	1225
9.721775409860295e-01	4.682070096605895e-02	1226
1.001134396108607e+00	-8.268022442875736e-03	1227
9.968627383458127e-01	-2.598684516920609e-02	1228
-2.007011945066055e-02	-1.346280803287812e-02	1229
1.345717899845559e-02	-7.821384174517430e-02	1230
-7.160860781844079e-03	-5.250268807224902e-02	1231
3.300828230902700e-01	1.610141504581422e-01	1232
1.000805874905002e+00	5.677640709385753e-04	1233
-7.573724957930741e-03	4.112291370586272e-02	1234
-1.608643321425504e-02	2.425090069977010e-02	1235
-2.935937649930416e-03	-5.901316576980827e-02	1236
9.857043429982328e-01	-4.050514491462521e-02	1237
5.356797485171886e-01	-1.744076812329289e-01	1238
9.952940666922462e-01	2.519193175230589e-02	1239
3.156682908160471e-01	-1.727182374325149e-01	1240
9.559904866666264e-01	-6.476747746440867e-02	1241
9.445097377507321e-01	-7.202567777186529e-02	1242
6.336528952015509e-01	-1.647916869099098e-01	1243
9.151490893659461e-02	-1.273406171170099e-01	1244
1.702924421022398e-01	-1.517594970545182e-01	1245
-1.809878514968345e-02	-2.701493815659815e-02	1246
4.282986050491945e-01	-1.770380982566148e-01	1247
7.051752328127391e-02	-1.174707832200918e-01	1248
8.068348949191603e-02	-1.224834967455642e-01	1249
1.230802134294668e-01	1.211390780491118e-01	1250
9.877638726738235e-01	3.393225051800756e-02	1251
9.323901932158706e-01	6.980526432775756e-02	1252
-1.907104971102749e-02	1.186238906851688e-02	1253
-3.715805640906769e-03	4.678091405945320e-02	1254
9.808303638714615e-01	-4.535305808118081e-02	1255
1.000408607652458e+00	1.224393960422346e-03	1256
9.918807030830752e-01	2.959659640612211e-02	1257
-1.005933508580382e-02	-4.389369400580748e-04	1258
-1.947810594483392e-02	-2.072342006948209e-02	1259
9.992890222656503e-01	-2.143819237368765e-02	1260
7.519797863588272e-01	-1.429517177021528e-01	1261
5.057048677869079e-01	1.668257488066566e-01	1262
4.765018059131194e-01	1.665925673231723e-01	1263
1.000225432030461e+00	1.678923798972076e-02	1264
1.001105382196446e+00	1.963110238538222e-05	1265
1.000757556972036e+00	8.202520594157610e-03	1266
-1.519956386499349e-02	-4.423501962732212e-03	1267
1.000448624397537e+00	-1.212174034137350e-03	1268
1.962680434756399e-02	-8.405248988849694e-02	1269
-1.614942301602003e-02	-3.333259860093986e-02	1270
-1.368255197341657e-02	-3.962042054303219e-02	1271
5.634989127575237e-01	1.636251342500559e-01	1272
7.360547188529416e-03	-7.221765410049755e-02	1273
9.659588735553404e-01	5.105056586962740e-02	1274
9.592652659864838e-01	5.524487439508199e-02	1275
5.346193227650121e-01	1.653834291076617e-01	1276
2.990748976724601e-01	1.576856114508036e-01	1277
2.690955557296417e-01	1.534371115133204e-01	1278
7.264077921953350e-01	-1.486684948488738e-01	1279
-1.090641782272951e-02	3.546835978587849e-02	1280
-1.374024601544917e-02	2.989829654628409e-02	1281
1.649296085638001e-03	-6.529682680190983e-02	1282
8.769234675126576e-01	-1.038902285422207e-01	1283
8.984427959501299e-01	-9.518235983074731e-02	1284
6.084900529597988e-02	-1.122740281077980e-01	1285
9.182713919920295e-01	-8.609260211485752e-02	1286
9.319887805107897e-01	-7.916280025388767e-02	1287
9.753944811649435e-01	-5.023069075923621e-02	1288
1.001143554786802e+00	-1.703776925115447e-02	1289
4.612423201707194e-01	-1.767208129910250e-01	1290
9.629372969114844e-01	-5.995730149386641e-02	1291
9.694220786740273e-01	-5.510265127024371e-02	1292
1.443978955336569e-01	-1.449721880083836e-01	1293
9.938095501064994e-01	-3.078658648362118e-02	1294
7.732418774476102e-01	-1.376635853270431e-01	1295
7.970590743723995e-01	-1.311737870129379e-01	1296
1.088790812906858e-01	-1.336393742573570e-01	1297
1.259623850207367e-01	-1.393092766707341e-01	1298
5.685931609738626e-01	-1.720765654350538e-01	1299
2.682673433553890e-02	-9.036011761390711e-02	1300
3.511411933280060e-02	-9.658730547988616e-02	1301
4.340410001434444e-02	-1.017455122571101e-01	1302
5.169230920961777e-02	-1.069117579453479e-01	1303
3.471471226085575e-01	-1.748837353505881e-01	1304
3.792728167841217e-01	-1.762750707569660e-01	1305
4.036627635569381e-01	-1.769462268105885e-01	1306
1.973765825451043e-01	-1.575434616125352e-01	1307
2.255818732266614e-01	-1.626697859822514e-01	1308
9.830795719828523e-01	3.829552555981085e-02	1309
9.778945165925303e-01	4.256152493628620e-02	1310
4.433163273959388e-01	1.667242535124527e-01	1311
4.104092169318579e-01	1.660653660080499e-01	1312
3.961998397385972e-02	8.482659658625730e-02	1313
2.400535037636052e-01	1.494350115703988e-01	1314
1.066013415882488e-01	1.160714710709207e-01	1315
8.182451040970282e-01	1.145757498918199e-01	1316
9.147206936488856e-01	7.803598534368839e-02	1317
8.953514250589623e-01	8.634022417186095e-02	1318
8.742996948358809e-01	9.456796419844279e-02	1319
8.546897599407253e-01	1.024985525839986e-01	1320
8.369202964488520e-01	1.085847854490313e-01	1321
7.954768451323792e-01	1.213640087397691e-01	1322
7.683816210883675e-01	1.288947458551024e-01	1323
7.400095933796703e-01	1.359811146309476e-01	1324
7.105315812135445e-01	1.425279732327411e-01	1325
6.800365594490630e-01	1.484509554858137e-01	1326
6.487022525006986e-01	1.536533964708627e-01	1327
6.167128357131092e-01	1.580855710073239e-01	1328
5.883228292560516e-01	1.613860856643212e-01	1329
2.116559944107163e-01	1.440171380158205e-01	1330
1.848245215847575e-01	1.382491997963458e-01	1331
1.653215741280668e-01	1.335209689957615e-01	1332
1.526409641821011e-01	1.301471595684855e-01	1333
1.403746391391012e-01	1.265814181589329e-01	1334
3.136064555363432e-02	7.951201208170158e-02	1335
2.408606728507038e-02	7.406703705302435e-02	1336
8.201464314252005e-01	-1.244142153395741e-01	1337
8.419231634924825e-01	-1.164692642792861e-01	1338
8.598907186984610e-01	-1.103370928583941e-01	1339
4.861166860623297e-01	-1.759384723243898e-01	1340
5.069218144472578e-01	-1.760955153916771e-01	1341
1.778928907170025e-02	6.901660578254509e-02	1342
1.155548722072747e-02	6.388169834384635e-02	1343
5.634808420171342e-03	5.790767285510591e-02	1344
7.994342523377313e-04	5.244139669251913e-02	1345
9.516411926966184e-02	1.119796051812265e-01	1346
8.452616751003243e-02	1.076261054542185e-01	1347
7.452254316727379e-02	1.031389792338873e-01	1348
6.499967724077582e-02	9.850285832529575e-02	1349
5.598687864549221e-02	9.373633562064243e-02	1350
4.779488854503124e-02	8.924199293416417e-02	1351
3.779356777293544e-01	1.644968069628731e-01	1352
3.538621550271266e-01	1.631050901952149e-01	1353
9.521552895404509e-01	5.941721815509766e-02	1354
9.445844557264120e-01	6.356217125503667e-02	1355
6.014537318029175e-01	-1.688253874798636e-01	1356
6.652892074428945e-01	-1.600841798699286e-01	1357
6.962717505793576e-01	-1.546947130691240e-01	1358
2.551463934189961e-01	-1.664820727949702e-01	1359
2.848134792920486e-01	-1.698945189482126e-01	1360
1.001229388442091e+00	1.418463319961550e-02	1361
1.000510438177778e+00	-2.482768859846541e-03	1362
1.000293072752678e+00	-3.372447426895515e-03	1363
1.000675636850142e+00	6.715466035817511e-03	1364
3.587920434026522e-02	-1.132182496658352e-01	1365
1.001417817932507e+00	2.003555010813421e-02	1366
1.001100115632178e+00	3.713507752442562e-04	1367
1.001679242750707e+00	-9.894002347029687e-03	1368
-1.851076090333702e-02	-4.574868202648368e-02	1369
-7.885271582890208e-03	-6.728677327003406e-02	1370
1.000968579111254e+00	-6.761092277763448e-03	1371
1.001979099889355e+00	-1.432272181131657e-02	1372
-1.525551712007721e-02	4.159862372823097e-02	1373
-2.374304185629577e-02	1.590726162958126e-02	1374
-2.509583710423176e-02	-1.763458482896732e-02	1375
9.860731981686325e-01	4.709849891143884e-02	1376
7.686324823606382e-01	-1.638168639752999e-01	1377
3.404884441942191e-01	1.881940539901888e-01	1378
1.001202544871641e+00	9.827847832590634e-03	1379
9.321928450661814e-01	-9.657072602612296e-02	1380
2.915653242577221e-03	-8.259110317989370e-02	1381
4.105768468500097e-02	1.012043231406946e-01	1382
-1.194486487329096e-02	4.798586970180089e-02	1383
-1.559502139501361e-02	-5.285708293230793e-02	1384
4.161398354442516e-01	-2.044540462386443e-01	1385
9.662414489711052e-01	-7.230728889539310e-02	1386
6.538095408887526e-01	-1.889704629134110e-01	1387
5.545867074754541e-01	-2.009217981670218e-01	1388
9.934209905722620e-01	-4.314507939444857e-02	1389
9.969985594371502e-01	-3.731408379390174e-02	1390
8.818691302374230e-03	-8.897895651689113e-02	1391
1.524951351199544e-02	-9.588570997326556e-02	1392
1.000802462684580e+00	1.012895607163589e-03	1393
9.980221894390273e-01	3.076135847157722e-02	1394
1.000684631112061e+00	2.563516416747037e-02	1395
9.750690600346943e-01	5.769300546492329e-02	1396
2.815025260599414e-01	1.804659630247647e-01	1397
5.785821386299228e-01	1.896565047677227e-01	1398
7.166556902934821e-01	-1.768033642621661e-01	1399
5.803109904110628e-02	-1.282938154780281e-01	1400
1.000170550139776e+00	3.354270952511371e-03	1401
1.000422217544290e+00	2.484766646052565e-03	1402
-1.407485071948302e-02	-3.588777416216028e-05	1403
9.891971005479415e-01	-4.909425213179057e-02	1404
9.808551735304420e-01	5.239831012074880e-02	1405
1.001112770369176e+00	-3.322991649705314e-04	1406
9.999358521181947e-01	-3.142937251083116e-02	1407
-2.246697946092153e-02	2.292045183922055e-02	1408
-1.203998154896364e-02	-6.019617526238760e-02	1409
5.233735655191456e-01	-2.030434375609119e-01	1410
-2.441296029026118e-02	-2.518394693955237e-02	1411
6.806318771878142e-02	-1.343838869302503e-01	1412
7.874088510598992e-02	-1.402946368273212e-01	1413
9.946620003200718e-01	3.625813242426978e-02	1414
-1.998540229008898e-02	5.853382668942016e-03	1415
9.843331155893218e-01	-5.493305718476529e-02	1416
1.002209537712632e+00	-2.601216853415073e-02	1417
7.448610368963926e-01	-1.701194108887321e-01	1418
-2.048219706105327e-02	-7.074588691293387e-03	1419
1.000837302992797e+00	-9.859972136374488e-04	1420
4.856362028119388e-02	-1.220271893218845e-01	1421
-2.301427717592992e-02	-3.204378152404733e-02	1422
-2.104825827249743e-02	-3.890387541175044e-02	1423
5.220212968461553e-01	1.934517951117098e-01	1424
-3.025885187854377e-03	-7.474227380257534e-02	1425
9.687377938599070e-01	6.293457385894062e-02	1426
5.511063083461130e-01	1.917523737259937e-01	1427
3.128052446649182e-01	1.850186807782876e-01	1428
6.057487747672945e-01	1.865933776187374e-01	1429
-1.819543463381629e-02	3.543550189056991e-02	1430
-2.059923303470804e-02	2.921133065067999e-02	1431
8.946924109042179e-01	-1.165341313594733e-01	1432
9.154998982570339e-01	-1.060034067373147e-01	1433
9.454013693518130e-01	-8.813485277823846e-02	1434
9.572371880130617e-01	-7.959026816959078e-02	1435
1.002560092629913e+00	-2.026006995722480e-02	1436
4.454337681811959e-01	-2.045329900973041e-01	1437
9.728552347587720e-01	-6.662874260033477e-02	1438
9.788774542761962e-01	-6.079824399345083e-02	1439
3.909514935885132e-01	-2.038242862247079e-01	1440
8.385941060531686e-01	-1.406120257083969e-01	1441
8.576376824208284e-01	-1.328055759094506e-01	1442
7.914867214984483e-01	-1.570406679991447e-01	1443
9.349930682324953e-02	-1.471919107681715e-01	1444
1.109906082916486e-01	-1.540454189520294e-01	1445
1.288296903856299e-01	-1.608355663725315e-01	1446
2.306677392849580e-02	-1.034202928120651e-01	1447
3.296485587712942e-01	-2.000685609059848e-01	1448
3.622217191645066e-01	-2.024301492548464e-01	1449
1.513899252436460e-01	-1.684140741817561e-01	1450
1.786244171770252e-01	-1.761599556005690e-01	1451
6.856248266235746e-01	-1.832753409886840e-01	1452
9.906839546024935e-01	4.164992064881917e-02	1453
4.914469595801634e-01	1.940399568490295e-01	1454
4.608243180562835e-01	1.938754370360052e-01	1455
1.093655361584862e-01	1.364161995438532e-01	1456
9.299143124506423e-01	8.839533612533294e-02	1457
9.113925561366431e-01	9.827713018143348e-02	1458
8.336501097837290e-01	1.324282987399641e-01	1459
8.910690362075901e-01	1.080720373592704e-01	1460
8.713396790369101e-01	1.171805235384557e-01	1461
8.520254866120875e-01	1.254853576659851e-01	1462
8.126599233394382e-01	1.397583095422084e-01	1463
7.875141755115522e-01	1.478702749706259e-01	1464
7.594618082779659e-01	1.561337194298276e-01	1465
7.301857036745485e-01	1.637909379537332e-01	1466
6.998041920396205e-01	1.707649476848562e-01	1467
6.684509200159158e-01	1.769685275477627e-01	1468
6.363372951049187e-01	1.823168793295622e-01	1469
2.520513200586464e-01	1.757375308895855e-01	1470
2.221727335986370e-01	1.700732960110073e-01	1471
1.940671039751712e-01	1.633646909854742e-01	1472
1.702887778953318e-01	1.569856035663987e-01	1473
1.477473659391784e-01	1.487770201919244e-01	1474
1.261347978822131e-01	1.424405398233521e-01	1475
2.842256576800003e-02	9.274111944182174e-02	1476
2.048809619527762e-02	8.610031024664475e-02	1477
8.151111461288219e-01	-1.494311082077563e-01	1478
8.754526999673796e-01	-1.253772000474751e-01	1479
4.749154364482084e-01	-2.040815764621423e-01	1480
4.966417602088892e-01	-2.038415043232942e-01	1481
1.388901604788986e-02	7.998502325529432e-02	1482
7.810663705981239e-03	7.437185860137570e-02	1483
1.623275526512922e-03	6.746171830856519e-02	1484
-3.533058896898443e-03	6.084869223406062e-02	1485
-8.015697616622235e-03	5.454395559405668e-02	1486
9.482111407081804e-02	1.308581318556297e-01	1487
8.332274680814200e-02	1.256174165361657e-01	1488
7.277612597010252e-02	1.202379869076491e-01	1489
6.286549193975333e-02	1.147203023439163e-01	1490
5.347524449302159e-02	1.090300545900077e-01	1491
4.272336888034218e-01	1.934545188654777e-01	1492
3.938501452444523e-01	1.920547580970184e-01	1493
3.651737987498712e-01	1.902867012581113e-01	1494
9.582054143915071e-01	7.038402511974273e-02	1495
9.449251593992202e-01	7.955780046771944e-02	1496
5.882173292255284e-01	-1.979367721696127e-01	1497
6.213806085054945e-01	-1.938721789255800e-01	1498
2.068365215373247e-01	-1.828833451208832e-01	1499
2.368774342086272e-01	-1.885549650215204e-01	1500
2.669048194063623e-01	-1.928976606361483e-01	1501
2.978103256114614e-01	-1.968598641584207e-01	1502
1.000826386486441e+00	3.072859644380277e-03	1503
1.000351120668137e+00	-5.159210670314753e-03	1504
9.996272655202497e-01	-5.755560226735731e-03	1505
1.000261479593092e+00	1.156840425594892e-02	1506
-2.773519872383015e-02	2.768986141079880e-02	1507
1.000146918042938e+00	5.114611420321076e-03	1508
-2.349805936775048e-02	4.150615894967065e-02	1509
9.775802819647852e-01	-7.898063609743945e-02	1510
1.001187143324000e+00	-7.402631233542872e-04	1511
1.003671231333311e+00	-1.634555308296009e-02	1512
1.005295711478938e+00	-1.712689393998190e-02	1513
9.938673234038881e-01	-5.808128452003325e-02	1514
1.000786022888285e+00	1.456114954419619e-03	1515
9.902591842750229e-01	5.637789288517475e-02	1516
2.633177457281266e-01	2.053033560069626e-01	1517
1.002557901486681e+00	-8.696670142261085e-03	1518
1.002096961537794e+00	-7.402513633403052e-03	1519
-1.393002654832812e-02	-7.635300361997813e-02	1520
1.001159359057103e+00	7.808177847152501e-04	1521
-1.736097063437160e-02	5.543489422588356e-02	1522
1.323541887506710e-01	-1.856666549000327e-01	1523
3.293621784368592e-02	-1.300889433988665e-01	1524
9.476227403180888e-01	-1.062221215555310e-01	1525
7.877893744614352e-01	-1.858521226294506e-01	1526
1.000837514418723e+00	-1.171764725716035e-02	1527
1.001754315603411e+00	7.401638953865480e-03	1528
1.002138363396074e+00	8.698310614650252e-03	1529
1.000837148678593e+00	-1.432055375593941e-03	1530
-2.432683016012466e-02	-5.223904155980760e-02	1531
5.674807866780789e-01	2.211343360047780e-01	1532
6.753352537295942e-01	-2.152965397199658e-01	1533
4.310395260206043e-01	-2.352128987546659e-01	1534
5.957457416437320e-01	2.182733849707715e-01	1535
9.455362919097940e-01	9.827717150920127e-02	1536
9.093317077100062e-01	1.212196100788391e-01	1537
3.242808416283343e-01	2.153578829607575e-01	1538
2.634502404821733e-02	1.088939809781744e-01	1539
5.113362691264087e-01	-2.344870714410673e-01	1540
-2.059693866674174e-02	4.818505882847857e-02	1541
1.002570132973140e+00	2.984754364340775e-02	1542
5.415585066431897e-01	-2.329135189590227e-01	1543
9.994054669559280e-01	5.668978446804500e-03	1544
1.002778769574330e+00	1.627005023142902e-02	1545
1.004337684647457e+00	1.713553537918657e-02	1546
1.000943478644015e+00	-3.060942048364476e-03	1547
-2.904019592392900e-02	2.027018276490616e-02	1548
3.511835810432982e-01	2.185197566451111e-01	1549
1.001472841827017e+00	2.012839096775171e-04	1550
1.001479441089691e+00	-1.483285318641434e-04	1551
-8.832966114389398e-03	-8.506670541596235e-02	1552
-1.806747637163324e-02	-6.837302946820711e-02	1553
4.030177589752204e-01	-2.346018612322035e-01	1554
9.979593956521436e-01	-5.097398241728850e-02	1555
1.001108675400237e+00	-4.395668683243049e-02	1556
-2.964300156370745e-03	-9.371239654342242e-02	1557
2.792032509898897e-03	-1.007114567764526e-01	1558
1.000816943574597e+00	2.087424675385649e-03	1559
9.947810534008734e-01	4.973401522954480e-02	1560
9.851718178879534e-01	6.287699941378529e-02	1561
2.940990806818030e-01	2.107698354568115e-01	1562
7.073967497844681e-01	-2.083712237297748e-01	1563
4.892544470521808e-02	-1.420944815670187e-01	1564
1.004023231570922e+00	-3.724602606108059e-02	1565
-2.153599619672781e-02	-6.017511996024791e-02	1566
-3.075626624164982e-02	-2.203939886307448e-02	1567
6.450892578517189e-02	-1.525466654923868e-01	1568
7.746560993946253e-02	-1.609789859149098e-01	1569
1.001754939360045e+00	3.676831684066238e-02	1570
-2.475358825373421e-02	9.669319977496357e-03	1571
-1.847155565955596e-02	-2.479981685244435e-03	1572
1.004380483433628e+00	-3.015207553234060e-02	1573
7.375423349917267e-01	-2.008616959904679e-01	1574
7.639836206510661e-01	-1.934143790484621e-01	1575
-2.029292901555028e-02	-5.246334383937038e-04	1576
-2.558343852136074e-02	-1.102940665966744e-02	1577
1.000892977225510e+00	-2.066606794272179e-03	1578
-3.005270365528609e-02	-2.996663640435509e-02	1579
-2.879246286659156e-02	-3.744606274582137e-02	1580
-2.679801829191786e-02	-4.493475003629800e-02	1581
5.387963567369987e-01	2.230417318363622e-01	1582
9.794157088596099e-01	6.935552661547814e-02	1583
-2.596603712513774e-02	3.462792615895421e-02	1584
9.139604596539725e-01	-1.286246467039216e-01	1585
9.326742656927421e-01	-1.168546318989719e-01	1586
9.600587781089547e-01	-9.607701385641057e-02	1587
9.702816540395188e-01	-8.662956578901049e-02	1588
9.837996095644385e-01	-7.206209923552591e-02	1589
9.891797097509006e-01	-6.506719508324996e-02	1590
8.570901097718374e-01	-1.582156733015314e-01	1591
8.356307037791246e-01	-1.678760663841679e-01	1592
9.423476940690939e-02	-1.694185288299949e-01	1593
1.118356464066515e-01	-1.770319227264209e-01	1594
9.748137392884696e-03	-1.090148413204135e-01	1595
2.035509866302648e-02	-1.195599657076191e-01	1596
3.438898293286686e-01	-2.307663432291983e-01	1597
3.753065389590221e-01	-2.332071389326386e-01	1598
1.578459598357376e-01	-1.949842674019925e-01	1599
9.983815282866506e-01	4.311665915340628e-02	1600
5.078959733386107e-01	2.242558063611776e-01	1601
4.766873857134225e-01	2.243833418943084e-01	1602
9.288201584447925e-01	1.095071973362346e-01	1603
8.895552055733851e-01	1.321460525380470e-01	1604
8.700100844466903e-01	1.422399584269839e-01	1605
8.506401224243519e-01	1.512339703038683e-01	1606
8.306608726103996e-01	1.594987737395616e-01	1607
8.072745418849676e-01	1.683536875521036e-01	1608
7.803398191125804e-01	1.776688215970020e-01	1609
7.512109581012821e-01	1.866966715277093e-01	1610
7.208798199654782e-01	1.949595986126228e-01	1611
6.894595649011689e-01	2.023664968396709e-01	1612
6.571320965964348e-01	2.088361006373084e-01	1613
6.252475297096686e-01	2.141938782067720e-01	1614
2.329380044255511e-01	1.993277956717341e-01	1615
1.515391058467682e-01	1.749241279090603e-01	1616
1.308124203721406e-01	1.668335514502579e-01	1617
2.028511776544309e-01	1.918182142215410e-01	1618
1.763231937018747e-01	1.839998971464291e-01	1619
1.107107962242542e-01	1.591732301316255e-01	1620
1.574744479841151e-02	9.947178063058935e-02	1621
8.113224774693281e-01	-1.775639161461913e-01	1622
8.751858569938740e-01	-1.495468829278748e-01	1623
8.939167691355752e-01	-1.399830739008754e-01	1624
4.610245308240783e-01	-2.351944264264946e-01	1625
4.864428965181637e-01	-2.349533985561753e-01	1626
8.602586423898436e-03	9.200029944196758e-02	1627
2.645605436339702e-03	8.569997414431960e-02	1628
-3.512010671721587e-03	7.795485176539110e-02	1629
-8.957653343417738e-03	7.011037366812679e-02	1630
-1.346772939475354e-02	6.288758103027156e-02	1631
9.483705902823635e-02	1.525348240781328e-01	1632
8.118792288827380e-02	1.454215638283390e-01	1633
6.994711511953232e-02	1.386876136374287e-01	1634
5.950752089995828e-02	1.322733019700515e-01	1635
4.956779138815285e-02	1.258958115042483e-01	1636
3.877215097252842e-02	1.182275932558135e-01	1637
4.445514475325043e-01	2.239498044247552e-01	1638
4.102785380549493e-01	2.227871932014222e-01	1639
3.786112481898437e-01	2.208578839200381e-01	1640
9.710534166476428e-01	7.737123033797834e-02	1641
9.598013596804408e-01	8.720415162989842e-02	1642
5.746449159204685e-01	-2.302837079801787e-01	1643
6.090107872930135e-01	-2.263391576155114e-01	1644
6.425509116519271e-01	-2.212879863015959e-01	1645
1.863354733751743e-01	-2.038373202374545e-01	1646
2.164947925992999e-01	-2.115233364835941e-01	1647
2.476341708866594e-01	-2.177205901251064e-01	1648
2.785981943902134e-01	-2.227108413888440e-01	1649
3.107842981104735e-01	-2.272182353364729e-01	1650
-3.509203100787270e-02	2.493713217144421e-02	1651
1.000483954763297e+00	-4.342327426226186e-03	1652
1.006033965227373e+00	3.377673887243333e-02	1653
-3.358459376811154e-02	-5.129204037908974e-02	1654
1.003496349393356e+00	1.412701272535458e-02	1655
9.998194034652574e-01	5.800502878352657e-02	1656
3.630047354382135e-01	2.525092840020405e-01	1657
8.573571715460500e-01	-1.870770900610027e-01	1658
-2.122410166947233e-02	-8.625346752404305e-02	1659
1.001245334624268e+00	1.750917471636408e-03	1660
9.627638130581943e-01	1.060817177348507e-01	1661
1.000315744058332e+00	4.317682691647888e-03	1662
-2.482448021397783e-02	3.437246379586232e-03	1663
1.003186591701009e+00	-1.008337481358512e-02	1664
1.000986243392010e+00	-3.979912507991521e-03	1665
8.339312129321969e-01	-1.984585557580310e-01	1666
-3.009998637123421e-02	1.351044671504601e-02	1667
1.001078067026512e+00	-2.620178470410853e-03	1668
1.001734485752159e+00	6.243857453106931e-03	1669
-3.129976661580161e-02	-5.907603105615226e-02	1670
8.093629387318084e-01	-2.089864377525376e-01	1671
4.463895323431236e-01	-2.695322519653632e-01	1672
9.900310488882883e-01	-8.404854833772613e-02	1673
1.357158296823474e-01	-2.140127820651928e-01	1674
4.165561271520052e-01	-2.689889171305628e-01	1675
9.957647776405937e-01	6.591342784152258e-02	1676
9.473546012541176e-01	1.196161019889038e-01	1677
5.557814744905488e-01	2.560331752637952e-01	1678
2.431573746875505e-01	2.320653815661289e-01	1679
9.509647896877186e-01	-1.267874589482846e-01	1680
-2.401270798662610e-02	6.341260029686856e-02	1681
2.116287557976805e-01	2.239311292362976e-01	1682
5.853003389715383e-01	2.535424923472429e-01	1683
1.000827969109200e+00	3.981661926384433e-03	1684
1.002680767403905e+00	1.009614100521892e-02	1685
1.002014753018307e+00	-6.229894453747547e-03	1686
1.004257067703876e+00	-1.412688026933674e-02	1687
1.005107390485134e+00	-2.331453606613564e-02	1688
1.000977832884684e+00	2.642542354574363e-03	1689
1.002220438133329e+00	1.190844333494927e-02	1690
1.001192327686770e+00	1.237226467169080e-03	1691
1.003400777960892e+00	-7.668478042930187e-03	1692
1.001311013644505e+00	-1.711252604174965e-03	1693
-2.534965071584314e-02	-7.706980838436991e-02	1694
1.001477827964184e+00	5.782707479765634e-04	1695
1.001498743137380e+00	-5.253751378553499e-04	1696
1.001888994982441e+00	3.446776978930381e-05	1697
1.001237484335267e+00	-1.196964509580753e-03	1698
9.293348010449315e-01	1.333151858501324e-01	1699
3.348499559195425e-01	2.491589149733449e-01	1700
-2.710199154458911e-02	5.521121362105446e-02	1701
-2.984029646405365e-02	4.799171519792228e-02	1702
5.286903492122882e-01	-2.682876945185078e-01	1703
1.004775277554141e+00	2.635890625976347e-02	1704
1.003753819442846e+00	2.318970504092549e-02	1705
1.002832076271388e+00	-1.194850061411899e-02	1706
1.003027487207298e+00	7.730080504447189e-03	1707
-2.870739883842427e-02	-6.793007653003606e-02	1708
1.003414247548510e+00	-5.894085133118993e-02	1709
1.006238229505141e+00	-5.055108698611700e-02	1710
-1.611704020904797e-02	-9.604159126009358e-02	1711
-7.398476407079206e-03	-1.094379484448307e-01	1712
1.574998182959151e-02	-1.371695340472668e-01	1713
3.054116316922671e-01	2.445226344329526e-01	1714
2.742736810709457e-01	2.385765969864612e-01	1715
6.986583372971682e-01	-2.437693366510898e-01	1716
1.007078495345487e+00	-4.260156723306065e-02	1717
2.994397480299638e-02	-1.498238707197941e-01	1718
4.559421679877226e-02	-1.628912989963743e-01	1719
5.936000702014328e-02	-1.737034245927510e-01	1720
-3.126120670838284e-02	-1.490838016033692e-02	1721
1.008088245091854e+00	-3.390069601293728e-02	1722
1.006343035516145e+00	-2.645863306439876e-02	1723
7.305017483628681e-01	-2.354940054136966e-01	1724
7.594159836902213e-01	-2.268841690371794e-01	1725
7.851805053139355e-01	-2.181867233139795e-01	1726
-2.567385490809095e-02	-5.406825432947433e-03	1727
-3.717821879940379e-02	-2.667227755827511e-02	1728
-3.661841522102488e-02	-3.495171798619980e-02	1729
-3.539126317548876e-02	-4.323286803211332e-02	1730
9.909589126591438e-01	7.381131593583284e-02	1731
-3.214708626645835e-02	4.049384866899680e-02	1732
-3.392757403165949e-02	3.274731645616640e-02	1733
9.342365864494526e-01	-1.400601102423837e-01	1734
9.645449185469891e-01	-1.143642035455800e-01	1735
9.755460437703802e-01	-1.026905854965644e-01	1736
9.839433808873941e-01	-9.246100370731823e-02	1737
9.954665934477825e-01	-7.558305536281307e-02	1738
9.998299130142727e-01	-6.725356187283910e-02	1739
7.550904710051287e-02	-1.844535052580651e-01	1740
9.336120905986815e-02	-1.941392020503034e-01	1741
1.122218162899452e-01	-2.032148170562111e-01	1742
4.250976741002263e-03	-1.246133917774995e-01	1743
3.571389748059727e-01	-2.651090827808336e-01	1744
3.876570413307313e-01	-2.675923623967842e-01	1745
1.004451840265798e+00	4.225918016348092e-02	1746
1.003131262514734e+00	4.996726099881667e-02	1747
5.252247432120133e-01	2.576671206831330e-01	1748
4.930985153364497e-01	2.583204374104352e-01	1749
9.098337935324923e-01	1.466026192579068e-01	1750
8.902954058474952e-01	1.588093396833025e-01	1751
8.705122927514957e-01	1.700448556316486e-01	1752
8.503015914041617e-01	1.802214444193747e-01	1753
8.282137803792394e-01	1.901689811695449e-01	1754
8.026401218228826e-01	2.006095867991411e-01	1755
7.740887004149550e-01	2.111082209499427e-01	1756
7.437242304912833e-01	2.209632343278328e-01	1757
7.121444176818396e-01	2.298635559338205e-01	1758
6.795164860993891e-01	2.377154537382290e-01	1759
6.466834236651438e-01	2.443605268420293e-01	1760
6.152472013242981e-01	2.496457715272898e-01	1761
1.323773694084355e-01	1.942325114138511e-01	1762
1.823349346965640e-01	2.147091072609877e-01	1763
1.553513899175164e-01	2.043782273326863e-01	1764
1.124368295564951e-01	1.851076269640688e-01	1765
1.085283571241210e-02	1.152649040927970e-01	1766
8.770946394234681e-01	-1.764996821822708e-01	1767
8.954467169198168e-01	-1.659337971683541e-01	1768
9.149521603343986e-01	-1.536318309635583e-01	1769
4.743932237251884e-01	-2.695756925234775e-01	1770
4.998820792447862e-01	-2.693305345317510e-01	1771
1.932546691775151e-03	1.052430033696125e-01	1772
-3.898365385564814e-03	9.755618181043985e-02	1773
-1.009441493853464e-02	8.921176063855275e-02	1774
-1.562229132131113e-02	8.027270975795679e-02	1775
-2.018090830074951e-02	7.183905619692417e-02	1776
9.390154542541014e-02	1.769814069751994e-01	1777
7.794463570348234e-02	1.682112038293916e-01	1778
6.027043801045757e-02	1.549809856921260e-01	1779
4.491052135179344e-02	1.439263427529366e-01	1780
3.385778712631075e-02	1.362927873997310e-01	1781
2.238515104202361e-02	1.266391566834340e-01	1782
4.609877964894075e-01	2.580323281393865e-01	1783
4.272551886380873e-01	2.570102592837449e-01	1784
3.934073379284795e-01	2.550986233969120e-01	1785
9.842511793480082e-01	8.280316869094621e-02	1786
9.750993356301473e-01	9.350856815039593e-02	1787
5.613337823322669e-01	-2.660679895134558e-01	1788
5.962606605812171e-01	-2.625156253687332e-01	1789
6.313205285031988e-01	-2.574210001759443e-01	1790
6.653855519324080e-01	-2.511459599376050e-01	1791
1.634406459121557e-01	-2.250376806827348e-01	1792
1.938289682624803e-01	-2.351728297657449e-01	1793
2.258038613456618e-01	-2.437861029007063e-01	1794
2.579398524006371e-01	-2.504672051041415e-01	1795
2.901581161130315e-01	-2.562801894622718e-01	1796
3.238691141814680e-01	-2.613180438917530e-01	1797
1.003997624353459e+00	-8.916489637349886e-03	1798
1.009605010582617e+00	-3.061262728664183e-02	1799
1.006405789586396e+00	6.638761610488986e-02	1800
-3.612341464330383e-02	1.751620472417930e-02	1801
-3.068054255510704e-02	6.479575332650254e-03	1802
1.010392618285599e+00	-6.694242470016348e-02	1803
6.904237662066662e-01	-2.834340985240237e-01	1804
8.588781020591693e-01	-2.196205909783033e-01	1805
3.455434610670983e-01	2.869527979755080e-01	1806
1.006550563454021e+00	3.899897885113527e-02	1807
1.003072779663808e+00	-6.747454765036691e-03	1808
1.000754471422624e+00	5.472655655833772e-03	1809
1.000983880949583e+00	-5.494392971455783e-03	1810
1.001600019067065e+00	-9.469229170188999e-04	1811
-2.758854693538190e-03	-1.420095142119198e-01	1812
1.003548490381497e+00	8.990908790527632e-03	1813
1.001906982888600e+00	-3.151302489040326e-04	1814
9.509160219262038e-01	1.436139124931519e-01	1815
1.004293364273324e+00	1.219734495479568e-02	1816
1.007103237399251e+00	2.386895318658339e-02	1817
1.004632614993589e+00	2.011820115399662e-02	1818
1.001562488452786e+00	1.002182705645679e-03	1819
9.557786905627632e-01	-1.500611123718042e-01	1820
8.807528185018817e-01	-2.067667424087431e-01	1821
-3.761102972610322e-02	-1.887061707605280e-02	1822
-3.400142920772742e-02	-8.631381636468399e-02	1823
4.488935033401883e-03	1.329005761777339e-01	1824
1.882309699019966e-01	2.494788228736700e-01	1825
1.005785709802738e+00	-2.013637631457182e-02	1826
9.806720127463378e-01	1.115380760986892e-01	1827
8.341998559857632e-01	-2.325477383536924e-01	1828
1.120342355109848e-01	-2.330224130527822e-01	1829
1.008950776703440e+00	-3.916613579804431e-02	1830
-3.001583930656592e-02	-9.686019273714716e-02	1831
4.742382359299562e-01	-3.072753104958921e-01	1832
1.007542704964953e+00	5.649403747469921e-02	1833
5.740682148156490e-01	2.926938447075257e-01	1834
1.002978159304829e+00	-8.646519221298553e-02	1835
5.480917515330849e-01	-3.056729771937121e-01	1836
-3.204291420509205e-02	7.191811285196943e-02	1837
1.328539549871987e-01	2.252506784262892e-01	1838
1.382653446640535e-01	-2.461424973077274e-01	1839
4.310907130571581e-01	-3.073589887497783e-01	1840
3.760288159245778e-01	2.905831312957446e-01	1841
-4.158293008954105e-02	-5.783983178900676e-02	1842
-3.960282690234699e-02	-6.621696612992267e-02	1843
1.001356982456283e+00	2.264211774237497e-03	1844
-2.924925665173384e-02	-7.344000626185002e-04	1845
9.673701829824001e-01	1.272564497121151e-01	1846
2.200050445730784e-01	2.599821097247761e-01	1847
1.001444456567998e+00	-2.223467502911391e-03	1848
1.004938541601938e+00	-1.212321093690739e-02	1849
-3.724622704300685e-02	-7.612535733184825e-02	1850
1.001668555546059e+00	1.448504578609646e-03	1851
1.002752244881828e+00	6.805350911320573e-03	1852
1.001893159967941e+00	3.843181154968604e-04	1853
1.001724317286804e+00	-1.390647586145810e-03	1854
-3.494936192308062e-02	6.263426811643275e-02	1855
-3.741016875723984e-02	5.476208171517001e-02	1856
1.007754120654174e+00	3.064791894695991e-02	1857
1.010975778833561e+00	-5.685321054349367e-02	1858
9.102485939784966e-02	-2.218056755556568e-01	1859
3.155392181989042e-01	2.821133415909861e-01	1860
2.843030613056459e-01	2.757983373799867e-01	1861
2.526711299998904e-01	2.686090485579571e-01	1862
1.003356618736311e-02	-1.571473512442447e-01	1863
2.457477466805678e-02	-1.713060514931088e-01	1864
3.874779772782491e-02	-1.849511801570861e-01	1865
1.015042462225244e+00	-4.749047029736980e-02	1866
1.008510287698875e+00	-2.378640956595991e-02	1867
7.239956745366358e-01	-2.744081691223261e-01	1868
7.552378331912417e-01	-2.646445824173422e-01	1869
7.833748914148035e-01	-2.545874575799359e-01	1870
8.091059891400822e-01	-2.441201823537162e-01	1871
-3.147694742613521e-02	-8.066857630600855e-03	1872
-4.313381092031019e-02	-4.919657007088803e-02	1873
-4.455470347826643e-02	-3.137546091899675e-02	1874
-4.414532633534975e-02	-4.031762759283423e-02	1875
1.002545152566353e+00	7.547270078262791e-02	1876
-3.948458147699064e-02	4.662701555918881e-02	1877
-4.107151527424033e-02	3.824316138394435e-02	1878
-4.210538319107388e-02	2.975456141547204e-02	1879
9.706573591460530e-01	-1.347512778637555e-01	1880
9.825153201379465e-01	-1.203649490419228e-01	1881
9.915718526640237e-01	-1.073675745904915e-01	1882
9.980726749703985e-01	-9.635677637793043e-02	1883
1.007024097925485e+00	-7.639630184380189e-02	1884
5.413693543009299e-02	-1.980470924431919e-01	1885
7.214732557434834e-02	-2.107435864931440e-01	1886
-2.344991763941644e-02	-1.100355973895608e-01	1887
-1.430954599660963e-02	-1.262408649811919e-01	1888
3.695049794348566e-01	-3.034828701655681e-01	1889
4.004964609860037e-01	-3.060093217312250e-01	1890
1.012179646414679e+00	4.758683405693111e-02	1891
5.430014003478683e-01	2.947649234009009e-01	1892
5.105525163991063e-01	2.959624619922306e-01	1893
9.324027039831374e-01	1.596002681803805e-01	1894
9.130783487727275e-01	1.745198778478914e-01	1895
8.933278958630870e-01	1.882880157233349e-01	1896
8.728216744854396e-01	2.010115624161106e-01	1897
8.510920709873699e-01	2.128855835043847e-01	1898
8.267453119967646e-01	2.247649987583230e-01	1899
7.991083799003250e-01	2.368591475050843e-01	1900
7.689053652164549e-01	2.485884958643905e-01	1901
7.370681392636699e-01	2.593566406819596e-01	1902
7.040167020576662e-01	2.689383884898270e-01	1903
6.703192639737945e-01	2.771837105758687e-01	1904
6.372460957376485e-01	2.839298188637662e-01	1905
6.053717215067528e-01	2.891327734501268e-01	1906
1.587138218797796e-01	2.375898247780804e-01	1907
1.114823031438403e-01	2.140210439337657e-01	1908
9.280432488380329e-02	2.047031801444334e-01	1909
9.380131337270396e-01	-1.658834594676822e-01	1910
8.997588815445842e-01	-1.944890708956900e-01	1911
9.187008263015717e-01	-1.811004893606656e-01	1912
5.160966148868407e-01	-3.074545849193458e-01	1913
-5.526001503472652e-03	1.205549341963266e-01	1914
-1.252912501726519e-02	1.099463098686097e-01	1915
-1.801462333150671e-02	1.012771925239082e-01	1916
-2.378779322816727e-02	9.123822212065287e-02	1917
-2.827568438311924e-02	8.142134155581297e-02	1918
7.414105340597438e-02	1.940670247639823e-01	1919
4.024767638682943e-02	1.663500828080003e-01	1920
2.795819955572575e-02	1.562137663503214e-01	1921
5.559084460561654e-02	1.798784380360201e-01	1922
1.590287212067915e-02	1.456103451549189e-01	1923
4.774534504455803e-01	2.960379243991523e-01	1924
4.438880100342856e-01	2.951614183779335e-01	1925
4.092211274840638e-01	2.933437228473822e-01	1926
9.975967061739102e-01	8.580792648956785e-02	1927
9.905925149161190e-01	9.759544900897618e-02	1928
5.831994163598800e-01	-3.026957648199514e-01	1929
6.197792624312671e-01	-2.977725750443075e-01	1930
6.556296171239803e-01	-2.912658577644170e-01	1931
1.683343956122596e-01	-2.590117521847038e-01	1932
2.009058790231847e-01	-2.705325781280650e-01	1933
2.346187354319419e-01	-2.800447521764812e-01	1934
2.676728876517334e-01	-2.873380731754787e-01	1935
3.016448518773822e-01	-2.940152744078167e-01	1936
3.363940887956434e-01	-2.995142650597915e-01	1937
1.397990366444019e-01	-2.824586028044598e-01	1938
1.001557029356558e+00	2.843230183206575e-03	1939
1.004804898735352e+00	-7.765048506467634e-03	1940
1.004282755197718e+00	-6.837319578215250e-03	1941
1.002113629366062e+00	-1.042357731547875e-03	1942
1.005561437541897e+00	1.384575817346554e-02	1943
9.446824276083247e-01	-1.941736846964241e-01	1944
1.001670798927314e+00	-2.798706069162053e-03	1945
1.012317414742840e+00	7.428031313341769e-02	1946
1.108059082162730e-01	-2.667887302348795e-01	1947
1.008120881225891e+00	2.052634176682854e-02	1948
1.006825049751542e+00	1.839808050374473e-02	1949
1.006316385862217e+00	-1.371920227839434e-02	1950
1.001842210643173e+00	-1.891051598632033e-03	1951
1.002964400656156e+00	-5.624893166086207e-03	1952
1.004749352785125e+00	-1.030835993848026e-02	1953
1.004212735234141e+00	1.040264103857926e-02	1954
-5.217799672852592e-02	-5.525690444596672e-02	1955
1.001947237410960e+00	7.054483496623478e-04	1956
1.614695194141922e-01	2.750437175903683e-01	1957
-1.126863381875648e-02	-1.615797662558529e-01	1958
9.256928218637337e-01	-2.109967193347678e-01	1959
8.861795110696106e-01	-2.407736685005984e-01	1960
-4.814538955375914e-02	5.294626189156180e-02	1961
5.617595633848550e-01	3.360522034327689e-01	1962
3.250978919993165e-01	3.240682494196888e-01	1963
9.786602557296982e-01	-1.574569603831342e-01	1964
7.181361980255377e-01	-3.180772839381836e-01	1965
4.141308562772208e-01	-3.489296025966047e-01	1966
-1.447733142806402e-02	1.377457413050790e-01	1967
4.936961476197468e-02	2.073392349779404e-01	1968
8.724454337213929e-02	-2.529253921296829e-01	1969
1.014042083469058e+00	6.230746833952053e-02	1970
1.015488751218288e+00	5.493875068946594e-02	1971
-3.676975232880995e-02	1.019193657384643e-02	1972
-2.319669167224228e-02	-1.443651021858330e-01	1973
6.825825135362923e-01	-3.278573846592563e-01	1974
8.623965371942494e-01	-2.559902704291718e-01	1975
3.568925777894368e-01	3.292561695013038e-01	1976
1.001765689439853e+00	5.196946350799299e-03	1977
1.001992544540095e+00	-5.167890311241887e-03	1978
1.001973929508107e+00	-6.344427807175622e-04	1979
1.004410825144816e+00	7.897614166599769e-03	1980
1.003943748260023e+00	6.955021649509498e-03	1981
1.001596437921696e+00	-3.492550648617209e-03	1982
1.008310773249143e+00	2.730696643689392e-02	1983
1.001452913017489e+00	3.526317906856673e-03	1984
9.067674051704007e-01	-2.260242885680673e-01	1985
9.628439296223047e-01	-1.758896850157667e-01	1986
-4.476887976960334e-02	-2.285677495732941e-02	1987
1.937158826842963e-01	2.886592346767780e-01	1988
1.009944626660989e+00	-2.719151282250248e-02	1989
9.739717142451043e-01	1.507816284472074e-01	1990
1.012652644862137e+00	-3.490321676062726e-02	1991
-4.410186031677047e-02	-9.598262315381303e-02	1992
5.348848559082640e-01	-3.495648169217907e-01	1993
3.901637370073066e-01	3.331746501192381e-01	1994
1.325253185932170e-01	2.603479900287486e-01	1995
-4.727939316293634e-02	-8.479257657911350e-02	1996
1.002702955271308e+00	5.693195417075715e-03	1997
-3.525676293820237e-02	1.637600053442988e-03	1998
-3.548651142919913e-02	-2.904842493704740e-03	1999
9.880545805684869e-01	1.315504864260571e-01	2000
-5.095293999468516e-02	-6.442921379420598e-02	2001
-4.938441544319611e-02	-7.366190106123804e-02	2002
1.001765230091296e+00	1.950392014260864e-03	2003
1.002359131651694e+00	4.384473798768994e-05	2004
1.002069915401342e+00	1.117462946969613e-03	2005
-4.429369553844554e-02	7.044830410528444e-02	2006
-4.638146019268927e-02	6.167153355840271e-02	2007
1.010517523352923e+00	3.505782374015682e-02	2008
2.931343881188782e-01	3.173283584697449e-01	2009
2.609699100410706e-01	3.093844198289321e-01	2010
2.277088336875278e-01	3.003154866972964e-01	2011
2.159474506249866e-03	-1.790803549648055e-01	2012
1.566431777399648e-02	-1.940055922570344e-01	2013
1.017756285468803e+00	-6.228578682356751e-02	2014
1.018760750715857e+00	-5.474086176122551e-02	2015
1.007874398537709e+00	-1.825738515683898e-02	2016
1.009309102400477e+00	-2.033150676623113e-02	2017
7.517199589913465e-01	-3.071487623219715e-01	2018
7.824452701126763e-01	-2.955765342091620e-01	2019
8.103710344741918e-01	-2.835071105143062e-01	2020
8.366964933548264e-01	-2.705018788566639e-01	2021
-3.771446587955737e-02	-1.150342879370013e-02	2022
-5.299849637432916e-02	-3.626962359607361e-02	2023
-5.286077537083073e-02	-4.580840296304443e-02	2024
-4.941733442097924e-02	4.394135510858742e-02	2025
-4.295580301579743e-02	2.161630265489247e-02	2026
-5.019043983671938e-02	3.482168737348718e-02	2027
9.913284911774264e-01	-1.397680640755575e-01	2028
1.000833685077623e+00	-1.235326240922173e-01	2029
1.007478432107517e+00	-1.093816588156595e-01	2030
1.012129000769936e+00	-9.721519892636163e-02	2031
1.013727246506627e+00	-8.496408009804528e-02	2032
1.016678301051007e+00	-7.454638036006395e-02	2033
3.033608071884970e-02	-2.096047491330624e-01	2034
4.763748064721151e-02	-2.253997434836567e-01	2035
6.700899792500896e-02	-2.400476248058900e-01	2036
-3.985944169705142e-02	-1.097253144620098e-01	2037
-3.241518957059487e-02	-1.253639588660236e-01	2038
3.817396351900285e-01	-3.463613026329616e-01	2039
5.288716400726886e-01	3.377323800149031e-01	2040
9.570456504502317e-01	1.700268281798582e-01	2041
9.385333542445837e-01	1.882617811333692e-01	2042
9.191521644184004e-01	2.051428042723935e-01	2043
8.987501220115037e-01	2.208780479893959e-01	2044
8.770063350387427e-01	2.355785735829823e-01	2045
8.533263692973005e-01	2.496162110532902e-01	2046
8.266717835054175e-01	2.636408029661594e-01	2047
7.969463289871795e-01	2.775051243022217e-01	2048
7.649056474960377e-01	2.905702528943674e-01	2049
7.313008403325545e-01	3.023507473701225e-01	2050
6.966961038503584e-01	3.126249767252736e-01	2051
6.620908549253364e-01	3.212059254749385e-01	2052
6.282538529521686e-01	3.280472377065918e-01	2053
5.948012622872150e-01	3.330957425966914e-01	2054
1.085225754354668e-01	2.462530846133296e-01	2055
8.925146148224877e-02	2.353547025488074e-01	2056
4.531092225976889e-01	-3.499887366043210e-01	2057
4.954362799970716e-01	-3.503224030115109e-01	2058
-2.277313697111947e-02	1.241193646745551e-01	2059
-2.805062938252810e-02	1.134753096714963e-01	2060
-3.353591630501804e-02	1.032521434344295e-01	2061
-3.784357476119891e-02	9.151405963951996e-02	2062
-4.158452302020924e-02	8.097539918621205e-02	2063
6.982228273554596e-02	2.233657707893392e-01	2064
1.984791127482356e-02	1.783182352623012e-01	2065
3.239532486769481e-02	1.907477349003170e-01	2066
-4.184257499688364e-03	1.518827128255321e-01	2067
7.886515278430418e-03	1.665012604117525e-01	2068
4.947817598972504e-01	3.383085434886265e-01	2069
4.603862049676442e-01	3.376965545099150e-01	2070
4.253029699291884e-01	3.359991105721323e-01	2071
1.008650627523501e+00	8.478975945442829e-02	2072
1.005743832454259e+00	9.870815100059754e-02	2073
9.984753216119533e-01	1.138725112091385e-01	2074
5.697305514411836e-01	-3.470714385773565e-01	2075
6.076876994738183e-01	-3.427298788535840e-01	2076
6.457272271086129e-01	-3.361429659789263e-01	2077
1.724748072370599e-01	-2.973469409700755e-01	2078
2.073793398661696e-01	-3.103245868495228e-01	2079
2.426482654253975e-01	-3.206116272369849e-01	2080
2.769586693768260e-01	-3.288200740840554e-01	2081
3.126861090186287e-01	-3.363274798381143e-01	2082
3.481112732673005e-01	-3.422305298376986e-01	2083
1.014299548559457e+00	-4.013419961933038e-02	2084
1.009635251641081e+00	1.815461659343239e-02	2085
1.006695275184200e+00	-1.141595234305932e-02	2086
1.013885483825997e+00	-2.985859750335431e-02	2087
1.007465564297199e+00	-1.565394970168414e-02	2088
-6.268009161855584e-02	-6.128930350175020e-02	2089
5.655659599271882e-01	3.829845785904216e-01	2090
7.490504440037127e-01	-3.549124196947719e-01	2091
3.009817292299086e-01	3.636746729116939e-01	2092
1.012061385846715e+00	3.018346616476332e-02	2093
-5.916620202881658e-02	4.969183058614787e-02	2094
5.981002589722851e-02	-2.726799910268529e-01	2095
9.548295338079054e-01	-2.247031250952858e-01	2096
1.005576044699134e+00	-6.721157534920180e-03	2097
9.728929347258609e-01	-2.040180010633706e-01	2098
1.312427760488556e-01	2.999711583591173e-01	2099
1.022279209551869e+00	-4.830713709337589e-02	2100
7.128848856038225e-01	-3.670477501152318e-01	2101
-5.891503370924370e-02	-9.400323561445081e-02	2102
1.001891929177810e+00	2.538755861817426e-03	2103
1.002434956168749e+00	6.186651929327192e-04	2104
1.002204230611267e+00	1.637881776218745e-03	2105
1.019373800720255e+00	4.883056227513147e-02	2106
-2.743563036872597e-03	1.889519151004530e-01	2107
-3.408751684238480e-02	-1.641586861980186e-01	2108
-4.346623173028114e-02	1.381201000017886e-02	2109
6.748363020492707e-01	-3.776048352589880e-01	2110
4.325780350489495e-01	-3.967782041266740e-01	2111
1.023440790787414e+00	-9.242346065492517e-02	2112
1.024075975236258e+00	-8.229626379698068e-02	2113
1.401791093544647e-01	-3.234241018969515e-01	2114
3.943635238840469e-01	-3.942759934931009e-01	2115
-2.172890567422572e-02	-1.829225268699607e-01	2116
1.021201293789412e+00	6.949692034855549e-02	2117
1.021769729582267e+00	6.001196059218382e-02	2118
9.976249718570008e-01	1.536553994813847e-01	2119
3.691090051028781e-01	3.765965788865274e-01	2120
1.002244678669636e+00	-1.609842635409296e-01	2121
-3.428408866819997e-02	1.402284171414952e-01	2122
2.260986206560413e-02	2.178376940867799e-01	2123
4.049514656843397e-01	3.807417370274819e-01	2124
1.081970689678468e-01	-3.049088232342216e-01	2125
8.180180091698488e-02	-2.879551530889770e-01	2126
1.002628713646722e+00	4.702091612699110e-03	2127
1.002458743926015e+00	-5.278599036637891e-04	2128
1.006580323407660e+00	1.581479450585993e-02	2129
8.938888551865410e-01	-2.787508110489094e-01	2130
1.002270188485138e+00	-1.558990226891168e-03	2131
1.001994898731664e+00	-2.477707012507538e-03	2132
1.010569051752622e+00	2.379473871325552e-02	2133
1.004023116531550e+00	-6.090960506742008e-03	2134
1.005545054978345e+00	-9.033765756808910e-03	2135
1.006074358279497e+00	1.159869073164762e-02	2136
1.005230533018322e+00	6.905076264996373e-03	2137
1.634240674782525e-01	3.172077542848781e-01	2138
-5.829747191115281e-02	5.932702657584638e-02	2139
3.346737297701913e-01	3.709740029616226e-01	2140
9.890572281191889e-01	-1.823936393858211e-01	2141
3.593633610847379e-01	-3.899779110968179e-01	2142
-2.567961372383699e-02	1.564416422862399e-01	2143
-5.081489757621237e-02	2.575576902785016e-02	2144
-4.466946426050092e-02	-1.485859111753988e-02	2145
1.003725905148226e+00	6.204441835501474e-03	2146
1.001727036283881e+00	-4.281683698626327e-03	2147
1.005073384815571e+00	9.188948289625687e-03	2148
1.002839237489117e+00	-4.626718109304684e-03	2149
1.002269111978024e+00	-3.214133086601336e-03	2150
1.011844804908191e+00	4.031314578483940e-02	2151
1.001546264388963e+00	4.311278058697382e-03	2152
9.163801124493807e-01	-2.610076913650369e-01	2153
9.361250572476577e-01	-2.434617181519487e-01	2154
-6.294934331904969e-02	-5.126863163852613e-02	2155
-5.294385142025404e-02	-2.682197092422070e-02	2156
1.011974412541990e+00	-2.349098010646114e-02	2157
1.002131195917732e+00	3.279994449514031e-03	2158
-4.071355432812363e-02	-4.490587526691007e-04	2159
-6.173325442536481e-02	-7.093929898820681e-02	2160
-6.078505644567062e-02	-8.145101590602306e-02	2161
-5.680338388237090e-02	6.859053172129043e-02	2162
1.984857566359700e-01	3.326311724588472e-01	2163
2.677215182176525e-01	3.548382546010229e-01	2164
2.341921587224724e-01	3.452471619158736e-01	2165
-9.067197175024418e-03	-2.021927660344908e-01	2166
1.010678269217024e+00	-1.784404575568189e-02	2167
7.825740358042905e-01	-3.416877461512652e-01	2168
8.131594775684593e-01	-3.277140306506449e-01	2169
8.414433358162445e-01	-3.128166915480679e-01	2170
8.684724465992323e-01	-2.964144916191636e-01	2171
-4.249874169411267e-02	-5.743477233277929e-03	2172
-6.269475894500376e-02	-4.118949170674316e-02	2173
-5.954825746119997e-02	3.998212209522532e-02	2174
1.012041265759506e+00	-1.410233020896824e-01	2175
1.018560709019689e+00	-1.232444913678325e-01	2176
1.020952249025090e+00	-1.075766930865386e-01	2177
1.025314353295539e+00	-5.947049818986451e-02	2178
1.025254361293573e+00	-6.912188812549885e-02	2179
4.152599536612341e-03	-2.188279752650316e-01	2180
2.026262813301006e-02	-2.371954617605821e-01	2181
3.916582454110909e-02	-2.558042501308817e-01	2182
-5.594194358175033e-02	-1.069202777492831e-01	2183
-5.106675427392645e-02	-1.243604251035922e-01	2184
-4.371956763955649e-02	-1.421305059320292e-01	2185
9.832368059549667e-01	1.764360549628728e-01	2186
9.663926737990483e-01	1.985905058516616e-01	2187
9.479743099367616e-01	2.193243089537703e-01	2188
9.281864567483589e-01	2.386964902947400e-01	2189
9.067156274988437e-01	2.569283521643423e-01	2190
8.833134561228823e-01	2.741584719199218e-01	2191
8.574087007449885e-01	2.907927340453141e-01	2192
8.283577562706599e-01	3.072081934261545e-01	2193
7.963632135592116e-01	3.230222270774270e-01	2194
7.621789121551835e-01	3.375788028937323e-01	2195
7.265632758729768e-01	3.504543729042202e-01	2196
6.903942588355514e-01	3.614059845810589e-01	2197
6.545431726191009e-01	3.703296862192753e-01	2198
6.188716545921518e-01	3.772550614204732e-01	2199
4.187207719022196e-02	2.380641825302882e-01	2200
1.038257783760739e-01	2.825337497633916e-01	2201
8.297707015872617e-02	2.692126748358284e-01	2202
4.742457949015324e-01	-3.978786725949636e-01	2203
5.164629560373727e-01	-3.978894961425202e-01	2204
-4.051022552256398e-02	1.261416887101044e-01	2205
-4.499398810536034e-02	1.157195286922997e-01	2206
-4.941840227144597e-02	1.022400820479925e-01	2207
-5.275419626320160e-02	9.064785000374667e-02	2208
-5.527950982495441e-02	7.868278015161831e-02	2209
6.328308470355687e-02	2.557764315160955e-01	2210
8.521110888271422e-03	2.022057010818199e-01	2211
-1.466488734993038e-02	1.725841506761068e-01	2212
5.132525935076778e-01	3.852118868520834e-01	2213
4.774929835496203e-01	3.850608896721777e-01	2214
4.414178473324831e-01	3.835456261578747e-01	2215
1.008431534651582e+00	1.318568399539424e-01	2216
1.019268593883685e+00	8.262996802397128e-02	2217
1.017751665375117e+00	9.406160435478461e-02	2218
1.013290436885576e+00	1.117460086923055e-01	2219
5.561034000222268e-01	-3.961518126635824e-01	2220
5.945900259985237e-01	-3.926018980258290e-01	2221
6.352623611159463e-01	-3.862769291159233e-01	2222
1.757131353266159e-01	-3.405110512902118e-01	2223
2.130533046717292e-01	-3.549591835470057e-01	2224
2.496212136682542e-01	-3.660424816425141e-01	2225
2.856579301782405e-01	-3.753857715330674e-01	2226
3.229493857352492e-01	-3.836829874512201e-01	2227
7.080099313910455e-01	-4.219537359142332e-01	2228
1.003077329529552e+00	3.747474768062862e-03	2229
-5.478638588358307e-02	1.406208957912038e-01	2230
-7.011841545736262e-02	6.577327060210487e-02	2231
-6.915365468740527e-02	7.543483723640984e-02	2232
1.012396678421908e+00	-2.042411072845624e-02	2233
-5.246737491695023e-02	-1.808631862794413e-02	2234
7.839546302754792e-01	-3.935089986095678e-01	2235
1.088244713603781e-02	2.484447083242696e-01	2236
9.045005168218693e-01	-3.208757927711330e-01	2237
1.039595693491990e-01	-3.478520634084938e-01	2238
1.009474043955686e+00	1.521810953825496e-02	2239
1.019629767334334e+00	-4.278737690560949e-02	2240
1.012317122217121e+00	2.738063153213771e-02	2241
1.007615555584781e+00	1.312982179389875e-02	2242
1.643308507326274e-01	3.645622264030369e-01	2243
1.003595757213321e+00	5.119735437544577e-03	2244
1.015489522771405e+00	3.522888118909450e-02	2245
-5.073284261099040e-02	-8.686441637049694e-03	2246
1.002919498292402e+00	2.630172374067165e-04	2247
1.002928357767212e+00	-1.519759502093670e-04	2248
1.017617219312946e+00	-3.477251897386014e-02	2249
2.729199912990219e-01	4.056207831113456e-01	2250
-7.214616573398508e-02	-1.036837381277426e-01	2251
-5.098054438319581e-02	1.726868086807320e-02	2252
-4.165641263687218e-02	6.320199164778811e-03	2253
1.034052164955314e+00	-8.798722586574345e-02	2254
1.033723542254879e+00	-7.653117715054755e-02	2255
4.101845925865296e-01	-4.478133572555829e-01	2256
7.442053166787432e-02	-3.273661486939800e-01	2257
-6.220162223990165e-02	-3.075664955074769e-02	2258
3.820566543339710e-01	4.295220036304821e-01	2259
9.759759030869587e-02	3.235066014268692e-01	2260
-3.904623162024783e-02	1.771187785162481e-01	2261
-7.049603684765629e-02	5.535655760802087e-02	2262
-2.815800827823273e-02	1.947700834278355e-01	2263
4.201356769883226e-01	4.337714635328672e-01	2264
3.082617064974496e-01	4.154484752753605e-01	2265
1.023025024718809e+00	5.540109828411105e-02	2266
7.472747077930844e-01	-4.085343375209987e-01	2267
1.002432301699949e+00	-2.092305384840318e-01	2268
5.022935213427775e-02	-3.089975497311703e-01	2269
1.013957295984016e+00	-2.701355454910039e-02	2270
1.008337212022220e+00	-1.287639729539806e-02	2271
6.468728520045451e-01	4.251705428009430e-01	2272
6.666992356779311e-01	-4.332973212363793e-01	2273
9.865119027916368e-01	-2.340949669077108e-01	2274
1.015493497350724e+00	-1.839003527515266e-01	2275
1.287583378352007e-01	3.445958605656304e-01	2276
1.002663144710934e+00	1.211448474368271e-03	2277
1.002341596574681e+00	2.185437699654256e-03	2278
1.017756242138651e+00	1.502416465653064e-01	2279
1.026297131373883e+00	-5.474852611887804e-02	2280
1.029492189301379e+00	6.526808548296571e-02	2281
1.392272999237935e-01	-3.695457606489314e-01	2282
3.706405090179821e-01	-4.431751874329475e-01	2283
1.033271298829674e+00	-6.435339587581612e-02	2284
-4.787149396745238e-02	1.576129572975914e-01	2285
-7.480910200274618e-02	-6.730710917572616e-02	2286
-7.438642117058254e-02	-7.727344835452102e-02	2287
1.002712421350159e+00	-1.112083263507468e-03	2288
1.002199662874529e+00	-3.992973604294289e-03	2289
1.003835352310996e+00	-5.002257752470551e-03	2290
1.002431771038745e+00	-2.103286139382596e-03	2291
1.011182205813402e+00	2.079939292213281e-02	2292
1.006272956025382e+00	-7.872417637912963e-03	2293
3.446637190476193e-01	4.234762696035544e-01	2294
1.005858865644050e+00	8.079426857974433e-03	2295
1.003244117774370e+00	-3.642797892977374e-03	2296
1.017040396508309e+00	4.323378626506680e-02	2297
9.288668215352245e-01	-2.997720297010167e-01	2298
9.499843271853001e-01	-2.788162597825075e-01	2299
9.688744712170897e-01	-2.573335926804543e-01	2300
-7.382280209498525e-02	-4.594406879968033e-02	2301
-7.457306981383399e-02	-5.656050865207551e-02	2302
-7.037964554386258e-02	4.504916194651662e-02	2303
1.010330348991924e+00	-1.488347316336378e-02	2304
1.002026516256833e+00	4.047305842259596e-03	2305
-7.393634300087401e-02	-8.968182748301207e-02	2306
2.020696274034132e-01	3.817609781591195e-01	2307
2.388782047543359e-01	3.951221316329868e-01	2308
-4.713585936053657e-02	-1.857303938023214e-01	2309
-3.579330029740657e-02	-2.053942209920884e-01	2310
8.176084340649433e-01	-3.773378729468010e-01	2311
8.484910354776628e-01	-3.600680686812965e-01	2312
8.774074614438194e-01	-3.412755038846886e-01	2313
-4.801101053381888e-02	-9.948582180641246e-04	2314
-5.977516320601348e-02	2.991640749123727e-02	2315
1.022512243366956e+00	-1.585405310014248e-01	2316
1.029623962028031e+00	-1.373756746430498e-01	2317
1.033648225095115e+00	-1.018679654796462e-01	2318
1.033055616316628e+00	-1.173821584120169e-01	2319
-2.354816182377530e-02	-2.266955957074404e-01	2320
2.820925410508879e-02	-2.894095640174166e-01	2321
-9.623065657495759e-03	-2.464615327891016e-01	2322
8.160315418758900e-03	-2.676159319277829e-01	2323
-6.943575511275593e-02	-1.198100267835126e-01	2324
-6.456277917826808e-02	-1.400204675583273e-01	2325
-5.732158440187924e-02	-1.607151048731288e-01	2326
1.009738560322108e+00	1.775624479366694e-01	2327
9.957615898447590e-01	2.038695918734109e-01	2328
9.793220135939872e-01	2.291252445014265e-01	2329
9.609078892709940e-01	2.528994217989533e-01	2330
9.403545254876237e-01	2.754271380849869e-01	2331
9.175015064563539e-01	2.968016609565853e-01	2332
8.921116657648874e-01	3.171471793172901e-01	2333
8.637667188862359e-01	3.368304382390761e-01	2334
8.321086984391797e-01	3.559534215312014e-01	2335
7.975230082371086e-01	3.739628864606070e-01	2336
7.608477721837547e-01	3.901876833194008e-01	2337
7.230274146963941e-01	4.042225483469956e-01	2338
6.849819487111140e-01	4.158729555260068e-01	2339
5.983450220564273e-01	4.326501644600129e-01	2340
3.201429922796568e-02	2.718962459877629e-01	2341
7.391950449867785e-02	3.067665251603476e-01	2342
4.522474539689501e-01	-4.502746908547047e-01	2343
4.956410159862381e-01	-4.512215818152408e-01	2344
-6.283023844482416e-02	1.139684742029446e-01	2345
-6.567990363260542e-02	1.004505296814536e-01	2346
-6.804614575434964e-02	8.741892843158558e-02	2347
5.362258260277533e-02	2.912422810176710e-01	2348
-5.331537265368074e-03	2.288209244310964e-01	2349
-1.691621051197311e-02	2.122774660000671e-01	2350
5.424709581265137e-01	4.368244688653243e-01	2351
4.769604381439904e-01	4.368442434483763e-01	2352
1.029292211030885e+00	7.744270474648357e-02	2353
1.028879245556903e+00	8.979463054826758e-02	2354
1.024647817827373e+00	1.253126049041969e-01	2355
1.027120267938608e+00	1.059341660726096e-01	2356
5.389495003246937e-01	-4.504517032606021e-01	2357
5.806035231950849e-01	-4.476822059771419e-01	2358
6.235114005851181e-01	-4.421469329123120e-01	2359
1.778882849248681e-01	-3.890019011661256e-01	2360
2.174893736401373e-01	-4.049214655538361e-01	2361
2.554038314962781e-01	-4.169300976805359e-01	2362
2.934757282858230e-01	-4.275513444702357e-01	2363
3.325070670888537e-01	-4.366340059103914e-01	2364
1.012352142071506e+00	1.734380711699375e-02	2365
1.026102911729332e+00	-4.304416486112617e-02	2366
1.023476825903819e+00	-3.755202185067790e-02	2367
-6.129340460801340e-02	-2.111550459294350e-02	2368
1.004924809604285e+00	-5.377127656066850e-03	2369
-8.286698482937195e-02	4.984428645776737e-02	2370
2.591529551745815e-01	4.565161686929674e-01	2371
8.239143305231263e-01	-4.330233595585040e-01	2372
3.837187479396170e-01	-5.029325962982277e-01	2373
-4.522578023516605e-02	2.179852963003755e-01	2374
-8.358150929857316e-02	6.083814607653394e-02	2375
3.956370791433260e-01	4.874272379858869e-01	2376
1.004163973078031e+00	-2.657267095039386e-01	2377
1.008696581079739e+00	-1.081366043423777e-02	2378
1.013770431104011e+00	-1.764056968559371e-02	2379
1.012930698540548e+00	-1.608746905492186e-02	2380
6.234437943777825e-02	3.487560647341167e-01	2381
-2.136914121547676e-02	2.585912382844706e-01	2382
1.003034779364484e+00	8.008753893146123e-04	2383
1.002827457591039e+00	1.807372895982191e-03	2384
1.046012891186301e+00	-1.298594971198752e-01	2385
1.007140320763647e+00	-9.227600745483049e-03	2386
1.007022226644790e+00	-6.632635929737972e-03	2387
1.006643402216829e+00	9.464594870401473e-03	2388
1.010084742253201e+00	1.281282891297497e-02	2389
1.002903200640298e+00	-1.702770487383639e-03	2390
1.003066965942616e+00	-6.850530190211663e-04	2391
-6.026481432809760e-02	-1.189685090548725e-02	2392
-5.645441112550341e-02	-2.392487287335142e-03	2393
1.247754298403423e-01	3.947397275334281e-01	2394
7.462469551516354e-01	-4.687318586199334e-01	2395
9.447299922737933e-01	-3.425057488844594e-01	2396
1.026850692675119e+00	4.903542874721063e-02	2397
-8.760212188583275e-02	-1.143487120331495e-01	2398
4.279103794250280e-01	-5.076271498724303e-01	2399
-7.765271777473305e-02	1.327118826273877e-01	2400
-8.364517859098534e-02	7.180768274067302e-02	2401
-8.345128462055351e-02	8.260988034033355e-02	2402
-3.282897140025196e-03	2.826281537385689e-01	2403
3.553102804788129e-01	4.814423318175099e-01	2404
1.042471448193635e+00	-7.010773321596057e-02	2405
1.367596432615925e-01	-4.213754028488841e-01	2406
9.185069936458841e-01	-3.674119897090815e-01	2407
9.784845723320658e-02	-3.961455059457009e-01	2408
6.483430120900462e-02	-3.716858160947567e-01	2409
3.794085909691945e-02	-3.494092001416017e-01	2410
7.030438697822037e-01	-4.835265586759713e-01	2411
7.866773303202181e-01	-4.517167354978844e-01	2412
1.430527298313429e-02	-3.264086388257394e-01	2413
1.638128132792470e-01	4.175778743591296e-01	2414
1.004138501228422e+00	4.131508446993945e-03	2415
1.004655941023272e+00	5.543383211568759e-03	2416
1.003512782354139e+00	6.816532470185809e-05	2417
-8.897322721504251e-02	-9.857450871993072e-02	2418
-5.954905910718921e-02	2.053581604731544e-02	2419
1.036552740858346e+00	1.421983788692032e-01	2420
1.044109767250069e+00	-8.195907858198180e-02	2421
8.968267672334508e-02	3.697492207970253e-01	2422
-5.517426949382715e-02	1.990325547122223e-01	2423
-7.268489126763765e-02	-3.447080073677020e-02	2424
3.154841308375418e-01	4.731364176398140e-01	2425
1.039709674874782e+00	9.923515515786049e-02	2426
1.019394981572738e+00	-2.375530988128478e-01	2427
1.015581299247320e+00	-2.299593031822553e-02	2428
1.010796989950446e+00	-1.241954742922683e-02	2429
1.033466323661633e+00	-2.091554124136261e-01	2430
1.002702539696863e+00	2.867816482646200e-03	2431
1.029742557376783e+00	-4.807479288328562e-02	2432
-6.426847943861456e-02	1.766420796914074e-01	2433
-7.118551448367297e-02	1.570142640527774e-01	2434
-8.789826359353362e-02	-6.159124693990297e-02	2435
1.002825303814805e+00	-2.773913336409151e-03	2436
1.004330962231265e+00	-3.980228630498996e-03	2437
1.014191645912959e+00	2.352415871322916e-02	2438
1.008094457963044e+00	1.111353928955979e-02	2439
1.006669654654173e+00	6.891021583227110e-03	2440
1.023503431585322e+00	4.386746196765322e-02	2441
1.021205156259665e+00	3.830560360710061e-02	2442
9.674281615029228e-01	-3.173658102678195e-01	2443
9.869103700449778e-01	-2.921332415072601e-01	2444
-8.654248857109256e-02	-5.035439930452486e-02	2445
-8.857475859924394e-02	-7.282525563248018e-02	2446
-8.895373947984554e-02	-8.388294355761487e-02	2447
2.039716217851353e-01	4.364502674294887e-01	2448
-4.099307671698137e-02	-2.532035415831565e-01	2449
8.579825690326118e-01	-4.128805515360904e-01	2450
8.894145246418268e-01	-3.910742875399852e-01	2451
-5.028228409820374e-02	7.731265206274129e-03	2452
-6.998852223795572e-02	3.391583260534556e-02	2453
1.045338726067402e+00	-9.524000381126152e-02	2454
1.037868537681036e+00	-1.763246758489060e-01	2455
1.042095024909242e+00	-1.533361299587424e-01	2456
1.046384153486227e+00	-1.100805181519388e-01	2457
-6.367147002024018e-02	-2.079247519804120e-01	2458
-5.344798780092197e-02	-2.291714713920844e-01	2459
-2.586862617268870e-02	-2.774816199830519e-01	2460
-7.219219594469271e-03	-3.011319946278005e-01	2461
-8.520740926870717e-02	-1.339970252613141e-01	2462
-8.005961098472093e-02	-1.567108230974932e-01	2463
-7.335380123879867e-02	-1.813364927688695e-01	2464
1.031880135596039e+00	1.694849483384850e-01	2465
1.021937020396488e+00	2.011685392790777e-01	2466
1.011853052230618e+00	2.327054449845883e-01	2467
9.960534613765384e-01	2.615422613451159e-01	2468
9.774633996114575e-01	2.891413744635851e-01	2469
9.559726116843444e-01	3.155782008708994e-01	2470
9.314545266049953e-01	3.408285973201198e-01	2471
9.038467850651403e-01	3.649442793117850e-01	2472
8.727919736003619e-01	3.882080522512938e-01	2473
8.381733822365451e-01	4.104449998509887e-01	2474
8.005855432320710e-01	4.309523115232590e-01	2475
7.610696324719027e-01	4.490291109364974e-01	2476
7.206516054124349e-01	4.643152297454528e-01	2477
6.795528802012434e-01	4.757647695575729e-01	2478
6.319197895451683e-01	4.869496703380719e-01	2479
4.728479685225704e-01	-5.099745108778294e-01	2480
-8.101470674205910e-02	1.105168454555521e-01	2481
-8.278018916026708e-02	9.659156649105130e-02	2482
4.080590254960052e-02	3.292715691316597e-01	2483
1.877377626081660e-02	3.085969306209948e-01	2484
-3.462589709787847e-02	2.369952116768963e-01	2485
5.754123989159596e-01	4.934503530029415e-01	2486
5.106909218004582e-01	4.955658575386082e-01	2487
4.464545600905999e-01	4.934308411406303e-01	2488
1.038424435391932e+00	7.155382067062761e-02	2489
1.039421606972652e+00	8.402597440624836e-02	2490
1.039427006831850e+00	1.174939770655020e-01	2491
5.185981355023103e-01	-5.103997164777612e-01	2492
6.573020173140077e-01	-4.955922964175155e-01	2493
5.639973970507741e-01	-5.085406929289455e-01	2494
6.099953882600662e-01	-5.041133300083600e-01	2495
1.785774385276660e-01	-4.433182888949455e-01	2496
2.203360005822760e-01	-4.607315882484959e-01	2497
2.597997186290084e-01	-4.738953643445318e-01	2498
3.003328113989742e-01	-4.859265946946482e-01	2499
3.420093780504226e-01	-4.954159846128432e-01	2500
1.014599132398231e+00	1.995466435951061e-02	2501
5.441915897288468e-01	-5.751657095114515e-01	2502
1.010318287240937e+00	1.053347957742314e-02	2503
5.276399885463501e-02	-4.215018380733699e-01	2504
1.030974476953941e+00	5.580708973720973e-02	2505
-9.854509902716607e-02	1.243535339522689e-01	2506
-9.578888927640471e-02	1.502694803023678e-01	2507
4.144277694805631e-01	5.544753085206715e-01	2508
2.264067595227471e-02	-3.944092526598378e-01	2509
1.042357314401016e+00	-5.990016291482156e-02	2510
8.700913946024234e-01	-4.718612119791181e-01	2511
-1.055216795646969e-01	-1.262390596129388e-01	2512
-1.010287098258749e-01	-5.425465534300339e-02	2513
1.188855646015866e-01	4.509391274124130e-01	2514
1.038914943532073e+00	6.147391285129764e-02	2515
1.015723768638545e+00	-2.035363231729936e-02	2516
1.008592285266972e+00	9.217485897923022e-03	2517
1.007458795493232e+00	8.168568702803750e-03	2518
1.007886371267191e+00	-7.877952899178715e-03	2519
-9.851013096900599e-02	6.603196198290272e-02	2520
4.823913496453588e-02	3.960070796667210e-01	2521
1.040699650105687e+00	-2.671839591303188e-01	2522
-7.119138796357738e-02	-2.390743511215519e-02	2523
9.644969550543725e-01	-3.893674645080580e-01	2524
-2.980328995191336e-03	-3.670634159901009e-01	2525
-8.451373276136166e-02	-3.778497775340785e-02	2526
1.612922793047342e-01	4.767584839296504e-01	2527
-7.488653800779992e-02	2.213317400403728e-01	2528
1.060866323325511e+00	-1.201980000964508e-01	2529
4.711549020731928e-01	-5.751771906644570e-01	2530
3.990199257831085e-01	-5.694038454154807e-01	2531
7.455503782035109e-01	-5.363540583932133e-01	2532
8.962439552179710e-02	-4.503796252051330e-01	2533
1.029772928475875e+00	-3.789974325868280e-02	2534
1.032892507353962e+00	-4.192479864710315e-02	2535
1.020587850748605e+00	3.267344753515004e-02	2536
1.016501049851185e+00	2.701423123769419e-02	2537
-7.038632869083415e-02	-1.555300794540184e-02	2538
-1.058976801202464e-01	-1.078304691418148e-01	2539
-8.162166927684873e-02	3.755371874818112e-02	2540
3.456894195634836e-01	5.397799839730302e-01	2541
8.322176964196275e-01	-4.955050288351422e-01	2542
1.025889501370592e+00	-2.986470702661038e-01	2543
1.006249372758369e+00	-5.514776098989016e-03	2544
1.009084816946594e+00	-8.873870494967465e-03	2545
2.287125942452301e-02	3.711508738024685e-01	2546
-4.017741517794222e-02	2.916313626988230e-01	2547
1.003718652225184e+00	3.107117000265044e-03	2548
1.003308049673349e+00	1.378256331085191e-03	2549
1.012777709835673e+00	-1.408045309123823e-02	2550
1.011951923540194e+00	1.456222188280315e-02	2551
1.005529101793296e+00	-4.297596862174284e-03	2552
1.003366140798725e+00	-1.251611991297748e-03	2553
6.970828586804719e-01	-5.526037323090669e-01	2554
1.034234757088922e+00	-5.468416628163626e-02	2555
-9.985090320305658e-02	9.020199725719937e-02	2556
1.053459842604152e+00	1.318114185456432e-01	2557
1.053329671956470e+00	-7.463638667762783e-02	2558
7.906721236899564e-01	-5.171101386151591e-01	2559
1.005962771872753e+00	5.744654412915256e-03	2560
1.005311477459188e+00	4.502970656972577e-03	2561
-6.624611195777581e-02	-4.017393322095832e-03	2562
7.975498228998303e-02	4.218458929735245e-01	2563
-9.718551822586115e-02	5.422618125732052e-02	2564
2.715820075263211e-01	5.224666235893056e-01	2565
1.058721446260643e+00	-1.017179937269195e-01	2566
1.018110941755226e+00	-2.638255921059092e-02	2567
1.022521066853041e+00	-3.189423785836377e-02	2568
1.010894680094659e+00	-1.010752940682563e-02	2569
1.049435337135290e+00	-2.347452679647752e-01	2570
1.002967525762399e+00	2.488302982679598e-03	2571
-8.355240642541834e-02	1.973917920873024e-01	2572
-8.971430332022473e-02	1.744195374871812e-01	2573
-1.030126218058117e-01	-6.626007436627372e-02	2574
1.003074478411735e+00	-2.380502153743103e-03	2575
1.003858324888433e+00	-2.968959849663828e-03	2576
1.030351488451303e+00	4.314798395189891e-02	2577
1.027469835929656e+00	3.900262138524066e-02	2578
9.887856909542788e-01	-3.592972718476516e-01	2579
1.009036940181172e+00	-3.292212777240205e-01	2580
-1.055902065930100e-01	-9.105752004004297e-02	2581
-1.042633497557916e-01	-7.773437165468508e-02	2582
-9.916747398968669e-02	7.731132959254046e-02	2583
2.127475176924382e-01	5.010420025071303e-01	2584
9.047264403125683e-01	-4.463970195513048e-01	2585
9.362843690218948e-01	-4.187324029280156e-01	2586
-5.963676350545676e-02	8.749642636855150e-03	2587
-6.922340458009589e-02	2.359423998621962e-02	2588
1.057395734730899e+00	-1.954544700264046e-01	2589
1.058869664202488e+00	-1.682330973439155e-01	2590
1.060611341315182e+00	-1.443347722828359e-01	2591
-8.405798680394370e-02	-2.303892198314195e-01	2592
-7.453141365675651e-02	-2.548122407065361e-01	2593
-6.131321894620775e-02	-2.821359970246078e-01	2594
-4.520130035765359e-02	-3.112643072241194e-01	2595
-2.596386903519876e-02	-3.381745716374277e-01	2596
-9.274098342706913e-02	-2.029824681181680e-01	2597
-1.036342698194300e-01	-1.497973042256106e-01	2598
-9.888224139721973e-02	-1.746510193245006e-01	2599
1.052250206114841e+00	1.591465665888783e-01	2600
1.047191244786950e+00	1.919391279939994e-01	2601
1.040525304920383e+00	2.248109511120341e-01	2602
1.033848537534152e+00	2.638999082170181e-01	2603
1.016638779719928e+00	2.958726650331902e-01	2604
9.978991894911954e-01	3.281393933079302e-01	2605
9.753680802322483e-01	3.594045107341024e-01	2606
9.490586677877815e-01	3.893330829002316e-01	2607
9.189706257322825e-01	4.179981890549307e-01	2608
8.848272607724246e-01	4.454979148063694e-01	2609
8.467882701017360e-01	4.713455095159619e-01	2610
8.057345983616323e-01	4.946903947545250e-01	2611
7.628525733976242e-01	5.148310018657740e-01	2612
7.168553776165125e-01	5.297711441303815e-01	2613
6.708587530676329e-01	5.445857266414387e-01	2614
-9.953431899513292e-02	1.055777925669121e-01	2615
-2.084831667777837e-02	3.200843425586877e-01	2616
2.305487445216133e-03	3.483799080780284e-01	2617
-5.511188769362402e-02	2.644873441682536e-01	2618
-6.622433724813716e-02	2.421026508879656e-01	2619
6.116835375700423e-01	5.554728707038183e-01	2620
5.459783860786602e-01	5.600388975960340e-01	2621
4.773816989337940e-01	5.597548394185029e-01	2622
1.051189196870053e+00	9.149403658759098e-02	2623
1.049119552367524e+00	7.703526172173199e-02	2624
1.056071395122843e+00	-8.752906160104142e-02	2625
1.052973549728939e+00	1.086924341798344e-01	2626
5.935778836848419e-01	-5.725521148481826e-01	2627
6.456516429324688e-01	-5.650821405790591e-01	2628
1.323742402244716e-01	-4.794587944349719e-01	2629
1.773489975254049e-01	-5.040047333960522e-01	2630
2.211923811376204e-01	-5.229795680724996e-01	2631
2.626882807995001e-01	-5.376322986788618e-01	2632
3.295693540379029e-01	-5.554346196149724e-01	2633
1.010516473136803e+00	8.491818579750517e-03	2634
-9.841152031705894e-02	-4.196371679603118e-02	2635
1.025824353525363e+00	3.495713861176072e-02	2636
1.017979108093733e+00	2.271903989385525e-02	2637
4.038461740011626e-03	-4.445742203504559e-01	2638
-8.190688980897601e-02	-2.252827775814454e-02	2639
7.956068714229101e-01	-5.906620467603432e-01	2640
-2.376364833401749e-02	-4.115003430780259e-01	2641
-6.944810146187134e-02	9.057796836522853e-03	2642
1.014443457778615e+00	-4.046822818819256e-01	2643
9.234987298816849e-01	-5.079320043074076e-01	2644
7.443163536628064e-01	-6.124134853657318e-01	2645
3.792153615765050e-02	-4.774724957228222e-01	2646
-1.262821895184135e-01	-1.394563042760738e-01	2647
1.015131686216873e+00	1.621691340094615e-02	2648
5.077707919793198e-01	-6.488421739597399e-01	2649
-1.169987978434755e-01	8.265301379986977e-02	2650
1.023552314608319e+00	-2.651430595215456e-02	2651
1.007665993289624e+00	-5.363119654929893e-03	2652
1.007377469433352e+00	5.665523969405692e-03	2653
1.006846413220051e+00	-4.341329665735250e-03	2654
-7.736353388141012e-02	-6.584338623543616e-03	2655
2.235504997042922e-03	4.180390933509982e-01	2656
6.736795250525715e-02	4.803861969646264e-01	2657
1.027888976987040e+00	-3.390662280002004e-02	2658
1.015382476417411e+00	-1.489798340798323e-02	2659
1.003518518244798e+00	2.046520318461349e-03	2660
1.013052721919675e+00	-1.146107666580203e-02	2661
-1.165499153860475e-01	-2.251515904496801e-01	2662
-1.256223564136785e-01	-1.172314678075736e-01	2663
-1.185120433879810e-01	9.806103171299266e-02	2664
-1.197310256185559e-01	1.395099423514613e-01	2665
1.003775422079317e+00	-6.738801751510978e-04	2666
1.039446169604952e+00	5.242375996755971e-02	2667
6.888414324529595e-01	-6.300479644073822e-01	2668
1.052068584544188e+00	-3.328681298619184e-01	2669
9.886307512029739e-01	-4.405721653695905e-01	2670
-1.190644828219587e-01	1.158396680703959e-01	2671
1.105030028029407e-01	5.137096169567514e-01	2672
-9.891018808807935e-02	2.434991693516183e-01	2673
1.034586830050340e+00	4.916927823931357e-02	2674
1.051505863286410e+00	-6.420791756358460e-02	2675
5.727315074229848e-01	-6.452602883211332e-01	2676
-1.174282962635691e-01	-5.765157452406263e-02	2677
1.012382246245027e+00	1.198851426787003e-02	2678
4.407821177469712e-01	6.291570453367323e-01	2679
-1.244928389650677e-01	-9.895314347716165e-02	2680
1.613824793272163e-01	5.451244322683849e-01	2681
1.072700809423889e+00	-2.582426815766767e-01	2682
1.017120387092232e+00	-1.728474769410214e-02	2683
1.009082955638692e+00	7.553687395834523e-03	2684
1.008253225052099e+00	6.797503631707066e-03	2685
1.008607687113797e+00	-6.456443233119296e-03	2686
1.009483160393829e+00	-7.172907553592987e-03	2687
3.157555340838818e-02	4.491034649626439e-01	2688
1.062636269609283e+00	-2.966399603837781e-01	2689
-4.194352381759972e-02	3.611296914200258e-01	2690
-2.039788626867385e-02	3.898364246595996e-01	2691
1.065220205536554e+00	9.883761026164568e-02	2692
1.074165065580483e+00	-1.092415068721989e-01	2693
8.852227079783140e-01	-5.379000703077694e-01	2694
1.021936603374245e+00	2.743685161455605e-02	2695
-1.134587384560453e-01	5.816903714661197e-02	2696
8.425384651220147e-01	-5.656653851225698e-01	2697
-6.255062776915032e-02	3.277435294283607e-01	2698
1.003741723798982e+00	8.202576398455568e-04	2699
1.010974383919149e+00	-8.041092792758071e-03	2700
1.004858097411166e+00	3.367865035729034e-03	2701
1.006617587369257e+00	4.610629572860718e-03	2702
1.005015775364910e+00	-3.178182373470269e-03	2703
1.042417346475458e+00	-5.075335687644916e-02	2704
1.037454538241183e+00	-4.778463552853588e-02	2705
3.664900247080725e-01	6.161698485095658e-01	2706
1.068468092294749e+00	1.200812198846831e-01	2707
1.047976649203636e+00	6.640293928872298e-02	2708
-9.529718508464788e-02	4.212503639894601e-02	2709
2.941952450632885e-01	5.973759057460744e-01	2710
-1.067844013462664e-01	2.192156431741595e-01	2711
-1.119783423592722e-01	1.926046736640227e-01	2712
-1.160540062796920e-01	1.679557677673162e-01	2713
1.003607437826571e+00	-1.912477087606811e-03	2714
1.033774703663578e+00	3.773153375197056e-02	2715
1.035992214160933e+00	-3.627368740694896e-02	2716
1.035411290901280e+00	-3.686715049728020e-01	2717
-1.222243622594274e-01	-8.255089586032802e-02	2718
-1.200665705281508e-01	-7.014258238819208e-02	2719
-1.154463483102664e-01	7.051038613076732e-02	2720
2.207380473632756e-01	5.733046140123836e-01	2721
9.581953507597647e-01	-4.753091825157583e-01	2722
-8.010638567184630e-02	2.629238013747619e-02	2723
1.078023208945684e+00	-2.199537347176375e-01	2724
1.077307578027388e+00	-1.323984436288425e-01	2725
1.079619912362405e+00	-1.828692367855682e-01	2726
1.078771735937361e+00	-1.576152768159353e-01	2727
-1.083130016857572e-01	-2.534807213238990e-01	2728
-9.912995005616387e-02	-2.830469306479486e-01	2729
-4.849350419116185e-02	-3.789938975988982e-01	2730
-8.557742239627231e-02	-3.139837003649052e-01	2731
-6.848510391031511e-02	-3.476346146063842e-01	2732
-1.244171087795312e-01	-1.663374301428084e-01	2733
-1.212531247096646e-01	-1.938955618815144e-01	2734
1.070743576585053e+00	1.464637219994066e-01	2735
1.070355146926271e+00	1.789592842163325e-01	2736
1.067679747408075e+00	2.134728809883087e-01	2737
1.064568269550984e+00	2.493777926515491e-01	2738
1.053637282064373e+00	2.954270541273790e-01	2739
1.041986760122636e+00	3.325255357827869e-01	2740
1.022514901418588e+00	3.700101351706848e-01	2741
9.989644763036837e-01	4.070667701625590e-01	2742
9.708027875385354e-01	4.426772562479507e-01	2743
9.379013530474505e-01	4.768327380072361e-01	2744
9.001927323373231e-01	5.093590661017720e-01	2745
8.581982297293088e-01	5.394093716682652e-01	2746
8.130397460676670e-01	5.660221530550487e-01	2747
7.386045650356216e-01	5.964849874418969e-01	2748
-7.895370276574264e-02	2.953790716089625e-01	2749
-9.062516757852453e-02	2.681445068033496e-01	2750
6.549161276240179e-01	6.217374336597189e-01	2751
5.845592030948492e-01	6.307667143543196e-01	2752
5.122186656839197e-01	6.328998307427787e-01	2753
1.069953666321894e+00	-9.224412607752010e-02	2754
1.061533555661382e+00	8.271388343825524e-02	2755
1.065759007976237e+00	-7.871237033846502e-02	2756
4.293041382238403e-01	-6.447405668784347e-01	2757
6.302819040178789e-01	-6.422113963950453e-01	2758
7.902103512445673e-02	-5.109380382053378e-01	2759
1.255958890151319e-01	-5.443636656231875e-01	2760
1.737067081276607e-01	-5.716493371724596e-01	2761
2.204375092737225e-01	-5.904355883106953e-01	2762
2.784188803251685e-01	-6.120515724023005e-01	2763
3.502001834884891e-01	-6.317024138121818e-01	2764
-1.266962431727177e-01	-3.130661972947094e-01	2765
9.463651878069910e-01	-5.762889388495496e-01	2766
-7.792969038834471e-02	1.314843169500988e-02	2767
8.546507350567863e-01	-6.445949233277692e-01	2768
5.448374661708608e-01	-7.290824531597547e-01	2769
1.012942099039787e+00	-9.113896371577928e-03	2770
1.015277321870905e+00	-1.302773952488078e-02	2771
1.050628693888826e+00	-5.477269468091771e-02	2772
1.006192722255092e+00	-3.303932365736565e-03	2773
1.040212052240836e+00	-4.149385198684351e-02	2774
3.909581408420510e-01	7.008646644386343e-01	2775
8.006897779433232e-01	-6.735695022164194e-01	2776
-1.457333985774907e-01	-1.066555587941157e-01	2777
-1.495167446562840e-01	-1.542832982445742e-01	2778
1.011061055841976e+00	-6.172588218736400e-03	2779
9.844567474141162e-01	-5.377532607637127e-01	2780
-6.906366355766877e-02	4.040907254584246e-01	2781
-4.788916928931664e-02	4.354403599819573e-01	2782
1.066925664701011e+00	-4.109629413355025e-01	2783
9.032153799311221e-01	-6.119349640586841e-01	2784
1.037690289744742e+00	4.311113658144834e-02	2785
1.047569020385127e+00	5.688970797906528e-02	2786
-8.244684916530270e-02	5.755002943390534e-03	2787
1.021878851626200e-01	5.854301181912864e-01	2788
1.618028552929600e-01	6.227065353040895e-01	2789
-1.483972618486197e-01	-1.274215693861640e-01	2790
1.020900260500185e+00	-2.260730964458832e-02	2791
4.642201758293028e-01	-7.282067615872959e-01	2792
1.103427397060683e+00	-2.023142533382082e-01	2793
1.103400022128483e+00	-2.428506954594855e-01	2794
1.092331779072306e+00	-3.247488423362396e-01	2795
-1.340873657418522e-01	7.412593879562533e-02	2796
1.059330239060629e+00	7.036310819636392e-02	2797
5.192279396005484e-02	5.459437186751925e-01	2798
-4.945489681692092e-02	-4.606074046451445e-01	2799
2.017758132374145e-02	-5.403332516935034e-01	2800
1.018072946826173e+00	1.868526705963770e-02	2801
-1.141089098552215e-01	-4.500582516022688e-02	2802
1.022907358807861e+00	2.263813797258521e-02	2803
-7.489798867055748e-02	-4.240862336591121e-01	2804
7.411509289903413e-01	-6.980512175259705e-01	2805
1.044819423717821e+00	-4.535435456183882e-01	2806
-1.819256766255014e-02	-5.005697828339429e-01	2807
1.019322026004982e+00	-2.015693666622456e-02	2808
-1.389321290946889e-01	-7.317242644438497e-02	2809
1.008218056145758e+00	-4.081870237356244e-03	2810
1.008899250908994e+00	5.395742200716287e-03	2811
1.004276787813222e+00	8.493422722186899e-05	2812
-1.108469732053678e-01	4.566006324982665e-02	2813
-2.163450089556370e-02	4.704727821958202e-01	2814
1.027537248871625e+00	-3.009898118861506e-02	2815
1.018537355473027e+00	-1.442620193498489e-02	2816
1.004064118468923e+00	1.511184032946710e-03	2817
1.014499458424424e+00	1.365996233515346e-02	2818
1.004414777093027e+00	2.442565405162547e-03	2819
1.080232636414619e+00	-3.675825146611369e-01	2820
1.017570892073857e+00	-4.963980304498097e-01	2821
-1.420694565845904e-01	1.268885822945879e-01	2822
6.763829588809853e-01	-7.166481610548959e-01	2823
-1.396159038785638e-01	1.060964712222243e-01	2824
1.012410933259504e+00	9.658840747263642e-03	2825
-1.426832598600637e-01	-8.794249979356410e-02	2826
-1.372677215087480e-01	8.825285760761202e-02	2827
1.098996779868922e+00	-2.855091402732622e-01	2828
1.010707950727299e+00	6.642135453962558e-03	2829
1.009178003618708e+00	-5.013258459424307e-03	2830
1.172608260002002e-02	5.085977829815768e-01	2831
-9.014216968793132e-02	-1.166352639334138e-02	2832
-9.515987337248275e-02	-2.770894373605961e-02	2833
1.062641654596841e+00	-6.702677625392604e-02	2834
1.025693393882735e+00	3.117842902406212e-02	2835
-8.884124988233028e-02	3.671918308861252e-01	2836
1.007994868325826e+00	4.421435844264757e-03	2837
1.006021530918031e+00	3.548620335712315e-03	2838
1.004129797103619e+00	-1.351417953056260e-03	2839
1.081657229035485e+00	1.073310781872693e-01	2840
3.120441277604708e-01	6.810845143171472e-01	2841
-1.329174774569017e-01	2.409917787386767e-01	2842
-1.383266333264704e-01	2.115059774946790e-01	2843
-1.407357384296957e-01	1.845509731670389e-01	2844
-1.423540445202786e-01	1.566240029342242e-01	2845
1.004525376178325e+00	-2.269631585858820e-03	2846
-1.358660129638668e-01	-6.022016701275329e-02	2847
-1.318175377637024e-01	6.134866750563664e-02	2848
2.353981116175172e-01	6.556106882315360e-01	2849
-9.323262571730903e-02	3.000828228260508e-02	2850
1.091912825562375e+00	-1.185720395636946e-01	2851
1.100499313087147e+00	-1.694314001434462e-01	2852
-1.429869853659341e-01	-2.478119213715127e-01	2853
-1.371090937903033e-01	-2.781609477249838e-01	2854
-9.582370565525057e-02	-3.865357594233080e-01	2855
-1.140054233244470e-01	-3.490058427152370e-01	2856
-1.493358677359938e-01	-1.827965784652282e-01	2857
-1.479723487415887e-01	-2.134442999536568e-01	2858
1.087071613928006e+00	1.319450378217822e-01	2859
1.096903045587258e+00	-1.438537773114692e-01	2860
1.091009598345035e+00	1.631739358393020e-01	2861
1.092895958218578e+00	1.983177677567257e-01	2862
1.093359544682086e+00	2.340812671278657e-01	2863
1.090030747822897e+00	2.800705449086566e-01	2864
1.082018967140919e+00	3.250173866517436e-01	2865
1.068029370462903e+00	3.701382659224967e-01	2866
1.052015718350422e+00	4.151038420739853e-01	2867
1.027239861942890e+00	4.587055396228223e-01	2868
9.971098280108238e-01	5.012668565921197e-01	2869
9.610453743919747e-01	5.420754569154553e-01	2870
9.192355778324439e-01	5.805529723492869e-01	2871
8.725881766985554e-01	6.155287887260447e-01	2872
8.050305252628341e-01	6.522431636541365e-01	2873
-1.065682573374198e-01	3.298165054568412e-01	2874
-1.183395133756230e-01	2.961653213822091e-01	2875
-1.272896572496470e-01	2.667644326314160e-01	2876
7.202257007376048e-01	6.856950489525090e-01	2877
6.306728271990021e-01	7.072153681591233e-01	2878
5.514992429420538e-01	7.132678285264589e-01	2879
4.730813097686456e-01	7.118954819772033e-01	2880
1.085939051342533e+00	-9.725696816037700e-02	2881
1.079966567754256e+00	-8.169165978004247e-02	2882
1.076094686604233e+00	8.796749442488927e-02	2883
6.058083170136414e-01	-7.260846498231557e-01	2884
6.499774258333277e-02	-5.786937683325963e-01	2885
1.158504655193043e-01	-6.166834088559273e-01	2886
1.701965641390071e-01	-6.470680830243899e-01	2887
3.766162761549219e-01	-7.167903021461189e-01	2888
2.232467466296017e-01	-6.704692206403814e-01	2889
2.937608426858813e-01	-6.958317770664113e-01	2890
-7.960362075630374e-02	-5.156717868004855e-01	2891
-1.017105628533475e-01	4.491705899752959e-01	2892
3.313983462706057e-01	7.749483823204567e-01	2893
1.049941746749887e+00	-4.561199733317609e-02	2894
-1.694465648354643e-01	-3.063389734296108e-01	2895
1.005621094742068e+00	-2.312438800460786e-03	2896
1.047365852831059e+00	4.776584920113688e-02	2897
4.210014800504934e-01	7.948105946993071e-01	2898
1.128443739388685e+00	-4.057210340099460e-01	2899
9.345376600827029e-02	6.670676518637423e-01	2900
5.034312918867357e-01	-8.199168677089280e-01	2901
-1.472486020795949e-01	-3.877105508971296e-01	2902
-1.317779865952232e-01	-4.708106890430062e-02	2903
1.014728728182709e+00	1.093099962528037e-02	2904
1.080673531455831e+00	-5.061892664190037e-01	2905
1.010920253272773e+00	-4.287311723830693e-03	2906
1.009642374520263e+00	-3.574866788094781e-03	2907
1.004975745774820e+00	1.699911504130924e-03	2908
1.025504530694422e+00	-2.232580993624150e-02	2909
1.028521025963421e+00	-2.496146787229689e-02	2910
7.338507704402365e-01	-7.944677966699281e-01	2911
5.795747509603368e-01	-8.156615324216394e-01	2912
1.051517393713163e+00	-5.572614746563211e-01	2913
-1.768261231118872e-01	-1.683873076260204e-01	2914
1.007387971651210e+00	-3.154666556616660e-03	2915
-1.215479661136137e-01	4.086954228067683e-01	2916
1.004607975034635e+00	-6.851618366358897e-04	2917
1.026766347303991e+00	2.601555691293893e-02	2918
1.125263909152487e+00	-3.569866980265345e-01	2919
-1.701635009199507e-01	-1.138660334946106e-01	2920
-1.384464556869878e-01	3.679255638223630e-01	2921
-1.747680715980875e-01	-1.394998898806050e-01	2922
1.032839046713088e+00	-3.154471594934351e-02	2923
-9.074425008803461e-02	1.621901097753975e-02	2924
-1.601099266818354e-01	-3.445474007065159e-01	2925
-1.288159635805589e-01	-4.289228688349819e-01	2926
1.131284264116915e+00	-2.224455290681158e-01	2927
1.072393968583749e+00	7.425082020500412e-02	2928
1.060333575821212e+00	-5.865524045385238e-02	2929
8.678878512901013e-01	-7.336850440364749e-01	2930
1.640483583209905e-01	-7.319554858327312e-01	2931
4.085937674496979e-01	-8.113507330951051e-01	2932
9.732713299128716e-01	-6.525306880679271e-01	2933
6.532303514399563e-01	-8.125374626019678e-01	2934
1.012832329606777e+00	-7.065168509462445e-03	2935
1.015341181289682e+00	-1.026779083871664e-02	2936
1.057142671835823e+00	6.125765427390089e-02	2937
1.007217958402904e+00	3.458543733633539e-03	2938
8.045389749730090e-01	-7.672729898102139e-01	2939
1.017955693806407e+00	1.476171159801631e-02	2940
1.009439487922090e+00	3.989348272443381e-03	2941
1.015723231425950e+00	-6.064973348793590e-01	2942
-1.195700929332521e-02	5.750772578783782e-01	2943
1.099929142320958e+00	-4.549265107544586e-01	2944
9.240774937228453e-01	-6.951105672218021e-01	2945
1.040909466985065e+00	3.670027219359667e-02	2946
1.043044442533364e+00	-3.485314767084205e-02	2947
-7.939287365712845e-02	4.867872975218316e-01	2948
1.133262560743657e+00	-2.673260567563653e-01	2949
3.478156930110873e-02	6.205013095958603e-01	2950
-1.068857813699625e-01	-4.728631579440160e-01	2951
-4.420706667084399e-02	-5.632681777299489e-01	2952
1.020667227682739e+00	-1.700984994808297e-02	2953
-1.081198642663277e-01	3.343999920331408e-02	2954
-4.936952511135478e-02	5.289421092582656e-01	2955
1.004571616938974e+00	8.684968243827142e-04	2956
-1.641581673078943e-01	1.135631001034642e-01	2957
-1.600071994521330e-01	9.409438282703729e-02	2958
1.010673055019371e+00	4.762547773347811e-03	2959
-1.655217015214352e-01	-9.368576978800240e-02	2960
-1.582827709991529e-01	-6.881462779961599e-02	2961
-1.284292732363717e-01	4.828898864272251e-02	2962
1.131551649613152e+00	-3.110435528307778e-01	2963
1.012419796821915e+00	7.620880482290105e-03	2964
-1.054918529404839e-01	-1.572063040434286e-02	2965
-1.095885234976464e-01	-3.039439518083443e-02	2966
1.030895471097804e+00	3.288892422651059e-02	2967
1.005502725462689e+00	2.535853849369957e-03	2968
1.005052022840833e+00	-1.499127532447476e-03	2969
-1.686289899620794e-01	2.321971286440089e-01	2970
-1.684607675129301e-01	1.412597177739212e-01	2971
-1.698500021623110e-01	2.006521180450276e-01	2972
-1.694070533899319e-01	1.720118085177858e-01	2973
-1.537505471046961e-01	7.033923747394030e-02	2974
2.483237081906840e-01	7.474554630989524e-01	2975
1.669886294086081e-01	7.118365491717851e-01	2976
-9.692347643901585e-02	1.605500502967480e-03	2977
-1.751291238826397e-01	-2.693637530891063e-01	2978
-1.787191059541897e-01	-1.990572752553895e-01	2979
-1.777734098214117e-01	-2.348998068917766e-01	2980
1.101155485464304e+00	1.161129572888517e-01	2981
1.112704415053219e+00	-1.275351194676658e-01	2982
1.108925350349181e+00	1.452592099268773e-01	2983
1.119647159936996e+00	-1.536185395996914e-01	2984
1.115456843218346e+00	1.797268675506891e-01	2985
1.126142093249922e+00	-1.835784795291099e-01	2986
1.120115204199359e+00	2.161158315939108e-01	2987
1.122936680628291e+00	2.596657099282212e-01	2988
1.121239811258844e+00	3.091276080002860e-01	2989
1.113800248063010e+00	3.598955027728464e-01	2990
1.102789636566517e+00	4.081690845435971e-01	2991
1.083197573606037e+00	4.619385761672551e-01	2992
1.060944136620490e+00	5.148063350839538e-01	2993
1.028438059718650e+00	5.655708101330233e-01	2994
9.888105285733909e-01	6.144244409204489e-01	2995
9.422632040182846e-01	6.599937014431490e-01	2996
8.782266115808822e-01	7.063191799386549e-01	2997
-1.511381628198671e-01	3.266262982583205e-01	2998
-1.597467438868992e-01	2.927003172876300e-01	2999
-1.646385345596848e-01	2.614070658952093e-01	3000
7.947906179302645e-01	7.498653773534349e-01	3001
6.969869707645491e-01	7.841275113908214e-01	3002
5.986308437339286e-01	8.009150204519421e-01	3003
5.114146029339074e-01	8.031528120781057e-01	3004
1.104419477940269e+00	-1.035150015078420e-01	3005
1.075201162815370e+00	-6.917864825901793e-02	3006
1.096172400555287e+00	-8.435617454747507e-02	3007
1.093064633924333e+00	9.369987399000285e-02	3008
-1.914500348742493e-03	-6.106357115723912e-01	3009
4.732453485459687e-02	-6.544580230694836e-01	3010
1.055146915286843e-01	-6.980656330992800e-01	3011
3.136099713216107e-01	-7.902114729760599e-01	3012
2.299193146606913e-01	-7.614680424866407e-01	3013
1.056069961714521e+00	5.155229398069228e-02	3014
1.119140255036370e+00	-5.617609187342383e-01	3015
-1.925439965852401e-01	1.231558465726237e-01	3016
1.008720083267265e+00	-2.799005999276961e-03	3017
1.171865449967868e+00	-3.779534837519178e-01	3018
1.168849372148269e+00	-3.393645488913546e-01	3019
3.559496783063515e-01	8.801235052388023e-01	3020
8.048453667912315e-01	-8.734107731974077e-01	3021
1.005514126063370e+00	9.248706233729586e-04	3022
1.006070533151612e+00	-1.392857336928232e-03	3023
1.033084390483663e+00	2.692845015532520e-02	3024
1.599237704789542e-02	7.054285691493808e-01	3025
8.809723570013096e-01	-8.346830860693449e-01	3026
1.012707797460453e+00	-5.077562576464380e-03	3027
1.017823401897666e+00	-1.171643343436373e-02	3028
2.408171109061777e-01	-8.645692832598093e-01	3029
1.090992529034523e+00	-6.233220233001701e-01	3030
1.045524064671125e+00	4.297835250391891e-02	3031
1.071486112657875e+00	-6.008813522186085e-02	3032
8.735736668012946e-02	7.612885430157520e-01	3033
9.158156065645144e-02	-7.887237930055548e-01	3034
1.023078219837470e+00	-1.936271729780316e-02	3035
1.005148264464704e+00	1.046668801448302e-04	3036
1.027581385333793e+00	2.123004719011941e-02	3037
-2.086150729449343e-01	-1.814604779092595e-01	3038
-1.257130257767931e-01	-3.134718572605907e-02	3039
1.005553473282084e+00	-6.982801085903975e-04	3040
-2.119164594545695e-01	-2.934874653176045e-01	3041
-1.103586272306710e-01	-2.557027583430790e-03	3042
2.611978988507850e-01	8.503861495556539e-01	3043
-1.400744902935327e-01	4.976316565776889e-01	3044
-1.049280339244482e-01	1.688596252691707e-02	3045
1.039168462920062e+00	-3.072286234235664e-02	3046
1.087979617338973e+00	7.775621071258322e-02	3047
4.577502256157264e-01	8.987020660229624e-01	3048
-8.232001972108670e-02	5.944905349319083e-01	3049
-1.143364059529345e-01	-5.777185707503709e-01	3050
-2.010468993898321e-01	1.857240353360963e-01	3051
-2.067173316158697e-01	-3.352269227781977e-01	3052
7.157405815459902e-01	-9.027633703454883e-01	3053
1.597023033755237e-01	-8.288851236229744e-01	3054
-1.435023900822740e-01	-5.256797687026293e-01	3055
4.466085710431501e-01	-9.158429505239981e-01	3056
-1.990952010183210e-01	-3.791016424519003e-01	3057
1.017111665359108e+00	1.250028871960174e-02	3058
1.008562559209072e+00	3.170875200235655e-03	3059
1.021992274379720e+00	-1.374523867938221e-02	3060
9.473368785398523e-01	-7.889535608930779e-01	3061
-2.130687682480627e-01	-2.545263595055911e-01	3062
1.006715627253043e+00	-2.251153683030720e-03	3063
-1.602665790156054e-01	4.529828405415374e-01	3064
1.021144220259924e+00	1.662434536892495e-02	3065
1.029807188691988e+00	-2.042329479080684e-02	3066
1.168489168427143e+00	-2.904183333330227e-01	3067
-1.888154564489971e-01	3.609269786744487e-01	3068
-1.757682189377291e-01	4.074123604992922e-01	3069
-1.514919477934235e-01	-4.809278677759407e-02	3070
-1.845325661042170e-01	-4.285955893130545e-01	3071
1.058757304928075e+00	-4.897939840251911e-02	3072
3.394700302233215e-01	-8.960826030136668e-01	3073
1.004320063115325e+00	-7.378466564763096e-01	3074
5.837592469511914e-01	-9.177752317175140e-01	3075
1.014924128572504e+00	-7.986050035069307e-03	3076
1.068433234754628e+00	6.339908530077359e-02	3077
1.011002950871315e+00	-2.635203576960671e-03	3078
1.052159978550635e+00	-6.824191121941789e-01	3079
-3.889540261302026e-02	6.502723119925795e-01	3080
1.158377696364617e+00	-4.560383182080982e-01	3081
1.142512425220460e+00	-4.998588725460660e-01	3082
1.034819908207974e+00	-2.553022541432799e-02	3083
-1.155887824470783e-01	5.447159998503082e-01	3084
-1.677996001414744e-01	-4.752134518846610e-01	3085
-1.833453155257765e-01	-7.479387532913269e-02	3086
-1.482172791695498e-01	4.989788743893370e-02	3087
1.010844918570272e+00	3.123455644265245e-03	3088
1.012408889769162e+00	5.639683687127812e-03	3089
-1.860329839271855e-01	9.854806596334291e-02	3090
-1.914928276651466e-01	-9.814294060519672e-02	3091
-1.976991796353287e-01	1.555025824197115e-01	3092
-1.249205074447698e-01	3.583711629424483e-02	3093
1.014448275153388e+00	8.645711730110823e-03	3094
-1.219533283194950e-01	-1.912828511391045e-02	3095
1.037276478173972e+00	3.240640826478444e-02	3096
1.005995682799983e+00	1.641675996886567e-03	3097
1.006595152647223e+00	2.527077704462314e-03	3098
-1.982929225673657e-01	-1.217729660496219e-01	3099
-2.040258831276082e-01	-1.516683666526500e-01	3100
-2.033939851194363e-01	2.176807211958961e-01	3101
-1.787645873811695e-01	7.621062019675012e-02	3102
1.723336713221621e-01	8.121846702206905e-01	3103
-2.129496643430037e-01	-2.174743129146739e-01	3104
1.124020755870264e+00	1.258269589921651e-01	3105
1.136419841230781e+00	-1.351093273158261e-01	3106
1.134878025057529e+00	1.584320309940457e-01	3107
1.146367183253440e+00	-1.633873607774877e-01	3108
1.144197879894923e+00	1.947961719486224e-01	3109
1.155920318584244e+00	-1.992563837812959e-01	3110
1.152342826032528e+00	2.362050034421774e-01	3111
1.164110425318505e+00	-2.433051600307271e-01	3112
1.157510614578530e+00	2.859345936134586e-01	3113
1.157800450256556e+00	3.407277337217388e-01	3114
1.152878968625177e+00	3.945046773003654e-01	3115
1.140745647979925e+00	4.527528906150305e-01	3116
1.124098697700083e+00	5.105891803405049e-01	3117
1.096813331585437e+00	5.738205084945699e-01	3118
1.065148901213296e+00	6.360930766791865e-01	3119
1.021613151573082e+00	6.946853734884257e-01	3120
9.613606248496449e-01	7.538785110596707e-01	3121
-1.963783441526615e-01	3.200644223526030e-01	3122
-2.012061408255970e-01	2.831755046215149e-01	3123
-2.029876100007983e-01	2.516785206349854e-01	3124
8.799080343742350e-01	8.109878813579089e-01	3125
7.787821340779555e-01	8.599282686435330e-01	3126
6.653761748587748e-01	8.922412587805117e-01	3127
5.582417780925030e-01	9.031306433697999e-01	3128
1.125935231420029e+00	-1.094582996972421e-01	3129
1.089800535052429e+00	-7.028600304571124e-02	3130
1.114884704798357e+00	-8.759680002517667e-02	3131
1.113006511879364e+00	9.933022139538868e-02	3132
-7.507495678277888e-02	-6.325951620505432e-01	3133
-2.825585408480195e-02	-6.889550084919324e-01	3134
2.779378996068816e-02	-7.402079352965593e-01	3135
1.048864218292466e+00	3.574591034409857e-02	3136
9.719635408105652e-01	-8.955036463686766e-01	3137
1.006559388153204e+00	-4.891161614803146e-04	3138
1.017620488655106e+00	-8.787191305555048e-03	3139
-1.874120143057245e-01	-5.838085018371403e-01	3140
-6.895444791070168e-02	7.358244279885965e-01	3141
1.024140544415067e+00	1.828044642382731e-02	3142
1.189110873916953e+00	-5.525326598126417e-01	3143
1.134132408221301e+00	-6.936862977027511e-01	3144
1.035673138011953e+00	-1.965614127851964e-02	3145
-1.417753245255254e-01	-2.565531013571349e-02	3146
-1.208415946772362e-01	1.526449173452942e-02	3147
-1.198072274980331e-01	6.690759936232834e-01	3148
-2.371401991163937e-03	8.034510487157303e-01	3149
2.776910231476865e-01	9.662471876789008e-01	3150
1.066215224697471e+00	5.534927960287927e-02	3151
3.726486869330510e-01	-1.014137606587371e+00	3152
2.574266714666116e-01	-9.810745038650718e-01	3153
-2.537274575051673e-01	-2.747899275871539e-01	3154
1.014337705340696e+00	6.487497744013127e-03	3155
1.024369534626077e+00	-1.618905450789050e-02	3156
-2.391970298772017e-01	3.492025333875963e-01	3157
7.951075672149005e-01	-9.941158784765263e-01	3158
1.014687292028134e+00	-5.826097804370859e-03	3159
1.021507172165233e+00	2.046259636437872e-02	3160
-1.851262489597209e-01	5.513165818335167e-01	3161
1.045616423178422e+00	-2.852676993489214e-02	3162
-2.534508572319065e-01	-3.194094576793159e-01	3163
-2.453624492074793e-01	-1.948920765152638e-01	3164
1.017085391007459e+00	9.585255087202366e-03	3165
-1.751110476872145e-01	-5.105077730785935e-02	3166
-2.053853106229284e-01	5.004752710596528e-01	3167
1.106012103307845e+00	8.136533321131192e-02	3168
1.204454763793656e+00	-4.973714557302942e-01	3169
1.215676905451007e+00	-4.254369902162923e-01	3170
1.150927437388706e+00	1.352137878244465e-01	3171
-2.374164759115152e-01	1.990283927179668e-01	3172
3.878983532777097e-01	9.974909349968053e-01	3173
1.069021829994555e+00	-5.230674014427321e-02	3174
1.084016052671792e+00	-6.026423465138604e-02	3175
4.438430542297160e-03	-8.361565528036909e-01	3176
-2.507026954064584e-01	-3.649605064735930e-01	3177
1.167581396678940e+00	-6.207716993435093e-01	3178
5.037038765396104e-01	1.013003737768234e+00	3179
8.916327922841867e-01	-9.497413632780164e-01	3180
1.010053597406229e+00	-2.149247953684554e-03	3181
1.012585369796144e+00	-3.545407084168162e-03	3182
1.052576025197257e+00	-3.631370881101362e-02	3183
1.057205932013559e+00	-3.962634992788711e-02	3184
1.588267747208899e-01	-9.396781975467080e-01	3185
1.020640251841401e+00	1.286486572228412e-02	3186
1.006134375317460e+00	1.276600630255085e-04	3187
-1.437928645699938e-01	3.699732766231978e-02	3188
8.177031186072936e-02	8.684195682834244e-01	3189
-2.300264139060421e-01	-4.706806531788506e-01	3190
-2.206790269630497e-01	4.483056583790251e-01	3191
7.644527038090727e-02	-8.912529799292028e-01	3192
6.621078333688043e-01	-1.022995660023902e+00	3193
-2.120253084764707e-01	-5.269855356962174e-01	3194
1.009925338260742e+00	2.591140534239077e-03	3195
1.043854426014985e+00	3.056738632564006e-02	3196
1.007950770069601e+00	-2.035773692068665e-03	3197
1.007206646110135e+00	-1.211905962346943e-03	3198
1.027277432472919e+00	-1.839028000558796e-02	3199
1.215454274303621e+00	-3.548495249962322e-01	3200
1.209592612417520e+00	-3.143864032429888e-01	3201
-2.313361664002371e-01	3.980270169822898e-01	3202
-2.437593486711201e-01	-4.185760004936475e-01	3203
1.039236495539207e+00	-8.338301894848149e-01	3204
5.132957143852063e-01	-1.029404561358976e+00	3205
1.081385039541470e+00	6.488263624041696e-02	3206
1.093986532775507e+00	-7.665969946852798e-01	3207
-1.569335492013342e-01	6.087407586711208e-01	3208
-2.378506862739483e-01	-1.614029310564647e-01	3209
1.012371846233260e+00	4.109213488496735e-03	3210
-1.715629135772321e-01	5.316604477973536e-02	3211
-2.112803213479858e-01	-7.794905402238418e-02	3212
-2.159346325992902e-01	1.036187599432688e-01	3213
-2.316529774280496e-01	1.668685965813708e-01	3214
-1.301431149694232e-01	-8.739969878068783e-04	3215
1.039597696938507e+00	2.632729711337289e-02	3216
1.041234787142911e+00	-2.455912345940270e-02	3217
1.006528101436091e+00	7.640189909619065e-04	3218
1.007137029879523e+00	1.515939673399839e-03	3219
1.007836222679406e+00	2.372854185376090e-03	3220
-2.211217539654637e-01	-1.021774248005094e-01	3221
-2.299230478017661e-01	-1.309458668790619e-01	3222
-2.244589028831056e-01	1.344163744256064e-01	3223
-2.066504895907452e-01	7.925736181587387e-02	3224
1.772988647283805e-01	9.248948356829140e-01	3225
-2.508165392129381e-01	-2.355087056570535e-01	3226
1.163828764965213e+00	-1.412420805543963e-01	3227
1.164937946918989e+00	1.703610396494518e-01	3228
1.177317894743221e+00	-1.742017265992575e-01	3229
1.178155435134866e+00	2.099203643721040e-01	3230
1.190905279164196e+00	-2.153526571995402e-01	3231
1.189753589131434e+00	2.577779635987399e-01	3232
1.202023938747302e+00	-2.633562729605117e-01	3233
1.198177542747180e+00	3.134519678077098e-01	3234
1.200818652576867e+00	3.720897713916989e-01	3235
1.197241800654061e+00	4.344451758512135e-01	3236
1.187495966890597e+00	4.978325599981775e-01	3237
1.168506526589422e+00	5.675506217664968e-01	3238
1.143235836580037e+00	6.369292082962293e-01	3239
1.104427171218063e+00	7.109822657529756e-01	3240
1.054501697190442e+00	7.886110123422247e-01	3241
-2.411425205504092e-01	2.350409740458047e-01	3242
-2.421815251174010e-01	3.072947701658967e-01	3243
-2.430387565380549e-01	2.697228962986416e-01	3244
9.773906156810167e-01	8.633802706451505e-01	3245
8.757957437087738e-01	9.310381692654228e-01	3246
7.529714739748330e-01	9.830572143915808e-01	3247
6.237901209787553e-01	1.009892288426862e+00	3248
1.150335135876752e+00	-1.143675395857066e-01	3249
1.106940982363139e+00	-7.120157481162007e-02	3250
1.136569730592614e+00	-9.027727393317296e-02	3251
1.136316098315539e+00	1.053762098055899e-01	3252
-1.549661475538379e-01	-6.475124663268883e-01	3253
-1.121237808881501e-01	-7.101584190159573e-01	3254
-5.821320371011650e-02	-7.771137941432363e-01	3255
-2.946646708994313e-01	-2.516053528652882e-01	3256
-2.782912910575412e-01	2.128924811655294e-01	3257
5.926211135314960e-01	-1.151850875431621e+00	3258
1.077383990492869e+00	-9.427006923542423e-01	3259
-1.003023493481547e-01	8.340635907879167e-01	3260
-3.013134449735442e-01	-3.982118250933830e-01	3261
-2.361189202961088e-01	6.123230332378538e-01	3262
4.300794521804540e-01	1.127712526898832e+00	3263
1.055021401776993e+00	4.220297434152404e-02	3264
1.009214888146611e+00	-1.532033582496086e-03	3265
1.012611819975034e+00	-1.668039970336645e-03	3266
1.066670000070197e+00	-4.235195729700142e-02	3267
-2.200645792338106e-02	-9.443163292049455e-01	3268
2.815687047751568e-01	-1.112176799208273e+00	3269
4.290880729084461e-01	-1.144864539895655e+00	3270
1.025605323642048e+00	-1.260391732471837e-02	3271
-2.044577630377306e-01	6.800132460790979e-01	3272
-9.292346462540857e-02	-8.758045937884271e-01	3273
1.019764588186792e+00	1.101321768352956e-02	3274
1.020389116047492e+00	-1.007828992556052e-02	3275
1.844534766714778e-01	1.051844014710107e+00	3276
1.016981998388478e+00	-6.673868485120315e-03	3277
-1.648926599010138e-01	3.672390253499126e-02	3278
-2.006896221431312e-01	-5.331620841143253e-02	3279
-2.896581687220914e-01	3.317730376313169e-01	3280
1.028433681393110e+00	1.678916661269243e-02	3281
-2.425718365141734e-01	-7.913968706544718e-02	3282
1.064437997294980e+00	4.481972026503344e-02	3283
-2.766191158751394e-01	-1.699355891324001e-01	3284
-2.704682661141777e-01	1.763865040329976e-01	3285
3.010402910126515e-01	1.096583793719033e+00	3286
-2.629942630957142e-01	-5.822105301021961e-01	3287
1.181879493556883e+00	1.435042620369942e-01	3288
1.188049775565104e+00	-7.704644504299858e-01	3289
5.675761098823223e-01	1.136697456392561e+00	3290
-2.865900380890495e-01	-2.096395735080830e-01	3291
1.127282235080789e+00	8.470053403095085e-02	3292
1.631009092584844e-01	-1.066151918816813e+00	3293
-2.384460220316038e-01	-6.491854336585459e-01	3294
1.097964108977346e+00	-5.886762058454291e-02	3295
9.959317002610464e-01	-1.017449724662171e+00	3296
-2.107626203322672e-02	9.156947662027057e-01	3297
1.245253198267810e+00	-6.074409999392990e-01	3298
1.034790784932570e+00	2.120759829900494e-02	3299
-1.617819936814791e-01	7.544129631119748e-01	3300
1.077721767556611e+00	5.653191913973965e-02	3301
1.016574025151352e+00	7.451739717897020e-03	3302
1.024219782047169e+00	1.438297302748838e-02	3303
1.031138050496164e+00	-1.616263072961396e-02	3304
1.028075016300813e+00	-1.429725701356413e-02	3305
-2.877954997981380e-01	3.821314666281135e-01	3306
7.549089277430118e-01	-1.131311978743857e+00	3307
1.014484673027520e+00	-4.168251374735591e-03	3308
1.047474046600047e+00	-2.204873363378918e-02	3309
-2.998708412069519e-01	-2.969457554331678e-01	3310
-2.572784759656278e-01	5.508363372567463e-01	3311
1.258661875307554e+00	-5.419521367195960e-01	3312
1.267174211608204e+00	-4.700942360632222e-01	3313
1.080456181350971e+00	-5.298074649571940e-02	3314
-3.019652338633067e-01	-3.447243832702999e-01	3315
1.220729391442301e+00	-6.889609358603970e-01	3316
8.939238478046080e-01	-1.082020109785735e+00	3317
1.012502310379022e+00	2.239777864694348e-03	3318
6.235505867402417e-02	-1.008354137645046e+00	3319
-1.376173715865783e-01	1.744591129236839e-02	3320
7.549566189246930e-02	9.894568938445552e-01	3321
-2.938947718985899e-01	-4.591510733893827e-01	3322
-2.728605336455978e-01	4.921362786591041e-01	3323
-2.822317251794965e-01	-5.178124364192248e-01	3324
1.046016632563501e+00	2.418511002477045e-02	3325
1.051264348828449e+00	2.847195205582697e-02	3326
1.008426534673433e+00	-8.594624489996910e-04	3327
1.266730926915276e+00	-3.896370264363005e-01	3328
-2.820447456324474e-01	4.351938050064664e-01	3329
1.098125221841136e+00	6.560382185598410e-02	3330
1.137475468987949e+00	-8.576200188983900e-01	3331
-1.515203208660244e-01	-6.077590560040973e-03	3332
1.014229551456413e+00	4.827672985031683e-03	3333
-1.698555013631193e-01	-2.248373906791964e-02	3334
-1.968455827022734e-01	5.532073651033770e-02	3335
-2.608442758622802e-01	1.431702273759501e-01	3336
1.041914153788607e+00	-1.815569282462021e-02	3337
1.007536596007468e+00	2.396872709300408e-04	3338
1.008371414362256e+00	1.224033675077038e-03	3339
1.009122222086172e+00	1.933974143274167e-03	3340
-2.658566344870664e-01	-1.375716377293537e-01	3341
-2.549123310657422e-01	-1.073308144523716e-01	3342
-2.501563984406674e-01	1.104839772866938e-01	3343
-2.381134471177553e-01	8.099053321010047e-02	3344
1.200020488570473e+00	1.809237623080665e-01	3345
1.195353281186876e+00	-1.474381857656693e-01	3346
1.213525196796488e+00	-1.848801305311042e-01	3347
1.217536475724044e+00	2.260380490278010e-01	3348
1.257557745125993e+00	-3.278679412522092e-01	3349
1.231047046446436e+00	-2.311484661681834e-01	3350
1.233654059573931e+00	2.799634226577163e-01	3351
1.246176305344457e+00	-2.826684138362881e-01	3352
1.245121524195805e+00	3.410484631713169e-01	3353
1.250897535158953e+00	4.065740007179598e-01	3354
1.249924972423881e+00	4.753077969180216e-01	3355
1.240253041135564e+00	5.499652499853528e-01	3356
1.222988523077340e+00	6.270048210430225e-01	3357
1.193121981945011e+00	7.105612438101055e-01	3358
1.152018023532096e+00	7.968075157810566e-01	3359
-2.845466277184341e-01	2.500078286872016e-01	3360
-2.890416336420336e-01	2.895371364002484e-01	3361
1.086637293820133e+00	8.990926893513994e-01	3362
9.889329673895207e-01	9.907750220400046e-01	3363
8.616485611907708e-01	1.068069759039270e+00	3364
7.143067979132159e-01	1.119014446204603e+00	3365
1.178103664364730e+00	-1.171330372963123e-01	3366
1.126518628406194e+00	-7.212993839450821e-02	3367
1.161173717387266e+00	-9.210092587535741e-02	3368
1.163560480445585e+00	1.107705282824445e-01	3369
-2.015829257639619e-01	-7.246105983462354e-01	3370
-1.542074345502909e-01	-7.983331531263167e-01	3371
5.043187285998978e-01	-1.287237512503029e+00	3372
-1.345805860448555e-01	9.474441420477430e-01	3373
-3.577646496786289e-01	-3.716334548210064e-01	3374
1.058446972344289e+00	3.447475058745386e-02	3375
1.052875420116130e+00	-2.715271868592297e-02	3376
-4.987105887992919e-02	-1.067504979477393e+00	3377
5.143390064424130e-02	-1.142728683601996e+00	3378
1.192004727831331e+00	-9.594120609726439e-01	3379
1.014103566252378e+00	-1.158929019541831e+00	3380
-2.078118049214226e-01	8.540943242073870e-01	3381
1.010395516362006e+00	1.200088450992282e-03	3382
-1.576867078742997e-01	1.889002044642022e-02	3383
1.240545016327796e+00	1.914794031449757e-01	3384
3.346827394443013e-01	1.243115497846254e+00	3385
-2.019752656002761e-01	-8.981674595149021e-01	3386
7.010936362156599e-02	1.126586810960504e+00	3387
1.075196563456239e+00	4.841792133034516e-02	3388
1.115617650483118e+00	-5.645599225893385e-02	3389
6.908405327092401e-01	-1.280714144806187e+00	3390
1.028173980272943e+00	1.238940046814766e-02	3391
-2.591190668953101e-01	7.613037621164412e-01	3392
1.014247532770847e+00	-2.374102947904050e-03	3393
1.036886600511693e+00	-1.420230498075681e-02	3394
1.284942558026402e+00	-7.616353300865025e-01	3395
-3.579266618948790e-01	-4.354907656306630e-01	3396
1.117176940240512e+00	-1.067531241940925e+00	3397
1.016660715454768e+00	-4.749041778260488e-03	3398
-3.175707928963871e-01	6.062488237427986e-01	3399
1.010448826674406e+00	-7.328881166301799e-04	3400
-3.248338209307912e-01	2.240567399589167e-01	3401
1.090554960588229e+00	5.592376960739824e-02	3402
-1.898132917434936e-01	-2.588895183823622e-02	3403
1.016364968526538e+00	5.520351572140291e-03	3404
-2.290352154063504e-01	-5.274043902437028e-02	3405
1.231936852168628e+00	-1.526299874112866e-01	3406
4.903905858558602e-01	1.270584206305240e+00	3407
6.581540401197914e-01	1.266485642525374e+00	3408
1.117354530469984e+00	6.705347651214878e-02	3409
-1.324516676065117e-01	-9.867235589606662e-01	3410
-3.438643749685795e-01	4.151301836089143e-01	3411
-3.335994998390602e-01	-2.219518742929827e-01	3412
-2.929883082908274e-01	6.804905179292356e-01	3413
1.064216894302756e+00	-3.282255439410037e-02	3414
1.012556805401530e+00	2.864209772846653e-04	3415
1.748015520813660e-01	-1.209750237754428e+00	3416
3.255084340295879e-01	-1.259989997233368e+00	3417
1.024322656204733e+00	-8.572095280044951e-03	3418
1.019893127886939e+00	-7.033775150212711e-03	3419
1.969775260077113e-01	1.195305310707726e+00	3420
-3.437820647848994e-01	3.590282701009833e-01	3421
-2.254416336134242e-01	5.469986264939576e-02	3422
1.244496103469310e+00	-8.611146713312395e-01	3423
-3.204041616728046e-01	-1.796725313336455e-01	3424
-3.144257579546247e-01	1.859235961483118e-01	3425
1.151803555721905e+00	8.764914182672570e-02	3426
-3.235861073791236e-01	-6.417406073008743e-01	3427
-4.126945121669487e-02	1.043280386130031e+00	3428
1.308481687612448e+00	-6.705796527134394e-01	3429
1.019453148973755e+00	7.966028425529532e-03	3430
1.031680662075203e+00	-1.180407721429787e-02	3431
1.028898335285304e+00	-1.043596688705971e-02	3432
1.041066745397051e+00	2.002621396001137e-02	3433
1.048033530966163e+00	-1.529834168638126e-02	3434
1.322673125182803e+00	-5.889088460870144e-01	3435
1.328009192038849e+00	-5.134985368772184e-01	3436
1.077541663420945e+00	-4.507485145806603e-02	3437
-3.446807974637000e-01	-2.684010189120045e-01	3438
-3.403203104337507e-01	3.098711394267457e-01	3439
8.699761944512836e-01	-1.235843729994474e+00	3440
1.014094593212296e+00	3.028440099744373e-03	3441
-3.429305249834621e-01	-5.704136245231923e-01	3442
-3.318248288761282e-01	5.393864501030110e-01	3443
-3.530348429130729e-01	-5.008548128908824e-01	3444
1.052848537594231e+00	2.123849918327896e-02	3445
1.324870016749596e+00	-4.292506607120585e-01	3446
-3.409104345750609e-01	4.740775303313620e-01	3447
-1.735529942281682e-01	5.844449139048055e-04	3448
-1.890154294489394e-01	3.626629986800503e-02	3449
-3.019687235823087e-01	1.490938300931395e-01	3450
-2.781051137600545e-01	-8.015285286876628e-02	3451
1.009441196486242e+00	2.616061651403926e-04	3452
-3.064779492057748e-01	-1.417161327910340e-01	3453
-2.886151894201658e-01	1.157585315626185e-01	3454
-2.927020733075477e-01	-1.105083049964681e-01	3455
-2.740754089657890e-01	8.325728896767161e-02	3456
1.217547798637250e+00	1.496239970594744e-01	3457
1.255060192189516e+00	-1.953990658000151e-01	3458
1.263593182773640e+00	2.420107179510210e-01	3459
1.296165303339763e+00	-2.938859868527247e-01	3460
1.277475437719818e+00	-2.452668647319070e-01	3461
1.284037628948319e+00	3.024837649712837e-01	3462
1.312782597745652e+00	-3.509184739092336e-01	3463
1.299923769837442e+00	3.695915708570848e-01	3464
1.309307159113942e+00	4.421163890585138e-01	3465
1.310185246480645e+00	5.214019272590713e-01	3466
1.302918726497900e+00	6.047945424742756e-01	3467
1.283723536956906e+00	6.961529013545614e-01	3468
1.252712014934361e+00	7.922179626062604e-01	3469
-3.340367112357134e-01	2.643800374089034e-01	3470
-3.523904363550847e-01	-3.181347406606203e-01	3471
1.202185398460850e+00	9.013321870691249e-01	3472
1.118224033478155e+00	1.030871515240170e+00	3473
9.918327043822165e-01	1.138942205679965e+00	3474
8.329383871002574e-01	1.222719207183670e+00	3475
1.209734133524307e+00	-1.190495623515225e-01	3476
1.148791849464106e+00	-7.199839487341012e-02	3477
1.188880117910205e+00	-9.147953529905098e-02	3478
1.194816488276269e+00	1.150447872378472e-01	3479
-2.963475906793494e-01	-7.234427661631050e-01	3480
-2.548451379364461e-01	-8.101275891707836e-01	3481
3.912545852379648e-01	-1.423917414966057e+00	3482
1.047171162408480e+00	1.734346688366266e-02	3483
-4.203790256185811e-01	-4.028758728897903e-01	3484
1.011083074473572e+00	-1.326899398471813e+00	3485
-4.088626696520496e-01	4.480544061893966e-01	3486
1.014244304754829e+00	-5.056543110288844e-04	3487
1.135810219691970e+00	-5.488930584680675e-02	3488
2.184894429429393e-01	1.357499049622408e+00	3489
5.785781183813763e-01	1.423421017839719e+00	3490
3.867884337599130e-01	1.406481536730113e+00	3491
1.180046745867424e+00	8.935550630479006e-02	3492
1.061908926638823e+00	-2.311223617242154e-02	3493
-3.596218512821571e-01	7.563050917434008e-01	3494
-3.169705697237385e-01	-9.064553798941929e-01	3495
1.071022111557854e+00	3.640610249851898e-02	3496
6.023526750213966e-01	-1.439148165236231e+00	3497
1.251184887375262e+00	-1.079761689397545e+00	3498
1.024659502184478e+00	1.034945660448624e-02	3499
1.032347406836504e+00	1.433787925123275e-02	3500
1.312725972787695e+00	-9.602934686005922e-01	3501
-3.636520401820076e-01	1.928554119974267e-01	3502
1.139600314406073e+00	6.781873654799797e-02	3503
-3.990746083748642e-01	3.304310248752931e-01	3504
1.023041914814200e+00	-5.072435323295635e-03	3505
1.036099914676642e+00	-9.009075169131645e-03	3506
-3.317332647872101e-01	1.176207614850026e-01	3507
-4.005934039328614e-01	5.892175584155139e-01	3508
1.054432026156706e+00	-1.950215893517392e-02	3509
-3.774701730085425e-01	2.332019013296236e-01	3510
1.104880164848536e+00	5.263758421130187e-02	3511
-2.005616805854974e-01	-9.987277828088128e-04	3512
-3.700456758338441e-01	-1.869816816443328e-01	3513
1.037022540532848e+00	1.576634564856171e-02	3514
-2.169294890282239e-01	-2.876448187566004e-02	3515
1.287667202105249e+00	2.008912360992375e-01	3516
7.833778554997586e-01	1.394296270489905e+00	3517
-4.216142030510065e-01	-5.457279452181233e-01	3518
1.089434686689859e+00	-4.519439584203856e-02	3519
-4.236950543455116e-01	-4.727357304043555e-01	3520
-1.717712609397617e-01	1.077877785844017e+00	3521
-2.616034377745914e-01	-5.006933717024625e-02	3522
1.104869059661415e+00	-4.429042791521752e-02	3523
1.042603817878030e+00	-1.194025636601156e-02	3524
-7.720022659609353e-02	-1.208884911011179e+00	3525
-2.573323177888098e-01	9.689123409125718e-01	3526
-4.072087223976372e-01	5.167328170776518e-01	3527
-1.754292731325022e-01	-1.112221905715043e+00	3528
6.841240542113106e-02	1.282587367053460e+00	3529
-3.202678585980250e-01	8.562378072313132e-01	3530
1.016167641310202e+00	3.774719331337416e-03	3531
1.355587856870050e+00	-8.479447385343060e-01	3532
1.154880316918665e+00	-1.213564346706440e+00	3533
1.016362895610736e+00	-3.011585888079317e-03	3534
-3.852616195273111e-01	6.700998041288960e-01	3535
1.018821610877611e+00	6.228773324778504e-03	3536
1.246005857780483e+00	-1.190110529644645e-01	3537
-2.559271773861779e-01	-1.011125070675947e+00	3538
-4.010418118292943e-01	-2.846969624541999e-01	3539
4.656650442388823e-02	-1.297127824787450e+00	3540
2.031685683653225e-01	-1.373468064706947e+00	3541
1.019159687897115e+00	-5.327664328609749e-03	3542
-4.051757841357879e-01	3.870187215693485e-01	3543
-4.106806086973138e-01	-6.264964676959219e-01	3544
-6.224425003209472e-02	1.188488856304123e+00	3545
1.383043329206164e+00	-7.380644308756401e-01	3546
1.022438451742870e+00	9.194692972019988e-03	3547
1.032013085034654e+00	-7.592743349707143e-03	3548
1.027894261876973e+00	-6.315935857693562e-03	3549
1.395331324721626e+00	-6.433014752406345e-01	3550
1.399097705808062e+00	-5.561584790927860e-01	3551
1.074339046590519e+00	-3.484095528742003e-02	3552
8.175333203210342e-01	-1.408300898961020e+00	3553
1.014197124820280e+00	1.164916596775730e-03	3554
1.059399022297696e+00	2.605372742643948e-02	3555
1.392536356268418e+00	-4.686197426529550e-01	3556
-2.161777443041918e-01	3.593697197999507e-02	3557
-1.807007116552439e-01	2.149903261443667e-02	3558
-3.484160713876046e-01	1.537463399935626e-01	3559
-3.526152842885632e-01	-1.459779800476325e-01	3560
-2.587289516183985e-01	5.271815577764243e-02	3561
-3.349250229805708e-01	-1.102335725405933e-01	3562
-3.144857943841811e-01	8.440173320828025e-02	3563
-3.177787228139590e-01	-7.954416402351205e-02	3564
1.258476158886080e+00	1.547255015440114e-01	3565
1.273914518420038e+00	-1.573607990841027e-01	3566
1.329077245834387e+00	-2.530892221428826e-01	3567
1.302814934621784e+00	-2.036643697415466e-01	3568
1.316456821161271e+00	2.582179732177594e-01	3569
1.353704367175793e+00	-3.077692057924327e-01	3570
1.342588645063048e+00	3.244443976985529e-01	3571
1.376037283691319e+00	-3.809390179105768e-01	3572
1.363396876353064e+00	3.986224233879533e-01	3573
1.376262901837725e+00	4.813758038193861e-01	3574
1.380773197997918e+00	5.699154822019428e-01	3575
1.373853437576610e+00	6.677357747020284e-01	3576
1.355144379667206e+00	7.725978552665554e-01	3577
-3.895433969544075e-01	2.798390640011609e-01	3578
-3.869797473254888e-01	-2.333358740746346e-01	3579
-4.126426327583780e-01	-3.386169464762763e-01	3580
1.319193137068335e+00	8.896612153571960e-01	3581
1.253910126964556e+00	1.027332728124354e+00	3582
1.135830546701581e+00	1.179606810860051e+00	3583
9.806887561859909e-01	1.310191226518786e+00	3584
1.173471565875887e+00	-7.045613103990597e-02	3585
1.220158502785061e+00	-8.934349004722754e-02	3586
1.230473946921287e+00	1.166869750027846e-01	3587
-3.928844872093285e-01	-7.095089528794726e-01	3588
-3.606665399823242e-01	-8.067539959910679e-01	3589
1.042396827512880e+00	1.399053068035857e-02	3590
1.016111592483188e+00	2.201942080986585e-03	3591
7.407796301236969e-02	1.460460232407670e+00	3592
1.085366925804276e+00	4.058522995002618e-02	3593
1.178403025900268e+00	-1.391038663207877e+00	3594
1.026245921085474e+00	-2.597196569429885e-03	3595
4.837030334680864e-01	-1.602160282613218e+00	3596
-4.042545408042916e-01	-1.478675324433013e-01	3597
-2.963833245787507e-01	4.831588238741650e-02	3598
-3.594321918273362e-01	8.189306379979082e-02	3599
1.122648231597424e+00	-4.054918953224163e-02	3600
1.164924615533372e+00	6.752274058650298e-02	3601
7.056603743651839e-01	1.579606573273589e+00	3602
-2.115788223967763e-01	1.227714227514743e+00	3603
-4.758187030401752e-01	4.134473207590527e-01	3604
2.536123692398506e-01	-1.558020015328583e+00	3605
-4.625118581124621e-01	7.402501187462677e-01	3606
-4.994848051026712e-01	-5.108451812806558e-01	3607
1.158323067634914e+00	-5.187165321147821e-02	3608
-3.163387893938979e-01	-1.140797025466344e+00	3609
9.788272548695756e-01	-1.521598436427817e+00	3610
-4.924513650487150e-01	-4.339153301042641e-01	3611
-3.801195337816641e-01	1.169938862527387e-01	3612
1.071105129439391e+00	-2.560287193788568e-02	3613
-3.872918918487486e-01	-1.016651683108829e+00	3614
1.067107665210050e+00	3.114129865674588e-02	3615
-2.472360259720429e-01	-2.845587292513434e-02	3616
-4.810447585411183e-01	-3.624652177766466e-01	3617
1.287536461301849e+00	-1.179003743347834e-01	3618
1.305662483634096e+00	1.576051807987077e-01	3619
1.355673680208053e+00	-2.070110326979982e-01	3620
1.211755525051037e+00	8.933190544379051e-02	3621
1.377581986274336e+00	2.727906997820920e-01	3622
9.475160396924092e-01	1.505721212812923e+00	3623
1.053681947424152e+00	1.400795542518638e-02	3624
-4.826909286073993e-01	4.842908919005101e-01	3625
2.571145769290936e-01	1.540592511828324e+00	3626
4.682018922521048e-01	1.585241268153850e+00	3627
1.311569711333071e+00	-1.224186906291433e+00	3628
1.390017754979743e+00	-1.075198331514934e+00	3629
-4.001559706965730e-01	1.559505412848563e-01	3630
1.094954267824569e+00	4.220956252941216e-02	3631
-4.786774586178983e-01	6.461305968720995e-01	3632
1.061296708276473e+00	-1.473122012429962e-02	3633
1.054755624133603e+00	-1.199614374156824e-02	3634
1.125830145874454e+00	5.066643202497273e-02	3635
-2.301123266910320e-01	4.721144174174910e-03	3636
-4.189175868138122e-01	1.963749077417713e-01	3637
-4.261467780095557e-01	-1.923330071402097e-01	3638
1.036020297867263e+00	1.077136170921105e-02	3639
1.085859487936683e+00	-3.689659065337337e-02	3640
-4.353187247109743e-01	8.442572028486541e-01	3641
-2.466663282756350e-01	3.221415446666887e-02	3642
1.048297695732588e+00	-8.769321071765918e-03	3643
1.041327721827825e+00	-6.036137915099687e-03	3644
-2.219115676102187e-01	-1.256509844317198e+00	3645
-3.103307940885319e-01	1.099170655132487e+00	3646
-4.840216986013396e-01	5.604564180950555e-01	3647
-3.870874291956749e-01	9.680060929483603e-01	3648
1.018528887385009e+00	4.388784651150758e-03	3649
1.437637143621100e+00	-9.432014799987859e-01	3650
1.016216435659553e+00	-1.440757888256464e-03	3651
-4.468609045489007e-01	-2.441193894096307e-01	3652
-4.525890523733938e-01	2.941142469825318e-01	3653
-1.012069409400874e-01	-1.372027193357390e+00	3654
5.546529386209195e-02	-1.475673338167225e+00	3655
1.018760504097578e+00	-3.500465980408172e-03	3656
-4.984080067903508e-01	-5.966529819029527e-01	3657
-4.364734953212953e-01	-8.985732823595155e-01	3658
-8.181188570782374e-02	1.354489969827380e+00	3659
1.467289753038553e+00	-8.171006496782901e-01	3660
1.035433565960818e+00	-4.278434012146176e-03	3661
1.031963952433566e+00	9.763730414840965e-03	3662
1.031043686626707e+00	-3.390944460199892e-03	3663
1.028197604198273e+00	8.335730933448462e-03	3664
1.480025015989394e+00	-7.021213210855441e-01	3665
1.341811536366731e+00	2.100067209171601e-01	3666
1.480100337672689e+00	-6.030266673901945e-01	3667
1.096351060230825e+00	-3.267927444608906e-02	3668
7.338470846057101e-01	-1.594836384581308e+00	3669
1.016179898492831e+00	3.812726353949463e-04	3670
1.060459543678023e+00	1.782930904911670e-02	3671
-2.050386479163268e-01	1.728199672704850e-02	3672
-3.826255188067279e-01	-1.085531485422450e-01	3673
-2.981639660287138e-01	-4.649987043492129e-02	3674
-3.615822352821185e-01	-7.494951416857512e-02	3675
1.321922350536307e+00	-1.593123798270917e-01	3676
1.388097866780922e+00	-2.590972672929603e-01	3677
1.420188921029106e+00	-3.271525418859052e-01	3678
1.410114537212861e+00	3.459220986030784e-01	3679
1.449458674161964e+00	-4.121842180268138e-01	3680
1.436133514111033e+00	4.300741914487488e-01	3681
1.470678359479008e+00	-5.064778177964443e-01	3682
1.454099445675477e+00	5.221691225114310e-01	3683
1.461118567431028e+00	6.251127415914475e-01	3684
1.456748042626383e+00	7.369942898331330e-01	3685
-4.365379034019661e-01	2.427136806073414e-01	3686
-4.651954266439443e-01	-2.986373822737696e-01	3687
-4.667438076129338e-01	3.517409503280657e-01	3688
1.436624601217308e+00	8.620705005102305e-01	3689
1.390328706413089e+00	1.008160591635195e+00	3690
1.296459550067329e+00	1.182615039154121e+00	3691
1.169204463064221e+00	1.377259775745570e+00	3692
1.201301228562545e+00	-6.623168124905716e-02	3693
1.255534505226191e+00	-8.442051521020710e-02	3694
1.271099207255103e+00	1.164742562916245e-01	3695
-4.900867451771270e-01	-6.862811603736795e-01	3696
-4.702944455832631e-01	-7.883636611611898e-01	3697
1.022833317378261e+00	-1.500125557230899e-03	3698
-5.516716408170256e-01	8.194286906982002e-01	3699
1.247997731529422e+00	8.620772345150018e-02	3700
-2.614910696879827e-01	3.570507224557049e-03	3701
-5.242196783648886e-01	3.070543926578448e-01	3702
1.174780394306273e+00	-1.603267401428338e+00	3703
1.142851596292362e+00	-3.636925815971933e-02	3704
8.531638989009226e-02	-1.680909772406594e+00	3705
-4.104757804249046e-01	-6.741358936359468e-02	3706
-9.659825002660899e-02	1.544990178232833e+00	3707
1.067845686000597e+00	2.233114078553718e-02	3708
-2.793833982464480e-01	2.650332246274888e-02	3709
-3.707917099266833e-01	1.248487563156668e+00	3710
1.193609229789647e+00	6.542555989353949e-02	3711
1.415193188888195e+00	-2.057849851432744e-01	3712
6.135823666410293e-01	-1.789586687422429e+00	3713
-4.811695422143754e-01	1.991076325927973e-01	3714
-5.666999898199919e-01	5.210184247576364e-01	3715
-5.667467161239390e-01	7.098911335723090e-01	3716
-5.873559072795844e-01	-6.494838327186653e-01	3717
5.919124296121668e-01	1.773456266949655e+00	3718
3.327163246631524e-01	-1.762641263499548e+00	3719
-5.846765275872771e-01	-5.542372151774272e-01	3720
-5.585067585712004e-01	-3.862082043739318e-01	3721
-5.195779781645858e-01	9.488054337496471e-01	3722
1.018400663905158e+00	-4.906502601613017e-04	3723
1.035043357442428e+00	6.123620753983101e-03	3724
1.034029427392770e+00	1.598851661186490e-04	3725
1.029201444961394e+00	4.657297061638239e-04	3726
1.447300578739799e+00	2.860290843809223e-01	3727
-5.420551321601013e-01	3.721543120961223e-01	3728
1.334741479916010e+00	-1.134148254359424e-01	3729
-4.665085783717411e-01	-1.143239234788538e+00	3730
1.146632182126438e+00	1.593869146062933e+00	3731
8.820458225843275e-01	1.723644913019714e+00	3732
1.109532140753696e+00	3.840790859045445e-02	3733
-5.749397340105189e-01	-4.645883725990457e-01	3734
1.021481214452287e+00	-3.871960278057914e-03	3735
9.476571006806006e-02	1.663835039422595e+00	3736
1.069590901484594e+00	-1.839270055518031e-02	3737
-4.576966872333518e-01	1.536720186057890e-01	3738
-3.370212929614361e-01	4.687663612737000e-02	3739
-3.389723428358422e-01	-4.044832919056650e-02	3740
-2.798808567035105e-01	-2.216773773327046e-02	3741
-2.525326648270584e-01	1.400329461344719e+00	3742
-5.562559140002380e-01	4.414650150387163e-01	3743
-4.622524160603561e-01	-1.465307149143170e-01	3744
1.182978353638279e+00	-4.710716526901790e-02	3745
-5.232164199043875e-01	-1.003079762108355e+00	3746
9.101937682254743e-01	-1.739667569043418e+00	3747
-4.339466838650501e-01	1.137313054704232e-01	3748
1.047900084678112e+00	1.065548350628983e-02	3749
1.110974007574218e+00	-3.087509524602308e-02	3750
1.060583323201366e+00	9.783192920328754e-03	3751
3.247195911542835e-01	1.745008606485780e+00	3752
1.363604267356155e+00	-1.401689068469085e+00	3753
1.473297834175107e+00	-1.213646253194039e+00	3754
1.149260281382909e+00	4.878609450218507e-02	3755
1.060731635958551e+00	-6.806149783732152e-03	3756
1.081786573168243e+00	-2.650728962225009e-02	3757
1.054315325330911e+00	-4.747710983945495e-03	3758
1.041461656729695e+00	7.991343075740938e-03	3759
1.046783130078884e+00	-2.307056405673271e-03	3760
-3.812786928573718e-01	-1.289101265760312e+00	3761
-5.716874830320349e-01	6.091000212825248e-01	3762
-4.613061375643449e-01	1.099944684152218e+00	3763
1.021221135438542e+00	4.902325930596096e-03	3764
1.532202236537287e+00	-1.051452837843423e+00	3765
-5.144217170351415e-01	-2.512828073721841e-01	3766
-2.683153146168592e-01	-1.424461932498863e+00	3767
-1.154064276663623e-01	-1.562009518170087e+00	3768
1.563606620218424e+00	-9.058936391550372e-01	3769
1.039701953339112e+00	-6.566850449679927e-04	3770
1.031457635387389e+00	5.466800619021308e-03	3771
1.576821033445021e+00	-7.706618642932649e-01	3772
1.574032880354552e+00	-6.523178502794454e-01	3773
1.018347704433766e+00	1.368348015211722e-03	3774
-4.094085486591728e-01	7.583309027834020e-02	3775
-4.359124489705921e-01	-1.045042042437066e-01	3776
1.375174047119935e+00	-1.571484344236867e-01	3777
1.359854881553018e+00	1.593399746683622e-01	3778
1.456328441923121e+00	-2.681936695664617e-01	3779
1.404137985651663e+00	2.165438066107598e-01	3780
1.497498587351520e+00	-3.477417930765033e-01	3781
1.487465144364497e+00	3.685276682354536e-01	3782
1.533853135129265e+00	-4.423861274224341e-01	3783
1.520233899187155e+00	4.618740641863071e-01	3784
1.559514643844013e+00	-5.462400198366395e-01	3785
1.542887377717355e+00	5.682071500078882e-01	3786
1.554695530745132e+00	6.851798181327170e-01	3787
-5.032635107180156e-01	2.500111003377401e-01	3788
-4.893833099178375e-01	-1.966458318334833e-01	3789
-5.382015557693585e-01	-3.138865160609291e-01	3790
1.552157131857939e+00	8.169034118064297e-01	3791
1.526051547067061e+00	9.712176688657395e-01	3792
1.459990714675390e+00	1.158557125357182e+00	3793
1.357356306273914e+00	1.362097279605085e+00	3794
1.232486663943120e+00	-5.991942235171956e-02	3795
1.295843442460447e+00	-7.769438876812186e-02	3796
1.317451430320094e+00	1.130494463341908e-01	3797
-5.587164094445602e-01	-8.750178321239626e-01	3798
-5.801309276869937e-01	-7.559814057937041e-01	3799
-1.121111974514944e-01	-1.783248862968157e+00	3800
1.175177806937399e+00	4.526418119381641e-02	3801
-2.918487809064992e-01	1.599980708398746e+00	3802
-4.650598947561292e-01	-5.695645858373580e-02	3803
-6.205044224703430e-01	-3.292765001889045e-01	3804
1.131551372307581e+00	3.303796656057629e-02	3805
1.165185712792850e+00	-3.040391001595883e-02	3806
-5.391222159793561e-01	1.249589665796038e+00	3807
-6.628449504922262e-01	5.598710921195093e-01	3808
-6.684310051811677e-01	7.799056135169109e-01	3809
1.025421406191869e+00	1.031825661091337e-03	3810
1.267955339517963e+00	-5.036767767468951e-02	3811
7.731686006773361e-01	1.957688211138602e+00	3812
-3.848689948255898e-01	-3.472399905415286e-02	3813
1.078771085684952e+00	2.822754494314620e-02	3814
1.127707650305464e+00	-2.387607612470653e-02	3815
1.068337804936535e+00	1.355874980968359e-02	3816
4.365643753011031e-01	1.968168183889330e+00	3817
1.052389424695615e+00	2.252510689591647e-03	3818
-6.611329637842571e-01	-9.715107898105004e-01	3819
1.447289198793805e-01	-1.913134582509602e+00	3820
1.045611004489396e+00	3.920169079092343e-03	3821
1.020360657104129e+00	2.143029641773149e-03	3822
-3.778568514063325e-01	3.408040475286611e-03	3823
-3.153613628789801e-01	1.588012386675048e-02	3824
1.527823635336842e+00	2.983371547496840e-01	3825
1.277710895894403e+00	1.531920891652092e+00	3826
1.210414941749162e+00	-3.922359726913718e-02	3827
-6.826529014859073e-01	-5.985212441069736e-01	3828
-6.214829477138845e-01	-1.123401806919031e+00	3829
-6.524629675326430e-01	9.134250787248053e-01	3830
1.483710876412502e+00	-2.050443436496397e-01	3831
-6.816677090420367e-01	-8.349549422028967e-01	3832
1.135006597220905e+00	-1.850479940167164e+00	3833
-9.978647765918709e-02	1.764758253037016e+00	3834
1.099178851200628e+00	2.842701530455366e-02	3835
-4.361021290935508e-01	1.422021739421838e+00	3836
1.225507968852923e+00	6.115141419286838e-02	3837
4.521512137800484e-01	-1.985081795428085e+00	3838
-6.684811208810871e-01	-4.991956796178664e-01	3839
-6.139551992677451e-01	1.072450524690654e+00	3840
1.024705987715659e+00	6.227909058212742e-03	3841
1.027486788771555e+00	4.250363604210481e-03	3842
1.288905148584490e+00	8.057880902213944e-02	3843
1.387284286107395e+00	-1.050957580449543e-01	3844
-6.889013425207252e-01	-7.091817623199677e-01	3845
1.103327795911190e+00	1.840015064040558e+00	3846
-6.470517809463772e-01	4.700510287944405e-01	3847
1.020646360691325e+00	-3.271357540747347e-04	3848
1.430673060085402e-01	1.894959935124312e+00	3849
1.068688049264446e+00	-9.742070725461616e-03	3850
-3.817125479638170e-01	3.842069772215956e-02	3851
-3.063046966770607e-01	-9.394273465827770e-03	3852
-6.467906256681464e-01	-4.080523505408316e-01	3853
-6.278059099558395e-01	3.906993646299426e-01	3854
-5.222306243353110e-01	1.489631855760726e-01	3855
-5.276218968048801e-01	-1.431142077215813e-01	3856
7.964326965818969e-01	-1.974055722193027e+00	3857
-4.933360387741875e-01	1.052534756380279e-01	3858
-4.649442517315419e-01	6.649896842556148e-02	3859
1.102056815708187e+00	-1.955412459286943e-02	3860
1.093286856816109e+00	-1.949712237520270e-02	3861
1.053836847727266e+00	6.578767030004244e-03	3862
1.397387330040047e+00	-1.622150991297357e+00	3863
1.554384290515398e+00	-1.386405627666113e+00	3864
1.079249902174810e+00	-2.017603083715598e-02	3865
1.059607943197724e+00	8.186111680368720e-04	3866
-5.531176054700701e-01	-1.290576771168605e+00	3867
-6.710041127323009e-01	6.646143350630371e-01	3868
1.637522931850920e+00	-1.180989664649465e+00	3869
-5.597836487850699e-01	-1.969964335470649e-01	3870
-5.784339354021953e-01	2.547006405932476e-01	3871
-4.485967793049405e-01	-1.458942419697717e+00	3872
-3.090800862543094e-01	-1.621992961173800e+00	3873
1.674937689287038e+00	-1.005645385452259e+00	3874
1.687076208911110e+00	-8.493095770634960e-01	3875
1.681924625016000e+00	-7.086167040864821e-01	3876
-4.952531873927776e-01	-9.620928737547219e-02	3877
1.475019137915337e+00	2.211559065300826e-01	3878
1.535610648856680e+00	-2.772196771104484e-01	3879
1.421935215089166e+00	1.575428610884781e-01	3880
1.434286609080868e+00	-1.489576275364909e-01	3881
1.586423172888004e+00	-3.675154517805045e-01	3882
1.576518405736712e+00	3.901400143868283e-01	3883
1.629705421552649e+00	-4.734633272148477e-01	3884
1.616271979495025e+00	4.974041837054168e-01	3885
1.661882915527796e+00	-5.859252301664647e-01	3886
1.645976040170289e+00	6.172913008653368e-01	3887
-5.507679492142155e-01	1.990258809254272e-01	3888
-5.910182140000743e-01	-2.575103050881440e-01	3889
-6.046806127891999e-01	3.199448930512908e-01	3890
1.662786053586584e+00	7.535629886836669e-01	3891
1.658645900097678e+00	9.146994863552672e-01	3892
1.621405605263123e+00	1.110613458466932e+00	3893
1.545106149206574e+00	1.329763577513077e+00	3894
1.341286522001746e+00	-6.695226594957902e-02	3895
1.370532362234016e+00	1.074909975357759e-01	3896
-5.036807047402564e-01	1.624945311233298e+00	3897
-7.722487918309340e-01	6.041271987916690e-01	3898
1.076866338834085e+00	1.837942989756860e-02	3899
-7.662221451711696e-01	1.025474395091876e+00	3900
1.113536034035090e+00	2.400025712742389e-02	3901
-4.302862322679191e-01	-1.496206043541615e-02	3902
1.269478978587699e+00	-1.788066041087148e+00	3903
1.203972873320625e+00	3.939606825192167e-02	3904
1.291028671150358e+00	1.728635259451718e+00	3905
1.023335925848611e+00	1.662542788542461e-03	3906
1.563040319874883e+00	-2.023544350800981e-01	3907
1.261619206674438e+00	5.311300619946770e-02	3908
-3.368561789927236e-01	-1.855044632188732e+00	3909
1.147457093705208e+00	-1.690021967351830e-02	3910
-7.189948502568196e-01	1.221538914239363e+00	3911
1.044169605076917e+00	-2.128768887163660e+00	3912
2.350310516438522e-01	2.153215154668411e+00	3913
-5.246699720173420e-01	-4.203730648005152e-02	3914
1.804941333041890e+00	-7.741732909496747e-01	3915
-6.954245027359838e-01	3.293889904361145e-01	3916
1.620259393325843e+00	3.086345035944796e-01	3917
-7.946122782926016e-01	-6.470398798003330e-01	3918
1.116859153888262e+00	-1.709567099207054e-02	3919
1.801178602435647e+00	-1.123765072158233e+00	3920
-7.843943779761032e-01	8.617112802741078e-01	3921
-4.316077023139339e-01	2.569184938264050e-02	3922
-6.628979104462814e-01	2.585231164635955e-01	3923
2.454338631020954e-01	-2.170926253472278e+00	3924
1.335913925241806e+00	7.099412429966265e-02	3925
1.501778152702110e+00	-1.389364674799065e-01	3926
-5.941585394743835e-01	1.409587892007375e-01	3927
1.475732398560458e+00	1.514842915206603e+00	3928
1.241088250926984e+00	-2.878283460398531e-02	3929
1.492556543726349e+00	1.531190341550014e-01	3930
-3.237486266866629e-01	1.832384479383356e+00	3931
-7.744489985513742e-01	-5.341494514861521e-01	3932
1.155915088751778e+00	2.820324243958756e-02	3933
-6.285466986084387e-01	1.420484421545463e+00	3934
1.015785296948814e+00	2.116256439771173e+00	3935
6.125366073391401e-01	2.197713410685582e+00	3936
-7.990710347045441e-01	-9.216304559882126e-01	3937
-8.132414845153212e-02	-2.038729563214830e+00	3938
1.189356121966932e+00	-2.246596622161447e-02	3939
-7.779944274180047e-01	-1.082207066919782e+00	3940
1.307814510540980e+00	-3.817546622503500e-02	3941
-8.040082547855646e-01	-7.781854319256281e-01	3942
-7.897911628986397e-02	2.018730645757882e+00	3943
1.089179673893067e+00	1.775799436041632e-02	3944
-7.506394080378846e-01	4.981934715702293e-01	3945
1.067502204515610e+00	-1.455295649826175e-03	3946
-7.472150145746204e-01	-4.317167378708062e-01	3947
-7.260976968828283e-01	4.088515754310167e-01	3948
-7.137229486864615e-01	-3.413972517281747e-01	3949
6.309241959911936e-01	-2.214094745088321e+00	3950
-5.594282313609645e-01	9.276691036168531e-02	3951
-5.250546756316841e-01	5.196206713356971e-02	3952
1.067789093349824e+00	4.534936341957416e-03	3953
1.626564568944170e+00	-1.604018843331261e+00	3954
1.077874508173942e+00	-1.321450844942499e-02	3955
-7.307350915940238e-01	-1.264576008497946e+00	3956
-7.840379797596017e-01	7.249326450259010e-01	3957
1.747009625565052e+00	-1.344319382802147e+00	3958
-6.389801116794198e-01	-1.939541633363706e-01	3959
-6.477244597841363e-01	-1.464763376283281e+00	3960
-5.179848588188208e-01	-1.658174434513439e+00	3961
1.814465037661578e+00	-9.374131253645097e-01	3962
-5.617677240791563e-01	-8.451369012171334e-02	3963
1.626944309425928e+00	-2.848680449400359e-01	3964
1.556564563257213e+00	2.225667886728738e-01	3965
1.444981746334594e+00	-9.001322275655249e-02	3966
1.687676292722783e+00	-3.875954045379024e-01	3967
1.678314827890692e+00	4.138638243940799e-01	3968
1.739509211737375e+00	-5.025162041678475e-01	3969
1.727384296897549e+00	5.339365369082977e-01	3970
1.779461337589805e+00	-6.293345355520259e-01	3971
-6.286748849207033e-01	1.949066594613442e-01	3972
-6.003115903822133e-01	-1.358266369644975e-01	3973
-6.772926951088921e-01	-2.635005101261299e-01	3974
1.765173857242337e+00	6.721926810810342e-01	3975
1.784861890430807e+00	8.377364233461407e-01	3976
1.777329005482083e+00	1.039203103088643e+00	3977
1.731654189299425e+00	1.272403088334398e+00	3978
1.391994540803730e+00	-5.227432418867453e-02	3979
1.430969138416646e+00	9.743664877682129e-02	3980
-7.259085887025183e-01	1.620802129156863e+00	3981
-8.292923601531419e-01	1.391935232469660e+00	3982
-8.930917229727562e-01	1.160087198026166e+00	3983
-3.414620205194242e-01	-2.128950345280293e+00	3984
1.286133161333151e+00	2.004836416561791e+00	3985
1.140610296382239e+00	1.432912783548203e-02	3986
-5.687723238119312e-01	1.863845047028950e+00	3987
1.130007151380938e+00	-8.047082975796056e-03	3988
-4.851629662787249e-01	1.223082057765602e-03	3989
1.938970228497523e+00	-1.274046381035948e+00	3990
1.389095099701299e+00	5.834726354557707e-02	3991
1.215993090145531e+00	-1.089079832475257e-02	3992
-8.355849299188530e-01	4.267653212254705e-01	3993
1.182221778858229e+00	2.130405917427885e-02	3994
1.169205632329598e+00	-7.972946509805939e-03	3995
1.275756805443618e+00	-1.437620629448981e-02	3996
-7.160717103186203e-01	1.887467473580229e-01	3997
-8.954552728341202e-01	-5.701372709967012e-01	3998
3.941254140478919e-01	2.430451799738698e+00	3999
-1.708669646747857e-02	2.309319941771416e+00	4000
1.960262562739174e+00	-1.040991662571094e+00	4001
1.076328404992945e+00	-2.460236579007264e-03	4002
-9.987937218848943e-03	-2.329141148181938e+00	4003
1.508788010167250e+00	-1.818338699902645e+00	4004
-5.807785225500893e-01	-1.896135962638297e+00	4005
8.894745561593709e-01	-2.425572653827592e+00	4006
1.731385087174287e+00	-2.920358484624240e-01	4007
-5.904807674894502e-01	-2.150953955061819e-02	4008
1.654503848109883e+00	-1.970948936998413e-01	4009
1.102750822031140e+00	1.479756957135837e-02	4010
1.107257866581496e+00	-5.839831588827605e-03	4011
1.235594196949225e+00	3.085177632716512e-02	4012
1.079714786094025e+00	8.333666204661794e-03	4013
1.302367166265568e+00	4.194986953064180e-02	4014
1.129319612522100e+00	1.530391122191591e-02	4015
1.947026392562961e+00	-8.473631391809097e-01	4016
-9.220499942563645e-01	-7.031172745574253e-01	4017
1.726047947964520e+00	3.194110913131966e-01	4018
-9.161741072587724e-01	9.594376216489967e-01	4019
-8.960382071773533e-01	6.530759179067068e-01	4020
-8.604931977416050e-01	-4.558430022668014e-01	4021
1.352229574754851e+00	-2.129149887801647e-02	4022
1.510226638504210e+00	-7.128215313931170e-02	4023
-8.195819688101869e-01	-3.529289790975321e-01	4024
-7.979348770612951e-01	3.354338326601569e-01	4025
1.529563825456869e+00	1.748398843054318e+00	4026
1.650107127518067e+00	2.205260279443034e-01	4027
-3.369955996142300e-01	2.104606833362095e+00	4028
-8.686509196238090e-01	5.293295140241129e-01	4029
8.658194146967008e-01	2.411911205042976e+00	4030
-9.351105803130484e-01	-8.537608898874796e-01	4031
-9.335515800746840e-01	-1.020083263591603e+00	4032
-5.911349335753653e-01	3.097969587325988e-02	4033
4.085478845072543e-01	-2.447604203579612e+00	4034
-6.322541301370009e-01	7.667858347797038e-02	4035
-9.095759197831863e-01	-1.212604352743377e+00	4036
-9.136198256548547e-01	7.931149166670669e-01	4037
1.856980104431635e+00	-1.552543895185988e+00	4038
-7.744508751837036e-01	-2.649902069433985e-01	4039
-8.520387262522715e-01	-1.431003183732848e+00	4040
-7.458174312944624e-01	-1.669577486343357e+00	4041
-6.813636314318887e-01	-1.233673703842908e-01	4042
1.573230293062718e+00	1.436160375459546e-01	4043
1.579336843168734e+00	-1.248843973018616e-01	4044
1.681746864484318e+00	1.474273646399266e+00	4045
1.803257224249238e+00	-4.042117883483579e-01	4046
1.795646666621907e+00	4.364604225083990e-01	4047
1.865299453574092e+00	-5.322006981649723e-01	4048
-6.351449772387280e-01	-6.910583921406184e-02	4049
-6.740925988079172e-01	1.276593620714380e-01	4050
-7.285561025158394e-01	-1.894434686029394e-01	4051
-7.576943141957919e-01	2.578030733510294e-01	4052
1.855772666115078e+00	5.735977034311529e-01	4053
1.913704771236664e+00	-6.800004242321805e-01	4054
1.900968723943033e+00	7.404096556513218e-01	4055
1.924184016349354e+00	9.442586201319924e-01	4056
1.912907221599922e+00	1.187315483681475e+00	4057
1.447198411253624e+00	-3.042129820516347e-02	4058
1.499751510173892e+00	8.389291195588580e-02	4059
1.211537730886256e+00	2.338341106158132e+00	4060
1.245611184489982e+00	3.671179879674765e-03	4061
-1.066298264935965e+00	-7.657859706078548e-01	4062
-8.269378561434715e-01	1.858921006965189e+00	4063
6.415907768802793e-01	2.708603558395547e+00	4064
1.360445700596300e+00	-2.015669534658830e+00	4065
-6.217876578669186e-01	2.147464862537416e+00	4066
1.160458082743177e+00	7.960830581948061e-03	4067
1.206022606094726e+00	-2.398566766026538e+00	4068
1.314396713561841e+00	3.133914457964419e-03	4069
1.271011026724430e+00	1.789053777478948e-02	4070
1.210824912796387e+00	1.182229094923889e-02	4071
-6.308917034740028e-01	-2.185183187122608e+00	4072
1.766960977969519e+00	-1.794522115605632e+00	4073
1.449835802470571e+00	4.011371778867245e-02	4074
-1.064989986411190e+00	1.078389371629017e+00	4075
1.348920259139051e+00	2.594127513440861e-02	4076
1.146036288897303e+00	2.121607114435604e-03	4077
-9.601281451393143e-01	4.431853653927296e-01	4078
1.569084323149413e+00	2.030075474194352e+00	4079
-6.634673547418181e-01	3.943386449289812e-03	4080
-8.447282725455129e-01	-1.913681742235225e+00	4081
1.400579644497191e+00	2.595142463547922e-04	4082
1.665488661814644e+00	1.289284084160829e-01	4083
1.847519337617052e+00	3.269536229230373e-01	4084
-9.134122358098299e-01	3.411593271298409e-01	4085
-9.552424711378318e-01	1.586896868345719e+00	4086
-1.031789247006027e+00	1.323160612119256e+00	4087
-1.037829155791141e+00	7.064455467514485e-01	4088
1.757508761383978e+00	2.172327393894047e-01	4089
2.084227086062969e+00	-1.467628535028586e+00	4090
1.668677072096049e+00	-1.066669285657890e-01	4091
1.192531966350340e+00	3.098060938830950e-03	4092
-9.389476064948551e-01	-3.644812434695057e-01	4093
-1.033502520571715e+00	-6.109931039758834e-01	4094
1.102101228811099e-01	2.637274121472626e+00	4095
2.124091557010955e+00	-1.172973140608569e+00	4096
1.086624942935364e+00	-6.553818005797013e-03	4097
-3.109581808291702e-01	-2.450479234958236e+00	4098
1.223741214670143e-01	-2.655362443207743e+00	4099
6.611582566053305e-01	-2.723315073963933e+00	4100
1.116799825425723e+00	9.353751890034496e-03	4101
1.092750373512571e+00	5.557148093845232e-03	4102
2.110481171612654e+00	-9.330027933858017e-01	4103
1.889562083579896e+00	1.402778230610465e+00	4104
1.759573005419703e+00	-1.901790192527163e-01	4105
-8.843270839154853e-01	-2.635742206596494e-01	4106
-3.176944496237072e-01	2.427629042048234e+00	4107
-1.002038868987579e+00	5.646958588305653e-01	4108
-9.892933829936803e-01	-4.783062313741981e-01	4109
-1.061647609906691e+00	8.741368840306045e-01	4110
-1.085735437939027e+00	-9.375298157195462e-01	4111
-1.086282193414708e+00	-1.135912140646335e+00	4112
-7.637304464836723e-01	1.107846920597537e-01	4113
-8.638720345536246e-01	2.518981312363656e-01	4114
-1.057184080455065e+00	-1.367172487355949e+00	4115
-9.871191206277947e-01	-1.632779913177306e+00	4116
1.584362005760610e+00	-4.655571520208086e-02	4117
1.780762516490905e+00	1.709119415235637e+00	4118
1.850416656452226e+00	-2.944307795534624e-01	4119
1.935312879107712e+00	-4.188041221616941e-01	4120
-7.162581525067663e-01	-4.637705675049305e-02	4121
-7.124460959283527e-01	5.332979172740734e-02	4122
-7.727627133649682e-01	-1.075130945115677e-01	4123
-8.285440863545124e-01	-1.798985401472841e-01	4124
-8.137239398244340e-01	1.767857493992432e-01	4125
1.930969740479041e+00	4.593818424939642e-01	4126
2.009023984375578e+00	-5.665647388875452e-01	4127
2.002986218168394e+00	6.236836067792041e-01	4128
2.068623721201584e+00	-7.357373331554596e-01	4129
2.057948617102502e+00	8.262148383863324e-01	4130
2.083858041485551e+00	1.073903147850169e+00	4131
1.509016527615116e+00	-3.580829938935591e-03	4132
1.577771474234141e+00	6.375716986062541e-02	4133
-6.536288940544798e-01	2.487806593687099e+00	4134
1.868006839287262e+00	1.997408568839679e+00	4135
2.239184875298797e+00	9.328817340158090e-01	4136
-1.230265842783388e+00	9.736038076121727e-01	4137
-1.229683602331142e+00	1.225458810704579e+00	4138
-1.200157933457387e+00	7.689487071768220e-01	4139
1.986175944178125e+00	-2.924525056138541e-01	4140
-1.189659501382119e+00	-6.580911849279212e-01	4141
-1.074069259313514e+00	-3.721387829979197e-01	4142
-1.231678500984652e+00	-8.332741447456130e-01	4143
3.347102106070592e-01	2.983971891963079e+00	4144
1.880560782108864e+00	2.087553470345516e-01	4145
1.043636709442659e+00	-2.728188580479979e+00	4146
3.511292849738472e-01	-2.999793509091194e+00	4147
1.987220041959057e+00	3.319878816421254e-01	4148
-9.834437053276079e-01	2.437526486280595e-01	4149
-9.236967323050629e-01	2.145315092828754e+00	4150
-1.120874213381770e+00	-1.875864609596706e+00	4151
-1.092477492844710e+00	1.818191797781817e+00	4152
1.635692036878404e+00	-2.040818227292946e+00	4153
-9.356374752173348e-01	-2.203726839313692e+00	4154
1.879232556448713e+00	-1.770633903386806e-01	4155
2.091965839824623e+00	1.297823791898522e+00	4156
2.086873930892005e+00	4.894545947366161e-01	4157
1.045508654008104e+00	2.699331246957492e+00	4158
1.514372381537166e+00	-2.297438781920587e+00	4159
1.407961410490240e+00	2.257017551764280e+00	4160
-1.008840041370043e+00	-2.608336247445435e-01	4161
-1.187773328813027e+00	1.511569708967351e+00	4162
2.028372435716127e+00	-1.728776838917042e+00	4163
-1.043776031351579e+00	3.430610770545762e-01	4164
-1.136115030209239e+00	-5.024257892357024e-01	4165
-1.154453113405850e+00	6.015757565076195e-01	4166
2.302828635269264e+00	-1.346707363373435e+00	4167
-6.462454271386042e-01	-2.527217538575114e+00	4168
-2.215890603571115e-01	-2.819432580427175e+00	4169
2.297307162282258e+00	-1.042298961421684e+00	4170
1.771774647495882e+00	1.109049543047948e-01	4171
1.771701395353560e+00	-8.534989388991353e-02	4172
-2.336941090618931e-01	2.798358873503748e+00	4173
-1.101918026026784e+00	4.621669843463879e-01	4174
-1.257786186727513e+00	-1.035366538883747e+00	4175
-8.037018631403735e-01	-1.658407152434379e-03	4176
-1.259056859026381e+00	-1.274093858465148e+00	4177
-1.223451033772703e+00	-1.551829414433052e+00	4178
1.659815167098251e+00	1.122032883073668e-02	4179
-9.408941969940950e-01	-1.648690983057971e-01	4180
-9.225340204697378e-01	1.582511914900854e-01	4181
-8.739560550092051e-01	-8.669546692594102e-02	4182
-8.625147689530704e-01	8.760789867384036e-02	4183
2.086319030937745e+00	-4.353200219293636e-01	4184
2.029900679828391e+00	1.625724993563403e+00	4185
2.174583360776611e+00	-6.028953342575069e-01	4186
2.174293503185149e+00	6.863659976123992e-01	4187
2.247301928637413e+00	-8.004485752853248e-01	4188
1.721266752340346e+00	2.277108575311028e+00	4189
-1.148658522266349e+00	-2.530587648108210e-01	4190
-1.420970222644039e+00	-9.107254487718301e-01	4191
7.047688515222188e-02	3.005332287980890e+00	4192
2.269953883747445e+00	1.501800642393294e+00	4193
-1.011211740208465e+00	2.492355380965033e+00	4194
-1.068206676702809e+00	-1.462051869909567e-01	4195
2.021614491889310e+00	1.950526130479217e-01	4196
7.877728818227998e-01	-3.077797256128137e+00	4197
1.807998918618966e+00	-2.277579150572110e+00	4198
-1.419022441466027e+00	1.099943556890153e+00	4199
8.971262894470364e-02	-3.022894230977599e+00	4200
1.414479584007900e+00	-2.649013726068858e+00	4201
2.014861442651318e+00	-1.581302258660501e-01	4202
-6.281653659603612e-01	2.893571367216687e+00	4203
7.791442304627344e-01	3.060059714320144e+00	4204
2.453525131719264e+00	-8.834330096637584e-01	4205
-1.191964501188046e+00	3.442986595279612e-01	4206
-1.117943643433735e+00	2.298262417499024e-01	4207
2.148717553184540e+00	3.405681891468810e-01	4208
2.281822002780011e+00	1.159287560547263e+00	4209
-1.415850409969264e+00	1.398897087545256e+00	4210
-1.328942350691102e+00	6.437883911081728e-01	4211
2.141616138537756e+00	-2.895744520636716e-01	4212
-1.368168778336772e+00	-7.071709808542713e-01	4213
-1.386037773969124e+00	8.461172454620427e-01	4214
-1.043990278611118e+00	1.359251076084101e-01	4215
-1.242889021236070e+00	2.103153817911415e+00	4216
1.930963311937451e+00	-2.007938496671999e+00	4217
-1.257116127618953e+00	-2.167704511466103e+00	4218
1.865640393572497e+00	1.144422214003163e-02	4219
1.888746435901941e+00	-5.607112839731675e-02	4220
2.365651124383767e+00	-6.442699211053815e-01	4221
-1.361051638068197e+00	1.733669783136965e+00	4222
-1.303409973242619e+00	-5.312534115128733e-01	4223
2.286156280730733e+00	-1.622210185921531e+00	4224
-1.005690402887200e+00	-2.555829181807508e+00	4225
-6.118463097025111e-01	-2.929446170853785e+00	4226
2.506496850575434e+00	-1.190307267215525e+00	4227
1.893583747159130e+00	8.597517739856640e-02	4228
-1.262645567720338e+00	4.810690068554546e-01	4229
-1.227697921627782e+00	-3.782381546040627e-01	4230
-1.406660067267391e+00	-1.786736415912045e+00	4231
-1.453732616622428e+00	-1.152742707990552e+00	4232
-1.454798755514438e+00	-1.439215091030902e+00	4233
-9.867177730533639e-01	-5.732002068599046e-02	4234
-9.717492929789746e-01	5.546794294086230e-02	4235
-9.132491942200938e-01	3.202820334908392e-03	4236
2.259871816027247e+00	-4.504821675107710e-01	4237
2.268813052665270e+00	5.270222495049618e-01	4238
2.373499255735711e+00	7.661499437121607e-01	4239
1.678021554497749e+00	-2.564716619905897e+00	4240
2.029081901869346e+00	2.261009901838960e+00	4241
4.975966291787262e-01	3.371858167571586e+00	4242
-1.306891202787564e+00	-2.400646810484711e-01	4243
-1.586537303847759e+00	-2.075954720186642e+00	4244
5.056422318983488e-01	-3.387867642077294e+00	4245
1.183446200214987e+00	3.082629354535200e+00	4246
-1.633751029269250e+00	1.251633881429189e+00	4247
-2.872376806550859e-01	-3.199889858761621e+00	4248
2.688949190461980e+00	-1.000371486314359e+00	4249
-1.637498133451695e+00	-1.003755619141255e+00	4250
1.243361629434532e+00	-3.052014108596693e+00	4251
1.548756114348063e+00	2.539266139812395e+00	4252
2.532661193757166e+00	-1.473524682309327e+00	4253
-1.529276632130643e+00	6.963460101155378e-01	4254
-1.492935361356173e+00	-5.606797347794784e-01	4255
2.212862623917674e+00	1.838000553606115e+00	4256
-1.597790490332883e+00	9.475119115752710e-01	4257
-3.121633121564830e-01	3.176172114763448e+00	4258
2.113230067423956e+00	-2.252828554970685e+00	4259
-1.624963892825306e+00	1.604985750304032e+00	4260
-1.381083812415589e+00	2.449108951715140e+00	4261
-8.305351723160284e-01	2.794934048367898e+00	4262
2.229357896177222e+00	-1.923862766625073e+00	4263
-1.403201810652083e+00	-3.859769003746863e-01	4264
-1.446466421238571e+00	5.008723866734678e-01	4265
-1.270405218431495e+00	2.121599312851625e-01	4266
-1.210428754506215e+00	-1.222133891543383e-01	4267
2.460059098109711e+00	-4.664943790897362e-01	4268
2.337282822730742e+00	3.515705955705349e-01	4269
2.585794631268085e+00	-6.986475843770393e-01	4270
2.493999450541333e+00	1.338488912515131e+00	4271
2.185194094572717e+00	1.810070348250254e-01	4272
2.171064837740768e+00	-1.338394551979994e-01	4273
-1.572426710227078e+00	-7.620304160496961e-01	4274
-1.179892464896077e+00	1.046841046934339e-01	4275
-1.103750595595513e+00	-3.247127475044740e-03	4276
2.027302331740397e+00	1.677613772309629e-02	4277
-1.554508226248324e+00	1.999369216037686e+00	4278
-1.384228221981010e+00	-2.523990062182865e+00	4279
-1.035742353727224e+00	-2.979843282262483e+00	4280
-1.359566537885336e+00	3.440957673739764e-01	4281
-1.673054491526374e+00	-1.645269951553698e+00	4282
-1.676863978802482e+00	-1.294128450433530e+00	4283
2.319867964522381e+00	-2.819547169890392e-01	4284
2.481555538694390e+00	5.768023513204507e-01	4285
2.452224843982711e+00	9.885822035578993e-01	4286
9.798912221675158e-01	-3.455629814857529e+00	4287
1.883531858845204e+00	2.560545867790097e+00	4288
2.389074003489550e-02	3.419444787865522e+00	4289
-1.860103391593738e+00	1.850456000761793e+00	4290
1.639612134059070e+00	-2.902659323819377e+00	4291
-1.837702776124188e+00	1.073094372399160e+00	4292
-1.806565585242132e+00	-8.277933473925911e-01	4293
1.995519043413899e+00	-2.546282184364719e+00	4294
-7.288882321279515e-01	-3.321726759841712e+00	4295
5.657263747178688e-02	-3.436703508178654e+00	4296
-1.333662093281393e+00	6.680447094548912e-02	4297
2.372433395368588e+00	2.159209731187293e+00	4298
2.525307411553517e+00	-2.708769423232563e-01	4299
2.502979262996280e+00	1.661155265702330e+00	4300
-1.907310632126257e+00	-1.915083618423905e+00	4301
-1.484377641858714e+00	-2.959906503085065e+00	4302
-1.550387037065814e+00	3.405076575078806e-01	4303
2.376138919709547e+00	1.646157465537161e-01	4304
2.760019682479689e+00	-1.283783998072603e+00	4305
-1.877068560127426e+00	1.434318974243650e+00	4306
9.376817565941387e-01	3.451914133673282e+00	4307
2.350118313089079e+00	-1.020102517784539e-01	4308
-1.885171551043425e+00	-1.117089667891334e+00	4309
1.405934611318519e+00	2.786242613231749e+00	4310
-1.215969068804424e+00	2.797769995827275e+00	4311
2.434438161705042e+00	-2.180401973909265e+00	4312
2.521958025263066e+00	-1.790990223621012e+00	4313
-1.657824108339627e+00	5.263703630174755e-01	4314
-1.602015955662925e+00	-3.936028485157727e-01	4315
-1.442142725905013e+00	1.918268595107506e-01	4316
-1.487584347868361e+00	-2.249268796917536e-01	4317
-1.370545464252192e+00	-8.899940294625372e-02	4318
2.842650906385910e+00	-7.788911117632601e-01	4319
2.558484518243256e+00	3.691664101984101e-01	4320
2.691133617109854e+00	-4.910296067072918e-01	4321
-1.709391212052068e+00	-5.908594131991749e-01	4322
-1.759759656250279e+00	7.681599661768610e-01	4323
-1.754291740762124e+00	2.334777590930764e+00	4324
-1.771588680275052e+00	-2.427823918013666e+00	4325
-1.929468164354887e+00	-1.471337615809521e+00	4326
-1.249328219022747e+00	-2.590424281877543e-02	4327
2.596517503373545e+00	7.884788794012287e-01	4328
2.694728558673301e+00	1.137422838686892e+00	4329
6.844768731498017e-01	-3.817768428773268e+00	4330
3.245089425265004e-01	-3.806237601235849e+00	4331
-3.670672726606741e-01	3.607238800180014e+00	4332
1.491501305030124e+00	-3.377244292515637e+00	4333
2.962655040837686e+00	-5.315054607492027e-01	4334
-2.118062123235528e+00	2.160431912327084e+00	4335
2.996611223528669e-01	3.790025347460897e+00	4336
6.468440415041935e-01	3.805987330348890e+00	4337
-1.634353557342755e+00	2.737614151648336e+00	4338
-1.945384315785776e+00	-2.863632720234051e+00	4339
-1.529632966947594e+00	-1.288746270508687e-02	4340
-2.152419758601330e+00	1.653747823587241e+00	4341
2.257192062530806e+00	2.518961039631235e+00	4342
-7.058263683962965e-01	3.299219236445892e+00	4343
2.337396283986772e+00	-2.511353702771715e+00	4344
-1.218189387792358e+00	-3.371033086015861e+00	4345
1.698120093540977e+00	2.858113397414611e+00	4346
-1.022410377352777e+00	3.140795507129429e+00	4347
-3.686487247896171e-01	-3.630085261516742e+00	4348
2.960741274641163e+00	-1.054765428123097e+00	4349
-1.902369445423308e+00	5.652983081873806e-01	4350
-2.022262228837547e+00	8.631134905026510e-01	4351
-1.692125513717331e+00	-2.086713804940091e-01	4352
2.600174729809950e+00	1.489521362352558e-01	4353
1.379119840098365e+00	3.481466605236967e+00	4354
-2.111844711226230e+00	1.225669728875501e+00	4355
-2.220459520224267e+00	-1.707036368680845e+00	4356
2.556529505299213e+00	-6.258967889821071e-02	4357
-2.075282623710681e+00	-9.092347203653668e-01	4358
-2.154287995871638e+00	-2.253455694357389e+00	4359
2.251971449948090e+00	2.498094943877446e-02	4360
1.563233344706407e+00	3.137634355583842e+00	4361
2.761173304701130e+00	-2.048585037896677e+00	4362
2.799607122990949e+00	-1.608991656099627e+00	4363
-1.769459837468908e+00	3.374989694588096e-01	4364
-1.636776070953582e+00	1.634470767994729e-01	4365
2.708392576159010e+00	5.631368649007108e-01	4366
2.758059047007959e+00	1.450670073245062e+00	4367
2.763302473650819e+00	-2.637113274157080e-01	4368
-1.828216979381600e+00	-3.976392377909599e-01	4369
-1.957642998511092e+00	-6.266613177591799e-01	4370
-2.168150777924501e+00	-1.260596230570953e+00	4371
2.710784741747786e+00	1.982311778625318e+00	4372
2.864596615939387e+00	9.016394452099291e-01	4373
-1.456051625077681e+00	3.135543090871275e+00	4374
1.228610270089139e+00	-3.859823986534824e+00	4375
1.909155155746080e+00	-3.244134306296906e+00	4376
1.945325125781314e+00	3.151027804513647e+00	4377
-8.716633403311886e-01	-3.764177988280025e+00	4378
2.087981536814733e+00	2.872018156041845e+00	4379
3.125894875188052e+00	-7.907224527033196e-01	4380
-1.416604833764800e-01	-3.859016281946308e+00	4381
1.806619103772165e+00	3.490784265692003e+00	4382
4.528175634138410e-01	4.239875114920724e+00	4383
2.702227742338349e+00	-2.420605066367227e+00	4384
-2.243219758081817e+00	-6.727351784437183e-01	4385
-2.404692530208170e+00	-2.678573844257572e+00	4386
-1.737237313654094e+00	-3.335866524666389e+00	4387
2.424236628169704e+00	5.631905808140487e-02	4388
-1.924391163513239e+00	-1.842871398680523e-01	4389
2.781187813637717e+00	-9.441494698204664e-03	4390
2.124153140296812e+00	-2.905335836000708e+00	4391
1.123862059424856e+00	3.888252866181972e+00	4392
-2.424306652041328e+00	1.411624711590183e+00	4393
-2.522096632504839e+00	-2.019652136730949e+00	4394
3.043246945407696e+00	-2.630483685926474e-01	4395
2.994040498837927e+00	6.369031679992196e-01	4396
4.898167224250191e-01	-4.254915796563699e+00	4397
-2.057718887406135e+00	2.595900913526879e+00	4398
3.043759228395513e-03	3.880772097063706e+00	4399
-2.460706101945387e+00	1.928881890609616e+00	4400
-8.064570231052585e-01	3.751204910646839e+00	4401
-1.038152220190549e+00	3.566301287774727e+00	4402
-2.323551275692508e+00	9.805391905075674e-01	4403
2.782114900985416e+00	3.182436310791817e-01	4404
-2.491731559704349e+00	-1.447833939964268e+00	4405
3.079693762861124e+00	-1.854334329553388e+00	4406
3.053020700616399e+00	-1.379118038820828e+00	4407
-1.859701934228516e+00	1.306943121802108e-01	4408
-1.738618817716201e+00	-2.033779959404564e-02	4409
2.649601700257577e+00	2.388673051767750e+00	4410
2.803583142165335e+00	1.763039095679414e+00	4411
-2.023430596768137e+00	3.414898933235503e-01	4412
-2.087137901953165e+00	-4.016692896375262e-01	4413
-2.183220382608600e+00	6.247500976329843e-01	4414
-2.384159400044499e+00	-1.014643056075560e+00	4415
2.979200790480806e+00	1.203238675268092e+00	4416
-1.434651328254393e+00	-3.811592372146716e+00	4417
1.594786490436928e+00	3.902701690975733e+00	4418
-2.572843187122252e+00	-7.360338815790994e-01	4419
6.217582078617154e-02	-4.230306738117183e+00	4420
-2.318968038165485e+00	3.607940443733120e-01	4421
-1.543952824220473e+00	3.638668034689455e+00	4422
3.073854004067182e+00	-2.258512027935812e+00	4423
-2.118175544427813e+00	9.813964446295190e-02	4424
-1.933811118163674e+00	3.058934739153356e+00	4425
1.006682053579003e+00	-4.220645916893614e+00	4426
-2.846551512055034e+00	-2.415918323983109e+00	4427
2.344230598634570e+00	3.179898649556211e+00	4428
-2.468240649071449e+00	2.382681152579728e+00	4429
-5.622443946058380e-01	-4.046285792206172e+00	4430
1.771134411319476e+00	-3.749584899374238e+00	4431
-4.461605576356957e-01	4.090660048809085e+00	4432
-2.778641609380807e+00	1.646115715725213e+00	4433
-2.271489415038709e+00	-3.206530313059321e+00	4434
3.001041686406405e+00	2.234249305100488e+00	4435
-2.189560323589647e+00	-1.546058806883330e-01	4436
-2.854069582484926e+00	-1.714339011084415e+00	4437
3.249450177572646e+00	-4.977690347744006e-01	4438
3.067621265526032e+00	1.538236475238925e+00	4439
2.521430568353611e+00	2.808642691155496e+00	4440
2.240314847635219e+00	3.470939018671048e+00	4441
8.870802530519036e-01	4.251337825597892e+00	4442
2.333641487665624e+00	-3.274468115466088e+00	4443
2.567856403856098e+00	-2.835008177998501e+00	4444
-2.506951353129466e+00	7.019673290882090e-01	4445
3.159853732824432e+00	9.196057389110025e-01	4446
-2.737515685747400e+00	-1.155882376377869e+00	4447
3.034257548240778e+00	8.915537812985889e-02	4448
3.080724632143978e+00	3.497632466039842e-01	4449
-2.668922220352392e+00	1.126550456642180e+00	4450
3.375973987116552e+00	-1.598795610961784e+00	4451
3.272790467916380e+00	-1.104242577390857e+00	4452
-2.385118872220628e+00	-4.097960165680454e-01	4453
-4.555817109620303e-02	4.415748583862278e+00	4454
-2.034930374960875e+00	-3.756800805560976e+00	4455
2.090438804566502e+00	-3.660295020589417e+00	4456
-2.796445003079912e+00	-2.978562174187946e+00	4457
-2.410311838040541e+00	2.881496206215364e+00	4458
6.569874110260620e-01	4.741427528678119e+00	4459
-1.068885332990805e+00	-4.242063830342556e+00	4460
-3.143267705099550e+00	-1.361533291203402e+00	4461
3.134617340149003e+00	1.882045304208945e+00	4462
1.552713943213487e+00	-4.264183343784253e+00	4463
1.372759613600997e+00	4.343734619162497e+00	4464
-3.860792621457747e-01	-4.597571216656171e+00	4465
3.433850924708130e+00	-2.022208660647099e+00	4466
2.474744500517383e-01	-4.733455111270668e+00	4467
3.292535599976237e+00	6.054888201660890e-01	4468
3.305231220224440e+00	1.254255250575300e+00	4469
-2.729925807892385e+00	-4.278091690345477e-01	4470
-9.386090956580134e-01	4.253498917015492e+00	4471
-2.099995221768390e+00	3.591397855243154e+00	4472
7.804493798467590e-01	-4.731017503123870e+00	4473
-2.941600863769134e+00	-2.146114521910319e+00	4474
2.062573198441546e+00	3.898744840455550e+00	4475
-2.851692697498974e+00	2.104684380521806e+00	4476
-2.407170589918459e+00	5.598123390830206e-02	4477
2.947187155260042e+00	2.667108054969249e+00	4478
2.782996335545795e+00	3.161974089709461e+00	4479
2.680495689429816e+00	3.464925943415856e+00	4480
2.798996253280833e+00	-3.239230611843946e+00	4481
3.004007914545328e+00	-2.702812273165664e+00	4482
-3.064102898025900e+00	1.313769967713277e+00	4483
3.313120806337767e+00	-1.461999503450856e-01	4484
3.304846148699880e+00	1.740473574731078e-01	4485
-2.953873594291685e+00	-8.279602050872694e-01	4486
-2.879933961890328e+00	8.020552721469747e-01	4487
3.636496793725360e+00	-1.285906416139672e+00	4488
3.448779687337086e+00	-7.899743442652217e-01	4489
-2.494840347973006e+00	-1.224207218436487e-01	4490
-2.658560859068904e+00	3.951186738217253e-01	4491
-3.291658576492543e+00	-1.818111676499948e+00	4492
1.868864980949423e+00	4.350927869914892e+00	4493
-2.649133479516459e+00	-3.590279911926856e+00	4494
-2.668025577957971e+00	3.416869769995754e+00	4495
1.036174429790433e+00	4.795738785773172e+00	4496
-1.698410674815391e+00	-4.300021532197959e+00	4497
3.421238965354972e+00	1.622600029547326e+00	4498
-5.472149149751349e-01	4.635220472271169e+00	4499
-3.201933391986018e+00	1.769792796567238e+00	4500
2.583677389075079e+00	-3.686129324517527e+00	4501
1.300958987309979e+00	-4.712202925483498e+00	4502
-1.230356181491958e+00	4.038447912851110e+00	4503
-1.863166175234336e+00	4.079139214963672e+00	4504
-3.051824178584429e+00	4.437656357533210e-01	4505
2.514819209438641e+00	3.882432042413816e+00	4506
3.582003034305416e+00	3.960008887397830e-01	4507
3.571651133835363e+00	-4.272219241573987e-01	4508
-2.871400928501665e+00	2.623572053117134e+00	4509
3.496350138041507e+00	9.208955683706066e-01	4510
-9.664790796335991e-01	-4.875978411815411e+00	4511
3.764801817460229e+00	-1.714124651911596e+00	4512
-1.830145028623326e-01	-5.192738362847710e+00	4513
8.402539699539636e-02	5.059355969590316e+00	4514
5.159917930277164e-01	-5.280108799515498e+00	4515
3.393854371042846e+00	2.181087274359913e+00	4516
3.341895535684893e+00	2.497029694223096e+00	4517
3.248855168450328e+00	3.042350478247092e+00	4518
3.144229741623688e+00	3.453618727906763e+00	4519
3.285347263295738e+00	-3.116765464702417e+00	4520
3.433466691824317e+00	-2.494822301827179e+00	4521
-3.393408001174559e+00	-9.714209072055298e-01	4522
-3.309654774775138e+00	9.354639499970367e-01	4523
-3.130856130013822e+00	-4.654256572856241e-01	4524
3.847880559540343e+00	-9.219355259222555e-01	4525
3.589073050450683e+00	1.935457366755006e-02	4526
-2.848856991872490e+00	-9.269850203730547e-02	4527
-1.378593253320658e+00	4.544852191664291e+00	4528
-3.596416063845150e+00	-5.441504115377300e-01	4529
-3.264706396627185e+00	-2.735407986222106e+00	4530
1.624546494607897e+00	4.876262829981426e+00	4531
1.872780874013682e+00	-4.735810205836449e+00	4532
3.997197139568484e+00	-5.136385758887422e-01	4533
3.894585457191598e+00	-2.183867350319345e-01	4534
2.310833784107585e+00	-4.128778394805033e+00	4535
-3.513772327992815e+00	1.381048649496813e+00	4536
1.110089286437398e+00	-5.262253582686482e+00	4537
-1.103466032964111e+00	4.815071765257038e+00	4538
-2.477976714142973e+00	4.010983045831157e+00	4539
-2.857440582309061e+00	3.135933011280666e+00	4540
-2.384785903636912e+00	-4.226227265888298e+00	4541
4.050442942870820e+00	-1.339589217486546e+00	4542
-5.422841528453517e-01	5.311427869394105e+00	4543
-3.406545148944420e+00	-2.294558278460813e+00	4544
2.358794389149447e+00	4.343103187942792e+00	4545
-3.603406832821056e+00	-1.423826226499734e+00	4546
3.121565232943299e+00	-3.633467951409506e+00	4547
-3.196350979201264e+00	-3.396837791898098e+00	4548
7.681296628937412e-01	5.320175586656469e+00	4549
3.677430154970407e+00	1.292344853794494e+00	4550
-3.299375148278532e+00	2.291907237292690e+00	4551
3.853769668412883e+00	7.075859176134695e-01	4552
-1.672624945593182e+00	-5.017214173318536e+00	4553
-7.950255075533613e-01	-5.576188248437421e+00	4554
9.076191715579993e-02	-5.837009367400138e+00	4555
3.773255875392323e+00	1.919544322558858e+00	4556
2.977644241814311e+00	3.884719756751684e+00	4557
3.758437046980496e+00	2.403304377320126e+00	4558
3.711240236290393e+00	2.841113879969186e+00	4559
3.641444816004419e+00	3.361634469694144e+00	4560
3.776886578999012e+00	-2.904413067083262e+00	4561
3.842405168253942e+00	-2.204481730899822e+00	4562
-3.507859519637503e+00	5.169209714390475e-01	4563
3.901026175815659e+00	2.118064446658406e-01	4564
-3.263815321623706e+00	-9.736409283775066e-03	4565
-1.212313348427727e+00	5.504617703171660e+00	4566
2.176063723642490e+00	4.854773741617560e+00	4567
-3.871807058292083e+00	-9.786907410466412e-01	4568
-3.778310475672773e+00	9.420067332589013e-01	4569
-3.786346700557450e+00	-1.922959884803340e+00	4570
-2.110084590300864e+00	4.632618836273231e+00	4571
-3.686196994890735e+00	1.896205829062046e+00	4572
2.519093210423526e+00	-4.737730154361238e+00	4573
2.877698855839251e+00	-4.149601512496952e+00	4574
1.335415841197253e+00	5.362493117367335e+00	4575
8.181329263153755e-01	-5.910988100680827e+00	4576
3.682776925200123e+00	-3.478321636692424e+00	4577
4.229752068571084e+00	4.911150334404742e-01	4578
4.275221269180594e+00	-9.057859962264825e-01	4579
4.266936025370572e+00	-1.299638290318805e-01	4580
-1.631402589504842e+00	5.077783140134748e+00	4581
-3.791884974403946e+00	-2.662102425605253e+00	4582
-3.735666801956473e+00	-3.116907486212287e+00	4583
1.646517535402734e+00	-5.224733429515827e+00	4584
-3.748602211814194e+00	8.759928318297073e-03	4585
-3.346308124507322e+00	2.854520378432214e+00	4586
-2.096812961770302e+00	-4.804310612711892e+00	4587
-3.051443309971223e+00	-4.049263617036802e+00	4588
1.030899950506024e-01	5.746240720289366e+00	4589
3.502124893466128e+00	3.869277925035385e+00	4590
-1.571375724112006e+00	-5.824026169971356e+00	4591
-5.391859323362823e-01	-6.338232012798844e+00	4592
4.107814231533634e+00	1.100631406695622e+00	4593
4.099534629278273e+00	1.548789798669642e+00	4594
2.827746333322477e+00	4.327724116772473e+00	4595
4.184370918719305e+00	2.174048605993564e+00	4596
4.182423994564334e+00	2.670641488619878e+00	4597
4.153587277873220e+00	3.165706574133001e+00	4598
4.254371000037583e+00	-2.595395737457124e+00	4599
4.211072874174539e+00	-1.832232286560063e+00	4600
-1.869096342338590e+00	5.730833187083647e+00	4601
-4.125131616339511e+00	-1.475515215936429e+00	4602
-2.777625089346897e+00	4.607912551127804e+00	4603
-3.065636024067609e+00	3.871395374354259e+00	4604
-2.279796883989343e+00	5.294358909191453e+00	4605
1.952130394914228e+00	5.429783629685809e+00	4606
-3.351132589484514e+00	3.425050945222435e+00	4607
-2.156617250097320e+00	-5.453550756315282e+00	4608
-2.809334054209953e+00	-4.729238352155774e+00	4609
4.079608069127771e+00	3.750911845573162e+00	4610
4.246822113253000e+00	-3.215368135227673e+00	4611
2.236161509614278e+00	-5.262138395300804e+00	4612
3.497616592949779e+00	-4.076929214712702e+00	4613
-3.815087426426891e+00	2.477228267180615e+00	4614
-4.002453311285544e+00	4.715116146638654e-01	4615
3.170064511222157e+00	-4.729189365412662e+00	4616
-4.025972069594216e+00	1.441595584048517e+00	4617
2.982534530833413e-01	-6.589577485209961e+00	4618
-3.690494073446474e+00	-3.792408738685708e+00	4619
3.328531637514729e+00	4.338972020028023e+00	4620
-6.388389579884243e-01	6.035850667880430e+00	4621
4.443901842239025e+00	-5.154637937874611e-01	4622
4.643398105796221e+00	2.018503983107471e-01	4623
-4.293934767568429e+00	-2.288104860150725e+00	4624
-4.301673956801097e+00	-2.955216797421880e+00	4625
1.420392809666985e+00	-5.860270086399965e+00	4626
-4.088943141178669e+00	-4.565134624093987e-01	4627
8.915250349633196e-01	6.017536014682878e+00	4628
-1.372537220140371e+00	-6.715036300821247e+00	4629
4.557830574761566e+00	8.714409756088219e-01	4630
4.511024459735395e+00	1.331053173306627e+00	4631
2.696924982105639e+00	4.829674019191162e+00	4632
4.574642461775420e+00	1.802476763018336e+00	4633
4.660541272591436e+00	2.424109148273911e+00	4634
4.678565925603272e+00	2.948052054554157e+00	4635
4.694914410021067e+00	-2.187004587271503e+00	4636
4.523542641808395e+00	-1.384133025879144e+00	4637
1.900082439125688e+00	-5.859765552239375e+00	4638
-2.568114073647870e+00	5.976956050007272e+00	4639
4.790323309731951e+00	-2.837659123843119e+00	4640
-4.722768402095232e+00	-1.774138575784731e+00	4641
1.274520773944511e-01	6.524955336794266e+00	4642
-4.310369524967081e+00	9.431884707668333e-01	4643
2.876806426560355e+00	-5.304528779567137e+00	4644
3.921808489627228e+00	4.327634441891631e+00	4645
-1.352216842394068e+00	6.255363012220711e+00	4646
-3.888208088470709e+00	3.100482459913550e+00	4647
4.144727247374347e+00	-3.882600088206062e+00	4648
4.758454913649343e+00	-9.130080778630830e-01	4649
-4.270510756745592e+00	3.228267128385205e-02	4650
1.150462084402667e+00	-6.625385403959671e+00	4651
-3.544309517529310e+00	-4.531027127549838e+00	4652
-2.966653050992258e+00	-5.525718614775714e+00	4653
-4.886756138706268e-01	-7.195570561127648e+00	4654
-3.046471671549890e+00	5.326130304783369e+00	4655
1.575481468094468e+00	6.031263192771222e+00	4656
-3.471293813256171e+00	4.454427101483869e+00	4657
-3.681172712456795e+00	3.949244752579876e+00	4658
3.853909525251957e+00	-4.662701498606479e+00	4659
-4.239439449177401e+00	2.018388706664573e+00	4660
-4.415210565101943e+00	-9.548200885096744e-01	4661
4.724369471017026e+00	-1.539067396984908e-01	4662
-4.174945073873753e+00	-3.590269443162574e+00	4663
-4.871210505438796e+00	-2.614316008741147e+00	4664
-2.201849078524145e+00	-6.319200314207245e+00	4665
4.643795078214949e+00	3.544093862149156e+00	4666
2.542849769337950e+00	5.395414487476690e+00	4667
4.980890937160069e+00	1.145101361356520e+00	4668
5.004106668785915e+00	1.503919094065978e+00	4669
5.039068689752818e+00	5.904447263668067e-01	4670
5.113732687094444e+00	2.044405810659378e+00	4671
5.211558564268459e+00	2.667329053343734e+00	4672
5.076531424235087e+00	-1.685339413859380e+00	4673
3.576547884779247e+00	-5.309831150161429e+00	4674
-1.317551213955791e+00	-7.663431154094407e+00	4675
-2.049471241688311e+00	6.508717420830880e+00	4676
5.285207847451494e+00	-2.344878026862363e+00	4677
-4.549774596167798e+00	4.715961267224821e-01	4678
5.395631929349183e-01	-7.442521535034397e+00	4679
3.358031673452439e+00	5.131456790873243e+00	4680
4.569505247954648e+00	4.198433865627504e+00	4681
-3.391686203562030e+00	6.080596659583586e+00	4682
2.571403420747352e+00	-5.898421452456756e+00	4683
-4.607200508960918e+00	1.495429680739215e+00	4684
-2.122961159198529e+00	-7.219484758662040e+00	4685
2.304316534013926e+00	6.070694831236040e+00	4686
4.925614582183222e+00	-6.009984565106563e-01	4687
-5.387366729947542e+00	-2.089024947037626e+00	4688
1.659679384165640e+00	-6.551422599324408e+00	4689
4.792104727644755e+00	-3.558578301500013e+00	4690
1.063321447398073e+00	6.801704477535866e+00	4691
5.119239983318095e+00	1.217618100081479e-01	4692
-7.146424510471866e-01	6.860031441728335e+00	4693
-4.404328657031972e+00	2.666330931387510e+00	4694
4.573437495543510e+00	-4.485449729386811e+00	4695
-3.849310701821093e+00	-5.371238828248122e+00	4696
-4.361723722167062e+00	3.664534498842004e+00	4697
-3.865234447342688e+00	5.185249784540876e+00	4698
-4.161929822773921e+00	4.444543312293951e+00	4699
-4.645359061037462e+00	-4.096139154065281e-01	4700
-5.076168604419661e+00	-1.173006946667807e+00	4701
-4.169332454200791e+00	-4.263501735986795e+00	4702
-4.869537274917729e+00	-3.353192123225444e+00	4703
-3.117810755063236e+00	-6.434518069997677e+00	4704
5.499870969558857e+00	1.290802276169929e+00	4705
5.505651116225843e+00	9.179066007554619e-01	4706
5.227116971397942e+00	3.298617171886868e+00	4707
5.579529212312113e+00	1.668066203338249e+00	4708
5.727585497933090e+00	2.266739577558659e+00	4709
-4.308014736057409e+00	5.991625072669138e+00	4710
-2.145444376475246e+00	-8.210375942522603e+00	4711
-1.499548330723810e+00	7.100824849865021e+00	4712
-3.283647401209967e-01	-8.151859631320727e+00	4713
1.912126529053518e+00	6.789625060414324e+00	4714
1.840752678734822e-01	7.405829869010208e+00	4715
3.107116472769791e+00	5.924961912405900e+00	4716
-4.834314499756772e+00	-1.926578441584864e-02	4717
5.410040128769068e+00	-3.098925746188950e+00	4718
3.272463641911953e+00	-5.944247793831257e+00	4719
-5.555641502075814e+00	-2.896439293539978e+00	4720
-4.868729652758921e+00	2.137174992582763e+00	4721
5.188874006033831e+00	-3.981435479775260e-01	4722
5.259409188183739e+00	-9.823999657314830e-01	4723
-5.821031244151659e+00	-1.429878943481218e+00	4724
-4.906770836266268e+00	9.546941701693087e-01	4725
-3.141910276220046e+00	-7.486144274493042e+00	4726
4.346938769399446e+00	-5.231378250158759e+00	4727
5.705197356608118e+00	-1.848415917698102e+00	4728
5.202654820741675e+00	3.967832097035695e+00	4729
5.567866139122835e+00	3.877406234325687e-01	4730
6.045651600774515e+00	1.111517392162577e+00	4731
-4.776731799870518e+00	-4.010282361806792e+00	4732
-2.870996230734542e+00	6.784324495123185e+00	4733
2.193379925352019e+00	-6.575686839473419e+00	4734
5.308786705277256e+00	-4.168674255354254e+00	4735
4.371160163123379e+00	4.883899290486545e+00	4736
-5.001841040838793e+00	3.190737964903607e+00	4737
-4.915570660926287e+00	4.220960805740861e+00	4738
-4.681485551287059e+00	5.081753271749312e+00	4739
-5.347199454749457e+00	-5.156853843226462e-01	4740
-4.129944772924297e+00	-6.345237753494088e+00	4741
5.840933666819141e+00	2.958403945486242e+00	4742
6.241404312903724e+00	1.821245405131855e+00	4743
-5.251144337880885e+00	5.846319910690326e+00	4744
-4.314632130774907e+00	-7.501315594433666e+00	4745
-6.153835856828151e+00	-2.242833774300784e+00	4746
6.700850900420470e-01	-8.481854847490684e+00	4747
-5.571777250121330e+00	2.582241767788373e+00	4748
5.117703286566816e+00	4.720697892748700e+00	4749
-2.283350149501510e+00	7.381400120348599e+00	4750
-5.553089172822084e+00	-3.742560396732054e+00	4751
6.028977187632043e+00	-3.696306033493021e+00	4752
4.049134680976267e+00	-5.955664856589802e+00	4753
-5.537683230737562e+00	4.851360434025303e+00	4754
-1.224959561890033e+00	-8.715532262914508e+00	4755
-7.797624539149599e-01	7.795561465957620e+00	4756
-5.262717945605656e+00	1.547488834429145e+00	4757
-4.739260200608880e+00	-4.782405194275054e+00	4758
1.292249356159300e+00	7.685883258284851e+00	4759
6.764214801893253e+00	1.294090194346153e+00	4760
5.949141389924625e+00	-2.553382645001502e+00	4761
5.864117047544596e+00	3.680528806615762e+00	4762
1.889886640751988e+00	-7.334911975011432e+00	4763
-5.665012044486018e+00	3.763715550074173e+00	4764
2.799699251861478e+00	6.751581351042415e+00	4765
5.171961476504666e+00	-5.014171815022466e+00	4766
5.978567347339927e+00	-1.158920773461383e+00	4767
-5.161438486111223e+00	4.426139558541423e-01	4768
5.629579646107709e+00	-1.293154099335670e-01	4769
-3.861062300929346e+00	6.886648624607583e+00	4770
-3.203726303249776e+00	-8.616727417106635e+00	4771
3.958813337771478e+00	5.702828696808750e+00	4772
-4.741885284290732e+00	-5.638277740542328e+00	4773
2.946762024981082e+00	-6.617840147148980e+00	4774
-6.155180547569109e+00	-6.759475594028833e-01	4775
6.418436041986475e+00	2.519307003613262e+00	4776
3.721477676607700e+00	-6.660794646767320e+00	4777
1.469114630679020e+00	-7.853737287081290e+00	4778
-6.343691429975646e+00	-3.194556615150848e+00	4779
6.687273509349599e+00	-3.075150740547053e+00	4780
2.772013885685873e-01	8.401821689482892e+00	4781
-1.670294322778524e+00	8.057489502790535e+00	4782
6.553057516053653e+00	3.294283393980727e+00	4783
-6.051707893576602e+00	1.873787421537655e+00	4784
-4.889511805461986e+00	6.804028065641523e+00	4785
-5.462108057037186e+00	-1.189545758187425e-01	4786
-2.236931598697548e+00	-9.341444894742553e+00	4787
6.357734083117660e+00	-4.572757588970948e-01	4788
6.153615698973064e+00	1.933815855649201e-01	4789
-3.236156668856625e+00	7.696118541591446e+00	4790
6.017280321158500e+00	-4.626468708889678e+00	4791
5.841743028242760e+00	4.448259126102492e+00	4792
6.995533567926818e+00	2.020602306752419e+00	4793
-1.956908286145036e-01	-9.236892412968965e+00	4794
-6.230220891142561e+00	5.588453931612576e+00	4795
2.335452379168836e+00	7.641109088428174e+00	4796
-5.448560056783045e+00	-4.502719657759538e+00	4797
4.921793291359445e+00	-5.864724143255552e+00	4798
-6.353932425867114e+00	3.113398260846658e+00	4799
-5.872468839452199e+00	2.337408726273753e-02	4800
-5.099654267231599e+00	-6.664993520637091e+00	4801
6.563350735990064e+00	5.884172881260162e-01	4802
6.417035251608339e+00	-1.863305787689910e+00	4803
2.653299303191137e+00	-7.316404788676926e+00	4804
-6.404251335833154e+00	4.400192697613504e+00	4805
3.692669415653232e+00	6.568806182042606e+00	4806
5.681399131845851e+00	-7.101013881755531e-01	4807
-5.576541024003560e+00	9.507205470251947e-01	4808
-6.635973898254464e+00	-1.452596112466680e+00	4809
-4.482335874964018e+00	-8.777171716951703e+00	4810
4.856631989336288e+00	5.562544711973168e+00	4811
-5.533906618052015e+00	-5.205440081258913e+00	4812
-6.314342652872550e+00	-4.752069838393399e+00	4813
3.423310805547518e+00	-7.371482420705167e+00	4814
-4.368267477290203e+00	7.816148782807419e+00	4815
-7.227839326888831e+00	5.126255874964087e+00	4816
-7.028204322766707e+00	-2.407453913470064e+00	4817
-6.944864629042384e+00	2.310916736784052e+00	4818
9.008669622996717e-01	-9.615089844534026e+00	4819
7.203682743835715e+00	2.803006206322836e+00	4820
-2.563158913473896e+00	8.369627306622922e+00	4821
-1.178622788134491e+00	-9.906709670728736e+00	4822
1.585067876361870e+00	8.682938054737660e+00	4823
5.867178676551028e+00	-5.602727709751012e+00	4824
-7.019866776796388e+00	-6.765841723739130e-01	4825
3.363237486029749e+00	7.527375247869364e+00	4826
5.735594356010559e+00	5.333357844715133e+00	4827
4.592189606727755e+00	-6.679753326349148e+00	4828
-8.393328712954438e-01	8.858038743637556e+00	4829
-3.535018431153298e+00	-9.806729630132082e+00	4830
6.590089590133553e+00	4.113421484078898e+00	4831
6.837088698756334e+00	-4.056135096616563e+00	4832
2.290703937819013e+00	-8.187965510286576e+00	4833
7.329553101524034e+00	7.500028942282349e-01	4834
7.579827089718576e+00	1.433353265065920e+00	4835
-5.957968408431691e+00	6.632936060585761e+00	4836
-6.337618450977397e+00	-4.174510723125320e+00	4837
-7.224186914647962e+00	3.722062693955748e+00	4838
6.861794399239515e+00	5.701207428462398e-02	4839
6.733966464506933e+00	-1.140985333728466e+00	4840
7.259853917086692e+00	-2.310385735123624e+00	4841
1.652920531314206e+00	-8.905374191687976e+00	4842
4.549549497352202e+00	6.381689441774752e+00	4843
-6.354448129915005e+00	6.859772477034866e-01	4844
-5.417926064814526e+00	-7.877019091257230e+00	4845
-5.547844177913800e+00	-6.177095879358793e+00	4846
-3.564632842504605e-02	-1.046149514146370e+01	4847
-5.721853769021344e+00	-9.128282246633390e+00	4848
4.089926502042943e-01	9.528143865412520e+00	4849
-6.403280835871048e+00	-5.712186463705534e+00	4850
8.194423743745903e+00	8.192230475548844e-01	4851
2.835863406381506e+00	8.600661135490153e+00	4852
-6.830284690135977e+00	1.418506590003599e+00	4853
7.362470601524860e+00	3.674643369723650e+00	4854
-2.367349060251631e+00	-1.062931932764082e+01	4855
7.581350688742823e+00	-3.306364412147672e+00	4856
-7.558740768900190e+00	-1.520840797542702e+00	4857
7.852125371289675e+00	2.243963356802380e+00	4858
-5.545318236286271e+00	7.728482823912063e+00	4859
5.585807590200895e+00	-6.575214039039026e+00	4860
-4.860990955313642e+00	-1.007362123146659e+01	4861
-1.864269174982931e+00	9.144871170805239e+00	4862
6.569656200003222e+00	5.001148781554755e+00	4863
6.836346480829810e+00	-5.133631007244719e+00	4864
-7.096463264007433e+00	6.304932009542033e+00	4865
4.251438877656631e+00	-7.439062244607170e+00	4866
-7.946592372399476e+00	2.843793685189901e+00	4867
-8.192755669303406e+00	4.419815660198996e+00	4868
7.701505540112167e+00	-6.708858321743479e-03	4869
2.009381195497638e+00	-1.003214284442486e+01	4870
2.972627126622424e+00	-8.227625760419237e+00	4871
-6.630765786802376e+00	-8.405856032956635e-03	4872
-3.646487378327337e+00	8.731906553858979e+00	4873
5.490412775693175e+00	6.251870126889810e+00	4874
2.708714072469044e+00	-9.198314302134982e+00	4875
7.112223528539912e+00	-5.736481182409343e-01	4876
-7.245112504623123e+00	-3.519203086910176e+00	4877
7.214589093460284e+00	-1.785449168124170e+00	4878
4.322702874927773e+00	7.315593395639472e+00	4879
-6.659171060809709e+00	-8.234798981847726e+00	4880
8.494507293253603e+00	1.644753040607795e+00	4881
4.001943651898900e+00	8.409887280813368e+00	4882
6.670643372737164e+00	-6.261033314958486e+00	4883
-1.136851149692711e+00	-1.125738129092277e+01	4884
-8.263568003581135e+00	5.721175998192629e+00	4885
1.942982812168546e+00	9.806679190661006e+00	4886
-3.802342651331229e+00	-1.117948624504078e+01	4887
-2.879104537111074e+00	9.491035458806467e+00	4888
8.664445276358771e+00	-2.332885649347480e-02	4889
-7.776360086704342e+00	1.786213314038643e+00	4890
8.215167571522771e+00	-2.550998635818653e+00	4891
-7.993638569553823e+00	-6.477973008653277e-01	4892
8.095964384272557e+00	3.122543136695689e+00	4893
7.770632853601368e+00	-4.444769475107305e+00	4894
7.417262586922017e+00	4.606089840465300e+00	4895
7.939216330904875e+00	-8.446678651240150e-01	4896
-8.917601237599615e-01	1.006513875412749e+01	4897
3.213803580831668e+00	-1.032834216809349e+01	4898
-6.436118027821161e+00	-6.796694247730921e+00	4899
-4.936152014576122e+00	8.875479090370003e+00	4900
-7.284588732175987e+00	-5.144403350790510e+00	4901
5.219082122682792e+00	-7.484719227673958e+00	4902
5.219700577925980e+00	7.123340430195575e+00	4903
6.466732981339881e+00	5.995563134354248e+00	4904
-8.018858787997500e+00	-2.603106166531250e+00	4905
-6.777890105253006e+00	7.515114779604948e+00	4906
-6.222444937793141e+00	-1.044721256507785e+01	4907
-9.066179237707964e+00	3.473918883320525e+00	4908
1.126424051874649e+00	-1.088366873224927e+01	4909
3.892025024061073e+00	-8.279552641915886e+00	4910
-7.496619436869662e+00	4.883195514429609e-02	4911
7.524126251687855e+00	-1.260267473267881e+00	4912
-7.207308328369183e+00	6.259586982185985e-01	4913
5.820987191082632e-01	1.080318752651285e+01	4914
3.416765175118781e+00	9.681613716147302e+00	4915
-8.283496971935589e+00	4.634685081574502e-01	4916
1.334144581853516e-01	-1.184250923046223e+01	4917
8.956458022895022e+00	-1.014500626581950e+00	4918
-2.474547216315186e+00	-1.209108869707600e+01	4919
9.200600489231270e+00	8.794193293244401e-01	4920
8.810277473303818e+00	2.519575203900524e+00	4921
8.284746430786180e+00	4.103603711808322e+00	4922
-8.891105618650055e+00	2.228684113256624e+00	4923
5.037306970521186e+00	8.148458154940419e+00	4924
3.662823592352953e+00	-9.286210334416136e+00	4925
-8.100251551473375e+00	7.103163648649268e+00	4926
8.585739871585776e+00	-3.617928233057932e+00	4927
8.180733700221465e+00	-1.779744346036486e+00	4928
-8.607182510754106e+00	-1.595616947860332e+00	4929
-6.293625489064671e+00	8.777541209081779e+00	4930
-5.235796926382734e+00	-1.153314118880474e+01	4931
-4.106473528961801e+00	9.908379241565848e+00	4932
-7.645627327716115e+00	-7.341536921988899e+00	4933
-2.077651238280198e+00	1.038342100941538e+01	4934
-8.289092408616732e+00	-3.989968545622740e+00	4935
7.782591740026618e+00	-5.694653951190909e+00	4936
2.365399718546758e+00	-1.133221060641592e+01	4937
-7.409168066794140e+00	-6.247172837915179e+00	4938
6.350609010098204e+00	-7.372487222350333e+00	4939
6.233358378693961e+00	6.995667134966911e+00	4940
7.409004814687398e+00	5.613469124261623e+00	4941
-7.095222557623763e+00	-9.453324003331005e+00	4942
-9.379272763086743e+00	4.847346061369449e+00	4943
4.828259385971859e+00	-8.339043540843576e+00	4944
4.738449594953117e+00	9.402167582614140e+00	4945
-6.782404998240630e+00	-1.194518519644938e+01	4946
-3.232573643928943e+00	1.076494932354442e+01	4947
3.754894632600767e+00	-1.164187780465860e+01	4948
8.831587280707021e+00	-4.893588979077911e+00	4949
-9.455259671616885e+00	6.381378837346056e+00	4950
-8.642728246132432e+00	-6.550254346311481e+00	4951
9.303468837915434e+00	-2.769598879994549e+00	4952
9.549364565666556e+00	1.833506084738602e+00	4953
1.963818670439500e+00	1.126374972852674e+01	4954
2.777814718870594e+00	1.088992405132098e+01	4955
-4.052060162030687e+00	-1.274107137902827e+01	4956
-7.692435949448285e+00	-1.085713402801567e+01	4957
5.986241012978440e+00	7.933080613189246e+00	4958
-1.074579150845778e+00	-1.278193992843548e+01	4959
9.735644825807109e+00	-1.565701532855850e-01	4960
-8.007671143688416e+00	-8.556979359863185e+00	4961
-5.577846159719807e+00	1.008021070723947e+01	4962
9.100651632902011e+00	3.490713795186096e+00	4963
-9.333712560966758e-01	1.143632955388595e+01	4964
1.417707078013643e+00	-1.230264921114018e+01	4965
7.314265130075066e+00	6.720103909830371e+00	4966
8.363528717841890e+00	5.156166683333779e+00	4967
-8.681156547210971e+00	1.137013962699721e+00	4968
-7.722996126567905e+00	8.510895969882784e+00	4969
7.597402503619858e+00	-6.998161287972215e+00	4970
-1.004770309362671e+01	2.698703739397439e+00	4971
4.500953208211575e+00	-1.026131938138229e+01	4972
-9.070416070948385e+00	-4.672378826500578e-01	4973
9.160403257980041e+00	-2.091889433817065e+00	4974
-8.479718206191620e+00	-5.413269274449038e+00	4975
-9.149804228032833e+00	-2.850971648590702e+00	4976
-1.034435303257408e+01	3.903041736335723e+00	4977
5.923689271921542e+00	-8.400090374880033e+00	4978
4.238698959486116e+00	1.076858521053262e+01	4979
-5.664448628782339e+00	-1.318038667079481e+01	4980
-9.733729377215786e+00	-5.811269605346301e+00	4981
-2.559586040781111e+00	-1.374453898320233e+01	4982
1.035641074297624e+01	9.170777881816683e-01	4983
-2.309657911861349e+00	1.179517944550665e+01	4984
7.223672194046162e+00	-8.276552060612993e+00	4985
9.734644161093234e+00	-3.959371870303762e+00	4986
-1.138495819665767e+01	3.005903972020521e+00	4987
-8.425710382926248e+00	-1.239376689454435e+01	4988
-7.148133282211945e+00	9.968977416701451e+00	4989
-9.808406096819891e+00	-1.615294145400344e+00	4990
9.902082520575135e+00	2.816488439519826e+00	4991
9.333120545092326e+00	4.585927325942587e+00	4992
-9.257013849099097e+00	7.998083269659857e+00	4993
-8.497517956235557e+00	-9.969184371813498e+00	4994
-9.835186358572981e+00	1.476556202489014e+00	4995
1.005938858890641e+01	-1.314949090416246e+00	4996
5.941097055890555e-01	1.226851742560941e+01	4997
5.310816978566049e+00	-9.472941529810313e+00	4998
8.865943347250523e+00	-6.326333559531924e+00	4999
7.085755891660977e+00	7.810444745413303e+00	5000
8.373013857772587e+00	6.290493300693587e+00	5001
-1.069695411473365e+01	5.404993142014916e+00	5002
-8.964102112424415e+00	-7.750833381379569e+00	5003
-4.623384077333110e+00	1.124459905407709e+01	5004
2.812030268712655e+00	-1.277652585957882e+01	5005
-9.521825634307129e+00	-4.313063006943244e+00	5006
5.753513485219574e+00	9.100894464781009e+00	5007
3.493545199145953e-01	-1.339647776433870e+01	5008
5.284076246520038e+00	-1.157260096916885e+01	5009
6.826304137193253e+00	8.870084288585181e+00	5010
-1.049716616383633e+00	1.298052027470504e+01	5011
-7.294350242637216e+00	-1.368787027073209e+01	5012
1.787973351663140e+00	-1.389146524167570e+01	5013
-4.311023015795253e+00	-1.450937868262735e+01	5014
1.096300739087800e+01	-3.065056820568108e-01	5015
-8.809020383470685e+00	9.638045880548258e+00	5016
-3.627339948678416e+00	1.221337889100879e+01	5017
-6.304452928887383e+00	1.145017216817950e+01	5018
-1.034699334184641e+01	-4.561414023284737e-01	5019
-1.175443898386566e+01	4.396846827385446e+00	5020
9.443989724294079e+00	5.768518759010516e+00	5021
-9.549925172017026e+00	3.197652225122017e-01	5022
1.004498672031518e+01	-5.397797862317726e+00	5023
1.024264223747803e+01	3.897514262909105e+00	5024
1.075903028927432e+01	2.025965290361079e+00	5025
1.054677957880047e+01	-2.991042716411747e+00	5026
3.616211691885230e+00	1.212111845013227e+01	5027
-1.079930846851989e+01	7.148635546644561e+00	5028
-9.964637010398109e+00	-7.024629164248636e+00	5029
5.613954073577796e+00	1.045369239046426e+01	5030
8.285688873384071e+00	7.520358850257876e+00	5031
-9.356477954068898e+00	-9.189506890208392e+00	5032
-1.085443488112895e+01	-4.886674258572015e+00	5033
8.659589321598361e+00	-7.833486889150506e+00	5034
2.079517071578074e+00	1.285791609516515e+01	5035
-9.740221957543370e-01	-1.449717883240486e+01	5036
-9.217297614374123e+00	-1.143109918110926e+01	5037
-1.103941801545810e+01	1.780124660718092e+00	5038
6.659799328209903e+00	-9.515728311468777e+00	5039
4.482503092293280e+00	-1.306937650392832e+01	5040
-1.045162432690671e+01	-3.030376303233346e+00	5041
5.771010951314087e+00	-1.075481598836695e+01	5042
-9.173158033873928e+00	-1.418702696374172e+01	5043
1.052748810393949e+01	5.120919352399021e+00	5044
1.105032891485888e+01	-4.329192723815184e+00	5045
-6.071360497995654e+00	-1.504709648457797e+01	5046
-5.205058511105486e+00	1.276275581216039e+01	5047
-8.123130780246203e+00	1.132334831057606e+01	5048
-1.073844367489023e+01	5.945148490751946e-01	5049
-1.057454359530812e+01	9.015605000650245e+00	5050
1.010735737023346e+01	-7.040856351399004e+00	5051
1.114690469967200e+01	3.139357184919699e+00	5052
5.763078292155066e-01	1.392972151338152e+01	5053
7.299748189097391e+00	-1.091074408246736e+01	5054
8.199107885668678e+00	-9.338642080076308e+00	5055
8.047226513179638e+00	8.731398737817237e+00	5056
-2.619948871955994e+00	-1.561662466337059e+01	5057
9.474871764866039e+00	7.042453904738124e+00	5058
6.549318581124138e+00	1.018659625571976e+01	5059
1.138463201872224e+01	-1.704386083110836e+00	5060
-1.027262590251566e+01	-8.505599332756821e+00	5061
6.305419073136724e-01	-1.514349439539156e+01	5062
-1.218013306540224e+01	6.054290230185947e+00	5063
3.404202981166188e+00	-1.439639896612043e+01	5064
-1.114726586895861e+01	-6.270768840081912e+00	5065
-1.191993413178771e+01	-3.681876082170953e+00	5066
5.191021370130456e+00	1.195862590621446e+01	5067
-1.290494384625830e+01	3.344394624985955e+00	5068
-2.597718538439822e+00	1.338747650707749e+01	5069
6.199137024083648e+00	-1.302097374016950e+01	5070
1.167971262959751e+01	9.473274128739717e-01	5071
-1.013657989370989e+01	-1.299330510619154e+01	5072
-1.116800626534814e+01	-1.679596716952674e+00	5073
3.481231736725128e+00	1.380991710130335e+01	5074
-1.247531349499993e+01	2.034504563876645e+00	5075
1.214270432394745e+01	2.233518990772990e+00	5076
-4.552649533381108e+00	-1.651298047774305e+01	5077
-7.895274887430006e+00	-1.564438090612774e+01	5078
-1.004893373164181e+01	1.091941678287407e+01	5079
-1.232052115539285e+01	8.027472146931085e+00	5080
1.237865079771798e+01	-4.741707307498637e-01	5081
1.198266260665877e+01	-3.121701686034279e+00	5082
9.868373529698642e+00	-8.795186585843046e+00	5083
6.454822283812129e+00	1.162423076134810e+01	5084
9.387620932703983e+00	8.417273880641556e+00	5085
5.289986485015030e+00	-1.469804660389456e+01	5086
-8.183540974425293e-01	-1.643451679484625e+01	5087
-1.115240634448184e+01	-1.134168136673910e+01	5088
1.154131034509818e+01	4.345343860304630e+00	5089
-1.223313332112591e+00	1.472175881985002e+01	5090
-1.240101426515386e+01	-5.248216962645908e+00	5091
-7.127455253183603e+00	1.300852082723988e+01	5092
-4.082209299685818e+00	1.385120412524492e+01	5093
-1.072061456970918e+01	-1.006437320797788e+01	5094
-1.114414530621751e+01	-1.479113688723062e+01	5095
-1.409925574078668e+01	2.224737391091727e+00	5096
-1.172570787656721e+01	-3.682953218397216e-01	5097
1.143180928364787e+01	-5.959482777327758e+00	5098
2.067917043879974e+00	1.462855831590545e+01	5099
8.116855341981969e+00	-1.267462632037837e+01	5100
1.067693759286316e+01	6.448955573600466e+00	5101
8.995571515900826e+00	-1.083608611711403e+01	5102
7.768718430168950e+00	9.936768744696325e+00	5103
2.264141110665365e+00	-1.567391005499590e+01	5104
-1.142448050659872e+01	-7.661764438505600e+00	5105
-1.280874626272341e+01	-2.203835075205200e+00	5106
-1.336559389935233e+01	4.907263990082956e+00	5107
4.554011166437061e+00	1.349127359873821e+01	5108
-1.204622471291450e+01	7.514566922115484e-01	5109
-9.232251050600190e+00	1.286501661838525e+01	5110
-2.640469388036958e+00	-1.773393372626227e+01	5111
4.043275610815678e+00	1.543155065085993e+01	5112
1.256423614673978e+01	3.495816232122301e+00	5113
7.438620625042431e+00	1.142238239871700e+01	5114
9.969370178719247e-01	-1.710378301445663e+01	5115
4.100112474494839e+00	-1.622122153457984e+01	5116
-6.510152208098626e+00	-1.715579173671935e+01	5117
1.188815194470815e+01	5.712528561197665e+00	5118
1.072966115770410e+01	7.884698794657377e+00	5119
1.084321574133545e+01	-1.041780192859951e+01	5120
-1.255545611280769e+01	-1.015239656829127e+01	5121
-1.353008332372166e+01	8.087685832968825e-01	5122
-1.359046980916302e+01	-3.863503229658392e+00	5123
1.257287921676693e+01	-4.692213893189555e+00	5124
4.829805427021445e-01	1.579599730646743e+01	5125
1.152466515242698e+01	-7.850845790394973e+00	5126
-1.207306110466289e+01	1.017308402726279e+01	5127
6.246178847457603e+00	1.327488340296033e+01	5128
1.319390508494940e+01	9.807040020493540e-01	5129
-1.273845792787884e+01	-6.797558501605272e+00	5130
-1.460460506406976e+01	3.804285015038373e+00	5131
-2.948015187957227e+00	1.517994359825123e+01	5132
1.289881938416755e+01	-1.909613827963909e+00	5133
-1.319533994216616e+01	-1.857324362144676e-01	5134
-5.864389987342459e+00	1.448482415703723e+01	5135
-1.227039112669175e+01	-1.304418538846450e+01	5136
-1.386922072228426e+01	6.774863396013202e+00	5137
7.340988454911915e+00	-1.457790166479009e+01	5138
1.004063951264585e+01	-1.246180908113971e+01	5139
9.134265860377152e+00	9.773167937359611e+00	5140
-1.188614317588454e+01	-9.092732323735207e+00	5141
-4.606299645861273e+00	1.569880547172383e+01	5142
1.399595345905392e+01	-5.774551580365496e-01	5143
2.839837987067657e+00	-1.767527432449442e+01	5144
1.303040854434041e+01	-6.572570255825258e+00	5145
1.301793565172926e+01	4.841889701733770e+00	5146
-1.528926504996183e+01	9.211368428840466e-01	5147
6.279258610203989e+00	-1.651957934183697e+01	5148
2.353558065763151e+00	1.663353758924369e+01	5149
-1.146104766937302e+01	1.237783359268156e+01	5150
-1.405194377292007e+01	9.019450098753220e+00	5151
1.372211171174645e+01	2.467003382033577e+00	5152
1.358495017888353e+01	-3.387067530687560e+00	5153
1.208246619082483e+01	7.207623150576134e+00	5154
-1.469518641018551e+00	1.667870459676978e+01	5155
-8.059978690034546e+00	1.478083142733102e+01	5156
8.830896822417248e+00	1.114973485845743e+01	5157
-1.337874868653440e+01	-8.463608941788948e+00	5158
-5.874801203845739e-01	-1.861847206083756e+01	5159
1.207749235737951e+01	-1.207973621155595e+01	5160
-1.453461334566334e+01	-1.927404477672892e+00	5161
6.362428875567076e+00	1.559562407107268e+01	5162
1.274937549763526e+01	-9.548459922678910e+00	5163
-1.517022623602476e+01	5.502913342123644e+00	5164
-1.415302720047830e+01	-5.633926145783830e+00	5165
-1.594878149255120e+01	2.500717190242531e+00	5166
-1.480867170457168e+01	-1.773420010936945e-01	5167
9.315082098791526e+00	-1.429943890226619e+01	5168
1.064074284419128e+01	9.430034661567580e+00	5169
1.430293861098591e+01	-5.124216134862544e+00	5170
4.985357958871247e+00	-1.816650577045705e+01	5171
-1.049218404683463e+01	1.462028907479608e+01	5172
1.459009372398187e+01	-8.219642911678628e+00	5173
1.343613188410365e+01	6.369522979744731e+00	5174
-3.372303729785964e+00	1.719192208513559e+01	5175
1.460522987799641e+01	-2.108106081968383e+00	5176
-1.458463488723943e+01	-7.271925011509444e+00	5177
-6.611327361943393e+00	1.643695863875351e+01	5178
-1.461379659200130e+01	-1.011167246990683e+01	5179
-1.727612952845284e+01	1.015642585273840e+00	5180
-1.648400603140426e+01	-8.185579227449156e-01	5181
4.676876455177389e+00	1.746736902022566e+01	5182
4.660494890703491e-01	1.792261598351554e+01	5183
-1.378045484482868e+01	1.148560748744821e+01	5184
-1.550263402906486e+01	-3.931815700732623e+00	5185
-1.578309941333919e+01	7.588277347801628e+00	5186
1.141053379025229e+01	-1.408806726933989e+01	5187
1.215841348844328e+01	8.830317981945875e+00	5188
8.438324507904291e+00	1.283177805551525e+01	5189
1.417508188917170e+01	3.895226394413596e+00	5190
1.491775630278840e+01	1.055011099089263e+00	5191
8.543729284649343e+00	-1.639503480653078e+01	5192
1.422163944961732e+01	-1.129244167572292e+01	5193
-1.653911766772342e+01	4.258569898518379e+00	5194
1.036402276583561e+01	1.095378654712366e+01	5195
1.539947875933600e+01	-3.695345519226500e+00	5196
-1.377025683589978e+01	-1.219288571668188e+01	5197
-1.721805818844811e+01	6.144023291899025e+00	5198
1.469267958155376e+01	5.393753347136214e+00	5199
1.583396119483927e+01	-6.539646209418306e-01	5200
1.492799769938197e+01	-6.962465398301808e+00	5201
1.003095883375371e+01	1.252904832144431e+01	5202
1.566890037670010e+01	-9.548620172631310e+00	5203
-5.208486171853539e+00	1.777798406820703e+01	5204
1.368361852415631e+01	8.055608719414121e+00	5205
7.681565964701251e+00	1.472765939831457e+01	5206
-1.803476758082534e+01	2.899099977709754e+00	5207
-1.616046748909233e+01	-5.945844366889093e+00	5208
1.206479815709303e+01	1.057406660329284e+01	5209
1.551638456476747e+01	2.749224486634366e+00	5210
-1.865295954118314e+01	-6.709314495808797e-01	5211
1.626855886693645e+01	-5.476014838810415e+00	5212
1.599855234632752e+01	4.352767646794245e+00	5213
1.519578660064377e+01	7.100035182903637e+00	5214
8.074523192894869e+00	1.675920183450823e+01	5215
-1.660196415507801e+01	-8.076488492592182e+00	5216
1.378209379512373e+01	9.894228761521743e+00	5217
1.653173730007701e+01	-2.312060166904224e+00	5218
1.687753924518780e+01	1.171246188106847e+00	5219
-1.770061229104338e+01	-2.663909774060607e+00	5220
1.669287003644981e+01	-7.561042043741922e+00	5221
9.651623219210951e+00	1.444044601779373e+01	5222
-1.762010799586291e+01	-4.351908421793310e+00	5223
1.175753124924293e+01	1.229210875217195e+01	5224
1.791989158183387e+01	-7.161015029692606e-01	5225
1.550661502338428e+01	9.005933446587877e+00	5226
1.744237048178700e+01	-3.972550511713147e+00	5227
1.368311036835028e+01	1.186768713674707e+01	5228
1.658613570086427e+01	6.012289516784739e+00	5229
1.755090417428026e+01	3.092469336086516e+00	5230
1.141627644665097e+01	1.405698385253972e+01	5231
1.719337574473445e+01	7.914385414693107e+00	5232
NMARK= 2
MARKER_TAG= airfoil
MARKER_ELEMS= 200
3	199	0
3	0	1
3	1	2
3	2	3
3	3	4
3	4	5
3	5	6
3	6	7
3	7	8
3	8	9
3	9	10
3	10	11
3	11	12
3	12	13
3	13	14
3	14	15
3	15	16
3	16	17
3	17	18
3	18	19
3	19	20
3	20	21
3	21	22
3	22	23
3	23	24
3	24	25
3	25	26
3	26	27
3	27	28
3	28	29
3	29	30
3	30	31
3	31	32
3	32	33
3	33	34
3	34	35
3	35	36
3	36	37
3	37	38
3	38	39
3	39	40
3	40	41
3	41	42
3	42	43
3	43	44
3	44	45
3	45	46
3	46	47
3	47	48
3	48	49
3	49	50
3	50	51
3	51	52
3	52	53
3	53	54
3	54	55
3	55	56
3	56	57
3	57	58
3	58	59
3	59	60
3	60	61
3	61	62
3	62	63
3	63	64
3	64	65
3	65	66
3	66	67
3	67	68
3	68	69
3	69	70
3	70	71
3	71	72
3	72	73
3	73	74
3	74	75
3	75	76
3	76	77
3	77	78
3	78	79
3	79	80
3	80	81
3	81	82
3	82	83
3	83	84
3	84	85
3	85	86
3	86	87
3	87	88
3	88	89
3	89	90
3	90	91
3	91	92
3	92	93
3	93	94
3	94	95
3	95	96
3	96	97
3	97	98
3	98	99
3	99	100
3	100	101
3	101	102
3	102	103
3	103	104
3	104	105
3	105	106
3	106	107
3	107	108
3	108	109
3	109	110
3	110	111
3	111	112
3	112	113
3	113	114
3	114	115
3	115	116
3	116	117
3	117	118
3	118	119
3	119	120
3	120	121
3	121	122
3	122	123
3	123	124
3	124	125
3	125	126
3	126	127
3	127	128
3	128	129
3	129	130
3	130	131
3	131	132
3	132	133
3	133	134
3	134	135
3	135	136
3	136	137
3	137	138
3	138	139
3	139	140
3	140	141
3	141	142
3	142	143
3	143	144
3	144	145
3	145	146
3	146	147
3	147	148
3	148	149
3	149	150
3	150	151
3	151	152
3	152	153
3	153	154
3	154	155
3	155	156
3	156	157
3	157	158
3	158	159
3	159	160
3	160	161
3	161	162
3	162	163
3	163	164
3	164	165
3	165	166
3	166	167
3	167	168
3	168	169
3	169	170
3	170	171
3	171	172
3	172	173
3	173	174
3	174	175
3	175	176
3	176	177
3	177	178
3	178	179
3	179	180
3	180	181
3	181	182
3	182	183
3	183	184
3	184	185
3	185	186
3	186	187
3	187	188
3	188	189
3	189	190
3	190	191
3	191	192
3	192	193
3	193	194
3	194	195
3	195	196
3	196	197
3	197	198
3	198	199
MARKER_TAG= farfield
MARKER_ELEMS= 50
3	200	201
3	201	202
3	202	203
3	203	204
3	204	205
3	205	206
3	206	207
3	207	208
3	208	209
3	209	210
3	210	211
3	211	212
3	212	213
3	213	214
3	214	215
3	215	216
3	216	217
3	217	218
3	218	219
3	219	220
3	220	221
3	221	222
3	222	223
3	223	224
3	224	225
3	225	226
3	226	227
3	227	228
3	228	229
3	229	230
3	230	231
3	231	232
3	232	233
3	233	234
3	234	235
3	235	236
3	236	237
3	237	238
3	238	239
3	239	240
3	240	241
3	241	242
3	242	243
3	243	244
3	244	245
3	245	246
3	246	247
3	247	248
3	248	249
3	249	200
