"Time_Iter","Outer_Iter","Inner_Iter",    "rms[Rho]"    ,    "rms[RhoU]"   ,    "rms[RhoV]"   ,    "rms[RhoW]"   ,    "rms[RhoE]"   ,     "rms[nu]"    
          0,           0,           0,      -4.455922249,      -9.281194908,      -10.07227419,      -10.04713344,      -3.848756209,      -11.50974404
          0,           0,           1,      -4.549841034,      -5.010236242,       -5.20951977,      -4.506239366,      -3.912011606,      -11.44894113
          0,           0,           2,      -4.901353546,      -4.915156304,      -5.089952943,      -4.845836582,      -4.290910913,      -11.26750162
          0,           0,           3,      -4.962751927,      -4.894404935,      -5.013334369,      -4.833072515,      -4.389656416,      -11.20910629
          0,           0,           4,      -4.945840163,      -4.908767441,      -4.966285114,      -4.811769915,      -4.377766934,      -11.16816359
          0,           0,           5,      -4.939073875,      -4.923614187,      -4.940417057,       -4.81858046,      -4.374643278,      -11.09261352
          0,           0,           6,      -4.927982644,      -4.910448583,      -4.931030882,      -4.838384285,      -4.362780067,      -10.99854623
          0,           0,           7,      -4.918341533,      -4.908256383,      -4.937783147,      -4.867884033,       -4.35388308,      -10.83726687
          0,           0,           8,      -4.892916276,      -4.904584751,      -4.955894516,      -4.908332499,      -4.331318267,      -10.59066489
          0,           0,           9,      -4.876846187,      -4.908577251,      -4.986745996,      -4.956238466,      -4.318525641,      -10.32122552
          0,           0,          10,      -4.862204576,      -4.922826576,      -5.026050613,      -5.003292489,      -4.302748179,      -10.06639647
          0,           0,          11,      -4.864890786,      -4.954129375,      -5.068753718,      -5.042504128,      -4.307445057,      -9.814855055
          0,           0,          12,      -4.856883277,      -4.961495071,      -5.114943485,       -5.05096187,      -4.302355556,      -9.597394995
          0,           0,          13,      -4.879120305,      -4.976747179,      -5.152026752,      -5.067202284,      -4.327118945,      -9.426198998
          0,           0,          14,      -4.895603153,      -4.990416638,      -5.198832799,      -5.101605197,      -4.342454538,      -9.255187856
          0,           0,          15,      -4.926339748,      -5.004907454,      -5.235298866,      -5.148184782,      -4.377421561,      -9.146902201
          0,           0,          16,      -4.950109839,      -5.028250653,      -5.278439926,      -5.186482078,      -4.404014401,       -8.99635161
          0,           0,          17,      -4.968565504,       -5.01796096,      -5.307658092,      -5.243181455,      -4.418864956,      -8.840714911
          0,           0,          18,      -4.999040483,      -5.040400793,      -5.338100094,      -5.292543355,      -4.446587529,      -8.728939594
          0,           0,          19,      -5.016927802,      -5.074761742,      -5.373445061,      -5.326420735,      -4.465625349,      -8.607244508
          0,           0,          20,      -5.042729928,      -5.090888397,      -5.397357501,      -5.373315448,      -4.490323069,      -8.543689869
          0,           0,          21,      -5.061714758,      -5.079963031,      -5.402089843,      -5.337543092,      -4.501391254,      -8.504537281
          0,           0,          22,      -5.103590116,      -5.132685165,      -5.418075385,      -5.409653051,      -4.547560384,      -8.488488093
          0,           0,          23,      -5.158666732,      -5.202409069,      -5.464920036,      -5.435572315,      -4.608166036,      -8.516911265
          0,           0,          24,      -5.192563058,      -5.236956059,       -5.50469394,       -5.46459621,      -4.643764525,      -8.556322757
          0,           0,          25,      -5.261711619,      -5.284370377,        -5.5539839,      -5.510815778,      -4.713913227,      -8.709236157
          0,           0,          26,      -5.323683392,      -5.321305938,      -5.612388288,      -5.582272317,      -4.776244115,      -8.801038469
          0,           0,          27,      -5.383961719,      -5.357810536,      -5.687209757,      -5.657436188,      -4.833913791,      -9.058806267
          0,           0,          28,      -5.455182153,      -5.417693154,      -5.772078959,      -5.719008791,       -4.90370382,      -9.183104087
          0,           0,          29,      -5.528216908,       -5.53584217,      -5.836351887,      -5.778589888,       -4.97576022,      -9.217678175
          0,           0,          30,      -5.580832254,      -5.619431221,      -5.874464693,      -5.806378298,      -5.027049352,      -9.240949057
          0,           0,          31,      -5.609300876,      -5.677769171,      -5.878713388,      -5.807801412,      -5.056316577,      -9.269232225
          0,           0,          32,      -5.632979655,      -5.723233685,      -5.873098048,      -5.802873892,      -5.082493005,      -9.294437512
          0,           0,          33,      -5.655470258,      -5.738117502,      -5.874434092,      -5.800493821,      -5.106051044,      -9.308666851
          0,           0,          34,      -5.683319072,      -5.760111955,      -5.887756482,      -5.811814597,      -5.134371715,      -9.301615093
          0,           0,          35,      -5.716574233,       -5.77669636,       -5.92029164,        -5.8407857,      -5.166635416,      -9.257264811
          0,           0,          36,      -5.764459089,      -5.822919203,      -5.973107869,      -5.879462733,      -5.213971425,      -9.194644773
          0,           0,          37,      -5.793218774,      -5.828803137,       -6.02448801,       -5.92007305,      -5.238598308,      -9.149164977
          0,           0,          38,      -5.819824591,      -5.835649508,      -6.078847462,      -5.964561327,      -5.263902822,      -9.086641463
          0,           0,          39,       -5.82530666,      -5.816575205,      -6.111567454,       -5.99691493,      -5.268891153,      -8.994497391
          0,           0,          40,      -5.806217388,      -5.755832637,      -6.120042414,      -6.004326622,      -5.247289351,      -8.926459013
          0,           0,          41,      -5.785939753,      -5.738635311,       -6.11390113,      -5.998244914,      -5.228833557,       -8.89005918
          0,           0,          42,      -5.769134287,      -5.720540287,      -6.116015953,      -5.996675306,      -5.212048088,      -8.870374653
          0,           0,          43,      -5.761309465,      -5.687709094,       -6.10115486,      -5.991978001,      -5.202623728,      -8.867562344
          0,           0,          44,      -5.762482814,      -5.660732863,      -6.108608516,      -5.985218599,      -5.202931381,      -8.882667161
          0,           0,          45,       -5.75233968,       -5.65324268,      -6.098586177,      -5.988154832,      -5.190892253,      -8.923084551
          0,           0,          46,      -5.780624019,       -5.67411561,      -6.120899722,      -6.015397188,      -5.219173525,      -8.972806554
          0,           0,          47,      -5.811917791,      -5.695751132,      -6.150387491,       -6.02828463,         -5.249548,      -8.967642472
          0,           0,          48,      -5.824388399,      -5.652414178,      -6.174111165,      -6.024432316,      -5.258607492,       -8.97680929
          0,           0,          49,      -5.816311468,      -5.618046879,      -6.175646206,      -6.069803673,       -5.24207657,      -8.925177757
          0,           0,          50,      -5.880004314,      -5.710927301,      -6.227664097,      -6.101986862,      -5.305994093,      -8.873462759
          0,           0,          51,      -5.991162348,      -5.845274722,      -6.255479954,      -6.124625094,      -5.418599604,      -8.833417826
          0,           0,          52,      -6.025574311,       -5.82385769,      -6.257325522,      -6.113734511,      -5.448568623,      -8.783396944
          0,           0,          53,      -6.039865333,       -5.86691731,      -6.283237715,      -6.127624505,      -5.460976313,      -8.741597789
          0,           0,          54,      -6.119877695,      -5.970938143,      -6.314914759,      -6.144371505,      -5.544422035,      -8.712539073
          0,           0,          55,      -6.125981019,      -5.968446925,       -6.32562425,      -6.137904511,      -5.551214808,      -8.693383389
          0,           0,          56,      -6.116968683,      -5.972139354,      -6.325553504,      -6.149396889,      -5.542978074,      -8.682096229
          0,           0,          57,       -6.10662011,      -5.967522236,       -6.32866659,      -6.155283535,       -5.53253216,      -8.676314363
          0,           0,          58,      -6.091942209,      -5.949433238,      -6.331075203,      -6.159181724,      -5.518413214,      -8.675220826
          0,           0,          59,      -6.090242157,      -5.964077354,      -6.334698647,      -6.167787824,      -5.517062053,      -8.675080346
          0,           0,          60,      -6.071367848,      -5.936239603,      -6.338641942,       -6.17219853,      -5.497617445,      -8.666493735
          0,           0,          61,      -6.060911745,      -5.921310586,      -6.342153953,      -6.171136056,      -5.486138722,      -8.652739325
          0,           0,          62,      -6.065801326,      -5.934184699,       -6.34254397,      -6.173631949,      -5.490240078,      -8.637290525
          0,           0,          63,      -6.071194649,      -5.943188976,      -6.340878358,      -6.168713021,      -5.497076001,      -8.621789646
          0,           0,          64,      -6.040577785,      -5.862237505,      -6.329568533,      -6.159447786,      -5.462374397,      -8.605871007
          0,           0,          65,       -6.03654487,      -5.893997171,      -6.334298883,      -6.148211383,      -5.459852738,      -8.590150257
          0,           0,          66,      -6.028032807,      -5.884012281,      -6.326315843,      -6.139291098,      -5.451215093,      -8.575515745
          0,           0,          67,      -6.044343768,      -5.895305764,       -6.32534432,       -6.13749647,      -5.469052589,      -8.562374986
          0,           0,          68,      -6.043036648,      -5.915599236,      -6.325848706,      -6.135820261,      -5.467506839,      -8.550794268
          0,           0,          69,      -6.059366304,      -5.895891706,      -6.317582696,      -6.140146528,      -5.484558336,      -8.540223486
          0,           0,          70,      -6.053169702,      -5.911896572,      -6.320576402,      -6.135532197,      -5.475688134,      -8.531321714
          0,           0,          71,      -6.075260104,      -5.918457809,      -6.325617545,       -6.14798825,      -5.501069064,      -8.523475544
          0,           0,          72,      -6.103583793,      -5.951723692,      -6.321074967,      -6.159546479,      -5.527933922,      -8.516030416
          0,           0,          73,      -6.114979473,      -5.924334791,      -6.329824537,      -6.167171269,      -5.534301491,      -8.508133394
          0,           0,          74,      -6.131912762,      -5.961148281,      -6.352044239,      -6.165429762,      -5.552035816,        -8.5001214
          0,           0,          75,      -6.167241415,        -6.0093645,      -6.353582429,      -6.156576752,      -5.585745741,       -8.49153969
          0,           0,          76,      -6.134546117,       -5.91312103,      -6.351103447,      -6.151389968,      -5.548622286,      -8.482071902
          0,           0,          77,      -6.133731203,      -5.956593027,      -6.356151361,      -6.151533784,      -5.550136426,      -8.471916741
          0,           0,          78,      -6.163526306,      -5.995664586,      -6.356891821,      -6.158632078,      -5.580811593,      -8.461862857
          0,           0,          79,      -6.175228555,      -6.020057445,       -6.35773857,      -6.156706247,      -5.592756069,      -8.452629295
          0,           0,          80,      -6.174420163,      -6.030766941,        -6.3618339,      -6.166525834,      -5.592437509,       -8.44438523
          0,           0,          81,      -6.179768068,      -6.033096104,      -6.367149688,      -6.166070466,      -5.597737228,      -8.437253695
          0,           0,          82,       -6.17875458,      -6.040952594,      -6.370540692,      -6.163927398,      -5.596049595,      -8.431109323
          0,           0,          83,      -6.190552079,      -6.066561596,      -6.372560323,      -6.157996148,      -5.608266725,       -8.42560428
          0,           0,          84,       -6.18532639,      -6.067616353,      -6.371181479,      -6.159719795,       -5.60326357,      -8.420372892
          0,           0,          85,      -6.190710335,      -6.072934803,      -6.372904137,      -6.158079948,      -5.609241605,      -8.415024808
          0,           0,          86,      -6.178720776,      -6.055229966,      -6.371825832,      -6.151563662,      -5.596602073,       -8.40936355
          0,           0,          87,       -6.17655456,      -6.053171995,      -6.367637688,      -6.152142658,      -5.592736352,      -8.403296124
          0,           0,          88,      -6.174209724,      -6.037304109,      -6.365837749,      -6.152449272,      -5.588710225,      -8.396915734
          0,           0,          89,      -6.172573892,      -6.036492036,      -6.368250856,       -6.16274564,      -5.588323096,      -8.390245554
          0,           0,          90,      -6.159376549,      -6.020059857,      -6.371807045,      -6.158704564,      -5.575286107,      -8.383344522
          0,           0,          91,      -6.151314349,      -6.012193623,      -6.368237932,      -6.155711241,      -5.567626266,      -8.376217756
          0,           0,          92,      -6.154661409,       -6.01621439,      -6.371359739,      -6.155979934,      -5.571154898,      -8.369087718
          0,           0,          93,      -6.161453198,      -6.026596122,      -6.374129963,      -6.156276219,       -5.57783682,      -8.362022601
          0,           0,          94,      -6.169102758,      -6.036988841,      -6.380049764,      -6.157584967,      -5.585557824,       -8.35511506
          0,           0,          95,      -6.178382608,      -6.054479059,      -6.387697478,       -6.14951675,      -5.594736591,      -8.348390158
          0,           0,          96,      -6.173901447,      -6.050037001,      -6.384412462,       -6.14585732,      -5.588190499,      -8.341915333
          0,           0,          97,      -6.204939341,       -6.07436605,      -6.391478237,      -6.161622039,      -5.618080698,       -8.33569885
          0,           0,          98,      -6.227040951,      -6.096997248,      -6.397173427,      -6.171858572,      -5.640670089,      -8.329705757
          0,           0,          99,      -6.229117412,      -6.085225219,      -6.397290662,      -6.178275392,       -5.64250393,      -8.323899657
          0,           0,         100,      -6.232487669,      -6.078472712,      -6.397466798,      -6.167711299,      -5.644266061,      -8.318159005
          0,           0,         101,      -6.207366763,      -6.062618705,      -6.396951476,       -6.16330495,      -5.617662468,      -8.312340907
          0,           0,         102,      -6.233845672,       -6.08802689,      -6.406253849,      -6.172109517,      -5.645481575,      -8.306272471
          0,           0,         103,      -6.233712595,      -6.088413226,      -6.410451112,       -6.17710249,      -5.645940484,      -8.299769754
          0,           0,         104,      -6.227239241,        -6.0792392,      -6.408921083,      -6.173813749,       -5.64100217,      -8.292767167
          0,           0,         105,      -6.232888692,      -6.094379092,      -6.410215189,      -6.169906763,      -5.646985464,      -8.285225757
          0,           0,         106,      -6.246698718,      -6.106157007,       -6.41368117,      -6.185788612,      -5.659961553,      -8.277435076
          0,           0,         107,      -6.254678533,      -6.107166405,      -6.420563096,      -6.184984105,       -5.66782726,      -8.269830913
          0,           0,         108,      -6.248123935,      -6.089381759,      -6.412958508,      -6.181381792,      -5.659923643,       -8.26264693
          0,           0,         109,      -6.237046229,      -6.061812783,      -6.400076597,      -6.177238088,      -5.648107139,      -8.256110035
          0,           0,         110,      -6.230678912,      -6.072206794,      -6.400211723,      -6.188792998,      -5.642841375,      -8.250336979
          0,           0,         111,      -6.254129755,       -6.10243169,       -6.40071642,      -6.181220738,      -5.666340121,      -8.245188744
          0,           0,         112,      -6.233589985,      -6.088914826,      -6.391772476,      -6.159356579,      -5.644535217,      -8.240375346
          0,           0,         113,      -6.226931094,      -6.088519924,      -6.387052059,      -6.158291965,      -5.637400257,      -8.235478993
          0,           0,         114,      -6.231735775,      -6.092413547,      -6.390502236,      -6.153452869,      -5.642420401,       -8.23016239
          0,           0,         115,      -6.229413274,      -6.087925507,      -6.387494859,      -6.162412812,      -5.641513406,       -8.22425915
          0,           0,         116,      -6.235486162,       -6.09132813,      -6.387362204,      -6.163428598,      -5.648553823,      -8.217863565
          0,           0,         117,      -6.232267716,      -6.092128365,      -6.383353914,      -6.165256937,      -5.644919714,      -8.211173188
          0,           0,         118,      -6.235589808,      -6.095737586,      -6.385354025,      -6.176457931,      -5.647844336,      -8.204623414
          0,           0,         119,      -6.245026603,      -6.101791627,      -6.392021451,      -6.180626801,      -5.656655197,      -8.198419552
          0,           0,         120,      -6.251057884,      -6.098093442,      -6.400046499,      -6.190126628,      -5.662277305,      -8.191939249
          0,           0,         121,      -6.259445315,      -6.103135215,      -6.406154413,      -6.186718591,      -5.670385824,      -8.186337916
          0,           0,         122,      -6.255492747,      -6.099100263,      -6.401321869,      -6.185441469,      -5.665337942,      -8.181548242
          0,           0,         123,       -6.25943076,      -6.096322399,       -6.39684446,      -6.192096388,      -5.670197815,      -8.177295382
          0,           0,         124,      -6.247726504,      -6.084164368,      -6.394268439,      -6.187937155,      -5.658268937,      -8.173245037
          0,           0,         125,      -6.243008922,      -6.081362831,      -6.396034602,      -6.190200752,      -5.653229827,      -8.168978978
          0,           0,         126,      -6.249370736,      -6.087800727,      -6.404296074,      -6.183264662,      -5.658889758,      -8.164238466
          0,           0,         127,       -6.26067862,      -6.095002477,      -6.413788608,      -6.197402424,      -5.669769988,      -8.159071314
          0,           0,         128,      -6.277658258,      -6.109278526,      -6.417321663,      -6.197981797,      -5.686436705,      -8.153703941
          0,           0,         129,      -6.286874817,      -6.114441625,      -6.419439298,      -6.214048647,      -5.694964654,       -8.14849015
          0,           0,         130,      -6.298406007,       -6.11757984,       -6.42910842,      -6.212310944,      -5.704531377,      -8.143772146
          0,           0,         131,      -6.289354679,      -6.111925841,      -6.428974371,      -6.211392807,      -5.694238154,      -8.139777943
          0,           0,         132,      -6.292886237,      -6.114059103,      -6.434959021,       -6.20802632,      -5.697714612,      -8.136470796
          0,           0,         133,      -6.298223762,      -6.117225736,      -6.436724682,      -6.208948053,      -5.702553749,      -8.133622661
          0,           0,         134,      -6.308925232,      -6.123825098,      -6.440846162,      -6.229183856,      -5.713538514,       -8.13083188
          0,           0,         135,      -6.325095463,      -6.132404055,      -6.448838154,       -6.23753777,      -5.730051161,      -8.127867729
          0,           0,         136,      -6.325310507,      -6.126849339,      -6.455598608,      -6.251875418,      -5.729818168,      -8.124822151
          0,           0,         137,       -6.33292283,      -6.134192365,      -6.464900542,      -6.244547234,      -5.736514286,      -8.121915244
          0,           0,         138,      -6.324026569,      -6.135668392,       -6.46761157,      -6.236968087,      -5.726060078,      -8.119339116
          0,           0,         139,      -6.336207746,      -6.146711769,      -6.474488959,      -6.257968339,      -5.738877658,      -8.117043996
          0,           0,         140,      -6.341410177,      -6.151152501,      -6.480190262,      -6.267368681,      -5.745524443,      -8.114861293
          0,           0,         141,      -6.350640115,      -6.161926001,       -6.48328689,      -6.282265803,      -5.755650458,      -8.112589674
          0,           0,         142,      -6.363530908,      -6.177566109,      -6.489936539,      -6.272046634,      -5.767926577,        -8.1101947
          0,           0,         143,      -6.364237118,      -6.182414754,      -6.490891467,      -6.279012303,      -5.767405982,      -8.107744396
          0,           0,         144,      -6.363629273,      -6.182718526,      -6.490793129,      -6.261076336,      -5.766407181,      -8.105486487
          0,           0,         145,      -6.346445194,      -6.180710083,      -6.487600509,      -6.265994254,      -5.750151967,      -8.103436599
          0,           0,         146,      -6.356127537,      -6.187896385,      -6.484777075,      -6.262838743,       -5.76172247,      -8.101385757
          0,           0,         147,      -6.343375616,      -6.174990053,      -6.476579944,      -6.260298655,      -5.749916374,      -8.099025578
          0,           0,         148,      -6.331837955,      -6.162817383,      -6.473937189,      -6.260701813,      -5.739299376,      -8.096183594
          0,           0,         149,      -6.333017536,       -6.18798846,      -6.469460487,      -6.242246822,      -5.739800075,      -8.092938335
          0,           0,         150,      -6.340246567,       -6.20672672,      -6.472648763,      -6.249963382,      -5.747088848,      -8.089612726
          0,           0,         151,      -6.349028078,      -6.214372007,      -6.480235101,      -6.245067594,       -5.75559185,      -8.086574192
          0,           0,         152,       -6.34815944,      -6.213424313,      -6.477627862,      -6.251331693,      -5.755350374,      -8.084001055
          0,           0,         153,      -6.357531767,      -6.227096793,      -6.477692831,      -6.241194097,      -5.765034129,      -8.081790504
          0,           0,         154,      -6.349200037,      -6.223953234,      -6.468333107,      -6.229516697,      -5.754915423,      -8.079666948
          0,           0,         155,      -6.355792793,      -6.222765748,      -6.469317493,      -6.239798786,      -5.760962819,      -8.077328596
          0,           0,         156,      -6.357775143,      -6.226614348,      -6.473543569,      -6.232604851,      -5.761264642,      -8.074560362
          0,           0,         157,      -6.361467878,      -6.231675865,      -6.476105628,      -6.242246951,      -5.764880637,      -8.071362648
          0,           0,         158,       -6.36897639,      -6.240649574,      -6.482618977,      -6.234964637,      -5.773055595,      -8.067958929
          0,           0,         159,      -6.369608714,      -6.235227077,       -6.48357049,      -6.250942286,      -5.774516885,      -8.064636848
          0,           0,         160,      -6.383337482,      -6.242597371,      -6.486172081,      -6.250355655,      -5.789053476,      -8.061630345
          0,           0,         161,      -6.371848034,        -6.2440092,      -6.488047859,       -6.24935852,      -5.775968963,       -8.05901742
          0,           0,         162,      -6.380155862,      -6.250825042,       -6.49381426,      -6.247450069,      -5.784051219,       -8.05675406
          0,           0,         163,      -6.372772353,       -6.24777978,      -6.496278332,      -6.241673778,      -5.776357782,       -8.05463973
          0,           0,         164,      -6.376996083,      -6.250617388,      -6.493985871,      -6.243949562,      -5.781068497,      -8.052469825
          0,           0,         165,      -6.373998398,      -6.257396701,      -6.489771203,      -6.232736352,      -5.778157611,      -8.050090427
          0,           0,         166,      -6.372228168,      -6.258337876,      -6.486848057,      -6.242316284,      -5.776410456,      -8.047448809
          0,           0,         167,       -6.38192659,      -6.271130788,      -6.490537229,      -6.235951166,      -5.784985112,      -8.044649751
          0,           0,         168,      -6.384725979,      -6.275831525,      -6.500322011,      -6.246460536,      -5.787065367,      -8.041863506
          0,           0,         169,      -6.393123623,      -6.274336091,       -6.51113208,      -6.236496501,      -5.795138983,      -8.039253445
          0,           0,         170,      -6.378048997,      -6.271126188,      -6.508858223,      -6.229699873,      -5.779186195,       -8.03686583
          0,           0,         171,      -6.392687029,      -6.280052845,      -6.513840169,      -6.248861661,      -5.795211012,        -8.0346989
          0,           0,         172,      -6.399142996,      -6.284636663,      -6.515800663,      -6.251245674,      -5.801438215,      -8.032648028
          0,           0,         173,      -6.411122837,      -6.292956121,      -6.520851734,      -6.261037245,      -5.812760168,      -8.030558549
          0,           0,         174,      -6.404588607,      -6.282243668,      -6.525579398,      -6.246191103,      -5.804894447,      -8.028321541
          0,           0,         175,        -6.3963224,      -6.280651976,       -6.52759872,      -6.260958514,      -5.796117051,      -8.025873933
          0,           0,         176,      -6.415654303,       -6.27903476,      -6.531799636,       -6.26137735,      -5.816563615,      -8.023213485
          0,           0,         177,      -6.415823861,        -6.2978772,      -6.533988604,       -6.26653765,      -5.815940189,      -8.020408298
          0,           0,         178,      -6.433481092,      -6.305500866,      -6.538104042,       -6.26566957,       -5.83326061,      -8.017565136
          0,           0,         179,      -6.426010041,      -6.315401117,      -6.542450438,        -6.2631742,       -5.82453957,      -8.014803336
          0,           0,         180,      -6.436688002,      -6.314608562,      -6.551777155,      -6.265670103,      -5.833806194,      -8.012221512
          0,           0,         181,      -6.420044352,      -6.309766956,      -6.556753918,      -6.254461984,      -5.816638721,      -8.009862218
          0,           0,         182,      -6.416075375,      -6.295577388,      -6.556695743,      -6.259921121,      -5.813135931,      -8.007681214
          0,           0,         183,       -6.41341363,      -6.306061156,      -6.553795655,      -6.253879835,      -5.811558285,      -8.005630374
          0,           0,         184,      -6.421834032,      -6.293844661,      -6.552921692,      -6.272866313,      -5.820719115,      -8.003652542
          0,           0,         185,      -6.425252242,      -6.305918524,      -6.558709983,      -6.258050129,      -5.822499311,      -8.001698826
          0,           0,         186,      -6.400715169,      -6.290139989,      -6.552342002,      -6.247928854,       -5.79780527,       -7.99971839
          0,           0,         187,      -6.412257962,       -6.31008368,      -6.560184891,      -6.249002356,      -5.808204316,      -7.997676507
          0,           0,         188,       -6.40311339,      -6.290419784,      -6.562554796,      -6.255062953,      -5.799811827,      -7.995566628
          0,           0,         189,      -6.422487843,      -6.306321878,      -6.577031611,      -6.280548976,      -5.821172489,       -7.99340181
          0,           0,         190,      -6.418576262,      -6.289188072,      -6.571682087,      -6.264802557,      -5.818036642,      -7.991277196
          0,           0,         191,      -6.398932254,      -6.269069699,      -6.566393322,      -6.278523113,      -5.798730226,      -7.989220954
          0,           0,         192,      -6.414322499,      -6.273069013,      -6.579440675,      -6.284565994,      -5.813383037,      -7.987252829
          0,           0,         193,      -6.433449749,      -6.317869321,      -6.590609067,      -6.294395152,      -5.832559905,      -7.985386755
          0,           0,         194,      -6.457557137,      -6.359750263,      -6.595985952,      -6.280865916,      -5.856514637,      -7.983612761
          0,           0,         195,      -6.434177729,      -6.347175476,      -6.585850478,      -6.274230161,      -5.831928353,       -7.98192688
          0,           0,         196,      -6.451965541,      -6.355523149,      -6.589613047,      -6.279390922,       -5.84999403,      -7.980298285
          0,           0,         197,      -6.448400388,      -6.357946078,      -6.591348312,      -6.273117409,      -5.844962906,      -7.978706469
          0,           0,         198,      -6.447864996,      -6.364242906,      -6.586655081,      -6.260665827,      -5.842415175,      -7.977137628
          0,           0,         199,      -6.415051265,      -6.348797794,      -6.581592594,      -6.239553013,      -5.809043563,      -7.975596508
          0,           0,         200,      -6.429813525,      -6.365747913,      -6.596387278,      -6.265514063,       -5.82514949,      -7.974115191
          0,           0,         201,      -6.445714666,      -6.378920392,       -6.60532822,       -6.25408464,      -5.841945876,      -7.972717635
          0,           0,         202,      -6.432978202,      -6.367825638,      -6.590653097,      -6.254859008,      -5.829534043,       -7.97143982
          0,           0,         203,      -6.423037288,      -6.363232207,      -6.580816184,      -6.247602975,      -5.819011107,      -7.970303454
          0,           0,         204,      -6.413946934,       -6.35458802,      -6.586977149,      -6.259876959,      -5.809303271,      -7.969292198
          0,           0,         205,      -6.446627771,      -6.376645724,      -6.615327395,      -6.276997934,      -5.842318356,      -7.968406492
          0,           0,         206,       -6.44566226,      -6.371402352,      -6.618273458,      -6.258139239,      -5.841415112,       -7.96764042
          0,           0,         207,      -6.431459253,      -6.364085811,      -6.600864177,      -6.269328128,      -5.828664497,      -7.966982698
          0,           0,         208,      -6.452603829,      -6.382999497,      -6.604618164,      -6.278941754,      -5.849894788,      -7.966407248
          0,           0,         209,        -6.4665595,      -6.388698989,      -6.618375993,      -6.298243583,        -5.8633209,      -7.965882438
          0,           0,         210,      -6.476184439,      -6.394523579,       -6.62247322,      -6.277125366,      -5.871394549,      -7.965393968
          0,           0,         211,      -6.435817847,        -6.3648769,      -6.609874521,      -6.268929498,      -5.829925378,       -7.96494674
          0,           0,         212,       -6.45393835,      -6.375995864,      -6.620287849,      -6.279766426,      -5.848946226,      -7.964552074
          0,           0,         213,      -6.462639216,      -6.381930654,      -6.629187642,      -6.278405075,      -5.858458959,       -7.96421569
          0,           0,         214,      -6.462125903,      -6.378751714,      -6.612188377,      -6.270100433,      -5.858318034,      -7.963934197
          0,           0,         215,       -6.43165884,      -6.362628291,      -6.597230011,      -6.257845173,      -5.826600494,      -7.963692269
          0,           0,         216,      -6.440820978,      -6.361198874,      -6.607218555,      -6.280588652,      -5.834983132,      -7.963474542
          0,           0,         217,      -6.459171076,      -6.371911688,       -6.63055314,      -6.266936992,       -5.85240186,       -7.96327441
          0,           0,         218,       -6.44463187,      -6.370242861,      -6.623261829,      -6.252946259,      -5.837170355,      -7.963093766
          0,           0,         219,      -6.433889228,      -6.364498787,      -6.607943114,      -6.251566671,      -5.827741611,      -7.962928084
          0,           0,         220,      -6.448604933,      -6.381240499,      -6.620769302,       -6.27584441,      -5.842768639,      -7.962766528
          0,           0,         221,      -6.493564899,       -6.41539778,      -6.646132669,      -6.284005401,      -5.886338941,      -7.962597314
          0,           0,         222,      -6.463123668,      -6.398544738,      -6.632184721,      -6.253149103,      -5.854313413,      -7.962424187
          0,           0,         223,      -6.461869502,      -6.396933384,      -6.630705985,       -6.27594028,      -5.852548563,      -7.962248861
          0,           0,         224,      -6.478656279,      -6.412978567,      -6.649431438,      -6.289896356,      -5.870746109,      -7.962069879
          0,           0,         225,      -6.506218341,      -6.428811323,      -6.654784143,       -6.29270668,      -5.899641733,      -7.961877929
          0,           0,         226,      -6.467812023,      -6.398810184,      -6.630415689,      -6.268128142,      -5.860926996,      -7.961677243
          0,           0,         227,      -6.470636996,      -6.410049878,      -6.628770466,      -6.285679722,       -5.86345374,      -7.961487785
          0,           0,         228,      -6.499820038,      -6.444422741,      -6.651030971,      -6.288770173,      -5.891368645,       -7.96131529
          0,           0,         229,      -6.480342371,      -6.431177522,      -6.649695179,      -6.261578087,      -5.871010733,      -7.961153303
          0,           0,         230,      -6.471578246,      -6.423616446,      -6.647172497,      -6.267823341,       -5.86296914,      -7.961003663
          0,           0,         231,      -6.476314164,      -6.425825612,      -6.653910756,      -6.289515947,      -5.868226562,      -7.960873984
          0,           0,         232,      -6.518592113,       -6.46414437,      -6.664637268,      -6.294275801,      -5.909153762,      -7.960761203
          0,           0,         233,      -6.482954096,      -6.437726058,      -6.647357957,      -6.271616561,      -5.872908399,      -7.960654426
          0,           0,         234,      -6.488592248,      -6.446298909,      -6.648672696,      -6.278457959,      -5.877864498,      -7.960548946
          0,           0,         235,      -6.493503699,      -6.445726873,      -6.664996246,      -6.293988361,      -5.883451659,      -7.960440234
          0,           0,         236,      -6.512467524,      -6.461837353,      -6.664143992,       -6.28029964,      -5.904331653,      -7.960321696
          0,           0,         237,      -6.477143108,      -6.435692581,      -6.646146617,      -6.269016754,      -5.869165129,      -7.960184813
          0,           0,         238,      -6.480678734,      -6.435519244,      -6.640649869,      -6.274014223,      -5.872615789,      -7.960032585
          0,           0,         239,       -6.49424325,      -6.451390861,      -6.653787802,      -6.282657903,      -5.884645726,      -7.959873898
          0,           0,         240,       -6.48883171,      -6.448387786,      -6.657513092,       -6.27163566,      -5.877985623,      -7.959706238
          0,           0,         241,      -6.491484245,      -6.449763441,      -6.666088187,      -6.278082841,      -5.881164792,      -7.959527912
          0,           0,         242,      -6.494665625,      -6.455234525,      -6.671823978,       -6.29400362,      -5.884979464,      -7.959336713
          0,           0,         243,      -6.521419616,      -6.475888219,      -6.665358398,      -6.287065867,      -5.912146646,      -7.959137072
          0,           0,         244,      -6.481857706,      -6.446198119,      -6.652527755,      -6.277570098,      -5.872843845,      -7.958928414
          0,           0,         245,      -6.493411425,      -6.453442602,      -6.652210505,       -6.27984643,      -5.883900772,      -7.958699595
          0,           0,         246,      -6.496111598,       -6.45583179,      -6.673451858,      -6.292058839,      -5.886152899,      -7.958452187
          0,           0,         247,      -6.512249091,      -6.474476335,      -6.676288555,       -6.27652138,      -5.902107093,      -7.958190788
          0,           0,         248,      -6.474227796,      -6.440932932,      -6.653238708,      -6.262860623,      -5.864714771,       -7.95792196
          0,           0,         249,      -6.477111336,      -6.443849145,      -6.657140183,      -6.268891746,      -5.867335537,      -7.957650631
          0,           0,         250,      -6.488825494,      -6.454506629,      -6.659668867,      -6.263546299,      -5.878086414,      -7.957376008
          0,           0,         251,      -6.479757156,      -6.444446835,      -6.662849996,      -6.257232169,      -5.868435952,      -7.957104431
          0,           0,         252,      -6.462985817,       -6.43584663,      -6.656144969,      -6.253684045,      -5.851572589,      -7.956839288
          0,           0,         253,      -6.479264454,      -6.449047959,      -6.671343032,      -6.287933583,       -5.86947135,      -7.956580811
          0,           0,         254,       -6.51317753,      -6.474902317,       -6.67862647,      -6.269424906,      -5.904001941,       -7.95632611
          0,           0,         255,      -6.466212259,      -6.436242784,      -6.649583731,      -6.255329222,      -5.857810281,       -7.95607873
          0,           0,         256,      -6.471337845,      -6.435099357,      -6.650871769,      -6.265599691,      -5.863323396,      -7.955846925
          0,           0,         257,      -6.472502284,      -6.440623756,      -6.665408312,      -6.272889033,      -5.863333984,      -7.955630126
          0,           0,         258,      -6.503763732,      -6.466497002,      -6.682511237,      -6.287080433,      -5.893880906,      -7.955424238
          0,           0,         259,      -6.472517608,      -6.440597097,      -6.658034765,       -6.25328548,      -5.863389016,      -7.955235442
          0,           0,         260,      -6.458295313,      -6.431835892,      -6.651262665,      -6.268938975,      -5.849590632,      -7.955067244
          0,           0,         261,      -6.496890683,      -6.459360833,      -6.674494621,      -6.295579495,      -5.888602976,      -7.954918312
          0,           0,         262,      -6.505459501,      -6.469066168,      -6.676968532,      -6.284108899,      -5.895382678,      -7.954780113
          0,           0,         263,      -6.471178109,      -6.440221566,      -6.657065338,      -6.259783361,      -5.859651884,      -7.954651723
          0,           0,         264,      -6.439933025,      -6.413539352,      -6.643113031,      -6.256281312,      -5.829007832,      -7.954535792
          0,           0,         265,      -6.462954128,      -6.435730847,      -6.665343766,      -6.276789779,      -5.852440923,      -7.954425785
          0,           0,         266,       -6.50284693,      -6.470730531,      -6.683146123,      -6.287276569,      -5.893509726,      -7.954312799
          0,           0,         267,      -6.488934879,       -6.46316144,      -6.659979883,      -6.265934134,      -5.880163079,      -7.954196001
          0,           0,         268,      -6.453158645,      -6.432311998,      -6.638883215,      -6.254694985,      -5.843643201,      -7.954079126
          0,           0,         269,      -6.453728246,      -6.434830457,      -6.649616146,      -6.275247288,      -5.843371262,       -7.95395987
          0,           0,         270,      -6.505339152,      -6.481852257,      -6.693322224,       -6.29220858,      -5.893413733,      -7.953834023
          0,           0,         271,      -6.503728332,      -6.479519544,      -6.688050369,      -6.277026772,      -5.892168875,      -7.953701149
          0,           0,         272,      -6.482122925,      -6.458307363,      -6.664054894,      -6.270430546,      -5.872200105,      -7.953563018
          0,           0,         273,       -6.46826805,      -6.451636304,      -6.663156213,      -6.276246742,      -5.858607688,      -7.953418135
          0,           0,         274,      -6.509337015,      -6.486756263,      -6.687825587,      -6.308167656,      -5.898862516,      -7.953259122
          0,           0,         275,      -6.532344946,      -6.512673634,      -6.700559902,       -6.29477242,      -5.919665805,      -7.953085386
          0,           0,         276,      -6.495730422,      -6.480006947,      -6.679394135,      -6.285552427,         -5.883822,        -7.9529081
          0,           0,         277,      -6.497534637,      -6.474381997,      -6.683691514,      -6.290846041,      -5.886678943,       -7.95273415
          0,           0,         278,      -6.509025887,      -6.489721937,      -6.702407882,      -6.300898985,      -5.898799214,      -7.952559395
          0,           0,         279,      -6.532089157,      -6.511336373,      -6.697205467,      -6.302944639,      -5.921724556,      -7.952381762
          0,           0,         280,      -6.487802698,      -6.461577412,       -6.66905124,      -6.279867484,      -5.877049053,       -7.95220365
          0,           0,         281,        -6.4775234,      -6.464231743,      -6.666392686,      -6.278878943,       -5.86549986,      -7.952030365
          0,           0,         282,      -6.486411424,      -6.450907933,       -6.69249666,      -6.281135614,      -5.874493232,      -7.951862205
          0,           0,         283,      -6.505621162,      -6.485634522,      -6.708976159,      -6.282621348,      -5.893373004,      -7.951701878
          0,           0,         284,      -6.483398824,      -6.438951409,      -6.680136841,      -6.269140417,      -5.873949348,      -7.951559121
          0,           0,         285,      -6.463152381,      -6.435360599,      -6.657558652,      -6.276416981,      -5.854369586,      -7.951435504
          0,           0,         286,      -6.467184663,      -6.410165748,      -6.669532695,      -6.279151118,      -5.857286207,      -7.951326326
          0,           0,         287,      -6.494191489,      -6.448072508,      -6.697005039,      -6.274445679,      -5.882840235,      -7.951229401
          0,           0,         288,      -6.473713362,      -6.407457256,      -6.686177312,      -6.262896513,      -5.861279403,      -7.951146282
          0,           0,         289,      -6.455910625,      -6.417119012,      -6.670698719,      -6.259325364,      -5.844430517,       -7.95107799
          0,           0,         290,      -6.455427609,      -6.396507342,      -6.670648163,      -6.285192177,      -5.845702879,      -7.951015364
          0,           0,         291,      -6.497663718,      -6.455794689,      -6.704111777,      -6.285726032,      -5.887001984,      -7.950955718
          0,           0,         292,      -6.490961594,      -6.427165893,      -6.688973089,       -6.27121303,      -5.881130676,      -7.950905933
          0,           0,         293,      -6.488656917,      -6.443735844,       -6.67920479,      -6.286377058,      -5.877675542,      -7.950872223
          0,           0,         294,      -6.487577005,      -6.446599141,      -6.690353604,      -6.296131132,       -5.87620242,      -7.950850615
          0,           0,         295,      -6.521121392,      -6.483408007,      -6.716319478,       -6.31731276,      -5.909136296,      -7.950832592
          0,           0,         296,      -6.516587301,      -6.487510763,      -6.711556526,      -6.282543113,      -5.904774913,      -7.950820323
          0,           0,         297,      -6.491420051,      -6.470169154,      -6.684001107,      -6.284703897,      -5.881042419,      -7.950816608
          0,           0,         298,      -6.513786217,      -6.497984715,      -6.689125929,      -6.309502742,      -5.902975496,      -7.950819485
          0,           0,         299,      -6.526443896,      -6.515095588,      -6.707487151,       -6.31319401,      -5.914544606,      -7.950823659
          0,           0,         300,      -6.529475363,      -6.521261919,      -6.710118012,      -6.298433193,      -5.916332835,      -7.950823669
          0,           0,         301,      -6.482072774,      -6.478039118,      -6.689062167,      -6.272000548,      -5.870141456,      -7.950818555
          0,           0,         302,      -6.488651374,      -6.481797952,      -6.686297678,      -6.289626794,      -5.877529116,      -7.950804177
          0,           0,         303,      -6.523735149,      -6.513247195,      -6.709022201,      -6.311230866,      -5.912731942,      -7.950780608
          0,           0,         304,      -6.525231267,      -6.522070234,      -6.704645168,      -6.293655354,      -5.913210079,      -7.950745405
          0,           0,         305,      -6.494877935,      -6.490152185,      -6.682924276,      -6.274115834,      -5.882246813,      -7.950700448
          0,           0,         306,       -6.47527605,      -6.473632477,      -6.683474664,      -6.283489327,      -5.862696879,      -7.950641778
          0,           0,         307,        -6.5202566,      -6.517519043,      -6.718135115,      -6.308585376,      -5.907254253,      -7.950568832
          0,           0,         308,      -6.535826716,      -6.527584093,      -6.724956742,      -6.296820512,      -5.923956705,      -7.950486779
          0,           0,         309,       -6.50946919,      -6.508989124,      -6.696893998,      -6.286158918,      -5.898841671,      -7.950394366
          0,           0,         310,      -6.496120074,       -6.49243353,      -6.687093721,      -6.289789189,       -5.88580963,       -7.95029173
          0,           0,         311,      -6.520527723,      -6.518385739,      -6.712311878,      -6.317367635,      -5.908261222,       -7.95017654
          0,           0,         312,      -6.553853223,      -6.556587101,      -6.735785478,      -6.312281113,      -5.939180227,      -7.950053119
          0,           0,         313,      -6.516073578,      -6.510654092,      -6.712885982,       -6.29234156,      -5.903335028,       -7.94992727
          0,           0,         314,      -6.506530788,      -6.508717046,      -6.705759324,      -6.298533535,      -5.894073483,      -7.949796115
          0,           0,         315,       -6.52722382,      -6.523822206,       -6.71763203,      -6.315816665,      -5.916325627,      -7.949660749
          0,           0,         316,      -6.550388121,      -6.548581009,      -6.720516888,      -6.320303571,      -5.938353582,      -7.949522155
          0,           0,         317,      -6.512595861,       -6.51557695,      -6.697514525,      -6.292869059,      -5.899384707,      -7.949385943
          0,           0,         318,      -6.497842956,      -6.493856735,      -6.692948952,      -6.291812936,        -5.8849962,      -7.949252739
          0,           0,         319,      -6.503065863,       -6.50349298,      -6.712728301,      -6.297551797,      -5.889781845,       -7.94911894
          0,           0,         320,      -6.529566043,      -6.526369071,      -6.723574196,      -6.310384882,      -5.917688368,      -7.948990306
          0,           0,         321,       -6.51795756,      -6.518512586,       -6.70383082,      -6.293821895,      -5.907287974,      -7.948867689
          0,           0,         322,      -6.481165469,      -6.485087886,      -6.676861084,      -6.282889105,      -5.870545221,      -7.948752502
          0,           0,         323,       -6.48810329,      -6.486250156,      -6.682127122,      -6.287140261,       -5.87657684,      -7.948641756
          0,           0,         324,      -6.504310883,      -6.503178863,       -6.70844345,      -6.294178308,      -5.891236741,      -7.948534387
          0,           0,         325,      -6.509268127,      -6.508289422,      -6.715673664,      -6.288726686,      -5.895523605,      -7.948438059
          0,           0,         326,      -6.487840685,      -6.489328353,      -6.696710576,      -6.274439759,      -5.875639431,      -7.948349145
          0,           0,         327,      -6.464244367,      -6.466259559,      -6.679270379,      -6.276476999,      -5.853645507,      -7.948264483
          0,           0,         328,      -6.490420411,      -6.487895745,      -6.688083084,      -6.287427395,      -5.880006808,      -7.948184345
          0,           0,         329,      -6.513073288,      -6.509538066,      -6.703430315,      -6.294573828,      -5.901302988,      -7.948111348
          0,           0,         330,      -6.499616659,      -6.501237988,      -6.698357016,      -6.281459918,      -5.886459361,      -7.948045765
          0,           0,         331,      -6.478142055,      -6.479440049,      -6.688868388,      -6.267355972,      -5.864739008,      -7.947981676
          0,           0,         332,      -6.458220247,      -6.461564331,      -6.688632395,      -6.270864584,      -5.846387925,       -7.94791985
          0,           0,         333,      -6.494826031,      -6.496639463,      -6.707953375,      -6.287120575,      -5.883526938,       -7.94786601
          0,           0,         334,      -6.516560681,      -6.514281954,      -6.709029598,      -6.288585038,      -5.905787942,      -7.947817857
          0,           0,         335,      -6.491184048,      -6.494653021,      -6.687234921,      -6.277783103,      -5.879840257,      -7.947772528
          0,           0,         336,      -6.489426527,      -6.489851435,      -6.689806865,      -6.279215942,      -5.876816862,      -7.947726787
          0,           0,         337,       -6.49257151,      -6.496849077,      -6.714049018,      -6.294756587,      -5.879306391,      -7.947685847
          0,           0,         338,      -6.535360606,      -6.541129944,      -6.738370823,      -6.305257036,      -5.921936508,      -7.947651437
          0,           0,         339,      -6.521678925,      -6.520620508,      -6.717349833,      -6.291684909,       -5.91056546,      -7.947618253
          0,           0,         340,      -6.520135404,      -6.526207863,      -6.706013811,      -6.302217934,      -5.909671727,      -7.947585906
          0,           0,         341,       -6.52306304,      -6.524528227,      -6.715631103,      -6.304816596,      -5.912133212,      -7.947557093
          0,           0,         342,      -6.537280568,       -6.54391939,      -6.724276718,      -6.310256524,      -5.923323513,       -7.94753327
          0,           0,         343,       -6.51832407,      -6.526148777,      -6.718113725,      -6.284739759,      -5.903433911,      -7.947508893
          0,           0,         344,      -6.497683525,       -6.49776151,      -6.708216002,      -6.289179374,      -5.884877434,      -7.947484198
          0,           0,         345,      -6.514411718,       -6.51850403,      -6.722391502,      -6.294176997,       -5.90196142,      -7.947464212
          0,           0,         346,      -6.527214258,      -6.526751953,      -6.719839358,      -6.299309296,      -5.916522817,      -7.947447111
          0,           0,         347,      -6.518546308,      -6.521258404,      -6.697044414,      -6.286255704,      -5.906773655,      -7.947429272
          0,           0,         348,      -6.475732977,      -6.481316537,      -6.679734586,      -6.274854113,      -5.863295331,      -7.947410461
          0,           0,         349,      -6.499779504,      -6.500098614,      -6.705873958,      -6.289868696,      -5.886554835,      -7.947394179
          0,           0,         350,      -6.513044362,       -6.51681091,      -6.730788511,      -6.280685697,       -5.89919175,      -7.947379869
          0,           0,         351,      -6.495425558,      -6.498575755,      -6.705877429,      -6.281010295,      -5.883907927,      -7.947362028
          0,           0,         352,      -6.497927312,      -6.503012287,      -6.691781914,      -6.287512178,      -5.887146799,      -7.947340741
          0,           0,         353,      -6.496296106,      -6.502778477,       -6.70086363,      -6.304720806,      -5.885374136,      -7.947320505
          0,           0,         354,      -6.542341454,      -6.544130273,      -6.729540532,      -6.306731219,       -5.92897945,      -7.947301813
          0,           0,         355,      -6.514591774,      -6.517360567,      -6.724678969,      -6.281552911,       -5.90064109,      -7.947279611
          0,           0,         356,      -6.509326793,      -6.515326664,      -6.718774021,      -6.301281074,      -5.896287341,      -7.947252199
          0,           0,         357,      -6.522958768,      -6.528857937,      -6.732179371,      -6.314175917,      -5.910777894,      -7.947224517
          0,           0,         358,      -6.550087804,      -6.557958934,      -6.734055123,      -6.329351981,      -5.938091612,      -7.947200299
          0,           0,         359,      -6.538392631,      -6.544855331,       -6.71640472,       -6.29513528,      -5.925019266,       -7.94717497
          0,           0,         360,      -6.510186292,      -6.513329788,      -6.702303404,      -6.298834589,      -5.896725821,       -7.94714518
          0,           0,         361,      -6.522138634,      -6.531221752,      -6.726821723,      -6.307088384,      -5.907735315,      -7.947113015
          0,           0,         362,      -6.536203872,      -6.542666892,      -6.744759671,      -6.307427916,      -5.922528434,      -7.947083716
          0,           0,         363,        -6.5224616,       -6.53173705,      -6.719489359,      -6.288209589,      -5.911023492,      -7.947056158
          0,           0,         364,      -6.481411532,      -6.489471429,      -6.684088813,      -6.274601934,      -5.871431024,      -7.947023038
          0,           0,         365,        -6.5013721,      -6.505365894,      -6.690030423,       -6.29831129,      -5.890484767,      -7.946986383
          0,           0,         366,      -6.514309402,      -6.523305092,      -6.714596516,      -6.287926088,       -5.90052653,      -7.946950857
          0,           0,         367,      -6.499551698,      -6.505864098,      -6.712316786,       -6.27412361,      -5.884638699,      -7.946918758
          0,           0,         368,      -6.473727982,      -6.483511367,      -6.696452926,      -6.256447618,      -5.859883009,      -7.946884798
          0,           0,         369,      -6.460019449,      -6.468557957,      -6.689216556,      -6.271318867,      -5.848639364,      -7.946847897
          0,           0,         370,      -6.509836478,      -6.515194372,      -6.711816475,      -6.295787123,      -5.898992658,      -7.946811729
          0,           0,         371,      -6.513421917,      -6.522353237,      -6.712374219,      -6.278419591,      -5.901602339,      -7.946774211
          0,           0,         372,      -6.491089927,      -6.497274356,        -6.6964018,      -6.282377813,      -5.879030335,      -7.946736944
          0,           0,         373,      -6.505650432,       -6.51713466,      -6.715963763,      -6.293334844,       -5.89174184,      -7.946699721
          0,           0,         374,      -6.524059749,      -6.535293379,      -6.744244708,      -6.317528721,      -5.910441818,      -7.946664635
          0,           0,         375,      -6.564348604,      -6.572426036,      -6.748026828,      -6.313751467,      -5.951305114,      -7.946630698
          0,           0,         376,      -6.513387373,      -6.522800606,      -6.715029688,      -6.295346785,       -5.90189132,      -7.946592749
          0,           0,         377,      -6.539978529,      -6.550458267,      -6.718369857,      -6.313900315,      -5.927993007,       -7.94655716
          0,           0,         378,      -6.538967407,      -6.552035057,      -6.738564603,      -6.311610868,      -5.924940386,      -7.946525827
          0,           0,         379,      -6.537586881,      -6.550840793,      -6.728422995,      -6.302632162,       -5.92219988,      -7.946496946
          0,           0,         380,       -6.48999375,      -6.496285499,      -6.705427007,      -6.273355537,      -5.876984393,      -7.946465237
          0,           0,         381,      -6.503083121,      -6.510276641,      -6.716861549,      -6.300799069,      -5.891014912,      -7.946430357
          0,           0,         382,      -6.531290873,      -6.543253098,      -6.731274727,      -6.296355865,      -5.919439619,      -7.946401308
          0,           0,         383,      -6.514843604,      -6.524166218,      -6.707422076,      -6.286525834,      -5.902652552,      -7.946374615
          0,           0,         384,      -6.487033447,      -6.496206557,      -6.686388693,      -6.274450521,      -5.874062688,      -7.946346792
          0,           0,         385,      -6.485028686,      -6.492000076,      -6.706876674,       -6.29096176,      -5.871819006,      -7.946316017
          0,           0,         386,      -6.543415268,      -6.550053003,      -6.748494838,       -6.30959691,      -5.929632669,      -7.946286505
          0,           0,         387,      -6.522901256,      -6.534605215,      -6.727753504,      -6.284035408,      -5.911025017,      -7.946262511
          0,           0,         388,      -6.513156219,      -6.521154146,      -6.702732024,      -6.297905711,      -5.902448227,      -7.946236217
          0,           0,         389,      -6.507914663,      -6.518204501,      -6.707279692,      -6.303547627,       -5.89645156,      -7.946209706
          0,           0,         390,       -6.54746431,      -6.559556767,      -6.738377366,      -6.323232227,      -5.933272854,      -7.946184331
          0,           0,         391,      -6.538403321,      -6.546470769,      -6.734130468,      -6.293892596,      -5.923219102,      -7.946159909
          0,           0,         392,      -6.503792775,       -6.51497315,      -6.716788264,      -6.301804226,       -5.89052377,      -7.946135978
          0,           0,         393,      -6.526543163,      -6.534655962,      -6.729088351,      -6.317836244,      -5.914430251,      -7.946109306
          0,           0,         394,      -6.550145494,      -6.562715982,       -6.73566656,      -6.317707065,      -5.938306729,      -7.946085223
          0,           0,         395,      -6.531517012,      -6.542828187,      -6.713165424,      -6.294159011,      -5.918860683,       -7.94606227
          0,           0,         396,      -6.489046377,      -6.496208681,      -6.687215724,      -6.283201933,        -5.8760938,      -7.946037958
          0,           0,         397,       -6.50330623,      -6.513293155,      -6.715306691,      -6.302082874,      -5.889430567,      -7.946013887
          0,           0,         398,       -6.53150568,      -6.539747147,       -6.74621697,      -6.293672787,      -5.917507535,      -7.945989786
          0,           0,         399,       -6.51279085,      -6.525183756,      -6.720817523,      -6.280212007,      -5.900596941,      -7.945969852
          0,           0,         400,      -6.487046969,      -6.496895716,      -6.690363615,      -6.274608251,      -5.876628639,      -7.945947731
          0,           0,         401,       -6.50160083,      -6.509495072,      -6.704475673,      -6.303300962,      -5.890770084,      -7.945923561
          0,           0,         402,      -6.554058774,      -6.564118457,      -6.745547462,      -6.301563537,      -5.939932366,      -7.945901082
          0,           0,         403,      -6.507568315,      -6.517209541,      -6.723967481,       -6.27028902,       -5.89355128,       -7.94587939
          0,           0,         404,      -6.506460709,      -6.519718536,      -6.717574923,      -6.291974069,       -5.89230398,      -7.945860175
          0,           0,         405,      -6.524733587,      -6.538179103,      -6.738517663,      -6.307214149,      -5.911337174,      -7.945838056
          0,           0,         406,      -6.543685066,      -6.553584258,      -6.728294453,      -6.292565396,      -5.930397299,      -7.945815174
          0,           0,         407,       -6.50450076,      -6.512698879,      -6.702970354,      -6.271094412,      -5.891398435,       -7.94579533
          0,           0,         408,      -6.503704903,      -6.514778814,      -6.704529445,      -6.284167459,       -5.89087577,       -7.94577624
          0,           0,         409,      -6.527743167,      -6.539894981,      -6.728348544,      -6.299334231,      -5.914198815,      -7.945757424
          0,           0,         410,      -6.524694042,      -6.534822677,      -6.721980771,      -6.279671683,      -5.911839669,      -7.945736567
          0,           0,         411,      -6.509556019,      -6.519076028,      -6.720785308,      -6.283105157,      -5.897226275,      -7.945715925
          0,           0,         412,       -6.52472464,      -6.533320118,      -6.724579477,       -6.29916423,      -5.912150809,      -7.945697874
          0,           0,         413,      -6.538727538,       -6.55378477,      -6.720741637,      -6.285214051,      -5.923804597,      -7.945678211
          0,           0,         414,      -6.493324437,      -6.503287981,       -6.70959739,      -6.274301385,      -5.879138332,      -7.945659715
          0,           0,         415,      -6.509353966,      -6.518687677,      -6.708777917,      -6.277823098,      -5.895105294,      -7.945640978
          0,           0,         416,      -6.510096796,      -6.521477233,      -6.728662135,       -6.29458564,      -5.896874562,      -7.945623777
          0,           0,         417,      -6.537984706,      -6.546560547,      -6.717086363,          -6.27969,      -5.926356256,      -7.945606869
          0,           0,         418,      -6.499548436,      -6.511150118,      -6.699143856,      -6.276925293,      -5.888606861,      -7.945589705
          0,           0,         419,      -6.509502063,      -6.517931671,      -6.705106781,      -6.277485756,      -5.897256354,      -7.945575953
          0,           0,         420,      -6.514396484,      -6.525231154,      -6.710187424,      -6.280397388,      -5.900740798,      -7.945561458
          0,           0,         421,      -6.501725882,       -6.51421122,      -6.715020649,       -6.26333259,      -5.887260673,      -7.945546639
          0,           0,         422,      -6.486300371,      -6.494538288,      -6.706459745,      -6.265685861,      -5.873135226,      -7.945531501
          0,           0,         423,       -6.51528422,       -6.52586607,      -6.726009096,      -6.294585618,      -5.902579991,      -7.945517559
          0,           0,         424,         -6.527474,       -6.53661638,      -6.717360535,      -6.270249003,      -5.914056405,      -7.945505696
          0,           0,         425,      -6.502553729,      -6.513782555,      -6.707882999,      -6.286797096,      -5.889969953,      -7.945492243
          0,           0,         426,       -6.52733744,      -6.540423297,      -6.725772611,      -6.294180448,      -5.914007061,       -7.94547863
          0,           0,         427,      -6.534641534,       -6.54482824,      -6.730298196,      -6.303169668,      -5.921408253,      -7.945467327
          0,           0,         428,      -6.525613521,      -6.534962527,      -6.724244932,      -6.278756348,      -5.913707946,      -7.945456628
          0,           0,         429,      -6.494761281,      -6.502735088,      -6.705044428,      -6.280100913,      -5.883779901,      -7.945445753
          0,           0,         430,      -6.518212208,      -6.531066231,      -6.720558183,      -6.296953505,      -5.905720413,      -7.945433612
          0,           0,         431,      -6.515582865,      -6.527757811,      -6.721836547,      -6.280619033,      -5.902020031,      -7.945422888
          0,           0,         432,      -6.501946252,      -6.511766717,      -6.714151665,      -6.275340157,      -5.887690551,      -7.945413981
          0,           0,         433,        -6.4801461,      -6.486963503,      -6.708298632,      -6.267211539,      -5.867243855,      -7.945402719
          0,           0,         434,      -6.496614076,      -6.508029149,      -6.716468359,      -6.295532682,      -5.884420914,      -7.945390175
          0,           0,         435,      -6.543021472,      -6.555538402,      -6.738299044,      -6.300993025,      -5.929644523,      -7.945378345
          0,           0,         436,      -6.506322006,      -6.516768807,      -6.705645288,      -6.272401849,      -5.893028816,      -7.945368696
          0,           0,         437,      -6.494398861,      -6.504602472,      -6.698550217,      -6.277425267,      -5.880601026,      -7.945359079
          0,           0,         438,      -6.506960562,      -6.514585476,      -6.725363393,      -6.295431009,      -5.893131364,       -7.94534794
          0,           0,         439,      -6.549747141,      -6.565530975,      -6.749996431,      -6.311822089,      -5.936036411,      -7.945336797
          0,           0,         440,      -6.528462232,      -6.540335715,      -6.724959558,      -6.286864653,      -5.916526666,      -7.945324852
          0,           0,         441,      -6.500648595,      -6.510055482,      -6.699301237,      -6.284470782,      -5.889646816,      -7.945313749
          0,           0,         442,      -6.510600344,       -6.52299753,      -6.714747698,      -6.296856128,      -5.898443142,      -7.945305672
          0,           0,         443,      -6.548860518,      -6.559335955,      -6.736128039,       -6.30964789,      -5.934835446,      -7.945294233
          0,           0,         444,      -6.515230355,      -6.527904624,      -6.722023781,      -6.279605613,      -5.900502316,       -7.94528302
          0,           0,         445,      -6.485685327,      -6.494959672,       -6.70492456,      -6.280228397,      -5.872600631,      -7.945270823
          0,           0,         446,      -6.498814085,      -6.509106731,      -6.715988063,      -6.284973005,      -5.886216065,      -7.945259489
          0,           0,         447,      -6.518900851,      -6.532009736,      -6.730510803,      -6.289444499,      -5.906202529,      -7.945252256
          0,           0,         448,      -6.526691354,      -6.536220629,      -6.715527926,      -6.291734508,      -5.914168211,      -7.945243205
          0,           0,         449,       -6.49718155,      -6.506834927,      -6.703584063,      -6.283121581,      -5.884458738,      -7.945233321
          0,           0,         450,      -6.504748669,      -6.514652243,      -6.722545913,      -6.303399549,      -5.891634584,      -7.945222253
          0,           0,         451,      -6.546286328,       -6.55980377,      -6.753657276,      -6.305518633,      -5.932445376,      -7.945212458
          0,           0,         452,      -6.523871689,      -6.538514824,       -6.73562254,      -6.291239829,       -5.91145295,      -7.945205648
          0,           0,         453,      -6.530836527,      -6.540703326,      -6.714247526,      -6.311626897,      -5.919281092,      -7.945196944
          0,           0,         454,      -6.524391165,      -6.533884161,      -6.723360721,      -6.312617445,      -5.912487794,      -7.945187557
          0,           0,         455,      -6.552672058,       -6.56415447,      -6.746269877,      -6.319822524,        -5.9385608,      -7.945176526
          0,           0,         456,      -6.532268242,      -6.545757682,      -6.739481194,      -6.290795093,      -5.917517673,      -7.945168286
          0,           0,         457,       -6.50818489,      -6.521594112,      -6.723627552,      -6.299791306,      -5.895022969,      -7.945162713
          0,           0,         458,      -6.521158667,      -6.532076063,      -6.726376419,       -6.31298063,      -5.908662767,      -7.945155369
          0,           0,         459,      -6.546025787,       -6.55319751,      -6.740415519,      -6.314558445,      -5.934204076,      -7.945147927
          0,           0,         460,      -6.535529396,      -6.548802264,      -6.729772402,      -6.295018474,      -5.922401047,      -7.945140522
          0,           0,         461,      -6.498197653,      -6.508078073,      -6.703264999,      -6.284014597,      -5.884811931,      -7.945134272
          0,           0,         462,      -6.498074449,      -6.510211184,      -6.708396823,      -6.298162499,      -5.884170558,      -7.945128312
          0,           0,         463,      -6.508407396,       -6.52028355,      -6.734614066,      -6.294690897,      -5.894325231,      -7.945121854
          0,           0,         464,      -6.531998577,      -6.537721303,      -6.741964843,      -6.291318372,      -5.919566595,      -7.945116842
          0,           0,         465,       -6.50048844,      -6.514219753,      -6.709474959,      -6.275130545,      -5.889746306,      -7.945112383
          0,           0,         466,      -6.484007627,      -6.492412194,      -6.689510624,      -6.287948665,      -5.873560708,      -7.945107231
          0,           0,         467,      -6.510896691,        -6.5218611,      -6.712539169,      -6.300520455,      -5.898042113,       -7.94510259
          0,           0,         468,      -6.512900722,      -6.524900377,      -6.736577347,      -6.279655986,      -5.898033234,      -7.945099797
          0,           0,         469,      -6.503753262,      -6.511992519,      -6.722080829,      -6.268996393,       -5.88916981,      -7.945099038
          0,           0,         470,      -6.475506468,      -6.487853659,      -6.705320174,      -6.270566778,      -5.862959319,      -7.945095702
          0,           0,         471,      -6.500277921,      -6.509487434,       -6.71762707,      -6.307124253,      -5.889413301,      -7.945090907
          0,           0,         472,       -6.54349664,      -6.556034736,      -6.740291314,      -6.299216792,      -5.930898288,       -7.94508852
          0,           0,         473,      -6.507133345,      -6.519577835,      -6.720608315,      -6.270777507,      -5.893839079,      -7.945086918
          0,           0,         474,      -6.511658861,      -6.521363083,      -6.711029462,      -6.293281388,      -5.897884886,      -7.945083634
          0,           0,         475,      -6.514365779,      -6.526580213,      -6.739282186,      -6.307621762,      -5.900357383,      -7.945079178
          0,           0,         476,      -6.555445355,      -6.567465513,       -6.75825833,      -6.325351272,      -5.942096211,      -7.945075963
          0,           0,         477,      -6.530960349,      -6.543439007,      -6.727544005,      -6.283171571,       -5.91863428,      -7.945074979
          0,           0,         478,      -6.498837676,      -6.510790467,      -6.700835315,      -6.287482271,      -5.887050962,      -7.945072501
          0,           0,         479,      -6.526192351,       -6.53733483,      -6.714075824,      -6.313637959,      -5.913121267,      -7.945067908
          0,           0,         480,      -6.538491162,       -6.54950574,       -6.74554427,      -6.309690302,      -5.923838857,      -7.945064593
          0,           0,         481,       -6.53053901,      -6.542273032,      -6.739423549,       -6.29046148,      -5.916120009,      -7.945062556
          0,           0,         482,      -6.486267615,      -6.497501252,      -6.709289293,      -6.275667792,      -5.874276157,      -7.945057929
          0,           0,         483,      -6.497550189,      -6.511724696,      -6.709310476,      -6.295177906,      -5.886330052,      -7.945050078
          0,           0,         484,      -6.526147296,      -6.538474527,      -6.719629918,      -6.301273965,      -5.914218538,      -7.945043588
          0,           0,         485,      -6.517663858,       -6.52347883,      -6.715163265,      -6.280949331,      -5.904611512,      -7.945041688
          0,           0,         486,      -6.485671599,      -6.496016376,      -6.700767114,      -6.261429538,      -5.871217142,      -7.945036935
          0,           0,         487,      -6.471756336,      -6.479471603,      -6.707789638,      -6.273728053,      -5.858366027,      -7.945029935
          0,           0,         488,      -6.514362664,      -6.525642825,      -6.735275094,      -6.297707928,      -5.901215553,      -7.945022647
          0,           0,         489,      -6.508794488,      -6.520250602,      -6.721308894,      -6.271669258,      -5.896627465,      -7.945017975
          0,           0,         490,      -6.503113915,      -6.506591081,       -6.70284488,      -6.276374584,      -5.892414034,      -7.945015323
          0,           0,         491,      -6.502312045,      -6.514368899,      -6.709626182,      -6.285500691,      -5.889859877,      -7.945007679
          0,           0,         492,      -6.519214175,      -6.527477942,      -6.731221767,      -6.307183366,      -5.905202546,      -7.945000622
          0,           0,         493,      -6.547165226,      -6.560494456,       -6.75172563,      -6.299174626,      -5.931929158,      -7.944994635
          0,           0,         494,      -6.501815139,      -6.513250055,      -6.729152991,      -6.276313259,      -5.889024332,      -7.944990358
          0,           0,         495,      -6.539721329,      -6.547034009,      -6.731287815,      -6.304229137,      -5.928249239,      -7.944985425
          0,           0,         496,      -6.530967349,       -6.54725284,      -6.733734067,      -6.305941458,      -5.919166256,      -7.944978757
          0,           0,         497,      -6.545053215,      -6.556123571,      -6.724416708,      -6.309395473,      -5.931450792,       -7.94497524
          0,           0,         498,      -6.501227698,      -6.513242122,      -6.716382246,      -6.272734154,      -5.886279927,      -7.944970283
          0,           0,         499,      -6.498951542,      -6.511916382,      -6.727302071,      -6.285777871,      -5.884567168,      -7.944965181
          0,           0,         500,      -6.528261251,      -6.536475783,      -6.739246261,       -6.29148243,       -5.91493528,      -7.944959575
          0,           0,         501,      -6.502132779,      -6.514065695,      -6.713696777,      -6.285114055,      -5.890745466,      -7.944955483
          0,           0,         502,      -6.516282432,      -6.525837701,      -6.705042766,      -6.292408443,      -5.905483362,      -7.944952592
          0,           0,         503,      -6.499463467,      -6.511771438,      -6.711111001,      -6.291507206,      -5.887103801,      -7.944946189
          0,           0,         504,      -6.523817497,      -6.539581338,      -6.729828616,      -6.305067695,      -5.909521911,      -7.944941879
          0,           0,         505,      -6.520930258,      -6.530665799,      -6.736056086,      -6.283439114,      -5.906798426,      -7.944939035
          0,           0,         506,      -6.508818202,      -6.520935612,      -6.730789298,       -6.29564939,      -5.895960633,      -7.944937702
          0,           0,         507,      -6.529365621,      -6.541725197,      -6.730301948,      -6.299444569,      -5.917958341,      -7.944934652
          0,           0,         508,      -6.526446891,      -6.541783046,      -6.722859614,      -6.314817478,       -5.91443171,      -7.944930653
          0,           0,         509,      -6.549913801,      -6.567498646,      -6.729466186,      -6.308558316,      -5.935227866,      -7.944930549
          0,           0,         510,      -6.514184495,      -6.524801443,      -6.727948558,      -6.295723046,      -5.899828941,      -7.944929569
          0,           0,         511,      -6.536080264,      -6.545885216,      -6.743471891,      -6.299062513,      -5.921363191,      -7.944927428
          0,           0,         512,       -6.51588514,      -6.528778202,      -6.735100535,      -6.295869473,      -5.903633074,      -7.944924179
          0,           0,         513,      -6.530343353,      -6.542231819,      -6.721360359,      -6.311518258,      -5.919127938,      -7.944922234
          0,           0,         514,      -6.520660861,      -6.534209574,      -6.709064363,      -6.295694182,      -5.908742563,      -7.944922455
          0,           0,         515,        -6.5178818,      -6.530836418,      -6.718445988,      -6.301392701,      -5.904317146,       -7.94491956
          0,           0,         516,      -6.536354124,      -6.544885968,      -6.743634082,      -6.296737792,      -5.921530314,      -7.944916896
          0,           0,         517,      -6.503805095,      -6.517809695,      -6.738994266,      -6.297926827,      -5.890460814,      -7.944916346
          0,           0,         518,      -6.542822601,      -6.552880128,      -6.738519879,      -6.310776775,       -5.93065612,      -7.944916393
          0,           0,         519,      -6.513775457,      -6.525484819,      -6.724220013,      -6.314118395,      -5.903527829,      -7.944914148
          0,           0,         520,      -6.558822043,      -6.574228638,      -6.738680407,      -6.330611154,      -5.946222623,       -7.94490983
          0,           0,         521,      -6.547407887,      -6.555432255,      -6.742211499,      -6.309728592,      -5.933221671,      -7.944908266
          0,           0,         522,       -6.53769719,       -6.55393114,      -6.746087094,      -6.318849155,      -5.921928261,      -7.944907368
          0,           0,         523,      -6.539662413,      -6.547870414,      -6.754113284,      -6.311185025,      -5.924927029,       -7.94490415
          0,           0,         524,       -6.54149593,      -6.555595054,      -6.751713633,      -6.329969098,      -5.929049335,      -7.944899958
          0,           0,         525,      -6.560338804,      -6.575599592,      -6.734681915,      -6.309485783,      -5.948515092,      -7.944897389
          0,           0,         526,      -6.527235752,      -6.536142425,      -6.716868781,      -6.320533452,      -5.916635654,      -7.944896775
          0,           0,         527,      -6.550275973,      -6.565700213,      -6.740276528,      -6.310914338,      -5.936313871,      -7.944894568
          0,           0,         528,      -6.519480338,      -6.528655257,      -6.741662344,      -6.306267631,      -5.905758804,      -7.944890738
          0,           0,         529,       -6.53675563,      -6.552399214,      -6.744584898,      -6.316764333,      -5.922590351,      -7.944889411
          0,           0,         530,      -6.525303074,      -6.540800523,      -6.733593694,      -6.316995789,      -5.913094998,      -7.944887759
          0,           0,         531,      -6.551025575,      -6.561625677,      -6.744451955,      -6.340673044,      -5.939432344,      -7.944883751
          0,           0,         532,      -6.560305644,      -6.573798634,      -6.749009368,      -6.315047422,      -5.945803644,      -7.944879807
          0,           0,         533,      -6.529030851,      -6.539436513,      -6.737203577,      -6.335536968,      -5.915658265,      -7.944876816
          0,           0,         534,       -6.57239716,      -6.589960811,      -6.760612207,      -6.336552886,      -5.956332486,      -7.944878427
          0,           0,         535,      -6.544636731,      -6.563542127,      -6.759978604,      -6.350676071,      -5.931045414,       -7.94487782
          0,           0,         536,      -6.584792525,      -6.600101187,      -6.758221634,      -6.336521783,      -5.972390479,       -7.94487475
          0,           0,         537,      -6.542073963,      -6.554272902,      -6.731341585,      -6.332943605,      -5.930647674,       -7.94487213
          0,           0,         538,      -6.572143577,      -6.587627498,      -6.746427125,      -6.346883481,      -5.959288714,      -7.944874448
          0,           0,         539,      -6.556451904,       -6.57086378,      -6.755124881,      -6.329308642,      -5.941448923,      -7.944876205
          0,           0,         540,      -6.543716855,      -6.558146356,       -6.74899117,      -6.338283832,      -5.928794454,      -7.944873695
          0,           0,         541,      -6.549562103,      -6.563680677,       -6.75596519,       -6.32531957,      -5.935945495,      -7.944871555
          0,           0,         542,      -6.563498958,      -6.572335365,      -6.758018913,      -6.366076519,      -5.951793473,      -7.944871012
          0,           0,         543,      -6.587764375,      -6.604876838,      -6.758612822,      -6.341434353,      -5.975182928,      -7.944872508
          0,           0,         544,      -6.538859184,      -6.549863664,      -6.737776211,      -6.345184998,       -5.92621755,      -7.944872248
          0,           0,         545,      -6.581375144,      -6.597123399,      -6.756049758,       -6.34392601,      -5.965608314,      -7.944871882
          0,           0,         546,      -6.550697053,      -6.566377651,      -6.773924812,       -6.34560968,      -5.935945106,      -7.944874197
          0,           0,         547,      -6.596509765,      -6.607885286,      -6.777833874,      -6.358859594,      -5.983199405,      -7.944875356
          0,           0,         548,      -6.555956951,      -6.571537582,      -6.751176107,      -6.341568506,      -5.944891696,      -7.944876118
          0,           0,         549,      -6.589283168,      -6.602492472,      -6.758565599,      -6.366500503,      -5.977309345,      -7.944877141
          0,           0,         550,       -6.57664797,      -6.592309626,      -6.757156898,      -6.335140696,      -5.962562439,      -7.944880064
          0,           0,         551,      -6.552237471,      -6.566336327,      -6.754935444,       -6.34219383,      -5.936616863,      -7.944880582
          0,           0,         552,      -6.556576584,      -6.567077253,      -6.754496141,      -6.329302884,      -5.941814646,      -7.944878142
          0,           0,         553,      -6.553077876,      -6.567636858,      -6.764888022,      -6.357334613,      -5.940205498,      -7.944877172
          0,           0,         554,      -6.584425808,      -6.598266541,      -6.758533511,      -6.328198633,      -5.971620007,      -7.944879325
          0,           0,         555,       -6.53568765,       -6.55066682,      -6.729288668,      -6.338678097,      -5.924439206,      -7.944881965
          0,           0,         556,       -6.58347806,      -6.601220685,      -6.749496524,       -6.33842162,      -5.968967289,      -7.944880674
          0,           0,         557,      -6.546445404,      -6.557925967,      -6.756313494,      -6.340264947,      -5.932598131,      -7.944878749
          0,           0,         558,      -6.579422456,      -6.591949728,      -6.768688352,      -6.325599793,      -5.965508243,      -7.944880848
          0,           0,         559,      -6.524950492,      -6.535191194,      -6.733993921,      -6.316480541,      -5.913653271,      -7.944883085
          0,           0,         560,      -6.568325241,      -6.584333795,       -6.74105667,      -6.337660781,      -5.955966723,      -7.944882582
          0,           0,         561,      -6.533738306,      -6.548952211,      -6.728481609,      -6.314650489,      -5.920916517,      -7.944879697
          0,           0,         562,      -6.541996794,      -6.552983307,      -6.728155555,      -6.318540126,      -5.927195005,      -7.944879105
          0,           0,         563,      -6.518292742,      -6.525220913,      -6.733429928,      -6.299696255,       -5.90390447,       -7.94487971
          0,           0,         564,      -6.528326408,      -6.540071592,      -6.735015811,      -6.321973097,      -5.915409558,      -7.944877894
          0,           0,         565,       -6.54732624,      -6.560238667,      -6.739457305,      -6.308166056,      -5.935082452,      -7.944876539
          0,           0,         566,      -6.509938996,      -6.522707517,      -6.716645251,      -6.321092812,      -5.899845327,      -7.944876382
          0,           0,         567,      -6.561312419,      -6.575591467,      -6.727299506,      -6.322000583,       -5.94867251,      -7.944877197
          0,           0,         568,      -6.527828511,      -6.534680366,       -6.73455279,      -6.327971139,      -5.914679408,      -7.944875007
          0,           0,         569,      -6.556198151,      -6.571340116,      -6.740565133,      -6.314336632,      -5.941071474,      -7.944873074
          0,           0,         570,      -6.504126359,      -6.515422345,      -6.730579528,      -6.304081407,      -5.890628249,      -7.944873751
          0,           0,         571,      -6.528484123,      -6.541845045,      -6.726549588,      -6.312810835,      -5.915989712,      -7.944873382
          0,           0,         572,      -6.518388879,      -6.532720753,      -6.719214559,       -6.30084886,       -5.90671398,      -7.944871075
          0,           0,         573,      -6.526966505,      -6.534755607,      -6.716937185,      -6.311443493,      -5.915279163,       -7.94486844
          0,           0,         574,      -6.518854743,      -6.532058481,       -6.71667652,      -6.293987291,      -5.904954257,      -7.944869043
          0,           0,         575,      -6.512353563,      -6.522570273,      -6.733846951,      -6.317354387,      -5.898752287,      -7.944870988
          0,           0,         576,      -6.538616468,       -6.55252966,      -6.740740418,      -6.299932904,      -5.924225192,      -7.944869615
          0,           0,         577,      -6.503996768,      -6.515866103,      -6.723214425,      -6.291922953,      -5.891889351,      -7.944866961
          0,           0,         578,      -6.514906913,      -6.523604077,      -6.709060483,      -6.290875919,      -5.904209442,      -7.944866318
          0,           0,         579,      -6.498242151,      -6.508931568,      -6.701702024,      -6.293887325,      -5.887037012,      -7.944867407
          0,           0,         580,      -6.520575411,      -6.532086518,      -6.722358572,      -6.317235584,      -5.908094505,      -7.944866094
          0,           0,         581,      -6.522226671,      -6.537339821,         -6.728212,      -6.279580376,      -5.907580816,       -7.94486171
          0,           0,         582,      -6.486948726,      -6.500145162,      -6.722353053,      -6.280483641,      -5.873754354,      -7.944858869
          0,           0,         583,      -6.501552283,       -6.51124376,      -6.716691368,      -6.283741413,      -5.890179924,      -7.944857853
          0,           0,         584,       -6.50172611,       -6.51213654,      -6.710985134,      -6.303977238,      -5.891233698,       -7.94485704
          0,           0,         585,      -6.540575843,      -6.554546558,      -6.731639623,      -6.318181622,      -5.927988963,      -7.944853663
          0,           0,         586,      -6.518066632,      -6.531179819,      -6.722000674,        -6.2845974,      -5.903469988,      -7.944850848
          0,           0,         587,      -6.510968528,      -6.525308982,      -6.729492717,      -6.293809253,      -5.895831758,      -7.944850465
          0,           0,         588,       -6.51009056,       -6.52009509,      -6.739333931,      -6.293367088,      -5.895785255,      -7.944851047
          0,           0,         589,      -6.537438619,      -6.547472879,      -6.736688947,      -6.319250346,      -5.925448014,      -7.944849688
          0,           0,         590,      -6.536656539,      -6.552172294,       -6.72642376,      -6.299487665,      -5.925461167,      -7.944845645
          0,           0,         591,      -6.511033459,      -6.521356398,      -6.707605822,      -6.296629853,      -5.899652286,      -7.944841886
          0,           0,         592,      -6.520311417,       -6.53458224,      -6.721528606,      -6.289199571,      -5.906676648,      -7.944840784
          0,           0,         593,      -6.508265345,      -6.520612571,      -6.727820426,      -6.292674539,      -5.893525462,       -7.94484025
          0,           0,         594,      -6.520070914,      -6.527174697,       -6.72207973,      -6.289437208,      -5.906339278,      -7.944837872
          0,           0,         595,      -6.479565091,      -6.493161607,       -6.70494875,      -6.276748029,      -5.867885521,       -7.94483695
          0,           0,         596,       -6.50104255,      -6.509143464,      -6.710288258,      -6.289519444,       -5.89002226,      -7.944835299
          0,           0,         597,      -6.509930541,      -6.523353555,      -6.714532844,      -6.278968355,      -5.897858643,      -7.944834679
          0,           0,         598,      -6.500861346,      -6.514039771,      -6.706062709,      -6.284680784,      -5.887530447,      -7.944834652
          0,           0,         599,      -6.494250714,      -6.498855049,      -6.706279955,      -6.278667126,      -5.880895588,      -7.944835209
          0,           0,         600,      -6.489691607,      -6.502177887,      -6.724132986,      -6.289925702,      -5.876352919,      -7.944835276
          0,           0,         601,      -6.533309273,      -6.540803015,      -6.742412803,      -6.299348429,      -5.920610962,      -7.944831414
          0,           0,         602,      -6.513865204,       -6.52632699,      -6.716295178,      -6.282501291,      -5.902266571,      -7.944829648
          0,           0,         603,      -6.522198632,       -6.53529431,      -6.707566041,      -6.303299218,      -5.910209379,      -7.944830339
          0,           0,         604,      -6.518972461,      -6.524430081,      -6.724298182,      -6.295361058,      -5.906390047,      -7.944831942
          0,           0,         605,      -6.534374713,       -6.54743897,      -6.740770971,      -6.301809194,       -5.91970874,      -7.944831259
          0,           0,         606,      -6.515426311,      -6.523906051,      -6.729079226,      -6.274196148,       -5.90220303,      -7.944827967
          0,           0,         607,      -6.503391448,      -6.515472154,      -6.716204502,      -6.296522108,      -5.891716585,      -7.944830165
          0,           0,         608,      -6.521578552,      -6.534674725,      -6.722860239,      -6.295788753,      -5.909975332,      -7.944832608
          0,           0,         609,      -6.518012119,      -6.524887665,      -6.715431357,      -6.287830397,      -5.906467863,      -7.944833699
          0,           0,         610,      -6.511072141,       -6.52274268,      -6.706691829,      -6.276436331,      -5.896768107,      -7.944832538
          0,           0,         611,      -6.474793145,      -6.484994156,      -6.697508249,      -6.271094645,      -5.861335407,      -7.944831055
          0,           0,         612,      -6.503586187,      -6.515963082,      -6.722476905,      -6.297830605,      -5.889938225,      -7.944832584
          0,           0,         613,        -6.5052778,      -6.519343015,      -6.731928906,      -6.279862059,      -5.892759358,      -7.944831716
          0,           0,         614,      -6.505606547,      -6.513567682,      -6.711105231,      -6.278545998,      -5.895211309,        -7.9448323
          0,           0,         615,      -6.493343574,      -6.502136561,       -6.68964006,      -6.277712564,      -5.882729308,      -7.944832586
          0,           0,         616,      -6.486962198,      -6.498652444,      -6.697699417,       -6.29425738,       -5.87547588,      -7.944832987
          0,           0,         617,      -6.530965518,      -6.543363012,      -6.739428487,      -6.301794446,      -5.916619049,      -7.944834484
          0,           0,         618,      -6.505270977,      -6.518155407,      -6.730167397,      -6.270246468,      -5.890989344,      -7.944833231
          0,           0,         619,      -6.499817502,       -6.50975914,      -6.711333041,      -6.280873161,      -5.887157103,      -7.944834245
          0,           0,         620,      -6.501441314,      -6.508850607,      -6.709742336,      -6.298026068,      -5.890407579,      -7.944834562
          0,           0,         621,      -6.533410435,       -6.54961736,      -6.732651634,      -6.325604458,      -5.921928934,      -7.944833339
          0,           0,         622,      -6.551231585,      -6.562575657,      -6.740257594,      -6.299034665,      -5.937340094,      -7.944831823
          0,           0,         623,      -6.498382373,      -6.511377007,      -6.713550318,      -6.283184301,      -5.884743895,      -7.944828739
          0,           0,         624,      -6.517230516,      -6.529751675,      -6.723264507,      -6.307239621,      -5.903262978,      -7.944829489
          0,           0,         625,      -6.538773015,      -6.545777361,      -6.741063175,      -6.324784317,      -5.926146898,      -7.944829555
          0,           0,         626,      -6.556112245,      -6.572184185,       -6.74377547,      -6.319797124,       -5.94371667,      -7.944827431
          0,           0,         627,       -6.51167313,      -6.520472342,      -6.707201265,      -6.283799217,      -5.899733566,      -7.944826138
          0,           0,         628,       -6.49614059,      -6.508054556,      -6.698087683,      -6.291017698,      -5.883442625,       -7.94482526
          0,           0,         629,      -6.521551076,      -6.534023168,      -6.727931798,       -6.31146888,      -5.907681565,      -7.944826932
          0,           0,         630,      -6.539966102,      -6.547449384,       -6.74287665,       -6.30634159,      -5.926007766,      -7.944825447
          0,           0,         631,      -6.514366717,      -6.527235268,      -6.724684287,       -6.28350076,      -5.902044911,      -7.944822433
          0,           0,         632,      -6.486011766,      -6.495078099,      -6.697708107,       -6.28718066,      -5.875249999,      -7.944821659
          0,           0,         633,      -6.516872859,      -6.530635722,      -6.717303045,      -6.310021138,      -5.905094251,      -7.944820334
          0,           0,         634,      -6.532501576,      -6.546080954,      -6.733294327,      -6.298416791,      -5.918995462,      -7.944820125
          0,           0,         635,      -6.508368983,      -6.514957284,      -6.716550351,      -6.279666152,      -5.894441089,      -7.944818308
          0,           0,         636,      -6.484991006,      -6.495963179,      -6.709030454,        -6.2746518,      -5.871398487,      -7.944817286
          0,           0,         637,      -6.496055765,      -6.506378492,      -6.720869775,      -6.303025265,      -5.883868342,      -7.944818376
          0,           0,         638,      -6.553485607,      -6.568999107,      -6.749728043,      -6.321452568,      -5.940453243,      -7.944817355
          0,           0,         639,      -6.523560777,      -6.537056115,      -6.722565231,      -6.293039637,      -5.911081561,      -7.944817615
          0,           0,         640,      -6.517267066,      -6.526426966,      -6.706305438,      -6.298484924,      -5.904701277,      -7.944818069
          0,           0,         641,      -6.513946084,      -6.526200698,      -6.723771533,      -6.308363428,      -5.900308278,      -7.944818505
          0,           0,         642,      -6.550081651,      -6.564812637,      -6.749562292,      -6.330713976,      -5.936102999,      -7.944819237
          0,           0,         643,      -6.550783032,      -6.564165332,      -6.745124474,      -6.306164146,       -5.93787137,      -7.944818412
          0,           0,         644,      -6.505858625,      -6.517974275,        -6.7078885,      -6.293231455,      -5.894716346,      -7.944820943
          0,           0,         645,      -6.520821851,       -6.53155193,      -6.711699366,       -6.30904831,      -5.909750376,      -7.944823088
          0,           0,         646,       -6.53981694,      -6.549753792,      -6.729374987,      -6.318749541,      -5.927059114,      -7.944824395
          0,           0,         647,      -6.538428662,      -6.552322998,      -6.733301571,      -6.304288975,      -5.923411608,      -7.944825615
          0,           0,         648,      -6.497043778,       -6.50744507,      -6.715459804,      -6.280644098,      -5.883087513,        -7.9448287
          0,           0,         649,      -6.489492451,      -6.502704517,      -6.707169215,      -6.286774338,      -5.876430284,      -7.944833264
          0,           0,         650,      -6.521459968,      -6.533724568,      -6.728863298,      -6.306749657,      -5.909086304,      -7.944834784
          0,           0,         651,       -6.53475756,      -6.544845512,      -6.725836427,      -6.301093062,      -5.922693492,       -7.94483511
          0,           0,         652,       -6.50827996,      -6.520811645,      -6.706362103,      -6.284757397,      -5.895678626,      -7.944837268
          0,           0,         653,      -6.493944292,      -6.503258307,      -6.710275632,      -6.291808183,       -5.88127921,      -7.944838657
          0,           0,         654,      -6.527828369,      -6.542159098,      -6.737777069,      -6.307782207,      -5.914237517,      -7.944839074
          0,           0,         655,      -6.534788055,       -6.54679123,      -6.738471155,       -6.29796251,      -5.921894428,      -7.944837726
          0,           0,         656,      -6.521653934,      -6.530339858,      -6.713059531,      -6.297727009,      -5.910148835,      -7.944837939
          0,           0,         657,      -6.505683057,       -6.51736197,      -6.708045842,       -6.29624143,       -5.89397902,      -7.944840511
          0,           0,         658,      -6.533610927,      -6.543197774,      -6.732332335,      -6.318279879,       -5.92076539,      -7.944840288
          0,           0,         659,      -6.548716967,      -6.564432611,      -6.741182412,       -6.30505662,      -5.933506231,        -7.9448398
          0,           0,         660,      -6.515656947,      -6.527149228,      -6.722397932,      -6.299176507,      -5.902470398,      -7.944839447
          0,           0,         661,      -6.520658856,      -6.529741369,      -6.718891138,      -6.308241568,       -5.90837918,        -7.9448402
          0,           0,         662,      -6.536947131,      -6.548191019,      -6.732522531,      -6.316849163,      -5.925328151,      -7.944840989
          0,           0,         663,      -6.546385074,      -6.558832669,      -6.730412134,      -6.310336283,      -5.934031246,      -7.944839098
          0,           0,         664,       -6.50899199,      -6.522655209,      -6.703146535,      -6.289301219,      -5.895445407,      -7.944837006
          0,           0,         665,      -6.497516447,      -6.509214106,      -6.704345668,      -6.293713613,      -5.883983781,      -7.944835644
          0,           0,         666,      -6.509491555,      -6.518240394,      -6.726161186,      -6.293006041,      -5.895459823,      -7.944835307
          0,           0,         667,      -6.527052697,      -6.538247359,      -6.736993484,      -6.296144369,      -5.914113104,      -7.944834126
          0,           0,         668,      -6.508797092,      -6.521507353,       -6.71340993,      -6.279963839,      -5.897969194,      -7.944831924
          0,           0,         669,      -6.489380096,      -6.501349006,      -6.692098462,      -6.291294152,      -5.878595479,      -7.944830841
          0,           0,         670,      -6.514357164,      -6.524816735,      -6.712233792,      -6.301020754,      -5.902266415,      -7.944828315
          0,           0,         671,      -6.525576667,      -6.536071911,      -6.735097181,      -6.291600731,      -5.911361282,       -7.94482496
          0,           0,         672,      -6.511019199,      -6.519369088,      -6.725203277,       -6.28722215,      -5.897075178,      -7.944824661
          0,           0,         673,      -6.504043551,      -6.516250917,      -6.719653207,      -6.293329272,      -5.891360256,       -7.94482399
          0,           0,         674,      -6.523589741,      -6.534455917,       -6.72977124,      -6.323976265,      -5.911953958,      -7.944821121
          0,           0,         675,      -6.563819718,      -6.578240716,      -6.742457268,      -6.316984644,      -5.950754593,      -7.944816319
          0,           0,         676,      -6.518968008,      -6.531687606,      -6.720265191,      -6.290295087,      -5.905485868,      -7.944812253
          0,           0,         677,      -6.522731336,      -6.531923191,      -6.715771759,      -6.305246575,      -5.909092681,      -7.944814485
          0,           0,         678,      -6.527385064,      -6.541156862,      -6.740990794,      -6.317484737,      -5.913408595,      -7.944814998
          0,           0,         679,      -6.561545726,        -6.5759005,      -6.750376509,      -6.328263052,      -5.948115357,      -7.944812036
          0,           0,         680,      -6.523787994,      -6.539436085,      -6.715463678,      -6.289982222,      -5.911882411,      -7.944809388
          0,           0,         681,      -6.503112566,      -6.516375116,      -6.697274175,      -6.296436915,       -5.89139501,      -7.944808648
          0,           0,         682,      -6.521860338,      -6.534706955,      -6.715614327,      -6.309118917,      -5.909177728,      -7.944811192
          0,           0,         683,      -6.538855814,      -6.552161399,      -6.736838688,      -6.306833891,      -5.924518192,      -7.944810507
          0,           0,         684,      -6.511649677,      -6.523417421,      -6.719144081,      -6.283545826,      -5.898277591,      -7.944808553
          0,           0,         685,      -6.487619822,      -6.500406039,      -6.703528615,      -6.286730481,      -5.875685085,      -7.944809061
          0,           0,         686,      -6.519047885,      -6.533330882,      -6.723414027,      -6.307653868,      -5.906844194,      -7.944809998
          0,           0,         687,      -6.537395607,      -6.550997173,      -6.725616444,      -6.297338332,      -5.924186131,      -7.944811228
          0,           0,         688,      -6.510910944,      -6.523071336,       -6.71090374,      -6.287261946,      -5.896781796,      -7.944811902
          0,           0,         689,      -6.495875192,      -6.508937713,      -6.709537502,      -6.284457161,       -5.88189019,      -7.944813849
          0,           0,         690,      -6.528378756,      -6.541970401,      -6.738898851,      -6.316166948,      -5.914677578,      -7.944815321
          0,           0,         691,      -6.558280894,      -6.572320685,      -6.743723888,      -6.306232093,       -5.94570337,      -7.944814069
          0,           0,         692,      -6.517393007,      -6.529773665,      -6.707786824,      -6.298265866,      -5.906577091,      -7.944814794
          0,           0,         693,      -6.534296234,      -6.543184337,      -6.710321128,      -6.311477061,      -5.922835492,      -7.944817286
          0,           0,         694,      -6.537373292,      -6.552509907,      -6.726981286,      -6.304117174,       -5.92394159,      -7.944818657
          0,           0,         695,      -6.526791144,      -6.538226517,      -6.724491034,      -6.292500919,      -5.911776056,      -7.944816096
          0,           0,         696,      -6.494682964,      -6.504472762,      -6.707944999,      -6.280611526,      -5.881366034,      -7.944813446
          0,           0,         697,      -6.500139419,      -6.512571875,      -6.713146637,       -6.29445569,      -5.887220694,      -7.944815792
          0,           0,         698,      -6.529589279,      -6.536244278,      -6.720528697,      -6.292760323,      -5.917375553,      -7.944818846
          0,           0,         699,      -6.516420734,      -6.530209883,      -6.709627681,      -6.282089222,      -5.904034398,      -7.944816754
          0,           0,         700,      -6.494497925,      -6.503327352,      -6.695658852,      -6.275817046,      -5.881482188,      -7.944814007
          0,           0,         701,       -6.50073734,      -6.510700729,      -6.709840562,      -6.294726542,      -5.887559433,      -7.944813871
          0,           0,         702,       -6.53740271,      -6.550946624,       -6.73743039,      -6.291563724,      -5.923620398,      -7.944815764
          0,           0,         703,      -6.513814727,      -6.521052777,      -6.714139728,      -6.277624664,      -5.902258938,      -7.944814106
          0,           0,         704,      -6.520792779,      -6.533601353,      -6.712827878,       -6.29872402,      -5.909289657,       -7.94481029
          0,           0,         705,      -6.530541992,      -6.540347319,      -6.718891826,      -6.303080829,      -5.918269303,       -7.94480951
          0,           0,         706,      -6.537955585,      -6.550928815,      -6.723554786,      -6.295760602,      -5.923318023,      -7.944809691
          0,           0,         707,      -6.497531704,      -6.509598758,      -6.707382365,      -6.269357854,      -5.883486488,      -7.944809464
          0,           0,         708,      -6.497301702,      -6.506044292,      -6.700348712,       -6.28608514,       -5.88451932,      -7.944806965
          0,           0,         709,      -6.518256918,      -6.530351892,      -6.719978955,      -6.297002014,      -5.905564745,      -7.944806843
          0,           0,         710,      -6.521167946,      -6.530514382,      -6.703461525,       -6.27418216,      -5.909028816,      -7.944808008
          0,           0,         711,      -6.490015206,      -6.500183404,      -6.688964742,      -6.270459253,      -5.877654719,      -7.944805375
          0,           0,         712,      -6.491882569,      -6.505766893,       -6.70103522,      -6.284908495,      -5.878931638,       -7.94480341
          0,           0,         713,      -6.527787577,      -6.538434599,      -6.712620737,      -6.284573235,      -5.914321488,      -7.944802375
          0,           0,         714,      -6.495149875,      -6.506769688,       -6.70515546,      -6.270267123,      -5.882963225,      -7.944803506
          0,           0,         715,        -6.5141787,      -6.525977193,      -6.704425957,       -6.28328172,      -5.902764956,      -7.944801396
          0,           0,         716,      -6.508723005,      -6.520586968,      -6.709426654,      -6.292020113,      -5.897150759,       -7.94479755
          0,           0,         717,      -6.523556441,       -6.53810165,      -6.706344625,      -6.280415828,      -5.909669435,      -7.944797795
          0,           0,         718,      -6.495930057,      -6.506754668,       -6.69708552,      -6.268430564,      -5.881877564,      -7.944800151
          0,           0,         719,      -6.500321406,      -6.508265363,      -6.703980959,      -6.272741464,      -5.887133413,      -7.944799852
          0,           0,         720,       -6.51123273,      -6.524482678,      -6.706737225,      -6.280422294,      -5.898308801,       -7.94479628
          0,           0,         721,      -6.523480267,      -6.532865994,      -6.707265603,      -6.275877104,      -5.911859721,      -7.944794555
          0,           0,         722,       -6.49801779,      -6.509854525,      -6.695354696,      -6.265112875,       -5.88623798,      -7.944796828
          0,           0,         723,      -6.499842773,      -6.511432557,      -6.703635852,      -6.278924602,      -5.887441782,      -7.944795737
          0,           0,         724,      -6.520976123,       -6.52678086,      -6.709063914,      -6.258860871,      -5.907585497,      -7.944792034
          0,           0,         725,      -6.479273532,      -6.493059543,       -6.69769356,      -6.261153202,      -5.865904383,      -7.944789749
          0,           0,         726,      -6.502855829,      -6.511590279,      -6.704787923,      -6.270182198,      -5.889883431,      -7.944791026
          0,           0,         727,      -6.499310825,      -6.510887014,      -6.706570056,      -6.278537975,      -5.886707466,      -7.944792523
          0,           0,         728,      -6.514996464,      -6.529031192,       -6.70837322,      -6.266482365,       -5.90100098,      -7.944790422
          0,           0,         729,      -6.491415732,      -6.497289909,       -6.69315891,      -6.257757121,      -5.878644838,       -7.94478927
          0,           0,         730,      -6.496145269,      -6.511044578,      -6.706871998,      -6.279250616,      -5.883194589,      -7.944792683
          0,           0,         731,      -6.518813222,      -6.527657268,      -6.715268988,      -6.275424588,       -5.90652054,      -7.944793758
          0,           0,         732,       -6.51138924,      -6.524133473,      -6.708185989,      -6.275814471,      -5.899491496,      -7.944791516
          0,           0,         733,      -6.488093645,      -6.500514637,      -6.694490878,      -6.267328026,      -5.876891858,       -7.94479047
          0,           0,         734,      -6.507314409,      -6.513950978,      -6.703073105,      -6.292197731,      -5.895607371,      -7.944793554
          0,           0,         735,      -6.533383949,      -6.548549276,      -6.728094637,      -6.289404549,      -5.918556076,       -7.94479693
          0,           0,         736,      -6.500428598,      -6.508210625,      -6.710917182,       -6.26744879,      -5.886889495,      -7.944796299
          0,           0,         737,      -6.489415471,      -6.501348846,      -6.702549931,      -6.270820502,      -5.875911016,      -7.944795346
          0,           0,         738,      -6.495494254,      -6.509128658,      -6.712539367,      -6.287573152,      -5.883286561,      -7.944797478
          0,           0,         739,      -6.541916579,      -6.551508002,      -6.720739379,      -6.305940323,      -5.929463493,      -7.944801312
          0,           0,         740,      -6.516230974,      -6.528990055,      -6.704075031,      -6.276634571,      -5.902537414,      -7.944803512
          0,           0,         741,      -6.495122304,       -6.50342587,      -6.698282924,       -6.27915265,      -5.882093279,      -7.944802025
          0,           0,         742,      -6.513845145,      -6.525520457,      -6.722968763,       -6.29351019,      -5.899845166,      -7.944802824
          0,           0,         743,      -6.535342157,      -6.550116723,      -6.730063766,      -6.298821424,      -5.922222558,      -7.944804806
          0,           0,         744,       -6.51509729,      -6.524773817,      -6.703663506,      -6.279714573,      -5.903775616,      -7.944805103
          0,           0,         745,      -6.491707758,      -6.500885696,      -6.691457489,      -6.282593377,      -5.881138294,      -7.944807491
          0,           0,         746,      -6.515785124,      -6.528153305,      -6.715226609,      -6.290087582,      -5.903704983,      -7.944809372
          0,           0,         747,      -6.525396969,      -6.535695598,      -6.730861444,      -6.289274018,      -5.911632718,      -7.944812816
          0,           0,         748,      -6.517898189,      -6.531200598,      -6.722381852,      -6.291190027,      -5.903859805,      -7.944812089
          0,           0,         749,      -6.499916712,      -6.511549389,      -6.714748268,      -6.286470431,      -5.886676806,      -7.944811054
          0,           0,         750,      -6.528112939,      -6.536540844,      -6.731077561,      -6.308290216,      -5.915864995,      -7.944813724
          0,           0,         751,      -6.549622654,      -6.566973745,      -6.738999574,      -6.297763189,      -5.935835559,      -7.944814098
          0,           0,         752,      -6.525275352,       -6.53439098,      -6.716059112,      -6.298393052,      -5.911978769,      -7.944812642
          0,           0,         753,      -6.525658859,      -6.538912043,      -6.717532943,      -6.306867578,      -5.911862939,      -7.944809027
          0,           0,         754,      -6.529696477,       -6.54467231,      -6.736938743,      -6.305213499,      -5.915485198,      -7.944810094
          0,           0,         755,      -6.553711751,      -6.561760687,      -6.747144779,      -6.306116705,      -5.941578148,       -7.94481354
          0,           0,         756,      -6.514937462,      -6.529982896,      -6.715137938,      -6.286031382,      -5.903495704,      -7.944813825
          0,           0,         757,      -6.518215077,       -6.52698678,      -6.704648821,      -6.308510131,      -5.907084947,      -7.944812419
          0,           0,         758,      -6.527557978,       -6.54132462,      -6.725783128,      -6.301850559,      -5.914210266,      -7.944811245
          0,           0,         759,      -6.522456996,      -6.536594556,      -6.728381576,      -6.283309652,      -5.907033194,      -7.944815065
          0,           0,         760,      -6.503669834,      -6.509609984,      -6.717881535,       -6.27364038,      -5.889871772,      -7.944815698
          0,           0,         761,      -6.490096247,      -6.502375658,       -6.71406611,      -6.288582384,      -5.877454623,       -7.94481356
          0,           0,         762,      -6.538079075,      -6.546312685,      -6.734267479,       -6.31316852,      -5.926296303,      -7.944812902
          0,           0,         763,      -6.527218637,      -6.541295262,       -6.72708924,      -6.284639151,      -5.914742171,      -7.944813804
          0,           0,         764,      -6.509445564,      -6.522894791,      -6.704743117,      -6.284940971,      -5.896432164,      -7.944815077
          0,           0,         765,      -6.508970351,      -6.516048684,      -6.716744424,      -6.295227584,      -5.895661596,      -7.944813294
          0,           0,         766,      -6.535552139,      -6.548867299,      -6.745064998,      -6.322294198,      -5.921057934,      -7.944813481
          0,           0,         767,      -6.553826091,      -6.563164125,      -6.747240663,      -6.299025326,      -5.940767754,      -7.944816739
          0,           0,         768,        -6.5073989,      -6.519576351,      -6.714534483,      -6.282406301,      -5.895594188,      -7.944817522
          0,           0,         769,      -6.517621228,      -6.531675286,       -6.70504113,      -6.305880856,      -5.905963163,      -7.944816928
          0,           0,         770,      -6.542167806,      -6.550060903,      -6.729357108,      -6.317904263,      -5.929703212,      -7.944815963
          0,           0,         771,      -6.549524268,      -6.560981796,      -6.741017551,      -6.312700864,      -5.934508304,      -7.944818222
          0,           0,         772,        -6.5047158,      -6.514487516,       -6.72084003,      -6.276849286,      -5.891507357,      -7.944818381
          0,           0,         773,      -6.492797554,      -6.502823458,      -6.709898231,      -6.285895194,      -5.880274196,      -7.944816096
          0,           0,         774,       -6.51669528,      -6.528756681,      -6.715601088,      -6.312371941,      -5.905045326,      -7.944815486
          0,           0,         775,      -6.540841387,       -6.55130794,      -6.729187107,      -6.305948613,      -5.928765413,      -7.944817195
          0,           0,         776,      -6.512541293,      -6.521816375,      -6.709718397,      -6.279907688,      -5.899049613,      -7.944819332
          0,           0,         777,      -6.481781419,      -6.492817372,      -6.701050092,      -6.275953221,      -5.868724345,      -7.944818524
          0,           0,         778,      -6.507077349,      -6.515604948,      -6.727675521,      -6.297434777,      -5.893503359,       -7.94481751
          0,           0,         779,      -6.528046894,       -6.54042759,       -6.73833739,      -6.299100873,      -5.914919179,      -7.944819785
          0,           0,         780,      -6.514204892,      -6.525495338,       -6.71927806,      -6.282381157,      -5.902757416,      -7.944821518
          0,           0,         781,      -6.497921948,      -6.507582469,      -6.698656076,      -6.282846367,      -5.886978786,      -7.944820291
          0,           0,         782,      -6.505734323,      -6.519164414,      -6.716870381,       -6.30455924,      -5.893696368,      -7.944818336
          0,           0,         783,      -6.559091759,      -6.569414363,      -6.750652702,      -6.320261641,      -5.944734915,      -7.944818012
          0,           0,         784,      -6.519050149,      -6.532834082,       -6.73249538,      -6.286879764,      -5.905248804,      -7.944820609
          0,           0,         785,      -6.506900426,      -6.519968986,      -6.718869555,      -6.289616401,      -5.893981575,       -7.94482085
          0,           0,         786,      -6.513362097,      -6.523794996,      -6.726447838,      -6.306285372,      -5.902109846,      -7.944819157
          0,           0,         787,      -6.554048067,      -6.569693233,      -6.743033159,      -6.330402103,      -5.941661848,      -7.944820303
          0,           0,         788,      -6.553953374,      -6.564281661,       -6.73144147,      -6.309862046,      -5.940017652,      -7.944822033
          0,           0,         789,      -6.506958274,      -6.520989808,      -6.710613973,      -6.291187256,      -5.892841301,      -7.944824248
          0,           0,         790,      -6.508832889,      -6.522938506,      -6.720527472,       -6.29976602,      -5.894335499,      -7.944823924
          0,           0,         791,      -6.536865009,      -6.546561091,      -6.743241496,      -6.318149372,      -5.923710053,      -7.944824012
          0,           0,         792,      -6.548994961,         -6.563235,      -6.739967176,      -6.311913699,      -5.937116742,      -7.944823839
          0,           0,         793,      -6.511460877,      -6.520676605,      -6.704306718,      -6.291080722,      -5.901125189,      -7.944824222
          0,           0,         794,      -6.498371541,      -6.510536796,      -6.696948617,       -6.28930108,      -5.886649276,      -7.944825965
          0,           0,         795,      -6.507160931,      -6.521620721,      -6.713739298,      -6.298295897,      -5.893737038,      -7.944827136
          0,           0,         796,      -6.527677715,      -6.535992991,      -6.737704716,      -6.300585421,      -5.913132227,      -7.944828918
          0,           0,         797,      -6.509752594,      -6.520678757,      -6.725453246,      -6.283373646,       -5.89607354,      -7.944828271
          0,           0,         798,      -6.482381238,      -6.490778637,      -6.700679451,       -6.28110837,      -5.871441401,      -7.944829204
          0,           0,         799,      -6.494284044,      -6.503750014,      -6.703089827,      -6.287784072,      -5.883115898,      -7.944831594
          0,           0,         800,      -6.515983072,        -6.5279137,      -6.713706571,      -6.299576556,      -5.903716233,      -7.944834074
          0,           0,         801,      -6.513645956,       -6.52357203,      -6.717736835,      -6.288658895,      -5.900239438,       -7.94483368
          0,           0,         802,      -6.492991064,      -6.501606067,      -6.704831546,      -6.275142045,      -5.878950283,      -7.944830488
          0,           0,         803,      -6.471258385,      -6.480911599,      -6.707522511,      -6.279342039,      -5.858886648,      -7.944830778
          0,           0,         804,      -6.512232103,      -6.520445306,      -6.733249538,       -6.29799412,      -5.899803496,      -7.944833824
          0,           0,         805,      -6.524299632,      -6.536595734,      -6.724489761,      -6.295779898,      -5.912297135,      -7.944836356
          0,           0,         806,      -6.509130551,      -6.519891338,      -6.707849036,      -6.292528346,      -5.897420656,       -7.94483597
          0,           0,         807,      -6.499990242,      -6.509071013,      -6.704446848,      -6.290072918,      -5.887302352,      -7.944835453
          0,           0,         808,      -6.508762473,      -6.520081173,      -6.731784911,      -6.308786472,      -5.895615276,      -7.944838222
          0,           0,         809,      -6.556854536,      -6.567065692,      -6.763282275,      -6.316792931,      -5.942916063,      -7.944839808
          0,           0,         810,        -6.5275168,      -6.541531825,       -6.73074012,      -6.301357517,      -5.915208632,      -7.944839633
          0,           0,         811,      -6.524916992,      -6.537511844,      -6.717002807,      -6.309399375,      -5.913648341,      -7.944837747
          0,           0,         812,      -6.525392555,      -6.536482404,      -6.723348154,      -6.315761783,       -5.91356871,      -7.944837062
          0,           0,         813,      -6.554525999,      -6.567399116,      -6.746756771,      -6.324030031,        -5.9402817,       -7.94483707
          0,           0,         814,      -6.535880472,      -6.546195182,      -6.737901353,      -6.296393783,      -5.920876601,      -7.944835369
          0,           0,         815,      -6.503732193,      -6.518159659,      -6.715384402,      -6.297186612,      -5.890213156,      -7.944834611
          0,           0,         816,      -6.510928686,       -6.52560568,      -6.726322369,      -6.303223853,      -5.898468019,      -7.944834436
          0,           0,         817,       -6.53981919,      -6.552060132,      -6.737711608,      -6.313629539,      -5.928392585,      -7.944834184
          0,           0,         818,        -6.5359274,      -6.547017076,       -6.72629949,       -6.29621677,       -5.92397726,      -7.944832851
          0,           0,         819,      -6.498258163,      -6.507606109,      -6.699082144,      -6.285940375,      -5.885726332,      -7.944831929
          0,           0,         820,      -6.498085185,      -6.512031531,      -6.708288837,      -6.294068768,      -5.884315564,      -7.944833809
          0,           0,         821,      -6.512663585,      -6.526872609,      -6.737794267,      -6.293481356,      -5.898349636,      -7.944833947
          0,           0,         822,       -6.52382014,      -6.535551419,      -6.740265838,      -6.292650348,      -5.910407071,      -7.944831807
          0,           0,         823,      -6.507255693,      -6.515760318,      -6.712832572,      -6.281387338,      -5.896177972,      -7.944829644
          0,           0,         824,      -6.496011096,      -6.506466109,      -6.701826477,      -6.299967445,      -5.885558335,      -7.944829831
          0,           0,         825,      -6.534308359,      -6.547095643,      -6.731580673,      -6.312258755,      -5.921739825,      -7.944832531
          0,           0,         826,      -6.528261893,      -6.541043354,      -6.737142491,       -6.29396362,      -5.914464437,      -7.944832016
          0,           0,         827,      -6.512276707,      -6.524577143,      -6.726303055,      -6.294190282,      -5.898507586,      -7.944830151
          0,           0,         828,      -6.513169924,      -6.521371126,       -6.72496351,      -6.304288981,      -5.900545217,      -7.944830384
          0,           0,         829,       -6.54032041,      -6.554361755,      -6.740295997,       -6.33204248,      -5.927883244,      -7.944833135
          0,           0,         830,      -6.562553388,      -6.574812868,      -6.744247108,      -6.312344493,      -5.948487634,      -7.944834332
          0,           0,         831,       -6.51335217,      -6.525886093,      -6.714580161,      -6.294242703,       -5.89954574,      -7.944832061
          0,           0,         832,      -6.515779735,      -6.530741372,      -6.719671051,      -6.304086474,      -5.901722469,      -7.944831781
          0,           0,         833,      -6.537620046,      -6.547802904,      -6.740857951,      -6.318448526,      -5.924273236,      -7.944833383
          0,           0,         834,      -6.550688171,      -6.565695377,       -6.74372508,       -6.31579286,      -5.938487872,      -7.944834716
          0,           0,         835,       -6.51235288,      -6.522902273,      -6.709773398,      -6.287701782,      -5.901498253,      -7.944833794
          0,           0,         836,      -6.500446608,      -6.513285673,      -6.695830159,      -6.295891598,      -5.888927953,       -7.94483322
          0,           0,         837,      -6.515110866,      -6.529018219,      -6.717568287,      -6.298262536,      -5.901902589,      -7.944836245
          0,           0,         838,      -6.524913514,      -6.534911418,      -6.729278466,      -6.290443837,      -5.910195465,      -7.944837901
          0,           0,         839,       -6.49127204,      -6.501630454,      -6.713898103,      -6.267376856,      -5.877560348,      -7.944837728
          0,           0,         840,      -6.480742349,      -6.488914403,      -6.705261528,      -6.281205548,      -5.869000963,      -7.944838408
          0,           0,         841,      -6.512781224,      -6.527640267,       -6.72209549,      -6.297400913,      -5.900593069,      -7.944839817
          0,           0,         842,       -6.52817605,      -6.543986312,      -6.728930466,         -6.289763,      -5.915343775,      -7.944840048
          0,           0,         843,      -6.508696427,      -6.518875763,       -6.70915254,      -6.280870484,       -5.89563911,       -7.94483918
          0,           0,         844,      -6.497565593,      -6.506969536,      -6.711782995,      -6.282307004,      -5.884259494,      -7.944838603
          0,           0,         845,      -6.532442112,      -6.543279207,      -6.744760951,      -6.313190573,      -5.919165635,      -7.944839032
          0,           0,         846,      -6.549456645,      -6.566958684,      -6.741748811,      -6.293694781,      -5.935948375,      -7.944838719
          0,           0,         847,      -6.505605054,      -6.521446141,      -6.711005574,      -6.289913555,      -5.893961458,      -7.944837969
          0,           0,         848,      -6.526767187,      -6.538329464,      -6.718530774,      -6.301876701,      -5.914680245,      -7.944837357
          0,           0,         849,      -6.538529515,      -6.548129158,      -6.732661667,      -6.295233513,      -5.925098486,      -7.944838798
          0,           0,         850,      -6.515540623,      -6.526254184,      -6.722799426,      -6.279720025,      -5.901103482,      -7.944839116
          0,           0,         851,      -6.488999156,      -6.500393194,      -6.705712661,      -6.275182026,      -5.875413682,      -7.944836488
          0,           0,         852,      -6.502926448,      -6.515275186,      -6.716148373,      -6.290595061,      -5.889883283,      -7.944834405
          0,           0,         853,      -6.520679832,      -6.532259846,      -6.723068329,      -6.276320803,      -5.907176706,      -7.944834976
          0,           0,         854,      -6.507188083,      -6.513371814,      -6.704410469,      -6.269967172,      -5.894522938,      -7.944833941
          0,           0,         855,      -6.494121052,      -6.505234841,      -6.705173625,      -6.274721919,      -5.881188134,      -7.944830309
          0,           0,         856,      -6.520778103,       -6.53128713,      -6.720993332,      -6.292264159,       -5.90742577,      -7.944825666
          0,           0,         857,      -6.524904475,      -6.537105179,      -6.720145224,      -6.274447891,      -5.912271896,      -7.944824232
          0,           0,         858,      -6.494153839,      -6.507305102,      -6.703483654,      -6.269515076,      -5.882341526,      -7.944825148
          0,           0,         859,      -6.523200692,      -6.531145728,      -6.707875276,      -6.288550133,      -5.911066254,      -7.944822592
          0,           0,         860,      -6.528680665,      -6.541609201,      -6.715996007,      -6.286260248,      -5.915177041,      -7.944819245
          0,           0,         861,      -6.503125632,      -6.512782643,      -6.698515251,      -6.259513523,      -5.888413384,      -7.944816525
          0,           0,         862,      -6.476204401,      -6.486874082,      -6.694406082,      -6.258821696,      -5.862545973,       -7.94481461
          0,           0,         863,      -6.493824121,      -6.506424196,      -6.697193106,      -6.256293144,      -5.880731504,      -7.944813067
          0,           0,         864,      -6.495983143,      -6.503996663,      -6.689853011,      -6.264371065,      -5.884364493,      -7.944809968
          0,           0,         865,      -6.496999828,      -6.507557186,      -6.688660094,       -6.25508665,      -5.885625314,      -7.944808135
          0,           0,         866,      -6.483271908,      -6.492135389,      -6.691477005,      -6.261220084,      -5.871575867,      -7.944805965
          0,           0,         867,      -6.504137029,      -6.517592349,      -6.705596843,      -6.266881987,      -5.890513529,       -7.94480339
          0,           0,         868,      -6.493606196,      -6.506567552,      -6.700066739,      -6.249931763,      -5.880029505,      -7.944803271
          0,           0,         869,      -6.486464196,      -6.494835192,      -6.699348847,      -6.270059238,      -5.873918665,      -7.944804101
          0,           0,         870,      -6.514858553,      -6.523791905,      -6.709038716,      -6.274956415,      -5.901879169,       -7.94480451
          0,           0,         871,      -6.521899148,      -6.532686926,      -6.708240634,       -6.28017293,      -5.909044179,      -7.944801723
          0,           0,         872,      -6.498790131,      -6.512076517,      -6.696775005,      -6.258662666,      -5.884951158,      -7.944799453
          0,           0,         873,      -6.482018535,      -6.494260426,      -6.691297146,      -6.270247098,      -5.869097414,      -7.944800045
          0,           0,         874,      -6.511042357,      -6.520564191,      -6.705098176,      -6.267297271,      -5.898250212,      -7.944800882
          0,           0,         875,      -6.495787359,      -6.502596834,      -6.698130924,      -6.259447366,      -5.883901386,      -7.944799563
          0,           0,         876,      -6.491327029,      -6.502985754,      -6.696508803,      -6.261616776,      -5.879961257,      -7.944796254
          0,           0,         877,       -6.48465215,      -6.495622909,       -6.69976534,      -6.267884754,      -5.872810446,       -7.94479636
          0,           0,         878,        -6.5156417,      -6.528758322,      -6.717377893,      -6.290432163,      -5.901959687,      -7.944798735
          0,           0,         879,      -6.507867615,      -6.519643448,      -6.714790201,      -6.261390533,      -5.893436729,      -7.944799248
          0,           0,         880,       -6.49547055,      -6.502718678,      -6.706568105,      -6.274944727,      -5.882269628,      -7.944799008
          0,           0,         881,      -6.507993637,       -6.52169832,      -6.718753096,      -6.287046979,      -5.894906359,      -7.944799032
          0,           0,         882,        -6.5313004,      -6.542046031,      -6.719023358,      -6.293253416,      -5.918432974,      -7.944800739
          0,           0,         883,      -6.513409007,       -6.52668192,      -6.705186596,      -6.276927684,      -5.900184374,      -7.944800867
          0,           0,         884,      -6.480073665,      -6.491998446,      -6.692951607,      -6.264090695,       -5.86673762,      -7.944800709
          0,           0,         885,      -6.503002888,      -6.510795075,      -6.710328578,      -6.282891481,      -5.889767138,      -7.944802117
          0,           0,         886,      -6.522581394,      -6.535843078,      -6.733569188,      -6.293228856,      -5.909333311,      -7.944803636
          0,           0,         887,       -6.52286047,      -6.533189127,      -6.718500091,      -6.286392695,      -5.911259645,      -7.944804105
          0,           0,         888,       -6.48781833,      -6.500156718,      -6.691151951,      -6.272496245,       -5.87726167,      -7.944803944
          0,           0,         889,      -6.484832629,      -6.496456142,      -6.693571086,      -6.284086987,      -5.873862135,      -7.944806252
          0,           0,         890,      -6.530260702,      -6.539473676,      -6.724345643,      -6.304302802,      -5.917362269,      -7.944809206
          0,           0,         891,       -6.52778887,       -6.53942978,      -6.733171804,      -6.289416024,      -5.913447371,      -7.944808343
          0,           0,         892,      -6.495208881,      -6.505894505,      -6.704804304,      -6.272201843,      -5.881476169,      -7.944807554
          0,           0,         893,      -6.474695093,      -6.486719738,      -6.700577821,      -6.273627569,      -5.862213486,      -7.944808137
          0,           0,         894,      -6.511125211,      -6.524967999,      -6.721519155,      -6.303266553,      -5.899079792,      -7.944810379
          0,           0,         895,      -6.549577653,       -6.55938098,      -6.729540471,      -6.299220845,       -5.93631685,      -7.944810256
          0,           0,         896,      -6.515309711,      -6.524685341,      -6.711867202,      -6.288169817,      -5.902082242,       -7.94480788
          0,           0,         897,      -6.511027981,      -6.522909691,      -6.713808088,      -6.293146473,      -5.897446541,      -7.944809128
          0,           0,         898,      -6.525451453,        -6.5390527,      -6.738443171,      -6.302154105,      -5.911928557,      -7.944812157
          0,           0,         899,      -6.539399143,      -6.556501552,      -6.734593368,      -6.300958787,      -5.926731963,      -7.944814189
          0,           0,         900,      -6.508660337,      -6.517944127,      -6.703643591,       -6.28576241,      -5.897245427,      -7.944813114
          0,           0,         901,      -6.505430767,      -6.514393356,      -6.704374768,      -6.289521831,      -5.893104566,      -7.944813485
          0,           0,         902,      -6.511564773,      -6.525564904,      -6.724155903,      -6.285518423,      -5.897866693,       -7.94481623
          0,           0,         903,      -6.516752983,      -6.528953033,       -6.73064411,      -6.278696871,      -5.902081629,      -7.944816712
          0,           0,         904,      -6.492056556,      -6.504429293,      -6.710661049,      -6.274801791,       -5.87875724,      -7.944815217
          0,           0,         905,      -6.496837788,      -6.507237606,      -6.713578404,       -6.29636766,      -5.884871115,      -7.944815049
          0,           0,         906,      -6.538195594,      -6.544935876,      -6.739185953,      -6.298096824,      -5.925544005,      -7.944817538
          0,           0,         907,      -6.516298126,      -6.530958143,      -6.725252146,      -6.276711547,      -5.903113369,      -7.944818522
          0,           0,         908,      -6.513126741,      -6.523265471,      -6.711696058,      -6.289446556,      -5.899490477,      -7.944816761
          0,           0,         909,      -6.506247837,      -6.518344246,      -6.718828469,      -6.297699484,      -5.892250543,      -7.944816535
          0,           0,         910,      -6.541069797,      -6.554281998,      -6.747268613,      -6.315832436,      -5.927307869,      -7.944818368
          0,           0,         911,      -6.541257405,      -6.549613091,      -6.740434283,      -6.284157065,      -5.928916027,      -7.944819586
          0,           0,         912,      -6.501750971,       -6.51587065,      -6.708468068,      -6.283018935,      -5.890376028,      -7.944817527
          0,           0,         913,      -6.523768846,      -6.533599606,      -6.710929424,      -6.310653394,       -5.91217229,      -7.944815452
          0,           0,         914,      -6.532324543,      -6.546026264,       -6.72591725,      -6.312411408,      -5.918709336,      -7.944816233
          0,           0,         915,      -6.534731206,      -6.548675229,      -6.736883569,      -6.296952675,       -5.91946116,      -7.944816337
          0,           0,         916,      -6.497581074,      -6.506977947,      -6.716046993,      -6.272610281,      -5.883990622,      -7.944813262
          0,           0,         917,      -6.491467966,      -6.502804607,      -6.706205513,      -6.285485971,      -5.879099274,        -7.9448138
          0,           0,         918,      -6.516918165,      -6.526409554,       -6.71688294,      -6.309490167,      -5.905693347,       -7.94481625
          0,           0,         919,      -6.529450986,      -6.544490661,      -6.720312081,      -6.301046809,      -5.917311147,      -7.944816968
          0,           0,         920,      -6.503877274,      -6.516721034,      -6.706969906,      -6.273271497,      -5.890751667,      -7.944813985
          0,           0,         921,      -6.477860967,      -6.486256537,      -6.696131808,      -6.272707451,       -5.86482275,      -7.944809749
          0,           0,         922,      -6.498043248,      -6.508972423,      -6.718992361,      -6.292671772,      -5.884547473,      -7.944812291
          0,           0,         923,      -6.524249497,      -6.535378071,      -6.737324943,      -6.297034685,      -5.911154704,       -7.94481384
          0,           0,         924,      -6.504803227,      -6.519055965,      -6.711923628,      -6.275667838,      -5.892733179,      -7.944810861
          0,           0,         925,      -6.487240892,      -6.499292622,      -6.693192024,       -6.27337013,      -5.875853581,      -7.944807894
          0,           0,         926,      -6.497760843,      -6.506246957,      -6.709448208,      -6.297673917,      -5.885811327,      -7.944807701
          0,           0,         927,      -6.554047787,      -6.563366239,      -6.748335053,      -6.316356217,      -5.940089601,      -7.944812265
          0,           0,         928,      -6.518942963,      -6.531767499,      -6.734112845,      -6.284300416,      -5.905548562,      -7.944811723
          0,           0,         929,      -6.504165215,      -6.516621262,      -6.714180579,       -6.28869794,      -5.891677618,       -7.94480876
          0,           0,         930,      -6.507048677,       -6.51818516,      -6.719670264,      -6.303167195,      -5.895729464,      -7.944809383
          0,           0,         931,      -6.546514307,      -6.560583892,      -6.738013441,        -6.3288547,      -5.933618881,      -7.944810142
          0,           0,         932,      -6.556502431,      -6.563949223,      -6.735636709,      -6.308227278,      -5.941990709,      -7.944810911
          0,           0,         933,      -6.501601444,      -6.515795224,      -6.714092523,      -6.286025937,      -5.887455754,      -7.944808126
          0,           0,         934,      -6.507198246,      -6.517504185,      -6.722257755,      -6.298524228,      -5.893171903,      -7.944808492
          0,           0,         935,      -6.530753202,      -6.544963993,      -6.739924974,      -6.316375133,      -5.917856408,      -7.944809918
          0,           0,         936,      -6.546049577,      -6.562248475,      -6.738814416,      -6.312901727,      -5.934053007,       -7.94480927
          0,           0,         937,      -6.513551642,       -6.52176648,      -6.707090317,      -6.289198925,      -5.902444591,      -7.944809406
          0,           0,         938,      -6.492274916,      -6.507500486,       -6.69892131,      -6.286836799,        -5.8796414,      -7.944809822
          0,           0,         939,      -6.513048681,      -6.523142926,      -6.722051418,      -6.301307007,      -5.899490885,      -7.944812158
          0,           0,         940,      -6.527109288,      -6.540692537,       -6.73804741,      -6.299993973,      -5.912198108,      -7.944811382
          0,           0,         941,      -6.507769358,       -6.51863752,      -6.722708286,      -6.280380047,      -5.894697744,      -7.944809656
          0,           0,         942,      -6.482487555,      -6.490903975,      -6.700591056,      -6.278706438,      -5.871656136,      -7.944810295
          0,           0,         943,      -6.503112128,      -6.515626753,      -6.715631689,      -6.291737789,      -5.891644763,       -7.94481175
          0,           0,         944,      -6.530081623,      -6.541811376,      -6.730761626,      -6.298855415,      -5.917585694,      -7.944811564
          0,           0,         945,      -6.504302005,      -6.518148128,       -6.71255064,      -6.282651825,      -5.890318028,      -7.944809758
          0,           0,         946,      -6.490977557,      -6.503039185,      -6.708836495,      -6.282517216,      -5.877079805,      -7.944809114
          0,           0,         947,       -6.50419102,      -6.515481159,      -6.729309905,      -6.306611799,      -5.890990556,      -7.944811947
          0,           0,         948,      -6.553460631,      -6.569841527,      -6.752308045,      -6.317040591,      -5.939691926,      -7.944812781
          0,           0,         949,      -6.529762692,       -6.54100294,      -6.722484888,       -6.30079191,      -5.917865246,      -7.944811591
          0,           0,         950,      -6.519957832,      -6.534758649,      -6.706666053,      -6.305396928,      -5.907595788,      -7.944810787
          0,           0,         951,      -6.517720294,      -6.532806649,      -6.725625533,      -6.311619001,      -5.904983645,      -7.944812123
          0,           0,         952,      -6.555519766,      -6.567375018,      -6.750325892,      -6.323341569,      -5.941590226,      -7.944812614
          0,           0,         953,      -6.535820234,      -6.547050355,      -6.733333909,      -6.298915885,      -5.922865102,      -7.944810848
          0,           0,         954,      -6.506845772,      -6.519385582,      -6.707621137,      -6.299143514,      -5.895255885,      -7.944810915
          0,           0,         955,      -6.515767917,      -6.531259494,      -6.714530654,      -6.306330762,      -5.903427671,      -7.944811806
          0,           0,         956,      -6.534070358,      -6.548746836,      -6.729672912,      -6.310481316,      -5.920764778,      -7.944812666
          0,           0,         957,      -6.522501455,      -6.535257378,      -6.723323358,      -6.288410247,      -5.907414337,      -7.944812613
          0,           0,         958,      -6.493830347,      -6.500244454,      -6.707076844,      -6.285830583,      -5.880362225,      -7.944812222
          0,           0,         959,      -6.503828079,      -6.516703103,      -6.721707216,       -6.29817419,      -5.891098817,       -7.94481371
          0,           0,         960,      -6.530846975,      -6.542311854,      -6.738220467,       -6.30234456,      -5.918425756,      -7.944816997
          0,           0,         961,      -6.522367959,      -6.533781629,      -6.718517915,      -6.295639288,      -5.911051388,       -7.94481735
          0,           0,         962,      -6.509290718,      -6.521113961,      -6.704511013,      -6.291621153,      -5.896990548,      -7.944815861
          0,           0,         963,      -6.512199825,      -6.518928569,      -6.718205295,      -6.312758824,      -5.899370792,      -7.944815624
          0,           0,         964,      -6.550600062,      -6.565571675,      -6.753822649,      -6.312932662,       -5.93586706,      -7.944816306
          0,           0,         965,      -6.522797472,       -6.53287837,      -6.736041928,      -6.289550787,      -5.909454155,      -7.944818193
          0,           0,         966,      -6.519087514,      -6.530157081,      -6.715869277,      -6.302061392,      -5.907371156,      -7.944818483
          0,           0,         967,      -6.517177397,      -6.529461804,      -6.722263491,      -6.312613325,      -5.905944228,      -7.944819432
          0,           0,         968,      -6.560542605,      -6.569959531,      -6.741264014,      -6.331963163,      -5.947748394,      -7.944821933
          0,           0,         969,       -6.53829362,      -6.550944361,      -6.732718523,      -6.294601597,      -5.923570846,      -7.944822352
          0,           0,         970,      -6.504358708,        -6.5150639,      -6.712143652,      -6.295591517,      -5.890893364,      -7.944823388
          0,           0,         971,      -6.517344904,      -6.529055005,        -6.7253659,      -6.308267231,      -5.903964976,      -7.944824152
          0,           0,         972,      -6.540335629,      -6.554821638,      -6.739738208,       -6.31454063,      -5.927375272,      -7.944824704
          0,           0,         973,      -6.531826611,      -6.541992222,      -6.719205076,      -6.294396728,      -5.919781394,      -7.944824436
          0,           0,         974,      -6.496401654,      -6.507379112,      -6.697850326,      -6.284798363,      -5.884328079,      -7.944822327
          0,           0,         975,      -6.513325828,      -6.525038663,      -6.715743235,      -6.303847729,      -5.900743661,      -7.944823513
          0,           0,         976,      -6.534784374,      -6.549051317,      -6.738136977,      -6.299793084,      -5.921084933,      -7.944824294
          0,           0,         977,      -6.512650881,      -6.526518553,      -6.721349651,      -6.287159141,      -5.900032642,      -7.944823447
          0,           0,         978,      -6.496493861,      -6.507315789,      -6.705123769,      -6.280990889,      -5.884898895,      -7.944822867
          0,           0,         979,      -6.515079257,      -6.525594698,      -6.719434188,      -6.311226563,      -5.903207212,      -7.944823858
          0,           0,         980,      -6.559850943,      -6.576742206,      -6.742367154,      -6.311693325,      -5.945479382,       -7.94482633
          0,           0,         981,      -6.514305391,      -6.528577444,       -6.72360843,      -6.290157721,      -5.899801561,      -7.944824897
          0,           0,         982,      -6.517517102,      -6.531235817,      -6.719963182,      -6.300648498,      -5.903640649,       -7.94482368
          0,           0,         983,      -6.523530071,      -6.537629762,      -6.736465201,      -6.305085946,      -5.910506568,      -7.944824134
          0,           0,         984,      -6.551343598,      -6.561250006,      -6.733839153,      -6.315364648,      -5.939104783,       -7.94482524
          0,           0,         985,      -6.517634048,      -6.531931227,      -6.707006086,        -6.2890433,      -5.905669919,      -7.944825341
          0,           0,         986,      -6.505871198,      -6.516738163,      -6.699674892,      -6.299807992,      -5.893031849,      -7.944823432
          0,           0,         987,      -6.517049233,      -6.530044841,      -6.716723116,      -6.298567122,      -5.903221735,      -7.944823597
          0,           0,         988,      -6.522711833,      -6.535782818,      -6.727751159,      -6.283800543,      -5.908523202,      -7.944825148
          0,           0,         989,      -6.492141936,      -6.499810106,      -6.702369597,      -6.268917491,       -5.88052414,      -7.944826564
          0,           0,         990,      -6.479540931,      -6.491092794,      -6.690908871,      -6.277444569,      -5.868825615,      -7.944825848
          0,           0,         991,       -6.51101679,      -6.521686473,      -6.711443119,      -6.290160779,      -5.899008824,      -7.944824754
          0,           0,         992,      -6.510926921,      -6.523364459,      -6.713673538,      -6.269285255,      -5.897442674,      -7.944825328
          0,           0,         993,      -6.498251646,      -6.509569536,      -6.709845496,      -6.271986277,      -5.883906597,      -7.944825371
          0,           0,         994,      -6.497715313,      -6.506450616,      -6.714735595,      -6.282768704,      -5.884125325,      -7.944824949
          0,           0,         995,      -6.531196159,      -6.543398527,      -6.732721926,      -6.295134957,      -5.917768677,      -7.944823839
          0,           0,         996,      -6.519925784,      -6.531887029,      -6.717402159,      -6.273662456,       -5.90724791,      -7.944823166
          0,           0,         997,      -6.501130354,      -6.513732944,      -6.698019596,      -6.278551525,      -5.889244103,      -7.944824068
          0,           0,         998,      -6.515376928,      -6.529211764,      -6.713542869,      -6.293590256,      -5.902970289,      -7.944823586
          0,           0,         999,       -6.52583815,      -6.537056841,      -6.716069058,      -6.280147613,       -5.91247333,      -7.944822094
          0,           0,        1000,      -6.502520825,      -6.512919741,      -6.704956074,      -6.266118055,      -5.889538569,      -7.944821332
          0,           0,        1001,      -6.481820789,      -6.493169314,      -6.695714429,      -6.268838717,      -5.870189341,      -7.944820272
          0,           0,        1002,       -6.50808073,      -6.519852467,      -6.697615475,      -6.268420351,      -5.895426716,      -7.944818637
          0,           0,        1003,      -6.490535668,      -6.502451363,      -6.692119108,      -6.262727753,      -5.877402169,      -7.944817879
          0,           0,        1004,      -6.486396345,       -6.49547389,      -6.685219237,      -6.249103948,      -5.872792481,      -7.944817404
          0,           0,        1005,      -6.477925529,      -6.485025964,      -6.697128077,      -6.259310621,      -5.864771183,      -7.944816085
          0,           0,        1006,      -6.508513796,      -6.522296731,      -6.707470288,       -6.26898932,       -5.89613417,      -7.944815482
          0,           0,        1007,      -6.505426231,      -6.515617056,      -6.695093158,      -6.257165098,      -5.893625514,      -7.944814747
          0,           0,        1008,      -6.486439757,      -6.497386083,      -6.689200862,       -6.26754783,      -5.875035549,      -7.944815711
          0,           0,        1009,      -6.505537652,      -6.517385323,      -6.695971704,      -6.266095595,      -5.892587648,      -7.944817252
          0,           0,        1010,      -6.513182422,      -6.520540409,      -6.705531647,      -6.270503079,      -5.899281435,      -7.944815788
          0,           0,        1011,      -6.484730968,      -6.498985747,      -6.693442677,      -6.248702424,      -5.870988767,      -7.944812797
          0,           0,        1012,      -6.477481403,      -6.486313703,       -6.68801586,      -6.264676394,      -5.864876564,      -7.944812048
          0,           0,        1013,      -6.497721741,        -6.5102636,      -6.688019002,      -6.251200496,      -5.885196352,      -7.944814322
          0,           0,        1014,       -6.47383129,      -6.485927982,      -6.674039732,      -6.245578763,      -5.861912496,      -7.944814984
          0,           0,        1015,      -6.483213063,      -6.491065962,      -6.682320848,      -6.254474451,      -5.871173423,      -7.944812914
          0,           0,        1016,      -6.475250061,      -6.489261752,      -6.695690377,       -6.25933184,      -5.862677446,       -7.94481129
          0,           0,        1017,       -6.51540267,      -6.527014572,      -6.716561812,       -6.28158205,      -5.902252696,      -7.944811577
          0,           0,        1018,      -6.500401334,      -6.514450724,       -6.70340882,      -6.262403989,      -5.888152198,      -7.944814456
          0,           0,        1019,      -6.499203844,      -6.511434353,      -6.700487577,      -6.280928924,      -5.887519048,      -7.944814997
          0,           0,        1020,      -6.527906721,      -6.536826474,      -6.713169588,      -6.297256498,      -5.915677752,      -7.944814527
          0,           0,        1021,      -6.529525256,      -6.543798447,      -6.716836992,      -6.288063133,      -5.915577811,      -7.944813713
          0,           0,        1022,      -6.497702876,      -6.508105082,      -6.705166989,      -6.267780257,       -5.88346356,      -7.944812319
          0,           0,        1023,      -6.478293003,      -6.489997676,      -6.699108805,      -6.271543456,       -5.86517003,       -7.94481452
          0,           0,        1024,      -6.507928543,      -6.520723435,      -6.715629077,      -6.286622478,      -5.894777135,      -7.944815644
          0,           0,        1025,       -6.52072698,      -6.531917443,      -6.712548975,      -6.286869088,      -5.908346154,      -7.944816002
          0,           0,        1026,      -6.509758545,      -6.521470951,      -6.703868391,      -6.280763633,      -5.897018981,      -7.944813838
          0,           0,        1027,       -6.48909926,      -6.499254546,       -6.70178575,      -6.273898976,      -5.876002777,      -7.944814262
          0,           0,        1028,      -6.511627825,      -6.524255257,       -6.72223569,       -6.29803016,      -5.897701427,      -7.944818261
          0,           0,        1029,      -6.541726054,      -6.556651325,      -6.738164898,      -6.298347621,       -5.92812547,      -7.944820967
          0,           0,        1030,      -6.521876129,      -6.532630859,      -6.716250724,       -6.29161553,      -5.910385403,      -7.944820308
          0,           0,        1031,      -6.522489446,      -6.531259682,      -6.713743652,      -6.295796365,      -5.911169706,      -7.944817194
          0,           0,        1032,       -6.52790235,      -6.541449399,      -6.723641349,      -6.299339904,      -5.915837677,      -7.944818545
          0,           0,        1033,      -6.539341918,        -6.5514431,      -6.729069053,       -6.29859323,      -5.924636483,      -7.944821128
          0,           0,        1034,      -6.501742575,      -6.512602748,      -6.707953754,       -6.27932581,       -5.88739592,      -7.944822508
          0,           0,        1035,      -6.492510342,      -6.502496695,      -6.705838177,      -6.281072174,      -5.879057272,       -7.94482241
          0,           0,        1036,      -6.511097765,      -6.517596808,      -6.724285166,      -6.289769067,      -5.898432165,      -7.944821633
          0,           0,        1037,      -6.526589552,      -6.542776028,      -6.724739538,      -6.288684532,      -5.914396674,      -7.944825143
          0,           0,        1038,      -6.506747497,      -6.516275647,      -6.702548732,      -6.279859633,       -5.89469892,      -7.944826918
          0,           0,        1039,      -6.490171085,      -6.501298714,      -6.694687668,      -6.290210163,      -5.877590487,      -7.944827738
          0,           0,        1040,      -6.512473416,      -6.525348996,      -6.727245846,      -6.291378818,      -5.898418055,      -7.944827659
          0,           0,        1041,       -6.52187814,      -6.529950334,      -6.737488405,      -6.283548779,      -5.908246169,      -7.944827768
          0,           0,        1042,      -6.510350009,      -6.527721375,       -6.71682019,      -6.286484134,      -5.897930625,      -7.944828507
          0,           0,        1043,       -6.50393848,      -6.514210931,      -6.706829821,      -6.295629949,      -5.892723816,      -7.944826168
          0,           0,        1044,      -6.525844894,      -6.540319376,      -6.721178493,      -6.317430687,      -5.913575259,       -7.94482615
          0,           0,        1045,      -6.542208301,      -6.557757161,      -6.737955396,      -6.292532175,      -5.927430596,      -7.944826434
          0,           0,        1046,      -6.508244135,      -6.516570487,      -6.721556609,       -6.28369879,      -5.894483989,      -7.944825398
          0,           0,        1047,      -6.518042561,      -6.533000685,      -6.723215173,      -6.307600054,      -5.904454728,      -7.944823508
          0,           0,        1048,      -6.534061596,      -6.543305421,      -6.736527417,       -6.31877893,       -5.92224032,       -7.94482123
          0,           0,        1049,       -6.54916853,      -6.565165627,      -6.732218724,      -6.315575528,       -5.93678827,      -7.944824135
          0,           0,        1050,       -6.51224584,      -6.525389885,      -6.706832322,      -6.281731836,      -5.899394748,      -7.944824014
          0,           0,        1051,      -6.503573332,       -6.51167227,      -6.701290668,      -6.292705534,       -5.89038221,      -7.944819741
          0,           0,        1052,       -6.51433264,        -6.5280002,      -6.723418977,      -6.307800112,      -5.900098717,      -7.944816422
          0,           0,        1053,      -6.532439739,       -6.54305374,      -6.742417555,      -6.306337044,      -5.919211484,      -7.944816728
          0,           0,        1054,      -6.520091425,      -6.533772705,      -6.726544945,      -6.287696557,      -5.908694086,      -7.944818848
          0,           0,        1055,      -6.489835737,      -6.501581494,      -6.695110614,      -6.283743758,      -5.879947047,      -7.944816186
          0,           0,        1056,      -6.504796748,      -6.513471328,      -6.697703278,      -6.299729116,      -5.893918591,       -7.94481317
          0,           0,        1057,      -6.515738723,      -6.527812802,      -6.718665483,      -6.299017207,      -5.902222371,      -7.944814681
          0,           0,        1058,      -6.511128062,      -6.522574268,      -6.728699574,      -6.280797725,      -5.896225032,      -7.944816842
          0,           0,        1059,      -6.486241554,      -6.496514658,      -6.710846899,      -6.264753238,      -5.872015001,       -7.94481686
          0,           0,        1060,      -6.467764412,      -6.477140497,      -6.693528154,      -6.275356493,      -5.856345024,      -7.944814935
          0,           0,        1061,      -6.504665815,      -6.515295779,      -6.710581343,      -6.299794763,      -5.893710304,      -7.944815937
          0,           0,        1062,      -6.514829235,      -6.525103211,      -6.715932703,      -6.283471338,      -5.903386282,      -7.944818664
          0,           0,        1063,      -6.493501352,      -6.505269388,       -6.70107568,      -6.269013804,      -5.881113988,      -7.944817226
          0,           0,        1064,      -6.477650592,       -6.48635084,      -6.694028047,      -6.268702141,      -5.864093559,      -7.944815924
          0,           0,        1065,      -6.483532685,      -6.493731878,      -6.710683741,      -6.294255678,       -5.87024411,      -7.944817411
          0,           0,        1066,       -6.53221323,       -6.54740299,      -6.743868782,       -6.30141981,      -5.918016776,      -7.944819371
          0,           0,        1067,      -6.506088974,      -6.514671878,      -6.714108868,      -6.270492484,      -5.894211494,      -7.944820671
          0,           0,        1068,      -6.502702287,      -6.515321323,      -6.700633161,      -6.285668263,      -5.891285175,      -7.944820956
          0,           0,        1069,      -6.510773841,      -6.519792215,      -6.713200114,      -6.304084539,      -5.899015661,      -7.944823834
          0,           0,        1070,      -6.546489612,      -6.560922448,      -6.736779642,       -6.32571037,      -5.932722082,      -7.944825645
          0,           0,        1071,      -6.529019666,      -6.543683337,      -6.735907204,      -6.285803584,      -5.914594327,      -7.944826159
          0,           0,        1072,      -6.496943193,      -6.505366853,      -6.710352538,      -6.283231614,      -5.884629998,      -7.944826353
          0,           0,        1073,      -6.515077713,      -6.528900316,      -6.719413369,       -6.30625024,      -5.902982419,      -7.944827461
          0,           0,        1074,      -6.539523661,      -6.550560483,      -6.729931484,      -6.317686969,      -5.927122338,      -7.944830359
          0,           0,        1075,      -6.534375115,      -6.548813143,      -6.723361256,      -6.299807794,      -5.919967273,      -7.944828663
          0,           0,        1076,      -6.486638313,      -6.499861307,      -6.705753088,      -6.273012586,      -5.872451704,      -7.944827621
          0,           0,        1077,      -6.495393621,      -6.504314452,      -6.715985458,      -6.288984543,      -5.882105775,      -7.944828354
          0,           0,        1078,      -6.528292127,      -6.542203265,      -6.744101692,      -6.306970755,      -5.915061105,      -7.944831565
          0,           0,        1079,       -6.53033612,      -6.541261555,      -6.725224986,      -6.298674391,       -5.91920714,      -7.944832853
          0,           0,        1080,      -6.507198204,      -6.520434666,      -6.699793444,      -6.284705351,      -5.895746694,       -7.94482911
          0,           0,        1081,      -6.491149905,      -6.502985124,      -6.702935359,      -6.292964329,      -5.879054142,      -7.944828596
          0,           0,        1082,       -6.54180893,      -6.553314686,      -6.742687123,      -6.311366203,      -5.927732193,      -7.944830502
          0,           0,        1083,      -6.531077875,      -6.543087181,      -6.741684288,      -6.292690618,      -5.916764041,      -7.944830441
          0,           0,        1084,      -6.510595755,       -6.52236016,      -6.717137026,      -6.290877134,      -5.898524191,      -7.944827845
          0,           0,        1085,      -6.503166706,      -6.513926796,      -6.715650557,      -6.294766181,      -5.892233135,        -7.9448245
          0,           0,        1086,       -6.53343279,      -6.545725464,      -6.728637446,      -6.321191734,      -5.921839459,      -7.944825199
          0,           0,        1087,      -6.556383614,      -6.569634158,      -6.738889852,      -6.307082306,      -5.942067669,      -7.944825444
          0,           0,        1088,      -6.515761666,      -6.526105278,      -6.717026229,       -6.29770557,      -5.901465251,      -7.944823339
          0,           0,        1089,      -6.513957032,      -6.526729231,      -6.723058908,      -6.301718522,      -5.899976869,      -7.944822386
          0,           0,        1090,      -6.532896932,      -6.542530641,      -6.741507378,      -6.314900921,      -5.919956837,      -7.944822943
          0,           0,        1091,      -6.546821857,      -6.559793534,      -6.732623679,      -6.314302494,      -5.935017064,      -7.944823093
          0,           0,        1092,      -6.516185179,      -6.528514272,      -6.705327461,      -6.293255139,      -5.904566501,      -7.944820217
          0,           0,        1093,      -6.505211109,      -6.514228716,      -6.695862799,      -6.299110643,      -5.893078007,      -7.944818181
          0,           0,        1094,       -6.50991199,      -6.522112246,      -6.720835144,      -6.295855999,      -5.896730075,      -7.944819043
          0,           0,        1095,      -6.528512381,      -6.537066363,      -6.739308932,      -6.298505489,      -5.914755407,      -7.944818012
          0,           0,        1096,      -6.506275916,      -6.518440758,      -6.715816714,      -6.281130737,      -5.894123432,      -7.944815643
          0,           0,        1097,      -6.484510632,      -6.495391754,      -6.693270867,      -6.286805275,      -5.873815573,       -7.94481359
          0,           0,        1098,       -6.50316546,      -6.510975086,      -6.702251588,      -6.294602566,      -5.891919005,      -7.944815563
          0,           0,        1099,      -6.519821711,      -6.530828985,      -6.727794067,      -6.288680609,      -5.906537034,      -7.944817045
          0,           0,        1100,      -6.506081622,      -6.514318303,      -6.717922143,      -6.280932601,      -5.891988842,      -7.944814476
          0,           0,        1101,      -6.490514881,      -6.502988304,      -6.706406139,      -6.280751669,      -5.876790633,        -7.9448126
          0,           0,        1102,      -6.495810956,      -6.508512248,      -6.722221816,       -6.30488322,      -5.883311707,      -7.944813785
          0,           0,        1103,      -6.548542788,      -6.558115861,      -6.743219251,       -6.31202338,      -5.936035955,      -7.944816359
          0,           0,        1104,       -6.52478023,      -6.535949009,      -6.722995374,      -6.289460584,      -5.912801176,      -7.944815096
          0,           0,        1105,      -6.519325228,      -6.529316969,       -6.70655254,      -6.300984573,      -5.907085378,      -7.944813109
          0,           0,        1106,      -6.513103114,      -6.525673596,      -6.723254034,      -6.308311147,      -5.899534978,      -7.944814736
          0,           0,        1107,       -6.54875655,      -6.565168697,      -6.751047957,      -6.326093451,      -5.934451624,      -7.944818374
          0,           0,        1108,      -6.541101813,       -6.55231973,      -6.738127566,      -6.296694549,      -5.928381432,      -7.944819524
          0,           0,        1109,      -6.513937598,      -6.524130793,       -6.71096751,      -6.301048062,      -5.902946146,      -7.944819138
          0,           0,        1110,      -6.527710774,      -6.540367704,      -6.715913848,      -6.317161051,      -5.916647605,      -7.944821208
          0,           0,        1111,      -6.547785104,      -6.559629287,      -6.734846623,      -6.318536714,      -5.934596996,       -7.94482413
          0,           0,        1112,      -6.524471801,      -6.538163123,      -6.723345682,       -6.29201044,      -5.909504152,      -7.944824476
          0,           0,        1113,      -6.490221415,      -6.501282494,      -6.709046517,      -6.280295964,      -5.876512482,      -7.944823907
          0,           0,        1114,      -6.510657644,      -6.519556588,      -6.723418844,      -6.302846835,      -5.897819145,      -7.944825649
          0,           0,        1115,       -6.53747063,       -6.55212844,      -6.737645252,      -6.302960647,      -5.925108301,       -7.94482737
          0,           0,        1116,      -6.524540037,      -6.533276264,      -6.718496378,      -6.289454874,      -5.913019738,      -7.944826913
          0,           0,        1117,      -6.496375844,      -6.508257984,      -6.698238542,      -6.279187174,      -5.884084402,      -7.944827147
          0,           0,        1118,      -6.503966307,      -6.516606823,      -6.721474941,      -6.303934029,      -5.890562484,      -7.944829358
          0,           0,        1119,      -6.562783652,      -6.573347167,      -6.755271933,      -6.315353803,      -5.948526072,      -7.944832076
          0,           0,        1120,       -6.52251324,      -6.537059521,      -6.730554459,      -6.293282925,       -5.91002763,      -7.944831186
          0,           0,        1121,      -6.529099141,      -6.537753615,      -6.714834611,      -6.306943798,      -5.917718168,      -7.944830495
          0,           0,        1122,      -6.522422858,      -6.536060095,      -6.718736603,      -6.309944257,      -5.910421993,      -7.944832142
          0,           0,        1123,      -6.550352675,      -6.564993823,      -6.735668772,      -6.319144978,      -5.935953936,      -7.944833801
          0,           0,        1124,      -6.526098701,      -6.534724585,      -6.722001296,      -6.290054369,      -5.911684428,      -7.944832925
          0,           0,        1125,      -6.500559945,      -6.512019495,      -6.711333946,      -6.296553447,      -5.887560642,      -7.944831926
          0,           0,        1126,       -6.51796073,      -6.526584398,      -6.721562985,      -6.306431414,      -5.905950702,      -7.944833154
          0,           0,        1127,      -6.538232975,      -6.553401641,      -6.725059569,      -6.306766075,      -5.926098062,      -7.944836496
          0,           0,        1128,      -6.514026156,      -6.527611163,      -6.703116839,       -6.28488127,      -5.901748687,      -7.944836686
          0,           0,        1129,      -6.486909307,      -6.494718658,      -6.685865419,      -6.278648874,      -5.874209113,      -7.944835216
          0,           0,        1130,      -6.504479157,      -6.513966828,      -6.714551941,       -6.29250908,      -5.890750881,      -7.944835389
          0,           0,        1131,      -6.522988227,       -6.53318869,      -6.734185717,      -6.284718251,      -5.909552189,      -7.944839462
          0,           0,        1132,        -6.5078288,      -6.521722842,      -6.714848216,      -6.280508553,      -5.895802643,      -7.944840043
          0,           0,        1133,      -6.493659508,      -6.506393441,      -6.699969858,      -6.284673703,      -5.882954774,      -7.944835782
          0,           0,        1134,       -6.52346864,      -6.533451684,      -6.717311627,      -6.312036307,      -5.911820551,       -7.94483423
          0,           0,        1135,      -6.557040267,      -6.567249671,      -6.737923723,      -6.301566894,      -5.942308319,      -7.944834318
          0,           0,        1136,      -6.513090616,      -6.524287392,      -6.721811981,       -6.28805217,       -5.89896934,      -7.944835155
          0,           0,        1137,      -6.523114617,      -6.534743828,      -6.726586312,      -6.302785152,      -5.908516774,      -7.944833684
          0,           0,        1138,      -6.534938127,      -6.547279439,      -6.734877701,      -6.303566179,      -5.921919516,      -7.944831042
          0,           0,        1139,      -6.532491868,      -6.545425521,      -6.718900657,      -6.293001012,      -5.920211971,       -7.94483219
          0,           0,        1140,      -6.508183391,      -6.515816572,      -6.697123982,       -6.28286646,      -5.896446984,      -7.944830299
          0,           0,        1141,      -6.514127201,      -6.526187923,      -6.707966382,      -6.294575838,      -5.901601783,      -7.944828598
          0,           0,        1142,      -6.529396307,      -6.539209122,      -6.725854387,      -6.290304884,      -5.915804422,      -7.944827841
          0,           0,        1143,       -6.50669594,       -6.51820206,      -6.709283697,      -6.265625724,      -5.893849413,      -7.944827064
          0,           0,        1144,      -6.488390117,      -6.499862699,      -6.705582155,      -6.268062825,      -5.876264854,      -7.944826691
          0,           0,        1145,      -6.512091501,      -6.520053193,      -6.710521029,      -6.282797459,       -5.90004877,      -7.944823039
          0,           0,        1146,      -6.522184249,      -6.535676525,        -6.7101046,      -6.269896052,      -5.907837337,      -7.944822679
          0,           0,        1147,      -6.491994497,      -6.500330062,      -6.703989154,       -6.26645939,      -5.878707905,      -7.944825124
          0,           0,        1148,      -6.511814102,       -6.52552692,      -6.709330644,      -6.270216024,       -5.89790265,      -7.944825124
          0,           0,        1149,      -6.512542735,      -6.525677605,      -6.716681935,      -6.281650611,      -5.899281317,      -7.944823744
          0,           0,        1150,      -6.520211395,      -6.527800508,      -6.699981237,       -6.26319286,      -5.908795066,      -7.944821356
          0,           0,        1151,      -6.491456277,       -6.50300612,      -6.691287509,      -6.269970002,      -5.879971833,      -7.944823528
          0,           0,        1152,      -6.505432899,      -6.514278045,      -6.694091205,      -6.260464517,      -5.892561828,      -7.944826482
          0,           0,        1153,      -6.487454774,       -6.50190276,      -6.688991967,      -6.256370266,      -5.873756658,      -7.944824667
          0,           0,        1154,      -6.482052476,      -6.494249411,      -6.689171155,       -6.24666448,      -5.868266071,      -7.944823778
          0,           0,        1155,      -6.473972189,      -6.481085742,      -6.689174031,      -6.253495711,      -5.861881397,      -7.944825015
          0,           0,        1156,      -6.505000527,      -6.516149902,      -6.703462373,      -6.269609672,      -5.892732156,      -7.944829389
          0,           0,        1157,      -6.500782864,      -6.510071699,      -6.692476129,       -6.25103516,      -5.888325462,      -7.944830731
          0,           0,        1158,      -6.491007585,      -6.504782295,      -6.697388816,      -6.272309488,       -5.87797855,      -7.944830038
          0,           0,        1159,      -6.512969124,      -6.527293774,       -6.70967927,      -6.276742633,      -5.899455732,      -7.944832735
          0,           0,        1160,      -6.523319506,      -6.532665817,       -6.71377875,      -6.277295183,      -5.910115226,      -7.944835947
          0,           0,        1161,      -6.497064776,      -6.506532317,      -6.701205707,       -6.25819728,      -5.885213038,      -7.944835733
          0,           0,        1162,       -6.48675587,      -6.496367811,      -6.691058396,      -6.271572302,      -5.875979373,      -7.944834903
          0,           0,        1163,      -6.513179908,      -6.524873456,      -6.706048824,      -6.277840996,      -5.900293087,       -7.94483641
          0,           0,        1164,      -6.496422929,      -6.507797252,      -6.699600376,       -6.26448377,       -5.88328243,      -7.944840224
          0,           0,        1165,      -6.491078481,      -6.501499466,      -6.704525908,      -6.264997908,      -5.877411204,      -7.944841321
          0,           0,        1166,      -6.481516279,      -6.489642765,       -6.70712536,      -6.269808896,      -5.868633158,      -7.944841165
          0,           0,        1167,       -6.51621646,      -6.528226315,      -6.723038283,      -6.297407961,      -5.903994932,      -7.944843361
          0,           0,        1168,      -6.541572195,      -6.551410034,      -6.727457198,      -6.291375057,      -5.928200445,      -7.944847462
          0,           0,        1169,      -6.501942897,      -6.512945111,      -6.697543401,      -6.273435243,       -5.88885978,      -7.944850503
          0,           0,        1170,      -6.496739314,      -6.509064787,      -6.703544557,      -6.278036333,      -5.882927128,       -7.94484963
          0,           0,        1171,      -6.525891732,      -6.534461355,      -6.733284019,      -6.301602858,      -5.911924394,      -7.944849608
          0,           0,        1172,      -6.544798516,      -6.559914854,      -6.739464504,      -6.294757347,      -5.931668218,      -7.944852868
          0,           0,        1173,      -6.508217959,      -6.516726981,      -6.705138108,      -6.279296174,      -5.897077442,      -7.944854112
          0,           0,        1174,      -6.492435368,      -6.504284888,       -6.69238413,      -6.277404978,      -5.881179583,      -7.944855005
          0,           0,        1175,      -6.510153251,       -6.52384055,      -6.713564646,       -6.28516324,       -5.89730307,       -7.94485494
          0,           0,        1176,      -6.527268895,      -6.536079106,      -6.723203558,      -6.286217495,      -5.913028203,       -7.94485673
          0,           0,        1177,      -6.494791228,      -6.507120112,      -6.711958346,      -6.268649532,      -5.880616444,      -7.944860148
          0,           0,        1178,      -6.485811952,       -6.49464996,      -6.708527031,      -6.281209244,       -5.87315101,      -7.944860364
          0,           0,        1179,      -6.517121861,      -6.530892333,      -6.726215268,      -6.285930476,       -5.90445699,      -7.944860653
          0,           0,        1180,      -6.517513634,      -6.530299949,      -6.721865015,       -6.28162726,      -5.905043589,      -7.944862187
          0,           0,        1181,      -6.528957356,      -6.536708687,      -6.715494727,      -6.300509328,      -5.916431754,      -7.944861935
          0,           0,        1182,      -6.514392097,      -6.525339266,      -6.722899127,      -6.296736889,      -5.900753057,      -7.944858994
          0,           0,        1183,      -6.538780454,      -6.548623941,      -6.742889711,      -6.311783635,       -5.92460615,      -7.944855984
          0,           0,        1184,      -6.535602883,      -6.550702936,      -6.738897965,      -6.286392151,      -5.921898786,      -7.944858297
          0,           0,        1185,      -6.508692767,      -6.521826559,      -6.709760942,      -6.290073869,      -5.896861537,      -7.944857894
          0,           0,        1186,      -6.529142184,      -6.537513894,      -6.710478877,      -6.312888813,      -5.918011761,      -7.944853432
          0,           0,        1187,      -6.537904238,      -6.549714084,      -6.726089234,      -6.310667447,      -5.924961808,      -7.944849113
          0,           0,        1188,      -6.535251538,      -6.547944353,      -6.731539941,      -6.297055903,       -5.92105634,      -7.944847235
          0,           0,        1189,      -6.498943407,      -6.510992173,      -6.713847308,      -6.276316125,      -5.885188016,      -7.944850024
          0,           0,        1190,      -6.492971649,      -6.505069845,      -6.703566989,      -6.291676831,       -5.88037436,       -7.94484599
          0,           0,        1191,      -6.515030565,      -6.525566238,      -6.722311826,      -6.302767329,      -5.903115368,      -7.944839879
          0,           0,        1192,      -6.533444794,      -6.543200563,      -6.728121997,      -6.294879429,      -5.920852808,       -7.94483602
          0,           0,        1193,      -6.503232485,      -6.515085487,      -6.706276182,      -6.270914839,      -5.890273771,      -7.944833932
          0,           0,        1194,      -6.481461584,       -6.49062168,      -6.695335803,      -6.277235003,      -5.868221205,      -7.944832883
          0,           0,        1195,       -6.50843599,      -6.520155169,      -6.719858073,       -6.30127435,      -5.894771058,      -7.944826806
          0,           0,        1196,      -6.522365109,      -6.534717471,      -6.745355249,      -6.288097199,      -5.908976853,      -7.944822457
          0,           0,        1197,      -6.512701245,      -6.522376818,      -6.720402866,      -6.279142905,      -5.901034818,      -7.944820522
          0,           0,        1198,      -6.493453936,      -6.504880276,      -6.700880912,      -6.281538593,      -5.882826434,      -7.944819579
          0,           0,        1199,      -6.509186439,      -6.518523888,      -6.713738984,      -6.309714841,      -5.897369899,      -7.944817323
          0,           0,        1200,      -6.549617158,      -6.564463211,      -6.740824677,      -6.310535949,      -5.934765896,      -7.944815143
          0,           0,        1201,      -6.507156466,      -6.519145608,      -6.731112729,      -6.273363523,      -5.892445021,      -7.944814137
          0,           0,        1202,      -6.506312509,      -6.515909444,      -6.719671963,      -6.289147154,      -5.892490948,      -7.944811163
          0,           0,        1203,      -6.514937747,      -6.526603082,      -6.732090438,      -6.307825623,      -5.902999009,      -7.944808433
          0,           0,        1204,      -6.557851649,      -6.569074937,      -6.740406283,      -6.333852433,      -5.945967938,      -7.944807856
          0,           0,        1205,      -6.540231396,      -6.555370946,      -6.725962204,       -6.29459506,      -5.926814042,      -7.944808426
          0,           0,        1206,       -6.50051601,       -6.51358896,      -6.708959032,      -6.283437814,      -5.886810389,      -7.944807061
          0,           0,        1207,      -6.514683121,      -6.524747039,      -6.722714342,      -6.304647312,      -5.900683969,      -7.944804787
          0,           0,        1208,      -6.535973975,      -6.547826405,      -6.746960112,      -6.315353021,      -5.922188314,      -7.944805002
          0,           0,        1209,      -6.545294344,      -6.556393875,      -6.737299268,      -6.306400264,      -5.933432986,       -7.94480738
          0,           0,        1210,        -6.4983365,      -6.511826743,      -6.701534589,      -6.278402895,      -5.887595102,      -7.944808696
          0,           0,        1211,      -6.491611523,      -6.505598064,      -6.694478824,      -6.286827382,      -5.879988447,      -7.944807596
          0,           0,        1212,      -6.518325245,      -6.528289568,       -6.71984214,      -6.306003764,      -5.905262584,      -7.944807884
          0,           0,        1213,      -6.530328936,      -6.539828609,      -6.739835376,      -6.297711155,      -5.915512772,       -7.94481079
          0,           0,        1214,       -6.49972283,      -6.511111422,      -6.717566602,      -6.271997237,      -5.886095201,      -7.944812665
          0,           0,        1215,      -6.473302553,      -6.484874166,      -6.697914124,      -6.272638504,      -5.861650068,      -7.944814128
          0,           0,        1216,      -6.499632653,      -6.513675211,      -6.711063325,       -6.29367467,      -5.887928511,      -7.944815099
          0,           0,        1217,       -6.53073304,      -6.542168896,      -6.728621529,      -6.296819394,      -5.918182813,      -7.944818852
          0,           0,        1218,      -6.504927155,      -6.513341872,      -6.710191474,      -6.275797533,      -5.891684779,       -7.94482186
          0,           0,        1219,      -6.488652483,      -6.500536876,      -6.707011096,      -6.275163541,      -5.875433395,      -7.944823842
          0,           0,        1220,      -6.506102752,       -6.51616759,      -6.734869479,      -6.303487043,      -5.893210842,      -7.944826658
          0,           0,        1221,      -6.556760053,      -6.571988685,      -6.753909703,      -6.317000732,      -5.943437043,      -7.944829463
          0,           0,        1222,      -6.528336451,      -6.540915791,      -6.727338623,      -6.297654293,      -5.916483947,      -7.944831743
          0,           0,        1223,      -6.527037595,      -6.535947744,      -6.713679934,       -6.30512646,      -5.914951636,      -7.944832311
          0,           0,        1224,       -6.52713419,      -6.540116997,      -6.732229285,      -6.311127511,      -5.913948141,      -7.944834113
          0,           0,        1225,      -6.556968304,      -6.567643681,      -6.752573889,      -6.323981277,      -5.942208722,      -7.944837091
          0,           0,        1226,      -6.528833658,      -6.543108066,      -6.732956361,       -6.29888088,      -5.915157015,      -7.944838533
          0,           0,        1227,       -6.50655627,      -6.519149087,      -6.717880675,      -6.299744004,      -5.894734661,      -7.944839075
          0,           0,        1228,      -6.529136934,       -6.53838054,      -6.727718699,      -6.313560816,      -5.917830546,      -7.944840011
          0,           0,        1229,      -6.546212246,      -6.559883188,      -6.736370593,       -6.31533177,      -5.933727774,      -7.944842307
          0,           0,        1230,      -6.528014301,      -6.538983466,      -6.721860386,      -6.296849412,      -5.913841866,      -7.944842808
          0,           0,        1231,       -6.49214168,      -6.506122705,      -6.708616059,      -6.290171066,      -5.877831834,      -7.944840515
          0,           0,        1232,        -6.5095931,      -6.521711857,      -6.733175382,      -6.300193419,      -5.895603557,      -7.944838437
          0,           0,        1233,      -6.534127321,      -6.544152194,      -6.747918734,      -6.299824716,      -5.920803719,      -7.944839028
          0,           0,        1234,      -6.521556237,      -6.533600408,       -6.72302316,        -6.2970897,      -5.910166809,      -7.944840269
          0,           0,        1235,      -6.514981485,      -6.525451803,      -6.705052436,      -6.300902296,      -5.904162994,      -7.944837514
          0,           0,        1236,      -6.513063541,      -6.528908919,      -6.720454598,      -6.316737742,      -5.900564001,      -7.944833331
          0,           0,        1237,      -6.553558969,      -6.570651482,      -6.754578694,      -6.316612331,      -5.939016856,      -7.944833368
          0,           0,        1238,      -6.525349954,      -6.535661495,      -6.736893828,      -6.292861112,      -5.911629302,      -7.944835153
          0,           0,        1239,      -6.518348381,      -6.529178632,      -6.719044247,       -6.30364804,      -5.905687633,      -7.944833222
          0,           0,        1240,      -6.516653681,      -6.528716446,      -6.723261617,      -6.311692144,      -5.905081415,      -7.944829214
          0,           0,        1241,      -6.549433005,      -6.566433535,      -6.738197251,      -6.323748675,      -5.935931956,      -7.944825676
          0,           0,        1242,      -6.529992621,      -6.545330688,      -6.724884162,      -6.291840885,      -5.915400831,      -7.944825985
          0,           0,        1243,      -6.504794495,      -6.515386326,       -6.71094069,      -6.293688118,      -5.890945067,      -7.944823904
          0,           0,        1244,      -6.515790438,      -6.524411696,      -6.723127056,      -6.305913733,       -5.90235653,      -7.944821372
          0,           0,        1245,      -6.538102348,      -6.552075439,      -6.739680195,      -6.312267381,      -5.925672757,      -7.944820628
          0,           0,        1246,      -6.531996631,      -6.543732303,      -6.724481788,      -6.294830336,      -5.920363426,      -7.944819693
          0,           0,        1247,      -6.494038628,      -6.505838816,      -6.691932675,      -6.282006982,       -5.88261611,       -7.94481932
          0,           0,        1248,      -6.500079783,      -6.514014027,      -6.702306829,      -6.294450684,      -5.887114683,      -7.944817778
          0,           0,        1249,      -6.523646921,      -6.532418502,      -6.729754834,       -6.29680738,      -5.909725937,      -7.944819108
          0,           0,        1250,      -6.516934671,      -6.530998778,      -6.733045316,      -6.282512641,      -5.903034242,      -7.944821058
          0,           0,        1251,      -6.492977519,      -6.501963782,      -6.712540352,      -6.271556109,      -5.881048725,      -7.944817941
          0,           0,        1252,      -6.492554852,      -6.506629586,      -6.707806488,      -6.295394214,      -5.881274784,      -7.944816371
          0,           0,        1253,      -6.542157542,      -6.557017002,      -6.737569793,      -6.308424966,       -5.92874014,      -7.944817124
          0,           0,        1254,      -6.522193401,      -6.532605957,      -6.723725105,      -6.285183709,      -5.908063378,      -7.944819597
          0,           0,        1255,      -6.513893169,      -6.525679925,      -6.718307926,      -6.289535154,       -5.89929355,      -7.944818996
          0,           0,        1256,      -6.507164111,      -6.517681124,      -6.731391536,      -6.297085242,      -5.893433356,      -7.944816067
          0,           0,        1257,      -6.546069863,       -6.56376108,      -6.746627317,      -6.320342006,      -5.932966414,      -7.944817063
          0,           0,        1258,      -6.539853019,      -6.554406629,      -6.730305732,      -6.294732211,      -5.927999378,      -7.944818574
          0,           0,        1259,      -6.510804902,      -6.519669493,      -6.701456834,      -6.297686963,      -5.899726003,      -7.944819675
          0,           0,        1260,       -6.52135944,      -6.532986263,      -6.714007198,       -6.30509259,      -5.908689651,      -7.944818031
          0,           0,        1261,      -6.538173574,      -6.549595635,      -6.737434273,      -6.306565021,      -5.924039974,      -7.944817126
          0,           0,        1262,      -6.520436341,      -6.536745238,      -6.729368671,      -6.288119729,      -5.906127977,      -7.944819396
          0,           0,        1263,      -6.486139215,      -6.497565942,      -6.702617397,      -6.276421369,      -5.874186187,      -7.944818298
          0,           0,        1264,      -6.501939234,      -6.509375534,      -6.708458705,      -6.291692104,      -5.890137879,      -7.944818052
          0,           0,        1265,      -6.526591066,       -6.53545475,      -6.724821657,      -6.288079418,      -5.913787115,      -7.944818457
          0,           0,        1266,       -6.50924324,      -6.520396674,      -6.711669531,      -6.275767263,      -5.895996167,      -7.944820291
          0,           0,        1267,      -6.485540182,      -6.498409254,        -6.7032717,       -6.27153913,      -5.871891599,      -7.944821631
          0,           0,        1268,      -6.499048833,      -6.510680115,      -6.719482966,      -6.296283509,      -5.886195614,      -7.944820088
          0,           0,        1269,      -6.548047903,      -6.558790004,      -6.744891546,      -6.295770269,      -5.934797602,       -7.94482261
          0,           0,        1270,      -6.518108253,      -6.525960046,      -6.715619827,      -6.280292109,      -5.906485991,       -7.94482612
          0,           0,        1271,      -6.517476354,      -6.530279388,      -6.708110636,      -6.296788766,      -5.905567366,      -7.944825239
          0,           0,        1272,      -6.527577726,      -6.540416938,      -6.726801014,      -6.301178927,        -5.9140015,      -7.944822671
          0,           0,        1273,      -6.529895448,      -6.542439858,      -6.723292066,      -6.288470437,      -5.915690691,       -7.94482121
          0,           0,        1274,      -6.493592463,      -6.504631864,      -6.705508823,      -6.267371918,      -5.880896414,       -7.94482463
          0,           0,        1275,      -6.503690922,      -6.511372815,      -6.700921699,      -6.285250317,      -5.891745197,       -7.94482409
          0,           0,        1276,      -6.518964792,      -6.532378405,       -6.71538476,      -6.290679754,      -5.906507245,       -7.94481979
          0,           0,        1277,       -6.50855356,      -6.518958301,      -6.700219022,       -6.26440891,      -5.895256004,      -7.944817886
          0,           0,        1278,      -6.482805821,      -6.494113845,      -6.695320631,      -6.267008605,      -5.869618769,      -7.944818829
          0,           0,        1279,      -6.503267782,      -6.515120847,      -6.713644784,      -6.281713352,      -5.889947802,      -7.944820526
          0,           0,        1280,      -6.525736236,       -6.53516133,      -6.709339348,      -6.274804921,      -5.913028568,       -7.94481662
          0,           0,        1281,      -6.493806199,      -6.505544461,      -6.701734658,      -6.271138333,      -5.882236458,       -7.94481237
          0,           0,        1282,      -6.519857133,      -6.530252795,         -6.710939,      -6.281925712,      -5.907718675,      -7.944811914
          0,           0,        1283,      -6.513880703,      -6.527756252,       -6.71622066,      -6.289313248,        -5.9012841,      -7.944811192
          0,           0,        1284,      -6.515352762,      -6.528418259,      -6.706983227,      -6.266113057,      -5.900781042,      -7.944808706
          0,           0,        1285,      -6.491766025,      -6.500906383,      -6.700116529,      -6.271258673,      -5.878451197,      -7.944804922
          0,           0,        1286,      -6.506501113,      -6.517918473,      -6.708912349,      -6.271444151,      -5.893332567,      -7.944804399
          0,           0,        1287,      -6.505703767,       -6.51704519,      -6.697728746,      -6.270464247,      -5.893075179,      -7.944805534
          0,           0,        1288,      -6.498950241,      -6.513848355,      -6.695831888,      -6.261398373,      -5.886747563,      -7.944803086
          0,           0,        1289,      -6.483119754,      -6.495402715,      -6.694828835,      -6.258446685,      -5.870962502,      -7.944800407
          0,           0,        1290,      -6.506934835,      -6.516569197,      -6.712691409,      -6.283780364,       -5.89431619,      -7.944799801
          0,           0,        1291,      -6.521021448,      -6.529455876,      -6.714742582,        -6.2598746,      -5.908050268,      -7.944799952
          0,           0,        1292,      -6.487915332,      -6.499489202,      -6.700144789,      -6.268092288,      -5.875694579,      -7.944797945
          0,           0,        1293,      -6.506725797,       -6.52073964,      -6.705028517,      -6.272968618,      -5.893785769,      -7.944793967
          0,           0,        1294,      -6.507099957,      -6.519668169,      -6.706204377,       -6.28153068,      -5.893906135,      -7.944793857
          0,           0,        1295,      -6.504161798,      -6.514099649,       -6.70441746,      -6.254861907,      -5.889209574,      -7.944794853
          0,           0,        1296,      -6.477865209,      -6.484191634,      -6.692162264,      -6.254557838,      -5.864450478,      -7.944793148
          0,           0,        1297,      -6.494118946,      -6.506750266,      -6.706834061,      -6.275498113,      -5.881501093,      -7.944791647
          0,           0,        1298,      -6.506975808,      -6.518810043,      -6.705649641,      -6.264631442,      -5.895031556,      -7.944792338
          0,           0,        1299,      -6.500335561,      -6.511462472,      -6.695173719,      -6.270760282,       -5.88900451,      -7.944794928
          0,           0,        1300,      -6.485788482,      -6.495110817,      -6.695961018,      -6.266952683,      -5.874292194,      -7.944794971
          0,           0,        1301,      -6.512419037,       -6.51997158,      -6.711665434,       -6.29458826,      -5.899517108,      -7.944792725
          0,           0,        1302,       -6.53417826,      -6.549694771,      -6.735183963,      -6.289161035,      -5.919655648,      -7.944794869
          0,           0,        1303,      -6.502101632,      -6.512012326,      -6.712084417,      -6.271057329,      -5.889267283,      -7.944798007
          0,           0,        1304,      -6.493235832,       -6.50475585,       -6.69757487,      -6.277996432,        -5.8811229,      -7.944798008
          0,           0,        1305,       -6.51459559,       -6.52524137,      -6.718825698,      -6.296583381,      -5.902629803,      -7.944795911
          0,           0,        1306,      -6.543975071,      -6.554456214,      -6.725175102,      -6.299195287,      -5.930104648,        -7.9447972
          0,           0,        1307,      -6.507114505,       -6.52004633,      -6.707867319,      -6.274297502,      -5.892841154,      -7.944804212
          0,           0,        1308,      -6.486981861,      -6.496451201,      -6.701921227,      -6.273056374,      -5.873549164,      -7.944805938
          0,           0,        1309,      -6.501534175,      -6.514322538,      -6.716252599,      -6.284956975,      -5.888221949,      -7.944805254
          0,           0,        1310,      -6.532762536,      -6.546282313,      -6.727852297,      -6.293451241,      -5.920237153,      -7.944804129
          0,           0,        1311,      -6.508602009,      -6.518475978,      -6.699689418,      -6.275296163,      -5.897030936,       -7.94480697
          0,           0,        1312,      -6.484843789,      -6.495908461,      -6.689913609,      -6.277124739,      -5.873228778,       -7.94481154
          0,           0,        1313,      -6.502435467,      -6.514130825,      -6.711607853,      -6.282996489,      -5.889399332,       -7.94481091
          0,           0,        1314,      -6.514060081,      -6.528401283,      -6.729368164,      -6.285211524,      -5.900216937,      -7.944811993
          0,           0,        1315,      -6.513355968,      -6.527889797,      -6.722847325,      -6.284214327,      -5.900055108,      -7.944813607
          0,           0,        1316,      -6.492145755,      -6.503201018,      -6.704651788,      -6.280273959,      -5.880157449,      -7.944816364
          0,           0,        1317,      -6.506647699,       -6.51816534,      -6.717817989,       -6.30036048,       -5.89495271,      -7.944817791
          0,           0,        1318,      -6.540989907,      -6.556871018,      -6.738652868,      -6.299341032,       -5.92691196,      -7.944818268
          0,           0,        1319,      -6.516813239,      -6.531113913,      -6.721695862,      -6.287198091,      -5.902381117,      -7.944820834
          0,           0,        1320,      -6.517265584,      -6.531607038,      -6.716631485,      -6.301249858,      -5.903164946,      -7.944819821
          0,           0,        1321,      -6.519272992,       -6.53134804,       -6.73354463,        -6.3063089,      -5.906043855,       -7.94481862
          0,           0,        1322,      -6.555131813,      -6.564679055,      -6.748599056,      -6.316838926,      -5.943254441,      -7.944817481
          0,           0,        1323,      -6.527915727,      -6.542875024,      -6.722105592,      -6.287781597,      -5.916300234,      -7.944817119
          0,           0,        1324,       -6.50992474,      -6.521268496,       -6.70078112,      -6.300151326,      -5.897956841,      -7.944815308
          0,           0,        1325,      -6.513735057,      -6.525947418,      -6.712405227,      -6.302035686,      -5.900350728,      -7.944810791
          0,           0,        1326,      -6.521735895,      -6.535980655,      -6.735769319,      -6.295071547,      -5.906490608,      -7.944808067
          0,           0,        1327,      -6.521967474,      -6.528396686,      -6.732775549,      -6.283208908,      -5.908179579,      -7.944806356
          0,           0,        1328,      -6.485472062,      -6.498773894,      -6.704260634,       -6.27747013,      -5.873779172,      -7.944805491
          0,           0,        1329,      -6.498429686,      -6.509355814,      -6.700315602,      -6.298066025,      -5.887427819,      -7.944802344
          0,           0,        1330,      -6.510475519,      -6.524202115,      -6.714718702,      -6.295553973,      -5.898557467,      -7.944798163
          0,           0,        1331,      -6.516818627,      -6.529798178,      -6.723728266,      -6.284075049,      -5.903083709,      -7.944796427
          0,           0,        1332,       -6.49126189,      -6.499067824,      -6.706238209,      -6.268609852,      -5.877127691,      -7.944795227
          0,           0,        1333,       -6.47212634,      -6.483384514,      -6.701902746,      -6.279353218,      -5.858802531,      -7.944793439
          0,           0,        1334,      -6.503948811,      -6.514101183,       -6.72343685,      -6.294922666,        -5.8909881,      -7.944790317
          0,           0,        1335,      -6.510162688,      -6.522312295,      -6.724632646,      -6.277529772,      -5.897513567,      -7.944787686
          0,           0,        1336,      -6.498638159,      -6.509500479,      -6.704061598,      -6.272498454,       -5.88669713,      -7.944786948
          0,           0,        1337,      -6.487233964,      -6.496450943,      -6.694090774,      -6.277815566,       -5.87525695,      -7.944785755
          0,           0,        1338,      -6.501031459,      -6.511550862,      -6.718243468,       -6.30668951,      -5.888193482,      -7.944784784
          0,           0,        1339,      -6.540497776,      -6.552554452,      -6.751238061,      -6.299203556,      -5.926742013,      -7.944783838
          0,           0,        1340,      -6.509185091,      -6.521621684,      -6.728159917,      -6.276677684,      -5.896354981,      -7.944783291
          0,           0,        1341,      -6.511392971,      -6.524894117,       -6.71104092,      -6.299050453,      -5.899737864,      -7.944781523
          0,           0,        1342,      -6.517934003,      -6.528973012,      -6.717192824,      -6.310821311,      -5.906016536,      -7.944779886
          0,           0,        1343,      -6.550188759,      -6.561647367,       -6.74122334,      -6.325411679,      -5.936275969,      -7.944780004
          0,           0,        1344,      -6.529009132,      -6.541879495,      -6.736884808,      -6.282577464,      -5.914432597,      -7.944780396
          0,           0,        1345,      -6.496339912,      -6.508226007,      -6.715002541,      -6.284440575,      -5.882885738,      -7.944779936
          0,           0,        1346,      -6.512537844,      -6.525515868,      -6.721346187,      -6.310520315,      -5.900183105,      -7.944779749
          0,           0,        1347,      -6.536757127,      -6.549678107,      -6.735507084,      -6.316643842,      -5.924717278,      -7.944781589
          0,           0,        1348,      -6.544343702,      -6.553605348,      -6.730627705,      -6.303820319,      -5.931998908,      -7.944784321
          0,           0,        1349,      -6.496713546,      -6.509766993,      -6.703161079,      -6.276321877,      -5.883816085,      -7.944786185
          0,           0,        1350,       -6.49408924,      -6.505061219,      -6.702424057,      -6.290406793,      -5.880496267,      -7.944787499
          0,           0,        1351,      -6.512712501,      -6.524378315,      -6.728178213,      -6.305716111,      -5.898925314,      -7.944790267
          0,           0,        1352,       -6.52491241,      -6.539753881,      -6.740212829,        -6.2967506,      -5.911352681,      -7.944793813
          0,           0,        1353,      -6.510987306,      -6.518498052,      -6.717138751,      -6.279878982,      -5.900317722,        -7.9447952
          0,           0,        1354,      -6.480528077,       -6.49383505,      -6.692982102,      -6.280780557,      -5.870153812,      -7.944796754
          0,           0,        1355,       -6.50670835,      -6.516876949,      -6.705088107,      -6.304170552,       -5.89507109,      -7.944798198
          0,           0,        1356,      -6.518764306,      -6.532081429,      -6.728162352,        -6.2926854,       -5.90496413,      -7.944801946
          0,           0,        1357,      -6.499615523,      -6.512354649,      -6.721648737,      -6.270530701,      -5.884422932,      -7.944806088
          0,           0,        1358,      -6.481293889,      -6.487873979,      -6.705167479,      -6.265923633,      -5.868310777,      -7.944807724
          0,           0,        1359,      -6.479232686,      -6.490684643,      -6.706991526,      -6.289083496,      -5.867362835,      -7.944809013
          0,           0,        1360,      -6.536591681,      -6.547188986,      -6.733647478,      -6.317297422,      -5.924720419,      -7.944812069
          0,           0,        1361,      -6.522487633,      -6.536020112,      -6.723398363,      -6.284107547,       -5.90999977,      -7.944816109
          0,           0,        1362,      -6.502121746,      -6.514304242,      -6.704510815,       -6.28583397,      -5.888973756,      -7.944817727
          0,           0,        1363,      -6.500338044,      -6.508904652,      -6.714047375,      -6.297154571,      -5.887285304,      -7.944818974
          0,           0,        1364,      -6.533203161,      -6.546103552,      -6.742719202,      -6.327054035,       -5.91952482,      -7.944820028
          0,           0,        1365,      -6.555733691,      -6.568690602,      -6.746991116,      -6.309284984,      -5.942476705,      -7.944821656
          0,           0,        1366,      -6.508281886,      -6.521302527,      -6.712890959,      -6.287943266,      -5.895959461,      -7.944824325
          0,           0,        1367,      -6.512964796,      -6.527440714,       -6.70641245,      -6.305203742,      -5.900383189,      -7.944826566
          0,           0,        1368,      -6.530462679,      -6.542117518,      -6.728810089,      -6.317834376,      -5.917221358,      -7.944829073
          0,           0,        1369,      -6.549978745,      -6.562340898,      -6.744223769,      -6.320074435,      -5.935340785,      -7.944829892
          0,           0,        1370,      -6.509887245,      -6.521785143,       -6.72391756,      -6.284757733,      -5.897302325,      -7.944830199
          0,           0,        1371,      -6.494805968,      -6.506102465,      -6.708426378,       -6.28865541,      -5.882821977,      -7.944831056
          0,           0,        1372,      -6.511671014,      -6.525013027,       -6.71259777,       -6.31165144,      -5.900227626,      -7.944833066
          0,           0,        1373,      -6.535098986,      -6.546594995,      -6.726121484,      -6.310825396,      -5.922372833,      -7.944833564
          0,           0,        1374,      -6.519245392,       -6.52758956,      -6.716074967,      -6.287717991,      -5.904891691,      -7.944830755
          0,           0,        1375,      -6.478373766,      -6.489844536,      -6.702793395,      -6.270541256,      -5.864876656,      -7.944828648
          0,           0,        1376,      -6.486203854,      -6.496548091,      -6.713558066,      -6.284205722,      -5.872774556,      -7.944828577
          0,           0,        1377,      -6.513081026,      -6.525567803,      -6.730751305,      -6.304700937,      -5.900809089,       -7.94482992
          0,           0,        1378,      -6.522723036,       -6.53523726,      -6.727829813,      -6.293908774,      -5.911319037,      -7.944829393
          0,           0,        1379,      -6.501841593,      -6.509330047,       -6.69661676,      -6.277984878,      -5.890755786,      -7.944826801
          0,           0,        1380,      -6.473910245,      -6.486317159,      -6.689399823,       -6.27722521,      -5.862046753,      -7.944826769
          0,           0,        1381,      -6.506448256,      -6.516722255,      -6.718942723,      -6.299032338,      -5.892644658,      -7.944826863
          0,           0,        1382,      -6.518053284,      -6.531483495,      -6.737483466,      -6.289510877,      -5.903743417,      -7.944826298
          0,           0,        1383,      -6.494380774,      -6.507334016,      -6.718692222,      -6.272118255,      -5.881239116,      -7.944823113
          0,           0,        1384,      -6.486841878,       -6.49427128,      -6.699050385,      -6.276175657,      -5.876147152,      -7.944821429
          0,           0,        1385,      -6.495881732,      -6.508027864,      -6.713125843,      -6.301100113,      -5.885306746,      -7.944821118
          0,           0,        1386,      -6.550549459,      -6.562845975,      -6.739240677,       -6.32125053,      -5.937438273,      -7.944819002
          0,           0,        1387,      -6.519191134,      -6.533327359,      -6.726701006,      -6.286325508,       -5.90503725,      -7.944817426
          0,           0,        1388,      -6.501368168,       -6.51424159,      -6.715390607,      -6.285822055,      -5.886853296,      -7.944816399
          0,           0,        1389,      -6.501804245,       -6.51082386,      -6.723124427,      -6.299085224,      -5.888865218,      -7.944815864
          0,           0,        1390,       -6.54574348,      -6.558713973,      -6.746087248,      -6.328871023,       -5.93312659,      -7.944813718
          0,           0,        1391,      -6.555121781,      -6.568210837,      -6.733680904,      -6.312938882,      -5.942537504,      -7.944809825
          0,           0,        1392,      -6.510489291,      -6.523502065,      -6.707448733,      -6.293902103,      -5.898275556,      -7.944810064
          0,           0,        1393,      -6.513140555,      -6.527473031,      -6.716376352,      -6.305056122,      -5.900062343,      -7.944809591
          0,           0,        1394,      -6.540768057,      -6.551247873,      -6.741394341,      -6.318536122,      -5.927483714,       -7.94480586
          0,           0,        1395,      -6.549607793,      -6.560707605,      -6.741345067,      -6.310060145,      -5.936748822,      -7.944802129
          0,           0,        1396,      -6.503590775,      -6.515265147,      -6.706161192,      -6.290122932,       -5.89225559,      -7.944800969
          0,           0,        1397,      -6.504807788,      -6.516219037,      -6.709918819,      -6.295357391,      -5.892803479,      -7.944804189
          0,           0,        1398,      -6.524903784,      -6.538342947,      -6.729442546,       -6.30263483,      -5.911389211,      -7.944803739
          0,           0,        1399,      -6.521762656,      -6.533170393,      -6.727391474,      -6.292961952,      -5.907633743,      -7.944801833
          0,           0,        1400,      -6.506137319,      -6.515060691,      -6.714960352,      -6.288695771,      -5.892485129,      -7.944801922
          0,           0,        1401,      -6.492362247,      -6.506938544,      -6.719809776,       -6.29925397,      -5.880213918,      -7.944804644
          0,           0,        1402,      -6.539834379,      -6.552720543,      -6.746310769,      -6.310200708,      -5.926989516,      -7.944807464
          0,           0,        1403,      -6.526660785,      -6.539277811,      -6.723795105,       -6.29435966,      -5.914210955,      -7.944806796
          0,           0,        1404,      -6.514830072,      -6.528589395,      -6.708193666,      -6.296825883,      -5.901887743,      -7.944807819
          0,           0,        1405,      -6.510123954,       -6.51822856,      -6.720002348,      -6.302353513,      -5.896608765,      -7.944810643
          0,           0,        1406,       -6.53838352,      -6.556016094,      -6.751000598,      -6.320452332,      -5.924426834,      -7.944812962
          0,           0,        1407,      -6.547521221,      -6.560206404,      -6.748758198,       -6.30005652,      -5.934134716,      -7.944815358
          0,           0,        1408,      -6.512917731,      -6.526130875,      -6.710681563,       -6.30094257,      -5.901533951,      -7.944817336
          0,           0,        1409,      -6.522054008,      -6.536501786,      -6.712761668,      -6.310303124,      -5.910450575,      -7.944821707
          0,           0,        1410,      -6.540181762,      -6.549302531,      -6.727683496,      -6.314948545,      -5.927282421,      -7.944824974
          0,           0,        1411,      -6.527864353,      -6.543613506,      -6.731978955,      -6.294564155,      -5.913020587,      -7.944825037
          0,           0,        1412,      -6.495622769,      -6.506296919,      -6.714164919,      -6.279702044,      -5.881783325,      -7.944826627
          0,           0,        1413,      -6.493378839,      -6.506933524,      -6.708379654,      -6.292621091,      -5.880504172,      -7.944829479
          0,           0,        1414,      -6.511152671,      -6.525588469,      -6.721730074,      -6.297445006,      -5.898988783,      -7.944832578
          0,           0,        1415,      -6.532302886,      -6.541874134,      -6.724360637,      -6.297544075,      -5.920675689,      -7.944833435
          0,           0,        1416,      -6.496008749,      -6.508396301,      -6.703625452,      -6.268795528,      -5.883411359,      -7.944833395
          0,           0,        1417,      -6.477432971,      -6.487692289,      -6.693790369,      -6.280328549,      -5.864463918,      -7.944836332
          0,           0,        1418,      -6.504931976,      -6.519035624,      -6.722296333,       -6.29586495,      -5.891071072,      -7.944839603
          0,           0,        1419,        -6.5213896,      -6.535020467,      -6.738577947,      -6.289004621,      -5.907864665,      -7.944840902
          0,           0,        1420,      -6.510462944,      -6.520647948,      -6.715479448,      -6.286504887,       -5.89884217,      -7.944841118
          0,           0,        1421,      -6.504821102,      -6.514823408,      -6.706057678,      -6.291290597,      -5.893537842,      -7.944842753
          0,           0,        1422,      -6.523929102,      -6.536139698,      -6.725306662,      -6.321534827,      -5.911726637,       -7.94484493
          0,           0,        1423,      -6.561902817,      -6.578137574,      -6.748697145,      -6.313830382,      -5.947063971,       -7.94484474
          0,           0,        1424,      -6.508721991,      -6.522556548,      -6.722085011,      -6.290169332,      -5.895378026,      -7.944843293
          0,           0,        1425,      -6.520033309,      -6.531766298,      -6.719284679,      -6.304673933,      -5.907279656,      -7.944844683
          0,           0,        1426,      -6.536606793,      -6.546203433,      -6.736815244,      -6.315721716,      -5.924694538,      -7.944846136
          0,           0,        1427,      -6.550664069,      -6.567125084,      -6.731944725,      -6.316395725,      -5.937733805,      -7.944844672
          0,           0,        1428,      -6.511082154,      -6.521864046,       -6.70721587,      -6.284272448,      -5.897528146,      -7.944841008
          0,           0,        1429,      -6.497772859,      -6.508510439,      -6.703052607,      -6.292279851,      -5.884025874,      -7.944840463
          0,           0,        1430,      -6.518441167,      -6.529875541,      -6.728932816,      -6.293190526,      -5.904498098,      -7.944842574
          0,           0,        1431,      -6.529629098,      -6.537543912,      -6.726882413,      -6.286544222,      -5.917136723,      -7.944839758
          0,           0,        1432,      -6.493781698,      -6.508324962,      -6.697692931,      -6.272561262,      -5.882950464,      -7.944835137
          0,           0,        1433,      -6.494529842,      -6.502962114,      -6.698015282,      -6.287328865,      -5.883773994,      -7.944832062
          0,           0,        1434,      -6.525272536,      -6.539365327,      -6.718341433,      -6.288872116,      -5.911833468,      -7.944830812
          0,           0,        1435,      -6.496540817,      -6.508986289,      -6.710425709,      -6.261127984,      -5.882521487,      -7.944830289
          0,           0,        1436,      -6.506244759,       -6.51510169,      -6.715192588,      -6.281905833,      -5.892098153,      -7.944827026
          0,           0,        1437,       -6.50830651,      -6.523762711,      -6.726399677,       -6.28810472,      -5.894734306,      -7.944826041
          0,           0,        1438,      -6.529194579,      -6.540390827,      -6.717997192,      -6.281480658,      -5.916306885,      -7.944824358
          0,           0,        1439,       -6.49527735,      -6.509572487,      -6.694834827,      -6.262502531,      -5.882546911,      -7.944821181
          0,           0,        1440,      -6.495083332,      -6.506586627,      -6.694263741,       -6.26873283,      -5.882533518,      -7.944819877
          0,           0,        1441,      -6.514538528,      -6.522435971,      -6.711830715,      -6.286217452,       -5.90182637,      -7.944817522
          0,           0,        1442,       -6.51382607,      -6.527307903,      -6.710313164,      -6.266159199,       -5.90052264,      -7.944816324
          0,           0,        1443,      -6.497823149,      -6.507077909,      -6.706090494,      -6.268669626,      -5.885678477,      -7.944811259
          0,           0,        1444,       -6.50141158,      -6.515208673,      -6.704666682,      -6.279870069,      -5.889033705,      -7.944807779
          0,           0,        1445,      -6.516557284,      -6.530013032,      -6.698636234,      -6.265460533,      -5.902529078,      -7.944808902
          0,           0,        1446,      -6.486347545,      -6.495254243,       -6.69614629,      -6.263791103,      -5.873302931,      -7.944808933
          0,           0,        1447,      -6.501446215,      -6.513327436,      -6.704007601,      -6.264548542,      -5.887735551,      -7.944807875
          0,           0,        1448,      -6.497082876,      -6.507240693,      -6.712729506,      -6.278171544,      -5.884347899,      -7.944803885
          0,           0,        1449,      -6.516931691,      -6.530189174,      -6.702250673,      -6.263864598,      -5.904738223,      -7.944804675
          0,           0,        1450,      -6.487326698,      -6.499566008,      -6.685808025,      -6.261118289,      -5.875893866,        -7.9448071
          0,           0,        1451,      -6.495385798,      -6.504879468,       -6.69436064,      -6.257459353,      -5.882718084,      -7.944805763
          0,           0,        1452,      -6.491751756,      -6.502093891,      -6.694801922,      -6.255883992,      -5.878332061,      -7.944802913
          0,           0,        1453,       -6.48034906,      -6.492192399,      -6.695753482,      -6.243894196,      -5.866537475,      -7.944800691
          0,           0,        1454,      -6.467404544,      -6.476821383,      -6.690500112,      -6.247917833,      -5.854788798,      -7.944803989
          0,           0,        1455,      -6.495710961,        -6.5082532,      -6.701132975,       -6.28121297,      -5.883844271,      -7.944804963
          0,           0,        1456,      -6.513818903,      -6.525021774,      -6.703967804,      -6.256858538,      -5.900490008,      -7.944803731
          0,           0,        1457,      -6.486325622,      -6.495944329,      -6.690742937,      -6.265404198,      -5.873577451,      -7.944804254
          0,           0,        1458,      -6.496046926,      -6.509538957,      -6.706519489,      -6.274410452,      -5.882601214,      -7.944805527
          0,           0,        1459,      -6.509910786,      -6.520074648,      -6.713689541,      -6.283361897,      -5.896532603,      -7.944807968
          0,           0,        1460,      -6.520832942,      -6.536032132,      -6.714014843,      -6.283343493,      -5.908335746,       -7.94480638
          0,           0,        1461,       -6.48804012,      -6.498255316,      -6.690763295,      -6.260745582,      -5.876718143,       -7.94480649
          0,           0,        1462,      -6.492138761,      -6.500474705,      -6.689721804,      -6.280348311,      -5.880702615,      -7.944808836
          0,           0,        1463,       -6.51797721,      -6.531538763,      -6.719899365,      -6.293684126,      -5.905018952,      -7.944808717
          0,           0,        1464,      -6.524835364,      -6.534621635,      -6.721874002,      -6.282349005,      -5.910664535,       -7.94480824
          0,           0,        1465,       -6.48311762,      -6.495566326,      -6.698028609,      -6.262676008,      -5.870112788,      -7.944807022
          0,           0,        1466,      -6.466540999,      -6.477796763,      -6.690569759,      -6.270487412,      -5.855024322,      -7.944810197
          0,           0,        1467,      -6.509032725,      -6.516305052,      -6.711804287,      -6.294637986,      -5.897649485,      -7.944812534
          0,           0,        1468,       -6.52276951,      -6.536360684,      -6.718974525,      -6.285173519,      -5.909699796,       -7.94481202
          0,           0,        1469,      -6.493210016,      -6.502433618,      -6.691817804,      -6.263613955,      -5.879789143,      -7.944813149
          0,           0,        1470,      -6.463441425,      -6.475424391,      -6.688054793,      -6.258406228,       -5.84974002,      -7.944816058
          0,           0,        1471,      -6.488122719,      -6.499135463,      -6.718725242,      -6.289564957,      -5.874887655,      -7.944819821
          0,           0,        1472,      -6.546388496,      -6.554187181,      -6.744427723,      -6.299393353,      -5.933457725,      -7.944819912
          0,           0,        1473,      -6.517413376,      -6.529151053,      -6.712960376,      -6.285360727,      -5.905788256,       -7.94481887
          0,           0,        1474,      -6.512508741,      -6.522701481,      -6.700116528,      -6.293038465,      -5.901023009,      -7.944822543
          0,           0,        1475,      -6.518563666,      -6.532220835,      -6.724562104,      -6.301091873,      -5.905252816,      -7.944824834
          0,           0,        1476,      -6.545745199,      -6.559101174,      -6.742416755,      -6.310967285,      -5.930730215,      -7.944825089
          0,           0,        1477,      -6.520667329,      -6.529754092,      -6.725522836,       -6.28473677,      -5.907277674,       -7.94482439
          0,           0,        1478,      -6.499749694,      -6.510819716,      -6.706098339,      -6.288464974,      -5.887671257,       -7.94482681
          0,           0,        1479,      -6.510404183,      -6.522538073,      -6.717063611,      -6.293329274,      -5.899321145,      -7.944830146
          0,           0,        1480,      -6.533503238,      -6.546408802,      -6.726046633,      -6.295110584,      -5.921003694,      -7.944829179
          0,           0,        1481,      -6.507705605,      -6.518104408,      -6.707105616,      -6.278912597,      -5.894177033,       -7.94482801
          0,           0,        1482,      -6.482871653,      -6.493217428,      -6.701152509,      -6.278182936,      -5.869095789,       -7.94482886
          0,           0,        1483,      -6.492461254,        -6.5026202,      -6.714832731,      -6.281737295,      -5.878700854,      -7.944829588
          0,           0,        1484,      -6.509356508,      -6.522288275,      -6.734370697,      -6.281739826,      -5.896477646,      -7.944827225
          0,           0,        1485,      -6.518012796,      -6.528006218,      -6.715138595,      -6.282406704,      -5.906230316,      -7.944823964
          0,           0,        1486,      -6.489128734,      -6.499269403,      -6.686838589,      -6.278947676,      -5.878205138,      -7.944823829
          0,           0,        1487,      -6.495537808,       -6.50746123,       -6.70544703,      -6.297201435,      -5.883482893,      -7.944825208
          0,           0,        1488,      -6.532550119,       -6.54327005,      -6.738786544,      -6.295705621,      -5.918943794,       -7.94482364
          0,           0,        1489,      -6.511275249,       -6.52346818,      -6.734464011,      -6.275473285,      -5.898088702,      -7.944821517
          0,           0,        1490,       -6.51401015,      -6.523473044,      -6.713710795,      -6.297379299,       -5.90193284,      -7.944820866
          0,           0,        1491,      -6.508509805,      -6.521043699,      -6.712985958,      -6.304796781,      -5.897233191,        -7.9448222
          0,           0,        1492,      -6.538741202,       -6.55420965,      -6.733785955,      -6.316405474,       -5.92532708,      -7.944821285
          0,           0,        1493,      -6.532497902,       -6.54218908,      -6.727897519,      -6.284680889,      -5.917595396,      -7.944817575
          0,           0,        1494,      -6.497700685,      -6.509253609,      -6.715567028,      -6.281325182,      -5.883420382,      -7.944817078
          0,           0,        1495,      -6.514837076,      -6.525820011,      -6.722901924,      -6.307967387,      -5.901006726,      -7.944818925
          0,           0,        1496,      -6.529894859,      -6.545593719,      -6.736089837,      -6.314913815,      -5.917518408,      -7.944819025
          0,           0,        1497,      -6.540049632,      -6.556672486,      -6.734065195,      -6.303945868,      -5.928128881,      -7.944816478
          0,           0,        1498,      -6.504694335,      -6.512953087,      -6.701493354,      -6.280795163,      -5.893321926,      -7.944815444
          0,           0,        1499,      -6.499312901,      -6.509229372,      -6.698657624,      -6.290556584,      -5.886659418,      -7.944820345
          0,           0,        1500,      -6.513848722,       -6.52430984,      -6.719353021,       -6.30527352,      -5.899917679,      -7.944822321
          0,           0,        1501,      -6.522907528,      -6.536075278,      -6.737447423,      -6.294081096,      -5.908299037,      -7.944819835
          0,           0,        1502,      -6.500348004,      -6.513808601,       -6.72001063,      -6.275303847,      -5.887910819,      -7.944817245
          0,           0,        1503,      -6.484335793,      -6.492435499,      -6.695255486,      -6.281919501,      -5.874273093,      -7.944820561
          0,           0,        1504,      -6.503879794,        -6.5137687,      -6.700897377,      -6.299900348,      -5.893052745,      -7.944823203
          0,           0,        1505,      -6.517039765,      -6.528032146,      -6.718154885,      -6.297391582,      -5.904531169,      -7.944821857
          0,           0,        1506,      -6.507798312,      -6.519334146,      -6.721599572,      -6.278545727,      -5.893218149,      -7.944820285
          0,           0,        1507,      -6.480760501,      -6.490957998,      -6.703650916,      -6.265678123,      -5.866677241,      -7.944820895
          0,           0,        1508,      -6.468247746,      -6.478890078,      -6.699455518,      -6.278429127,      -5.856098533,      -7.944823769
          0,           0,        1509,      -6.513386513,      -6.522197878,      -6.718339785,      -6.305021274,      -5.901796381,       -7.94482486
          0,           0,        1510,       -6.51621223,      -6.528632024,      -6.720285796,      -6.283187609,      -5.904863696,      -7.944825174
          0,           0,        1511,      -6.499087523,      -6.508944538,      -6.701142255,      -6.276831081,      -5.887009096,      -7.944826953
          0,           0,        1512,      -6.484910753,       -6.49570822,      -6.695776624,      -6.280233079,      -5.872098082,      -7.944827586
          0,           0,        1513,      -6.498071434,      -6.509942104,      -6.723561261,      -6.306897875,       -5.88470035,      -7.944827346
          0,           0,        1514,      -6.546827941,      -6.557198926,      -6.749791815,      -6.309377747,      -5.932903123,      -7.944827183
          0,           0,        1515,      -6.514191776,      -6.527070083,      -6.726269923,      -6.280470647,      -5.902075858,      -7.944829462
          0,           0,        1516,      -6.516281643,      -6.527332072,      -6.706943507,      -6.300033475,      -5.904849176,      -7.944831057
          0,           0,        1517,      -6.515319587,      -6.529488542,      -6.713735578,      -6.312815451,      -5.903142194,      -7.944830129
          0,           0,        1518,      -6.548395614,      -6.563699535,      -6.743162866,      -6.328772033,       -5.93411109,      -7.944829811
          0,           0,        1519,      -6.537325784,      -6.547209684,      -6.741006032,      -6.291904567,      -5.922991997,      -7.944831631
          0,           0,        1520,      -6.502279065,      -6.513227608,      -6.721168197,      -6.287443769,      -5.889907748,      -7.944834952
          0,           0,        1521,      -6.520686299,      -6.531779108,       -6.72002182,      -6.314100329,      -5.909433449,      -7.944833587
          0,           0,        1522,      -6.538052441,      -6.553904326,       -6.72900713,      -6.323292977,      -5.926273676,      -7.944830605
          0,           0,        1523,      -6.542119592,      -6.556830535,      -6.729481671,      -6.305835287,      -5.927982682,      -7.944830394
          0,           0,        1524,        -6.4957684,      -6.503347717,      -6.704252902,      -6.274591771,      -5.881596965,        -7.9448317
          0,           0,        1525,      -6.491953011,      -6.500850364,      -6.712752429,      -6.285227945,      -5.878003752,      -7.944831288
          0,           0,        1526,      -6.517491129,      -6.529437864,      -6.736601145,      -6.308454009,      -5.904219317,      -7.944828704
          0,           0,        1527,      -6.536465985,      -6.550746066,      -6.740272481,       -6.30658665,      -5.924585723,      -7.944827803
          0,           0,        1528,      -6.509124096,      -6.521786721,       -6.70904935,      -6.282712745,      -5.898479704,      -7.944829597
          0,           0,        1529,      -6.485228931,      -6.493068395,      -6.689051028,      -6.282726536,      -5.874205665,      -7.944829822
          0,           0,        1530,      -6.511312725,      -6.519771223,      -6.717041016,      -6.300351541,      -5.898310267,       -7.94483003
          0,           0,        1531,      -6.527183887,      -6.541006951,      -6.742578893,      -6.300630468,      -5.912569642,      -7.944829535
          0,           0,        1532,      -6.504826167,      -6.514713496,      -6.725180006,      -6.276872721,      -5.890842499,      -7.944829883
          0,           0,        1533,      -6.483733869,      -6.494062017,      -6.702022089,      -6.272753297,      -5.871852249,      -7.944828733
          0,           0,        1534,      -6.490868354,      -6.500919469,      -6.706207026,      -6.296946965,       -5.88010013,      -7.944827822
          0,           0,        1535,      -6.552465282,      -6.561402007,      -6.738285737,      -6.318485509,      -5.939852738,      -7.944829243
          0,           0,        1536,      -6.522336305,      -6.535804115,      -6.727539178,      -6.287858584,        -5.9085695,      -7.944830213
          0,           0,        1537,      -6.507266491,       -6.51567087,      -6.714947226,      -6.288265022,      -5.893385907,      -7.944830767
          0,           0,        1538,      -6.498433828,      -6.509773548,      -6.721988992,      -6.297186128,      -5.885254837,      -7.944830655
          0,           0,        1539,      -6.541266711,       -6.55541412,      -6.741469877,      -6.325784159,       -5.92855895,      -7.944832677
          0,           0,        1540,      -6.560070922,      -6.569099661,      -6.734294097,      -6.311501639,      -5.947883278,      -7.944835689
          0,           0,        1541,      -6.510215942,      -6.523847566,      -6.706113313,      -6.293352169,      -5.898016773,       -7.94483638
          0,           0,        1542,      -6.517856732,      -6.527141562,      -6.715696649,        -6.3046435,      -5.905026611,      -7.944836353
          0,           0,        1543,      -6.534733154,      -6.550352515,      -6.739994076,      -6.314236055,      -5.920631688,      -7.944836966
          0,           0,        1544,      -6.539152595,      -6.554559266,       -6.73722635,      -6.304873251,      -5.925764687,      -7.944839402
          0,           0,        1545,      -6.507345449,      -6.515074088,      -6.708499339,      -6.290679111,       -5.89612299,      -7.944840716
          0,           0,        1546,      -6.506059388,      -6.518407858,      -6.711089559,      -6.296120881,      -5.894296316,       -7.94484073
          0,           0,        1547,      -6.533828097,      -6.544020452,      -6.731204471,      -6.304293384,      -5.920994425,      -7.944841878
          0,           0,        1548,      -6.519982081,      -6.535893661,      -6.724496955,      -6.292315075,      -5.905394351,      -7.944844533
          0,           0,        1549,      -6.500246952,      -6.512922117,       -6.71175161,      -6.285431013,      -5.886138185,      -7.944846811
          0,           0,        1550,      -6.500837308,      -6.508933334,      -6.723009654,      -6.300684668,      -5.888397906,      -7.944846967
          0,           0,        1551,      -6.544489551,      -6.556387084,      -6.749636695,      -6.310000634,       -5.93168967,        -7.9448465
          0,           0,        1552,      -6.533554051,      -6.545460132,      -6.727890197,      -6.295672622,      -5.921957995,      -7.944848361
          0,           0,        1553,      -6.519879835,       -6.53520786,      -6.707506491,      -6.300104135,      -5.907367301,      -7.944849232
          0,           0,        1554,      -6.510131985,      -6.523060677,      -6.717383402,        -6.3040825,      -5.896789904,      -7.944848908
          0,           0,        1555,      -6.547331875,      -6.558091473,      -6.748387962,      -6.319693498,      -5.932898745,      -7.944848539
          0,           0,        1556,      -6.543512094,      -6.553901411,      -6.745055546,      -6.295412615,      -5.929570777,      -7.944849526
          0,           0,        1557,      -6.512440793,      -6.525068699,      -6.714304703,      -6.297737943,      -5.901021817,      -7.944850231
          0,           0,        1558,      -6.521735443,      -6.533995498,      -6.713566193,      -6.309713807,      -5.910463332,      -7.944851405
          0,           0,        1559,      -6.536101428,      -6.548630403,      -6.722452633,      -6.311393332,      -5.923875295,        -7.9448517
          0,           0,        1560,      -6.526126021,      -6.538878461,      -6.724819588,      -6.288672292,      -5.911641303,      -7.944851986
          0,           0,        1561,      -6.493128481,      -6.501265095,      -6.708344993,      -6.276810853,      -5.879224071,      -7.944850898
          0,           0,        1562,      -6.493541296,      -6.507491807,      -6.712383568,      -6.290340272,      -5.880280125,      -7.944849139
          0,           0,        1563,      -6.514739835,      -6.526975455,      -6.729426037,      -6.296215427,      -5.901603427,      -7.944849181
          0,           0,        1564,      -6.521291457,      -6.535032469,      -6.719950266,      -6.288612508,      -5.908935938,       -7.94485001
          0,           0,        1565,      -6.492850161,      -6.504923032,      -6.697784495,      -6.269562401,      -5.880297903,      -7.944850165
          0,           0,        1566,      -6.494895763,      -6.503816832,      -6.704801724,      -6.293741702,      -5.882054919,      -7.944847196
          0,           0,        1567,      -6.536666706,      -6.552706937,      -6.743809404,      -6.307901031,      -5.922732855,      -7.944845309
          0,           0,        1568,      -6.526068964,      -6.535131094,      -6.735586927,      -6.290795459,      -5.913368216,      -7.944847987
          0,           0,        1569,      -6.518007112,      -6.531481575,      -6.712089898,      -6.298430693,      -5.906267407,      -7.944849687
          0,           0,        1570,       -6.51511621,      -6.525596997,      -6.713747565,      -6.304692527,      -5.903802249,      -7.944848278
          0,           0,        1571,      -6.555144298,      -6.564215818,      -6.734237396,      -6.326933776,       -5.94194655,      -7.944843934
          0,           0,        1572,      -6.534896452,      -6.549866102,      -6.729374645,      -6.290331829,      -5.919598155,      -7.944843204
          0,           0,        1573,      -6.501226162,      -6.509751363,      -6.713001334,      -6.289703034,      -5.887683856,      -7.944845845
          0,           0,        1574,      -6.511829498,      -6.526068466,      -6.721305589,      -6.300343937,       -5.89851985,      -7.944844974
          0,           0,        1575,      -6.543099194,       -6.55569727,      -6.735126027,      -6.312348437,      -5.930853584,      -7.944843202
          0,           0,        1576,      -6.537352869,      -6.546031912,      -6.717472668,      -6.298454137,       -5.92572637,      -7.944841816
          0,           0,        1577,      -6.497172853,      -6.509312638,      -6.694116335,      -6.282258937,      -5.884816305,      -7.944844038
          0,           0,        1578,      -6.511768037,      -6.520468999,      -6.715962767,      -6.297225436,      -5.898989183,      -7.944845926
          0,           0,        1579,      -6.525949926,       -6.54055175,      -6.734137698,       -6.28710177,      -5.911897932,      -7.944845369
          0,           0,        1580,      -6.510521702,      -6.521540593,      -6.718238221,      -6.282529758,      -5.898122145,      -7.944845366
          0,           0,        1581,      -6.501901374,      -6.510440925,      -6.711489532,      -6.283284508,      -5.890658937,      -7.944845213
          0,           0,        1582,      -6.524061415,      -6.536612722,      -6.724173218,      -6.308022336,       -5.91183584,      -7.944845853
          0,           0,        1583,        -6.5516021,       -6.56586766,      -6.734726722,      -6.296123516,      -5.937232986,      -7.944844731
          0,           0,        1584,      -6.510360811,      -6.524099015,      -6.716656656,      -6.288077715,      -5.895861516,      -7.944845552
          0,           0,        1585,      -6.521457028,      -6.534225946,      -6.721748579,      -6.302601772,      -5.907173151,      -7.944848114
          0,           0,        1586,      -6.536869475,      -6.550427884,        -6.7387709,       -6.30123291,      -5.923632208,      -7.944847206
          0,           0,        1587,       -6.53497436,      -6.547212383,      -6.721427549,      -6.297590222,      -5.923211642,      -7.944847539
          0,           0,        1588,      -6.505710466,      -6.518297154,      -6.699241422,      -6.284063881,       -5.89459427,      -7.944848015
          0,           0,        1589,      -6.512878962,      -6.524163221,      -6.706461454,      -6.302626992,      -5.900354863,       -7.94485096
          0,           0,        1590,      -6.530605925,      -6.544583329,      -6.725332933,      -6.296422516,      -5.917055841,      -7.944850741
          0,           0,        1591,      -6.512016949,      -6.526626166,      -6.720360312,      -6.277396644,      -5.898274841,      -7.944846727
          0,           0,        1592,      -6.494916342,      -6.505580682,      -6.705757326,      -6.279797288,      -5.882777465,      -7.944846003
          0,           0,        1593,      -6.508973393,      -6.521331865,      -6.715420987,      -6.298882403,      -5.897115838,      -7.944846335
          0,           0,        1594,      -6.542698947,      -6.553546383,      -6.725956561,      -6.296038584,      -5.928713645,      -7.944846624
          0,           0,        1595,      -6.505556584,      -6.517262561,      -6.707908849,      -6.276893277,      -5.891962626,      -7.944842793
          0,           0,        1596,      -6.512556233,      -6.525414507,      -6.716204349,      -6.292384861,      -5.898165478,      -7.944839652
          0,           0,        1597,      -6.527863897,      -6.536943907,      -6.729491514,      -6.300224684,      -5.914416081,      -7.944840974
          0,           0,        1598,      -6.537170505,      -6.549226592,       -6.72455415,       -6.29136182,      -5.924899198,      -7.944839692
          0,           0,        1599,      -6.503960237,       -6.51324812,      -6.696297519,      -6.276320831,       -5.89285147,      -7.944836947
          0,           0,        1600,      -6.506030483,      -6.516765172,       -6.69280795,      -6.284867466,      -5.894265467,      -7.944832341
          0,           0,        1601,      -6.515052654,      -6.528107132,      -6.710371888,      -6.289501474,      -5.901634938,      -7.944829513
          0,           0,        1602,      -6.510983294,      -6.519336766,      -6.707476975,      -6.265802797,      -5.896771697,      -7.944827586
          0,           0,        1603,        -6.4906988,      -6.500679883,      -6.710077094,      -6.270265738,      -5.877350549,      -7.944821131
          0,           0,        1604,      -6.504059703,      -6.516111079,      -6.709813116,       -6.28601927,      -5.891883679,      -7.944816796
          0,           0,        1605,      -6.529877724,      -6.544677361,       -6.70967994,      -6.283795899,      -5.916698383,      -7.944814632
          0,           0,        1606,      -6.494794436,      -6.508418629,      -6.698962772,       -6.27805985,      -5.881982785,      -7.944812084
          0,           0,        1607,      -6.523609931,      -6.534805305,      -6.714323474,      -6.289722263,      -5.909835553,       -7.94480768
          0,           0,        1608,      -6.524190816,      -6.534602615,        -6.7314799,      -6.299798083,      -5.910049371,      -7.944801557
          0,           0,        1609,      -6.533706275,       -6.54793396,       -6.72084608,      -6.282778277,      -5.920923881,      -7.944800932
          0,           0,        1610,      -6.500920913,      -6.511891967,      -6.704218479,      -6.277104037,      -5.889028649,      -7.944799538
          0,           0,        1611,       -6.50218296,      -6.513772553,      -6.697221029,       -6.27740024,       -5.89020806,      -7.944794144
          0,           0,        1612,      -6.517354234,      -6.530548692,      -6.707761142,      -6.284478548,      -5.904361615,      -7.944788141
          0,           0,        1613,      -6.509397322,      -6.518390904,      -6.706260762,      -6.270164878,      -5.895377197,      -7.944785726
          0,           0,        1614,      -6.490484994,      -6.504177262,      -6.705874196,      -6.265170928,      -5.877115714,      -7.944786905
          0,           0,        1615,      -6.506160924,      -6.516405735,      -6.719960748,      -6.287056002,      -5.893500258,      -7.944783441
          0,           0,        1616,      -6.525978195,      -6.538656031,      -6.709580732,       -6.26799813,      -5.913295934,      -7.944779576
          0,           0,        1617,      -6.490680078,      -6.503139062,      -6.695698866,      -6.268986396,      -5.878927231,      -7.944780637
          0,           0,        1618,      -6.506739109,      -6.515573611,       -6.69609183,      -6.272179978,      -5.894423418,      -7.944783458
          0,           0,        1619,       -6.50130905,      -6.513968105,      -6.713664931,      -6.278604397,      -5.888383562,      -7.944783969
          0,           0,        1620,      -6.516266956,      -6.525725917,      -6.716245602,      -6.261596394,      -5.903016362,      -7.944781873
          0,           0,        1621,      -6.476612212,      -6.487144209,      -6.690231476,      -6.253585022,       -5.86463509,      -7.944782687
          0,           0,        1622,      -6.489115132,      -6.501507579,      -6.702571286,      -6.272371526,      -5.876651385,      -7.944786386
          0,           0,        1623,       -6.51199523,      -6.521823426,      -6.704565284,      -6.269511683,      -5.898673959,      -7.944785642
          0,           0,        1624,      -6.495929895,      -6.508202668,      -6.702669142,      -6.261746096,      -5.881827543,      -7.944784078
          0,           0,        1625,      -6.468637587,      -6.477038633,      -6.690292072,      -6.249874777,      -5.854513041,      -7.944785234
          0,           0,        1626,      -6.475970886,      -6.486962079,      -6.699425257,      -6.275858279,      -5.863015861,      -7.944788782
          0,           0,        1627,      -6.523887952,      -6.538884183,        -6.7301928,      -6.290234478,       -5.91084014,      -7.944790784
          0,           0,        1628,      -6.509722278,      -6.518725633,      -6.703445704,      -6.266845712,      -5.898447996,      -7.944789757
          0,           0,        1629,       -6.48927759,      -6.499230941,      -6.684447032,      -6.265584124,       -5.87782505,      -7.944791706
          0,           0,        1630,      -6.481308238,      -6.490779474,      -6.693607281,        -6.2752159,      -5.869258887,      -7.944796655
          0,           0,        1631,      -6.522466256,      -6.535208302,      -6.726288416,      -6.303550851,      -5.908878955,       -7.94479805
          0,           0,        1632,      -6.529483796,      -6.544163533,      -6.729330238,      -6.281862797,      -5.915394526,      -7.944797909
          0,           0,        1633,      -6.493971563,      -6.501979514,      -6.699598547,       -6.26826503,      -5.881920216,       -7.94479934
          0,           0,        1634,      -6.503266896,      -6.511971649,       -6.70637769,      -6.283975874,      -5.891338791,      -7.944802142
          0,           0,        1635,       -6.53019772,      -6.543751013,      -6.722400201,      -6.299147005,      -5.917521598,      -7.944801061
          0,           0,        1636,      -6.528765743,      -6.540015768,      -6.719732132,      -6.285084431,      -5.914321723,      -7.944798642
          0,           0,        1637,      -6.487159357,      -6.498805572,      -6.699359987,      -6.273419597,      -5.873427488,      -7.944801537
          0,           0,        1638,      -6.488351614,      -6.497700609,      -6.709145911,      -6.273708216,      -5.875335007,      -7.944803837
          0,           0,        1639,      -6.514289452,      -6.522313619,      -6.730079414,      -6.287058229,      -5.901735061,      -7.944804539
          0,           0,        1640,      -6.528653319,      -6.542948813,       -6.72437572,      -6.291464406,      -5.916866755,      -7.944799987
          0,           0,        1641,      -6.502664519,      -6.510186387,       -6.70039927,      -6.278669485,      -5.891036015,      -7.944798225
          0,           0,        1642,      -6.491045995,      -6.502693542,      -6.700624048,      -6.288513276,       -5.87839571,      -7.944800606
          0,           0,        1643,      -6.524848903,      -6.538124345,      -6.739531823,      -6.290451639,      -5.910666381,      -7.944799966
          0,           0,        1644,      -6.523396513,       -6.53154281,      -6.739653706,      -6.281097257,      -5.909859384,      -7.944796553
          0,           0,        1645,      -6.517767581,      -6.531268407,      -6.720524387,      -6.294890561,      -5.905652591,      -7.944791736
          0,           0,        1646,      -6.514679176,      -6.522156181,      -6.719367742,      -6.302078107,      -5.903776224,      -7.944792349
          0,           0,        1647,      -6.537086859,      -6.552107907,      -6.732192084,      -6.312951252,      -5.924198721,      -7.944793338
          0,           0,        1648,      -6.534789972,      -6.550208552,      -6.731888982,      -6.284698839,      -5.919810049,      -7.944791643
          0,           0,        1649,      -6.508462711,      -6.516324582,      -6.715252876,      -6.288177023,      -5.894645276,      -7.944789465
          0,           0,        1650,      -6.518138533,      -6.531746707,      -6.724357552,      -6.307359018,      -5.904298575,      -7.944788434
          0,           0,        1651,      -6.535773505,      -6.544955458,      -6.738357017,      -6.313746757,      -5.923774505,      -7.944789182
          0,           0,        1652,      -6.543107339,      -6.558932922,      -6.732970164,      -6.304443432,      -5.931442492,      -7.944786642
          0,           0,        1653,      -6.505227649,      -6.519601012,      -6.703178292,      -6.282052669,      -5.893502111,      -7.944783939
          0,           0,        1654,      -6.505282629,       -6.51328371,      -6.697991804,      -6.296352805,      -5.892962096,      -7.944783406
          0,           0,        1655,      -6.511774031,      -6.524499023,      -6.721269081,      -6.300924067,      -5.897642702,      -7.944782359
          0,           0,        1656,      -6.524857798,      -6.535407109,      -6.738415084,      -6.292481814,      -5.910534043,      -7.944779445
          0,           0,        1657,      -6.502829451,      -6.515478256,      -6.719638603,      -6.273425909,      -5.890113287,      -7.944776406
          0,           0,        1658,      -6.478332578,      -6.491539215,       -6.69116637,      -6.280194425,      -5.867544533,      -7.944777787
          0,           0,        1659,      -6.509097704,      -6.516544291,      -6.701954972,      -6.303159062,      -5.898290286,      -7.944780459
          0,           0,        1660,      -6.519947141,       -6.53066535,      -6.723124005,       -6.29386978,      -5.907234454,      -7.944778556
          0,           0,        1661,      -6.508772075,      -6.520137783,      -6.721017054,      -6.277268219,      -5.894969257,      -7.944775212
          0,           0,        1662,      -6.483294787,      -6.493656643,      -6.706408141,      -6.268411805,       -5.86957241,      -7.944775874
          0,           0,        1663,       -6.47443013,      -6.487331993,      -6.702356607,      -6.287186605,       -5.86206959,       -7.94477977
          0,           0,        1664,      -6.525234899,      -6.536172552,      -6.733201619,      -6.303275735,      -5.912392817,      -7.944779565
          0,           0,        1665,      -6.518593584,      -6.527703698,      -6.722750151,      -6.277774091,      -5.905899282,       -7.94477705
          0,           0,        1666,      -6.502183965,      -6.514346435,      -6.704859358,      -6.280857599,      -5.889411427,      -7.944778319
          0,           0,        1667,      -6.500815244,      -6.510422352,      -6.714712412,      -6.293860589,      -5.887596046,      -7.944782727
          0,           0,        1668,      -6.529280633,      -6.545203352,      -6.739151235,      -6.324414328,       -5.91578665,      -7.944785271
          0,           0,        1669,      -6.551515693,       -6.56658753,      -6.753723621,      -6.299730839,      -5.937814237,      -7.944785277
          0,           0,        1670,      -6.513192222,      -6.522609035,      -6.720336321,       -6.28872648,      -5.901792744,       -7.94478609
          0,           0,        1671,      -6.525632912,      -6.539535283,      -6.715936533,      -6.311455988,      -5.914086428,      -7.944788864
          0,           0,        1672,      -6.536419293,      -6.545480696,      -6.730038397,      -6.320230638,      -5.923415666,      -7.944790827
          0,           0,        1673,      -6.543961711,      -6.559955731,      -6.739271813,      -6.313241982,      -5.928440069,      -7.944791621
          0,           0,        1674,      -6.505120027,      -6.516428595,       -6.72560453,      -6.276105885,      -5.890629061,      -7.944793464
          0,           0,        1675,      -6.496772384,      -6.505715289,      -6.714899494,      -6.288278899,      -5.884124261,      -7.944795813
          0,           0,        1676,      -6.517745331,      -6.531028142,      -6.726602519,      -6.312166766,      -5.906194342,      -7.944797508
          0,           0,        1677,       -6.54244578,      -6.551985934,       -6.73266097,      -6.316009985,       -5.93124521,       -7.94479895
          0,           0,        1678,      -6.519524377,      -6.534352026,       -6.71466503,      -6.286635373,      -5.906496895,      -7.944801478
          0,           0,        1679,      -6.480148424,      -6.491784503,      -6.695766884,      -6.272668892,      -5.866537226,      -7.944805744
          0,           0,        1680,      -6.491998467,      -6.501698557,      -6.711871585,      -6.288327126,      -5.878271375,      -7.944807607
          0,           0,        1681,      -6.515368244,      -6.527649786,      -6.739554439,      -6.300649872,       -5.90150075,      -7.944808339
          0,           0,        1682,      -6.521144056,      -6.531083961,      -6.731134449,      -6.292430568,      -5.909538881,      -7.944811151
          0,           0,        1683,       -6.49849377,      -6.511476541,      -6.701127476,      -6.274725018,      -5.887879605,      -7.944814364
          0,           0,        1684,      -6.473731673,      -6.485031102,      -6.681492408,      -6.278972333,      -5.862964188,      -7.944815222
          0,           0,        1685,      -6.510841296,      -6.519833052,      -6.711840109,       -6.30048296,      -5.898272531,      -7.944814283
          0,           0,        1686,      -6.516393539,      -6.526657234,      -6.733937189,      -6.281446686,      -5.901946088,      -7.944816849
          0,           0,        1687,      -6.491130941,      -6.501766431,      -6.714954691,      -6.267005892,      -5.877735599,        -7.9448195
          0,           0,        1688,      -6.479938422,      -6.490276584,      -6.703304671,      -6.270095638,      -5.867821016,      -7.944820212
          0,           0,        1689,      -6.490518871,      -6.501677204,      -6.704715195,      -6.301880801,      -5.879424438,       -7.94481856
          0,           0,        1690,      -6.552498253,      -6.564817986,      -6.739704478,      -6.316550011,      -5.939852648,      -7.944819164
          0,           0,        1691,      -6.519608593,      -6.529013047,      -6.723756787,      -6.282202278,      -5.906161343,      -7.944821973
          0,           0,        1692,      -6.505593125,       -6.51706361,      -6.712243446,      -6.289757107,      -5.892342363,      -7.944822255
          0,           0,        1693,        -6.5073714,      -6.516926726,      -6.729775871,      -6.304064775,      -5.894170899,       -7.94481998
          0,           0,        1694,      -6.545813492,       -6.56077824,      -6.742590256,      -6.331373516,      -5.932993306,      -7.944817875
          0,           0,        1695,      -6.553244884,      -6.564763704,      -6.741722673,      -6.299581836,      -5.940498103,      -7.944819393
          0,           0,        1696,      -6.508723652,      -6.517690142,      -6.706701968,      -6.289126809,      -5.896340455,      -7.944820231
          0,           0,        1697,      -6.520078434,       -6.53100809,      -6.716206102,      -6.308637195,      -5.907103225,      -7.944819407
          0,           0,        1698,      -6.541729347,       -6.55096308,       -6.74766443,      -6.318000283,      -5.927478417,      -7.944818435
          0,           0,        1699,      -6.542853684,      -6.559545772,      -6.739728893,       -6.30616887,      -5.928847199,      -7.944818127
          0,           0,        1700,      -6.502233281,      -6.511104326,      -6.717554228,      -6.279104547,      -5.890851046,      -7.944819248
          0,           0,        1701,      -6.503332498,      -6.512448538,      -6.711139819,      -6.295928578,      -5.892193008,      -7.944817568
          0,           0,        1702,      -6.537711971,      -6.548825593,      -6.735016563,       -6.31495891,      -5.925856655,      -7.944815746
          0,           0,        1703,      -6.534768575,      -6.543901855,      -6.732667545,       -6.29791346,      -5.920863116,      -7.944815486
          0,           0,        1704,      -6.499438096,       -6.51336207,      -6.708763348,       -6.27886716,      -5.884744561,      -7.944815224
          0,           0,        1705,      -6.488974737,      -6.498660355,      -6.718321667,      -6.289482973,      -5.875625179,      -7.944814289
          0,           0,        1706,      -6.534462164,      -6.547387076,      -6.746585875,      -6.315322554,      -5.921002791,      -7.944812368
          0,           0,        1707,      -6.541221005,      -6.551590242,      -6.742079337,      -6.298314556,      -5.929249853,      -7.944814383
          0,           0,        1708,      -6.520208703,      -6.529634845,      -6.713899961,        -6.2929828,      -5.909038969,      -7.944816574
          0,           0,        1709,      -6.502592749,       -6.51700939,      -6.708602905,      -6.294358346,      -5.890480739,      -7.944816366
          0,           0,        1710,      -6.531531797,      -6.544180238,      -6.738768941,      -6.322242728,      -5.918004456,      -7.944815552
          0,           0,        1711,      -6.565301142,      -6.579288106,      -6.759581256,       -6.31812614,      -5.950583494,      -7.944815866
          0,           0,        1712,      -6.524349238,       -6.53314659,      -6.732068883,      -6.296645158,      -5.911894806,      -7.944819272
          0,           0,        1713,      -6.521243586,      -6.534355392,      -6.718505722,      -6.306891079,      -5.909503243,      -7.944819074
          0,           0,        1714,      -6.533261673,      -6.548348635,      -6.727742304,      -6.321218517,      -5.921184783,      -7.944817973
          0,           0,        1715,      -6.554416875,      -6.568610919,      -6.734599238,      -6.324868335,       -5.94033717,      -7.944819172
          0,           0,        1716,      -6.519259542,       -6.53179263,      -6.722629681,      -6.293068249,      -5.904659801,      -7.944821213
          0,           0,        1717,       -6.50035794,      -6.509331664,      -6.714020864,      -6.290153299,      -5.886972974,      -7.944823929
          0,           0,        1718,      -6.509385845,      -6.523073199,      -6.726851967,      -6.301390299,      -5.896842818,      -7.944824655
          0,           0,        1719,      -6.535648058,        -6.5480274,       -6.73302775,      -6.312796867,      -5.923958836,      -7.944825387
          0,           0,        1720,       -6.52345142,       -6.53723667,      -6.709959579,      -6.296914304,      -5.911688677,      -7.944827573
          0,           0,        1721,      -6.489971022,      -6.502119818,      -6.697503487,      -6.284248781,      -5.877561514,      -7.944827764
          0,           0,        1722,       -6.49420938,      -6.503976859,      -6.707152151,      -6.286399317,      -5.880819282,      -7.944828497
          0,           0,        1723,      -6.511226691,      -6.523538941,      -6.735806088,      -6.297647637,      -5.897391837,      -7.944828819
          0,           0,        1724,      -6.521190726,      -6.532338336,      -6.737236528,      -6.297331423,      -5.908041041,      -7.944831191
          0,           0,        1725,       -6.50326482,      -6.516853062,      -6.705524787,      -6.283576931,      -5.891826708,      -7.944833235
          0,           0,        1726,      -6.480230133,      -6.490628119,      -6.694988409,      -6.282180946,      -5.869551683,      -7.944834221
          0,           0,        1727,      -6.509161576,      -6.519059435,      -6.714523041,      -6.295592112,      -5.896867498,      -7.944837734
          0,           0,        1728,      -6.525494393,      -6.535801349,      -6.735083366,      -6.294091229,       -5.91181259,      -7.944839988
          0,           0,        1729,      -6.503431439,      -6.512681781,      -6.719844814,      -6.284345346,      -5.889584625,      -7.944841318
          0,           0,        1730,      -6.490471226,      -6.503327176,      -6.708243729,      -6.283674244,      -5.877524116,      -7.944840362
          0,           0,        1731,      -6.499657557,      -6.510118922,      -6.728178846,      -6.305113515,      -5.888248035,       -7.94483952
          0,           0,        1732,      -6.554265197,      -6.566841627,      -6.750706816,      -6.317820207,      -5.941643541,      -7.944841115
          0,           0,        1733,      -6.533930088,      -6.543521064,      -6.730319848,      -6.299269576,      -5.921309352,      -7.944840819
          0,           0,        1734,      -6.519772407,      -6.529913694,       -6.71381829,      -6.301799813,       -5.90644363,      -7.944839859
          0,           0,        1735,      -6.507540671,      -6.522300693,       -6.72641841,      -6.304050586,      -5.893191929,      -7.944839178
          0,           0,        1736,      -6.545365227,      -6.561459281,      -6.757224133,      -6.323262522,       -5.93142971,      -7.944839837
          0,           0,        1737,      -6.544973017,      -6.560363694,      -6.743728206,      -6.301825453,      -5.931924943,      -7.944840852
          0,           0,        1738,      -6.520725569,      -6.528907998,      -6.714275333,       -6.30686354,      -5.909774502,      -7.944839182
          0,           0,        1739,      -6.526652684,      -6.539400438,      -6.718729098,      -6.312985223,      -5.915048941,      -7.944837774
          0,           0,        1740,      -6.541580727,      -6.556494979,      -6.739420504,      -6.315658938,      -5.927804981,      -7.944837618
          0,           0,        1741,      -6.532457598,       -6.54520743,      -6.735479236,        -6.2955031,      -5.917819003,      -7.944836694
          0,           0,        1742,      -6.492907248,      -6.505540745,      -6.713910088,      -6.282742574,      -5.879511418,      -7.944833713
          0,           0,        1743,        -6.5097853,      -6.516117917,       -6.72055757,      -6.302572611,      -5.897572312,      -7.944828751
          0,           0,        1744,      -6.529562885,      -6.543419902,      -6.739195951,      -6.298828437,      -5.916774156,      -7.944827364
          0,           0,        1745,      -6.520591764,      -6.532865856,      -6.721427335,      -6.288911085,      -5.907773614,       -7.94482767
          0,           0,        1746,      -6.500891921,       -6.51296923,      -6.705698708,      -6.282221952,      -5.887802152,      -7.944825295
          0,           0,        1747,      -6.498140113,      -6.511203935,      -6.721802353,      -6.302369048,      -5.884600571,      -7.944821628
          0,           0,        1748,      -6.555371774,      -6.563905496,      -6.752594425,      -6.317751372,       -5.94192219,      -7.944819946
          0,           0,        1749,      -6.525536848,      -6.539158216,      -6.732522981,      -6.290438716,      -5.913280531,      -7.944820771
          0,           0,        1750,      -6.521556005,      -6.533472695,      -6.711171865,       -6.30447865,      -5.910079513,      -7.944820553
          0,           0,        1751,      -6.517390046,      -6.531451797,        -6.7171663,      -6.310492842,      -5.905339829,      -7.944817777
          0,           0,        1752,      -6.552188213,      -6.569266554,      -6.744703793,      -6.328701013,      -5.937656455,      -7.944815972
          0,           0,        1753,      -6.543281236,      -6.553462803,      -6.740021646,       -6.29552795,      -5.928805934,      -7.944814972
          0,           0,        1754,      -6.505622968,      -6.516593189,      -6.716909556,      -6.292789142,       -5.89273786,      -7.944814233
          0,           0,        1755,      -6.518053674,      -6.529805161,      -6.721587806,      -6.309033485,      -5.905865648,      -7.944814513
          0,           0,        1756,      -6.545339165,      -6.561571863,      -6.735162173,      -6.318777748,      -5.932740502,      -7.944815211
          0,           0,        1757,      -6.533697134,      -6.549416055,      -6.722731635,       -6.29868771,      -5.920075273,      -7.944816115
          0,           0,        1758,      -6.498439821,      -6.507698227,       -6.70102883,      -6.284220791,      -5.885249651,      -7.944815035
          0,           0,        1759,      -6.510809094,      -6.520138725,      -6.721031162,      -6.301562408,       -5.89736918,       -7.94481284
          0,           0,        1760,      -6.537631945,      -6.550158514,      -6.742480764,       -6.30072241,      -5.924285741,      -7.944814591
          0,           0,        1761,      -6.520051781,      -6.533984401,      -6.722054141,      -6.288233871,      -5.908236212,      -7.944816138
          0,           0,        1762,      -6.495385992,      -6.509137825,      -6.701896476,      -6.282213092,        -5.8842128,      -7.944815514
          0,           0,        1763,       -6.51521387,      -6.525375967,      -6.721209232,      -6.309915837,      -5.903225173,      -7.944813067
          0,           0,        1764,      -6.569756974,      -6.579068813,      -6.751114405,      -6.315725198,      -5.954986809,       -7.94481255
          0,           0,        1765,      -6.521478038,      -6.533986489,       -6.73080315,      -6.292789442,      -5.907492822,       -7.94481723
          0,           0,        1766,      -6.522682387,      -6.535668964,      -6.723225783,      -6.303539148,      -5.908749454,      -7.944819653
          0,           0,        1767,      -6.524834436,      -6.537847368,      -6.733455868,      -6.310068557,      -5.912245997,       -7.94481999
          0,           0,        1768,      -6.553667024,      -6.567975134,      -6.739041407,      -6.318256156,      -5.940634923,      -7.944819899
          0,           0,        1769,      -6.529801108,      -6.536738653,      -6.714011686,      -6.294913824,        -5.9170303,      -7.944821652
          0,           0,        1770,      -6.507968858,      -6.521126236,      -6.707120633,      -6.301260564,      -5.895101733,      -7.944825705
          0,           0,        1771,      -6.520962959,      -6.532279918,       -6.72511111,      -6.307316645,      -5.907346683,      -7.944825793
          0,           0,        1772,      -6.535158987,       -6.54920252,        -6.7337329,      -6.301971021,      -5.921944323,      -7.944825656
          0,           0,        1773,      -6.506940286,      -6.520564542,      -6.712474434,      -6.279890071,      -5.895102881,      -7.944826264
          0,           0,        1774,      -6.488786546,      -6.494797113,       -6.68834507,      -6.282415942,      -5.878092782,      -7.944827057
          0,           0,        1775,      -6.505716571,      -6.518718703,      -6.709376912,      -6.292965546,      -5.893008907,      -7.944829901
          0,           0,        1776,      -6.517940462,      -6.529270414,      -6.724695526,      -6.280491264,      -5.903897398,      -7.944830929
          0,           0,        1777,      -6.496888189,      -6.511260408,      -6.712450736,      -6.271641735,      -5.882581865,      -7.944833401
          0,           0,        1778,      -6.485561186,      -6.497191443,      -6.708579628,      -6.275753784,      -5.872648213,      -7.944833686
          0,           0,        1779,      -6.517867194,      -6.525740373,      -6.722820434,      -6.307578846,      -5.906206131,      -7.944834049
          0,           0,        1780,      -6.551492215,      -6.564869815,      -6.738699902,       -6.29450148,      -5.938149049,      -7.944835109
          0,           0,        1781,      -6.512106106,      -6.522266229,      -6.709780184,      -6.281484131,      -5.898979135,      -7.944835779
          0,           0,        1782,      -6.517507547,      -6.531935008,      -6.712860411,      -6.295692731,      -5.903747873,      -7.944836461
          0,           0,        1783,      -6.529116088,      -6.544527432,      -6.731580974,       -6.29236916,      -5.915103916,      -7.944833197
          0,           0,        1784,      -6.517206152,      -6.526296579,      -6.711433913,      -6.271519394,      -5.905192123,      -7.944832071
          0,           0,        1785,      -6.490171071,      -6.499191212,      -6.695836524,      -6.265862982,      -5.878986874,      -7.944833237
          0,           0,        1786,      -6.502077724,      -6.512555534,      -6.694806614,      -6.270392136,       -5.89015507,      -7.944834184
          0,           0,        1787,      -6.499942539,      -6.513445939,      -6.698263724,      -6.270597594,      -5.886607019,      -7.944834164
          0,           0,        1788,      -6.488667932,      -6.502405044,      -6.693102431,      -6.251668971,      -5.874555268,      -7.944831005
          0,           0,        1789,      -6.479572034,      -6.488257092,      -6.700644322,      -6.260504893,       -5.86659504,      -7.944830579
          0,           0,        1790,      -6.512793857,      -6.520483779,      -6.711444526,      -6.274237067,      -5.900554714,      -7.944830744
          0,           0,        1791,      -6.513387524,       -6.52752754,      -6.699687242,      -6.261388101,      -5.901096445,      -7.944829621
          0,           0,        1792,       -6.49069667,      -6.502320841,      -6.696728504,      -6.267552833,      -5.878882624,       -7.94482762
          0,           0,        1793,      -6.512059656,      -6.524718964,       -6.70473575,      -6.270184748,      -5.899020956,       -7.94482583
          0,           0,        1794,      -6.513595071,      -6.525604944,       -6.71663625,      -6.275757879,      -5.899813544,      -7.944826545
          0,           0,        1795,      -6.507449953,      -6.514104889,      -6.702750395,       -6.25585154,      -5.894300295,       -7.94482537
          0,           0,        1796,      -6.479731552,      -6.493267526,      -6.691096748,      -6.264790216,      -5.867357962,      -7.944824737
          0,           0,        1797,      -6.501904743,      -6.512117694,      -6.694907171,      -6.254700344,      -5.888853034,      -7.944826405
          0,           0,        1798,      -6.483426211,      -6.494369389,      -6.681628661,      -6.252365486,      -5.870689614,      -7.944826896
          0,           0,        1799,      -6.481041864,      -6.492417511,      -6.688570194,      -6.249074924,      -5.867797653,      -7.944826589
          0,           0,        1800,      -6.480545514,      -6.486336782,      -6.697007559,      -6.260506113,      -5.868420893,      -7.944824939
          0,           0,        1801,        -6.5140652,      -6.528103377,      -6.717580798,      -6.279477228,      -5.901735573,      -7.944826206
          0,           0,        1802,      -6.511384431,      -6.521408841,      -6.707863728,      -6.265441271,      -5.899781768,      -7.944827978
          0,           0,        1803,      -6.500404757,      -6.514459392,      -6.701113613,      -6.282978546,      -5.888724195,      -7.944825652
          0,           0,        1804,      -6.525250727,      -6.537118833,      -6.716401992,      -6.291898559,      -5.912015126,      -7.944824558
          0,           0,        1805,      -6.531233761,      -6.539265317,      -6.719339944,      -6.288890238,      -5.916778456,      -7.944825604
          0,           0,        1806,      -6.497698743,      -6.509022699,      -6.709716865,      -6.263918153,      -5.882970268,      -7.944828489
          0,           0,        1807,      -6.478564905,      -6.488390398,      -6.697785791,      -6.270569316,      -5.865702575,      -7.944828168
          0,           0,        1808,      -6.504994464,      -6.519552819,      -6.710849392,      -6.285536476,      -5.892137614,      -7.944827305
          0,           0,        1809,      -6.514300766,      -6.526906508,      -6.709271993,      -6.280952277,      -5.901926469,      -7.944829031
          0,           0,        1810,      -6.505779152,      -6.514572865,      -6.698644778,      -6.278232918,      -5.893335591,      -7.944831235
          0,           0,        1811,      -6.485643836,      -6.494095123,      -6.701053908,      -6.270192464,      -5.872514507,      -7.944831579
          0,           0,        1812,      -6.503376123,      -6.514802132,      -6.716294329,      -6.295053327,      -5.890105425,      -7.944830729
          0,           0,        1813,      -6.536579447,      -6.551384678,       -6.73554339,      -6.296698905,      -5.922963355,      -7.944831575
          0,           0,        1814,      -6.507544065,      -6.519056267,      -6.707586522,      -6.278274778,      -5.895853054,      -7.944834248
          0,           0,        1815,      -6.511587229,      -6.519879001,      -6.702537978,      -6.287195059,      -5.900077324,      -7.944834213
          0,           0,        1816,      -6.524064896,      -6.532727602,      -6.724641863,      -6.298757497,      -5.911538375,       -7.94483387
          0,           0,        1817,      -6.539509499,      -6.554058103,      -6.732311961,      -6.298608955,      -5.924867307,      -7.944836248
          0,           0,        1818,      -6.505417088,      -6.517112008,      -6.715454261,      -6.276708699,      -5.891305554,      -7.944839108
          0,           0,        1819,      -6.488608336,      -6.500155825,      -6.702495102,      -6.277867077,       -5.87592955,      -7.944840269
          0,           0,        1820,      -6.507461599,      -6.518038058,      -6.719573959,      -6.289148092,      -5.895225711,      -7.944838479
          0,           0,        1821,      -6.540034573,      -6.547856303,      -6.728547145,      -6.297729035,      -5.927815879,      -7.944838898
          0,           0,        1822,      -6.506643401,      -6.521459382,      -6.705501237,      -6.275890668,      -5.893669966,      -7.944841776
          0,           0,        1823,      -6.487805933,      -6.497326899,      -6.698069025,      -6.283345072,      -5.874861376,      -7.944840727
          0,           0,        1824,      -6.503074723,      -6.516044389,      -6.721073862,      -6.285517198,       -5.88967886,      -7.944837464
          0,           0,        1825,      -6.519512298,         -6.531304,      -6.740845563,      -6.284752173,      -5.906193458,      -7.944835849
          0,           0,        1826,      -6.527181366,      -6.534142469,      -6.723827066,      -6.292836854,      -5.915785571,      -7.944837242
          0,           0,        1827,      -6.498869905,      -6.513284794,      -6.703945112,      -6.287483322,      -5.887599255,      -7.944837882
          0,           0,        1828,      -6.516324771,      -6.526178489,      -6.720004523,      -6.310385661,      -5.904129967,       -7.94483482
          0,           0,        1829,      -6.543781089,      -6.559093539,      -6.742440746,      -6.300515396,      -5.928779131,      -7.944835045
          0,           0,        1830,      -6.512302928,      -6.524251339,       -6.72796549,      -6.282898627,      -5.897724998,       -7.94483574
          0,           0,        1831,      -6.522660143,      -6.529693245,      -6.721249496,      -6.306317681,      -5.909321975,      -7.944834192
          0,           0,        1832,      -6.522512137,      -6.536527395,      -6.732404239,      -6.311796344,      -5.910216321,      -7.944829602
          0,           0,        1833,      -6.550088559,      -6.563654625,      -6.739447115,      -6.318553621,      -5.938020867,      -7.944828093
          0,           0,        1834,      -6.521510355,      -6.536511759,       -6.71641482,      -6.282261639,      -5.908394792,      -7.944830308
          0,           0,        1835,      -6.498363718,      -6.511749675,      -6.704154936,      -6.290041789,      -5.884966008,      -7.944828859
          0,           0,        1836,      -6.518171461,      -6.528104998,      -6.721959943,      -6.308784486,      -5.904315943,      -7.944824505
          0,           0,        1837,      -6.530389809,      -6.543663971,      -6.740260884,      -6.305629689,      -5.916096438,       -7.94482044
          0,           0,        1838,       -6.52608801,      -6.537172224,      -6.728838598,      -6.288690728,       -5.91379461,      -7.944821583
          0,           0,        1839,      -6.489790131,      -6.502800502,      -6.696139158,      -6.277956007,      -5.878482704,      -7.944822606
          0,           0,        1840,      -6.498994642,      -6.511551048,       -6.69577148,      -6.298009094,      -5.887524848,      -7.944819784
          0,           0,        1841,      -6.521894517,      -6.532166011,       -6.72529945,      -6.300999242,      -5.908847007,      -7.944816289
          0,           0,        1842,      -6.521828889,      -6.531607349,      -6.731993316,      -6.284281653,      -5.907405417,      -7.944814989
          0,           0,        1843,      -6.489775387,      -6.501393773,      -6.711807438,      -6.268906152,      -5.876728393,      -7.944815435
          0,           0,        1844,      -6.481698842,      -6.493247662,      -6.704834687,      -6.286158813,      -5.869552704,      -7.944812693
          0,           0,        1845,      -6.527011734,      -6.540357407,      -6.727374091,      -6.311612499,       -5.91458445,      -7.944809841
          0,           0,        1846,      -6.523805478,      -6.536313432,      -6.726822972,      -6.282965643,       -5.91058775,       -7.94481086
          0,           0,        1847,      -6.506567991,      -6.516350776,      -6.707826376,      -6.283623207,      -5.893078519,      -7.944812537
          0,           0,        1848,      -6.496320901,      -6.510958244,      -6.715365647,      -6.291637616,      -5.883060917,       -7.94481223
          0,           0,        1849,      -6.530809655,      -6.542760929,      -6.740913128,      -6.324658459,      -5.917658594,      -7.944811397
          0,           0,        1850,      -6.558815698,      -6.573965399,      -6.748845038,      -6.309141352,      -5.945793739,       -7.94481464
          0,           0,        1851,      -6.513054178,      -6.526522598,      -6.719403379,      -6.288380032,      -5.901154148,      -7.944817321
          0,           0,        1852,      -6.525009524,      -6.536998939,      -6.713477492,      -6.308736017,      -5.912824896,      -7.944816336
          0,           0,        1853,      -6.530489768,      -6.547067529,      -6.732875965,      -6.316133564,      -5.916795391,      -7.944815176
          0,           0,        1854,       -6.54794167,      -6.562306027,      -6.744232666,      -6.316497339,      -5.932790723,      -7.944816964
          0,           0,        1855,      -6.507787696,      -6.521382011,      -6.723801522,      -6.279445495,      -5.894346563,       -7.94482045
          0,           0,        1856,       -6.49307566,      -6.504518247,      -6.711789447,       -6.28464624,      -5.880860046,      -7.944820003
          0,           0,        1857,      -6.520135456,      -6.528620287,      -6.720613449,      -6.312017862,      -5.909054202,       -7.94481906
          0,           0,        1858,      -6.537776218,       -6.55286615,      -6.731850693,      -6.309820462,      -5.925418416,      -7.944821741
          0,           0,        1859,      -6.517253498,      -6.528875512,      -6.715657583,       -6.28438296,      -5.903434771,      -7.944826095
          0,           0,        1860,      -6.478117549,      -6.490883132,      -6.699711701,      -6.270689313,      -5.864307714,      -7.944828678
          0,           0,        1861,       -6.49111693,      -6.503581021,       -6.71933982,        -6.2874144,      -5.877047345,      -7.944827552
          0,           0,        1862,      -6.528685783,      -6.538599806,      -6.743192725,      -6.303781602,      -5.915434862,      -7.944828361
          0,           0,        1863,      -6.519095324,      -6.530934504,      -6.724370633,      -6.287545694,      -5.907370893,      -7.944831385
          0,           0,        1864,      -6.498047999,      -6.509485817,      -6.699079647,      -6.282214586,      -5.887404363,      -7.944833283
          0,           0,        1865,       -6.49756675,      -6.510188429,      -6.709389798,      -6.300333509,      -5.885935793,      -7.944832742
          0,           0,        1866,      -6.544909332,       -6.55961936,      -6.743648561,      -6.318195617,      -5.931028379,      -7.944832235
          0,           0,        1867,      -6.526147475,      -6.537233422,      -6.736204778,      -6.289752311,       -5.91193956,      -7.944835382
          0,           0,        1868,      -6.507245724,      -6.516341281,      -6.716055797,      -6.289200303,      -5.893837565,      -7.944837753
          0,           0,        1869,      -6.499045484,      -6.511639811,      -6.717380166,      -6.296222207,      -5.887059277,      -7.944837725
          0,           0,        1870,       -6.54082341,      -6.553523123,      -6.737035059,      -6.325099853,      -5.927963329,      -7.944836892
          0,           0,        1871,      -6.550428393,      -6.563293623,      -6.731937925,       -6.30986987,      -5.936371519,        -7.9448377
          0,           0,        1872,      -6.509992751,      -6.521594458,      -6.714539507,      -6.293252206,      -5.896567756,      -7.944838965
          0,           0,        1873,      -6.516573789,      -6.524845496,      -6.721197056,      -6.305134695,        -5.9032535,      -7.944837609
          0,           0,        1874,      -6.534874206,      -6.550375764,       -6.74176901,      -6.317189424,      -5.922171006,      -7.944835751
          0,           0,        1875,      -6.549086909,      -6.560535529,       -6.73440826,      -6.313511702,      -5.936848389,      -7.944835734
          0,           0,        1876,      -6.509660246,      -6.521311832,       -6.70201006,       -6.29420671,      -5.898029245,      -7.944835433
          0,           0,        1877,      -6.506236604,      -6.518564129,      -6.709506437,      -6.295552056,      -5.893356769,      -7.944833903
          0,           0,        1878,      -6.527334941,      -6.536841185,      -6.732628162,      -6.301422461,      -5.913565952,      -7.944832305
          0,           0,        1879,      -6.520722932,      -6.534665445,       -6.73273294,      -6.291799225,      -5.906913753,      -7.944833278
          0,           0,        1880,      -6.507380356,      -6.518113777,      -6.715687773,      -6.290318075,      -5.894950933,       -7.94483372
          0,           0,        1881,      -6.503719566,      -6.515846407,      -6.713976527,      -6.307067143,      -5.892561765,      -7.944830606
          0,           0,        1882,      -6.545026116,      -6.558702531,      -6.740671362,      -6.310801585,       -5.93200391,      -7.944827278
          0,           0,        1883,      -6.527922519,      -6.537806357,       -6.72686582,      -6.290373335,      -5.914374896,      -7.944828024
          0,           0,        1884,      -6.513947447,      -6.526863036,      -6.715280187,      -6.293725482,      -5.899880785,       -7.94482831
          0,           0,        1885,      -6.505134666,      -6.517533942,      -6.723680349,      -6.301802366,      -5.891398261,      -7.944824222
          0,           0,        1886,      -6.545476223,       -6.56114388,      -6.748207639,      -6.323650943,      -5.932380781,      -7.944818145
          0,           0,        1887,      -6.546804509,      -6.560983502,      -6.740765503,      -6.297805128,      -5.934435846,      -7.944818511
          0,           0,        1888,      -6.516027366,      -6.525557588,      -6.706462495,      -6.298336738,      -5.904851526,      -7.944820646
          0,           0,        1889,       -6.52508132,      -6.535783789,      -6.712896026,      -6.310211105,      -5.912822795,      -7.944819406
          0,           0,        1890,      -6.534563271,      -6.549055981,      -6.732146052,      -6.310198964,       -5.92066772,      -7.944815512
          0,           0,        1891,      -6.528856489,      -6.542915177,      -6.734760108,      -6.292672893,      -5.914401899,      -7.944811822
          0,           0,        1892,      -6.491506094,      -6.503052044,      -6.708903326,      -6.278388706,      -5.879214798,      -7.944812829
          0,           0,        1893,      -6.497650502,      -6.507314995,      -6.703615165,       -6.29234622,      -5.886211406,       -7.94481146
          0,           0,        1894,      -6.518038646,      -6.526289787,      -6.714227944,      -6.299529618,      -5.906479954,      -7.944808723
          0,           0,        1895,      -6.519841262,      -6.534813362,       -6.71603924,      -6.289594117,      -5.907034415,      -7.944807127
          0,           0,        1896,      -6.485906186,      -6.496277986,      -6.702944878,      -6.262537882,      -5.871936823,      -7.944804976
          0,           0,        1897,      -6.467112698,      -6.478383243,       -6.69391155,      -6.273695012,      -5.853806484,      -7.944804743
          0,           0,        1898,      -6.494577991,      -6.505774374,      -6.717933552,      -6.289388473,      -5.881620849,      -7.944803436
          0,           0,        1899,      -6.518218021,      -6.526726906,      -6.726400637,      -6.290920676,      -5.906069267,      -7.944804485
          0,           0,        1900,      -6.500906905,      -6.515003429,      -6.706770202,      -6.277976019,      -5.889639681,      -7.944806001
          0,           0,        1901,      -6.482451055,       -6.49020021,      -6.688223164,      -6.268857106,      -5.870665816,      -7.944804192
          0,           0,        1902,      -6.478529403,      -6.489651917,      -6.693997167,      -6.292060269,      -5.866008315,      -7.944803411
          0,           0,        1903,      -6.527550468,      -6.540167971,      -6.738590975,      -6.304128463,      -5.913567192,      -7.944803017
          0,           0,        1904,      -6.518473129,      -6.527569686,      -6.730322402,       -6.28492365,       -5.90536249,      -7.944806215
          0,           0,        1905,      -6.503430868,      -6.516735616,      -6.711768624,      -6.291921412,      -5.892106707,      -7.944806751
          0,           0,        1906,       -6.51193733,      -6.521239088,      -6.716170776,      -6.303813584,      -5.900906005,      -7.944804235
          0,           0,        1907,      -6.540496661,      -6.555410718,      -6.732689307,       -6.32704075,       -5.92758638,      -7.944805207
          0,           0,        1908,      -6.543559974,       -6.55758239,      -6.734829519,      -6.296135933,      -5.928258426,      -7.944807421
          0,           0,        1909,      -6.499061625,      -6.508220872,      -6.710017616,      -6.288092556,      -5.885066926,      -7.944811671
          0,           0,        1910,      -6.511161586,      -6.525190967,      -6.722868525,      -6.297967903,      -5.897452629,      -7.944811935
          0,           0,        1911,       -6.53638662,      -6.548068757,      -6.738852139,       -6.30683806,      -5.923687385,      -7.944810768
          0,           0,        1912,      -6.529154098,      -6.544874296,      -6.719121422,       -6.29706319,      -5.917122635,       -7.94481359
          0,           0,        1913,      -6.499212216,      -6.510803466,       -6.69719613,      -6.283027949,       -5.88733545,       -7.94481589
          0,           0,        1914,       -6.51125249,      -6.521126907,      -6.710650294,      -6.298884467,      -5.898677556,      -7.944818334
          0,           0,        1915,      -6.528532693,      -6.541835445,      -6.733784317,      -6.286591569,      -5.914766215,      -7.944819138
          0,           0,        1916,      -6.509359807,      -6.521832604,      -6.718426919,      -6.276791754,       -5.89655047,      -7.944820611
          0,           0,        1917,       -6.49472771,      -6.508706635,      -6.707862508,      -6.279882959,      -5.882733229,      -7.944824282
          0,           0,        1918,      -6.516565339,      -6.529228793,      -6.718092396,      -6.297253576,      -5.904290294,      -7.944826344
          0,           0,        1919,      -6.536710451,      -6.547138294,      -6.724287567,      -6.281989527,      -5.922304055,      -7.944829038
          0,           0,        1920,      -6.501551311,      -6.509944528,      -6.709963998,      -6.272684261,      -5.887769685,      -7.944830673
          0,           0,        1921,      -6.511225873,      -6.526003864,      -6.719639279,      -6.290749377,      -5.897143456,       -7.94483128
          0,           0,        1922,      -6.533012808,      -6.546116793,      -6.732195306,      -6.294394323,      -5.919575492,      -7.944832316
          0,           0,        1923,      -6.518123377,      -6.529800109,      -6.706747147,      -6.276388804,      -5.906246243,      -7.944832145
          0,           0,        1924,      -6.488691873,      -6.499407512,      -6.688272066,      -6.266971104,      -5.876996526,        -7.9448355
          0,           0,        1925,      -6.507673261,      -6.515071546,      -6.694865829,      -6.277107425,      -5.895347264,      -7.944836636
          0,           0,        1926,      -6.503603791,      -6.518229958,      -6.706119017,      -6.274450697,      -5.890611099,      -7.944835392
          0,           0,        1927,      -6.496965758,      -6.505174898,      -6.698120183,      -6.254743087,      -5.883813364,      -7.944835263
          0,           0,        1928,      -6.477213929,      -6.487891727,      -6.697843327,       -6.26208643,      -5.864959804,      -7.944836613
          0,           0,        1929,      -6.503650988,      -6.515860016,      -6.703429604,      -6.272271939,      -5.891237779,      -7.944839334
          0,           0,        1930,      -6.513264897,      -6.521970496,      -6.692659241,      -6.261371733,      -5.899999945,      -7.944837606
          0,           0,        1931,      -6.483618841,      -6.495822086,        -6.6956728,       -6.26510768,      -5.870683822,      -7.944834223
          0,           0,        1932,      -6.513628118,      -6.521948201,      -6.707928915,      -6.271232144,      -5.900156602,      -7.944833726
          0,           0,        1933,      -6.512103148,      -6.524651421,       -6.71040401,      -6.280115576,      -5.899005192,      -7.944834346
          0,           0,        1934,       -6.50746166,      -6.519818508,       -6.69619022,       -6.25833793,      -5.895806493,      -7.944833484
          0,           0,        1935,        -6.4894792,      -6.497966313,      -6.685337836,      -6.271446426,      -5.878485808,      -7.944830485
          0,           0,        1936,      -6.500194028,      -6.513110168,      -6.690291742,      -6.255779257,      -5.887003914,      -7.944830145
          0,           0,        1937,       -6.48680167,      -6.495094059,      -6.686697066,      -6.255107545,      -5.873502591,      -7.944831424
          0,           0,        1938,       -6.48079093,      -6.492779074,      -6.688015248,      -6.247314813,      -5.866698657,      -7.944829856
          0,           0,        1939,      -6.467116716,      -6.478049039,       -6.68895626,       -6.25246133,      -5.854168264,      -7.944827838
          0,           0,        1940,      -6.507130169,      -6.515378145,      -6.701571168,      -6.270044177,      -5.894901798,      -7.944826286
          0,           0,        1941,      -6.498309416,      -6.510899654,      -6.694910695,      -6.253894424,      -5.885848789,      -7.944825055
          0,           0,        1942,      -6.501519667,      -6.512168481,      -6.703354897,      -6.280690331,       -5.88958049,      -7.944823304
          0,           0,        1943,      -6.519962303,      -6.534680563,      -6.713886528,      -6.281060718,      -5.906931656,      -7.944820398
          0,           0,        1944,      -6.516859058,      -6.529597998,      -6.711770761,      -6.277915542,      -5.903527209,      -7.944820091
          0,           0,        1945,      -6.496407273,      -6.504532852,      -6.702056026,      -6.260704132,       -5.88451168,      -7.944820497
          0,           0,        1946,      -6.486496802,      -6.497083637,       -6.69341037,      -6.272745606,      -5.874890287,      -7.944819587
          0,           0,        1947,      -6.514089399,      -6.526844987,      -6.710461781,       -6.27820754,      -5.900923295,      -7.944818477
          0,           0,        1948,      -6.494032409,      -6.506584443,      -6.701542641,      -6.261876112,      -5.880133489,      -7.944818707
          0,           0,        1949,      -6.488772578,      -6.499288583,      -6.699466806,      -6.267492754,      -5.874782306,      -7.944820493
          0,           0,        1950,      -6.486137297,      -6.497098871,      -6.711468798,      -6.271270543,       -5.87258132,      -7.944818882
          0,           0,        1951,      -6.524060158,      -6.535000697,      -6.724550034,       -6.29953455,      -5.911280009,      -7.944815213
          0,           0,        1952,      -6.535784384,      -6.550814572,      -6.724099155,      -6.288818076,      -5.923673072,      -7.944816454
          0,           0,        1953,      -6.506362823,      -6.517316436,      -6.700308554,      -6.280060363,      -5.894162619,      -7.944818597
          0,           0,        1954,      -6.505949017,      -6.517339552,       -6.70177412,      -6.287211401,      -5.893230099,      -7.944818183
          0,           0,        1955,      -6.531566106,       -6.54602253,      -6.729578908,      -6.299221321,      -5.917181812,      -7.944815188
          0,           0,        1956,      -6.531634231,      -6.542801398,      -6.723776262,      -6.288026212,      -5.917999383,      -7.944814621
          0,           0,        1957,      -6.492892639,      -6.506492569,      -6.700205008,      -6.275533297,      -5.881243548,      -7.944820073
          0,           0,        1958,      -6.491008972,      -6.499842067,      -6.695656363,      -6.277768753,      -5.879923869,      -7.944821574
          0,           0,        1959,      -6.507985297,      -6.520210405,      -6.706976336,      -6.287216365,      -5.896188108,      -7.944820113
          0,           0,        1960,       -6.52266418,      -6.535564215,      -6.716581025,      -6.287523545,      -5.908944279,      -7.944818916
          0,           0,        1961,      -6.494150211,      -6.503930634,      -6.701594793,      -6.272809533,      -5.880212263,      -7.944819802
          0,           0,        1962,      -6.483329915,      -6.495121064,       -6.70772321,      -6.281163533,      -5.869865245,      -7.944823004
          0,           0,        1963,      -6.517193354,       -6.52626714,      -6.731239883,      -6.290644056,      -5.904027085,       -7.94482095
          0,           0,        1964,      -6.518465329,      -6.531859315,      -6.720957893,      -6.281922236,      -5.905995763,      -7.944820623
          0,           0,        1965,      -6.519684448,      -6.531968571,      -6.706161042,      -6.294650679,      -5.907381824,      -7.944823376
          0,           0,        1966,      -6.510557409,       -6.52032819,      -6.708380572,      -6.297258773,      -5.898293403,      -7.944825161
          0,           0,        1967,      -6.534497012,      -6.547796854,      -6.739609797,      -6.310284811,      -5.920680689,       -7.94482629
          0,           0,        1968,      -6.539370468,      -6.550567403,      -6.742329007,      -6.289028923,      -5.926056888,         -7.944827
          0,           0,        1969,      -6.507574375,      -6.520989029,       -6.71274534,      -6.289212218,      -5.895674372,      -7.944831085
          0,           0,        1970,      -6.519966663,      -6.533105587,       -6.70888441,      -6.311088952,      -5.908375505,      -7.944833929
          0,           0,        1971,      -6.536532953,      -6.545239357,      -6.722663855,      -6.311390721,      -5.924136025,      -7.944833606
          0,           0,        1972,      -6.536891593,       -6.54900316,       -6.73097942,      -6.296150258,      -5.921845937,      -7.944832975
          0,           0,        1973,      -6.497518934,      -6.508675028,      -6.711703289,      -6.274779955,      -5.883409967,      -7.944835479
          0,           0,        1974,       -6.49462679,      -6.506315895,      -6.708749622,       -6.28993179,      -5.881292111,      -7.944839349
          0,           0,        1975,      -6.513625557,      -6.525133308,      -6.724065994,      -6.303674587,      -5.901271678,      -7.944839296
          0,           0,        1976,      -6.536021327,      -6.546552904,       -6.73312839,      -6.294786559,      -5.924503685,      -7.944838145
          0,           0,        1977,      -6.508055826,      -6.517689056,      -6.705074035,      -6.275450067,      -5.896200477,       -7.94484039
          0,           0,        1978,      -6.486481922,      -6.498073119,      -6.696837834,      -6.283379295,      -5.874289712,      -7.944844033
          0,           0,        1979,      -6.521840597,      -6.531989267,      -6.728619103,      -6.306389014,       -5.90784589,      -7.944844525
          0,           0,        1980,        -6.5235658,      -6.535401545,      -6.738748291,      -6.288098147,      -5.909524402,      -7.944842542
          0,           0,        1981,      -6.510508829,      -6.522067253,      -6.722674985,      -6.279193591,      -5.898176269,      -7.944843151
          0,           0,        1982,       -6.49746187,      -6.507678365,      -6.702759328,      -6.288847545,      -5.886590014,      -7.944844819
          0,           0,        1983,      -6.518822821,      -6.531492386,      -6.721358918,      -6.317185413,      -5.907862935,      -7.944842798
          0,           0,        1984,      -6.559632446,      -6.570580886,      -6.744218213,      -6.311268217,      -5.945342025,       -7.94484178
          0,           0,        1985,      -6.509015244,      -6.522016882,      -6.720857703,      -6.280829585,      -5.894800125,      -7.944842417
          0,           0,        1986,      -6.514564151,      -6.526658841,      -6.722166769,      -6.298437545,      -5.900498115,      -7.944843391
          0,           0,        1987,      -6.523956775,      -6.535963009,       -6.73064986,      -6.316941113,       -5.91122035,      -7.944840608
          0,           0,        1988,      -6.558912393,       -6.57338886,      -6.743544672,      -6.328803192,      -5.946964441,      -7.944839292
          0,           0,        1989,      -6.531697886,      -6.542164102,      -6.718055317,      -6.289786422,      -5.919384324,      -7.944840319
          0,           0,        1990,      -6.498680501,       -6.51119957,      -6.697635525,      -6.287614587,      -5.886034606,      -7.944841545
          0,           0,        1991,        -6.5127019,      -6.526259387,      -6.717442931,      -6.306709689,      -5.899008235,      -7.944839591
          0,           0,        1992,      -6.531260973,      -6.543562859,      -6.733706348,      -6.312871808,      -5.917335027,      -7.944834963
          0,           0,        1993,      -6.530957726,      -6.543665906,      -6.735975769,      -6.295858004,      -5.918460803,      -7.944833457
          0,           0,        1994,      -6.493540589,      -6.503354896,      -6.700746896,      -6.279280584,      -5.882699471,      -7.944834357
          0,           0,        1995,      -6.493182901,      -6.505464054,      -6.692045255,      -6.289855695,      -5.881840071,      -7.944833239
          0,           0,        1996,      -6.512597567,      -6.526476597,      -6.712243441,      -6.306240166,      -5.899519133,       -7.94483033
          0,           0,        1997,      -6.523665569,      -6.533904597,      -6.726910142,      -6.296746675,      -5.909023832,      -7.944828634
          0,           0,        1998,      -6.499706159,      -6.509730136,       -6.72110745,      -6.272142758,      -5.885594097,      -7.944830189
          0,           0,        1999,      -6.473355061,      -6.483712357,      -6.702089623,      -6.274876699,      -5.861679088,      -7.944830466
          0,           0,        2000,      -6.497447946,      -6.508006813,      -6.709824578,       -6.29426367,      -5.886354311,       -7.94482902
          0,           0,        2001,      -6.518929515,      -6.530995761,       -6.71822331,        -6.2990704,      -5.907173423,      -7.944828387
          0,           0,        2002,      -6.506924642,      -6.516672874,      -6.707732001,      -6.278500636,       -5.89417856,      -7.944829461
          0,           0,        2003,      -6.485183913,      -6.493122415,      -6.698377889,      -6.265422477,       -5.87123914,      -7.944829175
          0,           0,        2004,      -6.476172385,      -6.487074555,      -6.707528969,      -6.283806366,      -5.862940013,      -7.944826712
          0,           0,        2005,      -6.533424877,      -6.542853022,      -6.746061417,      -6.310692518,      -5.920057796,      -7.944827215
          0,           0,        2006,      -6.520221622,      -6.530991249,      -6.728093345,      -6.282259399,      -5.908253978,      -7.944830057
          0,           0,        2007,      -6.507859913,      -6.519692178,      -6.705829272,      -6.285915861,      -5.897090833,      -7.944830392
          0,           0,        2008,      -6.505832774,      -6.514886331,      -6.708924021,      -6.297679674,      -5.894570878,      -7.944829091
          0,           0,        2009,      -6.536138615,      -6.549416753,      -6.736261604,      -6.326380019,      -5.922832946,      -7.944830059
          0,           0,        2010,      -6.560595514,      -6.569675901,      -6.753604104,      -6.307668469,      -5.945537473,      -7.944835041
          0,           0,        2011,      -6.505211288,      -6.517520827,       -6.72069323,      -6.287234647,      -5.891846137,      -7.944836416
          0,           0,        2012,      -6.517121798,      -6.529990408,      -6.721345788,      -6.304468737,      -5.904744663,       -7.94483411
          0,           0,        2013,      -6.541477831,       -6.55337456,      -6.735298084,      -6.323078662,      -5.929525954,      -7.944832954
          0,           0,        2014,       -6.55215269,      -6.566048432,      -6.735150125,      -6.318599002,      -5.938751503,      -7.944836141
          0,           0,        2015,      -6.513751143,      -6.522712355,      -6.713470758,      -6.289896929,      -5.899987741,      -7.944839028
          0,           0,        2016,      -6.497581867,      -6.511189442,      -6.712937977,       -6.29290532,      -5.883954891,      -7.944837156
          0,           0,        2017,      -6.527966694,      -6.543468328,       -6.74099834,      -6.308667829,      -5.914474957,      -7.944836376
          0,           0,        2018,      -6.535122368,      -6.546382527,      -6.730132089,      -6.303054103,      -5.923232108,      -7.944838574
          0,           0,        2019,      -6.514102309,        -6.5260451,      -6.705907131,      -6.290764444,      -5.902830067,      -7.944841863
          0,           0,        2020,      -6.501648418,      -6.511032729,      -6.707410193,      -6.296266522,       -5.89023712,      -7.944841702
          0,           0,        2021,      -6.534834239,      -6.551422186,      -6.738889474,      -6.307656822,      -5.920786437,      -7.944839426
          0,           0,        2022,      -6.525468096,      -6.540666636,      -6.737269483,      -6.291575719,      -5.911400678,      -7.944840465
          0,           0,        2023,      -6.513205164,      -6.523108463,       -6.71745985,      -6.293095506,      -5.900453441,      -7.944842104
          0,           0,        2024,      -6.505797303,      -6.516233844,      -6.718334848,      -6.297312513,      -5.894256138,      -7.944840912
          0,           0,        2025,      -6.541535929,      -6.554370771,      -6.734298859,       -6.32198152,      -5.929516707,      -7.944838485
          0,           0,        2026,      -6.551726208,       -6.56696801,      -6.734570526,      -6.304511464,      -5.937183459,      -7.944838904
          0,           0,        2027,      -6.512128331,      -6.524911416,      -6.712834465,      -6.297409654,       -5.89808955,      -7.944840846
          0,           0,        2028,      -6.514753166,      -6.525883527,      -6.722467041,      -6.301569107,      -5.900641476,       -7.94483987
          0,           0,        2029,      -6.537044052,      -6.546791044,      -6.744458502,      -6.314038403,      -5.924265506,      -7.944838006
          0,           0,        2030,      -6.548777779,      -6.563226564,       -6.73974721,      -6.308747143,      -5.937505811,      -7.944838673
          0,           0,        2031,      -6.514506057,      -6.524871923,      -6.705538236,      -6.292638063,      -5.903276565,      -7.944840156
          0,           0,        2032,      -6.506689334,      -6.519440335,      -6.700049332,        -6.2998476,      -5.894357152,      -7.944837716
          0,           0,        2033,      -6.519962364,      -6.532383997,      -6.728079685,      -6.296149404,      -5.905730845,      -7.944834467
          0,           0,        2034,      -6.524076693,      -6.532755158,      -6.734744801,      -6.288120389,      -5.909377971,      -7.944834631
          0,           0,        2035,      -6.502952624,      -6.514253882,      -6.718961065,      -6.280018476,      -5.890131198,      -7.944833848
          0,           0,        2036,      -6.503383621,       -6.51111646,      -6.715039288,      -6.302580779,       -5.89224712,      -7.944828847
          0,           0,        2037,      -6.540452361,      -6.555668814,      -6.732967687,      -6.310308374,      -5.927960644,      -7.944825161
          0,           0,        2038,      -6.525517007,      -6.537351344,       -6.72529127,      -6.287386544,      -5.912193312,      -7.944827489
          0,           0,        2039,      -6.516304193,       -6.52605198,      -6.714074165,      -6.293338522,      -5.902519666,       -7.94482949
          0,           0,        2040,      -6.510544385,       -6.52111359,          -6.72685,      -6.301487455,       -5.89669707,      -7.944826304
          0,           0,        2041,      -6.553445744,      -6.562528639,      -6.749496494,      -6.328785387,      -5.940275339,      -7.944820084
          0,           0,        2042,      -6.544006695,      -6.560138066,      -6.732961112,      -6.296354467,      -5.931152171,      -7.944818284
          0,           0,        2043,      -6.508980326,      -6.521624399,       -6.70251852,      -6.292670253,      -5.897099597,      -7.944822032
          0,           0,        2044,      -6.520640069,      -6.530775493,      -6.708262054,      -6.305514755,      -5.908365727,      -7.944820499
          0,           0,        2045,       -6.53940229,      -6.551778422,      -6.734491551,      -6.311977379,      -5.925414058,      -7.944816066
          0,           0,        2046,       -6.53513783,      -6.544818113,      -6.734380704,      -6.296661201,      -5.921377431,      -7.944813155
          0,           0,        2047,      -6.490186048,      -6.503815979,      -6.704915327,      -6.275693315,      -5.878006778,      -7.944815311
          0,           0,        2048,      -6.491870701,      -6.505937131,      -6.699240131,      -6.289964615,      -5.880340522,      -7.944817892
          0,           0,        2049,      -6.518773573,      -6.528454268,      -6.713018428,      -6.295335919,      -5.907010486,      -7.944815774
          0,           0,        2050,       -6.51903611,      -6.530151207,      -6.712779705,       -6.28472624,      -5.905554383,      -7.944814661
          0,           0,        2051,      -6.484049091,      -6.494150121,      -6.699886143,      -6.263332547,      -5.870362228,      -7.944814876
          0,           0,        2052,      -6.475420505,      -6.487322205,      -6.703514522,      -6.278449107,      -5.861821868,      -7.944816476
          0,           0,        2053,      -6.512833698,      -6.526145759,      -6.728234019,      -6.296134543,      -5.899689576,      -7.944815462
          0,           0,        2054,      -6.528681724,      -6.539797434,      -6.732664605,      -6.286686527,      -5.916629363,      -7.944815248
          0,           0,        2055,      -6.511151969,      -6.521626857,      -6.704685838,      -6.283397133,      -5.899954942,      -7.944817473
          0,           0,        2056,      -6.501023144,      -6.513201825,      -6.704479356,      -6.285411219,      -5.889399734,      -7.944817026
          0,           0,        2057,      -6.531259125,      -6.543131508,      -6.734383411,      -6.308510761,      -5.917243788,      -7.944817496
          0,           0,        2058,      -6.537383684,      -6.551116868,      -6.732404168,      -6.283712768,      -5.923027149,      -7.944818312
          0,           0,        2059,      -6.500760744,      -6.512218794,      -6.713495471,      -6.282902079,      -5.888149546,       -7.94482235
          0,           0,        2060,      -6.523231872,      -6.533257857,      -6.719985946,      -6.297801276,      -5.911078244,      -7.944824811
          0,           0,        2061,        -6.5257323,      -6.538030585,      -6.719384708,      -6.280034106,      -5.913139476,      -7.944822974
          0,           0,        2062,      -6.505889942,      -6.514630446,      -6.704967996,      -6.272054182,      -5.892190723,       -7.94482331
          0,           0,        2063,      -6.486777853,      -6.499371403,      -6.697623005,      -6.273776557,       -5.87354388,       -7.94482485
          0,           0,        2064,      -6.513172753,      -6.524828251,       -6.71683851,      -6.283909773,      -5.899623471,      -7.944827717
          0,           0,        2065,      -6.508275411,      -6.517975971,      -6.710540486,      -6.267984191,      -5.895771218,       -7.94482637
          0,           0,        2066,      -6.504678651,      -6.514785399,      -6.702813414,       -6.27160107,      -5.893232952,      -7.944824479
          0,           0,        2067,      -6.500332401,      -6.509440994,      -6.703975213,      -6.279670182,      -5.888996992,      -7.944827647
          0,           0,        2068,      -6.521118987,      -6.535550476,       -6.70991607,      -6.281903847,      -5.908027345,       -7.94482985
          0,           0,        2069,      -6.499410337,      -6.511509619,      -6.703231968,       -6.25512724,       -5.88547408,      -7.944830811
          0,           0,        2070,      -6.484726317,      -6.493293178,      -6.698838302,      -6.261361157,      -5.872104969,      -7.944829145
          0,           0,        2071,      -6.506068821,      -6.515858721,      -6.705567348,       -6.26460481,      -5.893320749,      -7.944829333
          0,           0,        2072,       -6.51456708,      -6.524778658,      -6.702946438,      -6.271633683,      -5.902246976,      -7.944832117
          0,           0,        2073,      -6.491481491,      -6.504448807,      -6.685880558,      -6.249738155,      -5.878467013,      -7.944830373
          0,           0,        2074,      -6.479447136,      -6.491780124,      -6.685288721,       -6.26316949,      -5.866385219,      -7.944828282
          0,           0,        2075,      -6.502802608,      -6.511838596,      -6.696232976,      -6.246206995,      -5.889484629,      -7.944827707
          0,           0,        2076,      -6.473781684,      -6.482105686,       -6.68413979,      -6.242054478,      -5.861394033,      -7.944828399
          0,           0,        2077,      -6.478562865,      -6.488696825,      -6.686927104,      -6.251405063,      -5.867050561,      -7.944828557
          0,           0,        2078,      -6.474381208,      -6.485857658,      -6.689425275,      -6.257760865,      -5.862564033,      -7.944825744
          0,           0,        2079,      -6.505951095,      -6.517704672,      -6.700711862,      -6.270927073,      -5.892421415,      -7.944826969
          0,           0,        2080,      -6.493630772,      -6.503967317,      -6.700848011,      -6.253546078,      -5.879532867,      -7.944827988
          0,           0,        2081,       -6.49433692,       -6.50312081,       -6.70420677,      -6.275076271,      -5.880530166,      -7.944826613
          0,           0,        2082,      -6.517420061,      -6.531370979,      -6.718978727,      -6.289522525,      -5.904251824,      -7.944824523
          0,           0,        2083,      -6.528190028,      -6.540906227,       -6.71314449,      -6.283141618,      -5.915595426,      -7.944822846
          0,           0,        2084,      -6.494680093,      -6.506607761,      -6.689535458,      -6.264793754,      -5.882960176,       -7.94482538
          0,           0,        2085,      -6.485710886,      -6.495983448,      -6.692197505,       -6.27382094,      -5.874106933,      -7.944824944
          0,           0,        2086,      -6.519684391,      -6.530307214,      -6.716039256,      -6.290778884,      -5.906574656,      -7.944823251
          0,           0,        2087,      -6.517892936,      -6.531556644,      -6.723769535,       -6.28392435,      -5.904654287,      -7.944823331
          0,           0,        2088,      -6.506828092,      -6.517744454,      -6.712596246,      -6.278719968,      -5.894085197,      -7.944825456
          0,           0,        2089,      -6.483798034,      -6.497701597,      -6.698320717,       -6.27378741,      -5.872252747,      -7.944827285
          0,           0,        2090,      -6.513284371,       -6.52554693,      -6.717596156,      -6.302014221,      -5.901608698,      -7.944825812
          0,           0,        2091,      -6.547692497,      -6.561738503,      -6.733934529,      -6.305321235,      -5.933510296,      -7.944824883
          0,           0,        2092,      -6.520101377,      -6.530940245,      -6.722166148,      -6.286070519,      -5.906104698,      -7.944827371
          0,           0,        2093,       -6.50631941,      -6.515470945,      -6.716610391,      -6.284473013,      -5.892517785,      -7.944828793
          0,           0,        2094,      -6.511450075,      -6.525765257,      -6.728106651,       -6.29693979,      -5.898722196,      -7.944829049
          0,           0,        2095,      -6.551349858,      -6.565642524,      -6.742049843,      -6.311655869,      -5.939109811,      -7.944828644
          0,           0,        2096,      -6.525659434,       -6.53697843,      -6.711233746,      -6.289373421,      -5.913465468,      -7.944830512
          0,           0,        2097,      -6.507296376,      -6.516392175,      -6.701477584,      -6.286549036,      -5.894499144,      -7.944833439
          0,           0,        2098,       -6.50625962,      -6.515849658,      -6.717520269,      -6.285789262,      -5.892418603,      -7.944833495
          0,           0,        2099,      -6.521508593,      -6.535910107,      -6.730607958,      -6.285253786,      -5.906780857,      -7.944833148
          0,           0,        2100,      -6.504831497,       -6.51768821,      -6.717390553,      -6.275592229,      -5.892146069,      -7.944833319
          0,           0,        2101,      -6.491166027,      -6.499782998,      -6.698705806,      -6.284497223,      -5.880413026,      -7.944833779
          0,           0,        2102,      -6.509602128,      -6.517807222,      -6.712567065,      -6.284794939,       -5.89815537,      -7.944834361
          0,           0,        2103,      -6.515650872,      -6.527313593,      -6.725441216,      -6.281432148,      -5.902805837,      -7.944834191
          0,           0,        2104,      -6.510664366,      -6.523591306,      -6.717652057,      -6.279385118,      -5.896320211,      -7.944834448
          0,           0,        2105,       -6.49439581,      -6.504878264,      -6.710129548,      -6.284012478,      -5.880329927,      -7.944834014
          0,           0,        2106,       -6.51868448,      -6.529560394,      -6.734473407,      -6.309901547,      -5.905506545,      -7.944833715
          0,           0,        2107,      -6.553288415,       -6.56241977,      -6.747537952,      -6.298262338,      -5.939925888,      -7.944836512
          0,           0,        2108,       -6.51677666,      -6.531003596,      -6.718829712,      -6.286530359,      -5.904608724,      -7.944837064
          0,           0,        2109,      -6.529116244,      -6.540653035,      -6.712103905,      -6.310377781,       -5.91654228,      -7.944837679
          0,           0,        2110,      -6.533755928,      -6.546616623,      -6.727966971,      -6.318478891,       -5.92007458,        -7.9448351
          0,           0,        2111,      -6.550560027,      -6.564971649,       -6.75093008,       -6.31655037,      -5.936325491,      -7.944831855
          0,           0,        2112,       -6.52109267,      -6.530976863,      -6.726941194,      -6.284179663,      -5.908523939,      -7.944833793
          0,           0,        2113,      -6.499807329,      -6.512967057,      -6.705476449,      -6.291127958,       -5.88850844,      -7.944834132
          0,           0,        2114,      -6.523132222,      -6.533372482,       -6.71185365,      -6.314218572,      -5.911657045,      -7.944833319
          0,           0,        2115,      -6.531679896,      -6.547302434,      -6.718552948,      -6.309151723,      -5.918511525,       -7.94482933
          0,           0,        2116,      -6.521487924,      -6.532912728,      -6.726551185,      -6.285242709,      -5.907054781,      -7.944828467
          0,           0,        2117,      -6.485857873,      -6.495582396,      -6.708254999,        -6.2725231,      -5.872413186,       -7.94483113
          0,           0,        2118,      -6.490337782,      -6.500797754,      -6.711484824,       -6.28682205,      -5.877960416,      -7.944831678
          0,           0,        2119,      -6.517471716,      -6.527706639,      -6.725525158,       -6.30729069,      -5.905880736,      -7.944830724
          0,           0,        2120,      -6.527378731,       -6.54403991,      -6.721553236,      -6.297163682,      -5.915670242,       -7.94482851
          0,           0,        2121,      -6.500964703,       -6.51239936,      -6.704183253,      -6.274518091,       -5.88861805,      -7.944828473
          0,           0,        2122,      -6.478763832,      -6.488928126,      -6.692288775,      -6.280162443,      -5.865651844,      -7.944829424
          0,           0,        2123,       -6.50601542,      -6.515200613,      -6.722420141,      -6.298395629,      -5.892147503,      -7.944828009
          0,           0,        2124,      -6.518302596,      -6.530945737,      -6.740693097,       -6.29064448,      -5.904514095,      -7.944828059
          0,           0,        2125,      -6.499819431,      -6.514830465,      -6.716262822,      -6.274863284,      -5.887743632,      -7.944828069
          0,           0,        2126,      -6.486248095,      -6.497295121,      -6.697136559,      -6.274119531,      -5.875839408,      -7.944827922
          0,           0,        2127,      -6.493691356,       -6.50418226,       -6.70367961,      -6.297896132,      -5.882672355,      -7.944828544
          0,           0,        2128,       -6.54955242,      -6.558676125,      -6.740559693,       -6.31578325,      -5.935899936,      -7.944829164
          0,           0,        2129,      -6.511953579,      -6.524883321,      -6.728528831,      -6.275769887,       -5.89739352,      -7.944831091
          0,           0,        2130,      -6.499086989,      -6.510991101,      -6.714742913,      -6.283513849,      -5.884890968,       -7.94483091
          0,           0,        2131,      -6.500402506,      -6.511255842,      -6.721604298,      -6.299313527,      -5.887949566,      -7.944830069
          0,           0,        2132,      -6.545546974,      -6.559477677,      -6.742519858,      -6.330148098,      -5.933399857,      -7.944830242
          0,           0,        2133,       -6.55848406,      -6.567405108,      -6.738448021,      -6.302646241,      -5.945444499,      -7.944831639
          0,           0,        2134,      -6.504566732,      -6.517933434,      -6.710199568,       -6.28594004,      -5.891655164,      -7.944832919
          0,           0,        2135,      -6.517507589,      -6.528956584,      -6.721299045,      -6.306433797,      -5.903775845,      -7.944831086
          0,           0,        2136,      -6.535006056,      -6.547863889,      -6.742407124,      -6.314861693,      -5.921034574,      -7.944830692
          0,           0,        2137,      -6.543148746,      -6.557211891,      -6.741295146,      -6.304432874,       -5.93005396,      -7.944833639
          0,           0,        2138,      -6.503817627,      -6.511625972,      -6.706878936,      -6.279941745,      -5.892526935,      -7.944836764
          0,           0,        2139,      -6.501651814,      -6.513888382,      -6.707344043,       -6.29234496,        -5.8897056,      -7.944838478
          0,           0,        2140,       -6.53546183,      -6.546719021,      -6.735245447,      -6.309563419,      -5.922055674,      -7.944838904
          0,           0,        2141,      -6.522779801,      -6.537895086,      -6.729325951,      -6.294149348,      -5.908305702,       -7.94484053
          0,           0,        2142,      -6.501305666,      -6.511902077,      -6.718462126,      -6.281329743,      -5.887915942,      -7.944843151
          0,           0,        2143,      -6.494405166,      -6.503181551,      -6.716433912,      -6.295895868,      -5.882649734,      -7.944843857
          0,           0,        2144,      -6.541037788,      -6.553045149,      -6.739990555,      -6.312767492,      -5.928533121,      -7.944844738
          0,           0,        2145,      -6.537156685,      -6.548295145,      -6.728116214,      -6.298662075,      -5.924262385,      -7.944846347
          0,           0,        2146,      -6.511227359,      -6.527351149,      -6.706975201,      -6.291845355,      -5.897588734,      -7.944847239
          0,           0,        2147,       -6.50169182,      -6.513540194,      -6.723010188,       -6.29363534,      -5.888167935,      -7.944847808
          0,           0,        2148,      -6.537570079,      -6.549402424,      -6.749495188,      -6.318701081,      -5.924319017,      -7.944849363
          0,           0,        2149,      -6.557529664,      -6.569174874,      -6.750249442,      -6.305871191,      -5.944983692,      -7.944851696
          0,           0,        2150,      -6.522018409,      -6.534310966,       -6.71482265,      -6.301996762,      -5.910959237,      -7.944852731
          0,           0,        2151,      -6.520077454,      -6.537051783,      -6.709734177,      -6.306774936,      -5.908017767,      -7.944852802
          0,           0,        2152,      -6.531808654,      -6.546407991,       -6.73072098,      -6.311776743,      -5.918247777,      -7.944852532
          0,           0,        2153,      -6.538273938,      -6.550055247,      -6.738554799,      -6.301240191,      -5.923037852,      -7.944853096
          0,           0,        2154,      -6.508361142,      -6.516643535,      -6.719880026,      -6.286586697,      -5.895070276,      -7.944855145
          0,           0,        2155,      -6.498118456,      -6.510616413,      -6.711566662,      -6.292923084,      -5.886315982,      -7.944854043
          0,           0,        2156,      -6.508831027,      -6.522467198,      -6.718050275,      -6.296966092,      -5.897369675,      -7.944854153
          0,           0,        2157,      -6.529279106,       -6.54100647,      -6.723453528,       -6.30231546,      -5.917703489,      -7.944856103
          0,           0,        2158,      -6.509301465,      -6.520642695,      -6.711704519,      -6.278963707,      -5.895874915,       -7.94485709
          0,           0,        2159,      -6.486245887,      -6.493873565,      -6.697781048,      -6.284492425,      -5.872681866,      -7.944858085
          0,           0,        2160,      -6.492259462,      -6.506164526,      -6.717637082,      -6.288547554,      -5.878504571,      -7.944855823
          0,           0,        2161,      -6.512313504,      -6.524496133,      -6.738964673,      -6.289857347,      -5.898631927,      -7.944856202
          0,           0,        2162,      -6.511995287,       -6.52269925,      -6.720940267,      -6.288794439,      -5.900258081,      -7.944858206
          0,           0,        2163,      -6.499374365,      -6.510647501,      -6.700432994,      -6.282926158,      -5.888194277,      -7.944856651
          0,           0,        2164,      -6.498048452,      -6.506733572,      -6.701429421,      -6.304279757,      -5.886554233,      -7.944855647
          0,           0,        2165,      -6.533838077,      -6.549732866,      -6.739763994,      -6.309946691,      -5.920372105,      -7.944855501
          0,           0,        2166,      -6.522083547,       -6.53365095,      -6.739080965,      -6.287474539,      -5.908132405,      -7.944856833
          0,           0,        2167,      -6.505602219,      -6.519431342,      -6.716567083,      -6.295346227,      -5.892739939,      -7.944856849
          0,           0,        2168,      -6.511840302,      -6.522979865,      -6.722831745,      -6.305724165,      -5.899786884,      -7.944854703
          0,           0,        2169,      -6.546177154,      -6.557623604,      -6.735466838,      -6.331731038,      -5.933292727,      -7.944855397
          0,           0,        2170,      -6.549058135,      -6.563129072,      -6.737550056,      -6.301539316,      -5.934406344,      -7.944855645
          0,           0,        2171,      -6.507944659,      -6.518657294,      -6.716931013,      -6.291449233,       -5.89384916,       -7.94485368
          0,           0,        2172,      -6.511934232,      -6.527596081,      -6.719452388,      -6.303112639,      -5.898033658,      -7.944851696
          0,           0,        2173,      -6.537626419,       -6.55097496,      -6.744122747,       -6.31717085,      -5.924795284,      -7.944850428
          0,           0,        2174,      -6.548321187,      -6.560565117,      -6.732737205,      -6.311564443,      -5.936676219,      -7.944851062
          0,           0,        2175,      -6.508117127,      -6.518495015,       -6.70377583,      -6.283489461,      -5.896818463,      -7.944849466
          0,           0,        2176,       -6.50578864,      -6.516963599,      -6.705311569,      -6.297122027,      -5.893418343,      -7.944848229
          0,           0,        2177,      -6.523514019,      -6.540850433,      -6.729237384,      -6.299084892,      -5.909528151,      -7.944850113
          0,           0,        2178,      -6.520147996,      -6.533779889,      -6.731734782,      -6.286375874,      -5.905836077,       -7.94485036
          0,           0,        2179,       -6.49418837,      -6.504145335,      -6.711062036,      -6.273922452,      -5.881758441,      -7.944849152
          0,           0,        2180,      -6.500677111,      -6.509170563,      -6.714985845,      -6.296225047,      -5.889338393,      -7.944846612
          0,           0,        2181,      -6.547265158,      -6.561514622,      -6.740197183,      -6.309875988,      -5.934157907,      -7.944846227
          0,           0,        2182,      -6.522878528,      -6.538542262,      -6.723975348,      -6.285984689,      -5.908939522,      -7.944846733
          0,           0,        2183,      -6.513000367,      -6.525004971,      -6.713187412,      -6.293402128,       -5.89883798,      -7.944843315
          0,           0,        2184,      -6.509501228,      -6.521073533,      -6.729257771,      -6.296208173,       -5.89583028,      -7.944840259
          0,           0,        2185,      -6.555621134,      -6.564406376,      -6.749273288,      -6.320206702,      -5.942744905,      -7.944839836
          0,           0,        2186,      -6.536290244,      -6.552209412,      -6.728105143,      -6.291684211,      -5.924516706,      -7.944841997
          0,           0,        2187,      -6.507457144,      -6.520235414,      -6.702603092,      -6.295819243,      -5.895777278,      -7.944841068
          0,           0,        2188,      -6.520463104,      -6.531112607,      -6.713083658,      -6.303577434,      -5.908040053,      -7.944837673
          0,           0,        2189,      -6.532187486,      -6.545363254,      -6.733853594,      -6.290724371,      -5.918115154,      -7.944837665
          0,           0,        2190,      -6.508256969,      -6.516101206,      -6.716744016,      -6.273989211,      -5.894617155,      -7.944839505
          0,           0,        2191,      -6.481269552,      -6.494077347,      -6.699765729,      -6.274732952,      -5.869190292,      -7.944838519
          0,           0,        2192,      -6.507229858,      -6.518074579,      -6.715374425,      -6.291225494,      -5.894517122,      -7.944834951
          0,           0,        2193,      -6.514201134,       -6.52661747,      -6.712930895,      -6.275440031,      -5.900837715,        -7.9448334
          0,           0,        2194,      -6.502601305,      -6.513172238,      -6.706399181,      -6.272316036,      -5.888966125,      -7.944835756
          0,           0,        2195,      -6.500163959,      -6.509529199,      -6.709900767,      -6.283131898,      -5.886720107,      -7.944836283
          0,           0,        2196,      -6.527591825,      -6.540825979,      -6.728364617,      -6.295470948,       -5.91469665,      -7.944833516
          0,           0,        2197,      -6.523949271,      -6.535843974,      -6.719138996,      -6.275154597,       -5.91183394,      -7.944833094
          0,           0,        2198,      -6.497373111,      -6.511028002,       -6.69718995,      -6.278114449,      -5.886135952,      -7.944835248
          0,           0,        2199,      -6.522129279,      -6.533162204,       -6.71511339,      -6.292915856,      -5.909565815,      -7.944837624
          0,           0,        2200,      -6.527532408,      -6.538381751,       -6.71438031,      -6.284804411,      -5.913474134,      -7.944836239
          0,           0,        2201,      -6.505042471,       -6.51478626,      -6.706891467,      -6.266586619,      -5.890808933,      -7.944833085
          0,           0,        2202,      -6.479927435,       -6.49109434,      -6.698463502,      -6.265831064,      -5.867024283,      -7.944833967
          0,           0,        2203,      -6.502057047,      -6.516531153,      -6.696658903,      -6.268338102,      -5.889294903,      -7.944835901
          0,           0,        2204,      -6.498908619,      -6.510765656,      -6.697052194,      -6.269323857,      -5.886537067,      -7.944836222
          0,           0,        2205,      -6.498190891,      -6.507898207,      -6.688001318,      -6.257294874,      -5.885806008,      -7.944835194
          0,           0,        2206,      -6.487843835,       -6.49501666,      -6.700177356,       -6.26419154,       -5.87544146,      -7.944836239
          0,           0,        2207,      -6.510830592,      -6.523988461,      -6.712771973,      -6.271415703,      -5.897494953,         -7.944839
          0,           0,        2208,       -6.50459567,      -6.517701956,      -6.701929077,       -6.25675134,      -5.891361706,      -7.944838969
          0,           0,        2209,      -6.486730232,      -6.496938174,      -6.697690712,      -6.264333941,      -5.874615476,      -7.944840554
          0,           0,        2210,      -6.507731698,      -6.519827058,      -6.700248113,      -6.265132753,      -5.894585262,      -7.944842401
          0,           0,        2211,      -6.515262683,      -6.523372213,      -6.708922526,      -6.271394671,      -5.901687652,      -7.944842511
          0,           0,        2212,      -6.488574339,      -6.502229585,      -6.694999112,      -6.248971323,      -5.874052049,      -7.944841803
          0,           0,        2213,      -6.478140103,      -6.489857001,      -6.692349877,      -6.264155861,      -5.864883085,       -7.94483866
          0,           0,        2214,      -6.502030112,      -6.515032964,      -6.694892909,      -6.252836442,      -5.889232485,      -7.944841612
          0,           0,        2215,      -6.482203038,      -6.493370763,      -6.684023651,      -6.250352579,      -5.870534999,      -7.944844624
          0,           0,        2216,      -6.493611943,      -6.501973453,      -6.690183377,      -6.256897742,      -5.882067726,      -7.944843157
          0,           0,        2217,      -6.480033106,      -6.493689933,       -6.69720758,      -6.262368336,       -5.86795285,      -7.944841871
          0,           0,        2218,      -6.512360234,      -6.524022027,        -6.7162287,      -6.271963721,      -5.898445854,      -7.944841874
          0,           0,        2219,      -6.494764473,      -6.507280609,      -6.704640106,      -6.257710644,      -5.881490097,       -7.94484446
          0,           0,        2220,      -6.498424578,      -6.510482804,      -6.710053345,      -6.279748076,      -5.885868246,      -7.944842683
          0,           0,        2221,      -6.527039073,      -6.537481843,      -6.716641618,      -6.292424309,      -5.914034253,      -7.944838249
          0,           0,        2222,      -6.525296583,      -6.540388534,      -6.711771901,      -6.284318074,      -5.911760294,      -7.944837608
          0,           0,        2223,      -6.494064378,      -6.505158154,      -6.700830112,      -6.262607042,      -5.880080632,      -7.944836604
          0,           0,        2224,      -6.478220469,      -6.490696505,      -6.693200095,      -6.271982284,       -5.86476728,      -7.944835716
          0,           0,        2225,      -6.515254436,      -6.526647228,      -6.720924665,      -6.288500438,      -5.902195999,      -7.944833053
          0,           0,        2226,      -6.515992338,      -6.525864608,      -6.713253543,      -6.279316252,      -5.904097427,      -7.944831742
          0,           0,        2227,      -6.506852182,      -6.517543743,      -6.701622006,      -6.278974762,      -5.895840577,      -7.944833712
          0,           0,        2228,      -6.488895052,      -6.500128723,      -6.698321684,       -6.27479201,       -5.87801259,       -7.94483187
          0,           0,        2229,      -6.511563719,      -6.526594598,      -6.711525143,      -6.301446749,      -5.898824891,       -7.94483128
          0,           0,        2230,      -6.541366394,      -6.553704198,      -6.737682191,      -6.297145249,      -5.926834125,      -7.944830749
          0,           0,        2231,      -6.508901396,      -6.519154155,      -6.715758535,      -6.279521004,       -5.89508468,      -7.944829991
          0,           0,        2232,      -6.509236907,      -6.516949144,      -6.715195525,      -6.286279481,       -5.89640562,      -7.944829653
          0,           0,        2233,      -6.522665748,      -6.536765271,      -6.728349658,      -6.297818972,       -5.90991228,      -7.944826871
          0,           0,        2234,      -6.536884775,      -6.551708223,      -6.721373754,      -6.296930721,      -5.923132251,      -7.944828452
          0,           0,        2235,      -6.506567132,      -6.516156157,      -6.703653843,      -6.280721689,      -5.893272566,       -7.94482986
          0,           0,        2236,      -6.492001215,       -6.50254558,      -6.704497194,      -6.278263635,      -5.878643386,      -7.944829795
          0,           0,        2237,      -6.510305143,      -6.517979253,      -6.727539319,      -6.289446416,      -5.897283807,      -7.944828932
          0,           0,        2238,      -6.531586357,      -6.546726486,      -6.737620661,      -6.297778413,      -5.919039661,      -7.944828896
          0,           0,        2239,       -6.50964751,      -6.520365976,      -6.706069117,      -6.281576982,      -5.898328307,       -7.94483245
          0,           0,        2240,      -6.489051393,       -6.49798772,      -6.689818121,      -6.285288469,      -5.877813597,      -7.944833375
          0,           0,        2241,      -6.498758065,      -6.511042732,       -6.71119868,      -6.284364147,       -5.88550619,      -7.944832104
          0,           0,        2242,      -6.518227998,      -6.527262987,      -6.735171637,      -6.285716879,      -5.904161717,      -7.944831342
          0,           0,        2243,       -6.51033444,      -6.524616678,      -6.727835489,      -6.280307598,       -5.89612281,      -7.944832812
          0,           0,        2244,      -6.485023988,      -6.493698633,      -6.702970371,      -6.274277424,      -5.873227854,      -7.944835183
          0,           0,        2245,      -6.490463711,      -6.501765723,      -6.704911946,      -6.293654322,      -5.879397487,      -7.944835176
          0,           0,        2246,      -6.527594325,       -6.54111826,      -6.734837966,      -6.293738578,      -5.914692627,      -7.944835654
          0,           0,        2247,      -6.520400177,      -6.530648998,      -6.724787026,      -6.280634705,      -5.906940822,       -7.94483944
          0,           0,        2248,      -6.511923307,      -6.525809753,        -6.7157313,      -6.293997126,      -5.897715406,      -7.944841392
          0,           0,        2249,      -6.508305997,      -6.518073078,      -6.727372818,      -6.299501038,      -5.894960491,      -7.944842259
          0,           0,        2250,      -6.539514409,      -6.556058943,      -6.745685913,      -6.314176954,      -5.926741909,      -7.944842535
          0,           0,        2251,      -6.536836979,      -6.550796866,      -6.736136633,      -6.287661152,       -5.92486355,      -7.944843757
          0,           0,        2252,       -6.51077212,       -6.52168108,      -6.706956837,      -6.294423837,      -5.899379587,      -7.944845154
          0,           0,        2253,      -6.523978475,      -6.535959505,      -6.713733056,      -6.312748162,      -5.911362389,      -7.944843466
          0,           0,        2254,      -6.532050327,      -6.545361394,      -6.735148597,      -6.309318339,      -5.918060082,      -7.944841751
          0,           0,        2255,      -6.530511483,      -6.546935018,      -6.735690285,      -6.294390494,      -5.915630294,       -7.94484219
          0,           0,        2256,      -6.493092908,      -6.505093554,      -6.710153627,       -6.27880012,      -5.880663084,      -7.944841691
          0,           0,        2257,      -6.499662913,      -6.509774858,      -6.702018459,      -6.296069896,       -5.88809968,      -7.944840998
          0,           0,        2258,      -6.519438644,      -6.529107788,      -6.717598847,      -6.305552829,      -5.907820651,      -7.944839692
          0,           0,        2259,      -6.524996953,      -6.539272098,      -6.725989314,      -6.290820909,      -5.912095615,       -7.94483899
          0,           0,        2260,      -6.494076343,      -6.507549836,      -6.706375746,      -6.268884462,      -5.879903123,      -7.944837194
          0,           0,        2261,      -6.475970425,       -6.48501307,      -6.700147382,      -6.278378626,      -5.862881669,      -7.944835127
          0,           0,        2262,      -6.507171676,      -6.519133107,      -6.724430634,      -6.300959024,      -5.893693777,      -7.944835598
          0,           0,        2263,      -6.521691352,      -6.529838258,      -6.733149191,      -6.287831157,      -5.908751999,      -7.944834115
          0,           0,        2264,      -6.502020944,      -6.516773052,      -6.710666725,      -6.274903515,      -5.889724743,      -7.944832853
          0,           0,        2265,      -6.489456371,      -6.500346061,      -6.694862671,      -6.279748097,      -5.877345021,      -7.944827614
          0,           0,        2266,      -6.501141794,      -6.512011179,      -6.714491764,      -6.307845426,       -5.88857149,      -7.944825367
          0,           0,        2267,      -6.551386172,      -6.566272846,      -6.753621895,      -6.312657832,      -5.936994346,      -7.944826922
          0,           0,        2268,      -6.518107979,      -6.526597856,      -6.732593111,      -6.281736266,      -5.905395041,      -7.944827793
          0,           0,        2269,      -6.510754728,      -6.524238383,      -6.715382802,      -6.295012319,      -5.898921675,      -7.944826691
          0,           0,        2270,      -6.515483296,      -6.526457055,      -6.719766134,      -6.311685203,      -5.903596148,       -7.94482302
          0,           0,        2271,      -6.548528315,      -6.563258194,      -6.738245458,      -6.328748829,      -5.934546441,      -7.944823373
          0,           0,        2272,      -6.533848444,      -6.548375871,      -6.737078604,      -6.288259376,      -5.918186696,      -7.944825411
          0,           0,        2273,      -6.497689839,      -6.507689851,       -6.71452356,      -6.281864293,      -5.883878052,      -7.944825182
          0,           0,        2274,      -6.509637215,      -6.523256214,      -6.724265406,      -6.302500882,      -5.896505558,      -7.944823468
          0,           0,        2275,      -6.537729214,      -6.548485162,      -6.736782059,      -6.320756876,      -5.925975072,      -7.944821762
          0,           0,        2276,      -6.545374088,      -6.561333058,       -6.73034076,      -6.310958454,      -5.933526956,        -7.9448244
          0,           0,        2277,      -6.502241636,      -6.514396847,      -6.705373198,      -6.280619669,      -5.889934319,      -7.944825912
          0,           0,        2278,      -6.495287108,      -6.506089098,      -6.700652954,       -6.28881094,      -5.882329782,      -7.944826128
          0,           0,        2279,      -6.514416461,      -6.526102052,       -6.72640729,      -6.305289023,      -5.900537333,      -7.944826355
          0,           0,        2280,      -6.527524113,      -6.541195178,      -6.738421831,      -6.302166671,      -5.913644001,      -7.944827355
          0,           0,        2281,      -6.505321392,      -6.519824116,      -6.717835565,       -6.27841514,      -5.893285317,      -7.944829482
          0,           0,        2282,      -6.478098127,      -6.489540687,      -6.694632001,      -6.277424944,      -5.867646148,      -7.944829011
          0,           0,        2283,       -6.49934156,      -6.509667094,      -6.703596257,      -6.294337749,      -5.888287628,      -7.944828852
          0,           0,        2284,      -6.527376175,      -6.536680494,      -6.726749042,      -6.305254597,      -5.914646043,       -7.94483023
          0,           0,        2285,      -6.512356506,      -6.525977892,      -6.723553155,      -6.286212561,      -5.898317693,      -7.944830788
          0,           0,        2286,      -6.484014837,      -6.496671412,       -6.70458571,      -6.269891211,      -5.870201663,      -7.944830733
          0,           0,        2287,      -6.475750793,      -6.485381077,      -6.702797009,      -6.286757124,      -5.863509727,      -7.944831362
          0,           0,        2288,      -6.523134195,      -6.536325485,      -6.732681972,       -6.31103665,      -5.910762058,      -7.944834593
          0,           0,        2289,      -6.531890976,      -6.539770047,      -6.728215178,      -6.293387725,       -5.91975939,      -7.944836624
          0,           0,        2290,      -6.501604588,      -6.515561207,      -6.707550734,      -6.284106487,      -5.889251094,      -7.944835607
          0,           0,        2291,      -6.492864291,      -6.504060369,      -6.708180249,      -6.287676578,      -5.879995232,      -7.944834488
          0,           0,        2292,      -6.517480211,      -6.529403129,      -6.733035098,      -6.317684908,      -5.904307179,      -7.944836109
          0,           0,        2293,      -6.561769692,      -6.578877282,      -6.757257728,      -6.323000237,      -5.947994703,      -7.944838952
          0,           0,        2294,      -6.526685093,      -6.534967242,      -6.723284219,      -6.299629723,      -5.914703921,      -7.944837632
          0,           0,        2295,      -6.522287523,      -6.534998792,      -6.714482969,      -6.308521491,      -5.910006392,      -7.944834455
          0,           0,        2296,      -6.530472459,      -6.540830527,       -6.72900454,      -6.320082671,      -5.917305573,       -7.94483472
          0,           0,        2297,      -6.553227835,      -6.567846219,      -6.742078357,       -6.32662212,      -5.938300464,       -7.94483722
          0,           0,        2298,      -6.525572004,       -6.53748174,      -6.731745246,      -6.295685389,      -5.911862383,      -7.944837226
          0,           0,        2299,      -6.501063434,      -6.509495932,      -6.710782327,      -6.292407158,      -5.889060527,      -7.944834702
          0,           0,        2300,      -6.513897514,      -6.525698387,      -6.721847962,      -6.305380766,      -5.902433592,       -7.94483404
          0,           0,        2301,      -6.539987824,      -6.550109191,      -6.731163789,      -6.314507543,      -5.927865274,       -7.94483476
          0,           0,        2302,      -6.522441145,      -6.536841731,      -6.716766048,      -6.293045816,      -5.908591209,      -7.944833093
          0,           0,        2303,       -6.48733618,      -6.497705208,      -6.703412803,      -6.281033385,      -5.873677001,      -7.944828946
          0,           0,        2304,      -6.495551681,      -6.505265439,      -6.714757211,      -6.288747558,      -5.881878328,      -7.944827615
          0,           0,        2305,      -6.524977914,      -6.536585877,      -6.744684823,      -6.301647236,      -5.911549921,      -7.944827202
          0,           0,        2306,      -6.526498537,      -6.538885435,      -6.729775143,      -6.295694065,      -5.914685358,      -7.944825083
          0,           0,        2307,      -6.501591259,      -6.515351572,      -6.701108883,      -6.286720297,      -5.890555902,      -7.944822164
          0,           0,        2308,      -6.497526039,      -6.508037306,      -6.709365187,      -6.298778524,      -5.886263648,      -7.944821296
          0,           0,        2309,      -6.541928675,      -6.553817926,      -6.742195083,      -6.310025572,      -5.928225589,       -7.94482217
          0,           0,        2310,      -6.530435672,      -6.539403975,      -6.737576025,        -6.2912577,      -5.916516042,      -7.944820035
          0,           0,        2311,      -6.509329991,      -6.523224299,      -6.718149623,      -6.292513849,      -5.895982944,      -7.944816971
          0,           0,        2312,      -6.499042646,      -6.512573183,      -6.718485937,      -6.295536695,      -5.886786761,      -7.944816339
          0,           0,        2313,      -6.537257018,      -6.549445572,      -6.735973455,      -6.317498467,      -5.924889107,      -7.944817531
          0,           0,        2314,      -6.543082381,      -6.556939641,      -6.732780003,      -6.296699325,      -5.929121063,        -7.9448168
          0,           0,        2315,      -6.516567481,      -6.524347138,      -6.711255856,      -6.297181415,      -5.903388149,      -7.944813034
          0,           0,        2316,      -6.513328376,       -6.52843499,      -6.719882612,       -6.30346719,      -5.899726237,      -7.944813404
          0,           0,        2317,      -6.529698492,      -6.543900607,      -6.735319335,      -6.308815741,      -5.916478784,      -7.944816559
          0,           0,        2318,       -6.53431562,      -6.547218145,      -6.728489408,      -6.297330971,      -5.922144566,      -7.944817008
          0,           0,        2319,      -6.500383108,      -6.512837581,      -6.699695343,       -6.28286618,      -5.888922694,      -7.944813602
          0,           0,        2320,      -6.505384845,      -6.513681818,      -6.698002468,      -6.297171277,      -5.893684414,      -7.944812703
          0,           0,        2321,       -6.51491308,      -6.528604217,      -6.722841701,        -6.2953726,      -5.901664427,      -7.944816256
          0,           0,        2322,      -6.519356721,      -6.531428308,      -6.728770748,      -6.287096168,      -5.905402309,      -7.944819066
          0,           0,        2323,      -6.494432335,      -6.505904874,       -6.70961201,      -6.272202894,      -5.881791059,      -7.944817704
          0,           0,        2324,      -6.491693488,      -6.503380469,      -6.706164139,      -6.294327126,      -5.879985924,      -7.944815096
          0,           0,        2325,      -6.537795156,       -6.54791353,       -6.73177697,      -6.309272163,      -5.925001652,       -7.94481769
          0,           0,        2326,      -6.524435856,      -6.536943608,      -6.726698445,      -6.288326382,      -5.910642975,      -7.944822538
          0,           0,        2327,      -6.512951135,       -6.52342609,      -6.712726528,      -6.291756829,      -5.898913564,      -7.944824837
          0,           0,        2328,       -6.50414197,      -6.517081661,      -6.720360416,      -6.296343287,      -5.890187607,      -7.944825976
          0,           0,        2329,      -6.546915647,      -6.560396116,      -6.746238963,       -6.32480215,      -5.933806036,      -7.944827828
          0,           0,        2330,       -6.55165034,       -6.56299683,      -6.736221633,       -6.29874472,      -5.939812987,      -7.944831764
          0,           0,        2331,      -6.510392631,      -6.520710324,      -6.706717352,      -6.294092876,      -5.899398888,      -7.944834106
          0,           0,        2332,      -6.522702468,       -6.53378065,      -6.713545426,      -6.304368368,      -5.910708317,      -7.944835904
          0,           0,        2333,      -6.539718998,      -6.553745598,      -6.735235893,      -6.307912802,      -5.925364376,      -7.944839049
          0,           0,        2334,      -6.526289545,      -6.537788439,      -6.726597711,        -6.2897898,      -5.911777898,      -7.944841357
          0,           0,        2335,      -6.490835327,       -6.50017582,      -6.705785857,      -6.274454056,      -5.877968394,       -7.94484357
          0,           0,        2336,      -6.504804837,      -6.513307557,      -6.716725761,      -6.291302023,       -5.89231635,       -7.94484467
          0,           0,        2337,      -6.526638989,      -6.539249283,      -6.726346226,      -6.285860803,      -5.913726398,      -7.944849182
          0,           0,        2338,      -6.509361624,      -6.521662839,      -6.710120181,      -6.280636229,      -5.896260898,      -7.944853317
          0,           0,        2339,      -6.499498689,      -6.509716779,       -6.70755136,       -6.28216558,      -5.886712804,      -7.944853765
          0,           0,        2340,      -6.523444493,      -6.535729947,      -6.732934964,      -6.304401577,      -5.910327183,      -7.944853799
          0,           0,        2341,       -6.55104621,      -6.560281687,       -6.73857729,      -6.294061448,      -5.938316276,      -7.944854211
          0,           0,        2342,      -6.513611281,      -6.526574467,      -6.715190628,      -6.287932578,      -5.902204267,      -7.944857746
          0,           0,        2343,      -6.524363948,      -6.537411837,      -6.714112942,       -6.30217113,       -5.91199251,      -7.944858108
          0,           0,        2344,      -6.532657925,      -6.543203626,      -6.721621555,      -6.293462078,      -5.919309812,      -7.944856066
          0,           0,        2345,      -6.512152113,      -6.523069893,      -6.714557807,       -6.27765361,       -5.89756972,      -7.944856723
          0,           0,        2346,      -6.492107027,      -6.499841082,      -6.700383032,      -6.275075988,      -5.879192651,      -7.944857392
          0,           0,        2347,      -6.507588531,      -6.520076606,      -6.709710116,      -6.285465025,      -5.895066808,      -7.944858184
          0,           0,        2348,      -6.515053048,      -6.529329456,      -6.711175416,      -6.283063322,      -5.902098327,      -7.944855966
          0,           0,        2349,      -6.503714812,      -6.514868642,      -6.694840328,      -6.264492761,      -5.891241896,      -7.944854542
          0,           0,        2350,      -6.492022302,      -6.503628939,      -6.700959065,      -6.272825694,      -5.879273318,      -7.944853455
          0,           0,        2351,      -6.517423229,      -6.525571343,       -6.71372486,      -6.285969463,      -5.904556543,      -7.944848549
          0,           0,        2352,      -6.523866351,      -6.537351374,      -6.716769141,      -6.274499181,      -5.910692011,      -7.944845547
          0,           0,        2353,       -6.49350667,      -6.505360898,      -6.702060789,      -6.275442887,      -5.881662189,      -7.944842959
          0,           0,        2354,      -6.522323737,      -6.535934425,       -6.70409491,       -6.28760525,       -5.91000466,      -7.944840913
          0,           0,        2355,      -6.528157863,      -6.542890568,      -6.714833297,      -6.294250533,      -5.914906371,       -7.94483668
          0,           0,        2356,      -6.513609432,      -6.523092399,      -6.701899612,      -6.268802294,       -5.89927838,        -7.9448316
          0,           0,        2357,      -6.489667817,      -6.500423717,      -6.700572761,      -6.271091808,      -5.875941807,      -7.944831517
          0,           0,        2358,      -6.503542382,      -6.515404331,      -6.700361715,      -6.268331881,      -5.890757131,      -7.944831029
          0,           0,        2359,      -6.502848501,      -6.516389536,      -6.696444671,      -6.272008996,      -5.890631376,      -7.944827332
          0,           0,        2360,      -6.502171727,      -6.512686978,      -6.692781773,      -6.261319012,      -5.890759145,      -7.944823016
          0,           0,        2361,      -6.486374018,      -6.495266827,      -6.691960936,      -6.265189845,      -5.874870073,      -7.944819828
          0,           0,        2362,      -6.514688329,      -6.525134873,      -6.711083063,      -6.276985728,      -5.901243133,      -7.944820222
          0,           0,        2363,      -6.505795996,      -6.518094052,      -6.705158036,      -6.257541432,      -5.892060511,      -7.944817437
          0,           0,        2364,      -6.487802565,      -6.499604253,      -6.701980127,      -6.270810301,       -5.87458012,      -7.944813818
          0,           0,        2365,      -6.513541452,       -6.52251223,      -6.706551448,      -6.276221974,      -5.900642022,      -7.944812588
          0,           0,        2366,      -6.524052117,      -6.536052093,      -6.712268468,      -6.283899272,       -5.91121019,      -7.944812714
          0,           0,        2367,      -6.508008153,      -6.515798509,      -6.697230007,      -6.262843787,      -5.894732836,      -7.944813501
          0,           0,        2368,      -6.486576171,      -6.497893597,      -6.692093399,      -6.272724251,      -5.874020155,      -7.944811489
          0,           0,        2369,      -6.507577137,      -6.518164786,      -6.701313777,      -6.262883771,      -5.894925362,      -7.944811373
          0,           0,        2370,      -6.488037715,      -6.496947144,      -6.691980052,      -6.256180772,      -5.876299803,      -7.944811684
          0,           0,        2371,      -6.485686222,      -6.497626172,      -6.695609772,      -6.256957431,      -5.873884486,      -7.944809645
          0,           0,        2372,      -6.482107173,      -6.488899452,      -6.694160337,      -6.264466556,      -5.870250498,      -7.944808273
          0,           0,        2373,      -6.512641577,      -6.523555595,      -6.717746904,      -6.284822313,      -5.898794453,      -7.944807488
          0,           0,        2374,      -6.501789638,      -6.512273209,      -6.709171713,      -6.260843308,      -5.887265175,      -7.944809498
          0,           0,        2375,      -6.488287039,      -6.499183161,      -6.703489263,      -6.274547407,      -5.875074368,         -7.944809
          0,           0,        2376,      -6.506602876,      -6.519673269,       -6.71923969,       -6.29225353,      -5.893628541,      -7.944806852
          0,           0,        2377,      -6.543026723,        -6.5523461,      -6.723011069,       -6.30555157,      -5.931040738,      -7.944808133
          0,           0,        2378,      -6.525451991,      -6.536703611,      -6.713915341,      -6.284875551,      -5.913083901,      -7.944811212
          0,           0,        2379,      -6.480705913,      -6.492253922,      -6.683705781,      -6.265628258,      -5.867651677,      -7.944812551
          0,           0,        2380,      -6.485477548,      -6.497298293,        -6.6950647,      -6.278061094,      -5.872100839,      -7.944811041
          0,           0,        2381,      -6.514557134,      -6.529694228,      -6.726452526,      -6.295760937,      -5.900702669,      -7.944809925
          0,           0,        2382,      -6.523056872,      -6.532629373,      -6.713490422,      -6.280626876,      -5.911093984,      -7.944812339
          0,           0,        2383,      -6.488138204,      -6.498162199,      -6.694081869,      -6.268762232,      -5.877365053,      -7.944813636
          0,           0,        2384,      -6.484233678,      -6.497094802,      -6.691390245,      -6.283074846,       -5.87327174,      -7.944812348
          0,           0,        2385,      -6.532960742,      -6.546029036,      -6.724145728,      -6.297856749,       -5.91972293,      -7.944812317
          0,           0,        2386,      -6.517840077,      -6.532776184,      -6.725638129,      -6.287451251,       -5.90344985,      -7.944814721
          0,           0,        2387,      -6.509504427,      -6.519469435,      -6.711846274,      -6.284514815,      -5.895793934,      -7.944817206
          0,           0,        2388,      -6.499478318,      -6.509247967,      -6.720180845,      -6.288803653,      -5.886816338,      -7.944816273
          0,           0,        2389,      -6.531699591,      -6.548361418,      -6.729370933,      -6.308908054,      -5.918986944,      -7.944816172
          0,           0,        2390,      -6.540066038,      -6.551329671,      -6.720223167,      -6.291880674,      -5.926673231,      -7.944819753
          0,           0,        2391,      -6.512606213,      -6.523902385,      -6.702857086,      -6.297351182,      -5.899458741,       -7.94482124
          0,           0,        2392,      -6.511034347,      -6.522047333,      -6.715242501,      -6.293873901,      -5.897631963,      -7.944818335
          0,           0,        2393,      -6.531376677,      -6.539435734,      -6.739933588,      -6.300400771,      -5.917911056,      -7.944814954
          0,           0,        2394,      -6.531161971,      -6.547583949,      -6.732627982,      -6.293488711,      -5.918832559,      -7.944818691
          0,           0,        2395,      -6.503564442,      -6.512506829,      -6.700489832,      -6.285143551,      -5.892654809,      -7.944823149
          0,           0,        2396,      -6.500461792,      -6.510999558,       -6.69547811,      -6.291617635,      -5.888767798,      -7.944820802
          0,           0,        2397,       -6.50909748,      -6.520265829,      -6.720013915,      -6.287191023,        -5.8957789,      -7.944818939
          0,           0,        2398,      -6.523855606,      -6.530829712,      -6.731858929,       -6.28277631,      -5.908761946,      -7.944819627
          0,           0,        2399,      -6.491262418,      -6.502865698,      -6.712173365,      -6.267917667,      -5.877488754,      -7.944822404
          0,           0,        2400,      -6.484129868,      -6.492041322,      -6.702178365,      -6.285253667,      -5.872439528,      -7.944820206
          0,           0,        2401,      -6.508686481,      -6.520185006,       -6.72313395,       -6.28901413,      -5.897151473,      -7.944816494
          0,           0,        2402,       -6.51946845,      -6.530787093,       -6.72955218,      -6.279686575,      -5.907299232,      -7.944816274
          0,           0,        2403,      -6.510089017,       -6.51688196,      -6.706814058,      -6.279828182,       -5.89734881,      -7.944814921
          0,           0,        2404,      -6.490660991,      -6.500753938,      -6.705830528,      -6.281489285,      -5.877086478,      -7.944813334
          0,           0,        2405,      -6.507186893,      -6.517099249,      -6.726807788,      -6.305414188,      -5.893286779,      -7.944810135
          0,           0,        2406,      -6.539101503,      -6.552631829,      -6.751504808,      -6.293977565,      -5.925294888,      -7.944810416
          0,           0,        2407,      -6.513109784,      -6.526388026,      -6.723666834,      -6.283412259,      -5.901029269,      -7.944812521
          0,           0,        2408,      -6.529398426,      -6.537783852,      -6.706907588,      -6.313188849,      -5.918376803,      -7.944810122
          0,           0,        2409,      -6.529798189,      -6.540475582,      -6.724984957,      -6.316473472,      -5.917573888,      -7.944808382
          0,           0,        2410,      -6.550501775,       -6.56469208,      -6.740450987,      -6.319861107,      -5.936138135,      -7.944808244
          0,           0,        2411,      -6.523575036,      -6.535500104,      -6.734751691,      -6.284461133,      -5.909574814,      -7.944810473
          0,           0,        2412,      -6.498407786,      -6.511819857,      -6.710251768,      -6.292627241,        -5.8858352,      -7.944809699
          0,           0,        2413,      -6.519996304,      -6.528752739,      -6.711959537,      -6.314918255,      -5.908720435,      -7.944806433
          0,           0,        2414,      -6.536699151,      -6.547097817,      -6.724159291,      -6.311882511,      -5.924756498,      -7.944807979
          0,           0,        2415,      -6.522934989,       -6.53900589,      -6.715757425,      -6.290902395,      -5.909304792,      -7.944811644
          0,           0,        2416,      -6.491143911,      -6.500375881,      -6.704356695,      -6.277791042,      -5.877514742,      -7.944813642
          0,           0,        2417,      -6.490060755,       -6.50220395,      -6.705698189,      -6.292551903,      -5.876488094,      -7.944812932
          0,           0,        2418,      -6.509101613,      -6.519095338,       -6.72655173,      -6.299988171,      -5.896533194,      -7.944814041
          0,           0,        2419,      -6.527592855,      -6.536969178,      -6.730181632,      -6.295519221,      -5.916040382,      -7.944819314
          0,           0,        2420,       -6.50164694,      -6.516566142,      -6.700470992,      -6.277273796,      -5.890539186,      -7.944821232
          0,           0,        2421,      -6.483749165,      -6.491909481,      -6.687771312,      -6.282265606,      -5.871989162,      -7.944821621
          0,           0,        2422,      -6.498808622,      -6.511175624,      -6.704041264,      -6.297709347,      -5.885229603,      -7.944821876
          0,           0,        2423,      -6.506390342,      -6.516156084,      -6.730186062,      -6.282731085,      -5.892495166,      -7.944824569
          0,           0,        2424,      -6.501567268,      -6.508886595,      -6.722392252,      -6.273842307,      -5.888437078,      -7.944827008
          0,           0,        2425,      -6.484178631,      -6.495881072,      -6.698215918,      -6.268678471,      -5.873319771,      -7.944826642
          0,           0,        2426,      -6.476907654,      -6.484096413,      -6.688474169,      -6.284614267,      -5.867013003,      -7.944827501
          0,           0,        2427,      -6.512443051,      -6.525723811,      -6.712070528,      -6.297861962,      -5.900320429,       -7.94483111
          0,           0,        2428,      -6.508524064,      -6.518520567,      -6.724389088,      -6.269740395,      -5.894848874,      -7.944834039
          0,           0,        2429,      -6.491516308,      -6.497654387,      -6.707127682,      -6.266729442,      -5.877212086,      -7.944834563
          0,           0,        2430,       -6.47754553,      -6.488140103,        -6.7048431,      -6.275070748,      -5.864377492,      -7.944834031
          0,           0,        2431,      -6.509107488,      -6.516887442,      -6.727629595,      -6.311984376,      -5.897518705,      -7.944835902
          0,           0,        2432,      -6.545840357,      -6.561761377,       -6.74651893,      -6.299169825,      -5.933255132,      -7.944837816
          0,           0,        2433,       -6.50918338,      -6.520694884,      -6.716695089,      -6.279301342,      -5.897033017,      -7.944835601
          0,           0,        2434,      -6.521406007,      -6.529441361,      -6.708150654,      -6.307044499,      -5.908634116,       -7.94483347
          0,           0,        2435,      -6.523662796,      -6.535372902,      -6.735376601,      -6.314365033,      -5.909540517,      -7.944833914
          0,           0,        2436,       -6.55566408,      -6.567201244,      -6.755349063,      -6.323824356,      -5.941300076,      -7.944835235
          0,           0,        2437,       -6.51991125,      -6.534137335,      -6.730165173,       -6.28205766,      -5.907170215,       -7.94483358
          0,           0,        2438,       -6.49691933,      -6.509060548,      -6.700623449,      -6.290903276,      -5.885477205,      -7.944829419
          0,           0,        2439,      -6.524127029,      -6.533222735,      -6.710227173,      -6.317022019,      -5.912486419,      -7.944830192
          0,           0,        2440,      -6.539229817,      -6.551665687,      -6.733537017,      -6.313151697,       -5.92563312,      -7.944832352
          0,           0,        2441,      -6.524090698,      -6.536863779,      -6.727551594,      -6.289196354,      -5.909477167,      -7.944829115
          0,           0,        2442,      -6.485029946,      -6.495460931,      -6.709690715,       -6.27670658,       -5.87207015,      -7.944823146
          0,           0,        2443,      -6.498576753,      -6.509604134,      -6.711357793,      -6.298590132,       -5.88636695,      -7.944821043
          0,           0,        2444,      -6.527247335,      -6.537679487,      -6.729081868,      -6.305926756,      -5.915176765,        -7.9448243
          0,           0,        2445,      -6.522441045,      -6.532979673,      -6.718082789,       -6.28551324,      -5.909737115,      -7.944822074
          0,           0,        2446,      -6.491971257,      -6.504663476,      -6.698425811,      -6.271855295,      -5.878766838,      -7.944817067
          0,           0,        2447,       -6.48595414,      -6.495604313,      -6.710465128,      -6.289241596,      -5.872748994,        -7.9448137
          0,           0,        2448,      -6.534049351,      -6.548575751,      -6.742992318,      -6.314243873,      -5.920084476,      -7.944814342
          0,           0,        2449,      -6.526202868,      -6.537346967,      -6.734807105,      -6.286487256,      -5.913761821,      -7.944816447
          0,           0,        2450,      -6.512992025,      -6.523410295,      -6.708743927,      -6.288251748,      -5.901806172,      -7.944813975
          0,           0,        2451,      -6.500671284,       -6.51433952,      -6.703851723,      -6.295603087,      -5.889242497,       -7.94481189
          0,           0,        2452,      -6.536258686,      -6.547884225,      -6.733728476,      -6.326669526,      -5.923023661,      -7.944811473
          0,           0,        2453,      -6.555220203,      -6.575481738,      -6.749650597,       -6.31088147,      -5.939494202,      -7.944810855
          0,           0,        2454,      -6.510648153,      -6.520935731,      -6.725524112,      -6.287000112,      -5.897632705,      -7.944809956
          0,           0,        2455,      -6.515085611,      -6.526303086,      -6.719389551,      -6.302880243,      -5.902832479,        -7.9448091
          0,           0,        2456,      -6.534107067,       -6.54756733,      -6.730680745,      -6.321030804,      -5.922665668,      -7.944811299
          0,           0,        2457,      -6.561282915,      -6.572483156,      -6.737109879,      -6.325175296,      -5.948555202,      -7.944811481
          0,           0,        2458,      -6.514088782,      -6.529866955,      -6.712305727,      -6.288114483,       -5.89979073,      -7.944810197
          0,           0,        2459,      -6.496215596,      -6.505488181,      -6.706965733,      -6.287492237,      -5.882498415,      -7.944811411
          0,           0,        2460,      -6.513269516,      -6.522150333,      -6.726778904,      -6.304350468,      -5.899493439,      -7.944814341
          0,           0,        2461,      -6.535432081,      -6.547630333,      -6.738040385,      -6.312608079,      -5.922895837,      -7.944816203
          0,           0,        2462,      -6.527814874,      -6.538551213,      -6.719666661,      -6.297003933,      -5.917118995,      -7.944813952
          0,           0,        2463,       -6.48742974,      -6.500515937,      -6.692656244,      -6.282456807,      -5.876500623,      -7.944812083
          0,           0,        2464,      -6.495001996,      -6.503855793,      -6.697040269,       -6.29038485,      -5.883010546,      -7.944813548
          0,           0,        2465,      -6.518124056,      -6.527267456,      -6.725754657,      -6.303408148,      -5.904294487,      -7.944815168
          0,           0,        2466,      -6.517986639,      -6.528319367,      -6.732100436,      -6.293266335,      -5.903420602,      -7.944814269
          0,           0,        2467,       -6.49680266,      -6.506878994,      -6.712474709,      -6.276561851,      -5.884112846,      -7.944812344
          0,           0,        2468,      -6.470328075,      -6.480655053,       -6.69344743,      -6.276457498,      -5.859210988,      -7.944812848
          0,           0,        2469,      -6.502608626,      -6.511724971,      -6.704823331,      -6.296012677,      -5.891353063,      -7.944814003
          0,           0,        2470,      -6.525758645,      -6.536229762,      -6.722856421,      -6.298278482,      -5.913047544,      -7.944814243
          0,           0,        2471,       -6.50234701,      -6.511528274,      -6.708610309,      -6.282119047,      -5.888747097,      -7.944813313
          0,           0,        2472,      -6.485508965,      -6.496045019,      -6.702837241,      -6.277350825,      -5.872157301,      -7.944812961
          0,           0,        2473,      -6.487295562,      -6.497001247,      -6.719655801,      -6.297451367,      -5.874884845,      -7.944813872
          0,           0,        2474,      -6.541946248,      -6.554417096,      -6.740056089,      -6.315727455,      -5.929149171,      -7.944813656
          0,           0,        2475,       -6.52476257,      -6.535298012,      -6.720697011,      -6.290722817,      -5.912452646,      -7.944813656
          0,           0,        2476,      -6.508274167,      -6.518874072,      -6.701568818,      -6.290275794,      -5.895482882,      -7.944814984
          0,           0,        2477,      -6.503766468,       -6.51475266,       -6.71801644,      -6.296507743,      -5.890572375,      -7.944816387
          0,           0,        2478,      -6.543120011,      -6.554700193,      -6.751491687,      -6.323958464,      -5.929316734,      -7.944815981
          0,           0,        2479,      -6.552375747,      -6.569078007,      -6.744719012,      -6.310327745,      -5.939138863,      -7.944814616
          0,           0,        2480,       -6.51533506,      -6.525763198,      -6.714375135,      -6.300366284,       -5.90437057,      -7.944815669
          0,           0,        2481,      -6.524213523,      -6.536130767,      -6.713919718,       -6.31129681,      -5.912836946,      -7.944816727
          0,           0,        2482,      -6.541963552,      -6.555240108,      -6.734691058,      -6.320227344,      -5.929061314,      -7.944814714
          0,           0,        2483,      -6.545114825,      -6.558683244,      -6.739161612,      -6.307500602,      -5.929720216,      -7.944810921
          0,           0,        2484,      -6.500178286,      -6.514829449,      -6.714055306,       -6.28669144,      -5.885934204,      -7.944809962
          0,           0,        2485,      -6.499816957,      -6.510212668,      -6.717750696,      -6.295918221,      -5.887085108,      -7.944813119
          0,           0,        2486,      -6.528632792,       -6.53996337,      -6.737980497,       -6.30659088,      -5.916129276,      -7.944812422
          0,           0,        2487,      -6.536096384,      -6.547046567,      -6.728751047,      -6.302062213,      -5.924577447,      -7.944809049
          0,           0,        2488,      -6.516558388,       -6.52767197,      -6.708926328,      -6.291885966,      -5.904389773,      -7.944807758
          0,           0,        2489,      -6.495685368,      -6.509212028,      -6.710242366,      -6.297869416,      -5.882495056,      -7.944809097
          0,           0,        2490,      -6.538763141,       -6.54780623,      -6.746244486,      -6.311647202,      -5.925037585,      -7.944809467
          0,           0,        2491,      -6.533307141,      -6.545650894,      -6.743183679,      -6.294272143,      -5.919759131,      -7.944805674
          0,           0,        2492,      -6.520417403,       -6.53039084,      -6.715858456,       -6.30167079,      -5.909030718,      -7.944803189
          0,           0,        2493,      -6.514125868,       -6.52555912,      -6.715154007,      -6.305934871,      -5.903289855,       -7.94480207
          0,           0,        2494,      -6.540852459,      -6.553705875,       -6.73644737,      -6.326486968,       -5.92813623,      -7.944801079
          0,           0,        2495,      -6.557713366,      -6.567165904,      -6.743040053,      -6.308596927,      -5.943114553,       -7.94479904
          0,           0,        2496,      -6.514710135,      -6.527252968,      -6.722468917,      -6.300064508,      -5.900887018,      -7.944796987
          0,           0,        2497,      -6.524242822,      -6.535019913,      -6.722011046,       -6.31464579,       -5.91109566,      -7.944797236
          0,           0,        2498,      -6.543132171,      -6.555683859,      -6.740021875,      -6.320807904,      -5.930646447,      -7.944796186
          0,           0,        2499,      -6.544212527,      -6.555490105,      -6.728358073,      -6.308601613,      -5.931381626,      -7.944794423
          0,           0,        2500,      -6.509042763,      -6.519055558,      -6.700191589,      -6.289728919,      -5.896288068,      -7.944793094
          0,           0,        2501,       -6.51039886,      -6.521996543,      -6.713666874,      -6.304990977,      -5.897110826,      -7.944792347
          0,           0,        2502,      -6.534654534,      -6.546070933,      -6.737678947,      -6.306132427,      -5.920944717,      -7.944791885
          0,           0,        2503,      -6.527703995,      -6.538160681,      -6.731528205,      -6.292750299,      -5.915619667,      -7.944790534
          0,           0,        2504,       -6.50617955,      -6.516173442,      -6.708959887,      -6.284716597,      -5.895308836,      -7.944790336
          0,           0,        2505,      -6.507222348,      -6.519641102,      -6.708495568,      -6.308058256,      -5.896056917,      -7.944792351
          0,           0,        2506,      -6.553564671,      -6.565087947,        -6.7385288,      -6.317933628,      -5.939483294,       -7.94479394
          0,           0,        2507,      -6.521910216,      -6.533502232,      -6.728716554,      -6.290122185,      -5.906892038,      -7.944794538
          0,           0,        2508,      -6.517996647,      -6.527266051,      -6.722427121,      -6.295471832,      -5.903584197,      -7.944796051
          0,           0,        2509,      -6.512839247,      -6.524490753,      -6.730575646,      -6.305002179,      -5.900223327,      -7.944798882
          0,           0,        2510,      -6.555286931,      -6.571584145,      -6.739159584,      -6.330662187,        -5.9431269,      -7.944799755
          0,           0,        2511,      -6.545974304,      -6.556345974,      -6.722768968,      -6.300289201,      -5.933895192,      -7.944799517
          0,           0,        2512,      -6.510259545,      -6.521561412,      -6.701466797,      -6.295638309,      -5.897618214,       -7.94479992
          0,           0,        2513,      -6.520601393,      -6.529699272,      -6.717307389,       -6.30348523,      -5.906982089,      -7.944803347
          0,           0,        2514,      -6.537571564,      -6.550658734,      -6.740739904,      -6.306681802,      -5.923371654,      -7.944806343
          0,           0,        2515,      -6.527077389,      -6.541373503,       -6.72849149,       -6.29237842,      -5.914139992,      -7.944806074
          0,           0,        2516,      -6.493448128,      -6.501366227,      -6.696574079,      -6.279176182,      -5.882823717,      -7.944806717
          0,           0,        2517,      -6.496242146,      -6.510013321,      -6.697303648,      -6.287541798,      -5.884434897,      -7.944811618
          0,           0,        2518,      -6.518056155,      -6.526694317,      -6.713809838,      -6.287724272,       -5.90511924,      -7.944817662
          0,           0,        2519,      -6.510589041,      -6.522517693,      -6.719060424,      -6.278479623,      -5.896382366,      -7.944819949
          0,           0,        2520,      -6.482706245,      -6.494002948,      -6.705084235,      -6.267422524,      -5.869130228,      -7.944820372
          0,           0,        2521,       -6.49278986,      -6.500252697,      -6.712302778,      -6.293706144,      -5.880832706,      -7.944822517
          0,           0,        2522,      -6.536465807,      -6.552512275,      -6.737508194,       -6.30009268,      -5.923274122,       -7.94482586
          0,           0,        2523,      -6.524036258,      -6.533278201,      -6.714216167,      -6.282863474,      -5.911688185,      -7.944829405
          0,           0,        2524,      -6.506051424,      -6.518240553,      -6.699725437,      -6.285374221,       -5.89339689,      -7.944829792
          0,           0,        2525,      -6.504888865,      -6.515708472,      -6.715990426,      -6.291038859,       -5.89152281,      -7.944832069
          0,           0,        2526,      -6.542218965,      -6.552056585,      -6.737694687,      -6.305543622,       -5.92881843,      -7.944834547
          0,           0,        2527,      -6.520435298,      -6.534187027,       -6.71686202,      -6.277982929,      -5.908017912,      -7.944835841
          0,           0,        2528,      -6.508908596,      -6.519277784,      -6.702730877,      -6.295654883,      -5.897603627,      -7.944837655
          0,           0,        2529,      -6.528886725,      -6.541363127,      -6.717216293,      -6.296274556,      -5.916287933,      -7.944838861
          0,           0,        2530,      -6.517115496,      -6.528333017,      -6.709140575,      -6.273940572,      -5.903222325,       -7.94483989
          0,           0,        2531,      -6.487421342,      -6.498122776,      -6.699331702,      -6.265951393,      -5.873344847,      -7.944836916
          0,           0,        2532,      -6.486159087,      -6.498537346,      -6.704740465,      -6.279298254,      -5.872831842,      -7.944834538
          0,           0,        2533,       -6.52209733,      -6.532971197,      -6.715132597,      -6.285062592,      -5.909229512,      -7.944836252
          0,           0,        2534,      -6.503811442,      -6.515075892,         -6.701796,       -6.26855707,      -5.891810584,      -7.944837667
          0,           0,        2535,      -6.512447833,      -6.522242513,      -6.702694561,      -6.284114458,       -5.90066648,      -7.944835957
          0,           0,        2536,      -6.513042109,      -6.526447261,      -6.714189399,      -6.290413829,      -5.900175908,      -7.944831403
          0,           0,        2537,      -6.528281032,      -6.539789729,       -6.71813703,      -6.283726304,       -5.91432291,      -7.944833428
          0,           0,        2538,      -6.500217646,      -6.511653932,      -6.707947543,      -6.265581065,      -5.887002075,      -7.944835981
          0,           0,        2539,      -6.499841349,      -6.509842209,      -6.704389139,       -6.27359181,      -5.887568669,      -7.944834957
          0,           0,        2540,      -6.515120582,      -6.527887669,       -6.71223514,      -6.286756716,      -5.902671773,      -7.944831123
          0,           0,        2541,      -6.517370834,       -6.53204151,      -6.705370463,      -6.270542642,      -5.904029386,      -7.944827391
          0,           0,        2542,      -6.498743964,      -6.507348153,      -6.700011291,      -6.269079736,      -5.885275014,      -7.944828068
          0,           0,        2543,      -6.498369656,      -6.510669924,      -6.709642132,      -6.279306575,      -5.884827903,      -7.944825716
          0,           0,        2544,      -6.524999148,      -6.533606952,      -6.707068325,      -6.271402662,      -5.911772665,      -7.944823487
          0,           0,        2545,      -6.493899053,      -6.504547005,      -6.701319773,      -6.268409108,      -5.881960143,      -7.944821951
          0,           0,        2546,      -6.504815265,      -6.516124415,      -6.699724838,      -6.267784919,      -5.892624415,      -7.944821264
          0,           0,        2547,      -6.495485921,      -6.504198202,      -6.701896871,      -6.276903513,      -5.883614567,      -7.944821311
          0,           0,        2548,       -6.51584041,      -6.530060654,      -6.709811135,      -6.269025421,      -5.901474818,      -7.944818343
          0,           0,        2549,      -6.492230618,      -6.500844161,      -6.696514196,      -6.256983974,      -5.878804121,      -7.944817988
          0,           0,        2550,      -6.494617875,      -6.505520471,      -6.705519767,      -6.266453776,      -5.882105433,       -7.94481714
          0,           0,        2551,      -6.505307278,      -6.516571905,      -6.703750637,      -6.267710155,      -5.892678408,      -7.944813952
          0,           0,        2552,      -6.509141307,      -6.518976536,      -6.699643967,      -6.266358777,      -5.897087463,      -7.944811706
          0,           0,        2553,      -6.487164258,      -6.499450946,      -6.694884675,      -6.256681275,      -5.873924545,      -7.944809149
          0,           0,        2554,      -6.493997265,      -6.503881476,      -6.701197833,      -6.278532655,      -5.880884626,      -7.944810554
          0,           0,        2555,      -6.522546197,      -6.533734879,      -6.717786362,      -6.263560711,      -5.909475948,      -7.944809063
          0,           0,        2556,      -6.483096439,      -6.493055613,      -6.695321872,      -6.254595406,      -5.871428742,      -7.944805711
          0,           0,        2557,      -6.487364103,      -6.496307895,      -6.691069774,      -6.262300653,      -5.876535866,      -7.944805538
          0,           0,        2558,      -6.486169832,      -6.499045696,      -6.697259409,      -6.272008335,       -5.87443372,      -7.944806263
          0,           0,        2559,      -6.525398169,      -6.536606102,      -6.716871667,      -6.291745524,      -5.911733393,       -7.94480711
          0,           0,        2560,      -6.502725622,      -6.511996601,      -6.708625812,      -6.255746409,      -5.888452297,      -7.944804529
          0,           0,        2561,      -6.479831477,      -6.489877574,       -6.69807501,      -6.267755473,      -5.866620627,      -7.944802314
          0,           0,        2562,      -6.507826372,      -6.518728388,      -6.717906584,      -6.291084026,      -5.895151955,      -7.944803667
          0,           0,        2563,      -6.534642779,      -6.548429173,      -6.718395406,      -6.291109049,       -5.92212961,      -7.944803494
          0,           0,        2564,      -6.505859826,      -6.516059319,      -6.696194555,      -6.269389545,       -5.89356436,      -7.944803738
          0,           0,        2565,      -6.474100419,      -6.482347709,      -6.684325397,      -6.262240931,      -5.861507693,      -7.944802901
          0,           0,        2566,      -6.491585228,      -6.502503369,      -6.707403939,      -6.279004254,      -5.878287187,      -7.944804282
          0,           0,        2567,      -6.518638996,      -6.532112716,      -6.734136497,      -6.289568207,      -5.904753816,      -7.944806683
          0,           0,        2568,      -6.513053971,       -6.52269943,        -6.7123923,      -6.276017137,       -5.90080295,      -7.944806863
          0,           0,        2569,      -6.479342704,      -6.490859222,      -6.688894082,       -6.26717603,      -5.868206115,      -7.944808413
          0,           0,        2570,      -6.491762485,      -6.501174047,      -6.699750477,      -6.290240652,      -5.880113832,      -7.944809725
          0,           0,        2571,      -6.540951952,       -6.55377887,      -6.736223608,      -6.302473677,      -5.927146314,      -7.944811353
          0,           0,        2572,      -6.521520606,      -6.535107761,      -6.728949526,      -6.287112743,      -5.906911873,      -7.944812402
          0,           0,        2573,      -6.504378616,      -6.513240017,      -6.710198112,       -6.28349347,      -5.891025465,      -7.944813073
          0,           0,        2574,      -6.497385142,      -6.510929704,      -6.721622367,      -6.291200238,      -5.885096867,      -7.944816192
          0,           0,        2575,      -6.546253105,      -6.556730287,       -6.73681443,      -6.316628205,      -5.934096431,      -7.944818679
          0,           0,        2576,       -6.53856876,       -6.55091467,      -6.724702629,      -6.292548915,      -5.925289668,      -7.944819896
          0,           0,        2577,      -6.507779621,      -6.520126709,      -6.705729907,      -6.291666098,      -5.894032794,       -7.94482255
          0,           0,        2578,      -6.507191996,      -6.517908567,      -6.716309385,      -6.291697282,         -5.893141,      -7.944826365
          0,           0,        2579,      -6.524924519,      -6.539629102,      -6.739395332,       -6.29386026,      -5.910504421,      -7.944830162
          0,           0,        2580,      -6.529453975,      -6.539775413,      -6.727355079,      -6.290121352,      -5.917335695,      -7.944830662
          0,           0,        2581,      -6.500580475,      -6.509837432,      -6.702174817,      -6.285172749,      -5.890262058,      -7.944830497
          0,           0,        2582,      -6.499073582,      -6.509877276,      -6.698697878,      -6.287748071,       -5.88784289,      -7.944833493
          0,           0,        2583,      -6.509923658,      -6.521266745,      -6.718153604,      -6.289072589,      -5.897241083,       -7.94483604
          0,           0,        2584,      -6.518440949,      -6.532545066,      -6.728625514,      -6.283455643,      -5.903502794,      -7.944836464
          0,           0,        2585,      -6.489757644,       -6.49967212,      -6.705124912,      -6.270975568,      -5.876015355,       -7.94483467
          0,           0,        2586,      -6.482432297,      -6.490503549,      -6.703428885,      -6.284831418,      -5.870681221,      -7.944835375
          0,           0,        2587,      -6.507315699,      -6.519148548,      -6.722145747,      -6.288477309,      -5.895415368,      -7.944839747
          0,           0,        2588,      -6.516311429,      -6.527881892,      -6.723065421,      -6.279195969,      -5.904273937,      -7.944839752
          0,           0,        2589,      -6.502734764,      -6.513940951,      -6.701337502,      -6.278101365,      -5.889864788,      -7.944838691
          0,           0,        2590,      -6.488950874,      -6.499977771,      -6.700443899,      -6.282787549,      -5.875768126,      -7.944837678
          0,           0,        2591,      -6.514644055,      -6.523017477,      -6.733230895,      -6.310200577,      -5.901444297,      -7.944840028
          0,           0,        2592,      -6.545027343,      -6.560099477,      -6.753405612,      -6.298724119,       -5.93120578,       -7.94483971
          0,           0,        2593,      -6.516012423,      -6.526905592,      -6.723168487,      -6.286356966,      -5.904213093,      -7.944837273
          0,           0,        2594,      -6.526865337,      -6.538187749,      -6.707096146,      -6.313263799,      -5.915099634,      -7.944836683
          0,           0,        2595,      -6.524922704,      -6.539745257,      -6.722652737,      -6.314915831,      -5.912080312,      -7.944834873
          0,           0,        2596,       -6.55344441,      -6.563559158,      -6.747363304,       -6.32020388,      -5.938875608,      -7.944832672
          0,           0,        2597,      -6.519903223,      -6.532676782,      -6.738288432,      -6.283599225,      -5.906021896,      -7.944830814
          0,           0,        2598,       -6.50041603,      -6.510859461,      -6.717059851,      -6.291302638,        -5.8880544,      -7.944831413
          0,           0,        2599,      -6.517353201,       -6.52891742,      -6.713527657,      -6.314589767,      -5.905903513,      -7.944832697
          0,           0,        2600,      -6.531844859,      -6.547825308,      -6.726196837,      -6.312110711,      -5.919522579,      -7.944828526
          0,           0,        2601,      -6.529662097,      -6.536560988,      -6.722601193,      -6.290800577,      -5.915343289,      -7.944825181
          0,           0,        2602,      -6.485595226,      -6.495282666,      -6.705322778,      -6.271338467,       -5.87145078,      -7.944824713
          0,           0,        2603,      -6.490179476,      -6.499570084,      -6.711415833,      -6.287053524,      -5.876260549,      -7.944826099
          0,           0,        2604,      -6.513631685,       -6.52463119,      -6.729323213,      -6.304212362,      -5.900653092,      -7.944824854
          0,           0,        2605,      -6.526430284,      -6.540736757,      -6.734898488,      -6.295778759,      -5.914708479,      -7.944820378
          0,           0,        2606,      -6.505135405,      -6.514529514,      -6.705004489,       -6.27814295,      -5.894436333,      -7.944818952
          0,           0,        2607,      -6.482982788,      -6.492924772,       -6.69216675,      -6.283275645,      -5.871633712,      -7.944820194
          0,           0,        2608,      -6.507168065,      -6.518131903,      -6.714292825,       -6.30031404,      -5.893671946,      -7.944821368
          0,           0,        2609,      -6.515282306,      -6.526584156,      -6.733770761,       -6.28773547,      -5.900552463,      -7.944819935
          0,           0,        2610,      -6.494936206,      -6.506768269,      -6.721072444,      -6.267179723,      -5.880790063,      -7.944818332
          0,           0,        2611,      -6.480260193,      -6.490242245,      -6.698475006,      -6.266954081,      -5.868454777,      -7.944819337
          0,           0,        2612,      -6.490826041,      -6.499032478,      -6.706668719,      -6.295298981,       -5.88045708,      -7.944820008
          0,           0,        2613,      -6.543655865,      -6.556971802,      -6.736175176,      -6.313884331,      -5.931024186,      -7.944819738
          0,           0,        2614,       -6.51526101,      -6.526422577,      -6.720702348,      -6.277533852,      -5.901784437,      -7.944818809
          0,           0,        2615,      -6.501610638,      -6.513227461,      -6.710078076,      -6.285230629,      -5.887814751,      -7.944818301
          0,           0,        2616,      -6.498984035,      -6.510292796,       -6.72002812,      -6.297658949,      -5.885733339,      -7.944818532
          0,           0,        2617,      -6.548289565,      -6.557270194,      -6.747790119,       -6.32877554,      -5.935799204,      -7.944817945
          0,           0,        2618,      -6.549362422,      -6.565200557,      -6.741101054,      -6.297553989,      -5.936270634,       -7.94481951
          0,           0,        2619,      -6.506006921,      -6.517306447,      -6.706285369,      -6.285443158,      -5.893679518,      -7.944822295
          0,           0,        2620,      -6.519188959,      -6.528949164,      -6.713613475,      -6.307089069,      -5.906292115,      -7.944822967
          0,           0,        2621,      -6.535071649,      -6.550177928,      -6.742289429,      -6.315260703,      -5.920983095,      -7.944821297
          0,           0,        2622,      -6.554664065,      -6.562582575,      -6.747807549,      -6.309399433,       -5.94160288,      -7.944820926
          0,           0,        2623,      -6.502443315,      -6.514378012,      -6.715660832,      -6.280687906,      -5.890897941,      -7.944823742
          0,           0,        2624,      -6.504823791,      -6.514914325,      -6.711404414,      -6.295305696,      -5.893385548,      -7.944825354
          0,           0,        2625,      -6.539137306,      -6.549498498,      -6.731688573,      -6.313162828,      -5.926588791,      -7.944823403
          0,           0,        2626,      -6.523290179,      -6.539073432,      -6.728167893,      -6.292740985,      -5.908957336,      -7.944820875
          0,           0,        2627,      -6.505236728,      -6.512409983,      -6.715780121,      -6.281882245,      -5.891366775,      -7.944823219
          0,           0,        2628,      -6.492472409,      -6.502910821,      -6.724305241,      -6.292799811,      -5.879760846,      -7.944826834
          0,           0,        2629,      -6.541806992,      -6.553386814,      -6.749007956,       -6.31271306,      -5.929053512,      -7.944827101
          0,           0,        2630,      -6.538181939,      -6.550188856,      -6.729601408,       -6.30053851,      -5.926181109,      -7.944825461
          0,           0,        2631,      -6.517235194,      -6.532160696,       -6.70984327,      -6.295111162,      -5.904873662,      -7.944826401
          0,           0,        2632,      -6.510030662,      -6.518034909,      -6.717341172,        -6.2980979,       -5.89710843,      -7.944828145
          0,           0,        2633,      -6.540182422,      -6.551234422,      -6.750109632,      -6.318658088,      -5.926002034,      -7.944827402
          0,           0,        2634,      -6.551937925,      -6.565151088,      -6.752174856,      -6.303915145,      -5.937836812,      -7.944826214
          0,           0,        2635,      -6.517852098,      -6.530222874,      -6.718661102,      -6.300515303,      -5.906153071,       -7.94482591
          0,           0,        2636,      -6.519062055,      -6.532837076,       -6.71596699,      -6.305955495,      -5.907663153,      -7.944827972
          0,           0,        2637,      -6.536738477,      -6.547750577,      -6.727398572,      -6.314188911,      -5.924658696,      -7.944828204
          0,           0,        2638,       -6.54294848,      -6.552767423,      -6.735688269,      -6.303144695,      -5.928551354,      -7.944827314
          0,           0,        2639,      -6.504061887,      -6.515592229,      -6.714389188,      -6.284175728,      -5.889720368,      -7.944829142
          0,           0,        2640,      -6.495339108,      -6.506640754,       -6.70977263,      -6.290917363,      -5.881899721,      -7.944831066
          0,           0,        2641,      -6.509152442,       -6.52197584,      -6.728036677,      -6.293752505,      -5.895961793,      -7.944832435
          0,           0,        2642,      -6.527254986,      -6.540191485,      -6.727973387,      -6.293997101,      -5.914903618,      -7.944832268
          0,           0,        2643,      -6.509494398,      -6.517926668,      -6.707128038,      -6.278849693,      -5.897450258,      -7.944831072
          0,           0,        2644,      -6.491502022,      -6.503865411,      -6.699619001,      -6.292236147,      -5.879034214,       -7.94483144
          0,           0,        2645,      -6.526006795,      -6.536759966,      -6.730971983,      -6.306011087,      -5.912630945,      -7.944832497
          0,           0,        2646,      -6.529203892,       -6.54007969,      -6.740888676,      -6.294287711,       -5.91571865,       -7.94483289
          0,           0,        2647,      -6.514798348,      -6.529132559,      -6.721127999,      -6.294683767,      -5.902518347,      -7.944832361
          0,           0,        2648,      -6.520125498,      -6.528096331,      -6.716804517,      -6.305153933,      -5.908802951,       -7.94483336
          0,           0,        2649,      -6.540995943,       -6.55648059,      -6.735311612,       -6.32808675,      -5.928068809,      -7.944832893
          0,           0,        2650,      -6.559306276,      -6.570470722,      -6.742946537,      -6.306770214,      -5.944178949,      -7.944832214
          0,           0,        2651,      -6.508676098,      -6.519025373,      -6.719143476,      -6.289068378,      -5.894729012,      -7.944832488
          0,           0,        2652,      -6.511467312,      -6.527665054,      -6.721863262,      -6.300632105,      -5.897708313,      -7.944833213
          0,           0,        2653,      -6.543503365,      -6.551854775,      -6.740535553,      -6.320572271,      -5.931645143,       -7.94483411
          0,           0,        2654,      -6.555706912,      -6.570921911,      -6.736843761,      -6.316602802,      -5.943653854,      -7.944832163
          0,           0,        2655,      -6.513147289,      -6.522472196,      -6.703549624,      -6.283925532,      -5.901027539,      -7.944831652
          0,           0,        2656,       -6.50173799,      -6.512385897,      -6.699800122,      -6.292769747,      -5.888798701,      -7.944833131
          0,           0,        2657,      -6.513163801,      -6.528704377,       -6.72611427,      -6.295753972,      -5.899159813,      -7.944835761
          0,           0,        2658,        -6.5327918,      -6.540498972,      -6.736372788,      -6.294265282,      -5.919261951,      -7.944836405
          0,           0,        2659,      -6.501984747,      -6.511662934,      -6.716058659,      -6.274405592,      -5.890382944,      -7.944835193
          0,           0,        2660,      -6.493985298,      -6.503041713,      -6.703930854,      -6.291015689,      -5.883321576,      -7.944837455
          0,           0,        2661,      -6.532969329,      -6.545564783,      -6.727282135,      -6.306078125,       -5.92049383,      -7.944839267
          0,           0,        2662,      -6.526220039,      -6.541998136,      -6.730164864,      -6.286770544,      -5.911948281,      -7.944840087
          0,           0,        2663,      -6.510530571,      -6.518980637,      -6.716466757,      -6.285301638,       -5.89620631,       -7.94483846
          0,           0,        2664,       -6.50213717,       -6.51022657,      -6.723478796,      -6.287225772,      -5.888702802,       -7.94483843
          0,           0,        2665,      -6.540070997,      -6.552902063,      -6.741434753,      -6.312311301,      -5.927229061,      -7.944841128
          0,           0,        2666,      -6.543721636,      -6.556359035,      -6.726729101,       -6.28967986,      -5.931327523,       -7.94484077
          0,           0,        2667,      -6.505756158,      -6.519676526,      -6.703879544,      -6.290997616,      -5.893788388,      -7.944840587
          0,           0,        2668,      -6.526319146,      -6.536028371,      -6.719626889,      -6.300936109,      -5.913790769,       -7.94484172
          0,           0,        2669,      -6.540656622,      -6.549207887,      -6.735919418,      -6.290053199,      -5.927184587,      -7.944843698
          0,           0,        2670,      -6.510979756,      -6.524134382,      -6.719085786,       -6.27825393,      -5.898151719,      -7.944844235
          0,           0,        2671,      -6.493859634,       -6.50274415,      -6.703017403,      -6.281124747,      -5.881986987,      -7.944841267
          0,           0,        2672,      -6.512568702,      -6.525110589,      -6.715511806,      -6.292205166,      -5.899298204,      -7.944841989
          0,           0,        2673,      -6.512813683,      -6.525303721,      -6.714609288,      -6.271441353,      -5.898609334,      -7.944843019
          0,           0,        2674,       -6.50409826,      -6.511533166,      -6.706971043,      -6.271575969,      -5.890066067,      -7.944842528
          0,           0,        2675,       -6.49279075,      -6.506361183,       -6.71180796,      -6.277211425,      -5.879009233,      -7.944841206
          0,           0,        2676,      -6.527411974,       -6.53719252,      -6.721311858,      -6.291725308,      -5.914860768,      -7.944840796
          0,           0,        2677,      -6.518518015,       -6.53101024,      -6.709390906,      -6.271139939,      -5.906577979,      -7.944843744
          0,           0,        2678,      -6.494619237,      -6.508350998,      -6.695966214,      -6.271540279,      -5.883088873,      -7.944843432
          0,           0,        2679,      -6.520301424,      -6.528628037,      -6.708652898,      -6.286082166,      -5.907610716,      -7.944842287
          0,           0,        2680,      -6.521630839,       -6.53656303,      -6.716959364,      -6.277973495,       -5.90733727,      -7.944842686
          0,           0,        2681,      -6.498298082,      -6.508494704,      -6.704117164,       -6.25957625,      -5.884622404,      -7.944843154
          0,           0,        2682,      -6.477709974,      -6.489198625,       -6.69593828,      -6.260761276,      -5.865085118,       -7.94484398
          0,           0,        2683,       -6.49807593,      -6.512450439,      -6.697333657,      -6.256495485,      -5.885227227,      -7.944842496
          0,           0,        2684,      -6.492102248,      -6.500276642,      -6.689715705,      -6.258738657,      -5.879698384,      -7.944841899
          0,           0,        2685,      -6.486891601,      -6.499279807,      -6.687176781,      -6.246861705,       -5.87373085,      -7.944843855
          0,           0,        2686,      -6.468887348,      -6.478553701,      -6.690867819,      -6.249746894,      -5.856280259,      -7.944844617
          0,           0,        2687,        -6.5029335,       -6.51531505,      -6.708943661,      -6.259151776,      -5.889917997,      -7.944845861
          0,           0,        2688,      -6.484661605,      -6.497840617,      -6.693910994,      -6.239239141,      -5.872436254,      -7.944845719
          0,           0,        2689,      -6.488661974,      -6.496214423,      -6.695669019,      -6.267462005,      -5.877044157,      -7.944847142
          0,           0,        2690,      -6.509104884,      -6.518474939,      -6.705554345,      -6.263215127,      -5.895877287,       -7.94484793
          0,           0,        2691,      -6.508345857,      -6.517469673,      -6.705758042,      -6.264146612,      -5.894396483,      -7.944846176
          0,           0,        2692,      -6.478691219,      -6.489123117,      -6.696905317,       -6.24669406,      -5.864657899,      -7.944845819
          0,           0,        2693,      -6.474309551,      -6.487384405,      -6.695518128,      -6.264159864,      -5.861264147,      -7.944845044
          0,           0,        2694,      -6.515161167,      -6.524341624,       -6.71200803,      -6.272527032,      -5.902198729,      -7.944845517
          0,           0,        2695,      -6.499188166,      -6.506943951,      -6.700337218,      -6.260834577,      -5.886976028,      -7.944844393
          0,           0,        2696,      -6.494615234,      -6.504984148,      -6.698650445,      -6.268185121,      -5.882118259,      -7.944843501
          0,           0,        2697,       -6.49383671,      -6.503021833,       -6.70966614,      -6.276425339,      -5.880831064,      -7.944845186
          0,           0,        2698,      -6.525593606,      -6.538443393,      -6.730715002,      -6.299993578,      -5.911896748,      -7.944845117
          0,           0,        2699,      -6.535040227,      -6.546703642,      -6.730547182,      -6.285759796,      -5.922076843,      -7.944844366
          0,           0,        2700,       -6.50808242,      -6.516123459,      -6.710090008,      -6.279181291,      -5.896901765,      -7.944843551
          0,           0,        2701,      -6.508005941,      -6.521417845,      -6.711601641,      -6.288675328,       -5.89646164,      -7.944843678
          0,           0,        2702,       -6.53862185,      -6.549341252,       -6.72748189,      -6.305654635,      -5.925892157,      -7.944843625
          0,           0,        2703,      -6.525754858,      -6.537931601,      -6.720544776,      -6.284403376,      -5.910828735,      -7.944841327
          0,           0,        2704,      -6.486688548,      -6.498586479,      -6.701923481,       -6.27032355,      -5.872403536,      -7.944840151
          0,           0,        2705,      -6.490415662,      -6.496907387,       -6.70724175,      -6.275139481,      -5.877381632,      -7.944841998
          0,           0,        2706,      -6.509025102,      -6.523205051,      -6.725878427,      -6.286715806,      -5.896118022,      -7.944843121
          0,           0,        2707,      -6.531858122,      -6.541694681,      -6.721839656,      -6.292213604,      -5.920107653,      -7.944842656
          0,           0,        2708,      -6.498259154,      -6.511145661,       -6.69823618,      -6.276421077,      -5.886186506,      -7.944841472
          0,           0,        2709,      -6.489124231,      -6.502531661,      -6.702016405,      -6.286439537,      -5.876406903,      -7.944843481
          0,           0,        2710,      -6.531238748,      -6.538676245,      -6.738681914,      -6.293992068,      -5.917797598,      -7.944845858
          0,           0,        2711,      -6.518720903,      -6.533019533,      -6.737008084,      -6.280817728,      -5.905158055,      -7.944845683
          0,           0,        2712,      -6.521442814,      -6.531543741,      -6.716529692,      -6.296527974,      -5.909508052,      -7.944843738
          0,           0,        2713,      -6.507557997,      -6.521392539,       -6.71313214,      -6.296168676,      -5.895758939,      -7.944843073
          0,           0,        2714,       -6.53227985,       -6.54819989,      -6.730961902,      -6.307891017,      -5.918945006,      -7.944845366
          0,           0,        2715,      -6.536208344,      -6.545820637,      -6.731756041,      -6.282805989,       -5.92157285,      -7.944848028
          0,           0,        2716,      -6.503417344,       -6.51441877,       -6.71680776,      -6.285333596,      -5.889514371,      -7.944846443
          0,           0,        2717,      -6.518000455,      -6.529541107,      -6.722025357,      -6.306040715,      -5.904911202,      -7.944847748
          0,           0,        2718,      -6.533006207,      -6.548098351,      -6.735524862,      -6.309233484,      -5.920444399,      -7.944848122
          0,           0,        2719,      -6.534844601,      -6.551739591,      -6.727325213,       -6.29763926,       -5.92234107,      -7.944846381
          0,           0,        2720,      -6.505577177,      -6.514286363,      -6.701838501,      -6.278649666,       -5.89310063,      -7.944846453
          0,           0,        2721,       -6.50485405,      -6.513540659,          -6.70504,      -6.294363024,      -5.891640425,      -7.944845771
          0,           0,        2722,      -6.517821381,      -6.530759773,      -6.731357112,      -6.298585413,      -5.904056237,      -7.944846204
          0,           0,        2723,       -6.52573547,      -6.537200667,      -6.740056567,      -6.285453126,      -5.911864533,      -7.944842405
          0,           0,        2724,      -6.498098008,       -6.50919301,      -6.712939508,      -6.271132705,      -5.886477842,      -7.944839968
          0,           0,        2725,      -6.491678985,      -6.502564572,      -6.702526944,       -6.28597574,      -5.880799226,      -7.944841154
          0,           0,        2726,      -6.535562609,      -6.543646032,      -6.729266289,      -6.311672445,      -5.923055667,      -7.944843146
          0,           0,        2727,      -6.527087761,      -6.541066765,      -6.735544055,      -6.285844495,      -5.912668431,      -7.944842848
          0,           0,        2728,      -6.509615473,      -6.517662187,       -6.72221756,      -6.282036338,      -5.894872232,      -7.944839157
          0,           0,        2729,      -6.497553342,      -6.508318738,      -6.718323757,      -6.290471759,      -5.883987771,      -7.944839028
          0,           0,        2730,       -6.53015342,      -6.544679588,      -6.738433774,      -6.321381115,      -5.917629219,      -7.944840832
          0,           0,        2731,      -6.565794913,      -6.575278543,      -6.745955923,      -6.310145129,      -5.953397881,      -7.944839719
          0,           0,        2732,      -6.516708941,      -6.529561868,      -6.717907778,       -6.28925795,      -5.904430294,      -7.944837264
          0,           0,        2733,      -6.524680702,      -6.533801707,       -6.71702561,      -6.307038764,      -5.911840401,      -7.944835288
          0,           0,        2734,      -6.529638507,      -6.543522428,      -6.737182468,      -6.314816083,      -5.915550756,      -7.944836104
          0,           0,        2735,      -6.551279404,      -6.566446932,       -6.75070587,      -6.318923303,      -5.936931714,      -7.944836671
          0,           0,        2736,      -6.518204909,      -6.525987137,      -6.722938346,      -6.285494566,      -5.906113477,      -7.944835518
          0,           0,        2737,      -6.497999363,      -6.509751621,      -6.703864883,      -6.288393252,       -5.88630989,      -7.944836828
          0,           0,        2738,       -6.51926243,       -6.52940368,      -6.713681325,      -6.310823273,      -5.907394286,      -7.944838262
          0,           0,        2739,      -6.530321531,      -6.546203915,      -6.726081962,      -6.307285789,      -5.916561918,      -7.944838601
          0,           0,        2740,      -6.512307014,      -6.526229299,       -6.72170575,      -6.285695816,      -5.897812252,      -7.944837489
          0,           0,        2741,      -6.483395961,      -6.491523222,      -6.709494312,      -6.276550822,      -5.870490761,      -7.944838705
          0,           0,        2742,      -6.492846531,      -6.503427568,      -6.713736595,      -6.289237443,      -5.880666209,      -7.944842436
          0,           0,        2743,      -6.518976472,      -6.530281505,      -6.723840502,      -6.307779379,      -5.907795555,      -7.944842954
          0,           0,        2744,      -6.521050146,      -6.536058828,      -6.717858783,      -6.296517978,      -5.909191536,      -7.944841907
          0,           0,        2745,      -6.496793674,      -6.510373496,      -6.699966587,      -6.275728607,      -5.883737535,      -7.944842979
          0,           0,        2746,      -6.473752741,      -6.481769429,      -6.695786063,      -6.272738173,      -5.860580691,      -7.944847715
          0,           0,        2747,      -6.497281308,      -6.506157816,      -6.721432897,      -6.290820266,      -5.883591917,      -7.944850862
          0,           0,        2748,      -6.513419174,      -6.525611409,      -6.736670079,      -6.290294575,      -5.900397205,      -7.944849653
          0,           0,        2749,      -6.502522334,      -6.514184628,      -6.716827812,      -6.280562921,      -5.890977395,      -7.944849527
          0,           0,        2750,      -6.488783279,      -6.499536539,      -6.692761719,      -6.275010325,      -5.878093638,      -7.944851804
          0,           0,        2751,      -6.484598828,      -6.494204087,      -6.698169631,      -6.288334273,      -5.873269999,      -7.944852653
          0,           0,        2752,      -6.533315146,      -6.543094137,      -6.734075316,      -6.312149083,      -5.919757137,      -7.944850631
          0,           0,        2753,       -6.51841433,      -6.531771596,      -6.739059277,      -6.281000527,      -5.904504056,      -7.944849235
          0,           0,        2754,      -6.499950489,      -6.509238663,       -6.71930146,      -6.281532984,      -5.886963831,      -7.944851296
          0,           0,        2755,      -6.498475396,      -6.509019558,      -6.714467885,      -6.294235864,      -5.886898957,       -7.94485118
          0,           0,        2756,      -6.526877582,      -6.541312295,      -6.735591419,      -6.323197538,       -5.91509625,      -7.944846894
          0,           0,        2757,       -6.56991392,       -6.58143739,       -6.74876679,       -6.31849172,      -5.955712003,       -7.94484499
          0,           0,        2758,      -6.513260384,      -6.526248205,      -6.725076995,       -6.28813597,      -5.899199233,      -7.944846407
          0,           0,        2759,      -6.521292985,      -6.530461447,      -6.725386515,      -6.305250862,      -5.907036959,      -7.944847236
          0,           0,        2760,      -6.530326259,      -6.542733399,      -6.743764277,      -6.320303749,      -5.916978379,      -7.944842061
          0,           0,        2761,      -6.560272474,      -6.576284996,      -6.751862684,      -6.325363174,      -5.947863083,      -7.944835635
          0,           0,        2762,      -6.525234477,      -6.534871394,      -6.717551462,      -6.291717271,      -5.914169245,      -7.944835504
          0,           0,        2763,      -6.500539781,        -6.5120032,      -6.702527459,      -6.291592291,       -5.88877525,      -7.944833428
          0,           0,        2764,      -6.521316582,      -6.530798025,      -6.722417996,      -6.310084918,      -5.908225661,      -7.944828903
          0,           0,        2765,      -6.532735991,      -6.547724494,      -6.742247248,      -6.307143638,      -5.917968964,      -7.944823193
          0,           0,        2766,      -6.515766359,      -6.529227593,      -6.729099833,      -6.285450809,      -5.901531275,      -7.944820011
          0,           0,        2767,      -6.480188158,      -6.489059222,      -6.700998019,      -6.276262035,       -5.86841191,      -7.944820431
          0,           0,        2768,      -6.499653302,      -6.510352068,      -6.711754217,      -6.293633082,       -5.88785224,      -7.944816281
          0,           0,        2769,      -6.532061794,      -6.543502877,      -6.730140938,      -6.305289497,      -5.919662448,      -7.944813053
          0,           0,        2770,      -6.511666788,      -6.526562337,      -6.716203283,      -6.286501939,       -5.89824187,      -7.944812217
          0,           0,        2771,      -6.488707437,       -6.50180918,      -6.702598985,      -6.277628316,      -5.875135063,      -7.944810588
          0,           0,        2772,      -6.486842253,      -6.496023871,      -6.715245074,       -6.29438641,      -5.873966383,       -7.94480809
          0,           0,        2773,      -6.542313142,      -6.552496469,      -6.748093741,      -6.315247243,      -5.928892196,      -7.944804086
          0,           0,        2774,      -6.528218382,      -6.540869243,       -6.73051613,      -6.292669629,      -5.915707038,      -7.944805314
          0,           0,        2775,      -6.510181316,      -6.522709287,      -6.706672712,      -6.289493281,      -5.897739645,      -7.944806998
          0,           0,        2776,      -6.499803949,      -6.511168819,      -6.709551274,      -6.294724518,      -5.887162113,      -7.944805473
          0,           0,        2777,      -6.533405714,      -6.545546765,      -6.741622749,      -6.319509638,      -5.919548024,      -7.944804761
          0,           0,        2778,      -6.561381799,      -6.571285039,      -6.754604749,      -6.312982163,      -5.947240338,      -7.944806151
          0,           0,        2779,      -6.516406406,      -6.529372665,      -6.724189284,       -6.29815843,      -5.904609004,       -7.94481137
          0,           0,        2780,      -6.521878048,      -6.533158387,       -6.71736227,      -6.308953833,      -5.910478099,      -7.944811633
          0,           0,        2781,      -6.534973999,      -6.546677682,      -6.727466034,      -6.321515451,      -5.922907082,      -7.944809746
          0,           0,        2782,      -6.547922158,      -6.563405045,      -6.739246498,      -6.314523796,      -5.933153446,      -7.944812261
          0,           0,        2783,      -6.517002693,      -6.526511382,       -6.71919103,      -6.292020859,      -5.902420808,      -7.944815969
          0,           0,        2784,      -6.495493021,      -6.507466689,      -6.713842066,      -6.288982676,      -5.882182473,      -7.944818784
          0,           0,        2785,      -6.511769864,      -6.521781933,      -6.730095909,      -6.299879033,      -5.899253815,      -7.944817949
          0,           0,        2786,      -6.533300291,      -6.545734343,      -6.732545174,      -6.309609144,      -5.921979242,       -7.94481841
          0,           0,        2787,      -6.519805278,       -6.53379071,      -6.714824025,       -6.29245791,      -5.908432399,      -7.944823881
          0,           0,        2788,      -6.492659449,      -6.501972584,      -6.694836154,      -6.289525579,      -5.880617714,      -7.944826167
          0,           0,        2789,       -6.49578476,      -6.506537522,      -6.710046938,      -6.288784128,      -5.882418866,      -7.944827555
          0,           0,        2790,      -6.513351193,      -6.523099423,      -6.737007002,      -6.295332567,      -5.899197441,      -7.944827873
          0,           0,        2791,      -6.513510218,      -6.526048277,       -6.73170925,      -6.293248832,      -5.900189988,      -7.944830035
          0,           0,        2792,      -6.499848141,      -6.512483292,      -6.708870466,      -6.282184534,      -5.888635482,      -7.944831819
          0,           0,        2793,      -6.480162895,       -6.48917502,      -6.691350241,      -6.287176265,      -5.869954225,      -7.944830581
          0,           0,        2794,       -6.50940498,      -6.518138232,      -6.714195032,      -6.296674726,      -5.897923179,      -7.944831155
          0,           0,        2795,      -6.523232086,      -6.533936241,      -6.730880793,       -6.29275452,      -5.910164305,      -7.944832126
          0,           0,        2796,      -6.497734178,      -6.511104604,      -6.714535125,      -6.285354582,      -5.883937072,      -7.944832513
          0,           0,        2797,      -6.488205299,      -6.500538421,      -6.707506858,      -6.285256428,      -5.875104842,      -7.944831248
          0,           0,        2798,      -6.493285387,      -6.502605789,      -6.717403319,      -6.302989384,      -5.881091677,      -7.944830368
          0,           0,        2799,      -6.548082613,      -6.555209086,      -6.744502875,      -6.313174263,      -5.935135397,      -7.944832666
          0,           0,        2800,      -6.523869419,      -6.537134454,       -6.72428882,       -6.29309847,      -5.910788084,       -7.94483278
          0,           0,        2801,      -6.514363736,      -6.526512636,      -6.709385197,      -6.303215499,      -5.901293457,      -7.944829318
          0,           0,        2802,      -6.506828847,      -6.518089433,      -6.722197748,      -6.305213248,      -5.893865216,       -7.94482632
          0,           0,        2803,      -6.544534739,      -6.557766174,       -6.75066685,      -6.322269056,       -5.93148843,       -7.94482524
          0,           0,        2804,      -6.549162828,      -6.557207405,      -6.738503946,      -6.300696506,      -5.937275855,      -7.944825393
          0,           0,        2805,      -6.512627478,      -6.525964901,      -6.708579124,       -6.30204821,      -5.901300074,      -7.944820747
          0,           0,        2806,      -6.523904406,      -6.535053426,      -6.716664572,      -6.312960445,      -5.911408541,      -7.944814809
          0,           0,        2807,      -6.536694242,      -6.549129712,       -6.73677629,      -6.309623108,      -5.922144579,      -7.944813868
          0,           0,        2808,      -6.522096867,      -6.535898998,      -6.733082176,      -6.284761033,      -5.906914238,      -7.944813775
          0,           0,        2809,      -6.490901585,      -6.500153033,      -6.708817132,      -6.277458815,      -5.878044107,       -7.94481091
          0,           0,        2810,      -6.506307544,      -6.519101781,      -6.720313318,      -6.301557444,      -5.894115363,      -7.944806065
          0,           0,        2811,      -6.536862771,      -6.548046418,      -6.738001997,      -6.303304777,      -5.924656398,      -7.944803524
          0,           0,        2812,      -6.519474032,      -6.531697262,      -6.717280555,      -6.285852464,      -5.906904951,      -7.944803687
          0,           0,        2813,      -6.495108064,      -6.508166302,      -6.705246914,      -6.275500195,      -5.882085337,      -7.944800875
          0,           0,        2814,      -6.503452661,      -6.513952693,      -6.720695392,      -6.303799156,      -5.890189446,      -7.944797042
          0,           0,        2815,      -6.556633872,      -6.570049472,      -6.757709249,      -6.314192706,      -5.942512252,      -7.944794858
          0,           0,        2816,      -6.522529706,      -6.533327258,      -6.732182996,      -6.288569132,      -5.910207109,      -7.944794014
          0,           0,        2817,      -6.519285963,      -6.532642266,      -6.709902936,       -6.29871378,      -5.907739966,      -7.944793801
          0,           0,        2818,      -6.513481599,      -6.527487888,      -6.720874632,      -6.304790171,      -5.901629373,       -7.94479215
          0,           0,        2819,      -6.552380269,      -6.564755473,      -6.737374257,      -6.324069442,      -5.938254175,      -7.944790789
          0,           0,        2820,      -6.533806865,       -6.54459238,      -6.733336248,       -6.29226034,      -5.919318624,      -7.944790311
          0,           0,        2821,      -6.502237355,      -6.513180613,      -6.713113614,      -6.292794995,      -5.889388109,      -7.944789294
          0,           0,        2822,       -6.51082767,      -6.524884321,      -6.715693018,      -6.302870763,      -5.898488313,      -7.944790416
          0,           0,        2823,      -6.533963668,      -6.548588867,      -6.727982602,      -6.306579047,       -5.92162949,      -7.944790333
          0,           0,        2824,      -6.520096495,      -6.531419641,      -6.708383984,      -6.286886132,      -5.907068578,      -7.944791562
          0,           0,        2825,      -6.489966189,      -6.496136815,      -6.692897526,      -6.275893638,      -5.877267795,      -7.944790839
          0,           0,        2826,       -6.49640273,      -6.509364712,      -6.711834219,      -6.287222511,      -5.883168975,      -7.944789208
          0,           0,        2827,       -6.51774158,      -6.529839011,      -6.729072014,       -6.28297526,      -5.904623366,      -7.944793409
          0,           0,        2828,      -6.505463896,      -6.517531917,      -6.711745755,      -6.275956882,      -5.893628884,      -7.944797707
          0,           0,        2829,      -6.486848412,      -6.497533094,      -6.691212794,      -6.272956022,      -5.875527239,      -7.944799913
          0,           0,        2830,      -6.510491449,       -6.51579841,       -6.71015304,      -6.297386274,      -5.898667582,      -7.944798509
          0,           0,        2831,      -6.537629816,      -6.553666261,      -6.735284934,      -6.288014356,      -5.922627923,      -7.944798501
          0,           0,        2832,      -6.503119699,      -6.512317511,      -6.716555984,      -6.273845484,      -5.889448603,      -7.944805039
          0,           0,        2833,      -6.512649745,      -6.524054221,       -6.71685578,       -6.29332428,      -5.899144489,      -7.944807648
          0,           0,        2834,      -6.527023078,      -6.540033779,      -6.726611557,      -6.294821205,      -5.914145068,      -7.944808033
          0,           0,        2835,      -6.531262967,      -6.539102864,      -6.712028592,      -6.287279874,      -5.919065486,       -7.94480696
          0,           0,        2836,      -6.496500187,      -6.509888262,      -6.696375802,      -6.274825995,      -5.883735241,      -7.944809842
          0,           0,        2837,       -6.50936686,      -6.518751648,      -6.704193196,      -6.285910451,      -5.896340813,      -7.944815989
          0,           0,        2838,      -6.516077498,      -6.527550888,        -6.7152234,       -6.28100864,      -5.902456832,      -7.944817342
          0,           0,        2839,      -6.498700073,      -6.510536153,      -6.700830702,      -6.257394561,      -5.885941483,      -7.944818753
          0,           0,        2840,       -6.48746536,      -6.496408596,      -6.699272365,      -6.266329966,      -5.875859274,      -7.944819733
          0,           0,        2841,      -6.505199671,      -6.517109605,      -6.708196444,      -6.278451115,       -5.89295813,      -7.944822505
          0,           0,        2842,      -6.522188114,      -6.532684872,      -6.707385496,      -6.271447368,      -5.908363007,      -7.944824373
          0,           0,        2843,      -6.489604917,      -6.500179847,      -6.702362248,      -6.269127128,      -5.876338146,      -7.944823922
          0,           0,        2844,      -6.519773149,      -6.533744815,      -6.714178074,      -6.280129895,      -5.906048638,      -7.944825738
          0,           0,        2845,      -6.526027999,      -6.537063669,      -6.717461323,      -6.290317019,       -5.91312936,      -7.944826452
          0,           0,        2846,      -6.520008467,      -6.531729755,      -6.702997443,      -6.268822226,      -5.907973248,      -7.944826384
          0,           0,        2847,      -6.495525659,      -6.506222253,      -6.695309766,      -6.272607732,      -5.883799668,      -7.944824781
          0,           0,        2848,      -6.502874901,      -6.514474548,      -6.694832755,      -6.260685211,      -5.889768571,      -7.944826079
          0,           0,        2849,      -6.490903833,       -6.50395742,      -6.692472233,      -6.262091115,      -5.877687949,      -7.944828929
          0,           0,        2850,      -6.488382212,      -6.498713228,      -6.689501709,       -6.24952373,      -5.874927368,      -7.944826526
          0,           0,        2851,      -6.475043776,      -6.481887508,      -6.691857591,      -6.254859901,      -5.862941093,      -7.944822862
          0,           0,        2852,       -6.50332274,      -6.516341158,      -6.704780923,      -6.266598684,      -5.890951512,       -7.94482139
          0,           0,        2853,      -6.498100852,      -6.507797451,       -6.69430994,      -6.250861262,      -5.885260552,      -7.944823739
          0,           0,        2854,      -6.494469501,      -6.506216569,      -6.702935684,      -6.276453391,      -5.881805513,       -7.94482383
          0,           0,        2855,      -6.515491639,      -6.529334658,      -6.711878817,      -6.274517689,      -5.902274312,      -7.944820156
          0,           0,        2856,      -6.525153921,      -6.530457207,      -6.715552657,      -6.280788656,      -5.912762653,      -7.944820072
          0,           0,        2857,      -6.495579422,      -6.509195441,      -6.702610486,      -6.262596982,       -5.88417932,      -7.944821949
          0,           0,        2858,      -6.491745079,      -6.499425846,      -6.692544747,       -6.27945866,      -5.880973047,      -7.944823033
          0,           0,        2859,      -6.516744999,      -6.528887114,      -6.709829935,       -6.28619286,      -5.903817842,      -7.944821527
          0,           0,        2860,      -6.500193598,      -6.512503594,      -6.704829622,      -6.267784352,      -5.886265355,      -7.944820552
          0,           0,        2861,      -6.493676252,      -6.499149808,      -6.704379988,      -6.268403917,      -5.879967049,      -7.944822096
          0,           0,        2862,      -6.473819957,      -6.486380689,      -6.702612353,      -6.267094206,      -5.860632952,      -7.944821551
          0,           0,        2863,      -6.508290557,      -6.516014311,      -6.712164426,      -6.298574545,      -5.896503783,      -7.944820856
          0,           0,        2864,      -6.536814901,      -6.550094786,      -6.721117933,      -6.291159359,      -5.923944268,       -7.94482165
          0,           0,        2865,      -6.498774717,      -6.511658154,      -6.695770334,      -6.270971546,      -5.885934953,      -7.944823875
          0,           0,        2866,      -6.500476567,      -6.508417078,      -6.701918293,      -6.280872251,      -5.887488478,      -7.944825418
          0,           0,        2867,      -6.519371629,      -6.533000718,       -6.73023907,        -6.3018804,      -5.905426056,      -7.944824927
          0,           0,        2868,      -6.546039212,      -6.556161049,      -6.734276155,      -6.299256542,      -5.933322573,      -7.944827353
          0,           0,        2869,      -6.504663618,      -6.516722496,      -6.700933221,      -6.276955732,      -5.892821969,      -7.944831676
          0,           0,        2870,       -6.48916797,      -6.502355803,      -6.690414262,      -6.278496371,      -5.877393961,      -7.944832882
          0,           0,        2871,      -6.513274805,      -6.523417368,      -6.712059521,      -6.289541909,      -5.900553706,        -7.9448314
          0,           0,        2872,      -6.528114441,      -6.540915901,      -6.725856342,      -6.291490865,      -5.913531707,      -7.944831127
          0,           0,        2873,      -6.499846892,      -6.509913306,      -6.710481081,      -6.272548333,      -5.886621968,      -7.944834904
          0,           0,        2874,      -6.483112359,      -6.495027268,      -6.703361697,      -6.280676349,      -5.870663708,      -7.944837178
          0,           0,        2875,      -6.512054203,      -6.525870749,      -6.722884846,      -6.288923603,      -5.899851386,      -7.944836226
          0,           0,        2876,      -6.523791452,      -6.535425493,      -6.724893268,      -6.285308535,      -5.911217873,      -7.944835728
          0,           0,        2877,      -6.527961394,      -6.537633232,      -6.716468313,      -6.299094636,      -5.914745575,      -7.944839264
          0,           0,        2878,      -6.508549119,        -6.5220245,      -6.719222736,      -6.292267028,      -5.894936851,      -7.944842181
          0,           0,        2879,        -6.5312037,      -6.544116512,      -6.740938467,      -6.309980202,      -5.916880649,      -7.944841735
          0,           0,        2880,      -6.543358885,      -6.557953826,       -6.74192508,       -6.29543435,      -5.930196401,      -7.944841035
          0,           0,        2881,      -6.517755322,      -6.530596669,      -6.716286851,      -6.294654891,      -5.906080304,      -7.944842358
          0,           0,        2882,      -6.533378326,      -6.541211735,      -6.712676022,      -6.316182488,      -5.922210613,      -7.944843127
          0,           0,        2883,      -6.534899306,       -6.55059398,      -6.727422097,      -6.310705926,       -5.92222215,      -7.944841845
          0,           0,        2884,      -6.539142416,      -6.549549737,      -6.732998011,      -6.301492329,      -5.924252216,      -7.944841429
          0,           0,        2885,      -6.501866394,      -6.514240748,        -6.7132908,      -6.278928129,       -5.88795226,      -7.944843033
          0,           0,        2886,      -6.496915759,      -6.508551459,      -6.706873065,      -6.293158194,      -5.884006046,      -7.944844688
          0,           0,        2887,      -6.514897484,      -6.523064784,       -6.71902643,      -6.302252016,      -5.903388908,      -7.944843951
          0,           0,        2888,      -6.527658507,      -6.541818522,       -6.72689054,      -6.292755698,       -5.91554872,      -7.944842328
          0,           0,        2889,      -6.506306515,       -6.51413434,      -6.703878885,      -6.275201548,      -5.893858375,      -7.944844149
          0,           0,        2890,      -6.480657958,      -6.491963956,      -6.692214195,       -6.27765697,      -5.867690895,      -7.944844218
          0,           0,        2891,      -6.502741675,      -6.514787398,      -6.716594613,      -6.297831431,      -5.888858103,      -7.944842625
          0,           0,        2892,      -6.518982354,       -6.52866294,      -6.737085777,      -6.288396426,      -5.905517372,      -7.944840511
          0,           0,        2893,      -6.511003757,       -6.52190618,       -6.71915183,      -6.277694307,      -5.898834873,      -7.944839536
          0,           0,        2894,      -6.491493929,      -6.499051167,      -6.690649515,      -6.279517542,      -5.880832889,      -7.944839487
          0,           0,        2895,      -6.500706118,      -6.512604009,      -6.703707844,      -6.303876076,      -5.889345817,      -7.944838115
          0,           0,        2896,      -6.539267385,      -6.554306477,      -6.735887935,      -6.303316139,      -5.925453667,      -7.944836826
          0,           0,        2897,      -6.506896836,      -6.516167825,       -6.72515461,      -6.270220106,      -5.893331088,      -7.944836646
          0,           0,        2898,      -6.502603695,      -6.512750992,      -6.715296238,      -6.286112852,      -5.889451248,      -7.944837656
          0,           0,        2899,      -6.508424262,      -6.517185397,      -6.721395703,       -6.30299662,      -5.896903562,      -7.944834812
          0,           0,        2900,      -6.548589684,      -6.563608433,      -6.737387979,      -6.326976007,      -5.935933823,      -7.944831339
          0,           0,        2901,       -6.53096243,      -6.545930428,      -6.722916824,      -6.287417242,      -5.916645963,       -7.94483042
          0,           0,        2902,      -6.498370685,      -6.508368453,      -6.706620285,      -6.278705383,      -5.884395807,      -7.944831318
          0,           0,        2903,      -6.515351277,      -6.525022566,      -6.724021809,      -6.302704481,       -5.90098371,      -7.944829234
          0,           0,        2904,      -6.538078773,      -6.552088957,      -6.744558699,      -6.314628071,      -5.924815226,      -7.944824229
          0,           0,        2905,      -6.543511192,      -6.558285683,      -6.735217523,      -6.302476863,      -5.931649479,      -7.944823736
          0,           0,        2906,      -6.496188181,      -6.508705208,       -6.69875348,      -6.279496209,      -5.885449004,      -7.944825574
          0,           0,        2907,      -6.503141347,      -6.516880476,       -6.70776891,      -6.291266092,      -5.891068766,      -7.944825704
          0,           0,        2908,      -6.537199128,      -6.546064173,      -6.735817089,       -6.30920764,      -5.923525178,      -7.944823202
          0,           0,        2909,      -6.520253618,      -6.534519046,      -6.731674598,      -6.288214213,      -5.905751063,       -7.94482136
          0,           0,        2910,      -6.497233719,       -6.50776572,      -6.714477152,      -6.279008946,      -5.883714052,      -7.944822706
          0,           0,        2911,      -6.493346946,      -6.504943755,      -6.712323022,      -6.296054291,      -5.881561389,      -7.944821606
          0,           0,        2912,       -6.54026136,      -6.556281312,      -6.739696269,      -6.310412671,      -5.927237705,      -7.944820492
          0,           0,        2913,      -6.535951607,      -6.544294902,      -6.726005093,      -6.297672317,      -5.923033344,      -7.944819049
          0,           0,        2914,      -6.512363185,      -6.526085582,      -6.710502838,      -6.292925466,      -5.899047292,      -7.944819734
          0,           0,        2915,      -6.504908789,      -6.515324796,      -6.722236744,      -6.298317895,      -5.891420444,      -7.944820624
          0,           0,        2916,      -6.541132829,      -6.554244008,       -6.74491593,      -6.323029877,      -5.927755815,      -7.944819776
          0,           0,        2917,      -6.554489871,      -6.570542878,      -6.742751589,      -6.307731334,      -5.941834117,      -7.944821995
          0,           0,        2918,      -6.519092063,      -6.528408121,      -6.707336897,      -6.301518355,      -5.907939529,      -7.944824841
          0,           0,        2919,      -6.517637267,      -6.529259421,      -6.708668379,      -6.303637731,      -5.905559521,      -7.944825913
          0,           0,        2920,      -6.531266972,      -6.542015971,      -6.729656332,      -6.310917807,       -5.91775488,       -7.94482612
          0,           0,        2921,      -6.536251736,      -6.549614212,       -6.73569719,      -6.302999492,      -5.921736718,      -7.944826805
          0,           0,        2922,       -6.50324309,      -6.516700574,        -6.7175005,      -6.289074163,      -5.890580879,      -7.944830763
          0,           0,        2923,      -6.497250736,      -6.507471632,      -6.705078419,      -6.293094498,      -5.885758414,      -7.944831718
          0,           0,        2924,       -6.51337798,      -6.523055397,      -6.714348432,       -6.30129534,      -5.902101897,       -7.94483139
          0,           0,        2925,      -6.529174883,      -6.540366355,      -6.718969728,      -6.304589791,       -5.91671514,      -7.944832607
          0,           0,        2926,      -6.509886874,      -6.521570016,      -6.708944657,      -6.285587328,      -5.895741801,      -7.944836034
          0,           0,        2927,      -6.480903535,      -6.493074305,      -6.701852057,      -6.283509035,      -5.867299038,      -7.944840308
          0,           0,        2928,      -6.490644362,      -6.499989668,      -6.715354103,      -6.287693245,      -5.877638194,      -7.944839965
          0,           0,        2929,      -6.518319165,      -6.525886322,      -6.734682424,      -6.298262737,      -5.906564116,      -7.944840727
          0,           0,        2930,      -6.519046911,      -6.531439146,      -6.720445374,      -6.295648077,      -5.908430675,      -7.944843085
          0,           0,        2931,       -6.50304903,      -6.513564396,      -6.695219863,      -6.285478854,      -5.891778642,      -7.944844299
          0,           0,        2932,      -6.479816788,      -6.490644788,      -6.692405048,      -6.289316231,      -5.867578447,      -7.944843961
          0,           0,        2933,      -6.507719563,      -6.520560389,      -6.727416324,      -6.294603425,      -5.893292352,      -7.944842461
          0,           0,        2934,      -6.524759556,      -6.531556244,      -6.742749688,      -6.289972952,      -5.910502613,      -7.944843806
          0,           0,        2935,      -6.502824391,      -6.515845785,      -6.719674655,      -6.290687723,      -5.890683263,      -7.944844945
          0,           0,        2936,       -6.50411238,       -6.51461084,        -6.7101122,      -6.299152651,      -5.893482028,      -7.944843404
          0,           0,        2937,      -6.517263731,      -6.529820888,      -6.723227457,        -6.3208721,       -5.90641214,      -7.944842848
          0,           0,        2938,      -6.556614812,      -6.572415034,      -6.748039888,      -6.319718282,       -5.94264855,      -7.944843495
          0,           0,        2939,      -6.532237381,      -6.538259728,      -6.732705451,      -6.302469117,      -5.918249579,      -7.944843897
          0,           0,        2940,      -6.518952963,      -6.533336479,      -6.725436563,      -6.308049411,      -5.904521995,      -7.944841412
          0,           0,        2941,      -6.521900205,      -6.533088123,      -6.737791263,      -6.317516956,      -5.909034182,      -7.944838244
          0,           0,        2942,      -6.553582123,      -6.570355612,      -6.744258611,      -6.328114435,      -5.940902824,      -7.944836656
          0,           0,        2943,      -6.535299604,      -6.550321982,      -6.723912739,       -6.29877674,        -5.9224514,      -7.944834332
          0,           0,        2944,      -6.515684576,      -6.523158288,      -6.703300011,      -6.303765874,      -5.903238693,      -7.944829981
          0,           0,        2945,      -6.518812595,      -6.530280559,      -6.719750273,      -6.309548506,      -5.905407757,      -7.944826942
          0,           0,        2946,      -6.535677055,      -6.548394498,       -6.74184276,      -6.310735368,      -5.922162893,       -7.94482699
          0,           0,        2947,      -6.526326663,      -6.540806007,      -6.729301709,       -6.29219511,      -5.913895153,      -7.944825914
          0,           0,        2948,      -6.491289465,      -6.503755083,      -6.697767677,      -6.284464148,      -5.880553349,      -7.944820427
          0,           0,        2949,      -6.502039939,      -6.511419222,      -6.695225241,      -6.297837228,      -5.890981983,      -7.944816231
          0,           0,        2950,      -6.515661634,      -6.526875309,      -6.718521621,      -6.294179658,      -5.902454363,      -7.944818009
          0,           0,        2951,      -6.515777173,      -6.528703649,       -6.72728915,      -6.285244837,      -5.901434845,      -7.944817498
          0,           0,        2952,      -6.489721199,      -6.501712215,      -6.709831297,      -6.270166771,       -5.87574391,      -7.944814109
          0,           0,        2953,      -6.480210441,      -6.493026102,      -6.707633334,       -6.29125363,      -5.868033666,      -7.944808662
          0,           0,        2954,      -6.529237915,      -6.539986771,      -6.733043391,      -6.308537016,      -5.917091949,      -7.944807667
          0,           0,        2955,      -6.534848192,      -6.544101379,      -6.729181301,      -6.296555432,      -5.922612709,      -7.944810431
          0,           0,        2956,      -6.513165102,        -6.5273148,      -6.711153563,      -6.295546279,      -5.900315171,       -7.94480899
          0,           0,        2957,       -6.51284718,      -6.523533411,      -6.716706156,      -6.303573755,      -5.899143681,      -7.944807643
          0,           0,        2958,      -6.538707719,      -6.553196971,      -6.745673967,       -6.33045637,      -5.924942134,      -7.944806857
          0,           0,        2959,      -6.561192667,      -6.575568802,      -6.752539051,       -6.30978581,        -5.9477191,       -7.94480908
          0,           0,        2960,      -6.521373842,      -6.528270623,      -6.718239038,      -6.298919429,      -5.910394629,      -7.944810484
          0,           0,        2961,      -6.523391353,      -6.539425503,      -6.713202287,      -6.309702945,      -5.911792706,       -7.94480926
          0,           0,        2962,      -6.539832062,      -6.549786001,      -6.727661463,      -6.320076123,      -5.926589156,       -7.94481078
          0,           0,        2963,      -6.541390822,      -6.555770808,      -6.734242928,      -6.308914117,      -5.925993772,      -7.944811219
          0,           0,        2964,      -6.498085062,      -6.510272022,      -6.714738387,      -6.278303233,      -5.883755348,      -7.944811887
          0,           0,        2965,      -6.499517275,      -6.504229045,      -6.709978693,      -6.292675065,      -5.887128425,      -7.944811841
          0,           0,        2966,      -6.514785873,      -6.529557673,      -6.724245932,      -6.301458823,      -5.902766365,       -7.94481401
          0,           0,        2967,      -6.537911307,      -6.546933926,      -6.724317432,      -6.301784829,      -5.926109637,      -7.944818984
          0,           0,        2968,      -6.499502414,      -6.511678008,      -6.701675566,       -6.27320174,      -5.886799328,      -7.944819318
          0,           0,        2969,      -6.482303188,      -6.493348507,      -6.698563042,       -6.28242805,      -5.869229704,      -7.944819987
          0,           0,        2970,      -6.528656421,      -6.534192028,      -6.735933746,      -6.303520017,        -5.9155853,      -7.944821824
          0,           0,        2971,      -6.528567944,      -6.541449155,        -6.7389852,      -6.285518093,      -5.915414956,      -7.944825659
          0,           0,        2972,      -6.513143326,      -6.521032921,      -6.709552904,      -6.287326591,      -5.901795337,      -7.944827086
          0,           0,        2973,      -6.499579937,      -6.512310517,      -6.704577296,       -6.28599039,      -5.887997669,      -7.944824519
          0,           0,        2974,      -6.528936558,      -6.543082878,      -6.726775669,      -6.307351382,      -5.915261605,      -7.944825109
          0,           0,        2975,      -6.537372278,      -6.544584549,      -6.727678957,      -6.282546998,      -5.922706271,      -7.944826437
          0,           0,        2976,      -6.499304736,      -6.509047862,      -6.710933582,       -6.28573534,      -5.885834833,       -7.94482771
          0,           0,        2977,      -6.521717994,      -6.531089575,      -6.721633118,      -6.302222569,      -5.909106818,      -7.944826618
          0,           0,        2978,       -6.53371261,      -6.546638144,      -6.723557272,      -6.289304955,      -5.921266676,      -7.944825001
          0,           0,        2979,      -6.506867151,      -6.519082606,      -6.699799113,      -6.278963762,      -5.894535139,      -7.944827194
          0,           0,        2980,      -6.496973382,      -6.504280677,      -6.695752864,      -6.281272708,       -5.88455753,      -7.944826933
          0,           0,        2981,      -6.517178332,      -6.527261553,      -6.713497906,      -6.284971781,      -5.903319276,      -7.944825159
          0,           0,        2982,      -6.508278828,      -6.520420067,      -6.715027522,      -6.268918195,      -5.895261654,      -7.944822837
          0,           0,        2983,      -6.496184724,      -6.507102997,      -6.702211576,      -6.262435606,      -5.884491814,      -7.944821563
          0,           0,        2984,      -6.485797951,      -6.497161718,      -6.696399334,      -6.272585337,      -5.874734456,      -7.944821439
          0,           0,        2985,      -6.519658981,      -6.529984062,      -6.707468054,      -6.280841038,      -5.907164621,      -7.944817657
          0,           0,        2986,      -6.513407145,      -6.521949112,      -6.703166816,      -6.264579791,      -5.899086941,      -7.944814339
          0,           0,        2987,      -6.485097105,      -6.498835225,      -6.701288659,      -6.266498209,      -5.871555122,      -7.944814144
          0,           0,        2988,      -6.513844936,      -6.522850127,      -6.714297142,      -6.279808438,      -5.900277401,       -7.94481312
          0,           0,        2989,      -6.526241236,      -6.539378104,      -6.715039617,      -6.285516682,      -5.913566408,      -7.944810274
          0,           0,        2990,       -6.50652053,      -6.517519714,      -6.694892065,      -6.259561218,      -5.894800182,       -7.94480547
          0,           0,        2991,      -6.492373965,      -6.498291396,      -6.688898679,        -6.2694862,      -5.880923887,      -7.944805324
          0,           0,        2992,       -6.50504216,      -6.519213497,      -6.698355225,      -6.258079314,      -5.891803814,      -7.944805672
          0,           0,        2993,        -6.4898669,      -6.497689347,      -6.696213069,       -6.25853847,      -5.876624077,      -7.944802209
          0,           0,        2994,      -6.483664443,      -6.495425053,      -6.689407239,      -6.247582077,      -5.870548033,      -7.944798416
          0,           0,        2995,      -6.471734639,      -6.481375415,      -6.692801276,      -6.257967744,      -5.859582954,      -7.944796657
          0,           0,        2996,      -6.515137168,      -6.521799798,       -6.70453308,      -6.270628547,      -5.902548208,      -7.944798735
          0,           0,        2997,       -6.50297614,      -6.515282233,      -6.698189963,      -6.257156348,      -5.889640925,      -7.944798411
          0,           0,        2998,      -6.499073179,      -6.507203164,      -6.705121784,      -6.273450117,      -5.886303937,      -7.944796026
          0,           0,        2999,      -6.510851572,      -6.524078573,      -6.708710111,      -6.268615205,       -5.89770304,      -7.944796313
          0,           0,        3000,      -6.514688249,      -6.526395654,       -6.71256659,      -6.274294576,      -5.902096835,      -7.944798209
          0,           0,        3001,       -6.50314099,      -6.509746973,      -6.698719329,      -6.264152563,      -5.891690176,       -7.94479888
          0,           0,        3002,      -6.495082784,      -6.506446512,      -6.698228734,      -6.280191989,      -5.883273865,      -7.944798689
          0,           0,        3003,      -6.511560686,      -6.520517379,      -6.702805603,      -6.258352523,      -5.897514079,      -7.944798954
          0,           0,        3004,      -6.473739688,      -6.485548692,      -6.687962133,      -6.248483634,      -5.859886476,      -7.944801444
          0,           0,        3005,      -6.473762177,      -6.485267034,      -6.694261164,      -6.252546042,      -5.859976245,      -7.944802349
          0,           0,        3006,      -6.477961304,      -6.486328012,      -6.699064983,      -6.262254824,      -5.865456642,      -7.944802555
          0,           0,        3007,      -6.514358334,      -6.527711833,      -6.713216971,      -6.286153443,      -5.901773151,       -7.94480426
          0,           0,        3008,      -6.502469095,      -6.514151432,      -6.698816806,      -6.260911118,      -5.889775084,      -7.944808093
          0,           0,        3009,      -6.493515981,      -6.505269702,      -6.699321257,      -6.278683114,      -5.880612826,      -7.944811576
          0,           0,        3010,       -6.51533392,      -6.528110475,      -6.719838766,       -6.29727616,      -5.901813323,      -7.944811843
          0,           0,        3011,      -6.537601059,      -6.549142929,      -6.728994718,       -6.29326769,      -5.923884983,      -7.944812938
          0,           0,        3012,      -6.511690895,      -6.522130109,      -6.709263911,      -6.276159976,      -5.899547494,       -7.94481685
          0,           0,        3013,      -6.481230915,      -6.492559484,      -6.686446458,      -6.268849168,      -5.870415677,      -7.944818874
          0,           0,        3014,      -6.498149156,      -6.508290987,      -6.696978395,      -6.284960653,       -5.88650594,      -7.944820199
          0,           0,        3015,      -6.522028561,      -6.534561534,      -6.717861079,      -6.295567591,      -5.908770964,      -7.944820606
          0,           0,        3016,      -6.512259585,      -6.523896119,      -6.716227879,      -6.274667541,      -5.897875518,      -7.944823134
          0,           0,        3017,      -6.481430891,      -6.490257925,      -6.701242428,      -6.266172405,      -5.868271065,      -7.944827243
          0,           0,        3018,      -6.487208353,      -6.499687529,      -6.710178631,      -6.287724571,      -5.875162961,       -7.94482804
          0,           0,        3019,      -6.541529825,      -6.553012242,      -6.735781266,      -6.304125077,      -5.928764132,      -7.944830728
          0,           0,        3020,      -6.528123925,      -6.542405247,      -6.716605263,      -6.292575577,      -5.915054456,      -7.944833734
          0,           0,        3021,      -6.509193197,      -6.520885064,      -6.703257747,      -6.285018366,      -5.895789336,      -7.944834359
          0,           0,        3022,      -6.503300291,      -6.512842566,      -6.719756336,        -6.2925149,      -5.889610359,      -7.944832989
          0,           0,        3023,      -6.544389115,       -6.55768193,      -6.750024908,      -6.315231318,      -5.930785228,      -7.944832933
          0,           0,        3024,       -6.54371817,      -6.555455294,      -6.733213183,      -6.296325537,      -5.931741632,      -7.944837029
          0,           0,        3025,      -6.512625864,      -6.526510398,      -6.700971337,      -6.296317914,      -5.901309048,      -7.944837772
          0,           0,        3026,      -6.514688743,      -6.525462143,      -6.709666363,      -6.296981198,      -5.902681221,      -7.944836145
          0,           0,        3027,      -6.532853568,      -6.541507735,      -6.727514348,      -6.297899664,      -5.918820136,      -7.944833057
          0,           0,        3028,      -6.522746108,      -6.532485274,      -6.726607571,      -6.284049853,      -5.907769392,      -7.944834021
          0,           0,        3029,      -6.490871682,      -6.499938373,      -6.706901227,      -6.277353624,       -5.87819623,      -7.944837645
          0,           0,        3030,      -6.492098795,      -6.504031238,      -6.705673901,      -6.281538549,      -5.880098109,      -7.944836474
          0,           0,        3031,      -6.509249748,      -6.519765969,      -6.722613811,      -6.286783494,      -5.897787203,      -7.944832701
          0,           0,        3032,      -6.525422636,      -6.535408537,       -6.71782665,      -6.283818045,      -5.913240325,      -7.944829527
          0,           0,        3033,      -6.496792926,      -6.504916513,      -6.700281936,      -6.273794435,      -5.883846864,      -7.944829811
          0,           0,        3034,      -6.491586004,      -6.501793747,        -6.7089096,      -6.289866515,      -5.878115453,       -7.94482907
          0,           0,        3035,      -6.522256611,      -6.533951467,      -6.740054077,       -6.29045173,      -5.907848978,      -7.944824739
          0,           0,        3036,      -6.514539726,      -6.524422772,       -6.73020024,      -6.276323225,      -5.901822766,      -7.944821461
          0,           0,        3037,      -6.516123384,      -6.527992591,      -6.708445422,       -6.29191063,      -5.904470572,      -7.944819584
          0,           0,        3038,      -6.514134246,      -6.522004925,      -6.708288142,      -6.302774578,      -5.903071229,      -7.944818517
          0,           0,        3039,      -6.539656216,      -6.553189801,      -6.734014076,      -6.317500085,      -5.926800256,      -7.944815412
          0,           0,        3040,      -6.537453037,      -6.548152034,       -6.73944793,      -6.286638548,       -5.92296184,      -7.944813707
          0,           0,        3041,      -6.502662197,      -6.512350078,      -6.716627699,      -6.285002431,      -5.889851833,      -7.944811405
          0,           0,        3042,      -6.516650527,       -6.52991231,      -6.718566338,      -6.307599132,       -5.90399346,      -7.944807854
          0,           0,        3043,      -6.536810355,      -6.545987358,      -6.726945407,      -6.317163958,      -5.925094734,      -7.944804303
          0,           0,        3044,      -6.544269438,      -6.558712694,      -6.730320625,      -6.305986113,      -5.931041037,      -7.944802061
          0,           0,        3045,      -6.504408389,      -6.514621075,      -6.706752979,      -6.277831725,      -5.890811815,      -7.944801424
          0,           0,        3046,      -6.494695593,      -6.505531596,      -6.703614097,      -6.287007365,      -5.881137464,      -7.944798892
          0,           0,        3047,      -6.512034601,      -6.524494411,       -6.72810113,      -6.305123766,      -5.898356933,      -7.944796196
          0,           0,        3048,      -6.534330039,      -6.544402881,      -6.736407677,      -6.305343077,       -5.92223229,      -7.944795542
          0,           0,        3049,       -6.51627997,      -6.527665733,      -6.718159289,      -6.282749165,      -5.905491375,      -7.944795975
          0,           0,        3050,      -6.487382861,       -6.49760686,      -6.691637298,      -6.280793654,      -5.876755989,      -7.944795682
          0,           0,        3051,      -6.502093396,      -6.513682097,      -6.701070809,      -6.296561553,       -5.88974358,      -7.944793571
          0,           0,        3052,      -6.515941108,      -6.529196333,      -6.728359122,      -6.298810021,       -5.90159907,      -7.944792953
          0,           0,        3053,      -6.511728085,      -6.522018514,      -6.729685342,      -6.281239503,      -5.897130508,      -7.944793861
          0,           0,        3054,      -6.488814139,       -6.49743923,       -6.71202543,      -6.268136154,      -5.876317595,      -7.944795034
          0,           0,        3055,      -6.475813236,      -6.486501041,      -6.697010054,      -6.282636666,      -5.865342253,      -7.944796401
          0,           0,        3056,      -6.517321426,       -6.52952471,      -6.717056391,      -6.308119387,      -5.906247689,      -7.944796942
          0,           0,        3057,      -6.520320541,       -6.53365313,      -6.724742417,      -6.286506488,      -5.907606418,      -7.944799979
          0,           0,        3058,      -6.492553854,      -6.502993649,      -6.704583644,      -6.269855504,       -5.87868204,      -7.944802363
          0,           0,        3059,      -6.483021197,      -6.489454273,      -6.704260159,      -6.273362028,      -5.869166183,      -7.944804445
          0,           0,        3060,      -6.495748159,      -6.508044566,      -6.726320041,      -6.302823785,      -5.882769611,      -7.944806908
          0,           0,        3061,      -6.553491409,      -6.565924751,      -6.752284971,      -6.316329421,      -5.940431014,       -7.94480911
          0,           0,        3062,      -6.517780732,      -6.528249767,      -6.721196424,      -6.284749194,      -5.906314048,      -7.944811318
          0,           0,        3063,      -6.511411243,      -6.523996175,      -6.705376202,      -6.295029626,      -5.899427967,      -7.944812561
          0,           0,        3064,      -6.522702793,      -6.529367674,      -6.725700061,      -6.311663234,      -5.909889166,      -7.944814953
          0,           0,        3065,      -6.552232767,      -6.569027731,       -6.75431018,      -6.327904556,      -5.937571351,      -7.944818587
          0,           0,        3066,      -6.537987415,      -6.547645891,      -6.741352941,      -6.293920632,      -5.924234133,      -7.944821518
          0,           0,        3067,      -6.501369216,      -6.510695926,      -6.710062403,      -6.289153134,      -5.889510548,      -7.944823243
          0,           0,        3068,      -6.520598852,      -6.534309855,      -6.716392683,       -6.31153558,      -5.908713876,      -7.944825331
          0,           0,        3069,      -6.543876077,      -6.551915199,      -6.730892136,      -6.316876737,      -5.931306834,      -7.944829039
          0,           0,        3070,      -6.535212734,      -6.549789848,      -6.730835894,      -6.297463817,      -5.920561835,      -7.944830749
          0,           0,        3071,       -6.48988987,      -6.498376312,      -6.710552548,      -6.274225113,       -5.87647651,      -7.944830164
          0,           0,        3072,      -6.495670808,      -6.506397065,      -6.717315834,      -6.290600127,       -5.88272392,      -7.944829805
          0,           0,        3073,      -6.528247601,      -6.541888599,      -6.739540846,      -6.304268207,        -5.9153622,      -7.944833871
          0,           0,        3074,      -6.524743984,      -6.533024044,      -6.717107739,      -6.288793279,      -5.913016247,      -7.944837413
          0,           0,        3075,      -6.501470864,      -6.514184514,      -6.700949318,       -6.27972819,       -5.88911697,       -7.94483677
          0,           0,        3076,      -6.494007796,      -6.503781124,       -6.71035062,       -6.29344804,      -5.881425734,      -7.944833644
          0,           0,        3077,      -6.542506522,      -6.558126216,      -6.746993517,      -6.313978809,      -5.928128367,      -7.944836813
          0,           0,        3078,      -6.523981207,      -6.537688367,      -6.739301603,      -6.286167505,      -5.910608791,      -7.944840553
          0,           0,        3079,      -6.511016024,      -6.520317345,       -6.71032058,      -6.289585918,      -5.899593141,      -7.944840473
          0,           0,        3080,      -6.505792604,      -6.516256324,      -6.716166825,      -6.297491038,      -5.894953049,      -7.944837907
          0,           0,        3081,       -6.54337345,      -6.556455226,      -6.737363045,      -6.324953281,      -5.930840615,      -7.944836081
          0,           0,        3082,      -6.557105025,       -6.57204427,      -6.740702509,      -6.309411969,      -5.942024129,      -7.944837813
          0,           0,        3083,      -6.505083878,      -6.518712919,      -6.718389201,      -6.288884836,      -5.890924748,      -7.944836593
          0,           0,        3084,      -6.514171381,      -6.525638883,      -6.721776269,      -6.302760495,      -5.900295497,      -7.944834889
          0,           0,        3085,      -6.544617221,      -6.555017581,      -6.747387619,      -6.320247029,      -5.932337389,      -7.944835481
          0,           0,        3086,      -6.554566195,      -6.571171208,      -6.737290741,      -6.318391685,      -5.942550008,      -7.944835084
          0,           0,        3087,      -6.518803543,      -6.530271158,      -6.708337479,      -6.297417219,      -5.906915996,         -7.944835
          0,           0,        3088,      -6.506759264,      -6.520106612,      -6.710849091,      -6.298229565,       -5.89377508,      -7.944833464
          0,           0,        3089,      -6.528223516,      -6.541057023,      -6.736751598,      -6.304163741,       -5.91396792,      -7.944836389
          0,           0,        3090,      -6.537288373,      -6.543567007,      -6.741998476,      -6.300218126,       -5.92394169,      -7.944838411
          0,           0,        3091,      -6.513531693,      -6.528070774,      -6.718196546,      -6.291538841,      -5.901407235,      -7.944834381
          0,           0,        3092,      -6.506123872,      -6.513556058,      -6.712325234,      -6.304204772,      -5.895407134,      -7.944832227
          0,           0,        3093,      -6.538500645,      -6.550755072,       -6.73562313,      -6.308244512,      -5.925532798,      -7.944832142
          0,           0,        3094,       -6.52324192,       -6.53642051,       -6.72829006,      -6.285572075,       -5.90904066,      -7.944834587
          0,           0,        3095,       -6.51981608,      -6.524841382,      -6.721401424,      -6.295306323,      -5.906198966,      -7.944832198
          0,           0,        3096,      -6.503689439,      -6.517914268,      -6.726542091,      -6.299909579,      -5.890149305,       -7.94482722
          0,           0,        3097,      -6.546735467,      -6.554197499,      -6.743984856,      -6.327102131,      -5.934458039,      -7.944827853
          0,           0,        3098,      -6.553372088,      -6.566360354,       -6.73789025,      -6.303351666,      -5.940219428,      -7.944829817
          0,           0,        3099,      -6.516088297,      -6.529126392,      -6.705854059,      -6.299390775,      -5.903367639,      -7.944831135
          0,           0,        3100,      -6.528911637,      -6.534936013,      -6.716070608,      -6.311674983,      -5.916168681,      -7.944828513
          0,           0,        3101,      -6.534269318,      -6.549525358,      -6.741088896,      -6.313753933,      -5.920183491,      -7.944827079
          0,           0,        3102,      -6.543547598,      -6.552285993,       -6.74395228,      -6.303701762,      -5.931022494,      -7.944829275
          0,           0,        3103,      -6.504026296,      -6.516576585,      -6.712228442,      -6.283876052,      -5.892689685,      -7.944827904
          0,           0,        3104,      -6.499843991,      -6.512572904,      -6.698278813,      -6.297238749,       -5.88870725,      -7.944826324
          0,           0,        3105,      -6.523681575,      -6.531066049,      -6.715789657,      -6.303157896,      -5.911540697,      -7.944824894
          0,           0,        3106,      -6.524361559,      -6.537537367,      -6.727220459,      -6.291563264,      -5.909570878,      -7.944825328
          0,           0,        3107,      -6.495146989,      -6.504209031,      -6.713935671,        -6.2664554,      -5.880866917,      -7.944826228
          0,           0,        3108,      -6.475791811,      -6.486850808,      -6.704508037,      -6.278576389,      -5.862833799,      -7.944823864
          0,           0,        3109,       -6.50064848,      -6.513860087,       -6.71875107,      -6.296619123,      -5.888848382,      -7.944824485
          0,           0,        3110,       -6.52882186,      -6.538146491,      -6.731463226,       -6.29574838,      -5.917582285,      -7.944826544
          0,           0,        3111,      -6.513359673,      -6.523601755,      -6.714056221,      -6.284774254,       -5.90196169,      -7.944825964
          0,           0,        3112,       -6.49469285,      -6.505891312,      -6.699638562,      -6.276574213,      -5.882351275,      -7.944824332
          0,           0,        3113,      -6.496762388,      -6.506687428,      -6.716198976,      -6.301605737,      -5.883545634,      -7.944822906
          0,           0,        3114,      -6.543324424,      -6.557696394,       -6.75029453,      -6.310084761,      -5.929321913,      -7.944826723
          0,           0,        3115,      -6.519289954,      -6.532300203,      -6.730286077,      -6.283682739,      -5.906221376,      -7.944827649
          0,           0,        3116,      -6.521999037,      -6.531111024,      -6.716776472,        -6.3006072,      -5.910476995,      -7.944825245
          0,           0,        3117,      -6.518605114,      -6.533168938,      -6.725941297,      -6.307397763,      -5.906874922,       -7.94482473
          0,           0,        3118,      -6.560282251,      -6.569978049,      -6.745602326,      -6.330460927,      -5.946531983,      -7.944827869
          0,           0,        3119,      -6.536247839,      -6.549541727,      -6.734822733,      -6.292174191,      -5.921732296,       -7.94483242
          0,           0,        3120,       -6.50172017,      -6.514965353,      -6.714486306,       -6.29078531,      -5.888056108,      -7.944831451
          0,           0,        3121,      -6.523848214,      -6.530969836,       -6.73146797,      -6.305901473,      -5.911243226,      -7.944830062
          0,           0,        3122,       -6.54403223,      -6.560778153,      -6.741979192,      -6.308515733,      -5.930893156,      -7.944832731
          0,           0,        3123,       -6.52813796,       -6.53595617,      -6.718471399,      -6.293132958,      -5.915626108,      -7.944835023
          0,           0,        3124,      -6.491263809,      -6.502030323,      -6.697875591,      -6.277826688,      -5.878462898,      -7.944835078
          0,           0,        3125,      -6.505828781,      -6.518226276,      -6.718608386,      -6.293607684,      -5.892319259,      -7.944833798
          0,           0,        3126,      -6.538296085,      -6.544982658,       -6.74398378,       -6.29157415,      -5.925241563,      -7.944835806
          0,           0,        3127,      -6.516756198,      -6.531041313,       -6.72421251,      -6.286530516,      -5.904518663,      -7.944839086
          0,           0,        3128,      -6.503603706,      -6.511079396,      -6.706522688,      -6.289498219,      -5.892723752,      -7.944838405
          0,           0,        3129,      -6.527571705,      -6.540623203,      -6.727382572,      -6.315118246,      -5.914893115,      -7.944838062
          0,           0,        3130,      -6.555877417,      -6.572161805,      -6.739082782,      -6.304452981,      -5.940373683,      -7.944840455
          0,           0,        3131,      -6.520887434,       -6.52819913,      -6.726160462,      -6.295907521,      -5.907126759,      -7.944842311
          0,           0,        3132,      -6.526310211,      -6.540973838,      -6.730155168,      -6.306358633,      -5.912210115,       -7.94484129
          0,           0,        3133,      -6.539192328,      -6.550198669,      -6.737924238,      -6.306943203,      -5.927106349,      -7.944838869
          0,           0,        3134,       -6.53615928,      -6.551896206,      -6.725308012,      -6.299597565,      -5.923746314,      -7.944840456
          0,           0,        3135,      -6.504627819,      -6.518226876,       -6.69750123,      -6.286764046,      -5.892301852,      -7.944842096
          0,           0,        3136,      -6.516565159,      -6.525181575,      -6.714166833,      -6.303686085,      -5.903595983,      -7.944840638
          0,           0,        3137,      -6.533631896,      -6.545311492,      -6.735262858,      -6.296350802,      -5.919306652,      -7.944839711
          0,           0,        3138,      -6.516671228,      -6.528009826,      -6.722543621,      -6.278716148,      -5.903981963,      -7.944840406
          0,           0,        3139,      -6.494219288,      -6.505034552,      -6.704777402,      -6.275629085,      -5.882648605,      -7.944843213
          0,           0,        3140,      -6.502866725,      -6.515105419,      -6.705141489,      -6.297208256,      -5.891500659,      -7.944842584
          0,           0,        3141,      -6.541728018,      -6.554085967,       -6.73045738,       -6.29195753,      -5.927756226,      -7.944838436
          0,           0,        3142,      -6.505218102,      -6.515119473,      -6.714957044,      -6.272730044,      -5.891070911,      -7.944838827
          0,           0,        3143,      -6.516475419,      -6.528939086,      -6.723221668,       -6.29125212,      -5.902225809,      -7.944839964
          0,           0,        3144,      -6.528796823,      -6.538183759,      -6.735079526,      -6.298610748,      -5.914969782,      -7.944838083
          0,           0,        3145,      -6.536356148,      -6.550373733,       -6.71908124,      -6.289621602,      -5.923692901,      -7.944832948
          0,           0,        3146,      -6.503744101,      -6.515377001,      -6.701370706,      -6.269703161,      -5.891662509,      -7.944831362
          0,           0,        3147,      -6.504304078,      -6.514393112,      -6.697435385,      -6.279675622,      -5.892172665,      -7.944835631
          0,           0,        3148,      -6.519440329,      -6.532166129,      -6.717184613,      -6.289885336,       -5.90681141,      -7.944835696
          0,           0,        3149,      -6.518555606,       -6.52709201,      -6.712938541,      -6.269080476,      -5.905200355,      -7.944832382
          0,           0,        3150,      -6.496623178,      -6.508718795,      -6.707559036,       -6.27164456,      -5.884041572,      -7.944828777
          0,           0,        3151,       -6.50669258,      -6.519154548,      -6.712351111,      -6.283219547,      -5.894104277,      -7.944829365
          0,           0,        3152,      -6.526995523,      -6.538180071,      -6.706457541,      -6.273712448,      -5.913218538,      -7.944832537
          0,           0,        3153,      -6.489613743,       -6.50173637,      -6.700504329,      -6.266849577,       -5.87630028,      -7.944830423
          0,           0,        3154,      -6.507148067,      -6.515393197,      -6.705361866,      -6.270541949,      -5.893507354,      -7.944829262
          0,           0,        3155,      -6.501405934,      -6.514649537,      -6.715988804,      -6.282417044,      -5.888150058,      -7.944828634
          0,           0,        3156,      -6.524155684,      -6.538196029,      -6.710951225,      -6.269338281,      -5.912048004,      -7.944829734
          0,           0,        3157,      -6.493855726,      -6.503236792,       -6.69257687,      -6.264070583,      -5.882669513,      -7.944831979
          0,           0,        3158,      -6.494849011,       -6.50650972,      -6.696106689,      -6.259611811,      -5.882349849,      -7.944831399
          0,           0,        3159,      -6.496781923,      -6.505591515,      -6.696261988,      -6.259355854,      -5.883678005,      -7.944833091
          0,           0,        3160,      -6.486624803,      -6.499928691,      -6.699348717,      -6.248701758,      -5.872074038,      -7.944832312
          0,           0,        3161,      -6.467918201,      -6.479885055,      -6.692546832,      -6.249029923,      -5.854625448,      -7.944831997
          0,           0,        3162,      -6.499984232,      -6.508761413,      -6.709038912,      -6.281830696,      -5.887548853,      -7.944832298
          0,           0,        3163,      -6.520019551,      -6.530911162,      -6.710299231,      -6.259687427,       -5.90703996,      -7.944833518
          0,           0,        3164,      -6.489838772,      -6.499365089,      -6.691742584,      -6.264890772,      -5.878319817,      -7.944835109
          0,           0,        3165,      -6.501023346,      -6.512462458,       -6.70478646,      -6.275987902,      -5.888428698,      -7.944832978
          0,           0,        3166,      -6.507088287,      -6.519641632,      -6.712941631,      -6.283444061,      -5.893814595,      -7.944833033
          0,           0,        3167,      -6.527396369,      -6.539133975,      -6.727652581,      -6.285112877,      -5.914143969,      -7.944835317
          0,           0,        3168,      -6.491496282,      -6.499224297,      -6.698608965,      -6.259802415,      -5.879782964,      -7.944837867
          0,           0,        3169,      -6.486420567,      -6.496916393,      -6.693152537,      -6.276155082,      -5.875221086,      -7.944837414
          0,           0,        3170,       -6.51990732,      -6.530062468,      -6.720428609,      -6.297115778,       -5.90753746,      -7.944834701
          0,           0,        3171,      -6.526310313,      -6.540015974,       -6.72031508,      -6.284065109,       -5.91178336,      -7.944835847
          0,           0,        3172,      -6.488416697,      -6.499506226,      -6.706458671,      -6.260000063,      -5.874228886,      -7.944836416
          0,           0,        3173,      -6.464004194,      -6.472590149,      -6.691800224,      -6.260974142,       -5.85162476,      -7.944834664
          0,           0,        3174,      -6.489841571,      -6.500433085,      -6.710409666,      -6.282756336,      -5.878172218,      -7.944831604
          0,           0,        3175,      -6.525080186,      -6.534469341,      -6.726814902,      -6.292050951,      -5.913114914,      -7.944830792
          0,           0,        3176,      -6.501424239,      -6.515062707,      -6.694681826,      -6.266364339,      -5.888829051,      -7.944832349
          0,           0,        3177,      -6.469431835,      -6.481564442,       -6.68470133,      -6.258038537,      -5.856415876,       -7.94483073
          0,           0,        3178,      -6.478178571,      -6.488436497,      -6.705786384,      -6.281584908,      -5.864790451,      -7.944829311
          0,           0,        3179,      -6.533300663,      -6.546253882,      -6.744844056,      -6.297064102,      -5.919428538,       -7.94482969
          0,           0,        3180,      -6.522777885,      -6.532439652,       -6.72697513,      -6.284378655,       -5.91083861,      -7.944829359
          0,           0,        3181,       -6.50249379,      -6.516522467,      -6.696726881,      -6.282907677,      -5.891478685,       -7.94482672
          0,           0,        3182,      -6.495796235,      -6.509063991,      -6.708256448,      -6.290569077,      -5.884633748,       -7.94482422
          0,           0,        3183,       -6.54065601,      -6.552466274,      -6.737544511,      -6.315115067,       -5.92704222,      -7.944824735
          0,           0,        3184,      -6.540180377,      -6.551775792,       -6.73792886,      -6.292378073,      -5.924991087,      -7.944825093
          0,           0,        3185,      -6.505493097,      -6.515385076,      -6.714324501,      -6.286989976,      -5.892235168,      -7.944822717
          0,           0,        3186,      -6.502216407,      -6.516918117,      -6.715543057,      -6.291956913,      -5.889400906,      -7.944820174
          0,           0,        3187,      -6.525196784,      -6.540661291,       -6.73114202,      -6.302288849,      -5.913084695,      -7.944820226
          0,           0,        3188,      -6.538875018,      -6.550279508,      -6.725836141,      -6.297166569,      -5.926266549,      -7.944822186
          0,           0,        3189,      -6.501547181,      -6.509713361,      -6.700813493,      -6.282267347,      -5.888740109,      -7.944820508
          0,           0,        3190,      -6.491658828,      -6.502164318,       -6.70354859,      -6.280923252,      -5.878363661,      -7.944817389
          0,           0,        3191,      -6.500190041,      -6.511389459,      -6.727818917,      -6.286395551,      -5.886453659,      -7.944816231
          0,           0,        3192,      -6.524134031,      -6.536453456,      -6.732987313,      -6.290976333,      -5.911211147,      -7.944817373
          0,           0,        3193,      -6.498801944,      -6.509935271,      -6.704021276,      -6.274053412,      -5.887525712,      -7.944816346
          0,           0,        3194,      -6.483641037,      -6.490681881,      -6.685909354,      -6.284441509,      -5.873092322,      -7.944813982
          0,           0,        3195,       -6.49986572,      -6.511950801,       -6.71056353,      -6.285636897,       -5.88759335,      -7.944813376
          0,           0,        3196,      -6.509059939,      -6.519242398,      -6.730409035,      -6.276948973,      -5.895169275,      -7.944815737
          0,           0,        3197,      -6.499011255,      -6.511141059,      -6.716262137,      -6.272637904,       -5.88492149,       -7.94481668
          0,           0,        3198,      -6.474527448,      -6.486162235,      -6.703441259,      -6.269644018,      -5.862007394,      -7.944815343
          0,           0,        3199,      -6.493751969,      -6.501943094,      -6.710915915,      -6.300423457,      -5.882273974,       -7.94481558
          0,           0,        3200,      -6.534572069,       -6.54697394,      -6.741087963,      -6.297773686,      -5.921473139,      -7.944817445
          0,           0,        3201,      -6.517567831,      -6.527467134,      -6.725774859,      -6.282086008,       -5.90407429,       -7.94481764
          0,           0,        3202,      -6.514579972,       -6.52766487,      -6.712035426,      -6.298692786,      -5.900665954,      -7.944815899
          0,           0,        3203,      -6.510246182,      -6.522929289,      -6.729158549,      -6.304338474,      -5.896738607,      -7.944814751
          0,           0,        3204,      -6.550604241,      -6.561326198,       -6.75129726,      -6.322964604,      -5.937998907,       -7.94481614
          0,           0,        3205,       -6.54072053,      -6.552717404,      -6.741112077,      -6.290189757,      -5.928846099,       -7.94481666
          0,           0,        3206,      -6.509729127,      -6.519388727,      -6.709603164,      -6.293515799,      -5.898602684,      -7.944816871
          0,           0,        3207,      -6.520197938,      -6.535145416,      -6.710175789,      -6.312379711,       -5.90766666,      -7.944817367
          0,           0,        3208,      -6.526980193,      -6.543179577,      -6.731508954,       -6.30894068,      -5.912626592,        -7.9448192
          0,           0,        3209,      -6.530464022,      -6.542948559,      -6.735950942,      -6.294667219,      -5.915400884,      -7.944819895
          0,           0,        3210,      -6.495453688,      -6.506544914,      -6.715624274,      -6.277870037,      -5.882524376,      -7.944820198
          0,           0,        3211,       -6.49809413,      -6.508019753,      -6.706793481,      -6.294264252,      -5.886671856,      -7.944819486
          0,           0,        3212,      -6.514202868,       -6.53003592,      -6.715310823,        -6.3079445,      -5.902684087,      -7.944821935
          0,           0,        3213,      -6.525084453,      -6.541614946,      -6.723525369,      -6.299229985,      -5.912602124,      -7.944823046
          0,           0,        3214,      -6.505848035,      -6.515612353,      -6.710396001,      -6.274948537,      -5.892016456,      -7.944819757
          0,           0,        3215,      -6.478983983,      -6.486992512,      -6.699306217,      -6.276170493,      -5.865556222,      -7.944817467
          0,           0,        3216,      -6.497375373,      -6.508429259,      -6.717642078,      -6.295579512,        -5.8841687,      -7.944818345
          0,           0,        3217,      -6.512029559,      -6.526154965,      -6.732276582,      -6.288008837,      -5.898832573,      -7.944822171
          0,           0,        3218,       -6.50368195,      -6.515939266,      -6.711910301,      -6.273964444,      -5.891909428,      -7.944821536
          0,           0,        3219,      -6.484988715,      -6.495334779,      -6.690212247,      -6.267403945,      -5.873475972,      -7.944817042
          0,           0,        3220,      -6.490339231,      -6.495905368,      -6.700778769,      -6.294261704,      -5.878835617,      -7.944817169
          0,           0,        3221,      -6.541159629,      -6.555057003,      -6.744935601,      -6.311013424,      -5.927560076,      -7.944819307
          0,           0,        3222,      -6.514293775,      -6.525724816,       -6.73131405,      -6.275341351,      -5.900549858,      -7.944819986
          0,           0,        3223,      -6.501198716,      -6.511882036,      -6.707969938,      -6.284149574,        -5.8889897,      -7.944816463
          0,           0,        3224,      -6.498452392,      -6.510888557,      -6.712654101,       -6.29536852,      -5.886611393,       -7.94481478
          0,           0,        3225,      -6.545769844,      -6.553042086,      -6.734318407,      -6.328449981,      -5.933430283,      -7.944815853
          0,           0,        3226,      -6.547121191,        -6.5607336,      -6.741656513,      -6.294883781,      -5.932598843,      -7.944814423
          0,           0,        3227,      -6.500044605,      -6.509941608,      -6.715638127,      -6.280434732,      -5.886399378,      -7.944813461
          0,           0,        3228,      -6.512527044,      -6.523614102,      -6.721325973,       -6.30178121,      -5.899324591,       -7.94481238
          0,           0,        3229,      -6.533101529,      -6.548477212,      -6.741377938,      -6.314819055,      -5.920358364,      -7.944813259
          0,           0,        3230,      -6.555997942,      -6.565112334,      -6.736013607,      -6.315630812,      -5.944049951,      -7.944812738
          0,           0,        3231,      -6.509308852,      -6.519554058,      -6.710848562,      -6.282017426,      -5.896967671,      -7.944809831
          0,           0,        3232,      -6.503785365,      -6.512979161,      -6.709355152,      -6.293474592,       -5.89086287,      -7.944810297
          0,           0,        3233,      -6.530651378,      -6.544649837,      -6.738005048,      -6.310151566,      -5.916671272,      -7.944811506
          0,           0,        3234,      -6.526677314,      -6.541964234,      -6.736386743,      -6.295505641,      -5.912939192,      -7.944810726
          0,           0,        3235,       -6.50828693,      -6.517523338,       -6.71496603,      -6.285005568,      -5.896590793,      -7.944808151
          0,           0,        3236,      -6.498387436,      -6.507519258,      -6.714631054,      -6.294957256,      -5.887539942,      -7.944806645
          0,           0,        3237,      -6.539400887,        -6.5526144,      -6.736191558,      -6.312657761,      -5.926824607,      -7.944810654
          0,           0,        3238,      -6.531336809,      -6.546567602,       -6.73255097,      -6.295362748,      -5.917130296,      -7.944812229
          0,           0,        3239,       -6.50811919,      -6.521822248,      -6.714827788,      -6.288917475,      -5.893610486,      -7.944810917
          0,           0,        3240,      -6.498543244,      -6.508065743,      -6.721189512,      -6.290935808,      -5.884854783,      -7.944810365
          0,           0,        3241,      -6.537996572,      -6.548283516,      -6.747808709,      -6.318255418,      -5.924954801,      -7.944812515
          0,           0,        3242,      -6.555766986,      -6.572319093,      -6.743581123,      -6.306597217,      -5.943060843,      -7.944815834
          0,           0,        3243,       -6.52026189,      -6.533668052,      -6.712631524,      -6.301359876,      -5.908329277,      -7.944814168
          0,           0,        3244,      -6.517386616,      -6.531108267,      -6.709777299,      -6.306131573,      -5.904828173,      -7.944813037
          0,           0,        3245,      -6.533585371,      -6.545853193,       -6.73676079,      -6.311165323,      -5.919950074,      -7.944814355
          0,           0,        3246,      -6.547189041,      -6.555759196,      -6.744740874,      -6.307632503,      -5.933497465,      -7.944816062
          0,           0,        3247,      -6.508561443,      -6.522601925,      -6.715321138,       -6.28988677,      -5.896658393,      -7.944817112
          0,           0,        3248,      -6.501007492,      -6.510761675,      -6.703871017,      -6.295505943,      -5.889491379,      -7.944816978
          0,           0,        3249,       -6.51000401,      -6.522977494,      -6.712336888,      -6.295488839,      -5.897474393,      -7.944820177
          0,           0,        3250,      -6.522000467,      -6.535130436,      -6.725710935,      -6.291504766,      -5.908182127,      -7.944822289
          0,           0,        3251,      -6.504798828,      -6.511502761,      -6.713325857,      -6.277136106,      -5.890766716,      -7.944821331
          0,           0,        3252,       -6.48332029,      -6.495457721,       -6.70789901,      -6.287125928,      -5.870292292,       -7.94482132
          0,           0,        3253,      -6.511118068,      -6.520610735,      -6.726891426,      -6.300042989,      -5.898620087,      -7.944823038
          0,           0,        3254,      -6.523957684,      -6.538674006,      -6.731169059,      -6.295983267,      -5.911656393,      -7.944825257
          0,           0,        3255,      -6.513307355,      -6.525592412,      -6.713055614,      -6.290299459,      -5.901559751,       -7.94482462
          0,           0,        3256,      -6.509814158,      -6.518139095,      -6.704427596,      -6.296944329,      -5.897652451,      -7.944822904
          0,           0,        3257,      -6.517033074,      -6.528463907,      -6.729278887,      -6.318689588,      -5.903818425,      -7.944825603
          0,           0,        3258,      -6.557767283,      -6.569629237,      -6.757831608,       -6.31515826,      -5.943664568,      -7.944829189
          0,           0,        3259,      -6.518026651,      -6.531345809,      -6.730927744,      -6.289279239,      -5.905572858,      -7.944829537
          0,           0,        3260,      -6.519560979,      -6.533975863,      -6.715512145,      -6.304531552,      -5.908077003,      -7.944827609
          0,           0,        3261,      -6.528622932,       -6.53796561,      -6.724331116,      -6.321057733,      -5.917291945,      -7.944827929
          0,           0,        3262,      -6.563247514,      -6.575266124,      -6.746370983,      -6.329484672,      -5.949045674,      -7.944830406
          0,           0,        3263,      -6.526824373,      -6.538285558,      -6.728480302,      -6.287299409,      -5.911914379,      -7.944830239
          0,           0,        3264,      -6.497180733,      -6.509720545,      -6.710902723,       -6.28948116,      -5.883463255,      -7.944827679
          0,           0,        3265,      -6.509668136,       -6.52353966,      -6.722711042,      -6.303963998,      -5.896903743,      -7.944828144
          0,           0,        3266,      -6.539430111,      -6.549633497,      -6.733918981,      -6.310449162,      -5.927625899,      -7.944830829
          0,           0,        3267,      -6.527118021,      -6.535681692,      -6.718655798,      -6.289393903,      -5.915598308,       -7.94483102
          0,           0,        3268,      -6.486621537,      -6.498641191,      -6.692205664,      -6.277025463,       -5.87451059,      -7.944827872
          0,           0,        3269,      -6.495775977,      -6.507296006,      -6.702342433,      -6.290444483,      -5.882601378,      -7.944828348
          0,           0,        3270,      -6.510851656,      -6.523193052,      -6.725405261,      -6.293520819,      -5.897003514,      -7.944832834
          0,           0,        3271,      -6.515112225,      -6.526272991,      -6.728086533,      -6.282969777,       -5.90166951,       -7.94483265
          0,           0,        3272,      -6.486941588,      -6.493034532,      -6.700927554,      -6.264658757,      -5.875847521,      -7.944829988
          0,           0,        3273,      -6.474194962,      -6.487720926,      -6.688642498,      -6.281750099,      -5.863390106,      -7.944827804
          0,           0,        3274,      -6.513172778,      -6.523627934,      -6.712534498,      -6.299249041,      -5.900942395,      -7.944828383
          0,           0,        3275,       -6.52088424,      -6.533881707,      -6.725028057,      -6.287009117,      -5.906934377,      -7.944830001
          0,           0,        3276,      -6.490093148,      -6.501309401,      -6.710791325,      -6.269554631,       -5.87608138,      -7.944827568
          0,           0,        3277,      -6.480010983,      -6.487298338,      -6.701010666,      -6.270697496,      -5.867617806,      -7.944827335
          0,           0,        3278,       -6.49320877,      -6.507117365,      -6.716516517,      -6.302435396,      -5.881281899,      -7.944827985
          0,           0,        3279,      -6.552641437,      -6.563914231,      -6.740631416,      -6.308826687,      -5.939408225,       -7.94482764
          0,           0,        3280,      -6.511863364,      -6.525263322,      -6.711271097,      -6.285641501,      -5.898555014,       -7.94482775
          0,           0,        3281,      -6.515472902,      -6.529127254,      -6.711515434,      -6.297065885,      -5.901735346,      -7.944826852
          0,           0,        3282,      -6.524751582,       -6.53472269,      -6.734373267,      -6.304864397,      -5.911118193,      -7.944828552
          0,           0,        3283,       -6.54875916,      -6.563045921,      -6.744680296,      -6.313025204,       -5.93551211,      -7.944826271
          0,           0,        3284,      -6.519722972,      -6.529383837,      -6.715387782,      -6.289955548,      -5.908634121,      -7.944824551
          0,           0,        3285,      -6.503497265,      -6.518604409,       -6.70103349,      -6.297614096,      -5.891958018,      -7.944825592
          0,           0,        3286,      -6.519834531,      -6.534454879,      -6.717403459,      -6.294482544,      -5.907075721,      -7.944826684
          0,           0,        3287,      -6.518756275,      -6.529552483,      -6.717916207,      -6.279668863,      -5.904711956,      -7.944827159
          0,           0,        3288,      -6.486277835,      -6.495949826,      -6.704008648,      -6.267235017,      -5.872486458,      -7.944824238
          0,           0,        3289,      -6.484784343,      -6.494710632,      -6.703951619,       -6.28092549,      -5.872239139,      -7.944825685
          0,           0,        3290,      -6.517225484,      -6.532826727,      -6.720697267,      -6.284607899,      -5.903939574,      -7.944828105
          0,           0,        3291,      -6.499365663,      -6.512746433,      -6.703986621,      -6.264481039,      -5.886875649,      -7.944828292
          0,           0,        3292,      -6.504109316,       -6.51402305,      -6.701794938,      -6.279345179,      -5.891475203,      -7.944827341
          0,           0,        3293,      -6.513283453,      -6.522010938,      -6.719393677,      -6.290611795,       -5.90015108,      -7.944826016
          0,           0,        3294,      -6.532048401,      -6.545140365,      -6.722083209,      -6.284306076,      -5.918613082,      -7.944828977
          0,           0,        3295,      -6.497841263,      -6.509519432,      -6.703463844,      -6.262186529,      -5.885255015,      -7.944829622
          0,           0,        3296,      -6.492478923,      -6.502425492,        -6.6984632,      -6.270163793,      -5.880707829,      -7.944829594
          0,           0,        3297,      -6.507694434,      -6.519279491,      -6.704027079,      -6.274829932,      -5.894864679,      -7.944831431
          0,           0,        3298,      -6.514353541,      -6.520479456,      -6.701113764,      -6.262239346,      -5.901008635,      -7.944834319
          0,           0,        3299,       -6.47354616,      -6.485228039,      -6.687078205,      -6.240340319,      -5.859765046,      -7.944838115
          0,           0,        3300,      -6.473944662,       -6.48321697,      -6.692410739,      -6.256173051,      -5.861155338,      -7.944837845
          0,           0,        3301,      -6.499288211,       -6.50962964,      -6.688159846,      -6.242778388,      -5.886914421,      -7.944839732
          0,           0,        3302,      -6.464814998,      -6.475136448,      -6.671959429,      -6.239751507,      -5.853249683,      -7.944843499
          0,           0,        3303,      -6.479398971,      -6.485396833,      -6.673818044,      -6.239962927,       -5.86790734,       -7.94484541
          0,           0,        3304,        -6.4665887,      -6.478461502,      -6.685736557,      -6.254934943,      -5.854620137,      -7.944846435
          0,           0,        3305,      -6.502920179,      -6.512248461,      -6.697483212,      -6.251150215,      -5.889546499,       -7.94484675
          0,           0,        3306,      -6.477417179,      -6.488507192,       -6.68723034,       -6.24405909,      -5.864369771,      -7.944850986
          0,           0,        3307,      -6.487481639,      -6.498127437,      -6.697851284,      -6.256139978,      -5.875016316,       -7.94485483
          0,           0,        3308,      -6.497714583,      -6.506803916,      -6.694743951,      -6.257706089,      -5.885327011,      -7.944854659
          0,           0,        3309,      -6.495974474,      -6.507520618,      -6.695089562,      -6.256096022,      -5.883163691,      -7.944855526
          0,           0,        3310,       -6.48216534,      -6.491199797,      -6.694455001,      -6.254506075,      -5.869244917,      -7.944858164
          0,           0,        3311,      -6.496123691,       -6.50952931,      -6.707588647,      -6.279236866,      -5.882695795,      -7.944861643
          0,           0,        3312,      -6.512422766,      -6.527135616,      -6.710583096,      -6.257371512,      -5.899497618,       -7.94486124
          0,           0,        3313,      -6.482660584,      -6.491979207,      -6.690136691,      -6.257696055,      -5.871373536,      -7.944859059
          0,           0,        3314,      -6.492621432,      -6.503582473,      -6.697767852,      -6.270345783,       -5.88113075,      -7.944861445
          0,           0,        3315,      -6.499741514,      -6.510814345,      -6.704699178,      -6.275498922,      -5.887610093,      -7.944863038
          0,           0,        3316,      -6.518620494,      -6.533953177,      -6.719448127,      -6.283942739,      -5.904236675,       -7.94486316
          0,           0,        3317,      -6.481203645,      -6.495193473,      -6.699429929,      -6.252419009,      -5.867617761,      -7.944861649
          0,           0,        3318,      -6.480474932,      -6.489734391,      -6.696219625,      -6.269836735,      -5.867908149,      -7.944862302
          0,           0,        3319,      -6.510742224,      -6.520184773,      -6.715847446,      -6.292213839,      -5.898620222,       -7.94486384
          0,           0,        3320,      -6.532738872,      -6.545410674,      -6.716862518,      -6.284904327,      -5.920290771,      -7.944861578
          0,           0,        3321,      -6.491570851,      -6.503324218,      -6.694971265,      -6.261766583,      -5.878287176,       -7.94485897
          0,           0,        3322,      -6.460951697,      -6.470751162,      -6.679818659,      -6.257927173,      -5.847888066,      -7.944857826
          0,           0,        3323,      -6.483708191,      -6.493707353,      -6.707442463,      -6.276255238,      -5.870146112,      -7.944857128
          0,           0,        3324,      -6.520578944,      -6.527978558,       -6.73180706,      -6.290224108,       -5.90738454,      -7.944854584
          0,           0,        3325,       -6.50910859,      -6.521882544,      -6.706942075,      -6.269831616,      -5.897737658,      -7.944851612
          0,           0,        3326,      -6.473483658,      -6.482459396,       -6.68056958,      -6.264480715,      -5.862726848,      -7.944850977
          0,           0,        3327,      -6.482247771,       -6.49168383,      -6.693570688,      -6.287416949,      -5.870839544,      -7.944851695
          0,           0,        3328,      -6.532274963,      -6.544644556,      -6.734025043,      -6.297753378,      -5.917988652,      -7.944850432
          0,           0,        3329,      -6.519923117,      -6.526780686,      -6.724448969,      -6.282990076,      -5.906114817,      -7.944848384
          0,           0,        3330,      -6.496545929,      -6.508446378,      -6.706696059,      -6.277677589,      -5.883812885,      -7.944847207
          0,           0,        3331,      -6.490995886,      -6.500389767,      -6.713238692,      -6.289002738,      -5.879657059,      -7.944847848
          0,           0,        3332,      -6.537415508,      -6.549464248,      -6.732239052,      -6.316085708,      -5.925697903,      -7.944846495
          0,           0,        3333,      -6.539989909,       -6.55234593,      -6.727254236,      -6.294503486,      -5.925926667,      -7.944843459
          0,           0,        3334,      -6.507792512,      -6.515075431,      -6.704423041,      -6.289267666,      -5.894027308,      -7.944843861
          0,           0,        3335,      -6.504961935,       -6.51539089,      -6.717886235,      -6.291421105,      -5.890782356,      -7.944845799
          0,           0,        3336,      -6.522942873,      -6.534604653,       -6.73695804,      -6.300042385,      -5.909393536,       -7.94484583
          0,           0,        3337,      -6.536267327,      -6.549274609,      -6.729258869,      -6.297048367,       -5.92421531,      -7.944844844
          0,           0,        3338,      -6.497108193,      -6.510232878,      -6.695445901,      -6.283899958,      -5.886253271,      -7.944844344
          0,           0,        3339,      -6.496233307,      -6.505653614,      -6.689849839,      -6.286364752,      -5.884770831,      -7.944847884
          0,           0,        3340,      -6.502078429,      -6.513519945,      -6.715518904,      -6.286947222,      -5.888869473,      -7.944849475
          0,           0,        3341,      -6.518610143,      -6.530816202,      -6.731163391,      -6.285689574,      -5.904411812,      -7.944846339
          0,           0,        3342,      -6.491845779,      -6.504345453,      -6.710332285,      -6.270933096,      -5.878647775,      -7.944844405
          0,           0,        3343,      -6.470730334,      -6.483428347,      -6.688368466,      -6.279318246,      -5.859584624,      -7.944846554
          0,           0,        3344,       -6.49153984,      -6.501788765,      -6.699884842,      -6.281370541,      -5.880330776,      -7.944851836
          0,           0,        3345,      -6.509328709,      -6.519291383,      -6.717120076,      -6.279028997,      -5.896827414,      -7.944851633
          0,           0,        3346,      -6.500020036,      -6.513401013,      -6.707083317,      -6.271598558,      -5.886433836,      -7.944851044
          0,           0,        3347,       -6.47406162,       -6.48516578,      -6.695134246,      -6.265652646,      -5.860303003,      -7.944852661
          0,           0,        3348,      -6.477588124,      -6.488666626,      -6.706928198,      -6.289322077,      -5.864932202,      -7.944855474
          0,           0,        3349,      -6.519877902,      -6.534057422,      -6.738331743,      -6.289806187,      -5.906758412,      -7.944858339
          0,           0,        3350,      -6.517045574,      -6.526052702,      -6.722592405,      -6.279879725,      -5.905186874,      -7.944856944
          0,           0,        3351,      -6.513950172,      -6.528884654,      -6.705935852,      -6.295770169,      -5.901975181,       -7.94485753
          0,           0,        3352,       -6.50758445,      -6.518803462,      -6.714125759,       -6.30086394,       -5.89479658,      -7.944858042
          0,           0,        3353,      -6.534366263,      -6.547706333,      -6.740537388,      -6.316940845,      -5.920421111,      -7.944857367
          0,           0,        3354,       -6.53542621,      -6.550044827,      -6.746830673,      -6.286491428,      -5.921374601,      -7.944857019
          0,           0,        3355,      -6.508185923,      -6.516065396,        -6.7160505,      -6.289737003,      -5.896585677,      -7.944857457
          0,           0,        3356,      -6.521443093,      -6.535756968,      -6.714655377,      -6.313834282,      -5.909954522,      -7.944858926
          0,           0,        3357,      -6.532272784,      -6.544204121,      -6.724403652,      -6.316394422,      -5.919876721,      -7.944857082
          0,           0,        3358,      -6.535710464,      -6.548617365,      -6.729880049,      -6.300924112,      -5.920771149,      -7.944855077
          0,           0,        3359,      -6.496926709,      -6.507264213,      -6.714449971,      -6.275894543,      -5.882219743,      -7.944855674
          0,           0,        3360,      -6.494685046,      -6.502574566,      -6.707866635,      -6.291664841,      -5.881474857,      -7.944857106
          0,           0,        3361,      -6.512654547,      -6.523930514,      -6.725358158,      -6.307769665,      -5.900318847,      -7.944854305
          0,           0,        3362,       -6.53062607,      -6.542784149,      -6.729072115,      -6.304397494,      -5.919400953,      -7.944849052
          0,           0,        3363,      -6.510976834,      -6.523329194,      -6.706390696,      -6.281635966,      -5.899562633,        -7.9448474
          0,           0,        3364,      -6.480030609,      -6.491036774,      -6.688367986,      -6.278548062,      -5.867681443,      -7.944847489
          0,           0,        3365,      -6.495828548,      -6.504222356,      -6.703772179,      -6.295112844,      -5.882401599,      -7.944846369
          0,           0,        3366,      -6.506855727,      -6.515774366,      -6.732911443,      -6.288908929,      -5.892467789,      -7.944842992
          0,           0,        3367,       -6.50196437,      -6.513676302,      -6.722773981,      -6.275633102,      -5.888778862,      -7.944840266
          0,           0,        3368,      -6.484859538,      -6.495621042,      -6.694369043,      -6.266159199,      -5.873763329,      -7.944840022
          0,           0,        3369,      -6.468008743,      -6.479427085,      -6.678613385,      -6.279338235,      -5.857653821,      -7.944839177
          0,           0,        3370,      -6.513159735,      -6.523342428,      -6.708211351,      -6.302589239,      -5.901162465,      -7.944837769
          0,           0,        3371,       -6.51310602,      -6.521157268,      -6.727490494,      -6.275548711,      -5.899744596,      -7.944835749
          0,           0,        3372,      -6.486480624,      -6.499984796,      -6.708387134,      -6.266105518,      -5.873045783,      -7.944834677
          0,           0,        3373,      -6.479412028,      -6.488739346,      -6.703171166,      -6.276718451,      -5.867062385,      -7.944832969
          0,           0,        3374,      -6.501484806,      -6.512946869,      -6.716430816,      -6.311915064,      -5.889923156,      -7.944830811
          0,           0,        3375,      -6.545414213,      -6.559673496,      -6.738531345,       -6.29980274,      -5.931734683,      -7.944830332
          0,           0,        3376,      -6.510618338,      -6.518147159,       -6.71738853,      -6.276813222,      -5.897332175,      -7.944830107
          0,           0,        3377,      -6.510031383,      -6.526577265,      -6.713823893,       -6.29704823,      -5.896263487,      -7.944830424
          0,           0,        3378,      -6.524568406,      -6.533749727,      -6.739286873,      -6.314526274,      -5.911123041,      -7.944829636
          0,           0,        3379,       -6.55749865,      -6.571852171,      -6.751163775,      -6.327786831,      -5.944950497,      -7.944830109
          0,           0,        3380,      -6.524951635,      -6.539342434,      -6.724653647,      -6.284715435,      -5.913367289,      -7.944832804
          0,           0,        3381,      -6.507228758,      -6.515022224,      -6.702883305,      -6.295408401,      -5.896288975,      -7.944833229
          0,           0,        3382,      -6.526621663,      -6.543578638,      -6.723497241,      -6.316289492,      -5.913881103,       -7.94483258
          0,           0,        3383,      -6.542347265,      -6.552687821,      -6.743904947,      -6.309458583,      -5.927848438,      -7.944832012
          0,           0,        3384,      -6.517501291,      -6.530620468,      -6.725902282,       -6.28603491,      -5.903202753,      -7.944833539
          0,           0,        3385,       -6.48698348,      -6.498437168,      -6.709300705,      -6.281797717,      -5.874651902,      -7.944834693
          0,           0,        3386,      -6.517301011,      -6.525336544,      -6.723373209,      -6.309927352,      -5.905777191,      -7.944834441
          0,           0,        3387,      -6.536027953,      -6.551515776,      -6.737484955,      -6.303107678,      -5.923669564,      -7.944835035
          0,           0,        3388,      -6.514037793,      -6.524465663,      -6.717074914,      -6.284333146,      -5.901111175,       -7.94483715
          0,           0,        3389,      -6.491813359,      -6.503916671,      -6.704258596,      -6.277385178,      -5.878119058,       -7.94483934
          0,           0,        3390,      -6.494132959,      -6.506117574,      -6.722980026,      -6.300706818,      -5.880471271,      -7.944839645
          0,           0,        3391,      -6.553122177,      -6.564239965,      -6.753012023,      -6.322588334,      -5.939610137,      -7.944839331
          0,           0,        3392,      -6.525069482,       -6.53724513,      -6.732373055,      -6.288332633,      -5.913047967,      -7.944840217
          0,           0,        3393,      -6.511792123,      -6.522640541,      -6.706140187,      -6.292840558,      -5.900759444,      -7.944840927
          0,           0,        3394,      -6.508777336,      -6.521481001,      -6.710926403,      -6.303843551,      -5.896965007,      -7.944840467
          0,           0,        3395,       -6.54057156,      -6.556136315,      -6.736468639,      -6.329267898,      -5.926797044,      -7.944838894
          0,           0,        3396,       -6.54869503,      -6.560599579,      -6.743848121,      -6.304055919,      -5.933894594,      -7.944838446
          0,           0,        3397,      -6.506488856,      -6.514945163,      -6.719098837,       -6.28880193,      -5.893596793,      -7.944839471
          0,           0,        3398,      -6.509637724,      -6.522336716,      -6.711875558,      -6.302889155,      -5.897775387,      -7.944840955
          0,           0,        3399,      -6.531534679,      -6.543325464,       -6.72104203,      -6.318911975,       -5.91965042,      -7.944840342
          0,           0,        3400,      -6.542742724,      -6.555976031,      -6.722417723,      -6.314031186,       -5.92915839,      -7.944839258
          0,           0,        3401,      -6.501349546,      -6.512785937,      -6.707493669,      -6.281016785,      -5.887386698,      -7.944838009
          0,           0,        3402,      -6.491705734,       -6.49871244,      -6.707699772,      -6.285055076,      -5.878372716,      -7.944838508
          0,           0,        3403,      -6.505681359,      -6.520404248,      -6.725448374,      -6.301459865,      -5.892961128,      -7.944838046
          0,           0,        3404,      -6.531147784,      -6.541233144,      -6.730245813,      -6.309244609,      -5.919597694,      -7.944837405
          0,           0,        3405,       -6.51566715,      -6.527304781,      -6.704820725,      -6.291240553,      -5.904562871,      -7.944837172
          0,           0,        3406,       -6.48044425,      -6.491706767,      -6.687491393,      -6.276649586,      -5.868420383,      -7.944834511
          0,           0,        3407,      -6.493643056,      -6.501529732,      -6.700795379,      -6.287227734,       -5.88030578,      -7.944833529
          0,           0,        3408,      -6.508462887,      -6.523867378,      -6.729433499,      -6.297013386,      -5.893914649,      -7.944834782
          0,           0,        3409,      -6.512519422,      -6.520766797,      -6.730536603,      -6.289966673,      -5.899215392,      -7.944836139
          0,           0,        3410,       -6.49524775,      -6.506861514,       -6.70592394,      -6.277049521,      -5.884167331,      -7.944835002
          0,           0,        3411,      -6.471892929,      -6.482715761,      -6.688794215,      -6.277742853,      -5.861859117,      -7.944830699
          0,           0,        3412,      -6.507216463,      -6.515165765,      -6.704080492,      -6.299124156,      -5.896276124,      -7.944830837
          0,           0,        3413,       -6.51729907,      -6.532399134,      -6.722684488,      -6.291761148,      -5.903735604,      -7.944831291
          0,           0,        3414,       -6.49633531,      -6.504977083,      -6.712283308,      -6.275089968,      -5.882154297,      -7.944830325
          0,           0,        3415,       -6.47850251,      -6.490527182,      -6.702324407,      -6.268765675,      -5.864879907,      -7.944828284
          0,           0,        3416,      -6.479010188,      -6.489841774,      -6.711285525,      -6.289092286,      -5.867058397,      -7.944825853
          0,           0,        3417,      -6.540930777,      -6.549928568,      -6.738046911,      -6.315652312,      -5.929028602,      -7.944827917
          0,           0,        3418,      -6.521256565,      -6.535346269,      -6.719765827,      -6.285390058,      -5.909030568,      -7.944827766
          0,           0,        3419,      -6.505585833,      -6.515245508,      -6.701845519,      -6.288343106,       -5.89338631,      -7.944827707
          0,           0,        3420,      -6.499461345,      -6.512177538,      -6.717013857,      -6.294920451,      -5.886096842,      -7.944827875
          0,           0,        3421,       -6.53393927,      -6.548870657,      -6.745804532,      -6.324246724,      -5.920132286,      -7.944827539
          0,           0,        3422,      -6.561837199,       -6.57278771,      -6.748703126,      -6.313001188,      -5.949044683,       -7.94482806
          0,           0,        3423,      -6.511027981,       -6.52202933,      -6.711205499,      -6.293251927,      -5.899823504,      -7.944826389
          0,           0,        3424,      -6.520402523,      -6.531435485,      -6.711077178,      -6.307407954,      -5.909113548,      -7.944827922
          0,           0,        3425,      -6.538967972,      -6.551486414,      -6.734587899,      -6.320732799,      -5.925876217,      -7.944829252
          0,           0,        3426,      -6.545471338,      -6.558958916,      -6.736668698,      -6.312191445,      -5.930686819,      -7.944828506
          0,           0,        3427,       -6.50291137,       -6.51404926,      -6.716976185,      -6.284943447,      -5.889509048,      -7.944829268
          0,           0,        3428,      -6.497763178,      -6.507005689,      -6.711007615,      -6.293905836,      -5.885485866,       -7.94483005
          0,           0,        3429,      -6.526462747,      -6.539036855,      -6.730648229,       -6.31032198,      -5.914812731,      -7.944834602
          0,           0,        3430,      -6.535611087,      -6.545580051,      -6.725958249,       -6.30500302,       -5.92347897,      -7.944835866
          0,           0,        3431,      -6.508709788,      -6.519969114,      -6.703531153,      -6.288029892,      -5.895499741,      -7.944834579
          0,           0,        3432,      -6.485773324,      -6.497920638,      -6.708531099,       -6.28671551,      -5.872324886,       -7.94483619
          0,           0,        3433,      -6.524989838,      -6.535115834,      -6.740568589,      -6.305774876,      -5.911386837,      -7.944838486
          0,           0,        3434,      -6.533098551,      -6.547590219,      -6.743087031,       -6.29698662,      -5.920340273,       -7.94484149
          0,           0,        3435,       -6.52112599,      -6.530005879,      -6.715576745,      -6.301258455,       -5.90997645,      -7.944840282
          0,           0,        3436,      -6.507900731,      -6.520043303,      -6.704639481,      -6.300283617,      -5.896455904,      -7.944839431
          0,           0,        3437,      -6.527325117,      -6.542325687,       -6.73028107,      -6.319614211,      -5.913668188,      -7.944842916
          0,           0,        3438,      -6.561896112,      -6.573101257,      -6.751836806,      -6.314997739,      -5.946570879,      -7.944844793
          0,           0,        3439,      -6.520764642,       -6.53487328,      -6.732279465,      -6.301087986,       -5.90693766,      -7.944845659
          0,           0,        3440,      -6.524547991,      -6.534357796,      -6.723297881,      -6.313092999,      -5.912274635,      -7.944844176
          0,           0,        3441,      -6.534797095,      -6.549871897,      -6.732306187,      -6.320160637,      -5.923401669,      -7.944844851
          0,           0,        3442,      -6.548763205,      -6.565237457,      -6.732779135,      -6.317259835,      -5.935909388,      -7.944847137
          0,           0,        3443,      -6.521376988,      -6.530088267,      -6.711031205,      -6.294749149,      -5.907918777,       -7.94484619
          0,           0,        3444,      -6.503448658,      -6.515325501,      -6.710213631,      -6.297038253,      -5.889278471,      -7.944846056
          0,           0,        3445,      -6.511026897,      -6.522001008,      -6.727359607,      -6.298856481,      -5.897085336,      -7.944847193
          0,           0,        3446,      -6.527159444,      -6.542537589,       -6.73792511,      -6.300745737,        -5.9140429,      -7.944848378
          0,           0,        3447,       -6.51058042,      -6.524229367,      -6.713580306,      -6.284591118,      -5.899494623,      -7.944848896
          0,           0,        3448,      -6.493257434,      -6.501489994,      -6.691160597,      -6.290229175,      -5.882916534,      -7.944847264
          0,           0,        3449,      -6.503387041,      -6.514854652,      -6.702278008,      -6.297035058,      -5.891118617,      -7.944850067
          0,           0,        3450,      -6.513124387,      -6.525043645,      -6.725938325,      -6.292344752,      -5.899638034,      -7.944851203
          0,           0,        3451,      -6.509612905,      -6.522178464,       -6.73246239,      -6.285220005,      -5.895172882,      -7.944848842
          0,           0,        3452,      -6.489700441,      -6.500843996,      -6.708587775,        -6.2769242,      -5.877320216,      -7.944845884
          0,           0,        3453,      -6.481667759,      -6.491434911,      -6.696664196,      -6.293039561,      -5.871212122,      -7.944845565
          0,           0,        3454,      -6.507764486,      -6.517715743,      -6.708141131,      -6.300129035,      -5.896695767,       -7.94484766
          0,           0,        3455,      -6.517688787,      -6.529698228,      -6.722211254,      -6.289055741,      -5.905251797,      -7.944844854
          0,           0,        3456,      -6.496868153,       -6.50597549,      -6.711442236,      -6.282083275,      -5.883361851,      -7.944841064
          0,           0,        3457,      -6.488325523,      -6.498936227,      -6.701914904,      -6.282870563,      -5.874752822,      -7.944841107
          0,           0,        3458,      -6.489657695,       -6.50147529,      -6.719497934,      -6.302091924,      -5.876974574,      -7.944841916
          0,           0,        3459,      -6.540317938,      -6.550506695,      -6.741105413,       -6.31305241,      -5.927668956,      -7.944839963
          0,           0,        3460,      -6.523518538,      -6.535092676,      -6.723974875,      -6.289142864,      -5.911748616,      -7.944835535
          0,           0,        3461,      -6.517156615,      -6.525302625,      -6.708164487,      -6.304017604,       -5.90516856,      -7.944833883
          0,           0,        3462,      -6.516056385,      -6.528257717,      -6.718592262,      -6.311240568,      -5.902985638,      -7.944835028
          0,           0,        3463,      -6.551016529,      -6.564935675,      -6.751054607,      -6.329081924,      -5.936819227,      -7.944832571
          0,           0,        3464,      -6.544699957,      -6.554111349,      -6.741379374,      -6.298829096,      -5.931709445,      -7.944830042
          0,           0,        3465,      -6.509375591,      -6.521279208,      -6.716728534,      -6.295919055,       -5.89810037,      -7.944829203
          0,           0,        3466,      -6.526532589,       -6.53576818,      -6.719645867,      -6.313131705,      -5.915272231,       -7.94483078
          0,           0,        3467,      -6.540604003,      -6.555138857,      -6.730293608,      -6.317668387,      -5.927407225,      -7.944831604
          0,           0,        3468,       -6.52879419,      -6.541909916,       -6.72728213,      -6.296149647,      -5.913553145,      -7.944829971
          0,           0,        3469,      -6.494088862,      -6.501848035,      -6.707271968,      -6.282042245,         -5.880111,      -7.944830227
          0,           0,        3470,      -6.506170262,      -6.517161845,      -6.724397439,      -6.300002179,      -5.892956843,      -7.944831464
          0,           0,        3471,      -6.537913299,      -6.548853349,      -6.740216256,      -6.304667604,      -5.925608442,      -7.944830521
          0,           0,        3472,      -6.524259904,         -6.538316,      -6.718138631,       -6.29088743,      -5.912931667,      -7.944829494
          0,           0,        3473,      -6.495800956,      -6.509151957,      -6.697312312,      -6.278878182,      -5.884170848,      -7.944829493
          0,           0,        3474,      -6.505477079,      -6.514470057,      -6.714617455,      -6.301982756,      -5.892895811,      -7.944831306
          0,           0,        3475,      -6.560116706,      -6.571932909,      -6.757351537,      -6.310223112,      -5.945697467,      -7.944832018
          0,           0,        3476,      -6.521901621,      -6.534205051,      -6.732508463,      -6.286159332,      -5.909017275,      -7.944830961
          0,           0,        3477,      -6.516626722,       -6.52875412,      -6.712454673,      -6.296393632,      -5.904593724,      -7.944833378
          0,           0,        3478,      -6.513540623,      -6.527451518,       -6.71729917,      -6.301557767,      -5.901650439,      -7.944837399
          0,           0,        3479,      -6.546096548,      -6.559634979,      -6.731667239,      -6.311356434,      -5.932075386,      -7.944839746
          0,           0,        3480,      -6.524114086,      -6.533047582,      -6.720465485,      -6.284135516,      -5.909646391,      -7.944838002
          0,           0,        3481,      -6.497798709,      -6.510469678,      -6.708938949,      -6.291158237,      -5.884667572,      -7.944836993
          0,           0,        3482,      -6.516890455,      -6.527307185,      -6.724666789,      -6.300555721,      -5.904114207,      -7.944842275
          0,           0,        3483,      -6.529997324,      -6.544368871,      -6.721821574,      -6.291704329,      -5.917827225,      -7.944845413
          0,           0,        3484,      -6.499619247,      -6.511382942,      -6.694623553,      -6.271757374,      -5.888008714,      -7.944845417
          0,           0,        3485,       -6.48601748,       -6.49370677,      -6.685046331,      -6.277418868,      -5.874133614,      -7.944844558
          0,           0,        3486,      -6.506732732,      -6.519570766,      -6.713375864,      -6.288801246,      -5.893200669,      -7.944846505
          0,           0,        3487,      -6.515902519,      -6.523643057,       -6.72517976,      -6.274675175,      -5.902526354,      -7.944853063
          0,           0,        3488,      -6.502398876,      -6.515182516,      -6.709699191,      -6.276950561,      -5.890054434,       -7.94485514
          0,           0,        3489,       -6.49838251,      -6.511452792,      -6.706052638,      -6.285267945,      -5.887032028,      -7.944854878
          0,           0,        3490,      -6.533478684,      -6.543099598,      -6.718867712,      -6.302359585,      -5.921388493,      -7.944855076
          0,           0,        3491,      -6.527522083,      -6.541438246,      -6.719927393,      -6.280794201,      -5.912990801,      -7.944855418
          0,           0,        3492,      -6.502601244,      -6.511783226,      -6.709300918,      -6.279964148,      -5.888769278,      -7.944858073
          0,           0,        3493,      -6.516528891,      -6.530456523,      -6.720390772,      -6.293720436,      -5.902030701,      -7.944858268
          0,           0,        3494,      -6.525669844,      -6.540539066,      -6.719990271,       -6.28539535,       -5.91252257,      -7.944860145
          0,           0,        3495,      -6.516609177,      -6.525668995,       -6.70127072,       -6.27684313,       -5.90490198,      -7.944859581
          0,           0,        3496,        -6.4965582,      -6.507297004,      -6.698081829,      -6.277056893,      -5.885047418,      -7.944857646
          0,           0,        3497,      -6.516789491,      -6.527773755,      -6.700954225,      -6.275527547,      -5.904051254,       -7.94486049
          0,           0,        3498,      -6.496025101,      -6.509037728,      -6.699663822,      -6.265794996,      -5.882595493,      -7.944862596
          0,           0,        3499,      -6.489416913,      -6.501700627,      -6.693565651,      -6.253653639,      -5.876055683,      -7.944863724
          0,           0,        3500,       -6.48395626,      -6.492143285,      -6.701741992,      -6.263865148,      -5.871527012,      -7.944859195
          0,           0,        3501,      -6.513288884,      -6.521982266,      -6.708018448,       -6.27107365,       -5.90084622,      -7.944856199
          0,           0,        3502,      -6.509145375,      -6.520661967,      -6.700630018,      -6.258295984,      -5.896035096,      -7.944859024
          0,           0,        3503,       -6.49290847,      -6.503322463,      -6.698415469,      -6.262668963,      -5.880044024,      -7.944858913
          0,           0,        3504,        -6.5164711,      -6.528116283,      -6.709441945,      -6.281498369,      -5.903361958,      -7.944855683
          0,           0,        3505,      -6.523655523,      -6.534981408,      -6.715629762,      -6.277173213,      -5.910592832,      -7.944850548
          0,           0,        3506,      -6.520712769,      -6.527802298,       -6.71215532,      -6.274487272,       -5.90827253,      -7.944850559
          0,           0,        3507,      -6.509686012,      -6.521580882,      -6.713358741,      -6.285177886,      -5.897704331,      -7.944852025
          0,           0,        3508,        -6.5244604,      -6.534106774,      -6.705269066,      -6.270267485,      -5.910327522,      -7.944849867
          0,           0,        3509,      -6.490528171,       -6.50198484,       -6.69800523,      -6.270315425,      -5.877130941,      -7.944846682
          0,           0,        3510,      -6.500919153,       -6.51263707,       -6.70252944,      -6.264773221,      -5.887100637,      -7.944843231
          0,           0,        3511,      -6.495180447,      -6.502394594,      -6.709046059,      -6.279413439,      -5.882467319,      -7.944842657
          0,           0,        3512,      -6.522385654,      -6.535805856,      -6.712287325,      -6.276152798,       -5.91001059,      -7.944839477
          0,           0,        3513,         -6.505892,      -6.515077492,      -6.698907977,      -6.270379793,       -5.89395727,      -7.944835788
          0,           0,        3514,      -6.500213023,      -6.514150709,      -6.699634993,      -6.272069584,      -5.887451187,      -7.944834512
          0,           0,        3515,      -6.512227868,      -6.526231754,      -6.707793663,      -6.277405184,      -5.898537851,      -7.944832636
          0,           0,        3516,      -6.517949638,      -6.525697763,      -6.711656638,      -6.270559862,      -5.904495784,      -7.944830142
          0,           0,        3517,      -6.499212397,      -6.511024882,      -6.708418517,      -6.266115095,      -5.886574407,      -7.944826493
          0,           0,        3518,         -6.512466,      -6.521205422,      -6.713256541,      -6.288453657,      -5.900678976,      -7.944825872
          0,           0,        3519,      -6.519707447,      -6.534667486,      -6.703906266,      -6.262803794,      -5.905669877,      -7.944825616
          0,           0,        3520,      -6.486093333,      -6.498695853,      -6.697387688,      -6.270791661,      -5.872621653,      -7.944822159
          0,           0,        3521,      -6.517613046,      -6.526823633,       -6.71739864,      -6.283882341,      -5.903723785,      -7.944817686
          0,           0,        3522,       -6.51651262,      -6.528917532,      -6.723969288,      -6.288868234,      -5.903051049,      -7.944814722
          0,           0,        3523,      -6.528468251,      -6.539290782,       -6.71889054,      -6.277631257,       -5.91672404,      -7.944815585
          0,           0,        3524,      -6.493588464,       -6.50720631,       -6.69642047,       -6.26860734,      -5.882173378,      -7.944815173
          0,           0,        3525,      -6.506165176,      -6.520043562,      -6.706379936,      -6.288698541,      -5.894139894,       -7.94481241
          0,           0,        3526,      -6.521019072,      -6.529884009,      -6.716449915,      -6.276669421,        -5.9079505,      -7.944811815
          0,           0,        3527,      -6.506676895,      -6.518011634,      -6.715393195,      -6.272623357,      -5.892720103,      -7.944814075
          0,           0,        3528,      -6.480126171,      -6.489783655,      -6.702499199,      -6.258775917,      -5.867888304,      -7.944816759
          0,           0,        3529,      -6.485855406,      -6.496663169,      -6.698977213,      -6.279535277,      -5.873971529,      -7.944816554
          0,           0,        3530,      -6.525562286,      -6.538386893,      -6.721604913,       -6.29085859,      -5.912412097,      -7.944815038
          0,           0,        3531,      -6.502790586,      -6.514151631,      -6.706139713,      -6.260739557,      -5.889016486,      -7.944816267
          0,           0,        3532,      -6.487619528,      -6.496061255,      -6.694600492,      -6.265565301,      -5.873642691,      -7.944817818
          0,           0,        3533,      -6.484662513,      -6.495162748,      -6.713723275,      -6.275386254,      -5.871159522,       -7.94481879
          0,           0,        3534,      -6.535878019,      -6.546261394,       -6.73717168,      -6.303225864,      -5.922772287,      -7.944819324
          0,           0,        3535,      -6.530604764,      -6.543251474,      -6.717536311,       -6.28032568,      -5.918969631,      -7.944821768
          0,           0,        3536,      -6.494712612,      -6.506775716,      -6.692902916,      -6.272293876,      -5.883293001,      -7.944823877
          0,           0,        3537,      -6.509633036,      -6.518316327,      -6.706802359,      -6.290180993,      -5.897433938,      -7.944825203
          0,           0,        3538,      -6.539230533,      -6.552450103,      -6.734385136,      -6.300115619,       -5.92499343,      -7.944826981
          0,           0,        3539,      -6.519988115,       -6.52819515,      -6.720154156,      -6.277553284,      -5.905707196,      -7.944831276
          0,           0,        3540,      -6.484329211,      -6.496066993,      -6.698701041,      -6.273693726,      -5.871944224,      -7.944834807
          0,           0,        3541,      -6.498034992,      -6.510396848,      -6.712470777,       -6.27902144,      -5.885745626,      -7.944834236
          0,           0,        3542,      -6.523150714,      -6.531859625,      -6.723747371,      -6.288033038,      -5.910940532,      -7.944833417
          0,           0,        3543,      -6.522526909,      -6.534439208,      -6.717919571,      -6.289192641,      -5.909175022,      -7.944836774
          0,           0,        3544,      -6.503276157,      -6.511651297,      -6.709772453,      -6.285516178,      -5.889772865,      -7.944840851
          0,           0,        3545,      -6.512682039,      -6.526183662,      -6.727716817,      -6.303075495,      -5.898843815,      -7.944840493
          0,           0,        3546,      -6.546332009,      -6.561544964,      -6.749099829,      -6.301628747,      -5.932350969,      -7.944839424
          0,           0,        3547,      -6.532220255,      -6.541784446,      -6.726986018,      -6.299544311,      -5.920703147,      -7.944841712
          0,           0,        3548,      -6.537773142,      -6.550837583,      -6.716949381,      -6.314866884,      -5.925957405,      -7.944845651
          0,           0,        3549,      -6.535674977,      -6.546254749,       -6.72362514,        -6.3150299,       -5.92352751,       -7.94484652
          0,           0,        3550,      -6.546355409,      -6.562704488,      -6.738138237,      -6.311950305,      -5.932006199,      -7.944844389
          0,           0,        3551,      -6.514710524,      -6.528888348,      -6.724251094,      -6.283297562,      -5.900837186,      -7.944845445
          0,           0,        3552,      -6.506064805,       -6.51524042,      -6.710725015,       -6.29639232,      -5.893842135,      -7.944847851
          0,           0,        3553,      -6.515748742,      -6.526314253,      -6.717893641,      -6.303066575,      -5.903675651,      -7.944846609
          0,           0,        3554,      -6.529444753,      -6.543106089,      -6.723423756,      -6.298398627,      -5.917000034,      -7.944842633
          0,           0,        3555,      -6.515769789,      -6.528596318,      -6.714526227,      -6.278648927,      -5.902038954,      -7.944842281
          0,           0,        3556,      -6.482702554,      -6.494123959,      -6.694607814,      -6.274391293,      -5.869139988,      -7.944842471
          0,           0,        3557,      -6.498286295,      -6.508561408,      -6.710931945,      -6.292402236,      -5.884962118,      -7.944842336
          0,           0,        3558,      -6.515258125,      -6.524422735,      -6.735431693,      -6.291922736,      -5.902252246,      -7.944839244
          0,           0,        3559,      -6.523116257,      -6.536755454,      -6.729862394,      -6.283856174,      -5.911542341,      -7.944835901
          0,           0,        3560,      -6.497890657,      -6.508088345,      -6.701057018,      -6.274300658,      -5.886980012,      -7.944836093
          0,           0,        3561,      -6.493317641,      -6.505435493,       -6.69802128,      -6.293794946,      -5.881721754,      -7.944834324
          0,           0,        3562,      -6.533341438,      -6.546787097,      -6.737469346,      -6.301639103,      -5.919269701,      -7.944830998
          0,           0,        3563,      -6.514044475,      -6.522922474,      -6.731889833,      -6.270664186,      -5.899613139,      -7.944827606
          0,           0,        3564,       -6.49930279,      -6.510615772,      -6.716204332,      -6.276734185,       -5.88592634,      -7.944826157
          0,           0,        3565,      -6.503211361,      -6.512862606,      -6.720607705,      -6.294571361,      -5.891253852,      -7.944826041
          0,           0,        3566,      -6.537914268,      -6.553010375,      -6.732273266,      -6.320771129,      -5.925789585,      -7.944823197
          0,           0,        3567,      -6.541020086,      -6.555637089,        -6.7329406,      -6.288341568,      -5.927016499,      -7.944822147
          0,           0,        3568,      -6.501236095,      -6.510832457,      -6.711723805,      -6.279941112,      -5.887649725,      -7.944823398
          0,           0,        3569,      -6.519054715,      -6.530422969,      -6.725957448,      -6.304117663,      -5.904984655,      -7.944824753
          0,           0,        3570,      -6.540646436,      -6.552177978,      -6.745138715,      -6.316848591,      -5.927007386,      -7.944824336
          0,           0,        3571,       -6.54580003,      -6.561801483,       -6.73707952,      -6.309966015,      -5.933168319,      -7.944822397
          0,           0,        3572,      -6.503301017,      -6.517851764,      -6.707852842,      -6.280173889,      -5.891706519,      -7.944824871
          0,           0,        3573,      -6.503208457,      -6.514666213,      -6.706891619,      -6.293714142,      -5.891047301,      -7.944826357
          0,           0,        3574,      -6.533027184,      -6.546191256,      -6.736047182,      -6.311384992,      -5.919570249,      -7.944825411
          0,           0,        3575,      -6.529816828,      -6.541212093,      -6.734791739,      -6.296880682,       -5.91552753,      -7.944824348
          0,           0,        3576,      -6.500948604,      -6.513997446,      -6.714538636,      -6.281043453,      -5.887575378,      -7.944824824
          0,           0,        3577,      -6.486911956,      -6.500885962,       -6.70969733,      -6.289802889,      -5.874914737,      -7.944829204
          0,           0,        3578,      -6.535257995,      -6.546282197,      -6.734181546,      -6.310098006,      -5.922449594,      -7.944829875
          0,           0,        3579,      -6.535596413,      -6.547022054,      -6.729963833,      -6.296522699,      -5.921937801,      -7.944829574
          0,           0,        3580,      -6.512307449,      -6.525063039,      -6.712019962,      -6.289802237,      -5.898696742,      -7.944830924
          0,           0,        3581,         -6.497696,      -6.511745693,      -6.720273583,      -6.290778111,      -5.884116229,      -7.944833382
          0,           0,        3582,      -6.528967668,      -6.545762359,      -6.743344036,      -6.316989519,      -5.915971446,      -7.944834457
          0,           0,        3583,      -6.558125716,      -6.571838045,      -6.748535565,      -6.308531877,      -5.945414334,      -7.944832451
          0,           0,        3584,      -6.524954995,      -6.534195053,      -6.714399858,      -6.303213734,      -5.913293123,      -7.944833545
          0,           0,        3585,      -6.523575301,      -6.537269206,      -6.712926216,      -6.306237389,      -5.911014419,       -7.94483623
          0,           0,        3586,      -6.533494467,      -6.545936765,       -6.73649203,      -6.311005216,      -5.919158116,      -7.944836704
          0,           0,        3587,      -6.538254515,      -6.553184619,      -6.741232956,      -6.303917472,      -5.923220637,      -7.944835648
          0,           0,        3588,      -6.506544637,      -6.518075876,      -6.721592401,      -6.286463348,      -5.893690989,      -7.944835661
          0,           0,        3589,        -6.5045477,      -6.512561674,      -6.710251691,      -6.297090437,       -5.89325025,      -7.944838862
          0,           0,        3590,       -6.51923443,      -6.533217721,      -6.724091491,      -6.301349957,       -5.90790266,      -7.944839947
          0,           0,        3591,      -6.533545125,      -6.544938788,      -6.730188052,      -6.300549426,      -5.921032203,      -7.944837441
          0,           0,        3592,      -6.504130505,      -6.518668055,      -6.710013238,      -6.279756734,        -5.8900787,      -7.944836887
          0,           0,        3593,      -6.485746271,      -6.498284248,       -6.70979495,      -6.288553755,      -5.871921737,      -7.944837667
          0,           0,        3594,      -6.518267707,      -6.528865438,      -6.736126885,      -6.302177701,      -5.904477866,      -7.944837113
          0,           0,        3595,      -6.529553537,       -6.54196698,       -6.74438689,      -6.294355629,      -5.916329643,      -7.944835893
          0,           0,        3596,      -6.518866147,      -6.529458695,      -6.721220736,      -6.297819736,      -5.907343781,      -7.944835051
          0,           0,        3597,      -6.513649806,      -6.529041454,      -6.709960032,      -6.303491548,      -5.901844363,      -7.944836151
          0,           0,        3598,      -6.532511495,      -6.546169783,      -6.734410908,      -6.328717936,       -5.91961134,      -7.944836001
          0,           0,        3599,      -6.571402925,      -6.582777705,      -6.758362925,      -6.320215564,      -5.956974427,         -7.944834
          0,           0,        3600,      -6.523554796,       -6.53412139,      -6.733163673,       -6.29755088,      -5.910559202,      -7.944833989
          0,           0,        3601,      -6.528113796,      -6.538298873,      -6.721932168,      -6.313476747,       -5.91620162,      -7.944834228
          0,           0,        3602,      -6.531730598,      -6.548483111,      -6.729646652,      -6.320958444,      -5.919267537,      -7.944831373
          0,           0,        3603,      -6.551619557,      -6.566946628,      -6.735024838,      -6.320047443,      -5.937655425,       -7.94482554
          0,           0,        3604,      -6.512970351,      -6.522085655,      -6.713575701,       -6.28247801,      -5.898725523,      -7.944824007
          0,           0,        3605,      -6.499823012,      -6.508991085,      -6.708697444,      -6.291556657,      -5.886362424,      -7.944825669
          0,           0,        3606,       -6.51282414,      -6.524822643,      -6.725127035,      -6.301170403,      -5.900025809,      -7.944823416
          0,           0,        3607,      -6.529793471,      -6.545160542,      -6.729258106,      -6.301024339,      -5.917269745,      -7.944819876
          0,           0,        3608,       -6.50215391,      -6.513724507,      -6.702371721,      -6.276916552,      -5.890922295,      -7.944815546
          0,           0,        3609,      -6.480548479,      -6.490670931,      -6.686418466,      -6.276015326,      -5.868738181,      -7.944816085
          0,           0,        3610,      -6.504354425,      -6.512843858,      -6.705292698,       -6.29182594,       -5.89119235,      -7.944816146
          0,           0,        3611,      -6.516525604,      -6.530278363,      -6.730238613,      -6.287492108,      -5.902572097,       -7.94481211
          0,           0,        3612,      -6.505514421,      -6.516576508,       -6.72355687,        -6.2752264,      -5.891848753,        -7.9448092
          0,           0,        3613,      -6.478616691,      -6.489486085,      -6.700709819,      -6.265393562,       -5.86724818,      -7.944806458
          0,           0,        3614,      -6.496223615,      -6.508244118,      -6.711229632,      -6.295565903,      -5.884999308,      -7.944805756
          0,           0,        3615,      -6.553547211,      -6.562711111,      -6.738524804,      -6.306509073,      -5.940237069,      -7.944803482
          0,           0,        3616,      -6.516042978,      -6.529834359,      -6.721916237,      -6.280649883,       -5.90182483,      -7.944802137
          0,           0,        3617,      -6.510200519,      -6.520300435,       -6.71467435,      -6.289228803,      -5.895578624,      -7.944803472
          0,           0,        3618,      -6.509751642,      -6.523954918,      -6.729474775,      -6.295339244,      -5.895986089,      -7.944801679
          0,           0,        3619,      -6.546825403,      -6.560297429,      -6.742252141,       -6.30684511,      -5.933725293,      -7.944800799
          0,           0,        3620,      -6.527656149,      -6.536902265,      -6.716540566,      -6.285343366,      -5.916207497,      -7.944799438
          0,           0,        3621,      -6.512601068,      -6.524348251,      -6.708993967,       -6.29514466,      -5.900994768,      -7.944801163
          0,           0,        3622,      -6.528716423,      -6.540227795,      -6.724191062,      -6.293452194,       -5.91592665,      -7.944801478
          0,           0,        3623,      -6.511884725,        -6.5273965,      -6.715503943,      -6.269916883,      -5.898177754,      -7.944798133
          0,           0,        3624,      -6.488103609,      -6.499940255,      -6.704033615,      -6.267237071,      -5.875329615,      -7.944798172
          0,           0,        3625,      -6.494948889,      -6.503299845,      -6.705804819,      -6.284064441,      -5.883010967,      -7.944801051
          0,           0,        3626,      -6.528847905,      -6.539939545,      -6.722168652,      -6.285289772,      -5.915272639,       -7.94480517
          0,           0,        3627,      -6.505282471,      -6.515497166,      -6.707118702,      -6.270208923,      -5.892201324,      -7.944805266
          0,           0,        3628,      -6.502760763,      -6.517297263,      -6.708932013,       -6.28492022,      -5.889231319,      -7.944803872
          0,           0,        3629,      -6.507568148,      -6.520759883,       -6.72164186,      -6.294096256,      -5.894340842,      -7.944807482
          0,           0,        3630,      -6.545595584,      -6.556739166,      -6.736540993,      -6.306960234,      -5.932577935,      -7.944810689
          0,           0,        3631,      -6.530383032,      -6.540267152,      -6.722031739,      -6.289732206,      -5.918162344,       -7.94481135
          0,           0,        3632,      -6.515790536,      -6.527973707,      -6.707251876,       -6.30044729,      -5.904096515,      -7.944810292
          0,           0,        3633,      -6.526034206,      -6.541039694,      -6.721477898,      -6.304081028,      -5.912979428,      -7.944811047
          0,           0,        3634,      -6.534241125,      -6.546519075,      -6.723871171,      -6.291874315,      -5.920260308,      -7.944814873
          0,           0,        3635,      -6.506395328,      -6.516289757,      -6.711197078,      -6.277971538,      -5.892866467,      -7.944815134
          0,           0,        3636,      -6.495101366,      -6.502610568,      -6.703404293,      -6.282946532,      -5.882809141,      -7.944816115
          0,           0,        3637,      -6.517287961,      -6.531815161,      -6.716477839,      -6.292720978,      -5.904747135,      -7.944819432
          0,           0,        3638,      -6.513076645,      -6.524662202,      -6.708602361,      -6.276823676,      -5.900014427,      -7.944822137
          0,           0,        3639,      -6.504589715,      -6.515283711,         -6.700155,      -6.286653694,      -5.891371507,       -7.94482266
          0,           0,        3640,      -6.502971528,      -6.513977111,       -6.71476683,      -6.289378479,      -5.889324154,      -7.944821546
          0,           0,        3641,      -6.539929618,      -6.548592137,      -6.733272661,      -6.311631456,       -5.92641538,      -7.944824126
          0,           0,        3642,      -6.538572677,      -6.553784148,      -6.731469641,      -6.294698431,      -5.926291274,      -7.944826307
          0,           0,        3643,      -6.519498305,      -6.530663599,       -6.71032907,       -6.30155475,      -5.908174666,      -7.944824367
          0,           0,        3644,      -6.529486718,      -6.543445692,      -6.711546697,      -6.311074228,      -5.917509417,      -7.944822505
          0,           0,        3645,       -6.53860392,      -6.552446438,      -6.724869777,      -6.296789323,      -5.924594654,      -7.944823315
          0,           0,        3646,      -6.512332454,      -6.521228618,      -6.711756296,       -6.28096955,      -5.897766457,      -7.944826219
          0,           0,        3647,      -6.489475851,      -6.501152184,      -6.705331075,      -6.277238083,      -5.876229747,      -7.944825438
          0,           0,        3648,      -6.508083462,      -6.518079485,      -6.715056941,      -6.293666628,      -5.895081049,      -7.944822198
          0,           0,        3649,      -6.518835855,      -6.532461959,      -6.713809073,      -6.283069709,      -5.906142546,      -7.944821363
          0,           0,        3650,      -6.505761934,      -6.518614416,      -6.702520487,      -6.272828997,      -5.892998379,      -7.944822079
          0,           0,        3651,      -6.496951449,      -6.507045704,      -6.701934246,      -6.280488394,      -5.884006241,      -7.944819678
          0,           0,        3652,      -6.520779402,      -6.532470525,      -6.722393143,       -6.29798034,       -5.90745656,       -7.94481513
          0,           0,        3653,      -6.534273216,      -6.545514818,      -6.725644176,      -6.285866384,      -5.921336017,      -7.944812448
          0,           0,        3654,      -6.503039294,      -6.517040633,       -6.70939118,      -6.282130986,      -5.891172851,      -7.944813304
          0,           0,        3655,      -6.534416627,      -6.550147883,      -6.724550009,      -6.304884972,      -5.921709737,      -7.944811003
          0,           0,        3656,      -6.541403466,      -6.552856424,      -6.724174663,       -6.30050446,      -5.928213235,      -7.944807061
          0,           0,        3657,      -6.525274371,      -6.535689319,       -6.71458887,      -6.281452826,      -5.910717328,      -7.944806231
          0,           0,        3658,      -6.487787185,      -6.499452417,      -6.702972477,      -6.271389954,      -5.874257022,      -7.944806823
          0,           0,        3659,      -6.501680042,      -6.515279795,      -6.703634332,      -6.274200015,      -5.888411996,      -7.944805667
          0,           0,        3660,      -6.507780343,      -6.520277349,      -6.704884018,      -6.281853986,      -5.895169563,      -7.944801077
          0,           0,        3661,       -6.50833583,      -6.519770637,      -6.696412668,      -6.266656048,      -5.896519284,        -7.9447988
          0,           0,        3662,      -6.498953976,      -6.506865188,      -6.700625681,      -6.272531472,      -5.886877586,      -7.944800505
          0,           0,        3663,      -6.510493447,      -6.524499116,      -6.710904089,      -6.278801164,      -5.897335039,      -7.944799054
          0,           0,        3664,      -6.513690192,      -6.526165837,      -6.706262127,       -6.26318345,      -5.900119075,      -7.944797103
          0,           0,        3665,      -6.486170932,      -6.496772078,      -6.696875481,       -6.26823253,       -5.87390852,      -7.944796624
          0,           0,        3666,      -6.507459484,      -6.520135148,      -6.700899328,      -6.269003796,      -5.894830317,      -7.944797902
          0,           0,        3667,      -6.517511729,      -6.526028635,      -6.706415291,      -6.282144118,      -5.904698234,      -7.944797465
          0,           0,        3668,      -6.501829439,      -6.516150018,      -6.695372116,      -6.254481061,      -5.887735508,      -7.944795705
          0,           0,        3669,      -6.481177032,      -6.491259839,      -6.688744908,      -6.262761667,      -5.867926489,      -7.944797281
          0,           0,        3670,       -6.49610655,      -6.508142597,      -6.692936285,      -6.254323807,      -5.883016511,      -7.944799354
          0,           0,        3671,      -6.481365103,      -6.491050983,      -6.687100556,      -6.246712303,      -5.869141417,       -7.94480072
          0,           0,        3672,      -6.481665911,      -6.489853237,      -6.685296234,      -6.247894584,      -5.870216869,       -7.94479758
          0,           0,        3673,      -6.468431949,      -6.479529188,      -6.687365547,      -6.252250093,      -5.856928253,      -7.944796837
          0,           0,        3674,      -6.506518234,       -6.51669519,      -6.709076925,      -6.277682175,       -5.89334487,      -7.944801701
          0,           0,        3675,      -6.499403474,      -6.512026514,      -6.705623635,      -6.255199009,      -5.885230819,      -7.944805656
          0,           0,        3676,      -6.486410718,      -6.497400655,      -6.704419719,      -6.268001305,      -5.872979965,      -7.944806464
          0,           0,        3677,      -6.511718142,       -6.52183735,      -6.715119451,      -6.286532148,      -5.898374748,      -7.944805836
          0,           0,        3678,      -6.528313626,      -6.540657925,      -6.717996763,       -6.28908871,        -5.9153112,      -7.944810389
          0,           0,        3679,      -6.512428173,      -6.522130521,      -6.704366752,      -6.273507654,      -5.899333463,      -7.944815899
          0,           0,        3680,      -6.479429441,      -6.491290367,      -6.688523261,      -6.267540376,      -5.866462929,      -7.944817281
          0,           0,        3681,      -6.500160399,      -6.513436431,      -6.710541575,      -6.283853366,      -5.886846852,      -7.944817006
          0,           0,        3682,      -6.524745808,      -6.536251386,      -6.727369759,      -6.291947928,       -5.91145936,      -7.944819433
          0,           0,        3683,      -6.519357554,      -6.528654056,      -6.715555359,      -6.282694028,      -5.907677072,      -7.944824061
          0,           0,        3684,      -6.487925973,      -6.498600892,      -6.693035911,      -6.272611975,      -5.877152891,      -7.944824724
          0,           0,        3685,      -6.494815123,      -6.506283143,      -6.699422576,       -6.29410596,      -5.883430632,      -7.944825169
          0,           0,        3686,      -6.539088228,      -6.552690503,      -6.732932114,      -6.304944635,      -5.925112221,      -7.944828111
          0,           0,        3687,      -6.520280866,      -6.532446272,      -6.724978306,      -6.284028228,        -5.9056636,      -7.944832248
          0,           0,        3688,      -6.502417095,      -6.509923373,      -6.709662221,      -6.278158537,      -5.889168784,      -7.944833626
          0,           0,        3689,      -6.489941449,      -6.502561757,      -6.713426882,      -6.283631835,      -5.877994176,      -7.944832374
          0,           0,        3690,       -6.53550939,      -6.547594757,      -6.731110053,       -6.31249142,      -5.923722221,      -7.944834778
          0,           0,        3691,      -6.536820897,       -6.54940518,      -6.719521354,      -6.291068124,      -5.923619104,      -7.944838332
          0,           0,        3692,      -6.502958631,      -6.516728383,      -6.700761806,      -6.284717827,      -5.889237071,      -7.944838294
          0,           0,        3693,      -6.510057836,      -6.517542794,      -6.715460078,      -6.290038264,      -5.896428618,      -7.944835821
          0,           0,        3694,      -6.524225234,      -6.540451272,       -6.73385663,      -6.293370417,      -5.910049669,       -7.94483597
          0,           0,        3695,      -6.526892723,      -6.537704365,      -6.723086029,      -6.287873812,      -5.914780002,      -7.944840152
          0,           0,        3696,      -6.496631218,      -6.508982513,      -6.694740769,        -6.2841621,      -5.885614153,      -7.944840698
          0,           0,        3697,      -6.500067447,      -6.512696116,      -6.701447254,      -6.285331576,      -5.888127091,      -7.944838397
          0,           0,        3698,      -6.517109264,      -6.525062945,      -6.724651221,      -6.284645959,      -5.904382513,      -7.944837259
          0,           0,        3699,      -6.513568317,      -6.526489308,      -6.725268776,      -6.279549686,      -5.899475453,      -7.944839045
          0,           0,        3700,      -6.494064326,      -6.504382091,      -6.710820191,      -6.277921529,      -5.881139772,      -7.944839531
          0,           0,        3701,      -6.499774828,      -6.512352281,      -6.714259468,      -6.300430423,      -5.887291429,      -7.944834898
          0,           0,        3702,      -6.533315756,      -6.546745563,      -6.737511079,      -6.295585221,      -5.919809121,      -7.944831918
          0,           0,        3703,      -6.518865726,      -6.528051871,      -6.722333802,      -6.280397387,      -5.905407111,      -7.944831596
          0,           0,        3704,      -6.516534576,      -6.527292677,      -6.710589343,      -6.296428792,      -5.902798419,      -7.944830515
          0,           0,        3705,      -6.515346661,      -6.526977352,      -6.726410172,      -6.305801231,      -5.901895742,      -7.944826796
          0,           0,        3706,      -6.544375254,      -6.560891784,      -6.747721142,      -6.319093905,      -5.930634821,      -7.944823161
          0,           0,        3707,      -6.527218487,      -6.542903658,      -6.732785228,      -6.283680067,      -5.915133303,      -7.944822842
          0,           0,        3708,       -6.50335348,      -6.514410736,      -6.704970795,      -6.288026315,      -5.891937015,      -7.944821954
          0,           0,        3709,      -6.521857027,      -6.532326359,      -6.709541429,      -6.312203289,      -5.909781634,      -7.944818939
          0,           0,        3710,       -6.53215779,      -6.545288677,      -6.729482447,      -6.309739313,      -5.918324871,      -7.944815997
          0,           0,        3711,      -6.528472025,      -6.540838737,      -6.734595714,      -6.293494802,      -5.913021599,      -7.944815108
          0,           0,        3712,       -6.48890095,      -6.500759342,      -6.712974503,      -6.272668489,      -5.875681465,       -7.94481401
          0,           0,        3713,      -6.490936759,      -6.501789102,      -6.705469295,      -6.286285923,      -5.878756698,      -7.944810186
          0,           0,        3714,       -6.51764791,      -6.525346702,      -6.716613319,       -6.31002664,      -5.906552476,         -7.944807
          0,           0,        3715,      -6.530625942,      -6.545071674,      -6.725364216,      -6.299177709,      -5.918621386,      -7.944806251
          0,           0,        3716,      -6.501967631,      -6.512459342,      -6.706616947,      -6.274482461,      -5.888230269,      -7.944805599
          0,           0,        3717,      -6.474903497,      -6.484645117,      -6.694805233,       -6.27463074,      -5.861411154,      -7.944804804
          0,           0,        3718,      -6.497044377,      -6.508705364,      -6.717866642,       -6.29288578,      -5.883017836,      -7.944804044
          0,           0,        3719,      -6.519291964,      -6.526319913,      -6.733352545,      -6.288741507,      -5.906337421,      -7.944806178
          0,           0,        3720,      -6.500502949,      -6.513123107,      -6.712088329,      -6.269975386,      -5.888824104,      -7.944808111
          0,           0,        3721,      -6.486726103,      -6.494935743,      -6.691980954,      -6.274619088,      -5.875879402,      -7.944806393
          0,           0,        3722,      -6.495652467,      -6.507297822,      -6.706937384,      -6.299609839,      -5.883833044,       -7.94480589
          0,           0,        3723,      -6.546808224,      -6.561397054,      -6.743225403,       -6.31355784,      -5.932095683,      -7.944805803
          0,           0,        3724,      -6.516924572,      -6.524768562,      -6.728116257,       -6.28213675,      -5.903503929,       -7.94480891
          0,           0,        3725,      -6.506584463,      -6.519970883,      -6.713260987,      -6.291477616,      -5.893773509,      -7.944808258
          0,           0,        3726,      -6.511273258,      -6.521866866,      -6.717326582,      -6.309833657,      -5.899854198,      -7.944805322
          0,           0,        3727,      -6.548873493,      -6.564860209,      -6.733841649,      -6.329625935,      -5.936153411,      -7.944807848
          0,           0,        3728,      -6.539020882,       -6.55335702,      -6.727787696,      -6.295245522,      -5.924582125,       -7.94481132
          0,           0,        3729,      -6.501304384,      -6.510143548,      -6.708701028,      -6.284904265,       -5.88813488,      -7.944814459
          0,           0,        3730,      -6.512379296,      -6.524462631,      -6.722194492,      -6.304443531,      -5.898861218,      -7.944814254
          0,           0,        3731,      -6.535736694,      -6.548243643,      -6.739961837,      -6.319673336,      -5.923386049,      -7.944814502
          0,           0,        3732,       -6.54466516,      -6.561574991,       -6.73124581,      -6.307407161,       -5.93229697,       -7.94481836
          0,           0,        3733,      -6.495929969,      -6.509428818,      -6.697487442,      -6.278813402,      -5.883927192,      -7.944819339
          0,           0,        3734,      -6.496986305,      -6.507631536,      -6.700279563,      -6.287693596,      -5.884268875,      -7.944820735
          0,           0,        3735,      -6.525232954,      -6.535531399,      -6.732710205,        -6.3078009,       -5.91113694,      -7.944821256
          0,           0,        3736,      -6.528288296,      -6.541185398,      -6.739034685,       -6.29685665,        -5.9145701,      -7.944822244
          0,           0,        3737,      -6.505352292,      -6.518217867,      -6.718109251,      -6.282093558,      -5.893083936,      -7.944825157
          0,           0,        3738,      -6.489829231,      -6.501361917,      -6.704479385,      -6.293300997,      -5.879128833,       -7.94482631
          0,           0,        3739,      -6.533478241,      -6.545471631,      -6.730384832,      -6.311824754,       -5.92136212,       -7.94482921
          0,           0,        3740,      -6.541036092,      -6.549495712,      -6.732459278,      -6.301308134,      -5.927224158,      -7.944831803
          0,           0,        3741,      -6.508445898,      -6.521683928,      -6.717818327,      -6.287659457,      -5.894095122,      -7.944832427
          0,           0,        3742,      -6.497168657,      -6.506659883,       -6.72107443,      -6.290278704,      -5.883003663,      -7.944833593
          0,           0,        3743,      -6.525535949,      -6.537935302,      -6.739853374,      -6.319613559,      -5.912638698,      -7.944833882
          0,           0,        3744,       -6.56240613,       -6.57766743,      -6.748328544,      -6.315276164,      -5.949425377,      -7.944837398
          0,           0,        3745,      -6.531254671,      -6.539079502,      -6.714299153,      -6.308689441,      -5.919788971,      -7.944837767
          0,           0,        3746,       -6.52410357,      -6.538151132,      -6.714373039,      -6.309318756,      -5.911709809,      -7.944836706
          0,           0,        3747,      -6.534009657,      -6.543935203,      -6.736518818,      -6.317669294,      -5.920246313,      -7.944837552
          0,           0,        3748,      -6.546680477,      -6.560746359,      -6.744772663,      -6.316811977,      -5.932613709,      -7.944839421
          0,           0,        3749,      -6.515949292,      -6.528929937,      -6.720176255,      -6.294128585,      -5.903479613,      -7.944842516
          0,           0,        3750,      -6.504584065,      -6.512593443,      -6.700714019,      -6.300064025,      -5.893506179,      -7.944841298
          0,           0,        3751,      -6.510886735,       -6.52367024,      -6.713664983,      -6.298140079,      -5.898913853,      -7.944839289
          0,           0,        3752,      -6.524793823,       -6.53566853,      -6.721240582,      -6.299458542,      -5.911453653,      -7.944839526
          0,           0,        3753,      -6.504178491,      -6.516736633,      -6.713417051,      -6.279338513,      -5.889872261,      -7.944839351
          0,           0,        3754,      -6.480543349,      -6.491488582,      -6.703262989,      -6.282828458,      -5.867085466,      -7.944838246
          0,           0,        3755,      -6.494026196,      -6.502112426,      -6.710166625,      -6.290813483,      -5.881930091,      -7.944835845
          0,           0,        3756,      -6.514784635,       -6.52669242,       -6.72789854,      -6.295069255,       -5.90301444,      -7.944834676
          0,           0,        3757,      -6.516296995,      -6.529690001,      -6.713681744,      -6.294310448,      -5.904785806,      -7.944834742
          0,           0,        3758,      -6.496345475,      -6.508839328,      -6.693417206,      -6.279599741,      -5.883856251,      -7.944833457
          0,           0,        3759,       -6.47863093,      -6.491073211,       -6.69480788,      -6.290151365,      -5.865583983,      -7.944832134
          0,           0,        3760,      -6.516054895,      -6.526548963,      -6.732261606,      -6.298718469,      -5.902551802,      -7.944830851
          0,           0,        3761,      -6.521420678,      -6.533133753,      -6.742757971,      -6.286295459,      -5.908130172,      -7.944829509
          0,           0,        3762,       -6.50607469,      -6.519594934,      -6.713728979,      -6.295425504,      -5.895056279,      -7.944827701
          0,           0,        3763,       -6.51236089,      -6.526135971,      -6.710296639,      -6.306033162,      -5.901235721,      -7.944824242
          0,           0,        3764,        -6.5281534,       -6.54566071,      -6.727592165,      -6.326419697,      -5.915151004,      -7.944823499
          0,           0,        3765,      -6.556511878,      -6.570870797,      -6.748052636,      -6.307963728,      -5.941063776,      -7.944822607
          0,           0,        3766,      -6.514713787,      -6.523652336,       -6.72944715,      -6.292961703,       -5.90035524,      -7.944820267
          0,           0,        3767,      -6.517453546,      -6.533113891,       -6.72610274,      -6.309234444,      -5.904150295,      -7.944818226
          0,           0,        3768,      -6.539101859,      -6.551914152,       -6.74193968,      -6.321343538,      -5.926817066,      -7.944817414
          0,           0,        3769,      -6.545457371,      -6.562100821,      -6.729654267,      -6.314967511,      -5.932916851,      -7.944818845
          0,           0,        3770,      -6.511240863,      -6.523383327,      -6.707695785,      -6.285190265,      -5.898469714,      -7.944818031
          0,           0,        3771,      -6.511498644,      -6.519717947,      -6.713745805,      -6.302091523,      -5.898271909,      -7.944814121
          0,           0,        3772,      -6.530504395,      -6.547267693,      -6.740706863,      -6.305206852,      -5.916489689,      -7.944815244
          0,           0,        3773,      -6.527434123,      -6.538093479,      -6.732568771,      -6.292240228,      -5.914222704,      -7.944816965
          0,           0,        3774,      -6.498400331,      -6.509800071,      -6.702346704,      -6.277922838,      -5.886829494,      -7.944816106
          0,           0,        3775,      -6.498762973,      -6.510741364,      -6.706857556,      -6.296790986,       -5.88735177,      -7.944812485
          0,           0,        3776,      -6.552365459,      -6.560514333,      -6.737070455,      -6.315471008,      -5.939103115,      -7.944812528
          0,           0,        3777,      -6.519804301,      -6.535008184,       -6.73062665,      -6.288181296,      -5.905657479,      -7.944818057
          0,           0,        3778,      -6.514233507,      -6.523529842,      -6.719008112,       -6.29288472,      -5.900515047,      -7.944819448
          0,           0,        3779,      -6.503704032,      -6.516163355,      -6.719701169,      -6.298522869,      -5.891225266,      -7.944818737
          0,           0,        3780,      -6.544050373,       -6.55872338,      -6.734428091,      -6.322664037,      -5.931597923,      -7.944817302
          0,           0,        3781,      -6.544367438,      -6.553049094,      -6.721876202,      -6.297913547,      -5.931364762,      -7.944818749
          0,           0,        3782,      -6.502916202,      -6.515316895,      -6.701543829,      -6.292065108,      -5.889573008,      -7.944822273
          0,           0,        3783,       -6.51422129,      -6.523838445,      -6.713993365,      -6.301150007,      -5.900483731,      -7.944821528
          0,           0,        3784,      -6.530372298,      -6.545895454,      -6.731967646,      -6.302412614,      -5.916438028,      -7.944821618
          0,           0,        3785,       -6.52212003,      -6.536879595,      -6.721288974,       -6.29031129,      -5.910234518,      -7.944820824
          0,           0,        3786,      -6.494471328,      -6.503728174,       -6.69277332,      -6.282455919,      -5.884046141,      -7.944820804
          0,           0,        3787,      -6.504466968,      -6.515202941,      -6.700381219,      -6.294891632,      -5.892883306,      -7.944822884
          0,           0,        3788,      -6.516551616,      -6.529152608,      -6.714684098,      -6.283799637,        -5.9032808,       -7.94482325
          0,           0,        3789,      -6.499693325,      -6.513805505,      -6.711651826,      -6.274437396,      -5.884909821,      -7.944825347
          0,           0,        3790,      -6.482319518,      -6.495717748,       -6.70447982,      -6.271902799,        -5.8690931,      -7.944824016
          0,           0,        3791,      -6.500849572,      -6.511197559,      -6.718493943,      -6.295746299,      -5.888776553,      -7.944823129
          0,           0,        3792,      -6.547068059,      -6.558093791,      -6.739606222,      -6.296393818,      -5.934205494,      -7.944823609
          0,           0,        3793,      -6.508810331,      -6.523337103,      -6.707951187,      -6.274712333,      -5.896216368,       -7.94482518
          0,           0,        3794,      -6.512019848,      -6.523953809,      -6.703979356,       -6.29180935,      -5.898709707,      -7.944825897
          0,           0,        3795,      -6.523908656,       -6.53791215,      -6.724935592,      -6.297823448,      -5.909899902,       -7.94482268
          0,           0,        3796,      -6.525443999,      -6.538079433,      -6.721767459,      -6.275288607,      -5.912060819,       -7.94482239
          0,           0,        3797,      -6.492391608,      -6.500275837,      -6.697972862,       -6.26227358,      -5.880760829,      -7.944824521
          0,           0,        3798,      -6.493480394,      -6.507831488,      -6.694515406,       -6.26848914,      -5.881923348,      -7.944826284
          0,           0,        3799,      -6.505977002,      -6.515160087,      -6.700050834,       -6.27508397,      -5.893639389,      -7.944826053
          0,           0,        3800,      -6.495974385,      -6.507812677,      -6.688989843,       -6.24957884,      -5.882633469,      -7.944823619
          0,           0,        3801,      -6.472214986,       -6.48277797,      -6.694356191,      -6.251117112,       -5.85894313,      -7.944824007
          0,           0,        3802,      -6.501925191,      -6.510247345,       -6.70646081,      -6.269661011,      -5.889249258,      -7.944823247
          0,           0,        3803,      -6.503036159,      -6.517380128,      -6.691886759,      -6.248666424,      -5.890427303,      -7.944821823
          0,           0,        3804,      -6.480418775,      -6.488605145,       -6.68673388,      -6.260390032,      -5.868847281,      -7.944820043
          0,           0,        3805,      -6.506716662,       -6.51993591,      -6.700317658,      -6.266720118,      -5.893688836,      -7.944819082
          0,           0,        3806,      -6.508158731,      -6.520819425,      -6.711774377,      -6.276973317,      -5.894371654,      -7.944818961
          0,           0,        3807,      -6.513077461,      -6.522061402,       -6.70622471,      -6.260678407,      -5.899611708,      -7.944816509
          0,           0,        3808,      -6.482831021,      -6.494808224,      -6.692544582,       -6.26476066,       -5.87043561,      -7.944815136
          0,           0,        3809,      -6.501941306,      -6.511874054,      -6.695115012,      -6.263029533,      -5.889625156,      -7.944815855
          0,           0,        3810,       -6.49272808,       -6.50546053,      -6.685506597,       -6.25945875,      -5.880146914,      -7.944816046
          0,           0,        3811,      -6.484220106,      -6.495364231,      -6.687205539,      -6.253207311,      -5.871242457,      -7.944813675
          0,           0,        3812,      -6.474393541,      -6.482233463,      -6.692749617,      -6.256990378,      -5.861807851,      -7.944809804
          0,           0,        3813,      -6.509080371,      -6.520643287,      -6.715270076,      -6.284880643,      -5.896062706,       -7.94481008
          0,           0,        3814,      -6.514145109,      -6.525664433,      -6.707325934,      -6.266170281,      -5.902282611,       -7.94481195
          0,           0,        3815,      -6.497462877,      -6.510026631,       -6.69568499,      -6.280278349,      -5.886102088,      -7.944810066
          0,           0,        3816,      -6.517221952,      -6.530473455,      -6.706544391,      -6.293522185,      -5.905284363,      -7.944808024
          0,           0,        3817,      -6.530049426,      -6.540874453,      -6.718285198,      -6.295508507,      -5.916586759,      -7.944808983
          0,           0,        3818,      -6.514514208,      -6.525358271,      -6.714067212,      -6.276310929,      -5.900000624,      -7.944813291
          0,           0,        3819,      -6.478837571,      -6.490644375,      -6.697192815,      -6.267206758,      -5.866096145,      -7.944814191
          0,           0,        3820,       -6.50063297,      -6.510960682,      -6.708218714,      -6.286150334,      -5.887765501,      -7.944811919
          0,           0,        3821,      -6.519123181,      -6.532098043,      -6.710075933,      -6.287946962,      -5.906730821,      -7.944811905
          0,           0,        3822,      -6.507901292,      -6.520619289,      -6.701597833,       -6.27548988,      -5.895057985,      -7.944814579
          0,           0,        3823,      -6.480582985,      -6.489281022,      -6.691383531,      -6.263410168,      -5.867357554,      -7.944816039
          0,           0,        3824,      -6.486217638,      -6.498672843,      -6.706057584,      -6.283183627,      -5.873189095,      -7.944815494
          0,           0,        3825,      -6.539060896,      -6.548325934,      -6.739355516,       -6.29996321,      -5.925691823,      -7.944816641
          0,           0,        3826,      -6.515539806,      -6.529534155,      -6.712895559,       -6.27975598,      -5.903840294,       -7.94481858
          0,           0,        3827,      -6.509084543,      -6.522320535,      -6.702341399,      -6.284405543,      -5.897591073,      -7.944819581
          0,           0,        3828,      -6.512808651,      -6.521967131,      -6.714328585,      -6.294872031,      -5.900862949,      -7.944819703
          0,           0,        3829,      -6.544258969,      -6.558348712,      -6.736596155,      -6.306412527,      -5.929850066,      -7.944820732
          0,           0,        3830,        -6.5251103,      -6.534361765,      -6.724931018,      -6.283395549,       -5.91085766,      -7.944822428
          0,           0,        3831,      -6.495155615,      -6.508935365,      -6.704997006,      -6.281342251,       -5.88262048,      -7.944821862
          0,           0,        3832,      -6.503791169,      -6.516146055,      -6.717398589,      -6.290077776,       -5.89203373,      -7.944820198
          0,           0,        3833,      -6.540662766,      -6.549335646,      -6.728506318,      -6.303222809,      -5.929264006,      -7.944820411
          0,           0,        3834,      -6.520889399,      -6.533114279,      -6.711401061,      -6.282043068,      -5.907856129,      -7.944823023
          0,           0,        3835,      -6.488365758,      -6.497654962,      -6.693059197,      -6.279133688,       -5.87490675,      -7.944822966
          0,           0,        3836,       -6.48858853,       -6.50171687,      -6.708356016,      -6.278969108,      -5.874461089,      -7.944821837
          0,           0,        3837,      -6.506505039,      -6.518201343,      -6.734622377,      -6.281771133,      -5.892565354,      -7.944823061
          0,           0,        3838,      -6.522293245,      -6.529602003,      -6.723501405,       -6.28418028,      -5.910296586,      -7.944825388
          0,           0,        3839,      -6.495629678,      -6.505238937,      -6.695317132,      -6.278236489,      -5.884897156,      -7.944826555
          0,           0,        3840,      -6.500825843,      -6.512057512,      -6.701789258,      -6.301497842,      -5.889806772,      -7.944824416
          0,           0,        3841,      -6.533003261,      -6.548494849,      -6.735250733,      -6.297583606,      -5.919216141,      -7.944825147
          0,           0,        3842,      -6.509858691,      -6.522991259,      -6.729057357,      -6.278045208,      -5.895778695,      -7.944827977
          0,           0,        3843,      -6.512958009,      -6.521789901,       -6.71702323,      -6.293406792,      -5.899768774,      -7.944826612
          0,           0,        3844,      -6.508651384,      -6.517765939,      -6.718852745,      -6.300973761,       -5.89658007,      -7.944823359
          0,           0,        3845,       -6.53952214,      -6.551733668,       -6.73200735,      -6.315055347,      -5.927385298,      -7.944823594
          0,           0,        3846,      -6.529779023,      -6.543222807,      -6.723962225,      -6.281689049,      -5.915857833,      -7.944827844
          0,           0,        3847,      -6.499204323,      -6.509807323,      -6.705634908,      -6.283646999,      -5.885720559,      -7.944828214
          0,           0,        3848,      -6.515862964,      -6.527111361,      -6.721502886,      -6.305147435,      -5.901886264,      -7.944825935
          0,           0,        3849,      -6.531274431,      -6.540914608,      -6.735803293,      -6.312042352,      -5.918152804,      -7.944824467
          0,           0,        3850,      -6.540689727,       -6.55529535,      -6.738650546,      -6.302355583,      -5.928976442,      -7.944827016
          0,           0,        3851,        -6.5054348,      -6.516032679,      -6.705324468,       -6.28195579,      -5.894341216,      -7.944828566
          0,           0,        3852,      -6.500517502,      -6.511678139,       -6.69249859,      -6.294571459,      -5.888825205,      -7.944827301
          0,           0,        3853,      -6.512596806,      -6.526055893,      -6.715649412,       -6.30350886,      -5.898955119,      -7.944826041
          0,           0,        3854,      -6.525896048,      -6.536346287,      -6.731839618,      -6.296426519,      -5.911203003,      -7.944826204
          0,           0,        3855,      -6.504559599,      -6.517202028,      -6.725982392,      -6.274460376,      -5.891349502,      -7.944828292
          0,           0,        3856,      -6.481125074,      -6.490886604,      -6.701186678,       -6.27889109,      -5.870188909,      -7.944828331
          0,           0,        3857,       -6.49923005,      -6.511424394,      -6.701695306,      -6.297871315,       -5.88861809,      -7.944829628
          0,           0,        3858,      -6.516569063,      -6.530478202,      -6.719876584,      -6.293975453,      -5.904360188,      -7.944831796
          0,           0,        3859,      -6.508909025,      -6.518573854,      -6.711490175,      -6.275965943,      -5.895298632,      -7.944832849
          0,           0,        3860,      -6.481038869,      -6.492310716,      -6.702434039,      -6.261094749,      -5.866644287,      -7.944833132
          0,           0,        3861,      -6.471408492,       -6.48087947,      -6.704193787,      -6.279730633,      -5.858252803,      -7.944832193
          0,           0,        3862,      -6.516993171,      -6.531222895,       -6.73193082,      -6.304385924,      -5.904167631,       -7.94483516
          0,           0,        3863,      -6.515234564,      -6.529633296,      -6.728945306,      -6.280288876,      -5.903288633,      -7.944835823
          0,           0,        3864,      -6.506881962,      -6.515497251,      -6.701204871,      -6.282525972,      -5.896022231,      -7.944833783
          0,           0,        3865,      -6.497741622,      -6.508584316,      -6.703399057,      -6.289261784,      -5.885791903,      -7.944832683
          0,           0,        3866,      -6.519322712,      -6.530498805,      -6.728848825,      -6.319236757,      -5.905994239,      -7.944834565
          0,           0,        3867,      -6.552941136,      -6.569526309,      -6.757930553,      -6.306278528,      -5.937944607,      -7.944838482
          0,           0,        3868,      -6.507595302,      -6.521440397,      -6.727910284,      -6.282871664,      -5.894663081,      -7.944838012
          0,           0,        3869,       -6.52390454,      -6.532782399,      -6.713244859,       -6.30900335,      -5.912389711,      -7.944837049
          0,           0,        3870,      -6.531432801,      -6.542298753,      -6.724983466,      -6.321494246,      -5.919641205,      -7.944839874
          0,           0,        3871,      -6.556991816,      -6.571113752,      -6.740163776,      -6.329260153,      -5.943247877,      -7.944841773
          0,           0,        3872,      -6.521789291,      -6.534213048,      -6.730049494,      -6.285033858,      -5.907191347,      -7.944841999
          0,           0,        3873,      -6.492751618,      -6.504209252,      -6.711817153,      -6.288851081,      -5.879499825,      -7.944840007
          0,           0,        3874,      -6.516178561,       -6.52693817,      -6.724061145,      -6.312495969,      -5.903920522,       -7.94484133
          0,           0,        3875,      -6.541295354,      -6.550477483,      -6.734348039,      -6.317927604,      -5.929511122,       -7.94484316
          0,           0,        3876,      -6.530445421,      -6.542366837,      -6.720088249,      -6.293988909,      -5.918178575,      -7.944841859
          0,           0,        3877,       -6.48848487,       -6.49691345,      -6.697156193,      -6.274440509,      -5.875640397,      -7.944842038
          0,           0,        3878,      -6.489169725,      -6.500035707,      -6.704168693,      -6.287240764,      -5.875595898,      -7.944843189
          0,           0,        3879,      -6.516231775,      -6.528709499,      -6.737400565,      -6.302956258,      -5.902076945,      -7.944846003
          0,           0,        3880,       -6.52548043,      -6.533693628,      -6.735665646,      -6.294857919,      -5.912658285,      -7.944845769
          0,           0,        3881,      -6.502359902,      -6.513314742,      -6.709753964,      -6.276736227,      -5.891538174,      -7.944844051
          0,           0,        3882,      -6.482794667,      -6.491295706,       -6.69251534,      -6.284827425,      -5.872485617,      -7.944845472
          0,           0,        3883,      -6.515881009,       -6.52913747,      -6.715020611,        -6.3075892,       -5.90364516,      -7.944847176
          0,           0,        3884,      -6.523123659,      -6.535132569,      -6.735545461,      -6.286008017,      -5.908944489,      -7.944846713
          0,           0,        3885,      -6.497971121,      -6.505158903,      -6.717070813,      -6.272533017,      -5.883800312,      -7.944844727
          0,           0,        3886,       -6.48352725,      -6.494360335,      -6.712571195,       -6.27446879,      -5.870850824,      -7.944844541
          0,           0,        3887,      -6.501902296,      -6.511983822,      -6.722949839,      -6.308702254,      -5.890653455,      -7.944846955
          0,           0,        3888,      -6.555399276,      -6.572330346,      -6.745498514,      -6.322524437,      -5.942650791,       -7.94484696
          0,           0,        3889,      -6.520537544,      -6.534777068,      -6.725121927,      -6.287503988,      -5.907156942,      -7.944845011
          0,           0,        3890,      -6.514359769,      -6.523241734,      -6.709846111,      -6.297976165,      -5.900706082,      -7.944844792
          0,           0,        3891,      -6.516570434,      -6.528910053,      -6.736040087,      -6.310411782,      -5.902548951,      -7.944846023
          0,           0,        3892,       -6.55467957,      -6.571154473,      -6.756278368,      -6.332910554,      -5.941079761,      -7.944846164
          0,           0,        3893,      -6.545157567,      -6.561914418,      -6.739013712,      -6.300453334,      -5.932850278,      -7.944843235
          0,           0,        3894,      -6.503111035,      -6.517564081,      -6.704974675,      -6.291375796,      -5.891615936,      -7.944840932
          0,           0,        3895,      -6.526917575,      -6.535173075,      -6.712863969,      -6.314477421,      -5.915166597,      -7.944843025
          0,           0,        3896,       -6.54395941,      -6.555279373,      -6.743934461,      -6.316680581,      -5.930078123,      -7.944844248
          0,           0,        3897,      -6.535669665,      -6.551367758,      -6.736252501,       -6.29892284,      -5.920807617,      -7.944842462
          0,           0,        3898,      -6.491182636,      -6.501731886,      -6.713248912,      -6.275326558,      -5.878417121,      -7.944839452
          0,           0,        3899,      -6.498213882,      -6.509786287,      -6.712340677,      -6.292486138,      -5.886057193,      -7.944841885
          0,           0,        3900,      -6.536964414,      -6.547164265,      -6.732019509,      -6.310416263,      -5.924765494,      -7.944845905
          0,           0,        3901,        -6.5281399,      -6.536902056,      -6.722277866,      -6.292798711,      -5.915293022,      -7.944845103
          0,           0,        3902,      -6.499630559,      -6.513244934,      -6.705784104,      -6.281218999,       -5.88615973,      -7.944843301
          0,           0,        3903,      -6.494819728,      -6.503004458,      -6.720984066,      -6.295210183,      -5.881789896,      -7.944842276
          0,           0,        3904,      -6.540884788,      -6.554877406,      -6.746024121,      -6.314788154,      -5.927178642,       -7.94484424
          0,           0,        3905,      -6.530831879,      -6.542648388,      -6.731088925,      -6.292349641,       -5.91844717,      -7.944844522
          0,           0,        3906,      -6.517159854,      -6.524359443,      -6.708353161,      -6.291670834,      -5.905571962,      -7.944842747
          0,           0,        3907,      -6.503236332,      -6.515809658,      -6.710945802,      -6.294873031,      -5.891113164,      -7.944844551
          0,           0,        3908,      -6.542093324,      -6.550569965,      -6.742676149,      -6.321273035,      -5.928492533,      -7.944844895
          0,           0,        3909,      -6.550872359,      -6.567008194,      -6.744520043,      -6.305667001,      -5.936110444,      -7.944845635
          0,           0,        3910,        -6.5112306,      -6.522353594,      -6.719601685,       -6.29405369,      -5.898851372,      -7.944844786
          0,           0,        3911,      -6.522879535,      -6.530608734,      -6.721314476,      -6.308600009,      -5.911355578,      -7.944846239
          0,           0,        3912,      -6.542298427,       -6.55718158,      -6.736572772,      -6.319465092,      -5.930177618,      -7.944849084
          0,           0,        3913,      -6.549480123,      -6.559271141,       -6.73271844,      -6.310516181,      -5.935768298,      -7.944846229
          0,           0,        3914,      -6.503726631,      -6.518039057,      -6.706467448,      -6.289131137,      -5.889247402,        -7.9448446
          0,           0,        3915,      -6.501201127,      -6.513137642,      -6.717049604,      -6.295325254,      -5.887364803,      -7.944844696
          0,           0,        3916,      -6.529365387,      -6.539264574,      -6.743486111,      -6.301470731,      -5.915600078,      -7.944846715
          0,           0,        3917,      -6.530427068,      -6.544028612,       -6.73248836,       -6.29805282,      -5.918386055,      -7.944846041
          0,           0,        3918,      -6.517271238,       -6.52810913,      -6.708846255,      -6.294290061,      -5.906527623,       -7.94484234
          0,           0,        3919,       -6.50867013,      -6.522479822,      -6.711501841,       -6.30959115,      -5.896766046,      -7.944842395
          0,           0,        3920,      -6.548827246,      -6.562527987,      -6.743874921,      -6.313802803,      -5.935081433,      -7.944842597
          0,           0,        3921,      -6.524263968,      -6.535003624,      -6.736285552,      -6.286178054,      -5.910137636,      -7.944841422
          0,           0,        3922,      -6.513252748,      -6.524769979,      -6.719920117,      -6.295616657,      -5.899940474,      -7.944837612
          0,           0,        3923,      -6.510692773,      -6.523748218,      -6.723958556,      -6.304672664,      -5.898806113,      -7.944833488
          0,           0,        3924,      -6.547278042,      -6.561427984,      -6.736605751,         -6.325785,      -5.934452348,      -7.944833342
          0,           0,        3925,      -6.542495754,      -6.555003706,      -6.729708284,      -6.294658173,      -5.928519658,      -7.944830497
          0,           0,        3926,      -6.506098786,      -6.517911901,      -6.711632021,      -6.289840117,      -5.892280982,      -7.944827719
          0,           0,        3927,      -6.516496418,       -6.52596886,      -6.721880133,       -6.30496932,      -5.902852166,      -7.944825102
          0,           0,        3928,      -6.535901534,      -6.551534125,      -6.742020718,      -6.313089251,      -5.922918941,      -7.944823195
          0,           0,        3929,      -6.540644117,      -6.552396292,      -6.730641183,      -6.302384931,      -5.928881938,      -7.944822549
          0,           0,        3930,      -6.502418646,      -6.513331925,      -6.697005728,      -6.283468845,      -5.891329834,      -7.944818158
          0,           0,        3931,       -6.50139796,      -6.513328068,      -6.698124086,      -6.295487763,      -5.888920395,      -7.944815282
          0,           0,        3932,      -6.523550189,      -6.533258413,      -6.724455311,      -6.300035083,      -5.910036844,      -7.944813997
          0,           0,        3933,      -6.521430547,      -6.535870177,      -6.733707285,      -6.285753517,      -5.907040308,      -7.944812206
          0,           0,        3934,      -6.493186764,       -6.50179669,      -6.712971175,      -6.270069992,      -5.881039849,      -7.944809493
          0,           0,        3935,      -6.492913006,      -6.504806844,      -6.708393203,      -6.291618772,      -5.881648275,      -7.944805766
          0,           0,        3936,      -6.539301297,      -6.552292502,      -6.734326336,      -6.308032084,       -5.92631251,      -7.944805807
          0,           0,        3937,      -6.529667548,      -6.539476654,      -6.726114734,      -6.286673612,      -5.915911754,      -7.944806906
          0,           0,        3938,      -6.508586104,      -6.521459632,      -6.714389923,      -6.285027803,      -5.893805085,      -7.944805144
          0,           0,        3939,      -6.503909644,      -6.512225955,        -6.7261254,      -6.290404776,      -5.890201647,      -7.944804105
          0,           0,        3940,      -6.544296424,      -6.559325476,      -6.746979394,      -6.313310497,      -5.930835506,      -7.944804119
          0,           0,        3941,       -6.53713949,      -6.551471325,      -6.727743066,      -6.289966003,      -5.925194734,      -7.944806581
          0,           0,        3942,      -6.510492964,      -6.519428258,      -6.703140323,      -6.293275396,      -5.899779366,      -7.944806251
          0,           0,        3943,      -6.523008731,      -6.535082282,      -6.717829142,      -6.300150768,      -5.910518653,      -7.944804221
          0,           0,        3944,      -6.536397052,      -6.546509933,      -6.734517687,      -6.289971177,      -5.922736017,      -7.944806049
          0,           0,        3945,      -6.505723074,      -6.518242039,      -6.717716238,      -6.273017951,      -5.891600574,      -7.944808723
          0,           0,        3946,        -6.4841384,      -6.494068192,      -6.701584685,      -6.276413063,      -5.871616419,      -7.944811191
          0,           0,        3947,      -6.513565822,      -6.523909048,      -6.722516512,      -6.291344704,      -5.900582307,      -7.944811822
          0,           0,        3948,      -6.517666047,      -6.528583474,      -6.715484439,      -6.273261949,        -5.9041759,      -7.944814198
          0,           0,        3949,      -6.504938795,      -6.517563507,      -6.707061113,      -6.277325251,      -5.891796486,      -7.944818496
          0,           0,        3950,       -6.50449161,      -6.515905711,       -6.71568666,      -6.285062564,      -5.890808505,      -7.944820541
          0,           0,        3951,      -6.532143361,      -6.543454272,      -6.726633275,      -6.296747361,      -5.919143307,      -7.944820304
          0,           0,        3952,      -6.523266668,      -6.535401669,      -6.722170317,      -6.274627614,      -5.910904406,      -7.944822213
          0,           0,        3953,      -6.504295499,      -6.514017256,      -6.702066619,      -6.281182944,      -5.892893483,      -7.944825519
          0,           0,        3954,      -6.520116412,      -6.535109169,      -6.714715126,       -6.29126037,      -5.907711586,      -7.944827822
          0,           0,        3955,      -6.525347379,      -6.537664103,      -6.715421435,      -6.281017939,      -5.911242957,      -7.944828068
          0,           0,        3956,      -6.499732875,      -6.511260448,      -6.703426239,      -6.269782551,      -5.885662697,      -7.944830685
          0,           0,        3957,      -6.487613114,      -6.500320695,      -6.705095656,      -6.272676283,      -5.874349337,      -7.944834358
          0,           0,        3958,      -6.515489616,      -6.524682762,      -6.703584509,      -6.277606269,      -5.902778638,      -7.944835697
          0,           0,        3959,      -6.504185288,      -6.516954727,      -6.702124237,      -6.272645162,      -5.892038425,      -7.944836205
          0,           0,        3960,      -6.502741653,      -6.512215708,      -6.693410656,       -6.26584326,      -5.890513717,      -7.944836244
          0,           0,        3961,      -6.487655092,      -6.499206087,      -6.697756306,      -6.270400568,      -5.875272495,      -7.944837063
          0,           0,        3962,      -6.515549115,      -6.529939368,      -6.714675626,      -6.277103356,      -5.902054732,      -7.944836171
          0,           0,        3963,      -6.511483921,      -6.521065122,      -6.706173709,      -6.263698836,      -5.898486164,      -7.944833652
          0,           0,        3964,       -6.49338365,      -6.505471762,      -6.704592434,      -6.267041845,      -5.881386756,      -7.944833562
          0,           0,        3965,      -6.508411544,      -6.519343578,      -6.700506505,       -6.26986532,      -5.895774815,      -7.944833121
          0,           0,        3966,      -6.513122776,      -6.525860004,      -6.707317205,      -6.274213466,      -5.899901084,      -7.944830831
          0,           0,        3967,      -6.490789966,      -6.503950725,       -6.69450398,      -6.251564659,       -5.87633088,      -7.944828307
          0,           0,        3968,      -6.480882757,      -6.489048483,      -6.692425635,      -6.265328685,      -5.867713006,       -7.94482488
          0,           0,        3969,      -6.506172771,      -6.516283094,       -6.70487085,      -6.251984313,      -5.893167815,      -7.944824781
          0,           0,        3970,      -6.479282476,      -6.489122855,      -6.684835968,      -6.247368224,      -5.867785234,      -7.944821989
          0,           0,        3971,      -6.481337692,      -6.491471533,      -6.688225909,      -6.249432351,      -5.870069855,      -7.944814956
          0,           0,        3972,      -6.473685915,      -6.485102437,      -6.693030475,      -6.257501465,      -5.862057371,      -7.944808242
          0,           0,        3973,      -6.513635401,       -6.52355292,      -6.716131336,       -6.27765862,      -5.900511531,      -7.944805067
          0,           0,        3974,      -6.502189617,      -6.510344753,      -6.711695809,      -6.254625887,      -5.889222406,      -7.944804952
          0,           0,        3975,      -6.487925061,       -6.50022022,      -6.704060155,      -6.272222722,      -5.875724549,      -7.944800091
          0,           0,        3976,       -6.51531932,      -6.524980134,      -6.720596164,      -6.291566732,      -5.902892862,      -7.944795227
          0,           0,        3977,      -6.531564041,      -6.543436981,      -6.717541666,      -6.290221367,      -5.918137889,       -7.94479211
          0,           0,        3978,      -6.506924446,      -6.517871862,      -6.708181534,      -6.268865552,      -5.892751252,      -7.944790765
          0,           0,        3979,      -6.475781373,      -6.482234067,      -6.691653377,      -6.260718414,      -5.862115893,      -7.944791102
          0,           0,        3980,      -6.484794354,      -6.497145213,      -6.704062765,       -6.27448256,      -5.871549735,      -7.944787731
          0,           0,        3981,      -6.521149364,      -6.530671749,      -6.729942998,       -6.29405018,      -5.908269836,      -7.944785412
          0,           0,        3982,       -6.51988691,      -6.532720952,      -6.710519774,      -6.279816917,      -5.908333223,      -7.944782216
          0,           0,        3983,      -6.484876724,      -6.497217175,      -6.689651146,      -6.268107044,      -5.873778965,      -7.944779875
          0,           0,        3984,      -6.489302056,      -6.497403201,      -6.696659389,      -6.287380256,      -5.877333777,       -7.94478012
          0,           0,        3985,      -6.533041545,      -6.548178877,      -6.735320358,      -6.299231061,      -5.918792249,      -7.944780856
          0,           0,        3986,      -6.526920314,      -6.536829035,       -6.73331823,      -6.289381038,       -5.91294484,      -7.944781054
          0,           0,        3987,      -6.503631369,      -6.517226055,      -6.707301237,      -6.281656091,      -5.890806511,      -7.944778903
          0,           0,        3988,      -6.493970685,      -6.507722915,      -6.710802634,      -6.287647024,      -5.882246765,      -7.944779676
          0,           0,        3989,      -6.539318639,      -6.548633527,       -6.72823189,      -6.314412944,      -5.927171537,      -7.944783107
          0,           0,        3990,      -6.540648918,      -6.555771701,      -6.726482923,      -6.294077128,      -5.926268694,      -7.944785505
          0,           0,        3991,      -6.510022913,      -6.519649598,      -6.708492431,      -6.291878535,       -5.89626768,      -7.944784211
          0,           0,        3992,       -6.50464089,      -6.518950222,        -6.7157116,      -6.291510478,      -5.890720902,      -7.944782184
          0,           0,        3993,      -6.521874422,      -6.538795797,      -6.733255971,      -6.298120303,       -5.90844085,      -7.944785161
          0,           0,        3994,      -6.537252738,      -6.547762933,      -6.723849486,      -6.295611454,      -5.925221694,      -7.944788502
          0,           0,        3995,      -6.502034417,      -6.513707782,      -6.697571983,      -6.282572797,      -5.890468328,      -7.944789483
          0,           0,        3996,      -6.497016518,      -6.507746188,      -6.695306337,      -6.284149042,      -5.885018478,      -7.944789152
          0,           0,        3997,      -6.502986202,      -6.516145311,      -6.719354176,      -6.285033465,      -5.889583337,       -7.94479206
          0,           0,        3998,      -6.515104573,       -6.53085452,      -6.729531718,      -6.282285656,      -5.900906447,      -7.944796231
          0,           0,        3999,      -6.495821429,      -6.504563066,      -6.708617687,       -6.27089736,      -5.883474515,      -7.944796481
          0,           0,        4000,      -6.485346573,       -6.49448219,        -6.6980199,       -6.28567542,      -5.874225694,      -7.944796549
          0,           0,        4001,      -6.506666645,      -6.519537078,      -6.716981913,      -6.287663544,      -5.894638873,      -7.944798597
          0,           0,        4002,      -6.517907166,      -6.528395607,        -6.7297578,      -6.279722974,       -5.90428383,      -7.944801208
          0,           0,        4003,      -6.501098688,      -6.513374563,      -6.709418133,      -6.275026335,      -5.886824693,      -7.944800613
          0,           0,        4004,      -6.489908595,      -6.499602617,       -6.70861597,      -6.281200854,      -5.876342686,      -7.944799939
          0,           0,        4005,      -6.519220977,      -6.527836093,      -6.735665081,      -6.313150388,      -5.906766597,      -7.944804262
          0,           0,        4006,      -6.550254551,      -6.566321216,      -6.752994452,       -6.30030624,      -5.937611574,      -7.944807318
          0,           0,        4007,      -6.522246429,      -6.530672092,       -6.72370763,      -6.291154016,      -5.910615302,      -7.944806997
          0,           0,        4008,       -6.52897152,      -6.542233484,       -6.71172419,      -6.314306412,      -5.916471591,      -7.944806343
          0,           0,        4009,      -6.528600432,      -6.540124745,      -6.731758376,      -6.313737962,      -5.914619293,      -7.944809184
          0,           0,        4010,      -6.554866395,      -6.563344135,       -6.75224159,      -6.319220014,      -5.939977946,      -7.944812686
          0,           0,        4011,      -6.519847495,      -6.532761219,       -6.73522033,      -6.284656843,      -5.906755204,      -7.944810628
          0,           0,        4012,      -6.506658317,      -6.514106792,       -6.71168093,      -6.296719189,      -5.895309914,      -7.944808041
          0,           0,        4013,      -6.520488552,      -6.533443864,      -6.713055975,        -6.3154122,      -5.909134221,      -7.944808595
          0,           0,        4014,      -6.534178107,      -6.546572385,      -6.723577699,      -6.311310933,      -5.921452039,       -7.94481158
          0,           0,        4015,      -6.527291493,      -6.535000893,       -6.72446314,      -6.291360728,      -5.913193739,      -7.944811078
          0,           0,        4016,      -6.487083133,      -6.498163301,      -6.710307754,      -6.276610972,      -5.873223276,      -7.944808942
          0,           0,        4017,      -6.496045156,       -6.50343186,      -6.710898032,      -6.295385862,       -5.88342375,      -7.944810276
          0,           0,        4018,      -6.512300054,      -6.525853832,       -6.72552919,      -6.302355875,      -5.900073119,      -7.944813598
          0,           0,        4019,      -6.521148086,      -6.535395636,      -6.720644516,      -6.292214411,      -5.909366076,      -7.944813807
          0,           0,        4020,      -6.502683871,      -6.510512424,      -6.701605282,      -6.275050735,       -5.89131481,      -7.944811344
          0,           0,        4021,      -6.477374957,       -6.48796619,      -6.691836343,      -6.278814116,      -5.864789517,      -7.944811019
          0,           0,        4022,      -6.503272088,      -6.512197611,      -6.715012414,      -6.299895093,      -5.890027175,      -7.944813261
          0,           0,        4023,       -6.50882087,      -6.522189484,      -6.734994538,      -6.283541291,      -5.894750769,      -7.944812338
          0,           0,        4024,      -6.495310917,      -6.509426053,      -6.711659573,      -6.273899031,      -5.882690832,      -7.944810363
          0,           0,        4025,      -6.487937827,      -6.495285862,      -6.694332633,      -6.271810205,      -5.877331832,      -7.944810543
          0,           0,        4026,       -6.48548457,      -6.495946227,      -6.695171516,      -6.293431642,      -5.874497281,      -7.944812797
          0,           0,        4027,      -6.532494414,      -6.544868054,      -6.728432441,      -6.308626425,      -5.920052269,      -7.944813506
          0,           0,        4028,      -6.512774752,      -6.524795697,      -6.730763998,      -6.272494913,      -5.898879328,       -7.94481337
          0,           0,        4029,      -6.491820131,      -6.505150189,      -6.706386359,       -6.27614565,      -5.878457351,      -7.944814153
          0,           0,        4030,      -6.495268198,      -6.504534897,      -6.717050374,      -6.289230759,      -5.883175761,      -7.944816348
          0,           0,        4031,      -6.530791666,      -6.542455811,      -6.734744909,      -6.323864499,      -5.918553522,      -7.944815105
          0,           0,        4032,      -6.552861332,      -6.567760819,      -6.743520131,      -6.298361944,      -5.939270883,      -7.944814219
          0,           0,        4033,      -6.507837182,      -6.517574802,      -6.717672438,      -6.280970497,      -5.894013832,      -7.944814387
          0,           0,        4034,      -6.513839575,      -6.528203281,      -6.712063396,      -6.303999025,       -5.89967009,      -7.944818196
          0,           0,        4035,      -6.531647431,      -6.543505176,      -6.744934746,      -6.316092103,       -5.91784592,      -7.944819579
          0,           0,        4036,      -6.559760732,      -6.571717208,      -6.752318605,      -6.321281722,      -5.947192861,      -7.944816167
          0,           0,        4037,      -6.515443283,      -6.527750032,      -6.720718849,      -6.282763697,      -5.904816446,      -7.944817326
          0,           0,        4038,      -6.503570533,      -6.511624637,      -6.702903053,       -6.29444121,      -5.892451616,      -7.944821724
          0,           0,        4039,      -6.520945198,        -6.5353526,      -6.715295635,      -6.313215666,      -5.908251131,      -7.944825947
          0,           0,        4040,      -6.536142139,      -6.547849728,      -6.740606268,      -6.303859601,      -5.921161812,      -7.944825125
          0,           0,        4041,      -6.512407572,        -6.5219492,      -6.726146455,        -6.2810236,      -5.897631396,      -7.944821984
          0,           0,        4042,      -6.482680968,      -6.492054119,      -6.708646605,      -6.278014753,      -5.870419313,      -7.944824876
          0,           0,        4043,      -6.509465984,      -6.517524361,      -6.718686109,      -6.304274087,      -5.897922073,        -7.9448275
          0,           0,        4044,      -6.528067783,        -6.5435685,      -6.728951032,      -6.300363887,      -5.916181289,      -7.944827396
          0,           0,        4045,       -6.51139007,      -6.523238414,      -6.713700769,      -6.281255581,      -5.898719435,       -7.94482581
          0,           0,        4046,      -6.489387757,      -6.498285775,      -6.700920635,      -6.274715209,      -5.876243386,      -7.944826571
          0,           0,        4047,      -6.489408652,      -6.499114812,      -6.717942773,      -6.294668533,      -5.876061812,      -7.944830748
          0,           0,        4048,      -6.544139711,      -6.554052701,      -6.748126463,      -6.318505444,      -5.930558089,      -7.944830389
          0,           0,        4049,       -6.51959377,      -6.534246207,      -6.729174877,      -6.284127687,      -5.906916125,      -7.944830848
          0,           0,        4050,      -6.506216596,       -6.51956833,      -6.702061399,      -6.289782301,       -5.89427588,      -7.944833193
          0,           0,        4051,      -6.507824657,      -6.516977465,       -6.70975729,      -6.301430837,      -5.896240056,      -7.944835035
          0,           0,        4052,      -6.541837778,      -6.553362649,      -6.738043779,      -6.329296242,      -5.928398831,      -7.944834573
          0,           0,        4053,       -6.55580113,      -6.568091139,      -6.750076682,      -6.308060651,      -5.941832703,      -7.944831632
          0,           0,        4054,      -6.509440593,      -6.520632894,       -6.72279067,      -6.289410628,      -5.896815872,      -7.944833987
          0,           0,        4055,      -6.515747831,      -6.528506506,      -6.709774442,      -6.309808443,       -5.90380848,      -7.944836126
          0,           0,        4056,      -6.535878038,      -6.547896074,      -6.729478486,      -6.321963722,      -5.923835321,      -7.944834494
          0,           0,        4057,      -6.553157024,      -6.565959113,      -6.734397752,      -6.319408547,      -5.938785651,      -7.944832681
          0,           0,        4058,      -6.508279556,      -6.520710218,      -6.715577966,      -6.284046738,      -5.894432458,      -7.944832448
          0,           0,        4059,      -6.493517568,      -6.503595886,      -6.712203232,       -6.28630619,      -5.880009499,      -7.944836071
          0,           0,        4060,      -6.510642778,      -6.523156427,      -6.721841651,      -6.307242931,      -5.897856296,      -7.944835787
          0,           0,        4061,      -6.536997633,      -6.549950457,      -6.740924299,      -6.312449072,      -5.925217834,      -7.944831868
          0,           0,        4062,      -6.527200025,      -6.539034727,      -6.717823868,      -6.295783055,      -5.915734007,      -7.944830941
          0,           0,        4063,      -6.487429041,       -6.49888889,      -6.694642538,      -6.280132211,      -5.875798309,       -7.94483124
          0,           0,        4064,      -6.495994239,      -6.505187593,      -6.705634128,      -6.289466823,       -5.88272502,      -7.944831638
          0,           0,        4065,      -6.513227423,      -6.527294345,        -6.7258859,      -6.302784754,      -5.898789371,      -7.944827846
          0,           0,        4066,       -6.51775179,      -6.528714424,      -6.738859226,      -6.290997573,      -5.903986979,      -7.944825325
          0,           0,        4067,      -6.499480273,      -6.509969366,      -6.713181235,      -6.277593803,      -5.887939095,      -7.944826518
          0,           0,        4068,      -6.476541754,      -6.486051792,      -6.694609942,      -6.279652917,      -5.866826009,      -7.944825734
          0,           0,        4069,      -6.504763165,      -6.513854873,      -6.706221277,      -6.298141459,      -5.893871634,      -7.944824735
          0,           0,        4070,      -6.517891789,      -6.533311341,      -6.718434589,      -6.295579546,      -5.904705985,      -7.944823081
          0,           0,        4071,      -6.499521455,      -6.510479155,      -6.717475831,      -6.276202829,      -5.885260003,      -7.944823619
          0,           0,        4072,      -6.479968504,      -6.490127094,      -6.703193445,       -6.26823437,       -5.86608834,      -7.944823496
          0,           0,        4073,      -6.478349787,      -6.486200247,      -6.710579585,      -6.287037593,      -5.866305716,      -7.944820683
          0,           0,        4074,      -6.532625141,      -6.542711096,      -6.737412867,      -6.313456668,      -5.920572466,      -7.944820029
          0,           0,        4075,      -6.520968293,      -6.536273975,      -6.720476809,      -6.286244274,      -5.908865849,      -7.944820861
          0,           0,        4076,      -6.502706174,      -6.514035764,      -6.703082817,      -6.286567342,       -5.89059355,      -7.944820673
          0,           0,        4077,      -6.496960633,      -6.508210377,      -6.711781752,      -6.293584983,      -5.883999445,      -7.944819406
          0,           0,        4078,      -6.537344604,      -6.544564931,      -6.744588477,      -6.325642933,      -5.924100574,      -7.944818768
          0,           0,        4079,      -6.560737465,      -6.574117728,      -6.750439653,      -6.314747205,      -5.947234971,      -7.944821758
          0,           0,        4080,      -6.512474994,      -6.524516139,      -6.715380279,      -6.293832579,      -5.900580801,      -7.944823181
          0,           0,        4081,      -6.521461282,      -6.532844072,      -6.712799315,      -6.308563118,      -5.909350581,      -7.944821764
          0,           0,        4082,      -6.536152981,       -6.55050774,      -6.736078552,      -6.318628488,      -5.922905268,      -7.944821113
          0,           0,        4083,      -6.553632149,      -6.561987259,      -6.740206529,      -6.315448741,      -5.939318973,      -7.944822371
          0,           0,        4084,      -6.507062449,      -6.519874709,      -6.718234734,      -6.288062013,      -5.893885455,      -7.944824768
          0,           0,        4085,       -6.50342084,      -6.513163705,      -6.716763848,       -6.29632693,      -5.891130795,      -7.944823752
          0,           0,        4086,      -6.531243729,      -6.543756016,      -6.731751067,      -6.311276201,      -5.918822412,      -7.944821933
          0,           0,        4087,      -6.529696459,      -6.544026318,      -6.727894358,      -6.298130967,      -5.916730198,      -7.944824693
          0,           0,        4088,      -6.512698207,      -6.521497251,      -6.708726439,      -6.287563908,      -5.899276508,      -7.944827488
          0,           0,        4089,      -6.493109751,      -6.504906068,      -6.714542196,      -6.291585232,      -5.879799118,      -7.944827956
          0,           0,        4090,      -6.537054892,      -6.548832832,      -6.748767568,      -6.307654287,      -5.923280328,      -7.944827033
          0,           0,        4091,      -6.529736091,      -6.544135194,      -6.734910105,      -6.293295881,      -5.916865788,      -7.944827981
          0,           0,        4092,      -6.518599181,      -6.531351834,       -6.71493104,      -6.295636789,        -5.9071054,      -7.944832415
          0,           0,        4093,      -6.510891523,      -6.520985707,      -6.711873615,      -6.300202622,      -5.899577635,      -7.944833296
          0,           0,        4094,      -6.541698599,      -6.553788656,      -6.737851033,      -6.320947916,      -5.928508402,       -7.94483169
          0,           0,        4095,      -6.554038911,      -6.566756079,      -6.747395499,       -6.30284963,      -5.938980443,      -7.944832208
          0,           0,        4096,      -6.510349256,      -6.525466976,      -6.718841236,      -6.294431125,      -5.896618474,      -7.944835331
          0,           0,        4097,      -6.511516325,      -6.526477672,       -6.72095978,      -6.300717888,       -5.89855009,      -7.944839243
          0,           0,        4098,      -6.535113671,      -6.547539679,      -6.733726133,      -6.312267784,       -5.92314789,      -7.944839562
          0,           0,        4099,      -6.544999342,      -6.555402837,      -6.731179331,      -6.304845821,      -5.932514778,      -7.944840273
          0,           0,        4100,      -6.509334083,      -6.519695797,      -6.706177975,      -6.287537862,      -5.896343702,      -7.944841141
          0,           0,        4101,      -6.498074829,      -6.512430438,      -6.704969328,      -6.293502831,      -5.884390092,       -7.94484076
          0,           0,        4102,      -6.512581996,      -6.526934243,       -6.73032209,      -6.295848443,      -5.898745968,      -7.944842525
          0,           0,        4103,      -6.525504773,      -6.538369969,      -6.734264578,      -6.293016743,      -5.912173551,      -7.944842486
          0,           0,        4104,      -6.509670215,      -6.516659841,      -6.709506138,      -6.281914707,      -5.898429815,      -7.944844155
          0,           0,        4105,      -6.497592107,      -6.510016441,      -6.702052924,      -6.297087829,      -5.886527155,      -7.944842101
          0,           0,        4106,      -6.528365799,       -6.54382408,      -6.728309828,      -6.307006359,      -5.915011194,      -7.944839927
          0,           0,        4107,      -6.521905332,      -6.534779342,      -6.731530505,      -6.288822287,      -5.908174002,      -7.944843297
          0,           0,        4108,      -6.508664377,      -6.521818184,      -6.721278187,      -6.290656307,      -5.895027508,      -7.944845319
          0,           0,        4109,      -6.513329768,      -6.519997908,      -6.719842076,      -6.303394925,      -5.901275425,      -7.944845154
          0,           0,        4110,      -6.542088053,      -6.557254844,      -6.735986979,      -6.327438504,      -5.929573109,      -7.944840694
          0,           0,        4111,      -6.549119537,      -6.562492347,       -6.73204881,      -6.302168765,       -5.93465562,      -7.944839019
          0,           0,        4112,      -6.505576316,      -6.518647032,      -6.707773775,      -6.289929671,      -5.891598101,      -7.944842181
          0,           0,        4113,      -6.511983159,      -6.525633248,      -6.718851736,      -6.300516862,      -5.897681054,      -7.944841137
          0,           0,        4114,      -6.536756033,      -6.545809609,      -6.737575306,      -6.316342661,       -5.92360377,      -7.944837547
          0,           0,        4115,      -6.546210127,      -6.561049793,      -6.739254084,      -6.308295157,       -5.93431574,      -7.944833477
          0,           0,        4116,      -6.505347312,      -6.515771484,      -6.702015159,      -6.284130019,      -5.894658791,      -7.944834685
          0,           0,        4117,      -6.499365228,      -6.511767553,      -6.692288751,      -6.293541661,      -5.887934532,      -7.944836325
          0,           0,        4118,      -6.513463414,      -6.525858545,      -6.715171662,      -6.294867571,      -5.900034668,      -7.944834584
          0,           0,        4119,      -6.519406564,      -6.527340321,      -6.723324798,      -6.285056476,      -5.904711979,      -7.944832861
          0,           0,        4120,      -6.486168483,      -6.495881582,      -6.711658404,      -6.262823736,      -5.872576632,      -7.944830847
          0,           0,        4121,      -6.474203657,      -6.484215861,      -6.699942915,      -6.277531715,      -5.862471278,      -7.944831094
          0,           0,        4122,      -6.506515613,       -6.52021908,      -6.714486422,       -6.29366888,      -5.894845785,      -7.944829202
          0,           0,        4123,      -6.523567073,      -6.537813245,      -6.725474741,      -6.290082355,      -5.911080723,      -7.944827787
          0,           0,        4124,      -6.504576055,       -6.51335075,      -6.704717224,       -6.27546564,      -5.891736111,      -7.944829079
          0,           0,        4125,      -6.481142127,      -6.490105976,      -6.698811379,      -6.267990532,      -5.867801003,      -7.944829005
          0,           0,        4126,      -6.500108534,      -6.511664757,      -6.724741838,       -6.29951585,      -5.886895198,      -7.944828682
          0,           0,        4127,      -6.549954477,      -6.567211885,       -6.74898202,      -6.301262102,      -5.936125827,       -7.94482803
          0,           0,        4128,      -6.509565667,      -6.524861263,      -6.714106492,      -6.283828231,      -5.897844453,      -7.944830762
          0,           0,        4129,      -6.524115793,      -6.535133151,      -6.708586716,      -6.299583027,      -5.912522558,      -7.944833155
          0,           0,        4130,      -6.532124163,      -6.541363213,      -6.730766942,      -6.301404015,      -5.919276624,      -7.944831474
          0,           0,        4131,      -6.537410372,      -6.552353921,      -6.734496447,      -6.297723882,      -5.923057432,      -7.944829374
          0,           0,        4132,      -6.502630311,      -6.516786697,      -6.714376606,      -6.276566199,      -5.889138248,      -7.944829936
          0,           0,        4133,      -6.499799969,      -6.512902781,      -6.708655478,      -6.291870627,      -5.887194221,      -7.944833375
          0,           0,        4134,       -6.52275098,      -6.535791528,      -6.720084858,      -6.285083198,      -5.909582038,      -7.944832721
          0,           0,        4135,       -6.50878305,      -6.516363781,      -6.701906569,      -6.265724696,      -5.895715841,      -7.944829574
          0,           0,        4136,      -6.482439442,      -6.494969885,      -6.695890785,      -6.264824386,      -5.869163598,      -7.944830963
          0,           0,        4137,      -6.498849232,      -6.510106745,      -6.710916037,      -6.283815345,      -5.885564453,      -7.944834676
          0,           0,        4138,      -6.523707938,       -6.53723246,      -6.717557622,       -6.27712542,      -5.910756768,       -7.94483667
          0,           0,        4139,       -6.49457975,      -6.507467294,      -6.703664616,      -6.266538734,      -5.882674611,      -7.944834598
          0,           0,        4140,      -6.528881897,      -6.537141471,      -6.715108043,      -6.294164091,      -5.916856751,      -7.944833342
          0,           0,        4141,       -6.52545094,      -6.539181996,      -6.719956793,       -6.28770557,      -5.912092954,      -7.944835412
          0,           0,        4142,      -6.512459874,      -6.522891189,      -6.705150022,      -6.266854934,      -5.897600371,      -7.944835852
          0,           0,        4143,      -6.476627976,      -6.488305891,      -6.696536977,      -6.257551204,      -5.862871586,      -7.944834483
          0,           0,        4144,      -6.496696735,      -6.507696244,      -6.698897403,      -6.261297317,      -5.883546602,       -7.94483453
          0,           0,        4145,      -6.504358282,      -6.512171812,      -6.696712575,      -6.271918101,       -5.89241348,      -7.944835248
          0,           0,        4146,      -6.501077218,      -6.511801049,       -6.69002663,      -6.251677363,      -5.889432999,      -7.944835801
          0,           0,        4147,      -6.483445567,      -6.493679828,      -6.693057665,      -6.259089801,       -5.87124884,      -7.944834766
          0,           0,        4148,      -6.501061732,      -6.515097895,         -6.703329,      -6.264330876,      -5.887485487,      -7.944834986
          0,           0,        4149,      -6.500948886,      -6.512833187,      -6.700496873,      -6.250215909,      -5.887201781,      -7.944835128
          0,           0,        4150,      -6.486432837,      -6.493939344,       -6.70033525,      -6.261760914,      -5.873904808,      -7.944833178
          0,           0,        4151,      -6.512923813,       -6.52207369,      -6.709345298,      -6.266545149,      -5.899697281,      -7.944829939
          0,           0,        4152,       -6.51436911,      -6.527063825,      -6.706722293,      -6.273548156,      -5.901069949,      -7.944827807
          0,           0,        4153,      -6.496490633,       -6.51026132,      -6.695598771,      -6.254338606,      -5.882314835,      -7.944828392
          0,           0,        4154,      -6.482257146,      -6.494597651,       -6.69407478,      -6.268621118,      -5.869156446,      -7.944827167
          0,           0,        4155,       -6.51330513,      -6.522368437,      -6.705079973,      -6.261387579,      -5.900698389,      -7.944823858
          0,           0,        4156,      -6.490486718,       -6.49712068,      -6.692893329,      -6.254877499,      -5.878901863,      -7.944821766
          0,           0,        4157,       -6.48554137,      -6.498395861,      -6.689254875,      -6.256554455,      -5.874301902,      -7.944823397
          0,           0,        4158,        -6.4838173,      -6.494509566,      -6.696639673,      -6.266219064,       -5.87206192,      -7.944824239
          0,           0,        4159,      -6.511521987,      -6.525117904,       -6.71305671,      -6.285293857,      -5.897834157,      -7.944822321
          0,           0,        4160,      -6.505636867,      -6.517185519,       -6.71173056,      -6.258421142,      -5.891830594,       -7.94481969
          0,           0,        4161,      -6.488739299,      -6.495903165,      -6.703046347,       -6.26947028,      -5.876393429,      -7.944819305
          0,           0,        4162,      -6.498023409,      -6.512415797,      -6.708450902,      -6.284069972,      -5.886056473,      -7.944819182
          0,           0,        4163,       -6.53227609,      -6.543359041,      -6.718386542,      -6.297714231,      -5.919952249,      -7.944817151
          0,           0,        4164,      -6.519034584,      -6.532351482,      -6.707535516,      -6.278391352,      -5.905429955,       -7.94481603
          0,           0,        4165,       -6.47582095,      -6.487807637,      -6.686838748,      -6.256844987,      -5.861923504,      -7.944817183
          0,           0,        4166,      -6.484414443,      -6.491147327,      -6.697368692,      -6.271890974,      -5.870988769,      -7.944818786
          0,           0,        4167,         -6.509564,      -6.524625023,      -6.721618042,        -6.2882789,      -5.896139541,      -7.944818737
          0,           0,        4168,      -6.518356839,      -6.528545433,      -6.709352338,      -6.274660289,      -5.906752139,      -7.944818509
          0,           0,        4169,      -6.483762829,      -6.496055219,      -6.685227677,      -6.266182459,      -5.872666048,      -7.944820602
          0,           0,        4170,      -6.486911443,      -6.497717331,       -6.69681519,      -6.280262161,      -5.875237304,      -7.944822183
          0,           0,        4171,      -6.537520178,      -6.546318917,      -6.731917125,      -6.296652592,      -5.923771873,      -7.944821861
          0,           0,        4172,      -6.522074188,      -6.535763021,      -6.731312635,      -6.287681118,      -5.907927656,      -7.944821675
          0,           0,        4173,      -6.511350111,       -6.52115684,      -6.713701875,      -6.286789311,       -5.89834265,      -7.944823997
          0,           0,        4174,      -6.500675278,      -6.514327878,      -6.712793578,       -6.29107401,      -5.888330876,      -7.944826106
          0,           0,        4175,      -6.538900348,      -6.551488314,      -6.729548556,      -6.311212981,      -5.926090885,      -7.944826407
          0,           0,        4176,      -6.536087237,      -6.546884178,      -6.719157383,      -6.290638609,      -5.921931981,      -7.944828937
          0,           0,        4177,      -6.509388714,      -6.519965343,      -6.707404093,      -6.292127678,      -5.895668811,      -7.944832747
          0,           0,        4178,      -6.506419664,      -6.517126452,      -6.718470257,      -6.290566859,      -5.893036841,      -7.944836158
          0,           0,        4179,      -6.525127656,      -6.540623047,      -6.733870594,      -6.297729963,      -5.911935186,      -7.944836242
          0,           0,        4180,      -6.526758525,       -6.54039161,      -6.721490246,      -6.289567677,      -5.915039898,      -7.944835068
          0,           0,        4181,      -6.497977571,      -6.507638415,      -6.693594952,      -6.281549391,      -5.886566326,      -7.944838695
          0,           0,        4182,      -6.499110068,      -6.507642088,      -6.698742823,      -6.284880569,      -5.886418569,      -7.944841403
          0,           0,        4183,      -6.504569849,      -6.517543516,       -6.72370408,      -6.281693717,      -5.890638651,      -7.944841408
          0,           0,        4184,       -6.51255255,      -6.526273587,      -6.730598277,      -6.276385967,      -5.897630982,       -7.94483951
          0,           0,        4185,      -6.490048844,      -6.501671066,      -6.708032686,      -6.270877799,      -5.877661508,      -7.944841043
          0,           0,        4186,      -6.490972794,      -6.501290209,      -6.704425271,      -6.291713203,      -5.880134721,       -7.94484511
          0,           0,        4187,      -6.527986087,      -6.535844193,      -6.728206982,      -6.295475188,      -5.916196919,      -7.944847355
          0,           0,        4188,      -6.515010578,      -6.529837698,      -6.724220745,      -6.275899428,      -5.901667479,      -7.944848011
          0,           0,        4189,      -6.506115208,      -6.517384805,      -6.710526099,      -6.283949463,      -5.891841073,      -7.944848975
          0,           0,        4190,      -6.497588247,      -6.510870765,      -6.716736139,      -6.292527271,      -5.883538053,      -7.944850822
          0,           0,        4191,      -6.532925099,      -6.545662337,      -6.743012801,      -6.314539699,      -5.919561816,      -7.944851243
          0,           0,        4192,      -6.544094127,      -6.553881196,      -6.735806301,      -6.288539613,      -5.931843303,      -7.944850704
          0,           0,        4193,      -6.503610821,       -6.51788103,      -6.706039534,       -6.28419041,      -5.892072207,      -7.944850901
          0,           0,        4194,      -6.524340582,      -6.536018432,      -6.710531862,      -6.312005715,      -5.912150262,      -7.944851228
          0,           0,        4195,      -6.537582236,      -6.553547541,      -6.734468725,       -6.31599035,      -5.923668454,      -7.944849516
          0,           0,        4196,      -6.539491116,      -6.554839908,      -6.741548153,      -6.301675937,      -5.924876448,      -7.944848433
          0,           0,        4197,      -6.502040669,      -6.510872155,      -6.712750116,      -6.277650628,      -5.889837256,      -7.944849713
          0,           0,        4198,      -6.499133997,      -6.512009764,      -6.707690698,      -6.291927788,      -5.887248996,      -7.944851277
          0,           0,        4199,      -6.533324167,      -6.544951355,      -6.724908885,      -6.313207959,      -5.921146041,      -7.944849675
          0,           0,        4200,       -6.52564205,      -6.541243728,      -6.719772851,      -6.292659726,      -5.911792637,      -7.944846048
          0,           0,        4201,      -6.496880607,      -6.508639431,       -6.70860893,      -6.276720655,      -5.882936291,      -7.944843817
          0,           0,        4202,      -6.492074078,      -6.500500672,      -6.717342581,      -6.289665109,      -5.879130871,      -7.944844179
          0,           0,        4203,      -6.535867177,      -6.548467625,      -6.744157602,      -6.310348692,      -5.922616266,      -7.944842467
          0,           0,        4204,      -6.533528615,      -6.546548161,      -6.728909417,      -6.296814645,      -5.921516945,      -7.944838321
          0,           0,        4205,      -6.515788376,      -6.529787572,      -6.706299198,      -6.291009184,      -5.903448512,      -7.944835285
          0,           0,        4206,      -6.503315281,      -6.515230831,      -6.711107158,      -6.295069563,      -5.890539745,      -7.944834343
          0,           0,        4207,      -6.537814264,      -6.548693391,      -6.741746433,      -6.316867714,      -5.923463413,      -7.944833371
          0,           0,        4208,      -6.554819512,      -6.565254919,      -6.750151069,      -6.306838761,      -5.940316629,      -7.944830046
          0,           0,        4209,       -6.51351527,      -6.526507141,      -6.721088742,      -6.296216079,      -5.901805331,      -7.944827613
          0,           0,        4210,      -6.518409351,      -6.530937673,      -6.715161988,      -6.306199706,      -5.907165201,       -7.94482563
          0,           0,        4211,       -6.53413292,      -6.546722763,      -6.723990774,      -6.317749929,      -5.922608961,      -7.944822205
          0,           0,        4212,      -6.545782917,       -6.55910126,      -6.733216657,      -6.309316609,      -5.931151127,      -7.944817859
          0,           0,        4213,      -6.510991501,      -6.518845567,      -6.713521571,      -6.290483304,      -5.896274916,      -7.944815066
          0,           0,        4214,      -6.491123014,      -6.503131573,      -6.711714742,      -6.286080203,      -5.877412013,       -7.94481423
          0,           0,        4215,      -6.505136688,      -6.515769832,      -6.726045697,      -6.295483472,      -5.892034613,      -7.944811172
          0,           0,        4216,      -6.529134664,      -6.542465329,      -6.728828549,      -6.305600789,      -5.917615057,      -7.944806814
          0,           0,        4217,      -6.515874839,      -6.528469136,      -6.708469891,      -6.288703999,       -5.90438298,      -7.944804747
          0,           0,        4218,      -6.489834747,      -6.497482915,      -6.689528304,      -6.287389174,      -5.877934991,       -7.94480543
          0,           0,        4219,      -6.490522282,      -6.502825209,       -6.70693367,        -6.2838536,      -5.877101714,      -7.944806425
          0,           0,        4220,      -6.507709452,      -6.518119575,      -6.731511133,      -6.288993587,      -5.893653299,      -7.944803897
          0,           0,        4221,      -6.506809258,      -6.519314849,      -6.723902579,      -6.285680782,      -5.893798484,      -7.944801496
          0,           0,        4222,      -6.494596728,      -6.505732276,      -6.699424354,      -6.275508058,      -5.883379547,      -7.944801046
          0,           0,        4223,      -6.478848066,      -6.486527445,      -6.686985941,      -6.283062467,       -5.86864126,      -7.944803395
          0,           0,        4224,      -6.508064997,      -6.520590934,      -6.714436897,      -6.289412309,      -5.895730212,       -7.94480264
          0,           0,        4225,      -6.514710365,      -6.525872662,       -6.72438646,      -6.280422359,      -5.901091986,      -7.944801582
          0,           0,        4226,      -6.493156567,       -6.50590714,       -6.71251196,      -6.281019139,       -5.87940219,      -7.944803202
          0,           0,        4227,      -6.497938477,      -6.510333631,      -6.718777405,      -6.291217169,      -5.884823977,      -7.944804793
          0,           0,        4228,      -6.528558616,      -6.538727937,      -6.737063472,      -6.318508204,      -5.916561066,      -7.944806309
          0,           0,        4229,      -6.558596015,      -6.572765857,      -6.740580237,      -6.309009293,      -5.945028639,      -7.944808488
          0,           0,        4230,      -6.522051716,      -6.534942397,      -6.714830763,      -6.302355791,      -5.909236933,      -7.944812863
          0,           0,        4231,      -6.526999005,      -6.541153341,      -6.721196718,      -6.311442949,      -5.913136727,      -7.944816238
          0,           0,        4232,      -6.535065251,      -6.550261532,      -6.743680766,      -6.315630257,      -5.921240855,       -7.94481573
          0,           0,        4233,      -6.551703469,      -6.562689862,      -6.746973885,      -6.310818055,      -5.939308238,      -7.944816102
          0,           0,        4234,      -6.517837812,       -6.52796164,      -6.713414123,      -6.293634423,      -5.906644055,      -7.944819767
          0,           0,        4235,      -6.514859987,        -6.5285762,      -6.709187593,       -6.31006057,      -5.903629084,      -7.944823361
          0,           0,        4236,      -6.538348375,      -6.552349153,      -6.733864334,      -6.310551446,       -5.92472461,      -7.944822634
          0,           0,        4237,      -6.522607893,      -6.535268871,      -6.728568239,      -6.293308767,      -5.907853894,      -7.944821956
          0,           0,        4238,      -6.500268216,      -6.511078687,      -6.716806506,      -6.278728031,      -5.886192449,         -7.944826
          0,           0,        4239,      -6.499268671,      -6.507197124,      -6.718572052,      -6.302956663,      -5.886984343,      -7.944830114
          0,           0,        4240,      -6.546753072,      -6.563096258,      -6.744399394,      -6.318274595,      -5.934332877,       -7.94483127
          0,           0,        4241,      -6.533926133,      -6.545161676,      -6.729051179,      -6.297483205,      -5.921410419,      -7.944830514
          0,           0,        4242,      -6.521684001,      -6.533690238,      -6.709866355,      -6.303580215,      -5.909056658,      -7.944832047
          0,           0,        4243,      -6.515326175,      -6.528289886,      -6.727313798,      -6.305811281,      -5.901586482,      -7.944835276
          0,           0,        4244,       -6.55649175,      -6.566014407,      -6.749971128,      -6.333614622,      -5.942473033,       -7.94483522
          0,           0,        4245,      -6.548124643,      -6.563237612,      -6.743602582,      -6.301502997,      -5.934977508,      -7.944834576
          0,           0,        4246,        -6.5108889,      -6.520617278,       -6.71151592,      -6.298233787,      -5.899246294,      -7.944835322
          0,           0,        4247,      -6.521757508,      -6.535888274,      -6.711125886,      -6.309405928,      -5.910007275,      -7.944837629
          0,           0,        4248,      -6.540066909,      -6.553189047,      -6.730513414,       -6.31171958,      -5.926571944,      -7.944837769
          0,           0,        4249,      -6.531613235,      -6.540532205,      -6.724407802,      -6.297190328,      -5.917099392,      -7.944836768
          0,           0,        4250,      -6.492485078,      -6.503092987,      -6.709724231,      -6.277814049,      -5.879399582,      -7.944838769
          0,           0,        4251,      -6.496824751,      -6.507272197,      -6.711880861,      -6.292929574,      -5.884519111,      -7.944840153
          0,           0,        4252,      -6.521764655,      -6.535713758,      -6.723517467,      -6.295477981,       -5.90954626,      -7.944839265
          0,           0,        4253,       -6.51783811,      -6.530026028,      -6.714914703,      -6.286458416,      -5.905132599,      -7.944836452
          0,           0,        4254,      -6.492654079,      -6.501102623,      -6.695267247,      -6.273836847,      -5.879810953,      -7.944836523
          0,           0,        4255,      -6.497314114,      -6.507602494,      -6.713172235,      -6.294240852,      -5.883892901,      -7.944838723
          0,           0,        4256,      -6.542691141,      -6.556822059,      -6.745147042,      -6.304500092,      -5.929047681,      -7.944837487
          0,           0,        4257,      -6.520244585,      -6.533418395,      -6.724224131,      -6.285024551,      -5.908426281,      -7.944835395
          0,           0,        4258,      -6.518730315,      -6.530557221,      -6.708151012,      -6.300450465,      -5.907820131,      -7.944835276
          0,           0,        4259,      -6.521778575,      -6.532803577,       -6.71533633,      -6.302769167,      -5.910291673,      -7.944838012
          0,           0,        4260,      -6.551220379,      -6.560879228,      -6.734005329,      -6.310386979,      -5.937013107,      -7.944838932
          0,           0,        4261,       -6.51311835,       -6.52814423,      -6.719193095,      -6.279099457,      -5.898550178,      -7.944836068
          0,           0,        4262,      -6.501114315,      -6.512971251,      -6.713102249,      -6.291410766,       -5.88750144,      -7.944834215
          0,           0,        4263,      -6.521409321,      -6.533728457,      -6.725607896,      -6.298792107,      -5.908474163,      -7.944835471
          0,           0,        4264,      -6.524464773,      -6.537094485,      -6.715099835,      -6.276204058,      -5.912122821,       -7.94483672
          0,           0,        4265,        -6.4989628,      -6.505942755,      -6.696660779,      -6.271326942,      -5.886890224,      -7.944834469
          0,           0,        4266,      -6.492640409,      -6.507401172,      -6.701764712,      -6.283461726,      -5.880168269,       -7.94483166
          0,           0,        4267,      -6.529785345,      -6.540008962,      -6.723115495,       -6.28460517,      -5.916172644,      -7.944832316
          0,           0,        4268,      -6.494986541,      -6.506430707,      -6.706914796,      -6.263165229,      -5.882297038,      -7.944833641
          0,           0,        4269,      -6.497719808,       -6.50949486,       -6.70218296,        -6.2658915,      -5.885677785,      -7.944833513
          0,           0,        4270,      -6.496084911,      -6.503630627,      -6.704656886,      -6.278215637,      -5.884841448,      -7.944831934
          0,           0,        4271,      -6.520473081,      -6.535532804,      -6.709490152,      -6.275018208,      -5.907309004,      -7.944832133
          0,           0,        4272,      -6.497654946,      -6.505970398,      -6.701279019,      -6.259527843,      -5.884036272,       -7.94483284
          0,           0,        4273,       -6.48763726,      -6.499527585,      -6.698961834,      -6.263423055,      -5.874481729,      -7.944832703
          0,           0,        4274,      -6.501699361,      -6.513242099,      -6.705343865,      -6.267187696,      -5.888810541,      -7.944831864
          0,           0,        4275,      -6.516123656,      -6.525111038,      -6.706347423,      -6.273489917,      -5.904340893,      -7.944831238
          0,           0,        4276,      -6.493864063,      -6.505990842,      -6.693301065,      -6.259160491,      -5.882031898,      -7.944830172
          0,           0,        4277,      -6.491616833,      -6.501024157,      -6.697378266,      -6.279152953,      -5.879206699,      -7.944829911
          0,           0,        4278,      -6.513898191,      -6.527488224,      -6.708316601,      -6.261982873,      -5.899633445,      -7.944830938
          0,           0,        4279,      -6.480053144,      -6.491305786,      -6.694843407,       -6.25403244,       -5.86648148,      -7.944832516
          0,           0,        4280,      -6.487854447,      -6.496169242,      -6.694627661,      -6.261134821,      -5.875158319,      -7.944833838
          0,           0,        4281,      -6.482707417,      -6.494063213,      -6.699156507,      -6.267649012,      -5.870671633,      -7.944831042
          0,           0,        4282,      -6.518445168,      -6.530209457,       -6.71146426,      -6.283990587,      -5.905629266,       -7.94482959
          0,           0,        4283,      -6.495366882,      -6.507804015,      -6.695067301,      -6.257715044,      -5.881510772,      -7.944831797
          0,           0,        4284,      -6.488851176,      -6.500155523,      -6.698833313,      -6.277422112,      -5.875330374,      -7.944833677
          0,           0,        4285,      -6.520474344,      -6.531034884,      -6.719667413,      -6.288392073,       -5.90671845,      -7.944832581
          0,           0,        4286,      -6.526940596,      -6.537914838,      -6.718842491,      -6.283640137,      -5.914202646,      -7.944829115
          0,           0,        4287,      -6.490227335,      -6.503615566,      -6.690283008,      -6.260446926,      -5.879130427,      -7.944831311
          0,           0,        4288,      -6.476829532,      -6.488184984,      -6.682732478,      -6.271917585,      -5.865818272,       -7.94483505
          0,           0,        4289,       -6.51449887,       -6.52700902,       -6.71093903,      -6.290768623,        -5.9017677,      -7.944836773
          0,           0,        4290,      -6.512624938,      -6.523905501,      -6.717512039,      -6.271220298,      -5.898573913,      -7.944836627
          0,           0,        4291,      -6.493448771,       -6.50167886,      -6.705184711,      -6.264430296,        -5.8798649,      -7.944835304
          0,           0,        4292,      -6.468336432,      -6.481869363,      -6.699361127,      -6.262150548,      -5.856303911,      -7.944838285
          0,           0,        4293,      -6.510523239,      -6.521466619,      -6.717894031,       -6.29886593,      -5.898729934,      -7.944839563
          0,           0,        4294,      -6.541149471,      -6.554558794,      -6.724665282,      -6.292790827,      -5.927701868,      -7.944840758
          0,           0,        4295,      -6.504916506,      -6.517114816,      -6.704547674,      -6.273769469,      -5.891315295,      -7.944841565
          0,           0,        4296,      -6.501379432,      -6.509315041,      -6.708181823,      -6.282446445,      -5.887727178,      -7.944842392
          0,           0,        4297,      -6.516060698,       -6.53225213,      -6.737410888,      -6.297741458,      -5.902546776,      -7.944845129
          0,           0,        4298,      -6.552872639,       -6.56296143,      -6.744970875,      -6.305475976,      -5.940536277,      -7.944845621
          0,           0,        4299,      -6.511736864,      -6.524658382,      -6.702562662,      -6.282198336,      -5.900536674,      -7.944848148
          0,           0,        4300,      -6.495008285,      -6.507130851,      -6.692172352,      -6.280467318,      -5.883036273,      -7.944849096
          0,           0,        4301,      -6.510119237,      -6.517986154,      -6.715754202,      -6.288119522,      -5.896804406,      -7.944848721
          0,           0,        4302,      -6.524327014,      -6.538377541,      -6.735055444,      -6.284611987,      -5.909015247,      -7.944848566
          0,           0,        4303,      -6.500099193,      -6.507940821,      -6.717534319,      -6.271603236,      -5.886812582,      -7.944846966
          0,           0,        4304,      -6.484259534,      -6.496178488,      -6.701161042,      -6.284783477,      -5.872839933,      -7.944849032
          0,           0,        4305,      -6.511333713,      -6.523372271,      -6.721531887,      -6.288552938,      -5.899809029,      -7.944849931
          0,           0,        4306,      -6.524496069,      -6.532316237,      -6.726345589,      -6.285179666,      -5.912331831,      -7.944847944
          0,           0,        4307,      -6.513165864,       -6.52675565,      -6.714202929,      -6.285256721,      -5.899401928,      -7.944846621
          0,           0,        4308,      -6.498491525,      -6.507645425,      -6.714458493,      -6.288150752,      -5.884634618,      -7.944845748
          0,           0,        4309,      -6.518173388,      -6.531560846,      -6.736636453,      -6.311796561,      -5.904180966,       -7.94484748
          0,           0,        4310,      -6.544682916,      -6.558461207,      -6.748657798,      -6.297460088,      -5.931129885,      -7.944846218
          0,           0,        4311,      -6.519850716,      -6.528191644,      -6.718088652,      -6.290888393,      -5.908452036,      -7.944842332
          0,           0,        4312,      -6.532956569,      -6.546317151,      -6.711831725,      -6.316470149,      -5.921103188,      -7.944840444
          0,           0,        4313,      -6.536049913,      -6.547823024,      -6.730192228,      -6.318820151,      -5.923327308,      -7.944839309
          0,           0,        4314,      -6.546650173,      -6.561628643,      -6.742711279,      -6.313526452,      -5.931711619,      -7.944839501
          0,           0,        4315,      -6.509659221,      -6.520251573,      -6.722863781,      -6.283647605,      -5.896451416,      -7.944836377
          0,           0,        4316,      -6.501379784,      -6.511663207,      -6.710136508,      -6.294285774,      -5.889428008,      -7.944834757
          0,           0,        4317,      -6.518015799,      -6.530134078,      -6.712478383,      -6.313474328,      -5.906456013,      -7.944834407
          0,           0,        4318,      -6.530774292,      -6.545227522,      -6.721648536,      -6.307908601,      -5.918774092,      -7.944832723
          0,           0,        4319,      -6.515606409,      -6.527381984,       -6.71558045,      -6.284801294,      -5.901500052,      -7.944831065
          0,           0,        4320,      -6.483657485,      -6.493409139,      -6.699682445,      -6.276888403,       -5.87006789,      -7.944829417
          0,           0,        4321,      -6.490194034,      -6.501966489,      -6.712488541,       -6.28952621,      -5.876725191,      -7.944828335
          0,           0,        4322,      -6.509766621,      -6.520786262,      -6.727226712,      -6.299895364,      -5.897262991,      -7.944826351
          0,           0,        4323,      -6.519218606,      -6.534046745,       -6.72766434,      -6.289917973,      -5.908061443,      -7.944822733
          0,           0,        4324,      -6.500509709,      -6.510683166,      -6.699010258,      -6.275047376,      -5.889284997,      -7.944823134
          0,           0,        4325,      -6.476427596,      -6.488017315,      -6.683350966,      -6.279133675,      -5.864435479,      -7.944824388
          0,           0,        4326,      -6.500603136,      -6.513675733,      -6.711426756,       -6.29537589,        -5.8866611,       -7.94482304
          0,           0,        4327,      -6.507753297,      -6.518032929,      -6.731967686,      -6.280173054,      -5.893649109,      -7.944822146
          0,           0,        4328,      -6.494353508,      -6.507042521,      -6.721891872,      -6.268243962,      -5.881477406,      -7.944822788
          0,           0,        4329,      -6.483451744,      -6.491896793,       -6.69670429,      -6.270343863,      -5.872873347,       -7.94482451
          0,           0,        4330,      -6.485829487,      -6.498526592,      -6.696064719,       -6.29359512,      -5.875513509,      -7.944823914
          0,           0,        4331,      -6.533115318,       -6.54819852,      -6.730022824,      -6.303505393,      -5.919686766,      -7.944821726
          0,           0,        4332,      -6.506662994,      -6.516619597,      -6.719449766,      -6.267107173,      -5.892329653,      -7.944823549
          0,           0,        4333,      -6.494765943,      -6.506752697,      -6.713173911,      -6.275947997,      -5.880082553,      -7.944825466
          0,           0,        4334,      -6.496614053,      -6.506716696,      -6.722242859,      -6.294381521,      -5.883533935,      -7.944825468
          0,           0,        4335,      -6.541793159,      -6.557290253,      -6.740715262,        -6.3245245,      -5.929538325,      -7.944822425
          0,           0,        4336,      -6.542056815,      -6.556335725,       -6.73231532,       -6.29120821,      -5.929612257,      -7.944824533
          0,           0,        4337,      -6.506476991,      -6.515259622,      -6.705998006,      -6.284551576,      -5.894704461,      -7.944829046
          0,           0,        4338,      -6.521961607,      -6.534038155,      -6.721398405,      -6.306561303,      -5.908745301,      -7.944830299
          0,           0,        4339,      -6.539133782,      -6.550694521,      -6.742856367,      -6.314925451,       -5.92516156,      -7.944830318
          0,           0,        4340,      -6.540684245,      -6.554312223,      -6.739892627,      -6.304331782,      -5.927097868,      -7.944829557
          0,           0,        4341,      -6.497068983,      -6.507618934,      -6.707080061,      -6.281603847,      -5.885336947,      -7.944832967
          0,           0,        4342,      -6.506530526,      -6.515441976,      -6.710036596,       -6.29538926,      -5.894927054,      -7.944834973
          0,           0,        4343,      -6.536251573,       -6.54745647,      -6.733563366,      -6.310684241,      -5.923099527,      -7.944834007
          0,           0,        4344,      -6.526947749,      -6.539300309,      -6.729872881,      -6.297146297,      -5.913040534,      -7.944834384
          0,           0,        4345,      -6.501986956,      -6.511815235,      -6.715599202,      -6.281535821,      -5.888009767,      -7.944835103
          0,           0,        4346,      -6.487611133,      -6.497011973,      -6.714055365,      -6.292354672,      -5.875253504,      -7.944837232
          0,           0,        4347,      -6.536812491,      -6.549071927,      -6.743249752,       -6.30991495,       -5.92418599,      -7.944837249
          0,           0,        4348,       -6.53584048,      -6.546372787,      -6.726574213,      -6.297975512,      -5.923380089,      -7.944838138
          0,           0,        4349,      -6.514333744,      -6.527283208,      -6.707193764,       -6.29165897,      -5.901861488,      -7.944840495
          0,           0,        4350,      -6.506587127,      -6.515091724,      -6.718135099,      -6.293804194,      -5.893425626,      -7.944840216
          0,           0,        4351,      -6.532314141,      -6.546391645,      -6.743018396,      -6.317146449,      -5.918506037,      -7.944839181
          0,           0,        4352,        -6.5541286,      -6.568965306,      -6.753451132,      -6.305267073,      -5.940680376,      -7.944837369
          0,           0,        4353,      -6.520468418,      -6.530686405,      -6.716239326,      -6.303184725,      -5.909200245,      -7.944838505
          0,           0,        4354,      -6.524682096,      -6.537507466,      -6.714202921,      -6.308394417,      -5.913620175,      -7.944837777
          0,           0,        4355,      -6.538025985,      -6.547815621,      -6.727588264,      -6.314598399,      -5.925364231,      -7.944833455
          0,           0,        4356,      -6.536950879,      -6.552540107,      -6.731705958,      -6.304680016,      -5.921851603,      -7.944830536
          0,           0,        4357,       -6.50597353,      -6.519399502,      -6.720294149,      -6.285979595,      -5.891546997,      -7.944830642
          0,           0,        4358,      -6.497685221,      -6.507508458,      -6.711154571,      -6.293418014,      -5.884962445,      -7.944831217
          0,           0,        4359,      -6.509954589,      -6.522335607,      -6.726075087,       -6.29624543,      -5.898339231,      -7.944828415
          0,           0,        4360,      -6.532587103,      -6.544646548,      -6.728272025,      -6.303550121,      -5.921384027,      -7.944824036
          0,           0,        4361,      -6.509789438,      -6.524680135,      -6.705765228,      -6.283498073,      -5.897468527,      -7.944823389
          0,           0,        4362,      -6.483533386,      -6.497411356,      -6.693414282,      -6.285926326,      -5.870204829,      -7.944823239
          0,           0,        4363,      -6.494907342,        -6.5047028,      -6.711764293,       -6.29009675,       -5.88080172,       -7.94482079
          0,           0,        4364,      -6.511163897,      -6.522601496,      -6.740712715,      -6.288534827,      -5.897022586,       -7.94481715
          0,           0,        4365,      -6.511954286,      -6.522842312,       -6.72795908,      -6.291493819,      -5.899829354,       -7.94481636
          0,           0,        4366,       -6.50027409,      -6.512325959,      -6.700211514,      -6.285053497,       -5.88969269,      -7.944817656
          0,           0,        4367,      -6.480254663,      -6.492809225,      -6.686781479,      -6.292609064,      -5.869565627,      -7.944815548
          0,           0,        4368,      -6.508307083,       -6.51778416,      -6.710906554,      -6.296589158,      -5.895914039,      -7.944813631
          0,           0,        4369,      -6.515244478,      -6.525429766,      -6.733168306,      -6.284235203,      -5.901334077,      -7.944814323
          0,           0,        4370,      -6.493273699,      -6.505070774,      -6.717625282,       -6.28257449,      -5.879867503,      -7.944815061
          0,           0,        4371,      -6.495791045,      -6.506343141,      -6.709967129,      -6.288905924,      -5.883521216,      -7.944812433
          0,           0,        4372,      -6.497198549,      -6.508924102,      -6.712750286,      -6.309722124,      -5.885742137,      -7.944809247
          0,           0,        4373,      -6.542091021,      -6.556060867,       -6.73885926,      -6.310919143,      -5.928842493,       -7.94480981
          0,           0,        4374,      -6.521342569,      -6.530973314,      -6.723229975,      -6.287179269,      -5.907533375,      -7.944811524
          0,           0,        4375,      -6.510898282,      -6.524114088,      -6.714159492,      -6.300230207,      -5.897206474,      -7.944810093
          0,           0,        4376,      -6.515223579,      -6.523748993,      -6.733501799,      -6.312159188,      -5.902076806,      -7.944808477
          0,           0,        4377,      -6.553626328,      -6.567987306,      -6.750458981,      -6.333246596,       -5.94080605,      -7.944810884
          0,           0,        4378,      -6.546619825,      -6.560333822,      -6.735301038,      -6.301467374,      -5.934621237,      -7.944814466
          0,           0,        4379,      -6.516099747,      -6.526510404,      -6.704540135,       -6.30433078,      -5.904433945,      -7.944814453
          0,           0,        4380,      -6.527098876,      -6.540381527,      -6.719394305,      -6.315566969,      -5.914307452,      -7.944812418
          0,           0,        4381,       -6.54891687,      -6.558370091,      -6.747784981,      -6.317171136,      -5.934575142,      -7.944812685
          0,           0,        4382,      -6.529600188,      -6.544857595,      -6.733572594,      -6.293249338,      -5.915361767,      -7.944815648
          0,           0,        4383,      -6.493625163,      -6.506132605,      -6.710260461,      -6.285847776,      -5.881568143,      -7.944816079
          0,           0,        4384,      -6.517134439,      -6.526031513,      -6.719222701,      -6.312045258,       -5.90567516,      -7.944814151
          0,           0,        4385,      -6.544655084,      -6.558012833,      -6.739377808,      -6.311044165,      -5.932149695,      -7.944814007
          0,           0,        4386,      -6.525750648,      -6.534945528,      -6.724373006,       -6.29478815,      -5.912488383,      -7.944817428
          0,           0,        4387,       -6.49954156,      -6.514000253,      -6.708898313,      -6.284531393,      -5.885519393,      -7.944819425
          0,           0,        4388,      -6.503101668,      -6.516493433,      -6.728657743,      -6.309554162,      -5.889813309,      -7.944817656
          0,           0,        4389,      -6.562529614,      -6.573646456,      -6.756464627,      -6.322780862,      -5.949152189,      -7.944816268
          0,           0,        4390,      -6.532959781,      -6.544674493,      -6.733052971,      -6.297595269,      -5.921212126,       -7.94481668
          0,           0,        4391,      -6.530579495,      -6.541383669,      -6.713414692,      -6.307204467,      -5.919444461,      -7.944817571
          0,           0,        4392,      -6.521626193,      -6.536481827,      -6.723346612,      -6.312842889,       -5.90907262,      -7.944815942
          0,           0,        4393,      -6.554707322,      -6.571100864,      -6.746717261,      -6.329466555,      -5.940238116,      -7.944814387
          0,           0,        4394,      -6.539144663,      -6.550015279,      -6.737216565,      -6.295864991,      -5.925119868,       -7.94481651
          0,           0,        4395,      -6.508281568,       -6.51888696,      -6.716486768,       -6.29676495,      -5.895927076,      -7.944816886
          0,           0,        4396,       -6.51898067,       -6.53140311,       -6.71873066,      -6.307252969,      -5.907447743,      -7.944816924
          0,           0,        4397,      -6.539044797,      -6.552757017,      -6.727165581,      -6.311676866,      -5.926160432,      -7.944817529
          0,           0,        4398,      -6.523178436,        -6.5359687,      -6.715508283,      -6.291687325,      -5.909299773,      -7.944818108
          0,           0,        4399,      -6.486190398,      -6.496546299,      -6.698158468,      -6.274227384,      -5.872566397,      -7.944817132
          0,           0,        4400,      -6.495456837,      -6.504489177,      -6.711909028,      -6.288611429,      -5.882425155,      -7.944815097
          0,           0,        4401,      -6.516683874,      -6.530126532,      -6.731694912,      -6.289801807,      -5.904112386,      -7.944815763
          0,           0,        4402,      -6.518211205,      -6.529407079,      -6.719883218,      -6.286105278,      -5.906345533,      -7.944816888
          0,           0,        4403,       -6.48826578,      -6.499390207,      -6.692092545,      -6.272549634,      -5.876700442,      -7.944816284
          0,           0,        4404,      -6.492669892,      -6.504008127,      -6.701839189,      -6.294033925,      -5.879910314,      -7.944812881
          0,           0,        4405,      -6.545138163,      -6.553960924,      -6.742379251,      -6.303933652,       -5.93080579,      -7.944812015
          0,           0,        4406,      -6.519553558,      -6.531783497,      -6.732067896,      -6.280616822,      -5.905938026,      -7.944816418
          0,           0,        4407,      -6.508464554,      -6.517320991,      -6.711188353,      -6.289656936,      -5.896412468,      -7.944818548
          0,           0,        4408,      -6.505938706,      -6.519235617,      -6.714413088,      -6.295812888,      -5.894309134,      -7.944816748
          0,           0,        4409,      -6.540072176,      -6.553678898,      -6.727904237,      -6.306832591,      -5.926550593,      -7.944814029
          0,           0,        4410,      -6.523355139,      -6.531367872,       -6.71381313,      -6.279178298,      -5.908936128,      -7.944815098
          0,           0,        4411,      -6.501470065,      -6.512256334,      -6.708382729,      -6.288843965,      -5.887400198,      -7.944818027
          0,           0,        4412,      -6.522080486,      -6.530885279,      -6.728185332,      -6.298257942,      -5.908276522,      -7.944816387
          0,           0,        4413,      -6.529301505,      -6.544933076,      -6.726034852,      -6.281828372,      -5.916104595,      -7.944813608
          0,           0,        4414,      -6.499065408,      -6.511751205,      -6.701385639,      -6.270988406,      -5.887582503,      -7.944813044
          0,           0,        4415,      -6.499430082,      -6.507137661,      -6.698910991,      -6.284102911,      -5.888404613,      -7.944815371
          0,           0,        4416,      -6.526373329,      -6.537748195,      -6.718982069,      -6.288797743,      -5.913225579,      -7.944815361
          0,           0,        4417,       -6.50566004,      -6.514255723,      -6.712693267,      -6.266650196,      -5.892687494,      -7.944815144
          0,           0,        4418,      -6.496544687,      -6.509925773,      -6.706123069,      -6.269192927,      -5.883116394,      -7.944816736
          0,           0,        4419,      -6.490500816,      -6.503549713,      -6.708926149,      -6.277822285,      -5.878005876,        -7.9448163
          0,           0,        4420,      -6.530573386,      -6.539952437,      -6.715401509,      -6.284865287,       -5.91790763,      -7.944814096
          0,           0,        4421,      -6.508718947,      -6.519707796,      -6.704023625,      -6.264152615,      -5.895151934,      -7.944811523
          0,           0,        4422,      -6.494137592,      -6.504588292,      -6.699709053,      -6.269323985,      -5.881522643,       -7.94481316
          0,           0,        4423,      -6.513782546,      -6.525365773,      -6.712751074,      -6.280944812,      -5.900257462,      -7.944814126
          0,           0,        4424,      -6.524924842,      -6.538205476,      -6.713827772,      -6.280108755,      -5.912082499,      -7.944810726
          0,           0,        4425,      -6.504725165,        -6.5157597,      -6.699464997,      -6.261286739,       -5.89329962,      -7.944808445
          0,           0,        4426,      -6.492170242,      -6.501247174,      -6.695157265,      -6.272318645,      -5.880844577,      -7.944809166
          0,           0,        4427,      -6.508338855,      -6.521182426,      -6.698589434,      -6.258930952,      -5.895127552,      -7.944813279
          0,           0,        4428,      -6.486345839,      -6.495200259,      -6.693040551,      -6.255994976,      -5.872790055,      -7.944812386
          0,           0,        4429,      -6.482454733,      -6.492985746,      -6.688035892,      -6.247890592,      -5.868751764,      -7.944809731
          0,           0,        4430,      -6.469473466,      -6.480478327,      -6.693477927,      -6.255968151,       -5.85668906,      -7.944810384
          0,           0,        4431,      -6.515310755,      -6.524199062,      -6.704548806,      -6.271047954,       -5.90328218,       -7.94481139
          0,           0,        4432,      -6.501484025,       -6.51365939,      -6.694728376,       -6.25390554,       -5.88927995,      -7.944812164
          0,           0,        4433,      -6.499830549,      -6.508674637,      -6.701355977,       -6.27292933,      -5.887477592,      -7.944809769
          0,           0,        4434,      -6.509082627,      -6.521611652,       -6.70425424,      -6.267402324,      -5.896080605,      -7.944809487
          0,           0,        4435,      -6.509669947,      -6.521507823,      -6.710057797,      -6.269122991,      -5.895960445,      -7.944812104
          0,           0,        4436,      -6.496844181,      -6.504421882,      -6.702120682,      -6.261947678,      -5.884892939,      -7.944811521
          0,           0,        4437,      -6.497892041,      -6.509296768,      -6.703271308,      -6.281785538,      -5.886127548,      -7.944812154
          0,           0,        4438,      -6.516761114,      -6.525647599,      -6.704869975,       -6.26251759,      -5.903132535,      -7.944813605
          0,           0,        4439,      -6.481751021,      -6.493842297,       -6.68921743,      -6.256306539,      -5.868659492,      -7.944816116
          0,           0,        4440,      -6.485771791,      -6.497582076,      -6.700808062,      -6.262509524,      -5.871958278,      -7.944815731
          0,           0,        4441,      -6.490403734,      -6.498266709,      -6.708813069,      -6.269500624,       -5.87766026,      -7.944812701
          0,           0,        4442,      -6.526764474,      -6.537509031,       -6.72670094,      -6.292278663,      -5.914151196,      -7.944813828
          0,           0,        4443,      -6.508300556,      -6.517796407,      -6.704813583,      -6.265233053,      -5.896610471,      -7.944816052
          0,           0,        4444,       -6.49505334,      -6.507729498,      -6.697212046,      -6.280652657,      -5.883088561,      -7.944815894
          0,           0,        4445,      -6.514576834,      -6.528749192,      -6.718003307,      -6.296517258,      -5.901516658,      -7.944813255
          0,           0,        4446,      -6.543480173,      -6.553298856,      -6.738677822,      -6.297467808,      -5.929425459,      -7.944812107
          0,           0,        4447,      -6.513644569,      -6.523850128,      -6.723309269,      -6.275580517,      -5.900307542,      -7.944817289
          0,           0,        4448,      -6.475945213,      -6.486487675,       -6.69210442,      -6.266550873,      -5.865025506,      -7.944818518
          0,           0,        4449,      -6.489363684,      -6.502046705,       -6.70010822,       -6.28283402,      -5.877782572,      -7.944816194
          0,           0,        4450,      -6.521694987,      -6.535440404,      -6.719935001,      -6.297383575,      -5.908917809,      -7.944814487
          0,           0,        4451,      -6.513738801,      -6.525599015,      -6.713862697,      -6.271068833,      -5.899385354,        -7.9448166
          0,           0,        4452,      -6.476245309,      -6.485403894,      -6.697424133,      -6.260902824,      -5.862058764,      -7.944819952
          0,           0,        4453,      -6.481845667,      -6.492791673,      -6.713485881,      -6.282419352,      -5.869107894,      -7.944817942
          0,           0,        4454,      -6.536081985,      -6.548489692,      -6.742734839,      -6.299286252,      -5.922738783,      -7.944816469
          0,           0,        4455,      -6.526228305,      -6.539226994,      -6.719710636,      -6.291661323,      -5.914299311,       -7.94481873
          0,           0,        4456,      -6.513296891,      -6.525565924,      -6.704244473,       -6.28801098,      -5.901372698,      -7.944821761
          0,           0,        4457,      -6.508687999,      -6.519604317,      -6.717137773,      -6.297209908,      -5.895891442,      -7.944822043
          0,           0,        4458,      -6.544367676,      -6.558522168,      -6.746991536,       -6.31354175,      -5.930199636,      -7.944820686
          0,           0,        4459,      -6.536565317,      -6.547400435,      -6.733067258,      -6.291173362,      -5.922771676,        -7.9448231
          0,           0,        4460,      -6.505519256,      -6.518860391,      -6.705569873,      -6.293551876,      -5.893583078,      -7.944826563
          0,           0,        4461,      -6.511109993,      -6.524175294,      -6.716575614,      -6.293703743,      -5.899354595,      -7.944826036
          0,           0,        4462,      -6.531536772,      -6.542455069,      -6.728012398,      -6.298572691,      -5.918903701,      -7.944825545
          0,           0,        4463,      -6.525739167,      -6.537008469,      -6.725860904,      -6.286084145,      -5.911659019,      -7.944827721
          0,           0,        4464,      -6.491058924,      -6.499467849,      -6.702978536,      -6.278550949,      -5.877278804,      -7.944831355
          0,           0,        4465,      -6.488228129,      -6.501369191,      -6.707214251,      -6.279657037,        -5.8746787,      -7.944831673
          0,           0,        4466,      -6.504714219,       -6.51761393,      -6.731132828,      -6.281540368,      -5.891380942,      -7.944831033
          0,           0,        4467,      -6.523142516,      -6.532366609,      -6.723341766,      -6.282089344,      -5.910823914,       -7.94483397
          0,           0,        4468,      -6.496177486,      -6.505732776,      -6.699605006,      -6.273861843,      -5.884424329,      -7.944837676
          0,           0,        4469,      -6.495019234,      -6.504257153,      -6.701962637,      -6.293258485,      -5.883141419,      -7.944838875
          0,           0,        4470,      -6.524457787,       -6.53984639,      -6.737296225,      -6.290050377,        -5.9108356,       -7.94483948
          0,           0,        4471,      -6.509083442,      -6.522411601,      -6.732372792,      -6.271921614,      -5.895491036,      -7.944839273
          0,           0,        4472,      -6.511004505,      -6.520138199,      -6.714134327,      -6.289003901,      -5.898782436,      -7.944841128
          0,           0,        4473,      -6.507833482,      -6.515974844,      -6.716966187,       -6.29720331,      -5.896104386,      -7.944839934
          0,           0,        4474,      -6.532478374,      -6.544822113,      -6.730676072,      -6.312218491,      -5.919448347,      -7.944839753
          0,           0,        4475,      -6.534102558,      -6.546054106,      -6.733830852,      -6.281912528,      -5.919037803,      -7.944839462
          0,           0,        4476,      -6.497350521,      -6.509105275,      -6.713349793,      -6.280037913,      -5.883139321,      -7.944840722
          0,           0,        4477,      -6.519125307,       -6.52992741,      -6.725424213,      -6.306095738,      -5.905559582,      -7.944841257
          0,           0,        4478,      -6.537025968,      -6.545720578,      -6.740981369,      -6.316000787,      -5.924815997,      -7.944838378
          0,           0,        4479,      -6.548347413,      -6.562249334,      -6.737959105,      -6.309539629,      -5.936935338,      -7.944838986
          0,           0,        4480,      -6.511350214,      -6.520705665,      -6.709516817,      -6.282201735,      -5.899691369,      -7.944840837
          0,           0,        4481,      -6.499095596,      -6.510503433,      -6.696749571,      -6.292355953,      -5.886444405,      -7.944841094
          0,           0,        4482,      -6.513180233,      -6.526010988,      -6.722323799,      -6.305113811,      -5.899263747,      -7.944839552
          0,           0,        4483,      -6.529240771,      -6.538604551,      -6.739881961,       -6.29901621,      -5.914626597,       -7.94483663
          0,           0,        4484,      -6.508468856,      -6.520678395,      -6.724867481,      -6.277262192,       -5.89583498,      -7.944838734
          0,           0,        4485,      -6.485429485,      -6.494209799,      -6.699297725,      -6.279924837,      -5.874887973,      -7.944838919
          0,           0,        4486,      -6.498440015,      -6.511802251,      -6.699882084,       -6.29803611,      -5.887334758,      -7.944836973
          0,           0,        4487,      -6.520463671,       -6.53357417,       -6.72648604,      -6.298648561,      -5.907765869,      -7.944835929
          0,           0,        4488,       -6.51098384,      -6.521497691,      -6.721274679,      -6.277321782,      -5.896851273,      -7.944836332
          0,           0,        4489,       -6.48256542,       -6.49400858,      -6.704072302,      -6.263837765,      -5.868644668,       -7.94483838
          0,           0,        4490,      -6.478404088,      -6.488154662,      -6.707064114,      -6.284533351,      -5.865780616,      -7.944836224
          0,           0,        4491,      -6.526158077,       -6.54296331,      -6.734156581,      -6.307850518,      -5.912996066,      -7.944833837
          0,           0,        4492,      -6.515792557,      -6.530569217,       -6.72428957,      -6.278098271,      -5.903396225,      -7.944833792
          0,           0,        4493,      -6.505132107,      -6.515302145,      -6.702876001,      -6.283860022,       -5.89305234,      -7.944833689
          0,           0,        4494,      -6.502738829,      -6.513855487,      -6.713048236,      -6.295847287,      -5.890239762,       -7.94483194
          0,           0,        4495,      -6.538796702,      -6.552184878,       -6.73996957,      -6.326895152,      -5.925539502,      -7.944827492
          0,           0,        4496,      -6.548538857,      -6.568703188,      -6.744596701,        -6.3019274,      -5.934357364,      -7.944827073
          0,           0,        4497,       -6.50452213,      -6.519344521,      -6.715410781,      -6.287468601,      -5.892262405,      -7.944828623
          0,           0,        4498,      -6.521028436,      -6.533462055,      -6.717099066,       -6.30823987,       -5.90847987,      -7.944826539
          0,           0,        4499,      -6.539839532,      -6.551198162,      -6.735098353,      -6.318749362,      -5.926653533,      -7.944823553
          0,           0,        4500,      -6.542679138,      -6.557892586,      -6.736815165,       -6.31077817,      -5.928183278,      -7.944822343
          0,           0,        4501,      -6.500283686,      -6.513062206,      -6.717862742,      -6.278153822,      -5.886496871,      -7.944825448
          0,           0,        4502,      -6.492277766,       -6.50477303,      -6.712602314,      -6.287964512,      -5.879541993,      -7.944825185
          0,           0,        4503,       -6.52900249,      -6.540788765,      -6.736437705,      -6.310236054,      -5.916422158,      -7.944820821
          0,           0,        4504,      -6.539590288,      -6.548989222,      -6.729752319,      -6.302544299,      -5.927207587,      -7.944819545
          0,           0,        4505,      -6.509196466,       -6.52135238,      -6.708071191,       -6.28339893,      -5.896295505,      -7.944821032
          0,           0,        4506,      -6.491724518,      -6.500505744,       -6.71083891,       -6.28748425,      -5.878468839,      -7.944821516
          0,           0,        4507,      -6.528401849,      -6.541877939,      -6.741463446,      -6.305111484,      -5.914265898,      -7.944819208
          0,           0,        4508,      -6.532448079,      -6.544667374,      -6.744394842,      -6.293020054,       -5.91890829,       -7.94481918
          0,           0,        4509,      -6.518021046,      -6.527000233,      -6.715857941,      -6.293687649,      -5.906454743,      -7.944821836
          0,           0,        4510,      -6.504926135,       -6.51711098,      -6.713038118,      -6.294930372,      -5.893833117,      -7.944822301
          0,           0,        4511,       -6.53486902,      -6.546340018,      -6.736652973,      -6.319414614,      -5.922002912,      -7.944820554
          0,           0,        4512,      -6.551011786,      -6.567837052,      -6.743014516,      -6.305087431,      -5.935683859,      -7.944819587
          0,           0,        4513,      -6.511780679,      -6.523324139,      -6.724948949,      -6.293947872,      -5.897550772,      -7.944820809
          0,           0,        4514,      -6.516238502,      -6.524836994,      -6.722645824,      -6.302045094,      -5.902676343,      -7.944822474
          0,           0,        4515,      -6.533720963,      -6.545544292,      -6.738913103,      -6.313369408,      -5.921355824,      -7.944821215
          0,           0,        4516,      -6.549224643,      -6.560939114,      -6.735998367,      -6.313497776,      -5.937061256,      -7.944820512
          0,           0,        4517,      -6.513514643,      -6.528708026,      -6.706656582,      -6.292750302,      -5.900798084,      -7.944822599
          0,           0,        4518,      -6.500623112,      -6.512111464,        -6.7049784,      -6.294698219,      -5.887681014,      -7.944823478
          0,           0,        4519,      -6.509945754,      -6.519578271,      -6.722328016,      -6.297068231,      -5.896566048,      -7.944823292
          0,           0,        4520,      -6.527297587,      -6.539041985,      -6.737148857,      -6.300337514,      -5.913961568,      -7.944822784
          0,           0,        4521,      -6.510552738,      -6.523046177,      -6.717162728,      -6.285297982,      -5.899083819,      -7.944824183
          0,           0,        4522,      -6.486292419,      -6.501588396,       -6.69242356,      -6.289721107,      -5.875426352,      -7.944825645
          0,           0,        4523,      -6.494488509,      -6.507458322,      -6.698820095,      -6.291711075,      -5.883006812,      -7.944824306
          0,           0,        4524,      -6.511218085,      -6.520834747,      -6.719672205,      -6.289467965,      -5.897963281,      -7.944826144
          0,           0,        4525,      -6.509086283,      -6.518248635,      -6.723900615,      -6.286355741,      -5.894868054,      -7.944828611
          0,           0,        4526,      -6.492253591,      -6.504564463,      -6.709358868,      -6.278962923,      -5.878998083,      -7.944828475
          0,           0,        4527,      -6.473224999,      -6.486645065,      -6.699412437,       -6.28644768,      -5.861360653,       -7.94482591
          0,           0,        4528,      -6.496545361,       -6.51073422,       -6.70950005,      -6.293657596,      -5.884951166,      -7.944826575
          0,           0,        4529,      -6.514446874,      -6.525987764,      -6.719942776,      -6.286076466,      -5.902174821,      -7.944831217
          0,           0,        4530,      -6.498617885,      -6.507471104,      -6.702020596,      -6.284540794,      -5.885982108,      -7.944832131
          0,           0,        4531,      -6.491723003,      -6.504704889,      -6.701349407,      -6.284216869,      -5.878384031,      -7.944829981
          0,           0,        4532,      -6.490588598,      -6.502199184,       -6.72100756,       -6.29982001,      -5.877280033,      -7.944827073
          0,           0,        4533,      -6.533250122,      -6.546900946,      -6.746449823,      -6.306781914,      -5.920053876,      -7.944828477
          0,           0,        4534,      -6.520701497,      -6.532577508,      -6.728771092,      -6.285936616,      -5.908623593,      -7.944831021
          0,           0,        4535,      -6.516701133,      -6.526031732,      -6.706063884,      -6.304535495,      -5.905474649,      -7.944830039
          0,           0,        4536,      -6.514105488,      -6.527735132,      -6.718281226,      -6.309002619,      -5.901744379,      -7.944828849
          0,           0,        4537,      -6.545834397,        -6.5579824,      -6.745716114,      -6.327195282,      -5.931265911,      -7.944828414
          0,           0,        4538,      -6.541393925,      -6.555586745,      -6.744871171,      -6.299711909,      -5.926631548,      -7.944830012
          0,           0,        4539,      -6.509441197,       -6.52108654,       -6.72052797,      -6.297099586,        -5.8965176,      -7.944830582
          0,           0,        4540,      -6.523778946,      -6.533431307,      -6.718485671,       -6.31485812,      -5.912264012,      -7.944830537
          0,           0,        4541,      -6.541248695,      -6.553844766,      -6.735325293,      -6.318895184,      -5.929495134,      -7.944831015
          0,           0,        4542,      -6.541006612,      -6.552177005,      -6.731117875,      -6.301828279,      -5.927295183,      -7.944829741
          0,           0,        4543,      -6.493487937,      -6.506546304,      -6.704290313,      -6.278152564,      -5.879631885,      -7.944828279
          0,           0,        4544,      -6.495332661,      -6.506458668,      -6.710390043,      -6.293670055,      -5.881610359,      -7.944826632
          0,           0,        4545,       -6.51765464,      -6.526746322,      -6.731405229,       -6.30198399,       -5.90454264,      -7.944827567
          0,           0,        4546,      -6.531568416,      -6.542421196,      -6.736100318,       -6.29635961,      -5.919334347,       -7.94482806
          0,           0,        4547,      -6.497698947,      -6.508288854,      -6.701686946,      -6.272049346,       -5.88662745,      -7.944824729
          0,           0,        4548,      -6.474750625,      -6.488118185,      -6.684871122,      -6.279709527,      -5.863104419,      -7.944822196
          0,           0,        4549,      -6.499574547,      -6.511908254,        -6.7077067,      -6.296262018,      -5.886502959,      -7.944822474
          0,           0,        4550,      -6.518789869,      -6.527977363,      -6.733437729,      -6.290941958,      -5.904931254,      -7.944824851
          0,           0,        4551,      -6.504057598,      -6.511757731,      -6.724067216,      -6.278846338,      -5.890729682,      -7.944822144
          0,           0,        4552,      -6.481796995,      -6.493019292,      -6.698017538,      -6.270356427,      -5.870607435,      -7.944817414
          0,           0,        4553,      -6.478219385,      -6.490693627,      -6.695230099,      -6.294045225,      -5.867614462,      -7.944816692
          0,           0,        4554,      -6.524503394,      -6.538232729,      -6.720171698,      -6.310981626,      -5.912295322,      -7.944818128
          0,           0,        4555,      -6.521342733,      -6.532844353,      -6.726595572,      -6.286729124,      -5.907799321,      -7.944818015
          0,           0,        4556,      -6.501996184,      -6.510062741,      -6.714296965,      -6.288028749,      -5.888482979,      -7.944815046
          0,           0,        4557,      -6.499434409,      -6.513002377,      -6.719949618,      -6.295435798,      -5.886566703,      -7.944815173
          0,           0,        4558,      -6.531240017,      -6.544282037,      -6.743474801,      -6.327464455,      -5.918685789,      -7.944817023
          0,           0,        4559,      -6.562180089,      -6.576793418,      -6.740099216,      -6.315616987,      -5.949088839,      -7.944816432
          0,           0,        4560,      -6.513611671,      -6.525601676,      -6.712123044,      -6.295286661,      -5.901046929,      -7.944816322
          0,           0,        4561,      -6.524745274,      -6.533658492,      -6.713484378,       -6.30738323,      -5.911457396,      -7.944816595
          0,           0,        4562,      -6.530232304,      -6.545216477,      -6.737899804,      -6.307525761,      -5.916519154,      -7.944817181
          0,           0,        4563,      -6.537829956,      -6.549572498,      -6.738983405,      -6.303930003,      -5.924751792,      -7.944816135
          0,           0,        4564,      -6.500341927,      -6.512297712,      -6.704297816,      -6.284300839,      -5.889249149,      -7.944815184
          0,           0,        4565,      -6.502836474,      -6.513438021,      -6.706606539,      -6.295524579,      -5.891608623,      -7.944817375
          0,           0,        4566,      -6.527685577,      -6.537257726,      -6.722164374,      -6.293704488,      -5.915102554,      -7.944819604
          0,           0,        4567,      -6.514595735,      -6.526651538,       -6.71974178,      -6.277188924,      -5.900670625,      -7.944819563
          0,           0,        4568,      -6.482862449,      -6.492790091,      -6.701315244,      -6.266374978,      -5.868818565,      -7.944819047
          0,           0,        4569,      -6.487563377,      -6.499356726,      -6.707883124,      -6.286478572,      -5.874392936,      -7.944821141
          0,           0,        4570,      -6.534195166,      -6.545938495,      -6.737820187,      -6.288448042,      -5.920526296,      -7.944825546
          0,           0,        4571,      -6.509171882,       -6.51853854,      -6.709982778,      -6.270596562,       -5.89695204,      -7.944825705
          0,           0,        4572,      -6.518406671,      -6.530106526,      -6.711975396,      -6.293244592,      -5.906243017,      -7.944824577
          0,           0,        4573,      -6.528501711,      -6.540731598,      -6.728388372,      -6.299532304,      -5.915458782,      -7.944825249
          0,           0,        4574,      -6.530926375,      -6.545199002,      -6.722317443,      -6.284760993,      -5.917462095,      -7.944829386
          0,           0,        4575,      -6.491676286,      -6.503537996,      -6.704436872,      -6.263663813,      -5.879410688,      -7.944832089
          0,           0,        4576,      -6.495913957,      -6.505101689,      -6.699494163,      -6.274696509,      -5.883934489,      -7.944831162
          0,           0,        4577,      -6.515461854,      -6.524141843,      -6.713557535,      -6.287255339,      -5.902692007,       -7.94483269
          0,           0,        4578,      -6.508152817,       -6.52000521,      -6.701442649,      -6.262148796,      -5.894577881,      -7.944836002
          0,           0,        4579,      -6.482587101,      -6.494313011,      -6.697418898,       -6.26267223,      -5.869026917,      -7.944837183
          0,           0,        4580,      -6.498215142,      -6.510218345,      -6.710440489,      -6.279819416,      -5.885210538,      -7.944835175
          0,           0,        4581,      -6.517923662,      -6.529491212,      -6.703340318,      -6.265719099,      -5.905335695,      -7.944833505
          0,           0,        4582,      -6.490627901,      -6.497282751,       -6.69422313,      -6.270291881,       -5.87945916,      -7.944834738
          0,           0,        4583,      -6.501610952,      -6.514949159,      -6.697257177,      -6.271382256,      -5.889760328,      -7.944834054
          0,           0,        4584,      -6.497892369,      -6.508905481,      -6.705877767,       -6.28259859,      -5.885587354,      -7.944830972
          0,           0,        4585,      -6.517521215,      -6.529576769,      -6.708255067,       -6.26954909,      -5.903219991,      -7.944829302
          0,           0,        4586,      -6.483114507,      -6.495618289,      -6.696003312,      -6.256689177,      -5.869550661,      -7.944830321
          0,           0,        4587,      -6.494811184,      -6.502312288,      -6.699138367,      -6.264374713,      -5.882312168,      -7.944830633
          0,           0,        4588,      -6.496434583,      -6.510294074,      -6.696161761,      -6.260828985,      -5.883952059,      -7.944827737
          0,           0,        4589,      -6.495949513,      -6.506041719,      -6.694414446,      -6.256665435,      -5.883754815,      -7.944825259
          0,           0,        4590,      -6.479321495,      -6.490565361,      -6.689079058,      -6.254889555,      -5.866669558,      -7.944824751
          0,           0,        4591,      -6.498193255,      -6.510923524,      -6.709582325,      -6.282138117,      -5.885061722,      -7.944823438
          0,           0,        4592,      -6.520955495,      -6.531195088,      -6.713593858,      -6.261346717,      -5.907884874,      -7.944820517
          0,           0,        4593,      -6.481870084,      -6.494463618,      -6.694563222,      -6.259478782,      -5.870055368,      -7.944816899
          0,           0,        4594,       -6.49471906,      -6.505600586,      -6.698965744,      -6.272187425,      -5.883258886,      -7.944816817
          0,           0,        4595,       -6.50061294,      -6.513743185,      -6.701746886,      -6.278355771,      -5.888236182,      -7.944817129
          0,           0,        4596,      -6.519378169,      -6.531373161,      -6.718474623,      -6.281945462,      -5.905101761,      -7.944814342
          0,           0,        4597,      -6.484372819,      -6.493102144,      -6.696579173,       -6.25363101,      -5.870717738,      -7.944811579
          0,           0,        4598,      -6.478202139,      -6.488756402,      -6.697547105,      -6.270464512,      -5.865389807,      -7.944814102
          0,           0,        4599,      -6.509950169,       -6.52191213,      -6.719514627,      -6.292935565,      -5.897593069,       -7.94481643
          0,           0,        4600,      -6.529222317,      -6.544283636,       -6.71529328,      -6.285039467,      -5.916288338,      -7.944813645
          0,           0,        4601,      -6.491238933,      -6.501785384,      -6.692663099,      -6.264120434,      -5.878493769,      -7.944809235
          0,           0,        4602,      -6.466219374,      -6.475206366,      -6.681149726,      -6.262767831,      -5.852827152,      -7.944809854
          0,           0,        4603,      -6.492999244,      -6.501307625,      -6.712239176,      -6.283330717,      -5.879208934,      -7.944814549
          0,           0,        4604,      -6.520160103,      -6.532432535,      -6.734733257,      -6.288104285,       -5.90666776,      -7.944815726
          0,           0,        4605,      -6.502713883,      -6.514962151,      -6.703367547,      -6.269000474,      -5.891146391,      -7.944813342
          0,           0,        4606,      -6.469208466,      -6.479132364,      -6.677489552,      -6.262652016,      -5.859028102,      -7.944813971
          0,           0,        4607,      -6.478977305,      -6.489570538,      -6.690331215,      -6.284628921,      -5.867893358,       -7.94481749
          0,           0,        4608,      -6.533598559,        -6.5423064,      -6.727848972,      -6.300189906,      -5.920063669,      -7.944821271
          0,           0,        4609,      -6.511009845,      -6.524656067,      -6.721003156,      -6.276832167,      -5.896637224,      -7.944821696
          0,           0,        4610,      -6.488136626,      -6.497999606,      -6.700118456,      -6.270962135,      -5.874727343,      -7.944822713
          0,           0,        4611,      -6.479114598,      -6.489550507,       -6.70555957,      -6.278820889,      -5.867283994,      -7.944825377
          0,           0,        4612,      -6.525160398,      -6.539258344,      -6.727683405,      -6.309726711,      -5.913210706,      -7.944826027
          0,           0,        4613,      -6.547329522,      -6.556365509,      -6.726262418,       -6.29788018,      -5.934341548,      -7.944827618
          0,           0,        4614,      -6.504464022,      -6.518363593,       -6.70346961,      -6.285632806,      -5.890964296,      -7.944829258
          0,           0,        4615,      -6.504643278,      -6.514383371,      -6.713007061,      -6.292110854,      -5.890879481,      -7.944832635
          0,           0,        4616,      -6.520819633,      -6.535149827,       -6.73533035,      -6.299941439,      -5.907059576,      -7.944834814
          0,           0,        4617,       -6.53547496,      -6.551950724,      -6.733831668,      -6.297765472,      -5.922547326,      -7.944835756
          0,           0,        4618,      -6.504502726,      -6.513025008,      -6.698287478,      -6.284495693,      -5.893905493,      -7.944838183
          0,           0,        4619,      -6.492092908,      -6.505439237,      -6.690641745,      -6.282056417,      -5.880449865,       -7.94484096
          0,           0,        4620,      -6.501947438,      -6.512924343,      -6.712845491,      -6.287456685,      -5.889256975,      -7.944841351
          0,           0,        4621,      -6.518402239,      -6.534750667,      -6.729739406,      -6.284965361,      -5.903588369,      -7.944839723
          0,           0,        4622,      -6.487539577,       -6.50224017,      -6.710153898,      -6.268659246,      -5.873838639,      -7.944839491
          0,           0,        4623,      -6.477916605,      -6.486588238,      -6.695993572,      -6.281954929,      -5.866650082,      -7.944840126
          0,           0,        4624,      -6.497138268,      -6.510952749,       -6.71214333,      -6.284836198,      -5.885103814,      -7.944839794
          0,           0,        4625,      -6.511940572,      -6.524571864,      -6.721643063,      -6.279765864,      -5.899495618,      -7.944837213
          0,           0,        4626,      -6.501359319,      -6.514769248,      -6.705681499,      -6.272867704,      -5.887382025,      -7.944835978
          0,           0,        4627,      -6.476373462,      -6.488569137,      -6.697616879,      -6.273090569,      -5.862821409,      -7.944837093
          0,           0,        4628,      -6.497598966,      -6.506378009,      -6.722695578,      -6.300970916,      -5.884780476,      -7.944835997
          0,           0,        4629,      -6.538677937,      -6.549706177,      -6.751261624,       -6.29834333,      -5.925649479,      -7.944832691
          0,           0,        4630,      -6.519245601,      -6.531307922,      -6.727632177,      -6.285361589,      -5.908004129,      -7.944829099
          0,           0,        4631,      -6.524554236,      -6.537337562,      -6.709183161,      -6.307039856,      -5.912775007,      -7.944827488
          0,           0,        4632,      -6.515648012,      -6.529219961,      -6.717917617,      -6.310479094,      -5.902971611,      -7.944825725
          0,           0,        4633,      -6.545626136,       -6.55702663,      -6.746545688,      -6.316673551,      -5.930596849,      -7.944821821
          0,           0,        4634,      -6.528541158,      -6.536782827,      -6.739113734,      -6.283918887,      -5.914075869,      -7.944818576
          0,           0,        4635,      -6.500025991,      -6.512067821,      -6.716101131,      -6.287732046,       -5.88782703,      -7.944817059
          0,           0,        4636,      -6.518724777,      -6.529286428,      -6.713863367,      -6.313779875,      -5.907213757,      -7.944818004
          0,           0,        4637,       -6.53048121,      -6.543390483,       -6.72021546,      -6.315356049,      -5.918902531,      -7.944816726
          0,           0,        4638,      -6.531672872,      -6.543873109,      -6.726448341,      -6.295873866,      -5.917554281,      -7.944813346
          0,           0,        4639,      -6.495141722,       -6.50178794,      -6.705543121,      -6.278178805,      -5.881282456,      -7.944813677
          0,           0,        4640,      -6.489370893,      -6.501504372,        -6.7076942,      -6.288502616,      -5.875991427,      -7.944814028
          0,           0,        4641,      -6.507168112,      -6.516489742,      -6.722192897,      -6.304394654,      -5.894319173,      -7.944812824
          0,           0,        4642,      -6.524033044,      -6.536785019,      -6.725238853,      -6.298348665,      -5.912484982,      -7.944811207
          0,           0,        4643,      -6.503737697,      -6.516394272,      -6.703630342,      -6.275590611,      -5.892035478,      -7.944810463
          0,           0,        4644,      -6.481381497,      -6.488434233,      -6.684246047,      -6.278991713,      -5.869695317,      -7.944811617
          0,           0,        4645,      -6.495312161,      -6.507253169,       -6.70620166,      -6.293518537,      -5.881863024,      -7.944811542
          0,           0,        4646,      -6.505124994,      -6.514299789,      -6.729124863,      -6.288126728,      -5.891024451,      -7.944813769
          0,           0,        4647,      -6.501357977,       -6.51395607,      -6.722524843,      -6.275394832,      -5.888176989,      -7.944817366
          0,           0,        4648,      -6.482759394,      -6.494879378,      -6.696413932,      -6.265644407,      -5.871332576,      -7.944819969
          0,           0,        4649,      -6.474151982,      -6.481403093,       -6.68140193,       -6.28197972,      -5.864121686,      -7.944820614
          0,           0,        4650,       -6.51370301,      -6.526122225,       -6.71190717,      -6.300959539,      -5.901689294,      -7.944819801
          0,           0,        4651,       -6.50925144,      -6.520555178,      -6.723451446,      -6.274785778,      -5.896033575,      -7.944823896
          0,           0,        4652,      -6.488270765,       -6.50146441,      -6.708842197,      -6.265821696,      -5.874480283,      -7.944827152
          0,           0,        4653,      -6.475086172,      -6.487082867,      -6.701722632,       -6.27438088,      -5.862380973,      -7.944827618
          0,           0,        4654,      -6.503182585,      -6.512929971,       -6.72053359,      -6.309673676,      -5.891711571,      -7.944827452
          0,           0,        4655,      -6.549915891,      -6.561994845,      -6.745629954,      -6.301981703,      -5.936480024,      -7.944828035
          0,           0,        4656,      -6.508726932,      -6.522112083,      -6.718420065,      -6.277367124,       -5.89567719,      -7.944833724
          0,           0,        4657,      -6.512820378,      -6.526234906,      -6.711285722,      -6.297506496,      -5.898856826,      -7.944835502
          0,           0,        4658,      -6.512919484,      -6.525844531,      -6.728733852,      -6.311027212,      -5.899039697,      -7.944835569
          0,           0,        4659,      -6.555069436,      -6.569253446,      -6.755750925,       -6.32619006,      -5.942053997,      -7.944835997
          0,           0,        4660,      -6.536393632,       -6.54577953,      -6.735337344,      -6.289350924,      -5.925007916,      -7.944838063
          0,           0,        4661,       -6.50199472,      -6.516351387,      -6.704477907,      -6.292083476,      -5.891288329,      -7.944840101
          0,           0,        4662,      -6.522900289,      -6.535139066,      -6.712685619,      -6.314918266,      -5.910608898,      -7.944839982
          0,           0,        4663,      -6.531034292,       -6.54422555,      -6.729332624,      -6.312971803,      -5.916742169,      -7.944839895
          0,           0,        4664,      -6.525602467,      -6.538968247,      -6.736123058,      -6.288005614,       -5.91010848,      -7.944839465
          0,           0,        4665,      -6.488232831,      -6.495402891,      -6.711354509,      -6.273689116,      -5.875259173,      -7.944839408
          0,           0,        4666,      -6.489763753,      -6.502679487,      -6.707903541,      -6.290356301,      -5.878058024,      -7.944838765
          0,           0,        4667,      -6.520367169,      -6.530616555,      -6.721505983,      -6.310613455,       -5.90900386,       -7.94483979
          0,           0,        4668,      -6.526424657,      -6.539976565,      -6.719250385,      -6.299535351,      -5.914316491,      -7.944841031
          0,           0,        4669,      -6.499406426,      -6.511102084,      -6.706107003,      -6.273091924,      -5.885745211,      -7.944839332
          0,           0,        4670,      -6.475444025,      -6.482158441,      -6.695054236,       -6.27863091,      -5.862182441,      -7.944837655
          0,           0,        4671,       -6.49622865,      -6.508301631,      -6.719086313,      -6.297482189,      -5.882762355,       -7.94483584
          0,           0,        4672,      -6.514412946,      -6.523483191,       -6.73391182,      -6.290307391,      -5.901435858,      -7.944835907
          0,           0,        4673,      -6.500511758,      -6.513376292,      -6.708472712,      -6.274934779,         -5.888751,      -7.944833847
          0,           0,        4674,      -6.483660873,       -6.49386927,       -6.68774682,      -6.269851277,       -5.87235186,      -7.944829235
          0,           0,        4675,      -6.485912685,      -6.493942437,      -6.695331673,       -6.29566259,      -5.874290357,      -7.944825776
          0,           0,        4676,      -6.538761775,      -6.551653949,      -6.742451147,      -6.314324433,      -5.924902697,      -7.944823821
          0,           0,        4677,      -6.516638925,      -6.528078539,      -6.733914851,      -6.280142561,      -5.902983087,      -7.944824607
          0,           0,        4678,      -6.500414418,      -6.513682133,      -6.708767992,      -6.285462235,      -5.888236026,      -7.944822136
          0,           0,        4679,        -6.5004003,      -6.512254719,       -6.71062218,      -6.299491311,      -5.889057118,      -7.944818965
          0,           0,        4680,      -6.539263418,      -6.549693603,      -6.729211615,       -6.32785482,      -5.927133878,       -7.94481787
          0,           0,        4681,      -6.550311439,      -6.562049287,      -6.740328244,      -6.297651631,      -5.935613669,      -7.944816884
          0,           0,        4682,      -6.497256822,      -6.511093288,      -6.716509806,        -6.2803174,      -5.883334016,      -7.944816433
          0,           0,        4683,      -6.512462148,       -6.52675185,      -6.725381628,      -6.302607185,       -5.89873411,       -7.94481326
          0,           0,        4684,      -6.531697519,      -6.547659573,      -6.739519116,      -6.318043753,      -5.918915679,      -7.944811416
          0,           0,        4685,      -6.553690036,      -6.565781883,      -6.735299026,      -6.318998311,      -5.941779401,      -7.944811188
          0,           0,        4686,      -6.515866923,      -6.525503545,      -6.711110257,      -6.288126284,      -5.903667922,      -7.944809109
          0,           0,        4687,      -6.500467982,      -6.516514247,      -6.707880494,      -6.293947342,      -5.887400137,      -7.944808698
          0,           0,        4688,      -6.530049403,      -6.542767483,       -6.74026597,      -6.312537068,      -5.915947663,      -7.944809497
          0,           0,        4689,      -6.528514189,      -6.542916907,      -6.736190312,       -6.29973674,       -5.91469409,      -7.944810875
          0,           0,        4690,       -6.50926514,       -6.52190559,      -6.717278733,      -6.285272172,      -5.897357585,       -7.94481037
          0,           0,        4691,      -6.498254645,      -6.506581859,      -6.709656343,      -6.294727317,      -5.887700773,      -7.944808722
          0,           0,        4692,      -6.531133835,      -6.548306289,      -6.732446458,      -6.312219239,      -5.918617648,      -7.944811534
          0,           0,        4693,      -6.537544443,      -6.546410764,      -6.735970918,      -6.299347399,      -5.923483286,      -7.944813888
          0,           0,        4694,      -6.508091075,      -6.521074096,      -6.714710334,      -6.289395396,      -5.893546145,      -7.944814571
          0,           0,        4695,      -6.495820703,      -6.506756978,      -6.720858785,      -6.289178347,      -5.882016995,      -7.944813248
          0,           0,        4696,      -6.533072952,      -6.541167888,      -6.740866892,      -6.319882527,      -5.920465067,      -7.944814387
          0,           0,        4697,      -6.557274914,      -6.572988059,      -6.743152925,      -6.312410542,      -5.944419864,      -7.944817878
          0,           0,        4698,       -6.52500638,      -6.535247019,      -6.713380802,      -6.305350589,      -5.912998075,       -7.94481832
          0,           0,        4699,      -6.518576009,      -6.532626695,      -6.708961455,      -6.307484727,      -5.905468399,      -7.944818999
          0,           0,        4700,      -6.529624154,       -6.54374591,      -6.736491969,      -6.312985316,      -5.915811687,       -7.94482082
          0,           0,        4701,      -6.548860554,      -6.558993921,      -6.746228091,       -6.31531195,      -5.935547264,      -7.944822769
          0,           0,        4702,      -6.512794356,      -6.528113632,       -6.71693317,      -6.294238059,      -5.901096144,      -7.944823889
          0,           0,        4703,      -6.502715307,      -6.512345906,      -6.699270883,      -6.299153594,      -5.891609661,      -7.944823234
          0,           0,        4704,      -6.507873922,      -6.520535658,      -6.706980499,       -6.29667092,      -5.895211365,      -7.944824684
          0,           0,        4705,      -6.519380088,      -6.532910978,      -6.722510098,      -6.292989783,      -5.905112681,      -7.944827895
          0,           0,        4706,      -6.503551827,      -6.510693175,      -6.716146382,      -6.275985757,      -5.889086446,      -7.944828559
          0,           0,        4707,      -6.479033618,      -6.490399747,      -6.705595869,      -6.282182351,       -5.86600639,      -7.944828567
          0,           0,        4708,      -6.494164166,      -6.503773409,      -6.712908553,      -6.290665025,      -5.882508416,      -7.944829828
          0,           0,        4709,       -6.51427055,      -6.526662872,        -6.7217114,      -6.293552126,      -5.902877401,      -7.944833287
          0,           0,        4710,      -6.512733559,      -6.525931431,      -6.710760456,      -6.289953666,      -5.901279776,      -7.944834533
          0,           0,        4711,      -6.497659918,      -6.505867909,      -6.696279841,      -6.278361124,       -5.88483717,       -7.94483282
          0,           0,        4712,      -6.484124994,      -6.493096719,      -6.703857646,      -6.291345281,      -5.870680323,      -7.944832076
          0,           0,        4713,      -6.517100419,      -6.529799187,      -6.739657782,      -6.296590556,      -5.903287506,      -7.944833644
          0,           0,        4714,      -6.517910577,       -6.52998588,      -6.736880996,      -6.281676767,       -5.90466328,       -7.94483429
          0,           0,        4715,      -6.506595601,      -6.518990571,      -6.710415547,      -6.295189868,      -5.895800156,      -7.944832928
          0,           0,        4716,      -6.517234384,      -6.528991879,      -6.713242175,      -6.306690477,      -5.906294354,      -7.944831846
          0,           0,        4717,      -6.546255216,      -6.555762333,      -6.737411171,      -6.331493654,      -5.933351649,      -7.944832551
          0,           0,        4718,       -6.55403969,      -6.571363541,      -6.750043841,         -6.304199,      -5.938846706,      -7.944831755
          0,           0,        4719,       -6.51180189,      -6.522166106,      -6.725195601,      -6.292814063,      -5.897840744,      -7.944829544
          0,           0,        4720,      -6.519775209,      -6.533335447,      -6.722154041,      -6.309595166,      -5.906993918,      -7.944829134
          0,           0,        4721,      -6.538930791,       -6.55373959,      -6.739764264,      -6.318359332,       -5.92666031,      -7.944828806
          0,           0,        4722,      -6.550496936,      -6.560491614,       -6.72989998,      -6.310987267,      -5.938074137,      -7.944827435
          0,           0,        4723,       -6.50431045,      -6.518176053,      -6.705779842,      -6.282422479,      -5.891362854,      -7.944823094
          0,           0,        4724,      -6.507606451,       -6.51675416,      -6.713451136,      -6.300030415,      -5.894443713,      -7.944819373
          0,           0,        4725,      -6.532174938,      -6.547300195,      -6.737046249,      -6.303036058,      -5.918439835,      -7.944821616
          0,           0,        4726,      -6.522184793,      -6.535480205,       -6.72633406,       -6.28781637,      -5.909582247,      -7.944821766
          0,           0,        4727,      -6.499680863,      -6.508162389,      -6.700321377,      -6.277805914,      -5.888591155,      -7.944819239
          0,           0,        4728,      -6.498854017,      -6.512204678,      -6.708364667,      -6.296243512,      -5.887018127,      -7.944814424
          0,           0,        4729,      -6.550845908,       -6.56130162,      -6.737076871,       -6.30927407,      -5.936840127,      -7.944813772
          0,           0,        4730,      -6.515370791,      -6.530098552,       -6.72416821,      -6.283367116,      -5.901066088,       -7.94481628
          0,           0,        4731,      -6.507309644,       -6.51950561,      -6.714663294,      -6.289092149,       -5.89371112,      -7.944813048
          0,           0,        4732,      -6.511231698,      -6.520228542,      -6.723339122,      -6.299914179,      -5.899409961,       -7.94480858
          0,           0,        4733,      -6.545489006,      -6.561940198,      -6.732989283,       -6.31962079,       -5.93293362,       -7.94480578
          0,           0,        4734,      -6.532617622,      -6.544311892,      -6.713357563,       -6.29167744,      -5.919650621,      -7.944807292
          0,           0,        4735,        -6.5020028,      -6.515052792,      -6.697867091,      -6.293900363,      -5.888377124,      -7.944807841
          0,           0,        4736,      -6.511647159,      -6.524200404,      -6.715679511,      -6.302271476,      -5.897522258,      -7.944804727
          0,           0,        4737,      -6.537125705,       -6.54755807,      -6.736575082,      -6.300183819,      -5.923487895,      -7.944805637
          0,           0,        4738,      -6.515027646,      -6.527286237,      -6.716142664,      -6.283216425,      -5.903445034,      -7.944806738
          0,           0,        4739,      -6.489161545,      -6.500483876,      -6.690943064,      -6.281390876,      -5.878904997,      -7.944807964
          0,           0,        4740,      -6.508228283,      -6.520787279,      -6.704418055,      -6.294147319,      -5.896173295,      -7.944807732
          0,           0,        4741,      -6.515029836,      -6.525677229,      -6.713671492,      -6.279706318,      -5.901469734,       -7.94480856
          0,           0,        4742,      -6.501592027,      -6.511418794,      -6.715814867,      -6.274636725,      -5.887116611,      -7.944810631
          0,           0,        4743,      -6.495422625,      -6.504160834,      -6.715110506,      -6.281306392,      -5.881898883,      -7.944808592
          0,           0,        4744,      -6.519181852,       -6.53066963,       -6.72971714,      -6.301098266,      -5.906723609,      -7.944809653
          0,           0,        4745,      -6.541716827,      -6.551285817,        -6.7295767,      -6.285583558,      -5.928401503,      -7.944812372
          0,           0,        4746,      -6.507961408,      -6.518083417,      -6.702159197,      -6.281459941,      -5.895517737,      -7.944816257
          0,           0,        4747,      -6.522508841,      -6.536123193,      -6.716719714,       -6.29371704,       -5.90908983,      -7.944817197
          0,           0,        4748,      -6.529115538,      -6.540315498,      -6.722019338,      -6.286550457,      -5.915241344,      -7.944815499
          0,           0,        4749,      -6.501235138,      -6.515233478,      -6.704000955,      -6.259505446,      -5.888579948,      -7.944818633
          0,           0,        4750,      -6.482258181,      -6.490890295,      -6.693424914,      -6.262091436,      -5.870663007,       -7.94482134
          0,           0,        4751,      -6.497517147,      -6.512345944,      -6.688762262,      -6.258274623,      -5.885041781,      -7.944822342
          0,           0,        4752,      -6.486636944,       -6.49918367,      -6.687865187,      -6.255224715,      -5.873567026,      -7.944821308
          0,           0,        4753,      -6.482171098,      -6.491926556,      -6.682481585,      -6.243210409,      -5.868652326,      -7.944820527
          0,           0,        4754,      -6.468943212,      -6.480403861,      -6.693764429,      -6.248701746,      -5.855974681,      -7.944823447
          0,           0,        4755,      -6.504953502,      -6.514091054,      -6.703391485,      -6.262627633,      -5.892665033,       -7.94482353
          0,           0,        4756,      -6.493429328,      -6.508200516,      -6.686915822,      -6.246292704,      -5.881328071,      -7.944822427
          0,           0,        4757,      -6.484201124,      -6.497717271,      -6.692663834,      -6.266490352,      -5.872242143,       -7.94482159
          0,           0,        4758,        -6.5112888,      -6.521426273,      -6.702849332,      -6.270172062,      -5.898274409,      -7.944821498
          0,           0,        4759,      -6.513412187,      -6.525610963,      -6.709688899,      -6.270311661,      -5.899248174,      -7.944821934
          0,           0,        4760,       -6.49525694,      -6.504700965,      -6.697839846,      -6.256461247,      -5.882302243,      -7.944818342
          0,           0,        4761,      -6.481180289,      -6.494930687,      -6.688089255,      -6.267280705,      -5.868994235,      -7.944816214
          0,           0,        4762,      -6.500510266,      -6.513377651,      -6.691774044,      -6.253173016,      -5.887854046,      -7.944815274
          0,           0,        4763,      -6.477237842,      -6.485005421,      -6.676801495,      -6.245001866,      -5.865278227,      -7.944812624
          0,           0,        4764,      -6.474255973,       -6.48294898,      -6.681419306,      -6.244703174,      -5.861399301,      -7.944809936
          0,           0,        4765,      -6.468539126,       -6.47946599,      -6.692636765,      -6.254157442,      -5.855989254,      -7.944807348
          0,           0,        4766,       -6.50970655,      -6.523488631,       -6.71383405,      -6.275434331,      -5.896410284,      -7.944808186
          0,           0,        4767,      -6.498377597,      -6.509058299,      -6.700789161,      -6.257244765,      -5.886343047,      -7.944807127
          0,           0,        4768,      -6.497576515,      -6.506902394,      -6.700648659,      -6.275808607,      -5.886193053,      -7.944802295
          0,           0,        4769,      -6.522194265,      -6.530909685,      -6.713315704,      -6.291502886,      -5.909832617,      -7.944800141
          0,           0,        4770,      -6.528318138,      -6.542074214,      -6.718010091,      -6.285913692,      -5.914710448,      -7.944799536
          0,           0,        4771,      -6.501534419,      -6.511364078,      -6.710612178,      -6.269944263,      -5.887641046,      -7.944798919
          0,           0,        4772,      -6.480286156,      -6.489648346,       -6.69900623,      -6.272926297,      -5.867828911,      -7.944794868
          0,           0,        4773,      -6.508719594,      -6.519380288,      -6.717645008,      -6.286980534,       -5.89602877,      -7.944791157
          0,           0,        4774,      -6.524094967,      -6.533660157,      -6.716612044,      -6.292829168,      -5.911612424,      -7.944791905
          0,           0,        4775,      -6.513142804,       -6.52520865,      -6.708074672,      -6.283230436,      -5.900304225,       -7.94479239
          0,           0,        4776,      -6.488563972,      -6.498367425,      -6.703262239,      -6.274477344,      -5.875063679,      -7.944790929
          0,           0,        4777,      -6.498329977,      -6.510875849,      -6.715718606,      -6.295854892,      -5.884789061,      -7.944789447
          0,           0,        4778,      -6.544693499,      -6.558711276,      -6.749394056,      -6.307324006,      -5.930973399,       -7.94479121
          0,           0,        4779,      -6.530368616,      -6.541108993,      -6.721192664,      -6.295181345,      -5.918589331,       -7.94479348
          0,           0,        4780,      -6.515205653,       -6.52815187,       -6.70633659,      -6.291099581,      -5.903985375,      -7.944792035
          0,           0,        4781,      -6.511996836,      -6.524306293,      -6.716195104,      -6.298537956,       -5.89998225,      -7.944790317
          0,           0,        4782,      -6.541695131,      -6.559762518,      -6.734259999,      -6.309886707,      -5.927047814,      -7.944791981
          0,           0,        4783,      -6.519620198,      -6.534992368,      -6.725567945,       -6.28187366,      -5.904759439,      -7.944793411
          0,           0,        4784,      -6.500706507,      -6.510307234,      -6.705669035,      -6.285939899,      -5.887826259,      -7.944793056
          0,           0,        4785,      -6.508949728,      -6.519967697,      -6.720912961,      -6.288382526,      -5.896807607,      -7.944792204
          0,           0,        4786,      -6.531624189,      -6.544863812,      -6.725805142,      -6.293901343,      -5.919723935,      -7.944795129
          0,           0,        4787,      -6.514297106,      -6.528446172,      -6.709198304,      -6.281228764,      -5.901490445,      -7.944799164
          0,           0,        4788,      -6.486587052,      -6.499646937,      -6.695141021,      -6.280713705,      -5.873274152,      -7.944798178
          0,           0,        4789,      -6.497607092,      -6.507630943,      -6.710203142,      -6.281283733,      -5.883808742,      -7.944797379
          0,           0,        4790,      -6.514632509,      -6.525076691,      -6.737057873,      -6.281918342,      -5.900700948,      -7.944799284
          0,           0,        4791,      -6.517398016,      -6.531142244,      -6.722847302,      -6.283935246,      -5.905075897,      -7.944801963
          0,           0,        4792,      -6.499428635,      -6.510705133,      -6.700809895,      -6.283784245,      -5.888221451,      -7.944801384
          0,           0,        4793,      -6.506807372,      -6.519076254,      -6.709149091,      -6.305528365,      -5.895276411,      -7.944797985
          0,           0,        4794,      -6.540529553,      -6.553643206,      -6.739030026,      -6.295793695,         -5.926894,      -7.944800606
          0,           0,        4795,      -6.513742185,      -6.522907174,      -6.727985961,      -6.278226257,      -5.899893394,      -7.944804494
          0,           0,        4796,      -6.511623506,      -6.526197046,      -6.717624029,      -6.297313625,      -5.898104008,      -7.944803655
          0,           0,        4797,      -6.518078847,      -6.528910825,      -6.730866733,      -6.306253705,      -5.905282017,      -7.944799514
          0,           0,        4798,      -6.540821694,      -6.555588018,      -6.734160737,      -6.312570125,      -5.927500776,      -7.944800191
          0,           0,        4799,      -6.521115792,      -6.533843379,      -6.719266006,      -6.276851895,      -5.907318254,      -7.944804794
          0,           0,        4800,      -6.501272012,      -6.509633142,      -6.705527234,      -6.285700978,      -5.887848577,       -7.94480376
          0,           0,        4801,      -6.522835526,      -6.535551319,       -6.72723291,      -6.310941221,      -5.909014182,      -7.944799199
          0,           0,        4802,      -6.544431359,      -6.555190204,      -6.747128854,      -6.311231884,      -5.931016429,       -7.94479532
          0,           0,        4803,      -6.531573006,      -6.546330011,      -6.728624122,      -6.295327704,       -5.91963487,      -7.944795744
          0,           0,        4804,      -6.499494017,      -6.510971103,       -6.70285961,      -6.284532844,      -5.888656807,      -7.944795805
          0,           0,        4805,      -6.515164665,      -6.524132446,      -6.708429852,      -6.305950769,      -5.903315547,      -7.944792995
          0,           0,        4806,      -6.537117718,      -6.548208057,      -6.738091236,      -6.307470236,      -5.923234179,      -7.944791053
          0,           0,        4807,      -6.518483889,      -6.528144464,      -6.732245189,      -6.282378607,      -5.903736421,      -7.944790384
          0,           0,        4808,      -6.489391638,      -6.502956434,      -6.711413937,      -6.272354365,        -5.8758405,      -7.944790053
          0,           0,        4809,      -6.490112314,      -6.502641451,      -6.715949259,      -6.292217008,      -5.878370743,      -7.944787039
          0,           0,        4810,      -6.545547804,      -6.555549925,      -6.737179284,      -6.316143826,      -5.933204495,       -7.94478489
          0,           0,        4811,      -6.529405581,      -6.539825846,      -6.726724547,      -6.287442301,      -5.916540902,      -7.944784074
          0,           0,        4812,      -6.509303165,       -6.52073148,      -6.709081496,      -6.286382353,      -5.896049333,      -7.944781596
          0,           0,        4813,      -6.499801128,      -6.514421222,      -6.720547793,      -6.294510911,      -5.885830979,      -7.944777877
          0,           0,        4814,      -6.537167247,      -6.552481986,      -6.746533583,      -6.324844473,      -5.923441055,      -7.944774346
          0,           0,        4815,      -6.562945774,      -6.573636095,      -6.745099449,       -6.31177706,      -5.950269477,       -7.94477499
          0,           0,        4816,      -6.517613031,      -6.527185235,      -6.713898759,       -6.29333461,      -5.906442517,       -7.94477432
          0,           0,        4817,       -6.52039865,      -6.534169551,      -6.710757698,      -6.305695107,      -5.908766186,      -7.944770667
          0,           0,        4818,      -6.533251214,      -6.546883409,      -6.730782184,      -6.317368294,       -5.91982155,      -7.944767196
          0,           0,        4819,      -6.544666304,      -6.557598378,      -6.737739949,      -6.313814544,      -5.929814062,      -7.944766791
          0,           0,        4820,       -6.50826921,      -6.518249159,      -6.720063823,      -6.285561978,      -5.895014444,      -7.944767427
          0,           0,        4821,      -6.497832396,      -6.506548854,       -6.70955568,      -6.288474277,      -5.885821377,      -7.944763806
          0,           0,        4822,      -6.512230612,       -6.52693253,        -6.7165074,      -6.304812309,      -5.900799202,      -7.944759422
          0,           0,        4823,      -6.534531297,       -6.54535519,       -6.72435032,      -6.311123497,       -5.92231198,      -7.944758669
          0,           0,        4824,      -6.516259346,      -6.527915043,      -6.710256761,      -6.289547723,      -5.902558886,      -7.944759855
          0,           0,        4825,       -6.48254196,       -6.49210192,      -6.701892261,      -6.276610549,      -5.869107796,      -7.944759943
          0,           0,        4826,      -6.489991012,      -6.498034849,      -6.715789667,      -6.285522759,      -5.876936466,      -7.944757769
          0,           0,        4827,      -6.513828572,      -6.527276043,      -6.734358643,      -6.301288903,       -5.90145832,      -7.944759333
          0,           0,        4828,      -6.521875774,      -6.530599235,      -6.725226095,      -6.298569109,      -5.911057914,      -7.944762442
          0,           0,        4829,      -6.501682503,       -6.51430856,      -6.695775086,      -6.281199059,      -5.890289029,      -7.944763769
          0,           0,        4830,      -6.473425082,      -6.482003438,      -6.687330745,      -6.274691856,      -5.861440638,      -7.944764883
          0,           0,        4831,      -6.498830313,      -6.506577389,      -6.714812008,      -6.289522065,      -5.885187052,      -7.944766575
          0,           0,        4832,      -6.513535375,       -6.52647641,      -6.737058291,      -6.290624956,      -5.898983317,      -7.944770032
          0,           0,        4833,       -6.50094964,      -6.509942561,      -6.722297719,      -6.282858465,      -5.888369726,      -7.944771117
          0,           0,        4834,      -6.488428998,       -6.50176291,      -6.701394415,      -6.277687946,      -5.877347247,      -7.944772486
          0,           0,        4835,      -6.488820532,      -6.499225741,      -6.704852584,      -6.295968641,      -5.878284002,      -7.944775789
          0,           0,        4836,      -6.540512962,      -6.548934686,      -6.735956102,      -6.315597372,      -5.927823237,      -7.944780852
          0,           0,        4837,      -6.522092096,      -6.535144954,      -6.730845712,      -6.287266625,      -5.907402752,       -7.94478461
          0,           0,        4838,      -6.502463514,      -6.510501117,       -6.71936486,      -6.284687701,      -5.888219979,      -7.944786882
          0,           0,        4839,      -6.494435269,      -6.507834965,      -6.724102714,      -6.291768623,      -5.881017578,       -7.94479071
          0,           0,        4840,      -6.534910678,       -6.54842875,      -6.742367467,      -6.325105225,      -5.922935627,      -7.944796133
          0,           0,        4841,      -6.567656564,      -6.578008317,      -6.745764448,      -6.315959546,      -5.955172443,      -7.944799654
          0,           0,        4842,        -6.5196471,      -6.531150838,      -6.712819719,      -6.299916365,      -5.907163104,      -7.944801752
          0,           0,        4843,      -6.520345255,      -6.532153769,       -6.72044322,      -6.306143444,      -5.907151502,      -7.944804158
          0,           0,        4844,      -6.532163195,      -6.547072651,      -6.746370666,      -6.316325851,      -5.917459546,      -7.944808868
          0,           0,        4845,       -6.55108296,      -6.564170422,      -6.747160629,      -6.315599345,      -5.937541689,      -7.944812475
          0,           0,        4846,      -6.512176816,      -6.524409198,      -6.716584155,      -6.291630633,      -5.900609486,      -7.944813593
          0,           0,        4847,      -6.500972936,        -6.5119301,      -6.702056437,      -6.294593258,      -5.889701767,       -7.94481601
          0,           0,        4848,      -6.515865326,      -6.532507188,      -6.724311264,      -6.299060288,      -5.903407647,      -7.944821887
          0,           0,        4849,      -6.527724087,      -6.540307353,      -6.732144314,      -6.300760151,      -5.913509711,      -7.944825051
          0,           0,        4850,      -6.505616008,      -6.518989994,      -6.713666963,      -6.283880768,        -5.8913095,      -7.944824667
          0,           0,        4851,      -6.481714412,      -6.493143236,      -6.708794923,        -6.2859801,      -5.868838174,      -7.944823421
          0,           0,        4852,      -6.511499318,      -6.523051289,      -6.726479357,       -6.30066869,      -5.898976117,      -7.944827108
          0,           0,        4853,      -6.529971849,       -6.54410651,      -6.735731067,      -6.297019579,      -5.917609432,       -7.94482942
          0,           0,        4854,       -6.51208819,       -6.52270204,      -6.710112364,      -6.294278744,      -5.899916681,      -7.944828133
          0,           0,        4855,      -6.501033022,      -6.513264657,        -6.7010481,      -6.292517449,       -5.88832269,      -7.944825577
          0,           0,        4856,      -6.502662684,       -6.51506607,      -6.725528372,      -6.307569051,      -5.889393739,       -7.94482386
          0,           0,        4857,      -6.551199674,      -6.564105879,      -6.754666731,      -6.317051558,      -5.937556696,      -7.944825383
          0,           0,        4858,      -6.530721041,      -6.543923844,      -6.735951777,      -6.298547141,      -5.918507965,      -7.944824042
          0,           0,        4859,       -6.52348473,      -6.534096902,      -6.710604885,      -6.308877111,      -5.912271346,      -7.944821777
          0,           0,        4860,      -6.517614383,      -6.531817594,      -6.715939808,      -6.312298587,      -5.905506734,      -7.944820602
          0,           0,        4861,      -6.546791708,      -6.561379813,      -6.742299439,      -6.323278494,      -5.932068343,      -7.944817439
          0,           0,        4862,      -6.538653791,      -6.550314917,      -6.739688329,      -6.296224925,      -5.923417027,      -7.944814952
          0,           0,        4863,      -6.509198146,      -6.520095187,      -6.720398296,      -6.296959923,      -5.895926908,       -7.94480998
          0,           0,        4864,      -6.517455438,      -6.528850063,      -6.722371175,      -6.309758378,      -5.905560184,      -7.944808061
          0,           0,        4865,      -6.543007319,      -6.558366026,      -6.737316151,       -6.31527177,      -5.931286933,      -7.944806751
          0,           0,        4866,       -6.53334705,      -6.546551963,      -6.723257925,        -6.2959421,      -5.920710574,      -7.944801272
          0,           0,        4867,      -6.500120511,      -6.509469046,      -6.703147372,      -6.284287023,      -5.887146468,      -7.944797286
          0,           0,        4868,      -6.507828621,      -6.517128592,      -6.717858648,      -6.298359404,      -5.893935788,      -7.944795094
          0,           0,        4869,      -6.523291498,      -6.536270752,      -6.742064015,       -6.29689548,      -5.909225421,      -7.944796246
          0,           0,        4870,      -6.523877111,      -6.535711244,      -6.734754472,      -6.288447686,      -5.910984844,      -7.944793582
          0,           0,        4871,      -6.502276751,      -6.511902735,      -6.706537222,      -6.283683871,      -5.890964156,      -7.944788024
          0,           0,        4872,      -6.510677271,      -6.522262474,      -6.718434912,      -6.308566813,      -5.899291815,      -7.944787076
          0,           0,        4873,      -6.559710308,      -6.569986582,      -6.746355241,      -6.318805297,      -5.945775398,      -7.944786818
          0,           0,        4874,      -6.521440381,      -6.535127138,      -6.734041196,      -6.289858576,      -5.907724873,      -7.944786662
          0,           0,        4875,      -6.519222023,      -6.528928686,      -6.723388684,       -6.29826768,      -5.905540434,      -7.944782976
          0,           0,        4876,      -6.513460297,      -6.523700573,      -6.725093471,      -6.308812864,      -5.901221526,      -7.944781401
          0,           0,        4877,      -6.556409578,      -6.570696145,      -6.743623131,      -6.329264642,       -5.94369618,      -7.944783952
          0,           0,        4878,      -6.541437863,       -6.55287691,      -6.724172909,      -6.295953307,      -5.927767364,      -7.944783839
          0,           0,        4879,      -6.504562234,      -6.517070866,        -6.7076186,      -6.289904058,       -5.89133006,      -7.944784654
          0,           0,        4880,      -6.515496745,      -6.525197365,      -6.720530361,      -6.301805879,      -5.901890494,      -7.944784962
          0,           0,        4881,       -6.53660294,      -6.549770024,      -6.736563258,      -6.309982556,      -5.923482474,      -7.944786258
          0,           0,        4882,      -6.529361289,      -6.543173493,      -6.726481413,      -6.293021074,      -5.917638701,      -7.944788261
          0,           0,        4883,      -6.492748442,       -6.50330712,      -6.691749849,      -6.280119338,       -5.88190359,      -7.944787958
          0,           0,        4884,      -6.499644022,      -6.512512282,      -6.700156465,      -6.290023431,      -5.887697396,      -7.944789792
          0,           0,        4885,      -6.516673588,       -6.52840212,      -6.719025522,       -6.28816461,      -5.903031638,      -7.944792104
          0,           0,        4886,      -6.506094765,      -6.520600994,      -6.719579547,      -6.278711361,      -5.891498092,      -7.944793034
          0,           0,        4887,      -6.481418518,      -6.494632185,      -6.708252595,      -6.266727993,      -5.868273876,      -7.944794777
          0,           0,        4888,      -6.491371567,      -6.501397092,      -6.710231364,      -6.295152374,      -5.879649008,      -7.944797004
          0,           0,        4889,      -6.543193387,      -6.556529744,      -6.739889934,       -6.30346118,      -5.930519283,      -7.944802905
          0,           0,        4890,      -6.525645259,      -6.537874543,      -6.719743767,       -6.28556489,      -5.912777626,      -7.944805847
          0,           0,        4891,      -6.508932381,      -6.522228769,      -6.705383822,      -6.287735367,      -5.895488361,      -7.944806906
          0,           0,        4892,      -6.504770599,      -6.518794892,      -6.720666383,      -6.291672756,      -5.890985092,      -7.944810246
          0,           0,        4893,      -6.546469172,      -6.555843059,      -6.742843807,      -6.307873821,      -5.933123665,      -7.944814719
          0,           0,        4894,      -6.529301694,       -6.53957875,      -6.724220415,      -6.279994865,      -5.917268342,      -7.944819196
          0,           0,        4895,      -6.509778085,      -6.522925707,      -6.710357541,      -6.294710899,      -5.898444134,      -7.944819474
          0,           0,        4896,      -6.532064867,      -6.543006678,      -6.726153887,      -6.295229164,      -5.919608483,      -7.944821254
          0,           0,        4897,      -6.517951022,      -6.530171389,      -6.715139003,      -6.273913694,      -5.903894571,      -7.944826943
          0,           0,        4898,       -6.49218793,      -6.501909361,       -6.70783893,      -6.266511058,       -5.87814171,      -7.944831136
          0,           0,        4899,      -6.493395994,      -6.501707394,      -6.710357256,      -6.280939297,      -5.880268919,      -7.944833491
          0,           0,        4900,      -6.522989469,      -6.537866979,       -6.72345415,      -6.287501657,      -5.909801785,       -7.94483534
          0,           0,        4901,       -6.51120176,      -6.519853517,      -6.712705443,      -6.273032992,      -5.898950456,      -7.944839233
          0,           0,        4902,      -6.506676198,      -6.519690567,      -6.705603279,      -6.286523417,      -5.894377528,      -7.944842227
          0,           0,        4903,      -6.514548402,      -6.527041324,      -6.722454082,      -6.295065518,      -5.901944647,      -7.944841664
          0,           0,        4904,       -6.54578257,       -6.55695021,      -6.735669137,       -6.30428646,      -5.932423134,      -7.944841857
          0,           0,        4905,      -6.525366916,      -6.539400983,      -6.725038708,      -6.287072381,      -5.913015484,      -7.944843427
          0,           0,        4906,      -6.520052639,      -6.528207054,      -6.715464698,      -6.297754198,      -5.908461374,       -7.94484461
          0,           0,        4907,      -6.527790221,      -6.541540061,      -6.718678129,      -6.303248459,      -5.914917127,      -7.944843821
          0,           0,        4908,      -6.530282876,      -6.543304363,      -6.718113981,       -6.28446491,      -5.916254761,      -7.944842142
          0,           0,        4909,      -6.504825773,      -6.513107446,      -6.706357754,      -6.278106547,      -5.890740832,      -7.944844052
          0,           0,        4910,       -6.49446525,      -6.505531457,      -6.708381782,      -6.284669452,      -5.881482993,       -7.94484507
          0,           0,        4911,      -6.528748451,      -6.537708437,      -6.721794552,      -6.297471154,      -5.916158672,      -7.944842172
          0,           0,        4912,      -6.517987417,       -6.53212403,      -6.712487997,      -6.283279433,      -5.905787177,      -7.944839174
          0,           0,        4913,      -6.514443975,      -6.528399315,      -6.704696287,      -6.290517257,      -5.902271541,      -7.944837906
          0,           0,        4914,      -6.515128301,      -6.522591366,      -6.711392785,      -6.298034018,      -5.902790626,      -7.944837797
          0,           0,        4915,      -6.537395511,      -6.550667194,      -6.729718623,      -6.301916738,      -5.923168065,      -7.944833689
          0,           0,        4916,      -6.525290712,      -6.536568122,      -6.726026227,      -6.281606159,      -5.911699937,       -7.94482857
          0,           0,        4917,      -6.501327995,       -6.51512814,      -6.708590188,      -6.282245408,      -5.888921512,      -7.944828397
          0,           0,        4918,      -6.517704731,      -6.533557697,      -6.713704984,       -6.29701053,      -5.905260997,       -7.94482979
          0,           0,        4919,      -6.536479535,      -6.545629837,      -6.716471863,      -6.290528805,      -5.923592176,      -7.944827221
          0,           0,        4920,      -6.508608021,      -6.519854393,      -6.702112063,      -6.266942528,      -5.894557368,      -7.944821306
          0,           0,        4921,      -6.484259399,      -6.496324427,       -6.69973604,      -6.266832955,      -5.870972797,      -7.944819134
          0,           0,        4922,      -6.502587109,        -6.5169426,      -6.703750942,      -6.264625448,      -5.889041716,      -7.944822039
          0,           0,        4923,      -6.491060273,       -6.50545782,      -6.694400121,      -6.264710681,      -5.878491616,      -7.944820342
          0,           0,        4924,      -6.497969434,      -6.508107888,      -6.690984354,      -6.254651655,      -5.886353845,      -7.944815232
          0,           0,        4925,      -6.483643554,      -6.492194465,      -6.693347324,       -6.26046293,      -5.871713744,      -7.944812273
          0,           0,        4926,      -6.506714502,      -6.517904662,      -6.708082251,      -6.266863362,        -5.8932879,      -7.944811744
          0,           0,        4927,      -6.497653082,      -6.506254232,      -6.702703252,      -6.250219102,      -5.883542541,      -7.944812797
          0,           0,        4928,      -6.481682921,       -6.49416275,      -6.698849789,       -6.26717578,      -5.868503577,      -7.944811364
          0,           0,        4929,      -6.511503795,      -6.523015324,      -6.709348846,      -6.271033895,      -5.898389634,      -7.944811134
          0,           0,        4930,      -6.523860156,      -6.534640483,      -6.709019534,      -6.279548863,      -5.911024496,      -7.944812502
          0,           0,        4931,      -6.500613953,      -6.513718478,      -6.697324267,      -6.258102392,      -5.887615522,      -7.944809813
          0,           0,        4932,      -6.488693085,      -6.497252536,      -6.694153965,      -6.268743638,      -5.875867561,      -7.944809169
          0,           0,        4933,      -6.501210162,      -6.515496654,      -6.698742174,      -6.252782808,       -5.88801492,      -7.944809715
          0,           0,        4934,      -6.476229866,       -6.48540127,      -6.687055237,      -6.242256508,      -5.864037147,      -7.944811984
          0,           0,        4935,      -6.477434201,      -6.486176048,      -6.687039741,      -6.246960297,      -5.865802386,      -7.944812413
          0,           0,        4936,      -6.470594299,      -6.480934953,       -6.69253093,      -6.252874438,      -5.858696102,      -7.944809598
          0,           0,        4937,      -6.511224641,      -6.519885992,      -6.712117464,      -6.275442684,      -5.897427611,      -7.944812365
          0,           0,        4938,      -6.493482962,      -6.506286313,      -6.703281507,      -6.252161986,      -5.878739927,      -7.944816046
          0,           0,        4939,      -6.488020993,      -6.498793858,      -6.703750537,      -6.269345382,      -5.874025495,      -7.944817074
          0,           0,        4940,      -6.515943797,      -6.525928368,      -6.719885817,      -6.289941692,      -5.902728512,      -7.944815151
          0,           0,        4941,      -6.535010841,      -6.547771057,      -6.719682217,      -6.288629732,      -5.922624733,      -7.944814322
          0,           0,        4942,      -6.511218165,      -6.521669966,        -6.7025888,      -6.276751817,      -5.899759675,      -7.944818622
          0,           0,        4943,      -6.489351098,      -6.502711859,      -6.694967517,      -6.277056459,      -5.877348094,       -7.94481963
          0,           0,        4944,       -6.51270692,      -6.527179365,      -6.713527913,      -6.289783558,      -5.899346251,      -7.944818411
          0,           0,        4945,      -6.526023528,      -6.535402955,      -6.727440006,      -6.290871919,      -5.912677616,      -7.944817846
          0,           0,        4946,      -6.515278962,      -6.525337788,      -6.718150405,      -6.283541716,      -5.902540283,      -7.944820871
          0,           0,        4947,       -6.49542483,      -6.505337124,      -6.707354897,      -6.281248882,      -5.883968556,      -7.944824012
          0,           0,        4948,      -6.519929301,      -6.532768989,      -6.723127127,      -6.303914891,      -5.907596338,      -7.944823116
          0,           0,        4949,      -6.548893807,      -6.563116946,      -6.731749645,      -6.304179806,      -5.934277636,       -7.94482345
          0,           0,        4950,      -6.526706495,      -6.537124906,      -6.727270239,      -6.294403963,      -5.912495449,      -7.944825928
          0,           0,        4951,      -6.519461762,        -6.5290904,      -6.724556606,       -6.29510851,       -5.90543329,      -7.944826532
          0,           0,        4952,      -6.527135822,      -6.539984868,      -6.738846528,      -6.306117809,      -5.914751643,      -7.944824586
          0,           0,        4953,      -6.556870486,      -6.569336588,      -6.744552938,      -6.312863339,      -5.944347279,      -7.944823028
          0,           0,        4954,      -6.518187865,       -6.53288882,      -6.703968973,      -6.288333267,      -5.905659733,      -7.944825444
          0,           0,        4955,      -6.509125367,      -6.518817537,      -6.704029394,      -6.289241373,      -5.896364852,      -7.944826493
          0,           0,        4956,      -6.507689572,      -6.520386847,      -6.720824199,      -6.288624899,      -5.893579256,      -7.944824512
          0,           0,        4957,      -6.526382507,      -6.538845011,      -6.737988051,      -6.287772855,      -5.912491648,      -7.944824057
          0,           0,        4958,      -6.508219513,      -6.518037872,      -6.722705565,      -6.275564875,      -5.895931669,       -7.94482617
          0,           0,        4959,      -6.485481503,      -6.499243236,      -6.692514759,      -6.283796792,      -5.874414361,      -7.944829431
          0,           0,        4960,      -6.510489444,        -6.5207246,      -6.715064401,      -6.286455576,      -5.898637909,      -7.944827247
          0,           0,        4961,      -6.518185655,      -6.529895634,      -6.727730814,      -6.282012788,       -5.90443814,      -7.944823435
          0,           0,        4962,      -6.513897487,       -6.52429455,      -6.724480374,      -6.277375798,      -5.899462475,      -7.944823798
          0,           0,        4963,      -6.497373209,      -6.506674883,      -6.718010054,      -6.282537301,      -5.883412073,      -7.944824895
          0,           0,        4964,      -6.516415651,      -6.533222569,      -6.728630452,      -6.311607724,      -5.903518486,      -7.944823226
          0,           0,        4965,      -6.555553588,      -6.567541649,      -6.750765478,      -6.300084534,      -5.943032436,      -7.944821679
          0,           0,        4966,      -6.519242064,      -6.531676636,      -6.719477805,      -6.288377606,      -5.907183093,       -7.94482205
          0,           0,        4967,      -6.533112317,      -6.543741381,      -6.717147251,      -6.310499172,      -5.920752948,      -7.944823711
          0,           0,        4968,      -6.537675774,      -6.549306751,      -6.737487454,      -6.317458914,      -5.923784907,      -7.944821625
          0,           0,        4969,      -6.547435989,      -6.565539926,      -6.744687268,      -6.315230381,      -5.932487289,      -7.944818911
          0,           0,        4970,      -6.514875519,      -6.526039685,      -6.724302599,      -6.281027648,      -5.902020724,      -7.944821357
          0,           0,        4971,      -6.498970758,      -6.508779205,      -6.704909843,       -6.28979991,      -5.887189974,      -7.944820997
          0,           0,        4972,      -6.524596187,      -6.533314354,      -6.714773201,      -6.312509385,      -5.913007635,      -7.944817864
          0,           0,        4973,      -6.534154906,       -6.54685783,      -6.725015748,      -6.309539089,      -5.921155138,      -7.944813609
          0,           0,        4974,      -6.518664174,       -6.53209887,      -6.722058647,       -6.28714623,      -5.904246643,      -7.944813222
          0,           0,        4975,      -6.485126049,      -6.495093478,      -6.704747503,      -6.275209463,      -5.871675663,      -7.944815966
          0,           0,        4976,      -6.489596313,      -6.500539125,      -6.709566495,       -6.28703711,      -5.876949971,      -7.944815039
          0,           0,        4977,      -6.518469824,      -6.526907499,      -6.724997303,      -6.306948614,      -5.906519168,      -7.944813593
          0,           0,        4978,      -6.526581843,      -6.539412419,      -6.725529964,      -6.295500457,      -5.914803598,      -7.944812865
          0,           0,        4979,      -6.498554719,      -6.509245461,      -6.700726648,      -6.271457802,      -5.885855955,      -7.944815513
          0,           0,        4980,      -6.474786738,      -6.485237419,      -6.687261989,      -6.276382985,      -5.861858505,      -7.944816229
          0,           0,        4981,      -6.505273576,      -6.516957933,      -6.725256115,      -6.296479185,      -5.891426752,      -7.944814502
          0,           0,        4982,      -6.521992738,      -6.532221852,      -6.739743965,      -6.285448711,      -5.908229574,      -7.944815017
          0,           0,        4983,      -6.496173722,      -6.506895165,      -6.713902435,      -6.270206132,      -5.884559756,      -7.944816329
          0,           0,        4984,      -6.489611018,      -6.496327035,      -6.701319181,      -6.276258291,      -5.878751307,      -7.944818247
          0,           0,        4985,      -6.503063061,       -6.51591623,      -6.712667823,      -6.305278126,      -5.891157702,      -7.944819167
          0,           0,        4986,      -6.559589613,      -6.569886031,       -6.75187132,      -6.314988519,       -5.94502346,      -7.944820429
          0,           0,        4987,        -6.5143242,      -6.525609925,      -6.729831959,      -6.281828964,      -5.899962362,      -7.944824455
          0,           0,        4988,      -6.511974515,      -6.522052682,      -6.723095872,      -6.294826226,      -5.898510056,      -7.944826066
          0,           0,        4989,      -6.524103643,      -6.533755763,      -6.738219308,      -6.314064388,      -5.911901171,      -7.944826558
          0,           0,        4990,      -6.559165776,      -6.577082959,      -6.742327197,      -6.332162625,      -5.946603127,      -7.944827808
          0,           0,        4991,      -6.541942528,      -6.554995061,      -6.730717419,      -6.297491534,      -5.928862545,      -7.944830278
          0,           0,        4992,      -6.505245196,      -6.517449501,      -6.708681854,        -6.2915787,      -5.891865762,      -7.944832161
          0,           0,        4993,      -6.523135679,      -6.533493699,      -6.730177711,      -6.311625793,      -5.909528986,       -7.94483121
          0,           0,        4994,      -6.541042506,      -6.554735732,      -6.749995951,      -6.312164103,      -5.927217211,      -7.944832048
          0,           0,        4995,      -6.530599466,      -6.549201615,      -6.728054239,      -6.296296606,      -5.917945514,      -7.944835119
          0,           0,        4996,      -6.493675867,      -6.505026352,      -6.704861939,      -6.280635051,      -5.882912253,      -7.944837867
          0,           0,        4997,      -6.506240276,      -6.518505759,      -6.714169278,      -6.297035465,      -5.894253728,      -7.944838679
          0,           0,        4998,      -6.542616348,      -6.551008743,      -6.740999245,      -6.309625274,      -5.929519792,        -7.9448384
          0,           0,        4999,      -6.517043325,      -6.530853977,       -6.72898678,       -6.28760446,      -5.902776038,      -7.944840629
          0,           0,        5000,      -6.494934281,      -6.508269257,      -6.709379334,      -6.281507687,       -5.88112349,      -7.944842155
          0,           0,        5001,      -6.493225763,      -6.503596181,      -6.717324793,      -6.299971725,      -5.881075479,      -7.944840419
          0,           0,        5002,      -6.544349838,      -6.559387245,      -6.744549822,      -6.316625007,      -5.931058997,      -7.944838764
          0,           0,        5003,      -6.535515257,      -6.542018615,      -6.728046301,      -6.295887016,      -5.923160626,      -7.944838446
          0,           0,        5004,      -6.509206153,      -6.522082601,      -6.709212543,      -6.290257528,      -5.896377812,      -7.944839185
          0,           0,        5005,      -6.501796169,      -6.513181061,      -6.718107215,      -6.297098686,      -5.888750356,      -7.944837894
          0,           0,        5006,      -6.541595584,      -6.553391053,       -6.74609982,      -6.326442844,      -5.928583925,      -7.944834906
          0,           0,        5007,      -6.554234228,      -6.571855729,      -6.748181065,      -6.310741634,      -5.940992132,      -7.944835239
          0,           0,        5008,      -6.519980698,      -6.526902409,      -6.712165519,      -6.300450969,      -5.908639584,      -7.944837486
          0,           0,        5009,      -6.515727437,      -6.526545892,      -6.710707671,      -6.302396575,      -5.903354139,      -7.944836831
          0,           0,        5010,      -6.531425783,      -6.541319784,      -6.729321982,       -6.31259096,      -5.917727525,      -7.944833331
          0,           0,        5011,      -6.539046226,      -6.552926975,      -6.735015389,      -6.305556805,      -5.923984885,      -7.944829727
          0,           0,        5012,      -6.505801842,      -6.517911682,       -6.71981703,      -6.287362097,      -5.892274574,      -7.944830435
          0,           0,        5013,      -6.498188543,      -6.507057203,      -6.709714462,      -6.291249993,       -5.88639393,      -7.944829417
          0,           0,        5014,      -6.516141383,      -6.526467864,      -6.723334504,      -6.300484794,      -5.904895694,      -7.944827354
          0,           0,        5015,      -6.536400294,      -6.547903917,      -6.728606569,      -6.306702497,      -5.924527358,       -7.94482634
          0,           0,        5016,       -6.51107747,      -6.524488652,      -6.707379843,      -6.284035151,       -5.89755779,      -7.944824573
          0,           0,        5017,      -6.484954509,      -6.496226271,      -6.701888422,      -6.285569719,      -5.871336247,      -7.944823666
          0,           0,        5018,      -6.506061058,      -6.516296872,      -6.725982149,       -6.29366395,      -5.892126833,      -7.944821618
          0,           0,        5019,      -6.527969529,      -6.538802757,      -6.745730548,      -6.294678723,      -5.914433411,      -7.944821624
          0,           0,        5020,      -6.515272009,      -6.527814999,      -6.720790953,      -6.292375594,      -5.903875483,       -7.94482175
          0,           0,        5021,      -6.504065133,      -6.518467653,      -6.701911499,      -6.295075028,      -5.893009655,      -7.944818086
          0,           0,        5022,      -6.510621874,      -6.523910514,      -6.720538483,      -6.314390924,      -5.898786035,      -7.944816188
          0,           0,        5023,      -6.558593226,      -6.571714363,      -6.753144485,      -6.317409863,      -5.944203662,      -7.944815292
          0,           0,        5024,      -6.531306627,      -6.539866231,      -6.737399011,      -6.298075986,      -5.917398781,      -7.944817322
          0,           0,        5025,      -6.517331632,      -6.532894967,      -6.721533472,      -6.303773169,      -5.904092678,      -7.944817549
          0,           0,        5026,      -6.515104788,      -6.529652746,       -6.72687173,      -6.311004361,      -5.902717638,      -7.944815125
          0,           0,        5027,      -6.547200908,      -6.563178618,      -6.738881717,      -6.325000007,      -5.934309198,      -7.944816028
          0,           0,        5028,      -6.535315361,      -6.551470138,      -6.729984454,      -6.296168196,      -5.920979391,      -7.944818482
          0,           0,        5029,      -6.513899822,       -6.52201013,      -6.709990719,      -6.300888975,      -5.900574701,      -7.944821077
          0,           0,        5030,      -6.512827244,      -6.529293647,      -6.721943954,      -6.306272253,      -5.899325368,      -7.944820841
          0,           0,        5031,      -6.533195696,      -6.546994132,      -6.736925122,      -6.310884532,      -5.920095919,      -7.944820375
          0,           0,        5032,      -6.528773781,      -6.542368679,       -6.72345855,      -6.295214143,      -5.917112027,      -7.944823041
          0,           0,        5033,      -6.496470374,      -6.508596849,      -6.699387005,      -6.284331518,      -5.885257777,       -7.94482404
          0,           0,        5034,      -6.504276436,      -6.511631587,      -6.697174471,       -6.29859801,      -5.892533728,      -7.944825467
          0,           0,        5035,      -6.510069349,      -6.522141609,      -6.719265405,      -6.293262231,      -5.896765597,      -7.944827151
          0,           0,        5036,      -6.516776373,      -6.527252007,      -6.730972765,      -6.287781154,      -5.902594368,      -7.944829053
          0,           0,        5037,      -6.488926517,      -6.501520584,      -6.708779927,      -6.269052209,      -5.876289457,      -7.944831781
          0,           0,        5038,      -6.476974614,      -6.487718921,      -6.697337132,      -6.284031227,       -5.86592964,      -7.944831915
          0,           0,        5039,      -6.508025632,      -6.516168869,      -6.708942062,      -6.301473395,      -5.896983463,      -7.944834727
          0,           0,        5040,      -6.522843731,      -6.533256893,      -6.727348967,      -6.289895806,      -5.910165768,      -7.944837221
          0,           0,        5041,      -6.498958948,      -6.508474864,      -6.709668139,      -6.276710968,      -5.885253179,      -7.944837481
          0,           0,        5042,      -6.483549096,      -6.496402588,       -6.69932402,      -6.274086673,      -5.869713528,      -7.944836878
          0,           0,        5043,      -6.490271946,      -6.502746493,      -6.722151938,      -6.301264186,      -5.877161293,      -7.944835636
          0,           0,        5044,      -6.550019419,      -6.559999451,      -6.749278833,      -6.315789951,      -5.937225802,      -7.944838454
          0,           0,        5045,      -6.527139898,      -6.537122023,      -6.728372344,       -6.29079677,      -5.915608037,      -7.944839604
          0,           0,        5046,       -6.52181346,      -6.533796945,      -6.709257307,      -6.303342236,      -5.910184721,      -7.944838036
          0,           0,        5047,      -6.518018433,      -6.532370872,      -6.722369574,       -6.31094904,      -5.905457543,      -7.944836113
          0,           0,        5048,      -6.552061536,      -6.568101675,      -6.746948445,      -6.328707241,      -5.937530867,      -7.944836841
          0,           0,        5049,      -6.537993933,      -6.547337346,      -6.736720932,      -6.294813204,      -5.924284388,      -7.944840034
          0,           0,        5050,      -6.510555075,      -6.518391397,      -6.718370059,      -6.295925251,      -5.898258739,      -7.944839029
          0,           0,        5051,      -6.519535527,      -6.534133919,      -6.721339717,      -6.307129193,      -5.907420872,      -7.944835379
          0,           0,        5052,      -6.541973636,      -6.556335564,      -6.733143215,      -6.312662459,      -5.929060881,      -7.944834641
          0,           0,        5053,      -6.520977068,      -6.533776718,      -6.718056218,      -6.292956379,      -5.906887108,      -7.944835542
          0,           0,        5054,       -6.49090365,      -6.500965789,      -6.703794779,      -6.280127498,      -5.877568728,      -7.944835576
          0,           0,        5055,      -6.511736976,      -6.518484271,      -6.723314578,      -6.298737372,      -5.898897087,      -7.944832452
          0,           0,        5056,      -6.528720504,      -6.545856854,      -6.735952716,      -6.293465727,      -5.915853467,      -7.944831632
          0,           0,        5057,      -6.518813695,       -6.53070934,      -6.717675876,      -6.287649116,      -5.907029569,      -7.944834248
          0,           0,        5058,      -6.497677573,      -6.509444169,       -6.69997408,      -6.284573645,      -5.885858744,      -7.944834393
          0,           0,        5059,      -6.518997862,      -6.532024611,      -6.726856413,      -6.310053063,      -5.905954456,      -7.944832883
          0,           0,        5060,      -6.567864828,      -6.576525387,      -6.750430073,       -6.30994243,      -5.953594502,      -7.944832727
          0,           0,        5061,      -6.517455904,      -6.532792195,      -6.725473756,      -6.296353175,      -5.904866555,      -7.944834118
          0,           0,        5062,      -6.530219083,      -6.541692709,      -6.721373504,      -6.309730295,      -5.917931125,       -7.94483463
          0,           0,        5063,      -6.533367921,      -6.549367581,      -6.724992609,      -6.308609302,      -5.920734174,      -7.944832839
          0,           0,        5064,      -6.537074707,      -6.550244054,      -6.723344319,      -6.300880796,      -5.923220849,      -7.944832774
          0,           0,        5065,      -6.505377712,      -6.514871543,      -6.702406234,      -6.284283832,      -5.891641843,      -7.944834503
          0,           0,        5066,      -6.500391307,      -6.512825113,      -6.710612011,      -6.296373494,        -5.8869902,      -7.944835277
          0,           0,        5067,      -6.523578956,       -6.53572732,      -6.727452498,       -6.29582586,      -5.910463505,      -7.944836627
          0,           0,        5068,      -6.519982908,      -6.536551923,      -6.715423476,      -6.286627343,      -5.907947689,      -7.944838331
          0,           0,        5069,      -6.494824238,      -6.506104102,      -6.692851067,      -6.274588251,      -5.883834338,       -7.94484104
          0,           0,        5070,      -6.497158643,      -6.506632372,      -6.693986056,      -6.293083878,      -5.885655357,      -7.944841404
          0,           0,        5071,      -6.534368153,       -6.54496131,      -6.728754785,       -6.29448798,      -5.920584707,      -7.944840853
          0,           0,        5072,       -6.50654783,      -6.518073655,       -6.71797277,      -6.271113298,      -5.893007035,      -7.944844193
          0,           0,        5073,      -6.501707014,      -6.516809082,      -6.711045979,      -6.286394892,      -5.888573483,      -7.944846653
          0,           0,        5074,      -6.508810627,      -6.521950441,      -6.719945361,       -6.29639513,      -5.896652306,      -7.944846966
          0,           0,        5075,       -6.54763334,      -6.556738581,      -6.726174798,      -6.307806746,      -5.934942153,      -7.944844653
          0,           0,        5076,      -6.523022203,      -6.532275528,      -6.712806411,      -6.282073771,      -5.909446491,       -7.94484329
          0,           0,        5077,      -6.504586772,      -6.517695674,       -6.70205814,      -6.290586989,      -5.891054792,      -7.944848335
          0,           0,        5078,      -6.514705953,      -6.528932859,      -6.720872851,      -6.301244315,      -5.900686658,      -7.944849978
          0,           0,        5079,      -6.532423873,       -6.54468066,      -6.725250609,      -6.288263687,       -5.91924694,      -7.944848843
          0,           0,        5080,      -6.504890617,      -6.514602495,      -6.705656643,       -6.27634746,      -5.893767051,      -7.944847368
          0,           0,        5081,      -6.495339177,      -6.502318056,      -6.692865373,      -6.283032872,      -5.884669886,      -7.944848019
          0,           0,        5082,      -6.512477826,      -6.528374873,      -6.706490157,      -6.294301945,      -5.899852285,      -7.944851572
          0,           0,        5083,      -6.514888369,      -6.526510089,      -6.717195495,      -6.279378169,      -5.901329759,      -7.944849704
          0,           0,        5084,      -6.502435426,      -6.513928197,       -6.70680953,       -6.27327587,      -5.888918499,      -7.944847694
          0,           0,        5085,      -6.494294067,      -6.504954409,      -6.712158993,      -6.280039874,      -5.881597216,      -7.944846048
          0,           0,        5086,      -6.530368996,       -6.53822556,      -6.719441853,      -6.297612201,       -5.91788519,      -7.944845169
          0,           0,        5087,      -6.519886925,      -6.535407676,      -6.707614208,       -6.27583937,      -5.906401118,      -7.944845782
          0,           0,        5088,      -6.499361599,      -6.508991137,      -6.699626018,      -6.279169717,      -5.886780267,      -7.944842651
          0,           0,        5089,      -6.520987907,      -6.535520554,      -6.710256061,      -6.291981164,       -5.90754369,      -7.944842358
          0,           0,        5090,      -6.532458267,      -6.544867591,      -6.722409426,      -6.290492393,      -5.919307479,      -7.944840787
          0,           0,        5091,       -6.51635759,      -6.525187127,        -6.7037096,      -6.271723757,      -5.904723412,      -7.944838644
          0,           0,        5092,      -6.485557166,      -6.497573518,      -6.689564462,      -6.270544857,      -5.874533763,      -7.944836014
          0,           0,        5093,      -6.504523397,      -6.514957597,      -6.693400538,      -6.266098056,      -5.891981957,      -7.944833635
          0,           0,        5094,      -6.490543935,      -6.504722965,      -6.690264871,      -6.263924045,       -5.87682319,      -7.944832799
          0,           0,        5095,      -6.487228702,      -6.497467533,      -6.691979901,       -6.25151657,      -5.873109706,      -7.944828689
          0,           0,        5096,      -6.477129584,      -6.485647305,      -6.695358062,      -6.260006863,      -5.864101375,      -7.944825865
          0,           0,        5097,      -6.510233781,      -6.522305844,      -6.704007489,       -6.27232009,      -5.897996516,      -7.944825826
          0,           0,        5098,      -6.507058288,      -6.518425319,      -6.693207351,      -6.257833251,      -5.895094445,      -7.944826585
          0,           0,        5099,      -6.489866599,      -6.504586012,      -6.689782226,       -6.27010373,      -5.877802869,      -7.944825601
          0,           0,        5100,      -6.510837625,      -6.523301957,      -6.701825363,      -6.271867118,       -5.89790987,      -7.944821433
          0,           0,        5101,      -6.515749448,       -6.52554862,      -6.709624876,      -6.274982338,      -5.901969388,      -7.944821147
          0,           0,        5102,      -6.497431574,      -6.507736835,      -6.698366388,      -6.256671491,      -5.884661894,      -7.944821526
          0,           0,        5103,      -6.484472308,      -6.495583217,      -6.690373298,      -6.270166489,      -5.872603617,      -7.944820592
          0,           0,        5104,      -6.501491188,       -6.51587595,      -6.688942972,       -6.25461094,      -5.888184119,      -7.944818037
          0,           0,        5105,      -6.482613136,      -6.492369541,      -6.680050323,      -6.254272884,      -5.870117305,      -7.944816791
          0,           0,        5106,      -6.488600613,       -6.49801744,      -6.689190038,        -6.2525954,      -5.875311027,      -7.944818564
          0,           0,        5107,      -6.479765781,      -6.487893477,      -6.696322335,      -6.261295852,      -5.867227356,      -7.944818251
          0,           0,        5108,      -6.512745054,       -6.52628455,       -6.71308062,      -6.269352044,      -5.900611694,      -7.944818105
          0,           0,        5109,       -6.49571236,      -6.507658758,      -6.698961127,      -6.256020415,      -5.883643895,      -7.944820132
          0,           0,        5110,      -6.504492731,      -6.514629814,      -6.706340158,      -6.282345217,      -5.892205908,      -7.944821369
          0,           0,        5111,      -6.516726951,      -6.528846462,      -6.714253399,      -6.272030529,      -5.902896071,      -7.944820642
          0,           0,        5112,       -6.51239011,       -6.51988303,      -6.712038791,      -6.274898495,      -5.898238674,      -7.944820108
          0,           0,        5113,      -6.482516089,      -6.494831693,       -6.70570621,      -6.259499887,      -5.869219721,      -7.944822722
          0,           0,        5114,      -6.489049928,      -6.498994957,      -6.703185568,      -6.280282785,      -5.876847095,      -7.944825483
          0,           0,        5115,      -6.526040912,       -6.53965622,      -6.720652806,      -6.290820191,      -5.913100758,      -7.944824257
          0,           0,        5116,      -6.508068099,       -6.51854838,      -6.707795739,      -6.271480078,      -5.895024112,      -7.944823392
          0,           0,        5117,      -6.501309119,      -6.509447057,      -6.700360295,      -6.278955451,      -5.887931615,      -7.944825687
          0,           0,        5118,      -6.491502984,      -6.502849766,      -6.712938806,      -6.280071925,      -5.877622371,      -7.944830939
          0,           0,        5119,      -6.531568791,      -6.542301856,       -6.73304881,      -6.304675265,      -5.918174848,      -7.944831908
          0,           0,        5120,       -6.53105035,      -6.546219598,      -6.721256628,      -6.286408804,      -5.918749414,      -7.944830614
          0,           0,        5121,      -6.503194015,       -6.51389861,      -6.700671921,      -6.279851382,      -5.892263938,      -7.944831202
          0,           0,        5122,       -6.51250404,      -6.522744744,      -6.705973472,      -6.292181202,      -5.900943618,      -7.944833997
          0,           0,        5123,      -6.536758634,      -6.550239091,      -6.724370142,      -6.300220897,        -5.9231713,      -7.944834359
          0,           0,        5124,      -6.516655267,      -6.528035386,      -6.714743728,      -6.278659758,      -5.902217169,      -7.944832865
          0,           0,        5125,       -6.48321316,      -6.497187799,      -6.697148367,      -6.273836475,      -5.869766507,      -7.944832852
          0,           0,        5126,      -6.492348123,        -6.5041218,      -6.706762689,      -6.279199765,      -5.879690443,      -7.944834502
          0,           0,        5127,      -6.516628629,      -6.527751012,      -6.717951316,      -6.288143394,      -5.903938229,      -7.944834895
          0,           0,        5128,      -6.521417581,      -6.532304532,      -6.711488784,       -6.28795789,      -5.908638492,      -7.944832854
          0,           0,        5129,      -6.497191819,      -6.510834482,      -6.702270487,      -6.281070674,      -5.884246654,      -7.944832404
          0,           0,        5130,      -6.500032451,      -6.515884995,      -6.715998922,      -6.296693661,      -5.886417235,      -7.944832913
          0,           0,        5131,      -6.539084777,      -6.553355498,      -6.743932262,      -6.301996695,      -5.925472464,      -7.944832148
          0,           0,        5132,       -6.52247422,      -6.536467949,      -6.727162638,      -6.290672472,      -5.910048562,      -7.944828976
          0,           0,        5133,      -6.528518499,      -6.539541557,      -6.710185535,      -6.305939321,      -5.916789343,      -7.944826326
          0,           0,        5134,      -6.517033859,      -6.533745348,      -6.716341713,      -6.303556662,      -5.904533315,      -7.944826161
          0,           0,        5135,      -6.538955496,        -6.5538436,       -6.73448569,        -6.3077232,      -5.924047695,      -7.944824197
          0,           0,        5136,       -6.51876506,      -6.530598643,      -6.725403644,      -6.280423336,      -5.903990261,      -7.944822492
          0,           0,        5137,       -6.50127269,      -6.513081494,      -6.713437324,      -6.290462365,      -5.888100809,      -7.944821445
          0,           0,        5138,       -6.51101724,      -6.521702997,       -6.71467823,      -6.300588133,      -5.899107381,      -7.944821552
          0,           0,        5139,      -6.529244251,      -6.544448374,      -6.727224435,        -6.3017871,      -5.917531167,      -7.944819048
          0,           0,        5140,      -6.524595284,      -6.536392723,      -6.717283709,      -6.285751394,      -5.911710142,      -7.944816191
          0,           0,        5141,      -6.488970413,      -6.500075264,      -6.693006865,      -6.275969068,      -5.875632183,      -7.944813538
          0,           0,        5142,      -6.498074899,      -6.509135849,      -6.708299766,      -6.291514708,      -5.884133207,      -7.944813558
          0,           0,        5143,      -6.510119929,      -6.519729411,      -6.730005871,      -6.290431257,      -5.896478089,      -7.944811769
          0,           0,        5144,      -6.521622867,      -6.533234998,      -6.731420292,      -6.285074785,      -5.909147434,      -7.944806574
          0,           0,        5145,      -6.497064877,      -6.507020623,      -6.700791613,      -6.274937511,      -5.886355176,      -7.944804094
          0,           0,        5146,      -6.490133876,      -6.502408793,      -6.691577229,      -6.292612869,      -5.879426182,      -7.944804515
          0,           0,        5147,      -6.523531178,      -6.535477518,      -6.726208823,      -6.299450057,      -5.910270336,      -7.944805232
          0,           0,        5148,      -6.515969397,      -6.525751208,      -6.729682205,      -6.278217457,      -5.901682591,      -7.944801691
          0,           0,        5149,      -6.501432498,      -6.510680986,      -6.715339796,      -6.277191106,      -5.887673534,      -7.944796881
          0,           0,        5150,      -6.494260673,      -6.505489571,      -6.712096984,      -6.289501235,      -5.881851962,      -7.944797576
          0,           0,        5151,       -6.52498616,      -6.539244164,      -6.725589208,      -6.318488337,      -5.913232035,      -7.944797345
          0,           0,        5152,      -6.545057993,      -6.558706227,      -6.734596451,      -6.295177081,      -5.931843264,      -7.944795169
          0,           0,        5153,      -6.505584007,      -6.515529091,      -6.711418728,      -6.281691705,      -5.892389059,      -7.944791949
          0,           0,        5154,      -6.522360763,      -6.531563845,      -6.718170611,      -6.306666584,      -5.908703243,      -7.944792813
          0,           0,        5155,      -6.531745454,      -6.546612759,      -6.740282347,       -6.31705117,      -5.918060367,      -7.944795133
          0,           0,        5156,      -6.550963186,      -6.566320159,      -6.742366036,      -6.315090814,      -5.937755353,       -7.94479366
          0,           0,        5157,      -6.508604395,      -6.519770119,      -6.708846393,       -6.28237047,      -5.896785763,      -7.944794257
          0,           0,        5158,      -6.501568049,      -6.513583644,      -6.701473071,      -6.292103431,      -5.889390349,      -7.944797659
          0,           0,        5159,      -6.533397591,      -6.543075448,      -6.725818967,      -6.313965657,       -5.92016063,      -7.944801194
          0,           0,        5160,      -6.529355233,      -6.547367305,      -6.735922349,      -6.298608595,      -5.915019596,      -7.944801022
          0,           0,        5161,      -6.503166458,      -6.515793864,      -6.717852926,       -6.28130239,      -5.889800208,       -7.94479858
          0,           0,        5162,      -6.489791581,      -6.500574526,       -6.70923717,      -6.290471815,      -5.878136341,      -7.944802134
          0,           0,        5163,      -6.529040965,      -6.543782067,      -6.733055339,      -6.309295986,      -5.916547258,      -7.944805954
          0,           0,        5164,      -6.538836638,      -6.549751609,      -6.726885368,      -6.300382058,      -5.925521424,      -7.944806833
          0,           0,        5165,      -6.510426474,      -6.525951354,      -6.712950502,      -6.287427418,      -5.896308892,      -7.944806168
          0,           0,        5166,      -6.497958014,      -6.508451858,      -6.718923508,      -6.287822833,      -5.883757791,      -7.944808177
          0,           0,        5167,      -6.526683489,      -6.539777816,      -6.742484759,      -6.313544421,      -5.913110384,      -7.944814826
          0,           0,        5168,      -6.558153048,      -6.572370539,      -6.751994753,       -6.30914741,      -5.945182271,      -7.944816994
          0,           0,        5169,      -6.524930502,      -6.535609415,      -6.712863828,      -6.303541081,      -5.914059307,      -7.944816081
          0,           0,        5170,      -6.526897447,      -6.539681019,      -6.712480493,      -6.308976267,       -5.91541405,      -7.944816303
          0,           0,        5171,      -6.535338043,      -6.547052397,      -6.731862433,      -6.314382657,      -5.921939711,      -7.944819216
          0,           0,        5172,      -6.542018594,      -6.558254658,      -6.739404241,      -6.308783919,      -5.926792575,      -7.944821435
          0,           0,        5173,      -6.511269763,      -6.523313188,      -6.724836983,      -6.290051476,      -5.897703227,       -7.94481991
          0,           0,        5174,      -6.497543256,       -6.50857424,      -6.707003774,       -6.29326641,      -5.885552536,      -7.944819813
          0,           0,        5175,      -6.509923188,       -6.52064012,      -6.715789981,       -6.29818499,      -5.898401068,      -7.944822446
          0,           0,        5176,      -6.528716676,      -6.541110554,      -6.722011503,      -6.303735531,      -5.916567657,      -7.944824551
          0,           0,        5177,      -6.508834884,       -6.52417519,      -6.708432866,      -6.284084918,      -5.894915533,      -7.944825302
          0,           0,        5178,       -6.48270833,      -6.493889207,      -6.700359981,      -6.283700267,      -5.868953009,      -7.944825276
          0,           0,        5179,      -6.489994377,       -6.50002545,      -6.711362836,      -6.286481614,      -5.876606545,      -7.944827906
          0,           0,        5180,      -6.514430598,      -6.522902028,      -6.733320283,      -6.291546936,      -5.901727341,      -7.944829033
          0,           0,        5181,      -6.513020897,      -6.526267697,      -6.719086515,      -6.290489431,      -5.901619992,       -7.94482672
          0,           0,        5182,      -6.498572365,      -6.511604042,      -6.693030318,      -6.283898224,      -5.887214672,      -7.944825013
          0,           0,        5183,      -6.490515969,      -6.500633823,      -6.698186832,      -6.297463794,      -5.878653222,      -7.944825953
          0,           0,        5184,      -6.527042562,      -6.538989479,      -6.735021282,       -6.30129483,      -5.913273166,      -7.944826884
          0,           0,        5185,      -6.523164465,       -6.53139524,      -6.735294071,      -6.284540578,      -5.909608746,      -7.944826272
          0,           0,        5186,      -6.504410392,        -6.5197889,       -6.71637682,      -6.293893882,      -5.892252439,       -7.94482571
          0,           0,        5187,      -6.510475392,      -6.521645355,      -6.716546984,      -6.306627726,      -5.898859911,      -7.944826858
          0,           0,        5188,      -6.540341097,      -6.552608367,       -6.73276783,      -6.325359805,      -5.927475891,      -7.944827331
          0,           0,        5189,      -6.544935484,      -6.557833035,      -6.733944541,       -6.29772931,      -5.929777447,      -7.944826386
          0,           0,        5190,      -6.511748981,       -6.52020593,      -6.714956918,      -6.294268062,      -5.897593399,      -7.944826683
          0,           0,        5191,      -6.514975641,      -6.530515844,      -6.725995715,      -6.306607267,      -5.901132685,      -7.944826564
          0,           0,        5192,      -6.543189395,      -6.554421858,       -6.74392612,      -6.319627769,      -5.930576602,      -7.944826591
          0,           0,        5193,      -6.545136413,      -6.557238606,      -6.729605191,      -6.306774278,      -5.933702267,      -7.944822068
          0,           0,        5194,      -6.506568539,      -6.519181701,      -6.701291549,      -6.286337518,       -5.89495033,      -7.944818896
          0,           0,        5195,      -6.516250497,      -6.525367348,      -6.707930303,      -6.306875117,      -5.903691018,      -7.944821204
          0,           0,        5196,      -6.532440851,      -6.548727146,      -6.738158355,      -6.303383849,      -5.918179366,      -7.944822183
          0,           0,        5197,      -6.521026026,      -6.531533462,      -6.731300775,      -6.286171084,      -5.906922937,      -7.944821093
          0,           0,        5198,       -6.49432022,      -6.506753905,      -6.710009784,      -6.276078879,      -5.881971184,      -7.944817572
          0,           0,        5199,      -6.501627038,      -6.514762132,      -6.715493234,      -6.302749029,        -5.8902117,      -7.944818602
          0,           0,        5200,      -6.559428263,       -6.57092437,      -6.737461536,      -6.320019258,      -5.946509688,      -7.944821266
          0,           0,        5201,      -6.526193639,      -6.539356218,      -6.728326082,      -6.294831001,      -5.912395577,      -7.944820252
          0,           0,        5202,       -6.52150879,       -6.53333235,      -6.719394022,      -6.300551395,      -5.907342358,      -7.944819047
          0,           0,        5203,      -6.513041124,      -6.527568477,       -6.73141865,      -6.306586676,      -5.899519005,      -7.944817549
          0,           0,        5204,      -6.552407935,      -6.568552124,      -6.746340873,      -6.326368063,      -5.939613887,      -7.944820721
          0,           0,        5205,      -6.539104586,      -6.551208592,      -6.720934156,      -6.298546538,      -5.927348886,      -7.944822189
          0,           0,        5206,      -6.510571426,      -6.518817113,      -6.701178806,      -6.298546762,      -5.898738185,      -7.944821461
          0,           0,        5207,      -6.516194729,      -6.529640357,      -6.712193618,      -6.302633262,      -5.903110831,      -7.944821963
          0,           0,        5208,      -6.531500435,      -6.545169753,      -6.730880466,       -6.29937791,      -5.917333466,      -7.944823107
          0,           0,        5209,      -6.510518831,      -6.522288403,       -6.71748398,      -6.282871016,      -5.897398378,      -7.944825394
          0,           0,        5210,      -6.485449201,      -6.496024642,      -6.694764764,      -6.278753226,      -5.874230876,      -7.944823824
          0,           0,        5211,      -6.506268469,      -6.512748568,      -6.705458316,      -6.293705499,      -5.894978327,      -7.944822852
          0,           0,        5212,      -6.515252977,      -6.530345131,      -6.714117947,        -6.2819993,       -5.90241409,      -7.944823534
          0,           0,        5213,      -6.500141764,      -6.510863373,      -6.705661281,      -6.273798007,      -5.886202263,      -7.944823498
          0,           0,        5214,      -6.482403464,      -6.492272548,       -6.69869123,      -6.271555973,      -5.868596352,      -7.944823721
          0,           0,        5215,      -6.500659072,      -6.512797652,      -6.720461981,      -6.294680318,      -5.887563385,      -7.944822639
          0,           0,        5216,      -6.547925573,       -6.55591958,      -6.740998723,      -6.294270102,       -5.93509548,      -7.944824598
          0,           0,        5217,      -6.510409954,      -6.525487766,      -6.710306045,      -6.278532708,      -5.898883273,      -7.944827183
          0,           0,        5218,      -6.519006315,      -6.529126786,      -6.704357833,      -6.298349991,      -5.906997489,      -7.944826836
          0,           0,        5219,       -6.52998937,      -6.542763947,      -6.720708405,      -6.300970679,      -5.916066372,      -7.944827661
          0,           0,        5220,      -6.523057369,      -6.535203391,       -6.71852309,      -6.279364452,      -5.908542491,      -7.944828798
          0,           0,        5221,      -6.491460084,      -6.499808544,      -6.702136383,      -6.268215811,      -5.878730768,      -7.944830631
          0,           0,        5222,      -6.499173155,       -6.51372135,      -6.704780996,       -6.27735394,      -5.886839987,      -7.944830699
          0,           0,        5223,      -6.510665666,      -6.521249084,      -6.704330489,      -6.280050392,      -5.898386072,      -7.944829359
          0,           0,        5224,      -6.498364993,       -6.51075893,      -6.687941408,      -6.255843075,      -5.885464735,      -7.944830969
          0,           0,        5225,      -6.475669453,      -6.487292513,      -6.695115475,      -6.259873438,      -5.862417811,      -7.944832456
          0,           0,        5226,      -6.506124068,      -6.515808583,       -6.71069501,       -6.27739174,      -5.892738603,      -7.944834239
          0,           0,        5227,      -6.509362943,      -6.522413619,      -6.703358452,       -6.25850625,      -5.896304272,      -7.944834073
          0,           0,        5228,      -6.483696377,       -6.49288402,      -6.694599433,       -6.26254117,      -5.871766084,      -7.944834344
          0,           0,        5229,      -6.506910389,      -6.520993731,      -6.703940502,      -6.269723933,      -5.894042994,      -7.944835962
          0,           0,        5230,      -6.506328607,       -6.52153179,      -6.710868757,       -6.27934291,      -5.893114949,      -7.944835506
          0,           0,        5231,      -6.509228382,      -6.519405485,      -6.702624643,      -6.257608299,      -5.894605217,      -7.944834373
          0,           0,        5232,      -6.479598805,      -6.488634956,      -6.695845618,      -6.257812343,      -5.866515912,      -7.944833333
          0,           0,        5233,      -6.493230223,      -6.504588539,      -6.698098322,      -6.255011783,      -5.880749219,      -7.944832366
          0,           0,        5234,      -6.488617407,      -6.500469382,      -6.687490035,      -6.252822849,      -5.876593835,       -7.94483092
          0,           0,        5235,       -6.48273738,      -6.494449148,      -6.682071852,      -6.245111604,      -5.870969202,      -7.944828381
          0,           0,        5236,      -6.469758058,      -6.479656157,      -6.685300135,       -6.24783165,      -5.857532709,      -7.944827844
          0,           0,        5237,      -6.501446206,      -6.510900043,      -6.709444402,       -6.27680082,      -5.888201545,      -7.944828191
          0,           0,        5238,      -6.501909145,      -6.515109947,      -6.706362508,      -6.246874062,      -5.888979044,      -7.944825668
          0,           0,        5239,      -6.480307321,      -6.489933027,      -6.694163422,        -6.2614689,      -5.868515297,      -7.944822848
          0,           0,        5240,      -6.502155634,      -6.514410884,      -6.703472978,      -6.279027104,      -5.889933168,      -7.944821356
          0,           0,        5241,      -6.519445129,      -6.531853813,      -6.709402667,      -6.285553026,      -5.906520144,      -7.944820498
          0,           0,        5242,      -6.513345097,      -6.521964402,      -6.707956071,      -6.271734265,      -5.899028286,      -7.944817514
          0,           0,        5243,      -6.471842223,      -6.483118937,      -6.692524539,      -6.257306543,      -5.858175236,      -7.944813264
          0,           0,        5244,      -6.485133032,      -6.493310473,      -6.700978386,      -6.274796181,      -5.872191588,      -7.944812492
          0,           0,        5245,        -6.5120746,      -6.525374933,      -6.716334129,      -6.290794665,      -5.899461298,      -7.944812068
          0,           0,        5246,      -6.519668629,      -6.530209693,      -6.708531818,      -6.279160508,      -5.908088332,      -7.944809637
          0,           0,        5247,      -6.485077614,      -6.493404324,      -6.684565444,      -6.263597876,      -5.873494429,      -7.944807896
          0,           0,        5248,      -6.467264592,      -6.478052722,      -6.683347076,      -6.269927909,      -5.854842138,      -7.944807025
          0,           0,        5249,      -6.504927353,      -6.514340466,      -6.716472626,      -6.289796088,      -5.891298511,      -7.944809107
          0,           0,        5250,      -6.517606635,      -6.532197589,      -6.728001242,      -6.284249611,      -5.903479068,      -7.944809289
          0,           0,        5251,      -6.494443404,      -6.504408132,      -6.699742342,      -6.264832397,      -5.882484865,      -7.944806387
          0,           0,        5252,      -6.468706363,      -6.476916146,      -6.681450929,      -6.264088115,      -5.858000975,      -7.944804337
          0,           0,        5253,       -6.49053991,      -6.502293606,      -6.701488796,      -6.292386653,      -5.879322335,      -7.944804255
          0,           0,        5254,      -6.541459024,      -6.553833159,       -6.73029495,      -6.298240098,      -5.927664147,      -7.944807101
          0,           0,        5255,      -6.509124835,        -6.5223665,      -6.714766401,      -6.278432114,       -5.89487024,      -7.944805763
          0,           0,        5256,      -6.496774968,      -6.508456962,      -6.708732896,      -6.281214817,      -5.883391349,      -7.944805132
          0,           0,        5257,      -6.505302653,      -6.515169898,      -6.727069888,      -6.296154995,      -5.893204907,      -7.944805851
          0,           0,        5258,      -6.549673987,      -6.563128902,      -6.740747306,      -6.317110182,       -5.93766048,      -7.944806688
          0,           0,        5259,      -6.531680687,      -6.544706807,      -6.716208627,       -6.29031277,      -5.918650016,      -7.944809799
          0,           0,        5260,      -6.501901837,      -6.513401178,      -6.697780086,      -6.286547287,      -5.888336792,      -7.944810751
          0,           0,        5261,      -6.503280036,      -6.515769148,      -6.715981489,      -6.289090104,       -5.88914398,      -7.944812862
          0,           0,        5262,      -6.527201756,      -6.540799497,      -6.740756767,      -6.294045036,        -5.9127181,      -7.944811952
          0,           0,        5263,      -6.522835831,      -6.532505475,      -6.724502053,      -6.284594623,       -5.91084779,      -7.944810902
          0,           0,        5264,      -6.491455414,      -6.503224235,      -6.695091173,      -6.283873834,      -5.881104641,      -7.944812845
          0,           0,        5265,      -6.502780925,      -6.513242565,      -6.701483292,       -6.28825324,      -5.891497862,      -7.944815833
          0,           0,        5266,      -6.513304338,      -6.526689764,      -6.722714853,      -6.284163178,      -5.900204036,       -7.94481693
          0,           0,        5267,       -6.51157498,      -6.523918854,      -6.724371898,      -6.275712072,      -5.896852997,      -7.944814498
          0,           0,        5268,      -6.487879732,      -6.496179245,      -6.707206462,      -6.273835379,      -5.874260115,      -7.944815189
          0,           0,        5269,      -6.494608669,      -6.506408072,      -6.716080308,      -6.298171096,      -5.882360488,      -7.944819219
          0,           0,        5270,      -6.535331016,      -6.546349925,      -6.739171638,      -6.294764089,      -5.922636518,      -7.944821374
          0,           0,        5271,      -6.512703971,      -6.525730677,      -6.716869167,      -6.277315767,      -5.899970991,      -7.944819551
          0,           0,        5272,      -6.513522158,       -6.52536415,      -6.706007108,      -6.296085115,      -5.900649732,      -7.944817653
          0,           0,        5273,      -6.513583186,      -6.523491082,      -6.722253215,      -6.305252672,      -5.900045204,      -7.944819818
          0,           0,        5274,      -6.544482074,      -6.558444475,      -6.748568655,      -6.319736083,      -5.930720155,      -7.944821088
          0,           0,        5275,       -6.53430047,      -6.545303424,      -6.736580311,      -6.285446244,      -5.921632928,      -7.944820359
          0,           0,        5276,      -6.501139493,      -6.514562642,       -6.70336722,       -6.28830952,      -5.889479942,      -7.944818855
          0,           0,        5277,      -6.522629275,      -6.532904872,      -6.709087423,      -6.313857834,      -5.910990645,      -7.944820351
          0,           0,        5278,      -6.535176676,      -6.546355784,      -6.726906773,      -6.313252906,      -5.921741912,      -7.944822185
          0,           0,        5279,       -6.53343996,      -6.544826276,      -6.734326111,      -6.295663349,      -5.918880367,      -7.944820395
          0,           0,        5280,      -6.493896467,      -6.503896574,      -6.714651872,      -6.274213347,      -5.880987185,      -7.944819054
          0,           0,        5281,      -6.490740855,       -6.50438316,      -6.706107748,      -6.289700477,      -5.878397418,      -7.944820132
          0,           0,        5282,      -6.521078319,      -6.531988233,      -6.724462399,      -6.311810598,      -5.909446818,      -7.944820987
          0,           0,        5283,      -6.533085975,      -6.544780828,      -6.725931339,      -6.296569267,      -5.920484537,      -7.944817431
          0,           0,        5284,      -6.503626348,      -6.512811185,      -6.706281351,      -6.275253287,      -5.890150457,      -7.944813032
          0,           0,        5285,      -6.486976843,      -6.497846369,      -6.705635445,       -6.28506334,      -5.873444064,      -7.944813955
          0,           0,        5286,      -6.522638923,       -6.53618527,      -6.737911267,      -6.308869986,      -5.908529458,      -7.944815296
          0,           0,        5287,      -6.529522287,      -6.540010333,      -6.743540698,      -6.289998468,      -5.916797244,      -7.944813207
          0,           0,        5288,      -6.512001165,      -6.525150322,      -6.718061738,      -6.284765423,      -5.900736663,      -7.944809272
          0,           0,        5289,      -6.505296173,      -6.513968315,      -6.705507212,      -6.293735041,      -5.894635707,      -7.944810111
          0,           0,        5290,      -6.528469117,      -6.541803937,       -6.72982882,        -6.3230668,       -5.91583492,      -7.944813498
          0,           0,        5291,      -6.565276029,       -6.57803068,      -6.754056632,      -6.316436927,      -5.949537242,      -7.944811746
          0,           0,        5292,      -6.512968337,      -6.524668948,      -6.729536664,      -6.285722679,      -5.898763213,      -7.944809288
          0,           0,        5293,      -6.514473369,      -6.528440136,      -6.725110481,      -6.300470704,      -5.900951425,      -7.944809262
          0,           0,        5294,      -6.535844778,      -6.545283458,      -6.732792857,      -6.321431046,      -5.924220688,      -7.944811758
          0,           0,        5295,      -6.559755445,      -6.573652053,      -6.737584106,      -6.328607081,      -5.947389424,       -7.94481161
          0,           0,        5296,      -6.524381794,      -6.534975959,      -6.716125332,      -6.293145049,      -5.911161127,      -7.944809732
          0,           0,        5297,      -6.497634239,      -6.511155007,       -6.70561731,      -6.288577241,      -5.884053531,       -7.94481066
          0,           0,        5298,      -6.509618538,       -6.52283363,      -6.726257303,       -6.30521272,      -5.895954905,      -7.944814363
          0,           0,        5299,      -6.534982159,      -6.546166124,      -6.736680162,      -6.315584616,      -5.922111422,      -7.944815679
          0,           0,        5300,      -6.529461602,      -6.541013689,      -6.723625904,      -6.299558341,      -5.918168852,      -7.944814559
          0,           0,        5301,      -6.492588539,      -6.502682882,      -6.695667117,       -6.28192372,      -5.881791033,      -7.944815351
          0,           0,        5302,      -6.490578368,      -6.504433771,      -6.694264671,      -6.287085179,      -5.878078189,      -7.944818618
          0,           0,        5303,      -6.511309495,      -6.522911225,      -6.722087208,      -6.303211535,      -5.897678435,      -7.944818975
          0,           0,        5304,      -6.519771515,        -6.5298669,       -6.73190756,      -6.295770285,      -5.905275111,      -7.944818183
          0,           0,        5305,       -6.50143973,      -6.510881201,      -6.718527538,      -6.279432697,      -5.888721341,      -7.944819127
          0,           0,        5306,      -6.476469081,      -6.487011479,      -6.699021716,      -6.278675128,      -5.865773233,      -7.944821901
          0,           0,        5307,       -6.49322521,      -6.508444169,      -6.700299269,      -6.293064992,      -5.881950716,      -7.944823844
          0,           0,        5308,      -6.518432545,      -6.529146446,      -6.716988294,       -6.30091854,      -5.906571303,      -7.944824816
          0,           0,        5309,      -6.505237687,       -6.51529974,      -6.709714216,      -6.282756576,      -5.891687642,      -7.944826406
          0,           0,        5310,       -6.48643168,      -6.494379186,      -6.701767025,      -6.270894324,      -5.872766974,      -7.944829579
          0,           0,        5311,      -6.472112582,      -6.483037359,      -6.708632985,      -6.281078592,      -5.859504302,      -7.944829437
          0,           0,        5312,      -6.513340206,      -6.527888611,      -6.730736561,      -6.306221257,      -5.900516942,      -7.944829503
          0,           0,        5313,      -6.523795005,      -6.532434409,      -6.729011253,      -6.290491276,      -5.911992958,      -7.944830697
          0,           0,        5314,      -6.497423641,      -6.508922296,      -6.701861678,       -6.27908639,      -5.885374134,      -7.944833109
          0,           0,        5315,      -6.494154812,      -6.500721038,      -6.699378858,       -6.28494488,      -5.881913363,      -7.944833418
          0,           0,        5316,      -6.506760295,      -6.519359653,       -6.72956013,      -6.309070264,      -5.893189147,      -7.944829872
          0,           0,        5317,      -6.558360295,      -6.571899925,      -6.758714074,      -6.323733821,      -5.943879999,      -7.944830621
          0,           0,        5318,      -6.523211494,      -6.532522054,      -6.733825611,      -6.290157368,      -5.911279504,      -7.944833889
          0,           0,        5319,      -6.515555102,      -6.529662513,      -6.713094678,      -6.302735599,      -5.904224153,      -7.944836264
          0,           0,        5320,      -6.528991438,      -6.537531735,      -6.723565494,      -6.321333571,      -5.918120742,      -7.944834578
          0,           0,        5321,      -6.560858745,      -6.575391224,      -6.749351043,      -6.332790098,      -5.946444563,      -7.944831223
          0,           0,        5322,      -6.537350584,      -6.547879177,      -6.735026591,      -6.296138896,      -5.921848202,      -7.944833549
          0,           0,        5323,      -6.498569511,      -6.509693956,      -6.717180013,      -6.286779889,      -5.884729235,      -7.944834527
          0,           0,        5324,      -6.516528204,       -6.53015452,      -6.730087796,       -6.30852569,      -5.903270821,      -7.944832702
          0,           0,        5325,      -6.548447153,      -6.559178557,      -6.741691492,      -6.320198626,      -5.936756091,      -7.944829893
          0,           0,        5326,      -6.539961024,      -6.552680522,      -6.724779631,      -6.300803272,      -5.927665258,      -7.944828651
          0,           0,        5327,      -6.492747671,      -6.503378336,      -6.697871111,      -6.280570584,      -5.880488833,      -7.944830838
          0,           0,        5328,      -6.501548199,      -6.514272928,      -6.718570784,      -6.292596226,      -5.888171516,      -7.944828854
          0,           0,        5329,      -6.529414542,       -6.54369039,      -6.744927551,      -6.304892833,      -5.915252637,      -7.944827038
          0,           0,        5330,      -6.521889111,      -6.530784176,      -6.726665122,      -6.293197295,      -5.909554474,      -7.944826832
          0,           0,        5331,      -6.504549327,      -6.514119294,       -6.70620392,      -6.286427677,       -5.89307861,      -7.944826192
          0,           0,        5332,      -6.496598417,      -6.509278553,      -6.707002708,      -6.300492369,      -5.885540138,      -7.944824439
          0,           0,        5333,      -6.545124639,      -6.560450018,      -6.738260325,      -6.317408441,      -5.931445246,      -7.944820724
          0,           0,        5334,      -6.526402797,      -6.539962531,      -6.730667749,      -6.297157961,      -5.912336061,      -7.944822206
          0,           0,        5335,      -6.512777988,      -6.522766446,      -6.717053978,      -6.292740641,      -5.899363025,      -7.944822545
          0,           0,        5336,      -6.501898102,      -6.510693508,      -6.721110807,      -6.298061839,      -5.889755005,      -7.944820136
          0,           0,        5337,      -6.536239423,      -6.553396994,      -6.738134479,      -6.325453938,       -5.92442665,      -7.944819402
          0,           0,        5338,       -6.55761942,      -6.573659112,      -6.737044529,       -6.31311241,       -5.94391856,      -7.944820139
          0,           0,        5339,      -6.516224129,      -6.527280603,      -6.709748332,      -6.299500571,      -5.903073209,      -7.944823912
          0,           0,        5340,      -6.516573641,      -6.527283815,      -6.718557853,      -6.300720709,      -5.902478872,      -7.944822774
          0,           0,        5341,      -6.532605202,      -6.540615252,      -6.742414023,      -6.314080285,      -5.918946234,      -7.944820003
          0,           0,        5342,      -6.547674722,      -6.564449157,      -6.749127267,      -6.313385027,      -5.935296907,       -7.94482164
          0,           0,        5343,      -6.516733692,      -6.529106813,       -6.71275127,      -6.297691639,      -5.905518031,      -7.944824123
          0,           0,        5344,      -6.503718481,      -6.514055068,      -6.698180684,      -6.297051828,      -5.892630688,      -7.944825369
          0,           0,        5345,      -6.514660072,      -6.526873753,      -6.716298503,       -6.29959701,      -5.901769141,       -7.94482378
          0,           0,        5346,      -6.531650321,      -6.539197898,      -6.732752914,      -6.305678497,      -5.917213867,       -7.94482432
          0,           0,        5347,      -6.511313128,      -6.524514488,      -6.726978964,      -6.285443005,      -5.896827041,      -7.944829335
          0,           0,        5348,      -6.484542686,       -6.49354874,       -6.70593009,      -6.285629507,      -5.872147258,      -7.944831065
          0,           0,        5349,      -6.496087464,      -6.505808628,      -6.711624052,      -6.289709573,      -5.884837504,      -7.944832124
          0,           0,        5350,      -6.518584426,       -6.53151158,      -6.725515734,      -6.298220443,      -5.907113071,      -7.944833022
          0,           0,        5351,      -6.522083626,       -6.53055333,      -6.717437025,       -6.29761339,      -5.910251525,      -7.944835839
          0,           0,        5352,      -6.498409265,      -6.510303234,      -6.703913894,      -6.279527655,      -5.884556004,       -7.94483746
          0,           0,        5353,       -6.47618578,      -6.483325945,      -6.701532025,       -6.28337692,      -5.862530987,      -7.944836797
          0,           0,        5354,      -6.503402699,      -6.515581333,       -6.73136329,      -6.290940911,      -5.889541888,      -7.944839094
          0,           0,        5355,      -6.518073445,      -6.531502878,      -6.736059894,      -6.288952386,      -5.904805643,      -7.944841489
          0,           0,        5356,      -6.507557668,      -6.516353684,      -6.707652796,      -6.293688707,      -5.896721748,      -7.944842824
          0,           0,        5357,      -6.504629101,      -6.515397767,      -6.701508919,      -6.295497776,      -5.893462103,      -7.944843489
          0,           0,        5358,      -6.511066196,      -6.520993306,      -6.719729161,      -6.313420437,      -5.898986098,      -7.944844957
          0,           0,        5359,      -6.555366572,      -6.571100988,      -6.756097341,      -6.315602339,      -5.941333216,      -7.944848454
          0,           0,        5360,      -6.522782842,      -6.536806624,      -6.732825553,      -6.298709322,      -5.909459362,      -7.944848732
          0,           0,        5361,      -6.522358625,      -6.531458061,      -6.717009274,      -6.309912241,      -5.910513326,      -7.944847071
          0,           0,        5362,      -6.522356903,      -6.533999884,      -6.727938277,      -6.313767964,       -5.91018367,      -7.944847885
          0,           0,        5363,      -6.553413535,      -6.567086095,      -6.740536127,        -6.3232045,      -5.939982329,      -7.944850119
          0,           0,        5364,      -6.531591102,      -6.544856865,       -6.72917196,      -6.292266106,      -5.916786704,       -7.94485202
          0,           0,        5365,       -6.50346048,      -6.514724123,      -6.709389929,      -6.300765973,      -5.889804729,      -7.944850895
          0,           0,        5366,      -6.522105046,       -6.53194869,      -6.729621632,      -6.311651184,      -5.909251397,      -7.944850572
          0,           0,        5367,      -6.549152566,      -6.559764094,      -6.746681656,      -6.316034509,      -5.936925994,      -7.944854158
          0,           0,        5368,      -6.532015423,      -6.546405703,      -6.721849681,      -6.295186949,          -5.92081,      -7.944856282
          0,           0,        5369,      -6.498615997,       -6.50915603,      -6.697933812,      -6.289678084,      -5.887183916,      -7.944855002
          0,           0,        5370,       -6.51392615,      -6.526471918,      -6.713709406,      -6.308803336,      -5.900897491,      -7.944851856
          0,           0,        5371,      -6.536144986,       -6.54698473,      -6.745528171,       -6.29978203,        -5.9218562,       -7.94485132
          0,           0,        5372,      -6.516534664,      -6.524946204,      -6.731210729,      -6.286522107,      -5.902982928,      -7.944852624
          0,           0,        5373,      -6.499431603,      -6.511918214,      -6.713491774,      -6.284665358,      -5.887541845,      -7.944849121
          0,           0,        5374,      -6.512208473,      -6.521265317,      -6.722915982,       -6.31522857,      -5.901191186,      -7.944845007
          0,           0,        5375,      -6.562135963,      -6.578473633,      -6.743606498,      -6.323499782,       -5.94868529,      -7.944844204
          0,           0,        5376,       -6.52733016,      -6.538379112,      -6.730219605,      -6.293642397,      -5.913523626,      -7.944844659
          0,           0,        5377,       -6.52232297,      -6.531775652,      -6.720801033,       -6.30230379,      -5.908027608,      -7.944844728
          0,           0,        5378,      -6.515791896,       -6.53000635,      -6.735926003,      -6.310211853,      -5.902328175,      -7.944841275
          0,           0,        5379,      -6.563604197,      -6.573867827,      -6.751329433,      -6.332261551,       -5.95091454,      -7.944839015
          0,           0,        5380,      -6.539542641,      -6.554261774,       -6.72629127,      -6.297536984,      -5.927461683,      -7.944836914
          0,           0,        5381,      -6.510301626,      -6.520073032,      -6.704489579,      -6.297186291,      -5.898522714,      -7.944833426
          0,           0,        5382,       -6.51924539,      -6.529489878,      -6.714956975,      -6.305240088,      -5.906222993,      -7.944831691
          0,           0,        5383,      -6.534096397,        -6.5497453,      -6.736199181,      -6.306362202,      -5.919706003,       -7.94482999
          0,           0,        5384,      -6.524103968,      -6.533740836,      -6.727020762,      -6.289584358,      -5.910674844,      -7.944828937
          0,           0,        5385,      -6.485625654,      -6.498790972,      -6.699395394,      -6.277071837,      -5.873884467,      -7.944824434
          0,           0,        5386,      -6.497769204,      -6.508236729,      -6.702336873,      -6.291801783,      -5.886253548,      -7.944820648
          0,           0,        5387,      -6.519894198,      -6.531383097,      -6.718121073,      -6.290272811,      -5.907131498,      -7.944822059
          0,           0,        5388,      -6.510357608,      -6.522642283,      -6.714021166,      -6.278547812,      -5.896533352,      -7.944822292
          0,           0,        5389,      -6.484534358,      -6.493767802,      -6.701845439,      -6.267039384,      -5.871126736,      -7.944820494
          0,           0,        5390,      -6.491882931,      -6.504192283,      -6.716978438,      -6.293532855,      -5.878934484,      -7.944814719
          0,           0,        5391,      -6.544948115,      -6.556681372,       -6.74270177,       -6.30522241,      -5.932017706,      -7.944811363
          0,           0,        5392,      -6.523141706,      -6.535253547,      -6.719690246,      -6.284191778,      -5.911056822,      -7.944813635
          0,           0,        5393,      -6.512870974,      -6.524597766,      -6.700864186,      -6.291554085,      -5.900463254,      -7.944812688
          0,           0,        5394,      -6.514451377,      -6.526554692,      -6.718108226,      -6.297229803,      -5.901249149,      -7.944810234
          0,           0,        5395,      -6.542973733,      -6.557820287,      -6.740540454,      -6.306016844,      -5.928387591,      -7.944806377
          0,           0,        5396,      -6.517597429,      -6.529787427,      -6.719698439,      -6.280101949,      -5.904749854,      -7.944807876
          0,           0,        5397,      -6.502894008,      -6.514734169,      -6.706800529,      -6.292570759,      -5.891119909,      -7.944811885
          0,           0,        5398,      -6.524723457,      -6.535548747,      -6.718216118,      -6.300106082,      -5.912774527,      -7.944812486
          0,           0,        5399,      -6.529012838,      -6.541025896,      -6.717212994,      -6.281854851,      -5.915749642,      -7.944812885
          0,           0,        5400,      -6.493084478,      -6.503318078,      -6.703195876,      -6.267289857,      -5.879029895,       -7.94481279
          0,           0,        5401,      -6.485440365,      -6.497197939,      -6.700823824,       -6.27807687,      -5.871945136,      -7.944814792
          0,           0,        5402,      -6.519965142,      -6.531297119,      -6.723795022,      -6.290037727,      -5.906456477,      -7.944815687
          0,           0,        5403,      -6.512781668,      -6.522695825,      -6.714061079,      -6.270991915,       -5.90058676,      -7.944817177
          0,           0,        5404,      -6.510521397,      -6.522214562,       -6.70190787,      -6.279332615,      -5.898913736,      -7.944820676
          0,           0,        5405,      -6.509435328,      -6.519382821,      -6.711598686,        -6.2876997,      -5.897813028,      -7.944821694
          0,           0,        5406,      -6.530468982,       -6.54571576,      -6.717320631,      -6.287877095,      -5.916701944,       -7.94482301
          0,           0,        5407,      -6.506749165,      -6.516514117,       -6.70940678,      -6.265020158,      -5.893333855,       -7.94482444
          0,           0,        5408,      -6.494022988,       -6.50320127,      -6.705015643,      -6.270640964,       -5.88140082,      -7.944828701
          0,           0,        5409,      -6.512130792,      -6.523017544,       -6.70566708,      -6.276943701,      -5.899373582,       -7.94483248
          0,           0,        5410,      -6.523298584,      -6.533803984,       -6.70827489,      -6.276399306,      -5.910471702,      -7.944831695
          0,           0,        5411,       -6.49295384,      -6.505731565,      -6.692030273,      -6.253413625,      -5.879183205,      -7.944831057
          0,           0,        5412,      -6.484437661,      -6.492395401,      -6.694068718,      -6.265878014,       -5.87145952,      -7.944832445
          0,           0,        5413,      -6.504696706,      -6.515488414,      -6.699962402,      -6.251041213,      -5.891605567,      -7.944836115
          0,           0,        5414,      -6.481471308,      -6.491332885,      -6.685165597,      -6.250783292,      -5.869336569,      -7.944837045
          0,           0,        5415,      -6.489127265,      -6.497345629,      -6.685632815,      -6.249066136,       -5.87783269,      -7.944834735
          0,           0,        5416,      -6.472424089,      -6.483667749,       -6.68764626,      -6.258161648,      -5.860341624,      -7.944835552
          0,           0,        5417,      -6.505956513,      -6.514671579,      -6.699583462,      -6.260257711,      -5.891926292,       -7.94483875
          0,           0,        5418,      -6.484676014,      -6.496827846,      -6.696121044,      -6.246371023,      -5.870584587,      -7.944841175
          0,           0,        5419,      -6.493980479,      -6.502852074,      -6.701412345,      -6.269428669,      -5.880829241,      -7.944839232
          0,           0,        5420,      -6.513992464,       -6.52366689,      -6.710592521,      -6.267596239,      -5.901726003,      -7.944836955
          0,           0,        5421,      -6.512769749,      -6.525363899,      -6.706131802,      -6.272625714,      -5.900633866,       -7.94483766
          0,           0,        5422,      -6.498797512,      -6.507329548,      -6.697590793,      -6.267290017,      -5.887038271,       -7.94483696
          0,           0,        5423,      -6.502869355,       -6.51404791,      -6.707525671,      -6.284780616,       -5.89010049,      -7.944835418
          0,           0,        5424,      -6.524854884,      -6.535468718,      -6.715493718,      -6.271267398,      -5.910884836,      -7.944834614
          0,           0,        5425,      -6.492762859,      -6.499937226,      -6.704946188,      -6.261154598,      -5.880338826,      -7.944834154
          0,           0,        5426,      -6.492103652,      -6.503372113,      -6.704505583,      -6.270491628,      -5.879780807,      -7.944833735
          0,           0,        5427,      -6.499069052,      -6.509498194,      -6.705885749,      -6.278973448,       -5.88735108,      -7.944831933
          0,           0,        5428,      -6.531795898,      -6.543445514,      -6.724492589,      -6.294277476,      -5.918291979,       -7.94483286
          0,           0,        5429,      -6.501173017,      -6.511890013,      -6.701557763,      -6.259429426,      -5.887039508,      -7.944834596
          0,           0,        5430,      -6.492290976,      -6.499810644,      -6.704312714,      -6.274491126,      -5.879101573,        -7.9448334
          0,           0,        5431,      -6.514589388,      -6.526877034,      -6.728375977,      -6.294964938,      -5.901146495,      -7.944830717
          0,           0,        5432,      -6.541373423,      -6.555234019,      -6.725950594,      -6.291407549,      -5.928867765,      -7.944829188
          0,           0,        5433,      -6.506752998,      -6.517792017,      -6.701761875,      -6.272377695,      -5.894930021,      -7.944830776
          0,           0,        5434,      -6.480024004,      -6.490414878,      -6.686320254,      -6.269435549,      -5.868105647,      -7.944830955
          0,           0,        5435,      -6.510139358,      -6.519075024,      -6.714063909,      -6.285667215,      -5.896965168,      -7.944829478
          0,           0,        5436,      -6.524674871,      -6.537154822,      -6.735940231,      -6.290681838,       -5.91082392,      -7.944828295
          0,           0,        5437,      -6.513321681,      -6.527900376,      -6.720175301,      -6.278460814,       -5.90027944,      -7.944829727
          0,           0,        5438,      -6.489198081,      -6.497127274,      -6.703358998,      -6.276512087,      -5.877975372,      -7.944831496
          0,           0,        5439,      -6.505572663,      -6.518442525,      -6.715205386,       -6.29869814,      -5.894239456,      -7.944830913
          0,           0,        5440,      -6.554759556,      -6.566355657,      -6.738775821,      -6.307150431,      -5.940873697,      -7.944829345
          0,           0,        5441,      -6.530699223,      -6.543342851,      -6.728850702,      -6.297304443,      -5.916254172,      -7.944828881
          0,           0,        5442,       -6.51571755,      -6.529436175,      -6.720804647,      -6.293644142,      -5.901063388,      -7.944828502
          0,           0,        5443,      -6.520648263,      -6.527416032,      -6.733985651,      -6.305110788,      -5.907457893,      -7.944827508
          0,           0,        5444,      -6.550137398,      -6.566364569,      -6.745183123,      -6.314701588,      -5.937573791,      -7.944827364
          0,           0,        5445,      -6.533747163,      -6.544165967,      -6.714470743,      -6.295019341,      -5.922064608,      -7.944827976
          0,           0,        5446,      -6.515504007,      -6.526284507,      -6.703699455,      -6.302164815,       -5.90358553,      -7.944828165
          0,           0,        5447,      -6.511638827,      -6.523919999,      -6.716949641,      -6.295144367,      -5.897991686,      -7.944827428
          0,           0,        5448,       -6.53001751,      -6.537796756,      -6.733653188,      -6.296141888,      -5.915659266,      -7.944827902
          0,           0,        5449,      -6.511206475,      -6.524038362,      -6.723148484,      -6.278189503,       -5.89769807,      -7.944830519
          0,           0,        5450,      -6.488670688,      -6.497008741,      -6.693972029,      -6.282189472,      -5.877296056,      -7.944830772
          0,           0,        5451,      -6.502514236,      -6.511214929,      -6.707725035,      -6.287054848,      -5.891338869,      -7.944829174
          0,           0,        5452,      -6.514376246,      -6.526297415,      -6.725327698,      -6.284536131,      -5.901628164,      -7.944828937
          0,           0,        5453,      -6.514526352,      -6.524436244,      -6.716964068,      -6.277703498,      -5.900912564,      -7.944830156
          0,           0,        5454,      -6.486342205,        -6.4981797,      -6.704871465,      -6.272298749,      -5.872586866,       -7.94483022
          0,           0,        5455,      -6.496759869,      -6.506068823,      -6.713786646,      -6.299417449,      -5.883657686,      -7.944828689
          0,           0,        5456,      -6.538983652,      -6.548538928,      -6.748600319,       -6.29696253,      -5.925567255,      -7.944829889
          0,           0,        5457,       -6.51797115,      -6.530289901,      -6.726303608,       -6.27948533,      -5.905294022,      -7.944832233
          0,           0,        5458,      -6.518310587,      -6.531148124,       -6.70571885,       -6.29694285,      -5.906119301,      -7.944833295
          0,           0,        5459,      -6.517300827,      -6.530113369,      -6.720604134,      -6.307338421,      -5.904305797,      -7.944831887
          0,           0,        5460,      -6.547915629,       -6.56131579,      -6.740422027,      -6.322516156,      -5.933991263,       -7.94483271
          0,           0,        5461,      -6.537223635,      -6.546959477,      -6.742790371,      -6.284791206,       -5.92414427,      -7.944835605
          0,           0,        5462,      -6.502507457,      -6.515672417,      -6.715807767,      -6.286777032,      -5.890657938,      -7.944837779
          0,           0,        5463,      -6.521130844,      -6.534532237,      -6.712954016,      -6.311999053,      -5.909785928,      -7.944837109
          0,           0,        5464,      -6.536255197,      -6.547760247,       -6.72383758,      -6.316194139,       -5.92362144,      -7.944835427
          0,           0,        5465,      -6.535561402,      -6.549475078,      -6.727283851,      -6.297996908,      -5.920455282,       -7.94483779
          0,           0,        5466,      -6.498561743,      -6.506798712,      -6.714629385,      -6.272434034,      -5.884257763,       -7.94484092
          0,           0,        5467,      -6.488555615,      -6.501026325,      -6.710812655,      -6.282809888,      -5.875148147,      -7.944842465
          0,           0,        5468,      -6.511858274,      -6.524617958,      -6.725532516,      -6.306612158,      -5.899641113,      -7.944842571
          0,           0,        5469,      -6.537559707,      -6.546143201,      -6.729501532,      -6.307005149,      -5.926670225,      -7.944843987
          0,           0,        5470,      -6.510010677,      -6.525248275,      -6.706928109,      -6.279209338,      -5.898286711,      -7.944847673
          0,           0,        5471,      -6.484140096,       -6.49180153,      -6.691600976,      -6.275730376,      -5.871988205,      -7.944847725
          0,           0,        5472,       -6.49333854,      -6.506018905,       -6.71004751,      -6.289211212,      -5.879595296,      -7.944847201
          0,           0,        5473,      -6.513407483,      -6.525249571,      -6.734889729,      -6.296949142,      -5.898929321,       -7.94484767
          0,           0,        5474,      -6.510279318,       -6.51798834,      -6.724828946,       -6.28159334,       -5.89721046,      -7.944848189
          0,           0,        5475,      -6.485504509,      -6.498591083,      -6.698244061,      -6.266295909,      -5.874125696,      -7.944846973
          0,           0,        5476,      -6.477106326,      -6.484664761,      -6.687024917,      -6.281626311,      -5.866968947,      -7.944844066
          0,           0,        5477,      -6.518637695,      -6.530450442,      -6.719055809,      -6.305659849,      -5.906710973,      -7.944844724
          0,           0,        5478,      -6.517397569,      -6.529348454,      -6.729615352,      -6.280230619,      -5.903673404,      -7.944844978
          0,           0,        5479,      -6.492035609,      -6.500247557,      -6.710488362,      -6.268823224,      -5.878395636,       -7.94484278
          0,           0,        5480,       -6.48302912,      -6.495912627,      -6.711493325,      -6.276279265,        -5.8697681,       -7.94484057
          0,           0,        5481,      -6.516298832,      -6.526160002,      -6.729943543,      -6.314245333,      -5.903935795,       -7.94483949
          0,           0,        5482,      -6.564074133,      -6.578846914,      -6.751415791,      -6.317600495,      -5.950313108,      -7.944840392
          0,           0,        5483,      -6.516810176,      -6.528479942,      -6.721406949,      -6.289307619,      -5.903787304,      -7.944836844
          0,           0,        5484,      -6.521958561,      -6.534090499,      -6.717402933,      -6.305057112,      -5.908764436,      -7.944832752
          0,           0,        5485,      -6.534153237,      -6.548892555,      -6.743754635,      -6.319221255,      -5.920524812,      -7.944831298
          0,           0,        5486,      -6.561941648,      -6.573539545,       -6.74777316,       -6.32467953,      -5.948976335,      -7.944830232
          0,           0,        5487,      -6.525194012,      -6.535001294,      -6.721511013,      -6.293461522,      -5.913365272,       -7.94482921
          0,           0,        5488,      -6.507765285,      -6.518774875,      -6.711332903,      -6.296862732,      -5.895847759,      -7.944825373
          0,           0,        5489,       -6.53618768,      -6.549527116,      -6.731310473,      -6.312892388,      -5.923017261,      -7.944824125
          0,           0,        5490,      -6.533173893,       -6.54429804,      -6.733611362,       -6.30134134,      -5.918915329,       -7.94482398
          0,           0,        5491,       -6.51008414,       -6.52233216,      -6.716963729,      -6.287440612,      -5.896123181,      -7.944821095
          0,           0,        5492,      -6.495986136,      -6.503879926,      -6.719172728,      -6.292423549,      -5.883776134,      -7.944817693
          0,           0,        5493,      -6.533484498,       -6.54720942,      -6.742999448,      -6.309659221,      -5.921010608,      -7.944815186
          0,           0,        5494,      -6.539006684,      -6.551266997,      -6.731576835,      -6.300900289,      -5.926590236,      -7.944815636
          0,           0,        5495,      -6.522988377,      -6.531931042,      -6.710516729,      -6.299593074,      -5.910471692,      -7.944814111
          0,           0,        5496,      -6.504050448,        -6.5191833,      -6.716209444,      -6.295171275,      -5.890234864,      -7.944810897
          0,           0,        5497,      -6.537745405,      -6.547948364,      -6.745917862,      -6.319302311,      -5.923703363,       -7.94481082
          0,           0,        5498,      -6.555839485,       -6.57259005,       -6.75622697,      -6.307553701,      -5.941980565,       -7.94481222
          0,           0,        5499,      -6.523239365,      -6.535941012,       -6.72158656,      -6.304538073,      -5.911639471,      -7.944812901
          0,           0,        5500,      -6.530783308,      -6.541719792,       -6.71500247,      -6.315063058,       -5.91948423,      -7.944810968
          0,           0,        5501,      -6.531839128,      -6.550227656,      -6.728672448,      -6.313634806,      -5.918727408,      -7.944809844
          0,           0,        5502,      -6.542989396,      -6.555173511,      -6.735480069,      -6.306297924,      -5.928214823,       -7.94481198
          0,           0,        5503,      -6.506375662,      -6.520076321,      -6.721985708,      -6.285903538,      -5.892194172,        -7.9448125
          0,           0,        5504,      -6.498907866,      -6.509754957,      -6.712104413,       -6.29489897,      -5.885972595,      -7.944810742
          0,           0,        5505,      -6.511839618,      -6.521357866,      -6.720221887,      -6.298525396,      -5.899788795,      -7.944809936
          0,           0,        5506,      -6.526197942,       -6.54078261,      -6.725211999,      -6.298246011,      -5.913821588,      -7.944811839
          0,           0,        5507,      -6.506472564,      -6.516543068,       -6.70420383,      -6.278469811,       -5.89376495,      -7.944814122
          0,           0,        5508,      -6.482607001,      -6.492780932,      -6.694416504,      -6.282785109,      -5.869577705,      -7.944813373
          0,           0,        5509,      -6.493399686,      -6.505359226,      -6.711415551,      -6.290926655,      -5.879863021,       -7.94481287
          0,           0,        5510,      -6.511777065,      -6.521940694,      -6.732427983,      -6.289839198,      -5.898683344,      -7.944817287
          0,           0,        5511,      -6.505734158,      -6.519130267,      -6.721000146,      -6.285878621,      -5.893595012,      -7.944820212
          0,           0,        5512,      -6.494496814,      -6.503284636,      -6.692491288,       -6.27871314,      -5.883946082,      -7.944818467
          0,           0,        5513,      -6.482178842,      -6.490072966,      -6.688256219,      -6.290596788,      -5.871436732,      -7.944814563
          0,           0,        5514,      -6.506880638,      -6.517150313,      -6.712060646,      -6.294388047,      -5.894242933,      -7.944817598
          0,           0,        5515,      -6.512430327,       -6.52216869,      -6.728330743,      -6.280450735,      -5.898693725,      -7.944821413
          0,           0,        5516,      -6.487679415,      -6.498676221,      -6.709867865,       -6.27763715,      -5.874494267,      -7.944819857
          0,           0,        5517,       -6.49460745,      -6.504950472,      -6.704937715,      -6.287448567,      -5.882752012,      -7.944817275
          0,           0,        5518,      -6.507183305,      -6.515426146,      -6.720476073,      -6.312584859,      -5.895902044,      -7.944816303
          0,           0,        5519,       -6.54973891,      -6.562368361,      -6.741911412,      -6.312079948,      -5.936544908,      -7.944819216
          0,           0,        5520,      -6.517191648,       -6.52805458,      -6.721707971,      -6.284234414,      -5.903364141,      -7.944818885
          0,           0,        5521,      -6.510777952,      -6.522563877,      -6.710639404,      -6.297831903,      -5.896847073,      -7.944815494
          0,           0,        5522,      -6.512688498,      -6.526758615,       -6.73121688,      -6.308261898,      -5.899228333,      -7.944815442
          0,           0,        5523,      -6.561910098,      -6.572116232,      -6.753727041,      -6.328787296,      -5.949215234,      -7.944813449
          0,           0,        5524,      -6.536882084,       -6.55100545,      -6.731689674,      -6.292546216,      -5.925108744,      -7.944811111
          0,           0,        5525,      -6.510143587,      -6.520534488,      -6.703682361,      -6.297950658,      -5.898674448,       -7.94480771
          0,           0,        5526,       -6.52315443,      -6.534695885,      -6.716209537,      -6.311767554,      -5.910567623,      -7.944807178
          0,           0,        5527,      -6.539910194,       -6.55716436,      -6.742312219,      -6.310898342,       -5.92505534,      -7.944808203
          0,           0,        5528,      -6.526436118,      -6.536685943,      -6.728771491,      -6.289515376,      -5.912284748,      -7.944804031
          0,           0,        5529,      -6.489399544,      -6.501541275,      -6.707327228,      -6.283195956,      -5.877112594,      -7.944801202
          0,           0,        5530,      -6.513149791,      -6.525382546,      -6.720699312,      -6.306482072,      -5.900942633,      -7.944800171
          0,           0,        5531,      -6.542480333,      -6.555007204,      -6.734941238,      -6.304810824,      -5.929598028,       -7.94480168
          0,           0,        5532,      -6.512391618,      -6.527678032,      -6.717026139,      -6.285055499,      -5.898934469,      -7.944799772
          0,           0,        5533,      -6.493767484,      -6.503907822,      -6.703673379,      -6.279112515,      -5.880312018,      -7.944793979
          0,           0,        5534,      -6.506689571,      -6.517780293,       -6.73019392,      -6.306644659,      -5.893587735,      -7.944793087
          0,           0,        5535,      -6.560603128,      -6.576896567,      -6.754622831,      -6.314463866,      -5.946392963,      -7.944793775
          0,           0,        5536,      -6.523009347,      -6.534793906,      -6.722069484,      -6.292400607,      -5.910859778,      -7.944794349
          0,           0,        5537,      -6.520180316,      -6.534991059,      -6.709120285,      -6.300521917,      -5.907438578,      -7.944792456
          0,           0,        5538,      -6.520750163,      -6.532686211,      -6.724198719,      -6.307147243,      -5.907639815,      -7.944790538
          0,           0,        5539,      -6.552073878,      -6.563887667,      -6.745249528,      -6.317054238,      -5.937615832,      -7.944792624
          0,           0,        5540,      -6.521268698,      -6.534303031,      -6.724918983,      -6.290349589,      -5.908175778,      -7.944792614
          0,           0,        5541,      -6.503584584,      -6.515289175,      -6.707724558,      -6.300384438,      -5.891880136,      -7.944791659
          0,           0,        5542,       -6.51658114,      -6.530230875,      -6.712960097,       -6.30634004,      -5.904543525,      -7.944790938
          0,           0,        5543,      -6.530202752,      -6.543073507,      -6.717735648,      -6.297763898,      -5.917035491,      -7.944791343
          0,           0,        5544,      -6.504604214,       -6.51262662,      -6.704970668,      -6.275120458,      -5.890546015,      -7.944792996
          0,           0,        5545,      -6.477519331,      -6.488864905,      -6.694009283,      -6.274104283,      -5.864094459,      -7.944792222
          0,           0,        5546,      -6.503223002,      -6.512886217,      -6.718676657,      -6.289898904,      -5.890085374,      -7.944793395
          0,           0,        5547,      -6.516522602,      -6.528720866,      -6.722671464,      -6.278260241,      -5.903810462,      -7.944796431
          0,           0,        5548,       -6.50530631,      -6.519773747,      -6.707306536,      -6.278233036,      -5.893803777,      -7.944798144
          0,           0,        5549,      -6.504792036,      -6.512910899,      -6.705089674,      -6.286920568,      -5.893251229,      -7.944799183
          0,           0,        5550,      -6.528120935,      -6.540736619,      -6.726256072,      -6.301043678,      -5.914840806,      -7.944798873
          0,           0,        5551,      -6.530937521,      -6.541742104,      -6.732370672,      -6.280469012,      -5.916513924,      -7.944802148
          0,           0,        5552,      -6.498565257,      -6.509554094,      -6.709429573,      -6.278291482,      -5.885524889,      -7.944804681
          0,           0,        5553,        -6.5118538,      -6.526883955,      -6.718722398,        -6.2914006,      -5.898622591,      -7.944803407
          0,           0,        5554,      -6.525274745,      -6.536405937,      -6.714875122,      -6.282099191,      -5.912220035,      -7.944802674
          0,           0,        5555,      -6.509061624,      -6.520916287,      -6.702903837,       -6.27253218,      -5.895875828,      -7.944803815
          0,           0,        5556,      -6.489106836,        -6.4996777,      -6.698389643,       -6.27172943,      -5.876034286,      -7.944806882
          0,           0,        5557,      -6.512147462,       -6.52501677,      -6.703588259,      -6.275822161,      -5.898820596,      -7.944806888
          0,           0,        5558,      -6.499078689,       -6.51329245,      -6.706225361,      -6.265351094,      -5.886274382,      -7.944804737
          0,           0,        5559,      -6.498607971,      -6.508281687,      -6.692871127,       -6.25854875,      -5.886943483,      -7.944805534
          0,           0,        5560,      -6.485571791,      -6.496186021,      -6.697059737,      -6.267840657,      -5.874325643,      -7.944806994
          0,           0,        5561,      -6.512119754,      -6.524014928,      -6.707895597,      -6.273037547,       -5.89892923,      -7.944806127
          0,           0,        5562,      -6.503497822,      -6.517033094,      -6.700294076,      -6.259613299,      -5.889234019,      -7.944803645
          0,           0,        5563,      -6.482092389,      -6.495065033,      -6.701543193,      -6.264448855,      -5.868858402,      -7.944803365
          0,           0,        5564,      -6.509606145,      -6.520997278,      -6.703819384,      -6.275434911,      -5.896603659,      -7.944804877
          0,           0,        5565,       -6.52602765,       -6.53692389,       -6.71315371,      -6.284436859,      -5.913734096,      -7.944804233
          0,           0,        5566,      -6.505422737,      -6.518068254,      -6.693837938,      -6.260654289,      -5.892701578,      -7.944803398
          0,           0,        5567,      -6.484832831,      -6.497801069,      -6.686665527,      -6.271128369,      -5.872220156,      -7.944804056
          0,           0,        5568,      -6.503641663,      -6.516085246,      -6.698150221,      -6.260064741,      -5.890408565,      -7.944804988
          0,           0,        5569,      -6.487184632,      -6.498455192,      -6.690135657,      -6.258508382,      -5.874369532,      -7.944804398
          0,           0,        5570,      -6.494023554,      -6.501109465,      -6.692195514,      -6.256242963,      -5.882310694,      -7.944802164
          0,           0,        5571,      -6.476294573,      -6.487568742,      -6.689145235,      -6.260192206,      -5.864648779,      -7.944801416
          0,           0,        5572,      -6.509713098,      -6.520752972,      -6.703860984,      -6.271536684,      -5.896765331,      -7.944801884
          0,           0,        5573,      -6.493061376,      -6.502761924,      -6.693753306,      -6.251800279,      -5.879199597,      -7.944799732
          0,           0,        5574,      -6.485559085,      -6.498310112,      -6.698417164,      -6.271586994,      -5.871856222,      -7.944798478
          0,           0,        5575,      -6.519848893,      -6.527038199,      -6.715678661,      -6.280311007,      -5.906686385,      -7.944797922
          0,           0,        5576,      -6.520687872,      -6.533953669,      -6.712590207,      -6.278267664,      -5.908152112,      -7.944799188
          0,           0,        5577,      -6.492495441,       -6.50144847,      -6.690617597,       -6.25732863,      -5.881152428,      -7.944800523
          0,           0,        5578,      -6.479362413,      -6.488207704,      -6.680747292,      -6.269479333,        -5.8680388,      -7.944799977
          0,           0,        5579,      -6.505563269,      -6.520421227,      -6.706106362,      -6.281102271,      -5.892521928,      -7.944800513
          0,           0,        5580,       -6.51120173,       -6.51803584,      -6.712203651,      -6.269017127,      -5.898005882,       -7.94480219
          0,           0,        5581,      -6.490740032,      -6.501257674,      -6.704042094,      -6.264582271,      -5.877872517,      -7.944802285
          0,           0,        5582,      -6.476054056,       -6.48394476,      -6.697183549,      -6.263479033,      -5.864657476,      -7.944799931
          0,           0,        5583,      -6.503388678,      -6.514110469,      -6.705076075,      -6.293563588,      -5.891754982,      -7.944798283
          0,           0,        5584,      -6.532596939,      -6.547897063,      -6.722294609,      -6.287751767,      -5.918677604,      -7.944801295
          0,           0,        5585,      -6.504069313,      -6.512098223,      -6.704724466,      -6.269501031,      -5.890320774,      -7.944803022
          0,           0,        5586,      -6.492995124,      -6.502672908,      -6.707009547,      -6.273959405,      -5.879208301,      -7.944801629
          0,           0,        5587,      -6.511528739,      -6.522024104,      -6.729545252,      -6.295879343,      -5.898559674,      -7.944800574
          0,           0,        5588,      -6.546760692,      -6.561470034,      -6.733513774,      -6.303769905,      -5.934293012,      -7.944800552
          0,           0,        5589,      -6.513230952,      -6.526467098,      -6.702921766,      -6.279333495,       -5.90136663,      -7.944803727
          0,           0,        5590,      -6.495782127,      -6.504876172,      -6.689411524,        -6.2776113,       -5.88346348,      -7.944802104
          0,           0,        5591,      -6.506036299,      -6.515657288,      -6.713839772,      -6.284717859,      -5.892501546,      -7.944799245
          0,           0,        5592,      -6.526655258,      -6.540302355,      -6.729957763,      -6.287245964,      -5.911908849,      -7.944799379
          0,           0,        5593,      -6.501210978,      -6.514041924,      -6.710392257,      -6.272790834,      -5.888441758,      -7.944798523
          0,           0,        5594,      -6.486305363,      -6.498391006,      -6.697497147,      -6.284090434,      -5.875193081,      -7.944799825
          0,           0,        5595,       -6.51166719,      -6.523137301,      -6.713218942,      -6.285045552,      -5.899804219,      -7.944797962
          0,           0,        5596,       -6.52040314,      -6.529758153,      -6.723702775,      -6.283367737,      -5.907600689,      -7.944798309
          0,           0,        5597,       -6.52009076,      -6.534325435,      -6.720900421,       -6.29364998,      -5.905881959,      -7.944799861
          0,           0,        5598,      -6.504912974,      -6.516733199,      -6.717813728,      -6.293237914,      -5.890785587,      -7.944799307
          0,           0,        5599,      -6.526422542,      -6.539955141,      -6.734988375,      -6.311646658,      -5.912705952,      -7.944799644
          0,           0,        5600,      -6.541679991,      -6.557578026,       -6.73773768,      -6.293813844,      -5.928306835,      -7.944800642
          0,           0,        5601,      -6.522554376,      -6.530264566,      -6.713480946,      -6.294684511,      -5.910861243,      -7.944802415
          0,           0,        5602,      -6.528891889,       -6.54366063,      -6.712201129,      -6.314382627,      -5.916401994,      -7.944801378
          0,           0,        5603,      -6.535662374,      -6.547243737,       -6.72838088,      -6.315594604,      -5.922052276,      -7.944799564
          0,           0,        5604,      -6.541579808,      -6.554015548,      -6.737153117,       -6.30719218,       -5.92734018,      -7.944801776
          0,           0,        5605,       -6.50233287,      -6.517840508,      -6.715361251,      -6.278664482,      -5.889605076,      -7.944804181
          0,           0,        5606,      -6.502629147,      -6.509678215,      -6.701887343,      -6.294656752,      -5.891523303,      -7.944804256
          0,           0,        5607,      -6.517034732,       -6.53014739,      -6.712045244,      -6.310671848,      -5.905452262,      -7.944803687
          0,           0,        5608,      -6.529824521,      -6.539552327,      -6.719206883,       -6.30151897,      -5.916873043,      -7.944805222
          0,           0,        5609,      -6.507539755,      -6.517341424,      -6.711529473,       -6.27688279,      -5.893249548,      -7.944808229
          0,           0,        5610,       -6.47633547,      -6.489032464,      -6.700991395,      -6.271646107,      -5.862566953,      -7.944807565
          0,           0,        5611,      -6.495038989,      -6.502053319,      -6.711326966,      -6.292393607,      -5.882347839,      -7.944805786
          0,           0,        5612,      -6.512699974,      -6.523869912,      -6.730948826,      -6.296939607,      -5.900558111,       -7.94480618
          0,           0,        5613,       -6.52073594,      -6.529991118,      -6.721724623,      -6.285514869,      -5.909342653,      -7.944807142
          0,           0,        5614,      -6.491760809,      -6.501641447,      -6.691788161,      -6.269527492,      -5.879949129,      -7.944806741
          0,           0,        5615,      -6.475932537,      -6.488324384,      -6.691284638,      -6.281893193,       -5.86319938,      -7.944805595
          0,           0,        5616,      -6.520776969,      -6.529320775,      -6.729602501,      -6.305588224,      -5.906931611,      -7.944806668
          0,           0,        5617,      -6.519767374,      -6.528625379,      -6.742887335,       -6.27999556,      -5.906072665,      -7.944809549
          0,           0,        5618,      -6.500591683,      -6.511570113,      -6.713527036,      -6.276770583,      -5.888954573,      -7.944809636
          0,           0,        5619,      -6.492144275,      -6.502782736,      -6.698793192,      -6.287817862,      -5.881715147,      -7.944808173
          0,           0,        5620,      -6.511904941,      -6.526104296,      -6.716179153,      -6.316465394,      -5.900348184,      -7.944807143
          0,           0,        5621,      -6.553464028,      -6.563547378,      -6.744431617,      -6.306310856,      -5.938795974,       -7.94480866
          0,           0,        5622,       -6.51163629,       -6.51933668,      -6.730545321,      -6.278993659,      -5.897124868,      -7.944809637
          0,           0,        5623,       -6.51305261,      -6.526106666,      -6.723482487,      -6.299779546,      -5.898961913,       -7.94480776
          0,           0,        5624,      -6.523837393,      -6.535201855,      -6.732434062,      -6.317318008,      -5.911554417,      -7.944807627
          0,           0,        5625,       -6.55660974,      -6.571355327,      -6.738677446,      -6.331638366,      -5.944904249,      -7.944808003
          0,           0,        5626,       -6.52851492,      -6.541426473,      -6.719341931,        -6.2877835,      -5.916060992,      -7.944809013
          0,           0,        5627,      -6.503816697,      -6.511850185,      -6.703245686,      -6.289020833,      -5.891099557,      -7.944811711
          0,           0,        5628,      -6.513005477,      -6.526807548,      -6.720404317,      -6.308492871,      -5.899222647,      -7.944812463
          0,           0,        5629,       -6.53081911,       -6.54204596,      -6.737504057,      -6.311586471,      -5.916869642,      -7.944814619
          0,           0,        5630,       -6.52743662,      -6.540749842,      -6.728953634,      -6.293513276,      -5.914874952,      -7.944814693
          0,           0,        5631,      -6.485938635,      -6.500016248,      -6.696719202,      -6.273257409,      -5.874814957,      -7.944815351
          0,           0,        5632,      -6.496955538,      -6.504555013,      -6.693148185,      -6.290753591,      -5.885676835,      -7.944818268
          0,           0,        5633,      -6.516037117,      -6.529594274,      -6.718510255,      -6.305919037,      -5.902986939,      -7.944821119
          0,           0,        5634,      -6.524033658,      -6.534149899,      -6.729983433,      -6.293735403,      -5.909737516,      -7.944823465
          0,           0,        5635,      -6.495162639,      -6.506465949,      -6.712174215,      -6.272390425,      -5.881704395,      -7.944821848
          0,           0,        5636,      -6.471650061,      -6.484913474,       -6.69889697,        -6.2785277,      -5.859877808,      -7.944822912
          0,           0,        5637,      -6.514167016,      -6.522765074,      -6.717522885,      -6.306785357,      -5.902780464,      -7.944827911
          0,           0,        5638,      -6.523883388,      -6.536783671,       -6.72751594,      -6.290303128,      -5.911356177,      -7.944832468
          0,           0,        5639,      -6.497400537,      -6.507256163,      -6.703056033,      -6.272580923,      -5.884028945,      -7.944834414
          0,           0,        5640,       -6.48057865,      -6.491387389,      -6.697312193,      -6.272014305,      -5.866861158,       -7.94483273
          0,           0,        5641,      -6.489413048,      -6.502965766,      -6.721643365,      -6.299824336,      -5.875983308,      -7.944835457
          0,           0,        5642,      -6.554576725,       -6.56523785,      -6.752952141,      -6.319993607,      -5.941209328,      -7.944838912
          0,           0,        5643,      -6.523199116,      -6.534325166,      -6.729845721,      -6.287919228,      -5.911498039,        -7.9448398
          0,           0,        5644,       -6.51558244,        -6.5265261,       -6.70481304,      -6.297682738,      -5.904508729,       -7.94483988
          0,           0,        5645,      -6.516845214,      -6.528489797,      -6.716495157,      -6.311080126,      -5.904619867,      -7.944840419
          0,           0,        5646,      -6.544588576,      -6.562236684,      -6.744055316,      -6.329009385,       -5.92987372,      -7.944842965
          0,           0,        5647,      -6.546041476,      -6.555511867,      -6.744702455,      -6.298901872,        -5.9314931,      -7.944843576
          0,           0,        5648,      -6.505789427,      -6.513111914,      -6.720343481,      -6.288521431,      -5.893359717,      -7.944844155
          0,           0,        5649,      -6.519712624,       -6.53148329,      -6.718830021,      -6.310899451,      -5.908281439,      -7.944846395
          0,           0,        5650,      -6.543404292,      -6.555225405,      -6.732730367,      -6.320900015,      -5.931603497,      -7.944848238
          0,           0,        5651,      -6.538366752,      -6.551759485,      -6.726722321,      -6.303431169,      -5.924174475,      -7.944847215
          0,           0,        5652,      -6.492820602,      -6.503103711,      -6.707747126,       -6.27537721,      -5.878792711,      -7.944844969
          0,           0,        5653,      -6.498236518,       -6.50499144,      -6.720265079,      -6.289172201,      -5.884610493,      -7.944846871
          0,           0,        5654,      -6.528864948,      -6.542842783,      -6.742949042,      -6.307146217,      -5.915474178,      -7.944849521
          0,           0,        5655,      -6.531180312,      -6.540141281,      -6.726552103,      -6.297601909,      -5.919793744,      -7.944846959
          0,           0,        5656,      -6.505619949,      -6.517662831,      -6.699804411,      -6.287335529,      -5.894543307,      -7.944843867
          0,           0,        5657,      -6.496275725,      -6.509325505,      -6.707595732,      -6.297966982,      -5.884433439,      -7.944843991
          0,           0,        5658,      -6.548112469,      -6.557333144,       -6.74536169,      -6.317340015,      -5.934317392,      -7.944847034
          0,           0,        5659,      -6.524909439,      -6.539164245,       -6.73683609,      -6.292186112,      -5.910739344,      -7.944846743
          0,           0,        5660,      -6.510759133,      -6.519196027,      -6.714465248,      -6.292207426,      -5.898305633,      -7.944844018
          0,           0,        5661,       -6.49900033,      -6.512078277,      -6.713239837,      -6.296282653,      -5.887341241,      -7.944843427
          0,           0,        5662,       -6.53632122,      -6.552355534,      -6.732489694,      -6.321538421,      -5.923768234,       -7.94484463
          0,           0,        5663,      -6.555337296,      -6.564756337,      -6.733531936,      -6.308314118,      -5.941151083,      -7.944844386
          0,           0,        5664,      -6.507665493,      -6.520846765,      -6.714405098,      -6.293617769,      -5.893868211,      -7.944842138
          0,           0,        5665,      -6.517282399,      -6.526814187,      -6.724125862,      -6.306039682,      -5.904018062,      -7.944841056
          0,           0,        5666,      -6.536540989,      -6.552773222,      -6.742345434,      -6.318001423,      -5.923919229,      -7.944841201
          0,           0,        5667,      -6.545625515,      -6.563241383,      -6.732086671,      -6.313882388,      -5.933849675,      -7.944840694
          0,           0,        5668,      -6.516509303,      -6.525794048,      -6.702593309,      -6.297575399,      -5.904997505,      -7.944839992
          0,           0,        5669,      -6.510036226,      -6.521772837,      -6.708853027,      -6.299999417,      -5.897098981,      -7.944840476
          0,           0,        5670,      -6.527925555,      -6.539903619,       -6.73612833,      -6.301146069,      -5.913827316,      -7.944841723
          0,           0,        5671,      -6.521537559,       -6.53529606,      -6.735474281,      -6.292189955,      -5.907443633,        -7.9448405
          0,           0,        5672,      -6.505254316,      -6.519814827,      -6.716554783,      -6.289786158,        -5.8929508,      -7.944838516
          0,           0,        5673,      -6.507349904,       -6.51629144,      -6.715295351,      -6.307209188,      -5.896551149,      -7.944838772
          0,           0,        5674,      -6.550616404,      -6.560576619,      -6.739944037,      -6.313215479,      -5.938123798,      -7.944840368
          0,           0,        5675,      -6.525718406,      -6.539534559,      -6.728825893,      -6.287282344,      -5.912012425,      -7.944838534
          0,           0,        5676,       -6.51437192,      -6.524918717,      -6.719171165,      -6.293991985,      -5.899953145,      -7.944836043
          0,           0,        5677,       -6.50446711,      -6.517250449,      -6.727157805,      -6.301713944,      -5.890350736,      -7.944836521
          0,           0,        5678,      -6.546267605,      -6.558724923,      -6.749659298,      -6.322365699,      -5.932896777,      -7.944839209
          0,           0,        5679,      -6.549815349,      -6.557232066,      -6.737711763,      -6.295730621,      -5.937415076,      -7.944839713
          0,           0,        5680,       -6.51162403,       -6.52452871,      -6.706097639,      -6.294268188,      -5.899876535,      -7.944837022
          0,           0,        5681,      -6.522142613,      -6.531079071,      -6.713812196,      -6.308117631,      -5.909462291,       -7.94483581
          0,           0,        5682,      -6.534335132,      -6.547096394,      -6.734991525,      -6.311861718,      -5.920219691,      -7.944837417
          0,           0,        5683,       -6.52948447,      -6.544199601,      -6.737088952,      -6.294934987,      -5.915426421,      -7.944836536
          0,           0,        5684,      -6.499036851,      -6.505902049,      -6.707294113,      -6.281482717,      -5.887548258,      -7.944834383
          0,           0,        5685,      -6.497951037,       -6.50974735,      -6.699704299,      -6.295376572,      -5.886799827,      -7.944832972
          0,           0,        5686,      -6.520162784,       -6.52820656,       -6.71442465,      -6.301733755,       -5.90837307,      -7.944835666
          0,           0,        5687,      -6.519098525,      -6.532656449,      -6.716648478,      -6.286490444,      -5.905301753,      -7.944837299
          0,           0,        5688,      -6.480578484,      -6.492503793,      -6.701534427,      -6.259168036,      -5.866468368,      -7.944834797
          0,           0,        5689,      -6.473673209,      -6.481503064,      -6.700053712,      -6.276906686,      -5.860844751,       -7.94483328
          0,           0,        5690,      -6.512523858,      -6.523265008,      -6.727544756,      -6.297579493,      -5.899857744,      -7.944836011
          0,           0,        5691,      -6.528401383,      -6.537741177,      -6.729657699,      -6.289763286,      -5.916377763,      -7.944839722
          0,           0,        5692,      -6.502774767,      -6.517026945,      -6.702662872,       -6.27993853,      -5.890784579,       -7.94483743
          0,           0,        5693,      -6.498021795,      -6.511328221,      -6.703451522,      -6.283957944,      -5.885439193,      -7.944835409
          0,           0,        5694,      -6.527813768,      -6.538101624,      -6.733955262,      -6.313906752,      -5.914131871,      -7.944836772
          0,           0,        5695,       -6.55381132,      -6.567223666,      -6.748158867,      -6.297274905,      -5.939642915,      -7.944839367
          0,           0,        5696,      -6.504972393,       -6.51704278,      -6.717409153,      -6.286245842,      -5.893113204,      -7.944840017
          0,           0,        5697,      -6.517971276,      -6.534664844,      -6.716304738,       -6.30003403,      -5.906257523,      -7.944839034
          0,           0,        5698,      -6.527970706,      -6.544940232,      -6.724962295,       -6.29906165,       -5.91523536,      -7.944841438
          0,           0,        5699,      -6.523544638,       -6.53316736,      -6.717976554,      -6.287302183,      -5.908874652,      -7.944843515
          0,           0,        5700,      -6.493957184,       -6.50464889,      -6.706205126,      -6.274941189,      -5.879689884,      -7.944843155
          0,           0,        5701,      -6.502615212,      -6.514628064,      -6.718736036,      -6.289690273,      -5.888969868,      -7.944843388
          0,           0,        5702,       -6.52233046,      -6.536088013,      -6.729015279,      -6.282337955,      -5.908979391,       -7.94484607
          0,           0,        5703,      -6.508670497,      -6.520329267,      -6.707012611,      -6.275745204,       -5.89685606,      -7.944847827
          0,           0,        5704,      -6.501036267,      -6.510431798,      -6.702384095,      -6.279534386,       -5.88935489,      -7.944844345
          0,           0,        5705,      -6.525143521,      -6.534463949,      -6.719648801,      -6.294467583,      -5.912285111,      -7.944842667
          0,           0,        5706,      -6.529128363,      -6.543189139,      -6.728518915,      -6.276251687,      -5.915376253,      -7.944843767
          0,           0,        5707,      -6.499310152,      -6.509210903,      -6.713894779,      -6.272376687,      -5.886588938,       -7.94484638
          0,           0,        5708,      -6.518654866,      -6.530005804,       -6.71476198,      -6.285611746,      -5.905749457,      -7.944845117
          0,           0,        5709,      -6.523382587,      -6.537409124,      -6.715633342,      -6.281426634,      -5.910096507,      -7.944841628
          0,           0,        5710,      -6.504368821,      -6.513416027,      -6.695355575,      -6.254593082,      -5.890428791,      -7.944842561
          0,           0,        5711,       -6.47505272,      -6.486583871,      -6.692608147,      -6.255222355,      -5.861545857,      -7.944844295
          0,           0,        5712,      -6.496312079,      -6.506030845,      -6.697609468,      -6.253048027,      -5.883239987,       -7.94484382
          0,           0,        5713,      -6.484630548,      -6.497338284,      -6.688981752,      -6.254951988,      -5.872194738,       -7.94483985
          0,           0,        5714,      -6.484881964,      -6.497590787,      -6.683336651,      -6.243226444,      -5.873266619,      -7.944838146
          0,           0,        5715,      -6.472384648,      -6.480750598,      -6.683288595,      -6.252342114,      -5.860750213,      -7.944839972
          0,           0,        5716,      -6.499518536,      -6.510303056,      -6.699231739,      -6.258328146,      -5.885810707,      -7.944838181
          0,           0,        5717,      -6.489056164,      -6.497148322,      -6.693965973,      -6.243177365,      -5.875100617,      -7.944836588
          0,           0,        5718,      -6.479108814,      -6.490989269,      -6.697186349,      -6.262797367,      -5.865892055,      -7.944835627
          0,           0,        5719,      -6.504064479,      -6.517038775,      -6.703616513,      -6.265266031,      -5.891331746,      -7.944837274
          0,           0,        5720,      -6.518643207,      -6.528734554,      -6.701757384,      -6.274697256,      -5.906594386,      -7.944836977
          0,           0,        5721,      -6.496661697,      -6.507305037,      -6.692676247,      -6.259888092,      -5.884292532,      -7.944832291
          0,           0,        5722,      -6.490863977,      -6.500661735,      -6.692443621,      -6.274769604,      -5.878578067,      -7.944831818
          0,           0,        5723,      -6.510264326,      -6.524772313,      -6.707078159,      -6.266263286,      -5.896685394,      -7.944832781
          0,           0,        5724,      -6.484112203,      -6.496605685,      -6.696002667,       -6.25731301,      -5.871436748,      -7.944831799
          0,           0,        5725,      -6.491617344,      -6.500724915,      -6.698302583,      -6.265961308,      -5.879649611,      -7.944828893
          0,           0,        5726,      -6.496690206,      -6.504826927,      -6.706257572,      -6.277359335,       -5.88506353,      -7.944827486
          0,           0,        5727,      -6.527271718,      -6.540685589,      -6.723137711,      -6.297570693,      -5.914176393,      -7.944831387
          0,           0,        5728,      -6.515036449,      -6.528736447,      -6.715012026,       -6.27044721,      -5.900619651,        -7.9448329
          0,           0,        5729,      -6.491315284,      -6.502088211,      -6.704135041,      -6.276280659,      -5.877859444,      -7.944831138
          0,           0,        5730,      -6.506667149,      -6.517336164,      -6.720902205,      -6.288538809,       -5.89319181,      -7.944830476
          0,           0,        5731,      -6.543220092,      -6.552016947,      -6.730695257,      -6.301980604,      -5.930461613,      -7.944832584
          0,           0,        5732,      -6.522901292,      -6.538757364,      -6.713027468,      -6.282601104,      -5.910337498,      -7.944836123
          0,           0,        5733,       -6.48468649,      -6.495588325,      -6.688204554,      -6.266173445,       -5.87203941,      -7.944834218
          0,           0,        5734,      -6.487510534,      -6.497536144,       -6.69440028,      -6.274371261,      -5.874231668,      -7.944832606
          0,           0,        5735,      -6.512294923,      -6.523910949,      -6.727266963,      -6.286875997,      -5.898465113,      -7.944834768
          0,           0,        5736,      -6.520344448,      -6.530473962,      -6.720807911,      -6.276185553,      -5.907525054,      -7.944837985
          0,           0,        5737,      -6.483293032,      -6.494900468,      -6.695838968,      -6.263789131,      -5.872398788,      -7.944839421
          0,           0,        5738,      -6.478241569,      -6.488183894,      -6.692726291,       -6.27782781,      -5.867883975,      -7.944837086
          0,           0,        5739,      -6.522667894,      -6.534474291,      -6.717680304,      -6.292506512,      -5.910121897,      -7.944838626
          0,           0,        5740,       -6.51606375,       -6.52957112,      -6.723527636,      -6.279060412,      -5.901750166,       -7.94484156
          0,           0,        5741,      -6.502067937,      -6.511311743,      -6.708588381,      -6.275018312,      -5.887692595,      -7.944841153
          0,           0,        5742,      -6.490440098,      -6.499369639,      -6.718101469,      -6.282858072,      -5.877152951,      -7.944838584
          0,           0,        5743,       -6.53348573,      -6.542552398,      -6.739025348,      -6.309086768,        -5.9211834,      -7.944837896
          0,           0,        5744,      -6.539917828,      -6.552401907,       -6.72072397,      -6.290162337,      -5.927545336,      -7.944840322
          0,           0,        5745,      -6.512999242,      -6.525612418,      -6.702574347,      -6.296383611,       -5.90080052,      -7.944840134
          0,           0,        5746,      -6.515996977,      -6.526379904,      -6.712430808,      -6.298117657,      -5.902770587,      -7.944837295
          0,           0,        5747,      -6.533788809,      -6.543650101,      -6.739733497,      -6.301174958,      -5.919608422,      -7.944837562
          0,           0,        5748,      -6.530633053,      -6.541873553,      -6.733777538,       -6.29131611,       -5.91749485,      -7.944839056
          0,           0,        5749,      -6.495938332,      -6.507573929,      -6.700378151,      -6.283555156,      -5.884584593,       -7.94483785
          0,           0,        5750,      -6.501849756,      -6.513979369,      -6.702985186,      -6.292544542,      -5.890515103,       -7.94483399
          0,           0,        5751,      -6.518887846,      -6.530029716,       -6.72332675,      -6.290737907,      -5.905966146,      -7.944831107
          0,           0,        5752,      -6.522716333,      -6.529929654,      -6.725681995,      -6.282347522,      -5.908686533,       -7.94483117
          0,           0,        5753,      -6.490757216,      -6.502896512,      -6.710031097,      -6.273634924,      -5.876913724,      -7.944828267
          0,           0,        5754,      -6.491660671,      -6.502426874,      -6.714433124,      -6.295722537,      -5.878858321,      -7.944823471
          0,           0,        5755,      -6.530742471,      -6.541976926,      -6.737809568,      -6.297599833,      -5.917683821,      -7.944822144
          0,           0,        5756,      -6.514059255,      -6.526415561,      -6.722376363,      -6.274516667,      -5.901228534,      -7.944823011
          0,           0,        5757,      -6.518174519,      -6.525419857,      -6.706729934,       -6.28968185,      -5.905647517,      -7.944821446
          0,           0,        5758,      -6.509405572,      -6.523392678,      -6.720509834,      -6.298791764,      -5.896075201,      -7.944815849
          0,           0,        5759,      -6.542360286,      -6.554889729,        -6.7461305,      -6.320723544,      -5.928482416,      -7.944814157
          0,           0,        5760,       -6.53819756,      -6.550130616,      -6.742359296,      -6.286346518,      -5.925139549,      -7.944816892
          0,           0,        5761,      -6.503461895,      -6.515580337,      -6.715227317,      -6.284029847,      -5.891930671,      -7.944815635
          0,           0,        5762,       -6.52769437,      -6.537485896,      -6.713020904,      -6.312439282,      -5.916606884,      -7.944811527
          0,           0,        5763,      -6.535480944,      -6.550250797,      -6.728651464,      -6.315558572,      -5.922428456,      -7.944806564
          0,           0,        5764,      -6.537461143,      -6.551296244,      -6.733994466,       -6.30050763,      -5.922055316,      -7.944807712
          0,           0,        5765,      -6.493987196,      -6.507139286,      -6.714663494,      -6.271288152,      -5.879150046,      -7.944808574
          0,           0,        5766,      -6.486320758,      -6.499173103,      -6.710924906,      -6.281522268,      -5.872919746,      -7.944807078
          0,           0,        5767,      -6.511933498,      -6.525196104,      -6.721968295,      -6.306905508,      -5.899801994,      -7.944806335
          0,           0,        5768,      -6.535184914,      -6.548483381,      -6.731199966,      -6.306905277,      -5.923865282,       -7.94480544
          0,           0,        5769,      -6.512878143,       -6.52449053,      -6.708339716,      -6.281748202,      -5.901094558,       -7.94480767
          0,           0,        5770,      -6.480258245,      -6.491248453,      -6.691290886,      -6.274995761,       -5.86740648,      -7.944806989
          0,           0,        5771,      -6.489244681,      -6.501195884,      -6.710499087,      -6.287365287,      -5.875383519,      -7.944806512
          0,           0,        5772,      -6.512834305,      -6.524633307,      -6.732122208,      -6.298395628,      -5.898647939,      -7.944807732
          0,           0,        5773,      -6.512142642,      -6.521418712,      -6.728250107,      -6.284893431,      -5.899482378,      -7.944807463
          0,           0,        5774,      -6.490891223,      -6.501316067,      -6.696921787,      -6.269703556,       -5.88002681,      -7.944807701
          0,           0,        5775,      -6.473618753,      -6.483880636,       -6.68293509,      -6.278895398,       -5.86307494,      -7.944807053
          0,           0,        5776,       -6.50771824,         -6.521011,      -6.712417751,      -6.300598528,      -5.895258881,      -7.944809844
          0,           0,        5777,      -6.514822087,      -6.527096813,      -6.727362657,       -6.27985566,      -5.900730658,      -7.944813123
          0,           0,        5778,      -6.489059004,      -6.495102802,       -6.71436902,      -6.266050175,      -5.875610677,       -7.94481384
          0,           0,        5779,      -6.480612093,      -6.491859949,      -6.709459879,      -6.272488857,      -5.867982938,      -7.944814807
          0,           0,        5780,      -6.508519364,      -6.517979506,      -6.726251259,      -6.310424094,      -5.896670204,      -7.944816613
          0,           0,        5781,      -6.558527594,      -6.571596926,      -6.745210098,      -6.318599251,      -5.944885122,      -7.944820914
          0,           0,        5782,      -6.513169126,      -6.526293771,        -6.7211006,        -6.2865261,      -5.899210638,      -7.944822722
          0,           0,        5783,      -6.520186892,      -6.527572078,      -6.721353571,      -6.302103015,      -5.906429353,      -7.944820936
          0,           0,        5784,      -6.527094713,      -6.543734086,      -6.746688326,      -6.317049557,      -5.913364391,      -7.944821999
          0,           0,        5785,      -6.565341758,      -6.577192315,      -6.754714213,      -6.331681124,      -5.952810437,      -7.944823856
          0,           0,        5786,      -6.530421903,      -6.542057917,      -6.722428606,       -6.29720709,      -5.918798074,      -7.944826061
          0,           0,        5787,      -6.505227579,      -6.517283385,      -6.706390294,      -6.295729947,      -5.893256849,      -7.944825574
          0,           0,        5788,      -6.534954055,       -6.54240949,      -6.730891088,      -6.312420156,      -5.921974924,      -7.944825443
          0,           0,        5789,      -6.537718348,      -6.552903115,      -6.745482326,       -6.30667197,      -5.922801046,      -7.944827841
          0,           0,        5790,       -6.52233377,      -6.532443477,      -6.728484133,      -6.293568995,      -5.908792194,      -7.944828106
          0,           0,        5791,      -6.494471692,      -6.504671882,      -6.716613946,      -6.288916444,      -5.882621589,      -7.944826453
          0,           0,        5792,       -6.52005123,      -6.534842639,      -6.735091874,      -6.303559451,      -5.907867752,      -7.944825027
          0,           0,        5793,       -6.54239568,      -6.552442443,      -6.737336349,      -6.300793815,      -5.930001463,      -7.944824692
          0,           0,        5794,      -6.516771769,      -6.530401772,       -6.71961951,      -6.296548414,      -5.903378267,      -7.944823382
          0,           0,        5795,      -6.509360861,      -6.519969219,      -6.720192637,      -6.296494894,      -5.895509645,      -7.944819864
          0,           0,        5796,      -6.525688466,      -6.539041547,      -6.746204079,      -6.317652094,      -5.911718382,      -7.944818042
          0,           0,        5797,      -6.558929545,      -6.578462883,      -6.760857391,      -6.317217301,      -5.944913615,      -7.944817395
          0,           0,        5798,       -6.53475577,      -6.545886769,      -6.726269065,      -6.308752505,      -5.923184361,      -7.944815338
          0,           0,        5799,      -6.537162506,      -6.549358748,      -6.718967699,      -6.319420744,      -5.925533563,      -7.944812529
          0,           0,        5800,      -6.539393713,       -6.55261066,      -6.733589915,      -6.320185652,      -5.926935077,      -7.944808723
          0,           0,        5801,      -6.549747996,      -6.563895191,       -6.74485686,      -6.315515144,      -5.935081501,      -7.944806223
          0,           0,        5802,       -6.51133715,      -6.526371564,      -6.725328314,      -6.289172743,      -5.897763439,      -7.944803541
          0,           0,        5803,      -6.503248207,      -6.514723675,      -6.710397976,      -6.298534109,      -5.890695148,      -7.944799681
          0,           0,        5804,      -6.517357196,      -6.525135903,      -6.718393394,      -6.304784225,         -5.905586,      -7.944797786
          0,           0,        5805,      -6.528975522,      -6.544893708,      -6.724307039,      -6.302287044,      -5.916345995,      -7.944796407
          0,           0,        5806,       -6.50928436,       -6.51910944,      -6.710911461,      -6.279736599,      -5.895483782,      -7.944794643
          0,           0,        5807,      -6.479394957,       -6.49051978,       -6.69617885,      -6.278937478,      -5.865783726,      -7.944793712
          0,           0,        5808,      -6.490056582,      -6.503548098,      -6.710363673,      -6.289473064,      -5.876435045,      -7.944792213
          0,           0,        5809,      -6.515287444,      -6.521599686,       -6.73205064,      -6.293392803,      -5.903069527,       -7.94479461
          0,           0,        5810,      -6.515285757,      -6.530238073,      -6.724569779,      -6.288490319,      -5.904001769,      -7.944795148
          0,           0,        5811,      -6.494881578,      -6.502125182,      -6.694194983,      -6.276174523,      -5.884180194,      -7.944792721
          0,           0,        5812,       -6.47855426,      -6.488579852,      -6.686199999,      -6.288114666,      -5.866820279,      -7.944790837
          0,           0,        5813,      -6.500910879,      -6.513563235,      -6.714535015,      -6.291775444,      -5.886997089,       -7.94479264
          0,           0,        5814,      -6.513429952,      -6.519390206,      -6.735750721,      -6.281125267,      -5.899290468,      -7.944795909
          0,           0,        5815,      -6.488954902,       -6.50233255,      -6.717851707,      -6.274436113,      -5.875856134,      -7.944795267
          0,           0,        5816,      -6.492552127,       -6.49900366,      -6.703028822,       -6.28378362,      -5.881731849,      -7.944795599
          0,           0,        5817,      -6.499645579,      -6.509782966,      -6.711513617,      -6.307822065,       -5.88879877,      -7.944797561
          0,           0,        5818,      -6.543214341,      -6.557849403,      -6.737361704,      -6.311696433,      -5.929765108,      -7.944800733
          0,           0,        5819,      -6.520069353,      -6.526821376,       -6.72553438,      -6.285294388,      -5.906146318,      -7.944803359
          0,           0,        5820,      -6.512257351,      -6.524175471,      -6.719987779,      -6.295832155,      -5.897773204,      -7.944803779
          0,           0,        5821,      -6.512987337,      -6.521598724,      -6.732015739,      -6.308740827,      -5.900105806,      -7.944806441
          0,           0,        5822,      -6.558198145,      -6.572285735,      -6.750617692,      -6.330554782,      -5.945472778,       -7.94480763
          0,           0,        5823,      -6.537728995,      -6.554587501,      -6.729804299,      -6.295732583,       -5.92552397,      -7.944809118
          0,           0,        5824,      -6.512279803,      -6.520894455,      -6.703960218,      -6.296396046,      -5.900736097,      -7.944811032
          0,           0,        5825,      -6.518442719,      -6.530014405,      -6.717638774,      -6.306817098,      -5.905320786,       -7.94481482
          0,           0,        5826,      -6.540441838,       -6.55232749,      -6.741575998,      -6.312543614,      -5.926453906,      -7.944818194
          0,           0,        5827,      -6.529650802,      -6.543820576,      -6.735376981,       -6.29352126,      -5.915923193,       -7.94481827
          0,           0,        5828,      -6.486553931,      -6.501804188,      -6.701167515,      -6.278295949,      -5.874766508,      -7.944819515
          0,           0,        5829,      -6.504962065,      -6.514382728,      -6.708452846,      -6.294093045,      -5.893137147,      -7.944822475
          0,           0,        5830,       -6.53224529,      -6.542000007,      -6.731375315,      -6.296420688,      -5.919166869,      -7.944825513
          0,           0,        5831,       -6.51179798,      -6.524785346,      -6.718601054,      -6.279276863,      -5.898206715,       -7.94482465
          0,           0,        5832,      -6.488575119,      -6.498847318,      -6.708126216,      -6.273311135,      -5.875204802,      -7.944822155
          0,           0,        5833,      -6.500441446,      -6.513711289,      -6.721300692,        -6.3021379,      -5.887908362,        -7.9448238
          0,           0,        5834,      -6.557135344,      -6.571605179,      -6.745610372,      -6.306011562,      -5.943614641,      -7.944825927
          0,           0,        5835,      -6.526160975,      -6.534389656,      -6.717542927,      -6.290821022,      -5.913975074,      -7.944826022
          0,           0,        5836,      -6.519898153,      -6.534944505,      -6.708470518,       -6.29892516,      -5.907231233,      -7.944823878
          0,           0,        5837,      -6.524924762,       -6.53438449,       -6.72929618,       -6.30361978,      -5.911172328,      -7.944824776
          0,           0,        5838,      -6.541907679,      -6.555871368,      -6.738233301,      -6.308751481,      -5.927744445,      -7.944827955
          0,           0,        5839,      -6.512087149,      -6.525232355,      -6.716004281,      -6.284208697,      -5.899744191,      -7.944827502
          0,           0,        5840,      -6.508520816,      -6.516356442,      -6.703124799,      -6.302606592,       -5.89757878,      -7.944825445
          0,           0,        5841,      -6.522685318,      -6.537677889,       -6.71531166,      -6.305740179,      -5.910852617,      -7.944824157
          0,           0,        5842,      -6.530499449,       -6.54015845,      -6.716667893,      -6.294062482,      -5.916919693,      -7.944824273
          0,           0,        5843,      -6.490457646,      -6.502205061,       -6.69966383,      -6.269070843,      -5.875942732,       -7.94482185
          0,           0,        5844,      -6.474283169,      -6.485093297,       -6.69443071,      -6.271956405,      -5.860666838,      -7.944817634
          0,           0,        5845,      -6.504991851,      -6.512887011,       -6.71856842,      -6.289666916,      -5.892192806,      -7.944816407
          0,           0,        5846,      -6.516385057,      -6.529673668,      -6.725979931,      -6.277280174,        -5.9040006,      -7.944815398
          0,           0,        5847,      -6.508177079,      -6.517455104,       -6.70598106,      -6.278568776,      -5.896823142,      -7.944812525
          0,           0,        5848,      -6.494971283,      -6.506754254,      -6.699037083,      -6.281592085,      -5.883028052,      -7.944809755
          0,           0,        5849,      -6.519469306,      -6.533717678,      -6.721606656,      -6.303754319,      -5.905962488,         -7.944809
          0,           0,        5850,       -6.54387336,      -6.554231704,      -6.739552958,      -6.288768104,      -5.930025674,      -7.944810227
          0,           0,        5851,      -6.509779551,      -6.521164692,      -6.720597987,      -6.281870787,      -5.897235354,      -7.944807389
          0,           0,        5852,      -6.522456834,      -6.532642128,      -6.719465581,       -6.29985564,      -5.910294059,      -7.944802782
          0,           0,        5853,      -6.533581666,      -6.546935892,      -6.722852215,      -6.292482747,        -5.9206679,      -7.944800792
          0,           0,        5854,      -6.507358992,      -6.522312225,      -6.701875698,      -6.273149822,      -5.893404672,      -7.944801269
          0,           0,        5855,      -6.487042021,      -6.496287766,      -6.697779959,      -6.267638177,       -5.87376736,      -7.944800557
          0,           0,        5856,       -6.50575854,      -6.515425265,      -6.705739606,       -6.27300557,      -5.892335996,      -7.944796527
          0,           0,        5857,      -6.502984095,      -6.513865111,       -6.70395314,      -6.272130843,      -5.890548131,      -7.944795172
          0,           0,        5858,      -6.501629163,      -6.512145187,       -6.69460534,      -6.258257668,      -5.889800559,       -7.94479651
          0,           0,        5859,      -6.481036412,      -6.493854731,       -6.69096291,      -6.263127511,      -5.868956583,      -7.944797026
          0,           0,        5860,      -6.508968206,      -6.520664998,       -6.70742143,      -6.270027549,      -5.895685283,      -7.944795444
          0,           0,        5861,      -6.505614051,      -6.513251652,      -6.700646891,      -6.252034676,      -5.891781739,      -7.944793878
          0,           0,        5862,      -6.479682976,      -6.491679117,       -6.69725544,      -6.261443501,      -5.867188316,      -7.944795941
          0,           0,        5863,      -6.509976507,      -6.518781738,      -6.705514914,      -6.265923056,      -5.897441914,      -7.944796486
          0,           0,        5864,      -6.509547093,      -6.523430823,      -6.699193106,      -6.273317502,      -5.896771376,      -7.944795403
          0,           0,        5865,      -6.497107499,      -6.508796369,       -6.69108742,      -6.250110573,      -5.883705747,      -7.944795387
          0,           0,        5866,      -6.484405088,      -6.492565966,      -6.688207645,      -6.263353385,      -5.871369011,      -7.944796877
          0,           0,        5867,      -6.497969942,      -6.510846065,      -6.696250275,      -6.247391695,      -5.884793723,      -7.944798721
          0,           0,        5868,      -6.474433769,      -6.482081161,      -6.684412384,      -6.241199723,      -5.862276087,      -7.944798806
          0,           0,        5869,       -6.46980245,      -6.481564511,      -6.678851796,      -6.242332552,      -5.858121106,      -7.944799853
          0,           0,        5870,      -6.466837116,      -6.476445826,      -6.686486523,      -6.250528932,      -5.855377772,      -7.944802392
          0,           0,        5871,      -6.509565205,      -6.518291796,      -6.708033414,      -6.274507531,      -5.896341745,      -7.944803541
          0,           0,        5872,       -6.49718313,      -6.508309367,      -6.704849339,      -6.254288962,      -5.883177467,      -7.944802936
          0,           0,        5873,      -6.490759584,      -6.499216266,      -6.705351853,      -6.271028194,      -5.877423563,      -7.944803465
          0,           0,        5874,      -6.511004128,      -6.525551511,      -6.713730887,      -6.287450799,       -5.89760013,      -7.944807031
