NDIME= 2
NELEM= 10216
5	417	69	311	0
5	302	55	56	1
5	405	159	384	2
5	594	427	450	3
5	315	71	72	4
5	319	4	262	5
5	270	39	40	6
5	327	65	66	7
5	451	259	325	8
5	441	40	41	9
5	358	147	148	10
5	287	12	13	11
5	252	144	145	12
5	254	56	57	13
5	348	96	269	14
5	262	4	5	15
5	647	465	525	16
5	453	308	449	17
5	309	282	15	18
5	560	265	470	19
5	369	185	186	20
5	420	271	27	21
5	432	137	376	22
5	643	471	270	23
5	429	121	354	24
5	282	14	15	25
5	568	446	456	26
5	292	257	31	27
5	617	385	457	28
5	831	694	478	29
5	274	24	25	30
5	470	346	454	31
5	311	69	70	32
5	291	20	278	33
5	286	24	274	34
5	257	30	31	35
5	255	0	1	36
5	996	809	797	37
5	342	79	312	38
5	280	18	19	39
5	543	319	518	40
5	316	42	294	41
5	507	356	439	42
5	543	293	319	43
5	546	298	299	44
5	324	288	9	45
5	749	548	648	46
5	270	251	39	47
5	542	459	257	48
5	258	36	37	49
5	322	18	280	50
5	315	72	290	51
5	555	313	342	52
5	288	8	9	53
5	645	348	465	54
5	323	14	282	55
5	308	62	63	56
5	300	75	76	57
5	335	84	303	58
5	421	60	305	59
5	334	38	251	60
5	749	549	548	61
5	285	53	54	62
5	302	56	254	63
5	751	644	725	64
5	250	82	83	65
5	294	42	43	66
5	301	87	88	67
5	279	80	81	68
5	305	60	61	69
5	531	475	278	70
5	554	448	540	71
5	271	26	27	72
5	284	89	90	73
5	416	111	112	74
5	329	260	33	75
5	475	291	278	76
5	340	0	255	77
5	277	106	107	78
5	420	28	272	79
5	295	52	53	80
5	316	41	42	81
5	333	294	43	82
5	825	476	650	83
5	331	300	76	84
5	762	555	664	85
5	295	53	285	86
5	290	72	73	87
5	337	90	91	88
5	312	79	80	89
5	511	320	336	90
5	1041	890	895	91
5	555	342	464	92
5	946	762	848	93
5	564	314	556	94
5	345	52	295	95
5	335	250	83	96
5	449	63	64	97
5	338	254	57	98
5	842	642	557	99
5	338	57	58	100
5	517	256	293	101
5	259	101	102	102
5	512	281	350	103
5	348	95	96	104
5	441	270	40	105
5	361	177	178	106
5	266	99	100	107
5	510	451	325	108
5	580	353	413	109
5	372	115	116	110
5	367	117	118	111
5	357	151	349	112
5	412	375	127	113
5	639	273	436	114
5	381	157	158	115
5	492	368	430	116
5	377	147	358	117
5	400	173	390	118
5	437	365	182	119
5	406	161	253	120
5	403	253	162	121
5	395	181	365	122
5	397	175	393	123
5	408	157	381	124
5	619	408	381	125
5	401	386	166	126
5	399	388	170	127
5	834	690	450	128
5	585	377	358	129
5	387	163	164	130
5	404	165	386	131
5	353	112	113	132
5	424	321	109	133
5	363	252	145	134
5	363	145	146	135
5	481	429	354	136
5	607	393	484	137
5	1544	685	720	138
5	653	485	490	139
5	275	132	133	140
5	409	382	129	141
5	373	135	136	142
5	614	482	253	143
5	355	143	144	144
5	409	130	383	145
5	380	354	122	146
5	486	435	273	147
5	436	273	140	148
5	411	126	375	149
5	360	186	187	150
5	593	394	488	151
5	850	681	706	152
5	393	175	176	153
5	806	611	604	154
5	398	177	361	155
5	784	587	502	156
5	403	162	163	157
5	402	169	388	158
5	253	161	162	159
5	396	188	359	160
5	388	169	170	161
5	1083	868	726	162
5	390	173	174	163
5	484	393	398	164
5	356	195	196	165
5	380	122	123	166
5	432	373	136	167
5	375	126	127	168
5	412	128	382	169
5	357	150	151	170
5	355	144	252	171
5	364	141	142	172
5	624	483	375	173
5	435	139	273	174
5	482	479	406	175
5	424	110	351	176
5	623	412	382	177
5	595	501	352	178
5	325	259	102	179
5	328	46	296	180
5	269	96	97	181
5	1361	1264	1068	182
5	530	286	462	183
5	550	306	421	184
5	251	38	39	185
5	423	103	104	186
5	350	99	266	187
5	693	451	510	188
5	483	411	375	189
5	352	114	115	190
5	633	478	424	191
5	444	150	357	192
5	427	117	367	193
5	588	395	365	194
5	385	154	261	195
5	655	491	587	196
5	369	186	360	197
5	581	431	485	198
5	386	165	166	199
5	5232	5214	5229	200
5	508	503	443	201
5	5232	5226	5214	202
5	1099	878	1090	203
5	5231	207	5222	204
5	5231	206	207	205
5	5230	5210	5219	206
5	5230	5213	5210	207
5	5229	5199	5213	208
5	5229	5214	5199	209
5	5228	204	205	210
5	5228	5217	204	211
5	5225	5219	5200	212
5	5225	249	5219	213
5	5232	5229	202	214
5	5232	202	203	215
5	5227	247	248	216
5	5227	5196	5212	217
5	5224	5195	5209	218
5	5224	5202	5195	219
5	5223	225	226	220
5	5223	5220	225	221
5	5224	5228	205	222
5	5231	205	206	223
5	5221	5173	5203	224
5	5221	5201	5173	225
5	5220	5211	225	226
5	5220	5181	5211	227
5	5230	200	201	228
5	5230	5229	5213	229
5	5219	5210	5191	230
5	5225	5218	248	231
5	5231	5202	5224	232
5	5231	5222	5202	233
5	5216	227	228	234
5	5216	5208	227	235
5	5215	207	208	236
5	5222	5206	5189	237
5	5232	203	5226	238
5	5230	201	5229	239
5	5214	5205	5174	240
5	5229	201	202	241
5	5212	246	247	242
5	5221	246	5212	243
5	5211	5180	224	244
5	5211	5181	5180	245
5	5210	5152	5191	246
5	5210	5190	5152	247
5	5231	5224	205	248
5	5228	5224	5209	249
5	5223	5208	5185	250
5	5223	226	227	251
5	5207	5180	5166	252
5	5207	223	5180	253
5	5222	5189	5202	254
5	5222	5215	5206	255
5	5226	5205	5214	256
5	5217	5188	5205	257
5	5197	229	230	258
5	5197	5179	229	259
5	5203	5163	5193	260
5	5203	5173	5163	261
5	5215	208	209	262
5	5222	207	5215	263
5	5221	5212	5201	264
5	5221	245	246	265
5	5230	5219	200	266
5	5219	249	200	267
5	5205	5154	5174	268
5	5226	5217	5205	269
5	5198	221	222	270
5	5198	5186	221	271
5	5197	5121	5179	272
5	5197	5088	5121	273
5	5212	5196	5170	274
5	5201	5170	5145	275
5	5195	5140	5169	276
5	5195	5157	5140	277
5	5192	241	5168	278
5	5192	240	241	279
5	5193	5160	243	280
5	5193	5163	5160	281
5	5223	5185	5220	282
5	5211	224	225	283
5	5213	5199	5190	284
5	5225	248	249	285
5	5184	5150	218	286
5	5184	5127	5150	287
5	5183	212	5155	288
5	5183	211	212	289
5	5228	5209	5217	290
5	5209	5169	5188	291
5	5187	241	242	292
5	5187	5160	5139	293
5	5186	220	221	294
5	5186	5151	220	295
5	5220	5185	5161	296
5	5220	5161	5181	297
5	5184	219	5151	298
5	5184	5151	5127	299
5	5183	5155	5125	300
5	5149	210	211	301
5	5190	5113	5152	302
5	5182	5112	5162	303
5	5223	227	5208	304
5	5181	5167	5147	305
5	5180	223	224	306
5	5207	5166	5194	307
5	5216	5179	5177	308
5	5179	5158	5177	309
5	5178	5156	5135	310
5	5178	215	5156	311
5	5177	5158	5130	312
5	5179	228	229	313
5	5191	5129	5143	314
5	5227	5212	247	315
5	5204	5142	5175	316
5	5204	214	5178	317
5	5174	5118	5146	318
5	5174	5154	5118	319
5	5171	5144	238	320
5	5171	5116	5144	321
5	5171	5148	5116	322
5	5172	216	217	323
5	5171	238	239	324
5	5172	217	5150	325
5	5176	5133	5153	326
5	5218	5176	5196	327
5	5202	5189	5157	328
5	5226	204	5217	329
5	5194	5166	5131	330
5	5192	5138	5148	331
5	5167	5134	5122	332
5	5167	5161	5134	333
5	5166	5096	5131	334
5	5166	5147	5096	335
5	5165	5091	5123	336
5	5165	5130	5091	337
5	5198	5194	5164	338
5	5207	222	223	339
5	5201	5145	5173	340
5	5203	5193	244	341
5	5162	5108	5128	342
5	5162	5112	5108	343
5	5181	5147	5180	344
5	5208	5165	5185	345
5	5208	5177	5165	346
5	5216	5177	5208	347
5	5159	5087	5111	348
5	5159	5115	5087	349
5	5158	5105	5130	350
5	5192	5168	5138	351
5	5189	5114	5157	352
5	5206	5128	5189	353
5	5192	5148	240	354
5	5148	239	240	355
5	5155	5090	5125	356
5	5155	5132	5090	357
5	5154	5101	5118	358
5	5154	5119	5101	359
5	5153	5082	5124	360
5	5153	5133	5082	361
5	5191	5152	5129	362
5	5227	248	5218	363
5	5164	5107	5137	364
5	5151	219	220	365
5	5184	218	219	366
5	5150	217	218	367
5	5217	5209	5188	368
5	5182	5162	209	369
5	5178	214	215	370
5	5148	5138	5086	371
5	5207	5194	222	372
5	5147	5122	5096	373
5	5199	5174	5146	374
5	5219	5191	5200	375
5	5145	5098	5126	376
5	5145	5124	5098	377
5	5144	237	238	378
5	5144	5115	237	379
5	5152	5076	5129	380
5	5200	5191	5143	381
5	5175	5155	212	382
5	5183	5149	211	383
5	5141	5094	5061	384
5	5141	5121	5094	385
5	5215	5162	5206	386
5	5214	5174	5199	387
5	5139	5102	5100	388
5	5139	5120	5102	389
5	5187	242	243	390
5	5194	5131	5164	391
5	5198	5164	5186	392
5	5186	5164	5137	393
5	5197	5136	5088	394
5	5197	230	5136	395
5	5135	5047	5093	396
5	5135	5092	5047	397
5	5167	5122	5147	398
5	438	198	199	399
5	5161	5106	5134	400
5	1036	844	843	401
5	307	86	87	402
5	661	506	199	403
5	5189	5128	5114	404
5	508	443	356	405
5	5112	5074	5108	406
5	685	657	503	407
5	5156	5092	5135	408
5	508	356	507	409
5	5204	5178	5142	410
5	659	438	506	411
5	5161	5123	5106	412
5	439	356	196	413
5	5187	5139	5168	414
5	443	195	356	415
5	5177	5130	5165	416
5	485	431	433	417
5	5185	5123	5161	418
5	660	517	543	419
5	5129	5071	5081	420
5	385	153	154	421
5	5129	5076	5071	422
5	661	199	515	423
5	5190	5146	5113	424
5	5188	5169	5119	425
5	5186	5137	5151	426
5	354	121	122	427
5	5182	210	5149	428
5	416	351	111	429
5	5170	5124	5145	430
5	1230	1086	1051	431
5	5203	244	245	432
5	410	132	275	433
5	5183	5125	5149	434
5	415	108	321	435
5	5182	5149	5112	436
5	347	101	259	437
5	5124	5045	5098	438
5	318	89	284	439
5	5124	5082	5045	440
5	425	106	277	441
5	5187	5168	241	442
5	578	347	452	443
5	5180	5147	5166	444
5	325	102	103	445
5	5134	5097	5109	446
5	473	464	312	447
5	5134	5109	5122	448
5	769	737	516	449
5	5179	5121	5158	450
5	5158	5121	5141	451
5	5160	5120	5139	452
5	347	100	101	453
5	5168	5100	5138	454
5	445	95	348	455
5	5140	5103	5056	456
5	671	579	645	457
5	5205	5188	5154	458
5	303	84	85	459
5	5146	5118	5089	460
5	445	336	94	461
5	5146	5089	5113	462
5	721	509	477	463
5	5117	5077	5046	464
5	320	92	93	465
5	5117	234	5077	466
5	335	83	84	467
5	5116	5086	5064	468
5	447	82	250	469
5	5138	5100	5070	470
5	764	754	540	471
5	5159	236	237	472
5	339	71	315	473
5	5159	237	5115	474
5	306	58	59	475
5	5169	5140	5085	476
5	5140	5056	5085	477
5	5113	5052	5076	478
5	292	31	32	479
5	5113	5089	5052	480
5	419	12	287	481
5	5159	5111	236	482
5	288	268	8	483
5	5111	235	236	484
5	293	2	3	485
5	5128	5084	5114	486
5	293	256	2	487
5	5111	5087	5057	488
5	1394	1257	1239	489
5	5110	5048	5092	490
5	340	199	0	491
5	5110	5079	5048	492
5	1218	517	853	493
5	5109	5049	5038	494
5	729	460	521	495
5	5109	5097	5049	496
5	746	543	518	497
5	5149	5099	5112	498
5	5209	5195	5169	499
5	5107	5020	5063	500
5	5107	5068	5020	501
5	312	80	279	502
5	762	562	555	503
5	460	263	267	504
5	670	470	454	505
5	273	139	140	506
5	641	588	365	507
5	384	159	160	508
5	261	154	155	509
5	304	55	302	510
5	573	332	466	511
5	742	537	741	512
5	1505	888	1371	513
5	256	255	1	514
5	256	1	2	515
5	330	30	257	516
5	472	345	295	517
5	346	36	258	518
5	260	32	33	519
5	511	456	320	520
5	452	259	451	521
5	329	34	265	522
5	292	32	260	523
5	813	617	667	524
5	349	151	152	525
5	521	460	267	526
5	726	515	340	527
5	263	262	5	528
5	263	5	6	529
5	264	261	155	530
5	264	155	156	531
5	329	33	34	532
5	265	34	35	533
5	510	325	423	534
5	514	284	467	535
5	267	263	6	536
5	267	6	7	537
5	268	267	7	538
5	268	7	8	539
5	452	347	259	540
5	509	418	425	541
5	476	330	459	542
5	422	296	47	543
5	326	26	271	544
5	317	22	276	545
5	420	27	28	546
5	272	28	29	547
5	480	400	390	548
5	374	275	133	549
5	570	474	254	550
5	276	22	23	551
5	590	519	252	552
5	374	133	134	553
5	575	343	308	554
5	278	20	21	555
5	415	107	108	556
5	625	321	478	557
5	565	557	294	558
5	557	316	294	559
5	466	332	417	560
5	563	540	300	561
5	642	441	316	562
5	471	251	270	563
5	281	269	97	564
5	281	97	98	565
5	309	16	283	566
5	470	265	346	567
5	309	15	16	568
5	283	16	17	569
5	307	87	301	570
5	675	568	456	571
5	333	43	44	572
5	314	44	45	573
5	286	276	23	574
5	286	23	24	575
5	528	462	274	576
5	533	455	280	577
5	324	10	289	578
5	535	323	282	579
5	324	9	10	580
5	289	10	11	581
5	498	466	417	582
5	310	290	73	583
5	291	280	19	584
5	291	19	20	585
5	938	928	741	586
5	537	468	287	587
5	534	283	322	588
5	521	267	268	589
5	514	318	284	590
5	297	50	51	591
5	422	47	48	592
5	296	46	47	593
5	644	307	536	594
5	573	341	332	595
5	298	48	49	596
5	299	50	297	597
5	505	315	290	598
5	422	48	298	599
5	299	298	49	600
5	299	49	50	601
5	310	73	74	602
5	448	75	300	603
5	913	671	859	604
5	1110	871	1094	605
5	304	54	55	606
5	304	285	54	607
5	442	86	307	608
5	442	85	86	609
5	576	343	575	610
5	665	534	652	611
5	343	62	308	612
5	344	64	65	613
5	556	314	328	614
5	338	58	306	615
5	442	303	85	616
5	467	284	337	617
5	343	61	62	618
5	343	305	61	619
5	497	334	251	620
5	497	251	471	621
5	701	547	662	622
5	532	447	516	623
5	332	67	68	624
5	449	64	344	625
5	313	77	78	626
5	331	76	77	627
5	469	290	310	628
5	331	77	313	629
5	455	322	280	630
5	333	44	314	631
5	339	70	71	632
5	339	311	70	633
5	524	263	460	634
5	441	41	316	635
5	317	278	21	636
5	317	21	22	637
5	318	301	88	638
5	318	88	89	639
5	319	293	3	640
5	319	3	4	641
5	337	284	90	642
5	446	92	320	643
5	415	277	107	644
5	321	108	109	645
5	322	283	17	646
5	322	17	18	647
5	323	287	13	648
5	323	13	14	649
5	552	283	534	650
5	538	289	419	651
5	423	104	418	652
5	694	625	478	653
5	326	274	25	654
5	326	25	26	655
5	341	67	332	656
5	344	65	327	657
5	328	314	45	658
5	328	45	46	659
5	734	677	462	660
5	459	330	257	661
5	330	272	29	662
5	330	29	30	663
5	562	313	555	664
5	498	417	311	665
5	341	66	67	666
5	341	327	66	667
5	468	419	287	668
5	1362	1084	1218	669
5	334	258	37	670
5	334	37	38	671
5	897	675	861	672
5	540	448	300	673
5	336	320	93	674
5	336	93	94	675
5	547	318	514	676
5	768	567	566	677
5	756	520	651	678
5	461	421	305	679
5	652	534	455	680
5	746	660	543	681
5	753	741	535	682
5	1043	889	916	683
5	550	421	461	684
5	643	270	441	685
5	342	313	78	686
5	342	78	79	687
5	575	308	453	688
5	474	302	254	689
5	556	328	520	690
5	449	308	63	691
5	345	297	51	692
5	345	51	52	693
5	346	265	35	694
5	346	35	36	695
5	692	465	647	696
5	347	266	100	697
5	445	94	95	698
5	725	536	701	699
5	407	153	385	700
5	618	407	617	701
5	350	281	98	702
5	350	98	99	703
5	424	109	110	704
5	351	110	111	705
5	413	114	352	706
5	416	112	353	707
5	478	321	424	708
5	496	371	429	709
5	426	367	118	710
5	372	352	115	711
5	378	143	355	712
5	436	140	141	713
5	807	611	806	714
5	359	188	189	715
5	495	383	410	716
5	591	364	378	717
5	783	584	782	718
5	493	410	275	719
5	489	398	361	720
5	394	185	369	721
5	992	880	704	722
5	365	181	182	723
5	605	391	400	724
5	392	178	179	725
5	362	358	148	726
5	362	148	149	727
5	834	450	635	728
5	799	708	504	729
5	603	387	404	730
5	436	141	364	731
5	366	179	180	732
5	392	361	178	733
5	608	480	390	734
5	392	179	366	735
5	426	119	371	736
5	626	353	580	737
5	368	359	189	738
5	368	189	190	739
5	370	183	184	740
5	437	182	183	741
5	839	640	593	742
5	437	183	370	743
5	426	118	119	744
5	371	119	120	745
5	501	413	352	746
5	627	351	416	747
5	428	135	373	748
5	599	380	414	749
5	718	598	689	750
5	824	626	823	751
5	379	124	125	752
5	414	124	379	753
5	432	136	137	754
5	376	137	138	755
5	377	363	146	756
5	377	146	147	757
5	378	364	142	758
5	378	142	143	759
5	600	481	354	760
5	686	583	487	761
5	816	620	619	762
5	689	598	483	763
5	408	156	157	764
5	408	264	156	765
5	412	127	128	766
5	382	128	129	767
5	409	129	130	768
5	383	130	131	769
5	405	158	159	770
5	405	381	158	771
5	407	152	153	772
5	407	349	152	773
5	604	389	402	774
5	640	370	593	775
5	609	391	605	776
5	403	163	387	777
5	389	167	168	778
5	401	166	167	779
5	604	402	601	780
5	401	167	389	781
5	391	171	172	782
5	399	170	171	783
5	479	384	406	784
5	399	171	391	785
5	606	504	392	786
5	593	370	394	787
5	397	174	175	788
5	397	390	174	789
5	394	370	184	790
5	394	184	185	791
5	395	366	180	792
5	395	180	181	793
5	396	360	187	794
5	396	187	188	795
5	620	523	264	796
5	615	384	479	797
5	398	393	176	798
5	398	176	177	799
5	482	406	253	800
5	614	253	403	801
5	400	391	172	802
5	400	172	173	803
5	605	400	480	804
5	489	484	398	805
5	402	389	168	806
5	402	168	169	807
5	974	788	732	808
5	622	382	409	809
5	404	387	164	810
5	404	164	165	811
5	494	376	435	812
5	621	409	383	813
5	406	384	160	814
5	406	160	161	815
5	638	436	364	816
5	583	362	444	817
5	487	444	357	818
5	583	444	487	819
5	636	376	494	820
5	617	407	385	821
5	410	383	131	822
5	410	131	132	823
5	411	379	125	824
5	411	125	126	825
5	529	428	373	826
5	634	426	371	827
5	413	353	113	828
5	413	113	114	829
5	414	380	123	830
5	414	123	124	831
5	580	413	501	832
5	509	425	477	833
5	496	429	481	834
5	527	378	355	835
5	417	332	68	836
5	417	68	69	837
5	423	325	103	838
5	418	104	105	839
5	419	289	11	840
5	419	11	12	841
5	534	322	455	842
5	533	280	291	843
5	421	306	59	844
5	421	59	60	845
5	574	327	341	846
5	646	449	344	847
5	632	418	509	848
5	861	675	669	849
5	624	375	412	850
5	500	414	379	851
5	425	418	105	852
5	425	105	106	853
5	595	372	594	854
5	690	594	450	855
5	427	372	116	856
5	427	116	117	857
5	428	374	134	858
5	428	134	135	859
5	429	371	120	860
5	429	120	121	861
5	430	368	190	862
5	430	190	191	863
5	431	430	191	864
5	431	191	192	865
5	494	435	486	866
5	639	486	273	867
5	433	431	192	868
5	433	192	193	869
5	434	433	193	870
5	434	193	194	871
5	435	376	138	872
5	435	138	139	873
5	601	402	388	874
5	602	404	386	875
5	867	506	661	876
5	812	616	615	877
5	439	196	197	878
5	440	198	438	879
5	592	395	588	880
5	586	368	492	881
5	440	439	197	882
5	440	197	198	883
5	539	521	268	884
5	541	292	260	885
5	473	312	279	886
5	532	473	279	887
5	443	434	194	888
5	443	194	195	889
5	444	362	149	890
5	444	149	150	891
5	951	767	751	892
5	1051	856	915	893
5	446	337	91	894
5	446	91	92	895
5	447	279	81	896
5	447	81	82	897
5	448	310	74	898
5	448	74	75	899
5	526	295	285	900
5	569	306	550	901
5	450	427	367	902
5	635	450	367	903
5	884	790	690	904
5	791	781	501	905
5	978	793	977	906
5	902	702	717	907
5	646	453	449	908
5	577	344	327	909
5	454	346	258	910
5	497	458	334	911
5	628	272	476	912
5	629	463	271	913
5	456	446	320	914
5	951	751	856	915
5	457	385	261	916
5	523	457	261	917
5	458	454	258	918
5	458	258	334	919
5	476	272	330	920
5	462	286	274	921
5	825	628	476	922
5	736	475	531	923
5	548	302	474	924
5	544	345	472	925
5	528	326	463	926
5	679	524	666	927
5	528	274	326	928
5	463	326	271	929
5	464	342	312	930
5	775	498	572	931
5	465	348	269	932
5	698	512	513	933
5	754	554	540	934
5	737	532	516	935
5	567	250	335	936
5	532	279	447	937
5	539	268	288	938
5	538	419	468	939
5	572	498	311	940
5	505	290	469	941
5	561	541	260	942
5	542	257	292	943
5	843	643	642	944
5	631	520	296	945
5	544	297	345	946
5	520	328	296	947
5	701	536	547	948
5	536	307	301	949
5	548	304	302	950
5	526	472	295	951
5	531	317	522	952
5	533	291	475	953
5	628	420	272	954
5	629	271	420	955
5	477	425	277	956
5	499	477	277	957
5	499	277	415	958
5	698	513	578	959
5	615	405	384	960
5	523	261	264	961
5	610	601	388	962
5	862	707	655	963
5	635	426	634	964
5	634	371	496	965
5	705	479	482	966
5	792	597	687	967
5	598	411	483	968
5	600	354	380	969
5	607	397	393	970
5	608	390	397	971
5	808	797	602	972
5	488	394	369	973
5	596	493	275	974
5	596	275	374	975
5	590	252	363	976
5	519	355	252	977
5	988	802	801	978
5	587	360	396	979
5	798	592	789	980
5	800	607	484	981
5	490	485	433	982
5	490	433	434	983
5	491	488	369	984
5	491	369	360	985
5	502	396	359	986
5	587	491	360	987
5	730	457	523	988
5	495	410	493	989
5	711	529	637	990
5	597	428	529	991
5	835	636	710	992
5	621	383	495	993
5	822	689	483	994
5	635	367	426	995
5	771	570	569	996
5	770	569	550	997
5	571	315	505	998
5	776	466	716	999
5	717	625	694	1000
5	901	852	695	1001
5	821	623	820	1002
5	599	414	500	1003
5	627	416	626	1004
5	626	416	353	1005
5	706	581	654	1006
5	587	396	502	1007
5	503	490	434	1008
5	503	434	443	1009
5	504	489	361	1010
5	504	361	392	1011
5	571	339	315	1012
5	572	311	339	1013
5	506	438	199	1014
5	943	917	743	1015
5	685	503	508	1016
5	910	681	850	1017
5	654	485	653	1018
5	987	801	800	1019
5	663	578	452	1020
5	852	663	695	1021
5	1199	1020	1198	1022
5	724	647	525	1023
5	698	578	663	1024
5	722	632	656	1025
5	859	692	847	1026
5	525	281	512	1027
5	513	512	350	1028
5	513	350	266	1029
5	566	335	303	1030
5	516	447	250	1031
5	1219	658	1080	1032
5	515	199	340	1033
5	1038	845	780	1034
5	551	303	442	1035
5	668	256	517	1036
5	868	661	515	1037
5	543	517	293	1038
5	518	319	262	1039
5	584	362	583	1040
5	527	355	519	1041
5	545	297	544	1042
5	631	296	422	1043
5	740	652	455	1044
5	752	552	665	1045
5	531	278	317	1046
5	522	317	276	1047
5	616	405	615	1048
5	782	584	583	1049
5	524	518	262	1050
5	524	262	263	1051
5	525	465	269	1052
5	525	269	281	1053
5	549	304	548	1054
5	757	556	756	1055
5	839	593	683	1056
5	591	378	527	1057
5	665	552	534	1058
5	742	696	468	1059
5	637	432	636	1060
5	637	373	432	1061
5	530	522	276	1062
5	530	276	286	1063
5	874	700	731	1064
5	747	544	700	1065
5	673	662	514	1066
5	773	505	699	1067
5	829	631	630	1068
5	765	565	564	1069
5	553	535	282	1070
5	537	287	323	1071
5	553	309	552	1072
5	537	323	535	1073
5	567	335	566	1074
5	566	303	551	1075
5	760	560	672	1076
5	744	542	541	1077
5	559	539	288	1078
5	558	289	538	1079
5	559	324	558	1080
5	759	559	758	1081
5	554	310	448	1082
5	554	469	310	1083
5	561	329	560	1084
5	542	292	541	1085
5	674	522	530	1086
5	1017	828	748	1087
5	889	758	728	1088
5	1528	1266	1364	1089
5	545	299	297	1090
5	630	422	298	1091
5	748	546	545	1092
5	546	299	545	1093
5	844	714	471	1094
5	630	298	546	1095
5	547	536	301	1096
5	547	301	318	1097
5	549	285	304	1098
5	549	526	285	1099
5	700	544	472	1100
5	715	678	458	1101
5	569	338	306	1102
5	570	254	338	1103
5	751	551	644	1104
5	567	516	250	1105
5	553	282	309	1106
5	552	309	283	1107
5	745	459	542	1108
5	672	560	470	1109
5	780	577	574	1110
5	776	573	466	1111
5	562	331	313	1112
5	563	300	331	1113
5	763	562	762	1114
5	738	473	532	1115
5	565	333	564	1116
5	642	316	557	1117
5	559	288	324	1118
5	558	324	289	1119
5	679	518	524	1120
5	753	553	752	1121
5	561	260	329	1122
5	560	329	265	1123
5	746	518	679	1124
5	734	528	733	1125
5	953	769	768	1126
5	563	331	562	1127
5	846	453	646	1128
5	699	505	469	1129
5	565	294	333	1130
5	564	333	314	1131
5	777	574	573	1132
5	845	646	577	1133
5	1086	856	1051	1134
5	723	511	579	1135
5	723	579	671	1136
5	669	456	511	1137
5	568	467	337	1138
5	568	337	446	1139
5	761	744	541	1140
5	570	338	569	1141
5	750	549	749	1142
5	1667	1374	1548	1143
5	1136	946	1047	1144
5	572	339	571	1145
5	676	550	461	1146
5	846	649	453	1147
5	773	571	505	1148
5	574	341	573	1149
5	1142	954	953	1150
5	577	327	574	1151
5	576	305	343	1152
5	576	461	305	1153
5	1037	714	844	1154
5	829	651	631	1155
5	1039	846	845	1156
5	646	344	577	1157
5	578	513	266	1158
5	578	266	347	1159
5	579	511	336	1160
5	579	336	445	1161
5	790	594	690	1162
5	633	351	627	1163
5	581	492	430	1164
5	581	430	431	1165
5	582	487	357	1166
5	582	357	349	1167
5	584	358	362	1168
5	589	363	377	1169
5	712	495	493	1170
5	585	358	584	1171
5	688	494	486	1172
5	589	377	585	1173
5	586	502	359	1174
5	586	359	368	1175
5	1092	867	661	1176
5	802	703	480	1177
5	592	366	395	1178
5	606	392	366	1179
5	1030	905	688	1180
5	590	363	589	1181
5	840	641	640	1182
5	1154	968	910	1183
5	803	605	703	1184
5	638	364	591	1185
5	789	592	588	1186
5	606	366	592	1187
5	640	437	370	1188
5	641	365	437	1189
5	595	352	372	1190
5	594	372	427	1191
5	794	500	718	1192
5	796	481	600	1193
5	787	519	590	1194
5	838	688	486	1195
5	597	596	374	1196
5	597	374	428	1197
5	598	500	379	1198
5	598	379	411	1199
5	793	596	792	1200
5	600	380	599	1201
5	821	624	623	1202
5	793	712	493	1203
5	612	602	386	1204
5	613	403	387	1205
5	611	389	604	1206
5	603	404	602	1207
5	683	593	488	1208
5	613	387	603	1209
5	611	401	389	1210
5	612	386	401	1211
5	609	399	391	1212
5	610	388	399	1213
5	681	586	492	1214
5	707	491	655	1215
5	803	609	605	1216
5	608	397	607	1217
5	840	640	839	1218
5	983	798	789	1219
5	708	489	504	1220
5	610	399	609	1221
5	812	615	684	1222
5	684	615	479	1223
5	810	614	613	1224
5	612	401	611	1225
5	1032	840	839	1226
5	801	608	607	1227
5	709	489	708	1228
5	614	403	613	1229
5	788	527	732	1230
5	682	487	582	1231
5	616	381	405	1232
5	620	264	408	1233
5	1026	834	1025	1234
5	619	381	616	1235
5	618	349	407	1236
5	618	582	349	1237
5	686	487	682	1238
5	782	583	686	1239
5	732	527	519	1240
5	620	408	619	1241
5	787	732	519	1242
5	785	589	585	1243
5	687	597	529	1244
5	622	409	621	1245
5	820	623	622	1246
5	623	382	622	1247
5	1001	813	877	1248
5	624	412	623	1249
5	713	496	481	1250
5	702	477	499	1251
5	625	499	415	1252
5	625	415	321	1253
5	781	580	501	1254
5	633	424	351	1255
5	911	702	902	1256
5	721	477	702	1257
5	826	628	825	1258
5	629	420	628	1259
5	827	733	463	1260
5	883	666	729	1261
5	651	520	631	1262
5	631	422	630	1263
5	715	497	714	1264
5	740	455	533	1265
5	632	510	423	1266
5	632	423	418	1267
5	791	595	790	1268
5	831	478	633	1269
5	718	500	598	1270
5	796	713	481	1271
5	831	633	830	1272
5	1007	819	818	1273
5	637	529	373	1274
5	636	432	376	1275
5	813	618	617	1276
5	836	638	591	1277
5	797	603	602	1278
5	639	436	638	1279
5	811	705	482	1280
5	705	684	479	1281
5	903	684	705	1282
5	641	437	640	1283
5	654	581	485	1284
5	817	730	523	1285
5	649	575	453	1286
5	643	441	642	1287
5	778	575	649	1288
5	770	550	676	1289
5	644	551	442	1290
5	644	442	307	1291
5	645	579	445	1292
5	645	445	348	1293
5	950	766	765	1294
5	937	752	855	1295
5	695	452	451	1296
5	1220	1045	1048	1297
5	648	548	474	1298
5	772	648	474	1299
5	778	576	575	1300
5	772	474	570	1301
5	650	476	459	1302
5	745	650	459	1303
5	756	556	520	1304
5	844	471	643	1305
5	735	522	674	1306
5	759	743	539	1307
5	1219	507	658	1308
5	863	685	849	1309
5	1069	983	1031	1310
5	1318	1171	1317	1311
5	719	586	681	1312
5	784	655	587	1313
5	656	632	509	1314
5	721	656	509	1315
5	657	653	490	1316
5	657	490	503	1317
5	658	507	439	1318
5	658	439	440	1319
5	691	438	659	1320
5	691	440	438	1321
5	1063	942	889	1322
5	909	891	678	1323
5	668	255	256	1324
5	868	515	726	1325
5	662	547	514	1326
5	1115	1079	873	1327
5	695	451	693	1328
5	1022	694	831	1329
5	664	555	464	1330
5	738	532	737	1331
5	696	538	468	1332
5	666	524	460	1333
5	728	538	696	1334
5	758	558	728	1335
5	667	617	457	1336
5	730	667	457	1337
5	853	517	660	1338
5	727	255	668	1339
5	673	514	467	1340
5	675	456	669	1341
5	1018	829	828	1342
5	672	470	670	1343
5	723	669	511	1344
5	1012	781	976	1345
5	1086	951	856	1346
5	1040	875	649	1347
5	680	568	675	1348
5	680	467	568	1349
5	735	531	522	1350
5	739	533	475	1351
5	680	673	467	1352
5	915	856	725	1353
5	779	576	778	1354
5	779	676	461	1355
5	677	674	530	1356
5	677	530	462	1357
5	678	670	454	1358
5	678	454	458	1359
5	896	666	883	1360
5	1134	943	1133	1361
5	856	751	725	1362
5	915	701	871	1363
5	719	502	586	1364
5	784	502	719	1365
5	814	618	813	1366
5	814	582	618	1367
5	841	588	641	1368
5	703	605	480	1369
5	993	807	806	1370
5	704	604	601	1371
5	867	659	506	1372
5	720	685	508	1373
5	1028	837	836	1374
5	838	486	639	1375
5	710	494	688	1376
5	711	687	529	1377
5	710	636	494	1378
5	999	903	705	1379
5	818	495	712	1380
5	819	622	621	1381
5	832	496	713	1382
5	1202	1024	1023	1383
5	720	508	507	1384
5	691	658	440	1385
5	692	671	645	1386
5	692	645	465	1387
5	695	663	452	1388
5	1267	1109	914	1389
5	823	580	781	1390
5	830	633	627	1391
5	1107	902	1054	1392
5	901	695	693	1393
5	728	558	538	1394
5	729	666	460	1395
5	697	664	464	1396
5	697	464	473	1397
5	724	512	698	1398
5	724	525	512	1399
5	755	554	754	1400
5	716	466	498	1401
5	747	545	544	1402
5	828	630	546	1403
5	725	644	536	1404
5	738	697	473	1405
5	1198	1020	1013	1406
5	864	693	722	1407
5	805	704	601	1408
5	806	604	704	1409
5	804	609	803	1410
5	1366	1224	1264	1411
5	809	603	797	1412
5	995	808	994	1413
5	706	681	492	1414
5	706	492	581	1415
5	707	683	488	1416
5	707	488	491	1417
5	709	484	489	1418
5	802	480	608	1419
5	995	797	808	1420
5	800	484	709	1421
5	991	805	804	1422
5	993	806	880	1423
5	865	812	684	1424
5	1002	812	865	1425
5	818	621	495	1426
5	820	622	819	1427
5	832	634	496	1428
5	833	635	634	1429
5	715	458	497	1430
5	714	497	471	1431
5	925	739	736	1432
5	921	735	674	1433
5	774	571	773	1434
5	775	716	498	1435
5	717	702	499	1436
5	717	499	625	1437
5	794	599	500	1438
5	795	600	599	1439
5	910	719	681	1440
5	1032	839	879	1441
5	1070	1032	879	1442
5	1068	857	863	1443
5	1021	831	830	1444
5	1026	884	690	1445
5	722	693	510	1446
5	722	510	632	1447
5	1253	1102	1225	1448
5	1258	1059	1082	1449
5	1221	1059	852	1450
5	1057	698	663	1451
5	954	737	769	1452
5	1060	913	859	1453
5	1222	1093	868	1454
5	1061	888	932	1455
5	727	726	340	1456
5	727	340	255	1457
5	893	670	891	1458
5	930	745	744	1459
5	922	735	921	1460
5	1289	1124	1064	1461
5	815	616	812	1462
5	1062	900	905	1463
5	731	700	472	1464
5	731	472	526	1465
5	788	591	527	1466
5	837	639	638	1467
5	734	462	528	1468
5	733	528	463	1469
5	941	757	756	1470
5	1015	826	1014	1471
5	855	752	665	1472
5	736	531	735	1473
5	938	753	937	1474
5	739	475	736	1475
5	767	551	751	1476
5	875	778	649	1477
5	958	872	648	1478
5	960	774	959	1479
5	929	742	928	1480
5	740	533	739	1481
5	1407	1228	1294	1482
5	1810	1652	1504	1483
5	742	468	537	1484
5	741	537	535	1485
5	855	665	854	1486
5	1014	826	825	1487
5	743	729	521	1488
5	743	521	539	1489
5	761	561	760	1490
5	745	542	744	1491
5	1019	651	829	1492
5	935	750	749	1493
5	1139	941	1076	1494
5	1120	854	927	1495
5	931	650	745	1496
5	748	545	747	1497
5	1014	825	869	1498
5	828	546	748	1499
5	750	526	549	1500
5	750	731	526	1501
5	920	885	677	1502
5	927	652	740	1503
5	767	566	551	1504
5	769	516	567	1505
5	753	535	553	1506
5	752	553	552	1507
5	929	916	696	1508
5	1213	1035	1212	1509
5	755	469	554	1510
5	755	699	469	1511
5	948	754	764	1512
5	939	755	754	1513
5	757	564	556	1514
5	766	557	565	1515
5	941	756	851	1516
5	765	564	757	1517
5	759	539	559	1518
5	758	559	558	1519
5	1120	1085	854	1520
5	922	736	735	1521
5	761	541	561	1522
5	760	561	560	1523
5	956	771	770	1524
5	935	749	872	1525
5	763	563	562	1526
5	764	540	563	1527
5	959	774	773	1528
5	764	563	763	1529
5	963	777	776	1530
5	961	775	960	1531
5	891	670	678	1532
5	766	565	765	1533
5	1035	843	842	1534
5	842	557	766	1535
5	915	725	701	1536
5	768	566	767	1537
5	948	939	754	1538
5	769	567	768	1539
5	947	763	946	1540
5	1040	649	846	1541
5	872	749	648	1542
5	771	569	770	1543
5	956	770	955	1544
5	772	570	771	1545
5	965	778	875	1546
5	957	772	771	1547
5	774	572	571	1548
5	775	572	774	1549
5	952	767	951	1550
5	859	671	692	1551
5	871	701	662	1552
5	923	738	737	1553
5	873	664	697	1554
5	777	573	776	1555
5	873	848	664	1556
5	780	574	777	1557
5	779	461	576	1558
5	933	747	700	1559
5	1127	935	1067	1560
5	934	748	747	1561
5	946	763	762	1562
5	845	577	780	1563
5	823	626	580	1564
5	824	627	626	1565
5	783	585	584	1566
5	786	590	589	1567
5	1029	838	837	1568
5	785	585	783	1569
5	986	709	904	1570
5	985	904	708	1571
5	967	782	858	1572
5	786	589	785	1573
5	970	783	967	1574
5	787	590	786	1575
5	900	835	710	1576
5	973	732	787	1577
5	1011	689	822	1578
5	836	591	788	1579
5	798	606	592	1580
5	799	504	606	1581
5	791	501	595	1582
5	790	595	594	1583
5	1008	820	819	1584
5	1020	830	824	1585
5	793	493	596	1586
5	792	596	597	1587
5	1027	836	788	1588
5	906	835	900	1589
5	981	795	980	1590
5	795	599	794	1591
5	1020	824	1013	1592
5	796	600	795	1593
5	975	791	790	1594
5	976	791	975	1595
5	809	613	603	1596
5	811	482	614	1597
5	1081	850	876	1598
5	799	606	798	1599
5	969	862	655	1600
5	1257	1081	1239	1601
5	898	803	703	1602
5	801	607	800	1603
5	904	709	708	1604
5	802	608	801	1605
5	878	707	862	1606
5	998	811	810	1607
5	804	610	609	1608
5	805	601	610	1609
5	880	806	704	1610
5	805	610	804	1611
5	989	898	703	1612
5	1078	857	1068	1613
5	807	612	611	1614
5	808	602	612	1615
5	1209	1029	1208	1616
5	808	612	807	1617
5	1182	1002	1073	1618
5	877	813	667	1619
5	1253	1056	1102	1620
5	810	613	809	1621
5	1004	817	816	1622
5	811	614	810	1623
5	903	865	684	1624
5	1159	972	971	1625
5	815	619	616	1626
5	817	523	620	1627
5	814	682	582	1628
5	971	786	785	1629
5	882	792	687	1630
5	1102	1056	901	1631
5	879	683	878	1632
5	816	619	815	1633
5	1002	815	812	1634
5	817	620	816	1635
5	907	882	687	1636
5	1006	818	712	1637
5	977	793	792	1638
5	819	621	818	1639
5	1025	834	833	1640
5	822	624	821	1641
5	1025	833	1024	1642
5	822	483	624	1643
5	1012	823	781	1644
5	975	790	884	1645
5	979	718	881	1646
5	981	796	795	1647
5	1013	823	1012	1648
5	979	794	718	1649
5	976	781	791	1650
5	830	627	824	1651
5	826	629	628	1652
5	827	463	629	1653
5	1019	829	1018	1654
5	827	629	826	1655
5	869	825	650	1656
5	894	760	672	1657
5	949	757	941	1658
5	829	630	828	1659
5	1037	908	714	1660
5	1145	955	1144	1661
5	1056	852	901	1662
5	911	721	702	1663
5	901	693	864	1664
5	902	717	860	1665
5	982	796	981	1666
5	833	634	832	1667
5	977	792	882	1668
5	834	635	833	1669
5	967	783	782	1670
5	1104	907	906	1671
5	835	711	637	1672
5	835	637	636	1673
5	978	712	793	1674
5	837	638	836	1675
5	1030	688	838	1676
5	838	639	837	1677
5	1003	815	1002	1678
5	878	683	707	1679
5	1367	1092	1265	1680
5	841	641	840	1681
5	984	798	983	1682
5	841	789	588	1683
5	1226	1090	1156	1684
5	876	706	654	1685
5	921	674	885	1686
5	843	642	842	1687
5	931	869	650	1688
5	844	643	843	1689
5	894	672	893	1690
5	909	715	908	1691
5	870	773	699	1692
5	846	646	845	1693
5	961	716	775	1694
5	959	773	870	1695
5	847	692	647	1696
5	914	647	724	1697
5	848	762	664	1698
5	1138	1131	939	1699
5	1044	691	659	1700
5	1686	1371	1519	1701
5	1154	910	1049	1702
5	857	653	657	1703
5	851	756	651	1704
5	1148	872	958	1705
5	1082	724	1058	1706
5	914	847	647	1707
5	1506	863	1042	1708
5	1083	726	727	1709
5	854	665	652	1710
5	927	854	652	1711
5	1101	891	909	1712
5	1260	1100	1228	1713
5	954	923	737	1714
5	1308	1152	1307	1715
5	876	850	706	1716
5	887	653	857	1717
5	858	782	686	1718
5	899	858	686	1719
5	1231	1045	1220	1720
5	1507	1408	1431	1721
5	860	717	694	1722
5	1336	1191	1335	1723
5	1369	1220	1271	1724
5	1598	1554	1440	1725
5	968	719	910	1726
5	1156	862	969	1727
5	863	857	657	1728
5	863	657	685	1729
5	1162	975	884	1730
5	1167	980	1166	1731
5	1005	918	730	1732
5	1278	1105	1104	1733
5	866	864	722	1734
5	866	722	656	1735
5	1406	1093	1222	1736
5	1264	1224	1078	1737
5	1527	1061	932	1738
5	1371	888	1227	1739
5	1016	919	733	1740
5	885	674	677	1741
5	940	755	939	1742
5	962	716	961	1743
5	1140	952	951	1744
5	1094	890	1041	1745
5	1217	875	1040	1746
5	955	770	676	1747
5	924	738	923	1748
5	924	697	738	1749
5	936	750	935	1750
5	933	700	874	1751
5	1150	960	1149	1752
5	958	648	772	1753
5	1171	985	1170	1754
5	1155	968	1154	1755
5	1077	905	1030	1756
5	899	686	682	1757
5	879	839	683	1758
5	1033	840	1032	1759
5	1078	887	857	1760
5	1171	904	985	1761
5	990	803	898	1762
5	996	797	995	1763
5	881	718	689	1764
5	1011	881	689	1765
5	1006	712	978	1766
5	1010	822	821	1767
5	1135	945	944	1768
5	917	883	729	1769
5	980	794	979	1770
5	1024	833	832	1771
5	920	734	919	1772
5	925	736	922	1773
5	1508	720	886	1774
5	886	720	507	1775
5	887	876	654	1776
5	887	654	653	1777
5	932	679	896	1778
5	932	746	679	1779
5	917	729	743	1780
5	942	758	889	1781
5	890	871	662	1782
5	890	662	673	1783
5	893	672	670	1784
5	945	930	744	1785
5	892	861	669	1786
5	892	669	723	1787
5	1113	921	885	1788
5	944	760	894	1789
5	1046	944	894	1790
5	1195	1111	919	1791
5	895	890	673	1792
5	895	673	680	1793
5	932	888	746	1794
5	896	679	666	1795
5	897	895	680	1796
5	897	680	675	1797
5	990	804	803	1798
5	992	704	805	1799
5	1071	1000	1001	1800
5	1206	1027	974	1801
5	906	711	835	1802
5	907	687	711	1803
5	1108	1055	912	1804
5	1221	852	1056	1805
5	912	656	721	1806
5	912	721	911	1807
5	994	807	993	1808
5	1180	996	1179	1809
5	986	800	709	1810
5	989	703	802	1811
5	905	900	710	1812
5	905	710	688	1813
5	1190	881	1011	1814
5	907	711	906	1815
5	1187	1009	1008	1816
5	1165	978	977	1817
5	909	678	715	1818
5	908	715	714	1819
5	1123	1066	931	1820
5	1119	927	926	1821
5	968	784	719	1822
5	969	655	784	1823
5	1335	1163	1313	1824
5	912	866	656	1825
5	1229	1087	1109	1826
5	1205	884	1026	1827
5	913	892	723	1828
5	913	723	671	1829
5	1091	864	866	1830
5	1060	1050	913	1831
5	1269	1140	1086	1832
5	1151	961	1150	1833
5	916	889	728	1834
5	916	728	696	1835
5	943	759	942	1836
5	1228	1100	1134	1837
5	918	877	667	1838
5	918	667	730	1839
5	920	677	734	1840
5	919	734	733	1841
5	1144	964	1095	1842
5	1217	1096	875	1843
5	1146	957	956	1844
5	926	740	739	1845
5	1238	1076	1197	1846
5	1195	919	1016	1847
5	924	873	697	1848
5	1321	1177	1176	1849
5	1153	966	963	1850
5	1290	1128	1247	1851
5	1283	1112	1111	1852
5	926	739	925	1853
5	1121	929	928	1854
5	927	740	926	1855
5	1129	937	1065	1856
5	1085	855	854	1857
5	929	696	742	1858
5	928	742	741	1859
5	1063	889	1043	1860
5	1133	942	1063	1861
5	945	761	944	1862
5	931	745	930	1863
5	1123	930	945	1864
5	1065	937	855	1865
5	1286	1117	1284	1866
5	1604	1461	1460	1867
5	1283	1113	1112	1868
5	934	747	933	1869
5	1194	1016	1015	1870
5	1017	748	934	1871
5	936	731	750	1872
5	936	874	731	1873
5	1125	933	874	1874
5	1139	949	941	1875
5	938	741	753	1876
5	937	753	752	1877
5	1130	1121	928	1878
5	1227	888	1061	1879
5	940	699	755	1880
5	940	870	699	1881
5	1131	940	939	1882
5	1052	959	870	1883
5	949	765	757	1884
5	1034	842	766	1885
5	943	743	759	1886
5	942	759	758	1887
5	1368	1227	1061	1888
5	1124	932	896	1889
5	945	744	761	1890
5	944	761	760	1891
5	1117	925	922	1892
5	1123	945	1135	1893
5	947	764	763	1894
5	948	764	947	1895
5	1297	1136	1244	1896
5	1106	908	1037	1897
5	1095	964	965	1898
5	1304	1144	1240	1899
5	1149	960	959	1900
5	950	765	949	1901
5	1320	1176	1175	1902
5	1034	766	950	1903
5	952	768	767	1904
5	953	768	952	1905
5	1089	892	1050	1906
5	1282	1094	1236	1907
5	1430	1280	1373	1908
5	954	769	953	1909
5	1137	947	1136	1910
5	1151	962	961	1911
5	1146	956	1145	1912
5	1212	950	1139	1913
5	1152	962	1151	1914
5	957	771	956	1915
5	1197	1017	1196	1916
5	958	772	957	1917
5	1340	1126	1290	1918
5	1196	1017	934	1919
5	960	775	774	1920
5	962	776	716	1921
5	1110	1051	915	1922
5	963	776	962	1923
5	1094	871	890	1924
5	966	780	777	1925
5	1140	951	1086	1926
5	1425	1282	1370	1927
5	1079	1047	848	1928
5	966	777	963	1929
5	964	955	676	1930
5	964	676	779	1931
5	965	964	779	1932
5	965	779	778	1933
5	1298	1293	1131	1934
5	1038	780	966	1935
5	970	785	783	1936
5	972	787	786	1937
5	1169	983	1069	1938
5	969	784	968	1939
5	1173	987	986	1940
5	1090	878	862	1941
5	1182	1003	1002	1942
5	971	785	970	1943
5	1183	918	1005	1944
5	972	786	971	1945
5	1259	1087	1229	1946
5	973	787	972	1947
5	1179	995	994	1948
5	974	732	973	1949
5	1074	880	1178	1950
5	1027	788	974	1951
5	1185	1007	1006	1952
5	1013	824	823	1953
5	1347	1201	1346	1954
5	1343	1199	1198	1955
5	1172	986	904	1956
5	1007	818	1006	1957
5	1160	973	972	1958
5	1008	819	1007	1959
5	980	795	794	1960
5	982	713	796	1961
5	1168	981	1167	1962
5	1023	832	713	1963
5	1191	1012	976	1964
5	1205	1162	884	1965
5	1332	1188	1331	1966
5	1023	713	982	1967
5	984	799	798	1968
5	985	708	799	1969
5	1310	1226	1156	1970
5	985	799	984	1971
5	1318	1173	1172	1972
5	1176	989	1175	1973
5	1169	984	983	1974
5	987	800	986	1975
5	1178	991	1177	1976
5	988	801	987	1977
5	1177	991	990	1978
5	989	802	988	1979
5	1174	988	987	1980
5	1310	1156	1155	1981
5	1181	1073	903	1982
5	991	804	990	1983
5	1175	989	988	1984
5	992	805	991	1985
5	1170	984	1169	1986
5	1157	970	967	1987
5	994	808	807	1988
5	999	705	811	1989
5	1172	904	1171	1990
5	997	810	809	1991
5	1161	974	973	1992
5	1207	1028	1027	1993
5	1075	967	858	1994
5	997	809	996	1995
5	1101	1046	893	1996
5	998	810	997	1997
5	1584	1430	1509	1998
5	999	811	998	1999
5	1073	865	903	2000
5	1183	1098	918	2001
5	1000	899	682	2002
5	1000	682	814	2003
5	1001	1000	814	2004
5	1001	814	813	2005
5	1003	816	815	2006
5	1005	730	817	2007
5	1181	903	999	2008
5	1004	816	1003	2009
5	1178	880	992	2010
5	1005	817	1004	2011
5	1073	1002	865	2012
5	1183	1004	1182	2013
5	1189	1011	1010	2014
5	1009	821	820	2015
5	1104	906	1103	2016
5	1334	1250	1053	2017
5	1166	980	979	2018
5	1009	820	1008	2019
5	1203	1025	1024	2020
5	1010	821	1009	2021
5	1191	976	1163	2022
5	1011	822	1010	2023
5	1166	979	1053	2024
5	1168	982	981	2025
5	1192	1013	1012	2026
5	1021	830	1020	2027
5	1201	982	1168	2028
5	1022	831	1021	2029
5	1015	827	826	2030
5	1016	733	827	2031
5	1046	894	893	2032
5	1016	827	1015	2033
5	1212	1034	950	2034
5	1128	936	1127	2035
5	1135	944	1046	2036
5	1018	828	1017	2037
5	1106	1101	909	2038
5	1019	851	651	2039
5	1076	941	851	2040
5	1212	1035	1034	2041
5	1415	1056	1253	2042
5	1163	975	1162	2043
5	1349	1203	1348	2044
5	1022	860	694	2045
5	1091	866	1055	2046
5	1055	866	912	2047
5	1192	1012	1191	2048
5	1024	832	1023	2049
5	1164	977	882	2050
5	1026	690	834	2051
5	1184	1006	978	2052
5	1103	900	1062	2053
5	1179	996	995	2054
5	1105	882	907	2055
5	1072	899	1000	2056
5	1028	836	1027	2057
5	1180	998	997	2058
5	1029	837	1028	2059
5	1105	907	1104	2060
5	1030	838	1029	2061
5	1103	906	900	2062
5	1188	1010	1009	2063
5	1031	983	789	2064
5	1031	789	841	2065
5	1033	841	840	2066
5	1033	1031	841	2067
5	1355	1211	1210	2068
5	1517	1470	1397	2069
5	1076	851	1019	2070
5	1035	842	1034	2071
5	1118	926	925	2072
5	1036	843	1035	2073
5	1066	869	931	2074
5	1037	844	1036	2075
5	1085	1065	855	2076
5	1122	929	1121	2077
5	1136	947	946	2078
5	1039	845	1038	2079
5	1214	1038	966	2080
5	1040	846	1039	2081
5	1149	959	1052	2082
5	1216	1040	1039	2083
5	1050	892	913	2084
5	1422	1270	1246	2085
5	1042	863	849	2086
5	1044	659	867	2087
5	1436	1289	1260	2088
5	1122	916	929	2089
5	1256	691	1044	2090
5	1080	658	691	2091
5	1045	1041	895	2092
5	1045	895	897	2093
5	1101	893	891	2094
5	1106	1037	1213	2095
5	1047	946	848	2096
5	1273	1051	1110	2097
5	1048	1045	897	2098
5	1048	897	861	2099
5	1049	910	850	2100
5	1326	1073	1181	2101
5	1089	861	892	2102
5	1089	1048	861	2103
5	1143	923	954	2104
5	1079	848	873	2105
5	1132	940	1131	2106
5	1290	1126	1125	2107
5	1053	979	881	2108
5	1190	1053	881	2109
5	1054	902	860	2110
5	1200	1088	1022	2111
5	1108	911	1107	2112
5	1270	1050	1246	2113
5	1102	864	1091	2114
5	1102	901	864	2115
5	1058	698	1057	2116
5	1058	724	698	2117
5	1082	914	724	2118
5	1258	1057	1059	2119
5	1059	1057	663	2120
5	1059	663	852	2121
5	1246	1050	1060	2122
5	1345	1200	1344	2123
5	1356	1243	1212	2124
5	1124	896	1064	2125
5	1405	1310	1376	2126
5	1077	1062	905	2127
5	1064	896	883	2128
5	1294	1133	1223	2129
5	1443	1295	1377	2130
5	1134	917	943	2131
5	1193	1015	1014	2132
5	1338	1195	1194	2133
5	1111	920	919	2134
5	1066	1014	869	2135
5	1067	935	872	2136
5	1148	1067	872	2137
5	1097	887	1078	2138
5	1081	1049	850	2139
5	1210	1032	1070	2140
5	1211	1031	1033	2141
5	1210	1033	1032	2142
5	1211	1069	1031	2143
5	1249	1079	1248	2144
5	1157	967	1075	2145
5	1312	1160	1311	2146
5	1072	1000	1071	2147
5	1071	1001	877	2148
5	1182	1004	1003	2149
5	1181	998	1180	2150
5	1074	994	993	2151
5	1072	1075	858	2152
5	1378	1232	1353	2153
5	1139	950	949	2154
5	1127	936	935	2155
5	1158	970	1157	2156
5	1208	1029	1028	2157
5	1323	1074	1322	2158
5	1239	1097	1224	2159
5	1141	952	1140	2160
5	1231	1041	1045	2161
5	1550	1367	1265	2162
5	1754	1607	1753	2163
5	1126	933	1125	2164
5	1197	1018	1017	2165
5	1267	914	1082	2166
5	1281	1235	1055	2167
5	1289	1064	1260	2168
5	1233	867	1092	2169
5	1268	727	1084	2170
5	1084	727	668	2171
5	1112	920	1111	2172
5	1563	1452	1533	2173
5	1411	1259	1375	2174
5	1115	873	924	2175
5	1087	1060	859	2176
5	1087	859	847	2177
5	1088	1054	860	2178
5	1088	860	1022	2179
5	1449	1304	1448	2180
5	1303	1116	1143	2181
5	1099	879	878	2182
5	1099	1070	879	2183
5	1277	1103	1062	2184
5	1072	858	899	2185
5	1233	1044	867	2186
5	1222	868	1083	2187
5	1093	1092	661	2188
5	1093	661	868	2189
5	1110	915	871	2190
5	1270	1089	1050	2191
5	1144	955	964	2192
5	1145	956	955	2193
5	1096	1095	965	2194
5	1096	965	875	2195
5	1097	1081	876	2196
5	1097	876	887	2197
5	1098	1071	877	2198
5	1098	877	918	2199
5	1354	1070	1275	2200
5	1318	1172	1171	2201
5	1100	1064	883	2202
5	1100	883	917	2203
5	1262	1075	1072	2204
5	1382	1351	1350	2205
5	1179	994	1074	2206
5	1074	993	880	2207
5	1352	1207	1206	2208
5	1164	882	1105	2209
5	1322	1178	1316	2210
5	1165	977	1164	2211
5	1276	1071	1272	2212
5	1184	978	1165	2213
5	1106	909	908	2214
5	1357	1213	1243	2215
5	1108	912	911	2216
5	1107	911	902	2217
5	1721	1375	1577	2218
5	1383	1234	1254	2219
5	1109	1087	847	2220
5	1109	847	914	2221
5	1384	1220	1369	2222
5	1269	1086	1230	2223
5	1112	885	920	2224
5	1114	922	921	2225
5	1284	1117	1114	2226
5	1113	885	1112	2227
5	1338	1194	1193	2228
5	1114	921	1113	2229
5	1339	1283	1111	2230
5	1117	922	1114	2231
5	1385	1247	1306	2232
5	1141	953	952	2233
5	1116	1115	924	2234
5	1116	924	923	2235
5	1242	1065	1085	2236
5	1118	925	1117	2237
5	1389	1223	1237	2238
5	1119	926	1118	2239
5	1292	1130	1291	2240
5	1120	927	1119	2241
5	1439	1416	1288	2242
5	1255	1043	1122	2243
5	1130	938	1129	2244
5	1122	1043	916	2245
5	1433	1380	1286	2246
5	1589	1438	1510	2247
5	1123	931	930	2248
5	1193	1014	1066	2249
5	1286	1118	1117	2250
5	1287	1119	1286	2251
5	1126	934	933	2252
5	1197	1076	1019	2253
5	1295	1123	1135	2254
5	1196	934	1126	2255
5	1128	874	936	2256
5	1128	1125	874	2257
5	1452	1357	1387	2258
5	1450	1293	1446	2259
5	1130	928	938	2260
5	1129	938	937	2261
5	1337	1066	1296	2262
5	1435	1386	1241	2263
5	1132	870	940	2264
5	1132	1052	870	2265
5	1360	1216	1359	2266
5	1240	1144	1095	2267
5	1134	1100	917	2268
5	1133	943	942	2269
5	1511	1222	1420	2270
5	1953	1664	1706	2271
5	1285	1248	1115	2272
5	1245	1052	1293	2273
5	1137	948	947	2274
5	1138	939	948	2275
5	1293	1132	1131	2276
5	1138	948	1137	2277
5	1307	1152	1151	2278
5	1298	1131	1138	2279
5	1299	1076	1238	2280
5	1213	1037	1036	2281
5	1143	954	1142	2282
5	1142	953	1141	2283
5	1300	1141	1140	2284
5	1143	1116	923	2285
5	1557	1381	1552	2286
5	1297	1138	1137	2287
5	1365	1302	1301	2288
5	1586	1525	1380	2289
5	1240	1095	1096	2290
5	1147	958	957	2291
5	1308	1214	1153	2292
5	1245	1150	1149	2293
5	1304	1145	1144	2294
5	1147	957	1146	2295
5	1359	1214	1308	2296
5	1148	958	1147	2297
5	1360	1240	1096	2298
5	1411	1246	1259	2299
5	1150	961	960	2300
5	1152	963	962	2301
5	1305	1146	1304	2302
5	1153	963	1152	2303
5	1305	1148	1147	2304
5	1214	966	1153	2305
5	1359	1216	1215	2306
5	1215	1039	1038	2307
5	1306	1067	1148	2308
5	1307	1151	1150	2309
5	1155	969	968	2310
5	1156	1090	862	2311
5	1515	1080	1256	2312
5	1156	969	1155	2313
5	1899	1755	1754	2314
5	1274	1090	1226	2315
5	1158	971	970	2316
5	1209	1030	1029	2317
5	1232	1062	1077	2318
5	1159	971	1158	2319
5	1259	1060	1087	2320
5	1160	972	1159	2321
5	1329	1272	1098	2322
5	1161	973	1160	2323
5	1348	1203	1202	2324
5	1206	974	1161	2325
5	1163	976	975	2326
5	1199	1021	1020	2327
5	1333	1190	1189	2328
5	1200	1021	1199	2329
5	1277	1104	1103	2330
5	1185	1006	1184	2331
5	1346	1168	1315	2332
5	1186	1008	1007	2333
5	1167	981	980	2334
5	1201	1023	982	2335
5	1315	1168	1167	2336
5	1202	1023	1201	2337
5	1336	1192	1191	2338
5	1203	1024	1202	2339
5	1170	985	984	2340
5	1274	1099	1090	2341
5	1746	1600	1570	2342
5	1173	986	1172	2343
5	1462	1459	1321	2344
5	1174	987	1173	2345
5	1641	1426	1583	2346
5	1175	988	1174	2347
5	1239	1081	1097	2348
5	1176	990	898	2349
5	1355	1210	1354	2350
5	1176	898	989	2351
5	1252	1069	1211	2352
5	1317	1169	1252	2353
5	1317	1171	1170	2354
5	1177	990	1176	2355
5	1252	1169	1069	2356
5	1178	992	991	2357
5	1464	1322	1463	2358
5	1180	997	996	2359
5	1311	1159	1158	2360
5	1181	999	998	2361
5	1272	1071	1098	2362
5	1329	1098	1183	2363
5	1325	1181	1180	2364
5	1316	1178	1177	2365
5	1317	1170	1169	2366
5	1183	1005	1004	2367
5	1276	1072	1071	2368
5	1328	1183	1182	2369
5	1343	1198	1342	2370
5	1259	1246	1060	2371
5	1351	1313	1162	2372
5	1186	1007	1185	2373
5	1331	1186	1330	2374
5	1187	1008	1186	2375
5	1330	1185	1184	2376
5	1188	1009	1187	2377
5	1277	1062	1232	2378
5	1189	1010	1188	2379
5	1620	1456	1475	2380
5	1190	1011	1189	2381
5	1342	1192	1336	2382
5	1330	1186	1185	2383
5	1351	1162	1205	2384
5	1374	1253	1225	2385
5	1280	1107	1234	2386
5	1198	1013	1192	2387
5	1284	1114	1113	2388
5	1194	1015	1193	2389
5	1291	1129	1241	2390
5	1195	1016	1194	2391
5	1241	1129	1065	2392
5	1287	1120	1119	2393
5	1284	1113	1283	2394
5	1197	1019	1018	2395
5	1295	1135	1261	2396
5	1358	1106	1357	2397
5	1234	1107	1054	2398
5	1200	1022	1021	2399
5	1345	1254	1088	2400
5	1344	1199	1343	2401
5	1342	1198	1192	2402
5	1313	1163	1162	2403
5	1335	1191	1163	2404
5	1204	1026	1025	2405
5	1349	1204	1203	2406
5	1350	1205	1204	2407
5	1492	1312	1311	2408
5	1204	1025	1203	2409
5	1263	1157	1075	2410
5	1205	1026	1204	2411
5	1278	1164	1105	2412
5	1346	1201	1168	2413
5	1323	1179	1074	2414
5	1207	1027	1206	2415
5	1314	1184	1165	2416
5	1208	1028	1207	2417
5	1263	1158	1157	2418
5	1209	1077	1030	2419
5	1353	1209	1208	2420
5	1232	1077	1209	2421
5	1319	1175	1174	2422
5	1211	1033	1210	2423
5	1321	1316	1177	2424
5	1324	1179	1323	2425
5	1478	1296	1443	2426
5	1213	1036	1035	2427
5	1370	1282	1236	2428
5	1243	1213	1212	2429
5	1654	1531	1581	2430
5	1215	1038	1214	2431
5	1285	1115	1116	2432
5	1216	1039	1215	2433
5	1384	1231	1220	2434
5	1217	1040	1216	2435
5	1306	1247	1067	2436
5	1247	1127	1067	2437
5	1218	1084	668	2438
5	1218	668	517	2439
5	1521	1233	1367	2440
5	1219	886	507	2441
5	1271	1048	1089	2442
5	1271	1089	1270	2443
5	1403	1082	1059	2444
5	1403	1267	1082	2445
5	1264	1078	1068	2446
5	1260	1064	1100	2447
5	1223	1133	1063	2448
5	1514	1404	1416	2449
5	1224	1097	1078	2450
5	1562	1428	1538	2451
5	1225	1102	1091	2452
5	1235	1225	1091	2453
5	1495	1275	1426	2454
5	1309	1155	1154	2455
5	1420	1083	1268	2456
5	1519	1227	1518	2457
5	1436	1260	1417	2458
5	1439	1292	1438	2459
5	1423	1369	1271	2460
5	1423	1270	1422	2461
5	1236	1041	1231	2462
5	1558	1391	1557	2463
5	1236	1094	1041	2464
5	1273	1230	1051	2465
5	1319	1173	1318	2466
5	1278	1104	1277	2467
5	1684	1662	1401	2468
5	1265	1092	1093	2469
5	1235	1091	1055	2470
5	1476	1313	1382	2471
5	1281	1108	1280	2472
5	1628	1482	1627	2473
5	1365	1303	1302	2474
5	1647	1499	1646	2475
5	1237	1223	1063	2476
5	1237	1063	1043	2477
5	1340	1196	1126	2478
5	1290	1125	1128	2479
5	1251	1154	1049	2480
5	1309	1154	1251	2481
5	1399	1279	1358	2482
5	1247	1128	1127	2483
5	1292	1288	1121	2484
5	1255	1237	1043	2485
5	1242	1120	1287	2486
5	1242	1241	1065	2487
5	1356	1139	1299	2488
5	1261	1135	1046	2489
5	1244	1136	1047	2490
5	1248	1079	1115	2491
5	1293	1052	1132	2492
5	1307	1150	1245	2493
5	1375	1259	1229	2494
5	1391	1230	1381	2495
5	1304	1146	1145	2496
5	1305	1147	1146	2497
5	1249	1047	1079	2498
5	1249	1244	1047	2499
5	1447	1301	1300	2500
5	1568	1412	1564	2501
5	1315	1167	1250	2502
5	1250	1167	1166	2503
5	1559	1402	1080	2504
5	1426	1274	1396	2505
5	1275	1099	1274	2506
5	1319	1174	1173	2507
5	1419	1109	1267	2508
5	1419	1229	1109	2509
5	1254	1234	1054	2510
5	1254	1054	1088	2511
5	1573	1407	1565	2512
5	1438	1291	1386	2513
5	1379	1042	1266	2514
5	1256	1080	691	2515
5	1257	1251	1049	2516
5	1257	1049	1081	2517
5	1258	1082	1058	2518
5	1258	1058	1057	2519
5	1347	1202	1201	2520
5	1330	1184	1314	2521
5	1518	1227	1368	2522
5	1390	1294	1223	2523
5	1622	1443	1526	2524
5	1358	1101	1106	2525
5	1496	1457	1252	2526
5	1263	1075	1262	2527
5	1312	1206	1161	2528
5	1311	1158	1263	2529
5	1527	1368	1061	2530
5	1687	1512	1513	2531
5	1367	1233	1092	2532
5	1266	1042	849	2533
5	1460	1319	1318	2534
5	1664	1518	1368	2535
5	1415	1221	1056	2536
5	1548	1374	1408	2537
5	1530	1268	1084	2538
5	1268	1083	727	2539
5	1391	1269	1230	2540
5	1300	1140	1269	2541
5	1663	1415	1571	2542
5	1271	1220	1048	2543
5	1447	1300	1392	2544
5	1392	1300	1269	2545
5	1276	1262	1072	2546
5	1640	1494	1493	2547
5	1413	1249	1412	2548
5	1381	1230	1273	2549
5	1275	1070	1099	2550
5	1354	1210	1070	2551
5	1460	1318	1458	2552
5	1355	1252	1211	2553
5	1469	1429	1328	2554
5	1464	1323	1322	2555
5	1428	1232	1378	2556
5	1332	1189	1188	2557
5	1250	1166	1053	2558
5	1455	1311	1263	2559
5	1279	1261	1046	2560
5	1279	1046	1101	2561
5	1281	1055	1108	2562
5	1280	1108	1107	2563
5	1431	1281	1430	2564
5	1572	1419	1267	2565
5	1282	1273	1110	2566
5	1282	1110	1094	2567
5	1296	1123	1295	2568
5	1296	1066	1123	2569
5	1301	1141	1300	2570
5	1242	1085	1120	2571
5	1647	1500	1499	2572
5	1286	1119	1118	2573
5	1444	1297	1244	2574
5	1387	1357	1243	2575
5	1443	1296	1295	2576
5	1380	1287	1286	2577
5	1288	1255	1122	2578
5	1288	1122	1121	2579
5	1723	1688	1417	2580
5	1512	1289	1436	2581
5	1437	1247	1385	2582
5	1341	1197	1196	2583
5	1292	1121	1130	2584
5	1291	1130	1129	2585
5	1390	1223	1389	2586
5	1386	1291	1241	2587
5	1297	1137	1136	2588
5	1625	1437	1534	2589
5	1294	1228	1134	2590
5	1294	1134	1133	2591
5	1437	1290	1247	2592
5	1337	1193	1066	2593
5	1441	1338	1337	2594
5	1338	1193	1337	2595
5	1400	1248	1285	2596
5	1298	1138	1297	2597
5	1450	1245	1293	2598
5	1412	1248	1400	2599
5	1356	1212	1139	2600
5	1299	1139	1076	2601
5	1301	1142	1141	2602
5	1302	1143	1142	2603
5	1392	1269	1391	2604
5	1302	1142	1301	2605
5	1303	1285	1116	2606
5	1303	1143	1302	2607
5	1359	1215	1214	2608
5	1245	1149	1052	2609
5	1502	1448	1240	2610
5	1388	1299	1238	2611
5	1480	1290	1437	2612
5	1306	1148	1305	2613
5	1421	1303	1365	2614
5	1448	1304	1240	2615
5	1444	1244	1413	2616
5	1360	1096	1217	2617
5	1479	1432	1283	2618
5	1308	1153	1152	2619
5	1458	1318	1317	2620
5	1310	1155	1309	2621
5	1311	1160	1159	2622
5	1353	1208	1352	2623
5	1602	1455	1454	2624
5	1493	1352	1312	2625
5	1352	1206	1312	2626
5	1312	1161	1160	2627
5	1314	1164	1278	2628
5	1331	1188	1187	2629
5	1314	1165	1164	2630
5	1331	1187	1186	2631
5	1485	1345	1344	2632
5	1348	1202	1347	2633
5	1322	1074	1178	2634
5	1324	1180	1179	2635
5	1395	1224	1366	2636
5	1396	1274	1226	2637
5	2029	1881	2028	2638
5	1321	1176	1320	2639
5	1466	1325	1324	2640
5	1320	1175	1319	2641
5	1463	1322	1316	2642
5	1426	1275	1274	2643
5	1495	1355	1354	2644
5	1463	1316	1459	2645
5	1454	1263	1262	2646
5	1325	1180	1324	2647
5	1454	1262	1424	2648
5	1326	1181	1325	2649
5	1427	1272	1398	2650
5	1327	1182	1073	2651
5	1398	1272	1329	2652
5	1468	1327	1326	2653
5	1467	1326	1325	2654
5	1327	1073	1326	2655
5	1459	1316	1321	2656
5	1328	1182	1327	2657
5	1603	1457	1536	2658
5	1329	1183	1328	2659
5	1489	1347	1488	2660
5	1618	1471	1615	2661
5	1488	1347	1346	2662
5	1333	1189	1332	2663
5	1468	1326	1467	2664
5	1334	1053	1190	2665
5	1458	1317	1457	2666
5	1467	1325	1466	2667
5	1397	1278	1277	2668
5	1334	1190	1333	2669
5	1627	1477	1621	2670
5	1476	1335	1313	2671
5	1617	1475	1474	2672
5	1490	1349	1348	2673
5	1487	1315	1456	2674
5	1345	1088	1200	2675
5	1407	1294	1390	2676
5	1434	1287	1380	2677
5	1339	1195	1338	2678
5	1339	1111	1195	2679
5	1442	1338	1441	2680
5	1478	1441	1337	2681
5	1341	1238	1197	2682
5	1341	1196	1340	2683
5	1418	1261	1279	2684
5	1791	1645	1790	2685
5	1488	1346	1487	2686
5	1344	1200	1199	2687
5	1456	1315	1250	2688
5	1541	1383	1522	2689
5	1487	1346	1315	2690
5	1483	1343	1342	2691
5	1383	1373	1234	2692
5	1572	1267	1403	2693
5	1473	1332	1331	2694
5	1470	1278	1397	2695
5	1475	1456	1250	2696
5	1350	1204	1349	2697
5	1489	1348	1347	2698
5	1351	1205	1350	2699
5	1657	1549	1640	2700
5	1491	1382	1350	2701
5	1382	1313	1351	2702
5	1482	1336	1477	2703
5	1470	1314	1278	2704
5	1352	1208	1207	2705
5	1472	1330	1471	2706
5	1353	1232	1209	2707
5	1474	1333	1332	2708
5	1474	1334	1333	2709
5	1414	1251	1257	2710
5	1560	1516	1376	2711
5	1414	1257	1394	2712
5	1756	1609	1755	2713
5	1498	1387	1243	2714
5	1575	1377	1418	2715
5	1358	1279	1101	2716
5	1357	1106	1213	2717
5	1440	1385	1306	2718
5	1440	1306	1305	2719
5	1449	1440	1305	2720
5	1360	1217	1216	2721
5	1449	1305	1304	2722
5	1412	1249	1248	2723
5	1393	1256	1044	2724
5	1393	1044	1233	2725
5	1652	853	1504	2726
5	1420	1222	1083	2727
5	1363	1362	1218	2728
5	1363	1218	853	2729
5	1364	1266	849	2730
5	1544	849	685	2731
5	1413	1244	1249	2732
5	1446	1298	1445	2733
5	1545	1264	1361	2734
5	1406	1265	1093	2735
5	1658	1591	1592	2736
5	1544	720	1508	2737
5	1512	1372	1289	2738
5	1417	1260	1228	2739
5	1423	1271	1270	2740
5	1422	1246	1411	2741
5	1409	1231	1384	2742
5	1409	1236	1231	2743
5	1504	853	660	2744
5	1505	746	888	2745
5	1578	1084	1362	2746
5	1372	1124	1289	2747
5	1373	1280	1234	2748
5	1484	1344	1343	2749
5	1581	1423	1580	2750
5	1431	1408	1235	2751
5	1630	1485	1484	2752
5	1630	1484	1629	2753
5	1376	1310	1309	2754
5	1453	1309	1251	2755
5	1377	1295	1261	2756
5	1418	1377	1261	2757
5	1636	1491	1490	2758
5	1494	1352	1493	2759
5	1511	1406	1222	2760
5	1555	1404	1514	2761
5	1433	1284	1432	2762
5	1710	1555	1709	2763
5	1552	1425	1520	2764
5	1872	1727	1845	2765
5	1627	1482	1477	2766
5	1483	1342	1482	2767
5	1477	1335	1476	2768
5	1482	1342	1336	2769
5	1409	1370	1236	2770
5	1552	1381	1425	2771
5	1540	1410	1481	2772
5	1645	1387	1498	2773
5	1435	1242	1434	2774
5	1573	1417	1407	2775
5	1497	1299	1388	2776
5	1788	1543	1703	2777
5	1497	1356	1299	2778
5	1498	1243	1356	2779
5	1587	1434	1525	2780
5	1722	1573	1565	2781
5	1586	1433	1585	2782
5	1417	1228	1407	2783
5	1595	1392	1558	2784
5	1447	1365	1301	2785
5	1843	1670	1842	2786
5	1568	1413	1412	2787
5	1503	1401	1402	2788
5	1852	1707	1528	2789
5	1561	1405	1516	2790
5	1453	1251	1414	2791
5	1395	1394	1239	2792
5	1395	1239	1224	2793
5	1876	1731	1676	2794
5	1457	1317	1252	2795
5	1635	1490	1489	2796
5	1634	1488	1633	2797
5	1424	1262	1276	2798
5	1494	1353	1352	2799
5	1624	1432	1479	2800
5	1418	1279	1399	2801
5	1564	1400	1421	2802
5	1446	1293	1298	2803
5	1844	1689	1559	2804
5	1401	886	1219	2805
5	1402	1401	1219	2806
5	1402	1219	1080	2807
5	1403	1059	1221	2808
5	1801	1667	1548	2809
5	1404	1389	1237	2810
5	1404	1237	1255	2811
5	1405	1396	1226	2812
5	1405	1226	1310	2813
5	1706	1368	1527	2814
5	1665	1363	1652	2815
5	1525	1434	1380	2816
5	1590	1514	1416	2817
5	1408	1374	1225	2818
5	1408	1225	1235	2819
5	1593	1445	1444	2820
5	1596	1365	1447	2821
5	1410	1388	1238	2822
5	1410	1238	1341	2823
5	1571	1415	1253	2824
5	1553	1520	1370	2825
5	1595	1447	1392	2826
5	1569	1444	1413	2827
5	1792	1646	1599	2828
5	1534	1437	1385	2829
5	1608	1463	1607	2830
5	1453	1376	1309	2831
5	1571	1253	1374	2832
5	1576	1221	1415	2833
5	1416	1404	1255	2834
5	1416	1255	1288	2835
5	1556	1389	1555	2836
5	1521	1393	1233	2837
5	1586	1380	1433	2838
5	1767	1591	1658	2839
5	1802	1663	1571	2840
5	1702	1509	1541	2841
5	1668	1578	1362	2842
5	1669	1528	1364	2843
5	1421	1400	1285	2844
5	1421	1285	1303	2845
5	1531	1384	1369	2846
5	1581	1369	1423	2847
5	1579	1422	1411	2848
5	1670	1566	1531	2849
5	1582	1427	1532	2850
5	1538	1428	1378	2851
5	1425	1381	1273	2852
5	1425	1273	1282	2853
5	1536	1457	1496	2854
5	1642	1536	1496	2855
5	1427	1424	1276	2856
5	1427	1276	1272	2857
5	1428	1397	1277	2858
5	1428	1277	1232	2859
5	1429	1398	1329	2860
5	1429	1329	1328	2861
5	1431	1235	1281	2862
5	1430	1281	1280	2863
5	1580	1422	1579	2864
5	1548	1408	1507	2865
5	1433	1286	1284	2866
5	1432	1284	1283	2867
5	1768	1623	1767	2868
5	1770	1625	1672	2869
5	1435	1241	1242	2870
5	1434	1242	1287	2871
5	1555	1389	1404	2872
5	1565	1407	1390	2873
5	1542	1394	1395	2874
5	1565	1390	1556	2875
5	1480	1340	1290	2876
5	1481	1341	1340	2877
5	1439	1288	1292	2878
5	1438	1292	1291	2879
5	1803	1709	1739	2880
5	1738	1589	1673	2881
5	1445	1297	1444	2882
5	1500	1359	1308	2883
5	1442	1339	1338	2884
5	1479	1283	1339	2885
5	1591	1442	1441	2886
5	1479	1339	1442	2887
5	1478	1337	1296	2888
5	1598	1449	1597	2889
5	1445	1298	1297	2890
5	1501	1360	1359	2891
5	1646	1451	1599	2892
5	1499	1307	1451	2893
5	1599	1451	1450	2894
5	1500	1308	1499	2895
5	1580	1423	1422	2896
5	1577	1229	1419	2897
5	1451	1245	1450	2898
5	1499	1308	1307	2899
5	1794	1647	1793	2900
5	1804	1716	1791	2901
5	1451	1307	1245	2902
5	1501	1359	1500	2903
5	1599	1450	1523	2904
5	1543	1410	1540	2905
5	1452	1399	1358	2906
5	1452	1358	1357	2907
5	1676	1516	1656	2908
5	1608	1464	1463	2909
5	1562	1517	1397	2910
5	1455	1263	1454	2911
5	1607	1463	1459	2912
5	1492	1311	1455	2913
5	1471	1314	1470	2914
5	1471	1330	1314	2915
5	1495	1354	1275	2916
5	1496	1252	1355	2917
5	1561	1396	1405	2918
5	1604	1460	1537	2919
5	1461	1319	1460	2920
5	1465	1324	1323	2921
5	1461	1320	1319	2922
5	1462	1321	1320	2923
5	1609	1465	1464	2924
5	1462	1320	1461	2925
5	1607	1459	1606	2926
5	1676	1561	1516	2927
5	1611	1467	1466	2928
5	1613	1469	1468	2929
5	1612	1467	1611	2930
5	1465	1323	1464	2931
5	1610	1466	1465	2932
5	1466	1324	1465	2933
5	1606	1462	1605	2934
5	1469	1327	1468	2935
5	1605	1461	1604	2936
5	1469	1328	1327	2937
5	1537	1460	1458	2938
5	1750	1537	1699	2939
5	1640	1493	1639	2940
5	1757	1611	1610	2941
5	1473	1331	1472	2942
5	1472	1331	1330	2943
5	1615	1470	1517	2944
5	1617	1474	1616	2945
5	1636	1490	1635	2946
5	1474	1332	1473	2947
5	1762	1617	1616	2948
5	1582	1424	1427	2949
5	1475	1334	1474	2950
5	1475	1250	1334	2951
5	1606	1459	1462	2952
5	1605	1462	1461	2953
5	1477	1336	1335	2954
5	1486	1345	1485	2955
5	1751	1605	1604	2956
5	1621	1476	1539	2957
5	2080	1934	2079	2958
5	1585	1433	1432	2959
5	1588	1386	1435	2960
5	1650	1448	1502	2961
5	1481	1410	1341	2962
5	1481	1340	1480	2963
5	1543	1388	1410	2964
5	1648	1501	1500	2965
5	1484	1343	1483	2966
5	1485	1344	1484	2967
5	1629	1483	1628	2968
5	1631	1486	1485	2969
5	1628	1483	1482	2970
5	1486	1254	1345	2971
5	1774	1629	1628	2972
5	1486	1383	1254	2973
5	1780	1636	1635	2974
5	1634	1489	1488	2975
5	1562	1397	1428	2976
5	1490	1348	1489	2977
5	1633	1488	1487	2978
5	1491	1350	1349	2979
5	1633	1487	1632	2980
5	1615	1471	1470	2981
5	1752	1606	1605	2982
5	1491	1349	1490	2983
5	1773	1627	1772	2984
5	1621	1477	1476	2985
5	1760	1614	1613	2986
5	1493	1312	1492	2987
5	1601	1424	1582	2988
5	1494	1378	1353	2989
5	1860	1714	1700	2990
5	1616	1474	1473	2991
5	1570	1414	1394	2992
5	1496	1355	1495	2993
5	1807	1570	1653	2994
5	1786	1583	1731	2995
5	1533	1452	1387	2996
5	1498	1356	1497	2997
5	1645	1533	1387	2998
5	1643	1388	1543	2999
5	1649	1502	1501	3000
5	1502	1240	1360	3001
5	1648	1500	1647	3002
5	1569	1413	1568	3003
5	1558	1392	1391	3004
5	1502	1360	1501	3005
5	1524	1421	1365	3006
5	1564	1421	1524	3007
5	1814	1551	1696	3008
5	1515	1256	1393	3009
5	1519	1371	1227	3010
5	1849	1706	1687	3011
5	1505	1504	660	3012
5	1505	660	746	3013
5	1506	1068	863	3014
5	1506	1042	1379	3015
5	1584	1507	1431	3016
5	1541	1509	1373	3017
5	1809	1508	1662	3018
5	1546	1366	1545	3019
5	1584	1431	1430	3020
5	1509	1430	1373	3021
5	1510	1438	1386	3022
5	1588	1510	1386	3023
5	1685	1379	1529	3024
5	1556	1390	1389	3025
5	1810	1504	1505	3026
5	1687	1372	1512	3027
5	1513	1512	1436	3028
5	2136	1943	1816	3029
5	1590	1439	1589	3030
5	1735	1587	1525	3031
5	1559	1080	1515	3032
5	1689	1402	1559	3033
5	1516	1405	1376	3034
5	1867	1688	1723	3035
5	1997	1852	1669	3036
5	1506	1361	1068	3037
5	1695	1521	1367	3038
5	1691	1515	1393	3039
5	1956	1695	1853	3040
5	1951	1693	1848	3041
5	1520	1425	1370	3042
5	1812	1713	1743	3043
5	1948	1817	1818	3044
5	1578	1530	1084	3045
5	1541	1373	1383	3046
5	1522	1383	1486	3047
5	1523	1450	1446	3048
5	1594	1523	1446	3049
5	1593	1444	1569	3050
5	1564	1412	1400	3051
5	1587	1435	1434	3052
5	1588	1435	1587	3053
5	1526	1443	1377	3054
5	1575	1526	1377	3055
5	1527	932	1124	3056
5	1547	1362	1363	3057
5	1529	1266	1528	3058
5	1529	1379	1266	3059
5	1941	1692	1940	3060
5	1690	1361	1506	3061
5	1698	1420	1530	3062
5	1530	1420	1268	3063
5	1553	1370	1409	3064
5	1566	1384	1531	3065
5	1532	1427	1398	3066
5	1614	1535	1429	3067
5	1563	1399	1452	3068
5	1574	1418	1399	3069
5	1626	1540	1481	3070
5	1643	1497	1388	3071
5	1535	1532	1398	3072
5	1535	1398	1429	3073
5	1583	1396	1561	3074
5	1642	1496	1495	3075
5	1751	1604	1750	3076
5	1901	1756	1900	3077
5	1700	1538	1549	3078
5	1639	1493	1492	3079
5	1539	1476	1382	3080
5	1637	1382	1491	3081
5	1626	1480	1625	3082
5	1644	1498	1497	3083
5	1774	1628	1773	3084
5	1909	1765	1908	3085
5	1560	1376	1453	3086
5	1570	1394	1542	3087
5	1703	1543	1540	3088
5	1788	1643	1543	3089
5	1809	1364	1544	3090
5	1544	1364	849	3091
5	1858	1710	1709	3092
5	1545	1366	1264	3093
5	1817	1704	1705	3094
5	1818	1366	1546	3095
5	1527	1124	1372	3096
5	1819	1521	1695	3097
5	1567	1411	1375	3098
5	1579	1411	1567	3099
5	1549	1538	1378	3100
5	1549	1378	1494	3101
5	1853	1550	1697	3102
5	1691	1393	1521	3103
5	1551	1550	1265	3104
5	1551	1265	1406	3105
5	1557	1391	1381	3106
5	1596	1447	1595	3107
5	1741	1594	1593	3108
5	1659	1552	1520	3109
5	1554	1534	1385	3110
5	1554	1385	1440	3111
5	1735	1525	1680	3112
5	1910	1820	1734	3113
5	1944	1910	1912	3114
5	1799	1573	1722	3115
5	2023	1875	1874	3116
5	1850	1694	1708	3117
5	1712	1557	1711	3118
5	1711	1557	1552	3119
5	1660	1559	1515	3120
5	1691	1660	1515	3121
5	1600	1414	1570	3122
5	1656	1516	1560	3123
5	1583	1426	1396	3124
5	1641	1495	1426	3125
5	1824	1766	1782	3126
5	1900	1755	1899	3127
5	1770	1626	1625	3128
5	1574	1399	1563	3129
5	1822	1567	1721	3130
5	1729	1580	1579	3131
5	1680	1525	1586	3132
5	1736	1588	1587	3133
5	1566	1553	1409	3134
5	1566	1409	1384	3135
5	1720	1569	1568	3136
5	1718	1564	1524	3137
5	1719	1564	1718	3138
5	1594	1446	1445	3139
5	1742	1523	1594	3140
5	1712	1558	1557	3141
5	1600	1453	1414	3142
5	1600	1560	1453	3143
5	1577	1375	1229	3144
5	1701	1522	1681	3145
5	1822	1728	1567	3146
5	1576	1419	1572	3147
5	1688	1436	1417	3148
5	1826	1436	1688	3149
5	1797	1744	1597	3150
5	1575	1418	1574	3151
5	1675	1672	1534	3152
5	1882	1737	1736	3153
5	1576	1572	1403	3154
5	1576	1403	1221	3155
5	1727	1419	1576	3156
5	1667	1571	1374	3157
5	1945	1668	1547	3158
5	1668	1362	1547	3159
5	1775	1630	1629	3160
5	1720	1568	1719	3161
5	1887	1712	1711	3162
5	1581	1531	1369	3163
5	1713	1524	1596	3164
5	1670	1531	1654	3165
5	1601	1454	1424	3166
5	1638	1492	1455	3167
5	1807	1746	1570	3168
5	2072	1927	1876	3169
5	1727	1576	1663	3170
5	1729	1579	1728	3171
5	1623	1442	1591	3172
5	1624	1585	1432	3173
5	1820	1680	1734	3174
5	1930	1790	1789	3175
5	1829	1674	1742	3176
5	1716	1563	1533	3177
5	1830	1722	1565	3178
5	1717	1556	1710	3179
5	1590	1416	1439	3180
5	1589	1439	1438	3181
5	1709	1555	1514	3182
5	1880	1735	1680	3183
5	1623	1479	1442	3184
5	1624	1479	1623	3185
5	1592	1591	1441	3186
5	1592	1441	1478	3187
5	1932	1792	1839	3188
5	1594	1445	1593	3189
5	1793	1646	1792	3190
5	1745	1675	1554	3191
5	2012	1863	1958	3192
5	1596	1524	1365	3193
5	1741	1593	1740	3194
5	2078	1933	1932	3195
5	1598	1440	1449	3196
5	1597	1449	1448	3197
5	1890	1675	1745	3198
5	1724	1563	1716	3199
5	1646	1499	1451	3200
5	1649	1501	1648	3201
5	1876	1676	1800	3202
5	1891	1833	1747	3203
5	1748	1582	1678	3204
5	1602	1454	1601	3205
5	1784	1639	1638	3206
5	1638	1455	1602	3207
5	1603	1537	1458	3208
5	1603	1458	1457	3209
5	1677	1536	1661	3210
5	1612	1468	1467	3211
5	1759	1613	1612	3212
5	1753	1606	1752	3213
5	1758	1612	1611	3214
5	1609	1464	1608	3215
5	1677	1603	1536	3216
5	1610	1465	1609	3217
5	1755	1608	1754	3218
5	1613	1468	1612	3219
5	1785	1639	1784	3220
5	1749	1602	1601	3221
5	1761	1683	1535	3222
5	1611	1466	1610	3223
5	1759	1612	1758	3224
5	1614	1469	1613	3225
5	1755	1609	1608	3226
5	1614	1429	1469	3227
5	1699	1537	1603	3228
5	1841	1657	1785	3229
5	1904	1760	1759	3230
5	1678	1582	1532	3231
5	1619	1616	1473	3232
5	1620	1475	1617	3233
5	1619	1472	1618	3234
5	1632	1456	1620	3235
5	1781	1637	1636	3236
5	1632	1487	1456	3237
5	1619	1473	1472	3238
5	1618	1472	1471	3239
5	1753	1607	1606	3240
5	1715	1517	1562	3241
5	1777	1620	1765	3242
5	1682	1615	1679	3243
5	1775	1629	1774	3244
5	1631	1522	1486	3245
5	1622	1592	1478	3246
5	1622	1478	1443	3247
5	1767	1623	1591	3248
5	1769	1585	1624	3249
5	1768	1624	1623	3250
5	1989	1723	1799	3251
5	1626	1481	1480	3252
5	1625	1480	1437	3253
5	1937	1889	1744	3254
5	1725	1574	1724	3255
5	1702	1541	1701	3256
5	1629	1484	1483	3257
5	1681	1522	1631	3258
5	1921	1781	1780	3259
5	1776	1631	1630	3260
5	1778	1632	1777	3261
5	1772	1621	1766	3262
5	1631	1485	1630	3263
5	1879	1651	1733	3264
5	1732	1509	1702	3265
5	1773	1628	1627	3266
5	1635	1489	1634	3267
5	1682	1618	1615	3268
5	1765	1620	1617	3269
5	2099	1995	1957	3270
5	1637	1491	1636	3271
5	1772	1627	1621	3272
5	1637	1539	1382	3273
5	1779	1635	1634	3274
5	1781	1636	1780	3275
5	1765	1617	1762	3276
5	1777	1632	1620	3277
5	1908	1765	1762	3278
5	1639	1492	1638	3279
5	1679	1615	1517	3280
5	1640	1549	1494	3281
5	1763	1618	1682	3282
5	1700	1549	1657	3283
5	1661	1536	1642	3284
5	1642	1495	1641	3285
5	1699	1603	1677	3286
5	1787	1661	1642	3287
5	1934	1794	1933	3288
5	1644	1497	1643	3289
5	1724	1574	1563	3290
5	1645	1498	1644	3291
5	1832	1771	1770	3292
5	1726	1575	1725	3293
5	1792	1599	1674	3294
5	1796	1649	1795	3295
5	1797	1650	1796	3296
5	1650	1502	1649	3297
5	1931	1791	1790	3298
5	1650	1597	1448	3299
5	1675	1534	1554	3300
5	1711	1552	1659	3301
5	1719	1568	1564	3302
5	1796	1650	1649	3303
5	1651	1548	1507	3304
5	1733	1651	1507	3305
5	1665	1547	1363	3306
5	1652	1363	853	3307
5	1653	1570	1542	3308
5	2093	1857	1983	3309
5	1730	1581	1580	3310
5	1728	1579	1567	3311
5	1655	1546	1545	3312
5	1655	1545	1361	3313
5	1747	1600	1746	3314
5	1747	1560	1600	3315
5	1860	1700	1806	3316
5	1785	1640	1639	3317
5	1726	1671	1526	3318
5	1725	1575	1574	3319
5	1855	1701	1681	3320
5	1694	1520	1553	3321
5	1684	1401	1503	3322
5	2127	1997	1977	3323
5	1731	1561	1676	3324
5	1787	1642	1641	3325
5	1662	1508	886	3326
5	1662	886	1401	3327
5	1802	1571	1667	3328
5	1663	1576	1415	3329
5	1811	1696	1511	3330
5	1707	1529	1528	3331
5	1810	1505	1371	3332
5	1810	1371	1686	3333
5	1666	1658	1592	3334
5	1666	1592	1622	3335
5	1845	1727	1663	3336
5	1721	1567	1375	3337
5	1808	1519	1692	3338
5	1693	1530	1578	3339
5	1690	1655	1361	3340
5	1950	1687	1513	3341
5	1694	1659	1520	3342
5	1708	1566	1670	3343
5	1671	1666	1622	3344
5	1671	1622	1526	3345
5	1672	1625	1534	3346
5	1836	1788	1703	3347
5	1673	1589	1510	3348
5	1737	1673	1510	3349
5	1674	1599	1523	3350
5	1742	1674	1523	3351
5	1745	1598	1744	3352
5	1795	1649	1648	3353
5	1731	1583	1561	3354
5	1786	1641	1583	3355
5	1897	1752	1896	3356
5	1899	1754	1898	3357
5	1748	1601	1582	3358
5	1783	1638	1602	3359
5	1714	1538	1700	3360
5	1715	1679	1517	3361
5	1737	1588	1736	3362
5	1736	1587	1735	3363
5	1701	1541	1522	3364
5	1733	1584	1732	3365
5	1903	1759	1758	3366
5	1897	1753	1752	3367
5	1683	1678	1532	3368
5	1683	1532	1535	3369
5	2152	1977	1809	3370
5	1809	1544	1508	3371
5	1692	1519	1518	3372
5	1951	1854	1693	3373
5	1798	1692	1518	3374
5	1945	1848	1668	3375
5	1706	1664	1368	3376
5	2157	1867	1989	3377
5	1717	1565	1556	3378
5	1710	1556	1555	3379
5	2003	1844	1660	3380
5	1689	1503	1402	3381
5	1690	1506	1379	3382
5	1690	1379	1685	3383
5	1698	1511	1420	3384
5	1695	1367	1550	3385
5	1808	1686	1519	3386
5	1954	1685	1813	3387
5	1696	1551	1406	3388
5	1696	1406	1511	3389
5	1955	1842	1873	3390
5	2026	1651	1879	3391
5	1819	1691	1521	3392
5	1851	1691	1819	3393
5	1811	1511	1698	3394
5	1852	1528	1669	3395
5	2004	1697	1814	3396
5	1697	1550	1551	3397
5	1698	1530	1693	3398
5	1814	1697	1551	3399
5	1750	1604	1537	3400
5	1752	1605	1751	3401
5	1714	1562	1538	3402
5	1715	1562	1714	3403
5	1733	1507	1584	3404
5	1732	1584	1509	3405
5	1856	1701	1855	3406
5	1917	1774	1916	3407
5	1771	1626	1770	3408
5	1871	1671	1726	3409
5	1857	1653	1542	3410
5	1704	1542	1395	3411
5	1705	1704	1395	3412
5	1705	1395	1366	3413
5	1706	1527	1372	3414
5	1706	1372	1687	3415
5	1798	1518	1664	3416
5	1813	1685	1529	3417
5	1708	1694	1553	3418
5	1708	1553	1566	3419
5	1739	1590	1738	3420
5	1739	1514	1590	3421
5	1866	1717	1710	3422
5	2087	1799	1991	3423
5	1743	1595	1712	3424
5	1718	1524	1713	3425
5	1932	1793	1792	3426
5	1712	1595	1558	3427
5	1743	1596	1595	3428
5	1865	1719	1864	3429
5	2056	1909	1908	3430
5	1908	1762	1838	3431
5	1861	1714	1860	3432
5	2053	1906	1905	3433
5	1789	1643	1788	3434
5	1790	1645	1644	3435
5	1799	1723	1573	3436
5	1723	1417	1573	3437
5	2034	1865	2013	3438
5	1740	1593	1569	3439
5	1913	1703	1771	3440
5	1740	1569	1720	3441
5	2196	2050	2195	3442
5	1885	1720	1865	3443
5	1801	1548	1651	3444
5	2007	1855	2006	3445
5	2015	1858	2014	3446
5	1813	1529	1707	3447
5	2088	1513	2016	3448
5	1867	1826	1688	3449
5	1868	1724	1716	3450
5	1726	1526	1575	3451
5	2032	1884	1835	3452
5	2030	1882	2029	3453
5	1870	1726	1725	3454
5	1871	1828	1671	3455
5	1998	1802	1972	3456
5	1727	1577	1419	3457
5	1873	1842	1654	3458
5	1730	1580	1729	3459
5	1823	1659	1694	3460
5	1730	1654	1581	3461
5	2002	1843	2001	3462
5	2160	2001	2089	3463
5	1902	1757	1901	3464
5	1846	1677	1661	3465
5	1877	1732	1702	3466
5	2025	1878	1877	3467
5	1855	1681	1837	3468
5	1845	1663	1802	3469
5	1734	1680	1586	3470
5	1734	1586	1585	3471
5	2028	1880	1964	3472
5	1737	1510	1588	3473
5	1884	1739	1738	3474
5	1883	1835	1673	3475
5	1880	1680	1820	3476
5	1821	1767	1658	3477
5	1739	1709	1514	3478
5	1738	1590	1589	3479
5	1858	1709	1803	3480
5	1830	1565	1717	3481
5	1831	1711	1659	3482
5	1831	1659	1823	3483
5	1874	1729	1728	3484
5	1742	1594	1741	3485
5	1839	1674	1829	3486
5	1743	1713	1596	3487
5	1935	1795	1934	3488
5	1863	1713	1812	3489
5	1745	1554	1598	3490
5	1744	1598	1597	3491
5	1839	1792	1674	3492
5	1933	1793	1932	3493
5	1747	1656	1560	3494
5	1896	1751	1895	3495
5	2016	1513	1826	3496
5	1928	1827	1787	3497
5	1896	1752	1751	3498
5	1749	1601	1748	3499
5	2071	1926	1925	3500
5	1783	1602	1749	3501
5	1895	1750	1894	3502
5	1898	1754	1753	3503
5	1894	1699	1815	3504
5	1754	1608	1607	3505
5	1895	1751	1750	3506
5	1756	1610	1609	3507
5	2240	1866	2100	3508
5	1846	1661	1827	3509
5	1927	1731	1876	3510
5	1757	1610	1756	3511
5	1928	1787	1786	3512
5	1760	1613	1759	3513
5	1892	1748	1678	3514
5	1924	1783	1749	3515
5	1834	1678	1683	3516
5	1758	1611	1757	3517
5	1905	1761	1760	3518
5	1761	1614	1760	3519
5	1902	1758	1757	3520
5	1761	1535	1614	3521
5	1898	1753	1897	3522
5	1894	1750	1699	3523
5	2090	2040	1962	3524
5	1841	1806	1657	3525
5	1764	1619	1763	3526
5	1764	1616	1619	3527
5	1764	1762	1616	3528
5	1763	1619	1618	3529
5	1906	1834	1683	3530
5	2009	1860	1963	3531
5	1838	1762	1764	3532
5	1779	1634	1633	3533
5	1766	1621	1539	3534
5	1782	1637	1781	3535
5	1964	1880	1820	3536
5	1769	1624	1768	3537
5	2170	2020	2169	3538
5	1769	1734	1585	3539
5	1805	1658	1666	3540
5	1821	1658	1805	3541
5	1771	1540	1626	3542
5	1771	1703	1540	3543
5	1966	1840	1890	3544
5	1937	1797	1936	3545
5	1918	1775	1917	3546
5	1914	1766	1824	3547
5	1856	1702	1701	3548
5	1776	1630	1775	3549
5	2063	1918	2062	3550
5	2059	1915	1914	3551
5	2197	2052	2051	3552
5	1776	1681	1631	3553
5	2064	1968	1919	3554
5	1919	1777	1909	3555
5	1778	1633	1632	3556
5	1779	1633	1778	3557
5	1922	1778	1919	3558
5	1837	1681	1776	3559
5	1782	1766	1539	3560
5	1780	1635	1779	3561
5	1918	1837	1776	3562
5	1782	1539	1637	3563
5	1907	1763	1825	3564
5	2059	1914	1967	3565
5	1878	1732	1877	3566
5	1914	1772	1766	3567
5	1926	1785	1784	3568
5	1784	1638	1783	3569
5	1825	1763	1682	3570
5	1785	1657	1640	3571
5	1862	1847	1679	3572
5	1920	1780	1779	3573
5	2072	1876	1946	3574
5	1787	1641	1786	3575
5	2093	2008	1857	3576
5	2133	1983	1817	3577
5	1789	1644	1643	3578
5	1791	1533	1645	3579
5	1869	1724	1868	3580
5	1790	1644	1789	3581
5	1911	1767	1821	3582
5	1791	1716	1533	3583
5	1884	1738	1835	3584
5	1868	1716	1804	3585
5	1793	1647	1646	3586
5	1794	1648	1647	3587
5	1929	1788	1836	3588
5	1832	1672	1840	3589
5	1864	1718	1863	3590
5	1795	1648	1794	3591
5	2082	1937	1936	3592
5	1797	1597	1650	3593
5	2081	1936	1935	3594
5	1865	1720	1719	3595
5	1863	1718	1713	3596
5	1840	1672	1675	3597
5	1954	1690	1685	3598
5	1816	1655	1690	3599
5	1866	1710	1858	3600
5	1835	1738	1673	3601
5	1800	1676	1656	3602
5	2193	2047	2192	3603
5	1873	1654	1730	3604
5	2174	2027	2025	3605
5	1972	1802	1667	3606
5	2095	1969	2036	3607
5	1884	1803	1739	3608
5	2033	2014	1803	3609
5	2228	2101	2110	3610
5	1929	1789	1788	3611
5	1985	1821	1960	3612
5	2096	1944	1959	3613
5	1806	1700	1657	3614
5	1988	1957	1825	3615
5	1891	1747	1746	3616
5	2074	1827	1928	3617
5	1854	1698	1693	3618
5	1854	1811	1698	3619
5	1977	1669	1809	3620
5	1809	1669	1364	3621
5	1978	1810	1686	3622
5	2147	1810	1978	3623
5	1942	1811	1854	3624
5	1979	1696	1811	3625
5	1888	1743	1712	3626
5	1842	1670	1654	3627
5	2128	1814	1979	3628
5	1853	1695	1550	3629
5	2416	2244	2415	3630
5	1982	1547	1665	3631
5	1815	1699	1677	3632
5	1827	1661	1787	3633
5	1952	1686	1808	3634
5	1984	1503	1939	3635
5	2084	1717	1866	3636
5	1857	1542	1704	3637
5	1818	1817	1705	3638
5	1818	1705	1366	3639
5	1939	1689	1844	3640
5	1844	1559	1660	3641
5	2316	2175	2121	3642
5	1911	1768	1767	3643
5	1910	1734	1769	3644
5	2169	2019	2168	3645
5	1879	1733	1878	3646
5	1998	1845	1802	3647
5	1888	1712	1887	3648
5	1887	1711	1831	3649
5	1923	1782	1781	3650
5	1923	1781	1921	3651
5	1995	1907	1957	3652
5	2345	2207	2206	3653
5	1989	1867	1723	3654
5	1826	1513	1436	3655
5	1846	1815	1677	3656
5	1990	1815	1846	3657
5	1828	1805	1666	3658
5	1828	1666	1671	3659
5	1886	1741	1740	3660
5	1885	1740	1720	3661
5	2084	1830	1717	3662
5	1991	1722	1830	3663
5	2301	2155	2173	3664
5	2026	1801	1651	3665
5	2168	2018	2091	3666
5	1931	1790	1930	3667
5	1833	1800	1656	3668
5	1833	1656	1747	3669
5	2050	1902	2049	3670
5	1892	1678	1834	3671
5	1881	1735	1880	3672
5	1881	1736	1735	3673
5	1832	1770	1672	3674
5	1974	1965	1804	3675
5	1915	1772	1914	3676
5	1916	1774	1773	3677
5	2068	1921	2065	3678
5	1909	1777	1765	3679
5	1936	1797	1796	3680
5	2078	1932	1938	3681
5	1890	1745	1889	3682
5	1935	1796	1795	3683
5	1893	1748	1892	3684
5	1925	1784	1783	3685
5	1843	1708	1670	3686
5	1850	1823	1694	3687
5	2037	1887	1831	3688
5	1850	1708	1843	3689
5	2131	1854	1951	3690
5	1939	1503	1689	3691
5	1987	1874	1728	3692
5	1872	1577	1727	3693
5	2044	1897	1896	3694
5	2047	1900	1899	3695
5	1847	1825	1682	3696
5	1847	1682	1679	3697
5	1848	1693	1578	3698
5	1848	1578	1668	3699
5	2041	1815	1990	3700
5	2295	2148	1980	3701
5	2182	2035	2181	3702
5	2001	1842	1955	3703
5	2305	2127	2152	3704
5	1851	1660	1691	3705
5	1979	1811	1942	3706
5	1979	1814	1696	3707
5	2104	1956	1853	3708
5	2105	1851	2005	3709
5	1941	1808	1692	3710
5	1943	1655	1816	3711
5	1972	1667	1801	3712
5	1877	1702	1856	3713
5	2371	2265	2425	3714
5	2025	1877	1961	3715
5	2151	1746	1807	3716
5	2106	1971	1891	3717
5	1940	1692	1798	3718
5	2270	1989	2087	3719
5	1859	1829	1742	3720
5	1859	1742	1741	3721
5	1861	1715	1714	3722
5	1862	1679	1715	3723
5	2069	1893	2040	3724
5	1862	1715	1861	3725
5	2165	2163	2011	3726
5	2349	2123	2236	3727
5	1864	1719	1718	3728
5	1886	1740	1885	3729
5	2287	2160	2286	3730
5	1969	1829	1859	3731
5	2114	2078	1938	3732
5	1886	1859	1741	3733
5	2031	1835	1883	3734
5	2015	1866	1858	3735
5	2135	1953	2086	3736
5	1950	1849	1687	3737
5	1869	1725	1724	3738
5	1870	1725	1869	3739
5	2225	2080	2224	3740
5	2020	1871	1870	3741
5	2175	2028	2121	3742
5	1871	1726	1870	3743
5	1975	1960	1805	3744
5	2058	1993	1913	3745
5	2022	1872	1999	3746
5	1872	1721	1577	3747
5	1875	1729	1874	3748
5	2116	2012	1958	3749
5	1875	1730	1729	3750
5	1875	1873	1730	3751
5	1992	1831	1823	3752
5	2001	1843	1842	3753
5	1927	1786	1731	3754
5	1928	1786	1927	3755
5	1878	1733	1732	3756
5	1999	1872	1845	3757
5	2006	1855	1837	3758
5	2234	1987	2145	3759
5	2055	1838	1995	3760
5	1987	1728	1822	3761
5	1883	1737	1882	3762
5	1882	1736	1881	3763
5	1974	1804	1931	3764
5	1883	1673	1737	3765
5	2299	2154	2153	3766
5	2360	2223	2282	3767
5	1975	1805	1828	3768
5	1986	1910	1944	3769
5	2141	1986	2098	3770
5	2029	1882	1881	3771
5	2108	1958	1973	3772
5	2012	1864	1863	3773
5	2204	2058	2203	3774
5	2222	2077	2076	3775
5	1995	1838	1907	3776
5	1888	1812	1743	3777
5	2160	2002	2001	3778
5	2116	1958	2108	3779
5	1890	1840	1675	3780
5	1889	1745	1744	3781
5	2076	1929	2075	3782
5	1993	1836	1913	3783
5	2179	2033	2113	3784
5	2245	2151	2008	3785
5	1893	1749	1748	3786
5	1926	1784	1925	3787
5	1988	1825	1847	3788
5	1924	1749	1893	3789
5	2043	1895	2042	3790
5	2042	1894	2041	3791
5	2049	1901	2048	3792
5	1900	1756	1755	3793
5	2047	1899	2046	3794
5	2073	1927	2072	3795
5	2119	1990	2000	3796
5	1901	1757	1756	3797
5	2073	1928	1927	3798
5	1905	1760	1904	3799
5	2041	1894	1815	3800
5	2043	1896	1895	3801
5	2042	1895	1894	3802
5	1903	1758	1902	3803
5	2052	1905	1904	3804
5	1904	1759	1903	3805
5	2048	1900	2047	3806
5	2045	1897	2044	3807
5	2045	1898	1897	3808
5	1906	1761	1905	3809
5	2215	2124	2071	3810
5	1906	1683	1761	3811
5	2192	2047	2046	3812
5	2009	1861	1860	3813
5	2194	2049	2048	3814
5	2040	1892	1962	3815
5	1907	1838	1764	3816
5	1907	1764	1763	3817
5	1921	1780	1920	3818
5	1919	1778	1777	3819
5	2011	1847	1862	3820
5	2342	2201	2260	3821
5	1912	1768	1911	3822
5	2280	2015	2178	3823
5	1912	1769	1768	3824
5	1912	1910	1769	3825
5	1913	1836	1703	3826
5	1913	1771	1832	3827
5	2018	1869	1868	3828
5	1965	1868	1804	3829
5	1915	1773	1772	3830
5	1917	1775	1774	3831
5	2122	2059	1967	3832
5	1916	1773	1915	3833
5	2208	2063	2062	3834
5	1918	1776	1775	3835
5	2007	1961	1856	3836
5	2007	1856	1855	3837
5	2064	1919	1909	3838
5	2062	1917	2061	3839
5	2050	1903	1902	3840
5	1963	1860	1806	3841
5	1968	1922	1919	3842
5	2063	2006	1837	3843
5	2211	2107	2065	3844
5	1923	1824	1782	3845
5	1922	1920	1779	3846
5	1922	1779	1778	3847
5	2066	1922	1968	3848
5	2207	2061	2206	3849
5	2040	1893	1892	3850
5	1925	1783	1924	3851
5	2213	2069	2040	3852
5	1926	1841	1785	3853
5	2051	1904	1903	3854
5	2044	1896	2043	3855
5	2046	1899	1898	3856
5	2049	1902	1901	3857
5	2117	1946	1970	3858
5	2028	1881	1880	3859
5	2079	1933	2078	3860
5	1930	1789	1929	3861
5	2058	1832	2057	3862
5	1931	1804	1791	3863
5	2057	1840	1966	3864
5	2283	2115	2142	3865
5	1933	1794	1793	3866
5	1934	1795	1794	3867
5	2238	2114	2125	3868
5	1936	1796	1935	3869
5	2077	1930	2076	3870
5	2081	1935	2080	3871
5	2035	1885	2034	3872
5	1937	1744	1797	3873
5	2111	2057	1966	3874
5	2037	1831	1992	3875
5	2036	1859	1886	3876
5	1969	1947	1829	3877
5	1938	1932	1839	3878
5	2126	1969	2095	3879
5	2146	1852	1997	3880
5	2152	1662	1684	3881
5	1943	1546	1655	3882
5	2239	2085	2129	3883
5	2245	2008	2093	3884
5	2128	2004	1814	3885
5	1956	1819	1695	3886
5	2104	2005	1956	3887
5	2129	1546	1943	3888
5	1991	1799	1722	3889
5	1985	1959	1911	3890
5	2224	2079	2223	3891
5	2131	1942	1854	3892
5	2132	1848	1945	3893
5	1946	1876	1800	3894
5	1983	1857	1704	3895
5	1947	1938	1839	3896
5	1947	1839	1829	3897
5	2241	2093	1983	3898
5	1983	1704	1817	3899
5	1949	1948	1818	3900
5	1949	1818	1546	3901
5	2086	1849	1950	3902
5	1953	1706	1849	3903
5	2293	2097	1940	3904
5	2134	1808	1941	3905
5	2149	1978	1952	3906
5	1978	1686	1952	3907
5	2135	1940	1798	3908
5	1953	1798	1664	3909
5	2550	2304	2380	3910
5	1954	1816	1690	3911
5	2024	1875	2023	3912
5	2024	1873	1875	3913
5	2103	1844	2003	3914
5	2097	1941	1940	3915
5	1957	1907	1825	3916
5	2243	2138	2163	3917
5	1958	1863	1812	3918
5	2038	1888	1887	3919
5	1959	1944	1912	3920
5	1959	1912	1911	3921
5	1985	1911	1821	3922
5	1960	1821	1805	3923
5	1961	1877	1856	3924
5	2144	2026	1879	3925
5	1962	1892	1834	3926
5	2054	1962	1834	3927
5	2199	2053	2198	3928
5	2070	1925	1924	3929
5	2177	2030	2176	3930
5	2112	2032	2031	3931
5	2021	1975	1828	3932
5	2018	1868	1965	3933
5	2220	1993	2204	3934
5	2083	1937	2082	3935
5	1967	1914	1824	3936
5	2208	2062	2207	3937
5	2065	1921	1920	3938
5	2067	1824	1923	3939
5	2013	1864	2012	3940
5	2035	1886	1885	3941
5	1970	1946	1800	3942
5	1970	1800	1833	3943
5	1971	1970	1833	3944
5	1971	1833	1891	3945
5	2144	1879	2027	3946
5	2145	1987	1822	3947
5	1973	1958	1812	3948
5	1973	1812	1888	3949
5	2075	1836	1993	3950
5	2076	1930	1929	3951
5	2019	1869	2018	3952
5	2019	1870	1869	3953
5	1976	1963	1806	3954
5	1976	1806	1841	3955
5	1997	1669	1977	3956
5	2244	2127	2229	3957
5	1982	1945	1547	3958
5	2150	1945	1982	3959
5	2005	1851	1819	3960
5	2004	1853	1697	3961
5	2148	2136	1954	3962
5	1980	1813	1707	3963
5	1981	1980	1707	3964
5	1981	1707	1852	3965
5	2296	2289	2149	3966
5	2134	1952	1808	3967
5	2379	2167	2233	3968
5	2008	1653	1857	3969
5	2152	1684	1984	3970
5	1984	1684	1503	3971
5	2220	2075	1993	3972
5	2221	2076	2075	3973
5	1986	1964	1820	3974
5	1986	1820	1910	3975
5	2185	2108	1973	3976
5	2375	2370	2262	3977
5	2010	1861	2009	3978
5	2010	1862	1861	3979
5	2217	2072	1946	3980
5	2157	2017	1867	3981
5	2074	1928	2073	3982
5	2217	1946	2117	3983
5	2113	2032	2112	3984
5	2008	1807	1653	3985
5	2038	1973	1888	3986
5	2038	1887	2037	3987
5	2075	1929	1836	3988
5	2077	1931	1930	3989
5	1994	1976	1841	3990
5	1994	1841	1926	3991
5	2055	1908	1838	3992
5	2064	1909	2056	3993
5	1996	1992	1823	3994
5	1996	1823	1850	3995
5	2103	1939	1844	3996
5	2003	1660	1851	3997
5	2022	1822	1721	3998
5	1999	1845	1998	3999
5	2172	1999	2159	4000
5	2022	1721	1872	4001
5	2000	1990	1846	4002
5	2000	1846	1827	4003
5	2002	1850	1843	4004
5	2002	1996	1850	4005
5	2320	2166	2310	4006
5	2161	2102	1996	4007
5	2128	1979	1942	4008
5	2005	1819	1956	4009
5	2369	1941	2097	4010
5	2147	1652	1810	4011
5	2105	2003	1851	4012
5	2684	2517	2518	4013
5	2060	1915	2059	4014
5	2061	1917	1916	4015
5	2212	2068	2107	4016
5	2422	2260	2276	4017
5	2249	2087	1991	4018
5	2084	1991	1830	4019
5	2202	2055	2201	4020
5	2011	1862	2010	4021
5	2213	2040	2090	4022
5	2011	1988	1847	4023
5	2092	2009	1963	4024
5	2371	2308	2250	4025
5	2013	1865	1864	4026
5	2034	1885	1865	4027
5	2185	1973	2038	4028
5	2036	1886	2035	4029
5	2100	1866	2015	4030
5	2014	1858	1803	4031
5	2033	1884	2032	4032
5	2240	2084	1866	4033
5	2136	1816	1954	4034
5	2135	1798	1953	4035
5	2017	2016	1826	4036
5	2017	1826	1867	4037
5	2021	1871	2020	4038
5	2020	1870	2019	4039
5	2154	1959	1985	4040
5	2021	1828	1871	4041
5	2098	1944	2096	4042
5	2121	2028	1964	4043
5	2450	2311	2372	4044
5	2203	2057	2111	4045
5	2109	1801	2026	4046
5	2109	1972	1801	4047
5	2027	1878	2025	4048
5	2024	1955	1873	4049
5	2102	1992	1996	4050
5	2324	2184	2183	4051
5	2314	2246	2172	4052
5	2253	1972	2109	4053
5	2159	1999	1998	4054
5	2027	1879	1878	4055
5	2166	2012	2116	4056
5	2183	2037	1992	4057
5	2031	1883	2030	4058
5	2030	1883	1882	4059
5	2153	1960	2130	4060
5	2171	1975	2021	4061
5	2168	2019	2018	4062
5	2032	1835	2031	4063
5	2098	1986	1944	4064
5	2255	2113	2254	4065
5	2033	1803	1884	4066
5	2268	2141	2098	4067
5	2176	2029	2175	4068
5	2176	2030	2029	4069
5	2373	2256	2283	4070
5	2363	2226	2362	4071
5	2273	2228	2110	4072
5	2036	1969	1859	4073
5	2362	2225	2361	4074
5	2223	2078	2114	4075
5	2156	2023	1874	4076
5	2205	2060	2059	4077
5	2374	2263	2350	4078
5	2856	2731	2765	4079
5	2039	1966	1890	4080
5	2039	1890	1889	4081
5	2069	1924	1893	4082
5	2071	1925	2070	4083
5	2188	2042	2187	4084
5	2189	2043	2188	4085
5	2186	1990	2119	4086
5	2046	1898	2045	4087
5	2190	2045	2044	4088
5	2336	2195	2194	4089
5	2218	2072	2217	4090
5	2048	1901	1900	4091
5	2186	2041	1990	4092
5	2195	2049	2194	4093
5	2187	2041	2186	4094
5	2053	1905	2052	4095
5	2187	2042	2041	4096
5	2188	2043	2042	4097
5	2190	2044	2189	4098
5	2051	1903	2050	4099
5	2199	2054	2053	4100
5	2052	1904	2051	4101
5	2198	2052	2197	4102
5	2192	2046	2191	4103
5	2189	2044	2043	4104
5	2054	1906	2053	4105
5	2196	2051	2050	4106
5	2054	1834	1906	4107
5	2140	2092	1963	4108
5	2352	2213	2351	4109
5	2164	2009	2092	4110
5	2164	2010	2009	4111
5	2210	2064	2056	4112
5	2056	1908	2055	4113
5	2236	2123	2200	4114
5	2165	2010	2164	4115
5	2058	1913	1832	4116
5	2057	1832	1840	4117
5	2115	1966	2039	4118
5	2223	2079	2078	4119
5	2060	1916	1915	4120
5	2063	1837	1918	4121
5	2062	1918	1917	4122
5	2061	1916	2060	4123
5	2303	2094	2262	4124
5	2346	2207	2345	4125
5	2285	2143	2261	4126
5	2139	1961	2007	4127
5	2139	2094	1961	4128
5	2205	2059	2122	4129
5	2201	1995	2099	4130
5	2206	2060	2205	4131
5	2285	2122	2143	4132
5	2067	1967	1824	4133
5	2066	2065	1920	4134
5	2066	1920	1922	4135
5	2107	2068	2065	4136
5	2201	2055	1995	4137
5	2068	2067	1923	4138
5	2068	1923	1921	4139
5	2090	2054	2199	4140
5	2070	1924	2069	4141
5	2419	2144	2315	4142
5	2071	1994	1926	4143
5	2448	2308	2371	4144
5	2475	2336	2474	4145
5	2191	2045	2190	4146
5	2074	2000	1827	4147
5	2219	2073	2218	4148
5	2266	1971	2106	4149
5	2331	2189	2330	4150
5	2194	2048	2193	4151
5	2299	2153	2298	4152
5	2627	2494	2502	4153
5	2171	2130	1975	4154
5	2077	1974	1931	4155
5	2377	2274	2300	4156
5	2298	2153	2130	4157
5	2079	1934	1933	4158
5	2080	1935	1934	4159
5	2180	2034	2013	4160
5	2083	1889	1937	4161
5	2183	1992	2102	4162
5	2166	2013	2012	4163
5	2115	2111	1966	4164
5	2082	1936	2081	4165
5	2227	2142	2083	4166
5	2083	2039	1889	4167
5	2343	2203	2111	4168
5	2226	2081	2225	4169
5	2085	1948	1949	4170
5	2086	1953	1849	4171
5	2270	2157	1989	4172
5	2087	1989	1799	4173
5	2167	2088	2016	4174
5	2369	2134	1941	4175
5	2151	1807	2008	4176
5	2133	1817	1948	4177
5	2386	2135	2086	4178
5	2088	1950	1513	4179
5	2089	2001	1955	4180
5	2155	2089	1955	4181
5	2330	2188	2329	4182
5	2337	2196	2195	4183
5	2091	2018	1965	4184
5	2237	2130	2171	4185
5	2140	1976	2120	4186
5	2215	2071	2070	4187
5	2271	2086	1950	4188
5	2429	2271	2304	4189
5	2094	2025	1961	4190
5	2478	2272	2339	4191
5	2182	2036	2035	4192
5	2181	2035	2034	4193
5	2154	2096	1959	4194
5	2130	1960	1975	4195
5	2167	2016	2017	4196
5	2148	1813	1980	4197
5	2275	2141	2268	4198
5	2496	2361	2360	4199
5	2696	2564	2520	4200
5	2341	2200	2210	4201
5	2178	2015	2014	4202
5	2555	2432	2280	4203
5	2101	2091	1965	4204
5	2101	1965	1974	4205
5	2161	2002	2160	4206
5	2324	2183	2251	4207
5	2388	2148	2295	4208
5	2278	2003	2105	4209
5	2384	2105	2277	4210
5	2104	1853	2004	4211
5	2152	1809	1662	4212
5	2158	1939	2103	4213
5	2113	2033	2032	4214
5	2279	2119	2216	4215
5	2211	2066	2123	4216
5	2202	2056	2055	4217
5	2184	2037	2183	4218
5	2306	2102	2161	4219
5	2314	2159	2253	4220
5	2145	1822	2022	4221
5	2110	2101	1974	4222
5	2110	1974	2077	4223
5	2203	2058	2057	4224
5	2204	1993	2058	4225
5	2280	2100	2015	4226
5	2318	2254	2112	4227
5	2255	2179	2113	4228
5	2266	2118	1971	4229
5	2226	2082	2081	4230
5	2282	2114	2238	4231
5	2273	2110	2222	4232
5	2256	2111	2115	4233
5	2180	2013	2166	4234
5	2181	2034	2180	4235
5	2317	2175	2316	4236
5	2457	2319	2385	4237
5	2118	2117	1970	4238
5	2118	1970	1971	4239
5	2219	2074	2073	4240
5	2334	2193	2192	4241
5	2140	1963	1976	4242
5	2120	1976	1994	4243
5	2175	2029	2028	4244
5	2177	2031	2030	4245
5	2462	2324	2398	4246
5	2345	2205	2230	4247
5	2211	2065	2066	4248
5	2123	2066	1968	4249
5	2124	2120	1994	4250
5	2124	1994	2071	4251
5	2125	2114	1938	4252
5	2125	1938	1947	4253
5	2126	2125	1947	4254
5	2126	1947	1969	4255
5	2303	2174	2094	4256
5	2383	2277	2104	4257
5	2296	2149	2290	4258
5	2277	2005	2104	4259
5	2129	2085	1949	4260
5	2129	1949	1546	4261
5	2153	1985	1960	4262
5	2154	1985	2153	4263
5	2289	2147	2149	4264
5	2290	2149	1952	4265
5	2291	2131	1951	4266
5	2132	1951	1848	4267
5	2292	2133	1948	4268
5	2249	1991	2084	4269
5	2150	2132	1945	4270
5	2149	2147	1978	4271
5	2386	2086	2378	4272
5	2417	2383	2247	4273
5	2518	2388	2295	4274
5	2504	2408	2409	4275
5	2148	1954	1813	4276
5	2137	1980	1981	4277
5	2138	2099	1957	4278
5	2138	1957	1988	4279
5	2209	2006	2063	4280
5	2207	2062	2061	4281
5	2338	2197	2196	4282
5	2340	2199	2272	4283
5	2141	2121	1964	4284
5	2141	1964	1986	4285
5	2142	2115	2039	4286
5	2142	2039	2083	4287
5	2143	2122	1967	4288
5	2143	1967	2067	4289
5	2174	2025	2094	4290
5	2155	1955	2024	4291
5	2156	1874	1987	4292
5	2172	2022	1999	4293
5	2416	2137	1981	4294
5	2146	1981	1852	4295
5	2147	1982	1665	4296
5	2147	1665	1652	4297
5	2295	1980	2137	4298
5	2652	2544	2387	4299
5	2417	2248	2391	4300
5	2247	2104	2004	4301
5	2391	2248	2128	4302
5	2291	1951	2132	4303
5	2297	1891	2151	4304
5	2151	1891	1746	4305
5	2158	1984	1939	4306
5	2152	2127	1977	4307
5	2267	2101	2228	4308
5	2317	2176	2175	4309
5	2298	2130	2237	4310
5	2311	2169	2168	4311
5	2368	2258	2156	4312
5	2262	2094	2139	4313
5	2345	2206	2205	4314
5	2234	2156	1987	4315
5	2242	1943	2136	4316
5	2271	1950	2088	4317
5	2305	1984	2158	4318
5	2305	2152	1984	4319
5	2172	2145	2022	4320
5	2723	2453	2540	4321
5	2161	1996	2002	4322
5	2320	2180	2166	4323
5	2277	2105	2005	4324
5	2288	2128	1942	4325
5	2162	2139	2007	4326
5	2162	2007	2006	4327
5	2163	2138	1988	4328
5	2163	1988	2011	4329
5	2165	2011	2010	4330
5	2422	2276	2394	4331
5	2335	2193	2334	4332
5	2307	2163	2165	4333
5	2310	2116	2309	4334
5	2449	2322	2320	4335
5	2438	2241	2133	4336
5	2292	1948	2085	4337
5	2169	2020	2019	4338
5	2170	2021	2020	4339
5	2644	2585	2511	4340
5	2316	2121	2275	4341
5	2358	2221	2220	4342
5	2171	2021	2170	4343
5	2358	2220	2357	4344
5	2360	2224	2223	4345
5	2314	2172	2159	4346
5	2252	2026	2144	4347
5	2173	2155	2024	4348
5	2173	2024	2023	4349
5	2258	2023	2156	4350
5	2433	2261	2423	4351
5	2411	2228	2273	4352
5	2443	2298	2396	4353
5	2318	2112	2177	4354
5	2275	2121	2141	4355
5	2319	2176	2317	4356
5	2177	2112	2031	4357
5	2284	2179	2255	4358
5	2505	2266	2397	4359
5	2179	2178	2014	4360
5	2179	2014	2033	4361
5	2326	2108	2185	4362
5	2364	2283	2142	4363
5	2418	2398	2251	4364
5	2182	2095	2036	4365
5	2322	2180	2320	4366
5	2325	2184	2324	4367
5	2184	2038	2037	4368
5	2185	2038	2184	4369
5	2462	2325	2324	4370
5	2309	2116	2108	4371
5	2326	2309	2108	4372
5	2446	2286	2435	4373
5	2330	2189	2188	4374
5	2329	2187	2328	4375
5	2475	2337	2336	4376
5	2193	2048	2047	4377
5	2430	2275	2268	4378
5	2441	2397	2106	4379
5	2327	2186	2119	4380
5	2191	2046	2045	4381
5	2336	2194	2335	4382
5	2334	2192	2333	4383
5	2328	2187	2186	4384
5	2329	2188	2187	4385
5	2331	2190	2189	4386
5	2197	2051	2196	4387
5	2351	2090	2340	4388
5	2195	2050	2049	4389
5	2272	2199	2198	4390
5	2339	2198	2197	4391
5	2339	2197	2338	4392
5	2198	2053	2052	4393
5	2337	2195	2336	4394
5	2332	2191	2190	4395
5	2352	2214	2213	4396
5	2090	1962	2054	4397
5	2404	2259	2376	4398
5	2214	2070	2069	4399
5	2484	2403	2341	4400
5	2250	2164	2092	4401
5	2200	2123	1968	4402
5	2200	1968	2064	4403
5	2260	2201	2099	4404
5	2210	2056	2202	4405
5	2341	2236	2200	4406
5	2210	2200	2064	4407
5	2498	2363	2362	4408
5	2221	2075	2220	4409
5	2480	2344	2343	4410
5	2222	2110	2077	4411
5	2206	2061	2060	4412
5	2209	2063	2208	4413
5	2424	2173	2258	4414
5	2287	2161	2160	4415
5	2615	2481	2506	4416
5	2209	2162	2006	4417
5	2231	2139	2162	4418
5	2485	2350	2349	4419
5	2483	2348	2342	4420
5	2350	2211	2349	4421
5	2448	2307	2308	4422
5	2276	2138	2243	4423
5	2342	2202	2201	4424
5	2556	2402	2482	4425
5	2212	2143	2067	4426
5	2212	2067	2068	4427
5	2259	2120	2124	4428
5	2214	2069	2213	4429
5	2352	2264	2215	4430
5	2215	2070	2214	4431
5	2508	2376	2488	4432
5	2332	2190	2331	4433
5	2216	2119	2000	4434
5	2216	2000	2074	4435
5	2218	2073	2072	4436
5	2327	2119	2279	4437
5	2766	2644	2694	4438
5	2355	2216	2219	4439
5	2328	2186	2327	4440
5	2219	2216	2074	4441
5	2497	2362	2361	4442
5	2421	2255	2254	4443
5	2311	2168	2235	4444
5	2222	2076	2221	4445
5	2235	2168	2091	4446
5	2412	2235	2267	4447
5	2224	2080	2079	4448
5	2225	2081	2080	4449
5	2357	2204	2344	4450
5	2227	2083	2082	4451
5	2633	2500	2499	4452
5	2322	2181	2180	4453
5	2460	2323	2322	4454
5	2227	2082	2226	4455
5	2458	2310	2309	4456
5	2282	2223	2114	4457
5	2359	2222	2221	4458
5	2555	2178	2284	4459
5	2244	1997	2127	4460
5	2244	2146	1997	4461
5	2230	2205	2122	4462
5	2285	2230	2122	4463
5	2347	2209	2208	4464
5	2401	2375	2231	4465
5	2232	2231	2162	4466
5	2232	2162	2209	4467
5	2233	2167	2017	4468
5	2233	2017	2157	4469
5	2252	2109	2026	4470
5	2258	2173	2023	4471
5	2585	2450	2511	4472
5	2451	2312	2450	4473
5	2261	2143	2212	4474
5	2400	2345	2230	4475
5	2312	2169	2311	4476
5	2312	2170	2169	4477
5	2321	2269	2095	4478
5	2461	2321	2323	4479
5	2293	1940	2135	4480
5	2241	1983	2133	4481
5	2249	2084	2240	4482
5	2567	2428	2270	4483
5	2678	2389	2503	4484
5	2297	2106	1891	4485
5	2242	2239	2129	4486
5	2242	2129	1943	4487
5	2485	2349	2382	4488
5	2265	2092	2140	4489
5	2431	2229	2158	4490
5	2416	2146	2244	4491
5	2365	2292	2085	4492
5	2544	2097	2387	4493
5	2246	2234	2145	4494
5	2246	2145	2172	4495
5	2288	1942	2131	4496
5	2416	1981	2146	4497
5	2248	2247	2004	4498
5	2248	2004	2128	4499
5	2378	2086	2271	4500
5	2353	2117	2281	4501
5	2307	2243	2163	4502
5	2308	2164	2250	4503
5	2251	2183	2102	4504
5	2598	2462	2512	4505
5	2419	2252	2144	4506
5	2262	2139	2231	4507
5	2355	2279	2216	4508
5	2420	2279	2355	4509
5	2354	2217	2353	4510
5	2254	2113	2112	4511
5	2675	2510	2405	4512
5	2284	2178	2179	4513
5	2359	2273	2222	4514
5	2343	2111	2256	4515
5	2257	2238	2125	4516
5	2257	2125	2126	4517
5	2315	2144	2027	4518
5	2315	2027	2174	4519
5	2294	2120	2259	4520
5	2265	2250	2092	4521
5	2487	2352	2351	4522
5	2488	2264	2352	4523
5	2423	2261	2263	4524
5	2350	2107	2211	4525
5	2573	2433	2572	4526
5	2286	2160	2089	4527
5	2263	2261	2212	4528
5	2263	2212	2107	4529
5	2264	2259	2124	4530
5	2264	2124	2215	4531
5	2514	2394	2414	4532
5	2381	2342	2260	4533
5	2486	2351	2340	4534
5	2281	2117	2118	4535
5	2267	2235	2091	4536
5	2267	2091	2101	4537
5	2555	2284	2510	4538
5	2427	2268	2274	4539
5	2269	2257	2126	4540
5	2269	2126	2095	4541
5	2501	2438	2292	4542
5	2516	2233	2428	4543
5	2432	2366	2100	4544
5	2429	2378	2271	4545
5	2340	2090	2199	4546
5	2351	2213	2090	4547
5	2344	2203	2343	4548
5	2399	2343	2256	4549
5	2274	2268	2098	4550
5	2274	2098	2096	4551
5	2455	2275	2430	4552
5	2444	2300	2299	4553
5	2276	2260	2099	4554
5	2276	2099	2138	4555
5	2384	2278	2105	4556
5	2278	2103	2003	4557
5	2431	2158	2103	4558
5	2431	2103	2278	4559
5	2253	2159	1998	4560
5	2253	1998	1972	4561
5	2505	2118	2266	4562
5	2366	2240	2100	4563
5	2353	2217	2117	4564
5	2354	2218	2217	4565
5	2363	2227	2226	4566
5	2283	2256	2115	4567
5	2361	2224	2360	4568
5	2763	2632	2762	4569
5	2441	2106	2297	4570
5	2397	2266	2106	4571
5	2481	2345	2400	4572
5	2401	2231	2232	4573
5	2526	2445	2301	4574
5	2434	2230	2285	4575
5	2306	2251	2102	4576
5	2306	2161	2287	4577
5	2503	2389	2439	4578
5	2290	1952	2134	4579
5	2289	2150	1982	4580
5	2289	1982	2147	4581
5	2383	2104	2247	4582
5	2390	2131	2291	4583
5	2390	2288	2131	4584
5	2518	2295	2440	4585
5	2428	2233	2157	4586
5	2791	2567	2651	4587
5	2380	2304	2167	4588
5	2388	2136	2148	4589
5	2294	2265	2140	4590
5	2294	2140	2120	4591
5	2519	2293	2386	4592
5	2365	2085	2239	4593
5	2436	2132	2150	4594
5	2296	2150	2289	4595
5	2297	2151	2245	4596
5	2432	2100	2280	4597
5	2300	2096	2154	4598
5	2300	2154	2299	4599
5	2395	2267	2228	4600
5	2300	2274	2096	4601
5	2412	2267	2395	4602
5	2638	2504	2509	4603
5	2375	2262	2231	4604
5	2302	2155	2301	4605
5	2302	2286	2089	4606
5	2302	2089	2155	4607
5	2368	2156	2234	4608
5	2452	2253	2109	4609
5	2304	2271	2088	4610
5	2304	2088	2167	4611
5	2305	2158	2229	4612
5	2305	2229	2127	4613
5	2435	2286	2302	4614
5	2619	2485	2618	4615
5	2483	2342	2381	4616
5	2572	2433	2423	4617
5	2308	2307	2165	4618
5	2308	2165	2164	4619
5	2310	2166	2116	4620
5	2321	2095	2182	4621
5	2459	2310	2458	4622
5	2632	2499	2498	4623
5	2313	2171	2170	4624
5	2313	2170	2312	4625
5	2570	2430	2427	4626
5	2313	2237	2171	4627
5	2427	2274	2377	4628
5	2444	2377	2300	4629
5	2452	2393	2314	4630
5	2452	2109	2252	4631
5	2588	2315	2453	4632
5	2767	2642	2588	4633
5	2489	2353	2281	4634
5	2454	2254	2318	4635
5	2451	2407	2313	4636
5	2780	2644	2766	4637
5	2491	2355	2356	4638
5	2405	2284	2255	4639
5	2319	2318	2177	4640
5	2319	2177	2176	4641
5	2464	2309	2326	4642
5	2630	2497	2496	4643
5	2323	2181	2322	4644
5	2406	2360	2282	4645
5	2323	2182	2181	4646
5	2323	2321	2182	4647
5	2460	2322	2449	4648
5	2499	2363	2498	4649
5	2325	2185	2184	4650
5	2326	2185	2325	4651
5	2463	2325	2462	4652
5	2761	2630	2760	4653
5	2599	2463	2598	4654
5	2689	2522	2543	4655
5	2466	2327	2465	4656
5	2465	2279	2420	4657
5	2490	2353	2489	4658
5	2333	2191	2332	4659
5	2465	2327	2279	4660
5	2479	2340	2272	4661
5	2467	2328	2466	4662
5	2466	2328	2327	4663
5	2487	2351	2486	4664
5	2333	2192	2191	4665
5	2477	2339	2338	4666
5	2467	2329	2328	4667
5	2471	2332	2470	4668
5	2335	2194	2193	4669
5	2468	2330	2329	4670
5	2473	2334	2472	4671
5	2469	2330	2468	4672
5	2338	2196	2337	4673
5	2469	2331	2330	4674
5	2470	2332	2331	4675
5	2472	2333	2471	4676
5	2339	2272	2198	4677
5	2471	2333	2332	4678
5	2478	2339	2477	4679
5	2472	2334	2333	4680
5	2473	2335	2334	4681
5	2479	2272	2478	4682
5	2352	2215	2214	4683
5	2348	2202	2342	4684
5	2484	2348	2483	4685
5	2348	2210	2202	4686
5	2348	2341	2210	4687
5	2344	2204	2203	4688
5	2357	2220	2204	4689
5	2412	2372	2235	4690
5	2359	2221	2358	4691
5	2346	2208	2207	4692
5	2347	2232	2209	4693
5	2370	2303	2262	4694
5	2347	2208	2346	4695
5	2418	2251	2306	4696
5	2711	2572	2528	4697
5	2425	2265	2294	4698
5	2620	2479	2614	4699
5	2350	2263	2107	4700
5	2349	2211	2123	4701
5	2528	2423	2374	4702
5	2423	2263	2374	4703
5	2474	2336	2335	4704
5	2371	2250	2265	4705
5	2376	2259	2264	4706
5	2477	2338	2476	4707
5	2430	2268	2427	4708
5	2356	2218	2354	4709
5	2586	2524	2407	4710
5	2566	2457	2529	4711
5	2470	2331	2469	4712
5	2468	2329	2467	4713
5	2356	2355	2219	4714
5	2356	2219	2218	4715
5	2821	2722	2780	4716
5	2761	2631	2630	4717
5	2726	2589	2724	4718
5	2463	2326	2325	4719
5	2496	2360	2406	4720
5	2632	2498	2631	4721
5	2361	2225	2224	4722
5	2362	2226	2225	4723
5	2630	2496	2629	4724
5	2364	2142	2227	4725
5	3011	2931	2887	4726
5	2912	2884	2769	4727
5	2494	2357	2492	4728
5	2364	2227	2363	4729
5	2411	2395	2228	4730
5	2399	2256	2373	4731
5	2674	2505	2397	4732
5	2428	2157	2270	4733
5	2367	2240	2366	4734
5	2367	2249	2240	4735
5	2537	2241	2438	4736
5	2695	2537	2637	4737
5	2523	2258	2368	4738
5	2523	2424	2258	4739
5	2437	2296	2290	4740
5	2369	2290	2134	4741
5	2733	2598	2647	4742
5	2540	2303	2370	4743
5	2448	2414	2307	4744
5	2546	2381	2521	4745
5	2372	2311	2235	4746
5	2524	2396	2407	4747
5	2500	2373	2283	4748
5	2499	2364	2363	4749
5	2485	2374	2350	4750
5	2572	2423	2528	4751
5	2482	2346	2481	4752
5	2520	2375	2401	4753
5	2404	2294	2259	4754
5	2425	2294	2404	4755
5	2570	2427	2522	4756
5	2396	2298	2237	4757
5	2552	2369	2544	4758
5	2801	2501	2648	4759
5	2438	2133	2292	4760
5	2380	2167	2379	4761
5	2516	2379	2233	4762
5	2391	2128	2288	4763
5	2382	2349	2236	4764
5	2698	2616	2690	4765
5	2563	2394	2514	4766
5	2565	2371	2425	4767
5	2417	2247	2248	4768
5	2548	2415	2229	4769
5	2549	2277	2383	4770
5	2415	2244	2229	4771
5	2385	2319	2317	4772
5	2455	2316	2275	4773
5	2387	2097	2293	4774
5	2386	2293	2135	4775
5	2569	2545	2378	4776
5	2389	2239	2242	4777
5	2648	2365	2551	4778
5	2555	2280	2178	4779
5	2548	2229	2431	4780
5	2439	2136	2388	4781
5	2552	2437	2369	4782
5	2576	2296	2437	4783
5	2553	2288	2390	4784
5	2437	2290	2369	4785
5	2392	2368	2234	4786
5	2392	2234	2246	4787
5	2393	2392	2246	4788
5	2393	2246	2314	4789
5	2422	2381	2260	4790
5	2394	2276	2243	4791
5	2840	2707	2692	4792
5	2760	2629	2759	4793
5	2443	2299	2298	4794
5	2444	2299	2443	4795
5	2534	2367	2366	4796
5	2426	2356	2354	4797
5	2398	2324	2251	4798
5	2573	2507	2434	4799
5	2493	2411	2273	4800
5	2480	2343	2399	4801
5	2526	2301	2424	4802
5	2424	2301	2173	4803
5	2513	2435	2445	4804
5	2482	2347	2346	4805
5	2402	2401	2232	4806
5	2402	2232	2347	4807
5	2403	2382	2236	4808
5	2403	2236	2341	4809
5	2673	2528	2619	4810
5	2584	2371	2565	4811
5	2557	2420	2491	4812
5	2716	2534	2535	4813
5	2498	2362	2497	4814
5	2497	2361	2496	4815
5	2407	2396	2237	4816
5	2407	2237	2313	4817
5	2408	2406	2282	4818
5	2408	2282	2238	4819
5	2409	2408	2238	4820
5	2409	2238	2257	4821
5	2410	2409	2257	4822
5	2410	2257	2269	4823
5	2492	2344	2480	4824
5	2494	2358	2357	4825
5	2530	2502	2492	4826
5	2530	2480	2399	4827
5	2413	2410	2269	4828
5	2413	2269	2321	4829
5	2414	2394	2243	4830
5	2414	2243	2307	4831
5	2544	2369	2097	4832
5	2440	2295	2137	4833
5	2685	2440	2653	4834
5	2653	2440	2560	4835
5	2667	2515	2505	4836
5	2660	2571	2384	4837
5	2447	2418	2306	4838
5	2447	2287	2446	4839
5	2689	2682	2522	4840
5	2452	2314	2253	4841
5	2491	2420	2355	4842
5	2491	2356	2426	4843
5	2590	2456	2455	4844
5	2421	2405	2255	4845
5	2690	2616	2617	4846
5	2892	2781	2782	4847
5	2433	2285	2261	4848
5	2434	2285	2433	4849
5	2453	2174	2303	4850
5	2618	2485	2382	4851
5	2521	2381	2422	4852
5	2975	2841	2893	4853
5	2693	2566	2529	4854
5	2625	2558	2421	4855
5	2456	2385	2317	4856
5	2668	2645	2554	4857
5	2567	2270	2087	4858
5	2658	2367	2534	4859
5	2661	2429	2550	4860
5	2519	2387	2293	4861
5	2591	2385	2456	4862
5	2626	2491	2426	4863
5	2660	2548	2571	4864
5	2701	2561	2415	4865
5	2510	2284	2405	4866
5	2771	2550	2659	4867
5	2720	2520	2583	4868
5	2434	2400	2230	4869
5	2730	2525	2596	4870
5	2712	2572	2711	4871
5	2698	2547	2616	4872
5	2446	2287	2286	4873
5	2575	2291	2436	4874
5	2436	2150	2296	4875
5	2839	2666	2553	4876
5	2436	2291	2132	4877
5	2501	2292	2365	4878
5	3006	2834	2756	4879
5	2439	2389	2242	4880
5	2439	2242	2136	4881
5	2654	2552	2544	4882
5	2773	2552	2654	4883
5	3145	3066	3083	4884
5	2623	2426	2490	4885
5	2442	2441	2297	4886
5	2442	2297	2245	4887
5	2628	2493	2495	4888
5	2724	2570	2682	4889
5	2532	2395	2411	4890
5	2603	2467	2602	4891
5	2445	2435	2302	4892
5	2445	2302	2301	4893
5	2447	2306	2287	4894
5	2525	2410	2413	4895
5	2546	2483	2381	4896
5	2596	2461	2595	4897
5	2614	2479	2478	4898
5	2610	2474	2609	4899
5	2461	2413	2321	4900
5	2461	2323	2460	4901
5	2451	2313	2312	4902
5	2450	2312	2311	4903
5	2722	2585	2644	4904
5	2586	2451	2585	4905
5	2587	2252	2419	4906
5	2587	2452	2252	4907
5	2588	2419	2315	4908
5	2453	2315	2174	4909
5	2490	2354	2353	4910
5	2454	2421	2254	4911
5	2456	2316	2455	4912
5	2456	2317	2316	4913
5	2579	2396	2524	4914
5	2762	2632	2631	4915
5	2457	2454	2318	4916
5	2457	2318	2319	4917
5	2459	2320	2310	4918
5	2459	2449	2320	4919
5	2574	2446	2435	4920
5	2649	2502	2530	4921
5	2596	2525	2413	4922
5	2598	2463	2462	4923
5	2595	2461	2460	4924
5	2525	2509	2410	4925
5	2845	2822	2665	4926
5	2464	2326	2463	4927
5	2592	2459	2458	4928
5	2464	2458	2309	4929
5	2594	2460	2449	4930
5	2729	2594	2593	4931
5	2611	2476	2475	4932
5	2602	2466	2601	4933
5	2604	2468	2603	4934
5	2600	2465	2420	4935
5	2612	2477	2476	4936
5	2558	2405	2421	4937
5	2601	2466	2465	4938
5	2474	2335	2473	4939
5	2608	2472	2607	4940
5	2605	2469	2604	4941
5	2602	2467	2466	4942
5	2612	2476	2611	4943
5	2603	2468	2467	4944
5	2476	2338	2337	4945
5	2609	2473	2608	4946
5	2614	2478	2613	4947
5	2604	2469	2468	4948
5	2605	2470	2469	4949
5	2607	2471	2606	4950
5	2476	2337	2475	4951
5	2606	2470	2605	4952
5	2606	2471	2470	4953
5	2613	2477	2612	4954
5	2488	2352	2487	4955
5	2607	2472	2471	4956
5	2608	2473	2472	4957
5	2621	2486	2620	4958
5	2486	2340	2479	4959
5	2609	2474	2473	4960
5	2610	2475	2474	4961
5	2492	2357	2344	4962
5	2493	2273	2359	4963
5	2482	2402	2347	4964
5	2481	2346	2345	4965
5	2583	2520	2401	4966
5	2581	2418	2447	4967
5	2484	2341	2348	4968
5	2943	2831	2798	4969
5	2541	2404	2376	4970
5	2584	2448	2371	4971
5	2618	2382	2547	4972
5	2749	2547	2698	4973
5	2622	2488	2487	4974
5	2841	2706	2775	4975
5	2721	2584	2565	4976
5	2488	2376	2264	4977
5	2617	2483	2546	4978
5	2541	2376	2508	4979
5	2490	2426	2354	4980
5	2600	2420	2557	4981
5	2674	2667	2505	4982
5	2705	2555	2704	4983
5	2704	2555	2510	4984
5	2601	2465	2600	4985
5	3015	2905	2913	4986
5	2628	2495	2627	4987
5	2495	2358	2494	4988
5	2542	2372	2412	4989
5	2495	2359	2358	4990
5	2495	2493	2359	4991
5	2591	2529	2385	4992
5	2543	2522	2377	4993
5	2533	2408	2504	4994
5	2633	2531	2373	4995
5	2533	2406	2408	4996
5	2500	2283	2364	4997
5	2530	2399	2531	4998
5	2530	2492	2480	4999
5	2633	2373	2500	5000
5	2500	2364	2499	5001
5	2827	2650	2664	5002
5	2631	2498	2497	5003
5	2705	2432	2555	5004
5	2567	2087	2249	5005
5	2502	2494	2492	5006
5	2629	2406	2533	5007
5	2678	2551	2389	5008
5	2551	2239	2389	5009
5	2593	2449	2459	5010
5	2596	2413	2461	5011
5	2515	2281	2505	5012
5	2505	2281	2118	5013
5	2506	2481	2400	5014
5	2573	2434	2433	5015
5	2507	2506	2400	5016
5	2507	2400	2434	5017
5	2679	2508	2622	5018
5	2620	2486	2479	5019
5	2509	2504	2409	5020
5	2509	2409	2410	5021
5	2537	2093	2241	5022
5	2515	2489	2281	5023
5	2511	2450	2372	5024
5	2542	2511	2372	5025
5	2512	2462	2398	5026
5	2854	2765	2729	5027
5	2583	2401	2402	5028
5	2574	2435	2513	5029
5	2878	2751	2877	5030
5	2541	2425	2404	5031
5	2697	2559	2640	5032
5	2589	2430	2570	5033
5	2550	2429	2304	5034
5	2811	2685	2653	5035
5	2517	2503	2439	5036
5	2517	2439	2388	5037
5	2634	2503	2517	5038
5	2518	2517	2388	5039
5	2770	2700	2569	5040
5	2569	2378	2429	5041
5	2540	2453	2303	5042
5	2564	2375	2520	5043
5	2750	2673	2619	5044
5	2691	2546	2656	5045
5	2522	2427	2377	5046
5	2783	2717	2643	5047
5	2642	2419	2588	5048
5	2639	2424	2523	5049
5	2543	2377	2444	5050
5	2795	2689	2669	5051
5	2593	2459	2592	5052
5	3090	2957	3016	5053
5	2635	2445	2526	5054
5	2639	2526	2424	5055
5	2527	2514	2414	5056
5	2527	2414	2448	5057
5	2781	2690	2691	5058
5	2836	2698	2690	5059
5	2529	2457	2385	5060
5	2682	2570	2522	5061
5	2692	2626	2623	5062
5	2758	2668	2628	5063
5	2755	2623	2624	5064
5	2531	2399	2373	5065
5	2559	2395	2532	5066
5	2776	2768	2640	5067
5	2629	2496	2406	5068
5	2631	2497	2630	5069
5	2536	2442	2245	5070
5	2637	2537	2438	5071
5	2535	2534	2366	5072
5	2535	2366	2432	5073
5	2577	2397	2441	5074
5	2967	2578	2636	5075
5	2537	2536	2245	5076
5	2537	2245	2093	5077
5	2538	2523	2368	5078
5	2538	2368	2392	5079
5	2539	2512	2398	5080
5	2539	2398	2418	5081
5	2663	2512	2539	5082
5	2639	2538	2655	5083
5	2565	2425	2541	5084
5	2583	2402	2556	5085
5	2669	2543	2580	5086
5	2883	2840	2692	5087
5	2580	2443	2579	5088
5	2580	2543	2444	5089
5	2660	2384	2549	5090
5	2553	2391	2288	5091
5	2545	2519	2386	5092
5	2545	2386	2378	5093
5	2547	2382	2403	5094
5	2619	2374	2485	5095
5	2749	2618	2547	5096
5	2688	2521	2563	5097
5	2549	2384	2277	5098
5	2571	2278	2384	5099
5	2701	2415	2548	5100
5	2654	2544	2652	5101
5	2785	2577	2715	5102
5	2551	2365	2239	5103
5	2666	2417	2391	5104
5	2666	2391	2553	5105
5	2702	2653	2560	5106
5	2648	2501	2365	5107
5	3059	2837	2938	5108
5	2576	2436	2296	5109
5	2554	2532	2411	5110
5	2554	2411	2493	5111
5	2774	2705	2704	5112
5	2815	2651	2568	5113
5	2681	2527	2584	5114
5	2584	2527	2448	5115
5	2626	2426	2623	5116
5	2727	2725	2591	5117
5	3136	3031	2946	5118
5	2625	2421	2454	5119
5	2559	2542	2412	5120
5	2559	2412	2395	5121
5	2560	2440	2137	5122
5	2560	2137	2416	5123
5	2561	2560	2416	5124
5	2561	2416	2415	5125
5	2562	2538	2392	5126
5	2562	2392	2393	5127
5	2563	2521	2422	5128
5	2563	2422	2394	5129
5	2767	2588	2723	5130
5	2564	2370	2375	5131
5	2900	2788	2789	5132
5	2871	2745	2870	5133
5	2625	2454	2566	5134
5	2566	2454	2457	5135
5	2801	2637	2501	5136
5	2791	2428	2567	5137
5	2568	2567	2249	5138
5	2568	2249	2367	5139
5	2686	2652	2387	5140
5	2686	2387	2519	5141
5	2589	2455	2430	5142
5	2590	2455	2589	5143
5	2571	2548	2431	5144
5	2571	2431	2278	5145
5	2827	2796	2650	5146
5	2713	2507	2573	5147
5	2671	2664	2615	5148
5	2796	2720	2650	5149
5	2581	2539	2418	5150
5	2582	2446	2574	5151
5	2714	2390	2575	5152
5	2575	2390	2291	5153
5	2714	2575	2576	5154
5	2576	2575	2436	5155
5	2825	2678	2503	5156
5	2803	2695	2637	5157
5	2578	2577	2441	5158
5	2578	2441	2442	5159
5	2580	2444	2443	5160
5	2579	2443	2396	5161
5	2708	2489	2515	5162
5	2689	2543	2669	5163
5	2719	2574	2677	5164
5	2728	2593	2592	5165
5	2582	2581	2447	5166
5	2582	2447	2446	5167
5	2720	2583	2650	5168
5	2720	2696	2520	5169
5	2798	2657	2672	5170
5	2706	2541	2508	5171
5	2586	2407	2451	5172
5	2585	2451	2450	5173
5	2676	2627	2502	5174
5	2800	2759	2646	5175
5	2587	2562	2393	5176
5	2587	2393	2452	5177
5	2723	2588	2453	5178
5	2655	2538	2562	5179
5	2717	2579	2643	5180
5	2852	2726	2793	5181
5	2725	2693	2529	5182
5	2591	2456	2590	5183
5	3178	3143	3015	5184
5	2963	2795	2919	5185
5	2595	2460	2594	5186
5	2594	2449	2593	5187
5	2848	2696	2720	5188
5	2728	2592	2662	5189
5	2778	2733	2647	5190
5	2763	2633	2632	5191
5	2733	2599	2598	5192
5	2731	2595	2594	5193
5	2729	2593	2728	5194
5	2764	2633	2763	5195
5	2597	2592	2458	5196
5	2597	2458	2464	5197
5	2599	2464	2463	5198
5	2599	2597	2464	5199
5	2662	2592	2597	5200
5	2731	2594	2729	5201
5	2724	2589	2570	5202
5	2797	2755	2624	5203
5	2708	2624	2489	5204
5	2737	2601	2736	5205
5	2736	2601	2600	5206
5	2737	2602	2601	5207
5	2735	2600	2557	5208
5	2707	2557	2626	5209
5	2741	2605	2740	5210
5	2613	2478	2477	5211
5	2752	2621	2620	5212
5	2738	2603	2602	5213
5	2743	2607	2742	5214
5	2622	2487	2621	5215
5	2739	2604	2603	5216
5	2753	2622	2621	5217
5	2744	2608	2743	5218
5	2740	2605	2604	5219
5	2745	2610	2609	5220
5	2611	2475	2610	5221
5	2741	2606	2605	5222
5	2746	2611	2610	5223
5	2742	2607	2606	5224
5	2748	2612	2747	5225
5	2743	2608	2607	5226
5	2748	2614	2613	5227
5	2745	2609	2744	5228
5	2621	2487	2486	5229
5	2751	2614	2748	5230
5	2744	2609	2608	5231
5	2615	2556	2482	5232
5	2615	2482	2481	5233
5	2616	2547	2403	5234
5	2616	2403	2484	5235
5	2617	2616	2484	5236
5	2617	2484	2483	5237
5	3020	2893	2898	5238
5	2619	2528	2374	5239
5	2688	2563	2657	5240
5	2721	2681	2584	5241
5	2746	2610	2745	5242
5	2622	2508	2488	5243
5	2747	2612	2611	5244
5	2751	2620	2614	5245
5	2681	2672	2527	5246
5	2706	2508	2679	5247
5	2738	2602	2737	5248
5	2626	2557	2491	5249
5	2624	2623	2490	5250
5	2624	2490	2489	5251
5	2735	2557	2707	5252
5	2707	2626	2692	5253
5	3163	3041	3154	5254
5	3204	3061	3137	5255
5	2628	2554	2493	5256
5	2627	2495	2494	5257
5	2882	2754	2881	5258
5	2901	2769	2792	5259
5	2646	2504	2638	5260
5	2764	2757	2531	5261
5	2951	2799	2804	5262
5	2650	2583	2556	5263
5	2832	2639	2655	5264
5	2633	2499	2632	5265
5	2646	2533	2504	5266
5	2885	2760	2759	5267
5	2759	2533	2646	5268
5	2764	2531	2633	5269
5	2940	2801	2648	5270
5	2637	2438	2501	5271
5	2924	2767	2723	5272
5	2635	2513	2445	5273
5	2636	2578	2442	5274
5	2636	2442	2536	5275
5	2906	2830	2779	5276
5	2651	2567	2568	5277
5	2854	2729	2728	5278
5	2730	2641	2525	5279
5	2709	2370	2564	5280
5	2642	2587	2419	5281
5	2640	2559	2532	5282
5	2784	2697	2768	5283
5	2641	2638	2509	5284
5	2641	2509	2525	5285
5	2639	2523	2538	5286
5	2642	2655	2562	5287
5	2643	2579	2524	5288
5	2670	2643	2524	5289
5	2670	2524	2586	5290
5	3107	2983	3105	5291
5	2645	2640	2532	5292
5	2645	2532	2554	5293
5	2807	2638	2799	5294
5	2759	2629	2533	5295
5	2647	2598	2512	5296
5	2663	2647	2512	5297
5	2659	2550	2380	5298
5	2946	2785	2715	5299
5	2668	2554	2628	5300
5	2676	2502	2649	5301
5	2853	2728	2662	5302
5	2677	2574	2513	5303
5	2695	2536	2537	5304
5	2659	2380	2379	5305
5	2703	2576	2437	5306
5	2810	2654	2652	5307
5	3027	2779	2935	5308
5	2915	2654	2810	5309
5	2702	2560	2561	5310
5	2969	2846	2896	5311
5	2642	2562	2587	5312
5	2847	2719	2677	5313
5	2656	2546	2521	5314
5	2876	2673	2750	5315
5	2688	2656	2521	5316
5	2657	2563	2514	5317
5	2815	2568	2658	5318
5	2658	2568	2367	5319
5	2904	2678	2825	5320
5	2661	2569	2429	5321
5	2938	2837	2702	5322
5	2699	2383	2417	5323
5	2947	2774	2894	5324
5	2818	2551	2678	5325
5	2734	2599	2733	5326
5	2857	2734	2733	5327
5	2671	2506	2665	5328
5	2711	2528	2673	5329
5	2664	2650	2556	5330
5	2664	2556	2615	5331
5	2671	2615	2506	5332
5	2665	2506	2507	5333
5	2817	2549	2699	5334
5	2699	2549	2383	5335
5	2675	2405	2558	5336
5	2756	2558	2625	5337
5	2758	2627	2676	5338
5	2784	2766	2694	5339
5	3133	2952	3050	5340
5	2912	2769	2901	5341
5	2780	2722	2644	5342
5	3061	2930	3026	5343
5	2809	2718	2719	5344
5	2680	2663	2539	5345
5	2672	2657	2514	5346
5	2672	2514	2527	5347
5	2713	2573	2712	5348
5	2712	2573	2572	5349
5	2674	2397	2577	5350
5	2715	2577	2578	5351
5	2756	2625	2754	5352
5	2739	2603	2738	5353
5	2758	2628	2627	5354
5	2889	2763	2762	5355
5	2680	2539	2581	5356
5	2777	2663	2680	5357
5	3027	2906	2779	5358
5	2779	2687	2700	5359
5	2753	2679	2622	5360
5	2752	2620	2751	5361
5	2790	2663	2777	5362
5	2978	2895	2854	5363
5	2710	2541	2706	5364
5	3004	2898	2880	5365
5	2851	2693	2725	5366
5	2986	2852	2793	5367
5	2683	2659	2379	5368
5	2683	2379	2516	5369
5	2938	2702	2838	5370
5	2684	2634	2517	5371
5	2685	2684	2518	5372
5	2685	2518	2440	5373
5	3138	3040	3023	5374
5	2770	2569	2661	5375
5	2687	2686	2519	5376
5	2687	2519	2545	5377
5	2788	2672	2681	5378
5	2921	2836	2916	5379
5	2966	2802	2635	5380
5	2833	2639	2832	5381
5	2750	2618	2749	5382
5	2750	2619	2618	5383
5	2691	2690	2617	5384
5	2691	2617	2546	5385
5	2753	2621	2752	5386
5	2736	2600	2735	5387
5	2754	2566	2693	5388
5	2834	2558	2756	5389
5	2694	2644	2511	5390
5	2694	2511	2542	5391
5	2786	2708	2515	5392
5	2835	2636	2536	5393
5	2802	2513	2635	5394
5	2709	2540	2370	5395
5	2697	2694	2542	5396
5	2697	2542	2559	5397
5	2843	2711	2842	5398
5	2874	2698	2836	5399
5	2812	2417	2666	5400
5	2838	2702	2561	5401
5	2700	2687	2545	5402
5	2700	2545	2569	5403
5	2830	2686	2687	5404
5	2907	2810	2830	5405
5	2838	2561	2701	5406
5	2703	2437	2552	5407
5	3023	2969	2896	5408
5	2714	2553	2390	5409
5	3186	2940	3058	5410
5	2772	2704	2510	5411
5	2923	2658	2534	5412
5	2705	2535	2432	5413
5	2710	2565	2541	5414
5	2721	2565	2710	5415
5	3008	2981	2840	5416
5	2726	2590	2589	5417
5	2862	2736	2861	5418
5	2754	2625	2566	5419
5	2787	2655	2642	5420
5	2850	2723	2540	5421
5	2831	2657	2798	5422
5	2814	2656	2688	5423
5	2849	2789	2721	5424
5	2713	2665	2507	5425
5	2843	2712	2711	5426
5	2922	2790	2920	5427
5	2999	2876	2875	5428
5	2925	2765	2895	5429
5	2839	2553	2714	5430
5	2846	2576	2703	5431
5	2774	2535	2705	5432
5	2772	2510	2675	5433
5	2816	2771	2659	5434
5	3014	2786	2897	5435
5	2717	2669	2580	5436
5	2717	2580	2579	5437
5	2718	2680	2581	5438
5	2718	2581	2582	5439
5	2719	2718	2582	5440
5	2719	2582	2574	5441
5	2874	2749	2698	5442
5	2857	2733	2778	5443
5	3127	3003	3002	5444
5	2877	2751	2748	5445
5	2722	2670	2586	5446
5	2722	2586	2585	5447
5	2924	2787	2767	5448
5	2802	2677	2513	5449
5	2725	2529	2591	5450
5	2828	2794	2682	5451
5	2727	2590	2726	5452
5	2863	2737	2862	5453
5	2727	2591	2590	5454
5	2879	2752	2878	5455
5	2881	2754	2693	5456
5	2740	2604	2739	5457
5	3052	2895	3041	5458
5	2799	2638	2641	5459
5	3140	3050	3055	5460
5	2889	2762	2887	5461
5	2732	2595	2731	5462
5	2732	2596	2595	5463
5	2732	2730	2596	5464
5	2942	2913	2780	5465
5	2888	2792	2757	5466
5	3010	2886	2885	5467
5	2734	2597	2599	5468
5	2734	2662	2597	5469
5	2826	2680	2718	5470
5	2822	2671	2665	5471
5	2913	2821	2780	5472
5	3117	2992	3116	5473
5	2828	2689	2795	5474
5	2852	2727	2726	5475
5	2882	2756	2754	5476
5	2742	2606	2741	5477
5	2928	2883	2755	5478
5	2861	2736	2735	5479
5	2871	2746	2745	5480
5	2863	2738	2737	5481
5	2862	2737	2736	5482
5	2865	2739	2864	5483
5	2864	2739	2738	5484
5	2748	2613	2612	5485
5	2873	2748	2747	5486
5	2868	2742	2867	5487
5	2865	2740	2739	5488
5	2869	2743	2868	5489
5	2866	2741	2740	5490
5	2872	2746	2871	5491
5	2880	2775	2679	5492
5	2747	2611	2746	5493
5	2867	2742	2741	5494
5	2868	2743	2742	5495
5	2877	2748	2873	5496
5	2869	2744	2743	5497
5	2880	2679	2753	5498
5	2870	2745	2744	5499
5	2836	2690	2781	5500
5	2842	2711	2673	5501
5	2970	2843	2842	5502
5	3002	2877	3001	5503
5	2878	2752	2751	5504
5	2872	2747	2746	5505
5	2879	2753	2752	5506
5	3545	3387	3529	5507
5	2798	2672	2788	5508
5	2849	2710	2841	5509
5	2864	2738	2863	5510
5	2797	2624	2708	5511
5	2861	2735	2859	5512
5	2755	2692	2623	5513
5	2774	2716	2535	5514
5	2929	2675	2834	5515
5	2757	2649	2530	5516
5	2757	2530	2531	5517
5	2930	2768	2776	5518
5	3011	2887	2886	5519
5	2760	2630	2629	5520
5	2762	2631	2761	5521
5	2886	2760	2885	5522
5	2885	2759	2800	5523
5	2886	2761	2760	5524
5	2942	2780	2766	5525
5	2884	2676	2769	5526
5	2887	2762	2761	5527
5	2769	2676	2649	5528
5	2911	2805	2823	5529
5	2888	2757	2764	5530
5	2887	2761	2886	5531
5	2765	2731	2729	5532
5	2854	2728	2853	5533
5	3026	2939	3021	5534
5	2952	2807	2891	5535
5	3070	2961	2847	5536
5	2787	2642	2767	5537
5	2784	2694	2697	5538
5	2768	2697	2640	5539
5	2776	2640	2645	5540
5	3079	2933	3074	5541
5	2818	2648	2551	5542
5	3076	2770	2936	5543
5	3156	3060	2953	5544
5	2771	2661	2550	5545
5	2937	2708	2786	5546
5	2786	2515	2667	5547
5	3028	2936	2771	5548
5	2773	2703	2552	5549
5	2785	2674	2577	5550
5	2785	2667	2674	5551
5	2775	2706	2679	5552
5	2880	2753	2879	5553
5	3029	3012	3013	5554
5	3169	3082	3143	5555
5	2845	2665	2713	5556
5	2824	2671	2822	5557
5	2844	2712	2843	5558
5	2960	2920	2777	5559
5	3037	3024	2918	5560
5	2935	2779	2700	5561
5	3207	3074	3204	5562
5	3233	3067	3201	5563
5	2814	2782	2656	5564
5	2998	2874	2921	5565
5	2782	2781	2691	5566
5	2782	2691	2656	5567
5	3047	3008	2883	5568
5	3170	3081	3169	5569
5	2945	2768	2930	5570
5	2913	2905	2821	5571
5	3031	2785	2946	5572
5	2894	2774	2704	5573
5	3032	2834	3006	5574
5	2897	2786	2667	5575
5	2966	2635	2833	5576
5	2850	2540	2709	5577
5	2973	2845	2844	5578
5	2971	2957	2822	5579
5	2789	2788	2681	5580
5	2789	2681	2721	5581
5	2790	2778	2647	5582
5	2790	2647	2663	5583
5	2808	2428	2791	5584
5	2808	2516	2428	5585
5	2792	2769	2649	5586
5	2792	2649	2757	5587
5	2793	2726	2724	5588
5	2820	2717	2783	5589
5	2794	2793	2724	5590
5	2794	2724	2682	5591
5	2828	2682	2689	5592
5	3372	3258	3270	5593
5	2845	2713	2844	5594
5	2847	2809	2719	5595
5	2834	2675	2558	5596
5	2894	2704	2772	5597
5	3127	3002	3126	5598
5	2950	2788	2900	5599
5	3009	2885	2800	5600
5	3009	2800	2952	5601
5	3158	3021	3053	5602
5	2932	2901	2792	5603
5	2835	2536	2695	5604
5	3160	2637	2801	5605
5	2813	2564	2696	5606
5	2848	2720	2796	5607
5	2816	2659	2683	5608
5	2808	2683	2516	5609
5	2804	2799	2641	5610
5	2804	2641	2730	5611
5	2805	2776	2645	5612
5	2805	2645	2668	5613
5	2806	2783	2643	5614
5	2806	2643	2670	5615
5	2807	2800	2646	5616
5	2807	2646	2638	5617
5	2936	2661	2771	5618
5	3174	2929	3032	5619
5	2813	2709	2564	5620
5	2824	2664	2671	5621
5	2829	2684	2811	5622
5	2811	2684	2685	5623
5	2830	2687	2779	5624
5	2825	2503	2634	5625
5	2817	2660	2549	5626
5	2812	2699	2417	5627
5	2832	2655	2787	5628
5	2954	2709	2813	5629
5	2916	2836	2781	5630
5	2999	2875	2998	5631
5	2918	2695	2803	5632
5	2904	2818	2678	5633
5	2909	2791	2651	5634
5	2918	2835	2695	5635
5	3097	2968	2908	5636
5	2819	2660	2817	5637
5	2907	2830	2906	5638
5	3065	2801	2940	5639
5	2819	2701	2548	5640
5	2819	2548	2660	5641
5	2820	2795	2669	5642
5	2820	2669	2717	5643
5	2821	2806	2670	5644
5	2821	2670	2722	5645
5	2827	2664	2824	5646
5	2826	2718	2809	5647
5	2823	2805	2668	5648
5	2823	2668	2758	5649
5	2974	2827	2958	5650
5	2920	2790	2777	5651
5	2959	2829	2811	5652
5	2935	2700	2770	5653
5	3092	3016	2971	5654
5	2826	2777	2680	5655
5	2914	2857	2778	5656
5	2962	2696	2848	5657
5	2919	2820	2899	5658
5	2982	2851	2860	5659
5	3058	2940	2818	5660
5	2829	2634	2684	5661
5	2830	2810	2652	5662
5	2830	2652	2686	5663
5	2831	2814	2688	5664
5	2831	2688	2657	5665
5	2833	2526	2639	5666
5	2833	2635	2526	5667
5	2903	2677	2802	5668
5	3166	3086	2961	5669
5	2859	2707	2840	5670
5	2859	2735	2707	5671
5	2967	2835	2918	5672
5	2967	2636	2835	5673
5	2876	2842	2673	5674
5	2844	2713	2712	5675
5	2837	2811	2653	5676
5	2837	2653	2702	5677
5	3063	2773	2915	5678
5	2968	2819	2908	5679
5	2896	2846	2703	5680
5	2896	2703	2773	5681
5	2866	2740	2865	5682
5	2867	2741	2866	5683
5	2849	2721	2710	5684
5	2841	2710	2706	5685
5	2875	2749	2874	5686
5	2916	2781	2892	5687
5	3101	3051	2972	5688
5	2895	2765	2854	5689
5	2921	2874	2836	5690
5	2957	2824	2822	5691
5	2978	2854	2853	5692
5	3038	2979	2914	5693
5	2846	2839	2714	5694
5	2846	2714	2576	5695
5	2958	2824	2957	5696
5	2961	2960	2826	5697
5	2977	2787	2924	5698
5	3147	2954	3093	5699
5	3148	3080	3141	5700
5	3191	3064	3167	5701
5	3045	2850	2954	5702
5	2924	2723	2850	5703
5	2881	2693	2851	5704
5	3046	2923	2716	5705
5	2860	2727	2852	5706
5	2860	2725	2727	5707
5	2858	2734	2857	5708
5	3068	2998	2921	5709
5	2951	2891	2799	5710
5	2926	2804	2855	5711
5	2855	2804	2730	5712
5	2855	2730	2732	5713
5	2856	2855	2732	5714
5	2856	2732	2731	5715
5	2858	2662	2734	5716
5	2858	2853	2662	5717
5	2958	2827	2824	5718
5	2922	2778	2790	5719
5	2981	2859	2840	5720
5	3047	2883	2928	5721
5	2989	2864	2988	5722
5	2860	2851	2725	5723
5	3005	2881	2851	5724
5	2986	2793	2927	5725
5	2984	2860	2852	5726
5	2919	2795	2820	5727
5	3019	2919	3018	5728
5	2939	2805	2911	5729
5	2983	2861	2859	5730
5	2870	2744	2869	5731
5	2985	2862	2861	5732
5	2992	2867	2991	5733
5	2987	2863	2862	5734
5	2988	2864	2863	5735
5	2996	2872	2871	5736
5	2989	2865	2864	5737
5	2993	2868	2992	5738
5	2990	2866	2865	5739
5	2994	2869	2993	5740
5	2991	2867	2866	5741
5	3004	2879	3003	5742
5	2873	2747	2872	5743
5	2992	2868	2867	5744
5	3003	2879	2878	5745
5	2995	2870	2994	5746
5	2993	2869	2868	5747
5	2994	2870	2869	5748
5	3257	3172	3242	5749
5	2875	2750	2749	5750
5	2876	2750	2875	5751
5	2973	2971	2845	5752
5	2955	2831	2943	5753
5	3256	3154	3226	5754
5	3001	2873	2997	5755
5	2995	2871	2870	5756
5	2997	2873	2872	5757
5	3373	3260	3297	5758
5	3002	2878	2877	5759
5	3004	2880	2879	5760
5	3001	2877	2873	5761
5	3043	2893	3020	5762
5	3244	3242	3124	5763
5	2996	2871	2995	5764
5	3174	3072	2929	5765
5	2883	2692	2755	5766
5	2983	2859	2981	5767
5	2928	2755	2797	5768
5	2990	2865	2989	5769
5	2884	2823	2758	5770
5	2884	2758	2676	5771
5	2931	2889	2887	5772
5	3135	3034	3011	5773
5	3122	2998	3068	5774
5	3041	2895	2978	5775
5	3000	2970	2842	5776
5	2952	2800	2807	5777
5	2890	2763	2889	5778
5	2890	2888	2764	5779
5	2890	2764	2763	5780
5	3026	2930	2939	5781
5	3152	3056	3073	5782
5	3307	3193	3258	5783
5	2891	2807	2799	5784
5	3135	3010	3134	5785
5	2948	2892	2782	5786
5	2948	2782	2814	5787
5	2893	2841	2775	5788
5	3003	2878	3002	5789
5	2923	2534	2716	5790
5	2897	2667	2785	5791
5	2902	2855	2856	5792
5	2926	2855	2902	5793
5	2956	2699	2812	5794
5	3063	2896	2773	5795
5	2988	2863	2987	5796
5	3183	3162	2947	5797
5	2898	2893	2775	5798
5	2898	2775	2880	5799
5	2899	2820	2783	5800
5	2905	2806	2821	5801
5	2976	2849	2975	5802
5	2976	2900	2789	5803
5	3258	3193	3205	5804
5	3013	2889	2931	5805
5	3154	3041	3062	5806
5	3057	2925	3052	5807
5	2960	2777	2826	5808
5	2903	2847	2677	5809
5	3182	2906	3027	5810
5	3156	2953	3035	5811
5	2944	2806	2905	5812
5	2944	2783	2806	5813
5	3098	2968	3097	5814
5	2908	2819	2817	5815
5	2941	2811	2837	5816
5	3017	2810	2907	5817
5	2968	2701	2819	5818
5	2968	2838	2701	5819
5	3028	2771	2816	5820
5	3076	2935	2770	5821
5	2910	2909	2651	5822
5	2910	2651	2815	5823
5	2934	2884	2912	5824
5	2934	2823	2884	5825
5	2934	2911	2823	5826
5	3061	2945	2930	5827
5	3030	2913	2942	5828
5	3292	3132	3168	5829
5	3100	2922	3099	5830
5	2979	2857	2914	5831
5	3063	3023	2896	5832
5	2915	2773	2654	5833
5	3103	2975	3043	5834
5	3080	2950	3025	5835
5	2917	2812	2666	5836
5	2917	2666	2839	5837
5	3037	2918	2803	5838
5	3162	3046	2947	5839
5	2927	2793	2794	5840
5	3019	2963	2919	5841
5	3092	2971	2973	5842
5	2922	2914	2778	5843
5	3243	3122	3157	5844
5	3064	2916	2892	5845
5	2998	2875	2874	5846
5	2972	2843	2970	5847
5	2923	2910	2815	5848
5	2923	2815	2658	5849
5	3099	2920	3091	5850
5	2965	2833	2832	5851
5	2925	2902	2856	5852
5	2925	2856	2765	5853
5	3052	2925	2895	5854
5	2951	2804	2926	5855
5	3151	2937	3014	5856
5	3178	3030	3144	5857
5	3006	2756	2882	5858
5	3014	2937	2786	5859
5	3072	2894	2772	5860
5	2929	2772	2675	5861
5	2933	2766	2784	5862
5	2942	2766	2933	5863
5	2932	2792	2888	5864
5	3053	2911	2934	5865
5	3075	3053	2934	5866
5	3073	3012	3029	5867
5	3467	3356	3466	5868
5	3056	2901	2932	5869
5	3390	3258	3372	5870
5	3053	3021	2911	5871
5	3159	2935	3076	5872
5	2936	2770	2661	5873
5	2940	2648	2818	5874
5	2964	2634	2829	5875
5	3077	2797	2937	5876
5	2937	2797	2708	5877
5	3017	2915	2810	5878
5	3181	3017	2907	5879
5	2939	2930	2776	5880
5	2939	2776	2805	5881
5	3160	2801	3065	5882
5	3058	2818	2904	5883
5	3181	2907	3078	5884
5	2959	2811	2941	5885
5	3135	3011	3010	5886
5	3030	3015	2913	5887
5	3064	2892	3044	5888
5	3260	3141	3149	5889
5	3115	2990	3114	5890
5	2944	2899	2783	5891
5	2945	2933	2784	5892
5	2945	2784	2768	5893
5	3083	2923	3046	5894
5	2947	2716	2774	5895
5	3196	3136	2946	5896
5	3096	2946	2715	5897
5	3172	3051	3101	5898
5	3323	3191	3167	5899
5	2949	2927	2794	5900
5	2949	2794	2828	5901
5	2950	2943	2798	5902
5	2950	2798	2788	5903
5	3374	3261	3315	5904
5	3057	2902	2925	5905
5	3011	2886	3010	5906
5	3010	2885	3009	5907
5	2953	2816	2683	5908
5	2953	2683	2808	5909
5	3093	2813	2962	5910
5	2954	2850	2709	5911
5	2955	2948	2814	5912
5	2955	2814	2831	5913
5	2956	2908	2817	5914
5	2956	2817	2699	5915
5	2973	2844	2972	5916
5	3055	2891	2951	5917
5	2961	2809	2847	5918
5	3102	2958	3090	5919
5	3078	2907	2906	5920
5	3089	2964	2829	5921
5	3087	2962	2848	5922
5	3070	2847	2903	5923
5	2961	2826	2809	5924
5	3286	3173	3263	5925
5	3244	3124	3123	5926
5	2962	2813	2696	5927
5	2963	2949	2828	5928
5	2963	2828	2795	5929
5	3281	3037	3142	5930
5	2964	2825	2634	5931
5	3039	2903	2802	5932
5	3166	2961	3070	5933
5	2966	2833	2965	5934
5	3039	2802	2966	5935
5	3096	2715	2967	5936
5	2967	2715	2578	5937
5	3022	2908	2956	5938
5	3098	2938	2838	5939
5	2969	2917	2839	5940
5	2969	2839	2846	5941
5	2971	2822	2845	5942
5	3090	2958	2957	5943
5	2972	2844	2843	5944
5	3016	2957	2971	5945
5	3091	2960	3086	5946
5	2980	2978	2853	5947
5	2974	2796	2827	5948
5	2974	2848	2796	5949
5	3062	3041	2978	5950
5	3095	3039	2966	5951
5	2976	2789	2849	5952
5	2975	2849	2841	5953
5	3044	2892	2948	5954
5	3103	3033	2976	5955
5	2977	2965	2832	5956
5	2977	2832	2787	5957
5	2980	2858	2979	5958
5	3086	2960	2961	5959
5	2980	2853	2858	5960
5	2979	2858	2857	5961
5	3100	2914	2922	5962
5	3248	3179	3128	5963
5	2985	2861	2983	5964
5	2987	2862	2985	5965
5	3005	2851	2982	5966
5	3007	2881	3005	5967
5	3168	3008	3047	5968
5	2991	2866	2990	5969
5	3129	3005	2982	5970
5	2984	2982	2860	5971
5	3106	2982	2984	5972
5	2997	2872	2996	5973
5	3110	2986	2927	5974
5	2986	2984	2852	5975
5	3018	2919	2899	5976
5	3082	2905	3015	5977
5	3229	3108	3110	5978
5	3331	3204	3259	5979
5	3067	2949	2963	5980
5	3251	3129	3249	5981
5	3109	2987	2985	5982
5	3111	2988	2987	5983
5	3118	2993	3117	5984
5	3113	2989	2988	5985
5	3119	2994	3118	5986
5	3126	3002	3001	5987
5	3114	2990	2989	5988
5	3120	2995	3119	5989
5	3115	2991	2990	5990
5	3128	3004	3003	5991
5	3116	2992	2991	5992
5	3128	3003	3127	5993
5	3117	2993	2992	5994
5	3121	2996	3120	5995
5	3118	2994	2993	5996
5	3128	3048	3004	5997
5	3000	2842	2876	5998
5	3000	2876	2999	5999
5	3241	3121	3120	6000
5	3428	3373	3297	6001
5	3122	2999	2998	6002
5	3062	2978	2980	6003
5	3119	2995	2994	6004
5	3246	3125	3245	6005
5	3121	2997	2996	6006
5	3245	3121	3241	6007
5	3263	3173	3179	6008
5	3120	2996	2995	6009
5	3321	3225	3276	6010
5	3161	3044	3084	6011
5	3132	3105	2981	6012
5	3444	3442	3324	6013
5	3008	2840	2883	6014
5	3175	3006	3130	6015
5	3264	3014	2897	6016
5	3007	2882	2881	6017
5	3109	2985	3107	6018
5	3105	2983	2981	6019
5	3177	3052	3163	6020
5	3254	3133	3253	6021
5	3253	3133	3050	6022
5	3163	3052	3041	6023
5	3054	2931	3034	6024
5	3054	3013	2931	6025
5	3012	2932	2888	6026
5	3012	2888	2890	6027
5	3013	3012	2890	6028
5	3013	2890	2889	6029
5	3130	3006	2882	6030
5	3032	2929	2834	6031
5	3185	3029	3054	6032
5	3180	3137	3026	6033
5	3104	3062	2980	6034
5	3050	2952	2891	6035
5	3036	2956	2812	6036
5	3059	2941	2837	6037
5	3112	2949	3067	6038
5	3112	2927	2949	6039
5	3108	2984	2986	6040
5	3067	2963	3019	6041
5	3247	3127	3126	6042
5	3125	3001	2997	6043
5	3021	2939	2911	6044
5	3075	2912	2901	6045
5	3098	2838	2968	6046
5	3097	2908	3022	6047
5	3036	2812	2917	6048
5	3036	3022	2956	6049
5	3096	2967	3024	6050
5	3024	2967	2918	6051
5	3025	2950	2900	6052
5	3043	2975	2893	6053
5	3200	3018	3170	6054
5	3350	3347	3231	6055
5	3265	3197	3017	6056
5	3266	3078	3182	6057
5	3094	2904	2825	6058
5	3089	2829	2959	6059
5	3034	2931	3011	6060
5	3134	3010	3009	6061
5	3074	2945	3061	6062
5	3074	2933	2945	6063
5	3271	3060	3156	6064
5	3031	2897	2785	6065
5	3376	3309	3162	6066
5	3072	2772	2929	6067
5	3033	3025	2900	6068
5	3033	2900	2976	6069
5	3054	3029	3013	6070
5	3436	3312	3435	6071
5	3186	3065	2940	6072
5	3060	2816	2953	6073
5	3220	3098	3219	6074
5	3040	2969	3023	6075
5	3142	3037	2803	6076
5	3046	2716	2947	6077
5	3051	2973	2972	6078
5	3194	3055	3085	6079
5	3188	2962	3087	6080
5	3045	2924	2850	6081
5	3040	3036	2917	6082
5	3040	2917	2969	6083
5	3092	2973	3051	6084
5	3104	2979	3038	6085
5	3095	2965	3042	6086
5	3042	2965	2977	6087
5	3103	2976	2975	6088
5	3202	3157	3068	6089
5	3084	2955	3049	6090
5	3084	2948	2955	6091
5	3319	3192	3268	6092
5	3482	3372	3417	6093
5	3035	2791	2909	6094
5	3035	2808	2791	6095
5	3130	2882	3007	6096
5	3116	2991	3115	6097
5	3048	3020	2898	6098
5	3048	2898	3004	6099
5	3084	3044	2948	6100
5	3049	2955	2943	6101
5	3133	3009	2952	6102
5	3134	3009	3133	6103
5	3148	3049	3080	6104
5	3124	2970	3000	6105
5	3085	2951	2926	6106
5	3055	3050	2891	6107
5	3075	2934	2912	6108
5	3205	3056	3152	6109
5	3270	3205	3152	6110
5	3255	3176	3135	6111
5	3071	2902	3057	6112
5	3071	2926	2902	6113
5	3395	3316	3289	6114
5	3075	2901	3056	6115
5	3253	3050	3140	6116
5	3085	2926	3071	6117
5	3060	3028	2816	6118
5	3035	2953	2808	6119
5	3219	3097	3218	6120
5	3094	2825	2964	6121
5	3066	2909	2910	6122
5	3376	3162	3183	6123
5	3079	2942	2933	6124
5	3079	3030	2942	6125
5	3101	2972	2970	6126
5	3203	3057	3177	6127
5	3220	3059	2938	6128
5	3218	3097	3022	6129
5	3069	2916	3064	6130
5	3104	2980	2979	6131
5	3159	3027	2935	6132
5	3160	2803	2637	6133
5	3303	3065	3186	6134
5	3199	2909	3066	6135
5	3170	3018	3081	6136
5	3207	3079	3074	6137
5	3214	3051	3172	6138
5	3444	3322	3396	6139
5	3069	3068	2921	6140
5	3069	2921	2916	6141
5	3087	2848	2974	6142
5	3102	2974	2958	6143
5	3410	3268	3273	6144
5	3085	3055	2951	6145
5	3196	2946	3096	6146
5	3275	3028	3060	6147
5	3073	3056	2932	6148
5	3073	2932	3012	6149
5	3316	3144	3289	6150
5	3501	3379	3498	6151
5	3180	3026	3021	6152
5	3556	3446	3436	6153
5	3275	3139	3028	6154
5	3165	3058	2904	6155
5	3206	3047	2928	6156
5	3077	2928	2797	6157
5	3088	2959	2941	6158
5	3195	2941	3059	6159
5	3345	3228	3288	6160
5	3180	3021	3158	6161
5	3080	3049	2943	6162
5	3080	2943	2950	6163
5	3081	3018	2899	6164
5	3081	2899	2944	6165
5	3082	3081	2944	6166
5	3082	2944	2905	6167
5	3083	3066	2910	6168
5	3083	2910	2923	6169
5	3580	3374	3471	6170
5	3364	3246	3363	6171
5	3045	3042	2977	6172
5	3045	2977	2924	6173
5	3091	2920	2960	6174
5	3213	3090	3016	6175
5	3209	3038	3100	6176
5	3093	2954	2813	6177
5	3182	3078	2906	6178
5	3210	3089	2959	6179
5	3210	2959	3088	6180
5	3382	3088	3195	6181
5	3320	3215	3147	6182
5	3344	3224	3213	6183
5	3279	3086	3166	6184
5	3212	3091	3086	6185
5	3311	3167	3161	6186
5	3099	2922	2920	6187
5	3095	2966	2965	6188
5	3211	3087	2974	6189
5	3155	2964	3089	6190
5	3299	3037	3281	6191
5	3282	3221	3212	6192
5	3209	3164	3038	6193
5	3264	3031	3136	6194
5	3151	3077	2937	6195
5	3198	3138	3023	6196
5	3187	3022	3036	6197
5	3198	3023	3063	6198
5	3219	3098	3097	6199
5	3322	3203	3261	6200
5	3100	3038	2914	6201
5	3221	3099	3091	6202
5	3261	3203	3177	6203
5	3123	2999	3122	6204
5	3123	3000	2999	6205
5	3448	3334	3332	6206
5	3146	2903	3039	6207
5	3189	3033	3103	6208
5	3276	3225	3150	6209
5	3202	3068	3069	6210
5	3324	3194	3190	6211
5	3107	2985	2983	6212
5	3114	2989	3113	6213
5	3129	2982	3106	6214
5	3131	3005	3129	6215
5	3111	2987	3109	6216
5	3113	2988	3111	6217
5	3227	3106	3108	6218
5	3108	3106	2984	6219
5	3201	3019	3200	6220
5	3125	2997	3121	6221
5	3238	3117	3237	6222
5	3110	3108	2986	6223
5	3368	3249	3366	6224
5	3317	3180	3158	6225
5	3231	3110	3112	6226
5	3112	3110	2927	6227
5	3201	3067	3019	6228
5	3200	3019	3018	6229
5	3169	3081	3082	6230
5	3406	3346	3347	6231
5	3230	3109	3228	6232
5	3232	3113	3111	6233
5	3237	3116	3236	6234
5	3126	3001	3125	6235
5	3234	3114	3113	6236
5	3239	3118	3238	6237
5	3235	3115	3114	6238
5	3241	3120	3240	6239
5	3236	3116	3115	6240
5	3237	3117	3116	6241
5	3248	3127	3247	6242
5	3238	3118	3117	6243
5	3545	3521	3428	6244
5	3239	3119	3118	6245
5	3244	3123	3243	6246
5	3124	3000	3123	6247
5	3396	3261	3374	6248
5	3124	3101	2970	6249
5	3208	3049	3148	6250
5	3167	3044	3161	6251
5	3246	3126	3125	6252
5	3240	3120	3119	6253
5	3245	3125	3121	6254
5	3399	3311	3262	6255
5	3248	3128	3127	6256
5	3428	3321	3387	6257
5	3150	3043	3020	6258
5	3443	3311	3399	6259
5	3249	3129	3106	6260
5	3283	3151	3014	6261
5	3132	2981	3008	6262
5	3264	2897	3031	6263
5	3661	3548	3506	6264
5	3131	3007	3005	6265
5	3252	3171	3105	6266
5	3295	3130	3250	6267
5	3535	3413	3494	6268
5	3255	3135	3134	6269
5	3416	3293	3378	6270
5	3324	3190	3322	6271
5	3177	3057	3052	6272
5	3194	3085	3190	6273
5	3509	3309	3376	6274
5	3206	2928	3077	6275
5	3137	3061	3026	6276
5	3289	3144	3207	6277
5	3187	3036	3040	6278
5	3187	3040	3138	6279
5	3139	3076	2936	6280
5	3139	2936	3028	6281
5	3194	3140	3055	6282
5	3190	3085	3071	6283
5	3141	3080	3025	6284
5	3262	3161	3208	6285
5	3303	3281	3142	6286
5	3155	3094	2964	6287
5	3143	3082	3015	6288
5	3440	3317	3307	6289
5	3178	3015	3030	6290
5	3144	3030	3079	6291
5	3217	3046	3162	6292
5	3398	3159	3277	6293
5	3226	3104	3164	6294
5	3146	3070	2903	6295
5	3146	3039	3095	6296
5	3147	3045	2954	6297
5	3323	3167	3311	6298
5	3392	3300	3381	6299
5	3149	3141	3025	6300
5	3149	3025	3033	6301
5	3189	3149	3033	6302
5	3225	3043	3150	6303
5	3301	3206	3077	6304
5	3250	3130	3007	6305
5	3556	3436	3551	6306
5	3176	3034	3135	6307
5	3153	3152	3073	6308
5	3153	3073	3029	6309
5	3226	3062	3104	6310
5	3164	3104	3038	6311
5	3302	3094	3155	6312
5	3303	3142	3065	6313
5	3304	3199	3066	6314
5	3305	3156	3199	6315
5	3157	3122	3068	6316
5	3381	3300	3260	6317
5	3874	3769	3765	6318
5	3352	3233	3201	6319
5	3165	2904	3094	6320
5	3393	3266	3182	6321
5	3160	3065	3142	6322
5	3160	3142	2803	6323
5	3167	3064	3044	6324
5	3191	3069	3064	6325
5	3764	3430	3536	6326
5	3217	3083	3046	6327
5	3310	3163	3154	6328
5	3285	3214	3172	6329
5	3215	3042	3147	6330
5	3147	3042	3045	6331
5	3274	3058	3165	6332
5	3333	3155	3089	6333
5	3278	3087	3211	6334
5	3211	2974	3102	6335
5	3362	3245	3241	6336
5	3300	3141	3260	6337
5	3171	3107	3105	6338
5	3168	3132	3008	6339
5	3312	3143	3298	6340
5	3233	3112	3067	6341
5	3397	3259	3296	6342
5	3328	3200	3170	6343
5	3232	3111	3230	6344
5	3230	3111	3109	6345
5	3223	3213	3016	6346
5	3222	3100	3099	6347
5	3173	3150	3020	6348
5	3173	3020	3048	6349
5	3326	3136	3196	6350
5	3183	2947	2894	6351
5	3314	3174	3032	6352
5	3175	3032	3006	6353
5	3185	3153	3029	6354
5	3192	3034	3176	6355
5	3291	3226	3164	6356
5	3520	3396	3484	6357
5	3446	3313	3436	6358
5	3485	3380	3440	6359
5	3179	3173	3048	6360
5	3179	3048	3128	6361
5	3270	3258	3205	6362
5	3370	3253	3294	6363
5	3195	3088	2941	6364
5	3197	2915	3017	6365
5	3418	3275	3060	6366
5	3308	3027	3159	6367
5	3301	3077	3151	6368
5	3283	3014	3264	6369
5	3184	3183	2894	6370
5	3184	2894	3072	6371
5	3440	3307	3390	6372
5	3269	3152	3153	6373
5	3418	3060	3271	6374
5	3337	3145	3217	6375
5	3218	3022	3187	6376
5	3220	2938	3098	6377
5	3320	3093	3188	6378
5	3188	3093	2962	6379
5	3381	3260	3373	6380
5	3311	3161	3262	6381
5	3310	3154	3256	6382
5	3294	3140	3287	6383
5	3474	3364	3363	6384
5	3202	3069	3191	6385
5	3192	3185	3054	6386
5	3192	3054	3034	6387
5	3193	3158	3053	6388
5	3193	3053	3075	6389
5	3315	3177	3163	6390
5	3287	3140	3194	6391
5	3651	3393	3534	6392
5	3400	3078	3266	6393
5	3337	3217	3309	6394
5	3309	3217	3162	6395
5	3198	3063	3197	6396
5	3197	3063	2915	6397
5	3318	3210	3088	6398
5	3265	3017	3181	6399
5	3199	3156	3035	6400
5	3199	3035	2909	6401
5	3313	3170	3169	6402
5	3240	3119	3239	6403
5	3234	3113	3232	6404
5	3228	3109	3107	6405
5	3401	3257	3360	6406
5	3360	3242	3244	6407
5	3203	3190	3071	6408
5	3203	3071	3057	6409
5	3207	3144	3079	6410
5	3204	3074	3061	6411
5	3205	3193	3075	6412
5	3205	3075	3056	6413
5	3250	3007	3131	6414
5	3402	3330	3206	6415
5	3298	3143	3178	6416
5	3317	3158	3307	6417
5	3208	3161	3084	6418
5	3208	3084	3049	6419
5	3486	3411	3447	6420
5	3278	3188	3087	6421
5	3302	3165	3094	6422
5	3487	3266	3393	6423
5	3224	3102	3090	6424
5	3331	3289	3207	6425
5	3221	3091	3212	6426
5	3223	3092	3214	6427
5	3224	3090	3213	6428
5	3335	3102	3224	6429
5	3371	3254	3370	6430
5	3214	3092	3051	6431
5	3215	3146	3095	6432
5	3215	3095	3042	6433
5	3216	3196	3096	6434
5	3216	3096	3024	6435
5	3299	3024	3037	6436
5	3217	3145	3083	6437
5	3340	3059	3220	6438
5	3338	3198	3327	6439
5	3327	3198	3197	6440
5	3338	3138	3198	6441
5	3218	3187	3138	6442
5	3339	3220	3219	6443
5	3222	3099	3221	6444
5	3222	3209	3100	6445
5	3223	3016	3092	6446
5	3280	3243	3157	6447
5	3291	3256	3226	6448
5	3405	3282	3212	6449
5	3342	3221	3282	6450
5	3361	3243	3280	6451
5	3225	3189	3103	6452
5	3225	3103	3043	6453
5	3284	3164	3209	6454
5	3226	3154	3062	6455
5	3228	3107	3171	6456
5	3249	3106	3227	6457
5	3247	3126	3246	6458
5	3351	3232	3348	6459
5	3488	3389	3367	6460
5	3229	3227	3108	6461
5	3236	3115	3235	6462
5	3235	3114	3234	6463
5	3313	3169	3312	6464
5	3231	3229	3110	6465
5	3349	3200	3328	6466
5	3349	3201	3200	6467
5	3353	3234	3351	6468
5	3233	3231	3112	6469
5	3346	3227	3229	6470
5	3478	3366	3476	6471
5	3328	3170	3313	6472
5	3312	3169	3143	6473
5	3348	3232	3230	6474
5	3359	3241	3240	6475
5	3351	3234	3232	6476
5	3357	3238	3356	6477
5	3353	3235	3234	6478
5	3362	3241	3359	6479
5	3354	3236	3235	6480
5	3355	3237	3236	6481
5	3365	3247	3364	6482
5	3356	3238	3237	6483
5	3363	3245	3362	6484
5	3357	3239	3238	6485
5	3242	3172	3101	6486
5	3242	3101	3124	6487
5	3336	3223	3214	6488
5	3243	3123	3122	6489
5	3343	3223	3336	6490
5	3428	3297	3321	6491
5	3358	3240	3239	6492
5	3359	3240	3358	6493
5	3365	3290	3248	6494
5	3363	3246	3245	6495
5	3762	3632	3716	6496
5	3529	3420	3489	6497
5	3491	3385	3407	6498
5	3530	3381	3526	6499
5	3492	3479	3369	6500
5	3292	3252	3132	6501
5	3252	3105	3132	6502
5	3295	3175	3130	6503
5	3593	3388	3496	6504
5	3251	3131	3129	6505
5	3288	3228	3171	6506
5	3369	3288	3171	6507
5	3254	3134	3133	6508
5	3255	3134	3254	6509
5	3371	3255	3254	6510
5	3378	3319	3377	6511
5	3322	3190	3203	6512
5	3416	3269	3293	6513
5	3526	3373	3521	6514
5	3447	3323	3443	6515
5	3403	3279	3166	6516
5	3335	3211	3102	6517
5	3417	3270	3269	6518
5	3270	3152	3269	6519
5	3259	3204	3137	6520
5	3551	3436	3435	6521
5	3297	3260	3149	6522
5	3297	3149	3189	6523
5	3360	3257	3242	6524
5	3495	3386	3481	6525
5	3420	3286	3385	6526
5	3584	3474	3583	6527
5	3364	3247	3246	6528
5	3365	3248	3247	6529
5	3314	3032	3175	6530
5	3511	3409	3330	6531
5	3327	3197	3265	6532
5	3338	3219	3218	6533
5	3419	3139	3275	6534
5	3415	3318	3382	6535
5	3267	3184	3072	6536
5	3267	3072	3174	6537
5	3268	3192	3176	6538
5	3371	3273	3255	6539
5	3800	3705	3768	6540
5	3417	3269	3416	6541
5	3650	3501	3629	6542
5	3553	3440	3390	6543
5	3499	3391	3303	6544
5	3277	3076	3139	6545
5	3272	3262	3208	6546
5	3272	3208	3148	6547
5	3273	3268	3176	6548
5	3273	3176	3255	6549
5	3375	3136	3326	6550
5	3274	3186	3058	6551
5	3419	3275	3418	6552
5	3277	3159	3076	6553
5	3521	3373	3428	6554
5	3387	3321	3276	6555
5	3595	3505	3549	6556
5	3308	3182	3027	6557
5	3343	3213	3223	6558
5	3279	3212	3086	6559
5	3332	3146	3215	6560
5	3334	3070	3146	6561
5	3652	3539	3579	6562
5	3413	3272	3392	6563
5	3547	3274	3430	6564
5	3299	3216	3024	6565
5	3558	3448	3383	6566
5	3341	3209	3222	6567
5	3444	3324	3322	6568
5	3367	3250	3131	6569
5	3285	3172	3257	6570
5	3291	3164	3284	6571
5	3336	3214	3285	6572
5	3344	3213	3343	6573
5	3286	3276	3150	6574
5	3286	3150	3173	6575
5	3294	3253	3140	6576
5	3370	3254	3253	6577
5	3345	3230	3228	6578
5	3355	3236	3354	6579
5	3553	3390	3497	6580
5	3446	3328	3313	6581
5	3290	3263	3179	6582
5	3290	3179	3248	6583
5	3425	3257	3401	6584
5	3502	3425	3401	6585
5	3366	3249	3227	6586
5	3503	3292	3409	6587
5	3293	3269	3153	6588
5	3293	3153	3185	6589
5	3456	3344	3343	6590
5	3412	3256	3291	6591
5	3375	3264	3136	6592
5	3519	3437	3314	6593
5	3296	3259	3137	6594
5	3296	3137	3180	6595
5	3438	3256	3412	6596
5	3589	3481	3480	6597
5	3669	3497	3596	6598
5	3397	3296	3380	6599
5	3304	3066	3145	6600
5	3325	3196	3216	6601
5	3300	3272	3148	6602
5	3300	3148	3141	6603
5	3330	3047	3206	6604
5	3330	3168	3047	6605
5	3431	3304	3394	6606
5	3536	3302	3404	6607
5	3735	3656	3542	6608
5	3487	3415	3266	6609
5	3305	3271	3156	6610
5	3305	3199	3304	6611
5	3500	3281	3391	6612
5	3431	3305	3304	6613
5	3306	3280	3157	6614
5	3306	3157	3202	6615
5	3317	3296	3180	6616
5	3307	3158	3193	6617
5	3441	3210	3318	6618
5	3382	3195	3340	6619
5	3483	3325	3433	6620
5	3506	3431	3394	6621
5	3315	3261	3177	6622
5	3315	3163	3310	6623
5	3329	3202	3191	6624
5	3329	3191	3323	6625
5	3628	3533	3594	6626
5	3423	3331	3379	6627
5	3435	3298	3429	6628
5	3429	3316	3395	6629
5	3414	3184	3267	6630
5	3437	3174	3314	6631
5	3481	3370	3480	6632
5	3538	3386	3495	6633
5	3316	3298	3178	6634
5	3316	3178	3144	6635
5	3497	3372	3482	6636
5	3378	3293	3319	6637
5	3441	3333	3210	6638
5	3333	3089	3210	6639
5	3319	3293	3185	6640
5	3319	3185	3192	6641
5	3320	3147	3093	6642
5	3331	3207	3204	6643
5	3321	3297	3189	6644
5	3321	3189	3225	6645
5	3324	3287	3194	6646
5	3447	3411	3329	6647
5	3507	3454	3450	6648
5	3329	3306	3202	6649
5	3396	3322	3261	6650
5	3527	3447	3443	6651
5	3326	3196	3325	6652
5	3388	3301	3151	6653
5	3801	3711	3601	6654
5	3388	3151	3283	6655
5	3340	3195	3059	6656
5	3338	3218	3138	6657
5	3435	3312	3298	6658
5	3358	3239	3357	6659
5	3392	3272	3300	6660
5	3599	3563	3507	6661
5	3737	3633	3493	6662
5	3367	3131	3251	6663
5	3515	3279	3403	6664
5	3332	3215	3320	6665
5	3334	3146	3332	6666
5	3334	3166	3070	6667
5	3404	3155	3333	6668
5	3393	3182	3308	6669
5	3403	3166	3334	6670
5	3448	3403	3334	6671
5	3448	3332	3383	6672
5	3449	3211	3335	6673
5	3471	3315	3310	6674
5	3616	3405	3515	6675
5	3524	3506	3394	6676
5	3391	3281	3303	6677
5	3340	3220	3339	6678
5	3339	3219	3338	6679
5	3452	3327	3265	6680
5	3400	3265	3181	6681
5	3400	3181	3078	6682
5	3382	3318	3088	6683
5	3453	3424	3284	6684
5	3341	3284	3209	6685
5	3342	3341	3222	6686
5	3342	3222	3221	6687
5	3450	3336	3285	6688
5	3425	3285	3257	6689
5	3454	3343	3336	6690
5	3597	3513	3560	6691
5	3348	3230	3345	6692
5	3356	3237	3355	6693
5	3476	3366	3346	6694
5	3366	3227	3346	6695
5	3347	3346	3229	6696
5	3347	3229	3231	6697
5	3736	3592	3626	6698
5	3354	3235	3353	6699
5	3352	3201	3349	6700
5	3350	3231	3233	6701
5	3474	3363	3473	6702
5	3461	3458	3350	6703
5	3458	3347	3350	6704
5	3459	3351	3348	6705
5	3458	3406	3347	6706
5	3352	3350	3233	6707
5	3565	3384	3457	6708
5	3460	3352	3349	6709
5	3463	3328	3446	6710
5	3429	3298	3316	6711
5	3436	3313	3312	6712
5	3462	3351	3459	6713
5	3462	3353	3351	6714
5	3464	3354	3353	6715
5	3582	3473	3472	6716
5	3465	3355	3354	6717
5	3473	3362	3472	6718
5	3466	3356	3355	6719
5	3475	3364	3474	6720
5	3467	3357	3356	6721
5	3411	3306	3329	6722
5	3510	3401	3470	6723
5	3361	3360	3244	6724
5	3361	3244	3243	6725
5	3472	3359	3469	6726
5	3468	3358	3357	6727
5	3469	3359	3358	6728
5	3475	3408	3365	6729
5	3473	3363	3362	6730
5	3983	3911	3982	6731
5	3699	3606	3641	6732
5	3472	3362	3359	6733
5	3479	3457	3288	6734
5	3426	3252	3292	6735
5	3369	3171	3252	6736
5	3711	3492	3601	6737
5	3704	3488	3608	6738
5	3368	3251	3249	6739
5	3476	3346	3406	6740
5	3384	3348	3345	6741
5	3481	3386	3371	6742
5	3480	3370	3294	6743
5	3696	3544	3657	6744
5	3410	3273	3386	6745
5	3417	3372	3270	6746
5	3481	3371	3370	6747
5	3491	3407	3490	6748
5	3602	3490	3517	6749
5	3438	3310	3256	6750
5	3741	3522	3616	6751
5	3552	3414	3267	6752
5	3434	3337	3309	6753
5	3524	3394	3337	6754
5	3493	3376	3414	6755
5	3377	3319	3268	6756
5	3386	3273	3371	6757
5	3518	3442	3444	6758
5	3544	3442	3518	6759
5	3379	3331	3259	6760
5	3629	3498	3628	6761
5	3397	3379	3259	6762
5	3380	3296	3317	6763
5	3951	3855	3927	6764
5	3603	3521	3545	6765
5	3452	3339	3338	6766
5	3452	3265	3400	6767
5	3902	3706	3813	6768
5	3383	3188	3278	6769
5	3466	3355	3465	6770
5	3468	3357	3467	6771
5	3385	3286	3263	6772
5	3475	3365	3364	6773
5	3410	3377	3268	6774
5	3703	3594	3610	6775
5	3494	3413	3392	6776
5	3742	3659	3707	6777
5	3402	3301	3388	6778
5	3402	3206	3301	6779
5	3389	3295	3250	6780
5	3389	3250	3367	6781
5	3440	3380	3317	6782
5	3390	3307	3258	6783
5	3433	3216	3299	6784
5	3433	3325	3216	6785
5	3648	3530	3526	6786
5	3526	3381	3373	6787
5	3404	3302	3155	6788
5	3531	3404	3333	6789
5	3394	3304	3145	6790
5	3394	3145	3337	6791
5	3550	3429	3546	6792
5	3533	3380	3485	6793
5	3427	3294	3287	6794
5	3480	3294	3427	6795
5	3498	3379	3397	6796
5	3546	3395	3532	6797
5	3534	3393	3308	6798
5	3398	3308	3159	6799
5	3743	3728	3604	6800
5	3627	3490	3602	6801
5	3452	3340	3339	6802
5	3452	3338	3327	6803
5	3421	3306	3411	6804
5	3607	3518	3520	6805
5	3409	3292	3168	6806
5	3409	3168	3330	6807
5	3451	3342	3282	6808
5	3405	3212	3279	6809
5	3432	3305	3431	6810
5	3764	3547	3430	6811
5	3422	3335	3224	6812
5	3422	3224	3344	6813
5	3569	3459	3516	6814
5	3457	3345	3288	6815
5	3407	3385	3263	6816
5	3407	3263	3290	6817
5	3408	3407	3290	6818
5	3408	3290	3365	6819
5	3704	3600	3488	6820
5	3426	3369	3252	6821
5	4003	3938	3984	6822
5	3609	3528	3538	6823
5	3439	3361	3280	6824
5	3504	3439	3421	6825
5	3421	3280	3306	6826
5	3470	3360	3361	6827
5	3413	3399	3262	6828
5	3413	3262	3272	6829
5	3414	3376	3183	6830
5	3414	3183	3184	6831
5	3415	3382	3400	6832
5	3415	3400	3266	6833
5	3540	3416	3378	6834
5	3610	3594	3485	6835
5	3667	3551	3550	6836
5	3692	3623	3584	6837
5	3542	3277	3419	6838
5	3419	3277	3139	6839
5	3430	3165	3302	6840
5	3505	3419	3418	6841
5	3420	3387	3276	6842
5	3420	3276	3286	6843
5	3705	3605	3655	6844
5	3688	3543	3604	6845
5	3455	3341	3342	6846
5	3512	3403	3448	6847
5	3423	3395	3289	6848
5	3423	3289	3331	6849
5	3424	3412	3291	6850
5	3424	3291	3284	6851
5	3450	3285	3425	6852
5	3522	3451	3282	6853
5	3477	3367	3251	6854
5	3477	3251	3368	6855
5	3543	3411	3486	6856
5	3804	3721	3790	6857
5	3936	3817	3812	6858
5	3794	3692	3691	6859
5	3532	3423	3501	6860
5	3463	3349	3328	6861
5	3499	3303	3186	6862
5	3430	3274	3165	6863
5	3432	3271	3305	6864
5	3432	3418	3271	6865
5	3500	3299	3281	6866
5	3547	3499	3186	6867
5	3524	3337	3434	6868
5	3555	3375	3326	6869
5	3600	3523	3389	6870
5	3375	3283	3264	6871
5	3754	3628	3753	6872
5	3501	3423	3379	6873
5	3551	3435	3550	6874
5	3532	3395	3423	6875
5	3631	3402	3593	6876
5	3437	3267	3174	6877
5	3439	3280	3421	6878
5	3471	3310	3438	6879
5	3470	3361	3439	6880
5	3470	3401	3360	6881
5	3541	3417	3416	6882
5	3645	3528	3609	6883
5	3554	3318	3415	6884
5	3591	3531	3441	6885
5	3442	3427	3287	6886
5	3442	3287	3324	6887
5	3447	3329	3323	6888
5	3443	3323	3311	6889
5	3519	3314	3175	6890
5	3511	3330	3402	6891
5	3708	3615	3555	6892
5	3445	3326	3325	6893
5	3572	3446	3556	6894
5	3469	3358	3468	6895
5	3383	3332	3320	6896
5	3383	3320	3188	6897
5	3449	3278	3211	6898
5	3598	3561	3456	6899
5	3558	3278	3449	6900
5	3558	3383	3278	6901
5	3559	3450	3425	6902
5	3515	3403	3512	6903
5	3455	3342	3451	6904
5	3453	3284	3341	6905
5	3452	3400	3382	6906
5	3452	3382	3340	6907
5	3454	3336	3450	6908
5	3559	3425	3502	6909
5	3456	3343	3454	6910
5	3741	3616	3701	6911
5	3709	3561	3598	6912
5	3455	3453	3341	6913
5	3736	3707	3592	6914
5	3580	3471	3539	6915
5	3573	3464	3571	6916
5	3457	3384	3345	6917
5	3459	3348	3384	6918
5	3516	3459	3384	6919
5	3464	3353	3462	6920
5	3465	3354	3464	6921
5	3461	3352	3460	6922
5	3461	3350	3352	6923
5	3805	3755	3635	6924
5	3537	3476	3406	6925
5	3618	3537	3566	6926
5	3583	3473	3582	6927
5	3666	3516	3619	6928
5	3463	3460	3349	6929
5	3569	3462	3459	6930
5	3567	3461	3460	6931
5	3806	3608	3745	6932
5	3546	3429	3395	6933
5	3550	3435	3429	6934
5	3904	3711	3801	6935
5	3571	3464	3462	6936
5	3573	3465	3464	6937
5	3584	3517	3475	6938
5	3574	3466	3465	6939
5	3692	3583	3691	6940
5	3575	3467	3466	6941
5	3604	3543	3486	6942
5	3530	3392	3381	6943
5	3589	3480	3588	6944
5	3471	3374	3315	6945
5	3690	3582	3581	6946
5	3576	3468	3467	6947
5	3582	3472	3581	6948
5	3577	3469	3468	6949
5	3583	3474	3473	6950
5	3626	3489	3491	6951
5	3581	3472	3469	6952
5	3584	3475	3474	6953
5	3585	3368	3478	6954
5	3488	3367	3477	6955
5	3479	3288	3369	6956
5	3503	3426	3292	6957
5	3600	3389	3488	6958
5	3478	3368	3366	6959
5	3492	3369	3426	6960
5	3570	3460	3463	6961
5	3513	3412	3424	6962
5	3541	3416	3540	6963
5	3525	3378	3377	6964
5	3654	3540	3525	6965
5	3541	3482	3417	6966
5	3540	3378	3525	6967
5	3624	3445	3483	6968
5	3483	3445	3325	6969
5	3484	3396	3374	6970
5	3580	3484	3374	6971
5	3753	3594	3703	6972
5	3768	3655	3654	6973
5	3766	3687	3652	6974
5	3527	3486	3447	6975
5	3542	3398	3277	6976
5	3554	3441	3318	6977
5	3519	3175	3295	6978
5	3555	3326	3445	6979
5	3489	3420	3385	6980
5	3788	3686	3653	6981
5	3491	3489	3385	6982
5	3490	3407	3408	6983
5	3626	3592	3489	6984
5	3934	3836	3897	6985
5	3608	3477	3585	6986
5	3586	3476	3537	6987
5	3509	3434	3309	6988
5	3509	3376	3493	6989
5	3508	3443	3399	6990
5	3527	3443	3508	6991
5	3589	3495	3481	6992
5	3588	3427	3544	6993
5	3496	3388	3283	6994
5	3496	3283	3375	6995
5	3553	3485	3440	6996
5	3497	3390	3372	6997
5	3747	3610	3669	6998
5	3660	3532	3650	6999
5	3548	3432	3431	7000
5	3549	3432	3548	7001
5	3514	3299	3500	7002
5	3514	3433	3299	7003
5	3610	3485	3553	7004
5	3747	3703	3610	7005
5	3578	3439	3504	7006
5	3612	3507	3559	7007
5	4010	3835	3944	7008
5	3585	3477	3368	7009
5	3578	3470	3439	7010
5	3510	3502	3401	7011
5	3531	3333	3441	7012
5	3534	3308	3398	7013
5	3549	3505	3418	7014
5	3548	3431	3506	7015
5	3563	3456	3454	7016
5	3579	3412	3513	7017
5	3648	3526	3646	7018
5	3898	3808	3868	7019
5	3633	3509	3493	7020
5	3643	3524	3434	7021
5	3539	3471	3438	7022
5	3564	3455	3451	7023
5	3608	3488	3477	7024
5	3805	3635	3733	7025
5	3616	3522	3405	7026
5	3515	3405	3279	7027
5	3716	3606	3699	7028
5	3653	3578	3504	7029
5	3644	3506	3524	7030
5	3590	3483	3433	7031
5	3563	3454	3507	7032
5	3522	3282	3405	7033
5	3574	3465	3573	7034
5	3572	3463	3446	7035
5	3517	3490	3408	7036
5	3517	3408	3475	7037
5	3544	3427	3442	7038
5	3588	3480	3427	7039
5	3640	3437	3519	7040
5	3552	3267	3437	7041
5	3520	3518	3444	7042
5	3520	3444	3396	7043
5	3530	3494	3392	7044
5	3808	3715	3762	7045
5	3557	3335	3422	7046
5	3642	3422	3561	7047
5	3523	3519	3295	7048
5	3523	3295	3389	7049
5	3644	3524	3643	7050
5	3590	3433	3514	7051
5	3799	3696	3717	7052
5	3654	3525	3645	7053
5	4029	3898	4020	7054
5	3817	3752	3718	7055
5	3657	3518	3607	7056
5	3767	3645	3761	7057
5	3528	3525	3377	7058
5	3528	3377	3410	7059
5	3545	3428	3387	7060
5	3529	3387	3420	7061
5	3659	3529	3592	7062
5	3606	3535	3494	7063
5	3649	3404	3531	7064
5	3536	3430	3302	7065
5	3655	3541	3540	7066
5	3628	3498	3533	7067
5	3533	3498	3397	7068
5	3533	3397	3380	7069
5	3554	3415	3487	7070
5	3670	3554	3487	7071
5	3535	3508	3399	7072
5	3535	3399	3413	7073
5	3649	3536	3404	7074
5	3547	3186	3274	7075
5	3621	3479	3492	7076
5	3587	3565	3457	7077
5	3538	3528	3410	7078
5	3538	3410	3386	7079
5	3696	3588	3544	7080
5	3638	3513	3597	7081
5	3719	3605	3705	7082
5	3645	3525	3528	7083
5	3869	3754	3864	7084
5	3655	3605	3541	7085
5	3651	3487	3393	7086
5	3656	3398	3542	7087
5	3543	3504	3421	7088
5	3543	3421	3411	7089
5	4118	4026	4045	7090
5	3854	3743	3847	7091
5	3646	3521	3603	7092
5	3715	3625	3647	7093
5	3665	3550	3546	7094
5	3629	3501	3498	7095
5	3723	3651	3656	7096
5	3549	3418	3432	7097
5	3671	3445	3624	7098
5	3724	3639	3662	7099
5	3749	3624	3483	7100
5	3842	3771	3664	7101
5	3667	3550	3665	7102
5	3694	3537	3618	7103
5	3665	3546	3660	7104
5	3650	3532	3501	7105
5	3613	3493	3414	7106
5	3593	3402	3388	7107
5	3655	3540	3654	7108
5	3769	3660	3650	7109
5	3649	3531	3591	7110
5	3591	3441	3554	7111
5	3634	3434	3509	7112
5	3708	3555	3671	7113
5	3780	3727	3622	7114
5	3905	3731	3826	7115
5	3672	3449	3557	7116
5	3557	3449	3335	7117
5	3672	3558	3449	7118
5	3558	3512	3448	7119
5	3673	3597	3560	7120
5	3559	3507	3450	7121
5	3560	3513	3424	7122
5	3560	3424	3453	7123
5	3561	3422	3344	7124
5	3561	3344	3456	7125
5	3562	3560	3453	7126
5	3562	3453	3455	7127
5	3598	3456	3563	7128
5	3675	3562	3564	7129
5	3702	3653	3688	7130
5	3564	3562	3455	7131
5	3568	3461	3567	7132
5	3565	3516	3384	7133
5	3566	3537	3406	7134
5	3566	3406	3458	7135
5	3568	3458	3461	7136
5	3568	3566	3458	7137
5	3581	3469	3577	7138
5	4076	3991	3925	7139
5	3571	3462	3569	7140
5	3577	3468	3576	7141
5	3679	3571	3622	7142
5	3570	3567	3460	7143
5	3576	3467	3575	7144
5	3575	3466	3574	7145
5	3677	3620	3567	7146
5	3572	3570	3463	7147
5	3620	3568	3567	7148
5	3676	3568	3620	7149
5	3826	3731	3692	7150
5	3676	3618	3566	7151
5	3681	3573	3679	7152
5	3689	3577	3685	7153
5	3679	3573	3571	7154
5	3681	3574	3573	7155
5	3691	3582	3690	7156
5	3683	3575	3574	7157
5	3612	3599	3507	7158
5	3578	3510	3470	7159
5	3579	3539	3438	7160
5	3579	3438	3412	7161
5	4110	4019	4075	7162
5	3730	3609	3614	7163
5	3812	3718	3732	7164
5	3684	3576	3575	7165
5	3690	3581	3689	7166
5	3685	3577	3576	7167
5	3846	3732	3731	7168
5	3691	3583	3582	7169
5	4063	3981	3987	7170
5	3732	3623	3731	7171
5	3587	3457	3479	7172
5	3750	3668	3523	7173
5	3711	3621	3492	7174
5	3586	3478	3476	7175
5	3700	3587	3621	7176
5	3695	3619	3565	7177
5	4034	3924	4003	7178
5	3658	3614	3495	7179
5	3625	3604	3486	7180
5	3732	3602	3623	7181
5	3726	3595	3663	7182
5	3671	3555	3445	7183
5	3735	3542	3419	7184
5	3735	3419	3505	7185
5	3592	3529	3489	7186
5	3936	3812	3935	7187
5	3850	3633	3737	7188
5	3901	3805	3733	7189
5	3594	3533	3485	7190
5	3765	3629	3754	7191
5	3663	3548	3661	7192
5	3661	3506	3644	7193
5	3596	3497	3482	7194
5	3820	3719	3705	7195
5	3790	3687	3766	7196
5	3638	3579	3513	7197
5	3740	3675	3564	7198
5	3675	3673	3562	7199
5	4064	3999	4030	7200
5	3740	3564	3674	7201
5	3750	3523	3600	7202
5	3613	3414	3552	7203
5	3601	3492	3426	7204
5	3601	3426	3503	7205
5	3689	3581	3577	7206
5	3692	3584	3583	7207
5	3836	3742	3802	7208
5	3710	3646	3603	7209
5	3763	3646	3710	7210
5	3817	3718	3812	7211
5	3605	3596	3482	7212
5	3605	3482	3541	7213
5	3625	3486	3527	7214
5	3632	3535	3606	7215
5	3687	3539	3652	7216
5	3762	3647	3632	7217
5	3745	3585	3693	7218
5	3621	3587	3479	7219
5	3790	3721	3617	7220
5	3657	3544	3518	7221
5	3875	3769	3874	7222
5	3747	3669	3713	7223
5	3611	3607	3520	7224
5	3611	3520	3484	7225
5	3788	3653	3702	7226
5	3673	3560	3562	7227
5	3615	3375	3555	7228
5	3749	3483	3590	7229
5	3614	3609	3538	7230
5	3614	3538	3495	7231
5	3816	3671	3751	7232
5	3615	3496	3375	7233
5	3672	3512	3558	7234
5	3741	3674	3522	7235
5	3617	3611	3484	7236
5	3617	3484	3580	7237
5	3622	3571	3569	7238
5	3619	3516	3565	7239
5	3660	3546	3532	7240
5	3676	3566	3568	7241
5	3682	3551	3667	7242
5	3680	3572	3556	7243
5	3693	3585	3478	7244
5	3693	3478	3586	7245
5	3683	3574	3681	7246
5	3677	3567	3570	7247
5	3623	3602	3517	7248
5	3623	3517	3584	7249
5	3815	3600	3704	7250
5	3816	3708	3671	7251
5	3647	3508	3632	7252
5	3647	3527	3508	7253
5	3752	3627	3718	7254
5	3931	3802	3834	7255
5	3627	3626	3491	7256
5	3627	3491	3490	7257
5	3785	3682	3667	7258
5	4065	3833	3912	7259
5	3713	3669	3596	7260
5	3753	3628	3594	7261
5	3630	3612	3559	7262
5	3630	3559	3502	7263
5	3904	3837	3711	7264
5	3631	3511	3402	7265
5	3647	3625	3527	7266
5	3632	3508	3535	7267
5	3634	3509	3633	7268
5	3663	3549	3548	7269
5	3848	3822	3774	7270
5	3643	3434	3634	7271
5	3635	3503	3409	7272
5	3635	3409	3511	7273
5	3636	3616	3515	7274
5	3636	3515	3512	7275
5	3637	3630	3502	7276
5	3637	3502	3510	7277
5	3652	3579	3638	7278
5	3687	3580	3539	7279
5	3639	3590	3514	7280
5	3639	3514	3500	7281
5	3757	3640	3668	7282
5	3640	3552	3437	7283
5	3641	3606	3494	7284
5	3641	3494	3530	7285
5	3642	3636	3557	7286
5	3642	3557	3422	7287
5	3758	3643	3634	7288
5	3770	3724	3725	7289
5	3821	3749	3759	7290
5	3835	3593	3814	7291
5	3838	3719	3820	7292
5	3768	3654	3767	7293
5	3648	3641	3530	7294
5	3646	3526	3521	7295
5	3819	3746	3798	7296
5	3734	3720	3607	7297
5	3722	3699	3641	7298
5	3761	3609	3730	7299
5	3841	3664	3499	7300
5	3774	3649	3591	7301
5	3773	3665	3772	7302
5	3772	3660	3769	7303
5	3670	3487	3651	7304
5	3670	3591	3554	7305
5	3686	3510	3578	7306
5	3738	3630	3637	7307
5	3686	3578	3653	7308
5	3686	3637	3510	7309
5	3761	3645	3609	7310
5	4065	3903	3833	7311
5	3829	3730	3746	7312
5	3820	3705	3800	7313
5	3656	3651	3534	7314
5	3656	3534	3398	7315
5	3658	3495	3589	7316
5	3734	3611	3721	7317
5	3697	3588	3696	7318
5	3697	3589	3588	7319
5	3659	3603	3545	7320
5	3659	3545	3529	7321
5	3863	3753	3703	7322
5	3754	3629	3628	7323
5	3759	3639	3724	7324
5	3968	3883	3917	7325
5	3662	3639	3500	7326
5	3662	3500	3391	7327
5	3723	3670	3651	7328
5	3663	3595	3549	7329
5	3664	3662	3391	7330
5	3664	3391	3499	7331
5	4150	4066	4134	7332
5	3682	3556	3551	7333
5	3666	3622	3569	7334
5	3666	3569	3516	7335
5	3765	3650	3629	7336
5	3772	3665	3660	7337
5	3668	3640	3519	7338
5	3668	3519	3523	7339
5	3669	3610	3553	7340
5	3669	3553	3497	7341
5	3906	3841	3764	7342
5	3774	3591	3670	7343
5	3835	3733	3631	7344
5	3737	3493	3613	7345
5	3672	3557	3636	7346
5	3672	3636	3512	7347
5	3776	3597	3673	7348
5	3775	3599	3612	7349
5	3674	3564	3451	7350
5	3674	3451	3522	7351
5	3813	3675	3740	7352
5	3852	3741	3701	7353
5	3729	3618	3676	7354
5	3778	3666	3619	7355
5	3783	3680	3682	7356
5	3779	3712	3677	7357
5	3678	3677	3570	7358
5	3678	3570	3572	7359
5	3685	3576	3684	7360
5	3684	3575	3683	7361
5	3779	3677	3678	7362
5	3680	3678	3572	7363
5	3712	3620	3677	7364
5	3773	3667	3665	7365
5	3785	3667	3773	7366
5	3682	3680	3556	7367
5	3782	3679	3727	7368
5	3794	3691	3793	7369
5	3826	3692	3794	7370
5	3769	3650	3765	7371
5	3926	3831	3907	7372
5	3784	3683	3681	7373
5	3706	3673	3675	7374
5	3714	3637	3686	7375
5	3748	3630	3738	7376
5	3687	3617	3580	7377
5	3688	3653	3504	7378
5	3688	3504	3543	7379
5	3792	3689	3791	7380
5	3786	3684	3683	7381
5	3793	3691	3690	7382
5	3787	3685	3684	7383
5	3846	3812	3732	7384
5	3793	3690	3792	7385
5	3791	3689	3685	7386
5	3792	3690	3689	7387
5	3695	3565	3587	7388
5	3992	3827	3929	7389
5	3827	3693	3795	7390
5	3694	3586	3537	7391
5	3700	3695	3587	7392
5	3777	3620	3712	7393
5	3697	3658	3589	7394
5	3932	3828	3839	7395
5	3873	3800	3768	7396
5	3890	3728	3854	7397
5	3735	3505	3698	7398
5	3698	3505	3595	7399
5	4254	4211	4214	7400
5	3722	3641	3648	7401
5	3825	3782	3727	7402
5	3796	3618	3729	7403
5	3701	3616	3636	7404
5	3701	3636	3642	7405
5	3909	3800	3873	7406
5	3829	3746	3819	7407
5	3833	3703	3747	7408
5	3767	3654	3645	7409
5	3745	3608	3585	7410
5	3994	3801	3933	7411
5	3768	3705	3655	7412
5	3872	3761	3867	7413
5	3748	3612	3630	7414
5	3789	3638	3744	7415
5	3707	3659	3592	7416
5	3840	3763	3807	7417
5	3814	3496	3615	7418
5	4077	3988	3910	7419
5	3709	3701	3642	7420
5	3709	3642	3561	7421
5	3943	3849	3913	7422
5	3807	3763	3710	7423
5	3801	3601	3755	7424
5	3910	3815	3704	7425
5	3797	3619	3695	7426
5	3727	3679	3622	7427
5	3873	3768	3767	7428
5	3912	3833	3857	7429
5	3738	3637	3714	7430
5	3775	3612	3748	7431
5	3743	3625	3715	7432
5	3728	3688	3604	7433
5	3762	3715	3647	7434
5	3716	3632	3606	7435
5	3717	3696	3657	7436
5	3721	3611	3617	7437
5	3718	3627	3602	7438
5	3993	3948	3945	7439
5	3719	3713	3596	7440
5	3719	3596	3605	7441
5	3720	3717	3657	7442
5	3720	3657	3607	7443
5	3734	3607	3611	7444
5	3847	3743	3715	7445
5	3834	3802	3707	7446
5	4162	4138	4087	7447
5	3764	3536	3649	7448
5	3774	3670	3723	7449
5	3771	3662	3664	7450
5	3725	3663	3661	7451
5	3841	3547	3764	7452
5	3726	3663	3725	7453
5	3771	3724	3662	7454
5	3841	3499	3547	7455
5	3786	3683	3784	7456
5	3784	3681	3782	7457
5	3790	3617	3687	7458
5	3728	3702	3688	7459
5	3843	3695	3700	7460
5	3881	3777	3712	7461
5	3854	3728	3743	7462
5	3867	3730	3829	7463
5	3732	3718	3602	7464
5	3731	3623	3692	7465
5	4134	4066	4107	7466
5	3834	3707	3736	7467
5	3733	3635	3511	7468
5	3733	3511	3631	7469
5	3743	3604	3625	7470
5	3923	3871	3890	7471
5	3971	3886	3876	7472
5	3848	3656	3735	7473
5	3849	3752	3817	7474
5	3936	3913	3817	7475
5	3756	3634	3633	7476
5	3850	3756	3633	7477
5	3744	3638	3597	7478
5	3859	3775	3748	7479
5	3739	3598	3563	7480
5	3739	3563	3599	7481
5	3824	3823	3740	7482
5	3852	3740	3674	7483
5	3852	3701	3709	7484
5	3824	3598	3739	7485
5	3742	3710	3603	7486
5	3742	3603	3659	7487
5	3982	3934	3981	7488
5	3889	3766	3870	7489
5	3856	3789	3744	7490
5	3832	3798	3799	7491
5	3827	3745	3693	7492
5	3796	3694	3618	7493
5	3746	3730	3614	7494
5	3746	3614	3658	7495
5	3950	3838	3924	7496
5	3966	3881	3926	7497
5	3945	3847	3808	7498
5	3858	3748	3738	7499
5	3770	3661	3644	7500
5	3760	3643	3758	7501
5	3757	3552	3640	7502
5	3988	3815	3910	7503
5	3751	3671	3624	7504
5	3821	3818	3862	7505
5	3752	3736	3626	7506
5	3752	3626	3627	7507
5	4245	4197	4147	7508
5	3857	3747	3713	7509
5	4073	4038	3954	7510
5	3857	3713	3838	7511
5	3755	3601	3503	7512
5	3755	3503	3635	7513
5	3760	3644	3643	7514
5	3758	3634	3756	7515
5	3865	3613	3757	7516
5	3757	3613	3552	7517
5	3962	3875	3874	7518
5	3818	3760	3758	7519
5	3759	3749	3590	7520
5	3759	3590	3639	7521
5	3770	3644	3760	7522
5	3770	3725	3661	7523
5	3960	3867	3956	7524
5	3945	3808	3898	7525
5	3868	3716	3809	7526
5	3974	3804	3889	7527
5	3763	3722	3648	7528
5	3763	3648	3646	7529
5	4047	3968	4018	7530
5	3810	3595	3726	7531
5	3864	3753	3863	7532
5	3864	3754	3753	7533
5	3922	3775	3859	7534
5	3989	3803	3902	7535
5	3872	3767	3761	7536
5	3938	3800	3909	7537
5	3960	3872	3867	7538
5	3990	3920	3958	7539
5	3883	3782	3825	7540
5	3874	3765	3869	7541
5	3821	3760	3818	7542
5	3770	3759	3724	7543
5	3771	3726	3725	7544
5	3771	3725	3724	7545
5	4016	3962	4001	7546
5	3869	3765	3754	7547
5	3886	3773	3876	7548
5	3782	3681	3679	7549
5	3848	3774	3723	7550
5	3822	3649	3774	7551
5	3776	3673	3706	7552
5	3813	3706	3675	7553
5	3871	3788	3702	7554
5	3776	3744	3597	7555
5	3777	3729	3676	7556
5	3777	3676	3620	7557
5	3925	3896	3797	7558
5	3780	3666	3778	7559
5	3831	3712	3779	7560
5	3780	3622	3666	7561
5	3970	3885	3968	7562
5	3844	3729	3777	7563
5	3781	3779	3678	7564
5	3781	3678	3680	7565
5	3791	3685	3787	7566
5	3787	3684	3786	7567
5	3905	3846	3731	7568
5	3783	3781	3680	7569
5	3879	3779	3781	7570
5	3876	3773	3772	7571
5	3886	3785	3773	7572
5	3785	3783	3682	7573
5	4045	3894	3978	7574
5	3875	3772	3769	7575
5	3879	3831	3779	7576
5	3876	3772	3875	7577
5	3952	3859	3858	7578
5	3788	3714	3686	7579
5	3789	3766	3652	7580
5	3789	3652	3638	7581
5	3828	3717	3720	7582
5	3853	3734	3721	7583
5	3887	3786	3885	7584
5	3885	3786	3784	7585
5	3928	3905	3826	7586
5	3887	3787	3786	7587
5	3891	3791	3787	7588
5	3892	3791	3891	7589
5	3928	3826	3794	7590
5	4189	4079	4135	7591
5	3795	3693	3586	7592
5	3795	3586	3694	7593
5	3797	3778	3619	7594
5	3979	3895	3844	7595
5	4124	4039	4051	7596
5	3895	3729	3844	7597
5	3798	3746	3658	7598
5	3798	3658	3697	7599
5	3799	3798	3697	7600
5	3799	3697	3696	7601
5	3873	3767	3872	7602
5	3867	3761	3730	7603
5	4070	3908	4012	7604
5	3815	3750	3600	7605
5	3802	3742	3707	7606
5	4086	3981	4063	7607
5	3877	3744	3776	7608
5	3803	3776	3706	7609
5	4050	3972	3997	7610
5	3868	3762	3716	7611
5	3806	3704	3608	7612
5	4071	3904	3994	7613
5	3843	3797	3695	7614
5	3910	3704	3806	7615
5	4028	3931	3943	7616
5	3921	3830	3900	7617
5	3847	3715	3808	7618
5	3855	3738	3714	7619
5	3868	3808	3762	7620
5	3809	3716	3699	7621
5	3822	3764	3649	7622
5	3810	3698	3595	7623
5	3811	3795	3694	7624
5	3811	3694	3796	7625
5	4135	4079	4118	7626
5	3935	3812	3846	7627
5	3851	3599	3775	7628
5	3922	3851	3775	7629
5	3814	3615	3708	7630
5	3894	3793	3893	7631
5	3901	3733	3835	7632
5	3835	3631	3593	7633
5	3861	3757	3668	7634
5	3865	3757	3861	7635
5	4000	3913	3999	7636
5	3931	3897	3802	7637
5	4033	4008	3952	7638
5	3866	3862	3818	7639
5	3942	3845	3918	7640
5	3853	3721	3804	7641
5	4072	3984	4005	7642
5	4259	4217	4198	7643
5	3862	3624	3749	7644
5	3821	3862	3749	7645
5	3860	3668	3750	7646
5	3814	3593	3496	7647
5	3823	3813	3740	7648
5	3824	3739	3823	7649
5	3852	3674	3741	7650
5	3824	3740	3852	7651
5	3883	3784	3782	7652
5	3885	3784	3883	7653
5	3893	3792	3892	7654
5	3892	3792	3791	7655
5	3994	3904	3801	7656
5	4077	3995	4067	7657
5	3832	3819	3798	7658
5	3845	3717	3828	7659
5	3956	3829	3940	7660
5	3937	3819	3832	7661
5	3830	3809	3699	7662
5	3830	3699	3722	7663
5	3908	3843	3700	7664
5	3996	3929	3811	7665
5	4052	3997	3923	7666
5	4029	3993	3945	7667
5	3838	3713	3719	7668
5	3950	3857	3838	7669
5	3999	3913	3936	7670
5	4000	3943	3913	7671
5	3944	3814	3899	7672
5	3861	3668	3860	7673
5	3836	3807	3710	7674
5	3836	3710	3742	7675
5	3837	3700	3621	7676
5	3837	3621	3711	7677
5	3857	3833	3747	7678
5	4038	3990	3958	7679
5	3839	3828	3720	7680
5	3839	3720	3734	7681
5	3840	3830	3722	7682
5	3840	3722	3763	7683
5	3842	3726	3771	7684
5	3842	3664	3841	7685
5	4001	3962	3920	7686
5	3842	3810	3726	7687
5	3895	3796	3729	7688
5	3878	3727	3780	7689
5	3878	3825	3727	7690
5	3881	3712	3831	7691
5	3845	3832	3799	7692
5	3845	3799	3717	7693
5	3893	3793	3792	7694
5	3894	3794	3793	7695
5	3918	3845	3828	7696
5	3858	3738	3855	7697
5	3848	3723	3656	7698
5	3848	3735	3698	7699
5	3849	3834	3736	7700
5	3849	3736	3752	7701
5	3953	3866	3946	7702
5	3866	3751	3862	7703
5	3851	3823	3739	7704
5	3851	3739	3599	7705
5	3824	3852	3709	7706
5	3824	3709	3598	7707
5	3932	3918	3828	7708
5	3853	3839	3734	7709
5	3921	3809	3830	7710
5	4139	4088	4110	7711
5	3870	3766	3789	7712
5	3859	3748	3858	7713
5	3870	3789	3856	7714
5	3889	3790	3766	7715
5	4004	3954	3863	7716
5	3958	3920	3869	7717
5	3951	3858	3855	7718
5	3963	3877	3914	7719
5	3877	3776	3803	7720
5	3902	3803	3706	7721
5	3899	3708	3816	7722
5	3865	3737	3613	7723
5	3944	3835	3814	7724
5	3946	3866	3756	7725
5	4035	4033	3951	7726
5	3862	3751	3624	7727
5	4286	4209	4136	7728
5	4100	4006	4034	7729
5	4073	3954	4004	7730
5	4126	4047	4084	7731
5	4002	3850	3955	7732
5	3955	3865	3861	7733
5	3866	3818	3758	7734
5	3866	3758	3756	7735
5	3961	3909	3873	7736
5	4169	4099	4098	7737
5	3923	3890	3916	7738
5	3916	3890	3854	7739
5	4001	3920	3990	7740
5	4023	3966	3926	7741
5	3888	3714	3788	7742
5	3927	3855	3888	7743
5	3888	3788	3871	7744
5	3888	3855	3714	7745
5	3940	3829	3819	7746
5	3961	3873	3872	7747
5	4190	4142	4161	7748
5	4006	3912	3950	7749
5	3821	3759	3770	7750
5	3821	3770	3760	7751
5	4007	3964	3967	7752
5	3971	3876	3915	7753
5	3906	3848	3698	7754
5	3906	3698	3810	7755
5	4241	4189	4135	7756
5	3877	3856	3744	7757
5	3896	3778	3797	7758
5	3884	3783	3785	7759
5	3964	3879	3882	7760
5	3907	3831	3879	7761
5	3880	3878	3780	7762
5	3880	3780	3778	7763
5	3926	3881	3831	7764
5	3881	3844	3777	7765
5	3882	3879	3781	7766
5	3882	3781	3783	7767
5	3928	3794	3894	7768
5	3891	3787	3887	7769
5	3965	3917	3825	7770
5	3884	3882	3783	7771
5	3917	3883	3825	7772
5	3966	3844	3881	7773
5	3962	3874	3920	7774
5	3886	3884	3785	7775
5	3958	3864	3954	7776
5	3978	3893	3977	7777
5	4008	3963	3914	7778
5	3914	3877	3803	7779
5	3948	3854	3847	7780
5	3889	3804	3790	7781
5	3890	3871	3702	7782
5	3890	3702	3728	7783
5	4057	3978	3977	7784
5	4432	4401	4332	7785
5	3970	3887	3885	7786
5	3975	3887	3970	7787
5	3975	3891	3887	7788
5	3976	3891	3975	7789
5	3976	3892	3891	7790
5	3977	3893	3892	7791
5	3896	3880	3778	7792
5	3996	3811	3941	7793
5	3925	3797	3843	7794
5	4044	3907	4009	7795
5	3897	3836	3802	7796
5	4141	4062	4094	7797
5	3983	3900	3911	7798
5	3900	3830	3840	7799
5	4011	3861	3860	7800
5	3899	3814	3708	7801
5	3957	3898	3868	7802
5	3957	3809	3921	7803
5	4102	4011	4010	7804
5	3988	3919	3815	7805
5	4099	4003	4098	7806
5	4400	4393	4341	7807
5	3903	3863	3703	7808
5	3903	3703	3833	7809
5	3908	3700	3837	7810
5	4139	4110	4137	7811
5	4060	4030	3935	7812
5	3978	3894	3893	7813
5	4013	3816	3953	7814
5	3946	3756	3850	7815
5	3969	3884	3886	7816
5	4004	3863	3903	7817
5	4092	3939	3992	7818
5	4070	4069	4014	7819
5	3961	3872	3960	7820
5	3956	3867	3829	7821
5	4077	3910	3995	7822
5	3919	3750	3815	7823
5	3911	3900	3840	7824
5	3911	3840	3807	7825
5	3924	3838	3820	7826
5	4040	3956	4036	7827
5	3913	3849	3817	7828
5	4028	3987	3931	7829
5	3972	3888	3871	7830
5	3972	3871	3923	7831
5	3915	3876	3875	7832
5	4170	4096	4167	7833
5	3940	3819	3937	7834
5	4296	4245	4147	7835
5	4104	4045	3978	7836
5	3968	3885	3883	7837
5	3957	3868	3809	7838
5	4029	3945	3898	7839
5	4010	3901	3835	7840
5	3919	3860	3750	7841
5	3962	3915	3875	7842
5	3920	3874	3869	7843
5	3982	3911	3934	7844
5	4019	3900	3983	7845
5	3989	3914	3803	7846
5	3922	3823	3851	7847
5	3973	3856	3963	7848
5	4025	3948	3993	7849
5	3950	3912	3857	7850
5	4240	4159	4201	7851
5	3979	3844	3966	7852
5	4094	4017	3998	7853
5	3930	3878	3880	7854
5	4044	3926	3907	7855
5	4051	3959	4042	7856
5	4049	3963	4008	7857
5	4289	4144	4242	7858
5	4045	4026	3928	7859
5	3929	3827	3795	7860
5	3929	3795	3811	7861
5	4009	3964	4007	7862
5	3965	3878	3930	7863
5	4095	3999	4064	7864
5	4150	4063	4066	7865
5	3974	3889	3959	7866
5	4025	3916	3948	7867
5	3933	3801	3755	7868
5	3933	3755	3805	7869
5	3934	3911	3807	7870
5	3934	3807	3836	7871
5	3902	3813	3823	7872
5	3902	3823	3922	7873
5	4258	4173	4192	7874
5	4028	3943	4000	7875
5	3998	3918	3932	7876
5	4031	3937	3942	7877
5	3938	3924	3820	7878
5	3938	3820	3800	7879
5	3939	3806	3745	7880
5	3939	3745	3827	7881
5	4017	3918	3998	7882
5	4017	3942	3918	7883
5	3941	3811	3796	7884
5	3941	3796	3895	7885
5	3942	3937	3832	7886
5	3942	3832	3845	7887
5	3943	3931	3834	7888
5	3943	3834	3849	7889
5	3906	3810	3842	7890
5	3906	3842	3841	7891
5	4122	4035	4050	7892
5	3948	3847	3945	7893
5	3955	3737	3865	7894
5	4097	4013	4002	7895
5	3947	3932	3839	7896
5	3947	3839	3853	7897
5	3959	3889	3870	7898
5	3948	3916	3854	7899
5	3949	3947	3853	7900
5	3949	3853	3804	7901
5	4003	3924	3938	7902
5	4333	4291	4251	7903
5	3963	3856	3877	7904
5	3952	3858	3951	7905
5	4039	3949	3974	7906
5	3989	3952	3914	7907
5	3953	3816	3751	7908
5	3953	3751	3866	7909
5	3958	3869	3864	7910
5	3954	3864	3863	7911
5	4033	3952	3951	7912
5	3955	3850	3737	7913
5	4036	3940	4032	7914
5	4032	3940	3937	7915
5	4037	3921	4019	7916
5	3997	3972	3923	7917
5	4056	3976	4055	7918
5	4054	3971	3915	7919
5	3974	3949	3804	7920
5	4153	4073	4004	7921
5	4098	3984	4072	7922
5	4040	3960	3956	7923
5	4041	3961	3960	7924
5	4041	3960	4040	7925
5	3906	3764	3822	7926
5	3906	3822	3848	7927
5	3973	3959	3870	7928
5	4050	4035	3927	7929
5	3965	3825	3878	7930
5	3964	3907	3879	7931
5	4082	3979	4058	7932
5	4009	3907	3964	7933
5	3980	3880	3896	7934
5	4092	3994	3995	7935
5	3967	3964	3882	7936
5	3967	3882	3884	7937
5	4045	3928	3894	7938
5	3977	3892	3976	7939
5	4046	3967	3969	7940
5	3969	3967	3884	7941
5	4172	4105	4155	7942
5	4016	3915	3962	7943
5	4127	4048	4054	7944
5	3971	3969	3886	7945
5	3973	3870	3856	7946
5	3972	3927	3888	7947
5	4085	3993	4078	7948
5	4008	3914	3952	7949
5	4050	3927	3972	7950
5	4041	4005	3961	7951
5	4048	3969	3971	7952
5	4288	4252	4189	7953
5	4038	3958	3954	7954
5	4129	4054	4016	7955
5	4053	3975	3970	7956
5	4055	3975	4053	7957
5	4055	3976	3975	7958
5	4189	4160	4079	7959
5	3980	3930	3880	7960
5	3991	3896	3925	7961
5	3991	3980	3896	7962
5	4058	3966	4023	7963
5	3981	3934	3897	7964
5	4307	4204	4246	7965
5	4094	4062	4017	7966
5	4087	4075	3983	7967
5	4216	4150	4194	7968
5	4107	4000	4095	7969
5	3984	3938	3909	7970
5	4036	3956	3940	7971
5	3985	3935	3846	7972
5	3985	3846	3905	7973
5	3986	3933	3805	7974
5	4101	3988	4015	7975
5	3987	3981	3897	7976
5	3987	3897	3931	7977
5	4101	4011	3988	7978
5	4015	3805	3901	7979
5	4229	4174	4166	7980
5	4089	4027	4083	7981
5	4096	4001	3990	7982
5	4090	3990	4038	7983
5	4105	4091	4009	7984
5	4076	4014	4069	7985
5	4075	4019	3983	7986
5	3992	3939	3827	7987
5	4039	4024	3949	7988
5	4114	4025	4085	7989
5	4175	4112	4111	7990
5	4067	3933	3986	7991
5	3995	3910	3806	7992
5	3995	3806	3939	7993
5	4092	4071	3994	7994
5	4058	3979	3966	7995
5	4032	3937	4031	7996
5	4031	3942	4017	7997
5	4264	4230	4243	7998
5	4426	4330	4397	7999
5	4118	4045	4104	8000
5	4060	3935	3985	8001
5	4173	4134	4107	8002
5	4503	4402	4401	8003
5	4096	3990	4090	8004
5	4220	4155	4202	8005
5	4102	4013	4097	8006
5	4011	3919	3988	8007
5	4168	4098	4072	8008
5	4244	4218	4231	8009
5	4100	4034	4099	8010
5	4253	4167	4224	8011
5	4005	3984	3909	8012
5	4005	3909	3961	8013
5	4098	4003	3984	8014
5	4099	4034	4003	8015
5	3989	3902	3922	8016
5	4087	3982	4086	8017
5	4042	3959	3973	8018
5	4287	4251	4197	8019
5	4018	3968	3917	8020
5	4057	3977	4056	8021
5	4101	4010	4011	8022
5	4011	3860	3919	8023
5	4097	3861	4011	8024
5	4013	3899	3816	8025
5	4012	3908	3837	8026
5	4012	3837	3904	8027
5	4013	3944	3899	8028
5	4035	3951	3927	8029
5	4014	3925	3843	8030
5	4014	3843	3908	8031
5	4077	4015	3988	8032
5	4015	3986	3805	8033
5	4253	4227	4167	8034
5	4104	3978	4057	8035
5	4019	3921	3900	8036
5	4108	4029	4020	8037
5	4047	3970	3968	8038
5	4054	3915	4016	8039
5	4020	3898	3957	8040
5	4078	3993	4029	8041
5	3989	3922	3859	8042
5	3989	3859	3952	8043
5	4021	3998	3932	8044
5	4021	3932	3947	8045
5	4022	3941	3895	8046
5	4022	3895	3979	8047
5	4140	4119	4120	8048
5	4059	3930	3980	8049
5	4024	4021	3947	8050
5	4024	3947	3949	8051
5	4149	4114	4085	8052
5	4052	3916	4025	8053
5	4026	3985	3905	8054
5	4026	3905	3928	8055
5	4027	4018	3917	8056
5	4027	3917	3965	8057
5	4199	4137	4138	8058
5	4152	4063	4150	8059
5	4391	4294	4291	8060
5	4151	4081	4116	8061
5	4030	3999	3936	8062
5	4030	3936	3935	8063
5	4062	4031	4017	8064
5	4173	4107	4095	8065
5	4125	4113	3997	8066
5	4116	4081	4041	8067
5	4002	3946	3850	8068
5	4102	4097	4011	8069
5	4034	4006	3950	8070
5	4034	3950	3924	8071
5	4002	4013	3953	8072
5	4002	3953	3946	8073
5	4115	4036	4112	8074
5	4112	4032	4111	8075
5	4037	4020	3957	8076
5	4037	3957	3921	8077
5	4153	4004	4065	8078
5	4287	4197	4245	8079
5	4124	4051	4123	8080
5	4109	4021	4093	8081
5	4166	4108	4088	8082
5	4154	4081	4151	8083
5	4116	4041	4040	8084
5	4116	4040	4115	8085
5	4051	3974	3959	8086
5	4051	4039	3974	8087
5	4043	4027	3965	8088
5	4043	3965	3930	8089
5	4132	4023	4117	8090
5	4044	4023	3926	8091
5	4158	4030	4060	8092
5	4056	3977	3976	8093
5	4148	4126	4084	8094
5	4046	4007	3967	8095
5	4118	4079	4026	8096
5	4053	3970	4047	8097
5	4103	4001	4096	8098
5	4048	4046	3969	8099
5	4049	4042	3973	8100
5	4049	3973	3963	8101
5	4080	4008	4033	8102
5	4121	4049	4080	8103
5	4080	4033	4035	8104
5	4052	3923	3916	8105
5	4085	4025	3993	8106
5	4123	4051	4042	8107
5	4156	4057	4131	8108
5	4103	4016	4001	8109
5	4126	4053	4047	8110
5	4054	4048	3971	8111
5	4091	4044	4009	8112
5	4129	4016	4103	8113
5	4201	4068	4146	8114
5	4163	4090	4038	8115
5	4212	4202	4140	8116
5	4209	4131	4136	8117
5	4059	4043	3930	8118
5	4132	4058	4023	8119
5	4074	3980	3991	8120
5	4117	4023	4044	8121
5	4185	4104	4156	8122
5	4298	4241	4256	8123
5	4071	4012	3904	8124
5	4061	3992	3929	8125
5	4545	4493	4475	8126
5	4111	4032	4031	8127
5	4290	4260	4278	8128
5	4107	4028	4000	8129
5	4367	4300	4271	8130
5	4198	4153	4159	8131
5	4240	4198	4159	8132
5	4065	4004	3903	8133
5	4066	4063	3987	8134
5	4066	3987	4028	8135
5	4067	3995	3994	8136
5	4067	3994	3933	8137
5	4068	4065	3912	8138
5	4068	3912	4006	8139
5	4069	3996	3941	8140
5	4074	4059	3980	8141
5	4092	3995	3939	8142
5	4070	4012	4061	8143
5	4070	4014	3908	8144
5	4061	3929	3996	8145
5	4111	4031	4062	8146
5	4115	4040	4036	8147
5	4163	4038	4073	8148
5	4239	4187	4238	8149
5	4074	3991	4082	8150
5	4362	4313	4312	8151
5	4071	3992	4061	8152
5	4071	4061	4012	8153
5	4082	4022	3979	8154
5	4076	4082	3991	8155
5	4077	4067	3986	8156
5	4077	3986	4015	8157
5	4069	3941	4022	8158
5	4076	3925	4014	8159
5	4160	3985	4079	8160
5	4079	3985	4026	8161
5	4080	4049	4008	8162
5	4397	4330	4331	8163
5	4081	4072	4005	8164
5	4081	4005	4041	8165
5	4076	4069	4022	8166
5	4076	4022	4082	8167
5	4083	4027	4043	8168
5	4133	4059	4132	8169
5	4131	4056	4130	8170
5	4084	4047	4018	8171
5	4093	4021	4024	8172
5	4165	4094	4109	8173
5	4087	3983	3982	8174
5	4086	3982	3981	8175
5	4335	4290	4324	8176
5	4143	4062	4141	8177
5	4108	4020	4088	8178
5	4088	4020	4037	8179
5	4089	4084	4018	8180
5	4089	4018	4027	8181
5	4184	4140	4120	8182
5	4168	4072	4154	8183
5	4105	4009	4007	8184
5	4117	4044	4091	8185
5	4177	4115	4112	8186
5	4092	3992	4071	8187
5	4070	4061	3996	8188
5	4070	3996	4069	8189
5	4247	4199	4210	8190
5	4162	4087	4086	8191
5	4107	4066	4028	8192
5	4095	4000	3999	8193
5	4205	4188	4170	8194
5	4184	4120	4127	8195
5	4097	4002	3955	8196
5	4097	3955	3861	8197
5	4177	4112	4175	8198
5	4154	4072	4081	8199
5	4200	4147	4099	8200
5	4296	4147	4200	8201
5	4113	4050	3997	8202
5	4122	4050	4113	8203
5	4101	4015	3901	8204
5	4101	3901	4010	8205
5	4102	4010	3944	8206
5	4102	3944	4013	8207
5	4156	4104	4057	8208
5	4128	4055	4053	8209
5	4130	4055	4128	8210
5	4130	4056	4055	8211
5	4172	4091	4105	8212
5	4145	4084	4089	8213
5	4106	4093	4024	8214
5	4106	4024	4039	8215
5	4258	4203	4173	8216
5	4303	4281	4265	8217
5	4215	4181	4149	8218
5	4108	4078	4029	8219
5	4109	4094	3998	8220
5	4109	3998	4021	8221
5	4110	4088	4037	8222
5	4110	4037	4019	8223
5	4112	4036	4032	8224
5	4200	4099	4169	8225
5	4230	4142	4190	8226
5	4180	4106	4124	8227
5	4121	4042	4049	8228
5	4182	4124	4123	8229
5	4125	4052	4114	8230
5	4114	4052	4025	8231
5	4248	4200	4169	8232
5	4143	4111	4062	8233
5	4248	4169	4226	8234
5	4533	4508	4525	8235
5	4179	4091	4172	8236
5	4133	4132	4117	8237
5	4131	4057	4056	8238
5	4158	4064	4030	8239
5	4119	4105	4007	8240
5	4119	4007	4046	8241
5	4120	4119	4046	8242
5	4120	4046	4048	8243
5	4123	4042	4121	8244
5	4142	4109	4093	8245
5	4122	4121	4080	8246
5	4122	4080	4035	8247
5	4176	4122	4113	8248
5	4124	4106	4039	8249
5	4125	3997	4052	8250
5	4181	4114	4149	8251
5	4180	4161	4106	8252
5	4176	4121	4122	8253
5	4256	4241	4135	8254
5	4128	4053	4126	8255
5	4227	4170	4167	8256
5	4127	4120	4048	8257
5	4332	4258	4289	8258
5	4333	4251	4287	8259
5	4155	4105	4119	8260
5	4129	4127	4054	8261
5	4224	4167	4090	8262
5	4221	4188	4205	8263
5	4074	4082	4058	8264
5	4132	4074	4058	8265
5	4133	4043	4059	8266
5	4132	4059	4074	8267
5	4179	4172	4171	8268
5	4133	4083	4043	8269
5	4288	4189	4241	8270
5	4379	4346	4288	8271
5	4209	4193	4156	8272
5	4155	4119	4140	8273
5	4136	4131	4130	8274
5	4187	4128	4157	8275
5	4137	4110	4075	8276
5	4450	4403	4393	8277
5	4138	4137	4075	8278
5	4138	4075	4087	8279
5	4178	4116	4115	8280
5	4235	4183	4181	8281
5	4212	4140	4184	8282
5	4157	4128	4126	8283
5	4175	4111	4143	8284
5	4232	4175	4191	8285
5	4165	4109	4142	8286
5	4165	4141	4094	8287
5	4207	4164	4206	8288
5	4233	4231	4178	8289
5	4144	4095	4064	8290
5	4399	4332	4289	8291
5	4148	4084	4145	8292
5	4251	4146	4197	8293
5	4146	4068	4006	8294
5	4146	4006	4100	8295
5	4147	4100	4099	8296
5	4169	4098	4168	8297
5	4157	4126	4148	8298
5	4187	4130	4128	8299
5	4266	4207	4206	8300
5	4161	4093	4106	8301
5	4152	4086	4063	8302
5	4162	4086	4152	8303
5	4178	4115	4177	8304
5	4348	4296	4248	8305
5	4278	4222	4216	8306
5	4338	4324	4261	8307
5	4201	4159	4068	8308
5	4170	4103	4096	8309
5	4291	4240	4201	8310
5	4225	4154	4218	8311
5	4228	4145	4171	8312
5	4171	4089	4083	8313
5	4185	4118	4104	8314
5	4185	4135	4118	8315
5	4188	4103	4170	8316
5	4237	4212	4184	8317
5	4208	4148	4196	8318
5	4252	4160	4189	8319
5	4159	4153	4065	8320
5	4159	4065	4068	8321
5	4252	4060	4160	8322
5	4160	4060	3985	8323
5	4174	4078	4108	8324
5	4161	4142	4093	8325
5	4402	4343	4401	8326
5	4222	4152	4216	8327
5	4217	4073	4153	8328
5	4294	4240	4291	8329
5	4164	4149	4085	8330
5	4164	4085	4078	8331
5	4214	4137	4199	8332
5	4166	4088	4139	8333
5	4174	4108	4166	8334
5	4174	4164	4078	8335
5	4167	4096	4090	8336
5	4346	4252	4288	8337
5	4339	4302	4325	8338
5	4233	4177	4232	8339
5	4283	4232	4250	8340
5	4226	4169	4168	8341
5	4238	4187	4157	8342
5	4208	4157	4148	8343
5	4391	4291	4376	8344
5	4171	4145	4089	8345
5	4179	4171	4083	8346
5	4188	4129	4103	8347
5	4418	4392	4354	8348
5	4444	4384	4344	8349
5	4235	4181	4215	8350
5	4207	4149	4164	8351
5	4378	4295	4345	8352
5	4178	4151	4116	8353
5	4182	4180	4124	8354
5	4181	4125	4114	8355
5	4279	4218	4244	8356
5	4340	4297	4316	8357
5	4206	4164	4174	8358
5	4281	4229	4265	8359
5	4188	4186	4129	8360
5	4179	4117	4091	8361
5	4182	4123	4176	8362
5	4176	4123	4121	8363
5	4183	4125	4181	8364
5	4183	4113	4125	8365
5	4183	4176	4113	8366
5	4215	4149	4207	8367
5	4234	4180	4182	8368
5	4236	4234	4182	8369
5	4202	4155	4140	8370
5	4196	4148	4145	8371
5	4307	4242	4204	8372
5	4256	4185	4193	8373
5	4186	4184	4127	8374
5	4186	4127	4129	8375
5	4237	4186	4221	8376
5	4187	4136	4130	8377
5	4179	4083	4133	8378
5	4179	4133	4117	8379
5	4372	4256	4300	8380
5	4242	4144	4204	8381
5	4222	4162	4152	8382
5	4350	4314	4323	8383
5	4191	4175	4143	8384
5	4213	4143	4141	8385
5	4192	4173	4095	8386
5	4192	4095	4144	8387
5	4193	4185	4156	8388
5	4379	4377	4346	8389
5	4194	4150	4134	8390
5	4399	4336	4383	8391
5	4195	4190	4161	8392
5	4195	4161	4180	8393
5	4407	4349	4305	8394
5	4209	4156	4131	8395
5	4197	4146	4100	8396
5	4197	4100	4147	8397
5	4217	4163	4073	8398
5	4217	4153	4198	8399
5	4282	4244	4231	8400
5	4437	4394	4405	8401
5	4225	4168	4154	8402
5	4226	4168	4225	8403
5	4375	4287	4330	8404
5	4291	4201	4251	8405
5	4228	4196	4145	8406
5	4219	4171	4172	8407
5	4262	4134	4203	8408
5	4203	4134	4173	8409
5	4204	4144	4064	8410
5	4204	4064	4158	8411
5	4380	4319	4349	8412
5	4263	4217	4259	8413
5	4283	4282	4233	8414
5	4265	4229	4211	8415
5	4255	4213	4223	8416
5	4371	4326	4309	8417
5	4270	4205	4249	8418
5	4299	4284	4268	8419
5	4321	4270	4319	8420
5	4410	4298	4372	8421
5	4210	4199	4138	8422
5	4210	4138	4162	8423
5	4229	4166	4211	8424
5	4211	4166	4139	8425
5	4284	4237	4268	8426
5	4269	4238	4208	8427
5	4243	4230	4190	8428
5	4213	4191	4143	8429
5	4214	4211	4139	8430
5	4214	4139	4137	8431
5	4278	4216	4261	8432
5	4276	4195	4234	8433
5	4222	4210	4162	8434
5	4216	4152	4150	8435
5	4227	4205	4170	8436
5	4224	4090	4163	8437
5	4218	4154	4151	8438
5	4232	4177	4175	8439
5	4277	4196	4228	8440
5	4228	4171	4219	8441
5	4220	4219	4172	8442
5	4220	4172	4155	8443
5	4237	4184	4186	8444
5	4221	4186	4188	8445
5	4309	4250	4293	8446
5	4274	4191	4213	8447
5	4223	4213	4141	8448
5	4223	4141	4165	8449
5	4457	4434	4386	8450
5	4395	4390	4368	8451
5	4548	4457	4530	8452
5	4301	4244	4282	8453
5	4279	4225	4218	8454
5	4280	4225	4279	8455
5	4268	4237	4221	8456
5	4249	4205	4227	8457
5	4420	4331	4381	8458
5	4555	4515	4513	8459
5	4275	4215	4207	8460
5	4229	4206	4174	8461
5	4230	4223	4165	8462
5	4230	4165	4142	8463
5	4231	4218	4151	8464
5	4231	4151	4178	8465
5	4233	4178	4177	8466
5	4325	4244	4301	8467
5	4322	4274	4255	8468
5	4282	4231	4233	8469
5	4267	4190	4195	8470
5	4234	4195	4180	8471
5	4236	4182	4176	8472
5	4236	4176	4183	8473
5	4236	4183	4235	8474
5	4236	4235	4234	8475
5	4238	4157	4208	8476
5	4304	4269	4272	8477
5	4312	4263	4259	8478
5	4328	4286	4239	8479
5	4286	4136	4239	8480
5	4239	4136	4187	8481
5	4251	4201	4146	8482
5	4436	4413	4389	8483
5	4256	4135	4185	8484
5	4496	4459	4442	8485
5	4382	4354	4361	8486
5	4441	4377	4428	8487
5	4257	4199	4247	8488
5	4326	4282	4283	8489
5	4359	4325	4301	8490
5	4250	4232	4191	8491
5	4296	4200	4248	8492
5	4280	4226	4225	8493
5	4383	4336	4337	8494
5	4246	4204	4158	8495
5	4324	4278	4261	8496
5	4343	4203	4258	8497
5	4375	4333	4287	8498
5	4338	4261	4311	8499
5	4308	4284	4299	8500
5	4300	4256	4193	8501
5	4369	4322	4315	8502
5	4306	4260	4290	8503
5	4348	4248	4295	8504
5	4330	4287	4245	8505
5	4310	4060	4252	8506
5	4310	4158	4060	8507
5	4320	4269	4304	8508
5	4407	4305	4363	8509
5	4275	4207	4266	8510
5	4265	4211	4254	8511
5	4274	4213	4255	8512
5	4274	4250	4191	8513
5	4271	4193	4209	8514
5	4300	4193	4271	8515
5	4257	4254	4214	8516
5	4257	4214	4199	8517
5	4324	4290	4278	8518
5	4422	4374	4402	8519
5	4263	4163	4217	8520
5	4263	4224	4163	8521
5	4260	4247	4210	8522
5	4260	4210	4222	8523
5	4278	4260	4222	8524
5	4261	4216	4194	8525
5	4364	4314	4350	8526
5	4262	4194	4134	8527
5	4423	4362	4384	8528
5	4313	4263	4312	8529
5	4264	4255	4223	8530
5	4264	4223	4230	8531
5	4322	4293	4274	8532
5	4345	4280	4302	8533
5	4316	4266	4281	8534
5	4327	4275	4297	8535
5	4297	4275	4266	8536
5	4267	4243	4190	8537
5	4285	4238	4269	8538
5	4273	4202	4212	8539
5	4376	4291	4333	8540
5	4321	4268	4270	8541
5	4270	4268	4221	8542
5	4270	4221	4205	8543
5	4411	4300	4367	8544
5	4328	4239	4285	8545
5	4272	4269	4208	8546
5	4272	4208	4196	8547
5	4277	4228	4219	8548
5	4277	4220	4202	8549
5	4403	4351	4355	8550
5	4293	4250	4274	8551
5	4276	4234	4235	8552
5	4283	4233	4232	8553
5	4276	4235	4215	8554
5	4276	4215	4275	8555
5	4277	4272	4196	8556
5	4277	4219	4220	8557
5	4386	4339	4359	8558
5	4292	4257	4247	8559
5	4434	4387	4339	8560
5	4387	4345	4302	8561
5	4277	4202	4273	8562
5	4388	4360	4308	8563
5	4281	4266	4206	8564
5	4281	4206	4229	8565
5	4315	4255	4264	8566
5	4424	4412	4421	8567
5	4327	4276	4275	8568
5	4276	4267	4195	8569
5	4284	4273	4212	8570
5	4284	4212	4237	8571
5	4286	4271	4209	8572
5	4285	4239	4238	8573
5	4372	4298	4256	8574
5	4438	4334	4380	8575
5	4444	4344	4391	8576
5	4423	4406	4362	8577
5	4346	4310	4252	8578
5	4392	4337	4307	8579
5	4289	4258	4192	8580
5	4289	4192	4144	8581
5	4341	4290	4335	8582
5	4347	4203	4343	8583
5	4345	4295	4280	8584
5	4381	4331	4296	8585
5	4425	4374	4422	8586
5	4605	4581	4601	8587
5	4370	4293	4322	8588
5	4326	4283	4309	8589
5	4294	4259	4198	8590
5	4294	4198	4240	8591
5	4295	4248	4226	8592
5	4295	4226	4280	8593
5	4391	4344	4294	8594
5	4473	4426	4397	8595
5	4316	4281	4303	8596
5	4323	4257	4292	8597
5	4435	4410	4372	8598
5	4501	4443	4456	8599
5	4308	4273	4284	8600
5	4353	4320	4304	8601
5	4319	4270	4249	8602
5	4329	4271	4286	8603
5	4309	4283	4250	8604
5	4427	4386	4394	8605
5	4302	4280	4279	8606
5	4554	4513	4511	8607
5	4529	4522	4524	8608
5	4327	4267	4276	8609
5	4320	4285	4269	8610
5	4379	4288	4342	8611
5	4305	4249	4227	8612
5	4305	4227	4253	8613
5	4306	4292	4247	8614
5	4306	4247	4260	8615
5	4440	4342	4410	8616
5	4432	4332	4399	8617
5	4360	4304	4272	8618
5	4360	4273	4308	8619
5	4326	4301	4282	8620
5	4359	4301	4356	8621
5	4361	4310	4346	8622
5	4310	4246	4158	8623
5	4311	4261	4194	8624
5	4311	4194	4262	8625
5	4313	4253	4224	8626
5	4313	4224	4263	8627
5	4349	4319	4249	8628
5	4363	4313	4362	8629
5	4314	4303	4265	8630
5	4314	4265	4254	8631
5	4624	4582	4570	8632
5	4322	4255	4315	8633
5	4352	4315	4317	8634
5	4316	4297	4266	8635
5	4317	4315	4264	8636
5	4317	4264	4243	8637
5	4318	4317	4243	8638
5	4318	4243	4267	8639
5	4404	4320	4353	8640
5	4334	4321	4319	8641
5	4390	4353	4357	8642
5	4404	4353	4390	8643
5	4357	4308	4299	8644
5	4321	4299	4268	8645
5	4364	4303	4314	8646
5	4370	4358	4293	8647
5	4323	4314	4254	8648
5	4323	4254	4257	8649
5	4429	4335	4398	8650
5	4393	4355	4341	8651
5	4325	4302	4279	8652
5	4325	4279	4244	8653
5	4341	4306	4290	8654
5	4355	4306	4341	8655
5	4327	4297	4318	8656
5	4327	4318	4267	8657
5	4390	4357	4368	8658
5	4329	4286	4328	8659
5	4349	4249	4305	8660
5	4380	4334	4319	8661
5	4430	4348	4378	8662
5	4535	4501	4456	8663
5	4331	4330	4245	8664
5	4331	4245	4296	8665
5	4343	4258	4332	8666
5	4402	4347	4343	8667
5	4443	4391	4376	8668
5	4381	4296	4348	8669
5	4366	4285	4320	8670
5	4368	4321	4334	8671
5	4425	4338	4374	8672
5	4464	4392	4418	8673
5	4399	4289	4336	8674
5	4336	4289	4242	8675
5	4337	4336	4242	8676
5	4337	4242	4307	8677
5	4347	4262	4203	8678
5	4598	4560	4559	8679
5	4371	4309	4358	8680
5	4400	4341	4335	8681
5	4365	4316	4303	8682
5	4340	4318	4297	8683
5	4476	4433	4400	8684
5	4522	4461	4486	8685
5	4342	4288	4241	8686
5	4342	4241	4298	8687
5	4347	4311	4262	8688
5	4572	4536	4500	8689
5	4344	4312	4259	8690
5	4344	4259	4294	8691
5	4626	4537	4576	8692
5	4378	4348	4295	8693
5	4354	4307	4246	8694
5	4646	4566	4621	8695
5	4433	4393	4400	8696
5	4471	4401	4432	8697
5	4434	4339	4386	8698
5	4511	4460	4497	8699
5	4406	4363	4362	8700
5	4448	4390	4395	8701
5	4358	4309	4293	8702
5	4356	4301	4326	8703
5	4351	4350	4323	8704
5	4351	4323	4292	8705
5	4539	4495	4472	8706
5	4369	4315	4352	8707
5	4404	4396	4366	8708
5	4366	4328	4285	8709
5	4382	4361	4377	8710
5	4418	4354	4382	8711
5	4355	4351	4292	8712
5	4355	4292	4306	8713
5	4359	4339	4325	8714
5	4387	4302	4339	8715
5	4388	4304	4360	8716
5	4388	4308	4357	8717
5	4371	4356	4326	8718
5	4465	4430	4460	8719
5	4340	4352	4317	8720
5	4340	4317	4318	8721
5	4360	4272	4277	8722
5	4360	4277	4273	8723
5	4361	4354	4246	8724
5	4361	4246	4310	8725
5	4363	4305	4253	8726
5	4363	4253	4313	8727
5	4438	4395	4334	8728
5	4407	4363	4406	8729
5	4365	4340	4316	8730
5	4365	4303	4364	8731
5	4389	4369	4352	8732
5	4409	4340	4365	8733
5	4367	4271	4329	8734
5	4373	4328	4366	8735
5	4464	4442	4392	8736
5	4439	4411	4367	8737
5	4368	4357	4299	8738
5	4368	4299	4321	8739
5	4408	4365	4364	8740
5	4370	4322	4369	8741
5	4424	4408	4412	8742
5	4414	4351	4403	8743
5	4569	4563	4523	8744
5	4445	4421	4414	8745
5	4462	4411	4439	8746
5	4446	4373	4396	8747
5	4462	4435	4372	8748
5	4373	4329	4328	8749
5	4374	4338	4311	8750
5	4374	4311	4347	8751
5	4426	4375	4330	8752
5	4444	4391	4443	8753
5	4535	4431	4463	8754
5	4513	4467	4465	8755
5	4567	4493	4545	8756
5	4377	4361	4346	8757
5	4613	4577	4547	8758
5	4556	4498	4550	8759
5	4428	4377	4379	8760
5	4479	4428	4440	8761
5	4469	4439	4416	8762
5	4525	4489	4488	8763
5	4467	4420	4465	8764
5	4463	4431	4375	8765
5	4410	4342	4298	8766
5	4440	4428	4379	8767
5	4392	4307	4354	8768
5	4657	4603	4655	8769
5	4384	4362	4312	8770
5	4384	4312	4344	8771
5	4415	4358	4385	8772
5	4385	4358	4370	8773
5	4483	4450	4433	8774
5	4405	4394	4356	8775
5	4420	4397	4331	8776
5	4473	4397	4467	8777
5	4388	4357	4353	8778
5	4388	4353	4304	8779
5	4413	4369	4389	8780
5	4413	4370	4369	8781
5	4396	4373	4366	8782
5	4395	4368	4334	8783
5	4451	4407	4406	8784
5	4508	4484	4438	8785
5	4442	4337	4392	8786
5	4441	4382	4377	8787
5	4403	4355	4393	8788
5	4445	4414	4403	8789
5	4394	4386	4359	8790
5	4394	4359	4356	8791
5	4526	4484	4508	8792
5	4404	4366	4320	8793
5	4515	4467	4513	8794
5	4574	4547	4501	8795
5	4465	4420	4430	8796
5	4588	4494	4548	8797
5	4398	4335	4324	8798
5	4398	4324	4338	8799
5	4401	4343	4332	8800
5	4402	4374	4347	8801
5	4603	4539	4571	8802
5	4425	4398	4338	8803
5	4666	4610	4598	8804
5	4506	4475	4441	8805
5	4540	4509	4458	8806
5	4429	4400	4335	8807
5	4450	4393	4433	8808
5	4405	4356	4371	8809
5	4485	4448	4484	8810
5	4449	4396	4404	8811
5	4627	4568	4529	8812
5	4490	4470	4453	8813
5	4463	4375	4426	8814
5	4557	4480	4519	8815
5	4481	4444	4443	8816
5	4452	4407	4451	8817
5	4409	4352	4340	8818
5	4409	4365	4408	8819
5	4409	4408	4389	8820
5	4409	4389	4352	8821
5	4416	4367	4329	8822
5	4411	4372	4300	8823
5	4462	4372	4411	8824
5	4416	4329	4373	8825
5	4412	4408	4364	8826
5	4412	4364	4350	8827
5	4421	4412	4414	8828
5	4413	4385	4370	8829
5	4414	4412	4350	8830
5	4414	4350	4351	8831
5	4415	4405	4371	8832
5	4415	4371	4358	8833
5	4498	4439	4469	8834
5	4440	4379	4342	8835
5	4417	4378	4345	8836
5	4417	4345	4387	8837
5	4442	4383	4337	8838
5	4566	4538	4543	8839
5	4447	4415	4419	8840
5	4419	4415	4385	8841
5	4537	4502	4473	8842
5	4515	4473	4467	8843
5	4585	4529	4565	8844
5	4424	4389	4408	8845
5	4504	4472	4422	8846
5	4503	4401	4471	8847
5	4542	4525	4488	8848
5	4501	4481	4443	8849
5	4453	4419	4385	8850
5	4436	4389	4424	8851
5	4476	4400	4429	8852
5	4450	4445	4403	8853
5	4467	4397	4420	8854
5	4502	4426	4473	8855
5	4583	4530	4582	8856
5	4492	4474	4437	8857
5	4531	4496	4464	8858
5	4597	4559	4558	8859
5	4539	4472	4504	8860
5	4571	4539	4504	8861
5	4430	4420	4381	8862
5	4430	4381	4348	8863
5	4431	4376	4333	8864
5	4431	4333	4375	8865
5	4528	4504	4503	8866
5	4699	4697	4658	8867
5	4604	4539	4603	8868
5	4505	4491	4487	8869
5	4570	4544	4492	8870
5	4457	4386	4427	8871
5	4478	4440	4410	8872
5	4478	4410	4435	8873
5	4477	4424	4421	8874
5	4453	4413	4436	8875
5	4474	4394	4437	8876
5	4474	4427	4394	8877
5	4446	4416	4373	8878
5	4439	4367	4416	8879
5	4448	4404	4390	8880
5	4571	4504	4528	8881
5	4479	4440	4478	8882
5	4506	4441	4480	8883
5	4517	4478	4435	8884
5	4480	4428	4479	8885
5	4475	4382	4441	8886
5	4496	4442	4464	8887
5	4466	4406	4423	8888
5	4537	4473	4515	8889
5	4466	4451	4406	8890
5	4482	4444	4481	8891
5	4492	4437	4461	8892
5	4453	4385	4413	8893
5	4542	4488	4512	8894
5	4589	4514	4549	8895
5	4447	4437	4405	8896
5	4447	4405	4415	8897
5	4508	4438	4489	8898
5	4449	4404	4448	8899
5	4556	4516	4498	8900
5	4469	4416	4446	8901
5	4540	4458	4495	8902
5	4477	4436	4424	8903
5	4452	4380	4349	8904
5	4452	4349	4407	8905
5	4484	4448	4395	8906
5	4489	4438	4380	8907
5	4470	4419	4453	8908
5	4491	4421	4445	8909
5	4454	4432	4399	8910
5	4454	4399	4383	8911
5	4455	4417	4387	8912
5	4455	4387	4434	8913
5	4456	4443	4376	8914
5	4456	4376	4431	8915
5	4582	4530	4544	8916
5	4583	4548	4530	8917
5	4458	4429	4398	8918
5	4458	4398	4425	8919
5	4459	4454	4383	8920
5	4459	4383	4442	8921
5	4460	4430	4378	8922
5	4460	4378	4417	8923
5	4461	4437	4447	8924
5	4487	4445	4450	8925
5	4510	4468	4507	8926
5	4484	4395	4438	8927
5	4649	4622	4579	8928
5	4535	4456	4431	8929
5	4519	4480	4479	8930
5	4475	4418	4382	8931
5	4584	4532	4502	8932
5	4541	4497	4455	8933
5	4600	4542	4512	8934
5	4580	4578	4564	8935
5	4511	4465	4460	8936
5	4513	4465	4511	8937
5	4468	4446	4396	8938
5	4468	4396	4449	8939
5	4525	4508	4489	8940
5	4488	4452	4451	8941
5	4486	4419	4470	8942
5	4486	4447	4419	8943
5	4528	4503	4471	8944
5	4504	4422	4503	8945
5	4472	4458	4425	8946
5	4472	4425	4422	8947
5	4553	4511	4497	8948
5	4502	4463	4426	8949
5	4544	4474	4492	8950
5	4509	4476	4429	8951
5	4480	4441	4428	8952
5	4545	4475	4506	8953
5	4546	4492	4461	8954
5	4487	4450	4483	8955
5	4490	4436	4477	8956
5	4490	4453	4436	8957
5	4507	4468	4485	8958
5	4498	4462	4439	8959
5	4510	4469	4446	8960
5	4519	4479	4518	8961
5	4516	4435	4462	8962
5	4518	4479	4478	8963
5	4482	4423	4384	8964
5	4482	4384	4444	8965
5	4674	4659	4616	8966
5	4521	4482	4520	8967
5	4569	4523	4536	8968
5	4551	4500	4476	8969
5	4485	4449	4448	8970
5	4485	4468	4449	8971
5	4517	4435	4516	8972
5	4677	4673	4636	8973
5	4546	4461	4522	8974
5	4486	4461	4447	8975
5	4527	4490	4477	8976
5	4523	4487	4483	8977
5	4489	4452	4488	8978
5	4489	4380	4452	8979
5	4611	4561	4577	8980
5	4526	4485	4484	8981
5	4527	4477	4491	8982
5	4491	4445	4487	8983
5	4527	4470	4490	8984
5	4491	4477	4421	8985
5	4652	4609	4588	8986
5	4582	4544	4570	8987
5	4493	4464	4418	8988
5	4493	4418	4475	8989
5	4494	4455	4434	8990
5	4494	4434	4457	8991
5	4509	4429	4458	8992
5	4495	4458	4472	8993
5	4531	4464	4493	8994
5	4558	4517	4516	8995
5	4497	4460	4417	8996
5	4497	4417	4455	8997
5	4518	4478	4517	8998
5	4516	4462	4498	8999
5	4499	4471	4432	9000
5	4499	4432	4454	9001
5	4500	4483	4433	9002
5	4500	4433	4476	9003
5	4520	4482	4481	9004
5	4547	4520	4481	9005
5	4535	4463	4532	9006
5	4532	4463	4502	9007
5	4607	4495	4604	9008
5	4503	4422	4402	9009
5	4549	4459	4496	9010
5	4655	4605	4639	9011
5	4565	4505	4563	9012
5	4527	4491	4505	9013
5	4606	4531	4567	9014
5	4590	4557	4519	9015
5	4510	4446	4468	9016
5	4550	4498	4469	9017
5	4534	4508	4533	9018
5	4561	4521	4520	9019
5	4536	4483	4500	9020
5	4607	4586	4540	9021
5	4558	4516	4556	9022
5	4564	4526	4534	9023
5	4609	4608	4587	9024
5	4541	4455	4494	9025
5	4512	4488	4451	9026
5	4512	4451	4466	9027
5	4592	4555	4554	9028
5	4619	4588	4548	9029
5	4514	4499	4454	9030
5	4514	4454	4459	9031
5	4555	4513	4554	9032
5	4576	4515	4555	9033
5	4674	4616	4644	9034
5	4560	4519	4518	9035
5	4578	4552	4564	9036
5	4559	4517	4558	9037
5	4632	4595	4620	9038
5	4620	4595	4557	9039
5	4634	4597	4596	9040
5	4559	4518	4517	9041
5	4521	4466	4423	9042
5	4521	4423	4482	9043
5	4909	4870	4819	9044
5	4562	4521	4561	9045
5	4563	4505	4523	9046
5	4694	4660	4614	9047
5	4570	4492	4546	9048
5	4523	4505	4487	9049
5	4524	4522	4486	9050
5	4524	4486	4470	9051
5	4598	4559	4597	9052
5	4648	4577	4613	9053
5	4534	4526	4508	9054
5	4526	4507	4485	9055
5	4568	4546	4522	9056
5	4527	4524	4470	9057
5	4617	4536	4572	9058
5	4754	4739	4744	9059
5	4565	4529	4524	9060
5	4536	4523	4483	9061
5	4777	4719	4774	9062
5	4530	4457	4427	9063
5	4567	4531	4493	9064
5	4589	4543	4514	9065
5	4648	4611	4577	9066
5	4626	4584	4537	9067
5	4613	4547	4574	9068
5	4576	4537	4515	9069
5	4560	4518	4559	9070
5	4550	4469	4510	9071
5	4579	4533	4525	9072
5	4547	4481	4501	9073
5	4658	4607	4604	9074
5	4664	4624	4641	9075
5	4584	4502	4537	9076
5	4711	4675	4685	9077
5	4538	4528	4471	9078
5	4538	4471	4499	9079
5	4647	4614	4586	9080
5	4586	4509	4540	9081
5	4586	4551	4509	9082
5	4551	4476	4509	9083
5	4554	4511	4553	9084
5	4609	4587	4541	9085
5	4611	4599	4561	9086
5	4649	4579	4637	9087
5	4543	4538	4499	9088
5	4543	4499	4514	9089
5	4544	4530	4427	9090
5	4544	4427	4474	9091
5	4712	4646	4693	9092
5	4606	4575	4531	9093
5	4607	4540	4495	9094
5	4615	4563	4569	9095
5	4574	4501	4535	9096
5	4880	4848	4845	9097
5	4588	4541	4494	9098
5	4548	4494	4457	9099
5	4621	4566	4543	9100
5	4549	4514	4459	9101
5	4596	4556	4594	9102
5	4590	4519	4560	9103
5	4572	4500	4551	9104
5	4678	4650	4615	9105
5	4552	4550	4510	9106
5	4552	4510	4507	9107
5	4777	4753	4719	9108
5	4592	4554	4591	9109
5	4619	4548	4583	9110
5	4591	4554	4553	9111
5	4651	4576	4618	9112
5	4745	4726	4741	9113
5	4593	4552	4578	9114
5	4632	4545	4595	9115
5	4620	4557	4590	9116
5	4557	4506	4480	9117
5	4579	4525	4542	9118
5	4595	4506	4557	9119
5	4593	4550	4552	9120
5	4594	4556	4550	9121
5	4666	4598	4635	9122
5	4596	4558	4556	9123
5	4562	4512	4466	9124
5	4562	4466	4521	9125
5	4902	4828	4866	9126
5	4677	4636	4640	9127
5	4568	4522	4529	9128
5	4585	4565	4563	9129
5	4564	4552	4507	9130
5	4564	4507	4526	9131
5	4565	4524	4527	9132
5	4565	4527	4505	9133
5	4621	4543	4589	9134
5	4716	4686	4667	9135
5	4681	4645	4610	9136
5	4712	4676	4646	9137
5	4609	4541	4588	9138
5	4625	4582	4624	9139
5	4779	4720	4746	9140
5	4641	4624	4602	9141
5	4624	4570	4602	9142
5	4617	4569	4536	9143
5	4581	4538	4566	9144
5	4604	4495	4539	9145
5	4650	4627	4585	9146
5	4655	4603	4605	9147
5	4574	4535	4573	9148
5	4573	4535	4532	9149
5	4599	4562	4561	9150
5	4763	4734	4689	9151
5	4575	4549	4496	9152
5	4575	4496	4531	9153
5	4638	4612	4584	9154
5	4665	4591	4608	9155
5	4577	4561	4520	9156
5	4577	4520	4547	9157
5	4580	4564	4534	9158
5	4622	4533	4579	9159
5	4630	4578	4623	9160
5	4580	4534	4533	9161
5	4690	4611	4648	9162
5	4622	4580	4533	9163
5	4581	4571	4528	9164
5	4581	4528	4538	9165
5	4732	4663	4703	9166
5	4678	4615	4643	9167
5	4703	4625	4664	9168
5	4701	4641	4661	9169
5	4638	4584	4626	9170
5	4747	4679	4713	9171
5	4615	4585	4563	9172
5	4627	4529	4585	9173
5	4667	4567	4632	9174
5	4693	4646	4621	9175
5	4587	4553	4497	9176
5	4587	4497	4541	9177
5	4713	4679	4654	9178
5	4653	4608	4609	9179
5	4715	4693	4642	9180
5	4776	4742	4709	9181
5	4736	4645	4681	9182
5	4707	4666	4635	9183
5	4704	4653	4696	9184
5	4766	4695	4727	9185
5	4848	4810	4845	9186
5	4713	4654	4675	9187
5	4597	4558	4596	9188
5	4594	4550	4593	9189
5	4662	4580	4622	9190
5	4623	4578	4580	9191
5	4667	4606	4567	9192
5	4595	4545	4506	9193
5	4630	4593	4578	9194
5	4631	4593	4630	9195
5	4709	4672	4671	9196
5	4635	4598	4597	9197
5	4631	4594	4593	9198
5	4633	4596	4594	9199
5	4600	4562	4599	9200
5	4600	4512	4562	9201
5	4633	4594	4631	9202
5	4637	4579	4542	9203
5	4601	4581	4566	9204
5	4676	4601	4646	9205
5	4602	4570	4546	9206
5	4602	4546	4568	9207
5	4698	4655	4682	9208
5	4768	4678	4725	9209
5	4657	4604	4603	9210
5	4650	4585	4615	9211
5	4605	4603	4571	9212
5	4605	4571	4581	9213
5	4628	4549	4575	9214
5	4716	4667	4680	9215
5	4647	4586	4607	9216
5	4646	4601	4566	9217
5	4608	4591	4553	9218
5	4608	4553	4587	9219
5	4717	4650	4678	9220
5	4625	4583	4582	9221
5	4610	4590	4560	9222
5	4610	4560	4598	9223
5	4735	4690	4695	9224
5	4636	4600	4599	9225
5	4612	4573	4532	9226
5	4612	4532	4584	9227
5	4640	4636	4599	9228
5	4719	4644	4683	9229
5	4614	4572	4551	9230
5	4614	4551	4586	9231
5	4660	4617	4572	9232
5	4661	4568	4627	9233
5	4616	4613	4574	9234
5	4616	4574	4573	9235
5	4725	4678	4643	9236
5	4643	4569	4617	9237
5	4618	4576	4555	9238
5	4618	4555	4592	9239
5	4652	4588	4619	9240
5	4683	4644	4612	9241
5	4671	4634	4633	9242
5	4749	4681	4729	9243
5	4676	4639	4601	9244
5	4628	4589	4549	9245
5	4932	4873	4888	9246
5	4742	4672	4709	9247
5	4640	4599	4611	9248
5	4687	4662	4622	9249
5	4775	4724	4740	9250
5	4797	4758	4732	9251
5	4720	4703	4664	9252
5	4643	4615	4569	9253
5	4689	4626	4651	9254
5	4763	4689	4651	9255
5	4663	4583	4625	9256
5	4661	4641	4602	9257
5	4714	4656	4686	9258
5	4680	4632	4620	9259
5	4629	4592	4591	9260
5	4665	4629	4591	9261
5	4803	4728	4761	9262
5	4634	4596	4633	9263
5	4669	4633	4631	9264
5	4635	4597	4634	9265
5	4681	4610	4666	9266
5	4632	4567	4545	9267
5	4672	4634	4671	9268
5	4687	4622	4649	9269
5	4668	4631	4630	9270
5	4730	4670	4692	9271
5	4709	4671	4708	9272
5	4672	4635	4634	9273
5	4637	4600	4636	9274
5	4637	4542	4600	9275
5	4662	4623	4580	9276
5	4680	4667	4632	9277
5	4651	4626	4576	9278
5	4755	4675	4711	9279
5	4639	4605	4601	9280
5	4849	4781	4823	9281
5	4752	4718	4735	9282
5	4814	4777	4774	9283
5	4764	4748	4737	9284
5	4660	4572	4614	9285
5	4642	4621	4589	9286
5	4642	4589	4628	9287
5	4739	4698	4710	9288
5	4684	4617	4660	9289
5	4644	4616	4573	9290
5	4644	4573	4612	9291
5	4645	4620	4590	9292
5	4645	4590	4610	9293
5	4693	4621	4642	9294
5	4849	4829	4781	9295
5	4699	4657	4698	9296
5	4684	4643	4617	9297
5	4722	4662	4687	9298
5	4690	4640	4611	9299
5	4708	4669	4705	9300
5	4723	4649	4673	9301
5	4724	4688	4701	9302
5	4661	4602	4568	9303
5	4794	4713	4755	9304
5	4683	4612	4638	9305
5	4665	4608	4653	9306
5	4653	4609	4652	9307
5	4704	4665	4653	9308
5	4704	4685	4665	9309
5	4654	4618	4592	9310
5	4654	4592	4629	9311
5	4698	4657	4655	9312
5	4658	4604	4657	9313
5	4656	4628	4575	9314
5	4656	4575	4606	9315
5	4748	4721	4737	9316
5	4658	4647	4607	9317
5	4799	4784	4748	9318
5	4829	4756	4781	9319
5	4659	4648	4613	9320
5	4659	4613	4616	9321
5	4757	4684	4721	9322
5	4821	4790	4750	9323
5	4700	4627	4650	9324
5	4700	4661	4627	9325
5	4669	4631	4668	9326
5	4671	4633	4669	9327
5	4702	4619	4663	9328
5	4663	4619	4583	9329
5	4801	4741	4773	9330
5	4664	4625	4624	9331
5	4778	4651	4679	9332
5	4877	4779	4817	9333
5	4729	4666	4707	9334
5	4759	4715	4691	9335
5	4715	4642	4691	9336
5	4714	4691	4656	9337
5	4735	4718	4690	9338
5	4820	4783	4776	9339
5	4761	4718	4752	9340
5	4707	4635	4672	9341
5	4670	4668	4630	9342
5	4670	4630	4623	9343
5	4762	4729	4707	9344
5	4692	4623	4662	9345
5	4731	4708	4705	9346
5	4762	4707	4742	9347
5	4673	4649	4637	9348
5	4673	4637	4636	9349
5	4774	4683	4734	9350
5	4878	4803	4841	9351
5	4675	4654	4629	9352
5	4703	4663	4625	9353
5	4838	4805	4816	9354
5	4836	4795	4744	9355
5	4921	4858	4881	9356
5	4803	4761	4780	9357
5	4732	4702	4663	9358
5	4771	4726	4745	9359
5	4679	4651	4618	9360
5	4679	4618	4654	9361
5	5001	4966	4941	9362
5	4680	4620	4645	9363
5	4765	4686	4716	9364
5	4708	4671	4669	9365
5	4682	4655	4639	9366
5	4733	4682	4639	9367
5	4842	4747	4819	9368
5	4719	4674	4644	9369
5	5058	5001	5021	9370
5	4694	4614	4647	9371
5	4685	4675	4629	9372
5	4685	4629	4665	9373
5	4686	4656	4606	9374
5	4686	4606	4667	9375
5	4692	4670	4623	9376
5	4705	4669	4668	9377
5	4688	4664	4641	9378
5	4757	4721	4748	9379
5	4734	4638	4689	9380
5	4689	4638	4626	9381
5	4766	4735	4695	9382
5	4807	4788	4769	9383
5	4691	4642	4628	9384
5	4691	4628	4656	9385
5	4765	4714	4686	9386
5	4772	4716	4680	9387
5	4733	4639	4676	9388
5	4836	4744	4785	9389
5	4751	4732	4703	9390
5	5133	5060	5082	9391
5	4695	4690	4648	9392
5	4695	4648	4659	9393
5	4696	4653	4652	9394
5	4779	4751	4720	9395
5	4697	4694	4647	9396
5	4697	4647	4658	9397
5	4699	4658	4657	9398
5	4965	4937	4909	9399
5	4790	4733	4750	9400
5	4764	4738	4754	9401
5	4701	4661	4700	9402
5	4701	4688	4641	9403
5	4916	4911	4913	9404
5	4905	4817	4857	9405
5	4702	4696	4652	9406
5	4702	4652	4619	9407
5	4720	4664	4688	9408
5	4809	4746	4724	9409
5	5095	232	5043	9410
5	4981	4951	4975	9411
5	4761	4677	4718	9412
5	4731	4705	4706	9413
5	4706	4705	4668	9414
5	4706	4668	4670	9415
5	4742	4707	4672	9416
5	4729	4681	4666	9417
5	4851	4835	4834	9418
5	4854	4783	4820	9419
5	4807	4767	4788	9420
5	4789	4769	4788	9421
5	4710	4698	4682	9422
5	4770	4682	4733	9423
5	4822	4794	4755	9424
5	5012	4946	4988	9425
5	4885	4816	4865	9426
5	4947	4888	4934	9427
5	4855	4822	4787	9428
5	4794	4747	4713	9429
5	4772	4680	4736	9430
5	4886	4849	4823	9431
5	4756	4712	4693	9432
5	4770	4710	4682	9433
5	4826	4796	4765	9434
5	4749	4736	4681	9435
5	4740	4724	4701	9436
5	4717	4700	4650	9437
5	4718	4677	4640	9438
5	4718	4640	4690	9439
5	4856	4841	4780	9440
5	4864	4791	4824	9441
5	4901	4813	4837	9442
5	4751	4703	4720	9443
5	4721	4684	4660	9444
5	4721	4660	4694	9445
5	4730	4706	4670	9446
5	4722	4692	4662	9447
5	4723	4722	4687	9448
5	4723	4687	4649	9449
5	4740	4700	4717	9450
5	4725	4643	4684	9451
5	4740	4701	4700	9452
5	4818	4784	4799	9453
5	4726	4711	4685	9454
5	4726	4685	4704	9455
5	4727	4695	4659	9456
5	4727	4659	4674	9457
5	4728	4723	4673	9458
5	4728	4673	4677	9459
5	4783	4742	4776	9460
5	4736	4680	4645	9461
5	4743	4708	4731	9462
5	4731	4706	4730	9463
5	4858	4793	4835	9464
5	4793	4776	4743	9465
5	4758	4702	4732	9466
5	4850	4846	4812	9467
5	4756	4693	4715	9468
5	4785	4710	4770	9469
5	4774	4719	4683	9470
5	4734	4683	4638	9471
5	4791	4735	4766	9472
5	4883	4864	4824	9473
5	4806	4716	4772	9474
5	4879	4806	4843	9475
5	4737	4721	4694	9476
5	4737	4694	4697	9477
5	4738	4737	4697	9478
5	4738	4697	4699	9479
5	4739	4738	4699	9480
5	4739	4699	4698	9481
5	4799	4748	4764	9482
5	4757	4725	4684	9483
5	4741	4726	4704	9484
5	4741	4704	4696	9485
5	4793	4743	4760	9486
5	4767	4723	4728	9487
5	4776	4709	4743	9488
5	4743	4709	4708	9489
5	4744	4739	4710	9490
5	4785	4744	4710	9491
5	4773	4741	4696	9492
5	4859	4785	4815	9493
5	4746	4720	4688	9494
5	4746	4688	4724	9495
5	4833	4763	4778	9496
5	4755	4713	4675	9497
5	4754	4738	4739	9498
5	4805	4754	4795	9499
5	4811	4736	4749	9500
5	4806	4765	4716	9501
5	4750	4733	4676	9502
5	4750	4676	4712	9503
5	4758	4696	4702	9504
5	4801	4745	4741	9505
5	4778	4679	4747	9506
5	4875	4842	4870	9507
5	4753	4727	4674	9508
5	4753	4674	4719	9509
5	4764	4737	4738	9510
5	4890	4853	4818	9511
5	4771	4711	4726	9512
5	4982	4959	4919	9513
5	5128	5067	5084	9514
5	4759	4691	4714	9515
5	4800	4775	4786	9516
5	4768	4717	4678	9517
5	4773	4696	4758	9518
5	4845	4810	4745	9519
5	4914	4897	4849	9520
5	4821	4750	4782	9521
5	4760	4743	4731	9522
5	4789	4730	4769	9523
5	4803	4767	4728	9524
5	4761	4728	4677	9525
5	4820	4776	4793	9526
5	4918	4889	4896	9527
5	4804	4774	4734	9528
5	4798	4727	4753	9529
5	4923	4867	4908	9530
5	4784	4757	4748	9531
5	4904	4827	4863	9532
5	4915	4852	4882	9533
5	4804	4734	4763	9534
5	4828	4753	4777	9535
5	4791	4752	4735	9536
5	4807	4723	4767	9537
5	4808	4725	4757	9538
5	4892	4857	4825	9539
5	4769	4730	4692	9540
5	4769	4692	4722	9541
5	4790	4770	4733	9542
5	4903	4879	4843	9543
5	4855	4787	4830	9544
5	5078	5043	232	9545
5	4826	4765	4806	9546
5	4831	4762	4783	9547
5	4797	4732	4751	9548
5	4812	4758	4797	9549
5	4978	4939	4902	9550
5	4814	4774	4804	9551
5	4825	4809	4775	9552
5	4809	4724	4775	9553
5	4783	4762	4742	9554
5	4835	4793	4760	9555
5	4798	4766	4727	9556
5	4864	4832	4791	9557
5	4833	4804	4763	9558
5	4778	4763	4651	9559
5	4850	4812	4813	9560
5	4837	4751	4779	9561
5	4780	4761	4752	9562
5	5000	4958	4940	9563
5	4781	4756	4715	9564
5	4781	4715	4759	9565
5	4782	4750	4712	9566
5	4782	4712	4756	9567
5	4941	4904	4863	9568
5	4992	4922	4963	9569
5	4786	4717	4768	9570
5	4808	4768	4725	9571
5	4829	4782	4756	9572
5	4872	4825	4775	9573
5	4786	4775	4740	9574
5	4786	4740	4717	9575
5	4787	4755	4711	9576
5	4787	4711	4771	9577
5	4802	4760	4731	9578
5	4789	4731	4730	9579
5	4802	4731	4789	9580
5	4834	4760	4802	9581
5	5028	4950	4993	9582
5	4873	4790	4821	9583
5	4891	4841	4856	9584
5	4866	4777	4814	9585
5	4792	4749	4729	9586
5	4792	4729	4762	9587
5	4835	4760	4834	9588
5	4827	4811	4749	9589
5	4847	4794	4822	9590
5	4948	4898	4937	9591
5	4795	4754	4744	9592
5	4865	4795	4836	9593
5	4796	4759	4714	9594
5	4796	4714	4765	9595
5	4890	4818	4867	9596
5	5062	5013	5008	9597
5	4982	4919	4956	9598
5	4828	4798	4753	9599
5	4865	4816	4795	9600
5	4867	4818	4838	9601
5	4800	4786	4768	9602
5	4808	4800	4768	9603
5	4906	4865	4836	9604
5	4845	4745	4801	9605
5	4839	4789	4788	9606
5	4966	4904	4941	9607
5	4922	4854	4893	9608
5	4840	4767	4803	9609
5	4871	4804	4833	9610
5	4871	4814	4804	9611
5	4805	4799	4764	9612
5	4805	4764	4754	9613
5	4811	4772	4736	9614
5	4914	4849	4886	9615
5	4807	4769	4722	9616
5	4807	4722	4723	9617
5	4808	4757	4784	9618
5	4844	4808	4784	9619
5	4924	4882	4879	9620
5	4837	4797	4751	9621
5	4810	4771	4745	9622
5	4905	4877	4817	9623
5	4831	4792	4762	9624
5	4895	4831	4854	9625
5	4846	4773	4812	9626
5	4812	4773	4758	9627
5	4813	4812	4797	9628
5	4837	4813	4797	9629
5	4998	4925	4972	9630
5	4894	4856	4832	9631
5	4815	4785	4770	9632
5	4815	4770	4790	9633
5	4816	4805	4795	9634
5	5069	4984	5011	9635
5	4817	4779	4746	9636
5	4817	4746	4809	9637
5	4913	4853	4890	9638
5	4933	4880	4899	9639
5	4819	4747	4794	9640
5	4822	4755	4787	9641
5	4854	4831	4783	9642
5	4843	4772	4811	9643
5	4873	4815	4790	9644
5	4906	4836	4859	9645
5	4847	4819	4794	9646
5	4972	4925	4898	9647
5	4823	4781	4759	9648
5	4823	4759	4796	9649
5	4824	4791	4766	9650
5	4824	4766	4798	9651
5	4916	4913	4890	9652
5	4857	4817	4809	9653
5	4958	4903	4940	9654
5	4827	4749	4792	9655
5	4903	4843	4874	9656
5	4904	4874	4827	9657
5	5076	5025	5071	9658
5	4972	4898	4948	9659
5	4879	4826	4806	9660
5	5047	5004	5017	9661
5	4830	4787	4771	9662
5	4830	4771	4810	9663
5	4895	4863	4831	9664
5	4858	4820	4793	9665
5	4832	4780	4752	9666
5	4832	4752	4791	9667
5	4866	4828	4777	9668
5	4925	4871	4875	9669
5	4876	4788	4840	9670
5	4840	4788	4767	9671
5	4856	4780	4832	9672
5	4928	4841	4891	9673
5	4859	4836	4785	9674
5	4897	4829	4849	9675
5	4951	4933	4938	9676
5	4877	4837	4779	9677
5	4838	4818	4799	9678
5	4838	4799	4805	9679
5	4839	4834	4802	9680
5	4839	4802	4789	9681
5	5143	5129	5081	9682
5	4921	4893	4858	9683
5	5044	4992	5024	9684
5	4841	4803	4780	9685
5	4842	4833	4778	9686
5	4842	4778	4747	9687
5	4886	4823	4852	9688
5	4843	4806	4772	9689
5	4997	4914	4954	9690
5	4844	4800	4808	9691
5	5144	5104	5115	9692
5	4861	4810	4848	9693
5	4899	4801	4846	9694
5	4846	4801	4773	9695
5	5077	5057	5014	9696
5	4925	4875	4898	9697
5	5037	4957	4994	9698
5	4942	4907	4848	9699
5	4941	4863	4895	9700
5	5004	4932	4947	9701
5	4901	4837	4877	9702
5	4857	4809	4825	9703
5	4939	4860	4902	9704
5	5060	5015	4996	9705
5	4852	4823	4796	9706
5	4852	4796	4826	9707
5	4853	4844	4784	9708
5	4853	4784	4818	9709
5	4958	4924	4903	9710
5	4924	4879	4903	9711
5	4861	4830	4810	9712
5	5078	232	233	9713
5	4960	4920	4889	9714
5	5015	4983	4960	9715
5	4976	4905	4929	9716
5	4929	4857	4892	9717
5	4960	4889	4918	9718
5	4889	4851	4869	9719
5	5006	4935	4976	9720
5	5047	5018	5004	9721
5	4860	4824	4798	9722
5	4860	4798	4828	9723
5	5117	233	234	9724
5	4961	4880	4933	9725
5	4862	4821	4782	9726
5	4862	4782	4829	9727
5	4863	4827	4792	9728
5	4863	4792	4831	9729
5	5005	4948	4937	9730
5	4883	4824	4860	9731
5	4932	4900	4873	9732
5	4923	4890	4867	9733
5	4910	4866	4814	9734
5	4996	4918	4974	9735
5	4885	4868	4816	9736
5	4908	4867	4868	9737
5	4868	4867	4838	9738
5	4868	4838	4816	9739
5	4869	4851	4834	9740
5	4869	4834	4839	9741
5	4870	4842	4819	9742
5	4909	4819	4847	9743
5	4937	4898	4870	9744
5	4910	4814	4871	9745
5	4872	4775	4800	9746
5	5017	4947	4984	9747
5	4897	4862	4829	9748
5	4954	4914	4886	9749
5	4874	4843	4811	9750
5	4874	4811	4827	9751
5	4875	4871	4833	9752
5	4875	4833	4842	9753
5	4876	4869	4839	9754
5	4876	4839	4788	9755
5	4987	4971	4977	9756
5	4929	4905	4857	9757
5	4928	4912	4878	9758
5	4878	4840	4803	9759
5	4872	4800	4844	9760
5	4913	4844	4853	9761
5	4988	4946	4957	9762
5	4899	4846	4850	9763
5	4881	4858	4835	9764
5	4881	4835	4851	9765
5	4882	4852	4826	9766
5	4882	4826	4879	9767
5	5042	4972	5009	9768
5	4894	4832	4864	9769
5	4884	4847	4822	9770
5	4884	4822	4855	9771
5	5093	5047	5017	9772
5	5079	5050	5016	9773
5	4915	4886	4852	9774
5	4934	4888	4862	9775
5	4887	4855	4830	9776
5	4887	4830	4861	9777
5	4888	4873	4821	9778
5	4888	4821	4862	9779
5	4928	4878	4841	9780
5	5163	5120	5160	9781
5	5080	5063	5028	9782
5	4975	4901	4935	9783
5	4912	4840	4878	9784
5	5106	5066	5073	9785
5	5038	4971	4987	9786
5	5080	5028	5050	9787
5	4893	4854	4820	9788
5	4893	4820	4858	9789
5	4936	4864	4883	9790
5	4936	4894	4864	9791
5	5044	5021	4992	9792
5	4922	4895	4854	9793
5	4896	4889	4869	9794
5	4896	4869	4876	9795
5	5090	5011	5053	9796
5	4964	4934	4897	9797
5	4898	4875	4870	9798
5	4965	4909	4917	9799
5	4899	4880	4845	9800
5	4899	4845	4801	9801
5	4900	4859	4815	9802
5	4900	4815	4873	9803
5	4938	4850	4901	9804
5	4901	4850	4813	9805
5	4944	4866	4910	9806
5	4902	4860	4828	9807
5	4940	4903	4874	9808
5	5031	4966	5001	9809
5	4940	4874	4904	9810
5	4967	4895	4922	9811
5	5022	4968	4995	9812
5	4916	4892	4911	9813
5	5156	215	216	9814
5	5050	5028	4993	9815
5	4907	4861	4848	9816
5	4942	4848	4880	9817
5	4943	4908	4868	9818
5	4943	4868	4885	9819
5	4937	4870	4909	9820
5	5046	4980	5012	9821
5	5200	5143	5176	9822
5	4944	4910	4925	9823
5	4911	4892	4825	9824
5	4911	4825	4872	9825
5	4912	4896	4876	9826
5	4912	4876	4840	9827
5	4913	4911	4872	9828
5	4913	4872	4844	9829
5	5035	4997	4954	9830
5	4934	4862	4897	9831
5	5007	4924	4958	9832
5	4964	4897	4914	9833
5	4994	4942	4961	9834
5	4990	4929	4973	9835
5	4917	4909	4847	9836
5	4917	4847	4884	9837
5	4939	4883	4860	9838
5	4952	4891	4927	9839
5	4919	4884	4855	9840
5	4919	4855	4887	9841
5	4920	4881	4851	9842
5	4920	4851	4889	9843
5	5143	5081	5133	9844
5	5082	5060	5026	9845
5	4966	4940	4904	9846
5	5052	5024	4991	9847
5	4995	4968	4923	9848
5	4995	4923	4971	9849
5	4967	4941	4895	9850
5	5103	5010	5056	9851
5	5054	5039	5042	9852
5	4925	4910	4871	9853
5	4926	4885	4865	9854
5	4926	4865	4906	9855
5	4927	4891	4856	9856
5	4927	4856	4894	9857
5	4928	4896	4912	9858
5	5070	5054	5009	9859
5	4973	4892	4916	9860
5	4935	4877	4905	9861
5	4930	4906	4859	9862
5	4930	4859	4900	9863
5	4931	4887	4861	9864
5	4931	4861	4907	9865
5	5170	5153	5124	9866
5	4928	4918	4896	9867
5	4961	4942	4880	9868
5	4935	4901	4877	9869
5	4997	4964	4914	9870
5	4947	4932	4888	9871
5	4976	4935	4905	9872
5	4973	4929	4892	9873
5	4974	4891	4952	9874
5	5026	4974	4952	9875
5	5013	4965	5008	9876
5	5039	4985	4978	9877
5	4938	4933	4899	9878
5	4938	4899	4850	9879
5	5102	5054	5100	9880
5	5034	4970	4985	9881
5	5101	5021	5044	9882
5	5114	5084	5059	9883
5	5001	4941	4967	9884
5	4996	4960	4918	9885
5	5012	4980	4946	9886
5	5032	4961	5003	9887
5	5002	4943	4950	9888
5	5022	4916	4968	9889
5	4978	4902	4944	9890
5	4944	4902	4866	9891
5	4945	4915	4882	9892
5	4945	4882	4924	9893
5	4946	4931	4907	9894
5	5003	4933	4951	9895
5	5028	5002	4950	9896
5	5004	4962	4932	9897
5	5005	4937	4965	9898
5	5111	5077	235	9899
5	4949	4927	4894	9900
5	4949	4894	4936	9901
5	4950	4943	4885	9902
5	4950	4885	4926	9903
5	5091	5033	5066	9904
5	5006	4981	4975	9905
5	5026	4996	4974	9906
5	5055	5034	4985	9907
5	4953	4921	4881	9908
5	4953	4881	4920	9909
5	4979	4915	4945	9910
5	4979	4955	4915	9911
5	4955	4954	4886	9912
5	4955	4886	4915	9913
5	4956	4919	4887	9914
5	4956	4887	4931	9915
5	4957	4946	4907	9916
5	4957	4907	4942	9917
5	5085	5031	5058	9918
5	5067	4979	5030	9919
5	4959	4917	4884	9920
5	4959	4884	4919	9921
5	5060	4996	5026	9922
5	5031	5000	4966	9923
5	5141	5061	5105	9924
5	5003	4961	4933	9925
5	4962	4930	4900	9926
5	4962	4900	4932	9927
5	4963	4922	4893	9928
5	4963	4893	4921	9929
5	5175	212	213	9930
5	5132	5069	5090	9931
5	5171	239	5148	9932
5	5040	4948	5005	9933
5	5000	4940	4966	9934
5	5059	5030	5007	9935
5	5024	4963	4991	9936
5	4992	4967	4922	9937
5	4968	4916	4890	9938
5	4968	4890	4923	9939
5	4969	4926	4906	9940
5	4969	4906	4930	9941
5	4970	4936	4883	9942
5	4970	4883	4939	9943
5	4971	4923	4908	9944
5	5097	5019	5049	9945
5	4998	4944	4925	9946
5	5144	5116	5104	9947
5	5006	4975	4935	9948
5	5049	5019	5022	9949
5	4974	4918	4928	9950
5	4974	4928	4891	9951
5	4975	4951	4938	9952
5	4975	4938	4901	9953
5	5187	243	5160	9954
5	5033	4981	5006	9955
5	4977	4971	4908	9956
5	4977	4908	4943	9957
5	5086	5070	5040	9958
5	5034	4999	4970	9959
5	5035	4954	5027	9960
5	5059	5007	5010	9961
5	4980	4956	4931	9962
5	4980	4931	4946	9963
5	4990	4976	4929	9964
5	5065	4981	5033	9965
5	5111	5057	5077	9966
5	5057	5036	4982	9967
5	4983	4953	4920	9968
5	4983	4920	4960	9969
5	4984	4947	4934	9970
5	4984	4934	4964	9971
5	4985	4970	4939	9972
5	4985	4939	4978	9973
5	4986	4952	4927	9974
5	4986	4927	4949	9975
5	5002	4977	4943	9976
5	5050	4993	5016	9977
5	5105	5029	5065	9978
5	5037	4988	4957	9979
5	4989	4969	4930	9980
5	4989	4930	4962	9981
5	5065	5029	4981	9982
5	5066	5033	5041	9983
5	4991	4963	4921	9984
5	4991	4921	4953	9985
5	5025	4953	4983	9986
5	5071	4983	5015	9987
5	4993	4950	4926	9988
5	4993	4926	4969	9989
5	5204	213	214	9990
5	4994	4957	4942	9991
5	5038	4995	4971	9992
5	5070	5009	5040	9993
5	5015	4960	4996	9994
5	5026	4952	4986	9995
5	5017	5004	4947	9996
5	5172	5156	216	9997
5	5039	4978	4998	9998
5	4998	4978	4944	9999
5	4999	4949	4936	10000
5	4999	4936	4970	10001
5	5108	5074	5027	10002
5	5007	4945	4924	10003
5	5024	4992	4963	10004
5	5225	5200	5218	10005
5	5068	4987	5020	10006
5	5150	5079	5110	10007
5	5032	4994	4961	10008
5	5094	4994	5032	10009
5	5069	5017	4984	10010
5	5090	5069	5011	10011
5	5013	5005	4965	10012
5	5040	5009	4948	10013
5	5041	4976	4990	10014
5	5091	5065	5033	10015
5	5112	5099	5074	10016
5	5056	5000	5031	10017
5	5008	4965	4917	10018
5	5008	4917	4959	10019
5	5055	4985	5039	10020
5	5009	4972	4948	10021
5	5010	5007	4958	10022
5	5010	4958	5000	10023
5	5011	4984	4964	10024
5	5011	4964	4997	10025
5	5014	4982	4956	10026
5	5014	4956	4980	10027
5	5221	5203	245	10028
5	5116	5064	5104	10029
5	5117	5078	233	10030
5	5077	5014	5046	10031
5	5118	5044	5089	10032
5	5025	4991	4953	10033
5	5016	4993	4969	10034
5	5016	4969	4989	10035
5	5142	5135	5093	10036
5	5175	5142	5132	10037
5	5018	4989	4962	10038
5	5018	4962	5004	10039
5	5019	4990	4973	10040
5	5073	4990	5019	10041
5	5020	4987	4977	10042
5	5020	4977	5002	10043
5	5021	5001	4967	10044
5	5021	4967	4992	10045
5	5022	5019	4973	10046
5	5022	4973	4916	10047
5	5023	4986	4949	10048
5	5023	4949	4999	10049
5	5188	5119	5154	10050
5	5056	5010	5000	10051
5	5071	5025	4983	10052
5	5052	4991	5025	10053
5	5120	5083	5102	10054
5	5082	5026	5045	10055
5	5027	4954	4955	10056
5	5027	4955	4979	10057
5	5079	5016	5048	10058
5	5216	228	5179	10059
5	5029	5003	4951	10060
5	5029	4951	4981	10061
5	5030	4979	4945	10062
5	5030	4945	5007	10063
5	5081	5015	5060	10064
5	5058	5031	5001	10065
5	5121	5088	5094	10066
5	5095	5043	5072	10067
5	5198	222	5194	10068
5	5123	5091	5066	10069
5	5126	5051	5083	10070
5	5173	5145	5163	10071
5	5125	5053	5099	10072
5	5125	5090	5053	10073
5	5036	5008	4959	10074
5	5036	4959	4982	10075
5	5136	231	5095	10076
5	5204	5175	213	10077
5	5075	5038	4987	10078
5	5049	4995	5038	10079
5	5126	5098	5051	10080
5	5055	5039	5054	10081
5	5102	5055	5054	10082
5	5100	5054	5070	10083
5	5041	5033	5006	10084
5	5041	5006	4976	10085
5	5042	5039	4998	10086
5	5042	4998	4972	10087
5	5043	5012	4988	10088
5	5095	231	232	10089
5	5119	5085	5058	10090
5	5169	5085	5119	10091
5	5045	5026	4986	10092
5	5045	4986	5023	10093
5	5057	4982	5014	10094
5	5046	5014	4980	10095
5	5172	5150	5110	10096
5	5127	5050	5079	10097
5	5048	5016	4989	10098
5	5048	4989	5018	10099
5	5182	209	210	10100
5	5181	5161	5167	10101
5	5127	5080	5050	10102
5	5172	5110	5156	10103
5	5051	5023	4999	10104
5	5051	4999	5034	10105
5	5076	5052	5025	10106
5	5118	5101	5044	10107
5	5053	5011	4997	10108
5	5053	4997	5035	10109
5	5054	5042	5009	10110
5	5086	5040	5064	10111
5	5163	5126	5120	10112
5	5193	243	244	10113
5	5067	5027	4979	10114
5	5103	5059	5010	10115
5	5133	5081	5060	10116
5	5062	5008	5036	10117
5	5085	5056	5031	10118
5	5199	5146	5190	10119
5	5101	5058	5021	10120
5	5149	5125	5099	10121
5	5212	5170	5201	10122
5	5218	5200	5176	10123
5	5061	5032	5003	10124
5	5061	5003	5029	10125
5	5115	5062	5087	10126
5	5115	5104	5062	10127
5	5063	5020	5002	10128
5	5063	5002	5028	10129
5	5064	5040	5005	10130
5	5064	5005	5013	10131
5	5094	5032	5061	10132
5	5130	5065	5091	10133
5	5164	5131	5107	10134
5	5049	5022	4995	10135
5	5108	5027	5067	10136
5	5215	209	5162	10137
5	5137	5063	5080	10138
5	5131	5068	5107	10139
5	5132	5093	5069	10140
5	5175	5132	5155	10141
5	5075	4987	5068	10142
5	5106	5073	5097	10143
5	5196	5176	5153	10144
5	5081	5071	5015	10145
5	5072	5043	4988	10146
5	5072	4988	5037	10147
5	5073	5066	5041	10148
5	5073	5041	4990	10149
5	5074	5035	5027	10150
5	5206	5162	5128	10151
5	5097	5073	5019	10152
5	5122	5075	5096	10153
5	5089	5044	5024	10154
5	5089	5024	5052	10155
5	5117	5046	5078	10156
5	5077	234	235	10157
5	5078	5046	5012	10158
5	5078	5012	5043	10159
5	5150	5127	5079	10160
5	5151	5137	5080	10161
5	5151	5080	5127	10162
5	5131	5096	5068	10163
5	5176	5143	5133	10164
5	5152	5113	5076	10165
5	5168	5139	5100	10166
5	5227	5218	5196	10167
5	5083	5051	5034	10168
5	5083	5034	5055	10169
5	5084	5067	5030	10170
5	5084	5030	5059	10171
5	5157	5114	5103	10172
5	5114	5059	5103	10173
5	5138	5070	5086	10174
5	5102	5083	5055	10175
5	5087	5062	5036	10176
5	5087	5036	5057	10177
5	5088	5072	5037	10178
5	5136	5095	5072	10179
5	5213	5190	5210	10180
5	5196	5153	5170	10181
5	5202	5157	5195	10182
5	5093	5017	5069	10183
5	5185	5165	5123	10184
5	5130	5105	5065	10185
5	5092	5048	5018	10186
5	5092	5018	5047	10187
5	5156	5110	5092	10188
5	5142	5093	5132	10189
5	5094	5088	5037	10190
5	5094	5037	4994	10191
5	5136	5072	5088	10192
5	5136	230	231	10193
5	5096	5075	5068	10194
5	5137	5107	5063	10195
5	5109	5038	5075	10196
5	5123	5066	5106	10197
5	5098	5045	5023	10198
5	5098	5023	5051	10199
5	5099	5053	5035	10200
5	5099	5035	5074	10201
5	5148	5086	5116	10202
5	5178	5135	5142	10203
5	5226	203	204	10204
5	5119	5058	5101	10205
5	5163	5145	5126	10206
5	5126	5083	5120	10207
5	5157	5103	5140	10208
5	5128	5108	5067	10209
5	5104	5064	5013	10210
5	5104	5013	5062	10211
5	5158	5141	5105	10212
5	5105	5061	5029	10213
5	5134	5106	5097	10214
5	5122	5109	5075	10215
NPOIN= 5233
9.997500181200000e-01	-3.633415620969706e-05	0
9.990000128750000e-01	-1.455814397963378e-04	1
9.977599978450000e-01	-3.287036875601059e-04	2
9.960200190539999e-01	-5.963831183534382e-04	3
9.937800168990000e-01	-9.704004171489262e-04	4
9.910500049590000e-01	-1.486425411714540e-03	5
9.878399968150000e-01	-2.191477040961697e-03	6
9.841300249100000e-01	-3.139185319607341e-03	7
9.799500107769999e-01	-4.350968171397182e-03	8
9.752799868580000e-01	-5.822252246813250e-03	9
9.701499938960000e-01	-7.486343741518421e-03	10
9.645400047300000e-01	-9.255873135145577e-03	11
9.584699869160000e-01	-1.102119606446710e-02	12
9.519400000570000e-01	-1.270143695105107e-02	13
9.449599981310000e-01	-1.425759806724720e-02	14
9.375399947170000e-01	-1.569925980006179e-02	15
9.296900033950000e-01	-1.707043019306704e-02	16
9.214000105860000e-01	-1.843047708288422e-02	17
9.126999974250000e-01	-1.982471099875599e-02	18
9.035800099370001e-01	-2.128682428628680e-02	19
8.940600156780000e-01	-2.282612196974445e-02	20
8.841500282290000e-01	-2.443880532301416e-02	21
8.738499879840000e-01	-2.611495484771035e-02	22
8.631799817090000e-01	-2.783944031033775e-02	23
8.521599769590000e-01	-2.959872226537208e-02	24
8.407700061800000e-01	-3.138825042752847e-02	25
8.290500044819999e-01	-3.319626464711045e-02	26
8.170099854470000e-01	-3.501710205518391e-02	27
8.046399950980000e-01	-3.684827588397241e-02	28
7.919700145720000e-01	-3.868084091218689e-02	29
7.790099978450000e-01	-4.050807891106407e-02	30
7.657799720760000e-01	-4.232102971809255e-02	31
7.522799968720000e-01	-4.411278633423814e-02	32
7.385200262070000e-01	-4.587454879649962e-02	33
7.245299816130000e-01	-4.759492136246136e-02	34
7.103199958800001e-01	-4.926531469100974e-02	35
6.958900094030001e-01	-5.087863959020028e-02	36
6.812700033190000e-01	-5.242508477150890e-02	37
6.664699912070000e-01	-5.389805797581008e-02	38
6.514999866490000e-01	-5.529193525006136e-02	39
6.363800168040000e-01	-5.660134554450477e-02	40
6.211299896240000e-01	-5.782236200303103e-02	41
6.057599782940000e-01	-5.895322690932481e-02	42
5.902799963950000e-01	-5.999341409500483e-02	43
5.747100114820000e-01	-6.094302068731264e-02	44
5.590599775310000e-01	-6.180404213631988e-02	45
5.433599948880000e-01	-6.257857474223273e-02	46
5.276100039480000e-01	-6.327130716800575e-02	47
5.118399858470000e-01	-6.388638082877139e-02	48
4.960500001910000e-01	-6.442986701997427e-02	49
4.802699983120000e-01	-6.490723219957846e-02	50
4.645099937920000e-01	-6.532496851132702e-02	51
4.487800002100000e-01	-6.568959146895058e-02	52
4.331099987030000e-01	-6.600708851408391e-02	53
4.174999892710000e-01	-6.628381416354703e-02	54
4.019699990750000e-01	-6.652523274509504e-02	55
3.865399956700000e-01	-6.673623712026987e-02	56
3.712300062180000e-01	-6.692099044343107e-02	57
3.560400009160000e-01	-6.708299704189082e-02	58
3.409900069240000e-01	-6.722452467743009e-02	59
3.261100053790000e-01	-6.734673398511581e-02	60
3.113999962810000e-01	-6.744993820616856e-02	61
2.968699932100000e-01	-6.753318575132100e-02	62
2.825500071050000e-01	-6.759427594982467e-02	63
2.684499919410000e-01	-6.763000881217361e-02	64
2.545700073240000e-01	-6.763605323742850e-02	65
2.409400045870000e-01	-6.760698985784191e-02	66
2.275699973110000e-01	-6.753646408805271e-02	67
2.144699990750000e-01	-6.741718594259824e-02	68
2.016600072380000e-01	-6.724116909823374e-02	69
1.891400069000000e-01	-6.699944206499912e-02	70
1.769299954180000e-01	-6.668271186915514e-02	71
1.650400012730000e-01	-6.628104398155130e-02	72
1.534900069240000e-01	-6.578455891311960e-02	73
1.422899961470000e-01	-6.518292499859842e-02	74
1.314399987460000e-01	-6.446498373934369e-02	75
1.209499984980000e-01	-6.361987704403343e-02	76
1.108499988910000e-01	-6.263891162885257e-02	77
1.011300012470000e-01	-6.151011814815922e-02	78
9.181000292300000e-02	-6.022480249376695e-02	79
8.290000259900000e-02	-5.877403015810249e-02	80
7.440000027400000e-02	-5.714764555220512e-02	81
6.633000075800000e-02	-5.534002769710750e-02	82
5.869000032500000e-02	-5.334259221083480e-02	83
5.149000138000000e-02	-5.114991435598708e-02	84
4.473999887700000e-02	-4.875833195903236e-02	85
3.844000026600000e-02	-4.616200232299640e-02	86
3.260000050100000e-02	-4.336026829475827e-02	87
2.723000012300000e-02	-4.035558549873448e-02	88
2.232000045500000e-02	-3.714042249116184e-02	89
1.789999939500000e-02	-3.373641548940125e-02	90
1.394999958600000e-02	-3.013299457293038e-02	91
1.049000024800000e-02	-2.635559405334380e-02	92
7.519999985000000e-03	-2.241984896355317e-02	93
5.040000193000000e-03	-1.834714888395364e-02	94
3.049999941000000e-03	-1.416644130391037e-02	95
1.560000004000000e-03	-9.949611958057261e-03	96
5.600000150000000e-04	-5.743272815509104e-03	97
5.999999800000000e-05	-1.722511441648024e-03	98
0.000000000000000e+00	0.000000000000000e+00	99
5.999999800000000e-05	1.469746441694730e-03	100
5.600000150000000e-04	4.513552370294503e-03	101
1.560000004000000e-03	7.446784763397846e-03	102
3.049999941000000e-03	1.023003208919075e-02	103
5.040000193000000e-03	1.287719631400672e-02	104
7.519999985000000e-03	1.537400489365283e-02	105
1.049000024800000e-02	1.772812471332113e-02	106
1.394999958600000e-02	1.994805849450483e-02	107
1.789999939500000e-02	2.204317311142895e-02	108
2.232000045500000e-02	2.401519909747412e-02	109
2.723000012300000e-02	2.588494832664216e-02	110
3.260000050100000e-02	2.765282412547821e-02	111
3.844000026600000e-02	2.933459119611799e-02	112
4.473999887700000e-02	3.093861548238125e-02	113
5.149000138000000e-02	3.247345731382337e-02	114
5.869000032500000e-02	3.394941829872385e-02	115
6.633000075800000e-02	3.537387532610703e-02	116
7.440000027400000e-02	3.675373237141105e-02	117
8.290000259900000e-02	3.809678219234824e-02	118
9.181000292300000e-02	3.940682633886879e-02	119
1.011300012470000e-01	4.068995986155920e-02	120
1.108499988910000e-01	4.194985517953237e-02	121
1.209499984980000e-01	4.318816499024945e-02	122
1.314399987460000e-01	4.440933222080077e-02	123
1.422899961470000e-01	4.561215343499304e-02	124
1.534900069240000e-01	4.679705984565148e-02	125
1.650400012730000e-01	4.796460417903545e-02	126
1.769299954180000e-01	4.911339185390808e-02	127
1.891400069000000e-01	5.024033307778857e-02	128
2.016600072380000e-01	5.134259811742480e-02	129
2.144699990750000e-01	5.241581401694993e-02	130
2.275699973110000e-01	5.345664152226949e-02	131
2.409400045870000e-01	5.445947022109376e-02	132
2.545700073240000e-01	5.541896295451236e-02	133
2.684499919410000e-01	5.632925121297987e-02	134
2.825500071050000e-01	5.718283525922221e-02	135
2.968699932100000e-01	5.797380009418031e-02	136
3.113999962810000e-01	5.869521651266167e-02	137
3.261100053790000e-01	5.933906199249450e-02	138
3.409900069240000e-01	5.989830226547990e-02	139
3.560400009160000e-01	6.036608350620750e-02	140
3.712300062180000e-01	6.073462889120408e-02	141
3.865399956700000e-01	6.099691700915322e-02	142
4.019699990750000e-01	6.114650793347006e-02	143
4.174999892710000e-01	6.117694861840556e-02	144
4.331099987030000e-01	6.108244704383308e-02	145
4.487800002100000e-01	6.085799055360654e-02	146
4.645099937920000e-01	6.049891995210890e-02	147
4.802699983120000e-01	6.000195962706813e-02	148
4.960500001910000e-01	5.936439430180876e-02	149
5.118399858470000e-01	5.858436108382012e-02	150
5.276100039480000e-01	5.766219421581405e-02	151
5.433599948880000e-01	5.659782352772048e-02	152
5.590599775310000e-01	5.539434772583904e-02	153
5.747100114820000e-01	5.405404131475219e-02	154
5.902799963950000e-01	5.258301391207544e-02	155
6.057599782940000e-01	5.098714983704346e-02	156
6.211299896240000e-01	4.927472856542788e-02	157
6.363800168040000e-01	4.745434514328679e-02	158
6.514999866490000e-01	4.553577872195146e-02	159
6.664699912070000e-01	4.353127619048124e-02	160
6.812700033190000e-01	4.145437477574135e-02	161
6.958900094030001e-01	3.931821870353223e-02	162
7.103199958800001e-01	3.713664311824054e-02	163
7.245299816130000e-01	3.492714493259501e-02	164
7.385200262070000e-01	3.270297773523237e-02	165
7.522799968720000e-01	3.047899525659664e-02	166
7.657799720760000e-01	2.827318139441672e-02	167
7.790099978450000e-01	2.609996635832918e-02	168
7.919700145720000e-01	2.397156633068822e-02	169
8.046399950980000e-01	2.190271831825796e-02	170
8.170099854470000e-01	1.990549248147673e-02	171
8.290500044819999e-01	1.799374309979540e-02	172
8.407700061800000e-01	1.617299337729485e-02	173
8.521599769590000e-01	1.444934717551932e-02	174
8.631799817090000e-01	1.282963941635272e-02	175
8.738499879840000e-01	1.130734688705520e-02	176
8.841500282290000e-01	9.877327088542047e-03	177
8.940600156780000e-01	8.530968688609742e-03	178
9.035800099370001e-01	7.256879570423809e-03	179
9.126999974250000e-01	6.050485465304838e-03	180
9.214000105860000e-01	4.920302505659534e-03	181
9.296900033950000e-01	3.887429869270848e-03	182
9.375399947170000e-01	2.993629124172255e-03	183
9.449599981310000e-01	2.282511913305990e-03	184
9.519400000570000e-01	1.790413665587397e-03	185
9.584699869160000e-01	1.524823952111813e-03	186
9.645400047300000e-01	1.452283424248729e-03	187
9.701499938960000e-01	1.501570962036597e-03	188
9.752799868580000e-01	1.582746894975368e-03	189
9.799500107769999e-01	1.615194182410943e-03	190
9.841300249100000e-01	1.549841178990700e-03	191
9.878399968150000e-01	1.378232586234163e-03	192
9.910500049590000e-01	1.127775684082727e-03	193
9.937800168990000e-01	8.404088463907195e-04	194
9.960200190539999e-01	5.603628259581265e-04	195
9.977599978450000e-01	3.220276815799451e-04	196
9.990000128750000e-01	1.449724665952486e-04	197
9.997500181200000e-01	3.632450906433289e-05	198
1.000000000000000e+00	0.000000000000000e+00	199
1.984229087829600e+01	2.506659984589000e+00	200
1.937166023254400e+01	4.973800182343000e+00	201
1.859552955627400e+01	7.362490177155000e+00	202
1.752613067627000e+01	9.635069847106999e+00	203
1.618033981323200e+01	1.175570964813200e+01	204
1.457936954498300e+01	1.369093990325900e+01	205
1.274847984314000e+01	1.541026973724400e+01	206
1.071654033660900e+01	1.688656044006300e+01	207
8.515589714050000e+00	1.809654045105000e+01	208
6.180339813232000e+00	1.902112960815400e+01	209
3.747629880905000e+00	1.964575004577600e+01	210
1.255810022354000e+00	1.996052932739300e+01	211
-1.255810022354000e+00	1.996052932739300e+01	212
-3.747629880905000e+00	1.964574050903300e+01	213
-6.180339813232000e+00	1.902112960815400e+01	214
-8.515589714050000e+00	1.809654045105000e+01	215
-1.071654033660900e+01	1.688656044006300e+01	216
-1.274847984314000e+01	1.541026020050000e+01	217
-1.457936954498300e+01	1.369093990325900e+01	218
-1.618033981323200e+01	1.175570011138900e+01	219
-1.752613067627000e+01	9.635069847106999e+00	220
-1.859552955627400e+01	7.362490177155000e+00	221
-1.937166023254400e+01	4.973800182343000e+00	222
-1.984229087829600e+01	2.506659984589000e+00	223
-2.000000000000000e+01	0.000000000000000e+00	224
-1.984229087829600e+01	-2.506669998169000e+00	225
-1.937166023254400e+01	-4.973800182343000e+00	226
-1.859552955627400e+01	-7.362490177155000e+00	227
-1.752613067627000e+01	-9.635080337524000e+00	228
-1.618033981323200e+01	-1.175570964813200e+01	229
-1.457936954498300e+01	-1.369093990325900e+01	230
-1.274847984314000e+01	-1.541026973724400e+01	231
-1.071652984619100e+01	-1.688656044006300e+01	232
-8.515580177306999e+00	-1.809654045105000e+01	233
-6.180339813232000e+00	-1.902112960815400e+01	234
-3.747620105743000e+00	-1.964575004577600e+01	235
-1.255810022354000e+00	-1.996052932739300e+01	236
1.255810022354000e+00	-1.996052932739300e+01	237
3.747629880905000e+00	-1.964574050903300e+01	238
6.180339813232000e+00	-1.902112960815400e+01	239
8.515589714050000e+00	-1.809654045105000e+01	240
1.071654033660900e+01	-1.688656044006300e+01	241
1.274847984314000e+01	-1.541026020050000e+01	242
1.457936954498300e+01	-1.369093990325900e+01	243
1.618033981323200e+01	-1.175570011138900e+01	244
1.752614021301300e+01	-9.635069847106999e+00	245
1.859552955627400e+01	-7.362490177155000e+00	246
1.937166023254400e+01	-4.973790168762000e+00	247
1.984229087829600e+01	-2.506659984589000e+00	248
2.000000000000000e+01	0.000000000000000e+00	249
6.026975252210443e-02	-6.110212084398967e-02	250
6.603562840944475e-01	-6.816496100127961e-02	251
4.256595646050826e-01	7.519319659842404e-02	252
6.902333643449640e-01	5.359003307447990e-02	253
3.792520531077729e-01	-8.109423905300082e-02	254
9.994714550587663e-01	-7.327864965834908e-04	255
9.985599201441951e-01	-1.343557373568858e-03	256
7.740582234880251e-01	-5.345171913159906e-02	257
6.900580355758833e-01	-6.490978773425743e-02	258
-1.802730636741390e-03	6.823847081882091e-03	259
7.470174974718333e-01	-5.748928730964013e-02	260
5.837510484329222e-01	6.726710283439200e-02	261
9.928396417798159e-01	-3.821476901221667e-03	262
9.899726929707103e-01	-4.898434915583570e-03	263
5.993481170207949e-01	6.566041822230145e-02	264
7.189864231550112e-01	-6.132750348819110e-02	265
-1.928527942911082e-03	6.520600547722207e-04	266
9.866272816931689e-01	-6.171430267133559e-03	267
9.828090696504485e-01	-7.651659099632106e-03	268
-2.139621704381950e-03	-8.862737086654603e-03	269
6.452567339304559e-01	-6.965550668452790e-02	270
8.247211235016579e-01	-4.508367232448018e-02	271
7.999874568942874e-01	-4.930368966823150e-02	272
3.484435767730290e-01	7.382324993406142e-02	273
8.481314849209612e-01	-4.087161826923642e-02	274
2.472178010989912e-01	6.754150445089488e-02	275
8.701599874710839e-01	-3.670629566417861e-02	276
9.905929734505728e-03	2.202728192426629e-02	277
8.907019676892415e-01	-3.265780537342406e-02	278
7.669605217492534e-02	-6.560751783064434e-02	279
9.096873320753124e-01	-2.878835023036671e-02	280
-2.404283414877308e-03	-4.325854280018667e-03	281
9.426683605983496e-01	-2.135626949710360e-02	282
9.270378167276119e-01	-2.507774149206863e-02	283
1.704479510366913e-02	-3.907979032869512e-02	284
4.258285040468661e-01	-8.059777852425921e-02	285
8.593273900000200e-01	-3.877671558351351e-02	286
9.565096596195527e-01	-1.740539976952010e-02	287
9.785092166838716e-01	-9.363574360150288e-03	288
9.684751601629139e-01	-1.325849597570903e-02	289
1.584219450282048e-01	-7.681868169035153e-02	290
9.003960114780079e-01	-3.069898055160322e-02	291
7.606717201423969e-01	-5.548994716176053e-02	292
9.971448816924213e-01	-2.111592062520041e-03	293
5.991539300477207e-01	-7.353214039711897e-02	294
4.415211786475449e-01	-8.032902962640061e-02	295
5.363822822013125e-01	-7.728769254593432e-02	296
4.730792752135989e-01	-7.960918866215254e-02	297
5.047349194660204e-01	-7.860971463493915e-02	298
4.888941110114423e-01	-7.914614340788943e-02	299
1.249591975922499e-01	-7.373738438040935e-02	300
2.703192870434349e-02	-4.638777413529149e-02	301
3.946817910001877e-01	-8.097666836452402e-02	302
4.559928056537451e-02	-5.582826077883572e-02	303
4.102086303703845e-01	-8.081322061713600e-02	304
3.189186233594022e-01	-8.117607479158753e-02	305
3.487779764956622e-01	-8.121267547122105e-02	306
3.275588872904633e-02	-4.972631486511590e-02	307
2.897499890015716e-01	-8.099830279586212e-02	308
9.350732089624765e-01	-2.323263685402763e-02	309
1.469192770669346e-01	-7.591622887174194e-02	310
1.948919221706435e-01	-7.886517998030704e-02	311
8.554290947966021e-02	-6.757837846135056e-02	312
1.044729770615072e-01	-7.099213588025302e-02	313
5.679006718280118e-01	-7.561243482906833e-02	314
1.702616886601506e-01	-7.760644737262037e-02	315
6.146466237351128e-01	-7.233829822325646e-02	316
8.806252263619828e-01	-3.466394113975757e-02	317
2.180604644129653e-02	-4.283813300938542e-02	318
9.952364651532994e-01	-2.915848745766379e-03	319
5.775641280638786e-03	-2.681723358278140e-02	320
1.799694911961739e-02	2.716757319669061e-02	321
9.185704693117377e-01	-2.692003790266886e-02	322
9.498219796455917e-01	-1.941746457943316e-02	323
9.737328169222960e-01	-1.124397609005758e-02	324
-4.438183655443786e-04	1.014124858917055e-02	325
8.365939913801251e-01	-4.297385150343463e-02	326
2.475991256934519e-01	-8.043366545900409e-02	327
5.521688045065102e-01	-7.650112269784219e-02	328
7.331160024597403e-01	-5.943554798446016e-02	329
7.871637777358562e-01	-5.138864952957847e-02	330
1.145238318079330e-01	-7.244934288684914e-02	331
2.207052163469981e-01	-7.978188836578866e-02	332
5.835725949484325e-01	-7.462317796365339e-02	333
6.752871054804560e-01	-6.658169450288132e-02	334
5.269982430743585e-02	-5.857411441477382e-02	335
3.021218789447348e-03	-2.243812887885455e-02	336
1.279338478726887e-02	-3.517134416207327e-02	337
3.639529019960569e-01	-8.117393905065617e-02	338
1.824310801922168e-01	-7.828433814957764e-02	339
9.999407657328716e-01	-3.828199323763448e-04	340
2.340147367110239e-01	-8.013743345997784e-02	341
9.480702249216863e-02	-6.937190956097841e-02	342
3.042373537928144e-01	-8.110970783496813e-02	343
2.614252638579708e-01	-8.066191832661630e-02	344
4.572758591556964e-01	-8.000337998310014e-02	345
7.046171623327130e-01	-6.315777506123649e-02	346
-2.360038120185598e-03	3.319508448907739e-03	347
-9.510195274987088e-04	-1.340666432810944e-02	348
5.364829286059754e-01	7.122357976383792e-02	349
-1.897318771210260e-03	-1.161706724154753e-03	350
2.799874986957390e-02	3.185889923632727e-02	351
5.353028815722876e-02	4.009139142789193e-02	352
3.986814306664648e-02	3.613154064053316e-02	353
1.148263568488290e-01	5.217021250812047e-02	354
4.100028909485946e-01	7.517707623802944e-02	355
9.970870592572668e-01	2.012767527055179e-03	356
5.206320899625274e-01	7.224563451697343e-02	357
4.730265147532899e-01	7.439273960486228e-02	358
9.730665319030413e-01	6.394962359036054e-03	359
9.618929027157274e-01	7.425844761814839e-03	360
8.900985146847155e-01	1.846624681248898e-02	361
4.888809652647158e-01	7.382931606247775e-02	362
4.413900847994475e-01	7.507092442662683e-02	363
3.789777008340783e-01	7.474249730260932e-02	364
9.262349551358826e-01	1.232520891440333e-02	365
9.089820586435844e-01	1.523361283924309e-02	366
7.732627851882587e-02	4.553568527503965e-02	367
9.779619840250527e-01	5.910577733695513e-03	368
9.556264564803559e-01	8.084289689273928e-03	369
9.417908539547897e-01	9.881559095795751e-03	370
9.527871451338410e-02	4.893144932133456e-02	371
6.103770315577111e-02	4.195076017561036e-02	372
2.893462269670752e-01	7.072143042340960e-02	373
2.610283530346794e-01	6.866407847663832e-02	374
1.701642293924395e-01	5.968839568582561e-02	375
3.185386647509298e-01	7.246135541173331e-02	376
4.571835252656819e-01	7.480737708516054e-02	377
3.944408922731056e-01	7.502443779082524e-02	378
1.469728402706507e-01	5.676153104705078e-02	379
1.251769418092490e-01	5.372334484516785e-02	380
6.302202969365903e-01	6.206033735738327e-02	381
1.946672801149008e-01	6.247102406959251e-02	382
2.203843906318408e-01	6.509782229836963e-02	383
6.605613846997326e-01	5.800823576718278e-02	384
5.680583853583636e-01	6.873498376655564e-02	385
7.470661973627045e-01	4.411380233851875e-02	386
7.191088700378890e-01	4.891584978320101e-02	387
7.998324008100202e-01	3.458963543814832e-02	388
7.740128981739650e-01	3.929151165550521e-02	389
8.477458306633681e-01	2.588173019049812e-02	390
8.244504959807956e-01	3.008531072729797e-02	391
8.997412254417141e-01	1.681282371390538e-02	392
8.696626310645013e-01	2.200695519834661e-02	393
9.489285775172918e-01	8.897808025156464e-03	394
9.178156400911142e-01	1.373298721149051e-02	395
9.677070780363256e-01	6.881018754599845e-03	396
8.588853132121870e-01	2.389933819468784e-02	397
8.800738666413911e-01	2.019746885973085e-02	398
8.122996346401729e-01	3.230745445682627e-02	399
8.362656815855851e-01	2.794286500627703e-02	400
7.606758452453463e-01	4.169619773579281e-02	401
7.870649777935025e-01	3.692004931371395e-02	402
7.047687906986982e-01	5.128001023940514e-02	403
7.332040992025620e-01	4.652302508567725e-02	404
6.454676872236598e-01	6.008744382681559e-02	405
6.754803085700106e-01	5.583889627924769e-02	406
5.523006306372241e-01	7.005688858832643e-02	407
6.148517752908573e-01	6.392046820598574e-02	408
2.073839916211135e-01	6.380579397766727e-02	409
2.336588702911687e-01	6.634478470764803e-02	410
1.583976784599613e-01	5.824023607251603e-02	411
1.822664653133980e-01	6.109941562611061e-02	412
4.648041059463749e-02	3.814702836688139e-02	413
1.359029205507582e-01	5.525936740055670e-02	414
1.371614891410513e-02	2.467271856473053e-02	415
3.370419919419743e-02	3.403091658961459e-02	416
2.076610138700125e-01	-7.936129585559945e-02	417
3.752616506566342e-03	1.637019994736755e-02	418
9.627354426992383e-01	-1.533534455610063e-02	419
8.125123525542181e-01	-4.719933096275390e-02	420
3.337591421854628e-01	-8.120893469281017e-02	421
5.205668729537739e-01	-7.799098211619730e-02	422
1.412460696091587e-03	1.333202881094727e-02	423
2.277305375790914e-02	2.957230163958366e-02	424
6.587377310289042e-03	1.926872748186716e-02	425
8.609591173513800e-02	4.725398381004733e-02	426
6.896941113964195e-02	4.376919280086861e-02	427
2.750787256897099e-01	6.972735445159746e-02	428
1.048606197217346e-01	5.056850461847606e-02	429
9.823871125799603e-01	5.363774252463714e-03	430
9.863189461922802e-01	4.762744127977583e-03	431
3.038419382656333e-01	7.163900090773237e-02	432
9.897602515501124e-01	4.096517335072848e-03	433
9.926986205873156e-01	3.396364822584789e-03	434
3.333996523097232e-01	7.318969423221316e-02	435
3.636473896936249e-01	7.434221256376274e-02	436
9.342278955274053e-01	1.103079915366422e-02	437
9.999275632619847e-01	3.844986950484591e-04	438
9.985248730715477e-01	1.303269640058723e-03	439
9.994497358720071e-01	7.214652745642131e-04	440
6.300095288803552e-01	-7.104573367687349e-02	441
3.894713753400145e-02	-5.288067864966593e-02	442
9.951451964928208e-01	2.704539293035063e-03	443
5.047616688849876e-01	7.311515635367224e-02	444
7.807063965208555e-04	-1.796131754994541e-02	445
9.031178111722852e-03	-3.105968691640359e-02	446
6.826699586224114e-02	-6.345012259541619e-02	447
1.357683876489427e-01	-7.489519949676202e-02	448
2.754829618623051e-01	-8.084950304231707e-02	449
7.122960530065205e-02	5.335978440291024e-02	450
-4.254033958187678e-03	9.564734656334579e-03	451
-5.354552599887302e-03	5.389135934997138e-03	452
2.824127124500117e-01	-9.575300570609335e-02	453
6.991892897035419e-01	-7.874922334541758e-02	454
9.162215207357721e-01	-3.670344286171889e-02	455
3.757873794482995e-03	-3.171378216579482e-02	456
5.773150571961595e-01	8.364082183541102e-02	457
6.844580901518601e-01	-8.064962850220185e-02	458
7.827251592519142e-01	-6.569879137933182e-02	459
9.894150832777802e-01	-9.037022296221810e-03	460
3.263846886982236e-01	-9.660380714909723e-02	461
8.559123281047999e-01	-5.117141552321693e-02	462
8.328419852130047e-01	-5.606942072029912e-02	463
8.784717691406188e-02	-7.766844177922710e-02	464
-5.026935903496167e-03	-1.230374210600890e-02	465
2.134850326887625e-01	-9.311416918744714e-02	466
1.131352410174177e-02	-4.083085032147474e-02	467
9.613825980481570e-01	-2.235089143657612e-02	468
1.512963455655795e-01	-8.815571147476534e-02	469
7.137150961503576e-01	-7.675021021844720e-02	470
6.544526931034854e-01	-8.415760804981004e-02	471
4.500491885461276e-01	-9.631972203182278e-02	472
7.863599809076464e-02	-7.529751730099467e-02	473
3.873178855199886e-01	-9.696977407309521e-02	474
8.976871495727192e-01	-4.144562073215207e-02	475
7.957122023573346e-01	-6.334228839355555e-02	476
5.349046790395068e-03	2.377146287938584e-02	477
1.773079864388310e-02	3.307564499709867e-02	478
6.699196889439490e-01	7.190460948678767e-02	479
8.437664228298459e-01	3.880429558825133e-02	480
1.082518918071650e-01	6.181331624271152e-02	481
6.848085372605611e-01	6.953603245516260e-02	482
1.630459257660035e-01	7.116868153190480e-02	483
8.764392328443222e-01	3.194533507340402e-02	484
9.888460087152339e-01	7.822990644903001e-03	485
3.406861037203970e-01	8.870331786081487e-02	486
5.136727006000896e-01	8.847566246458965e-02	487
9.532619741902616e-01	1.576365327396869e-02	488
8.865876626438526e-01	2.979965971302707e-02	489
9.919868675119469e-01	6.598070416927361e-03	490
9.597063042183420e-01	1.451477553574497e-02	491
9.810429222128456e-01	1.011116830215533e-02	492
2.395976315334618e-01	8.084661609981682e-02	493
3.256447449675808e-01	8.787775164422462e-02	494
2.261131467024866e-01	7.937406421014453e-02	495
9.840061534881754e-02	5.978582859733581e-02	496
6.695373948173218e-01	-8.245610874857801e-02	497
2.004586324905730e-01	-9.234125537544734e-02	498
8.990277677050707e-03	2.698711260862675e-02	499
1.400750212084878e-01	6.753006277144306e-02	500
4.780374715236756e-02	4.643194643158032e-02	501
9.712803564368909e-01	1.226788160501645e-02	502
9.946275589137255e-01	5.443177728891295e-03	503
8.963454583103219e-01	2.772773568012291e-02	504
1.631148485450960e-01	-8.939257622617985e-02	505
1.000202772428493e+00	2.400990677306099e-04	506
9.984496860829132e-01	2.969362977409827e-03	507
9.967883957061028e-01	4.237601319557405e-03	508
2.212741617783898e-03	2.041138032792495e-02	509
-2.589247751956759e-03	1.330782605856950e-02	510
7.742345711093009e-04	-2.696521872241529e-02	511
-4.638764733813413e-03	-2.459965087076708e-03	512
-3.651960323786851e-03	-3.834449074826890e-04	513
1.586684313181931e-02	-4.512116591983567e-02	514
1.000211968379989e+00	-2.286653979973778e-04	515
6.148761789234251e-02	-6.997252093177489e-02	516
9.985683298477166e-01	-3.065724113184120e-03	517
9.949119720740182e-01	-5.855933739282520e-03	518
4.181336829018873e-01	9.086329647010412e-02	519
5.453632707947945e-01	-9.289855923120779e-02	520
9.859400014609504e-01	-1.086391720533228e-02	521
8.775640244836084e-01	-4.628209798689842e-02	522
5.930576252140054e-01	8.202574973774776e-02	523
9.923918273133939e-01	-7.326241759053490e-03	524
-5.699219742416545e-03	-7.056955555636193e-03	525
4.342515447274403e-01	-9.658839419599209e-02	526
4.024156697606047e-01	9.071280388533413e-02	527
8.445448154848985e-01	-5.362927531244072e-02	528
2.816109680276624e-01	8.475385895748500e-02	529
8.669207929042636e-01	-4.871694162770114e-02	530
8.878228169767967e-01	-4.385282103655735e-02	531
6.984693953753850e-02	-7.273389652802234e-02	532
9.071606825900285e-01	-3.906643471613158e-02	533
9.248653730841474e-01	-3.435630428916678e-02	534
9.481548509814577e-01	-2.724858116661768e-02	535
2.649330199139295e-02	-5.324874715889541e-02	536
9.550068960123890e-01	-2.481621006034489e-02	537
9.672769634026877e-01	-1.988347988184759e-02	538
9.820181868551074e-01	-1.292136831810164e-02	539
1.286889978490859e-01	-8.528745733498240e-02	540
7.558968206643628e-01	-7.030330056554288e-02	541
7.694539195149583e-01	-6.802006428418048e-02	542
9.969790731889757e-01	-4.451988683858476e-03	543
4.659100051545562e-01	-9.597065582838840e-02	544
4.817905357280091e-01	-9.553252245555652e-02	545
4.976869084612554e-01	-9.501400299658698e-02	546
2.091467284801218e-02	-4.929558472964417e-02	547
4.028736849320522e-01	-9.691591927759002e-02	548
4.185219293550341e-01	-9.678955235144329e-02	549
3.413822516431967e-01	-9.678376940685667e-02	550
3.907819969871625e-02	-6.055194309606446e-02	551
9.330790337782645e-01	-3.200631718630312e-02	552
9.408406367304916e-01	-2.963929375960029e-02	553
1.398253358380993e-01	-8.679153052380108e-02	554
9.747488459220430e-02	-7.985684758199374e-02	555
5.612092196618453e-01	-9.200795801818915e-02	556
6.083168503244099e-01	-8.859109351275364e-02	557
9.726718900810782e-01	-1.745789445779109e-02	558
9.775780462348965e-01	-1.513082670610924e-02	559
7.280171570973698e-01	-7.466735229556029e-02	560
7.420737207293836e-01	-7.252140760249336e-02	561
1.074939377739421e-01	-8.185875767160200e-02	562
1.179163289968270e-01	-8.366126626385266e-02	563
5.769918556069953e-01	-9.098642184383343e-02	564
5.926985630485159e-01	-8.984673859549780e-02	565
4.606795590799572e-02	-6.392236290935077e-02	566
5.356554293204102e-02	-6.706598872803533e-02	567
7.278156941374458e-03	-3.632224445499203e-02	568
3.565627140307129e-01	-9.691073920573831e-02	569
3.718786115784922e-01	-9.696753052305183e-02	570
1.752684302613185e-01	-9.049555485834716e-02	571
1.877186280152297e-01	-9.147408982266798e-02	572
2.267665903759322e-01	-9.380256035862869e-02	573
2.403169558237125e-01	-9.441084464057876e-02	574
2.968718456834118e-01	-9.610014485140861e-02	575
3.115487167335705e-01	-9.638351722711627e-02	576
2.541382555221877e-01	-9.492742002218491e-02	577
-4.659266682829716e-03	1.489393679489831e-03	578
-1.689275473604127e-03	-2.212644007610780e-02	579
4.089006024089448e-02	4.394084100214656e-02	580
9.851805160584519e-01	8.959796715280801e-03	581
5.296442232857145e-01	8.750402476713608e-02	582
4.976817069376351e-01	8.928006548418216e-02	583
4.817053350491406e-01	8.991539807759683e-02	584
4.657463984465764e-01	9.039397948321080e-02	585
9.763851773413321e-01	1.120147452410568e-02	586
9.657194636915187e-01	1.336238622520044e-02	587
9.232390027515057e-01	2.198074902530773e-02	588
4.498086049022931e-01	9.070620067318508e-02	589
4.339360808241115e-01	9.085875141375267e-02	590
3.867938545851830e-01	9.041063156186788e-02	591
9.146815153832111e-01	2.381321257464935e-02	592
9.463894303503831e-01	1.712861392269454e-02	593
6.299919558420906e-02	5.109490110485018e-02	594
5.519566280863070e-02	4.881665359982731e-02	595
2.533734862707198e-01	8.223402037185749e-02	596
2.673765020424012e-01	8.352350030823444e-02	597
1.513833665058349e-01	6.936655584971606e-02	598
1.291061857400916e-01	6.565402276676821e-02	599
1.185025408516786e-01	6.376511638051931e-02	600
7.954095855885673e-01	4.883541485930270e-02	601
7.421807951896590e-01	5.937534091325258e-02	602
7.282010017058707e-01	6.198265655251328e-02	603
7.825381790954434e-01	5.144406656555384e-02	604
8.321817548744597e-01	4.121779689396098e-02	605
9.057163380520703e-01	2.573425119649153e-02	606
8.659096701810536e-01	3.415308966467308e-02	607
8.550165777328513e-01	3.644312520910457e-02	608
8.202562767272509e-01	4.370756797955500e-02	609
8.079893189262042e-01	4.625540312515074e-02	610
7.693751314694987e-01	5.408068743784592e-02	611
7.559164171681373e-01	5.673622256624967e-02	612
7.139656047224300e-01	6.456249122821531e-02	613
6.994957269866782e-01	6.708765467994129e-02	614
6.548541565252051e-01	7.417368414607697e-02	615
6.396077353464563e-01	7.632763356852823e-02	616
5.614865577393782e-01	8.509847509959645e-02	617
5.455829597589580e-01	8.637782862290544e-02	618
6.242239572525206e-01	7.835763475381603e-02	619
6.087025334811101e-01	8.026167915868596e-02	620
2.129163490975051e-01	7.784028463869207e-02	621
1.999923147006760e-01	7.625154722187574e-02	622
1.873706816889779e-01	7.461297664425610e-02	623
1.750535868472705e-01	7.291913961765521e-02	624
1.311944204977948e-02	3.011517505704785e-02	625
3.440925551745339e-02	4.136029799696609e-02	626
2.838658900381066e-02	3.873215740897542e-02	627
8.084111059820361e-01	-6.094740363564162e-02	628
8.207977673116537e-01	-5.851495702524661e-02	629
5.135974917289268e-01	-9.440158410117309e-02	630
5.294926175842831e-01	-9.369409715363419e-02	631
-4.334429711537790e-04	1.692760894902758e-02	632
2.281355340808137e-02	3.597630956016562e-02	633
8.893458555216922e-02	5.769876656228779e-02	634
7.987636481791160e-02	5.555959100318369e-02	635
3.107745617228231e-01	8.695013673213804e-02	636
2.960759819926971e-01	8.590467092678192e-02	637
3.712925879316686e-01	8.997532275884346e-02	638
3.559187738644792e-01	8.941033525676673e-02	639
9.390944010575198e-01	1.861923036038395e-02	640
9.313811297803989e-01	2.024404376449082e-02	641
6.238216137423881e-01	-8.722186654690459e-02	642
6.391998633763958e-01	-8.574578716993614e-02	643
3.254633104448984e-02	-5.697544979467276e-02	644
-3.626301990518558e-03	-1.721815484071848e-02	645
2.681678478368042e-01	-9.535860061556659e-02	646
-9.136232453071769e-03	-1.044221173264427e-02	647
3.954161941277670e-01	-1.147394535824677e-01	648
2.892002449073560e-01	-1.125264428946936e-01	649
7.919094345218696e-01	-7.914025895576474e-02	650
5.386507481355118e-01	-1.111794228562441e-01	651
9.233091480794541e-01	-4.499282214086713e-02	652
9.917956045806128e-01	1.043359265502012e-02	653
9.884022002753184e-01	1.226520104597068e-02	654
9.643227063688860e-01	2.094596484634315e-02	655
-2.603470518871259e-03	2.104402485365858e-02	656
9.945457778812488e-01	8.700793183818443e-03	657
9.994461648834057e-01	1.751912384386644e-03	658
1.000190661260376e+00	5.525769928436185e-04	659
9.989498945333183e-01	-5.150369593465275e-03	660
1.000467806438432e+00	1.168492207635832e-05	661
1.419707245961491e-02	-5.191064159461944e-02	662
-8.122037528334207e-03	2.753093809050706e-03	663
8.969116199751799e-02	-8.918903219026438e-02	664
9.316986907418906e-01	-4.209760789091890e-02	665
9.925684910725358e-01	-1.140619197246352e-02	666
5.709770404094060e-01	1.019041025624031e-01	667
9.995143093298761e-01	-1.780452903944572e-03	668
-1.818291969298394e-03	-3.193586683480030e-02	669
7.087920369324299e-01	-9.406252829802290e-02	670
-6.597052977202637e-03	-2.139025979345963e-02	671
7.232850413809364e-01	-9.177330973054219e-02	672
9.456411423091424e-03	-4.713004983202233e-02	673
8.750743966069061e-01	-5.942749842915380e-02	674
1.418418225426459e-03	-3.710770863004270e-02	675
3.337737254961375e-01	-1.139260776664237e-01	676
8.642543800514459e-01	-6.229825705922863e-02	677
6.940689983584234e-01	-9.624007475722682e-02	678
9.951132848327626e-01	-9.292551975302998e-03	679
5.091995685975931e-03	-4.219640788378477e-02	680
9.802255051048487e-01	1.577515646129513e-02	681
5.228298812347636e-01	1.056372214282708e-01	682
9.515013217325141e-01	2.459856425487264e-02	683
6.646248330935025e-01	8.985845370521048e-02	684
9.968983559239775e-01	6.916559424330656e-03	685
5.067073635262942e-01	1.065426442669523e-01	686
2.735621306255682e-01	1.001831474427800e-01	687
3.326974789836894e-01	1.051467402188664e-01	688
1.554278584300686e-01	8.358113802257396e-02	689
6.444966583547400e-02	6.148860605673488e-02	690
1.000025387547621e+00	1.044834359693560e-03	691
-8.170675554959962e-03	-1.608204144810076e-02	692
-6.924599241337093e-03	1.275840772204619e-02	693
1.210167643732066e-02	3.628070782935178e-02	694
-8.348978938982553e-03	8.157479237174355e-03	695
9.666791396034822e-01	-2.743929387967088e-02	696
8.010536847300807e-02	-8.635297074754564e-02	697
-6.103118532793471e-03	-5.462712208149469e-04	698
1.553275662009809e-01	-1.020683715839066e-01	699
4.587257357212381e-01	-1.141612607068596e-01	700
1.956606031505407e-02	-5.660964925415297e-02	701
3.757236941470092e-03	2.887045038901598e-02	702
8.403214684402825e-01	5.335175423813561e-02	703
7.914697499569703e-01	6.480237147345309e-02	704
6.796806349399590e-01	8.736002904945232e-02	705
9.846071879202981e-01	1.399363190082822e-02	706
9.581275479942045e-01	2.273643132704816e-02	707
8.935396843419238e-01	4.011427891643555e-02	708
8.836517786145663e-01	4.264696666758451e-02	709
3.176320102279134e-01	1.040980424199914e-01	710
2.880094200542159e-01	1.016028889986913e-01	711
2.316066883883880e-01	9.542255719935162e-02	712
1.010620416597189e-01	7.210115684514369e-02	713
6.640601696736411e-01	-1.002543385029700e-01	714
6.791573878277261e-01	-9.830385035307311e-02	715
2.057613968795608e-01	-1.076026769457363e-01	716
7.615376654997836e-03	3.266046193519143e-02	717
1.438617945625860e-01	8.137197056363113e-02	718
9.753738136903520e-01	1.749030818240612e-02	719
9.986978626318348e-01	5.000859773691841e-03	720
3.099573626255378e-04	2.501102421192240e-02	721
-5.015363078830245e-03	1.695438639792443e-02	722
-4.479121072871496e-03	-2.669499970127276e-02	723
-8.206385401563501e-03	-4.145552836385430e-03	724
2.551756009098145e-02	-6.096739652754357e-02	725
1.000212837478807e+00	-5.416127606685470e-04	726
1.000067762052380e+00	-1.043245646685194e-03	727
9.722286292447677e-01	-2.451872999882011e-02	728
9.894369564538849e-01	-1.380005271289039e-02	729
5.868897381233231e-01	1.002875653975308e-01	730
4.427893589051016e-01	-1.144445847561311e-01	731
4.104774076387820e-01	1.082566815434888e-01	732
8.414991730713952e-01	-6.802033964747246e-02	733
8.530588404013646e-01	-6.517241796534470e-02	734
8.855373725142224e-01	-5.654478595588744e-02	735
8.955909077987007e-01	-5.365291664002698e-02	736
6.221751426597643e-02	-8.007582498377416e-02	737
7.094323699988107e-02	-8.331781458621262e-02	738
9.052389341432802e-01	-5.076886897531283e-02	739
9.144914113749675e-01	-4.788112258969190e-02	740
9.541045369029650e-01	-3.333964288307997e-02	741
9.606371929217146e-01	-3.038724237851204e-02	742
9.859162359823004e-01	-1.623576969588653e-02	743
7.652860028575078e-01	-8.440074296702313e-02	744
7.787410107637776e-01	-8.179471518445879e-02	745
9.972895538359670e-01	-7.237212496377065e-03	746
4.747057277749257e-01	-1.137706310318669e-01	747
4.906844214584166e-01	-1.132781801240478e-01	748
4.111309473105391e-01	-1.147383043288403e-01	749
4.269288366784249e-01	-1.146369444072699e-01	750
3.183624705861163e-02	-6.519695345148614e-02	751
9.396342461443206e-01	-3.918719224323756e-02	752
9.470948837612605e-01	-3.627267762862708e-02	753
1.320410852416293e-01	-9.842349047044829e-02	754
1.435159224337582e-01	-1.003196145518587e-01	755
5.546018342336521e-01	-1.103143488790892e-01	756
5.705450241958347e-01	-1.092778383023280e-01	757
9.772664877906805e-01	-2.167554567575267e-02	758
9.818343060220066e-01	-1.891913484544269e-02	759
7.375238597355308e-01	-8.939981670297766e-02	760
7.515302278141571e-01	-8.694564947091653e-02	761
9.969639870796684e-02	-9.182813539708709e-02	762
1.101296784066317e-01	-9.425994562918338e-02	763
1.209412983051756e-01	-9.637935672705383e-02	764
5.864004573258196e-01	-1.080987674360932e-01	765
6.021699070664550e-01	-1.067831612232470e-01	766
3.868406569918176e-02	-6.927677611750412e-02	767
4.607745397807649e-02	-7.315687925080841e-02	768
5.399171798844467e-02	-7.667885989085278e-02	769
3.489673287015833e-01	-1.142553525786811e-01	770
3.643373924088617e-01	-1.144989574246355e-01	771
3.798181250696513e-01	-1.146549956018987e-01	772
1.674953634358917e-01	-1.036694084410616e-01	773
1.799712979121254e-01	-1.051161159483346e-01	774
1.927301869860353e-01	-1.064209488432279e-01	775
2.190534357803327e-01	-1.086794584226361e-01	776
2.326051924041079e-01	-1.096554457953916e-01	777
3.038899888684707e-01	-1.130760537231707e-01	778
3.187652449964727e-01	-1.135366801136831e-01	779
2.464426245847038e-01	-1.105277986185466e-01	780
4.136037855319926e-02	5.285486370048263e-02	781
4.905821568428911e-01	1.072643804232126e-01	782
4.744859750809757e-01	1.078090040570368e-01	783
9.700816296000907e-01	1.920210864942328e-02	784
4.583930974767386e-01	1.081812331947914e-01	785
4.423465173182361e-01	1.083732739837077e-01	786
4.263786611315599e-01	1.083987171358576e-01	787
3.946654563695052e-01	1.079394292826724e-01	788
9.208359246317308e-01	3.295297888394346e-02	789
5.638670559430207e-02	5.868456540314387e-02	790
4.863549636708028e-02	5.589062188734516e-02	791
2.593665318719028e-01	9.868378935312527e-02	792
2.453524253662801e-01	9.713816685361813e-02	793
1.326400109452700e-01	7.911563686437939e-02	794
1.217931286756212e-01	7.682004788180062e-02	795
1.112410522349266e-01	7.455813681486893e-02	796
7.376971745647456e-01	7.644950949059148e-02	797
9.121404576337274e-01	3.526577185258042e-02	798
9.030313682203102e-01	3.765628136787773e-02	799
8.733613842448493e-01	4.523638199341103e-02	800
8.627163338541307e-01	4.787972472836752e-02	801
8.517000053427231e-01	5.059332312658080e-02	802
8.286268710287296e-01	5.615201285236849e-02	803
8.165716231795713e-01	5.901242096022388e-02	804
8.041678319503086e-01	6.190311745649008e-02	805
7.784807132716558e-01	6.771694708341085e-02	806
7.651880566788618e-01	7.064909752543408e-02	807
7.515769571727507e-01	7.357248008386977e-02	808
7.235707605431742e-01	7.928027626415038e-02	809
7.091747731665325e-01	8.206160908515581e-02	810
6.945318122526689e-01	8.475862069046684e-02	811
6.493722334398800e-01	9.223097904868952e-02	812
5.549585208439408e-01	1.033379758066179e-01	813
5.389114891376156e-01	1.045520457368940e-01	814
6.339584637061905e-01	9.446450789188671e-02	815
6.184039801209592e-01	9.655835499812829e-02	816
6.027057261327124e-01	9.850406429665937e-02	817
2.181769026902370e-01	9.362244876166874e-02	818
2.050351783682841e-01	9.175110927936703e-02	819
1.921795480917912e-01	8.981697280545217e-02	820
1.796188335292987e-01	8.781417038761430e-02	821
1.673609887282838e-01	8.573550505543956e-02	822
3.458351475114777e-02	4.972146482114954e-02	823
2.829403750923340e-02	4.652419540097798e-02	824
8.047960003197145e-01	-7.642905352855160e-02	825
8.173853701447745e-01	-7.365599578150728e-02	826
8.296243591467050e-01	-7.084139239252045e-02	827
5.066863609119827e-01	-1.126846078565313e-01	828
5.226834648496331e-01	-1.119834863292054e-01	829
2.235889911649066e-02	4.330779153007707e-02	830
1.694258521545918e-02	3.982349891891155e-02	831
9.129761905758532e-02	6.956057867619725e-02	832
8.193776221424608e-02	6.694627891866224e-02	833
7.298538637425619e-02	6.425781136425465e-02	834
3.027166681603373e-01	1.029185962861316e-01	835
3.789770667483599e-01	1.074647139976975e-01	836
3.634112020770421e-01	1.068480170347984e-01	837
3.479613048362404e-01	1.060732367152088e-01	838
9.444554746888519e-01	2.654110467177073e-02	839
9.370078013355758e-01	2.857967620991302e-02	840
9.291302991247797e-01	3.072330271923353e-02	841
6.178349720580641e-01	-1.053374834551740e-01	842
6.333718817449355e-01	-1.037683293993645e-01	843
6.487870654333621e-01	-1.020768392073132e-01	844
2.605158178486131e-01	-1.112296845228950e-01	845
2.747450069674601e-01	-1.119062330946430e-01	846
-1.282959193939055e-02	-1.422450753264994e-02	847
9.093427854021389e-02	-1.022917373400324e-01	848
9.992537402368675e-01	7.304563433824579e-03	849
9.846866812293480e-01	1.983765753670117e-02	850
5.480639823160615e-01	-1.306918789583741e-01	851
-1.217598338772891e-02	5.019150010028550e-03	852
9.996130733911799e-01	-3.957705544354696e-03	853
9.311031508172884e-01	-5.359491312051674e-02	854
9.392161538298810e-01	-5.007932863484024e-02	855
2.384938919814473e-02	-6.962826074691132e-02	856
9.950542591917002e-01	1.240265906618861e-02	857
4.996981145720711e-01	1.266649424526215e-01	858
-1.169363360457404e-02	-2.020404237300892e-02	859
5.746274581286711e-03	3.911522902395663e-02	860
-4.852193745450857e-03	-3.744003513522780e-02	861
9.636830295939867e-01	2.964366660345354e-02	862
9.974231256415305e-01	9.972774410244656e-03	863
-9.961942120960838e-03	1.641116453822384e-02	864
6.596155308912494e-01	1.099238087861889e-01	865
-7.861393414851731e-03	2.111013822548499e-02	866
1.000495345909433e+00	3.714001357635921e-04	867
1.000511100295939e+00	-3.467773185652945e-04	868
8.017880970291692e-01	-9.383683613424550e-02	869
1.589232672924167e-01	-1.178301388699164e-01	870
1.192213884351609e-02	-5.952536078259493e-02	871
4.035598199372857e-01	-1.346151789665778e-01	872
8.095467095064481e-02	-9.891523474129156e-02	873
4.514764273961822e-01	-1.343755943519829e-01	874
2.958126897520501e-01	-1.313667003992633e-01	875
9.886472439718800e-01	1.738565019757662e-02	876
5.647110989349665e-01	1.222827706754370e-01	877
9.573070297480756e-01	3.212106808065531e-02	878
9.504985231269638e-01	3.463989098503700e-02	879
7.881591342815735e-01	8.267065418226476e-02	880
1.471462058300044e-01	9.694295253310427e-02	881
2.650889648107946e-01	1.171221849766166e-01	882
9.933665827439855e-01	-1.599812740820982e-02	883
5.687170349101121e-02	6.983557248547331e-02	884
8.733164440529612e-01	-7.425694162863751e-02	885
9.994227785431949e-01	3.880486685243420e-03	886
9.921486261831244e-01	1.486447560464072e-02	887
9.996846423420387e-01	-7.480494120359765e-03	888
9.777184901126837e-01	-2.901867601722885e-02	889
6.936753566784120e-03	-5.409397835656644e-02	890
7.042749589038814e-01	-1.134828140441096e-01	891
-7.722203104576457e-03	-3.170928960765972e-02	892
7.189999120175333e-01	-1.109919294038549e-01	893
7.334655603588771e-01	-1.083445769038933e-01	894
2.446885905898679e-03	-4.877832784093793e-02	895
9.959696574316897e-01	-1.310361726733781e-02	896
-1.517218181085579e-03	-4.300619324223488e-02	897
8.375529991021443e-01	6.969441564851077e-02	898
5.160049464036903e-01	1.258287315950064e-01	899
3.092230081712296e-01	1.219786780408314e-01	900
-1.158170224064374e-02	1.140700719501502e-02	901
1.550988021512534e-03	3.460773227454361e-02	902
6.749211083250426e-01	1.073075670406815e-01	903
8.914803220699269e-01	5.409230725953745e-02	904
3.243699713169954e-01	1.233063595993392e-01	905
2.942404259670311e-01	1.204865246419043e-01	906
2.795225856917365e-01	1.188548310288859e-01	907
6.742157254733662e-01	-1.180951149944931e-01	908
6.893284377066381e-01	-1.158729397913861e-01	909
9.801073680109698e-01	2.234091870807923e-02	910
-2.052195180950124e-03	3.024547476254563e-02	911
-5.233926391576946e-03	2.572289179630139e-02	912
-9.991398663368165e-03	-2.595365978385049e-02	913
-1.258933183147763e-02	-6.908547606519720e-03	914
1.771284040126078e-02	-6.487220536967804e-02	915
9.725438888201496e-01	-3.247492272086775e-02	916
9.902113798052342e-01	-1.910153235098030e-02	917
5.808453078806403e-01	1.206742964670040e-01	918
8.508890321925324e-01	-8.094549161320687e-02	919
8.623035079127112e-01	-7.761004009127549e-02	920
8.839746626875511e-01	-7.088298727350500e-02	921
8.942536571503210e-01	-6.746229501901146e-02	922
6.231103047438179e-02	-9.153172981866681e-02	923
7.141315487407567e-02	-9.533249439203814e-02	924
9.040939650070210e-01	-6.402412336170875e-02	925
9.135308078713563e-01	-6.056831757534571e-02	926
9.225419417038917e-01	-5.708848373029513e-02	927
9.606646338508739e-01	-3.951268918265250e-02	928
9.668525994462591e-01	-3.598397412755012e-02	929
7.753223961530324e-01	-9.987338824515006e-02	930
7.886907160199810e-01	-9.691242435225879e-02	931
9.980763038898707e-01	-1.036752299453969e-02	932
4.675868481186041e-01	-1.340596201281381e-01	933
4.837032504817020e-01	-1.336072786034689e-01	934
4.194741679821859e-01	-1.346545463251546e-01	935
4.354421299596817e-01	-1.345686778872754e-01	936
9.468351410049957e-01	-4.656086029902010e-02	937
9.539796875376270e-01	-4.304506286471103e-02	938
1.348923355503822e-01	-1.133162424837611e-01	939
1.467262503229235e-01	-1.156552759516593e-01	940
5.641867692156313e-01	-1.297171164080218e-01	941
9.823924593098240e-01	-2.563561121241600e-02	942
9.866048925247962e-01	-2.226286191374112e-02	943
7.476687664728066e-01	-1.056307890365388e-01	944
7.616438951352366e-01	-1.028017668845683e-01	945
1.013742368921570e-01	-1.054499813421404e-01	946
1.123554903316206e-01	-1.083191258964306e-01	947
1.234169408860624e-01	-1.108103428973086e-01	948
5.802693320716237e-01	-1.285043472751516e-01	949
5.962086262884159e-01	-1.271496348827264e-01	950
3.045068642177012e-02	-7.447001868899081e-02	951
3.766315986947158e-02	-7.917020569008282e-02	952
4.559413904514881e-02	-8.364386605727221e-02	953
5.372774521128861e-02	-8.755647495608748e-02	954
3.410670336942680e-01	-1.333491108401396e-01	955
3.565039456524331e-01	-1.338289858665537e-01	956
3.720842386212428e-01	-1.341910892217377e-01	957
3.877574593801597e-01	-1.344529526566517e-01	958
1.714629873687879e-01	-1.198276008335440e-01	959
1.842868660184094e-01	-1.216491707615471e-01	960
1.973721891559456e-01	-1.233105871255592e-01	961
2.107049125323341e-01	-1.248391429352805e-01	962
2.242977693376879e-01	-1.262478097905741e-01	963
3.258396923163365e-01	-1.327782177055700e-01	964
3.107585350466142e-01	-1.321263266210441e-01	965
2.381719693730573e-01	-1.275315452883416e-01	966
4.834285024983199e-01	1.272707094205374e-01	967
9.750966468945844e-01	2.476565619282368e-02	968
9.696225719563172e-01	2.719500530426380e-02	969
4.671704770330125e-01	1.277122945544518e-01	970
4.509214465608832e-01	1.279581749958920e-01	971
4.347469347753703e-01	1.280104427094574e-01	972
4.186417979041985e-01	1.278803520941920e-01	973
4.026003061554786e-01	1.275526136748561e-01	974
4.893350882858963e-02	6.661137466675121e-02	975
4.117767448044789e-02	6.296927192122834e-02	976
2.509159604908925e-01	1.153818983521632e-01	977
2.368094800760011e-01	1.134407875812044e-01	978
1.356528315929640e-01	9.425788347980926e-02	979
1.245237010866631e-01	9.151723389174185e-02	980
1.138003466316968e-01	8.890584833479946e-02	981
1.031693902092321e-01	8.602122956082342e-02	982
9.191936824224091e-01	4.533943856161512e-02	983
9.103471699437172e-01	4.819448783526585e-02	984
9.011057520211638e-01	5.111119170160999e-02	985
8.814305894463169e-01	5.713673694187545e-02	986
8.710053659584321e-01	6.020850607736809e-02	987
8.602260432112685e-01	6.332882227599387e-02	988
8.490676695168382e-01	6.649067472655068e-02	989
8.257323710158224e-01	7.290808458199935e-02	990
8.135090549860996e-01	7.616872708353223e-02	991
8.009467178853081e-01	7.942766268737371e-02	992
7.749979738907135e-01	8.594111524503781e-02	993
7.615660933726069e-01	8.919956552699133e-02	994
7.477356311834470e-01	9.241494527187706e-02	995
7.337279560827170e-01	9.555977138021002e-02	996
7.193811985304353e-01	9.863273403105155e-02	997
7.048106712593176e-01	1.016465157572833e-01	998
6.899405209925777e-01	1.045160841736053e-01	999
5.322804904626349e-01	1.248449424050596e-01	1000
5.484571268627094e-01	1.236246804382312e-01	1001
6.441756576745995e-01	1.124328677554042e-01	1002
6.285393932361620e-01	1.147265176499852e-01	1003
6.127892943479392e-01	1.169191404591774e-01	1004
5.968589484497181e-01	1.188654113180763e-01	1005
2.230897997560074e-01	1.113447182821154e-01	1006
2.096927686302761e-01	1.091542534320591e-01	1007
1.965924623134102e-01	1.068884240646170e-01	1008
1.837722399952134e-01	1.045454192537980e-01	1009
1.712380404768045e-01	1.021068289934132e-01	1010
1.590118519451254e-01	9.956919854300597e-02	1011
3.405966652164247e-02	5.918723885531200e-02	1012
2.748755114493859e-02	5.533522227660261e-02	1013
8.145998640141684e-01	-9.070041491332057e-02	1014
8.270712672862869e-01	-8.747049442129295e-02	1015
8.391441189971385e-01	-8.421956049987493e-02	1016
4.998084128922378e-01	-1.330388992898110e-01	1017
5.159445408942821e-01	-1.323553934452749e-01	1018
5.320158302460716e-01	-1.315622863013944e-01	1019
2.135566625620927e-02	5.163804898457382e-02	1020
1.551786181371789e-02	4.747679430167371e-02	1021
1.039838246270783e-02	4.322938818891996e-02	1022
9.305158078276822e-02	8.297298439075693e-02	1023
8.336677179740848e-02	7.982202520022155e-02	1024
7.409689901528607e-02	7.657927118951421e-02	1025
6.524271563044257e-02	7.323681016265329e-02	1026
3.866831426711000e-01	1.270347004629228e-01	1027
3.709049965749438e-01	1.263573415169290e-01	1028
3.552199878834310e-01	1.255153518006055e-01	1029
3.396846369699689e-01	1.244889397084349e-01	1030
9.276335587548474e-01	4.255985234529424e-02	1031
9.432934353667574e-01	3.720478707008974e-02	1032
9.356781631673919e-01	3.984418713134971e-02	1033
6.120840391826942e-01	-1.256151587830152e-01	1034
6.277970612308236e-01	-1.239658585301897e-01	1035
6.434146775701279e-01	-1.221461568270765e-01	1036
6.588818422344809e-01	-1.202159403330484e-01	1037
2.523882155208518e-01	-1.286376479716515e-01	1038
2.666290742228670e-01	-1.295671207505462e-01	1039
2.810970109043031e-01	-1.305048488269458e-01	1040
-8.773556946013068e-04	-5.596160481452273e-02	1041
9.994885752899130e-01	9.414352974328011e-03	1042
9.790796135149504e-01	-3.715604876464188e-02	1043
1.000451993273489e+00	8.110537394202123e-04	1044
-5.062042816478270e-03	-4.955479863256268e-02	1045
7.372552679949945e-01	-1.280550387875134e-01	1046
9.143339969937612e-02	-1.171414064124415e-01	1047
-8.552501086321751e-03	-4.341033456587205e-02	1048
9.855568376766399e-01	2.643250796331446e-02	1049
-1.381699233574724e-02	-3.088214486447396e-02	1050
1.515944710955580e-02	-7.399597205181721e-02	1051
1.619979593076117e-01	-1.356230392743136e-01	1052
1.379906281186478e-01	1.112253086468833e-01	1053
-1.287045812284494e-03	4.108239638376324e-02	1054
-1.113572493011658e-02	2.574314061724912e-02	1055
-1.623189368402327e-02	8.320990644758074e-03	1056
-8.559352787475485e-03	2.028004581043721e-04	1057
-8.551468961920120e-03	-1.530694155738095e-03	1058
-1.227071333635007e-02	5.370242745088465e-04	1059
-1.561238459694476e-02	-2.463588159242890e-02	1060
1.000099953853205e+00	-9.629109806793270e-03	1061
3.155102441869688e-01	1.433302190370571e-01	1062
9.838374066267666e-01	-3.303634611983615e-02	1063
9.974691616506506e-01	-1.724673150835950e-02	1064
9.475820435029279e-01	-5.817228353926591e-02	1065
8.060711211281701e-01	-1.115707594962221e-01	1066
4.117701406282780e-01	-1.568277629072581e-01	1067
9.984487220466390e-01	1.326967924284946e-02	1068
9.270794872196810e-01	5.582777107992590e-02	1069
9.504380530420466e-01	4.592411306432702e-02	1070
5.502724208301879e-01	1.455350459718930e-01	1071
5.173676447891279e-01	1.477849435800155e-01	1072
6.626455378544944e-01	1.309013636161110e-01	1073
7.787700393324539e-01	1.045207526806393e-01	1074
4.926013037353859e-01	1.489743130330400e-01	1075
5.498326575089558e-01	-1.529310699807245e-01	1076
3.309714223166863e-01	1.448319677980145e-01	1077
9.961602323371056e-01	1.651525926278585e-02	1078
8.100750636339628e-02	-1.131279905621387e-01	1079
1.000297447975892e+00	1.862869564660326e-03	1080
9.896644166178307e-01	2.312571778161080e-02	1081
-1.226268101150403e-02	-2.079184842739940e-03	1082
1.000487689114777e+00	-7.895245991624513e-04	1083
1.000383998201911e+00	-1.857850552702282e-03	1084
9.397788968868361e-01	-6.237825646093603e-02	1085
2.133110277505886e-02	-7.930061392689253e-02	1086
-1.686249418611220e-02	-1.828625139624027e-02	1087
3.172371347043597e-03	4.627741365858742e-02	1088
-1.142366974392055e-02	-3.718887457947215e-02	1089
9.639695328382831e-01	3.945473509208609e-02	1090
-1.338617796998833e-02	2.049342010181110e-02	1091
1.000777029478798e+00	1.696612087829243e-04	1092
1.000784092815299e+00	-1.316565154763822e-04	1093
3.649864570678614e-03	-6.179617760935065e-02	1094
3.174099442639499e-01	-1.534884679562771e-01	1095
3.022019930894742e-01	-1.524733933686122e-01	1096
9.931991623719220e-01	1.978931198138282e-02	1097
5.748855336459391e-01	1.432996320715534e-01	1098
9.574130833569167e-01	4.268802481376912e-02	1099
9.948992120227145e-01	-2.097209355410574e-02	1100
7.077776959422800e-01	-1.338371675946202e-01	1101
-1.515511212319699e-02	1.505480788509316e-02	1102
3.002626896999586e-01	1.416489076924403e-01	1103
2.851791233521433e-01	1.397691155735878e-01	1104
2.704788066680095e-01	1.377857963462054e-01	1105
6.774088829997197e-01	-1.390135601566221e-01	1106
-5.092256854158385e-03	3.607640507846803e-02	1107
-8.330804909625834e-03	3.096285193769439e-02	1108
-1.710411650621581e-02	-1.062670001284636e-02	1109
8.987437842242412e-03	-6.807976033401701e-02	1110
8.612179229270425e-01	-9.481514187741279e-02	1111
8.724611195705734e-01	-9.091796202362046e-02	1112
8.833166460700197e-01	-8.702195854795533e-02	1113
8.938292999173868e-01	-8.300704913881708e-02	1114
7.107836780581679e-02	-1.089037654030929e-01	1115
6.159993426982500e-02	-1.044570612500586e-01	1116
9.039153727469182e-01	-7.897449385481618e-02	1117
9.135377099927375e-01	-7.486629679321037e-02	1118
9.227513093726797e-01	-7.074086622024386e-02	1119
9.314990884327261e-01	-6.658188481340371e-02	1120
9.679771534012768e-01	-4.554094084631177e-02	1121
9.737896281157254e-01	-4.133501267277007e-02	1122
7.793800315303042e-01	-1.184443219995797e-01	1123
9.994043362841253e-01	-1.367429533743008e-02	1124
4.603641071320191e-01	-1.566262300103749e-01	1125
4.766854256527251e-01	-1.562433915022555e-01	1126
4.279234698905273e-01	-1.568996823695009e-01	1127
4.440756313515924e-01	-1.568134451855888e-01	1128
9.548478090820314e-01	-5.396664810184313e-02	1129
9.616540298693227e-01	-4.975875422109893e-02	1130
1.371016913038105e-01	-1.301491949925370e-01	1131
1.493283179405213e-01	-1.329895192430489e-01	1132
9.881131104391809e-01	-2.889155324557111e-02	1133
9.917904331440957e-01	-2.488483632382178e-02	1134
7.586592373087920e-01	-1.233762560803086e-01	1135
1.025184698781762e-01	-1.209053471160795e-01	1136
1.139515940410409e-01	-1.240838553320571e-01	1137
1.252344873550367e-01	-1.271274270191680e-01	1138
5.824454460111536e-01	-1.505809157041423e-01	1139
2.824356926536838e-02	-8.488939209397187e-02	1140
3.598034918007620e-02	-9.037463241448175e-02	1141
4.440970434760261e-02	-9.533612539810414e-02	1142
5.263650998214772e-02	-9.981157659261940e-02	1143
3.327313237845139e-01	-1.543209170230709e-01	1144
3.482450963096825e-01	-1.551132559553966e-01	1145
3.639580326842335e-01	-1.557192047613783e-01	1146
3.797787688463508e-01	-1.562440277217282e-01	1147
3.956984637606875e-01	-1.566019788361249e-01	1148
1.748920182162087e-01	-1.380572698615387e-01	1149
1.881255244580412e-01	-1.402764858587055e-01	1150
2.015114153736714e-01	-1.423488026616788e-01	1151
2.152107451835437e-01	-1.442409615328510e-01	1152
2.291341174146028e-01	-1.460327631475698e-01	1153
9.808560129757496e-01	2.975768993070776e-02	1154
9.757110856616724e-01	3.299151263110480e-02	1155
9.700751754204291e-01	3.622540725922566e-02	1156
4.761845278179417e-01	1.495123346921172e-01	1157
4.596923538247800e-01	1.498712038042176e-01	1158
4.432772826614377e-01	1.499423921654556e-01	1159
4.269039663242818e-01	1.498471473741498e-01	1160
4.106219295010099e-01	1.494921281705434e-01	1161
4.849813367127496e-02	7.852753734601431e-02	1162
4.030306842730093e-02	7.439237924071479e-02	1163
2.561130097081474e-01	1.357200478489415e-01	1164
2.417462746608542e-01	1.336518342457307e-01	1165
1.265676834448684e-01	1.080044679322830e-01	1166
1.157297742682579e-01	1.048599994930178e-01	1167
1.047228165109362e-01	1.016985090384933e-01	1168
9.184966335341869e-01	5.919330984321434e-02	1169
9.095051836068730e-01	6.270012780599860e-02	1170
9.001406147698691e-01	6.618174978737278e-02	1171
8.903370513924407e-01	6.979486979582349e-02	1172
8.801278417955304e-01	7.337659155123111e-02	1173
8.695372023783976e-01	7.702526728062944e-02	1174
8.585455631598969e-01	8.064060828684570e-02	1175
8.414046453331144e-01	8.619927098737046e-02	1176
8.235134262143907e-01	9.173041562709361e-02	1177
8.047395618415507e-01	9.717814563969072e-02	1178
7.514115499344467e-01	1.117175634149185e-01	1179
7.228946254321990e-01	1.185771410345634e-01	1180
6.932446850426229e-01	1.250197504547715e-01	1181
6.312545702554527e-01	1.360962553279262e-01	1182
5.991879086025345e-01	1.405398126414068e-01	1183
2.275546128162071e-01	1.312023166953219e-01	1184
2.138629827548125e-01	1.286786050429145e-01	1185
2.004641139253004e-01	1.259946704916615e-01	1186
1.874002751376980e-01	1.232985437364072e-01	1187
1.745632485339670e-01	1.204459988207406e-01	1188
1.620199284871235e-01	1.175070822461602e-01	1189
1.498024515372103e-01	1.144232150545772e-01	1190
3.270130795706583e-02	6.983529208142199e-02	1191
2.582057654966421e-02	6.521788713320953e-02	1192
8.253446406128196e-01	-1.061364807334518e-01	1193
8.376472460080450e-01	-1.023979845768753e-01	1194
8.495754073160237e-01	-9.865087591218362e-02	1195
4.930090986150827e-01	-1.556782904554067e-01	1196
5.174256237308313e-01	-1.546218078633855e-01	1197
1.962012622863937e-02	6.088873954103637e-02	1198
1.339981391107584e-02	5.612197178510876e-02	1199
7.907652301764073e-03	5.101199106796954e-02	1200
9.406972429236649e-02	9.807948288390188e-02	1201
8.400118142799798e-02	9.431780164488159e-02	1202
7.439229606375197e-02	9.043997596718134e-02	1203
6.521078867474549e-02	8.643986814063211e-02	1204
5.651280072874998e-02	8.235531043089418e-02	1205
3.943845812746898e-01	1.489458625564428e-01	1206
3.783796531696864e-01	1.481775464312017e-01	1207
3.624399625398216e-01	1.472652023581724e-01	1208
3.465951967137710e-01	1.461465299499365e-01	1209
9.430704062199153e-01	4.917368669415070e-02	1210
9.352739541892902e-01	5.246254751386650e-02	1211
6.146262546926550e-01	-1.473934957755888e-01	1212
6.462835668624066e-01	-1.435377502939778e-01	1213
2.435035218938333e-01	-1.476061974077909e-01	1214
2.579960130882321e-01	-1.489000956008932e-01	1215
2.724202286641348e-01	-1.501347611047852e-01	1216
2.871633969477950e-01	-1.513851798141905e-01	1217
9.998891205192145e-01	-2.580360802111446e-03	1218
9.997734396735559e-01	2.549280992923483e-03	1219
-1.287699278641596e-02	-4.986454454214070e-02	1220
-1.621908734920716e-02	3.252063541615205e-03	1221
1.000832611624082e+00	-5.359371122146855e-04	1222
9.905613656321864e-01	-3.602914593125889e-02	1223
9.978484993930241e-01	2.091072500203756e-02	1224
-1.928146600469983e-02	1.912090300949132e-02	1225
9.716146772342090e-01	4.625000972455901e-02	1226
1.001220309966826e+00	-8.305112825972034e-03	1227
9.972126710474216e-01	-2.621304592423561e-02	1228
-2.188627326897064e-02	-1.481695825756461e-02	1229
1.152296820380188e-02	-8.394549952464403e-02	1230
-9.344221323092428e-03	-5.676176010175110e-02	1231
3.296314783834728e-01	1.674313553023776e-01	1232
1.000806212732230e+00	5.749283365809848e-04	1233
-8.776178308568666e-03	4.248293793164618e-02	1234
-1.742612737154505e-02	2.504949272257874e-02	1235
-5.096651714238025e-03	-6.369016512189363e-02	1236
9.863015108456713e-01	-4.105873241672858e-02	1237
5.357161731723417e-01	-1.786360476509974e-01	1238
9.950191571543953e-01	2.509312948311885e-02	1239
3.160505533783253e-01	-1.762375388666872e-01	1240
9.569381913064346e-01	-6.607106346471425e-02	1241
9.455224722042380e-01	-7.360322547606295e-02	1242
6.339782837864567e-01	-1.694542203881222e-01	1243
9.107272762622895e-02	-1.339550732129785e-01	1244
1.708635844180711e-01	-1.571308983123900e-01	1245
-2.014705713467133e-02	-2.942827080953285e-02	1246
4.283179213619653e-01	-1.806779609422294e-01	1247
6.972152330298782e-02	-1.241420666467114e-01	1248
8.006061864221611e-02	-1.291366344488803e-01	1249
1.221944429157891e-01	1.245893873313400e-01	1250
9.873613257681589e-01	3.367851577157021e-02	1251
9.318083772504183e-01	6.857867419490087e-02	1252
-2.052085982607058e-02	1.213648013016671e-02	1253
-4.875870480273722e-03	4.829846963431324e-02	1254
9.815052898317990e-01	-4.604246403730763e-02	1255
1.000404036038713e+00	1.230633494920306e-03	1256
9.915410901876517e-01	2.942851416295959e-02	1257
-1.097021071870805e-02	-7.352828534583640e-04	1258
-2.144342756168788e-02	-2.264736964031528e-02	1259
9.995626995236896e-01	-2.159107721156622e-02	1260
7.528434980054266e-01	-1.472040322121753e-01	1261
5.065702490728158e-01	1.728141421212174e-01	1262
4.771775527496740e-01	1.729383207542739e-01	1263
1.000068840920907e+00	1.678164756235229e-02	1264
1.001110332813376e+00	2.712926530169638e-05	1265
1.000695664765773e+00	8.211532550913890e-03	1266
-1.652644846702604e-02	-5.082013602210602e-03	1267
1.000459496144612e+00	-1.213989948759307e-03	1268
1.779299514713975e-02	-9.004297341569568e-02	1269
-1.825950713438289e-02	-3.623178380480808e-02	1270
-1.583526467580963e-02	-4.298843481736474e-02	1271
5.647267445720661e-01	1.686922822783825e-01	1272
5.322522062509179e-03	-7.764088198425205e-02	1273
9.653570662037918e-01	5.036042275911576e-02	1274
9.586344542262412e-01	5.442777356556121e-02	1275
5.356674614690394e-01	1.709351346351500e-01	1276
2.984046195768129e-01	1.638084833737892e-01	1277
2.682653005409402e-01	1.591842013145843e-01	1278
7.271767595033277e-01	-1.531031934513988e-01	1279
-1.215185626009018e-02	3.665663649687208e-02	1280
-1.503164235088284e-02	3.090164722023575e-02	1281
-4.732523366399351e-04	-7.034324734310041e-02	1282
8.780033089002323e-01	-1.066973112321963e-01	1283
8.995407258703781e-01	-9.764907975973730e-02	1284
5.988150826262180e-02	-1.189396495531737e-01	1285
9.193657614469378e-01	-8.819951750685923e-02	1286
9.330462548264391e-01	-8.100198200636909e-02	1287
9.761432823214560e-01	-5.106587863286194e-02	1288
1.001349622017063e+00	-1.713363066702220e-02	1289
4.611974938827427e-01	-1.805571882382103e-01	1290
9.638208615898082e-01	-6.110231802803059e-02	1291
9.702401978090508e-01	-5.609054986316370e-02	1292
1.447441729794206e-01	-1.508647323054509e-01	1293
9.942415848877807e-01	-3.110453730781457e-02	1294
7.741562348547666e-01	-1.417282138988357e-01	1295
7.980430137333623e-01	-1.349912691793880e-01	1296
1.087504683525488e-01	-1.400362288993252e-01	1297
1.260638679620598e-01	-1.454773995537334e-01	1298
5.686871690014244e-01	-1.765105987760416e-01	1299
2.513526291846636e-02	-9.659148224722121e-02	1300
3.361765628160202e-02	-1.030207010370502e-01	1301
4.209248927212979e-02	-1.082952163356532e-01	1302
5.055313693054322e-02	-1.135479483519616e-01	1303
3.473786649346176e-01	-1.783329072585921e-01	1304
3.793628453769787e-01	-1.797719185106763e-01	1305
4.037211312905256e-01	-1.805140234060729e-01	1306
1.980557014492063e-01	-1.624031425143563e-01	1307
2.262747706425223e-01	-1.670626189344760e-01	1308
9.826170883907380e-01	3.794406238469116e-02	1309
9.773785338285136e-01	4.210423809818862e-02	1310
4.437217150305651e-01	1.733273291940084e-01	1311
4.105267412077613e-01	1.727688180189162e-01	1312
3.872949790791556e-02	8.719308981843706e-02	1313
2.391141255447695e-01	1.547523095572685e-01	1314
1.057532442244755e-01	1.193037157083001e-01	1315
8.188069979651919e-01	1.138703434858639e-01	1316
9.143240821610368e-01	7.665108915294518e-02	1317
8.951747527850321e-01	8.491658614377251e-02	1318
8.743611644516942e-01	9.323409794798145e-02	1319
8.549405637498941e-01	1.013652825263212e-01	1320
8.373221149550554e-01	1.076447378310431e-01	1321
7.962548103906351e-01	1.210449688529144e-01	1322
7.694278126191222e-01	1.291487498656120e-01	1323
7.412695071835497e-01	1.369048737218443e-01	1324
7.119419202874073e-01	1.441937953060341e-01	1325
6.815267819199728e-01	1.509042877051036e-01	1326
6.501941164200639e-01	1.569066757433778e-01	1327
6.181214971463613e-01	1.621188360522535e-01	1328
5.896398589597198e-01	1.660192400147491e-01	1329
2.106667975120175e-01	1.488630998394365e-01	1330
1.838493340003202e-01	1.426309919386545e-01	1331
1.643781667773943e-01	1.375915758981310e-01	1332
1.517086173228790e-01	1.340421587059262e-01	1333
1.394455808947635e-01	1.302976097315783e-01	1334
3.044180482404674e-02	8.177633781917314e-02	1335
2.313526035375589e-02	7.622083736472224e-02	1336
8.211912603309428e-01	-1.279718630853487e-01	1337
8.429963305359937e-01	-1.197567638098264e-01	1338
8.609695577866180e-01	-1.133815180565027e-01	1339
4.860955414519238e-01	-1.799029690092809e-01	1340
5.069319183366672e-01	-1.801466760752793e-01	1341
1.680177633455956e-02	7.105884955296911e-02	1342
1.052278779832486e-02	6.580919337694346e-02	1343
4.560865236184527e-03	5.970505782282422e-02	1344
-3.149722355862329e-04	5.410481415291953e-02	1345
9.431593815602977e-02	1.150687461603424e-01	1346
8.367743997540267e-02	1.105780073739587e-01	1347
7.367081006294590e-02	1.059595956529978e-01	1348
6.414387754177446e-02	1.011962611903729e-01	1349
5.512923639825491e-02	9.630650593618670e-02	1350
4.692365365377993e-02	9.170809179592621e-02	1351
3.777725433127885e-01	1.711476954535707e-01	1352
3.535563949079343e-01	1.696512838846498e-01	1353
9.515149167563155e-01	5.848213935729966e-02	1354
9.439355862261003e-01	6.250625568198118e-02	1355
6.016493870885832e-01	-1.734098968468907e-01	1356
6.657604514358559e-01	-1.647481936464495e-01	1357
6.968939038670066e-01	-1.592820155345314e-01	1358
2.557738647186288e-01	-1.704723763839793e-01	1359
2.853364416268898e-01	-1.735991869316110e-01	1360
1.001103676801481e+00	1.419259396703031e-02	1361
1.000532070447699e+00	-2.490536425754392e-03	1362
1.000321642113975e+00	-3.386824822512981e-03	1363
1.000628196680426e+00	6.724821464575208e-03	1364
3.426496996176476e-02	-1.197876631390002e-01	1365
1.001225070597429e+00	2.003851916960276e-02	1366
1.001102662962329e+00	3.799233052309638e-04	1367
1.001788124994131e+00	-9.935179662951186e-03	1368
-2.099463544445608e-02	-4.923485334030193e-02	1369
-1.038309611782267e-02	-7.202430442238462e-02	1370
1.001035808205707e+00	-6.790237607985141e-03	1371
1.002149062486293e+00	-1.438940337261588e-02	1372
-1.673654368742549e-02	4.289608144816566e-02	1373
-2.543522457531222e-02	1.629448721949453e-02	1374
-2.725989773723305e-02	-1.921625408268763e-02	1375
9.855361775558249e-01	4.680595272869374e-02	1376
7.697272895917405e-01	-1.678796069915288e-01	1377
3.401144024714377e-01	1.945867911866435e-01	1378
1.001124058197814e+00	9.840217477709757e-03	1379
9.334581557950151e-01	-9.839918257801286e-02	1380
5.646488464859621e-04	-8.808669827705981e-02	1381
3.996644419095236e-02	1.038027200364544e-01	1382
-1.338405677120925e-02	4.946212791626121e-02	1383
-1.810893475055658e-02	-5.677697272023740e-02	1384
4.162853620657901e-01	-2.082879929105455e-01	1385
9.672953554405008e-01	-7.339473438864874e-02	1386
6.543905576013089e-01	-1.935709440558503e-01	1387
5.548045456801679e-01	-2.052825054593939e-01	1388
9.940487675319692e-01	-4.355446705441735e-02	1389
9.975314247097008e-01	-3.761917930625724e-02	1390
6.566173696726083e-03	-9.476338852846096e-02	1391
1.311016446582178e-02	-1.019401193132286e-01	1392
1.000800018478170e+00	1.021175206171849e-03	1393
9.976944859431293e-01	3.069832406512260e-02	1394
1.000426593896066e+00	2.561972643998123e-02	1395
9.744168914981175e-01	5.720623807766465e-02	1396
2.807269544298406e-01	1.863652374729513e-01	1397
5.799770460204274e-01	1.943702412535056e-01	1398
7.175494183694981e-01	-1.812255338019987e-01	1399
5.689992529833556e-02	-1.350210808341000e-01	1400
1.000151525228146e+00	3.360641557726845e-03	1401
1.000409639157398e+00	2.492651595530900e-03	1402
-1.528092563232647e-02	-3.472741252226536e-04	1403
9.899195148257123e-01	-4.962269359389616e-02	1404
9.802584311323436e-01	5.201146362775039e-02	1405
1.001120224206590e+00	-3.259673615305408e-04	1406
1.000370205176594e+00	-3.164242910566008e-02	1407
-2.409942072794210e-02	2.359135093170669e-02	1408
-1.455916704335931e-02	-6.454179546203700e-02	1409
5.235333480460524e-01	-2.072581564577956e-01	1410
-2.671181333227538e-02	-2.729293859712411e-02	1411
6.711855734776134e-02	-1.411415867009284e-01	1412
7.796700365844383e-02	-1.470485350018060e-01	1413
9.942603885102579e-01	3.612866356285575e-02	1414
-2.151147000002357e-02	5.818840908745094e-03	1415
9.851444692938459e-01	-5.559054861011246e-02	1416
1.002556425541936e+00	-2.615463730081424e-02	1417
7.458801587657583e-01	-1.743696460014214e-01	1418
-2.218808540448144e-02	-7.934744204684489e-03	1419
1.000848348680697e+00	-9.841401672559217e-04	1420
4.726150499602220e-02	-1.287071126712116e-01	1421
-2.539712582811949e-02	-3.462293963631623e-02	1422
-2.349297985963546e-02	-4.194455100718121e-02	1423
5.231082671930656e-01	1.990508904438584e-01	1424
-5.474003203938274e-03	-7.986079993578965e-02	1425
9.680322671688742e-01	6.234497487676234e-02	1426
5.523679582748808e-01	1.969138470828060e-01	1427
3.122455619880489e-01	1.912262903627968e-01	1428
6.072284833443402e-01	1.908106384889777e-01	1429
-1.972605785546061e-02	3.654376042259679e-02	1430
-2.218043590474601e-02	3.011238938728215e-02	1431
8.959841159504156e-01	-1.190481911150166e-01	1432
9.167959048615892e-01	-1.081487471449193e-01	1433
9.466084448552488e-01	-8.969352371004254e-02	1434
9.583708769021128e-01	-8.088266509050029e-02	1435
1.002819342158346e+00	-2.035805273349717e-02	1436
4.455456879300053e-01	-2.084720688556042e-01	1437
9.738331265117675e-01	-6.756819176028574e-02	1438
9.797742725547406e-01	-6.159365212576375e-02	1439
3.911101897385381e-01	-2.076231517831731e-01	1440
8.398706328595652e-01	-1.439193597797008e-01	1441
8.589261861871609e-01	-1.358666324242355e-01	1442
7.926445782817252e-01	-1.608862911907095e-01	1443
9.297708226115985e-02	-1.538493571855973e-01	1444
1.107622016734117e-01	-1.605238816580956e-01	1445
1.288559248193461e-01	-1.671256654795997e-01	1446
2.108992834077855e-02	-1.097363087127197e-01	1447
3.300101188197569e-01	-2.039027261570171e-01	1448
3.624493582267594e-01	-2.062194511419421e-01	1449
1.516692686905179e-01	-1.743617733529304e-01	1450
1.791159309593067e-01	-1.816169399943412e-01	1451
6.863616938587372e-01	-1.878213116231055e-01	1452
9.902127870839672e-01	4.144468900096944e-02	1453
4.923177267652742e-01	2.000280889721595e-01	1454
4.614546955152674e-01	2.001472289705538e-01	1455
1.083316652932354e-01	1.399049679993708e-01	1456
9.293505510713714e-01	8.730175319521166e-02	1457
9.110454619887137e-01	9.708867777395744e-02	1458
8.341391439957542e-01	1.317348463718347e-01	1459
8.909785383323746e-01	1.069055997956092e-01	1460
8.714762265424502e-01	1.161269737382766e-01	1461
8.523593359931113e-01	1.246002313873171e-01	1462
8.133406822626739e-01	1.393522561723586e-01	1463
7.884461852291159e-01	1.479139818183495e-01	1464
7.606526888105843e-01	1.567683716527877e-01	1465
7.315774701449911e-01	1.650961916839506e-01	1466
7.013285036114926e-01	1.727987375840203e-01	1467
6.700311251555696e-01	1.797625771207136e-01	1468
6.378909377649896e-01	1.858728061065371e-01	1469
2.511232301833362e-01	1.812837190840295e-01	1470
2.211387607927758e-01	1.751943382474132e-01	1471
1.929909163551972e-01	1.680508607489594e-01	1472
1.691950198249982e-01	1.613142129685278e-01	1473
1.466620462127043e-01	1.527605643158754e-01	1474
1.250831783302787e-01	1.461436674269062e-01	1475
2.729629866554478e-02	9.520023219275185e-02	1476
1.931880047542459e-02	8.843276545015216e-02	1477
8.163357694876813e-01	-1.530233531209066e-01	1478
8.767421234026878e-01	-1.281915198350938e-01	1479
4.750042437774180e-01	-2.081419311400453e-01	1480
4.967599197303504e-01	-2.079541826721879e-01	1481
1.267830602933369e-02	8.219233940596671e-02	1482
6.551024679404139e-03	7.645717703323616e-02	1483
3.168294097585065e-04	6.940605255597511e-02	1484
-4.882829888133634e-03	6.264562071050711e-02	1485
-9.411746145426595e-03	5.618798669178127e-02	1486
9.379050133848776e-02	1.341637954647029e-01	1487
8.228216248195533e-02	1.287800848597777e-01	1488
7.172358471043945e-02	1.232652089028465e-01	1489
6.179830595316736e-02	1.176151100454469e-01	1490
5.238983970013981e-02	1.117918740809736e-01	1491
4.275545362402626e-01	1.999244703630211e-01	1492
3.938534980776632e-01	1.985762951971748e-01	1493
3.649510354917487e-01	1.967686840830918e-01	1494
9.574731629251170e-01	6.960453621448405e-02	1495
9.442457483049235e-01	7.860186987787167e-02	1496
5.885284003816711e-01	-2.024392743118222e-01	1497
6.218166618480661e-01	-1.984576693175216e-01	1498
2.074370690478587e-01	-1.878778932427150e-01	1499
2.374908127984511e-01	-1.931174900615242e-01	1500
2.674748642181760e-01	-1.971229714166373e-01	1501
2.982920660178545e-01	-2.008427019158366e-01	1502
1.000809832421347e+00	3.084058820771914e-03	1503
1.000397599996377e+00	-5.183849762118877e-03	1504
9.996758106370507e-01	-5.790233566494324e-03	1505
1.000163789126151e+00	1.156886108706894e-02	1506
-2.961793323414576e-02	2.846476540223791e-02	1507
1.000113744606407e+00	5.120367952017407e-03	1508
-2.528067097660655e-02	4.272386334755097e-02	1509
9.787170810361107e-01	-7.986013031265646e-02	1510
1.001197913379327e+00	-7.349322220967305e-04	1511
1.003876372766529e+00	-1.640398537048015e-02	1512
1.005518848812789e+00	-1.716936672550556e-02	1513
9.947149613178761e-01	-5.856873367206310e-02	1514
1.000780716248478e+00	1.465201047042721e-03	1515
9.896571427010101e-01	5.616159793412850e-02	1516
2.624341660566739e-01	2.110421134629958e-01	1517
1.002656344235681e+00	-8.720924669158735e-03	1518
1.002177660803518e+00	-7.424071263332228e-03	1519
-1.677111021343651e-02	-8.115385283378593e-02	1520
1.001159346457180e+00	7.909369166489550e-04	1521
-1.905416523146735e-02	5.703231546528243e-02	1522
1.322737373561585e-01	-1.920684716188240e-01	1523
3.109730997218293e-02	-1.367239953055111e-01	1524
9.490315659360593e-01	-1.077612915194757e-01	1525
7.891411185346178e-01	-1.897054905399504e-01	1526
1.000966487179280e+00	-1.178030748708703e-02	1527
1.001700569813432e+00	7.420817736310310e-03	1528
1.002071933400481e+00	8.720822507409643e-03	1529
1.000851653765171e+00	-1.432188134340066e-03	1530
-2.714573014440289e-02	-5.581833099393511e-02	1531
5.689239688505230e-01	2.259413175961766e-01	1532
6.762058019154247e-01	-2.198124639873454e-01	1533
4.312940148110777e-01	-2.393384497469942e-01	1534
5.972975633455664e-01	2.226146585100575e-01	1535
9.448666148505085e-01	9.745527154778597e-02	1536
9.090796434964863e-01	1.202482897135898e-01	1537
3.238196284917555e-01	2.215994549743381e-01	1538
2.497487488249760e-02	1.115782773988221e-01	1539
5.116347318687916e-01	-2.387715976385038e-01	1540
-2.233019791303173e-02	4.959434095839009e-02	1541
1.002267616889155e+00	2.985271577061728e-02	1542
5.419181503542091e-01	-2.372858164359052e-01	1543
9.993675506330457e-01	5.668146888555177e-03	1544
1.002631457844246e+00	1.629387392169604e-02	1545
1.004182195448378e+00	1.717646105921288e-02	1546
1.000972498465972e+00	-3.068301818896400e-03	1547
-3.098087716839619e-02	2.077106092203304e-02	1548
3.509070679332119e-01	2.248695301099621e-01	1549
1.001477826493403e+00	2.119690325041508e-04	1550
1.001486990906137e+00	-1.387254463718301e-04	1551
-1.161511634026659e-02	-9.026529630137556e-02	1552
-2.092929762053832e-02	-7.278877097661063e-02	1553
4.032828945021996e-01	-2.386982919242154e-01	1554
9.987006456325096e-01	-5.134722511546803e-02	1555
1.001740397258245e+00	-4.423150180400162e-02	1556
-5.649939387185381e-03	-9.928997142102276e-02	1557
2.066099459706273e-04	-1.065609864832095e-01	1558
1.000807495546307e+00	2.097674741162060e-03	1559
9.942493180708518e-01	4.959381882492649e-02	1560
9.845050198387383e-01	6.258155499500828e-02	1561
2.934188828459891e-01	2.167984245402380e-01	1562
7.084288474596664e-01	-2.127803804673659e-01	1563
4.750153478995982e-02	-1.488764058965571e-01	1564
1.004547901548210e+00	-3.743276143178267e-02	1565
-2.438938052352000e-02	-6.417586911402293e-02	1566
-3.326599304836442e-02	-2.381271826319139e-02	1567
6.338426054144713e-02	-1.593584437141138e-01	1568
7.654291919780634e-02	-1.678026892766442e-01	1569
1.001377317685721e+00	3.675311262086040e-02	1570
-2.651808378734356e-02	9.768945175081417e-03	1571
-1.999206213873118e-02	-3.008655001635717e-03	1572
1.004796788552897e+00	-3.028744394468356e-02	1573
7.387190992588399e-01	-2.051107414402280e-01	1574
7.652630610107348e-01	-1.974752452533189e-01	1575
-2.191966385805945e-02	-9.222608813596649e-04	1576
-2.763942404724481e-02	-1.215260018824946e-02	1577
1.000913052293724e+00	-2.069311280165694e-03	1578
-3.268579163324185e-02	-3.223437081882923e-02	1579
-3.151386623560861e-02	-4.016510877205368e-02	1580
-2.957818892155411e-02	-4.809838201187237e-02	1581
5.400893616322184e-01	2.282730997822959e-01	1582
9.786886725550406e-01	6.897765753657657e-02	1583
-2.780163854504869e-02	3.563437414922015e-02	1584
9.154575539084737e-01	-1.308143887813827e-01	1585
9.341441024326606e-01	-1.186920584089772e-01	1586
9.613833059604833e-01	-9.734869030227830e-02	1587
9.715107373492069e-01	-8.767046260794378e-02	1588
9.848451170855442e-01	-7.280099214716698e-02	1589
9.901282166541349e-01	-6.567573431476163e-02	1590
8.585991296556709e-01	-1.612762243352055e-01	1591
8.371105686847009e-01	-1.712089816895061e-01	1592
9.359949568556861e-02	-1.761515692027993e-01	1593
1.114784525066179e-01	-1.836407865896594e-01	1594
7.303375217668847e-03	-1.151566224135366e-01	1595
1.818744357408778e-02	-1.259705546434949e-01	1596
3.442468341690360e-01	-2.349305803385113e-01	1597
3.755908472300994e-01	-2.373161529556022e-01	1598
1.580377687920133e-01	-2.010198738003844e-01	1599
9.979244541522571e-01	4.304200926146833e-02	1600
5.089783274126475e-01	2.298952531982751e-01	1601
4.775267084014357e-01	2.303520364504308e-01	1602
9.283170634192789e-01	1.085746213880386e-01	1603
8.895513231828227e-01	1.312259414484072e-01	1604
8.702282534870569e-01	1.414389186585286e-01	1605
8.510511539979101e-01	1.505963643067368e-01	1606
8.312515219718140e-01	1.590791630353040e-01	1607
8.080944088550492e-01	1.682735729458913e-01	1608
7.814258620534137e-01	1.780749114005911e-01	1609
7.525422350687746e-01	1.876994956329825e-01	1610
7.223944152128434e-01	1.966258866274156e-01	1611
6.910854162002045e-01	2.047420768073624e-01	1612
6.587900222262640e-01	2.119412376863025e-01	1613
6.268703625257150e-01	2.179798084119903e-01	1614
2.318991998406133e-01	2.047166789457711e-01	1615
1.503233447669503e-01	1.792047931047580e-01	1616
1.295924354173973e-01	1.708433111678039e-01	1617
2.017074331424603e-01	1.968053942436845e-01	1618
1.751225475211789e-01	1.886254038430059e-01	1619
1.094901678263773e-01	1.629289560053883e-01	1620
1.433719386743988e-02	1.020003379897308e-01	1621
8.127393398562992e-01	-1.811791042606911e-01	1622
8.766945745166291e-01	-1.523625018093653e-01	1623
8.954213364626246e-01	-1.425172929614483e-01	1624
4.612615809341612e-01	-2.393901462789937e-01	1625
4.866971291975444e-01	-2.391929150161080e-01	1626
7.145548107911320e-03	9.438619588990044e-02	1627
1.138306750251422e-03	8.795316053075600e-02	1628
-5.068592744097771e-03	8.005567178854725e-02	1629
-1.056162033603512e-02	7.204968783405960e-02	1630
-1.511791474693282e-02	6.466308352584522e-02	1631
9.360282852718840e-02	1.560976129359568e-01	1632
7.994608236524699e-02	1.488057235449690e-01	1633
6.868972605775812e-02	1.419292289161758e-01	1634
5.822918679100708e-02	1.353788079914625e-01	1635
4.825659597251387e-02	1.288735810129903e-01	1636
3.743187346426411e-02	1.210635522011091e-01	1637
4.451077872948495e-01	2.301591212615515e-01	1638
4.104953929113061e-01	2.291443468159363e-01	1639
3.785389912116562e-01	2.272479515474107e-01	1640
9.702857802222270e-01	7.686984419747410e-02	1641
9.590436986945094e-01	8.654325623895516e-02	1642
5.750944676694911e-01	-2.347548445229811e-01	1643
6.095819076827403e-01	-2.308841299625454e-01	1644
6.432651269657150e-01	-2.258489328839417e-01	1645
1.867358544001072e-01	-2.094324799427220e-01	1646
2.170043079908194e-01	-2.166889692227910e-01	1647
2.481729201108080e-01	-2.225071133945085e-01	1648
2.791172403832455e-01	-2.272128825927130e-01	1649
3.112378228560380e-01	-2.315098793911527e-01	1650
-3.728918346683422e-02	2.555095171225618e-02	1651
1.000522921681527e+00	-4.360637384534272e-03	1652
1.005698585889553e+00	3.382228345576488e-02	1653
-3.670532760032666e-02	-5.455522493612462e-02	1654
1.003373301678998e+00	1.416052453154188e-02	1655
9.992375392738333e-01	5.793965167685280e-02	1656
3.628702611533600e-01	2.588110771511971e-01	1657
8.590916518867129e-01	-1.901424972230498e-01	1658
-2.442167483041130e-02	-9.111815566733132e-02	1659
1.001238883183669e+00	1.763688856817510e-03	1660
9.620148415518155e-01	1.055378964322737e-01	1661
1.000289162478536e+00	4.325181917352923e-03	1662
-2.663590059412858e-02	3.218334553728737e-03	1663
1.003305183862392e+00	-1.010869016638833e-02	1664
1.001024337903238e+00	-3.991852991046618e-03	1665
8.356225189942181e-01	-2.018141965623460e-01	1666
-3.211062688288628e-02	1.372869813430749e-02	1667
1.001103854540734e+00	-2.624149538778439e-03	1668
1.001691660657947e+00	6.263097503548544e-03	1669
-3.446174320738862e-02	-6.272710812585258e-02	1670
8.109904953210878e-01	-2.126134349016729e-01	1671
4.467806091784942e-01	-2.739236730761292e-01	1672
9.912248779053989e-01	-8.472262519834198e-02	1673
1.355154155792534e-01	-2.205409941873497e-01	1674
4.169539214815705e-01	-2.733842610450243e-01	1675
9.951106789931948e-01	6.578743011103211e-02	1676
9.467373825337710e-01	1.189386581731702e-01	1677
5.572623546290817e-01	2.609354186645439e-01	1678
2.421493219974296e-01	2.376986242543532e-01	1679
9.525784054864614e-01	-1.283176547806059e-01	1680
-2.597938649196657e-02	6.513493020247108e-02	1681
2.104560680325228e-01	2.292196177497307e-01	1682
5.869118203402615e-01	2.580027873451252e-01	1683
1.000804333318740e+00	3.993216678620360e-03	1684
1.002600292740216e+00	1.012372997108547e-02	1685
1.002081776264945e+00	-6.245357384486686e-03	1686
1.004434230547636e+00	-1.416437812448010e-02	1687
1.005419907261317e+00	-2.339860056155285e-02	1688
1.000964615269238e+00	2.654533217040366e-03	1689
1.002120498393932e+00	1.193003997321080e-02	1690
1.001189316825015e+00	1.248645256155297e-03	1691
1.003491235245959e+00	-7.677796760481105e-03	1692
1.001330108008507e+00	-1.709072643149313e-03	1693
-2.856346652338353e-02	-8.154363487448382e-02	1694
1.001480140297208e+00	5.900919256451573e-04	1695
1.001509187970465e+00	-5.169486410646907e-04	1696
1.001896645590988e+00	4.771134894220159e-05	1697
1.001252015196961e+00	-1.193107961867277e-03	1698
9.289303523419545e-01	1.325623814648139e-01	1699
3.344993381192874e-01	2.554102988794088e-01	1700
-2.910658155564230e-02	5.673461911330633e-02	1701
-3.189024165802839e-02	4.932076696013744e-02	1702
5.292073236533381e-01	-2.727569167324087e-01	1703
1.004517365110709e+00	2.639643400289142e-02	1704
1.003530273880504e+00	2.321714181960550e-02	1705
1.002973069928500e+00	-1.198923092380652e-02	1706
1.002971223971049e+00	7.761537271392040e-03	1707
-3.190936800057105e-02	-7.199522527889378e-02	1708
1.004266454054366e+00	-5.926776904848376e-02	1709
1.006970969594730e+00	-5.078504043802201e-02	1710
-1.926970686848761e-02	-1.013066721219944e-01	1711
-1.037367088367757e-02	-1.152250017463339e-01	1712
1.336578793436520e-02	-1.436635766208358e-01	1713
3.048372741911115e-01	2.506452899835714e-01	1714
2.734682125024736e-01	2.444860392712448e-01	1715
6.998494123743459e-01	-2.481800780762294e-01	1716
1.007691335493542e+00	-4.276832930754400e-02	1717
2.792111516653662e-02	-1.565272297161457e-01	1718
4.394267875085759e-02	-1.697210284767245e-01	1719
5.797224659326729e-02	-1.806159930950169e-01	1720
-3.366287352930261e-02	-1.623373941220117e-02	1721
1.008568180147867e+00	-3.400574725472101e-02	1722
1.006706534511370e+00	-2.654368019146505e-02	1723
7.318478358994442e-01	-2.397508194181570e-01	1724
7.608862623290954e-01	-2.309514014841250e-01	1725
7.867395991477080e-01	-2.220446044486278e-01	1726
-2.764962700640203e-02	-6.165760184768580e-03	1727
-4.003352549557809e-02	-2.860821889065293e-02	1728
-3.959074834171709e-02	-3.734784658211531e-02	1729
-3.845075426896706e-02	-4.607635715763073e-02	1730
9.902385812066623e-01	7.362288179994247e-02	1731
-3.424447280467854e-02	4.160921361421305e-02	1732
-3.607401901984029e-02	3.362484214572581e-02	1733
9.359142405604002e-01	-1.419215001587460e-01	1734
9.660656900958834e-01	-1.156088726288922e-01	1735
9.769564274841970e-01	-1.036903865148276e-01	1736
9.852410440276690e-01	-9.327085040365120e-02	1737
9.965501925908509e-01	-7.612758496304241e-02	1738
1.000800320133668e+00	-6.768488892927764e-02	1739
7.441345666637708e-02	-1.913717796676571e-01	1740
9.256926165134205e-02	-2.009970958770587e-01	1741
1.117125775807971e-01	-2.099708387070058e-01	1742
1.589062016390376e-03	-1.308236614281060e-01	1743
3.575430788005885e-01	-2.696050688649175e-01	1744
3.880487448739899e-01	-2.720202392525712e-01	1745
1.004019733747940e+00	4.227745436836799e-02	1746
1.002626372244410e+00	4.995255647824682e-02	1747
5.265212285938886e-01	2.629779538465816e-01	1748
4.941530957291556e-01	2.640012997957315e-01	1749
9.096820469367152e-01	1.458483621228339e-01	1750
8.903797353376542e-01	1.581250124357943e-01	1751
8.708148903385859e-01	1.694868236938298e-01	1752
8.508035349119095e-01	1.798396057019042e-01	1753
8.289279226575842e-01	1.900419948433613e-01	1754
8.036102871109250e-01	2.008629869436435e-01	1755
7.753260250613787e-01	2.118678826613507e-01	1756
7.451902586036293e-01	2.223174800148035e-01	1757
7.137743699283443e-01	2.318687694228183e-01	1758
6.812364992988762e-01	2.404066444947364e-01	1759
6.484198232525276e-01	2.477251815415282e-01	1760
6.169438387833608e-01	2.536028743348192e-01	1761
1.309957081609561e-01	1.985412868646211e-01	1762
1.810507590161929e-01	2.196459761306046e-01	1763
1.540056539217125e-01	2.089752299533293e-01	1764
1.110245426665777e-01	1.891755323706841e-01	1765
9.176682168665656e-03	1.180095925467040e-01	1766
8.788355130502217e-01	-1.793025739543923e-01	1767
8.971764471736173e-01	-1.684709568788142e-01	1768
9.166644344210567e-01	-1.558484962331954e-01	1769
4.748006020354942e-01	-2.739919523466455e-01	1770
5.003267146327759e-01	-2.737591287176059e-01	1771
2.056219977710649e-04	1.078199988516455e-01	1772
-5.668584049377092e-03	9.998228434093147e-02	1773
-1.192080093609312e-02	9.147598825215709e-02	1774
-1.749961459997157e-02	8.236290968092778e-02	1775
-2.210453387513762e-02	7.375093309472550e-02	1776
9.245058226312725e-02	1.808319546397598e-01	1777
7.645824107184225e-02	1.718620420864719e-01	1778
5.878502128411791e-02	1.583790997748119e-01	1779
4.338479334451290e-02	1.471350320227528e-01	1780
3.227064105860088e-02	1.393622244078234e-01	1781
2.075112703978826e-02	1.295543905292669e-01	1782
4.617713454838253e-01	2.639969024014581e-01	1783
4.277165615109674e-01	2.631819846980077e-01	1784
3.935362674706268e-01	2.613824723381030e-01	1785
9.834767503384605e-01	8.252716418382562e-02	1786
9.743040854606473e-01	9.311210068666349e-02	1787
5.619426833497589e-01	-2.705861389898702e-01	1788
5.969900906126199e-01	-2.670745297788273e-01	1789
6.321930695797290e-01	-2.619832322518474e-01	1790
6.664139018249221e-01	-2.556593002336969e-01	1791
1.635277995733254e-01	-2.312130737154983e-01	1792
1.941278485255380e-01	-2.409452899663508e-01	1793
2.262244737789865e-01	-2.491680366409333e-01	1794
2.584152853452577e-01	-2.555234659125250e-01	1795
2.906421993900387e-01	-2.610900992819083e-01	1796
3.243168537521235e-01	-2.659370184270138e-01	1797
1.004105870869350e+00	-8.926236033113343e-03	1798
1.010039992034033e+00	-3.067708546334681e-02	1799
1.005785381813286e+00	6.640966686003960e-02	1800
-3.838918938524447e-02	1.784907488389128e-02	1801
-3.276915222332512e-02	6.368213264438670e-03	1802
1.011354129428292e+00	-6.720546623293551e-02	1803
6.917993516574700e-01	-2.878771317736685e-01	1804
8.608456433623269e-01	-2.226980897549392e-01	1805
3.453317088648130e-01	2.932146171828314e-01	1806
1.006160366196350e+00	3.904432220400787e-02	1807
1.003151151249581e+00	-6.755215983952861e-03	1808
1.000718223187818e+00	5.483438508890911e-03	1809
1.001037306978169e+00	-5.515182684599664e-03	1810
1.001614160852072e+00	-9.393180619473619e-04	1811
-5.680655678547572e-03	-1.482963002973960e-01	1812
1.003479986623690e+00	9.027526506443281e-03	1813
1.001917383099132e+00	-3.028816397071812e-04	1814
9.503883222687348e-01	1.430897604076027e-01	1815
1.004192129964125e+00	1.224074541256767e-02	1816
1.006877186285613e+00	2.393546641195936e-02	1817
1.004444424978388e+00	2.015978379494825e-02	1818
1.001562023694764e+00	1.015704403669196e-03	1819
9.576036308000246e-01	-1.515940182417264e-01	1820
8.827357315155796e-01	-2.095572152814267e-01	1821
-4.035513294851370e-02	-2.036149834359345e-02	1822
-3.757605255015489e-02	-9.083469254433373e-02	1823
2.526825432912392e-03	1.358705286404130e-01	1824
1.868910216384873e-01	2.547397044442294e-01	1825
1.006053713258579e+00	-2.019113603115197e-02	1826
9.798808381926716e-01	1.112493491336903e-01	1827
8.361191537639435e-01	-2.359214339702340e-01	1828
1.113623547436707e-01	-2.399452899642573e-01	1829
1.009514149800468e+00	-3.928975769454357e-02	1830
-3.358376071401310e-02	-1.017748352678773e-01	1831
4.748245925408083e-01	-3.119197683155188e-01	1832
1.007001360225995e+00	5.653401437586870e-02	1833
5.757356562849862e-01	2.972880994853903e-01	1834
1.004195126535249e+00	-8.693817030803727e-02	1835
5.488786148662836e-01	-3.103309167950064e-01	1836
-3.430377670521782e-02	7.376886302673891e-02	1837
1.313144933397547e-01	2.298816002043462e-01	1838
1.379338108804627e-01	-2.528346555220976e-01	1839
4.316807245711713e-01	-3.120400676955956e-01	1840
3.760793910735762e-01	2.968404738664964e-01	1841
-4.505089164384522e-02	-6.117687211960746e-02	1842
-4.311839888067316e-02	-6.992050925500400e-02	1843
1.001347018450885e+00	2.278570581955605e-03	1844
-3.133986949217153e-02	-1.222365623681503e-03	1845
9.666670621710451e-01	1.268359998534560e-01	1846
2.188393958518468e-01	2.655634755158729e-01	1847
1.001468566369655e+00	-2.222554625288412e-03	1848
1.005091732770996e+00	-1.214076145684990e-02	1849
-4.080657570648496e-02	-8.024106555360837e-02	1850
1.001665125345948e+00	1.463788219091289e-03	1851
1.002704744017784e+00	6.834006948511105e-03	1852
1.001898173312807e+00	3.986490947363386e-04	1853
1.001742612317966e+00	-1.383852054429735e-03	1854
-3.724649555998305e-02	6.427314951745375e-02	1855
-3.974601021036177e-02	5.620118109616203e-02	1856
1.007455153843110e+00	3.071717223856746e-02	1857
1.011797588696132e+00	-5.705386142896426e-02	1858
9.004491417683241e-02	-2.288260640869699e-01	1859
3.150816989061346e-01	2.883113506587975e-01	1860
2.835943340294492e-01	2.818582299165164e-01	1861
2.517245358462076e-01	2.744663984342691e-01	1862
7.434831033100225e-03	-1.637289838833081e-01	1863
2.233295366697693e-02	-1.780950006186033e-01	1864
3.681560514743750e-02	-1.918962688588698e-01	1865
1.015728482892033e+00	-4.757782044224886e-02	1866
1.008841495199912e+00	-2.382744560249772e-02	1867
7.255309141170140e-01	-2.786936520981081e-01	1868
7.569115868907239e-01	-2.687349527999205e-01	1869
7.851539334637241e-01	-2.584602027713848e-01	1870
8.109621911817693e-01	-2.477583730294303e-01	1871
-3.377790659561770e-02	-8.974855405348916e-03	1872
-4.653731311665188e-02	-5.213620287784058e-02	1873
-4.775809317548228e-02	-3.344100469113830e-02	1874
-4.746149044072408e-02	-4.283009138175133e-02	1875
1.001854935122309e+00	7.544595231393532e-02	1876
-4.186165900735812e-02	4.784865244032680e-02	1877
-4.349213673479205e-02	3.922566262001527e-02	1878
-4.457215712076214e-02	3.047445907847957e-02	1879
9.723799120297704e-01	-1.359722842361931e-01	1880
9.841129613258405e-01	-1.213220183132996e-01	1881
9.930367266374084e-01	-1.081141341859350e-01	1882
9.994121514455083e-01	-9.695073270444270e-02	1883
1.008111084364805e+00	-7.675974251089915e-02	1884
5.250764561329807e-02	-2.050858749489808e-01	1885
7.085508272290662e-02	-2.177980774377241e-01	1886
-2.691143901644383e-02	-1.154207837792085e-01	1887
-1.754450979695613e-02	-1.321164490608846e-01	1888
3.700122421398649e-01	-3.083191640768254e-01	1889
4.010407038839535e-01	-3.107594194789979e-01	1890
1.011732109206054e+00	4.769808581456395e-02	1891
5.445080603810581e-01	2.997865483243565e-01	1892
5.118351841527461e-01	3.013787137063003e-01	1893
9.321075594853248e-01	1.590341957318630e-01	1894
9.130251424322976e-01	1.739788905197248e-01	1895
8.935049917156503e-01	1.878321126610520e-01	1896
8.732193288337632e-01	2.006948737882381e-01	1897
8.517064459282241e-01	2.127681651530258e-01	1898
8.276012732730575e-01	2.249387452973812e-01	1899
8.002342571064782e-01	2.374425051778294e-01	1900
7.702910847865070e-01	2.496873238729435e-01	1901
7.386650289591119e-01	2.610431461267916e-01	1902
7.057584770637491e-01	2.712591347403572e-01	1903
6.721338514468629e-01	2.801516656124492e-01	1904
6.390678552644503e-01	2.875028891899020e-01	1905
6.071456757076825e-01	2.932441095580010e-01	1906
1.572533726146951e-01	2.425220801319520e-01	1907
1.098817159047879e-01	2.184037383862708e-01	1908
9.113874439713364e-02	2.088787742423668e-01	1909
9.399100957338434e-01	-1.677641740676888e-01	1910
9.017281893705000e-01	-1.970114194019090e-01	1911
9.206422704196653e-01	-1.833250031462980e-01	1912
5.167762452885772e-01	-3.121278484695295e-01	1913
-7.542994503772349e-03	1.233381874501685e-01	1914
-1.459156863283186e-02	1.125476372501285e-01	1915
-2.012669985044311e-02	1.037122941708021e-01	1916
-2.595889004690348e-02	9.348653749723475e-02	1917
-3.049243240100903e-02	8.347444226012508e-02	1918
7.241688483900786e-02	1.980247037627786e-01	1919
3.846176800531603e-02	1.698503459439141e-01	1920
2.611328219833657e-02	1.595398320183182e-01	1921
5.383684564613425e-02	1.835963269146480e-01	1922
1.399198919733498e-02	1.487657957157288e-01	1923
4.784645111290792e-01	3.017839411933247e-01	1924
4.445937751513762e-01	3.011590073028607e-01	1925
4.095867672203667e-01	2.995170838142631e-01	1926
9.968401515501696e-01	8.572345986624384e-02	1927
9.897939910669805e-01	9.742362720387863e-02	1928
5.841101287659853e-01	-3.073443298475816e-01	1929
6.208347588400477e-01	-3.023937781420594e-01	1930
6.568423657078513e-01	-2.958206220015552e-01	1931
1.683067202192662e-01	-2.653726702689496e-01	1932
2.011043685743639e-01	-2.765243399481497e-01	1933
2.349620362752772e-01	-2.856890436686328e-01	1934
2.681048303274483e-01	-2.927052442534242e-01	1935
3.021198812117719e-01	-2.991567100719759e-01	1936
3.368820044816251e-01	-3.044754358683356e-01	1937
1.393299379462593e-01	-2.893578441404059e-01	1938
1.001542951722873e+00	2.859804824518926e-03	1939
1.004903308513098e+00	-7.760031651578484e-03	1940
1.004368125052359e+00	-6.832985103481353e-03	1941
1.002130682387595e+00	-1.031103508924478e-03	1942
1.005443760000935e+00	1.390222183622799e-02	1943
9.468126054590161e-01	-1.960596805239011e-01	1944
1.001701111819597e+00	-2.798649491965321e-03	1945
1.011662776461822e+00	7.436701936514602e-02	1946
1.099646879841196e-01	-2.739104260194677e-01	1947
1.007933741517163e+00	2.060806687203925e-02	1948
1.006659211546309e+00	1.846580256675257e-02	1949
1.006496759200112e+00	-1.372958353774194e-02	1950
1.001865286657786e+00	-1.885413083367480e-03	1951
1.003029811045621e+00	-5.627588845428431e-03	1952
1.004878272360703e+00	-1.031735559831866e-02	1953
1.004130228703946e+00	1.044598730654827e-02	1954
-5.593309804144724e-02	-5.826664338557343e-02	1955
1.001950009045687e+00	7.210754018080686e-04	1956
1.599159047168092e-01	2.803289331551529e-01	1957
-1.444909452174797e-02	-1.679660183931090e-01	1958
9.278789183624445e-01	-2.132087608981589e-01	1959
8.884150998356455e-01	-2.435607948163915e-01	1960
-5.082252019544503e-02	5.427031779345950e-02	1961
5.634844034344898e-01	3.408157480635962e-01	1962
3.247749035102422e-01	3.303468321702689e-01	1963
9.805927551055181e-01	-1.586599104202215e-01	1964
7.198864598432120e-01	-3.224260523044863e-01	1965
4.148725714795095e-01	-3.540173042271766e-01	1966
-1.680625180796847e-02	1.407440373244698e-01	1967
4.734024215872421e-02	2.113797547102420e-01	1968
8.605922614193896e-02	-2.601415395574896e-01	1969
1.013473631867025e+00	6.242756142288679e-02	1970
1.014989270371163e+00	5.507981710196785e-02	1971
-3.911185371402386e-02	1.021350781356523e-02	1972
-2.669770284729963e-02	-1.503606546300906e-01	1973
6.841708131464779e-01	-3.323789660446742e-01	1974
8.646120931937983e-01	-2.590846828123393e-01	1975
3.568513950713474e-01	3.355430135533706e-01	1976
1.001732292285147e+00	5.216476603315655e-03	1977
1.002047975037724e+00	-5.177427052406950e-03	1978
1.001987105782940e+00	-6.228009047732307e-04	1979
1.004354144805212e+00	7.942626036270217e-03	1980
1.003895799797866e+00	6.995074692527040e-03	1981
1.001632921954562e+00	-3.496613276514327e-03	1982
1.008048957220871e+00	2.738522831092770e-02	1983
1.001433357832175e+00	3.542646415120335e-03	1984
9.089898494003358e-01	-2.285244403909291e-01	1985
9.648911834043584e-01	-1.774258685663538e-01	1986
-4.785586380551722e-02	-2.448205283719427e-02	1987
1.923499897713742e-01	2.942511110212074e-01	1988
1.010330263961431e+00	-2.723221404633091e-02	1989
9.733474311275951e-01	1.504903606685263e-01	1990
1.013159646218822e+00	-3.495026539812621e-02	1991
-4.804165705695886e-02	-1.005383551578254e-01	1992
5.358733610574419e-01	-3.544544374715080e-01	1993
3.904327166721006e-01	3.393995697122172e-01	1994
1.308358211855252e-01	2.653282247311184e-01	1995
-5.120610255218754e-02	-8.894906212585027e-02	1996
1.002665781647995e+00	5.721155002873369e-03	1997
-3.761561341099739e-02	1.255508571890389e-03	1998
-3.789236010952468e-02	-3.515900396431418e-03	1999
9.872995207843147e-01	1.313705870528322e-01	2000
-5.477570712749685e-02	-6.781321022310371e-02	2001
-5.326414052007154e-02	-7.740271508167457e-02	2002
1.001758281715919e+00	1.967332440541453e-03	2003
1.002368316598637e+00	6.073200873784100e-05	2004
1.002069912922527e+00	1.135038974631409e-03	2005
-4.690602086318177e-02	7.220399014149603e-02	2006
-4.902449138668289e-02	6.321674681619625e-02	2007
1.010177867264688e+00	3.515575547105138e-02	2008
2.925346353095115e-01	3.235320905155475e-01	2009
2.601032783025274e-01	3.154518771467835e-01	2010
2.265817654644680e-01	3.061805144413320e-01	2011
-6.777547276814793e-04	-1.857716071104316e-01	2012
1.313259247319180e-02	-2.009190952565342e-01	2013
1.018656791212063e+00	-6.241565697354880e-02	2014
1.019554739795470e+00	-5.482050804312956e-02	2015
1.008123539198164e+00	-1.827488967160578e-02	2016
1.009592043760690e+00	-2.034218007325669e-02	2017
7.536170381997900e-01	-3.112893909115238e-01	2018
7.844606712307971e-01	-2.994850893597101e-01	2019
8.124739135065164e-01	-2.871683177602433e-01	2020
8.388643681293898e-01	-2.738950188403382e-01	2021
-4.034972422662214e-02	-1.257953092343283e-02	2022
-5.655406038691528e-02	-3.844577262015203e-02	2023
-5.652711354050327e-02	-4.841299278219580e-02	2024
-5.212954619634381e-02	4.502432268732622e-02	2025
-4.548468758882233e-02	2.205664012667559e-02	2026
-5.294050926316324e-02	3.564265885139599e-02	2027
9.931194677503080e-01	-1.406841135797485e-01	2028
1.002471494901835e+00	-1.242184842716031e-01	2029
1.008965967299950e+00	-1.098962118958070e-01	2030
1.013477760249732e+00	-9.760500568563998e-02	2031
1.014926544862835e+00	-8.527138679220532e-02	2032
1.017746193149697e+00	-7.476132276122825e-02	2033
2.811678143626343e-02	-2.166938340954614e-01	2034
4.576758574793764e-02	-2.325945701108136e-01	2035
6.549717539218358e-02	-2.472779739057337e-01	2036
-4.376858376031337e-02	-1.147306189372554e-01	2037
-3.616581990366140e-02	-1.308634037463333e-01	2038
3.823978656535941e-01	-3.515537795685913e-01	2039
5.304081129879552e-01	3.429335346367227e-01	2040
9.566244226983355e-01	1.696621802653691e-01	2041
9.383458673186247e-01	1.878835126683121e-01	2042
9.191992772601105e-01	2.048098707108337e-01	2043
8.990292126137629e-01	2.206458702654573e-01	2044
8.775159303046313e-01	2.355037837568388e-01	2045
8.540740168091633e-01	2.497676784845440e-01	2046
8.276822083011262e-01	2.641144344942916e-01	2047
7.982306197839694e-01	2.784079180028201e-01	2048
7.664382668914685e-01	2.919907817385541e-01	2049
7.330274984062896e-01	3.043483565074230e-01	2050
6.985504517023573e-01	3.152296228415162e-01	2051
6.640064261608837e-01	3.244044228237677e-01	2052
6.301749505221726e-01	3.317981799660005e-01	2053
5.966802369473668e-01	3.373785104932271e-01	2054
1.067341785489235e-01	2.509665788499858e-01	2055
8.737212453183063e-02	2.398632270906781e-01	2056
4.539156973033151e-01	-3.549899266176657e-01	2057
4.963157565018009e-01	-3.552645983698162e-01	2058
-2.515459063518587e-02	1.269097935473433e-01	2059
-3.047239581813390e-02	1.160791421316359e-01	2060
-3.602112924570876e-02	1.056678983638168e-01	2061
-4.037133734391041e-02	9.371254774891596e-02	2062
-4.416069700035848e-02	8.295853457953246e-02	2063
6.785677946147824e-02	2.276589343450267e-01	2064
1.771203724262908e-02	1.819184344393881e-01	2065
3.031921623280737e-02	1.945436463025839e-01	2066
-6.453096279211767e-03	1.550861645577597e-01	2067
5.679906061962165e-03	1.699149238168308e-01	2068
4.960333447804362e-01	3.438744113905515e-01	2069
4.613328619549557e-01	3.435552427777966e-01	2070
4.259155511348686e-01	3.420803198333465e-01	2071
1.007927351983003e+00	8.483624006931741e-02	2072
1.004967989665022e+00	9.872203525689317e-02	2073
9.976765872283703e-01	1.138053516328025e-01	2074
5.708448332247863e-01	-3.518962551713083e-01	2075
6.089503222425712e-01	-3.474834125673676e-01	2076
6.471507633177964e-01	-3.407984951795376e-01	2077
1.723331998050372e-01	-3.039382935375057e-01	2078
2.074893905911757e-01	-3.165807262461993e-01	2079
2.429375115510767e-01	-3.265639639004982e-01	2080
2.773762173624537e-01	-3.345311521812592e-01	2081
3.131941078875381e-01	-3.418247226804750e-01	2082
3.486927637116520e-01	-3.475542982465504e-01	2083
1.014884511498689e+00	-4.018678860914979e-02	2084
1.009476570198883e+00	1.825336805086714e-02	2085
1.006847280905204e+00	-1.140940823732429e-02	2086
1.014321556333894e+00	-2.985957692864853e-02	2087
1.007677295109997e+00	-1.566147856228178e-02	2088
-6.679513547772685e-02	-6.434392369868271e-02	2089
5.674348637733888e-01	3.877275211544417e-01	2090
7.511968762438421e-01	-3.591417782014425e-01	2091
3.005038602557953e-01	3.700361964420433e-01	2092
1.011774749908233e+00	3.030444476540096e-02	2093
-6.219177586320035e-02	5.086800710233906e-02	2094
5.805930317315615e-02	-2.801247941891057e-01	2095
9.572078602214141e-01	-2.265757106469148e-01	2096
1.005666209441613e+00	-6.703084053784712e-03	2097
9.751756150120255e-01	-2.055485730732741e-01	2098
1.294156650305118e-01	3.053266569170691e-01	2099
1.022989321258090e+00	-4.830488377932257e-02	2100
7.148792824863724e-01	-3.715080273989017e-01	2101
-6.321269477123258e-02	-9.819586366588001e-02	2102
1.001880679202565e+00	2.557570710508786e-03	2103
1.002439834256391e+00	6.377946181334372e-04	2104
1.002200571103338e+00	1.657609768483482e-03	2105
1.018936630691612e+00	4.902037437726476e-02	2106
-5.271539203526642e-03	1.926328773288615e-01	2107
-3.785961305793553e-02	-1.702880083576922e-01	2108
-4.606501646951161e-02	1.395763017060407e-02	2109
6.766652634283841e-01	-3.822651695653910e-01	2110
4.335440725234912e-01	-4.022102415305920e-01	2111
1.024736691464441e+00	-9.263404258801250e-02	2112
1.025246745575735e+00	-8.245304674651618e-02	2113
1.395741567713546e-01	-3.305762528316422e-01	2114
3.952141947171338e-01	-3.998431797533730e-01	2115
-2.517654111339420e-02	-1.894333210392376e-01	2116
1.020604288989493e+00	6.969141264346522e-02	2117
1.021241624383243e+00	6.022162859223934e-02	2118
9.969342604248569e-01	1.535921253154153e-01	2119
3.692640737935343e-01	3.829309719032393e-01	2120
1.004236354744435e+00	-1.618588339455622e-01	2121
-3.700264111004598e-02	1.432135781241662e-01	2122
2.022527632635361e-02	2.219458483818140e-01	2123
4.054501838334101e-01	3.869624480731844e-01	2124
1.071830521460971e-01	-3.122691009091815e-01	2125
8.040120486172508e-02	-2.954032863881956e-01	2126
1.002600339922766e+00	4.728953100366538e-03	2127
1.002472914397174e+00	-5.120158370744402e-04	2128
1.006442200218258e+00	1.588134771915438e-02	2129
8.963927199023357e-01	-2.815448731255863e-01	2130
1.002292288335265e+00	-1.548474379450508e-03	2131
1.002023858381880e+00	-2.473375632146433e-03	2132
1.010350158008802e+00	2.390184817709944e-02	2133
1.004098978713250e+00	-6.085625726328338e-03	2134
1.005661857627363e+00	-9.027226026175733e-03	2135
1.005981391263884e+00	1.166101508277874e-02	2136
1.005184685633071e+00	6.957409459816881e-03	2137
1.618007503345480e-01	3.228612539315385e-01	2138
-6.129735251448085e-02	6.074783193151291e-02	2139
3.345072614792472e-01	3.773548571981832e-01	2140
9.912114354970715e-01	-1.835802351687547e-01	2141
3.600867624006283e-01	-3.956881174895071e-01	2142
-2.834735428363827e-02	1.596615422938030e-01	2143
-5.362032586616774e-02	2.629109009040439e-02	2144
-4.764184882754727e-02	-1.607108201306340e-02	2145
1.003684956118662e+00	6.241983590325812e-03	2146
1.001771797139484e+00	-4.288746675041939e-03	2147
1.005004381054257e+00	9.241063656160606e-03	2148
1.002893402131805e+00	-4.625296067482717e-03	2149
1.002306218460796e+00	-3.210858659225886e-03	2150
1.011456796076939e+00	4.042505064201506e-02	2151
1.001520356656151e+00	4.328789393706059e-03	2152
9.188698364870940e-01	-2.634895387862152e-01	2153
9.385713198691616e-01	-2.456469440588854e-01	2154
-6.697310967700493e-02	-5.393894749590744e-02	2155
-5.637776639790577e-02	-2.855338482097005e-02	2156
1.012311794416360e+00	-2.348493818695287e-02	2157
1.002114363806934e+00	3.301604422021106e-03	2158
-4.333751001720990e-02	-9.335795470245936e-04	2159
-6.591636581362623e-02	-7.434698602001569e-02	2160
-6.503831938838814e-02	-8.522034334663581e-02	2161
-5.977390126623551e-02	7.023670148531870e-02	2162
1.971213687084329e-01	3.385589094613407e-01	2163
2.669435172799228e-01	3.611186810665488e-01	2164
2.331234564599915e-01	3.513911596617472e-01	2165
-1.220429495927428e-02	-2.090202343114744e-01	2166
1.010932088547261e+00	-1.782548440051561e-02	2167
7.848477849810293e-01	-3.456630557523265e-01	2168
8.155298422361544e-01	-3.314209785548216e-01	2169
8.438823233590320e-01	-3.162408715648195e-01	2170
8.709572323558037e-01	-2.995318831418233e-01	2171
-4.525044419178001e-02	-6.487275423570053e-03	2172
-6.660876998857382e-02	-4.345321296607743e-02	2173
-6.260067480534559e-02	4.089608533653746e-02	2174
1.013855267975972e+00	-1.416499198745104e-01	2175
1.020202464151354e+00	-1.236825723543718e-01	2176
1.022426005426662e+00	-1.079005964874547e-01	2177
1.026183877607692e+00	-5.948371564401287e-02	2178
1.026253049246821e+00	-6.918892046769216e-02	2179
1.299253301187058e-03	-2.258940376672280e-01	2180
1.775651467893663e-02	-2.444552915768719e-01	2181
3.704159327091659e-02	-2.631899384846732e-01	2182
-6.024751579401035e-02	-1.115235512440750e-01	2183
-5.529352170147510e-02	-1.294857016875550e-01	2184
-4.777504497546687e-02	-1.477469157956963e-01	2185
9.827106458346494e-01	1.762795275004437e-01	2186
9.660800414802350e-01	1.983883271642271e-01	2187
9.478931228510654e-01	2.191308959451616e-01	2188
9.283406357069425e-01	2.385664493519313e-01	2189
9.071099106829865e-01	2.569166256193735e-01	2190
8.839529286937939e-01	2.743252412286588e-01	2191
8.583060536622378e-01	2.912123386322789e-01	2192
8.295306785871533e-01	3.079745269255935e-01	2193
7.978076515993746e-01	3.242302333075270e-01	2194
7.638583733182120e-01	3.393022776839905e-01	2195
7.284195353840011e-01	3.527372655664731e-01	2196
6.923616412372604e-01	3.642541533418370e-01	2197
6.565624311199962e-01	3.737109569426401e-01	2198
6.208991434697284e-01	3.811271080630892e-01	2199
3.956082174530401e-02	2.424487422661248e-01	2200
1.018476322131042e-01	2.876043258378895e-01	2201
8.087871231506664e-02	2.740675454996658e-01	2202
4.753217026509629e-01	-4.031873303455526e-01	2203
5.176621528522684e-01	-4.030875295339110e-01	2204
-4.326006355045333e-02	1.289135040437248e-01	2205
-4.780956377314489e-02	1.183059311471675e-01	2206
-5.228709930834775e-02	1.045902989991205e-01	2207
-5.566747299710277e-02	9.276914557667824e-02	2208
-5.823021801044837e-02	8.055736036553228e-02	2209
6.107236228104110e-02	2.604188115813248e-01	2210
6.063482873477192e-03	2.060877032550424e-01	2211
-1.726012019241198e-02	1.760331173850159e-01	2212
5.147342995052268e-01	3.906691777798428e-01	2213
4.786752305720595e-01	3.908271598348024e-01	2214
4.422792770816985e-01	3.895867779628711e-01	2215
1.007661567604907e+00	1.318894989436696e-01	2216
1.018589566321214e+00	8.278825645040858e-02	2217
1.017013643416835e+00	9.420307505947668e-02	2218
1.012507790573620e+00	1.118279722032933e-01	2219
5.574412204662398e-01	-4.012392583016032e-01	2220
5.960798349754082e-01	-3.975708056583626e-01	2221
6.369208899462909e-01	-3.911057647485881e-01	2222
1.754691429095407e-01	-3.473807129384885e-01	2223
2.130980090190683e-01	-3.615279000973338e-01	2224
2.498872812896909e-01	-3.723500038621201e-01	2225
2.861005715243880e-01	-3.814736703365486e-01	2226
3.235401601927822e-01	-3.895657559341660e-01	2227
7.102775082807976e-01	-4.265863138242107e-01	2228
1.003057901429397e+00	3.777504818215475e-03	2229
-5.792199287285631e-02	1.435334201957672e-01	2230
-7.346667626444958e-02	6.728524228646084e-02	2231
-7.248445807781805e-02	7.717365934005596e-02	2232
1.012692038041559e+00	-2.039719880071609e-02	2233
-5.577649050996784e-02	-1.940658887834874e-02	2234
7.865141772027922e-01	-3.975916396126432e-01	2235
8.171323915478318e-03	2.528905942754967e-01	2236
9.072941671639516e-01	-3.236868134108330e-01	2237
1.027741934989409e-01	-3.554960272317247e-01	2238
1.009347637759091e+00	1.531634218419567e-02	2239
1.020259426092836e+00	-4.279051120032679e-02	2240
1.012062450515719e+00	2.750494713953892e-02	2241
1.007508339497521e+00	1.320851465769021e-02	2242
1.626585471204939e-01	3.705977288241675e-01	2243
1.003564755714020e+00	5.155438993996020e-03	2244
1.015163093408945e+00	3.538233937754185e-02	2245
-5.385784109102922e-02	-9.556904089722724e-03	2246
1.002928781227355e+00	2.850401495811135e-04	2247
1.002941104052893e+00	-1.311388034221739e-04	2248
1.018133001512634e+00	-3.475614433662864e-02	2249
2.722374100166927e-01	4.121374388255643e-01	2250
-7.681464085617896e-02	-1.079133962652180e-01	2251
-5.383956604956606e-02	1.751344555094954e-02	2252
-4.424903060091871e-02	6.154348307677963e-03	2253
1.035299780358951e+00	-8.804342020413923e-02	2254
1.034824767090031e+00	-7.653505485092561e-02	2255
4.112663996927626e-01	-4.537540933803085e-01	2256
7.279935096539397e-02	-3.350867486841869e-01	2257
-6.598673105969306e-02	-3.257179188956777e-02	2258
3.824101688546121e-01	4.359277148644096e-01	2259
9.543049921482084e-02	3.289653304375393e-01	2260
-4.207969044461735e-02	1.805736986365047e-01	2261
-7.385969326386367e-02	5.661653852513601e-02	2262
-3.111130899298552e-02	1.984737658460803e-01	2263
4.208196278125524e-01	4.400314527879221e-01	2264
3.079278987289328e-01	4.220029888674768e-01	2265
1.022542022665448e+00	5.562317141134178e-02	2266
7.497002046809498e-01	-4.129022262557070e-01	2267
1.004819932054304e+00	-2.103983218260136e-01	2268
4.822378100886499e-02	-3.166968197105057e-01	2269
1.014352115103023e+00	-2.700071554751465e-02	2270
1.008514972071225e+00	-1.285874007483180e-02	2271
6.489708429445563e-01	4.287282092292336e-01	2272
6.687932711116937e-01	-4.381690593898480e-01	2273
9.890425311095277e-01	-2.356044468533616e-01	2274
1.017704199156267e+00	-1.847383747336621e-01	2275
1.268083018059905e-01	3.503498859170447e-01	2276
1.002663967144454e+00	1.233867977614777e-03	2277
1.002333932948393e+00	2.207262775945090e-03	2278
1.017031612861192e+00	1.503385224030415e-01	2279
1.027104149334498e+00	-5.473011412044337e-02	2280
1.028952204268133e+00	6.555161739695478e-02	2281
1.384963851317624e-01	-3.770010370967729e-01	2282
3.715512823962850e-01	-4.492917566437509e-01	2283
1.034215125814521e+00	-6.429680855847805e-02	2284
-5.095901735793378e-02	1.607921370684062e-01	2285
-7.929279455270308e-02	-7.038684843174606e-02	2286
-7.894352715225815e-02	-8.067800890701225e-02	2287
1.002732510477441e+00	-1.096237626122113e-03	2288
1.002244096196709e+00	-3.994136739626242e-03	2289
1.003898451547996e+00	-4.993273021362292e-03	2290
1.002459353690775e+00	-2.093671036295003e-03	2291
1.010997079913123e+00	2.091465358875053e-02	2292
1.006379394230856e+00	-7.852499440247917e-03	2293
3.446756610439875e-01	4.299823291904674e-01	2294
1.005802174919399e+00	8.138773225327557e-03	2295
1.003290074409121e+00	-3.632852743425116e-03	2296
1.016646342091627e+00	4.340015034568311e-02	2297
9.316413006451295e-01	-3.022446893552178e-01	2298
9.527066374575097e-01	-2.809704462061717e-01	2299
9.715159135217691e-01	-2.591743732784499e-01	2300
-7.810013548556283e-02	-4.827006769994225e-02	2301
-7.896114876630925e-02	-5.927014263634772e-02	2302
-7.375767085582823e-02	4.604537928665476e-02	2303
1.010542350456227e+00	-1.485399571524672e-02	2304
1.002003188141209e+00	4.068669192159443e-03	2305
-7.856952728740471e-02	-9.347850964158597e-02	2306
2.007232496477762e-01	3.880316573482784e-01	2307
2.378728333431934e-01	4.015604255135026e-01	2308
-5.118832705447217e-02	-1.920100007493166e-01	2309
-3.956949886592376e-02	-2.120407755160843e-01	2310
8.202714982508416e-01	-3.811226342268136e-01	2311
8.512263371499330e-01	-3.635448297097504e-01	2312
8.801866192884857e-01	-3.444276754726543e-01	2313
-5.094994253385023e-02	-1.504387031722384e-03	2314
-6.287263928536797e-02	3.053462379346513e-02	2315
1.024506020639749e+00	-1.591357113327052e-01	2316
1.031421095178178e+00	-1.377595265373703e-01	2317
1.035060699877779e+00	-1.020003826902972e-01	2318
1.034645582604205e+00	-1.176053175013743e-01	2319
-2.703184257552114e-02	-2.336776833175256e-01	2320
2.581288934487298e-02	-2.970241144150764e-01	2321
-1.280559751718928e-02	-2.537085306903285e-01	2322
5.363329619952830e-03	-2.750771534467705e-01	2323
-7.409683464703717e-02	-1.245031282395642e-01	2324
-6.911749364083916e-02	-1.452638834156359e-01	2325
-6.169018063521450e-02	-1.664648030440911e-01	2326
1.009136406634340e+00	1.776085839218413e-01	2327
9.953355699984464e-01	2.038534155172711e-01	2328
9.791172914225139e-01	2.290825347858818e-01	2329
9.609368967339557e-01	2.528862584742952e-01	2330
9.406261870646826e-01	2.754958867495445e-01	2331
9.180250473700763e-01	2.970076189662400e-01	2332
8.928961937057021e-01	3.175533614313956e-01	2333
8.648248855724990e-01	3.375131887875940e-01	2334
8.334489840158171e-01	3.570020145157193e-01	2335
7.991289747558860e-01	3.754610613187375e-01	2336
7.626742090003883e-01	3.921952142596778e-01	2337
7.250108831311187e-01	4.067655394264936e-01	2338
6.870534539837272e-01	4.189399667346829e-01	2339
6.003438956908272e-01	4.369018215598962e-01	2340
2.941516804403527e-02	2.766408586594942e-01	2341
7.159128114712859e-02	3.119886638024624e-01	2342
4.534865253714466e-01	-4.560408104313480e-01	2343
4.970369096925622e-01	-4.568208598070069e-01	2344
-6.605854908466953e-02	1.164951996475850e-01	2345
-6.895207916963568e-02	1.027118705726045e-01	2346
-7.135956135862366e-02	8.941528379824129e-02	2347
5.115668783407533e-02	2.962463840641424e-01	2348
-8.138762348455824e-03	2.330046860644623e-01	2349
-1.979565606737657e-02	2.162267791878622e-01	2350
5.442216457387445e-01	4.418616927854481e-01	2351
4.782150269731534e-01	4.426959085257377e-01	2352
1.028674811386317e+00	7.771149335000441e-02	2353
1.028191638283680e+00	9.004714530219327e-02	2354
1.023881181456303e+00	1.254880558734796e-01	2355
1.026376342296021e+00	1.061555483347605e-01	2356
5.405094396744237e-01	-4.558877779622834e-01	2357
5.823328657033647e-01	-4.529532313848849e-01	2358
6.254218021979732e-01	-4.472324575921541e-01	2359
1.775629779355747e-01	-3.962021313293348e-01	2360
2.174995152566638e-01	-4.118585953505237e-01	2361
2.556843695450228e-01	-4.236414130686901e-01	2362
2.939910107777584e-01	-4.340547748774496e-01	2363
3.332309826224483e-01	-4.429337263537151e-01	2364
1.012207472253579e+00	1.747265199807092e-02	2365
1.026748110908857e+00	-4.296852483413356e-02	2366
1.024039672887708e+00	-3.748112693059281e-02	2367
-6.494127497225471e-02	-2.251348591711009e-02	2368
1.004997027791480e+00	-5.359226058376306e-03	2369
-8.659638465928390e-02	5.090804295462472e-02	2370
2.583883296324152e-01	4.632840120490830e-01	2371
8.268998879974613e-01	-4.369260988445839e-01	2372
3.848713696066265e-01	-5.094582741989587e-01	2373
-4.856939784871109e-02	2.219485808750531e-01	2374
-8.730987119237819e-02	6.217087471757771e-02	2375
3.961974035654548e-01	4.939140919238238e-01	2376
1.006954789498893e+00	-2.671959738210880e-01	2377
1.008849404079451e+00	-1.078182380016003e-02	2378
1.014032371474390e+00	-1.758337065839321e-02	2379
1.013168954217855e+00	-1.603361794723553e-02	2380
5.977590250027425e-02	3.543743168242889e-01	2381
-2.454486564807664e-02	2.630986757847297e-01	2382
1.003039955675418e+00	8.252944000596695e-04	2383
1.002823864969621e+00	1.832401949736667e-03	2384
1.047744621165252e+00	-1.300054573169314e-01	2385
1.007266527010825e+00	-9.204897113903597e-03	2386
1.007117669582396e+00	-6.599314367962346e-03	2387
1.006573708009470e+00	9.532679395658434e-03	2388
1.009985334347219e+00	1.291716884286329e-02	2389
1.002929245275508e+00	-1.687550192119130e-03	2390
1.003084738789449e+00	-6.647640597636873e-04	2391
-6.377738993861458e-02	-1.289015445128025e-02	2392
-5.973305014579942e-02	-2.965751671221265e-03	2393
1.227155734407070e-01	4.009126769085434e-01	2394
7.489818763636517e-01	-4.732990382354386e-01	2395
9.478110887411587e-01	-3.449795538957304e-01	2396
1.026433064215356e+00	4.930333228089033e-02	2397
-9.265073872924115e-02	-1.186250678886875e-01	2398
4.292768790618779e-01	-5.139323139945338e-01	2399
-8.129024535675008e-02	1.354617859911626e-01	2400
-8.736689043976224e-02	7.339682419328257e-02	2401
-8.717109226017934e-02	8.444095810386629e-02	2402
-6.333193120417881e-03	2.874338806398873e-01	2403
3.555181561992656e-01	4.880756191075024e-01	2404
1.043497529118822e+00	-6.997551562864521e-02	2405
1.359195394484935e-01	-4.291895568295017e-01	2406
9.216164622250167e-01	-3.702520424639989e-01	2407
9.649813204500597e-02	-4.041239064744156e-01	2408
6.299119044122127e-02	-3.797238898070804e-01	2409
3.566670465065459e-02	-3.574051357081611e-01	2410
7.056101415702881e-01	-4.884042769270057e-01	2411
7.895537463038235e-01	-4.559566821045442e-01	2412
1.161532289087971e-02	-3.342897548707320e-01	2413
1.621016256706156e-01	4.240065812381102e-01	2414
1.004117389899834e+00	4.171255738707458e-03	2415
1.004622418844333e+00	5.589226886001554e-03	2416
1.003525621351016e+00	9.452630822973043e-05	2417
-9.399189625292927e-02	-1.024062697511478e-01	2418
-6.268574100813187e-02	2.085651374006032e-02	2419
1.035823888400440e+00	1.424519819533245e-01	2420
1.045288576630188e+00	-8.186686630888169e-02	2421
8.733049910112019e-02	3.756267200767252e-01	2422
-5.859635606051330e-02	2.027310187744920e-01	2423
-7.682995494554259e-02	-3.634641219718242e-02	2424
3.153401350465777e-01	4.798775821851993e-01	2425
1.039020359459129e+00	9.957890947976977e-02	2426
1.022020265742989e+00	-2.386841747770113e-01	2427
1.015922380830979e+00	-2.294183160597724e-02	2428
1.010978923883931e+00	-1.237242911901647e-02	2429
1.035902361532460e+00	-2.099442322429234e-01	2430
1.002689984492429e+00	2.893644101835402e-03	2431
1.030463977441756e+00	-4.797911941796044e-02	2432
-6.775980792203795e-02	1.800344201119064e-01	2433
-7.473451796149054e-02	1.601126761417251e-01	2434
-9.265871900457473e-02	-6.431569164597366e-02	2435
1.002860800241636e+00	-2.763815755088617e-03	2436
1.004385431657719e+00	-3.961837117643998e-03	2437
1.013983133072811e+00	2.367191069374053e-02	2438
1.008009638622882e+00	1.119683458031916e-02	2439
1.006626196462226e+00	6.957366136655625e-03	2440
1.023123416876624e+00	4.410299268439969e-02	2441
1.020871466998756e+00	3.852013443483311e-02	2442
9.704448327236032e-01	-3.194916570920819e-01	2443
9.898301000664186e-01	-2.939305319735306e-01	2444
-9.118516150181347e-02	-5.271400415958184e-02	2445
-9.343296740548401e-02	-7.589994578794276e-02	2446
-9.389789659390446e-02	-8.728295700967173e-02	2447
2.026300206050136e-01	4.430701057582273e-01	2448
-4.484876996298334e-02	-2.603608040804555e-01	2449
8.610428517974352e-01	-4.164398119378022e-01	2450
8.925162560543588e-01	-3.942801492192924e-01	2451
-5.320621523936196e-02	7.606208968661351e-03	2452
-7.339842364984636e-02	3.460416949460457e-02	2453
1.046680028763201e+00	-9.520037468131341e-02	2454
1.040040439210308e+00	-1.768414025559548e-01	2455
1.044058143702826e+00	-1.536715372449424e-01	2456
1.047900083675310e+00	-1.101058265079435e-01	2457
-6.806012135372953e-02	-2.143525435878613e-01	2458
-5.760182211505020e-02	-2.359681645721433e-01	2459
-2.938448642802349e-02	-2.849398693273552e-01	2460
-1.033860843221560e-02	-3.088283816812549e-01	2461
-9.022819590791406e-02	-1.387977129104677e-01	2462
-8.494640597584185e-02	-1.620830966638512e-01	2463
-7.803949826334518e-02	-1.872442246553370e-01	2464
1.031220276926345e+00	1.696771126529833e-01	2465
1.021426223281135e+00	2.012942355612662e-01	2466
1.011530033266594e+00	2.328134031182665e-01	2467
9.959642062669494e-01	2.616543577995892e-01	2468
9.776104956648457e-01	2.893064785031737e-01	2469
9.563721096347414e-01	3.158430290433262e-01	2470
9.321194323531646e-01	3.412496936648776e-01	2471
9.047867833133799e-01	3.655859588114014e-01	2472
8.740172973678357e-01	3.891468211113570e-01	2473
8.396835532516937e-01	4.117645498768085e-01	2474
8.023546363567040e-01	4.327257227707555e-01	2475
7.630462963678376e-01	4.513038371633567e-01	2476
7.227644208451052e-01	4.671098267967502e-01	2477
6.817204316767101e-01	4.790621332425825e-01	2478
6.340495753141805e-01	4.908713257154387e-01	2479
4.744106968474545e-01	-5.160676170181246e-01	2480
-8.469280088881889e-02	1.129135701501958e-01	2481
-8.648502721466972e-02	9.871000306464055e-02	2482
3.807392400062522e-02	3.346471025892790e-01	2483
1.587535538290627e-02	3.137138359932513e-01	2484
-3.789150038873774e-02	2.412196489206550e-01	2485
5.773449402734354e-01	4.981247730086583e-01	2486
5.122132779297888e-01	5.010525072511283e-01	2487
4.474448784471654e-01	4.995718797545281e-01	2488
1.037874663089815e+00	7.191937168563929e-02	2489
1.038798265976969e+00	8.438582070598578e-02	2490
1.038692357346620e+00	1.178080829736951e-01	2491
5.203631231978053e-01	-5.162756517297610e-01	2492
6.596768822852105e-01	-5.007607635100274e-01	2493
5.659596205215800e-01	-5.142046987559113e-01	2494
6.121633993674526e-01	-5.095472890713471e-01	2495
1.781973029700727e-01	-4.509113224107227e-01	2496
2.203462032034055e-01	-4.681009438866604e-01	2497
2.601385504583229e-01	-4.810674492770098e-01	2498
3.009818039294253e-01	-4.928868150690170e-01	2499
3.429152741735327e-01	-5.021563149880329e-01	2500
1.014430600573201e+00	2.010736425839447e-02	2501
5.463499499076322e-01	-5.813148403965486e-01	2502
1.010243677691662e+00	1.063930719007334e-02	2503
5.070122419430008e-02	-4.299078132785845e-01	2504
1.030510619339835e+00	5.611402942392704e-02	2505
-1.026524231891464e-01	1.269113297958030e-01	2506
-9.984348998411013e-02	1.532108275786720e-01	2507
4.152565055909071e-01	5.609234175464769e-01	2508
2.008651456489116e-02	-4.027478295080034e-01	2509
1.043253584976579e+00	-5.971916398875977e-02	2510
8.735084175891820e-01	-4.755395916826872e-01	2511
-1.109612280268328e-01	-1.305832880432132e-01	2512
-1.060486478951175e-01	-5.661194904495104e-02	2513
1.167251774742745e-01	4.575490673915606e-01	2514
1.038437222532308e+00	6.185220665368064e-02	2515
1.016029497503645e+00	-2.028642809055022e-02	2516
1.008528283254251e+00	9.305048293742478e-03	2517
1.007403720990647e+00	8.243857297275711e-03	2518
1.007999858848418e+00	-7.841135098757024e-03	2519
-1.026294285341960e-01	6.742580010455620e-02	2520
4.542225727335110e-02	4.020550329107346e-01	2521
1.043581515797124e+00	-2.682602950773473e-01	2522
-7.518572565688618e-02	-2.535585516347771e-02	2523
9.679100075192226e-01	-3.918535567177588e-01	2524
-5.986836676613589e-03	-3.752517482691073e-01	2525
-8.900850687771272e-02	-3.970572724909084e-02	2526
1.595450352055244e-01	4.835907097724554e-01	2527
-7.872691185963973e-02	2.252725420651422e-01	2528
1.062503441736574e+00	-1.201245557546856e-01	2529
4.729567337223595e-01	-5.817220355291968e-01	2530
4.004290550413696e-01	-5.763559804462367e-01	2531
7.486225975959510e-01	-5.411926351336611e-01	2532
8.811939119849146e-02	-4.587488940346608e-01	2533
1.030356652648898e+00	-3.775555903622805e-02	2534
1.033538028338001e+00	-4.176254391220392e-02	2535
1.020307182784701e+00	3.288331319186304e-02	2536
1.016260109996586e+00	2.718707996168842e-02	2537
-7.427931130724408e-02	-1.666718808104274e-02	2538
-1.113054596678154e-01	-1.117008912858571e-01	2539
-8.536574552416930e-02	3.829867964555067e-02	2540
3.459019443863560e-01	5.466273257520886e-01	2541
8.355588790696222e-01	-4.995734784664631e-01	2542
1.028952308546758e+00	-3.000593165453673e-01	2543
1.006328925711163e+00	-5.484475654440146e-03	2544
1.009215107677432e+00	-8.828673168374586e-03	2545
1.983450764108566e-02	3.769204739933906e-01	2546
-4.373884560233109e-02	2.964827758746941e-01	2547
1.003705921476843e+00	3.141856067042544e-03	2548
1.003309188274152e+00	1.406315325829966e-03	2549
1.012989256878202e+00	-1.401902663571771e-02	2550
1.011837030565491e+00	1.468668573826933e-02	2551
1.005592232086076e+00	-4.269198492305015e-03	2552
1.003390030390730e+00	-1.230781053983550e-03	2553
6.999655451254050e-01	-5.578133406283232e-01	2554
1.035052393203956e+00	-5.456602423806490e-02	2555
-1.039860314740834e-01	9.212365838708958e-02	2556
1.052756061659799e+00	1.322150762993896e-01	2557
1.054424759677533e+00	-7.440666025878910e-02	2558
7.938977401621585e-01	-5.215665942101452e-01	2559
1.005929503446589e+00	5.803017990485085e-03	2560
1.005289028781233e+00	4.553834409665695e-03	2561
-6.988113705806411e-02	-4.657283551781617e-03	2562
7.722312491409995e-02	4.281707557799357e-01	2563
-1.012959185790357e-01	5.534317051778362e-02	2564
2.709941044233301e-01	5.294838202347947e-01	2565
1.060148950626907e+00	-1.015638252910364e-01	2566
1.018506677290179e+00	-2.631360491702018e-02	2567
1.023003496975938e+00	-3.180710246263965e-02	2568
1.011047610113178e+00	-1.004852658430021e-02	2569
1.052100930671608e+00	-2.355330681131732e-01	2570
1.002958601686184e+00	2.515723695238311e-03	2571
-8.747088354823772e-02	2.010105404797585e-01	2572
-9.368524265367949e-02	1.777125659219291e-01	2573
-1.081564416024905e-01	-6.897682374277658e-02	2574
1.003107436566499e+00	-2.366508530489932e-03	2575
1.003900381035258e+00	-2.950517030101490e-03	2576
1.029996888358410e+00	4.345360683998960e-02	2577
1.027146191005816e+00	3.928036081965185e-02	2578
9.921180223382665e-01	-3.614013022016659e-01	2579
1.012252148969494e+00	-3.309705329074999e-01	2580
-1.109328148815941e-01	-9.446643655232892e-02	2581
-1.095075199373301e-01	-8.077676897177981e-02	2582
-1.032928946918613e-01	7.896013845532129e-02	2583
2.115312578313399e-01	5.080208516208624e-01	2584
9.081818290226111e-01	-4.496818651603998e-01	2585
9.397386414937549e-01	-4.216173574500422e-01	2586
-6.288926644725770e-02	8.638307007921241e-03	2587
-7.265858690710272e-02	2.396918984776717e-02	2588
1.059756894073936e+00	-1.958801632489311e-01	2589
1.060988417596383e+00	-1.684738757000184e-01	2590
1.062499761408087e+00	-1.444148333101978e-01	2591
-8.884133465259816e-02	-2.369597502781557e-01	2592
-7.909280027104214e-02	-2.617789282010243e-01	2593
-6.555241212117902e-02	-2.894938759135181e-01	2594
-4.906509507431725e-02	-3.189662084301376e-01	2595
-2.942697312254983e-02	-3.461443193767556e-01	2596
-9.777856655405952e-02	-2.090512194338771e-01	2597
-1.090217642482824e-01	-1.547224529888180e-01	2598
-1.041313690680903e-01	-1.801463154414212e-01	2599
1.051573779469370e+00	1.594925569650118e-01	2600
1.046620249990519e+00	1.922205922918657e-01	2601
1.040095067036476e+00	2.250542655618277e-01	2602
1.033652432453604e+00	2.641614002202712e-01	2603
1.016665747554908e+00	2.961508593173129e-01	2604
9.981716453035032e-01	3.284813547640941e-01	2605
9.759041960191306e-01	3.598640871126946e-01	2606
9.498724822843413e-01	3.899669781482042e-01	2607
9.200712220218275e-01	4.188714990548143e-01	2608
8.862208845093863e-01	4.466856634768551e-01	2609
8.484665181698217e-01	4.729232719051771e-01	2610
8.076688657860848e-01	4.967183597816908e-01	2611
7.650086691535127e-01	5.173523030522454e-01	2612
7.191070896646028e-01	5.328609942030355e-01	2613
6.731415956146796e-01	5.482389959856049e-01	2614
-1.036572225121607e-01	1.078044488731657e-01	2615
-2.425231891575499e-02	3.252674044335917e-01	2616
-9.044469999940235e-04	3.538850466027024e-01	2617
-5.879078877629351e-02	2.690073487656709e-01	2618
-6.999504505658886e-02	2.463281137011194e-01	2619
6.137937534663683e-01	5.598990914329145e-01	2620
5.477545931502866e-01	5.652535595744447e-01	2621
4.786861106686042e-01	5.656966114196053e-01	2622
1.050569669893429e+00	9.194951575476812e-02	2623
1.048570885206117e+00	7.749317265285771e-02	2624
1.057328068531177e+00	-8.733287531116123e-02	2625
1.052295234984595e+00	1.091351049981333e-01	2626
5.959888605569920e-01	-5.784352991101209e-01	2627
6.483105251467846e-01	-5.706462414137916e-01	2628
1.314433404170278e-01	-4.876974804207981e-01	2629
1.769391381840039e-01	-5.120641143958540e-01	2630
2.212309544961024e-01	-5.308623582407809e-01	2631
2.631252211692581e-01	-5.453633527737711e-01	2632
3.305391871872321e-01	-5.627557302605102e-01	2633
1.010463791489038e+00	8.598016666589926e-03	2634
-1.032824541527828e-01	-4.393254079659756e-02	2635
1.025535257121301e+00	3.521913624960823e-02	2636
1.017789041021445e+00	2.290825715618089e-02	2637
1.197935395739586e-03	-4.533054887890297e-01	2638
-8.621119542591239e-02	-2.386355528034079e-02	2639
7.992128362566490e-01	-5.954039658669434e-01	2640
-2.710424758626196e-02	-4.200384180824071e-01	2641
-7.302133993790330e-02	8.930922864132128e-03	2642
1.018113941953872e+00	-4.067743217886430e-01	2643
9.273407724983835e-01	-5.113270058770016e-01	2644
7.477481505902646e-01	-6.176091537649973e-01	2645
3.564442406041063e-02	-4.863019306495811e-01	2646
-1.321204699860401e-01	-1.438903671264635e-01	2647
1.015005263988345e+00	1.637533633860587e-02	2648
5.100215864674497e-01	-6.556887373980695e-01	2649
-1.215587769822846e-01	8.435066956705567e-02	2650
1.023963315966423e+00	-2.638642866842320e-02	2651
1.007749771419047e+00	-5.317886513829887e-03	2652
1.007347579591517e+00	5.737431707394606e-03	2653
1.006915565347573e+00	-4.300260521080826e-03	2654
-8.136888827380886e-02	-7.309976864747950e-03	2655
-1.118922720476060e-03	4.242379512542209e-01	2656
6.466128415410138e-02	4.871856690327416e-01	2657
1.028413730371356e+00	-3.376615223390144e-02	2658
1.015614270180553e+00	-1.480986668633025e-02	2659
1.003514520236766e+00	2.077772839668402e-03	2660
1.013231412987430e+00	-1.138443966782027e-02	2661
-1.219992664379776e-01	-2.313684759406121e-01	2662
-1.314375799385808e-01	-1.211302566801830e-01	2663
-1.230862996607986e-01	1.000669968885610e-01	2664
-1.242986296783934e-01	1.422245011568132e-01	2665
1.003795729717069e+00	-6.475803492779980e-04	2666
1.039037573786468e+00	5.281196973260413e-02	2667
6.920481744261243e-01	-6.356928393648443e-01	2668
1.055420626891816e+00	-3.342132689900567e-01	2669
9.924025448364469e-01	-4.430827545783416e-01	2670
-1.236373649029354e-01	1.181747694521654e-01	2671
1.082456296117239e-01	5.207761920271901e-01	2672
-1.032113515366351e-01	2.476739890274650e-01	2673
1.034193052950471e+00	4.951301940780412e-02	2674
1.052468433481113e+00	-6.395035040411842e-02	2675
5.753435573824949e-01	-6.516918151924603e-01	2676
-1.228427614899730e-01	-5.998718736149591e-02	2677
1.012296076454637e+00	1.211629973708131e-02	2678
4.418613896148613e-01	6.355581375799189e-01	2679
-1.302427068650581e-01	-1.023902167162077e-01	2680
1.596656343563659e-01	5.523781496743138e-01	2681
1.075584756540467e+00	-2.589455003625571e-01	2682
1.017389541050610e+00	-1.718760264784292e-02	2683
1.009037008209723e+00	7.644549910350198e-03	2684
1.008213567026423e+00	6.879245295050238e-03	2685
1.008707773581430e+00	-6.406048354757866e-03	2686
1.009595075437772e+00	-7.116130432069137e-03	2687
2.850795231155079e-02	4.556141688917408e-01	2688
1.065772490931643e+00	-2.976777130589113e-01	2689
-4.571573298588101e-02	3.667100323586445e-01	2690
-2.396498399834792e-02	3.957326044232886e-01	2691
1.064617852517522e+00	9.939667669708513e-02	2692
1.075689799402822e+00	-1.089730055832307e-01	2693
8.890326472621507e-01	-5.417382174654440e-01	2694
1.021710091390769e+00	2.766397362515968e-02	2695
-1.179759551730632e-01	5.932485378309762e-02	2696
8.462699103214879e-01	-5.699542735945159e-01	2697
-6.651715627166478e-02	3.329558635362026e-01	2698
1.003748820915778e+00	8.505763837827334e-04	2699
1.011102393618336e+00	-7.972355383400935e-03	2700
1.004845367013651e+00	3.413035400894997e-03	2701
1.006596662806744e+00	4.673862094491862e-03	2702
1.005064988935368e+00	-3.150064460489883e-03	2703
1.043199892263285e+00	-5.052701707009315e-02	2704
1.038187243137976e+00	-4.759989051423354e-02	2705
3.669235290998700e-01	6.230562531203614e-01	2706
1.067818741602183e+00	1.206232329979546e-01	2707
1.047495917605463e+00	6.685977838254648e-02	2708
-9.940119230212167e-02	4.294246295932920e-02	2709
2.939113494894166e-01	6.045588376343780e-01	2710
-1.111664784294569e-01	2.230620687729779e-01	2711
-1.164096716018609e-01	1.960908024242104e-01	2712
-1.205352950562361e-01	1.710858346867887e-01	2713
1.003638285100738e+00	-1.892010083214534e-03	2714
1.033480933412652e+00	3.807015738724379e-02	2715
1.036570588859429e+00	-3.605196729092611e-02	2716
1.038940600672728e+00	-3.703729080709572e-01	2717
-1.278722765282823e-01	-8.555793978104168e-02	2718
-1.256062947403545e-01	-7.282442660778597e-02	2719
-1.199843695232129e-01	7.194529584245106e-02	2720
2.196600899106415e-01	5.806286328167332e-01	2721
9.620254410818539e-01	-4.782581877978627e-01	2722
-8.386482227147012e-02	2.671792567805966e-02	2723
1.080610933937184e+00	-2.203439558294925e-01	2724
1.079084892718548e+00	-1.322387368061778e-01	2725
1.081894647892489e+00	-1.829873602332142e-01	2726
1.080805741059319e+00	-1.575947676535936e-01	2727
-1.135391494433387e-01	-2.601920946661281e-01	2728
-1.041163067176646e-01	-2.902084079828072e-01	2729
-5.232145942763315e-02	-3.872769002996734e-01	2730
-9.023026167428884e-02	-3.215680475166001e-01	2731
-7.272936363506059e-02	-3.556080954094634e-01	2732
-1.301803582030147e-01	-1.713935491146064e-01	2733
-1.268967621355333e-01	-1.995245034978534e-01	2734
1.070087263927105e+00	1.469647456008863e-01	2735
1.069758533253383e+00	1.794008103384128e-01	2736
1.067192180114076e+00	2.138641873644731e-01	2737
1.064230844942527e+00	2.497500803091829e-01	2738
1.053581200749114e+00	2.958018881704503e-01	2739
1.042134823287571e+00	3.329605213815476e-01	2740
1.022916064406632e+00	3.705295708031605e-01	2741
9.996439211876715e-01	4.077206327727866e-01	2742
9.717688206859320e-01	4.435239823391469e-01	2743
9.391617573915279e-01	4.779371977089068e-01	2744
9.017459359880508e-01	5.107914808329544e-01	2745
8.600225425371550e-01	5.412283193648816e-01	2746
8.150926208865028e-01	5.682519422486912e-01	2747
7.409678120586592e-01	5.996373394640346e-01	2748
-8.307464155589303e-02	3.002180429082202e-01	2749
-9.485380808430929e-02	2.726435982383789e-01	2750
6.571913579134236e-01	6.260267794113012e-01	2751
5.865522351737120e-01	6.358269073141016e-01	2752
5.137965124469649e-01	6.386913241778932e-01	2753
1.071279554885092e+00	-9.192847582863357e-02	2754
1.060996623174569e+00	8.326992450558116e-02	2755
1.066918263500222e+00	-7.837443207753610e-02	2756
4.310792393606676e-01	-6.520799281144900e-01	2757
6.332130813430309e-01	-6.482864426097888e-01	2758
7.737343509031343e-02	-5.197605546201495e-01	2759
1.245891834845729e-01	-5.530999739622977e-01	2760
1.732814909689080e-01	-5.802532924432670e-01	2761
2.205140669155967e-01	-5.988928752360797e-01	2762
2.790421757200153e-01	-6.202669803004762e-01	2763
3.514194345968197e-01	-6.395170496200066e-01	2764
-1.321147965733341e-01	-3.204476451995858e-01	2765
9.506304598205871e-01	-5.798247166619098e-01	2766
-8.173829786429936e-02	1.314798396873502e-02	2767
8.588065521888931e-01	-6.491668330426086e-01	2768
5.476102113038577e-01	-7.362234604802146e-01	2769
1.013090772645907e+00	-9.028599271584664e-03	2770
1.015484909520704e+00	-1.293301082604825e-02	2771
1.051473864012628e+00	-5.448281493870388e-02	2772
1.006248141491155e+00	-3.265197806100803e-03	2773
1.040870534025324e+00	-4.124814673292403e-02	2774
3.916415590292415e-01	7.078416784458101e-01	2775
8.047029044376419e-01	-6.786777392032709e-01	2776
-1.518960799337340e-01	-1.101132124003126e-01	2777
-1.557536968613029e-01	-1.588387306895961e-01	2778
1.011167533139144e+00	-6.095810013209592e-03	2779
9.886946766202138e-01	-5.407893823355331e-01	2780
-7.324577528699597e-02	4.100745452323447e-01	2781
-5.185091450752448e-02	4.417557467314482e-01	2782
1.070791975265950e+00	-4.126277799129493e-01	2783
9.074541123861951e-01	-6.159814875846992e-01	2784
1.037358399345796e+00	4.348654001472908e-02	2785
1.047156702253353e+00	5.734782219886388e-02	2786
-8.644221020063027e-02	5.504814871227861e-03	2787
9.987089829498375e-02	5.929795071621740e-01	2788
1.601522801169852e-01	6.303893456327423e-01	2789
-1.546363026321874e-01	-1.313619542225758e-01	2790
1.021250919824318e+00	-2.249005746539256e-02	2791
4.664629677588667e-01	-7.359069964167793e-01	2792
1.105895249681524e+00	-2.023440043345259e-01	2793
1.106210343408119e+00	-2.431616172147502e-01	2794
1.095723200077388e+00	-3.256770291452652e-01	2795
-1.390600413653791e-01	7.558266736795577e-02	2796
1.058862167257649e+00	7.091497352721989e-02	2797
4.904178886944070e-02	5.532464193931598e-01	2798
-5.316652858495000e-02	-4.695433018306940e-01	2799
1.769344381427586e-02	-5.496452601848616e-01	2800
1.017926983969915e+00	1.887434657442838e-02	2801
-1.193726386846077e-01	-4.697109271259305e-02	2802
1.022731438603520e+00	2.287809233873105e-02	2803
-7.910565682479381e-02	-4.327251025930994e-01	2804
7.449559738363216e-01	-7.037056459322480e-01	2805
1.048846902462467e+00	-4.556300322533614e-01	2806
-2.132609320828766e-02	-5.097445429084012e-01	2807
1.019636023312829e+00	-2.004732597453792e-02	2808
-1.448747352712211e-01	-7.580273680540836e-02	2809
1.008289844225011e+00	-4.026132748377312e-03	2810
1.008875151820002e+00	5.482233671311055e-03	2811
1.004292056373810e+00	1.178314007645629e-04	2812
-1.153404653606339e-01	4.651912931719936e-02	2813
-2.531877047486601e-02	4.771349048504840e-01	2814
1.028010795261872e+00	-2.994477428280414e-02	2815
1.018774686251677e+00	-1.430096854489400e-02	2816
1.004066131102040e+00	1.545934892009573e-03	2817
1.014399616502789e+00	1.381055904274139e-02	2818
1.004409458765536e+00	2.482249482167220e-03	2819
1.083879850717972e+00	-3.688697171059236e-01	2820
1.021728881367812e+00	-4.989451451318561e-01	2821
-1.471251432456556e-01	1.293268901687455e-01	2822
6.799076186283247e-01	-7.228509317502898e-01	2823
-1.446493693905549e-01	1.081749267017440e-01	2824
1.012349910513100e+00	9.785264474536018e-03	2825
-1.487533519493358e-01	-9.094312562256165e-02	2826
-1.422817168965760e-01	8.999953079467515e-02	2827
1.102123574707234e+00	-2.861431505698545e-01	2828
1.010675126853963e+00	6.747907540544397e-03	2829
1.009263793269217e+00	-4.951132857271110e-03	2830
8.403705627176109e-03	5.156034217266455e-01	2831
-9.455373489146356e-02	-1.256038778422738e-02	2832
-9.983969218493767e-02	-2.918798997394795e-02	2833
1.063653527194895e+00	-6.666743719716298e-02	2834
1.025439834041756e+00	3.143891779798816e-02	2835
-9.323319617005472e-02	3.727831550817039e-01	2836
1.007978729595477e+00	4.497577373072595e-03	2837
1.006009617131665e+00	3.604680743454657e-03	2838
1.004157565817261e+00	-1.324362798667627e-03	2839
1.081088034175175e+00	1.079968537203359e-01	2840
3.119970343709352e-01	6.884636597598270e-01	2841
-1.377776261224444e-01	2.450598694777080e-01	2842
-1.432571074110908e-01	2.151812489948510e-01	2843
-1.456990545571331e-01	1.878472490198863e-01	2844
-1.473627597718815e-01	1.595132894268314e-01	2845
1.004563464013901e+00	-2.242459396860966e-03	2846
-1.416936269082213e-01	-6.251609196735118e-02	2847
-1.367693665266539e-01	6.252751952517079e-02	2848
2.345606964329948e-01	6.632264595284783e-01	2849
-9.734327137340168e-02	3.050698941550961e-02	2850
1.093554051282388e+00	-1.181983669234421e-01	2851
1.102667147665137e+00	-1.692771837553862e-01	2852
-1.488686597471806e-01	-2.541869099393675e-01	2853
-1.428199656012769e-01	-2.850282271759432e-01	2854
-1.004779838790806e-01	-3.948114412856986e-01	2855
-1.190934352394902e-01	-3.568541467654917e-01	2856
-1.555230700691106e-01	-1.879558760986333e-01	2857
-1.540575099278159e-01	-2.191983944084164e-01	2858
1.086469585547174e+00	1.325925895880323e-01	2859
1.098814345193615e+00	-1.435862096597665e-01	2860
1.090425868894934e+00	1.637764107534480e-01	2861
1.092385289600351e+00	1.988685402484106e-01	2862
1.092949593532142e+00	2.345962676744127e-01	2863
1.089841508319286e+00	2.805728425359788e-01	2864
1.082064105910801e+00	3.255282177707334e-01	2865
1.068317589679569e+00	3.707165470995299e-01	2866
1.052559141976699e+00	4.157990283265529e-01	2867
1.028064210866792e+00	4.595579310116841e-01	2868
9.982297838674571e-01	5.023327040598204e-01	2869
9.624601268297298e-01	5.434206129685555e-01	2870
9.209312646110742e-01	5.822428847439013e-01	2871
8.745230959287754e-01	6.176120807122372e-01	2872
8.072227219965792e-01	6.550611534195853e-01	2873
-1.111547798403996e-01	3.349962822066276e-01	2874
-1.230490901329646e-01	3.009481060068618e-01	2875
-1.320948298095120e-01	2.711762148514015e-01	2876
7.225504446187264e-01	6.895806900653585e-01	2877
6.328481604401628e-01	7.121770314330788e-01	2878
5.533129161862111e-01	7.189925019321892e-01	2879
4.744134480134582e-01	7.182845098814901e-01	2880
1.087338694933748e+00	-9.681799206142479e-02	2881
1.081179495474300e+00	-8.123218847037368e-02	2882
1.075584150865083e+00	8.862917227519096e-02	2883
6.089501213451934e-01	-7.328220554001736e-01	2884
6.320518138385357e-02	-5.880435224795485e-01	2885
1.147709894963492e-01	-6.259944402798562e-01	2886
1.697823454197634e-01	-6.562656085187302e-01	2887
3.781951731622279e-01	-7.250605313658334e-01	2888
2.234048502193608e-01	-6.795288873350911e-01	2889
2.946168842434344e-01	-7.045752072589448e-01	2890
-8.370209848893327e-02	-5.250549629779262e-01	2891
-1.063432639829212e-01	4.555672763400682e-01	2892
3.315817952734688e-01	7.825610061809365e-01	2893
1.050670535091853e+00	-4.529113403788071e-02	2894
-1.756402733891474e-01	-3.134019075789050e-01	2895
1.005664047644959e+00	-2.275399661025674e-03	2896
1.047026633785006e+00	4.822936815644543e-02	2897
4.219493602729210e-01	8.019033023335715e-01	2898
1.132428552416288e+00	-4.068287520884725e-01	2899
9.110965744301368e-02	6.751226819941809e-01	2900
5.062564988188732e-01	-8.279709838844206e-01	2901
-1.527970913079809e-01	-3.958530362496543e-01	2902
-1.374554879328575e-01	-4.901621211006636e-02	2903
1.014658981631905e+00	1.108210408863081e-02	2904
1.085083613312075e+00	-5.082732159743222e-01	2905
1.011004440189217e+00	-4.205116171238582e-03	2906
1.009713949843155e+00	-3.503030805600002e-03	2907
1.004978544912982e+00	1.743015520368570e-03	2908
1.025866032652338e+00	-2.215684808467004e-02	2909
1.028927467426555e+00	-2.476993433059601e-02	2910
7.380282191591607e-01	-8.006998631236201e-01	2911
5.829021138484625e-01	-8.231417276711148e-01	2912
1.056089740831889e+00	-5.598584776769031e-01	2913
-1.835072299794424e-01	-1.730228697043244e-01	2914
1.007446562219364e+00	-3.103783308920906e-03	2915
-1.264159830749254e-01	4.146732361731927e-01	2916
1.004631406347169e+00	-6.516977663560897e-04	2917
1.026565499682344e+00	2.629044148302800e-02	2918
1.128931456541413e+00	-3.578235904237514e-01	2919
-1.767547455541238e-01	-1.173194514600741e-01	2920
-1.435218101954303e-01	3.734654827791815e-01	2921
-1.814424016890989e-01	-1.435161521572654e-01	2922
1.033347886076901e+00	-3.133751769084706e-02	2923
-9.489735730015719e-02	1.630615405298807e-02	2924
-1.660287346308522e-01	-3.521527230549210e-01	2925
-1.339333136844254e-01	-4.375287237519128e-01	2926
1.133958503485240e+00	-2.223785160634368e-01	2927
1.071948155034522e+00	7.490212150728331e-02	2928
1.061242024707378e+00	-5.828724508319703e-02	2929
8.724975281965969e-01	-7.386129526430668e-01	2930
1.636455089672479e-01	-7.418130653921734e-01	2931
4.106422757647837e-01	-8.200652536552455e-01	2932
9.779960460470195e-01	-6.562451566180783e-01	2933
6.570267803756058e-01	-8.194772862127250e-01	2934
1.012955864318895e+00	-6.973177989632369e-03	2935
1.015513318891327e+00	-1.016095322077048e-02	2936
1.056733182640544e+00	6.179346661802124e-02	2937
1.007209617051278e+00	3.525651175634397e-03	2938
8.089765835691849e-01	-7.728424819071713e-01	2939
1.017851704076772e+00	1.494875438108010e-02	2940
1.009431088619744e+00	4.078803197583948e-03	2941
1.020403568481675e+00	-6.096415897115491e-01	2942
-1.554195997236309e-02	5.826112077791131e-01	2943
1.104119138045480e+00	-4.565741860596261e-01	2944
9.287804345834220e-01	-6.994194350528103e-01	2945
1.040647417318165e+00	3.710682358723872e-02	2946
1.043619853231383e+00	-3.454845351524258e-02	2947
-8.377165244716860e-02	4.935607110721551e-01	2948
1.136305326483787e+00	-2.675484450430796e-01	2949
3.174661169184000e-02	6.283407635101158e-01	2950
-1.115195007379287e-01	-4.818947474953041e-01	2951
-4.763704709071639e-02	-5.729404937710362e-01	2952
1.020945027976086e+00	-1.687233936007038e-02	2953
-1.125976792408406e-01	3.399565350357864e-02	2954
-5.339715464249968e-02	5.361012576976425e-01	2955
1.004580779487201e+00	9.060681897508630e-04	2956
-1.696919492027452e-01	1.156865301780247e-01	2957
-1.654863955862793e-01	9.586422831420947e-02	2958
1.010659761458913e+00	4.865365307065122e-03	2959
-1.719903387087319e-01	-9.669511691940652e-02	2960
-1.645775692181097e-01	-7.121943662936445e-02	2961
-1.333437928392565e-01	4.916299217407068e-02	2962
1.134918997488399e+00	-3.115552677527321e-01	2963
1.012380527630210e+00	7.745114311088517e-03	2964
-1.103254594924835e-01	-1.673365194953038e-02	2965
-1.146410708927191e-01	-3.189564440436367e-02	2966
1.030638835467283e+00	3.319898420558543e-02	2967
1.005499161260772e+00	2.585395945466319e-03	2968
1.005084771738801e+00	-1.464427108086666e-03	2969
-1.740906560065082e-01	2.360694660938733e-01	2970
-1.740133909924233e-01	1.438278291991347e-01	2971
-1.753441586105181e-01	2.040974025149617e-01	2972
-1.749162175672967e-01	1.750425929814697e-01	2973
-1.591738215920178e-01	7.165581844513190e-02	2974
2.477033308856580e-01	7.553849007856689e-01	2975
1.654921874261762e-01	7.199304057020756e-01	2976
-1.013737653118484e-01	1.192928348146162e-03	2977
-1.815284317068286e-01	-2.758579329477816e-01	2978
-1.853815549825246e-01	-2.043010522969737e-01	2979
-1.843084421414723e-01	-2.408080539355927e-01	2980
1.100638707647355e+00	1.168922088412373e-01	2981
1.114461074030308e+00	-1.270436951411969e-01	2982
1.108393584188407e+00	1.460161898709840e-01	2983
1.121677954730981e+00	-1.532151198125169e-01	2984
1.114960420985036e+00	1.804421299932554e-01	2985
1.128464567743557e+00	-1.832972182061435e-01	2986
1.119685119249912e+00	2.167912530739956e-01	2987
1.122653315396911e+00	2.603158779394795e-01	2988
1.121177018424682e+00	3.097607318993858e-01	2989
1.113980522657201e+00	3.605600735098681e-01	2990
1.103197604367688e+00	4.089042958280925e-01	2991
1.083896631425954e+00	4.628075312743188e-01	2992
1.061923906206561e+00	5.158644979978375e-01	2993
1.029710815998983e+00	5.668717906406364e-01	2994
9.903751526427295e-01	6.160329077465249e-01	2995
9.440895145239309e-01	6.619749898667852e-01	2996
8.803255492643888e-01	7.089141368064077e-01	2997
-1.563750032751142e-01	3.317040502355615e-01	2998
-1.650910402276911e-01	2.973646386965011e-01	2999
-1.700421337290838e-01	2.656709159039151e-01	3000
7.971013060324692e-01	7.533933786832075e-01	3001
6.992996564945509e-01	7.888041172810675e-01	3002
6.006602481824412e-01	8.066192486061656e-01	3003
5.129912167069987e-01	8.095821383623902e-01	3004
1.105908431053421e+00	-1.029574320293608e-01	3005
1.076258096165680e+00	-6.870733212630178e-02	3006
1.097437639993744e+00	-8.377067229895939e-02	3007
1.092596830304155e+00	9.447243057555441e-02	3008
-4.618644436814690e-03	-6.205012048429067e-01	3009
4.538222596685743e-02	-6.644087241392407e-01	3010
1.043909057236345e-01	-7.080001441638278e-01	3011
3.147913616941402e-01	-7.994928004940437e-01	3012
2.302455055955266e-01	-7.711402424943665e-01	3013
1.055729946305820e+00	5.208391283561359e-02	3014
1.123947118405838e+00	-5.638663429879618e-01	3015
-1.986066408181733e-01	1.253431822558668e-01	3016
1.008779904549771e+00	-2.733762288917552e-03	3017
1.175774876222522e+00	-3.785337730155979e-01	3018
1.172475270303537e+00	-3.397602977993593e-01	3019
3.563822872962091e-01	8.879911074432868e-01	3020
8.097014751249565e-01	-8.795523449837996e-01	3021
1.005525593867972e+00	9.709322473725778e-04	3022
1.006106040347612e+00	-1.348435603562348e-03	3023
1.032895450137241e+00	2.726152930069928e-02	3024
1.282741147379331e-02	7.138371491499463e-01	3025
8.860537525655425e-01	-8.400547774777966e-01	3026
1.012807561445630e+00	-4.979930568660091e-03	3027
1.018023162913078e+00	-1.158785241975452e-02	3028
2.414028683408054e-01	-8.748726677243917e-01	3029
1.096010802639973e+00	-6.259843305877451e-01	3030
1.045219726206815e+00	4.342292026432934e-02	3031
1.072430077652479e+00	-5.961775404465925e-02	3032
8.505637542777505e-02	7.698573638576693e-01	3033
9.040835422429369e-02	-7.993554548955337e-01	3034
1.023393833076220e+00	-1.920795255591091e-02	3035
1.005166233035501e+00	1.452657993965838e-04	3036
1.027431685138250e+00	2.151490841969186e-02	3037
-2.157952571356009e-01	-1.861398478031468e-01	3038
-1.311558864719575e-01	-3.280191757247557e-02	3039
1.005580399734713e+00	-6.564152990073504e-04	3040
-2.188545336298262e-01	-3.001262223073193e-01	3041
-1.152132258042530e-01	-3.103088181767283e-03	3042
2.607752334783205e-01	8.586708806727354e-01	3043
-1.452010133387044e-01	5.044597812874946e-01	3044
-1.094590066609693e-01	1.697239974511494e-02	3045
1.039681083741518e+00	-3.044531955810878e-02	3046
1.087573697457169e+00	7.851429744690464e-02	3047
4.589664675836183e-01	9.059428062273371e-01	3048
-8.671684002856839e-02	6.021845746720729e-01	3049
-1.188245630221214e-01	-5.876054559308928e-01	3050
-2.071114382322297e-01	1.888671647321537e-01	3051
-2.134396849864959e-01	-3.424896348128869e-01	3052
7.202241077009416e-01	-9.097238969088651e-01	3053
1.593723778206266e-01	-8.394394403359842e-01	3054
-1.485842068719542e-01	-5.351429522555810e-01	3055
4.492158095636704e-01	-9.250319050192162e-01	3056
-2.055489500542133e-01	-3.869605819351609e-01	3057
1.017030291694498e+00	1.267674271870352e-02	3058
1.008560313653871e+00	3.250287954910892e-03	3059
1.022233514579653e+00	-1.358047738409605e-02	3060
9.525343973170268e-01	-7.935886860819579e-01	3061
-2.201358070743291e-01	-2.605359523642102e-01	3062
1.006762222323626e+00	-2.203555444160263e-03	3063
-1.656544342930485e-01	4.593620857798303e-01	3064
1.021027928767723e+00	1.684364435889030e-02	3065
1.030157261019314e+00	-2.019855188708513e-02	3066
1.171761574169939e+00	-2.905145155774311e-01	3067
-1.946101324285191e-01	3.663224216902053e-01	3068
-1.813682147642696e-01	4.133144605367007e-01	3069
-1.575744956848593e-01	-4.997274440814954e-02	3070
-1.905600167569040e-01	-4.370594591154469e-01	3071
1.059544823708071e+00	-4.858649871014850e-02	3072
3.410799178542444e-01	-9.059103806167500e-01	3073
1.009539160974258e+00	-7.417836589752648e-01	3074
5.874656872982800e-01	-9.258850264417935e-01	3075
1.015066356491168e+00	-7.875182004757061e-03	3076
1.068047629569340e+00	6.402629567676302e-02	3077
1.011069221655348e+00	-2.546459256554774e-03	3078
1.057316430664983e+00	-6.856974393848484e-01	3079
-4.273938373731333e-02	6.583719588764835e-01	3080
1.162728959008289e+00	-4.572588779423736e-01	3081
1.147061888994174e+00	-5.014289012678935e-01	3082
1.035252157289120e+00	-2.527670525358453e-02	3083
-1.204058344583873e-01	5.519863066534964e-01	3084
-1.734214998110565e-01	-4.841904659300843e-01	3085
-1.900519077117637e-01	-7.722072581360143e-02	3086
-1.535977881818305e-01	5.075936767229595e-02	3087
1.010848833759356e+00	3.224975555967696e-03	3088
1.012390733784423e+00	5.760992965226779e-03	3089
-1.920342522350930e-01	1.003125027174457e-01	3090
-1.983941130267172e-01	-1.010986835947067e-01	3091
-2.037608869206959e-01	1.581954184066566e-01	3092
-1.297944480883484e-01	3.640994025978177e-02	3093
1.014402657886055e+00	8.791702050180173e-03	3094
-1.272317814004033e-01	-2.021735461770311e-02	3095
1.037045762967228e+00	3.277757575912155e-02	3096
1.006001766495124e+00	1.693844696186246e-03	3097
1.006594349320140e+00	2.586609984626676e-03	3098
-2.053392323185284e-01	-1.252298374199341e-01	3099
-2.111553064468665e-01	-1.557585194830918e-01	3100
-2.094570494795546e-01	2.212727479493397e-01	3101
-1.846910766837340e-01	7.755214478797971e-02	3102
1.710038229778202e-01	8.207039220693112e-01	3103
-2.201134864002393e-01	-2.228266888564657e-01	3104
1.123577884725037e+00	1.267243886791453e-01	3105
1.138281244314883e+00	-1.344808141455299e-01	3106
1.134436214179632e+00	1.593081048868508e-01	3107
1.148519736615401e+00	-1.628368159611156e-01	3108
1.143791258166098e+00	1.956388394391348e-01	3109
1.158417606460157e+00	-1.988514089155496e-01	3110
1.152025161040889e+00	2.370197107600521e-01	3111
1.167000142060616e+00	-2.431295703329560e-01	3112
1.157363438352469e+00	2.867209113298597e-01	3113
1.157881202875495e+00	3.415134214685602e-01	3114
1.153181692307549e+00	3.953277584355538e-01	3115
1.141313893942267e+00	4.536712023430285e-01	3116
1.124932900879800e+00	5.116431445440046e-01	3117
1.097960122081643e+00	5.750936114179067e-01	3118
1.066584810664600e+00	6.376494088626840e-01	3119
1.023326214925099e+00	6.965881152996293e-01	3120
9.633730870789173e-01	7.563122021100495e-01	3121
-2.022892681829483e-01	3.249845828754169e-01	3122
-2.071980141902497e-01	2.876382850684071e-01	3123
-2.090140672840517e-01	2.557274707285320e-01	3124
8.821911834014139e-01	8.142387962008204e-01	3125
7.811869947034934e-01	8.642785113442107e-01	3126
6.676203394777968e-01	8.977961151314973e-01	3127
5.600618811641760e-01	9.096388769322169e-01	3128
1.127514601110135e+00	-1.087737566064205e-01	3129
1.090895327894847e+00	-6.969102719054966e-02	3130
1.116211415818461e+00	-8.688632970606669e-02	3131
1.112601847903885e+00	1.002219285608311e-01	3132
-7.881743717409323e-02	-6.428253296065636e-01	3133
-3.118598133609510e-02	-6.994418360585837e-01	3134
2.572676946117178e-02	-7.508159571337714e-01	3135
1.048636658890322e+00	3.622433025304840e-02	3136
9.776766810170764e-01	-9.005468122940590e-01	3137
1.006587655383173e+00	-4.372721843970536e-04	3138
1.017781988348556e+00	-8.650031061133151e-03	3139
-1.930011374034851e-01	-5.937442811577494e-01	3140
-7.304669302812015e-02	7.445282653530750e-01	3141
1.024013123155715e+00	1.853069040736687e-02	3142
1.194054203852775e+00	-5.540782672578004e-01	3143
1.139611476983083e+00	-6.964377408545995e-01	3144
1.036030460939890e+00	-1.937064527821528e-02	3145
-1.475430710627617e-01	-2.687519252168620e-02	3146
-1.257790217762770e-01	1.527320517250795e-02	3147
-1.245813988514916e-01	6.773497588518019e-01	3148
-5.613625424156127e-03	8.124535252457926e-01	3149
2.774761192889139e-01	9.749184938069310e-01	3150
1.065882973534866e+00	5.595711891804448e-02	3151
3.747805686731143e-01	-1.024516996301792e+00	3152
2.583717049940846e-01	-9.920230346176264e-01	3153
-2.613740781009072e-01	-2.809004276532607e-01	3154
1.014315205952518e+00	6.629509254404887e-03	3155
1.024649004044519e+00	-1.600830137833105e-02	3156
-2.457270138777045e-01	3.543808241382967e-01	3157
8.003146972824854e-01	-1.001010278849140e+00	3158
1.014802739624398e+00	-5.710347013844879e-03	3159
1.021351100531021e+00	2.068687289594570e-02	3160
-1.907957462005066e-01	5.586055586352312e-01	3161
1.046114475060481e+00	-2.817369540345956e-02	3162
-2.609542303716390e-01	-3.262142383231066e-01	3163
-2.530777874762201e-01	-1.996151582061377e-01	3164
1.017035647071979e+00	9.759079191094287e-03	3165
-1.815920816725141e-01	-5.290285249723685e-02	3166
-2.113396367592297e-01	5.072702240839333e-01	3167
1.105664952183391e+00	8.223553057960054e-02	3168
1.209144895825430e+00	-4.985122288151427e-01	3169
1.219955165939211e+00	-4.260313100541767e-01	3170
1.150580603806423e+00	1.362380546770955e-01	3171
-2.440807927180088e-01	2.022664192921198e-01	3172
3.886000332095285e-01	1.005632589642447e+00	3173
1.069870253367156e+00	-5.183285637866494e-02	3174
1.084987585799160e+00	-5.967797713375551e-02	3175
2.246568016512306e-03	-8.474925476263904e-01	3176
-2.580228735104242e-01	-3.724193021347985e-01	3177
1.172816818998370e+00	-6.228654035646726e-01	3178
5.051955779149646e-01	1.020421102937619e+00	3179
8.971821503876589e-01	-9.556723037251356e-01	3180
1.010111253302414e+00	-2.068562778030437e-03	3181
1.012667438034790e+00	-3.443899157754182e-03	3182
1.053192322914830e+00	-3.592999377022848e-02	3183
1.057873154138660e+00	-3.920974669923656e-02	3184
1.586554579071447e-01	-9.509583546635755e-01	3185
1.020563024149587e+00	1.307791409483169e-02	3186
1.006155322116950e+00	1.772442977855799e-04	3187
-1.491060960414304e-01	3.755499030755109e-02	3188
7.954501603769790e-02	8.775196502003473e-01	3189
-2.366344921340270e-01	-4.794660187612033e-01	3190
-2.268706099971156e-01	4.545704382696081e-01	3191
7.525052194460112e-02	-9.026386606539092e-01	3192
6.665695822899249e-01	-1.031122859987986e+00	3193
-2.181654385993012e-01	-5.363752518626828e-01	3194
1.009932407256652e+00	2.682588735314123e-03	3195
1.043661728807136e+00	3.100109720162980e-02	3196
1.007999753418070e+00	-1.975538879017088e-03	3197
1.007244442836227e+00	-1.156131986974417e-03	3198
1.027593791730511e+00	-1.818629656218814e-02	3199
1.219278487155817e+00	-3.549778804698319e-01	3200
1.213104131234483e+00	-3.143439968723892e-01	3201
-2.377115496471035e-01	4.037532717062426e-01	3202
-2.507621509256474e-01	-4.267303233165893e-01	3203
1.044979948252514e+00	-8.380425555628213e-01	3204
5.166691654180278e-01	-1.038790659498432e+00	3205
1.081035433902638e+00	6.560801524078007e-02	3206
1.099652071882269e+00	-7.700446394149734e-01	3207
-1.622097839191983e-01	6.165382934044691e-01	3208
-2.454912086817927e-01	-1.654984932426397e-01	3209
1.012369657434196e+00	4.227428551807742e-03	3210
-1.774388151675400e-01	5.403011489785241e-02	3211
-2.184426156201266e-01	-8.032645073665098e-02	3212
-2.224878664212367e-01	1.053828982182137e-01	3213
-2.382859368091038e-01	1.696378804776995e-01	3214
-1.354321161935746e-01	-1.346246250317086e-03	3215
1.039435962242415e+00	2.672084353587923e-02	3216
1.041671713337952e+00	-2.423809730530715e-02	3217
1.006544065250638e+00	8.190121513813205e-04	3218
1.007147422680382e+00	1.578374179646529e-03	3219
1.007840090064412e+00	2.443704297078029e-03	3220
-2.284927898845283e-01	-1.050715062877717e-01	3221
-2.374470935522000e-01	-1.344376783678177e-01	3222
-2.310600850543680e-01	1.366861594657090e-01	3223
-2.131109379022409e-01	8.058048170422188e-02	3224
1.761238337709128e-01	9.338774437745647e-01	3225
-2.585137826384332e-01	-2.409659782556063e-01	3226
1.165785251723462e+00	-1.404586586285032e-01	3227
1.164596750748829e+00	1.713686133892230e-01	3228
1.179609285990935e+00	-1.735057489949832e-01	3229
1.177860384826432e+00	2.109069755560024e-01	3230
1.193589109839505e+00	-2.148156521815008e-01	3231
1.189572019056934e+00	2.587364703018610e-01	3232
1.205130459645392e+00	-2.630483558749978e-01	3233
1.198183791575579e+00	3.143911677966871e-01	3234
1.201037815452929e+00	3.730367616404938e-01	3235
1.197703547443228e+00	4.354510550142021e-01	3236
1.188209381841064e+00	4.989379829828829e-01	3237
1.169517114730124e+00	5.688299230107238e-01	3238
1.144533256665405e+00	6.384333564340263e-01	3239
1.106033829817783e+00	7.128126145232695e-01	3240
1.056417310405717e+00	7.909131422105757e-01	3241
-2.478046153476399e-01	2.387744980823598e-01	3242
-2.487889684881511e-01	3.119689926206479e-01	3243
-2.496916545537921e-01	2.739196104010729e-01	3244
9.796270635335247e-01	8.664082466301499e-01	3245
8.782526577289277e-01	9.350849662117994e-01	3246
7.554070777955362e-01	9.883594526937030e-01	3247
6.258778386123067e-01	1.016395762891910e+00	3248
1.151999873657923e+00	-1.135440063949586e-01	3249
1.108076416484284e+00	-7.048036257690903e-02	3250
1.137957722912213e+00	-8.943427739099308e-02	3251
1.135995143031214e+00	1.063939264721860e-01	3252
-1.598628155423710e-01	-6.579587493838582e-01	3253
-1.162127229864788e-01	-7.210105615206699e-01	3254
-6.136160415659924e-02	-7.882807938215667e-01	3255
-3.029647214528925e-01	-2.571164021637218e-01	3256
-2.855850975765436e-01	2.162217279230845e-01	3257
5.968414796619894e-01	-1.161339016141663e+00	3258
1.083680700315536e+00	-9.472614786656993e-01	3259
-1.046017480931416e-01	8.434053467150846e-01	3260
-3.092603427843783e-01	-4.058969320912335e-01	3261
-2.423564527137001e-01	6.201135346789058e-01	3262
4.310718191674053e-01	1.136142472497382e+00	3263
1.054755457409049e+00	4.273081559377775e-02	3264
1.009263074629557e+00	-1.457748484318687e-03	3265
1.012673180517981e+00	-1.560755491506332e-03	3266
1.067392408893444e+00	-4.186076939457831e-02	3267
-2.431166901179761e-02	-9.564457612461679e-01	3268
2.829755448967452e-01	-1.123773442363260e+00	3269
4.319481561456299e-01	-1.155602195182126e+00	3270
1.025843867716808e+00	-1.239808255459146e-02	3271
-2.102227315929640e-01	6.883727241901010e-01	3272
-9.629590491235308e-02	-8.877186595649548e-01	3273
1.019705539754686e+00	1.121497435404639e-02	3274
1.020576621348872e+00	-9.915747308925695e-03	3275
1.834379164132635e-01	1.061325496379460e+00	3276
1.017115431607820e+00	-6.536597297992651e-03	3277
-1.706786887218693e-01	3.722337626914747e-02	3278
-2.076000920886539e-01	-5.512882415086119e-02	3279
-2.969389354133033e-01	3.366454240806268e-01	3280
1.028334812566998e+00	1.708147705840948e-02	3281
-2.502203023966924e-01	-8.142719175370929e-02	3282
1.064181201975735e+00	4.542085819638335e-02	3283
-2.848160705946079e-01	-1.740085085258991e-01	3284
-2.777236936017590e-01	1.791969958111820e-01	3285
3.010594550496820e-01	1.105662230224189e+00	3286
-2.696996658594150e-01	-5.920425886113704e-01	3287
1.181645312622609e+00	1.446651739129390e-01	3288
1.194028671297933e+00	-7.732859471552911e-01	3289
5.693756210069438e-01	1.144236932061454e+00	3290
-2.948643813873164e-01	-2.144323453945193e-01	3291
1.127016713111422e+00	8.569315449037794e-02	3292
1.631897481469142e-01	-1.078178130412516e+00	3293
-2.445711461261200e-01	-6.596471734356525e-01	3294
1.098948049934580e+00	-5.816791920992376e-02	3295
1.002164717653719e+00	-1.023012612851783e+00	3296
-2.435626217412149e-02	9.253161420361191e-01	3297
1.250616739496669e+00	-6.089332705798106e-01	3298
1.034667565801372e+00	2.155847675240831e-02	3299
-1.669292464674813e-01	7.633125510867402e-01	3300
1.077420340234834e+00	5.722743880998063e-02	3301
1.016546442138212e+00	7.617757096543366e-03	3302
1.024135189671586e+00	1.463173077080842e-02	3303
1.031437631779960e+00	-1.590891851289773e-02	3304
1.028341764095313e+00	-1.407041535593152e-02	3305
-2.949765674803723e-01	3.875880295606520e-01	3306
7.602136078392896e-01	-1.139361192865868e+00	3307
1.014580340999364e+00	-4.049228706318161e-03	3308
1.047894756809052e+00	-2.165799811255554e-02	3309
-3.081239544537237e-01	-3.031781835094361e-01	3310
-2.638482299406710e-01	5.580571839398776e-01	3311
1.263715024743210e+00	-5.429973488651845e-01	3312
1.271829821635774e+00	-4.706519282214409e-01	3313
1.081335458978867e+00	-5.240317498770960e-02	3314
-3.101084992820637e-01	-3.516714401515086e-01	3315
1.226428963624568e+00	-6.910964380861657e-01	3316
8.998908209286303e-01	-1.088692797614314e+00	3317
1.012520434936354e+00	2.355392432108002e-03	3318
6.120034781601030e-02	-1.020538818967567e+00	3319
-1.429252451756741e-01	1.750553764589597e-02	3320
7.334852883977219e-02	9.991227761580006e-01	3321
-3.014895951754478e-01	-4.676158148720370e-01	3322
-2.796978397050042e-01	4.987739716673574e-01	3323
-2.894527958784098e-01	-5.269631489394430e-01	3324
1.045895935455721e+00	2.463754599535550e-02	3325
1.051116080913609e+00	2.897304958894287e-02	3326
1.008465035411925e+00	-7.909120089111188e-04	3327
1.270867960503276e+00	-3.896598360761908e-01	3328
-2.890764162981488e-01	4.412364421789552e-01	3329
1.097838413197622e+00	6.644403309144258e-02	3330
1.143657289248571e+00	-8.612868946875529e-01	3331
-1.572940158585731e-01	-6.695276697984481e-03	3332
1.014224533435752e+00	4.965759586742948e-03	3333
-1.760686463947096e-01	-2.353538340825293e-02	3334
-2.032186551531794e-01	5.616698727205409e-02	3335
-2.680331291438293e-01	1.454788488224599e-01	3336
1.042270422791842e+00	-1.780604377355456e-02	3337
1.007560767013262e+00	3.027708723146244e-04	3338
1.008388175529760e+00	1.297389974045610e-03	3339
1.009133864737711e+00	2.016208218632443e-03	3340
-2.739049435975769e-01	-1.410379390438529e-01	3341
-2.627844936037315e-01	-1.102004060587257e-01	3342
-2.572772167168655e-01	1.122691643010476e-01	3343
-2.451363200777958e-01	8.226730457431970e-02	3344
1.199799487275227e+00	1.820794715348310e-01	3345
1.197414711771006e+00	-1.464973062795632e-01	3346
1.215966182784088e+00	-1.840314861650387e-01	3347
1.217379423255035e+00	2.271758679312075e-01	3348
1.261250886742620e+00	-3.275748506086977e-01	3349
1.233925795360862e+00	-2.304676525631574e-01	3350
1.233632237077700e+00	2.810787830820659e-01	3351
1.249501193006857e+00	-2.822065788639863e-01	3352
1.245286856996255e+00	3.421519343430898e-01	3353
1.251282053826534e+00	4.077054241182008e-01	3354
1.250547439857628e+00	4.765085636386914e-01	3355
1.241148547159823e+00	5.512955098770196e-01	3356
1.224164708566350e+00	6.285180395895026e-01	3357
1.194605813248602e+00	7.123520189360736e-01	3358
1.153805455851634e+00	7.989742617796384e-01	3359
-2.918682831738697e-01	2.538426824653277e-01	3360
-2.963694713934098e-01	2.938845238040401e-01	3361
1.088800778256518e+00	9.019285867924576e-01	3362
9.914001370260239e-01	9.945470646378750e-01	3363
8.642283309937508e-01	1.073071367131886e+00	3364
7.166685318638266e-01	1.125383331028948e+00	3365
1.179839552621511e+00	-1.161532969785385e-01	3366
1.127698329345129e+00	-7.128143368443920e-02	3367
1.162622709698996e+00	-9.111758573943100e-02	3368
1.163346195988491e+00	1.119226432493153e-01	3369
-2.069076503441160e-01	-7.356695481865206e-01	3370
-1.586413427612418e-01	-8.098727955902013e-01	3371
5.080519149376279e-01	-1.298201743224545e+00	3372
-1.390674312211192e-01	9.574584080340331e-01	3373
-3.665967836621253e-01	-3.787326562985451e-01	3374
1.058264522497567e+00	3.503637626515770e-02	3375
1.053372002291690e+00	-2.672662406000960e-02	3376
-5.224974844288698e-02	-1.080483989878800e+00	3377
5.040859547372794e-02	-1.155746348093761e+00	3378
1.198741888881515e+00	-9.632944294879914e-01	3379
1.020821238513829e+00	-1.165182583242105e+00	3380
-2.133091069756896e-01	8.636645816749423e-01	3381
1.010418172325914e+00	1.293218650607269e-03	3382
-1.634007520684275e-01	1.895803582925264e-02	3383
1.240470355698115e+00	1.927920240315463e-01	3384
3.349684167150059e-01	1.252611264063858e+00	3385
-2.067510004479922e-01	-9.104630466792671e-01	3386
6.804708014277790e-02	1.136854633253563e+00	3387
1.074946920306720e+00	4.909361546433790e-02	3388
1.116605707410377e+00	-5.562351579784648e-02	3389
6.959935512530564e-01	-1.290180590238156e+00	3390
1.028123271934249e+00	1.267527770890810e-02	3391
-2.654000691462413e-01	7.702705816936382e-01	3392
1.014321992884926e+00	-2.252202562733148e-03	3393
1.037178420675008e+00	-1.388679644925249e-02	3394
1.291137811167280e+00	-7.637863962140377e-01	3395
-3.665165366779485e-01	-4.434452092247922e-01	3396
1.124033154094278e+00	-1.072542968307974e+00	3397
1.016770356261065e+00	-4.609080892188958e-03	3398
-3.248141227528745e-01	6.139178945308807e-01	3399
1.010492544102609e+00	-6.438851975635989e-04	3400
-3.328148209497224e-01	2.274316089964315e-01	3401
1.090307797606652e+00	5.671063558381922e-02	3402
-1.964251347124918e-01	-2.699861389305628e-02	3403
1.016357878591813e+00	5.681269034598312e-03	3404
-2.363995133245300e-01	-5.444723134390105e-02	3405
1.234109059234045e+00	-1.515236224034232e-01	3406
4.917156210270943e-01	1.279256211723777e+00	3407
6.602902688348240e-01	1.274023293152899e+00	3408
1.117146843991943e+00	6.800712629634227e-02	3409
-1.360497768948485e-01	-9.994495861230500e-01	3410
-3.517561945708223e-01	4.208506164589049e-01	3411
-3.424941271546398e-01	-2.267623720116520e-01	3412
-2.998107414767084e-01	6.888156803313358e-01	3413
1.064816307366009e+00	-3.232096590880889e-02	3414
1.012596434208655e+00	3.980932632723703e-04	3415
1.752648219877977e-01	-1.222526919829709e+00	3416
3.275812306427797e-01	-1.272108301497064e+00	3417
1.024504747332085e+00	-8.365089822428879e-03	3418
1.020040192928241e+00	-6.866242942587992e-03	3419
1.961429418357945e-01	1.205310976600704e+00	3420
-3.517772877392137e-01	3.641104384669286e-01	3421
-2.323488291260425e-01	5.547313232525718e-02	3422
1.251005023469783e+00	-8.641026212922228e-01	3423
-3.291842250617932e-01	-1.837516777902032e-01	3424
-3.223402626057519e-01	1.887641908513852e-01	3425
1.151640250071481e+00	8.877192316969904e-02	3426
-3.309408907398801e-01	-6.520367251988719e-01	3427
-4.457490874100358e-02	1.053552751940543e+00	3428
1.314301590171515e+00	-6.720571207927944e-01	3429
1.019426588742042e+00	8.162139052873949e-03	3430
1.031926637309936e+00	-1.153132325195535e-02	3431
1.029119783559806e+00	-1.018901911992467e-02	3432
1.040975069319068e+00	2.043342998533781e-02	3433
1.048371482960138e+00	-1.488309023958401e-02	3434
1.328113571419070e+00	-5.898368610006748e-01	3435
1.333041474147989e+00	-5.139662716135120e-01	3436
1.078322214024660e+00	-4.449794764140221e-02	3437
-3.536233652222771e-01	-2.739691677874013e-01	3438
-3.483551537176383e-01	3.143626045893368e-01	3439
8.761654509859326e-01	-1.243626731932677e+00	3440
1.014108689352126e+00	3.161754959826615e-03	3441
-3.508089543551676e-01	-5.799651198149082e-01	3442
-3.393492144757665e-01	5.464106371190010e-01	3443
-3.613133803889101e-01	-5.096215591826153e-01	3444
1.052779816596448e+00	2.175108146190666e-02	3445
1.329370286274544e+00	-4.292038942932387e-01	3446
-3.486627537080499e-01	4.804355404995280e-01	3447
-1.797077657637000e-01	1.622238282901513e-04	3448
-1.953049562462524e-01	3.670889203659149e-02	3449
-3.097958334326544e-01	1.513931060458262e-01	3450
-2.862734863227802e-01	-8.236365103575705e-02	3451
1.009471094995195e+00	3.430468750253812e-04	3452
-3.150948587301381e-01	-1.451078249674513e-01	3453
-2.963356480718659e-01	1.175360842096941e-01	3454
-3.011104965191844e-01	-1.133192636035764e-01	3455
-2.816831494535869e-01	8.449341956237900e-02	3456
1.217447911369993e+00	1.509361232092161e-01	3457
1.257664902698099e+00	-1.943934025703272e-01	3458
1.263602702146362e+00	2.433111484310007e-01	3459
1.299661265216914e+00	-2.931906104626585e-01	3460
1.280547961616172e+00	-2.444205183171318e-01	3461
1.284193298833680e+00	3.037665271365805e-01	3462
1.316727323836393e+00	-3.504437227325553e-01	3463
1.300269870286610e+00	3.708807339532136e-01	3464
1.309872071551307e+00	4.434488623627841e-01	3465
1.311001421377336e+00	5.228277113032525e-01	3466
1.304000318502671e+00	6.063669318393118e-01	3467
1.285101250826143e+00	6.979528533250665e-01	3468
1.254391140645203e+00	7.943340204011307e-01	3469
-3.420700687099829e-01	2.682936845229639e-01	3470
-3.613089016547746e-01	-3.244660680083200e-01	3471
1.204209541934209e+00	9.039607742413464e-01	3472
1.120649161084969e+00	1.034401091935365e+00	3473
9.944897100415490e-01	1.143623368263383e+00	3474
8.355443015856702e-01	1.228832922018648e+00	3475
1.211544767591607e+00	-1.179088413879070e-01	3476
1.150012478329039e+00	-7.101535342763261e-02	3477
1.190376437671709e+00	-9.034248861500459e-02	3478
1.194728843600728e+00	1.163388998304030e-01	3479
-3.030161388737123e-01	-7.344865782931821e-01	3480
-2.606234716335684e-01	-8.218527497863503e-01	3481
3.941815890782785e-01	-1.436417379204323e+00	3482
1.047126039471792e+00	1.780380711536153e-02	3483
-4.299124728397306e-01	-4.101760712766579e-01	3484
1.018137305341405e+00	-1.334173683242051e+00	3485
-4.175405472247390e-01	4.540188936538396e-01	3486
1.014297756369785e+00	-3.788321482883860e-04	3487
1.136823999339515e+00	-5.392732243561455e-02	3488
2.178690650094910e-01	1.368041224207486e+00	3489
5.802850059512710e-01	1.432217336963604e+00	3490
3.874001845786422e-01	1.416350111566320e+00	3491
1.180008841561774e+00	9.061609485808909e-02	3492
1.062377999611436e+00	-2.259742645997953e-02	3493
-3.670897288665992e-01	7.651932118689363e-01	3494
-3.232415550203161e-01	-9.189102156514448e-01	3495
1.070863098968079e+00	3.707147244897056e-02	3496
6.070760104550363e-01	-1.450188680036097e+00	3497
1.258501666514236e+00	-1.083961956351715e+00	3498
1.024620703617876e+00	1.059941237835186e-02	3499
1.032288755747463e+00	1.466538775293358e-02	3500
1.319795978134276e+00	-9.634359878624335e-01	3501
-3.722713521610676e-01	1.956833164783852e-01	3502
1.139495627591885e+00	6.889702056984463e-02	3503
-4.078737549390778e-01	3.350504523780897e-01	3504
1.023175422815020e+00	-4.866766585668602e-03	3505
1.036324533781690e+00	-8.685191455218859e-03	3506
-3.401005138970908e-01	1.193329195748116e-01	3507
-4.088817631169648e-01	5.966283766674767e-01	3508
1.054838194285798e+00	-1.904068494485165e-02	3509
-3.861917691850265e-01	2.365850210551312e-01	3510
1.104715217384082e+00	5.352816358311507e-02	3511
-2.072186695630107e-01	-1.443321840100341e-03	3512
-3.794607668107334e-01	-1.910216367529408e-01	3513
1.036962924542596e+00	1.613594596631094e-02	3514
-2.240156658602271e-01	-2.992304694451244e-02	3515
1.287770354774857e+00	2.023713370584541e-01	3516
7.858449928302063e-01	1.401664148681645e+00	3517
-4.306384018388240e-01	-5.548119317755953e-01	3518
1.090240950909104e+00	-4.450886330914630e-02	3519
-4.330150995119170e-01	-4.809423384124444e-01	3520
-1.764287497973489e-01	1.088603151346973e+00	3521
-2.694632177216130e-01	-5.163402202346992e-02	3522
1.105696712555547e+00	-4.349365063949429e-02	3523
1.042885388059212e+00	-1.156574395101028e-02	3524
-7.958106826064500e-02	-1.222759462817054e+00	3525
-2.631442293197837e-01	9.791874118232492e-01	3526
-4.157216239628532e-01	5.234203764493489e-01	3527
-1.792273516810886e-01	-1.125816680759208e+00	3528
6.645660150767262e-02	1.293484694162128e+00	3529
-3.270597261281919e-01	8.658608239929549e-01	3530
1.016179124969445e+00	3.930515553273405e-03	3531
1.362316442844079e+00	-8.501911529348893e-01	3532
1.162272958900121e+00	-1.219177345929115e+00	3533
1.016451455929112e+00	-2.869599922446940e-03	3534
-3.932024353314853e-01	6.782563473151689e-01	3535
1.018812772913376e+00	6.415802315865317e-03	3536
1.247890784521266e+00	-1.177011017114313e-01	3537
-2.610428464214278e-01	-1.024242013660337e+00	3538
-4.106737320829999e-01	-2.903105485204965e-01	3539
4.578765981514336e-02	-1.310994644159185e+00	3540
2.042022363782557e-01	-1.386915233912142e+00	3541
1.019284323408415e+00	-5.163089333873520e-03	3542
-4.139324793522670e-01	3.923017308910145e-01	3543
-4.192509761264285e-01	-6.364759266919461e-01	3544
-6.556672633973151e-02	1.199447802839853e+00	3545
1.389348067141543e+00	-7.395103300821874e-01	3546
1.022406087546530e+00	9.420983435655750e-03	3547
1.032208507005196e+00	-7.305561497395338e-03	3548
1.028060500613673e+00	-6.066758620969516e-03	3549
1.401198673111236e+00	-6.441448431770540e-01	3550
1.404510501364706e+00	-5.564939737450824e-01	3551
1.074987595331148e+00	-3.425554508263640e-02	3552
8.236892275147807e-01	-1.417509786794366e+00	3553
1.014231958476850e+00	1.295285310662117e-03	3554
1.059302317446835e+00	2.662357854584291e-02	3555
1.397413120238943e+00	-4.684747123867153e-01	3556
-2.229765898254396e-01	3.633717999010510e-02	3557
-1.868704767171154e-01	2.160826085318680e-02	3558
-3.569211959450055e-01	1.560091061345167e-01	3559
-3.618340473321391e-01	-1.493068679526556e-01	3560
-2.662134959928602e-01	5.338451164128748e-02	3561
-3.439063153093428e-01	-1.129224898007103e-01	3562
-3.227018015230419e-01	8.557443729780047e-02	3563
-3.264984003755688e-01	-8.166588870066203e-02	3564
1.258537117821929e+00	1.561975095345483e-01	3565
1.276213839221436e+00	-1.560876878462747e-01	3566
1.332308086482599e+00	-2.520239863735760e-01	3567
1.305583107146498e+00	-2.024839522402999e-01	3568
1.316660118623224e+00	2.596890922785835e-01	3569
1.357402409283954e+00	-3.068564683788503e-01	3570
1.342945576846978e+00	3.259135623196329e-01	3571
1.380300630104308e+00	-3.803370651443382e-01	3572
1.363946859234162e+00	4.001156436497181e-01	3573
1.377041629028786e+00	4.829340169546509e-01	3574
1.381799228944545e+00	5.715892413474527e-01	3575
1.375157397168112e+00	6.695941451499980e-01	3576
1.356741145630474e+00	7.747227029860283e-01	3577
-3.983238119150761e-01	2.838308467327217e-01	3578
-3.965413652053729e-01	-2.381436471780423e-01	3579
-4.222915129135694e-01	-3.450248996910740e-01	3580
1.321115794721144e+00	8.921957338980171e-01	3581
1.256221531216572e+00	1.030561540907656e+00	3582
1.138522752817066e+00	1.183940783365460e+00	3583
9.834812431581743e-01	1.315968245029545e+00	3584
1.174729078996764e+00	-6.933331738818542e-02	3585
1.221702329623826e+00	-8.804835732920448e-02	3586
1.230537714646597e+00	1.181334666713683e-01	3587
-4.009161886076885e-01	-7.203266101608707e-01	3588
-3.678790812994114e-01	-8.184367825780453e-01	3589
1.042372399435979e+00	1.440508012470930e-02	3590
1.016140224335197e+00	2.354172525837712e-03	3591
7.226496576377797e-02	1.472000334451838e+00	3592
1.085228628772288e+00	4.133966815626813e-02	3593
1.186218420890094e+00	-1.397540665740263e+00	3594
1.026360406862997e+00	-2.353738149802489e-03	3595
4.876465911700761e-01	-1.614868267976160e+00	3596
-4.141150705658579e-01	-1.510984003421371e-01	3597
-3.044847132094696e-01	4.884117245952332e-02	3598
-3.682984302918412e-01	8.294254100047529e-02	3599
1.123475932600963e+00	-3.962402807015624e-02	3600
1.164942987900217e+00	6.873323371657233e-02	3601
7.077756856369855e-01	1.588338401099383e+00	3602
-2.163884858722608e-01	1.239189524835339e+00	3603
-4.854163001685054e-01	4.188926523149526e-01	3604
2.554286110653007e-01	-1.572010867812951e+00	3605
-4.711996292610646e-01	7.489133942517290e-01	3606
-5.096127914474291e-01	-5.192941692191287e-01	3607
1.159358815234190e+00	-5.077688579028108e-02	3608
-3.217838055024488e-01	-1.154798369087676e+00	3609
9.859809217081429e-01	-1.530225529423189e+00	3610
-5.027627921310641e-01	-4.413974760079998e-01	3611
-3.891742747811359e-01	1.185987284770219e-01	3612
1.071631430830905e+00	-2.501640246757595e-02	3613
-3.940603055921629e-01	-1.029901215880340e+00	3614
1.066984657443388e+00	3.177271520703497e-02	3615
-2.548008719461684e-01	-2.957724217807265e-02	3616
-4.914512744558162e-01	-3.689876464606507e-01	3617
1.289511011490697e+00	-1.164207421858452e-01	3618
1.305918053854744e+00	1.592464246967213e-01	3619
1.358583377017758e+00	-2.056225791485424e-01	3620
1.211862823358277e+00	9.073513476095921e-02	3621
1.378009362537756e+00	2.744478227433662e-01	3622
9.502408769278218e-01	1.512751877173452e+00	3623
1.053693481017254e+00	1.452343352039408e-02	3624
-4.922047877796792e-01	4.905064809914901e-01	3625
2.567746210539737e-01	1.551635427508930e+00	3626
4.692156279103021e-01	1.595365298607257e+00	3627
1.319463450290368e+00	-1.228866953708963e+00	3628
1.397676412836986e+00	-1.078558381554375e+00	3629
-4.093784220345327e-01	1.581377962561429e-01	3630
1.094838762445048e+00	4.303515275972224e-02	3631
-4.877703920695126e-01	6.539557087604946e-01	3632
1.061664589948677e+00	-1.419653380468856e-02	3633
1.055072340875068e+00	-1.151304753845393e-02	3634
1.125781766776792e+00	5.168465067584248e-02	3635
-2.372743417521168e-01	4.409099967282925e-03	3636
-4.282957089106363e-01	1.991357381050531e-01	3637
-4.362450369483735e-01	-1.963028325243625e-01	3638
1.036009562528653e+00	1.112863577506257e-02	3639
1.086563189694731e+00	-3.622056387105470e-02	3640
-4.434531427381822e-01	8.537552423115884e-01	3641
-2.539960773148711e-01	3.248383874969613e-02	3642
1.048557914764457e+00	-8.335717741488329e-03	3643
1.041533044279713e+00	-5.657487151177806e-03	3644
-2.258780045956658e-01	-1.271027447614778e+00	3645
-3.164273116797588e-01	1.110180144556797e+00	3646
-4.933775334266132e-01	5.674577550396910e-01	3647
-3.943543873683885e-01	9.783350744162590e-01	3648
1.018539538579803e+00	4.569696451734136e-03	3649
1.444927870211979e+00	-9.455531540340507e-01	3650
1.016286462617868e+00	-1.295884460123283e-03	3651
-4.571307270501022e-01	-2.489155412610747e-01	3652
-4.621730720523445e-01	2.981533897040795e-01	3653
-1.034867615406797e-01	-1.386824247731976e+00	3654
5.512486052969794e-02	-1.490345093415720e+00	3655
1.018862652256008e+00	-3.334614941775832e-03	3656
-5.081983146139526e-01	-6.061012958163563e-01	3657
-4.443070957227746e-01	-9.109373067618991e-01	3658
-8.513079808959949e-02	1.366163932712931e+00	3659
1.474119669781186e+00	-8.185719017076254e-01	3660
1.035599147744735e+00	-3.949076953182628e-03	3661
1.031953098989738e+00	1.008258422977368e-02	3662
1.031184542823591e+00	-3.102609598959371e-03	3663
1.028191639552319e+00	8.616929418761771e-03	3664
1.486349119405797e+00	-7.028747978308370e-01	3665
1.342125461814862e+00	2.116596584940963e-01	3666
1.485920082447234e+00	-6.032394580453410e-01	3667
1.097031999799726e+00	-3.190788199719245e-02	3668
7.396698109949883e-01	-1.605688868087071e+00	3669
1.016229196875432e+00	5.300953166183401e-04	3670
1.060451287222324e+00	1.840571124878240e-02	3671
-2.117053629696527e-01	1.727079479611936e-02	3672
-3.922130264129135e-01	-1.111058750557299e-01	3673
-3.065625653508445e-01	-4.793314550356632e-02	3674
-3.708697687009557e-01	-7.691045110213911e-02	3675
1.324349795637415e+00	-1.578592389158501e-01	3676
1.391489722534484e+00	-2.578014536052008e-01	3677
1.424152586524330e+00	-3.260657126658164e-01	3678
1.410701950674707e+00	3.475951933572299e-01	3679
1.454072262016646e+00	-4.114531690197984e-01	3680
1.436923950465465e+00	4.317917482593065e-01	3681
1.475933784821007e+00	-5.061964426400075e-01	3682
1.455117524974816e+00	5.239774586685070e-01	3683
1.462393835815156e+00	6.270714119090246e-01	3684
1.458300227920652e+00	7.391771474200063e-01	3685
-4.460362857293211e-01	2.460972107243771e-01	3686
-4.755843450279734e-01	-3.042520171917055e-01	3687
-4.763685042428732e-01	3.564744868820359e-01	3688
1.438485487096361e+00	8.645914958237068e-01	3689
1.392553481194003e+00	1.011232554300330e+00	3690
1.299072430321810e+00	1.186645856685492e+00	3691
1.171989559632624e+00	1.382710286325774e+00	3692
1.202583536440406e+00	-6.495909025170460e-02	3693
1.257120304356920e+00	-8.296065130767621e-02	3694
1.271343021476838e+00	1.180801811867899e-01	3695
-4.994401237857339e-01	-6.966967770076874e-01	3696
-4.789923291756361e-01	-7.997684211027867e-01	3697
1.022924084344551e+00	-1.287539725225168e-03	3698
-5.611623968249831e-01	8.286251720935159e-01	3699
1.248281530696516e+00	8.776222098543246e-02	3700
-2.691686206855562e-01	3.199862007912171e-03	3701
-5.346644711584642e-01	3.111078520570085e-01	3702
1.182772277693295e+00	-1.610979272164623e+00	3703
1.143688141537077e+00	-3.531919240031398e-02	3704
8.564731555726914e-02	-1.696281819701912e+00	3705
-4.203684887076301e-01	-6.916549591535620e-02	3706
-9.987649435002806e-02	1.557392380392606e+00	3707
1.067813517820324e+00	2.297122031565709e-02	3708
-2.872736587904772e-01	2.662114997659318e-02	3709
-3.771990527842242e-01	1.260264115394665e+00	3710
1.193773544866489e+00	6.677315545608638e-02	3711
1.418230175882885e+00	-2.041671913423817e-01	3712
6.186982301245906e-01	-1.802225681200797e+00	3713
-4.913468945179232e-01	2.017813347032242e-01	3714
-5.771184711798912e-01	5.274651837102253e-01	3715
-5.766824162328359e-01	7.181528626036204e-01	3716
-5.980042764395329e-01	-6.592899793896642e-01	3717
5.934001099712751e-01	1.783636800787291e+00	3718
3.355172257136798e-01	-1.776997718687980e+00	3719
-5.956387368976234e-01	-5.629684606384480e-01	3720
-5.697280930547628e-01	-3.928353324991014e-01	3721
-5.283611286074491e-01	9.589665045042072e-01	3722
1.018466230946970e+00	-3.212791959108916e-04	3723
1.035080062943224e+00	6.467592883001591e-03	3724
1.034137196889356e+00	4.857660398357535e-04	3725
1.029289069723116e+00	7.454742662045856e-04	3726
1.447984208070618e+00	2.878830237359906e-01	3727
-5.525499643016729e-01	3.769781336023160e-01	3728
1.336806903007220e+00	-1.117559274815090e-01	3729
-4.737683561639401e-01	-1.157347008723907e+00	3730
1.149452828404058e+00	1.600456525977192e+00	3731
8.845452140249174e-01	1.732061826314667e+00	3732
1.109508744777144e+00	3.933795200800674e-02	3733
-5.861083068955497e-01	-4.722316051571946e-01	3734
1.021596072878397e+00	-3.679426086406964e-03	3735
9.316581079073191e-02	1.675989741370657e+00	3736
1.070029249349201e+00	-1.779723464024358e-02	3737
-4.676862075573913e-01	1.557169269486761e-01	3738
-3.456894070277796e-01	4.733585911120768e-02	3739
-3.479348394559793e-01	-4.176367335046986e-02	3740
-2.879303514673819e-01	-2.310274441766541e-02	3741
-2.574680167430511e-01	1.412582201777050e+00	3742
-5.667529669547317e-01	4.470656150602361e-01	3743
-4.728005578553044e-01	-1.496160278442302e-01	3744
1.184030849863383e+00	-4.587658050196090e-02	3745
-5.317005499164533e-01	-1.016183919775790e+00	3746
9.171855087446638e-01	-1.749908618562795e+00	3747
-4.437244561327841e-01	1.151914857782527e-01	3748
1.047929865696588e+00	1.111583751307055e-02	3749
1.111670072818828e+00	-3.000218103714030e-02	3750
1.060663110191630e+00	1.035515260743418e-02	3751
3.247584118044060e-01	1.756444613628382e+00	3752
1.372004001534033e+00	-1.407130322288410e+00	3753
1.481560006859332e+00	-1.217367493316469e+00	3754
1.149338241306893e+00	4.993291702520657e-02	3755
1.061004097720327e+00	-6.257650978374583e-03	3756
1.082355213578375e+00	-2.583029054045722e-02	3757
1.054545175522077e+00	-4.253184330214739e-03	3758
1.041500112078688e+00	8.390918586290602e-03	3759
1.046961003216973e+00	-1.873782040209385e-03	3760
-3.870072360672013e-01	-1.304038757530014e+00	3761
-5.819417506949194e-01	6.164265948176179e-01	3762
-4.690221477439345e-01	1.111019998132563e+00	3763
1.021233147570139e+00	5.111982427307003e-03	3764
1.540083457884049e+00	-1.053946621211918e+00	3765
-5.254628337323615e-01	-2.560061869745806e-01	3766
-2.723599580511322e-01	-1.439945518734898e+00	3767
-1.174099214548782e-01	-1.577713354088606e+00	3768
1.570994804116259e+00	-9.074191431046560e-01	3769
1.039839215780720e+00	-2.806167500543652e-04	3770
1.031492615666000e+00	5.775130188131637e-03	3771
1.583646044583185e+00	-7.713693839177344e-01	3772
1.580281413070618e+00	-6.523969897613927e-01	3773
1.018392404277878e+00	1.541652435590447e-03	3774
-4.189635124391528e-01	7.670266178874506e-02	3775
-4.461432613160364e-01	-1.068934181458493e-01	3776
1.377720500576795e+00	-1.554961345440244e-01	3777
1.360341084131040e+00	1.611535049498926e-01	3778
1.459935857795289e+00	-2.666956440698444e-01	3779
1.404699550181959e+00	2.183797209681907e-01	3780
1.501768894394738e+00	-3.464901833943819e-01	3781
1.488323994226155e+00	3.704190213016281e-01	3782
1.538830868977514e+00	-4.415058770125340e-01	3783
1.521299189528039e+00	4.638389479276176e-01	3784
1.565167167696392e+00	-5.458196299464705e-01	3785
1.544188478118421e+00	5.702969589343465e-01	3786
1.556253707568347e+00	6.874603209640457e-01	3787
-5.135927701395128e-01	2.533536804462119e-01	3788
-5.002065184404684e-01	-2.005353001813424e-01	3789
-5.493881029859762e-01	-3.195170771739751e-01	3790
1.554004309218764e+00	8.194687003174932e-01	3791
1.528240199370195e+00	9.742335598316273e-01	3792
1.462579670228274e+00	1.162369252983663e+00	3793
1.360245626178578e+00	1.367099150091698e+00	3794
1.233793412904952e+00	-5.849406598435584e-02	3795
1.297483589664391e+00	-7.606966910029252e-02	3796
1.317911509256086e+00	1.148216817478583e-01	3797
-5.681314482616819e-01	-8.870472484422961e-01	3798
-5.902816066594224e-01	-7.668903071721306e-01	3799
-1.136016862106669e-01	-1.799783079458164e+00	3800
1.175400122468151e+00	4.654143208528918e-02	3801
-2.968664365976428e-01	1.613023686183898e+00	3802
-4.755905194760421e-01	-5.848485218853521e-02	3803
-6.325354149257482e-01	-3.349242166058745e-01	3804
1.131680395628833e+00	3.410495684509718e-02	3805
1.166025845611577e+00	-2.922659068092582e-02	3806
-5.472280298599238e-01	1.261440899738145e+00	3807
-6.742383242144604e-01	5.665352067211730e-01	3808
-6.792815604725742e-01	7.886087673790111e-01	3809
1.025490375193835e+00	1.275618986205576e-03	3810
1.269283530674609e+00	-4.878472273142047e-02	3811
7.751649961184336e-01	1.967641658892715e+00	3812
-3.943707755973465e-01	-3.588590954321284e-02	3813
1.078714964841301e+00	2.895543205186870e-02	3814
1.128371379742178e+00	-2.288316580048908e-02	3815
1.068398539863526e+00	1.419893924720015e-02	3816
4.370907237977073e-01	1.979805493685985e+00	3817
1.052529784328625e+00	2.741375930722437e-03	3818
-6.713324507244068e-01	-9.841997325865204e-01	3819
1.459760586513141e-01	-1.929029835161008e+00	3820
1.045711871481921e+00	4.351643896155125e-03	3821
1.020402248745981e+00	2.338636724309299e-03	3822
-3.871477404176822e-01	2.976438459508870e-03	3823
-3.238742022219539e-01	1.577094406232765e-02	3824
1.528812584614449e+00	3.004010867085774e-01	3825
1.280738966625965e+00	1.537926055335668e+00	3826
1.211471380647376e+00	-3.785092450604740e-02	3827
-6.945372697480426e-01	-6.075158848979280e-01	3828
-6.306233417546322e-01	-1.137307548295651e+00	3829
-6.627636413091390e-01	9.232025487303528e-01	3830
1.486918414592084e+00	-2.032125506502605e-01	3831
-6.926393887439014e-01	-8.464065862408757e-01	3832
1.143143409127815e+00	-1.859546135615646e+00	3833
-1.029518507034669e-01	1.777866076678017e+00	3834
1.099212430353232e+00	2.928215399388223e-02	3835
-4.427995598765538e-01	1.434603221963153e+00	3836
1.225839829411653e+00	6.263915258585434e-02	3837
4.561328923319109e-01	-1.999526106927997e+00	3838
-6.805457784412952e-01	-5.070271116677184e-01	3839
-6.233612831347212e-01	1.083322094446275e+00	3840
1.024713337785388e+00	6.472423143812998e-03	3841
1.027525065165263e+00	4.519373835528206e-03	3842
1.289395444567790e+00	8.228738047165890e-02	3843
1.389442025265829e+00	-1.032472512875893e-01	3844
-7.004506346953074e-01	-7.193785564829084e-01	3845
1.106133847056032e+00	1.847952868236865e+00	3846
-6.585042471208603e-01	4.757883301829253e-01	3847
1.020716800774892e+00	-1.342896020877388e-04	3848
1.417949587922278e-01	1.907630630682682e+00	3849
1.069019896232941e+00	-9.130119916745057e-03	3850
-3.910017843892301e-01	3.864426899409846e-02	3851
-3.147315209333738e-01	-1.004072033222291e-02	3852
-6.589060683654997e-01	-4.147451942081704e-01	3853
-6.392436212388072e-01	3.955694193672287e-01	3854
-5.330273835132290e-01	1.508279034050224e-01	3855
-5.388992394504628e-01	-1.460346584723231e-01	3856
8.028508604986202e-01	-1.986185322982919e+00	3857
-5.038785345436395e-01	1.064959685250293e-01	3858
-4.752231448478325e-01	6.715953713697430e-02	3859
1.102609187772667e+00	-1.871160676040368e-02	3860
1.093818153555410e+00	-1.871518209795435e-02	3861
1.053933476706038e+00	7.088540948781595e-03	3862
1.406102886125482e+00	-1.628753359211164e+00	3863
1.563222265853556e+00	-1.390754995113644e+00	3864
1.079740197212396e+00	-1.950147366840298e-02	3865
1.059788151501077e+00	1.371405508990720e-03	3866
-5.608182890856600e-01	-1.305609272472388e+00	3867
-6.821965873527445e-01	6.722860715852225e-01	3868
1.646022857880008e+00	-1.183740681937674e+00	3869
-5.713817778192767e-01	-2.007478519542750e-01	3870
-5.896479993386704e-01	2.579587042064994e-01	3871
-4.545294107030667e-01	-1.474855448936117e+00	3872
-3.130335451204858e-01	-1.638453864271604e+00	3873
1.682914196143942e+00	-1.007250934224120e+00	3874
1.694443880750640e+00	-8.500124842248339e-01	3875
1.688643108267623e+00	-7.085910106243682e-01	3876
-5.061674246443368e-01	-9.838041861757170e-02	3877
1.475865239563512e+00	2.231793495982084e-01	3878
1.539476328595049e+00	-2.755298495195330e-01	3879
1.422693578470132e+00	1.595336291408983e-01	3880
1.436931951764880e+00	-1.470854207868701e-01	3881
1.591028033780194e+00	-3.660952608439247e-01	3882
1.577693023710695e+00	3.922693656890179e-01	3883
1.635069098273410e+00	-4.724325434128137e-01	3884
1.617661022074796e+00	4.996424785350478e-01	3885
1.667944332384549e+00	-5.853469617818770e-01	3886
1.647601293359307e+00	6.196966353222251e-01	3887
-5.617890988833635e-01	2.015686542948463e-01	3888
-6.028797824190214e-01	-2.621501545308920e-01	3889
-6.160307401630516e-01	3.239972329732551e-01	3890
1.664677941184821e+00	7.562138236351341e-01	3891
1.660855349288729e+00	9.177272388917644e-01	3892
1.624007176776278e+00	1.114285639595405e+00	3893
1.548085063088535e+00	1.334419288075809e+00	3894
1.342981545615777e+00	-6.515593311318832e-02	3895
1.371246749194973e+00	1.094310724536857e-01	3896
-5.106158438958166e-01	1.638347305437886e+00	3897
-7.846635136422557e-01	6.110176614423625e-01	3898
1.076904550765506e+00	1.908943274689631e-02	3899
-7.773196227612361e-01	1.035880752368477e+00	3900
1.113666309241087e+00	2.495478043761861e-02	3901
-4.403343007853820e-01	-1.572710680049767e-02	3902
1.278024156900782e+00	-1.796210670074885e+00	3903
1.204362759844549e+00	4.080591076925304e-02	3904
1.294237897657920e+00	1.735531053891163e+00	3905
1.023392364958645e+00	1.887085526790182e-03	3906
1.566459460342194e+00	-2.003159663243911e-01	3907
1.262153601791479e+00	5.474574738851668e-02	3908
-3.404772129356736e-01	-1.872434598342850e+00	3909
1.148109678589191e+00	-1.579028501126288e-02	3910
-7.289774656753379e-01	1.233164215120082e+00	3911
1.051909334923683e+00	-2.139833841025329e+00	3912
2.342236502446767e-01	2.166221114322484e+00	3913
-5.358808681636673e-01	-4.329384500894475e-02	3914
1.812177938588691e+00	-7.740858759489661e-01	3915
-7.077452897242599e-01	3.333821079956541e-01	3916
1.621608566690330e+00	3.109194665862234e-01	3917
-8.074782989221879e-01	-6.563105103120973e-01	3918
1.117430278147118e+00	-1.615985086590982e-02	3919
1.809781110057976e+00	-1.125538854018800e+00	3920
-7.961908137716168e-01	8.708887858435748e-01	3921
-4.415899033392209e-01	2.565266788610192e-02	3922
-6.750375889458839e-01	2.616756985993842e-01	3923
2.478339083007510e-01	-2.187069147461941e+00	3924
1.336654148209053e+00	7.286196787542600e-02	3925
1.504555829240564e+00	-1.368508183544980e-01	3926
-6.058028067998935e-01	1.425972140481306e-01	3927
1.478948604114027e+00	1.520362193682153e+00	3928
1.242149289932738e+00	-2.726706850307958e-02	3929
1.493626702434056e+00	1.552839219409678e-01	3930
-3.287703909496595e-01	1.846197795500596e+00	3931
-7.874788012567601e-01	-5.421515114117982e-01	3932
1.156193215603665e+00	2.939909114170300e-02	3933
-6.370881111692513e-01	1.433124899621267e+00	3934
1.018263628820367e+00	2.125728396015822e+00	3935
6.136541069555403e-01	2.209257409981041e+00	3936
-8.109418993599729e-01	-9.336404394876555e-01	3937
-8.202396016927807e-02	-2.055933878973303e+00	3938
1.190195821515717e+00	-2.116121873637146e-02	3939
-7.890052771613492e-01	-1.095605910431533e+00	3940
1.309174966701887e+00	-3.643571706730171e-02	3941
-8.164818882039282e-01	-7.888217566763152e-01	3942
-8.190612207215646e-02	2.032455818446497e+00	3943
1.089273990100464e+00	1.855567940316052e-02	3944
-7.631231929462687e-01	5.040278165680433e-01	3945
1.067732057503671e+00	-8.380981776671000e-04	3946
-7.602735936178598e-01	-4.384845206769318e-01	3947
-7.385482695002172e-01	4.137348002944870e-01	3948
-7.266709903135165e-01	-3.470107893603514e-01	3949
6.362820876096993e-01	-2.228171780498390e+00	3950
-5.707715273391514e-01	9.373158753278343e-02	3951
-5.360656371337009e-01	5.234163508910399e-02	3952
1.067952565973150e+00	5.166070356787820e-03	3953
1.635869085507066e+00	-1.609364636534952e+00	3954
1.078280138077785e+00	-1.253061147371344e-02	3955
-7.404956046197159e-01	-1.279350206764810e+00	3956
-7.962288716917207e-01	7.329463882011418e-01	3957
1.756138222730187e+00	-1.347568431280139e+00	3958
-6.514049418078591e-01	-1.975258114437431e-01	3959
-6.557966673544822e-01	-1.480776831902597e+00	3960
-5.240225147040289e-01	-1.675082415370441e+00	3961
1.822410183320553e+00	-9.381351472513653e-01	3962
-5.733984217636151e-01	-8.642894737509538e-02	3963
1.631107461402535e+00	-2.829926684658512e-01	3964
1.557750204124482e+00	2.247836945058335e-01	3965
1.447213174683258e+00	-8.795891632225558e-02	3966
1.692647704484871e+00	-3.860127498025423e-01	3967
1.679860324927404e+00	4.162517499218338e-01	3968
1.745265938508165e+00	-5.013145886131094e-01	3969
1.729145813267834e+00	5.364786432352970e-01	3970
1.785964881324232e+00	-6.286118698184765e-01	3971
-6.405903642219808e-01	1.972617627900445e-01	3972
-6.123605728354607e-01	-1.385341525626724e-01	3973
-6.900172147077408e-01	-2.680625557364181e-01	3974
1.767178899538713e+00	6.749542057199253e-01	3975
1.787157555648362e+00	8.408216505427974e-01	3976
1.779991160386238e+00	1.042813209808713e+00	3977
1.734715186830863e+00	1.276823588402035e+00	3978
1.393753851405495e+00	-5.030084257480445e-02	3979
1.431982224609184e+00	9.954540753704079e-02	3980
-7.348514448193424e-01	1.634257691319561e+00	3981
-8.397700355701829e-01	1.404350390684360e+00	3982
-9.049314920448558e-01	1.171172971629123e+00	3983
-3.444412908657644e-01	-2.147138853707105e+00	3984
1.289258939444568e+00	2.013086995264620e+00	3985
1.140946267148929e+00	1.544213412967660e-02	3986
-5.758529649530900e-01	1.878051048676347e+00	3987
1.130527060184576e+00	-7.020734450439067e-03	3988
-4.958532800707868e-01	7.344538486011741e-04	3989
1.948238882097131e+00	-1.276195118083560e+00	3990
1.390120077739776e+00	6.036937320076568e-02	3991
1.216816079457351e+00	-9.454940230214141e-03	3992
-8.490898233327394e-01	4.316390295527062e-01	3993
1.182667818364824e+00	2.262238682524845e-02	3994
1.169843010002313e+00	-6.741956306868632e-03	3995
1.276816479524996e+00	-1.271440504921904e-02	3996
-7.289161105847303e-01	1.908888565317896e-01	3997
-9.095224623301804e-01	-5.782923127524691e-01	3998
3.939339891056561e-01	2.443512603587553e+00	3999
-1.961194645108057e-02	2.323489392681113e+00	4000
1.968830299418697e+00	-1.041801268889374e+00	4001
1.076598848650892e+00	-1.767580061084408e-03	4002
-9.613074997151822e-03	-2.346741117455377e+00	4003
1.518119310106151e+00	-1.825384564736215e+00	4004
-5.867015405810959e-01	-1.914027687346720e+00	4005
8.963270555643579e-01	-2.438614596665470e+00	4006
1.735888989016795e+00	-2.899899576132662e-01	4007
-6.023118247416144e-01	-2.239557960885704e-02	4008
1.658184780728957e+00	-1.948609170122244e-01	4009
1.102923415819323e+00	1.567371271440389e-02	4010
1.107681662576974e+00	-4.945417348195089e-03	4011
1.236177386896530e+00	3.239351229564565e-02	4012
1.079869931960218e+00	9.059540174903527e-03	4013
1.303140060943433e+00	4.372634314416477e-02	4014
1.129600020439345e+00	1.634092029366923e-02	4015
1.954820332819521e+00	-8.472357018862928e-01	4016
-9.359281795594253e-01	-7.127032386678860e-01	4017
1.727821893002108e+00	3.219303926712188e-01	4018
-9.289161373971627e-01	9.691334237504776e-01	4019
-9.095214365701447e-01	6.601934828325632e-01	4020
-8.745499715270326e-01	-4.626785737799360e-01	4021
1.353621324367490e+00	-1.938881592966160e-02	4022
1.512557139020805e+00	-6.902425852845237e-02	4023
-8.335014823801660e-01	-3.584963349878886e-01	4024
-8.112878566839902e-01	3.393097262822521e-01	4025
1.533028229738749e+00	1.754963536213899e+00	4026
1.651697088402158e+00	2.229352165918168e-01	4027
-3.418862076305534e-01	2.119111303592608e+00	4028
-8.822203932794207e-01	5.352555031079703e-01	4029
8.675704915797320e-01	2.423042850968431e+00	4030
-9.485677350324979e-01	-8.648495905820692e-01	4031
-9.463664979283007e-01	-1.032687131427224e+00	4032
-6.029239614642605e-01	3.094424653837022e-02	4033
4.123433970443652e-01	-2.463554158626756e+00	4034
-6.444331857586472e-01	7.732290563406845e-02	4035
-9.213775158313801e-01	-1.226777052838113e+00	4036
-9.268628421083547e-01	8.014780095186351e-01	4037
1.866693478112316e+00	-1.556623195816069e+00	4038
-7.881008377914512e-01	-2.694137709585468e-01	4039
-8.623619609642350e-01	-1.446706699082552e+00	4040
-7.541196315478285e-01	-1.686607064997236e+00	4041
-6.942371540387371e-01	-1.258052280976787e-01	4042
1.574674670443673e+00	1.459498179544437e-01	4043
1.582285664331085e+00	-1.225872117434654e-01	4044
1.685078195659124e+00	1.479437566264891e+00	4045
1.808603388191682e+00	-4.024506447179516e-01	4046
1.797619688076463e+00	4.391334625002858e-01	4047
1.871475371338986e+00	-5.308307044433108e-01	4048
-6.475260146297990e-01	-7.072843356032463e-02	4049
-6.866302104158761e-01	1.290104396748241e-01	4050
-7.418530410646099e-01	-1.928345962096251e-01	4051
-7.708146784794971e-01	2.607841507219364e-01	4052
1.857967338424922e+00	5.764769687600455e-01	4053
1.920700540221015e+00	-6.791701084597656e-01	4054
1.903425867638751e+00	7.435776944616366e-01	4055
1.926973398232288e+00	9.478662762179356e-01	4056
1.916084289916993e+00	1.191596747045149e+00	4057
1.449010565240622e+00	-2.825803908609765e-02	4058
1.501094941349421e+00	8.615833410978144e-02	4059
1.214326520975892e+00	2.348044556783389e+00	4060
1.246428489669897e+00	5.234595686553952e-03	4061
-1.081228171601942e+00	-7.757094047606721e-01	4062
-8.361791100833347e-01	1.873182245518785e+00	4063
6.421375830706956e-01	2.721421546334675e+00	4064
1.369577124846119e+00	-2.024313517567402e+00	4065
-6.288642086946076e-01	2.162394697555226e+00	4066
1.160927908254314e+00	9.173200073930261e-03	4067
1.214362648622531e+00	-2.409837271062974e+00	4068
1.315476359165484e+00	4.937422579242493e-03	4069
1.271820220955691e+00	1.956869784148464e-02	4070
1.211455616467184e+00	1.326732444887489e-02	4071
-6.364149443171107e-01	-2.203963430683185e+00	4072
1.776904707128389e+00	-1.800270370627169e+00	4073
1.451206465183118e+00	4.229662026371778e-02	4074
-1.078638360875494e+00	1.088658199683680e+00	4075
1.349977219882339e+00	2.786864882857060e-02	4076
1.146499880021625e+00	3.237683083803153e-03	4077
-9.747538221326902e-01	4.480025714407508e-01	4078
1.572637391752607e+00	2.037969471019639e+00	4079
-6.760805120025876e-01	3.465141071910118e-03	4080
-8.530807696965403e-01	-1.931707552582503e+00	4081
1.402013781142773e+00	2.322748631266440e-03	4082
1.667370702944685e+00	1.314067375366656e-01	4083
1.849782327361498e+00	3.297327708711780e-01	4084
-9.278413999912425e-01	3.448971139314968e-01	4085
-9.662410370470175e-01	1.600096010901508e+00	4086
-1.044282464230613e+00	1.334981836577532e+00	4087
-1.052443308346304e+00	7.137753475873150e-01	4088
1.759586849376882e+00	2.198370440748690e-01	4089
2.094173951149969e+00	-1.470449947492542e+00	4090
1.671864700208850e+00	-1.041644434636761e-01	4091
1.193161127350498e+00	4.440110427481998e-03	4092
-9.538862060297466e-01	-3.700021461866416e-01	4093
-1.048648329217865e+00	-6.193237340321622e-01	4094
1.082150809375059e-01	2.651608146924655e+00	4095
2.133344808050334e+00	-1.174037157024890e+00	4096
1.086975367854863e+00	-5.786462590050750e-03	4097
-3.129662497394451e-01	-2.469194371716190e+00	4098
1.240483170484809e-01	-2.672882928532835e+00	4099
6.665727090158463e-01	-2.738487959618051e+00	4100
1.117082753041385e+00	1.030869467726462e-02	4101
1.092980400624796e+00	6.368779701939683e-03	4102
2.118883903950502e+00	-9.328886632635661e-01	4103
1.893011995930370e+00	1.407700624036556e+00	4104
1.763571365973737e+00	-1.877799749212659e-01	4105
-8.989579080476535e-01	-2.678273613203536e-01	4106
-3.222982771795267e-01	2.442649330323091e+00	4107
-1.016730509822074e+00	5.707172251742076e-01	4108
-1.004421619224708e+00	-4.851702776697032e-01	4109
-1.075959633995439e+00	8.828805803916124e-01	4110
-1.100239762798445e+00	-9.490786624391624e-01	4111
-1.100037298732717e+00	-1.149164220208333e+00	4112
-7.771818337032186e-01	1.118264939836468e-01	4113
-8.780266747582021e-01	2.546344409990478e-01	4114
-1.069729975602736e+00	-1.382178969701285e+00	4115
-9.978984818830641e-01	-1.649456311758243e+00	4116
1.586827458463877e+00	-4.408765765708368e-02	4117
1.784462533372170e+00	1.715299245562885e+00	4118
1.855270091551620e+00	-2.922042899222747e-01	4119
1.941057243812040e+00	-4.168601571862823e-01	4120
-7.294687369482934e-01	-4.763453717275358e-02	4121
-7.255126345601421e-01	5.359026352960902e-02	4122
-7.865035128622012e-01	-1.096754090714971e-01	4123
-8.427556628533700e-01	-1.830510626302608e-01	4124
-8.275374354366817e-01	1.786339482793768e-01	4125
1.933435412332137e+00	4.623653639257869e-01	4126
2.015669110372555e+00	-5.650538420403707e-01	4127
2.005688269838142e+00	6.269380506584586e-01	4128
2.076152246582049e+00	-7.348156563677661e-01	4129
2.060946696430153e+00	8.298534370899368e-01	4130
2.087216919587274e+00	1.078112975721438e+00	4131
1.510892254320335e+00	-1.237440572844011e-03	4132
1.579533750624742e+00	6.616403946723785e-02	4133
-6.605640189228535e-01	2.503257097051752e+00	4134
1.872005594814265e+00	2.004858116441317e+00	4135
2.242809291246475e+00	9.370544994724366e-01	4136
-1.245622049487354e+00	9.827791960297066e-01	4137
-1.244139055479064e+00	1.236369278365113e+00	4138
-1.215932871872008e+00	7.765038249117057e-01	4139
1.991406867940613e+00	-2.900322620602739e-01	4140
-1.205910288867271e+00	-6.666309355481224e-01	4141
-1.090094298396485e+00	-3.775586311563586e-01	4142
-1.247727695176864e+00	-8.435200349378114e-01	4143
3.334775587807347e-01	2.998449292170101e+00	4144
1.883196842565889e+00	2.116001526954199e-01	4145
1.051262403770149e+00	-2.741536240782890e+00	4146
3.543273712054860e-01	-3.017062107903695e+00	4147
1.990036774473883e+00	3.350394757046112e-01	4148
-9.986757204659545e-01	2.462127636767997e-01	4149
-9.330423431374978e-01	2.160312725599322e+00	4150
-1.131813665554316e+00	-1.893564423272478e+00	4151
-1.103921844283297e+00	1.832174272302404e+00	4152
1.645557563386569e+00	-2.048351408668575e+00	4153
-9.437559722204086e-01	-2.222704549520615e+00	4154
1.883536267992038e+00	-1.744935604788219e-01	4155
2.095584772116759e+00	1.302597254061877e+00	4156
2.089909548199321e+00	4.927748009025310e-01	4157
1.047508547818923e+00	2.710895036255819e+00	4158
1.523907956196771e+00	-2.306626017908778e+00	4159
1.411202112270105e+00	2.266094506549977e+00	4160
-1.024501301837076e+00	-2.649138371081193e-01	4161
-1.200898478411507e+00	1.524136043976527e+00	4162
2.038767468504640e+00	-1.733167433167710e+00	4163
-1.059339759629769e+00	3.466012053538136e-01	4164
-1.152364201756390e+00	-5.093204049470030e-01	4165
-1.170329125619846e+00	6.076590473344440e-01	4166
2.312825048900642e+00	-1.348288295952485e+00	4167
-6.509051803484205e-01	-2.546687875025961e+00	4168
-2.221956886949969e-01	-2.838183596940658e+00	4169
2.306396274006317e+00	-1.042326208227066e+00	4170
1.774236398943319e+00	1.134955019029532e-01	4171
1.775218758772938e+00	-8.272469506048467e-02	4172
-2.377290706237848e-01	2.813635283005151e+00	4173
-1.117705668001954e+00	4.669223327622836e-01	4174
-1.273350640025684e+00	-1.047413572913378e+00	4175
-8.176478056161139e-01	-2.268055708565200e-03	4176
-1.273712789707645e+00	-1.288052891448883e+00	4177
-1.236662375788487e+00	-1.567722164724997e+00	4178
1.662197049487371e+00	1.382689728728723e-02	4179
-9.560777034199720e-01	-1.677235921011478e-01	4180
-9.373682712531760e-01	1.597201886506455e-01	4181
-8.885485711404587e-01	-8.851222606563526e-02	4182
-8.768665669935417e-01	8.821000840737719e-02	4183
2.092512869463570e+00	-4.332122124962222e-01	4184
2.033816547943321e+00	1.631569018214878e+00	4185
2.181736861300590e+00	-6.012525237913379e-01	4186
2.177590867962559e+00	6.900409510419314e-01	4187
2.255418179228590e+00	-7.994744706603205e-01	4188
1.725057438376338e+00	2.285807700516244e+00	4189
-1.165399106513746e+00	-2.569125869405285e-01	4190
-1.438163543382803e+00	-9.213101403124936e-01	4191
6.810516763367773e-02	3.020363319119925e+00	4192
2.274137591666046e+00	1.507423054657728e+00	4193
-1.020417351408753e+00	2.507891553841724e+00	4194
-1.084419703323787e+00	-1.487600765496076e-01	4195
2.024844791479224e+00	1.981109010803298e-01	4196
7.938145727843566e-01	-3.093430506431022e+00	4197
1.818458977774293e+00	-2.285547407490824e+00	4198
-1.435324222131097e+00	1.109634950840864e+00	4199
9.149549373108147e-02	-3.041030714403693e+00	4200
1.423755335506349e+00	-2.660190342168468e+00	4201
2.019532960601366e+00	-1.553400233279268e-01	4202
-6.347288614548915e-01	2.909627175251649e+00	4203
7.798581466549585e-01	3.073416230302892e+00	4204
2.462313943167469e+00	-8.824991090135724e-01	4205
-1.208703193847011e+00	3.476171746225242e-01	4206
-1.134300524379533e+00	2.319413253600932e-01	4207
2.152178021524579e+00	3.439044252557554e-01	4208
2.285690207228205e+00	1.163965394466470e+00	4209
-1.431065471412207e+00	1.410470769799117e+00	4210
-1.346039554582119e+00	6.499292561102630e-01	4211
2.147282704824633e+00	-2.869782720016973e-01	4212
-1.385585124305542e+00	-7.158894593711722e-01	4213
-1.402963449145815e+00	8.539395078625960e-01	4214
-1.059881037305193e+00	1.370042951207964e-01	4215
-1.254634550447793e+00	2.117856999975519e+00	4216
1.941532244111702e+00	-2.014146780757974e+00	4217
-1.267983080421816e+00	-2.186381414994671e+00	4218
1.869009523962825e+00	1.418226732903006e-02	4219
1.892432808621606e+00	-5.332275425549769e-02	4220
2.373368716017128e+00	-6.425194671458510e-01	4221
-1.374742775880619e+00	1.746974992374901e+00	4222
-1.320806741680222e+00	-5.382139664219644e-01	4223
2.296810352645046e+00	-1.625218607789430e+00	4224
-1.013155063175688e+00	-2.575618108798023e+00	4225
-6.151464842377361e-01	-2.949211264500204e+00	4226
2.516364921776053e+00	-1.190698312471717e+00	4227
1.896700313020321e+00	8.886280962108092e-02	4228
-1.279640528512345e+00	4.857312148318164e-01	4229
-1.244863495898693e+00	-3.835412891799475e-01	4230
-1.420302736712521e+00	-1.803571280629729e+00	4231
-1.470327111392163e+00	-1.165341371467663e+00	4232
-1.470293145302663e+00	-1.453926317256884e+00	4233
-1.002303924780828e+00	-5.869765474981980e-02	4234
-9.871579766526020e-01	5.555782135492521e-02	4235
-9.281196792585493e-01	2.633349403791029e-03	4236
2.266550392346479e+00	-4.482122359278487e-01	4237
2.272505394140032e+00	5.307117432085282e-01	4238
2.377480598780095e+00	7.702885985813188e-01	4239
1.688226226567668e+00	-2.574492833738870e+00	4240
2.033407150478563e+00	2.269426363712407e+00	4241
4.969857404702127e-01	3.386628510173107e+00	4242
-1.324776461914283e+00	-2.436594130925216e-01	4243
-1.600212401377068e+00	-2.093809019182088e+00	4244
5.100429974594570e-01	-3.405272789111542e+00	4245
1.185535217078802e+00	3.094983909469354e+00	4246
-1.650937246865152e+00	1.261870704096374e+00	4247
-2.877286673059991e-01	-3.219425347535076e+00	4248
2.698528889532791e+00	-9.996567827522513e-01	4249
-1.655814808042489e+00	-1.014721459037323e+00	4250
1.251830448592958e+00	-3.065533548901535e+00	4251
1.552124231378079e+00	2.549115807829406e+00	4252
2.543364187482200e+00	-1.475164341988768e+00	4253
-1.547595495476189e+00	7.025715415700423e-01	4254
-1.511515140490423e+00	-5.676879309471650e-01	4255
2.217213187374012e+00	1.844698015131712e+00	4256
-1.615785315523500e+00	9.556876243674819e-01	4257
-3.165794734458258e-01	3.192257933677324e+00	4258
2.124443577984997e+00	-2.259593949664320e+00	4259
-1.640858173678347e+00	1.617228197365087e+00	4260
-1.392743219792243e+00	2.464467036933147e+00	4261
-8.381451953867283e-01	2.810961119388920e+00	4262
2.240458916586008e+00	-1.928592821480750e+00	4263
-1.421538147005286e+00	-3.911968923163227e-01	4264
-1.464708118085478e+00	5.054121247922890e-01	4265
-1.287928489059297e+00	2.138893020361825e-01	4266
-1.227654825850087e+00	-1.243917401801024e-01	4267
2.467278061270804e+00	-4.640680476176940e-01	4268
2.341470883700590e+00	3.552286240085204e-01	4269
2.594165361135485e+00	-6.968517603913308e-01	4270
2.498537090355589e+00	1.343920646902516e+00	4271
2.189176045617725e+00	1.842633355153943e-01	4272
2.176173739666154e+00	-1.308929325564883e-01	4273
-1.591037781886382e+00	-7.709260494583325e-01	4274
-1.196845867887048e+00	1.052391309127348e-01	4275
-1.120204726075318e+00	-3.966893165735122e-03	4276
2.031151258751972e+00	1.983289492399709e-02	4277
-1.568642148509662e+00	2.013376364576430e+00	4278
-1.394644263067330e+00	-2.543564574108520e+00	4279
-1.042010406682157e+00	-3.000163263236220e+00	4280
-1.377511673551896e+00	3.471693310339021e-01	4281
-1.689196268968989e+00	-1.660805695437710e+00	4282
-1.694428241081009e+00	-1.307326666948775e+00	4283
2.325988944820931e+00	-2.791780852738055e-01	4284
2.485986511432412e+00	5.808816597480647e-01	4285
2.456431542292834e+00	9.931813732872128e-01	4286
9.868253810396315e-01	-3.471509886557933e+00	4287
1.887578323495414e+00	2.570111902721056e+00	4288
2.119281569624712e-02	3.435408161425568e+00	4289
-1.876561722909605e+00	1.863346692813588e+00	4290
1.649799419974639e+00	-2.914000034880216e+00	4291
-1.856678121340420e+00	1.081683711643744e+00	4292
-1.826355489748235e+00	-8.368952045792385e-01	4293
2.006725355525255e+00	-2.554732247907268e+00	4294
-7.321555149667431e-01	-3.342325413141601e+00	4295
5.843405812438488e-02	-3.455738679566419e+00	4296
-1.351810204959134e+00	6.678981701909721e-02	4297
2.377224903088479e+00	2.167130277100183e+00	4298
2.531940661389032e+00	-2.678925021659058e-01	4299
2.507696649738925e+00	1.667459690377831e+00	4300
-1.923721511712991e+00	-1.931538146178355e+00	4301
-1.493812759701985e+00	-2.980187480517684e+00	4302
-1.569565837606538e+00	3.432808903794680e-01	4303
2.380941988084713e+00	1.681845870612673e-01	4304
2.770569410271637e+00	-1.284114992647665e+00	4305
-1.895045249264087e+00	1.445123459378809e+00	4306
9.387451830634224e-01	3.465910262386072e+00	4307
2.355608445533419e+00	-9.888513606127061e-02	4308
-1.904551526539984e+00	-1.128482453764900e+00	4309
1.408770197646027e+00	2.797157957522554e+00	4310
-1.225863589211119e+00	2.814019338041220e+00	4311
2.446212872729072e+00	-2.185801192473753e+00	4312
2.533351785834363e+00	-1.794189730181628e+00	4313
-1.677320411306794e+00	5.307964990607725e-01	4314
-1.621529130081388e+00	-3.987379546248117e-01	4315
-1.460842342206511e+00	1.931937172638995e-01	4316
-1.506653826013485e+00	-2.283095821285011e-01	4317
-1.388982660152527e+00	-9.079465335371184e-02	4318
2.851802086212472e+00	-7.771803536821399e-01	4319
2.563450134491216e+00	3.731381190855485e-01	4320
2.698991440098812e+00	-4.884835997893051e-01	4321
-1.729182282728544e+00	-5.978866949999871e-01	4322
-1.779236977206950e+00	7.745503135403071e-01	4323
-1.768529331704346e+00	2.349450576985974e+00	4324
-1.784986973013947e+00	-2.446607676348335e+00	4325
-1.947853660586439e+00	-1.485203565597313e+00	4326
-1.266849535871609e+00	-2.697587381321832e-02	4327
2.601153687141002e+00	7.929876388506347e-01	4328
2.699697210087182e+00	1.142659727606173e+00	4329
6.898640572975956e-01	-3.835529700212252e+00	4330
3.282039807035408e-01	-3.825012135459140e+00	4331
-3.715464168282473e-01	3.624172128330845e+00	4332
1.500857137824469e+00	-3.390775530901155e+00	4333
2.971279988925295e+00	-5.289292131569294e-01	4334
-2.134795572933835e+00	2.173938279992782e+00	4335
2.981690271534309e-01	3.806092623791313e+00	4336
6.466798722743249e-01	3.821457511778438e+00	4337
-1.646872245116564e+00	2.753609774744378e+00	4338
-1.958038953381846e+00	-2.883221823033031e+00	4339
-1.549004463121233e+00	-1.387420611025413e-02	4340
-2.171057178649925e+00	1.665113910145051e+00	4341
2.261903430175227e+00	2.528104311650694e+00	4342
-7.123092584695264e-01	3.316029539582244e+00	4343
2.349339147208579e+00	-2.518490621170414e+00	4344
-1.224676001352064e+00	-3.392190984240432e+00	4345
1.701666240980709e+00	2.868910459854435e+00	4346
-1.030619729981395e+00	3.157666995121055e+00	4347
-3.689924250315613e-01	-3.650358670824941e+00	4348
2.970956130455185e+00	-1.053885473475259e+00	4349
-1.923075344142506e+00	5.696792886607791e-01	4350
-2.042796660861882e+00	8.697633296908599e-01	4351
-1.712286774762129e+00	-2.118145249600472e-01	4352
2.605728448023537e+00	1.527686048737284e-01	4353
1.381596967134495e+00	3.494591744747549e+00	4354
-2.131702836326038e+00	1.234700376905247e+00	4355
-2.239353381934749e+00	-1.721595656417355e+00	4356
2.562498666523251e+00	-5.917583677934007e-02	4357
-2.096190187674422e+00	-9.185880735127853e-01	4358
-2.170606630212143e+00	-2.270788157480398e+00	4359
2.256770521543016e+00	2.815348816604266e-02	4360
1.566361143557062e+00	3.149437412355450e+00	4361
2.773298589526445e+00	-2.052487918083108e+00	4362
2.811045807141496e+00	-1.610677475732166e+00	4363
-1.789891566816406e+00	3.399561687011198e-01	4364
-1.656624295869682e+00	1.643021274534426e-01	4365
2.713548404173275e+00	5.675138937419490e-01	4366
2.763264825697146e+00	1.456656749992918e+00	4367
2.770569835947743e+00	-2.605272647236285e-01	4368
-1.848933215200268e+00	-4.026497184809802e-01	4369
-1.978632784422768e+00	-6.337202317669121e-01	4370
-2.188450638068914e+00	-1.272476304476710e+00	4371
2.716036900825820e+00	1.989691097059821e+00	4372
2.870068343063110e+00	9.066610766348300e-01	4373
-1.466690616467329e+00	3.152582580830368e+00	4374
1.236478186490084e+00	-3.875759069865946e+00	4375
1.919902026181166e+00	-3.255608890459174e+00	4376
1.949325476346594e+00	3.162395564857248e+00	4377
-8.748883175369278e-01	-3.785628453461759e+00	4378
2.092326941133220e+00	2.882448779939371e+00	4379
3.135627436177977e+00	-7.887648843000494e-01	4380
-1.404757571602913e-01	-3.879305986031003e+00	4381
1.810219623565460e+00	3.503264199807408e+00	4382
4.521189148632482e-01	4.256581727839587e+00	4383
2.714748893010327e+00	-2.426277236406225e+00	4384
-2.265350058239037e+00	-6.798704072541516e-01	4385
-2.420540793907383e+00	-2.696759543181702e+00	4386
-1.747174896678052e+00	-3.356881866563088e+00	4387
2.429455775156912e+00	5.977151567290707e-02	4388
-1.945793870509045e+00	-1.871961858467839e-01	4389
2.787708555816676e+00	-5.722973717683212e-03	4390
2.135588153704878e+00	-2.914822059782980e+00	4391
1.125355608155498e+00	3.902934655080565e+00	4392
-2.444901396614243e+00	1.421106132406575e+00	4393
-2.540979799196875e+00	-2.034965302037640e+00	4394
3.051286321326679e+00	-2.597380157125575e-01	4395
3.000087674904743e+00	6.416626845169339e-01	4396
4.946275540888985e-01	-4.274099329185762e+00	4397
-2.072968858550350e+00	2.611029316037532e+00	4398
4.616772340627752e-04	3.897598174049969e+00	4399
-2.479738091947691e+00	1.940798735707143e+00	4400
-8.130242328827201e-01	3.768875991117568e+00	4401
-1.045760510420143e+00	3.583810225846548e+00	4402
-2.345033632321433e+00	9.874938891859386e-01	4403
2.787863282160854e+00	3.224074752245835e-01	4404
-2.512662659060616e+00	-1.460278248538415e+00	4405
3.091935112603225e+00	-1.856680258364724e+00	4406
3.064271704994574e+00	-1.379363550048012e+00	4407
-1.880834671917733e+00	1.310541734057040e-01	4408
-1.759102897666458e+00	-2.147406963799454e-02	4409
2.654926160678594e+00	2.397244456861742e+00	4410
2.808993346025269e+00	1.769851845436598e+00	4411
-2.045074486866493e+00	3.436753241772561e-01	4412
-2.109037980873855e+00	-4.065437822441730e-01	4413
-2.205038613845063e+00	6.292142247779851e-01	4414
-2.406044447359983e+00	-1.024323965210566e+00	4415
2.984916285462817e+00	1.208909852765665e+00	4416
-1.441426172474942e+00	-3.833542506208872e+00	4417
1.597678372970729e+00	3.916576712886888e+00	4418
-2.595985602593936e+00	-7.433433663071944e-01	4419
6.506996737742501e-02	-4.250648777327450e+00	4420
-2.341779219525114e+00	3.628468044005734e-01	4421
-1.554041684754811e+00	3.656329763207841e+00	4422
3.086742007271029e+00	-2.262565182209568e+00	4423
-2.140353956040224e+00	9.795519935244300e-02	4424
-1.947295002739325e+00	3.075527790258052e+00	4425
1.013694908346321e+00	-4.238095625297627e+00	4426
-2.865495882111039e+00	-2.432107370027277e+00	4427
2.349008284604258e+00	3.190993170727413e+00	4428
-2.486058787384912e+00	2.396445514353581e+00	4429
-5.631050265568325e-01	-4.067914778270757e+00	4430
1.781430929626598e+00	-3.763135379141091e+00	4431
-4.507927467812632e-01	4.108487823771167e+00	4432
-2.799722073189663e+00	1.656058345274616e+00	4433
-2.284917295221643e+00	-3.226643624608370e+00	4434
3.006952177379999e+00	2.242372326529477e+00	4435
-2.212015780818029e+00	-1.571723916678193e-01	4436
-2.875031713019047e+00	-1.727511391985084e+00	4437
3.258603682234422e+00	-4.948873011176016e-01	4438
3.073564196887496e+00	1.544667476964119e+00	4439
2.526583329903560e+00	2.818540160794308e+00	4440
2.244871655940470e+00	3.482847172753442e+00	4441
8.877867749285637e-01	4.267253473849998e+00	4442
2.345545786952083e+00	-3.284761287754472e+00	4443
2.580340362799809e+00	-2.842814061804669e+00	4444
-2.529753632878536e+00	7.066076211207278e-01	4445
3.166137667879303e+00	9.249522051041397e-01	4446
-2.760124905288699e+00	-1.166008162113882e+00	4447
3.041322673792256e+00	9.309997079081815e-02	4448
3.087444774614287e+00	3.541900074635079e-01	4449
-2.691186558415779e+00	1.133827663977495e+00	4450
3.388089693684986e+00	-1.599600126896501e+00	4451
3.283650748962981e+00	-1.103167621097028e+00	4452
-2.408156452227784e+00	-4.145704207778708e-01	4453
-4.832171598792467e-02	4.433624852750237e+00	4454
-2.045410639998827e+00	-3.778412684139431e+00	4455
2.101642073360791e+00	-3.672640522989011e+00	4456
-2.813190915280722e+00	-2.997070095903944e+00	4457
-2.426629395552585e+00	2.896914891541078e+00	4458
6.570794432877826e-01	4.758497903563947e+00	4459
-1.072518608085008e+00	-4.264605034431940e+00	4460
-3.166119180552905e+00	-1.372295549955958e+00	4461
3.140741248571302e+00	1.889300369833194e+00	4462
1.561682441798702e+00	-4.280104957283981e+00	4463
1.374936841594253e+00	4.359002207213869e+00	4464
-3.851591351327748e-01	-4.619281177391902e+00	4465
3.446846417930671e+00	-2.024567014408042e+00	4466
2.516795076310939e-01	-4.753840633709564e+00	4467
3.299463349295146e+00	6.104650870522690e-01	4468
3.311748192864775e+00	1.260290011560469e+00	4469
-2.753983439704961e+00	-4.326393392340281e-01	4470
-9.454051463518952e-01	4.271947663955297e+00	4471
-2.112978506082106e+00	3.608634305702295e+00	4472
7.867191579422304e-01	-4.749903192754874e+00	4473
-2.961468184231030e+00	-2.161255555921253e+00	4474
2.066608158553918e+00	3.911938146858123e+00	4475
-2.871855811945566e+00	2.116671370415081e+00	4476
-2.430632282821491e+00	5.506807857950391e-02	4477
2.953072302583367e+00	2.676384557126479e+00	4478
2.788573610937651e+00	3.172705251152869e+00	4479
2.685896896500222e+00	3.476441969764931e+00	4480
2.811889419179142e+00	-3.248035274016347e+00	4481
3.017220104657448e+00	-2.708877344327321e+00	4482
-3.086911894897817e+00	1.321386287721590e+00	4483
3.321492768640397e+00	-1.425151083709917e-01	4484
3.312500510168429e+00	1.783424986395887e-01	4485
-2.977794574619565e+00	-8.355753251091196e-01	4486
-2.903507681873761e+00	8.068710753365704e-01	4487
3.648258992113651e+00	-1.285254851328294e+00	4488
3.459092524036898e+00	-7.877412919172185e-01	4489
-2.518485925496840e+00	-1.246848120045880e-01	4490
-2.682370585431772e+00	3.973511844189003e-01	4491
-3.313686359371150e+00	-1.831238033607508e+00	4492
1.872333058149330e+00	4.365417256201736e+00	4493
-2.663292811546110e+00	-3.610739762293548e+00	4494
-2.684253781048693e+00	3.433064662662369e+00	4495
1.037281336219425e+00	4.812414230336489e+00	4496
-1.705749863522068e+00	-4.322624573078476e+00	4497
3.427958033328125e+00	1.629415636643032e+00	4498
-5.521153563301866e-01	4.653961627268490e+00	4499
-3.224167835046649e+00	1.779598616439717e+00	4500
2.596122929761674e+00	-3.697044678214740e+00	4501
1.309016144605960e+00	-4.729553959474635e+00	4502
-1.238355741383395e+00	4.056704630251448e+00	4503
-1.874192320055606e+00	4.097421410792776e+00	4504
-3.076245508830218e+00	4.459548706135329e-01	4505
2.519806870506466e+00	3.895086718961490e+00	4506
3.590028235892803e+00	4.008301800510203e-01	4507
3.581252867435693e+00	-4.240062316830853e-01	4508
-2.890197020919180e+00	2.637494751462810e+00	4509
3.503501559125826e+00	9.264994363046061e-01	4510
-9.684942955765833e-01	-4.898717179458795e+00	4511
3.777630859763629e+00	-1.714803395005497e+00	4512
-1.804646098094179e-01	-5.214399337155876e+00	4513
8.182087006628172e-02	5.077721912598038e+00	4514
5.215808415187482e-01	-5.300228893654764e+00	4515
3.400520036781284e+00	2.189135033723766e+00	4516
3.348459713456118e+00	2.505792016494454e+00	4517
3.255244704470591e+00	3.052501723414924e+00	4518
3.150449640376359e+00	3.464787854370218e+00	4519
3.299008468322845e+00	-3.123865725035698e+00	4520
3.447097420171553e+00	-2.499055774348454e+00	4521
-3.417715476647791e+00	-9.795279987782464e-01	4522
-3.333785483347618e+00	9.404581517510415e-01	4523
-3.155690675493034e+00	-4.704265851268266e-01	4524
3.859092891076398e+00	-9.199736907209557e-01	4525
3.597733451798030e+00	2.350526912267277e-02	4526
-2.873496514052313e+00	-9.508304652141958e-02	4527
-1.386716028874726e+00	4.563723483157645e+00	4528
-3.621638639400019e+00	-5.494302063097171e-01	4529
-3.284034529572128e+00	-2.752280571039228e+00	4530
1.627257699258322e+00	4.892122066935779e+00	4531
1.882427108182039e+00	-4.751601158514181e+00	4532
4.007700369313054e+00	-5.105210135933358e-01	4533
3.904404822019991e+00	-2.146561893465412e-01	4534
2.322570048532889e+00	-4.141670512699508e+00	4535
-3.537702862011172e+00	1.388287900868632e+00	4536
1.117689628576668e+00	-5.280789769291689e+00	4537
-1.110628226110821e+00	4.834276636465879e+00	4538
-2.491893062995887e+00	4.028727314102077e+00	4539
-2.874793903647209e+00	3.151364251917931e+00	4540
-2.395784812021615e+00	-4.248250792651206e+00	4541
4.062844153496357e+00	-1.338685768039686e+00	4542
-5.469622521772587e-01	5.330661832501613e+00	4543
-3.427555658652368e+00	-2.309771685735797e+00	4544
2.363358919821865e+00	4.356949570317235e+00	4545
-3.627308584802765e+00	-1.434424474659622e+00	4546
3.135047171792873e+00	-3.642765249210314e+00	4547
-3.213369943474325e+00	-3.415954120906959e+00	4548
7.684972812231683e-01	5.337942840307149e+00	4549
3.684789761801712e+00	1.298673665495858e+00	4550
-3.320608841753511e+00	2.303900880487819e+00	4551
3.862044019821082e+00	7.130423630719395e-01	4552
-1.678694474361059e+00	-5.040188413607740e+00	4553
-7.952374099945134e-01	-5.598902239277284e+00	4554
9.488560131806024e-02	-5.858317007660705e+00	4555
3.780661766225454e+00	1.927120970215246e+00	4556
2.983512478020774e+00	3.896977521673927e+00	4557
3.765751165822701e+00	2.411876311383446e+00	4558
3.718417268208429e+00	2.850618302248837e+00	4559
3.648480780954428e+00	3.372296938930784e+00	4560
3.791053308030603e+00	-2.909659074784640e+00	4561
3.856137695766055e+00	-2.206837005996429e+00	4562
-3.532828960082729e+00	5.190953969168094e-01	4563
3.910092989999159e+00	2.164576336876211e-01	4564
-3.288968858712615e+00	-1.133703003963741e-02	4565
-1.219458414115190e+00	5.524261553080608e+00	4566
2.180093022266363e+00	4.869852270433539e+00	4567
-3.897096403359106e+00	-9.863961084701738e-01	4568
-3.803450274938492e+00	9.463674155558346e-01	4569
-3.809515441888243e+00	-1.936044094851977e+00	4570
-2.121223187843521e+00	4.651408064428997e+00	4571
-3.709552425010519e+00	1.905778839951231e+00	4572
2.530578996720828e+00	-4.751610364722741e+00	4573
2.890594020869609e+00	-4.161072986552131e+00	4574
1.337312709319521e+00	5.379539916633949e+00	4575
8.249994750718367e-01	-5.930761165793895e+00	4576
3.697075578673256e+00	-3.485764026414803e+00	4577
4.239103103877330e+00	4.963374787129612e-01	4578
4.286962758769100e+00	-9.034745046573202e-01	4579
4.277328900428796e+00	-1.259117472772257e-01	4580
-1.640130808267049e+00	5.097138378037239e+00	4581
-3.812706133604324e+00	-2.678269443655132e+00	4582
-3.755280210717313e+00	-3.134354826519480e+00	4583
1.655583348718906e+00	-5.241869180767892e+00	4584
-3.774105902010095e+00	7.353263957557895e-03	4585
-3.366189413115603e+00	2.868539827743223e+00	4586
-2.104905318078154e+00	-4.827230666807266e+00	4587
-3.066088970367612e+00	-4.070188652727116e+00	4588
1.009171636596879e-01	5.765279139020898e+00	4589
3.508896653401192e+00	3.881076618195535e+00	4590
-1.575426544263916e+00	-5.847217232760842e+00	4591
-5.375652116609992e-01	-6.360484862118353e+00	4592
4.116269095285361e+00	1.106810984573019e+00	4593
4.107711438032593e+00	1.555758496079922e+00	4594
2.833263182706143e+00	4.341067085877148e+00	4595
4.192461738741058e+00	2.182202327242508e+00	4596
4.190388971418219e+00	2.679733471678608e+00	4597
4.161417036955330e+00	3.175734955806755e+00	4598
4.268742122789839e+00	-2.598687701088331e+00	4599
4.224589299741378e+00	-1.832742186107030e+00	4600
-1.878152381839470e+00	5.750612344721490e+00	4601
-4.150156231174788e+00	-1.485818751109549e+00	4602
-2.791448757253665e+00	4.626321538321811e+00	4603
-3.082223446302268e+00	3.888250282773920e+00	4604
-2.290480667357217e+00	5.313703631028235e+00	4605
1.955496744162894e+00	5.446090885854781e+00	4606
-3.369600056023529e+00	3.440756098895088e+00	4607
-2.163577533921019e+00	-5.477101927899040e+00	4608
-2.821061168912241e+00	-4.751789720291300e+00	4609
4.087233619371077e+00	3.762053105074280e+00	4610
4.261653809020572e+00	-3.220773345386192e+00	4611
2.246740919389897e+00	-5.277844344085350e+00	4612
3.511588613657445e+00	-4.086698398170552e+00	4613
-3.837441903337216e+00	2.489150536535835e+00	4614
-4.028244321333618e+00	4.728487173498267e-01	4615
3.182948628892736e+00	-4.741498597702943e+00	4616
-4.050988058707483e+00	1.448316190477364e+00	4617
3.032626787207683e-01	-6.610682413518779e+00	4618
-3.708195434833523e+00	-3.811658909931141e+00	4619
3.335019798065610e+00	4.351849047086613e+00	4620
-6.437320313052247e-01	6.055607510075025e+00	4621
4.455164431736760e+00	-5.121690065320492e-01	4622
4.653966194888870e+00	2.065939169464428e-01	4623
-4.316882934369850e+00	-2.302110954692587e+00	4624
-4.322947729188531e+00	-2.971664744380419e+00	4625
1.428937387971847e+00	-5.878546512362748e+00	4626
-4.114943938109823e+00	-4.607760006228855e-01	4627
8.920601877601857e-01	6.035859167044561e+00	4628
-1.374361763929637e+00	-6.737724696153768e+00	4629
4.567357981455070e+00	8.773668696676550e-01	4630
4.520100751573666e+00	1.337741315518027e+00	4631
2.702054524162128e+00	4.844191953264060e+00	4632
4.583565627741933e+00	1.809995465554928e+00	4633
4.669302915419252e+00	2.432729084834387e+00	4634
4.687182955678105e+00	2.957553791843619e+00	4635
4.709166264429074e+00	-2.188314612371606e+00	4636
4.536531484186927e+00	-1.382908578059136e+00	4637
1.909665533919212e+00	-5.877116313087829e+00	4638
-2.578902055333531e+00	5.996664591656344e+00	4639
4.805341743615748e+00	-2.840909145818912e+00	4640
-4.747724473209466e+00	-1.785155485453624e+00	4641
1.252727561083582e-01	6.544452191636238e+00	4642
-4.336475369119265e+00	9.468009745867655e-01	4643
2.888795341053668e+00	-5.318757494250675e+00	4644
3.929175471050889e+00	4.339861204622919e+00	4645
-1.359362381918222e+00	6.275368932127602e+00	4646
-3.909228521658255e+00	3.114615543212986e+00	4647
4.159579963823455e+00	-3.890362760385351e+00	4648
4.770746556652021e+00	-9.103561657285213e-01	4649
-4.296797131301215e+00	3.096974498273833e-02	4650
1.158529905962755e+00	-6.644716060386398e+00	4651
-3.559745655055044e+00	-4.552191554748293e+00	4652
-2.976931556988424e+00	-5.548703369477353e+00	4653
-4.866992226903735e-01	-7.217565151948383e+00	4654
-3.059698797082625e+00	5.345036753605654e+00	4655
1.577796140658790e+00	6.048766960517259e+00	4656
-3.487973274022842e+00	4.471871834361270e+00	4657
-3.699248491978996e+00	3.965752723222436e+00	4658
3.867918896475761e+00	-4.673358206141384e+00	4659
-4.263924731075211e+00	2.027610340566808e+00	4660
-4.441508034620528e+00	-9.617679153161914e-01	4661
4.735514304239801e+00	-1.497635575698173e-01	4662
-4.194347193174042e+00	-3.608557839618008e+00	4663
-4.894308199235164e+00	-2.628789830549601e+00	4664
-2.207265063204861e+00	-6.342573367320846e+00	4665
4.652184846964317e+00	3.554579451083196e+00	4666
2.547435960740150e+00	5.411007941333969e+00	4667
4.990880415158139e+00	1.151583185447302e+00	4668
5.013908471235858e+00	1.510990304459936e+00	4669
5.049743930710905e+00	5.959922931621796e-01	4670
5.123352071428926e+00	2.052376057960489e+00	4671
5.220970570306930e+00	2.676289862835636e+00	4672
5.090386396821268e+00	-1.684715307175758e+00	4673
3.589783258961118e+00	-5.322545210023454e+00	4674
-1.318264742300566e+00	-7.685793276255912e+00	4675
-2.058348426397331e+00	6.528772883109389e+00	4676
5.300024984060578e+00	-2.345966943041278e+00	4677
-4.576487064976374e+00	4.724844861684268e-01	4678
5.451784834848996e-01	-7.463078025787101e+00	4679
3.364115058760138e+00	5.145639657932756e+00	4680
4.577614400997465e+00	4.209947148321759e+00	4681
-3.404636412645826e+00	6.099782017542668e+00	4682
2.582522055366236e+00	-5.914264745310128e+00	4683
-4.633280137926389e+00	1.501517903558457e+00	4684
-2.126537271962546e+00	-7.242420770609765e+00	4685
2.308170967604243e+00	6.087326615179435e+00	4686
4.937660097256780e+00	-5.976501602634440e-01	4687
-5.412265950008392e+00	-2.100590639128503e+00	4688
1.668747288840000e+00	-6.569753674064040e+00	4689
4.807520165212005e+00	-3.564098282439295e+00	4690
1.064077529691907e+00	6.820370384575061e+00	4691
5.130598817386148e+00	1.265630836155344e-01	4692
-7.196223581682143e-01	6.880097015907646e+00	4693
-4.427852758618319e+00	2.678093571477534e+00	4694
4.588336480299731e+00	-4.494187460284259e+00	4695
-3.863399981888413e+00	-5.392689459922194e+00	4696
-4.382194384341133e+00	3.679408638644871e+00	4697
-3.881337701696105e+00	5.203126848707868e+00	4698
-4.180214275258052e+00	4.461271929445343e+00	4699
-4.672241435851038e+00	-4.131112928127644e-01	4700
-5.102626270594937e+00	-1.180462144829436e+00	4701
-4.187408215271135e+00	-4.283175479994796e+00	4702
-4.890858556998435e+00	-3.369989226455595e+00	4703
-3.126547259158602e+00	-6.457429327501085e+00	4704
5.510523960761411e+00	1.297627853480703e+00	4705
5.516606229706802e+00	9.241504543919522e-01	4706
5.236267726835493e+00	3.308514419179631e+00	4707
5.590035419800010e+00	1.675485954921949e+00	4708
5.737832595907566e+00	2.275030318211288e+00	4709
-4.323476428876895e+00	6.009707736839466e+00	4710
-2.147968818158144e+00	-8.232659413428763e+00	4711
-1.506647444468528e+00	7.121012961740115e+00	4712
-3.256377124519881e-01	-8.173160551577899e+00	4713
1.914931411312468e+00	6.807276922097705e+00	4714
1.819567674755120e-01	7.425500274489597e+00	4715
3.112368429481206e+00	5.940364585993295e+00	4716
-4.861434180967604e+00	-2.094629322207246e-02	4717
5.425607733227274e+00	-3.102057663873111e+00	4718
3.284834973735153e+00	-5.958685114562287e+00	4719
-5.579097694185699e+00	-2.910858502753478e+00	4720
-4.894347574538187e+00	2.145921651075820e+00	4721
5.201016780204226e+00	-3.942620593745676e-01	4722
5.272315154712674e+00	-9.796079475141356e-01	4723
-5.847380825167904e+00	-1.437917116140897e+00	4724
-4.933842799217257e+00	9.576786625383047e-01	4725
-3.148526350070995e+00	-7.508545415196003e+00	4726
4.361281092688447e+00	-5.242356413195663e+00	4727
5.719669983220636e+00	-1.847809920472391e+00	4728
5.211506688013121e+00	3.978657795374132e+00	4729
5.579505783641146e+00	3.931479265244990e-01	4730
6.057094612368721e+00	1.118175025508482e+00	4731
-4.796386743242089e+00	-4.028621242646002e+00	4732
-2.881665273061422e+00	6.804175213654354e+00	4733
2.203427169075987e+00	-6.593081090544144e+00	4734
5.324280361787288e+00	-4.175215817843924e+00	4735
4.378754335589204e+00	4.896425902234285e+00	4736
-5.024849802709451e+00	3.203152301999245e+00	4737
-4.935794704321220e+00	4.236193735256871e+00	4738
-4.699546200779341e+00	5.098595795283281e+00	4739
-5.374480618710997e+00	-5.192801928249431e-01	4740
-4.142638677865300e+00	-6.366610741278590e+00	4741
5.850883232831629e+00	2.967641487517164e+00	4742
6.252455053373980e+00	1.828877340832410e+00	4743
-5.268615566373265e+00	5.863115608697020e+00	4744
-4.325081222541496e+00	-7.522191570413709e+00	4745
-6.179225358365256e+00	-2.253948871812261e+00	4746
6.758498821429666e-01	-8.501773293817413e+00	4747
-5.596984192849727e+00	2.591493947361693e+00	4748
5.126130642886658e+00	4.732494562572607e+00	4749
-2.292065472842725e+00	7.401489797444867e+00	4750
-5.574427523900467e+00	-3.759440241622926e+00	4751
6.044704896499384e+00	-3.700428197122436e+00	4752
4.062644959068525e+00	-5.968621256686734e+00	4753
-5.557525193507360e+00	4.866650208375932e+00	4754
-1.224655463138806e+00	-8.737167199439977e+00	4755
-7.847229448842692e-01	7.815638323631918e+00	4756
-5.289803181730876e+00	1.552918145968466e+00	4757
-4.757203147680613e+00	-4.801618579439117e+00	4758
1.293266533510064e+00	7.704530887833615e+00	4759
6.776122991523055e+00	1.300932804015142e+00	4760
5.964521525985183e+00	-2.554307835307079e+00	4761
5.873704683836431e+00	3.690685779191087e+00	4762
1.899277279207737e+00	-7.353096604192431e+00	4763
-5.687429190711724e+00	3.776566773820190e+00	4764
2.804149078747618e+00	6.768026182156618e+00	4765
5.187204836705201e+00	-5.023068275916855e+00	4766
5.992244821382380e+00	-1.156320074004153e+00	4767
-5.189052137396126e+00	4.429068104452346e-01	4768
5.641858245174211e+00	-1.247789439023758e-01	4769
-3.874015635725142e+00	6.905753139105020e+00	4770
-3.208774037599351e+00	-8.638206204175576e+00	4771
3.965324500379094e+00	5.716846312006229e+00	4772
-4.757591398523316e+00	-5.658349281268813e+00	4773
2.958204843822321e+00	-6.633706560336313e+00	4774
-6.182563385803588e+00	-6.802235251190757e-01	4775
6.429166257199793e+00	2.527826189695116e+00	4776
3.734077199260224e+00	-6.675326046337147e+00	4777
1.477406716065476e+00	-7.872500961944395e+00	4778
-6.367256042455426e+00	-3.208782210369459e+00	4779
6.702848391029523e+00	-3.076824908419901e+00	4780
2.752404087346563e-01	8.421264116813974e+00	4781
-1.677284287335214e+00	8.077540721072140e+00	4782
6.563400440430406e+00	3.303702833159810e+00	4783
-6.078394941791790e+00	1.879448145895577e+00	4784
-4.904726854020538e+00	6.821953156704180e+00	4785
-5.489648592404460e+00	-1.211728729603966e-01	4786
-2.238845271771228e+00	-9.362751016218237e+00	4787
6.370944985898656e+00	-4.532425579260004e-01	4788
6.166023203562008e+00	1.984977457010141e-01	4789
-3.246591526683025e+00	7.715786703126867e+00	4790
6.033102944013535e+00	-4.632959908336081e+00	4791
5.850918437184541e+00	4.459295422133847e+00	4792
7.007029600891419e+00	2.028383073832766e+00	4793
-1.924044913129203e-01	-9.257405170049266e+00	4794
-6.249378547772833e+00	5.603552506265442e+00	4795
2.338748086888756e+00	7.658486229485071e+00	4796
-5.467950272635462e+00	-4.520892237437426e+00	4797
4.936357382244658e+00	-5.875877035415444e+00	4798
-6.378394941236630e+00	3.123027348476827e+00	4799
-5.900355502538829e+00	2.132916789980634e-02	4800
-5.114033219244722e+00	-6.685219521729876e+00	4801
6.575763552273846e+00	5.941940832157327e-01	4802
6.431730787232169e+00	-1.862084411293796e+00	4803
2.663972281535569e+00	-7.333326255312157e+00	4804
-6.425949520426740e+00	4.413159521477792e+00	4805
3.698477957070966e+00	6.583884152619436e+00	4806
5.694411524683339e+00	-7.066763127803909e-01	4807
-5.604465885538764e+00	9.531429325354543e-01	4808
-6.662677834719471e+00	-1.459904182638821e+00	4809
-4.490598437026990e+00	-8.796952239097697e+00	4810
4.864269160626595e+00	5.575445104349462e+00	4811
-5.552007606675110e+00	-5.224321385175079e+00	4812
-6.334157940774322e+00	-4.769684625617913e+00	4813
3.435155818261549e+00	-7.387196997151119e+00	4814
-4.380877531830262e+00	7.834895158195905e+00	4815
-7.248543007841056e+00	5.138997047068382e+00	4816
-7.053678175118618e+00	-2.417924378610180e+00	4817
-6.970828361568316e+00	2.316577355561125e+00	4818
9.067961498426262e-01	-9.634265558753306e+00	4819
7.214749570857666e+00	2.811643498406678e+00	4820
-2.571629255941238e+00	8.389391040203853e+00	4821
-1.177637367747990e+00	-9.927246337460199e+00	4822
1.586381341474790e+00	8.701074007228160e+00	4823
5.882598092668724e+00	-5.611643230892627e+00	4824
-7.047156534257508e+00	-6.806708867297789e-01	4825
3.368235344393590e+00	7.543336518726293e+00	4826
5.744147895676131e+00	5.345325527572866e+00	4827
4.605839669390546e+00	-6.692803669989998e+00	4828
-8.441588802554093e-01	8.877705870787636e+00	4829
-3.539824533788342e+00	-9.826787349119734e+00	4830
6.599963713593603e+00	4.123705180664905e+00	4831
6.853082157875142e+00	-4.060021785286941e+00	4832
2.300345869150707e+00	-8.205745894072281e+00	4833
7.342292197830335e+00	7.561015111836978e-01	4834
7.592115740035598e+00	1.440315930194942e+00	4835
-5.975055015019416e+00	6.649380522398227e+00	4836
-6.358579574631826e+00	-4.191600468143578e+00	4837
-7.247634598739888e+00	3.731873909851493e+00	4838
6.874904200198891e+00	6.200709315513407e-02	4839
6.747993536105601e+00	-1.138198262890096e+00	4840
7.274910646215452e+00	-2.309527512549657e+00	4841
1.660830676052374e+00	-8.923970382796677e+00	4842
4.556395959537270e+00	6.395597169673285e+00	4843
-6.381922393326492e+00	6.862087208828000e-01	4844
-5.429426999480347e+00	-7.896468629387720e+00	4845
-5.563542905745704e+00	-6.196647641149524e+00	4846
-3.201815187441149e-02	-1.048078000120583e+01	4847
-5.731585082987414e+00	-9.146443743289476e+00	4848
4.073184804419513e-01	9.546822969481093e+00	4849
-6.420898884294276e+00	-5.730472765371856e+00	4850
8.207412919359811e+00	8.254225639611874e-01	4851
2.839571169833409e+00	8.617320415911012e+00	4852
-6.857160497385950e+00	1.421330216995560e+00	4853
7.373030938285097e+00	3.684113134260026e+00	4854
-2.368773347523780e+00	-1.064906326746225e+01	4855
7.597071800403004e+00	-3.307612281796318e+00	4856
-7.585308334595495e+00	-1.527565092303482e+00	4857
7.863872031215429e+00	2.251808937310690e+00	4858
-5.560011970186577e+00	7.745901088293613e+00	4859
5.600417354225781e+00	-6.586363623139735e+00	4860
-4.868253034964340e+00	-1.009203183867239e+01	4861
-1.871033700375024e+00	9.164353637814246e+00	4862
6.578969343237620e+00	5.012244292076359e+00	4863
6.852268157996950e+00	-5.139948407463860e+00	4864
-7.115185856478827e+00	6.319381870184190e+00	4865
4.264252898076028e+00	-7.453495089092518e+00	4866
-7.971388951581974e+00	2.849697971593005e+00	4867
-8.214789747539960e+00	4.429463822829190e+00	4868
7.715144121774906e+00	-1.742561504170660e-03	4869
2.017097708849367e+00	-1.005002168096084e+01	4870
2.983200495623795e+00	-8.244597878023495e+00	4871
-6.658300210408782e+00	-1.045007481261050e-02	4872
-3.656477452770788e+00	8.751026132583988e+00	4873
5.498147918153840e+00	6.264774738334776e+00	4874
2.718259569843404e+00	-9.215674644652470e+00	4875
7.126035723778597e+00	-5.697375140266765e-01	4876
-7.268640514699001e+00	-3.532807100900177e+00	4877
7.229335876378703e+00	-1.783730549503716e+00	4878
4.328931018645630e+00	7.330225522805930e+00	4879
-6.671367037770523e+00	-8.252141737130799e+00	4880
8.506870486672101e+00	1.651865054829131e+00	4881
4.007335208250909e+00	8.425076072924925e+00	4882
6.685989588768826e+00	-6.269780420129973e+00	4883
-1.135436229141232e+00	-1.127623099866335e+01	4884
-8.283736056099576e+00	5.732910973153133e+00	4885
1.944573080981686e+00	9.823631873331921e+00	4886
-3.806536394354061e+00	-1.119768708339440e+01	4887
-2.887152726273866e+00	9.510035866208126e+00	4888
8.678212495032531e+00	-1.831659824967520e-02	4889
-7.802432376391420e+00	1.789615784563635e+00	4890
8.230513507482504e+00	-2.550184930281745e+00	4891
-8.020592423471010e+00	-6.514645736215599e-01	4892
8.107158742837395e+00	3.131168415902295e+00	4893
7.786592949436338e+00	-4.448293980640051e+00	4894
7.427225205276878e+00	4.616337560625695e+00	4895
7.953725505787740e+00	-8.410939315727498e-01	4896
-8.962863616129189e-01	1.008385679783575e+01	4897
3.222948805401806e+00	-1.034482771594548e+01	4898
-6.451805494354007e+00	-6.815136160841836e+00	4899
-4.948092156949144e+00	8.893478938876049e+00	4900
-7.303422893460012e+00	-5.161459077965924e+00	4901
5.232763097327783e+00	-7.497633704913227e+00	4902
5.226749283903095e+00	7.136929048205572e+00	4903
6.475298935203750e+00	6.007467085374478e+00	4904
-8.043879054920200e+00	-2.612802902073769e+00	4905
-6.794286911033437e+00	7.530828306195192e+00	4906
-6.230986697481411e+00	-1.046374622021138e+01	4907
-9.089202011352937e+00	3.479847760260096e+00	4908
1.132054799413684e+00	-1.090165865681388e+01	4909
3.903861739339085e+00	-8.295087562049268e+00	4910
-7.523899320362782e+00	4.706362232256408e-02	4911
7.538658349345395e+00	-1.257498418946539e+00	4912
-7.234760623850610e+00	6.255997423139756e-01	4913
5.809400423806327e-01	1.082044042802056e+01	4914
3.420617987333320e+00	9.697068077047707e+00	4915
-8.309941636439138e+00	4.626869708334696e-01	4916
1.370644705296559e-01	-1.186003386587127e+01	4917
8.970980271290438e+00	-1.011006182931367e+00	4918
-2.475501705874209e+00	-1.210868172698761e+01	4919
9.213589625755890e+00	8.856038465386350e-01	4920
8.822009441287605e+00	2.527425590308164e+00	4921
8.295299429105253e+00	4.112954122124007e+00	4922
-8.915785237638033e+00	2.232154586099510e+00	4923
5.043751852836872e+00	8.162405526902335e+00	4924
3.673408987800283e+00	-9.302497233522754e+00	4925
-8.118083172312778e+00	7.116580099997941e+00	4926
8.601387698817318e+00	-3.618928075393739e+00	4927
8.195858135714847e+00	-1.777661310876513e+00	4928
-8.633028383597015e+00	-1.601714362799199e+00	4929
-6.307421311136226e+00	8.794012014853418e+00	4930
-5.241926846468250e+00	-1.154957579099684e+01	4931
-4.115738745838144e+00	9.926483554733935e+00	4932
-7.660343317493729e+00	-7.357855781456877e+00	4933
-2.083999466462669e+00	1.040180042009779e+01	4934
-8.310871871546183e+00	-4.002690596322602e+00	4935
7.798284822431590e+00	-5.700614830566240e+00	4936
2.372413325484293e+00	-1.134877040162699e+01	4937
-7.425856176912904e+00	-6.264163243675299e+00	4938
6.365013934403888e+00	-7.383374647143199e+00	4939
6.241087769903923e+00	7.008286905050205e+00	4940
7.418272357527390e+00	5.624410656998726e+00	4941
-7.105848340790405e+00	-9.469534189452842e+00	4942
-9.400488823816712e+00	4.855647629699903e+00	4943
4.841169763887305e+00	-8.353207334276103e+00	4944
4.744005072154637e+00	9.416230785668784e+00	4945
-6.789565226370422e+00	-1.195938886706279e+01	4946
-3.239949493902527e+00	1.078264362730287e+01	4947
3.763010321728315e+00	-1.165684122481638e+01	4948
8.847163731596980e+00	-4.896713762621726e+00	4949
-9.474240918975090e+00	6.391721035083763e+00	4950
-8.658589883846444e+00	-6.565258782448396e+00	4951
9.318678325607371e+00	-2.768664024065567e+00	4952
9.561546159282473e+00	1.840584332937047e+00	4953
1.965286877276837e+00	1.127955593894493e+01	4954
2.780024992400680e+00	1.090528501837389e+01	4955
-4.055445042713210e+00	-1.275677083347371e+01	4956
-7.701444733724540e+00	-1.087145581507786e+01	4957
5.993328842696958e+00	7.946116937421538e+00	4958
-1.072950106638504e+00	-1.279845447575815e+01	4959
9.749330885984337e+00	-1.517498627332891e-01	4960
-8.020134418189068e+00	-8.572487043043733e+00	4961
-5.588733239006629e+00	1.009695394564161e+01	4962
9.111703799937636e+00	3.499189339657247e+00	4963
-9.373631656595682e-01	1.145344903840024e+01	4964
1.422848553661578e+00	-1.231879650375990e+01	4965
7.322683639154904e+00	6.731674595352058e+00	4966
8.373351074516549e+00	5.166164898088898e+00	4967
-8.707004890257229e+00	1.137889198419699e+00	4968
-7.738236119530858e+00	8.525405099373287e+00	4969
7.612328350044970e+00	-7.006481516634572e+00	4970
-1.007065457635928e+01	2.702298658544639e+00	4971
4.511356092929288e+00	-1.027599124688210e+01	4972
-9.096073211103731e+00	-4.698581728885530e-01	4973
9.175631258004620e+00	-2.090212983395557e+00	4974
-8.497603984933619e+00	-5.428109715086439e+00	4975
-9.173402107922104e+00	-2.859905137437468e+00	4976
-1.036594274397921e+01	3.908325987379061e+00	4977
5.937071089968798e+00	-8.412545202755911e+00	4978
4.242846445348992e+00	1.078265064710011e+01	4979
-5.669314438759265e+00	-1.319393744743106e+01	4980
-9.750207941435056e+00	-5.824525923190827e+00	4981
-2.560099027847149e+00	-1.375924049474979e+01	4982
1.036902768907527e+01	9.230896736907097e-01	4983
-2.315332339224380e+00	1.181180528067348e+01	4984
7.237495931659517e+00	-8.286846906882342e+00	4985
9.749769488212335e+00	-3.960160673775255e+00	4986
-1.140603129121501e+01	3.009044911526387e+00	4987
-8.432861848836163e+00	-1.240542994141755e+01	4988
-7.160546815512870e+00	9.983941535104899e+00	4989
-9.832748511224409e+00	-1.620350348817585e+00	4990
9.913487560710221e+00	2.824171566676331e+00	4991
9.343390858110011e+00	4.594952548628523e+00	4992
-9.273340779055104e+00	8.009982342046412e+00	4993
-8.507978280720097e+00	-9.983504379350375e+00	4994
-9.859319184528999e+00	1.477961814327340e+00	4995
1.007367952086824e+01	-1.311600529678714e+00	4996
5.931571331766204e-01	1.228405526921526e+01	4997
5.322569541428202e+00	-9.486480234478258e+00	4998
8.880981969447278e+00	-6.331746542217100e+00	4999
7.093326703716211e+00	7.822498826747025e+00	5000
8.382016105408340e+00	6.301014564095635e+00	5001
-1.071653407717314e+01	5.411987589555929e+00	5002
-8.977908384092972e+00	-7.765357782351892e+00	5003
-4.631578663208823e+00	1.126109770795635e+01	5004
2.818085258462079e+00	-1.279108823075389e+01	5005
-9.541862096515214e+00	-4.324790270083883e+00	5006
5.759819862571229e+00	9.114049872339789e+00	5007
3.527571493995463e-01	-1.341153188903906e+01	5008
5.293684901330406e+00	-1.158596102047791e+01	5009
6.833180556333695e+00	8.882322155774146e+00	5010
-1.053125849554695e+00	1.299551280484446e+01	5011
-7.299536593740688e+00	-1.369901203505900e+01	5012
1.792342877398740e+00	-1.390498943404476e+01	5013
-4.313519075186761e+00	-1.452167572694058e+01	5014
1.097609054199602e+01	-3.020000664342443e-01	5015
-8.822486531303763e+00	9.650763119511304e+00	5016
-3.633729935239264e+00	1.222909887410823e+01	5017
-6.313828018161601e+00	1.146500830793642e+01	5018
-1.037112922461289e+01	-4.580238419166616e-01	5019
-1.177382971785095e+01	4.401349552106590e+00	5020
9.453395807892521e+00	5.778000832028518e+00	5021
-9.574950466015855e+00	3.188149409553604e-01	5022
1.005965708919897e+01	-5.400419273503596e+00	5023
1.025322682494441e+01	3.905625169065404e+00	5024
1.077065787439225e+01	2.032807954384948e+00	5025
1.056130768979293e+01	-2.990303891991614e+00	5026
3.619120117083810e+00	1.213481571191653e+01	5027
-1.081632743737126e+01	7.157304934163238e+00	5028
-9.979211511568456e+00	-7.037960359152525e+00	5029
5.619520721852129e+00	1.046644283894469e+01	5030
8.293753180177962e+00	7.531284721140407e+00	5031
-9.367939584613278e+00	-9.203024196519289e+00	5032
-1.087164347729384e+01	-4.897583428422499e+00	5033
8.673615980965925e+00	-7.841071325501854e+00	5034
2.080456466606832e+00	1.287180471776423e+01	5035
-9.723878820157928e-01	-1.451054139647137e+01	5036
-9.225133107434178e+00	-1.144322093989649e+01	5037
-1.106176652291661e+01	1.781717165620400e+00	5038
6.672202602437521e+00	-9.527489875889520e+00	5039
4.489339034289794e+00	-1.308197085980203e+01	5040
-1.047338438869426e+01	-3.038360237563206e+00	5041
5.781364671348645e+00	-1.076777665753949e+01	5042
-9.178185004043502e+00	-1.419504281025145e+01	5043
1.053714206108673e+01	5.129345320722074e+00	5044
1.106430370906746e+01	-4.329689468772868e+00	5045
-6.074643764824132e+00	-1.505690944922263e+01	5046
-5.211773144120537e+00	1.277690882246001e+01	5047
-8.133558854955913e+00	1.133609445347344e+01	5048
-1.076174623838029e+01	5.943326262931520e-01	5049
-1.058857444985158e+01	9.025484923027067e+00	5050
1.012115186359076e+01	-7.045476197500583e+00	5051
1.115760395875595e+01	3.146642417629709e+00	5052
5.755144314244446e-01	1.394291892104054e+01	5053
7.310556661403367e+00	-1.092159117549357e+01	5054
8.211735994374514e+00	-9.347990038748625e+00	5055
8.054406537231552e+00	8.742557910489726e+00	5056
-2.620091439561480e+00	-1.562743573548972e+01	5057
9.483334768702960e+00	7.052229005707695e+00	5058
6.555258132034729e+00	1.019875265380978e+01	5059
1.139781805996303e+01	-1.701648952911731e+00	5060
-1.028469920771112e+01	-8.518350330982305e+00	5061
6.334003716878069e-01	-1.515520800263620e+01	5062
-1.219716207187861e+01	6.059837207240061e+00	5063
3.408974544539142e+00	-1.440796940190417e+01	5064
-1.116208691220363e+01	-6.282364709861771e+00	5065
-1.193787675122387e+01	-3.689720419290200e+00	5066
5.195362345998487e+00	1.197102580936449e+01	5067
-1.292326376209268e+01	3.346920216537899e+00	5068
-2.602520998963219e+00	1.340167168500007e+01	5069
6.206203642939095e+00	-1.303160200201251e+01	5070
1.169149718309975e+01	9.529463635574383e-01	5071
-1.014210707747641e+01	-1.300212412890420e+01	5072
-1.119051609568114e+01	-1.683739201722819e+00	5073
3.483338148821387e+00	1.382182076567767e+01	5074
-1.249513503785501e+01	2.036035104762164e+00	5075
1.215332597341867e+01	2.239872615188641e+00	5076
-4.554221919776901e+00	-1.652091033630881e+01	5077
-7.897972814488796e+00	-1.565152955295696e+01	5078
-1.005983924983180e+01	1.092964644066047e+01	5079
-1.233462329179081e+01	8.034157499232030e+00	5080
1.239053795051505e+01	-4.702796272786756e-01	5081
1.199552485792792e+01	-3.120533349558594e+00	5082
9.880813625177224e+00	-8.801689193329199e+00	5083
6.460075834355956e+00	1.163568673238007e+01	5084
9.395046921575243e+00	8.427177004570449e+00	5085
5.294938702779812e+00	-1.470736844818877e+01	5086
-8.170119364404871e-01	-1.644363155012391e+01	5087
-1.116015301742354e+01	-1.135128439801236e+01	5088
1.155103901970355e+01	4.352810329094774e+00	5089
-1.226092183388504e+00	1.473393634823169e+01	5090
-1.241603125288448e+01	-5.257505170131136e+00	5091
-7.134791816120218e+00	1.302063323997496e+01	5092
-4.087308718116034e+00	1.386415542558517e+01	5093
-1.073055175872211e+01	-1.007543846477138e+01	5094
-1.114672347082391e+01	-1.479468308139560e+01	5095
-1.411575072903701e+01	2.225929100841253e+00	5096
-1.174773011729272e+01	-3.692590960417528e-01	5097
1.144486721863810e+01	-5.961426355676873e+00	5098
2.068519468242238e+00	1.464026927172988e+01	5099
8.124332579519647e+00	-1.268268347882894e+01	5100
1.068558750203928e+01	6.457583143415446e+00	5101
9.005552690566452e+00	-1.084429143545158e+01	5102
7.775169194200272e+00	9.947872942010735e+00	5103
2.267438625405322e+00	-1.568382462035581e+01	5104
-1.143706892108629e+01	-7.673163137654324e+00	5105
-1.282721650319724e+01	-2.208063638143575e+00	5106
-1.338176536357531e+01	4.910622798926539e+00	5107
4.556679790638136e+00	1.350320421889789e+01	5108
-1.206726792323046e+01	7.515971052809191e-01	5109
-9.239942378938556e+00	1.287461706956546e+01	5110
-2.640260293426194e+00	-1.773948921775713e+01	5111
4.044714589088108e+00	1.544103831532027e+01	5112
1.257378159932046e+01	3.502415763240903e+00	5113
7.444221177998166e+00	1.143328269788786e+01	5114
9.988482275912590e-01	-1.711126346203451e+01	5115
4.103225382226193e+00	-1.622871107198318e+01	5116
-6.511383110611478e+00	-1.716031807262943e+01	5117
1.189678386074909e+01	5.720006493699788e+00	5118
1.073722957465852e+01	7.893322559217306e+00	5119
1.085218607111971e+01	-1.042347050113863e+01	5120
-1.256405065141139e+01	-1.016124609647038e+01	5121
-1.354814123455810e+01	8.089236662829346e-01	5122
-1.360559114186673e+01	-3.869933818492555e+00	5123
1.258484094097266e+01	-4.692216376062971e+00	5124
4.822467798981282e-01	1.580622053128553e+01	5125
1.153645965337548e+01	-7.854365452188407e+00	5126
-1.208373750355813e+01	1.018036161096822e+01	5127
6.250283877439846e+00	1.328541808959953e+01	5128
1.320433618386664e+01	9.856476788370008e-01	5129
-1.275097927268534e+01	-6.807061281295730e+00	5130
-1.461904760457944e+01	3.806262853888599e+00	5131
-2.951794923922927e+00	1.519086264227034e+01	5132
1.291047013258268e+01	-1.907239750140703e+00	5133
-1.321409229163174e+01	-1.856262254166675e-01	5134
-5.869171463848989e+00	1.449569905433505e+01	5135
-1.227424428445750e+01	-1.304917149006262e+01	5136
-1.388256862400360e+01	6.778637887519991e+00	5137
7.345975999434702e+00	-1.458493866107064e+01	5138
1.004728052430088e+01	-1.246772786209646e+01	5139
9.140763511012340e+00	9.782991453412761e+00	5140
-1.189625974476510e+01	-9.102909767096349e+00	5141
-4.609816875630671e+00	1.570792188600493e+01	5142
1.400612089835211e+01	-5.742538322852935e-01	5143
2.841930581360609e+00	-1.768045019599542e+01	5144
1.304080402186666e+01	-6.573525742032872e+00	5145
1.302634101067603e+01	4.848367560586368e+00	5146
-1.530340411260063e+01	9.213059608799855e-01	5147
6.281796829863316e+00	-1.652450533174505e+01	5148
2.353795812360560e+00	1.664179701855348e+01	5149
-1.146845312953131e+01	1.238476559170307e+01	5150
-1.406207325959200e+01	9.023882071694365e+00	5151
1.373120983123503e+01	2.472560101567763e+00	5152
1.359572601056154e+01	-3.385819075563918e+00	5153
1.208993274348198e+01	7.214971244631029e+00	5154
-1.471583131071771e+00	1.668741220830291e+01	5155
-8.064791571523655e+00	1.478928373533006e+01	5156
8.836639109858263e+00	1.115911394205776e+01	5157
-1.338823644656210e+01	-8.472106280023194e+00	5158
-5.872477804904863e-01	-1.862170934498794e+01	5159
1.208286541142089e+01	-1.208347997648468e+01	5160
-1.454987225233265e+01	-1.929573774059507e+00	5161
6.365112679248146e+00	1.560212731508350e+01	5162
1.275706688872544e+01	-9.551286094288228e+00	5163
-1.518200099902981e+01	5.505029461062108e+00	5164
-1.416481973080095e+01	-5.641220251208168e+00	5165
-1.596066679327942e+01	2.501539235628012e+00	5166
-1.482375016979977e+01	-1.771370350059185e-01	5167
9.319741660089241e+00	-1.430466828696287e+01	5168
1.064715084147509e+01	9.438435876714719e+00	5169
1.431204072474542e+01	-5.123985496144432e+00	5170
4.986473801376720e+00	-1.816869044095769e+01	5171
-1.049601753412775e+01	1.462524857748821e+01	5172
1.459604043100924e+01	-8.219975270702715e+00	5173
1.344323664203142e+01	6.375622519831686e+00	5174
-3.375113430360726e+00	1.719838609721664e+01	5175
1.461474975006992e+01	-2.106173923943095e+00	5176
-1.459416072595149e+01	-7.278762210925061e+00	5177
-6.613524885154576e+00	1.644329887099328e+01	5178
-1.461896678233490e+01	-1.011704553293337e+01	5179
-1.728468151815865e+01	1.015944504927863e+00	5180
-1.649456852278250e+01	-8.184221976102333e-01	5181
4.677780512270198e+00	1.747193471346350e+01	5182
4.658396258790600e-01	1.792816061265950e+01	5183
-1.378605584875698e+01	1.148939247523228e+01	5184
-1.551315092340072e+01	-3.936325784053870e+00	5185
-1.579134149760808e+01	7.589889683201017e+00	5186
1.141379102159387e+01	-1.409101389474186e+01	5187
1.216463706965517e+01	8.837297302596452e+00	5188
8.443134970987934e+00	1.283993647055834e+01	5189
1.418295401161053e+01	3.900797838558088e+00	5190
1.492629241948831e+01	1.059042164322805e+00	5191
8.545521933771267e+00	-1.639787023441244e+01	5192
1.422485412206576e+01	-1.129365146233325e+01	5193
-1.654854977095130e+01	4.259778805743969e+00	5194
1.036943296808845e+01	1.096170065427659e+01	5195
1.540752618774141e+01	-3.694356585222564e+00	5196
-1.377290352738912e+01	-1.219674409182860e+01	5197
-1.722351345346848e+01	6.145195734043362e+00	5198
1.469919225901614e+01	5.398855196301814e+00	5199
1.584176722181514e+01	-6.515872778633763e-01	5200
1.493458357740577e+01	-6.963025486965859e+00	5201
1.003546484506695e+01	1.253593661137184e+01	5202
1.567193025986761e+01	-9.548761106607433e+00	5203
-5.210166208889236e+00	1.778157950243302e+01	5204
1.368936899576513e+01	8.061132742433813e+00	5205
7.684424184565923e+00	1.473425705791217e+01	5206
-1.804033972586977e+01	2.899214604328184e+00	5207
-1.616792347902190e+01	-5.950226441074135e+00	5208
1.206969507488088e+01	1.058039934707986e+01	5209
1.552340999625099e+01	2.753632707906021e+00	5210
-1.865650913396676e+01	-6.706890097587035e-01	5211
1.627449463016017e+01	-5.475896265782646e+00	5212
1.600418123372707e+01	4.356928725719871e+00	5213
1.520068468690820e+01	7.104208613643111e+00	5214
8.075668276625127e+00	1.676177139766047e+01	5215
-1.660573038304210e+01	-8.078841198568819e+00	5216
1.378645590261335e+01	9.899051450867246e+00	5217
1.653860306133226e+01	-2.310743858220234e+00	5218
1.688364040537406e+01	1.174103026768119e+00	5219
-1.770574430855956e+01	-2.664938028947726e+00	5220
1.669629592690384e+01	-7.561312489785963e+00	5221
9.654783490462631e+00	1.444561957607728e+01	5222
-1.762521014221717e+01	-4.353302059006716e+00	5223
1.176141944175075e+01	1.229752121338462e+01	5224
1.792420096496702e+01	-7.145858625251896e-01	5225
1.550999364288563e+01	9.008668249477777e+00	5226
1.744698177759350e+01	-3.972265508907729e+00	5227
1.368560141729011e+01	1.187113759463973e+01	5228
1.658997230258407e+01	6.015860637678610e+00	5229
1.755537047461391e+01	3.095112676259304e+00	5230
1.141865943430036e+01	1.406077014674353e+01	5231
1.719490891994314e+01	7.915624706800943e+00	5232
NMARK= 2
MARKER_TAG= airfoil
MARKER_ELEMS= 200
3	199	0
3	0	1
3	1	2
3	2	3
3	3	4
3	4	5
3	5	6
3	6	7
3	7	8
3	8	9
3	9	10
3	10	11
3	11	12
3	12	13
3	13	14
3	14	15
3	15	16
3	16	17
3	17	18
3	18	19
3	19	20
3	20	21
3	21	22
3	22	23
3	23	24
3	24	25
3	25	26
3	26	27
3	27	28
3	28	29
3	29	30
3	30	31
3	31	32
3	32	33
3	33	34
3	34	35
3	35	36
3	36	37
3	37	38
3	38	39
3	39	40
3	40	41
3	41	42
3	42	43
3	43	44
3	44	45
3	45	46
3	46	47
3	47	48
3	48	49
3	49	50
3	50	51
3	51	52
3	52	53
3	53	54
3	54	55
3	55	56
3	56	57
3	57	58
3	58	59
3	59	60
3	60	61
3	61	62
3	62	63
3	63	64
3	64	65
3	65	66
3	66	67
3	67	68
3	68	69
3	69	70
3	70	71
3	71	72
3	72	73
3	73	74
3	74	75
3	75	76
3	76	77
3	77	78
3	78	79
3	79	80
3	80	81
3	81	82
3	82	83
3	83	84
3	84	85
3	85	86
3	86	87
3	87	88
3	88	89
3	89	90
3	90	91
3	91	92
3	92	93
3	93	94
3	94	95
3	95	96
3	96	97
3	97	98
3	98	99
3	99	100
3	100	101
3	101	102
3	102	103
3	103	104
3	104	105
3	105	106
3	106	107
3	107	108
3	108	109
3	109	110
3	110	111
3	111	112
3	112	113
3	113	114
3	114	115
3	115	116
3	116	117
3	117	118
3	118	119
3	119	120
3	120	121
3	121	122
3	122	123
3	123	124
3	124	125
3	125	126
3	126	127
3	127	128
3	128	129
3	129	130
3	130	131
3	131	132
3	132	133
3	133	134
3	134	135
3	135	136
3	136	137
3	137	138
3	138	139
3	139	140
3	140	141
3	141	142
3	142	143
3	143	144
3	144	145
3	145	146
3	146	147
3	147	148
3	148	149
3	149	150
3	150	151
3	151	152
3	152	153
3	153	154
3	154	155
3	155	156
3	156	157
3	157	158
3	158	159
3	159	160
3	160	161
3	161	162
3	162	163
3	163	164
3	164	165
3	165	166
3	166	167
3	167	168
3	168	169
3	169	170
3	170	171
3	171	172
3	172	173
3	173	174
3	174	175
3	175	176
3	176	177
3	177	178
3	178	179
3	179	180
3	180	181
3	181	182
3	182	183
3	183	184
3	184	185
3	185	186
3	186	187
3	187	188
3	188	189
3	189	190
3	190	191
3	191	192
3	192	193
3	193	194
3	194	195
3	195	196
3	196	197
3	197	198
3	198	199
MARKER_TAG= farfield
MARKER_ELEMS= 50
3	200	201
3	201	202
3	202	203
3	203	204
3	204	205
3	205	206
3	206	207
3	207	208
3	208	209
3	209	210
3	210	211
3	211	212
3	212	213
3	213	214
3	214	215
3	215	216
3	216	217
3	217	218
3	218	219
3	219	220
3	220	221
3	221	222
3	222	223
3	223	224
3	224	225
3	225	226
3	226	227
3	227	228
3	228	229
3	229	230
3	230	231
3	231	232
3	232	233
3	233	234
3	234	235
3	235	236
3	236	237
3	237	238
3	238	239
3	239	240
3	240	241
3	241	242
3	242	243
3	243	244
3	244	245
3	245	246
3	246	247
3	247	248
3	248	249
3	249	200
