"Time_Iter","Outer_Iter","Inner_Iter",    "rms[Rho]"    ,    "rms[RhoU]"   ,    "rms[RhoV]"   ,    "rms[RhoE]"   ,    "RefForce"    ,       "CD"       ,       "CL"       ,       "CSF"      ,       "CMx"      ,       "CMy"      ,       "CMz"      ,       "CFx"      ,       "CFy"      ,       "CFz"      ,      "CEff"      
          0,           0,           0,      -4.963398445,      -4.951381929,      -5.394049239,      -4.367016527,             0.448,     0.01998786039,     -0.1320409492,                 0,                 0,                 0,    -0.05805946062,     0.02286356195,     -0.1315734941,                 0,      -6.606057207
          0,           0,           1,      -5.216700335,      -5.096754669,      -5.095594354,      -4.619577295,             0.448,     0.01498887653,     -0.1338699337,                 0,                 0,                 0,    -0.05779696965,      0.0179056668,     -0.1335110956,                 0,      -8.931285366
          0,           0,           2,      -5.113706934,      -5.049156537,      -5.124489507,      -4.523596476,             0.448,     0.01392396599,     -0.1333905692,                 0,                 0,                 0,    -0.05858609048,     0.01683055239,     -0.1330550762,                 0,      -9.579926391
          0,           0,           3,      -5.085187506,      -5.080461491,      -5.085737133,      -4.495571013,             0.448,     0.01383170501,     -0.1345989891,                 0,                 0,                 0,    -0.05928777712,     0.01676467491,     -0.1342652211,                 0,      -9.731192865
          0,           0,           4,      -5.021565427,      -4.999132382,      -5.040560358,      -4.435193849,             0.448,     0.01321978251,     -0.1369207793,                 0,                 0,                 0,    -0.06025026301,     0.01620354762,     -0.1365998078,                 0,      -10.35726414
          0,           0,           5,      -4.986093576,      -4.939989788,      -5.039206609,      -4.403686248,             0.448,     0.01284101513,     -0.1385923463,                 0,                 0,                 0,    -0.06093143038,     0.01586133542,     -0.1382792398,                 0,      -10.79294316
          0,           0,           6,      -4.984611261,      -4.988273872,      -5.056521641,      -4.406954203,             0.448,     0.01262355357,     -0.1404499889,                 0,                 0,                 0,    -0.06164624459,     0.01568444987,     -0.1401411843,                 0,       -11.1260263
          0,           0,           7,      -4.966885501,      -4.955580435,      -5.054537823,      -4.389339867,             0.448,     0.01242791197,     -0.1424753151,                 0,                 0,                 0,    -0.06238411888,     0.01553303708,     -0.1421702964,                 0,      -11.46413939
          0,           0,           8,      -4.950263983,      -4.924504672,      -5.061273475,      -4.374483934,             0.448,     0.01221463969,     -0.1443481625,                 0,                 0,                 0,    -0.06301347546,     0.01536067151,     -0.1440473506,                 0,      -11.81763574
          0,           0,           9,      -4.957295025,       -4.95342662,      -5.079282433,      -4.385884482,             0.448,     0.01198746214,     -0.1461533832,                 0,                 0,                 0,    -0.06359464251,      0.0151729287,     -0.1458570975,                 0,      -12.19218726
          0,           0,          10,      -4.961367362,      -4.988533516,      -5.109285872,      -4.393208934,             0.448,     0.01177076117,     -0.1479512373,                 0,                 0,                 0,    -0.06415569283,     0.01499549928,     -0.1476592511,                 0,      -12.56938572
          0,           0,          11,      -4.960324797,      -5.006083382,       -5.12466693,      -4.394509361,             0.448,     0.01155482654,      -0.149732186,                 0,                 0,                 0,    -0.06468728692,     0.01481846723,     -0.1494444865,                 0,      -12.95841053
          0,           0,          12,      -4.954060629,      -5.014829517,      -5.128378418,      -4.389569337,             0.448,     0.01132795888,     -0.1515046582,                 0,                 0,                 0,    -0.06519256853,     0.01463031984,     -0.1512214861,                 0,      -13.37440044
          0,           0,          13,      -4.948747197,      -5.028929761,      -5.133224756,      -4.384230267,             0.448,     0.01109422821,       -0.15328691,                 0,                 0,                 0,    -0.06568157035,     0.01443552441,     -0.1530084125,                 0,      -13.81681601
          0,           0,          14,      -4.947513021,      -5.056116688,      -5.143564953,      -4.382593387,             0.448,     0.01085981524,     -0.1550743534,                 0,                 0,                 0,    -0.06615410427,     0.01424016009,     -0.1548005443,                 0,      -14.27964932
          0,           0,          15,      -4.945395946,      -5.092701967,      -5.159200592,      -4.380649028,             0.448,     0.01062603714,     -0.1568470498,                 0,                 0,                 0,    -0.06660273662,     0.01404510879,     -0.1565779187,                 0,      -14.76063445
          0,           0,          16,      -4.939411141,      -5.126678088,      -5.175626487,      -4.375735952,             0.448,     0.01039186824,     -0.1585896371,                 0,                 0,                 0,    -0.06702311602,     0.01384900996,     -0.1583251997,                 0,      -15.26093609
          0,           0,          17,      -4.930459002,      -5.147008382,       -5.18873779,      -4.368312749,             0.448,     0.01015752415,     -0.1602931474,                 0,                 0,                 0,     -0.0674142616,     0.01365188351,     -0.1600334168,                 0,      -15.78073013
          0,           0,          18,      -4.920207021,      -5.152443939,      -5.199427746,      -4.359389776,             0.448,    0.009925397849,     -0.1619410104,                 0,                 0,                 0,    -0.06777337922,      0.0134557604,     -0.1616859514,                 0,      -16.31582057
          0,           0,          19,      -4.909898934,      -5.149949794,      -5.211060821,      -4.350000988,             0.448,    0.009697713887,     -0.1635252129,                 0,                 0,                 0,    -0.06809982886,     0.01326268981,     -0.1632747438,                 0,       -16.8622435
          0,           0,          20,      -4.899984155,      -5.146763725,      -5.225246938,      -4.340732058,             0.448,    0.009477999829,     -0.1650405132,                 0,                 0,                 0,    -0.06839210519,     0.01307608414,     -0.1647944765,                 0,      -17.41301078
          0,           0,          21,      -4.890546369,       -5.14614238,      -5.241117694,      -4.331799048,             0.448,    0.009268852747,     -0.1664898781,                 0,                 0,                 0,    -0.06865185152,     0.01289860456,      -0.166248059,                 0,      -17.96229615
          0,           0,          22,      -4.881722754,      -5.147727318,      -5.256674388,      -4.323388643,             0.448,    0.009073876651,     -0.1678656225,                 0,                 0,                 0,    -0.06887858478,     0.01273368657,     -0.1676277294,                 0,      -18.49987926
          0,           0,          23,      -4.873948701,      -5.149916721,      -5.270430619,      -4.315932582,             0.448,    0.008896112799,     -0.1691676196,                 0,                 0,                 0,    -0.06907456661,     0.01258436794,     -0.1689332946,                 0,      -19.01590317
          0,           0,          24,      -4.867209164,      -5.151679462,      -5.282226139,      -4.309387394,             0.448,    0.008737673026,     -0.1703902503,                 0,                 0,                 0,     -0.0692411223,     0.01245263742,     -0.1701590907,                 0,      -19.50064391
          0,           0,          25,      -4.861743765,      -5.153406709,      -5.292378665,      -4.304030971,             0.448,    0.008599458644,     -0.1715365199,                 0,                 0,                 0,     -0.0693831235,     0.01233946167,     -0.1713081026,                 0,      -19.94736262
          0,           0,          26,      -4.857813247,      -5.156238481,      -5.301261522,      -4.300201192,             0.448,    0.008484079555,     -0.1725950161,                 0,                 0,                 0,    -0.06949925674,     0.01224720101,     -0.1723688639,                 0,      -20.34339907
          0,           0,          27,      -4.855130739,      -5.161510068,      -5.309614911,       -4.29768233,             0.448,    0.008391895892,     -0.1735411106,                 0,                 0,                 0,    -0.06958412343,     0.01217567822,     -0.1733167442,                 0,      -20.67960718
          0,           0,          28,      -4.853412419,      -5.170227044,      -5.318165166,      -4.296219528,             0.448,    0.008320601442,      -0.174392803,                 0,                 0,                 0,    -0.06964187035,     0.01212298031,     -0.1741697893,                 0,      -20.95915833
          0,           0,          29,      -4.852264556,       -5.18299618,       -5.32786825,      -4.295419486,             0.448,    0.008269564248,     -0.1751607014,                 0,                 0,                 0,    -0.06967647184,     0.01208870688,     -0.1749386183,                 0,      -21.18137016
          0,           0,          30,      -4.851267913,      -5.199516402,      -5.339505877,      -4.294906791,             0.448,    0.008237403527,     -0.1758471463,                 0,                 0,                 0,    -0.06969018984,     0.01207152853,     -0.1756256015,                 0,      -21.34739979
          0,           0,          31,       -4.84976921,      -5.218643754,      -5.352344164,      -4.293993679,             0.448,    0.008219901015,     -0.1764743053,                 0,                 0,                 0,    -0.06969120031,     0.01206771158,      -0.176252993,                 0,      -21.46915212
          0,           0,          32,      -4.847866416,      -5.239372753,      -5.365309855,      -4.292657581,             0.448,    0.008213478225,     -0.1770485828,                 0,                 0,                 0,    -0.06968284825,     0.01207381812,     -0.1768272739,                 0,      -21.55585952
          0,           0,          33,      -4.845949372,      -5.260757378,       -5.37721052,       -4.29117852,             0.448,    0.008216109537,     -0.1775619135,                 0,                 0,                 0,    -0.06966562501,     0.01208764705,      -0.177340425,                 0,      -21.61143454
          0,           0,          34,      -4.844928784,      -5.282009036,      -5.386211936,      -4.290481221,             0.448,    0.008225488644,     -0.1780267938,                 0,                 0,                 0,    -0.06964300229,     0.01210716524,     -0.1778049901,                 0,      -21.64330917
          0,           0,          35,      -4.845764567,       -5.30225945,      -5.392189948,      -4.291564745,             0.448,    0.008239240955,     -0.1784559731,                 0,                 0,                 0,     -0.0696183364,     0.01213027677,     -0.1782337673,                 0,      -21.65927348
          0,           0,          36,      -4.848849126,      -5.321653324,      -5.394866169,      -4.294746595,             0.448,    0.008254455268,      -0.178843896,                 0,                 0,                 0,    -0.06958870604,     0.01215394996,      -0.178621266,                 0,      -21.66634746
          0,           0,          37,      -4.855150027,      -5.340660072,      -5.394106578,       -4.30098724,             0.448,    0.008268721959,     -0.1791995053,                 0,                 0,                 0,    -0.06955583359,     0.01217597083,     -0.1789764794,                 0,      -21.67197133
          0,           0,          38,      -4.864856889,      -5.359409861,      -5.391890287,      -4.310476803,             0.448,    0.008280947637,     -0.1795369124,                 0,                 0,                 0,    -0.06952217294,      0.0121955541,     -0.1793135395,                 0,      -21.68072064
          0,           0,          39,      -4.876068392,       -5.37670366,      -5.388701995,      -4.321331873,             0.448,    0.008290028272,     -0.1798602397,                 0,                 0,                 0,    -0.06948844544,     0.01221168592,     -0.1796365918,                 0,      -21.69597423
          0,           0,          40,      -4.888040248,      -5.393741247,      -5.386611426,      -4.332904693,             0.448,    0.008295671149,     -0.1801513156,                 0,                 0,                 0,    -0.06945089812,     0.01222367724,     -0.1799274754,                 0,      -21.71630389
          0,           0,          41,      -4.899945466,      -5.411717376,      -5.386821589,      -4.344486717,             0.448,    0.008297224002,     -0.1804093031,                 0,                 0,                 0,    -0.06940985218,     0.01223085769,     -0.1801853676,                 0,      -21.74333283
          0,           0,          42,      -4.910828537,      -5.429472058,      -5.389915353,      -4.355106345,             0.448,    0.008294872877,     -0.1806470838,                 0,                 0,                 0,    -0.06937006299,     0.01223369429,      -0.180423143,                 0,      -21.77816182
          0,           0,          43,      -4.919758146,      -5.445192774,       -5.39908435,      -4.363704723,             0.448,    0.008288992339,     -0.1808524823,                 0,                 0,                 0,     -0.0693283922,     0.01223229589,     -0.1806286209,                 0,      -21.81839178
          0,           0,          44,       -4.92708256,      -5.457901295,      -5.411814697,        -4.3707747,             0.448,    0.008280086991,     -0.1810350912,                 0,                 0,                 0,    -0.06928621355,     0.01222737626,     -0.1808113806,                 0,      -21.86391175
          0,           0,          45,      -4.934521179,       -5.46879491,      -5.428378488,      -4.377898439,             0.448,    0.008269685087,     -0.1812122261,                 0,                 0,                 0,    -0.06924976421,       0.012220841,     -0.1809887002,                 0,      -21.91283273
          0,           0,          46,      -4.944709405,      -5.480861115,      -5.448564672,      -4.387954799,             0.448,    0.008259594801,     -0.1813942925,                 0,                 0,                 0,    -0.06922343028,     0.01221472488,     -0.1811709434,                 0,      -21.96164543
          0,           0,          47,      -4.958978147,      -5.495762777,      -5.470945694,      -4.402602333,             0.448,     0.00825087541,     -0.1815569865,                 0,                 0,                 0,    -0.06920139479,     0.01220955671,     -0.1813337889,                 0,      -22.00457254
          0,           0,          48,       -4.97640949,       -5.51365242,      -5.496046082,       -4.42106264,             0.448,    0.008243994995,     -0.1817127008,                 0,                 0,                 0,    -0.06918569196,     0.01220607483,     -0.1814896163,                 0,      -22.04182571
          0,           0,          49,      -4.994184018,      -5.535394223,      -5.524556934,      -4.439983081,             0.448,    0.008239309803,     -0.1818811704,                 0,                 0,                 0,    -0.06917989907,     0.01220506589,      -0.181658148,                 0,       -22.0748066
          0,           0,          50,      -5.010629366,      -5.560568334,      -5.555739814,      -4.457245439,             0.448,    0.008237369285,     -0.1820699438,                 0,                 0,                 0,    -0.06918549023,     0.01220724391,     -0.1818469189,                 0,      -22.10292358
          0,           0,          51,      -5.024334775,      -5.584939169,      -5.583444078,      -4.471423846,             0.448,    0.008238880268,     -0.1822899347,                 0,                 0,                 0,      -0.069204549,     0.01221355361,     -0.1820668244,                 0,      -22.12557153
          0,           0,          52,      -5.035612667,      -5.604966021,      -5.600942579,      -4.482816964,             0.448,    0.008243815499,     -0.1825421097,                 0,                 0,                 0,      -0.069236225,     0.01222398883,     -0.1823188317,                 0,      -22.14291546
          0,           0,          53,      -5.046142116,      -5.620870364,      -5.606922133,      -4.493101742,             0.448,    0.008252179323,     -0.1828163334,                 0,                 0,                 0,    -0.06927669293,     0.01223833282,     -0.1825928077,                 0,      -22.15370343
          0,           0,          54,      -5.057623258,      -5.635483547,      -5.605373086,      -4.504098766,             0.448,    0.008264358641,     -0.1830955604,                 0,                 0,                 0,    -0.06932212226,     0.01225660055,     -0.1828717026,                 0,      -22.15484206
          0,           0,          55,      -5.071318872,      -5.652756281,      -5.599036027,      -4.517158559,             0.448,    0.008279041137,     -0.1833730067,                 0,                 0,                 0,    -0.06936820087,     0.01227733201,     -0.1831487626,                 0,      -22.14906336
          0,           0,          56,      -5.088202686,      -5.674097912,      -5.590663431,      -4.533361013,             0.448,    0.008295427452,      -0.183652364,                 0,                 0,                 0,    -0.06941452858,     0.01229980857,     -0.1834276959,                 0,      -22.13898742
          0,           0,          57,      -5.108598525,      -5.699775104,      -5.585852689,      -4.552963718,             0.448,    0.008312868523,     -0.1839330685,                 0,                 0,                 0,    -0.06945946942,     0.01232336903,     -0.1837079532,                 0,       -22.1263055
          0,           0,          58,      -5.130644793,       -5.72339911,      -5.586889953,      -4.574114568,             0.448,    0.008331041717,     -0.1842159617,                 0,                 0,                 0,     -0.0695028716,     0.01234770918,     -0.1839903826,                 0,      -22.11199607
          0,           0,          59,      -5.154032188,      -5.746722381,      -5.593424452,      -4.596576924,             0.448,    0.008349257894,     -0.1844909766,                 0,                 0,                 0,    -0.06954163573,     0.01237192044,     -0.1842649347,                 0,      -22.09669158
          0,           0,          60,      -5.178568728,      -5.771326934,       -5.60467527,      -4.620273505,             0.448,    0.008367175591,     -0.1847531636,                 0,                 0,                 0,    -0.06957452511,     0.01239555345,     -0.1845266684,                 0,      -22.08070831
          0,           0,          61,      -5.204829729,      -5.799149754,      -5.620609883,      -4.645927678,             0.448,    0.008384647849,     -0.1849969542,                 0,                 0,                 0,     -0.0696009037,     0.01241833982,     -0.1847700198,                 0,      -22.06377149
          0,           0,          62,      -5.231918454,      -5.829336981,      -5.637944706,      -4.672603873,             0.448,    0.008401219823,     -0.1852257765,                 0,                 0,                 0,    -0.06962175439,     0.01243989958,     -0.1849984262,                 0,      -22.04748601
          0,           0,          63,      -5.259107591,      -5.859416949,      -5.656997169,       -4.69950372,             0.448,    0.008416540683,     -0.1854420922,                 0,                 0,                 0,    -0.06963784878,      0.0124599357,     -0.1852143561,                 0,      -22.03305362
          0,           0,          64,      -5.286156604,      -5.886985062,      -5.679731648,      -4.726392361,             0.448,    0.008430854209,     -0.1856379951,                 0,                 0,                 0,    -0.06964826009,     0.01247851942,     -0.1854099002,                 0,      -22.01888332
          0,           0,          65,      -5.312720201,      -5.910912312,       -5.70359951,      -4.753033919,             0.448,    0.008444107979,     -0.1858183208,                 0,                 0,                 0,    -0.06965455971,     0.01249570382,     -0.1855898938,                 0,      -22.00567795
          0,           0,          66,      -5.337947284,      -5.930234417,      -5.730105159,      -4.778436818,             0.448,     0.00845608368,     -0.1859879439,                 0,                 0,                 0,    -0.06965786074,     0.01251137698,     -0.1857592154,                 0,      -21.99457231
          0,           0,          67,      -5.361785271,      -5.945640137,      -5.759781188,      -4.802407427,             0.448,    0.008466657131,     -0.1861491775,                 0,                 0,                 0,    -0.06965863162,      0.0125254652,     -0.1859201799,                 0,      -21.98614809
          0,           0,          68,      -5.384798734,      -5.960023634,       -5.79240054,      -4.825548711,             0.448,    0.008475848565,     -0.1863015843,                 0,                 0,                 0,    -0.06965687954,     0.01253797919,     -0.1860723499,                 0,      -21.98028704
          0,           0,          69,      -5.407583836,      -5.976107763,      -5.827310438,      -4.848570125,             0.448,     0.00848397822,     -0.1864461559,                 0,                 0,                 0,    -0.06965344675,     0.01254926072,     -0.1862167097,                 0,      -21.97626527
          0,           0,          70,      -5.430284894,      -5.995191175,      -5.862214906,      -4.871567246,             0.448,    0.008491084721,     -0.1865844981,                 0,                 0,                 0,    -0.06964872612,     0.01255938345,      -0.186354864,                 0,      -21.97416517
          0,           0,          71,      -5.453424582,      -6.016168764,      -5.898734061,      -4.894982777,             0.448,    0.008497287608,      -0.186717626,                 0,                 0,                 0,    -0.06964311867,     0.01256848903,      -0.186487825,                 0,      -21.97379148
          0,           0,          72,      -5.476780404,      -6.037977293,      -5.936725225,      -4.918515349,             0.448,    0.008502659043,     -0.1868445774,                 0,                 0,                 0,    -0.06963633334,     0.01257662862,     -0.1866146289,                 0,      -21.97484063
          0,           0,          73,      -5.500216315,      -6.059397196,      -5.975722744,      -4.942033897,             0.448,    0.008507335074,     -0.1869639041,                 0,                 0,                 0,    -0.06962802689,     0.01258390663,     -0.1867338252,                 0,      -21.97678856
          0,           0,          74,       -5.52368901,      -6.079449952,      -6.014808172,      -4.965548634,             0.448,    0.008511495605,     -0.1870754638,                 0,                 0,                 0,    -0.06961825351,     0.01259049983,     -0.1868452676,                 0,      -21.97915295
          0,           0,          75,      -5.546981501,        -6.0973095,      -6.052875267,      -4.988877289,             0.448,    0.008515254455,     -0.1871799864,                 0,                 0,                 0,    -0.06960725957,     0.01259653794,     -0.1869496833,                 0,      -21.98172555
          0,           0,          76,      -5.570239476,      -6.113375296,      -6.089361121,       -5.01212275,             0.448,    0.008518678137,     -0.1872759509,                 0,                 0,                 0,    -0.06959469789,     0.01260205426,     -0.1870455504,                 0,      -21.98415622
          0,           0,          77,      -5.593546723,      -6.129032545,      -6.123702529,      -5.035329577,             0.448,    0.008521911475,      -0.187363249,                 0,                 0,                 0,    -0.06958073745,     0.01260719123,     -0.1871327571,                 0,      -21.98605906
          0,           0,          78,      -5.616769882,      -6.144594778,      -6.155105145,      -5.058424343,             0.448,     0.00852500785,     -0.1874419189,                 0,                 0,                 0,    -0.06956549089,     0.01261200304,     -0.1872113407,                 0,      -21.98730162
          0,           0,          79,      -5.639731688,      -6.160090903,       -6.18337904,      -5.081279329,             0.448,    0.008528000548,     -0.1875120166,                 0,                 0,                 0,    -0.06954901368,      0.0126165242,     -0.1872813565,                 0,      -21.98780542
          0,           0,          80,      -5.662312341,      -6.175622191,      -6.208754739,       -5.10379064,             0.448,    0.008530937482,     -0.1875738178,                 0,                 0,                 0,    -0.06953155298,     0.01262080862,     -0.1873430789,                 0,      -21.98748007
          0,           0,          81,      -5.684494365,      -6.191356878,      -6.232051114,      -5.125968047,             0.448,    0.008533883339,      -0.187628187,                 0,                 0,                 0,    -0.06951355252,     0.01262493983,     -0.1873973709,                 0,      -21.98626107
          0,           0,          82,      -5.706077922,      -6.207076053,      -6.253255475,       -5.14759125,             0.448,    0.008536808122,     -0.1876760508,                 0,                 0,                 0,    -0.06949529592,     0.01262890806,     -0.1874451595,                 0,      -21.98433514
          0,           0,          83,      -5.726971621,      -6.222759322,      -6.272649369,      -5.168549003,             0.448,    0.008539584536,     -0.1877170181,                 0,                 0,                 0,    -0.06947656654,     0.01263257752,     -0.1874860565,                 0,      -21.98198487
          0,           0,          84,      -5.747076314,      -6.238496737,      -6.290301889,       -5.18874867,             0.448,    0.008542200874,     -0.1877516046,                 0,                 0,                 0,    -0.06945761675,     0.01263594773,     -0.1875205777,                 0,      -21.97930104
          0,           0,          85,      -5.766258717,      -6.254221048,      -6.306210849,      -5.208064609,             0.448,    0.008544670763,     -0.1877807421,                 0,                 0,                 0,    -0.06943885767,     0.01263905266,     -0.1875496544,                 0,      -21.97635782
          0,           0,          86,      -5.784457219,      -6.269940334,      -6.320587245,      -5.226439661,             0.448,     0.00854695504,     -0.1878048833,                 0,                 0,                 0,     -0.0694204396,     0.01264186303,     -0.1875737399,                 0,       -21.9733089
          0,           0,          87,      -5.801618499,      -6.285737706,      -6.333576933,      -5.243834615,             0.448,    0.008549025761,     -0.1878244376,                 0,                 0,                 0,    -0.06940249698,     0.01264435984,     -0.1875932445,                 0,      -21.97027391
          0,           0,          88,       -5.81764584,       -6.30166934,      -6.345032965,      -5.260140302,             0.448,    0.008550867397,     -0.1878400117,                 0,                 0,                 0,    -0.06938520085,     0.01264654078,     -0.1876087746,                 0,      -21.96736342
          0,           0,          89,      -5.832495279,      -6.317848539,       -6.35494125,      -5.275288904,             0.448,    0.008552448509,     -0.1878520928,                 0,                 0,                 0,    -0.06936867021,     0.01264838507,     -0.1876208184,                 0,      -21.96471485
          0,           0,          90,      -5.846167633,      -6.334391821,      -6.363742248,      -5.289274901,             0.448,    0.008553755122,     -0.1878613988,                 0,                 0,                 0,    -0.06935307708,     0.01264989438,     -0.1876300936,                 0,      -21.96244761
          0,           0,          91,      -5.858745567,      -6.351370596,      -6.371886421,      -5.302185856,             0.448,    0.008554761073,     -0.1878684263,                 0,                 0,                 0,     -0.0693385135,     0.01265105339,     -0.1876370976,                 0,      -21.96068654
          0,           0,          92,      -5.870282038,      -6.368917105,       -6.37983914,      -5.314054899,             0.448,    0.008555468534,     -0.1878736851,                 0,                 0,                 0,    -0.06932510159,     0.01265187541,     -0.1876423397,                 0,      -21.95948525
          0,           0,          93,      -5.880859167,      -6.387197021,      -6.387969221,      -5.324960035,             0.448,    0.008555896279,     -0.1878777814,                 0,                 0,                 0,    -0.06931300644,     0.01265239241,     -0.1876464256,                 0,      -21.95886617
          0,           0,          94,      -5.890599276,      -6.406353079,      -6.396475536,       -5.33502422,             0.448,    0.008556049139,     -0.1878811771,                 0,                 0,                 0,    -0.06930228643,     0.01265261931,     -0.1876498173,                 0,      -21.95887075
          0,           0,          95,      -5.899635911,      -6.426386488,      -6.405563738,      -5.344367008,             0.448,    0.008555936392,     -0.1878842531,                 0,                 0,                 0,    -0.06929296015,     0.01265257369,      -0.187652895,                 0,      -21.95951963
          0,           0,          96,      -5.908134519,      -6.447226327,      -6.415460372,      -5.353139606,             0.448,    0.008555584746,     -0.1878873893,                 0,                 0,                 0,    -0.06928508025,     0.01265229055,     -0.1876560381,                 0,      -21.96078876
          0,           0,          97,      -5.916273161,      -6.468864369,      -6.426318958,      -5.361514192,             0.448,    0.008555019704,     -0.1878910009,                 0,                 0,                 0,    -0.06927868986,     0.01265180442,     -0.1876596611,                 0,      -21.96266138
          0,           0,          98,      -5.924240297,      -6.491319713,      -6.438223124,      -5.369676658,             0.448,     0.00855425593,     -0.1878953482,                 0,                 0,                 0,    -0.06927376837,     0.01265113567,     -0.1876640241,                 0,      -21.96513054
          0,           0,          99,      -5.932212685,       -6.51455601,      -6.451225273,      -5.377803416,             0.448,     0.00855332438,      -0.187900722,                 0,                 0,                 0,    -0.06927032055,     0.01265032157,     -0.1876694169,                 0,      -21.96815106
          0,           0,         100,       -5.94033447,      -6.538463955,      -6.465269549,      -5.386038824,             0.448,      0.0085522482,     -0.1879072919,                 0,                 0,                 0,    -0.06926831658,     0.01264938897,     -0.1876760088,                 0,      -21.97168365
          0,           0,         101,      -5.948730949,      -6.562916053,      -6.480283445,       -5.39451004,             0.448,    0.008551048043,     -0.1879152377,                 0,                 0,                 0,    -0.06926766968,     0.01264836243,     -0.1876839788,                 0,      -21.97569663
          0,           0,         102,      -5.957523329,      -6.587753571,      -6.496167745,      -5.403336065,             0.448,    0.008549731193,     -0.1879244741,                 0,                 0,                 0,    -0.06926824333,     0.01264724739,     -0.1876932417,                 0,       -21.9801617
          0,           0,         103,      -5.966757788,      -6.612821399,      -6.512806978,      -5.412559103,             0.448,    0.008548315121,     -0.1879347374,                 0,                 0,                 0,    -0.06926994453,     0.01264605554,     -0.1877035335,                 0,      -21.98500344
          0,           0,         104,      -5.976479937,      -6.638100747,      -6.529944594,      -5.422250145,             0.448,    0.008546834086,     -0.1879456811,                 0,                 0,                 0,    -0.06927268506,      0.0126448136,     -0.1877145069,                 0,      -21.99009355
          0,           0,         105,      -5.986755603,      -6.663134622,      -6.547104101,      -5.432494049,             0.448,    0.008545283936,     -0.1879581397,                 0,                 0,                 0,    -0.06927651549,      0.0126435356,     -0.1877269964,                 0,      -21.99554059
          0,           0,         106,      -5.997882174,      -6.688540783,      -6.564104146,      -5.443519355,             0.448,     0.00854363441,     -0.1879717973,                 0,                 0,                 0,    -0.06928115767,      0.0126421844,     -0.1877406867,                 0,      -22.00138586
          0,           0,         107,      -6.009919532,      -6.715270262,      -6.580483038,      -5.455394772,             0.448,    0.008541893457,     -0.1879863605,                 0,                 0,                 0,    -0.06928645864,     0.01264076156,     -0.1877552844,                 0,      -22.00757495
          0,           0,         108,      -6.022523109,      -6.742402758,      -6.596200118,      -5.467840673,             0.448,    0.008540090801,     -0.1880019397,                 0,                 0,                 0,    -0.06929235154,     0.01263929919,     -0.1877708992,                 0,      -22.01404459
          0,           0,         109,      -6.035461494,      -6.767955693,       -6.61172381,      -5.480637025,             0.448,    0.008538226867,     -0.1880184203,                 0,                 0,                 0,    -0.06929873467,     0.01263779522,     -0.1877874166,                 0,      -22.02078058
          0,           0,         110,      -6.048655668,      -6.790654242,      -6.627417699,      -5.493688436,             0.448,    0.008536279967,     -0.1880354724,                 0,                 0,                 0,    -0.06930555256,     0.01263622078,     -0.1878045071,                 0,      -22.02780053
          0,           0,         111,      -6.062080183,      -6.810348172,      -6.643377743,      -5.506976925,             0.448,    0.008534258405,     -0.1880530242,                 0,                 0,                 0,    -0.06931271085,     0.01263458259,     -0.1878220988,                 0,      -22.03507502
          0,           0,         112,      -6.075740436,      -6.827604786,      -6.659535452,       -5.52049751,             0.448,    0.008532167983,     -0.1880709577,                 0,                 0,                 0,    -0.06932008566,     0.01263288388,     -0.1878400736,                 0,      -22.04257559
          0,           0,         113,      -6.089637435,      -6.843259543,      -6.675668749,      -5.534249827,             0.448,    0.008530005515,     -0.1880890038,                 0,                 0,                 0,    -0.06932754321,      0.0126311156,     -0.1878581626,                 0,      -22.05027927
          0,           0,         114,      -6.103762155,        -6.8580372,      -6.691579071,      -5.548232009,             0.448,    0.008527766319,     -0.1881069163,                 0,                 0,                 0,    -0.06933497895,     0.01262926769,     -0.1878761197,                 0,      -22.05816966
          0,           0,         115,      -6.118096814,      -6.872331296,      -6.707212231,       -5.56242961,             0.448,    0.008525452488,     -0.1881245388,                 0,                 0,                 0,     -0.0693423275,     0.01262733885,     -0.1878937885,                 0,      -22.06622336
          0,           0,         116,      -6.132635079,      -6.886231532,      -6.722603264,      -5.576835804,             0.448,    0.008523068249,     -0.1881417171,                 0,                 0,                 0,    -0.06934952305,     0.01262532992,     -0.1879110147,                 0,      -22.07441165
          0,           0,         117,      -6.147367421,      -6.899645443,      -6.737802705,      -5.591436574,             0.448,    0.008520626284,     -0.1881583759,                 0,                 0,                 0,    -0.06935654362,     0.01262325194,     -0.1879277228,                 0,      -22.08269318
          0,           0,         118,      -6.162289359,       -6.91246365,      -6.752849765,      -5.606224311,             0.448,    0.008518137056,     -0.1881744431,                 0,                 0,                 0,    -0.06936337544,     0.01262111381,     -0.1879438405,                 0,      -22.09103256
          0,           0,         119,      -6.177410519,      -6.924663235,      -6.767803149,       -5.62120685,             0.448,    0.008515606885,     -0.1881898354,                 0,                 0,                 0,    -0.06936999844,     0.01261892002,     -0.1879592843,                 0,      -22.09940383
          0,           0,         120,      -6.192758058,      -6.936300774,      -6.782767996,      -5.636409987,             0.448,    0.008513046631,     -0.1882045233,                 0,                 0,                 0,    -0.06937641492,      0.0126166808,     -0.1879740246,                 0,      -22.10777545
          0,           0,         121,      -6.208401159,      -6.947404786,      -6.797881132,      -5.651906709,             0.448,    0.008510471637,     -0.1882183672,                 0,                 0,                 0,    -0.06938260763,     0.01261440842,     -0.1879879213,                 0,      -22.11609123
          0,           0,         122,      -6.224466882,      -6.957812344,      -6.813053216,      -5.667832774,             0.448,    0.008507899636,     -0.1882317033,                 0,                 0,                 0,    -0.06938868588,     0.01261212795,     -0.1880013104,                 0,      -22.12434459
          0,           0,         123,      -6.240842953,      -6.967496034,      -6.828245741,      -5.684045724,             0.448,    0.008505321916,      -0.188244387,                 0,                 0,                 0,    -0.06939458674,     0.01260982754,     -0.1880140474,                 0,      -22.13254112
          0,           0,         124,      -6.257663135,       -6.97684763,      -6.843876076,      -5.700658205,             0.448,    0.008502732246,     -0.1882562111,                 0,                 0,                 0,    -0.06940023989,     0.01260749643,     -0.1880259251,                 0,      -22.14067263
          0,           0,         125,      -6.274880255,      -6.986002382,      -6.860090365,      -5.717651025,             0.448,    0.008500154102,     -0.1882672534,                 0,                 0,                 0,    -0.06940570658,     0.01260515978,      -0.188037021,                 0,      -22.14868709
          0,           0,         126,      -6.292454857,      -6.994985204,        -6.8768102,      -5.735004583,             0.448,    0.008497600647,     -0.1882775903,                 0,                 0,                 0,    -0.06941102159,     0.01260283244,     -0.1880474112,                 0,      -22.15655903
          0,           0,         127,      -6.310436779,      -7.003810732,      -6.894019762,        -5.7527736,             0.448,     0.00849507322,     -0.1882872181,                 0,                 0,                 0,    -0.06941617391,     0.01260051564,     -0.1880570918,                 0,      -22.16428431
          0,           0,         128,      -6.328868251,      -7.012557274,      -6.911648862,      -5.771001324,             0.448,    0.008492581035,     -0.1882961673,                 0,                 0,                 0,    -0.06942117828,     0.01259821927,     -0.1880660932,                 0,      -22.17184229
          0,           0,         129,      -6.347759855,      -7.021171421,      -6.929657148,      -5.789698431,             0.448,    0.008490132668,     -0.1883044809,                 0,                 0,                 0,    -0.06942605454,     0.01259595285,     -0.1880744583,                 0,      -22.17921537
          0,           0,         130,      -6.367116999,      -7.029490509,       -6.94798668,       -5.80887072,             0.448,    0.008487733586,     -0.1883122152,                 0,                 0,                 0,     -0.0694308196,     0.01259372306,      -0.188082243,                 0,      -22.18639561
          0,           0,         131,      -6.386943913,       -7.03746269,      -6.966653481,      -5.828522225,             0.448,    0.008485387252,     -0.1883194143,                 0,                 0,                 0,    -0.06943548542,     0.01259153433,     -0.1880894916,                 0,      -22.19337889
          0,           0,         132,      -6.407254855,       -7.04510325,      -6.985737987,      -5.848666846,             0.448,    0.008483098083,     -0.1883261338,                 0,                 0,                 0,    -0.06944006448,     0.01258939229,     -0.1880962595,                 0,      -22.20015989
          0,           0,         133,      -6.428067487,      -7.052407388,       -7.00531165,      -5.869321213,             0.448,     0.00848087044,     -0.1883324291,                 0,                 0,                 0,    -0.06944457288,     0.01258730251,     -0.1881026019,                 0,      -22.20673343
          0,           0,         134,      -6.449394664,      -7.059372546,        -7.0254126,      -5.890497501,             0.448,    0.008478707818,     -0.1883383558,                 0,                 0,                 0,     -0.0694490251,     0.01258526969,     -0.1881085743,                 0,       -22.2130966
          0,           0,         135,      -6.471252209,      -7.066023293,      -7.046040338,        -5.9122124,             0.448,    0.008476613256,     -0.1883439723,                 0,                 0,                 0,    -0.06945343323,     0.01258329815,     -0.1881142352,                 0,      -22.21924802
          0,           0,         136,      -6.493638161,      -7.072392199,      -7.067186697,      -5.934462851,             0.448,    0.008474589494,     -0.1883493361,                 0,                 0,                 0,    -0.06945780845,     0.01258139188,     -0.1881196418,                 0,      -22.22518698
          0,           0,         137,      -6.516551292,      -7.078520607,      -7.088827742,      -5.957247681,             0.448,    0.008472638021,     -0.1883544963,                 0,                 0,                 0,     -0.0694621582,     0.01257955344,     -0.1881248434,                 0,      -22.23091507
          0,           0,         138,       -6.53998589,      -7.084451129,      -7.110925754,      -5.980560977,             0.448,    0.008470758914,     -0.1883594954,                 0,                 0,                 0,    -0.06946648573,     0.01257778384,     -0.1881298823,                 0,      -22.23643682
          0,           0,         139,      -6.563929245,      -7.090229825,      -7.133427076,      -6.004389302,             0.448,    0.008468952089,     -0.1883643756,                 0,                 0,                 0,    -0.06947079388,     0.01257608391,     -0.1881348007,                 0,      -22.24175714
          0,           0,         140,      -6.588367132,      -7.095912297,      -7.156259105,      -6.028718689,             0.448,    0.008467216586,     -0.1883691685,                 0,                 0,                 0,    -0.06947508063,     0.01257445337,     -0.1881396304,                 0,      -22.24688203
          0,           0,         141,      -6.613277136,      -7.101549294,      -7.179326851,       -6.05352697,             0.448,    0.008465552353,     -0.1883739131,                 0,                 0,                 0,    -0.06947934686,     0.01257289304,     -0.1881444102,                 0,      -22.25181597
          0,           0,         142,      -6.638630184,      -7.107196613,      -7.202521803,      -6.078785426,             0.448,    0.008463959045,     -0.1883786408,                 0,                 0,                 0,    -0.06948359061,     0.01257140324,     -0.1881491715,                 0,      -22.25656336
          0,           0,         143,      -6.664395739,      -7.112907213,      -7.225740659,      -6.104463759,             0.448,    0.008462435667,     -0.1883833731,                 0,                 0,                 0,     -0.0694878058,     0.01256998346,     -0.1881539359,                 0,      -22.26112913
          0,           0,         144,      -6.690533011,      -7.118742636,      -7.248886997,      -6.130520979,             0.448,    0.008460981446,     -0.1883881279,                 0,                 0,                 0,    -0.06949198586,     0.01256863331,     -0.1881587213,                 0,       -22.2655172
          0,           0,         145,      -6.716994568,      -7.124763384,      -7.271866153,      -6.156910993,             0.448,    0.008459595419,     -0.1883929169,                 0,                 0,                 0,    -0.06949612237,     0.01256735209,     -0.1881635394,                 0,       -22.2697313
          0,           0,         146,      -6.743722944,      -7.131035941,      -7.294571605,      -6.183577267,             0.448,    0.008458275965,     -0.1883977429,                 0,                 0,                 0,    -0.06950020324,     0.01256613823,      -0.188168393,                 0,      -22.27377584
          0,           0,         147,      -6.770662662,      -7.137636573,      -7.316917821,      -6.210464996,             0.448,    0.008457021542,     -0.1884026047,                 0,                 0,                 0,    -0.06950421606,     0.01256499016,     -0.1881732811,                 0,      -22.27765459
          0,           0,         148,      -6.797752081,      -7.144634919,      -7.338873018,      -6.237512235,             0.448,    0.008455830446,     -0.1884074971,                 0,                 0,                 0,    -0.06950814772,     0.01256390608,     -0.1881781983,                 0,      -22.28137122
          0,           0,         149,      -6.824916972,      -7.152101609,      -7.360425993,      -6.264645425,             0.448,    0.008454701114,     -0.1884124101,                 0,                 0,                 0,    -0.06951198499,     0.01256288419,     -0.1881831348,                 0,      -22.28492854
          0,           0,         150,      -6.852071662,      -7.160105652,      -7.381573932,      -6.291780172,             0.448,    0.008453632084,     -0.1884173323,                 0,                 0,                 0,     -0.0695157156,     0.01256192279,     -0.1881880791,                 0,       -22.2883289
          0,           0,         151,      -6.879121916,      -7.168709547,      -7.402320196,      -6.318823232,             0.448,    0.008452622181,     -0.1884222524,                 0,                 0,                 0,    -0.06951932883,     0.01256102046,       -0.18819302,                 0,      -22.29157394
          0,           0,         152,      -6.905967126,      -7.177965053,      -7.422683989,      -6.345674729,             0.448,    0.008451670107,     -0.1884271534,                 0,                 0,                 0,    -0.06952281369,     0.01256017553,     -0.1881979406,                 0,      -22.29466496
          0,           0,         153,      -6.932497497,      -7.187915393,      -7.442698582,      -6.372225887,             0.448,    0.008450774616,     -0.1884320182,                 0,                 0,                 0,    -0.06952616073,     0.01255938638,     -0.1882028239,                 0,       -22.2976031
          0,           0,         154,      -6.958588839,      -7.198596915,      -7.462390982,      -6.398354175,             0.448,    0.008449934582,      -0.188436831,                 0,                 0,                 0,    -0.06952936246,     0.01255865153,     -0.1882076538,                 0,      -22.30038933
          0,           0,         155,      -6.984105843,      -7.210036689,      -7.481777615,      -6.423926922,             0.448,    0.008449148716,     -0.1884415741,                 0,                 0,                 0,    -0.06953241213,     0.01255796932,     -0.1882124129,                 0,      -22.30302489
          0,           0,         156,      -7.008905691,      -7.222251937,      -7.500866628,      -6.448804154,             0.448,    0.008448415353,     -0.1884462273,                 0,                 0,                 0,    -0.06953530308,     0.01255733764,      -0.188217081,                 0,      -22.30551168
          0,           0,         157,      -7.032839168,      -7.235251649,      -7.519661796,      -6.472838598,             0.448,    0.008447733235,     -0.1884507763,                 0,                 0,                 0,    -0.06953803241,     0.01255675492,     -0.1882216438,                 0,      -22.30785124
          0,           0,         158,      -7.055754782,      -7.249035387,      -7.538150843,      -6.495881496,             0.448,    0.008447101243,     -0.1884552088,                 0,                 0,                 0,    -0.06954059942,     0.01255621978,      -0.188226089,                 0,        -22.310045
          0,           0,         159,      -7.077491114,      -7.263592719,      -7.556307319,      -6.517773728,             0.448,    0.008446518506,     -0.1884595167,                 0,                 0,                 0,    -0.06954300612,     0.01255573115,     -0.1882304086,                 0,      -22.31209421
          0,           0,         160,      -7.097896645,      -7.278904723,      -7.574062363,      -6.538366492,             0.448,    0.008445983471,     -0.1884636896,                 0,                 0,                 0,    -0.06954525361,     0.01255528728,     -0.1882345921,                 0,       -22.3140017
          0,           0,         161,       -7.11685657,      -7.294950024,      -7.591351644,      -6.557547405,             0.448,    0.008445494467,     -0.1884677198,                 0,                 0,                 0,    -0.06954734419,     0.01255488631,     -0.1882386321,                 0,      -22.31577092
          0,           0,         162,       -7.13426737,      -7.311702047,      -7.608088693,      -6.575211629,             0.448,    0.008445050152,     -0.1884716047,                 0,                 0,                 0,    -0.06954928273,     0.01255452685,     -0.1882425257,                 0,      -22.31740502
          0,           0,         163,      -7.150057526,      -7.329128884,      -7.624210731,      -6.591284267,             0.448,    0.008444649232,      -0.188475344,                 0,                 0,                 0,    -0.06955107538,     0.01255420759,     -0.1882462729,                 0,      -22.31890737
          0,           0,         164,      -7.164194122,      -7.347199404,      -7.639673664,      -6.605727431,             0.448,    0.008444290264,     -0.1884789384,                 0,                 0,                 0,    -0.06955272844,     0.01255392713,     -0.1882498743,                 0,      -22.32028182
          0,           0,         165,      -7.176685939,      -7.365886676,      -7.654439135,      -6.618542866,             0.448,    0.008443971787,     -0.1884823905,                 0,                 0,                 0,    -0.06955424868,     0.01255368403,     -0.1882533325,                 0,      -22.32153248
          0,           0,         166,      -7.187586805,      -7.385167358,      -7.668497258,      -6.629775722,             0.448,    0.008443692355,     -0.1884857036,                 0,                 0,                 0,    -0.06955564329,     0.01255347694,     -0.1882566509,                 0,      -22.32266356
          0,           0,         167,      -7.196987934,       -7.40501873,       -7.68184571,      -6.639507815,             0.448,    0.008443450435,     -0.1884888837,                 0,                 0,                 0,    -0.06955691993,     0.01255330445,     -0.1882598355,                 0,      -22.32367977
          0,           0,         168,      -7.205018298,      -7.425422287,      -7.694511418,      -6.647858581,             0.448,    0.008443244557,     -0.1884919374,                 0,                 0,                 0,    -0.06955808626,     0.01255316524,     -0.1882628931,                 0,      -22.32458579
          0,           0,         169,      -7.211831484,      -7.446365415,      -7.706537901,      -6.654972634,             0.448,    0.008443073342,      -0.188494872,                 0,                 0,                 0,    -0.06955914969,     0.01255305808,     -0.1882658306,                 0,      -22.32538607
          0,           0,         170,      -7.217605115,      -7.467841201,      -7.718004055,      -6.661020471,             0.448,    0.008442935377,     -0.1884976951,                 0,                 0,                 0,    -0.06956011761,     0.01255298173,      -0.188268656,                 0,      -22.32608526
          0,           0,         171,      -7.222522539,       -7.48984658,      -7.728995367,      -6.666179937,             0.448,    0.008442829266,     -0.1885004147,                 0,                 0,                 0,     -0.0695609971,     0.01255293498,     -0.1882713773,                 0,      -22.32668798
          0,           0,         172,      -7.226764195,      -7.512379766,      -7.739591905,      -6.670626921,             0.448,    0.008442753594,     -0.1885030389,                 0,                 0,                 0,    -0.06956179483,     0.01255291657,     -0.1882740026,                 0,      -22.32719892
          0,           0,         173,      -7.230510926,      -7.535441069,      -7.749873724,      -6.674539827,             0.448,     0.00844270692,     -0.1885055756,                 0,                 0,                 0,    -0.06956251706,     0.01255292525,     -0.1882765397,                 0,      -22.32762281
          0,           0,         174,      -7.233930896,      -7.559032613,      -7.759911391,      -6.678086891,             0.448,     0.00844268782,     -0.1885080325,                 0,                 0,                 0,    -0.06956316959,     0.01255295975,     -0.1882789965,                 0,      -22.32796433
          0,           0,         175,      -7.237177861,      -7.583157076,       -7.76976619,      -6.681423179,             0.448,    0.008442694836,     -0.1885104167,                 0,                 0,                 0,    -0.06956375754,     0.01255301877,     -0.1882813799,                 0,      -22.32822817
          0,           0,         176,      -7.240390685,      -7.607816235,      -7.779491526,      -6.684689884,             0.448,    0.008442726489,     -0.1885127339,                 0,                 0,                 0,    -0.06956428538,     0.01255310097,     -0.1882836959,                 0,      -22.32841893
          0,           0,         177,      -7.243689472,      -7.633009459,       -7.78913564,      -6.688009722,             0.448,      0.0084427815,     -0.1885149915,                 0,                 0,                 0,    -0.06956475794,     0.01255320521,     -0.1882859517,                 0,      -22.32854084
          0,           0,         178,      -7.247176921,      -7.658733405,      -7.798739169,      -6.691488732,             0.448,    0.008442858458,      -0.188517195,                 0,                 0,                 0,    -0.06956517904,     0.01255333022,      -0.188288153,                 0,      -22.32859829
          0,           0,         179,      -7.250940333,      -7.684980073,      -7.808332229,      -6.695218001,             0.448,    0.008442955919,     -0.1885193487,                 0,                 0,                 0,     -0.0695655519,     0.01255347464,     -0.1882903041,                 0,      -22.32859563
          0,           0,         180,      -7.255052887,      -7.711734359,       -7.81793716,      -6.699274378,             0.448,    0.008443072464,     -0.1885214564,                 0,                 0,                 0,     -0.0695658794,     0.01255363714,     -0.1882924088,                 0,      -22.32853706
          0,           0,         181,      -7.259574341,      -7.738972028,      -7.827573592,      -6.703721039,             0.448,    0.008443206667,     -0.1885235211,                 0,                 0,                 0,    -0.06956616393,     0.01255381635,       -0.18829447,                 0,      -22.32842669
          0,           0,         182,      -7.264552604,      -7.766657749,      -7.837260555,      -6.708609165,             0.448,    0.008443357113,     -0.1885255449,                 0,                 0,                 0,    -0.06956640753,     0.01255401091,       -0.18829649,                 0,      -22.32826852
          0,           0,         183,      -7.270025333,       -7.79474125,      -7.847016863,      -6.713979447,             0.448,     0.00844352242,     -0.1885275293,                 0,                 0,                 0,    -0.06956661199,     0.01255421947,     -0.1882984704,                 0,      -22.32806641
          0,           0,         184,      -7.276021159,      -7.823151937,      -7.856860127,      -6.719863159,             0.448,    0.008443701233,     -0.1885294754,                 0,                 0,                 0,    -0.06956677886,     0.01255444069,     -0.1883004121,                 0,      -22.32782404
          0,           0,         185,      -7.282561113,       -7.85179387,      -7.866807751,      -6.726283596,             0.448,    0.008443892215,     -0.1885313837,                 0,                 0,                 0,     -0.0695669095,     0.01255467326,     -0.1883023158,                 0,      -22.32754503
          0,           0,         186,       -7.28965981,       -7.88053976,       -7.87687845,      -6.733257317,             0.448,     0.00844409409,     -0.1885332545,                 0,                 0,                 0,     -0.0695670052,      0.0125549159,     -0.1883041817,                 0,      -22.32723279
          0,           0,         187,      -7.297325739,      -7.909223645,         -7.887095,      -6.740794553,             0.448,    0.008444305625,     -0.1885350871,                 0,                 0,                 0,    -0.06956706705,     0.01255516736,     -0.1883060093,                 0,       -22.3268905
          0,           0,         188,      -7.305562607,      -7.937633386,      -7.897475322,      -6.748900632,             0.448,    0.008444525611,     -0.1885368808,                 0,                 0,                 0,    -0.06956709616,     0.01255542642,     -0.1883077977,                 0,      -22.32652128
          0,           0,         189,      -7.314370114,      -7.965503274,      -7.908034157,      -6.757576407,             0.448,    0.008444752883,     -0.1885386348,                 0,                 0,                 0,    -0.06956709366,      0.0125556919,     -0.1883095464,                 0,      -22.32612812
          0,           0,         190,      -7.323745094,       -7.99251218,      -7.918785385,      -6.766819582,             0.448,    0.008444986348,      -0.188540348,                 0,                 0,                 0,    -0.06956706064,     0.01255596269,     -0.1883112541,                 0,      -22.32571377
          0,           0,         191,       -7.33368173,      -8.018287616,      -7.929741588,      -6.776625189,             0.448,    0.008445224986,     -0.1885420193,                 0,                 0,                 0,    -0.06956699825,     0.01255623773,     -0.1883129198,                 0,      -22.32528081
          0,           0,         192,       -7.34417082,      -8.042415993,      -7.940908418,      -6.786984812,             0.448,    0.008445467844,     -0.1885436479,                 0,                 0,                 0,     -0.0695669079,     0.01255651605,     -0.1883145427,                 0,      -22.32483166
          0,           0,         193,      -7.355201047,      -8.064463285,      -7.952288681,       -6.79788766,             0.448,    0.008445713919,     -0.1885452326,                 0,                 0,                 0,    -0.06956679063,     0.01255679664,     -0.1883161216,                 0,      -22.32436883
          0,           0,         194,      -7.366760345,      -8.084016269,      -7.963881064,      -6.809322257,             0.448,    0.008445962298,     -0.1885467721,                 0,                 0,                 0,    -0.06956664766,     0.01255707854,     -0.1883176553,                 0,      -22.32389459
          0,           0,         195,      -7.378834199,      -8.100730625,      -7.975677506,      -6.821274598,             0.448,      0.0084462122,     -0.1885482661,                 0,                 0,                 0,    -0.06956648065,     0.01255736098,     -0.1883191436,                 0,      -22.32341097
          0,           0,         196,      -7.391405974,      -8.114372956,      -7.987664513,      -6.833728504,             0.448,    0.008446462892,     -0.1885497146,                 0,                 0,                 0,    -0.06956629131,     0.01255764321,     -0.1883205862,                 0,       -22.3229199
          0,           0,         197,      -7.404458762,      -8.124850872,      -7.999825313,      -6.846667635,             0.448,    0.008446713654,     -0.1885511172,                 0,                 0,                 0,    -0.06956608129,     0.01255792451,     -0.1883219831,                 0,      -22.32242325
          0,           0,         198,      -7.417974521,      -8.132234432,      -8.012143508,      -6.860074417,             0.448,    0.008446963831,     -0.1885524742,                 0,                 0,                 0,    -0.06956585238,     0.01255820423,     -0.1883233343,                 0,      -22.32192277
          0,           0,         199,      -7.431934015,      -8.136751959,      -8.024603382,      -6.873930054,             0.448,    0.008447212817,      -0.188553786,                 0,                 0,                 0,    -0.06956560641,     0.01255848177,     -0.1883246403,                 0,       -22.3214201
          0,           0,         200,      -7.446316819,      -8.138756223,      -8.037188916,      -6.888214618,             0.448,    0.008447460048,     -0.1885550531,                 0,                 0,                 0,    -0.06956534532,     0.01255875659,     -0.1883259017,                 0,      -22.32091682
          0,           0,         201,      -7.461101405,      -8.138677739,       -8.04988331,      -6.902907114,             0.448,    0.008447705006,     -0.1885562765,                 0,                 0,                 0,    -0.06956507108,     0.01255902818,     -0.1883271195,                 0,       -22.3204144
          0,           0,         202,      -7.476265168,      -8.136979688,      -8.062670292,      -6.917985456,             0.448,    0.008447947219,     -0.1885574575,                 0,                 0,                 0,    -0.06956478571,     0.01255929609,     -0.1883282949,                 0,      -22.31991424
          0,           0,         203,      -7.491784369,      -8.134117542,      -8.075535765,      -6.933426399,             0.448,    0.008448186249,     -0.1885585974,                 0,                 0,                 0,    -0.06956449125,     0.01255955993,     -0.1883294294,                 0,      -22.31941767
          0,           0,         204,      -7.507634024,      -8.130508702,      -8.088468334,      -6.949205446,             0.448,    0.008448421692,     -0.1885596981,                 0,                 0,                 0,    -0.06956418973,     0.01255981933,     -0.1883305247,                 0,      -22.31892595
          0,           0,         205,      -7.523787866,      -8.126516138,       -8.10146009,      -6.965296816,             0.448,    0.008448653172,     -0.1885607612,                 0,                 0,                 0,    -0.06956388312,     0.01256007395,     -0.1883315825,                 0,      -22.31844028
          0,           0,         206,      -7.540217981,      -8.122442413,      -8.114503091,      -6.981673061,             0.448,    0.008448880338,     -0.1885617888,                 0,                 0,                 0,    -0.06956357337,     0.01256032348,     -0.1883326048,                 0,      -22.31796182
          0,           0,         207,      -7.556894969,      -8.118530147,      -8.127589932,      -6.998305225,             0.448,    0.008449102864,     -0.1885627829,                 0,                 0,                 0,    -0.06956326235,     0.01256056764,     -0.1883335938,                 0,      -22.31749168
          0,           0,         208,      -7.573786622,      -8.114969791,      -8.140714206,      -7.015161451,             0.448,    0.008449320451,     -0.1885637456,                 0,                 0,                 0,    -0.06956295182,     0.01256080617,     -0.1883345516,                 0,       -22.3170309
          0,           0,         209,      -7.590858507,      -8.111904257,       -8.15386897,      -7.032207811,             0.448,    0.008449532816,     -0.1885646791,                 0,                 0,                 0,    -0.06956264344,     0.01256103885,     -0.1883354802,                 0,      -22.31658047
          0,           0,         210,        -7.6080733,      -8.109437084,      -8.167045941,      -7.049407398,             0.448,    0.008449739694,     -0.1885655853,                 0,                 0,                 0,    -0.06956233874,     0.01256126545,     -0.1883363817,                 0,      -22.31614134
          0,           0,         211,      -7.625390798,      -8.107640594,      -8.180234448,      -7.066720366,             0.448,    0.008449940843,     -0.1885664664,                 0,                 0,                 0,    -0.06956203913,     0.01256148577,     -0.1883372582,                 0,      -22.31571438
          0,           0,         212,       -7.64276712,      -8.106562903,      -8.193419937,      -7.084103276,             0.448,    0.008450136036,     -0.1885673242,                 0,                 0,                 0,    -0.06956174587,     0.01256169963,     -0.1883381115,                 0,      -22.31530041
          0,           0,         213,      -7.660153853,      -8.106233107,      -8.206585186,       -7.10150821,             0.448,    0.008450325062,     -0.1885681604,                 0,                 0,                 0,    -0.06956146008,     0.01256190685,     -0.1883389434,                 0,       -22.3149002
          0,           0,         214,      -7.677498027,      -8.106666018,      -8.219709092,      -7.118882642,             0.448,    0.008450507732,     -0.1885689768,                 0,                 0,                 0,    -0.06956118273,     0.01256210729,     -0.1883397556,                 0,      -22.31451443
          0,           0,         215,      -7.694741487,      -8.107865996,       -8.23276588,      -7.136168881,             0.448,    0.008450683873,     -0.1885697747,                 0,                 0,                 0,    -0.06956091465,      0.0125623008,     -0.1883405495,                 0,      -22.31414375
          0,           0,         216,      -7.711820552,      -8.109829735,      -8.245725266,      -7.153303743,             0.448,    0.008450853333,     -0.1885705556,                 0,                 0,                 0,    -0.06956065653,     0.01256248725,     -0.1883413265,                 0,      -22.31378869
          0,           0,         217,      -7.728666016,      -8.112548653,      -8.258553113,      -7.170218492,             0.448,    0.008451015979,     -0.1885713204,                 0,                 0,                 0,    -0.06956040893,     0.01256266654,     -0.1883420876,                 0,      -22.31344975
          0,           0,         218,      -7.745203298,      -8.116010732,      -8.271212129,      -7.186838944,             0.448,    0.008451171703,     -0.1885720701,                 0,                 0,                 0,    -0.06956017227,     0.01256283858,     -0.1883428337,                 0,      -22.31312731
          0,           0,         219,      -7.761352923,      -8.120201763,       -8.28366261,      -7.203085913,             0.448,    0.008451320418,     -0.1885728055,                 0,                 0,                 0,    -0.06955994684,     0.01256300331,     -0.1883435657,                 0,      -22.31282169
          0,           0,         220,      -7.777031506,       -8.12510635,      -8.295863436,      -7.218876136,             0.448,    0.008451462064,     -0.1885735272,                 0,                 0,                 0,    -0.06955973284,     0.01256316066,     -0.1883442841,                 0,      -22.31253312
          0,           0,         221,      -7.792153328,      -8.130708709,      -8.307773316,      -7.234123768,             0.448,    0.008451596603,     -0.1885742356,                 0,                 0,                 0,    -0.06955953036,     0.01256331062,     -0.1883449894,                 0,      -22.31226174
          0,           0,         222,      -7.806632485,       -8.13699318,      -8.319352092,      -7.248742453,             0.448,    0.008451724023,     -0.1885749309,                 0,                 0,                 0,    -0.06955933938,     0.01256345318,     -0.1883456818,                 0,      -22.31200763
          0,           0,         223,      -7.820385619,      -8.143944541,      -8.330562077,      -7.262647977,             0.448,    0.008451844337,     -0.1885756134,                 0,                 0,                 0,    -0.06955915984,     0.01256358835,     -0.1883463615,                 0,      -22.31177077
          0,           0,         224,      -7.833335149,      -8.151548239,       -8.34136951,      -7.275761435,             0.448,    0.008451957579,     -0.1885762832,                 0,                 0,                 0,    -0.06955899158,     0.01256371618,     -0.1883470286,                 0,      -22.31155107
          0,           0,         225,       -7.84541282,      -8.159790557,      -8.351745941,      -7.288012758,             0.448,     0.00845206381,     -0.1885769401,                 0,                 0,                 0,     -0.0695588344,     0.01256383672,     -0.1883476831,                 0,      -22.31134836
          0,           0,         226,      -7.856563298,      -8.168658734,       -8.36166949,        -7.2993443,             0.448,    0.008452163111,      -0.188577584,                 0,                 0,                 0,    -0.06955868806,     0.01256395004,     -0.1883483247,                 0,      -22.31116243
          0,           0,         227,      -7.866747512,      -8.178141042,      -8.371126009,      -7.309714232,             0.448,    0.008452255581,      -0.188578215,                 0,                 0,                 0,    -0.06955855228,     0.01256405625,     -0.1883489535,                 0,      -22.31099298
          0,           0,         228,       -7.87594536,      -8.188226765,      -8.380109923,      -7.319099327,             0.448,     0.00845234134,     -0.1885788326,                 0,                 0,                 0,    -0.06955842676,     0.01256415546,     -0.1883495691,                 0,      -22.31083969
          0,           0,         229,       -7.88415744,      -8.198906207,      -8.388624691,      -7.327496843,             0.448,    0.008452420524,     -0.1885794368,                 0,                 0,                 0,    -0.06955831117,     0.01256424781,     -0.1883501714,                 0,      -22.31070216
          0,           0,         230,      -7.891405642,      -8.210170741,      -8.396682831,      -7.334925263,             0.448,    0.008452493283,     -0.1885800273,                 0,                 0,                 0,    -0.06955820519,     0.01256433343,     -0.1883507602,                 0,      -22.31057997
          0,           0,         231,      -7.897732461,      -8.222012733,      -8.404305541,      -7.341423796,             0.448,     0.00845255978,      -0.188580604,                 0,                 0,                 0,     -0.0695581085,      0.0125644125,     -0.1883513353,                 0,      -22.31047267
          0,           0,         232,      -7.903199136,      -8.234425381,      -8.411522019,      -7.347050674,             0.448,     0.00845262019,     -0.1885811665,                 0,                 0,                 0,    -0.06955802075,     0.01256448516,     -0.1883518964,                 0,      -22.31037978
          0,           0,         233,      -7.907882785,      -8.247402603,        -8.4183685,      -7.351880433,             0.448,    0.008452674697,     -0.1885817149,                 0,                 0,                 0,    -0.06955794163,     0.01256455162,     -0.1883524434,                 0,      -22.31030078
          0,           0,         234,      -7.911872872,      -8.260938883,      -8.424887037,      -7.356000483,             0.448,    0.008452723491,     -0.1885822489,                 0,                 0,                 0,    -0.06955787082,     0.01256461205,     -0.1883529762,                 0,      -22.31023517
          0,           0,         235,      -7.915267339,       -8.27502911,      -8.431124106,      -7.359507294,             0.448,    0.008452766771,     -0.1885827684,                 0,                 0,                 0,    -0.06955780802,     0.01256466665,     -0.1883534947,                 0,      -22.31018239
          0,           0,         236,      -7.918168758,      -8.289668381,       -8.43712915,      -7.362502558,             0.448,    0.008452804738,     -0.1885832734,                 0,                 0,                 0,    -0.06955775293,     0.01256471563,     -0.1883539987,                 0,      -22.31014193
          0,           0,         237,       -7.92068077,      -8.304851802,      -8.442953155,      -7.365089601,             0.448,    0.008452837599,     -0.1885837638,                 0,                 0,                 0,    -0.06955770527,     0.01256475918,     -0.1883544883,                 0,      -22.31011322
          0,           0,         238,      -7.922905023,      -8.320574267,      -8.448647339,      -7.367370254,             0.448,    0.008452865561,     -0.1885842398,                 0,                 0,                 0,    -0.06955766476,     0.01256479752,     -0.1883549635,                 0,      -22.31009572
          0,           0,         239,      -7.924938717,      -8.336830231,      -8.454262006,       -7.36944232,             0.448,    0.008452888835,     -0.1885847012,                 0,                 0,                 0,    -0.06955763114,     0.01256483085,     -0.1883554244,                 0,      -22.31008888
          0,           0,         240,      -7.926872784,      -8.353613444,      -8.459845588,      -7.371397654,             0.448,    0.008452907631,     -0.1885851483,                 0,                 0,                 0,    -0.06955760417,      0.0125648594,     -0.1883558709,                 0,      -22.31009216
          0,           0,         241,       -7.92879067,      -8.370916644,      -8.465443884,      -7.373320862,             0.448,    0.008452922157,     -0.1885855811,                 0,                 0,                 0,    -0.06955758359,     0.01256488336,     -0.1883563034,                 0,      -22.31010503
          0,           0,         242,      -7.930767651,      -8.388731209,      -8.471099499,       -7.37528853,             0.448,    0.008452932622,     -0.1885859999,                 0,                 0,                 0,    -0.06955756916,     0.01256490296,     -0.1883567218,                 0,      -22.31012695
          0,           0,         243,      -7.932870596,      -8.407046738,      -8.476851454,      -7.377368911,             0.448,    0.008452939232,     -0.1885864048,                 0,                 0,                 0,    -0.06955756066,      0.0125649184,     -0.1883571264,                 0,       -22.3101574
          0,           0,         244,      -7.935158064,      -8.425850578,      -8.482734962,      -7.379621963,             0.448,     0.00845294219,      -0.188586796,                 0,                 0,                 0,    -0.06955755785,     0.01256492989,     -0.1883575175,                 0,      -22.31019588
          0,           0,         245,      -7.937680658,      -8.445127267,      -8.488781334,       -7.38209966,             0.448,    0.008452941697,     -0.1885871738,                 0,                 0,                 0,    -0.06955756051,     0.01256493764,     -0.1883578952,                 0,      -22.31024187
          0,           0,         246,      -7.940481542,      -8.464857901,      -8.495018005,      -7.384846477,             0.448,    0.008452937949,     -0.1885875384,                 0,                 0,                 0,    -0.06955756842,     0.01256494185,     -0.1883582598,                 0,       -22.3102949
          0,           0,         247,      -7.943597069,      -8.485019406,      -8.501468645,      -7.387899991,             0.448,    0.008452931138,     -0.1885878901,                 0,                 0,                 0,    -0.06955758135,     0.01256494271,     -0.1883586116,                 0,      -22.31035449
          0,           0,         248,      -7.947057452,       -8.50558374,      -8.508153351,      -7.391291541,             0.448,    0.008452921453,     -0.1885882293,                 0,                 0,                 0,    -0.06955759907,     0.01256494043,     -0.1883589509,                 0,      -22.31042017
          0,           0,         249,      -7.950887447,         -8.526517,      -8.515088882,      -7.395046907,             0.448,    0.008452909078,     -0.1885885561,                 0,                 0,                 0,    -0.06955762137,     0.01256493518,     -0.1883592779,                 0,      -22.31049149
          0,           0,         250,      -7.955107021,      -8.547778464,       -8.52228895,      -7.399186978,             0.448,    0.008452894191,     -0.1885888709,                 0,                 0,                 0,    -0.06955764803,     0.01256492717,     -0.1883595929,                 0,      -22.31056803
          0,           0,         251,       -7.95973199,      -8.569319593,      -8.529764529,      -7.403728387,             0.448,    0.008452876965,      -0.188589174,                 0,                 0,                 0,    -0.06955767881,     0.01256491656,     -0.1883598963,                 0,      -22.31064935
          0,           0,         252,      -7.964774606,      -8.591083016,      -8.537524182,      -7.408684109,             0.448,    0.008452857569,     -0.1885894657,                 0,                 0,                 0,     -0.0695577135,     0.01256490353,     -0.1883601884,                 0,      -22.31073506
          0,           0,         253,      -7.970244095,      -8.613001563,      -8.545574396,      -7.414064003,             0.448,    0.008452836166,     -0.1885897463,                 0,                 0,                 0,    -0.06955775186,     0.01256488826,     -0.1883604694,                 0,      -22.31082475
          0,           0,         254,      -7.976147144,      -8.634997411,      -8.553919912,      -7.419875307,             0.448,    0.008452812915,     -0.1885900162,                 0,                 0,                 0,    -0.06955779368,      0.0125648709,     -0.1883607397,                 0,      -22.31091804
          0,           0,         255,      -7.982488336,      -8.656981456,      -8.562564046,      -7.426123081,             0.448,    0.008452787967,     -0.1885902755,                 0,                 0,                 0,    -0.06955783872,     0.01256485161,     -0.1883609996,                 0,      -22.31101458
          0,           0,         256,      -7.989270536,      -8.678853029,      -8.571508992,      -7.432810597,             0.448,     0.00845276147,     -0.1885905247,                 0,                 0,                 0,    -0.06955788676,     0.01256483056,     -0.1883612492,                 0,      -22.31111399
          0,           0,         257,      -7.996495228,       -8.70050013,      -8.580756102,      -7.439939687,             0.448,    0.008452733566,     -0.1885907639,                 0,                 0,                 0,    -0.06955793758,     0.01256480788,      -0.188361489,                 0,      -22.31121595
          0,           0,         258,      -8.004162819,      -8.721800345,      -8.590306139,      -7.447511047,             0.448,    0.008452704392,     -0.1885909936,                 0,                 0,                 0,    -0.06955799095,     0.01256478372,     -0.1883617193,                 0,      -22.31132012
          0,           0,         259,      -8.012272889,      -8.742622602,      -8.600159503,      -7.455524502,             0.448,     0.00845267408,     -0.1885912139,                 0,                 0,                 0,    -0.06955804665,     0.01256475822,     -0.1883619401,                 0,      -22.31142619
          0,           0,         260,      -8.020824428,      -8.762829974,      -8.610316424,      -7.463979236,             0.448,    0.008452642756,     -0.1885914251,                 0,                 0,                 0,    -0.06955810448,     0.01256473151,      -0.188362152,                 0,      -22.31153386
          0,           0,         261,      -8.029816025,      -8.782283502,      -8.620777119,      -7.472873996,             0.448,    0.008452610543,     -0.1885916275,                 0,                 0,                 0,    -0.06955816422,     0.01256470372,      -0.188362355,                 0,      -22.31164283
          0,           0,         262,      -8.039246036,      -8.800847109,       -8.63154193,      -7.482207262,             0.448,    0.008452577557,     -0.1885918213,                 0,                 0,                 0,    -0.06955822566,     0.01256467497,     -0.1883625495,                 0,      -22.31175284
          0,           0,         263,      -8.049112734,      -8.818393288,      -8.642611414,      -7.491977394,             0.448,    0.008452543911,     -0.1885920068,                 0,                 0,                 0,    -0.06955828861,     0.01256464538,     -0.1883627358,                 0,       -22.3118636
          0,           0,         264,       -8.05941443,      -8.834809307,      -8.653986419,      -7.502182764,             0.448,    0.008452509711,     -0.1885921843,                 0,                 0,                 0,    -0.06955835288,     0.01256461506,      -0.188362914,                 0,      -22.31197488
          0,           0,         265,       -8.07014958,       -8.85000325,      -8.665668126,      -7.512821863,             0.448,    0.008452475062,      -0.188592354,                 0,                 0,                 0,    -0.06955841827,     0.01256458412,     -0.1883630844,                 0,      -22.31208642
          0,           0,         266,       -8.08131687,      -8.863909377,      -8.677658071,      -7.523893388,             0.448,     0.00845244006,     -0.1885925162,                 0,                 0,                 0,     -0.0695584846,     0.01256455267,     -0.1883632472,                 0,      -22.31219799
          0,           0,         267,      -8.092915293,      -8.876492057,      -8.689958141,      -7.535396324,             0.448,    0.008452404801,      -0.188592671,                 0,                 0,                 0,    -0.06955855172,     0.01256452079,     -0.1883634028,                 0,      -22.31230939
          0,           0,         268,       -8.10494421,      -8.887747802,      -8.702570561,      -7.547330002,             0.448,    0.008452369373,     -0.1885928187,                 0,                 0,                 0,    -0.06955861946,      0.0125644886,     -0.1883635513,                 0,      -22.31242039
          0,           0,         269,      -8.117403396,      -8.897705117,       -8.71549786,      -7.559694155,             0.448,    0.008452333863,     -0.1885929596,                 0,                 0,                 0,    -0.06955868765,     0.01256445617,     -0.1883636929,                 0,       -22.3125308
          0,           0,         270,      -8.130293079,      -8.906422201,      -8.728742821,       -7.57248895,             0.448,    0.008452298351,     -0.1885930939,                 0,                 0,                 0,    -0.06955875616,      0.0125644236,      -0.188363828,                 0,      -22.31264043
          0,           0,         271,      -8.143613966,      -8.913982796,      -8.742308431,      -7.585715025,             0.448,    0.008452262914,     -0.1885932219,                 0,                 0,                 0,    -0.06955882486,     0.01256439096,     -0.1883639567,                 0,      -22.31274912
          0,           0,         272,      -8.157367265,      -8.920490796,      -8.756197812,      -7.599373503,             0.448,    0.008452227625,     -0.1885933437,                 0,                 0,                 0,     -0.0695588936,     0.01256435833,     -0.1883640792,                 0,      -22.31285669
          0,           0,         273,      -8.171554689,      -8.926064177,      -8.770414154,      -7.613466007,             0.448,    0.008452192553,     -0.1885934596,                 0,                 0,                 0,    -0.06955896227,      0.0125643258,     -0.1883641959,                 0,      -22.31296299
          0,           0,         274,      -8.186178464,      -8.930829004,       -8.78496063,      -7.627994661,             0.448,    0.008452157762,     -0.1885935699,                 0,                 0,                 0,    -0.06955903075,     0.01256429342,     -0.1883643068,                 0,      -22.31306788
          0,           0,         275,      -8.201241319,      -8.934913897,      -8.799840317,       -7.64296209,             0.448,    0.008452123314,     -0.1885936747,                 0,                 0,                 0,    -0.06955909895,     0.01256426127,     -0.1883644124,                 0,      -22.31317122
          0,           0,         276,      -8.216746476,      -8.938445437,      -8.815056106,      -7.658371405,             0.448,    0.008452089265,     -0.1885937743,                 0,                 0,                 0,    -0.06955916675,      0.0125642294,     -0.1883645127,                 0,       -22.3132729
          0,           0,         277,      -8.232697626,      -8.941544553,      -8.830610601,      -7.674226183,             0.448,    0.008452055668,     -0.1885938689,                 0,                 0,                 0,    -0.06955923407,     0.01256419788,     -0.1883646081,                 0,      -22.31337279
          0,           0,         278,      -8.249098905,      -8.944323998,      -8.846506027,      -7.690530447,             0.448,    0.008452022573,     -0.1885939588,                 0,                 0,                 0,    -0.06955930083,     0.01256416675,     -0.1883646987,                 0,      -22.31347079
          0,           0,         279,      -8.265954853,      -8.946886797,       -8.86274411,      -7.707288626,             0.448,    0.008451990026,     -0.1885940442,                 0,                 0,                 0,    -0.06955936693,     0.01256413607,     -0.1883647847,                 0,      -22.31356682
          0,           0,         280,      -8.283270372,      -8.949325476,      -8.879325975,      -7.724505515,             0.448,    0.008451958067,     -0.1885941252,                 0,                 0,                 0,    -0.06955943231,     0.01256410589,     -0.1883648664,                 0,      -22.31366078
          0,           0,         281,      -8.301050674,      -8.951721956,      -8.896252013,      -7.742186222,             0.448,    0.008451926737,     -0.1885942021,                 0,                 0,                 0,    -0.06955949689,     0.01256407624,      -0.188364944,                 0,      -22.31375259
          0,           0,         282,      -8.319301207,      -8.954147896,      -8.913521757,      -7.760336107,             0.448,    0.008451896068,     -0.1885942751,                 0,                 0,                 0,    -0.06955956062,     0.01256404718,     -0.1883650177,                 0,       -22.3138422
          0,           0,         283,       -8.33802758,      -8.956665358,       -8.93113374,        -7.7789607,             0.448,    0.008451866095,     -0.1885943445,                 0,                 0,                 0,    -0.06955962342,     0.01256401872,     -0.1883650876,                 0,      -22.31392953
          0,           0,         284,      -8.357235468,      -8.959327637,      -8.949085349,      -7.798065617,             0.448,    0.008451836843,     -0.1885944103,                 0,                 0,                 0,    -0.06955968524,     0.01256399091,      -0.188365154,                 0,      -22.31401455
          0,           0,         285,      -8.376930489,      -8.962180206,      -8.967372662,      -7.817656438,             0.448,     0.00845180834,     -0.1885944727,                 0,                 0,                 0,    -0.06955974604,     0.01256396378,     -0.1883652171,                 0,      -22.31409719
          0,           0,         286,      -8.397118064,      -8.965261654,      -8.985990278,      -7.837738577,             0.448,    0.008451780606,     -0.1885945321,                 0,                 0,                 0,    -0.06955980575,     0.01256393735,     -0.1883652771,                 0,      -22.31417743
          0,           0,         287,      -8.417803249,      -8.968604644,      -9.004931143,      -7.858317113,             0.448,    0.008451753662,     -0.1885945884,                 0,                 0,                 0,    -0.06955986433,     0.01256391164,      -0.188365334,                 0,      -22.31425524
          0,           0,         288,      -8.438990514,      -8.972236772,      -9.024186352,      -7.879396585,             0.448,    0.008451727523,      -0.188594642,                 0,                 0,                 0,    -0.06955992173,     0.01256388667,     -0.1883653881,                 0,      -22.31433059
          0,           0,         289,      -8.460683492,       -8.97618139,      -9.043744945,      -7.900980744,             0.448,    0.008451702204,     -0.1885946929,                 0,                 0,                 0,    -0.06955997792,     0.01256386247,     -0.1883654395,                 0,      -22.31440346
          0,           0,         290,      -8.482884655,      -8.980458346,      -9.063593706,      -7.923072243,             0.448,    0.008451677716,     -0.1885947413,                 0,                 0,                 0,    -0.06956003285,     0.01256383904,     -0.1883654884,                 0,      -22.31447383
          0,           0,         291,      -8.505594924,      -8.985084675,      -9.083716929,      -7.945672261,             0.448,    0.008451654069,     -0.1885947873,                 0,                 0,                 0,    -0.06956008648,     0.01256381641,     -0.1883655349,                 0,      -22.31454171
          0,           0,         292,      -8.528813189,      -8.990075191,      -9.104096214,      -7.968780031,             0.448,     0.00845163127,      -0.188594831,                 0,                 0,                 0,    -0.06956013878,     0.01256379457,     -0.1883655792,                 0,      -22.31460709
          0,           0,         293,      -8.552535713,      -8.995443032,      -9.124710247,      -7.992392274,             0.448,    0.008451609324,     -0.1885948727,                 0,                 0,                 0,    -0.06956018972,     0.01256377354,     -0.1883656213,                 0,      -22.31466996
          0,           0,         294,      -8.576755413,      -9.001200211,      -9.145534592,      -8.016502491,             0.448,    0.008451588236,     -0.1885949123,                 0,                 0,                 0,    -0.06956023926,     0.01256375332,     -0.1883656614,                 0,      -22.31473033
          0,           0,         295,      -8.601460961,      -9.007358036,      -9.166541512,      -8.041100098,             0.448,    0.008451568006,       -0.18859495,                 0,                 0,                 0,    -0.06956028736,     0.01256373392,     -0.1883656996,                 0,       -22.3147882
          0,           0,         296,      -8.626635711,      -9.013927563,      -9.187699839,      -8.066169383,             0.448,    0.008451548636,      -0.188594986,                 0,                 0,                 0,    -0.06956033401,     0.01256371533,     -0.1883657359,                 0,       -22.3148436
          0,           0,         297,      -8.652256378,      -9.020919947,      -9.208974862,       -8.09168822,             0.448,    0.008451530126,     -0.1885950202,                 0,                 0,                 0,    -0.06956037917,     0.01256369757,     -0.1883657705,                 0,      -22.31489652
          0,           0,         298,      -8.678291466,       -9.02834678,      -9.230328299,      -8.117626548,             0.448,    0.008451512473,     -0.1885950528,                 0,                 0,                 0,    -0.06956042282,     0.01256368064,     -0.1883658035,                 0,      -22.31494698
          0,           0,         299,      -8.704699399,      -9.036220333,       -9.25171831,      -8.143944546,             0.448,    0.008451495675,     -0.1885950838,                 0,                 0,                 0,    -0.06956046494,     0.01256366452,     -0.1883658349,                 0,      -22.31499501
          0,           0,         300,      -8.731426337,      -9.044553735,      -9.273099597,      -8.170590515,             0.448,    0.008451479726,     -0.1885951134,                 0,                 0,                 0,    -0.06956050549,     0.01256364922,     -0.1883658648,                 0,      -22.31504062
          0,           0,         301,      -8.758403708,      -9.053361059,       -9.29442354,      -8.197498466,             0.448,     0.00845146462,     -0.1885951415,                 0,                 0,                 0,    -0.06956054448,     0.01256363473,     -0.1883658933,                 0,      -22.31508384
          0,           0,         302,      -8.785545482,      -9.062657273,      -9.315638404,      -8.224585454,             0.448,    0.008451450349,     -0.1885951684,                 0,                 0,                 0,    -0.06956058187,     0.01256362105,     -0.1883659204,                 0,      -22.31512469
          0,           0,         303,      -8.812745342,      -9.072458121,      -9.336689591,      -8.251748805,             0.448,    0.008451436904,     -0.1885951939,                 0,                 0,                 0,    -0.06956061768,     0.01256360816,     -0.1883659462,                 0,      -22.31516322
          0,           0,         304,      -8.839873974,       -9.08277994,      -9.357519913,      -8.278863415,             0.448,    0.008451424272,     -0.1885952183,                 0,                 0,                 0,    -0.06956065188,     0.01256359607,     -0.1883659708,                 0,      -22.31519945
          0,           0,         305,      -8.866776817,      -9.093639331,      -9.378069987,      -8.305779483,             0.448,     0.00845141244,     -0.1885952414,                 0,                 0,                 0,    -0.06956068448,     0.01256358474,     -0.1883659943,                 0,      -22.31523343
          0,           0,         306,       -8.89327281,      -9.105052882,      -9.398278693,      -8.332321139,             0.448,    0.008451401393,     -0.1885952635,                 0,                 0,                 0,     -0.0695607155,     0.01256357418,     -0.1883660166,                 0,      -22.31526522
          0,           0,         307,      -8.919154782,      -9.117036688,      -9.418083766,      -8.358286606,             0.448,    0.008451391114,     -0.1885952846,                 0,                 0,                 0,    -0.06956074494,     0.01256356436,     -0.1883660379,                 0,      -22.31529485
          0,           0,         308,      -8.944192314,      -9.129605922,      -9.437422557,      -8.383450655,             0.448,    0.008451381583,     -0.1885953047,                 0,                 0,                 0,    -0.06956077283,     0.01256355527,     -0.1883660582,                 0,      -22.31532239
          0,           0,         309,      -8.968137868,      -9.142774188,      -9.456232934,      -8.407570144,             0.448,    0.008451372781,     -0.1885953239,                 0,                 0,                 0,    -0.06956079918,     0.01256354689,     -0.1883660776,                 0,       -22.3153479
          0,           0,         310,      -8.990736873,      -9.156552933,      -9.474454362,      -8.430393321,             0.448,    0.008451364688,     -0.1885953422,                 0,                 0,                 0,    -0.06956082402,      0.0125635392,     -0.1883660961,                 0,      -22.31537144
          0,           0,         311,      -9.011741911,      -9.170950806,      -9.492029194,      -8.451673125,             0.448,    0.008451357283,     -0.1885953597,                 0,                 0,                 0,    -0.06956084739,     0.01256353218,     -0.1883661137,                 0,      -22.31539307
          0,           0,         312,      -9.030930336,      -9.185973201,      -9.508904258,      -8.471184007,             0.448,    0.008451350542,     -0.1885953765,                 0,                 0,                 0,    -0.06956086931,     0.01256352581,     -0.1883661307,                 0,      -22.31541285
          0,           0,         313,      -9.048123486,      -9.201622122,      -9.525032822,      -8.488740647,             0.448,    0.008451344444,     -0.1885953926,                 0,                 0,                 0,    -0.06956088984,     0.01256352006,     -0.1883661469,                 0,      -22.31543085
          0,           0,         314,      -9.063204602,      -9.217896442,      -9.540376896,      -8.504215931,             0.448,    0.008451338965,      -0.188595408,                 0,                 0,                 0,      -0.069560909,     0.01256351492,     -0.1883661624,                 0,      -22.31544715
          0,           0,         315,      -9.076132049,      -9.234792578,      -9.554909845,      -8.517554919,             0.448,    0.008451334082,     -0.1885954228,                 0,                 0,                 0,    -0.06956092684,     0.01256351036,     -0.1883661773,                 0,      -22.31546179
          0,           0,         316,      -9.086944924,      -9.252305423,      -9.568618919,      -8.528781785,             0.448,    0.008451329772,     -0.1885954371,                 0,                 0,                 0,    -0.06956094341,     0.01256350636,     -0.1883661917,                 0,      -22.31547487
          0,           0,         317,      -9.095759682,      -9.270429423,      -9.581507189,      -8.537998073,             0.448,    0.008451326011,     -0.1885954509,                 0,                 0,                 0,    -0.06956095875,      0.0125635029,     -0.1883662056,                 0,      -22.31548643
          0,           0,         318,      -9.102758455,      -9.289159396,       -9.59359459,      -8.545372596,             0.448,    0.008451322774,     -0.1885954642,                 0,                 0,                 0,     -0.0695609729,     0.01256349996,      -0.188366219,                 0,      -22.31549656
          0,           0,         319,      -9.108171568,      -9.308491185,      -9.604917675,      -8.551125105,             0.448,    0.008451320037,     -0.1885954772,                 0,                 0,                 0,    -0.06956098592,      0.0125634975,      -0.188366232,                 0,      -22.31550531
          0,           0,         320,      -9.112257666,      -9.328421961,      -9.615528078,      -8.555507009,             0.448,    0.008451317778,     -0.1885954897,                 0,                 0,                 0,    -0.06956099785,     0.01256349552,     -0.1883662446,                 0,      -22.31551276
          0,           0,         321,       -9.11528472,      -9.348950158,      -9.625489987,      -8.558782402,             0.448,    0.008451315973,      -0.188595502,                 0,                 0,                 0,    -0.06956100874,     0.01256349398,     -0.1883662569,                 0,      -22.31551898
          0,           0,         322,      -9.117514224,      -9.370075175,      -9.634876885,      -8.561211861,             0.448,    0.008451314598,     -0.1885955139,                 0,                 0,                 0,    -0.06956101863,     0.01256349287,     -0.1883662688,                 0,      -22.31552402
          0,           0,         323,      -9.119189705,       -9.39179695,       -9.64376816,      -8.563040344,             0.448,    0.008451313631,     -0.1885955256,                 0,                 0,                 0,    -0.06956102758,     0.01256349216,     -0.1883662806,                 0,      -22.31552796
          0,           0,         324,      -9.120529637,      -9.414115421,      -9.652245844,      -8.564489401,             0.448,    0.008451313049,     -0.1885955371,                 0,                 0,                 0,    -0.06956103561,     0.01256349182,      -0.188366292,                 0,      -22.31553085
          0,           0,         325,      -9.121724106,      -9.437029914,      -9.660391826,      -8.565753216,             0.448,    0.008451312831,     -0.1885955484,                 0,                 0,                 0,    -0.06956104279,     0.01256349185,     -0.1883663033,                 0,      -22.31553276
          0,           0,         326,      -9.122934337,      -9.460538484,      -9.668285633,      -8.566997612,             0.448,    0.008451312955,     -0.1885955595,                 0,                 0,                 0,    -0.06956104914,     0.01256349222,     -0.1883663144,                 0,      -22.31553375
          0,           0,         327,       -9.12429414,      -9.484637168,       -9.67600279,      -8.568361101,             0.448,    0.008451313401,     -0.1885955704,                 0,                 0,                 0,    -0.06956105471,      0.0125634929,     -0.1883663253,                 0,      -22.31553387
          0,           0,         328,      -9.125912463,      -9.509319031,      -9.683613702,      -8.569957173,             0.448,    0.008451314147,     -0.1885955812,                 0,                 0,                 0,    -0.06956105955,     0.01256349389,     -0.1883663361,                 0,      -22.31553317
          0,           0,         329,      -9.127876482,      -9.534573084,      -9.691182988,      -8.571877211,             0.448,    0.008451315175,     -0.1885955919,                 0,                 0,                 0,    -0.06956106368,     0.01256349515,     -0.1883663468,                 0,      -22.31553173
          0,           0,         330,       -9.13025477,      -9.560382846,      -9.698769156,      -8.574193575,             0.448,    0.008451316465,     -0.1885956025,                 0,                 0,                 0,    -0.06956106715,     0.01256349667,     -0.1883663574,                 0,      -22.31552957
          0,           0,         331,      -9.133100342,      -9.586724624,      -9.706424574,      -8.576962606,             0.448,    0.008451317999,     -0.1885956131,                 0,                 0,                 0,       -0.06956107,     0.01256349843,     -0.1883663679,                 0,      -22.31552677
          0,           0,         332,      -9.136453393,       -9.61356533,      -9.714195578,      -8.580227371,             0.448,    0.008451319757,     -0.1885956235,                 0,                 0,                 0,    -0.06956107225,     0.01256350042,     -0.1883663783,                 0,      -22.31552337
          0,           0,         333,      -9.140343709,      -9.640859928,      -9.722122786,      -8.584020094,             0.448,    0.008451321723,     -0.1885956339,                 0,                 0,                 0,    -0.06956107394,     0.01256350261,     -0.1883663886,                 0,       -22.3155194
          0,           0,         334,      -9.144792715,      -9.668548145,      -9.730241414,      -8.588364244,             0.448,    0.008451323879,     -0.1885956442,                 0,                 0,                 0,    -0.06956107511,     0.01256350499,     -0.1883663989,                 0,      -22.31551493
          0,           0,         335,      -9.149815199,      -9.696550999,      -9.738581715,      -8.593276302,             0.448,    0.008451326209,     -0.1885956545,                 0,                 0,                 0,    -0.06956107578,     0.01256350754,     -0.1883664092,                 0,         -22.31551
          0,           0,         336,      -9.155420729,      -9.724766543,       -9.74716938,      -8.598767227,             0.448,    0.008451328696,     -0.1885956648,                 0,                 0,                 0,    -0.06956107599,     0.01256351025,     -0.1883664193,                 0,      -22.31550464
          0,           0,         337,      -9.161614822,      -9.753065431,       -9.75602596,      -8.604843659,             0.448,    0.008451331326,      -0.188595675,                 0,                 0,                 0,    -0.06956107577,     0.01256351311,     -0.1883664295,                 0,      -22.31549891
          0,           0,         338,      -9.168399877,      -9.781286563,      -9.765169263,      -8.611508909,             0.448,    0.008451334083,     -0.1885956851,                 0,                 0,                 0,    -0.06956107514,     0.01256351608,     -0.1883664396,                 0,      -22.31549283
          0,           0,         339,      -9.175775936,      -9.809233103,      -9.774613719,      -8.618763741,             0.448,    0.008451336952,     -0.1885956953,                 0,                 0,                 0,    -0.06956107413,     0.01256351917,     -0.1883664496,                 0,      -22.31548645
          0,           0,         340,      -9.183741286,      -9.836670294,      -9.784370732,      -8.626607013,             0.448,    0.008451339921,     -0.1885957053,                 0,                 0,                 0,    -0.06956107277,     0.01256352236,     -0.1883664597,                 0,      -22.31547981
          0,           0,         341,      -9.192292933,      -9.863325773,      -9.794448965,      -8.635036181,             0.448,    0.008451342976,     -0.1885957154,                 0,                 0,                 0,    -0.06956107108,     0.01256352563,     -0.1883664696,                 0,      -22.31547293
          0,           0,         342,      -9.201426974,      -9.888894066,      -9.804854637,      -8.644047692,             0.448,    0.008451346104,     -0.1885957254,                 0,                 0,                 0,    -0.06956106909,     0.01256352898,     -0.1883664796,                 0,      -22.31546585
          0,           0,         343,      -9.211138883,      -9.913047004,       -9.81559173,       -8.65363729,             0.448,    0.008451349293,     -0.1885957353,                 0,                 0,                 0,    -0.06956106683,     0.01256353238,     -0.1883664894,                 0,      -22.31545861
          0,           0,         344,      -9.221423728,      -9.935450467,      -9.826662195,      -8.663800252,             0.448,    0.008451352531,     -0.1885957452,                 0,                 0,                 0,    -0.06956106431,     0.01256353584,     -0.1883664993,                 0,      -22.31545123
          0,           0,         345,       -9.23227632,      -9.955787744,      -9.838066107,      -8.674531558,             0.448,    0.008451355809,     -0.1885957551,                 0,                 0,                 0,    -0.06956106155,     0.01256353933,     -0.1883665091,                 0,      -22.31544374
          0,           0,         346,      -9.243691327,      -9.973787056,      -9.849801802,      -8.685826004,             0.448,    0.008451359114,     -0.1885957649,                 0,                 0,                 0,    -0.06956105858,     0.01256354285,     -0.1883665188,                 0,      -22.31543617
          0,           0,         347,      -9.255663326,      -9.989249721,      -9.861865948,      -8.697678283,             0.448,    0.008451362438,     -0.1885957746,                 0,                 0,                 0,    -0.06956105543,     0.01256354638,     -0.1883665284,                 0,      -22.31542855
          0,           0,         348,      -9.268186833,      -10.00207287,      -9.874253612,      -8.710083011,             0.448,     0.00845136577,     -0.1885957843,                 0,                 0,                 0,     -0.0695610521,     0.01256354993,      -0.188366538,                 0,      -22.31542089
          0,           0,         349,      -9.281256284,      -10.01226227,      -9.886958273,      -8.723034727,             0.448,    0.008451369103,     -0.1885957939,                 0,                 0,                 0,    -0.06956104861,     0.01256355347,     -0.1883665476,                 0,      -22.31541323
          0,           0,         350,      -9.294865983,      -10.01993135,      -9.899971826,      -8.736527845,             0.448,    0.008451372428,     -0.1885958034,                 0,                 0,                 0,    -0.06956104499,       0.012563557,      -0.188366557,                 0,      -22.31540558
          0,           0,         351,      -9.309010024,      -10.02528743,      -9.913284557,      -8.750556588,             0.448,    0.008451375738,     -0.1885958129,                 0,                 0,                 0,    -0.06956104125,     0.01256356052,     -0.1883665664,                 0,      -22.31539796
          0,           0,         352,      -9.323682161,      -10.02860766,      -9.926885012,      -8.765114864,             0.448,    0.008451379024,     -0.1885958222,                 0,                 0,                 0,    -0.06956103742,     0.01256356401,     -0.1883665757,                 0,      -22.31539039
          0,           0,         353,      -9.338875648,      -10.03021117,      -9.940760011,      -8.780196121,             0.448,    0.008451382281,     -0.1885958315,                 0,                 0,                 0,    -0.06956103349,     0.01256356746,     -0.1883665849,                 0,      -22.31538289
          0,           0,         354,      -9.354583037,      -10.03043149,      -9.954894452,      -8.795793148,             0.448,    0.008451385502,     -0.1885958407,                 0,                 0,                 0,     -0.0695610295,     0.01256357088,      -0.188366594,                 0,      -22.31537547
          0,           0,         355,      -9.370795922,      -10.02959433,      -9.969271212,      -8.811897836,             0.448,     0.00845138868,     -0.1885958498,                 0,                 0,                 0,    -0.06956102545,     0.01256357426,      -0.188366603,                 0,      -22.31536815
          0,           0,         356,      -9.387504625,      -10.02800109,      -9.983871002,      -8.828500874,             0.448,    0.008451391812,     -0.1885958588,                 0,                 0,                 0,    -0.06956102137,     0.01256357759,      -0.188366612,                 0,      -22.31536095
          0,           0,         357,       -9.40469783,      -10.02591971,      -9.998672189,      -8.845591396,             0.448,    0.008451394891,     -0.1885958677,                 0,                 0,                 0,    -0.06956101725,     0.01256358086,     -0.1883666208,                 0,      -22.31535387
          0,           0,         358,      -9.422362144,       -10.0235807,      -10.01365072,      -8.863156556,             0.448,    0.008451397913,     -0.1885958765,                 0,                 0,                 0,    -0.06956101313,     0.01256358407,     -0.1883666295,                 0,      -22.31534694
          0,           0,         359,      -9.440481573,      -10.02117678,      -10.02877989,      -8.881181025,             0.448,    0.008451400874,     -0.1885958852,                 0,                 0,                 0,      -0.069561009,     0.01256358722,     -0.1883666382,                 0,      -22.31534015
          0,           0,         360,      -9.459036925,      -10.01886623,      -10.04403033,        -8.8996464,             0.448,     0.00845140377,     -0.1885958938,                 0,                 0,                 0,    -0.06956100488,     0.01256359031,     -0.1883666467,                 0,      -22.31533352
          0,           0,         361,      -9.478005106,      -10.01677601,       -10.0593699,      -8.918530527,             0.448,    0.008451406597,     -0.1885959023,                 0,                 0,                 0,    -0.06956100078,     0.01256359332,     -0.1883666551,                 0,      -22.31532705
          0,           0,         362,      -9.497358322,      -10.01500692,      -10.07476369,       -8.93780672,             0.448,    0.008451409352,     -0.1885959106,                 0,                 0,                 0,    -0.06956099672,     0.01256359625,     -0.1883666634,                 0,      -22.31532077
          0,           0,         363,      -9.517063191,      -10.01363801,      -10.09017415,      -8.957442879,             0.448,    0.008451412032,     -0.1885959189,                 0,                 0,                 0,    -0.06956099269,     0.01256359911,     -0.1883666716,                 0,      -22.31531467
          0,           0,         364,      -9.537079748,       -10.0127304,      -10.10556128,      -8.977400523,             0.448,    0.008451414634,      -0.188595927,                 0,                 0,                 0,    -0.06956098872,     0.01256360189,     -0.1883666796,                 0,      -22.31530875
          0,           0,         365,      -9.557360357,      -10.01233125,      -10.12088301,        -8.9976337,             0.448,    0.008451417156,      -0.188595935,                 0,                 0,                 0,    -0.06956098481,     0.01256360459,     -0.1883666875,                 0,      -22.31530304
          0,           0,         366,        -9.5778486,      -10.01247695,      -10.13609553,      -9.018087884,             0.448,    0.008451419595,     -0.1885959428,                 0,                 0,                 0,    -0.06956098097,      0.0125636072,     -0.1883666953,                 0,      -22.31529753
          0,           0,         367,      -9.598478125,      -10.01319552,      -10.15115403,      -9.038698812,             0.448,     0.00845142195,     -0.1885959505,                 0,                 0,                 0,    -0.06956097721,     0.01256360972,      -0.188366703,                 0,      -22.31529223
          0,           0,         368,      -9.619171561,      -10.01450884,      -10.16601338,      -9.059391376,             0.448,    0.008451424218,     -0.1885959581,                 0,                 0,                 0,    -0.06956097353,     0.01256361215,     -0.1883667105,                 0,      -22.31528713
          0,           0,         369,      -9.639839589,       -10.0164342,      -10.18062897,      -9.080078664,             0.448,    0.008451426399,     -0.1885959656,                 0,                 0,                 0,    -0.06956096994,     0.01256361449,     -0.1883667179,                 0,      -22.31528226
          0,           0,         370,      -9.660380295,      -10.01898539,      -10.19495743,      -9.100661228,             0.448,     0.00845142849,     -0.1885959729,                 0,                 0,                 0,    -0.06956096645,     0.01256361674,     -0.1883667252,                 0,       -22.3152776
          0,           0,         371,      -9.680678998,       -10.0221737,      -10.20895759,      -9.121026832,             0.448,    0.008451430492,       -0.18859598,                 0,                 0,                 0,    -0.06956096307,      0.0125636189,     -0.1883667323,                 0,      -22.31527316
          0,           0,         372,      -9.700608763,      -10.02600851,      -10.22259117,      -9.141050817,             0.448,    0.008451432403,      -0.188595987,                 0,                 0,                 0,     -0.0695609598,     0.01256362097,     -0.1883667392,                 0,      -22.31526894
          0,           0,         373,      -9.720031829,      -10.03049726,      -10.23582351,      -9.160597354,             0.448,    0.008451434223,     -0.1885959939,                 0,                 0,                 0,    -0.06956095663,     0.01256362293,      -0.188366746,                 0,      -22.31526495
          0,           0,         374,      -9.738802206,      -10.03564551,      -10.24862396,      -9.179521808,             0.448,    0.008451435952,     -0.1885960005,                 0,                 0,                 0,    -0.06956095359,     0.01256362481,     -0.1883667527,                 0,      -22.31526117
          0,           0,         375,      -9.756769696,      -10.04145689,       -10.2609664,      -9.197674505,             0.448,    0.008451437591,     -0.1885960071,                 0,                 0,                 0,    -0.06956095067,     0.01256362659,     -0.1883667592,                 0,      -22.31525761
          0,           0,         376,      -9.773785317,      -10.04793303,      -10.27282955,      -9.214905866,             0.448,     0.00845143914,     -0.1885960134,                 0,                 0,                 0,    -0.06956094787,     0.01256362828,     -0.1883667655,                 0,      -22.31525428
          0,           0,         377,      -9.789708051,      -10.05507333,      -10.28419737,      -9.231072937,             0.448,    0.008451440599,     -0.1885960196,                 0,                 0,                 0,     -0.0695609452,     0.01256362987,     -0.1883667717,                 0,      -22.31525116
          0,           0,         378,      -9.804412568,      -10.06287507,      -10.29505927,      -9.246046946,             0.448,    0.008451441971,     -0.1885960256,                 0,                 0,                 0,    -0.06956094265,     0.01256363137,     -0.1883667777,                 0,      -22.31524825
          0,           0,         379,      -9.817797105,      -10.07133353,       -10.3054108,      -9.259721179,             0.448,    0.008451443256,     -0.1885960315,                 0,                 0,                 0,    -0.06956094023,     0.01256363279,     -0.1883667835,                 0,      -22.31524555
          0,           0,         380,      -9.829790683,      -10.08044236,      -10.31525369,      -9.272018347,             0.448,    0.008451444455,     -0.1885960372,                 0,                 0,                 0,    -0.06956093794,     0.01256363411,     -0.1883667892,                 0,      -22.31524306
          0,           0,         381,      -9.840358605,      -10.09019395,      -10.32459656,       -9.28289646,             0.448,    0.008451445572,     -0.1885960427,                 0,                 0,                 0,    -0.06956093577,     0.01256363535,     -0.1883667947,                 0,      -22.31524076
          0,           0,         382,      -9.849505395,      -10.10057971,      -10.33345494,      -9.292352245,             0.448,    0.008451446607,     -0.1885960481,                 0,                 0,                 0,    -0.06956093373,      0.0125636365,        -0.1883668,                 0,      -22.31523866
          0,           0,         383,      -9.857274701,      -10.11159063,      -10.34185134,       -9.30042162,             0.448,    0.008451447562,     -0.1885960533,                 0,                 0,                 0,    -0.06956093182,     0.01256363757,     -0.1883668052,                 0,      -22.31523676
          0,           0,         384,       -9.86374621,      -10.12321782,      -10.34981499,      -9.307177172,             0.448,     0.00845144844,     -0.1885960583,                 0,                 0,                 0,    -0.06956093003,     0.01256363855,     -0.1883668102,                 0,      -22.31523504
          0,           0,         385,      -9.869029917,      -10.13545262,      -10.35738105,       -9.31272285,             0.448,    0.008451449243,     -0.1885960632,                 0,                 0,                 0,    -0.06956092836,     0.01256363946,     -0.1883668151,                 0,      -22.31523349
          0,           0,         386,      -9.873258765,      -10.14828667,      -10.36458978,      -9.317186938,             0.448,    0.008451449973,     -0.1885960679,                 0,                 0,                 0,    -0.06956092681,      0.0125636403,     -0.1883668198,                 0,      -22.31523212
          0,           0,         387,      -9.876580515,      -10.16171236,      -10.37148542,       -9.32071404,             0.448,    0.008451450633,     -0.1885960725,                 0,                 0,                 0,    -0.06956092537,     0.01256364106,     -0.1883668243,                 0,      -22.31523092
          0,           0,         388,      -9.879149879,      -10.17572222,      -10.37811479,       -9.32345714,             0.448,    0.008451451224,     -0.1885960769,                 0,                 0,                 0,    -0.06956092405,     0.01256364174,     -0.1883668287,                 0,      -22.31522988
          0,           0,         389,      -9.881121565,      -10.19030966,      -10.38452608,      -9.325570566,             0.448,     0.00845145175,     -0.1885960811,                 0,                 0,                 0,    -0.06956092284,     0.01256364236,     -0.1883668329,                 0,      -22.31522899
          0,           0,         390,      -9.882644645,      -10.20546822,      -10.39076761,      -9.327204085,             0.448,    0.008451452212,     -0.1885960852,                 0,                 0,                 0,    -0.06956092174,     0.01256364291,      -0.188366837,                 0,      -22.31522826
          0,           0,         391,      -9.883858465,      -10.22119174,      -10.39688666,      -9.328498563,             0.448,    0.008451452614,     -0.1885960892,                 0,                 0,                 0,    -0.06956092074,      0.0125636434,     -0.1883668409,                 0,      -22.31522766
          0,           0,         392,      -9.884890071,      -10.23747399,      -10.40292872,      -9.329583158,             0.448,    0.008451452957,      -0.188596093,                 0,                 0,                 0,    -0.06956091984,     0.01256364383,     -0.1883668447,                 0,      -22.31522721
          0,           0,         393,      -9.885852772,      -10.25430895,       -10.4089369,      -9.330573648,             0.448,    0.008451453244,     -0.1885960966,                 0,                 0,                 0,    -0.06956091905,     0.01256364419,     -0.1883668484,                 0,      -22.31522688
          0,           0,         394,       -9.88684577,      -10.27169016,      -10.41495145,      -9.331571882,             0.448,    0.008451453477,     -0.1885961001,                 0,                 0,                 0,    -0.06956091835,      0.0125636445,     -0.1883668519,                 0,      -22.31522668
          0,           0,         395,      -9.887954552,      -10.28961068,       -10.4210094,       -9.33266601,             0.448,     0.00845145366,     -0.1885961035,                 0,                 0,                 0,    -0.06956091774,     0.01256364476,     -0.1883668552,                 0,       -22.3152266
          0,           0,         396,      -9.889251686,      -10.30806288,       -10.4271448,      -9.333931205,             0.448,    0.008451453793,     -0.1885961067,                 0,                 0,                 0,    -0.06956091722,     0.01256364496,     -0.1883668585,                 0,      -22.31522663
          0,           0,         397,      -9.890797993,      -10.32703806,       -10.4333884,       -9.33543072,             0.448,    0.008451453881,     -0.1885961098,                 0,                 0,                 0,    -0.06956091679,     0.01256364512,     -0.1883668616,                 0,      -22.31522676
          0,           0,         398,      -9.892643787,      -10.34652617,      -10.43976802,      -9.337217119,             0.448,    0.008451453924,     -0.1885961128,                 0,                 0,                 0,    -0.06956091643,     0.01256364523,     -0.1883668645,                 0,        -22.315227
          0,           0,         399,      -9.894830189,      -10.36651529,      -10.44630855,      -9.339333548,             0.448,    0.008451453926,     -0.1885961156,                 0,                 0,                 0,    -0.06956091616,     0.01256364529,     -0.1883668674,                 0,      -22.31522733
          0,           0,         400,      -9.897390391,      -10.38699108,      -10.45303223,      -9.341814992,             0.448,    0.008451453888,     -0.1885961184,                 0,                 0,                 0,    -0.06956091596,     0.01256364531,     -0.1883668701,                 0,      -22.31522776
          0,           0,         401,      -9.900350797,      -10.40793598,      -10.45995878,      -9.344689443,             0.448,    0.008451453813,      -0.188596121,                 0,                 0,                 0,    -0.06956091584,     0.01256364529,     -0.1883668727,                 0,      -22.31522826
          0,           0,         402,       -9.90373212,      -10.42932875,      -10.46710575,      -9.347978971,             0.448,    0.008451453702,     -0.1885961235,                 0,                 0,                 0,    -0.06956091578,     0.01256364524,     -0.1883668752,                 0,      -22.31522885
          0,           0,         403,      -9.907550305,      -10.45114336,      -10.47448849,       -9.35170069,             0.448,    0.008451453559,     -0.1885961258,                 0,                 0,                 0,    -0.06956091579,     0.01256364515,     -0.1883668776,                 0,      -22.31522951
          0,           0,         404,      -9.911817366,      -10.47334788,      -10.48212053,      -9.355867608,             0.448,    0.008451453386,     -0.1885961281,                 0,                 0,                 0,    -0.06956091586,     0.01256364502,     -0.1883668799,                 0,      -22.31523023
          0,           0,         405,      -9.916542078,      -10.49590363,      -10.49001382,      -9.360489331,             0.448,    0.008451453183,     -0.1885961303,                 0,                 0,                 0,    -0.06956091599,     0.01256364487,      -0.188366882,                 0,      -22.31523102
          0,           0,         406,      -9.921730618,      -10.51876305,      -10.49817866,      -9.365572733,             0.448,    0.008451452954,     -0.1885961323,                 0,                 0,                 0,    -0.06956091618,     0.01256364468,     -0.1883668841,                 0,      -22.31523187
          0,           0,         407,      -9.927387055,      -10.54186947,      -10.50662403,      -9.371122455,             0.448,      0.0084514527,     -0.1885961343,                 0,                 0,                 0,    -0.06956091642,     0.01256364447,     -0.1883668861,                 0,      -22.31523278
          0,           0,         408,      -9.933513807,      -10.56515454,       -10.5153578,      -9.377141381,             0.448,    0.008451452424,     -0.1885961362,                 0,                 0,                 0,    -0.06956091671,     0.01256364424,     -0.1883668879,                 0,      -22.31523373
          0,           0,         409,      -9.940112014,      -10.58853708,      -10.52438672,      -9.383631027,             0.448,    0.008451452127,     -0.1885961379,                 0,                 0,                 0,    -0.06956091705,     0.01256364398,     -0.1883668897,                 0,      -22.31523472
          0,           0,         410,      -9.947181835,      -10.61192216,      -10.53371662,      -9.390591848,             0.448,     0.00845145181,     -0.1885961396,                 0,                 0,                 0,    -0.06956091743,      0.0125636437,     -0.1883668914,                 0,      -22.31523576
          0,           0,         411,      -9.954722708,      -10.63519886,      -10.54335256,      -9.398023515,             0.448,    0.008451451477,     -0.1885961412,                 0,                 0,                 0,    -0.06956091785,      0.0125636434,      -0.188366893,                 0,      -22.31523683
          0,           0,         412,      -9.962733566,      -10.65824108,      -10.55329882,      -9.405925136,             0.448,    0.008451451128,     -0.1885961428,                 0,                 0,                 0,    -0.06956091831,     0.01256364308,     -0.1883668945,                 0,      -22.31523793
          0,           0,         413,      -9.971213029,      -10.68090596,      -10.56355913,       -9.41429546,             0.448,    0.008451450765,     -0.1885961442,                 0,                 0,                 0,     -0.0695609188,     0.01256364275,      -0.188366896,                 0,      -22.31523906
          0,           0,         414,      -9.980159535,      -10.70303718,      -10.57413664,      -9.423133012,             0.448,    0.008451450389,     -0.1885961456,                 0,                 0,                 0,    -0.06956091933,     0.01256364241,     -0.1883668974,                 0,      -22.31524021
          0,           0,         415,      -9.989571472,      -10.72446642,      -10.58503405,       -9.43243623,             0.448,    0.008451450003,     -0.1885961468,                 0,                 0,                 0,    -0.06956091989,     0.01256364205,     -0.1883668987,                 0,      -22.31524138
          0,           0,         416,      -9.999447277,      -10.74501823,      -10.59625367,       -9.44220358,             0.448,    0.008451449607,     -0.1885961481,                 0,                 0,                 0,    -0.06956092048,     0.01256364168,     -0.1883668999,                 0,      -22.31524257
          0,           0,         417,      -10.00978551,      -10.76451651,      -10.60779741,      -9.452433625,             0.448,    0.008451449204,     -0.1885961492,                 0,                 0,                 0,    -0.06956092109,      0.0125636413,     -0.1883669011,                 0,      -22.31524377
          0,           0,         418,      -10.02058495,      -10.78279279,      -10.61966689,      -9.463125118,             0.448,    0.008451448794,     -0.1885961503,                 0,                 0,                 0,    -0.06956092172,     0.01256364091,     -0.1883669022,                 0,      -22.31524499
          0,           0,         419,      -10.03184462,      -10.79969494,      -10.63186345,      -9.474277045,             0.448,    0.008451448378,     -0.1885961513,                 0,                 0,                 0,    -0.06956092237,     0.01256364052,     -0.1883669032,                 0,       -22.3152462
          0,           0,         420,      -10.04356383,      -10.81509764,      -10.64438815,      -9.485888677,             0.448,    0.008451447959,     -0.1885961523,                 0,                 0,                 0,    -0.06956092305,     0.01256364012,     -0.1883669042,                 0,      -22.31524743
          0,           0,         421,      -10.05574223,      -10.82891062,      -10.65724183,      -9.497959612,             0.448,    0.008451447537,     -0.1885961532,                 0,                 0,                 0,    -0.06956092374,     0.01256363972,     -0.1883669051,                 0,      -22.31524865
          0,           0,         422,      -10.06837986,      -10.84108623,        -10.670425,      -9.510489801,             0.448,    0.008451447113,     -0.1885961541,                 0,                 0,                 0,    -0.06956092444,     0.01256363932,      -0.188366906,                 0,      -22.31524987
          0,           0,         423,      -10.08147712,       -10.8516225,      -10.68393804,       -9.52347957,             0.448,    0.008451446688,     -0.1885961549,                 0,                 0,                 0,    -0.06956092515,     0.01256363891,     -0.1883669068,                 0,      -22.31525109
          0,           0,         424,      -10.09503479,      -10.86056392,        -10.697781,      -9.536929632,             0.448,    0.008451446263,     -0.1885961557,                 0,                 0,                 0,    -0.06956092588,      0.0125636385,     -0.1883669076,                 0,       -22.3152523
          0,           0,         425,      -10.10905407,      -10.86799671,      -10.71195367,      -9.550841106,             0.448,     0.00845144584,     -0.1885961564,                 0,                 0,                 0,    -0.06956092661,     0.01256363809,     -0.1883669083,                 0,      -22.31525351
          0,           0,         426,      -10.12353658,      -10.87404311,      -10.72645553,       -9.56521551,             0.448,    0.008451445418,     -0.1885961571,                 0,                 0,                 0,    -0.06956092735,     0.01256363769,      -0.188366909,                 0,       -22.3152547
          0,           0,         427,      -10.13848431,      -10.87885185,      -10.74128574,      -9.580054767,             0.448,    0.008451444999,     -0.1885961577,                 0,                 0,                 0,    -0.06956092809,     0.01256363728,     -0.1883669096,                 0,      -22.31525588
          0,           0,         428,      -10.15389968,        -10.882589,      -10.75644301,      -9.595361196,             0.448,    0.008451444585,     -0.1885961583,                 0,                 0,                 0,    -0.06956092884,     0.01256363688,     -0.1883669103,                 0,      -22.31525705
          0,           0,         429,      -10.16978545,      -10.88542755,      -10.77192569,      -9.611137486,             0.448,    0.008451444174,     -0.1885961589,                 0,                 0,                 0,    -0.06956092959,     0.01256363648,     -0.1883669108,                 0,       -22.3152582
          0,           0,         430,      -10.18614473,      -10.88754004,      -10.78773159,      -9.627386678,             0.448,    0.008451443768,     -0.1885961594,                 0,                 0,                 0,    -0.06956093034,     0.01256363609,     -0.1883669114,                 0,      -22.31525933
          0,           0,         431,      -10.20298097,      -10.88909254,      -10.80385795,      -9.644112149,             0.448,    0.008451443368,     -0.1885961599,                 0,                 0,                 0,    -0.06956093108,      0.0125636357,     -0.1883669119,                 0,      -22.31526045
          0,           0,         432,      -10.22029789,      -10.89023967,      -10.82030133,      -9.661317557,             0.448,    0.008451442975,     -0.1885961604,                 0,                 0,                 0,    -0.06956093183,     0.01256363532,     -0.1883669123,                 0,      -22.31526154
          0,           0,         433,      -10.23809937,      -10.89112164,      -10.83705749,      -9.679006763,             0.448,    0.008451442588,     -0.1885961608,                 0,                 0,                 0,    -0.06956093256,     0.01256363494,     -0.1883669128,                 0,      -22.31526261
          0,           0,         434,      -10.25638949,      -10.89186203,      -10.85412145,      -9.697183789,             0.448,    0.008451442208,     -0.1885961612,                 0,                 0,                 0,     -0.0695609333,     0.01256363457,     -0.1883669132,                 0,      -22.31526367
          0,           0,         435,       -10.2751723,      -10.89257002,        -10.871487,      -9.715852716,             0.448,    0.008451441836,     -0.1885961616,                 0,                 0,                 0,    -0.06956093402,     0.01256363421,     -0.1883669136,                 0,      -22.31526469
          0,           0,         436,      -10.29445183,      -10.89333807,      -10.88914694,      -9.735017573,             0.448,    0.008451441472,      -0.188596162,                 0,                 0,                 0,    -0.06956093474,     0.01256363385,      -0.188366914,                 0,       -22.3152657
          0,           0,         437,      -10.31423178,      -10.89424623,      -10.90709271,      -9.754682127,             0.448,    0.008451441117,     -0.1885961623,                 0,                 0,                 0,    -0.06956093545,      0.0125636335,     -0.1883669143,                 0,      -22.31526668
          0,           0,         438,      -10.33451552,      -10.89535958,      -10.92531419,      -9.774849839,             0.448,     0.00845144077,     -0.1885961626,                 0,                 0,                 0,    -0.06956093615,     0.01256363316,     -0.1883669146,                 0,      -22.31526763
          0,           0,         439,      -10.35530563,      -10.89673413,      -10.94379962,      -9.795523452,             0.448,    0.008451440433,     -0.1885961629,                 0,                 0,                 0,    -0.06956093684,     0.01256363283,      -0.188366915,                 0,      -22.31526855
          0,           0,         440,       -10.3766038,      -10.89841575,      -10.96253528,      -9.816704848,             0.448,    0.008451440105,     -0.1885961632,                 0,                 0,                 0,    -0.06956093752,     0.01256363251,     -0.1883669152,                 0,      -22.31526945
          0,           0,         441,      -10.39841032,      -10.90044098,      -10.98150542,      -9.838394614,             0.448,    0.008451439786,     -0.1885961635,                 0,                 0,                 0,    -0.06956093818,      0.0125636322,     -0.1883669155,                 0,      -22.31527033
          0,           0,         442,      -10.42072363,      -10.90284086,      -11.00069162,      -9.860591552,             0.448,    0.008451439478,     -0.1885961637,                 0,                 0,                 0,    -0.06956093884,     0.01256363189,     -0.1883669158,                 0,      -22.31527117
          0,           0,         443,      -10.44353984,       -10.9056403,      -11.02007339,      -9.883292252,             0.448,    0.008451439179,     -0.1885961639,                 0,                 0,                 0,    -0.06956093947,      0.0125636316,      -0.188366916,                 0,      -22.31527198
          0,           0,         444,      -10.46685188,       -10.9088599,      -11.03962676,      -9.906490279,             0.448,     0.00845143889,     -0.1885961641,                 0,                 0,                 0,     -0.0695609401,     0.01256363132,     -0.1883669162,                 0,      -22.31527277
          0,           0,         445,      -10.49064874,      -10.91251664,      -11.05932509,      -9.930175348,             0.448,    0.008451438612,     -0.1885961643,                 0,                 0,                 0,     -0.0695609407,     0.01256363104,     -0.1883669164,                 0,      -22.31527353
          0,           0,         446,      -10.51491436,      -10.91662594,      -11.07913863,      -9.954332426,             0.448,    0.008451438344,     -0.1885961645,                 0,                 0,                 0,    -0.06956094129,     0.01256363078,     -0.1883669166,                 0,      -22.31527426
          0,           0,         447,      -10.53962635,       -10.9212005,      -11.09903403,      -9.978940281,             0.448,    0.008451438087,     -0.1885961647,                 0,                 0,                 0,    -0.06956094187,     0.01256363052,     -0.1883669168,                 0,      -22.31527496
          0,           0,         448,      -10.56475446,      -10.92625308,      -11.11897492,      -10.00397012,             0.448,     0.00845143784,     -0.1885961649,                 0,                 0,                 0,    -0.06956094243,     0.01256363028,     -0.1883669169,                 0,      -22.31527563
          0,           0,         449,      -10.59025878,      -10.93179513,      -11.13892141,      -10.02938383,             0.448,    0.008451437604,      -0.188596165,                 0,                 0,                 0,    -0.06956094296,     0.01256363005,     -0.1883669171,                 0,      -22.31527627
          0,           0,         450,      -10.61608758,      -10.93783921,      -11.15883076,      -10.05513185,             0.448,    0.008451437378,     -0.1885961651,                 0,                 0,                 0,    -0.06956094349,     0.01256362983,     -0.1883669172,                 0,      -22.31527688
          0,           0,         451,      -10.64217488,      -10.94439778,      -11.17865742,      -10.08115074,             0.448,    0.008451437163,     -0.1885961653,                 0,                 0,                 0,    -0.06956094399,     0.01256362961,     -0.1883669173,                 0,      -22.31527746
          0,           0,         452,      -10.66843787,       -10.9514842,      -11.19835307,      -10.10736078,             0.448,    0.008451436959,     -0.1885961654,                 0,                 0,                 0,    -0.06956094447,     0.01256362941,     -0.1883669175,                 0,      -22.31527802
          0,           0,         453,      -10.69477396,      -10.95911206,       -11.2178674,      -10.13366296,             0.448,    0.008451436766,     -0.1885961655,                 0,                 0,                 0,    -0.06956094494,     0.01256362922,     -0.1883669176,                 0,      -22.31527854
          0,           0,         454,      -10.72105821,       -10.9672967,      -11.23714817,      -10.15993652,             0.448,    0.008451436583,     -0.1885961656,                 0,                 0,                 0,    -0.06956094539,     0.01256362904,     -0.1883669177,                 0,      -22.31527903
          0,           0,         455,      -10.74714084,      -10.97605436,      -11.25614175,      -10.18603633,             0.448,     0.00845143641,     -0.1885961657,                 0,                 0,                 0,    -0.06956094581,     0.01256362887,     -0.1883669178,                 0,       -22.3152795
          0,           0,         456,      -10.77284568,      -10.98540081,        -11.274795,      -10.21179139,             0.448,    0.008451436248,     -0.1885961657,                 0,                 0,                 0,    -0.06956094622,     0.01256362871,     -0.1883669179,                 0,      -22.31527994
          0,           0,         457,      -10.79796976,      -10.99535207,      -11.29305263,      -10.23700415,             0.448,    0.008451436096,     -0.1885961658,                 0,                 0,                 0,    -0.06956094661,     0.01256362856,     -0.1883669179,                 0,      -22.31528035
          0,           0,         458,      -10.82228551,      -11.00592324,      -11.31086018,      -10.26145227,             0.448,    0.008451435954,     -0.1885961659,                 0,                 0,                 0,    -0.06956094698,     0.01256362842,      -0.188366918,                 0,      -22.31528073
          0,           0,         459,      -10.84554582,      -11.01712919,      -11.32816329,      -10.28489342,             0.448,    0.008451435822,      -0.188596166,                 0,                 0,                 0,    -0.06956094732,     0.01256362829,     -0.1883669181,                 0,      -22.31528109
          0,           0,         460,      -10.86749288,      -11.02897932,      -11.34490935,      -10.30707281,             0.448,    0.008451435699,      -0.188596166,                 0,                 0,                 0,    -0.06956094766,     0.01256362817,     -0.1883669181,                 0,      -22.31528142
          0,           0,         461,      -10.88787163,      -11.04148102,      -11.36104677,      -10.32773624,             0.448,    0.008451435586,     -0.1885961661,                 0,                 0,                 0,    -0.06956094797,     0.01256362805,     -0.1883669182,                 0,      -22.31528172
          0,           0,         462,      -10.90644788,        -11.054637,      -11.37652733,      -10.34664685,             0.448,    0.008451435482,     -0.1885961661,                 0,                 0,                 0,    -0.06956094826,     0.01256362795,     -0.1883669182,                 0,        -22.315282
          0,           0,         463,      -10.92302831,      -11.06844623,      -11.39130773,      -10.36360469,             0.448,    0.008451435387,     -0.1885961662,                 0,                 0,                 0,    -0.06956094854,     0.01256362786,     -0.1883669183,                 0,      -22.31528226
          0,           0,         464,      -10.93747987,      -11.08290372,      -11.40535259,      -10.37846636,             0.448,      0.0084514353,     -0.1885961662,                 0,                 0,                 0,    -0.06956094879,     0.01256362777,     -0.1883669183,                 0,      -22.31528249
          0,           0,         465,      -10.94974558,      -11.09800086,      -11.41863573,      -10.39116104,             0.448,    0.008451435222,     -0.1885961662,                 0,                 0,                 0,    -0.06956094903,     0.01256362769,     -0.1883669184,                 0,      -22.31528271
          0,           0,         466,      -10.95985193,      -11.11372924,      -11.43114447,       -10.4016998,             0.448,    0.008451435151,     -0.1885961663,                 0,                 0,                 0,    -0.06956094926,     0.01256362762,     -0.1883669184,                 0,       -22.3152829
          0,           0,         467,      -10.96790682,      -11.13008032,      -11.44288146,        -10.410175,             0.448,    0.008451435089,     -0.1885961663,                 0,                 0,                 0,    -0.06956094946,     0.01256362756,     -0.1883669184,                 0,      -22.31528307
          0,           0,         468,      -10.97408832,      -11.14704665,      -11.45386534,      -10.41675073,             0.448,    0.008451435033,     -0.1885961663,                 0,                 0,                 0,    -0.06956094966,     0.01256362751,     -0.1883669185,                 0,      -22.31528322
          0,           0,         469,      -10.97862694,      -11.16462264,      -11.46413044,      -10.42164646,             0.448,    0.008451434985,     -0.1885961664,                 0,                 0,                 0,    -0.06956094983,     0.01256362746,     -0.1883669185,                 0,      -22.31528335
          0,           0,         470,      -10.98178467,      -11.18280483,      -11.47372605,      -10.42511672,             0.448,    0.008451434944,     -0.1885961664,                 0,                 0,                 0,    -0.06956094999,     0.01256362742,     -0.1883669185,                 0,      -22.31528346
          0,           0,         471,      -10.98383498,      -11.20158916,      -11.48271355,      -10.42743097,             0.448,    0.008451434909,     -0.1885961664,                 0,                 0,                 0,    -0.06956095014,     0.01256362738,     -0.1883669186,                 0,      -22.31528355
          0,           0,         472,      -10.98504592,      -11.22097622,      -11.49116176,      -10.42885626,             0.448,     0.00845143488,     -0.1885961665,                 0,                 0,                 0,    -0.06956095028,     0.01256362736,     -0.1883669186,                 0,      -22.31528363
          0,           0,         473,      -10.98566768,      -11.24096428,      -11.49914779,      -10.42964419,             0.448,    0.008451434857,     -0.1885961665,                 0,                 0,                 0,     -0.0695609504,     0.01256362733,     -0.1883669186,                 0,       -22.3152837
          0,           0,         474,      -10.98592511,      -11.26155397,       -11.5067491,      -10.43002279,             0.448,     0.00845143484,     -0.1885961665,                 0,                 0,                 0,    -0.06956095051,     0.01256362732,     -0.1883669187,                 0,      -22.31528375
          0,           0,         475,      -10.98601384,      -11.28274559,      -11.51404297,      -10.43019185,             0.448,    0.008451434828,     -0.1885961666,                 0,                 0,                 0,     -0.0695609506,     0.01256362731,     -0.1883669187,                 0,      -22.31528378
          0,           0,         476,      -10.98609967,       -11.3045374,      -11.52110605,      -10.43032184,             0.448,    0.008451434821,     -0.1885961666,                 0,                 0,                 0,    -0.06956095069,      0.0125636273,     -0.1883669187,                 0,      -22.31528381
          0,           0,         477,      -10.98632026,      -11.32692663,      -11.52800977,       -10.4305552,             0.448,    0.008451434818,     -0.1885961666,                 0,                 0,                 0,    -0.06956095077,      0.0125636273,     -0.1883669188,                 0,      -22.31528382
          0,           0,         478,      -10.98678733,       -11.3499094,      -11.53482122,      -10.43100831,             0.448,     0.00845143482,     -0.1885961666,                 0,                 0,                 0,    -0.06956095083,      0.0125636273,     -0.1883669188,                 0,      -22.31528381
          0,           0,         479,      -10.98759031,      -11.37347843,      -11.54160163,      -10.43177478,             0.448,    0.008451434827,     -0.1885961667,                 0,                 0,                 0,    -0.06956095089,     0.01256362731,     -0.1883669188,                 0,       -22.3152838
          0,           0,         480,      -10.98879939,      -11.39762254,      -11.54840718,       -10.4329288,             0.448,    0.008451434837,     -0.1885961667,                 0,                 0,                 0,    -0.06956095093,     0.01256362732,     -0.1883669189,                 0,      -22.31528378
          0,           0,         481,      -10.99046873,      -11.42232763,      -11.55528819,       -10.4345278,             0.448,    0.008451434851,     -0.1885961667,                 0,                 0,                 0,    -0.06956095097,     0.01256362733,     -0.1883669189,                 0,      -22.31528375
          0,           0,         482,       -10.9926393,      -11.44757045,      -11.56228876,      -10.43661574,             0.448,    0.008451434868,     -0.1885961668,                 0,                 0,                 0,      -0.069560951,     0.01256362735,     -0.1883669189,                 0,       -22.3152837
          0,           0,         483,      -10.99534143,      -11.47332249,       -11.5694486,      -10.43922547,             0.448,    0.008451434888,     -0.1885961668,                 0,                 0,                 0,    -0.06956095102,     0.01256362737,      -0.188366919,                 0,      -22.31528366
          0,           0,         484,      -10.99859688,      -11.49954517,       -11.5768022,      -10.44238085,             0.448,    0.008451434911,     -0.1885961669,                 0,                 0,                 0,    -0.06956095104,      0.0125636274,      -0.188366919,                 0,       -22.3152836
          0,           0,         485,      -11.00242071,      -11.52618635,      -11.58437984,      -10.44609862,             0.448,    0.008451434937,     -0.1885961669,                 0,                 0,                 0,    -0.06956095104,     0.01256362742,      -0.188366919,                 0,      -22.31528353
          0,           0,         486,      -11.00682266,      -11.55317986,       -11.5922071,      -10.45039004,             0.448,    0.008451434966,     -0.1885961669,                 0,                 0,                 0,    -0.06956095104,     0.01256362745,     -0.1883669191,                 0,      -22.31528346
          0,           0,         487,      -11.01180838,      -11.58043896,      -11.60030668,      -10.45526186,             0.448,    0.008451434997,      -0.188596167,                 0,                 0,                 0,    -0.06956095104,     0.01256362748,     -0.1883669191,                 0,      -22.31528339
          0,           0,         488,       -11.0173805,       -11.6078558,       -11.6086973,      -10.46071764,             0.448,     0.00845143503,      -0.188596167,                 0,                 0,                 0,    -0.06956095103,     0.01256362752,     -0.1883669192,                 0,      -22.31528331
          0,           0,         489,      -11.02353933,      -11.63529954,      -11.61739474,      -10.46675846,             0.448,    0.008451435064,     -0.1885961671,                 0,                 0,                 0,    -0.06956095101,     0.01256362755,     -0.1883669192,                 0,      -22.31528322
          0,           0,         490,      -11.03028347,      -11.66260384,      -11.62641311,      -10.47338343,             0.448,    0.008451435101,     -0.1885961671,                 0,                 0,                 0,    -0.06956095099,     0.01256362759,     -0.1883669193,                 0,      -22.31528313
          0,           0,         491,      -11.03761039,      -11.68957656,      -11.63576226,      -10.48059053,             0.448,    0.008451435138,     -0.1885961672,                 0,                 0,                 0,    -0.06956095096,     0.01256362763,     -0.1883669193,                 0,      -22.31528304
          0,           0,         492,      -11.04551679,      -11.71598752,      -11.64545177,      -10.48837675,             0.448,    0.008451435178,     -0.1885961672,                 0,                 0,                 0,    -0.06956095093,     0.01256362767,     -0.1883669194,                 0,      -22.31528294
          0,           0,         493,      -11.05399885,      -11.74157759,      -11.65548872,       -10.4967385,             0.448,    0.008451435218,     -0.1885961673,                 0,                 0,                 0,     -0.0695609509,     0.01256362771,     -0.1883669194,                 0,      -22.31528284
          0,           0,         494,      -11.06305254,      -11.76606246,      -11.66587805,      -10.50567196,             0.448,    0.008451435259,     -0.1885961673,                 0,                 0,                 0,    -0.06956095086,     0.01256362775,     -0.1883669195,                 0,      -22.31528274
          0,           0,         495,      -11.07267385,      -11.78914424,      -11.67662396,       -10.5151732,             0.448,    0.008451435301,     -0.1885961674,                 0,                 0,                 0,    -0.06956095082,      0.0125636278,     -0.1883669195,                 0,      -22.31528263
          0,           0,         496,       -11.0828588,      -11.81052322,       -11.6877288,      -10.52523835,             0.448,    0.008451435344,     -0.1885961675,                 0,                 0,                 0,    -0.06956095077,     0.01256362784,     -0.1883669196,                 0,      -22.31528253
          0,           0,         497,       -11.0936036,      -11.82992423,      -11.69919398,      -10.53586359,             0.448,    0.008451435387,     -0.1885961675,                 0,                 0,                 0,    -0.06956095073,     0.01256362789,     -0.1883669196,                 0,      -22.31528242
          0,           0,         498,      -11.10490478,      -11.84711855,       -11.7110198,      -10.54704553,             0.448,    0.008451435431,     -0.1885961676,                 0,                 0,                 0,    -0.06956095068,     0.01256362793,     -0.1883669197,                 0,      -22.31528231
          0,           0,         499,      -11.11675909,      -11.86194355,      -11.72320467,      -10.55878089,             0.448,    0.008451435475,     -0.1885961676,                 0,                 0,                 0,    -0.06956095063,     0.01256362798,     -0.1883669198,                 0,       -22.3152822
          0,           0,         500,      -11.12916375,      -11.87432578,      -11.73574681,       -10.5710668,             0.448,    0.008451435519,     -0.1885961677,                 0,                 0,                 0,    -0.06956095057,     0.01256362802,     -0.1883669198,                 0,      -22.31528209
          0,           0,         501,      -11.14211614,      -11.88428461,      -11.74864321,      -10.58390075,             0.448,    0.008451435563,     -0.1885961678,                 0,                 0,                 0,    -0.06956095052,     0.01256362807,     -0.1883669199,                 0,      -22.31528198
          0,           0,         502,      -11.15561399,      -11.89192844,      -11.76188961,      -10.59728038,             0.448,    0.008451435607,     -0.1885961678,                 0,                 0,                 0,    -0.06956095046,     0.01256362811,     -0.1883669199,                 0,      -22.31528188
          0,           0,         503,      -11.16965537,      -11.89744994,      -11.77548048,      -10.61120372,             0.448,     0.00845143565,     -0.1885961679,                 0,                 0,                 0,     -0.0695609504,     0.01256362816,       -0.18836692,                 0,      -22.31528177
          0,           0,         504,      -11.18423844,      -11.90110131,      -11.78940953,      -10.62566893,             0.448,    0.008451435694,     -0.1885961679,                 0,                 0,                 0,    -0.06956095034,      0.0125636282,     -0.1883669201,                 0,      -22.31528166
          0,           0,         505,      -11.19936146,      -11.90316602,      -11.80366914,      -10.64067433,             0.448,    0.008451435737,      -0.188596168,                 0,                 0,                 0,    -0.06956095028,     0.01256362825,     -0.1883669201,                 0,      -22.31528155
          0,           0,         506,      -11.21502261,      -11.90393597,      -11.81824952,      -10.65621812,             0.448,     0.00845143578,     -0.1885961681,                 0,                 0,                 0,    -0.06956095022,     0.01256362829,     -0.1883669202,                 0,      -22.31528145
          0,           0,         507,      -11.23121998,      -11.90371144,      -11.83313999,      -10.67229847,             0.448,    0.008451435822,     -0.1885961681,                 0,                 0,                 0,    -0.06956095016,     0.01256362833,     -0.1883669203,                 0,      -22.31528135
          0,           0,         508,      -11.24795143,      -11.90275778,       -11.8483285,      -10.68891336,             0.448,    0.008451435863,     -0.1885961682,                 0,                 0,                 0,     -0.0695609501,     0.01256362838,     -0.1883669203,                 0,      -22.31528124
          0,           0,         509,      -11.26521402,      -11.90133078,      -11.86380061,      -10.70606003,             0.448,    0.008451435904,     -0.1885961683,                 0,                 0,                 0,    -0.06956095004,     0.01256362842,     -0.1883669204,                 0,      -22.31528114
          0,           0,         510,      -11.28300389,       -11.8996293,      -11.87953961,      -10.72373479,             0.448,    0.008451435945,     -0.1885961683,                 0,                 0,                 0,    -0.06956094998,     0.01256362846,     -0.1883669204,                 0,      -22.31528104
          0,           0,         511,      -11.30131631,       -11.8978367,      -11.89552755,      -10.74193335,             0.448,    0.008451435984,     -0.1885961684,                 0,                 0,                 0,    -0.06956094992,      0.0125636285,     -0.1883669205,                 0,      -22.31528095
          0,           0,         512,      -11.32014454,      -11.89610027,      -11.91174234,      -10.76064917,             0.448,    0.008451436023,     -0.1885961685,                 0,                 0,                 0,    -0.06956094986,     0.01256362854,     -0.1883669206,                 0,      -22.31528085
          0,           0,         513,      -11.33948033,      -11.89454271,      -11.92816092,       -10.7798747,             0.448,     0.00845143606,     -0.1885961685,                 0,                 0,                 0,     -0.0695609498,     0.01256362858,     -0.1883669206,                 0,      -22.31528076
          0,           0,         514,      -11.35931184,      -11.89325919,      -11.94475592,      -10.79959862,             0.448,    0.008451436097,     -0.1885961686,                 0,                 0,                 0,    -0.06956094974,     0.01256362862,     -0.1883669207,                 0,      -22.31528067
          0,           0,         515,      -11.37962471,       -11.8923276,      -11.96149789,      -10.81980734,             0.448,    0.008451436133,     -0.1885961687,                 0,                 0,                 0,    -0.06956094968,     0.01256362866,     -0.1883669208,                 0,      -22.31528059
          0,           0,         516,      -11.40040027,      -11.89180619,       -11.9783522,       -10.8404832,             0.448,    0.008451436168,     -0.1885961687,                 0,                 0,                 0,    -0.06956094962,     0.01256362869,     -0.1883669208,                 0,       -22.3152805
          0,           0,         517,      -11.42161413,      -11.89174527,      -11.99528352,        -10.861603,             0.448,    0.008451436202,     -0.1885961688,                 0,                 0,                 0,    -0.06956094956,     0.01256362873,     -0.1883669209,                 0,      -22.31528042
          0,           0,         518,      -11.44323612,      -11.89217399,      -12.01225291,      -10.88313776,             0.448,    0.008451436234,     -0.1885961688,                 0,                 0,                 0,    -0.06956094951,     0.01256362876,      -0.188366921,                 0,      -22.31528034
          0,           0,         519,      -11.46522813,      -11.89312428,      -12.02921649,      -10.90505091,             0.448,    0.008451436266,     -0.1885961689,                 0,                 0,                 0,    -0.06956094945,      0.0125636288,      -0.188366921,                 0,      -22.31528026
          0,           0,         520,      -11.48754318,      -11.89462198,      -12.04612806,      -10.92729787,             0.448,    0.008451436297,      -0.188596169,                 0,                 0,                 0,     -0.0695609494,     0.01256362883,     -0.1883669211,                 0,      -22.31528019
          0,           0,         521,      -11.51012368,      -11.89667917,      -12.06294144,      -10.94982295,             0.448,    0.008451436326,      -0.188596169,                 0,                 0,                 0,    -0.06956094934,     0.01256362886,     -0.1883669211,                 0,      -22.31528012
          0,           0,         522,      -11.53289922,      -11.89931177,      -12.07960433,      -10.97255828,             0.448,    0.008451436354,     -0.1885961691,                 0,                 0,                 0,    -0.06956094929,     0.01256362889,     -0.1883669212,                 0,      -22.31528005
          0,           0,         523,      -11.55578533,      -11.90253558,      -12.09606699,       -10.9954221,             0.448,    0.008451436381,     -0.1885961692,                 0,                 0,                 0,    -0.06956094924,     0.01256362892,     -0.1883669213,                 0,      -22.31527999
          0,           0,         524,      -11.57868216,      -11.90636168,      -12.11227961,      -11.01831799,             0.448,    0.008451436407,     -0.1885961692,                 0,                 0,                 0,    -0.06956094919,     0.01256362894,     -0.1883669213,                 0,      -22.31527993
          0,           0,         525,      -11.60147196,      -11.91079956,      -12.12819245,      -11.04113135,             0.448,    0.008451436432,     -0.1885961693,                 0,                 0,                 0,    -0.06956094915,     0.01256362897,     -0.1883669214,                 0,      -22.31527987
          0,           0,         526,      -11.62401847,      -11.91586566,      -12.14375442,      -11.06372962,             0.448,    0.008451436456,     -0.1885961693,                 0,                 0,                 0,     -0.0695609491,     0.01256362899,     -0.1883669214,                 0,      -22.31527981
          0,           0,         527,      -11.64616737,      -11.92156082,      -12.15892192,      -11.08596216,             0.448,    0.008451436478,     -0.1885961694,                 0,                 0,                 0,    -0.06956094906,     0.01256362902,     -0.1883669215,                 0,      -22.31527976
          0,           0,         528,      -11.66774632,      -11.92790115,      -12.17365186,      -11.10765963,             0.448,      0.0084514365,     -0.1885961694,                 0,                 0,                 0,    -0.06956094902,     0.01256362904,     -0.1883669216,                 0,      -22.31527971
          0,           0,         529,      -11.68856893,      -11.93489462,      -12.18790028,      -11.12863895,             0.448,     0.00845143652,     -0.1885961695,                 0,                 0,                 0,    -0.06956094898,     0.01256362906,     -0.1883669216,                 0,      -22.31527966
          0,           0,         530,      -11.70843905,      -11.94254794,      -12.20163541,      -11.14870596,             0.448,    0.008451436539,     -0.1885961696,                 0,                 0,                 0,    -0.06956094894,     0.01256362908,     -0.1883669217,                 0,      -22.31527962
          0,           0,         531,      -11.72715804,       -11.9508631,      -12.21482731,      -11.16766219,             0.448,    0.008451436556,     -0.1885961696,                 0,                 0,                 0,    -0.06956094891,      0.0125636291,     -0.1883669217,                 0,      -22.31527958
          0,           0,         532,      -11.74453603,      -11.95984019,      -12.22744649,      -11.18531615,             0.448,    0.008451436573,     -0.1885961697,                 0,                 0,                 0,    -0.06956094887,     0.01256362912,     -0.1883669218,                 0,      -22.31527954
          0,           0,         533,      -11.76040367,      -11.96947919,      -12.23947191,      -11.20149506,             0.448,    0.008451436589,     -0.1885961697,                 0,                 0,                 0,    -0.06956094884,     0.01256362914,     -0.1883669218,                 0,      -22.31527951
          0,           0,         534,      -11.77462417,      -11.97977384,      -12.25089235,      -11.21605575,             0.448,    0.008451436603,     -0.1885961698,                 0,                 0,                 0,    -0.06956094881,     0.01256362915,     -0.1883669219,                 0,      -22.31527947
          0,           0,         535,      -11.78710703,       -11.9907117,       -12.2616988,      -11.22889894,             0.448,    0.008451436617,     -0.1885961698,                 0,                 0,                 0,    -0.06956094878,     0.01256362917,     -0.1883669219,                 0,      -22.31527945
          0,           0,         536,       -11.7978139,      -12.00229244,      -12.27189498,      -11.23997618,             0.448,    0.008451436629,     -0.1885961699,                 0,                 0,                 0,    -0.06956094875,     0.01256362918,      -0.188366922,                 0,      -22.31527942
          0,           0,         537,      -11.80676526,        -12.014498,      -12.28148752,      -11.24929693,             0.448,     0.00845143664,     -0.1885961699,                 0,                 0,                 0,    -0.06956094873,     0.01256362919,      -0.188366922,                 0,      -22.31527939
          0,           0,         538,      -11.81403888,      -12.02732879,      -12.29050491,      -11.25692774,             0.448,    0.008451436651,     -0.1885961699,                 0,                 0,                 0,     -0.0695609487,      0.0125636292,      -0.188366922,                 0,      -22.31527937
          0,           0,         539,      -11.81976061,      -12.04076935,      -12.29897779,      -11.26298473,             0.448,     0.00845143666,       -0.18859617,                 0,                 0,                 0,    -0.06956094868,     0.01256362921,     -0.1883669221,                 0,      -22.31527935
          0,           0,         540,      -11.82409553,      -12.05480199,      -12.30694335,      -11.26762551,             0.448,    0.008451436669,       -0.18859617,                 0,                 0,                 0,    -0.06956094866,     0.01256362922,     -0.1883669221,                 0,      -22.31527933
          0,           0,         541,      -11.82723489,      -12.06943101,      -12.31445244,      -11.27103511,             0.448,    0.008451436676,     -0.1885961701,                 0,                 0,                 0,    -0.06956094864,     0.01256362923,     -0.1883669222,                 0,      -22.31527932
          0,           0,         542,      -11.82938361,      -12.08464598,      -12.32155831,      -11.27341541,             0.448,    0.008451436683,     -0.1885961701,                 0,                 0,                 0,    -0.06956094862,     0.01256362924,     -0.1883669222,                 0,       -22.3152793
          0,           0,         543,      -11.83074816,      -12.10043856,      -12.32832039,      -11.27497219,             0.448,    0.008451436689,     -0.1885961701,                 0,                 0,                 0,    -0.06956094861,     0.01256362925,     -0.1883669222,                 0,      -22.31527929
          0,           0,         544,      -11.83152485,      -12.11680903,      -12.33479453,      -11.27590134,             0.448,    0.008451436694,     -0.1885961702,                 0,                 0,                 0,    -0.06956094859,     0.01256362925,     -0.1883669223,                 0,      -22.31527928
          0,           0,         545,      -11.83189994,      -12.13373652,       -12.3410451,      -11.27639077,             0.448,    0.008451436699,     -0.1885961702,                 0,                 0,                 0,    -0.06956094858,     0.01256362926,     -0.1883669223,                 0,      -22.31527928
          0,           0,         546,      -11.83203839,      -12.15124298,      -12.34712875,      -11.27660905,             0.448,    0.008451436703,     -0.1885961702,                 0,                 0,                 0,    -0.06956094857,     0.01256362926,     -0.1883669223,                 0,      -22.31527927
          0,           0,         547,      -11.83208471,      -12.16930148,      -12.35310326,      -11.27670355,             0.448,    0.008451436706,     -0.1885961703,                 0,                 0,                 0,    -0.06956094856,     0.01256362927,     -0.1883669224,                 0,      -22.31527927
          0,           0,         548,      -11.83216377,      -12.18791418,      -12.35902314,      -11.27680281,             0.448,    0.008451436708,     -0.1885961703,                 0,                 0,                 0,    -0.06956094855,     0.01256362927,     -0.1883669224,                 0,      -22.31527926
          0,           0,         549,      -11.83238099,       -12.2070738,      -12.36493286,      -11.27701574,             0.448,     0.00845143671,     -0.1885961703,                 0,                 0,                 0,    -0.06956094854,     0.01256362927,     -0.1883669224,                 0,      -22.31527926
          0,           0,         550,      -11.83282418,      -12.22677738,       -12.3708836,      -11.27743372,             0.448,    0.008451436711,     -0.1885961704,                 0,                 0,                 0,    -0.06956094853,     0.01256362927,     -0.1883669225,                 0,      -22.31527926
          0,           0,         551,      -11.83356406,      -12.24700751,      -12.37690912,      -11.27813022,             0.448,    0.008451436712,     -0.1885961704,                 0,                 0,                 0,    -0.06956094853,     0.01256362927,     -0.1883669225,                 0,      -22.31527926
          0,           0,         552,      -11.83465808,      -12.26776865,       -12.3830523,      -11.27916607,             0.448,    0.008451436712,     -0.1885961704,                 0,                 0,                 0,    -0.06956094852,     0.01256362927,     -0.1883669225,                 0,      -22.31527927
          0,           0,         553,      -11.83615162,       -12.2890428,       -12.3893413,      -11.28058946,             0.448,    0.008451436711,     -0.1885961704,                 0,                 0,                 0,    -0.06956094852,     0.01256362927,     -0.1883669225,                 0,      -22.31527927
          0,           0,         554,       -11.8380802,      -12.31079391,      -12.39581153,      -11.28243725,             0.448,     0.00845143671,     -0.1885961705,                 0,                 0,                 0,    -0.06956094852,     0.01256362927,     -0.1883669226,                 0,      -22.31527928
          0,           0,         555,      -11.84047095,      -12.33303271,      -12.40248276,      -11.28473928,             0.448,    0.008451436709,     -0.1885961705,                 0,                 0,                 0,    -0.06956094851,     0.01256362927,     -0.1883669226,                 0,      -22.31527928
          0,           0,         556,       -11.8433447,      -12.35571861,      -12.40937834,      -11.28751782,             0.448,    0.008451436707,     -0.1885961705,                 0,                 0,                 0,    -0.06956094851,     0.01256362927,     -0.1883669226,                 0,      -22.31527929
          0,           0,         557,      -11.84671594,      -12.37882819,      -12.41652161,      -11.29078874,             0.448,    0.008451436705,     -0.1885961705,                 0,                 0,                 0,    -0.06956094851,     0.01256362927,     -0.1883669226,                 0,       -22.3152793
          0,           0,         558,      -11.85059536,      -12.40231709,      -12.42392677,       -11.2945637,             0.448,    0.008451436703,     -0.1885961706,                 0,                 0,                 0,    -0.06956094851,     0.01256362927,     -0.1883669227,                 0,      -22.31527931
          0,           0,         559,       -11.8549896,       -12.4261467,      -12.43161081,      -11.29885059,             0.448,      0.0084514367,     -0.1885961706,                 0,                 0,                 0,    -0.06956094851,     0.01256362927,     -0.1883669227,                 0,      -22.31527932
          0,           0,         560,      -11.85990293,      -12.45025727,       -12.4395864,       -11.3036541,             0.448,    0.008451436697,     -0.1885961706,                 0,                 0,                 0,    -0.06956094852,     0.01256362926,     -0.1883669227,                 0,      -22.31527933
          0,           0,         561,      -11.86533726,      -12.47457742,      -12.44786145,      -11.30897743,             0.448,    0.008451436693,     -0.1885961706,                 0,                 0,                 0,    -0.06956094852,     0.01256362926,     -0.1883669227,                 0,      -22.31527934
          0,           0,         562,      -11.87129307,      -12.49903495,      -12.45644964,      -11.31482098,             0.448,     0.00845143669,     -0.1885961706,                 0,                 0,                 0,    -0.06956094852,     0.01256362926,     -0.1883669227,                 0,      -22.31527935
          0,           0,         563,      -11.87776923,      -12.52350454,      -12.46535801,      -11.32118419,             0.448,    0.008451436686,     -0.1885961706,                 0,                 0,                 0,    -0.06956094853,     0.01256362925,     -0.1883669227,                 0,      -22.31527936
          0,           0,         564,      -11.88476422,       -12.5478852,      -12.47459417,      -11.32806565,             0.448,    0.008451436681,     -0.1885961706,                 0,                 0,                 0,    -0.06956094853,     0.01256362925,     -0.1883669227,                 0,      -22.31527937
          0,           0,         565,      -11.89227546,      -12.57203909,      -12.48416099,      -11.33546333,             0.448,    0.008451436677,     -0.1885961707,                 0,                 0,                 0,    -0.06956094853,     0.01256362924,     -0.1883669228,                 0,      -22.31527939
          0,           0,         566,       -11.9003004,      -12.59580932,      -12.49406547,      -11.34337467,             0.448,    0.008451436673,     -0.1885961707,                 0,                 0,                 0,    -0.06956094854,     0.01256362924,     -0.1883669228,                 0,       -22.3152794
          0,           0,         567,      -11.90883608,      -12.61901964,      -12.50431105,      -11.35179694,             0.448,    0.008451436668,     -0.1885961707,                 0,                 0,                 0,    -0.06956094855,     0.01256362924,     -0.1883669228,                 0,      -22.31527941
          0,           0,         568,       -11.9178796,      -12.64148719,      -12.51490049,      -11.36072719,             0.448,    0.008451436663,     -0.1885961707,                 0,                 0,                 0,    -0.06956094855,     0.01256362923,     -0.1883669228,                 0,      -22.31527943
          0,           0,         569,      -11.92742838,      -12.66300648,      -12.52583755,      -11.37016296,             0.448,    0.008451436658,     -0.1885961707,                 0,                 0,                 0,    -0.06956094856,     0.01256362923,     -0.1883669228,                 0,      -22.31527944
          0,           0,         570,      -11.93747975,       -12.6833741,      -12.53712235,      -11.38010158,             0.448,    0.008451436653,     -0.1885961707,                 0,                 0,                 0,    -0.06956094857,     0.01256362922,     -0.1883669228,                 0,      -22.31527945
          0,           0,         571,      -11.94803125,       -12.7024053,      -12.54875654,      -11.39054051,             0.448,    0.008451436648,     -0.1885961707,                 0,                 0,                 0,    -0.06956094857,     0.01256362922,     -0.1883669228,                 0,      -22.31527947
          0,           0,         572,      -11.95908097,      -12.71990372,      -12.56074149,      -11.40147774,             0.448,    0.008451436643,     -0.1885961707,                 0,                 0,                 0,    -0.06956094858,     0.01256362921,     -0.1883669228,                 0,      -22.31527948
          0,           0,         573,      -11.97062677,      -12.73572451,       -12.5730788,      -11.41291111,             0.448,    0.008451436638,     -0.1885961707,                 0,                 0,                 0,    -0.06956094859,     0.01256362921,     -0.1883669228,                 0,       -22.3152795
          0,           0,         574,       -11.9826675,      -12.74979695,      -12.58576498,      -11.42483963,             0.448,    0.008451436632,     -0.1885961707,                 0,                 0,                 0,     -0.0695609486,      0.0125636292,     -0.1883669228,                 0,      -22.31527951
          0,           0,         575,      -11.99520303,      -12.76202244,      -12.59880354,      -11.43726297,             0.448,    0.008451436627,     -0.1885961707,                 0,                 0,                 0,     -0.0695609486,      0.0125636292,     -0.1883669228,                 0,      -22.31527953
          0,           0,         576,      -12.00823187,      -12.77243851,      -12.61219183,      -11.45017956,             0.448,    0.008451436622,     -0.1885961708,                 0,                 0,                 0,    -0.06956094861,     0.01256362919,     -0.1883669229,                 0,      -22.31527954
          0,           0,         577,      -12.02175468,      -12.78108021,      -12.62592871,      -11.46358979,             0.448,    0.008451436617,     -0.1885961708,                 0,                 0,                 0,    -0.06956094862,     0.01256362919,     -0.1883669229,                 0,      -22.31527956
          0,           0,         578,        -12.035772,      -12.78806681,      -12.64001295,      -11.47749427,             0.448,    0.008451436611,     -0.1885961708,                 0,                 0,                 0,    -0.06956094863,     0.01256362918,     -0.1883669229,                 0,      -22.31527957
          0,           0,         579,      -12.05028424,      -12.79355647,      -12.65444139,      -11.49189315,             0.448,    0.008451436606,     -0.1885961708,                 0,                 0,                 0,    -0.06956094864,     0.01256362918,     -0.1883669229,                 0,      -22.31527959
          0,           0,         580,      -12.06529303,      -12.79771537,      -12.66921307,      -11.50678842,             0.448,    0.008451436601,     -0.1885961708,                 0,                 0,                 0,    -0.06956094865,     0.01256362917,     -0.1883669229,                 0,       -22.3152796
          0,           0,         581,      -12.08080013,        -12.800745,      -12.68432555,      -11.52218174,             0.448,    0.008451436596,     -0.1885961708,                 0,                 0,                 0,    -0.06956094865,     0.01256362917,     -0.1883669229,                 0,      -22.31527961
          0,           0,         582,       -12.0968064,       -12.8028437,      -12.69977382,       -11.5380734,             0.448,    0.008451436591,     -0.1885961708,                 0,                 0,                 0,    -0.06956094866,     0.01256362916,     -0.1883669229,                 0,      -22.31527963
          0,           0,         583,      -12.11331628,      -12.80418178,       -12.7155511,      -11.55446799,             0.448,    0.008451436586,     -0.1885961708,                 0,                 0,                 0,    -0.06956094867,     0.01256362916,     -0.1883669229,                 0,      -22.31527964
          0,           0,         584,      -12.13033107,      -12.80498007,      -12.73165679,      -11.57136698,             0.448,    0.008451436581,     -0.1885961708,                 0,                 0,                 0,    -0.06956094868,     0.01256362915,     -0.1883669229,                 0,      -22.31527965
          0,           0,         585,      -12.14785352,      -12.80539216,       -12.7480803,      -11.58877244,             0.448,    0.008451436576,     -0.1885961708,                 0,                 0,                 0,    -0.06956094869,     0.01256362915,     -0.1883669229,                 0,      -22.31527967
          0,           0,         586,      -12.16588688,      -12.80557854,      -12.76482117,      -11.60668908,             0.448,    0.008451436571,     -0.1885961708,                 0,                 0,                 0,     -0.0695609487,     0.01256362914,     -0.1883669229,                 0,      -22.31527968
          0,           0,         587,      -12.18443285,      -12.80564298,      -12.78186214,      -11.62511698,             0.448,    0.008451436566,     -0.1885961708,                 0,                 0,                 0,    -0.06956094871,     0.01256362914,     -0.1883669229,                 0,      -22.31527969
          0,           0,         588,       -12.2034959,      -12.80572496,      -12.79920137,      -11.64406123,             0.448,    0.008451436562,     -0.1885961708,                 0,                 0,                 0,    -0.06956094871,     0.01256362913,     -0.1883669229,                 0,      -22.31527971
          0,           0,         589,      -12.22307748,       -12.8059378,       -12.8168235,      -11.66352392,             0.448,    0.008451436557,     -0.1885961708,                 0,                 0,                 0,    -0.06956094872,     0.01256362913,     -0.1883669229,                 0,      -22.31527972
          0,           0,         590,      -12.24317717,      -12.80631964,      -12.83470697,       -11.6835041,             0.448,    0.008451436553,     -0.1885961708,                 0,                 0,                 0,    -0.06956094873,     0.01256362912,     -0.1883669229,                 0,      -22.31527973
          0,           0,         591,      -12.26379887,      -12.80695999,      -12.85285347,      -11.70400632,             0.448,    0.008451436549,     -0.1885961708,                 0,                 0,                 0,    -0.06956094874,     0.01256362912,     -0.1883669229,                 0,      -22.31527974
          0,           0,         592,      -12.28493986,      -12.80793031,      -12.87123054,      -11.72502793,             0.448,    0.008451436545,     -0.1885961708,                 0,                 0,                 0,    -0.06956094875,     0.01256362912,     -0.1883669229,                 0,      -22.31527975
          0,           0,         593,      -12.30659812,      -12.80924231,      -12.88983386,      -11.74656729,             0.448,    0.008451436541,     -0.1885961708,                 0,                 0,                 0,    -0.06956094876,     0.01256362911,     -0.1883669229,                 0,      -22.31527976
          0,           0,         594,      -12.32876685,      -12.81091104,      -12.90862301,       -11.7686187,             0.448,    0.008451436537,     -0.1885961708,                 0,                 0,                 0,    -0.06956094876,     0.01256362911,     -0.1883669229,                 0,      -22.31527977
          0,           0,         595,      -12.35144124,      -12.81298477,      -12.92757932,      -11.79117713,             0.448,    0.008451436533,     -0.1885961708,                 0,                 0,                 0,    -0.06956094877,      0.0125636291,     -0.1883669229,                 0,      -22.31527978
          0,           0,         596,       -12.3746068,      -12.81551285,      -12.94667562,      -11.81422893,             0.448,    0.008451436529,     -0.1885961708,                 0,                 0,                 0,    -0.06956094878,      0.0125636291,     -0.1883669229,                 0,      -22.31527979
          0,           0,         597,      -12.39825016,      -12.81846461,      -12.96588596,      -11.83776196,             0.448,    0.008451436526,     -0.1885961708,                 0,                 0,                 0,    -0.06956094879,      0.0125636291,     -0.1883669229,                 0,       -22.3152798
          0,           0,         598,      -12.42234533,      -12.82193805,       -12.9851588,       -11.8617513,             0.448,    0.008451436522,     -0.1885961708,                 0,                 0,                 0,    -0.06956094879,     0.01256362909,     -0.1883669229,                 0,      -22.31527981
          0,           0,         599,      -12.44686233,        -12.825878,      -13.00447451,      -11.88616943,             0.448,    0.008451436519,     -0.1885961708,                 0,                 0,                 0,     -0.0695609488,     0.01256362909,     -0.1883669229,                 0,      -22.31527982
          0,           0,         600,      -12.47176236,      -12.83033078,       -13.0237715,      -11.91097875,             0.448,    0.008451436516,     -0.1885961708,                 0,                 0,                 0,    -0.06956094881,     0.01256362909,     -0.1883669229,                 0,      -22.31527983
          0,           0,         601,      -12.49699152,      -12.83527604,      -13.04302106,      -11.93612598,             0.448,    0.008451436513,     -0.1885961708,                 0,                 0,                 0,    -0.06956094881,     0.01256362908,     -0.1883669229,                 0,      -22.31527983
          0,           0,         602,      -12.52248302,      -12.84073118,      -13.06216795,       -11.9615507,             0.448,     0.00845143651,     -0.1885961708,                 0,                 0,                 0,    -0.06956094882,     0.01256362908,     -0.1883669229,                 0,      -22.31527984
          0,           0,         603,      -12.54815619,       -12.8467186,      -13.08115553,      -11.98717131,             0.448,    0.008451436507,     -0.1885961708,                 0,                 0,                 0,    -0.06956094883,     0.01256362908,     -0.1883669229,                 0,      -22.31527985
          0,           0,         604,      -12.57391664,      -12.85325404,      -13.09994732,       -12.0128983,             0.448,    0.008451436505,     -0.1885961708,                 0,                 0,                 0,    -0.06956094883,     0.01256362908,     -0.1883669229,                 0,      -22.31527986
          0,           0,         605,      -12.59963389,      -12.86036998,      -13.11846962,      -12.03860603,             0.448,    0.008451436502,     -0.1885961708,                 0,                 0,                 0,    -0.06956094884,     0.01256362907,     -0.1883669229,                 0,      -22.31527986
          0,           0,         606,      -12.62516255,      -12.86807348,      -13.13668286,      -12.06415578,             0.448,      0.0084514365,     -0.1885961708,                 0,                 0,                 0,    -0.06956094884,     0.01256362907,     -0.1883669229,                 0,      -22.31527987
          0,           0,         607,      -12.65033478,      -12.87630725,      -13.15452755,      -12.08937897,             0.448,    0.008451436498,     -0.1885961708,                 0,                 0,                 0,    -0.06956094885,     0.01256362907,     -0.1883669229,                 0,      -22.31527987
          0,           0,         608,      -12.67494735,      -12.88524285,      -13.17196364,      -12.11408427,             0.448,    0.008451436495,     -0.1885961708,                 0,                 0,                 0,    -0.06956094885,     0.01256362907,     -0.1883669229,                 0,      -22.31527988
          0,           0,         609,      -12.69877941,      -12.89475782,      -13.18891603,      -12.13805032,             0.448,    0.008451436494,     -0.1885961708,                 0,                 0,                 0,    -0.06956094886,     0.01256362906,     -0.1883669229,                 0,      -22.31527989
          0,           0,         610,      -12.72159792,      -12.90491243,      -13.20537386,       -12.1610514,             0.448,    0.008451436492,     -0.1885961708,                 0,                 0,                 0,    -0.06956094886,     0.01256362906,     -0.1883669229,                 0,      -22.31527989
          0,           0,         611,      -12.74313925,      -12.91571752,      -13.22126352,      -12.18282337,             0.448,     0.00845143649,     -0.1885961708,                 0,                 0,                 0,    -0.06956094887,     0.01256362906,     -0.1883669229,                 0,      -22.31527989
          0,           0,         612,      -12.76316314,      -12.92715391,      -13.23651261,       -12.2031294,             0.448,    0.008451436488,     -0.1885961708,                 0,                 0,                 0,    -0.06956094887,     0.01256362906,     -0.1883669229,                 0,       -22.3152799
          0,           0,         613,      -12.78142442,      -12.93926039,      -13.25117033,      -12.22172786,             0.448,    0.008451436487,     -0.1885961708,                 0,                 0,                 0,    -0.06956094887,     0.01256362906,     -0.1883669229,                 0,       -22.3152799
          0,           0,         614,      -12.79774136,      -12.95205664,      -13.26509177,      -12.23842108,             0.448,    0.008451436486,     -0.1885961708,                 0,                 0,                 0,    -0.06956094888,     0.01256362906,     -0.1883669229,                 0,      -22.31527991
          0,           0,         615,      -12.81196375,       -12.9654311,      -13.27830278,       -12.2530516,             0.448,    0.008451436484,     -0.1885961708,                 0,                 0,                 0,    -0.06956094888,     0.01256362905,     -0.1883669229,                 0,      -22.31527991
          0,           0,         616,      -12.82404596,      -12.97946758,      -13.29080504,      -12.26556157,             0.448,    0.008451436483,     -0.1885961708,                 0,                 0,                 0,    -0.06956094888,     0.01256362905,     -0.1883669229,                 0,      -22.31527991
          0,           0,         617,      -12.83399358,      -12.99416909,      -13.30252725,      -12.27594263,             0.448,    0.008451436482,     -0.1885961708,                 0,                 0,                 0,    -0.06956094889,     0.01256362905,     -0.1883669229,                 0,      -22.31527991
          0,           0,         618,      -12.84190159,      -13.00945751,      -13.31354307,      -12.28427265,             0.448,    0.008451436481,     -0.1885961708,                 0,                 0,                 0,    -0.06956094889,     0.01256362905,     -0.1883669229,                 0,      -22.31527992
          0,           0,         619,      -12.84794689,      -13.02533495,      -13.32383361,      -12.29071401,             0.448,    0.008451436481,     -0.1885961708,                 0,                 0,                 0,    -0.06956094889,     0.01256362905,     -0.1883669229,                 0,      -22.31527992
          0,           0,         620,      -12.85234001,      -13.04187362,      -13.33347475,      -12.29546344,             0.448,     0.00845143648,     -0.1885961708,                 0,                 0,                 0,    -0.06956094889,     0.01256362905,     -0.1883669229,                 0,      -22.31527992
          0,           0,         621,      -12.85534271,      -13.05895459,      -13.34247638,       -12.2987799,             0.448,    0.008451436479,     -0.1885961708,                 0,                 0,                 0,     -0.0695609489,     0.01256362905,     -0.1883669229,                 0,      -22.31527992
          0,           0,         622,      -12.85721227,      -13.07671464,      -13.35091413,      -12.30091577,             0.448,    0.008451436479,     -0.1885961708,                 0,                 0,                 0,     -0.0695609489,     0.01256362905,     -0.1883669229,                 0,      -22.31527992
          0,           0,         623,      -12.85822048,      -13.09498219,      -13.35884681,      -12.30214295,             0.448,    0.008451436478,     -0.1885961708,                 0,                 0,                 0,     -0.0695609489,     0.01256362905,     -0.1883669229,                 0,      -22.31527992
          0,           0,         624,      -12.85861404,      -13.11387051,      -13.36638189,      -12.30270797,             0.448,    0.008451436478,     -0.1885961708,                 0,                 0,                 0,     -0.0695609489,     0.01256362905,     -0.1883669229,                 0,      -22.31527992
          0,           0,         625,      -12.85861366,      -13.13334928,      -13.37357776,      -12.30283072,             0.448,    0.008451436478,     -0.1885961708,                 0,                 0,                 0,     -0.0695609489,     0.01256362905,     -0.1883669229,                 0,      -22.31527993
          0,           0,         626,        -12.858408,       -13.1533635,      -13.38048796,      -12.30271415,             0.448,    0.008451436477,     -0.1885961708,                 0,                 0,                 0,     -0.0695609489,     0.01256362905,     -0.1883669229,                 0,      -22.31527993
          0,           0,         627,       -12.8581829,      -13.17402942,      -13.38718627,      -12.30253764,             0.448,    0.008451436477,     -0.1885961708,                 0,                 0,                 0,    -0.06956094891,     0.01256362905,     -0.1883669229,                 0,      -22.31527993
          0,           0,         628,      -12.85806807,        -13.195266,      -13.39374713,      -12.30243805,             0.448,    0.008451436477,     -0.1885961708,                 0,                 0,                 0,    -0.06956094891,     0.01256362905,     -0.1883669229,                 0,      -22.31527993
          0,           0,         629,      -12.85817313,      -13.21710147,      -13.40023374,      -12.30253167,             0.448,    0.008451436477,     -0.1885961708,                 0,                 0,                 0,    -0.06956094891,     0.01256362905,     -0.1883669229,                 0,      -22.31527993
          0,           0,         630,      -12.85859794,      -13.23952696,      -13.40670854,      -12.30292541,             0.448,    0.008451436477,     -0.1885961708,                 0,                 0,                 0,    -0.06956094891,     0.01256362905,     -0.1883669229,                 0,      -22.31527993
          0,           0,         631,      -12.85940756,      -13.26249956,      -13.41323674,       -12.3036825,             0.448,    0.008451436477,     -0.1885961708,                 0,                 0,                 0,    -0.06956094891,     0.01256362905,     -0.1883669229,                 0,      -22.31527993
          0,           0,         632,      -12.86066057,      -13.28599128,      -13.41983428,      -12.30486797,             0.448,    0.008451436477,     -0.1885961708,                 0,                 0,                 0,    -0.06956094891,     0.01256362905,     -0.1883669229,                 0,      -22.31527993
          0,           0,         633,       -12.8623998,      -13.31006075,      -13.42657415,      -12.30652789,             0.448,    0.008451436477,     -0.1885961708,                 0,                 0,                 0,    -0.06956094891,     0.01256362905,     -0.1883669229,                 0,      -22.31527993
          0,           0,         634,      -12.86465489,      -13.33460603,      -13.43347807,      -12.30869274,             0.448,    0.008451436478,     -0.1885961708,                 0,                 0,                 0,    -0.06956094891,     0.01256362905,     -0.1883669229,                 0,      -22.31527992
          0,           0,         635,      -12.86745335,      -13.35968739,      -13.44058872,       -12.3113932,             0.448,    0.008451436478,     -0.1885961708,                 0,                 0,                 0,    -0.06956094891,     0.01256362905,     -0.1883669229,                 0,      -22.31527992
          0,           0,         636,      -12.87080521,      -13.38516363,      -13.44790892,      -12.31464057,             0.448,    0.008451436478,     -0.1885961708,                 0,                 0,                 0,    -0.06956094891,     0.01256362905,     -0.1883669229,                 0,      -22.31527992
          0,           0,         637,      -12.87472565,      -13.41105311,      -13.45548359,      -12.31845129,             0.448,    0.008451436479,     -0.1885961708,                 0,                 0,                 0,    -0.06956094891,     0.01256362905,     -0.1883669229,                 0,      -22.31527992
          0,           0,         638,      -12.87921901,      -13.43724438,       -13.4633169,      -12.32283306,             0.448,    0.008451436479,     -0.1885961708,                 0,                 0,                 0,    -0.06956094891,     0.01256362905,     -0.1883669229,                 0,      -22.31527992
          0,           0,         639,      -12.88429008,      -13.46379898,      -13.47144628,      -12.32778771,             0.448,    0.008451436479,     -0.1885961708,                 0,                 0,                 0,    -0.06956094891,     0.01256362905,     -0.1883669229,                 0,      -22.31527992
          0,           0,         640,      -12.88993758,      -13.49045312,      -13.47990915,      -12.33331881,             0.448,     0.00845143648,     -0.1885961708,                 0,                 0,                 0,    -0.06956094891,     0.01256362905,     -0.1883669229,                 0,      -22.31527992
          0,           0,         641,      -12.89615801,      -13.51703021,      -13.48865832,      -12.33942103,             0.448,     0.00845143648,     -0.1885961708,                 0,                 0,                 0,    -0.06956094891,     0.01256362905,     -0.1883669229,                 0,      -22.31527992
          0,           0,         642,      -12.90295594,       -13.5436094,      -13.49774213,      -12.34609868,             0.448,    0.008451436481,     -0.1885961708,                 0,                 0,                 0,    -0.06956094891,     0.01256362905,     -0.1883669229,                 0,      -22.31527992
          0,           0,         643,      -12.91032229,      -13.56992557,      -13.50716697,      -12.35334437,             0.448,    0.008451436481,     -0.1885961708,                 0,                 0,                 0,    -0.06956094891,     0.01256362905,     -0.1883669229,                 0,      -22.31527992
          0,           0,         644,       -12.9182549,      -13.59567804,      -13.51692676,      -12.36115815,             0.448,    0.008451436482,     -0.1885961708,                 0,                 0,                 0,    -0.06956094891,     0.01256362905,     -0.1883669229,                 0,      -22.31527991
          0,           0,         645,      -12.92674939,      -13.62061931,      -13.52704525,      -12.36953329,             0.448,    0.008451436482,     -0.1885961708,                 0,                 0,                 0,    -0.06956094891,     0.01256362905,     -0.1883669229,                 0,      -22.31527991
          0,           0,         646,      -12.93580155,       -13.6445538,      -13.53750684,      -12.37846724,             0.448,    0.008451436483,     -0.1885961708,                 0,                 0,                 0,    -0.06956094891,     0.01256362905,     -0.1883669229,                 0,      -22.31527991
          0,           0,         647,      -12.94540857,      -13.66738395,      -13.54833422,      -12.38795489,             0.448,    0.008451436483,     -0.1885961708,                 0,                 0,                 0,    -0.06956094891,     0.01256362905,     -0.1883669229,                 0,      -22.31527991
          0,           0,         648,      -12.95556743,      -13.68857512,      -13.55952284,       -12.3979939,             0.448,    0.008451436484,     -0.1885961708,                 0,                 0,                 0,    -0.06956094891,     0.01256362905,     -0.1883669229,                 0,      -22.31527991
          0,           0,         649,      -12.96626973,      -13.70796563,      -13.57107476,      -12.40857843,             0.448,    0.008451436484,     -0.1885961708,                 0,                 0,                 0,    -0.06956094891,     0.01256362905,     -0.1883669229,                 0,      -22.31527991
          0,           0,         650,      -12.97751721,      -13.72529098,      -13.58298666,      -12.41970545,             0.448,    0.008451436485,     -0.1885961708,                 0,                 0,                 0,     -0.0695609489,     0.01256362906,     -0.1883669229,                 0,      -22.31527991
          0,           0,         651,      -12.98930646,      -13.74048902,      -13.59525255,      -12.43137807,             0.448,    0.008451436485,     -0.1885961708,                 0,                 0,                 0,     -0.0695609489,     0.01256362906,     -0.1883669229,                 0,       -22.3152799
          0,           0,         652,      -13.00163196,      -13.75336996,      -13.60787466,      -12.44358614,             0.448,    0.008451436486,     -0.1885961708,                 0,                 0,                 0,     -0.0695609489,     0.01256362906,     -0.1883669229,                 0,       -22.3152799
