NDIME= 2
NELEM= 10216
5	417	69	311	0
5	302	55	56	1
5	405	159	384	2
5	594	427	450	3
5	315	71	72	4
5	319	4	262	5
5	270	39	40	6
5	327	65	66	7
5	451	259	325	8
5	441	40	41	9
5	358	147	148	10
5	287	12	13	11
5	252	144	145	12
5	254	56	57	13
5	348	96	269	14
5	262	4	5	15
5	647	465	525	16
5	453	308	449	17
5	309	282	15	18
5	560	265	470	19
5	369	185	186	20
5	420	271	27	21
5	432	137	376	22
5	643	471	270	23
5	429	121	354	24
5	282	14	15	25
5	568	446	456	26
5	292	257	31	27
5	617	385	457	28
5	831	694	478	29
5	274	24	25	30
5	470	346	454	31
5	311	69	70	32
5	291	20	278	33
5	286	24	274	34
5	257	30	31	35
5	255	0	1	36
5	996	809	797	37
5	342	79	312	38
5	280	18	19	39
5	543	319	518	40
5	316	42	294	41
5	507	356	439	42
5	543	293	319	43
5	546	298	299	44
5	324	288	9	45
5	749	548	648	46
5	270	251	39	47
5	542	459	257	48
5	258	36	37	49
5	322	18	280	50
5	315	72	290	51
5	555	313	342	52
5	288	8	9	53
5	645	348	465	54
5	323	14	282	55
5	308	62	63	56
5	300	75	76	57
5	335	84	303	58
5	421	60	305	59
5	334	38	251	60
5	749	549	548	61
5	285	53	54	62
5	302	56	254	63
5	751	644	725	64
5	250	82	83	65
5	294	42	43	66
5	301	87	88	67
5	279	80	81	68
5	305	60	61	69
5	531	475	278	70
5	554	448	540	71
5	271	26	27	72
5	284	89	90	73
5	416	111	112	74
5	329	260	33	75
5	475	291	278	76
5	340	0	255	77
5	277	106	107	78
5	420	28	272	79
5	295	52	53	80
5	316	41	42	81
5	333	294	43	82
5	825	476	650	83
5	331	300	76	84
5	762	555	664	85
5	295	53	285	86
5	290	72	73	87
5	337	90	91	88
5	312	79	80	89
5	511	320	336	90
5	1041	890	895	91
5	555	342	464	92
5	946	762	848	93
5	564	314	556	94
5	345	52	295	95
5	335	250	83	96
5	449	63	64	97
5	338	254	57	98
5	842	642	557	99
5	338	57	58	100
5	517	256	293	101
5	259	101	102	102
5	512	281	350	103
5	348	95	96	104
5	441	270	40	105
5	361	177	178	106
5	266	99	100	107
5	510	451	325	108
5	580	353	413	109
5	372	115	116	110
5	367	117	118	111
5	357	151	349	112
5	412	375	127	113
5	639	273	436	114
5	381	157	158	115
5	492	368	430	116
5	377	147	358	117
5	400	173	390	118
5	437	365	182	119
5	406	161	253	120
5	403	253	162	121
5	395	181	365	122
5	397	175	393	123
5	408	157	381	124
5	619	408	381	125
5	401	386	166	126
5	399	388	170	127
5	834	690	450	128
5	585	377	358	129
5	387	163	164	130
5	404	165	386	131
5	353	112	113	132
5	424	321	109	133
5	363	252	145	134
5	363	145	146	135
5	481	429	354	136
5	607	393	484	137
5	1544	685	720	138
5	653	485	490	139
5	275	132	133	140
5	409	382	129	141
5	373	135	136	142
5	614	482	253	143
5	355	143	144	144
5	409	130	383	145
5	380	354	122	146
5	486	435	273	147
5	436	273	140	148
5	411	126	375	149
5	360	186	187	150
5	593	394	488	151
5	850	681	706	152
5	393	175	176	153
5	806	611	604	154
5	398	177	361	155
5	784	587	502	156
5	403	162	163	157
5	402	169	388	158
5	253	161	162	159
5	396	188	359	160
5	388	169	170	161
5	1083	868	726	162
5	390	173	174	163
5	484	393	398	164
5	356	195	196	165
5	380	122	123	166
5	432	373	136	167
5	375	126	127	168
5	412	128	382	169
5	357	150	151	170
5	355	144	252	171
5	364	141	142	172
5	624	483	375	173
5	435	139	273	174
5	482	479	406	175
5	424	110	351	176
5	623	412	382	177
5	595	501	352	178
5	325	259	102	179
5	328	46	296	180
5	269	96	97	181
5	1361	1264	1068	182
5	530	286	462	183
5	550	306	421	184
5	251	38	39	185
5	423	103	104	186
5	350	99	266	187
5	693	451	510	188
5	483	411	375	189
5	352	114	115	190
5	633	478	424	191
5	444	150	357	192
5	427	117	367	193
5	588	395	365	194
5	385	154	261	195
5	655	491	587	196
5	369	186	360	197
5	581	431	485	198
5	386	165	166	199
5	5232	5214	5229	200
5	508	503	443	201
5	5232	5226	5214	202
5	1099	878	1090	203
5	5231	207	5222	204
5	5231	206	207	205
5	5230	5210	5219	206
5	5230	5213	5210	207
5	5229	5199	5213	208
5	5229	5214	5199	209
5	5228	204	205	210
5	5228	5217	204	211
5	5225	5219	5200	212
5	5225	249	5219	213
5	5232	5229	202	214
5	5232	202	203	215
5	5227	247	248	216
5	5227	5196	5212	217
5	5224	5195	5209	218
5	5224	5202	5195	219
5	5223	225	226	220
5	5223	5220	225	221
5	5224	5228	205	222
5	5231	205	206	223
5	5221	5173	5203	224
5	5221	5201	5173	225
5	5220	5211	225	226
5	5220	5181	5211	227
5	5230	200	201	228
5	5230	5229	5213	229
5	5219	5210	5191	230
5	5225	5218	248	231
5	5231	5202	5224	232
5	5231	5222	5202	233
5	5216	227	228	234
5	5216	5208	227	235
5	5215	207	208	236
5	5222	5206	5189	237
5	5232	203	5226	238
5	5230	201	5229	239
5	5214	5205	5174	240
5	5229	201	202	241
5	5212	246	247	242
5	5221	246	5212	243
5	5211	5180	224	244
5	5211	5181	5180	245
5	5210	5152	5191	246
5	5210	5190	5152	247
5	5231	5224	205	248
5	5228	5224	5209	249
5	5223	5208	5185	250
5	5223	226	227	251
5	5207	5180	5166	252
5	5207	223	5180	253
5	5222	5189	5202	254
5	5222	5215	5206	255
5	5226	5205	5214	256
5	5217	5188	5205	257
5	5197	229	230	258
5	5197	5179	229	259
5	5203	5163	5193	260
5	5203	5173	5163	261
5	5215	208	209	262
5	5222	207	5215	263
5	5221	5212	5201	264
5	5221	245	246	265
5	5230	5219	200	266
5	5219	249	200	267
5	5205	5154	5174	268
5	5226	5217	5205	269
5	5198	221	222	270
5	5198	5186	221	271
5	5197	5121	5179	272
5	5197	5088	5121	273
5	5212	5196	5170	274
5	5201	5170	5145	275
5	5195	5140	5169	276
5	5195	5157	5140	277
5	5192	241	5168	278
5	5192	240	241	279
5	5193	5160	243	280
5	5193	5163	5160	281
5	5223	5185	5220	282
5	5211	224	225	283
5	5213	5199	5190	284
5	5225	248	249	285
5	5184	5150	218	286
5	5184	5127	5150	287
5	5183	212	5155	288
5	5183	211	212	289
5	5228	5209	5217	290
5	5209	5169	5188	291
5	5187	241	242	292
5	5187	5160	5139	293
5	5186	220	221	294
5	5186	5151	220	295
5	5220	5185	5161	296
5	5220	5161	5181	297
5	5184	219	5151	298
5	5184	5151	5127	299
5	5183	5155	5125	300
5	5149	210	211	301
5	5190	5113	5152	302
5	5182	5112	5162	303
5	5223	227	5208	304
5	5181	5167	5147	305
5	5180	223	224	306
5	5207	5166	5194	307
5	5216	5179	5177	308
5	5179	5158	5177	309
5	5178	5156	5135	310
5	5178	215	5156	311
5	5177	5158	5130	312
5	5179	228	229	313
5	5191	5129	5143	314
5	5227	5212	247	315
5	5204	5142	5175	316
5	5204	214	5178	317
5	5174	5118	5146	318
5	5174	5154	5118	319
5	5171	5144	238	320
5	5171	5116	5144	321
5	5171	5148	5116	322
5	5172	216	217	323
5	5171	238	239	324
5	5172	217	5150	325
5	5176	5133	5153	326
5	5218	5176	5196	327
5	5202	5189	5157	328
5	5226	204	5217	329
5	5194	5166	5131	330
5	5192	5138	5148	331
5	5167	5134	5122	332
5	5167	5161	5134	333
5	5166	5096	5131	334
5	5166	5147	5096	335
5	5165	5091	5123	336
5	5165	5130	5091	337
5	5198	5194	5164	338
5	5207	222	223	339
5	5201	5145	5173	340
5	5203	5193	244	341
5	5162	5108	5128	342
5	5162	5112	5108	343
5	5181	5147	5180	344
5	5208	5165	5185	345
5	5208	5177	5165	346
5	5216	5177	5208	347
5	5159	5087	5111	348
5	5159	5115	5087	349
5	5158	5105	5130	350
5	5192	5168	5138	351
5	5189	5114	5157	352
5	5206	5128	5189	353
5	5192	5148	240	354
5	5148	239	240	355
5	5155	5090	5125	356
5	5155	5132	5090	357
5	5154	5101	5118	358
5	5154	5119	5101	359
5	5153	5082	5124	360
5	5153	5133	5082	361
5	5191	5152	5129	362
5	5227	248	5218	363
5	5164	5107	5137	364
5	5151	219	220	365
5	5184	218	219	366
5	5150	217	218	367
5	5217	5209	5188	368
5	5182	5162	209	369
5	5178	214	215	370
5	5148	5138	5086	371
5	5207	5194	222	372
5	5147	5122	5096	373
5	5199	5174	5146	374
5	5219	5191	5200	375
5	5145	5098	5126	376
5	5145	5124	5098	377
5	5144	237	238	378
5	5144	5115	237	379
5	5152	5076	5129	380
5	5200	5191	5143	381
5	5175	5155	212	382
5	5183	5149	211	383
5	5141	5094	5061	384
5	5141	5121	5094	385
5	5215	5162	5206	386
5	5214	5174	5199	387
5	5139	5102	5100	388
5	5139	5120	5102	389
5	5187	242	243	390
5	5194	5131	5164	391
5	5198	5164	5186	392
5	5186	5164	5137	393
5	5197	5136	5088	394
5	5197	230	5136	395
5	5135	5047	5093	396
5	5135	5092	5047	397
5	5167	5122	5147	398
5	438	198	199	399
5	5161	5106	5134	400
5	1036	844	843	401
5	307	86	87	402
5	661	506	199	403
5	5189	5128	5114	404
5	508	443	356	405
5	5112	5074	5108	406
5	685	657	503	407
5	5156	5092	5135	408
5	508	356	507	409
5	5204	5178	5142	410
5	659	438	506	411
5	5161	5123	5106	412
5	439	356	196	413
5	5187	5139	5168	414
5	443	195	356	415
5	5177	5130	5165	416
5	485	431	433	417
5	5185	5123	5161	418
5	660	517	543	419
5	5129	5071	5081	420
5	385	153	154	421
5	5129	5076	5071	422
5	661	199	515	423
5	5190	5146	5113	424
5	5188	5169	5119	425
5	5186	5137	5151	426
5	354	121	122	427
5	5182	210	5149	428
5	416	351	111	429
5	5170	5124	5145	430
5	1230	1086	1051	431
5	5203	244	245	432
5	410	132	275	433
5	5183	5125	5149	434
5	415	108	321	435
5	5182	5149	5112	436
5	347	101	259	437
5	5124	5045	5098	438
5	318	89	284	439
5	5124	5082	5045	440
5	425	106	277	441
5	5187	5168	241	442
5	578	347	452	443
5	5180	5147	5166	444
5	325	102	103	445
5	5134	5097	5109	446
5	473	464	312	447
5	5134	5109	5122	448
5	769	737	516	449
5	5179	5121	5158	450
5	5158	5121	5141	451
5	5160	5120	5139	452
5	347	100	101	453
5	5168	5100	5138	454
5	445	95	348	455
5	5140	5103	5056	456
5	671	579	645	457
5	5205	5188	5154	458
5	303	84	85	459
5	5146	5118	5089	460
5	445	336	94	461
5	5146	5089	5113	462
5	721	509	477	463
5	5117	5077	5046	464
5	320	92	93	465
5	5117	234	5077	466
5	335	83	84	467
5	5116	5086	5064	468
5	447	82	250	469
5	5138	5100	5070	470
5	764	754	540	471
5	5159	236	237	472
5	339	71	315	473
5	5159	237	5115	474
5	306	58	59	475
5	5169	5140	5085	476
5	5140	5056	5085	477
5	5113	5052	5076	478
5	292	31	32	479
5	5113	5089	5052	480
5	419	12	287	481
5	5159	5111	236	482
5	288	268	8	483
5	5111	235	236	484
5	293	2	3	485
5	5128	5084	5114	486
5	293	256	2	487
5	5111	5087	5057	488
5	1394	1257	1239	489
5	5110	5048	5092	490
5	340	199	0	491
5	5110	5079	5048	492
5	1218	517	853	493
5	5109	5049	5038	494
5	729	460	521	495
5	5109	5097	5049	496
5	746	543	518	497
5	5149	5099	5112	498
5	5209	5195	5169	499
5	5107	5020	5063	500
5	5107	5068	5020	501
5	312	80	279	502
5	762	562	555	503
5	460	263	267	504
5	670	470	454	505
5	273	139	140	506
5	641	588	365	507
5	384	159	160	508
5	261	154	155	509
5	304	55	302	510
5	573	332	466	511
5	742	537	741	512
5	1505	888	1371	513
5	256	255	1	514
5	256	1	2	515
5	330	30	257	516
5	472	345	295	517
5	346	36	258	518
5	260	32	33	519
5	511	456	320	520
5	452	259	451	521
5	329	34	265	522
5	292	32	260	523
5	813	617	667	524
5	349	151	152	525
5	521	460	267	526
5	726	515	340	527
5	263	262	5	528
5	263	5	6	529
5	264	261	155	530
5	264	155	156	531
5	329	33	34	532
5	265	34	35	533
5	510	325	423	534
5	514	284	467	535
5	267	263	6	536
5	267	6	7	537
5	268	267	7	538
5	268	7	8	539
5	452	347	259	540
5	509	418	425	541
5	476	330	459	542
5	422	296	47	543
5	326	26	271	544
5	317	22	276	545
5	420	27	28	546
5	272	28	29	547
5	480	400	390	548
5	374	275	133	549
5	570	474	254	550
5	276	22	23	551
5	590	519	252	552
5	374	133	134	553
5	575	343	308	554
5	278	20	21	555
5	415	107	108	556
5	625	321	478	557
5	565	557	294	558
5	557	316	294	559
5	466	332	417	560
5	563	540	300	561
5	642	441	316	562
5	471	251	270	563
5	281	269	97	564
5	281	97	98	565
5	309	16	283	566
5	470	265	346	567
5	309	15	16	568
5	283	16	17	569
5	307	87	301	570
5	675	568	456	571
5	333	43	44	572
5	314	44	45	573
5	286	276	23	574
5	286	23	24	575
5	528	462	274	576
5	533	455	280	577
5	324	10	289	578
5	535	323	282	579
5	324	9	10	580
5	289	10	11	581
5	498	466	417	582
5	310	290	73	583
5	291	280	19	584
5	291	19	20	585
5	938	928	741	586
5	537	468	287	587
5	534	283	322	588
5	521	267	268	589
5	514	318	284	590
5	297	50	51	591
5	422	47	48	592
5	296	46	47	593
5	644	307	536	594
5	573	341	332	595
5	298	48	49	596
5	299	50	297	597
5	505	315	290	598
5	422	48	298	599
5	299	298	49	600
5	299	49	50	601
5	310	73	74	602
5	448	75	300	603
5	913	671	859	604
5	1110	871	1094	605
5	304	54	55	606
5	304	285	54	607
5	442	86	307	608
5	442	85	86	609
5	576	343	575	610
5	665	534	652	611
5	343	62	308	612
5	344	64	65	613
5	556	314	328	614
5	338	58	306	615
5	442	303	85	616
5	467	284	337	617
5	343	61	62	618
5	343	305	61	619
5	497	334	251	620
5	497	251	471	621
5	701	547	662	622
5	532	447	516	623
5	332	67	68	624
5	449	64	344	625
5	313	77	78	626
5	331	76	77	627
5	469	290	310	628
5	331	77	313	629
5	455	322	280	630
5	333	44	314	631
5	339	70	71	632
5	339	311	70	633
5	524	263	460	634
5	441	41	316	635
5	317	278	21	636
5	317	21	22	637
5	318	301	88	638
5	318	88	89	639
5	319	293	3	640
5	319	3	4	641
5	337	284	90	642
5	446	92	320	643
5	415	277	107	644
5	321	108	109	645
5	322	283	17	646
5	322	17	18	647
5	323	287	13	648
5	323	13	14	649
5	552	283	534	650
5	538	289	419	651
5	423	104	418	652
5	694	625	478	653
5	326	274	25	654
5	326	25	26	655
5	341	67	332	656
5	344	65	327	657
5	328	314	45	658
5	328	45	46	659
5	734	677	462	660
5	459	330	257	661
5	330	272	29	662
5	330	29	30	663
5	562	313	555	664
5	498	417	311	665
5	341	66	67	666
5	341	327	66	667
5	468	419	287	668
5	1362	1084	1218	669
5	334	258	37	670
5	334	37	38	671
5	897	675	861	672
5	540	448	300	673
5	336	320	93	674
5	336	93	94	675
5	547	318	514	676
5	768	567	566	677
5	756	520	651	678
5	461	421	305	679
5	652	534	455	680
5	746	660	543	681
5	753	741	535	682
5	1043	889	916	683
5	550	421	461	684
5	643	270	441	685
5	342	313	78	686
5	342	78	79	687
5	575	308	453	688
5	474	302	254	689
5	556	328	520	690
5	449	308	63	691
5	345	297	51	692
5	345	51	52	693
5	346	265	35	694
5	346	35	36	695
5	692	465	647	696
5	347	266	100	697
5	445	94	95	698
5	725	536	701	699
5	407	153	385	700
5	618	407	617	701
5	350	281	98	702
5	350	98	99	703
5	424	109	110	704
5	351	110	111	705
5	413	114	352	706
5	416	112	353	707
5	478	321	424	708
5	496	371	429	709
5	426	367	118	710
5	372	352	115	711
5	378	143	355	712
5	436	140	141	713
5	807	611	806	714
5	359	188	189	715
5	495	383	410	716
5	591	364	378	717
5	783	584	782	718
5	493	410	275	719
5	489	398	361	720
5	394	185	369	721
5	992	880	704	722
5	365	181	182	723
5	605	391	400	724
5	392	178	179	725
5	362	358	148	726
5	362	148	149	727
5	834	450	635	728
5	799	708	504	729
5	603	387	404	730
5	436	141	364	731
5	366	179	180	732
5	392	361	178	733
5	608	480	390	734
5	392	179	366	735
5	426	119	371	736
5	626	353	580	737
5	368	359	189	738
5	368	189	190	739
5	370	183	184	740
5	437	182	183	741
5	839	640	593	742
5	437	183	370	743
5	426	118	119	744
5	371	119	120	745
5	501	413	352	746
5	627	351	416	747
5	428	135	373	748
5	599	380	414	749
5	718	598	689	750
5	824	626	823	751
5	379	124	125	752
5	414	124	379	753
5	432	136	137	754
5	376	137	138	755
5	377	363	146	756
5	377	146	147	757
5	378	364	142	758
5	378	142	143	759
5	600	481	354	760
5	686	583	487	761
5	816	620	619	762
5	689	598	483	763
5	408	156	157	764
5	408	264	156	765
5	412	127	128	766
5	382	128	129	767
5	409	129	130	768
5	383	130	131	769
5	405	158	159	770
5	405	381	158	771
5	407	152	153	772
5	407	349	152	773
5	604	389	402	774
5	640	370	593	775
5	609	391	605	776
5	403	163	387	777
5	389	167	168	778
5	401	166	167	779
5	604	402	601	780
5	401	167	389	781
5	391	171	172	782
5	399	170	171	783
5	479	384	406	784
5	399	171	391	785
5	606	504	392	786
5	593	370	394	787
5	397	174	175	788
5	397	390	174	789
5	394	370	184	790
5	394	184	185	791
5	395	366	180	792
5	395	180	181	793
5	396	360	187	794
5	396	187	188	795
5	620	523	264	796
5	615	384	479	797
5	398	393	176	798
5	398	176	177	799
5	482	406	253	800
5	614	253	403	801
5	400	391	172	802
5	400	172	173	803
5	605	400	480	804
5	489	484	398	805
5	402	389	168	806
5	402	168	169	807
5	974	788	732	808
5	622	382	409	809
5	404	387	164	810
5	404	164	165	811
5	494	376	435	812
5	621	409	383	813
5	406	384	160	814
5	406	160	161	815
5	638	436	364	816
5	583	362	444	817
5	487	444	357	818
5	583	444	487	819
5	636	376	494	820
5	617	407	385	821
5	410	383	131	822
5	410	131	132	823
5	411	379	125	824
5	411	125	126	825
5	529	428	373	826
5	634	426	371	827
5	413	353	113	828
5	413	113	114	829
5	414	380	123	830
5	414	123	124	831
5	580	413	501	832
5	509	425	477	833
5	496	429	481	834
5	527	378	355	835
5	417	332	68	836
5	417	68	69	837
5	423	325	103	838
5	418	104	105	839
5	419	289	11	840
5	419	11	12	841
5	534	322	455	842
5	533	280	291	843
5	421	306	59	844
5	421	59	60	845
5	574	327	341	846
5	646	449	344	847
5	632	418	509	848
5	861	675	669	849
5	624	375	412	850
5	500	414	379	851
5	425	418	105	852
5	425	105	106	853
5	595	372	594	854
5	690	594	450	855
5	427	372	116	856
5	427	116	117	857
5	428	374	134	858
5	428	134	135	859
5	429	371	120	860
5	429	120	121	861
5	430	368	190	862
5	430	190	191	863
5	431	430	191	864
5	431	191	192	865
5	494	435	486	866
5	639	486	273	867
5	433	431	192	868
5	433	192	193	869
5	434	433	193	870
5	434	193	194	871
5	435	376	138	872
5	435	138	139	873
5	601	402	388	874
5	602	404	386	875
5	867	506	661	876
5	812	616	615	877
5	439	196	197	878
5	440	198	438	879
5	592	395	588	880
5	586	368	492	881
5	440	439	197	882
5	440	197	198	883
5	539	521	268	884
5	541	292	260	885
5	473	312	279	886
5	532	473	279	887
5	443	434	194	888
5	443	194	195	889
5	444	362	149	890
5	444	149	150	891
5	951	767	751	892
5	1051	856	915	893
5	446	337	91	894
5	446	91	92	895
5	447	279	81	896
5	447	81	82	897
5	448	310	74	898
5	448	74	75	899
5	526	295	285	900
5	569	306	550	901
5	450	427	367	902
5	635	450	367	903
5	884	790	690	904
5	791	781	501	905
5	978	793	977	906
5	902	702	717	907
5	646	453	449	908
5	577	344	327	909
5	454	346	258	910
5	497	458	334	911
5	628	272	476	912
5	629	463	271	913
5	456	446	320	914
5	951	751	856	915
5	457	385	261	916
5	523	457	261	917
5	458	454	258	918
5	458	258	334	919
5	476	272	330	920
5	462	286	274	921
5	825	628	476	922
5	736	475	531	923
5	548	302	474	924
5	544	345	472	925
5	528	326	463	926
5	679	524	666	927
5	528	274	326	928
5	463	326	271	929
5	464	342	312	930
5	775	498	572	931
5	465	348	269	932
5	698	512	513	933
5	754	554	540	934
5	737	532	516	935
5	567	250	335	936
5	532	279	447	937
5	539	268	288	938
5	538	419	468	939
5	572	498	311	940
5	505	290	469	941
5	561	541	260	942
5	542	257	292	943
5	843	643	642	944
5	631	520	296	945
5	544	297	345	946
5	520	328	296	947
5	701	536	547	948
5	536	307	301	949
5	548	304	302	950
5	526	472	295	951
5	531	317	522	952
5	533	291	475	953
5	628	420	272	954
5	629	271	420	955
5	477	425	277	956
5	499	477	277	957
5	499	277	415	958
5	698	513	578	959
5	615	405	384	960
5	523	261	264	961
5	610	601	388	962
5	862	707	655	963
5	635	426	634	964
5	634	371	496	965
5	705	479	482	966
5	792	597	687	967
5	598	411	483	968
5	600	354	380	969
5	607	397	393	970
5	608	390	397	971
5	808	797	602	972
5	488	394	369	973
5	596	493	275	974
5	596	275	374	975
5	590	252	363	976
5	519	355	252	977
5	988	802	801	978
5	587	360	396	979
5	798	592	789	980
5	800	607	484	981
5	490	485	433	982
5	490	433	434	983
5	491	488	369	984
5	491	369	360	985
5	502	396	359	986
5	587	491	360	987
5	730	457	523	988
5	495	410	493	989
5	711	529	637	990
5	597	428	529	991
5	835	636	710	992
5	621	383	495	993
5	822	689	483	994
5	635	367	426	995
5	771	570	569	996
5	770	569	550	997
5	571	315	505	998
5	776	466	716	999
5	717	625	694	1000
5	901	852	695	1001
5	821	623	820	1002
5	599	414	500	1003
5	627	416	626	1004
5	626	416	353	1005
5	706	581	654	1006
5	587	396	502	1007
5	503	490	434	1008
5	503	434	443	1009
5	504	489	361	1010
5	504	361	392	1011
5	571	339	315	1012
5	572	311	339	1013
5	506	438	199	1014
5	943	917	743	1015
5	685	503	508	1016
5	910	681	850	1017
5	654	485	653	1018
5	987	801	800	1019
5	663	578	452	1020
5	852	663	695	1021
5	1199	1020	1198	1022
5	724	647	525	1023
5	698	578	663	1024
5	722	632	656	1025
5	859	692	847	1026
5	525	281	512	1027
5	513	512	350	1028
5	513	350	266	1029
5	566	335	303	1030
5	516	447	250	1031
5	1219	658	1080	1032
5	515	199	340	1033
5	1038	845	780	1034
5	551	303	442	1035
5	668	256	517	1036
5	868	661	515	1037
5	543	517	293	1038
5	518	319	262	1039
5	584	362	583	1040
5	527	355	519	1041
5	545	297	544	1042
5	631	296	422	1043
5	740	652	455	1044
5	752	552	665	1045
5	531	278	317	1046
5	522	317	276	1047
5	616	405	615	1048
5	782	584	583	1049
5	524	518	262	1050
5	524	262	263	1051
5	525	465	269	1052
5	525	269	281	1053
5	549	304	548	1054
5	757	556	756	1055
5	839	593	683	1056
5	591	378	527	1057
5	665	552	534	1058
5	742	696	468	1059
5	637	432	636	1060
5	637	373	432	1061
5	530	522	276	1062
5	530	276	286	1063
5	874	700	731	1064
5	747	544	700	1065
5	673	662	514	1066
5	773	505	699	1067
5	829	631	630	1068
5	765	565	564	1069
5	553	535	282	1070
5	537	287	323	1071
5	553	309	552	1072
5	537	323	535	1073
5	567	335	566	1074
5	566	303	551	1075
5	760	560	672	1076
5	744	542	541	1077
5	559	539	288	1078
5	558	289	538	1079
5	559	324	558	1080
5	759	559	758	1081
5	554	310	448	1082
5	554	469	310	1083
5	561	329	560	1084
5	542	292	541	1085
5	674	522	530	1086
5	1017	828	748	1087
5	889	758	728	1088
5	1528	1266	1364	1089
5	545	299	297	1090
5	630	422	298	1091
5	748	546	545	1092
5	546	299	545	1093
5	844	714	471	1094
5	630	298	546	1095
5	547	536	301	1096
5	547	301	318	1097
5	549	285	304	1098
5	549	526	285	1099
5	700	544	472	1100
5	715	678	458	1101
5	569	338	306	1102
5	570	254	338	1103
5	751	551	644	1104
5	567	516	250	1105
5	553	282	309	1106
5	552	309	283	1107
5	745	459	542	1108
5	672	560	470	1109
5	780	577	574	1110
5	776	573	466	1111
5	562	331	313	1112
5	563	300	331	1113
5	763	562	762	1114
5	738	473	532	1115
5	565	333	564	1116
5	642	316	557	1117
5	559	288	324	1118
5	558	324	289	1119
5	679	518	524	1120
5	753	553	752	1121
5	561	260	329	1122
5	560	329	265	1123
5	746	518	679	1124
5	734	528	733	1125
5	953	769	768	1126
5	563	331	562	1127
5	846	453	646	1128
5	699	505	469	1129
5	565	294	333	1130
5	564	333	314	1131
5	777	574	573	1132
5	845	646	577	1133
5	1086	856	1051	1134
5	723	511	579	1135
5	723	579	671	1136
5	669	456	511	1137
5	568	467	337	1138
5	568	337	446	1139
5	761	744	541	1140
5	570	338	569	1141
5	750	549	749	1142
5	1667	1374	1548	1143
5	1136	946	1047	1144
5	572	339	571	1145
5	676	550	461	1146
5	846	649	453	1147
5	773	571	505	1148
5	574	341	573	1149
5	1142	954	953	1150
5	577	327	574	1151
5	576	305	343	1152
5	576	461	305	1153
5	1037	714	844	1154
5	829	651	631	1155
5	1039	846	845	1156
5	646	344	577	1157
5	578	513	266	1158
5	578	266	347	1159
5	579	511	336	1160
5	579	336	445	1161
5	790	594	690	1162
5	633	351	627	1163
5	581	492	430	1164
5	581	430	431	1165
5	582	487	357	1166
5	582	357	349	1167
5	584	358	362	1168
5	589	363	377	1169
5	712	495	493	1170
5	585	358	584	1171
5	688	494	486	1172
5	589	377	585	1173
5	586	502	359	1174
5	586	359	368	1175
5	1092	867	661	1176
5	802	703	480	1177
5	592	366	395	1178
5	606	392	366	1179
5	1030	905	688	1180
5	590	363	589	1181
5	840	641	640	1182
5	1154	968	910	1183
5	803	605	703	1184
5	638	364	591	1185
5	789	592	588	1186
5	606	366	592	1187
5	640	437	370	1188
5	641	365	437	1189
5	595	352	372	1190
5	594	372	427	1191
5	794	500	718	1192
5	796	481	600	1193
5	787	519	590	1194
5	838	688	486	1195
5	597	596	374	1196
5	597	374	428	1197
5	598	500	379	1198
5	598	379	411	1199
5	793	596	792	1200
5	600	380	599	1201
5	821	624	623	1202
5	793	712	493	1203
5	612	602	386	1204
5	613	403	387	1205
5	611	389	604	1206
5	603	404	602	1207
5	683	593	488	1208
5	613	387	603	1209
5	611	401	389	1210
5	612	386	401	1211
5	609	399	391	1212
5	610	388	399	1213
5	681	586	492	1214
5	707	491	655	1215
5	803	609	605	1216
5	608	397	607	1217
5	840	640	839	1218
5	983	798	789	1219
5	708	489	504	1220
5	610	399	609	1221
5	812	615	684	1222
5	684	615	479	1223
5	810	614	613	1224
5	612	401	611	1225
5	1032	840	839	1226
5	801	608	607	1227
5	709	489	708	1228
5	614	403	613	1229
5	788	527	732	1230
5	682	487	582	1231
5	616	381	405	1232
5	620	264	408	1233
5	1026	834	1025	1234
5	619	381	616	1235
5	618	349	407	1236
5	618	582	349	1237
5	686	487	682	1238
5	782	583	686	1239
5	732	527	519	1240
5	620	408	619	1241
5	787	732	519	1242
5	785	589	585	1243
5	687	597	529	1244
5	622	409	621	1245
5	820	623	622	1246
5	623	382	622	1247
5	1001	813	877	1248
5	624	412	623	1249
5	713	496	481	1250
5	702	477	499	1251
5	625	499	415	1252
5	625	415	321	1253
5	781	580	501	1254
5	633	424	351	1255
5	911	702	902	1256
5	721	477	702	1257
5	826	628	825	1258
5	629	420	628	1259
5	827	733	463	1260
5	883	666	729	1261
5	651	520	631	1262
5	631	422	630	1263
5	715	497	714	1264
5	740	455	533	1265
5	632	510	423	1266
5	632	423	418	1267
5	791	595	790	1268
5	831	478	633	1269
5	718	500	598	1270
5	796	713	481	1271
5	831	633	830	1272
5	1007	819	818	1273
5	637	529	373	1274
5	636	432	376	1275
5	813	618	617	1276
5	836	638	591	1277
5	797	603	602	1278
5	639	436	638	1279
5	811	705	482	1280
5	705	684	479	1281
5	903	684	705	1282
5	641	437	640	1283
5	654	581	485	1284
5	817	730	523	1285
5	649	575	453	1286
5	643	441	642	1287
5	778	575	649	1288
5	770	550	676	1289
5	644	551	442	1290
5	644	442	307	1291
5	645	579	445	1292
5	645	445	348	1293
5	950	766	765	1294
5	937	752	855	1295
5	695	452	451	1296
5	1220	1045	1048	1297
5	648	548	474	1298
5	772	648	474	1299
5	778	576	575	1300
5	772	474	570	1301
5	650	476	459	1302
5	745	650	459	1303
5	756	556	520	1304
5	844	471	643	1305
5	735	522	674	1306
5	759	743	539	1307
5	1219	507	658	1308
5	863	685	849	1309
5	1069	983	1031	1310
5	1318	1171	1317	1311
5	719	586	681	1312
5	784	655	587	1313
5	656	632	509	1314
5	721	656	509	1315
5	657	653	490	1316
5	657	490	503	1317
5	658	507	439	1318
5	658	439	440	1319
5	691	438	659	1320
5	691	440	438	1321
5	1063	942	889	1322
5	909	891	678	1323
5	668	255	256	1324
5	868	515	726	1325
5	662	547	514	1326
5	1115	1079	873	1327
5	695	451	693	1328
5	1022	694	831	1329
5	664	555	464	1330
5	738	532	737	1331
5	696	538	468	1332
5	666	524	460	1333
5	728	538	696	1334
5	758	558	728	1335
5	667	617	457	1336
5	730	667	457	1337
5	853	517	660	1338
5	727	255	668	1339
5	673	514	467	1340
5	675	456	669	1341
5	1018	829	828	1342
5	672	470	670	1343
5	723	669	511	1344
5	1012	781	976	1345
5	1086	951	856	1346
5	1040	875	649	1347
5	680	568	675	1348
5	680	467	568	1349
5	735	531	522	1350
5	739	533	475	1351
5	680	673	467	1352
5	915	856	725	1353
5	779	576	778	1354
5	779	676	461	1355
5	677	674	530	1356
5	677	530	462	1357
5	678	670	454	1358
5	678	454	458	1359
5	896	666	883	1360
5	1134	943	1133	1361
5	856	751	725	1362
5	915	701	871	1363
5	719	502	586	1364
5	784	502	719	1365
5	814	618	813	1366
5	814	582	618	1367
5	841	588	641	1368
5	703	605	480	1369
5	993	807	806	1370
5	704	604	601	1371
5	867	659	506	1372
5	720	685	508	1373
5	1028	837	836	1374
5	838	486	639	1375
5	710	494	688	1376
5	711	687	529	1377
5	710	636	494	1378
5	999	903	705	1379
5	818	495	712	1380
5	819	622	621	1381
5	832	496	713	1382
5	1202	1024	1023	1383
5	720	508	507	1384
5	691	658	440	1385
5	692	671	645	1386
5	692	645	465	1387
5	695	663	452	1388
5	1267	1109	914	1389
5	823	580	781	1390
5	830	633	627	1391
5	1107	902	1054	1392
5	901	695	693	1393
5	728	558	538	1394
5	729	666	460	1395
5	697	664	464	1396
5	697	464	473	1397
5	724	512	698	1398
5	724	525	512	1399
5	755	554	754	1400
5	716	466	498	1401
5	747	545	544	1402
5	828	630	546	1403
5	725	644	536	1404
5	738	697	473	1405
5	1198	1020	1013	1406
5	864	693	722	1407
5	805	704	601	1408
5	806	604	704	1409
5	804	609	803	1410
5	1366	1224	1264	1411
5	809	603	797	1412
5	995	808	994	1413
5	706	681	492	1414
5	706	492	581	1415
5	707	683	488	1416
5	707	488	491	1417
5	709	484	489	1418
5	802	480	608	1419
5	995	797	808	1420
5	800	484	709	1421
5	991	805	804	1422
5	993	806	880	1423
5	865	812	684	1424
5	1002	812	865	1425
5	818	621	495	1426
5	820	622	819	1427
5	832	634	496	1428
5	833	635	634	1429
5	715	458	497	1430
5	714	497	471	1431
5	925	739	736	1432
5	921	735	674	1433
5	774	571	773	1434
5	775	716	498	1435
5	717	702	499	1436
5	717	499	625	1437
5	794	599	500	1438
5	795	600	599	1439
5	910	719	681	1440
5	1032	839	879	1441
5	1070	1032	879	1442
5	1068	857	863	1443
5	1021	831	830	1444
5	1026	884	690	1445
5	722	693	510	1446
5	722	510	632	1447
5	1253	1102	1225	1448
5	1258	1059	1082	1449
5	1221	1059	852	1450
5	1057	698	663	1451
5	954	737	769	1452
5	1060	913	859	1453
5	1222	1093	868	1454
5	1061	888	932	1455
5	727	726	340	1456
5	727	340	255	1457
5	893	670	891	1458
5	930	745	744	1459
5	922	735	921	1460
5	1289	1124	1064	1461
5	815	616	812	1462
5	1062	900	905	1463
5	731	700	472	1464
5	731	472	526	1465
5	788	591	527	1466
5	837	639	638	1467
5	734	462	528	1468
5	733	528	463	1469
5	941	757	756	1470
5	1015	826	1014	1471
5	855	752	665	1472
5	736	531	735	1473
5	938	753	937	1474
5	739	475	736	1475
5	767	551	751	1476
5	875	778	649	1477
5	958	872	648	1478
5	960	774	959	1479
5	929	742	928	1480
5	740	533	739	1481
5	1407	1228	1294	1482
5	1810	1652	1504	1483
5	742	468	537	1484
5	741	537	535	1485
5	855	665	854	1486
5	1014	826	825	1487
5	743	729	521	1488
5	743	521	539	1489
5	761	561	760	1490
5	745	542	744	1491
5	1019	651	829	1492
5	935	750	749	1493
5	1139	941	1076	1494
5	1120	854	927	1495
5	931	650	745	1496
5	748	545	747	1497
5	1014	825	869	1498
5	828	546	748	1499
5	750	526	549	1500
5	750	731	526	1501
5	920	885	677	1502
5	927	652	740	1503
5	767	566	551	1504
5	769	516	567	1505
5	753	535	553	1506
5	752	553	552	1507
5	929	916	696	1508
5	1213	1035	1212	1509
5	755	469	554	1510
5	755	699	469	1511
5	948	754	764	1512
5	939	755	754	1513
5	757	564	556	1514
5	766	557	565	1515
5	941	756	851	1516
5	765	564	757	1517
5	759	539	559	1518
5	758	559	558	1519
5	1120	1085	854	1520
5	922	736	735	1521
5	761	541	561	1522
5	760	561	560	1523
5	956	771	770	1524
5	935	749	872	1525
5	763	563	562	1526
5	764	540	563	1527
5	959	774	773	1528
5	764	563	763	1529
5	963	777	776	1530
5	961	775	960	1531
5	891	670	678	1532
5	766	565	765	1533
5	1035	843	842	1534
5	842	557	766	1535
5	915	725	701	1536
5	768	566	767	1537
5	948	939	754	1538
5	769	567	768	1539
5	947	763	946	1540
5	1040	649	846	1541
5	872	749	648	1542
5	771	569	770	1543
5	956	770	955	1544
5	772	570	771	1545
5	965	778	875	1546
5	957	772	771	1547
5	774	572	571	1548
5	775	572	774	1549
5	952	767	951	1550
5	859	671	692	1551
5	871	701	662	1552
5	923	738	737	1553
5	873	664	697	1554
5	777	573	776	1555
5	873	848	664	1556
5	780	574	777	1557
5	779	461	576	1558
5	933	747	700	1559
5	1127	935	1067	1560
5	934	748	747	1561
5	946	763	762	1562
5	845	577	780	1563
5	823	626	580	1564
5	824	627	626	1565
5	783	585	584	1566
5	786	590	589	1567
5	1029	838	837	1568
5	785	585	783	1569
5	986	709	904	1570
5	985	904	708	1571
5	967	782	858	1572
5	786	589	785	1573
5	970	783	967	1574
5	787	590	786	1575
5	900	835	710	1576
5	973	732	787	1577
5	1011	689	822	1578
5	836	591	788	1579
5	798	606	592	1580
5	799	504	606	1581
5	791	501	595	1582
5	790	595	594	1583
5	1008	820	819	1584
5	1020	830	824	1585
5	793	493	596	1586
5	792	596	597	1587
5	1027	836	788	1588
5	906	835	900	1589
5	981	795	980	1590
5	795	599	794	1591
5	1020	824	1013	1592
5	796	600	795	1593
5	975	791	790	1594
5	976	791	975	1595
5	809	613	603	1596
5	811	482	614	1597
5	1081	850	876	1598
5	799	606	798	1599
5	969	862	655	1600
5	1257	1081	1239	1601
5	898	803	703	1602
5	801	607	800	1603
5	904	709	708	1604
5	802	608	801	1605
5	878	707	862	1606
5	998	811	810	1607
5	804	610	609	1608
5	805	601	610	1609
5	880	806	704	1610
5	805	610	804	1611
5	989	898	703	1612
5	1078	857	1068	1613
5	807	612	611	1614
5	808	602	612	1615
5	1209	1029	1208	1616
5	808	612	807	1617
5	1182	1002	1073	1618
5	877	813	667	1619
5	1253	1056	1102	1620
5	810	613	809	1621
5	1004	817	816	1622
5	811	614	810	1623
5	903	865	684	1624
5	1159	972	971	1625
5	815	619	616	1626
5	817	523	620	1627
5	814	682	582	1628
5	971	786	785	1629
5	882	792	687	1630
5	1102	1056	901	1631
5	879	683	878	1632
5	816	619	815	1633
5	1002	815	812	1634
5	817	620	816	1635
5	907	882	687	1636
5	1006	818	712	1637
5	977	793	792	1638
5	819	621	818	1639
5	1025	834	833	1640
5	822	624	821	1641
5	1025	833	1024	1642
5	822	483	624	1643
5	1012	823	781	1644
5	975	790	884	1645
5	979	718	881	1646
5	981	796	795	1647
5	1013	823	1012	1648
5	979	794	718	1649
5	976	781	791	1650
5	830	627	824	1651
5	826	629	628	1652
5	827	463	629	1653
5	1019	829	1018	1654
5	827	629	826	1655
5	869	825	650	1656
5	894	760	672	1657
5	949	757	941	1658
5	829	630	828	1659
5	1037	908	714	1660
5	1145	955	1144	1661
5	1056	852	901	1662
5	911	721	702	1663
5	901	693	864	1664
5	902	717	860	1665
5	982	796	981	1666
5	833	634	832	1667
5	977	792	882	1668
5	834	635	833	1669
5	967	783	782	1670
5	1104	907	906	1671
5	835	711	637	1672
5	835	637	636	1673
5	978	712	793	1674
5	837	638	836	1675
5	1030	688	838	1676
5	838	639	837	1677
5	1003	815	1002	1678
5	878	683	707	1679
5	1367	1092	1265	1680
5	841	641	840	1681
5	984	798	983	1682
5	841	789	588	1683
5	1226	1090	1156	1684
5	876	706	654	1685
5	921	674	885	1686
5	843	642	842	1687
5	931	869	650	1688
5	844	643	843	1689
5	894	672	893	1690
5	909	715	908	1691
5	870	773	699	1692
5	846	646	845	1693
5	961	716	775	1694
5	959	773	870	1695
5	847	692	647	1696
5	914	647	724	1697
5	848	762	664	1698
5	1138	1131	939	1699
5	1044	691	659	1700
5	1686	1371	1519	1701
5	1154	910	1049	1702
5	857	653	657	1703
5	851	756	651	1704
5	1148	872	958	1705
5	1082	724	1058	1706
5	914	847	647	1707
5	1506	863	1042	1708
5	1083	726	727	1709
5	854	665	652	1710
5	927	854	652	1711
5	1101	891	909	1712
5	1260	1100	1228	1713
5	954	923	737	1714
5	1308	1152	1307	1715
5	876	850	706	1716
5	887	653	857	1717
5	858	782	686	1718
5	899	858	686	1719
5	1231	1045	1220	1720
5	1507	1408	1431	1721
5	860	717	694	1722
5	1336	1191	1335	1723
5	1369	1220	1271	1724
5	1598	1554	1440	1725
5	968	719	910	1726
5	1156	862	969	1727
5	863	857	657	1728
5	863	657	685	1729
5	1162	975	884	1730
5	1167	980	1166	1731
5	1005	918	730	1732
5	1278	1105	1104	1733
5	866	864	722	1734
5	866	722	656	1735
5	1406	1093	1222	1736
5	1264	1224	1078	1737
5	1527	1061	932	1738
5	1371	888	1227	1739
5	1016	919	733	1740
5	885	674	677	1741
5	940	755	939	1742
5	962	716	961	1743
5	1140	952	951	1744
5	1094	890	1041	1745
5	1217	875	1040	1746
5	955	770	676	1747
5	924	738	923	1748
5	924	697	738	1749
5	936	750	935	1750
5	933	700	874	1751
5	1150	960	1149	1752
5	958	648	772	1753
5	1171	985	1170	1754
5	1155	968	1154	1755
5	1077	905	1030	1756
5	899	686	682	1757
5	879	839	683	1758
5	1033	840	1032	1759
5	1078	887	857	1760
5	1171	904	985	1761
5	990	803	898	1762
5	996	797	995	1763
5	881	718	689	1764
5	1011	881	689	1765
5	1006	712	978	1766
5	1010	822	821	1767
5	1135	945	944	1768
5	917	883	729	1769
5	980	794	979	1770
5	1024	833	832	1771
5	920	734	919	1772
5	925	736	922	1773
5	1508	720	886	1774
5	886	720	507	1775
5	887	876	654	1776
5	887	654	653	1777
5	932	679	896	1778
5	932	746	679	1779
5	917	729	743	1780
5	942	758	889	1781
5	890	871	662	1782
5	890	662	673	1783
5	893	672	670	1784
5	945	930	744	1785
5	892	861	669	1786
5	892	669	723	1787
5	1113	921	885	1788
5	944	760	894	1789
5	1046	944	894	1790
5	1195	1111	919	1791
5	895	890	673	1792
5	895	673	680	1793
5	932	888	746	1794
5	896	679	666	1795
5	897	895	680	1796
5	897	680	675	1797
5	990	804	803	1798
5	992	704	805	1799
5	1071	1000	1001	1800
5	1206	1027	974	1801
5	906	711	835	1802
5	907	687	711	1803
5	1108	1055	912	1804
5	1221	852	1056	1805
5	912	656	721	1806
5	912	721	911	1807
5	994	807	993	1808
5	1180	996	1179	1809
5	986	800	709	1810
5	989	703	802	1811
5	905	900	710	1812
5	905	710	688	1813
5	1190	881	1011	1814
5	907	711	906	1815
5	1187	1009	1008	1816
5	1165	978	977	1817
5	909	678	715	1818
5	908	715	714	1819
5	1123	1066	931	1820
5	1119	927	926	1821
5	968	784	719	1822
5	969	655	784	1823
5	1335	1163	1313	1824
5	912	866	656	1825
5	1229	1087	1109	1826
5	1205	884	1026	1827
5	913	892	723	1828
5	913	723	671	1829
5	1091	864	866	1830
5	1060	1050	913	1831
5	1269	1140	1086	1832
5	1151	961	1150	1833
5	916	889	728	1834
5	916	728	696	1835
5	943	759	942	1836
5	1228	1100	1134	1837
5	918	877	667	1838
5	918	667	730	1839
5	920	677	734	1840
5	919	734	733	1841
5	1144	964	1095	1842
5	1217	1096	875	1843
5	1146	957	956	1844
5	926	740	739	1845
5	1238	1076	1197	1846
5	1195	919	1016	1847
5	924	873	697	1848
5	1321	1177	1176	1849
5	1153	966	963	1850
5	1290	1128	1247	1851
5	1283	1112	1111	1852
5	926	739	925	1853
5	1121	929	928	1854
5	927	740	926	1855
5	1129	937	1065	1856
5	1085	855	854	1857
5	929	696	742	1858
5	928	742	741	1859
5	1063	889	1043	1860
5	1133	942	1063	1861
5	945	761	944	1862
5	931	745	930	1863
5	1123	930	945	1864
5	1065	937	855	1865
5	1286	1117	1284	1866
5	1604	1461	1460	1867
5	1283	1113	1112	1868
5	934	747	933	1869
5	1194	1016	1015	1870
5	1017	748	934	1871
5	936	731	750	1872
5	936	874	731	1873
5	1125	933	874	1874
5	1139	949	941	1875
5	938	741	753	1876
5	937	753	752	1877
5	1130	1121	928	1878
5	1227	888	1061	1879
5	940	699	755	1880
5	940	870	699	1881
5	1131	940	939	1882
5	1052	959	870	1883
5	949	765	757	1884
5	1034	842	766	1885
5	943	743	759	1886
5	942	759	758	1887
5	1368	1227	1061	1888
5	1124	932	896	1889
5	945	744	761	1890
5	944	761	760	1891
5	1117	925	922	1892
5	1123	945	1135	1893
5	947	764	763	1894
5	948	764	947	1895
5	1297	1136	1244	1896
5	1106	908	1037	1897
5	1095	964	965	1898
5	1304	1144	1240	1899
5	1149	960	959	1900
5	950	765	949	1901
5	1320	1176	1175	1902
5	1034	766	950	1903
5	952	768	767	1904
5	953	768	952	1905
5	1089	892	1050	1906
5	1282	1094	1236	1907
5	1430	1280	1373	1908
5	954	769	953	1909
5	1137	947	1136	1910
5	1151	962	961	1911
5	1146	956	1145	1912
5	1212	950	1139	1913
5	1152	962	1151	1914
5	957	771	956	1915
5	1197	1017	1196	1916
5	958	772	957	1917
5	1340	1126	1290	1918
5	1196	1017	934	1919
5	960	775	774	1920
5	962	776	716	1921
5	1110	1051	915	1922
5	963	776	962	1923
5	1094	871	890	1924
5	966	780	777	1925
5	1140	951	1086	1926
5	1425	1282	1370	1927
5	1079	1047	848	1928
5	966	777	963	1929
5	964	955	676	1930
5	964	676	779	1931
5	965	964	779	1932
5	965	779	778	1933
5	1298	1293	1131	1934
5	1038	780	966	1935
5	970	785	783	1936
5	972	787	786	1937
5	1169	983	1069	1938
5	969	784	968	1939
5	1173	987	986	1940
5	1090	878	862	1941
5	1182	1003	1002	1942
5	971	785	970	1943
5	1183	918	1005	1944
5	972	786	971	1945
5	1259	1087	1229	1946
5	973	787	972	1947
5	1179	995	994	1948
5	974	732	973	1949
5	1074	880	1178	1950
5	1027	788	974	1951
5	1185	1007	1006	1952
5	1013	824	823	1953
5	1347	1201	1346	1954
5	1343	1199	1198	1955
5	1172	986	904	1956
5	1007	818	1006	1957
5	1160	973	972	1958
5	1008	819	1007	1959
5	980	795	794	1960
5	982	713	796	1961
5	1168	981	1167	1962
5	1023	832	713	1963
5	1191	1012	976	1964
5	1205	1162	884	1965
5	1332	1188	1331	1966
5	1023	713	982	1967
5	984	799	798	1968
5	985	708	799	1969
5	1310	1226	1156	1970
5	985	799	984	1971
5	1318	1173	1172	1972
5	1176	989	1175	1973
5	1169	984	983	1974
5	987	800	986	1975
5	1178	991	1177	1976
5	988	801	987	1977
5	1177	991	990	1978
5	989	802	988	1979
5	1174	988	987	1980
5	1310	1156	1155	1981
5	1181	1073	903	1982
5	991	804	990	1983
5	1175	989	988	1984
5	992	805	991	1985
5	1170	984	1169	1986
5	1157	970	967	1987
5	994	808	807	1988
5	999	705	811	1989
5	1172	904	1171	1990
5	997	810	809	1991
5	1161	974	973	1992
5	1207	1028	1027	1993
5	1075	967	858	1994
5	997	809	996	1995
5	1101	1046	893	1996
5	998	810	997	1997
5	1584	1430	1509	1998
5	999	811	998	1999
5	1073	865	903	2000
5	1183	1098	918	2001
5	1000	899	682	2002
5	1000	682	814	2003
5	1001	1000	814	2004
5	1001	814	813	2005
5	1003	816	815	2006
5	1005	730	817	2007
5	1181	903	999	2008
5	1004	816	1003	2009
5	1178	880	992	2010
5	1005	817	1004	2011
5	1073	1002	865	2012
5	1183	1004	1182	2013
5	1189	1011	1010	2014
5	1009	821	820	2015
5	1104	906	1103	2016
5	1334	1250	1053	2017
5	1166	980	979	2018
5	1009	820	1008	2019
5	1203	1025	1024	2020
5	1010	821	1009	2021
5	1191	976	1163	2022
5	1011	822	1010	2023
5	1166	979	1053	2024
5	1168	982	981	2025
5	1192	1013	1012	2026
5	1021	830	1020	2027
5	1201	982	1168	2028
5	1022	831	1021	2029
5	1015	827	826	2030
5	1016	733	827	2031
5	1046	894	893	2032
5	1016	827	1015	2033
5	1212	1034	950	2034
5	1128	936	1127	2035
5	1135	944	1046	2036
5	1018	828	1017	2037
5	1106	1101	909	2038
5	1019	851	651	2039
5	1076	941	851	2040
5	1212	1035	1034	2041
5	1415	1056	1253	2042
5	1163	975	1162	2043
5	1349	1203	1348	2044
5	1022	860	694	2045
5	1091	866	1055	2046
5	1055	866	912	2047
5	1192	1012	1191	2048
5	1024	832	1023	2049
5	1164	977	882	2050
5	1026	690	834	2051
5	1184	1006	978	2052
5	1103	900	1062	2053
5	1179	996	995	2054
5	1105	882	907	2055
5	1072	899	1000	2056
5	1028	836	1027	2057
5	1180	998	997	2058
5	1029	837	1028	2059
5	1105	907	1104	2060
5	1030	838	1029	2061
5	1103	906	900	2062
5	1188	1010	1009	2063
5	1031	983	789	2064
5	1031	789	841	2065
5	1033	841	840	2066
5	1033	1031	841	2067
5	1355	1211	1210	2068
5	1517	1470	1397	2069
5	1076	851	1019	2070
5	1035	842	1034	2071
5	1118	926	925	2072
5	1036	843	1035	2073
5	1066	869	931	2074
5	1037	844	1036	2075
5	1085	1065	855	2076
5	1122	929	1121	2077
5	1136	947	946	2078
5	1039	845	1038	2079
5	1214	1038	966	2080
5	1040	846	1039	2081
5	1149	959	1052	2082
5	1216	1040	1039	2083
5	1050	892	913	2084
5	1422	1270	1246	2085
5	1042	863	849	2086
5	1044	659	867	2087
5	1436	1289	1260	2088
5	1122	916	929	2089
5	1256	691	1044	2090
5	1080	658	691	2091
5	1045	1041	895	2092
5	1045	895	897	2093
5	1101	893	891	2094
5	1106	1037	1213	2095
5	1047	946	848	2096
5	1273	1051	1110	2097
5	1048	1045	897	2098
5	1048	897	861	2099
5	1049	910	850	2100
5	1326	1073	1181	2101
5	1089	861	892	2102
5	1089	1048	861	2103
5	1143	923	954	2104
5	1079	848	873	2105
5	1132	940	1131	2106
5	1290	1126	1125	2107
5	1053	979	881	2108
5	1190	1053	881	2109
5	1054	902	860	2110
5	1200	1088	1022	2111
5	1108	911	1107	2112
5	1270	1050	1246	2113
5	1102	864	1091	2114
5	1102	901	864	2115
5	1058	698	1057	2116
5	1058	724	698	2117
5	1082	914	724	2118
5	1258	1057	1059	2119
5	1059	1057	663	2120
5	1059	663	852	2121
5	1246	1050	1060	2122
5	1345	1200	1344	2123
5	1356	1243	1212	2124
5	1124	896	1064	2125
5	1405	1310	1376	2126
5	1077	1062	905	2127
5	1064	896	883	2128
5	1294	1133	1223	2129
5	1443	1295	1377	2130
5	1134	917	943	2131
5	1193	1015	1014	2132
5	1338	1195	1194	2133
5	1111	920	919	2134
5	1066	1014	869	2135
5	1067	935	872	2136
5	1148	1067	872	2137
5	1097	887	1078	2138
5	1081	1049	850	2139
5	1210	1032	1070	2140
5	1211	1031	1033	2141
5	1210	1033	1032	2142
5	1211	1069	1031	2143
5	1249	1079	1248	2144
5	1157	967	1075	2145
5	1312	1160	1311	2146
5	1072	1000	1071	2147
5	1071	1001	877	2148
5	1182	1004	1003	2149
5	1181	998	1180	2150
5	1074	994	993	2151
5	1072	1075	858	2152
5	1378	1232	1353	2153
5	1139	950	949	2154
5	1127	936	935	2155
5	1158	970	1157	2156
5	1208	1029	1028	2157
5	1323	1074	1322	2158
5	1239	1097	1224	2159
5	1141	952	1140	2160
5	1231	1041	1045	2161
5	1550	1367	1265	2162
5	1754	1607	1753	2163
5	1126	933	1125	2164
5	1197	1018	1017	2165
5	1267	914	1082	2166
5	1281	1235	1055	2167
5	1289	1064	1260	2168
5	1233	867	1092	2169
5	1268	727	1084	2170
5	1084	727	668	2171
5	1112	920	1111	2172
5	1563	1452	1533	2173
5	1411	1259	1375	2174
5	1115	873	924	2175
5	1087	1060	859	2176
5	1087	859	847	2177
5	1088	1054	860	2178
5	1088	860	1022	2179
5	1449	1304	1448	2180
5	1303	1116	1143	2181
5	1099	879	878	2182
5	1099	1070	879	2183
5	1277	1103	1062	2184
5	1072	858	899	2185
5	1233	1044	867	2186
5	1222	868	1083	2187
5	1093	1092	661	2188
5	1093	661	868	2189
5	1110	915	871	2190
5	1270	1089	1050	2191
5	1144	955	964	2192
5	1145	956	955	2193
5	1096	1095	965	2194
5	1096	965	875	2195
5	1097	1081	876	2196
5	1097	876	887	2197
5	1098	1071	877	2198
5	1098	877	918	2199
5	1354	1070	1275	2200
5	1318	1172	1171	2201
5	1100	1064	883	2202
5	1100	883	917	2203
5	1262	1075	1072	2204
5	1382	1351	1350	2205
5	1179	994	1074	2206
5	1074	993	880	2207
5	1352	1207	1206	2208
5	1164	882	1105	2209
5	1322	1178	1316	2210
5	1165	977	1164	2211
5	1276	1071	1272	2212
5	1184	978	1165	2213
5	1106	909	908	2214
5	1357	1213	1243	2215
5	1108	912	911	2216
5	1107	911	902	2217
5	1721	1375	1577	2218
5	1383	1234	1254	2219
5	1109	1087	847	2220
5	1109	847	914	2221
5	1384	1220	1369	2222
5	1269	1086	1230	2223
5	1112	885	920	2224
5	1114	922	921	2225
5	1284	1117	1114	2226
5	1113	885	1112	2227
5	1338	1194	1193	2228
5	1114	921	1113	2229
5	1339	1283	1111	2230
5	1117	922	1114	2231
5	1385	1247	1306	2232
5	1141	953	952	2233
5	1116	1115	924	2234
5	1116	924	923	2235
5	1242	1065	1085	2236
5	1118	925	1117	2237
5	1389	1223	1237	2238
5	1119	926	1118	2239
5	1292	1130	1291	2240
5	1120	927	1119	2241
5	1439	1416	1288	2242
5	1255	1043	1122	2243
5	1130	938	1129	2244
5	1122	1043	916	2245
5	1433	1380	1286	2246
5	1589	1438	1510	2247
5	1123	931	930	2248
5	1193	1014	1066	2249
5	1286	1118	1117	2250
5	1287	1119	1286	2251
5	1126	934	933	2252
5	1197	1076	1019	2253
5	1295	1123	1135	2254
5	1196	934	1126	2255
5	1128	874	936	2256
5	1128	1125	874	2257
5	1452	1357	1387	2258
5	1450	1293	1446	2259
5	1130	928	938	2260
5	1129	938	937	2261
5	1337	1066	1296	2262
5	1435	1386	1241	2263
5	1132	870	940	2264
5	1132	1052	870	2265
5	1360	1216	1359	2266
5	1240	1144	1095	2267
5	1134	1100	917	2268
5	1133	943	942	2269
5	1511	1222	1420	2270
5	1953	1664	1706	2271
5	1285	1248	1115	2272
5	1245	1052	1293	2273
5	1137	948	947	2274
5	1138	939	948	2275
5	1293	1132	1131	2276
5	1138	948	1137	2277
5	1307	1152	1151	2278
5	1298	1131	1138	2279
5	1299	1076	1238	2280
5	1213	1037	1036	2281
5	1143	954	1142	2282
5	1142	953	1141	2283
5	1300	1141	1140	2284
5	1143	1116	923	2285
5	1557	1381	1552	2286
5	1297	1138	1137	2287
5	1365	1302	1301	2288
5	1586	1525	1380	2289
5	1240	1095	1096	2290
5	1147	958	957	2291
5	1308	1214	1153	2292
5	1245	1150	1149	2293
5	1304	1145	1144	2294
5	1147	957	1146	2295
5	1359	1214	1308	2296
5	1148	958	1147	2297
5	1360	1240	1096	2298
5	1411	1246	1259	2299
5	1150	961	960	2300
5	1152	963	962	2301
5	1305	1146	1304	2302
5	1153	963	1152	2303
5	1305	1148	1147	2304
5	1214	966	1153	2305
5	1359	1216	1215	2306
5	1215	1039	1038	2307
5	1306	1067	1148	2308
5	1307	1151	1150	2309
5	1155	969	968	2310
5	1156	1090	862	2311
5	1515	1080	1256	2312
5	1156	969	1155	2313
5	1899	1755	1754	2314
5	1274	1090	1226	2315
5	1158	971	970	2316
5	1209	1030	1029	2317
5	1232	1062	1077	2318
5	1159	971	1158	2319
5	1259	1060	1087	2320
5	1160	972	1159	2321
5	1329	1272	1098	2322
5	1161	973	1160	2323
5	1348	1203	1202	2324
5	1206	974	1161	2325
5	1163	976	975	2326
5	1199	1021	1020	2327
5	1333	1190	1189	2328
5	1200	1021	1199	2329
5	1277	1104	1103	2330
5	1185	1006	1184	2331
5	1346	1168	1315	2332
5	1186	1008	1007	2333
5	1167	981	980	2334
5	1201	1023	982	2335
5	1315	1168	1167	2336
5	1202	1023	1201	2337
5	1336	1192	1191	2338
5	1203	1024	1202	2339
5	1170	985	984	2340
5	1274	1099	1090	2341
5	1746	1600	1570	2342
5	1173	986	1172	2343
5	1462	1459	1321	2344
5	1174	987	1173	2345
5	1641	1426	1583	2346
5	1175	988	1174	2347
5	1239	1081	1097	2348
5	1176	990	898	2349
5	1355	1210	1354	2350
5	1176	898	989	2351
5	1252	1069	1211	2352
5	1317	1169	1252	2353
5	1317	1171	1170	2354
5	1177	990	1176	2355
5	1252	1169	1069	2356
5	1178	992	991	2357
5	1464	1322	1463	2358
5	1180	997	996	2359
5	1311	1159	1158	2360
5	1181	999	998	2361
5	1272	1071	1098	2362
5	1329	1098	1183	2363
5	1325	1181	1180	2364
5	1316	1178	1177	2365
5	1317	1170	1169	2366
5	1183	1005	1004	2367
5	1276	1072	1071	2368
5	1328	1183	1182	2369
5	1343	1198	1342	2370
5	1259	1246	1060	2371
5	1351	1313	1162	2372
5	1186	1007	1185	2373
5	1331	1186	1330	2374
5	1187	1008	1186	2375
5	1330	1185	1184	2376
5	1188	1009	1187	2377
5	1277	1062	1232	2378
5	1189	1010	1188	2379
5	1620	1456	1475	2380
5	1190	1011	1189	2381
5	1342	1192	1336	2382
5	1330	1186	1185	2383
5	1351	1162	1205	2384
5	1374	1253	1225	2385
5	1280	1107	1234	2386
5	1198	1013	1192	2387
5	1284	1114	1113	2388
5	1194	1015	1193	2389
5	1291	1129	1241	2390
5	1195	1016	1194	2391
5	1241	1129	1065	2392
5	1287	1120	1119	2393
5	1284	1113	1283	2394
5	1197	1019	1018	2395
5	1295	1135	1261	2396
5	1358	1106	1357	2397
5	1234	1107	1054	2398
5	1200	1022	1021	2399
5	1345	1254	1088	2400
5	1344	1199	1343	2401
5	1342	1198	1192	2402
5	1313	1163	1162	2403
5	1335	1191	1163	2404
5	1204	1026	1025	2405
5	1349	1204	1203	2406
5	1350	1205	1204	2407
5	1492	1312	1311	2408
5	1204	1025	1203	2409
5	1263	1157	1075	2410
5	1205	1026	1204	2411
5	1278	1164	1105	2412
5	1346	1201	1168	2413
5	1323	1179	1074	2414
5	1207	1027	1206	2415
5	1314	1184	1165	2416
5	1208	1028	1207	2417
5	1263	1158	1157	2418
5	1209	1077	1030	2419
5	1353	1209	1208	2420
5	1232	1077	1209	2421
5	1319	1175	1174	2422
5	1211	1033	1210	2423
5	1321	1316	1177	2424
5	1324	1179	1323	2425
5	1478	1296	1443	2426
5	1213	1036	1035	2427
5	1370	1282	1236	2428
5	1243	1213	1212	2429
5	1654	1531	1581	2430
5	1215	1038	1214	2431
5	1285	1115	1116	2432
5	1216	1039	1215	2433
5	1384	1231	1220	2434
5	1217	1040	1216	2435
5	1306	1247	1067	2436
5	1247	1127	1067	2437
5	1218	1084	668	2438
5	1218	668	517	2439
5	1521	1233	1367	2440
5	1219	886	507	2441
5	1271	1048	1089	2442
5	1271	1089	1270	2443
5	1403	1082	1059	2444
5	1403	1267	1082	2445
5	1264	1078	1068	2446
5	1260	1064	1100	2447
5	1223	1133	1063	2448
5	1514	1404	1416	2449
5	1224	1097	1078	2450
5	1562	1428	1538	2451
5	1225	1102	1091	2452
5	1235	1225	1091	2453
5	1495	1275	1426	2454
5	1309	1155	1154	2455
5	1420	1083	1268	2456
5	1519	1227	1518	2457
5	1436	1260	1417	2458
5	1439	1292	1438	2459
5	1423	1369	1271	2460
5	1423	1270	1422	2461
5	1236	1041	1231	2462
5	1558	1391	1557	2463
5	1236	1094	1041	2464
5	1273	1230	1051	2465
5	1319	1173	1318	2466
5	1278	1104	1277	2467
5	1684	1662	1401	2468
5	1265	1092	1093	2469
5	1235	1091	1055	2470
5	1476	1313	1382	2471
5	1281	1108	1280	2472
5	1628	1482	1627	2473
5	1365	1303	1302	2474
5	1647	1499	1646	2475
5	1237	1223	1063	2476
5	1237	1063	1043	2477
5	1340	1196	1126	2478
5	1290	1125	1128	2479
5	1251	1154	1049	2480
5	1309	1154	1251	2481
5	1399	1279	1358	2482
5	1247	1128	1127	2483
5	1292	1288	1121	2484
5	1255	1237	1043	2485
5	1242	1120	1287	2486
5	1242	1241	1065	2487
5	1356	1139	1299	2488
5	1261	1135	1046	2489
5	1244	1136	1047	2490
5	1248	1079	1115	2491
5	1293	1052	1132	2492
5	1307	1150	1245	2493
5	1375	1259	1229	2494
5	1391	1230	1381	2495
5	1304	1146	1145	2496
5	1305	1147	1146	2497
5	1249	1047	1079	2498
5	1249	1244	1047	2499
5	1447	1301	1300	2500
5	1568	1412	1564	2501
5	1315	1167	1250	2502
5	1250	1167	1166	2503
5	1559	1402	1080	2504
5	1426	1274	1396	2505
5	1275	1099	1274	2506
5	1319	1174	1173	2507
5	1419	1109	1267	2508
5	1419	1229	1109	2509
5	1254	1234	1054	2510
5	1254	1054	1088	2511
5	1573	1407	1565	2512
5	1438	1291	1386	2513
5	1379	1042	1266	2514
5	1256	1080	691	2515
5	1257	1251	1049	2516
5	1257	1049	1081	2517
5	1258	1082	1058	2518
5	1258	1058	1057	2519
5	1347	1202	1201	2520
5	1330	1184	1314	2521
5	1518	1227	1368	2522
5	1390	1294	1223	2523
5	1622	1443	1526	2524
5	1358	1101	1106	2525
5	1496	1457	1252	2526
5	1263	1075	1262	2527
5	1312	1206	1161	2528
5	1311	1158	1263	2529
5	1527	1368	1061	2530
5	1687	1512	1513	2531
5	1367	1233	1092	2532
5	1266	1042	849	2533
5	1460	1319	1318	2534
5	1664	1518	1368	2535
5	1415	1221	1056	2536
5	1548	1374	1408	2537
5	1530	1268	1084	2538
5	1268	1083	727	2539
5	1391	1269	1230	2540
5	1300	1140	1269	2541
5	1663	1415	1571	2542
5	1271	1220	1048	2543
5	1447	1300	1392	2544
5	1392	1300	1269	2545
5	1276	1262	1072	2546
5	1640	1494	1493	2547
5	1413	1249	1412	2548
5	1381	1230	1273	2549
5	1275	1070	1099	2550
5	1354	1210	1070	2551
5	1460	1318	1458	2552
5	1355	1252	1211	2553
5	1469	1429	1328	2554
5	1464	1323	1322	2555
5	1428	1232	1378	2556
5	1332	1189	1188	2557
5	1250	1166	1053	2558
5	1455	1311	1263	2559
5	1279	1261	1046	2560
5	1279	1046	1101	2561
5	1281	1055	1108	2562
5	1280	1108	1107	2563
5	1431	1281	1430	2564
5	1572	1419	1267	2565
5	1282	1273	1110	2566
5	1282	1110	1094	2567
5	1296	1123	1295	2568
5	1296	1066	1123	2569
5	1301	1141	1300	2570
5	1242	1085	1120	2571
5	1647	1500	1499	2572
5	1286	1119	1118	2573
5	1444	1297	1244	2574
5	1387	1357	1243	2575
5	1443	1296	1295	2576
5	1380	1287	1286	2577
5	1288	1255	1122	2578
5	1288	1122	1121	2579
5	1723	1688	1417	2580
5	1512	1289	1436	2581
5	1437	1247	1385	2582
5	1341	1197	1196	2583
5	1292	1121	1130	2584
5	1291	1130	1129	2585
5	1390	1223	1389	2586
5	1386	1291	1241	2587
5	1297	1137	1136	2588
5	1625	1437	1534	2589
5	1294	1228	1134	2590
5	1294	1134	1133	2591
5	1437	1290	1247	2592
5	1337	1193	1066	2593
5	1441	1338	1337	2594
5	1338	1193	1337	2595
5	1400	1248	1285	2596
5	1298	1138	1297	2597
5	1450	1245	1293	2598
5	1412	1248	1400	2599
5	1356	1212	1139	2600
5	1299	1139	1076	2601
5	1301	1142	1141	2602
5	1302	1143	1142	2603
5	1392	1269	1391	2604
5	1302	1142	1301	2605
5	1303	1285	1116	2606
5	1303	1143	1302	2607
5	1359	1215	1214	2608
5	1245	1149	1052	2609
5	1502	1448	1240	2610
5	1388	1299	1238	2611
5	1480	1290	1437	2612
5	1306	1148	1305	2613
5	1421	1303	1365	2614
5	1448	1304	1240	2615
5	1444	1244	1413	2616
5	1360	1096	1217	2617
5	1479	1432	1283	2618
5	1308	1153	1152	2619
5	1458	1318	1317	2620
5	1310	1155	1309	2621
5	1311	1160	1159	2622
5	1353	1208	1352	2623
5	1602	1455	1454	2624
5	1493	1352	1312	2625
5	1352	1206	1312	2626
5	1312	1161	1160	2627
5	1314	1164	1278	2628
5	1331	1188	1187	2629
5	1314	1165	1164	2630
5	1331	1187	1186	2631
5	1485	1345	1344	2632
5	1348	1202	1347	2633
5	1322	1074	1178	2634
5	1324	1180	1179	2635
5	1395	1224	1366	2636
5	1396	1274	1226	2637
5	2029	1881	2028	2638
5	1321	1176	1320	2639
5	1466	1325	1324	2640
5	1320	1175	1319	2641
5	1463	1322	1316	2642
5	1426	1275	1274	2643
5	1495	1355	1354	2644
5	1463	1316	1459	2645
5	1454	1263	1262	2646
5	1325	1180	1324	2647
5	1454	1262	1424	2648
5	1326	1181	1325	2649
5	1427	1272	1398	2650
5	1327	1182	1073	2651
5	1398	1272	1329	2652
5	1468	1327	1326	2653
5	1467	1326	1325	2654
5	1327	1073	1326	2655
5	1459	1316	1321	2656
5	1328	1182	1327	2657
5	1603	1457	1536	2658
5	1329	1183	1328	2659
5	1489	1347	1488	2660
5	1618	1471	1615	2661
5	1488	1347	1346	2662
5	1333	1189	1332	2663
5	1468	1326	1467	2664
5	1334	1053	1190	2665
5	1458	1317	1457	2666
5	1467	1325	1466	2667
5	1397	1278	1277	2668
5	1334	1190	1333	2669
5	1627	1477	1621	2670
5	1476	1335	1313	2671
5	1617	1475	1474	2672
5	1490	1349	1348	2673
5	1487	1315	1456	2674
5	1345	1088	1200	2675
5	1407	1294	1390	2676
5	1434	1287	1380	2677
5	1339	1195	1338	2678
5	1339	1111	1195	2679
5	1442	1338	1441	2680
5	1478	1441	1337	2681
5	1341	1238	1197	2682
5	1341	1196	1340	2683
5	1418	1261	1279	2684
5	1791	1645	1790	2685
5	1488	1346	1487	2686
5	1344	1200	1199	2687
5	1456	1315	1250	2688
5	1541	1383	1522	2689
5	1487	1346	1315	2690
5	1483	1343	1342	2691
5	1383	1373	1234	2692
5	1572	1267	1403	2693
5	1473	1332	1331	2694
5	1470	1278	1397	2695
5	1475	1456	1250	2696
5	1350	1204	1349	2697
5	1489	1348	1347	2698
5	1351	1205	1350	2699
5	1657	1549	1640	2700
5	1491	1382	1350	2701
5	1382	1313	1351	2702
5	1482	1336	1477	2703
5	1470	1314	1278	2704
5	1352	1208	1207	2705
5	1472	1330	1471	2706
5	1353	1232	1209	2707
5	1474	1333	1332	2708
5	1474	1334	1333	2709
5	1414	1251	1257	2710
5	1560	1516	1376	2711
5	1414	1257	1394	2712
5	1756	1609	1755	2713
5	1498	1387	1243	2714
5	1575	1377	1418	2715
5	1358	1279	1101	2716
5	1357	1106	1213	2717
5	1440	1385	1306	2718
5	1440	1306	1305	2719
5	1449	1440	1305	2720
5	1360	1217	1216	2721
5	1449	1305	1304	2722
5	1412	1249	1248	2723
5	1393	1256	1044	2724
5	1393	1044	1233	2725
5	1652	853	1504	2726
5	1420	1222	1083	2727
5	1363	1362	1218	2728
5	1363	1218	853	2729
5	1364	1266	849	2730
5	1544	849	685	2731
5	1413	1244	1249	2732
5	1446	1298	1445	2733
5	1545	1264	1361	2734
5	1406	1265	1093	2735
5	1658	1591	1592	2736
5	1544	720	1508	2737
5	1512	1372	1289	2738
5	1417	1260	1228	2739
5	1423	1271	1270	2740
5	1422	1246	1411	2741
5	1409	1231	1384	2742
5	1409	1236	1231	2743
5	1504	853	660	2744
5	1505	746	888	2745
5	1578	1084	1362	2746
5	1372	1124	1289	2747
5	1373	1280	1234	2748
5	1484	1344	1343	2749
5	1581	1423	1580	2750
5	1431	1408	1235	2751
5	1630	1485	1484	2752
5	1630	1484	1629	2753
5	1376	1310	1309	2754
5	1453	1309	1251	2755
5	1377	1295	1261	2756
5	1418	1377	1261	2757
5	1636	1491	1490	2758
5	1494	1352	1493	2759
5	1511	1406	1222	2760
5	1555	1404	1514	2761
5	1433	1284	1432	2762
5	1710	1555	1709	2763
5	1552	1425	1520	2764
5	1872	1727	1845	2765
5	1627	1482	1477	2766
5	1483	1342	1482	2767
5	1477	1335	1476	2768
5	1482	1342	1336	2769
5	1409	1370	1236	2770
5	1552	1381	1425	2771
5	1540	1410	1481	2772
5	1645	1387	1498	2773
5	1435	1242	1434	2774
5	1573	1417	1407	2775
5	1497	1299	1388	2776
5	1788	1543	1703	2777
5	1497	1356	1299	2778
5	1498	1243	1356	2779
5	1587	1434	1525	2780
5	1722	1573	1565	2781
5	1586	1433	1585	2782
5	1417	1228	1407	2783
5	1595	1392	1558	2784
5	1447	1365	1301	2785
5	1843	1670	1842	2786
5	1568	1413	1412	2787
5	1503	1401	1402	2788
5	1852	1707	1528	2789
5	1561	1405	1516	2790
5	1453	1251	1414	2791
5	1395	1394	1239	2792
5	1395	1239	1224	2793
5	1876	1731	1676	2794
5	1457	1317	1252	2795
5	1635	1490	1489	2796
5	1634	1488	1633	2797
5	1424	1262	1276	2798
5	1494	1353	1352	2799
5	1624	1432	1479	2800
5	1418	1279	1399	2801
5	1564	1400	1421	2802
5	1446	1293	1298	2803
5	1844	1689	1559	2804
5	1401	886	1219	2805
5	1402	1401	1219	2806
5	1402	1219	1080	2807
5	1403	1059	1221	2808
5	1801	1667	1548	2809
5	1404	1389	1237	2810
5	1404	1237	1255	2811
5	1405	1396	1226	2812
5	1405	1226	1310	2813
5	1706	1368	1527	2814
5	1665	1363	1652	2815
5	1525	1434	1380	2816
5	1590	1514	1416	2817
5	1408	1374	1225	2818
5	1408	1225	1235	2819
5	1593	1445	1444	2820
5	1596	1365	1447	2821
5	1410	1388	1238	2822
5	1410	1238	1341	2823
5	1571	1415	1253	2824
5	1553	1520	1370	2825
5	1595	1447	1392	2826
5	1569	1444	1413	2827
5	1792	1646	1599	2828
5	1534	1437	1385	2829
5	1608	1463	1607	2830
5	1453	1376	1309	2831
5	1571	1253	1374	2832
5	1576	1221	1415	2833
5	1416	1404	1255	2834
5	1416	1255	1288	2835
5	1556	1389	1555	2836
5	1521	1393	1233	2837
5	1586	1380	1433	2838
5	1767	1591	1658	2839
5	1802	1663	1571	2840
5	1702	1509	1541	2841
5	1668	1578	1362	2842
5	1669	1528	1364	2843
5	1421	1400	1285	2844
5	1421	1285	1303	2845
5	1531	1384	1369	2846
5	1581	1369	1423	2847
5	1579	1422	1411	2848
5	1670	1566	1531	2849
5	1582	1427	1532	2850
5	1538	1428	1378	2851
5	1425	1381	1273	2852
5	1425	1273	1282	2853
5	1536	1457	1496	2854
5	1642	1536	1496	2855
5	1427	1424	1276	2856
5	1427	1276	1272	2857
5	1428	1397	1277	2858
5	1428	1277	1232	2859
5	1429	1398	1329	2860
5	1429	1329	1328	2861
5	1431	1235	1281	2862
5	1430	1281	1280	2863
5	1580	1422	1579	2864
5	1548	1408	1507	2865
5	1433	1286	1284	2866
5	1432	1284	1283	2867
5	1768	1623	1767	2868
5	1770	1625	1672	2869
5	1435	1241	1242	2870
5	1434	1242	1287	2871
5	1555	1389	1404	2872
5	1565	1407	1390	2873
5	1542	1394	1395	2874
5	1565	1390	1556	2875
5	1480	1340	1290	2876
5	1481	1341	1340	2877
5	1439	1288	1292	2878
5	1438	1292	1291	2879
5	1803	1709	1739	2880
5	1738	1589	1673	2881
5	1445	1297	1444	2882
5	1500	1359	1308	2883
5	1442	1339	1338	2884
5	1479	1283	1339	2885
5	1591	1442	1441	2886
5	1479	1339	1442	2887
5	1478	1337	1296	2888
5	1598	1449	1597	2889
5	1445	1298	1297	2890
5	1501	1360	1359	2891
5	1646	1451	1599	2892
5	1499	1307	1451	2893
5	1599	1451	1450	2894
5	1500	1308	1499	2895
5	1580	1423	1422	2896
5	1577	1229	1419	2897
5	1451	1245	1450	2898
5	1499	1308	1307	2899
5	1794	1647	1793	2900
5	1804	1716	1791	2901
5	1451	1307	1245	2902
5	1501	1359	1500	2903
5	1599	1450	1523	2904
5	1543	1410	1540	2905
5	1452	1399	1358	2906
5	1452	1358	1357	2907
5	1676	1516	1656	2908
5	1608	1464	1463	2909
5	1562	1517	1397	2910
5	1455	1263	1454	2911
5	1607	1463	1459	2912
5	1492	1311	1455	2913
5	1471	1314	1470	2914
5	1471	1330	1314	2915
5	1495	1354	1275	2916
5	1496	1252	1355	2917
5	1561	1396	1405	2918
5	1604	1460	1537	2919
5	1461	1319	1460	2920
5	1465	1324	1323	2921
5	1461	1320	1319	2922
5	1462	1321	1320	2923
5	1609	1465	1464	2924
5	1462	1320	1461	2925
5	1607	1459	1606	2926
5	1676	1561	1516	2927
5	1611	1467	1466	2928
5	1613	1469	1468	2929
5	1612	1467	1611	2930
5	1465	1323	1464	2931
5	1610	1466	1465	2932
5	1466	1324	1465	2933
5	1606	1462	1605	2934
5	1469	1327	1468	2935
5	1605	1461	1604	2936
5	1469	1328	1327	2937
5	1537	1460	1458	2938
5	1750	1537	1699	2939
5	1640	1493	1639	2940
5	1757	1611	1610	2941
5	1473	1331	1472	2942
5	1472	1331	1330	2943
5	1615	1470	1517	2944
5	1617	1474	1616	2945
5	1636	1490	1635	2946
5	1474	1332	1473	2947
5	1762	1617	1616	2948
5	1582	1424	1427	2949
5	1475	1334	1474	2950
5	1475	1250	1334	2951
5	1606	1459	1462	2952
5	1605	1462	1461	2953
5	1477	1336	1335	2954
5	1486	1345	1485	2955
5	1751	1605	1604	2956
5	1621	1476	1539	2957
5	2080	1934	2079	2958
5	1585	1433	1432	2959
5	1588	1386	1435	2960
5	1650	1448	1502	2961
5	1481	1410	1341	2962
5	1481	1340	1480	2963
5	1543	1388	1410	2964
5	1648	1501	1500	2965
5	1484	1343	1483	2966
5	1485	1344	1484	2967
5	1629	1483	1628	2968
5	1631	1486	1485	2969
5	1628	1483	1482	2970
5	1486	1254	1345	2971
5	1774	1629	1628	2972
5	1486	1383	1254	2973
5	1780	1636	1635	2974
5	1634	1489	1488	2975
5	1562	1397	1428	2976
5	1490	1348	1489	2977
5	1633	1488	1487	2978
5	1491	1350	1349	2979
5	1633	1487	1632	2980
5	1615	1471	1470	2981
5	1752	1606	1605	2982
5	1491	1349	1490	2983
5	1773	1627	1772	2984
5	1621	1477	1476	2985
5	1760	1614	1613	2986
5	1493	1312	1492	2987
5	1601	1424	1582	2988
5	1494	1378	1353	2989
5	1860	1714	1700	2990
5	1616	1474	1473	2991
5	1570	1414	1394	2992
5	1496	1355	1495	2993
5	1807	1570	1653	2994
5	1786	1583	1731	2995
5	1533	1452	1387	2996
5	1498	1356	1497	2997
5	1645	1533	1387	2998
5	1643	1388	1543	2999
5	1649	1502	1501	3000
5	1502	1240	1360	3001
5	1648	1500	1647	3002
5	1569	1413	1568	3003
5	1558	1392	1391	3004
5	1502	1360	1501	3005
5	1524	1421	1365	3006
5	1564	1421	1524	3007
5	1814	1551	1696	3008
5	1515	1256	1393	3009
5	1519	1371	1227	3010
5	1849	1706	1687	3011
5	1505	1504	660	3012
5	1505	660	746	3013
5	1506	1068	863	3014
5	1506	1042	1379	3015
5	1584	1507	1431	3016
5	1541	1509	1373	3017
5	1809	1508	1662	3018
5	1546	1366	1545	3019
5	1584	1431	1430	3020
5	1509	1430	1373	3021
5	1510	1438	1386	3022
5	1588	1510	1386	3023
5	1685	1379	1529	3024
5	1556	1390	1389	3025
5	1810	1504	1505	3026
5	1687	1372	1512	3027
5	1513	1512	1436	3028
5	2136	1943	1816	3029
5	1590	1439	1589	3030
5	1735	1587	1525	3031
5	1559	1080	1515	3032
5	1689	1402	1559	3033
5	1516	1405	1376	3034
5	1867	1688	1723	3035
5	1997	1852	1669	3036
5	1506	1361	1068	3037
5	1695	1521	1367	3038
5	1691	1515	1393	3039
5	1956	1695	1853	3040
5	1951	1693	1848	3041
5	1520	1425	1370	3042
5	1812	1713	1743	3043
5	1948	1817	1818	3044
5	1578	1530	1084	3045
5	1541	1373	1383	3046
5	1522	1383	1486	3047
5	1523	1450	1446	3048
5	1594	1523	1446	3049
5	1593	1444	1569	3050
5	1564	1412	1400	3051
5	1587	1435	1434	3052
5	1588	1435	1587	3053
5	1526	1443	1377	3054
5	1575	1526	1377	3055
5	1527	932	1124	3056
5	1547	1362	1363	3057
5	1529	1266	1528	3058
5	1529	1379	1266	3059
5	1941	1692	1940	3060
5	1690	1361	1506	3061
5	1698	1420	1530	3062
5	1530	1420	1268	3063
5	1553	1370	1409	3064
5	1566	1384	1531	3065
5	1532	1427	1398	3066
5	1614	1535	1429	3067
5	1563	1399	1452	3068
5	1574	1418	1399	3069
5	1626	1540	1481	3070
5	1643	1497	1388	3071
5	1535	1532	1398	3072
5	1535	1398	1429	3073
5	1583	1396	1561	3074
5	1642	1496	1495	3075
5	1751	1604	1750	3076
5	1901	1756	1900	3077
5	1700	1538	1549	3078
5	1639	1493	1492	3079
5	1539	1476	1382	3080
5	1637	1382	1491	3081
5	1626	1480	1625	3082
5	1644	1498	1497	3083
5	1774	1628	1773	3084
5	1909	1765	1908	3085
5	1560	1376	1453	3086
5	1570	1394	1542	3087
5	1703	1543	1540	3088
5	1788	1643	1543	3089
5	1809	1364	1544	3090
5	1544	1364	849	3091
5	1858	1710	1709	3092
5	1545	1366	1264	3093
5	1817	1704	1705	3094
5	1818	1366	1546	3095
5	1527	1124	1372	3096
5	1819	1521	1695	3097
5	1567	1411	1375	3098
5	1579	1411	1567	3099
5	1549	1538	1378	3100
5	1549	1378	1494	3101
5	1853	1550	1697	3102
5	1691	1393	1521	3103
5	1551	1550	1265	3104
5	1551	1265	1406	3105
5	1557	1391	1381	3106
5	1596	1447	1595	3107
5	1741	1594	1593	3108
5	1659	1552	1520	3109
5	1554	1534	1385	3110
5	1554	1385	1440	3111
5	1735	1525	1680	3112
5	1910	1820	1734	3113
5	1944	1910	1912	3114
5	1799	1573	1722	3115
5	2023	1875	1874	3116
5	1850	1694	1708	3117
5	1712	1557	1711	3118
5	1711	1557	1552	3119
5	1660	1559	1515	3120
5	1691	1660	1515	3121
5	1600	1414	1570	3122
5	1656	1516	1560	3123
5	1583	1426	1396	3124
5	1641	1495	1426	3125
5	1824	1766	1782	3126
5	1900	1755	1899	3127
5	1770	1626	1625	3128
5	1574	1399	1563	3129
5	1822	1567	1721	3130
5	1729	1580	1579	3131
5	1680	1525	1586	3132
5	1736	1588	1587	3133
5	1566	1553	1409	3134
5	1566	1409	1384	3135
5	1720	1569	1568	3136
5	1718	1564	1524	3137
5	1719	1564	1718	3138
5	1594	1446	1445	3139
5	1742	1523	1594	3140
5	1712	1558	1557	3141
5	1600	1453	1414	3142
5	1600	1560	1453	3143
5	1577	1375	1229	3144
5	1701	1522	1681	3145
5	1822	1728	1567	3146
5	1576	1419	1572	3147
5	1688	1436	1417	3148
5	1826	1436	1688	3149
5	1797	1744	1597	3150
5	1575	1418	1574	3151
5	1675	1672	1534	3152
5	1882	1737	1736	3153
5	1576	1572	1403	3154
5	1576	1403	1221	3155
5	1727	1419	1576	3156
5	1667	1571	1374	3157
5	1945	1668	1547	3158
5	1668	1362	1547	3159
5	1775	1630	1629	3160
5	1720	1568	1719	3161
5	1887	1712	1711	3162
5	1581	1531	1369	3163
5	1713	1524	1596	3164
5	1670	1531	1654	3165
5	1601	1454	1424	3166
5	1638	1492	1455	3167
5	1807	1746	1570	3168
5	2072	1927	1876	3169
5	1727	1576	1663	3170
5	1729	1579	1728	3171
5	1623	1442	1591	3172
5	1624	1585	1432	3173
5	1820	1680	1734	3174
5	1930	1790	1789	3175
5	1829	1674	1742	3176
5	1716	1563	1533	3177
5	1830	1722	1565	3178
5	1717	1556	1710	3179
5	1590	1416	1439	3180
5	1589	1439	1438	3181
5	1709	1555	1514	3182
5	1880	1735	1680	3183
5	1623	1479	1442	3184
5	1624	1479	1623	3185
5	1592	1591	1441	3186
5	1592	1441	1478	3187
5	1932	1792	1839	3188
5	1594	1445	1593	3189
5	1793	1646	1792	3190
5	1745	1675	1554	3191
5	2012	1863	1958	3192
5	1596	1524	1365	3193
5	1741	1593	1740	3194
5	2078	1933	1932	3195
5	1598	1440	1449	3196
5	1597	1449	1448	3197
5	1890	1675	1745	3198
5	1724	1563	1716	3199
5	1646	1499	1451	3200
5	1649	1501	1648	3201
5	1876	1676	1800	3202
5	1891	1833	1747	3203
5	1748	1582	1678	3204
5	1602	1454	1601	3205
5	1784	1639	1638	3206
5	1638	1455	1602	3207
5	1603	1537	1458	3208
5	1603	1458	1457	3209
5	1677	1536	1661	3210
5	1612	1468	1467	3211
5	1759	1613	1612	3212
5	1753	1606	1752	3213
5	1758	1612	1611	3214
5	1609	1464	1608	3215
5	1677	1603	1536	3216
5	1610	1465	1609	3217
5	1755	1608	1754	3218
5	1613	1468	1612	3219
5	1785	1639	1784	3220
5	1749	1602	1601	3221
5	1761	1683	1535	3222
5	1611	1466	1610	3223
5	1759	1612	1758	3224
5	1614	1469	1613	3225
5	1755	1609	1608	3226
5	1614	1429	1469	3227
5	1699	1537	1603	3228
5	1841	1657	1785	3229
5	1904	1760	1759	3230
5	1678	1582	1532	3231
5	1619	1616	1473	3232
5	1620	1475	1617	3233
5	1619	1472	1618	3234
5	1632	1456	1620	3235
5	1781	1637	1636	3236
5	1632	1487	1456	3237
5	1619	1473	1472	3238
5	1618	1472	1471	3239
5	1753	1607	1606	3240
5	1715	1517	1562	3241
5	1777	1620	1765	3242
5	1682	1615	1679	3243
5	1775	1629	1774	3244
5	1631	1522	1486	3245
5	1622	1592	1478	3246
5	1622	1478	1443	3247
5	1767	1623	1591	3248
5	1769	1585	1624	3249
5	1768	1624	1623	3250
5	1989	1723	1799	3251
5	1626	1481	1480	3252
5	1625	1480	1437	3253
5	1937	1889	1744	3254
5	1725	1574	1724	3255
5	1702	1541	1701	3256
5	1629	1484	1483	3257
5	1681	1522	1631	3258
5	1921	1781	1780	3259
5	1776	1631	1630	3260
5	1778	1632	1777	3261
5	1772	1621	1766	3262
5	1631	1485	1630	3263
5	1879	1651	1733	3264
5	1732	1509	1702	3265
5	1773	1628	1627	3266
5	1635	1489	1634	3267
5	1682	1618	1615	3268
5	1765	1620	1617	3269
5	2099	1995	1957	3270
5	1637	1491	1636	3271
5	1772	1627	1621	3272
5	1637	1539	1382	3273
5	1779	1635	1634	3274
5	1781	1636	1780	3275
5	1765	1617	1762	3276
5	1777	1632	1620	3277
5	1908	1765	1762	3278
5	1639	1492	1638	3279
5	1679	1615	1517	3280
5	1640	1549	1494	3281
5	1763	1618	1682	3282
5	1700	1549	1657	3283
5	1661	1536	1642	3284
5	1642	1495	1641	3285
5	1699	1603	1677	3286
5	1787	1661	1642	3287
5	1934	1794	1933	3288
5	1644	1497	1643	3289
5	1724	1574	1563	3290
5	1645	1498	1644	3291
5	1832	1771	1770	3292
5	1726	1575	1725	3293
5	1792	1599	1674	3294
5	1796	1649	1795	3295
5	1797	1650	1796	3296
5	1650	1502	1649	3297
5	1931	1791	1790	3298
5	1650	1597	1448	3299
5	1675	1534	1554	3300
5	1711	1552	1659	3301
5	1719	1568	1564	3302
5	1796	1650	1649	3303
5	1651	1548	1507	3304
5	1733	1651	1507	3305
5	1665	1547	1363	3306
5	1652	1363	853	3307
5	1653	1570	1542	3308
5	2093	1857	1983	3309
5	1730	1581	1580	3310
5	1728	1579	1567	3311
5	1655	1546	1545	3312
5	1655	1545	1361	3313
5	1747	1600	1746	3314
5	1747	1560	1600	3315
5	1860	1700	1806	3316
5	1785	1640	1639	3317
5	1726	1671	1526	3318
5	1725	1575	1574	3319
5	1855	1701	1681	3320
5	1694	1520	1553	3321
5	1684	1401	1503	3322
5	2127	1997	1977	3323
5	1731	1561	1676	3324
5	1787	1642	1641	3325
5	1662	1508	886	3326
5	1662	886	1401	3327
5	1802	1571	1667	3328
5	1663	1576	1415	3329
5	1811	1696	1511	3330
5	1707	1529	1528	3331
5	1810	1505	1371	3332
5	1810	1371	1686	3333
5	1666	1658	1592	3334
5	1666	1592	1622	3335
5	1845	1727	1663	3336
5	1721	1567	1375	3337
5	1808	1519	1692	3338
5	1693	1530	1578	3339
5	1690	1655	1361	3340
5	1950	1687	1513	3341
5	1694	1659	1520	3342
5	1708	1566	1670	3343
5	1671	1666	1622	3344
5	1671	1622	1526	3345
5	1672	1625	1534	3346
5	1836	1788	1703	3347
5	1673	1589	1510	3348
5	1737	1673	1510	3349
5	1674	1599	1523	3350
5	1742	1674	1523	3351
5	1745	1598	1744	3352
5	1795	1649	1648	3353
5	1731	1583	1561	3354
5	1786	1641	1583	3355
5	1897	1752	1896	3356
5	1899	1754	1898	3357
5	1748	1601	1582	3358
5	1783	1638	1602	3359
5	1714	1538	1700	3360
5	1715	1679	1517	3361
5	1737	1588	1736	3362
5	1736	1587	1735	3363
5	1701	1541	1522	3364
5	1733	1584	1732	3365
5	1903	1759	1758	3366
5	1897	1753	1752	3367
5	1683	1678	1532	3368
5	1683	1532	1535	3369
5	2152	1977	1809	3370
5	1809	1544	1508	3371
5	1692	1519	1518	3372
5	1951	1854	1693	3373
5	1798	1692	1518	3374
5	1945	1848	1668	3375
5	1706	1664	1368	3376
5	2157	1867	1989	3377
5	1717	1565	1556	3378
5	1710	1556	1555	3379
5	2003	1844	1660	3380
5	1689	1503	1402	3381
5	1690	1506	1379	3382
5	1690	1379	1685	3383
5	1698	1511	1420	3384
5	1695	1367	1550	3385
5	1808	1686	1519	3386
5	1954	1685	1813	3387
5	1696	1551	1406	3388
5	1696	1406	1511	3389
5	1955	1842	1873	3390
5	2026	1651	1879	3391
5	1819	1691	1521	3392
5	1851	1691	1819	3393
5	1811	1511	1698	3394
5	1852	1528	1669	3395
5	2004	1697	1814	3396
5	1697	1550	1551	3397
5	1698	1530	1693	3398
5	1814	1697	1551	3399
5	1750	1604	1537	3400
5	1752	1605	1751	3401
5	1714	1562	1538	3402
5	1715	1562	1714	3403
5	1733	1507	1584	3404
5	1732	1584	1509	3405
5	1856	1701	1855	3406
5	1917	1774	1916	3407
5	1771	1626	1770	3408
5	1871	1671	1726	3409
5	1857	1653	1542	3410
5	1704	1542	1395	3411
5	1705	1704	1395	3412
5	1705	1395	1366	3413
5	1706	1527	1372	3414
5	1706	1372	1687	3415
5	1798	1518	1664	3416
5	1813	1685	1529	3417
5	1708	1694	1553	3418
5	1708	1553	1566	3419
5	1739	1590	1738	3420
5	1739	1514	1590	3421
5	1866	1717	1710	3422
5	2087	1799	1991	3423
5	1743	1595	1712	3424
5	1718	1524	1713	3425
5	1932	1793	1792	3426
5	1712	1595	1558	3427
5	1743	1596	1595	3428
5	1865	1719	1864	3429
5	2056	1909	1908	3430
5	1908	1762	1838	3431
5	1861	1714	1860	3432
5	2053	1906	1905	3433
5	1789	1643	1788	3434
5	1790	1645	1644	3435
5	1799	1723	1573	3436
5	1723	1417	1573	3437
5	2034	1865	2013	3438
5	1740	1593	1569	3439
5	1913	1703	1771	3440
5	1740	1569	1720	3441
5	2196	2050	2195	3442
5	1885	1720	1865	3443
5	1801	1548	1651	3444
5	2007	1855	2006	3445
5	2015	1858	2014	3446
5	1813	1529	1707	3447
5	2088	1513	2016	3448
5	1867	1826	1688	3449
5	1868	1724	1716	3450
5	1726	1526	1575	3451
5	2032	1884	1835	3452
5	2030	1882	2029	3453
5	1870	1726	1725	3454
5	1871	1828	1671	3455
5	1998	1802	1972	3456
5	1727	1577	1419	3457
5	1873	1842	1654	3458
5	1730	1580	1729	3459
5	1823	1659	1694	3460
5	1730	1654	1581	3461
5	2002	1843	2001	3462
5	2160	2001	2089	3463
5	1902	1757	1901	3464
5	1846	1677	1661	3465
5	1877	1732	1702	3466
5	2025	1878	1877	3467
5	1855	1681	1837	3468
5	1845	1663	1802	3469
5	1734	1680	1586	3470
5	1734	1586	1585	3471
5	2028	1880	1964	3472
5	1737	1510	1588	3473
5	1884	1739	1738	3474
5	1883	1835	1673	3475
5	1880	1680	1820	3476
5	1821	1767	1658	3477
5	1739	1709	1514	3478
5	1738	1590	1589	3479
5	1858	1709	1803	3480
5	1830	1565	1717	3481
5	1831	1711	1659	3482
5	1831	1659	1823	3483
5	1874	1729	1728	3484
5	1742	1594	1741	3485
5	1839	1674	1829	3486
5	1743	1713	1596	3487
5	1935	1795	1934	3488
5	1863	1713	1812	3489
5	1745	1554	1598	3490
5	1744	1598	1597	3491
5	1839	1792	1674	3492
5	1933	1793	1932	3493
5	1747	1656	1560	3494
5	1896	1751	1895	3495
5	2016	1513	1826	3496
5	1928	1827	1787	3497
5	1896	1752	1751	3498
5	1749	1601	1748	3499
5	2071	1926	1925	3500
5	1783	1602	1749	3501
5	1895	1750	1894	3502
5	1898	1754	1753	3503
5	1894	1699	1815	3504
5	1754	1608	1607	3505
5	1895	1751	1750	3506
5	1756	1610	1609	3507
5	2240	1866	2100	3508
5	1846	1661	1827	3509
5	1927	1731	1876	3510
5	1757	1610	1756	3511
5	1928	1787	1786	3512
5	1760	1613	1759	3513
5	1892	1748	1678	3514
5	1924	1783	1749	3515
5	1834	1678	1683	3516
5	1758	1611	1757	3517
5	1905	1761	1760	3518
5	1761	1614	1760	3519
5	1902	1758	1757	3520
5	1761	1535	1614	3521
5	1898	1753	1897	3522
5	1894	1750	1699	3523
5	2090	2040	1962	3524
5	1841	1806	1657	3525
5	1764	1619	1763	3526
5	1764	1616	1619	3527
5	1764	1762	1616	3528
5	1763	1619	1618	3529
5	1906	1834	1683	3530
5	2009	1860	1963	3531
5	1838	1762	1764	3532
5	1779	1634	1633	3533
5	1766	1621	1539	3534
5	1782	1637	1781	3535
5	1964	1880	1820	3536
5	1769	1624	1768	3537
5	2170	2020	2169	3538
5	1769	1734	1585	3539
5	1805	1658	1666	3540
5	1821	1658	1805	3541
5	1771	1540	1626	3542
5	1771	1703	1540	3543
5	1966	1840	1890	3544
5	1937	1797	1936	3545
5	1918	1775	1917	3546
5	1914	1766	1824	3547
5	1856	1702	1701	3548
5	1776	1630	1775	3549
5	2063	1918	2062	3550
5	2059	1915	1914	3551
5	2197	2052	2051	3552
5	1776	1681	1631	3553
5	2064	1968	1919	3554
5	1919	1777	1909	3555
5	1778	1633	1632	3556
5	1779	1633	1778	3557
5	1922	1778	1919	3558
5	1837	1681	1776	3559
5	1782	1766	1539	3560
5	1780	1635	1779	3561
5	1918	1837	1776	3562
5	1782	1539	1637	3563
5	1907	1763	1825	3564
5	2059	1914	1967	3565
5	1878	1732	1877	3566
5	1914	1772	1766	3567
5	1926	1785	1784	3568
5	1784	1638	1783	3569
5	1825	1763	1682	3570
5	1785	1657	1640	3571
5	1862	1847	1679	3572
5	1920	1780	1779	3573
5	2072	1876	1946	3574
5	1787	1641	1786	3575
5	2093	2008	1857	3576
5	2133	1983	1817	3577
5	1789	1644	1643	3578
5	1791	1533	1645	3579
5	1869	1724	1868	3580
5	1790	1644	1789	3581
5	1911	1767	1821	3582
5	1791	1716	1533	3583
5	1884	1738	1835	3584
5	1868	1716	1804	3585
5	1793	1647	1646	3586
5	1794	1648	1647	3587
5	1929	1788	1836	3588
5	1832	1672	1840	3589
5	1864	1718	1863	3590
5	1795	1648	1794	3591
5	2082	1937	1936	3592
5	1797	1597	1650	3593
5	2081	1936	1935	3594
5	1865	1720	1719	3595
5	1863	1718	1713	3596
5	1840	1672	1675	3597
5	1954	1690	1685	3598
5	1816	1655	1690	3599
5	1866	1710	1858	3600
5	1835	1738	1673	3601
5	1800	1676	1656	3602
5	2193	2047	2192	3603
5	1873	1654	1730	3604
5	2174	2027	2025	3605
5	1972	1802	1667	3606
5	2095	1969	2036	3607
5	1884	1803	1739	3608
5	2033	2014	1803	3609
5	2228	2101	2110	3610
5	1929	1789	1788	3611
5	1985	1821	1960	3612
5	2096	1944	1959	3613
5	1806	1700	1657	3614
5	1988	1957	1825	3615
5	1891	1747	1746	3616
5	2074	1827	1928	3617
5	1854	1698	1693	3618
5	1854	1811	1698	3619
5	1977	1669	1809	3620
5	1809	1669	1364	3621
5	1978	1810	1686	3622
5	2147	1810	1978	3623
5	1942	1811	1854	3624
5	1979	1696	1811	3625
5	1888	1743	1712	3626
5	1842	1670	1654	3627
5	2128	1814	1979	3628
5	1853	1695	1550	3629
5	2416	2244	2415	3630
5	1982	1547	1665	3631
5	1815	1699	1677	3632
5	1827	1661	1787	3633
5	1952	1686	1808	3634
5	1984	1503	1939	3635
5	2084	1717	1866	3636
5	1857	1542	1704	3637
5	1818	1817	1705	3638
5	1818	1705	1366	3639
5	1939	1689	1844	3640
5	1844	1559	1660	3641
5	2316	2175	2121	3642
5	1911	1768	1767	3643
5	1910	1734	1769	3644
5	2169	2019	2168	3645
5	1879	1733	1878	3646
5	1998	1845	1802	3647
5	1888	1712	1887	3648
5	1887	1711	1831	3649
5	1923	1782	1781	3650
5	1923	1781	1921	3651
5	1995	1907	1957	3652
5	2345	2207	2206	3653
5	1989	1867	1723	3654
5	1826	1513	1436	3655
5	1846	1815	1677	3656
5	1990	1815	1846	3657
5	1828	1805	1666	3658
5	1828	1666	1671	3659
5	1886	1741	1740	3660
5	1885	1740	1720	3661
5	2084	1830	1717	3662
5	1991	1722	1830	3663
5	2301	2155	2173	3664
5	2026	1801	1651	3665
5	2168	2018	2091	3666
5	1931	1790	1930	3667
5	1833	1800	1656	3668
5	1833	1656	1747	3669
5	2050	1902	2049	3670
5	1892	1678	1834	3671
5	1881	1735	1880	3672
5	1881	1736	1735	3673
5	1832	1770	1672	3674
5	1974	1965	1804	3675
5	1915	1772	1914	3676
5	1916	1774	1773	3677
5	2068	1921	2065	3678
5	1909	1777	1765	3679
5	1936	1797	1796	3680
5	2078	1932	1938	3681
5	1890	1745	1889	3682
5	1935	1796	1795	3683
5	1893	1748	1892	3684
5	1925	1784	1783	3685
5	1843	1708	1670	3686
5	1850	1823	1694	3687
5	2037	1887	1831	3688
5	1850	1708	1843	3689
5	2131	1854	1951	3690
5	1939	1503	1689	3691
5	1987	1874	1728	3692
5	1872	1577	1727	3693
5	2044	1897	1896	3694
5	2047	1900	1899	3695
5	1847	1825	1682	3696
5	1847	1682	1679	3697
5	1848	1693	1578	3698
5	1848	1578	1668	3699
5	2041	1815	1990	3700
5	2295	2148	1980	3701
5	2182	2035	2181	3702
5	2001	1842	1955	3703
5	2305	2127	2152	3704
5	1851	1660	1691	3705
5	1979	1811	1942	3706
5	1979	1814	1696	3707
5	2104	1956	1853	3708
5	2105	1851	2005	3709
5	1941	1808	1692	3710
5	1943	1655	1816	3711
5	1972	1667	1801	3712
5	1877	1702	1856	3713
5	2371	2265	2425	3714
5	2025	1877	1961	3715
5	2151	1746	1807	3716
5	2106	1971	1891	3717
5	1940	1692	1798	3718
5	2270	1989	2087	3719
5	1859	1829	1742	3720
5	1859	1742	1741	3721
5	1861	1715	1714	3722
5	1862	1679	1715	3723
5	2069	1893	2040	3724
5	1862	1715	1861	3725
5	2165	2163	2011	3726
5	2349	2123	2236	3727
5	1864	1719	1718	3728
5	1886	1740	1885	3729
5	2287	2160	2286	3730
5	1969	1829	1859	3731
5	2114	2078	1938	3732
5	1886	1859	1741	3733
5	2031	1835	1883	3734
5	2015	1866	1858	3735
5	2135	1953	2086	3736
5	1950	1849	1687	3737
5	1869	1725	1724	3738
5	1870	1725	1869	3739
5	2225	2080	2224	3740
5	2020	1871	1870	3741
5	2175	2028	2121	3742
5	1871	1726	1870	3743
5	1975	1960	1805	3744
5	2058	1993	1913	3745
5	2022	1872	1999	3746
5	1872	1721	1577	3747
5	1875	1729	1874	3748
5	2116	2012	1958	3749
5	1875	1730	1729	3750
5	1875	1873	1730	3751
5	1992	1831	1823	3752
5	2001	1843	1842	3753
5	1927	1786	1731	3754
5	1928	1786	1927	3755
5	1878	1733	1732	3756
5	1999	1872	1845	3757
5	2006	1855	1837	3758
5	2234	1987	2145	3759
5	2055	1838	1995	3760
5	1987	1728	1822	3761
5	1883	1737	1882	3762
5	1882	1736	1881	3763
5	1974	1804	1931	3764
5	1883	1673	1737	3765
5	2299	2154	2153	3766
5	2360	2223	2282	3767
5	1975	1805	1828	3768
5	1986	1910	1944	3769
5	2141	1986	2098	3770
5	2029	1882	1881	3771
5	2108	1958	1973	3772
5	2012	1864	1863	3773
5	2204	2058	2203	3774
5	2222	2077	2076	3775
5	1995	1838	1907	3776
5	1888	1812	1743	3777
5	2160	2002	2001	3778
5	2116	1958	2108	3779
5	1890	1840	1675	3780
5	1889	1745	1744	3781
5	2076	1929	2075	3782
5	1993	1836	1913	3783
5	2179	2033	2113	3784
5	2245	2151	2008	3785
5	1893	1749	1748	3786
5	1926	1784	1925	3787
5	1988	1825	1847	3788
5	1924	1749	1893	3789
5	2043	1895	2042	3790
5	2042	1894	2041	3791
5	2049	1901	2048	3792
5	1900	1756	1755	3793
5	2047	1899	2046	3794
5	2073	1927	2072	3795
5	2119	1990	2000	3796
5	1901	1757	1756	3797
5	2073	1928	1927	3798
5	1905	1760	1904	3799
5	2041	1894	1815	3800
5	2043	1896	1895	3801
5	2042	1895	1894	3802
5	1903	1758	1902	3803
5	2052	1905	1904	3804
5	1904	1759	1903	3805
5	2048	1900	2047	3806
5	2045	1897	2044	3807
5	2045	1898	1897	3808
5	1906	1761	1905	3809
5	2215	2124	2071	3810
5	1906	1683	1761	3811
5	2192	2047	2046	3812
5	2009	1861	1860	3813
5	2194	2049	2048	3814
5	2040	1892	1962	3815
5	1907	1838	1764	3816
5	1907	1764	1763	3817
5	1921	1780	1920	3818
5	1919	1778	1777	3819
5	2011	1847	1862	3820
5	2342	2201	2260	3821
5	1912	1768	1911	3822
5	2280	2015	2178	3823
5	1912	1769	1768	3824
5	1912	1910	1769	3825
5	1913	1836	1703	3826
5	1913	1771	1832	3827
5	2018	1869	1868	3828
5	1965	1868	1804	3829
5	1915	1773	1772	3830
5	1917	1775	1774	3831
5	2122	2059	1967	3832
5	1916	1773	1915	3833
5	2208	2063	2062	3834
5	1918	1776	1775	3835
5	2007	1961	1856	3836
5	2007	1856	1855	3837
5	2064	1919	1909	3838
5	2062	1917	2061	3839
5	2050	1903	1902	3840
5	1963	1860	1806	3841
5	1968	1922	1919	3842
5	2063	2006	1837	3843
5	2211	2107	2065	3844
5	1923	1824	1782	3845
5	1922	1920	1779	3846
5	1922	1779	1778	3847
5	2066	1922	1968	3848
5	2207	2061	2206	3849
5	2040	1893	1892	3850
5	1925	1783	1924	3851
5	2213	2069	2040	3852
5	1926	1841	1785	3853
5	2051	1904	1903	3854
5	2044	1896	2043	3855
5	2046	1899	1898	3856
5	2049	1902	1901	3857
5	2117	1946	1970	3858
5	2028	1881	1880	3859
5	2079	1933	2078	3860
5	1930	1789	1929	3861
5	2058	1832	2057	3862
5	1931	1804	1791	3863
5	2057	1840	1966	3864
5	2283	2115	2142	3865
5	1933	1794	1793	3866
5	1934	1795	1794	3867
5	2238	2114	2125	3868
5	1936	1796	1935	3869
5	2077	1930	2076	3870
5	2081	1935	2080	3871
5	2035	1885	2034	3872
5	1937	1744	1797	3873
5	2111	2057	1966	3874
5	2037	1831	1992	3875
5	2036	1859	1886	3876
5	1969	1947	1829	3877
5	1938	1932	1839	3878
5	2126	1969	2095	3879
5	2146	1852	1997	3880
5	2152	1662	1684	3881
5	1943	1546	1655	3882
5	2239	2085	2129	3883
5	2245	2008	2093	3884
5	2128	2004	1814	3885
5	1956	1819	1695	3886
5	2104	2005	1956	3887
5	2129	1546	1943	3888
5	1991	1799	1722	3889
5	1985	1959	1911	3890
5	2224	2079	2223	3891
5	2131	1942	1854	3892
5	2132	1848	1945	3893
5	1946	1876	1800	3894
5	1983	1857	1704	3895
5	1947	1938	1839	3896
5	1947	1839	1829	3897
5	2241	2093	1983	3898
5	1983	1704	1817	3899
5	1949	1948	1818	3900
5	1949	1818	1546	3901
5	2086	1849	1950	3902
5	1953	1706	1849	3903
5	2293	2097	1940	3904
5	2134	1808	1941	3905
5	2149	1978	1952	3906
5	1978	1686	1952	3907
5	2135	1940	1798	3908
5	1953	1798	1664	3909
5	2550	2304	2380	3910
5	1954	1816	1690	3911
5	2024	1875	2023	3912
5	2024	1873	1875	3913
5	2103	1844	2003	3914
5	2097	1941	1940	3915
5	1957	1907	1825	3916
5	2243	2138	2163	3917
5	1958	1863	1812	3918
5	2038	1888	1887	3919
5	1959	1944	1912	3920
5	1959	1912	1911	3921
5	1985	1911	1821	3922
5	1960	1821	1805	3923
5	1961	1877	1856	3924
5	2144	2026	1879	3925
5	1962	1892	1834	3926
5	2054	1962	1834	3927
5	2199	2053	2198	3928
5	2070	1925	1924	3929
5	2177	2030	2176	3930
5	2112	2032	2031	3931
5	2021	1975	1828	3932
5	2018	1868	1965	3933
5	2220	1993	2204	3934
5	2083	1937	2082	3935
5	1967	1914	1824	3936
5	2208	2062	2207	3937
5	2065	1921	1920	3938
5	2067	1824	1923	3939
5	2013	1864	2012	3940
5	2035	1886	1885	3941
5	1970	1946	1800	3942
5	1970	1800	1833	3943
5	1971	1970	1833	3944
5	1971	1833	1891	3945
5	2144	1879	2027	3946
5	2145	1987	1822	3947
5	1973	1958	1812	3948
5	1973	1812	1888	3949
5	2075	1836	1993	3950
5	2076	1930	1929	3951
5	2019	1869	2018	3952
5	2019	1870	1869	3953
5	1976	1963	1806	3954
5	1976	1806	1841	3955
5	1997	1669	1977	3956
5	2244	2127	2229	3957
5	1982	1945	1547	3958
5	2150	1945	1982	3959
5	2005	1851	1819	3960
5	2004	1853	1697	3961
5	2148	2136	1954	3962
5	1980	1813	1707	3963
5	1981	1980	1707	3964
5	1981	1707	1852	3965
5	2296	2289	2149	3966
5	2134	1952	1808	3967
5	2379	2167	2233	3968
5	2008	1653	1857	3969
5	2152	1684	1984	3970
5	1984	1684	1503	3971
5	2220	2075	1993	3972
5	2221	2076	2075	3973
5	1986	1964	1820	3974
5	1986	1820	1910	3975
5	2185	2108	1973	3976
5	2375	2370	2262	3977
5	2010	1861	2009	3978
5	2010	1862	1861	3979
5	2217	2072	1946	3980
5	2157	2017	1867	3981
5	2074	1928	2073	3982
5	2217	1946	2117	3983
5	2113	2032	2112	3984
5	2008	1807	1653	3985
5	2038	1973	1888	3986
5	2038	1887	2037	3987
5	2075	1929	1836	3988
5	2077	1931	1930	3989
5	1994	1976	1841	3990
5	1994	1841	1926	3991
5	2055	1908	1838	3992
5	2064	1909	2056	3993
5	1996	1992	1823	3994
5	1996	1823	1850	3995
5	2103	1939	1844	3996
5	2003	1660	1851	3997
5	2022	1822	1721	3998
5	1999	1845	1998	3999
5	2172	1999	2159	4000
5	2022	1721	1872	4001
5	2000	1990	1846	4002
5	2000	1846	1827	4003
5	2002	1850	1843	4004
5	2002	1996	1850	4005
5	2320	2166	2310	4006
5	2161	2102	1996	4007
5	2128	1979	1942	4008
5	2005	1819	1956	4009
5	2369	1941	2097	4010
5	2147	1652	1810	4011
5	2105	2003	1851	4012
5	2684	2517	2518	4013
5	2060	1915	2059	4014
5	2061	1917	1916	4015
5	2212	2068	2107	4016
5	2422	2260	2276	4017
5	2249	2087	1991	4018
5	2084	1991	1830	4019
5	2202	2055	2201	4020
5	2011	1862	2010	4021
5	2213	2040	2090	4022
5	2011	1988	1847	4023
5	2092	2009	1963	4024
5	2371	2308	2250	4025
5	2013	1865	1864	4026
5	2034	1885	1865	4027
5	2185	1973	2038	4028
5	2036	1886	2035	4029
5	2100	1866	2015	4030
5	2014	1858	1803	4031
5	2033	1884	2032	4032
5	2240	2084	1866	4033
5	2136	1816	1954	4034
5	2135	1798	1953	4035
5	2017	2016	1826	4036
5	2017	1826	1867	4037
5	2021	1871	2020	4038
5	2020	1870	2019	4039
5	2154	1959	1985	4040
5	2021	1828	1871	4041
5	2098	1944	2096	4042
5	2121	2028	1964	4043
5	2450	2311	2372	4044
5	2203	2057	2111	4045
5	2109	1801	2026	4046
5	2109	1972	1801	4047
5	2027	1878	2025	4048
5	2024	1955	1873	4049
5	2102	1992	1996	4050
5	2324	2184	2183	4051
5	2314	2246	2172	4052
5	2253	1972	2109	4053
5	2159	1999	1998	4054
5	2027	1879	1878	4055
5	2166	2012	2116	4056
5	2183	2037	1992	4057
5	2031	1883	2030	4058
5	2030	1883	1882	4059
5	2153	1960	2130	4060
5	2171	1975	2021	4061
5	2168	2019	2018	4062
5	2032	1835	2031	4063
5	2098	1986	1944	4064
5	2255	2113	2254	4065
5	2033	1803	1884	4066
5	2268	2141	2098	4067
5	2176	2029	2175	4068
5	2176	2030	2029	4069
5	2373	2256	2283	4070
5	2363	2226	2362	4071
5	2273	2228	2110	4072
5	2036	1969	1859	4073
5	2362	2225	2361	4074
5	2223	2078	2114	4075
5	2156	2023	1874	4076
5	2205	2060	2059	4077
5	2374	2263	2350	4078
5	2856	2731	2765	4079
5	2039	1966	1890	4080
5	2039	1890	1889	4081
5	2069	1924	1893	4082
5	2071	1925	2070	4083
5	2188	2042	2187	4084
5	2189	2043	2188	4085
5	2186	1990	2119	4086
5	2046	1898	2045	4087
5	2190	2045	2044	4088
5	2336	2195	2194	4089
5	2218	2072	2217	4090
5	2048	1901	1900	4091
5	2186	2041	1990	4092
5	2195	2049	2194	4093
5	2187	2041	2186	4094
5	2053	1905	2052	4095
5	2187	2042	2041	4096
5	2188	2043	2042	4097
5	2190	2044	2189	4098
5	2051	1903	2050	4099
5	2199	2054	2053	4100
5	2052	1904	2051	4101
5	2198	2052	2197	4102
5	2192	2046	2191	4103
5	2189	2044	2043	4104
5	2054	1906	2053	4105
5	2196	2051	2050	4106
5	2054	1834	1906	4107
5	2140	2092	1963	4108
5	2352	2213	2351	4109
5	2164	2009	2092	4110
5	2164	2010	2009	4111
5	2210	2064	2056	4112
5	2056	1908	2055	4113
5	2236	2123	2200	4114
5	2165	2010	2164	4115
5	2058	1913	1832	4116
5	2057	1832	1840	4117
5	2115	1966	2039	4118
5	2223	2079	2078	4119
5	2060	1916	1915	4120
5	2063	1837	1918	4121
5	2062	1918	1917	4122
5	2061	1916	2060	4123
5	2303	2094	2262	4124
5	2346	2207	2345	4125
5	2285	2143	2261	4126
5	2139	1961	2007	4127
5	2139	2094	1961	4128
5	2205	2059	2122	4129
5	2201	1995	2099	4130
5	2206	2060	2205	4131
5	2285	2122	2143	4132
5	2067	1967	1824	4133
5	2066	2065	1920	4134
5	2066	1920	1922	4135
5	2107	2068	2065	4136
5	2201	2055	1995	4137
5	2068	2067	1923	4138
5	2068	1923	1921	4139
5	2090	2054	2199	4140
5	2070	1924	2069	4141
5	2419	2144	2315	4142
5	2071	1994	1926	4143
5	2448	2308	2371	4144
5	2475	2336	2474	4145
5	2191	2045	2190	4146
5	2074	2000	1827	4147
5	2219	2073	2218	4148
5	2266	1971	2106	4149
5	2331	2189	2330	4150
5	2194	2048	2193	4151
5	2299	2153	2298	4152
5	2627	2494	2502	4153
5	2171	2130	1975	4154
5	2077	1974	1931	4155
5	2377	2274	2300	4156
5	2298	2153	2130	4157
5	2079	1934	1933	4158
5	2080	1935	1934	4159
5	2180	2034	2013	4160
5	2083	1889	1937	4161
5	2183	1992	2102	4162
5	2166	2013	2012	4163
5	2115	2111	1966	4164
5	2082	1936	2081	4165
5	2227	2142	2083	4166
5	2083	2039	1889	4167
5	2343	2203	2111	4168
5	2226	2081	2225	4169
5	2085	1948	1949	4170
5	2086	1953	1849	4171
5	2270	2157	1989	4172
5	2087	1989	1799	4173
5	2167	2088	2016	4174
5	2369	2134	1941	4175
5	2151	1807	2008	4176
5	2133	1817	1948	4177
5	2386	2135	2086	4178
5	2088	1950	1513	4179
5	2089	2001	1955	4180
5	2155	2089	1955	4181
5	2330	2188	2329	4182
5	2337	2196	2195	4183
5	2091	2018	1965	4184
5	2237	2130	2171	4185
5	2140	1976	2120	4186
5	2215	2071	2070	4187
5	2271	2086	1950	4188
5	2429	2271	2304	4189
5	2094	2025	1961	4190
5	2478	2272	2339	4191
5	2182	2036	2035	4192
5	2181	2035	2034	4193
5	2154	2096	1959	4194
5	2130	1960	1975	4195
5	2167	2016	2017	4196
5	2148	1813	1980	4197
5	2275	2141	2268	4198
5	2496	2361	2360	4199
5	2696	2564	2520	4200
5	2341	2200	2210	4201
5	2178	2015	2014	4202
5	2555	2432	2280	4203
5	2101	2091	1965	4204
5	2101	1965	1974	4205
5	2161	2002	2160	4206
5	2324	2183	2251	4207
5	2388	2148	2295	4208
5	2278	2003	2105	4209
5	2384	2105	2277	4210
5	2104	1853	2004	4211
5	2152	1809	1662	4212
5	2158	1939	2103	4213
5	2113	2033	2032	4214
5	2279	2119	2216	4215
5	2211	2066	2123	4216
5	2202	2056	2055	4217
5	2184	2037	2183	4218
5	2306	2102	2161	4219
5	2314	2159	2253	4220
5	2145	1822	2022	4221
5	2110	2101	1974	4222
5	2110	1974	2077	4223
5	2203	2058	2057	4224
5	2204	1993	2058	4225
5	2280	2100	2015	4226
5	2318	2254	2112	4227
5	2255	2179	2113	4228
5	2266	2118	1971	4229
5	2226	2082	2081	4230
5	2282	2114	2238	4231
5	2273	2110	2222	4232
5	2256	2111	2115	4233
5	2180	2013	2166	4234
5	2181	2034	2180	4235
5	2317	2175	2316	4236
5	2457	2319	2385	4237
5	2118	2117	1970	4238
5	2118	1970	1971	4239
5	2219	2074	2073	4240
5	2334	2193	2192	4241
5	2140	1963	1976	4242
5	2120	1976	1994	4243
5	2175	2029	2028	4244
5	2177	2031	2030	4245
5	2462	2324	2398	4246
5	2345	2205	2230	4247
5	2211	2065	2066	4248
5	2123	2066	1968	4249
5	2124	2120	1994	4250
5	2124	1994	2071	4251
5	2125	2114	1938	4252
5	2125	1938	1947	4253
5	2126	2125	1947	4254
5	2126	1947	1969	4255
5	2303	2174	2094	4256
5	2383	2277	2104	4257
5	2296	2149	2290	4258
5	2277	2005	2104	4259
5	2129	2085	1949	4260
5	2129	1949	1546	4261
5	2153	1985	1960	4262
5	2154	1985	2153	4263
5	2289	2147	2149	4264
5	2290	2149	1952	4265
5	2291	2131	1951	4266
5	2132	1951	1848	4267
5	2292	2133	1948	4268
5	2249	1991	2084	4269
5	2150	2132	1945	4270
5	2149	2147	1978	4271
5	2386	2086	2378	4272
5	2417	2383	2247	4273
5	2518	2388	2295	4274
5	2504	2408	2409	4275
5	2148	1954	1813	4276
5	2137	1980	1981	4277
5	2138	2099	1957	4278
5	2138	1957	1988	4279
5	2209	2006	2063	4280
5	2207	2062	2061	4281
5	2338	2197	2196	4282
5	2340	2199	2272	4283
5	2141	2121	1964	4284
5	2141	1964	1986	4285
5	2142	2115	2039	4286
5	2142	2039	2083	4287
5	2143	2122	1967	4288
5	2143	1967	2067	4289
5	2174	2025	2094	4290
5	2155	1955	2024	4291
5	2156	1874	1987	4292
5	2172	2022	1999	4293
5	2416	2137	1981	4294
5	2146	1981	1852	4295
5	2147	1982	1665	4296
5	2147	1665	1652	4297
5	2295	1980	2137	4298
5	2652	2544	2387	4299
5	2417	2248	2391	4300
5	2247	2104	2004	4301
5	2391	2248	2128	4302
5	2291	1951	2132	4303
5	2297	1891	2151	4304
5	2151	1891	1746	4305
5	2158	1984	1939	4306
5	2152	2127	1977	4307
5	2267	2101	2228	4308
5	2317	2176	2175	4309
5	2298	2130	2237	4310
5	2311	2169	2168	4311
5	2368	2258	2156	4312
5	2262	2094	2139	4313
5	2345	2206	2205	4314
5	2234	2156	1987	4315
5	2242	1943	2136	4316
5	2271	1950	2088	4317
5	2305	1984	2158	4318
5	2305	2152	1984	4319
5	2172	2145	2022	4320
5	2723	2453	2540	4321
5	2161	1996	2002	4322
5	2320	2180	2166	4323
5	2277	2105	2005	4324
5	2288	2128	1942	4325
5	2162	2139	2007	4326
5	2162	2007	2006	4327
5	2163	2138	1988	4328
5	2163	1988	2011	4329
5	2165	2011	2010	4330
5	2422	2276	2394	4331
5	2335	2193	2334	4332
5	2307	2163	2165	4333
5	2310	2116	2309	4334
5	2449	2322	2320	4335
5	2438	2241	2133	4336
5	2292	1948	2085	4337
5	2169	2020	2019	4338
5	2170	2021	2020	4339
5	2644	2585	2511	4340
5	2316	2121	2275	4341
5	2358	2221	2220	4342
5	2171	2021	2170	4343
5	2358	2220	2357	4344
5	2360	2224	2223	4345
5	2314	2172	2159	4346
5	2252	2026	2144	4347
5	2173	2155	2024	4348
5	2173	2024	2023	4349
5	2258	2023	2156	4350
5	2433	2261	2423	4351
5	2411	2228	2273	4352
5	2443	2298	2396	4353
5	2318	2112	2177	4354
5	2275	2121	2141	4355
5	2319	2176	2317	4356
5	2177	2112	2031	4357
5	2284	2179	2255	4358
5	2505	2266	2397	4359
5	2179	2178	2014	4360
5	2179	2014	2033	4361
5	2326	2108	2185	4362
5	2364	2283	2142	4363
5	2418	2398	2251	4364
5	2182	2095	2036	4365
5	2322	2180	2320	4366
5	2325	2184	2324	4367
5	2184	2038	2037	4368
5	2185	2038	2184	4369
5	2462	2325	2324	4370
5	2309	2116	2108	4371
5	2326	2309	2108	4372
5	2446	2286	2435	4373
5	2330	2189	2188	4374
5	2329	2187	2328	4375
5	2475	2337	2336	4376
5	2193	2048	2047	4377
5	2430	2275	2268	4378
5	2441	2397	2106	4379
5	2327	2186	2119	4380
5	2191	2046	2045	4381
5	2336	2194	2335	4382
5	2334	2192	2333	4383
5	2328	2187	2186	4384
5	2329	2188	2187	4385
5	2331	2190	2189	4386
5	2197	2051	2196	4387
5	2351	2090	2340	4388
5	2195	2050	2049	4389
5	2272	2199	2198	4390
5	2339	2198	2197	4391
5	2339	2197	2338	4392
5	2198	2053	2052	4393
5	2337	2195	2336	4394
5	2332	2191	2190	4395
5	2352	2214	2213	4396
5	2090	1962	2054	4397
5	2404	2259	2376	4398
5	2214	2070	2069	4399
5	2484	2403	2341	4400
5	2250	2164	2092	4401
5	2200	2123	1968	4402
5	2200	1968	2064	4403
5	2260	2201	2099	4404
5	2210	2056	2202	4405
5	2341	2236	2200	4406
5	2210	2200	2064	4407
5	2498	2363	2362	4408
5	2221	2075	2220	4409
5	2480	2344	2343	4410
5	2222	2110	2077	4411
5	2206	2061	2060	4412
5	2209	2063	2208	4413
5	2424	2173	2258	4414
5	2287	2161	2160	4415
5	2615	2481	2506	4416
5	2209	2162	2006	4417
5	2231	2139	2162	4418
5	2485	2350	2349	4419
5	2483	2348	2342	4420
5	2350	2211	2349	4421
5	2448	2307	2308	4422
5	2276	2138	2243	4423
5	2342	2202	2201	4424
5	2556	2402	2482	4425
5	2212	2143	2067	4426
5	2212	2067	2068	4427
5	2259	2120	2124	4428
5	2214	2069	2213	4429
5	2352	2264	2215	4430
5	2215	2070	2214	4431
5	2508	2376	2488	4432
5	2332	2190	2331	4433
5	2216	2119	2000	4434
5	2216	2000	2074	4435
5	2218	2073	2072	4436
5	2327	2119	2279	4437
5	2766	2644	2694	4438
5	2355	2216	2219	4439
5	2328	2186	2327	4440
5	2219	2216	2074	4441
5	2497	2362	2361	4442
5	2421	2255	2254	4443
5	2311	2168	2235	4444
5	2222	2076	2221	4445
5	2235	2168	2091	4446
5	2412	2235	2267	4447
5	2224	2080	2079	4448
5	2225	2081	2080	4449
5	2357	2204	2344	4450
5	2227	2083	2082	4451
5	2633	2500	2499	4452
5	2322	2181	2180	4453
5	2460	2323	2322	4454
5	2227	2082	2226	4455
5	2458	2310	2309	4456
5	2282	2223	2114	4457
5	2359	2222	2221	4458
5	2555	2178	2284	4459
5	2244	1997	2127	4460
5	2244	2146	1997	4461
5	2230	2205	2122	4462
5	2285	2230	2122	4463
5	2347	2209	2208	4464
5	2401	2375	2231	4465
5	2232	2231	2162	4466
5	2232	2162	2209	4467
5	2233	2167	2017	4468
5	2233	2017	2157	4469
5	2252	2109	2026	4470
5	2258	2173	2023	4471
5	2585	2450	2511	4472
5	2451	2312	2450	4473
5	2261	2143	2212	4474
5	2400	2345	2230	4475
5	2312	2169	2311	4476
5	2312	2170	2169	4477
5	2321	2269	2095	4478
5	2461	2321	2323	4479
5	2293	1940	2135	4480
5	2241	1983	2133	4481
5	2249	2084	2240	4482
5	2567	2428	2270	4483
5	2678	2389	2503	4484
5	2297	2106	1891	4485
5	2242	2239	2129	4486
5	2242	2129	1943	4487
5	2485	2349	2382	4488
5	2265	2092	2140	4489
5	2431	2229	2158	4490
5	2416	2146	2244	4491
5	2365	2292	2085	4492
5	2544	2097	2387	4493
5	2246	2234	2145	4494
5	2246	2145	2172	4495
5	2288	1942	2131	4496
5	2416	1981	2146	4497
5	2248	2247	2004	4498
5	2248	2004	2128	4499
5	2378	2086	2271	4500
5	2353	2117	2281	4501
5	2307	2243	2163	4502
5	2308	2164	2250	4503
5	2251	2183	2102	4504
5	2598	2462	2512	4505
5	2419	2252	2144	4506
5	2262	2139	2231	4507
5	2355	2279	2216	4508
5	2420	2279	2355	4509
5	2354	2217	2353	4510
5	2254	2113	2112	4511
5	2675	2510	2405	4512
5	2284	2178	2179	4513
5	2359	2273	2222	4514
5	2343	2111	2256	4515
5	2257	2238	2125	4516
5	2257	2125	2126	4517
5	2315	2144	2027	4518
5	2315	2027	2174	4519
5	2294	2120	2259	4520
5	2265	2250	2092	4521
5	2487	2352	2351	4522
5	2488	2264	2352	4523
5	2423	2261	2263	4524
5	2350	2107	2211	4525
5	2573	2433	2572	4526
5	2286	2160	2089	4527
5	2263	2261	2212	4528
5	2263	2212	2107	4529
5	2264	2259	2124	4530
5	2264	2124	2215	4531
5	2514	2394	2414	4532
5	2381	2342	2260	4533
5	2486	2351	2340	4534
5	2281	2117	2118	4535
5	2267	2235	2091	4536
5	2267	2091	2101	4537
5	2555	2284	2510	4538
5	2427	2268	2274	4539
5	2269	2257	2126	4540
5	2269	2126	2095	4541
5	2501	2438	2292	4542
5	2516	2233	2428	4543
5	2432	2366	2100	4544
5	2429	2378	2271	4545
5	2340	2090	2199	4546
5	2351	2213	2090	4547
5	2344	2203	2343	4548
5	2399	2343	2256	4549
5	2274	2268	2098	4550
5	2274	2098	2096	4551
5	2455	2275	2430	4552
5	2444	2300	2299	4553
5	2276	2260	2099	4554
5	2276	2099	2138	4555
5	2384	2278	2105	4556
5	2278	2103	2003	4557
5	2431	2158	2103	4558
5	2431	2103	2278	4559
5	2253	2159	1998	4560
5	2253	1998	1972	4561
5	2505	2118	2266	4562
5	2366	2240	2100	4563
5	2353	2217	2117	4564
5	2354	2218	2217	4565
5	2363	2227	2226	4566
5	2283	2256	2115	4567
5	2361	2224	2360	4568
5	2763	2632	2762	4569
5	2441	2106	2297	4570
5	2397	2266	2106	4571
5	2481	2345	2400	4572
5	2401	2231	2232	4573
5	2526	2445	2301	4574
5	2434	2230	2285	4575
5	2306	2251	2102	4576
5	2306	2161	2287	4577
5	2503	2389	2439	4578
5	2290	1952	2134	4579
5	2289	2150	1982	4580
5	2289	1982	2147	4581
5	2383	2104	2247	4582
5	2390	2131	2291	4583
5	2390	2288	2131	4584
5	2518	2295	2440	4585
5	2428	2233	2157	4586
5	2791	2567	2651	4587
5	2380	2304	2167	4588
5	2388	2136	2148	4589
5	2294	2265	2140	4590
5	2294	2140	2120	4591
5	2519	2293	2386	4592
5	2365	2085	2239	4593
5	2436	2132	2150	4594
5	2296	2150	2289	4595
5	2297	2151	2245	4596
5	2432	2100	2280	4597
5	2300	2096	2154	4598
5	2300	2154	2299	4599
5	2395	2267	2228	4600
5	2300	2274	2096	4601
5	2412	2267	2395	4602
5	2638	2504	2509	4603
5	2375	2262	2231	4604
5	2302	2155	2301	4605
5	2302	2286	2089	4606
5	2302	2089	2155	4607
5	2368	2156	2234	4608
5	2452	2253	2109	4609
5	2304	2271	2088	4610
5	2304	2088	2167	4611
5	2305	2158	2229	4612
5	2305	2229	2127	4613
5	2435	2286	2302	4614
5	2619	2485	2618	4615
5	2483	2342	2381	4616
5	2572	2433	2423	4617
5	2308	2307	2165	4618
5	2308	2165	2164	4619
5	2310	2166	2116	4620
5	2321	2095	2182	4621
5	2459	2310	2458	4622
5	2632	2499	2498	4623
5	2313	2171	2170	4624
5	2313	2170	2312	4625
5	2570	2430	2427	4626
5	2313	2237	2171	4627
5	2427	2274	2377	4628
5	2444	2377	2300	4629
5	2452	2393	2314	4630
5	2452	2109	2252	4631
5	2588	2315	2453	4632
5	2767	2642	2588	4633
5	2489	2353	2281	4634
5	2454	2254	2318	4635
5	2451	2407	2313	4636
5	2780	2644	2766	4637
5	2491	2355	2356	4638
5	2405	2284	2255	4639
5	2319	2318	2177	4640
5	2319	2177	2176	4641
5	2464	2309	2326	4642
5	2630	2497	2496	4643
5	2323	2181	2322	4644
5	2406	2360	2282	4645
5	2323	2182	2181	4646
5	2323	2321	2182	4647
5	2460	2322	2449	4648
5	2499	2363	2498	4649
5	2325	2185	2184	4650
5	2326	2185	2325	4651
5	2463	2325	2462	4652
5	2761	2630	2760	4653
5	2599	2463	2598	4654
5	2689	2522	2543	4655
5	2466	2327	2465	4656
5	2465	2279	2420	4657
5	2490	2353	2489	4658
5	2333	2191	2332	4659
5	2465	2327	2279	4660
5	2479	2340	2272	4661
5	2467	2328	2466	4662
5	2466	2328	2327	4663
5	2487	2351	2486	4664
5	2333	2192	2191	4665
5	2477	2339	2338	4666
5	2467	2329	2328	4667
5	2471	2332	2470	4668
5	2335	2194	2193	4669
5	2468	2330	2329	4670
5	2473	2334	2472	4671
5	2469	2330	2468	4672
5	2338	2196	2337	4673
5	2469	2331	2330	4674
5	2470	2332	2331	4675
5	2472	2333	2471	4676
5	2339	2272	2198	4677
5	2471	2333	2332	4678
5	2478	2339	2477	4679
5	2472	2334	2333	4680
5	2473	2335	2334	4681
5	2479	2272	2478	4682
5	2352	2215	2214	4683
5	2348	2202	2342	4684
5	2484	2348	2483	4685
5	2348	2210	2202	4686
5	2348	2341	2210	4687
5	2344	2204	2203	4688
5	2357	2220	2204	4689
5	2412	2372	2235	4690
5	2359	2221	2358	4691
5	2346	2208	2207	4692
5	2347	2232	2209	4693
5	2370	2303	2262	4694
5	2347	2208	2346	4695
5	2418	2251	2306	4696
5	2711	2572	2528	4697
5	2425	2265	2294	4698
5	2620	2479	2614	4699
5	2350	2263	2107	4700
5	2349	2211	2123	4701
5	2528	2423	2374	4702
5	2423	2263	2374	4703
5	2474	2336	2335	4704
5	2371	2250	2265	4705
5	2376	2259	2264	4706
5	2477	2338	2476	4707
5	2430	2268	2427	4708
5	2356	2218	2354	4709
5	2586	2524	2407	4710
5	2566	2457	2529	4711
5	2470	2331	2469	4712
5	2468	2329	2467	4713
5	2356	2355	2219	4714
5	2356	2219	2218	4715
5	2821	2722	2780	4716
5	2761	2631	2630	4717
5	2726	2589	2724	4718
5	2463	2326	2325	4719
5	2496	2360	2406	4720
5	2632	2498	2631	4721
5	2361	2225	2224	4722
5	2362	2226	2225	4723
5	2630	2496	2629	4724
5	2364	2142	2227	4725
5	3011	2931	2887	4726
5	2912	2884	2769	4727
5	2494	2357	2492	4728
5	2364	2227	2363	4729
5	2411	2395	2228	4730
5	2399	2256	2373	4731
5	2674	2505	2397	4732
5	2428	2157	2270	4733
5	2367	2240	2366	4734
5	2367	2249	2240	4735
5	2537	2241	2438	4736
5	2695	2537	2637	4737
5	2523	2258	2368	4738
5	2523	2424	2258	4739
5	2437	2296	2290	4740
5	2369	2290	2134	4741
5	2733	2598	2647	4742
5	2540	2303	2370	4743
5	2448	2414	2307	4744
5	2546	2381	2521	4745
5	2372	2311	2235	4746
5	2524	2396	2407	4747
5	2500	2373	2283	4748
5	2499	2364	2363	4749
5	2485	2374	2350	4750
5	2572	2423	2528	4751
5	2482	2346	2481	4752
5	2520	2375	2401	4753
5	2404	2294	2259	4754
5	2425	2294	2404	4755
5	2570	2427	2522	4756
5	2396	2298	2237	4757
5	2552	2369	2544	4758
5	2801	2501	2648	4759
5	2438	2133	2292	4760
5	2380	2167	2379	4761
5	2516	2379	2233	4762
5	2391	2128	2288	4763
5	2382	2349	2236	4764
5	2698	2616	2690	4765
5	2563	2394	2514	4766
5	2565	2371	2425	4767
5	2417	2247	2248	4768
5	2548	2415	2229	4769
5	2549	2277	2383	4770
5	2415	2244	2229	4771
5	2385	2319	2317	4772
5	2455	2316	2275	4773
5	2387	2097	2293	4774
5	2386	2293	2135	4775
5	2569	2545	2378	4776
5	2389	2239	2242	4777
5	2648	2365	2551	4778
5	2555	2280	2178	4779
5	2548	2229	2431	4780
5	2439	2136	2388	4781
5	2552	2437	2369	4782
5	2576	2296	2437	4783
5	2553	2288	2390	4784
5	2437	2290	2369	4785
5	2392	2368	2234	4786
5	2392	2234	2246	4787
5	2393	2392	2246	4788
5	2393	2246	2314	4789
5	2422	2381	2260	4790
5	2394	2276	2243	4791
5	2840	2707	2692	4792
5	2760	2629	2759	4793
5	2443	2299	2298	4794
5	2444	2299	2443	4795
5	2534	2367	2366	4796
5	2426	2356	2354	4797
5	2398	2324	2251	4798
5	2573	2507	2434	4799
5	2493	2411	2273	4800
5	2480	2343	2399	4801
5	2526	2301	2424	4802
5	2424	2301	2173	4803
5	2513	2435	2445	4804
5	2482	2347	2346	4805
5	2402	2401	2232	4806
5	2402	2232	2347	4807
5	2403	2382	2236	4808
5	2403	2236	2341	4809
5	2673	2528	2619	4810
5	2584	2371	2565	4811
5	2557	2420	2491	4812
5	2716	2534	2535	4813
5	2498	2362	2497	4814
5	2497	2361	2496	4815
5	2407	2396	2237	4816
5	2407	2237	2313	4817
5	2408	2406	2282	4818
5	2408	2282	2238	4819
5	2409	2408	2238	4820
5	2409	2238	2257	4821
5	2410	2409	2257	4822
5	2410	2257	2269	4823
5	2492	2344	2480	4824
5	2494	2358	2357	4825
5	2530	2502	2492	4826
5	2530	2480	2399	4827
5	2413	2410	2269	4828
5	2413	2269	2321	4829
5	2414	2394	2243	4830
5	2414	2243	2307	4831
5	2544	2369	2097	4832
5	2440	2295	2137	4833
5	2685	2440	2653	4834
5	2653	2440	2560	4835
5	2667	2515	2505	4836
5	2660	2571	2384	4837
5	2447	2418	2306	4838
5	2447	2287	2446	4839
5	2689	2682	2522	4840
5	2452	2314	2253	4841
5	2491	2420	2355	4842
5	2491	2356	2426	4843
5	2590	2456	2455	4844
5	2421	2405	2255	4845
5	2690	2616	2617	4846
5	2892	2781	2782	4847
5	2433	2285	2261	4848
5	2434	2285	2433	4849
5	2453	2174	2303	4850
5	2618	2485	2382	4851
5	2521	2381	2422	4852
5	2975	2841	2893	4853
5	2693	2566	2529	4854
5	2625	2558	2421	4855
5	2456	2385	2317	4856
5	2668	2645	2554	4857
5	2567	2270	2087	4858
5	2658	2367	2534	4859
5	2661	2429	2550	4860
5	2519	2387	2293	4861
5	2591	2385	2456	4862
5	2626	2491	2426	4863
5	2660	2548	2571	4864
5	2701	2561	2415	4865
5	2510	2284	2405	4866
5	2771	2550	2659	4867
5	2720	2520	2583	4868
5	2434	2400	2230	4869
5	2730	2525	2596	4870
5	2712	2572	2711	4871
5	2698	2547	2616	4872
5	2446	2287	2286	4873
5	2575	2291	2436	4874
5	2436	2150	2296	4875
5	2839	2666	2553	4876
5	2436	2291	2132	4877
5	2501	2292	2365	4878
5	3006	2834	2756	4879
5	2439	2389	2242	4880
5	2439	2242	2136	4881
5	2654	2552	2544	4882
5	2773	2552	2654	4883
5	3145	3066	3083	4884
5	2623	2426	2490	4885
5	2442	2441	2297	4886
5	2442	2297	2245	4887
5	2628	2493	2495	4888
5	2724	2570	2682	4889
5	2532	2395	2411	4890
5	2603	2467	2602	4891
5	2445	2435	2302	4892
5	2445	2302	2301	4893
5	2447	2306	2287	4894
5	2525	2410	2413	4895
5	2546	2483	2381	4896
5	2596	2461	2595	4897
5	2614	2479	2478	4898
5	2610	2474	2609	4899
5	2461	2413	2321	4900
5	2461	2323	2460	4901
5	2451	2313	2312	4902
5	2450	2312	2311	4903
5	2722	2585	2644	4904
5	2586	2451	2585	4905
5	2587	2252	2419	4906
5	2587	2452	2252	4907
5	2588	2419	2315	4908
5	2453	2315	2174	4909
5	2490	2354	2353	4910
5	2454	2421	2254	4911
5	2456	2316	2455	4912
5	2456	2317	2316	4913
5	2579	2396	2524	4914
5	2762	2632	2631	4915
5	2457	2454	2318	4916
5	2457	2318	2319	4917
5	2459	2320	2310	4918
5	2459	2449	2320	4919
5	2574	2446	2435	4920
5	2649	2502	2530	4921
5	2596	2525	2413	4922
5	2598	2463	2462	4923
5	2595	2461	2460	4924
5	2525	2509	2410	4925
5	2845	2822	2665	4926
5	2464	2326	2463	4927
5	2592	2459	2458	4928
5	2464	2458	2309	4929
5	2594	2460	2449	4930
5	2729	2594	2593	4931
5	2611	2476	2475	4932
5	2602	2466	2601	4933
5	2604	2468	2603	4934
5	2600	2465	2420	4935
5	2612	2477	2476	4936
5	2558	2405	2421	4937
5	2601	2466	2465	4938
5	2474	2335	2473	4939
5	2608	2472	2607	4940
5	2605	2469	2604	4941
5	2602	2467	2466	4942
5	2612	2476	2611	4943
5	2603	2468	2467	4944
5	2476	2338	2337	4945
5	2609	2473	2608	4946
5	2614	2478	2613	4947
5	2604	2469	2468	4948
5	2605	2470	2469	4949
5	2607	2471	2606	4950
5	2476	2337	2475	4951
5	2606	2470	2605	4952
5	2606	2471	2470	4953
5	2613	2477	2612	4954
5	2488	2352	2487	4955
5	2607	2472	2471	4956
5	2608	2473	2472	4957
5	2621	2486	2620	4958
5	2486	2340	2479	4959
5	2609	2474	2473	4960
5	2610	2475	2474	4961
5	2492	2357	2344	4962
5	2493	2273	2359	4963
5	2482	2402	2347	4964
5	2481	2346	2345	4965
5	2583	2520	2401	4966
5	2581	2418	2447	4967
5	2484	2341	2348	4968
5	2943	2831	2798	4969
5	2541	2404	2376	4970
5	2584	2448	2371	4971
5	2618	2382	2547	4972
5	2749	2547	2698	4973
5	2622	2488	2487	4974
5	2841	2706	2775	4975
5	2721	2584	2565	4976
5	2488	2376	2264	4977
5	2617	2483	2546	4978
5	2541	2376	2508	4979
5	2490	2426	2354	4980
5	2600	2420	2557	4981
5	2674	2667	2505	4982
5	2705	2555	2704	4983
5	2704	2555	2510	4984
5	2601	2465	2600	4985
5	3015	2905	2913	4986
5	2628	2495	2627	4987
5	2495	2358	2494	4988
5	2542	2372	2412	4989
5	2495	2359	2358	4990
5	2495	2493	2359	4991
5	2591	2529	2385	4992
5	2543	2522	2377	4993
5	2533	2408	2504	4994
5	2633	2531	2373	4995
5	2533	2406	2408	4996
5	2500	2283	2364	4997
5	2530	2399	2531	4998
5	2530	2492	2480	4999
5	2633	2373	2500	5000
5	2500	2364	2499	5001
5	2827	2650	2664	5002
5	2631	2498	2497	5003
5	2705	2432	2555	5004
5	2567	2087	2249	5005
5	2502	2494	2492	5006
5	2629	2406	2533	5007
5	2678	2551	2389	5008
5	2551	2239	2389	5009
5	2593	2449	2459	5010
5	2596	2413	2461	5011
5	2515	2281	2505	5012
5	2505	2281	2118	5013
5	2506	2481	2400	5014
5	2573	2434	2433	5015
5	2507	2506	2400	5016
5	2507	2400	2434	5017
5	2679	2508	2622	5018
5	2620	2486	2479	5019
5	2509	2504	2409	5020
5	2509	2409	2410	5021
5	2537	2093	2241	5022
5	2515	2489	2281	5023
5	2511	2450	2372	5024
5	2542	2511	2372	5025
5	2512	2462	2398	5026
5	2854	2765	2729	5027
5	2583	2401	2402	5028
5	2574	2435	2513	5029
5	2878	2751	2877	5030
5	2541	2425	2404	5031
5	2697	2559	2640	5032
5	2589	2430	2570	5033
5	2550	2429	2304	5034
5	2811	2685	2653	5035
5	2517	2503	2439	5036
5	2517	2439	2388	5037
5	2634	2503	2517	5038
5	2518	2517	2388	5039
5	2770	2700	2569	5040
5	2569	2378	2429	5041
5	2540	2453	2303	5042
5	2564	2375	2520	5043
5	2750	2673	2619	5044
5	2691	2546	2656	5045
5	2522	2427	2377	5046
5	2783	2717	2643	5047
5	2642	2419	2588	5048
5	2639	2424	2523	5049
5	2543	2377	2444	5050
5	2795	2689	2669	5051
5	2593	2459	2592	5052
5	3090	2957	3016	5053
5	2635	2445	2526	5054
5	2639	2526	2424	5055
5	2527	2514	2414	5056
5	2527	2414	2448	5057
5	2781	2690	2691	5058
5	2836	2698	2690	5059
5	2529	2457	2385	5060
5	2682	2570	2522	5061
5	2692	2626	2623	5062
5	2758	2668	2628	5063
5	2755	2623	2624	5064
5	2531	2399	2373	5065
5	2559	2395	2532	5066
5	2776	2768	2640	5067
5	2629	2496	2406	5068
5	2631	2497	2630	5069
5	2536	2442	2245	5070
5	2637	2537	2438	5071
5	2535	2534	2366	5072
5	2535	2366	2432	5073
5	2577	2397	2441	5074
5	2967	2578	2636	5075
5	2537	2536	2245	5076
5	2537	2245	2093	5077
5	2538	2523	2368	5078
5	2538	2368	2392	5079
5	2539	2512	2398	5080
5	2539	2398	2418	5081
5	2663	2512	2539	5082
5	2639	2538	2655	5083
5	2565	2425	2541	5084
5	2583	2402	2556	5085
5	2669	2543	2580	5086
5	2883	2840	2692	5087
5	2580	2443	2579	5088
5	2580	2543	2444	5089
5	2660	2384	2549	5090
5	2553	2391	2288	5091
5	2545	2519	2386	5092
5	2545	2386	2378	5093
5	2547	2382	2403	5094
5	2619	2374	2485	5095
5	2749	2618	2547	5096
5	2688	2521	2563	5097
5	2549	2384	2277	5098
5	2571	2278	2384	5099
5	2701	2415	2548	5100
5	2654	2544	2652	5101
5	2785	2577	2715	5102
5	2551	2365	2239	5103
5	2666	2417	2391	5104
5	2666	2391	2553	5105
5	2702	2653	2560	5106
5	2648	2501	2365	5107
5	3059	2837	2938	5108
5	2576	2436	2296	5109
5	2554	2532	2411	5110
5	2554	2411	2493	5111
5	2774	2705	2704	5112
5	2815	2651	2568	5113
5	2681	2527	2584	5114
5	2584	2527	2448	5115
5	2626	2426	2623	5116
5	2727	2725	2591	5117
5	3136	3031	2946	5118
5	2625	2421	2454	5119
5	2559	2542	2412	5120
5	2559	2412	2395	5121
5	2560	2440	2137	5122
5	2560	2137	2416	5123
5	2561	2560	2416	5124
5	2561	2416	2415	5125
5	2562	2538	2392	5126
5	2562	2392	2393	5127
5	2563	2521	2422	5128
5	2563	2422	2394	5129
5	2767	2588	2723	5130
5	2564	2370	2375	5131
5	2900	2788	2789	5132
5	2871	2745	2870	5133
5	2625	2454	2566	5134
5	2566	2454	2457	5135
5	2801	2637	2501	5136
5	2791	2428	2567	5137
5	2568	2567	2249	5138
5	2568	2249	2367	5139
5	2686	2652	2387	5140
5	2686	2387	2519	5141
5	2589	2455	2430	5142
5	2590	2455	2589	5143
5	2571	2548	2431	5144
5	2571	2431	2278	5145
5	2827	2796	2650	5146
5	2713	2507	2573	5147
5	2671	2664	2615	5148
5	2796	2720	2650	5149
5	2581	2539	2418	5150
5	2582	2446	2574	5151
5	2714	2390	2575	5152
5	2575	2390	2291	5153
5	2714	2575	2576	5154
5	2576	2575	2436	5155
5	2825	2678	2503	5156
5	2803	2695	2637	5157
5	2578	2577	2441	5158
5	2578	2441	2442	5159
5	2580	2444	2443	5160
5	2579	2443	2396	5161
5	2708	2489	2515	5162
5	2689	2543	2669	5163
5	2719	2574	2677	5164
5	2728	2593	2592	5165
5	2582	2581	2447	5166
5	2582	2447	2446	5167
5	2720	2583	2650	5168
5	2720	2696	2520	5169
5	2798	2657	2672	5170
5	2706	2541	2508	5171
5	2586	2407	2451	5172
5	2585	2451	2450	5173
5	2676	2627	2502	5174
5	2800	2759	2646	5175
5	2587	2562	2393	5176
5	2587	2393	2452	5177
5	2723	2588	2453	5178
5	2655	2538	2562	5179
5	2717	2579	2643	5180
5	2852	2726	2793	5181
5	2725	2693	2529	5182
5	2591	2456	2590	5183
5	3178	3143	3015	5184
5	2963	2795	2919	5185
5	2595	2460	2594	5186
5	2594	2449	2593	5187
5	2848	2696	2720	5188
5	2728	2592	2662	5189
5	2778	2733	2647	5190
5	2763	2633	2632	5191
5	2733	2599	2598	5192
5	2731	2595	2594	5193
5	2729	2593	2728	5194
5	2764	2633	2763	5195
5	2597	2592	2458	5196
5	2597	2458	2464	5197
5	2599	2464	2463	5198
5	2599	2597	2464	5199
5	2662	2592	2597	5200
5	2731	2594	2729	5201
5	2724	2589	2570	5202
5	2797	2755	2624	5203
5	2708	2624	2489	5204
5	2737	2601	2736	5205
5	2736	2601	2600	5206
5	2737	2602	2601	5207
5	2735	2600	2557	5208
5	2707	2557	2626	5209
5	2741	2605	2740	5210
5	2613	2478	2477	5211
5	2752	2621	2620	5212
5	2738	2603	2602	5213
5	2743	2607	2742	5214
5	2622	2487	2621	5215
5	2739	2604	2603	5216
5	2753	2622	2621	5217
5	2744	2608	2743	5218
5	2740	2605	2604	5219
5	2745	2610	2609	5220
5	2611	2475	2610	5221
5	2741	2606	2605	5222
5	2746	2611	2610	5223
5	2742	2607	2606	5224
5	2748	2612	2747	5225
5	2743	2608	2607	5226
5	2748	2614	2613	5227
5	2745	2609	2744	5228
5	2621	2487	2486	5229
5	2751	2614	2748	5230
5	2744	2609	2608	5231
5	2615	2556	2482	5232
5	2615	2482	2481	5233
5	2616	2547	2403	5234
5	2616	2403	2484	5235
5	2617	2616	2484	5236
5	2617	2484	2483	5237
5	3020	2893	2898	5238
5	2619	2528	2374	5239
5	2688	2563	2657	5240
5	2721	2681	2584	5241
5	2746	2610	2745	5242
5	2622	2508	2488	5243
5	2747	2612	2611	5244
5	2751	2620	2614	5245
5	2681	2672	2527	5246
5	2706	2508	2679	5247
5	2738	2602	2737	5248
5	2626	2557	2491	5249
5	2624	2623	2490	5250
5	2624	2490	2489	5251
5	2735	2557	2707	5252
5	2707	2626	2692	5253
5	3163	3041	3154	5254
5	3204	3061	3137	5255
5	2628	2554	2493	5256
5	2627	2495	2494	5257
5	2882	2754	2881	5258
5	2901	2769	2792	5259
5	2646	2504	2638	5260
5	2764	2757	2531	5261
5	2951	2799	2804	5262
5	2650	2583	2556	5263
5	2832	2639	2655	5264
5	2633	2499	2632	5265
5	2646	2533	2504	5266
5	2885	2760	2759	5267
5	2759	2533	2646	5268
5	2764	2531	2633	5269
5	2940	2801	2648	5270
5	2637	2438	2501	5271
5	2924	2767	2723	5272
5	2635	2513	2445	5273
5	2636	2578	2442	5274
5	2636	2442	2536	5275
5	2906	2830	2779	5276
5	2651	2567	2568	5277
5	2854	2729	2728	5278
5	2730	2641	2525	5279
5	2709	2370	2564	5280
5	2642	2587	2419	5281
5	2640	2559	2532	5282
5	2784	2697	2768	5283
5	2641	2638	2509	5284
5	2641	2509	2525	5285
5	2639	2523	2538	5286
5	2642	2655	2562	5287
5	2643	2579	2524	5288
5	2670	2643	2524	5289
5	2670	2524	2586	5290
5	3107	2983	3105	5291
5	2645	2640	2532	5292
5	2645	2532	2554	5293
5	2807	2638	2799	5294
5	2759	2629	2533	5295
5	2647	2598	2512	5296
5	2663	2647	2512	5297
5	2659	2550	2380	5298
5	2946	2785	2715	5299
5	2668	2554	2628	5300
5	2676	2502	2649	5301
5	2853	2728	2662	5302
5	2677	2574	2513	5303
5	2695	2536	2537	5304
5	2659	2380	2379	5305
5	2703	2576	2437	5306
5	2810	2654	2652	5307
5	3027	2779	2935	5308
5	2915	2654	2810	5309
5	2702	2560	2561	5310
5	2969	2846	2896	5311
5	2642	2562	2587	5312
5	2847	2719	2677	5313
5	2656	2546	2521	5314
5	2876	2673	2750	5315
5	2688	2656	2521	5316
5	2657	2563	2514	5317
5	2815	2568	2658	5318
5	2658	2568	2367	5319
5	2904	2678	2825	5320
5	2661	2569	2429	5321
5	2938	2837	2702	5322
5	2699	2383	2417	5323
5	2947	2774	2894	5324
5	2818	2551	2678	5325
5	2734	2599	2733	5326
5	2857	2734	2733	5327
5	2671	2506	2665	5328
5	2711	2528	2673	5329
5	2664	2650	2556	5330
5	2664	2556	2615	5331
5	2671	2615	2506	5332
5	2665	2506	2507	5333
5	2817	2549	2699	5334
5	2699	2549	2383	5335
5	2675	2405	2558	5336
5	2756	2558	2625	5337
5	2758	2627	2676	5338
5	2784	2766	2694	5339
5	3133	2952	3050	5340
5	2912	2769	2901	5341
5	2780	2722	2644	5342
5	3061	2930	3026	5343
5	2809	2718	2719	5344
5	2680	2663	2539	5345
5	2672	2657	2514	5346
5	2672	2514	2527	5347
5	2713	2573	2712	5348
5	2712	2573	2572	5349
5	2674	2397	2577	5350
5	2715	2577	2578	5351
5	2756	2625	2754	5352
5	2739	2603	2738	5353
5	2758	2628	2627	5354
5	2889	2763	2762	5355
5	2680	2539	2581	5356
5	2777	2663	2680	5357
5	3027	2906	2779	5358
5	2779	2687	2700	5359
5	2753	2679	2622	5360
5	2752	2620	2751	5361
5	2790	2663	2777	5362
5	2978	2895	2854	5363
5	2710	2541	2706	5364
5	3004	2898	2880	5365
5	2851	2693	2725	5366
5	2986	2852	2793	5367
5	2683	2659	2379	5368
5	2683	2379	2516	5369
5	2938	2702	2838	5370
5	2684	2634	2517	5371
5	2685	2684	2518	5372
5	2685	2518	2440	5373
5	3138	3040	3023	5374
5	2770	2569	2661	5375
5	2687	2686	2519	5376
5	2687	2519	2545	5377
5	2788	2672	2681	5378
5	2921	2836	2916	5379
5	2966	2802	2635	5380
5	2833	2639	2832	5381
5	2750	2618	2749	5382
5	2750	2619	2618	5383
5	2691	2690	2617	5384
5	2691	2617	2546	5385
5	2753	2621	2752	5386
5	2736	2600	2735	5387
5	2754	2566	2693	5388
5	2834	2558	2756	5389
5	2694	2644	2511	5390
5	2694	2511	2542	5391
5	2786	2708	2515	5392
5	2835	2636	2536	5393
5	2802	2513	2635	5394
5	2709	2540	2370	5395
5	2697	2694	2542	5396
5	2697	2542	2559	5397
5	2843	2711	2842	5398
5	2874	2698	2836	5399
5	2812	2417	2666	5400
5	2838	2702	2561	5401
5	2700	2687	2545	5402
5	2700	2545	2569	5403
5	2830	2686	2687	5404
5	2907	2810	2830	5405
5	2838	2561	2701	5406
5	2703	2437	2552	5407
5	3023	2969	2896	5408
5	2714	2553	2390	5409
5	3186	2940	3058	5410
5	2772	2704	2510	5411
5	2923	2658	2534	5412
5	2705	2535	2432	5413
5	2710	2565	2541	5414
5	2721	2565	2710	5415
5	3008	2981	2840	5416
5	2726	2590	2589	5417
5	2862	2736	2861	5418
5	2754	2625	2566	5419
5	2787	2655	2642	5420
5	2850	2723	2540	5421
5	2831	2657	2798	5422
5	2814	2656	2688	5423
5	2849	2789	2721	5424
5	2713	2665	2507	5425
5	2843	2712	2711	5426
5	2922	2790	2920	5427
5	2999	2876	2875	5428
5	2925	2765	2895	5429
5	2839	2553	2714	5430
5	2846	2576	2703	5431
5	2774	2535	2705	5432
5	2772	2510	2675	5433
5	2816	2771	2659	5434
5	3014	2786	2897	5435
5	2717	2669	2580	5436
5	2717	2580	2579	5437
5	2718	2680	2581	5438
5	2718	2581	2582	5439
5	2719	2718	2582	5440
5	2719	2582	2574	5441
5	2874	2749	2698	5442
5	2857	2733	2778	5443
5	3127	3003	3002	5444
5	2877	2751	2748	5445
5	2722	2670	2586	5446
5	2722	2586	2585	5447
5	2924	2787	2767	5448
5	2802	2677	2513	5449
5	2725	2529	2591	5450
5	2828	2794	2682	5451
5	2727	2590	2726	5452
5	2863	2737	2862	5453
5	2727	2591	2590	5454
5	2879	2752	2878	5455
5	2881	2754	2693	5456
5	2740	2604	2739	5457
5	3052	2895	3041	5458
5	2799	2638	2641	5459
5	3140	3050	3055	5460
5	2889	2762	2887	5461
5	2732	2595	2731	5462
5	2732	2596	2595	5463
5	2732	2730	2596	5464
5	2942	2913	2780	5465
5	2888	2792	2757	5466
5	3010	2886	2885	5467
5	2734	2597	2599	5468
5	2734	2662	2597	5469
5	2826	2680	2718	5470
5	2822	2671	2665	5471
5	2913	2821	2780	5472
5	3117	2992	3116	5473
5	2828	2689	2795	5474
5	2852	2727	2726	5475
5	2882	2756	2754	5476
5	2742	2606	2741	5477
5	2928	2883	2755	5478
5	2861	2736	2735	5479
5	2871	2746	2745	5480
5	2863	2738	2737	5481
5	2862	2737	2736	5482
5	2865	2739	2864	5483
5	2864	2739	2738	5484
5	2748	2613	2612	5485
5	2873	2748	2747	5486
5	2868	2742	2867	5487
5	2865	2740	2739	5488
5	2869	2743	2868	5489
5	2866	2741	2740	5490
5	2872	2746	2871	5491
5	2880	2775	2679	5492
5	2747	2611	2746	5493
5	2867	2742	2741	5494
5	2868	2743	2742	5495
5	2877	2748	2873	5496
5	2869	2744	2743	5497
5	2880	2679	2753	5498
5	2870	2745	2744	5499
5	2836	2690	2781	5500
5	2842	2711	2673	5501
5	2970	2843	2842	5502
5	3002	2877	3001	5503
5	2878	2752	2751	5504
5	2872	2747	2746	5505
5	2879	2753	2752	5506
5	3545	3387	3529	5507
5	2798	2672	2788	5508
5	2849	2710	2841	5509
5	2864	2738	2863	5510
5	2797	2624	2708	5511
5	2861	2735	2859	5512
5	2755	2692	2623	5513
5	2774	2716	2535	5514
5	2929	2675	2834	5515
5	2757	2649	2530	5516
5	2757	2530	2531	5517
5	2930	2768	2776	5518
5	3011	2887	2886	5519
5	2760	2630	2629	5520
5	2762	2631	2761	5521
5	2886	2760	2885	5522
5	2885	2759	2800	5523
5	2886	2761	2760	5524
5	2942	2780	2766	5525
5	2884	2676	2769	5526
5	2887	2762	2761	5527
5	2769	2676	2649	5528
5	2911	2805	2823	5529
5	2888	2757	2764	5530
5	2887	2761	2886	5531
5	2765	2731	2729	5532
5	2854	2728	2853	5533
5	3026	2939	3021	5534
5	2952	2807	2891	5535
5	3070	2961	2847	5536
5	2787	2642	2767	5537
5	2784	2694	2697	5538
5	2768	2697	2640	5539
5	2776	2640	2645	5540
5	3079	2933	3074	5541
5	2818	2648	2551	5542
5	3076	2770	2936	5543
5	3156	3060	2953	5544
5	2771	2661	2550	5545
5	2937	2708	2786	5546
5	2786	2515	2667	5547
5	3028	2936	2771	5548
5	2773	2703	2552	5549
5	2785	2674	2577	5550
5	2785	2667	2674	5551
5	2775	2706	2679	5552
5	2880	2753	2879	5553
5	3029	3012	3013	5554
5	3169	3082	3143	5555
5	2845	2665	2713	5556
5	2824	2671	2822	5557
5	2844	2712	2843	5558
5	2960	2920	2777	5559
5	3037	3024	2918	5560
5	2935	2779	2700	5561
5	3207	3074	3204	5562
5	3233	3067	3201	5563
5	2814	2782	2656	5564
5	2998	2874	2921	5565
5	2782	2781	2691	5566
5	2782	2691	2656	5567
5	3047	3008	2883	5568
5	3170	3081	3169	5569
5	2945	2768	2930	5570
5	2913	2905	2821	5571
5	3031	2785	2946	5572
5	2894	2774	2704	5573
5	3032	2834	3006	5574
5	2897	2786	2667	5575
5	2966	2635	2833	5576
5	2850	2540	2709	5577
5	2973	2845	2844	5578
5	2971	2957	2822	5579
5	2789	2788	2681	5580
5	2789	2681	2721	5581
5	2790	2778	2647	5582
5	2790	2647	2663	5583
5	2808	2428	2791	5584
5	2808	2516	2428	5585
5	2792	2769	2649	5586
5	2792	2649	2757	5587
5	2793	2726	2724	5588
5	2820	2717	2783	5589
5	2794	2793	2724	5590
5	2794	2724	2682	5591
5	2828	2682	2689	5592
5	3372	3258	3270	5593
5	2845	2713	2844	5594
5	2847	2809	2719	5595
5	2834	2675	2558	5596
5	2894	2704	2772	5597
5	3127	3002	3126	5598
5	2950	2788	2900	5599
5	3009	2885	2800	5600
5	3009	2800	2952	5601
5	3158	3021	3053	5602
5	2932	2901	2792	5603
5	2835	2536	2695	5604
5	3160	2637	2801	5605
5	2813	2564	2696	5606
5	2848	2720	2796	5607
5	2816	2659	2683	5608
5	2808	2683	2516	5609
5	2804	2799	2641	5610
5	2804	2641	2730	5611
5	2805	2776	2645	5612
5	2805	2645	2668	5613
5	2806	2783	2643	5614
5	2806	2643	2670	5615
5	2807	2800	2646	5616
5	2807	2646	2638	5617
5	2936	2661	2771	5618
5	3174	2929	3032	5619
5	2813	2709	2564	5620
5	2824	2664	2671	5621
5	2829	2684	2811	5622
5	2811	2684	2685	5623
5	2830	2687	2779	5624
5	2825	2503	2634	5625
5	2817	2660	2549	5626
5	2812	2699	2417	5627
5	2832	2655	2787	5628
5	2954	2709	2813	5629
5	2916	2836	2781	5630
5	2999	2875	2998	5631
5	2918	2695	2803	5632
5	2904	2818	2678	5633
5	2909	2791	2651	5634
5	2918	2835	2695	5635
5	3097	2968	2908	5636
5	2819	2660	2817	5637
5	2907	2830	2906	5638
5	3065	2801	2940	5639
5	2819	2701	2548	5640
5	2819	2548	2660	5641
5	2820	2795	2669	5642
5	2820	2669	2717	5643
5	2821	2806	2670	5644
5	2821	2670	2722	5645
5	2827	2664	2824	5646
5	2826	2718	2809	5647
5	2823	2805	2668	5648
5	2823	2668	2758	5649
5	2974	2827	2958	5650
5	2920	2790	2777	5651
5	2959	2829	2811	5652
5	2935	2700	2770	5653
5	3092	3016	2971	5654
5	2826	2777	2680	5655
5	2914	2857	2778	5656
5	2962	2696	2848	5657
5	2919	2820	2899	5658
5	2982	2851	2860	5659
5	3058	2940	2818	5660
5	2829	2634	2684	5661
5	2830	2810	2652	5662
5	2830	2652	2686	5663
5	2831	2814	2688	5664
5	2831	2688	2657	5665
5	2833	2526	2639	5666
5	2833	2635	2526	5667
5	2903	2677	2802	5668
5	3166	3086	2961	5669
5	2859	2707	2840	5670
5	2859	2735	2707	5671
5	2967	2835	2918	5672
5	2967	2636	2835	5673
5	2876	2842	2673	5674
5	2844	2713	2712	5675
5	2837	2811	2653	5676
5	2837	2653	2702	5677
5	3063	2773	2915	5678
5	2968	2819	2908	5679
5	2896	2846	2703	5680
5	2896	2703	2773	5681
5	2866	2740	2865	5682
5	2867	2741	2866	5683
5	2849	2721	2710	5684
5	2841	2710	2706	5685
5	2875	2749	2874	5686
5	2916	2781	2892	5687
5	3101	3051	2972	5688
5	2895	2765	2854	5689
5	2921	2874	2836	5690
5	2957	2824	2822	5691
5	2978	2854	2853	5692
5	3038	2979	2914	5693
5	2846	2839	2714	5694
5	2846	2714	2576	5695
5	2958	2824	2957	5696
5	2961	2960	2826	5697
5	2977	2787	2924	5698
5	3147	2954	3093	5699
5	3148	3080	3141	5700
5	3191	3064	3167	5701
5	3045	2850	2954	5702
5	2924	2723	2850	5703
5	2881	2693	2851	5704
5	3046	2923	2716	5705
5	2860	2727	2852	5706
5	2860	2725	2727	5707
5	2858	2734	2857	5708
5	3068	2998	2921	5709
5	2951	2891	2799	5710
5	2926	2804	2855	5711
5	2855	2804	2730	5712
5	2855	2730	2732	5713
5	2856	2855	2732	5714
5	2856	2732	2731	5715
5	2858	2662	2734	5716
5	2858	2853	2662	5717
5	2958	2827	2824	5718
5	2922	2778	2790	5719
5	2981	2859	2840	5720
5	3047	2883	2928	5721
5	2989	2864	2988	5722
5	2860	2851	2725	5723
5	3005	2881	2851	5724
5	2986	2793	2927	5725
5	2984	2860	2852	5726
5	2919	2795	2820	5727
5	3019	2919	3018	5728
5	2939	2805	2911	5729
5	2983	2861	2859	5730
5	2870	2744	2869	5731
5	2985	2862	2861	5732
5	2992	2867	2991	5733
5	2987	2863	2862	5734
5	2988	2864	2863	5735
5	2996	2872	2871	5736
5	2989	2865	2864	5737
5	2993	2868	2992	5738
5	2990	2866	2865	5739
5	2994	2869	2993	5740
5	2991	2867	2866	5741
5	3004	2879	3003	5742
5	2873	2747	2872	5743
5	2992	2868	2867	5744
5	3003	2879	2878	5745
5	2995	2870	2994	5746
5	2993	2869	2868	5747
5	2994	2870	2869	5748
5	3257	3172	3242	5749
5	2875	2750	2749	5750
5	2876	2750	2875	5751
5	2973	2971	2845	5752
5	2955	2831	2943	5753
5	3256	3154	3226	5754
5	3001	2873	2997	5755
5	2995	2871	2870	5756
5	2997	2873	2872	5757
5	3373	3260	3297	5758
5	3002	2878	2877	5759
5	3004	2880	2879	5760
5	3001	2877	2873	5761
5	3043	2893	3020	5762
5	3244	3242	3124	5763
5	2996	2871	2995	5764
5	3174	3072	2929	5765
5	2883	2692	2755	5766
5	2983	2859	2981	5767
5	2928	2755	2797	5768
5	2990	2865	2989	5769
5	2884	2823	2758	5770
5	2884	2758	2676	5771
5	2931	2889	2887	5772
5	3135	3034	3011	5773
5	3122	2998	3068	5774
5	3041	2895	2978	5775
5	3000	2970	2842	5776
5	2952	2800	2807	5777
5	2890	2763	2889	5778
5	2890	2888	2764	5779
5	2890	2764	2763	5780
5	3026	2930	2939	5781
5	3152	3056	3073	5782
5	3307	3193	3258	5783
5	2891	2807	2799	5784
5	3135	3010	3134	5785
5	2948	2892	2782	5786
5	2948	2782	2814	5787
5	2893	2841	2775	5788
5	3003	2878	3002	5789
5	2923	2534	2716	5790
5	2897	2667	2785	5791
5	2902	2855	2856	5792
5	2926	2855	2902	5793
5	2956	2699	2812	5794
5	3063	2896	2773	5795
5	2988	2863	2987	5796
5	3183	3162	2947	5797
5	2898	2893	2775	5798
5	2898	2775	2880	5799
5	2899	2820	2783	5800
5	2905	2806	2821	5801
5	2976	2849	2975	5802
5	2976	2900	2789	5803
5	3258	3193	3205	5804
5	3013	2889	2931	5805
5	3154	3041	3062	5806
5	3057	2925	3052	5807
5	2960	2777	2826	5808
5	2903	2847	2677	5809
5	3182	2906	3027	5810
5	3156	2953	3035	5811
5	2944	2806	2905	5812
5	2944	2783	2806	5813
5	3098	2968	3097	5814
5	2908	2819	2817	5815
5	2941	2811	2837	5816
5	3017	2810	2907	5817
5	2968	2701	2819	5818
5	2968	2838	2701	5819
5	3028	2771	2816	5820
5	3076	2935	2770	5821
5	2910	2909	2651	5822
5	2910	2651	2815	5823
5	2934	2884	2912	5824
5	2934	2823	2884	5825
5	2934	2911	2823	5826
5	3061	2945	2930	5827
5	3030	2913	2942	5828
5	3292	3132	3168	5829
5	3100	2922	3099	5830
5	2979	2857	2914	5831
5	3063	3023	2896	5832
5	2915	2773	2654	5833
5	3103	2975	3043	5834
5	3080	2950	3025	5835
5	2917	2812	2666	5836
5	2917	2666	2839	5837
5	3037	2918	2803	5838
5	3162	3046	2947	5839
5	2927	2793	2794	5840
5	3019	2963	2919	5841
5	3092	2971	2973	5842
5	2922	2914	2778	5843
5	3243	3122	3157	5844
5	3064	2916	2892	5845
5	2998	2875	2874	5846
5	2972	2843	2970	5847
5	2923	2910	2815	5848
5	2923	2815	2658	5849
5	3099	2920	3091	5850
5	2965	2833	2832	5851
5	2925	2902	2856	5852
5	2925	2856	2765	5853
5	3052	2925	2895	5854
5	2951	2804	2926	5855
5	3151	2937	3014	5856
5	3178	3030	3144	5857
5	3006	2756	2882	5858
5	3014	2937	2786	5859
5	3072	2894	2772	5860
5	2929	2772	2675	5861
5	2933	2766	2784	5862
5	2942	2766	2933	5863
5	2932	2792	2888	5864
5	3053	2911	2934	5865
5	3075	3053	2934	5866
5	3073	3012	3029	5867
5	3467	3356	3466	5868
5	3056	2901	2932	5869
5	3390	3258	3372	5870
5	3053	3021	2911	5871
5	3159	2935	3076	5872
5	2936	2770	2661	5873
5	2940	2648	2818	5874
5	2964	2634	2829	5875
5	3077	2797	2937	5876
5	2937	2797	2708	5877
5	3017	2915	2810	5878
5	3181	3017	2907	5879
5	2939	2930	2776	5880
5	2939	2776	2805	5881
5	3160	2801	3065	5882
5	3058	2818	2904	5883
5	3181	2907	3078	5884
5	2959	2811	2941	5885
5	3135	3011	3010	5886
5	3030	3015	2913	5887
5	3064	2892	3044	5888
5	3260	3141	3149	5889
5	3115	2990	3114	5890
5	2944	2899	2783	5891
5	2945	2933	2784	5892
5	2945	2784	2768	5893
5	3083	2923	3046	5894
5	2947	2716	2774	5895
5	3196	3136	2946	5896
5	3096	2946	2715	5897
5	3172	3051	3101	5898
5	3323	3191	3167	5899
5	2949	2927	2794	5900
5	2949	2794	2828	5901
5	2950	2943	2798	5902
5	2950	2798	2788	5903
5	3374	3261	3315	5904
5	3057	2902	2925	5905
5	3011	2886	3010	5906
5	3010	2885	3009	5907
5	2953	2816	2683	5908
5	2953	2683	2808	5909
5	3093	2813	2962	5910
5	2954	2850	2709	5911
5	2955	2948	2814	5912
5	2955	2814	2831	5913
5	2956	2908	2817	5914
5	2956	2817	2699	5915
5	2973	2844	2972	5916
5	3055	2891	2951	5917
5	2961	2809	2847	5918
5	3102	2958	3090	5919
5	3078	2907	2906	5920
5	3089	2964	2829	5921
5	3087	2962	2848	5922
5	3070	2847	2903	5923
5	2961	2826	2809	5924
5	3286	3173	3263	5925
5	3244	3124	3123	5926
5	2962	2813	2696	5927
5	2963	2949	2828	5928
5	2963	2828	2795	5929
5	3281	3037	3142	5930
5	2964	2825	2634	5931
5	3039	2903	2802	5932
5	3166	2961	3070	5933
5	2966	2833	2965	5934
5	3039	2802	2966	5935
5	3096	2715	2967	5936
5	2967	2715	2578	5937
5	3022	2908	2956	5938
5	3098	2938	2838	5939
5	2969	2917	2839	5940
5	2969	2839	2846	5941
5	2971	2822	2845	5942
5	3090	2958	2957	5943
5	2972	2844	2843	5944
5	3016	2957	2971	5945
5	3091	2960	3086	5946
5	2980	2978	2853	5947
5	2974	2796	2827	5948
5	2974	2848	2796	5949
5	3062	3041	2978	5950
5	3095	3039	2966	5951
5	2976	2789	2849	5952
5	2975	2849	2841	5953
5	3044	2892	2948	5954
5	3103	3033	2976	5955
5	2977	2965	2832	5956
5	2977	2832	2787	5957
5	2980	2858	2979	5958
5	3086	2960	2961	5959
5	2980	2853	2858	5960
5	2979	2858	2857	5961
5	3100	2914	2922	5962
5	3248	3179	3128	5963
5	2985	2861	2983	5964
5	2987	2862	2985	5965
5	3005	2851	2982	5966
5	3007	2881	3005	5967
5	3168	3008	3047	5968
5	2991	2866	2990	5969
5	3129	3005	2982	5970
5	2984	2982	2860	5971
5	3106	2982	2984	5972
5	2997	2872	2996	5973
5	3110	2986	2927	5974
5	2986	2984	2852	5975
5	3018	2919	2899	5976
5	3082	2905	3015	5977
5	3229	3108	3110	5978
5	3331	3204	3259	5979
5	3067	2949	2963	5980
5	3251	3129	3249	5981
5	3109	2987	2985	5982
5	3111	2988	2987	5983
5	3118	2993	3117	5984
5	3113	2989	2988	5985
5	3119	2994	3118	5986
5	3126	3002	3001	5987
5	3114	2990	2989	5988
5	3120	2995	3119	5989
5	3115	2991	2990	5990
5	3128	3004	3003	5991
5	3116	2992	2991	5992
5	3128	3003	3127	5993
5	3117	2993	2992	5994
5	3121	2996	3120	5995
5	3118	2994	2993	5996
5	3128	3048	3004	5997
5	3000	2842	2876	5998
5	3000	2876	2999	5999
5	3241	3121	3120	6000
5	3428	3373	3297	6001
5	3122	2999	2998	6002
5	3062	2978	2980	6003
5	3119	2995	2994	6004
5	3246	3125	3245	6005
5	3121	2997	2996	6006
5	3245	3121	3241	6007
5	3263	3173	3179	6008
5	3120	2996	2995	6009
5	3321	3225	3276	6010
5	3161	3044	3084	6011
5	3132	3105	2981	6012
5	3444	3442	3324	6013
5	3008	2840	2883	6014
5	3175	3006	3130	6015
5	3264	3014	2897	6016
5	3007	2882	2881	6017
5	3109	2985	3107	6018
5	3105	2983	2981	6019
5	3177	3052	3163	6020
5	3254	3133	3253	6021
5	3253	3133	3050	6022
5	3163	3052	3041	6023
5	3054	2931	3034	6024
5	3054	3013	2931	6025
5	3012	2932	2888	6026
5	3012	2888	2890	6027
5	3013	3012	2890	6028
5	3013	2890	2889	6029
5	3130	3006	2882	6030
5	3032	2929	2834	6031
5	3185	3029	3054	6032
5	3180	3137	3026	6033
5	3104	3062	2980	6034
5	3050	2952	2891	6035
5	3036	2956	2812	6036
5	3059	2941	2837	6037
5	3112	2949	3067	6038
5	3112	2927	2949	6039
5	3108	2984	2986	6040
5	3067	2963	3019	6041
5	3247	3127	3126	6042
5	3125	3001	2997	6043
5	3021	2939	2911	6044
5	3075	2912	2901	6045
5	3098	2838	2968	6046
5	3097	2908	3022	6047
5	3036	2812	2917	6048
5	3036	3022	2956	6049
5	3096	2967	3024	6050
5	3024	2967	2918	6051
5	3025	2950	2900	6052
5	3043	2975	2893	6053
5	3200	3018	3170	6054
5	3350	3347	3231	6055
5	3265	3197	3017	6056
5	3266	3078	3182	6057
5	3094	2904	2825	6058
5	3089	2829	2959	6059
5	3034	2931	3011	6060
5	3134	3010	3009	6061
5	3074	2945	3061	6062
5	3074	2933	2945	6063
5	3271	3060	3156	6064
5	3031	2897	2785	6065
5	3376	3309	3162	6066
5	3072	2772	2929	6067
5	3033	3025	2900	6068
5	3033	2900	2976	6069
5	3054	3029	3013	6070
5	3436	3312	3435	6071
5	3186	3065	2940	6072
5	3060	2816	2953	6073
5	3220	3098	3219	6074
5	3040	2969	3023	6075
5	3142	3037	2803	6076
5	3046	2716	2947	6077
5	3051	2973	2972	6078
5	3194	3055	3085	6079
5	3188	2962	3087	6080
5	3045	2924	2850	6081
5	3040	3036	2917	6082
5	3040	2917	2969	6083
5	3092	2973	3051	6084
5	3104	2979	3038	6085
5	3095	2965	3042	6086
5	3042	2965	2977	6087
5	3103	2976	2975	6088
5	3202	3157	3068	6089
5	3084	2955	3049	6090
5	3084	2948	2955	6091
5	3319	3192	3268	6092
5	3482	3372	3417	6093
5	3035	2791	2909	6094
5	3035	2808	2791	6095
5	3130	2882	3007	6096
5	3116	2991	3115	6097
5	3048	3020	2898	6098
5	3048	2898	3004	6099
5	3084	3044	2948	6100
5	3049	2955	2943	6101
5	3133	3009	2952	6102
5	3134	3009	3133	6103
5	3148	3049	3080	6104
5	3124	2970	3000	6105
5	3085	2951	2926	6106
5	3055	3050	2891	6107
5	3075	2934	2912	6108
5	3205	3056	3152	6109
5	3270	3205	3152	6110
5	3255	3176	3135	6111
5	3071	2902	3057	6112
5	3071	2926	2902	6113
5	3395	3316	3289	6114
5	3075	2901	3056	6115
5	3253	3050	3140	6116
5	3085	2926	3071	6117
5	3060	3028	2816	6118
5	3035	2953	2808	6119
5	3219	3097	3218	6120
5	3094	2825	2964	6121
5	3066	2909	2910	6122
5	3376	3162	3183	6123
5	3079	2942	2933	6124
5	3079	3030	2942	6125
5	3101	2972	2970	6126
5	3203	3057	3177	6127
5	3220	3059	2938	6128
5	3218	3097	3022	6129
5	3069	2916	3064	6130
5	3104	2980	2979	6131
5	3159	3027	2935	6132
5	3160	2803	2637	6133
5	3303	3065	3186	6134
5	3199	2909	3066	6135
5	3170	3018	3081	6136
5	3207	3079	3074	6137
5	3214	3051	3172	6138
5	3444	3322	3396	6139
5	3069	3068	2921	6140
5	3069	2921	2916	6141
5	3087	2848	2974	6142
5	3102	2974	2958	6143
5	3410	3268	3273	6144
5	3085	3055	2951	6145
5	3196	2946	3096	6146
5	3275	3028	3060	6147
5	3073	3056	2932	6148
5	3073	2932	3012	6149
5	3316	3144	3289	6150
5	3501	3379	3498	6151
5	3180	3026	3021	6152
5	3556	3446	3436	6153
5	3275	3139	3028	6154
5	3165	3058	2904	6155
5	3206	3047	2928	6156
5	3077	2928	2797	6157
5	3088	2959	2941	6158
5	3195	2941	3059	6159
5	3345	3228	3288	6160
5	3180	3021	3158	6161
5	3080	3049	2943	6162
5	3080	2943	2950	6163
5	3081	3018	2899	6164
5	3081	2899	2944	6165
5	3082	3081	2944	6166
5	3082	2944	2905	6167
5	3083	3066	2910	6168
5	3083	2910	2923	6169
5	3580	3374	3471	6170
5	3364	3246	3363	6171
5	3045	3042	2977	6172
5	3045	2977	2924	6173
5	3091	2920	2960	6174
5	3213	3090	3016	6175
5	3209	3038	3100	6176
5	3093	2954	2813	6177
5	3182	3078	2906	6178
5	3210	3089	2959	6179
5	3210	2959	3088	6180
5	3382	3088	3195	6181
5	3320	3215	3147	6182
5	3344	3224	3213	6183
5	3279	3086	3166	6184
5	3212	3091	3086	6185
5	3311	3167	3161	6186
5	3099	2922	2920	6187
5	3095	2966	2965	6188
5	3211	3087	2974	6189
5	3155	2964	3089	6190
5	3299	3037	3281	6191
5	3282	3221	3212	6192
5	3209	3164	3038	6193
5	3264	3031	3136	6194
5	3151	3077	2937	6195
5	3198	3138	3023	6196
5	3187	3022	3036	6197
5	3198	3023	3063	6198
5	3219	3098	3097	6199
5	3322	3203	3261	6200
5	3100	3038	2914	6201
5	3221	3099	3091	6202
5	3261	3203	3177	6203
5	3123	2999	3122	6204
5	3123	3000	2999	6205
5	3448	3334	3332	6206
5	3146	2903	3039	6207
5	3189	3033	3103	6208
5	3276	3225	3150	6209
5	3202	3068	3069	6210
5	3324	3194	3190	6211
5	3107	2985	2983	6212
5	3114	2989	3113	6213
5	3129	2982	3106	6214
5	3131	3005	3129	6215
5	3111	2987	3109	6216
5	3113	2988	3111	6217
5	3227	3106	3108	6218
5	3108	3106	2984	6219
5	3201	3019	3200	6220
5	3125	2997	3121	6221
5	3238	3117	3237	6222
5	3110	3108	2986	6223
5	3368	3249	3366	6224
5	3317	3180	3158	6225
5	3231	3110	3112	6226
5	3112	3110	2927	6227
5	3201	3067	3019	6228
5	3200	3019	3018	6229
5	3169	3081	3082	6230
5	3406	3346	3347	6231
5	3230	3109	3228	6232
5	3232	3113	3111	6233
5	3237	3116	3236	6234
5	3126	3001	3125	6235
5	3234	3114	3113	6236
5	3239	3118	3238	6237
5	3235	3115	3114	6238
5	3241	3120	3240	6239
5	3236	3116	3115	6240
5	3237	3117	3116	6241
5	3248	3127	3247	6242
5	3238	3118	3117	6243
5	3545	3521	3428	6244
5	3239	3119	3118	6245
5	3244	3123	3243	6246
5	3124	3000	3123	6247
5	3396	3261	3374	6248
5	3124	3101	2970	6249
5	3208	3049	3148	6250
5	3167	3044	3161	6251
5	3246	3126	3125	6252
5	3240	3120	3119	6253
5	3245	3125	3121	6254
5	3399	3311	3262	6255
5	3248	3128	3127	6256
5	3428	3321	3387	6257
5	3150	3043	3020	6258
5	3443	3311	3399	6259
5	3249	3129	3106	6260
5	3283	3151	3014	6261
5	3132	2981	3008	6262
5	3264	2897	3031	6263
5	3661	3548	3506	6264
5	3131	3007	3005	6265
5	3252	3171	3105	6266
5	3295	3130	3250	6267
5	3535	3413	3494	6268
5	3255	3135	3134	6269
5	3416	3293	3378	6270
5	3324	3190	3322	6271
5	3177	3057	3052	6272
5	3194	3085	3190	6273
5	3509	3309	3376	6274
5	3206	2928	3077	6275
5	3137	3061	3026	6276
5	3289	3144	3207	6277
5	3187	3036	3040	6278
5	3187	3040	3138	6279
5	3139	3076	2936	6280
5	3139	2936	3028	6281
5	3194	3140	3055	6282
5	3190	3085	3071	6283
5	3141	3080	3025	6284
5	3262	3161	3208	6285
5	3303	3281	3142	6286
5	3155	3094	2964	6287
5	3143	3082	3015	6288
5	3440	3317	3307	6289
5	3178	3015	3030	6290
5	3144	3030	3079	6291
5	3217	3046	3162	6292
5	3398	3159	3277	6293
5	3226	3104	3164	6294
5	3146	3070	2903	6295
5	3146	3039	3095	6296
5	3147	3045	2954	6297
5	3323	3167	3311	6298
5	3392	3300	3381	6299
5	3149	3141	3025	6300
5	3149	3025	3033	6301
5	3189	3149	3033	6302
5	3225	3043	3150	6303
5	3301	3206	3077	6304
5	3250	3130	3007	6305
5	3556	3436	3551	6306
5	3176	3034	3135	6307
5	3153	3152	3073	6308
5	3153	3073	3029	6309
5	3226	3062	3104	6310
5	3164	3104	3038	6311
5	3302	3094	3155	6312
5	3303	3142	3065	6313
5	3304	3199	3066	6314
5	3305	3156	3199	6315
5	3157	3122	3068	6316
5	3381	3300	3260	6317
5	3874	3769	3765	6318
5	3352	3233	3201	6319
5	3165	2904	3094	6320
5	3393	3266	3182	6321
5	3160	3065	3142	6322
5	3160	3142	2803	6323
5	3167	3064	3044	6324
5	3191	3069	3064	6325
5	3764	3430	3536	6326
5	3217	3083	3046	6327
5	3310	3163	3154	6328
5	3285	3214	3172	6329
5	3215	3042	3147	6330
5	3147	3042	3045	6331
5	3274	3058	3165	6332
5	3333	3155	3089	6333
5	3278	3087	3211	6334
5	3211	2974	3102	6335
5	3362	3245	3241	6336
5	3300	3141	3260	6337
5	3171	3107	3105	6338
5	3168	3132	3008	6339
5	3312	3143	3298	6340
5	3233	3112	3067	6341
5	3397	3259	3296	6342
5	3328	3200	3170	6343
5	3232	3111	3230	6344
5	3230	3111	3109	6345
5	3223	3213	3016	6346
5	3222	3100	3099	6347
5	3173	3150	3020	6348
5	3173	3020	3048	6349
5	3326	3136	3196	6350
5	3183	2947	2894	6351
5	3314	3174	3032	6352
5	3175	3032	3006	6353
5	3185	3153	3029	6354
5	3192	3034	3176	6355
5	3291	3226	3164	6356
5	3520	3396	3484	6357
5	3446	3313	3436	6358
5	3485	3380	3440	6359
5	3179	3173	3048	6360
5	3179	3048	3128	6361
5	3270	3258	3205	6362
5	3370	3253	3294	6363
5	3195	3088	2941	6364
5	3197	2915	3017	6365
5	3418	3275	3060	6366
5	3308	3027	3159	6367
5	3301	3077	3151	6368
5	3283	3014	3264	6369
5	3184	3183	2894	6370
5	3184	2894	3072	6371
5	3440	3307	3390	6372
5	3269	3152	3153	6373
5	3418	3060	3271	6374
5	3337	3145	3217	6375
5	3218	3022	3187	6376
5	3220	2938	3098	6377
5	3320	3093	3188	6378
5	3188	3093	2962	6379
5	3381	3260	3373	6380
5	3311	3161	3262	6381
5	3310	3154	3256	6382
5	3294	3140	3287	6383
5	3474	3364	3363	6384
5	3202	3069	3191	6385
5	3192	3185	3054	6386
5	3192	3054	3034	6387
5	3193	3158	3053	6388
5	3193	3053	3075	6389
5	3315	3177	3163	6390
5	3287	3140	3194	6391
5	3651	3393	3534	6392
5	3400	3078	3266	6393
5	3337	3217	3309	6394
5	3309	3217	3162	6395
5	3198	3063	3197	6396
5	3197	3063	2915	6397
5	3318	3210	3088	6398
5	3265	3017	3181	6399
5	3199	3156	3035	6400
5	3199	3035	2909	6401
5	3313	3170	3169	6402
5	3240	3119	3239	6403
5	3234	3113	3232	6404
5	3228	3109	3107	6405
5	3401	3257	3360	6406
5	3360	3242	3244	6407
5	3203	3190	3071	6408
5	3203	3071	3057	6409
5	3207	3144	3079	6410
5	3204	3074	3061	6411
5	3205	3193	3075	6412
5	3205	3075	3056	6413
5	3250	3007	3131	6414
5	3402	3330	3206	6415
5	3298	3143	3178	6416
5	3317	3158	3307	6417
5	3208	3161	3084	6418
5	3208	3084	3049	6419
5	3486	3411	3447	6420
5	3278	3188	3087	6421
5	3302	3165	3094	6422
5	3487	3266	3393	6423
5	3224	3102	3090	6424
5	3331	3289	3207	6425
5	3221	3091	3212	6426
5	3223	3092	3214	6427
5	3224	3090	3213	6428
5	3335	3102	3224	6429
5	3371	3254	3370	6430
5	3214	3092	3051	6431
5	3215	3146	3095	6432
5	3215	3095	3042	6433
5	3216	3196	3096	6434
5	3216	3096	3024	6435
5	3299	3024	3037	6436
5	3217	3145	3083	6437
5	3340	3059	3220	6438
5	3338	3198	3327	6439
5	3327	3198	3197	6440
5	3338	3138	3198	6441
5	3218	3187	3138	6442
5	3339	3220	3219	6443
5	3222	3099	3221	6444
5	3222	3209	3100	6445
5	3223	3016	3092	6446
5	3280	3243	3157	6447
5	3291	3256	3226	6448
5	3405	3282	3212	6449
5	3342	3221	3282	6450
5	3361	3243	3280	6451
5	3225	3189	3103	6452
5	3225	3103	3043	6453
5	3284	3164	3209	6454
5	3226	3154	3062	6455
5	3228	3107	3171	6456
5	3249	3106	3227	6457
5	3247	3126	3246	6458
5	3351	3232	3348	6459
5	3488	3389	3367	6460
5	3229	3227	3108	6461
5	3236	3115	3235	6462
5	3235	3114	3234	6463
5	3313	3169	3312	6464
5	3231	3229	3110	6465
5	3349	3200	3328	6466
5	3349	3201	3200	6467
5	3353	3234	3351	6468
5	3233	3231	3112	6469
5	3346	3227	3229	6470
5	3478	3366	3476	6471
5	3328	3170	3313	6472
5	3312	3169	3143	6473
5	3348	3232	3230	6474
5	3359	3241	3240	6475
5	3351	3234	3232	6476
5	3357	3238	3356	6477
5	3353	3235	3234	6478
5	3362	3241	3359	6479
5	3354	3236	3235	6480
5	3355	3237	3236	6481
5	3365	3247	3364	6482
5	3356	3238	3237	6483
5	3363	3245	3362	6484
5	3357	3239	3238	6485
5	3242	3172	3101	6486
5	3242	3101	3124	6487
5	3336	3223	3214	6488
5	3243	3123	3122	6489
5	3343	3223	3336	6490
5	3428	3297	3321	6491
5	3358	3240	3239	6492
5	3359	3240	3358	6493
5	3365	3290	3248	6494
5	3363	3246	3245	6495
5	3762	3632	3716	6496
5	3529	3420	3489	6497
5	3491	3385	3407	6498
5	3530	3381	3526	6499
5	3492	3479	3369	6500
5	3292	3252	3132	6501
5	3252	3105	3132	6502
5	3295	3175	3130	6503
5	3593	3388	3496	6504
5	3251	3131	3129	6505
5	3288	3228	3171	6506
5	3369	3288	3171	6507
5	3254	3134	3133	6508
5	3255	3134	3254	6509
5	3371	3255	3254	6510
5	3378	3319	3377	6511
5	3322	3190	3203	6512
5	3416	3269	3293	6513
5	3526	3373	3521	6514
5	3447	3323	3443	6515
5	3403	3279	3166	6516
5	3335	3211	3102	6517
5	3417	3270	3269	6518
5	3270	3152	3269	6519
5	3259	3204	3137	6520
5	3551	3436	3435	6521
5	3297	3260	3149	6522
5	3297	3149	3189	6523
5	3360	3257	3242	6524
5	3495	3386	3481	6525
5	3420	3286	3385	6526
5	3584	3474	3583	6527
5	3364	3247	3246	6528
5	3365	3248	3247	6529
5	3314	3032	3175	6530
5	3511	3409	3330	6531
5	3327	3197	3265	6532
5	3338	3219	3218	6533
5	3419	3139	3275	6534
5	3415	3318	3382	6535
5	3267	3184	3072	6536
5	3267	3072	3174	6537
5	3268	3192	3176	6538
5	3371	3273	3255	6539
5	3800	3705	3768	6540
5	3417	3269	3416	6541
5	3650	3501	3629	6542
5	3553	3440	3390	6543
5	3499	3391	3303	6544
5	3277	3076	3139	6545
5	3272	3262	3208	6546
5	3272	3208	3148	6547
5	3273	3268	3176	6548
5	3273	3176	3255	6549
5	3375	3136	3326	6550
5	3274	3186	3058	6551
5	3419	3275	3418	6552
5	3277	3159	3076	6553
5	3521	3373	3428	6554
5	3387	3321	3276	6555
5	3595	3505	3549	6556
5	3308	3182	3027	6557
5	3343	3213	3223	6558
5	3279	3212	3086	6559
5	3332	3146	3215	6560
5	3334	3070	3146	6561
5	3652	3539	3579	6562
5	3413	3272	3392	6563
5	3547	3274	3430	6564
5	3299	3216	3024	6565
5	3558	3448	3383	6566
5	3341	3209	3222	6567
5	3444	3324	3322	6568
5	3367	3250	3131	6569
5	3285	3172	3257	6570
5	3291	3164	3284	6571
5	3336	3214	3285	6572
5	3344	3213	3343	6573
5	3286	3276	3150	6574
5	3286	3150	3173	6575
5	3294	3253	3140	6576
5	3370	3254	3253	6577
5	3345	3230	3228	6578
5	3355	3236	3354	6579
5	3553	3390	3497	6580
5	3446	3328	3313	6581
5	3290	3263	3179	6582
5	3290	3179	3248	6583
5	3425	3257	3401	6584
5	3502	3425	3401	6585
5	3366	3249	3227	6586
5	3503	3292	3409	6587
5	3293	3269	3153	6588
5	3293	3153	3185	6589
5	3456	3344	3343	6590
5	3412	3256	3291	6591
5	3375	3264	3136	6592
5	3519	3437	3314	6593
5	3296	3259	3137	6594
5	3296	3137	3180	6595
5	3438	3256	3412	6596
5	3589	3481	3480	6597
5	3669	3497	3596	6598
5	3397	3296	3380	6599
5	3304	3066	3145	6600
5	3325	3196	3216	6601
5	3300	3272	3148	6602
5	3300	3148	3141	6603
5	3330	3047	3206	6604
5	3330	3168	3047	6605
5	3431	3304	3394	6606
5	3536	3302	3404	6607
5	3735	3656	3542	6608
5	3487	3415	3266	6609
5	3305	3271	3156	6610
5	3305	3199	3304	6611
5	3500	3281	3391	6612
5	3431	3305	3304	6613
5	3306	3280	3157	6614
5	3306	3157	3202	6615
5	3317	3296	3180	6616
5	3307	3158	3193	6617
5	3441	3210	3318	6618
5	3382	3195	3340	6619
5	3483	3325	3433	6620
5	3506	3431	3394	6621
5	3315	3261	3177	6622
5	3315	3163	3310	6623
5	3329	3202	3191	6624
5	3329	3191	3323	6625
5	3628	3533	3594	6626
5	3423	3331	3379	6627
5	3435	3298	3429	6628
5	3429	3316	3395	6629
5	3414	3184	3267	6630
5	3437	3174	3314	6631
5	3481	3370	3480	6632
5	3538	3386	3495	6633
5	3316	3298	3178	6634
5	3316	3178	3144	6635
5	3497	3372	3482	6636
5	3378	3293	3319	6637
5	3441	3333	3210	6638
5	3333	3089	3210	6639
5	3319	3293	3185	6640
5	3319	3185	3192	6641
5	3320	3147	3093	6642
5	3331	3207	3204	6643
5	3321	3297	3189	6644
5	3321	3189	3225	6645
5	3324	3287	3194	6646
5	3447	3411	3329	6647
5	3507	3454	3450	6648
5	3329	3306	3202	6649
5	3396	3322	3261	6650
5	3527	3447	3443	6651
5	3326	3196	3325	6652
5	3388	3301	3151	6653
5	3801	3711	3601	6654
5	3388	3151	3283	6655
5	3340	3195	3059	6656
5	3338	3218	3138	6657
5	3435	3312	3298	6658
5	3358	3239	3357	6659
5	3392	3272	3300	6660
5	3599	3563	3507	6661
5	3737	3633	3493	6662
5	3367	3131	3251	6663
5	3515	3279	3403	6664
5	3332	3215	3320	6665
5	3334	3146	3332	6666
5	3334	3166	3070	6667
5	3404	3155	3333	6668
5	3393	3182	3308	6669
5	3403	3166	3334	6670
5	3448	3403	3334	6671
5	3448	3332	3383	6672
5	3449	3211	3335	6673
5	3471	3315	3310	6674
5	3616	3405	3515	6675
5	3524	3506	3394	6676
5	3391	3281	3303	6677
5	3340	3220	3339	6678
5	3339	3219	3338	6679
5	3452	3327	3265	6680
5	3400	3265	3181	6681
5	3400	3181	3078	6682
5	3382	3318	3088	6683
5	3453	3424	3284	6684
5	3341	3284	3209	6685
5	3342	3341	3222	6686
5	3342	3222	3221	6687
5	3450	3336	3285	6688
5	3425	3285	3257	6689
5	3454	3343	3336	6690
5	3597	3513	3560	6691
5	3348	3230	3345	6692
5	3356	3237	3355	6693
5	3476	3366	3346	6694
5	3366	3227	3346	6695
5	3347	3346	3229	6696
5	3347	3229	3231	6697
5	3736	3592	3626	6698
5	3354	3235	3353	6699
5	3352	3201	3349	6700
5	3350	3231	3233	6701
5	3474	3363	3473	6702
5	3461	3458	3350	6703
5	3458	3347	3350	6704
5	3459	3351	3348	6705
5	3458	3406	3347	6706
5	3352	3350	3233	6707
5	3565	3384	3457	6708
5	3460	3352	3349	6709
5	3463	3328	3446	6710
5	3429	3298	3316	6711
5	3436	3313	3312	6712
5	3462	3351	3459	6713
5	3462	3353	3351	6714
5	3464	3354	3353	6715
5	3582	3473	3472	6716
5	3465	3355	3354	6717
5	3473	3362	3472	6718
5	3466	3356	3355	6719
5	3475	3364	3474	6720
5	3467	3357	3356	6721
5	3411	3306	3329	6722
5	3510	3401	3470	6723
5	3361	3360	3244	6724
5	3361	3244	3243	6725
5	3472	3359	3469	6726
5	3468	3358	3357	6727
5	3469	3359	3358	6728
5	3475	3408	3365	6729
5	3473	3363	3362	6730
5	3983	3911	3982	6731
5	3699	3606	3641	6732
5	3472	3362	3359	6733
5	3479	3457	3288	6734
5	3426	3252	3292	6735
5	3369	3171	3252	6736
5	3711	3492	3601	6737
5	3704	3488	3608	6738
5	3368	3251	3249	6739
5	3476	3346	3406	6740
5	3384	3348	3345	6741
5	3481	3386	3371	6742
5	3480	3370	3294	6743
5	3696	3544	3657	6744
5	3410	3273	3386	6745
5	3417	3372	3270	6746
5	3481	3371	3370	6747
5	3491	3407	3490	6748
5	3602	3490	3517	6749
5	3438	3310	3256	6750
5	3741	3522	3616	6751
5	3552	3414	3267	6752
5	3434	3337	3309	6753
5	3524	3394	3337	6754
5	3493	3376	3414	6755
5	3377	3319	3268	6756
5	3386	3273	3371	6757
5	3518	3442	3444	6758
5	3544	3442	3518	6759
5	3379	3331	3259	6760
5	3629	3498	3628	6761
5	3397	3379	3259	6762
5	3380	3296	3317	6763
5	3951	3855	3927	6764
5	3603	3521	3545	6765
5	3452	3339	3338	6766
5	3452	3265	3400	6767
5	3902	3706	3813	6768
5	3383	3188	3278	6769
5	3466	3355	3465	6770
5	3468	3357	3467	6771
5	3385	3286	3263	6772
5	3475	3365	3364	6773
5	3410	3377	3268	6774
5	3703	3594	3610	6775
5	3494	3413	3392	6776
5	3742	3659	3707	6777
5	3402	3301	3388	6778
5	3402	3206	3301	6779
5	3389	3295	3250	6780
5	3389	3250	3367	6781
5	3440	3380	3317	6782
5	3390	3307	3258	6783
5	3433	3216	3299	6784
5	3433	3325	3216	6785
5	3648	3530	3526	6786
5	3526	3381	3373	6787
5	3404	3302	3155	6788
5	3531	3404	3333	6789
5	3394	3304	3145	6790
5	3394	3145	3337	6791
5	3550	3429	3546	6792
5	3533	3380	3485	6793
5	3427	3294	3287	6794
5	3480	3294	3427	6795
5	3498	3379	3397	6796
5	3546	3395	3532	6797
5	3534	3393	3308	6798
5	3398	3308	3159	6799
5	3743	3728	3604	6800
5	3627	3490	3602	6801
5	3452	3340	3339	6802
5	3452	3338	3327	6803
5	3421	3306	3411	6804
5	3607	3518	3520	6805
5	3409	3292	3168	6806
5	3409	3168	3330	6807
5	3451	3342	3282	6808
5	3405	3212	3279	6809
5	3432	3305	3431	6810
5	3764	3547	3430	6811
5	3422	3335	3224	6812
5	3422	3224	3344	6813
5	3569	3459	3516	6814
5	3457	3345	3288	6815
5	3407	3385	3263	6816
5	3407	3263	3290	6817
5	3408	3407	3290	6818
5	3408	3290	3365	6819
5	3704	3600	3488	6820
5	3426	3369	3252	6821
5	4003	3938	3984	6822
5	3609	3528	3538	6823
5	3439	3361	3280	6824
5	3504	3439	3421	6825
5	3421	3280	3306	6826
5	3470	3360	3361	6827
5	3413	3399	3262	6828
5	3413	3262	3272	6829
5	3414	3376	3183	6830
5	3414	3183	3184	6831
5	3415	3382	3400	6832
5	3415	3400	3266	6833
5	3540	3416	3378	6834
5	3610	3594	3485	6835
5	3667	3551	3550	6836
5	3692	3623	3584	6837
5	3542	3277	3419	6838
5	3419	3277	3139	6839
5	3430	3165	3302	6840
5	3505	3419	3418	6841
5	3420	3387	3276	6842
5	3420	3276	3286	6843
5	3705	3605	3655	6844
5	3688	3543	3604	6845
5	3455	3341	3342	6846
5	3512	3403	3448	6847
5	3423	3395	3289	6848
5	3423	3289	3331	6849
5	3424	3412	3291	6850
5	3424	3291	3284	6851
5	3450	3285	3425	6852
5	3522	3451	3282	6853
5	3477	3367	3251	6854
5	3477	3251	3368	6855
5	3543	3411	3486	6856
5	3804	3721	3790	6857
5	3936	3817	3812	6858
5	3794	3692	3691	6859
5	3532	3423	3501	6860
5	3463	3349	3328	6861
5	3499	3303	3186	6862
5	3430	3274	3165	6863
5	3432	3271	3305	6864
5	3432	3418	3271	6865
5	3500	3299	3281	6866
5	3547	3499	3186	6867
5	3524	3337	3434	6868
5	3555	3375	3326	6869
5	3600	3523	3389	6870
5	3375	3283	3264	6871
5	3754	3628	3753	6872
5	3501	3423	3379	6873
5	3551	3435	3550	6874
5	3532	3395	3423	6875
5	3631	3402	3593	6876
5	3437	3267	3174	6877
5	3439	3280	3421	6878
5	3471	3310	3438	6879
5	3470	3361	3439	6880
5	3470	3401	3360	6881
5	3541	3417	3416	6882
5	3645	3528	3609	6883
5	3554	3318	3415	6884
5	3591	3531	3441	6885
5	3442	3427	3287	6886
5	3442	3287	3324	6887
5	3447	3329	3323	6888
5	3443	3323	3311	6889
5	3519	3314	3175	6890
5	3511	3330	3402	6891
5	3708	3615	3555	6892
5	3445	3326	3325	6893
5	3572	3446	3556	6894
5	3469	3358	3468	6895
5	3383	3332	3320	6896
5	3383	3320	3188	6897
5	3449	3278	3211	6898
5	3598	3561	3456	6899
5	3558	3278	3449	6900
5	3558	3383	3278	6901
5	3559	3450	3425	6902
5	3515	3403	3512	6903
5	3455	3342	3451	6904
5	3453	3284	3341	6905
5	3452	3400	3382	6906
5	3452	3382	3340	6907
5	3454	3336	3450	6908
5	3559	3425	3502	6909
5	3456	3343	3454	6910
5	3741	3616	3701	6911
5	3709	3561	3598	6912
5	3455	3453	3341	6913
5	3736	3707	3592	6914
5	3580	3471	3539	6915
5	3573	3464	3571	6916
5	3457	3384	3345	6917
5	3459	3348	3384	6918
5	3516	3459	3384	6919
5	3464	3353	3462	6920
5	3465	3354	3464	6921
5	3461	3352	3460	6922
5	3461	3350	3352	6923
5	3805	3755	3635	6924
5	3537	3476	3406	6925
5	3618	3537	3566	6926
5	3583	3473	3582	6927
5	3666	3516	3619	6928
5	3463	3460	3349	6929
5	3569	3462	3459	6930
5	3567	3461	3460	6931
5	3806	3608	3745	6932
5	3546	3429	3395	6933
5	3550	3435	3429	6934
5	3904	3711	3801	6935
5	3571	3464	3462	6936
5	3573	3465	3464	6937
5	3584	3517	3475	6938
5	3574	3466	3465	6939
5	3692	3583	3691	6940
5	3575	3467	3466	6941
5	3604	3543	3486	6942
5	3530	3392	3381	6943
5	3589	3480	3588	6944
5	3471	3374	3315	6945
5	3690	3582	3581	6946
5	3576	3468	3467	6947
5	3582	3472	3581	6948
5	3577	3469	3468	6949
5	3583	3474	3473	6950
5	3626	3489	3491	6951
5	3581	3472	3469	6952
5	3584	3475	3474	6953
5	3585	3368	3478	6954
5	3488	3367	3477	6955
5	3479	3288	3369	6956
5	3503	3426	3292	6957
5	3600	3389	3488	6958
5	3478	3368	3366	6959
5	3492	3369	3426	6960
5	3570	3460	3463	6961
5	3513	3412	3424	6962
5	3541	3416	3540	6963
5	3525	3378	3377	6964
5	3654	3540	3525	6965
5	3541	3482	3417	6966
5	3540	3378	3525	6967
5	3624	3445	3483	6968
5	3483	3445	3325	6969
5	3484	3396	3374	6970
5	3580	3484	3374	6971
5	3753	3594	3703	6972
5	3768	3655	3654	6973
5	3766	3687	3652	6974
5	3527	3486	3447	6975
5	3542	3398	3277	6976
5	3554	3441	3318	6977
5	3519	3175	3295	6978
5	3555	3326	3445	6979
5	3489	3420	3385	6980
5	3788	3686	3653	6981
5	3491	3489	3385	6982
5	3490	3407	3408	6983
5	3626	3592	3489	6984
5	3934	3836	3897	6985
5	3608	3477	3585	6986
5	3586	3476	3537	6987
5	3509	3434	3309	6988
5	3509	3376	3493	6989
5	3508	3443	3399	6990
5	3527	3443	3508	6991
5	3589	3495	3481	6992
5	3588	3427	3544	6993
5	3496	3388	3283	6994
5	3496	3283	3375	6995
5	3553	3485	3440	6996
5	3497	3390	3372	6997
5	3747	3610	3669	6998
5	3660	3532	3650	6999
5	3548	3432	3431	7000
5	3549	3432	3548	7001
5	3514	3299	3500	7002
5	3514	3433	3299	7003
5	3610	3485	3553	7004
5	3747	3703	3610	7005
5	3578	3439	3504	7006
5	3612	3507	3559	7007
5	4010	3835	3944	7008
5	3585	3477	3368	7009
5	3578	3470	3439	7010
5	3510	3502	3401	7011
5	3531	3333	3441	7012
5	3534	3308	3398	7013
5	3549	3505	3418	7014
5	3548	3431	3506	7015
5	3563	3456	3454	7016
5	3579	3412	3513	7017
5	3648	3526	3646	7018
5	3898	3808	3868	7019
5	3633	3509	3493	7020
5	3643	3524	3434	7021
5	3539	3471	3438	7022
5	3564	3455	3451	7023
5	3608	3488	3477	7024
5	3805	3635	3733	7025
5	3616	3522	3405	7026
5	3515	3405	3279	7027
5	3716	3606	3699	7028
5	3653	3578	3504	7029
5	3644	3506	3524	7030
5	3590	3483	3433	7031
5	3563	3454	3507	7032
5	3522	3282	3405	7033
5	3574	3465	3573	7034
5	3572	3463	3446	7035
5	3517	3490	3408	7036
5	3517	3408	3475	7037
5	3544	3427	3442	7038
5	3588	3480	3427	7039
5	3640	3437	3519	7040
5	3552	3267	3437	7041
5	3520	3518	3444	7042
5	3520	3444	3396	7043
5	3530	3494	3392	7044
5	3808	3715	3762	7045
5	3557	3335	3422	7046
5	3642	3422	3561	7047
5	3523	3519	3295	7048
5	3523	3295	3389	7049
5	3644	3524	3643	7050
5	3590	3433	3514	7051
5	3799	3696	3717	7052
5	3654	3525	3645	7053
5	4029	3898	4020	7054
5	3817	3752	3718	7055
5	3657	3518	3607	7056
5	3767	3645	3761	7057
5	3528	3525	3377	7058
5	3528	3377	3410	7059
5	3545	3428	3387	7060
5	3529	3387	3420	7061
5	3659	3529	3592	7062
5	3606	3535	3494	7063
5	3649	3404	3531	7064
5	3536	3430	3302	7065
5	3655	3541	3540	7066
5	3628	3498	3533	7067
5	3533	3498	3397	7068
5	3533	3397	3380	7069
5	3554	3415	3487	7070
5	3670	3554	3487	7071
5	3535	3508	3399	7072
5	3535	3399	3413	7073
5	3649	3536	3404	7074
5	3547	3186	3274	7075
5	3621	3479	3492	7076
5	3587	3565	3457	7077
5	3538	3528	3410	7078
5	3538	3410	3386	7079
5	3696	3588	3544	7080
5	3638	3513	3597	7081
5	3719	3605	3705	7082
5	3645	3525	3528	7083
5	3869	3754	3864	7084
5	3655	3605	3541	7085
5	3651	3487	3393	7086
5	3656	3398	3542	7087
5	3543	3504	3421	7088
5	3543	3421	3411	7089
5	4118	4026	4045	7090
5	3854	3743	3847	7091
5	3646	3521	3603	7092
5	3715	3625	3647	7093
5	3665	3550	3546	7094
5	3629	3501	3498	7095
5	3723	3651	3656	7096
5	3549	3418	3432	7097
5	3671	3445	3624	7098
5	3724	3639	3662	7099
5	3749	3624	3483	7100
5	3842	3771	3664	7101
5	3667	3550	3665	7102
5	3694	3537	3618	7103
5	3665	3546	3660	7104
5	3650	3532	3501	7105
5	3613	3493	3414	7106
5	3593	3402	3388	7107
5	3655	3540	3654	7108
5	3769	3660	3650	7109
5	3649	3531	3591	7110
5	3591	3441	3554	7111
5	3634	3434	3509	7112
5	3708	3555	3671	7113
5	3780	3727	3622	7114
5	3905	3731	3826	7115
5	3672	3449	3557	7116
5	3557	3449	3335	7117
5	3672	3558	3449	7118
5	3558	3512	3448	7119
5	3673	3597	3560	7120
5	3559	3507	3450	7121
5	3560	3513	3424	7122
5	3560	3424	3453	7123
5	3561	3422	3344	7124
5	3561	3344	3456	7125
5	3562	3560	3453	7126
5	3562	3453	3455	7127
5	3598	3456	3563	7128
5	3675	3562	3564	7129
5	3702	3653	3688	7130
5	3564	3562	3455	7131
5	3568	3461	3567	7132
5	3565	3516	3384	7133
5	3566	3537	3406	7134
5	3566	3406	3458	7135
5	3568	3458	3461	7136
5	3568	3566	3458	7137
5	3581	3469	3577	7138
5	4076	3991	3925	7139
5	3571	3462	3569	7140
5	3577	3468	3576	7141
5	3679	3571	3622	7142
5	3570	3567	3460	7143
5	3576	3467	3575	7144
5	3575	3466	3574	7145
5	3677	3620	3567	7146
5	3572	3570	3463	7147
5	3620	3568	3567	7148
5	3676	3568	3620	7149
5	3826	3731	3692	7150
5	3676	3618	3566	7151
5	3681	3573	3679	7152
5	3689	3577	3685	7153
5	3679	3573	3571	7154
5	3681	3574	3573	7155
5	3691	3582	3690	7156
5	3683	3575	3574	7157
5	3612	3599	3507	7158
5	3578	3510	3470	7159
5	3579	3539	3438	7160
5	3579	3438	3412	7161
5	4110	4019	4075	7162
5	3730	3609	3614	7163
5	3812	3718	3732	7164
5	3684	3576	3575	7165
5	3690	3581	3689	7166
5	3685	3577	3576	7167
5	3846	3732	3731	7168
5	3691	3583	3582	7169
5	4063	3981	3987	7170
5	3732	3623	3731	7171
5	3587	3457	3479	7172
5	3750	3668	3523	7173
5	3711	3621	3492	7174
5	3586	3478	3476	7175
5	3700	3587	3621	7176
5	3695	3619	3565	7177
5	4034	3924	4003	7178
5	3658	3614	3495	7179
5	3625	3604	3486	7180
5	3732	3602	3623	7181
5	3726	3595	3663	7182
5	3671	3555	3445	7183
5	3735	3542	3419	7184
5	3735	3419	3505	7185
5	3592	3529	3489	7186
5	3936	3812	3935	7187
5	3850	3633	3737	7188
5	3901	3805	3733	7189
5	3594	3533	3485	7190
5	3765	3629	3754	7191
5	3663	3548	3661	7192
5	3661	3506	3644	7193
5	3596	3497	3482	7194
5	3820	3719	3705	7195
5	3790	3687	3766	7196
5	3638	3579	3513	7197
5	3740	3675	3564	7198
5	3675	3673	3562	7199
5	4064	3999	4030	7200
5	3740	3564	3674	7201
5	3750	3523	3600	7202
5	3613	3414	3552	7203
5	3601	3492	3426	7204
5	3601	3426	3503	7205
5	3689	3581	3577	7206
5	3692	3584	3583	7207
5	3836	3742	3802	7208
5	3710	3646	3603	7209
5	3763	3646	3710	7210
5	3817	3718	3812	7211
5	3605	3596	3482	7212
5	3605	3482	3541	7213
5	3625	3486	3527	7214
5	3632	3535	3606	7215
5	3687	3539	3652	7216
5	3762	3647	3632	7217
5	3745	3585	3693	7218
5	3621	3587	3479	7219
5	3790	3721	3617	7220
5	3657	3544	3518	7221
5	3875	3769	3874	7222
5	3747	3669	3713	7223
5	3611	3607	3520	7224
5	3611	3520	3484	7225
5	3788	3653	3702	7226
5	3673	3560	3562	7227
5	3615	3375	3555	7228
5	3749	3483	3590	7229
5	3614	3609	3538	7230
5	3614	3538	3495	7231
5	3816	3671	3751	7232
5	3615	3496	3375	7233
5	3672	3512	3558	7234
5	3741	3674	3522	7235
5	3617	3611	3484	7236
5	3617	3484	3580	7237
5	3622	3571	3569	7238
5	3619	3516	3565	7239
5	3660	3546	3532	7240
5	3676	3566	3568	7241
5	3682	3551	3667	7242
5	3680	3572	3556	7243
5	3693	3585	3478	7244
5	3693	3478	3586	7245
5	3683	3574	3681	7246
5	3677	3567	3570	7247
5	3623	3602	3517	7248
5	3623	3517	3584	7249
5	3815	3600	3704	7250
5	3816	3708	3671	7251
5	3647	3508	3632	7252
5	3647	3527	3508	7253
5	3752	3627	3718	7254
5	3931	3802	3834	7255
5	3627	3626	3491	7256
5	3627	3491	3490	7257
5	3785	3682	3667	7258
5	4065	3833	3912	7259
5	3713	3669	3596	7260
5	3753	3628	3594	7261
5	3630	3612	3559	7262
5	3630	3559	3502	7263
5	3904	3837	3711	7264
5	3631	3511	3402	7265
5	3647	3625	3527	7266
5	3632	3508	3535	7267
5	3634	3509	3633	7268
5	3663	3549	3548	7269
5	3848	3822	3774	7270
5	3643	3434	3634	7271
5	3635	3503	3409	7272
5	3635	3409	3511	7273
5	3636	3616	3515	7274
5	3636	3515	3512	7275
5	3637	3630	3502	7276
5	3637	3502	3510	7277
5	3652	3579	3638	7278
5	3687	3580	3539	7279
5	3639	3590	3514	7280
5	3639	3514	3500	7281
5	3757	3640	3668	7282
5	3640	3552	3437	7283
5	3641	3606	3494	7284
5	3641	3494	3530	7285
5	3642	3636	3557	7286
5	3642	3557	3422	7287
5	3758	3643	3634	7288
5	3770	3724	3725	7289
5	3821	3749	3759	7290
5	3835	3593	3814	7291
5	3838	3719	3820	7292
5	3768	3654	3767	7293
5	3648	3641	3530	7294
5	3646	3526	3521	7295
5	3819	3746	3798	7296
5	3734	3720	3607	7297
5	3722	3699	3641	7298
5	3761	3609	3730	7299
5	3841	3664	3499	7300
5	3774	3649	3591	7301
5	3773	3665	3772	7302
5	3772	3660	3769	7303
5	3670	3487	3651	7304
5	3670	3591	3554	7305
5	3686	3510	3578	7306
5	3738	3630	3637	7307
5	3686	3578	3653	7308
5	3686	3637	3510	7309
5	3761	3645	3609	7310
5	4065	3903	3833	7311
5	3829	3730	3746	7312
5	3820	3705	3800	7313
5	3656	3651	3534	7314
5	3656	3534	3398	7315
5	3658	3495	3589	7316
5	3734	3611	3721	7317
5	3697	3588	3696	7318
5	3697	3589	3588	7319
5	3659	3603	3545	7320
5	3659	3545	3529	7321
5	3863	3753	3703	7322
5	3754	3629	3628	7323
5	3759	3639	3724	7324
5	3968	3883	3917	7325
5	3662	3639	3500	7326
5	3662	3500	3391	7327
5	3723	3670	3651	7328
5	3663	3595	3549	7329
5	3664	3662	3391	7330
5	3664	3391	3499	7331
5	4150	4066	4134	7332
5	3682	3556	3551	7333
5	3666	3622	3569	7334
5	3666	3569	3516	7335
5	3765	3650	3629	7336
5	3772	3665	3660	7337
5	3668	3640	3519	7338
5	3668	3519	3523	7339
5	3669	3610	3553	7340
5	3669	3553	3497	7341
5	3906	3841	3764	7342
5	3774	3591	3670	7343
5	3835	3733	3631	7344
5	3737	3493	3613	7345
5	3672	3557	3636	7346
5	3672	3636	3512	7347
5	3776	3597	3673	7348
5	3775	3599	3612	7349
5	3674	3564	3451	7350
5	3674	3451	3522	7351
5	3813	3675	3740	7352
5	3852	3741	3701	7353
5	3729	3618	3676	7354
5	3778	3666	3619	7355
5	3783	3680	3682	7356
5	3779	3712	3677	7357
5	3678	3677	3570	7358
5	3678	3570	3572	7359
5	3685	3576	3684	7360
5	3684	3575	3683	7361
5	3779	3677	3678	7362
5	3680	3678	3572	7363
5	3712	3620	3677	7364
5	3773	3667	3665	7365
5	3785	3667	3773	7366
5	3682	3680	3556	7367
5	3782	3679	3727	7368
5	3794	3691	3793	7369
5	3826	3692	3794	7370
5	3769	3650	3765	7371
5	3926	3831	3907	7372
5	3784	3683	3681	7373
5	3706	3673	3675	7374
5	3714	3637	3686	7375
5	3748	3630	3738	7376
5	3687	3617	3580	7377
5	3688	3653	3504	7378
5	3688	3504	3543	7379
5	3792	3689	3791	7380
5	3786	3684	3683	7381
5	3793	3691	3690	7382
5	3787	3685	3684	7383
5	3846	3812	3732	7384
5	3793	3690	3792	7385
5	3791	3689	3685	7386
5	3792	3690	3689	7387
5	3695	3565	3587	7388
5	3992	3827	3929	7389
5	3827	3693	3795	7390
5	3694	3586	3537	7391
5	3700	3695	3587	7392
5	3777	3620	3712	7393
5	3697	3658	3589	7394
5	3932	3828	3839	7395
5	3873	3800	3768	7396
5	3890	3728	3854	7397
5	3735	3505	3698	7398
5	3698	3505	3595	7399
5	4254	4211	4214	7400
5	3722	3641	3648	7401
5	3825	3782	3727	7402
5	3796	3618	3729	7403
5	3701	3616	3636	7404
5	3701	3636	3642	7405
5	3909	3800	3873	7406
5	3829	3746	3819	7407
5	3833	3703	3747	7408
5	3767	3654	3645	7409
5	3745	3608	3585	7410
5	3994	3801	3933	7411
5	3768	3705	3655	7412
5	3872	3761	3867	7413
5	3748	3612	3630	7414
5	3789	3638	3744	7415
5	3707	3659	3592	7416
5	3840	3763	3807	7417
5	3814	3496	3615	7418
5	4077	3988	3910	7419
5	3709	3701	3642	7420
5	3709	3642	3561	7421
5	3943	3849	3913	7422
5	3807	3763	3710	7423
5	3801	3601	3755	7424
5	3910	3815	3704	7425
5	3797	3619	3695	7426
5	3727	3679	3622	7427
5	3873	3768	3767	7428
5	3912	3833	3857	7429
5	3738	3637	3714	7430
5	3775	3612	3748	7431
5	3743	3625	3715	7432
5	3728	3688	3604	7433
5	3762	3715	3647	7434
5	3716	3632	3606	7435
5	3717	3696	3657	7436
5	3721	3611	3617	7437
5	3718	3627	3602	7438
5	3993	3948	3945	7439
5	3719	3713	3596	7440
5	3719	3596	3605	7441
5	3720	3717	3657	7442
5	3720	3657	3607	7443
5	3734	3607	3611	7444
5	3847	3743	3715	7445
5	3834	3802	3707	7446
5	4162	4138	4087	7447
5	3764	3536	3649	7448
5	3774	3670	3723	7449
5	3771	3662	3664	7450
5	3725	3663	3661	7451
5	3841	3547	3764	7452
5	3726	3663	3725	7453
5	3771	3724	3662	7454
5	3841	3499	3547	7455
5	3786	3683	3784	7456
5	3784	3681	3782	7457
5	3790	3617	3687	7458
5	3728	3702	3688	7459
5	3843	3695	3700	7460
5	3881	3777	3712	7461
5	3854	3728	3743	7462
5	3867	3730	3829	7463
5	3732	3718	3602	7464
5	3731	3623	3692	7465
5	4134	4066	4107	7466
5	3834	3707	3736	7467
5	3733	3635	3511	7468
5	3733	3511	3631	7469
5	3743	3604	3625	7470
5	3923	3871	3890	7471
5	3971	3886	3876	7472
5	3848	3656	3735	7473
5	3849	3752	3817	7474
5	3936	3913	3817	7475
5	3756	3634	3633	7476
5	3850	3756	3633	7477
5	3744	3638	3597	7478
5	3859	3775	3748	7479
5	3739	3598	3563	7480
5	3739	3563	3599	7481
5	3824	3823	3740	7482
5	3852	3740	3674	7483
5	3852	3701	3709	7484
5	3824	3598	3739	7485
5	3742	3710	3603	7486
5	3742	3603	3659	7487
5	3982	3934	3981	7488
5	3889	3766	3870	7489
5	3856	3789	3744	7490
5	3832	3798	3799	7491
5	3827	3745	3693	7492
5	3796	3694	3618	7493
5	3746	3730	3614	7494
5	3746	3614	3658	7495
5	3950	3838	3924	7496
5	3966	3881	3926	7497
5	3945	3847	3808	7498
5	3858	3748	3738	7499
5	3770	3661	3644	7500
5	3760	3643	3758	7501
5	3757	3552	3640	7502
5	3988	3815	3910	7503
5	3751	3671	3624	7504
5	3821	3818	3862	7505
5	3752	3736	3626	7506
5	3752	3626	3627	7507
5	4245	4197	4147	7508
5	3857	3747	3713	7509
5	4073	4038	3954	7510
5	3857	3713	3838	7511
5	3755	3601	3503	7512
5	3755	3503	3635	7513
5	3760	3644	3643	7514
5	3758	3634	3756	7515
5	3865	3613	3757	7516
5	3757	3613	3552	7517
5	3962	3875	3874	7518
5	3818	3760	3758	7519
5	3759	3749	3590	7520
5	3759	3590	3639	7521
5	3770	3644	3760	7522
5	3770	3725	3661	7523
5	3960	3867	3956	7524
5	3945	3808	3898	7525
5	3868	3716	3809	7526
5	3974	3804	3889	7527
5	3763	3722	3648	7528
5	3763	3648	3646	7529
5	4047	3968	4018	7530
5	3810	3595	3726	7531
5	3864	3753	3863	7532
5	3864	3754	3753	7533
5	3922	3775	3859	7534
5	3989	3803	3902	7535
5	3872	3767	3761	7536
5	3938	3800	3909	7537
5	3960	3872	3867	7538
5	3990	3920	3958	7539
5	3883	3782	3825	7540
5	3874	3765	3869	7541
5	3821	3760	3818	7542
5	3770	3759	3724	7543
5	3771	3726	3725	7544
5	3771	3725	3724	7545
5	4016	3962	4001	7546
5	3869	3765	3754	7547
5	3886	3773	3876	7548
5	3782	3681	3679	7549
5	3848	3774	3723	7550
5	3822	3649	3774	7551
5	3776	3673	3706	7552
5	3813	3706	3675	7553
5	3871	3788	3702	7554
5	3776	3744	3597	7555
5	3777	3729	3676	7556
5	3777	3676	3620	7557
5	3925	3896	3797	7558
5	3780	3666	3778	7559
5	3831	3712	3779	7560
5	3780	3622	3666	7561
5	3970	3885	3968	7562
5	3844	3729	3777	7563
5	3781	3779	3678	7564
5	3781	3678	3680	7565
5	3791	3685	3787	7566
5	3787	3684	3786	7567
5	3905	3846	3731	7568
5	3783	3781	3680	7569
5	3879	3779	3781	7570
5	3876	3773	3772	7571
5	3886	3785	3773	7572
5	3785	3783	3682	7573
5	4045	3894	3978	7574
5	3875	3772	3769	7575
5	3879	3831	3779	7576
5	3876	3772	3875	7577
5	3952	3859	3858	7578
5	3788	3714	3686	7579
5	3789	3766	3652	7580
5	3789	3652	3638	7581
5	3828	3717	3720	7582
5	3853	3734	3721	7583
5	3887	3786	3885	7584
5	3885	3786	3784	7585
5	3928	3905	3826	7586
5	3887	3787	3786	7587
5	3891	3791	3787	7588
5	3892	3791	3891	7589
5	3928	3826	3794	7590
5	4189	4079	4135	7591
5	3795	3693	3586	7592
5	3795	3586	3694	7593
5	3797	3778	3619	7594
5	3979	3895	3844	7595
5	4124	4039	4051	7596
5	3895	3729	3844	7597
5	3798	3746	3658	7598
5	3798	3658	3697	7599
5	3799	3798	3697	7600
5	3799	3697	3696	7601
5	3873	3767	3872	7602
5	3867	3761	3730	7603
5	4070	3908	4012	7604
5	3815	3750	3600	7605
5	3802	3742	3707	7606
5	4086	3981	4063	7607
5	3877	3744	3776	7608
5	3803	3776	3706	7609
5	4050	3972	3997	7610
5	3868	3762	3716	7611
5	3806	3704	3608	7612
5	4071	3904	3994	7613
5	3843	3797	3695	7614
5	3910	3704	3806	7615
5	4028	3931	3943	7616
5	3921	3830	3900	7617
5	3847	3715	3808	7618
5	3855	3738	3714	7619
5	3868	3808	3762	7620
5	3809	3716	3699	7621
5	3822	3764	3649	7622
5	3810	3698	3595	7623
5	3811	3795	3694	7624
5	3811	3694	3796	7625
5	4135	4079	4118	7626
5	3935	3812	3846	7627
5	3851	3599	3775	7628
5	3922	3851	3775	7629
5	3814	3615	3708	7630
5	3894	3793	3893	7631
5	3901	3733	3835	7632
5	3835	3631	3593	7633
5	3861	3757	3668	7634
5	3865	3757	3861	7635
5	4000	3913	3999	7636
5	3931	3897	3802	7637
5	4033	4008	3952	7638
5	3866	3862	3818	7639
5	3942	3845	3918	7640
5	3853	3721	3804	7641
5	4072	3984	4005	7642
5	4259	4217	4198	7643
5	3862	3624	3749	7644
5	3821	3862	3749	7645
5	3860	3668	3750	7646
5	3814	3593	3496	7647
5	3823	3813	3740	7648
5	3824	3739	3823	7649
5	3852	3674	3741	7650
5	3824	3740	3852	7651
5	3883	3784	3782	7652
5	3885	3784	3883	7653
5	3893	3792	3892	7654
5	3892	3792	3791	7655
5	3994	3904	3801	7656
5	4077	3995	4067	7657
5	3832	3819	3798	7658
5	3845	3717	3828	7659
5	3956	3829	3940	7660
5	3937	3819	3832	7661
5	3830	3809	3699	7662
5	3830	3699	3722	7663
5	3908	3843	3700	7664
5	3996	3929	3811	7665
5	4052	3997	3923	7666
5	4029	3993	3945	7667
5	3838	3713	3719	7668
5	3950	3857	3838	7669
5	3999	3913	3936	7670
5	4000	3943	3913	7671
5	3944	3814	3899	7672
5	3861	3668	3860	7673
5	3836	3807	3710	7674
5	3836	3710	3742	7675
5	3837	3700	3621	7676
5	3837	3621	3711	7677
5	3857	3833	3747	7678
5	4038	3990	3958	7679
5	3839	3828	3720	7680
5	3839	3720	3734	7681
5	3840	3830	3722	7682
5	3840	3722	3763	7683
5	3842	3726	3771	7684
5	3842	3664	3841	7685
5	4001	3962	3920	7686
5	3842	3810	3726	7687
5	3895	3796	3729	7688
5	3878	3727	3780	7689
5	3878	3825	3727	7690
5	3881	3712	3831	7691
5	3845	3832	3799	7692
5	3845	3799	3717	7693
5	3893	3793	3792	7694
5	3894	3794	3793	7695
5	3918	3845	3828	7696
5	3858	3738	3855	7697
5	3848	3723	3656	7698
5	3848	3735	3698	7699
5	3849	3834	3736	7700
5	3849	3736	3752	7701
5	3953	3866	3946	7702
5	3866	3751	3862	7703
5	3851	3823	3739	7704
5	3851	3739	3599	7705
5	3824	3852	3709	7706
5	3824	3709	3598	7707
5	3932	3918	3828	7708
5	3853	3839	3734	7709
5	3921	3809	3830	7710
5	4139	4088	4110	7711
5	3870	3766	3789	7712
5	3859	3748	3858	7713
5	3870	3789	3856	7714
5	3889	3790	3766	7715
5	4004	3954	3863	7716
5	3958	3920	3869	7717
5	3951	3858	3855	7718
5	3963	3877	3914	7719
5	3877	3776	3803	7720
5	3902	3803	3706	7721
5	3899	3708	3816	7722
5	3865	3737	3613	7723
5	3944	3835	3814	7724
5	3946	3866	3756	7725
5	4035	4033	3951	7726
5	3862	3751	3624	7727
5	4286	4209	4136	7728
5	4100	4006	4034	7729
5	4073	3954	4004	7730
5	4126	4047	4084	7731
5	4002	3850	3955	7732
5	3955	3865	3861	7733
5	3866	3818	3758	7734
5	3866	3758	3756	7735
5	3961	3909	3873	7736
5	4169	4099	4098	7737
5	3923	3890	3916	7738
5	3916	3890	3854	7739
5	4001	3920	3990	7740
5	4023	3966	3926	7741
5	3888	3714	3788	7742
5	3927	3855	3888	7743
5	3888	3788	3871	7744
5	3888	3855	3714	7745
5	3940	3829	3819	7746
5	3961	3873	3872	7747
5	4190	4142	4161	7748
5	4006	3912	3950	7749
5	3821	3759	3770	7750
5	3821	3770	3760	7751
5	4007	3964	3967	7752
5	3971	3876	3915	7753
5	3906	3848	3698	7754
5	3906	3698	3810	7755
5	4241	4189	4135	7756
5	3877	3856	3744	7757
5	3896	3778	3797	7758
5	3884	3783	3785	7759
5	3964	3879	3882	7760
5	3907	3831	3879	7761
5	3880	3878	3780	7762
5	3880	3780	3778	7763
5	3926	3881	3831	7764
5	3881	3844	3777	7765
5	3882	3879	3781	7766
5	3882	3781	3783	7767
5	3928	3794	3894	7768
5	3891	3787	3887	7769
5	3965	3917	3825	7770
5	3884	3882	3783	7771
5	3917	3883	3825	7772
5	3966	3844	3881	7773
5	3962	3874	3920	7774
5	3886	3884	3785	7775
5	3958	3864	3954	7776
5	3978	3893	3977	7777
5	4008	3963	3914	7778
5	3914	3877	3803	7779
5	3948	3854	3847	7780
5	3889	3804	3790	7781
5	3890	3871	3702	7782
5	3890	3702	3728	7783
5	4057	3978	3977	7784
5	4432	4401	4332	7785
5	3970	3887	3885	7786
5	3975	3887	3970	7787
5	3975	3891	3887	7788
5	3976	3891	3975	7789
5	3976	3892	3891	7790
5	3977	3893	3892	7791
5	3896	3880	3778	7792
5	3996	3811	3941	7793
5	3925	3797	3843	7794
5	4044	3907	4009	7795
5	3897	3836	3802	7796
5	4141	4062	4094	7797
5	3983	3900	3911	7798
5	3900	3830	3840	7799
5	4011	3861	3860	7800
5	3899	3814	3708	7801
5	3957	3898	3868	7802
5	3957	3809	3921	7803
5	4102	4011	4010	7804
5	3988	3919	3815	7805
5	4099	4003	4098	7806
5	4400	4393	4341	7807
5	3903	3863	3703	7808
5	3903	3703	3833	7809
5	3908	3700	3837	7810
5	4139	4110	4137	7811
5	4060	4030	3935	7812
5	3978	3894	3893	7813
5	4013	3816	3953	7814
5	3946	3756	3850	7815
5	3969	3884	3886	7816
5	4004	3863	3903	7817
5	4092	3939	3992	7818
5	4070	4069	4014	7819
5	3961	3872	3960	7820
5	3956	3867	3829	7821
5	4077	3910	3995	7822
5	3919	3750	3815	7823
5	3911	3900	3840	7824
5	3911	3840	3807	7825
5	3924	3838	3820	7826
5	4040	3956	4036	7827
5	3913	3849	3817	7828
5	4028	3987	3931	7829
5	3972	3888	3871	7830
5	3972	3871	3923	7831
5	3915	3876	3875	7832
5	4170	4096	4167	7833
5	3940	3819	3937	7834
5	4296	4245	4147	7835
5	4104	4045	3978	7836
5	3968	3885	3883	7837
5	3957	3868	3809	7838
5	4029	3945	3898	7839
5	4010	3901	3835	7840
5	3919	3860	3750	7841
5	3962	3915	3875	7842
5	3920	3874	3869	7843
5	3982	3911	3934	7844
5	4019	3900	3983	7845
5	3989	3914	3803	7846
5	3922	3823	3851	7847
5	3973	3856	3963	7848
5	4025	3948	3993	7849
5	3950	3912	3857	7850
5	4240	4159	4201	7851
5	3979	3844	3966	7852
5	4094	4017	3998	7853
5	3930	3878	3880	7854
5	4044	3926	3907	7855
5	4051	3959	4042	7856
5	4049	3963	4008	7857
5	4289	4144	4242	7858
5	4045	4026	3928	7859
5	3929	3827	3795	7860
5	3929	3795	3811	7861
5	4009	3964	4007	7862
5	3965	3878	3930	7863
5	4095	3999	4064	7864
5	4150	4063	4066	7865
5	3974	3889	3959	7866
5	4025	3916	3948	7867
5	3933	3801	3755	7868
5	3933	3755	3805	7869
5	3934	3911	3807	7870
5	3934	3807	3836	7871
5	3902	3813	3823	7872
5	3902	3823	3922	7873
5	4258	4173	4192	7874
5	4028	3943	4000	7875
5	3998	3918	3932	7876
5	4031	3937	3942	7877
5	3938	3924	3820	7878
5	3938	3820	3800	7879
5	3939	3806	3745	7880
5	3939	3745	3827	7881
5	4017	3918	3998	7882
5	4017	3942	3918	7883
5	3941	3811	3796	7884
5	3941	3796	3895	7885
5	3942	3937	3832	7886
5	3942	3832	3845	7887
5	3943	3931	3834	7888
5	3943	3834	3849	7889
5	3906	3810	3842	7890
5	3906	3842	3841	7891
5	4122	4035	4050	7892
5	3948	3847	3945	7893
5	3955	3737	3865	7894
5	4097	4013	4002	7895
5	3947	3932	3839	7896
5	3947	3839	3853	7897
5	3959	3889	3870	7898
5	3948	3916	3854	7899
5	3949	3947	3853	7900
5	3949	3853	3804	7901
5	4003	3924	3938	7902
5	4333	4291	4251	7903
5	3963	3856	3877	7904
5	3952	3858	3951	7905
5	4039	3949	3974	7906
5	3989	3952	3914	7907
5	3953	3816	3751	7908
5	3953	3751	3866	7909
5	3958	3869	3864	7910
5	3954	3864	3863	7911
5	4033	3952	3951	7912
5	3955	3850	3737	7913
5	4036	3940	4032	7914
5	4032	3940	3937	7915
5	4037	3921	4019	7916
5	3997	3972	3923	7917
5	4056	3976	4055	7918
5	4054	3971	3915	7919
5	3974	3949	3804	7920
5	4153	4073	4004	7921
5	4098	3984	4072	7922
5	4040	3960	3956	7923
5	4041	3961	3960	7924
5	4041	3960	4040	7925
5	3906	3764	3822	7926
5	3906	3822	3848	7927
5	3973	3959	3870	7928
5	4050	4035	3927	7929
5	3965	3825	3878	7930
5	3964	3907	3879	7931
5	4082	3979	4058	7932
5	4009	3907	3964	7933
5	3980	3880	3896	7934
5	4092	3994	3995	7935
5	3967	3964	3882	7936
5	3967	3882	3884	7937
5	4045	3928	3894	7938
5	3977	3892	3976	7939
5	4046	3967	3969	7940
5	3969	3967	3884	7941
5	4172	4105	4155	7942
5	4016	3915	3962	7943
5	4127	4048	4054	7944
5	3971	3969	3886	7945
5	3973	3870	3856	7946
5	3972	3927	3888	7947
5	4085	3993	4078	7948
5	4008	3914	3952	7949
5	4050	3927	3972	7950
5	4041	4005	3961	7951
5	4048	3969	3971	7952
5	4288	4252	4189	7953
5	4038	3958	3954	7954
5	4129	4054	4016	7955
5	4053	3975	3970	7956
5	4055	3975	4053	7957
5	4055	3976	3975	7958
5	4189	4160	4079	7959
5	3980	3930	3880	7960
5	3991	3896	3925	7961
5	3991	3980	3896	7962
5	4058	3966	4023	7963
5	3981	3934	3897	7964
5	4307	4204	4246	7965
5	4094	4062	4017	7966
5	4087	4075	3983	7967
5	4216	4150	4194	7968
5	4107	4000	4095	7969
5	3984	3938	3909	7970
5	4036	3956	3940	7971
5	3985	3935	3846	7972
5	3985	3846	3905	7973
5	3986	3933	3805	7974
5	4101	3988	4015	7975
5	3987	3981	3897	7976
5	3987	3897	3931	7977
5	4101	4011	3988	7978
5	4015	3805	3901	7979
5	4229	4174	4166	7980
5	4089	4027	4083	7981
5	4096	4001	3990	7982
5	4090	3990	4038	7983
5	4105	4091	4009	7984
5	4076	4014	4069	7985
5	4075	4019	3983	7986
5	3992	3939	3827	7987
5	4039	4024	3949	7988
5	4114	4025	4085	7989
5	4175	4112	4111	7990
5	4067	3933	3986	7991
5	3995	3910	3806	7992
5	3995	3806	3939	7993
5	4092	4071	3994	7994
5	4058	3979	3966	7995
5	4032	3937	4031	7996
5	4031	3942	4017	7997
5	4264	4230	4243	7998
5	4426	4330	4397	7999
5	4118	4045	4104	8000
5	4060	3935	3985	8001
5	4173	4134	4107	8002
5	4503	4402	4401	8003
5	4096	3990	4090	8004
5	4220	4155	4202	8005
5	4102	4013	4097	8006
5	4011	3919	3988	8007
5	4168	4098	4072	8008
5	4244	4218	4231	8009
5	4100	4034	4099	8010
5	4253	4167	4224	8011
5	4005	3984	3909	8012
5	4005	3909	3961	8013
5	4098	4003	3984	8014
5	4099	4034	4003	8015
5	3989	3902	3922	8016
5	4087	3982	4086	8017
5	4042	3959	3973	8018
5	4287	4251	4197	8019
5	4018	3968	3917	8020
5	4057	3977	4056	8021
5	4101	4010	4011	8022
5	4011	3860	3919	8023
5	4097	3861	4011	8024
5	4013	3899	3816	8025
5	4012	3908	3837	8026
5	4012	3837	3904	8027
5	4013	3944	3899	8028
5	4035	3951	3927	8029
5	4014	3925	3843	8030
5	4014	3843	3908	8031
5	4077	4015	3988	8032
5	4015	3986	3805	8033
5	4253	4227	4167	8034
5	4104	3978	4057	8035
5	4019	3921	3900	8036
5	4108	4029	4020	8037
5	4047	3970	3968	8038
5	4054	3915	4016	8039
5	4020	3898	3957	8040
5	4078	3993	4029	8041
5	3989	3922	3859	8042
5	3989	3859	3952	8043
5	4021	3998	3932	8044
5	4021	3932	3947	8045
5	4022	3941	3895	8046
5	4022	3895	3979	8047
5	4140	4119	4120	8048
5	4059	3930	3980	8049
5	4024	4021	3947	8050
5	4024	3947	3949	8051
5	4149	4114	4085	8052
5	4052	3916	4025	8053
5	4026	3985	3905	8054
5	4026	3905	3928	8055
5	4027	4018	3917	8056
5	4027	3917	3965	8057
5	4199	4137	4138	8058
5	4152	4063	4150	8059
5	4391	4294	4291	8060
5	4151	4081	4116	8061
5	4030	3999	3936	8062
5	4030	3936	3935	8063
5	4062	4031	4017	8064
5	4173	4107	4095	8065
5	4125	4113	3997	8066
5	4116	4081	4041	8067
5	4002	3946	3850	8068
5	4102	4097	4011	8069
5	4034	4006	3950	8070
5	4034	3950	3924	8071
5	4002	4013	3953	8072
5	4002	3953	3946	8073
5	4115	4036	4112	8074
5	4112	4032	4111	8075
5	4037	4020	3957	8076
5	4037	3957	3921	8077
5	4153	4004	4065	8078
5	4287	4197	4245	8079
5	4124	4051	4123	8080
5	4109	4021	4093	8081
5	4166	4108	4088	8082
5	4154	4081	4151	8083
5	4116	4041	4040	8084
5	4116	4040	4115	8085
5	4051	3974	3959	8086
5	4051	4039	3974	8087
5	4043	4027	3965	8088
5	4043	3965	3930	8089
5	4132	4023	4117	8090
5	4044	4023	3926	8091
5	4158	4030	4060	8092
5	4056	3977	3976	8093
5	4148	4126	4084	8094
5	4046	4007	3967	8095
5	4118	4079	4026	8096
5	4053	3970	4047	8097
5	4103	4001	4096	8098
5	4048	4046	3969	8099
5	4049	4042	3973	8100
5	4049	3973	3963	8101
5	4080	4008	4033	8102
5	4121	4049	4080	8103
5	4080	4033	4035	8104
5	4052	3923	3916	8105
5	4085	4025	3993	8106
5	4123	4051	4042	8107
5	4156	4057	4131	8108
5	4103	4016	4001	8109
5	4126	4053	4047	8110
5	4054	4048	3971	8111
5	4091	4044	4009	8112
5	4129	4016	4103	8113
5	4201	4068	4146	8114
5	4163	4090	4038	8115
5	4212	4202	4140	8116
5	4209	4131	4136	8117
5	4059	4043	3930	8118
5	4132	4058	4023	8119
5	4074	3980	3991	8120
5	4117	4023	4044	8121
5	4185	4104	4156	8122
5	4298	4241	4256	8123
5	4071	4012	3904	8124
5	4061	3992	3929	8125
5	4545	4493	4475	8126
5	4111	4032	4031	8127
5	4290	4260	4278	8128
5	4107	4028	4000	8129
5	4367	4300	4271	8130
5	4198	4153	4159	8131
5	4240	4198	4159	8132
5	4065	4004	3903	8133
5	4066	4063	3987	8134
5	4066	3987	4028	8135
5	4067	3995	3994	8136
5	4067	3994	3933	8137
5	4068	4065	3912	8138
5	4068	3912	4006	8139
5	4069	3996	3941	8140
5	4074	4059	3980	8141
5	4092	3995	3939	8142
5	4070	4012	4061	8143
5	4070	4014	3908	8144
5	4061	3929	3996	8145
5	4111	4031	4062	8146
5	4115	4040	4036	8147
5	4163	4038	4073	8148
5	4239	4187	4238	8149
5	4074	3991	4082	8150
5	4362	4313	4312	8151
5	4071	3992	4061	8152
5	4071	4061	4012	8153
5	4082	4022	3979	8154
5	4076	4082	3991	8155
5	4077	4067	3986	8156
5	4077	3986	4015	8157
5	4069	3941	4022	8158
5	4076	3925	4014	8159
5	4160	3985	4079	8160
5	4079	3985	4026	8161
5	4080	4049	4008	8162
5	4397	4330	4331	8163
5	4081	4072	4005	8164
5	4081	4005	4041	8165
5	4076	4069	4022	8166
5	4076	4022	4082	8167
5	4083	4027	4043	8168
5	4133	4059	4132	8169
5	4131	4056	4130	8170
5	4084	4047	4018	8171
5	4093	4021	4024	8172
5	4165	4094	4109	8173
5	4087	3983	3982	8174
5	4086	3982	3981	8175
5	4335	4290	4324	8176
5	4143	4062	4141	8177
5	4108	4020	4088	8178
5	4088	4020	4037	8179
5	4089	4084	4018	8180
5	4089	4018	4027	8181
5	4184	4140	4120	8182
5	4168	4072	4154	8183
5	4105	4009	4007	8184
5	4117	4044	4091	8185
5	4177	4115	4112	8186
5	4092	3992	4071	8187
5	4070	4061	3996	8188
5	4070	3996	4069	8189
5	4247	4199	4210	8190
5	4162	4087	4086	8191
5	4107	4066	4028	8192
5	4095	4000	3999	8193
5	4205	4188	4170	8194
5	4184	4120	4127	8195
5	4097	4002	3955	8196
5	4097	3955	3861	8197
5	4177	4112	4175	8198
5	4154	4072	4081	8199
5	4200	4147	4099	8200
5	4296	4147	4200	8201
5	4113	4050	3997	8202
5	4122	4050	4113	8203
5	4101	4015	3901	8204
5	4101	3901	4010	8205
5	4102	4010	3944	8206
5	4102	3944	4013	8207
5	4156	4104	4057	8208
5	4128	4055	4053	8209
5	4130	4055	4128	8210
5	4130	4056	4055	8211
5	4172	4091	4105	8212
5	4145	4084	4089	8213
5	4106	4093	4024	8214
5	4106	4024	4039	8215
5	4258	4203	4173	8216
5	4303	4281	4265	8217
5	4215	4181	4149	8218
5	4108	4078	4029	8219
5	4109	4094	3998	8220
5	4109	3998	4021	8221
5	4110	4088	4037	8222
5	4110	4037	4019	8223
5	4112	4036	4032	8224
5	4200	4099	4169	8225
5	4230	4142	4190	8226
5	4180	4106	4124	8227
5	4121	4042	4049	8228
5	4182	4124	4123	8229
5	4125	4052	4114	8230
5	4114	4052	4025	8231
5	4248	4200	4169	8232
5	4143	4111	4062	8233
5	4248	4169	4226	8234
5	4533	4508	4525	8235
5	4179	4091	4172	8236
5	4133	4132	4117	8237
5	4131	4057	4056	8238
5	4158	4064	4030	8239
5	4119	4105	4007	8240
5	4119	4007	4046	8241
5	4120	4119	4046	8242
5	4120	4046	4048	8243
5	4123	4042	4121	8244
5	4142	4109	4093	8245
5	4122	4121	4080	8246
5	4122	4080	4035	8247
5	4176	4122	4113	8248
5	4124	4106	4039	8249
5	4125	3997	4052	8250
5	4181	4114	4149	8251
5	4180	4161	4106	8252
5	4176	4121	4122	8253
5	4256	4241	4135	8254
5	4128	4053	4126	8255
5	4227	4170	4167	8256
5	4127	4120	4048	8257
5	4332	4258	4289	8258
5	4333	4251	4287	8259
5	4155	4105	4119	8260
5	4129	4127	4054	8261
5	4224	4167	4090	8262
5	4221	4188	4205	8263
5	4074	4082	4058	8264
5	4132	4074	4058	8265
5	4133	4043	4059	8266
5	4132	4059	4074	8267
5	4179	4172	4171	8268
5	4133	4083	4043	8269
5	4288	4189	4241	8270
5	4379	4346	4288	8271
5	4209	4193	4156	8272
5	4155	4119	4140	8273
5	4136	4131	4130	8274
5	4187	4128	4157	8275
5	4137	4110	4075	8276
5	4450	4403	4393	8277
5	4138	4137	4075	8278
5	4138	4075	4087	8279
5	4178	4116	4115	8280
5	4235	4183	4181	8281
5	4212	4140	4184	8282
5	4157	4128	4126	8283
5	4175	4111	4143	8284
5	4232	4175	4191	8285
5	4165	4109	4142	8286
5	4165	4141	4094	8287
5	4207	4164	4206	8288
5	4233	4231	4178	8289
5	4144	4095	4064	8290
5	4399	4332	4289	8291
5	4148	4084	4145	8292
5	4251	4146	4197	8293
5	4146	4068	4006	8294
5	4146	4006	4100	8295
5	4147	4100	4099	8296
5	4169	4098	4168	8297
5	4157	4126	4148	8298
5	4187	4130	4128	8299
5	4266	4207	4206	8300
5	4161	4093	4106	8301
5	4152	4086	4063	8302
5	4162	4086	4152	8303
5	4178	4115	4177	8304
5	4348	4296	4248	8305
5	4278	4222	4216	8306
5	4338	4324	4261	8307
5	4201	4159	4068	8308
5	4170	4103	4096	8309
5	4291	4240	4201	8310
5	4225	4154	4218	8311
5	4228	4145	4171	8312
5	4171	4089	4083	8313
5	4185	4118	4104	8314
5	4185	4135	4118	8315
5	4188	4103	4170	8316
5	4237	4212	4184	8317
5	4208	4148	4196	8318
5	4252	4160	4189	8319
5	4159	4153	4065	8320
5	4159	4065	4068	8321
5	4252	4060	4160	8322
5	4160	4060	3985	8323
5	4174	4078	4108	8324
5	4161	4142	4093	8325
5	4402	4343	4401	8326
5	4222	4152	4216	8327
5	4217	4073	4153	8328
5	4294	4240	4291	8329
5	4164	4149	4085	8330
5	4164	4085	4078	8331
5	4214	4137	4199	8332
5	4166	4088	4139	8333
5	4174	4108	4166	8334
5	4174	4164	4078	8335
5	4167	4096	4090	8336
5	4346	4252	4288	8337
5	4339	4302	4325	8338
5	4233	4177	4232	8339
5	4283	4232	4250	8340
5	4226	4169	4168	8341
5	4238	4187	4157	8342
5	4208	4157	4148	8343
5	4391	4291	4376	8344
5	4171	4145	4089	8345
5	4179	4171	4083	8346
5	4188	4129	4103	8347
5	4418	4392	4354	8348
5	4444	4384	4344	8349
5	4235	4181	4215	8350
5	4207	4149	4164	8351
5	4378	4295	4345	8352
5	4178	4151	4116	8353
5	4182	4180	4124	8354
5	4181	4125	4114	8355
5	4279	4218	4244	8356
5	4340	4297	4316	8357
5	4206	4164	4174	8358
5	4281	4229	4265	8359
5	4188	4186	4129	8360
5	4179	4117	4091	8361
5	4182	4123	4176	8362
5	4176	4123	4121	8363
5	4183	4125	4181	8364
5	4183	4113	4125	8365
5	4183	4176	4113	8366
5	4215	4149	4207	8367
5	4234	4180	4182	8368
5	4236	4234	4182	8369
5	4202	4155	4140	8370
5	4196	4148	4145	8371
5	4307	4242	4204	8372
5	4256	4185	4193	8373
5	4186	4184	4127	8374
5	4186	4127	4129	8375
5	4237	4186	4221	8376
5	4187	4136	4130	8377
5	4179	4083	4133	8378
5	4179	4133	4117	8379
5	4372	4256	4300	8380
5	4242	4144	4204	8381
5	4222	4162	4152	8382
5	4350	4314	4323	8383
5	4191	4175	4143	8384
5	4213	4143	4141	8385
5	4192	4173	4095	8386
5	4192	4095	4144	8387
5	4193	4185	4156	8388
5	4379	4377	4346	8389
5	4194	4150	4134	8390
5	4399	4336	4383	8391
5	4195	4190	4161	8392
5	4195	4161	4180	8393
5	4407	4349	4305	8394
5	4209	4156	4131	8395
5	4197	4146	4100	8396
5	4197	4100	4147	8397
5	4217	4163	4073	8398
5	4217	4153	4198	8399
5	4282	4244	4231	8400
5	4437	4394	4405	8401
5	4225	4168	4154	8402
5	4226	4168	4225	8403
5	4375	4287	4330	8404
5	4291	4201	4251	8405
5	4228	4196	4145	8406
5	4219	4171	4172	8407
5	4262	4134	4203	8408
5	4203	4134	4173	8409
5	4204	4144	4064	8410
5	4204	4064	4158	8411
5	4380	4319	4349	8412
5	4263	4217	4259	8413
5	4283	4282	4233	8414
5	4265	4229	4211	8415
5	4255	4213	4223	8416
5	4371	4326	4309	8417
5	4270	4205	4249	8418
5	4299	4284	4268	8419
5	4321	4270	4319	8420
5	4410	4298	4372	8421
5	4210	4199	4138	8422
5	4210	4138	4162	8423
5	4229	4166	4211	8424
5	4211	4166	4139	8425
5	4284	4237	4268	8426
5	4269	4238	4208	8427
5	4243	4230	4190	8428
5	4213	4191	4143	8429
5	4214	4211	4139	8430
5	4214	4139	4137	8431
5	4278	4216	4261	8432
5	4276	4195	4234	8433
5	4222	4210	4162	8434
5	4216	4152	4150	8435
5	4227	4205	4170	8436
5	4224	4090	4163	8437
5	4218	4154	4151	8438
5	4232	4177	4175	8439
5	4277	4196	4228	8440
5	4228	4171	4219	8441
5	4220	4219	4172	8442
5	4220	4172	4155	8443
5	4237	4184	4186	8444
5	4221	4186	4188	8445
5	4309	4250	4293	8446
5	4274	4191	4213	8447
5	4223	4213	4141	8448
5	4223	4141	4165	8449
5	4457	4434	4386	8450
5	4395	4390	4368	8451
5	4548	4457	4530	8452
5	4301	4244	4282	8453
5	4279	4225	4218	8454
5	4280	4225	4279	8455
5	4268	4237	4221	8456
5	4249	4205	4227	8457
5	4420	4331	4381	8458
5	4555	4515	4513	8459
5	4275	4215	4207	8460
5	4229	4206	4174	8461
5	4230	4223	4165	8462
5	4230	4165	4142	8463
5	4231	4218	4151	8464
5	4231	4151	4178	8465
5	4233	4178	4177	8466
5	4325	4244	4301	8467
5	4322	4274	4255	8468
5	4282	4231	4233	8469
5	4267	4190	4195	8470
5	4234	4195	4180	8471
5	4236	4182	4176	8472
5	4236	4176	4183	8473
5	4236	4183	4235	8474
5	4236	4235	4234	8475
5	4238	4157	4208	8476
5	4304	4269	4272	8477
5	4312	4263	4259	8478
5	4328	4286	4239	8479
5	4286	4136	4239	8480
5	4239	4136	4187	8481
5	4251	4201	4146	8482
5	4436	4413	4389	8483
5	4256	4135	4185	8484
5	4496	4459	4442	8485
5	4382	4354	4361	8486
5	4441	4377	4428	8487
5	4257	4199	4247	8488
5	4326	4282	4283	8489
5	4359	4325	4301	8490
5	4250	4232	4191	8491
5	4296	4200	4248	8492
5	4280	4226	4225	8493
5	4383	4336	4337	8494
5	4246	4204	4158	8495
5	4324	4278	4261	8496
5	4343	4203	4258	8497
5	4375	4333	4287	8498
5	4338	4261	4311	8499
5	4308	4284	4299	8500
5	4300	4256	4193	8501
5	4369	4322	4315	8502
5	4306	4260	4290	8503
5	4348	4248	4295	8504
5	4330	4287	4245	8505
5	4310	4060	4252	8506
5	4310	4158	4060	8507
5	4320	4269	4304	8508
5	4407	4305	4363	8509
5	4275	4207	4266	8510
5	4265	4211	4254	8511
5	4274	4213	4255	8512
5	4274	4250	4191	8513
5	4271	4193	4209	8514
5	4300	4193	4271	8515
5	4257	4254	4214	8516
5	4257	4214	4199	8517
5	4324	4290	4278	8518
5	4422	4374	4402	8519
5	4263	4163	4217	8520
5	4263	4224	4163	8521
5	4260	4247	4210	8522
5	4260	4210	4222	8523
5	4278	4260	4222	8524
5	4261	4216	4194	8525
5	4364	4314	4350	8526
5	4262	4194	4134	8527
5	4423	4362	4384	8528
5	4313	4263	4312	8529
5	4264	4255	4223	8530
5	4264	4223	4230	8531
5	4322	4293	4274	8532
5	4345	4280	4302	8533
5	4316	4266	4281	8534
5	4327	4275	4297	8535
5	4297	4275	4266	8536
5	4267	4243	4190	8537
5	4285	4238	4269	8538
5	4273	4202	4212	8539
5	4376	4291	4333	8540
5	4321	4268	4270	8541
5	4270	4268	4221	8542
5	4270	4221	4205	8543
5	4411	4300	4367	8544
5	4328	4239	4285	8545
5	4272	4269	4208	8546
5	4272	4208	4196	8547
5	4277	4228	4219	8548
5	4277	4220	4202	8549
5	4403	4351	4355	8550
5	4293	4250	4274	8551
5	4276	4234	4235	8552
5	4283	4233	4232	8553
5	4276	4235	4215	8554
5	4276	4215	4275	8555
5	4277	4272	4196	8556
5	4277	4219	4220	8557
5	4386	4339	4359	8558
5	4292	4257	4247	8559
5	4434	4387	4339	8560
5	4387	4345	4302	8561
5	4277	4202	4273	8562
5	4388	4360	4308	8563
5	4281	4266	4206	8564
5	4281	4206	4229	8565
5	4315	4255	4264	8566
5	4424	4412	4421	8567
5	4327	4276	4275	8568
5	4276	4267	4195	8569
5	4284	4273	4212	8570
5	4284	4212	4237	8571
5	4286	4271	4209	8572
5	4285	4239	4238	8573
5	4372	4298	4256	8574
5	4438	4334	4380	8575
5	4444	4344	4391	8576
5	4423	4406	4362	8577
5	4346	4310	4252	8578
5	4392	4337	4307	8579
5	4289	4258	4192	8580
5	4289	4192	4144	8581
5	4341	4290	4335	8582
5	4347	4203	4343	8583
5	4345	4295	4280	8584
5	4381	4331	4296	8585
5	4425	4374	4422	8586
5	4605	4581	4601	8587
5	4370	4293	4322	8588
5	4326	4283	4309	8589
5	4294	4259	4198	8590
5	4294	4198	4240	8591
5	4295	4248	4226	8592
5	4295	4226	4280	8593
5	4391	4344	4294	8594
5	4473	4426	4397	8595
5	4316	4281	4303	8596
5	4323	4257	4292	8597
5	4435	4410	4372	8598
5	4501	4443	4456	8599
5	4308	4273	4284	8600
5	4353	4320	4304	8601
5	4319	4270	4249	8602
5	4329	4271	4286	8603
5	4309	4283	4250	8604
5	4427	4386	4394	8605
5	4302	4280	4279	8606
5	4554	4513	4511	8607
5	4529	4522	4524	8608
5	4327	4267	4276	8609
5	4320	4285	4269	8610
5	4379	4288	4342	8611
5	4305	4249	4227	8612
5	4305	4227	4253	8613
5	4306	4292	4247	8614
5	4306	4247	4260	8615
5	4440	4342	4410	8616
5	4432	4332	4399	8617
5	4360	4304	4272	8618
5	4360	4273	4308	8619
5	4326	4301	4282	8620
5	4359	4301	4356	8621
5	4361	4310	4346	8622
5	4310	4246	4158	8623
5	4311	4261	4194	8624
5	4311	4194	4262	8625
5	4313	4253	4224	8626
5	4313	4224	4263	8627
5	4349	4319	4249	8628
5	4363	4313	4362	8629
5	4314	4303	4265	8630
5	4314	4265	4254	8631
5	4624	4582	4570	8632
5	4322	4255	4315	8633
5	4352	4315	4317	8634
5	4316	4297	4266	8635
5	4317	4315	4264	8636
5	4317	4264	4243	8637
5	4318	4317	4243	8638
5	4318	4243	4267	8639
5	4404	4320	4353	8640
5	4334	4321	4319	8641
5	4390	4353	4357	8642
5	4404	4353	4390	8643
5	4357	4308	4299	8644
5	4321	4299	4268	8645
5	4364	4303	4314	8646
5	4370	4358	4293	8647
5	4323	4314	4254	8648
5	4323	4254	4257	8649
5	4429	4335	4398	8650
5	4393	4355	4341	8651
5	4325	4302	4279	8652
5	4325	4279	4244	8653
5	4341	4306	4290	8654
5	4355	4306	4341	8655
5	4327	4297	4318	8656
5	4327	4318	4267	8657
5	4390	4357	4368	8658
5	4329	4286	4328	8659
5	4349	4249	4305	8660
5	4380	4334	4319	8661
5	4430	4348	4378	8662
5	4535	4501	4456	8663
5	4331	4330	4245	8664
5	4331	4245	4296	8665
5	4343	4258	4332	8666
5	4402	4347	4343	8667
5	4443	4391	4376	8668
5	4381	4296	4348	8669
5	4366	4285	4320	8670
5	4368	4321	4334	8671
5	4425	4338	4374	8672
5	4464	4392	4418	8673
5	4399	4289	4336	8674
5	4336	4289	4242	8675
5	4337	4336	4242	8676
5	4337	4242	4307	8677
5	4347	4262	4203	8678
5	4598	4560	4559	8679
5	4371	4309	4358	8680
5	4400	4341	4335	8681
5	4365	4316	4303	8682
5	4340	4318	4297	8683
5	4476	4433	4400	8684
5	4522	4461	4486	8685
5	4342	4288	4241	8686
5	4342	4241	4298	8687
5	4347	4311	4262	8688
5	4572	4536	4500	8689
5	4344	4312	4259	8690
5	4344	4259	4294	8691
5	4626	4537	4576	8692
5	4378	4348	4295	8693
5	4354	4307	4246	8694
5	4646	4566	4621	8695
5	4433	4393	4400	8696
5	4471	4401	4432	8697
5	4434	4339	4386	8698
5	4511	4460	4497	8699
5	4406	4363	4362	8700
5	4448	4390	4395	8701
5	4358	4309	4293	8702
5	4356	4301	4326	8703
5	4351	4350	4323	8704
5	4351	4323	4292	8705
5	4539	4495	4472	8706
5	4369	4315	4352	8707
5	4404	4396	4366	8708
5	4366	4328	4285	8709
5	4382	4361	4377	8710
5	4418	4354	4382	8711
5	4355	4351	4292	8712
5	4355	4292	4306	8713
5	4359	4339	4325	8714
5	4387	4302	4339	8715
5	4388	4304	4360	8716
5	4388	4308	4357	8717
5	4371	4356	4326	8718
5	4465	4430	4460	8719
5	4340	4352	4317	8720
5	4340	4317	4318	8721
5	4360	4272	4277	8722
5	4360	4277	4273	8723
5	4361	4354	4246	8724
5	4361	4246	4310	8725
5	4363	4305	4253	8726
5	4363	4253	4313	8727
5	4438	4395	4334	8728
5	4407	4363	4406	8729
5	4365	4340	4316	8730
5	4365	4303	4364	8731
5	4389	4369	4352	8732
5	4409	4340	4365	8733
5	4367	4271	4329	8734
5	4373	4328	4366	8735
5	4464	4442	4392	8736
5	4439	4411	4367	8737
5	4368	4357	4299	8738
5	4368	4299	4321	8739
5	4408	4365	4364	8740
5	4370	4322	4369	8741
5	4424	4408	4412	8742
5	4414	4351	4403	8743
5	4569	4563	4523	8744
5	4445	4421	4414	8745
5	4462	4411	4439	8746
5	4446	4373	4396	8747
5	4462	4435	4372	8748
5	4373	4329	4328	8749
5	4374	4338	4311	8750
5	4374	4311	4347	8751
5	4426	4375	4330	8752
5	4444	4391	4443	8753
5	4535	4431	4463	8754
5	4513	4467	4465	8755
5	4567	4493	4545	8756
5	4377	4361	4346	8757
5	4613	4577	4547	8758
5	4556	4498	4550	8759
5	4428	4377	4379	8760
5	4479	4428	4440	8761
5	4469	4439	4416	8762
5	4525	4489	4488	8763
5	4467	4420	4465	8764
5	4463	4431	4375	8765
5	4410	4342	4298	8766
5	4440	4428	4379	8767
5	4392	4307	4354	8768
5	4657	4603	4655	8769
5	4384	4362	4312	8770
5	4384	4312	4344	8771
5	4415	4358	4385	8772
5	4385	4358	4370	8773
5	4483	4450	4433	8774
5	4405	4394	4356	8775
5	4420	4397	4331	8776
5	4473	4397	4467	8777
5	4388	4357	4353	8778
5	4388	4353	4304	8779
5	4413	4369	4389	8780
5	4413	4370	4369	8781
5	4396	4373	4366	8782
5	4395	4368	4334	8783
5	4451	4407	4406	8784
5	4508	4484	4438	8785
5	4442	4337	4392	8786
5	4441	4382	4377	8787
5	4403	4355	4393	8788
5	4445	4414	4403	8789
5	4394	4386	4359	8790
5	4394	4359	4356	8791
5	4526	4484	4508	8792
5	4404	4366	4320	8793
5	4515	4467	4513	8794
5	4574	4547	4501	8795
5	4465	4420	4430	8796
5	4588	4494	4548	8797
5	4398	4335	4324	8798
5	4398	4324	4338	8799
5	4401	4343	4332	8800
5	4402	4374	4347	8801
5	4603	4539	4571	8802
5	4425	4398	4338	8803
5	4666	4610	4598	8804
5	4506	4475	4441	8805
5	4540	4509	4458	8806
5	4429	4400	4335	8807
5	4450	4393	4433	8808
5	4405	4356	4371	8809
5	4485	4448	4484	8810
5	4449	4396	4404	8811
5	4627	4568	4529	8812
5	4490	4470	4453	8813
5	4463	4375	4426	8814
5	4557	4480	4519	8815
5	4481	4444	4443	8816
5	4452	4407	4451	8817
5	4409	4352	4340	8818
5	4409	4365	4408	8819
5	4409	4408	4389	8820
5	4409	4389	4352	8821
5	4416	4367	4329	8822
5	4411	4372	4300	8823
5	4462	4372	4411	8824
5	4416	4329	4373	8825
5	4412	4408	4364	8826
5	4412	4364	4350	8827
5	4421	4412	4414	8828
5	4413	4385	4370	8829
5	4414	4412	4350	8830
5	4414	4350	4351	8831
5	4415	4405	4371	8832
5	4415	4371	4358	8833
5	4498	4439	4469	8834
5	4440	4379	4342	8835
5	4417	4378	4345	8836
5	4417	4345	4387	8837
5	4442	4383	4337	8838
5	4566	4538	4543	8839
5	4447	4415	4419	8840
5	4419	4415	4385	8841
5	4537	4502	4473	8842
5	4515	4473	4467	8843
5	4585	4529	4565	8844
5	4424	4389	4408	8845
5	4504	4472	4422	8846
5	4503	4401	4471	8847
5	4542	4525	4488	8848
5	4501	4481	4443	8849
5	4453	4419	4385	8850
5	4436	4389	4424	8851
5	4476	4400	4429	8852
5	4450	4445	4403	8853
5	4467	4397	4420	8854
5	4502	4426	4473	8855
5	4583	4530	4582	8856
5	4492	4474	4437	8857
5	4531	4496	4464	8858
5	4597	4559	4558	8859
5	4539	4472	4504	8860
5	4571	4539	4504	8861
5	4430	4420	4381	8862
5	4430	4381	4348	8863
5	4431	4376	4333	8864
5	4431	4333	4375	8865
5	4528	4504	4503	8866
5	4699	4697	4658	8867
5	4604	4539	4603	8868
5	4505	4491	4487	8869
5	4570	4544	4492	8870
5	4457	4386	4427	8871
5	4478	4440	4410	8872
5	4478	4410	4435	8873
5	4477	4424	4421	8874
5	4453	4413	4436	8875
5	4474	4394	4437	8876
5	4474	4427	4394	8877
5	4446	4416	4373	8878
5	4439	4367	4416	8879
5	4448	4404	4390	8880
5	4571	4504	4528	8881
5	4479	4440	4478	8882
5	4506	4441	4480	8883
5	4517	4478	4435	8884
5	4480	4428	4479	8885
5	4475	4382	4441	8886
5	4496	4442	4464	8887
5	4466	4406	4423	8888
5	4537	4473	4515	8889
5	4466	4451	4406	8890
5	4482	4444	4481	8891
5	4492	4437	4461	8892
5	4453	4385	4413	8893
5	4542	4488	4512	8894
5	4589	4514	4549	8895
5	4447	4437	4405	8896
5	4447	4405	4415	8897
5	4508	4438	4489	8898
5	4449	4404	4448	8899
5	4556	4516	4498	8900
5	4469	4416	4446	8901
5	4540	4458	4495	8902
5	4477	4436	4424	8903
5	4452	4380	4349	8904
5	4452	4349	4407	8905
5	4484	4448	4395	8906
5	4489	4438	4380	8907
5	4470	4419	4453	8908
5	4491	4421	4445	8909
5	4454	4432	4399	8910
5	4454	4399	4383	8911
5	4455	4417	4387	8912
5	4455	4387	4434	8913
5	4456	4443	4376	8914
5	4456	4376	4431	8915
5	4582	4530	4544	8916
5	4583	4548	4530	8917
5	4458	4429	4398	8918
5	4458	4398	4425	8919
5	4459	4454	4383	8920
5	4459	4383	4442	8921
5	4460	4430	4378	8922
5	4460	4378	4417	8923
5	4461	4437	4447	8924
5	4487	4445	4450	8925
5	4510	4468	4507	8926
5	4484	4395	4438	8927
5	4649	4622	4579	8928
5	4535	4456	4431	8929
5	4519	4480	4479	8930
5	4475	4418	4382	8931
5	4584	4532	4502	8932
5	4541	4497	4455	8933
5	4600	4542	4512	8934
5	4580	4578	4564	8935
5	4511	4465	4460	8936
5	4513	4465	4511	8937
5	4468	4446	4396	8938
5	4468	4396	4449	8939
5	4525	4508	4489	8940
5	4488	4452	4451	8941
5	4486	4419	4470	8942
5	4486	4447	4419	8943
5	4528	4503	4471	8944
5	4504	4422	4503	8945
5	4472	4458	4425	8946
5	4472	4425	4422	8947
5	4553	4511	4497	8948
5	4502	4463	4426	8949
5	4544	4474	4492	8950
5	4509	4476	4429	8951
5	4480	4441	4428	8952
5	4545	4475	4506	8953
5	4546	4492	4461	8954
5	4487	4450	4483	8955
5	4490	4436	4477	8956
5	4490	4453	4436	8957
5	4507	4468	4485	8958
5	4498	4462	4439	8959
5	4510	4469	4446	8960
5	4519	4479	4518	8961
5	4516	4435	4462	8962
5	4518	4479	4478	8963
5	4482	4423	4384	8964
5	4482	4384	4444	8965
5	4674	4659	4616	8966
5	4521	4482	4520	8967
5	4569	4523	4536	8968
5	4551	4500	4476	8969
5	4485	4449	4448	8970
5	4485	4468	4449	8971
5	4517	4435	4516	8972
5	4677	4673	4636	8973
5	4546	4461	4522	8974
5	4486	4461	4447	8975
5	4527	4490	4477	8976
5	4523	4487	4483	8977
5	4489	4452	4488	8978
5	4489	4380	4452	8979
5	4611	4561	4577	8980
5	4526	4485	4484	8981
5	4527	4477	4491	8982
5	4491	4445	4487	8983
5	4527	4470	4490	8984
5	4491	4477	4421	8985
5	4652	4609	4588	8986
5	4582	4544	4570	8987
5	4493	4464	4418	8988
5	4493	4418	4475	8989
5	4494	4455	4434	8990
5	4494	4434	4457	8991
5	4509	4429	4458	8992
5	4495	4458	4472	8993
5	4531	4464	4493	8994
5	4558	4517	4516	8995
5	4497	4460	4417	8996
5	4497	4417	4455	8997
5	4518	4478	4517	8998
5	4516	4462	4498	8999
5	4499	4471	4432	9000
5	4499	4432	4454	9001
5	4500	4483	4433	9002
5	4500	4433	4476	9003
5	4520	4482	4481	9004
5	4547	4520	4481	9005
5	4535	4463	4532	9006
5	4532	4463	4502	9007
5	4607	4495	4604	9008
5	4503	4422	4402	9009
5	4549	4459	4496	9010
5	4655	4605	4639	9011
5	4565	4505	4563	9012
5	4527	4491	4505	9013
5	4606	4531	4567	9014
5	4590	4557	4519	9015
5	4510	4446	4468	9016
5	4550	4498	4469	9017
5	4534	4508	4533	9018
5	4561	4521	4520	9019
5	4536	4483	4500	9020
5	4607	4586	4540	9021
5	4558	4516	4556	9022
5	4564	4526	4534	9023
5	4609	4608	4587	9024
5	4541	4455	4494	9025
5	4512	4488	4451	9026
5	4512	4451	4466	9027
5	4592	4555	4554	9028
5	4619	4588	4548	9029
5	4514	4499	4454	9030
5	4514	4454	4459	9031
5	4555	4513	4554	9032
5	4576	4515	4555	9033
5	4674	4616	4644	9034
5	4560	4519	4518	9035
5	4578	4552	4564	9036
5	4559	4517	4558	9037
5	4632	4595	4620	9038
5	4620	4595	4557	9039
5	4634	4597	4596	9040
5	4559	4518	4517	9041
5	4521	4466	4423	9042
5	4521	4423	4482	9043
5	4909	4870	4819	9044
5	4562	4521	4561	9045
5	4563	4505	4523	9046
5	4694	4660	4614	9047
5	4570	4492	4546	9048
5	4523	4505	4487	9049
5	4524	4522	4486	9050
5	4524	4486	4470	9051
5	4598	4559	4597	9052
5	4648	4577	4613	9053
5	4534	4526	4508	9054
5	4526	4507	4485	9055
5	4568	4546	4522	9056
5	4527	4524	4470	9057
5	4617	4536	4572	9058
5	4754	4739	4744	9059
5	4565	4529	4524	9060
5	4536	4523	4483	9061
5	4777	4719	4774	9062
5	4530	4457	4427	9063
5	4567	4531	4493	9064
5	4589	4543	4514	9065
5	4648	4611	4577	9066
5	4626	4584	4537	9067
5	4613	4547	4574	9068
5	4576	4537	4515	9069
5	4560	4518	4559	9070
5	4550	4469	4510	9071
5	4579	4533	4525	9072
5	4547	4481	4501	9073
5	4658	4607	4604	9074
5	4664	4624	4641	9075
5	4584	4502	4537	9076
5	4711	4675	4685	9077
5	4538	4528	4471	9078
5	4538	4471	4499	9079
5	4647	4614	4586	9080
5	4586	4509	4540	9081
5	4586	4551	4509	9082
5	4551	4476	4509	9083
5	4554	4511	4553	9084
5	4609	4587	4541	9085
5	4611	4599	4561	9086
5	4649	4579	4637	9087
5	4543	4538	4499	9088
5	4543	4499	4514	9089
5	4544	4530	4427	9090
5	4544	4427	4474	9091
5	4712	4646	4693	9092
5	4606	4575	4531	9093
5	4607	4540	4495	9094
5	4615	4563	4569	9095
5	4574	4501	4535	9096
5	4880	4848	4845	9097
5	4588	4541	4494	9098
5	4548	4494	4457	9099
5	4621	4566	4543	9100
5	4549	4514	4459	9101
5	4596	4556	4594	9102
5	4590	4519	4560	9103
5	4572	4500	4551	9104
5	4678	4650	4615	9105
5	4552	4550	4510	9106
5	4552	4510	4507	9107
5	4777	4753	4719	9108
5	4592	4554	4591	9109
5	4619	4548	4583	9110
5	4591	4554	4553	9111
5	4651	4576	4618	9112
5	4745	4726	4741	9113
5	4593	4552	4578	9114
5	4632	4545	4595	9115
5	4620	4557	4590	9116
5	4557	4506	4480	9117
5	4579	4525	4542	9118
5	4595	4506	4557	9119
5	4593	4550	4552	9120
5	4594	4556	4550	9121
5	4666	4598	4635	9122
5	4596	4558	4556	9123
5	4562	4512	4466	9124
5	4562	4466	4521	9125
5	4902	4828	4866	9126
5	4677	4636	4640	9127
5	4568	4522	4529	9128
5	4585	4565	4563	9129
5	4564	4552	4507	9130
5	4564	4507	4526	9131
5	4565	4524	4527	9132
5	4565	4527	4505	9133
5	4621	4543	4589	9134
5	4716	4686	4667	9135
5	4681	4645	4610	9136
5	4712	4676	4646	9137
5	4609	4541	4588	9138
5	4625	4582	4624	9139
5	4779	4720	4746	9140
5	4641	4624	4602	9141
5	4624	4570	4602	9142
5	4617	4569	4536	9143
5	4581	4538	4566	9144
5	4604	4495	4539	9145
5	4650	4627	4585	9146
5	4655	4603	4605	9147
5	4574	4535	4573	9148
5	4573	4535	4532	9149
5	4599	4562	4561	9150
5	4763	4734	4689	9151
5	4575	4549	4496	9152
5	4575	4496	4531	9153
5	4638	4612	4584	9154
5	4665	4591	4608	9155
5	4577	4561	4520	9156
5	4577	4520	4547	9157
5	4580	4564	4534	9158
5	4622	4533	4579	9159
5	4630	4578	4623	9160
5	4580	4534	4533	9161
5	4690	4611	4648	9162
5	4622	4580	4533	9163
5	4581	4571	4528	9164
5	4581	4528	4538	9165
5	4732	4663	4703	9166
5	4678	4615	4643	9167
5	4703	4625	4664	9168
5	4701	4641	4661	9169
5	4638	4584	4626	9170
5	4747	4679	4713	9171
5	4615	4585	4563	9172
5	4627	4529	4585	9173
5	4667	4567	4632	9174
5	4693	4646	4621	9175
5	4587	4553	4497	9176
5	4587	4497	4541	9177
5	4713	4679	4654	9178
5	4653	4608	4609	9179
5	4715	4693	4642	9180
5	4776	4742	4709	9181
5	4736	4645	4681	9182
5	4707	4666	4635	9183
5	4704	4653	4696	9184
5	4766	4695	4727	9185
5	4848	4810	4845	9186
5	4713	4654	4675	9187
5	4597	4558	4596	9188
5	4594	4550	4593	9189
5	4662	4580	4622	9190
5	4623	4578	4580	9191
5	4667	4606	4567	9192
5	4595	4545	4506	9193
5	4630	4593	4578	9194
5	4631	4593	4630	9195
5	4709	4672	4671	9196
5	4635	4598	4597	9197
5	4631	4594	4593	9198
5	4633	4596	4594	9199
5	4600	4562	4599	9200
5	4600	4512	4562	9201
5	4633	4594	4631	9202
5	4637	4579	4542	9203
5	4601	4581	4566	9204
5	4676	4601	4646	9205
5	4602	4570	4546	9206
5	4602	4546	4568	9207
5	4698	4655	4682	9208
5	4768	4678	4725	9209
5	4657	4604	4603	9210
5	4650	4585	4615	9211
5	4605	4603	4571	9212
5	4605	4571	4581	9213
5	4628	4549	4575	9214
5	4716	4667	4680	9215
5	4647	4586	4607	9216
5	4646	4601	4566	9217
5	4608	4591	4553	9218
5	4608	4553	4587	9219
5	4717	4650	4678	9220
5	4625	4583	4582	9221
5	4610	4590	4560	9222
5	4610	4560	4598	9223
5	4735	4690	4695	9224
5	4636	4600	4599	9225
5	4612	4573	4532	9226
5	4612	4532	4584	9227
5	4640	4636	4599	9228
5	4719	4644	4683	9229
5	4614	4572	4551	9230
5	4614	4551	4586	9231
5	4660	4617	4572	9232
5	4661	4568	4627	9233
5	4616	4613	4574	9234
5	4616	4574	4573	9235
5	4725	4678	4643	9236
5	4643	4569	4617	9237
5	4618	4576	4555	9238
5	4618	4555	4592	9239
5	4652	4588	4619	9240
5	4683	4644	4612	9241
5	4671	4634	4633	9242
5	4749	4681	4729	9243
5	4676	4639	4601	9244
5	4628	4589	4549	9245
5	4932	4873	4888	9246
5	4742	4672	4709	9247
5	4640	4599	4611	9248
5	4687	4662	4622	9249
5	4775	4724	4740	9250
5	4797	4758	4732	9251
5	4720	4703	4664	9252
5	4643	4615	4569	9253
5	4689	4626	4651	9254
5	4763	4689	4651	9255
5	4663	4583	4625	9256
5	4661	4641	4602	9257
5	4714	4656	4686	9258
5	4680	4632	4620	9259
5	4629	4592	4591	9260
5	4665	4629	4591	9261
5	4803	4728	4761	9262
5	4634	4596	4633	9263
5	4669	4633	4631	9264
5	4635	4597	4634	9265
5	4681	4610	4666	9266
5	4632	4567	4545	9267
5	4672	4634	4671	9268
5	4687	4622	4649	9269
5	4668	4631	4630	9270
5	4730	4670	4692	9271
5	4709	4671	4708	9272
5	4672	4635	4634	9273
5	4637	4600	4636	9274
5	4637	4542	4600	9275
5	4662	4623	4580	9276
5	4680	4667	4632	9277
5	4651	4626	4576	9278
5	4755	4675	4711	9279
5	4639	4605	4601	9280
5	4849	4781	4823	9281
5	4752	4718	4735	9282
5	4814	4777	4774	9283
5	4764	4748	4737	9284
5	4660	4572	4614	9285
5	4642	4621	4589	9286
5	4642	4589	4628	9287
5	4739	4698	4710	9288
5	4684	4617	4660	9289
5	4644	4616	4573	9290
5	4644	4573	4612	9291
5	4645	4620	4590	9292
5	4645	4590	4610	9293
5	4693	4621	4642	9294
5	4849	4829	4781	9295
5	4699	4657	4698	9296
5	4684	4643	4617	9297
5	4722	4662	4687	9298
5	4690	4640	4611	9299
5	4708	4669	4705	9300
5	4723	4649	4673	9301
5	4724	4688	4701	9302
5	4661	4602	4568	9303
5	4794	4713	4755	9304
5	4683	4612	4638	9305
5	4665	4608	4653	9306
5	4653	4609	4652	9307
5	4704	4665	4653	9308
5	4704	4685	4665	9309
5	4654	4618	4592	9310
5	4654	4592	4629	9311
5	4698	4657	4655	9312
5	4658	4604	4657	9313
5	4656	4628	4575	9314
5	4656	4575	4606	9315
5	4748	4721	4737	9316
5	4658	4647	4607	9317
5	4799	4784	4748	9318
5	4829	4756	4781	9319
5	4659	4648	4613	9320
5	4659	4613	4616	9321
5	4757	4684	4721	9322
5	4821	4790	4750	9323
5	4700	4627	4650	9324
5	4700	4661	4627	9325
5	4669	4631	4668	9326
5	4671	4633	4669	9327
5	4702	4619	4663	9328
5	4663	4619	4583	9329
5	4801	4741	4773	9330
5	4664	4625	4624	9331
5	4778	4651	4679	9332
5	4877	4779	4817	9333
5	4729	4666	4707	9334
5	4759	4715	4691	9335
5	4715	4642	4691	9336
5	4714	4691	4656	9337
5	4735	4718	4690	9338
5	4820	4783	4776	9339
5	4761	4718	4752	9340
5	4707	4635	4672	9341
5	4670	4668	4630	9342
5	4670	4630	4623	9343
5	4762	4729	4707	9344
5	4692	4623	4662	9345
5	4731	4708	4705	9346
5	4762	4707	4742	9347
5	4673	4649	4637	9348
5	4673	4637	4636	9349
5	4774	4683	4734	9350
5	4878	4803	4841	9351
5	4675	4654	4629	9352
5	4703	4663	4625	9353
5	4838	4805	4816	9354
5	4836	4795	4744	9355
5	4921	4858	4881	9356
5	4803	4761	4780	9357
5	4732	4702	4663	9358
5	4771	4726	4745	9359
5	4679	4651	4618	9360
5	4679	4618	4654	9361
5	5001	4966	4941	9362
5	4680	4620	4645	9363
5	4765	4686	4716	9364
5	4708	4671	4669	9365
5	4682	4655	4639	9366
5	4733	4682	4639	9367
5	4842	4747	4819	9368
5	4719	4674	4644	9369
5	5058	5001	5021	9370
5	4694	4614	4647	9371
5	4685	4675	4629	9372
5	4685	4629	4665	9373
5	4686	4656	4606	9374
5	4686	4606	4667	9375
5	4692	4670	4623	9376
5	4705	4669	4668	9377
5	4688	4664	4641	9378
5	4757	4721	4748	9379
5	4734	4638	4689	9380
5	4689	4638	4626	9381
5	4766	4735	4695	9382
5	4807	4788	4769	9383
5	4691	4642	4628	9384
5	4691	4628	4656	9385
5	4765	4714	4686	9386
5	4772	4716	4680	9387
5	4733	4639	4676	9388
5	4836	4744	4785	9389
5	4751	4732	4703	9390
5	5133	5060	5082	9391
5	4695	4690	4648	9392
5	4695	4648	4659	9393
5	4696	4653	4652	9394
5	4779	4751	4720	9395
5	4697	4694	4647	9396
5	4697	4647	4658	9397
5	4699	4658	4657	9398
5	4965	4937	4909	9399
5	4790	4733	4750	9400
5	4764	4738	4754	9401
5	4701	4661	4700	9402
5	4701	4688	4641	9403
5	4916	4911	4913	9404
5	4905	4817	4857	9405
5	4702	4696	4652	9406
5	4702	4652	4619	9407
5	4720	4664	4688	9408
5	4809	4746	4724	9409
5	5095	232	5043	9410
5	4981	4951	4975	9411
5	4761	4677	4718	9412
5	4731	4705	4706	9413
5	4706	4705	4668	9414
5	4706	4668	4670	9415
5	4742	4707	4672	9416
5	4729	4681	4666	9417
5	4851	4835	4834	9418
5	4854	4783	4820	9419
5	4807	4767	4788	9420
5	4789	4769	4788	9421
5	4710	4698	4682	9422
5	4770	4682	4733	9423
5	4822	4794	4755	9424
5	5012	4946	4988	9425
5	4885	4816	4865	9426
5	4947	4888	4934	9427
5	4855	4822	4787	9428
5	4794	4747	4713	9429
5	4772	4680	4736	9430
5	4886	4849	4823	9431
5	4756	4712	4693	9432
5	4770	4710	4682	9433
5	4826	4796	4765	9434
5	4749	4736	4681	9435
5	4740	4724	4701	9436
5	4717	4700	4650	9437
5	4718	4677	4640	9438
5	4718	4640	4690	9439
5	4856	4841	4780	9440
5	4864	4791	4824	9441
5	4901	4813	4837	9442
5	4751	4703	4720	9443
5	4721	4684	4660	9444
5	4721	4660	4694	9445
5	4730	4706	4670	9446
5	4722	4692	4662	9447
5	4723	4722	4687	9448
5	4723	4687	4649	9449
5	4740	4700	4717	9450
5	4725	4643	4684	9451
5	4740	4701	4700	9452
5	4818	4784	4799	9453
5	4726	4711	4685	9454
5	4726	4685	4704	9455
5	4727	4695	4659	9456
5	4727	4659	4674	9457
5	4728	4723	4673	9458
5	4728	4673	4677	9459
5	4783	4742	4776	9460
5	4736	4680	4645	9461
5	4743	4708	4731	9462
5	4731	4706	4730	9463
5	4858	4793	4835	9464
5	4793	4776	4743	9465
5	4758	4702	4732	9466
5	4850	4846	4812	9467
5	4756	4693	4715	9468
5	4785	4710	4770	9469
5	4774	4719	4683	9470
5	4734	4683	4638	9471
5	4791	4735	4766	9472
5	4883	4864	4824	9473
5	4806	4716	4772	9474
5	4879	4806	4843	9475
5	4737	4721	4694	9476
5	4737	4694	4697	9477
5	4738	4737	4697	9478
5	4738	4697	4699	9479
5	4739	4738	4699	9480
5	4739	4699	4698	9481
5	4799	4748	4764	9482
5	4757	4725	4684	9483
5	4741	4726	4704	9484
5	4741	4704	4696	9485
5	4793	4743	4760	9486
5	4767	4723	4728	9487
5	4776	4709	4743	9488
5	4743	4709	4708	9489
5	4744	4739	4710	9490
5	4785	4744	4710	9491
5	4773	4741	4696	9492
5	4859	4785	4815	9493
5	4746	4720	4688	9494
5	4746	4688	4724	9495
5	4833	4763	4778	9496
5	4755	4713	4675	9497
5	4754	4738	4739	9498
5	4805	4754	4795	9499
5	4811	4736	4749	9500
5	4806	4765	4716	9501
5	4750	4733	4676	9502
5	4750	4676	4712	9503
5	4758	4696	4702	9504
5	4801	4745	4741	9505
5	4778	4679	4747	9506
5	4875	4842	4870	9507
5	4753	4727	4674	9508
5	4753	4674	4719	9509
5	4764	4737	4738	9510
5	4890	4853	4818	9511
5	4771	4711	4726	9512
5	4982	4959	4919	9513
5	5128	5067	5084	9514
5	4759	4691	4714	9515
5	4800	4775	4786	9516
5	4768	4717	4678	9517
5	4773	4696	4758	9518
5	4845	4810	4745	9519
5	4914	4897	4849	9520
5	4821	4750	4782	9521
5	4760	4743	4731	9522
5	4789	4730	4769	9523
5	4803	4767	4728	9524
5	4761	4728	4677	9525
5	4820	4776	4793	9526
5	4918	4889	4896	9527
5	4804	4774	4734	9528
5	4798	4727	4753	9529
5	4923	4867	4908	9530
5	4784	4757	4748	9531
5	4904	4827	4863	9532
5	4915	4852	4882	9533
5	4804	4734	4763	9534
5	4828	4753	4777	9535
5	4791	4752	4735	9536
5	4807	4723	4767	9537
5	4808	4725	4757	9538
5	4892	4857	4825	9539
5	4769	4730	4692	9540
5	4769	4692	4722	9541
5	4790	4770	4733	9542
5	4903	4879	4843	9543
5	4855	4787	4830	9544
5	5078	5043	232	9545
5	4826	4765	4806	9546
5	4831	4762	4783	9547
5	4797	4732	4751	9548
5	4812	4758	4797	9549
5	4978	4939	4902	9550
5	4814	4774	4804	9551
5	4825	4809	4775	9552
5	4809	4724	4775	9553
5	4783	4762	4742	9554
5	4835	4793	4760	9555
5	4798	4766	4727	9556
5	4864	4832	4791	9557
5	4833	4804	4763	9558
5	4778	4763	4651	9559
5	4850	4812	4813	9560
5	4837	4751	4779	9561
5	4780	4761	4752	9562
5	5000	4958	4940	9563
5	4781	4756	4715	9564
5	4781	4715	4759	9565
5	4782	4750	4712	9566
5	4782	4712	4756	9567
5	4941	4904	4863	9568
5	4992	4922	4963	9569
5	4786	4717	4768	9570
5	4808	4768	4725	9571
5	4829	4782	4756	9572
5	4872	4825	4775	9573
5	4786	4775	4740	9574
5	4786	4740	4717	9575
5	4787	4755	4711	9576
5	4787	4711	4771	9577
5	4802	4760	4731	9578
5	4789	4731	4730	9579
5	4802	4731	4789	9580
5	4834	4760	4802	9581
5	5028	4950	4993	9582
5	4873	4790	4821	9583
5	4891	4841	4856	9584
5	4866	4777	4814	9585
5	4792	4749	4729	9586
5	4792	4729	4762	9587
5	4835	4760	4834	9588
5	4827	4811	4749	9589
5	4847	4794	4822	9590
5	4948	4898	4937	9591
5	4795	4754	4744	9592
5	4865	4795	4836	9593
5	4796	4759	4714	9594
5	4796	4714	4765	9595
5	4890	4818	4867	9596
5	5062	5013	5008	9597
5	4982	4919	4956	9598
5	4828	4798	4753	9599
5	4865	4816	4795	9600
5	4867	4818	4838	9601
5	4800	4786	4768	9602
5	4808	4800	4768	9603
5	4906	4865	4836	9604
5	4845	4745	4801	9605
5	4839	4789	4788	9606
5	4966	4904	4941	9607
5	4922	4854	4893	9608
5	4840	4767	4803	9609
5	4871	4804	4833	9610
5	4871	4814	4804	9611
5	4805	4799	4764	9612
5	4805	4764	4754	9613
5	4811	4772	4736	9614
5	4914	4849	4886	9615
5	4807	4769	4722	9616
5	4807	4722	4723	9617
5	4808	4757	4784	9618
5	4844	4808	4784	9619
5	4924	4882	4879	9620
5	4837	4797	4751	9621
5	4810	4771	4745	9622
5	4905	4877	4817	9623
5	4831	4792	4762	9624
5	4895	4831	4854	9625
5	4846	4773	4812	9626
5	4812	4773	4758	9627
5	4813	4812	4797	9628
5	4837	4813	4797	9629
5	4998	4925	4972	9630
5	4894	4856	4832	9631
5	4815	4785	4770	9632
5	4815	4770	4790	9633
5	4816	4805	4795	9634
5	5069	4984	5011	9635
5	4817	4779	4746	9636
5	4817	4746	4809	9637
5	4913	4853	4890	9638
5	4933	4880	4899	9639
5	4819	4747	4794	9640
5	4822	4755	4787	9641
5	4854	4831	4783	9642
5	4843	4772	4811	9643
5	4873	4815	4790	9644
5	4906	4836	4859	9645
5	4847	4819	4794	9646
5	4972	4925	4898	9647
5	4823	4781	4759	9648
5	4823	4759	4796	9649
5	4824	4791	4766	9650
5	4824	4766	4798	9651
5	4916	4913	4890	9652
5	4857	4817	4809	9653
5	4958	4903	4940	9654
5	4827	4749	4792	9655
5	4903	4843	4874	9656
5	4904	4874	4827	9657
5	5076	5025	5071	9658
5	4972	4898	4948	9659
5	4879	4826	4806	9660
5	5047	5004	5017	9661
5	4830	4787	4771	9662
5	4830	4771	4810	9663
5	4895	4863	4831	9664
5	4858	4820	4793	9665
5	4832	4780	4752	9666
5	4832	4752	4791	9667
5	4866	4828	4777	9668
5	4925	4871	4875	9669
5	4876	4788	4840	9670
5	4840	4788	4767	9671
5	4856	4780	4832	9672
5	4928	4841	4891	9673
5	4859	4836	4785	9674
5	4897	4829	4849	9675
5	4951	4933	4938	9676
5	4877	4837	4779	9677
5	4838	4818	4799	9678
5	4838	4799	4805	9679
5	4839	4834	4802	9680
5	4839	4802	4789	9681
5	5143	5129	5081	9682
5	4921	4893	4858	9683
5	5044	4992	5024	9684
5	4841	4803	4780	9685
5	4842	4833	4778	9686
5	4842	4778	4747	9687
5	4886	4823	4852	9688
5	4843	4806	4772	9689
5	4997	4914	4954	9690
5	4844	4800	4808	9691
5	5144	5104	5115	9692
5	4861	4810	4848	9693
5	4899	4801	4846	9694
5	4846	4801	4773	9695
5	5077	5057	5014	9696
5	4925	4875	4898	9697
5	5037	4957	4994	9698
5	4942	4907	4848	9699
5	4941	4863	4895	9700
5	5004	4932	4947	9701
5	4901	4837	4877	9702
5	4857	4809	4825	9703
5	4939	4860	4902	9704
5	5060	5015	4996	9705
5	4852	4823	4796	9706
5	4852	4796	4826	9707
5	4853	4844	4784	9708
5	4853	4784	4818	9709
5	4958	4924	4903	9710
5	4924	4879	4903	9711
5	4861	4830	4810	9712
5	5078	232	233	9713
5	4960	4920	4889	9714
5	5015	4983	4960	9715
5	4976	4905	4929	9716
5	4929	4857	4892	9717
5	4960	4889	4918	9718
5	4889	4851	4869	9719
5	5006	4935	4976	9720
5	5047	5018	5004	9721
5	4860	4824	4798	9722
5	4860	4798	4828	9723
5	5117	233	234	9724
5	4961	4880	4933	9725
5	4862	4821	4782	9726
5	4862	4782	4829	9727
5	4863	4827	4792	9728
5	4863	4792	4831	9729
5	5005	4948	4937	9730
5	4883	4824	4860	9731
5	4932	4900	4873	9732
5	4923	4890	4867	9733
5	4910	4866	4814	9734
5	4996	4918	4974	9735
5	4885	4868	4816	9736
5	4908	4867	4868	9737
5	4868	4867	4838	9738
5	4868	4838	4816	9739
5	4869	4851	4834	9740
5	4869	4834	4839	9741
5	4870	4842	4819	9742
5	4909	4819	4847	9743
5	4937	4898	4870	9744
5	4910	4814	4871	9745
5	4872	4775	4800	9746
5	5017	4947	4984	9747
5	4897	4862	4829	9748
5	4954	4914	4886	9749
5	4874	4843	4811	9750
5	4874	4811	4827	9751
5	4875	4871	4833	9752
5	4875	4833	4842	9753
5	4876	4869	4839	9754
5	4876	4839	4788	9755
5	4987	4971	4977	9756
5	4929	4905	4857	9757
5	4928	4912	4878	9758
5	4878	4840	4803	9759
5	4872	4800	4844	9760
5	4913	4844	4853	9761
5	4988	4946	4957	9762
5	4899	4846	4850	9763
5	4881	4858	4835	9764
5	4881	4835	4851	9765
5	4882	4852	4826	9766
5	4882	4826	4879	9767
5	5042	4972	5009	9768
5	4894	4832	4864	9769
5	4884	4847	4822	9770
5	4884	4822	4855	9771
5	5093	5047	5017	9772
5	5079	5050	5016	9773
5	4915	4886	4852	9774
5	4934	4888	4862	9775
5	4887	4855	4830	9776
5	4887	4830	4861	9777
5	4888	4873	4821	9778
5	4888	4821	4862	9779
5	4928	4878	4841	9780
5	5163	5120	5160	9781
5	5080	5063	5028	9782
5	4975	4901	4935	9783
5	4912	4840	4878	9784
5	5106	5066	5073	9785
5	5038	4971	4987	9786
5	5080	5028	5050	9787
5	4893	4854	4820	9788
5	4893	4820	4858	9789
5	4936	4864	4883	9790
5	4936	4894	4864	9791
5	5044	5021	4992	9792
5	4922	4895	4854	9793
5	4896	4889	4869	9794
5	4896	4869	4876	9795
5	5090	5011	5053	9796
5	4964	4934	4897	9797
5	4898	4875	4870	9798
5	4965	4909	4917	9799
5	4899	4880	4845	9800
5	4899	4845	4801	9801
5	4900	4859	4815	9802
5	4900	4815	4873	9803
5	4938	4850	4901	9804
5	4901	4850	4813	9805
5	4944	4866	4910	9806
5	4902	4860	4828	9807
5	4940	4903	4874	9808
5	5031	4966	5001	9809
5	4940	4874	4904	9810
5	4967	4895	4922	9811
5	5022	4968	4995	9812
5	4916	4892	4911	9813
5	5156	215	216	9814
5	5050	5028	4993	9815
5	4907	4861	4848	9816
5	4942	4848	4880	9817
5	4943	4908	4868	9818
5	4943	4868	4885	9819
5	4937	4870	4909	9820
5	5046	4980	5012	9821
5	5200	5143	5176	9822
5	4944	4910	4925	9823
5	4911	4892	4825	9824
5	4911	4825	4872	9825
5	4912	4896	4876	9826
5	4912	4876	4840	9827
5	4913	4911	4872	9828
5	4913	4872	4844	9829
5	5035	4997	4954	9830
5	4934	4862	4897	9831
5	5007	4924	4958	9832
5	4964	4897	4914	9833
5	4994	4942	4961	9834
5	4990	4929	4973	9835
5	4917	4909	4847	9836
5	4917	4847	4884	9837
5	4939	4883	4860	9838
5	4952	4891	4927	9839
5	4919	4884	4855	9840
5	4919	4855	4887	9841
5	4920	4881	4851	9842
5	4920	4851	4889	9843
5	5143	5081	5133	9844
5	5082	5060	5026	9845
5	4966	4940	4904	9846
5	5052	5024	4991	9847
5	4995	4968	4923	9848
5	4995	4923	4971	9849
5	4967	4941	4895	9850
5	5103	5010	5056	9851
5	5054	5039	5042	9852
5	4925	4910	4871	9853
5	4926	4885	4865	9854
5	4926	4865	4906	9855
5	4927	4891	4856	9856
5	4927	4856	4894	9857
5	4928	4896	4912	9858
5	5070	5054	5009	9859
5	4973	4892	4916	9860
5	4935	4877	4905	9861
5	4930	4906	4859	9862
5	4930	4859	4900	9863
5	4931	4887	4861	9864
5	4931	4861	4907	9865
5	5170	5153	5124	9866
5	4928	4918	4896	9867
5	4961	4942	4880	9868
5	4935	4901	4877	9869
5	4997	4964	4914	9870
5	4947	4932	4888	9871
5	4976	4935	4905	9872
5	4973	4929	4892	9873
5	4974	4891	4952	9874
5	5026	4974	4952	9875
5	5013	4965	5008	9876
5	5039	4985	4978	9877
5	4938	4933	4899	9878
5	4938	4899	4850	9879
5	5102	5054	5100	9880
5	5034	4970	4985	9881
5	5101	5021	5044	9882
5	5114	5084	5059	9883
5	5001	4941	4967	9884
5	4996	4960	4918	9885
5	5012	4980	4946	9886
5	5032	4961	5003	9887
5	5002	4943	4950	9888
5	5022	4916	4968	9889
5	4978	4902	4944	9890
5	4944	4902	4866	9891
5	4945	4915	4882	9892
5	4945	4882	4924	9893
5	4946	4931	4907	9894
5	5003	4933	4951	9895
5	5028	5002	4950	9896
5	5004	4962	4932	9897
5	5005	4937	4965	9898
5	5111	5077	235	9899
5	4949	4927	4894	9900
5	4949	4894	4936	9901
5	4950	4943	4885	9902
5	4950	4885	4926	9903
5	5091	5033	5066	9904
5	5006	4981	4975	9905
5	5026	4996	4974	9906
5	5055	5034	4985	9907
5	4953	4921	4881	9908
5	4953	4881	4920	9909
5	4979	4915	4945	9910
5	4979	4955	4915	9911
5	4955	4954	4886	9912
5	4955	4886	4915	9913
5	4956	4919	4887	9914
5	4956	4887	4931	9915
5	4957	4946	4907	9916
5	4957	4907	4942	9917
5	5085	5031	5058	9918
5	5067	4979	5030	9919
5	4959	4917	4884	9920
5	4959	4884	4919	9921
5	5060	4996	5026	9922
5	5031	5000	4966	9923
5	5141	5061	5105	9924
5	5003	4961	4933	9925
5	4962	4930	4900	9926
5	4962	4900	4932	9927
5	4963	4922	4893	9928
5	4963	4893	4921	9929
5	5175	212	213	9930
5	5132	5069	5090	9931
5	5171	239	5148	9932
5	5040	4948	5005	9933
5	5000	4940	4966	9934
5	5059	5030	5007	9935
5	5024	4963	4991	9936
5	4992	4967	4922	9937
5	4968	4916	4890	9938
5	4968	4890	4923	9939
5	4969	4926	4906	9940
5	4969	4906	4930	9941
5	4970	4936	4883	9942
5	4970	4883	4939	9943
5	4971	4923	4908	9944
5	5097	5019	5049	9945
5	4998	4944	4925	9946
5	5144	5116	5104	9947
5	5006	4975	4935	9948
5	5049	5019	5022	9949
5	4974	4918	4928	9950
5	4974	4928	4891	9951
5	4975	4951	4938	9952
5	4975	4938	4901	9953
5	5187	243	5160	9954
5	5033	4981	5006	9955
5	4977	4971	4908	9956
5	4977	4908	4943	9957
5	5086	5070	5040	9958
5	5034	4999	4970	9959
5	5035	4954	5027	9960
5	5059	5007	5010	9961
5	4980	4956	4931	9962
5	4980	4931	4946	9963
5	4990	4976	4929	9964
5	5065	4981	5033	9965
5	5111	5057	5077	9966
5	5057	5036	4982	9967
5	4983	4953	4920	9968
5	4983	4920	4960	9969
5	4984	4947	4934	9970
5	4984	4934	4964	9971
5	4985	4970	4939	9972
5	4985	4939	4978	9973
5	4986	4952	4927	9974
5	4986	4927	4949	9975
5	5002	4977	4943	9976
5	5050	4993	5016	9977
5	5105	5029	5065	9978
5	5037	4988	4957	9979
5	4989	4969	4930	9980
5	4989	4930	4962	9981
5	5065	5029	4981	9982
5	5066	5033	5041	9983
5	4991	4963	4921	9984
5	4991	4921	4953	9985
5	5025	4953	4983	9986
5	5071	4983	5015	9987
5	4993	4950	4926	9988
5	4993	4926	4969	9989
5	5204	213	214	9990
5	4994	4957	4942	9991
5	5038	4995	4971	9992
5	5070	5009	5040	9993
5	5015	4960	4996	9994
5	5026	4952	4986	9995
5	5017	5004	4947	9996
5	5172	5156	216	9997
5	5039	4978	4998	9998
5	4998	4978	4944	9999
5	4999	4949	4936	10000
5	4999	4936	4970	10001
5	5108	5074	5027	10002
5	5007	4945	4924	10003
5	5024	4992	4963	10004
5	5225	5200	5218	10005
5	5068	4987	5020	10006
5	5150	5079	5110	10007
5	5032	4994	4961	10008
5	5094	4994	5032	10009
5	5069	5017	4984	10010
5	5090	5069	5011	10011
5	5013	5005	4965	10012
5	5040	5009	4948	10013
5	5041	4976	4990	10014
5	5091	5065	5033	10015
5	5112	5099	5074	10016
5	5056	5000	5031	10017
5	5008	4965	4917	10018
5	5008	4917	4959	10019
5	5055	4985	5039	10020
5	5009	4972	4948	10021
5	5010	5007	4958	10022
5	5010	4958	5000	10023
5	5011	4984	4964	10024
5	5011	4964	4997	10025
5	5014	4982	4956	10026
5	5014	4956	4980	10027
5	5221	5203	245	10028
5	5116	5064	5104	10029
5	5117	5078	233	10030
5	5077	5014	5046	10031
5	5118	5044	5089	10032
5	5025	4991	4953	10033
5	5016	4993	4969	10034
5	5016	4969	4989	10035
5	5142	5135	5093	10036
5	5175	5142	5132	10037
5	5018	4989	4962	10038
5	5018	4962	5004	10039
5	5019	4990	4973	10040
5	5073	4990	5019	10041
5	5020	4987	4977	10042
5	5020	4977	5002	10043
5	5021	5001	4967	10044
5	5021	4967	4992	10045
5	5022	5019	4973	10046
5	5022	4973	4916	10047
5	5023	4986	4949	10048
5	5023	4949	4999	10049
5	5188	5119	5154	10050
5	5056	5010	5000	10051
5	5071	5025	4983	10052
5	5052	4991	5025	10053
5	5120	5083	5102	10054
5	5082	5026	5045	10055
5	5027	4954	4955	10056
5	5027	4955	4979	10057
5	5079	5016	5048	10058
5	5216	228	5179	10059
5	5029	5003	4951	10060
5	5029	4951	4981	10061
5	5030	4979	4945	10062
5	5030	4945	5007	10063
5	5081	5015	5060	10064
5	5058	5031	5001	10065
5	5121	5088	5094	10066
5	5095	5043	5072	10067
5	5198	222	5194	10068
5	5123	5091	5066	10069
5	5126	5051	5083	10070
5	5173	5145	5163	10071
5	5125	5053	5099	10072
5	5125	5090	5053	10073
5	5036	5008	4959	10074
5	5036	4959	4982	10075
5	5136	231	5095	10076
5	5204	5175	213	10077
5	5075	5038	4987	10078
5	5049	4995	5038	10079
5	5126	5098	5051	10080
5	5055	5039	5054	10081
5	5102	5055	5054	10082
5	5100	5054	5070	10083
5	5041	5033	5006	10084
5	5041	5006	4976	10085
5	5042	5039	4998	10086
5	5042	4998	4972	10087
5	5043	5012	4988	10088
5	5095	231	232	10089
5	5119	5085	5058	10090
5	5169	5085	5119	10091
5	5045	5026	4986	10092
5	5045	4986	5023	10093
5	5057	4982	5014	10094
5	5046	5014	4980	10095
5	5172	5150	5110	10096
5	5127	5050	5079	10097
5	5048	5016	4989	10098
5	5048	4989	5018	10099
5	5182	209	210	10100
5	5181	5161	5167	10101
5	5127	5080	5050	10102
5	5172	5110	5156	10103
5	5051	5023	4999	10104
5	5051	4999	5034	10105
5	5076	5052	5025	10106
5	5118	5101	5044	10107
5	5053	5011	4997	10108
5	5053	4997	5035	10109
5	5054	5042	5009	10110
5	5086	5040	5064	10111
5	5163	5126	5120	10112
5	5193	243	244	10113
5	5067	5027	4979	10114
5	5103	5059	5010	10115
5	5133	5081	5060	10116
5	5062	5008	5036	10117
5	5085	5056	5031	10118
5	5199	5146	5190	10119
5	5101	5058	5021	10120
5	5149	5125	5099	10121
5	5212	5170	5201	10122
5	5218	5200	5176	10123
5	5061	5032	5003	10124
5	5061	5003	5029	10125
5	5115	5062	5087	10126
5	5115	5104	5062	10127
5	5063	5020	5002	10128
5	5063	5002	5028	10129
5	5064	5040	5005	10130
5	5064	5005	5013	10131
5	5094	5032	5061	10132
5	5130	5065	5091	10133
5	5164	5131	5107	10134
5	5049	5022	4995	10135
5	5108	5027	5067	10136
5	5215	209	5162	10137
5	5137	5063	5080	10138
5	5131	5068	5107	10139
5	5132	5093	5069	10140
5	5175	5132	5155	10141
5	5075	4987	5068	10142
5	5106	5073	5097	10143
5	5196	5176	5153	10144
5	5081	5071	5015	10145
5	5072	5043	4988	10146
5	5072	4988	5037	10147
5	5073	5066	5041	10148
5	5073	5041	4990	10149
5	5074	5035	5027	10150
5	5206	5162	5128	10151
5	5097	5073	5019	10152
5	5122	5075	5096	10153
5	5089	5044	5024	10154
5	5089	5024	5052	10155
5	5117	5046	5078	10156
5	5077	234	235	10157
5	5078	5046	5012	10158
5	5078	5012	5043	10159
5	5150	5127	5079	10160
5	5151	5137	5080	10161
5	5151	5080	5127	10162
5	5131	5096	5068	10163
5	5176	5143	5133	10164
5	5152	5113	5076	10165
5	5168	5139	5100	10166
5	5227	5218	5196	10167
5	5083	5051	5034	10168
5	5083	5034	5055	10169
5	5084	5067	5030	10170
5	5084	5030	5059	10171
5	5157	5114	5103	10172
5	5114	5059	5103	10173
5	5138	5070	5086	10174
5	5102	5083	5055	10175
5	5087	5062	5036	10176
5	5087	5036	5057	10177
5	5088	5072	5037	10178
5	5136	5095	5072	10179
5	5213	5190	5210	10180
5	5196	5153	5170	10181
5	5202	5157	5195	10182
5	5093	5017	5069	10183
5	5185	5165	5123	10184
5	5130	5105	5065	10185
5	5092	5048	5018	10186
5	5092	5018	5047	10187
5	5156	5110	5092	10188
5	5142	5093	5132	10189
5	5094	5088	5037	10190
5	5094	5037	4994	10191
5	5136	5072	5088	10192
5	5136	230	231	10193
5	5096	5075	5068	10194
5	5137	5107	5063	10195
5	5109	5038	5075	10196
5	5123	5066	5106	10197
5	5098	5045	5023	10198
5	5098	5023	5051	10199
5	5099	5053	5035	10200
5	5099	5035	5074	10201
5	5148	5086	5116	10202
5	5178	5135	5142	10203
5	5226	203	204	10204
5	5119	5058	5101	10205
5	5163	5145	5126	10206
5	5126	5083	5120	10207
5	5157	5103	5140	10208
5	5128	5108	5067	10209
5	5104	5064	5013	10210
5	5104	5013	5062	10211
5	5158	5141	5105	10212
5	5105	5061	5029	10213
5	5134	5106	5097	10214
5	5122	5109	5075	10215
NPOIN= 5233
9.997500181200000e-01	-3.633534839506112e-05	0
9.990000128750000e-01	-1.456567029111851e-04	1
9.977599978450000e-01	-3.295289126006483e-04	2
9.960200190539999e-01	-6.008367941903819e-04	3
9.937800168990000e-01	-9.864795305597693e-04	4
9.910500049590000e-01	-1.530814232353520e-03	5
9.878399968150000e-01	-2.292214037163072e-03	6
9.841300249100000e-01	-3.336292107615913e-03	7
9.799500107769999e-01	-4.690813848559131e-03	8
9.752799868580000e-01	-6.350110688682228e-03	9
9.701499938960000e-01	-8.233883651309944e-03	10
9.645400047300000e-01	-1.023491643246291e-02	11
9.584699869160000e-01	-1.221990003319378e-02	12
9.519400000570000e-01	-1.409023156453406e-02	13
9.449599981310000e-01	-1.579900876843613e-02	14
9.375399947170000e-01	-1.735895232656408e-02	15
9.296900033950000e-01	-1.882504006636861e-02	16
9.214000105860000e-01	-2.027057865715765e-02	17
9.126999974250000e-01	-2.175273889691570e-02	18
9.035800099370001e-01	-2.331340570544561e-02	19
8.940600156780000e-01	-2.496536575069989e-02	20
8.841500282290000e-01	-2.670508837853093e-02	21
8.738499879840000e-01	-2.852130145106953e-02	22
8.631799817090000e-01	-3.039677704909155e-02	23
8.521599769590000e-01	-3.231611375425741e-02	24
8.407700061800000e-01	-3.427394828356768e-02	25
8.290500044819999e-01	-3.625716220307385e-02	26
8.170099854470000e-01	-3.825923915966386e-02	27
8.046399950980000e-01	-4.027696202568265e-02	28
7.919700145720000e-01	-4.229970152162369e-02	29
7.790099978450000e-01	-4.431893421011680e-02	30
7.657799720760000e-01	-4.632333675461658e-02	31
7.522799968720000e-01	-4.830358267925111e-02	32
7.385200262070000e-01	-5.024804460269887e-02	33
7.245299816130000e-01	-5.214210657389608e-02	34
7.103199958800001e-01	-5.397421664042344e-02	35
6.958900094030001e-01	-5.573450092287312e-02	36
6.812700033190000e-01	-5.741024085730272e-02	37
6.664699912070000e-01	-5.899245174679008e-02	38
6.514999866490000e-01	-6.047347215143206e-02	39
6.363800168040000e-01	-6.184628205533470e-02	40
6.211299896240000e-01	-6.310585037924968e-02	41
6.057599782940000e-01	-6.424990056813178e-02	42
5.902799963950000e-01	-6.527793035157961e-02	43
5.747100114820000e-01	-6.619064324376403e-02	44
5.590599775310000e-01	-6.699119944464241e-02	45
5.433599948880000e-01	-6.768349985848235e-02	46
5.276100039480000e-01	-6.827440829122289e-02	47
5.118399858470000e-01	-6.877086899641612e-02	48
4.960500001910000e-01	-6.918193931601728e-02	49
4.802699983120000e-01	-6.951662644669925e-02	50
4.645099937920000e-01	-6.978504161933599e-02	51
4.487800002100000e-01	-6.999746613879343e-02	52
4.331099987030000e-01	-7.016391773248475e-02	53
4.174999892710000e-01	-7.029447692966234e-02	54
4.019699990750000e-01	-7.039843205580118e-02	55
3.865399956700000e-01	-7.048431374890668e-02	56
3.712300062180000e-01	-7.055965200906876e-02	57
3.560400009160000e-01	-7.063086106542921e-02	58
3.409900069240000e-01	-7.070289262731864e-02	59
3.261100053790000e-01	-7.077915335348202e-02	60
3.113999962810000e-01	-7.086160332416155e-02	61
2.968699932100000e-01	-7.095051011643395e-02	62
2.825500071050000e-01	-7.104432372465580e-02	63
2.684499919410000e-01	-7.113992180221378e-02	64
2.545700073240000e-01	-7.123259099890644e-02	65
2.409400045870000e-01	-7.131580257648140e-02	66
2.275699973110000e-01	-7.138163477227112e-02	67
2.144699990750000e-01	-7.142072326845182e-02	68
2.016600072380000e-01	-7.142237357136305e-02	69
1.891400069000000e-01	-7.137470725915596e-02	70
1.769299954180000e-01	-7.126480400312854e-02	71
1.650400012730000e-01	-7.107884356682760e-02	72
1.534900069240000e-01	-7.080251828423489e-02	73
1.422899961470000e-01	-7.042094296004323e-02	74
1.314399987460000e-01	-6.991836440054720e-02	75
1.209499984980000e-01	-6.927893277207899e-02	76
1.108499988910000e-01	-6.848843571055899e-02	77
1.011300012470000e-01	-6.753007461694549e-02	78
9.181000292300000e-02	-6.638974293600231e-02	79
8.290000259900000e-02	-6.505334950227412e-02	80
7.440000027400000e-02	-6.350579538518138e-02	81
6.633000075800000e-02	-6.173650319285186e-02	82
5.869000032500000e-02	-5.973236350758018e-02	83
5.149000138000000e-02	-5.748369130502618e-02	84
4.473999887700000e-02	-5.498306938028488e-02	85
3.844000026600000e-02	-5.222124487125266e-02	86
3.260000050100000e-02	-4.919494051919462e-02	87
2.723000012300000e-02	-4.590497105982252e-02	88
2.232000045500000e-02	-4.234183423046864e-02	89
1.789999939500000e-02	-3.852922152155800e-02	90
1.394999958600000e-02	-3.445597648773698e-02	91
1.049000024800000e-02	-3.015264788483591e-02	92
7.519999985000000e-03	-2.564053976155041e-02	93
5.040000193000000e-03	-2.094966112029024e-02	94
3.049999941000000e-03	-1.612178810080395e-02	95
1.560000004000000e-03	-1.125323512187497e-02	96
5.600000150000000e-04	-6.420455376069568e-03	97
5.999999800000000e-05	-1.872848132952632e-03	98
0.000000000000000e+00	0.000000000000000e+00	99
5.999999800000000e-05	1.567251380521393e-03	100
5.600000150000000e-04	4.937231807516902e-03	101
1.560000004000000e-03	8.241346634828235e-03	102
3.049999941000000e-03	1.139565459006026e-02	103
5.040000193000000e-03	1.439794960268162e-02	104
7.519999985000000e-03	1.722199821020396e-02	105
1.049000024800000e-02	1.987051839691743e-02	106
1.394999958600000e-02	2.234958297062209e-02	107
1.789999939500000e-02	2.466779212952776e-02	108
2.232000045500000e-02	2.682651608213745e-02	109
2.723000012300000e-02	2.884883962343592e-02	110
3.260000050100000e-02	3.073618143657572e-02	111
3.844000026600000e-02	3.250697164799714e-02	112
4.473999887700000e-02	3.417193827049445e-02	113
5.149000138000000e-02	3.574223832980606e-02	114
5.869000032500000e-02	3.723087765629339e-02	115
6.633000075800000e-02	3.864787572909381e-02	116
7.440000027400000e-02	4.000276193047337e-02	117
8.290000259900000e-02	4.130582834432952e-02	118
9.181000292300000e-02	4.256335149944974e-02	119
1.011300012470000e-01	4.378366853853972e-02	120
1.108499988910000e-01	4.497259297210343e-02	121
1.209499984980000e-01	4.613383912230051e-02	122
1.314399987460000e-01	4.727351362728023e-02	123
1.422899961470000e-01	4.839221103139645e-02	124
1.534900069240000e-01	4.949182849664969e-02	125
1.650400012730000e-01	5.057413394925579e-02	126
1.769299954180000e-01	5.163885589295509e-02	127
1.891400069000000e-01	5.268392642206556e-02	128
2.016600072380000e-01	5.370729823548384e-02	129
2.144699990750000e-01	5.470527864443444e-02	130
2.275699973110000e-01	5.567493428573089e-02	131
2.409400045870000e-01	5.661102755524272e-02	132
2.545700073240000e-01	5.750839327037759e-02	133
2.684499919410000e-01	5.836120101149136e-02	134
2.825500071050000e-01	5.916193192369901e-02	135
2.968699932100000e-01	5.990440522138744e-02	136
3.113999962810000e-01	6.058135352390395e-02	137
3.261100053790000e-01	6.118435908031557e-02	138
3.409900069240000e-01	6.170582150823962e-02	139
3.560400009160000e-01	6.213820458457437e-02	140
3.712300062180000e-01	6.247303135284048e-02	141
3.865399956700000e-01	6.270247195426573e-02	142
4.019699990750000e-01	6.281916718883346e-02	143
4.174999892710000e-01	6.281573087254434e-02	144
4.331099987030000e-01	6.268539537725466e-02	145
4.487800002100000e-01	6.242214943345337e-02	146
4.645099937920000e-01	6.202027597431325e-02	147
4.802699983120000e-01	6.147553162515382e-02	148
4.960500001910000e-01	6.078421627426066e-02	149
5.118399858470000e-01	5.994353329035154e-02	150
5.276100039480000e-01	5.895304861484996e-02	151
5.433599948880000e-01	5.781191294410058e-02	152
5.590599775310000e-01	5.652272342575593e-02	153
5.747100114820000e-01	5.508726408514503e-02	154
5.902799963950000e-01	5.351152176339701e-02	155
6.057599782940000e-01	5.180135993836568e-02	156
6.211299896240000e-01	4.996534712396363e-02	157
6.363800168040000e-01	4.801254623908504e-02	158
6.514999866490000e-01	4.595345862875695e-02	159
6.664699912070000e-01	4.380141239049441e-02	160
6.812700033190000e-01	4.157130367686199e-02	161
6.958900094030001e-01	3.927778499172121e-02	162
7.103199958800001e-01	3.693641900252612e-02	163
7.245299816130000e-01	3.456684715043130e-02	164
7.385200262070000e-01	3.218428235697923e-02	165
7.522799968720000e-01	2.980575363510347e-02	166
7.657799720760000e-01	2.745169191762312e-02	167
7.790099978450000e-01	2.513873851340690e-02	168
7.919700145720000e-01	2.288116448536566e-02	169
8.046399950980000e-01	2.069585377153661e-02	170
8.170099854470000e-01	1.859672873976671e-02	171
8.290500044819999e-01	1.659934284135595e-02	172
8.407700061800000e-01	1.471017982002551e-02	173
8.521599769590000e-01	1.293585946071560e-02	174
8.631799817090000e-01	1.128294938166974e-02	175
8.738499879840000e-01	9.743383682512357e-03	176
8.841500282290000e-01	8.309535345868452e-03	177
8.940600156780000e-01	6.969467152786559e-03	178
9.035800099370001e-01	5.708471483892493e-03	179
9.126999974250000e-01	4.519978016827493e-03	180
9.214000105860000e-01	3.413329599211022e-03	181
9.296900033950000e-01	2.414516303924891e-03	182
9.375399947170000e-01	1.573841536505897e-03	183
9.449599981310000e-01	9.453371993070926e-04	184
9.519400000570000e-01	5.734335919999473e-04	185
9.584699869160000e-01	4.669183447166044e-04	186
9.645400047300000e-01	5.839371400363346e-04	187
9.701499938960000e-01	8.362586242461134e-04	188
9.752799868580000e-01	1.111822797049201e-03	189
9.799500107769999e-01	1.311493662001358e-03	190
9.841300249100000e-01	1.373490856181035e-03	191
9.878399968150000e-01	1.288029008804869e-03	192
9.910500049590000e-01	1.088005301283031e-03	193
9.937800168990000e-01	8.259968679556998e-04	194
9.960200190539999e-01	5.563698187271580e-04	195
9.977599978450000e-01	3.212876789612602e-04	196
9.990000128750000e-01	1.449049683389972e-04	197
9.997500181200000e-01	3.632343980925981e-05	198
1.000000000000000e+00	0.000000000000000e+00	199
1.984229087829600e+01	2.506659984589000e+00	200
1.937166023254400e+01	4.973800182343000e+00	201
1.859552955627400e+01	7.362490177155000e+00	202
1.752613067627000e+01	9.635069847106999e+00	203
1.618033981323200e+01	1.175570964813200e+01	204
1.457936954498300e+01	1.369093990325900e+01	205
1.274847984314000e+01	1.541026973724400e+01	206
1.071654033660900e+01	1.688656044006300e+01	207
8.515589714050000e+00	1.809654045105000e+01	208
6.180339813232000e+00	1.902112960815400e+01	209
3.747629880905000e+00	1.964575004577600e+01	210
1.255810022354000e+00	1.996052932739300e+01	211
-1.255810022354000e+00	1.996052932739300e+01	212
-3.747629880905000e+00	1.964574050903300e+01	213
-6.180339813232000e+00	1.902112960815400e+01	214
-8.515589714050000e+00	1.809654045105000e+01	215
-1.071654033660900e+01	1.688656044006300e+01	216
-1.274847984314000e+01	1.541026020050000e+01	217
-1.457936954498300e+01	1.369093990325900e+01	218
-1.618033981323200e+01	1.175570011138900e+01	219
-1.752613067627000e+01	9.635069847106999e+00	220
-1.859552955627400e+01	7.362490177155000e+00	221
-1.937166023254400e+01	4.973800182343000e+00	222
-1.984229087829600e+01	2.506659984589000e+00	223
-2.000000000000000e+01	0.000000000000000e+00	224
-1.984229087829600e+01	-2.506669998169000e+00	225
-1.937166023254400e+01	-4.973800182343000e+00	226
-1.859552955627400e+01	-7.362490177155000e+00	227
-1.752613067627000e+01	-9.635080337524000e+00	228
-1.618033981323200e+01	-1.175570964813200e+01	229
-1.457936954498300e+01	-1.369093990325900e+01	230
-1.274847984314000e+01	-1.541026973724400e+01	231
-1.071652984619100e+01	-1.688656044006300e+01	232
-8.515580177306999e+00	-1.809654045105000e+01	233
-6.180339813232000e+00	-1.902112960815400e+01	234
-3.747620105743000e+00	-1.964575004577600e+01	235
-1.255810022354000e+00	-1.996052932739300e+01	236
1.255810022354000e+00	-1.996052932739300e+01	237
3.747629880905000e+00	-1.964574050903300e+01	238
6.180339813232000e+00	-1.902112960815400e+01	239
8.515589714050000e+00	-1.809654045105000e+01	240
1.071654033660900e+01	-1.688656044006300e+01	241
1.274847984314000e+01	-1.541026020050000e+01	242
1.457936954498300e+01	-1.369093990325900e+01	243
1.618033981323200e+01	-1.175570011138900e+01	244
1.752614021301300e+01	-9.635069847106999e+00	245
1.859552955627400e+01	-7.362490177155000e+00	246
1.937166023254400e+01	-4.973790168762000e+00	247
1.984229087829600e+01	-2.506659984589000e+00	248
2.000000000000000e+01	0.000000000000000e+00	249
6.009272546224959e-02	-6.743969026634417e-02	250
6.604403081955712e-01	-7.324289795285363e-02	251
4.257204468158688e-01	7.681655440665780e-02	252
6.903241454441496e-01	5.360676507601769e-02	253
3.792442608104181e-01	-8.486949829326906e-02	254
9.994745369022160e-01	-7.359869179486561e-04	255
9.985643165499140e-01	-1.351433629646869e-03	256
7.742017035516918e-01	-5.733662667441945e-02	257
6.901642569087718e-01	-6.977648261747121e-02	258
-2.104990907918278e-03	7.449815855001603e-03	259
7.471536625815886e-01	-6.173823981883583e-02	260
5.838348631617443e-01	6.821789868044378e-02	261
9.928570236194101e-01	-3.879524953416912e-03	262
9.899991794794599e-01	-5.004048941557713e-03	263
5.994347056926963e-01	6.650118528506350e-02	264
7.191103065101734e-01	-6.591100815232723e-02	265
-2.131335810706320e-03	6.848667987612554e-04	266
9.866661703446787e-01	-6.353409710129142e-03	267
9.828627748088269e-01	-7.944335282895173e-03	268
-2.504884690147515e-03	-9.900129437265731e-03	269
6.453285318243359e-01	-7.480705402706589e-02	270
8.248669243891767e-01	-4.823021099714088e-02	271
8.001339973355351e-01	-5.281557334593007e-02	272
3.485030941534928e-01	7.563922490535331e-02	273
8.482743598849661e-01	-4.367296464096778e-02	274
2.472826252810568e-01	6.971565478320907e-02	275
8.702988775989733e-01	-3.918998089926697e-02	276
9.656698330266647e-03	2.427052663474924e-02	277
8.908365887221593e-01	-3.485943065462020e-02	278
7.658103343180786e-02	-7.190857913471252e-02	279
9.098184762815050e-01	-3.074891944538923e-02	280
-2.686812788360339e-03	-4.809718476706845e-03	281
9.427962075443580e-01	-2.287052283915446e-02	282
9.271672533091967e-01	-2.682519985272723e-02	283
1.667163115722436e-02	-4.394606375738330e-02	284
4.258067175849747e-01	-8.472633486305776e-02	285
8.594683288489877e-01	-4.141527520266833e-02	286
9.566302967412177e-01	-1.860753889342085e-02	287
9.785795425363306e-01	-9.803395819584487e-03	288
9.685761640950192e-01	-1.407173218237877e-02	289
1.584877573961089e-01	-8.183516637123836e-02	290
9.005287194629539e-01	-3.277503379421780e-02	291
7.608121269560675e-01	-5.955918625880541e-02	292
9.971519030687247e-01	-2.127745594376036e-03	293
5.991879568716267e-01	-7.876315558782929e-02	294
4.414974645284927e-01	-8.459260768494276e-02	295
5.363752899800228e-01	-8.230279199528065e-02	296
4.730556162361199e-01	-8.414819617953651e-02	297
5.047165139910667e-01	-8.340794228065204e-02	298
4.888723903630597e-01	-8.381833879312139e-02	299
1.249750669135500e-01	-7.936436943913357e-02	300
2.670301529038105e-02	-5.195438191148727e-02	301
3.946679470935655e-01	-8.485774661448554e-02	302
4.535818068058580e-02	-6.201819952141081e-02	303
4.101901337155232e-01	-8.481311614059976e-02	304
3.189462465594036e-01	-8.471571326674091e-02	305
3.487861074128236e-01	-8.482768121784579e-02	306
3.245499145567764e-02	-5.555701564044653e-02	307
2.897985421589152e-01	-8.456071321589304e-02	308
9.352020944175032e-01	-2.487015425769923e-02	309
1.469713074503793e-01	-8.114211951701401e-02	310
1.949792876234621e-01	-8.327288875359404e-02	311
8.545764323021673e-02	-7.380207508804595e-02	312
1.044426236239623e-01	-7.696505058824182e-02	313
5.679117252244850e-01	-8.077793001762838e-02	314
1.703380198960107e-01	-8.241373136603708e-02	315
6.146931495629323e-01	-7.756687504049276e-02	316
8.807619910923177e-01	-3.700159306263252e-02	317
2.145321163660708e-02	-4.808384800329606e-02	318
9.952475780701276e-01	-2.946687210056722e-03	319
5.369007579796368e-03	-3.023277394328521e-02	320
1.778104969429072e-02	2.985909074308217e-02	321
9.187005183328779e-01	-2.877274244745803e-02	322
9.499474844954713e-01	-2.078757746736982e-02	323
9.738193377386384e-01	-1.186111878813835e-02	324
-7.388293897530674e-04	1.112471995390573e-02	325
8.367385012906764e-01	-4.594479031609576e-02	326
2.476746891743349e-01	-8.422275627634292e-02	327
5.521700569638507e-01	-8.160107195596408e-02	328
7.332466560350697e-01	-6.385686379066743e-02	329
7.873092886812235e-01	-5.508707938723853e-02	330
1.145178536450492e-01	-7.825872030647761e-02	331
2.207915216807626e-01	-8.384172062658223e-02	332
5.835947082597136e-01	-7.983288503059158e-02	333
6.753826474286680e-01	-7.156417763328597e-02	334
5.249038247662763e-02	-6.486279312458014e-02	335
2.614051175659436e-03	-2.528256991944049e-02	336
1.240357785001123e-02	-3.960483036080358e-02	337
3.639524344377934e-01	-8.485967013048677e-02	338
1.825144875026154e-01	-8.288705693160486e-02	339
9.999431258649303e-01	-3.835556512426511e-04	340
2.340968001822125e-01	-8.405108757692033e-02	341
9.475010895921629e-02	-7.548461557295981e-02	342
3.042754905438840e-01	-8.464794761841038e-02	343
2.614927139571463e-01	-8.435016832527803e-02	344
4.572515324189585e-01	-8.440493313510632e-02	345
7.047328432988931e-01	-6.789077259573742e-02	346
-2.635098001107072e-03	3.598395774790020e-03	347
-1.339834386795838e-03	-1.504145729217390e-02	348
5.365578841680779e-01	7.245115613460940e-02	349
-2.093703541455078e-03	-1.298702001866395e-03	350
2.782054314503687e-02	3.486707773725958e-02	351
5.343058842983569e-02	4.338323917249967e-02	352
3.972980076595903e-02	3.933441958490586e-02	353
1.148345402820133e-01	5.521653629136131e-02	354
4.100629580027151e-01	7.684011331629012e-02	355
9.970785560752575e-01	2.004712301855566e-03	356
5.207042659147891e-01	7.354856277234384e-02	357
4.730916905381407e-01	7.587905662773567e-02	358
9.729896566895592e-01	5.859899323766504e-03	359
9.617970466824922e-01	6.549575182790810e-03	360
8.900476410229127e-01	1.694569276369071e-02	361
4.889481854359423e-01	7.526086237990667e-02	362
4.414520821666664e-01	7.665223348414767e-02	363
3.790369464538944e-01	7.648144246442892e-02	364
9.261493029321867e-01	1.091241446589396e-02	365
9.089126331878596e-01	1.374751492314829e-02	366
7.727902409780776e-02	4.880490117042772e-02	367
9.778981783193309e-01	5.530795848999273e-03	368
9.555266233441434e-01	7.050256741045935e-03	369
9.416935121115703e-01	8.607040061271708e-03	370
9.526147868884541e-02	5.210946180160415e-02	371
6.095650665429432e-02	4.525323388148532e-02	372
2.894088935395234e-01	7.271884266475738e-02	373
2.610926620913227e-01	7.077481674737730e-02	374
1.702151565843542e-01	6.232509889891056e-02	375
3.185993936274626e-01	7.436169798763669e-02	376
4.572469599777082e-01	7.634332237196087e-02	377
3.945004130249586e-01	7.672570239532955e-02	378
1.470102298541653e-01	5.956808544787795e-02	379
1.251959826901863e-01	5.669360184148056e-02	380
6.303113084126136e-01	6.265474660981904e-02	381
1.947269261215439e-01	6.494116658579972e-02	382
2.204483685699358e-01	6.741210379221807e-02	383
6.606541913486117e-01	5.832510790120543e-02	384
5.681392569405620e-01	6.978686128618652e-02	385
7.471387363119869e-01	4.351447562874832e-02	386
7.191930149611052e-01	4.862208289708921e-02	387
7.998683778654314e-01	3.346155973244971e-02	388
7.740689593950761e-01	3.840832230743170e-02	389
8.477372251169231e-01	2.443285067792451e-02	390
8.244644149716533e-01	2.876530726726079e-02	391
8.996808252681553e-01	1.530498875824004e-02	392
8.696321357473452e-01	2.049398414794842e-02	393
9.488283821691275e-01	7.729747121009843e-03	394
9.177377644217544e-01	1.227778833005293e-02	395
9.676191320155523e-01	6.175694689836107e-03	396
8.588656074858515e-01	2.241054223412263e-02	397
8.800329326049369e-01	1.867453617446283e-02	398
8.123247256015304e-01	3.107602266645744e-02	399
8.362683366980685e-01	2.655023860489409e-02	400
7.607407062195158e-01	4.095107303852037e-02	401
7.871113420289401e-01	3.590863280854838e-02	402
7.048568616830128e-01	5.114202316611091e-02	403
7.332830575729312e-01	4.607490466034410e-02	404
6.455600234564829e-01	6.054652329473072e-02	405
6.755726225062045e-01	5.600795221347316e-02	406
5.523785341237947e-01	7.120090727200820e-02	407
6.149408376849466e-01	6.464223256710472e-02	408
2.074462971764933e-01	6.619625818441330e-02	409
2.337236650373543e-01	6.858687097220306e-02	410
1.584424530925868e-01	6.096200336570413e-02	411
1.823222947498076e-01	6.365184029895384e-02	412
4.636167873231280e-02	4.140649767108653e-02	413
1.359317041977290e-01	5.814916022243578e-02	414
1.348246452203849e-02	2.715725635309310e-02	415
3.354617217705587e-02	3.715065288103828e-02	416
2.077492022692149e-01	-8.358674006050582e-02	417
3.476733943896048e-03	1.803576137103485e-02	418
9.628480580710711e-01	-1.634836201176063e-02	419
8.126589356737906e-01	-5.052666634298686e-02	420
3.337767587750409e-01	-8.477458335984479e-02	421
5.205533292472779e-01	-8.290454207703223e-02	422
1.126281835120350e-03	1.466694636339953e-02	423
2.257561460282436e-02	3.243855679782029e-02	424
6.323907908390354e-03	2.123864668676278e-02	425
8.606421170449635e-02	5.048373143723827e-02	426
6.890562221476332e-02	4.706345416910366e-02	427
2.751422807218270e-01	7.177922552091610e-02	428
1.048566972474947e-01	5.368467784611684e-02	429
9.823371475316308e-01	5.113418712062272e-03	430
9.862816143604090e-01	4.609960679686958e-03	431
3.039036182857576e-01	7.358602669516993e-02	432
9.897336511364946e-01	4.010980564291038e-03	433
9.926801567755941e-01	3.352522924793592e-03	434
3.334596640835598e-01	7.504657964204164e-02	435
3.637066332199969e-01	7.611912205629418e-02	436
9.341355958308211e-01	9.676328028670630e-03	437
9.999262679984396e-01	3.858636006790160e-04	438
9.985195925041652e-01	1.301166623579877e-03	439
9.994467714332331e-01	7.219281244950485e-04	440
6.300686957649563e-01	-7.624774741362730e-02	441
3.867521657194441e-02	-5.891866283233234e-02	442
9.951325408897304e-01	2.684264332145425e-03	443
5.048312512208899e-01	7.448582734812545e-02	444
3.793398713588080e-04	-2.020788999646887e-02	445
8.630642010056122e-03	-3.500675907818529e-02	446
6.812122502908946e-02	-6.979061054869388e-02	447
1.358036521150983e-01	-8.032597165751428e-02	448
2.755413125751016e-01	-8.446196899701339e-02	449
7.110195361048886e-02	5.669151029456430e-02	450
-4.845627827941832e-03	1.037360091199925e-02	451
-5.950864254123576e-03	5.818215916622614e-03	452
2.825221865513724e-01	-9.947837848747625e-02	453
6.994218326201512e-01	-8.350083620662521e-02	454
9.164974870418023e-01	-3.857331899284037e-02	455
2.965021304954171e-03	-3.530065314204800e-02	456
5.774873549711795e-01	8.461411370948607e-02	457
6.846699640234013e-01	-8.552302819989716e-02	458
7.830271609467423e-01	-6.946887099796320e-02	459
9.894884616022439e-01	-9.202117415921146e-03	460
3.264345172448361e-01	-1.002764785098123e-01	461
8.562111718547740e-01	-5.388524830417860e-02	462
8.331466754731097e-01	-5.911910387498773e-02	463
8.767791836789446e-02	-8.386172295112561e-02	464
-5.760022714917704e-03	-1.365811776074728e-02	465
2.136564831195276e-01	-9.740322611780321e-02	466
1.055322512964980e-02	-4.536250226265154e-02	467
9.616128403737209e-01	-2.337873955512493e-02	468
1.514000803951778e-01	-9.339720984355936e-02	469
7.139657665783454e-01	-8.136372423046059e-02	470
6.546176582751779e-01	-8.921737540432369e-02	471
4.500101507408778e-01	-1.006822087065128e-01	472
7.840813549457192e-02	-8.156480431183574e-02	473
3.873033081893399e-01	-1.008801688798074e-01	474
8.979706044164149e-01	-4.356852241959589e-02	475
7.960177703308802e-01	-6.692991499365096e-02	476
4.831431328725836e-03	2.585986316441215e-02	477
1.730450874357049e-02	3.584097770180704e-02	478
6.701102642783983e-01	7.212150847847629e-02	479
8.437564019121931e-01	3.741882574953447e-02	480
1.082453805661895e-01	6.496970770269749e-02	481
6.849964823634788e-01	6.960514934118384e-02	482
1.631399097201778e-01	7.393118596748618e-02	483
8.763621245669406e-01	3.047171135901461e-02	484
9.887771896399373e-01	7.696811957444128e-03	485
3.408139764714394e-01	9.057332650542910e-02	486
5.138231216522626e-01	8.979391778678376e-02	487
9.530660043012713e-01	1.476615047443425e-02	488
8.864895456668204e-01	2.832507678257588e-02	489
9.919367251750476e-01	6.525532017832424e-03	490
9.595165056471616e-01	1.365259525696874e-02	491
9.809287546218229e-01	9.808023814763051e-03	492
2.397328324728688e-01	8.311923797791396e-02	493
3.257734887131663e-01	8.979452846393447e-02	494
2.262467783227712e-01	8.172096208050361e-02	495
9.836685366666145e-02	6.300322960343262e-02	496
6.697265761678672e-01	-8.743284236237168e-02	497
2.006294367753383e-01	-9.680236911848571e-02	498
8.500080707565352e-03	2.933169117396608e-02	499
1.401359921477824e-01	7.046117132491393e-02	500
4.756652674035755e-02	4.973257109460207e-02	501
9.711205480083689e-01	1.170026036281349e-02	502
9.945914679957625e-01	5.405363119210097e-03	503
8.962273091483004e-01	2.626481907096936e-02	504
1.632455653677097e-01	-9.443392963149252e-02	505
1.000202699585090e+00	2.423644342037858e-04	506
9.984341961330632e-01	2.965188173596985e-03	507
9.967636876310999e-01	4.221267810924047e-03	508
1.672549745975198e-03	2.221457541224525e-02	509
-3.165352550734937e-03	1.446526663620948e-02	510
-1.907761911947156e-05	-3.002275903212529e-02	511
-5.119163221962959e-03	-2.748279722653750e-03	512
-4.028391093287288e-03	-4.616451627035218e-04	513
1.513804107391786e-02	-5.005484624465827e-02	514
1.000214399650950e+00	-2.276518308413314e-04	515
6.113795346751946e-02	-7.627608744877783e-02	516
9.985846999672060e-01	-3.084907910151774e-03	517
9.949488127558381e-01	-5.917950405932685e-03	518
4.182639953593486e-01	9.251465738420420e-02	519
5.453645885607509e-01	-9.791957049679970e-02	520
9.860383645273250e-01	-1.111712421328321e-02	521
8.778555124554503e-01	-4.868552536895226e-02	522
5.932353610507564e-01	8.289255767863600e-02	523
9.924439719847501e-01	-7.429017587520712e-03	524
-6.358385786457223e-03	-7.822524023405657e-03	525
4.342147390930542e-01	-1.008282537259688e-01	526
4.025445530032142e-01	9.240833317742464e-02	527
8.448469379321842e-01	-5.650825725823512e-02	528
2.817441681005476e-01	8.682994669190298e-02	529
8.672159975224291e-01	-5.127207095646998e-02	530
8.881103007526053e-01	-4.611210575505136e-02	531
6.955865787692264e-02	-7.903928606565205e-02	532
9.074403360312666e-01	-4.106004086988185e-02	533
9.251378036824855e-01	-3.610485918550010e-02	534
9.484110350715508e-01	-2.860154218188777e-02	535
2.584991363920341e-02	-5.883477062316889e-02	536
9.552524165016343e-01	-2.601304926305440e-02	537
9.674869289015796e-01	-2.073471328021508e-02	538
9.821452826289311e-01	-1.329052377044355e-02	539
1.287206907624737e-01	-9.091133004791654e-02	540
7.561854647318503e-01	-7.443116139738568e-02	541
7.697502748321604e-01	-7.197084105257653e-02	542
9.970042559201165e-01	-4.487717879270202e-03	543
4.658711286388647e-01	-1.004571220848146e-01	544
4.817540709450457e-01	-1.001409406577244e-01	545
4.976552127327701e-01	-9.973973612889296e-02	546
2.022341856663254e-02	-5.458192913888088e-02	547
4.028490275499869e-01	-1.009266488875856e-01	548
4.184898855812824e-01	-1.009111262930620e-01	549
3.414132117046120e-01	-1.004861261293719e-01	550
3.854341485393307e-02	-6.657757624024181e-02	551
9.333475662917758e-01	-3.363155297514551e-02	552
9.411040130855444e-01	-3.113428154028774e-02	553
1.398958639219933e-01	-9.222848799250973e-02	554
9.736174186876827e-02	-8.594420174087011e-02	555
5.612286300733506e-01	-9.709823165484716e-02	556
6.084053043789747e-01	-9.376733344319860e-02	557
9.728568424739817e-01	-1.813420154579639e-02	558
9.777348834530674e-01	-1.564375597530402e-02	559
7.282831435463648e-01	-7.912904625627157e-02	560
7.423522927357858e-01	-7.682044621610684e-02	561
1.074336022989235e-01	-8.781285820108395e-02	562
1.179044219735972e-01	-8.945864738809800e-02	563
5.770323183639067e-01	-9.612676802563730e-02	564
5.927622673524505e-01	-9.501614694361141e-02	565
4.559269329692061e-02	-7.008953265590126e-02	566
5.315336939089833e-02	-7.332439556250378e-02	567
6.497312330127295e-03	-4.040202152310681e-02	568
3.565761342410940e-01	-1.006642545629116e-01	569
3.718767291686843e-01	-1.007912442011297e-01	570
1.754192404998176e-01	-9.533675500021274e-02	571
1.878827256626057e-01	-9.612046852539199e-02	572
2.269334286130632e-01	-9.793643889229696e-02	573
2.404743324376655e-01	-9.840873038183053e-02	574
2.969618944705892e-01	-9.978349055928173e-02	575
3.116184423357372e-01	-1.000494927573121e-01	576
2.542818966991537e-01	-9.881064647246904e-02	577
-5.144850574676983e-03	1.580062350965134e-03	578
-2.473210648628972e-03	-2.462676291752299e-02	579
4.061441504578091e-02	4.718811100724155e-02	580
9.850903642329684e-01	8.757146257545562e-03	581
5.297997985287350e-01	8.874757281471975e-02	582
4.978273647361056e-01	9.066622480878704e-02	583
4.818467626845555e-01	9.136335910736261e-02	584
4.658842066563882e-01	9.189850313234717e-02	585
9.762470494524462e-01	1.077402887729470e-02	586
9.655418627071586e-01	1.264662487434592e-02	587
9.230693140950612e-01	2.062454320969565e-02	588
4.499433414119464e-01	9.226293140678073e-02	589
4.340683175507249e-01	9.246413101034270e-02	590
3.869217663386698e-01	9.214934839726667e-02	591
9.145271191354741e-01	2.240908555716437e-02	592
9.461932271898399e-01	1.601285133252562e-02	593
6.283672321571243e-02	5.443502436727866e-02	594
5.499653759941105e-02	5.214708066007635e-02	595
2.535086914558221e-01	8.443656507888703e-02	596
2.675109084983479e-01	8.566057840868743e-02	597
1.514620892279930e-01	7.221436161476288e-02	598
1.291469467730268e-01	6.866535060597261e-02	599
1.185207955643373e-01	6.685193931401910e-02	600
7.954902312614457e-01	4.777926258862430e-02	601
7.423343036422247e-01	5.884279430681178e-02	602
7.283668759676587e-01	6.159829071380801e-02	603
7.826398490585105e-01	5.050412930165906e-02	604
8.321947258799837e-01	3.989230028252328e-02	605
9.055792561197030e-01	2.429485411046898e-02	606
8.658543508054407e-01	3.269400932753250e-02	607
8.549836455662767e-01	3.501316706964984e-02	608
8.202921860106360e-01	4.245739521074755e-02	609
8.080479133450552e-01	4.509539205193265e-02	610
7.694962483850114e-01	5.326797857073534e-02	611
7.560549635558514e-01	5.606006745047147e-02	612
7.141413422462567e-01	6.432916506334369e-02	613
6.996788134004794e-01	6.700613489589861e-02	614
6.550452830748306e-01	7.453387480061814e-02	615
6.397975011769724e-01	7.682555509430487e-02	616
5.616532648674565e-01	8.616988973001136e-02	617
5.457439805336981e-01	8.753926487735714e-02	618
6.244108196208005e-01	7.898632946874436e-02	619
6.088852691421293e-01	8.101351831028344e-02	620
2.130465710291251e-01	8.026534086858238e-02	621
2.001170821273636e-01	7.875821471549575e-02	622
1.874876388980554e-01	7.720372248513718e-02	623
1.751602785442914e-01	7.559550767810259e-02	624
1.265914064245806e-02	3.268612550625909e-02	625
3.409502053736526e-02	4.452888207373384e-02	626
2.803350023454119e-02	4.179548503612091e-02	627
8.087181440839102e-01	-6.435280108616903e-02	628
8.211043160039627e-01	-6.174042554677345e-02	629
5.135733637825133e-01	-9.923737077656594e-02	630
5.294794055839855e-01	-9.862935783849090e-02	631
-9.930086248615599e-04	1.841918761694943e-02	632
2.242233382672860e-02	3.890590708645648e-02	633
8.887144943932936e-02	6.096706145622324e-02	634
7.978188531540618e-02	5.886664722536279e-02	635
3.109046585513030e-01	8.891646517593560e-02	636
2.962076978548197e-01	8.792398129049636e-02	637
3.714200024515337e-01	9.175701501845236e-02	638
3.560461938975572e-01	9.123554972431662e-02	639
9.389030977290934e-01	1.740482807803534e-02	640
9.311988367278602e-01	1.895028068834029e-02	641
6.239355744198869e-01	-9.238208418228067e-02	642
6.393394988234031e-01	-9.086704259104000e-02	643
3.195558128837755e-02	-6.280741495818645e-02	644
-4.390186100859271e-03	-1.914441028461241e-02	645
2.682953078740880e-01	-9.915073239601903e-02	646
-1.016874447004213e-02	-1.150434008022152e-02	647
3.953974537963366e-01	-1.187827684223362e-01	648
2.893536219657744e-01	-1.163716092678603e-01	649
7.923870345686347e-01	-8.279670650474542e-02	650
5.386517501033163e-01	-1.161329323153149e-01	651
9.237394495413515e-01	-4.674659381577276e-02	652
9.917029593531138e-01	1.034036848235130e-02	653
9.882798767696132e-01	1.211008592707528e-02	654
9.640555545559027e-01	2.024089301946897e-02	655
-3.429346959741527e-03	2.268226987533705e-02	656
9.944769932137325e-01	8.649234091399529e-03	657
9.994378586960460e-01	1.753288337486864e-03	658
1.000189056513166e+00	5.557231418801971e-04	659
9.989858798865664e-01	-5.180951004358792e-03	660
1.000469881456072e+00	1.496765953986541e-05	661
1.312392927706913e-02	-5.690688404675785e-02	662
-8.937807187874073e-03	2.920870526144032e-03	663
8.943757887674558e-02	-9.538173091118490e-02	664
9.321198535704678e-01	-4.371657763820970e-02	665
9.926709581108656e-01	-1.154779285231125e-02	666
5.712431317458783e-01	1.029021224287904e-01	667
9.995245267175148e-01	-1.788419047371547e-03	668
-2.983098725730222e-03	-3.517863425512534e-02	669
7.091732749798274e-01	-9.870403195045413e-02	670
-7.728026899744134e-03	-2.357081551973872e-02	671
7.236920669649555e-01	-9.627176013284512e-02	672
8.344403375279478e-03	-5.175309610450486e-02	673
8.755381738172533e-01	-6.189045361383862e-02	674
2.588077782528309e-04	-4.084753928981657e-02	675
3.338407058094950e-01	-1.177343458106617e-01	676
8.647232473914916e-01	-6.491785842941106e-02	677
6.944200629352113e-01	-1.010098970491424e-01	678
9.951892327596604e-01	-9.384023927949686e-03	679
3.943952599580565e-03	-4.639394302578236e-02	680
9.800390487117031e-01	1.544194841995036e-02	681
5.230725709122784e-01	1.069012522413597e-01	682
9.512114332173168e-01	2.364451965769559e-02	683
6.649205823519988e-01	9.012101399622897e-02	684
9.968503799190934e-01	6.894191807032281e-03	685
5.069428345615982e-01	1.078813497709068e-01	686
2.737730316045739e-01	1.023513381230930e-01	687
3.329023006169606e-01	1.070824390372129e-01	688
1.555525769057874e-01	8.648610003050430e-02	689
6.420527763035826e-02	6.488549703510052e-02	690
1.000021033747958e+00	1.048261332178340e-03	691
-9.265938854774652e-03	-1.771762045767036e-02	692
-7.796136672421633e-03	1.373905111051239e-02	693
1.142171533809753e-02	3.894367963133544e-02	694
-9.239188043593626e-03	8.762383261330898e-03	695
9.670054523529286e-01	-2.830944437294524e-02	696
7.976506808869090e-02	-9.261431665893433e-02	697
-6.720038561630027e-03	-6.575155011538497e-04	698
1.554834165500343e-01	-1.073537010067711e-01	699
4.586817064825358e-01	-1.186154123435935e-01	700
1.854886440576694e-02	-6.193917549245340e-02	701
2.995020216667069e-03	3.107609314718853e-02	702
8.403178073918003e-01	5.202543647249665e-02	703
7.916048162841741e-01	6.380906259679081e-02	704
6.799731538792347e-01	8.747834788095496e-02	705
9.844539960437283e-01	1.376030725854414e-02	706
9.578452866477551e-01	2.190292687993541e-02	707
8.933682113945285e-01	3.869757131208023e-02	708
8.835117518037006e-01	4.121988857586453e-02	709
3.178379322865579e-01	1.060866495544863e-01	710
2.882189173867926e-01	1.037073415726773e-01	711
2.318163178807677e-01	9.780940339590023e-02	712
1.010123890507274e-01	7.537833507718247e-02	713
6.643415443580688e-01	-1.052276820744254e-01	714
6.794749848514413e-01	-1.031848573318059e-01	715
2.060119960831319e-01	-1.121354566575605e-01	716
6.888305032818733e-03	3.510814326209071e-02	717
1.439590226244759e-01	8.436137747637991e-02	718
9.751561963863465e-01	1.704157070194145e-02	719
9.986673461055374e-01	4.995798961546504e-03	720
-4.871843421663833e-04	2.694526256985954e-02	721
-5.865421936790408e-03	1.827303784141720e-02	722
-5.633829606501118e-03	-2.941613156711621e-02	723
-9.035543910523464e-03	-4.596535622758083e-03	724
2.457312292645043e-02	-6.657978551502131e-02	725
1.000217274205104e+00	-5.414993845686622e-04	726
1.000074965563959e+00	-1.045705643137895e-03	727
9.725212664121922e-01	-2.522992978851292e-02	728
9.895740213905708e-01	-1.401491305516995e-02	729
5.871635541814636e-01	1.011820990666480e-01	730
4.427462197289909e-01	-1.187894040173608e-01	731
4.106863681144159e-01	1.099453618390556e-01	732
8.419769737396410e-01	-7.096936924957453e-02	733
8.535325364002845e-01	-6.795414517173592e-02	734
8.859956518267469e-01	-5.885623227524313e-02	735
8.960430088971515e-01	-5.581854374832762e-02	736
6.169811386291923e-02	-8.636890070919317e-02	737
7.051400153470487e-02	-8.961387051667488e-02	738
9.056843927297015e-01	-5.279383134616066e-02	739
9.149296988732166e-01	-4.976928750609552e-02	740
9.544822313068367e-01	-3.452725966496380e-02	741
9.609919112432435e-01	-3.141787417103956e-02	742
9.860899256865900e-01	-1.654264490027365e-02	743
7.657448657653223e-01	-8.841038219892475e-02	744
7.792107595525333e-01	-8.562959256421290e-02	745
9.973428948896427e-01	-7.292360143872812e-03	746
4.746638060868091e-01	-1.183337547210507e-01	747
4.906469479937399e-01	-1.179475573246183e-01	748
4.111003313103400e-01	-1.188750186620098e-01	749
4.268901177909434e-01	-1.188751103644164e-01	750
3.096369640422056e-02	-7.104047469136959e-02	751
9.400441691573836e-01	-4.066833720827130e-02	752
9.474905888416039e-01	-3.761073229615407e-02	753
1.320891085691950e-01	-1.040755682023594e-01	754
1.436222128379676e-01	-1.057929791412373e-01	755
5.546273906346098e-01	-1.153399011283113e-01	756
5.706005217778246e-01	-1.143587203506105e-01	757
9.775214432463509e-01	-2.223656893053736e-02	758
9.820491036912300e-01	-1.934355979484486e-02	759
7.379520185679467e-01	-9.374342255706143e-02	760
7.519755121031261e-01	-9.112577643847072e-02	761
9.952663052487316e-02	-9.792156078805482e-02	762
1.100393392227950e-01	-1.002261279424429e-01	763
1.209237292833690e-01	-1.021957160266669e-01	764
5.864899438033646e-01	-1.132155492834258e-01	765
6.022961495105177e-01	-1.119148967548928e-01	766
3.789238075145480e-02	-7.530406540188453e-02	767
4.537469527432966e-02	-7.931889532867165e-02	768
5.338345962555499e-02	-8.292765204862793e-02	769
3.490078325277174e-01	-1.180958568856859e-01	770
3.643541220050904e-01	-1.183913146947805e-01	771
3.798150931882576e-01	-1.186159146197201e-01	772
1.676908566503285e-01	-1.087610128524248e-01	773
1.801955895977156e-01	-1.100142991775811e-01	774
1.929725845862789e-01	-1.111313831870549e-01	775
2.193034011412299e-01	-1.130484189726812e-01	776
2.328465972235529e-01	-1.138774032017763e-01	777
3.040144784275862e-01	-1.168856015753967e-01	778
3.188603730657443e-01	-1.173342214785805e-01	779
2.466681682875991e-01	-1.146217041712365e-01	780
4.094691419511599e-02	5.616304935206776e-02	781
4.908112080078707e-01	1.086717691029298e-01	782
4.747094776278353e-01	1.092797988708943e-01	783
9.698364887339975e-01	1.862773442649225e-02	784
4.586118577816600e-01	1.097111529220263e-01	785
4.425612740611912e-01	1.099587043423674e-01	786
4.265901710091660e-01	1.100367840906330e-01	787
3.948724500772191e-01	1.096774498680566e-01	788
9.205841294263060e-01	3.164994959298987e-02	789
5.608872293619606e-02	6.207135346982545e-02	790
4.827967059434673e-02	5.924975384664991e-02	791
2.595781094929857e-01	1.009200062055942e-01	792
2.455641343297764e-01	9.944752086753959e-02	793
1.327059799555493e-01	8.218598181328596e-02	794
1.218240558415522e-01	7.996576315598149e-02	795
1.112335108296883e-01	7.777416710925872e-02	796
7.379412884766232e-01	7.597698736073878e-02	797
9.119121123993591e-01	3.391104370757465e-02	798
9.028302441429074e-01	3.626369636984472e-02	799
8.732541472624298e-01	4.381292724428961e-02	800
8.626426001623777e-01	4.647387700405099e-02	801
8.516609991847168e-01	4.921948763298532e-02	802
8.286582725717625e-01	5.488799585965871e-02	803
8.166380967195149e-01	5.782488793670523e-02	804
8.042687281717856e-01	6.080634834479193e-02	805
7.786480398287050e-01	6.683950112795529e-02	806
7.653846416252927e-01	6.989857776464843e-02	807
7.517993583560632e-01	7.295780384629574e-02	808
7.238327130796234e-01	7.895375982008125e-02	809
7.094506634424101e-01	8.188365747812001e-02	810
6.948178710607656e-01	8.472959889859005e-02	811
6.496679913480208e-01	9.263342414665218e-02	812
5.552166924438898e-01	1.044319586391689e-01	813
5.391617252124682e-01	1.057346355006581e-01	814
6.342515940934015e-01	9.500097410130681e-02	815
6.186921641223402e-01	9.722194937227054e-02	816
6.029872889283037e-01	9.928722529709287e-02	817
2.183815964853799e-01	9.609067490408042e-02	818
2.052316448349156e-01	9.430419431894099e-02	819
1.923640313724997e-01	9.245748869924975e-02	820
1.797873020226906e-01	9.054336938236557e-02	821
1.675094638807968e-01	8.855329067500668e-02	822
3.411337336581549e-02	5.295384486640316e-02	823
2.776907349058972e-02	4.965549694837455e-02	824
8.052779135610540e-01	-7.990526963872849e-02	825
8.178682453365280e-01	-7.695282279118039e-02	826
8.301053980509290e-01	-7.396198221120370e-02	827
5.066567877109326e-01	-1.174563534233853e-01	828
5.226660912700860e-01	-1.168513064962053e-01	829
2.177606742530094e-02	4.631188537129807e-02	830
1.630799243783607e-02	4.267048639285859e-02	831
9.120286560046795e-02	7.288778754448731e-02	832
8.179543321982578e-02	7.031122019134668e-02	833
7.279312550471499e-02	6.764664017514148e-02	834
3.029243416574765e-01	1.049632898761217e-01	835
3.791826205058886e-01	1.092514675280854e-01	836
3.636158863041839e-01	1.086835268833597e-01	837
3.481657458357506e-01	1.079581951162312e-01	838
9.441653832378216e-01	2.547846995363977e-02	839
9.367241896669858e-01	2.742260148920238e-02	840
9.288596952958678e-01	2.948607926758238e-02	841
6.179998025345794e-01	-1.104624988025020e-01	842
6.335759088835700e-01	-1.088644920557706e-01	843
6.490303126171409e-01	-1.071222845877053e-01	844
2.607199385496371e-01	-1.152169134010563e-01	845
2.749251922729174e-01	-1.158107653318819e-01	846
-1.422403721413996e-02	-1.556349909242181e-02	847
9.059452748214004e-02	-1.085192063221668e-01	848
9.992037447839145e-01	7.301705077502652e-03	849
9.844649640903507e-01	1.959264038713679e-02	850
5.480955753263342e-01	-1.356647295009810e-01	851
-1.333426610705096e-02	5.321547486673479e-03	852
9.996412490854838e-01	-3.976636033449001e-03	853
9.316918813648216e-01	-5.521002281288844e-02	854
9.397863278798340e-01	-5.154903881348923e-02	855
2.260662841630406e-02	-7.527464081828648e-02	856
9.949464769352997e-01	1.234617292452115e-02	857
5.000258796431204e-01	1.280313434996830e-01	858
-1.314741313854929e-02	-2.208628601236926e-02	859
4.786403629326934e-03	4.167197939962368e-02	860
-6.378682123784795e-03	-4.084755211345158e-02	861
9.633262277431739e-01	2.896529792083329e-02	862
9.973460436951254e-01	9.948854893149514e-03	863
-1.111040497027102e-02	1.755279862323587e-02	864
6.600221577183989e-01	1.102325491879907e-01	865
-8.983466990088377e-03	2.257979366228812e-02	866
1.000495471590271e+00	3.758464566104820e-04	867
1.000515478212511e+00	-3.442802599669938e-04	868
8.024602729011679e-01	-9.737653539497135e-02	869
1.591350471938067e-01	-1.231867450754143e-01	870
1.051279595172429e-02	-6.458444768964772e-02	871
4.035408966500855e-01	-1.387895157003184e-01	872
8.050021453254211e-02	-1.052034829538166e-01	873
4.514372320393310e-01	-1.388202322717100e-01	874
2.960022460101432e-01	-1.353341490462648e-01	875
9.884653320660681e-01	1.721867938429581e-02	876
5.650769354382302e-01	1.233100163493443e-01	877
9.569324005633727e-01	3.132640982364126e-02	878
9.501146258607226e-01	3.373373641681808e-02	879
7.883647391836380e-01	8.172580185923083e-02	880
1.472848153422263e-01	1.000088178840621e-01	881
2.653836658399369e-01	1.193971322807706e-01	882
9.935321258516854e-01	-1.616905100446541e-02	883
5.647281972203698e-02	7.329995335067252e-02	884
8.739696488557371e-01	-7.677231835489561e-02	885
9.994004790280979e-01	3.881597456380357e-03	886
9.920059833319872e-01	1.476118747137959e-02	887
9.997469344634043e-01	-7.518856846246573e-03	888
9.780806359956475e-01	-2.960592470727471e-02	889
5.477632788655951e-03	-5.879534757559057e-02	890
7.047913743911276e-01	-1.181537694541673e-01	891
-9.241234649077459e-03	-3.462172941983459e-02	892
7.195565699868548e-01	-1.155326972570007e-01	893
7.340530928183080e-01	-1.127294718863732e-01	894
9.455368539198336e-04	-5.308828993704474e-02	895
9.960951093721786e-01	-1.321639387147228e-02	896
-3.038594855685332e-03	-4.687238981495229e-02	897
8.375633767753549e-01	6.842219462196610e-02	898
5.163412145941871e-01	1.271196297483608e-01	899
3.095137152040354e-01	1.240522623629876e-01	900
-1.275423550487831e-02	1.218662149126342e-02	901
5.428065347408606e-04	3.692663550339659e-02	902
6.753300027572173e-01	1.074747416145995e-01	903
8.912619450019529e-01	5.271913008413897e-02	904
3.246594053001359e-01	1.253206054598545e-01	905
2.945330263407905e-01	1.226231619730303e-01	906
2.798166741082126e-01	1.210585551441541e-01	907
6.746401244733542e-01	-1.229881385060813e-01	908
6.898008047288886e-01	-1.206704808407027e-01	909
9.798450579701222e-01	2.199988411989473e-02	910
-3.103153000299144e-03	3.230851055254410e-02	911
-6.324276294851191e-03	2.750034452647752e-02	912
-1.148503463157661e-02	-2.835501751106468e-02	913
-1.381965354460118e-02	-7.593265813938288e-03	914
1.638204084988030e-02	-7.025400386224609e-02	915
9.729525771670025e-01	-3.320207129598507e-02	916
9.904235713179510e-01	-1.934991833120746e-02	917
5.812205761326020e-01	1.216007701304012e-01	918
8.515543399919689e-01	-8.378654988070526e-02	919
8.629628804850747e-01	-8.028597790359712e-02	920
8.846212067914516e-01	-7.324086707059062e-02	921
8.948922637977661e-01	-6.966591836515411e-02	922
6.162298876008218e-02	-9.784256397070105e-02	923
7.084262721587420e-02	-1.016495832790745e-01	924
9.047229243826026e-01	-6.607715073298832e-02	925
9.141484230220864e-01	-6.247356760356325e-02	926
9.231463433922875e-01	-5.884830959301370e-02	927
9.611528071061248e-01	-4.053726015539908e-02	928
9.673035755808193e-01	-3.685842097812404e-02	929
7.759699673587160e-01	-1.037664069954715e-01	930
7.893557608034696e-01	-1.006352315723911e-01	931
9.981675294548060e-01	-1.043845618526142e-02	932
4.675506524328237e-01	-1.385992598619434e-01	933
4.836718261666824e-01	-1.382385872769660e-01	934
4.194441620773945e-01	-1.389140402430804e-01	935
4.354049504070933e-01	-1.389188279388704e-01	936
9.473826108411120e-01	-4.788409901580111e-02	937
9.544998906536724e-01	-4.421994140343507e-02	938
1.349593980579226e-01	-1.190303764187948e-01	939
1.468711875718733e-01	-1.211966985124264e-01	940
5.642494319610569e-01	-1.347552588994199e-01	941
9.827051776537356e-01	-2.609407256641236e-02	942
9.868656502059868e-01	-2.260553158409944e-02	943
7.482813855393613e-01	-1.098595203238697e-01	944
7.622760392710378e-01	-1.068657194504522e-01	945
1.011477480843589e-01	-1.115856023795060e-01	946
1.122370212154911e-01	-1.143302764561617e-01	947
1.233949166923683e-01	-1.166820704977992e-01	948
5.803826912044630e-01	-1.335803457512481e-01	949
5.963656009243445e-01	-1.322539158378950e-01	950
2.929985931378476e-02	-8.034012501654438e-02	951
3.661901961378525e-02	-8.521943749383784e-02	952
4.467194445828913e-02	-8.982387190919969e-02	953
5.292371069852102e-02	-9.382155285923718e-02	954
3.411454340167652e-01	-1.372928802814904e-01	955
3.565495530774031e-01	-1.378074617906433e-01	956
3.721022365996627e-01	-1.382219582012804e-01	957
3.877543849023939e-01	-1.385505619085308e-01	958
1.717265283619804e-01	-1.249927330337316e-01	959
1.845858948746476e-01	-1.266237822272136e-01	960
1.976923635184290e-01	-1.281014131592466e-01	961
2.110329123933255e-01	-1.294574557529941e-01	962
2.246222431883806e-01	-1.307078913171507e-01	963
3.259536171706573e-01	-1.367078264575510e-01	964
3.109100721534222e-01	-1.360633736612929e-01	965
2.384821105056152e-01	-1.318502937766045e-01	966
4.837488828088915e-01	1.287067588197157e-01	967
9.747975055679459e-01	2.431855601954325e-02	968
9.692913449637983e-01	2.663413385263544e-02	969
4.674846292394307e-01	1.292141905092557e-01	970
4.512301802216353e-01	1.295225758489153e-01	971
4.350510327913141e-01	1.296343437940445e-01	972
4.189421128305875e-01	1.295616412865861e-01	973
4.028975248815002e-01	1.292898689736299e-01	974
4.845977481603148e-02	7.004829438516000e-02	975
4.062516427549998e-02	6.635769552475428e-02	976
2.512103057036202e-01	1.177329228402361e-01	977
2.371020329002616e-01	1.158738098775962e-01	978
1.357486964398225e-01	9.740652839672698e-02	979
1.245714237515074e-01	9.474331710297507e-02	980
1.137948841267150e-01	9.220216596523473e-02	981
1.031049068387820e-01	8.938129044931888e-02	982
9.188616525035385e-01	4.408382492433566e-02	983
9.100487078683637e-01	4.688412792099732e-02	984
9.008458805449108e-01	4.976184464520069e-02	985
8.812558499348895e-01	5.575505466867225e-02	986
8.708748289724134e-01	5.883253205086084e-02	987
8.601402475677767e-01	6.197188623820309e-02	988
8.490318257390607e-01	6.516432381126853e-02	989
8.257919664685323e-01	7.169605584040571e-02	990
8.136149819303615e-01	7.503358327244949e-02	991
8.010974869034015e-01	7.838386438130010e-02	992
7.752408927077766e-01	8.511807476370023e-02	993
7.618546422053609e-01	8.850134307768159e-02	994
7.480510039793777e-01	9.185623557518872e-02	995
7.340778569847556e-01	9.514061312511238e-02	996
7.197471393497699e-01	9.836037595957378e-02	997
7.052002526534986e-01	1.015207297248808e-01	998
6.903362935695563e-01	1.045378319770985e-01	999
5.326275096411081e-01	1.260557599762762e-01	1000
5.488127372047591e-01	1.247460388149483e-01	1001
6.445859954243324e-01	1.128801222997731e-01	1002
6.289407457942411e-01	1.153038988832052e-01	1003
6.131867434248023e-01	1.176225665320754e-01	1004
5.972428810798290e-01	1.196835634087947e-01	1005
2.233764596505401e-01	1.138636608077355e-01	1006
2.099691206017242e-01	1.117627688747621e-01	1007
1.968529490476582e-01	1.095896861792435e-01	1008
1.840105871664081e-01	1.073409500609475e-01	1009
1.714481610392668e-01	1.049955822829547e-01	1010
1.591882377991800e-01	1.025485508254586e-01	1011
3.343167453264450e-02	6.250096696293672e-02	1012
2.678799645589032e-02	5.854915020009793e-02	1013
8.152769217242298e-01	-9.406165343935091e-02	1014
8.277459654348557e-01	-9.065273810522523e-02	1015
8.398144636514682e-01	-8.722916533771335e-02	1016
4.997794325246892e-01	-1.377610304043058e-01	1017
5.159294054957113e-01	-1.371671063415238e-01	1018
5.320107923090798e-01	-1.364629200358925e-01	1019
2.058325620232066e-02	5.473037971902530e-02	1020
1.467477534091712e-02	5.041571053554054e-02	1021
9.496647488971281e-03	4.598862626368711e-02	1022
9.292471250821159e-02	8.638254579961499e-02	1023
8.317521487000754e-02	8.326769726536132e-02	1024
7.383846226239026e-02	8.004725696788950e-02	1025
6.491495152627876e-02	7.671189653583026e-02	1026
3.869777532298181e-01	1.288272291620801e-01	1027
3.711973250721458e-01	1.282048586297511e-01	1028
3.555104858237874e-01	1.274177460949175e-01	1029
3.399740288103504e-01	1.264467963753583e-01	1030
9.272750618025002e-01	4.137376359463640e-02	1031
9.429088569824940e-01	3.619524646472182e-02	1032
9.353018084685586e-01	3.874073549325464e-02	1033
6.122975759341652e-01	-1.307150234307470e-01	1034
6.280606121235078e-01	-1.290523856136578e-01	1035
6.437349966995015e-01	-1.271846558370483e-01	1036
6.592536897772555e-01	-1.251987623989659e-01	1037
2.526742278337123e-01	-1.328335124247565e-01	1038
2.668868125305172e-01	-1.336642086737230e-01	1039
2.813226066263024e-01	-1.345256819911031e-01	1040
-2.725694203702582e-03	-6.037202316733650e-02	1041
9.994186873874781e-01	9.411400219915118e-03	1042
9.795566328741087e-01	-3.775069528805158e-02	1043
1.000449593724399e+00	8.163662641787845e-04	1044
-6.939435404196429e-03	-5.353763830550343e-02	1045
7.380346274877778e-01	-1.323922949413092e-01	1046
9.100330316563073e-02	-1.234470985908571e-01	1047
-1.043913307324660e-02	-4.695576901515074e-02	1048
9.852648436330443e-01	2.619415259130630e-02	1049
-1.566561918829087e-02	-3.347688916536759e-02	1050
1.352218344767909e-02	-7.944021271822112e-02	1051
1.622868766799889e-01	-1.410727043713398e-01	1052
1.381246880468468e-01	1.144704652077214e-01	1053
-2.541931793398123e-03	4.351862388282590e-02	1054
-1.252393987469490e-02	2.735740970219727e-02	1055
-1.769491626099347e-02	8.810748273912861e-03	1056
-9.404094195535524e-03	1.440250355488860e-04	1057
-9.393908033443032e-03	-1.742631382025626e-03	1058
-1.342838371493514e-02	4.862583109444292e-04	1059
-1.741828090678282e-02	-2.673301108538147e-02	1060
1.000188328303410e+00	-9.676185920311131e-03	1061
3.158907468867889e-01	1.454338586210398e-01	1062
9.842555631032899e-01	-3.350882787672529e-02	1063
9.976524246748181e-01	-1.737119763955755e-02	1064
9.482979323205879e-01	-5.947872473428585e-02	1065
8.069526124285616e-01	-1.150692367709444e-01	1066
4.117567443587171e-01	-1.611319958356241e-01	1067
9.983388838909810e-01	1.325157665458599e-02	1068
9.266318461155650e-01	5.468568145117779e-02	1069
9.499564669352419e-01	4.506972471974539e-02	1070
5.507360828983523e-01	1.466404242969293e-01	1071
5.178070738696653e-01	1.490697201698157e-01	1072
6.631548484159666e-01	1.311879438965500e-01	1073
7.790558241643774e-01	1.036935191022669e-01	1074
4.930283716438960e-01	1.503753089864642e-01	1075
5.499091639372723e-01	-1.578920661607370e-01	1076
3.313508873052370e-01	1.468783710907375e-01	1077
9.960094865133220e-01	1.646360605807741e-02	1078
8.043308084489129e-02	-1.194816873355644e-01	1079
1.000288777445539e+00	1.869084296459752e-03	1080
9.894205794075184e-01	2.296376538241853e-02	1081
-1.341733269541640e-02	-2.344205085667709e-03	1082
1.000494914504396e+00	-7.885885815684117e-04	1083
1.000398532045897e+00	-1.861666059131330e-03	1084
9.405241652849285e-01	-6.383561092269679e-02	1085
1.978806741971049e-02	-8.499611449789476e-02	1086
-1.860926216286934e-02	-1.986841684915207e-02	1087
1.979708440617429e-03	4.894671643454302e-02	1088
-1.329777475739486e-02	-4.027307419298599e-02	1089
9.635217283469475e-01	3.881627784776177e-02	1090
-1.480576760303024e-02	2.178763930074401e-02	1091
1.000779178293337e+00	1.753539747746307e-04	1092
1.000788138111917e+00	-1.267844971601205e-04	1093
1.844815044741824e-03	-6.657197638412896e-02	1094
3.175794373687748e-01	-1.575556310498463e-01	1095
3.024197965091466e-01	-1.565535649388207e-01	1096
9.930035474169385e-01	1.968968522175338e-02	1097
5.753599692785568e-01	1.442574281605213e-01	1098
9.569436426971335e-01	4.194050003398705e-02	1099
9.951355492814905e-01	-2.115884307640931e-02	1100
7.084623490343720e-01	-1.384650956341691e-01	1101
-1.660300620792732e-02	1.599976629554595e-02	1102
3.006440212857911e-01	1.438235646318108e-01	1103
2.855636455624727e-01	1.420093975994487e-01	1104
2.708621664952530e-01	1.401061771441538e-01	1105
6.779774329259880e-01	-1.438663837538690e-01	1106
-6.399773337974195e-03	3.826363558356001e-02	1107
-9.680336540550465e-03	3.287714377083482e-02	1108
-1.871962437917583e-02	-1.158072413435281e-02	1109
7.249415350723262e-03	-7.321056324064906e-02	1110
8.620837468218491e-01	-9.753848877455328e-02	1111
8.733182817333767e-01	-9.347697679862435e-02	1112
8.841691203526397e-01	-8.942215738791892e-02	1113
8.946706197038595e-01	-8.524308361092178e-02	1114
7.036297056904299e-02	-1.152761479069523e-01	1115
6.074317308732889e-02	-1.108181358513753e-01	1116
9.047475045810707e-01	-8.105375884726308e-02	1117
9.143518726557408e-01	-7.678458103256486e-02	1118
9.235473065666230e-01	-7.250526244332185e-02	1119
9.322727346920039e-01	-6.819342097217351e-02	1120
9.685619664507412e-01	-4.640670935064217e-02	1121
9.743225660659086e-01	-4.206176559718058e-02	1122
7.802193244451650e-01	-1.222999568710517e-01	1123
9.995400589551690e-01	-1.375251232274369e-02	1124
4.603443826155452e-01	-1.611717937978569e-01	1125
4.766756239079564e-01	-1.608636959897797e-01	1126
4.279041857125419e-01	-1.612803957289809e-01	1127
4.440433103478093e-01	-1.612703105466036e-01	1128
9.555237452533332e-01	-5.512244929436159e-02	1129
9.622864224180597e-01	-5.076804304796534e-02	1130
1.371954721981947e-01	-1.359627187076909e-01	1131
1.495160181931714e-01	-1.386340775510147e-01	1132
9.884691296515914e-01	-2.925214415820146e-02	1133
9.920855916976450e-01	-2.515018271176457e-02	1134
7.594709540026445e-01	-1.274739071253896e-01	1135
1.022439186528131e-01	-1.271250658721821e-01	1136
1.138069099846547e-01	-1.301781574341548e-01	1137
1.252171961546009e-01	-1.330939879116358e-01	1138
5.826258618013092e-01	-1.556365759866037e-01	1139
2.681418432281961e-02	-9.080808543618751e-02	1140
3.469031615879139e-02	-9.647400949345680e-02	1141
4.327545514605424e-02	-1.015642134809912e-01	1142
5.163747183440977e-02	-1.061248817454975e-01	1143
3.328548191156998e-01	-1.583730663278021e-01	1144
3.483273791801458e-01	-1.591953421360723e-01	1145
3.639992914790662e-01	-1.598291706732839e-01	1146
3.797959437096796e-01	-1.604195502249053e-01	1147
3.956969293353017e-01	-1.608369380854558e-01	1148
1.752248171244169e-01	-1.433170490206276e-01	1149
1.885119275335599e-01	-1.453364481837119e-01	1150
2.019053343790426e-01	-1.472346407591122e-01	1151
2.156216191261161e-01	-1.489462418967162e-01	1152
2.295250977560809e-01	-1.505936877229875e-01	1153
9.805170893287114e-01	2.942934498262270e-02	1154
9.753299663124176e-01	3.256556147377110e-02	1155
9.696572447172604e-01	3.569506293848742e-02	1156
4.766048268845377e-01	1.509862825540265e-01	1157
4.601063878611975e-01	1.514143170276885e-01	1158
4.436853741031548e-01	1.515529294582033e-01	1159
4.273068378884839e-01	1.515205933020220e-01	1160
4.110207994183724e-01	1.512300850749916e-01	1161
4.790850141337002e-02	8.206374545276700e-02	1162
3.961200558274687e-02	7.788309196672789e-02	1163
2.564977708193235e-01	1.381136739614058e-01	1164
2.421265596089738e-01	1.361379718543698e-01	1165
1.266373022008648e-01	1.113332336110100e-01	1166
1.157358591685449e-01	1.082600250830097e-01	1167
1.046465535075626e-01	1.051677226916961e-01	1168
9.180860962757864e-01	5.796855967071712e-02	1169
9.091427191032750e-01	6.142798387843003e-02	1170
8.998303562589323e-01	6.486256842252615e-02	1171
8.900808725989187e-01	6.846255331427027e-02	1172
8.799292215295674e-01	7.203079900965845e-02	1173
8.693884863437447e-01	7.569716852798920e-02	1174
8.584440284300590e-01	7.932588988317635e-02	1175
8.414014268562843e-01	8.495668188206709e-02	1176
8.235889952888518e-01	9.058097418360904e-02	1177
8.049005220501827e-01	9.613412236419214e-02	1178
7.517923925627275e-01	1.111478835471928e-01	1179
7.233430987025198e-01	1.182879627653495e-01	1180
6.937353193842017e-01	1.250206364915390e-01	1181
6.317620672427947e-01	1.366530515857349e-01	1182
5.996755651545099e-01	1.413428284554802e-01	1183
2.279333992695674e-01	1.337742554440396e-01	1184
2.142264260638413e-01	1.313522890352910e-01	1185
2.008150530724737e-01	1.287620864004292e-01	1186
1.877189454580301e-01	1.261753453524851e-01	1187
1.748477083113955e-01	1.234217659543970e-01	1188
1.622553715053887e-01	1.205816171331363e-01	1189
1.499864205714674e-01	1.175859563541788e-01	1190
3.191201912869185e-02	7.325137126057177e-02	1191
2.494172848298122e-02	6.853270229765147e-02	1192
8.262329635993068e-01	-1.093656561368814e-01	1193
8.385266313359429e-01	-1.054547751855999e-01	1194
8.504487953164338e-01	-1.015407942358032e-01	1195
4.930153707554589e-01	-1.603595103835902e-01	1196
5.174416858752870e-01	-1.594218980431253e-01	1197
1.865869355054250e-02	6.408359440165280e-02	1198
1.234795061187044e-02	5.916649679695108e-02	1199
6.780167595128378e-03	5.387609383715779e-02	1200
9.390978897470656e-02	1.015990889515819e-01	1201
8.375757417857771e-02	9.787059682621416e-02	1202
7.406448083231056e-02	9.401167397502760e-02	1203
6.479745942928422e-02	9.001645266773746e-02	1204
5.601134583527213e-02	8.592053014116033e-02	1205
3.947797198566351e-01	1.507437309116097e-01	1206
3.787715226313642e-01	1.500404115698088e-01	1207
3.628271632235986e-01	1.491887653448967e-01	1208
3.469780349703211e-01	1.481309483201008e-01	1209
9.425864772636793e-01	4.821647407240068e-02	1210
9.347997859829550e-01	5.140440811737749e-02	1211
6.149321173495764e-01	-1.524642641576445e-01	1212
6.467223226561215e-01	-1.485403960591145e-01	1213
2.438803372282836e-01	-1.520158518487368e-01	1214
2.583326605912080e-01	-1.532036994745506e-01	1215
2.727271207283787e-01	-1.543344370190494e-01	1216
2.874245722093282e-01	-1.555264742840263e-01	1217
9.999069659496429e-01	-2.590502389289598e-03	1218
9.997602804082312e-01	2.552732301158435e-03	1219
-1.511685844850272e-02	-5.353467825600755e-02	1220
-1.766975715722023e-02	3.386276191041739e-03	1221
1.000839469973448e+00	-5.319777987494190e-04	1222
9.910177619708519e-01	-3.639001457889342e-02	1223
9.976544308647092e-01	2.087398019063174e-02	1224
-2.100856599409349e-02	2.022192258109946e-02	1225
9.711089259892886e-01	4.576645825357316e-02	1226
1.001298357556046e+00	-8.334077274842307e-03	1227
9.975242696470478e-01	-2.640149157752582e-02	1228
-2.387159750082447e-02	-1.602999888490843e-02	1229
9.569568513203897e-03	-8.945977967632895e-02	1230
-1.157581289897623e-02	-6.085517600570405e-02	1231
3.300971106214771e-01	1.695565751134145e-01	1232
1.000806001398375e+00	5.818654163970477e-04	1233
-1.033817449340244e-02	4.479569839531542e-02	1234
-1.912125348885953e-02	2.648893125144118e-02	1235
-7.294384588508062e-03	-6.818806718406592e-02	1236
9.868307239868258e-01	-4.152684895501407e-02	1237
5.358878195545649e-01	-1.835110933617435e-01	1238
9.947706526036328e-01	2.501074285123115e-02	1239
3.162529782793836e-01	-1.804701419023673e-01	1240
9.577843618344606e-01	-6.719024258708919e-02	1241
9.464353704123727e-01	-7.496224190632773e-02	1242
6.345104138543076e-01	-1.744163918317906e-01	1243
9.052650013392147e-02	-1.404037823141506e-01	1244
1.711994433192902e-01	-1.626219862889380e-01	1245
-2.230751180184031e-02	-3.171145764658412e-02	1246
4.283365453090895e-01	-1.851461058879144e-01	1247
6.884925755015381e-02	-1.306049587055947e-01	1248
7.934765073053204e-02	-1.356011725377611e-01	1249
1.222443904080490e-01	1.280872871432674e-01	1250
9.870000961048938e-01	3.346444270682399e-02	1251
9.312455727905212e-01	6.753159846193861e-02	1252
-2.226949334291996e-02	1.281265260676983e-02	1253
-6.379336343801946e-03	5.085805422438021e-02	1254
9.821036793115695e-01	-4.662730813115944e-02	1255
1.000399179634892e+00	1.236526311599102e-03	1256
9.912355124706267e-01	2.928719999912303e-02	1257
-1.201736470487297e-02	-8.856113425855822e-04	1258
-2.354339866564082e-02	-2.444009259021453e-02	1259
9.998074783482135e-01	-2.171717557534989e-02	1260
7.538333853330791e-01	-1.513436109914148e-01	1261
5.071164120945946e-01	1.741566104809594e-01	1262
4.777054140003117e-01	1.744250613022623e-01	1263
9.999248337232908e-01	1.677715879852913e-02	1264
1.001114426025715e+00	3.460526089744683e-05	1265
1.000637548263220e+00	8.220702254499803e-03	1266
-1.802874437726970e-02	-5.590268747901597e-03	1267
1.000469562861836e+00	-1.214757935870898e-03	1268
1.594210747995048e-02	-9.580851587743225e-02	1269
-2.046209521524117e-02	-3.899594552281222e-02	1270
-1.806349850050367e-02	-4.621321303543743e-02	1271
5.652978783222704e-01	1.697032080185195e-01	1272
3.261383227674792e-03	-8.285840426101980e-02	1273
9.648145499647792e-01	4.977526170622001e-02	1274
9.580628015184959e-01	5.373499643118940e-02	1275
5.362255294125733e-01	1.721182707215203e-01	1276
2.988744974620108e-01	1.660751429020920e-01	1277
2.687329736651057e-01	1.616094322873636e-01	1278
7.280979685404512e-01	-1.574980673591600e-01	1279
-1.376347323433839e-02	3.869966523308357e-02	1280
-1.668779294544856e-02	3.265561940461994e-02	1281
-2.624302842801810e-03	-7.519908824608182e-02	1282
8.790595828221254e-01	-1.092071137613955e-01	1283
9.005826615324130e-01	-9.982279819309597e-02	1284
5.885168703369490e-02	-1.253805788523634e-01	1285
9.203763303595809e-01	-9.003606635241126e-02	1286
9.340106792802126e-01	-8.259551094267424e-02	1287
9.768079651988486e-01	-5.177652915752945e-02	1288
1.001534865341398e+00	-1.721120856712073e-02	1289
4.612114355080975e-01	-1.851898536359475e-01	1290
9.646082224943705e-01	-6.208239911761376e-02	1291
9.709676982858572e-01	-5.693362810759535e-02	1292
1.448942893866986e-01	-1.567607768652500e-01	1293
9.946252327395286e-01	-3.137116585143009e-02	1294
7.751760136399882e-01	-1.456329923014913e-01	1295
7.990996019223845e-01	-1.385988024004046e-01	1296
1.084816854294356e-01	-1.463150827320117e-01	1297
1.259988263246184e-01	-1.515843125332046e-01	1298
5.689562499352347e-01	-1.814852660930852e-01	1299
2.342448773896802e-02	-1.025899212780838e-01	1300
3.209436501532015e-02	-1.092131346181773e-01	1301
4.074357183574111e-02	-1.146036989948568e-01	1302
4.936613232094039e-02	-1.199468688594656e-01	1303
3.474823793732204e-01	-1.825649141583728e-01	1304
3.793858520596297e-01	-1.840897278408262e-01	1305
4.037455049728269e-01	-1.849096650824905e-01	1306
1.984781124073409e-01	-1.675100670753956e-01	1307
2.267063591721660e-01	-1.718339505890100e-01	1308
9.822024882095518e-01	3.764697756132374e-02	1309
9.769157603353819e-01	4.171716953782605e-02	1310
4.442361930440840e-01	1.749646231506236e-01	1311
4.110314731294507e-01	1.745482479369101e-01	1312
3.790720638055329e-02	9.081275665120664e-02	1313
2.395740945324823e-01	1.573612263523400e-01	1314
1.056673789919624e-01	1.229247557286157e-01	1315
8.188842222375986e-01	1.128204083186255e-01	1316
9.138747106418837e-01	7.545423530286105e-02	1317
8.948562155026930e-01	8.364697993768599e-02	1318
8.741787562651629e-01	9.196773350891166e-02	1319
8.548573060891917e-01	1.001676113914256e-01	1320
8.373175367447288e-01	1.065123945185037e-01	1321
7.964394040861242e-01	1.201419720980436e-01	1322
7.697423131757403e-01	1.284671860602964e-01	1323
7.416867351815297e-01	1.364756426885999e-01	1324
7.124348732257977e-01	1.440352908275189e-01	1325
6.820700574117332e-01	1.510234735481322e-01	1326
6.507640567986883e-01	1.572993120028260e-01	1327
6.186968038377753e-01	1.627720551478891e-01	1328
5.902147276144813e-01	1.668753058471798e-01	1329
2.111022744951887e-01	1.516784181824795e-01	1330
1.842332736241803e-01	1.456754541643600e-01	1331
1.646858553598430e-01	1.407991927418108e-01	1332
1.519354426523946e-01	1.373336232553347e-01	1333
1.396004002984592e-01	1.336598752150366e-01	1334
2.948755780469513e-02	8.532039564580099e-02	1335
2.206950662419247e-02	7.965800862266131e-02	1336
8.222773552367471e-01	-1.312769942807604e-01	1337
8.440821405898478e-01	-1.227626733317470e-01	1338
8.620421158430185e-01	-1.161348156840133e-01	1339
4.861578908446206e-01	-1.846242788861171e-01	1340
5.070409116980455e-01	-1.849180643739812e-01	1341
1.564231005625469e-02	7.437152260779380e-02	1342
9.262030879939565e-03	6.897538028954199e-02	1343
3.203420003610334e-03	6.268654279840416e-02	1344
-1.746157145042712e-03	5.689047255972390e-02	1345
9.411972147416220e-02	1.187331242611259e-01	1346
8.337565373250455e-02	1.142693212556794e-01	1347
7.326624442223030e-02	1.096625361636145e-01	1348
6.363837844190659e-02	1.048975131446338e-01	1349
5.452621463784075e-02	9.999569752677105e-02	1350
4.621490651017333e-02	9.536705082319362e-02	1351
3.782717155327711e-01	1.730679572522746e-01	1352
3.540400331011847e-01	1.716793308821024e-01	1353
9.509286158507488e-01	5.768783265767460e-02	1354
9.433356658212098e-01	6.160785407068554e-02	1355
6.020438808114851e-01	-1.784163407028017e-01	1356
6.664324513811393e-01	-1.695907484746876e-01	1357
6.976982695145140e-01	-1.639330896929250e-01	1358
2.561535641196384e-01	-1.749696530897890e-01	1359
2.856385856507697e-01	-1.779221393231786e-01	1360
1.000987459082374e+00	1.420163224310074e-02	1361
1.000552101258061e+00	-2.496014312007669e-03	1362
1.000348120135209e+00	-3.397858906793824e-03	1363
1.000583303083985e+00	6.734103236043176e-03	1364
3.259595476367829e-02	-1.261450313165509e-01	1365
1.001047892579987e+00	2.004386080768794e-02	1366
1.001104458048836e+00	3.882963336365386e-04	1367
1.001886617590796e+00	-9.967073239577691e-03	1368
-2.357691973411997e-02	-5.258344538643438e-02	1369
-1.293955319446976e-02	-7.660215579444946e-02	1370
1.001097107746309e+00	-6.812799901942918e-03	1371
1.002302087578379e+00	-1.444212003943116e-02	1372
-1.861368742445537e-02	4.506757416296744e-02	1373
-2.747672123634989e-02	1.714373975707658e-02	1374
-2.961380057273346e-02	-2.064911840506467e-02	1375
9.850484522999318e-01	4.655746423034870e-02	1376
7.709410787196228e-01	-1.718210773927213e-01	1377
3.406947647880748e-01	1.967921426416272e-01	1378
1.001050799676780e+00	9.852609883640522e-03	1379
9.346239646797807e-01	-9.999843815771285e-02	1380
-1.829168031716582e-03	-9.340089668231125e-02	1381
3.906494825666021e-02	1.075868440786151e-01	1382
-1.520801213275208e-02	5.190015918282574e-02	1383
-2.070644754586763e-02	-6.055346184622774e-02	1384
4.164077638240686e-01	-2.129086134203115e-01	1385
9.682411770112007e-01	-7.433064908485944e-02	1386
6.551788306329243e-01	-1.984053243239748e-01	1387
5.551789681206268e-01	-2.102145825793323e-01	1388
9.946084726467697e-01	-4.389855244127660e-02	1389
9.980067392061372e-01	-3.787362002842232e-02	1390
4.276453909319017e-03	-1.003593142989001e-01	1391
1.093621689661109e-02	-1.078003374188106e-01	1392
1.000797118370694e+00	1.029083436548814e-03	1393
9.973956603314537e-01	3.064705351882983e-02	1394
1.000189878257442e+00	2.560951838454861e-02	1395
9.738226476363552e-01	5.678919208662528e-02	1396
2.812741076185215e-01	1.888929659924642e-01	1397
5.806519248045553e-01	1.952865352316477e-01	1398
7.186136731299531e-01	-1.856657140274208e-01	1399
5.567751436381332e-02	-1.415579238898598e-01	1400
1.000132948511969e+00	3.366767213874402e-03	1401
1.000397099320225e+00	2.500117344262262e-03	1402
-1.666715316806123e-02	-4.807788224773674e-04	1403
9.905638346882434e-01	-5.006944468418800e-02	1404
9.797157512188129e-01	5.168133337565545e-02	1405
1.001126698265842e+00	-3.194467440498590e-04	1406
1.000758349037376e+00	-3.181824847805067e-02	1407
-2.611209524998201e-02	2.484009525813013e-02	1408
-1.714869256074227e-02	-6.873591754486696e-02	1409
5.238130250048207e-01	-2.121283184834996e-01	1410
-2.916906218597050e-02	-2.926528187645471e-02	1411
6.606972310278847e-02	-1.477250338495909e-01	1412
7.707646944501258e-02	-1.536508852790902e-01	1413
9.938953613199218e-01	3.602058008098515e-02	1414
-2.330348254617984e-02	6.084238637527288e-03	1415
9.858688290562250e-01	-5.614919591471310e-02	1416
1.002867272101172e+00	-2.627006223436635e-02	1417
7.470418948445787e-01	-1.785546372830371e-01	1418
-2.409795426690511e-02	-8.632466310621676e-03	1419
1.000858361521204e+00	-9.815419801773729e-04	1420
4.588074933783906e-02	-1.351815926366044e-01	1421
-2.791581988934988e-02	-3.706962917020639e-02	1422
-2.605349323101610e-02	-4.485171483413371e-02	1423
5.237789131862958e-01	2.003166441717510e-01	1424
-7.971631955106279e-03	-8.481022394865056e-02	1425
9.673883103804044e-01	6.183785370689469e-02	1426
5.530426424275666e-01	1.980036926486571e-01	1427
3.128038473081006e-01	1.935760805853108e-01	1428
6.078935001451432e-01	1.915438797811315e-01	1429
-2.165644769582315e-02	3.843218188122303e-02	1430
-2.415605917629760e-02	3.169364748316727e-02	1431
8.972298367040017e-01	-1.212964639427140e-01	1432
9.180115501598094e-01	-1.100429191911323e-01	1433
9.477085234629917e-01	-9.104803183039653e-02	1434
9.593939824802187e-01	-8.200008727980210e-02	1435
1.003051933486623e+00	-2.043625736201239e-02	1436
4.456834052605297e-01	-2.131803383636903e-01	1437
9.747090793907269e-01	-6.837336575897983e-02	1438
9.805761284694253e-01	-6.227250566701988e-02	1439
3.912131661436073e-01	-2.122052935344887e-01	1440
8.411700111558529e-01	-1.469826844078124e-01	1441
8.602147149192488e-01	-1.386672015662623e-01	1442
7.938940810276137e-01	-1.645648524210798e-01	1443
9.231456168621430e-02	-1.603915294760093e-01	1444
1.103639445480890e-01	-1.669345076956617e-01	1445
1.286874050425814e-01	-1.734014460606543e-01	1446
1.907739779855838e-02	-1.158518321517541e-01	1447
3.302091782945589e-01	-2.084452395775956e-01	1448
3.625746847906106e-01	-2.107685383763040e-01	1449
1.517226041181111e-01	-1.803786651628926e-01	1450
1.793500376405190e-01	-1.872578781453007e-01	1451
6.872935676729282e-01	-1.924893913128569e-01	1452
9.897850534697235e-01	4.127141459189627e-02	1453
4.929778636336466e-01	2.014678674765217e-01	1454
4.621013065662203e-01	2.017500255010255e-01	1455
1.082295274429238e-01	1.436769268208408e-01	1456
9.287525823948570e-01	8.633568297075976e-02	1457
9.105737338547205e-01	9.600615022147879e-02	1458
8.341269966448117e-01	1.307154016926683e-01	1459
8.906545498716445e-01	1.057771476065514e-01	1460
8.712774869313270e-01	1.150090316803136e-01	1461
8.522658662402823e-01	1.235246682481736e-01	1462
8.134283598664003e-01	1.384301380063793e-01	1463
7.886640293382695e-01	1.471562353011686e-01	1464
7.610054268946921e-01	1.562292650109774e-01	1465
7.320403578811755e-01	1.648021299603934e-01	1466
7.018760682544338e-01	1.727660957484373e-01	1467
6.706386512828144e-01	1.799979260264875e-01	1468
6.385353394661669e-01	1.863736462133194e-01	1469
2.516451090647243e-01	1.839984157227178e-01	1470
2.216243768984785e-01	1.781300154328828e-01	1471
1.934134059925795e-01	1.712155326295244e-01	1472
1.695283831635684e-01	1.646568914626493e-01	1473
1.468792393421190e-01	1.562504410520164e-01	1474
1.251313067401404e-01	1.498101778044122e-01	1475
2.616632667986761e-02	9.890720296913320e-02	1476
1.805362837058033e-02	9.201739089084551e-02	1477
8.176191963177282e-01	-1.564054173918215e-01	1478
8.780122394715686e-01	-1.307382801987109e-01	1479
4.751666285147721e-01	-2.129388462230342e-01	1480
4.969699073621340e-01	-2.127757023622064e-01	1481
1.130471849033874e-02	8.564089073916339e-02	1482
5.073137690502130e-03	7.975998872152994e-02	1483
-1.273871110398469e-03	7.252028228548282e-02	1484
-6.562947568115390e-03	6.555443623995598e-02	1485
-1.116968586686251e-02	5.887552672189100e-02	1486
9.354743564479800e-02	1.380059032450983e-01	1487
8.191114530984279e-02	1.326439748882658e-01	1488
7.122908473128733e-02	1.271314763119879e-01	1489
6.118380046781528e-02	1.214663144359337e-01	1490
5.165990835372315e-02	1.156088688925302e-01	1491
4.281916906936220e-01	2.016994232555913e-01	1492
3.944816983275887e-01	2.005198317042403e-01	1493
3.655606358705314e-01	1.988530350739131e-01	1494
9.567946617189520e-01	6.893413314238632e-02	1495
9.435856383938145e-01	7.777180608954323e-02	1496
5.890287550116695e-01	-2.074051920932029e-01	1497
6.224586149251182e-01	-2.033919863904234e-01	1498
2.077665728855320e-01	-1.931759676100590e-01	1499
2.378380677499406e-01	-1.981069497020269e-01	1500
2.677992224117273e-01	-2.018847031146689e-01	1501
2.985629365002542e-01	-2.054572342803390e-01	1502
1.000793525457770e+00	3.094659168268563e-03	1503
1.000440341985048e+00	-5.203221341359242e-03	1504
9.997206415089585e-01	-5.818454849630992e-03	1505
1.000073249100161e+00	1.157075588334970e-02	1506
-3.191856929134429e-02	2.985762783854314e-02	1507
1.000082028707584e+00	5.126138441067343e-03	1508
-2.749108971323991e-02	4.474691252354641e-02	1509
9.797432876246973e-01	-8.061677265208141e-02	1510
1.001207487688928e+00	-7.291519825028042e-04	1511
1.004060688030332e+00	-1.644845679800921e-02	1512
1.005719043553767e+00	-1.719916128949141e-02	1513
9.954758357389242e-01	-5.897970072867511e-02	1514
1.000775061900946e+00	1.473818360130193e-03	1515
9.891019148394073e-01	5.597662296554849e-02	1516
2.630321137665302e-01	2.138775560811416e-01	1517
1.002745269309157e+00	-8.738085409793074e-03	1518
1.002250750698866e+00	-7.439408241816249e-03	1519
-1.969697659073449e-02	-8.581582303662667e-02	1520
1.001158666899006e+00	8.006755422766889e-04	1521
-2.115028330677608e-02	5.959851604788649e-02	1522
1.319680422596617e-01	-1.985132277493246e-01	1523
2.917048141791728e-02	-1.431886049167554e-01	1524
9.503301654271544e-01	-1.091107031976447e-01	1525
7.905995920896142e-01	-1.934313239379071e-01	1526
1.001083045876805e+00	-1.183064613976653e-02	1527
1.001649817864598e+00	7.439159106280444e-03	1528
1.002009550380814e+00	8.742320331167140e-03	1529
1.000864915274757e+00	-1.431192948335530e-03	1530
-3.008993764753322e-02	-5.926810912581600e-02	1531
5.697111530627438e-01	2.269426376339720e-01	1532
6.772790400223848e-01	-2.245041551450757e-01	1533
4.315459929556198e-01	-2.442043098500522e-01	1534
5.980675883987766e-01	2.234269400494652e-01	1535
9.441660904838282e-01	9.671336752064227e-02	1536
9.086093402177801e-01	1.192879840355469e-01	1537
3.244933468907996e-01	2.240441241514510e-01	1538
2.369757094092037e-02	1.154545322800242e-01	1539
5.120390392175441e-01	-2.437096448797551e-01	1540
-2.448329043116121e-02	5.189163886700381e-02	1541
1.001989390937601e+00	2.986113845339470e-02	1542
5.424178240335850e-01	-2.422456784918864e-01	1543
9.993315382244772e-01	5.667926287308230e-03	1544
1.002495216374550e+00	1.631740808366055e-02	1545
1.004038191783090e+00	1.721556549333804e-02	1546
1.000999120490580e+00	-3.073046919497398e-03	1547
-3.331613627352724e-02	2.178414957621937e-02	1548
3.516209851065966e-01	2.271608466841397e-01	1549
1.001481793878595e+00	2.224401362091526e-04	1550
1.001493386716280e+00	-1.291487605036198e-04	1551
-1.447140945441916e-02	-9.531791425473973e-02	1552
-2.388797240870469e-02	-7.706960518881614e-02	1553
4.035024897883961e-01	-2.435399462301938e-01	1554
9.993652251660445e-01	-5.165894045162563e-02	1555
1.002306485821353e+00	-4.445836017271590e-02	1556
-8.399993779332298e-03	-1.047125049759056e-01	1557
-2.438434578761190e-03	-1.122519225757609e-01	1558
1.000797882908842e+00	2.107376413467043e-03	1559
9.937599914874108e-01	4.947588275845238e-02	1560
9.838883938557785e-01	6.232599479520561e-02	1561
2.940570852040374e-01	2.194302403128508e-01	1562
7.096455640984448e-01	-2.172631623027453e-01	1563
4.596144788637084e-02	-1.554960527927471e-01	1564
1.005018485972786e+00	-3.758378766212247e-02	1565
-2.735327840954870e-02	-6.804539271637100e-02	1566
-3.598821778244189e-02	-2.543348911076555e-02	1567
6.211967502287969e-02	-1.660366224858043e-01	1568
7.546602932481491e-02	-1.745225299051417e-01	1569
1.001029270629169e+00	3.674402544594005e-02	1570
-2.860272901681225e-02	1.023506608719313e-02	1571
-2.171903396573738e-02	-3.353001816299162e-03	1572
1.005169836495455e+00	-3.039527571765372e-02	1573
7.400544438958000e-01	-2.093452412160199e-01	1574
7.666751968485842e-01	-2.014566479480721e-01	1575
-2.377034885275181e-02	-1.114863668249310e-03	1576
-2.991615292732549e-02	-1.310426099752890e-02	1577
1.000931455133991e+00	-2.070320667909274e-03	1578
-3.550268359892147e-02	-3.436314360083897e-02	1579
-3.439748339066614e-02	-4.275198583827393e-02	1580
-3.250055115531458e-02	-5.113210861051326e-02	1581
5.408840478944488e-01	2.294593049261197e-01	1582
9.780141113036762e-01	6.864755881701769e-02	1583
-3.006515741762905e-02	3.735390467561768e-02	1584
9.168856778573916e-01	-1.327732974315315e-01	1585
9.355173118042179e-01	-1.203170871563519e-01	1586
9.625921457010497e-01	-9.845598581261028e-02	1587
9.726242213289155e-01	-8.857128589982501e-02	1588
9.857868480330650e-01	-7.343281701941842e-02	1589
9.909809531580518e-01	-6.619269637769405e-02	1590
8.601164764556029e-01	-1.641087560671630e-01	1591
8.386293824304865e-01	-1.743364201235700e-01	1592
9.278602624569544e-02	-1.828209704161560e-01	1593
1.109212488145553e-01	-1.902306042286831e-01	1594
4.801311251063787e-03	-1.211346387441121e-01	1595
1.594845115621148e-02	-1.322122386799721e-01	1596
3.444638178617876e-01	-2.397919106197831e-01	1597
3.757890396665864e-01	-2.421575495439771e-01	1598
1.579747245780938e-01	-2.071894994188177e-01	1599
9.975042840801642e-01	4.298117985205703e-02	1600
5.097740798196323e-01	2.312765713298727e-01	1601
4.783151832489587e-01	2.319221839110610e-01	1602
9.277052078775536e-01	1.077045715680573e-01	1603
8.892191092823781e-01	1.302314368410128e-01	1604
8.700166456699430e-01	1.404516076893475e-01	1605
8.509429864255813e-01	1.496419284151203e-01	1606
8.312396898807053e-01	1.581848432267321e-01	1607
8.082070115282012e-01	1.674902868905933e-01	1608
7.816855622763232e-01	1.774620724538560e-01	1609
7.529437718626756e-01	1.873000815748596e-01	1610
7.229149855379448e-01	1.964644223525622e-01	1611
6.917012913759861e-01	2.048346003492819e-01	1612
6.594778863984238e-01	2.122954041548630e-01	1613
6.276085633586311e-01	2.185815091814522e-01	1614
2.324408740921871e-01	2.077782238657466e-01	1615
1.505283388065033e-01	1.829019540703562e-01	1616
1.296359548525964e-01	1.746727174614147e-01	1617
2.021698303130164e-01	2.001117574997778e-01	1618
1.754740699602155e-01	1.921377052898753e-01	1619
1.093571731853559e-01	1.668866410595201e-01	1620
1.285862231480940e-02	1.057542214394821e-01	1621
8.142326356451453e-01	-1.846253597651716e-01	1622
8.781907007278765e-01	-1.549404683713541e-01	1623
8.968888203599740e-01	-1.448118417408646e-01	1624
4.615473107133325e-01	-2.443029786858847e-01	1625
4.870323583319378e-01	-2.441230613729042e-01	1626
5.538407827180102e-03	9.798962776798686e-02	1627
-5.743689274275165e-04	9.140583576062479e-02	1628
-6.900576095913071e-03	8.331642710442917e-02	1629
-1.250019014814348e-02	7.509393431353861e-02	1630
-1.714185615475769e-02	6.748204700368206e-02	1631
9.330842065904950e-02	1.601239459890030e-01	1632
7.950493225492219e-02	1.528673746793559e-01	1633
6.809982744728094e-02	1.459878240367171e-01	1634
5.749920354530669e-02	1.394199096553073e-01	1635
4.737749714327054e-02	1.328730143608640e-01	1636
3.638066893004228e-02	1.250081708735892e-01	1637
4.458857310046943e-01	2.319183253916483e-01	1638
4.112631788172394e-01	2.311035734068809e-01	1639
3.792868367762733e-01	2.293872993072260e-01	1640
9.695641967266216e-01	7.642848902375349e-02	1641
9.583069374290734e-01	8.595659821875253e-02	1642
5.757179031025347e-01	-2.397233748490881e-01	1643
6.103517759426292e-01	-2.358201086943732e-01	1644
6.441872134928066e-01	-2.306924986918452e-01	1645
1.868598426296227e-01	-2.152701693805965e-01	1646
2.172338471997292e-01	-2.222107531192092e-01	1647
2.484456435703183e-01	-2.277584767085682e-01	1648
2.793982564634861e-01	-2.322721653350406e-01	1649
3.114956760921380e-01	-2.364382956364895e-01	1650
-3.992145749808825e-02	2.672041938981978e-02	1651
1.000558787394554e+00	-4.374710063651940e-03	1652
1.005387963306185e+00	3.386718037491913e-02	1653
-3.999807330651697e-02	-5.769400549598121e-02	1654
1.003259076096726e+00	1.419261621239406e-02	1655
9.986936152578607e-01	5.788605120125986e-02	1656
3.637310122970174e-01	2.611896797135078e-01	1657
8.608475888246592e-01	-1.930132036772562e-01	1658
-2.773498331554247e-02	-9.586667757945837e-02	1659
1.001232045922870e+00	1.775802776478927e-03	1660
9.612377121314101e-01	1.050327294553061e-01	1661
1.000263554502694e+00	4.332454850960102e-03	1662
-2.873385673239744e-02	3.283264727383253e-03	1663
1.003412056541921e+00	-1.012619007964169e-02	1664
1.001059215236869e+00	-4.000272718060680e-03	1665
8.373709195176493e-01	-2.050025162898708e-01	1666
-3.449009802383593e-02	1.436721989389334e-02	1667
1.001127440136779e+00	-2.626007090071670e-03	1668
1.001650941446148e+00	6.281396615561093e-03	1669
-3.778023407675278e-02	-6.625837929707777e-02	1670
8.127101940183672e-01	-2.161100658722484e-01	1671
4.471914509452919e-01	-2.790160393553621e-01	1672
9.923085213774404e-01	-8.529906962286253e-02	1673
1.350575931162435e-01	-2.271727821336310e-01	1674
4.173202626193133e-01	-2.784885829832455e-01	1675
9.944964661650407e-01	6.567873128280652e-02	1676
9.460188785369416e-01	1.182888058947443e-01	1677
5.581792956981647e-01	2.620457040201957e-01	1678
2.427608191562830e-01	2.408997057291035e-01	1679
9.540850387955135e-01	-1.296715990515111e-01	1680
-2.836187548878270e-02	6.783234553120789e-02	1681
2.109655748384184e-01	2.326800571150446e-01	1682
5.878030538207778e-01	2.589123370840971e-01	1683
1.000781425041009e+00	4.004225021284540e-03	1684
1.002525034164101e+00	1.014995244937063e-02	1685
1.002142538767471e+00	-6.255747343099236e-03	1686
1.004593387352862e+00	-1.419096605371394e-02	1687
1.005700220940698e+00	-2.346306770240825e-02	1688
1.000951428561417e+00	2.665872870361225e-03	1689
1.002027559207769e+00	1.195101793313274e-02	1690
1.001185763718984e+00	1.259533132782811e-03	1691
1.003572733995639e+00	-7.681885727056991e-03	1692
1.001347400869983e+00	-1.705714554431727e-03	1693
-3.190557373969574e-02	-8.590083667897692e-02	1694
1.001481568436136e+00	6.015240376868350e-04	1695
1.001518307352416e+00	-5.083225882900183e-04	1696
1.001902970567835e+00	6.068779639999882e-05	1697
1.001265094235402e+00	-1.188471716979052e-03	1698
9.283239509415900e-01	1.317971556408997e-01	1699
3.353093030908931e-01	2.579648168071826e-01	1700
-3.154985243545336e-02	5.915711712437539e-02	1701
-3.439090110750472e-02	5.147607285244095e-02	1702
5.298490444377162e-01	-2.778194804014406e-01	1703
1.004279238510709e+00	2.643345011835078e-02	1704
1.003323963988435e+00	2.324485749573862e-02	1705
1.003100097377823e+00	-1.201978044497908e-02	1706
1.002918048483418e+00	7.791138780846796e-03	1707
-3.525333002200384e-02	-7.594291005916008e-02	1708
1.005034777258654e+00	-5.953744857435440e-02	1709
1.007630198955850e+00	-5.097386543486984e-02	1710
-2.252488398949788e-02	-1.064549187413033e-01	1711
-1.343937143467482e-02	-1.208837729766586e-01	1712
1.086766549503441e-02	-1.500237029521534e-01	1713
3.055894824404751e-01	2.533935668619426e-01	1714
2.741569807787139e-01	2.474527028387966e-01	1715
7.012345225188985e-01	-2.527162410909846e-01	1716
1.008241524112113e+00	-4.290034773549495e-02	1717
2.576457047711981e-02	-1.631033278571176e-01	1718
4.213206406649227e-02	-1.764410349219637e-01	1719
5.640952175177733e-02	-1.874426889487784e-01	1720
-3.630632874674500e-02	-1.738421262320413e-02	1721
1.008998892526360e+00	-3.408516659371508e-02	1722
1.007032461965917e+00	-2.660793748242364e-02	1723
7.333663308575524e-01	-2.440437028228734e-01	1724
7.625031727076953e-01	-2.349833442923662e-01	1725
7.884191167761674e-01	-2.258141564827066e-01	1726
-2.986589455398223e-02	-6.720846976782987e-03	1727
-4.312603771190308e-02	-3.039008113703481e-02	1728
-4.277500979089705e-02	-3.960469447641442e-02	1729
-4.170056216679609e-02	-4.878960364467459e-02	1730
9.895585634664104e-01	7.345586949165119e-02	1731
-3.679752718897517e-02	4.346772855594447e-02	1732
-3.867176523337724e-02	3.515385685495321e-02	1733
9.375056420053153e-01	-1.435864746516848e-01	1734
9.674696638521774e-01	-1.167001668956713e-01	1735
9.782475381440521e-01	-1.045597853719250e-01	1736
9.864224121310143e-01	-9.396927318172194e-02	1737
9.975312238202427e-01	-7.658868175272636e-02	1738
1.001676902060272e+00	-6.804591526113928e-02	1739
7.312310806021800e-02	-1.982377416671068e-01	1740
9.156244128182540e-02	-2.078426386748305e-01	1741
1.109705886972810e-01	-2.167609847777383e-01	1742
-1.174970230137783e-03	-1.368974143957082e-01	1743
3.578250129531717e-01	-2.747817252225067e-01	1744
3.883656642801563e-01	-2.771512693510282e-01	1745
1.003619883507137e+00	4.229817106372752e-02	1746
1.002156355392245e+00	4.994483998627294e-02	1747
5.274530249998556e-01	2.642948754236161e-01	1748
4.950897801735537e-01	2.655342768850248e-01	1749
9.092134862043588e-01	1.450099800766631e-01	1750
8.900391682707887e-01	1.572584557044933e-01	1751
8.705923805983160e-01	1.686252419716842e-01	1752
8.506897092342178e-01	1.790104858698286e-01	1753
8.289324834121995e-01	1.892811860556752e-01	1754
8.037621356265369e-01	2.002222115821327e-01	1755
7.756387979404141e-01	2.113986766436635e-01	1756
7.456538186851294e-01	2.220565449509488e-01	1757
7.143679965672616e-01	2.318403807163996e-01	1758
6.819383515942476e-01	2.406275129451025e-01	1759
6.492069837786295e-01	2.481963807915854e-01	1760
6.177930748766918e-01	2.543035182983640e-01	1761
1.310123858791410e-01	2.025912769448068e-01	1762
1.814258977845753e-01	2.233437746363738e-01	1763
1.542088602513112e-01	2.128813178758934e-01	1764
1.108501141989388e-01	1.933246856817271e-01	1765
7.503410420280254e-03	1.219502447049775e-01	1766
8.805720833807965e-01	-1.818969597967745e-01	1767
8.988789408909873e-01	-1.707946751625165e-01	1768
9.183204458172334e-01	-1.578551474331979e-01	1769
4.752708643234583e-01	-2.790833808853307e-01	1770
5.008663290633485e-01	-2.788342924822764e-01	1771
-1.649843640140302e-03	1.115980487753144e-01	1772
-7.630044776035856e-03	1.035951148079152e-01	1773
-1.400930278846356e-02	9.489428099351015e-02	1774
-1.970734762480813e-02	8.555625687414577e-02	1775
-2.440768296110529e-02	7.670751636941792e-02	1776
9.208389653246804e-02	1.850607636582989e-01	1777
7.590713016950870e-02	1.761183291814125e-01	1778
5.800424627896923e-02	1.626476941785372e-01	1779
4.235149732002001e-02	1.513602082529883e-01	1780
3.104921154172709e-02	1.435148062593458e-01	1781
1.931412802580412e-02	1.336183444253659e-01	1782
4.627014726795840e-01	2.657410435214261e-01	1783
4.286345845814682e-01	2.651480572093705e-01	1784
3.944339659260241e-01	2.635692611022303e-01	1785
9.827371694722525e-01	8.227826271028217e-02	1786
9.735245248597177e-01	9.275000701325690e-02	1787
5.627093107559354e-01	-2.756240283963544e-01	1788
5.979060592935714e-01	-2.720600513529369e-01	1789
6.332688065061677e-01	-2.668703690786390e-01	1790
6.676474909386596e-01	-2.603964178158405e-01	1791
1.633343234689079e-01	-2.375834824546670e-01	1792
1.941354281655089e-01	-2.470158599713792e-01	1793
2.263607822245390e-01	-2.549519768488194e-01	1794
2.586290699381638e-01	-2.610739227892214e-01	1795
2.908998106669147e-01	-2.664714470748674e-01	1796
3.245875989949018e-01	-2.711923431582673e-01	1797
1.004203237159514e+00	-8.930140576729157e-03	1798
1.010430152225887e+00	-3.072124063447782e-02	1799
1.005194722561541e+00	6.643279847178475e-02	1800
-4.106805656609121e-02	1.864667049853884e-02	1801
-3.519284803605312e-02	6.590615884110309e-03	1802
1.012225730034148e+00	-6.741651403376546e-02	1803
6.933739105843730e-01	-2.924926333931083e-01	1804
8.628515371480451e-01	-2.256139980899692e-01	1805
3.462942741736423e-01	2.958882706617787e-01	1806
1.005798303282708e+00	3.908963758024685e-02	1807
1.003221826352289e+00	-6.758305205024548e-03	1808
1.000683653856857e+00	5.493863614895922e-03	1809
1.001086107801534e+00	-5.530867670366824e-03	1810
1.001626703354483e+00	-9.312625776073196e-04	1811
-8.753007047401541e-03	-1.544800006969244e-01	1812
1.003415548867298e+00	9.061921419484493e-03	1813
1.001926285648638e+00	-2.907146725931562e-04	1814
9.496716145078077e-01	1.425355031412371e-01	1815
1.004097644115095e+00	1.228160044358361e-02	1816
1.006667611507666e+00	2.399864318671031e-02	1817
1.004270375746695e+00	2.019983968113739e-02	1818
1.001560789657096e+00	1.028650664124793e-03	1819
9.593308051690900e-01	-1.529626267195750e-01	1820
8.847259898664979e-01	-2.121675904810484e-01	1821
-4.336494942010741e-02	-2.167616527704637e-02	1822
-4.131616745686845e-02	-9.525794612235172e-02	1823
6.562434711007469e-04	1.400152904891481e-01	1824
1.872992683018244e-01	2.586349284560857e-01	1825
1.006294087037607e+00	-2.023068025147545e-02	1826
9.790605822088370e-01	1.109687846618766e-01	1827
8.381131122151946e-01	-2.391639258792702e-01	1828
1.104221519155066e-01	-2.469583540123761e-01	1829
1.010020010592361e+00	-3.938385964037065e-02	1830
-3.730525315103646e-02	-1.065979263561798e-01	1831
4.754688448574480e-01	-3.172148907405614e-01	1832
1.006490493482542e+00	5.657477812187890e-02	1833
5.767697129542197e-01	2.983200756440767e-01	1834
1.005304571157748e+00	-8.733545229769121e-02	1835
5.498078206635797e-01	-3.155184904023163e-01	1836
-3.698895630776632e-02	7.660245597032359e-02	1837
1.312980019497006e-01	2.341812924931722e-01	1838
1.373131711831309e-01	-2.596903181631050e-01	1839
4.322464242748747e-01	-3.173976603911973e-01	1840
3.771003473552016e-01	2.993028969121528e-01	1841
-4.872483571522672e-02	-6.439593310435071e-02	1842
-4.682640544572768e-02	-7.351463982466143e-02	1843
1.001336847262924e+00	2.292150683525055e-03	1844
-3.372026661258020e-02	-1.451427692042597e-03	1845
9.658696176306599e-01	1.264155427097905e-01	1846
2.194105929554667e-01	2.691918093186276e-01	1847
1.001490437444262e+00	-2.220089880391827e-03	1848
1.005229303283288e+00	-1.215024540829030e-02	1849
-4.454552919171743e-02	-8.425368028983872e-02	1850
1.001661058014526e+00	1.478326798649967e-03	1851
1.002659632352080e+00	6.861010990018957e-03	1852
1.001902013677217e+00	4.125371158042602e-04	1853
1.001758970921720e+00	-1.376329416627010e-03	1854
-3.999760848833844e-02	6.682127700670548e-02	1855
-4.255142797863066e-02	5.848398149501096e-02	1856
1.007177876108158e+00	3.078333618734838e-02	1857
1.012540113948465e+00	-5.721112345949055e-02	1858
8.881252539984252e-02	-2.358860046118573e-01	1859
3.159702805271991e-01	2.911953687804515e-01	1860
2.843954771585397e-01	2.849716901295298e-01	1861
2.524232840798564e-01	2.778228239360403e-01	1862
4.671094390049866e-03	-1.702140254901950e-01	1863
1.990810014875961e-02	-1.847998294581256e-01	1864
3.468339062942084e-02	-1.987770967137703e-01	1865
1.016347709426552e+00	-4.763643048306115e-02	1866
1.009138353237164e+00	-2.385305198464168e-02	1867
7.272492863707584e-01	-2.830635727013215e-01	1868
7.587452376849940e-01	-2.728347374715412e-01	1869
7.870670089399339e-01	-2.622841832047144e-01	1870
8.129250566605214e-01	-2.513029065014467e-01	1871
-3.634998615836170e-02	-9.674129902943945e-03	1872
-5.016302987389885e-02	-5.494850368842313e-02	1873
-5.122636944715321e-02	-3.535176173696992e-02	1874
-5.101944346088078e-02	-4.520363133324094e-02	1875
1.001192995613637e+00	7.542249385328381e-02	1876
-4.471763135839971e-02	4.983872110417102e-02	1877
-4.639272211641595e-02	4.089206417862641e-02	1878
-4.751003792335991e-02	3.178738876046000e-02	1879
9.739892980578529e-01	-1.370497928791990e-01	1880
9.855911519436145e-01	-1.221572288885511e-01	1881
9.943825239029079e-01	-1.087581359734033e-01	1882
1.000637171640275e+00	-9.745668131909332e-02	1883
1.009099121909082e+00	-7.705938872835874e-02	1884
5.066121468000601e-02	-2.120879972762590e-01	1885
6.932607302696506e-02	-2.248516901052949e-01	1886
-3.051602420911787e-02	-1.207133437264533e-01	1887
-2.092312006645069e-02	-1.378932456995450e-01	1888
3.704094404362033e-01	-3.138168711394311e-01	1889
4.015190264011228e-01	-3.161844151239853e-01	1890
1.011309734723667e+00	4.780265904736847e-02	1891
5.455769314319657e-01	3.010395985703420e-01	1892
5.129251665636113e-01	3.028677365557538e-01	1893
9.315105380593180e-01	1.583785392956678e-01	1894
9.125561816991969e-01	1.732622057405367e-01	1895
8.931594041130858e-01	1.870909102989602e-01	1896
8.729942321776463e-01	1.999594608737109e-01	1897
8.516034556519341e-01	2.120690759474872e-01	1898
8.276403185955572e-01	2.243159261545881e-01	1899
8.004403849128349e-01	2.369452229961731e-01	1900
7.706710525714973e-01	2.493611586335610e-01	1901
7.392069157513654e-01	2.609218297847426e-01	1902
7.064435405083249e-01	2.713672678250650e-01	1903
6.729406163696429e-01	2.805022322891666e-01	1904
6.399720996762743e-01	2.880899165039231e-01	1905
6.081251013959419e-01	2.940549723184268e-01	1906
1.574599883266605e-01	2.466516557754397e-01	1907
1.096470157139793e-01	2.227975615531139e-01	1908
9.069513463076352e-02	2.133317755838977e-01	1909
9.417344555136780e-01	-1.694641449860560e-01	1910
9.036806212703845e-01	-1.993454961928046e-01	1911
9.225407192445669e-01	-1.853605663354486e-01	1912
5.175720272035654e-01	-3.173854993261592e-01	1913
-9.636253458727708e-03	1.273130099742261e-01	1914
-1.683371468789240e-02	1.163284579394343e-01	1915
-2.248197136256851e-02	1.073015378648476e-01	1916
-2.845142792173618e-02	9.684163525995849e-02	1917
-3.308934207620245e-02	8.657697504235899e-02	1918
7.174275666957491e-02	2.025227806100680e-01	1919
3.726193263512959e-02	1.743173577483134e-01	1920
2.470924544391233e-02	1.639252991735362e-01	1921
5.288605282228047e-02	1.881104743406412e-01	1922
1.236243612522962e-02	1.530492669449811e-01	1923
4.795579696161669e-01	3.035140517803634e-01	1924
4.456761630231252e-01	3.031322721405830e-01	1925
4.106468935776186e-01	3.017427993914127e-01	1926
9.961064785185656e-01	8.564358340703249e-02	1927
9.890023163382418e-01	9.725916479491906e-02	1928
5.851923511192250e-01	-3.124463590866303e-01	1929
6.220842674826405e-01	-3.073763615478015e-01	1930
6.582583209678518e-01	-3.006414222434669e-01	1931
1.679758716373982e-01	-2.719867782652146e-01	1932
2.010004745256731e-01	-2.828656007336272e-01	1933
2.350206263796140e-01	-2.917743810496701e-01	1934
2.682820206712018e-01	-2.985891744887663e-01	1935
3.023823190875851e-01	-3.048792571438022e-01	1936
3.372093989938796e-01	-3.100677473705224e-01	1937
1.385412243432343e-01	-2.964789534435571e-01	1938
1.001528896066632e+00	2.875441768120880e-03	1939
1.004991589065030e+00	-7.751005131914289e-03	1940
1.004444746020370e+00	-6.824996141153325e-03	1941
1.002145717484515e+00	-1.019553636959895e-03	1942
1.005334020876443e+00	1.395511632579356e-02	1943
9.488850903281494e-01	-1.977803505264577e-01	1944
1.001728597376554e+00	-2.796666719708592e-03	1945
1.011029127972563e+00	7.444864632159474e-02	1946
1.088177883711011e-01	-2.811788973587517e-01	1947
1.007759650098553e+00	2.068457352731225e-02	1948
1.006505059702995e+00	1.852945729261163e-02	1949
1.006658482488532e+00	-1.373186376325873e-02	1950
1.001886024616015e+00	-1.878713183182441e-03	1951
1.003088778998154e+00	-5.626614215156971e-03	1952
1.004994064168378e+00	-1.031996845912298e-02	1953
1.004052901145143e+00	1.048659872925851e-02	1954
-5.994641062593886e-02	-6.115186696649733e-02	1955
1.001951716184825e+00	7.361007606192524e-04	1956
1.601348134515256e-01	2.847000041231021e-01	1957
-1.783439432816516e-02	-1.742812271287883e-01	1958
9.300351203455914e-01	-2.152520122282428e-01	1959
8.906734224317491e-01	-2.461952082974408e-01	1960
-5.399837571403553e-02	5.638479786374172e-02	1961
5.646877703034319e-01	3.420034734486477e-01	1962
3.258200177704606e-01	3.333833830384023e-01	1963
9.824201745954938e-01	-1.597275066040718e-01	1964
7.218272693077064e-01	-3.269041745110904e-01	1965
4.155568731350271e-01	-3.597510871338330e-01	1966
-1.913753363934020e-02	1.449304951545697e-01	1967
4.623413902357954e-02	2.161616806129311e-01	1968
8.458141440139302e-02	-2.674496653197310e-01	1969
1.012930094050250e+00	6.254033806700583e-02	1970
1.014512691078173e+00	5.521223797544439e-02	1971
-4.183747849965905e-02	1.061660789535354e-02	1972
-3.039599096036828e-02	-1.562826251650732e-01	1973
6.859590760189820e-01	-3.371152016033587e-01	1974
8.668843313630293e-01	-2.620491195880669e-01	1975
3.579830265374744e-01	3.383393943226448e-01	1976
1.001700271637467e+00	5.234956304056383e-03	1977
1.002098237131604e+00	-5.182975471615770e-03	1978
1.001998583499915e+00	-6.110691712650654e-04	1979
1.004300408553699e+00	7.984675790895677e-03	1980
1.003850152394435e+00	7.032562793662067e-03	1981
1.001666089305778e+00	-3.498052400185248e-03	1982
1.007805972312045e+00	2.745935964990986e-02	1983
1.001414198011217e+00	3.558064247456857e-03	1984
9.112074577410625e-01	-2.308598823699168e-01	1985
9.668535743363709e-01	-1.788085657965484e-01	1986
-5.123451597635091e-02	-2.593007725381969e-02	1987
1.928069161411231e-01	2.983585695245366e-01	1988
1.010675970975174e+00	-2.725622898351794e-02	1989
9.725479422726216e-01	1.501578162450641e-01	1990
1.013614769141176e+00	-3.497703155277075e-02	1991
-5.219025285961655e-02	-1.050147659772010e-01	1992
5.369867540043081e-01	-3.598732570587815e-01	1993
3.916292877100482e-01	3.419411442071074e-01	1994
1.307888096655057e-01	2.698997111065765e-01	1995
-5.535354933824679e-02	-9.301602863794656e-02	1996
1.002630186019876e+00	5.747461163115011e-03	1997
-4.030715180893904e-02	1.167192605642815e-03	1998
-4.062036915673758e-02	-3.867149669025357e-03	1999
9.864563217122639e-01	1.311724778990215e-01	2000
-5.884315508912116e-02	-7.108541418186823e-02	2001
-5.737728191588515e-02	-8.104392664451579e-02	2002
1.001750880424779e+00	1.983373810791108e-03	2003
1.002375909550735e+00	7.716179676246749e-05	2004
1.002068974651440e+00	1.151813402894288e-03	2005
-4.998499822119752e-02	7.488014714570379e-02	2006
-5.215343580530645e-02	6.562041635979010e-02	2007
1.009861373056093e+00	3.524843119303372e-02	2008
2.934718822364326e-01	3.268149058044126e-01	2009
2.609117102044721e-01	3.189877687500177e-01	2010
2.272348028730067e-01	3.099947144275697e-01	2011
-3.734803897880113e-03	-1.924028363903558e-01	2012
1.036914602286289e-02	-2.077893643767048e-01	2013
1.019473283770245e+00	-6.250780371096959e-02	2014
1.020273585246954e+00	-5.486915262036308e-02	2015
1.008346798906072e+00	-1.828157400775253e-02	2016
1.009845585838471e+00	-2.034189393423875e-02	2017
7.556857832839097e-01	-3.154830268583323e-01	2018
7.866236568474069e-01	-3.033842882545200e-01	2019
8.146978472093506e-01	-2.907714250415753e-01	2020
8.411234982355333e-01	-2.771906789569124e-01	2021
-4.327935952182362e-02	-1.344838013077945e-02	2022
-6.040462585573273e-02	-4.046599447887826e-02	2023
-6.046828309530106e-02	-5.087892737086348e-02	2024
-5.534627583318931e-02	4.682035499001184e-02	2025
-4.846775762858318e-02	2.300057701790355e-02	2026
-5.619246433915908e-02	3.709226072345827e-02	2027
9.947944726684180e-01	-1.414850955065755e-01	2028
1.003990210768339e+00	-1.248082787373382e-01	2029
1.010336778851166e+00	-1.103302295025636e-01	2030
1.014715120361847e+00	-9.792604074009154e-02	2031
1.016021769825255e+00	-8.551893146497644e-02	2032
1.018718235856791e+00	-7.492669470782566e-02	2033
2.565082644589655e-02	-2.237633456602744e-01	2034
4.363335322812753e-02	-2.398013631275552e-01	2035
6.370463363924624e-02	-2.545581819709596e-01	2036
-4.787800601727959e-02	-1.196638670514851e-01	2037
-4.010910846546023e-02	-1.362909367017676e-01	2038
3.829555363483408e-01	-3.573878043276811e-01	2039
5.316645163618769e-01	3.443699328161405e-01	2040
9.559181012414848e-01	1.692083090551274e-01	2041
9.377564735893068e-01	1.873414625376345e-01	2042
9.187317819003780e-01	2.042151192385449e-01	2043
8.986865328979472e-01	2.200299520419538e-01	2044
8.773025115377402e-01	2.348966149623894e-01	2045
8.540010895958337e-01	2.492021813303254e-01	2046
8.277739656778387e-01	2.636319064380178e-01	2047
7.985072601442303e-01	2.780548121125700e-01	2048
7.669020113426812e-01	2.918089475550570e-01	2049
7.336660645996221e-01	3.043703585802184e-01	2050
6.993450916157631e-01	3.154777690647713e-01	2051
6.649337097554371e-01	3.248848497393521e-01	2052
6.312130808306090e-01	3.325056459628605e-01	2053
5.978195936530589e-01	3.383144312549746e-01	2054
1.064269567022628e-01	2.556460972190636e-01	2055
8.683628197379784e-02	2.445862432713596e-01	2056
4.547274209698297e-01	-3.606193446674171e-01	2057
4.972699381033067e-01	-3.607917530349716e-01	2058
-2.768636950907723e-02	1.308838358258002e-01	2059
-3.312500555372971e-02	1.198422555589999e-01	2060
-3.881144211309424e-02	1.092023047721000e-01	2061
-4.327782409227803e-02	9.696956919549614e-02	2062
-4.716630866869933e-02	8.593570051348641e-02	2063
6.706695519109492e-02	2.324170984235407e-01	2064
1.609583477483243e-02	1.865532393779638e-01	2065
2.891978317923434e-02	1.992762721106354e-01	2066
-8.547278237849730e-03	1.594538867604907e-01	2067
3.842843007563109e-03	1.744354333833081e-01	2068
4.973032135347600e-01	3.455883358203246e-01	2069
4.625967625628363e-01	3.455415914181922e-01	2070
4.271556468423623e-01	3.443447666337531e-01	2071
1.007219898139798e+00	8.487730748812460e-02	2072
1.004190096477187e+00	9.872727802012678e-02	2073
9.968460840429544e-01	1.137268230458468e-01	2074
5.721128471250574e-01	-3.571925470699454e-01	2075
6.103938833007847e-01	-3.526290336558229e-01	2076
6.487714367925587e-01	-3.457574834157309e-01	2077
1.718686953587242e-01	-3.108380039777033e-01	2078
2.072891323126415e-01	-3.232330328961051e-01	2079
2.429435571923180e-01	-3.329900029578708e-01	2080
2.775468211669644e-01	-3.407775264005442e-01	2081
3.135024475742745e-01	-3.479090370261404e-01	2082
3.491260489250795e-01	-3.535009699261397e-01	2083
1.015410605146529e+00	-4.021679197588501e-02	2084
1.009328219602428e+00	1.834540150041713e-02	2085
1.006983420171554e+00	-1.139733056324251e-02	2086
1.014712509797342e+00	-2.984683886498720e-02	2087
1.007866960719332e+00	-1.566029616810131e-02	2088
-7.120875904337365e-02	-6.727549965308458e-02	2089
5.687905492318038e-01	3.889802342231898e-01	2090
7.535248385711244e-01	-3.634655415439090e-01	2091
3.016021339119230e-01	3.735103852598851e-01	2092
1.011507539318604e+00	3.041762600248720e-02	2093
-6.574328377802599e-02	5.278308428377469e-02	2094
5.598122654513509e-02	-2.876691645075618e-01	2095
9.595433973618518e-01	-2.282974011020769e-01	2096
1.005746803165217e+00	-6.682536526501047e-03	2097
9.773881383602476e-01	-2.069354401933809e-01	2098
1.293455019340425e-01	3.101928373466987e-01	2099
1.023631230207921e+00	-4.828121976216215e-02	2100
7.170686175507602e-01	-3.761389263873867e-01	2101
-6.777893935207260e-02	-1.023101903968225e-01	2102
1.001869227517344e+00	2.575323545391920e-03	2103
1.002443370794068e+00	6.561671640903334e-04	2104
1.002196166012167e+00	1.676325715946138e-03	2105
1.018519179981710e+00	4.919784919920893e-02	2106
-7.348107770898093e-03	1.974082751399017e-01	2107
-4.188717611452773e-02	-1.763665812297986e-01	2108
-4.909540311101682e-02	1.452302292079429e-02	2109
6.786917926028274e-01	-3.871784809059073e-01	2110
4.344762858543172e-01	-4.082569274318449e-01	2111
1.025925537104302e+00	-9.279165465753471e-02	2112
1.026317238707987e+00	-8.256302875752955e-02	2113
1.386202064281031e-01	-3.380066791061256e-01	2114
3.959745302257388e-01	-4.060338186319482e-01	2115
-2.888670529992498e-02	-1.959023076442343e-01	2116
1.020023695751491e+00	6.987292449371729e-02	2117
1.020732772085648e+00	6.041745958403168e-02	2118
9.960843280776719e-01	1.534825924964327e-01	2119
3.705819642353556e-01	3.858522789185526e-01	2120
1.006118640096549e+00	-1.626235611785340e-01	2121
-3.981170025436538e-02	1.473927282530021e-01	2122
1.861910279364291e-02	2.269668655700782e-01	2123
4.068426861931870e-01	3.895880265275789e-01	2124
1.058248910194401e-01	-3.198321100708976e-01	2125
7.866518604420260e-02	-3.029956570609362e-01	2126
1.002572889218939e+00	4.754202457378496e-03	2127
1.002485124880238e+00	-4.963580374922334e-04	2128
1.006313574060449e+00	1.594365794694295e-02	2129
8.989372444414334e-01	-2.842119667124613e-01	2130
1.002311940177784e+00	-1.537371316428047e-03	2131
1.002049956919358e+00	-2.467593467975715e-03	2132
1.010146057222363e+00	2.400191860375122e-02	2133
1.004167067284055e+00	-6.077044823807639e-03	2134
1.005766561646499e+00	-9.016268521823736e-03	2135
1.005894151434978e+00	1.171911645997257e-02	2136
1.005140752786345e+00	7.006233874907331e-03	2137
1.620461715985048e-01	3.274959801802451e-01	2138
-6.481376200915402e-02	6.297861989632636e-02	2139
3.357292276061347e-01	3.805543523468460e-01	2140
9.932717915690233e-01	-1.846376720067966e-01	2141
3.606719824659700e-01	-4.020131778810187e-01	2142
-3.093825674367996e-02	1.640703481292056e-01	2143
-5.691650695741818e-02	2.736625920885705e-02	2144
-5.093239070288980e-02	-1.707701283223930e-02	2145
1.003645759462164e+00	6.277166485958285e-03	2146
1.001812474253302e+00	-4.292528409192481e-03	2147
1.004939253008531e+00	9.289639470850489e-03	2148
1.002942193616685e+00	-4.621068066202986e-03	2149
1.002339680381247e+00	-3.205674409613981e-03	2150
1.011093639559230e+00	4.053035714899952e-02	2151
1.001495283726222e+00	4.345322484038571e-03	2152
9.213693995347145e-01	-2.658283220812053e-01	2153
9.410011217790833e-01	-2.476816945431430e-01	2154
-7.130859008550890e-02	-5.646958046737651e-02	2155
-6.013222764529360e-02	-3.010544913002097e-02	2156
1.012614052648901e+00	-2.346818045921260e-02	2157
1.002097672614712e+00	3.321941981173524e-03	2158
-4.631877299035777e-02	-1.134621734156235e-03	2159
-7.038733024371581e-02	-7.764751403654163e-02	2160
-6.957093296766166e-02	-8.889781419182845e-02	2161
-6.324560228932086e-02	7.275463024643145e-02	2162
1.976487639819985e-01	3.429003672061740e-01	2163
2.678887066009089e-01	3.648654218292909e-01	2164
2.338854101241636e-01	3.554198667860154e-01	2165
-1.561665505080206e-02	-2.158225038486293e-01	2166
1.011159262820105e+00	-1.779955653325193e-02	2167
7.872822383935948e-01	-3.496674698776921e-01	2168
8.180359289632613e-01	-3.351043215481416e-01	2169
8.464288633352381e-01	-3.195991379678496e-01	2170
8.735171302259518e-01	-3.025486020735114e-01	2171
-4.835181350988171e-02	-6.978661432720607e-03	2172
-7.085077869598946e-02	-4.555873889824484e-02	2173
-6.618124754626369e-02	4.247144724083369e-02	2174
1.015553449810195e+00	-1.421848781863840e-01	2175
1.021727118224881e+00	-1.240446002192780e-01	2176
1.023785704463538e+00	-1.081592399059606e-01	2177
1.026972730280389e+00	-5.947033607796851e-02	2178
1.027162159169864e+00	-6.922126710326228e-02	2179
-1.838901480290558e-03	-2.329562456847529e-01	2180
1.495114985417981e-02	-2.517390808910334e-01	2181
3.460227004196778e-02	-2.706349431743915e-01	2182
-6.481273185412148e-02	-1.160619661159122e-01	2183
-5.977275389581849e-02	-1.345529824837576e-01	2184
-5.207902366781892e-02	-1.533101010175661e-01	2185
9.819200331443961e-01	1.760400902785254e-01	2186
9.653851717101547e-01	1.980407510938678e-01	2187
9.473115935855043e-01	2.187055827724005e-01	2188
9.278812268176392e-01	2.380946138818035e-01	2189
9.067823652966762e-01	2.564273359767222e-01	2190
8.837684090780571e-01	2.738487438174986e-01	2191
8.582825438893127e-01	2.907831662235830e-01	2192
8.296930453988789e-01	3.076342147279134e-01	2193
7.981719665019336e-01	3.240233417374997e-01	2194
7.644237548160708e-01	3.392688096707425e-01	2195
7.291720578621058e-01	3.529082200240728e-01	2196
6.932783673561598e-01	3.646466759372644e-01	2197
6.576156435737126e-01	3.743264375994505e-01	2198
6.220652431085537e-01	3.819609089146411e-01	2199
3.830481393514908e-02	2.475156288339866e-01	2200
1.014611880990318e-01	2.926052107380529e-01	2201
8.023115981129872e-02	2.791068898138218e-01	2202
4.764284339172112e-01	-4.090808307892668e-01	2203
5.189519326096015e-01	-4.088232604596453e-01	2204
-4.622987882610458e-02	1.328714057775643e-01	2205
-5.091470671982045e-02	1.220296810934078e-01	2206
-5.553440163761526e-02	1.080124437066088e-01	2207
-5.901307563185692e-02	9.589976983734509e-02	2208
-6.165842300551799e-02	8.336655923524607e-02	2209
6.015628180131989e-02	2.654727783618839e-01	2210
4.196800299453511e-03	2.109989893573080e-01	2211
-1.959234080210110e-02	1.806370872016828e-01	2212
5.162014955574943e-01	3.923797858373612e-01	2213
4.801353566115623e-01	3.928372113082189e-01	2214
4.437285879099683e-01	3.918966659935292e-01	2215
1.006808583978047e+00	1.318947459721420e-01	2216
1.017918971001139e+00	8.293536030013028e-02	2217
1.016273754656459e+00	9.433092068881220e-02	2218
1.011693695605924e+00	1.118938282948405e-01	2219
5.589127048425480e-01	-4.068094459369408e-01	2220
5.977334789276256e-01	-4.029584070442950e-01	2221
6.387668154379110e-01	-3.962719733505716e-01	2222
1.748846701135930e-01	-3.546105374965319e-01	2223
2.128262368600644e-01	-3.685347707875568e-01	2224
2.498714427797641e-01	-3.791591289670448e-01	2225
2.863031428657618e-01	-3.881132194101377e-01	2226
3.239413997810051e-01	-3.960396991991966e-01	2227
7.127419017549467e-01	-4.314279493956680e-01	2228
1.003038655031127e+00	3.805686163039329e-03	2229
-6.120675066568853e-02	1.476342618296451e-01	2230
-7.734745079728310e-02	6.962560959437997e-02	2231
-7.633205552903176e-02	7.979549268031794e-02	2232
1.012956435196759e+00	-2.036268905634121e-02	2233
-5.942975403769955e-02	-2.051839198386123e-02	2234
7.892467995996526e-01	-4.017402833063986e-01	2235
6.353729942077660e-03	2.582218578761536e-01	2236
9.101476047315467e-01	-3.263943327838734e-01	2237
1.012052771678190e-01	-3.633974728574528e-01	2238
1.009228889632760e+00	1.540758101308696e-02	2239
1.020827264130164e+00	-4.277384807724181e-02	2240
1.011824626867699e+00	2.762116704721038e-02	2241
1.007407727121360e+00	1.328167228625988e-02	2242
1.629487599802695e-01	3.755276568875418e-01	2243
1.003534745327312e+00	5.188908415803410e-03	2244
1.014856077510540e+00	3.552616188917410e-02	2245
-5.735662067369790e-02	-1.017804723720582e-02	2246
1.002936272393544e+00	3.062512159400477e-04	2247
1.002951822232014e+00	-1.109073778584974e-04	2248
1.018596381025682e+00	-3.472507153757532e-02	2249
2.733470867732452e-01	4.161263707176322e-01	2250
-8.180397475275707e-02	-1.120721306821865e-01	2251
-5.717329962302418e-02	1.821637578087683e-02	2252
-4.723369018927864e-02	6.331732774688169e-03	2253
1.036444749729021e+00	-8.805902913453044e-02	2254
1.035831676756164e+00	-7.650588231775826e-02	2255
4.122777905864922e-01	-4.603042113642092e-01	2256
7.079687909377455e-02	-3.430031595565745e-01	2257
-7.012372213573434e-02	-3.420427032817192e-02	2258
3.839262171846100e-01	4.389899430277655e-01	2259
9.496634430670783e-02	3.343190069091386e-01	2260
-4.494854261259269e-02	1.852179023375400e-01	2261
-7.776851301990717e-02	5.863825614210509e-02	2262
-3.372233378686994e-02	2.033307085500153e-01	2263
4.224296343443463e-01	4.427872217288966e-01	2264
3.092206860956565e-01	4.256763725885443e-01	2265
1.022076472954714e+00	5.583130992281001e-02	2266
7.523152235164847e-01	-4.174034671691528e-01	2267
1.007127136595304e+00	-2.114409629719100e-01	2268
4.584094926476756e-02	-3.245439131106008e-01	2269
1.014705946129504e+00	-2.697632878828740e-02	2270
1.008673999756092e+00	-1.283590127552829e-02	2271
6.501539800714746e-01	4.295113748480324e-01	2272
6.710796292742915e-01	-4.433299306422283e-01	2273
9.915182107499668e-01	-2.369787839958902e-01	2274
1.019813555101935e+00	-1.854679483000586e-01	2275
1.267256979299768e-01	3.555390926349388e-01	2276
1.002663641012007e+00	1.255205706757253e-03	2277
1.002325749217054e+00	2.227876796905740e-03	2278
1.016166502506719e+00	1.503978931387911e-01	2279
1.027835465778037e+00	-5.468881238785554e-02	2280
1.028422987888277e+00	6.581737131519536e-02	2281
1.373877862753724e-01	-3.847886705856274e-01	2282
3.723338378885208e-01	-4.560195008280028e-01	2283
1.035074193159820e+00	-6.421657241276171e-02	2284
-5.406482869344888e-02	1.651702297927528e-01	2285
-8.412014329773106e-02	-7.334214890316423e-02	2286
-8.383780098475660e-02	-8.397674452111939e-02	2287
1.002750123960124e+00	-1.080331518899477e-03	2288
1.002284267824755e+00	-3.992637783163507e-03	2289
1.003955015517564e+00	-4.981873250763785e-03	2290
1.002484008147019e+00	-2.083146785934368e-03	2291
1.010823974777517e+00	2.102197042481510e-02	2292
1.006474546681819e+00	-7.829783212871535e-03	2293
3.460868637573640e-01	4.333504172125093e-01	2294
1.005748180563608e+00	8.194021339484861e-03	2295
1.003331261622266e+00	-3.621264177438688e-03	2296
1.016272630021584e+00	4.355600457908346e-02	2297
9.344427437210110e-01	-3.045937203600318e-01	2298
9.554272019466354e-01	-2.829900438341313e-01	2299
9.741291696170675e-01	-2.608768678980009e-01	2300
-8.274175323433261e-02	-5.043243993843989e-02	2301
-8.370215668931121e-02	-6.183620064726777e-02	2302
-7.768687023055777e-02	4.773224946593691e-02	2303
1.010731964593532e+00	-1.481938526446992e-02	2304
1.001980479755223e+00	4.088786449770505e-03	2305
-8.353269708397251e-02	-9.718734229265283e-02	2306
2.013496480657203e-01	3.926458263003817e-01	2307
2.387877606686893e-01	4.058442132884943e-01	2308
-5.555833808251549e-02	-1.982591492725093e-01	2309
-4.366905064669554e-02	-2.186730993186806e-01	2310
8.230851829782025e-01	-3.849170401252846e-01	2311
8.540857431295393e-01	-3.669853238096256e-01	2312
8.830592978973303e-01	-3.475059512775810e-01	2313
-5.427878309437058e-02	-1.725371504194365e-03	2314
-6.649170123433681e-02	3.172692675261439e-02	2315
1.026387331864638e+00	-1.596387357082833e-01	2316
1.033102122091113e+00	-1.380674888603590e-01	2317
1.036363593698943e+00	-1.020828560134367e-01	2318
1.036120694410873e+00	-1.177680533401433e-01	2319
-3.084975440604110e-02	-2.406671093843578e-01	2320
2.304731304147613e-02	-3.047433403530290e-01	2321
-1.633207554136606e-02	-2.609889776685710e-01	2322
2.210186455031220e-03	-2.826036636513246e-01	2323
-7.907292815562590e-02	-1.291400046437454e-01	2324
-7.398223969664829e-02	-1.504601254424407e-01	2325
-6.636856142441651e-02	-1.721766965628787e-01	2326
1.008293958457687e+00	1.775835397079759e-01	2327
9.945553395060751e-01	2.037156081900149e-01	2328
9.784347028223064e-01	2.288449360738836e-01	2329
9.603683735826932e-01	2.525803056537181e-01	2330
9.401854689901091e-01	2.751490534779129e-01	2331
9.177271940345026e-01	2.966474950728900e-01	2332
8.927581456400855e-01	3.172105739930925e-01	2333
8.648688191538118e-01	3.372233937518940e-01	2334
8.336991853426962e-01	3.568070770471398e-01	2335
7.995983229566254e-01	3.754049004600822e-01	2336
7.633587406279583e-01	3.923171206750358e-01	2337
7.258921237842384e-01	4.070950496491841e-01	2338
6.881017340389129e-01	4.194932173545619e-01	2339
6.016923898210167e-01	4.380491844208883e-01	2340
2.799856909440328e-02	2.820217640568987e-01	2341
7.081305653028604e-02	3.173892194571667e-01	2342
4.547179063617887e-01	-4.623957388550456e-01	2343
4.984865928311024e-01	-4.629711699433738e-01	2344
-6.967660036353450e-02	1.201169116866256e-01	2345
-7.266490836814318e-02	1.059983646546276e-01	2346
-7.515906029356904e-02	9.236396665118464e-02	2347
5.009021064768498e-02	3.016404239631802e-01	2348
-1.027615605611896e-02	2.382188037892067e-01	2349
-2.216152011276906e-02	2.212770471574386e-01	2350
5.457336124329205e-01	4.434712023168777e-01	2351
4.798590754540082e-01	4.449049463537872e-01	2352
1.028061283892647e+00	7.796317699491127e-02	2353
1.027498222318966e+00	9.028257682572373e-02	2354
1.023046089336591e+00	1.256402092501486e-01	2355
1.025604166697922e+00	1.063577165029094e-01	2356
5.421757819786382e-01	-4.618239796173654e-01	2357
5.842070030368920e-01	-4.586662196294838e-01	2358
6.275063953983990e-01	-4.526881784451326e-01	2359
1.768806536302512e-01	-4.038109357035283e-01	2360
2.171865233864359e-01	-4.192716242925770e-01	2361
2.556820453654357e-01	-4.308801084191541e-01	2362
2.942704024287890e-01	-4.411263933740010e-01	2363
3.337730115171385e-01	-4.498307068372756e-01	2364
1.012071189293917e+00	1.759221260327170e-02	2365
1.027330577898095e+00	-4.287928821178374e-02	2366
1.024546810794561e+00	-3.739859344526017e-02	2367
-6.896330607466811e-02	-2.369820198987491e-02	2368
1.005061531436689e+00	-5.339446953476959e-03	2369
-9.089706606551974e-02	5.268843333318234e-02	2370
2.595646175966238e-01	4.677079236748345e-01	2371
8.300510102444353e-01	-4.408702884930770e-01	2372
3.859118234927629e-01	-5.166008656932665e-01	2373
-5.150847741364617e-02	2.270789120695201e-01	2374
-9.160098330318374e-02	6.428620163258618e-02	2375
3.979112891298829e-01	4.971251370208971e-01	2376
1.009705495647202e+00	-2.685368764601715e-01	2377
1.008985897381323e+00	-1.074690565562781e-02	2378
1.014266467152417e+00	-1.752236420425541e-02	2379
1.013381806584541e+00	-1.597619162147270e-02	2380
5.885856897610683e-02	3.601765727173248e-01	2381
-2.695676541107934e-02	2.686367793797016e-01	2382
1.003043590664631e+00	8.486111294192052e-04	2383
1.002819377331955e+00	1.856082654646794e-03	2384
1.049361795617252e+00	-1.300912898650316e-01	2385
1.007379363314396e+00	-9.179071154291341e-03	2386
1.007202671284488e+00	-6.564796325072230e-03	2387
1.006507631314710e+00	9.595932887100474e-03	2388
1.009891209598451e+00	1.301395293166659e-02	2389
1.002952294768489e+00	-1.671973377944607e-03	2390
1.003100073614128e+00	-6.448592580212496e-04	2391
-6.768856881631607e-02	-1.363326401637702e-02	2392
-6.342988565886867e-02	-3.246224409817361e-03	2393
1.226301238051521e-01	4.064627733250530e-01	2394
7.519127263145303e-01	-4.780366259112911e-01	2395
9.509379605870910e-01	-3.473466130877216e-01	2396
1.026029634964231e+00	4.955417634894133e-02	2397
-9.807819201746662e-02	-1.228324790276941e-01	2398
4.305992726654272e-01	-5.208410975768308e-01	2399
-8.522784185742345e-02	1.393275706114662e-01	2400
-9.163717918900630e-02	7.582920938254292e-02	2401
-9.142122604368773e-02	8.716897575262877e-02	2402
-8.367542792475252e-03	2.931010789911713e-01	2403
3.571037842413627e-01	4.916175705532186e-01	2404
1.044435104368751e+00	-6.982196171580664e-02	2405
1.346729883677250e-01	-4.373876169497834e-01	2406
9.248054217574369e-01	-3.730094319969136e-01	2407
9.472380039794709e-02	-4.124128962602918e-01	2408
6.071797123942342e-02	-3.880083355349025e-01	2409
3.296162930906069e-02	-3.655954394177870e-01	2410
7.083730812108900e-01	-4.935281121151166e-01	2411
7.926147893576871e-01	-4.602978753415757e-01	2412
8.498292867632278e-03	-3.423185884573077e-01	2413
1.624512112388330e-01	4.292852938166069e-01	2414
1.004096391816728e+00	4.208480453740887e-03	2415
1.004589919577839e+00	5.632074530193923e-03	2416
1.003536232972229e+00	1.198755786348091e-04	2417
-9.939525887132714e-02	-1.061495456009976e-01	2418
-6.633285287039255e-02	2.167180735001280e-02	2419
1.034975937644159e+00	1.426762080895531e-01	2420
1.046370149005773e+00	-8.174590087007193e-02	2421
8.679376015358740e-02	3.813656810294896e-01	2422
-6.177486957256297e-02	2.076266392217019e-01	2423
-8.135964026791563e-02	-3.803499762341016e-02	2424
3.167915633314381e-01	4.837346756549600e-01	2425
1.038303873982068e+00	9.990167322459463e-02	2426
1.024579462455363e+00	-2.396939034307498e-01	2427
1.016227765723526e+00	-2.288161219010014e-02	2428
1.011141290501654e+00	-1.232275307609664e-02	2429
1.038249780017799e+00	-2.106251712162857e-01	2430
1.002677171318524e+00	2.917938918716850e-03	2431
1.031116554287791e+00	-4.786933800796368e-02	2432
-7.120446931593480e-02	1.846331622697925e-01	2433
-7.838242918962975e-02	1.644023155599600e-01	2434
-9.781795417577560e-02	-6.688867108857222e-02	2435
1.002892584650266e+00	-2.752517656645677e-03	2436
1.004434012721429e+00	-3.942247183800604e-03	2437
1.013787353896547e+00	2.380925824345800e-02	2438
1.007929404840008e+00	1.127416364007193e-02	2439
1.006584174759020e+00	7.019120990286257e-03	2440
1.022758818284236e+00	4.432333468586356e-02	2441
1.020552871053670e+00	3.872056231809090e-02	2442
9.734760832276435e-01	-3.214960249636346e-01	2443
9.927364328920160e-01	-2.955995738234785e-01	2444
-9.623302814342596e-02	-5.489922094389231e-02	2445
-9.868452732759654e-02	-7.884507304620819e-02	2446
-9.923277873117620e-02	-9.057418434790622e-02	2447
2.033769049761236e-01	4.480511854948920e-01	2448
-4.910289455366208e-02	-2.675548711536678e-01	2449
8.642442548475531e-01	-4.199906822252297e-01	2450
8.957301790881385e-01	-3.974364482742208e-01	2451
-5.656855475046236e-02	7.846673842387649e-03	2452
-7.735664377834320e-02	3.589687587791322e-02	2453
1.047916547869772e+00	-9.512380363032635e-02	2454
1.042104821592329e+00	-1.772672464794632e-01	2455
1.045908256026877e+00	-1.539294680952744e-01	2456
1.049304995277461e+00	-1.100850750378619e-01	2457
-7.283122492936007e-02	-2.207683204794593e-01	2458
-6.214416246857744e-02	-2.427751925313955e-01	2459
-3.330955553878830e-02	-2.924666384471988e-01	2460
-1.387574713719343e-02	-3.166290462647502e-01	2461
-9.562337120817938e-02	-1.435454525607491e-01	2462
-9.020354376947572e-02	-1.674152965945152e-01	2463
-8.310038639277341e-02	-1.931252599051296e-01	2464
1.030356618394780e+00	1.698213900566364e-01	2465
1.020594804130143e+00	2.013309429985522e-01	2466
1.010761915940618e+00	2.327713331736173e-01	2467
9.953019368104841e-01	2.615291773700543e-01	2468
9.770643627609407e-01	2.891244517528572e-01	2469
9.559621138852465e-01	3.156251493670979e-01	2470
9.318661399129028e-01	3.410227866356145e-01	2471
9.047111455041110e-01	3.653812566089665e-01	2472
8.741445675076789e-01	3.890011091692521e-01	2473
8.400372287596144e-01	4.117203361980454e-01	2474
8.029451848292899e-01	4.328266958338673e-01	2475
7.638674042855965e-01	4.515891874270254e-01	2476
7.237933104953485e-01	4.676141237992187e-01	2477
6.829160857118207e-01	4.798065416633316e-01	2478
6.354242891019352e-01	4.919559521345656e-01	2479
4.759927413806120e-01	-5.227304599260741e-01	2480
-8.881842566629880e-02	1.163425324367973e-01	2481
-9.068153371193885e-02	1.017983717297609e-01	2482
3.683387880449834e-02	3.404222256777936e-01	2483
1.427196127434524e-02	3.194493621387239e-01	2484
-4.059136206196046e-02	2.465657941949559e-01	2485
5.788914999964039e-01	4.996769249990549e-01	2486
5.139022088007523e-01	5.032075409752156e-01	2487
4.491969812898088e-01	5.023467026903500e-01	2488
1.037324407856630e+00	7.226341796263758e-02	2489
1.038165421431968e+00	8.472488830393977e-02	2490
1.037899488556426e+00	1.180999907891345e-01	2491
5.222082205771963e-01	-5.226769998057668e-01	2492
6.622362474088951e-01	-5.062546314175007e-01	2493
5.680456480938989e-01	-5.203362623705632e-01	2494
6.144902400503347e-01	-5.153837049986060e-01	2495
1.774426926534461e-01	-4.589578233949998e-01	2496
2.200233994193455e-01	-4.759812408722921e-01	2497
2.601886846923989e-01	-4.887935190559232e-01	2498
3.013949951786692e-01	-5.004374250112255e-01	2499
3.436460793751441e-01	-5.095056086223841e-01	2500
1.014271598296931e+00	2.024909997914971e-02	2501
5.486139387835307e-01	-5.879512210060460e-01	2502
1.010172241097673e+00	1.073743701588223e-02	2503
4.815660565213782e-02	-4.386093825397463e-01	2504
1.030058418160380e+00	5.640172904757345e-02	2505
-1.071684735630445e-01	1.305282614014288e-01	2506
-1.041261807015129e-01	1.573054017548763e-01	2507
4.170607438139106e-01	5.642336032148049e-01	2508
1.704367861256588e-02	-4.113254163924314e-01	2509
1.044069399530589e+00	-5.952424666552766e-02	2510
8.770840190921605e-01	-4.792357518313478e-01	2511
-1.168412240443552e-01	-1.348545409452742e-01	2512
-1.115210891395193e-01	-5.878107367684020e-02	2513
1.166373610048160e-01	4.635077851068075e-01	2514
1.037962566693951e+00	6.220846099632111e-02	2515
1.016302895358825e+00	-2.021509955793137e-02	2516
1.008467007294427e+00	9.386283466460423e-03	2517
1.007350876505173e+00	8.313810985920558e-03	2518
1.008101000207492e+00	-7.802898310415637e-03	2519
-1.073282135964686e-01	6.962165903448556e-02	2520
4.435698429208199e-02	4.082945465121489e-01	2521
1.046410903675691e+00	-2.692161875255052e-01	2522
-7.958711057042026e-02	-2.658561884051079e-02	2523
9.713887088272498e-01	-3.942469924390198e-01	2524
-9.482451365387936e-03	-3.836280346765195e-01	2525
-9.392120554526509e-02	-4.142504779699941e-02	2526
1.599460979916283e-01	4.892840240411268e-01	2527
-8.226580564348258e-02	2.304317677058303e-01	2528
1.064029182173410e+00	-1.200055654747342e-01	2529
4.747750871929892e-01	-5.888423722959727e-01	2530
4.017439523643991e-01	-5.839251300148227e-01	2531
7.518957699415613e-01	-5.462379981071459e-01	2532
8.614849674515242e-02	-4.674798765151682e-01	2533
1.030882634603367e+00	-3.760499085129517e-02	2534
1.034120654470523e+00	-4.159348271497391e-02	2535
1.020039548771551e+00	3.307927126366569e-02	2536
1.016033332708980e+00	2.734765098051455e-02	2537
-7.859565294582653e-02	-1.753241257527162e-02	2538
-1.171551884625138e-01	-1.154770536704512e-01	2539
-8.968330201270733e-02	3.967448125327256e-02	2540
3.475792818712607e-01	5.505403133630518e-01	2541
8.390805530834518e-01	-5.037138291296868e-01	2542
1.031989117326496e+00	-3.013474965465043e-01	2543
1.006399723978962e+00	-5.453195487467461e-03	2544
1.009331182995494e+00	-8.782344781315139e-03	2545
1.836670943069594e-02	3.831365265608332e-01	2546
-4.643390703287512e-02	3.023682081815289e-01	2547
1.003692754516834e+00	3.174470542027142e-03	2548
1.003308987059886e+00	1.432924053210143e-03	2549
1.013177979500195e+00	-1.395546226118068e-02	2550
1.011728196512976e+00	1.480206984179197e-02	2551
1.005648326061384e+00	-4.240196490569535e-03	2552
1.003410919981460e+00	-1.210142887495620e-03	2553
7.030426435096480e-01	-5.633067888571633e-01	2554
1.035794095932512e+00	-5.443276123711778e-02	2555
-1.086600993946708e-01	9.496107816233951e-02	2556
1.051952203965192e+00	1.325947239292026e-01	2557
1.055428469883311e+00	-7.415898557791205e-02	2558
7.973187849843768e-01	-5.261583572552456e-01	2559
1.005896970085853e+00	5.857452428176600e-03	2560
1.005266564292557e+00	4.601377665782569e-03	2561
-7.396317839811022e-02	-4.995545332172391e-03	2562
7.661492075338117e-02	4.343315393794324e-01	2563
-1.059970161482505e-01	5.719872468221038e-02	2564
2.723038676739138e-01	5.341844435437340e-01	2565
1.061470235834789e+00	-1.013761483678229e-01	2566
1.018861333984324e+00	-2.623847239769016e-02	2567
1.023437257311577e+00	-3.171197582297722e-02	2568
1.011183764730354e+00	-9.988944718113025e-03	2569
1.054690991996661e+00	-2.362083456803130e-01	2570
1.002949123535206e+00	2.541551725612940e-03	2571
-9.127792198869485e-02	2.058546663176705e-01	2572
-9.770844825939276e-02	1.822133238405183e-01	2573
-1.137490548413102e-01	-7.153048216594386e-02	2574
1.003136786595714e+00	-2.351773215531656e-03	2575
1.003937793438762e+00	-2.931361525933762e-03	2576
1.029652765570367e+00	4.374012575252888e-02	2577
1.026833698001286e+00	3.954045693624240e-02	2578
9.954827466372763e-01	-3.633939454130926e-01	2579
1.015469394702368e+00	-3.325983619932442e-01	2580
-1.167222047605537e-01	-9.775827407727067e-02	2581
-1.151991793532302e-01	-8.367937046529036e-02	2582
-1.079829344512194e-01	8.146482878655878e-02	2583
2.124054182554537e-01	5.132851061440517e-01	2584
9.117685705051818e-01	-4.529392178782381e-01	2585
9.432925826001513e-01	-4.244378029898726e-01	2586
-6.661714910891035e-02	8.915851495914845e-03	2587
-7.663118734681959e-02	2.487163288743368e-02	2588
1.062017848745205e+00	-1.962138002678666e-01	2589
1.062997852255461e+00	-1.686369611434684e-01	2590
1.064275862700339e+00	-1.444318863558741e-01	2591
-9.407571989639851e-02	-2.435333223268238e-01	2592
-8.411325710397388e-02	-2.687764224823635e-01	2593
-7.025941094464878e-02	-2.969141489966332e-01	2594
-5.340727959404706e-02	-3.267679873735332e-01	2595
-3.337434142619805e-02	-3.542544556686807e-01	2596
-1.032603040019532e-01	-2.151007416017789e-01	2597
-1.148477579180277e-01	-1.595921692842617e-01	2598
-1.098182643269269e-01	-1.856042522865391e-01	2599
1.050724274580471e+00	1.598061490076173e-01	2600
1.045770147118042e+00	1.924423141805270e-01	2601
1.039272034931690e+00	2.251949218150559e-01	2602
1.032917643008763e+00	2.642429956603702e-01	2603
1.016030414866265e+00	2.961533107443709e-01	2604
9.976578538374555e-01	3.284288099939373e-01	2605
9.755371078936279e-01	3.597810160007742e-01	2606
9.496767296196666e-01	3.898796868706176e-01	2607
9.200712381560394e-01	4.188121221938695e-01	2608
8.864437722430437e-01	4.466921140349822e-01	2609
8.489340217028959e-01	4.730375611148850e-01	2610
8.083906632795781e-01	4.969802472833915e-01	2611
7.659912416733522e-01	5.177945720423641e-01	2612
7.203186412083467e-01	5.335777329666691e-01	2613
6.745574680712358e-01	5.492574391117406e-01	2614
-1.082740859014295e-01	1.110165778578467e-01	2615
-2.652392062325774e-02	3.313049523146656e-01	2616
-2.720594084488600e-03	3.600140339822427e-01	2617
-6.184221555094786e-02	2.746736270674342e-01	2618
-7.331443826055295e-02	2.517500277540271e-01	2619
6.154031443976677e-01	5.614271205266548e-01	2620
5.495055915823338e-01	5.673737834349951e-01	2621
4.805147495244631e-01	5.684614952343315e-01	2622
1.049922751063740e+00	9.238216853554991e-02	2623
1.048009358491291e+00	7.792713765089290e-02	2624
1.058485346067725e+00	-8.711124184157694e-02	2625
1.051564909723667e+00	1.095556386849145e-01	2626
5.985409868439385e-01	-5.847521350477277e-01	2627
6.511432424590444e-01	-5.765730167026468e-01	2628
1.300758099461382e-01	-4.963686284558035e-01	2629
1.761339543027799e-01	-5.206185637523990e-01	2630
2.209196690414120e-01	-5.392889286881348e-01	2631
2.632556621222257e-01	-5.536749543573728e-01	2632
3.313054075877106e-01	-5.706984323813554e-01	2633
1.010412431691714e+00	8.696564152639861e-03	2634
-1.086126642034902e-01	-4.568463509203764e-02	2635
1.025256794791424e+00	3.546431956942290e-02	2636
1.017608737701508e+00	2.308384333383656e-02	2637
-2.193289899289949e-03	-4.623183345464998e-01	2638
-9.096278099977401e-02	-2.495860857656697e-02	2639
8.030242145275100e-01	-6.003151728836419e-01	2640
-3.100015891072081e-02	-4.288014682034130e-01	2641
-7.709906119458998e-02	9.213184811615628e-03	2642
1.021836009659673e+00	-4.087620748806965e-01	2643
9.313338652405667e-01	-5.147147173308265e-01	2644
7.513842002448451e-01	-6.230494026152944e-01	2645
3.283086097245131e-02	-4.954745518513888e-01	2646
-1.384638626385134e-01	-1.482397846111611e-01	2647
1.014884883781065e+00	1.652216835517635e-02	2648
5.123209216172202e-01	-6.630650756130385e-01	2649
-1.266978663639311e-01	8.692028672760083e-02	2650
1.024331915084455e+00	-2.625639670324293e-02	2651
1.007824024190247e+00	-5.272901427773060e-03	2652
1.007317856956112e+00	5.804410529838956e-03	2653
1.006976755369121e+00	-4.259516915797516e-03	2654
-8.585275586755237e-02	-7.725730547374811e-03	2655
-2.821917448596614e-03	4.309279159271230e-01	2656
6.397721981284341e-02	4.938106634387892e-01	2657
1.028885803166026e+00	-3.362071926418934e-02	2658
1.015820835697483e+00	-1.472153857013508e-02	2659
1.003509491654399e+00	2.107248788469205e-03	2660
1.013390395077134e+00	-1.130803505645115e-02	2661
-1.279671541684248e-01	-2.375693295382855e-01	2662
-1.377567035340324e-01	-1.249216991217387e-01	2663
-1.282025064092855e-01	1.030130927503029e-01	2664
-1.292239827671715e-01	1.460405941655152e-01	2665
1.003813162778596e+00	-6.220327807557376e-04	2666
1.038633743863499e+00	5.317787085316560e-02	2667
6.954437951505785e-01	-6.416624473772760e-01	2668
1.058760853086757e+00	-3.354347904348274e-01	2669
9.962605259623907e-01	-4.455120018182239e-01	2670
-1.286911598416579e-01	1.215214739538866e-01	2671
1.081432751378300e-01	5.271972056955082e-01	2672
-1.071780665503212e-01	2.531023432644767e-01	2673
1.033807153483004e+00	4.983607808230951e-02	2674
1.053347204869585e+00	-6.368078383603841e-02	2675
5.780716812683984e-01	-6.585890792151932e-01	2676
-1.287593669987641e-01	-6.211752212250596e-02	2677
1.012213497487658e+00	1.223476434530536e-02	2678
4.437535198013292e-01	6.389932681048429e-01	2679
-1.364966139056513e-01	-1.056955727714448e-01	2680
1.601296314517371e-01	5.584573512692698e-01	2681
1.078403330207160e+00	-2.595331926880987e-01	2682
1.017629687138526e+00	-1.708996206885507e-02	2683
1.008992209111512e+00	7.728941883771781e-03	2684
1.008174695265948e+00	6.955259521403155e-03	2685
1.008796577666922e+00	-6.355869160212361e-03	2686
1.009694377932368e+00	-7.059818998972367e-03	2687
2.729053906323138e-02	4.623266977838438e-01	2688
1.068870196851600e+00	-2.985926448918444e-01	2689
-4.824625765043077e-02	3.731509286511540e-01	2690
-2.607010630032261e-02	4.023112821042978e-01	2691
1.063967134536411e+00	9.993321797751846e-02	2692
1.077107502464295e+00	-1.086716150308850e-01	2693
8.930188777856310e-01	-5.456186813885660e-01	2694
1.021493406983496e+00	2.787558209522684e-02	2695
-1.231029577404259e-01	6.124100398629988e-02	2696
8.501965964671949e-01	-5.743446825552543e-01	2697
-6.951706701250306e-02	3.392159210725925e-01	2698
1.003754037712479e+00	8.794431322859075e-04	2699
1.011215968347002e+00	-7.904647568040898e-03	2700
1.004831947329536e+00	3.455371521682403e-03	2701
1.006575325542160e+00	4.732886671802316e-03	2702
1.005108563997982e+00	-3.121804999485412e-03	2703
1.043909142660846e+00	-5.029362260120186e-02	2704
1.038850437957379e+00	-4.740694903591310e-02	2705
3.686614261636371e-01	6.271860016332640e-01	2706
1.067083669578490e+00	1.211442351610352e-01	2707
1.047008430450755e+00	6.729243307281177e-02	2708
-1.041008651126647e-01	4.442594173934092e-02	2709
2.953510596874565e-01	6.093886575130970e-01	2710
-1.153798482171983e-01	2.281635524265891e-01	2711
-1.208530986021253e-01	2.008118346318731e-01	2712
-1.251831144156677e-01	1.754068242677885e-01	2713
1.003665508452122e+00	-1.871442391181113e-03	2714
1.033193501231263e+00	3.838841273146009e-02	2715
1.037091216978546e+00	-3.582958458237993e-02	2716
1.042488233810110e+00	-3.719563076219004e-01	2717
-1.340243526441671e-01	-8.840887646808319e-02	2718
-1.316477403471863e-01	-7.532649862306513e-02	2719
-1.251191306734738e-01	7.419985994362573e-02	2720
2.206536965558669e-01	5.862071159489372e-01	2721
9.659758033379393e-01	-4.811582793451960e-01	2722
-8.818958326403643e-02	2.769516083643471e-02	2723
1.083110505225975e+00	-2.206352755338934e-01	2724
1.080751842822581e+00	-1.320299588147618e-01	2725
1.084064107658625e+00	-1.830264331412099e-01	2726
1.082730161422501e+00	-1.575087451428025e-01	2727
-1.192901086955132e-01	-2.669168082442127e-01	2728
-1.096382245779226e-01	-2.974164191132130e-01	2729
-5.670523331507681e-02	-3.957330422130617e-01	2730
-9.542671279308919e-02	-3.292363057283682e-01	2731
-7.752551680671921e-02	-3.637086416103728e-01	2732
-1.364478062513145e-01	-1.763872157314738e-01	2733
-1.330498173649463e-01	-2.051137767380564e-01	2734
1.069284419190957e+00	1.474431998950836e-01	2735
1.068922932124411e+00	1.798058576290013e-01	2736
1.066356983746013e+00	2.141901283945449e-01	2737
1.063426977580520e+00	2.500114846219680e-01	2738
1.052891425160492e+00	2.959693522728775e-01	2739
1.041532228782559e+00	3.330917959152132e-01	2740
1.022442933218225e+00	3.706147210787494e-01	2741
9.993315732133716e-01	4.077799546948455e-01	2742
9.716417354526010e-01	4.435865314889058e-01	2743
9.392474959427507e-01	4.780358713648107e-01	2744
9.020696664730992e-01	5.109653904444430e-01	2745
8.605960586968796e-01	5.415167546307079e-01	2746
8.159053404773738e-01	5.686825560481603e-01	2747
7.422744463843206e-01	6.004721243273760e-01	2748
-8.649572007333420e-02	3.062313486687334e-01	2749
-9.858355265007412e-02	2.783756844724549e-01	2750
6.588930010361139e-01	6.275803231241813e-01	2751
5.883943421779914e-01	6.379752645762052e-01	2752
5.157095201680092e-01	6.414865592448654e-01	2753
1.072504568033382e+00	-9.159021628964370e-02	2754
1.060431361433517e+00	8.380136323657603e-02	2755
1.067983887845164e+00	-7.802127480712757e-02	2756
4.327938774231946e-01	-6.600157940455572e-01	2757
6.363020119620553e-01	-6.547650782592942e-01	2758
7.521622980525229e-02	-5.289934270567848e-01	2759
1.231129236237506e-01	-5.623143306054315e-01	2760
1.724355941842193e-01	-5.893912516604789e-01	2761
2.202193191673882e-01	-6.079244949299309e-01	2762
2.793696988580723e-01	-6.290910758538327e-01	2763
3.524540939598920e-01	-6.479550959842542e-01	2764
-1.381476928943764e-01	-3.278862014439996e-01	2765
9.550666514274260e-01	-5.833711690928112e-01	2766
-8.608208289926227e-02	1.359488789739643e-02	2767
8.631720214963723e-01	-6.538698801631262e-01	2768
5.504577015708215e-01	-7.438729670450585e-01	2769
1.013222642046215e+00	-8.945164182614080e-03	2770
1.015669544584262e+00	-1.283928862157693e-02	2771
1.052242256525010e+00	-5.418664888109823e-02	2772
1.006297016427351e+00	-3.227025973568851e-03	2773
1.041464655183458e+00	-4.100090146437365e-02	2774
3.934951619964888e-01	7.121686278590761e-01	2775
8.089302713624432e-01	-6.839908864215213e-01	2776
-1.586212736331133e-01	-1.134164527272215e-01	2777
-1.625610520647696e-01	-1.632917412904014e-01	2778
1.011261538623273e+00	-6.021337116437910e-03	2779
9.930738630541692e-01	-5.437899842267582e-01	2780
-7.610608868177736e-02	4.169674814253156e-01	2781
-5.428972862570980e-02	4.488266277822018e-01	2782
1.074695320982007e+00	-4.141749457380896e-01	2783
9.118871398216951e-01	-6.200940900711449e-01	2784
1.037031442641160e+00	4.383997310237099e-02	2785
1.046740753216691e+00	5.778183357853467e-02	2786
-9.097691740544908e-02	5.663719167914242e-03	2787
9.976322813959633e-02	5.998668787692004e-01	2788
1.606877619634169e-01	6.368598949571265e-01	2789
-1.614438510216692e-01	-1.351736066737037e-01	2790
1.021564749422003e+00	-2.237179781499764e-02	2791
4.686808053942852e-01	-7.441860868623362e-01	2792
1.108265748500583e+00	-2.022876176751565e-01	2793
1.108942338847017e+00	-2.433661311062114e-01	2794
1.099086634063543e+00	-3.264787860725782e-01	2795
-1.446480875419149e-01	7.787755726414884e-02	2796
1.058375735289128e+00	7.144125359424296e-02	2797
4.826953741640937e-02	5.603827621945471e-01	2798
-5.750604254552845e-02	-4.787376811349420e-01	2799
1.461566361313407e-02	-5.593463151279207e-01	2800
1.017787462329024e+00	1.904983494958977e-02	2801
-1.251418179961959e-01	-4.870224288957804e-02	2802
1.022562115757770e+00	2.310113634131069e-02	2803
-8.394540460912407e-02	-4.415665024283542e-01	2804
7.489659838679817e-01	-7.096463770115854e-01	2805
1.052945457511243e+00	-4.576169093777888e-01	2806
-2.507661541657710e-02	-5.192412723464328e-01	2807
1.019916616692366e+00	-1.993703030997538e-02	2808
-1.513719793268602e-01	-7.823014540351983e-02	2809
1.008353051105713e+00	-3.971924810826780e-03	2810
1.008850417680105e+00	5.562737831976272e-03	2811
1.004304674222406e+00	1.493254549755694e-04	2812
-1.204512060693644e-01	4.807264074989624e-02	2813
-2.726857176138561e-02	4.843309791605292e-01	2814
1.028435910345948e+00	-2.978822886231776e-02	2815
1.018985682854699e+00	-1.417850807448110e-02	2816
1.004066537719886e+00	1.578797143818731e-03	2817
1.014303874366147e+00	1.395016290755039e-02	2818
1.004402984461135e+00	2.519573779931730e-03	2819
1.087529953116519e+00	-3.700304105917518e-01	2820
1.025993844054049e+00	-5.014195520496409e-01	2821
-1.526412480561001e-01	1.328157022822541e-01	2822
6.836105283251287e-01	-7.294256805484947e-01	2823
-1.502207595490598e-01	1.112251308761223e-01	2824
1.012290395083485e+00	9.902528216542006e-03	2825
-1.553826356261487e-01	-9.376532846176114e-02	2826
-1.478866879569281e-01	9.264608380843144e-02	2827
1.105197503240816e+00	-2.866568439413106e-01	2828
1.010641930336717e+00	6.846251115519969e-03	2829
1.009339479571356e+00	-4.890704319958662e-03	2830
7.023756513299616e-03	5.228281494995298e-01	2831
-9.946885975559625e-02	-1.314561345680196e-02	2832
-1.049960875609450e-01	-3.041080845382423e-02	2833
1.064579448544343e+00	-6.629931893072653e-02	2834
1.025195525478056e+00	3.168278259145352e-02	2835
-9.656287125409826e-02	3.794461135994847e-01	2836
1.007961489289741e+00	4.568604319069362e-03	2837
1.005996691712744e+00	3.657147531571486e-03	2838
1.004181773046488e+00	-1.297855392674417e-03	2839
1.080443130112531e+00	1.086430641460251e-01	2840
3.135545384701344e-01	6.935268900715819e-01	2841
-1.424259961058098e-01	2.504239686267155e-01	2842
-1.481636732824035e-01	2.201298209215107e-01	2843
-1.507933169039971e-01	1.923722820081520e-01	2844
-1.526634529831588e-01	1.635594194701529e-01	2845
1.004597022843557e+00	-2.215465511681765e-03	2846
-1.480731671742301e-01	-6.458526064889915e-02	2847
-1.423532150424118e-01	6.448807702915543e-02	2848
2.356781344853133e-01	6.690188870452023e-01	2849
-1.020494477227251e-01	3.159308448365489e-02	2850
1.095088113156412e+00	-1.177881563802237e-01	2851
1.104727977242348e+00	-1.690547201209029e-01	2852
-1.553439119391231e-01	-2.605450194785048e-01	2853
-1.491356635487907e-01	-2.919129039834835e-01	2854
-1.057615442782448e-01	-4.032366885761277e-01	2855
-1.248058774824207e-01	-3.648030938136241e-01	2856
-1.622863782169724e-01	-1.930394837895635e-01	2857
-1.607281076853473e-01	-2.249041186973690e-01	2858
1.085742823203228e+00	1.332234661135730e-01	2859
1.100616845608904e+00	-1.432650382254097e-01	2860
1.089639410474428e+00	1.643586985257929e-01	2861
1.091571556167594e+00	1.993835449499722e-01	2862
1.092130147282263e+00	2.350482708373577e-01	2863
1.089091465238517e+00	2.809446964938399e-01	2864
1.081402761563212e+00	3.258231825498336e-01	2865
1.067766458456542e+00	3.709632697496150e-01	2866
1.052141711318090e+00	4.160267096997648e-01	2867
1.027816247293472e+00	4.597725608367885e-01	2868
9.981830252095574e-01	5.025606970710234e-01	2869
9.626408880038499e-01	5.436992625674474e-01	2870
9.213599755696945e-01	5.826147618011456e-01	2871
8.751992171082255e-01	6.181211719780043e-01	2872
8.083028288657782e-01	6.559113628401574e-01	2873
-1.149596032496311e-01	3.413842265731502e-01	2874
-1.272088513406468e-01	3.070072070773956e-01	2875
-1.365397691250194e-01	2.768888138636539e-01	2876
7.241264319470866e-01	6.910400664462470e-01	2877
6.347786362722241e-01	7.143894428991926e-01	2878
5.553320036829255e-01	7.218716212822791e-01	2879
4.764134478769292e-01	7.218473351717202e-01	2880
1.088636305459378e+00	-9.635680623762261e-02	2881
1.082297073326103e+00	-8.075956921482169e-02	2882
1.075027228920092e+00	8.926783497313998e-02	2883
6.122193193745075e-01	-7.400155910568262e-01	2884
6.085585016840468e-02	-5.978495487657342e-01	2885
1.131851645978761e-01	-6.358266496824995e-01	2886
1.689219635900607e-01	-6.660356856045639e-01	2887
3.796175678816776e-01	-7.339575493571959e-01	2888
2.231776670614805e-01	-6.891965995588222e-01	2889
2.951877731613163e-01	-7.139519306232398e-01	2890
-8.850699542458251e-02	-5.347274904031302e-01	2891
-1.095950298968753e-01	4.629467437519433e-01	2892
3.332732406535475e-01	7.878963362075125e-01	2893
1.051330263396754e+00	-4.496947087699429e-02	2894
-1.825234421970986e-01	-3.204803267202659e-01	2895
1.005701710158237e+00	-2.239192013563819e-03	2896
1.046684798855816e+00	4.866791988096235e-02	2897
4.239396018825688e-01	8.064218547092991e-01	2898
1.136428196584116e+00	-4.078044414289104e-01	2899
9.100908604922882e-02	6.824860994296071e-01	2900
5.090952358192936e-01	-8.366006755236534e-01	2901
-1.590565205451647e-01	-4.041075278017665e-01	2902
-1.436852086000122e-01	-5.069713339505725e-02	2903
1.014590839369460e+00	1.122225798345496e-02	2904
1.089584203783180e+00	-5.102591295539876e-01	2905
1.011078237696069e+00	-4.126315307583963e-03	2906
1.009776585160007e+00	-3.434094869896770e-03	2907
1.004979433624269e+00	1.783673852670988e-03	2908
1.026189214998853e+00	-2.199048256916348e-02	2909
1.029291181906999e+00	-2.458139149760238e-02	2910
7.424077080569551e-01	-8.072661964630609e-01	2911
5.863243927827994e-01	-8.311317933206264e-01	2912
1.060789722683002e+00	-5.623887884405709e-01	2913
-1.908300482088846e-01	-1.775307770909801e-01	2914
1.007497977092837e+00	-3.054404259082778e-03	2915
-1.301514188039966e-01	4.217777133252828e-01	2916
1.004651454421446e+00	-6.194253828770899e-04	2917
1.026371017527629e+00	2.654722021817883e-02	2918
1.132583659533401e+00	-3.585284913500777e-01	2919
-1.839712957000289e-01	-1.205844085094022e-01	2920
-1.477294686328739e-01	3.802508249108597e-01	2921
-1.887522369961171e-01	-1.473728761525386e-01	2922
1.033804694259575e+00	-3.113078367711634e-02	2923
-9.962635369112410e-02	1.687964424030936e-02	2924
-1.726479663083825e-01	-3.598188662631962e-01	2925
-1.397645807651971e-01	-4.463012721551068e-01	2926
1.136543193332817e+00	-2.222150557147831e-01	2927
1.071470172086176e+00	7.552862774266990e-02	2928
1.062070191396074e+00	-5.791404945497657e-02	2929
8.773303864938444e-01	-7.437029154939425e-01	2930
1.627668068495826e-01	-7.522825038352474e-01	2931
4.125658438053494e-01	-8.294137248568072e-01	2932
9.829117711553550e-01	-6.599869092777634e-01	2933
6.609819146504993e-01	-8.268554016727447e-01	2934
1.013064958383375e+00	-6.884309430322033e-03	2935
1.015665916941907e+00	-1.005717946856887e-02	2936
1.056310193197928e+00	6.230436863157979e-02	2937
1.007199710685841e+00	3.588408920075897e-03	2938
8.136351601543109e-01	-7.786559121063915e-01	2939
1.017751061942000e+00	1.512222913157140e-02	2940
1.009420614020603e+00	4.162253055514343e-03	2941
1.025246110128896e+00	-6.127610940987035e-01	2942
-1.710050784280149e-02	5.903910163312265e-01	2943
1.108364310243807e+00	-4.581048298720186e-01	2944
9.336955338975067e-01	-7.038178867415140e-01	2945
1.040386153183731e+00	3.749023626164179e-02	2946
1.044137409553641e+00	-3.424864575641225e-02	2947
-8.656122569574574e-02	5.011599108137496e-01	2948
1.139280357379551e+00	-2.676550777768135e-01	2949
3.089136129879322e-02	6.360097766353145e-01	2950
-1.168675016891655e-01	-4.911530380055591e-01	2951
-5.175421283175646e-02	-5.829730470050621e-01	2952
1.021192485287139e+00	-1.673736707576890e-02	2953
-1.176967438800770e-01	3.517751053106131e-02	2954
-5.560963202770097e-02	5.438399709934714e-01	2955
1.004587665687153e+00	9.417316132064518e-04	2956
-1.757582391359397e-01	1.188155665412815e-01	2957
-1.715499702842814e-01	9.857072313224050e-02	2958
1.010644481589054e+00	4.961145014814259e-03	2959
-1.790707100578908e-01	-9.948785547945299e-02	2960
-1.714768600857882e-01	-7.337541722781737e-02	2961
-1.388964204535759e-01	5.075528942467780e-02	2962
1.138242834944156e+00	-3.119395217698649e-01	2963
1.012340975282296e+00	7.860509450676312e-03	2964
-1.156943470972075e-01	-1.741868021537153e-02	2965
-1.202106432537824e-01	-3.312176486989973e-02	2966
1.030388943817625e+00	3.349020131779280e-02	2967
1.005494045948321e+00	2.631921920186357e-03	2968
1.005113257619379e+00	-1.430705669333676e-03	2969
-1.794878981704306e-01	2.412613846266182e-01	2970
-1.799783239932403e-01	1.475032209509057e-01	2971
-1.809483204617695e-01	2.088146503181335e-01	2972
-1.806787444745414e-01	1.792785517052608e-01	2973
-1.652405067661131e-01	7.380362918650950e-02	2974
2.489468889191393e-01	7.614551224417413e-01	2975
1.661281933580257e-01	7.267232968029774e-01	2976
-1.063825600926881e-01	1.185357944641609e-03	2977
-1.886036297207712e-01	-2.823266121645114e-01	2978
-1.926969020315869e-01	-2.094487524798775e-01	2979
-1.915063639358549e-01	-2.466539775432889e-01	2980
1.100013952354589e+00	1.176579638859089e-01	2981
1.116110775186817e+00	-1.265098695606165e-01	2982
1.107690089072270e+00	1.467631980319452e-01	2983
1.123601365534581e+00	-1.527531369904363e-01	2984
1.114203654467471e+00	1.811433393402433e-01	2985
1.130684387680231e+00	-1.829404980136904e-01	2986
1.118895515041785e+00	2.174384339150715e-01	2987
1.121881498254890e+00	2.608985959946868e-01	2988
1.120472975334421e+00	3.102586040174307e-01	2989
1.113373013441851e+00	3.609922705991875e-01	2990
1.102691934195848e+00	4.092974879247054e-01	2991
1.083552642522438e+00	4.631753772312203e-01	2992
1.061756675300550e+00	5.162473074965526e-01	2993
1.029755973969056e+00	5.672888637467948e-01	2994
9.906634732110282e-01	6.165221592234204e-01	2995
9.446350551265973e-01	6.625870893740633e-01	2996
8.812423137172815e-01	7.098000769845465e-01	2997
-1.610142490537520e-01	3.381094064641085e-01	2998
-1.700403153356191e-01	3.033812087175941e-01	2999
-1.752229045973576e-01	2.712809523035526e-01	3000
7.985057695467390e-01	7.547926327124400e-01	3001
7.011795371111854e-01	7.909660385433936e-01	3002
6.027909015858560e-01	8.096109061933643e-01	3003
5.151190310701377e-01	8.132970173270186e-01	3004
1.107294299565780e+00	-1.023739601281924e-01	3005
1.077226932362155e+00	-6.822980808356066e-02	3006
1.098605989895759e+00	-8.317178390229275e-02	3007
1.092059884990889e+00	9.522609760571453e-02	3008
-7.977812084097003e-03	-6.307989531101673e-01	3009
4.283186224301766e-02	-6.748597791686832e-01	3010
1.027239307868566e-01	-7.184992626464374e-01	3011
3.157030224086832e-01	-8.094320649369510e-01	3012
2.301791219719536e-01	-7.814574344834360e-01	3013
1.055379658254665e+00	5.259054050984492e-02	3014
1.128864452544060e+00	-5.658731786599402e-01	3015
-2.051820861857375e-01	1.285845487404573e-01	3016
1.008832065033943e+00	-2.671191967981424e-03	3017
1.179671307322775e+00	-3.789707096742839e-01	3018
1.176068454407150e+00	-3.400186503635056e-01	3019
3.582271611008684e-01	8.936039982583007e-01	3020
8.147799565055022e-01	-8.859807438317748e-01	3021
1.005534342050486e+00	1.014534142440209e-03	3022
1.006136741979348e+00	-1.305690273026862e-03	3023
1.032708481476265e+00	2.757426296967292e-02	3024
1.190061954322695e-02	7.220569794820917e-01	3025
8.913692438154693e-01	-8.456222146735488e-01	3026
1.012895092915172e+00	-4.886505918828021e-03	3027
1.018200243692448e+00	-1.146342697058815e-02	3028
2.415934128565329e-01	-8.858595984750569e-01	3029
1.101177650741360e+00	-6.285831375186061e-01	3030
1.044913873532849e+00	4.384378106561838e-02	3031
1.073291734271235e+00	-5.914500923059959e-02	3032
8.500048516064999e-02	7.776593722538342e-01	3033
8.864912564499144e-02	-8.105951875825030e-01	3034
1.023675422999135e+00	-1.905605625614640e-02	3035
1.005181079681674e+00	1.839744294828131e-04	3036
1.027285060461046e+00	2.178061413326492e-02	3037
-2.236933707309863e-01	-1.906584970364854e-01	3038
-1.371621248496950e-01	-3.395948615635241e-02	3039
1.005603373147453e+00	-6.162772186805486e-04	3040
-2.265560703439822e-01	-3.067230357541703e-01	3041
-1.206477123000934e-01	-3.252313565241484e-03	3042
2.621512330516249e-01	8.650845885994011e-01	3043
-1.488986592643604e-01	5.123576406306568e-01	3044
-1.145955079012814e-01	1.756882774848011e-02	3045
1.040141090573185e+00	-3.017258955610201e-02	3046
1.087118456050712e+00	7.925111906438945e-02	3047
4.611111280810702e-01	9.106671257679888e-01	3048
-8.922422909860575e-02	6.105118516920021e-01	3049
-1.241024857953661e-01	-5.978103592844961e-01	3050
-2.134146866360128e-01	1.932641971062099e-01	3051
-2.209400082126731e-01	-3.497585304902467e-01	3052
7.248952164638257e-01	-9.170727528219729e-01	3053
1.585388418864540e-01	-8.506484976935935e-01	3054
-1.544668003624338e-01	-5.448526098873537e-01	3055
4.517217218191981e-01	-9.348730493103546e-01	3056
-2.127950721469688e-01	-3.948772836381060e-01	3057
1.016950764314780e+00	1.284049320256211e-02	3058
1.008555696144553e+00	3.324535119834134e-03	3059
1.022447374445568e+00	-1.342140253388777e-02	3060
9.579609159093946e-01	-7.983377946645211e-01	3061
-2.279494854270802e-01	-2.664607720692921e-01	3062
1.006802877636782e+00	-2.157552752536008e-03	3063
-1.698526645499024e-01	4.669432516371964e-01	3064
1.020914792691322e+00	1.704748971353409e-02	3065
1.030469344603192e+00	-1.998097814443716e-02	3066
1.174974493217517e+00	-2.904836792676028e-01	3067
-1.997482849033247e-01	3.731013857894842e-01	3068
-1.860339580941094e-01	4.205213307944907e-01	3069
-1.642549864403889e-01	-5.156424428742372e-02	3070
-1.973867623559944e-01	-4.456412644286512e-01	3071
1.060259314240825e+00	-4.819392452433913e-02	3072
3.424376473026399e-01	-9.164226013708512e-01	3073
1.014969154463030e+00	-7.457639007405689e-01	3074
5.912559435973881e-01	-9.345400933050270e-01	3075
1.015191956598917e+00	-7.768514825905674e-03	3076
1.067638323069363e+00	6.462827707974697e-02	3077
1.011126629648128e+00	-2.462157172407178e-03	3078
1.062655901662609e+00	-6.889597567618756e-01	3079
-4.448095883221719e-02	6.667369299949711e-01	3080
1.167122689653395e+00	-4.583449051503043e-01	3081
1.151680477807451e+00	-5.028751703842009e-01	3082
1.035638846476471e+00	-2.502916408609906e-02	3083
-1.235638848705484e-01	5.601484662950569e-01	3084
-1.798483530109642e-01	-4.933456955519868e-01	3085
-1.974188842784749e-01	-7.934820961940436e-02	3086
-1.596389771913228e-01	5.235222889700847e-02	3087
1.010849350517963e+00	3.319796595259613e-03	3088
1.012370537132993e+00	5.873899084534315e-03	3089
-1.986240556147838e-01	1.030403573517317e-01	3090
-2.059699991446062e-01	-1.037914733117709e-01	3091
-2.101946801179811e-01	1.620567408811774e-01	3092
-1.353091386273906e-01	3.764203792297944e-02	3093
1.014356744220672e+00	8.927244439268765e-03	3094
-1.330789230464628e-01	-2.097137145034431e-02	3095
1.036816613705759e+00	3.312720546583822e-02	3096
1.006005425033024e+00	1.742982482049110e-03	3097
1.006591521841765e+00	2.642456945637966e-03	3098
-2.130770245204035e-01	-1.284556747668915e-01	3099
-2.189876597341945e-01	-1.596535080253218e-01	3100
-2.156080576590424e-01	2.261878090901843e-01	3101
-1.912535351096829e-01	7.976341816705391e-02	3102
1.717530716795575e-01	8.278467017596041e-01	3103
-2.280110607237799e-01	-2.280537436616822e-01	3104
1.122988321196709e+00	1.276174516969047e-01	3105
1.140035664820112e+00	-1.338027388047674e-01	3106
1.133772718712591e+00	1.601844590019439e-01	3107
1.150566673368421e+00	-1.622196726561499e-01	3108
1.143071813341424e+00	1.964787079158347e-01	3109
1.160816948724503e+00	-1.983592738119982e-01	3110
1.151283340407216e+00	2.378130298234440e-01	3111
1.169808134778703e+00	-2.428445001097820e-01	3112
1.156649761958438e+00	2.874413491728338e-01	3113
1.157241135716284e+00	3.421579761466437e-01	3114
1.152625643186628e+00	3.959169897196611e-01	3115
1.140888430962068e+00	4.542236283897197e-01	3116
1.124656048821186e+00	5.121822425759976e-01	3117
1.097893005556211e+00	5.756514024829048e-01	3118
1.066741724035822e+00	6.382778450728245e-01	3119
1.023736097075559e+00	6.973235804073429e-01	3120
9.641377401411959e-01	7.572667706798125e-01	3121
-2.077714972143432e-01	3.313166721159296e-01	3122
-2.129565255069899e-01	2.935059448196592e-01	3123
-2.149574555374598e-01	2.611511512321983e-01	3124
8.834300071579961e-01	8.156213632960762e-01	3125
7.829484081685656e-01	8.663598065398945e-01	3126
6.697830404313677e-01	9.007984623156297e-01	3127
5.623314333997627e-01	9.135252949483620e-01	3128
1.128989754425285e+00	-1.080567052101999e-01	3129
1.091899926073008e+00	-6.909112672200036e-02	3130
1.117439489326556e+00	-8.615853165819734e-02	3131
1.112101229215616e+00	1.011016618575986e-01	3132
-8.332182150846630e-02	-6.534510062267440e-01	3133
-3.483646002968861e-02	-7.104022620042872e-01	3134
2.299915352840502e-02	-7.619687614187153e-01	3135
1.048403675469130e+00	3.667754585358468e-02	3136
9.836329925197081e-01	-9.057315162803226e-01	3137
1.006611572453327e+00	-3.879111949635629e-04	3138
1.017924510001161e+00	-8.518749737695241e-03	3139
-1.994859454341791e-01	-6.039403206598052e-01	3140
-7.496580029085155e-02	7.535045657477470e-01	3141
1.023888694247821e+00	1.876360625318794e-02	3142
1.199084433838259e+00	-5.554932550859762e-01	3143
1.145259757794886e+00	-6.991275553605838e-01	3144
1.036348440470964e+00	-1.909556392849308e-02	3145
-1.539224226714677e-01	-2.775061459194251e-02	3146
-1.313430302150803e-01	1.580746018972017e-02	3147
-1.273910267730795e-01	6.863031559292090e-01	3148
-6.575446450764814e-03	8.212128553387531e-01	3149
2.790010624750611e-01	9.817054199074038e-01	3150
1.065530734249786e+00	5.654071172451179e-02	3151
3.766766052536124e-01	-1.035607325026515e+00	3152
2.589226004073046e-01	-1.003693743489287e+00	3153
-2.698555019910168e-01	-2.868947868866769e-01	3154
1.014290520883069e+00	6.761578656375712e-03	3155
1.024897391022103e+00	-1.583332016019881e-02	3156
-2.517993490810998e-01	3.610397327159692e-01	3157
8.057297560168070e-01	-1.008247916827900e+00	3158
1.014904081870294e+00	-5.599870765724055e-03	3159
1.021200793390161e+00	2.089537494170794e-02	3160
-1.949924519105151e-01	5.670572783527609e-01	3161
1.046560694462377e+00	-2.783035658115390e-02	3162
-2.693113745817803e-01	-3.329532080622494e-01	3163
-2.615896282052259e-01	-2.041343839195428e-01	3164
1.016985237312626e+00	9.920492008075623e-03	3165
-1.887241846135677e-01	-5.440888709774425e-02	3166
-2.160584232082518e-01	5.153539742274760e-01	3167
1.105247079231292e+00	8.309051140688826e-02	3168
1.213890752427921e+00	-4.995087001085203e-01	3169
1.224242562331966e+00	-4.264727417227704e-01	3170
1.150045071693111e+00	1.372707611972494e-01	3171
-2.509765222597751e-01	2.068122432707033e-01	3172
3.906188492752824e-01	1.011528324581457e+00	3173
1.070641588021869e+00	-5.135974284847088e-02	3174
1.085874436337321e+00	-5.909208990237723e-02	3175
-6.633867136741686e-04	-8.594174691064760e-01	3176
-2.662162271525114e-01	-3.798653019839809e-01	3177
1.178180253186767e+00	-6.248550059884500e-01	3178
5.075109736319789e-01	1.025367361575979e+00	3179
9.029701272025216e-01	-9.618388983847875e-01	3180
1.010161059939938e+00	-1.991883252585335e-03	3181
1.012738846868477e+00	-3.347377014653790e-03	3182
1.053747363435191e+00	-3.555240399337974e-02	3183
1.058475337021901e+00	-3.879904729612633e-02	3184
1.579566448010152e-01	-9.629385839291259e-01	3185
1.020486279423280e+00	1.327579400815352e-02	3186
1.006172626430884e+00	2.243444170372946e-04	3187
-1.550802049482631e-01	3.879242724001288e-02	3188
7.955760056386751e-02	8.857697924634527e-01	3189
-2.441392754497959e-01	-4.883653031155135e-01	3190
-2.320862805435270e-01	4.622224181979381e-01	3191
7.342422138868258e-02	-9.146777090899524e-01	3192
6.711433525955053e-01	-1.039741547372383e+00	3193
-2.252064123115748e-01	-5.459500732417152e-01	3194
1.009936027968070e+00	2.768132993799079e-03	3195
1.043465304030179e+00	3.141075031711260e-02	3196
1.008042224858799e+00	-1.917868533005927e-03	3197
1.007276896273496e+00	-1.102889064424037e-03	3198
1.027875446177821e+00	-1.798878715543035e-02	3199
1.223069513699943e+00	-3.549553732255619e-01	3200
1.216563973890735e+00	-3.141602447777474e-01	3201
-2.433708464052212e-01	4.109275273973930e-01	3202
-2.586540432354673e-01	-4.349328614752805e-01	3203
1.050952973931538e+00	-8.423145891505974e-01	3204
5.199924276786333e-01	-1.048808073915847e+00	3205
1.080650544872765e+00	6.630950024517991e-02	3206
1.105521395106066e+00	-7.734843437291015e-01	3207
-1.657586190642733e-01	6.252949081721225e-01	3208
-2.539072418234368e-01	-1.693530118911704e-01	3209
1.012364150571557e+00	4.337698825650311e-03	3210
-1.839855834075021e-01	5.565518732622832e-02	3211
-2.263235343313768e-01	-8.235064839761981e-02	3212
-2.296314414581626e-01	1.081497857313270e-01	3213
-2.452789129482709e-01	1.736301883486428e-01	3214
-1.413471257313706e-01	-1.367686162835500e-03	3215
1.039271133803540e+00	2.709175928728576e-02	3216
1.042062011196711e+00	-2.392663063681745e-02	3217
1.006556685581895e+00	8.709722372866732e-04	3218
1.007154768736936e+00	1.637111337674857e-03	3219
1.007841264018176e+00	2.510126033792139e-03	3220
-2.366025675027042e-01	-1.076490506190234e-01	3221
-2.457275629185968e-01	-1.376509784599742e-01	3222
-2.381464884273759e-01	1.400727236020599e-01	3223
-2.202169287993402e-01	8.280875824604718e-02	3224
1.769909647811877e-01	9.414325456872197e-01	3225
-2.670252821880849e-01	-2.462630985662805e-01	3226
1.167634295989553e+00	-1.396162135005571e-01	3227
1.163986172346566e+00	1.723908348801790e-01	3228
1.181796601797521e+00	-1.727304687747225e-01	3229
1.177198310302444e+00	2.119045188767962e-01	3230
1.196179206917749e+00	-2.141759593223240e-01	3231
1.188897265074394e+00	2.596831223310934e-01	3232
1.208161317741902e+00	-2.626155162256104e-01	3233
1.197546947502263e+00	3.152680974880572e-01	3234
1.200465166862056e+00	3.738466741973641e-01	3235
1.197231027172166e+00	4.362136456619657e-01	3236
1.187860177472322e+00	4.996717464809070e-01	3237
1.169348224231062e+00	5.695634253423121e-01	3238
1.144562614726129e+00	6.392013244249239e-01	3239
1.106319982585881e+00	7.136684853806686e-01	3240
1.057026606631174e+00	7.919607585709015e-01	3241
-2.545380009580990e-01	2.438898558390464e-01	3242
-2.551434535013012e-01	3.181129956203335e-01	3243
-2.562649007553975e-01	2.795527798526606e-01	3244
9.806974328043728e-01	8.678128571379663e-01	3245
8.798653427849299e-01	9.371042487392416e-01	3246
7.575234476075734e-01	9.912908466525304e-01	3247
6.282529933578771e-01	1.020372468662869e+00	3248
1.153558658084386e+00	-1.126790996505196e-01	3249
1.109119226322204e+00	-6.975215360135985e-02	3250
1.139244782335440e+00	-8.856695254318420e-02	3251
1.135546536878700e+00	1.074097121194016e-01	3252
-1.656379553738595e-01	-6.687483363648872e-01	3253
-1.211450291493730e-01	-7.322902861858263e-01	3254
-6.529849769336830e-02	-7.999617777479199e-01	3255
-3.121644411433740e-01	-2.624203458699717e-01	3256
-2.931031628461666e-01	2.209197439993000e-01	3257
6.010612892078794e-01	-1.171426637108693e+00	3258
1.090224406998256e+00	-9.519014100025278e-01	3259
-1.066602085167133e-01	8.529961212622659e-01	3260
-3.181800438899544e-01	-4.135413978170263e-01	3261
-2.470687802779191e-01	6.291539862040459e-01	3262
4.332846253860063e-01	1.142325638739797e+00	3263
1.054480451504410e+00	4.323318061935089e-02	3264
1.009304452531281e+00	-1.387198477061202e-03	3265
1.012725672320322e+00	-1.459385115273587e-03	3266
1.068045429053928e+00	-4.137578814202512e-02	3267
-2.739659867871280e-02	-9.692086849266227e-01	3268
2.839927887978285e-01	-1.136128844125866e+00	3269
4.346136170667317e-01	-1.167052993910624e+00	3270
1.026054664093965e+00	-1.220081472295256e-02	3271
-2.141950902463162e-01	6.977623626248520e-01	3272
-1.005297854504016e-01	-9.001859192265343e-01	3273
1.019645825669473e+00	1.140252776208937e-02	3274
1.020742130064830e+00	-9.760432820362709e-03	3275
1.844357973609279e-01	1.069336217215060e+00	3276
1.017232613979770e+00	-6.405888421299077e-03	3277
-1.771432554388411e-01	3.841632866222451e-02	3278
-2.152133594957451e-01	-5.654230066635520e-02	3279
-3.039582497950730e-01	3.430604679388315e-01	3280
1.028235127572483e+00	1.735414461719861e-02	3281
-2.586452560975516e-01	-8.329871171843069e-02	3282
1.063907950623071e+00	4.599683798602374e-02	3283
-2.938629042777078e-01	-1.777833274224767e-01	3284
-2.853427047935775e-01	1.832852017799723e-01	3285
3.027571888755621e-01	1.112832667596204e+00	3286
-2.774069305012855e-01	-6.020598067315133e-01	3287
1.181180634178814e+00	1.458511782654370e-01	3288
1.200195069057684e+00	-7.760429826365948e-01	3289
5.718517174424219e-01	1.149345228417882e+00	3290
-3.040130178048939e-01	-2.189712080393389e-01	3291
1.126655111647411e+00	8.667927143980761e-02	3292
1.627324819343093e-01	-1.090950199708324e+00	3293
-2.516933595616090e-01	-6.703784108121021e-01	3294
1.099845532104416e+00	-5.746853097686286e-02	3295
1.008649736690167e+00	-1.028751568251549e+00	3296
-2.532111726712244e-02	9.346216131795576e-01	3297
1.256082716585018e+00	-6.102830844614316e-01	3298
1.034541562004494e+00	2.188772040955854e-02	3299
-1.700329181714432e-01	7.729241801719021e-01	3300
1.077089262312825e+00	5.789976895643219e-02	3301
1.016516514237944e+00	7.772092118556929e-03	3302
1.024050421906983e+00	1.486337123698971e-02	3303
1.031703319320060e+00	-1.566568801181688e-02	3304
1.028577963463385e+00	-1.385296910443949e-02	3305
-3.016614666473872e-01	3.945977184197305e-01	3306
7.656674451375717e-01	-1.147853387906492e+00	3307
1.014663689260605e+00	-3.936232639909203e-03	3308
1.048269360010149e+00	-2.128083572280169e-02	3309
-3.173022404569820e-01	-3.092539689651404e-01	3310
-2.691478474682862e-01	5.666655796749061e-01	3311
1.268835486574605e+00	-5.438848246013236e-01	3312
1.276511427688114e+00	-4.710424893877567e-01	3313
1.082135074293826e+00	-5.182868935661962e-02	3314
-3.192014301074291e-01	-3.585169628050545e-01	3315
1.232275684717091e+00	-6.931231516164711e-01	3316
9.060877227746889e-01	-1.095656027386226e+00	3317
1.012533511448334e+00	2.463617978192119e-03	3318
5.936950139591858e-02	-1.033424102650492e+00	3319
-1.488883391199878e-01	1.812991397155948e-02	3320
7.343793028321813e-02	1.007869306768104e+00	3321
-3.100722456856835e-01	-4.761122121575130e-01	3322
-2.855266100373293e-01	5.068913759780336e-01	3323
-2.976738535509387e-01	-5.362177050266040e-01	3324
1.045766896499631e+00	2.506535906052308e-02	3325
1.050957994838914e+00	2.944806216420047e-02	3326
1.008497769121530e+00	-7.258806715831712e-04	3327
1.274983636544017e+00	-3.895150509252135e-01	3328
-2.953620125288100e-01	4.488124560915062e-01	3329
1.097500287613245e+00	6.726452978195448e-02	3330
1.150062741671393e+00	-8.649552645672532e-01	3331
-1.637212792165895e-01	-6.842310603002374e-03	3332
1.014215941910111e+00	5.094433306396258e-03	3333
-1.829524320931401e-01	-2.414066686680925e-02	3334
-2.102747510758400e-01	5.780834893475256e-02	3335
-2.756992717576451e-01	1.489635267703101e-01	3336
1.042586485730957e+00	-1.746992459635064e-02	3337
1.007580662114215e+00	3.623985306832737e-04	3338
1.008401070085289e+00	1.366381054740051e-03	3339
1.009141879061087e+00	2.093307480969473e-03	3340
-2.827767282124259e-01	-1.441676965832346e-01	3341
-2.714563642973887e-01	-1.126939757902762e-01	3342
-2.649799765565173e-01	1.151148947301196e-01	3343
-2.528174822087990e-01	8.448872550754757e-02	3344
1.199262687119157e+00	1.832677113952949e-01	3345
1.199367176839357e+00	-1.454835818692236e-01	3346
1.218303379299367e+00	-1.830864144259421e-01	3347
1.216796705305704e+00	2.283408882775091e-01	3348
1.264891476367617e+00	-3.271241517032659e-01	3349
1.236713372771936e+00	-2.296652219194651e-01	3350
1.233047743921983e+00	2.821947086564602e-01	3351
1.252754662227909e+00	-2.816013153437231e-01	3352
1.244738180409724e+00	3.432026758988947e-01	3353
1.250803629736376e+00	4.087024374049570e-01	3354
1.250167614961473e+00	4.774669341465730e-01	3355
1.240913007164987e+00	5.522373457060543e-01	3356
1.224102297904194e+00	6.294722209515560e-01	3357
1.194773850455768e+00	7.133673102124412e-01	3358
1.154247182711641e+00	8.001185871901361e-01	3359
-2.992698180930726e-01	2.591222493324325e-01	3360
-3.036168748855048e-01	2.997360468370152e-01	3361
1.089694648103826e+00	9.033870678224496e-01	3362
9.928409470551157e-01	9.965373657537432e-01	3363
8.662349495569460e-01	1.075905716383399e+00	3364
7.190822427163485e-01	1.129339070019918e+00	3365
1.181466703066802e+00	-1.151211458663284e-01	3366
1.128782496002781e+00	-7.042053228618207e-02	3367
1.163967206864251e+00	-9.009997224674343e-02	3368
1.162969776260884e+00	1.130866684490161e-01	3369
-2.132038902157196e-01	-7.470933995949218e-01	3370
-1.640042450571488e-01	-8.218709884420413e-01	3371
5.116425830186816e-01	-1.309866855546409e+00	3372
-1.412523398672871e-01	9.676835286125993e-01	3373
-3.764783002621251e-01	-3.856835776203086e-01	3374
1.058068827964789e+00	3.557121904756912e-02	3375
1.053816358458554e+00	-2.631340801809103e-02	3376
-5.547087759633407e-02	-1.094141916620364e+00	3377
4.866683939841766e-02	-1.169512899218043e+00	3378
1.205718889431404e+00	-9.671834085486404e-01	3379
1.027788804479380e+00	-1.171660456737053e+00	3380
-2.166829683505077e-01	8.739519288010394e-01	3381
1.010435985736316e+00	1.380575667211771e-03	3382
-1.697899536296997e-01	1.963584417407401e-02	3383
1.240030752166042e+00	1.941581976594739e-01	3384
3.368626170108933e-01	1.260166641498164e+00	3385
-2.125451072646398e-01	-9.232472437617052e-01	3386
6.822397875210530e-02	1.146142327349805e+00	3387
1.074671772512810e+00	4.974655408885510e-02	3388
1.117505560739074e+00	-5.478917464720639e-02	3389
7.011975483218100e-01	-1.300206386091787e+00	3390
1.028068284090007e+00	1.294219674582963e-02	3391
-2.698213216005809e-01	7.803361968611425e-01	3392
1.014386057012190e+00	-2.137045336059606e-03	3393
1.037436074395122e+00	-1.358528088669782e-02	3394
1.297496608923086e+00	-7.658185755920239e-01	3395
-3.761802719808596e-01	-4.513249205632498e-01	3396
1.131148569255566e+00	-1.077660250241238e+00	3397
1.016865935138782e+00	-4.476463967041314e-03	3398
-3.307570747938552e-01	6.230801409084807e-01	3399
1.010529512640334e+00	-5.599256557068373e-04	3400
-3.410346517763319e-01	2.322379615653262e-01	3401
1.090019772221845e+00	5.747693546668021e-02	3402
-2.037403074311493e-01	-2.764011846680544e-02	3403
1.016346831846689e+00	5.831109940263426e-03	3404
-2.445182969768516e-01	-5.569165099270638e-02	3405
1.236168610914286e+00	-1.503261087031426e-01	3406
4.941276887436831e-01	1.285673551889410e+00	3407
6.628839319068184e-01	1.279180512421465e+00	3408
1.116866927654754e+00	6.894891951029947e-02	3409
-1.405869950107829e-01	-1.012767099520903e+00	3410
-3.591325312166002e-01	4.282113937685382e-01	3411
-3.523430555894344e-01	-2.312564319371591e-01	3412
-3.050503064281040e-01	6.984740470852447e-01	3413
1.065354558503527e+00	-3.183012892051054e-02	3414
1.012629123058516e+00	5.030832984109539e-04	3415
1.751702306095509e-01	-1.236093665996434e+00	3416
3.292911137158724e-01	-1.285007413049057e+00	3417
1.024664541783536e+00	-8.168425290355703e-03	3418
1.020169185150898e+00	-6.707379317035313e-03	3419
1.972916428306839e-01	1.213800008562125e+00	3420
-3.594965030975608e-01	3.708147873883915e-01	3421
-2.399590436973248e-01	5.707320165062608e-02	3422
1.257720316286452e+00	-8.670285072553653e-01	3423
-3.388863776943782e-01	-1.874674748952737e-01	3424
-3.306232351518058e-01	1.929434378901897e-01	3425
1.151352578297922e+00	8.989992741108840e-02	3426
-3.394079084280316e-01	-6.625080924805633e-01	3427
-4.553203767743912e-02	1.063439768952589e+00	3428
1.320239863719166e+00	-6.733798599398730e-01	3429
1.019396892404236e+00	8.344496149884396e-03	3430
1.032143223056357e+00	-1.127160114576164e-02	3431
1.029314377479157e+00	-9.953854891245600e-03	3432
1.040875797533365e+00	2.081724280721097e-02	3433
1.048669531608720e+00	-1.448470568462553e-02	3434
1.333630774446233e+00	-5.905889409978244e-01	3435
1.338110993668594e+00	-5.142486288998159e-01	3436
1.079028678107845e+00	-4.392735194020589e-02	3437
-3.635525709269464e-01	-2.792721030028838e-01	3438
-3.563113492510192e-01	3.204329591588346e-01	3439
8.825425514679710e-01	-1.251792223722930e+00	3440
1.014117652103621e+00	3.286300170551624e-03	3441
-3.597967815955713e-01	-5.896021125965698e-01	3442
-3.458370109299074e-01	5.550140939700773e-01	3443
-3.706862803895631e-01	-5.183912404442057e-01	3444
1.052696707561076e+00	2.223756195851800e-02	3445
1.333861673651506e+00	-4.289693484740487e-01	3446
-3.556524729483959e-01	4.884247436991843e-01	3447
-1.865530308693294e-01	2.880859090287225e-04	3448
-2.022939471261067e-01	3.786607257609848e-02	3449
-3.181107514166056e-01	1.549244417165265e-01	3450
-2.952720597577440e-01	-8.408847663217707e-02	3451
1.009495731194798e+00	4.197672366982146e-04	3452
-3.246024257375664e-01	-1.480926505311349e-01	3453
-3.046389562115523e-01	1.204343183014946e-01	3454
-3.103775903748007e-01	-1.156855379159711e-01	3455
-2.899575320210728e-01	8.672782110132204e-02	3456
1.217077782088264e+00	1.522937829548405e-01	3457
1.260163974147765e+00	-1.932698401530589e-01	3458
1.263126657476292e+00	2.446584638741327e-01	3459
1.303083483218295e+00	-2.923317965824390e-01	3460
1.283529157578424e+00	-2.434303387951160e-01	3461
1.283718768680586e+00	3.050658701711899e-01	3462
1.320622937959812e+00	-3.497898763161635e-01	3463
1.299834378732845e+00	3.721291560548426e-01	3464
1.309507720783705e+00	4.446550701622917e-01	3465
1.310748165120665e+00	5.240067487825284e-01	3466
1.303889817678653e+00	6.075446069960305e-01	3467
1.285187109467699e+00	6.991669017036309e-01	3468
1.254716657001931e+00	7.956404192466838e-01	3469
-3.501994582302008e-01	2.737198048220565e-01	3470
-3.712455578486447e-01	-3.305885764458614e-01	3471
1.204889501902710e+00	9.054837613816205e-01	3472
1.121896286814332e+00	1.036413720230738e+00	3473
9.963276707718008e-01	1.146372927643238e+00	3474
8.379155940362448e-01	1.232681765965874e+00	3475
1.213241977729446e+00	-1.167006360785785e-01	3476
1.151133515340898e+00	-7.001170658426967e-02	3477
1.191762899070992e+00	-8.915877874705011e-02	3478
1.194443846409607e+00	1.176627692081784e-01	3479
-3.107871725101552e-01	-7.458054785522906e-01	3480
-2.674714917293991e-01	-8.339607263501028e-01	3481
3.967905742050715e-01	-1.449705011349857e+00	3482
1.047067977080542e+00	1.823944002286353e-02	3483
-4.405951850622951e-01	-4.172741534178869e-01	3484
1.025413042757902e+00	-1.341751065818418e+00	3485
-4.257038479788242e-01	4.617236287545165e-01	3486
1.014342656789044e+00	-2.595696494231142e-04	3487
1.137745231770865e+00	-5.295704185680245e-02	3488
2.191926175198493e-01	1.377015023087713e+00	3489
5.828776558479971e-01	1.438754528176904e+00	3490
3.895128197675353e-01	1.424233539871800e+00	3491
1.179816837463279e+00	9.189731947654489e-02	3492
1.062795604375502e+00	-2.209849077338520e-02	3493
-3.729244030261796e-01	7.755071533065049e-01	3494
-3.306875879445028e-01	-9.317617777999215e-01	3495
1.070682023015970e+00	3.770945919899209e-02	3496
6.117154662924067e-01	-1.461903383677124e+00	3497
1.266071025688521e+00	-1.088180242550805e+00	3498
1.024578091267497e+00	1.083236815056853e-02	3499
1.032224567914073e+00	1.497185906222220e-02	3500
1.327087541157871e+00	-9.665141032742115e-01	3501
-3.812802333892511e-01	1.999120590687254e-01	3502
1.139294864405749e+00	6.997339005134059e-02	3503
-4.166031231132538e-01	3.413301475657735e-01	3504
1.023291378653260e+00	-4.672776551812761e-03	3505
1.036520653836246e+00	-8.377688588404307e-03	3506
-3.490683000294937e-01	1.222210405890814e-01	3507
-4.161206726093485e-01	6.057315388878889e-01	3508
1.055198405012031e+00	-1.859577741232977e-02	3509
-3.951804181449539e-01	2.414655652742976e-01	3510
1.104497838746761e+00	5.440094702902747e-02	3511
-2.146031864274041e-01	-1.292072578225542e-03	3512
-3.898697986469180e-01	-1.946193768552981e-01	3513
1.036895788091908e+00	1.648325108826277e-02	3514
-2.318390115288379e-01	-3.057079046123265e-02	3515
1.287458698766369e+00	2.039299143640175e-01	3516
7.884730679155875e-01	1.406740503215866e+00	3517
-4.408690348857336e-01	-5.638590884952878e-01	3518
1.090970289702057e+00	-4.383189402770741e-02	3519
-4.435154036607619e-01	-4.890270602437839e-01	3520
-1.787243516017169e-01	1.099495378009646e+00	3521
-2.781272697987401e-01	-5.266082157841063e-02	3522
1.106444367729286e+00	-4.270289534890605e-02	3523
1.043132382499787e+00	-1.120802542979686e-02	3524
-8.286440609744490e-02	-1.237359226055492e+00	3525
-2.667515935470988e-01	9.901612576473092e-01	3526
-4.234549130829499e-01	5.318407349763274e-01	3527
-1.840439302703692e-01	-1.140041143066621e+00	3528
6.673982524228797e-02	1.303341051876434e+00	3529
-3.319166179140167e-01	8.766297229776810e-01	3530
1.016185168493131e+00	4.075868604736468e-03	3531
1.369224673070683e+00	-8.523121246868945e-01	3532
1.169927141839192e+00	-1.224933273473825e+00	3533
1.016527876157159e+00	-2.735598207628007e-03	3534
-3.998022621433271e-01	6.880034024537346e-01	3535
1.018799515331271e+00	6.589915544607848e-03	3536
1.249654502059455e+00	-1.163043412860594e-01	3537
-2.672697716976357e-01	-1.037876378778722e+00	3538
-4.213797017104750e-01	-2.955894240149144e-01	3539
4.425992412889820e-02	-1.325658220170675e+00	3540
2.046861501503887e-01	-1.401188066312167e+00	3541
1.019392992948956e+00	-5.007419352078392e-03	3542
-4.224060303892580e-01	3.992956428986202e-01	3543
-4.290428622391571e-01	-6.465157936017659e-01	3544
-6.650766505309688e-02	1.209958600472056e+00	3545
1.395784152041323e+00	-7.407848165086074e-01	3546
1.022370185854992e+00	9.631791727886094e-03	3547
1.032378669187212e+00	-7.033381888749088e-03	3548
1.028204994352695e+00	-5.830949915719232e-03	3549
1.407152288913726e+00	-6.447923518113780e-01	3550
1.409966794910591e+00	-5.566211724776697e-01	3551
1.075570397215877e+00	-3.368170753064351e-02	3552
8.299506758657047e-01	-1.427217024700233e+00	3553
1.014259857300863e+00	1.417464639268819e-03	3554
1.059188884664042e+00	2.716638416281038e-02	3555
1.402288989868882e+00	-4.681182442977042e-01	3556
-2.304981155783646e-01	3.749007407317315e-02	3557
-1.937391927756878e-01	2.237136290550755e-02	3558
-3.659305956343759e-01	1.595634509399919e-01	3559
-3.720071244639781e-01	-1.521479957154533e-01	3560
-2.744217427076875e-01	5.491521562118479e-02	3561
-3.538027403558304e-01	-1.150838566121375e-01	3562
-3.315948054223988e-01	8.780407217447650e-02	3563
-3.360960728945633e-01	-8.322443012228832e-02	3564
1.258286992199315e+00	1.577391291957515e-01	3565
1.278393745818738e+00	-1.547002177232443e-01	3566
1.335442074139865e+00	-2.507911128837574e-01	3567
1.308240215805712e+00	-2.011604909180260e-01	3568
1.316317130760662e+00	2.612296351188738e-01	3569
1.361023583680584e+00	-3.057552786488766e-01	3570
1.342609021059467e+00	3.274190318262266e-01	3571
1.384519532790178e+00	-3.795303156093065e-01	3572
1.363651647786476e+00	4.015837649714524e-01	3573
1.376825741578717e+00	4.843717014838727e-01	3574
1.381694940272046e+00	5.730180619108136e-01	3575
1.375212506219521e+00	6.710426065591248e-01	3576
1.357000927055941e+00	7.762377736880848e-01	3577
-4.072139973282747e-01	2.894097058541245e-01	3578
-4.071373303392158e-01	-2.425595918311441e-01	3579
-4.330545919444020e-01	-3.511580214748088e-01	3580
1.321664218121526e+00	8.938644800758853e-01	3581
1.257227238495208e+00	1.032570030512256e+00	3582
1.140170568219931e+00	1.186593892971359e+00	3583
9.857368561647826e-01	1.319675482578743e+00	3584
1.175881122139320e+00	-6.817897928510891e-02	3585
1.223128173415251e+00	-8.669030399032671e-02	3586
1.230370789853728e+00	1.196316355776968e-01	3587
-4.101759031446409e-01	-7.313044938797376e-01	3588
-3.763016424944808e-01	-8.303977196248032e-01	3589
1.042336033225267e+00	1.479652339160706e-02	3590
1.016161999527339e+00	2.496471065956342e-03	3591
7.268023691514928e-02	1.482433618430573e+00	3592
1.085055423068241e+00	4.207191876015787e-02	3593
1.194274820775626e+00	-1.404246761394539e+00	3594
1.026458163933536e+00	-2.124657721672456e-03	3595
4.913309706573455e-01	-1.628352712849370e+00	3596
-4.249901589602826e-01	-1.537476154978596e-01	3597
-3.133391707979581e-01	5.027110032980660e-02	3598
-3.778670872054092e-01	8.510281955064723e-02	3599
1.124219860872926e+00	-3.870137724563410e-02	3600
1.164840211572282e+00	6.995468342816664e-02	3601
7.104852042623585e-01	1.594837225209660e+00	3602
-2.187754736910585e-01	1.250784453709286e+00	3603
-4.947475939256042e-01	4.261464428591424e-01	3604
2.567251863307551e-01	-1.586849977811354e+00	3605
-4.785092459505481e-01	7.592712113014809e-01	3606
-5.210319330426295e-01	-5.275605379784486e-01	3607
1.160295706259789e+00	-4.966442947924697e-02	3608
-3.284355664083011e-01	-1.169344245445833e+00	3609
9.932902134376271e-01	-1.539259913378802e+00	3610
-5.143264941228345e-01	-4.486097420607680e-01	3611
-3.988568585173721e-01	1.214355237762413e-01	3612
1.072100448942549e+00	-2.444570683022340e-02	3613
-4.021128436043770e-01	-1.043559016727659e+00	3614
1.066841406392128e+00	3.237725806588061e-02	3615
-2.631373255836481e-01	-3.012586735883695e-02	3616
-5.030675369526937e-01	-3.751597518232422e-01	3617
1.291352349119661e+00	-1.148299374957007e-01	3618
1.305822078113297e+00	1.609855686797211e-01	3619
1.361371568293384e+00	-2.040638359985554e-01	3620
1.211786818172435e+00	9.217814186608204e-02	3621
1.377833305588121e+00	2.762007431781733e-01	3622
9.527769849475927e-01	1.517656024819484e+00	3623
1.053685874515176e+00	1.501321216307093e-02	3624
-5.012047427846523e-01	4.985658908599405e-01	3625
2.583051502800355e-01	1.561044156099717e+00	3626
4.715537770235195e-01	1.603453465186448e+00	3627
1.327614813892255e+00	-1.233588567572287e+00	3628
1.405567997526035e+00	-1.081854087893737e+00	3629
-4.191333097751239e-01	1.616775875827076e-01	3630
1.094680466370708e+00	4.383994438448510e-02	3631
-4.957942558004834e-01	6.635828875477331e-01	3632
1.061987684090401e+00	-1.368165678538560e-02	3633
1.055349279290985e+00	-1.104950721340192e-02	3634
1.125659905178723e+00	5.269277506132294e-02	3635
-2.451948619023960e-01	4.760184408423969e-03	3636
-4.381018913809464e-01	2.033595414650183e-01	3637
-4.474071126513461e-01	-1.997379159566245e-01	3638
1.035988913933754e+00	1.146424632355683e-02	3639
1.087195677953034e+00	-3.555588006043350e-02	3640
-4.498956157573821e-01	8.647624499500510e-01	3641
-2.620676837757609e-01	3.354088099965120e-02	3642
1.048783807251347e+00	-7.921577983274076e-03	3643
1.041710038287849e+00	-5.297904050811169e-03	3644
-2.309434993686131e-01	-1.286211833156284e+00	3645
-3.202367309665027e-01	1.121859624799681e+00	3646
-5.019557503640598e-01	5.763062533305805e-01	3647
-3.995996069319845e-01	9.898286093629529e-01	3648
1.018544272874247e+00	4.738382602441988e-03	3649
1.452410934156621e+00	-9.477705203443458e-01	3650
1.016346009669065e+00	-1.159633888091021e-03	3651
-4.685132060443263e-01	-2.532331404152069e-01	3652
-4.718914321721573e-01	3.038592663125933e-01	3653
-1.067222412009774e-01	-1.402392544532179e+00	3654
5.402171417979349e-02	-1.505856811462823e+00	3655
1.018950847112816e+00	-3.178300844881419e-03	3656
-5.193090953411651e-01	-6.154669397181781e-01	3657
-4.534672248428573e-01	-9.235742496810544e-01	3658
-8.603919939994507e-02	1.377327394327294e+00	3659
1.481092582920519e+00	-8.198564621501143e-01	3660
1.035741088488395e+00	-3.637780412317178e-03	3661
1.031933723238662e+00	1.038131459187362e-02	3662
1.031304984143575e+00	-2.830604294348803e-03	3663
1.028178112072414e+00	8.879900357465588e-03	3664
1.492766093119898e+00	-7.034088107194079e-01	3665
1.341972714839771e+00	2.134191358624029e-01	3666
1.491787118476500e+00	-6.032182964274736e-01	3667
1.097640670106409e+00	-3.114931850052375e-02	3668
7.454748606815399e-01	-1.617162046058055e+00	3669
1.016269831242238e+00	6.696175167727651e-04	3670
1.060421805223996e+00	1.895515304528351e-02	3671
-2.190992867089183e-01	1.792778064911826e-02	3672
-4.027669031037027e-01	-1.130347339164554e-01	3673
-3.158103842294863e-01	-4.875011244721664e-02	3674
-3.810758972251807e-01	-7.821260883112591e-02	3675
1.326646469764474e+00	-1.562645619193727e-01	3676
1.394775335780508e+00	-2.563099421415023e-01	3677
1.428035583858699e+00	-3.247604707900726e-01	3678
1.410536343558860e+00	3.493274800229784e-01	3679
1.458642479466541e+00	-4.104882428774950e-01	3680
1.436806433820034e+00	4.334987656421722e-01	3681
1.481190522438590e+00	-5.056760897840333e-01	3682
1.455081368073599e+00	5.256751231919384e-01	3683
1.462480818658812e+00	6.287805948794032e-01	3684
1.458554149060413e+00	7.409364689023689e-01	3685
-4.558286103008242e-01	2.510504674638175e-01	3686
-4.871358437019989e-01	-3.094466170103887e-01	3687
-4.859368125820355e-01	3.629565426175455e-01	3688
1.438975944994147e+00	8.664653227892357e-01	3689
1.393410040308175e+00	1.013351915742730e+00	3690
1.300485348275364e+00	1.189310133335692e+00	3691
1.173971669725683e+00	1.386421194009411e+00	3692
1.203751821653076e+00	-6.364116934507190e-02	3693
1.258575932068904e+00	-8.141766762188601e-02	3694
1.271322718596168e+00	1.197636080249788e-01	3695
-5.101352555356463e-01	-7.071350761219646e-01	3696
-4.890350885165803e-01	-8.113155851746598e-01	3697
1.023001002015563e+00	-1.087983921219247e-03	3698
-5.692392328910136e-01	8.396234140583433e-01	3699
1.248354222319754e+00	8.937977263872252e-02	3700
-2.776239131266141e-01	3.539558862055224e-03	3701
-5.452772357321215e-01	3.169129078320366e-01	3702
1.190945807108939e+00	-1.618978441140695e+00	3703
1.144434537896748e+00	-3.426396867825588e-02	3704
8.522635057145185e-02	-1.712527162636610e+00	3705
-4.312176175420288e-01	-7.014663689467325e-02	3706
-1.007269444332501e-01	1.569216466489075e+00	3707
1.067757526082438e+00	2.358360916861103e-02	3708
-2.959369605145746e-01	2.755544238916227e-02	3709
-3.812464963440801e-01	1.272692700158841e+00	3710
1.193791454008641e+00	6.814825466882840e-02	3711
1.421129512261339e+00	-2.023485179505855e-01	3712
6.236282747432215e-01	-1.815601454244529e+00	3713
-5.019924607817766e-01	2.059857221986805e-01	3714
-5.870382262753139e-01	5.358686464609940e-01	3715
-5.855261671253453e-01	7.283277517805647e-01	3716
-6.100930671689928e-01	-6.689535632308733e-01	3717
5.959392191624349e-01	1.791744514112597e+00	3718
3.378490031397231e-01	-1.792206931115280e+00	3719
-6.080036050354749e-01	-5.714489315538108e-01	3720
-5.822544263248869e-01	-3.990242186464916e-01	3721
-5.353789171006464e-01	9.706964128478852e-01	3722
1.018521225077821e+00	-1.623787643418062e-04	3723
1.035104085625576e+00	6.790746165982398e-03	3724
1.034226401859183e+00	7.925104304322994e-04	3725
1.029361371346964e+00	1.008141509241948e-03	3726
1.448010215982890e+00	2.898621618121353e-01	3727
-5.630131647261080e-01	3.836454877133397e-01	3728
1.338721324382788e+00	-1.099574834194084e-01	3729
-4.824233008467773e-01	-1.171872520474739e+00	3730
1.151718458972606e+00	1.605198550996641e+00	3731
8.872501344651543e-01	1.738342696185794e+00	3732
1.109430470262863e+00	4.025004209940285e-02	3733
-5.986347610226068e-01	-4.795226055645893e-01	3734
1.021695286488541e+00	-3.498007142485788e-03	3735
9.375227456017449e-02	1.686957156199190e+00	3736
1.070415849460754e+00	-1.722086593822801e-02	3737
-4.782546499233468e-01	1.591723941028799e-01	3738
-3.551266212894378e-01	4.876970111607964e-02	3739
-3.577741788092104e-01	-4.238376094791260e-02	3740
-2.967901905296167e-01	-2.338093307961536e-02	3741
-2.599258077196320e-01	1.424901790772556e+00	3742
-5.770047974171048e-01	4.545785315652298e-01	3743
-4.844193419858477e-01	-1.520107870116219e-01	3744
1.184975727790326e+00	-4.461628476128045e-02	3745
-5.416326167392835e-01	-1.029551135170565e+00	3746
9.242317243175031e-01	-1.760673424545239e+00	3747
-4.541667409617542e-01	1.179416629269598e-01	3748
1.047941957702511e+00	1.155227432273777e-02	3749
1.112289785611367e+00	-2.913869535726677e-02	3750
1.060716862191636e+00	1.090081483963690e-02	3751
3.265291471458074e-01	1.766165093196726e+00	3752
1.380649027667374e+00	-1.412660878695974e+00	3753
1.490060254780474e+00	-1.221034992608286e+00	3754
1.149320202833739e+00	5.108067506293106e-02	3755
1.061238200409297e+00	-5.731813659261716e-03	3756
1.082861280911974e+00	-2.516998989196633e-02	3757
1.054741292387712e+00	-3.780491473306880e-03	3758
1.041523006899270e+00	8.768586572011221e-03	3759
1.047111054010160e+00	-1.461699986302814e-03	3760
-3.940361205571593e-01	-1.319547596257281e+00	3761
-5.914198434362432e-01	6.257174074255766e-01	3762
-4.746281715453516e-01	1.123256748368247e+00	3763
1.021238422733223e+00	5.307397671936766e-03	3764
1.548165276807053e+00	-1.056297565508803e+00	3765
-5.376935528670922e-01	-2.601469815756421e-01	3766
-2.775787063062840e-01	-1.456133502091247e+00	3767
-1.204057650693051e-01	-1.594232345445587e+00	3768
1.578534391262610e+00	-9.087423081201715e-01	3769
1.039953632141660e+00	7.484265736191109e-05	3770
1.031516005961680e+00	6.064401625842025e-03	3771
1.590568559839294e+00	-7.718339203031500e-01	3772
1.586576633809320e+00	-6.522128538059950e-01	3773
1.018428257042245e+00	1.703782835600323e-03	3774
-4.292568202782472e-01	7.873450567888081e-02	3775
-4.573865014015813e-01	-1.085502425445227e-01	3776
1.380119355263415e+00	-1.536724499393217e-01	3777
1.360433469198000e+00	1.630970188897233e-01	3778
1.463424604783810e+00	-2.649688144706063e-01	3779
1.404745184523483e+00	2.203542099575101e-01	3780
1.505950516571197e+00	-3.449866410757307e-01	3781
1.488370730562456e+00	3.723922865497851e-01	3782
1.543760566495383e+00	-4.403596069954506e-01	3783
1.521399163361883e+00	4.658107588229841e-01	3784
1.570818823222319e+00	-5.451299748745400e-01	3785
1.544377861956180e+00	5.722810914380748e-01	3786
1.556572425763376e+00	6.894878279217753e-01	3787
-5.242541011854447e-01	2.583416490191532e-01	3788
-5.121594292657173e-01	-2.037854408059745e-01	3789
-5.618237563650206e-01	-3.246304798491507e-01	3790
1.554512424446022e+00	8.215876420855698e-01	3791
1.529043582327802e+00	9.765370181608580e-01	3792
1.463866245657495e+00	1.165095586538077e+00	3793
1.362107449751762e+00	1.370624046893572e+00	3794
1.234973691271855e+00	-5.700585347048359e-02	3795
1.298975963884841e+00	-7.433678555451274e-02	3796
1.318075515738787e+00	1.167015939217228e-01	3797
-5.790129970541218e-01	-8.991941092403821e-01	3798
-6.018963172254920e-01	-7.777785077392219e-01	3799
-1.160959644907662e-01	-1.817170182042649e+00	3800
1.175504323011785e+00	4.783377951649003e-02	3801
-2.993638090014580e-01	1.626071382944316e+00	3802
-4.871050529317703e-01	-5.912328373138077e-02	3803
-6.458991097267096e-01	-3.399466536778525e-01	3804
1.131733765092432e+00	3.516150921440078e-02	3805
1.166766902914035e+00	-2.803369649556841e-02	3806
-5.531281722309639e-01	1.274436356646002e+00	3807
-6.851563493915139e-01	5.752743244576717e-01	3808
-6.890254975439816e-01	7.993436110248370e-01	3809
1.025546668066212e+00	1.504051521006289e-03	3810
1.270467257433962e+00	-4.711722662902860e-02	3811
7.778218752554347e-01	1.975539315985202e+00	3812
-4.047688852952876e-01	-3.623751827366400e-02	3813
1.078629700427261e+00	2.965591550052568e-02	3814
1.128954823263919e+00	-2.189581947122026e-02	3815
1.068431158419473e+00	1.481182675006622e-02	3816
4.391134644460082e-01	1.989645269561737e+00	3817
1.052643360307107e+00	3.207087104648579e-03	3818
-6.831263858848967e-01	-9.969720063206178e-01	3819
1.465090504830570e-01	-1.945815164662470e+00	3820
1.045790890798050e+00	4.760967572470765e-03	3821
1.020434755214197e+00	2.521432742994698e-03	3822
-3.972745964022962e-01	3.458019527149205e-03	3823
-3.332117364731252e-01	1.649554421122137e-02	3824
1.529091277587391e+00	3.026205746818128e-01	3825
1.282991279243760e+00	1.542204273550618e+00	3826
1.212407858320938e+00	-3.643367801785888e-02	3827
-7.079393006764513e-01	-6.161761177528664e-01	3828
-6.413350407515003e-01	-1.151463287206484e+00	3829
-6.716008723336400e-01	9.348741407376381e-01	3830
1.489966860311511e+00	-2.011447420944417e-01	3831
-7.051987797956604e-01	-8.577889608672153e-01	3832
1.151405628326262e+00	-1.868980774293068e+00	3833
-1.037001247363358e-01	1.790312367847798e+00	3834
1.099197616731212e+00	3.011706770774409e-02	3835
-4.470657260014070e-01	1.447813126099970e+00	3836
1.226001152371447e+00	6.417447681908096e-02	3837
4.597162421708209e-01	-2.014798959610811e+00	3838
-6.940731919885289e-01	-5.144144044789518e-01	3839
-6.309168773280005e-01	1.095800237308799e+00	3840
1.024713263029828e+00	6.700842854441842e-03	3841
1.027552545586773e+00	4.771257062924202e-03	3842
1.289647526562864e+00	8.408642607785358e-02	3843
1.391424435728631e+00	-1.012278264848380e-01	3844
-7.135623313874592e-01	-7.293636387530371e-01	3845
1.108719895783895e+00	1.853940945131685e+00	3846
-6.697401311722492e-01	4.835477088841889e-01	3847
1.020775688113576e+00	4.650170915420011e-05	3848
1.426065073902095e-01	1.919011672368977e+00	3849
1.069307100201671e+00	-8.541062460735771e-03	3850
-4.010865919688237e-01	3.988093407506027e-02	3851
-3.239898888141198e-01	-9.946649250063529e-03	3852
-6.724220859483000e-01	-4.208954190665688e-01	3853
-6.506910110156996e-01	4.023827468221093e-01	3854
-5.444554609155549e-01	1.541642861704795e-01	3855
-5.512965606656725e-01	-1.481430378484710e-01	3856
8.091697719720840e-01	-1.998966552109180e+00	3857
-5.151391912372008e-01	1.090820955145554e-01	3858
-4.862878248225838e-01	6.903838749417950e-02	3859
1.103093148224969e+00	-1.788534698341133e-02	3860
1.094284256874477e+00	-1.795161633064500e-02	3861
1.054005461648295e+00	7.573554591039589e-03	3862
1.415015390051726e+00	-1.635528085711670e+00	3863
1.572291154251112e+00	-1.395084473986699e+00	3864
1.080172686151166e+00	-1.884643447850863e-02	3865
1.059936329008463e+00	1.899539221863604e-03	3866
-5.700223793966350e-01	-1.321069903353134e+00	3867
-6.926081702410262e-01	6.820384466614527e-01	3868
1.654726312458638e+00	-1.186348463147856e+00	3869
-5.841709250694526e-01	-2.037397070187474e-01	3870
-6.012435062213620e-01	2.629415342945824e-01	3871
-4.618498291735770e-01	-1.491367530267092e+00	3872
-3.182203982753654e-01	-1.655657560664260e+00	3873
1.691045641128455e+00	-1.008638435561147e+00	3874
1.701910654840635e+00	-8.504496729975463e-01	3875
1.695404270869180e+00	-7.082718693196574e-01	3876
-5.181329364146454e-01	-9.969655862307526e-02	3877
1.476147842125617e+00	2.253763286650040e-01	3878
1.543205122558605e+00	-2.735746862732413e-01	3879
1.423018050935090e+00	1.616907654754987e-01	3880
1.439405887487656e+00	-1.450093896013628e-01	3881
1.595530000292763e+00	-3.643871843051744e-01	3882
1.578001568062496e+00	3.945050928347906e-01	3883
1.640374666356671e+00	-4.711014731363498e-01	3884
1.618029163988028e+00	5.019012263945934e-01	3885
1.673996474705646e+00	-5.844657810836617e-01	3886
1.648064000751701e+00	6.220022089921073e-01	3887
-5.733284191492501e-01	2.057123875628779e-01	3888
-6.160039961505412e-01	-2.660899487992369e-01	3889
-6.275861459688524e-01	3.298920052537238e-01	3890
1.665286029176837e+00	7.586015088716785e-01	3891
1.661697108178659e+00	9.202613852503354e-01	3892
1.625248899962947e+00	1.117134126609741e+00	3893
1.549863900157815e+00	1.337860424924149e+00	3894
1.344504118691712e+00	-6.322264891847251e-02	3895
1.371632340608501e+00	1.115133175167938e-01	3896
-5.150582706191373e-01	1.652337002221250e+00	3897
-7.966212905912037e-01	6.201019337568918e-01	3898
1.076911287022919e+00	1.977212984379884e-02	3899
-7.868897798275831e-01	1.048255562911623e+00	3900
1.113736915117452e+00	2.589236520585717e-02	3901
-4.512921958250896e-01	-1.554822451793548e-02	3902
1.286730382547431e+00	-1.804652618109710e+00	3903
1.204613341303861e+00	4.224840011977843e-02	3904
1.296827878874080e+00	1.740580475206714e+00	3905
1.023437582176918e+00	2.097187677591259e-03	3906
1.569690395457802e+00	-1.980036147473848e-01	3907
1.262495206127226e+00	5.645025999805831e-02	3908
-3.453649152483190e-01	-1.890603326478533e+00	3909
1.148673644469270e+00	-1.467727596214972e-02	3910
-7.370185951447666e-01	1.246406035664698e+00	3911
1.059636648606336e+00	-2.151411788434873e+00	3912
2.353064550847655e-01	2.177821749470243e+00	3913
-5.480989940397327e-01	-4.353276241255912e-02	3914
1.819449828167318e+00	-7.736760771118369e-01	3915
-7.203261863008712e-01	3.393110093176769e-01	3916
1.622198437933193e+00	3.133909614913143e-01	3917
-8.219779346816594e-01	-6.651515115823381e-01	3918
1.117926671832913e+00	-1.523503674159815e-02	3919
1.818537162845260e+00	-1.127085097542186e+00	3920
-8.068573922050427e-01	8.822110007669715e-01	3921
-4.524215957876153e-01	2.666618563302395e-02	3922
-6.876104181869924e-01	2.666376597742610e-01	3923
2.495844284672324e-01	-2.204092168597546e+00	3924
1.337130488585092e+00	7.485243454350995e-02	3925
1.507131053222543e+00	-1.345252471623465e-01	3926
-6.181394287184644e-01	1.457702227531524e-01	3927
1.481129116322257e+00	1.524376295507398e+00	3928
1.243072833458268e+00	-2.568823795036403e-02	3929
1.494223465226468e+00	1.576550121486399e-01	3930
-3.312548675686299e-01	1.859934533415682e+00	3931
-8.020760504723532e-01	-5.496038915274748e-01	3932
1.156375153758725e+00	3.059694178870935e-02	3933
-6.433466713175680e-01	1.446907158459993e+00	3934
1.020933676492055e+00	2.133251295359977e+00	3935
6.159056955793506e-01	2.218950398801615e+00	3936
-8.245291158995121e-01	-9.455208457409365e-01	3937
-8.370725676972034e-02	-2.074015735972914e+00	3938
1.190924181143416e+00	-1.982800224412530e-02	3939
-8.017407934275546e-01	-1.109048328819187e+00	3940
1.310366122424715e+00	-3.458567508116524e-02	3941
-8.306395505015209e-01	-7.991713452862422e-01	3942
-8.248187264308426e-02	2.045408382218906e+00	3943
1.089326640976386e+00	1.932822875657535e-02	3944
-7.754334973814058e-01	5.119979009917079e-01	3945
1.067924180413076e+00	-2.459979456833836e-04	3946
-7.748256039706003e-01	-4.445939666672555e-01	3947
-7.510580393906581e-01	4.206652033151460e-01	3948
-7.410324874671924e-01	-3.518738326784772e-01	3949
6.413347670034528e-01	-2.243007383361330e+00	3950
-5.828951951946452e-01	9.609207079229579e-02	3951
-5.479176925375112e-01	5.399013121904583e-02	3952
1.068081964119198e+00	5.770253258281730e-03	3953
1.645372124838744e+00	-1.614758188102394e+00	3954
1.078633162561907e+00	-1.186948767390940e-02	3955
-7.519482198842684e-01	-1.294361119120651e+00	3956
-8.076404384797388e-01	7.431627000361130e-01	3957
1.765465119636575e+00	-1.350695035637188e+00	3958
-6.650760416897306e-01	-2.002024862278884e-01	3959
-6.654750056090015e-01	-1.497228683897127e+00	3960
-5.315264003026788e-01	-1.692614867951928e+00	3961
1.830450941664615e+00	-9.385691309621697e-01	3962
-5.861082204644393e-01	-8.735200610330381e-02	3963
1.635108091938446e+00	-2.808138023864205e-01	3964
1.558327417006533e+00	2.272108226383429e-01	3965
1.449236755082313e+00	-8.570037839159542e-02	3966
1.697495701779368e+00	-3.841050144543762e-01	3967
1.680487526737227e+00	4.187671365073263e-01	3968
1.750946841724757e+00	-4.997759332090580e-01	3969
1.729837730774897e+00	5.390554976269260e-01	3970
1.792445440169054e+00	-6.275514959232702e-01	3971
-6.530869334647328e-01	2.012894694644907e-01	3972
-6.255714948489636e-01	-1.402937228142573e-01	3973
-7.040720245057357e-01	-2.717974703615059e-01	3974
1.767976593368792e+00	6.776170226523159e-01	3975
1.788132627692078e+00	8.436125886003918e-01	3976
1.781281763649317e+00	1.045844038142163e+00	3977
1.736469281691341e+00	1.280298726001321e+00	3978
1.395308024840340e+00	-4.815870015420340e-02	3979
1.432636359132840e+00	1.018355715959718e-01	3980
-7.414398744176952e-01	1.648842096009028e+00	3981
-8.482051803849442e-01	1.418377368719694e+00	3982
-9.151627822435597e-01	1.184275042043696e+00	3983
-3.486845505044406e-01	-2.166134550855748e+00	3984
1.292078037372875e+00	2.019467127151608e+00	3985
1.141199980225628e+00	1.654927810857676e-02	3986
-5.804014661756093e-01	1.892776727580572e+00	3987
1.130967606832718e+00	-6.001581536974531e-03	3988
-5.074650546957105e-01	1.316081498558915e-03	3989
1.957653853648149e+00	-1.278125393412111e+00	3990
1.390856231715366e+00	6.255112414338357e-02	3991
1.217511181980895e+00	-7.974974777838803e-03	3992
-8.627082321459113e-01	4.386675057169673e-01	3993
1.182998245703361e+00	2.395862155105933e-02	3994
1.170380133482425e+00	-5.497099956371486e-03	3995
1.277714348350664e+00	-1.096710299973858e-02	3996
-7.424066022280326e-01	1.947807330468627e-01	3997
-9.252608347997863e-01	-5.857775447195022e-01	3998
3.953159013555003e-01	2.455062123389956e+00	3999
-1.993867006000404e-02	2.336749616922502e+00	4000
1.977485290495897e+00	-1.042305787610149e+00	4001
1.076825793880544e+00	-1.100971726449245e-03	4002
-1.016711333898324e-02	-2.365219035086635e+00	4003
1.527633024109576e+00	-1.832612737915531e+00	4004
-5.941461749929070e-01	-1.932570403254127e+00	4005
9.029813418736286e-01	-2.452277810003479e+00	4006
1.740196934128117e+00	-2.876023751812577e-01	4007
-6.151337442743702e-01	-2.210426135139100e-02	4008
1.661639388296312e+00	-1.923150920598959e-01	4009
1.103043657767285e+00	1.653075838704036e-02	4010
1.108039678449923e+00	-4.067976052815473e-03	4011
1.236601562716526e+00	3.398867942218249e-02	4012
1.079986908952400e+00	9.759004549366629e-03	4013
1.303698832130185e+00	4.560304522639709e-02	4014
1.129806514949965e+00	1.736895122532900e-02	4015
1.962636642272984e+00	-8.467580375479778e-01	4016
-9.515537427725684e-01	-7.217575248320930e-01	4017
1.728789090033797e+00	3.246636644106572e-01	4018
-9.404895759966330e-01	9.810740133562227e-01	4019
-9.225665935019468e-01	6.696268253112347e-01	4020
-8.901899079834378e-01	-4.687288655057378e-01	4021
1.354810757512690e+00	-1.734710883180317e-02	4022
1.514638266916251e+00	-6.652600101503441e-02	4023
-8.489100208167930e-01	-3.631752759038372e-01	4024
-8.249687040771611e-01	3.452164874029575e-01	4025
1.535633535356292e+00	1.759907094339864e+00	4026
1.652636103185580e+00	2.255912458057280e-01	4027
-3.442718069364832e-01	2.133424987096748e+00	4028
-8.956586795222569e-01	5.434344115373327e-01	4029
8.699799907396110e-01	2.432347802898587e+00	4030
-9.638317113345881e-01	-8.755665934355517e-01	4031
-9.610281988821752e-01	-1.045093296478535e+00	4032
-6.156248348571179e-01	3.220689796007399e-02	4033
4.155828861730042e-01	-2.480331558518455e+00	4034
-6.574640514673810e-01	7.941634129578011e-02	4035
-9.350312554211517e-01	-1.240952265776467e+00	4036
-9.393284219370991e-01	8.121665116834665e-01	4037
1.876582804922848e+00	-1.560632436164576e+00	4038
-8.031421216395508e-01	-2.728661081063896e-01	4039
-8.744923819009605e-01	-1.462634382312403e+00	4040
-7.641161046877976e-01	-1.704089013675290e+00	4041
-7.083075142219203e-01	-1.271452415801292e-01	4042
1.575608924112551e+00	1.485314386655023e-01	4043
1.584991629383285e+00	-1.200125675051792e-01	4044
1.687190909590778e+00	1.483365847441342e+00	4045
1.813796884604843e+00	-4.003259536689029e-01	4046
1.798629577690422e+00	4.419554660603213e-01	4047
1.877550742494705e+00	-5.290862758657759e-01	4048
-6.610049541192696e-01	-7.120998998638887e-02	4049
-6.999352852634004e-01	1.319601740727373e-01	4050
-7.564438235889800e-01	-1.951863669611325e-01	4051
-7.844348840439648e-01	2.656598593187876e-01	4052
1.859049677006013e+00	5.794016798079876e-01	4053
1.927655315862618e+00	-6.779688656255217e-01	4054
1.904635384309783e+00	7.466303340668575e-01	4055
1.928420719487641e+00	9.511182391253311e-01	4056
1.917909759656955e+00	1.195194465844720e+00	4057
1.450575405442673e+00	-2.589340094260030e-02	4058
1.502049388802479e+00	8.864991249464042e-02	4059
1.217127226972817e+00	2.355893432561683e+00	4060
1.247093562635100e+00	6.860858343691495e-03	4061
-1.098017075680036e+00	-7.849922544978684e-01	4062
-8.430102976630665e-01	1.888524965955312e+00	4063
6.438278871478855e-01	2.732675369256611e+00	4064
1.378852657924143e+00	-2.033257581167674e+00	4065
-6.334155677635830e-01	2.177734731477700e+00	4066
1.161301356368972e+00	1.039084218949859e-02	4067
1.222651498380984e+00	-2.421585901777128e+00	4068
1.316360541082124e+00	6.851780896736083e-03	4069
1.272454050577353e+00	2.132498417090147e-02	4070
1.211953869502465e+00	1.474866353425987e-02	4071
-6.434817516634691e-01	-2.223414223880509e+00	4072
1.787029826018597e+00	-1.806076045415693e+00	4073
1.452266864411915e+00	4.467995791512379e-02	4074
-1.091059274999445e+00	1.101250984580437e+00	4075
1.350801743950326e+00	2.992923813123264e-02	4076
1.146877415705083e+00	4.354770046314876e-03	4077
-9.895578481766564e-01	4.550840494777110e-01	4078
1.575627045151033e+00	2.044173891939819e+00	4079
-6.896962026339336e-01	4.323906043542644e-03	4080
-8.631947042745246e-01	-1.950198201014506e+00	4081
1.403202879869299e+00	4.555058748143060e-03	4082
1.668706116573587e+00	1.341749269430153e-01	4083
1.851199509856523e+00	3.327533717415578e-01	4084
-9.426674702028648e-01	3.507644129105510e-01	4085
-9.751164443342113e-01	1.614907360468116e+00	4086
-1.055070593506888e+00	1.348838110098216e+00	4087
-1.066643908822929e+00	7.235457759469159e-01	4088
1.760973075238027e+00	2.227195222587814e-01	4089
2.104250488249001e+00	-1.473091642028650e+00	4090
1.674759662766609e+00	-1.013496605099233e-01	4091
1.193672476439639e+00	5.809881548239996e-03	4092
-9.703838798826699e-01	-3.744878067708882e-01	4093
-1.065565228635244e+00	-6.268563931455807e-01	4094
1.081368998999491e-01	2.664913840223547e+00	4095
2.142672921126655e+00	-1.174794999235810e+00	4096
1.087273966948325e+00	-5.043747728931614e-03	4097
-3.161940922620440e-01	-2.488721817628013e+00	4098
1.248776324885120e-01	-2.691232332155820e+00	4099
6.715487915799201e-01	-2.754382188451204e+00	4100
1.117301194518566e+00	1.125089382278027e-02	4101
1.093162372079798e+00	7.157682807104866e-03	4102
2.127291089376872e+00	-9.324015783912225e-01	4103
1.895134085845895e+00	1.411669457304364e+00	4104
1.767294603881794e+00	-1.850334317186630e-01	4105
-9.150333051112929e-01	-2.709517278656248e-01	4106
-3.245228647945525e-01	2.457335430934726e+00	4107
-1.031328615429968e+00	5.791106224155731e-01	4108
-1.021219037885814e+00	-4.911064220622440e-01	4109
-1.089484054879745e+00	8.940654124456340e-01	4110
-1.116674264427144e+00	-9.601597160282558e-01	4111
-1.115766304347720e+00	-1.162147786628516e+00	4112
-7.914755169269633e-01	1.145396833397434e-01	4113
-8.927621753297604e-01	2.593495430029874e-01	4114
-1.084249271330002e+00	-1.397147480271736e+00	4115
-1.010587363379265e+00	-1.666344293830174e+00	4116
1.588991084328817e+00	-4.134316069277776e-02	4117
1.787091701003811e+00	1.720120540825973e+00	4118
1.859884215079075e+00	-2.895975490435370e-01	4119
1.946611594169054e+00	-4.145148190148730e-01	4120
-7.437959961846359e-01	-4.759131059334275e-02	4121
-7.395227591856193e-01	5.535605658484656e-02	4122
-8.014654256827762e-01	-1.105849834655169e-01	4123
-8.582970220254587e-01	-1.850053623999696e-01	4124
-8.420740139694151e-01	1.823057697249612e-01	4125
1.934899371406497e+00	4.655165340988419e-01	4126
2.022183605305211e+00	-5.631334778894210e-01	4127
2.007238061321032e+00	6.302338257465088e-01	4128
2.083615448669805e+00	-7.334917528067763e-01	4129
2.062666820902185e+00	8.333362888953308e-01	4130
2.089232284811784e+00	1.081882547638990e+00	4131
1.512467193057432e+00	1.343121455347703e-03	4132
1.580879574653775e+00	6.884152547641402e-02	4133
-6.650795777376876e-01	2.518975420888483e+00	4134
1.875186381626424e+00	2.010820007129731e+00	4135
2.245140478889329e+00	9.410061460907680e-01	4136
-1.260159863623063e+00	9.944961918223226e-01	4137
-1.257283500274794e+00	1.249651661428031e+00	4138
-1.231311526411375e+00	7.866212640289076e-01	4139
1.996347511418002e+00	-2.871959521145102e-01	4140
-1.224027411546126e+00	-6.742412543202422e-01	4141
-1.107741490171735e+00	-3.817808468916537e-01	4142
-1.265745455073831e+00	-8.530039554618329e-01	4143
3.338726622159179e-01	3.011790735766933e+00	4144
1.885112291240315e+00	2.147556971773422e-01	4145
1.058680859916391e+00	-2.755485885723954e+00	4146
3.567706426252634e-01	-3.035110254779481e+00	4147
1.991974470486221e+00	3.383576609714043e-01	4148
-1.014572810717482e+00	2.507388267529692e-01	4149
-9.399580374366068e-01	2.176283948353317e+00	4150
-1.144733858579105e+00	-1.911482023298172e+00	4151
-1.113174987404332e+00	1.847743679473765e+00	4152
1.655572629322382e+00	-2.056075905792919e+00	4153
-9.536704812309628e-01	-2.242164411831666e+00	4154
1.887503605980682e+00	-1.715381266213379e-01	4155
2.097834981305774e+00	1.306690674528490e+00	4156
2.091907208279566e+00	4.962688563413137e-01	4157
1.050044247869304e+00	2.720715535249221e+00	4158
1.533512504112152e+00	-2.316113354111132e+00	4159
1.414219611043853e+00	2.273365622936238e+00	4160
-1.041653141551580e+00	-2.677000581111704e-01	4161
-1.212229128810253e+00	1.538748954779989e+00	4162
2.049321440683046e+00	-1.737492500521233e+00	4163
-1.075381316999977e+00	3.523703577870950e-01	4164
-1.170362987713784e+00	-5.151356128422188e-01	4165
-1.186157443472966e+00	6.162354121466008e-01	4166
2.322879957279560e+00	-1.349589518351093e+00	4167
-6.570748449133518e-01	-2.566845480577197e+00	4168
-2.239192317182016e-01	-2.857711834083354e+00	4169
2.315468924187004e+00	-1.041971708605330e+00	4170
1.776115700957028e+00	1.164033591281543e-01	4171
1.778376419327995e+00	-7.976336633264383e-02	4172
-2.396280712121242e-01	2.828393098083985e+00	4173
-1.133732331510285e+00	4.740536430793837e-01	4174
-1.290964373629583e+00	-1.058892391406692e+00	4175
-8.326595764312127e-01	-1.381021676611123e-03	4176
-1.290462323318224e+00	-1.301673701775580e+00	4177
-1.251957499760608e+00	-1.583538835795593e+00	4178
1.664181095220512e+00	1.674703808912663e-02	4179
-9.726175734762427e-01	-1.692054349961757e-01	4180
-9.530182935221340e-01	1.630828572351000e-01	4181
-9.043592772916940e-01	-8.890545848333481e-02	4182
-8.921355668184676e-01	9.053389951275403e-02	4183
2.098473016934384e+00	-4.306692880946134e-01	4184
2.036506743764088e+00	1.636344480480987e+00	4185
2.188722326239636e+00	-5.991683235502071e-01	4186
2.179703018116206e+00	6.937346915495444e-01	4187
2.263439425630403e+00	-7.980723546552996e-01	4188
1.728363295148610e+00	2.292843529343516e+00	4189
-1.183665474417229e+00	-2.592953063482173e-01	4190
-1.457429071066026e+00	-9.310058015331302e-01	4191
6.758746830943338e-02	3.034476173900206e+00	4192
2.277033822827351e+00	1.512257073125693e+00	4193
-1.027257834341958e+00	2.524214888481257e+00	4194
-1.102009590316748e+00	-1.497646268568282e-01	4195
2.027324466525816e+00	2.015119994844647e-01	4196
7.993940567207909e-01	-3.109773619875500e+00	4197
1.829031780958345e+00	-2.293716182295834e+00	4198
-1.450744531033499e+00	1.121941074986756e+00	4199
9.237851061193392e-02	-3.059957598399292e+00	4200
1.432993662578057e+00	-2.671798561597213e+00	4201
2.023808022750816e+00	-1.521327077736949e-01	4202
-6.389781111030420e-01	2.925796248786660e+00	4203
7.816095551798159e-01	3.085269088242011e+00	4204
2.470975556306501e+00	-8.811242386468096e-01	4205
-1.226000014459734e+00	3.532660354494012e-01	4206
-1.151417724367700e+00	2.362087562762707e-01	4207
2.154730064790906e+00	3.475198818316219e-01	4208
2.288202187600081e+00	1.168214355356998e+00	4209
-1.444883530586567e+00	1.424447481952016e+00	4210
-1.363131640021433e+00	6.586834703276276e-01	4211
2.152600387481875e+00	-2.839384343006844e-01	4212
-1.404957539692318e+00	-7.235349790138104e-01	4213
-1.419491591934463e+00	8.644363141237664e-01	4214
-1.076683746905873e+00	1.400560903985653e-01	4215
-1.264155165653906e+00	2.134064894991811e+00	4216
1.952254863420035e+00	-2.020427691912427e+00	4217
-1.280873253782096e+00	-2.205283985348175e+00	4218
1.871872481824014e+00	1.727194671395873e-02	4219
1.895667741799087e+00	-5.019266891506904e-02	4220
2.380875271901228e+00	-6.403021495841331e-01	4221
-1.386561210422474e+00	1.762315623600143e+00	4222
-1.340027101016481e+00	-5.439422816783562e-01	4223
2.307574221829135e+00	-1.628043382681893e+00	4224
-1.022400206565663e+00	-2.595907313349218e+00	4225
-6.198577469216485e-01	-2.969656353072961e+00	4226
2.526195541726296e+00	-1.190724303984900e+00	4227
1.899233006358578e+00	9.210577476823635e-02	4228
-1.296939459496374e+00	4.928824119175482e-01	4229
-1.263707209110926e+00	-3.874756407857683e-01	4230
-1.436111597093864e+00	-1.820302809766644e+00	4231
-1.489081469093464e+00	-1.177272916378001e+00	4232
-1.487989914810818e+00	-1.468231974222715e+00	4233
-1.019118120382952e+00	-5.845907208084952e-02	4234
-1.003608825348057e+00	5.742814446070445e-02	4235
-9.440765106620521e-01	3.693788728855721e-03	4236
2.272943037440128e+00	-4.454779709596784e-01	4237
2.275129488025169e+00	5.345676301826485e-01	4238
2.380253266444356e+00	7.743992338303177e-01	4239
1.698474141891548e+00	-2.584596112360167e+00	4240
2.037062374832831e+00	2.276322038581235e+00	4241
4.977888044472576e-01	3.400153900516521e+00	4242
-1.344216784387108e+00	-2.455972398088402e-01	4243
-1.616097753020279e+00	-2.111566782213858e+00	4244
5.137460278546327e-01	-3.423435653825873e+00	4245
1.188145598078806e+00	3.105680304071403e+00	4246
-1.667168834136502e+00	1.274774579548760e+00	4247
-2.893884788014459e-01	-3.239723155879141e+00	4248
2.707952258127944e+00	-9.985121272189904e-01	4249
-1.676297615047600e+00	-1.024673088897044e+00	4250
1.260088071542693e+00	-3.079629409013085e+00	4251
1.555315504499662e+00	2.557229437616764e+00	4252
2.554098222597553e+00	-1.476512735373059e+00	4253
-1.565936649024598e+00	7.115250464792309e-01	4254
-1.531983997113185e+00	-5.733052741680751e-01	4255
2.220439927295563e+00	1.850284068169420e+00	4256
-1.633347223697569e+00	9.666286396685916e-01	4257
-3.188603891012161e-01	3.207891985530638e+00	4258
2.135780464420626e+00	-2.266457013973524e+00	4259
-1.655271421359512e+00	1.631878934587462e+00	4260
-1.402162950413502e+00	2.481142773063087e+00	4261
-8.433898516245275e-01	2.827330210929906e+00	4262
2.251696269061831e+00	-1.933266185948320e+00	4263
-1.441601600564736e+00	-3.948786430481170e-01	4264
-1.483319969809957e+00	5.125530094045142e-01	4265
-1.306310329948502e+00	2.178586956568002e-01	4266
-1.246249379541685e+00	-1.248307607109538e-01	4267
2.474154036450150e+00	-4.611553992331551e-01	4268
2.344729676912882e+00	3.591716588493407e-01	4269
2.602281531056571e+00	-6.945763504450047e-01	4270
2.501776748873388e+00	1.348814222783594e+00	4271
2.192388351101364e+00	1.878701047310240e-01	4272
2.180810151916165e+00	-1.275193151037914e-01	4273
-1.611686702842555e+00	-7.785996216004472e-01	4274
-1.214815362375845e+00	1.078276551907340e-01	4275
-1.137832434697694e+00	-2.873842789168843e-03	4276
2.034438403692191e+00	2.329928976282900e-02	4277
-1.580841235603168e+00	2.029364328422580e+00	4278
-1.407082234860200e+00	-2.563381141826275e+00	4279
-1.049976432040165e+00	-3.020996221058447e+00	4280
-1.396095368615157e+00	3.526763234040694e-01	4281
-1.707626037289434e+00	-1.675883833825161e+00	4282
-1.714250961090060e+00	-1.319763653519463e+00	4283
2.331690691917562e+00	-2.759347803433346e-01	4284
2.489322477414003e+00	5.850988575715466e-01	4285
2.459335453387796e+00	9.975779069624836e-01	4286
9.933025491695228e-01	-3.488084706864372e+00	4287
1.891233240328557e+00	2.578022287411747e+00	4288
2.039102220092738e-02	3.450530330685909e+00	4289
-1.891461429132163e+00	1.878614978156656e+00	4290
1.659957946599500e+00	-2.925767994360210e+00	4291
-1.875162301671561e+00	1.093108423194014e+00	4292
-1.848253810279839e+00	-8.446286681258038e-01	4293
2.018028206077250e+00	-2.563397296278316e+00	4294
-7.368854755366991e-01	-3.363589102187047e+00	4295
5.932482530500949e-02	-3.475563946045452e+00	4296
-1.371106660622040e+00	6.888273887416617e-02	4297
2.381122581564343e+00	2.173799769361356e+00	4298
2.538083337246639e+00	-2.644246872102327e-01	4299
2.511186405542801e+00	1.672973157152033e+00	4300
-1.942466800457417e+00	-1.947515294397448e+00	4301
-1.505205930143299e+00	-3.000734132711660e+00	4302
-1.589467008850658e+00	3.485865634745147e-01	4303
2.384980353248253e+00	1.721244653050627e-01	4304
2.781042419596584e+00	-1.284065339700854e+00	4305
-1.911986081170348e+00	1.458620423515422e+00	4306
9.407820045766384e-01	3.478388807262180e+00	4307
2.360527189028815e+00	-9.531714530275041e-02	4308
-1.926178240492877e+00	-1.138742966827170e+00	4309
1.411711581601835e+00	2.806377546088717e+00	4310
-1.233376892917499e+00	2.831114306536677e+00	4311
2.458091490678171e+00	-2.191183149215929e+00	4312
2.544830575914349e+00	-1.797204786121673e+00	4313
-1.697241552012012e+00	5.379324523571839e-01	4314
-1.642805486028349e+00	-4.021666761381683e-01	4315
-1.480489575392918e+00	1.968980614408867e-01	4316
-1.527304235371144e+00	-2.298580743636896e-01	4317
-1.408809501741549e+00	-9.065167917835988e-02	4318
2.860658476653061e+00	-7.750008983328878e-01	4319
2.567459140862349e+00	3.773861966598641e-01	4320
2.706452116633272e+00	-4.854433000883979e-01	4321
-1.750916837258855e+00	-6.033584440569282e-01	4322
-1.798731266131331e+00	7.837689832996927e-01	4323
-1.780779152545056e+00	2.365953515496154e+00	4324
-1.800600305920711e+00	-2.465306916995052e+00	4325
-1.968576693285162e+00	-1.498228902748565e+00	4326
-1.285622361493751e+00	-2.614386428628281e-02	4327
2.604575856194096e+00	7.974952886188810e-01	4328
2.703393902936564e+00	1.147587129693719e+00	4329
6.945704095181046e-01	-3.854050962598258e+00	4330
3.310570897129810e-01	-3.844567775283788e+00	4331
-3.738722709215692e-01	3.640624993966580e+00	4332
1.510002906082613e+00	-3.404854266618841e+00	4333
2.979458430130116e+00	-5.258766279873844e-01	4334
-2.149894777552140e+00	2.189709779087208e+00	4335
2.983306564875753e-01	3.821075766901413e+00	4336
6.478868397887142e-01	3.835614037657328e+00	4337
-1.657133076424076e+00	2.771000608544739e+00	4338
-1.972861073794806e+00	-2.902752154112917e+00	4339
-1.569679760357689e+00	-1.271490339142929e-02	4340
-2.188574583016536e+00	1.679161942098935e+00	4341
2.265987755831403e+00	2.535745908567296e+00	4342
-7.164806358942376e-01	3.332847761051984e+00	4343
2.361382213710351e+00	-2.525730692438222e+00	4344
-1.232925528053740e+00	-3.413833133574578e+00	4345
1.705155560335863e+00	2.877999344153183e+00	4346
-1.036413398086752e+00	3.174939613033771e+00	4347
-3.705494519199363e-01	-3.671376102158184e+00	4348
2.980960249831699e+00	-1.052561425896529e+00	4349
-1.944231695536741e+00	5.768709303296448e-01	4350
-2.063309282502732e+00	8.793246858292136e-01	4351
-1.734018216115413e+00	-2.129542567694448e-01	4352
2.610483550180065e+00	1.569806598154006e-01	4353
1.384591106795560e+00	3.506046876882164e+00	4354
-2.150997891401619e+00	1.246610890856136e+00	4355
-2.260620617972565e+00	-1.735255809034594e+00	4356
2.567813699458606e+00	-5.530582278444750e-02	4357
-2.119262592031518e+00	-9.264369294101379e-01	4358
-2.189263642701730e+00	-2.287641393544274e+00	4359
2.260931953474421e+00	3.171383168973746e-02	4360
1.569664026029053e+00	3.159530279448054e+00	4361
2.785476195990262e+00	-2.056255221490877e+00	4362
2.822482192895610e+00	-1.612063850165959e+00	4363
-1.811124376981088e+00	3.450424432154370e-01	4364
-1.677514056600547e+00	1.675638223589291e-01	4365
2.717610897642279e+00	5.720636992341402e-01	4366
2.767209457045299e+00	1.462085000874552e+00	4367
2.777285646612730e+00	-2.568595882191259e-01	4368
-1.871437048878210e+00	-4.057810785996308e-01	4369
-2.001607856373539e+00	-6.390625166956553e-01	4370
-2.211057307798286e+00	-1.283122831486221e+00	4371
2.720197066253950e+00	1.996135003432871e+00	4372
2.874332926486539e+00	9.115866241326133e-01	4373
-1.474898651356330e+00	3.170541194961292e+00	4374
1.243899357626041e+00	-3.892364270351239e+00	4375
1.930564854244718e+00	-3.267483995045705e+00	4376
1.953246154224506e+00	3.172067793093413e+00	4377
-8.796243321773825e-01	-3.807732706319777e+00	4378
2.096376568787597e+00	2.891239562917869e+00	4379
3.144995420182847e+00	-7.863333173300919e-01	4380
-1.403987196742601e-01	-3.900387473889654e+00	4381
1.813993196441694e+00	3.514019143698827e+00	4382
4.530164035144763e-01	4.272012724953935e+00	4383
2.727345194107609e+00	-2.431934185425717e+00	4384
-2.289493673625529e+00	-6.851411396147671e-01	4385
-2.438697350552527e+00	-2.714485404802762e+00	4386
-1.759144595156054e+00	-3.378107345224445e+00	4387
2.433967753056552e+00	6.363516331098279e-02	4388
-1.968777849739980e+00	-1.879243839752263e-01	4389
2.793504665906000e+00	-1.560595805061734e-03	4390
2.147042731645445e+00	-2.924576912960571e+00	4391
1.127787367263319e+00	3.916061368255018e+00	4392
-2.464848939889446e+00	1.433475922334529e+00	4393
-2.562222544170571e+00	-2.049369116176525e+00	4394
3.058721687098381e+00	-2.559779630445857e-01	4395
3.005031969166052e+00	6.465160782603030e-01	4396
4.986339868510814e-01	-4.294087636355998e+00	4397
-2.086236037610101e+00	2.628077384555657e+00	4398
-2.142353487982031e-04	3.913515338664689e+00	4399
-2.497556517943689e+00	1.955318258311139e+00	4400
-8.172388599499059e-01	3.786505956275106e+00	4401
-1.050967417020425e+00	3.601500576278945e+00	4402
-2.366434121291296e+00	9.974205108344197e-01	4403
2.792662524525230e+00	3.268854312258589e-01	4404
-2.535926448997294e+00	-1.471420362138522e+00	4405
3.104141916931031e+00	-1.858780720856420e+00	4406
3.075399037593125e+00	-1.379217910760795e+00	4407
-1.903119214230586e+00	1.339143448703540e-01	4408
-1.780922443988807e+00	-2.034568050790895e-02	4409
2.659383850630616e+00	2.404562126311564e+00	4410
2.813221708339272e+00	1.775874615205866e+00	4411
-2.067573559776680e+00	3.485809137135359e-01	4412
-2.132734310014901e+00	-4.093711989574219e-01	4413
-2.227292407077768e+00	6.365802935391750e-01	4414
-2.430131901778322e+00	-1.032386688501863e+00	4415
2.989373464455552e+00	1.214261829895155e+00	4416
-1.450030088199898e+00	-3.855942436466496e+00	4417
1.601101728455391e+00	3.928756995078843e+00	4418
-2.621155231791989e+00	-7.486688803156049e-01	4419
6.697459906355235e-02	-4.271814904836665e+00	4420
-2.365463388070378e+00	3.677138494505470e-01	4421
-1.561719765121945e+00	3.674678092764988e+00	4422
3.099646499008824e+00	-2.266481920276779e+00	4423
-2.163746054559709e+00	1.003206998890931e-01	4424
-1.958507702987031e+00	3.093618020368669e+00	4425
1.020124212660865e+00	-4.256281589188530e+00	4426
-2.886817990580084e+00	-2.447374863083762e+00	4427
2.353515076116298e+00	3.200449863090318e+00	4428
-2.502267123858286e+00	2.412560218026490e+00	4429
-5.653028415450707e-01	-4.090313733346325e+00	4430
1.791521637946971e+00	-3.777206791732178e+00	4431
-4.532233339172091e-01	4.125822923611329e+00	4432
-2.820052627494336e+00	1.668839233641274e+00	4433
-2.300585204637321e+00	-3.246605868358173e+00	4434
3.011839731322614e+00	2.249456239366684e+00	4435
-2.236002749740692e+00	-1.573955044341234e-01	4436
-2.898297058718689e+00	-1.739381882254445e+00	4437
3.267227979285872e+00	-4.915411975278628e-01	4438
3.078260324168826e+00	1.550528607785065e+00	4439
2.531170402883340e+00	2.826936110806052e+00	4440
2.249311378211275e+00	3.493051586305933e+00	4441
8.897369890326077e-01	4.281696969780878e+00	4442
2.357415826533085e+00	-3.295368032709920e+00	4443
2.592874447208857e+00	-2.850755368010807e+00	4444
-2.552942910987421e+00	7.142244552645538e-01	4445
3.171220222912971e+00	9.302072054389505e-01	4446
-2.784949464590045e+00	-1.174440923761096e+00	4447
3.047565009716099e+00	9.739800543566472e-02	4448
3.093208634823239e+00	3.588689971006301e-01	4449
-2.713289225496909e+00	1.144101148559662e+00	4450
3.400048461412405e+00	-1.600071111910132e+00	4451
3.294236981197108e+00	-1.101643112114319e+00	4452
-2.432986878720546e+00	-4.171436337065559e-01	4453
-4.908257106101731e-02	4.450602626559055e+00	4454
-2.057988741184422e+00	-3.800167158643403e+00	4455
2.112711611838180e+00	-3.685431913853248e+00	4456
-2.832300891941365e+00	-3.015002383954224e+00	4457
-2.441001532530109e+00	2.914350751456991e+00	4458
6.586316027080934e-01	4.774151122945849e+00	4459
-1.077765150182395e+00	-4.287796612207624e+00	4460
-3.191158771668373e+00	-1.381356714017999e+00	4461
3.145682054491363e+00	1.895757317970355e+00	4462
1.570234761859965e+00	-4.296686526684272e+00	4463
1.377990179375498e+00	4.372614187758280e+00	4464
-3.854587399807180e-01	-4.641782961330850e+00	4465
3.459760310855180e+00	-2.026678273324697e+00	4466
2.549667341379988e-01	-4.775048824599527e+00	4467
3.305297428736619e+00	6.155535704002367e-01	4468
3.317014131493473e+00	1.265998888886825e+00	4469
-2.779827844189240e+00	-4.351546408758833e-01	4470
-9.498172977190839e-01	4.290343692288085e+00	4471
-2.123678384421591e+00	3.627133444913708e+00	4472
7.922701142986001e-01	-4.769568197714456e+00	4473
-2.983691209126407e+00	-2.175326685573975e+00	4474
2.070835419532006e+00	3.923392921238116e+00	4475
-2.890843052941217e+00	2.131340404933026e+00	4476
-2.455437731301417e+00	5.676576137754813e-02	4477
2.958135057708830e+00	2.684364880233920e+00	4478
2.793675370388489e+00	3.181892306647344e+00	4479
2.690962705890094e+00	3.486312613117000e+00	4480
2.824770386277628e+00	-3.257040234658932e+00	4481
3.030467699926698e+00	-2.714943328200212e+00	4482
-3.109456505166915e+00	1.331972528033782e+00	4483
3.329139175428423e+00	-1.384345252631527e-01	4484
3.319271227335082e+00	1.829514278270756e-01	4485
-3.003735936999277e+00	-8.411299846614131e-01	4486
-2.927394374086138e+00	8.146945676856411e-01	4487
3.659710330240500e+00	-1.284217084403967e+00	4488
3.468961468491548e+00	-7.850432975432334e-01	4489
-2.543637333285707e+00	-1.244356453659056e-01	4490
-2.706997509996325e+00	4.025028771884043e-01	4491
-3.338025077206546e+00	-1.842914582462002e+00	4492
1.876304114387328e+00	4.378154984221475e+00	4493
-2.679744421556378e+00	-3.630948220342848e+00	4494
-2.698474714328395e+00	3.451139898245946e+00	4495
1.039640545262910e+00	4.827543239650932e+00	4496
-1.715000345828134e+00	-4.345619977594078e+00	4497
3.433428059351344e+00	1.635655996063388e+00	4498
-5.547386906119782e-01	4.672226377901727e+00	4499
-3.245704832978346e+00	1.792316483520181e+00	4500
2.608491860573806e+00	-3.708299807020529e+00	4501
1.316521580313288e+00	-4.747617779769022e+00	4502
-1.243927836963292e+00	4.075157277603956e+00	4503
-1.882786782302584e+00	4.116516280072160e+00	4504
-3.101412753923807e+00	4.510674014403597e-01	4505
2.524718853635619e+00	3.906014385374367e+00	4506
3.597070591590305e+00	4.058590958259821e-01	4507
3.590221360194885e+00	-4.203709615884850e-01	4508
-2.907415405339024e+00	2.653826160634833e+00	4509
3.509457935444212e+00	9.320137915372250e-01	4510
-9.720180443811103e-01	-4.922134945309778e+00	4511
3.790240283716002e+00	-1.715151395756028e+00	4512
-1.790292744362182e-01	-5.236862678238385e+00	4513
8.151578554611261e-02	5.095079769980806e+00	4514
5.263345418146689e-01	-5.321152651195595e+00	4515
3.406095979992107e+00	2.196227859998825e+00	4516
3.354028389658997e+00	2.513459788932074e+00	4517
3.260919612987226e+00	3.061269805303374e+00	4518
3.156141373583562e+00	3.474395423070472e+00	4519
3.312645351667972e+00	-3.131042567480284e+00	4520
3.460702093833553e+00	-2.503159658010720e+00	4521
-3.444007846101924e+00	-9.855603992785161e-01	4522
-3.358135229061583e+00	9.484472641336986e-01	4523
-3.182281609071682e+00	-4.730453720859377e-01	4524
3.869817310327513e+00	-9.176208413123365e-01	4525
3.605557633764318e+00	2.798167874055517e-02	4526
-2.899640234403301e+00	-9.488247398576964e-02	4527
-1.392399252686252e+00	4.582763775043876e+00	4528
-3.648551328507544e+00	-5.523169472148265e-01	4529
-3.305768451549752e+00	-2.768203270439230e+00	4530
1.630809859925395e+00	4.906264980799794e+00	4531
1.891649068293009e+00	-4.768019118313113e+00	4532
4.017522142605412e+00	-5.070551249671481e-01	4533
3.913474131570905e+00	-2.106027773537782e-01	4534
2.334137523099670e+00	-4.155021822296005e+00	4535
-3.561439433599408e+00	1.398556270724837e+00	4536
1.124643295110054e+00	-5.300076343321633e+00	4537
-1.115356851396840e+00	4.853458037356138e+00	4538
-2.503512776672780e+00	4.047843927612330e+00	4539
-2.890275671278762e+00	3.168888112544983e+00	4540
-2.408931016360905e+00	-4.270340497211240e+00	4541
4.074853146231177e+00	-1.337411965320058e+00	4542
-5.494225739409723e-01	5.349358266005844e+00	4543
-3.450959807870829e+00	-2.323771391457797e+00	4544
2.368115760925341e+00	4.369009723436283e+00	4545
-3.653379952049912e+00	-1.443173345130482e+00	4546
3.148475207318993e+00	-3.652284989649964e+00	4547
-3.232778081003622e+00	-3.434460824818562e+00	4548
7.703401055732387e-01	5.354243369643605e+00	4549
3.690909293492378e+00	1.304676846124312e+00	4550
-3.340704793322243e+00	2.318644348504905e+00	4551
3.869237555832496e+00	7.185141709529064e-01	4552
-1.686605946056874e+00	-5.063587513702664e+00	4553
-7.968335913974962e-01	-5.622326147153521e+00	4554
9.800237556848543e-02	-5.880417827883937e+00	4555
3.786914538286519e+00	1.933965923895750e+00	4556
2.989086931119697e+00	3.907542551624559e+00	4557
3.772008469538754e+00	2.419455673077965e+00	4558
3.724673697650133e+00	2.858946816633905e+00	4559
3.654787427543937e+00	3.381540154769609e+00	4560
3.805142309346450e+00	-2.914859643529542e+00	4561
3.869734997819643e+00	-2.208949290793240e+00	4562
-3.558471053780623e+00	5.241864210413677e-01	4563
3.918240039058544e+00	2.213420573887369e-01	4564
-3.315425441410034e+00	-1.024980024841299e-02	4565
-1.224206566450055e+00	5.543848445177892e+00	4566
2.184606048823151e+00	4.883118726217599e+00	4567
-3.924307463142419e+00	-9.918766121446676e-01	4568
-3.828895918871042e+00	9.537552947719335e-01	4569
-3.835010643262211e+00	-1.947528921446613e+00	4570
-2.129932207305206e+00	4.670965392162346e+00	4571
-3.732271139314940e+00	1.918331544797227e+00	4572
2.541780234996255e+00	-4.765996338879856e+00	4573
2.903364964411150e+00	-4.172906370621736e+00	4574
1.340348924501070e+00	5.394932341826515e+00	4575
8.311041149447520e-01	-5.951312897426901e+00	4576
3.711306787086928e+00	-3.493301201464710e+00	4577
4.247448625526477e+00	5.016278088477192e-01	4578
4.298117042933860e+00	-9.008147500249911e-01	4579
4.286923567603314e+00	-1.216021706599293e-01	4580
-1.646406233735647e+00	5.116752959573470e+00	4581
-3.835935870606731e+00	-2.693277316960408e+00	4582
-3.777316304487534e+00	-3.150824126392901e+00	4583
1.664131816957900e+00	-5.259691480281967e+00	4584
-3.800781547737698e+00	8.657576217775529e-03	4585
-3.384527008136747e+00	2.885055972041027e+00	4586
-2.114978178612917e+00	-4.850448080984310e+00	4587
-3.083069316075776e+00	-4.090800357663710e+00	4588
1.006680443472574e-01	5.783297958835671e+00	4589
3.515151767898632e+00	3.891264963496490e+00	4590
-1.581181304841325e+00	-5.870914229441661e+00	4591
-5.371861039842408e-01	-6.383456134201395e+00	4592
4.123596665716383e+00	1.112754882902429e+00	4593
4.114740768570591e+00	1.562278124238035e+00	4594
2.838720234365755e+00	4.352621291069521e+00	4595
4.199445431404843e+00	2.189546660145207e+00	4596
4.197331138705894e+00	2.687798465659569e+00	4597
4.168340273815990e+00	3.184542574319187e+00	4598
4.282936895066704e+00	-2.601826995346754e+00	4599
4.237816269616085e+00	-1.832930262375867e+00	4600
-1.884749383472532e+00	5.770690260367397e+00	4601
-4.177325374185155e+00	-1.494109419547865e+00	4602
-2.802921985586409e+00	4.646009414619716e+00	4603
-3.096725105506806e+00	3.906963922898526e+00	4604
-2.298715084557568e+00	5.333673943820886e+00	4605
1.959649061383673e+00	5.460605225592154e+00	4606
-3.386201239986815e+00	3.458674882251014e+00	4607
-2.172471259564016e+00	-5.501026117602088e+00	4608
-2.835010790393668e+00	-4.774339236127654e+00	4609
4.094128166616565e+00	3.771754976938371e+00	4610
4.276359473384672e+00	-3.226147876272220e+00	4611
2.256918804562115e+00	-5.294158837639920e+00	4612
3.525459919068435e+00	-4.096713715415331e+00	4613
-3.858704784682115e+00	2.503907165481128e+00	4614
-4.054797219355962e+00	4.770982879547411e-01	4615
3.195623996249370e+00	-4.754216296634761e+00	4616
-4.075897905570384e+00	1.458117268560639e+00	4617
3.073128759223390e-01	-6.632561341740098e+00	4618
-3.728309414957421e+00	-3.830202430683156e+00	4619
3.341196279989510e+00	4.362957072941605e+00	4620
-6.463913468479974e-01	6.074856739654853e+00	4621
4.465704281158451e+00	-5.085898785912409e-01	4622
4.663642960949759e+00	2.114421443692825e-01	4623
-4.342153503157848e+00	-2.314577999293981e+00	4624
-4.346637205381265e+00	-2.986896416587957e+00	4625
1.436874797243466e+00	-5.897545977281704e+00	4626
-4.142464809972055e+00	-4.624808692442314e-01	4627
8.940756507691449e-01	6.052714560449687e+00	4628
-1.377702968058708e+00	-6.760964955195602e+00	4629
4.575819811329169e+00	8.831326683833426e-01	4630
4.528064439555448e+00	1.344088101479332e+00	4631
2.707390232062601e+00	4.856834914750260e+00	4632
4.591369481255168e+00	1.816973448755091e+00	4633
4.676982110190295e+00	2.440501045381640e+00	4634
4.694786458880679e+00	2.966011298191936e+00	4635
4.723098336521440e+00	-2.189395617242110e+00	4636
4.549036136647151e+00	-1.381338740300120e+00	4637
1.918724558347221e+00	-5.895151900011899e+00	4638
-2.587230404965980e+00	6.016989131305207e+00	4639
4.820125033807111e+00	-2.844021936620935e+00	4640
-4.774805584754823e+00	-1.794199954879927e+00	4641
1.250240044400789e-01	6.562944117764898e+00	4642
-4.362989840589680e+00	9.534663691517608e-01	4643
2.900475557480104e+00	-5.333506833341336e+00	4644
3.935990049686013e+00	4.350460709064781e+00	4645
-1.364125463509868e+00	6.295297546549862e+00	4646
-3.928728892546891e+00	3.131358524524563e+00	4647
4.174319808552228e+00	-3.898241134041705e+00	4648
4.782356160130353e+00	-9.074065601859950e-01	4649
-4.324207526643299e+00	3.244644820409089e-02	4650
1.165907711282285e+00	-6.664799397694397e+00	4651
-3.577567660955174e+00	-4.572950852043939e+00	4652
-2.989340709575591e+00	-5.571770934070210e+00	4653
-4.859404252402326e-01	-7.240244290545297e+00	4654
-3.070548893647889e+00	5.365047183300169e+00	4655
1.581225217899124e+00	6.064581265332703e+00	4656
-3.502504743286231e+00	4.491117623814029e+00	4657
-3.715332581796184e+00	3.984332936829556e+00	4658
3.881754450934253e+00	-4.684320486220637e+00	4659
-4.287850287663491e+00	2.039885640505763e+00	4660
-4.469625948550479e+00	-9.663103162233957e-01	4661
4.745823954080190e+00	-1.454360654617173e-01	4662
-4.216185660901478e+00	-3.625914803997464e+00	4663
-4.919724376821485e+00	-2.641716299293753e+00	4664
-2.214487120384653e+00	-6.366352977745638e+00	4665
4.659688748564628e+00	3.563815310944436e+00	4666
2.552500513591231e+00	5.424727370084786e+00	4667
4.999783740283002e+00	1.157780456329190e+00	4668
5.022602528949101e+00	1.517673513082829e+00	4669
5.059426219955098e+00	6.014645241271414e-01	4670
5.131857557353479e+00	2.059739356918520e+00	4671
5.229305320871608e+00	2.684389813551682e+00	4672
5.103741751257592e+00	-1.683827953720258e+00	4673
3.602772986380986e+00	-5.335688389550024e+00	4674
-1.320400598772593e+00	-7.708723350954607e+00	4675
-2.064784673258214e+00	6.549074237546889e+00	4676
5.314449978063696e+00	-2.346853829906388e+00	4677
-4.604013670343961e+00	4.763373218056434e-01	4678
5.498804620507193e-01	-7.484368072162025e+00	4679
3.370197523929650e+00	5.157998421418067e+00	4680
4.585001865915832e+00	4.220024823767329e+00	4681
-3.415203832345495e+00	6.119984689363029e+00	4682
2.593232952126067e+00	-5.930713040213072e+00	4683
-4.659358321326956e+00	1.510739834065468e+00	4684
-2.131762168231309e+00	-7.265814620803249e+00	4685
2.312777475623386e+00	6.102145726034962e+00	4686
4.948945952340813e+00	-5.940644920477678e-01	4687
-5.439274364632732e+00	-2.110213115712415e+00	4688
1.677215311604995e+00	-6.588800743390487e+00	4689
4.822760118566036e+00	-3.569604786001923e+00	4690
1.066300530332668e+00	6.837574855225177e+00	4691
5.141036826351026e+00	1.314405854077026e-01	4692
-7.223740419202074e-01	6.899673674759290e+00	4693
-4.450344886529111e+00	2.692794598752097e+00	4694
4.603058738636559e+00	-4.503116764036834e+00	4695
-3.879774090859978e+00	-5.413816366684321e+00	4696
-4.401011263215402e+00	3.696716657085904e+00	4697
-3.895252065702990e+00	5.222632831412175e+00	4698
-4.196498280154516e+00	4.480045350831525e+00	4699
-4.700526849367560e+00	-4.138927539723667e-01	4700
-5.130882834179735e+00	-1.185524709223260e+00	4701
-4.207930442068106e+00	-4.302108192460318e+00	4702
-4.914584574185667e+00	-3.385556900210225e+00	4703
-3.137288108723378e+00	-6.480484452880623e+00	4704
5.520072995604100e+00	1.304134983914391e+00	4705
5.526491751087287e+00	9.301817111396928e-01	4706
5.244429179735246e+00	3.317339435941046e+00	4707
5.599414493786076e+00	1.682477847643324e+00	4708
5.746967565224544e+00	2.282672429401752e+00	4709
-4.336736920066317e+00	6.029263716614855e+00	4710
-2.152028923609302e+00	-8.255406523973388e+00	4711
-1.511385473013702e+00	7.141111336820821e+00	4712
-3.240515748365205e-01	-8.195117985303957e+00	4713
1.918784022042872e+00	6.823233859910325e+00	4714
1.817462650444079e-01	7.444188489223245e+00	4715
3.117967489897731e+00	5.953953893830827e+00	4716
-4.889714408126436e+00	-1.977556345375404e-02	4717
5.440879603905371e+00	-3.105070428107727e+00	4718
3.296877356298375e+00	-5.973647788286284e+00	4719
-5.604841799907784e+00	-2.923664271730898e+00	4720
-4.919502865624795e+00	2.157805503818956e+00	4721
5.212337304217597e+00	-3.901891216520865e-01	4722
5.284482145834650e+00	-9.765627400261057e-01	4723
-5.875517241146338e+00	-1.443614557483777e+00	4724
-4.961413518257255e+00	9.637646905178747e-01	4725
-3.156961108510272e+00	-7.531175495191056e+00	4726
4.375411979899990e+00	-5.253659832819547e+00	4727
5.733600809724946e+00	-1.847000605328141e+00	4728
5.219497062268335e+00	3.988226402106056e+00	4729
5.590145883087229e+00	3.985262912606772e-01	4730
6.067423553230123e+00	1.124564758781117e+00	4731
-4.818464274208123e+00	-4.045976449281672e+00	4732
-2.889895603348650e+00	6.824606262581009e+00	4733
2.212951904091371e+00	-6.611150843489578e+00	4734
5.339549423702874e+00	-4.181833987816700e+00	4735
4.385850415602748e+00	4.907391287139828e+00	4736
-5.046686652419802e+00	3.218344152700794e+00	4737
-4.954306624278093e+00	4.253757392191793e+00	4738
-4.715606869281884e+00	5.117389509328339e+00	4739
-5.403121262945544e+00	-5.201265918958025e-01	4740
-4.157497203248356e+00	-6.387730244978736e+00	4741
5.859775536072684e+00	2.976001821600137e+00	4742
6.262390498338981e+00	1.836021660051507e+00	4743
-5.284101500608159e+00	5.881726680191492e+00	4744
-4.337498599505494e+00	-7.542937154165208e+00	4745
-6.206657242301335e+00	-2.263024271221192e+00	4746
6.807292506255529e-01	-8.522377480508469e+00	4747
-5.621596252753814e+00	2.603755459629923e+00	4748
5.133877938282622e+00	4.742874571583548e+00	4749
-2.298376625667201e+00	7.421795660015282e+00	4750
-5.598142170880499e+00	-3.775066721366765e+00	4751
6.060109476014530e+00	-3.704527894708961e+00	4752
4.075881830925014e+00	-5.982017622725124e+00	4753
-5.575645128172611e+00	4.884160645111081e+00	4754
-1.225665079114578e+00	-8.759369262394330e+00	4755
-7.874911772274564e-01	7.835243784291064e+00	4756
-5.316995647730885e+00	1.561540808243455e+00	4757
-4.777516515436409e+00	-4.820035093528035e+00	4758
1.295696880957049e+00	7.721747293984263e+00	4759
6.786953199671934e+00	1.307441787815038e+00	4760
5.979453364188084e+00	-2.555058805578259e+00	4761
5.882333035286873e+00	3.699762723009624e+00	4762
1.908076630756383e+00	-7.371977728762856e+00	4763
-5.708574044677618e+00	3.792044144335618e+00	4764
2.809231769709014e+00	6.782697977180638e+00	4765
5.202234046155229e+00	-5.032172948695384e+00	4766
6.005168171925734e+00	-1.153549164744910e+00	4767
-5.217557764238501e+00	4.462165184062442e-01	4768
5.653222462213426e+00	-1.201530461512322e-01	4769
-3.884624804339603e+00	6.925864725228223e+00	4770
-3.215471016242559e+00	-8.659954943272401e+00	4771
3.971776513348988e+00	5.729168493322634e+00	4772
-4.775570478776199e+00	-5.677851255547210e+00	4773
2.969229605660489e+00	-6.650169155728404e+00	4774
-6.211333953241295e+00	-6.817999133964771e-01	4775
6.438806169439638e+00	2.535658456100574e+00	4776
3.746330896020234e+00	-6.690382385269597e+00	4777
1.485016348054777e+00	-7.891959548130761e+00	4778
-6.393056614733228e+00	-3.221350439437978e+00	4779
6.717958390702572e+00	-3.078419256878945e+00	4780
2.751193920988100e-01	8.439757115716683e+00	4781
-1.681965750666959e+00	8.097500437988671e+00	4782
6.572718231640236e+00	3.312231729421201e+00	4783
-6.105084811932715e+00	1.888190386979453e+00	4784
-4.917775090296352e+00	6.841295615407750e+00	4785
-5.518384651132700e+00	-1.205383378846366e-01	4786
-2.242192411798735e+00	-9.384499453266969e+00	4787
6.383276506850335e+00	-4.491518553327234e-01	4788
6.177464843736493e+00	2.035798764199929e-01	4789
-3.254646071023557e+00	7.736001769041058e+00	4790
6.048660720610981e+00	-4.639542604265684e+00	4791
5.859272653249121e+00	4.469083424851110e+00	4792
7.017437440670319e+00	2.035640687956395e+00	4793
-1.901826406207069e-01	-9.278551590330203e+00	4794
-6.266834455565846e+00	5.620732942732576e+00	4795
2.342980981060945e+00	7.674209495533901e+00	4796
-5.489701466512949e+00	-4.538065774175252e+00	4797
4.950680497436054e+00	-5.887367277691049e+00	4798
-6.402147797863776e+00	3.135503986786446e+00	4799
-5.929410574681534e+00	2.217395810440758e-02	4800
-5.130596696580493e+00	-6.704981385818408e+00	4801
6.587158473566345e+00	5.998262939583815e-01	4802
6.445788092199545e+00	-1.860711263406324e+00	4803
2.674154466155743e+00	-7.350889570963964e+00	4804
-6.446329626250055e+00	4.428600682424035e+00	4805
3.704514076726626e+00	6.597230674287297e+00	4806
5.706617764569739e+00	-7.030735258317066e-01	4807
-5.632967769471089e+00	9.587192079568394e-01	4808
-6.691059605144206e+00	-1.464785752889652e+00	4809
-4.500604108401869e+00	-8.816702526101412e+00	4810
4.871520802761067e+00	5.586797085637421e+00	4811
-5.572439584503090e+00	-5.242352410725432e+00	4812
-6.356294766674477e+00	-4.786210795034518e+00	4813
3.446592461146918e+00	-7.403495369704724e+00	4814
-4.391213317628978e+00	7.854600609499598e+00	4815
-7.267930851156337e+00	5.154039963835157e+00	4816
-7.081091833929950e+00	-2.426296366726622e+00	4817
-6.996725384816064e+00	2.325165194805702e+00	4818
9.118875509971267e-01	-9.654097576223252e+00	4819
7.224760701929359e+00	2.819572189081114e+00	4820
-2.577770363768971e+00	8.409352530583009e+00	4821
-1.177857018960818e+00	-9.948329995973543e+00	4822
1.589002539478299e+00	8.717840000219718e+00	4823
5.897772865412686e+00	-5.620777996362168e+00	4824
-7.075762051989854e+00	-6.820771782465014e-01	4825
3.373730140148322e+00	7.557594531364382e+00	4826
5.752093169894341e+00	5.355898115408056e+00	4827
4.619196692124825e+00	-6.706297672818986e+00	4828
-8.468751251783917e-01	8.896924916186750e+00	4829
-3.546166815241367e+00	-9.847064433236634e+00	4830
6.608920168274609e+00	4.132913571845775e+00	4831
6.868708597546062e+00	-4.063905564201465e+00	4832
2.309412195333816e+00	-8.224194590964524e+00	4833
7.354000436813210e+00	7.619771678738442e-01	4834
7.603346311475923e+00	1.446906432298499e+00	4835
-5.990208721684220e+00	6.667566881988879e+00	4836
-6.381886036867447e+00	-4.207464385158534e+00	4837
-7.270290905080310e+00	3.744354624548660e+00	4838
6.887049746469990e+00	6.694329326249548e-02	4839
6.761239892463496e+00	-1.135329801427650e+00	4840
7.289311990708417e+00	-2.308583799840755e+00	4841
1.668039528996038e+00	-8.943240723161779e+00	4842
4.563151259714328e+00	6.407873608526521e+00	4843
-6.410202810658709e+00	6.893726648639693e-01	4844
-5.442862076364323e+00	-7.915636387425619e+00	4845
-5.581461075647732e+00	-6.215589133504617e+00	4846
-2.936367223738643e-02	-1.050066310442513e+01	4847
-5.743041389480344e+00	-9.164401839033220e+00	4848
4.073550880981018e-01	9.564599253349572e+00	4849
-6.440753964800641e+00	-5.747906834460065e+00	4850
8.219385076749514e+00	8.313535147559520e-01	4851
2.844079906407673e+00	8.632409828719032e+00	4852
-6.884424517900656e+00	1.427106034400789e+00	4853
7.382610471330722e+00	3.692690307127641e+00	4854
-2.371501939634838e+00	-1.066921123117134e+01	4855
7.612278558470485e+00	-3.308808370578448e+00	4856
-7.613445410024586e+00	-1.531846066636420e+00	4857
7.874566778741984e+00	2.259104580864544e+00	4858
-5.572616702353219e+00	7.764661763490466e+00	4859
5.614765665776959e+00	-6.597854351882236e+00	4860
-4.877097155626434e+00	-1.011043370399310e+01	4861
-1.875588929915686e+00	9.183750367624501e+00	4862
6.587519417140165e+00	5.022110893773422e+00	4863
6.867892668267666e+00	-5.146369465047402e+00	4864
-7.132292702241035e+00	6.335840069771892e+00	4865
4.276720290877756e+00	-7.468445206853279e+00	4866
-7.996010777180289e+00	2.858356714172133e+00	4867
-8.235998315308215e+00	4.441567814865009e+00	4868
7.727831219935605e+00	3.131555214659815e-03	4869
2.024141489561003e+00	-1.006854192282186e+01	4870
2.993270788901536e+00	-8.262206973831621e+00	4871
-6.686929649507117e+00	-9.670100664649716e-03	4872
-3.664185603003881e+00	8.770650753504610e+00	4873
5.505544356682798e+00	6.276170623214099e+00	4874
2.727242617399330e+00	-9.233679134687257e+00	4875
7.138974107161024e+00	-5.658136700119228e-01	4876
-7.294314632204062e+00	-3.544703883772059e+00	4877
7.243377434568544e+00	-1.781931060650921e+00	4878
4.335292956656506e+00	7.343207530169361e+00	4879
-6.685385159292657e+00	-8.269045387477728e+00	4880
8.518202815453702e+00	1.658551897980280e+00	4881
4.013097721702859e+00	8.438660747777803e+00	4882
6.701069797978509e+00	-6.278750512283001e+00	4883
-1.135099128604628e+00	-1.129558693008088e+01	4884
-8.302713742941382e+00	5.746865145966577e+00	4885
1.947306075282728e+00	9.839325249047050e+00	4886
-3.812105167133964e+00	-1.121607993867438e+01	4887
-2.892993738107785e+00	9.529215082078833e+00	4888
8.691044858705109e+00	-1.344970359524667e-02	4889
-7.828748037149340e+00	1.795871347776178e+00	4890
8.245210435850273e+00	-2.549318829200169e+00	4891
-8.048764816319146e+00	-6.524781578121547e-01	4892
8.117344468769170e+00	3.139076128058334e+00	4893
7.802151955969491e+00	-4.451833901036339e+00	4894
7.436325034467181e+00	4.625526795928246e+00	4895
7.967391845391870e+00	-8.375067083266308e-01	4896
-8.988460257666551e-01	1.010215487093895e+01	4897
3.231557412214511e+00	-1.036191477884498e+01	4898
-6.469617589723809e+00	-6.832904936443827e+00	4899
-4.957872405985293e+00	8.912364694037857e+00	4900
-7.324456940179166e+00	-5.177475523302185e+00	4901
5.246145299885974e+00	-7.510985396788356e+00	4902
5.233681999927103e+00	7.148958143970147e+00	4903
6.483316420381625e+00	6.018012606484035e+00	4904
-8.070706254788846e+00	-2.620396655259426e+00	4905
-6.808849196526318e+00	7.548189224793661e+00	4906
-6.241066184680980e+00	-1.048011229940608e+01	4907
-9.111965854805947e+00	3.488296554553135e+00	4908
1.136899707252029e+00	-1.092025562055411e+01	4909
3.915289813019347e+00	-8.311193048991557e+00	4910
-7.552190708329240e+00	4.808766198007764e-02	4911
7.552406448352460e+00	-1.254681764592211e+00	4912
-7.263057812850871e+00	6.281233123051283e-01	4913
5.812834673963696e-01	1.083684415576009e+01	4914
3.425136339398858e+00	9.711097223688206e+00	4915
-8.337213349031622e+00	4.646294723516998e-01	4916
1.398463142484535e-01	-1.187810353650705e+01	4917
8.984678939356318e+00	-1.007552592578475e+00	4918
-2.477597947417596e+00	-1.212663458962177e+01	4919
9.225598114684491e+00	8.914845891934035e-01	4920
8.832734349313389e+00	2.534701099635025e+00	4921
8.304928518700706e+00	4.121424158077105e+00	4922
-8.940622855862177e+00	2.238293377836339e+00	4923
5.050258530175585e+00	8.174805080544967e+00	4924
3.683521152604797e+00	-9.319384325952154e+00	4925
-8.134427860305589e+00	7.131889035195106e+00	4926
8.616507097278991e+00	-3.619902561816611e+00	4927
8.210247162383878e+00	-1.775521533821815e+00	4928
-8.660313364342201e+00	-1.605416093182796e+00	4929
-6.319258002921965e+00	8.811721541826346e+00	4930
-5.249437040446639e+00	-1.156601936236946e+01	4931
-4.122871986748428e+00	9.945037301016486e+00	4932
-7.676956063291741e+00	-7.373470295719349e+00	4933
-2.088295737940146e+00	1.042010011807570e+01	4934
-8.334595408985795e+00	-4.013817268247400e+00	4935
7.813659203313015e+00	-5.706686721373434e+00	4936
2.378794219996608e+00	-1.136591057946043e+01	4937
-7.444611609655278e+00	-6.280307546298834e+00	4938
6.379147748248633e+00	-7.394595526250075e+00	4939
6.248504367701356e+00	7.019461248798535e+00	4940
7.426837841671189e+00	5.634158339792004e+00	4941
-7.118119879043577e+00	-9.485393775281274e+00	4942
-9.421036181728851e+00	4.866286835599338e+00	4943
4.853744203093813e+00	-8.367876423584278e+00	4944
4.749822052031440e+00	9.428826870974488e+00	4945
-6.798025477245703e+00	-1.197345817700041e+01	4946
-3.245298772205171e+00	1.080049062686497e+01	4947
3.770625928646818e+00	-1.167233362728930e+01	4948
8.862326634240167e+00	-4.899870555796167e+00	4949
-9.492194684222564e+00	6.404131964170573e+00	4950
-8.676304948371964e+00	-6.579381297536752e+00	4951
9.333247823691570e+00	-2.767707420853673e+00	4952
9.572746647292895e+00	1.847206560438017e+00	4953
1.967818234379516e+00	1.129424135200358e+01	4954
2.783142599622151e+00	1.091945150337147e+01	4955
-4.059995284506051e+00	-1.277263953910581e+01	4956
-7.711875194945838e+00	-1.088549685911826e+01	4957
6.000281311540112e+00	7.957680900862536e+00	4958
-1.072245510702215e+00	-1.281541784667530e+01	4959
9.762125773856599e+00	-1.470990994681499e-01	4960
-8.034304154975374e+00	-8.587454427784516e+00	4961
-5.597632892008739e+00	1.011448389359429e+01	4962
9.121806413751404e+00	3.506948195735361e+00	4963
-9.396031457709489e-01	1.147017618253060e+01	4964
1.427287491494981e+00	-1.233548272391514e+01	4965
7.330604148552784e+00	6.741945725129053e+00	4966
8.382374041860364e+00	5.175138656483004e+00	4967
-8.733422721968729e+00	1.141485629611991e+00	4968
-7.751794693706881e+00	8.541427658964995e+00	4969
7.626978218310868e+00	-7.015019135238228e+00	4970
-1.009367355431237e+01	2.708361388253094e+00	4971
4.521336469901135e+00	-1.029119096179602e+01	4972
-9.122742592426238e+00	-4.699312238720049e-01	4973
9.190163244745355e+00	-2.088508170018291e+00	4974
-8.517431306765108e+00	-5.441862302235658e+00	4975
-9.198637722293910e+00	-2.866837674767939e+00	4976
-1.038730627335022e+01	3.915958144333408e+00	4977
5.950156179847081e+00	-8.425416239609264e+00	4978
4.247507125410883e+00	1.079539784216820e+01	4979
-5.675299057446157e+00	-1.320750263653574e+01	4980
-9.768420298611007e+00	-5.836741180313297e+00	4981
-2.561549031831137e+00	-1.377424781512385e+01	4982
1.038072467954120e+01	9.287740810792748e-01	4983
-2.319181193472736e+00	1.182835249281002e+01	4984
7.251050009618236e+00	-8.297454868627476e+00	4985
9.764377612436729e+00	-3.960950801495368e+00	4986
-1.142716872050834e+01	3.014441956105165e+00	4987
-8.441152755507842e+00	-1.241688072231992e+01	4988
-7.171195224306273e+00	1.000000306979272e+01	4989
-9.858328140079490e+00	-1.623123829292328e+00	4990
9.923950139520993e+00	2.831270154151846e+00	4991
9.352806044230189e+00	4.603126297138545e+00	4992
-9.288361971631707e+00	8.023599751962644e+00	4993
-8.519950099765660e+00	-9.997417589891768e+00	4994
-9.883870603973776e+00	1.481906540783996e+00	4995
1.008718386092644e+01	-1.308322391717058e+00	4996
5.935310488252328e-01	1.229884155590358e+01	4997
5.333967527308895e+00	-9.500490151009785e+00	4998
8.895696552212090e+00	-6.337272689333298e+00	4999
7.100602695837581e+00	7.833192275692801e+00	5000
8.390378322947640e+00	6.310399833412117e+00	5001
-1.073557471495881e+01	5.421121127332060e+00	5002
-8.993423867861463e+00	-7.779172499650729e+00	5003
-4.637855917875847e+00	1.127797290630711e+01	5004
2.823579004103833e+00	-1.280614924508583e+01	5005
-9.563652470187241e+00	-4.335034888728996e+00	5006
5.766170658326337e+00	9.125770638491957e+00	5007
3.554257492909948e-01	-1.342705668128426e+01	5008
5.302917873100229e+00	-1.159979132299755e+01	5009
6.839921670930199e+00	8.893195462181183e+00	5010
-1.055028762031700e+00	1.301015604946148e+01	5011
-7.305714086324132e+00	-1.371007979649893e+01	5012
1.796126977281074e+00	-1.391896076970038e+01	5013
-4.316913587358928e+00	-1.453410833426744e+01	5014
1.098835094531919e+01	-2.976857597813437e-01	5015
-8.834490001528099e+00	9.664805786170827e+00	5016
-3.638344513032538e+00	1.224493447791796e+01	5017
-6.321460956626652e+00	1.148050226460293e+01	5018
-1.039611706021613e+01	-4.574951692489730e-01	5019
-1.179303276028004e+01	4.407951080979678e+00	5020
9.462074244223704e+00	5.786515727845442e+00	5021
-9.600745366871339e+00	3.204153199526450e-01	5022
1.007392308330068e+01	-5.403087869683077e+00	5023
1.026293847728969e+01	3.913039170801312e+00	5024
1.078137995399223e+01	2.039183187555669e+00	5025
1.057524442134991e+01	-2.989573903291428e+00	5026
3.622718692641846e+00	1.214735990339807e+01	5027
-1.083250102159704e+01	7.167815573761353e+00	5028
-9.995441108783433e+00	-7.050446041412941e+00	5029
5.625259515463078e+00	1.047785979201470e+01	5030
8.301365878496936e+00	7.540997048197258e+00	5031
-9.380913075396021e+00	-9.216008880270266e+00	5032
-1.089040505744059e+01	-4.907249575725102e+00	5033
8.687371082783267e+00	-7.848857804092362e+00	5034
2.082364260138180e+00	1.288478128111958e+01	5035
-9.714869071780865e-01	-1.452427476946576e+01	5036
-9.234194560086141e+00	-1.145508478654139e+01	5037
-1.108444232992490e+01	1.785660725289958e+00	5038
6.684312027113903e+00	-9.539639428777289e+00	5039
4.495751742610112e+00	-1.309499860421327e+01	5040
-1.049659206740826e+01	-3.044481991220587e+00	5041
5.791362010259219e+00	-1.078118314601161e+01	5042
-9.183989293788265e+00	-1.420290608171319e+01	5043
1.054602461094593e+01	5.136973563215514e+00	5044
1.107779305715404e+01	-4.330214394390204e+00	5045
-6.078720195373038e+00	-1.506674775278220e+01	5046
-5.216864657847921e+00	1.279134623795044e+01	5047
-8.142495520109179e+00	1.134974976942307e+01	5048
-1.078565124137389e+01	5.965416531810098e-01	5049
-1.060153100765394e+01	9.036832979325782e+00	5050
1.013463592664551e+01	-7.050205752186696e+00	5051
1.116744885349117e+01	3.153355741316611e+00	5052
5.758395347574168e-01	1.395549137399430e+01	5053
7.321089367868598e+00	-1.093280009155659e+01	5054
8.224108753379046e+00	-9.357620363233506e+00	5055
8.061314035558658e+00	8.752469528180349e+00	5056
-2.620910734672424e+00	-1.563847897436620e+01	5057
9.491223840946711e+00	7.060955781871876e+00	5058
6.561243104452775e+00	1.020959750021910e+01	5059
1.141031481180820e+01	-1.699014235416061e+00	5060
-1.029826525453061e+01	-8.530474291041271e+00	5061
6.356965140710846e-01	-1.516729165054164e+01	5062
-1.221378023096685e+01	6.067232562320050e+00	5063
3.413298721361199e+00	-1.441992682382767e+01	5064
-1.117842978596616e+01	-6.292997539821186e+00	5065
-1.195710237938409e+01	-3.696088247899234e+00	5066
5.200067235253242e+00	1.198222238276265e+01	5067
-1.294165188847476e+01	3.351399448957103e+00	5068
-2.605784124868122e+00	1.341579302681188e+01	5069
6.212944941226759e+00	-1.304258266327024e+01	5070
1.170245099792036e+01	9.582319052915028e-01	5071
-1.014851460467666e+01	-1.301077187774885e+01	5072
-1.121408204779652e+01	-1.685750635108549e+00	5073
3.486111414892835e+00	1.383278770856764e+01	5074
-1.251521510169602e+01	2.039649758583865e+00	5075
1.216314609251187e+01	2.245771895399052e+00	5076
-4.556366046679160e+00	-1.652892643754339e+01	5077
-7.901280624874356e+00	-1.565867882385682e+01	5078
-1.006957602340644e+01	1.094094299049865e+01	5079
-1.234808426667194e+01	8.042360435046007e+00	5080
1.240170705514634e+01	-4.665837101551236e-01	5081
1.200783273679693e+01	-3.119423828318904e+00	5082
9.893004155196504e+00	-8.808368055761481e+00	5083
6.465466327678572e+00	1.164593567084909e+01	5084
9.402071847097258e+00	8.435987574277361e+00	5085
5.299572105014287e+00	-1.471700060402227e+01	5086
-8.161599477371895e-01	-1.645300644832187e+01	5087
-1.116895332144406e+01	-1.136054562765722e+01	5088
1.155999241901758e+01	4.359626545575776e+00	5089
-1.227657596418169e+00	1.474583146766896e+01	5090
-1.243237145189333e+01	-5.265689799096224e+00	5091
-7.140721198901841e+00	1.303324246978444e+01	5092
-4.090962168291573e+00	1.387718127673587e+01	5093
-1.074175006857170e+01	-1.008601580489970e+01	5094
-1.114966481273114e+01	-1.479813235350245e+01	5095
-1.413246083953596e+01	2.228851535156555e+00	5096
-1.177042056917839e+01	-3.680025420990552e-01	5097
1.145755308106157e+01	-5.963428884173267e+00	5098
2.069968349074510e+00	1.465124206211648e+01	5099
8.131579199804605e+00	-1.269100152697674e+01	5100
1.069359351074646e+01	6.465332608477659e+00	5101
9.015304278353545e+00	-1.085274632546625e+01	5102
7.781489795303167e+00	9.957744292195438e+00	5103
2.270310432462879e+00	-1.569406612017168e+01	5104
-1.145107170830238e+01	-7.683816622551722e+00	5105
-1.284660983131098e+01	-2.210589522398029e+00	5106
-1.339781833902882e+01	4.915722172853412e+00	5107
4.559921373298482e+00	1.351411120531258e+01	5108
-1.208879918268990e+01	7.539014440702404e-01	5109
-9.246518244920503e+00	1.288487970181592e+01	5110
-2.640390038074235e+00	-1.774517840693154e+01	5111
4.046717131309959e+00	1.544979121791678e+01	5112
1.258258720626111e+01	3.508484847247695e+00	5113
7.449847288878195e+00	1.144299184386699e+01	5114
1.000405706084981e+00	-1.711898077655175e+01	5115
4.106048906803276e+00	-1.623644785976066e+01	5116
-6.512967238351844e+00	-1.716487511940380e+01	5117
1.190474747414061e+01	5.726774117986147e+00	5118
1.074430095114857e+01	7.901024813953176e+00	5119
1.086095517317920e+01	-1.042929653602245e+01	5120
-1.257369035146491e+01	-1.016964018654245e+01	5121
-1.356660080354596e+01	8.109335674771571e-01	5122
-1.362176385593312e+01	-3.875107450558399e+00	5123
1.259636858867718e+01	-4.692271628798327e+00	5124
4.823935322384822e-01	1.581597669990680e+01	5125
1.154798015505159e+01	-7.857984084208864e+00	5126
-1.209362836560851e+01	1.018875296123205e+01	5127
6.254651452853320e+00	1.329488843059470e+01	5128
1.321405600417439e+01	9.902777610713791e-01	5129
-1.276475565229732e+01	-6.815730810590688e+00	5130
-1.463353576920754e+01	3.809779230295983e+00	5131
-2.954394574596185e+00	1.520172963849690e+01	5132
1.292152226713791e+01	-1.904979485760414e+00	5133
-1.323328838723039e+01	-1.836047317296718e-01	5134
-5.872722522905632e+00	1.450674990528083e+01	5135
-1.227863277042403e+01	-1.305399491745742e+01	5136
-1.389565601534403e+01	6.783852238551288e+00	5137
7.350746595282933e+00	-1.459220586283975e+01	5138
1.005374595359519e+01	-1.247382188561652e+01	5139
9.147015150872658e+00	9.791720458059213e+00	5140
-1.190758781661232e+01	-9.112534848527993e+00	5141
-4.612321694780743e+00	1.571708041830249e+01	5142
1.401568974385729e+01	-5.712311654741548e-01	5143
2.843808897778553e+00	-1.768581236708232e+01	5144
1.305088965551511e+01	-6.574547378339510e+00	5145
1.303409446831703e+01	4.854275931137037e+00	5146
-1.531784453538690e+01	9.229278478241003e-01	5147
6.284163397515922e+00	-1.652958615496444e+01	5148
2.354650276852880e+00	1.664955287260453e+01	5149
-1.147507010238341e+01	1.239242023847936e+01	5150
-1.407178475333839e+01	9.029401370807214e+00	5151
1.373964041964913e+01	2.477706365511513e+00	5152
1.360602444724748e+01	-3.384646759901714e+00	5153
1.209685774526780e+01	7.221571898059344e+00	5154
-1.472774226180361e+00	1.669592360519864e+01	5155
-8.068632162320892e+00	1.479804743184955e+01	5156
8.842249773022221e+00	1.116744570265691e+01	5157
-1.339878150504417e+01	-8.480032054195854e+00	5158
-5.871935752250543e-01	-1.862502329878753e+01	5159
1.208810837228209e+01	-1.208732888954779e+01	5160
-1.456574136291404e+01	-1.930288431525329e+00	5161
6.367975649407279e+00	1.560798839292167e+01	5162
1.276457392047855e+01	-9.554206566341833e+00	5163
-1.519372150497663e+01	5.508407714900958e+00	5164
-1.417764566572823e+01	-5.647641652862012e+00	5165
-1.597270534026375e+01	2.503606770784216e+00	5166
-1.483916426536918e+01	-1.753931908299295e-01	5167
9.324248552831907e+00	-1.431005836388909e+01	5168
1.065321912332642e+01	9.445912982725968e+00	5169
1.432079709697779e+01	-5.123812339017666e+00	5170
4.987507747025686e+00	-1.817095335715237e+01	5171
-1.049927721772553e+01	1.463053405718279e+01	5172
1.460180840803611e+01	-8.220373738100809e+00	5173
1.344980272824382e+01	6.381141585415446e+00	5174
-3.377200856882729e+00	1.720487184196277e+01	5175
1.462378165084357e+01	-2.104347735912578e+00	5176
-1.460460523663965e+01	-7.284946345031583e+00	5177
-6.615023026690452e+00	1.644968038417145e+01	5178
-1.462477644485578e+01	-1.012213708428186e+01	5179
-1.729338982768819e+01	1.017129685594224e+00	5180
-1.650537042840706e+01	-8.172147509284178e-01	5181
4.678938062641181e+00	1.747613415926681e+01	5182
4.661002954964578e-01	1.793343421518242e+01	5183
-1.379124967294705e+01	1.149376230273861e+01	5184
-1.552439445232797e+01	-3.939958580494506e+00	5185
-1.579949884520165e+01	7.592384298644697e+00	5186
1.141696198560585e+01	-1.409404545971405e+01	5187
1.217045895467380e+01	8.843531456370224e+00	5188
8.447901856841636e+00	1.284718684488263e+01	5189
1.419023055997848e+01	3.905914980174287e+00	5190
1.493426059011204e+01	1.062806214810709e+00	5191
8.547224642606015e+00	-1.640078780582714e+01	5192
1.422799218089634e+01	-1.129491168959436e+01	5193
-1.655801751041806e+01	4.261991273499039e+00	5194
1.037463248810115e+01	1.096873166273343e+01	5195
1.541520956988793e+01	-3.693434820027398e+00	5196
-1.377596303236367e+01	-1.220049954015968e+01	5197
-1.722892188109193e+01	6.146955955277854e+00	5198
1.470520911498028e+01	5.403507457104011e+00	5199
1.584911898094874e+01	-6.493511899538000e-01	5200
1.494095021264062e+01	-6.963631182056526e+00	5201
1.003984686218737e+01	1.254204842098327e+01	5202
1.567487515167128e+01	-9.548940477433860e+00	5203
-5.211437567884869e+00	1.778522109475294e+01	5204
1.369470701269347e+01	8.066093767098273e+00	5205
7.687400347429807e+00	1.474018186980418e+01	5206
-1.804601013770559e+01	2.899908156159048e+00	5207
-1.617600867008543e+01	-5.954044562858693e+00	5208
1.207433334193153e+01	1.058603554509266e+01	5209
1.552993028419715e+01	2.757709681257755e+00	5210
-1.866011564827287e+01	-6.700825653966609e-01	5211
1.628019375796312e+01	-5.475814849493413e+00	5212
1.600939121780605e+01	4.360749446324241e+00	5213
1.520521399425734e+01	7.107985639640905e+00	5214
8.076864759406337e+00	1.676407284432343e+01	5215
-1.660982685492609e+01	-8.080922193992000e+00	5216
1.379053707497564e+01	9.903357851913290e+00	5217
1.654511572862979e+01	-2.309503730497700e+00	5218
1.688933966785242e+01	1.176767385746917e+00	5219
-1.771110441836585e+01	-2.665492758221941e+00	5220
1.669960457892071e+01	-7.561603646018241e+00	5221
9.657906268002822e+00	1.445021315295967e+01	5222
-1.763058487164647e+01	-4.354247345044452e+00	5223
1.176514552866213e+01	1.230232370864520e+01	5224
1.792825740693132e+01	-7.131607093310351e-01	5225
1.551312228638142e+01	9.011116781667909e+00	5226
1.745138280058211e+01	-3.972005908975486e+00	5227
1.368796757200542e+01	1.187421179005208e+01	5228
1.659351964787545e+01	6.019123055725178e+00	5229
1.755951515087858e+01	3.097557908626326e+00	5230
1.142098142422054e+01	1.406413089719271e+01	5231
1.719632680670785e+01	7.916746580844365e+00	5232
NMARK= 2
MARKER_TAG= airfoil
MARKER_ELEMS= 200
3	199	0
3	0	1
3	1	2
3	2	3
3	3	4
3	4	5
3	5	6
3	6	7
3	7	8
3	8	9
3	9	10
3	10	11
3	11	12
3	12	13
3	13	14
3	14	15
3	15	16
3	16	17
3	17	18
3	18	19
3	19	20
3	20	21
3	21	22
3	22	23
3	23	24
3	24	25
3	25	26
3	26	27
3	27	28
3	28	29
3	29	30
3	30	31
3	31	32
3	32	33
3	33	34
3	34	35
3	35	36
3	36	37
3	37	38
3	38	39
3	39	40
3	40	41
3	41	42
3	42	43
3	43	44
3	44	45
3	45	46
3	46	47
3	47	48
3	48	49
3	49	50
3	50	51
3	51	52
3	52	53
3	53	54
3	54	55
3	55	56
3	56	57
3	57	58
3	58	59
3	59	60
3	60	61
3	61	62
3	62	63
3	63	64
3	64	65
3	65	66
3	66	67
3	67	68
3	68	69
3	69	70
3	70	71
3	71	72
3	72	73
3	73	74
3	74	75
3	75	76
3	76	77
3	77	78
3	78	79
3	79	80
3	80	81
3	81	82
3	82	83
3	83	84
3	84	85
3	85	86
3	86	87
3	87	88
3	88	89
3	89	90
3	90	91
3	91	92
3	92	93
3	93	94
3	94	95
3	95	96
3	96	97
3	97	98
3	98	99
3	99	100
3	100	101
3	101	102
3	102	103
3	103	104
3	104	105
3	105	106
3	106	107
3	107	108
3	108	109
3	109	110
3	110	111
3	111	112
3	112	113
3	113	114
3	114	115
3	115	116
3	116	117
3	117	118
3	118	119
3	119	120
3	120	121
3	121	122
3	122	123
3	123	124
3	124	125
3	125	126
3	126	127
3	127	128
3	128	129
3	129	130
3	130	131
3	131	132
3	132	133
3	133	134
3	134	135
3	135	136
3	136	137
3	137	138
3	138	139
3	139	140
3	140	141
3	141	142
3	142	143
3	143	144
3	144	145
3	145	146
3	146	147
3	147	148
3	148	149
3	149	150
3	150	151
3	151	152
3	152	153
3	153	154
3	154	155
3	155	156
3	156	157
3	157	158
3	158	159
3	159	160
3	160	161
3	161	162
3	162	163
3	163	164
3	164	165
3	165	166
3	166	167
3	167	168
3	168	169
3	169	170
3	170	171
3	171	172
3	172	173
3	173	174
3	174	175
3	175	176
3	176	177
3	177	178
3	178	179
3	179	180
3	180	181
3	181	182
3	182	183
3	183	184
3	184	185
3	185	186
3	186	187
3	187	188
3	188	189
3	189	190
3	190	191
3	191	192
3	192	193
3	193	194
3	194	195
3	195	196
3	196	197
3	197	198
3	198	199
MARKER_TAG= farfield
MARKER_ELEMS= 50
3	200	201
3	201	202
3	202	203
3	203	204
3	204	205
3	205	206
3	206	207
3	207	208
3	208	209
3	209	210
3	210	211
3	211	212
3	212	213
3	213	214
3	214	215
3	215	216
3	216	217
3	217	218
3	218	219
3	219	220
3	220	221
3	221	222
3	222	223
3	223	224
3	224	225
3	225	226
3	226	227
3	227	228
3	228	229
3	229	230
3	230	231
3	231	232
3	232	233
3	233	234
3	234	235
3	235	236
3	236	237
3	237	238
3	238	239
3	239	240
3	240	241
3	241	242
3	242	243
3	243	244
3	244	245
3	245	246
3	246	247
3	247	248
3	248	249
3	249	200
