"Time_Iter","Outer_Iter","Inner_Iter",    "rms[Rho]"    ,    "rms[RhoU]"   ,    "rms[RhoV]"   ,    "rms[RhoE]"   ,    "RefForce"    ,       "CD"       ,       "CL"       ,       "CSF"      ,       "CMx"      ,       "CMy"      ,       "CMz"      ,       "CFx"      ,       "CFy"      ,       "CFz"      ,      "CEff"      
          0,           0,           0,      -5.529020801,      -5.493884237,      -6.273281604,      -4.932640857,             0.448,    0.002635231422,      0.1111571583,                 0,                 0,                 0,    -0.02760941692,   0.0002097236793,      0.1111881932,                 0,        42.1811752
          0,           0,           1,      -5.820608372,      -5.703131156,      -5.678144987,      -5.221692737,             0.448,    0.001720581846,      0.1109588823,                 0,                 0,                 0,    -0.02795897056,  -0.0007003828663,      0.1109700114,                 0,        64.4891625
          0,           0,           2,      -5.743348219,      -5.719278826,      -5.786653381,      -5.155165809,             0.448,    0.001603726938,      0.1117291093,                 0,                 0,                 0,    -0.02791905943,  -0.0008340123799,      0.1117375059,                 0,       69.66841215
          0,           0,           3,      -5.719541121,      -5.771338078,      -5.743259785,      -5.133013868,             0.448,    0.001624487601,       0.111320386,                 0,                 0,                 0,    -0.02801964832,  -0.0008043404056,      0.1113293328,                 0,       68.52646086
          0,           0,           4,      -5.687899959,       -5.75639823,      -5.722926273,      -5.105980974,             0.448,      0.0015313297,      0.1108226745,                 0,                 0,                 0,    -0.02811732883,  -0.0008866186187,      0.1108297075,                 0,       72.37022473
          0,           0,           5,      -5.680659312,      -5.749002295,      -5.752576977,      -5.102431169,             0.448,    0.001468393489,       0.110730912,                 0,                 0,                 0,    -0.02812577396,  -0.0009475380645,      0.1107365939,                 0,       75.40956349
          0,           0,           6,      -5.669668687,      -5.806984846,      -5.785223105,      -5.096026968,             0.448,     0.00143532596,      0.1105911601,                 0,                 0,                 0,    -0.02820110589,  -0.0009775490527,      0.1105961539,                 0,       77.04950877
          0,           0,           7,      -5.662641117,      -5.815821072,      -5.768406733,      -5.091863396,             0.448,    0.001410822991,      0.1103660403,                 0,                 0,                 0,    -0.02827385846,  -0.0009971352277,      0.1103705531,                 0,       78.22812715
          0,           0,           8,      -5.654446734,      -5.804817481,      -5.782315237,      -5.086038168,             0.448,    0.001382207367,      0.1101623152,                 0,                 0,                 0,    -0.02831702358,   -0.001021299802,      0.1101662522,                 0,       79.70028073
          0,           0,           9,      -5.653437238,      -5.851105331,      -5.811952303,      -5.087817847,             0.448,    0.001350105898,      0.1100268861,                 0,                 0,                 0,    -0.02833586594,   -0.001050439262,      0.1100301551,                 0,        81.4950044
          0,           0,          10,      -5.648996858,      -5.895257561,      -5.841405915,      -5.084829174,             0.448,    0.001322114442,      0.1099334065,                 0,                 0,                 0,     -0.0283409461,    -0.00107638481,      0.1099360871,                 0,        83.1496904
          0,           0,          11,      -5.647578724,      -5.919854988,      -5.854115434,      -5.085430396,             0.448,    0.001297939725,      0.1098451938,                 0,                 0,                 0,    -0.02834562809,   -0.001098629424,       0.109847368,                 0,        84.6304275
          0,           0,          12,      -5.646673133,      -5.942556897,      -5.870346839,      -5.087091337,             0.448,    0.001274132541,      0.1097548715,                 0,                 0,                 0,    -0.02835300816,   -0.001120460571,      0.1097565478,                 0,       86.14085893
          0,           0,          13,      -5.646612274,      -5.968803579,      -5.892559665,      -5.088688983,             0.448,    0.001250646403,      0.1096741333,                 0,                 0,                 0,     -0.0283580915,   -0.001142179827,      0.1096753166,                 0,       87.69395814
          0,           0,          14,      -5.647382576,      -5.989521897,      -5.910494831,      -5.089609446,             0.448,      0.0012291278,      0.1096102157,                 0,                 0,                 0,    -0.02835836951,   -0.001162298954,      0.1096109448,                 0,        89.1772326
          0,           0,          15,      -5.646725054,      -5.997409231,      -5.923501447,      -5.088361342,             0.448,    0.001210282763,      0.1095586818,                 0,                 0,                 0,    -0.02835698286,   -0.001180015298,      0.1095590119,                 0,       90.52321085
          0,           0,          16,      -5.645377892,      -5.997201573,      -5.935816696,      -5.086887317,             0.448,    0.001193743317,      0.1095130702,                 0,                 0,                 0,    -0.02835710126,   -0.001195555797,      0.1095130504,                 0,       91.73921113
          0,           0,          17,      -5.645005106,      -5.995186951,      -5.950176187,      -5.087132617,             0.448,    0.001178840129,      0.1094702628,                 0,                 0,                 0,    -0.02835916436,     -0.0012095216,      0.1094699281,                 0,       92.86268769
          0,           0,          18,      -5.646295287,      -5.993906263,      -5.967752369,      -5.089349858,             0.448,    0.001165338892,      0.1094302627,                 0,                 0,                 0,    -0.02836204284,   -0.001222147026,       0.109429643,                 0,       93.90423969
          0,           0,          19,      -5.649098503,      -5.994588249,      -5.988674621,      -5.092987486,             0.448,    0.001153455041,      0.1093934062,                 0,                 0,                 0,    -0.02836497405,    -0.00123322403,      0.1093925361,                 0,       94.83976602
          0,           0,          20,      -5.652869217,       -5.99850154,       -6.01213108,      -5.097404976,             0.448,    0.001143501413,      0.1093591222,                 0,                 0,                 0,     -0.0283680683,   -0.001242427387,       0.109358043,                 0,        95.6353188
          0,           0,          21,      -5.657223288,      -6.006472054,      -6.036673442,      -5.102284291,             0.448,    0.001135739898,      0.1093265595,                 0,                 0,                 0,    -0.02837164493,   -0.001249476704,      0.1093253188,                 0,       96.26020859
          0,           0,          22,      -5.662038989,       -6.01830364,      -6.060379183,      -5.107538169,             0.448,    0.001130349315,      0.1092949572,                 0,                 0,                 0,    -0.02837590549,   -0.001254176604,      0.1092936064,                 0,       96.69131105
          0,           0,          23,      -5.667342727,       -6.03298293,      -6.081346808,      -5.113162481,             0.448,    0.001127441631,        0.10926372,                 0,                 0,                 0,     -0.0283809601,    -0.00125640216,      0.1092623132,                 0,       96.91297274
          0,           0,          24,      -5.673210215,      -6.049439594,      -6.098508961,      -5.119189551,             0.448,    0.001127063269,      0.1092324276,                 0,                 0,                 0,    -0.02838688241,   -0.001256097792,        0.10923102,                 0,       96.91774245
          0,           0,          25,       -5.67972273,      -6.067119756,      -6.112156967,      -5.125693533,             0.448,    0.001129167076,      0.1092008603,                 0,                 0,                 0,    -0.02839368441,   -0.001253305847,      0.1091995061,                 0,       96.70921386
          0,           0,          26,      -5.686919515,      -6.086157973,      -6.123745406,      -5.132759733,             0.448,    0.001133586828,      0.1091688227,                 0,                 0,                 0,    -0.02840133787,   -0.001248188251,      0.1091675725,                 0,       96.30389134
          0,           0,          27,      -5.694811394,      -6.107237449,      -6.135104972,      -5.140484202,             0.448,    0.001140021903,      0.1091359823,                 0,                 0,                 0,    -0.02840982874,   -0.001241038297,      0.1091348803,                 0,       95.73147846
          0,           0,          28,      -5.703435781,       -6.13114788,      -6.147939586,      -5.148972211,             0.448,    0.001148091714,      0.1091021735,                 0,                 0,                 0,    -0.02841904943,   -0.001232232873,      0.1091012556,                 0,       95.02914461
          0,           0,          29,      -5.712835595,      -6.158572905,      -6.163366525,      -5.158305403,             0.448,    0.001157352746,      0.1090671988,                 0,                 0,                 0,    -0.02842889587,   -0.001222211075,      0.1090664913,                 0,       94.23851038
          0,           0,          30,      -5.723023832,      -6.189624634,      -6.181703679,      -5.168518541,             0.448,    0.001167349091,       0.109030897,                 0,                 0,                 0,     -0.0284392115,   -0.001211425191,      0.1090304162,                 0,       93.40042141
          0,           0,          31,      -5.733952819,      -6.223663001,      -6.202437802,      -5.179537831,             0.448,    0.001177636515,      0.1089932697,                 0,                 0,                 0,     -0.0284498104,    -0.00120031938,      0.1089930223,                 0,       92.55255622
          0,           0,          32,      -5.745686424,      -6.259279113,      -6.224400884,      -5.191391872,             0.448,      0.0011877842,      0.1089543401,                 0,                 0,                 0,    -0.02846055768,   -0.001189324865,      0.1089543233,                 0,       91.72907011
          0,           0,          33,       -5.75822582,      -6.294510613,      -6.246327674,      -5.204026807,             0.448,    0.001197415885,      0.1089141694,                 0,                 0,                 0,    -0.02847130285,    -0.00117881915,      0.1089143722,                 0,       90.95767868
          0,           0,          34,      -5.771524078,      -6.327419163,      -6.267392004,      -5.217365258,             0.448,    0.001206211052,      0.1088727968,                 0,                 0,                 0,    -0.02848188565,   -0.001169123538,      0.1088732013,                 0,       90.26015518
          0,           0,          35,      -5.785673524,      -6.357041163,      -6.287272506,      -5.231528802,             0.448,    0.001213912968,      0.1088302229,                 0,                 0,                 0,     -0.0284920755,    -0.00116049471,      0.1088308056,                 0,       89.65240978
          0,           0,          36,      -5.800761969,      -6.383530712,      -6.305727956,      -5.246641822,             0.448,    0.001220222282,      0.1087861012,                 0,                 0,                 0,    -0.02850196181,   -0.001153224389,      0.1087868321,                 0,       89.15269194
          0,           0,          37,      -5.816590834,      -6.408172772,      -6.324005832,       -5.26247835,             0.448,    0.001225022311,      0.1087413696,                 0,                 0,                 0,    -0.02851117316,   -0.001147449688,      0.1087422158,                 0,       88.76684829
          0,           0,          38,      -5.833126692,      -6.432642089,      -6.343375065,      -5.279037082,             0.448,    0.001228235562,      0.1086966689,                 0,                 0,                 0,     -0.0285194995,   -0.001143262061,      0.1086975959,                 0,       88.49822645
          0,           0,          39,      -5.850333682,      -6.457832097,      -6.364261303,      -5.296346045,             0.448,    0.001229882261,       0.108652927,                 0,                 0,                 0,    -0.02852667614,   -0.001140661529,      0.1086539003,                 0,       88.34416957
          0,           0,          40,      -5.868500421,      -6.484361289,      -6.386400922,      -5.314752789,             0.448,    0.001229978505,      0.1086099342,                 0,                 0,                 0,    -0.02853284546,   -0.001139627426,      0.1086109199,                 0,        88.3023027
          0,           0,          41,      -5.887211999,      -6.512187459,      -6.409411237,      -5.333765145,             0.448,    0.001228712232,      0.1085684042,                 0,                 0,                 0,    -0.02853781403,   -0.001139987424,      0.1085693721,                 0,       88.35950467
          0,           0,          42,       -5.90644604,      -6.541051499,      -6.433304765,      -5.353312571,             0.448,    0.001226306725,      0.1085288858,                 0,                 0,                 0,    -0.02854148722,    -0.00114153027,      0.1085298106,                 0,       88.50060396
          0,           0,          43,      -5.926164348,      -6.570288938,      -6.457684844,      -5.373354051,             0.448,    0.001222986918,      0.1084915999,                 0,                 0,                 0,    -0.02854394384,   -0.001144035898,      0.1084924611,                 0,       88.71035188
          0,           0,          44,      -5.946375669,      -6.599236396,       -6.48188964,      -5.393890812,             0.448,    0.001219027609,      0.1084569034,                 0,                 0,                 0,    -0.02854517667,   -0.001147237364,      0.1084576865,                 0,       88.97001392
          0,           0,          45,       -5.96689737,      -6.627096167,      -6.505681057,      -5.414712558,             0.448,    0.001214693588,      0.1084249711,                 0,                 0,                 0,    -0.02854523298,   -0.001150873757,      0.1084256673,                 0,       89.26117024
          0,           0,          46,      -5.987758739,      -6.652879337,      -6.528405448,      -5.435842453,             0.448,    0.001210224081,      0.1083958887,                 0,                 0,                 0,    -0.02854423164,    -0.00115470777,      0.1083964943,                 0,       89.56679217
          0,           0,          47,      -6.008864356,      -6.676003113,      -6.550082511,      -5.457162511,             0.448,    0.001205845398,      0.1083697256,                 0,                 0,                 0,    -0.02854226463,   -0.001158514667,       0.108370242,                 0,       89.87033148
          0,           0,          48,      -6.030067196,      -6.696272818,      -6.571056118,      -5.478517823,             0.448,    0.001201748037,      0.1083464594,                 0,                 0,                 0,    -0.02853942835,   -0.001162103503,      0.1083468919,                 0,       90.15738415
          0,           0,          49,      -6.051205566,      -6.713852105,       -6.59157228,      -5.499742368,             0.448,    0.001198096945,       0.108326063,                 0,                 0,                 0,    -0.02853582668,   -0.001165308779,      0.1083264206,                 0,       90.41510654
          0,           0,          50,      -6.072114544,      -6.729344408,      -6.612069996,      -5.520675657,             0.448,    0.001195024918,      0.1083084864,                 0,                 0,                 0,    -0.02853157825,   -0.001167996644,      0.1083087812,                 0,       90.63282674
          0,           0,          51,      -6.092610301,      -6.743714988,      -6.632528626,      -5.541152857,             0.448,    0.001192622391,      0.1082935551,                 0,                 0,                 0,    -0.02852682375,   -0.001170072875,      0.1082938011,                 0,       90.80288609
          0,           0,          52,      -6.112597537,      -6.757851001,      -6.652603434,      -5.561092278,             0.448,    0.001190932162,      0.1082810933,                 0,                 0,                 0,    -0.02852171403,    -0.00117149085,      0.1082813054,                 0,        90.9212941
          0,           0,          53,      -6.132061608,      -6.772236858,      -6.671916192,      -5.580492013,             0.448,    0.001189945848,      0.1082708164,                 0,                 0,                 0,    -0.02851644362,   -0.001172252739,      0.1082710094,                 0,       90.98801979
          0,           0,          54,      -6.150970381,      -6.787095654,      -6.690246385,      -5.599328895,             0.448,    0.001189640548,       0.108262577,                 0,                 0,                 0,    -0.02851111777,   -0.001172378225,      0.1082627653,                 0,       91.00444431
          0,           0,          55,      -6.169315452,      -6.802492136,      -6.707386346,      -5.617612717,             0.448,    0.001189960441,      0.1082561866,                 0,                 0,                 0,    -0.02850583453,   -0.001171919002,      0.1082563834,                 0,        90.9746096
          0,           0,          56,      -6.187134094,      -6.818369777,      -6.723263594,      -5.635399446,             0.448,    0.001190823332,      0.1082514081,                 0,                 0,                 0,    -0.02850069328,   -0.001170952074,      0.1082516249,                 0,       90.90467506
          0,           0,          57,      -6.204497709,      -6.834632995,       -6.73789731,      -5.652768417,             0.448,    0.001192132994,      0.1082480281,                 0,                 0,                 0,    -0.02849576598,    -0.00116956899,      0.1082482742,                 0,       90.80197315
          0,           0,          58,      -6.221429595,      -6.851154333,      -6.751400708,      -5.669739985,             0.448,    0.001193775454,      0.1082457947,                 0,                 0,                 0,    -0.02849112802,   -0.001167878199,      0.1082460772,                 0,       90.67517206
          0,           0,          59,       -6.23801174,      -6.867898409,      -6.763876517,      -5.686412384,             0.448,    0.001195635999,      0.1082444607,                 0,                 0,                 0,    -0.02848683509,   -0.001165988996,      0.1082447841,                 0,       90.53295552
          0,           0,          60,      -6.254280211,      -6.884867069,      -6.775355323,      -5.702824052,             0.448,    0.001197612694,      0.1082439014,                 0,                 0,                 0,     -0.0284828871,   -0.001164000569,       0.108244268,                 0,       90.38306114
          0,           0,          61,       -6.27027308,      -6.902070617,      -6.785990378,      -5.718997319,             0.448,    0.001199610079,      0.1082439643,                 0,                 0,                 0,    -0.02847928669,   -0.001162005032,      0.1082443745,                 0,       90.23262324
          0,           0,          62,      -6.286006657,      -6.919618712,      -6.796356125,      -5.734925569,             0.448,    0.001201537716,      0.1082444813,                 0,                 0,                 0,    -0.02847604897,   -0.001160089133,      0.1082449335,                 0,       90.08829258
          0,           0,          63,      -6.301439616,      -6.937747918,      -6.807102136,      -5.750569733,             0.448,    0.001203319952,      0.1082453288,                 0,                 0,                 0,    -0.02847317163,   -0.001158325808,      0.1082458196,                 0,       89.95556717
          0,           0,          64,      -6.316554237,      -6.956662146,      -6.818175903,      -5.765914843,             0.448,    0.001204897971,      0.1082463845,                 0,                 0,                 0,    -0.02847064028,   -0.001156771194,      0.1082469095,                 0,        89.8386312
          0,           0,          65,      -6.331312777,      -6.976420703,      -6.829526807,      -5.780903238,             0.448,      0.0012062362,      0.1082476154,                 0,                 0,                 0,    -0.02846841143,   -0.001155460137,      0.1082481693,                 0,       89.73998243
          0,           0,          66,      -6.345691382,      -6.996960186,      -6.841375743,       -5.79549772,             0.448,    0.001207307572,      0.1082489543,                 0,                 0,                 0,    -0.02846646667,   -0.001154418227,      0.1082495312,                 0,       89.66145563
          0,           0,          67,      -6.359691284,      -7.018263006,      -6.854031793,      -5.809691796,             0.448,    0.001208104329,      0.1082503751,                 0,                 0,                 0,    -0.02846477009,   -0.001153652655,      0.1082509691,                 0,       89.60349907
          0,           0,          68,      -6.373297886,      -7.040191866,      -6.867584537,      -5.823455313,             0.448,    0.001208633522,      0.1082518644,                 0,                 0,                 0,    -0.02846328017,   -0.001153156076,      0.1082524696,                 0,       89.56549888
          0,           0,          69,      -6.386560197,      -7.062590887,      -6.882243165,       -5.83683868,             0.448,    0.001208913991,       0.108253437,                 0,                 0,                 0,    -0.02846195477,   -0.001152909981,       0.108254048,                 0,        89.5460205
          0,           0,          70,      -6.399495542,      -7.085270731,      -6.897819051,      -5.849865852,             0.448,    0.001208974263,      0.1082551168,                 0,                 0,                 0,    -0.02846075121,   -0.001152886368,      0.1082557287,                 0,       89.54294575
          0,           0,          71,      -6.412144125,      -7.108105724,      -6.914077722,      -5.862579485,             0.448,    0.001208842481,       0.108256886,                 0,                 0,                 0,    -0.02845965029,   -0.001153056713,      0.1082574946,                 0,       89.55417078
          0,           0,          72,      -6.424600741,      -7.130972143,      -6.930692717,      -5.875073149,             0.448,    0.001208551792,      0.1082587445,                 0,                 0,                 0,    -0.02845863118,   -0.001153387877,      0.1082593463,                 0,       89.57724877
          0,           0,          73,      -6.436945546,      -7.153781398,      -6.947595737,      -5.887426401,             0.448,    0.001208136748,      0.1082606693,                 0,                 0,                 0,    -0.02845768345,   -0.001153844811,      0.1082612616,                 0,       89.60961542
          0,           0,          74,      -6.449255999,       -7.17649285,      -6.964633533,      -5.899726049,             0.448,    0.001207635443,      0.1082626608,                 0,                 0,                 0,    -0.02845679053,   -0.001154389439,      0.1082632416,                 0,        89.6484625
          0,           0,          75,      -6.461556352,      -7.199056738,       -6.98155391,      -5.911999444,             0.448,    0.001207087883,      0.1082647603,                 0,                 0,                 0,    -0.02845592487,   -0.001154982671,      0.1082653287,                 0,       89.69086832
          0,           0,          76,      -6.473984218,      -7.221607326,       -6.99830768,      -5.924395796,             0.448,    0.001206525413,      0.1082669711,                 0,                 0,                 0,    -0.02845508439,   -0.001155593235,      0.1082675267,                 0,       89.73451364
          0,           0,          77,      -6.486627297,      -7.244437569,       -7.01458561,      -5.937010253,             0.448,    0.001205975077,      0.1082692929,                 0,                 0,                 0,    -0.02845427369,    -0.00115619409,       0.108269836,                 0,       89.77738842
          0,           0,          78,      -6.499523853,      -7.267517943,      -7.029929734,      -5.949879192,             0.448,    0.001205458455,      0.1082716923,                 0,                 0,                 0,    -0.02845350519,   -0.001156762932,      0.1082722236,                 0,       89.81785469
          0,           0,          79,      -6.512776361,      -7.290629252,      -7.044279956,        -5.9631083,             0.448,    0.001205000125,      0.1082741987,                 0,                 0,                 0,    -0.02845276422,   -0.001157275829,      0.1082747193,                 0,       89.85409747
          0,           0,          80,      -6.526418962,      -7.313662336,      -7.057882854,      -5.976726481,             0.448,    0.001204614493,      0.1082768107,                 0,                 0,                 0,    -0.02845205778,   -0.001157718351,      0.1082773223,                 0,       89.88503072
          0,           0,          81,      -6.540433993,      -7.336674216,      -7.070952476,      -5.990717064,             0.448,    0.001204302683,      0.1082794422,                 0,                 0,                 0,    -0.02845142717,   -0.001158087491,      0.1082799463,                 0,        89.9104882
          0,           0,          82,      -6.554828729,      -7.359463162,       -7.08357015,      -6.005092383,             0.448,    0.001204068249,      0.1082820703,                 0,                 0,                 0,    -0.02845088352,   -0.001158379201,      0.1082825687,                 0,       89.93017659
          0,           0,          83,      -6.569598937,      -7.381663713,      -7.095968281,      -6.019851765,             0.448,     0.00120391312,      0.1082846983,                 0,                 0,                 0,    -0.02845042677,   -0.001158591623,      0.1082851927,                 0,       89.94394735
          0,           0,          84,      -6.584757272,      -7.403066056,       -7.10845726,      -6.035004182,             0.448,     0.00120383256,      0.1082872898,                 0,                 0,                 0,     -0.0284500708,   -0.001158728698,      0.1082877818,                 0,        89.9521191
          0,           0,          85,      -6.600294474,       -7.42351561,      -7.121362578,      -6.050535556,             0.448,    0.001203817932,      0.1082897981,                 0,                 0,                 0,    -0.02844983085,    -0.00115879804,      0.1082902892,                 0,       89.95529574
          0,           0,          86,      -6.616181106,      -7.442970968,       -7.13493755,      -6.066416988,             0.448,    0.001203858107,      0.1082921729,                 0,                 0,                 0,    -0.02844972038,   -0.001158809682,      0.1082926644,                 0,       89.95426648
          0,           0,          87,      -6.632370794,      -7.461411664,      -7.149275616,      -6.082604052,             0.448,    0.001203942406,      0.1082943786,                 0,                 0,                 0,    -0.02844974506,   -0.001158773519,      0.1082948713,                 0,       89.94980001
          0,           0,          88,      -6.648809419,      -7.478796775,      -7.164404725,      -6.099046291,             0.448,    0.001204061225,      0.1082964061,                 0,                 0,                 0,    -0.02844989945,   -0.001158698957,      0.1082969009,                 0,       89.94260739
          0,           0,          89,      -6.665424739,       -7.49523146,      -7.180457046,      -6.115670159,             0.448,    0.001204203438,      0.1082982324,                 0,                 0,                 0,    -0.02845018032,   -0.001158596619,      0.1082987299,                 0,       89.93350208
          0,           0,          90,      -6.682188661,      -7.510910944,      -7.197463118,      -6.132447036,             0.448,    0.001204358444,      0.1082998325,                 0,                 0,                 0,    -0.02845058284,   -0.001158476556,       0.108300333,                 0,       89.92325586
          0,           0,          91,      -6.699029957,      -7.526006628,      -7.215466273,      -6.149300716,             0.448,    0.001204515011,      0.1083011765,                 0,                 0,                 0,    -0.02845110449,   -0.001158349345,      0.1083016801,                 0,       89.91268314
          0,           0,          92,      -6.715873893,       -7.54066651,      -7.234478605,      -6.166158131,             0.448,    0.001204664468,      0.1083022628,                 0,                 0,                 0,    -0.02845173372,   -0.001158223623,      0.1083027694,                 0,       89.90242988
          0,           0,          93,      -6.732682571,      -7.555224863,      -7.254461333,      -6.182982501,             0.448,     0.00120480066,         0.1083031,                 0,                 0,                 0,    -0.02845245324,   -0.001158105725,      0.1083036094,                 0,       89.89296203
          0,           0,          94,      -6.749418366,      -7.569898229,      -7.275261059,      -6.199733309,             0.448,     0.00120491842,      0.1083036937,                 0,                 0,                 0,    -0.02845324636,   -0.001158000945,      0.1083042055,                 0,       89.88466929
          0,           0,          95,      -6.766028158,      -7.584830305,      -7.296634929,      -6.216358232,             0.448,    0.001205014613,      0.1083040599,                 0,                 0,                 0,    -0.02845409333,   -0.001157912763,      0.1083045737,                 0,       89.87779793
          0,           0,          96,      -6.782481659,      -7.600151324,      -7.318307143,       -6.23283051,             0.448,     0.00120508766,      0.1083042196,                 0,                 0,                 0,    -0.02845497422,   -0.001157843218,       0.108304735,                 0,        89.8724825
          0,           0,          97,      -6.798758449,      -7.615955311,      -7.340020788,      -6.249131027,             0.448,     0.00120513571,      0.1083041837,                 0,                 0,                 0,    -0.02845587555,   -0.001157794397,      0.1083047002,                 0,       89.86886941
          0,           0,          98,      -6.814835324,      -7.632286939,      -7.361588305,      -6.265236473,             0.448,    0.001205157964,      0.1083039645,                 0,                 0,                 0,    -0.02845678425,   -0.001157767366,      0.1083044815,                 0,       89.86702801
          0,           0,          99,      -6.830700125,      -7.649116603,      -7.382841244,      -6.281136401,             0.448,    0.001205153884,       0.108303564,                 0,                 0,                 0,    -0.02845769114,   -0.001157762707,       0.108304081,                 0,       89.86699992
          0,           0,         100,       -6.84633794,      -7.666361336,      -7.403551414,       -6.29681354,             0.448,    0.001205127227,       0.108303022,                 0,                 0,                 0,     -0.0284585757,   -0.001157777534,      0.1083035385,                 0,       89.86853798
          0,           0,         101,      -6.861772646,       -7.68397318,      -7.423697753,      -6.312291827,             0.448,     0.00120508141,      0.1083023687,                 0,                 0,                 0,    -0.02845942237,   -0.001157809088,      0.1083028844,                 0,       89.87141265
          0,           0,         102,      -6.877033304,      -7.701969745,      -7.443218483,      -6.327601115,             0.448,    0.001205019613,      0.1083016296,                 0,                 0,                 0,    -0.02846021893,   -0.001157854748,      0.1083021441,                 0,       89.87540821
          0,           0,         103,      -6.892116426,      -7.720235882,      -7.461911963,      -6.342735497,             0.448,    0.001204945997,      0.1083008343,                 0,                 0,                 0,     -0.0284609526,   -0.001157910997,      0.1083013474,                 0,       89.88023908
          0,           0,         104,      -6.907044582,      -7.738511931,      -7.479327566,      -6.357713353,             0.448,    0.001204863767,       0.108300003,                 0,                 0,                 0,    -0.02846161688,   -0.001157975074,      0.1083005145,                 0,       89.88568335
          0,           0,         105,       -6.92184901,      -7.756678557,      -7.495464486,      -6.372563655,             0.448,    0.001204775659,      0.1082991539,                 0,                 0,                 0,    -0.02846220795,   -0.001158044637,      0.1082996637,                 0,       89.89155209
          0,           0,         106,      -6.936525995,      -7.774655757,      -7.510345604,       -6.38727185,             0.448,     0.00120468598,      0.1082983208,                 0,                 0,                 0,    -0.02846271718,   -0.001158116121,      0.1082988288,                 0,       89.89755226
          0,           0,         107,      -6.951107087,      -7.792555652,      -7.524366922,      -6.401871462,             0.448,    0.001204597588,      0.1082975245,                 0,                 0,                 0,    -0.02846314222,   -0.001158187119,      0.1082980307,                 0,        89.9034877
          0,           0,         108,      -6.965592921,      -7.810405123,      -7.537482874,      -6.416364438,             0.448,    0.001204511844,      0.1082967676,                 0,                 0,                 0,    -0.02846348759,   -0.001158256331,      0.1082972721,                 0,       89.90925915
          0,           0,         109,      -6.979973183,      -7.828119322,       -7.54959536,      -6.430738336,             0.448,    0.001204430969,      0.1082960635,                 0,                 0,                 0,    -0.02846375404,   -0.001158321829,      0.1082965665,                 0,       89.91471188
          0,           0,         110,      -6.994278395,      -7.845773791,      -7.560798448,      -6.445028267,             0.448,    0.001204358402,      0.1082954476,                 0,                 0,                 0,    -0.02846393542,   -0.001158380943,      0.1082959492,                 0,       89.91961815
          0,           0,         111,      -7.008553948,      -7.863336503,      -7.571300937,      -6.459276793,             0.448,    0.001204294935,      0.1082949264,                 0,                 0,                 0,    -0.02846403744,   -0.001158433024,      0.1082954267,                 0,       89.92392417
          0,           0,         112,      -7.022831366,      -7.880682838,      -7.581333794,      -6.473514526,             0.448,    0.001204241297,      0.1082945027,                 0,                 0,                 0,    -0.02846406603,   -0.001158477407,       0.108295002,                 0,       89.92757762
          0,           0,         113,      -7.037119604,      -7.897723692,       -7.59099508,      -6.487754857,             0.448,    0.001204198266,      0.1082941851,                 0,                 0,                 0,    -0.02846402451,   -0.001158513498,      0.1082946834,                 0,       89.93052733
          0,           0,         114,      -7.051443084,      -7.914432527,      -7.600343074,      -6.502024882,             0.448,    0.001204166237,      0.1082939764,                 0,                 0,                 0,    -0.02846391834,   -0.001158540966,      0.1082944741,                 0,       89.93274602
          0,           0,         115,      -7.065829936,      -7.930785578,      -7.609517749,      -6.516351152,             0.448,     0.00120414502,      0.1082938792,                 0,                 0,                 0,     -0.0284637538,   -0.001158560059,      0.1082943765,                 0,       89.93424995
          0,           0,         116,      -7.080295867,      -7.946750196,      -7.618688909,      -6.530749687,             0.448,    0.001204134206,      0.1082938935,                 0,                 0,                 0,    -0.02846353702,   -0.001158571181,      0.1082943905,                 0,       89.93506948
          0,           0,         117,      -7.094854109,      -7.962291838,      -7.627967698,      -6.545236227,             0.448,    0.001204132786,      0.1082940129,                 0,                 0,                 0,    -0.02846327592,   -0.001158575208,      0.1082945099,                 0,       89.93527477
          0,           0,         118,      -7.109512484,      -7.977320459,      -7.637457035,      -6.559818818,             0.448,    0.001204139765,      0.1082942346,                 0,                 0,                 0,    -0.02846297721,   -0.001158573066,      0.1082947317,                 0,       89.93493762
          0,           0,         119,      -7.124282472,      -7.991771585,      -7.647258547,      -6.574510584,             0.448,    0.001204154701,      0.1082945568,                 0,                 0,                 0,    -0.02846264574,   -0.001158565163,      0.1082950542,                 0,       89.93408966
          0,           0,         120,       -7.13917287,      -8.005634128,      -7.657481379,      -6.589322448,             0.448,    0.001204176736,      0.1082949747,                 0,                 0,                 0,    -0.02846228679,   -0.001158552249,      0.1082954724,                 0,       89.93279099
          0,           0,         121,      -7.154187684,      -8.018964551,       -7.66818438,      -6.604258351,             0.448,    0.001204204981,      0.1082954831,                 0,                 0,                 0,    -0.02846190515,     -0.0011585351,      0.1082959813,                 0,       89.93110376
          0,           0,         122,       -7.16936395,      -8.031798997,      -7.679384655,      -6.619359176,             0.448,    0.001204238726,      0.1082960775,                 0,                 0,                 0,    -0.02846150476,   -0.001158514329,      0.1082965763,                 0,       89.92907726
          0,           0,         123,      -7.184645314,      -8.044149797,      -7.691209987,      -6.634561775,             0.448,    0.001204276726,      0.1082967511,                 0,                 0,                 0,    -0.02846109106,   -0.001158491033,      0.1082972505,                 0,       89.92679899
          0,           0,         124,      -7.200038482,      -8.056048647,      -7.703746808,      -6.649878101,             0.448,    0.001204317785,      0.1082974964,                 0,                 0,                 0,    -0.02846066882,   -0.001158466244,      0.1082979966,                 0,       89.92435202
          0,           0,         125,      -7.215551022,      -8.067652597,      -7.716978722,      -6.665320565,             0.448,    0.001204360542,      0.1082983036,                 0,                 0,                 0,    -0.02846024298,   -0.001158441106,      0.1082988045,                 0,       89.92182974
          0,           0,         126,      -7.231208988,      -8.079067739,      -7.730882532,      -6.680916808,             0.448,    0.001204404114,      0.1082991663,                 0,                 0,                 0,    -0.02845981682,   -0.001158416363,      0.1082996679,                 0,        89.9192929
          0,           0,         127,      -7.246960401,      -8.090454648,      -7.745645706,      -6.696607936,             0.448,    0.001204447958,      0.1083000807,                 0,                 0,                 0,    -0.02845939254,   -0.001158392479,      0.1083005832,                 0,       89.91677892
          0,           0,         128,      -7.262786285,      -8.101970044,      -7.761198194,      -6.712381245,             0.448,    0.001204491294,       0.108301041,                 0,                 0,                 0,    -0.02845897309,   -0.001158370101,      0.1083015441,                 0,       89.91434107
          0,           0,         129,      -7.278669231,      -8.113769399,      -7.777436355,      -6.728220467,             0.448,    0.001204533276,      0.1083020401,                 0,                 0,                 0,    -0.02845856139,   -0.001158349923,      0.1083025439,                 0,       89.91203663
          0,           0,         130,      -7.294597797,      -8.125922166,       -7.79429523,      -6.744112348,             0.448,    0.001204573296,      0.1083030721,                 0,                 0,                 0,    -0.02845815938,   -0.001158332427,      0.1083035766,                 0,       89.90990625
          0,           0,         131,      -7.310558621,      -8.138470848,       -7.81174522,      -6.760042585,             0.448,     0.00120461097,      0.1083041324,                 0,                 0,                 0,    -0.02845776841,   -0.001158317891,      0.1083046374,                 0,       89.90797449
          0,           0,         132,      -7.326538519,      -8.151471953,      -7.829753879,      -6.775997602,             0.448,    0.001204645865,      0.1083052136,                 0,                 0,                 0,    -0.02845739039,   -0.001158306591,      0.1083057191,                 0,       89.90626765
          0,           0,         133,      -7.342524525,      -8.164982498,      -7.848278452,      -6.791963343,             0.448,    0.001204677909,      0.1083063119,                 0,                 0,                 0,    -0.02845702604,   -0.001158298515,      0.1083068179,                 0,       89.90478795
          0,           0,         134,      -7.358509217,      -8.179035224,      -7.867245373,      -6.807932627,             0.448,    0.001204707033,      0.1083074237,                 0,                 0,                 0,    -0.02845667618,   -0.001158293651,        0.10830793,                 0,        89.9035373
          0,           0,         135,      -7.374491946,      -8.193669016,       -7.88658058,      -6.823905606,             0.448,    0.001204733248,       0.108308545,                 0,                 0,                 0,    -0.02845634147,   -0.001158291904,      0.1083090516,                 0,       89.90251181
          0,           0,         136,      -7.390476513,      -8.208922016,      -7.906204342,      -6.839884801,             0.448,     0.00120475661,      0.1083096713,                 0,                 0,                 0,    -0.02845602254,   -0.001158293117,      0.1083101781,                 0,       89.90170329
          0,           0,         137,      -7.406468002,      -8.224799838,      -7.926021391,      -6.855871251,             0.448,    0.001204777115,      0.1083107975,                 0,                 0,                 0,    -0.02845572023,   -0.001158297185,      0.1083113045,                 0,       89.90110797
          0,           0,         138,      -7.422462071,      -8.241281072,      -7.946045278,      -6.871859879,             0.448,    0.001204794841,      0.1083119193,                 0,                 0,                 0,    -0.02845543537,   -0.001158303936,      0.1083124265,                 0,       89.90071642
          0,           0,         139,      -7.438458209,      -8.258349528,      -7.966142365,      -6.887854986,             0.448,    0.001204809873,      0.1083130324,                 0,                 0,                 0,    -0.02845516896,   -0.001158313189,      0.1083135396,                 0,        89.9005186
          0,           0,         140,      -7.454462131,      -8.275984891,      -7.986140887,      -6.903863032,             0.448,    0.001204822238,      0.1083141317,                 0,                 0,                 0,    -0.02845492221,   -0.001158324808,      0.1083146389,                 0,       89.90050835
          0,           0,         141,      -7.470486258,      -8.294120429,      -8.005902619,      -6.919893819,             0.448,    0.001204832054,      0.1083152128,                 0,                 0,                 0,     -0.0284546959,   -0.001158338578,        0.10831572,                 0,       89.90067326
          0,           0,         142,      -7.486540867,      -8.312674948,      -8.025326748,      -6.935955581,             0.448,    0.001204839482,      0.1083162715,                 0,                 0,                 0,    -0.02845449051,   -0.001158354247,      0.1083167786,                 0,       89.90099769
          0,           0,         143,      -7.502621958,      -8.331572321,      -8.044353211,      -6.952042924,             0.448,     0.00120484475,      0.1083173036,                 0,                 0,                 0,    -0.02845430624,   -0.001158371495,      0.1083178105,                 0,       89.90146126
          0,           0,         144,      -7.518720094,      -8.350719245,      -8.062931729,      -6.968145707,             0.448,    0.001204848062,       0.108318305,                 0,                 0,                 0,    -0.02845414333,   -0.001158390028,      0.1083188118,                 0,       89.90204519
          0,           0,         145,      -7.534862567,      -8.369883396,      -8.080778916,       -6.98429503,             0.448,    0.001204849644,      0.1083192714,                 0,                 0,                 0,    -0.02845400195,    -0.00115840953,       0.108319778,                 0,       89.90272929
          0,           0,         146,      -7.551059364,      -8.388794424,      -8.097908078,      -7.000498028,             0.448,    0.001204849835,         0.1083202,                 0,                 0,                 0,    -0.02845388164,   -0.001158429597,      0.1083207064,                 0,       89.90348577
          0,           0,         147,      -7.567333663,      -8.407332384,      -8.114529763,      -7.016779191,             0.448,    0.001204848754,      0.1083210875,                 0,                 0,                 0,    -0.02845378252,   -0.001158450039,      0.1083215937,                 0,       89.90430308
          0,           0,         148,      -7.583677841,      -8.425422644,      -8.130619066,      -7.033131945,             0.448,    0.001204846453,      0.1083219307,                 0,                 0,                 0,    -0.02845370469,   -0.001158470732,      0.1083224366,                 0,       89.90517452
          0,           0,         149,      -7.600076473,      -8.442952352,      -8.146071704,      -7.049538203,             0.448,    0.001204842991,      0.1083227261,                 0,                 0,                 0,    -0.02845364796,   -0.001158491547,      0.1083232318,                 0,       89.90609314
          0,           0,         150,      -7.616511696,      -8.459713419,      -8.160870309,      -7.065976606,             0.448,    0.001204838458,      0.1083234713,                 0,                 0,                 0,    -0.02845361183,   -0.001158512334,      0.1083239767,                 0,       89.90704982
          0,           0,         151,      -7.632982954,      -8.475519722,      -8.175041906,      -7.082446115,             0.448,    0.001204833071,       0.108324165,                 0,                 0,                 0,    -0.02845359523,   -0.001158532852,      0.1083246701,                 0,       89.90802758
          0,           0,         152,      -7.649488937,      -8.490236685,       -8.18866291,      -7.098944129,             0.448,    0.001204826973,      0.1083248062,                 0,                 0,                 0,     -0.0284535972,   -0.001158552937,       0.108325311,                 0,       89.90901486
          0,           0,         153,      -7.666026188,      -8.503794764,      -8.201831589,      -7.115465464,             0.448,    0.001204820205,       0.108325394,                 0,                 0,                 0,    -0.02845361685,   -0.001158572526,      0.1083258985,                 0,       89.91000777
          0,           0,         154,      -7.682587568,      -8.516220012,      -8.214642947,       -7.13200198,             0.448,    0.001204812807,      0.1083259278,                 0,                 0,                 0,    -0.02845365303,   -0.001158591567,       0.108326432,                 0,       89.91100293
          0,           0,         155,      -7.699162526,      -8.527621496,      -8.227186799,      -7.148542637,             0.448,    0.001204804862,      0.1083264082,                 0,                 0,                 0,    -0.02845370421,    -0.00115860999,      0.1083269121,                 0,       89.91199456
          0,           0,         156,      -7.715741418,      -8.538160234,      -8.239544772,      -7.165077407,             0.448,     0.00120479645,      0.1083268359,                 0,                 0,                 0,    -0.02845376876,   -0.001158627731,      0.1083273396,                 0,       89.91297736
          0,           0,         157,      -7.732318175,      -8.548027316,      -8.251798248,      -7.181600009,             0.448,    0.001204787651,      0.1083272122,                 0,                 0,                 0,    -0.02845384501,   -0.001158644736,      0.1083277156,                 0,       89.91394631
          0,           0,         158,      -7.748887365,      -8.557431174,      -8.264030977,      -7.198104899,             0.448,    0.001204778538,      0.1083275386,                 0,                 0,                 0,    -0.02845393124,   -0.001158660967,      0.1083280417,                 0,       89.91489735
          0,           0,         159,       -7.76544485,      -8.566599489,      -8.276325712,      -7.214588036,             0.448,    0.001204769176,       0.108327817,                 0,                 0,                 0,    -0.02845402575,   -0.001158676401,      0.1083283199,                 0,       89.91582721
          0,           0,         160,      -7.781988061,      -8.575769332,      -8.288759355,      -7.231047314,             0.448,    0.001204759621,      0.1083280499,                 0,                 0,                 0,    -0.02845412685,   -0.001158691034,      0.1083285524,                 0,       89.91673361
          0,           0,         161,      -7.798515408,      -8.585165834,      -8.301400171,      -7.247482036,             0.448,    0.001204749922,      0.1083282396,                 0,                 0,                 0,    -0.02845423291,   -0.001158704868,      0.1083287419,                 0,        89.9176149
          0,           0,         162,      -7.815026859,      -8.594987774,      -8.314306729,      -7.263893465,             0.448,     0.00120474013,      0.1083283889,                 0,                 0,                 0,    -0.02845434233,   -0.001158717914,      0.1083288909,                 0,       89.91846967
          0,           0,         163,      -7.831524426,      -8.605404087,      -8.327528936,      -7.280285121,             0.448,    0.001204730295,      0.1083285007,                 0,                 0,                 0,     -0.0284544536,   -0.001158730187,      0.1083290025,                 0,        89.9192966
          0,           0,         164,      -7.848011969,      -8.616555143,      -8.341109601,      -7.296662523,             0.448,    0.001204720468,      0.1083285781,                 0,                 0,                 0,    -0.02845456531,   -0.001158741699,      0.1083290796,                 0,       89.92009424
          0,           0,         165,      -7.864493971,      -8.628555568,      -8.355084142,      -7.313032097,             0.448,    0.001204710702,      0.1083286243,                 0,                 0,                 0,    -0.02845467607,   -0.001158752472,      0.1083291257,                 0,       89.92086161
          0,           0,         166,      -7.880976999,      -8.641498792,      -8.369479183,      -7.329402732,             0.448,    0.001204701054,      0.1083286428,                 0,                 0,                 0,    -0.02845478466,   -0.001158762521,      0.1083291439,                 0,       89.92159708
          0,           0,         167,      -7.897466235,      -8.655450501,      -8.384306709,      -7.345781692,             0.448,    0.001204691593,      0.1083286362,                 0,                 0,                 0,    -0.02845489007,   -0.001158771837,      0.1083291372,                 0,       89.92229788
          0,           0,         168,      -7.913969316,      -8.670460962,      -8.399587533,      -7.362178331,             0.448,    0.001204682375,      0.1083286078,                 0,                 0,                 0,    -0.02845499132,   -0.001158780432,      0.1083291085,                 0,       89.92296229
          0,           0,         169,      -7.930494531,      -8.686566045,      -8.415333824,      -7.378602845,             0.448,    0.001204673463,      0.1083285606,                 0,                 0,                 0,    -0.02845508759,   -0.001158788312,      0.1083290611,                 0,       89.92358838
          0,           0,         170,      -7.947048979,      -8.703780378,      -8.431542158,      -7.395064727,             0.448,    0.001204664913,      0.1083284975,                 0,                 0,                 0,    -0.02845517819,   -0.001158795484,      0.1083289979,                 0,       89.92417425
          0,           0,         171,      -7.963639718,      -8.722091782,      -8.448196776,       -7.41157321,             0.448,    0.001204656779,      0.1083284216,                 0,                 0,                 0,    -0.02845526253,   -0.001158801959,      0.1083289218,                 0,       89.92471834
          0,           0,         172,      -7.980273471,      -8.741468209,      -8.465276689,      -7.428136623,             0.448,     0.00120464911,      0.1083283354,                 0,                 0,                 0,    -0.02845534017,   -0.001158807746,      0.1083288354,                 0,       89.92521927
          0,           0,         173,      -7.996955897,      -8.761860907,      -8.482757543,      -7.444761858,             0.448,    0.001204641951,      0.1083282416,                 0,                 0,                 0,    -0.02845541076,   -0.001158812858,      0.1083287416,                 0,       89.92567583
          0,           0,         174,      -8.013691305,      -8.783199362,      -8.500608141,      -7.461454193,             0.448,    0.001204635342,      0.1083281427,                 0,                 0,                 0,    -0.02845547408,   -0.001158817307,      0.1083286425,                 0,       89.92608709
          0,           0,         175,      -8.030482834,      -8.805386651,      -8.518787082,      -7.478217406,             0.448,    0.001204629317,      0.1083280409,                 0,                 0,                 0,    -0.02845553002,   -0.001158821109,      0.1083285406,                 0,       89.92645233
          0,           0,         176,      -8.047332436,      -8.828299701,      -8.537243435,      -7.495053697,             0.448,    0.001204623892,       0.108327938,                 0,                 0,                 0,    -0.02845557861,    -0.00115882429,      0.1083284376,                 0,       89.92677193
          0,           0,         177,      -8.064241333,      -8.851790028,       -8.55591719,      -7.511964199,             0.448,    0.001204619094,      0.1083278361,                 0,                 0,                 0,    -0.02845561992,   -0.001158826862,      0.1083283356,                 0,       89.92704547
          0,           0,         178,       -8.08121014,      -8.875685781,      -8.574739422,      -7.528949089,             0.448,    0.001204614947,      0.1083277367,                 0,                 0,                 0,    -0.02845565408,    -0.00115882884,      0.1083282361,                 0,       89.92727256
          0,           0,         179,      -8.098239058,        -8.8997868,      -8.593640076,      -7.546007579,             0.448,    0.001204611453,      0.1083276413,                 0,                 0,                 0,    -0.02845568133,   -0.001158830252,      0.1083281407,                 0,       89.92745417
          0,           0,         180,      -8.115327922,      -8.923882484,       -8.61254903,       -7.56313807,             0.448,    0.001204608609,      0.1083275511,                 0,                 0,                 0,    -0.02845570197,   -0.001158831128,      0.1083280505,                 0,       89.92759165
          0,           0,         181,      -8.132475556,      -8.947751022,        -8.6313952,      -7.580337756,             0.448,    0.001204606402,      0.1083274671,                 0,                 0,                 0,    -0.02845571633,   -0.001158831503,      0.1083279665,                 0,       89.92768668
          0,           0,         182,      -8.149680368,      -8.971165199,      -8.650106387,      -7.597603293,             0.448,    0.001204604815,      0.1083273902,                 0,                 0,                 0,    -0.02845572481,   -0.001158831412,      0.1083278895,                 0,       89.92774133
          0,           0,         183,      -8.166941417,      -8.993905334,      -8.668612398,      -7.614931698,             0.448,    0.001204603823,       0.108327321,                 0,                 0,                 0,    -0.02845572783,   -0.001158830894,      0.1083278203,                 0,       89.92775796
          0,           0,         184,      -8.184258551,      -9.015775864,      -8.686851326,      -7.632320481,             0.448,    0.001204603396,        0.10832726,                 0,                 0,                 0,    -0.02845572582,   -0.001158829991,      0.1083277594,                 0,       89.92773919
          0,           0,         185,      -8.201631961,      -9.036621993,      -8.704774339,      -7.649767461,             0.448,    0.001204603501,      0.1083272077,                 0,                 0,                 0,    -0.02845571922,   -0.001158828744,       0.108327707,                 0,       89.92768791
          0,           0,         186,      -8.219061942,      -9.056342051,      -8.722347151,      -7.667270654,             0.448,    0.001204604098,      0.1083271642,                 0,                 0,                 0,    -0.02845570849,   -0.001158827198,      0.1083276635,                 0,       89.92760723
          0,           0,         187,      -8.236549008,      -9.074893376,      -8.739550266,      -7.684828362,             0.448,    0.001204605144,      0.1083271296,                 0,                 0,                 0,    -0.02845569409,   -0.001158825397,       0.108327629,                 0,       89.92750042
          0,           0,         188,      -8.254093728,      -9.092292796,      -8.756379811,       -7.70243896,             0.448,    0.001204606589,      0.1083271041,                 0,                 0,                 0,    -0.02845567643,   -0.001158823397,      0.1083276036,                 0,       89.92737136
          0,           0,         189,      -8.271689683,      -9.108613903,      -8.772844689,      -7.720093021,             0.448,    0.001204608388,      0.1083270877,                 0,                 0,                 0,    -0.02845565596,    -0.00115882124,      0.1083275872,                 0,       89.92722343
          0,           0,         190,      -8.289344599,      -9.123991169,      -8.788984403,      -7.737797985,             0.448,    0.001204610493,      0.1083270799,                 0,                 0,                 0,    -0.02845563315,   -0.001158818965,      0.1083275794,                 0,       89.92705981
          0,           0,         191,      -8.307061409,       -9.13858662,      -8.804853824,      -7.755554729,             0.448,    0.001204612854,      0.1083270805,                 0,                 0,                 0,    -0.02845560843,   -0.001158816619,      0.1083275801,                 0,       89.92688412
          0,           0,         192,      -8.324840714,      -9.152574914,      -8.820509896,      -7.773363048,             0.448,     0.00120461542,      0.1083270891,                 0,                 0,                 0,    -0.02845558222,   -0.001158814241,      0.1083275887,                 0,        89.9266997
          0,           0,         193,      -8.342682636,      -9.166146888,      -8.836014392,      -7.791222971,             0.448,    0.001204618144,      0.1083271053,                 0,                 0,                 0,    -0.02845555491,   -0.001158811871,       0.108327605,                 0,       89.92650978
          0,           0,         194,      -8.360586818,      -9.179503366,      -8.851442442,      -7.809134011,             0.448,    0.001204620978,      0.1083271286,                 0,                 0,                 0,     -0.0284555269,   -0.001158809546,      0.1083276284,                 0,       89.92631755
          0,           0,         195,       -8.37855157,      -9.192837106,      -8.866881398,      -7.827094532,             0.448,    0.001204623876,      0.1083271585,                 0,                 0,                 0,    -0.02845549854,     -0.0011588073,      0.1083276583,                 0,       89.92612599
          0,           0,         196,      -8.396573825,      -9.206313658,      -8.882421319,       -7.84510199,             0.448,    0.001204626796,      0.1083271944,                 0,                 0,                 0,    -0.02845547015,   -0.001158805164,      0.1083276942,                 0,       89.92593784
          0,           0,         197,      -8.414649404,      -9.220067912,      -8.898146458,      -7.863153155,             0.448,    0.001204629696,      0.1083272356,                 0,                 0,                 0,    -0.02845544205,   -0.001158803164,      0.1083277355,                 0,       89.92575559
          0,           0,         198,      -8.432773006,      -9.234209263,      -8.914132832,      -7.881243997,             0.448,    0.001204632542,      0.1083272817,                 0,                 0,                 0,    -0.02845541449,   -0.001158801324,      0.1083277817,                 0,       89.92558139
          0,           0,         199,      -8.450938001,      -9.248823931,      -8.930449398,        -7.8993694,             0.448,    0.001204635302,      0.1083273319,                 0,                 0,                 0,    -0.02845538773,    -0.00115879966,      0.1083278319,                 0,       89.92541702
          0,           0,         200,      -8.469136329,       -9.26397414,       -8.94715872,      -7.917522988,             0.448,     0.00120463795,      0.1083273856,                 0,                 0,                 0,    -0.02845536199,   -0.001158798184,      0.1083278857,                 0,       89.92526392
          0,           0,         201,      -8.487358518,      -9.279697253,      -8.964315814,      -7.935697104,             0.448,    0.001204640464,      0.1083274422,                 0,                 0,                 0,    -0.02845533745,   -0.001158796905,      0.1083279423,                 0,       89.92512324
          0,           0,         202,      -8.505593868,      -9.296006475,      -8.981966168,      -7.953882967,             0.448,    0.001204642826,       0.108327501,                 0,                 0,                 0,    -0.02845531426,   -0.001158795828,      0.1083280012,                 0,       89.92499577
          0,           0,         203,      -8.523830742,      -9.312892695,      -9.000143925,       -7.97207091,             0.448,    0.001204645022,      0.1083275615,                 0,                 0,                 0,    -0.02845529254,   -0.001158794952,      0.1083280617,                 0,       89.92488205
          0,           0,         204,      -8.542056803,      -9.330326314,      -9.018870598,      -7.990250546,             0.448,    0.001204647043,      0.1083276231,                 0,                 0,                 0,     -0.0284552724,   -0.001158794274,      0.1083281233,                 0,       89.92478231
          0,           0,         205,      -8.560259299,      -9.348259604,      -9.038153994,      -8.008410966,             0.448,    0.001204648883,      0.1083276852,                 0,                 0,                 0,    -0.02845525391,    -0.00115879379,      0.1083281854,                 0,       89.92469653
          0,           0,         206,      -8.578425414,       -9.36662961,      -9.057987291,      -8.026541017,             0.448,    0.001204650539,      0.1083277473,                 0,                 0,                 0,     -0.0284552371,    -0.00115879349,      0.1083282476,                 0,       89.92462448
          0,           0,         207,      -8.596542653,      -9.385361375,       -9.07834817,      -8.044629644,             0.448,    0.001204652012,       0.108327809,                 0,                 0,                 0,      -0.028455222,   -0.001158793362,      0.1083283093,                 0,       89.92456571
          0,           0,         208,      -8.614599239,      -9.404371636,      -9.099197877,      -8.062666238,             0.448,    0.001204653305,      0.1083278698,                 0,                 0,                 0,    -0.02845520862,   -0.001158793395,      0.1083283701,                 0,       89.92451963
          0,           0,         209,      -8.632584499,      -9.423572556,      -9.120480264,      -8.080640985,             0.448,    0.001204654424,      0.1083279293,                 0,                 0,                 0,    -0.02845519693,   -0.001158793574,      0.1083284296,                 0,       89.92448549
          0,           0,         210,      -8.650489235,        -9.4428756,      -9.142120955,      -8.098545206,             0.448,    0.001204655376,      0.1083279871,                 0,                 0,                 0,     -0.0284551869,   -0.001158793884,      0.1083284874,                 0,       89.92446246
          0,           0,         211,      -8.668306073,      -9.462195457,      -9.164026922,      -8.116371676,             0.448,    0.001204656169,       0.108328043,                 0,                 0,                 0,    -0.02845517847,    -0.00115879431,      0.1083285433,                 0,       89.92444963
          0,           0,         212,      -8.686029758,      -9.481454168,      -9.186086659,      -8.134114901,             0.448,    0.001204656814,      0.1083280966,                 0,                 0,                 0,    -0.02845517158,   -0.001158794836,      0.1083285969,                 0,       89.92444605
          0,           0,         213,      -8.703657373,      -9.500584792,      -9.208171273,      -8.151771348,             0.448,     0.00120465732,      0.1083281478,                 0,                 0,                 0,    -0.02845516616,   -0.001158795447,      0.1083286481,                 0,       89.92445076
          0,           0,         214,      -8.721188489,      -9.519534349,      -9.230136753,      -8.169339614,             0.448,    0.001204657699,      0.1083281964,                 0,                 0,                 0,    -0.02845516212,   -0.001158796128,      0.1083286967,                 0,       89.92446278
          0,           0,         215,      -8.738625231,      -9.538265803,      -9.251827767,      -8.186820516,             0.448,    0.001204657962,      0.1083282422,                 0,                 0,                 0,    -0.02845515937,   -0.001158796864,      0.1083287425,                 0,       89.92448118
          0,           0,         216,      -8.755972257,      -9.556758878,       -9.27308322,      -8.204217117,             0.448,    0.001204658119,      0.1083282851,                 0,                 0,                 0,    -0.02845515781,   -0.001158797642,      0.1083287854,                 0,       89.92450503
          0,           0,         217,      -8.773236657,      -9.575009632,      -9.293743589,       -8.22153468,             0.448,    0.001204658183,      0.1083283251,                 0,                 0,                 0,    -0.02845515735,   -0.001158798451,      0.1083288253,                 0,       89.92453348
          0,           0,         218,      -8.790427769,       -9.59302895,      -9.313659742,       -8.23878054,             0.448,    0.001204658162,       0.108328362,                 0,                 0,                 0,    -0.02845515787,   -0.001158799278,      0.1083288623,                 0,       89.92456572
          0,           0,         219,      -8.807556928,        -9.6108399,      -9.332702546,      -8.255963922,             0.448,    0.001204658067,       0.108328396,                 0,                 0,                 0,    -0.02845515928,   -0.001158800114,      0.1083288963,                 0,       89.92460101
          0,           0,         220,      -8.824637151,      -9.628474319,      -9.350772295,      -8.273095695,             0.448,    0.001204657907,       0.108328427,                 0,                 0,                 0,    -0.02845516148,    -0.00115880095,      0.1083289273,                 0,       89.92463868
          0,           0,         221,      -8.841682779,      -9.645968987,      -9.367806736,      -8.290188084,             0.448,    0.001204657691,      0.1083284551,                 0,                 0,                 0,    -0.02845516436,   -0.001158801779,      0.1083289553,                 0,        89.9246781
          0,           0,         222,      -8.858709087,      -9.663361929,      -9.383786537,      -8.307254342,             0.448,    0.001204657427,      0.1083284803,                 0,                 0,                 0,    -0.02845516784,   -0.001158802593,      0.1083289805,                 0,       89.92471874
          0,           0,         223,      -8.875731878,      -9.680688746,      -9.398737349,      -8.324308411,             0.448,    0.001204657123,      0.1083285027,                 0,                 0,                 0,    -0.02845517181,   -0.001158803386,      0.1083290029,                 0,       89.92476009
          0,           0,         224,      -8.892767079,      -9.697979888,      -9.412728122,      -8.341364574,             0.448,    0.001204656784,      0.1083285225,                 0,                 0,                 0,    -0.02845517619,   -0.001158804156,      0.1083290227,                 0,       89.92480175
          0,           0,         225,      -8.909830342,      -9.715258308,      -9.425865973,       -8.35843711,             0.448,    0.001204656418,      0.1083285397,                 0,                 0,                 0,    -0.02845518089,   -0.001158804897,      0.1083290399,                 0,       89.92484334
          0,           0,         226,      -8.926936674,      -9.732538019,      -9.438288434,      -8.375539963,             0.448,    0.001204656031,      0.1083285545,                 0,                 0,                 0,    -0.02845518585,   -0.001158805606,      0.1083290546,                 0,       89.92488453
          0,           0,         227,      -8.944100081,      -9.749823434,      -9.450154238,      -8.392686429,             0.448,    0.001204655627,      0.1083285669,                 0,                 0,                 0,    -0.02845519098,   -0.001158806283,      0.1083290671,                 0,       89.92492506
          0,           0,         228,       -8.96133325,      -9.767109377,      -9.461633849,      -8.409888859,             0.448,     0.00120465521,      0.1083285772,                 0,                 0,                 0,    -0.02845519621,   -0.001158806924,      0.1083290774,                 0,       89.92496469
          0,           0,         229,      -8.978647258,      -9.784381859,      -9.472900754,      -8.427158393,             0.448,    0.001204654786,      0.1083285855,                 0,                 0,                 0,     -0.0284552015,   -0.001158807529,      0.1083290857,                 0,       89.92500324
          0,           0,         230,      -8.996051305,      -9.801619521,      -9.484124215,      -8.444504699,             0.448,    0.001204654358,      0.1083285919,                 0,                 0,                 0,    -0.02845520678,   -0.001158808097,      0.1083290921,                 0,       89.92504054
          0,           0,         231,      -9.013552478,      -9.818795515,      -9.495463805,      -8.461935738,             0.448,    0.001204653928,      0.1083285966,                 0,                 0,                 0,      -0.028455212,   -0.001158808628,      0.1083290967,                 0,       89.92507647
          0,           0,         232,      -9.031155536,      -9.835879833,      -9.507065734,      -8.479457544,             0.448,    0.001204653501,      0.1083285997,                 0,                 0,                 0,    -0.02845521713,   -0.001158809122,      0.1083290998,                 0,       89.92511093
          0,           0,         233,      -9.048862703,      -9.852842039,      -9.519060772,      -8.497074007,             0.448,    0.001204653078,      0.1083286013,                 0,                 0,                 0,    -0.02845522212,    -0.00115880958,      0.1083291014,                 0,       89.92514383
          0,           0,         234,      -9.066673497,      -9.869654071,      -9.531563435,      -8.514786667,             0.448,    0.001204652663,      0.1083286017,                 0,                 0,                 0,    -0.02845522695,   -0.001158810003,      0.1083291017,                 0,       89.92517512
          0,           0,         235,      -9.084584555,      -9.886292811,      -9.544672089,       -8.53259452,             0.448,    0.001204652256,      0.1083286008,                 0,                 0,                 0,    -0.02845523159,   -0.001158810391,      0.1083291009,                 0,       89.92520477
          0,           0,         236,      -9.102589487,      -9.902742723,      -9.558469624,      -8.550493837,             0.448,     0.00120465186,      0.1083285989,                 0,                 0,                 0,    -0.02845523603,   -0.001158810745,       0.108329099,                 0,       89.92523273
          0,           0,         237,      -9.120678764,      -9.918997823,      -9.573024421,      -8.568477997,             0.448,    0.001204651477,      0.1083285961,                 0,                 0,                 0,    -0.02845524024,   -0.001158811067,      0.1083290961,                 0,       89.92525901
          0,           0,         238,      -9.138839624,      -9.935063171,      -9.588391371,      -8.586537361,             0.448,    0.001204651107,      0.1083285924,                 0,                 0,                 0,    -0.02845524421,   -0.001158811357,      0.1083290925,                 0,        89.9252836
          0,           0,         239,      -9.157056052,      -9.950955583,      -9.604612805,      -8.604659183,             0.448,    0.001204650752,      0.1083285881,                 0,                 0,                 0,    -0.02845524795,   -0.001158811618,      0.1083290882,                 0,       89.92530653
          0,           0,         240,      -9.175308807,      -9.966703562,      -9.621719184,      -8.622827588,             0.448,    0.001204650412,      0.1083285832,                 0,                 0,                 0,    -0.02845525144,    -0.00115881185,      0.1083290832,                 0,        89.9253278
          0,           0,         241,      -9.193575555,      -9.982346535,       -9.63972949,      -8.641023621,             0.448,    0.001204650088,      0.1083285777,                 0,                 0,                 0,    -0.02845525469,   -0.001158812055,      0.1083290778,                 0,       89.92534746
          0,           0,         242,       -9.21183109,      -9.997933408,      -9.658651255,      -8.659225403,             0.448,     0.00120464978,      0.1083285719,                 0,                 0,                 0,     -0.0284552577,   -0.001158812235,      0.1083290719,                 0,       89.92536555
          0,           0,         243,      -9.230047686,      -10.01352054,      -9.678480203,      -8.677408379,             0.448,    0.001204649489,      0.1083285656,                 0,                 0,                 0,    -0.02845526048,    -0.00115881239,      0.1083290657,                 0,       89.92538212
          0,           0,         244,      -9.248195572,      -10.02916928,      -9.699199489,      -8.695545701,             0.448,    0.001204649214,      0.1083285591,                 0,                 0,                 0,    -0.02845526303,   -0.001158812523,      0.1083290592,                 0,       89.92539724
          0,           0,         245,      -9.266243538,      -10.04494326,      -9.720778528,      -8.713608716,             0.448,    0.001204648956,      0.1083285524,                 0,                 0,                 0,    -0.02845526536,   -0.001158812635,      0.1083290525,                 0,       89.92541097
          0,           0,         246,      -9.284159672,      -10.06090581,      -9.743171453,      -8.731567587,             0.448,    0.001204648713,      0.1083285456,                 0,                 0,                 0,    -0.02845526748,   -0.001158812728,      0.1083290456,                 0,       89.92542338
          0,           0,         247,      -9.301912201,      -10.07711726,      -9.766315251,      -8.749392005,             0.448,    0.001204648486,      0.1083285386,                 0,                 0,                 0,    -0.02845526941,   -0.001158812803,      0.1083290386,                 0,       89.92543455
          0,           0,         248,      -9.319470414,      -10.09363248,      -9.790127687,      -8.767052001,             0.448,    0.001204648274,      0.1083285316,                 0,                 0,                 0,    -0.02845527116,   -0.001158812862,      0.1083290316,                 0,       89.92544456
          0,           0,         249,      -9.336805632,      -10.11049865,      -9.814505186,      -8.784518809,             0.448,    0.001204648076,      0.1083285245,                 0,                 0,                 0,    -0.02845527274,   -0.001158812906,      0.1083290245,                 0,        89.9254535
          0,           0,         250,      -9.353892177,      -10.12775368,      -9.839320921,      -8.801765752,             0.448,    0.001204647891,      0.1083285175,                 0,                 0,                 0,    -0.02845527416,   -0.001158812938,      0.1083290175,                 0,       89.92546144
          0,           0,         251,      -9.370708278,      -10.14542428,      -9.864423561,      -8.818769115,             0.448,    0.001204647719,      0.1083285105,                 0,                 0,                 0,    -0.02845527543,   -0.001158812957,      0.1083290105,                 0,       89.92546847
          0,           0,         252,       -9.38723688,      -10.16352513,      -9.889637066,      -8.835508945,             0.448,    0.001204647559,      0.1083285036,                 0,                 0,                 0,    -0.02845527657,   -0.001158812966,      0.1083290036,                 0,       89.92547467
          0,           0,         253,      -9.403466277,      -10.18205775,      -9.914762269,      -8.851969737,             0.448,     0.00120464741,      0.1083284967,                 0,                 0,                 0,    -0.02845527759,   -0.001158812965,      0.1083289967,                 0,       89.92548012
          0,           0,         254,      -9.419390537,      -10.20101016,      -9.939580808,      -8.868140967,             0.448,    0.001204647271,        0.10832849,                 0,                 0,                 0,    -0.02845527851,   -0.001158812957,      0.1083289899,                 0,       89.92548489
          0,           0,         255,      -9.435009696,      -10.22035669,      -9.963862026,      -8.884017431,             0.448,    0.001204647141,      0.1083284833,                 0,                 0,                 0,    -0.02845527932,   -0.001158812941,      0.1083289833,                 0,       89.92548904
          0,           0,         256,      -9.450329689,      -10.24005807,      -9.987373088,      -8.899599364,             0.448,    0.001204647021,      0.1083284768,                 0,                 0,                 0,    -0.02845528004,    -0.00115881292,      0.1083289768,                 0,       89.92549264
          0,           0,         257,      -9.465362026,      -10.26006227,      -10.00989204,       -8.91489234,             0.448,    0.001204646908,      0.1083284704,                 0,                 0,                 0,    -0.02845528069,   -0.001158812894,      0.1083289704,                 0,       89.92549575
          0,           0,         258,      -9.480123264,       -10.2803055,      -10.03122283,      -8.929906963,             0.448,    0.001204646804,      0.1083284642,                 0,                 0,                 0,    -0.02845528126,   -0.001158812863,      0.1083289642,                 0,       89.92549841
          0,           0,         259,      -9.494634277,       -10.3007139,      -10.05121048,      -8.944658373,             0.448,    0.001204646706,      0.1083284582,                 0,                 0,                 0,    -0.02845528177,   -0.001158812828,      0.1083289581,                 0,       89.92550066
          0,           0,         260,        -9.5089194,      -10.32120544,       -10.0697541,      -8.959165603,             0.448,    0.001204646615,      0.1083284523,                 0,                 0,                 0,    -0.02845528222,    -0.00115881279,      0.1083289522,                 0,       89.92550254
          0,           0,         261,      -9.523005491,       -10.3416928,      -10.08681554,      -8.973450823,             0.448,    0.001204646531,      0.1083284465,                 0,                 0,                 0,    -0.02845528261,   -0.001158812749,      0.1083289465,                 0,       89.92550408
          0,           0,         262,      -9.536920951,      -10.36208655,      -10.10242183,      -8.987538518,             0.448,    0.001204646453,       0.108328441,                 0,                 0,                 0,    -0.02845528296,   -0.001158812706,       0.108328941,                 0,       89.92550531
          0,           0,         263,      -9.550694778,       -10.3822987,      -10.11666131,      -9.001454646,             0.448,     0.00120464638,      0.1083284356,                 0,                 0,                 0,    -0.02845528327,   -0.001158812661,      0.1083289356,                 0,       89.92550623
          0,           0,         264,      -9.564355653,      -10.40224681,       -10.1296738,      -9.015225802,             0.448,    0.001204646314,      0.1083284304,                 0,                 0,                 0,    -0.02845528353,   -0.001158812614,      0.1083289304,                 0,       89.92550687
          0,           0,         265,      -9.577931134,      -10.42185799,      -10.14163693,      -9.028878434,             0.448,    0.001204646253,      0.1083284254,                 0,                 0,                 0,    -0.02845528375,   -0.001158812565,      0.1083289253,                 0,       89.92550725
          0,           0,         266,      -9.591446963,      -10.44107259,      -10.15275082,      -9.042438138,             0.448,    0.001204646198,      0.1083284205,                 0,                 0,                 0,    -0.02845528394,   -0.001158812515,      0.1083289205,                 0,       89.92550736
          0,           0,         267,      -9.604926513,      -10.45984714,      -10.16322324,      -9.055929064,             0.448,    0.001204646148,      0.1083284158,                 0,                 0,                 0,     -0.0284552841,   -0.001158812463,      0.1083289158,                 0,       89.92550723
          0,           0,         268,      -9.618390384,        -10.478156,      -10.17325693,      -9.069373434,             0.448,    0.001204646103,      0.1083284114,                 0,                 0,                 0,    -0.02845528422,    -0.00115881241,      0.1083289114,                 0,       89.92550684
          0,           0,         269,      -9.631856126,      -10.49599276,      -10.18303976,      -9.082791182,             0.448,    0.001204646064,      0.1083284071,                 0,                 0,                 0,    -0.02845528431,   -0.001158812356,      0.1083289071,                 0,       89.92550622
          0,           0,         270,      -9.645338126,      -10.51336911,      -10.19273826,      -9.096199719,             0.448,    0.001204646029,       0.108328403,                 0,                 0,                 0,    -0.02845528437,     -0.0011588123,       0.108328903,                 0,       89.92550535
          0,           0,         271,      -9.658847596,      -10.53031332,      -10.20249383,      -9.109613807,             0.448,       0.001204646,       0.108328399,                 0,                 0,                 0,    -0.02845528441,   -0.001158812244,       0.108328899,                 0,       89.92550426
          0,           0,         272,       -9.67239268,      -10.54686714,      -10.21242144,      -9.123045545,             0.448,    0.001204645977,      0.1083283953,                 0,                 0,                 0,    -0.02845528441,   -0.001158812186,      0.1083288953,                 0,       89.92550293
          0,           0,         273,      -9.685978638,      -10.56308252,       -10.2226098,      -9.136504414,             0.448,    0.001204645958,      0.1083283917,                 0,                 0,                 0,     -0.0284552844,   -0.001158812127,      0.1083288917,                 0,       89.92550137
          0,           0,         274,      -9.699608112,      -10.57901773,      -10.23312291,      -9.149997426,             0.448,    0.001204645944,      0.1083283884,                 0,                 0,                 0,    -0.02845528435,   -0.001158812067,      0.1083288883,                 0,       89.92549958
          0,           0,         275,      -9.713281454,      -10.59473263,      -10.24400207,      -9.163529323,             0.448,    0.001204645935,      0.1083283852,                 0,                 0,                 0,    -0.02845528429,   -0.001158812006,      0.1083288851,                 0,       89.92549758
          0,           0,         276,      -9.726997066,      -10.61028637,      -10.25526841,      -9.177102799,             0.448,    0.001204645931,      0.1083283821,                 0,                 0,                 0,     -0.0284552842,   -0.001158811944,      0.1083288821,                 0,       89.92549537
          0,           0,         277,      -9.740751791,      -10.62573273,      -10.26692537,      -9.190718789,             0.448,    0.001204645932,      0.1083283793,                 0,                 0,                 0,    -0.02845528409,   -0.001158811881,      0.1083288793,                 0,       89.92549296
          0,           0,         278,      -9.754541304,      -10.64111864,      -10.27896136,       -9.20437675,             0.448,    0.001204645937,      0.1083283766,                 0,                 0,                 0,    -0.02845528397,   -0.001158811818,      0.1083288766,                 0,       89.92549035
          0,           0,         279,      -9.768360473,      -10.65648235,      -10.29135222,      -9.218074949,             0.448,    0.001204645947,      0.1083283741,                 0,                 0,                 0,    -0.02845528383,   -0.001158811753,      0.1083288741,                 0,       89.92548756
          0,           0,         280,       -9.78220374,      -10.67185183,      -10.30406377,      -9.231810755,             0.448,    0.001204645961,      0.1083283718,                 0,                 0,                 0,    -0.02845528367,   -0.001158811689,      0.1083288718,                 0,       89.92548459
          0,           0,         281,      -9.796065431,      -10.68724439,      -10.31705418,      -9.245580908,             0.448,    0.001204645978,      0.1083283696,                 0,                 0,                 0,    -0.02845528351,   -0.001158811624,      0.1083288696,                 0,       89.92548148
          0,           0,         282,      -9.809940049,      -10.70266696,      -10.33027642,       -9.25938176,             0.448,    0.001204645999,      0.1083283676,                 0,                 0,                 0,    -0.02845528333,   -0.001158811558,      0.1083288676,                 0,       89.92547822
          0,           0,         283,      -9.823822511,      -10.71811629,      -10.34368059,      -9.273209491,             0.448,    0.001204646024,      0.1083283657,                 0,                 0,                 0,    -0.02845528314,   -0.001158811493,      0.1083288657,                 0,       89.92547483
          0,           0,         284,      -9.837708323,      -10.73358068,      -10.35721622,      -9.287060287,             0.448,    0.001204646052,       0.108328364,                 0,                 0,                 0,    -0.02845528295,   -0.001158811428,       0.108328864,                 0,       89.92547134
          0,           0,         285,      -9.851593716,      -10.74904007,      -10.37083452,      -9.300930478,             0.448,    0.001204646082,      0.1083283624,                 0,                 0,                 0,    -0.02845528275,   -0.001158811363,      0.1083288624,                 0,       89.92546777
          0,           0,         286,      -9.865475704,      -10.76446877,       -10.3844905,      -9.314816631,             0.448,    0.001204646115,       0.108328361,                 0,                 0,                 0,    -0.02845528255,   -0.001158811299,       0.108328861,                 0,       89.92546412
          0,           0,         287,       -9.87935211,      -10.77983574,      -10.39814475,      -9.328715622,             0.448,     0.00120464615,      0.1083283597,                 0,                 0,                 0,    -0.02845528234,   -0.001158811236,      0.1083288597,                 0,       89.92546041
          0,           0,         288,      -9.893221515,      -10.79510793,      -10.41176504,      -9.342624645,             0.448,    0.001204646187,      0.1083283585,                 0,                 0,                 0,    -0.02845528214,   -0.001158811173,      0.1083288585,                 0,       89.92545668
          0,           0,         289,      -9.907083203,      -10.81025081,      -10.42532759,      -9.356541219,             0.448,    0.001204646225,      0.1083283574,                 0,                 0,                 0,    -0.02845528194,   -0.001158811111,      0.1083288574,                 0,       89.92545293
          0,           0,         290,      -9.920937037,      -10.82523063,      -10.43881775,      -9.370463148,             0.448,    0.001204646265,      0.1083283565,                 0,                 0,                 0,    -0.02845528175,   -0.001158811051,      0.1083288565,                 0,       89.92544919
          0,           0,         291,      -9.934783331,      -10.84001646,      -10.45223037,      -9.384388476,             0.448,    0.001204646305,      0.1083283556,                 0,                 0,                 0,    -0.02845528156,   -0.001158810992,      0.1083288556,                 0,       89.92544547
          0,           0,         292,      -9.948622701,      -10.85458068,      -10.46556962,       -9.39831541,             0.448,    0.001204646346,      0.1083283548,                 0,                 0,                 0,    -0.02845528138,   -0.001158810934,      0.1083288548,                 0,       89.92544179
          0,           0,         293,      -9.962455904,      -10.86890105,      -10.47884841,      -9.412242256,             0.448,    0.001204646387,      0.1083283542,                 0,                 0,                 0,    -0.02845528121,   -0.001158810879,      0.1083288542,                 0,       89.92543816
          0,           0,         294,      -9.976283705,      -10.88296057,      -10.49208738,      -9.426167356,             0.448,    0.001204646428,      0.1083283536,                 0,                 0,                 0,    -0.02845528105,   -0.001158810825,      0.1083288536,                 0,       89.92543461
          0,           0,         295,      -9.990106714,      -10.89674938,      -10.50531357,       -9.44008899,             0.448,    0.001204646469,      0.1083283531,                 0,                 0,                 0,     -0.0284552809,   -0.001158810773,      0.1083288531,                 0,       89.92543114
          0,           0,         296,      -10.00392529,      -10.91026383,      -10.51855898,      -9.454005354,             0.448,    0.001204646509,      0.1083283526,                 0,                 0,                 0,    -0.02845528076,   -0.001158810723,      0.1083288526,                 0,       89.92542778
          0,           0,         297,      -10.01773944,      -10.92350664,      -10.53185888,      -9.467914492,             0.448,    0.001204646548,      0.1083283522,                 0,                 0,                 0,    -0.02845528064,   -0.001158810675,      0.1083288522,                 0,       89.92542452
          0,           0,         298,      -10.03154875,      -10.93648729,      -10.54525019,      -9.481814301,             0.448,    0.001204646586,      0.1083283519,                 0,                 0,                 0,    -0.02845528053,   -0.001158810629,      0.1083288519,                 0,       89.92542138
          0,           0,         299,      -10.04535237,      -10.94922018,       -10.5587699,      -9.495702506,             0.448,    0.001204646624,      0.1083283516,                 0,                 0,                 0,    -0.02845528043,   -0.001158810586,      0.1083288516,                 0,       89.92541837
          0,           0,         300,      -10.05914905,      -10.96172541,      -10.57245363,      -9.509576719,             0.448,    0.001204646659,      0.1083283514,                 0,                 0,                 0,    -0.02845528034,   -0.001158810545,      0.1083288514,                 0,        89.9254155
          0,           0,         301,      -10.07293715,       -10.9740266,      -10.58633429,      -9.523434485,             0.448,    0.001204646694,      0.1083283512,                 0,                 0,                 0,    -0.02845528027,   -0.001158810506,      0.1083288512,                 0,       89.92541277
          0,           0,         302,      -10.08671474,      -10.98615128,      -10.60044101,       -9.53727336,             0.448,    0.001204646727,       0.108328351,                 0,                 0,                 0,    -0.02845528021,    -0.00115881047,       0.108328851,                 0,       89.92541019
          0,           0,         303,       -10.1004797,      -10.99812934,      -10.61479822,      -9.551091007,             0.448,    0.001204646758,      0.1083283509,                 0,                 0,                 0,    -0.02845528016,   -0.001158810436,      0.1083288509,                 0,       89.92540775
          0,           0,         304,      -10.11422989,      -11.00999204,      -10.62942479,      -9.564885316,             0.448,    0.001204646787,      0.1083283508,                 0,                 0,                 0,    -0.02845528013,   -0.001158810404,      0.1083288508,                 0,       89.92540547
          0,           0,         305,      -10.12796322,      -11.02177313,      -10.64433352,      -9.578654483,             0.448,    0.001204646815,      0.1083283507,                 0,                 0,                 0,     -0.0284552801,   -0.001158810375,      0.1083288507,                 0,       89.92540334
          0,           0,         306,      -10.14167783,      -11.03350586,      -10.65953049,      -9.592397141,             0.448,     0.00120464684,      0.1083283506,                 0,                 0,                 0,    -0.02845528009,   -0.001158810348,      0.1083288506,                 0,       89.92540136
          0,           0,         307,      -10.15537218,      -11.04522486,      -10.67501479,      -9.606112405,             0.448,    0.001204646864,      0.1083283506,                 0,                 0,                 0,    -0.02845528009,   -0.001158810323,      0.1083288506,                 0,       89.92539953
          0,           0,         308,      -10.16904521,      -11.05696493,       -10.6907782,       -9.61979998,             0.448,    0.001204646886,      0.1083283505,                 0,                 0,                 0,     -0.0284552801,   -0.001158810299,      0.1083288505,                 0,       89.92539784
          0,           0,         309,       -10.1826964,      -11.06876034,      -10.70680497,      -9.633460163,             0.448,    0.001204646907,      0.1083283505,                 0,                 0,                 0,    -0.02845528012,   -0.001158810278,      0.1083288505,                 0,        89.9253963
          0,           0,         310,      -10.19632588,      -11.08064589,      -10.72307183,      -9.647093934,             0.448,    0.001204646925,      0.1083283505,                 0,                 0,                 0,    -0.02845528015,   -0.001158810259,      0.1083288505,                 0,        89.9253949
          0,           0,         311,      -10.20993445,      -11.09265527,      -10.73954805,      -9.660702932,             0.448,    0.001204646942,      0.1083283504,                 0,                 0,                 0,    -0.02845528018,   -0.001158810242,      0.1083288505,                 0,       89.92539363
          0,           0,         312,      -10.22352367,      -11.10482183,      -10.75619569,      -9.674289478,             0.448,    0.001204646957,      0.1083283504,                 0,                 0,                 0,    -0.02845528022,   -0.001158810227,      0.1083288504,                 0,       89.92539249
          0,           0,         313,      -10.23709586,      -11.11717828,      -10.77297001,      -9.687856555,             0.448,     0.00120464697,      0.1083283504,                 0,                 0,                 0,    -0.02845528027,   -0.001158810213,      0.1083288504,                 0,       89.92539147
          0,           0,         314,      -10.25065407,      -11.12975535,      -10.78982014,      -9.701407766,             0.448,    0.001204646982,      0.1083283504,                 0,                 0,                 0,    -0.02845528032,   -0.001158810201,      0.1083288504,                 0,       89.92539057
          0,           0,         315,      -10.26420206,      -11.14258285,      -10.80668984,      -9.714947305,             0.448,    0.001204646993,      0.1083283504,                 0,                 0,                 0,    -0.02845528037,    -0.00115881019,      0.1083288504,                 0,       89.92538978
          0,           0,         316,      -10.27774429,      -11.15568792,       -10.8235187,      -9.728479876,             0.448,    0.001204647002,      0.1083283504,                 0,                 0,                 0,    -0.02845528042,   -0.001158810181,      0.1083288504,                 0,        89.9253891
          0,           0,         317,      -10.29128576,      -11.16909577,       -10.8402434,      -9.742010627,             0.448,     0.00120464701,      0.1083283503,                 0,                 0,                 0,    -0.02845528048,   -0.001158810173,      0.1083288504,                 0,       89.92538851
          0,           0,         318,      -10.30483199,      -11.18282817,      -10.85679934,      -9.755545049,             0.448,    0.001204647016,      0.1083283503,                 0,                 0,                 0,    -0.02845528053,   -0.001158810166,      0.1083288504,                 0,         89.925388
          0,           0,         319,      -10.31838889,      -11.19690431,       -10.8731225,      -9.769088894,             0.448,    0.001204647022,      0.1083283503,                 0,                 0,                 0,    -0.02845528059,    -0.00115881016,      0.1083288503,                 0,       89.92538759
          0,           0,         320,      -10.33196264,      -11.21133932,       -10.8891514,      -9.782648074,             0.448,    0.001204647026,      0.1083283503,                 0,                 0,                 0,    -0.02845528064,   -0.001158810155,      0.1083288503,                 0,       89.92538724
          0,           0,         321,      -10.34555962,      -11.22614389,      -10.90482923,      -9.796228577,             0.448,    0.001204647029,      0.1083283503,                 0,                 0,                 0,    -0.02845528069,   -0.001158810151,      0.1083288503,                 0,       89.92538697
          0,           0,         322,      -10.35918624,      -11.24132353,      -10.92010593,      -9.809836374,             0.448,    0.001204647032,      0.1083283503,                 0,                 0,                 0,    -0.02845528073,   -0.001158810148,      0.1083288503,                 0,       89.92538676
          0,           0,         323,      -10.37284887,      -11.25687931,      -10.93494005,      -9.823477337,             0.448,    0.001204647034,      0.1083283503,                 0,                 0,                 0,    -0.02845528078,   -0.001158810146,      0.1083288503,                 0,        89.9253866
          0,           0,         324,      -10.38655375,      -11.27280654,      -10.94930062,      -9.837157198,             0.448,    0.001204647035,      0.1083283502,                 0,                 0,                 0,    -0.02845528081,   -0.001158810145,      0.1083288503,                 0,       89.92538649
          0,           0,         325,      -10.40030693,      -11.28909438,      -10.96316821,      -9.850881482,             0.448,    0.001204647036,      0.1083283502,                 0,                 0,                 0,    -0.02845528085,   -0.001158810144,      0.1083288503,                 0,       89.92538643
          0,           0,         326,      -10.41411416,      -11.30572611,      -10.97653579,      -9.864655485,             0.448,    0.001204647036,      0.1083283502,                 0,                 0,                 0,    -0.02845528088,   -0.001158810143,      0.1083288503,                 0,       89.92538641
          0,           0,         327,      -10.42798087,       -11.3226781,      -10.98940894,      -9.878484216,             0.448,    0.001204647036,      0.1083283502,                 0,                 0,                 0,     -0.0284552809,   -0.001158810143,      0.1083288503,                 0,       89.92538642
          0,           0,         328,      -10.44191213,      -11.33992222,      -11.00180548,      -9.892372432,             0.448,    0.001204647036,      0.1083283502,                 0,                 0,                 0,    -0.02845528092,   -0.001158810144,      0.1083288503,                 0,       89.92538646
          0,           0,         329,      -10.45591264,      -11.35742308,      -11.01375462,      -9.906324608,             0.448,    0.001204647035,      0.1083283502,                 0,                 0,                 0,    -0.02845528093,   -0.001158810145,      0.1083288503,                 0,       89.92538653
          0,           0,         330,      -10.46998666,      -11.37513932,      -11.02529576,      -9.920344919,             0.448,    0.001204647034,      0.1083283503,                 0,                 0,                 0,    -0.02845528094,   -0.001158810146,      0.1083288503,                 0,       89.92538662
          0,           0,         331,      -10.48413805,      -11.39302551,      -11.03647674,      -9.934437265,             0.448,    0.001204647033,      0.1083283503,                 0,                 0,                 0,    -0.02845528095,   -0.001158810148,      0.1083288503,                 0,       89.92538673
          0,           0,         332,      -10.49837025,      -11.41103126,      -11.04735222,      -9.948605251,             0.448,    0.001204647031,      0.1083283503,                 0,                 0,                 0,    -0.02845528094,    -0.00115881015,      0.1083288503,                 0,       89.92538685
          0,           0,         333,      -10.51268627,      -11.42910174,      -11.05798172,      -9.962852217,             0.448,     0.00120464703,      0.1083283503,                 0,                 0,                 0,    -0.02845528094,   -0.001158810152,      0.1083288503,                 0,       89.92538699
          0,           0,         334,      -10.52708865,      -11.44718148,      -11.06842782,      -9.977181169,             0.448,    0.001204647028,      0.1083283504,                 0,                 0,                 0,    -0.02845528093,   -0.001158810154,      0.1083288504,                 0,       89.92538713
          0,           0,         335,      -10.54157952,      -11.46521175,       -11.0787546,      -9.991594837,             0.448,    0.001204647026,      0.1083283504,                 0,                 0,                 0,    -0.02845528091,   -0.001158810157,      0.1083288504,                 0,       89.92538729
          0,           0,         336,      -10.55616051,      -11.48313327,      -11.08902599,      -10.00609557,             0.448,    0.001204647025,      0.1083283504,                 0,                 0,                 0,     -0.0284552809,    -0.00115881016,      0.1083288505,                 0,       89.92538745
          0,           0,         337,      -10.57083279,      -11.50088867,      -11.09930464,      -10.02068536,             0.448,    0.001204647023,      0.1083283505,                 0,                 0,                 0,    -0.02845528088,   -0.001158810162,      0.1083288505,                 0,       89.92538761
          0,           0,         338,      -10.58559701,       -11.5184222,      -11.10965081,      -10.03536581,             0.448,    0.001204647022,      0.1083283506,                 0,                 0,                 0,    -0.02845528085,   -0.001158810165,      0.1083288506,                 0,       89.92538778
          0,           0,         339,      -10.60045325,        -11.535683,      -11.12012175,        -10.050138,             0.448,     0.00120464702,      0.1083283506,                 0,                 0,                 0,    -0.02845528083,   -0.001158810168,      0.1083288506,                 0,       89.92538795
          0,           0,         340,      -10.61540108,      -11.55262326,      -11.13077101,      -10.06500254,             0.448,    0.001204647018,      0.1083283507,                 0,                 0,                 0,     -0.0284552808,   -0.001158810171,      0.1083288507,                 0,       89.92538812
          0,           0,         341,      -10.63043942,      -11.56920272,      -11.14164815,      -10.07995944,             0.448,    0.001204647017,      0.1083283507,                 0,                 0,                 0,    -0.02845528077,   -0.001158810174,      0.1083288508,                 0,       89.92538829
          0,           0,         342,      -10.64556653,       -11.5853884,      -11.15279855,      -10.09500808,             0.448,    0.001204647015,      0.1083283508,                 0,                 0,                 0,    -0.02845528073,   -0.001158810177,      0.1083288508,                 0,       89.92538847
          0,           0,         343,      -10.66078004,      -11.60115448,      -11.16426327,      -10.11014714,             0.448,    0.001204647014,      0.1083283509,                 0,                 0,                 0,     -0.0284552807,    -0.00115881018,      0.1083288509,                 0,       89.92538864
          0,           0,         344,      -10.67607678,      -11.61648429,      -11.17607916,      -10.12537451,             0.448,    0.001204647012,       0.108328351,                 0,                 0,                 0,    -0.02845528067,   -0.001158810183,       0.108328851,                 0,       89.92538881
          0,           0,         345,      -10.69145291,      -11.63136951,       -11.1882788,       -10.1406873,             0.448,    0.001204647011,      0.1083283511,                 0,                 0,                 0,    -0.02845528064,   -0.001158810186,      0.1083288511,                 0,       89.92538897
          0,           0,         346,      -10.70690372,      -11.64580922,      -11.20089061,      -10.15608172,             0.448,     0.00120464701,      0.1083283511,                 0,                 0,                 0,     -0.0284552806,   -0.001158810189,      0.1083288512,                 0,       89.92538914
          0,           0,         347,      -10.72242376,      -11.65981132,      -11.21393898,      -10.17155313,             0.448,    0.001204647008,      0.1083283512,                 0,                 0,                 0,    -0.02845528057,   -0.001158810193,      0.1083288512,                 0,        89.9253893
          0,           0,         348,      -10.73800675,      -11.67339024,      -11.22744433,      -10.18709591,             0.448,    0.001204647007,      0.1083283513,                 0,                 0,                 0,    -0.02845528054,   -0.001158810196,      0.1083288513,                 0,       89.92538947
          0,           0,         349,      -10.75364557,       -11.6865673,      -11.24142325,      -10.20270353,             0.448,    0.001204647006,      0.1083283514,                 0,                 0,                 0,    -0.02845528051,   -0.001158810199,      0.1083288514,                 0,       89.92538963
          0,           0,         350,      -10.76933235,      -11.69936943,      -11.25588819,      -10.21836855,             0.448,    0.001204647005,      0.1083283515,                 0,                 0,                 0,    -0.02845528048,   -0.001158810202,      0.1083288515,                 0,       89.92538979
          0,           0,         351,      -10.78505845,      -11.71182756,      -11.27084782,       -10.2340826,             0.448,    0.001204647003,      0.1083283515,                 0,                 0,                 0,    -0.02845528046,   -0.001158810205,      0.1083288516,                 0,       89.92538995
          0,           0,         352,      -10.80081455,      -11.72397597,      -11.28630664,      -10.24983649,             0.448,    0.001204647002,      0.1083283516,                 0,                 0,                 0,    -0.02845528043,   -0.001158810208,      0.1083288516,                 0,       89.92539011
          0,           0,         353,      -10.81659066,      -11.73585335,      -11.30226503,      -10.26562023,             0.448,    0.001204647001,      0.1083283517,                 0,                 0,                 0,    -0.02845528041,   -0.001158810211,      0.1083288517,                 0,       89.92539027
          0,           0,         354,      -10.83237627,       -11.7474988,      -11.31871892,      -10.28142315,             0.448,    0.001204646999,      0.1083283518,                 0,                 0,                 0,    -0.02845528039,   -0.001158810213,      0.1083288518,                 0,       89.92539043
          0,           0,         355,      -10.84816045,      -11.75895403,      -11.33565937,        -10.297234,             0.448,    0.001204646998,      0.1083283518,                 0,                 0,                 0,    -0.02845528037,   -0.001158810216,      0.1083288518,                 0,       89.92539059
          0,           0,         356,      -10.86393193,       -11.7702617,      -11.35307247,      -10.31304103,             0.448,    0.001204646996,      0.1083283519,                 0,                 0,                 0,    -0.02845528035,   -0.001158810219,      0.1083288519,                 0,       89.92539075
          0,           0,         357,      -10.87967933,       -11.7814647,      -11.37093893,      -10.32883227,             0.448,    0.001204646995,      0.1083283519,                 0,                 0,                 0,    -0.02845528034,   -0.001158810222,       0.108328852,                 0,       89.92539091
          0,           0,         358,      -10.89539123,      -11.79260677,      -11.38923329,      -10.34459558,             0.448,    0.001204646993,       0.108328352,                 0,                 0,                 0,    -0.02845528033,   -0.001158810225,       0.108328852,                 0,       89.92539107
          0,           0,         359,      -10.91105642,      -11.80373241,      -11.40792402,      -10.36031888,             0.448,    0.001204646992,       0.108328352,                 0,                 0,                 0,    -0.02845528032,   -0.001158810227,      0.1083288521,                 0,       89.92539123
          0,           0,         360,      -10.92666406,      -11.81488595,       -11.4269724,      -10.37599038,             0.448,     0.00120464699,      0.1083283521,                 0,                 0,                 0,    -0.02845528031,    -0.00115881023,      0.1083288521,                 0,       89.92539139
          0,           0,         361,      -10.94220392,      -11.82611035,       -11.4463328,      -10.39159877,             0.448,    0.001204646988,      0.1083283521,                 0,                 0,                 0,    -0.02845528031,   -0.001158810232,      0.1083288521,                 0,       89.92539155
          0,           0,         362,      -10.95766659,      -11.83744846,      -11.46595178,      -10.40713356,             0.448,    0.001204646987,      0.1083283521,                 0,                 0,                 0,    -0.02845528031,   -0.001158810235,      0.1083288522,                 0,       89.92539171
          0,           0,         363,      -10.97304362,      -11.84894456,      -11.48576821,      -10.42258506,             0.448,    0.001204646985,      0.1083283522,                 0,                 0,                 0,    -0.02845528031,   -0.001158810237,      0.1083288522,                 0,       89.92539187
          0,           0,         364,      -10.98832792,      -11.86064047,      -11.50571322,      -10.43794497,             0.448,    0.001204646983,      0.1083283522,                 0,                 0,                 0,    -0.02845528031,   -0.001158810239,      0.1083288522,                 0,       89.92539202
          0,           0,         365,      -11.00351375,      -11.87257501,       -11.5257105,      -10.45320636,             0.448,    0.001204646981,      0.1083283522,                 0,                 0,                 0,    -0.02845528031,   -0.001158810242,      0.1083288522,                 0,       89.92539218
          0,           0,         366,      -11.01859702,      -11.88478857,      -11.54567682,      -10.46836386,             0.448,    0.001204646979,      0.1083283522,                 0,                 0,                 0,    -0.02845528032,   -0.001158810244,      0.1083288522,                 0,       89.92539233
          0,           0,         367,      -11.03357541,      -11.89731853,      -11.56552332,      -10.48341397,             0.448,    0.001204646977,      0.1083283522,                 0,                 0,                 0,    -0.02845528033,   -0.001158810246,      0.1083288522,                 0,       89.92539248
          0,           0,         368,      -11.04844846,      -11.91020087,      -11.58515688,      -10.49835504,             0.448,    0.001204646975,      0.1083283522,                 0,                 0,                 0,    -0.02845528034,   -0.001158810248,      0.1083288522,                 0,       89.92539262
          0,           0,         369,      -11.06321764,      -11.92346685,      -11.60448255,      -10.51318746,             0.448,    0.001204646973,      0.1083283522,                 0,                 0,                 0,    -0.02845528035,   -0.001158810249,      0.1083288522,                 0,       89.92539276
          0,           0,         370,      -11.07788622,       -11.9371496,       -11.6234061,      -10.52791341,             0.448,    0.001204646971,      0.1083283522,                 0,                 0,                 0,    -0.02845528036,   -0.001158810251,      0.1083288522,                 0,       89.92539289
          0,           0,         371,      -11.09245947,       -11.9512736,      -11.64183731,      -10.54253716,             0.448,    0.001204646969,      0.1083283522,                 0,                 0,                 0,    -0.02845528037,   -0.001158810253,      0.1083288522,                 0,       89.92539302
          0,           0,         372,      -11.10694434,      -11.96586431,      -11.65969351,      -10.55706476,             0.448,    0.001204646968,      0.1083283522,                 0,                 0,                 0,    -0.02845528038,   -0.001158810254,      0.1083288522,                 0,       89.92539314
          0,           0,         373,      -11.12134944,      -11.98094017,      -11.67690324,      -10.57150399,             0.448,    0.001204646966,      0.1083283521,                 0,                 0,                 0,    -0.02845528039,   -0.001158810255,      0.1083288522,                 0,       89.92539326
          0,           0,         374,      -11.13568495,      -11.99651717,      -11.69341005,      -10.58586447,             0.448,    0.001204646964,      0.1083283521,                 0,                 0,                 0,    -0.02845528041,   -0.001158810256,      0.1083288521,                 0,       89.92539337
          0,           0,         375,      -11.14996238,      -12.01260553,      -11.70917493,      -10.60015705,             0.448,    0.001204646962,      0.1083283521,                 0,                 0,                 0,    -0.02845528042,   -0.001158810257,      0.1083288521,                 0,       89.92539347
          0,           0,         376,      -11.16419436,      -12.02920822,       -11.7241786,      -10.61439401,             0.448,    0.001204646961,       0.108328352,                 0,                 0,                 0,    -0.02845528043,   -0.001158810258,      0.1083288521,                 0,       89.92539356
          0,           0,         377,      -11.17839452,      -12.04632012,        -11.738422,      -10.62858882,             0.448,    0.001204646959,       0.108328352,                 0,                 0,                 0,    -0.02845528045,   -0.001158810259,       0.108328852,                 0,       89.92539364
          0,           0,         378,      -11.19257723,      -12.06393271,      -11.75192687,      -10.64275578,             0.448,    0.001204646958,       0.108328352,                 0,                 0,                 0,    -0.02845528046,    -0.00115881026,       0.108328852,                 0,       89.92539372
          0,           0,         379,      -11.20675734,      -12.08203316,      -11.76473392,      -10.65690972,             0.448,    0.001204646956,      0.1083283519,                 0,                 0,                 0,    -0.02845528047,    -0.00115881026,      0.1083288519,                 0,       89.92539379
          0,           0,         380,         -11.22095,      -12.10059566,      -11.77690038,      -10.67106611,             0.448,    0.001204646955,      0.1083283519,                 0,                 0,                 0,    -0.02845528049,   -0.001158810261,      0.1083288519,                 0,       89.92539385
          0,           0,         381,      -11.23517017,      -12.11958762,      -11.78849773,      -10.68524033,             0.448,    0.001204646954,      0.1083283518,                 0,                 0,                 0,     -0.0284552805,   -0.001158810261,      0.1083288519,                 0,        89.9253939
          0,           0,         382,      -11.24943281,      -12.13896944,      -11.79960807,      -10.69944776,             0.448,    0.001204646953,      0.1083283518,                 0,                 0,                 0,    -0.02845528051,   -0.001158810261,      0.1083288518,                 0,       89.92539395
          0,           0,         383,      -11.26375239,      -12.15869607,      -11.81032012,      -10.71370356,             0.448,    0.001204646952,      0.1083283518,                 0,                 0,                 0,    -0.02845528052,   -0.001158810261,      0.1083288518,                 0,       89.92539399
          0,           0,         384,      -11.27814267,      -12.17870913,      -11.82072691,      -10.72802218,             0.448,    0.001204646951,      0.1083283517,                 0,                 0,                 0,    -0.02845528053,   -0.001158810261,      0.1083288517,                 0,       89.92539402
          0,           0,         385,      -11.29261663,      -12.19894515,      -11.83092115,      -10.74241744,             0.448,     0.00120464695,      0.1083283517,                 0,                 0,                 0,    -0.02845528054,   -0.001158810261,      0.1083288517,                 0,       89.92539404
          0,           0,         386,      -11.30718624,      -12.21932659,      -11.84099426,      -10.75690227,             0.448,    0.001204646949,      0.1083283516,                 0,                 0,                 0,    -0.02845528055,   -0.001158810261,      0.1083288516,                 0,       89.92539405
          0,           0,         387,      -11.32186233,      -12.23977507,      -11.85103315,       -10.7714885,             0.448,    0.001204646949,      0.1083283516,                 0,                 0,                 0,    -0.02845528055,    -0.00115881026,      0.1083288516,                 0,       89.92539406
          0,           0,         388,       -11.3366545,      -12.26019553,      -11.86111927,      -10.78618683,             0.448,    0.001204646948,      0.1083283515,                 0,                 0,                 0,    -0.02845528056,    -0.00115881026,      0.1083288516,                 0,       89.92539406
          0,           0,         389,       -11.3515709,      -12.28049397,      -11.87132788,      -10.80100654,             0.448,    0.001204646948,      0.1083283515,                 0,                 0,                 0,    -0.02845528057,   -0.001158810259,      0.1083288515,                 0,       89.92539406
          0,           0,         390,      -11.36661823,       -12.3005645,       -11.8817264,      -10.81595548,             0.448,    0.001204646948,      0.1083283515,                 0,                 0,                 0,    -0.02845528057,   -0.001158810259,      0.1083288515,                 0,       89.92539405
          0,           0,         391,      -11.38180171,      -12.32030829,      -11.89237568,       -10.8310401,             0.448,    0.001204646948,      0.1083283514,                 0,                 0,                 0,    -0.02845528058,   -0.001158810258,      0.1083288515,                 0,       89.92539404
          0,           0,         392,      -11.39712494,       -12.3396179,      -11.90332844,      -10.84626519,             0.448,    0.001204646948,      0.1083283514,                 0,                 0,                 0,    -0.02845528058,   -0.001158810258,      0.1083288514,                 0,       89.92539402
          0,           0,         393,       -11.4125897,      -12.35840036,      -11.91463135,      -10.86163377,             0.448,    0.001204646948,      0.1083283514,                 0,                 0,                 0,    -0.02845528058,   -0.001158810257,      0.1083288514,                 0,       89.92539399
          0,           0,         394,      -11.42819633,      -12.37656058,      -11.92632396,      -10.87714746,             0.448,    0.001204646948,      0.1083283513,                 0,                 0,                 0,    -0.02845528058,   -0.001158810256,      0.1083288514,                 0,       89.92539396
          0,           0,         395,       -11.4439432,      -12.39402959,      -11.93843963,      -10.89280574,             0.448,    0.001204646948,      0.1083283513,                 0,                 0,                 0,    -0.02845528058,   -0.001158810256,      0.1083288513,                 0,       89.92539393
          0,           0,         396,       -11.4598272,      -12.41074912,      -11.95100624,      -10.90860667,             0.448,    0.001204646948,      0.1083283513,                 0,                 0,                 0,    -0.02845528058,   -0.001158810255,      0.1083288513,                 0,       89.92539389
          0,           0,         397,      -11.47584342,      -12.42667655,      -11.96404646,       -10.9245464,             0.448,    0.001204646948,      0.1083283513,                 0,                 0,                 0,    -0.02845528058,   -0.001158810254,      0.1083288513,                 0,       89.92539385
          0,           0,         398,      -11.49198523,      -12.44180038,       -11.9775782,      -10.94061948,             0.448,    0.001204646949,      0.1083283513,                 0,                 0,                 0,    -0.02845528058,   -0.001158810253,      0.1083288513,                 0,       89.92539381
          0,           0,         399,      -11.50824442,       -12.4561134,      -11.99161461,      -10.95681855,             0.448,    0.001204646949,      0.1083283512,                 0,                 0,                 0,    -0.02845528058,   -0.001158810253,      0.1083288513,                 0,       89.92539376
          0,           0,         400,      -11.52461111,      -12.46966415,       -12.0061654,      -10.97313468,             0.448,    0.001204646949,      0.1083283512,                 0,                 0,                 0,    -0.02845528058,   -0.001158810252,      0.1083288512,                 0,       89.92539372
          0,           0,         401,      -11.54107418,      -12.48247857,      -12.02123617,      -10.98955749,             0.448,     0.00120464695,      0.1083283512,                 0,                 0,                 0,    -0.02845528057,   -0.001158810251,      0.1083288512,                 0,       89.92539367
          0,           0,         402,       -11.5576208,      -12.49463928,      -12.03682887,      -11.00607483,             0.448,    0.001204646951,      0.1083283512,                 0,                 0,                 0,    -0.02845528057,    -0.00115881025,      0.1083288512,                 0,       89.92539362
          0,           0,         403,      -11.57423695,      -12.50621437,      -12.05294196,      -11.02267316,             0.448,    0.001204646951,      0.1083283512,                 0,                 0,                 0,    -0.02845528057,   -0.001158810249,      0.1083288512,                 0,       89.92539357
          0,           0,         404,      -11.59090751,      -12.51730073,      -12.06956996,      -11.03933793,             0.448,    0.001204646952,      0.1083283512,                 0,                 0,                 0,    -0.02845528056,   -0.001158810249,      0.1083288512,                 0,       89.92539351
          0,           0,         405,      -11.60761617,      -12.52798833,      -12.08670472,      -11.05605295,             0.448,    0.001204646952,      0.1083283512,                 0,                 0,                 0,    -0.02845528056,   -0.001158810248,      0.1083288512,                 0,       89.92539346
          0,           0,         406,      -11.62434589,      -12.53838139,      -12.10433363,      -11.07280133,             0.448,    0.001204646953,      0.1083283512,                 0,                 0,                 0,    -0.02845528056,   -0.001158810247,      0.1083288512,                 0,       89.92539341
          0,           0,         407,      -11.64107895,       -12.5485614,      -12.12244049,      -11.08956535,             0.448,    0.001204646954,      0.1083283512,                 0,                 0,                 0,    -0.02845528055,   -0.001158810246,      0.1083288512,                 0,       89.92539336
          0,           0,         408,      -11.65779733,       -12.5586335,      -12.14100468,      -11.10632668,             0.448,    0.001204646955,      0.1083283512,                 0,                 0,                 0,    -0.02845528055,   -0.001158810246,      0.1083288512,                 0,        89.9253933
          0,           0,         409,      -11.67448249,      -12.56868306,      -12.16000165,      -11.12306632,             0.448,    0.001204646955,      0.1083283512,                 0,                 0,                 0,    -0.02845528054,   -0.001158810245,      0.1083288512,                 0,       89.92539325
          0,           0,         410,      -11.69111638,      -12.57878895,      -12.17940131,      -11.13976559,             0.448,    0.001204646956,      0.1083283512,                 0,                 0,                 0,    -0.02845528054,   -0.001158810244,      0.1083288512,                 0,        89.9253932
          0,           0,         411,      -11.70768095,      -12.58902363,      -12.19916892,      -11.15640571,             0.448,    0.001204646957,      0.1083283512,                 0,                 0,                 0,    -0.02845528053,   -0.001158810244,      0.1083288512,                 0,       89.92539315
          0,           0,         412,      -11.72415884,      -12.59946414,      -12.21926386,      -11.17296834,             0.448,    0.001204646957,      0.1083283512,                 0,                 0,                 0,    -0.02845528053,   -0.001158810243,      0.1083288512,                 0,        89.9253931
          0,           0,         413,      -11.74053387,       -12.6101619,      -12.23963916,      -11.18943606,             0.448,    0.001204646958,      0.1083283512,                 0,                 0,                 0,    -0.02845528052,   -0.001158810243,      0.1083288512,                 0,       89.92539306
          0,           0,         414,      -11.75679096,       -12.6211752,      -12.26024206,      -11.20579249,             0.448,    0.001204646959,      0.1083283512,                 0,                 0,                 0,    -0.02845528052,   -0.001158810242,      0.1083288512,                 0,       89.92539301
          0,           0,         415,      -11.77291643,      -12.63253463,       -12.2810135,      -11.22202253,             0.448,     0.00120464696,      0.1083283512,                 0,                 0,                 0,    -0.02845528051,   -0.001158810242,      0.1083288513,                 0,       89.92539297
          0,           0,         416,      -11.78889867,      -12.64430051,      -12.30188567,      -11.23811305,             0.448,     0.00120464696,      0.1083283512,                 0,                 0,                 0,    -0.02845528051,   -0.001158810241,      0.1083288513,                 0,       89.92539292
          0,           0,         417,      -11.80472816,      -12.65650209,      -12.32278602,       -11.2540528,             0.448,    0.001204646961,      0.1083283513,                 0,                 0,                 0,     -0.0284552805,   -0.001158810241,      0.1083288513,                 0,       89.92539288
          0,           0,         418,       -11.8203977,      -12.66915393,      -12.34363665,      -11.26983295,             0.448,    0.001204646962,      0.1083283513,                 0,                 0,                 0,     -0.0284552805,   -0.001158810241,      0.1083288513,                 0,       89.92539285
          0,           0,         419,      -11.83590229,      -12.68229261,      -12.36435062,      -11.28544686,             0.448,    0.001204646962,      0.1083283513,                 0,                 0,                 0,     -0.0284552805,    -0.00115881024,      0.1083288513,                 0,       89.92539281
          0,           0,         420,       -11.8512404,      -12.69591805,      -12.38484148,      -11.30089118,             0.448,    0.001204646963,      0.1083283513,                 0,                 0,                 0,    -0.02845528049,    -0.00115881024,      0.1083288513,                 0,       89.92539278
          0,           0,         421,      -11.86641217,       -12.7100665,      -12.40501717,      -11.31616464,             0.448,    0.001204646963,      0.1083283513,                 0,                 0,                 0,    -0.02845528049,    -0.00115881024,      0.1083288513,                 0,       89.92539275
          0,           0,         422,      -11.88142098,      -12.72473425,      -12.42478656,      -11.33126884,             0.448,    0.001204646964,      0.1083283513,                 0,                 0,                 0,    -0.02845528049,    -0.00115881024,      0.1083288513,                 0,       89.92539272
          0,           0,         423,      -11.89627235,      -12.73993335,      -12.44405877,       -11.3462079,             0.448,    0.001204646964,      0.1083283513,                 0,                 0,                 0,    -0.02845528048,   -0.001158810239,      0.1083288514,                 0,        89.9253927
          0,           0,         424,      -11.91097491,       -12.7556457,      -12.46275326,      -11.36098928,             0.448,    0.001204646965,      0.1083283514,                 0,                 0,                 0,    -0.02845528048,   -0.001158810239,      0.1083288514,                 0,       89.92539267
          0,           0,         425,       -11.9255382,      -12.77190174,      -12.48079244,      -11.37562076,             0.448,    0.001204646965,      0.1083283514,                 0,                 0,                 0,    -0.02845528048,   -0.001158810239,      0.1083288514,                 0,       89.92539265
          0,           0,         426,      -11.93997514,      -12.78867335,      -12.49811804,      -11.39011454,             0.448,    0.001204646966,      0.1083283514,                 0,                 0,                 0,    -0.02845528047,   -0.001158810239,      0.1083288514,                 0,       89.92539264
          0,           0,         427,      -11.95429915,      -12.80595157,      -12.51467799,      -11.40448302,             0.448,    0.001204646966,      0.1083283514,                 0,                 0,                 0,    -0.02845528047,   -0.001158810239,      0.1083288514,                 0,       89.92539262
          0,           0,         428,      -11.96852625,      -12.82369257,      -12.53044789,      -11.41874159,             0.448,    0.001204646966,      0.1083283514,                 0,                 0,                 0,    -0.02845528047,   -0.001158810239,      0.1083288514,                 0,       89.92539261
          0,           0,         429,       -11.9826725,      -12.84190789,      -12.54541551,      -11.43290613,             0.448,    0.001204646967,      0.1083283514,                 0,                 0,                 0,    -0.02845528047,   -0.001158810239,      0.1083288515,                 0,        89.9253926
          0,           0,         430,       -11.9967554,      -12.86054422,      -12.55959146,      -11.44699375,             0.448,    0.001204646967,      0.1083283514,                 0,                 0,                 0,    -0.02845528047,   -0.001158810239,      0.1083288515,                 0,       89.92539259
          0,           0,         431,      -12.01079311,      -12.87957698,      -12.57300392,      -11.46102283,             0.448,    0.001204646967,      0.1083283515,                 0,                 0,                 0,    -0.02845528046,   -0.001158810239,      0.1083288515,                 0,       89.92539259
          0,           0,         432,      -12.02480371,      -12.89894624,      -12.58569629,      -11.47501138,             0.448,    0.001204646967,      0.1083283515,                 0,                 0,                 0,    -0.02845528046,   -0.001158810239,      0.1083288515,                 0,       89.92539258
          0,           0,         433,      -12.03880552,      -12.91860322,      -12.59773247,      -11.48897878,             0.448,    0.001204646968,      0.1083283515,                 0,                 0,                 0,    -0.02845528046,   -0.001158810239,      0.1083288515,                 0,       89.92539258
          0,           0,         434,      -12.05281617,      -12.93849973,      -12.60918646,      -11.50294318,             0.448,    0.001204646968,      0.1083283515,                 0,                 0,                 0,    -0.02845528046,   -0.001158810239,      0.1083288515,                 0,       89.92539258
          0,           0,         435,      -12.06685267,      -12.95855994,      -12.62014137,      -11.51692219,             0.448,    0.001204646968,      0.1083283515,                 0,                 0,                 0,    -0.02845528046,    -0.00115881024,      0.1083288515,                 0,       89.92539258
          0,           0,         436,      -12.08093231,       -12.9787384,      -12.63068323,      -11.53093419,             0.448,    0.001204646968,      0.1083283515,                 0,                 0,                 0,    -0.02845528046,    -0.00115881024,      0.1083288515,                 0,       89.92539259
          0,           0,         437,      -12.09506925,      -12.99895092,      -12.64090445,      -11.54499445,             0.448,    0.001204646968,      0.1083283515,                 0,                 0,                 0,    -0.02845528046,    -0.00115881024,      0.1083288516,                 0,       89.92539259
          0,           0,         438,      -12.10927835,      -13.01907831,      -12.65089709,      -11.55911941,             0.448,    0.001204646968,      0.1083283515,                 0,                 0,                 0,    -0.02845528046,    -0.00115881024,      0.1083288516,                 0,        89.9253926
          0,           0,         439,      -12.12357219,      -13.03906969,      -12.66074792,      -11.57332253,             0.448,    0.001204646968,      0.1083283515,                 0,                 0,                 0,    -0.02845528046,    -0.00115881024,      0.1083288516,                 0,       89.92539261
          0,           0,         440,      -12.13796258,      -13.05886377,      -12.67054291,      -11.58761698,             0.448,    0.001204646968,      0.1083283516,                 0,                 0,                 0,    -0.02845528046,   -0.001158810241,      0.1083288516,                 0,       89.92539261
          0,           0,         441,      -12.15245815,      -13.07838221,      -12.68035984,      -11.60201347,             0.448,    0.001204646968,      0.1083283516,                 0,                 0,                 0,    -0.02845528046,   -0.001158810241,      0.1083288516,                 0,       89.92539262
          0,           0,         442,      -12.16706772,      -13.09749041,      -12.69027402,      -11.61652139,             0.448,    0.001204646968,      0.1083283516,                 0,                 0,                 0,    -0.02845528046,   -0.001158810241,      0.1083288516,                 0,       89.92539263
          0,           0,         443,       -12.1817972,      -13.11613441,      -12.70034802,      -11.63114892,             0.448,    0.001204646968,      0.1083283516,                 0,                 0,                 0,    -0.02845528046,   -0.001158810241,      0.1083288516,                 0,       89.92539264
          0,           0,         444,      -12.19665108,      -13.13426612,      -12.71064233,      -11.64590138,             0.448,    0.001204646968,      0.1083283516,                 0,                 0,                 0,    -0.02845528046,   -0.001158810241,      0.1083288516,                 0,       89.92539266
          0,           0,         445,      -12.21163215,      -13.15179195,       -12.7212097,      -11.66078381,             0.448,    0.001204646968,      0.1083283516,                 0,                 0,                 0,    -0.02845528046,   -0.001158810242,      0.1083288516,                 0,       89.92539267
          0,           0,         446,      -12.22674095,      -13.16870523,      -12.73209662,      -11.67579759,             0.448,    0.001204646968,      0.1083283516,                 0,                 0,                 0,    -0.02845528046,   -0.001158810242,      0.1083288516,                 0,       89.92539268
          0,           0,         447,      -12.24197719,      -13.18496547,      -12.74334064,      -11.69094402,             0.448,    0.001204646967,      0.1083283516,                 0,                 0,                 0,    -0.02845528046,   -0.001158810242,      0.1083288516,                 0,       89.92539269
          0,           0,         448,      -12.25733717,      -13.20048906,      -12.75497907,      -11.70622102,             0.448,    0.001204646967,      0.1083283516,                 0,                 0,                 0,    -0.02845528046,   -0.001158810242,      0.1083288516,                 0,        89.9253927
          0,           0,         449,       -12.2728161,      -13.21536836,      -12.76703725,      -11.72162433,             0.448,    0.001204646967,      0.1083283516,                 0,                 0,                 0,    -0.02845528047,   -0.001158810243,      0.1083288516,                 0,       89.92539272
          0,           0,         450,      -12.28840787,      -13.22958459,      -12.77953986,      -11.73714981,             0.448,    0.001204646967,      0.1083283516,                 0,                 0,                 0,    -0.02845528047,   -0.001158810243,      0.1083288516,                 0,       89.92539273
          0,           0,         451,      -12.30410465,      -13.24315001,      -12.79250578,      -11.75278991,             0.448,    0.001204646967,      0.1083283516,                 0,                 0,                 0,    -0.02845528047,   -0.001158810243,      0.1083288516,                 0,       89.92539274
          0,           0,         452,       -12.3198977,      -13.25608793,      -12.80595231,      -11.76853757,             0.448,    0.001204646967,      0.1083283516,                 0,                 0,                 0,    -0.02845528047,   -0.001158810243,      0.1083288516,                 0,       89.92539276
          0,           0,         453,      -12.33577363,       -13.2685304,      -12.81988859,      -11.78437985,             0.448,    0.001204646967,      0.1083283516,                 0,                 0,                 0,    -0.02845528047,   -0.001158810243,      0.1083288516,                 0,       89.92539277
          0,           0,         454,      -12.35172196,      -13.28047913,      -12.83432376,      -11.80030665,             0.448,    0.001204646967,      0.1083283516,                 0,                 0,                 0,    -0.02845528047,   -0.001158810244,      0.1083288516,                 0,       89.92539278
          0,           0,         455,      -12.36772731,      -13.29203036,      -12.84926098,      -11.81630326,             0.448,    0.001204646966,      0.1083283516,                 0,                 0,                 0,    -0.02845528047,   -0.001158810244,      0.1083288517,                 0,       89.92539279
          0,           0,         456,      -12.38377625,      -13.30323518,        -12.864701,      -11.83235656,             0.448,    0.001204646966,      0.1083283516,                 0,                 0,                 0,    -0.02845528047,   -0.001158810244,      0.1083288517,                 0,        89.9253928
          0,           0,         457,      -12.39985139,      -13.31415308,       -12.8806435,      -11.84844928,             0.448,    0.001204646966,      0.1083283516,                 0,                 0,                 0,    -0.02845528047,   -0.001158810244,      0.1083288517,                 0,       89.92539281
          0,           0,         458,      -12.41593645,      -13.32483493,      -12.89708125,      -11.86456523,             0.448,    0.001204646966,      0.1083283516,                 0,                 0,                 0,    -0.02845528047,   -0.001158810244,      0.1083288517,                 0,       89.92539282
          0,           0,         459,      -12.43201461,      -13.33549848,      -12.91400273,      -11.88068728,             0.448,    0.001204646966,      0.1083283516,                 0,                 0,                 0,    -0.02845528047,   -0.001158810244,      0.1083288517,                 0,       89.92539283
          0,           0,         460,       -12.4480687,      -13.34602629,      -12.93139694,      -11.89679759,             0.448,    0.001204646966,      0.1083283516,                 0,                 0,                 0,    -0.02845528047,   -0.001158810244,      0.1083288517,                 0,       89.92539284
          0,           0,         461,      -12.46408061,      -13.35659133,      -12.94924542,      -11.91287781,             0.448,    0.001204646966,      0.1083283516,                 0,                 0,                 0,    -0.02845528047,   -0.001158810245,      0.1083288517,                 0,       89.92539285
          0,           0,         462,      -12.48003314,      -13.36716807,      -12.96752887,      -11.92890951,             0.448,    0.001204646965,      0.1083283516,                 0,                 0,                 0,    -0.02845528048,   -0.001158810245,      0.1083288517,                 0,       89.92539286
          0,           0,         463,      -12.49590974,      -13.37788712,        -12.986221,      -11.94487536,             0.448,    0.001204646965,      0.1083283516,                 0,                 0,                 0,    -0.02845528048,   -0.001158810245,      0.1083288517,                 0,       89.92539287
          0,           0,         464,      -12.51169385,      -13.38874324,      -13.00528829,      -11.96075713,             0.448,    0.001204646965,      0.1083283516,                 0,                 0,                 0,    -0.02845528048,   -0.001158810245,      0.1083288517,                 0,       89.92539288
          0,           0,         465,      -12.52737129,      -13.39982242,      -13.02469525,      -11.97653978,             0.448,    0.001204646965,      0.1083283516,                 0,                 0,                 0,    -0.02845528048,   -0.001158810245,      0.1083288516,                 0,       89.92539289
          0,           0,         466,      -12.54292787,      -13.41116887,      -13.04440178,      -11.99220701,             0.448,    0.001204646965,      0.1083283516,                 0,                 0,                 0,    -0.02845528048,   -0.001158810245,      0.1083288516,                 0,       89.92539289
          0,           0,         467,       -12.5583521,      -13.42269887,      -13.06435462,      -12.00774757,             0.448,    0.001204646965,      0.1083283516,                 0,                 0,                 0,    -0.02845528048,   -0.001158810245,      0.1083288516,                 0,        89.9253929
          0,           0,         468,      -12.57363264,      -13.43457487,      -13.08450276,      -12.02314578,             0.448,    0.001204646965,      0.1083283516,                 0,                 0,                 0,    -0.02845528048,   -0.001158810245,      0.1083288516,                 0,       89.92539291
          0,           0,         469,      -12.58876305,      -13.44680459,      -13.10478363,      -12.03839559,             0.448,    0.001204646965,      0.1083283516,                 0,                 0,                 0,    -0.02845528048,   -0.001158810245,      0.1083288516,                 0,       89.92539291
          0,           0,         470,      -12.60373642,      -13.45931905,      -13.12512994,       -12.0534868,             0.448,    0.001204646965,      0.1083283516,                 0,                 0,                 0,    -0.02845528048,   -0.001158810245,      0.1083288516,                 0,       89.92539292
          0,           0,         471,      -12.61854906,      -13.47220309,       -13.1454659,      -12.06841527,             0.448,    0.001204646965,      0.1083283516,                 0,                 0,                 0,    -0.02845528048,   -0.001158810245,      0.1083288516,                 0,       89.92539293
          0,           0,         472,      -12.63320129,      -13.48549473,      -13.16571213,      -12.08318035,             0.448,    0.001204646964,      0.1083283516,                 0,                 0,                 0,    -0.02845528048,   -0.001158810245,      0.1083288516,                 0,       89.92539293
          0,           0,         473,      -12.64769126,      -13.49908553,      -13.18577799,      -12.09777671,             0.448,    0.001204646964,      0.1083283516,                 0,                 0,                 0,    -0.02845528048,   -0.001158810246,      0.1083288516,                 0,       89.92539293
          0,           0,         474,      -12.66202599,      -13.51311088,       -13.2055863,      -12.11221039,             0.448,    0.001204646964,      0.1083283516,                 0,                 0,                 0,    -0.02845528048,   -0.001158810246,      0.1083288516,                 0,       89.92539294
          0,           0,         475,      -12.67620998,      -13.52760146,      -13.22503506,      -12.12648607,             0.448,    0.001204646964,      0.1083283516,                 0,                 0,                 0,    -0.02845528048,   -0.001158810246,      0.1083288516,                 0,       89.92539294
          0,           0,         476,      -12.69025038,      -13.54244943,      -13.24404504,      -12.14060805,             0.448,    0.001204646964,      0.1083283516,                 0,                 0,                 0,    -0.02845528048,   -0.001158810246,      0.1083288516,                 0,       89.92539295
          0,           0,         477,      -12.70416037,       -13.5576904,       -13.2625231,      -12.15459052,             0.448,    0.001204646964,      0.1083283516,                 0,                 0,                 0,    -0.02845528048,   -0.001158810246,      0.1083288516,                 0,       89.92539295
          0,           0,         478,      -12.71794851,      -13.57327139,      -13.28040212,      -12.16843963,             0.448,    0.001204646964,      0.1083283516,                 0,                 0,                 0,    -0.02845528048,   -0.001158810246,      0.1083288516,                 0,       89.92539295
          0,           0,         479,      -12.73162864,      -13.58933974,      -13.29760172,      -12.18216991,             0.448,    0.001204646964,      0.1083283516,                 0,                 0,                 0,    -0.02845528048,   -0.001158810246,      0.1083288516,                 0,       89.92539295
          0,           0,         480,      -12.74521495,      -13.60574549,      -13.31407903,      -12.19579249,             0.448,    0.001204646964,      0.1083283516,                 0,                 0,                 0,    -0.02845528048,   -0.001158810246,      0.1083288516,                 0,       89.92539296
          0,           0,         481,      -12.75872636,      -13.62259903,      -13.32978503,      -12.20932826,             0.448,    0.001204646964,      0.1083283516,                 0,                 0,                 0,    -0.02845528048,   -0.001158810246,      0.1083288516,                 0,       89.92539296
          0,           0,         482,      -12.77217317,      -13.63980182,      -13.34470422,      -12.22278881,             0.448,    0.001204646964,      0.1083283516,                 0,                 0,                 0,    -0.02845528048,   -0.001158810246,      0.1083288516,                 0,       89.92539296
          0,           0,         483,      -12.78557232,      -13.65735637,      -13.35883814,      -12.23618773,             0.448,    0.001204646964,      0.1083283516,                 0,                 0,                 0,    -0.02845528048,   -0.001158810246,      0.1083288516,                 0,       89.92539296
          0,           0,         484,      -12.79894427,      -13.67512946,      -13.37219535,      -12.24954839,             0.448,    0.001204646964,      0.1083283516,                 0,                 0,                 0,    -0.02845528048,   -0.001158810246,      0.1083288516,                 0,       89.92539296
          0,           0,         485,      -12.81230357,        -13.693313,      -13.38481892,      -12.26288403,             0.448,    0.001204646964,      0.1083283516,                 0,                 0,                 0,    -0.02845528048,   -0.001158810246,      0.1083288516,                 0,       89.92539296
          0,           0,         486,      -12.82566509,      -13.71174035,      -13.39674097,      -12.27621169,             0.448,    0.001204646964,      0.1083283516,                 0,                 0,                 0,    -0.02845528048,   -0.001158810246,      0.1083288516,                 0,       89.92539296
          0,           0,         487,      -12.83904454,      -13.73035754,      -13.40805694,      -12.28954729,             0.448,    0.001204646964,      0.1083283516,                 0,                 0,                 0,    -0.02845528048,   -0.001158810246,      0.1083288516,                 0,       89.92539296
          0,           0,         488,      -12.85245645,      -13.74910293,      -13.41882428,      -12.30290505,             0.448,    0.001204646964,      0.1083283516,                 0,                 0,                 0,    -0.02845528048,   -0.001158810246,      0.1083288516,                 0,       89.92539296
          0,           0,         489,      -12.86591902,      -13.76800006,      -13.42911719,      -12.31630582,             0.448,    0.001204646964,      0.1083283516,                 0,                 0,                 0,    -0.02845528048,   -0.001158810246,      0.1083288516,                 0,       89.92539296
          0,           0,         490,      -12.87943714,      -13.78713576,      -13.43903698,      -12.32975386,             0.448,    0.001204646964,      0.1083283516,                 0,                 0,                 0,    -0.02845528048,   -0.001158810246,      0.1083288516,                 0,       89.92539296
          0,           0,         491,      -12.89302851,      -13.80613271,      -13.44866721,      -12.34326884,             0.448,    0.001204646964,      0.1083283516,                 0,                 0,                 0,    -0.02845528048,   -0.001158810246,      0.1083288516,                 0,       89.92539296
          0,           0,         492,      -12.90670176,       -13.8252692,      -13.45808006,      -12.35686196,             0.448,    0.001204646964,      0.1083283516,                 0,                 0,                 0,    -0.02845528048,   -0.001158810246,      0.1083288516,                 0,       89.92539296
          0,           0,         493,      -12.92046474,      -13.84414851,      -13.46738236,      -12.37053939,             0.448,    0.001204646964,      0.1083283516,                 0,                 0,                 0,    -0.02845528048,   -0.001158810245,      0.1083288516,                 0,       89.92539296
          0,           0,         494,      -12.93432974,      -13.86296929,      -13.47664429,      -12.38431599,             0.448,    0.001204646964,      0.1083283516,                 0,                 0,                 0,    -0.02845528048,   -0.001158810245,      0.1083288516,                 0,       89.92539296
          0,           0,         495,       -12.9482994,       -13.8814814,      -13.48593237,      -12.39819393,             0.448,    0.001204646964,      0.1083283516,                 0,                 0,                 0,    -0.02845528048,   -0.001158810245,      0.1083288516,                 0,       89.92539296
          0,           0,         496,      -12.96238112,      -13.89969658,       -13.4953149,      -12.41218621,             0.448,    0.001204646964,      0.1083283516,                 0,                 0,                 0,    -0.02845528048,   -0.001158810245,      0.1083288516,                 0,       89.92539295
          0,           0,         497,      -12.97657628,      -13.91783806,      -13.50485311,      -12.42628991,             0.448,    0.001204646964,      0.1083283516,                 0,                 0,                 0,    -0.02845528048,   -0.001158810245,      0.1083288516,                 0,       89.92539295
          0,           0,         498,      -12.99089038,      -13.93539598,      -13.51460849,      -12.44051726,             0.448,    0.001204646964,      0.1083283516,                 0,                 0,                 0,    -0.02845528048,   -0.001158810245,      0.1083288516,                 0,       89.92539295
          0,           0,         499,       -13.0053204,      -13.95247998,      -13.52463525,      -12.45486229,             0.448,    0.001204646964,      0.1083283516,                 0,                 0,                 0,    -0.02845528048,   -0.001158810245,      0.1083288516,                 0,       89.92539295
