"Time_Iter","Outer_Iter","Inner_Iter",    "rms[Rho]"    ,    "rms[RhoU]"   ,    "rms[RhoV]"   ,    "rms[RhoE]"   ,    "RefForce"    ,       "CD"       ,       "CL"       ,       "CSF"      ,       "CMx"      ,       "CMy"      ,       "CMz"      ,       "CFx"      ,       "CFy"      ,       "CFz"      ,      "CEff"      
          0,           0,           0,      -5.191284969,      -5.101816668,      -5.844701381,      -4.594904872,             0.448,   0.0004000446098,      0.1271590124,                 0,                 0,                 0,    -0.02808717044,   -0.002374009827,       0.127137479,                 0,       317.8620817
          0,           0,           1,      -5.461465183,       -5.32212664,      -5.307701378,       -4.86139062,             0.448,    0.001007376908,      0.1263245552,                 0,                 0,                 0,    -0.02623786534,   -0.001748618468,      0.1263164692,                 0,       125.3994946
          0,           0,           2,      -5.388780627,       -5.34580277,      -5.456486917,      -4.806744333,             0.448,    0.001084286223,      0.1238804943,                 0,                 0,                 0,    -0.02661750438,   -0.001618410549,      0.1238746677,                 0,       114.2507317
          0,           0,           3,      -5.382710426,      -5.414741704,      -5.407161517,      -4.798345805,             0.448,   0.0009992025639,      0.1243509627,                 0,                 0,                 0,     -0.0272845798,   -0.001713737174,       0.124343168,                 0,       124.4502038
          0,           0,           4,       -5.34002855,      -5.403382638,      -5.406519054,      -4.759247537,             0.448,    0.001050973628,      0.1241573523,                 0,                 0,                 0,    -0.02741601703,   -0.001657754843,      0.1241507331,                 0,       118.1355545
          0,           0,           5,      -5.333758241,      -5.497518965,       -5.44696145,      -4.763920144,             0.448,    0.001049118383,      0.1226318969,                 0,                 0,                 0,    -0.02781823276,   -0.001626332012,      0.1226256003,                 0,       116.8904282
          0,           0,           6,       -5.30753411,      -5.588155835,      -5.486979664,      -4.742998171,             0.448,    0.001082050651,      0.1217561615,                 0,                 0,                 0,    -0.02798981722,   -0.001574303514,      0.1217507917,                 0,       112.5235324
          0,           0,           7,      -5.280760896,      -5.548480269,      -5.463725211,      -4.717388712,             0.448,    0.001105631451,      0.1210858285,                 0,                 0,                 0,    -0.02811474422,   -0.001536105088,      0.1210811326,                 0,       109.5173517
          0,           0,           8,      -5.258431281,      -5.522117854,      -5.466374196,      -4.697450881,             0.448,    0.001109666064,      0.1202521218,                 0,                 0,                 0,    -0.02831307117,   -0.001513884219,      0.1202477123,                 0,       108.3678466
          0,           0,           9,      -5.242129988,      -5.563820062,      -5.496660631,      -4.683995034,             0.448,    0.001120236798,      0.1194344754,                 0,                 0,                 0,    -0.02847334424,   -0.001485479137,       0.119430491,                 0,       106.6153831
          0,           0,          10,      -5.225847467,      -5.586154786,      -5.523862009,      -4.669285971,             0.448,    0.001133601425,      0.1186825894,                 0,                 0,                 0,    -0.02858458773,   -0.001455715385,      0.1186790756,                 0,        104.695166
          0,           0,          11,      -5.212212466,      -5.582094862,      -5.534078348,      -4.657118164,             0.448,    0.001146839414,       0.117987082,                 0,                 0,                 0,    -0.02865807241,   -0.001427308132,      0.1179840224,                 0,        102.880212
          0,           0,          12,      -5.202081919,      -5.586271232,      -5.544464198,      -4.648479658,             0.448,    0.001160967384,      0.1173313907,                 0,                 0,                 0,    -0.02870656775,   -0.001398879695,      0.1173287954,                 0,       101.0634686
          0,           0,          13,      -5.193516216,      -5.594855062,       -5.55991417,      -4.640688866,             0.448,    0.001174800924,      0.1166974163,                 0,                 0,                 0,    -0.02874396574,   -0.001371219368,      0.1166952737,                 0,       99.33377981
          0,           0,          14,      -5.185743799,      -5.604955662,      -5.572611663,       -4.63306577,             0.448,    0.001187730335,      0.1160903784,                 0,                 0,                 0,    -0.02876999361,   -0.001345050572,      0.1160886622,                 0,       97.74136017
          0,           0,          15,       -5.17842658,      -5.619776896,      -5.580467279,      -4.625686323,             0.448,    0.001200829793,      0.1155280007,                 0,                 0,                 0,    -0.02877821959,   -0.001319686025,      0.1155267041,                 0,       96.20680744
          0,           0,          16,      -5.171718643,      -5.641237411,      -5.585557675,      -4.618996447,             0.448,    0.001214975669,      0.1150176693,                 0,                 0,                 0,    -0.02876901921,   -0.001294410696,      0.1150168028,                 0,       94.66664419
          0,           0,          17,      -5.165949732,      -5.668288451,      -5.590029227,      -4.613438036,             0.448,    0.001229961596,      0.1145543379,                 0,                 0,                 0,    -0.02874858003,   -0.001269320813,      0.1145539085,                 0,       93.13651603
          0,           0,          18,      -5.161206963,      -5.697484296,      -5.595480296,      -4.609044633,             0.448,    0.001245256752,      0.1141314305,                 0,                 0,                 0,    -0.02872174475,   -0.001244803621,      0.1141314355,                 0,       91.65293048
          0,           0,          19,      -5.157377684,       -5.72526797,      -5.602473865,      -4.605560206,             0.448,     0.00126073244,      0.1137466951,                 0,                 0,                 0,    -0.02868960954,   -0.001220938658,      0.1137471292,                 0,       90.22270826
          0,           0,          20,      -5.154223006,      -5.750136166,      -5.610407929,       -4.60263839,             0.448,    0.001276299955,      0.1133990011,                 0,                 0,                 0,    -0.02865252881,   -0.001197789942,      0.1133998576,                 0,       88.84980418
          0,           0,          21,      -5.151512345,      -5.772587453,      -5.618368221,       -4.60001325,             0.448,    0.001291755827,      0.1130899848,                 0,                 0,                 0,    -0.02861088698,   -0.001175596592,      0.1130912519,                 0,       87.54749342
          0,           0,          22,      -5.149545378,      -5.794190633,      -5.625854163,      -4.598193302,             0.448,     0.00130660824,      0.1128158754,                 0,                 0,                 0,    -0.02856631599,   -0.001154768048,      0.1128175318,                 0,       86.34254086
          0,           0,          23,      -5.148465287,      -5.815986435,      -5.633173303,      -4.597408667,             0.448,    0.001320385113,      0.1125721293,                 0,                 0,                 0,     -0.0285204036,    -0.00113567716,      0.1125741442,                 0,       85.25704214
          0,           0,          24,      -5.148460359,      -5.837680738,      -5.641056081,      -4.597794582,             0.448,    0.001332803482,      0.1123554618,                 0,                 0,                 0,    -0.02847407819,    -0.00111853517,      0.1123577992,                 0,       84.30009619
          0,           0,          25,      -5.149805868,      -5.857961916,      -5.649837026,      -4.599586404,             0.448,     0.00134376571,      0.1121623113,                 0,                 0,                 0,    -0.02842773363,   -0.001103361997,      0.1121649338,                 0,       83.46865121
          0,           0,          26,      -5.152485786,      -5.875719005,      -5.659740368,      -4.602722222,             0.448,    0.001353266797,      0.1119970303,                 0,                 0,                 0,    -0.02838073663,   -0.001090257584,      0.1119998994,                 0,       82.76049523
          0,           0,          27,      -5.156357584,      -5.890520377,      -5.670104494,      -4.607103813,             0.448,    0.001361013493,      0.1118561754,                 0,                 0,                 0,    -0.02833429593,   -0.001079439998,       0.111859247,                 0,       82.18594154
          0,           0,          28,      -5.161561693,       -5.90338257,      -5.681268727,      -4.612897801,             0.448,     0.00136676626,      0.1117344139,                 0,                 0,                 0,    -0.02828979106,   -0.001071032386,        0.11173764,                 0,       81.75093073
          0,           0,          29,      -5.168476434,      -5.915140458,      -5.694253296,      -4.620430578,             0.448,    0.001370597139,      0.1116284542,                 0,                 0,                 0,    -0.02824758164,   -0.001064890921,       0.111631789,                 0,       81.44512419
          0,           0,          30,      -5.177348722,      -5.926496722,       -5.70856705,      -4.629922544,             0.448,    0.001372668023,      0.1115375045,                 0,                 0,                 0,    -0.02820762774,   -0.001060836473,      0.1115409062,                 0,       81.25599393
          0,           0,          31,      -5.187482224,      -5.938074606,      -5.723287535,       -4.64061395,             0.448,    0.001373042223,      0.1114592018,                 0,                 0,                 0,    -0.02817055566,   -0.001058754198,      0.1114626303,                 0,       81.17682032
          0,           0,          32,      -5.199224841,      -5.949651941,       -5.73780843,      -4.652907581,             0.448,    0.001371927397,      0.1113916613,                 0,                 0,                 0,    -0.02813663876,    -0.00105839537,      0.1113950815,                 0,       81.19355408
          0,           0,          33,       -5.21205337,      -5.960675749,      -5.752333049,      -4.666217083,             0.448,    0.001369688556,      0.1113361894,                 0,                 0,                 0,    -0.02810542618,   -0.001059423565,       0.111339574,                 0,       81.28577034
          0,           0,          34,      -5.225727405,       -5.97118937,      -5.766866548,      -4.680318356,             0.448,    0.001366602937,      0.1112896872,                 0,                 0,                 0,    -0.02807720119,    -0.00106149401,      0.1112930156,                 0,        81.4352759
          0,           0,          35,      -5.239928032,       -5.98220029,      -5.781220568,       -4.69481414,             0.448,    0.001363096005,      0.1112522763,                 0,                 0,                 0,     -0.0280514488,   -0.001064183992,       0.111255537,                 0,       81.61734455
          0,           0,          36,      -5.254211634,      -5.994207374,      -5.794760645,      -4.709249241,             0.448,    0.001359442961,      0.1112237222,                 0,                 0,                 0,    -0.02802809305,   -0.001067213263,      0.1112269101,                 0,       81.81565937
          0,           0,          37,       -5.26779249,      -6.006981523,      -5.806802438,      -4.722824431,             0.448,    0.001355629756,      0.1111998766,                 0,                 0,                 0,    -0.02800826651,   -0.001070505371,       0.111202987,                 0,       82.02820581
          0,           0,          38,       -5.28046719,      -6.020943054,      -5.817585008,      -4.735326354,             0.448,    0.001351801877,      0.1111778783,                 0,                 0,                 0,    -0.02799239908,    -0.00107385245,      0.1111809104,                 0,       82.24421069
          0,           0,          39,      -5.292336875,      -6.036574562,      -5.828179511,      -4.746852157,             0.448,    0.001348272833,      0.1111572521,                 0,                 0,                 0,       -0.02798005,   -0.001076930696,      0.1111602121,                 0,       82.44418299
          0,           0,          40,      -5.303619865,      -6.053771338,      -5.839309846,      -4.757679815,             0.448,    0.001345282123,      0.1111381649,                 0,                 0,                 0,    -0.02797080528,   -0.001079504307,      0.1111410642,                 0,       82.61327713
          0,           0,          41,      -5.314438823,      -6.072563129,      -5.851425265,      -4.767953071,             0.448,    0.001342733981,      0.1111177304,                 0,                 0,                 0,    -0.02796541628,   -0.001081606067,       0.111120579,                 0,       82.75483598
          0,           0,          42,       -5.32511505,      -6.093100867,      -5.864496472,      -4.778056977,             0.448,    0.001340791226,      0.1110961153,                 0,                 0,                 0,    -0.02796333837,   -0.001083076828,      0.1110989266,                 0,       82.85862339
          0,           0,          43,      -5.335869914,      -6.115006477,      -5.878566245,      -4.788258882,             0.448,    0.001339406126,      0.1110728574,                 0,                 0,                 0,    -0.02796455321,   -0.001083954232,      0.1110756441,                 0,       82.92694446
          0,           0,          44,      -5.347017529,       -6.13778829,      -5.893209428,      -4.798954326,             0.448,    0.001338613506,      0.1110482695,                 0,                 0,                 0,    -0.02796855876,   -0.001084210281,      0.1110510447,                 0,       82.95767901
          0,           0,          45,       -5.35884311,      -6.160909792,      -5.908437191,      -4.810436262,             0.448,    0.001338454202,      0.1110227772,                 0,                 0,                 0,    -0.02797465847,   -0.001083813435,       0.111025555,                 0,       82.94850661
          0,           0,          46,      -5.371498861,       -6.18481446,      -5.924790514,      -4.822812401,             0.448,    0.001338831992,      0.1109963504,                 0,                 0,                 0,    -0.02798250567,   -0.001082859236,      0.1109991427,                 0,       82.90536154
          0,           0,          47,      -5.384998541,      -6.209435353,      -5.942477113,      -4.836088816,             0.448,    0.001339713543,      0.1109693734,                 0,                 0,                 0,    -0.02799140665,   -0.001081389396,      0.1109721914,                 0,       82.83067229
          0,           0,          48,       -5.39992801,      -6.234045286,      -5.961398329,      -4.850921305,             0.448,    0.001341041192,      0.1109421761,                 0,                 0,                 0,    -0.02800065589,   -0.001079468756,      0.1109450295,                 0,       82.72838801
          0,           0,          49,      -5.415773418,       -6.25818362,      -5.981141833,      -4.866731929,             0.448,    0.001342370273,      0.1109131449,                 0,                 0,                 0,    -0.02801101129,   -0.001077506679,      0.1109160342,                 0,       82.62485182
          0,           0,          50,      -5.432042307,       -6.28092888,      -6.000437596,      -4.883009953,             0.448,    0.001343738291,      0.1108838407,                 0,                 0,                 0,    -0.02802150437,    -0.00107549972,      0.1108867669,                 0,        82.5189261
          0,           0,          51,      -5.448868065,      -6.302478023,      -6.019299655,      -4.899863481,             0.448,    0.001345149805,      0.1108558351,                 0,                 0,                 0,    -0.02803128054,   -0.001073477601,      0.1108587987,                 0,       82.41151626
          0,           0,          52,      -5.466322271,      -6.324026204,      -6.038359415,      -4.917324695,             0.448,    0.001346486622,      0.1108298876,                 0,                 0,                 0,    -0.02804004534,   -0.001071575061,      0.1108328865,                 0,       82.31042605
          0,           0,          53,      -5.484330111,      -6.345486749,      -6.058157628,      -4.935298198,             0.448,    0.001347613558,       0.110805998,                 0,                 0,                 0,    -0.02804775103,   -0.001069927245,      0.1108090272,                 0,       82.22386704
          0,           0,          54,      -5.502657864,       -6.36670082,      -6.078584114,      -4.953555158,             0.448,    0.001348393614,      0.1107840219,                 0,                 0,                 0,    -0.02805446736,   -0.001068667969,      0.1107870734,                 0,       82.16000191
          0,           0,          55,        -5.5211958,      -6.387155212,      -6.099165223,      -4.971997807,             0.448,     0.00134877858,      0.1107640771,                 0,                 0,                 0,    -0.02806005264,      -0.001067848,      0.1107671417,                 0,       82.12176463
          0,           0,          56,      -5.540387104,      -6.406425641,      -6.119759088,      -4.991100999,             0.448,    0.001348765611,      0.1107468702,                 0,                 0,                 0,     -0.0280642844,     -0.0010674856,      0.1107499386,                 0,       82.10979675
          0,           0,          57,      -5.559669049,      -6.424531003,      -6.140653338,      -5.010245489,             0.448,    0.001348350461,      0.1107327332,                 0,                 0,                 0,    -0.02806711805,   -0.001067592255,       0.110735796,                 0,       82.12459327
          0,           0,          58,      -5.579128846,      -6.440374207,      -6.161644456,       -5.02957843,             0.448,    0.001347602076,      0.1107214078,                 0,                 0,                 0,    -0.02806843728,     -0.0010680934,      0.1107244569,                 0,       82.16179674
          0,           0,          59,      -5.598783924,       -6.45419722,      -6.182483548,      -5.049106047,             0.448,    0.001346519714,      0.1107132271,                 0,                 0,                 0,    -0.02806838021,   -0.001068997043,      0.1107162546,                 0,       82.22176474
          0,           0,          60,      -5.618329004,      -6.466779707,      -6.202928735,      -5.068516336,             0.448,    0.001345154338,      0.1107083604,                 0,                 0,                 0,    -0.02806702469,   -0.001070255927,      0.1107113592,                 0,       82.30160459
          0,           0,          61,      -5.637753571,      -6.477961787,      -6.222986867,      -5.087825713,             0.448,    0.001343593905,      0.1107068699,                 0,                 0,                 0,     -0.0280643721,   -0.001071783473,       0.110709835,                 0,       82.39607926
          0,           0,          62,      -5.657074763,      -6.488139777,       -6.24290364,      -5.107035646,             0.448,    0.001341930975,      0.1107090072,                 0,                 0,                 0,    -0.02806043434,   -0.001073492632,      0.1107119355,                 0,       82.49977774
          0,           0,          63,      -5.676326694,      -6.497843899,      -6.262760552,      -5.126185523,             0.448,    0.001340245257,      0.1107147553,                 0,                 0,                 0,    -0.02805530768,   -0.001075303344,      0.1107176455,                 0,       82.60783223
          0,           0,          64,      -5.695606964,      -6.507382608,      -6.282449703,      -5.145398302,             0.448,    0.001338614336,      0.1107236041,                 0,                 0,                 0,    -0.02804915502,   -0.001077126912,      0.1107264566,                 0,       82.71508912
          0,           0,          65,      -5.714792811,      -6.516844182,      -6.301818852,      -5.164547343,             0.448,    0.001337129795,      0.1107359954,                 0,                 0,                 0,    -0.02804199169,   -0.001078881414,      0.1107388125,                 0,       82.81619016
          0,           0,          66,      -5.733834403,      -6.526202528,      -6.320813091,      -5.183585366,             0.448,    0.001335807476,      0.1107513479,                 0,                 0,                 0,    -0.02803411552,   -0.001080538331,      0.1107541325,                 0,       82.90966315
          0,           0,          67,      -5.752708639,      -6.535510281,       -6.33953964,      -5.202486951,             0.448,    0.001334684273,      0.1107693035,                 0,                 0,                 0,        -0.0280257,   -0.001082052968,      0.1107720594,                 0,       82.99288887
          0,           0,          68,      -5.771353806,      -6.545076886,       -6.35766605,      -5.221186814,             0.448,    0.001333811845,      0.1107898317,                 0,                 0,                 0,    -0.02801681284,   -0.001083373007,      0.1107925636,                 0,       83.06256395
          0,           0,          69,      -5.789753419,      -6.555115855,      -6.375024092,      -5.239674979,             0.448,    0.001333208564,       0.110812851,                 0,                 0,                 0,    -0.02800758325,   -0.001084478307,      0.1108155643,                 0,       83.11741608
          0,           0,          70,      -5.807896877,      -6.565772585,       -6.39171402,      -5.257943833,             0.448,    0.001332869852,      0.1108381336,                 0,                 0,                 0,     -0.0279981676,   -0.001085368477,      0.1108408335,                 0,       83.15750667
          0,           0,          71,      -5.825764352,      -6.577096039,      -6.407819314,      -5.275966397,             0.448,    0.001332785904,      0.1108653747,                 0,                 0,                 0,    -0.02798870431,   -0.001086046666,      0.1108680663,                 0,       83.18318369
          0,           0,          72,      -5.843269828,      -6.589011922,      -6.423083651,      -5.293643876,             0.448,    0.001332947323,      0.1108943233,                 0,                 0,                 0,    -0.02797929545,   -0.001086516796,      0.1108970115,                 0,       83.19482802
          0,           0,          73,      -5.860345342,      -6.601428796,      -6.437666941,      -5.310901152,             0.448,    0.001333341477,      0.1109247518,                 0,                 0,                 0,    -0.02797002172,   -0.001086786531,      0.1109274414,                 0,       83.19305574
          0,           0,          74,      -5.876900861,      -6.614410176,      -6.451769588,      -5.327644286,             0.448,    0.001333939469,      0.1109564139,                 0,                 0,                 0,     -0.0279609778,   -0.001086879385,       0.110959109,                 0,       83.17949686
          0,           0,          75,      -5.892846714,      -6.628021017,      -6.465018602,      -5.343772633,             0.448,    0.001334700977,      0.1109889939,                 0,                 0,                 0,    -0.02795227093,   -0.001086828788,      0.1109916979,                 0,       83.15644914
          0,           0,          76,      -5.908142061,       -6.64219021,      -6.477463875,      -5.359238073,             0.448,    0.001335586844,      0.1110221074,                 0,                 0,                 0,    -0.02794398783,   -0.001086665498,      0.1110248228,                 0,       83.12608638
          0,           0,          77,      -5.922772821,      -6.656921051,      -6.489273025,      -5.374036407,             0.448,    0.001336571589,      0.1110556301,                 0,                 0,                 0,    -0.02793613656,   -0.001086412281,       0.111058359,                 0,       83.08992274
          0,           0,          78,      -5.936679778,      -6.672112287,       -6.50013667,      -5.388091506,             0.448,    0.001337612176,      0.1110893287,                 0,                 0,                 0,    -0.02792879263,   -0.001086107074,      0.1110920723,                 0,       83.05047661
          0,           0,          79,      -5.949928406,      -6.687548225,       -6.51038047,      -5.401458534,             0.448,    0.001338644343,      0.1111227087,                 0,                 0,                 0,    -0.02792210752,   -0.001085803334,      0.1111254669,                 0,       83.01137586
          0,           0,          80,      -5.962576203,      -6.703179858,      -6.520384185,      -5.414197483,             0.448,    0.001339645117,      0.1111556657,                 0,                 0,                 0,    -0.02791605996,    -0.00108552175,      0.1111584378,                 0,       82.97396398
          0,           0,          81,      -5.974655762,      -6.718869159,      -6.530107288,       -5.42634822,             0.448,    0.001340603162,       0.111188235,                 0,                 0,                 0,    -0.02791058644,    -0.00108527443,      0.1111910204,                 0,       82.93896226
          0,           0,          82,      -5.986218372,      -6.734421323,      -6.539349196,      -5.437963521,             0.448,    0.001341490461,      0.1112202056,                 0,                 0,                 0,    -0.02790571615,   -0.001085084777,      0.1112230027,                 0,       82.90793624
          0,           0,          83,      -5.997336205,      -6.749644333,      -6.548145883,      -5.449115584,             0.448,    0.001342287593,      0.1112514069,                 0,                 0,                 0,    -0.02790145616,   -0.001084968488,       0.111254214,                 0,       82.88194537
          0,           0,          84,      -6.008097756,      -6.764473276,      -6.556799767,      -5.459893092,             0.448,    0.001342988897,      0.1112817523,                 0,                 0,                 0,    -0.02789777001,   -0.001084929332,      0.1112845675,                 0,       82.86126015
          0,           0,          85,      -6.018579642,      -6.778877946,      -6.565584801,      -5.470376696,             0.448,    0.001343585486,      0.1113110794,                 0,                 0,                 0,    -0.02789464883,   -0.001084972652,      0.1113139005,                 0,       82.84629493
          0,           0,          86,      -6.028835085,      -6.792753659,      -6.574557469,      -5.480621331,             0.448,    0.001344084493,       0.111339378,                 0,                 0,                 0,    -0.02789202174,   -0.001085091093,      0.1113422033,                 0,       82.83659143
          0,           0,          87,      -6.038956291,      -6.806138626,      -6.583505169,      -5.490725032,             0.448,    0.001344483948,      0.1113665603,                 0,                 0,                 0,    -0.02788986819,   -0.001085284713,      0.1113693879,                 0,        82.8321978
          0,           0,          88,      -6.049013375,      -6.819024786,      -6.592482102,      -5.500754647,             0.448,    0.001344779864,      0.1113925177,                 0,                 0,                 0,    -0.02788818978,   -0.001085555125,      0.1113953456,                 0,        82.8332731
          0,           0,          89,      -6.059083446,      -6.831344198,        -6.6017281,      -5.510787989,             0.448,    0.001344975874,      0.1114172041,                 0,                 0,                 0,    -0.02788696998,   -0.001085897691,      0.1114200303,                 0,       82.83955586
          0,           0,          90,       -6.06922686,      -6.843072736,      -6.611419627,      -5.520891625,             0.448,    0.001345070601,      0.1114404965,                 0,                 0,                 0,    -0.02788621895,   -0.001086311108,      0.1114433192,                 0,       82.85103872
          0,           0,          91,      -6.079496671,      -6.854302823,      -6.621925001,      -5.531124528,             0.448,    0.001345074323,      0.1114623397,                 0,                 0,                 0,    -0.02788590346,   -0.001086783895,      0.1114651573,                 0,       82.86704892
          0,           0,          92,      -6.089943751,      -6.865196817,      -6.632743385,      -5.541537051,             0.448,    0.001345016564,      0.1114828352,                 0,                 0,                 0,    -0.02788591889,   -0.001087288747,      0.1114856467,                 0,       82.88584556
          0,           0,          93,      -6.100628764,      -6.875728115,      -6.643714447,      -5.552177892,             0.448,    0.001344918217,      0.1115020943,                 0,                 0,                 0,    -0.02788619288,   -0.001087807206,      0.1115048991,                 0,       82.90622649
          0,           0,          94,      -6.111618651,      -6.885821707,      -6.655460216,      -5.563114609,             0.448,    0.001344775093,      0.1115200576,                 0,                 0,                 0,     -0.0278867466,   -0.001088342163,       0.111522855,                 0,       82.92840801
          0,           0,          95,      -6.122905021,      -6.895716758,      -6.668073366,      -5.574347894,             0.448,    0.001344589769,      0.1115366971,                 0,                 0,                 0,     -0.0278875716,   -0.001088890432,      0.1115394865,                 0,       82.95221317
          0,           0,          96,      -6.134484565,      -6.905641051,      -6.681359692,      -5.585870449,             0.448,    0.001344368774,      0.1115519527,                 0,                 0,                 0,    -0.02788865563,   -0.001089444172,      0.1115547336,                 0,       82.97719704
          0,           0,          97,      -6.146389655,      -6.915656999,       -6.69519786,      -5.597713653,             0.448,    0.001344124228,      0.1115658687,                 0,                 0,                 0,    -0.02788996228,   -0.001089992237,       0.111568641,                 0,       83.00264693
          0,           0,          98,      -6.158647266,      -6.925812427,      -6.709560203,      -5.609900917,             0.448,    0.001343862905,      0.1115784852,                 0,                 0,                 0,    -0.02789147228,   -0.001090528725,      0.1115812488,                 0,       83.02817558
          0,           0,          99,      -6.171246125,       -6.93609746,      -6.724725879,      -5.622415114,             0.448,    0.001343592054,      0.1115898462,                 0,                 0,                 0,    -0.02789316684,   -0.001091047351,      0.1115926012,                 0,       83.05336867
          0,           0,         100,      -6.184194678,      -6.946590513,      -6.740616838,      -5.635273059,             0.448,    0.001343311455,        0.11159994,                 0,                 0,                 0,    -0.02789504752,   -0.001091548077,      0.1116026864,                 0,       83.07823144
          0,           0,         101,      -6.197469942,      -6.957255495,       -6.75705077,      -5.648448042,             0.448,    0.001343028374,      0.1116088478,                 0,                 0,                 0,    -0.02789707717,   -0.001092025414,      0.1116115859,                 0,       83.10237516
          0,           0,         102,       -6.21111361,      -6.968064559,      -6.773692331,      -5.661989185,             0.448,    0.001342749125,      0.1116166182,                 0,                 0,                 0,    -0.02789922576,   -0.001092474108,      0.1116193484,                 0,       83.12544479
          0,           0,         103,      -6.225091334,      -6.979225046,      -6.791009322,      -5.675856837,             0.448,    0.001342475864,      0.1116232648,                 0,                 0,                 0,     -0.0279014851,   -0.001092892298,      0.1116259875,                 0,       83.14731593
          0,           0,         104,      -6.239435218,      -6.990883883,      -6.808877962,      -5.690093562,             0.448,    0.001342210642,      0.1116288088,                 0,                 0,                 0,    -0.02790384657,   -0.001093278399,      0.1116315244,                 0,       83.16787642
          0,           0,         105,      -6.254086539,      -7.003060709,      -6.826869233,      -5.704627684,             0.448,    0.001341952667,      0.1116332657,                 0,                 0,                 0,    -0.02790630316,   -0.001093633538,      0.1116359745,                 0,        83.1871857
          0,           0,         106,      -6.269055881,      -7.015767705,      -6.845184815,      -5.719468807,             0.448,    0.001341701896,      0.1116366817,                 0,                 0,                 0,    -0.02790884221,   -0.001093958769,      0.1116393842,                 0,        83.2052798
          0,           0,         107,      -6.284335212,      -7.028999312,      -6.863822271,      -5.734618651,             0.448,    0.001341458963,      0.1116391198,                 0,                 0,                 0,    -0.02791144622,   -0.001094254832,      0.1116418165,                 0,        83.2221655
          0,           0,         108,      -6.299890024,      -7.042738428,      -6.882486145,      -5.750043455,             0.448,    0.001341224042,      0.1116406208,                 0,                 0,                 0,    -0.02791410424,   -0.001094522442,       0.111643312,                 0,       83.23786133
          0,           0,         109,      -6.315720265,      -7.057008325,      -6.901020757,      -5.765742187,             0.448,    0.001340990869,        0.11164118,                 0,                 0,                 0,    -0.02791682775,   -0.001094767757,       0.111643866,                 0,       83.25275178
          0,           0,         110,      -6.331825993,      -7.071829386,      -6.919194196,      -5.781714419,             0.448,    0.001340753283,      0.1116407954,                 0,                 0,                 0,    -0.02791962521,   -0.001094996898,      0.1116434763,                 0,       83.26721765
          0,           0,         111,      -6.348209374,      -7.087171271,      -6.937082754,      -5.797965939,             0.448,    0.001340513269,      0.1116395209,                 0,                 0,                 0,    -0.02792247781,   -0.001095209051,      0.1116421969,                 0,       83.28117558
          0,           0,         112,      -6.364874362,      -7.103007114,       -6.95458349,      -5.814501518,             0.448,    0.001340273825,      0.1116374276,                 0,                 0,                 0,      -0.027925362,   -0.001095402772,      0.1116400988,                 0,       83.29449212
          0,           0,         113,      -6.381849992,      -7.119381912,      -6.971567502,      -5.831350068,             0.448,    0.001340033985,      0.1116345537,                 0,                 0,                 0,      -0.027928271,   -0.001095579862,      0.1116372204,                 0,       83.30725559
          0,           0,         114,      -6.399116803,      -7.136251578,      -6.987850503,      -5.848488417,             0.448,    0.001339794851,      0.1116309719,                 0,                 0,                 0,    -0.02793118776,   -0.001095740802,      0.1116336342,                 0,       83.31945132
          0,           0,         115,       -6.41665623,      -7.153577654,      -7.003389717,       -5.86590196,             0.448,    0.001339557124,      0.1116267398,                 0,                 0,                 0,    -0.02793409662,   -0.001095886151,       0.111629398,                 0,       83.33107849
          0,           0,         116,      -6.434447673,       -7.17141502,       -7.01813865,      -5.883575655,             0.448,    0.001339321084,      0.1116218574,                 0,                 0,                 0,    -0.02793699137,   -0.001096015625,      0.1116245116,                 0,       83.34211918
          0,           0,         117,      -6.452530309,      -7.189721387,      -7.032065619,      -5.901545039,             0.448,    0.001339091713,      0.1116164869,                 0,                 0,                 0,    -0.02793983574,   -0.001096127785,      0.1116191373,                 0,       83.35238419
          0,           0,         118,       -6.47090688,      -7.208542424,      -7.045435406,      -5.919799828,             0.448,     0.00133886103,      0.1116105996,                 0,                 0,                 0,    -0.02794264876,   -0.001096229981,      0.1116132464,                 0,       83.36234835
          0,           0,         119,       -6.48957405,       -7.22791827,       -7.05840894,      -5.938341076,             0.448,    0.001338626339,      0.1116042002,                 0,                 0,                 0,    -0.02794543052,   -0.001096325014,      0.1116068434,                 0,       83.37218306
          0,           0,         120,      -6.508507987,      -7.247734812,      -7.071062298,      -5.957149841,             0.448,    0.001338393638,      0.1115973831,                 0,                 0,                 0,    -0.02794814808,   -0.001096408946,      0.1116000229,                 0,       83.38158517
          0,           0,         121,      -6.527679878,      -7.267965696,      -7.083422999,      -5.976195718,             0.448,    0.001338164296,      0.1115901928,                 0,                 0,                 0,     -0.0279507904,   -0.001096481379,      0.1115928293,                 0,       83.39050234
          0,           0,         122,      -6.547062784,      -7.288594239,      -7.095531591,      -5.995453332,             0.448,    0.001337938231,      0.1115826602,                 0,                 0,                 0,    -0.02795335347,   -0.001096543066,      0.1115852935,                 0,       83.39896237
          0,           0,         123,      -6.566624777,      -7.309560932,      -7.107557376,       -6.01489167,             0.448,    0.001337717757,      0.1115748494,                 0,                 0,                 0,     -0.0279558218,   -0.001096593097,      0.1115774798,                 0,       83.40686879
          0,           0,         124,      -6.586337089,      -7.330732987,      -7.119613756,      -6.034480628,             0.448,    0.001337505195,      0.1115668265,                 0,                 0,                 0,    -0.02795818039,   -0.001096630588,      0.1115694541,                 0,        83.4141257
          0,           0,         125,      -6.606176462,      -7.352072594,       -7.13183661,      -6.054197518,             0.448,    0.001337300574,       0.111558622,                 0,                 0,                 0,    -0.02796042791,   -0.001096656182,      0.1115612472,                 0,       83.42075387
          0,           0,         126,      -6.626157119,      -7.373516766,      -7.144202803,      -6.074060478,             0.448,    0.001337105552,      0.1115502569,                 0,                 0,                 0,     -0.0279625629,   -0.001096668673,      0.1115528798,                 0,       83.42666496
          0,           0,         127,      -6.646233322,      -7.395039545,      -7.157030531,      -6.094023716,             0.448,    0.001336925223,      0.1115418273,                 0,                 0,                 0,    -0.02796456509,   -0.001096665067,      0.1115444482,                 0,       83.43161256
          0,           0,         128,      -6.666285389,      -7.416703132,      -7.170392456,      -6.113977068,             0.448,    0.001336755854,      0.1115333703,                 0,                 0,                 0,    -0.02796644472,   -0.001096649908,      0.1115359895,                 0,         83.435857
          0,           0,         129,      -6.686226611,        -7.4384278,      -7.184131301,      -6.133836959,             0.448,    0.001336597152,      0.1115249318,                 0,                 0,                 0,    -0.02796820006,   -0.001096624488,      0.1115275496,                 0,       83.43945043
          0,           0,         130,      -6.706033269,      -7.459988804,      -7.198379498,      -6.153576738,             0.448,    0.001336451188,      0.1115165618,                 0,                 0,                 0,    -0.02796982293,   -0.001096587826,      0.1115191784,                 0,       83.44230062
          0,           0,         131,      -6.725663541,      -7.481163443,      -7.213310461,      -6.173157787,             0.448,    0.001336317556,      0.1115082811,                 0,                 0,                 0,    -0.02797131759,   -0.001096540784,      0.1115108967,                 0,       83.44444821
          0,           0,         132,      -6.745029557,      -7.501836892,      -7.229072887,      -6.192496951,             0.448,    0.001336198156,      0.1115001318,                 0,                 0,                 0,    -0.02797268023,    -0.00109648238,      0.1115027468,                 0,        83.4458058
          0,           0,         133,      -6.764037725,      -7.522049263,      -7.245502855,      -6.211502048,             0.448,     0.00133609217,       0.111492133,                 0,                 0,                 0,    -0.02797391725,   -0.001096413849,      0.1114947476,                 0,       83.44643849
          0,           0,         134,      -6.782664176,      -7.541661486,      -7.262462498,      -6.230155337,             0.448,    0.001335996496,      0.1114842843,                 0,                 0,                 0,    -0.02797504271,    -0.00109633828,      0.1114868987,                 0,       83.44653946
          0,           0,         135,      -6.800880964,      -7.560593862,      -7.279914215,      -6.248432544,             0.448,    0.001335913056,      0.1114766338,                 0,                 0,                 0,    -0.02797605093,   -0.001096254805,      0.1114792482,                 0,       83.44602462
          0,           0,         136,      -6.818701054,      -7.578740175,      -7.298010489,      -6.266344364,             0.448,    0.001335841968,      0.1114692105,                 0,                 0,                 0,    -0.02797694306,   -0.001096163939,      0.1114718251,                 0,       83.44490829
          0,           0,         137,      -6.836102218,       -7.59592825,       -7.31674339,      -6.283862042,             0.448,    0.001335781576,      0.1114620256,                 0,                 0,                 0,    -0.02797772727,   -0.001096067579,      0.1114646406,                 0,       83.44330214
          0,           0,         138,      -6.853038763,      -7.611996649,       -7.33602344,      -6.300938508,             0.448,    0.001335731497,      0.1114550931,                 0,                 0,                 0,    -0.02797840738,   -0.001095966414,      0.1114577087,                 0,       83.44124052
          0,           0,         139,      -6.869492501,      -7.626897219,       -7.35562918,      -6.317557596,             0.448,    0.001335691706,      0.1114484286,                 0,                 0,                 0,    -0.02797898559,   -0.001095860809,      0.1114510448,                 0,        83.4387367
          0,           0,         140,      -6.885476453,      -7.640550017,      -7.375489485,      -6.333729521,             0.448,      0.0013356608,       0.111442037,                 0,                 0,                 0,    -0.02797946876,   -0.001095752276,      0.1114446541,                 0,       83.43588207
          0,           0,         141,      -6.900979193,       -7.65301754,       -7.39551264,      -6.349436183,             0.448,    0.001335639294,      0.1114359414,                 0,                 0,                 0,    -0.02797985654,   -0.001095640803,      0.1114385595,                 0,       83.43266174
          0,           0,         142,      -6.916015448,      -7.664435469,      -7.415612743,      -6.364685481,             0.448,    0.001335626783,      0.1114301513,                 0,                 0,                 0,    -0.02798015234,      -0.001095527,      0.1114327705,                 0,       83.42910813
          0,           0,         143,      -6.930592775,      -7.674874902,      -7.435754937,      -6.379481219,             0.448,     0.00133562222,      0.1114246691,                 0,                 0,                 0,    -0.02798036171,   -0.001095411968,      0.1114272895,                 0,       83.42528856
          0,           0,         144,      -6.944761851,      -7.684318226,      -7.455578047,      -6.393871548,             0.448,    0.001335624868,      0.1114194992,                 0,                 0,                 0,    -0.02798048935,   -0.001095296541,      0.1114221209,                 0,       83.42125241
          0,           0,         145,      -6.958571103,      -7.692807523,      -7.475001466,      -6.407893334,             0.448,    0.001335634258,      0.1114146462,                 0,                 0,                 0,    -0.02798053896,   -0.001095181285,      0.1114172693,                 0,       83.41703243
          0,           0,         146,       -6.97208144,      -7.700461079,      -7.494078197,      -6.421599483,             0.448,     0.00133564981,      0.1114101156,                 0,                 0,                 0,    -0.02798051399,   -0.001095066903,      0.1114127401,                 0,       83.41266912
          0,           0,         147,       -6.98531161,       -7.70746308,      -7.512813291,      -6.435002138,             0.448,    0.001335670524,      0.1114059041,                 0,                 0,                 0,    -0.02798042042,   -0.001094954321,      0.1114085301,                 0,       83.40822243
          0,           0,         148,      -6.998317584,      -7.714073895,      -7.531180369,      -6.448159739,             0.448,    0.001335696151,      0.1114020123,                 0,                 0,                 0,     -0.0279802615,     -0.0010948438,      0.1114046397,                 0,       83.40370845
          0,           0,         149,      -7.011166891,      -7.720427828,      -7.548920264,      -6.461141109,             0.448,     0.00133572646,      0.1113984401,                 0,                 0,                 0,    -0.02798004053,   -0.001094735571,       0.111401069,                 0,       83.39914156
          0,           0,         150,      -7.023905225,      -7.726644219,      -7.565852812,      -6.473984529,             0.448,    0.001335759524,       0.111395169,                 0,                 0,                 0,    -0.02797976803,   -0.001094631156,      0.1113977994,                 0,        83.3946283
          0,           0,         151,      -7.036577788,      -7.732833642,      -7.581960846,      -6.486731004,             0.448,     0.00133579512,       0.111392199,                 0,                 0,                 0,     -0.0279794474,   -0.001094530779,      0.1113948309,                 0,       83.39018264
          0,           0,         152,      -7.049276233,      -7.739168023,      -7.597429495,       -6.49947636,             0.448,    0.001335833634,      0.1113895342,                 0,                 0,                 0,    -0.02797907903,   -0.001094434142,      0.1113921676,                 0,       83.38578355
          0,           0,         153,      -7.062061704,      -7.745727309,      -7.612340346,      -6.512280669,             0.448,    0.001335874053,      0.1113871645,                 0,                 0,                 0,    -0.02797866899,   -0.001094342038,      0.1113897994,                 0,        83.3814867
          0,           0,         154,      -7.074964955,      -7.752547885,      -7.626670283,      -6.525175177,             0.448,    0.001335916012,      0.1113850819,                 0,                 0,                 0,    -0.02797822155,   -0.001094254656,      0.1113877181,                 0,       83.37730884
          0,           0,         155,       -7.08802511,        -7.7596779,      -7.640400838,      -6.538201473,             0.448,    0.001335959471,      0.1113832794,                 0,                 0,                 0,     -0.0279777399,   -0.001094171885,       0.111385917,                 0,       83.37324729
          0,           0,         156,      -7.101287311,      -7.767177353,      -7.653607705,      -6.551405893,             0.448,    0.001336004138,      0.1113817466,                 0,                 0,                 0,    -0.02797722832,   -0.001094093792,      0.1113843856,                 0,        83.3693126
          0,           0,         157,      -7.114782759,      -7.775124414,      -7.666460217,      -6.564819236,             0.448,    0.001336049693,      0.1113804723,                 0,                 0,                 0,    -0.02797669106,    -0.00109402045,      0.1113831126,                 0,       83.36551623
          0,           0,         158,       -7.12854317,      -7.783597258,      -7.679078024,      -6.578474965,             0.448,    0.001336095916,       0.111379446,                 0,                 0,                 0,    -0.02797613187,   -0.001093951848,      0.1113820875,                 0,       83.36186394
          0,           0,         159,      -7.142595064,      -7.792641174,      -7.691578194,      -6.592402014,             0.448,    0.001336142016,      0.1113786486,                 0,                 0,                 0,    -0.02797555695,   -0.001093888364,      0.1113812913,                 0,       83.35839099
          0,           0,         160,       -7.15694355,        -7.8022775,      -7.704088631,      -6.606608316,             0.448,    0.001336188254,      0.1113780726,                 0,                 0,                 0,    -0.02797496826,   -0.001093829571,      0.1113807164,                 0,       83.35507531
          0,           0,         161,      -7.171629719,      -7.812583509,      -7.716723808,      -6.621137607,             0.448,    0.001336234738,       0.111377708,                 0,                 0,                 0,     -0.0279743682,   -0.001093775147,       0.111380353,                 0,       83.35190286
          0,           0,         162,      -7.186681684,       -7.82354449,      -7.729681694,        -6.6360163,             0.448,    0.001336280958,      0.1113775425,                 0,                 0,                 0,    -0.02797376097,   -0.001093725325,      0.1113801885,                 0,       83.34889592
          0,           0,         163,      -7.202135087,      -7.835182038,      -7.743071208,      -6.651284648,             0.448,    0.001336327029,       0.111377568,                 0,                 0,                 0,    -0.02797314834,   -0.001093679822,       0.111380215,                 0,       83.34604149
          0,           0,         164,      -7.218006079,      -7.847517588,      -7.756868272,      -6.666960699,             0.448,    0.001336373027,       0.111377774,                 0,                 0,                 0,    -0.02797253251,   -0.001093638329,       0.111380422,                 0,       83.34332688
          0,           0,         165,      -7.234291037,      -7.860526446,      -7.771019322,      -6.683042519,             0.448,    0.001336418987,      0.1113781505,                 0,                 0,                 0,    -0.02797191573,   -0.001093600593,      0.1113807994,                 0,       83.34074236
          0,           0,         166,      -7.250994332,      -7.874184045,      -7.785514696,      -6.699536856,             0.448,     0.00133646475,      0.1113786865,                 0,                 0,                 0,    -0.02797130068,   -0.001093566533,      0.1113813362,                 0,       83.33828965
          0,           0,         167,      -7.268127597,      -7.888489584,      -7.800447396,      -6.716456699,             0.448,    0.001336510074,      0.1113793701,                 0,                 0,                 0,    -0.02797069013,   -0.001093536134,      0.1113820206,                 0,       83.33597502
          0,           0,         168,      -7.285695421,      -7.903467458,      -7.815935735,      -6.733807851,             0.448,    0.001336554755,      0.1113801895,                 0,                 0,                 0,    -0.02797008669,   -0.001093509338,      0.1113828408,                 0,       83.33380215
          0,           0,         169,      -7.303694764,      -7.919145743,      -7.832049766,      -6.751588882,             0.448,    0.001336598799,       0.111381135,                 0,                 0,                 0,    -0.02796949213,   -0.001093485931,      0.1113837871,                 0,       83.33176353
          0,           0,         170,      -7.322119041,      -7.935537266,       -7.84879926,      -6.769794519,             0.448,    0.001336642084,      0.1113821968,                 0,                 0,                 0,     -0.0279689085,   -0.001093465818,      0.1113848496,                 0,       83.32985928
          0,           0,         171,      -7.340962817,      -7.952645284,      -7.866160158,      -6.788421413,             0.448,    0.001336684546,      0.1113833657,                 0,                 0,                 0,    -0.02796833744,   -0.001093448867,      0.1113860191,                 0,       83.32808672
          0,           0,         172,      -7.360218497,      -7.970470805,      -7.884113349,      -6.807464165,             0.448,     0.00133672613,      0.1113846331,                 0,                 0,                 0,    -0.02796778041,    -0.00109343494,      0.1113872871,                 0,       83.32644255
          0,           0,         173,      -7.379875878,      -7.989015858,      -7.902648669,      -6.826914366,             0.448,    0.001336766748,        0.11138599,                 0,                 0,                 0,    -0.02796723894,   -0.001093423932,      0.1113886446,                 0,       83.32492571
          0,           0,         174,      -7.399921438,      -8.008281759,      -7.921752165,      -6.846760141,             0.448,    0.001336806273,      0.1113874272,                 0,                 0,                 0,    -0.02796671467,   -0.001093415769,      0.1113900823,                 0,       83.32353716
          0,           0,         175,      -7.420336492,       -8.02826562,      -7.941399266,      -6.866984785,             0.448,    0.001336844587,      0.1113889355,                 0,                 0,                 0,    -0.02796620909,   -0.001093410368,       0.111391591,                 0,       83.32227738
          0,           0,         176,      -7.441098096,      -8.048957927,      -7.961548821,      -6.887568058,             0.448,    0.001336881576,      0.1113905057,                 0,                 0,                 0,    -0.02796572358,   -0.001093407641,      0.1113931617,                 0,       83.32114653
          0,           0,         177,      -7.462181469,      -8.070346301,      -7.982144354,      -6.908488417,             0.448,    0.001336916948,      0.1113921271,                 0,                 0,                 0,       -0.02796526,   -0.001093407649,      0.1113947835,                 0,       83.32015485
          0,           0,         178,      -7.483555063,      -8.092413461,      -8.003152356,      -6.929716713,             0.448,    0.001336950441,      0.1113937888,                 0,                 0,                 0,    -0.02796481999,   -0.001093410413,      0.1113964455,                 0,       83.31931041
          0,           0,         179,      -7.505183323,       -8.11513862,       -8.02453816,      -6.951220298,             0.448,     0.00133698199,       0.111395481,                 0,                 0,                 0,     -0.0279644044,   -0.001093415788,       0.111398138,                 0,       83.31861005
          0,           0,         180,      -7.527019385,      -8.138495009,      -8.046247361,      -6.972955706,             0.448,    0.001337011521,      0.1113971935,                 0,                 0,                 0,    -0.02796401408,    -0.00109342362,      0.1113998507,                 0,       83.31805052
          0,           0,         181,      -7.549007184,      -8.162433853,      -8.068213301,      -6.994870372,             0.448,     0.00133703889,       0.111398916,                 0,                 0,                 0,    -0.02796364964,   -0.001093433834,      0.1114015734,                 0,       83.31763335
          0,           0,         182,      -7.571082908,      -8.186884496,      -8.090348963,      -7.016904141,             0.448,    0.001337064008,      0.1114006391,                 0,                 0,                 0,    -0.02796331139,   -0.001093446311,      0.1114032966,                 0,       83.31735682
          0,           0,         183,      -7.593171032,      -8.211756259,      -8.112543935,      -7.038984924,             0.448,    0.001337086857,      0.1114023536,                 0,                 0,                 0,    -0.02796299942,    -0.00109346087,      0.1114050112,                 0,       83.31721536
          0,           0,         184,      -7.615185568,      -8.236933259,      -8.134672955,      -7.061030018,             0.448,    0.001337107449,      0.1114040512,                 0,                 0,                 0,    -0.02796271355,   -0.001093477315,      0.1114067089,                 0,        83.3172018
          0,           0,         185,      -7.637029533,      -8.262270977,        -8.1566065,      -7.082945429,             0.448,    0.001337125831,      0.1114057243,                 0,                 0,                 0,    -0.02796245333,   -0.001093495437,       0.111408382,                 0,       83.31730774
          0,           0,         186,      -7.658596842,      -8.287598648,      -8.178213816,      -7.104627728,             0.448,    0.001337142029,       0.111407366,                 0,                 0,                 0,    -0.02796221827,   -0.001093515057,      0.1114100237,                 0,       83.31752621
          0,           0,         187,      -7.679773838,      -8.312721657,      -8.199355373,      -7.125965191,             0.448,    0.001337156076,      0.1114089701,                 0,                 0,                 0,    -0.02796200776,   -0.001093536005,      0.1114116276,                 0,       83.31785052
          0,           0,         188,      -7.700440259,      -8.337421226,      -8.219884438,      -7.146838253,             0.448,    0.001337168096,      0.1114105314,                 0,                 0,                 0,    -0.02796182077,   -0.001093558049,      0.1114131889,                 0,       83.31826925
          0,           0,         189,      -7.720472632,      -8.361462091,       -8.23965763,      -7.167122653,             0.448,    0.001337178203,      0.1114120458,                 0,                 0,                 0,    -0.02796165622,    -0.00109358098,      0.1114147031,                 0,       83.31877197
          0,           0,         190,      -7.739750365,      -8.384604077,      -8.258542266,      -7.186695511,             0.448,    0.001337186494,      0.1114135093,                 0,                 0,                 0,    -0.02796151306,   -0.001093604617,      0.1114161665,                 0,       83.31934985
          0,           0,         191,      -7.758160431,       -8.40661513,      -8.276425732,      -7.205439796,             0.448,    0.001337193075,      0.1114149188,                 0,                 0,                 0,    -0.02796139012,   -0.001093628785,      0.1114175758,                 0,       83.31999386
          0,           0,         192,      -7.775602368,      -8.427288001,      -8.293222234,      -7.223249186,             0.448,    0.001337198063,      0.1114162717,                 0,                 0,                 0,    -0.02796128619,   -0.001093653313,      0.1114189285,                 0,       83.32069486
          0,           0,         193,      -7.791994349,      -8.446456864,      -8.308876739,      -7.240034165,             0.448,    0.001337201576,      0.1114175663,                 0,                 0,                 0,    -0.02796120001,   -0.001093678041,      0.1114202228,                 0,       83.32144405
          0,           0,         194,      -7.807278865,       -8.46401095,      -8.323367847,      -7.255727945,             0.448,    0.001337203733,      0.1114188011,                 0,                 0,                 0,    -0.02796113033,   -0.001093702823,      0.1114214574,                 0,        83.3222331
          0,           0,         195,      -7.821426448,       -8.47990429,      -8.336709985,       -7.27029071,             0.448,    0.001337204652,      0.1114199755,                 0,                 0,                 0,    -0.02796107588,   -0.001093727523,      0.1114226315,                 0,       83.32305408
          0,           0,         196,      -7.834437507,      -8.494158837,      -8.348953513,      -7.283712166,             0.448,    0.001337204447,      0.1114210891,                 0,                 0,                 0,    -0.02796103543,    -0.00109375202,      0.1114237449,                 0,       83.32389959
          0,           0,         197,      -7.846342458,      -8.506859686,      -8.360181272,      -7.296012385,             0.448,    0.001337203232,       0.111422142,                 0,                 0,                 0,    -0.02796100777,   -0.001093776204,      0.1114247975,                 0,        83.3247627
          0,           0,         198,      -7.857199917,      -8.518144501,      -8.370502187,      -7.307240611,             0.448,    0.001337201116,      0.1114231348,                 0,                 0,                 0,    -0.02796099174,   -0.001093799977,        0.11142579,                 0,       83.32563698
          0,           0,         199,      -7.867093088,       -8.52818968,      -8.380043788,      -7.317472177,             0.448,    0.001337198201,      0.1114240681,                 0,                 0,                 0,    -0.02796098622,   -0.001093823252,       0.111426723,                 0,       83.32651659
          0,           0,         200,      -7.876124835,      -8.537195259,      -8.388944979,      -7.326803982,             0.448,    0.001337194587,      0.1114249431,                 0,                 0,                 0,    -0.02796099017,   -0.001093845954,      0.1114275978,                 0,       83.32739621
          0,           0,         201,      -7.884412079,      -8.545370734,       -8.39734948,      -7.335349063,             0.448,    0.001337190364,      0.1114257611,                 0,                 0,                 0,    -0.02796100261,    -0.00109386802,      0.1114284154,                 0,       83.32827108
          0,           0,         202,      -7.892080095,      -8.552923325,      -8.405400017,       -7.34323084,             0.448,    0.001337185616,      0.1114265234,                 0,                 0,                 0,    -0.02796102261,   -0.001093889396,      0.1114291775,                 0,       83.32913702
          0,           0,         203,      -7.899257226,        -8.5600491,      -8.413233493,      -7.350577602,             0.448,    0.001337180422,      0.1114272317,                 0,                 0,                 0,    -0.02796104932,    -0.00109391004,      0.1114298855,                 0,       83.32999039
          0,           0,         204,       -7.90607037,      -8.566926872,      -8.420977362,      -7.357517682,             0.448,    0.001337174852,      0.1114278876,                 0,                 0,                 0,    -0.02796108197,   -0.001093929918,      0.1114305411,                 0,       83.33082804
          0,           0,         205,      -7.912641432,      -8.573714622,      -8.428747311,      -7.364175536,             0.448,    0.001337168968,      0.1114284929,                 0,                 0,                 0,    -0.02796111981,   -0.001093949004,      0.1114311461,                 0,       83.33164733
          0,           0,         206,      -7.919084746,      -8.580548162,      -8.436646058,      -7.370668812,             0.448,     0.00133716283,      0.1114290494,                 0,                 0,                 0,     -0.0279611622,    -0.00109396728,      0.1114317023,                 0,       83.33244602
          0,           0,         207,      -7.925505404,       -8.58754153,      -8.444763039,      -7.377106337,             0.448,    0.001337156489,      0.1114295589,                 0,                 0,                 0,    -0.02796120853,   -0.001093984735,      0.1114322116,                 0,       83.33322228
          0,           0,         208,       -7.93199834,      -8.594788515,      -8.453174726,      -7.383586948,             0.448,     0.00133714999,      0.1114300233,                 0,                 0,                 0,    -0.02796125823,   -0.001094001364,      0.1114326758,                 0,       83.33397461
          0,           0,         209,      -7.938648039,       -8.60236481,      -8.461945392,      -7.390198985,             0.448,    0.001337143377,      0.1114304446,                 0,                 0,                 0,    -0.02796131082,   -0.001094017166,      0.1114330968,                 0,       83.33470184
          0,           0,         210,      -7.945528704,      -8.610330447,      -8.471128136,      -7.397020322,             0.448,    0.001337136685,      0.1114308246,                 0,                 0,                 0,    -0.02796136582,   -0.001094032144,      0.1114334765,                 0,       83.33540304
          0,           0,         211,      -7.952704747,      -8.618732276,      -8.480766049,      -7.404118758,             0.448,    0.001337129948,      0.1114311651,                 0,                 0,                 0,    -0.02796142284,   -0.001094046308,      0.1114338168,                 0,       83.33607756
          0,           0,         212,      -7.960231468,      -8.627606325,      -8.490893379,      -7.411552651,             0.448,    0.001337123197,      0.1114314681,                 0,                 0,                 0,    -0.02796148148,   -0.001094059667,      0.1114341196,                 0,       83.33672495
          0,           0,         213,       -7.96815584,      -8.636979861,      -8.501536654,      -7.419371681,             0.448,    0.001337116456,      0.1114317353,                 0,                 0,                 0,     -0.0279615414,   -0.001094072237,      0.1114343866,                 0,       83.33734495
          0,           0,         214,      -7.976517326,      -8.646873164,       -8.51271568,      -7.427617672,             0.448,    0.001337109749,      0.1114319687,                 0,                 0,                 0,     -0.0279616023,   -0.001094084033,      0.1114346198,                 0,       83.33793748
          0,           0,         215,      -7.985348683,      -8.657300963,      -8.524444422,      -7.436325411,             0.448,    0.001337103097,      0.1114321699,                 0,                 0,                 0,     -0.0279616639,   -0.001094095074,      0.1114348208,                 0,       83.33850262
          0,           0,         216,      -7.994676722,      -8.668273587,      -8.536731733,      -7.445523436,             0.448,    0.001337096516,      0.1114323408,                 0,                 0,                 0,    -0.02796172592,    -0.00109410538,      0.1114349915,                 0,       83.33904055
          0,           0,         217,      -8.004522995,       -8.67979792,      -8.549581954,      -7.455234758,             0.448,    0.001337090024,       0.111432483,                 0,                 0,                 0,    -0.02796178815,   -0.001094114974,      0.1114351336,                 0,        83.3395516
          0,           0,         218,       -8.01490442,      -8.691878146,      -8.562995386,      -7.465477514,             0.448,    0.001337083633,      0.1114325983,                 0,                 0,                 0,    -0.02796185038,   -0.001094123878,      0.1114352487,                 0,       83.34003617
          0,           0,         219,      -8.025833814,      -8.704516371,      -8.576968646,      -7.476265539,             0.448,    0.001337077354,      0.1114326883,                 0,                 0,                 0,     -0.0279619124,   -0.001094132117,      0.1114353385,                 0,       83.34049476
          0,           0,         220,      -8.037320355,      -8.717713091,      -8.591494909,      -7.487608857,             0.448,    0.001337071197,      0.1114327544,                 0,                 0,                 0,    -0.02796197407,   -0.001094139717,      0.1114354045,                 0,       83.34092806
          0,           0,         221,      -8.049369943,      -8.731468129,      -8.606564012,       -7.49951409,             0.448,    0.001337065165,      0.1114327983,                 0,                 0,                 0,    -0.02796203523,   -0.001094146705,      0.1114354482,                 0,       83.34133686
          0,           0,         222,      -8.061985572,      -8.745778388,      -8.622162559,      -7.511984827,             0.448,    0.001337059273,      0.1114328215,                 0,                 0,                 0,    -0.02796209572,   -0.001094153101,      0.1114354713,                 0,       83.34172146
          0,           0,         223,      -8.075167624,      -8.760640693,      -8.638274084,      -7.525021955,             0.448,    0.001337053528,      0.1114328254,                 0,                 0,                 0,     -0.0279621554,    -0.00109415893,      0.1114354751,                 0,        83.3420825
          0,           0,         224,      -8.088913791,      -8.776053555,       -8.65487891,        -7.5386236,             0.448,    0.001337047931,      0.1114328114,                 0,                 0,                 0,    -0.02796221418,    -0.00109416422,       0.111435461,                 0,       83.34242089
          0,           0,         225,       -8.10321938,      -8.792014082,       -8.67195373,      -7.552785485,             0.448,    0.001337042485,      0.1114327809,                 0,                 0,                 0,    -0.02796227195,   -0.001094168998,      0.1114354303,                 0,        83.3427375
          0,           0,         226,      -8.118077419,      -8.808517526,       -8.68947119,      -7.567501043,             0.448,    0.001337037192,       0.111432735,                 0,                 0,                 0,    -0.02796232863,    -0.00109417329,      0.1114353843,                 0,       83.34303314
          0,           0,         227,      -8.133478623,      -8.825558318,      -8.707400019,      -7.582761397,             0.448,    0.001337032053,       0.111432675,                 0,                 0,                 0,    -0.02796238414,    -0.00109417712,      0.1114353243,                 0,       83.34330865
          0,           0,         228,        -8.1494114,      -8.843130412,       -8.72570504,      -7.598555379,             0.448,    0.001337027068,      0.1114326021,                 0,                 0,                 0,     -0.0279624384,   -0.001094180512,      0.1114352513,                 0,       83.34356481
          0,           0,         229,      -8.165861741,      -8.861227193,      -8.744346823,      -7.614869448,             0.448,     0.00133702224,      0.1114325174,                 0,                 0,                 0,    -0.02796249135,    -0.00109418349,      0.1114351664,                 0,       83.34380237
          0,           0,         230,      -8.182813078,      -8.879841273,      -8.763281182,      -7.631687574,             0.448,    0.001337017569,      0.1114324218,                 0,                 0,                 0,    -0.02796254292,   -0.001094186075,      0.1114350708,                 0,       83.34402207
          0,           0,         231,      -8.200246128,      -8.898964189,      -8.782458809,      -7.648991102,             0.448,    0.001337013056,      0.1114323164,                 0,                 0,                 0,    -0.02796259308,   -0.001094188288,      0.1114349653,                 0,       83.34422459
          0,           0,         232,      -8.218138676,      -8.918586038,      -8.801825166,      -7.666758547,             0.448,    0.001337008702,      0.1114322021,                 0,                 0,                 0,    -0.02796264175,   -0.001094190149,       0.111434851,                 0,       83.34441054
          0,           0,         233,      -8.236465318,      -8.938695169,      -8.821320573,      -7.684965351,             0.448,    0.001337004509,      0.1114320799,                 0,                 0,                 0,     -0.0279626889,   -0.001094191674,      0.1114347287,                 0,       83.34458048
          0,           0,         234,      -8.255197146,      -8.959277792,      -8.840880555,       -7.70358359,             0.448,     0.00133700048,      0.1114319505,                 0,                 0,                 0,    -0.02796273446,   -0.001094192879,      0.1114345992,                 0,       83.34473484
          0,           0,         235,      -8.274301386,       -8.98031748,      -8.860436499,      -7.722581632,             0.448,    0.001336996621,      0.1114318149,                 0,                 0,                 0,    -0.02796277839,   -0.001094193779,      0.1114344636,                 0,       83.34487401
          0,           0,         236,      -8.293741002,      -9.001794593,      -8.879916642,      -7.741923746,             0.448,    0.001336992934,      0.1114316738,                 0,                 0,                 0,    -0.02796282063,   -0.001094194388,      0.1114343225,                 0,       83.34499829
          0,           0,         237,      -8.313474278,      -9.023685437,       -8.89924731,      -7.761569692,             0.448,    0.001336989428,      0.1114315282,                 0,                 0,                 0,    -0.02796286113,   -0.001094194716,      0.1114341767,                 0,       83.34510794
          0,           0,         238,      -8.333454425,      -9.045961015,      -8.918354409,      -7.781474323,             0.448,    0.001336986106,      0.1114313787,                 0,                 0,                 0,    -0.02796289983,   -0.001094194776,      0.1114340272,                 0,        83.3452032
          0,           0,         239,       -8.35362923,      -9.068585289,      -8.937165149,      -7.801587229,             0.448,    0.001336982975,      0.1114312262,                 0,                 0,                 0,    -0.02796293668,   -0.001094194579,      0.1114338747,                 0,       83.34528431
          0,           0,         240,      -8.373940825,      -9.091513185,      -8.955609961,      -7.821852476,             0.448,    0.001336980041,      0.1114310715,                 0,                 0,                 0,    -0.02796297164,   -0.001094194138,        0.11143372,                 0,       83.34535153
          0,           0,         241,      -8.394325604,      -9.114688375,      -8.973624516,      -7.842208485,             0.448,    0.001336977306,      0.1114309153,                 0,                 0,                 0,    -0.02796300466,   -0.001094193466,      0.1114335638,                 0,        83.3454052
          0,           0,         242,       -8.41471436,      -9.138041029,      -8.991151716,      -7.862588106,             0.448,    0.001336974775,      0.1114307585,                 0,                 0,                 0,    -0.02796303572,   -0.001094192575,       0.111433407,                 0,       83.34544569
          0,           0,         243,        -8.4350327,      -9.161485631,      -9.008143559,      -7.882918952,             0.448,    0.001336972449,      0.1114306018,                 0,                 0,                 0,    -0.02796306478,   -0.001094191481,      0.1114332502,                 0,       83.34547346
          0,           0,         244,      -8.455201787,      -9.184919082,      -9.024562773,      -7.903124039,             0.448,    0.001336970327,      0.1114304458,                 0,                 0,                 0,    -0.02796309183,   -0.001094190199,      0.1114330942,                 0,       83.34548904
          0,           0,         245,      -8.475139474,      -9.208219486,      -9.040384113,      -7.923122792,             0.448,    0.001336968409,      0.1114302912,                 0,                 0,                 0,    -0.02796311687,   -0.001094188745,      0.1114329396,                 0,       83.34549301
          0,           0,         246,      -8.494761842,      -9.231246013,      -9.055595208,      -7.942832444,             0.448,     0.00133696669,      0.1114301386,                 0,                 0,                 0,    -0.02796313991,   -0.001094187135,       0.111432787,                 0,       83.34548604
          0,           0,         247,      -8.513984998,      -9.253839731,      -9.070197502,      -7.962169598,             0.448,    0.001336965168,      0.1114299887,                 0,                 0,                 0,    -0.02796316094,   -0.001094185386,      0.1114326371,                 0,       83.34546879
          0,           0,         248,      -8.532727829,      -9.275827246,      -9.084205199,      -7.981053087,             0.448,    0.001336963837,      0.1114298419,                 0,                 0,                 0,       -0.02796318,   -0.001094183515,      0.1114324903,                 0,       83.34544198
          0,           0,         249,      -8.550914559,      -9.297027771,      -9.097640376,      -7.999406722,             0.448,    0.001336962692,      0.1114296988,                 0,                 0,                 0,    -0.02796319712,   -0.001094181538,      0.1114323472,                 0,       83.34540634
          0,           0,         250,      -8.568475601,      -9.317258463,      -9.110538497,      -8.017158701,             0.448,    0.001336961725,      0.1114295598,                 0,                 0,                 0,    -0.02796321234,   -0.001094179472,      0.1114322082,                 0,       83.34536263
          0,           0,         251,      -8.585353054,      -9.336345341,      -9.122948604,      -8.034247984,             0.448,     0.00133696093,      0.1114294252,                 0,                 0,                 0,    -0.02796322571,   -0.001094177331,      0.1114320737,                 0,       83.34531155
          0,           0,         252,      -8.601502321,      -9.354137187,      -9.134917479,       -8.05062637,             0.448,    0.001336960297,      0.1114292955,                 0,                 0,                 0,    -0.02796323727,   -0.001094175133,       0.111431944,                 0,       83.34525393
          0,           0,         253,      -8.616894432,      -9.370515054,       -9.14650968,      -8.066260515,             0.448,     0.00133695982,      0.1114291709,                 0,                 0,                 0,    -0.02796324709,   -0.001094172892,      0.1114318194,                 0,       83.34519049
          0,           0,         254,      -8.631517433,      -9.385402622,      -9.157794252,      -8.081133494,             0.448,    0.001336959489,      0.1114290516,                 0,                 0,                 0,    -0.02796325523,   -0.001094170621,      0.1114317001,                 0,       83.34512191
          0,           0,         255,      -8.645375735,      -9.398774015,      -9.168835785,      -8.095244418,             0.448,    0.001336959295,      0.1114289378,                 0,                 0,                 0,    -0.02796326176,   -0.001094168333,      0.1114315864,                 0,       83.34504888
          0,           0,         256,      -8.658490452,      -9.410653579,      -9.179693912,      -8.108609142,             0.448,    0.001336959231,      0.1114288298,                 0,                 0,                 0,    -0.02796326676,    -0.00109416604,      0.1114314783,                 0,       83.34497209
          0,           0,         257,      -8.670898357,      -9.421114611,      -9.190426213,      -8.121259381,             0.448,    0.001336959286,      0.1114287275,                 0,                 0,                 0,     -0.0279632703,   -0.001094163755,      0.1114313761,                 0,       83.34489216
          0,           0,         258,      -8.682649908,      -9.430274306,      -9.201088811,      -8.133240916,             0.448,    0.001336959453,      0.1114286312,                 0,                 0,                 0,    -0.02796327245,   -0.001094161486,      0.1114312798,                 0,        83.3448097
          0,           0,         259,      -8.693806844,      -9.438283965,      -9.211734901,      -8.144611445,             0.448,    0.001336959722,      0.1114285407,                 0,                 0,                 0,     -0.0279632733,   -0.001094159244,      0.1114311894,                 0,        83.3447253
          0,           0,         260,      -8.704439492,      -9.445317522,      -9.222413593,       -8.15543807,             0.448,    0.001336960084,      0.1114284562,                 0,                 0,                 0,    -0.02796327292,   -0.001094157039,      0.1114311049,                 0,       83.34463949
          0,           0,         261,       -8.71462403,      -9.451560774,      -9.233169671,      -8.165794611,             0.448,    0.001336960533,      0.1114283777,                 0,                 0,                 0,    -0.02796327139,   -0.001094154876,      0.1114310264,                 0,       83.34455278
          0,           0,         262,      -8.724439853,      -9.457201342,      -9.244043666,       -8.17575894,             0.448,    0.001336961058,      0.1114283049,                 0,                 0,                 0,    -0.02796326879,   -0.001094152764,      0.1114309537,                 0,       83.34446562
          0,           0,         263,      -8.733967153,      -9.462420723,      -9.255071875,      -8.185410504,             0.448,    0.001336961654,       0.111428238,                 0,                 0,                 0,     -0.0279632652,   -0.001094150709,      0.1114308868,                 0,       83.34437846
          0,           0,         264,      -8.743284849,      -9.467387764,      -9.266286365,       -8.19482815,             0.448,    0.001336962311,      0.1114281768,                 0,                 0,                 0,     -0.0279632607,   -0.001094148717,      0.1114308256,                 0,       83.34429169
          0,           0,         265,      -8.752468932,      -9.472257202,      -9.277714921,      -8.204088381,             0.448,    0.001336963024,      0.1114281212,                 0,                 0,                 0,    -0.02796325535,    -0.00109414679,        0.11143077,                 0,       83.34420563
          0,           0,         266,      -8.761591176,      -9.477165279,      -9.289381316,      -8.213263924,             0.448,    0.001336963787,      0.1114280711,                 0,                 0,                 0,    -0.02796324925,   -0.001094144934,      0.1114307199,                 0,       83.34412056
          0,           0,         267,      -8.770715975,      -9.482232769,      -9.301305505,      -8.222420226,             0.448,    0.001336964594,      0.1114280262,                 0,                 0,                 0,    -0.02796324245,   -0.001094143149,      0.1114306751,                 0,       83.34403673
          0,           0,         268,      -8.779904169,      -9.487556735,      -9.313492146,      -8.231619538,             0.448,    0.001336965438,      0.1114279866,                 0,                 0,                 0,    -0.02796323503,    -0.00109414144,      0.1114306355,                 0,       83.34395446
          0,           0,         269,      -8.789213108,      -9.493224931,      -9.325956291,      -8.240921107,             0.448,    0.001336966313,      0.1114279519,                 0,                 0,                 0,    -0.02796322706,    -0.00109413981,      0.1114306009,                 0,       83.34387401
          0,           0,         270,      -8.798690391,      -9.499305209,      -9.338710324,      -8.250374725,             0.448,    0.001336967214,      0.1114279221,                 0,                 0,                 0,     -0.0279632186,   -0.001094138258,      0.1114305711,                 0,       83.34379552
          0,           0,         271,      -8.808380432,      -9.505857766,      -9.351764136,      -8.260025947,             0.448,    0.001336968136,      0.1114278969,                 0,                 0,                 0,    -0.02796320971,   -0.001094136788,      0.1114305459,                 0,       83.34371923
          0,           0,         272,      -8.818322538,      -9.512931611,       -9.36512463,      -8.269915686,             0.448,    0.001336969074,      0.1114278762,                 0,                 0,                 0,    -0.02796320045,   -0.001094135398,      0.1114305252,                 0,       83.34364527
          0,           0,         273,        -8.8285498,      -9.520569341,      -9.378793047,      -8.280078654,             0.448,    0.001336970024,      0.1114278598,                 0,                 0,                 0,    -0.02796319088,    -0.00109413409,      0.1114305088,                 0,       83.34357377
          0,           0,         274,      -8.839090481,      -9.528804601,      -9.392764131,      -8.290544431,             0.448,    0.001336970981,      0.1114278474,                 0,                 0,                 0,    -0.02796318105,   -0.001094132863,      0.1114304965,                 0,       83.34350482
          0,           0,         275,      -8.849968403,      -9.537663498,      -9.407027602,      -8.301338058,             0.448,    0.001336971943,      0.1114278389,                 0,                 0,                 0,    -0.02796317102,   -0.001094131716,       0.111430488,                 0,       83.34343853
          0,           0,         276,       -8.86120305,      -9.547166856,      -9.421570164,      -8.312480248,             0.448,    0.001336972905,      0.1114278341,                 0,                 0,                 0,    -0.02796316083,   -0.001094130649,      0.1114304832,                 0,       83.34337495
          0,           0,         277,      -8.872810091,      -9.557331171,       -9.43637629,      -8.323987779,             0.448,    0.001336973864,      0.1114278327,                 0,                 0,                 0,    -0.02796315053,   -0.001094129661,      0.1114304819,                 0,       83.34331415
          0,           0,         278,       -8.88480182,      -9.568169282,      -9.451427986,       -8.33587389,             0.448,    0.001336974816,      0.1114278346,                 0,                 0,                 0,    -0.02796314016,    -0.00109412875,      0.1114304838,                 0,       83.34325619
          0,           0,         279,      -8.897187383,      -9.579690938,      -9.466704348,      -8.348148571,             0.448,     0.00133697576,      0.1114278396,                 0,                 0,                 0,    -0.02796312977,   -0.001094127915,      0.1114304888,                 0,       83.34320107
          0,           0,         280,      -8.909972966,      -9.591903086,      -9.482181335,       -8.36081879,             0.448,    0.001336976692,      0.1114278475,                 0,                 0,                 0,    -0.02796311939,   -0.001094127154,      0.1114304966,                 0,       83.34314884
          0,           0,         281,      -8.923162003,      -9.604810419,      -9.497831801,      -8.373888698,             0.448,     0.00133697761,       0.111427858,                 0,                 0,                 0,    -0.02796310905,   -0.001094126466,      0.1114305072,                 0,       83.34309949
          0,           0,         282,      -8.936755355,      -9.618415538,      -9.513625652,       -8.38735981,             0.448,    0.001336978512,       0.111427871,                 0,                 0,                 0,    -0.02796309879,   -0.001094125849,      0.1114305202,                 0,       83.34305303
          0,           0,         283,      -8.950751427,      -9.632719394,      -9.529530141,      -8.401231148,             0.448,    0.001336979395,      0.1114278864,                 0,                 0,                 0,    -0.02796308864,   -0.001094125301,      0.1114305356,                 0,       83.34300945
          0,           0,         284,      -8.965146252,      -9.647721161,       -9.54551025,       -8.41549933,             0.448,    0.001336980258,      0.1114279039,                 0,                 0,                 0,    -0.02796307863,    -0.00109412482,      0.1114305531,                 0,       83.34296876
          0,           0,         285,      -8.979933525,      -9.663418966,         -9.561529,      -8.430158632,             0.448,    0.001336981099,      0.1114279233,                 0,                 0,                 0,    -0.02796306878,   -0.001094124404,      0.1114305726,                 0,       83.34293091
          0,           0,         286,       -8.99510458,      -9.679809363,      -9.577547985,      -8.445200968,             0.448,    0.001336981915,      0.1114279446,                 0,                 0,                 0,    -0.02796305912,   -0.001094124051,      0.1114305939,                 0,       83.34289591
          0,           0,         287,      -9.010648334,       -9.69688704,      -9.593527872,      -8.460615852,             0.448,    0.001336982706,      0.1114279675,                 0,                 0,                 0,    -0.02796304967,    -0.00109412376,      0.1114306168,                 0,       83.34286372
          0,           0,         288,      -9.026551136,      -9.714645318,       -9.60942898,      -8.476390268,             0.448,     0.00133698347,      0.1114279919,                 0,                 0,                 0,    -0.02796304046,   -0.001094123528,      0.1114306412,                 0,       83.34283435
          0,           0,         289,      -9.042796673,      -9.733075712,      -9.625212122,      -8.492508605,             0.448,    0.001336984205,      0.1114280176,                 0,                 0,                 0,     -0.0279630315,   -0.001094123355,      0.1114306669,                 0,       83.34280778
          0,           0,         290,      -9.059365818,      -9.752167454,      -9.640839569,      -8.508952501,             0.448,    0.001336984909,      0.1114280445,                 0,                 0,                 0,    -0.02796302281,   -0.001094123237,      0.1114306938,                 0,         83.342784
          0,           0,         291,       -9.07623638,      -9.771906753,      -9.656276109,      -8.525700609,             0.448,    0.001336985581,      0.1114280724,                 0,                 0,                 0,    -0.02796301441,   -0.001094123174,      0.1114307217,                 0,       83.34276299
          0,           0,         292,      -9.093382865,      -9.792275738,      -9.671489941,      -8.542728369,             0.448,     0.00133698622,      0.1114281012,                 0,                 0,                 0,    -0.02796300633,   -0.001094123164,      0.1114307505,                 0,       83.34274472
          0,           0,         293,      -9.110776251,      -9.813251493,      -9.686453439,      -8.560007807,             0.448,    0.001336986823,      0.1114281307,                 0,                 0,                 0,    -0.02796299857,   -0.001094123204,        0.11143078,                 0,       83.34272918
          0,           0,         294,      -9.128383786,      -9.834804388,      -9.701143906,      -8.577507331,             0.448,     0.00133698739,      0.1114281608,                 0,                 0,                 0,    -0.02796299116,   -0.001094123294,      0.1114308101,                 0,       83.34271633
          0,           0,         295,      -9.146168829,      -9.856896263,      -9.715544287,      -8.595191571,             0.448,    0.001336987919,      0.1114281912,                 0,                 0,                 0,    -0.02796298409,   -0.001094123429,      0.1114308406,                 0,       83.34270611
          0,           0,         296,      -9.164090724,      -9.879478522,      -9.729643684,      -8.613021265,             0.448,    0.001336988411,       0.111428222,                 0,                 0,                 0,     -0.0279629774,   -0.001094123609,      0.1114308714,                 0,       83.34269848
          0,           0,         297,      -9.182104774,      -9.902489681,      -9.743437492,       -8.63095321,             0.448,    0.001336988864,      0.1114282529,                 0,                 0,                 0,    -0.02796297107,    -0.00109412383,      0.1114309023,                 0,       83.34269335
          0,           0,         298,      -9.200162325,      -9.925853174,      -9.756927262,       -8.64894033,             0.448,    0.001336989279,      0.1114282839,                 0,                 0,                 0,    -0.02796296513,    -0.00109412409,      0.1114309332,                 0,       83.34269064
          0,           0,         299,      -9.218211011,      -9.949474564,      -9.770120314,      -8.666931879,             0.448,    0.001336989655,      0.1114283147,                 0,                 0,                 0,    -0.02796295957,   -0.001094124386,       0.111430964,                 0,       83.34269023
          0,           0,         300,      -9.236195155,      -9.973239724,      -9.783029223,      -8.684873801,             0.448,    0.001336989993,      0.1114283452,                 0,                 0,                 0,     -0.0279629544,   -0.001094124715,      0.1114309946,                 0,       83.34269202
          0,           0,         301,      -9.254056391,      -9.997013008,      -9.795671232,      -8.702709284,             0.448,    0.001336990294,      0.1114283755,                 0,                 0,                 0,     -0.0279629496,   -0.001094125074,      0.1114310248,                 0,       83.34269587
          0,           0,         302,      -9.271734485,      -10.02063693,       -9.80806765,      -8.720379513,             0.448,    0.001336990558,      0.1114284052,                 0,                 0,                 0,     -0.0279629452,   -0.001094125458,      0.1114310545,                 0,       83.34270164
          0,           0,         303,       -9.28916839,      -10.04393305,      -9.820243085,      -8.737824639,             0.448,    0.001336990787,      0.1114284344,                 0,                 0,                 0,    -0.02796294116,   -0.001094125866,      0.1114310837,                 0,        83.3427092
          0,           0,         304,      -9.306297531,      -10.06670542,      -9.832224718,      -8.754984972,             0.448,    0.001336990982,      0.1114284629,                 0,                 0,                 0,     -0.0279629375,   -0.001094126294,      0.1114311123,                 0,        83.3427184
          0,           0,         305,      -9.323063278,      -10.08874577,      -9.844041658,      -8.771802371,             0.448,    0.001336991144,      0.1114284907,                 0,                 0,                 0,    -0.02796293419,   -0.001094126738,      0.1114311401,                 0,       83.34272909
          0,           0,         306,      -9.339410583,      -10.10984278,      -9.855724248,      -8.788221793,             0.448,    0.001336991275,      0.1114285177,                 0,                 0,                 0,    -0.02796293124,   -0.001094127196,      0.1114311671,                 0,       83.34274111
          0,           0,         307,      -9.355289682,      -10.12979291,      -9.867303383,      -8.804192936,             0.448,    0.001336991377,      0.1114285439,                 0,                 0,                 0,    -0.02796292863,   -0.001094127665,      0.1114311932,                 0,       83.34275432
          0,           0,         308,      -9.370657816,      -10.14841349,      -9.878810043,      -8.819671913,             0.448,    0.001336991451,      0.1114285691,                 0,                 0,                 0,    -0.02796292634,   -0.001094128141,      0.1114312184,                 0,       83.34276858
          0,           0,         309,      -9.385480791,      -10.16555709,      -9.890274622,      -8.834622811,             0.448,    0.001336991499,      0.1114285934,                 0,                 0,                 0,    -0.02796292436,   -0.001094128622,      0.1114312427,                 0,       83.34278374
          0,           0,         310,      -9.399734351,      -10.18112311,      -9.901726467,        -8.8490191,             0.448,    0.001336991523,      0.1114286166,                 0,                 0,                 0,    -0.02796292268,   -0.001094129107,      0.1114312659,                 0,       83.34279967
          0,           0,         311,      -9.413405178,      -10.19506702,      -9.913193443,      -8.862844694,             0.448,    0.001336991524,      0.1114286389,                 0,                 0,                 0,    -0.02796292129,   -0.001094129591,      0.1114312882,                 0,       83.34281624
          0,           0,         312,      -9.426491491,      -10.20740442,       -9.92470144,      -8.876094663,             0.448,    0.001336991504,      0.1114286601,                 0,                 0,                 0,    -0.02796292016,   -0.001094130073,      0.1114313094,                 0,       83.34283333
          0,           0,         313,      -9.439003129,      -10.21820851,      -9.936274219,       -8.88877544,             0.448,    0.001336991466,      0.1114286802,                 0,                 0,                 0,    -0.02796291929,   -0.001094130551,      0.1114313295,                 0,        83.3428508
          0,           0,         314,      -9.450961198,      -10.22760284,       -9.94793306,      -8.900904624,             0.448,     0.00133699141,      0.1114286993,                 0,                 0,                 0,    -0.02796291865,   -0.001094131023,      0.1114313486,                 0,       83.34286856
          0,           0,         315,      -9.462397237,      -10.23575238,      -9.959696641,      -8.912510292,             0.448,    0.001336991338,      0.1114287174,                 0,                 0,                 0,    -0.02796291824,   -0.001094131488,      0.1114313667,                 0,       83.34288649
          0,           0,         316,      -9.473351986,      -10.24284779,      -9.971581106,      -8.923629909,             0.448,    0.001336991253,      0.1114287343,                 0,                 0,                 0,    -0.02796291803,   -0.001094131943,      0.1114313836,                 0,       83.34290449
          0,           0,         317,       -9.48387394,       -10.2490931,      -9.983600247,      -8.934308982,             0.448,    0.001336991155,      0.1114287502,                 0,                 0,                 0,    -0.02796291802,   -0.001094132388,      0.1114313995,                 0,       83.34292249
          0,           0,         318,      -9.494017608,      -10.25469377,      -9.995765674,      -8.944599412,             0.448,    0.001336991047,      0.1114287651,                 0,                 0,                 0,    -0.02796291818,   -0.001094132821,      0.1114314144,                 0,       83.34294039
          0,           0,         319,      -9.503841736,      -10.25984729,      -10.00808687,      -8.954557769,             0.448,    0.001336990928,      0.1114287789,                 0,                 0,                 0,     -0.0279629185,   -0.001094133242,      0.1114314282,                 0,       83.34295812
          0,           0,         320,      -9.513407661,      -10.26473686,      -10.02057127,      -8.964243686,             0.448,    0.001336990802,      0.1114287918,                 0,                 0,                 0,    -0.02796291898,   -0.001094133648,      0.1114314411,                 0,       83.34297562
          0,           0,         321,      -9.522777774,      -10.26952668,      -10.03322448,      -8.973718302,             0.448,    0.001336990668,      0.1114288036,                 0,                 0,                 0,    -0.02796291959,   -0.001094134041,      0.1114314529,                 0,       83.34299282
          0,           0,         322,      -9.532014126,      -10.27436158,      -10.04605061,      -8.983042849,             0.448,    0.001336990529,      0.1114288145,                 0,                 0,                 0,    -0.02796292032,   -0.001094134418,      0.1114314638,                 0,       83.34300967
          0,           0,         323,      -9.541177257,      -10.27936556,      -10.05905256,      -8.992277443,             0.448,    0.001336990384,      0.1114288245,                 0,                 0,                 0,    -0.02796292116,    -0.00109413478,      0.1114314738,                 0,       83.34302613
          0,           0,         324,       -9.55032525,      -10.28464378,      -10.07223211,      -9.001480075,             0.448,    0.001336990236,      0.1114288336,                 0,                 0,                 0,     -0.0279629221,   -0.001094135126,      0.1114314828,                 0,       83.34304215
          0,           0,         325,      -9.559513027,      -10.29028376,      -10.08558994,      -9.010705863,             0.448,    0.001336990085,      0.1114288418,                 0,                 0,                 0,    -0.02796292313,   -0.001094135456,       0.111431491,                 0,        83.3430577
          0,           0,         326,      -9.568791869,      -10.29635719,      -10.09912559,      -9.020006502,             0.448,    0.001336989932,      0.1114288491,                 0,                 0,                 0,    -0.02796292424,   -0.001094135769,      0.1114314984,                 0,       83.34307274
          0,           0,         327,      -9.578209107,      -10.30292259,      -10.11283754,      -9.029429911,             0.448,    0.001336989778,      0.1114288557,                 0,                 0,                 0,    -0.02796292541,   -0.001094136066,      0.1114315049,                 0,       83.34308726
          0,           0,         328,      -9.587807981,      -10.31002646,      -10.12672342,      -9.039020038,             0.448,    0.001336989623,      0.1114288615,                 0,                 0,                 0,    -0.02796292663,   -0.001094136347,      0.1114315107,                 0,       83.34310124
          0,           0,         329,      -9.597627583,      -10.31770608,      -10.14077999,       -9.04881677,             0.448,    0.001336989468,      0.1114288665,                 0,                 0,                 0,    -0.02796292791,   -0.001094136612,      0.1114315157,                 0,       83.34311465
          0,           0,         330,      -9.607702949,      -10.32599054,       -10.1550032,      -9.058855977,             0.448,    0.001336989314,      0.1114288708,                 0,                 0,                 0,    -0.02796292922,    -0.00109413686,      0.1114315201,                 0,       83.34312749
          0,           0,         331,       -9.61806516,      -10.33490252,      -10.16938821,      -9.069169609,             0.448,    0.001336989161,      0.1114288745,                 0,                 0,                 0,    -0.02796293057,   -0.001094137093,      0.1114315237,                 0,       83.34313975
          0,           0,         332,      -9.628741543,      -10.34445898,      -10.18392935,      -9.079785845,             0.448,     0.00133698901,      0.1114288775,                 0,                 0,                 0,    -0.02796293193,    -0.00109413731,      0.1114315267,                 0,       83.34315143
          0,           0,         333,      -9.639755868,      -10.35467263,      -10.19862024,      -9.090729303,             0.448,    0.001336988862,        0.11142888,                 0,                 0,                 0,    -0.02796293332,   -0.001094137512,      0.1114315292,                 0,       83.34316251
          0,           0,         334,      -9.651128558,      -10.36555248,      -10.21345367,      -9.102021226,             0.448,    0.001336988716,      0.1114288818,                 0,                 0,                 0,    -0.02796293471,   -0.001094137698,       0.111431531,                 0,       83.34317301
          0,           0,         335,      -9.662876902,      -10.37710452,      -10.22842175,      -9.113679692,             0.448,    0.001336988572,      0.1114288832,                 0,                 0,                 0,    -0.02796293611,    -0.00109413787,      0.1114315324,                 0,       83.34318292
          0,           0,         336,      -9.675015264,       -10.3893322,      -10.24351582,      -9.125719818,             0.448,    0.001336988433,       0.111428884,                 0,                 0,                 0,     -0.0279629375,   -0.001094138028,      0.1114315332,                 0,       83.34319226
          0,           0,         337,       -9.68755526,      -10.40223655,      -10.25872659,      -9.138153943,             0.448,    0.001336988296,      0.1114288844,                 0,                 0,                 0,    -0.02796293889,   -0.001094138172,      0.1114315335,                 0,       83.34320103
          0,           0,         338,      -9.700505923,      -10.41581727,      -10.27404405,      -9.150991796,             0.448,    0.001336988164,      0.1114288843,                 0,                 0,                 0,    -0.02796294026,   -0.001094138303,      0.1114315335,                 0,       83.34320923
          0,           0,         339,      -9.713873838,      -10.43007175,      -10.28945756,      -9.164240631,             0.448,    0.001336988035,      0.1114288838,                 0,                 0,                 0,    -0.02796294162,   -0.001094138422,       0.111431533,                 0,        83.3432169
          0,           0,         340,      -9.727663261,      -10.44499643,      -10.30495588,      -9.177905356,             0.448,    0.001336987911,       0.111428883,                 0,                 0,                 0,    -0.02796294295,   -0.001094138528,      0.1114315322,                 0,       83.34322403
          0,           0,         341,      -9.741876187,      -10.46058596,      -10.32052716,      -9.191988612,             0.448,    0.001336987791,      0.1114288818,                 0,                 0,                 0,    -0.02796294427,   -0.001094138622,       0.111431531,                 0,       83.34323063
          0,           0,         342,      -9.756512407,      -10.47683343,      -10.33615908,      -9.206490832,             0.448,    0.001336987675,      0.1114288803,                 0,                 0,                 0,    -0.02796294555,   -0.001094138705,      0.1114315295,                 0,       83.34323674
          0,           0,         343,      -9.771569526,      -10.49373076,      -10.35183879,      -9.221410281,             0.448,    0.001336987564,      0.1114288785,                 0,                 0,                 0,     -0.0279629468,   -0.001094138778,      0.1114315277,                 0,       83.34324236
          0,           0,         344,      -9.787042946,       -10.5112678,        -10.367553,      -9.236743037,             0.448,    0.001336987457,      0.1114288765,                 0,                 0,                 0,    -0.02796294802,   -0.001094138841,      0.1114315257,                 0,       83.34324751
          0,           0,         345,      -9.802925821,      -10.52943311,      -10.38328819,      -9.252482971,             0.448,    0.001336987354,      0.1114288742,                 0,                 0,                 0,    -0.02796294921,   -0.001094138894,      0.1114315234,                 0,        83.3432522
          0,           0,         346,      -9.819208976,      -10.54821238,       -10.3990305,      -9.268621669,             0.448,    0.001336987256,      0.1114288718,                 0,                 0,                 0,    -0.02796295036,   -0.001094138938,      0.1114315209,                 0,       83.34325645
          0,           0,         347,       -9.83588079,      -10.56758954,      -10.41476606,      -9.285148337,             0.448,    0.001336987163,      0.1114288691,                 0,                 0,                 0,    -0.02796295146,   -0.001094138973,      0.1114315183,                 0,       83.34326028
          0,           0,         348,      -9.852927059,      -10.58754516,      -10.43048112,       -9.30204967,             0.448,    0.001336987074,      0.1114288663,                 0,                 0,                 0,    -0.02796295253,      -0.001094139,      0.1114315155,                 0,        83.3432637
          0,           0,         349,       -9.87033082,      -10.60805657,      -10.44616225,      -9.319309704,             0.448,     0.00133698699,      0.1114288633,                 0,                 0,                 0,    -0.02796295355,    -0.00109413902,      0.1114315125,                 0,       83.34326672
          0,           0,         350,      -9.888072132,      -10.62909662,      -10.46179656,      -9.336909588,             0.448,    0.001336986911,      0.1114288603,                 0,                 0,                 0,    -0.02796295453,   -0.001094139032,      0.1114315094,                 0,       83.34326937
          0,           0,         351,      -9.906127897,      -10.65063267,      -10.47737207,      -9.354827449,             0.448,    0.001336986836,      0.1114288571,                 0,                 0,                 0,    -0.02796295546,   -0.001094139037,      0.1114315062,                 0,       83.34327165
          0,           0,         352,       -9.92447158,       -10.6726265,      -10.49287784,      -9.373038095,             0.448,    0.001336986766,      0.1114288538,                 0,                 0,                 0,    -0.02796295634,   -0.001094139036,       0.111431503,                 0,       83.34327358
          0,           0,         353,      -9.943073013,      -10.69503118,       -10.5083044,      -9.391512846,             0.448,    0.001336986701,      0.1114288505,                 0,                 0,                 0,    -0.02796295718,   -0.001094139029,      0.1114314997,                 0,       83.34327517
          0,           0,         354,      -9.961898238,      -10.71779144,      -10.52364379,      -9.410219368,             0.448,     0.00133698664,      0.1114288471,                 0,                 0,                 0,    -0.02796295797,   -0.001094139016,      0.1114314963,                 0,       83.34327642
          0,           0,         355,      -9.980909267,      -10.74084032,       -10.5388899,      -9.429121439,             0.448,    0.001336986585,      0.1114288437,                 0,                 0,                 0,    -0.02796295871,   -0.001094138998,      0.1114314929,                 0,       83.34327736
          0,           0,         356,        -10.000064,      -10.76409936,      -10.55403863,       -9.44817885,             0.448,    0.001336986533,      0.1114288403,                 0,                 0,                 0,     -0.0279629594,   -0.001094138975,      0.1114314895,                 0,         83.343278
          0,           0,         357,      -10.01931626,      -10.78747511,      -10.56908773,      -9.467347408,             0.448,    0.001336986487,      0.1114288369,                 0,                 0,                 0,    -0.02796296004,   -0.001094138947,      0.1114314861,                 0,       83.34327835
          0,           0,         358,       -10.0386158,      -10.81085908,      -10.58403682,      -9.486578924,             0.448,    0.001336986445,      0.1114288336,                 0,                 0,                 0,    -0.02796296064,   -0.001094138915,      0.1114314827,                 0,       83.34327843
          0,           0,         359,      -10.05790863,      -10.83412665,      -10.59888741,      -9.505821487,             0.448,    0.001336986408,      0.1114288302,                 0,                 0,                 0,    -0.02796296118,   -0.001094138879,      0.1114314794,                 0,       83.34327825
          0,           0,         360,      -10.07713753,      -10.85713712,      -10.61364287,      -9.525019882,             0.448,    0.001336986376,      0.1114288269,                 0,                 0,                 0,    -0.02796296168,    -0.00109413884,      0.1114314761,                 0,       83.34327782
          0,           0,         361,      -10.09624257,      -10.87973638,      -10.62830846,      -9.544116064,             0.448,    0.001336986347,      0.1114288237,                 0,                 0,                 0,    -0.02796296213,   -0.001094138798,      0.1114314729,                 0,       83.34327717
          0,           0,         362,      -10.11516211,       -10.9017595,      -10.64289101,      -9.563050004,             0.448,    0.001336986323,      0.1114288205,                 0,                 0,                 0,    -0.02796296253,   -0.001094138753,      0.1114314697,                 0,       83.34327631
          0,           0,         363,      -10.13383379,       -10.9230362,      -10.65739906,      -9.581760645,             0.448,    0.001336986303,      0.1114288175,                 0,                 0,                 0,    -0.02796296289,   -0.001094138706,      0.1114314666,                 0,       83.34327526
          0,           0,         364,      -10.15219595,      -10.94339815,        -10.671842,      -9.600187158,             0.448,    0.001336986287,      0.1114288145,                 0,                 0,                 0,     -0.0279629632,   -0.001094138657,      0.1114314636,                 0,       83.34327404
          0,           0,         365,      -10.17018924,      -10.96268714,      -10.68623035,      -9.618270424,             0.448,    0.001336986274,      0.1114288116,                 0,                 0,                 0,    -0.02796296348,   -0.001094138607,      0.1114314608,                 0,       83.34327266
          0,           0,         366,      -10.18775824,      -10.98076576,      -10.70057562,      -9.635954634,             0.448,    0.001336986265,      0.1114288088,                 0,                 0,                 0,    -0.02796296371,   -0.001094138555,       0.111431458,                 0,       83.34327114
          0,           0,         367,      -10.20485326,      -10.99752715,      -10.71488986,      -9.653188977,             0.448,     0.00133698626,      0.1114288061,                 0,                 0,                 0,     -0.0279629639,   -0.001094138503,      0.1114314553,                 0,        83.3432695
          0,           0,         368,      -10.22143211,      -11.01290393,      -10.72918531,      -9.669929382,             0.448,    0.001336986257,      0.1114288036,                 0,                 0,                 0,    -0.02796296406,    -0.00109413845,      0.1114314528,                 0,       83.34326776
          0,           0,         369,      -10.23746166,      -11.02687315,      -10.74347438,      -9.686140134,             0.448,    0.001336986257,      0.1114288012,                 0,                 0,                 0,    -0.02796296418,   -0.001094138396,      0.1114314503,                 0,       83.34326593
          0,           0,         370,      -10.25291921,       -11.0394571,      -10.75776894,      -9.701795273,             0.448,     0.00133698626,      0.1114287989,                 0,                 0,                 0,    -0.02796296427,   -0.001094138343,       0.111431448,                 0,       83.34326402
          0,           0,         371,       -10.2677934,      -11.05072464,         -10.77208,      -9.716879635,             0.448,    0.001336986265,      0.1114287967,                 0,                 0,                 0,    -0.02796296433,    -0.00109413829,      0.1114314459,                 0,       83.34326206
          0,           0,         372,      -10.28208472,      -11.06078293,      -10.78641753,      -9.731389548,             0.448,    0.001336986273,      0.1114287946,                 0,                 0,                 0,    -0.02796296436,   -0.001094138238,      0.1114314438,                 0,       83.34326006
          0,           0,         373,      -10.29580551,      -11.06976943,      -10.80079001,      -9.745332965,             0.448,    0.001336986283,      0.1114287927,                 0,                 0,                 0,    -0.02796296436,   -0.001094138187,      0.1114314419,                 0,       83.34325802
          0,           0,         374,      -10.30897951,      -11.07784188,      -10.81520499,      -9.758729179,             0.448,    0.001336986294,      0.1114287909,                 0,                 0,                 0,    -0.02796296434,   -0.001094138136,      0.1114314401,                 0,       83.34325597
          0,           0,         375,      -10.32164073,      -11.08517031,      -10.82966808,      -9.771607978,             0.448,    0.001336986307,      0.1114287893,                 0,                 0,                 0,     -0.0279629643,   -0.001094138087,      0.1114314384,                 0,       83.34325391
          0,           0,         376,      -10.33383228,      -11.09192597,      -10.84418369,      -9.784008538,             0.448,    0.001336986321,      0.1114287877,                 0,                 0,                 0,    -0.02796296423,   -0.001094138038,      0.1114314369,                 0,       83.34325185
          0,           0,         377,      -10.34560463,      -11.09827725,      -10.85875486,      -9.795977828,             0.448,    0.001336986337,      0.1114287863,                 0,                 0,                 0,    -0.02796296414,   -0.001094137992,      0.1114314355,                 0,        83.3432498
          0,           0,         378,      -10.35701391,      -11.10437845,      -10.87338329,      -9.807569066,             0.448,    0.001336986354,       0.111428785,                 0,                 0,                 0,    -0.02796296404,   -0.001094137947,      0.1114314342,                 0,       83.34324778
          0,           0,         379,      -10.36812009,      -11.11037317,      -10.88806958,      -9.818839858,             0.448,    0.001336986372,      0.1114287838,                 0,                 0,                 0,    -0.02796296391,   -0.001094137903,       0.111431433,                 0,       83.34324579
          0,           0,         380,      -10.37898525,      -11.11638831,      -10.90281338,      -9.829850548,             0.448,    0.001336986391,      0.1114287828,                 0,                 0,                 0,    -0.02796296378,   -0.001094137861,      0.1114314319,                 0,       83.34324384
          0,           0,         381,      -10.38967198,      -11.12253487,      -10.91761335,      -9.840662569,             0.448,     0.00133698641,      0.1114287818,                 0,                 0,                 0,    -0.02796296363,   -0.001094137821,       0.111431431,                 0,       83.34324193
          0,           0,         382,      -10.40024201,      -11.12890866,      -10.93246707,      -9.851336997,             0.448,     0.00133698643,       0.111428781,                 0,                 0,                 0,    -0.02796296347,   -0.001094137783,      0.1114314301,                 0,       83.34324006
          0,           0,         383,       -10.4107551,      -11.13558986,      -10.94737165,      -9.861933431,             0.448,     0.00133698645,      0.1114287802,                 0,                 0,                 0,    -0.02796296329,   -0.001094137747,      0.1114314294,                 0,       83.34323825
          0,           0,         384,      -10.42126811,       -11.1426473,      -10.96232328,      -9.872508942,             0.448,     0.00133698647,      0.1114287796,                 0,                 0,                 0,    -0.02796296311,   -0.001094137713,      0.1114314288,                 0,        83.3432365
          0,           0,         385,      -10.43183433,      -11.15013618,       -10.9773174,      -9.883117347,             0.448,    0.001336986491,      0.1114287791,                 0,                 0,                 0,    -0.02796296293,    -0.00109413768,      0.1114314283,                 0,       83.34323481
          0,           0,         386,      -10.44250299,      -11.15810371,      -10.99234889,      -9.893808662,             0.448,    0.001336986512,      0.1114287786,                 0,                 0,                 0,    -0.02796296273,    -0.00109413765,      0.1114314278,                 0,       83.34323319
          0,           0,         387,      -10.45331907,      -11.16658674,      -11.00741189,      -9.904628808,             0.448,    0.001336986533,      0.1114287783,                 0,                 0,                 0,    -0.02796296253,   -0.001094137622,      0.1114314275,                 0,       83.34323162
          0,           0,         388,       -10.4643231,        -11.175616,      -11.02249997,      -9.915619378,             0.448,    0.001336986554,       0.111428778,                 0,                 0,                 0,    -0.02796296232,   -0.001094137595,      0.1114314272,                 0,       83.34323013
          0,           0,         389,      -10.47555118,      -11.18521505,      -11.03760614,      -9.926817614,             0.448,    0.001336986574,      0.1114287778,                 0,                 0,                 0,    -0.02796296212,    -0.00109413757,       0.111431427,                 0,       83.34322871
          0,           0,         390,      -10.48703506,      -11.19540434,      -11.05272281,      -9.938256397,             0.448,    0.001336986595,      0.1114287777,                 0,                 0,                 0,    -0.02796296191,   -0.001094137548,      0.1114314269,                 0,       83.34322735
          0,           0,         391,      -10.49880229,      -11.20619753,        -11.067842,      -9.949964475,             0.448,    0.001336986615,      0.1114287777,                 0,                 0,                 0,    -0.02796296169,   -0.001094137527,      0.1114314269,                 0,       83.34322606
          0,           0,         392,      -10.51087639,      -11.21760701,      -11.08295518,        -9.9619665,             0.448,    0.001336986635,      0.1114287777,                 0,                 0,                 0,    -0.02796296148,   -0.001094137507,      0.1114314269,                 0,       83.34322485
          0,           0,         393,      -10.52327703,       -11.2296396,      -11.09805344,       -9.97428327,             0.448,    0.001336986654,      0.1114287778,                 0,                 0,                 0,    -0.02796296127,    -0.00109413749,       0.111431427,                 0,        83.3432237
          0,           0,         394,      -10.53602032,      -11.24230116,       -11.1131276,      -9.986931945,             0.448,    0.001336986674,       0.111428778,                 0,                 0,                 0,    -0.02796296105,   -0.001094137474,      0.1114314272,                 0,       83.34322262
          0,           0,         395,      -10.54911889,       -11.2555964,      -11.12816825,      -9.999926229,             0.448,    0.001336986692,      0.1114287782,                 0,                 0,                 0,    -0.02796296084,    -0.00109413746,      0.1114314274,                 0,       83.34322161
          0,           0,         396,      -10.56258215,      -11.26952512,      -11.14316574,      -10.01327651,             0.448,    0.001336986711,      0.1114287784,                 0,                 0,                 0,    -0.02796296064,   -0.001094137447,      0.1114314276,                 0,       83.34322067
          0,           0,         397,      -10.57641641,      -11.28408802,      -11.15811038,      -10.02699009,             0.448,    0.001336986728,      0.1114287788,                 0,                 0,                 0,    -0.02796296043,   -0.001094137436,      0.1114314279,                 0,       83.34321979
          0,           0,         398,      -10.59062503,      -11.29928224,      -11.17299275,      -10.04107129,             0.448,    0.001336986746,      0.1114287791,                 0,                 0,                 0,    -0.02796296023,   -0.001094137427,      0.1114314283,                 0,       83.34321897
          0,           0,         399,      -10.60520847,      -11.31510404,       -11.1878035,      -10.05552149,             0.448,    0.001336986762,      0.1114287795,                 0,                 0,                 0,    -0.02796296003,   -0.001094137419,      0.1114314287,                 0,       83.34321822
          0,           0,         400,      -10.62016439,      -11.33154822,      -11.20253359,      -10.07033929,             0.448,    0.001336986779,      0.1114287799,                 0,                 0,                 0,    -0.02796295983,   -0.001094137412,      0.1114314291,                 0,       83.34321754
          0,           0,         401,      -10.63548762,       -11.3486071,      -11.21717476,      -10.08552048,             0.448,    0.001336986794,      0.1114287804,                 0,                 0,                 0,    -0.02796295964,   -0.001094137406,      0.1114314296,                 0,       83.34321691
          0,           0,         402,      -10.65117013,      -11.36627219,      -11.23171933,      -10.10105804,             0.448,    0.001336986809,      0.1114287809,                 0,                 0,                 0,    -0.02796295946,   -0.001094137402,      0.1114314301,                 0,       83.34321634
          0,           0,         403,      -10.66720101,      -11.38453153,      -11.24616097,      -10.11694208,             0.448,    0.001336986824,      0.1114287814,                 0,                 0,                 0,    -0.02796295927,   -0.001094137399,      0.1114314306,                 0,       83.34321583
          0,           0,         404,      -10.68356635,      -11.40337282,      -11.26049408,      -10.13315975,             0.448,    0.001336986837,       0.111428782,                 0,                 0,                 0,     -0.0279629591,   -0.001094137397,      0.1114314311,                 0,       83.34321538
          0,           0,         405,      -10.70024907,      -11.42277751,       -11.2747148,      -10.14969519,             0.448,    0.001336986851,      0.1114287825,                 0,                 0,                 0,    -0.02796295893,   -0.001094137396,      0.1114314317,                 0,       83.34321499
          0,           0,         406,      -10.71722886,      -11.44272554,      -11.28882111,      -10.16652931,             0.448,    0.001336986863,      0.1114287831,                 0,                 0,                 0,    -0.02796295877,   -0.001094137397,      0.1114314323,                 0,       83.34321465
          0,           0,         407,      -10.73448187,      -11.46319098,      -11.30281228,      -10.18363963,             0.448,    0.001336986875,      0.1114287837,                 0,                 0,                 0,    -0.02796295861,   -0.001094137398,      0.1114314329,                 0,       83.34321436
          0,           0,         408,      -10.75198078,      -11.48414076,      -11.31668982,      -10.20100031,             0.448,    0.001336986886,      0.1114287843,                 0,                 0,                 0,    -0.02796295846,     -0.0010941374,      0.1114314335,                 0,       83.34321413
          0,           0,         409,      -10.76969436,       -11.5055371,      -11.33045681,      -10.21858169,             0.448,    0.001336986896,      0.1114287849,                 0,                 0,                 0,    -0.02796295832,   -0.001094137403,      0.1114314341,                 0,       83.34321395
          0,           0,         410,      -10.78758764,      -11.52733182,      -11.34411849,      -10.23635058,             0.448,    0.001336986906,      0.1114287855,                 0,                 0,                 0,    -0.02796295819,   -0.001094137407,      0.1114314347,                 0,       83.34321382
          0,           0,         411,      -10.80562164,      -11.54946501,      -11.35768134,      -10.25426975,             0.448,    0.001336986914,      0.1114287862,                 0,                 0,                 0,    -0.02796295806,   -0.001094137412,      0.1114314353,                 0,       83.34321374
          0,           0,         412,      -10.82375357,      -11.57186626,      -11.37115453,      -10.27229838,             0.448,    0.001336986922,      0.1114287868,                 0,                 0,                 0,    -0.02796295794,   -0.001094137418,       0.111431436,                 0,       83.34321371
          0,           0,         413,      -10.84193678,      -11.59445161,      -11.38454763,      -10.29039179,             0.448,     0.00133698693,      0.1114287874,                 0,                 0,                 0,    -0.02796295782,   -0.001094137424,      0.1114314366,                 0,       83.34321372
          0,           0,         414,      -10.86012115,       -11.6171201,      -11.39787172,      -10.30850192,             0.448,    0.001336986936,       0.111428788,                 0,                 0,                 0,    -0.02796295772,   -0.001094137431,      0.1114314372,                 0,       83.34321377
          0,           0,         415,      -10.87825344,      -11.63976072,       -11.4111386,       -10.3265775,             0.448,    0.001336986942,      0.1114287886,                 0,                 0,                 0,    -0.02796295762,   -0.001094137439,      0.1114314378,                 0,       83.34321387
          0,           0,         416,      -10.89627796,      -11.66223752,      -11.42436092,      -10.34456467,             0.448,    0.001336986947,      0.1114287892,                 0,                 0,                 0,    -0.02796295753,   -0.001094137447,      0.1114314384,                 0,         83.343214
          0,           0,         417,      -10.91413731,      -11.68440966,      -11.43755225,       -10.3624078,             0.448,    0.001336986951,      0.1114287898,                 0,                 0,                 0,    -0.02796295745,   -0.001094137455,       0.111431439,                 0,       83.34321417
          0,           0,         418,      -10.93177334,      -11.70611563,      -11.45072562,      -10.38005008,             0.448,    0.001336986955,      0.1114287904,                 0,                 0,                 0,    -0.02796295737,   -0.001094137464,      0.1114314396,                 0,       83.34321437
          0,           0,         419,      -10.94912837,      -11.72719816,      -11.46389385,      -10.39743494,             0.448,    0.001336986958,       0.111428791,                 0,                 0,                 0,     -0.0279629573,   -0.001094137473,      0.1114314402,                 0,        83.3432146
          0,           0,         420,      -10.96614684,      -11.74748508,      -11.47707083,      -10.41450726,             0.448,    0.001336986961,      0.1114287915,                 0,                 0,                 0,    -0.02796295724,   -0.001094137483,      0.1114314407,                 0,       83.34321485
          0,           0,         421,      -10.98277631,      -11.76682109,      -11.49026793,      -10.43121459,             0.448,    0.001336986963,      0.1114287921,                 0,                 0,                 0,    -0.02796295719,   -0.001094137492,      0.1114314412,                 0,       83.34321513
          0,           0,         422,      -10.99896949,      -11.78506441,      -11.50349758,      -10.44750901,             0.448,    0.001336986964,      0.1114287926,                 0,                 0,                 0,    -0.02796295714,   -0.001094137502,      0.1114314418,                 0,       83.34321543
          0,           0,         423,      -11.01468567,      -11.80209661,      -11.51677107,       -10.4633484,             0.448,    0.001336986965,      0.1114287931,                 0,                 0,                 0,     -0.0279629571,   -0.001094137512,      0.1114314423,                 0,       83.34321575
          0,           0,         424,      -11.02989205,      -11.81783901,      -11.53009765,      -10.47869794,             0.448,    0.001336986965,      0.1114287936,                 0,                 0,                 0,    -0.02796295706,   -0.001094137522,      0.1114314427,                 0,       83.34321608
          0,           0,         425,      -11.04456545,      -11.83224125,      -11.54348713,      -10.49353184,             0.448,    0.001336986965,       0.111428794,                 0,                 0,                 0,    -0.02796295703,   -0.001094137532,      0.1114314432,                 0,       83.34321643
          0,           0,         426,      -11.05869266,      -11.84530903,      -11.55694561,      -10.50783364,             0.448,    0.001336986965,      0.1114287944,                 0,                 0,                 0,    -0.02796295701,   -0.001094137542,      0.1114314436,                 0,       83.34321678
          0,           0,         427,      -11.07227138,      -11.85708874,      -11.57047978,      -10.52159746,             0.448,    0.001336986964,      0.1114287949,                 0,                 0,                 0,    -0.02796295699,   -0.001094137552,       0.111431444,                 0,       83.34321714
          0,           0,         428,      -11.08531044,      -11.86766092,      -11.58409374,      -10.53482827,             0.448,    0.001336986963,      0.1114287953,                 0,                 0,                 0,    -0.02796295697,   -0.001094137562,      0.1114314444,                 0,       83.34321751
          0,           0,         429,       -11.0978292,      -11.87714351,      -11.59778937,      -10.54754131,             0.448,    0.001336986961,      0.1114287956,                 0,                 0,                 0,    -0.02796295696,   -0.001094137571,      0.1114314448,                 0,       83.34321788
          0,           0,         430,       -11.1098569,      -11.88567731,      -11.61156913,      -10.55976197,             0.448,     0.00133698696,       0.111428796,                 0,                 0,                 0,    -0.02796295696,   -0.001094137581,      0.1114314452,                 0,       83.34321825
          0,           0,         431,      -11.12143182,      -11.89341475,      -11.62543207,      -10.57152474,             0.448,    0.001336986958,      0.1114287963,                 0,                 0,                 0,    -0.02796295695,    -0.00109413759,      0.1114314455,                 0,       83.34321862
          0,           0,         432,      -11.13259932,      -11.90052333,      -11.63937653,      -10.58287164,             0.448,    0.001336986955,      0.1114287966,                 0,                 0,                 0,    -0.02796295695,   -0.001094137599,      0.1114314458,                 0,       83.34321899
          0,           0,         433,      -11.14341083,      -11.90717034,      -11.65339995,      -10.59385106,             0.448,    0.001336986953,      0.1114287969,                 0,                 0,                 0,    -0.02796295696,   -0.001094137608,      0.1114314461,                 0,       83.34321935
          0,           0,         434,      -11.15392204,      -11.91349606,      -11.66749912,      -10.60451619,             0.448,     0.00133698695,      0.1114287972,                 0,                 0,                 0,    -0.02796295697,   -0.001094137616,      0.1114314463,                 0,       83.34321971
          0,           0,         435,      -11.16419128,      -11.91965306,      -11.68167035,      -10.61492344,             0.448,    0.001336986948,      0.1114287974,                 0,                 0,                 0,    -0.02796295698,   -0.001094137624,      0.1114314466,                 0,       83.34322006
          0,           0,         436,      -11.17427795,      -11.92576977,      -11.69590841,      -10.62513069,             0.448,    0.001336986945,      0.1114287976,                 0,                 0,                 0,    -0.02796295699,   -0.001094137632,      0.1114314468,                 0,       83.34322041
          0,           0,         437,      -11.18424145,      -11.93195809,       -11.7102095,      -10.63519639,             0.448,    0.001336986942,      0.1114287978,                 0,                 0,                 0,    -0.02796295701,   -0.001094137639,       0.111431447,                 0,       83.34322075
          0,           0,         438,      -11.19413965,      -11.93832327,      -11.72456882,      -10.64517799,             0.448,    0.001336986939,       0.111428798,                 0,                 0,                 0,    -0.02796295703,   -0.001094137646,      0.1114314472,                 0,       83.34322108
          0,           0,         439,      -11.20402825,      -11.94495402,      -11.73898077,      -10.65513097,             0.448,    0.001336986936,      0.1114287982,                 0,                 0,                 0,    -0.02796295704,   -0.001094137653,      0.1114314474,                 0,        83.3432214
          0,           0,         440,      -11.21396014,      -11.95191265,      -11.75344117,       -10.6651084,             0.448,    0.001336986933,      0.1114287984,                 0,                 0,                 0,    -0.02796295707,    -0.00109413766,      0.1114314475,                 0,       83.34322171
          0,           0,         441,      -11.22398455,      -11.95927258,       -11.7679445,      -10.67516005,             0.448,     0.00133698693,      0.1114287985,                 0,                 0,                 0,    -0.02796295709,   -0.001094137666,      0.1114314477,                 0,         83.343222
          0,           0,         442,      -11.23414712,      -11.96708397,      -11.78248655,      -10.68533221,             0.448,    0.001336986927,      0.1114287986,                 0,                 0,                 0,    -0.02796295711,   -0.001094137672,      0.1114314478,                 0,       83.34322229
          0,           0,         443,      -11.24448938,      -11.97537749,      -11.79706304,      -10.69566715,             0.448,    0.001336986923,      0.1114287987,                 0,                 0,                 0,    -0.02796295714,   -0.001094137677,      0.1114314479,                 0,       83.34322257
          0,           0,         444,      -11.25504907,      -11.98419932,      -11.81167016,      -10.70620355,             0.448,     0.00133698692,      0.1114287988,                 0,                 0,                 0,    -0.02796295716,   -0.001094137682,       0.111431448,                 0,       83.34322283
          0,           0,         445,      -11.26585972,      -11.99357582,      -11.82630392,      -10.71697586,             0.448,    0.001336986917,      0.1114287989,                 0,                 0,                 0,    -0.02796295719,   -0.001094137687,      0.1114314481,                 0,       83.34322309
          0,           0,         446,      -11.27695104,      -12.00352483,      -11.84096095,      -10.72801491,             0.448,    0.001336986914,       0.111428799,                 0,                 0,                 0,    -0.02796295722,   -0.001094137692,      0.1114314481,                 0,       83.34322333
          0,           0,         447,      -11.28834915,      -12.01406496,      -11.85563805,      -10.73934767,             0.448,    0.001336986911,       0.111428799,                 0,                 0,                 0,    -0.02796295725,   -0.001094137696,      0.1114314482,                 0,       83.34322356
          0,           0,         448,      -11.30007649,      -12.02521219,      -11.87033245,      -10.75099751,             0.448,    0.001336986908,      0.1114287991,                 0,                 0,                 0,    -0.02796295727,     -0.0010941377,      0.1114314482,                 0,       83.34322377
          0,           0,         449,      -11.31215228,      -12.03697644,      -11.88504145,      -10.76298481,             0.448,    0.001336986905,      0.1114287991,                 0,                 0,                 0,     -0.0279629573,   -0.001094137703,      0.1114314483,                 0,       83.34322398
          0,           0,         450,      -11.32459257,      -12.04936695,      -11.89976338,      -10.77532642,             0.448,    0.001336986902,      0.1114287991,                 0,                 0,                 0,    -0.02796295733,   -0.001094137706,      0.1114314483,                 0,       83.34322417
          0,           0,         451,      -11.33741035,      -12.06238114,      -11.91449626,      -10.78803621,             0.448,    0.001336986899,      0.1114287991,                 0,                 0,                 0,    -0.02796295736,    -0.00109413771,      0.1114314483,                 0,       83.34322436
          0,           0,         452,      -11.35061602,      -12.07602956,      -11.92923902,      -10.80112547,             0.448,    0.001336986897,      0.1114287991,                 0,                 0,                 0,    -0.02796295739,   -0.001094137712,      0.1114314483,                 0,       83.34322453
          0,           0,         453,      -11.36421723,      -12.09030915,      -11.94398997,      -10.81460266,             0.448,    0.001336986894,      0.1114287991,                 0,                 0,                 0,    -0.02796295741,   -0.001094137715,      0.1114314483,                 0,       83.34322469
          0,           0,         454,      -11.37821917,      -12.10521511,      -11.95874919,      -10.82847377,             0.448,    0.001336986891,      0.1114287991,                 0,                 0,                 0,    -0.02796295744,   -0.001094137717,      0.1114314483,                 0,       83.34322484
          0,           0,         455,      -11.39262474,       -12.1207497,      -11.97351514,      -10.84274251,             0.448,    0.001336986889,      0.1114287991,                 0,                 0,                 0,    -0.02796295747,   -0.001094137719,      0.1114314482,                 0,       83.34322498
          0,           0,         456,      -11.40743433,      -12.13690076,      -11.98828848,         -10.85741,             0.448,    0.001336986886,       0.111428799,                 0,                 0,                 0,    -0.02796295749,   -0.001094137721,      0.1114314482,                 0,        83.3432251
          0,           0,         457,      -11.42264625,      -12.15367012,      -12.00306892,      -10.87247527,             0.448,    0.001336986884,       0.111428799,                 0,                 0,                 0,    -0.02796295752,   -0.001094137722,      0.1114314482,                 0,       83.34322522
          0,           0,         458,      -11.43825639,      -12.17104057,      -12.01785672,      -10.88793514,             0.448,    0.001336986882,       0.111428799,                 0,                 0,                 0,    -0.02796295755,   -0.001094137724,      0.1114314481,                 0,       83.34322533
          0,           0,         459,      -11.45425856,      -12.18901201,      -12.03265217,      -10.90378418,             0.448,     0.00133698688,      0.1114287989,                 0,                 0,                 0,    -0.02796295757,   -0.001094137725,      0.1114314481,                 0,       83.34322543
          0,           0,         460,      -11.47064409,      -12.20755631,      -12.04745681,      -10.92001461,             0.448,    0.001336986878,      0.1114287989,                 0,                 0,                 0,    -0.02796295759,   -0.001094137726,       0.111431448,                 0,       83.34322552
          0,           0,         461,      -11.48740187,      -12.22667387,      -12.06227035,      -10.93661621,             0.448,    0.001336986876,      0.1114287988,                 0,                 0,                 0,    -0.02796295762,   -0.001094137727,       0.111431448,                 0,        83.3432256
          0,           0,         462,      -11.50451856,      -12.24633411,      -12.07709399,      -10.95357659,             0.448,    0.001336986874,      0.1114287988,                 0,                 0,                 0,    -0.02796295764,   -0.001094137727,      0.1114314479,                 0,       83.34322568
          0,           0,         463,      -11.52197791,      -12.26651845,      -12.09192886,      -10.97088055,             0.448,    0.001336986872,      0.1114287987,                 0,                 0,                 0,    -0.02796295766,   -0.001094137728,      0.1114314479,                 0,       83.34322574
          0,           0,         464,      -11.53976116,      -12.28720364,      -12.10677777,      -10.98851066,             0.448,     0.00133698687,      0.1114287986,                 0,                 0,                 0,    -0.02796295768,   -0.001094137728,      0.1114314478,                 0,        83.3432258
          0,           0,         465,      -11.55784617,      -12.30834763,      -12.12164113,       -11.0064459,             0.448,    0.001336986869,      0.1114287986,                 0,                 0,                 0,     -0.0279629577,   -0.001094137728,      0.1114314477,                 0,       83.34322585
          0,           0,         466,      -11.57620817,      -12.32992362,      -12.13652095,      -11.02466291,             0.448,    0.001336986867,      0.1114287985,                 0,                 0,                 0,    -0.02796295772,   -0.001094137728,      0.1114314477,                 0,       83.34322589
          0,           0,         467,      -11.59481877,      -12.35188399,      -12.15142043,      -11.04313477,             0.448,    0.001336986866,      0.1114287984,                 0,                 0,                 0,    -0.02796295774,   -0.001094137728,      0.1114314476,                 0,       83.34322592
          0,           0,         468,      -11.61364641,       -12.3741706,      -12.16634169,      -11.06183173,             0.448,    0.001336986865,      0.1114287984,                 0,                 0,                 0,    -0.02796295776,   -0.001094137728,      0.1114314475,                 0,       83.34322595
          0,           0,         469,      -11.63265555,      -12.39673102,      -12.18128876,      -11.08071981,             0.448,    0.001336986864,      0.1114287983,                 0,                 0,                 0,    -0.02796295777,   -0.001094137727,      0.1114314475,                 0,       83.34322597
          0,           0,         470,       -11.6518077,      -12.41948455,      -12.19626438,      -11.09976259,             0.448,    0.001336986863,      0.1114287982,                 0,                 0,                 0,    -0.02796295779,   -0.001094137727,      0.1114314474,                 0,       83.34322598
          0,           0,         471,       -11.6710603,      -12.44234519,      -12.21127278,      -11.11891952,             0.448,    0.001336986862,      0.1114287982,                 0,                 0,                 0,     -0.0279629578,   -0.001094137726,      0.1114314473,                 0,       83.34322599
          0,           0,         472,      -11.69036735,      -12.46520064,      -12.22631878,      -11.13814641,             0.448,    0.001336986861,      0.1114287981,                 0,                 0,                 0,    -0.02796295781,   -0.001094137726,      0.1114314473,                 0,       83.34322599
          0,           0,         473,      -11.70967969,      -12.48794585,      -12.24140638,      -11.15739643,             0.448,     0.00133698686,       0.111428798,                 0,                 0,                 0,    -0.02796295782,   -0.001094137725,      0.1114314472,                 0,       83.34322599
          0,           0,         474,      -11.72894535,      -12.51046741,      -12.25653704,      -11.17661946,             0.448,    0.001336986859,      0.1114287979,                 0,                 0,                 0,    -0.02796295784,   -0.001094137724,      0.1114314471,                 0,       83.34322598
          0,           0,         475,      -11.74810998,      -12.53259792,       -12.2717199,      -11.19576293,             0.448,    0.001336986859,      0.1114287979,                 0,                 0,                 0,    -0.02796295784,   -0.001094137723,      0.1114314471,                 0,       83.34322597
          0,           0,         476,      -11.76711736,      -12.55421466,      -12.28695265,      -11.21477239,             0.448,    0.001336986858,      0.1114287978,                 0,                 0,                 0,    -0.02796295785,   -0.001094137722,       0.111431447,                 0,       83.34322595
          0,           0,         477,      -11.78591158,      -12.57514565,      -12.30224302,      -11.23359321,             0.448,    0.001336986858,      0.1114287977,                 0,                 0,                 0,    -0.02796295786,   -0.001094137721,      0.1114314469,                 0,       83.34322593
          0,           0,         478,      -11.80443607,      -12.59525008,      -12.31759362,      -11.25216954,             0.448,    0.001336986857,      0.1114287977,                 0,                 0,                 0,    -0.02796295787,    -0.00109413772,      0.1114314469,                 0,        83.3432259
          0,           0,         479,      -11.82263694,      -12.61436541,      -12.33300618,      -11.27044814,             0.448,    0.001336986857,      0.1114287976,                 0,                 0,                 0,    -0.02796295787,   -0.001094137719,      0.1114314468,                 0,       83.34322587
          0,           0,         480,      -11.84046173,      -12.63241586,      -12.34847797,      -11.28837597,             0.448,    0.001336986857,      0.1114287976,                 0,                 0,                 0,    -0.02796295788,   -0.001094137718,      0.1114314467,                 0,       83.34322584
          0,           0,         481,      -11.85786558,      -12.64925389,      -12.36401273,       -11.3059075,             0.448,    0.001336986857,      0.1114287975,                 0,                 0,                 0,    -0.02796295788,   -0.001094137717,      0.1114314467,                 0,        83.3432258
          0,           0,         482,      -11.87480784,      -12.66481353,      -12.37961133,      -11.32300022,             0.448,    0.001336986857,      0.1114287975,                 0,                 0,                 0,    -0.02796295789,   -0.001094137716,      0.1114314466,                 0,       83.34322576
          0,           0,         483,      -11.89125616,      -12.67910127,      -12.39527263,      -11.33961948,             0.448,    0.001336986857,      0.1114287974,                 0,                 0,                 0,    -0.02796295789,   -0.001094137715,      0.1114314466,                 0,       83.34322572
          0,           0,         484,      -11.90718705,      -12.69211312,      -12.41098842,      -11.35573882,             0.448,    0.001336986857,      0.1114287974,                 0,                 0,                 0,    -0.02796295789,   -0.001094137714,      0.1114314465,                 0,       83.34322568
          0,           0,         485,      -11.92258562,      -12.70392633,      -12.42675974,       -11.3713399,             0.448,    0.001336986857,      0.1114287973,                 0,                 0,                 0,    -0.02796295789,   -0.001094137712,      0.1114314465,                 0,       83.34322564
          0,           0,         486,      -11.93745006,      -12.71461385,       -12.4425773,      -11.38641687,             0.448,    0.001336986857,      0.1114287973,                 0,                 0,                 0,    -0.02796295789,   -0.001094137711,      0.1114314464,                 0,        83.3432256
          0,           0,         487,      -11.95178767,      -12.72427687,      -12.45843721,      -11.40097302,             0.448,    0.001336986858,      0.1114287972,                 0,                 0,                 0,    -0.02796295789,    -0.00109413771,      0.1114314464,                 0,       83.34322555
          0,           0,         488,      -11.96561557,      -12.73306954,      -12.47433344,      -11.41502111,             0.448,    0.001336986858,      0.1114287972,                 0,                 0,                 0,    -0.02796295789,   -0.001094137709,      0.1114314464,                 0,       83.34322551
          0,           0,         489,       -11.9789605,      -12.74119358,      -12.49024841,      -11.42858335,             0.448,    0.001336986858,      0.1114287972,                 0,                 0,                 0,    -0.02796295789,   -0.001094137708,      0.1114314463,                 0,       83.34322547
          0,           0,         490,      -11.99185963,       -12.7487207,      -12.50617644,      -11.44169317,             0.448,    0.001336986858,      0.1114287971,                 0,                 0,                 0,    -0.02796295789,   -0.001094137707,      0.1114314463,                 0,       83.34322542
          0,           0,         491,      -12.00435608,      -12.75586531,       -12.5221073,      -11.45439026,             0.448,    0.001336986859,      0.1114287971,                 0,                 0,                 0,    -0.02796295789,   -0.001094137706,      0.1114314463,                 0,       83.34322538
          0,           0,         492,      -12.01649848,      -12.76274811,       -12.5380305,      -11.46671976,             0.448,    0.001336986859,      0.1114287971,                 0,                 0,                 0,    -0.02796295789,   -0.001094137705,      0.1114314463,                 0,       83.34322534
          0,           0,         493,      -12.02834079,      -12.76951604,      -12.55392823,      -11.47873368,             0.448,     0.00133698686,       0.111428797,                 0,                 0,                 0,    -0.02796295788,   -0.001094137704,      0.1114314462,                 0,       83.34322529
          0,           0,         494,      -12.03993906,      -12.77628561,      -12.56979396,      -11.49048539,             0.448,     0.00133698686,       0.111428797,                 0,                 0,                 0,    -0.02796295788,   -0.001094137703,      0.1114314462,                 0,       83.34322525
          0,           0,         495,      -12.05135132,      -12.78316005,      -12.58561359,      -11.50203116,             0.448,     0.00133698686,       0.111428797,                 0,                 0,                 0,    -0.02796295788,   -0.001094137703,      0.1114314462,                 0,       83.34322521
          0,           0,         496,      -12.06263509,      -12.79024841,      -12.60137814,      -11.51342807,             0.448,    0.001336986861,       0.111428797,                 0,                 0,                 0,    -0.02796295787,   -0.001094137702,      0.1114314462,                 0,       83.34322517
          0,           0,         497,       -12.0738464,      -12.79763147,      -12.61707244,      -11.52473169,             0.448,    0.001336986861,       0.111428797,                 0,                 0,                 0,    -0.02796295787,   -0.001094137701,      0.1114314462,                 0,       83.34322513
          0,           0,         498,       -12.0850402,       -12.8053718,      -12.63269392,      -11.53599676,             0.448,    0.001336986862,       0.111428797,                 0,                 0,                 0,    -0.02796295787,     -0.0010941377,      0.1114314461,                 0,       83.34322509
          0,           0,         499,      -12.09626715,      -12.81355686,      -12.64822944,      -11.54727389,             0.448,    0.001336986862,       0.111428797,                 0,                 0,                 0,    -0.02796295786,     -0.0010941377,      0.1114314461,                 0,       83.34322506
          0,           0,         500,      -12.10757654,      -12.82217836,      -12.66367368,      -11.55861326,             0.448,    0.001336986863,      0.1114287969,                 0,                 0,                 0,    -0.02796295786,   -0.001094137699,      0.1114314461,                 0,       83.34322502
          0,           0,         501,       -12.1190126,      -12.83131032,      -12.67902087,      -11.57006008,             0.448,    0.001336986863,      0.1114287969,                 0,                 0,                 0,    -0.02796295785,   -0.001094137698,      0.1114314461,                 0,       83.34322499
          0,           0,         502,       -12.1306155,      -12.84098205,      -12.69426827,      -11.58165458,             0.448,    0.001336986863,      0.1114287969,                 0,                 0,                 0,    -0.02796295785,   -0.001094137698,      0.1114314461,                 0,       83.34322496
          0,           0,         503,      -12.14242177,        -12.851199,      -12.70941161,      -11.59343512,             0.448,    0.001336986864,      0.1114287969,                 0,                 0,                 0,    -0.02796295785,   -0.001094137697,      0.1114314461,                 0,       83.34322493
          0,           0,         504,      -12.15446442,      -12.86201201,      -12.72444932,      -11.60543585,             0.448,    0.001336986864,      0.1114287969,                 0,                 0,                 0,    -0.02796295784,   -0.001094137697,      0.1114314461,                 0,        83.3432249
          0,           0,         505,      -12.16677224,      -12.87343908,      -12.73938552,      -11.61768634,             0.448,    0.001336986865,      0.1114287969,                 0,                 0,                 0,    -0.02796295784,   -0.001094137696,      0.1114314461,                 0,       83.34322488
          0,           0,         506,      -12.17936918,      -12.88545569,      -12.75421876,      -11.63021196,             0.448,    0.001336986865,      0.1114287969,                 0,                 0,                 0,    -0.02796295783,   -0.001094137696,      0.1114314461,                 0,       83.34322485
          0,           0,         507,      -12.19227629,      -12.89811671,      -12.76895416,      -11.64303447,             0.448,    0.001336986866,      0.1114287969,                 0,                 0,                 0,    -0.02796295783,   -0.001094137696,      0.1114314461,                 0,       83.34322483
          0,           0,         508,      -12.20551196,      -12.91134634,       -12.7835931,      -11.65617364,             0.448,    0.001336986866,      0.1114287969,                 0,                 0,                 0,    -0.02796295782,   -0.001094137695,      0.1114314461,                 0,        83.3432248
          0,           0,         509,      -12.21908937,      -12.92523347,      -12.79814186,      -11.66964378,             0.448,    0.001336986866,      0.1114287969,                 0,                 0,                 0,    -0.02796295782,   -0.001094137695,      0.1114314461,                 0,       83.34322478
          0,           0,         510,      -12.23301989,      -12.93971798,      -12.81260635,      -11.68345736,             0.448,    0.001336986867,      0.1114287969,                 0,                 0,                 0,    -0.02796295781,   -0.001094137695,      0.1114314461,                 0,       83.34322476
          0,           0,         511,      -12.24731124,      -12.95483733,      -12.82699286,      -11.69762293,             0.448,    0.001336986867,      0.1114287969,                 0,                 0,                 0,    -0.02796295781,   -0.001094137694,      0.1114314461,                 0,       83.34322475
          0,           0,         512,      -12.26196783,      -12.97056826,      -12.84130929,      -11.71214641,             0.448,    0.001336986867,       0.111428797,                 0,                 0,                 0,    -0.02796295781,   -0.001094137694,      0.1114314461,                 0,       83.34322473
          0,           0,         513,       -12.2769913,      -12.98692945,      -12.85556284,       -11.7270297,             0.448,    0.001336986868,       0.111428797,                 0,                 0,                 0,     -0.0279629578,   -0.001094137694,      0.1114314461,                 0,       83.34322471
          0,           0,         514,      -12.29238122,      -13.00388425,      -12.86975733,      -11.74227453,             0.448,    0.001336986868,       0.111428797,                 0,                 0,                 0,     -0.0279629578,   -0.001094137694,      0.1114314461,                 0,        83.3432247
          0,           0,         515,      -12.30813302,      -13.02143105,      -12.88390032,      -11.75787619,             0.448,    0.001336986868,       0.111428797,                 0,                 0,                 0,    -0.02796295779,   -0.001094137694,      0.1114314462,                 0,       83.34322469
          0,           0,         516,      -12.32423951,      -13.03953333,      -12.89800092,      -11.77382961,             0.448,    0.001336986869,       0.111428797,                 0,                 0,                 0,    -0.02796295779,   -0.001094137694,      0.1114314462,                 0,       83.34322468
          0,           0,         517,      -12.34069125,      -13.05823088,      -12.91206899,      -11.79012534,             0.448,    0.001336986869,       0.111428797,                 0,                 0,                 0,    -0.02796295779,   -0.001094137694,      0.1114314462,                 0,       83.34322467
          0,           0,         518,      -12.35747548,      -13.07747473,       -12.9261119,      -11.80675303,             0.448,    0.001336986869,       0.111428797,                 0,                 0,                 0,    -0.02796295778,   -0.001094137694,      0.1114314462,                 0,       83.34322466
          0,           0,         519,      -12.37457459,      -13.09723996,      -12.94012504,      -11.82369461,             0.448,     0.00133698687,       0.111428797,                 0,                 0,                 0,    -0.02796295778,   -0.001094137694,      0.1114314462,                 0,       83.34322465
          0,           0,         520,      -12.39197067,      -13.11747045,      -12.95412924,      -11.84093625,             0.448,     0.00133698687,       0.111428797,                 0,                 0,                 0,    -0.02796295778,   -0.001094137694,      0.1114314462,                 0,       83.34322464
          0,           0,         521,      -12.40963907,      -13.13820669,      -12.96812696,      -11.85845283,             0.448,     0.00133698687,       0.111428797,                 0,                 0,                 0,    -0.02796295777,   -0.001094137694,      0.1114314462,                 0,       83.34322464
          0,           0,         522,      -12.42755369,       -13.1593931,       -12.9821177,      -11.87621951,             0.448,     0.00133698687,      0.1114287971,                 0,                 0,                 0,    -0.02796295777,   -0.001094137694,      0.1114314462,                 0,       83.34322463
          0,           0,         523,      -12.44568344,      -13.18094232,      -12.99612126,      -11.89420859,             0.448,     0.00133698687,      0.1114287971,                 0,                 0,                 0,    -0.02796295777,   -0.001094137694,      0.1114314463,                 0,       83.34322463
          0,           0,         524,      -12.46399285,      -13.20288069,      -13.01013696,      -11.91238581,             0.448,    0.001336986871,      0.1114287971,                 0,                 0,                 0,    -0.02796295777,   -0.001094137694,      0.1114314463,                 0,       83.34322463
          0,           0,         525,      -12.48244504,      -13.22504668,      -13.02417744,      -11.93071526,             0.448,    0.001336986871,      0.1114287971,                 0,                 0,                 0,    -0.02796295776,   -0.001094137694,      0.1114314463,                 0,       83.34322463
          0,           0,         526,       -12.5009942,      -13.24750309,      -13.03823991,      -11.94915451,             0.448,    0.001336986871,      0.1114287971,                 0,                 0,                 0,    -0.02796295776,   -0.001094137694,      0.1114314463,                 0,       83.34322463
          0,           0,         527,      -12.51959785,      -13.26997501,      -13.05232632,      -11.96766281,             0.448,    0.001336986871,      0.1114287971,                 0,                 0,                 0,    -0.02796295776,   -0.001094137694,      0.1114314463,                 0,       83.34322463
          0,           0,         528,      -12.53820481,      -13.29246569,        -13.066459,      -11.98619073,             0.448,    0.001336986871,      0.1114287971,                 0,                 0,                 0,    -0.02796295776,   -0.001094137694,      0.1114314463,                 0,       83.34322463
          0,           0,         529,      -12.55675865,      -13.31497331,      -13.08063103,      -12.00468459,             0.448,    0.001336986871,      0.1114287971,                 0,                 0,                 0,    -0.02796295775,   -0.001094137695,      0.1114314463,                 0,       83.34322463
          0,           0,         530,      -12.57520738,      -13.33725705,       -13.0948429,      -12.02309358,             0.448,    0.001336986871,      0.1114287972,                 0,                 0,                 0,    -0.02796295775,   -0.001094137695,      0.1114314463,                 0,       83.34322463
          0,           0,         531,      -12.59348983,      -13.35915643,      -13.10912468,      -12.04136002,             0.448,    0.001336986872,      0.1114287972,                 0,                 0,                 0,    -0.02796295775,   -0.001094137695,      0.1114314464,                 0,       83.34322464
          0,           0,         532,      -12.61155141,      -13.38056388,      -13.12345287,      -12.05942915,             0.448,    0.001336986872,      0.1114287972,                 0,                 0,                 0,    -0.02796295775,   -0.001094137695,      0.1114314464,                 0,       83.34322464
          0,           0,         533,      -12.62933041,      -13.40136582,      -13.13783478,       -12.0772411,             0.448,    0.001336986872,      0.1114287972,                 0,                 0,                 0,    -0.02796295775,   -0.001094137695,      0.1114314464,                 0,       83.34322465
          0,           0,         534,      -12.64677396,      -13.42136306,      -13.15227142,      -12.09474391,             0.448,    0.001336986872,      0.1114287972,                 0,                 0,                 0,    -0.02796295775,   -0.001094137696,      0.1114314464,                 0,       83.34322465
          0,           0,         535,      -12.66382553,       -13.4403883,       -13.1667851,      -12.11187952,             0.448,    0.001336986872,      0.1114287972,                 0,                 0,                 0,    -0.02796295775,   -0.001094137696,      0.1114314464,                 0,       83.34322466
          0,           0,         536,       -12.6804396,      -13.45842672,      -13.18132938,      -12.12860404,             0.448,    0.001336986872,      0.1114287972,                 0,                 0,                 0,    -0.02796295774,   -0.001094137696,      0.1114314464,                 0,       83.34322467
          0,           0,         537,      -12.69657337,      -13.47540614,      -13.19593075,      -12.14486978,             0.448,    0.001336986872,      0.1114287972,                 0,                 0,                 0,    -0.02796295774,   -0.001094137696,      0.1114314464,                 0,       83.34322467
          0,           0,         538,       -12.7121992,      -13.49099758,      -13.21062112,      -12.16064915,             0.448,    0.001336986872,      0.1114287972,                 0,                 0,                 0,    -0.02796295774,   -0.001094137696,      0.1114314464,                 0,       83.34322468
          0,           0,         539,      -12.72728666,      -13.50543487,      -13.22534682,      -12.17590803,             0.448,    0.001336986872,      0.1114287973,                 0,                 0,                 0,    -0.02796295774,   -0.001094137697,      0.1114314464,                 0,       83.34322469
          0,           0,         540,      -12.74182675,      -13.51860016,      -13.24010553,      -12.19063661,             0.448,    0.001336986872,      0.1114287973,                 0,                 0,                 0,    -0.02796295774,   -0.001094137697,      0.1114314464,                 0,       83.34322469
          0,           0,         541,      -12.75581029,      -13.53073388,       -13.2549076,      -12.20481843,             0.448,    0.001336986872,      0.1114287973,                 0,                 0,                 0,    -0.02796295774,   -0.001094137697,      0.1114314465,                 0,        83.3432247
          0,           0,         542,      -12.76925935,      -13.54149553,      -13.26977153,      -12.21847236,             0.448,    0.001336986872,      0.1114287973,                 0,                 0,                 0,    -0.02796295774,   -0.001094137697,      0.1114314465,                 0,       83.34322471
          0,           0,         543,      -12.78217819,      -13.55162201,      -13.28465863,      -12.23159942,             0.448,    0.001336986872,      0.1114287973,                 0,                 0,                 0,    -0.02796295774,   -0.001094137697,      0.1114314465,                 0,       83.34322472
          0,           0,         544,      -12.79460912,      -13.56069026,      -13.29956791,       -12.2442372,             0.448,    0.001336986872,      0.1114287973,                 0,                 0,                 0,    -0.02796295774,   -0.001094137698,      0.1114314465,                 0,       83.34322472
          0,           0,         545,      -12.80658352,      -13.56908959,       -13.3144737,      -12.25641206,             0.448,    0.001336986872,      0.1114287973,                 0,                 0,                 0,    -0.02796295774,   -0.001094137698,      0.1114314465,                 0,       83.34322473
          0,           0,         546,      -12.81814925,      -13.57700949,      -13.32940112,      -12.26816991,             0.448,    0.001336986872,      0.1114287973,                 0,                 0,                 0,    -0.02796295774,   -0.001094137698,      0.1114314465,                 0,       83.34322474
          0,           0,         547,      -12.82936214,      -13.58429199,      -13.34434149,      -12.27956129,             0.448,    0.001336986871,      0.1114287973,                 0,                 0,                 0,    -0.02796295774,   -0.001094137698,      0.1114314465,                 0,       83.34322475
          0,           0,         548,      -12.84027663,       -13.5912707,      -13.35927376,       -12.2906386,             0.448,    0.001336986871,      0.1114287973,                 0,                 0,                 0,    -0.02796295774,   -0.001094137698,      0.1114314465,                 0,       83.34322475
          0,           0,         549,      -12.85094827,       -13.5983319,      -13.37416646,      -12.30145843,             0.448,    0.001336986871,      0.1114287973,                 0,                 0,                 0,    -0.02796295774,   -0.001094137698,      0.1114314465,                 0,       83.34322476
          0,           0,         550,      -12.86143823,      -13.60531432,      -13.38905408,      -12.31207631,             0.448,    0.001336986871,      0.1114287973,                 0,                 0,                 0,    -0.02796295774,   -0.001094137699,      0.1114314465,                 0,       83.34322477
          0,           0,         551,      -12.87180957,      -13.61226322,      -13.40392476,      -12.32255806,             0.448,    0.001336986871,      0.1114287973,                 0,                 0,                 0,    -0.02796295774,   -0.001094137699,      0.1114314465,                 0,       83.34322477
          0,           0,         552,      -12.88211447,      -13.61953806,      -13.41874822,      -12.33295357,             0.448,    0.001336986871,      0.1114287973,                 0,                 0,                 0,    -0.02796295774,   -0.001094137699,      0.1114314465,                 0,       83.34322478
          0,           0,         553,      -12.89241709,      -13.62681374,      -13.43355214,       -12.3433254,             0.448,    0.001336986871,      0.1114287973,                 0,                 0,                 0,    -0.02796295774,   -0.001094137699,      0.1114314465,                 0,       83.34322479
          0,           0,         554,      -12.90276392,      -13.63453281,      -13.44831787,        -12.353721,             0.448,    0.001336986871,      0.1114287973,                 0,                 0,                 0,    -0.02796295774,   -0.001094137699,      0.1114314465,                 0,       83.34322479
          0,           0,         555,      -12.91320789,      -13.64266451,      -13.46305979,      -12.36419491,             0.448,    0.001336986871,      0.1114287973,                 0,                 0,                 0,    -0.02796295774,   -0.001094137699,      0.1114314465,                 0,        83.3432248
          0,           0,         556,      -12.92379449,       -13.6513422,      -13.47774473,      -12.37479341,             0.448,    0.001336986871,      0.1114287973,                 0,                 0,                 0,    -0.02796295774,   -0.001094137699,      0.1114314465,                 0,       83.34322481
          0,           0,         557,      -12.93456246,      -13.66030139,      -13.49241387,      -12.38555539,             0.448,    0.001336986871,      0.1114287973,                 0,                 0,                 0,    -0.02796295775,   -0.001094137699,      0.1114314465,                 0,       83.34322481
          0,           0,         558,      -12.94555256,      -13.66969585,      -13.50705251,      -12.39652115,             0.448,    0.001336986871,      0.1114287973,                 0,                 0,                 0,    -0.02796295775,     -0.0010941377,      0.1114314465,                 0,       83.34322482
          0,           0,         559,      -12.95679285,      -13.68007691,      -13.52165974,      -12.40772159,             0.448,    0.001336986871,      0.1114287974,                 0,                 0,                 0,    -0.02796295775,     -0.0010941377,      0.1114314465,                 0,       83.34322482
          0,           0,         560,      -12.96831956,      -13.69058625,      -13.53624356,      -12.41919495,             0.448,    0.001336986871,      0.1114287974,                 0,                 0,                 0,    -0.02796295775,     -0.0010941377,      0.1114314465,                 0,       83.34322483
          0,           0,         561,      -12.98015477,      -13.70180594,      -13.55078319,      -12.43096152,             0.448,    0.001336986871,      0.1114287974,                 0,                 0,                 0,    -0.02796295775,     -0.0010941377,      0.1114314465,                 0,       83.34322483
          0,           0,         562,      -12.99231994,      -13.71343592,      -13.56532976,      -12.44304852,             0.448,    0.001336986871,      0.1114287974,                 0,                 0,                 0,    -0.02796295775,     -0.0010941377,      0.1114314465,                 0,       83.34322483
          0,           0,         563,      -13.00483658,       -13.7257202,      -13.57984957,      -12.45547243,             0.448,    0.001336986871,      0.1114287974,                 0,                 0,                 0,    -0.02796295775,     -0.0010941377,      0.1114314465,                 0,       83.34322484
