NDIME= 2
NELEM= 10216
5	417	69	311	0
5	302	55	56	1
5	405	159	384	2
5	594	427	450	3
5	315	71	72	4
5	319	4	262	5
5	270	39	40	6
5	327	65	66	7
5	451	259	325	8
5	441	40	41	9
5	358	147	148	10
5	287	12	13	11
5	252	144	145	12
5	254	56	57	13
5	348	96	269	14
5	262	4	5	15
5	647	465	525	16
5	453	308	449	17
5	309	282	15	18
5	560	265	470	19
5	369	185	186	20
5	420	271	27	21
5	432	137	376	22
5	643	471	270	23
5	429	121	354	24
5	282	14	15	25
5	568	446	456	26
5	292	257	31	27
5	617	385	457	28
5	831	694	478	29
5	274	24	25	30
5	470	346	454	31
5	311	69	70	32
5	291	20	278	33
5	286	24	274	34
5	257	30	31	35
5	255	0	1	36
5	996	809	797	37
5	342	79	312	38
5	280	18	19	39
5	543	319	518	40
5	316	42	294	41
5	507	356	439	42
5	543	293	319	43
5	546	298	299	44
5	324	288	9	45
5	749	548	648	46
5	270	251	39	47
5	542	459	257	48
5	258	36	37	49
5	322	18	280	50
5	315	72	290	51
5	555	313	342	52
5	288	8	9	53
5	645	348	465	54
5	323	14	282	55
5	308	62	63	56
5	300	75	76	57
5	335	84	303	58
5	421	60	305	59
5	334	38	251	60
5	749	549	548	61
5	285	53	54	62
5	302	56	254	63
5	751	644	725	64
5	250	82	83	65
5	294	42	43	66
5	301	87	88	67
5	279	80	81	68
5	305	60	61	69
5	531	475	278	70
5	554	448	540	71
5	271	26	27	72
5	284	89	90	73
5	416	111	112	74
5	329	260	33	75
5	475	291	278	76
5	340	0	255	77
5	277	106	107	78
5	420	28	272	79
5	295	52	53	80
5	316	41	42	81
5	333	294	43	82
5	825	476	650	83
5	331	300	76	84
5	762	555	664	85
5	295	53	285	86
5	290	72	73	87
5	337	90	91	88
5	312	79	80	89
5	511	320	336	90
5	1041	890	895	91
5	555	342	464	92
5	946	762	848	93
5	564	314	556	94
5	345	52	295	95
5	335	250	83	96
5	449	63	64	97
5	338	254	57	98
5	842	642	557	99
5	338	57	58	100
5	517	256	293	101
5	259	101	102	102
5	512	281	350	103
5	348	95	96	104
5	441	270	40	105
5	361	177	178	106
5	266	99	100	107
5	510	451	325	108
5	580	353	413	109
5	372	115	116	110
5	367	117	118	111
5	357	151	349	112
5	412	375	127	113
5	639	273	436	114
5	381	157	158	115
5	492	368	430	116
5	377	147	358	117
5	400	173	390	118
5	437	365	182	119
5	406	161	253	120
5	403	253	162	121
5	395	181	365	122
5	397	175	393	123
5	408	157	381	124
5	619	408	381	125
5	401	386	166	126
5	399	388	170	127
5	834	690	450	128
5	585	377	358	129
5	387	163	164	130
5	404	165	386	131
5	353	112	113	132
5	424	321	109	133
5	363	252	145	134
5	363	145	146	135
5	481	429	354	136
5	607	393	484	137
5	1544	685	720	138
5	653	485	490	139
5	275	132	133	140
5	409	382	129	141
5	373	135	136	142
5	614	482	253	143
5	355	143	144	144
5	409	130	383	145
5	380	354	122	146
5	486	435	273	147
5	436	273	140	148
5	411	126	375	149
5	360	186	187	150
5	593	394	488	151
5	850	681	706	152
5	393	175	176	153
5	806	611	604	154
5	398	177	361	155
5	784	587	502	156
5	403	162	163	157
5	402	169	388	158
5	253	161	162	159
5	396	188	359	160
5	388	169	170	161
5	1083	868	726	162
5	390	173	174	163
5	484	393	398	164
5	356	195	196	165
5	380	122	123	166
5	432	373	136	167
5	375	126	127	168
5	412	128	382	169
5	357	150	151	170
5	355	144	252	171
5	364	141	142	172
5	624	483	375	173
5	435	139	273	174
5	482	479	406	175
5	424	110	351	176
5	623	412	382	177
5	595	501	352	178
5	325	259	102	179
5	328	46	296	180
5	269	96	97	181
5	1361	1264	1068	182
5	530	286	462	183
5	550	306	421	184
5	251	38	39	185
5	423	103	104	186
5	350	99	266	187
5	693	451	510	188
5	483	411	375	189
5	352	114	115	190
5	633	478	424	191
5	444	150	357	192
5	427	117	367	193
5	588	395	365	194
5	385	154	261	195
5	655	491	587	196
5	369	186	360	197
5	581	431	485	198
5	386	165	166	199
5	5232	5214	5229	200
5	508	503	443	201
5	5232	5226	5214	202
5	1099	878	1090	203
5	5231	207	5222	204
5	5231	206	207	205
5	5230	5210	5219	206
5	5230	5213	5210	207
5	5229	5199	5213	208
5	5229	5214	5199	209
5	5228	204	205	210
5	5228	5217	204	211
5	5225	5219	5200	212
5	5225	249	5219	213
5	5232	5229	202	214
5	5232	202	203	215
5	5227	247	248	216
5	5227	5196	5212	217
5	5224	5195	5209	218
5	5224	5202	5195	219
5	5223	225	226	220
5	5223	5220	225	221
5	5224	5228	205	222
5	5231	205	206	223
5	5221	5173	5203	224
5	5221	5201	5173	225
5	5220	5211	225	226
5	5220	5181	5211	227
5	5230	200	201	228
5	5230	5229	5213	229
5	5219	5210	5191	230
5	5225	5218	248	231
5	5231	5202	5224	232
5	5231	5222	5202	233
5	5216	227	228	234
5	5216	5208	227	235
5	5215	207	208	236
5	5222	5206	5189	237
5	5232	203	5226	238
5	5230	201	5229	239
5	5214	5205	5174	240
5	5229	201	202	241
5	5212	246	247	242
5	5221	246	5212	243
5	5211	5180	224	244
5	5211	5181	5180	245
5	5210	5152	5191	246
5	5210	5190	5152	247
5	5231	5224	205	248
5	5228	5224	5209	249
5	5223	5208	5185	250
5	5223	226	227	251
5	5207	5180	5166	252
5	5207	223	5180	253
5	5222	5189	5202	254
5	5222	5215	5206	255
5	5226	5205	5214	256
5	5217	5188	5205	257
5	5197	229	230	258
5	5197	5179	229	259
5	5203	5163	5193	260
5	5203	5173	5163	261
5	5215	208	209	262
5	5222	207	5215	263
5	5221	5212	5201	264
5	5221	245	246	265
5	5230	5219	200	266
5	5219	249	200	267
5	5205	5154	5174	268
5	5226	5217	5205	269
5	5198	221	222	270
5	5198	5186	221	271
5	5197	5121	5179	272
5	5197	5088	5121	273
5	5212	5196	5170	274
5	5201	5170	5145	275
5	5195	5140	5169	276
5	5195	5157	5140	277
5	5192	241	5168	278
5	5192	240	241	279
5	5193	5160	243	280
5	5193	5163	5160	281
5	5223	5185	5220	282
5	5211	224	225	283
5	5213	5199	5190	284
5	5225	248	249	285
5	5184	5150	218	286
5	5184	5127	5150	287
5	5183	212	5155	288
5	5183	211	212	289
5	5228	5209	5217	290
5	5209	5169	5188	291
5	5187	241	242	292
5	5187	5160	5139	293
5	5186	220	221	294
5	5186	5151	220	295
5	5220	5185	5161	296
5	5220	5161	5181	297
5	5184	219	5151	298
5	5184	5151	5127	299
5	5183	5155	5125	300
5	5149	210	211	301
5	5190	5113	5152	302
5	5182	5112	5162	303
5	5223	227	5208	304
5	5181	5167	5147	305
5	5180	223	224	306
5	5207	5166	5194	307
5	5216	5179	5177	308
5	5179	5158	5177	309
5	5178	5156	5135	310
5	5178	215	5156	311
5	5177	5158	5130	312
5	5179	228	229	313
5	5191	5129	5143	314
5	5227	5212	247	315
5	5204	5142	5175	316
5	5204	214	5178	317
5	5174	5118	5146	318
5	5174	5154	5118	319
5	5171	5144	238	320
5	5171	5116	5144	321
5	5171	5148	5116	322
5	5172	216	217	323
5	5171	238	239	324
5	5172	217	5150	325
5	5176	5133	5153	326
5	5218	5176	5196	327
5	5202	5189	5157	328
5	5226	204	5217	329
5	5194	5166	5131	330
5	5192	5138	5148	331
5	5167	5134	5122	332
5	5167	5161	5134	333
5	5166	5096	5131	334
5	5166	5147	5096	335
5	5165	5091	5123	336
5	5165	5130	5091	337
5	5198	5194	5164	338
5	5207	222	223	339
5	5201	5145	5173	340
5	5203	5193	244	341
5	5162	5108	5128	342
5	5162	5112	5108	343
5	5181	5147	5180	344
5	5208	5165	5185	345
5	5208	5177	5165	346
5	5216	5177	5208	347
5	5159	5087	5111	348
5	5159	5115	5087	349
5	5158	5105	5130	350
5	5192	5168	5138	351
5	5189	5114	5157	352
5	5206	5128	5189	353
5	5192	5148	240	354
5	5148	239	240	355
5	5155	5090	5125	356
5	5155	5132	5090	357
5	5154	5101	5118	358
5	5154	5119	5101	359
5	5153	5082	5124	360
5	5153	5133	5082	361
5	5191	5152	5129	362
5	5227	248	5218	363
5	5164	5107	5137	364
5	5151	219	220	365
5	5184	218	219	366
5	5150	217	218	367
5	5217	5209	5188	368
5	5182	5162	209	369
5	5178	214	215	370
5	5148	5138	5086	371
5	5207	5194	222	372
5	5147	5122	5096	373
5	5199	5174	5146	374
5	5219	5191	5200	375
5	5145	5098	5126	376
5	5145	5124	5098	377
5	5144	237	238	378
5	5144	5115	237	379
5	5152	5076	5129	380
5	5200	5191	5143	381
5	5175	5155	212	382
5	5183	5149	211	383
5	5141	5094	5061	384
5	5141	5121	5094	385
5	5215	5162	5206	386
5	5214	5174	5199	387
5	5139	5102	5100	388
5	5139	5120	5102	389
5	5187	242	243	390
5	5194	5131	5164	391
5	5198	5164	5186	392
5	5186	5164	5137	393
5	5197	5136	5088	394
5	5197	230	5136	395
5	5135	5047	5093	396
5	5135	5092	5047	397
5	5167	5122	5147	398
5	438	198	199	399
5	5161	5106	5134	400
5	1036	844	843	401
5	307	86	87	402
5	661	506	199	403
5	5189	5128	5114	404
5	508	443	356	405
5	5112	5074	5108	406
5	685	657	503	407
5	5156	5092	5135	408
5	508	356	507	409
5	5204	5178	5142	410
5	659	438	506	411
5	5161	5123	5106	412
5	439	356	196	413
5	5187	5139	5168	414
5	443	195	356	415
5	5177	5130	5165	416
5	485	431	433	417
5	5185	5123	5161	418
5	660	517	543	419
5	5129	5071	5081	420
5	385	153	154	421
5	5129	5076	5071	422
5	661	199	515	423
5	5190	5146	5113	424
5	5188	5169	5119	425
5	5186	5137	5151	426
5	354	121	122	427
5	5182	210	5149	428
5	416	351	111	429
5	5170	5124	5145	430
5	1230	1086	1051	431
5	5203	244	245	432
5	410	132	275	433
5	5183	5125	5149	434
5	415	108	321	435
5	5182	5149	5112	436
5	347	101	259	437
5	5124	5045	5098	438
5	318	89	284	439
5	5124	5082	5045	440
5	425	106	277	441
5	5187	5168	241	442
5	578	347	452	443
5	5180	5147	5166	444
5	325	102	103	445
5	5134	5097	5109	446
5	473	464	312	447
5	5134	5109	5122	448
5	769	737	516	449
5	5179	5121	5158	450
5	5158	5121	5141	451
5	5160	5120	5139	452
5	347	100	101	453
5	5168	5100	5138	454
5	445	95	348	455
5	5140	5103	5056	456
5	671	579	645	457
5	5205	5188	5154	458
5	303	84	85	459
5	5146	5118	5089	460
5	445	336	94	461
5	5146	5089	5113	462
5	721	509	477	463
5	5117	5077	5046	464
5	320	92	93	465
5	5117	234	5077	466
5	335	83	84	467
5	5116	5086	5064	468
5	447	82	250	469
5	5138	5100	5070	470
5	764	754	540	471
5	5159	236	237	472
5	339	71	315	473
5	5159	237	5115	474
5	306	58	59	475
5	5169	5140	5085	476
5	5140	5056	5085	477
5	5113	5052	5076	478
5	292	31	32	479
5	5113	5089	5052	480
5	419	12	287	481
5	5159	5111	236	482
5	288	268	8	483
5	5111	235	236	484
5	293	2	3	485
5	5128	5084	5114	486
5	293	256	2	487
5	5111	5087	5057	488
5	1394	1257	1239	489
5	5110	5048	5092	490
5	340	199	0	491
5	5110	5079	5048	492
5	1218	517	853	493
5	5109	5049	5038	494
5	729	460	521	495
5	5109	5097	5049	496
5	746	543	518	497
5	5149	5099	5112	498
5	5209	5195	5169	499
5	5107	5020	5063	500
5	5107	5068	5020	501
5	312	80	279	502
5	762	562	555	503
5	460	263	267	504
5	670	470	454	505
5	273	139	140	506
5	641	588	365	507
5	384	159	160	508
5	261	154	155	509
5	304	55	302	510
5	573	332	466	511
5	742	537	741	512
5	1505	888	1371	513
5	256	255	1	514
5	256	1	2	515
5	330	30	257	516
5	472	345	295	517
5	346	36	258	518
5	260	32	33	519
5	511	456	320	520
5	452	259	451	521
5	329	34	265	522
5	292	32	260	523
5	813	617	667	524
5	349	151	152	525
5	521	460	267	526
5	726	515	340	527
5	263	262	5	528
5	263	5	6	529
5	264	261	155	530
5	264	155	156	531
5	329	33	34	532
5	265	34	35	533
5	510	325	423	534
5	514	284	467	535
5	267	263	6	536
5	267	6	7	537
5	268	267	7	538
5	268	7	8	539
5	452	347	259	540
5	509	418	425	541
5	476	330	459	542
5	422	296	47	543
5	326	26	271	544
5	317	22	276	545
5	420	27	28	546
5	272	28	29	547
5	480	400	390	548
5	374	275	133	549
5	570	474	254	550
5	276	22	23	551
5	590	519	252	552
5	374	133	134	553
5	575	343	308	554
5	278	20	21	555
5	415	107	108	556
5	625	321	478	557
5	565	557	294	558
5	557	316	294	559
5	466	332	417	560
5	563	540	300	561
5	642	441	316	562
5	471	251	270	563
5	281	269	97	564
5	281	97	98	565
5	309	16	283	566
5	470	265	346	567
5	309	15	16	568
5	283	16	17	569
5	307	87	301	570
5	675	568	456	571
5	333	43	44	572
5	314	44	45	573
5	286	276	23	574
5	286	23	24	575
5	528	462	274	576
5	533	455	280	577
5	324	10	289	578
5	535	323	282	579
5	324	9	10	580
5	289	10	11	581
5	498	466	417	582
5	310	290	73	583
5	291	280	19	584
5	291	19	20	585
5	938	928	741	586
5	537	468	287	587
5	534	283	322	588
5	521	267	268	589
5	514	318	284	590
5	297	50	51	591
5	422	47	48	592
5	296	46	47	593
5	644	307	536	594
5	573	341	332	595
5	298	48	49	596
5	299	50	297	597
5	505	315	290	598
5	422	48	298	599
5	299	298	49	600
5	299	49	50	601
5	310	73	74	602
5	448	75	300	603
5	913	671	859	604
5	1110	871	1094	605
5	304	54	55	606
5	304	285	54	607
5	442	86	307	608
5	442	85	86	609
5	576	343	575	610
5	665	534	652	611
5	343	62	308	612
5	344	64	65	613
5	556	314	328	614
5	338	58	306	615
5	442	303	85	616
5	467	284	337	617
5	343	61	62	618
5	343	305	61	619
5	497	334	251	620
5	497	251	471	621
5	701	547	662	622
5	532	447	516	623
5	332	67	68	624
5	449	64	344	625
5	313	77	78	626
5	331	76	77	627
5	469	290	310	628
5	331	77	313	629
5	455	322	280	630
5	333	44	314	631
5	339	70	71	632
5	339	311	70	633
5	524	263	460	634
5	441	41	316	635
5	317	278	21	636
5	317	21	22	637
5	318	301	88	638
5	318	88	89	639
5	319	293	3	640
5	319	3	4	641
5	337	284	90	642
5	446	92	320	643
5	415	277	107	644
5	321	108	109	645
5	322	283	17	646
5	322	17	18	647
5	323	287	13	648
5	323	13	14	649
5	552	283	534	650
5	538	289	419	651
5	423	104	418	652
5	694	625	478	653
5	326	274	25	654
5	326	25	26	655
5	341	67	332	656
5	344	65	327	657
5	328	314	45	658
5	328	45	46	659
5	734	677	462	660
5	459	330	257	661
5	330	272	29	662
5	330	29	30	663
5	562	313	555	664
5	498	417	311	665
5	341	66	67	666
5	341	327	66	667
5	468	419	287	668
5	1362	1084	1218	669
5	334	258	37	670
5	334	37	38	671
5	897	675	861	672
5	540	448	300	673
5	336	320	93	674
5	336	93	94	675
5	547	318	514	676
5	768	567	566	677
5	756	520	651	678
5	461	421	305	679
5	652	534	455	680
5	746	660	543	681
5	753	741	535	682
5	1043	889	916	683
5	550	421	461	684
5	643	270	441	685
5	342	313	78	686
5	342	78	79	687
5	575	308	453	688
5	474	302	254	689
5	556	328	520	690
5	449	308	63	691
5	345	297	51	692
5	345	51	52	693
5	346	265	35	694
5	346	35	36	695
5	692	465	647	696
5	347	266	100	697
5	445	94	95	698
5	725	536	701	699
5	407	153	385	700
5	618	407	617	701
5	350	281	98	702
5	350	98	99	703
5	424	109	110	704
5	351	110	111	705
5	413	114	352	706
5	416	112	353	707
5	478	321	424	708
5	496	371	429	709
5	426	367	118	710
5	372	352	115	711
5	378	143	355	712
5	436	140	141	713
5	807	611	806	714
5	359	188	189	715
5	495	383	410	716
5	591	364	378	717
5	783	584	782	718
5	493	410	275	719
5	489	398	361	720
5	394	185	369	721
5	992	880	704	722
5	365	181	182	723
5	605	391	400	724
5	392	178	179	725
5	362	358	148	726
5	362	148	149	727
5	834	450	635	728
5	799	708	504	729
5	603	387	404	730
5	436	141	364	731
5	366	179	180	732
5	392	361	178	733
5	608	480	390	734
5	392	179	366	735
5	426	119	371	736
5	626	353	580	737
5	368	359	189	738
5	368	189	190	739
5	370	183	184	740
5	437	182	183	741
5	839	640	593	742
5	437	183	370	743
5	426	118	119	744
5	371	119	120	745
5	501	413	352	746
5	627	351	416	747
5	428	135	373	748
5	599	380	414	749
5	718	598	689	750
5	824	626	823	751
5	379	124	125	752
5	414	124	379	753
5	432	136	137	754
5	376	137	138	755
5	377	363	146	756
5	377	146	147	757
5	378	364	142	758
5	378	142	143	759
5	600	481	354	760
5	686	583	487	761
5	816	620	619	762
5	689	598	483	763
5	408	156	157	764
5	408	264	156	765
5	412	127	128	766
5	382	128	129	767
5	409	129	130	768
5	383	130	131	769
5	405	158	159	770
5	405	381	158	771
5	407	152	153	772
5	407	349	152	773
5	604	389	402	774
5	640	370	593	775
5	609	391	605	776
5	403	163	387	777
5	389	167	168	778
5	401	166	167	779
5	604	402	601	780
5	401	167	389	781
5	391	171	172	782
5	399	170	171	783
5	479	384	406	784
5	399	171	391	785
5	606	504	392	786
5	593	370	394	787
5	397	174	175	788
5	397	390	174	789
5	394	370	184	790
5	394	184	185	791
5	395	366	180	792
5	395	180	181	793
5	396	360	187	794
5	396	187	188	795
5	620	523	264	796
5	615	384	479	797
5	398	393	176	798
5	398	176	177	799
5	482	406	253	800
5	614	253	403	801
5	400	391	172	802
5	400	172	173	803
5	605	400	480	804
5	489	484	398	805
5	402	389	168	806
5	402	168	169	807
5	974	788	732	808
5	622	382	409	809
5	404	387	164	810
5	404	164	165	811
5	494	376	435	812
5	621	409	383	813
5	406	384	160	814
5	406	160	161	815
5	638	436	364	816
5	583	362	444	817
5	487	444	357	818
5	583	444	487	819
5	636	376	494	820
5	617	407	385	821
5	410	383	131	822
5	410	131	132	823
5	411	379	125	824
5	411	125	126	825
5	529	428	373	826
5	634	426	371	827
5	413	353	113	828
5	413	113	114	829
5	414	380	123	830
5	414	123	124	831
5	580	413	501	832
5	509	425	477	833
5	496	429	481	834
5	527	378	355	835
5	417	332	68	836
5	417	68	69	837
5	423	325	103	838
5	418	104	105	839
5	419	289	11	840
5	419	11	12	841
5	534	322	455	842
5	533	280	291	843
5	421	306	59	844
5	421	59	60	845
5	574	327	341	846
5	646	449	344	847
5	632	418	509	848
5	861	675	669	849
5	624	375	412	850
5	500	414	379	851
5	425	418	105	852
5	425	105	106	853
5	595	372	594	854
5	690	594	450	855
5	427	372	116	856
5	427	116	117	857
5	428	374	134	858
5	428	134	135	859
5	429	371	120	860
5	429	120	121	861
5	430	368	190	862
5	430	190	191	863
5	431	430	191	864
5	431	191	192	865
5	494	435	486	866
5	639	486	273	867
5	433	431	192	868
5	433	192	193	869
5	434	433	193	870
5	434	193	194	871
5	435	376	138	872
5	435	138	139	873
5	601	402	388	874
5	602	404	386	875
5	867	506	661	876
5	812	616	615	877
5	439	196	197	878
5	440	198	438	879
5	592	395	588	880
5	586	368	492	881
5	440	439	197	882
5	440	197	198	883
5	539	521	268	884
5	541	292	260	885
5	473	312	279	886
5	532	473	279	887
5	443	434	194	888
5	443	194	195	889
5	444	362	149	890
5	444	149	150	891
5	951	767	751	892
5	1051	856	915	893
5	446	337	91	894
5	446	91	92	895
5	447	279	81	896
5	447	81	82	897
5	448	310	74	898
5	448	74	75	899
5	526	295	285	900
5	569	306	550	901
5	450	427	367	902
5	635	450	367	903
5	884	790	690	904
5	791	781	501	905
5	978	793	977	906
5	902	702	717	907
5	646	453	449	908
5	577	344	327	909
5	454	346	258	910
5	497	458	334	911
5	628	272	476	912
5	629	463	271	913
5	456	446	320	914
5	951	751	856	915
5	457	385	261	916
5	523	457	261	917
5	458	454	258	918
5	458	258	334	919
5	476	272	330	920
5	462	286	274	921
5	825	628	476	922
5	736	475	531	923
5	548	302	474	924
5	544	345	472	925
5	528	326	463	926
5	679	524	666	927
5	528	274	326	928
5	463	326	271	929
5	464	342	312	930
5	775	498	572	931
5	465	348	269	932
5	698	512	513	933
5	754	554	540	934
5	737	532	516	935
5	567	250	335	936
5	532	279	447	937
5	539	268	288	938
5	538	419	468	939
5	572	498	311	940
5	505	290	469	941
5	561	541	260	942
5	542	257	292	943
5	843	643	642	944
5	631	520	296	945
5	544	297	345	946
5	520	328	296	947
5	701	536	547	948
5	536	307	301	949
5	548	304	302	950
5	526	472	295	951
5	531	317	522	952
5	533	291	475	953
5	628	420	272	954
5	629	271	420	955
5	477	425	277	956
5	499	477	277	957
5	499	277	415	958
5	698	513	578	959
5	615	405	384	960
5	523	261	264	961
5	610	601	388	962
5	862	707	655	963
5	635	426	634	964
5	634	371	496	965
5	705	479	482	966
5	792	597	687	967
5	598	411	483	968
5	600	354	380	969
5	607	397	393	970
5	608	390	397	971
5	808	797	602	972
5	488	394	369	973
5	596	493	275	974
5	596	275	374	975
5	590	252	363	976
5	519	355	252	977
5	988	802	801	978
5	587	360	396	979
5	798	592	789	980
5	800	607	484	981
5	490	485	433	982
5	490	433	434	983
5	491	488	369	984
5	491	369	360	985
5	502	396	359	986
5	587	491	360	987
5	730	457	523	988
5	495	410	493	989
5	711	529	637	990
5	597	428	529	991
5	835	636	710	992
5	621	383	495	993
5	822	689	483	994
5	635	367	426	995
5	771	570	569	996
5	770	569	550	997
5	571	315	505	998
5	776	466	716	999
5	717	625	694	1000
5	901	852	695	1001
5	821	623	820	1002
5	599	414	500	1003
5	627	416	626	1004
5	626	416	353	1005
5	706	581	654	1006
5	587	396	502	1007
5	503	490	434	1008
5	503	434	443	1009
5	504	489	361	1010
5	504	361	392	1011
5	571	339	315	1012
5	572	311	339	1013
5	506	438	199	1014
5	943	917	743	1015
5	685	503	508	1016
5	910	681	850	1017
5	654	485	653	1018
5	987	801	800	1019
5	663	578	452	1020
5	852	663	695	1021
5	1199	1020	1198	1022
5	724	647	525	1023
5	698	578	663	1024
5	722	632	656	1025
5	859	692	847	1026
5	525	281	512	1027
5	513	512	350	1028
5	513	350	266	1029
5	566	335	303	1030
5	516	447	250	1031
5	1219	658	1080	1032
5	515	199	340	1033
5	1038	845	780	1034
5	551	303	442	1035
5	668	256	517	1036
5	868	661	515	1037
5	543	517	293	1038
5	518	319	262	1039
5	584	362	583	1040
5	527	355	519	1041
5	545	297	544	1042
5	631	296	422	1043
5	740	652	455	1044
5	752	552	665	1045
5	531	278	317	1046
5	522	317	276	1047
5	616	405	615	1048
5	782	584	583	1049
5	524	518	262	1050
5	524	262	263	1051
5	525	465	269	1052
5	525	269	281	1053
5	549	304	548	1054
5	757	556	756	1055
5	839	593	683	1056
5	591	378	527	1057
5	665	552	534	1058
5	742	696	468	1059
5	637	432	636	1060
5	637	373	432	1061
5	530	522	276	1062
5	530	276	286	1063
5	874	700	731	1064
5	747	544	700	1065
5	673	662	514	1066
5	773	505	699	1067
5	829	631	630	1068
5	765	565	564	1069
5	553	535	282	1070
5	537	287	323	1071
5	553	309	552	1072
5	537	323	535	1073
5	567	335	566	1074
5	566	303	551	1075
5	760	560	672	1076
5	744	542	541	1077
5	559	539	288	1078
5	558	289	538	1079
5	559	324	558	1080
5	759	559	758	1081
5	554	310	448	1082
5	554	469	310	1083
5	561	329	560	1084
5	542	292	541	1085
5	674	522	530	1086
5	1017	828	748	1087
5	889	758	728	1088
5	1528	1266	1364	1089
5	545	299	297	1090
5	630	422	298	1091
5	748	546	545	1092
5	546	299	545	1093
5	844	714	471	1094
5	630	298	546	1095
5	547	536	301	1096
5	547	301	318	1097
5	549	285	304	1098
5	549	526	285	1099
5	700	544	472	1100
5	715	678	458	1101
5	569	338	306	1102
5	570	254	338	1103
5	751	551	644	1104
5	567	516	250	1105
5	553	282	309	1106
5	552	309	283	1107
5	745	459	542	1108
5	672	560	470	1109
5	780	577	574	1110
5	776	573	466	1111
5	562	331	313	1112
5	563	300	331	1113
5	763	562	762	1114
5	738	473	532	1115
5	565	333	564	1116
5	642	316	557	1117
5	559	288	324	1118
5	558	324	289	1119
5	679	518	524	1120
5	753	553	752	1121
5	561	260	329	1122
5	560	329	265	1123
5	746	518	679	1124
5	734	528	733	1125
5	953	769	768	1126
5	563	331	562	1127
5	846	453	646	1128
5	699	505	469	1129
5	565	294	333	1130
5	564	333	314	1131
5	777	574	573	1132
5	845	646	577	1133
5	1086	856	1051	1134
5	723	511	579	1135
5	723	579	671	1136
5	669	456	511	1137
5	568	467	337	1138
5	568	337	446	1139
5	761	744	541	1140
5	570	338	569	1141
5	750	549	749	1142
5	1667	1374	1548	1143
5	1136	946	1047	1144
5	572	339	571	1145
5	676	550	461	1146
5	846	649	453	1147
5	773	571	505	1148
5	574	341	573	1149
5	1142	954	953	1150
5	577	327	574	1151
5	576	305	343	1152
5	576	461	305	1153
5	1037	714	844	1154
5	829	651	631	1155
5	1039	846	845	1156
5	646	344	577	1157
5	578	513	266	1158
5	578	266	347	1159
5	579	511	336	1160
5	579	336	445	1161
5	790	594	690	1162
5	633	351	627	1163
5	581	492	430	1164
5	581	430	431	1165
5	582	487	357	1166
5	582	357	349	1167
5	584	358	362	1168
5	589	363	377	1169
5	712	495	493	1170
5	585	358	584	1171
5	688	494	486	1172
5	589	377	585	1173
5	586	502	359	1174
5	586	359	368	1175
5	1092	867	661	1176
5	802	703	480	1177
5	592	366	395	1178
5	606	392	366	1179
5	1030	905	688	1180
5	590	363	589	1181
5	840	641	640	1182
5	1154	968	910	1183
5	803	605	703	1184
5	638	364	591	1185
5	789	592	588	1186
5	606	366	592	1187
5	640	437	370	1188
5	641	365	437	1189
5	595	352	372	1190
5	594	372	427	1191
5	794	500	718	1192
5	796	481	600	1193
5	787	519	590	1194
5	838	688	486	1195
5	597	596	374	1196
5	597	374	428	1197
5	598	500	379	1198
5	598	379	411	1199
5	793	596	792	1200
5	600	380	599	1201
5	821	624	623	1202
5	793	712	493	1203
5	612	602	386	1204
5	613	403	387	1205
5	611	389	604	1206
5	603	404	602	1207
5	683	593	488	1208
5	613	387	603	1209
5	611	401	389	1210
5	612	386	401	1211
5	609	399	391	1212
5	610	388	399	1213
5	681	586	492	1214
5	707	491	655	1215
5	803	609	605	1216
5	608	397	607	1217
5	840	640	839	1218
5	983	798	789	1219
5	708	489	504	1220
5	610	399	609	1221
5	812	615	684	1222
5	684	615	479	1223
5	810	614	613	1224
5	612	401	611	1225
5	1032	840	839	1226
5	801	608	607	1227
5	709	489	708	1228
5	614	403	613	1229
5	788	527	732	1230
5	682	487	582	1231
5	616	381	405	1232
5	620	264	408	1233
5	1026	834	1025	1234
5	619	381	616	1235
5	618	349	407	1236
5	618	582	349	1237
5	686	487	682	1238
5	782	583	686	1239
5	732	527	519	1240
5	620	408	619	1241
5	787	732	519	1242
5	785	589	585	1243
5	687	597	529	1244
5	622	409	621	1245
5	820	623	622	1246
5	623	382	622	1247
5	1001	813	877	1248
5	624	412	623	1249
5	713	496	481	1250
5	702	477	499	1251
5	625	499	415	1252
5	625	415	321	1253
5	781	580	501	1254
5	633	424	351	1255
5	911	702	902	1256
5	721	477	702	1257
5	826	628	825	1258
5	629	420	628	1259
5	827	733	463	1260
5	883	666	729	1261
5	651	520	631	1262
5	631	422	630	1263
5	715	497	714	1264
5	740	455	533	1265
5	632	510	423	1266
5	632	423	418	1267
5	791	595	790	1268
5	831	478	633	1269
5	718	500	598	1270
5	796	713	481	1271
5	831	633	830	1272
5	1007	819	818	1273
5	637	529	373	1274
5	636	432	376	1275
5	813	618	617	1276
5	836	638	591	1277
5	797	603	602	1278
5	639	436	638	1279
5	811	705	482	1280
5	705	684	479	1281
5	903	684	705	1282
5	641	437	640	1283
5	654	581	485	1284
5	817	730	523	1285
5	649	575	453	1286
5	643	441	642	1287
5	778	575	649	1288
5	770	550	676	1289
5	644	551	442	1290
5	644	442	307	1291
5	645	579	445	1292
5	645	445	348	1293
5	950	766	765	1294
5	937	752	855	1295
5	695	452	451	1296
5	1220	1045	1048	1297
5	648	548	474	1298
5	772	648	474	1299
5	778	576	575	1300
5	772	474	570	1301
5	650	476	459	1302
5	745	650	459	1303
5	756	556	520	1304
5	844	471	643	1305
5	735	522	674	1306
5	759	743	539	1307
5	1219	507	658	1308
5	863	685	849	1309
5	1069	983	1031	1310
5	1318	1171	1317	1311
5	719	586	681	1312
5	784	655	587	1313
5	656	632	509	1314
5	721	656	509	1315
5	657	653	490	1316
5	657	490	503	1317
5	658	507	439	1318
5	658	439	440	1319
5	691	438	659	1320
5	691	440	438	1321
5	1063	942	889	1322
5	909	891	678	1323
5	668	255	256	1324
5	868	515	726	1325
5	662	547	514	1326
5	1115	1079	873	1327
5	695	451	693	1328
5	1022	694	831	1329
5	664	555	464	1330
5	738	532	737	1331
5	696	538	468	1332
5	666	524	460	1333
5	728	538	696	1334
5	758	558	728	1335
5	667	617	457	1336
5	730	667	457	1337
5	853	517	660	1338
5	727	255	668	1339
5	673	514	467	1340
5	675	456	669	1341
5	1018	829	828	1342
5	672	470	670	1343
5	723	669	511	1344
5	1012	781	976	1345
5	1086	951	856	1346
5	1040	875	649	1347
5	680	568	675	1348
5	680	467	568	1349
5	735	531	522	1350
5	739	533	475	1351
5	680	673	467	1352
5	915	856	725	1353
5	779	576	778	1354
5	779	676	461	1355
5	677	674	530	1356
5	677	530	462	1357
5	678	670	454	1358
5	678	454	458	1359
5	896	666	883	1360
5	1134	943	1133	1361
5	856	751	725	1362
5	915	701	871	1363
5	719	502	586	1364
5	784	502	719	1365
5	814	618	813	1366
5	814	582	618	1367
5	841	588	641	1368
5	703	605	480	1369
5	993	807	806	1370
5	704	604	601	1371
5	867	659	506	1372
5	720	685	508	1373
5	1028	837	836	1374
5	838	486	639	1375
5	710	494	688	1376
5	711	687	529	1377
5	710	636	494	1378
5	999	903	705	1379
5	818	495	712	1380
5	819	622	621	1381
5	832	496	713	1382
5	1202	1024	1023	1383
5	720	508	507	1384
5	691	658	440	1385
5	692	671	645	1386
5	692	645	465	1387
5	695	663	452	1388
5	1267	1109	914	1389
5	823	580	781	1390
5	830	633	627	1391
5	1107	902	1054	1392
5	901	695	693	1393
5	728	558	538	1394
5	729	666	460	1395
5	697	664	464	1396
5	697	464	473	1397
5	724	512	698	1398
5	724	525	512	1399
5	755	554	754	1400
5	716	466	498	1401
5	747	545	544	1402
5	828	630	546	1403
5	725	644	536	1404
5	738	697	473	1405
5	1198	1020	1013	1406
5	864	693	722	1407
5	805	704	601	1408
5	806	604	704	1409
5	804	609	803	1410
5	1366	1224	1264	1411
5	809	603	797	1412
5	995	808	994	1413
5	706	681	492	1414
5	706	492	581	1415
5	707	683	488	1416
5	707	488	491	1417
5	709	484	489	1418
5	802	480	608	1419
5	995	797	808	1420
5	800	484	709	1421
5	991	805	804	1422
5	993	806	880	1423
5	865	812	684	1424
5	1002	812	865	1425
5	818	621	495	1426
5	820	622	819	1427
5	832	634	496	1428
5	833	635	634	1429
5	715	458	497	1430
5	714	497	471	1431
5	925	739	736	1432
5	921	735	674	1433
5	774	571	773	1434
5	775	716	498	1435
5	717	702	499	1436
5	717	499	625	1437
5	794	599	500	1438
5	795	600	599	1439
5	910	719	681	1440
5	1032	839	879	1441
5	1070	1032	879	1442
5	1068	857	863	1443
5	1021	831	830	1444
5	1026	884	690	1445
5	722	693	510	1446
5	722	510	632	1447
5	1253	1102	1225	1448
5	1258	1059	1082	1449
5	1221	1059	852	1450
5	1057	698	663	1451
5	954	737	769	1452
5	1060	913	859	1453
5	1222	1093	868	1454
5	1061	888	932	1455
5	727	726	340	1456
5	727	340	255	1457
5	893	670	891	1458
5	930	745	744	1459
5	922	735	921	1460
5	1289	1124	1064	1461
5	815	616	812	1462
5	1062	900	905	1463
5	731	700	472	1464
5	731	472	526	1465
5	788	591	527	1466
5	837	639	638	1467
5	734	462	528	1468
5	733	528	463	1469
5	941	757	756	1470
5	1015	826	1014	1471
5	855	752	665	1472
5	736	531	735	1473
5	938	753	937	1474
5	739	475	736	1475
5	767	551	751	1476
5	875	778	649	1477
5	958	872	648	1478
5	960	774	959	1479
5	929	742	928	1480
5	740	533	739	1481
5	1407	1228	1294	1482
5	1810	1652	1504	1483
5	742	468	537	1484
5	741	537	535	1485
5	855	665	854	1486
5	1014	826	825	1487
5	743	729	521	1488
5	743	521	539	1489
5	761	561	760	1490
5	745	542	744	1491
5	1019	651	829	1492
5	935	750	749	1493
5	1139	941	1076	1494
5	1120	854	927	1495
5	931	650	745	1496
5	748	545	747	1497
5	1014	825	869	1498
5	828	546	748	1499
5	750	526	549	1500
5	750	731	526	1501
5	920	885	677	1502
5	927	652	740	1503
5	767	566	551	1504
5	769	516	567	1505
5	753	535	553	1506
5	752	553	552	1507
5	929	916	696	1508
5	1213	1035	1212	1509
5	755	469	554	1510
5	755	699	469	1511
5	948	754	764	1512
5	939	755	754	1513
5	757	564	556	1514
5	766	557	565	1515
5	941	756	851	1516
5	765	564	757	1517
5	759	539	559	1518
5	758	559	558	1519
5	1120	1085	854	1520
5	922	736	735	1521
5	761	541	561	1522
5	760	561	560	1523
5	956	771	770	1524
5	935	749	872	1525
5	763	563	562	1526
5	764	540	563	1527
5	959	774	773	1528
5	764	563	763	1529
5	963	777	776	1530
5	961	775	960	1531
5	891	670	678	1532
5	766	565	765	1533
5	1035	843	842	1534
5	842	557	766	1535
5	915	725	701	1536
5	768	566	767	1537
5	948	939	754	1538
5	769	567	768	1539
5	947	763	946	1540
5	1040	649	846	1541
5	872	749	648	1542
5	771	569	770	1543
5	956	770	955	1544
5	772	570	771	1545
5	965	778	875	1546
5	957	772	771	1547
5	774	572	571	1548
5	775	572	774	1549
5	952	767	951	1550
5	859	671	692	1551
5	871	701	662	1552
5	923	738	737	1553
5	873	664	697	1554
5	777	573	776	1555
5	873	848	664	1556
5	780	574	777	1557
5	779	461	576	1558
5	933	747	700	1559
5	1127	935	1067	1560
5	934	748	747	1561
5	946	763	762	1562
5	845	577	780	1563
5	823	626	580	1564
5	824	627	626	1565
5	783	585	584	1566
5	786	590	589	1567
5	1029	838	837	1568
5	785	585	783	1569
5	986	709	904	1570
5	985	904	708	1571
5	967	782	858	1572
5	786	589	785	1573
5	970	783	967	1574
5	787	590	786	1575
5	900	835	710	1576
5	973	732	787	1577
5	1011	689	822	1578
5	836	591	788	1579
5	798	606	592	1580
5	799	504	606	1581
5	791	501	595	1582
5	790	595	594	1583
5	1008	820	819	1584
5	1020	830	824	1585
5	793	493	596	1586
5	792	596	597	1587
5	1027	836	788	1588
5	906	835	900	1589
5	981	795	980	1590
5	795	599	794	1591
5	1020	824	1013	1592
5	796	600	795	1593
5	975	791	790	1594
5	976	791	975	1595
5	809	613	603	1596
5	811	482	614	1597
5	1081	850	876	1598
5	799	606	798	1599
5	969	862	655	1600
5	1257	1081	1239	1601
5	898	803	703	1602
5	801	607	800	1603
5	904	709	708	1604
5	802	608	801	1605
5	878	707	862	1606
5	998	811	810	1607
5	804	610	609	1608
5	805	601	610	1609
5	880	806	704	1610
5	805	610	804	1611
5	989	898	703	1612
5	1078	857	1068	1613
5	807	612	611	1614
5	808	602	612	1615
5	1209	1029	1208	1616
5	808	612	807	1617
5	1182	1002	1073	1618
5	877	813	667	1619
5	1253	1056	1102	1620
5	810	613	809	1621
5	1004	817	816	1622
5	811	614	810	1623
5	903	865	684	1624
5	1159	972	971	1625
5	815	619	616	1626
5	817	523	620	1627
5	814	682	582	1628
5	971	786	785	1629
5	882	792	687	1630
5	1102	1056	901	1631
5	879	683	878	1632
5	816	619	815	1633
5	1002	815	812	1634
5	817	620	816	1635
5	907	882	687	1636
5	1006	818	712	1637
5	977	793	792	1638
5	819	621	818	1639
5	1025	834	833	1640
5	822	624	821	1641
5	1025	833	1024	1642
5	822	483	624	1643
5	1012	823	781	1644
5	975	790	884	1645
5	979	718	881	1646
5	981	796	795	1647
5	1013	823	1012	1648
5	979	794	718	1649
5	976	781	791	1650
5	830	627	824	1651
5	826	629	628	1652
5	827	463	629	1653
5	1019	829	1018	1654
5	827	629	826	1655
5	869	825	650	1656
5	894	760	672	1657
5	949	757	941	1658
5	829	630	828	1659
5	1037	908	714	1660
5	1145	955	1144	1661
5	1056	852	901	1662
5	911	721	702	1663
5	901	693	864	1664
5	902	717	860	1665
5	982	796	981	1666
5	833	634	832	1667
5	977	792	882	1668
5	834	635	833	1669
5	967	783	782	1670
5	1104	907	906	1671
5	835	711	637	1672
5	835	637	636	1673
5	978	712	793	1674
5	837	638	836	1675
5	1030	688	838	1676
5	838	639	837	1677
5	1003	815	1002	1678
5	878	683	707	1679
5	1367	1092	1265	1680
5	841	641	840	1681
5	984	798	983	1682
5	841	789	588	1683
5	1226	1090	1156	1684
5	876	706	654	1685
5	921	674	885	1686
5	843	642	842	1687
5	931	869	650	1688
5	844	643	843	1689
5	894	672	893	1690
5	909	715	908	1691
5	870	773	699	1692
5	846	646	845	1693
5	961	716	775	1694
5	959	773	870	1695
5	847	692	647	1696
5	914	647	724	1697
5	848	762	664	1698
5	1138	1131	939	1699
5	1044	691	659	1700
5	1686	1371	1519	1701
5	1154	910	1049	1702
5	857	653	657	1703
5	851	756	651	1704
5	1148	872	958	1705
5	1082	724	1058	1706
5	914	847	647	1707
5	1506	863	1042	1708
5	1083	726	727	1709
5	854	665	652	1710
5	927	854	652	1711
5	1101	891	909	1712
5	1260	1100	1228	1713
5	954	923	737	1714
5	1308	1152	1307	1715
5	876	850	706	1716
5	887	653	857	1717
5	858	782	686	1718
5	899	858	686	1719
5	1231	1045	1220	1720
5	1507	1408	1431	1721
5	860	717	694	1722
5	1336	1191	1335	1723
5	1369	1220	1271	1724
5	1598	1554	1440	1725
5	968	719	910	1726
5	1156	862	969	1727
5	863	857	657	1728
5	863	657	685	1729
5	1162	975	884	1730
5	1167	980	1166	1731
5	1005	918	730	1732
5	1278	1105	1104	1733
5	866	864	722	1734
5	866	722	656	1735
5	1406	1093	1222	1736
5	1264	1224	1078	1737
5	1527	1061	932	1738
5	1371	888	1227	1739
5	1016	919	733	1740
5	885	674	677	1741
5	940	755	939	1742
5	962	716	961	1743
5	1140	952	951	1744
5	1094	890	1041	1745
5	1217	875	1040	1746
5	955	770	676	1747
5	924	738	923	1748
5	924	697	738	1749
5	936	750	935	1750
5	933	700	874	1751
5	1150	960	1149	1752
5	958	648	772	1753
5	1171	985	1170	1754
5	1155	968	1154	1755
5	1077	905	1030	1756
5	899	686	682	1757
5	879	839	683	1758
5	1033	840	1032	1759
5	1078	887	857	1760
5	1171	904	985	1761
5	990	803	898	1762
5	996	797	995	1763
5	881	718	689	1764
5	1011	881	689	1765
5	1006	712	978	1766
5	1010	822	821	1767
5	1135	945	944	1768
5	917	883	729	1769
5	980	794	979	1770
5	1024	833	832	1771
5	920	734	919	1772
5	925	736	922	1773
5	1508	720	886	1774
5	886	720	507	1775
5	887	876	654	1776
5	887	654	653	1777
5	932	679	896	1778
5	932	746	679	1779
5	917	729	743	1780
5	942	758	889	1781
5	890	871	662	1782
5	890	662	673	1783
5	893	672	670	1784
5	945	930	744	1785
5	892	861	669	1786
5	892	669	723	1787
5	1113	921	885	1788
5	944	760	894	1789
5	1046	944	894	1790
5	1195	1111	919	1791
5	895	890	673	1792
5	895	673	680	1793
5	932	888	746	1794
5	896	679	666	1795
5	897	895	680	1796
5	897	680	675	1797
5	990	804	803	1798
5	992	704	805	1799
5	1071	1000	1001	1800
5	1206	1027	974	1801
5	906	711	835	1802
5	907	687	711	1803
5	1108	1055	912	1804
5	1221	852	1056	1805
5	912	656	721	1806
5	912	721	911	1807
5	994	807	993	1808
5	1180	996	1179	1809
5	986	800	709	1810
5	989	703	802	1811
5	905	900	710	1812
5	905	710	688	1813
5	1190	881	1011	1814
5	907	711	906	1815
5	1187	1009	1008	1816
5	1165	978	977	1817
5	909	678	715	1818
5	908	715	714	1819
5	1123	1066	931	1820
5	1119	927	926	1821
5	968	784	719	1822
5	969	655	784	1823
5	1335	1163	1313	1824
5	912	866	656	1825
5	1229	1087	1109	1826
5	1205	884	1026	1827
5	913	892	723	1828
5	913	723	671	1829
5	1091	864	866	1830
5	1060	1050	913	1831
5	1269	1140	1086	1832
5	1151	961	1150	1833
5	916	889	728	1834
5	916	728	696	1835
5	943	759	942	1836
5	1228	1100	1134	1837
5	918	877	667	1838
5	918	667	730	1839
5	920	677	734	1840
5	919	734	733	1841
5	1144	964	1095	1842
5	1217	1096	875	1843
5	1146	957	956	1844
5	926	740	739	1845
5	1238	1076	1197	1846
5	1195	919	1016	1847
5	924	873	697	1848
5	1321	1177	1176	1849
5	1153	966	963	1850
5	1290	1128	1247	1851
5	1283	1112	1111	1852
5	926	739	925	1853
5	1121	929	928	1854
5	927	740	926	1855
5	1129	937	1065	1856
5	1085	855	854	1857
5	929	696	742	1858
5	928	742	741	1859
5	1063	889	1043	1860
5	1133	942	1063	1861
5	945	761	944	1862
5	931	745	930	1863
5	1123	930	945	1864
5	1065	937	855	1865
5	1286	1117	1284	1866
5	1604	1461	1460	1867
5	1283	1113	1112	1868
5	934	747	933	1869
5	1194	1016	1015	1870
5	1017	748	934	1871
5	936	731	750	1872
5	936	874	731	1873
5	1125	933	874	1874
5	1139	949	941	1875
5	938	741	753	1876
5	937	753	752	1877
5	1130	1121	928	1878
5	1227	888	1061	1879
5	940	699	755	1880
5	940	870	699	1881
5	1131	940	939	1882
5	1052	959	870	1883
5	949	765	757	1884
5	1034	842	766	1885
5	943	743	759	1886
5	942	759	758	1887
5	1368	1227	1061	1888
5	1124	932	896	1889
5	945	744	761	1890
5	944	761	760	1891
5	1117	925	922	1892
5	1123	945	1135	1893
5	947	764	763	1894
5	948	764	947	1895
5	1297	1136	1244	1896
5	1106	908	1037	1897
5	1095	964	965	1898
5	1304	1144	1240	1899
5	1149	960	959	1900
5	950	765	949	1901
5	1320	1176	1175	1902
5	1034	766	950	1903
5	952	768	767	1904
5	953	768	952	1905
5	1089	892	1050	1906
5	1282	1094	1236	1907
5	1430	1280	1373	1908
5	954	769	953	1909
5	1137	947	1136	1910
5	1151	962	961	1911
5	1146	956	1145	1912
5	1212	950	1139	1913
5	1152	962	1151	1914
5	957	771	956	1915
5	1197	1017	1196	1916
5	958	772	957	1917
5	1340	1126	1290	1918
5	1196	1017	934	1919
5	960	775	774	1920
5	962	776	716	1921
5	1110	1051	915	1922
5	963	776	962	1923
5	1094	871	890	1924
5	966	780	777	1925
5	1140	951	1086	1926
5	1425	1282	1370	1927
5	1079	1047	848	1928
5	966	777	963	1929
5	964	955	676	1930
5	964	676	779	1931
5	965	964	779	1932
5	965	779	778	1933
5	1298	1293	1131	1934
5	1038	780	966	1935
5	970	785	783	1936
5	972	787	786	1937
5	1169	983	1069	1938
5	969	784	968	1939
5	1173	987	986	1940
5	1090	878	862	1941
5	1182	1003	1002	1942
5	971	785	970	1943
5	1183	918	1005	1944
5	972	786	971	1945
5	1259	1087	1229	1946
5	973	787	972	1947
5	1179	995	994	1948
5	974	732	973	1949
5	1074	880	1178	1950
5	1027	788	974	1951
5	1185	1007	1006	1952
5	1013	824	823	1953
5	1347	1201	1346	1954
5	1343	1199	1198	1955
5	1172	986	904	1956
5	1007	818	1006	1957
5	1160	973	972	1958
5	1008	819	1007	1959
5	980	795	794	1960
5	982	713	796	1961
5	1168	981	1167	1962
5	1023	832	713	1963
5	1191	1012	976	1964
5	1205	1162	884	1965
5	1332	1188	1331	1966
5	1023	713	982	1967
5	984	799	798	1968
5	985	708	799	1969
5	1310	1226	1156	1970
5	985	799	984	1971
5	1318	1173	1172	1972
5	1176	989	1175	1973
5	1169	984	983	1974
5	987	800	986	1975
5	1178	991	1177	1976
5	988	801	987	1977
5	1177	991	990	1978
5	989	802	988	1979
5	1174	988	987	1980
5	1310	1156	1155	1981
5	1181	1073	903	1982
5	991	804	990	1983
5	1175	989	988	1984
5	992	805	991	1985
5	1170	984	1169	1986
5	1157	970	967	1987
5	994	808	807	1988
5	999	705	811	1989
5	1172	904	1171	1990
5	997	810	809	1991
5	1161	974	973	1992
5	1207	1028	1027	1993
5	1075	967	858	1994
5	997	809	996	1995
5	1101	1046	893	1996
5	998	810	997	1997
5	1584	1430	1509	1998
5	999	811	998	1999
5	1073	865	903	2000
5	1183	1098	918	2001
5	1000	899	682	2002
5	1000	682	814	2003
5	1001	1000	814	2004
5	1001	814	813	2005
5	1003	816	815	2006
5	1005	730	817	2007
5	1181	903	999	2008
5	1004	816	1003	2009
5	1178	880	992	2010
5	1005	817	1004	2011
5	1073	1002	865	2012
5	1183	1004	1182	2013
5	1189	1011	1010	2014
5	1009	821	820	2015
5	1104	906	1103	2016
5	1334	1250	1053	2017
5	1166	980	979	2018
5	1009	820	1008	2019
5	1203	1025	1024	2020
5	1010	821	1009	2021
5	1191	976	1163	2022
5	1011	822	1010	2023
5	1166	979	1053	2024
5	1168	982	981	2025
5	1192	1013	1012	2026
5	1021	830	1020	2027
5	1201	982	1168	2028
5	1022	831	1021	2029
5	1015	827	826	2030
5	1016	733	827	2031
5	1046	894	893	2032
5	1016	827	1015	2033
5	1212	1034	950	2034
5	1128	936	1127	2035
5	1135	944	1046	2036
5	1018	828	1017	2037
5	1106	1101	909	2038
5	1019	851	651	2039
5	1076	941	851	2040
5	1212	1035	1034	2041
5	1415	1056	1253	2042
5	1163	975	1162	2043
5	1349	1203	1348	2044
5	1022	860	694	2045
5	1091	866	1055	2046
5	1055	866	912	2047
5	1192	1012	1191	2048
5	1024	832	1023	2049
5	1164	977	882	2050
5	1026	690	834	2051
5	1184	1006	978	2052
5	1103	900	1062	2053
5	1179	996	995	2054
5	1105	882	907	2055
5	1072	899	1000	2056
5	1028	836	1027	2057
5	1180	998	997	2058
5	1029	837	1028	2059
5	1105	907	1104	2060
5	1030	838	1029	2061
5	1103	906	900	2062
5	1188	1010	1009	2063
5	1031	983	789	2064
5	1031	789	841	2065
5	1033	841	840	2066
5	1033	1031	841	2067
5	1355	1211	1210	2068
5	1517	1470	1397	2069
5	1076	851	1019	2070
5	1035	842	1034	2071
5	1118	926	925	2072
5	1036	843	1035	2073
5	1066	869	931	2074
5	1037	844	1036	2075
5	1085	1065	855	2076
5	1122	929	1121	2077
5	1136	947	946	2078
5	1039	845	1038	2079
5	1214	1038	966	2080
5	1040	846	1039	2081
5	1149	959	1052	2082
5	1216	1040	1039	2083
5	1050	892	913	2084
5	1422	1270	1246	2085
5	1042	863	849	2086
5	1044	659	867	2087
5	1436	1289	1260	2088
5	1122	916	929	2089
5	1256	691	1044	2090
5	1080	658	691	2091
5	1045	1041	895	2092
5	1045	895	897	2093
5	1101	893	891	2094
5	1106	1037	1213	2095
5	1047	946	848	2096
5	1273	1051	1110	2097
5	1048	1045	897	2098
5	1048	897	861	2099
5	1049	910	850	2100
5	1326	1073	1181	2101
5	1089	861	892	2102
5	1089	1048	861	2103
5	1143	923	954	2104
5	1079	848	873	2105
5	1132	940	1131	2106
5	1290	1126	1125	2107
5	1053	979	881	2108
5	1190	1053	881	2109
5	1054	902	860	2110
5	1200	1088	1022	2111
5	1108	911	1107	2112
5	1270	1050	1246	2113
5	1102	864	1091	2114
5	1102	901	864	2115
5	1058	698	1057	2116
5	1058	724	698	2117
5	1082	914	724	2118
5	1258	1057	1059	2119
5	1059	1057	663	2120
5	1059	663	852	2121
5	1246	1050	1060	2122
5	1345	1200	1344	2123
5	1356	1243	1212	2124
5	1124	896	1064	2125
5	1405	1310	1376	2126
5	1077	1062	905	2127
5	1064	896	883	2128
5	1294	1133	1223	2129
5	1443	1295	1377	2130
5	1134	917	943	2131
5	1193	1015	1014	2132
5	1338	1195	1194	2133
5	1111	920	919	2134
5	1066	1014	869	2135
5	1067	935	872	2136
5	1148	1067	872	2137
5	1097	887	1078	2138
5	1081	1049	850	2139
5	1210	1032	1070	2140
5	1211	1031	1033	2141
5	1210	1033	1032	2142
5	1211	1069	1031	2143
5	1249	1079	1248	2144
5	1157	967	1075	2145
5	1312	1160	1311	2146
5	1072	1000	1071	2147
5	1071	1001	877	2148
5	1182	1004	1003	2149
5	1181	998	1180	2150
5	1074	994	993	2151
5	1072	1075	858	2152
5	1378	1232	1353	2153
5	1139	950	949	2154
5	1127	936	935	2155
5	1158	970	1157	2156
5	1208	1029	1028	2157
5	1323	1074	1322	2158
5	1239	1097	1224	2159
5	1141	952	1140	2160
5	1231	1041	1045	2161
5	1550	1367	1265	2162
5	1754	1607	1753	2163
5	1126	933	1125	2164
5	1197	1018	1017	2165
5	1267	914	1082	2166
5	1281	1235	1055	2167
5	1289	1064	1260	2168
5	1233	867	1092	2169
5	1268	727	1084	2170
5	1084	727	668	2171
5	1112	920	1111	2172
5	1563	1452	1533	2173
5	1411	1259	1375	2174
5	1115	873	924	2175
5	1087	1060	859	2176
5	1087	859	847	2177
5	1088	1054	860	2178
5	1088	860	1022	2179
5	1449	1304	1448	2180
5	1303	1116	1143	2181
5	1099	879	878	2182
5	1099	1070	879	2183
5	1277	1103	1062	2184
5	1072	858	899	2185
5	1233	1044	867	2186
5	1222	868	1083	2187
5	1093	1092	661	2188
5	1093	661	868	2189
5	1110	915	871	2190
5	1270	1089	1050	2191
5	1144	955	964	2192
5	1145	956	955	2193
5	1096	1095	965	2194
5	1096	965	875	2195
5	1097	1081	876	2196
5	1097	876	887	2197
5	1098	1071	877	2198
5	1098	877	918	2199
5	1354	1070	1275	2200
5	1318	1172	1171	2201
5	1100	1064	883	2202
5	1100	883	917	2203
5	1262	1075	1072	2204
5	1382	1351	1350	2205
5	1179	994	1074	2206
5	1074	993	880	2207
5	1352	1207	1206	2208
5	1164	882	1105	2209
5	1322	1178	1316	2210
5	1165	977	1164	2211
5	1276	1071	1272	2212
5	1184	978	1165	2213
5	1106	909	908	2214
5	1357	1213	1243	2215
5	1108	912	911	2216
5	1107	911	902	2217
5	1721	1375	1577	2218
5	1383	1234	1254	2219
5	1109	1087	847	2220
5	1109	847	914	2221
5	1384	1220	1369	2222
5	1269	1086	1230	2223
5	1112	885	920	2224
5	1114	922	921	2225
5	1284	1117	1114	2226
5	1113	885	1112	2227
5	1338	1194	1193	2228
5	1114	921	1113	2229
5	1339	1283	1111	2230
5	1117	922	1114	2231
5	1385	1247	1306	2232
5	1141	953	952	2233
5	1116	1115	924	2234
5	1116	924	923	2235
5	1242	1065	1085	2236
5	1118	925	1117	2237
5	1389	1223	1237	2238
5	1119	926	1118	2239
5	1292	1130	1291	2240
5	1120	927	1119	2241
5	1439	1416	1288	2242
5	1255	1043	1122	2243
5	1130	938	1129	2244
5	1122	1043	916	2245
5	1433	1380	1286	2246
5	1589	1438	1510	2247
5	1123	931	930	2248
5	1193	1014	1066	2249
5	1286	1118	1117	2250
5	1287	1119	1286	2251
5	1126	934	933	2252
5	1197	1076	1019	2253
5	1295	1123	1135	2254
5	1196	934	1126	2255
5	1128	874	936	2256
5	1128	1125	874	2257
5	1452	1357	1387	2258
5	1450	1293	1446	2259
5	1130	928	938	2260
5	1129	938	937	2261
5	1337	1066	1296	2262
5	1435	1386	1241	2263
5	1132	870	940	2264
5	1132	1052	870	2265
5	1360	1216	1359	2266
5	1240	1144	1095	2267
5	1134	1100	917	2268
5	1133	943	942	2269
5	1511	1222	1420	2270
5	1953	1664	1706	2271
5	1285	1248	1115	2272
5	1245	1052	1293	2273
5	1137	948	947	2274
5	1138	939	948	2275
5	1293	1132	1131	2276
5	1138	948	1137	2277
5	1307	1152	1151	2278
5	1298	1131	1138	2279
5	1299	1076	1238	2280
5	1213	1037	1036	2281
5	1143	954	1142	2282
5	1142	953	1141	2283
5	1300	1141	1140	2284
5	1143	1116	923	2285
5	1557	1381	1552	2286
5	1297	1138	1137	2287
5	1365	1302	1301	2288
5	1586	1525	1380	2289
5	1240	1095	1096	2290
5	1147	958	957	2291
5	1308	1214	1153	2292
5	1245	1150	1149	2293
5	1304	1145	1144	2294
5	1147	957	1146	2295
5	1359	1214	1308	2296
5	1148	958	1147	2297
5	1360	1240	1096	2298
5	1411	1246	1259	2299
5	1150	961	960	2300
5	1152	963	962	2301
5	1305	1146	1304	2302
5	1153	963	1152	2303
5	1305	1148	1147	2304
5	1214	966	1153	2305
5	1359	1216	1215	2306
5	1215	1039	1038	2307
5	1306	1067	1148	2308
5	1307	1151	1150	2309
5	1155	969	968	2310
5	1156	1090	862	2311
5	1515	1080	1256	2312
5	1156	969	1155	2313
5	1899	1755	1754	2314
5	1274	1090	1226	2315
5	1158	971	970	2316
5	1209	1030	1029	2317
5	1232	1062	1077	2318
5	1159	971	1158	2319
5	1259	1060	1087	2320
5	1160	972	1159	2321
5	1329	1272	1098	2322
5	1161	973	1160	2323
5	1348	1203	1202	2324
5	1206	974	1161	2325
5	1163	976	975	2326
5	1199	1021	1020	2327
5	1333	1190	1189	2328
5	1200	1021	1199	2329
5	1277	1104	1103	2330
5	1185	1006	1184	2331
5	1346	1168	1315	2332
5	1186	1008	1007	2333
5	1167	981	980	2334
5	1201	1023	982	2335
5	1315	1168	1167	2336
5	1202	1023	1201	2337
5	1336	1192	1191	2338
5	1203	1024	1202	2339
5	1170	985	984	2340
5	1274	1099	1090	2341
5	1746	1600	1570	2342
5	1173	986	1172	2343
5	1462	1459	1321	2344
5	1174	987	1173	2345
5	1641	1426	1583	2346
5	1175	988	1174	2347
5	1239	1081	1097	2348
5	1176	990	898	2349
5	1355	1210	1354	2350
5	1176	898	989	2351
5	1252	1069	1211	2352
5	1317	1169	1252	2353
5	1317	1171	1170	2354
5	1177	990	1176	2355
5	1252	1169	1069	2356
5	1178	992	991	2357
5	1464	1322	1463	2358
5	1180	997	996	2359
5	1311	1159	1158	2360
5	1181	999	998	2361
5	1272	1071	1098	2362
5	1329	1098	1183	2363
5	1325	1181	1180	2364
5	1316	1178	1177	2365
5	1317	1170	1169	2366
5	1183	1005	1004	2367
5	1276	1072	1071	2368
5	1328	1183	1182	2369
5	1343	1198	1342	2370
5	1259	1246	1060	2371
5	1351	1313	1162	2372
5	1186	1007	1185	2373
5	1331	1186	1330	2374
5	1187	1008	1186	2375
5	1330	1185	1184	2376
5	1188	1009	1187	2377
5	1277	1062	1232	2378
5	1189	1010	1188	2379
5	1620	1456	1475	2380
5	1190	1011	1189	2381
5	1342	1192	1336	2382
5	1330	1186	1185	2383
5	1351	1162	1205	2384
5	1374	1253	1225	2385
5	1280	1107	1234	2386
5	1198	1013	1192	2387
5	1284	1114	1113	2388
5	1194	1015	1193	2389
5	1291	1129	1241	2390
5	1195	1016	1194	2391
5	1241	1129	1065	2392
5	1287	1120	1119	2393
5	1284	1113	1283	2394
5	1197	1019	1018	2395
5	1295	1135	1261	2396
5	1358	1106	1357	2397
5	1234	1107	1054	2398
5	1200	1022	1021	2399
5	1345	1254	1088	2400
5	1344	1199	1343	2401
5	1342	1198	1192	2402
5	1313	1163	1162	2403
5	1335	1191	1163	2404
5	1204	1026	1025	2405
5	1349	1204	1203	2406
5	1350	1205	1204	2407
5	1492	1312	1311	2408
5	1204	1025	1203	2409
5	1263	1157	1075	2410
5	1205	1026	1204	2411
5	1278	1164	1105	2412
5	1346	1201	1168	2413
5	1323	1179	1074	2414
5	1207	1027	1206	2415
5	1314	1184	1165	2416
5	1208	1028	1207	2417
5	1263	1158	1157	2418
5	1209	1077	1030	2419
5	1353	1209	1208	2420
5	1232	1077	1209	2421
5	1319	1175	1174	2422
5	1211	1033	1210	2423
5	1321	1316	1177	2424
5	1324	1179	1323	2425
5	1478	1296	1443	2426
5	1213	1036	1035	2427
5	1370	1282	1236	2428
5	1243	1213	1212	2429
5	1654	1531	1581	2430
5	1215	1038	1214	2431
5	1285	1115	1116	2432
5	1216	1039	1215	2433
5	1384	1231	1220	2434
5	1217	1040	1216	2435
5	1306	1247	1067	2436
5	1247	1127	1067	2437
5	1218	1084	668	2438
5	1218	668	517	2439
5	1521	1233	1367	2440
5	1219	886	507	2441
5	1271	1048	1089	2442
5	1271	1089	1270	2443
5	1403	1082	1059	2444
5	1403	1267	1082	2445
5	1264	1078	1068	2446
5	1260	1064	1100	2447
5	1223	1133	1063	2448
5	1514	1404	1416	2449
5	1224	1097	1078	2450
5	1562	1428	1538	2451
5	1225	1102	1091	2452
5	1235	1225	1091	2453
5	1495	1275	1426	2454
5	1309	1155	1154	2455
5	1420	1083	1268	2456
5	1519	1227	1518	2457
5	1436	1260	1417	2458
5	1439	1292	1438	2459
5	1423	1369	1271	2460
5	1423	1270	1422	2461
5	1236	1041	1231	2462
5	1558	1391	1557	2463
5	1236	1094	1041	2464
5	1273	1230	1051	2465
5	1319	1173	1318	2466
5	1278	1104	1277	2467
5	1684	1662	1401	2468
5	1265	1092	1093	2469
5	1235	1091	1055	2470
5	1476	1313	1382	2471
5	1281	1108	1280	2472
5	1628	1482	1627	2473
5	1365	1303	1302	2474
5	1647	1499	1646	2475
5	1237	1223	1063	2476
5	1237	1063	1043	2477
5	1340	1196	1126	2478
5	1290	1125	1128	2479
5	1251	1154	1049	2480
5	1309	1154	1251	2481
5	1399	1279	1358	2482
5	1247	1128	1127	2483
5	1292	1288	1121	2484
5	1255	1237	1043	2485
5	1242	1120	1287	2486
5	1242	1241	1065	2487
5	1356	1139	1299	2488
5	1261	1135	1046	2489
5	1244	1136	1047	2490
5	1248	1079	1115	2491
5	1293	1052	1132	2492
5	1307	1150	1245	2493
5	1375	1259	1229	2494
5	1391	1230	1381	2495
5	1304	1146	1145	2496
5	1305	1147	1146	2497
5	1249	1047	1079	2498
5	1249	1244	1047	2499
5	1447	1301	1300	2500
5	1568	1412	1564	2501
5	1315	1167	1250	2502
5	1250	1167	1166	2503
5	1559	1402	1080	2504
5	1426	1274	1396	2505
5	1275	1099	1274	2506
5	1319	1174	1173	2507
5	1419	1109	1267	2508
5	1419	1229	1109	2509
5	1254	1234	1054	2510
5	1254	1054	1088	2511
5	1573	1407	1565	2512
5	1438	1291	1386	2513
5	1379	1042	1266	2514
5	1256	1080	691	2515
5	1257	1251	1049	2516
5	1257	1049	1081	2517
5	1258	1082	1058	2518
5	1258	1058	1057	2519
5	1347	1202	1201	2520
5	1330	1184	1314	2521
5	1518	1227	1368	2522
5	1390	1294	1223	2523
5	1622	1443	1526	2524
5	1358	1101	1106	2525
5	1496	1457	1252	2526
5	1263	1075	1262	2527
5	1312	1206	1161	2528
5	1311	1158	1263	2529
5	1527	1368	1061	2530
5	1687	1512	1513	2531
5	1367	1233	1092	2532
5	1266	1042	849	2533
5	1460	1319	1318	2534
5	1664	1518	1368	2535
5	1415	1221	1056	2536
5	1548	1374	1408	2537
5	1530	1268	1084	2538
5	1268	1083	727	2539
5	1391	1269	1230	2540
5	1300	1140	1269	2541
5	1663	1415	1571	2542
5	1271	1220	1048	2543
5	1447	1300	1392	2544
5	1392	1300	1269	2545
5	1276	1262	1072	2546
5	1640	1494	1493	2547
5	1413	1249	1412	2548
5	1381	1230	1273	2549
5	1275	1070	1099	2550
5	1354	1210	1070	2551
5	1460	1318	1458	2552
5	1355	1252	1211	2553
5	1469	1429	1328	2554
5	1464	1323	1322	2555
5	1428	1232	1378	2556
5	1332	1189	1188	2557
5	1250	1166	1053	2558
5	1455	1311	1263	2559
5	1279	1261	1046	2560
5	1279	1046	1101	2561
5	1281	1055	1108	2562
5	1280	1108	1107	2563
5	1431	1281	1430	2564
5	1572	1419	1267	2565
5	1282	1273	1110	2566
5	1282	1110	1094	2567
5	1296	1123	1295	2568
5	1296	1066	1123	2569
5	1301	1141	1300	2570
5	1242	1085	1120	2571
5	1647	1500	1499	2572
5	1286	1119	1118	2573
5	1444	1297	1244	2574
5	1387	1357	1243	2575
5	1443	1296	1295	2576
5	1380	1287	1286	2577
5	1288	1255	1122	2578
5	1288	1122	1121	2579
5	1723	1688	1417	2580
5	1512	1289	1436	2581
5	1437	1247	1385	2582
5	1341	1197	1196	2583
5	1292	1121	1130	2584
5	1291	1130	1129	2585
5	1390	1223	1389	2586
5	1386	1291	1241	2587
5	1297	1137	1136	2588
5	1625	1437	1534	2589
5	1294	1228	1134	2590
5	1294	1134	1133	2591
5	1437	1290	1247	2592
5	1337	1193	1066	2593
5	1441	1338	1337	2594
5	1338	1193	1337	2595
5	1400	1248	1285	2596
5	1298	1138	1297	2597
5	1450	1245	1293	2598
5	1412	1248	1400	2599
5	1356	1212	1139	2600
5	1299	1139	1076	2601
5	1301	1142	1141	2602
5	1302	1143	1142	2603
5	1392	1269	1391	2604
5	1302	1142	1301	2605
5	1303	1285	1116	2606
5	1303	1143	1302	2607
5	1359	1215	1214	2608
5	1245	1149	1052	2609
5	1502	1448	1240	2610
5	1388	1299	1238	2611
5	1480	1290	1437	2612
5	1306	1148	1305	2613
5	1421	1303	1365	2614
5	1448	1304	1240	2615
5	1444	1244	1413	2616
5	1360	1096	1217	2617
5	1479	1432	1283	2618
5	1308	1153	1152	2619
5	1458	1318	1317	2620
5	1310	1155	1309	2621
5	1311	1160	1159	2622
5	1353	1208	1352	2623
5	1602	1455	1454	2624
5	1493	1352	1312	2625
5	1352	1206	1312	2626
5	1312	1161	1160	2627
5	1314	1164	1278	2628
5	1331	1188	1187	2629
5	1314	1165	1164	2630
5	1331	1187	1186	2631
5	1485	1345	1344	2632
5	1348	1202	1347	2633
5	1322	1074	1178	2634
5	1324	1180	1179	2635
5	1395	1224	1366	2636
5	1396	1274	1226	2637
5	2029	1881	2028	2638
5	1321	1176	1320	2639
5	1466	1325	1324	2640
5	1320	1175	1319	2641
5	1463	1322	1316	2642
5	1426	1275	1274	2643
5	1495	1355	1354	2644
5	1463	1316	1459	2645
5	1454	1263	1262	2646
5	1325	1180	1324	2647
5	1454	1262	1424	2648
5	1326	1181	1325	2649
5	1427	1272	1398	2650
5	1327	1182	1073	2651
5	1398	1272	1329	2652
5	1468	1327	1326	2653
5	1467	1326	1325	2654
5	1327	1073	1326	2655
5	1459	1316	1321	2656
5	1328	1182	1327	2657
5	1603	1457	1536	2658
5	1329	1183	1328	2659
5	1489	1347	1488	2660
5	1618	1471	1615	2661
5	1488	1347	1346	2662
5	1333	1189	1332	2663
5	1468	1326	1467	2664
5	1334	1053	1190	2665
5	1458	1317	1457	2666
5	1467	1325	1466	2667
5	1397	1278	1277	2668
5	1334	1190	1333	2669
5	1627	1477	1621	2670
5	1476	1335	1313	2671
5	1617	1475	1474	2672
5	1490	1349	1348	2673
5	1487	1315	1456	2674
5	1345	1088	1200	2675
5	1407	1294	1390	2676
5	1434	1287	1380	2677
5	1339	1195	1338	2678
5	1339	1111	1195	2679
5	1442	1338	1441	2680
5	1478	1441	1337	2681
5	1341	1238	1197	2682
5	1341	1196	1340	2683
5	1418	1261	1279	2684
5	1791	1645	1790	2685
5	1488	1346	1487	2686
5	1344	1200	1199	2687
5	1456	1315	1250	2688
5	1541	1383	1522	2689
5	1487	1346	1315	2690
5	1483	1343	1342	2691
5	1383	1373	1234	2692
5	1572	1267	1403	2693
5	1473	1332	1331	2694
5	1470	1278	1397	2695
5	1475	1456	1250	2696
5	1350	1204	1349	2697
5	1489	1348	1347	2698
5	1351	1205	1350	2699
5	1657	1549	1640	2700
5	1491	1382	1350	2701
5	1382	1313	1351	2702
5	1482	1336	1477	2703
5	1470	1314	1278	2704
5	1352	1208	1207	2705
5	1472	1330	1471	2706
5	1353	1232	1209	2707
5	1474	1333	1332	2708
5	1474	1334	1333	2709
5	1414	1251	1257	2710
5	1560	1516	1376	2711
5	1414	1257	1394	2712
5	1756	1609	1755	2713
5	1498	1387	1243	2714
5	1575	1377	1418	2715
5	1358	1279	1101	2716
5	1357	1106	1213	2717
5	1440	1385	1306	2718
5	1440	1306	1305	2719
5	1449	1440	1305	2720
5	1360	1217	1216	2721
5	1449	1305	1304	2722
5	1412	1249	1248	2723
5	1393	1256	1044	2724
5	1393	1044	1233	2725
5	1652	853	1504	2726
5	1420	1222	1083	2727
5	1363	1362	1218	2728
5	1363	1218	853	2729
5	1364	1266	849	2730
5	1544	849	685	2731
5	1413	1244	1249	2732
5	1446	1298	1445	2733
5	1545	1264	1361	2734
5	1406	1265	1093	2735
5	1658	1591	1592	2736
5	1544	720	1508	2737
5	1512	1372	1289	2738
5	1417	1260	1228	2739
5	1423	1271	1270	2740
5	1422	1246	1411	2741
5	1409	1231	1384	2742
5	1409	1236	1231	2743
5	1504	853	660	2744
5	1505	746	888	2745
5	1578	1084	1362	2746
5	1372	1124	1289	2747
5	1373	1280	1234	2748
5	1484	1344	1343	2749
5	1581	1423	1580	2750
5	1431	1408	1235	2751
5	1630	1485	1484	2752
5	1630	1484	1629	2753
5	1376	1310	1309	2754
5	1453	1309	1251	2755
5	1377	1295	1261	2756
5	1418	1377	1261	2757
5	1636	1491	1490	2758
5	1494	1352	1493	2759
5	1511	1406	1222	2760
5	1555	1404	1514	2761
5	1433	1284	1432	2762
5	1710	1555	1709	2763
5	1552	1425	1520	2764
5	1872	1727	1845	2765
5	1627	1482	1477	2766
5	1483	1342	1482	2767
5	1477	1335	1476	2768
5	1482	1342	1336	2769
5	1409	1370	1236	2770
5	1552	1381	1425	2771
5	1540	1410	1481	2772
5	1645	1387	1498	2773
5	1435	1242	1434	2774
5	1573	1417	1407	2775
5	1497	1299	1388	2776
5	1788	1543	1703	2777
5	1497	1356	1299	2778
5	1498	1243	1356	2779
5	1587	1434	1525	2780
5	1722	1573	1565	2781
5	1586	1433	1585	2782
5	1417	1228	1407	2783
5	1595	1392	1558	2784
5	1447	1365	1301	2785
5	1843	1670	1842	2786
5	1568	1413	1412	2787
5	1503	1401	1402	2788
5	1852	1707	1528	2789
5	1561	1405	1516	2790
5	1453	1251	1414	2791
5	1395	1394	1239	2792
5	1395	1239	1224	2793
5	1876	1731	1676	2794
5	1457	1317	1252	2795
5	1635	1490	1489	2796
5	1634	1488	1633	2797
5	1424	1262	1276	2798
5	1494	1353	1352	2799
5	1624	1432	1479	2800
5	1418	1279	1399	2801
5	1564	1400	1421	2802
5	1446	1293	1298	2803
5	1844	1689	1559	2804
5	1401	886	1219	2805
5	1402	1401	1219	2806
5	1402	1219	1080	2807
5	1403	1059	1221	2808
5	1801	1667	1548	2809
5	1404	1389	1237	2810
5	1404	1237	1255	2811
5	1405	1396	1226	2812
5	1405	1226	1310	2813
5	1706	1368	1527	2814
5	1665	1363	1652	2815
5	1525	1434	1380	2816
5	1590	1514	1416	2817
5	1408	1374	1225	2818
5	1408	1225	1235	2819
5	1593	1445	1444	2820
5	1596	1365	1447	2821
5	1410	1388	1238	2822
5	1410	1238	1341	2823
5	1571	1415	1253	2824
5	1553	1520	1370	2825
5	1595	1447	1392	2826
5	1569	1444	1413	2827
5	1792	1646	1599	2828
5	1534	1437	1385	2829
5	1608	1463	1607	2830
5	1453	1376	1309	2831
5	1571	1253	1374	2832
5	1576	1221	1415	2833
5	1416	1404	1255	2834
5	1416	1255	1288	2835
5	1556	1389	1555	2836
5	1521	1393	1233	2837
5	1586	1380	1433	2838
5	1767	1591	1658	2839
5	1802	1663	1571	2840
5	1702	1509	1541	2841
5	1668	1578	1362	2842
5	1669	1528	1364	2843
5	1421	1400	1285	2844
5	1421	1285	1303	2845
5	1531	1384	1369	2846
5	1581	1369	1423	2847
5	1579	1422	1411	2848
5	1670	1566	1531	2849
5	1582	1427	1532	2850
5	1538	1428	1378	2851
5	1425	1381	1273	2852
5	1425	1273	1282	2853
5	1536	1457	1496	2854
5	1642	1536	1496	2855
5	1427	1424	1276	2856
5	1427	1276	1272	2857
5	1428	1397	1277	2858
5	1428	1277	1232	2859
5	1429	1398	1329	2860
5	1429	1329	1328	2861
5	1431	1235	1281	2862
5	1430	1281	1280	2863
5	1580	1422	1579	2864
5	1548	1408	1507	2865
5	1433	1286	1284	2866
5	1432	1284	1283	2867
5	1768	1623	1767	2868
5	1770	1625	1672	2869
5	1435	1241	1242	2870
5	1434	1242	1287	2871
5	1555	1389	1404	2872
5	1565	1407	1390	2873
5	1542	1394	1395	2874
5	1565	1390	1556	2875
5	1480	1340	1290	2876
5	1481	1341	1340	2877
5	1439	1288	1292	2878
5	1438	1292	1291	2879
5	1803	1709	1739	2880
5	1738	1589	1673	2881
5	1445	1297	1444	2882
5	1500	1359	1308	2883
5	1442	1339	1338	2884
5	1479	1283	1339	2885
5	1591	1442	1441	2886
5	1479	1339	1442	2887
5	1478	1337	1296	2888
5	1598	1449	1597	2889
5	1445	1298	1297	2890
5	1501	1360	1359	2891
5	1646	1451	1599	2892
5	1499	1307	1451	2893
5	1599	1451	1450	2894
5	1500	1308	1499	2895
5	1580	1423	1422	2896
5	1577	1229	1419	2897
5	1451	1245	1450	2898
5	1499	1308	1307	2899
5	1794	1647	1793	2900
5	1804	1716	1791	2901
5	1451	1307	1245	2902
5	1501	1359	1500	2903
5	1599	1450	1523	2904
5	1543	1410	1540	2905
5	1452	1399	1358	2906
5	1452	1358	1357	2907
5	1676	1516	1656	2908
5	1608	1464	1463	2909
5	1562	1517	1397	2910
5	1455	1263	1454	2911
5	1607	1463	1459	2912
5	1492	1311	1455	2913
5	1471	1314	1470	2914
5	1471	1330	1314	2915
5	1495	1354	1275	2916
5	1496	1252	1355	2917
5	1561	1396	1405	2918
5	1604	1460	1537	2919
5	1461	1319	1460	2920
5	1465	1324	1323	2921
5	1461	1320	1319	2922
5	1462	1321	1320	2923
5	1609	1465	1464	2924
5	1462	1320	1461	2925
5	1607	1459	1606	2926
5	1676	1561	1516	2927
5	1611	1467	1466	2928
5	1613	1469	1468	2929
5	1612	1467	1611	2930
5	1465	1323	1464	2931
5	1610	1466	1465	2932
5	1466	1324	1465	2933
5	1606	1462	1605	2934
5	1469	1327	1468	2935
5	1605	1461	1604	2936
5	1469	1328	1327	2937
5	1537	1460	1458	2938
5	1750	1537	1699	2939
5	1640	1493	1639	2940
5	1757	1611	1610	2941
5	1473	1331	1472	2942
5	1472	1331	1330	2943
5	1615	1470	1517	2944
5	1617	1474	1616	2945
5	1636	1490	1635	2946
5	1474	1332	1473	2947
5	1762	1617	1616	2948
5	1582	1424	1427	2949
5	1475	1334	1474	2950
5	1475	1250	1334	2951
5	1606	1459	1462	2952
5	1605	1462	1461	2953
5	1477	1336	1335	2954
5	1486	1345	1485	2955
5	1751	1605	1604	2956
5	1621	1476	1539	2957
5	2080	1934	2079	2958
5	1585	1433	1432	2959
5	1588	1386	1435	2960
5	1650	1448	1502	2961
5	1481	1410	1341	2962
5	1481	1340	1480	2963
5	1543	1388	1410	2964
5	1648	1501	1500	2965
5	1484	1343	1483	2966
5	1485	1344	1484	2967
5	1629	1483	1628	2968
5	1631	1486	1485	2969
5	1628	1483	1482	2970
5	1486	1254	1345	2971
5	1774	1629	1628	2972
5	1486	1383	1254	2973
5	1780	1636	1635	2974
5	1634	1489	1488	2975
5	1562	1397	1428	2976
5	1490	1348	1489	2977
5	1633	1488	1487	2978
5	1491	1350	1349	2979
5	1633	1487	1632	2980
5	1615	1471	1470	2981
5	1752	1606	1605	2982
5	1491	1349	1490	2983
5	1773	1627	1772	2984
5	1621	1477	1476	2985
5	1760	1614	1613	2986
5	1493	1312	1492	2987
5	1601	1424	1582	2988
5	1494	1378	1353	2989
5	1860	1714	1700	2990
5	1616	1474	1473	2991
5	1570	1414	1394	2992
5	1496	1355	1495	2993
5	1807	1570	1653	2994
5	1786	1583	1731	2995
5	1533	1452	1387	2996
5	1498	1356	1497	2997
5	1645	1533	1387	2998
5	1643	1388	1543	2999
5	1649	1502	1501	3000
5	1502	1240	1360	3001
5	1648	1500	1647	3002
5	1569	1413	1568	3003
5	1558	1392	1391	3004
5	1502	1360	1501	3005
5	1524	1421	1365	3006
5	1564	1421	1524	3007
5	1814	1551	1696	3008
5	1515	1256	1393	3009
5	1519	1371	1227	3010
5	1849	1706	1687	3011
5	1505	1504	660	3012
5	1505	660	746	3013
5	1506	1068	863	3014
5	1506	1042	1379	3015
5	1584	1507	1431	3016
5	1541	1509	1373	3017
5	1809	1508	1662	3018
5	1546	1366	1545	3019
5	1584	1431	1430	3020
5	1509	1430	1373	3021
5	1510	1438	1386	3022
5	1588	1510	1386	3023
5	1685	1379	1529	3024
5	1556	1390	1389	3025
5	1810	1504	1505	3026
5	1687	1372	1512	3027
5	1513	1512	1436	3028
5	2136	1943	1816	3029
5	1590	1439	1589	3030
5	1735	1587	1525	3031
5	1559	1080	1515	3032
5	1689	1402	1559	3033
5	1516	1405	1376	3034
5	1867	1688	1723	3035
5	1997	1852	1669	3036
5	1506	1361	1068	3037
5	1695	1521	1367	3038
5	1691	1515	1393	3039
5	1956	1695	1853	3040
5	1951	1693	1848	3041
5	1520	1425	1370	3042
5	1812	1713	1743	3043
5	1948	1817	1818	3044
5	1578	1530	1084	3045
5	1541	1373	1383	3046
5	1522	1383	1486	3047
5	1523	1450	1446	3048
5	1594	1523	1446	3049
5	1593	1444	1569	3050
5	1564	1412	1400	3051
5	1587	1435	1434	3052
5	1588	1435	1587	3053
5	1526	1443	1377	3054
5	1575	1526	1377	3055
5	1527	932	1124	3056
5	1547	1362	1363	3057
5	1529	1266	1528	3058
5	1529	1379	1266	3059
5	1941	1692	1940	3060
5	1690	1361	1506	3061
5	1698	1420	1530	3062
5	1530	1420	1268	3063
5	1553	1370	1409	3064
5	1566	1384	1531	3065
5	1532	1427	1398	3066
5	1614	1535	1429	3067
5	1563	1399	1452	3068
5	1574	1418	1399	3069
5	1626	1540	1481	3070
5	1643	1497	1388	3071
5	1535	1532	1398	3072
5	1535	1398	1429	3073
5	1583	1396	1561	3074
5	1642	1496	1495	3075
5	1751	1604	1750	3076
5	1901	1756	1900	3077
5	1700	1538	1549	3078
5	1639	1493	1492	3079
5	1539	1476	1382	3080
5	1637	1382	1491	3081
5	1626	1480	1625	3082
5	1644	1498	1497	3083
5	1774	1628	1773	3084
5	1909	1765	1908	3085
5	1560	1376	1453	3086
5	1570	1394	1542	3087
5	1703	1543	1540	3088
5	1788	1643	1543	3089
5	1809	1364	1544	3090
5	1544	1364	849	3091
5	1858	1710	1709	3092
5	1545	1366	1264	3093
5	1817	1704	1705	3094
5	1818	1366	1546	3095
5	1527	1124	1372	3096
5	1819	1521	1695	3097
5	1567	1411	1375	3098
5	1579	1411	1567	3099
5	1549	1538	1378	3100
5	1549	1378	1494	3101
5	1853	1550	1697	3102
5	1691	1393	1521	3103
5	1551	1550	1265	3104
5	1551	1265	1406	3105
5	1557	1391	1381	3106
5	1596	1447	1595	3107
5	1741	1594	1593	3108
5	1659	1552	1520	3109
5	1554	1534	1385	3110
5	1554	1385	1440	3111
5	1735	1525	1680	3112
5	1910	1820	1734	3113
5	1944	1910	1912	3114
5	1799	1573	1722	3115
5	2023	1875	1874	3116
5	1850	1694	1708	3117
5	1712	1557	1711	3118
5	1711	1557	1552	3119
5	1660	1559	1515	3120
5	1691	1660	1515	3121
5	1600	1414	1570	3122
5	1656	1516	1560	3123
5	1583	1426	1396	3124
5	1641	1495	1426	3125
5	1824	1766	1782	3126
5	1900	1755	1899	3127
5	1770	1626	1625	3128
5	1574	1399	1563	3129
5	1822	1567	1721	3130
5	1729	1580	1579	3131
5	1680	1525	1586	3132
5	1736	1588	1587	3133
5	1566	1553	1409	3134
5	1566	1409	1384	3135
5	1720	1569	1568	3136
5	1718	1564	1524	3137
5	1719	1564	1718	3138
5	1594	1446	1445	3139
5	1742	1523	1594	3140
5	1712	1558	1557	3141
5	1600	1453	1414	3142
5	1600	1560	1453	3143
5	1577	1375	1229	3144
5	1701	1522	1681	3145
5	1822	1728	1567	3146
5	1576	1419	1572	3147
5	1688	1436	1417	3148
5	1826	1436	1688	3149
5	1797	1744	1597	3150
5	1575	1418	1574	3151
5	1675	1672	1534	3152
5	1882	1737	1736	3153
5	1576	1572	1403	3154
5	1576	1403	1221	3155
5	1727	1419	1576	3156
5	1667	1571	1374	3157
5	1945	1668	1547	3158
5	1668	1362	1547	3159
5	1775	1630	1629	3160
5	1720	1568	1719	3161
5	1887	1712	1711	3162
5	1581	1531	1369	3163
5	1713	1524	1596	3164
5	1670	1531	1654	3165
5	1601	1454	1424	3166
5	1638	1492	1455	3167
5	1807	1746	1570	3168
5	2072	1927	1876	3169
5	1727	1576	1663	3170
5	1729	1579	1728	3171
5	1623	1442	1591	3172
5	1624	1585	1432	3173
5	1820	1680	1734	3174
5	1930	1790	1789	3175
5	1829	1674	1742	3176
5	1716	1563	1533	3177
5	1830	1722	1565	3178
5	1717	1556	1710	3179
5	1590	1416	1439	3180
5	1589	1439	1438	3181
5	1709	1555	1514	3182
5	1880	1735	1680	3183
5	1623	1479	1442	3184
5	1624	1479	1623	3185
5	1592	1591	1441	3186
5	1592	1441	1478	3187
5	1932	1792	1839	3188
5	1594	1445	1593	3189
5	1793	1646	1792	3190
5	1745	1675	1554	3191
5	2012	1863	1958	3192
5	1596	1524	1365	3193
5	1741	1593	1740	3194
5	2078	1933	1932	3195
5	1598	1440	1449	3196
5	1597	1449	1448	3197
5	1890	1675	1745	3198
5	1724	1563	1716	3199
5	1646	1499	1451	3200
5	1649	1501	1648	3201
5	1876	1676	1800	3202
5	1891	1833	1747	3203
5	1748	1582	1678	3204
5	1602	1454	1601	3205
5	1784	1639	1638	3206
5	1638	1455	1602	3207
5	1603	1537	1458	3208
5	1603	1458	1457	3209
5	1677	1536	1661	3210
5	1612	1468	1467	3211
5	1759	1613	1612	3212
5	1753	1606	1752	3213
5	1758	1612	1611	3214
5	1609	1464	1608	3215
5	1677	1603	1536	3216
5	1610	1465	1609	3217
5	1755	1608	1754	3218
5	1613	1468	1612	3219
5	1785	1639	1784	3220
5	1749	1602	1601	3221
5	1761	1683	1535	3222
5	1611	1466	1610	3223
5	1759	1612	1758	3224
5	1614	1469	1613	3225
5	1755	1609	1608	3226
5	1614	1429	1469	3227
5	1699	1537	1603	3228
5	1841	1657	1785	3229
5	1904	1760	1759	3230
5	1678	1582	1532	3231
5	1619	1616	1473	3232
5	1620	1475	1617	3233
5	1619	1472	1618	3234
5	1632	1456	1620	3235
5	1781	1637	1636	3236
5	1632	1487	1456	3237
5	1619	1473	1472	3238
5	1618	1472	1471	3239
5	1753	1607	1606	3240
5	1715	1517	1562	3241
5	1777	1620	1765	3242
5	1682	1615	1679	3243
5	1775	1629	1774	3244
5	1631	1522	1486	3245
5	1622	1592	1478	3246
5	1622	1478	1443	3247
5	1767	1623	1591	3248
5	1769	1585	1624	3249
5	1768	1624	1623	3250
5	1989	1723	1799	3251
5	1626	1481	1480	3252
5	1625	1480	1437	3253
5	1937	1889	1744	3254
5	1725	1574	1724	3255
5	1702	1541	1701	3256
5	1629	1484	1483	3257
5	1681	1522	1631	3258
5	1921	1781	1780	3259
5	1776	1631	1630	3260
5	1778	1632	1777	3261
5	1772	1621	1766	3262
5	1631	1485	1630	3263
5	1879	1651	1733	3264
5	1732	1509	1702	3265
5	1773	1628	1627	3266
5	1635	1489	1634	3267
5	1682	1618	1615	3268
5	1765	1620	1617	3269
5	2099	1995	1957	3270
5	1637	1491	1636	3271
5	1772	1627	1621	3272
5	1637	1539	1382	3273
5	1779	1635	1634	3274
5	1781	1636	1780	3275
5	1765	1617	1762	3276
5	1777	1632	1620	3277
5	1908	1765	1762	3278
5	1639	1492	1638	3279
5	1679	1615	1517	3280
5	1640	1549	1494	3281
5	1763	1618	1682	3282
5	1700	1549	1657	3283
5	1661	1536	1642	3284
5	1642	1495	1641	3285
5	1699	1603	1677	3286
5	1787	1661	1642	3287
5	1934	1794	1933	3288
5	1644	1497	1643	3289
5	1724	1574	1563	3290
5	1645	1498	1644	3291
5	1832	1771	1770	3292
5	1726	1575	1725	3293
5	1792	1599	1674	3294
5	1796	1649	1795	3295
5	1797	1650	1796	3296
5	1650	1502	1649	3297
5	1931	1791	1790	3298
5	1650	1597	1448	3299
5	1675	1534	1554	3300
5	1711	1552	1659	3301
5	1719	1568	1564	3302
5	1796	1650	1649	3303
5	1651	1548	1507	3304
5	1733	1651	1507	3305
5	1665	1547	1363	3306
5	1652	1363	853	3307
5	1653	1570	1542	3308
5	2093	1857	1983	3309
5	1730	1581	1580	3310
5	1728	1579	1567	3311
5	1655	1546	1545	3312
5	1655	1545	1361	3313
5	1747	1600	1746	3314
5	1747	1560	1600	3315
5	1860	1700	1806	3316
5	1785	1640	1639	3317
5	1726	1671	1526	3318
5	1725	1575	1574	3319
5	1855	1701	1681	3320
5	1694	1520	1553	3321
5	1684	1401	1503	3322
5	2127	1997	1977	3323
5	1731	1561	1676	3324
5	1787	1642	1641	3325
5	1662	1508	886	3326
5	1662	886	1401	3327
5	1802	1571	1667	3328
5	1663	1576	1415	3329
5	1811	1696	1511	3330
5	1707	1529	1528	3331
5	1810	1505	1371	3332
5	1810	1371	1686	3333
5	1666	1658	1592	3334
5	1666	1592	1622	3335
5	1845	1727	1663	3336
5	1721	1567	1375	3337
5	1808	1519	1692	3338
5	1693	1530	1578	3339
5	1690	1655	1361	3340
5	1950	1687	1513	3341
5	1694	1659	1520	3342
5	1708	1566	1670	3343
5	1671	1666	1622	3344
5	1671	1622	1526	3345
5	1672	1625	1534	3346
5	1836	1788	1703	3347
5	1673	1589	1510	3348
5	1737	1673	1510	3349
5	1674	1599	1523	3350
5	1742	1674	1523	3351
5	1745	1598	1744	3352
5	1795	1649	1648	3353
5	1731	1583	1561	3354
5	1786	1641	1583	3355
5	1897	1752	1896	3356
5	1899	1754	1898	3357
5	1748	1601	1582	3358
5	1783	1638	1602	3359
5	1714	1538	1700	3360
5	1715	1679	1517	3361
5	1737	1588	1736	3362
5	1736	1587	1735	3363
5	1701	1541	1522	3364
5	1733	1584	1732	3365
5	1903	1759	1758	3366
5	1897	1753	1752	3367
5	1683	1678	1532	3368
5	1683	1532	1535	3369
5	2152	1977	1809	3370
5	1809	1544	1508	3371
5	1692	1519	1518	3372
5	1951	1854	1693	3373
5	1798	1692	1518	3374
5	1945	1848	1668	3375
5	1706	1664	1368	3376
5	2157	1867	1989	3377
5	1717	1565	1556	3378
5	1710	1556	1555	3379
5	2003	1844	1660	3380
5	1689	1503	1402	3381
5	1690	1506	1379	3382
5	1690	1379	1685	3383
5	1698	1511	1420	3384
5	1695	1367	1550	3385
5	1808	1686	1519	3386
5	1954	1685	1813	3387
5	1696	1551	1406	3388
5	1696	1406	1511	3389
5	1955	1842	1873	3390
5	2026	1651	1879	3391
5	1819	1691	1521	3392
5	1851	1691	1819	3393
5	1811	1511	1698	3394
5	1852	1528	1669	3395
5	2004	1697	1814	3396
5	1697	1550	1551	3397
5	1698	1530	1693	3398
5	1814	1697	1551	3399
5	1750	1604	1537	3400
5	1752	1605	1751	3401
5	1714	1562	1538	3402
5	1715	1562	1714	3403
5	1733	1507	1584	3404
5	1732	1584	1509	3405
5	1856	1701	1855	3406
5	1917	1774	1916	3407
5	1771	1626	1770	3408
5	1871	1671	1726	3409
5	1857	1653	1542	3410
5	1704	1542	1395	3411
5	1705	1704	1395	3412
5	1705	1395	1366	3413
5	1706	1527	1372	3414
5	1706	1372	1687	3415
5	1798	1518	1664	3416
5	1813	1685	1529	3417
5	1708	1694	1553	3418
5	1708	1553	1566	3419
5	1739	1590	1738	3420
5	1739	1514	1590	3421
5	1866	1717	1710	3422
5	2087	1799	1991	3423
5	1743	1595	1712	3424
5	1718	1524	1713	3425
5	1932	1793	1792	3426
5	1712	1595	1558	3427
5	1743	1596	1595	3428
5	1865	1719	1864	3429
5	2056	1909	1908	3430
5	1908	1762	1838	3431
5	1861	1714	1860	3432
5	2053	1906	1905	3433
5	1789	1643	1788	3434
5	1790	1645	1644	3435
5	1799	1723	1573	3436
5	1723	1417	1573	3437
5	2034	1865	2013	3438
5	1740	1593	1569	3439
5	1913	1703	1771	3440
5	1740	1569	1720	3441
5	2196	2050	2195	3442
5	1885	1720	1865	3443
5	1801	1548	1651	3444
5	2007	1855	2006	3445
5	2015	1858	2014	3446
5	1813	1529	1707	3447
5	2088	1513	2016	3448
5	1867	1826	1688	3449
5	1868	1724	1716	3450
5	1726	1526	1575	3451
5	2032	1884	1835	3452
5	2030	1882	2029	3453
5	1870	1726	1725	3454
5	1871	1828	1671	3455
5	1998	1802	1972	3456
5	1727	1577	1419	3457
5	1873	1842	1654	3458
5	1730	1580	1729	3459
5	1823	1659	1694	3460
5	1730	1654	1581	3461
5	2002	1843	2001	3462
5	2160	2001	2089	3463
5	1902	1757	1901	3464
5	1846	1677	1661	3465
5	1877	1732	1702	3466
5	2025	1878	1877	3467
5	1855	1681	1837	3468
5	1845	1663	1802	3469
5	1734	1680	1586	3470
5	1734	1586	1585	3471
5	2028	1880	1964	3472
5	1737	1510	1588	3473
5	1884	1739	1738	3474
5	1883	1835	1673	3475
5	1880	1680	1820	3476
5	1821	1767	1658	3477
5	1739	1709	1514	3478
5	1738	1590	1589	3479
5	1858	1709	1803	3480
5	1830	1565	1717	3481
5	1831	1711	1659	3482
5	1831	1659	1823	3483
5	1874	1729	1728	3484
5	1742	1594	1741	3485
5	1839	1674	1829	3486
5	1743	1713	1596	3487
5	1935	1795	1934	3488
5	1863	1713	1812	3489
5	1745	1554	1598	3490
5	1744	1598	1597	3491
5	1839	1792	1674	3492
5	1933	1793	1932	3493
5	1747	1656	1560	3494
5	1896	1751	1895	3495
5	2016	1513	1826	3496
5	1928	1827	1787	3497
5	1896	1752	1751	3498
5	1749	1601	1748	3499
5	2071	1926	1925	3500
5	1783	1602	1749	3501
5	1895	1750	1894	3502
5	1898	1754	1753	3503
5	1894	1699	1815	3504
5	1754	1608	1607	3505
5	1895	1751	1750	3506
5	1756	1610	1609	3507
5	2240	1866	2100	3508
5	1846	1661	1827	3509
5	1927	1731	1876	3510
5	1757	1610	1756	3511
5	1928	1787	1786	3512
5	1760	1613	1759	3513
5	1892	1748	1678	3514
5	1924	1783	1749	3515
5	1834	1678	1683	3516
5	1758	1611	1757	3517
5	1905	1761	1760	3518
5	1761	1614	1760	3519
5	1902	1758	1757	3520
5	1761	1535	1614	3521
5	1898	1753	1897	3522
5	1894	1750	1699	3523
5	2090	2040	1962	3524
5	1841	1806	1657	3525
5	1764	1619	1763	3526
5	1764	1616	1619	3527
5	1764	1762	1616	3528
5	1763	1619	1618	3529
5	1906	1834	1683	3530
5	2009	1860	1963	3531
5	1838	1762	1764	3532
5	1779	1634	1633	3533
5	1766	1621	1539	3534
5	1782	1637	1781	3535
5	1964	1880	1820	3536
5	1769	1624	1768	3537
5	2170	2020	2169	3538
5	1769	1734	1585	3539
5	1805	1658	1666	3540
5	1821	1658	1805	3541
5	1771	1540	1626	3542
5	1771	1703	1540	3543
5	1966	1840	1890	3544
5	1937	1797	1936	3545
5	1918	1775	1917	3546
5	1914	1766	1824	3547
5	1856	1702	1701	3548
5	1776	1630	1775	3549
5	2063	1918	2062	3550
5	2059	1915	1914	3551
5	2197	2052	2051	3552
5	1776	1681	1631	3553
5	2064	1968	1919	3554
5	1919	1777	1909	3555
5	1778	1633	1632	3556
5	1779	1633	1778	3557
5	1922	1778	1919	3558
5	1837	1681	1776	3559
5	1782	1766	1539	3560
5	1780	1635	1779	3561
5	1918	1837	1776	3562
5	1782	1539	1637	3563
5	1907	1763	1825	3564
5	2059	1914	1967	3565
5	1878	1732	1877	3566
5	1914	1772	1766	3567
5	1926	1785	1784	3568
5	1784	1638	1783	3569
5	1825	1763	1682	3570
5	1785	1657	1640	3571
5	1862	1847	1679	3572
5	1920	1780	1779	3573
5	2072	1876	1946	3574
5	1787	1641	1786	3575
5	2093	2008	1857	3576
5	2133	1983	1817	3577
5	1789	1644	1643	3578
5	1791	1533	1645	3579
5	1869	1724	1868	3580
5	1790	1644	1789	3581
5	1911	1767	1821	3582
5	1791	1716	1533	3583
5	1884	1738	1835	3584
5	1868	1716	1804	3585
5	1793	1647	1646	3586
5	1794	1648	1647	3587
5	1929	1788	1836	3588
5	1832	1672	1840	3589
5	1864	1718	1863	3590
5	1795	1648	1794	3591
5	2082	1937	1936	3592
5	1797	1597	1650	3593
5	2081	1936	1935	3594
5	1865	1720	1719	3595
5	1863	1718	1713	3596
5	1840	1672	1675	3597
5	1954	1690	1685	3598
5	1816	1655	1690	3599
5	1866	1710	1858	3600
5	1835	1738	1673	3601
5	1800	1676	1656	3602
5	2193	2047	2192	3603
5	1873	1654	1730	3604
5	2174	2027	2025	3605
5	1972	1802	1667	3606
5	2095	1969	2036	3607
5	1884	1803	1739	3608
5	2033	2014	1803	3609
5	2228	2101	2110	3610
5	1929	1789	1788	3611
5	1985	1821	1960	3612
5	2096	1944	1959	3613
5	1806	1700	1657	3614
5	1988	1957	1825	3615
5	1891	1747	1746	3616
5	2074	1827	1928	3617
5	1854	1698	1693	3618
5	1854	1811	1698	3619
5	1977	1669	1809	3620
5	1809	1669	1364	3621
5	1978	1810	1686	3622
5	2147	1810	1978	3623
5	1942	1811	1854	3624
5	1979	1696	1811	3625
5	1888	1743	1712	3626
5	1842	1670	1654	3627
5	2128	1814	1979	3628
5	1853	1695	1550	3629
5	2416	2244	2415	3630
5	1982	1547	1665	3631
5	1815	1699	1677	3632
5	1827	1661	1787	3633
5	1952	1686	1808	3634
5	1984	1503	1939	3635
5	2084	1717	1866	3636
5	1857	1542	1704	3637
5	1818	1817	1705	3638
5	1818	1705	1366	3639
5	1939	1689	1844	3640
5	1844	1559	1660	3641
5	2316	2175	2121	3642
5	1911	1768	1767	3643
5	1910	1734	1769	3644
5	2169	2019	2168	3645
5	1879	1733	1878	3646
5	1998	1845	1802	3647
5	1888	1712	1887	3648
5	1887	1711	1831	3649
5	1923	1782	1781	3650
5	1923	1781	1921	3651
5	1995	1907	1957	3652
5	2345	2207	2206	3653
5	1989	1867	1723	3654
5	1826	1513	1436	3655
5	1846	1815	1677	3656
5	1990	1815	1846	3657
5	1828	1805	1666	3658
5	1828	1666	1671	3659
5	1886	1741	1740	3660
5	1885	1740	1720	3661
5	2084	1830	1717	3662
5	1991	1722	1830	3663
5	2301	2155	2173	3664
5	2026	1801	1651	3665
5	2168	2018	2091	3666
5	1931	1790	1930	3667
5	1833	1800	1656	3668
5	1833	1656	1747	3669
5	2050	1902	2049	3670
5	1892	1678	1834	3671
5	1881	1735	1880	3672
5	1881	1736	1735	3673
5	1832	1770	1672	3674
5	1974	1965	1804	3675
5	1915	1772	1914	3676
5	1916	1774	1773	3677
5	2068	1921	2065	3678
5	1909	1777	1765	3679
5	1936	1797	1796	3680
5	2078	1932	1938	3681
5	1890	1745	1889	3682
5	1935	1796	1795	3683
5	1893	1748	1892	3684
5	1925	1784	1783	3685
5	1843	1708	1670	3686
5	1850	1823	1694	3687
5	2037	1887	1831	3688
5	1850	1708	1843	3689
5	2131	1854	1951	3690
5	1939	1503	1689	3691
5	1987	1874	1728	3692
5	1872	1577	1727	3693
5	2044	1897	1896	3694
5	2047	1900	1899	3695
5	1847	1825	1682	3696
5	1847	1682	1679	3697
5	1848	1693	1578	3698
5	1848	1578	1668	3699
5	2041	1815	1990	3700
5	2295	2148	1980	3701
5	2182	2035	2181	3702
5	2001	1842	1955	3703
5	2305	2127	2152	3704
5	1851	1660	1691	3705
5	1979	1811	1942	3706
5	1979	1814	1696	3707
5	2104	1956	1853	3708
5	2105	1851	2005	3709
5	1941	1808	1692	3710
5	1943	1655	1816	3711
5	1972	1667	1801	3712
5	1877	1702	1856	3713
5	2371	2265	2425	3714
5	2025	1877	1961	3715
5	2151	1746	1807	3716
5	2106	1971	1891	3717
5	1940	1692	1798	3718
5	2270	1989	2087	3719
5	1859	1829	1742	3720
5	1859	1742	1741	3721
5	1861	1715	1714	3722
5	1862	1679	1715	3723
5	2069	1893	2040	3724
5	1862	1715	1861	3725
5	2165	2163	2011	3726
5	2349	2123	2236	3727
5	1864	1719	1718	3728
5	1886	1740	1885	3729
5	2287	2160	2286	3730
5	1969	1829	1859	3731
5	2114	2078	1938	3732
5	1886	1859	1741	3733
5	2031	1835	1883	3734
5	2015	1866	1858	3735
5	2135	1953	2086	3736
5	1950	1849	1687	3737
5	1869	1725	1724	3738
5	1870	1725	1869	3739
5	2225	2080	2224	3740
5	2020	1871	1870	3741
5	2175	2028	2121	3742
5	1871	1726	1870	3743
5	1975	1960	1805	3744
5	2058	1993	1913	3745
5	2022	1872	1999	3746
5	1872	1721	1577	3747
5	1875	1729	1874	3748
5	2116	2012	1958	3749
5	1875	1730	1729	3750
5	1875	1873	1730	3751
5	1992	1831	1823	3752
5	2001	1843	1842	3753
5	1927	1786	1731	3754
5	1928	1786	1927	3755
5	1878	1733	1732	3756
5	1999	1872	1845	3757
5	2006	1855	1837	3758
5	2234	1987	2145	3759
5	2055	1838	1995	3760
5	1987	1728	1822	3761
5	1883	1737	1882	3762
5	1882	1736	1881	3763
5	1974	1804	1931	3764
5	1883	1673	1737	3765
5	2299	2154	2153	3766
5	2360	2223	2282	3767
5	1975	1805	1828	3768
5	1986	1910	1944	3769
5	2141	1986	2098	3770
5	2029	1882	1881	3771
5	2108	1958	1973	3772
5	2012	1864	1863	3773
5	2204	2058	2203	3774
5	2222	2077	2076	3775
5	1995	1838	1907	3776
5	1888	1812	1743	3777
5	2160	2002	2001	3778
5	2116	1958	2108	3779
5	1890	1840	1675	3780
5	1889	1745	1744	3781
5	2076	1929	2075	3782
5	1993	1836	1913	3783
5	2179	2033	2113	3784
5	2245	2151	2008	3785
5	1893	1749	1748	3786
5	1926	1784	1925	3787
5	1988	1825	1847	3788
5	1924	1749	1893	3789
5	2043	1895	2042	3790
5	2042	1894	2041	3791
5	2049	1901	2048	3792
5	1900	1756	1755	3793
5	2047	1899	2046	3794
5	2073	1927	2072	3795
5	2119	1990	2000	3796
5	1901	1757	1756	3797
5	2073	1928	1927	3798
5	1905	1760	1904	3799
5	2041	1894	1815	3800
5	2043	1896	1895	3801
5	2042	1895	1894	3802
5	1903	1758	1902	3803
5	2052	1905	1904	3804
5	1904	1759	1903	3805
5	2048	1900	2047	3806
5	2045	1897	2044	3807
5	2045	1898	1897	3808
5	1906	1761	1905	3809
5	2215	2124	2071	3810
5	1906	1683	1761	3811
5	2192	2047	2046	3812
5	2009	1861	1860	3813
5	2194	2049	2048	3814
5	2040	1892	1962	3815
5	1907	1838	1764	3816
5	1907	1764	1763	3817
5	1921	1780	1920	3818
5	1919	1778	1777	3819
5	2011	1847	1862	3820
5	2342	2201	2260	3821
5	1912	1768	1911	3822
5	2280	2015	2178	3823
5	1912	1769	1768	3824
5	1912	1910	1769	3825
5	1913	1836	1703	3826
5	1913	1771	1832	3827
5	2018	1869	1868	3828
5	1965	1868	1804	3829
5	1915	1773	1772	3830
5	1917	1775	1774	3831
5	2122	2059	1967	3832
5	1916	1773	1915	3833
5	2208	2063	2062	3834
5	1918	1776	1775	3835
5	2007	1961	1856	3836
5	2007	1856	1855	3837
5	2064	1919	1909	3838
5	2062	1917	2061	3839
5	2050	1903	1902	3840
5	1963	1860	1806	3841
5	1968	1922	1919	3842
5	2063	2006	1837	3843
5	2211	2107	2065	3844
5	1923	1824	1782	3845
5	1922	1920	1779	3846
5	1922	1779	1778	3847
5	2066	1922	1968	3848
5	2207	2061	2206	3849
5	2040	1893	1892	3850
5	1925	1783	1924	3851
5	2213	2069	2040	3852
5	1926	1841	1785	3853
5	2051	1904	1903	3854
5	2044	1896	2043	3855
5	2046	1899	1898	3856
5	2049	1902	1901	3857
5	2117	1946	1970	3858
5	2028	1881	1880	3859
5	2079	1933	2078	3860
5	1930	1789	1929	3861
5	2058	1832	2057	3862
5	1931	1804	1791	3863
5	2057	1840	1966	3864
5	2283	2115	2142	3865
5	1933	1794	1793	3866
5	1934	1795	1794	3867
5	2238	2114	2125	3868
5	1936	1796	1935	3869
5	2077	1930	2076	3870
5	2081	1935	2080	3871
5	2035	1885	2034	3872
5	1937	1744	1797	3873
5	2111	2057	1966	3874
5	2037	1831	1992	3875
5	2036	1859	1886	3876
5	1969	1947	1829	3877
5	1938	1932	1839	3878
5	2126	1969	2095	3879
5	2146	1852	1997	3880
5	2152	1662	1684	3881
5	1943	1546	1655	3882
5	2239	2085	2129	3883
5	2245	2008	2093	3884
5	2128	2004	1814	3885
5	1956	1819	1695	3886
5	2104	2005	1956	3887
5	2129	1546	1943	3888
5	1991	1799	1722	3889
5	1985	1959	1911	3890
5	2224	2079	2223	3891
5	2131	1942	1854	3892
5	2132	1848	1945	3893
5	1946	1876	1800	3894
5	1983	1857	1704	3895
5	1947	1938	1839	3896
5	1947	1839	1829	3897
5	2241	2093	1983	3898
5	1983	1704	1817	3899
5	1949	1948	1818	3900
5	1949	1818	1546	3901
5	2086	1849	1950	3902
5	1953	1706	1849	3903
5	2293	2097	1940	3904
5	2134	1808	1941	3905
5	2149	1978	1952	3906
5	1978	1686	1952	3907
5	2135	1940	1798	3908
5	1953	1798	1664	3909
5	2550	2304	2380	3910
5	1954	1816	1690	3911
5	2024	1875	2023	3912
5	2024	1873	1875	3913
5	2103	1844	2003	3914
5	2097	1941	1940	3915
5	1957	1907	1825	3916
5	2243	2138	2163	3917
5	1958	1863	1812	3918
5	2038	1888	1887	3919
5	1959	1944	1912	3920
5	1959	1912	1911	3921
5	1985	1911	1821	3922
5	1960	1821	1805	3923
5	1961	1877	1856	3924
5	2144	2026	1879	3925
5	1962	1892	1834	3926
5	2054	1962	1834	3927
5	2199	2053	2198	3928
5	2070	1925	1924	3929
5	2177	2030	2176	3930
5	2112	2032	2031	3931
5	2021	1975	1828	3932
5	2018	1868	1965	3933
5	2220	1993	2204	3934
5	2083	1937	2082	3935
5	1967	1914	1824	3936
5	2208	2062	2207	3937
5	2065	1921	1920	3938
5	2067	1824	1923	3939
5	2013	1864	2012	3940
5	2035	1886	1885	3941
5	1970	1946	1800	3942
5	1970	1800	1833	3943
5	1971	1970	1833	3944
5	1971	1833	1891	3945
5	2144	1879	2027	3946
5	2145	1987	1822	3947
5	1973	1958	1812	3948
5	1973	1812	1888	3949
5	2075	1836	1993	3950
5	2076	1930	1929	3951
5	2019	1869	2018	3952
5	2019	1870	1869	3953
5	1976	1963	1806	3954
5	1976	1806	1841	3955
5	1997	1669	1977	3956
5	2244	2127	2229	3957
5	1982	1945	1547	3958
5	2150	1945	1982	3959
5	2005	1851	1819	3960
5	2004	1853	1697	3961
5	2148	2136	1954	3962
5	1980	1813	1707	3963
5	1981	1980	1707	3964
5	1981	1707	1852	3965
5	2296	2289	2149	3966
5	2134	1952	1808	3967
5	2379	2167	2233	3968
5	2008	1653	1857	3969
5	2152	1684	1984	3970
5	1984	1684	1503	3971
5	2220	2075	1993	3972
5	2221	2076	2075	3973
5	1986	1964	1820	3974
5	1986	1820	1910	3975
5	2185	2108	1973	3976
5	2375	2370	2262	3977
5	2010	1861	2009	3978
5	2010	1862	1861	3979
5	2217	2072	1946	3980
5	2157	2017	1867	3981
5	2074	1928	2073	3982
5	2217	1946	2117	3983
5	2113	2032	2112	3984
5	2008	1807	1653	3985
5	2038	1973	1888	3986
5	2038	1887	2037	3987
5	2075	1929	1836	3988
5	2077	1931	1930	3989
5	1994	1976	1841	3990
5	1994	1841	1926	3991
5	2055	1908	1838	3992
5	2064	1909	2056	3993
5	1996	1992	1823	3994
5	1996	1823	1850	3995
5	2103	1939	1844	3996
5	2003	1660	1851	3997
5	2022	1822	1721	3998
5	1999	1845	1998	3999
5	2172	1999	2159	4000
5	2022	1721	1872	4001
5	2000	1990	1846	4002
5	2000	1846	1827	4003
5	2002	1850	1843	4004
5	2002	1996	1850	4005
5	2320	2166	2310	4006
5	2161	2102	1996	4007
5	2128	1979	1942	4008
5	2005	1819	1956	4009
5	2369	1941	2097	4010
5	2147	1652	1810	4011
5	2105	2003	1851	4012
5	2684	2517	2518	4013
5	2060	1915	2059	4014
5	2061	1917	1916	4015
5	2212	2068	2107	4016
5	2422	2260	2276	4017
5	2249	2087	1991	4018
5	2084	1991	1830	4019
5	2202	2055	2201	4020
5	2011	1862	2010	4021
5	2213	2040	2090	4022
5	2011	1988	1847	4023
5	2092	2009	1963	4024
5	2371	2308	2250	4025
5	2013	1865	1864	4026
5	2034	1885	1865	4027
5	2185	1973	2038	4028
5	2036	1886	2035	4029
5	2100	1866	2015	4030
5	2014	1858	1803	4031
5	2033	1884	2032	4032
5	2240	2084	1866	4033
5	2136	1816	1954	4034
5	2135	1798	1953	4035
5	2017	2016	1826	4036
5	2017	1826	1867	4037
5	2021	1871	2020	4038
5	2020	1870	2019	4039
5	2154	1959	1985	4040
5	2021	1828	1871	4041
5	2098	1944	2096	4042
5	2121	2028	1964	4043
5	2450	2311	2372	4044
5	2203	2057	2111	4045
5	2109	1801	2026	4046
5	2109	1972	1801	4047
5	2027	1878	2025	4048
5	2024	1955	1873	4049
5	2102	1992	1996	4050
5	2324	2184	2183	4051
5	2314	2246	2172	4052
5	2253	1972	2109	4053
5	2159	1999	1998	4054
5	2027	1879	1878	4055
5	2166	2012	2116	4056
5	2183	2037	1992	4057
5	2031	1883	2030	4058
5	2030	1883	1882	4059
5	2153	1960	2130	4060
5	2171	1975	2021	4061
5	2168	2019	2018	4062
5	2032	1835	2031	4063
5	2098	1986	1944	4064
5	2255	2113	2254	4065
5	2033	1803	1884	4066
5	2268	2141	2098	4067
5	2176	2029	2175	4068
5	2176	2030	2029	4069
5	2373	2256	2283	4070
5	2363	2226	2362	4071
5	2273	2228	2110	4072
5	2036	1969	1859	4073
5	2362	2225	2361	4074
5	2223	2078	2114	4075
5	2156	2023	1874	4076
5	2205	2060	2059	4077
5	2374	2263	2350	4078
5	2856	2731	2765	4079
5	2039	1966	1890	4080
5	2039	1890	1889	4081
5	2069	1924	1893	4082
5	2071	1925	2070	4083
5	2188	2042	2187	4084
5	2189	2043	2188	4085
5	2186	1990	2119	4086
5	2046	1898	2045	4087
5	2190	2045	2044	4088
5	2336	2195	2194	4089
5	2218	2072	2217	4090
5	2048	1901	1900	4091
5	2186	2041	1990	4092
5	2195	2049	2194	4093
5	2187	2041	2186	4094
5	2053	1905	2052	4095
5	2187	2042	2041	4096
5	2188	2043	2042	4097
5	2190	2044	2189	4098
5	2051	1903	2050	4099
5	2199	2054	2053	4100
5	2052	1904	2051	4101
5	2198	2052	2197	4102
5	2192	2046	2191	4103
5	2189	2044	2043	4104
5	2054	1906	2053	4105
5	2196	2051	2050	4106
5	2054	1834	1906	4107
5	2140	2092	1963	4108
5	2352	2213	2351	4109
5	2164	2009	2092	4110
5	2164	2010	2009	4111
5	2210	2064	2056	4112
5	2056	1908	2055	4113
5	2236	2123	2200	4114
5	2165	2010	2164	4115
5	2058	1913	1832	4116
5	2057	1832	1840	4117
5	2115	1966	2039	4118
5	2223	2079	2078	4119
5	2060	1916	1915	4120
5	2063	1837	1918	4121
5	2062	1918	1917	4122
5	2061	1916	2060	4123
5	2303	2094	2262	4124
5	2346	2207	2345	4125
5	2285	2143	2261	4126
5	2139	1961	2007	4127
5	2139	2094	1961	4128
5	2205	2059	2122	4129
5	2201	1995	2099	4130
5	2206	2060	2205	4131
5	2285	2122	2143	4132
5	2067	1967	1824	4133
5	2066	2065	1920	4134
5	2066	1920	1922	4135
5	2107	2068	2065	4136
5	2201	2055	1995	4137
5	2068	2067	1923	4138
5	2068	1923	1921	4139
5	2090	2054	2199	4140
5	2070	1924	2069	4141
5	2419	2144	2315	4142
5	2071	1994	1926	4143
5	2448	2308	2371	4144
5	2475	2336	2474	4145
5	2191	2045	2190	4146
5	2074	2000	1827	4147
5	2219	2073	2218	4148
5	2266	1971	2106	4149
5	2331	2189	2330	4150
5	2194	2048	2193	4151
5	2299	2153	2298	4152
5	2627	2494	2502	4153
5	2171	2130	1975	4154
5	2077	1974	1931	4155
5	2377	2274	2300	4156
5	2298	2153	2130	4157
5	2079	1934	1933	4158
5	2080	1935	1934	4159
5	2180	2034	2013	4160
5	2083	1889	1937	4161
5	2183	1992	2102	4162
5	2166	2013	2012	4163
5	2115	2111	1966	4164
5	2082	1936	2081	4165
5	2227	2142	2083	4166
5	2083	2039	1889	4167
5	2343	2203	2111	4168
5	2226	2081	2225	4169
5	2085	1948	1949	4170
5	2086	1953	1849	4171
5	2270	2157	1989	4172
5	2087	1989	1799	4173
5	2167	2088	2016	4174
5	2369	2134	1941	4175
5	2151	1807	2008	4176
5	2133	1817	1948	4177
5	2386	2135	2086	4178
5	2088	1950	1513	4179
5	2089	2001	1955	4180
5	2155	2089	1955	4181
5	2330	2188	2329	4182
5	2337	2196	2195	4183
5	2091	2018	1965	4184
5	2237	2130	2171	4185
5	2140	1976	2120	4186
5	2215	2071	2070	4187
5	2271	2086	1950	4188
5	2429	2271	2304	4189
5	2094	2025	1961	4190
5	2478	2272	2339	4191
5	2182	2036	2035	4192
5	2181	2035	2034	4193
5	2154	2096	1959	4194
5	2130	1960	1975	4195
5	2167	2016	2017	4196
5	2148	1813	1980	4197
5	2275	2141	2268	4198
5	2496	2361	2360	4199
5	2696	2564	2520	4200
5	2341	2200	2210	4201
5	2178	2015	2014	4202
5	2555	2432	2280	4203
5	2101	2091	1965	4204
5	2101	1965	1974	4205
5	2161	2002	2160	4206
5	2324	2183	2251	4207
5	2388	2148	2295	4208
5	2278	2003	2105	4209
5	2384	2105	2277	4210
5	2104	1853	2004	4211
5	2152	1809	1662	4212
5	2158	1939	2103	4213
5	2113	2033	2032	4214
5	2279	2119	2216	4215
5	2211	2066	2123	4216
5	2202	2056	2055	4217
5	2184	2037	2183	4218
5	2306	2102	2161	4219
5	2314	2159	2253	4220
5	2145	1822	2022	4221
5	2110	2101	1974	4222
5	2110	1974	2077	4223
5	2203	2058	2057	4224
5	2204	1993	2058	4225
5	2280	2100	2015	4226
5	2318	2254	2112	4227
5	2255	2179	2113	4228
5	2266	2118	1971	4229
5	2226	2082	2081	4230
5	2282	2114	2238	4231
5	2273	2110	2222	4232
5	2256	2111	2115	4233
5	2180	2013	2166	4234
5	2181	2034	2180	4235
5	2317	2175	2316	4236
5	2457	2319	2385	4237
5	2118	2117	1970	4238
5	2118	1970	1971	4239
5	2219	2074	2073	4240
5	2334	2193	2192	4241
5	2140	1963	1976	4242
5	2120	1976	1994	4243
5	2175	2029	2028	4244
5	2177	2031	2030	4245
5	2462	2324	2398	4246
5	2345	2205	2230	4247
5	2211	2065	2066	4248
5	2123	2066	1968	4249
5	2124	2120	1994	4250
5	2124	1994	2071	4251
5	2125	2114	1938	4252
5	2125	1938	1947	4253
5	2126	2125	1947	4254
5	2126	1947	1969	4255
5	2303	2174	2094	4256
5	2383	2277	2104	4257
5	2296	2149	2290	4258
5	2277	2005	2104	4259
5	2129	2085	1949	4260
5	2129	1949	1546	4261
5	2153	1985	1960	4262
5	2154	1985	2153	4263
5	2289	2147	2149	4264
5	2290	2149	1952	4265
5	2291	2131	1951	4266
5	2132	1951	1848	4267
5	2292	2133	1948	4268
5	2249	1991	2084	4269
5	2150	2132	1945	4270
5	2149	2147	1978	4271
5	2386	2086	2378	4272
5	2417	2383	2247	4273
5	2518	2388	2295	4274
5	2504	2408	2409	4275
5	2148	1954	1813	4276
5	2137	1980	1981	4277
5	2138	2099	1957	4278
5	2138	1957	1988	4279
5	2209	2006	2063	4280
5	2207	2062	2061	4281
5	2338	2197	2196	4282
5	2340	2199	2272	4283
5	2141	2121	1964	4284
5	2141	1964	1986	4285
5	2142	2115	2039	4286
5	2142	2039	2083	4287
5	2143	2122	1967	4288
5	2143	1967	2067	4289
5	2174	2025	2094	4290
5	2155	1955	2024	4291
5	2156	1874	1987	4292
5	2172	2022	1999	4293
5	2416	2137	1981	4294
5	2146	1981	1852	4295
5	2147	1982	1665	4296
5	2147	1665	1652	4297
5	2295	1980	2137	4298
5	2652	2544	2387	4299
5	2417	2248	2391	4300
5	2247	2104	2004	4301
5	2391	2248	2128	4302
5	2291	1951	2132	4303
5	2297	1891	2151	4304
5	2151	1891	1746	4305
5	2158	1984	1939	4306
5	2152	2127	1977	4307
5	2267	2101	2228	4308
5	2317	2176	2175	4309
5	2298	2130	2237	4310
5	2311	2169	2168	4311
5	2368	2258	2156	4312
5	2262	2094	2139	4313
5	2345	2206	2205	4314
5	2234	2156	1987	4315
5	2242	1943	2136	4316
5	2271	1950	2088	4317
5	2305	1984	2158	4318
5	2305	2152	1984	4319
5	2172	2145	2022	4320
5	2723	2453	2540	4321
5	2161	1996	2002	4322
5	2320	2180	2166	4323
5	2277	2105	2005	4324
5	2288	2128	1942	4325
5	2162	2139	2007	4326
5	2162	2007	2006	4327
5	2163	2138	1988	4328
5	2163	1988	2011	4329
5	2165	2011	2010	4330
5	2422	2276	2394	4331
5	2335	2193	2334	4332
5	2307	2163	2165	4333
5	2310	2116	2309	4334
5	2449	2322	2320	4335
5	2438	2241	2133	4336
5	2292	1948	2085	4337
5	2169	2020	2019	4338
5	2170	2021	2020	4339
5	2644	2585	2511	4340
5	2316	2121	2275	4341
5	2358	2221	2220	4342
5	2171	2021	2170	4343
5	2358	2220	2357	4344
5	2360	2224	2223	4345
5	2314	2172	2159	4346
5	2252	2026	2144	4347
5	2173	2155	2024	4348
5	2173	2024	2023	4349
5	2258	2023	2156	4350
5	2433	2261	2423	4351
5	2411	2228	2273	4352
5	2443	2298	2396	4353
5	2318	2112	2177	4354
5	2275	2121	2141	4355
5	2319	2176	2317	4356
5	2177	2112	2031	4357
5	2284	2179	2255	4358
5	2505	2266	2397	4359
5	2179	2178	2014	4360
5	2179	2014	2033	4361
5	2326	2108	2185	4362
5	2364	2283	2142	4363
5	2418	2398	2251	4364
5	2182	2095	2036	4365
5	2322	2180	2320	4366
5	2325	2184	2324	4367
5	2184	2038	2037	4368
5	2185	2038	2184	4369
5	2462	2325	2324	4370
5	2309	2116	2108	4371
5	2326	2309	2108	4372
5	2446	2286	2435	4373
5	2330	2189	2188	4374
5	2329	2187	2328	4375
5	2475	2337	2336	4376
5	2193	2048	2047	4377
5	2430	2275	2268	4378
5	2441	2397	2106	4379
5	2327	2186	2119	4380
5	2191	2046	2045	4381
5	2336	2194	2335	4382
5	2334	2192	2333	4383
5	2328	2187	2186	4384
5	2329	2188	2187	4385
5	2331	2190	2189	4386
5	2197	2051	2196	4387
5	2351	2090	2340	4388
5	2195	2050	2049	4389
5	2272	2199	2198	4390
5	2339	2198	2197	4391
5	2339	2197	2338	4392
5	2198	2053	2052	4393
5	2337	2195	2336	4394
5	2332	2191	2190	4395
5	2352	2214	2213	4396
5	2090	1962	2054	4397
5	2404	2259	2376	4398
5	2214	2070	2069	4399
5	2484	2403	2341	4400
5	2250	2164	2092	4401
5	2200	2123	1968	4402
5	2200	1968	2064	4403
5	2260	2201	2099	4404
5	2210	2056	2202	4405
5	2341	2236	2200	4406
5	2210	2200	2064	4407
5	2498	2363	2362	4408
5	2221	2075	2220	4409
5	2480	2344	2343	4410
5	2222	2110	2077	4411
5	2206	2061	2060	4412
5	2209	2063	2208	4413
5	2424	2173	2258	4414
5	2287	2161	2160	4415
5	2615	2481	2506	4416
5	2209	2162	2006	4417
5	2231	2139	2162	4418
5	2485	2350	2349	4419
5	2483	2348	2342	4420
5	2350	2211	2349	4421
5	2448	2307	2308	4422
5	2276	2138	2243	4423
5	2342	2202	2201	4424
5	2556	2402	2482	4425
5	2212	2143	2067	4426
5	2212	2067	2068	4427
5	2259	2120	2124	4428
5	2214	2069	2213	4429
5	2352	2264	2215	4430
5	2215	2070	2214	4431
5	2508	2376	2488	4432
5	2332	2190	2331	4433
5	2216	2119	2000	4434
5	2216	2000	2074	4435
5	2218	2073	2072	4436
5	2327	2119	2279	4437
5	2766	2644	2694	4438
5	2355	2216	2219	4439
5	2328	2186	2327	4440
5	2219	2216	2074	4441
5	2497	2362	2361	4442
5	2421	2255	2254	4443
5	2311	2168	2235	4444
5	2222	2076	2221	4445
5	2235	2168	2091	4446
5	2412	2235	2267	4447
5	2224	2080	2079	4448
5	2225	2081	2080	4449
5	2357	2204	2344	4450
5	2227	2083	2082	4451
5	2633	2500	2499	4452
5	2322	2181	2180	4453
5	2460	2323	2322	4454
5	2227	2082	2226	4455
5	2458	2310	2309	4456
5	2282	2223	2114	4457
5	2359	2222	2221	4458
5	2555	2178	2284	4459
5	2244	1997	2127	4460
5	2244	2146	1997	4461
5	2230	2205	2122	4462
5	2285	2230	2122	4463
5	2347	2209	2208	4464
5	2401	2375	2231	4465
5	2232	2231	2162	4466
5	2232	2162	2209	4467
5	2233	2167	2017	4468
5	2233	2017	2157	4469
5	2252	2109	2026	4470
5	2258	2173	2023	4471
5	2585	2450	2511	4472
5	2451	2312	2450	4473
5	2261	2143	2212	4474
5	2400	2345	2230	4475
5	2312	2169	2311	4476
5	2312	2170	2169	4477
5	2321	2269	2095	4478
5	2461	2321	2323	4479
5	2293	1940	2135	4480
5	2241	1983	2133	4481
5	2249	2084	2240	4482
5	2567	2428	2270	4483
5	2678	2389	2503	4484
5	2297	2106	1891	4485
5	2242	2239	2129	4486
5	2242	2129	1943	4487
5	2485	2349	2382	4488
5	2265	2092	2140	4489
5	2431	2229	2158	4490
5	2416	2146	2244	4491
5	2365	2292	2085	4492
5	2544	2097	2387	4493
5	2246	2234	2145	4494
5	2246	2145	2172	4495
5	2288	1942	2131	4496
5	2416	1981	2146	4497
5	2248	2247	2004	4498
5	2248	2004	2128	4499
5	2378	2086	2271	4500
5	2353	2117	2281	4501
5	2307	2243	2163	4502
5	2308	2164	2250	4503
5	2251	2183	2102	4504
5	2598	2462	2512	4505
5	2419	2252	2144	4506
5	2262	2139	2231	4507
5	2355	2279	2216	4508
5	2420	2279	2355	4509
5	2354	2217	2353	4510
5	2254	2113	2112	4511
5	2675	2510	2405	4512
5	2284	2178	2179	4513
5	2359	2273	2222	4514
5	2343	2111	2256	4515
5	2257	2238	2125	4516
5	2257	2125	2126	4517
5	2315	2144	2027	4518
5	2315	2027	2174	4519
5	2294	2120	2259	4520
5	2265	2250	2092	4521
5	2487	2352	2351	4522
5	2488	2264	2352	4523
5	2423	2261	2263	4524
5	2350	2107	2211	4525
5	2573	2433	2572	4526
5	2286	2160	2089	4527
5	2263	2261	2212	4528
5	2263	2212	2107	4529
5	2264	2259	2124	4530
5	2264	2124	2215	4531
5	2514	2394	2414	4532
5	2381	2342	2260	4533
5	2486	2351	2340	4534
5	2281	2117	2118	4535
5	2267	2235	2091	4536
5	2267	2091	2101	4537
5	2555	2284	2510	4538
5	2427	2268	2274	4539
5	2269	2257	2126	4540
5	2269	2126	2095	4541
5	2501	2438	2292	4542
5	2516	2233	2428	4543
5	2432	2366	2100	4544
5	2429	2378	2271	4545
5	2340	2090	2199	4546
5	2351	2213	2090	4547
5	2344	2203	2343	4548
5	2399	2343	2256	4549
5	2274	2268	2098	4550
5	2274	2098	2096	4551
5	2455	2275	2430	4552
5	2444	2300	2299	4553
5	2276	2260	2099	4554
5	2276	2099	2138	4555
5	2384	2278	2105	4556
5	2278	2103	2003	4557
5	2431	2158	2103	4558
5	2431	2103	2278	4559
5	2253	2159	1998	4560
5	2253	1998	1972	4561
5	2505	2118	2266	4562
5	2366	2240	2100	4563
5	2353	2217	2117	4564
5	2354	2218	2217	4565
5	2363	2227	2226	4566
5	2283	2256	2115	4567
5	2361	2224	2360	4568
5	2763	2632	2762	4569
5	2441	2106	2297	4570
5	2397	2266	2106	4571
5	2481	2345	2400	4572
5	2401	2231	2232	4573
5	2526	2445	2301	4574
5	2434	2230	2285	4575
5	2306	2251	2102	4576
5	2306	2161	2287	4577
5	2503	2389	2439	4578
5	2290	1952	2134	4579
5	2289	2150	1982	4580
5	2289	1982	2147	4581
5	2383	2104	2247	4582
5	2390	2131	2291	4583
5	2390	2288	2131	4584
5	2518	2295	2440	4585
5	2428	2233	2157	4586
5	2791	2567	2651	4587
5	2380	2304	2167	4588
5	2388	2136	2148	4589
5	2294	2265	2140	4590
5	2294	2140	2120	4591
5	2519	2293	2386	4592
5	2365	2085	2239	4593
5	2436	2132	2150	4594
5	2296	2150	2289	4595
5	2297	2151	2245	4596
5	2432	2100	2280	4597
5	2300	2096	2154	4598
5	2300	2154	2299	4599
5	2395	2267	2228	4600
5	2300	2274	2096	4601
5	2412	2267	2395	4602
5	2638	2504	2509	4603
5	2375	2262	2231	4604
5	2302	2155	2301	4605
5	2302	2286	2089	4606
5	2302	2089	2155	4607
5	2368	2156	2234	4608
5	2452	2253	2109	4609
5	2304	2271	2088	4610
5	2304	2088	2167	4611
5	2305	2158	2229	4612
5	2305	2229	2127	4613
5	2435	2286	2302	4614
5	2619	2485	2618	4615
5	2483	2342	2381	4616
5	2572	2433	2423	4617
5	2308	2307	2165	4618
5	2308	2165	2164	4619
5	2310	2166	2116	4620
5	2321	2095	2182	4621
5	2459	2310	2458	4622
5	2632	2499	2498	4623
5	2313	2171	2170	4624
5	2313	2170	2312	4625
5	2570	2430	2427	4626
5	2313	2237	2171	4627
5	2427	2274	2377	4628
5	2444	2377	2300	4629
5	2452	2393	2314	4630
5	2452	2109	2252	4631
5	2588	2315	2453	4632
5	2767	2642	2588	4633
5	2489	2353	2281	4634
5	2454	2254	2318	4635
5	2451	2407	2313	4636
5	2780	2644	2766	4637
5	2491	2355	2356	4638
5	2405	2284	2255	4639
5	2319	2318	2177	4640
5	2319	2177	2176	4641
5	2464	2309	2326	4642
5	2630	2497	2496	4643
5	2323	2181	2322	4644
5	2406	2360	2282	4645
5	2323	2182	2181	4646
5	2323	2321	2182	4647
5	2460	2322	2449	4648
5	2499	2363	2498	4649
5	2325	2185	2184	4650
5	2326	2185	2325	4651
5	2463	2325	2462	4652
5	2761	2630	2760	4653
5	2599	2463	2598	4654
5	2689	2522	2543	4655
5	2466	2327	2465	4656
5	2465	2279	2420	4657
5	2490	2353	2489	4658
5	2333	2191	2332	4659
5	2465	2327	2279	4660
5	2479	2340	2272	4661
5	2467	2328	2466	4662
5	2466	2328	2327	4663
5	2487	2351	2486	4664
5	2333	2192	2191	4665
5	2477	2339	2338	4666
5	2467	2329	2328	4667
5	2471	2332	2470	4668
5	2335	2194	2193	4669
5	2468	2330	2329	4670
5	2473	2334	2472	4671
5	2469	2330	2468	4672
5	2338	2196	2337	4673
5	2469	2331	2330	4674
5	2470	2332	2331	4675
5	2472	2333	2471	4676
5	2339	2272	2198	4677
5	2471	2333	2332	4678
5	2478	2339	2477	4679
5	2472	2334	2333	4680
5	2473	2335	2334	4681
5	2479	2272	2478	4682
5	2352	2215	2214	4683
5	2348	2202	2342	4684
5	2484	2348	2483	4685
5	2348	2210	2202	4686
5	2348	2341	2210	4687
5	2344	2204	2203	4688
5	2357	2220	2204	4689
5	2412	2372	2235	4690
5	2359	2221	2358	4691
5	2346	2208	2207	4692
5	2347	2232	2209	4693
5	2370	2303	2262	4694
5	2347	2208	2346	4695
5	2418	2251	2306	4696
5	2711	2572	2528	4697
5	2425	2265	2294	4698
5	2620	2479	2614	4699
5	2350	2263	2107	4700
5	2349	2211	2123	4701
5	2528	2423	2374	4702
5	2423	2263	2374	4703
5	2474	2336	2335	4704
5	2371	2250	2265	4705
5	2376	2259	2264	4706
5	2477	2338	2476	4707
5	2430	2268	2427	4708
5	2356	2218	2354	4709
5	2586	2524	2407	4710
5	2566	2457	2529	4711
5	2470	2331	2469	4712
5	2468	2329	2467	4713
5	2356	2355	2219	4714
5	2356	2219	2218	4715
5	2821	2722	2780	4716
5	2761	2631	2630	4717
5	2726	2589	2724	4718
5	2463	2326	2325	4719
5	2496	2360	2406	4720
5	2632	2498	2631	4721
5	2361	2225	2224	4722
5	2362	2226	2225	4723
5	2630	2496	2629	4724
5	2364	2142	2227	4725
5	3011	2931	2887	4726
5	2912	2884	2769	4727
5	2494	2357	2492	4728
5	2364	2227	2363	4729
5	2411	2395	2228	4730
5	2399	2256	2373	4731
5	2674	2505	2397	4732
5	2428	2157	2270	4733
5	2367	2240	2366	4734
5	2367	2249	2240	4735
5	2537	2241	2438	4736
5	2695	2537	2637	4737
5	2523	2258	2368	4738
5	2523	2424	2258	4739
5	2437	2296	2290	4740
5	2369	2290	2134	4741
5	2733	2598	2647	4742
5	2540	2303	2370	4743
5	2448	2414	2307	4744
5	2546	2381	2521	4745
5	2372	2311	2235	4746
5	2524	2396	2407	4747
5	2500	2373	2283	4748
5	2499	2364	2363	4749
5	2485	2374	2350	4750
5	2572	2423	2528	4751
5	2482	2346	2481	4752
5	2520	2375	2401	4753
5	2404	2294	2259	4754
5	2425	2294	2404	4755
5	2570	2427	2522	4756
5	2396	2298	2237	4757
5	2552	2369	2544	4758
5	2801	2501	2648	4759
5	2438	2133	2292	4760
5	2380	2167	2379	4761
5	2516	2379	2233	4762
5	2391	2128	2288	4763
5	2382	2349	2236	4764
5	2698	2616	2690	4765
5	2563	2394	2514	4766
5	2565	2371	2425	4767
5	2417	2247	2248	4768
5	2548	2415	2229	4769
5	2549	2277	2383	4770
5	2415	2244	2229	4771
5	2385	2319	2317	4772
5	2455	2316	2275	4773
5	2387	2097	2293	4774
5	2386	2293	2135	4775
5	2569	2545	2378	4776
5	2389	2239	2242	4777
5	2648	2365	2551	4778
5	2555	2280	2178	4779
5	2548	2229	2431	4780
5	2439	2136	2388	4781
5	2552	2437	2369	4782
5	2576	2296	2437	4783
5	2553	2288	2390	4784
5	2437	2290	2369	4785
5	2392	2368	2234	4786
5	2392	2234	2246	4787
5	2393	2392	2246	4788
5	2393	2246	2314	4789
5	2422	2381	2260	4790
5	2394	2276	2243	4791
5	2840	2707	2692	4792
5	2760	2629	2759	4793
5	2443	2299	2298	4794
5	2444	2299	2443	4795
5	2534	2367	2366	4796
5	2426	2356	2354	4797
5	2398	2324	2251	4798
5	2573	2507	2434	4799
5	2493	2411	2273	4800
5	2480	2343	2399	4801
5	2526	2301	2424	4802
5	2424	2301	2173	4803
5	2513	2435	2445	4804
5	2482	2347	2346	4805
5	2402	2401	2232	4806
5	2402	2232	2347	4807
5	2403	2382	2236	4808
5	2403	2236	2341	4809
5	2673	2528	2619	4810
5	2584	2371	2565	4811
5	2557	2420	2491	4812
5	2716	2534	2535	4813
5	2498	2362	2497	4814
5	2497	2361	2496	4815
5	2407	2396	2237	4816
5	2407	2237	2313	4817
5	2408	2406	2282	4818
5	2408	2282	2238	4819
5	2409	2408	2238	4820
5	2409	2238	2257	4821
5	2410	2409	2257	4822
5	2410	2257	2269	4823
5	2492	2344	2480	4824
5	2494	2358	2357	4825
5	2530	2502	2492	4826
5	2530	2480	2399	4827
5	2413	2410	2269	4828
5	2413	2269	2321	4829
5	2414	2394	2243	4830
5	2414	2243	2307	4831
5	2544	2369	2097	4832
5	2440	2295	2137	4833
5	2685	2440	2653	4834
5	2653	2440	2560	4835
5	2667	2515	2505	4836
5	2660	2571	2384	4837
5	2447	2418	2306	4838
5	2447	2287	2446	4839
5	2689	2682	2522	4840
5	2452	2314	2253	4841
5	2491	2420	2355	4842
5	2491	2356	2426	4843
5	2590	2456	2455	4844
5	2421	2405	2255	4845
5	2690	2616	2617	4846
5	2892	2781	2782	4847
5	2433	2285	2261	4848
5	2434	2285	2433	4849
5	2453	2174	2303	4850
5	2618	2485	2382	4851
5	2521	2381	2422	4852
5	2975	2841	2893	4853
5	2693	2566	2529	4854
5	2625	2558	2421	4855
5	2456	2385	2317	4856
5	2668	2645	2554	4857
5	2567	2270	2087	4858
5	2658	2367	2534	4859
5	2661	2429	2550	4860
5	2519	2387	2293	4861
5	2591	2385	2456	4862
5	2626	2491	2426	4863
5	2660	2548	2571	4864
5	2701	2561	2415	4865
5	2510	2284	2405	4866
5	2771	2550	2659	4867
5	2720	2520	2583	4868
5	2434	2400	2230	4869
5	2730	2525	2596	4870
5	2712	2572	2711	4871
5	2698	2547	2616	4872
5	2446	2287	2286	4873
5	2575	2291	2436	4874
5	2436	2150	2296	4875
5	2839	2666	2553	4876
5	2436	2291	2132	4877
5	2501	2292	2365	4878
5	3006	2834	2756	4879
5	2439	2389	2242	4880
5	2439	2242	2136	4881
5	2654	2552	2544	4882
5	2773	2552	2654	4883
5	3145	3066	3083	4884
5	2623	2426	2490	4885
5	2442	2441	2297	4886
5	2442	2297	2245	4887
5	2628	2493	2495	4888
5	2724	2570	2682	4889
5	2532	2395	2411	4890
5	2603	2467	2602	4891
5	2445	2435	2302	4892
5	2445	2302	2301	4893
5	2447	2306	2287	4894
5	2525	2410	2413	4895
5	2546	2483	2381	4896
5	2596	2461	2595	4897
5	2614	2479	2478	4898
5	2610	2474	2609	4899
5	2461	2413	2321	4900
5	2461	2323	2460	4901
5	2451	2313	2312	4902
5	2450	2312	2311	4903
5	2722	2585	2644	4904
5	2586	2451	2585	4905
5	2587	2252	2419	4906
5	2587	2452	2252	4907
5	2588	2419	2315	4908
5	2453	2315	2174	4909
5	2490	2354	2353	4910
5	2454	2421	2254	4911
5	2456	2316	2455	4912
5	2456	2317	2316	4913
5	2579	2396	2524	4914
5	2762	2632	2631	4915
5	2457	2454	2318	4916
5	2457	2318	2319	4917
5	2459	2320	2310	4918
5	2459	2449	2320	4919
5	2574	2446	2435	4920
5	2649	2502	2530	4921
5	2596	2525	2413	4922
5	2598	2463	2462	4923
5	2595	2461	2460	4924
5	2525	2509	2410	4925
5	2845	2822	2665	4926
5	2464	2326	2463	4927
5	2592	2459	2458	4928
5	2464	2458	2309	4929
5	2594	2460	2449	4930
5	2729	2594	2593	4931
5	2611	2476	2475	4932
5	2602	2466	2601	4933
5	2604	2468	2603	4934
5	2600	2465	2420	4935
5	2612	2477	2476	4936
5	2558	2405	2421	4937
5	2601	2466	2465	4938
5	2474	2335	2473	4939
5	2608	2472	2607	4940
5	2605	2469	2604	4941
5	2602	2467	2466	4942
5	2612	2476	2611	4943
5	2603	2468	2467	4944
5	2476	2338	2337	4945
5	2609	2473	2608	4946
5	2614	2478	2613	4947
5	2604	2469	2468	4948
5	2605	2470	2469	4949
5	2607	2471	2606	4950
5	2476	2337	2475	4951
5	2606	2470	2605	4952
5	2606	2471	2470	4953
5	2613	2477	2612	4954
5	2488	2352	2487	4955
5	2607	2472	2471	4956
5	2608	2473	2472	4957
5	2621	2486	2620	4958
5	2486	2340	2479	4959
5	2609	2474	2473	4960
5	2610	2475	2474	4961
5	2492	2357	2344	4962
5	2493	2273	2359	4963
5	2482	2402	2347	4964
5	2481	2346	2345	4965
5	2583	2520	2401	4966
5	2581	2418	2447	4967
5	2484	2341	2348	4968
5	2943	2831	2798	4969
5	2541	2404	2376	4970
5	2584	2448	2371	4971
5	2618	2382	2547	4972
5	2749	2547	2698	4973
5	2622	2488	2487	4974
5	2841	2706	2775	4975
5	2721	2584	2565	4976
5	2488	2376	2264	4977
5	2617	2483	2546	4978
5	2541	2376	2508	4979
5	2490	2426	2354	4980
5	2600	2420	2557	4981
5	2674	2667	2505	4982
5	2705	2555	2704	4983
5	2704	2555	2510	4984
5	2601	2465	2600	4985
5	3015	2905	2913	4986
5	2628	2495	2627	4987
5	2495	2358	2494	4988
5	2542	2372	2412	4989
5	2495	2359	2358	4990
5	2495	2493	2359	4991
5	2591	2529	2385	4992
5	2543	2522	2377	4993
5	2533	2408	2504	4994
5	2633	2531	2373	4995
5	2533	2406	2408	4996
5	2500	2283	2364	4997
5	2530	2399	2531	4998
5	2530	2492	2480	4999
5	2633	2373	2500	5000
5	2500	2364	2499	5001
5	2827	2650	2664	5002
5	2631	2498	2497	5003
5	2705	2432	2555	5004
5	2567	2087	2249	5005
5	2502	2494	2492	5006
5	2629	2406	2533	5007
5	2678	2551	2389	5008
5	2551	2239	2389	5009
5	2593	2449	2459	5010
5	2596	2413	2461	5011
5	2515	2281	2505	5012
5	2505	2281	2118	5013
5	2506	2481	2400	5014
5	2573	2434	2433	5015
5	2507	2506	2400	5016
5	2507	2400	2434	5017
5	2679	2508	2622	5018
5	2620	2486	2479	5019
5	2509	2504	2409	5020
5	2509	2409	2410	5021
5	2537	2093	2241	5022
5	2515	2489	2281	5023
5	2511	2450	2372	5024
5	2542	2511	2372	5025
5	2512	2462	2398	5026
5	2854	2765	2729	5027
5	2583	2401	2402	5028
5	2574	2435	2513	5029
5	2878	2751	2877	5030
5	2541	2425	2404	5031
5	2697	2559	2640	5032
5	2589	2430	2570	5033
5	2550	2429	2304	5034
5	2811	2685	2653	5035
5	2517	2503	2439	5036
5	2517	2439	2388	5037
5	2634	2503	2517	5038
5	2518	2517	2388	5039
5	2770	2700	2569	5040
5	2569	2378	2429	5041
5	2540	2453	2303	5042
5	2564	2375	2520	5043
5	2750	2673	2619	5044
5	2691	2546	2656	5045
5	2522	2427	2377	5046
5	2783	2717	2643	5047
5	2642	2419	2588	5048
5	2639	2424	2523	5049
5	2543	2377	2444	5050
5	2795	2689	2669	5051
5	2593	2459	2592	5052
5	3090	2957	3016	5053
5	2635	2445	2526	5054
5	2639	2526	2424	5055
5	2527	2514	2414	5056
5	2527	2414	2448	5057
5	2781	2690	2691	5058
5	2836	2698	2690	5059
5	2529	2457	2385	5060
5	2682	2570	2522	5061
5	2692	2626	2623	5062
5	2758	2668	2628	5063
5	2755	2623	2624	5064
5	2531	2399	2373	5065
5	2559	2395	2532	5066
5	2776	2768	2640	5067
5	2629	2496	2406	5068
5	2631	2497	2630	5069
5	2536	2442	2245	5070
5	2637	2537	2438	5071
5	2535	2534	2366	5072
5	2535	2366	2432	5073
5	2577	2397	2441	5074
5	2967	2578	2636	5075
5	2537	2536	2245	5076
5	2537	2245	2093	5077
5	2538	2523	2368	5078
5	2538	2368	2392	5079
5	2539	2512	2398	5080
5	2539	2398	2418	5081
5	2663	2512	2539	5082
5	2639	2538	2655	5083
5	2565	2425	2541	5084
5	2583	2402	2556	5085
5	2669	2543	2580	5086
5	2883	2840	2692	5087
5	2580	2443	2579	5088
5	2580	2543	2444	5089
5	2660	2384	2549	5090
5	2553	2391	2288	5091
5	2545	2519	2386	5092
5	2545	2386	2378	5093
5	2547	2382	2403	5094
5	2619	2374	2485	5095
5	2749	2618	2547	5096
5	2688	2521	2563	5097
5	2549	2384	2277	5098
5	2571	2278	2384	5099
5	2701	2415	2548	5100
5	2654	2544	2652	5101
5	2785	2577	2715	5102
5	2551	2365	2239	5103
5	2666	2417	2391	5104
5	2666	2391	2553	5105
5	2702	2653	2560	5106
5	2648	2501	2365	5107
5	3059	2837	2938	5108
5	2576	2436	2296	5109
5	2554	2532	2411	5110
5	2554	2411	2493	5111
5	2774	2705	2704	5112
5	2815	2651	2568	5113
5	2681	2527	2584	5114
5	2584	2527	2448	5115
5	2626	2426	2623	5116
5	2727	2725	2591	5117
5	3136	3031	2946	5118
5	2625	2421	2454	5119
5	2559	2542	2412	5120
5	2559	2412	2395	5121
5	2560	2440	2137	5122
5	2560	2137	2416	5123
5	2561	2560	2416	5124
5	2561	2416	2415	5125
5	2562	2538	2392	5126
5	2562	2392	2393	5127
5	2563	2521	2422	5128
5	2563	2422	2394	5129
5	2767	2588	2723	5130
5	2564	2370	2375	5131
5	2900	2788	2789	5132
5	2871	2745	2870	5133
5	2625	2454	2566	5134
5	2566	2454	2457	5135
5	2801	2637	2501	5136
5	2791	2428	2567	5137
5	2568	2567	2249	5138
5	2568	2249	2367	5139
5	2686	2652	2387	5140
5	2686	2387	2519	5141
5	2589	2455	2430	5142
5	2590	2455	2589	5143
5	2571	2548	2431	5144
5	2571	2431	2278	5145
5	2827	2796	2650	5146
5	2713	2507	2573	5147
5	2671	2664	2615	5148
5	2796	2720	2650	5149
5	2581	2539	2418	5150
5	2582	2446	2574	5151
5	2714	2390	2575	5152
5	2575	2390	2291	5153
5	2714	2575	2576	5154
5	2576	2575	2436	5155
5	2825	2678	2503	5156
5	2803	2695	2637	5157
5	2578	2577	2441	5158
5	2578	2441	2442	5159
5	2580	2444	2443	5160
5	2579	2443	2396	5161
5	2708	2489	2515	5162
5	2689	2543	2669	5163
5	2719	2574	2677	5164
5	2728	2593	2592	5165
5	2582	2581	2447	5166
5	2582	2447	2446	5167
5	2720	2583	2650	5168
5	2720	2696	2520	5169
5	2798	2657	2672	5170
5	2706	2541	2508	5171
5	2586	2407	2451	5172
5	2585	2451	2450	5173
5	2676	2627	2502	5174
5	2800	2759	2646	5175
5	2587	2562	2393	5176
5	2587	2393	2452	5177
5	2723	2588	2453	5178
5	2655	2538	2562	5179
5	2717	2579	2643	5180
5	2852	2726	2793	5181
5	2725	2693	2529	5182
5	2591	2456	2590	5183
5	3178	3143	3015	5184
5	2963	2795	2919	5185
5	2595	2460	2594	5186
5	2594	2449	2593	5187
5	2848	2696	2720	5188
5	2728	2592	2662	5189
5	2778	2733	2647	5190
5	2763	2633	2632	5191
5	2733	2599	2598	5192
5	2731	2595	2594	5193
5	2729	2593	2728	5194
5	2764	2633	2763	5195
5	2597	2592	2458	5196
5	2597	2458	2464	5197
5	2599	2464	2463	5198
5	2599	2597	2464	5199
5	2662	2592	2597	5200
5	2731	2594	2729	5201
5	2724	2589	2570	5202
5	2797	2755	2624	5203
5	2708	2624	2489	5204
5	2737	2601	2736	5205
5	2736	2601	2600	5206
5	2737	2602	2601	5207
5	2735	2600	2557	5208
5	2707	2557	2626	5209
5	2741	2605	2740	5210
5	2613	2478	2477	5211
5	2752	2621	2620	5212
5	2738	2603	2602	5213
5	2743	2607	2742	5214
5	2622	2487	2621	5215
5	2739	2604	2603	5216
5	2753	2622	2621	5217
5	2744	2608	2743	5218
5	2740	2605	2604	5219
5	2745	2610	2609	5220
5	2611	2475	2610	5221
5	2741	2606	2605	5222
5	2746	2611	2610	5223
5	2742	2607	2606	5224
5	2748	2612	2747	5225
5	2743	2608	2607	5226
5	2748	2614	2613	5227
5	2745	2609	2744	5228
5	2621	2487	2486	5229
5	2751	2614	2748	5230
5	2744	2609	2608	5231
5	2615	2556	2482	5232
5	2615	2482	2481	5233
5	2616	2547	2403	5234
5	2616	2403	2484	5235
5	2617	2616	2484	5236
5	2617	2484	2483	5237
5	3020	2893	2898	5238
5	2619	2528	2374	5239
5	2688	2563	2657	5240
5	2721	2681	2584	5241
5	2746	2610	2745	5242
5	2622	2508	2488	5243
5	2747	2612	2611	5244
5	2751	2620	2614	5245
5	2681	2672	2527	5246
5	2706	2508	2679	5247
5	2738	2602	2737	5248
5	2626	2557	2491	5249
5	2624	2623	2490	5250
5	2624	2490	2489	5251
5	2735	2557	2707	5252
5	2707	2626	2692	5253
5	3163	3041	3154	5254
5	3204	3061	3137	5255
5	2628	2554	2493	5256
5	2627	2495	2494	5257
5	2882	2754	2881	5258
5	2901	2769	2792	5259
5	2646	2504	2638	5260
5	2764	2757	2531	5261
5	2951	2799	2804	5262
5	2650	2583	2556	5263
5	2832	2639	2655	5264
5	2633	2499	2632	5265
5	2646	2533	2504	5266
5	2885	2760	2759	5267
5	2759	2533	2646	5268
5	2764	2531	2633	5269
5	2940	2801	2648	5270
5	2637	2438	2501	5271
5	2924	2767	2723	5272
5	2635	2513	2445	5273
5	2636	2578	2442	5274
5	2636	2442	2536	5275
5	2906	2830	2779	5276
5	2651	2567	2568	5277
5	2854	2729	2728	5278
5	2730	2641	2525	5279
5	2709	2370	2564	5280
5	2642	2587	2419	5281
5	2640	2559	2532	5282
5	2784	2697	2768	5283
5	2641	2638	2509	5284
5	2641	2509	2525	5285
5	2639	2523	2538	5286
5	2642	2655	2562	5287
5	2643	2579	2524	5288
5	2670	2643	2524	5289
5	2670	2524	2586	5290
5	3107	2983	3105	5291
5	2645	2640	2532	5292
5	2645	2532	2554	5293
5	2807	2638	2799	5294
5	2759	2629	2533	5295
5	2647	2598	2512	5296
5	2663	2647	2512	5297
5	2659	2550	2380	5298
5	2946	2785	2715	5299
5	2668	2554	2628	5300
5	2676	2502	2649	5301
5	2853	2728	2662	5302
5	2677	2574	2513	5303
5	2695	2536	2537	5304
5	2659	2380	2379	5305
5	2703	2576	2437	5306
5	2810	2654	2652	5307
5	3027	2779	2935	5308
5	2915	2654	2810	5309
5	2702	2560	2561	5310
5	2969	2846	2896	5311
5	2642	2562	2587	5312
5	2847	2719	2677	5313
5	2656	2546	2521	5314
5	2876	2673	2750	5315
5	2688	2656	2521	5316
5	2657	2563	2514	5317
5	2815	2568	2658	5318
5	2658	2568	2367	5319
5	2904	2678	2825	5320
5	2661	2569	2429	5321
5	2938	2837	2702	5322
5	2699	2383	2417	5323
5	2947	2774	2894	5324
5	2818	2551	2678	5325
5	2734	2599	2733	5326
5	2857	2734	2733	5327
5	2671	2506	2665	5328
5	2711	2528	2673	5329
5	2664	2650	2556	5330
5	2664	2556	2615	5331
5	2671	2615	2506	5332
5	2665	2506	2507	5333
5	2817	2549	2699	5334
5	2699	2549	2383	5335
5	2675	2405	2558	5336
5	2756	2558	2625	5337
5	2758	2627	2676	5338
5	2784	2766	2694	5339
5	3133	2952	3050	5340
5	2912	2769	2901	5341
5	2780	2722	2644	5342
5	3061	2930	3026	5343
5	2809	2718	2719	5344
5	2680	2663	2539	5345
5	2672	2657	2514	5346
5	2672	2514	2527	5347
5	2713	2573	2712	5348
5	2712	2573	2572	5349
5	2674	2397	2577	5350
5	2715	2577	2578	5351
5	2756	2625	2754	5352
5	2739	2603	2738	5353
5	2758	2628	2627	5354
5	2889	2763	2762	5355
5	2680	2539	2581	5356
5	2777	2663	2680	5357
5	3027	2906	2779	5358
5	2779	2687	2700	5359
5	2753	2679	2622	5360
5	2752	2620	2751	5361
5	2790	2663	2777	5362
5	2978	2895	2854	5363
5	2710	2541	2706	5364
5	3004	2898	2880	5365
5	2851	2693	2725	5366
5	2986	2852	2793	5367
5	2683	2659	2379	5368
5	2683	2379	2516	5369
5	2938	2702	2838	5370
5	2684	2634	2517	5371
5	2685	2684	2518	5372
5	2685	2518	2440	5373
5	3138	3040	3023	5374
5	2770	2569	2661	5375
5	2687	2686	2519	5376
5	2687	2519	2545	5377
5	2788	2672	2681	5378
5	2921	2836	2916	5379
5	2966	2802	2635	5380
5	2833	2639	2832	5381
5	2750	2618	2749	5382
5	2750	2619	2618	5383
5	2691	2690	2617	5384
5	2691	2617	2546	5385
5	2753	2621	2752	5386
5	2736	2600	2735	5387
5	2754	2566	2693	5388
5	2834	2558	2756	5389
5	2694	2644	2511	5390
5	2694	2511	2542	5391
5	2786	2708	2515	5392
5	2835	2636	2536	5393
5	2802	2513	2635	5394
5	2709	2540	2370	5395
5	2697	2694	2542	5396
5	2697	2542	2559	5397
5	2843	2711	2842	5398
5	2874	2698	2836	5399
5	2812	2417	2666	5400
5	2838	2702	2561	5401
5	2700	2687	2545	5402
5	2700	2545	2569	5403
5	2830	2686	2687	5404
5	2907	2810	2830	5405
5	2838	2561	2701	5406
5	2703	2437	2552	5407
5	3023	2969	2896	5408
5	2714	2553	2390	5409
5	3186	2940	3058	5410
5	2772	2704	2510	5411
5	2923	2658	2534	5412
5	2705	2535	2432	5413
5	2710	2565	2541	5414
5	2721	2565	2710	5415
5	3008	2981	2840	5416
5	2726	2590	2589	5417
5	2862	2736	2861	5418
5	2754	2625	2566	5419
5	2787	2655	2642	5420
5	2850	2723	2540	5421
5	2831	2657	2798	5422
5	2814	2656	2688	5423
5	2849	2789	2721	5424
5	2713	2665	2507	5425
5	2843	2712	2711	5426
5	2922	2790	2920	5427
5	2999	2876	2875	5428
5	2925	2765	2895	5429
5	2839	2553	2714	5430
5	2846	2576	2703	5431
5	2774	2535	2705	5432
5	2772	2510	2675	5433
5	2816	2771	2659	5434
5	3014	2786	2897	5435
5	2717	2669	2580	5436
5	2717	2580	2579	5437
5	2718	2680	2581	5438
5	2718	2581	2582	5439
5	2719	2718	2582	5440
5	2719	2582	2574	5441
5	2874	2749	2698	5442
5	2857	2733	2778	5443
5	3127	3003	3002	5444
5	2877	2751	2748	5445
5	2722	2670	2586	5446
5	2722	2586	2585	5447
5	2924	2787	2767	5448
5	2802	2677	2513	5449
5	2725	2529	2591	5450
5	2828	2794	2682	5451
5	2727	2590	2726	5452
5	2863	2737	2862	5453
5	2727	2591	2590	5454
5	2879	2752	2878	5455
5	2881	2754	2693	5456
5	2740	2604	2739	5457
5	3052	2895	3041	5458
5	2799	2638	2641	5459
5	3140	3050	3055	5460
5	2889	2762	2887	5461
5	2732	2595	2731	5462
5	2732	2596	2595	5463
5	2732	2730	2596	5464
5	2942	2913	2780	5465
5	2888	2792	2757	5466
5	3010	2886	2885	5467
5	2734	2597	2599	5468
5	2734	2662	2597	5469
5	2826	2680	2718	5470
5	2822	2671	2665	5471
5	2913	2821	2780	5472
5	3117	2992	3116	5473
5	2828	2689	2795	5474
5	2852	2727	2726	5475
5	2882	2756	2754	5476
5	2742	2606	2741	5477
5	2928	2883	2755	5478
5	2861	2736	2735	5479
5	2871	2746	2745	5480
5	2863	2738	2737	5481
5	2862	2737	2736	5482
5	2865	2739	2864	5483
5	2864	2739	2738	5484
5	2748	2613	2612	5485
5	2873	2748	2747	5486
5	2868	2742	2867	5487
5	2865	2740	2739	5488
5	2869	2743	2868	5489
5	2866	2741	2740	5490
5	2872	2746	2871	5491
5	2880	2775	2679	5492
5	2747	2611	2746	5493
5	2867	2742	2741	5494
5	2868	2743	2742	5495
5	2877	2748	2873	5496
5	2869	2744	2743	5497
5	2880	2679	2753	5498
5	2870	2745	2744	5499
5	2836	2690	2781	5500
5	2842	2711	2673	5501
5	2970	2843	2842	5502
5	3002	2877	3001	5503
5	2878	2752	2751	5504
5	2872	2747	2746	5505
5	2879	2753	2752	5506
5	3545	3387	3529	5507
5	2798	2672	2788	5508
5	2849	2710	2841	5509
5	2864	2738	2863	5510
5	2797	2624	2708	5511
5	2861	2735	2859	5512
5	2755	2692	2623	5513
5	2774	2716	2535	5514
5	2929	2675	2834	5515
5	2757	2649	2530	5516
5	2757	2530	2531	5517
5	2930	2768	2776	5518
5	3011	2887	2886	5519
5	2760	2630	2629	5520
5	2762	2631	2761	5521
5	2886	2760	2885	5522
5	2885	2759	2800	5523
5	2886	2761	2760	5524
5	2942	2780	2766	5525
5	2884	2676	2769	5526
5	2887	2762	2761	5527
5	2769	2676	2649	5528
5	2911	2805	2823	5529
5	2888	2757	2764	5530
5	2887	2761	2886	5531
5	2765	2731	2729	5532
5	2854	2728	2853	5533
5	3026	2939	3021	5534
5	2952	2807	2891	5535
5	3070	2961	2847	5536
5	2787	2642	2767	5537
5	2784	2694	2697	5538
5	2768	2697	2640	5539
5	2776	2640	2645	5540
5	3079	2933	3074	5541
5	2818	2648	2551	5542
5	3076	2770	2936	5543
5	3156	3060	2953	5544
5	2771	2661	2550	5545
5	2937	2708	2786	5546
5	2786	2515	2667	5547
5	3028	2936	2771	5548
5	2773	2703	2552	5549
5	2785	2674	2577	5550
5	2785	2667	2674	5551
5	2775	2706	2679	5552
5	2880	2753	2879	5553
5	3029	3012	3013	5554
5	3169	3082	3143	5555
5	2845	2665	2713	5556
5	2824	2671	2822	5557
5	2844	2712	2843	5558
5	2960	2920	2777	5559
5	3037	3024	2918	5560
5	2935	2779	2700	5561
5	3207	3074	3204	5562
5	3233	3067	3201	5563
5	2814	2782	2656	5564
5	2998	2874	2921	5565
5	2782	2781	2691	5566
5	2782	2691	2656	5567
5	3047	3008	2883	5568
5	3170	3081	3169	5569
5	2945	2768	2930	5570
5	2913	2905	2821	5571
5	3031	2785	2946	5572
5	2894	2774	2704	5573
5	3032	2834	3006	5574
5	2897	2786	2667	5575
5	2966	2635	2833	5576
5	2850	2540	2709	5577
5	2973	2845	2844	5578
5	2971	2957	2822	5579
5	2789	2788	2681	5580
5	2789	2681	2721	5581
5	2790	2778	2647	5582
5	2790	2647	2663	5583
5	2808	2428	2791	5584
5	2808	2516	2428	5585
5	2792	2769	2649	5586
5	2792	2649	2757	5587
5	2793	2726	2724	5588
5	2820	2717	2783	5589
5	2794	2793	2724	5590
5	2794	2724	2682	5591
5	2828	2682	2689	5592
5	3372	3258	3270	5593
5	2845	2713	2844	5594
5	2847	2809	2719	5595
5	2834	2675	2558	5596
5	2894	2704	2772	5597
5	3127	3002	3126	5598
5	2950	2788	2900	5599
5	3009	2885	2800	5600
5	3009	2800	2952	5601
5	3158	3021	3053	5602
5	2932	2901	2792	5603
5	2835	2536	2695	5604
5	3160	2637	2801	5605
5	2813	2564	2696	5606
5	2848	2720	2796	5607
5	2816	2659	2683	5608
5	2808	2683	2516	5609
5	2804	2799	2641	5610
5	2804	2641	2730	5611
5	2805	2776	2645	5612
5	2805	2645	2668	5613
5	2806	2783	2643	5614
5	2806	2643	2670	5615
5	2807	2800	2646	5616
5	2807	2646	2638	5617
5	2936	2661	2771	5618
5	3174	2929	3032	5619
5	2813	2709	2564	5620
5	2824	2664	2671	5621
5	2829	2684	2811	5622
5	2811	2684	2685	5623
5	2830	2687	2779	5624
5	2825	2503	2634	5625
5	2817	2660	2549	5626
5	2812	2699	2417	5627
5	2832	2655	2787	5628
5	2954	2709	2813	5629
5	2916	2836	2781	5630
5	2999	2875	2998	5631
5	2918	2695	2803	5632
5	2904	2818	2678	5633
5	2909	2791	2651	5634
5	2918	2835	2695	5635
5	3097	2968	2908	5636
5	2819	2660	2817	5637
5	2907	2830	2906	5638
5	3065	2801	2940	5639
5	2819	2701	2548	5640
5	2819	2548	2660	5641
5	2820	2795	2669	5642
5	2820	2669	2717	5643
5	2821	2806	2670	5644
5	2821	2670	2722	5645
5	2827	2664	2824	5646
5	2826	2718	2809	5647
5	2823	2805	2668	5648
5	2823	2668	2758	5649
5	2974	2827	2958	5650
5	2920	2790	2777	5651
5	2959	2829	2811	5652
5	2935	2700	2770	5653
5	3092	3016	2971	5654
5	2826	2777	2680	5655
5	2914	2857	2778	5656
5	2962	2696	2848	5657
5	2919	2820	2899	5658
5	2982	2851	2860	5659
5	3058	2940	2818	5660
5	2829	2634	2684	5661
5	2830	2810	2652	5662
5	2830	2652	2686	5663
5	2831	2814	2688	5664
5	2831	2688	2657	5665
5	2833	2526	2639	5666
5	2833	2635	2526	5667
5	2903	2677	2802	5668
5	3166	3086	2961	5669
5	2859	2707	2840	5670
5	2859	2735	2707	5671
5	2967	2835	2918	5672
5	2967	2636	2835	5673
5	2876	2842	2673	5674
5	2844	2713	2712	5675
5	2837	2811	2653	5676
5	2837	2653	2702	5677
5	3063	2773	2915	5678
5	2968	2819	2908	5679
5	2896	2846	2703	5680
5	2896	2703	2773	5681
5	2866	2740	2865	5682
5	2867	2741	2866	5683
5	2849	2721	2710	5684
5	2841	2710	2706	5685
5	2875	2749	2874	5686
5	2916	2781	2892	5687
5	3101	3051	2972	5688
5	2895	2765	2854	5689
5	2921	2874	2836	5690
5	2957	2824	2822	5691
5	2978	2854	2853	5692
5	3038	2979	2914	5693
5	2846	2839	2714	5694
5	2846	2714	2576	5695
5	2958	2824	2957	5696
5	2961	2960	2826	5697
5	2977	2787	2924	5698
5	3147	2954	3093	5699
5	3148	3080	3141	5700
5	3191	3064	3167	5701
5	3045	2850	2954	5702
5	2924	2723	2850	5703
5	2881	2693	2851	5704
5	3046	2923	2716	5705
5	2860	2727	2852	5706
5	2860	2725	2727	5707
5	2858	2734	2857	5708
5	3068	2998	2921	5709
5	2951	2891	2799	5710
5	2926	2804	2855	5711
5	2855	2804	2730	5712
5	2855	2730	2732	5713
5	2856	2855	2732	5714
5	2856	2732	2731	5715
5	2858	2662	2734	5716
5	2858	2853	2662	5717
5	2958	2827	2824	5718
5	2922	2778	2790	5719
5	2981	2859	2840	5720
5	3047	2883	2928	5721
5	2989	2864	2988	5722
5	2860	2851	2725	5723
5	3005	2881	2851	5724
5	2986	2793	2927	5725
5	2984	2860	2852	5726
5	2919	2795	2820	5727
5	3019	2919	3018	5728
5	2939	2805	2911	5729
5	2983	2861	2859	5730
5	2870	2744	2869	5731
5	2985	2862	2861	5732
5	2992	2867	2991	5733
5	2987	2863	2862	5734
5	2988	2864	2863	5735
5	2996	2872	2871	5736
5	2989	2865	2864	5737
5	2993	2868	2992	5738
5	2990	2866	2865	5739
5	2994	2869	2993	5740
5	2991	2867	2866	5741
5	3004	2879	3003	5742
5	2873	2747	2872	5743
5	2992	2868	2867	5744
5	3003	2879	2878	5745
5	2995	2870	2994	5746
5	2993	2869	2868	5747
5	2994	2870	2869	5748
5	3257	3172	3242	5749
5	2875	2750	2749	5750
5	2876	2750	2875	5751
5	2973	2971	2845	5752
5	2955	2831	2943	5753
5	3256	3154	3226	5754
5	3001	2873	2997	5755
5	2995	2871	2870	5756
5	2997	2873	2872	5757
5	3373	3260	3297	5758
5	3002	2878	2877	5759
5	3004	2880	2879	5760
5	3001	2877	2873	5761
5	3043	2893	3020	5762
5	3244	3242	3124	5763
5	2996	2871	2995	5764
5	3174	3072	2929	5765
5	2883	2692	2755	5766
5	2983	2859	2981	5767
5	2928	2755	2797	5768
5	2990	2865	2989	5769
5	2884	2823	2758	5770
5	2884	2758	2676	5771
5	2931	2889	2887	5772
5	3135	3034	3011	5773
5	3122	2998	3068	5774
5	3041	2895	2978	5775
5	3000	2970	2842	5776
5	2952	2800	2807	5777
5	2890	2763	2889	5778
5	2890	2888	2764	5779
5	2890	2764	2763	5780
5	3026	2930	2939	5781
5	3152	3056	3073	5782
5	3307	3193	3258	5783
5	2891	2807	2799	5784
5	3135	3010	3134	5785
5	2948	2892	2782	5786
5	2948	2782	2814	5787
5	2893	2841	2775	5788
5	3003	2878	3002	5789
5	2923	2534	2716	5790
5	2897	2667	2785	5791
5	2902	2855	2856	5792
5	2926	2855	2902	5793
5	2956	2699	2812	5794
5	3063	2896	2773	5795
5	2988	2863	2987	5796
5	3183	3162	2947	5797
5	2898	2893	2775	5798
5	2898	2775	2880	5799
5	2899	2820	2783	5800
5	2905	2806	2821	5801
5	2976	2849	2975	5802
5	2976	2900	2789	5803
5	3258	3193	3205	5804
5	3013	2889	2931	5805
5	3154	3041	3062	5806
5	3057	2925	3052	5807
5	2960	2777	2826	5808
5	2903	2847	2677	5809
5	3182	2906	3027	5810
5	3156	2953	3035	5811
5	2944	2806	2905	5812
5	2944	2783	2806	5813
5	3098	2968	3097	5814
5	2908	2819	2817	5815
5	2941	2811	2837	5816
5	3017	2810	2907	5817
5	2968	2701	2819	5818
5	2968	2838	2701	5819
5	3028	2771	2816	5820
5	3076	2935	2770	5821
5	2910	2909	2651	5822
5	2910	2651	2815	5823
5	2934	2884	2912	5824
5	2934	2823	2884	5825
5	2934	2911	2823	5826
5	3061	2945	2930	5827
5	3030	2913	2942	5828
5	3292	3132	3168	5829
5	3100	2922	3099	5830
5	2979	2857	2914	5831
5	3063	3023	2896	5832
5	2915	2773	2654	5833
5	3103	2975	3043	5834
5	3080	2950	3025	5835
5	2917	2812	2666	5836
5	2917	2666	2839	5837
5	3037	2918	2803	5838
5	3162	3046	2947	5839
5	2927	2793	2794	5840
5	3019	2963	2919	5841
5	3092	2971	2973	5842
5	2922	2914	2778	5843
5	3243	3122	3157	5844
5	3064	2916	2892	5845
5	2998	2875	2874	5846
5	2972	2843	2970	5847
5	2923	2910	2815	5848
5	2923	2815	2658	5849
5	3099	2920	3091	5850
5	2965	2833	2832	5851
5	2925	2902	2856	5852
5	2925	2856	2765	5853
5	3052	2925	2895	5854
5	2951	2804	2926	5855
5	3151	2937	3014	5856
5	3178	3030	3144	5857
5	3006	2756	2882	5858
5	3014	2937	2786	5859
5	3072	2894	2772	5860
5	2929	2772	2675	5861
5	2933	2766	2784	5862
5	2942	2766	2933	5863
5	2932	2792	2888	5864
5	3053	2911	2934	5865
5	3075	3053	2934	5866
5	3073	3012	3029	5867
5	3467	3356	3466	5868
5	3056	2901	2932	5869
5	3390	3258	3372	5870
5	3053	3021	2911	5871
5	3159	2935	3076	5872
5	2936	2770	2661	5873
5	2940	2648	2818	5874
5	2964	2634	2829	5875
5	3077	2797	2937	5876
5	2937	2797	2708	5877
5	3017	2915	2810	5878
5	3181	3017	2907	5879
5	2939	2930	2776	5880
5	2939	2776	2805	5881
5	3160	2801	3065	5882
5	3058	2818	2904	5883
5	3181	2907	3078	5884
5	2959	2811	2941	5885
5	3135	3011	3010	5886
5	3030	3015	2913	5887
5	3064	2892	3044	5888
5	3260	3141	3149	5889
5	3115	2990	3114	5890
5	2944	2899	2783	5891
5	2945	2933	2784	5892
5	2945	2784	2768	5893
5	3083	2923	3046	5894
5	2947	2716	2774	5895
5	3196	3136	2946	5896
5	3096	2946	2715	5897
5	3172	3051	3101	5898
5	3323	3191	3167	5899
5	2949	2927	2794	5900
5	2949	2794	2828	5901
5	2950	2943	2798	5902
5	2950	2798	2788	5903
5	3374	3261	3315	5904
5	3057	2902	2925	5905
5	3011	2886	3010	5906
5	3010	2885	3009	5907
5	2953	2816	2683	5908
5	2953	2683	2808	5909
5	3093	2813	2962	5910
5	2954	2850	2709	5911
5	2955	2948	2814	5912
5	2955	2814	2831	5913
5	2956	2908	2817	5914
5	2956	2817	2699	5915
5	2973	2844	2972	5916
5	3055	2891	2951	5917
5	2961	2809	2847	5918
5	3102	2958	3090	5919
5	3078	2907	2906	5920
5	3089	2964	2829	5921
5	3087	2962	2848	5922
5	3070	2847	2903	5923
5	2961	2826	2809	5924
5	3286	3173	3263	5925
5	3244	3124	3123	5926
5	2962	2813	2696	5927
5	2963	2949	2828	5928
5	2963	2828	2795	5929
5	3281	3037	3142	5930
5	2964	2825	2634	5931
5	3039	2903	2802	5932
5	3166	2961	3070	5933
5	2966	2833	2965	5934
5	3039	2802	2966	5935
5	3096	2715	2967	5936
5	2967	2715	2578	5937
5	3022	2908	2956	5938
5	3098	2938	2838	5939
5	2969	2917	2839	5940
5	2969	2839	2846	5941
5	2971	2822	2845	5942
5	3090	2958	2957	5943
5	2972	2844	2843	5944
5	3016	2957	2971	5945
5	3091	2960	3086	5946
5	2980	2978	2853	5947
5	2974	2796	2827	5948
5	2974	2848	2796	5949
5	3062	3041	2978	5950
5	3095	3039	2966	5951
5	2976	2789	2849	5952
5	2975	2849	2841	5953
5	3044	2892	2948	5954
5	3103	3033	2976	5955
5	2977	2965	2832	5956
5	2977	2832	2787	5957
5	2980	2858	2979	5958
5	3086	2960	2961	5959
5	2980	2853	2858	5960
5	2979	2858	2857	5961
5	3100	2914	2922	5962
5	3248	3179	3128	5963
5	2985	2861	2983	5964
5	2987	2862	2985	5965
5	3005	2851	2982	5966
5	3007	2881	3005	5967
5	3168	3008	3047	5968
5	2991	2866	2990	5969
5	3129	3005	2982	5970
5	2984	2982	2860	5971
5	3106	2982	2984	5972
5	2997	2872	2996	5973
5	3110	2986	2927	5974
5	2986	2984	2852	5975
5	3018	2919	2899	5976
5	3082	2905	3015	5977
5	3229	3108	3110	5978
5	3331	3204	3259	5979
5	3067	2949	2963	5980
5	3251	3129	3249	5981
5	3109	2987	2985	5982
5	3111	2988	2987	5983
5	3118	2993	3117	5984
5	3113	2989	2988	5985
5	3119	2994	3118	5986
5	3126	3002	3001	5987
5	3114	2990	2989	5988
5	3120	2995	3119	5989
5	3115	2991	2990	5990
5	3128	3004	3003	5991
5	3116	2992	2991	5992
5	3128	3003	3127	5993
5	3117	2993	2992	5994
5	3121	2996	3120	5995
5	3118	2994	2993	5996
5	3128	3048	3004	5997
5	3000	2842	2876	5998
5	3000	2876	2999	5999
5	3241	3121	3120	6000
5	3428	3373	3297	6001
5	3122	2999	2998	6002
5	3062	2978	2980	6003
5	3119	2995	2994	6004
5	3246	3125	3245	6005
5	3121	2997	2996	6006
5	3245	3121	3241	6007
5	3263	3173	3179	6008
5	3120	2996	2995	6009
5	3321	3225	3276	6010
5	3161	3044	3084	6011
5	3132	3105	2981	6012
5	3444	3442	3324	6013
5	3008	2840	2883	6014
5	3175	3006	3130	6015
5	3264	3014	2897	6016
5	3007	2882	2881	6017
5	3109	2985	3107	6018
5	3105	2983	2981	6019
5	3177	3052	3163	6020
5	3254	3133	3253	6021
5	3253	3133	3050	6022
5	3163	3052	3041	6023
5	3054	2931	3034	6024
5	3054	3013	2931	6025
5	3012	2932	2888	6026
5	3012	2888	2890	6027
5	3013	3012	2890	6028
5	3013	2890	2889	6029
5	3130	3006	2882	6030
5	3032	2929	2834	6031
5	3185	3029	3054	6032
5	3180	3137	3026	6033
5	3104	3062	2980	6034
5	3050	2952	2891	6035
5	3036	2956	2812	6036
5	3059	2941	2837	6037
5	3112	2949	3067	6038
5	3112	2927	2949	6039
5	3108	2984	2986	6040
5	3067	2963	3019	6041
5	3247	3127	3126	6042
5	3125	3001	2997	6043
5	3021	2939	2911	6044
5	3075	2912	2901	6045
5	3098	2838	2968	6046
5	3097	2908	3022	6047
5	3036	2812	2917	6048
5	3036	3022	2956	6049
5	3096	2967	3024	6050
5	3024	2967	2918	6051
5	3025	2950	2900	6052
5	3043	2975	2893	6053
5	3200	3018	3170	6054
5	3350	3347	3231	6055
5	3265	3197	3017	6056
5	3266	3078	3182	6057
5	3094	2904	2825	6058
5	3089	2829	2959	6059
5	3034	2931	3011	6060
5	3134	3010	3009	6061
5	3074	2945	3061	6062
5	3074	2933	2945	6063
5	3271	3060	3156	6064
5	3031	2897	2785	6065
5	3376	3309	3162	6066
5	3072	2772	2929	6067
5	3033	3025	2900	6068
5	3033	2900	2976	6069
5	3054	3029	3013	6070
5	3436	3312	3435	6071
5	3186	3065	2940	6072
5	3060	2816	2953	6073
5	3220	3098	3219	6074
5	3040	2969	3023	6075
5	3142	3037	2803	6076
5	3046	2716	2947	6077
5	3051	2973	2972	6078
5	3194	3055	3085	6079
5	3188	2962	3087	6080
5	3045	2924	2850	6081
5	3040	3036	2917	6082
5	3040	2917	2969	6083
5	3092	2973	3051	6084
5	3104	2979	3038	6085
5	3095	2965	3042	6086
5	3042	2965	2977	6087
5	3103	2976	2975	6088
5	3202	3157	3068	6089
5	3084	2955	3049	6090
5	3084	2948	2955	6091
5	3319	3192	3268	6092
5	3482	3372	3417	6093
5	3035	2791	2909	6094
5	3035	2808	2791	6095
5	3130	2882	3007	6096
5	3116	2991	3115	6097
5	3048	3020	2898	6098
5	3048	2898	3004	6099
5	3084	3044	2948	6100
5	3049	2955	2943	6101
5	3133	3009	2952	6102
5	3134	3009	3133	6103
5	3148	3049	3080	6104
5	3124	2970	3000	6105
5	3085	2951	2926	6106
5	3055	3050	2891	6107
5	3075	2934	2912	6108
5	3205	3056	3152	6109
5	3270	3205	3152	6110
5	3255	3176	3135	6111
5	3071	2902	3057	6112
5	3071	2926	2902	6113
5	3395	3316	3289	6114
5	3075	2901	3056	6115
5	3253	3050	3140	6116
5	3085	2926	3071	6117
5	3060	3028	2816	6118
5	3035	2953	2808	6119
5	3219	3097	3218	6120
5	3094	2825	2964	6121
5	3066	2909	2910	6122
5	3376	3162	3183	6123
5	3079	2942	2933	6124
5	3079	3030	2942	6125
5	3101	2972	2970	6126
5	3203	3057	3177	6127
5	3220	3059	2938	6128
5	3218	3097	3022	6129
5	3069	2916	3064	6130
5	3104	2980	2979	6131
5	3159	3027	2935	6132
5	3160	2803	2637	6133
5	3303	3065	3186	6134
5	3199	2909	3066	6135
5	3170	3018	3081	6136
5	3207	3079	3074	6137
5	3214	3051	3172	6138
5	3444	3322	3396	6139
5	3069	3068	2921	6140
5	3069	2921	2916	6141
5	3087	2848	2974	6142
5	3102	2974	2958	6143
5	3410	3268	3273	6144
5	3085	3055	2951	6145
5	3196	2946	3096	6146
5	3275	3028	3060	6147
5	3073	3056	2932	6148
5	3073	2932	3012	6149
5	3316	3144	3289	6150
5	3501	3379	3498	6151
5	3180	3026	3021	6152
5	3556	3446	3436	6153
5	3275	3139	3028	6154
5	3165	3058	2904	6155
5	3206	3047	2928	6156
5	3077	2928	2797	6157
5	3088	2959	2941	6158
5	3195	2941	3059	6159
5	3345	3228	3288	6160
5	3180	3021	3158	6161
5	3080	3049	2943	6162
5	3080	2943	2950	6163
5	3081	3018	2899	6164
5	3081	2899	2944	6165
5	3082	3081	2944	6166
5	3082	2944	2905	6167
5	3083	3066	2910	6168
5	3083	2910	2923	6169
5	3580	3374	3471	6170
5	3364	3246	3363	6171
5	3045	3042	2977	6172
5	3045	2977	2924	6173
5	3091	2920	2960	6174
5	3213	3090	3016	6175
5	3209	3038	3100	6176
5	3093	2954	2813	6177
5	3182	3078	2906	6178
5	3210	3089	2959	6179
5	3210	2959	3088	6180
5	3382	3088	3195	6181
5	3320	3215	3147	6182
5	3344	3224	3213	6183
5	3279	3086	3166	6184
5	3212	3091	3086	6185
5	3311	3167	3161	6186
5	3099	2922	2920	6187
5	3095	2966	2965	6188
5	3211	3087	2974	6189
5	3155	2964	3089	6190
5	3299	3037	3281	6191
5	3282	3221	3212	6192
5	3209	3164	3038	6193
5	3264	3031	3136	6194
5	3151	3077	2937	6195
5	3198	3138	3023	6196
5	3187	3022	3036	6197
5	3198	3023	3063	6198
5	3219	3098	3097	6199
5	3322	3203	3261	6200
5	3100	3038	2914	6201
5	3221	3099	3091	6202
5	3261	3203	3177	6203
5	3123	2999	3122	6204
5	3123	3000	2999	6205
5	3448	3334	3332	6206
5	3146	2903	3039	6207
5	3189	3033	3103	6208
5	3276	3225	3150	6209
5	3202	3068	3069	6210
5	3324	3194	3190	6211
5	3107	2985	2983	6212
5	3114	2989	3113	6213
5	3129	2982	3106	6214
5	3131	3005	3129	6215
5	3111	2987	3109	6216
5	3113	2988	3111	6217
5	3227	3106	3108	6218
5	3108	3106	2984	6219
5	3201	3019	3200	6220
5	3125	2997	3121	6221
5	3238	3117	3237	6222
5	3110	3108	2986	6223
5	3368	3249	3366	6224
5	3317	3180	3158	6225
5	3231	3110	3112	6226
5	3112	3110	2927	6227
5	3201	3067	3019	6228
5	3200	3019	3018	6229
5	3169	3081	3082	6230
5	3406	3346	3347	6231
5	3230	3109	3228	6232
5	3232	3113	3111	6233
5	3237	3116	3236	6234
5	3126	3001	3125	6235
5	3234	3114	3113	6236
5	3239	3118	3238	6237
5	3235	3115	3114	6238
5	3241	3120	3240	6239
5	3236	3116	3115	6240
5	3237	3117	3116	6241
5	3248	3127	3247	6242
5	3238	3118	3117	6243
5	3545	3521	3428	6244
5	3239	3119	3118	6245
5	3244	3123	3243	6246
5	3124	3000	3123	6247
5	3396	3261	3374	6248
5	3124	3101	2970	6249
5	3208	3049	3148	6250
5	3167	3044	3161	6251
5	3246	3126	3125	6252
5	3240	3120	3119	6253
5	3245	3125	3121	6254
5	3399	3311	3262	6255
5	3248	3128	3127	6256
5	3428	3321	3387	6257
5	3150	3043	3020	6258
5	3443	3311	3399	6259
5	3249	3129	3106	6260
5	3283	3151	3014	6261
5	3132	2981	3008	6262
5	3264	2897	3031	6263
5	3661	3548	3506	6264
5	3131	3007	3005	6265
5	3252	3171	3105	6266
5	3295	3130	3250	6267
5	3535	3413	3494	6268
5	3255	3135	3134	6269
5	3416	3293	3378	6270
5	3324	3190	3322	6271
5	3177	3057	3052	6272
5	3194	3085	3190	6273
5	3509	3309	3376	6274
5	3206	2928	3077	6275
5	3137	3061	3026	6276
5	3289	3144	3207	6277
5	3187	3036	3040	6278
5	3187	3040	3138	6279
5	3139	3076	2936	6280
5	3139	2936	3028	6281
5	3194	3140	3055	6282
5	3190	3085	3071	6283
5	3141	3080	3025	6284
5	3262	3161	3208	6285
5	3303	3281	3142	6286
5	3155	3094	2964	6287
5	3143	3082	3015	6288
5	3440	3317	3307	6289
5	3178	3015	3030	6290
5	3144	3030	3079	6291
5	3217	3046	3162	6292
5	3398	3159	3277	6293
5	3226	3104	3164	6294
5	3146	3070	2903	6295
5	3146	3039	3095	6296
5	3147	3045	2954	6297
5	3323	3167	3311	6298
5	3392	3300	3381	6299
5	3149	3141	3025	6300
5	3149	3025	3033	6301
5	3189	3149	3033	6302
5	3225	3043	3150	6303
5	3301	3206	3077	6304
5	3250	3130	3007	6305
5	3556	3436	3551	6306
5	3176	3034	3135	6307
5	3153	3152	3073	6308
5	3153	3073	3029	6309
5	3226	3062	3104	6310
5	3164	3104	3038	6311
5	3302	3094	3155	6312
5	3303	3142	3065	6313
5	3304	3199	3066	6314
5	3305	3156	3199	6315
5	3157	3122	3068	6316
5	3381	3300	3260	6317
5	3874	3769	3765	6318
5	3352	3233	3201	6319
5	3165	2904	3094	6320
5	3393	3266	3182	6321
5	3160	3065	3142	6322
5	3160	3142	2803	6323
5	3167	3064	3044	6324
5	3191	3069	3064	6325
5	3764	3430	3536	6326
5	3217	3083	3046	6327
5	3310	3163	3154	6328
5	3285	3214	3172	6329
5	3215	3042	3147	6330
5	3147	3042	3045	6331
5	3274	3058	3165	6332
5	3333	3155	3089	6333
5	3278	3087	3211	6334
5	3211	2974	3102	6335
5	3362	3245	3241	6336
5	3300	3141	3260	6337
5	3171	3107	3105	6338
5	3168	3132	3008	6339
5	3312	3143	3298	6340
5	3233	3112	3067	6341
5	3397	3259	3296	6342
5	3328	3200	3170	6343
5	3232	3111	3230	6344
5	3230	3111	3109	6345
5	3223	3213	3016	6346
5	3222	3100	3099	6347
5	3173	3150	3020	6348
5	3173	3020	3048	6349
5	3326	3136	3196	6350
5	3183	2947	2894	6351
5	3314	3174	3032	6352
5	3175	3032	3006	6353
5	3185	3153	3029	6354
5	3192	3034	3176	6355
5	3291	3226	3164	6356
5	3520	3396	3484	6357
5	3446	3313	3436	6358
5	3485	3380	3440	6359
5	3179	3173	3048	6360
5	3179	3048	3128	6361
5	3270	3258	3205	6362
5	3370	3253	3294	6363
5	3195	3088	2941	6364
5	3197	2915	3017	6365
5	3418	3275	3060	6366
5	3308	3027	3159	6367
5	3301	3077	3151	6368
5	3283	3014	3264	6369
5	3184	3183	2894	6370
5	3184	2894	3072	6371
5	3440	3307	3390	6372
5	3269	3152	3153	6373
5	3418	3060	3271	6374
5	3337	3145	3217	6375
5	3218	3022	3187	6376
5	3220	2938	3098	6377
5	3320	3093	3188	6378
5	3188	3093	2962	6379
5	3381	3260	3373	6380
5	3311	3161	3262	6381
5	3310	3154	3256	6382
5	3294	3140	3287	6383
5	3474	3364	3363	6384
5	3202	3069	3191	6385
5	3192	3185	3054	6386
5	3192	3054	3034	6387
5	3193	3158	3053	6388
5	3193	3053	3075	6389
5	3315	3177	3163	6390
5	3287	3140	3194	6391
5	3651	3393	3534	6392
5	3400	3078	3266	6393
5	3337	3217	3309	6394
5	3309	3217	3162	6395
5	3198	3063	3197	6396
5	3197	3063	2915	6397
5	3318	3210	3088	6398
5	3265	3017	3181	6399
5	3199	3156	3035	6400
5	3199	3035	2909	6401
5	3313	3170	3169	6402
5	3240	3119	3239	6403
5	3234	3113	3232	6404
5	3228	3109	3107	6405
5	3401	3257	3360	6406
5	3360	3242	3244	6407
5	3203	3190	3071	6408
5	3203	3071	3057	6409
5	3207	3144	3079	6410
5	3204	3074	3061	6411
5	3205	3193	3075	6412
5	3205	3075	3056	6413
5	3250	3007	3131	6414
5	3402	3330	3206	6415
5	3298	3143	3178	6416
5	3317	3158	3307	6417
5	3208	3161	3084	6418
5	3208	3084	3049	6419
5	3486	3411	3447	6420
5	3278	3188	3087	6421
5	3302	3165	3094	6422
5	3487	3266	3393	6423
5	3224	3102	3090	6424
5	3331	3289	3207	6425
5	3221	3091	3212	6426
5	3223	3092	3214	6427
5	3224	3090	3213	6428
5	3335	3102	3224	6429
5	3371	3254	3370	6430
5	3214	3092	3051	6431
5	3215	3146	3095	6432
5	3215	3095	3042	6433
5	3216	3196	3096	6434
5	3216	3096	3024	6435
5	3299	3024	3037	6436
5	3217	3145	3083	6437
5	3340	3059	3220	6438
5	3338	3198	3327	6439
5	3327	3198	3197	6440
5	3338	3138	3198	6441
5	3218	3187	3138	6442
5	3339	3220	3219	6443
5	3222	3099	3221	6444
5	3222	3209	3100	6445
5	3223	3016	3092	6446
5	3280	3243	3157	6447
5	3291	3256	3226	6448
5	3405	3282	3212	6449
5	3342	3221	3282	6450
5	3361	3243	3280	6451
5	3225	3189	3103	6452
5	3225	3103	3043	6453
5	3284	3164	3209	6454
5	3226	3154	3062	6455
5	3228	3107	3171	6456
5	3249	3106	3227	6457
5	3247	3126	3246	6458
5	3351	3232	3348	6459
5	3488	3389	3367	6460
5	3229	3227	3108	6461
5	3236	3115	3235	6462
5	3235	3114	3234	6463
5	3313	3169	3312	6464
5	3231	3229	3110	6465
5	3349	3200	3328	6466
5	3349	3201	3200	6467
5	3353	3234	3351	6468
5	3233	3231	3112	6469
5	3346	3227	3229	6470
5	3478	3366	3476	6471
5	3328	3170	3313	6472
5	3312	3169	3143	6473
5	3348	3232	3230	6474
5	3359	3241	3240	6475
5	3351	3234	3232	6476
5	3357	3238	3356	6477
5	3353	3235	3234	6478
5	3362	3241	3359	6479
5	3354	3236	3235	6480
5	3355	3237	3236	6481
5	3365	3247	3364	6482
5	3356	3238	3237	6483
5	3363	3245	3362	6484
5	3357	3239	3238	6485
5	3242	3172	3101	6486
5	3242	3101	3124	6487
5	3336	3223	3214	6488
5	3243	3123	3122	6489
5	3343	3223	3336	6490
5	3428	3297	3321	6491
5	3358	3240	3239	6492
5	3359	3240	3358	6493
5	3365	3290	3248	6494
5	3363	3246	3245	6495
5	3762	3632	3716	6496
5	3529	3420	3489	6497
5	3491	3385	3407	6498
5	3530	3381	3526	6499
5	3492	3479	3369	6500
5	3292	3252	3132	6501
5	3252	3105	3132	6502
5	3295	3175	3130	6503
5	3593	3388	3496	6504
5	3251	3131	3129	6505
5	3288	3228	3171	6506
5	3369	3288	3171	6507
5	3254	3134	3133	6508
5	3255	3134	3254	6509
5	3371	3255	3254	6510
5	3378	3319	3377	6511
5	3322	3190	3203	6512
5	3416	3269	3293	6513
5	3526	3373	3521	6514
5	3447	3323	3443	6515
5	3403	3279	3166	6516
5	3335	3211	3102	6517
5	3417	3270	3269	6518
5	3270	3152	3269	6519
5	3259	3204	3137	6520
5	3551	3436	3435	6521
5	3297	3260	3149	6522
5	3297	3149	3189	6523
5	3360	3257	3242	6524
5	3495	3386	3481	6525
5	3420	3286	3385	6526
5	3584	3474	3583	6527
5	3364	3247	3246	6528
5	3365	3248	3247	6529
5	3314	3032	3175	6530
5	3511	3409	3330	6531
5	3327	3197	3265	6532
5	3338	3219	3218	6533
5	3419	3139	3275	6534
5	3415	3318	3382	6535
5	3267	3184	3072	6536
5	3267	3072	3174	6537
5	3268	3192	3176	6538
5	3371	3273	3255	6539
5	3800	3705	3768	6540
5	3417	3269	3416	6541
5	3650	3501	3629	6542
5	3553	3440	3390	6543
5	3499	3391	3303	6544
5	3277	3076	3139	6545
5	3272	3262	3208	6546
5	3272	3208	3148	6547
5	3273	3268	3176	6548
5	3273	3176	3255	6549
5	3375	3136	3326	6550
5	3274	3186	3058	6551
5	3419	3275	3418	6552
5	3277	3159	3076	6553
5	3521	3373	3428	6554
5	3387	3321	3276	6555
5	3595	3505	3549	6556
5	3308	3182	3027	6557
5	3343	3213	3223	6558
5	3279	3212	3086	6559
5	3332	3146	3215	6560
5	3334	3070	3146	6561
5	3652	3539	3579	6562
5	3413	3272	3392	6563
5	3547	3274	3430	6564
5	3299	3216	3024	6565
5	3558	3448	3383	6566
5	3341	3209	3222	6567
5	3444	3324	3322	6568
5	3367	3250	3131	6569
5	3285	3172	3257	6570
5	3291	3164	3284	6571
5	3336	3214	3285	6572
5	3344	3213	3343	6573
5	3286	3276	3150	6574
5	3286	3150	3173	6575
5	3294	3253	3140	6576
5	3370	3254	3253	6577
5	3345	3230	3228	6578
5	3355	3236	3354	6579
5	3553	3390	3497	6580
5	3446	3328	3313	6581
5	3290	3263	3179	6582
5	3290	3179	3248	6583
5	3425	3257	3401	6584
5	3502	3425	3401	6585
5	3366	3249	3227	6586
5	3503	3292	3409	6587
5	3293	3269	3153	6588
5	3293	3153	3185	6589
5	3456	3344	3343	6590
5	3412	3256	3291	6591
5	3375	3264	3136	6592
5	3519	3437	3314	6593
5	3296	3259	3137	6594
5	3296	3137	3180	6595
5	3438	3256	3412	6596
5	3589	3481	3480	6597
5	3669	3497	3596	6598
5	3397	3296	3380	6599
5	3304	3066	3145	6600
5	3325	3196	3216	6601
5	3300	3272	3148	6602
5	3300	3148	3141	6603
5	3330	3047	3206	6604
5	3330	3168	3047	6605
5	3431	3304	3394	6606
5	3536	3302	3404	6607
5	3735	3656	3542	6608
5	3487	3415	3266	6609
5	3305	3271	3156	6610
5	3305	3199	3304	6611
5	3500	3281	3391	6612
5	3431	3305	3304	6613
5	3306	3280	3157	6614
5	3306	3157	3202	6615
5	3317	3296	3180	6616
5	3307	3158	3193	6617
5	3441	3210	3318	6618
5	3382	3195	3340	6619
5	3483	3325	3433	6620
5	3506	3431	3394	6621
5	3315	3261	3177	6622
5	3315	3163	3310	6623
5	3329	3202	3191	6624
5	3329	3191	3323	6625
5	3628	3533	3594	6626
5	3423	3331	3379	6627
5	3435	3298	3429	6628
5	3429	3316	3395	6629
5	3414	3184	3267	6630
5	3437	3174	3314	6631
5	3481	3370	3480	6632
5	3538	3386	3495	6633
5	3316	3298	3178	6634
5	3316	3178	3144	6635
5	3497	3372	3482	6636
5	3378	3293	3319	6637
5	3441	3333	3210	6638
5	3333	3089	3210	6639
5	3319	3293	3185	6640
5	3319	3185	3192	6641
5	3320	3147	3093	6642
5	3331	3207	3204	6643
5	3321	3297	3189	6644
5	3321	3189	3225	6645
5	3324	3287	3194	6646
5	3447	3411	3329	6647
5	3507	3454	3450	6648
5	3329	3306	3202	6649
5	3396	3322	3261	6650
5	3527	3447	3443	6651
5	3326	3196	3325	6652
5	3388	3301	3151	6653
5	3801	3711	3601	6654
5	3388	3151	3283	6655
5	3340	3195	3059	6656
5	3338	3218	3138	6657
5	3435	3312	3298	6658
5	3358	3239	3357	6659
5	3392	3272	3300	6660
5	3599	3563	3507	6661
5	3737	3633	3493	6662
5	3367	3131	3251	6663
5	3515	3279	3403	6664
5	3332	3215	3320	6665
5	3334	3146	3332	6666
5	3334	3166	3070	6667
5	3404	3155	3333	6668
5	3393	3182	3308	6669
5	3403	3166	3334	6670
5	3448	3403	3334	6671
5	3448	3332	3383	6672
5	3449	3211	3335	6673
5	3471	3315	3310	6674
5	3616	3405	3515	6675
5	3524	3506	3394	6676
5	3391	3281	3303	6677
5	3340	3220	3339	6678
5	3339	3219	3338	6679
5	3452	3327	3265	6680
5	3400	3265	3181	6681
5	3400	3181	3078	6682
5	3382	3318	3088	6683
5	3453	3424	3284	6684
5	3341	3284	3209	6685
5	3342	3341	3222	6686
5	3342	3222	3221	6687
5	3450	3336	3285	6688
5	3425	3285	3257	6689
5	3454	3343	3336	6690
5	3597	3513	3560	6691
5	3348	3230	3345	6692
5	3356	3237	3355	6693
5	3476	3366	3346	6694
5	3366	3227	3346	6695
5	3347	3346	3229	6696
5	3347	3229	3231	6697
5	3736	3592	3626	6698
5	3354	3235	3353	6699
5	3352	3201	3349	6700
5	3350	3231	3233	6701
5	3474	3363	3473	6702
5	3461	3458	3350	6703
5	3458	3347	3350	6704
5	3459	3351	3348	6705
5	3458	3406	3347	6706
5	3352	3350	3233	6707
5	3565	3384	3457	6708
5	3460	3352	3349	6709
5	3463	3328	3446	6710
5	3429	3298	3316	6711
5	3436	3313	3312	6712
5	3462	3351	3459	6713
5	3462	3353	3351	6714
5	3464	3354	3353	6715
5	3582	3473	3472	6716
5	3465	3355	3354	6717
5	3473	3362	3472	6718
5	3466	3356	3355	6719
5	3475	3364	3474	6720
5	3467	3357	3356	6721
5	3411	3306	3329	6722
5	3510	3401	3470	6723
5	3361	3360	3244	6724
5	3361	3244	3243	6725
5	3472	3359	3469	6726
5	3468	3358	3357	6727
5	3469	3359	3358	6728
5	3475	3408	3365	6729
5	3473	3363	3362	6730
5	3983	3911	3982	6731
5	3699	3606	3641	6732
5	3472	3362	3359	6733
5	3479	3457	3288	6734
5	3426	3252	3292	6735
5	3369	3171	3252	6736
5	3711	3492	3601	6737
5	3704	3488	3608	6738
5	3368	3251	3249	6739
5	3476	3346	3406	6740
5	3384	3348	3345	6741
5	3481	3386	3371	6742
5	3480	3370	3294	6743
5	3696	3544	3657	6744
5	3410	3273	3386	6745
5	3417	3372	3270	6746
5	3481	3371	3370	6747
5	3491	3407	3490	6748
5	3602	3490	3517	6749
5	3438	3310	3256	6750
5	3741	3522	3616	6751
5	3552	3414	3267	6752
5	3434	3337	3309	6753
5	3524	3394	3337	6754
5	3493	3376	3414	6755
5	3377	3319	3268	6756
5	3386	3273	3371	6757
5	3518	3442	3444	6758
5	3544	3442	3518	6759
5	3379	3331	3259	6760
5	3629	3498	3628	6761
5	3397	3379	3259	6762
5	3380	3296	3317	6763
5	3951	3855	3927	6764
5	3603	3521	3545	6765
5	3452	3339	3338	6766
5	3452	3265	3400	6767
5	3902	3706	3813	6768
5	3383	3188	3278	6769
5	3466	3355	3465	6770
5	3468	3357	3467	6771
5	3385	3286	3263	6772
5	3475	3365	3364	6773
5	3410	3377	3268	6774
5	3703	3594	3610	6775
5	3494	3413	3392	6776
5	3742	3659	3707	6777
5	3402	3301	3388	6778
5	3402	3206	3301	6779
5	3389	3295	3250	6780
5	3389	3250	3367	6781
5	3440	3380	3317	6782
5	3390	3307	3258	6783
5	3433	3216	3299	6784
5	3433	3325	3216	6785
5	3648	3530	3526	6786
5	3526	3381	3373	6787
5	3404	3302	3155	6788
5	3531	3404	3333	6789
5	3394	3304	3145	6790
5	3394	3145	3337	6791
5	3550	3429	3546	6792
5	3533	3380	3485	6793
5	3427	3294	3287	6794
5	3480	3294	3427	6795
5	3498	3379	3397	6796
5	3546	3395	3532	6797
5	3534	3393	3308	6798
5	3398	3308	3159	6799
5	3743	3728	3604	6800
5	3627	3490	3602	6801
5	3452	3340	3339	6802
5	3452	3338	3327	6803
5	3421	3306	3411	6804
5	3607	3518	3520	6805
5	3409	3292	3168	6806
5	3409	3168	3330	6807
5	3451	3342	3282	6808
5	3405	3212	3279	6809
5	3432	3305	3431	6810
5	3764	3547	3430	6811
5	3422	3335	3224	6812
5	3422	3224	3344	6813
5	3569	3459	3516	6814
5	3457	3345	3288	6815
5	3407	3385	3263	6816
5	3407	3263	3290	6817
5	3408	3407	3290	6818
5	3408	3290	3365	6819
5	3704	3600	3488	6820
5	3426	3369	3252	6821
5	4003	3938	3984	6822
5	3609	3528	3538	6823
5	3439	3361	3280	6824
5	3504	3439	3421	6825
5	3421	3280	3306	6826
5	3470	3360	3361	6827
5	3413	3399	3262	6828
5	3413	3262	3272	6829
5	3414	3376	3183	6830
5	3414	3183	3184	6831
5	3415	3382	3400	6832
5	3415	3400	3266	6833
5	3540	3416	3378	6834
5	3610	3594	3485	6835
5	3667	3551	3550	6836
5	3692	3623	3584	6837
5	3542	3277	3419	6838
5	3419	3277	3139	6839
5	3430	3165	3302	6840
5	3505	3419	3418	6841
5	3420	3387	3276	6842
5	3420	3276	3286	6843
5	3705	3605	3655	6844
5	3688	3543	3604	6845
5	3455	3341	3342	6846
5	3512	3403	3448	6847
5	3423	3395	3289	6848
5	3423	3289	3331	6849
5	3424	3412	3291	6850
5	3424	3291	3284	6851
5	3450	3285	3425	6852
5	3522	3451	3282	6853
5	3477	3367	3251	6854
5	3477	3251	3368	6855
5	3543	3411	3486	6856
5	3804	3721	3790	6857
5	3936	3817	3812	6858
5	3794	3692	3691	6859
5	3532	3423	3501	6860
5	3463	3349	3328	6861
5	3499	3303	3186	6862
5	3430	3274	3165	6863
5	3432	3271	3305	6864
5	3432	3418	3271	6865
5	3500	3299	3281	6866
5	3547	3499	3186	6867
5	3524	3337	3434	6868
5	3555	3375	3326	6869
5	3600	3523	3389	6870
5	3375	3283	3264	6871
5	3754	3628	3753	6872
5	3501	3423	3379	6873
5	3551	3435	3550	6874
5	3532	3395	3423	6875
5	3631	3402	3593	6876
5	3437	3267	3174	6877
5	3439	3280	3421	6878
5	3471	3310	3438	6879
5	3470	3361	3439	6880
5	3470	3401	3360	6881
5	3541	3417	3416	6882
5	3645	3528	3609	6883
5	3554	3318	3415	6884
5	3591	3531	3441	6885
5	3442	3427	3287	6886
5	3442	3287	3324	6887
5	3447	3329	3323	6888
5	3443	3323	3311	6889
5	3519	3314	3175	6890
5	3511	3330	3402	6891
5	3708	3615	3555	6892
5	3445	3326	3325	6893
5	3572	3446	3556	6894
5	3469	3358	3468	6895
5	3383	3332	3320	6896
5	3383	3320	3188	6897
5	3449	3278	3211	6898
5	3598	3561	3456	6899
5	3558	3278	3449	6900
5	3558	3383	3278	6901
5	3559	3450	3425	6902
5	3515	3403	3512	6903
5	3455	3342	3451	6904
5	3453	3284	3341	6905
5	3452	3400	3382	6906
5	3452	3382	3340	6907
5	3454	3336	3450	6908
5	3559	3425	3502	6909
5	3456	3343	3454	6910
5	3741	3616	3701	6911
5	3709	3561	3598	6912
5	3455	3453	3341	6913
5	3736	3707	3592	6914
5	3580	3471	3539	6915
5	3573	3464	3571	6916
5	3457	3384	3345	6917
5	3459	3348	3384	6918
5	3516	3459	3384	6919
5	3464	3353	3462	6920
5	3465	3354	3464	6921
5	3461	3352	3460	6922
5	3461	3350	3352	6923
5	3805	3755	3635	6924
5	3537	3476	3406	6925
5	3618	3537	3566	6926
5	3583	3473	3582	6927
5	3666	3516	3619	6928
5	3463	3460	3349	6929
5	3569	3462	3459	6930
5	3567	3461	3460	6931
5	3806	3608	3745	6932
5	3546	3429	3395	6933
5	3550	3435	3429	6934
5	3904	3711	3801	6935
5	3571	3464	3462	6936
5	3573	3465	3464	6937
5	3584	3517	3475	6938
5	3574	3466	3465	6939
5	3692	3583	3691	6940
5	3575	3467	3466	6941
5	3604	3543	3486	6942
5	3530	3392	3381	6943
5	3589	3480	3588	6944
5	3471	3374	3315	6945
5	3690	3582	3581	6946
5	3576	3468	3467	6947
5	3582	3472	3581	6948
5	3577	3469	3468	6949
5	3583	3474	3473	6950
5	3626	3489	3491	6951
5	3581	3472	3469	6952
5	3584	3475	3474	6953
5	3585	3368	3478	6954
5	3488	3367	3477	6955
5	3479	3288	3369	6956
5	3503	3426	3292	6957
5	3600	3389	3488	6958
5	3478	3368	3366	6959
5	3492	3369	3426	6960
5	3570	3460	3463	6961
5	3513	3412	3424	6962
5	3541	3416	3540	6963
5	3525	3378	3377	6964
5	3654	3540	3525	6965
5	3541	3482	3417	6966
5	3540	3378	3525	6967
5	3624	3445	3483	6968
5	3483	3445	3325	6969
5	3484	3396	3374	6970
5	3580	3484	3374	6971
5	3753	3594	3703	6972
5	3768	3655	3654	6973
5	3766	3687	3652	6974
5	3527	3486	3447	6975
5	3542	3398	3277	6976
5	3554	3441	3318	6977
5	3519	3175	3295	6978
5	3555	3326	3445	6979
5	3489	3420	3385	6980
5	3788	3686	3653	6981
5	3491	3489	3385	6982
5	3490	3407	3408	6983
5	3626	3592	3489	6984
5	3934	3836	3897	6985
5	3608	3477	3585	6986
5	3586	3476	3537	6987
5	3509	3434	3309	6988
5	3509	3376	3493	6989
5	3508	3443	3399	6990
5	3527	3443	3508	6991
5	3589	3495	3481	6992
5	3588	3427	3544	6993
5	3496	3388	3283	6994
5	3496	3283	3375	6995
5	3553	3485	3440	6996
5	3497	3390	3372	6997
5	3747	3610	3669	6998
5	3660	3532	3650	6999
5	3548	3432	3431	7000
5	3549	3432	3548	7001
5	3514	3299	3500	7002
5	3514	3433	3299	7003
5	3610	3485	3553	7004
5	3747	3703	3610	7005
5	3578	3439	3504	7006
5	3612	3507	3559	7007
5	4010	3835	3944	7008
5	3585	3477	3368	7009
5	3578	3470	3439	7010
5	3510	3502	3401	7011
5	3531	3333	3441	7012
5	3534	3308	3398	7013
5	3549	3505	3418	7014
5	3548	3431	3506	7015
5	3563	3456	3454	7016
5	3579	3412	3513	7017
5	3648	3526	3646	7018
5	3898	3808	3868	7019
5	3633	3509	3493	7020
5	3643	3524	3434	7021
5	3539	3471	3438	7022
5	3564	3455	3451	7023
5	3608	3488	3477	7024
5	3805	3635	3733	7025
5	3616	3522	3405	7026
5	3515	3405	3279	7027
5	3716	3606	3699	7028
5	3653	3578	3504	7029
5	3644	3506	3524	7030
5	3590	3483	3433	7031
5	3563	3454	3507	7032
5	3522	3282	3405	7033
5	3574	3465	3573	7034
5	3572	3463	3446	7035
5	3517	3490	3408	7036
5	3517	3408	3475	7037
5	3544	3427	3442	7038
5	3588	3480	3427	7039
5	3640	3437	3519	7040
5	3552	3267	3437	7041
5	3520	3518	3444	7042
5	3520	3444	3396	7043
5	3530	3494	3392	7044
5	3808	3715	3762	7045
5	3557	3335	3422	7046
5	3642	3422	3561	7047
5	3523	3519	3295	7048
5	3523	3295	3389	7049
5	3644	3524	3643	7050
5	3590	3433	3514	7051
5	3799	3696	3717	7052
5	3654	3525	3645	7053
5	4029	3898	4020	7054
5	3817	3752	3718	7055
5	3657	3518	3607	7056
5	3767	3645	3761	7057
5	3528	3525	3377	7058
5	3528	3377	3410	7059
5	3545	3428	3387	7060
5	3529	3387	3420	7061
5	3659	3529	3592	7062
5	3606	3535	3494	7063
5	3649	3404	3531	7064
5	3536	3430	3302	7065
5	3655	3541	3540	7066
5	3628	3498	3533	7067
5	3533	3498	3397	7068
5	3533	3397	3380	7069
5	3554	3415	3487	7070
5	3670	3554	3487	7071
5	3535	3508	3399	7072
5	3535	3399	3413	7073
5	3649	3536	3404	7074
5	3547	3186	3274	7075
5	3621	3479	3492	7076
5	3587	3565	3457	7077
5	3538	3528	3410	7078
5	3538	3410	3386	7079
5	3696	3588	3544	7080
5	3638	3513	3597	7081
5	3719	3605	3705	7082
5	3645	3525	3528	7083
5	3869	3754	3864	7084
5	3655	3605	3541	7085
5	3651	3487	3393	7086
5	3656	3398	3542	7087
5	3543	3504	3421	7088
5	3543	3421	3411	7089
5	4118	4026	4045	7090
5	3854	3743	3847	7091
5	3646	3521	3603	7092
5	3715	3625	3647	7093
5	3665	3550	3546	7094
5	3629	3501	3498	7095
5	3723	3651	3656	7096
5	3549	3418	3432	7097
5	3671	3445	3624	7098
5	3724	3639	3662	7099
5	3749	3624	3483	7100
5	3842	3771	3664	7101
5	3667	3550	3665	7102
5	3694	3537	3618	7103
5	3665	3546	3660	7104
5	3650	3532	3501	7105
5	3613	3493	3414	7106
5	3593	3402	3388	7107
5	3655	3540	3654	7108
5	3769	3660	3650	7109
5	3649	3531	3591	7110
5	3591	3441	3554	7111
5	3634	3434	3509	7112
5	3708	3555	3671	7113
5	3780	3727	3622	7114
5	3905	3731	3826	7115
5	3672	3449	3557	7116
5	3557	3449	3335	7117
5	3672	3558	3449	7118
5	3558	3512	3448	7119
5	3673	3597	3560	7120
5	3559	3507	3450	7121
5	3560	3513	3424	7122
5	3560	3424	3453	7123
5	3561	3422	3344	7124
5	3561	3344	3456	7125
5	3562	3560	3453	7126
5	3562	3453	3455	7127
5	3598	3456	3563	7128
5	3675	3562	3564	7129
5	3702	3653	3688	7130
5	3564	3562	3455	7131
5	3568	3461	3567	7132
5	3565	3516	3384	7133
5	3566	3537	3406	7134
5	3566	3406	3458	7135
5	3568	3458	3461	7136
5	3568	3566	3458	7137
5	3581	3469	3577	7138
5	4076	3991	3925	7139
5	3571	3462	3569	7140
5	3577	3468	3576	7141
5	3679	3571	3622	7142
5	3570	3567	3460	7143
5	3576	3467	3575	7144
5	3575	3466	3574	7145
5	3677	3620	3567	7146
5	3572	3570	3463	7147
5	3620	3568	3567	7148
5	3676	3568	3620	7149
5	3826	3731	3692	7150
5	3676	3618	3566	7151
5	3681	3573	3679	7152
5	3689	3577	3685	7153
5	3679	3573	3571	7154
5	3681	3574	3573	7155
5	3691	3582	3690	7156
5	3683	3575	3574	7157
5	3612	3599	3507	7158
5	3578	3510	3470	7159
5	3579	3539	3438	7160
5	3579	3438	3412	7161
5	4110	4019	4075	7162
5	3730	3609	3614	7163
5	3812	3718	3732	7164
5	3684	3576	3575	7165
5	3690	3581	3689	7166
5	3685	3577	3576	7167
5	3846	3732	3731	7168
5	3691	3583	3582	7169
5	4063	3981	3987	7170
5	3732	3623	3731	7171
5	3587	3457	3479	7172
5	3750	3668	3523	7173
5	3711	3621	3492	7174
5	3586	3478	3476	7175
5	3700	3587	3621	7176
5	3695	3619	3565	7177
5	4034	3924	4003	7178
5	3658	3614	3495	7179
5	3625	3604	3486	7180
5	3732	3602	3623	7181
5	3726	3595	3663	7182
5	3671	3555	3445	7183
5	3735	3542	3419	7184
5	3735	3419	3505	7185
5	3592	3529	3489	7186
5	3936	3812	3935	7187
5	3850	3633	3737	7188
5	3901	3805	3733	7189
5	3594	3533	3485	7190
5	3765	3629	3754	7191
5	3663	3548	3661	7192
5	3661	3506	3644	7193
5	3596	3497	3482	7194
5	3820	3719	3705	7195
5	3790	3687	3766	7196
5	3638	3579	3513	7197
5	3740	3675	3564	7198
5	3675	3673	3562	7199
5	4064	3999	4030	7200
5	3740	3564	3674	7201
5	3750	3523	3600	7202
5	3613	3414	3552	7203
5	3601	3492	3426	7204
5	3601	3426	3503	7205
5	3689	3581	3577	7206
5	3692	3584	3583	7207
5	3836	3742	3802	7208
5	3710	3646	3603	7209
5	3763	3646	3710	7210
5	3817	3718	3812	7211
5	3605	3596	3482	7212
5	3605	3482	3541	7213
5	3625	3486	3527	7214
5	3632	3535	3606	7215
5	3687	3539	3652	7216
5	3762	3647	3632	7217
5	3745	3585	3693	7218
5	3621	3587	3479	7219
5	3790	3721	3617	7220
5	3657	3544	3518	7221
5	3875	3769	3874	7222
5	3747	3669	3713	7223
5	3611	3607	3520	7224
5	3611	3520	3484	7225
5	3788	3653	3702	7226
5	3673	3560	3562	7227
5	3615	3375	3555	7228
5	3749	3483	3590	7229
5	3614	3609	3538	7230
5	3614	3538	3495	7231
5	3816	3671	3751	7232
5	3615	3496	3375	7233
5	3672	3512	3558	7234
5	3741	3674	3522	7235
5	3617	3611	3484	7236
5	3617	3484	3580	7237
5	3622	3571	3569	7238
5	3619	3516	3565	7239
5	3660	3546	3532	7240
5	3676	3566	3568	7241
5	3682	3551	3667	7242
5	3680	3572	3556	7243
5	3693	3585	3478	7244
5	3693	3478	3586	7245
5	3683	3574	3681	7246
5	3677	3567	3570	7247
5	3623	3602	3517	7248
5	3623	3517	3584	7249
5	3815	3600	3704	7250
5	3816	3708	3671	7251
5	3647	3508	3632	7252
5	3647	3527	3508	7253
5	3752	3627	3718	7254
5	3931	3802	3834	7255
5	3627	3626	3491	7256
5	3627	3491	3490	7257
5	3785	3682	3667	7258
5	4065	3833	3912	7259
5	3713	3669	3596	7260
5	3753	3628	3594	7261
5	3630	3612	3559	7262
5	3630	3559	3502	7263
5	3904	3837	3711	7264
5	3631	3511	3402	7265
5	3647	3625	3527	7266
5	3632	3508	3535	7267
5	3634	3509	3633	7268
5	3663	3549	3548	7269
5	3848	3822	3774	7270
5	3643	3434	3634	7271
5	3635	3503	3409	7272
5	3635	3409	3511	7273
5	3636	3616	3515	7274
5	3636	3515	3512	7275
5	3637	3630	3502	7276
5	3637	3502	3510	7277
5	3652	3579	3638	7278
5	3687	3580	3539	7279
5	3639	3590	3514	7280
5	3639	3514	3500	7281
5	3757	3640	3668	7282
5	3640	3552	3437	7283
5	3641	3606	3494	7284
5	3641	3494	3530	7285
5	3642	3636	3557	7286
5	3642	3557	3422	7287
5	3758	3643	3634	7288
5	3770	3724	3725	7289
5	3821	3749	3759	7290
5	3835	3593	3814	7291
5	3838	3719	3820	7292
5	3768	3654	3767	7293
5	3648	3641	3530	7294
5	3646	3526	3521	7295
5	3819	3746	3798	7296
5	3734	3720	3607	7297
5	3722	3699	3641	7298
5	3761	3609	3730	7299
5	3841	3664	3499	7300
5	3774	3649	3591	7301
5	3773	3665	3772	7302
5	3772	3660	3769	7303
5	3670	3487	3651	7304
5	3670	3591	3554	7305
5	3686	3510	3578	7306
5	3738	3630	3637	7307
5	3686	3578	3653	7308
5	3686	3637	3510	7309
5	3761	3645	3609	7310
5	4065	3903	3833	7311
5	3829	3730	3746	7312
5	3820	3705	3800	7313
5	3656	3651	3534	7314
5	3656	3534	3398	7315
5	3658	3495	3589	7316
5	3734	3611	3721	7317
5	3697	3588	3696	7318
5	3697	3589	3588	7319
5	3659	3603	3545	7320
5	3659	3545	3529	7321
5	3863	3753	3703	7322
5	3754	3629	3628	7323
5	3759	3639	3724	7324
5	3968	3883	3917	7325
5	3662	3639	3500	7326
5	3662	3500	3391	7327
5	3723	3670	3651	7328
5	3663	3595	3549	7329
5	3664	3662	3391	7330
5	3664	3391	3499	7331
5	4150	4066	4134	7332
5	3682	3556	3551	7333
5	3666	3622	3569	7334
5	3666	3569	3516	7335
5	3765	3650	3629	7336
5	3772	3665	3660	7337
5	3668	3640	3519	7338
5	3668	3519	3523	7339
5	3669	3610	3553	7340
5	3669	3553	3497	7341
5	3906	3841	3764	7342
5	3774	3591	3670	7343
5	3835	3733	3631	7344
5	3737	3493	3613	7345
5	3672	3557	3636	7346
5	3672	3636	3512	7347
5	3776	3597	3673	7348
5	3775	3599	3612	7349
5	3674	3564	3451	7350
5	3674	3451	3522	7351
5	3813	3675	3740	7352
5	3852	3741	3701	7353
5	3729	3618	3676	7354
5	3778	3666	3619	7355
5	3783	3680	3682	7356
5	3779	3712	3677	7357
5	3678	3677	3570	7358
5	3678	3570	3572	7359
5	3685	3576	3684	7360
5	3684	3575	3683	7361
5	3779	3677	3678	7362
5	3680	3678	3572	7363
5	3712	3620	3677	7364
5	3773	3667	3665	7365
5	3785	3667	3773	7366
5	3682	3680	3556	7367
5	3782	3679	3727	7368
5	3794	3691	3793	7369
5	3826	3692	3794	7370
5	3769	3650	3765	7371
5	3926	3831	3907	7372
5	3784	3683	3681	7373
5	3706	3673	3675	7374
5	3714	3637	3686	7375
5	3748	3630	3738	7376
5	3687	3617	3580	7377
5	3688	3653	3504	7378
5	3688	3504	3543	7379
5	3792	3689	3791	7380
5	3786	3684	3683	7381
5	3793	3691	3690	7382
5	3787	3685	3684	7383
5	3846	3812	3732	7384
5	3793	3690	3792	7385
5	3791	3689	3685	7386
5	3792	3690	3689	7387
5	3695	3565	3587	7388
5	3992	3827	3929	7389
5	3827	3693	3795	7390
5	3694	3586	3537	7391
5	3700	3695	3587	7392
5	3777	3620	3712	7393
5	3697	3658	3589	7394
5	3932	3828	3839	7395
5	3873	3800	3768	7396
5	3890	3728	3854	7397
5	3735	3505	3698	7398
5	3698	3505	3595	7399
5	4254	4211	4214	7400
5	3722	3641	3648	7401
5	3825	3782	3727	7402
5	3796	3618	3729	7403
5	3701	3616	3636	7404
5	3701	3636	3642	7405
5	3909	3800	3873	7406
5	3829	3746	3819	7407
5	3833	3703	3747	7408
5	3767	3654	3645	7409
5	3745	3608	3585	7410
5	3994	3801	3933	7411
5	3768	3705	3655	7412
5	3872	3761	3867	7413
5	3748	3612	3630	7414
5	3789	3638	3744	7415
5	3707	3659	3592	7416
5	3840	3763	3807	7417
5	3814	3496	3615	7418
5	4077	3988	3910	7419
5	3709	3701	3642	7420
5	3709	3642	3561	7421
5	3943	3849	3913	7422
5	3807	3763	3710	7423
5	3801	3601	3755	7424
5	3910	3815	3704	7425
5	3797	3619	3695	7426
5	3727	3679	3622	7427
5	3873	3768	3767	7428
5	3912	3833	3857	7429
5	3738	3637	3714	7430
5	3775	3612	3748	7431
5	3743	3625	3715	7432
5	3728	3688	3604	7433
5	3762	3715	3647	7434
5	3716	3632	3606	7435
5	3717	3696	3657	7436
5	3721	3611	3617	7437
5	3718	3627	3602	7438
5	3993	3948	3945	7439
5	3719	3713	3596	7440
5	3719	3596	3605	7441
5	3720	3717	3657	7442
5	3720	3657	3607	7443
5	3734	3607	3611	7444
5	3847	3743	3715	7445
5	3834	3802	3707	7446
5	4162	4138	4087	7447
5	3764	3536	3649	7448
5	3774	3670	3723	7449
5	3771	3662	3664	7450
5	3725	3663	3661	7451
5	3841	3547	3764	7452
5	3726	3663	3725	7453
5	3771	3724	3662	7454
5	3841	3499	3547	7455
5	3786	3683	3784	7456
5	3784	3681	3782	7457
5	3790	3617	3687	7458
5	3728	3702	3688	7459
5	3843	3695	3700	7460
5	3881	3777	3712	7461
5	3854	3728	3743	7462
5	3867	3730	3829	7463
5	3732	3718	3602	7464
5	3731	3623	3692	7465
5	4134	4066	4107	7466
5	3834	3707	3736	7467
5	3733	3635	3511	7468
5	3733	3511	3631	7469
5	3743	3604	3625	7470
5	3923	3871	3890	7471
5	3971	3886	3876	7472
5	3848	3656	3735	7473
5	3849	3752	3817	7474
5	3936	3913	3817	7475
5	3756	3634	3633	7476
5	3850	3756	3633	7477
5	3744	3638	3597	7478
5	3859	3775	3748	7479
5	3739	3598	3563	7480
5	3739	3563	3599	7481
5	3824	3823	3740	7482
5	3852	3740	3674	7483
5	3852	3701	3709	7484
5	3824	3598	3739	7485
5	3742	3710	3603	7486
5	3742	3603	3659	7487
5	3982	3934	3981	7488
5	3889	3766	3870	7489
5	3856	3789	3744	7490
5	3832	3798	3799	7491
5	3827	3745	3693	7492
5	3796	3694	3618	7493
5	3746	3730	3614	7494
5	3746	3614	3658	7495
5	3950	3838	3924	7496
5	3966	3881	3926	7497
5	3945	3847	3808	7498
5	3858	3748	3738	7499
5	3770	3661	3644	7500
5	3760	3643	3758	7501
5	3757	3552	3640	7502
5	3988	3815	3910	7503
5	3751	3671	3624	7504
5	3821	3818	3862	7505
5	3752	3736	3626	7506
5	3752	3626	3627	7507
5	4245	4197	4147	7508
5	3857	3747	3713	7509
5	4073	4038	3954	7510
5	3857	3713	3838	7511
5	3755	3601	3503	7512
5	3755	3503	3635	7513
5	3760	3644	3643	7514
5	3758	3634	3756	7515
5	3865	3613	3757	7516
5	3757	3613	3552	7517
5	3962	3875	3874	7518
5	3818	3760	3758	7519
5	3759	3749	3590	7520
5	3759	3590	3639	7521
5	3770	3644	3760	7522
5	3770	3725	3661	7523
5	3960	3867	3956	7524
5	3945	3808	3898	7525
5	3868	3716	3809	7526
5	3974	3804	3889	7527
5	3763	3722	3648	7528
5	3763	3648	3646	7529
5	4047	3968	4018	7530
5	3810	3595	3726	7531
5	3864	3753	3863	7532
5	3864	3754	3753	7533
5	3922	3775	3859	7534
5	3989	3803	3902	7535
5	3872	3767	3761	7536
5	3938	3800	3909	7537
5	3960	3872	3867	7538
5	3990	3920	3958	7539
5	3883	3782	3825	7540
5	3874	3765	3869	7541
5	3821	3760	3818	7542
5	3770	3759	3724	7543
5	3771	3726	3725	7544
5	3771	3725	3724	7545
5	4016	3962	4001	7546
5	3869	3765	3754	7547
5	3886	3773	3876	7548
5	3782	3681	3679	7549
5	3848	3774	3723	7550
5	3822	3649	3774	7551
5	3776	3673	3706	7552
5	3813	3706	3675	7553
5	3871	3788	3702	7554
5	3776	3744	3597	7555
5	3777	3729	3676	7556
5	3777	3676	3620	7557
5	3925	3896	3797	7558
5	3780	3666	3778	7559
5	3831	3712	3779	7560
5	3780	3622	3666	7561
5	3970	3885	3968	7562
5	3844	3729	3777	7563
5	3781	3779	3678	7564
5	3781	3678	3680	7565
5	3791	3685	3787	7566
5	3787	3684	3786	7567
5	3905	3846	3731	7568
5	3783	3781	3680	7569
5	3879	3779	3781	7570
5	3876	3773	3772	7571
5	3886	3785	3773	7572
5	3785	3783	3682	7573
5	4045	3894	3978	7574
5	3875	3772	3769	7575
5	3879	3831	3779	7576
5	3876	3772	3875	7577
5	3952	3859	3858	7578
5	3788	3714	3686	7579
5	3789	3766	3652	7580
5	3789	3652	3638	7581
5	3828	3717	3720	7582
5	3853	3734	3721	7583
5	3887	3786	3885	7584
5	3885	3786	3784	7585
5	3928	3905	3826	7586
5	3887	3787	3786	7587
5	3891	3791	3787	7588
5	3892	3791	3891	7589
5	3928	3826	3794	7590
5	4189	4079	4135	7591
5	3795	3693	3586	7592
5	3795	3586	3694	7593
5	3797	3778	3619	7594
5	3979	3895	3844	7595
5	4124	4039	4051	7596
5	3895	3729	3844	7597
5	3798	3746	3658	7598
5	3798	3658	3697	7599
5	3799	3798	3697	7600
5	3799	3697	3696	7601
5	3873	3767	3872	7602
5	3867	3761	3730	7603
5	4070	3908	4012	7604
5	3815	3750	3600	7605
5	3802	3742	3707	7606
5	4086	3981	4063	7607
5	3877	3744	3776	7608
5	3803	3776	3706	7609
5	4050	3972	3997	7610
5	3868	3762	3716	7611
5	3806	3704	3608	7612
5	4071	3904	3994	7613
5	3843	3797	3695	7614
5	3910	3704	3806	7615
5	4028	3931	3943	7616
5	3921	3830	3900	7617
5	3847	3715	3808	7618
5	3855	3738	3714	7619
5	3868	3808	3762	7620
5	3809	3716	3699	7621
5	3822	3764	3649	7622
5	3810	3698	3595	7623
5	3811	3795	3694	7624
5	3811	3694	3796	7625
5	4135	4079	4118	7626
5	3935	3812	3846	7627
5	3851	3599	3775	7628
5	3922	3851	3775	7629
5	3814	3615	3708	7630
5	3894	3793	3893	7631
5	3901	3733	3835	7632
5	3835	3631	3593	7633
5	3861	3757	3668	7634
5	3865	3757	3861	7635
5	4000	3913	3999	7636
5	3931	3897	3802	7637
5	4033	4008	3952	7638
5	3866	3862	3818	7639
5	3942	3845	3918	7640
5	3853	3721	3804	7641
5	4072	3984	4005	7642
5	4259	4217	4198	7643
5	3862	3624	3749	7644
5	3821	3862	3749	7645
5	3860	3668	3750	7646
5	3814	3593	3496	7647
5	3823	3813	3740	7648
5	3824	3739	3823	7649
5	3852	3674	3741	7650
5	3824	3740	3852	7651
5	3883	3784	3782	7652
5	3885	3784	3883	7653
5	3893	3792	3892	7654
5	3892	3792	3791	7655
5	3994	3904	3801	7656
5	4077	3995	4067	7657
5	3832	3819	3798	7658
5	3845	3717	3828	7659
5	3956	3829	3940	7660
5	3937	3819	3832	7661
5	3830	3809	3699	7662
5	3830	3699	3722	7663
5	3908	3843	3700	7664
5	3996	3929	3811	7665
5	4052	3997	3923	7666
5	4029	3993	3945	7667
5	3838	3713	3719	7668
5	3950	3857	3838	7669
5	3999	3913	3936	7670
5	4000	3943	3913	7671
5	3944	3814	3899	7672
5	3861	3668	3860	7673
5	3836	3807	3710	7674
5	3836	3710	3742	7675
5	3837	3700	3621	7676
5	3837	3621	3711	7677
5	3857	3833	3747	7678
5	4038	3990	3958	7679
5	3839	3828	3720	7680
5	3839	3720	3734	7681
5	3840	3830	3722	7682
5	3840	3722	3763	7683
5	3842	3726	3771	7684
5	3842	3664	3841	7685
5	4001	3962	3920	7686
5	3842	3810	3726	7687
5	3895	3796	3729	7688
5	3878	3727	3780	7689
5	3878	3825	3727	7690
5	3881	3712	3831	7691
5	3845	3832	3799	7692
5	3845	3799	3717	7693
5	3893	3793	3792	7694
5	3894	3794	3793	7695
5	3918	3845	3828	7696
5	3858	3738	3855	7697
5	3848	3723	3656	7698
5	3848	3735	3698	7699
5	3849	3834	3736	7700
5	3849	3736	3752	7701
5	3953	3866	3946	7702
5	3866	3751	3862	7703
5	3851	3823	3739	7704
5	3851	3739	3599	7705
5	3824	3852	3709	7706
5	3824	3709	3598	7707
5	3932	3918	3828	7708
5	3853	3839	3734	7709
5	3921	3809	3830	7710
5	4139	4088	4110	7711
5	3870	3766	3789	7712
5	3859	3748	3858	7713
5	3870	3789	3856	7714
5	3889	3790	3766	7715
5	4004	3954	3863	7716
5	3958	3920	3869	7717
5	3951	3858	3855	7718
5	3963	3877	3914	7719
5	3877	3776	3803	7720
5	3902	3803	3706	7721
5	3899	3708	3816	7722
5	3865	3737	3613	7723
5	3944	3835	3814	7724
5	3946	3866	3756	7725
5	4035	4033	3951	7726
5	3862	3751	3624	7727
5	4286	4209	4136	7728
5	4100	4006	4034	7729
5	4073	3954	4004	7730
5	4126	4047	4084	7731
5	4002	3850	3955	7732
5	3955	3865	3861	7733
5	3866	3818	3758	7734
5	3866	3758	3756	7735
5	3961	3909	3873	7736
5	4169	4099	4098	7737
5	3923	3890	3916	7738
5	3916	3890	3854	7739
5	4001	3920	3990	7740
5	4023	3966	3926	7741
5	3888	3714	3788	7742
5	3927	3855	3888	7743
5	3888	3788	3871	7744
5	3888	3855	3714	7745
5	3940	3829	3819	7746
5	3961	3873	3872	7747
5	4190	4142	4161	7748
5	4006	3912	3950	7749
5	3821	3759	3770	7750
5	3821	3770	3760	7751
5	4007	3964	3967	7752
5	3971	3876	3915	7753
5	3906	3848	3698	7754
5	3906	3698	3810	7755
5	4241	4189	4135	7756
5	3877	3856	3744	7757
5	3896	3778	3797	7758
5	3884	3783	3785	7759
5	3964	3879	3882	7760
5	3907	3831	3879	7761
5	3880	3878	3780	7762
5	3880	3780	3778	7763
5	3926	3881	3831	7764
5	3881	3844	3777	7765
5	3882	3879	3781	7766
5	3882	3781	3783	7767
5	3928	3794	3894	7768
5	3891	3787	3887	7769
5	3965	3917	3825	7770
5	3884	3882	3783	7771
5	3917	3883	3825	7772
5	3966	3844	3881	7773
5	3962	3874	3920	7774
5	3886	3884	3785	7775
5	3958	3864	3954	7776
5	3978	3893	3977	7777
5	4008	3963	3914	7778
5	3914	3877	3803	7779
5	3948	3854	3847	7780
5	3889	3804	3790	7781
5	3890	3871	3702	7782
5	3890	3702	3728	7783
5	4057	3978	3977	7784
5	4432	4401	4332	7785
5	3970	3887	3885	7786
5	3975	3887	3970	7787
5	3975	3891	3887	7788
5	3976	3891	3975	7789
5	3976	3892	3891	7790
5	3977	3893	3892	7791
5	3896	3880	3778	7792
5	3996	3811	3941	7793
5	3925	3797	3843	7794
5	4044	3907	4009	7795
5	3897	3836	3802	7796
5	4141	4062	4094	7797
5	3983	3900	3911	7798
5	3900	3830	3840	7799
5	4011	3861	3860	7800
5	3899	3814	3708	7801
5	3957	3898	3868	7802
5	3957	3809	3921	7803
5	4102	4011	4010	7804
5	3988	3919	3815	7805
5	4099	4003	4098	7806
5	4400	4393	4341	7807
5	3903	3863	3703	7808
5	3903	3703	3833	7809
5	3908	3700	3837	7810
5	4139	4110	4137	7811
5	4060	4030	3935	7812
5	3978	3894	3893	7813
5	4013	3816	3953	7814
5	3946	3756	3850	7815
5	3969	3884	3886	7816
5	4004	3863	3903	7817
5	4092	3939	3992	7818
5	4070	4069	4014	7819
5	3961	3872	3960	7820
5	3956	3867	3829	7821
5	4077	3910	3995	7822
5	3919	3750	3815	7823
5	3911	3900	3840	7824
5	3911	3840	3807	7825
5	3924	3838	3820	7826
5	4040	3956	4036	7827
5	3913	3849	3817	7828
5	4028	3987	3931	7829
5	3972	3888	3871	7830
5	3972	3871	3923	7831
5	3915	3876	3875	7832
5	4170	4096	4167	7833
5	3940	3819	3937	7834
5	4296	4245	4147	7835
5	4104	4045	3978	7836
5	3968	3885	3883	7837
5	3957	3868	3809	7838
5	4029	3945	3898	7839
5	4010	3901	3835	7840
5	3919	3860	3750	7841
5	3962	3915	3875	7842
5	3920	3874	3869	7843
5	3982	3911	3934	7844
5	4019	3900	3983	7845
5	3989	3914	3803	7846
5	3922	3823	3851	7847
5	3973	3856	3963	7848
5	4025	3948	3993	7849
5	3950	3912	3857	7850
5	4240	4159	4201	7851
5	3979	3844	3966	7852
5	4094	4017	3998	7853
5	3930	3878	3880	7854
5	4044	3926	3907	7855
5	4051	3959	4042	7856
5	4049	3963	4008	7857
5	4289	4144	4242	7858
5	4045	4026	3928	7859
5	3929	3827	3795	7860
5	3929	3795	3811	7861
5	4009	3964	4007	7862
5	3965	3878	3930	7863
5	4095	3999	4064	7864
5	4150	4063	4066	7865
5	3974	3889	3959	7866
5	4025	3916	3948	7867
5	3933	3801	3755	7868
5	3933	3755	3805	7869
5	3934	3911	3807	7870
5	3934	3807	3836	7871
5	3902	3813	3823	7872
5	3902	3823	3922	7873
5	4258	4173	4192	7874
5	4028	3943	4000	7875
5	3998	3918	3932	7876
5	4031	3937	3942	7877
5	3938	3924	3820	7878
5	3938	3820	3800	7879
5	3939	3806	3745	7880
5	3939	3745	3827	7881
5	4017	3918	3998	7882
5	4017	3942	3918	7883
5	3941	3811	3796	7884
5	3941	3796	3895	7885
5	3942	3937	3832	7886
5	3942	3832	3845	7887
5	3943	3931	3834	7888
5	3943	3834	3849	7889
5	3906	3810	3842	7890
5	3906	3842	3841	7891
5	4122	4035	4050	7892
5	3948	3847	3945	7893
5	3955	3737	3865	7894
5	4097	4013	4002	7895
5	3947	3932	3839	7896
5	3947	3839	3853	7897
5	3959	3889	3870	7898
5	3948	3916	3854	7899
5	3949	3947	3853	7900
5	3949	3853	3804	7901
5	4003	3924	3938	7902
5	4333	4291	4251	7903
5	3963	3856	3877	7904
5	3952	3858	3951	7905
5	4039	3949	3974	7906
5	3989	3952	3914	7907
5	3953	3816	3751	7908
5	3953	3751	3866	7909
5	3958	3869	3864	7910
5	3954	3864	3863	7911
5	4033	3952	3951	7912
5	3955	3850	3737	7913
5	4036	3940	4032	7914
5	4032	3940	3937	7915
5	4037	3921	4019	7916
5	3997	3972	3923	7917
5	4056	3976	4055	7918
5	4054	3971	3915	7919
5	3974	3949	3804	7920
5	4153	4073	4004	7921
5	4098	3984	4072	7922
5	4040	3960	3956	7923
5	4041	3961	3960	7924
5	4041	3960	4040	7925
5	3906	3764	3822	7926
5	3906	3822	3848	7927
5	3973	3959	3870	7928
5	4050	4035	3927	7929
5	3965	3825	3878	7930
5	3964	3907	3879	7931
5	4082	3979	4058	7932
5	4009	3907	3964	7933
5	3980	3880	3896	7934
5	4092	3994	3995	7935
5	3967	3964	3882	7936
5	3967	3882	3884	7937
5	4045	3928	3894	7938
5	3977	3892	3976	7939
5	4046	3967	3969	7940
5	3969	3967	3884	7941
5	4172	4105	4155	7942
5	4016	3915	3962	7943
5	4127	4048	4054	7944
5	3971	3969	3886	7945
5	3973	3870	3856	7946
5	3972	3927	3888	7947
5	4085	3993	4078	7948
5	4008	3914	3952	7949
5	4050	3927	3972	7950
5	4041	4005	3961	7951
5	4048	3969	3971	7952
5	4288	4252	4189	7953
5	4038	3958	3954	7954
5	4129	4054	4016	7955
5	4053	3975	3970	7956
5	4055	3975	4053	7957
5	4055	3976	3975	7958
5	4189	4160	4079	7959
5	3980	3930	3880	7960
5	3991	3896	3925	7961
5	3991	3980	3896	7962
5	4058	3966	4023	7963
5	3981	3934	3897	7964
5	4307	4204	4246	7965
5	4094	4062	4017	7966
5	4087	4075	3983	7967
5	4216	4150	4194	7968
5	4107	4000	4095	7969
5	3984	3938	3909	7970
5	4036	3956	3940	7971
5	3985	3935	3846	7972
5	3985	3846	3905	7973
5	3986	3933	3805	7974
5	4101	3988	4015	7975
5	3987	3981	3897	7976
5	3987	3897	3931	7977
5	4101	4011	3988	7978
5	4015	3805	3901	7979
5	4229	4174	4166	7980
5	4089	4027	4083	7981
5	4096	4001	3990	7982
5	4090	3990	4038	7983
5	4105	4091	4009	7984
5	4076	4014	4069	7985
5	4075	4019	3983	7986
5	3992	3939	3827	7987
5	4039	4024	3949	7988
5	4114	4025	4085	7989
5	4175	4112	4111	7990
5	4067	3933	3986	7991
5	3995	3910	3806	7992
5	3995	3806	3939	7993
5	4092	4071	3994	7994
5	4058	3979	3966	7995
5	4032	3937	4031	7996
5	4031	3942	4017	7997
5	4264	4230	4243	7998
5	4426	4330	4397	7999
5	4118	4045	4104	8000
5	4060	3935	3985	8001
5	4173	4134	4107	8002
5	4503	4402	4401	8003
5	4096	3990	4090	8004
5	4220	4155	4202	8005
5	4102	4013	4097	8006
5	4011	3919	3988	8007
5	4168	4098	4072	8008
5	4244	4218	4231	8009
5	4100	4034	4099	8010
5	4253	4167	4224	8011
5	4005	3984	3909	8012
5	4005	3909	3961	8013
5	4098	4003	3984	8014
5	4099	4034	4003	8015
5	3989	3902	3922	8016
5	4087	3982	4086	8017
5	4042	3959	3973	8018
5	4287	4251	4197	8019
5	4018	3968	3917	8020
5	4057	3977	4056	8021
5	4101	4010	4011	8022
5	4011	3860	3919	8023
5	4097	3861	4011	8024
5	4013	3899	3816	8025
5	4012	3908	3837	8026
5	4012	3837	3904	8027
5	4013	3944	3899	8028
5	4035	3951	3927	8029
5	4014	3925	3843	8030
5	4014	3843	3908	8031
5	4077	4015	3988	8032
5	4015	3986	3805	8033
5	4253	4227	4167	8034
5	4104	3978	4057	8035
5	4019	3921	3900	8036
5	4108	4029	4020	8037
5	4047	3970	3968	8038
5	4054	3915	4016	8039
5	4020	3898	3957	8040
5	4078	3993	4029	8041
5	3989	3922	3859	8042
5	3989	3859	3952	8043
5	4021	3998	3932	8044
5	4021	3932	3947	8045
5	4022	3941	3895	8046
5	4022	3895	3979	8047
5	4140	4119	4120	8048
5	4059	3930	3980	8049
5	4024	4021	3947	8050
5	4024	3947	3949	8051
5	4149	4114	4085	8052
5	4052	3916	4025	8053
5	4026	3985	3905	8054
5	4026	3905	3928	8055
5	4027	4018	3917	8056
5	4027	3917	3965	8057
5	4199	4137	4138	8058
5	4152	4063	4150	8059
5	4391	4294	4291	8060
5	4151	4081	4116	8061
5	4030	3999	3936	8062
5	4030	3936	3935	8063
5	4062	4031	4017	8064
5	4173	4107	4095	8065
5	4125	4113	3997	8066
5	4116	4081	4041	8067
5	4002	3946	3850	8068
5	4102	4097	4011	8069
5	4034	4006	3950	8070
5	4034	3950	3924	8071
5	4002	4013	3953	8072
5	4002	3953	3946	8073
5	4115	4036	4112	8074
5	4112	4032	4111	8075
5	4037	4020	3957	8076
5	4037	3957	3921	8077
5	4153	4004	4065	8078
5	4287	4197	4245	8079
5	4124	4051	4123	8080
5	4109	4021	4093	8081
5	4166	4108	4088	8082
5	4154	4081	4151	8083
5	4116	4041	4040	8084
5	4116	4040	4115	8085
5	4051	3974	3959	8086
5	4051	4039	3974	8087
5	4043	4027	3965	8088
5	4043	3965	3930	8089
5	4132	4023	4117	8090
5	4044	4023	3926	8091
5	4158	4030	4060	8092
5	4056	3977	3976	8093
5	4148	4126	4084	8094
5	4046	4007	3967	8095
5	4118	4079	4026	8096
5	4053	3970	4047	8097
5	4103	4001	4096	8098
5	4048	4046	3969	8099
5	4049	4042	3973	8100
5	4049	3973	3963	8101
5	4080	4008	4033	8102
5	4121	4049	4080	8103
5	4080	4033	4035	8104
5	4052	3923	3916	8105
5	4085	4025	3993	8106
5	4123	4051	4042	8107
5	4156	4057	4131	8108
5	4103	4016	4001	8109
5	4126	4053	4047	8110
5	4054	4048	3971	8111
5	4091	4044	4009	8112
5	4129	4016	4103	8113
5	4201	4068	4146	8114
5	4163	4090	4038	8115
5	4212	4202	4140	8116
5	4209	4131	4136	8117
5	4059	4043	3930	8118
5	4132	4058	4023	8119
5	4074	3980	3991	8120
5	4117	4023	4044	8121
5	4185	4104	4156	8122
5	4298	4241	4256	8123
5	4071	4012	3904	8124
5	4061	3992	3929	8125
5	4545	4493	4475	8126
5	4111	4032	4031	8127
5	4290	4260	4278	8128
5	4107	4028	4000	8129
5	4367	4300	4271	8130
5	4198	4153	4159	8131
5	4240	4198	4159	8132
5	4065	4004	3903	8133
5	4066	4063	3987	8134
5	4066	3987	4028	8135
5	4067	3995	3994	8136
5	4067	3994	3933	8137
5	4068	4065	3912	8138
5	4068	3912	4006	8139
5	4069	3996	3941	8140
5	4074	4059	3980	8141
5	4092	3995	3939	8142
5	4070	4012	4061	8143
5	4070	4014	3908	8144
5	4061	3929	3996	8145
5	4111	4031	4062	8146
5	4115	4040	4036	8147
5	4163	4038	4073	8148
5	4239	4187	4238	8149
5	4074	3991	4082	8150
5	4362	4313	4312	8151
5	4071	3992	4061	8152
5	4071	4061	4012	8153
5	4082	4022	3979	8154
5	4076	4082	3991	8155
5	4077	4067	3986	8156
5	4077	3986	4015	8157
5	4069	3941	4022	8158
5	4076	3925	4014	8159
5	4160	3985	4079	8160
5	4079	3985	4026	8161
5	4080	4049	4008	8162
5	4397	4330	4331	8163
5	4081	4072	4005	8164
5	4081	4005	4041	8165
5	4076	4069	4022	8166
5	4076	4022	4082	8167
5	4083	4027	4043	8168
5	4133	4059	4132	8169
5	4131	4056	4130	8170
5	4084	4047	4018	8171
5	4093	4021	4024	8172
5	4165	4094	4109	8173
5	4087	3983	3982	8174
5	4086	3982	3981	8175
5	4335	4290	4324	8176
5	4143	4062	4141	8177
5	4108	4020	4088	8178
5	4088	4020	4037	8179
5	4089	4084	4018	8180
5	4089	4018	4027	8181
5	4184	4140	4120	8182
5	4168	4072	4154	8183
5	4105	4009	4007	8184
5	4117	4044	4091	8185
5	4177	4115	4112	8186
5	4092	3992	4071	8187
5	4070	4061	3996	8188
5	4070	3996	4069	8189
5	4247	4199	4210	8190
5	4162	4087	4086	8191
5	4107	4066	4028	8192
5	4095	4000	3999	8193
5	4205	4188	4170	8194
5	4184	4120	4127	8195
5	4097	4002	3955	8196
5	4097	3955	3861	8197
5	4177	4112	4175	8198
5	4154	4072	4081	8199
5	4200	4147	4099	8200
5	4296	4147	4200	8201
5	4113	4050	3997	8202
5	4122	4050	4113	8203
5	4101	4015	3901	8204
5	4101	3901	4010	8205
5	4102	4010	3944	8206
5	4102	3944	4013	8207
5	4156	4104	4057	8208
5	4128	4055	4053	8209
5	4130	4055	4128	8210
5	4130	4056	4055	8211
5	4172	4091	4105	8212
5	4145	4084	4089	8213
5	4106	4093	4024	8214
5	4106	4024	4039	8215
5	4258	4203	4173	8216
5	4303	4281	4265	8217
5	4215	4181	4149	8218
5	4108	4078	4029	8219
5	4109	4094	3998	8220
5	4109	3998	4021	8221
5	4110	4088	4037	8222
5	4110	4037	4019	8223
5	4112	4036	4032	8224
5	4200	4099	4169	8225
5	4230	4142	4190	8226
5	4180	4106	4124	8227
5	4121	4042	4049	8228
5	4182	4124	4123	8229
5	4125	4052	4114	8230
5	4114	4052	4025	8231
5	4248	4200	4169	8232
5	4143	4111	4062	8233
5	4248	4169	4226	8234
5	4533	4508	4525	8235
5	4179	4091	4172	8236
5	4133	4132	4117	8237
5	4131	4057	4056	8238
5	4158	4064	4030	8239
5	4119	4105	4007	8240
5	4119	4007	4046	8241
5	4120	4119	4046	8242
5	4120	4046	4048	8243
5	4123	4042	4121	8244
5	4142	4109	4093	8245
5	4122	4121	4080	8246
5	4122	4080	4035	8247
5	4176	4122	4113	8248
5	4124	4106	4039	8249
5	4125	3997	4052	8250
5	4181	4114	4149	8251
5	4180	4161	4106	8252
5	4176	4121	4122	8253
5	4256	4241	4135	8254
5	4128	4053	4126	8255
5	4227	4170	4167	8256
5	4127	4120	4048	8257
5	4332	4258	4289	8258
5	4333	4251	4287	8259
5	4155	4105	4119	8260
5	4129	4127	4054	8261
5	4224	4167	4090	8262
5	4221	4188	4205	8263
5	4074	4082	4058	8264
5	4132	4074	4058	8265
5	4133	4043	4059	8266
5	4132	4059	4074	8267
5	4179	4172	4171	8268
5	4133	4083	4043	8269
5	4288	4189	4241	8270
5	4379	4346	4288	8271
5	4209	4193	4156	8272
5	4155	4119	4140	8273
5	4136	4131	4130	8274
5	4187	4128	4157	8275
5	4137	4110	4075	8276
5	4450	4403	4393	8277
5	4138	4137	4075	8278
5	4138	4075	4087	8279
5	4178	4116	4115	8280
5	4235	4183	4181	8281
5	4212	4140	4184	8282
5	4157	4128	4126	8283
5	4175	4111	4143	8284
5	4232	4175	4191	8285
5	4165	4109	4142	8286
5	4165	4141	4094	8287
5	4207	4164	4206	8288
5	4233	4231	4178	8289
5	4144	4095	4064	8290
5	4399	4332	4289	8291
5	4148	4084	4145	8292
5	4251	4146	4197	8293
5	4146	4068	4006	8294
5	4146	4006	4100	8295
5	4147	4100	4099	8296
5	4169	4098	4168	8297
5	4157	4126	4148	8298
5	4187	4130	4128	8299
5	4266	4207	4206	8300
5	4161	4093	4106	8301
5	4152	4086	4063	8302
5	4162	4086	4152	8303
5	4178	4115	4177	8304
5	4348	4296	4248	8305
5	4278	4222	4216	8306
5	4338	4324	4261	8307
5	4201	4159	4068	8308
5	4170	4103	4096	8309
5	4291	4240	4201	8310
5	4225	4154	4218	8311
5	4228	4145	4171	8312
5	4171	4089	4083	8313
5	4185	4118	4104	8314
5	4185	4135	4118	8315
5	4188	4103	4170	8316
5	4237	4212	4184	8317
5	4208	4148	4196	8318
5	4252	4160	4189	8319
5	4159	4153	4065	8320
5	4159	4065	4068	8321
5	4252	4060	4160	8322
5	4160	4060	3985	8323
5	4174	4078	4108	8324
5	4161	4142	4093	8325
5	4402	4343	4401	8326
5	4222	4152	4216	8327
5	4217	4073	4153	8328
5	4294	4240	4291	8329
5	4164	4149	4085	8330
5	4164	4085	4078	8331
5	4214	4137	4199	8332
5	4166	4088	4139	8333
5	4174	4108	4166	8334
5	4174	4164	4078	8335
5	4167	4096	4090	8336
5	4346	4252	4288	8337
5	4339	4302	4325	8338
5	4233	4177	4232	8339
5	4283	4232	4250	8340
5	4226	4169	4168	8341
5	4238	4187	4157	8342
5	4208	4157	4148	8343
5	4391	4291	4376	8344
5	4171	4145	4089	8345
5	4179	4171	4083	8346
5	4188	4129	4103	8347
5	4418	4392	4354	8348
5	4444	4384	4344	8349
5	4235	4181	4215	8350
5	4207	4149	4164	8351
5	4378	4295	4345	8352
5	4178	4151	4116	8353
5	4182	4180	4124	8354
5	4181	4125	4114	8355
5	4279	4218	4244	8356
5	4340	4297	4316	8357
5	4206	4164	4174	8358
5	4281	4229	4265	8359
5	4188	4186	4129	8360
5	4179	4117	4091	8361
5	4182	4123	4176	8362
5	4176	4123	4121	8363
5	4183	4125	4181	8364
5	4183	4113	4125	8365
5	4183	4176	4113	8366
5	4215	4149	4207	8367
5	4234	4180	4182	8368
5	4236	4234	4182	8369
5	4202	4155	4140	8370
5	4196	4148	4145	8371
5	4307	4242	4204	8372
5	4256	4185	4193	8373
5	4186	4184	4127	8374
5	4186	4127	4129	8375
5	4237	4186	4221	8376
5	4187	4136	4130	8377
5	4179	4083	4133	8378
5	4179	4133	4117	8379
5	4372	4256	4300	8380
5	4242	4144	4204	8381
5	4222	4162	4152	8382
5	4350	4314	4323	8383
5	4191	4175	4143	8384
5	4213	4143	4141	8385
5	4192	4173	4095	8386
5	4192	4095	4144	8387
5	4193	4185	4156	8388
5	4379	4377	4346	8389
5	4194	4150	4134	8390
5	4399	4336	4383	8391
5	4195	4190	4161	8392
5	4195	4161	4180	8393
5	4407	4349	4305	8394
5	4209	4156	4131	8395
5	4197	4146	4100	8396
5	4197	4100	4147	8397
5	4217	4163	4073	8398
5	4217	4153	4198	8399
5	4282	4244	4231	8400
5	4437	4394	4405	8401
5	4225	4168	4154	8402
5	4226	4168	4225	8403
5	4375	4287	4330	8404
5	4291	4201	4251	8405
5	4228	4196	4145	8406
5	4219	4171	4172	8407
5	4262	4134	4203	8408
5	4203	4134	4173	8409
5	4204	4144	4064	8410
5	4204	4064	4158	8411
5	4380	4319	4349	8412
5	4263	4217	4259	8413
5	4283	4282	4233	8414
5	4265	4229	4211	8415
5	4255	4213	4223	8416
5	4371	4326	4309	8417
5	4270	4205	4249	8418
5	4299	4284	4268	8419
5	4321	4270	4319	8420
5	4410	4298	4372	8421
5	4210	4199	4138	8422
5	4210	4138	4162	8423
5	4229	4166	4211	8424
5	4211	4166	4139	8425
5	4284	4237	4268	8426
5	4269	4238	4208	8427
5	4243	4230	4190	8428
5	4213	4191	4143	8429
5	4214	4211	4139	8430
5	4214	4139	4137	8431
5	4278	4216	4261	8432
5	4276	4195	4234	8433
5	4222	4210	4162	8434
5	4216	4152	4150	8435
5	4227	4205	4170	8436
5	4224	4090	4163	8437
5	4218	4154	4151	8438
5	4232	4177	4175	8439
5	4277	4196	4228	8440
5	4228	4171	4219	8441
5	4220	4219	4172	8442
5	4220	4172	4155	8443
5	4237	4184	4186	8444
5	4221	4186	4188	8445
5	4309	4250	4293	8446
5	4274	4191	4213	8447
5	4223	4213	4141	8448
5	4223	4141	4165	8449
5	4457	4434	4386	8450
5	4395	4390	4368	8451
5	4548	4457	4530	8452
5	4301	4244	4282	8453
5	4279	4225	4218	8454
5	4280	4225	4279	8455
5	4268	4237	4221	8456
5	4249	4205	4227	8457
5	4420	4331	4381	8458
5	4555	4515	4513	8459
5	4275	4215	4207	8460
5	4229	4206	4174	8461
5	4230	4223	4165	8462
5	4230	4165	4142	8463
5	4231	4218	4151	8464
5	4231	4151	4178	8465
5	4233	4178	4177	8466
5	4325	4244	4301	8467
5	4322	4274	4255	8468
5	4282	4231	4233	8469
5	4267	4190	4195	8470
5	4234	4195	4180	8471
5	4236	4182	4176	8472
5	4236	4176	4183	8473
5	4236	4183	4235	8474
5	4236	4235	4234	8475
5	4238	4157	4208	8476
5	4304	4269	4272	8477
5	4312	4263	4259	8478
5	4328	4286	4239	8479
5	4286	4136	4239	8480
5	4239	4136	4187	8481
5	4251	4201	4146	8482
5	4436	4413	4389	8483
5	4256	4135	4185	8484
5	4496	4459	4442	8485
5	4382	4354	4361	8486
5	4441	4377	4428	8487
5	4257	4199	4247	8488
5	4326	4282	4283	8489
5	4359	4325	4301	8490
5	4250	4232	4191	8491
5	4296	4200	4248	8492
5	4280	4226	4225	8493
5	4383	4336	4337	8494
5	4246	4204	4158	8495
5	4324	4278	4261	8496
5	4343	4203	4258	8497
5	4375	4333	4287	8498
5	4338	4261	4311	8499
5	4308	4284	4299	8500
5	4300	4256	4193	8501
5	4369	4322	4315	8502
5	4306	4260	4290	8503
5	4348	4248	4295	8504
5	4330	4287	4245	8505
5	4310	4060	4252	8506
5	4310	4158	4060	8507
5	4320	4269	4304	8508
5	4407	4305	4363	8509
5	4275	4207	4266	8510
5	4265	4211	4254	8511
5	4274	4213	4255	8512
5	4274	4250	4191	8513
5	4271	4193	4209	8514
5	4300	4193	4271	8515
5	4257	4254	4214	8516
5	4257	4214	4199	8517
5	4324	4290	4278	8518
5	4422	4374	4402	8519
5	4263	4163	4217	8520
5	4263	4224	4163	8521
5	4260	4247	4210	8522
5	4260	4210	4222	8523
5	4278	4260	4222	8524
5	4261	4216	4194	8525
5	4364	4314	4350	8526
5	4262	4194	4134	8527
5	4423	4362	4384	8528
5	4313	4263	4312	8529
5	4264	4255	4223	8530
5	4264	4223	4230	8531
5	4322	4293	4274	8532
5	4345	4280	4302	8533
5	4316	4266	4281	8534
5	4327	4275	4297	8535
5	4297	4275	4266	8536
5	4267	4243	4190	8537
5	4285	4238	4269	8538
5	4273	4202	4212	8539
5	4376	4291	4333	8540
5	4321	4268	4270	8541
5	4270	4268	4221	8542
5	4270	4221	4205	8543
5	4411	4300	4367	8544
5	4328	4239	4285	8545
5	4272	4269	4208	8546
5	4272	4208	4196	8547
5	4277	4228	4219	8548
5	4277	4220	4202	8549
5	4403	4351	4355	8550
5	4293	4250	4274	8551
5	4276	4234	4235	8552
5	4283	4233	4232	8553
5	4276	4235	4215	8554
5	4276	4215	4275	8555
5	4277	4272	4196	8556
5	4277	4219	4220	8557
5	4386	4339	4359	8558
5	4292	4257	4247	8559
5	4434	4387	4339	8560
5	4387	4345	4302	8561
5	4277	4202	4273	8562
5	4388	4360	4308	8563
5	4281	4266	4206	8564
5	4281	4206	4229	8565
5	4315	4255	4264	8566
5	4424	4412	4421	8567
5	4327	4276	4275	8568
5	4276	4267	4195	8569
5	4284	4273	4212	8570
5	4284	4212	4237	8571
5	4286	4271	4209	8572
5	4285	4239	4238	8573
5	4372	4298	4256	8574
5	4438	4334	4380	8575
5	4444	4344	4391	8576
5	4423	4406	4362	8577
5	4346	4310	4252	8578
5	4392	4337	4307	8579
5	4289	4258	4192	8580
5	4289	4192	4144	8581
5	4341	4290	4335	8582
5	4347	4203	4343	8583
5	4345	4295	4280	8584
5	4381	4331	4296	8585
5	4425	4374	4422	8586
5	4605	4581	4601	8587
5	4370	4293	4322	8588
5	4326	4283	4309	8589
5	4294	4259	4198	8590
5	4294	4198	4240	8591
5	4295	4248	4226	8592
5	4295	4226	4280	8593
5	4391	4344	4294	8594
5	4473	4426	4397	8595
5	4316	4281	4303	8596
5	4323	4257	4292	8597
5	4435	4410	4372	8598
5	4501	4443	4456	8599
5	4308	4273	4284	8600
5	4353	4320	4304	8601
5	4319	4270	4249	8602
5	4329	4271	4286	8603
5	4309	4283	4250	8604
5	4427	4386	4394	8605
5	4302	4280	4279	8606
5	4554	4513	4511	8607
5	4529	4522	4524	8608
5	4327	4267	4276	8609
5	4320	4285	4269	8610
5	4379	4288	4342	8611
5	4305	4249	4227	8612
5	4305	4227	4253	8613
5	4306	4292	4247	8614
5	4306	4247	4260	8615
5	4440	4342	4410	8616
5	4432	4332	4399	8617
5	4360	4304	4272	8618
5	4360	4273	4308	8619
5	4326	4301	4282	8620
5	4359	4301	4356	8621
5	4361	4310	4346	8622
5	4310	4246	4158	8623
5	4311	4261	4194	8624
5	4311	4194	4262	8625
5	4313	4253	4224	8626
5	4313	4224	4263	8627
5	4349	4319	4249	8628
5	4363	4313	4362	8629
5	4314	4303	4265	8630
5	4314	4265	4254	8631
5	4624	4582	4570	8632
5	4322	4255	4315	8633
5	4352	4315	4317	8634
5	4316	4297	4266	8635
5	4317	4315	4264	8636
5	4317	4264	4243	8637
5	4318	4317	4243	8638
5	4318	4243	4267	8639
5	4404	4320	4353	8640
5	4334	4321	4319	8641
5	4390	4353	4357	8642
5	4404	4353	4390	8643
5	4357	4308	4299	8644
5	4321	4299	4268	8645
5	4364	4303	4314	8646
5	4370	4358	4293	8647
5	4323	4314	4254	8648
5	4323	4254	4257	8649
5	4429	4335	4398	8650
5	4393	4355	4341	8651
5	4325	4302	4279	8652
5	4325	4279	4244	8653
5	4341	4306	4290	8654
5	4355	4306	4341	8655
5	4327	4297	4318	8656
5	4327	4318	4267	8657
5	4390	4357	4368	8658
5	4329	4286	4328	8659
5	4349	4249	4305	8660
5	4380	4334	4319	8661
5	4430	4348	4378	8662
5	4535	4501	4456	8663
5	4331	4330	4245	8664
5	4331	4245	4296	8665
5	4343	4258	4332	8666
5	4402	4347	4343	8667
5	4443	4391	4376	8668
5	4381	4296	4348	8669
5	4366	4285	4320	8670
5	4368	4321	4334	8671
5	4425	4338	4374	8672
5	4464	4392	4418	8673
5	4399	4289	4336	8674
5	4336	4289	4242	8675
5	4337	4336	4242	8676
5	4337	4242	4307	8677
5	4347	4262	4203	8678
5	4598	4560	4559	8679
5	4371	4309	4358	8680
5	4400	4341	4335	8681
5	4365	4316	4303	8682
5	4340	4318	4297	8683
5	4476	4433	4400	8684
5	4522	4461	4486	8685
5	4342	4288	4241	8686
5	4342	4241	4298	8687
5	4347	4311	4262	8688
5	4572	4536	4500	8689
5	4344	4312	4259	8690
5	4344	4259	4294	8691
5	4626	4537	4576	8692
5	4378	4348	4295	8693
5	4354	4307	4246	8694
5	4646	4566	4621	8695
5	4433	4393	4400	8696
5	4471	4401	4432	8697
5	4434	4339	4386	8698
5	4511	4460	4497	8699
5	4406	4363	4362	8700
5	4448	4390	4395	8701
5	4358	4309	4293	8702
5	4356	4301	4326	8703
5	4351	4350	4323	8704
5	4351	4323	4292	8705
5	4539	4495	4472	8706
5	4369	4315	4352	8707
5	4404	4396	4366	8708
5	4366	4328	4285	8709
5	4382	4361	4377	8710
5	4418	4354	4382	8711
5	4355	4351	4292	8712
5	4355	4292	4306	8713
5	4359	4339	4325	8714
5	4387	4302	4339	8715
5	4388	4304	4360	8716
5	4388	4308	4357	8717
5	4371	4356	4326	8718
5	4465	4430	4460	8719
5	4340	4352	4317	8720
5	4340	4317	4318	8721
5	4360	4272	4277	8722
5	4360	4277	4273	8723
5	4361	4354	4246	8724
5	4361	4246	4310	8725
5	4363	4305	4253	8726
5	4363	4253	4313	8727
5	4438	4395	4334	8728
5	4407	4363	4406	8729
5	4365	4340	4316	8730
5	4365	4303	4364	8731
5	4389	4369	4352	8732
5	4409	4340	4365	8733
5	4367	4271	4329	8734
5	4373	4328	4366	8735
5	4464	4442	4392	8736
5	4439	4411	4367	8737
5	4368	4357	4299	8738
5	4368	4299	4321	8739
5	4408	4365	4364	8740
5	4370	4322	4369	8741
5	4424	4408	4412	8742
5	4414	4351	4403	8743
5	4569	4563	4523	8744
5	4445	4421	4414	8745
5	4462	4411	4439	8746
5	4446	4373	4396	8747
5	4462	4435	4372	8748
5	4373	4329	4328	8749
5	4374	4338	4311	8750
5	4374	4311	4347	8751
5	4426	4375	4330	8752
5	4444	4391	4443	8753
5	4535	4431	4463	8754
5	4513	4467	4465	8755
5	4567	4493	4545	8756
5	4377	4361	4346	8757
5	4613	4577	4547	8758
5	4556	4498	4550	8759
5	4428	4377	4379	8760
5	4479	4428	4440	8761
5	4469	4439	4416	8762
5	4525	4489	4488	8763
5	4467	4420	4465	8764
5	4463	4431	4375	8765
5	4410	4342	4298	8766
5	4440	4428	4379	8767
5	4392	4307	4354	8768
5	4657	4603	4655	8769
5	4384	4362	4312	8770
5	4384	4312	4344	8771
5	4415	4358	4385	8772
5	4385	4358	4370	8773
5	4483	4450	4433	8774
5	4405	4394	4356	8775
5	4420	4397	4331	8776
5	4473	4397	4467	8777
5	4388	4357	4353	8778
5	4388	4353	4304	8779
5	4413	4369	4389	8780
5	4413	4370	4369	8781
5	4396	4373	4366	8782
5	4395	4368	4334	8783
5	4451	4407	4406	8784
5	4508	4484	4438	8785
5	4442	4337	4392	8786
5	4441	4382	4377	8787
5	4403	4355	4393	8788
5	4445	4414	4403	8789
5	4394	4386	4359	8790
5	4394	4359	4356	8791
5	4526	4484	4508	8792
5	4404	4366	4320	8793
5	4515	4467	4513	8794
5	4574	4547	4501	8795
5	4465	4420	4430	8796
5	4588	4494	4548	8797
5	4398	4335	4324	8798
5	4398	4324	4338	8799
5	4401	4343	4332	8800
5	4402	4374	4347	8801
5	4603	4539	4571	8802
5	4425	4398	4338	8803
5	4666	4610	4598	8804
5	4506	4475	4441	8805
5	4540	4509	4458	8806
5	4429	4400	4335	8807
5	4450	4393	4433	8808
5	4405	4356	4371	8809
5	4485	4448	4484	8810
5	4449	4396	4404	8811
5	4627	4568	4529	8812
5	4490	4470	4453	8813
5	4463	4375	4426	8814
5	4557	4480	4519	8815
5	4481	4444	4443	8816
5	4452	4407	4451	8817
5	4409	4352	4340	8818
5	4409	4365	4408	8819
5	4409	4408	4389	8820
5	4409	4389	4352	8821
5	4416	4367	4329	8822
5	4411	4372	4300	8823
5	4462	4372	4411	8824
5	4416	4329	4373	8825
5	4412	4408	4364	8826
5	4412	4364	4350	8827
5	4421	4412	4414	8828
5	4413	4385	4370	8829
5	4414	4412	4350	8830
5	4414	4350	4351	8831
5	4415	4405	4371	8832
5	4415	4371	4358	8833
5	4498	4439	4469	8834
5	4440	4379	4342	8835
5	4417	4378	4345	8836
5	4417	4345	4387	8837
5	4442	4383	4337	8838
5	4566	4538	4543	8839
5	4447	4415	4419	8840
5	4419	4415	4385	8841
5	4537	4502	4473	8842
5	4515	4473	4467	8843
5	4585	4529	4565	8844
5	4424	4389	4408	8845
5	4504	4472	4422	8846
5	4503	4401	4471	8847
5	4542	4525	4488	8848
5	4501	4481	4443	8849
5	4453	4419	4385	8850
5	4436	4389	4424	8851
5	4476	4400	4429	8852
5	4450	4445	4403	8853
5	4467	4397	4420	8854
5	4502	4426	4473	8855
5	4583	4530	4582	8856
5	4492	4474	4437	8857
5	4531	4496	4464	8858
5	4597	4559	4558	8859
5	4539	4472	4504	8860
5	4571	4539	4504	8861
5	4430	4420	4381	8862
5	4430	4381	4348	8863
5	4431	4376	4333	8864
5	4431	4333	4375	8865
5	4528	4504	4503	8866
5	4699	4697	4658	8867
5	4604	4539	4603	8868
5	4505	4491	4487	8869
5	4570	4544	4492	8870
5	4457	4386	4427	8871
5	4478	4440	4410	8872
5	4478	4410	4435	8873
5	4477	4424	4421	8874
5	4453	4413	4436	8875
5	4474	4394	4437	8876
5	4474	4427	4394	8877
5	4446	4416	4373	8878
5	4439	4367	4416	8879
5	4448	4404	4390	8880
5	4571	4504	4528	8881
5	4479	4440	4478	8882
5	4506	4441	4480	8883
5	4517	4478	4435	8884
5	4480	4428	4479	8885
5	4475	4382	4441	8886
5	4496	4442	4464	8887
5	4466	4406	4423	8888
5	4537	4473	4515	8889
5	4466	4451	4406	8890
5	4482	4444	4481	8891
5	4492	4437	4461	8892
5	4453	4385	4413	8893
5	4542	4488	4512	8894
5	4589	4514	4549	8895
5	4447	4437	4405	8896
5	4447	4405	4415	8897
5	4508	4438	4489	8898
5	4449	4404	4448	8899
5	4556	4516	4498	8900
5	4469	4416	4446	8901
5	4540	4458	4495	8902
5	4477	4436	4424	8903
5	4452	4380	4349	8904
5	4452	4349	4407	8905
5	4484	4448	4395	8906
5	4489	4438	4380	8907
5	4470	4419	4453	8908
5	4491	4421	4445	8909
5	4454	4432	4399	8910
5	4454	4399	4383	8911
5	4455	4417	4387	8912
5	4455	4387	4434	8913
5	4456	4443	4376	8914
5	4456	4376	4431	8915
5	4582	4530	4544	8916
5	4583	4548	4530	8917
5	4458	4429	4398	8918
5	4458	4398	4425	8919
5	4459	4454	4383	8920
5	4459	4383	4442	8921
5	4460	4430	4378	8922
5	4460	4378	4417	8923
5	4461	4437	4447	8924
5	4487	4445	4450	8925
5	4510	4468	4507	8926
5	4484	4395	4438	8927
5	4649	4622	4579	8928
5	4535	4456	4431	8929
5	4519	4480	4479	8930
5	4475	4418	4382	8931
5	4584	4532	4502	8932
5	4541	4497	4455	8933
5	4600	4542	4512	8934
5	4580	4578	4564	8935
5	4511	4465	4460	8936
5	4513	4465	4511	8937
5	4468	4446	4396	8938
5	4468	4396	4449	8939
5	4525	4508	4489	8940
5	4488	4452	4451	8941
5	4486	4419	4470	8942
5	4486	4447	4419	8943
5	4528	4503	4471	8944
5	4504	4422	4503	8945
5	4472	4458	4425	8946
5	4472	4425	4422	8947
5	4553	4511	4497	8948
5	4502	4463	4426	8949
5	4544	4474	4492	8950
5	4509	4476	4429	8951
5	4480	4441	4428	8952
5	4545	4475	4506	8953
5	4546	4492	4461	8954
5	4487	4450	4483	8955
5	4490	4436	4477	8956
5	4490	4453	4436	8957
5	4507	4468	4485	8958
5	4498	4462	4439	8959
5	4510	4469	4446	8960
5	4519	4479	4518	8961
5	4516	4435	4462	8962
5	4518	4479	4478	8963
5	4482	4423	4384	8964
5	4482	4384	4444	8965
5	4674	4659	4616	8966
5	4521	4482	4520	8967
5	4569	4523	4536	8968
5	4551	4500	4476	8969
5	4485	4449	4448	8970
5	4485	4468	4449	8971
5	4517	4435	4516	8972
5	4677	4673	4636	8973
5	4546	4461	4522	8974
5	4486	4461	4447	8975
5	4527	4490	4477	8976
5	4523	4487	4483	8977
5	4489	4452	4488	8978
5	4489	4380	4452	8979
5	4611	4561	4577	8980
5	4526	4485	4484	8981
5	4527	4477	4491	8982
5	4491	4445	4487	8983
5	4527	4470	4490	8984
5	4491	4477	4421	8985
5	4652	4609	4588	8986
5	4582	4544	4570	8987
5	4493	4464	4418	8988
5	4493	4418	4475	8989
5	4494	4455	4434	8990
5	4494	4434	4457	8991
5	4509	4429	4458	8992
5	4495	4458	4472	8993
5	4531	4464	4493	8994
5	4558	4517	4516	8995
5	4497	4460	4417	8996
5	4497	4417	4455	8997
5	4518	4478	4517	8998
5	4516	4462	4498	8999
5	4499	4471	4432	9000
5	4499	4432	4454	9001
5	4500	4483	4433	9002
5	4500	4433	4476	9003
5	4520	4482	4481	9004
5	4547	4520	4481	9005
5	4535	4463	4532	9006
5	4532	4463	4502	9007
5	4607	4495	4604	9008
5	4503	4422	4402	9009
5	4549	4459	4496	9010
5	4655	4605	4639	9011
5	4565	4505	4563	9012
5	4527	4491	4505	9013
5	4606	4531	4567	9014
5	4590	4557	4519	9015
5	4510	4446	4468	9016
5	4550	4498	4469	9017
5	4534	4508	4533	9018
5	4561	4521	4520	9019
5	4536	4483	4500	9020
5	4607	4586	4540	9021
5	4558	4516	4556	9022
5	4564	4526	4534	9023
5	4609	4608	4587	9024
5	4541	4455	4494	9025
5	4512	4488	4451	9026
5	4512	4451	4466	9027
5	4592	4555	4554	9028
5	4619	4588	4548	9029
5	4514	4499	4454	9030
5	4514	4454	4459	9031
5	4555	4513	4554	9032
5	4576	4515	4555	9033
5	4674	4616	4644	9034
5	4560	4519	4518	9035
5	4578	4552	4564	9036
5	4559	4517	4558	9037
5	4632	4595	4620	9038
5	4620	4595	4557	9039
5	4634	4597	4596	9040
5	4559	4518	4517	9041
5	4521	4466	4423	9042
5	4521	4423	4482	9043
5	4909	4870	4819	9044
5	4562	4521	4561	9045
5	4563	4505	4523	9046
5	4694	4660	4614	9047
5	4570	4492	4546	9048
5	4523	4505	4487	9049
5	4524	4522	4486	9050
5	4524	4486	4470	9051
5	4598	4559	4597	9052
5	4648	4577	4613	9053
5	4534	4526	4508	9054
5	4526	4507	4485	9055
5	4568	4546	4522	9056
5	4527	4524	4470	9057
5	4617	4536	4572	9058
5	4754	4739	4744	9059
5	4565	4529	4524	9060
5	4536	4523	4483	9061
5	4777	4719	4774	9062
5	4530	4457	4427	9063
5	4567	4531	4493	9064
5	4589	4543	4514	9065
5	4648	4611	4577	9066
5	4626	4584	4537	9067
5	4613	4547	4574	9068
5	4576	4537	4515	9069
5	4560	4518	4559	9070
5	4550	4469	4510	9071
5	4579	4533	4525	9072
5	4547	4481	4501	9073
5	4658	4607	4604	9074
5	4664	4624	4641	9075
5	4584	4502	4537	9076
5	4711	4675	4685	9077
5	4538	4528	4471	9078
5	4538	4471	4499	9079
5	4647	4614	4586	9080
5	4586	4509	4540	9081
5	4586	4551	4509	9082
5	4551	4476	4509	9083
5	4554	4511	4553	9084
5	4609	4587	4541	9085
5	4611	4599	4561	9086
5	4649	4579	4637	9087
5	4543	4538	4499	9088
5	4543	4499	4514	9089
5	4544	4530	4427	9090
5	4544	4427	4474	9091
5	4712	4646	4693	9092
5	4606	4575	4531	9093
5	4607	4540	4495	9094
5	4615	4563	4569	9095
5	4574	4501	4535	9096
5	4880	4848	4845	9097
5	4588	4541	4494	9098
5	4548	4494	4457	9099
5	4621	4566	4543	9100
5	4549	4514	4459	9101
5	4596	4556	4594	9102
5	4590	4519	4560	9103
5	4572	4500	4551	9104
5	4678	4650	4615	9105
5	4552	4550	4510	9106
5	4552	4510	4507	9107
5	4777	4753	4719	9108
5	4592	4554	4591	9109
5	4619	4548	4583	9110
5	4591	4554	4553	9111
5	4651	4576	4618	9112
5	4745	4726	4741	9113
5	4593	4552	4578	9114
5	4632	4545	4595	9115
5	4620	4557	4590	9116
5	4557	4506	4480	9117
5	4579	4525	4542	9118
5	4595	4506	4557	9119
5	4593	4550	4552	9120
5	4594	4556	4550	9121
5	4666	4598	4635	9122
5	4596	4558	4556	9123
5	4562	4512	4466	9124
5	4562	4466	4521	9125
5	4902	4828	4866	9126
5	4677	4636	4640	9127
5	4568	4522	4529	9128
5	4585	4565	4563	9129
5	4564	4552	4507	9130
5	4564	4507	4526	9131
5	4565	4524	4527	9132
5	4565	4527	4505	9133
5	4621	4543	4589	9134
5	4716	4686	4667	9135
5	4681	4645	4610	9136
5	4712	4676	4646	9137
5	4609	4541	4588	9138
5	4625	4582	4624	9139
5	4779	4720	4746	9140
5	4641	4624	4602	9141
5	4624	4570	4602	9142
5	4617	4569	4536	9143
5	4581	4538	4566	9144
5	4604	4495	4539	9145
5	4650	4627	4585	9146
5	4655	4603	4605	9147
5	4574	4535	4573	9148
5	4573	4535	4532	9149
5	4599	4562	4561	9150
5	4763	4734	4689	9151
5	4575	4549	4496	9152
5	4575	4496	4531	9153
5	4638	4612	4584	9154
5	4665	4591	4608	9155
5	4577	4561	4520	9156
5	4577	4520	4547	9157
5	4580	4564	4534	9158
5	4622	4533	4579	9159
5	4630	4578	4623	9160
5	4580	4534	4533	9161
5	4690	4611	4648	9162
5	4622	4580	4533	9163
5	4581	4571	4528	9164
5	4581	4528	4538	9165
5	4732	4663	4703	9166
5	4678	4615	4643	9167
5	4703	4625	4664	9168
5	4701	4641	4661	9169
5	4638	4584	4626	9170
5	4747	4679	4713	9171
5	4615	4585	4563	9172
5	4627	4529	4585	9173
5	4667	4567	4632	9174
5	4693	4646	4621	9175
5	4587	4553	4497	9176
5	4587	4497	4541	9177
5	4713	4679	4654	9178
5	4653	4608	4609	9179
5	4715	4693	4642	9180
5	4776	4742	4709	9181
5	4736	4645	4681	9182
5	4707	4666	4635	9183
5	4704	4653	4696	9184
5	4766	4695	4727	9185
5	4848	4810	4845	9186
5	4713	4654	4675	9187
5	4597	4558	4596	9188
5	4594	4550	4593	9189
5	4662	4580	4622	9190
5	4623	4578	4580	9191
5	4667	4606	4567	9192
5	4595	4545	4506	9193
5	4630	4593	4578	9194
5	4631	4593	4630	9195
5	4709	4672	4671	9196
5	4635	4598	4597	9197
5	4631	4594	4593	9198
5	4633	4596	4594	9199
5	4600	4562	4599	9200
5	4600	4512	4562	9201
5	4633	4594	4631	9202
5	4637	4579	4542	9203
5	4601	4581	4566	9204
5	4676	4601	4646	9205
5	4602	4570	4546	9206
5	4602	4546	4568	9207
5	4698	4655	4682	9208
5	4768	4678	4725	9209
5	4657	4604	4603	9210
5	4650	4585	4615	9211
5	4605	4603	4571	9212
5	4605	4571	4581	9213
5	4628	4549	4575	9214
5	4716	4667	4680	9215
5	4647	4586	4607	9216
5	4646	4601	4566	9217
5	4608	4591	4553	9218
5	4608	4553	4587	9219
5	4717	4650	4678	9220
5	4625	4583	4582	9221
5	4610	4590	4560	9222
5	4610	4560	4598	9223
5	4735	4690	4695	9224
5	4636	4600	4599	9225
5	4612	4573	4532	9226
5	4612	4532	4584	9227
5	4640	4636	4599	9228
5	4719	4644	4683	9229
5	4614	4572	4551	9230
5	4614	4551	4586	9231
5	4660	4617	4572	9232
5	4661	4568	4627	9233
5	4616	4613	4574	9234
5	4616	4574	4573	9235
5	4725	4678	4643	9236
5	4643	4569	4617	9237
5	4618	4576	4555	9238
5	4618	4555	4592	9239
5	4652	4588	4619	9240
5	4683	4644	4612	9241
5	4671	4634	4633	9242
5	4749	4681	4729	9243
5	4676	4639	4601	9244
5	4628	4589	4549	9245
5	4932	4873	4888	9246
5	4742	4672	4709	9247
5	4640	4599	4611	9248
5	4687	4662	4622	9249
5	4775	4724	4740	9250
5	4797	4758	4732	9251
5	4720	4703	4664	9252
5	4643	4615	4569	9253
5	4689	4626	4651	9254
5	4763	4689	4651	9255
5	4663	4583	4625	9256
5	4661	4641	4602	9257
5	4714	4656	4686	9258
5	4680	4632	4620	9259
5	4629	4592	4591	9260
5	4665	4629	4591	9261
5	4803	4728	4761	9262
5	4634	4596	4633	9263
5	4669	4633	4631	9264
5	4635	4597	4634	9265
5	4681	4610	4666	9266
5	4632	4567	4545	9267
5	4672	4634	4671	9268
5	4687	4622	4649	9269
5	4668	4631	4630	9270
5	4730	4670	4692	9271
5	4709	4671	4708	9272
5	4672	4635	4634	9273
5	4637	4600	4636	9274
5	4637	4542	4600	9275
5	4662	4623	4580	9276
5	4680	4667	4632	9277
5	4651	4626	4576	9278
5	4755	4675	4711	9279
5	4639	4605	4601	9280
5	4849	4781	4823	9281
5	4752	4718	4735	9282
5	4814	4777	4774	9283
5	4764	4748	4737	9284
5	4660	4572	4614	9285
5	4642	4621	4589	9286
5	4642	4589	4628	9287
5	4739	4698	4710	9288
5	4684	4617	4660	9289
5	4644	4616	4573	9290
5	4644	4573	4612	9291
5	4645	4620	4590	9292
5	4645	4590	4610	9293
5	4693	4621	4642	9294
5	4849	4829	4781	9295
5	4699	4657	4698	9296
5	4684	4643	4617	9297
5	4722	4662	4687	9298
5	4690	4640	4611	9299
5	4708	4669	4705	9300
5	4723	4649	4673	9301
5	4724	4688	4701	9302
5	4661	4602	4568	9303
5	4794	4713	4755	9304
5	4683	4612	4638	9305
5	4665	4608	4653	9306
5	4653	4609	4652	9307
5	4704	4665	4653	9308
5	4704	4685	4665	9309
5	4654	4618	4592	9310
5	4654	4592	4629	9311
5	4698	4657	4655	9312
5	4658	4604	4657	9313
5	4656	4628	4575	9314
5	4656	4575	4606	9315
5	4748	4721	4737	9316
5	4658	4647	4607	9317
5	4799	4784	4748	9318
5	4829	4756	4781	9319
5	4659	4648	4613	9320
5	4659	4613	4616	9321
5	4757	4684	4721	9322
5	4821	4790	4750	9323
5	4700	4627	4650	9324
5	4700	4661	4627	9325
5	4669	4631	4668	9326
5	4671	4633	4669	9327
5	4702	4619	4663	9328
5	4663	4619	4583	9329
5	4801	4741	4773	9330
5	4664	4625	4624	9331
5	4778	4651	4679	9332
5	4877	4779	4817	9333
5	4729	4666	4707	9334
5	4759	4715	4691	9335
5	4715	4642	4691	9336
5	4714	4691	4656	9337
5	4735	4718	4690	9338
5	4820	4783	4776	9339
5	4761	4718	4752	9340
5	4707	4635	4672	9341
5	4670	4668	4630	9342
5	4670	4630	4623	9343
5	4762	4729	4707	9344
5	4692	4623	4662	9345
5	4731	4708	4705	9346
5	4762	4707	4742	9347
5	4673	4649	4637	9348
5	4673	4637	4636	9349
5	4774	4683	4734	9350
5	4878	4803	4841	9351
5	4675	4654	4629	9352
5	4703	4663	4625	9353
5	4838	4805	4816	9354
5	4836	4795	4744	9355
5	4921	4858	4881	9356
5	4803	4761	4780	9357
5	4732	4702	4663	9358
5	4771	4726	4745	9359
5	4679	4651	4618	9360
5	4679	4618	4654	9361
5	5001	4966	4941	9362
5	4680	4620	4645	9363
5	4765	4686	4716	9364
5	4708	4671	4669	9365
5	4682	4655	4639	9366
5	4733	4682	4639	9367
5	4842	4747	4819	9368
5	4719	4674	4644	9369
5	5058	5001	5021	9370
5	4694	4614	4647	9371
5	4685	4675	4629	9372
5	4685	4629	4665	9373
5	4686	4656	4606	9374
5	4686	4606	4667	9375
5	4692	4670	4623	9376
5	4705	4669	4668	9377
5	4688	4664	4641	9378
5	4757	4721	4748	9379
5	4734	4638	4689	9380
5	4689	4638	4626	9381
5	4766	4735	4695	9382
5	4807	4788	4769	9383
5	4691	4642	4628	9384
5	4691	4628	4656	9385
5	4765	4714	4686	9386
5	4772	4716	4680	9387
5	4733	4639	4676	9388
5	4836	4744	4785	9389
5	4751	4732	4703	9390
5	5133	5060	5082	9391
5	4695	4690	4648	9392
5	4695	4648	4659	9393
5	4696	4653	4652	9394
5	4779	4751	4720	9395
5	4697	4694	4647	9396
5	4697	4647	4658	9397
5	4699	4658	4657	9398
5	4965	4937	4909	9399
5	4790	4733	4750	9400
5	4764	4738	4754	9401
5	4701	4661	4700	9402
5	4701	4688	4641	9403
5	4916	4911	4913	9404
5	4905	4817	4857	9405
5	4702	4696	4652	9406
5	4702	4652	4619	9407
5	4720	4664	4688	9408
5	4809	4746	4724	9409
5	5095	232	5043	9410
5	4981	4951	4975	9411
5	4761	4677	4718	9412
5	4731	4705	4706	9413
5	4706	4705	4668	9414
5	4706	4668	4670	9415
5	4742	4707	4672	9416
5	4729	4681	4666	9417
5	4851	4835	4834	9418
5	4854	4783	4820	9419
5	4807	4767	4788	9420
5	4789	4769	4788	9421
5	4710	4698	4682	9422
5	4770	4682	4733	9423
5	4822	4794	4755	9424
5	5012	4946	4988	9425
5	4885	4816	4865	9426
5	4947	4888	4934	9427
5	4855	4822	4787	9428
5	4794	4747	4713	9429
5	4772	4680	4736	9430
5	4886	4849	4823	9431
5	4756	4712	4693	9432
5	4770	4710	4682	9433
5	4826	4796	4765	9434
5	4749	4736	4681	9435
5	4740	4724	4701	9436
5	4717	4700	4650	9437
5	4718	4677	4640	9438
5	4718	4640	4690	9439
5	4856	4841	4780	9440
5	4864	4791	4824	9441
5	4901	4813	4837	9442
5	4751	4703	4720	9443
5	4721	4684	4660	9444
5	4721	4660	4694	9445
5	4730	4706	4670	9446
5	4722	4692	4662	9447
5	4723	4722	4687	9448
5	4723	4687	4649	9449
5	4740	4700	4717	9450
5	4725	4643	4684	9451
5	4740	4701	4700	9452
5	4818	4784	4799	9453
5	4726	4711	4685	9454
5	4726	4685	4704	9455
5	4727	4695	4659	9456
5	4727	4659	4674	9457
5	4728	4723	4673	9458
5	4728	4673	4677	9459
5	4783	4742	4776	9460
5	4736	4680	4645	9461
5	4743	4708	4731	9462
5	4731	4706	4730	9463
5	4858	4793	4835	9464
5	4793	4776	4743	9465
5	4758	4702	4732	9466
5	4850	4846	4812	9467
5	4756	4693	4715	9468
5	4785	4710	4770	9469
5	4774	4719	4683	9470
5	4734	4683	4638	9471
5	4791	4735	4766	9472
5	4883	4864	4824	9473
5	4806	4716	4772	9474
5	4879	4806	4843	9475
5	4737	4721	4694	9476
5	4737	4694	4697	9477
5	4738	4737	4697	9478
5	4738	4697	4699	9479
5	4739	4738	4699	9480
5	4739	4699	4698	9481
5	4799	4748	4764	9482
5	4757	4725	4684	9483
5	4741	4726	4704	9484
5	4741	4704	4696	9485
5	4793	4743	4760	9486
5	4767	4723	4728	9487
5	4776	4709	4743	9488
5	4743	4709	4708	9489
5	4744	4739	4710	9490
5	4785	4744	4710	9491
5	4773	4741	4696	9492
5	4859	4785	4815	9493
5	4746	4720	4688	9494
5	4746	4688	4724	9495
5	4833	4763	4778	9496
5	4755	4713	4675	9497
5	4754	4738	4739	9498
5	4805	4754	4795	9499
5	4811	4736	4749	9500
5	4806	4765	4716	9501
5	4750	4733	4676	9502
5	4750	4676	4712	9503
5	4758	4696	4702	9504
5	4801	4745	4741	9505
5	4778	4679	4747	9506
5	4875	4842	4870	9507
5	4753	4727	4674	9508
5	4753	4674	4719	9509
5	4764	4737	4738	9510
5	4890	4853	4818	9511
5	4771	4711	4726	9512
5	4982	4959	4919	9513
5	5128	5067	5084	9514
5	4759	4691	4714	9515
5	4800	4775	4786	9516
5	4768	4717	4678	9517
5	4773	4696	4758	9518
5	4845	4810	4745	9519
5	4914	4897	4849	9520
5	4821	4750	4782	9521
5	4760	4743	4731	9522
5	4789	4730	4769	9523
5	4803	4767	4728	9524
5	4761	4728	4677	9525
5	4820	4776	4793	9526
5	4918	4889	4896	9527
5	4804	4774	4734	9528
5	4798	4727	4753	9529
5	4923	4867	4908	9530
5	4784	4757	4748	9531
5	4904	4827	4863	9532
5	4915	4852	4882	9533
5	4804	4734	4763	9534
5	4828	4753	4777	9535
5	4791	4752	4735	9536
5	4807	4723	4767	9537
5	4808	4725	4757	9538
5	4892	4857	4825	9539
5	4769	4730	4692	9540
5	4769	4692	4722	9541
5	4790	4770	4733	9542
5	4903	4879	4843	9543
5	4855	4787	4830	9544
5	5078	5043	232	9545
5	4826	4765	4806	9546
5	4831	4762	4783	9547
5	4797	4732	4751	9548
5	4812	4758	4797	9549
5	4978	4939	4902	9550
5	4814	4774	4804	9551
5	4825	4809	4775	9552
5	4809	4724	4775	9553
5	4783	4762	4742	9554
5	4835	4793	4760	9555
5	4798	4766	4727	9556
5	4864	4832	4791	9557
5	4833	4804	4763	9558
5	4778	4763	4651	9559
5	4850	4812	4813	9560
5	4837	4751	4779	9561
5	4780	4761	4752	9562
5	5000	4958	4940	9563
5	4781	4756	4715	9564
5	4781	4715	4759	9565
5	4782	4750	4712	9566
5	4782	4712	4756	9567
5	4941	4904	4863	9568
5	4992	4922	4963	9569
5	4786	4717	4768	9570
5	4808	4768	4725	9571
5	4829	4782	4756	9572
5	4872	4825	4775	9573
5	4786	4775	4740	9574
5	4786	4740	4717	9575
5	4787	4755	4711	9576
5	4787	4711	4771	9577
5	4802	4760	4731	9578
5	4789	4731	4730	9579
5	4802	4731	4789	9580
5	4834	4760	4802	9581
5	5028	4950	4993	9582
5	4873	4790	4821	9583
5	4891	4841	4856	9584
5	4866	4777	4814	9585
5	4792	4749	4729	9586
5	4792	4729	4762	9587
5	4835	4760	4834	9588
5	4827	4811	4749	9589
5	4847	4794	4822	9590
5	4948	4898	4937	9591
5	4795	4754	4744	9592
5	4865	4795	4836	9593
5	4796	4759	4714	9594
5	4796	4714	4765	9595
5	4890	4818	4867	9596
5	5062	5013	5008	9597
5	4982	4919	4956	9598
5	4828	4798	4753	9599
5	4865	4816	4795	9600
5	4867	4818	4838	9601
5	4800	4786	4768	9602
5	4808	4800	4768	9603
5	4906	4865	4836	9604
5	4845	4745	4801	9605
5	4839	4789	4788	9606
5	4966	4904	4941	9607
5	4922	4854	4893	9608
5	4840	4767	4803	9609
5	4871	4804	4833	9610
5	4871	4814	4804	9611
5	4805	4799	4764	9612
5	4805	4764	4754	9613
5	4811	4772	4736	9614
5	4914	4849	4886	9615
5	4807	4769	4722	9616
5	4807	4722	4723	9617
5	4808	4757	4784	9618
5	4844	4808	4784	9619
5	4924	4882	4879	9620
5	4837	4797	4751	9621
5	4810	4771	4745	9622
5	4905	4877	4817	9623
5	4831	4792	4762	9624
5	4895	4831	4854	9625
5	4846	4773	4812	9626
5	4812	4773	4758	9627
5	4813	4812	4797	9628
5	4837	4813	4797	9629
5	4998	4925	4972	9630
5	4894	4856	4832	9631
5	4815	4785	4770	9632
5	4815	4770	4790	9633
5	4816	4805	4795	9634
5	5069	4984	5011	9635
5	4817	4779	4746	9636
5	4817	4746	4809	9637
5	4913	4853	4890	9638
5	4933	4880	4899	9639
5	4819	4747	4794	9640
5	4822	4755	4787	9641
5	4854	4831	4783	9642
5	4843	4772	4811	9643
5	4873	4815	4790	9644
5	4906	4836	4859	9645
5	4847	4819	4794	9646
5	4972	4925	4898	9647
5	4823	4781	4759	9648
5	4823	4759	4796	9649
5	4824	4791	4766	9650
5	4824	4766	4798	9651
5	4916	4913	4890	9652
5	4857	4817	4809	9653
5	4958	4903	4940	9654
5	4827	4749	4792	9655
5	4903	4843	4874	9656
5	4904	4874	4827	9657
5	5076	5025	5071	9658
5	4972	4898	4948	9659
5	4879	4826	4806	9660
5	5047	5004	5017	9661
5	4830	4787	4771	9662
5	4830	4771	4810	9663
5	4895	4863	4831	9664
5	4858	4820	4793	9665
5	4832	4780	4752	9666
5	4832	4752	4791	9667
5	4866	4828	4777	9668
5	4925	4871	4875	9669
5	4876	4788	4840	9670
5	4840	4788	4767	9671
5	4856	4780	4832	9672
5	4928	4841	4891	9673
5	4859	4836	4785	9674
5	4897	4829	4849	9675
5	4951	4933	4938	9676
5	4877	4837	4779	9677
5	4838	4818	4799	9678
5	4838	4799	4805	9679
5	4839	4834	4802	9680
5	4839	4802	4789	9681
5	5143	5129	5081	9682
5	4921	4893	4858	9683
5	5044	4992	5024	9684
5	4841	4803	4780	9685
5	4842	4833	4778	9686
5	4842	4778	4747	9687
5	4886	4823	4852	9688
5	4843	4806	4772	9689
5	4997	4914	4954	9690
5	4844	4800	4808	9691
5	5144	5104	5115	9692
5	4861	4810	4848	9693
5	4899	4801	4846	9694
5	4846	4801	4773	9695
5	5077	5057	5014	9696
5	4925	4875	4898	9697
5	5037	4957	4994	9698
5	4942	4907	4848	9699
5	4941	4863	4895	9700
5	5004	4932	4947	9701
5	4901	4837	4877	9702
5	4857	4809	4825	9703
5	4939	4860	4902	9704
5	5060	5015	4996	9705
5	4852	4823	4796	9706
5	4852	4796	4826	9707
5	4853	4844	4784	9708
5	4853	4784	4818	9709
5	4958	4924	4903	9710
5	4924	4879	4903	9711
5	4861	4830	4810	9712
5	5078	232	233	9713
5	4960	4920	4889	9714
5	5015	4983	4960	9715
5	4976	4905	4929	9716
5	4929	4857	4892	9717
5	4960	4889	4918	9718
5	4889	4851	4869	9719
5	5006	4935	4976	9720
5	5047	5018	5004	9721
5	4860	4824	4798	9722
5	4860	4798	4828	9723
5	5117	233	234	9724
5	4961	4880	4933	9725
5	4862	4821	4782	9726
5	4862	4782	4829	9727
5	4863	4827	4792	9728
5	4863	4792	4831	9729
5	5005	4948	4937	9730
5	4883	4824	4860	9731
5	4932	4900	4873	9732
5	4923	4890	4867	9733
5	4910	4866	4814	9734
5	4996	4918	4974	9735
5	4885	4868	4816	9736
5	4908	4867	4868	9737
5	4868	4867	4838	9738
5	4868	4838	4816	9739
5	4869	4851	4834	9740
5	4869	4834	4839	9741
5	4870	4842	4819	9742
5	4909	4819	4847	9743
5	4937	4898	4870	9744
5	4910	4814	4871	9745
5	4872	4775	4800	9746
5	5017	4947	4984	9747
5	4897	4862	4829	9748
5	4954	4914	4886	9749
5	4874	4843	4811	9750
5	4874	4811	4827	9751
5	4875	4871	4833	9752
5	4875	4833	4842	9753
5	4876	4869	4839	9754
5	4876	4839	4788	9755
5	4987	4971	4977	9756
5	4929	4905	4857	9757
5	4928	4912	4878	9758
5	4878	4840	4803	9759
5	4872	4800	4844	9760
5	4913	4844	4853	9761
5	4988	4946	4957	9762
5	4899	4846	4850	9763
5	4881	4858	4835	9764
5	4881	4835	4851	9765
5	4882	4852	4826	9766
5	4882	4826	4879	9767
5	5042	4972	5009	9768
5	4894	4832	4864	9769
5	4884	4847	4822	9770
5	4884	4822	4855	9771
5	5093	5047	5017	9772
5	5079	5050	5016	9773
5	4915	4886	4852	9774
5	4934	4888	4862	9775
5	4887	4855	4830	9776
5	4887	4830	4861	9777
5	4888	4873	4821	9778
5	4888	4821	4862	9779
5	4928	4878	4841	9780
5	5163	5120	5160	9781
5	5080	5063	5028	9782
5	4975	4901	4935	9783
5	4912	4840	4878	9784
5	5106	5066	5073	9785
5	5038	4971	4987	9786
5	5080	5028	5050	9787
5	4893	4854	4820	9788
5	4893	4820	4858	9789
5	4936	4864	4883	9790
5	4936	4894	4864	9791
5	5044	5021	4992	9792
5	4922	4895	4854	9793
5	4896	4889	4869	9794
5	4896	4869	4876	9795
5	5090	5011	5053	9796
5	4964	4934	4897	9797
5	4898	4875	4870	9798
5	4965	4909	4917	9799
5	4899	4880	4845	9800
5	4899	4845	4801	9801
5	4900	4859	4815	9802
5	4900	4815	4873	9803
5	4938	4850	4901	9804
5	4901	4850	4813	9805
5	4944	4866	4910	9806
5	4902	4860	4828	9807
5	4940	4903	4874	9808
5	5031	4966	5001	9809
5	4940	4874	4904	9810
5	4967	4895	4922	9811
5	5022	4968	4995	9812
5	4916	4892	4911	9813
5	5156	215	216	9814
5	5050	5028	4993	9815
5	4907	4861	4848	9816
5	4942	4848	4880	9817
5	4943	4908	4868	9818
5	4943	4868	4885	9819
5	4937	4870	4909	9820
5	5046	4980	5012	9821
5	5200	5143	5176	9822
5	4944	4910	4925	9823
5	4911	4892	4825	9824
5	4911	4825	4872	9825
5	4912	4896	4876	9826
5	4912	4876	4840	9827
5	4913	4911	4872	9828
5	4913	4872	4844	9829
5	5035	4997	4954	9830
5	4934	4862	4897	9831
5	5007	4924	4958	9832
5	4964	4897	4914	9833
5	4994	4942	4961	9834
5	4990	4929	4973	9835
5	4917	4909	4847	9836
5	4917	4847	4884	9837
5	4939	4883	4860	9838
5	4952	4891	4927	9839
5	4919	4884	4855	9840
5	4919	4855	4887	9841
5	4920	4881	4851	9842
5	4920	4851	4889	9843
5	5143	5081	5133	9844
5	5082	5060	5026	9845
5	4966	4940	4904	9846
5	5052	5024	4991	9847
5	4995	4968	4923	9848
5	4995	4923	4971	9849
5	4967	4941	4895	9850
5	5103	5010	5056	9851
5	5054	5039	5042	9852
5	4925	4910	4871	9853
5	4926	4885	4865	9854
5	4926	4865	4906	9855
5	4927	4891	4856	9856
5	4927	4856	4894	9857
5	4928	4896	4912	9858
5	5070	5054	5009	9859
5	4973	4892	4916	9860
5	4935	4877	4905	9861
5	4930	4906	4859	9862
5	4930	4859	4900	9863
5	4931	4887	4861	9864
5	4931	4861	4907	9865
5	5170	5153	5124	9866
5	4928	4918	4896	9867
5	4961	4942	4880	9868
5	4935	4901	4877	9869
5	4997	4964	4914	9870
5	4947	4932	4888	9871
5	4976	4935	4905	9872
5	4973	4929	4892	9873
5	4974	4891	4952	9874
5	5026	4974	4952	9875
5	5013	4965	5008	9876
5	5039	4985	4978	9877
5	4938	4933	4899	9878
5	4938	4899	4850	9879
5	5102	5054	5100	9880
5	5034	4970	4985	9881
5	5101	5021	5044	9882
5	5114	5084	5059	9883
5	5001	4941	4967	9884
5	4996	4960	4918	9885
5	5012	4980	4946	9886
5	5032	4961	5003	9887
5	5002	4943	4950	9888
5	5022	4916	4968	9889
5	4978	4902	4944	9890
5	4944	4902	4866	9891
5	4945	4915	4882	9892
5	4945	4882	4924	9893
5	4946	4931	4907	9894
5	5003	4933	4951	9895
5	5028	5002	4950	9896
5	5004	4962	4932	9897
5	5005	4937	4965	9898
5	5111	5077	235	9899
5	4949	4927	4894	9900
5	4949	4894	4936	9901
5	4950	4943	4885	9902
5	4950	4885	4926	9903
5	5091	5033	5066	9904
5	5006	4981	4975	9905
5	5026	4996	4974	9906
5	5055	5034	4985	9907
5	4953	4921	4881	9908
5	4953	4881	4920	9909
5	4979	4915	4945	9910
5	4979	4955	4915	9911
5	4955	4954	4886	9912
5	4955	4886	4915	9913
5	4956	4919	4887	9914
5	4956	4887	4931	9915
5	4957	4946	4907	9916
5	4957	4907	4942	9917
5	5085	5031	5058	9918
5	5067	4979	5030	9919
5	4959	4917	4884	9920
5	4959	4884	4919	9921
5	5060	4996	5026	9922
5	5031	5000	4966	9923
5	5141	5061	5105	9924
5	5003	4961	4933	9925
5	4962	4930	4900	9926
5	4962	4900	4932	9927
5	4963	4922	4893	9928
5	4963	4893	4921	9929
5	5175	212	213	9930
5	5132	5069	5090	9931
5	5171	239	5148	9932
5	5040	4948	5005	9933
5	5000	4940	4966	9934
5	5059	5030	5007	9935
5	5024	4963	4991	9936
5	4992	4967	4922	9937
5	4968	4916	4890	9938
5	4968	4890	4923	9939
5	4969	4926	4906	9940
5	4969	4906	4930	9941
5	4970	4936	4883	9942
5	4970	4883	4939	9943
5	4971	4923	4908	9944
5	5097	5019	5049	9945
5	4998	4944	4925	9946
5	5144	5116	5104	9947
5	5006	4975	4935	9948
5	5049	5019	5022	9949
5	4974	4918	4928	9950
5	4974	4928	4891	9951
5	4975	4951	4938	9952
5	4975	4938	4901	9953
5	5187	243	5160	9954
5	5033	4981	5006	9955
5	4977	4971	4908	9956
5	4977	4908	4943	9957
5	5086	5070	5040	9958
5	5034	4999	4970	9959
5	5035	4954	5027	9960
5	5059	5007	5010	9961
5	4980	4956	4931	9962
5	4980	4931	4946	9963
5	4990	4976	4929	9964
5	5065	4981	5033	9965
5	5111	5057	5077	9966
5	5057	5036	4982	9967
5	4983	4953	4920	9968
5	4983	4920	4960	9969
5	4984	4947	4934	9970
5	4984	4934	4964	9971
5	4985	4970	4939	9972
5	4985	4939	4978	9973
5	4986	4952	4927	9974
5	4986	4927	4949	9975
5	5002	4977	4943	9976
5	5050	4993	5016	9977
5	5105	5029	5065	9978
5	5037	4988	4957	9979
5	4989	4969	4930	9980
5	4989	4930	4962	9981
5	5065	5029	4981	9982
5	5066	5033	5041	9983
5	4991	4963	4921	9984
5	4991	4921	4953	9985
5	5025	4953	4983	9986
5	5071	4983	5015	9987
5	4993	4950	4926	9988
5	4993	4926	4969	9989
5	5204	213	214	9990
5	4994	4957	4942	9991
5	5038	4995	4971	9992
5	5070	5009	5040	9993
5	5015	4960	4996	9994
5	5026	4952	4986	9995
5	5017	5004	4947	9996
5	5172	5156	216	9997
5	5039	4978	4998	9998
5	4998	4978	4944	9999
5	4999	4949	4936	10000
5	4999	4936	4970	10001
5	5108	5074	5027	10002
5	5007	4945	4924	10003
5	5024	4992	4963	10004
5	5225	5200	5218	10005
5	5068	4987	5020	10006
5	5150	5079	5110	10007
5	5032	4994	4961	10008
5	5094	4994	5032	10009
5	5069	5017	4984	10010
5	5090	5069	5011	10011
5	5013	5005	4965	10012
5	5040	5009	4948	10013
5	5041	4976	4990	10014
5	5091	5065	5033	10015
5	5112	5099	5074	10016
5	5056	5000	5031	10017
5	5008	4965	4917	10018
5	5008	4917	4959	10019
5	5055	4985	5039	10020
5	5009	4972	4948	10021
5	5010	5007	4958	10022
5	5010	4958	5000	10023
5	5011	4984	4964	10024
5	5011	4964	4997	10025
5	5014	4982	4956	10026
5	5014	4956	4980	10027
5	5221	5203	245	10028
5	5116	5064	5104	10029
5	5117	5078	233	10030
5	5077	5014	5046	10031
5	5118	5044	5089	10032
5	5025	4991	4953	10033
5	5016	4993	4969	10034
5	5016	4969	4989	10035
5	5142	5135	5093	10036
5	5175	5142	5132	10037
5	5018	4989	4962	10038
5	5018	4962	5004	10039
5	5019	4990	4973	10040
5	5073	4990	5019	10041
5	5020	4987	4977	10042
5	5020	4977	5002	10043
5	5021	5001	4967	10044
5	5021	4967	4992	10045
5	5022	5019	4973	10046
5	5022	4973	4916	10047
5	5023	4986	4949	10048
5	5023	4949	4999	10049
5	5188	5119	5154	10050
5	5056	5010	5000	10051
5	5071	5025	4983	10052
5	5052	4991	5025	10053
5	5120	5083	5102	10054
5	5082	5026	5045	10055
5	5027	4954	4955	10056
5	5027	4955	4979	10057
5	5079	5016	5048	10058
5	5216	228	5179	10059
5	5029	5003	4951	10060
5	5029	4951	4981	10061
5	5030	4979	4945	10062
5	5030	4945	5007	10063
5	5081	5015	5060	10064
5	5058	5031	5001	10065
5	5121	5088	5094	10066
5	5095	5043	5072	10067
5	5198	222	5194	10068
5	5123	5091	5066	10069
5	5126	5051	5083	10070
5	5173	5145	5163	10071
5	5125	5053	5099	10072
5	5125	5090	5053	10073
5	5036	5008	4959	10074
5	5036	4959	4982	10075
5	5136	231	5095	10076
5	5204	5175	213	10077
5	5075	5038	4987	10078
5	5049	4995	5038	10079
5	5126	5098	5051	10080
5	5055	5039	5054	10081
5	5102	5055	5054	10082
5	5100	5054	5070	10083
5	5041	5033	5006	10084
5	5041	5006	4976	10085
5	5042	5039	4998	10086
5	5042	4998	4972	10087
5	5043	5012	4988	10088
5	5095	231	232	10089
5	5119	5085	5058	10090
5	5169	5085	5119	10091
5	5045	5026	4986	10092
5	5045	4986	5023	10093
5	5057	4982	5014	10094
5	5046	5014	4980	10095
5	5172	5150	5110	10096
5	5127	5050	5079	10097
5	5048	5016	4989	10098
5	5048	4989	5018	10099
5	5182	209	210	10100
5	5181	5161	5167	10101
5	5127	5080	5050	10102
5	5172	5110	5156	10103
5	5051	5023	4999	10104
5	5051	4999	5034	10105
5	5076	5052	5025	10106
5	5118	5101	5044	10107
5	5053	5011	4997	10108
5	5053	4997	5035	10109
5	5054	5042	5009	10110
5	5086	5040	5064	10111
5	5163	5126	5120	10112
5	5193	243	244	10113
5	5067	5027	4979	10114
5	5103	5059	5010	10115
5	5133	5081	5060	10116
5	5062	5008	5036	10117
5	5085	5056	5031	10118
5	5199	5146	5190	10119
5	5101	5058	5021	10120
5	5149	5125	5099	10121
5	5212	5170	5201	10122
5	5218	5200	5176	10123
5	5061	5032	5003	10124
5	5061	5003	5029	10125
5	5115	5062	5087	10126
5	5115	5104	5062	10127
5	5063	5020	5002	10128
5	5063	5002	5028	10129
5	5064	5040	5005	10130
5	5064	5005	5013	10131
5	5094	5032	5061	10132
5	5130	5065	5091	10133
5	5164	5131	5107	10134
5	5049	5022	4995	10135
5	5108	5027	5067	10136
5	5215	209	5162	10137
5	5137	5063	5080	10138
5	5131	5068	5107	10139
5	5132	5093	5069	10140
5	5175	5132	5155	10141
5	5075	4987	5068	10142
5	5106	5073	5097	10143
5	5196	5176	5153	10144
5	5081	5071	5015	10145
5	5072	5043	4988	10146
5	5072	4988	5037	10147
5	5073	5066	5041	10148
5	5073	5041	4990	10149
5	5074	5035	5027	10150
5	5206	5162	5128	10151
5	5097	5073	5019	10152
5	5122	5075	5096	10153
5	5089	5044	5024	10154
5	5089	5024	5052	10155
5	5117	5046	5078	10156
5	5077	234	235	10157
5	5078	5046	5012	10158
5	5078	5012	5043	10159
5	5150	5127	5079	10160
5	5151	5137	5080	10161
5	5151	5080	5127	10162
5	5131	5096	5068	10163
5	5176	5143	5133	10164
5	5152	5113	5076	10165
5	5168	5139	5100	10166
5	5227	5218	5196	10167
5	5083	5051	5034	10168
5	5083	5034	5055	10169
5	5084	5067	5030	10170
5	5084	5030	5059	10171
5	5157	5114	5103	10172
5	5114	5059	5103	10173
5	5138	5070	5086	10174
5	5102	5083	5055	10175
5	5087	5062	5036	10176
5	5087	5036	5057	10177
5	5088	5072	5037	10178
5	5136	5095	5072	10179
5	5213	5190	5210	10180
5	5196	5153	5170	10181
5	5202	5157	5195	10182
5	5093	5017	5069	10183
5	5185	5165	5123	10184
5	5130	5105	5065	10185
5	5092	5048	5018	10186
5	5092	5018	5047	10187
5	5156	5110	5092	10188
5	5142	5093	5132	10189
5	5094	5088	5037	10190
5	5094	5037	4994	10191
5	5136	5072	5088	10192
5	5136	230	231	10193
5	5096	5075	5068	10194
5	5137	5107	5063	10195
5	5109	5038	5075	10196
5	5123	5066	5106	10197
5	5098	5045	5023	10198
5	5098	5023	5051	10199
5	5099	5053	5035	10200
5	5099	5035	5074	10201
5	5148	5086	5116	10202
5	5178	5135	5142	10203
5	5226	203	204	10204
5	5119	5058	5101	10205
5	5163	5145	5126	10206
5	5126	5083	5120	10207
5	5157	5103	5140	10208
5	5128	5108	5067	10209
5	5104	5064	5013	10210
5	5104	5013	5062	10211
5	5158	5141	5105	10212
5	5105	5061	5029	10213
5	5134	5106	5097	10214
5	5122	5109	5075	10215
NPOIN= 5233
9.997500181200000e-01	-3.633181114040432e-05	0
9.990000128750000e-01	-1.454333977000629e-04	1
9.977599978450000e-01	-3.270805357954221e-04	2
9.960200190539999e-01	-5.876236258653270e-04	3
9.937800168990000e-01	-9.387789246580090e-04	4
9.910500049590000e-01	-1.399141242978370e-03	5
9.878399968150000e-01	-1.993430112617104e-03	6
9.841300249100000e-01	-2.751780872535198e-03	7
9.799500107769999e-01	-3.683262604765611e-03	8
9.752799868580000e-01	-4.785675822840579e-03	9
9.701499938960000e-01	-6.019376308269108e-03	10
9.645400047300000e-01	-7.336389432398614e-03	11
9.584699869160000e-01	-8.673976128420243e-03	12
9.519400000570000e-01	-9.986468756218888e-03	13
9.449599981310000e-01	-1.125069590144016e-02	14
9.375399947170000e-01	-1.247028553390659e-02	15
9.296900033950000e-01	-1.366786905465598e-02	16
9.214000105860000e-01	-1.487565945119352e-02	17
9.126999974250000e-01	-1.611589394395753e-02	18
9.035800099370001e-01	-1.740658235358961e-02	19
8.940600156780000e-01	-1.875065358209030e-02	20
8.841500282290000e-01	-2.014436635590766e-02	21
8.738499879840000e-01	-2.158114829084452e-02	22
8.631799817090000e-01	-2.305064215715641e-02	23
8.521599769590000e-01	-2.454358481904990e-02	24
8.407700061800000e-01	-2.605776558473619e-02	25
8.290500044819999e-01	-2.758446103342116e-02	26
8.170099854470000e-01	-2.912004470990062e-02	27
8.046399950980000e-01	-3.066379944505500e-02	28
7.919700145720000e-01	-3.221000036738799e-02	29
7.790099978450000e-01	-3.375530916176289e-02	30
7.657799720760000e-01	-3.529496291630939e-02	31
7.522799968720000e-01	-3.682631411839336e-02	32
7.385200262070000e-01	-3.834535672719598e-02	33
7.245299816130000e-01	-3.984589794724134e-02	34
7.103199958800001e-01	-4.132403876848753e-02	35
6.958900094030001e-01	-4.277697761203406e-02	36
6.812700033190000e-01	-4.419904401190028e-02	37
6.664699912070000e-01	-4.558686324746725e-02	38
6.514999866490000e-01	-4.693727466351433e-02	39
6.363800168040000e-01	-4.824650120215134e-02	40
6.211299896240000e-01	-4.951116491918210e-02	41
6.057599782940000e-01	-5.072904071791973e-02	42
5.902799963950000e-01	-5.189814759223876e-02	43
5.747100114820000e-01	-5.301603167832036e-02	44
5.590599775310000e-01	-5.408125164385957e-02	45
5.433599948880000e-01	-5.509127930327324e-02	46
5.276100039480000e-01	-5.604579626176041e-02	47
5.118399858470000e-01	-5.694278153052720e-02	48
4.960500001910000e-01	-5.778210587198426e-02	49
4.802699983120000e-01	-5.856208715820625e-02	50
4.645099937920000e-01	-5.928218981034818e-02	51
4.487800002100000e-01	-5.994181273954858e-02	52
4.331099987030000e-01	-6.053952659237490e-02	53
4.174999892710000e-01	-6.107503941800119e-02	54
4.019699990750000e-01	-6.154716475281060e-02	55
3.865399956700000e-01	-6.195467887742119e-02	56
3.712300062180000e-01	-6.229630313672230e-02	57
3.560400009160000e-01	-6.257101973162733e-02	58
3.409900069240000e-01	-6.277716734870363e-02	59
3.261100053790000e-01	-6.291295104024204e-02	60
3.113999962810000e-01	-6.297677692552103e-02	61
2.968699932100000e-01	-6.296666145332171e-02	62
2.825500071050000e-01	-6.288057152334961e-02	63
2.684499919410000e-01	-6.271642804106767e-02	64
2.545700073240000e-01	-6.247178113042200e-02	65
2.409400045870000e-01	-6.214458979140379e-02	66
2.275699973110000e-01	-6.173253474854393e-02	67
2.144699990750000e-01	-6.123321693489583e-02	68
2.016600072380000e-01	-6.064468092717237e-02	69
1.891400069000000e-01	-5.996411024277696e-02	70
1.769299954180000e-01	-5.918970559984274e-02	71
1.650400012730000e-01	-5.831930448782981e-02	72
1.534900069240000e-01	-5.735171556948800e-02	73
1.422899961470000e-01	-5.628531655946953e-02	74
1.314399987460000e-01	-5.511753941180954e-02	75
1.209499984980000e-01	-5.384675914928901e-02	76
1.108499988910000e-01	-5.247441637642503e-02	77
1.011300012470000e-01	-5.099709155796846e-02	78
9.181000292300000e-02	-4.941569868048693e-02	79
8.290000259900000e-02	-4.773026688417484e-02	80
7.440000027400000e-02	-4.593906912389249e-02	81
6.633000075800000e-02	-4.404487713852318e-02	82
5.869000032500000e-02	-4.204656544560734e-02	83
5.149000138000000e-02	-3.994562416916239e-02	84
4.473999887700000e-02	-3.774431379865712e-02	85
3.844000026600000e-02	-3.544202325537388e-02	86
3.260000050100000e-02	-3.304186895653309e-02	87
2.723000012300000e-02	-3.054829057389963e-02	88
2.232000045500000e-02	-2.795632135126033e-02	89
1.789999939500000e-02	-2.528296717132223e-02	90
1.394999958600000e-02	-2.251779376751535e-02	91
1.049000024800000e-02	-1.967625545310638e-02	92
7.519999985000000e-03	-1.676313846565334e-02	93
5.040000193000000e-03	-1.378388247292785e-02	94
3.049999941000000e-03	-1.074421494157552e-02	95
1.560000004000000e-03	-7.672626655900933e-03	96
5.600000150000000e-04	-4.563214718573538e-03	97
5.999999800000000e-05	-1.461340709922633e-03	98
0.000000000000000e+00	0.000000000000000e+00	99
5.999999800000000e-05	1.365803878883928e-03	100
5.600000150000000e-04	4.079637096364027e-03	101
1.560000004000000e-03	6.657168928005714e-03	102
3.049999941000000e-03	9.101186744560888e-03	103
5.040000193000000e-03	1.143781991619002e-02	104
7.519999985000000e-03	1.365980879697997e-02	105
1.049000024800000e-02	1.577483210043373e-02	106
1.394999958600000e-02	1.778887391555170e-02	107
1.789999939500000e-02	1.970722186882513e-02	108
2.232000045500000e-02	2.152718814429520e-02	109
2.723000012300000e-02	2.326317784996922e-02	110
3.260000050100000e-02	2.491053090789009e-02	111
3.844000026600000e-02	2.647886700695763e-02	112
4.473999887700000e-02	2.797111440100472e-02	113
5.149000138000000e-02	2.939069947760079e-02	114
5.869000032500000e-02	3.074305778348767e-02	115
6.633000075800000e-02	3.203138197463837e-02	116
7.440000027400000e-02	3.325896642474677e-02	117
8.290000259900000e-02	3.443040814462467e-02	118
9.181000292300000e-02	3.554735142598052e-02	119
1.011300012470000e-01	3.661397748726687e-02	120
1.108499988910000e-01	3.763290456660481e-02	121
1.209499984980000e-01	3.860566203638631e-02	122
1.314399987460000e-01	3.953642041611845e-02	123
1.422899961470000e-01	4.042540809799632e-02	124
1.534900069240000e-01	4.127456659589763e-02	125
1.650400012730000e-01	4.208620437096453e-02	126
1.769299954180000e-01	4.286149619386894e-02	127
1.891400069000000e-01	4.360073251086129e-02	128
2.016600072380000e-01	4.430459518296005e-02	129
2.144699990750000e-01	4.497292396358947e-02	130
2.275699973110000e-01	4.560629076951540e-02	131
2.409400045870000e-01	4.620390314704650e-02	132
2.545700073240000e-01	4.676514571372399e-02	133
2.684499919410000e-01	4.728903992165392e-02	134
2.825500071050000e-01	4.777359376326774e-02	135
2.968699932100000e-01	4.821760106380414e-02	136
3.113999962810000e-01	4.861911296462844e-02	137
3.261100053790000e-01	4.897538646058005e-02	138
3.409900069240000e-01	4.928400933048642e-02	139
3.560400009160000e-01	4.954241955460927e-02	140
3.712300062180000e-01	4.974727563512958e-02	141
3.865399956700000e-01	4.989535868387451e-02	142
4.019699990750000e-01	4.998346692697674e-02	143
4.174999892710000e-01	5.000806635222810e-02	144
4.331099987030000e-01	4.996565390017212e-02	145
4.487800002100000e-01	4.985281948545401e-02	146
4.645099937920000e-01	4.966602884609952e-02	147
4.802699983120000e-01	4.940216212567718e-02	148
4.960500001910000e-01	4.905810772210717e-02	149
5.118399858470000e-01	4.863092331400590e-02	150
5.276100039480000e-01	4.811860517723902e-02	151
5.433599948880000e-01	4.751868415154460e-02	152
5.590599775310000e-01	4.683025377960252e-02	153
5.747100114820000e-01	4.605175734384236e-02	154
5.902799963950000e-01	4.518371031551148e-02	155
6.057599782940000e-01	4.422641787149135e-02	156
6.211299896240000e-01	4.318157159113143e-02	157
6.363800168040000e-01	4.205107017888557e-02	158
6.514999866490000e-01	4.083759236711362e-02	159
6.664699912070000e-01	3.954550443970655e-02	160
6.812700033190000e-01	3.818024411731372e-02	161
6.958900094030001e-01	3.674728905109693e-02	162
7.103199958800001e-01	3.525290992225671e-02	163
7.245299816130000e-01	3.370635758469993e-02	164
7.385200262070000e-01	3.211447840408187e-02	165
7.522799968720000e-01	3.048575980745519e-02	166
7.657799720760000e-01	2.883168196125631e-02	167
7.790099978450000e-01	2.716188058655940e-02	168
7.919700145720000e-01	2.548496435241747e-02	169
8.046399950980000e-01	2.381224183817389e-02	170
8.170099854470000e-01	2.215372613991026e-02	171
8.290500044819999e-01	2.052185891561767e-02	172
8.407700061800000e-01	1.892300359257305e-02	173
8.521599769590000e-01	1.736500969416500e-02	174
8.631799817090000e-01	1.585803975222560e-02	175
8.738499879840000e-01	1.440172580912835e-02	176
8.841500282290000e-01	1.299864416543053e-02	177
8.940600156780000e-01	1.164942606906207e-02	178
9.035800099370001e-01	1.035168870325428e-02	179
9.126999974250000e-01	9.106975211921700e-03	180
9.214000105860000e-01	7.924089565543774e-03	181
9.296900033950000e-01	6.816111904692459e-03	182
9.375399947170000e-01	5.809345288462842e-03	183
9.449599981310000e-01	4.927904844820252e-03	184
9.519400000570000e-01	4.192901026220300e-03	185
9.584699869160000e-01	3.609626979137293e-03	186
9.645400047300000e-01	3.161161108345802e-03	187
9.701499938960000e-01	2.809491392464175e-03	188
9.752799868580000e-01	2.507780947252820e-03	189
9.799500107769999e-01	2.211392933733846e-03	190
9.841300249100000e-01	1.895883633480118e-03	191
9.878399968150000e-01	1.555176690604673e-03	192
9.910500049590000e-01	1.205771511726936e-03	193
9.937800168990000e-01	8.686683204996857e-04	194
9.960200190539999e-01	5.681915654988619e-04	195
9.977599978450000e-01	3.234784331523007e-04	196
9.990000128750000e-01	1.451047887935667e-04	197
9.997500181200000e-01	3.632660515886357e-05	198
1.000000000000000e+00	0.000000000000000e+00	199
1.984229087829600e+01	2.506659984589000e+00	200
1.937166023254400e+01	4.973800182343000e+00	201
1.859552955627400e+01	7.362490177155000e+00	202
1.752613067627000e+01	9.635069847106999e+00	203
1.618033981323200e+01	1.175570964813200e+01	204
1.457936954498300e+01	1.369093990325900e+01	205
1.274847984314000e+01	1.541026973724400e+01	206
1.071654033660900e+01	1.688656044006300e+01	207
8.515589714050000e+00	1.809654045105000e+01	208
6.180339813232000e+00	1.902112960815400e+01	209
3.747629880905000e+00	1.964575004577600e+01	210
1.255810022354000e+00	1.996052932739300e+01	211
-1.255810022354000e+00	1.996052932739300e+01	212
-3.747629880905000e+00	1.964574050903300e+01	213
-6.180339813232000e+00	1.902112960815400e+01	214
-8.515589714050000e+00	1.809654045105000e+01	215
-1.071654033660900e+01	1.688656044006300e+01	216
-1.274847984314000e+01	1.541026020050000e+01	217
-1.457936954498300e+01	1.369093990325900e+01	218
-1.618033981323200e+01	1.175570011138900e+01	219
-1.752613067627000e+01	9.635069847106999e+00	220
-1.859552955627400e+01	7.362490177155000e+00	221
-1.937166023254400e+01	4.973800182343000e+00	222
-1.984229087829600e+01	2.506659984589000e+00	223
-2.000000000000000e+01	0.000000000000000e+00	224
-1.984229087829600e+01	-2.506669998169000e+00	225
-1.937166023254400e+01	-4.973800182343000e+00	226
-1.859552955627400e+01	-7.362490177155000e+00	227
-1.752613067627000e+01	-9.635080337524000e+00	228
-1.618033981323200e+01	-1.175570964813200e+01	229
-1.457936954498300e+01	-1.369093990325900e+01	230
-1.274847984314000e+01	-1.541026973724400e+01	231
-1.071652984619100e+01	-1.688656044006300e+01	232
-8.515580177306999e+00	-1.809654045105000e+01	233
-6.180339813232000e+00	-1.902112960815400e+01	234
-3.747620105743000e+00	-1.964575004577600e+01	235
-1.255810022354000e+00	-1.996052932739300e+01	236
1.255810022354000e+00	-1.996052932739300e+01	237
3.747629880905000e+00	-1.964574050903300e+01	238
6.180339813232000e+00	-1.902112960815400e+01	239
8.515589714050000e+00	-1.809654045105000e+01	240
1.071654033660900e+01	-1.688656044006300e+01	241
1.274847984314000e+01	-1.541026020050000e+01	242
1.457936954498300e+01	-1.369093990325900e+01	243
1.618033981323200e+01	-1.175570011138900e+01	244
1.752614021301300e+01	-9.635069847106999e+00	245
1.859552955627400e+01	-7.362490177155000e+00	246
1.937166023254400e+01	-4.973790168762000e+00	247
1.984229087829600e+01	-2.506659984589000e+00	248
2.000000000000000e+01	0.000000000000000e+00	249
6.056659882423235e-02	-4.994214824228244e-02	250
6.602707800854349e-01	-5.993733449031332e-02	251
4.255994366526385e-01	6.422866521008663e-02	252
6.898356356678020e-01	5.068053549189497e-02	253
3.792466212477645e-01	-7.621126937033160e-02	254
9.994663770752785e-01	-7.265291815638062e-04	255
9.985527814910590e-01	-1.328500967702929e-03	256
7.738419009425659e-01	-4.661648310310016e-02	257
6.899298298546876e-01	-5.684568839963600e-02	258
-1.396368732349370e-03	6.212539494285556e-03	259
7.468226342107476e-01	-5.015349492718402e-02	260
5.833924668243223e-01	5.969383035414238e-02	261
9.928081650221033e-01	-3.708945015321939e-03	262
9.899236708220465e-01	-4.692864055402621e-03	263
5.989709455731584e-01	5.869276149892267e-02	264
7.188209198303269e-01	-5.357050577641025e-02	265
-1.624027297281982e-03	6.834879011408217e-04	266
9.865542935728230e-01	-5.816318447823068e-03	267
9.827074258947738e-01	-7.079773457605491e-03	268
-1.563248100466918e-03	-7.040730588271467e-03	269
6.451933994027190e-01	-6.140602840563995e-02	270
8.244831162474449e-01	-3.935555185574292e-02	271
7.997567885562340e-01	-4.301425990182720e-02	272
3.485313144605457e-01	6.323503108923587e-02	273
8.478909654905374e-01	-3.569586259626696e-02	274
2.474255678292258e-01	5.911124965771285e-02	275
8.699196840086464e-01	-3.205661974292053e-02	276
1.019335922454202e-02	1.993678911366025e-02	277
8.904631980661544e-01	-2.848829148498443e-02	278
7.688047584703475e-02	-5.454940589225319e-02	279
9.094494768824377e-01	-2.503792377955725e-02	280
-1.986272634604517e-03	-3.461345633854022e-03	281
9.424282340848620e-01	-1.841644347187533e-02	282
9.267984302498281e-01	-2.170679932659138e-02	283
1.767996966966414e-02	-3.051834799160935e-02	284
4.258665291527433e-01	-7.514184015721356e-02	285
8.590867712511800e-01	-3.386848811899862e-02	286
9.562807473034373e-01	-1.506160157646227e-02	287
9.783754926776009e-01	-8.503679067537705e-03	288
9.682826579431523e-01	-1.166930600594848e-02	289
1.582629967495172e-01	-6.844800245368558e-02	290
9.001579159615855e-01	-2.674676006949907e-02	291
7.604651763024504e-01	-4.839675283137147e-02	292
9.971330852434923e-01	-2.080662930742762e-03	293
5.991538376012102e-01	-6.546460376749944e-02	294
4.415689878218466e-01	-7.462770853379309e-02	295
5.364379682474091e-01	-6.997445073797816e-02	296
4.731397754129056e-01	-7.337146382175333e-02	297
5.047988034162030e-01	-7.181794706218135e-02	298
4.889575226219250e-01	-7.263069655945188e-02	299
1.248984084924937e-01	-6.407988106256733e-02	300
2.759440722696724e-02	-3.657818147457363e-02	301
3.946931731650665e-01	-7.593553103491719e-02	302
4.601018059369310e-02	-4.491341282637171e-02	303
4.102344901905745e-01	-7.557933575805210e-02	304
3.188294478502913e-01	-7.649047045828845e-02	305
3.487329509103886e-01	-7.652256586640989e-02	306
3.327068798803437e-02	-3.944617507347829e-02	307
2.896164520891111e-01	-7.611311695767550e-02	308
9.348328465227280e-01	-2.006279842106646e-02	309
1.467879545194203e-01	-6.709982717534581e-02	310
1.946868229412617e-01	-7.182847622570672e-02	311
8.567262729901683e-02	-5.668498683798584e-02	312
1.045002208479482e-01	-6.061849199833324e-02	313
5.679344282519631e-01	-6.785982791602466e-02	314
1.700810700444185e-01	-6.968683146253765e-02	315
6.146264917230673e-01	-6.416930835368032e-02	316
8.803855640682355e-01	-3.026144165159503e-02	317
2.240834139621024e-02	-3.360069005915425e-02	318
9.952169854358486e-01	-2.856421473117591e-03	319
6.457130387173328e-03	-2.082855513328195e-02	320
1.824416963360118e-02	2.469476823583107e-02	321
9.183321940548401e-01	-2.336023814337930e-02	322
9.495848708976367e-01	-1.675113016108440e-02	323
9.735679503373416e-01	-1.003740391696683e-02	324
-6.673690539954495e-05	9.179443769127551e-03	325
8.363543079344462e-01	-3.752413806489175e-02	326
2.474121184896460e-01	-7.487266939555005e-02	327
5.522152582563689e-01	-6.895498431557495e-02	328
7.329348387658157e-01	-5.187697641696359e-02	329
7.869394174666081e-01	-4.482256382046444e-02	330
1.145048632654919e-01	-6.241357692401089e-02	331
2.204992296422766e-01	-7.354929884246229e-02	332
5.835906231818317e-01	-6.669534974683379e-02	333
6.751798835065859e-01	-5.841642092301283e-02	334
5.305466116009784e-02	-4.749032520936849e-02	335
3.698067455291662e-03	-1.745632985899262e-02	336
1.345419200060271e-02	-2.737956390145618e-02	337
3.639286538452037e-01	-7.640926330846770e-02	338
1.822352239134929e-01	-7.081264028608825e-02	339
9.999366955304683e-01	-3.811090220110274e-04	340
2.338158675461243e-01	-7.425977524145769e-02	341
9.488408735729097e-02	-5.870944435275567e-02	342
3.041255598592810e-01	-7.635014735633673e-02	343
2.612538086577390e-01	-7.537411241029164e-02	344
4.573311437109667e-01	-7.403936062515037e-02	345
7.044694752911372e-01	-5.523080163059475e-02	346
-1.956533544980218e-03	3.064901226696041e-03	347
-3.212563654174196e-04	-1.054495813874974e-02	348
5.361977090529791e-01	6.207470554097996e-02	349
-1.613424607068346e-03	-8.804516640604412e-04	350
2.821161226735576e-02	2.908815082783731e-02	351
5.369893876671381e-02	3.681591227135088e-02	352
4.005391126309989e-02	3.310683232101332e-02	353
1.149997064395867e-01	4.759329906285271e-02	354
4.099748749237134e-01	6.418328906076978e-02	355
9.971017833299615e-01	2.027741204408991e-03	356
5.203763035983905e-01	6.266757893661033e-02	357
4.728675175318897e-01	6.386053730405221e-02	358
9.732132651560521e-01	7.444065291617448e-03	359
9.620761386394452e-01	9.148542214189374e-03	360
8.901718448997066e-01	2.146541068883548e-02	361
4.886891309851199e-01	6.355761523193061e-02	362
4.412972967935563e-01	6.419238367819594e-02	363
3.790106772394103e-01	6.385258653004544e-02	364
9.263925809746908e-01	1.512509758452888e-02	365
9.091016325443043e-01	1.818103045078413e-02	366
7.748592129340863e-02	4.181243277392365e-02	367
9.780833936755025e-01	6.654166003382840e-03	368
9.558169860381149e-01	1.012016074086182e-02	369
9.419748094591583e-01	1.239937318319764e-02	370
9.544226847638404e-02	4.482449957923074e-02	371
6.120114423792239e-02	3.853955692240789e-02	372
2.895184672429269e-01	6.121039743287936e-02	373
2.612270529576977e-01	5.985709763457801e-02	374
1.703696972589757e-01	5.355547511967958e-02	375
3.186732167317988e-01	6.234355145476854e-02	376
4.570577030658611e-01	6.407276835930478e-02	377
3.944439961313164e-01	6.405630174702213e-02	378
1.471652904696704e-01	5.131165454175839e-02	379
1.253561643048327e-01	4.887746375906658e-02	380
6.298172350583764e-01	5.639250944050601e-02	381
1.948818234241643e-01	5.559470289932714e-02	382
2.206007063484482e-01	5.744454250643792e-02	383
6.601508444279004e-01	5.371340538628543e-02	384
5.677214964893501e-01	6.059282330239135e-02	385
7.467506091520735e-01	4.376905804300775e-02	386
7.187436064926915e-01	4.734249416980300e-02	387
7.996509476583654e-01	3.619194418744466e-02	388
7.737608173590754e-01	4.001849517096892e-02	389
8.477036301573226e-01	2.858053684160570e-02	390
8.243406204469476e-01	3.234649182057421e-02	391
8.998386607721367e-01	1.979835510696656e-02	392
8.696819939909340e-01	2.493928276501176e-02	393
9.491191241080512e-01	1.120130392150917e-02	394
9.179553130446003e-01	1.661949460497457e-02	395
9.678751894782608e-01	8.265767797612775e-03	396
8.588748346139315e-01	2.673867398964665e-02	397
8.801212601096866e-01	2.318099683643871e-02	398
8.121542104411332e-01	3.426699438265225e-02	399
8.361902523687521e-01	3.044986362051656e-02	400
7.603906430141895e-01	4.190991285391372e-02	401
7.868477358124238e-01	3.811075261977154e-02	402
7.043849177689755e-01	4.904792933578750e-02	403
7.328617312724606e-01	4.558046825769543e-02	404
6.450583295144587e-01	5.510076723381849e-02	405
6.750736617688611e-01	5.223854544526194e-02	406
5.519881693523045e-01	6.138814990536149e-02	407
6.144595167181437e-01	5.759052083587873e-02	408
2.076005708802862e-01	5.654307907790052e-02	409
2.338723848303468e-01	5.830104577753170e-02	410
1.585968694507917e-01	5.245781625883413e-02	411
1.824772093789079e-01	5.460048845646572e-02	412
4.665627242557813e-02	3.499891090204921e-02	413
1.360886997452303e-01	5.012188527770264e-02	414
1.398356447401562e-02	2.237769125870457e-02	415
3.390216519748434e-02	3.113061899592946e-02	416
2.074527553448474e-01	-7.274034910925593e-02	417
4.083171758269290e-03	1.477946476015817e-02	418
9.625211137209134e-01	-1.335756612609063e-02	419
8.122771900570738e-01	-4.119033539875045e-02	420
3.336922346792811e-01	-7.654601576731612e-02	421
5.206283189363698e-01	-7.093121821494203e-02	422
1.765253853471922e-03	1.204014828115301e-02	423
2.300227185917908e-02	2.694209167990756e-02	424
6.896090892942199e-03	1.741186897907638e-02	425
8.625661091013537e-02	4.334905809862091e-02	426
6.912988167370676e-02	4.020963251953289e-02	427
2.752655700822305e-01	6.055840423149442e-02	428
1.050284887465525e-01	4.623781734986311e-02	429
9.824816881434415e-01	5.853094093533234e-03	430
9.863890321887665e-01	5.060628253914289e-03	431
3.039967004398615e-01	6.180991255260718e-02	432
9.898095829087957e-01	4.262625203340178e-03	433
9.927322723766895e-01	3.480935726401377e-03	434
3.335118921203450e-01	6.281768970649981e-02	435
3.637085526078875e-01	6.358000653675086e-02	436
9.344005508429799e-01	1.371115284501796e-02	437
9.999295340048605e-01	3.820682122469514e-04	438
9.985337560504788e-01	1.306947794447625e-03	439
9.994545826018463e-01	7.205011300565815e-04	440
6.299682113616085e-01	-6.281585302473450e-02	441
3.941193452423088e-02	-4.223276825406787e-02	442
9.951677361230138e-01	2.743162364149499e-03	443
5.045372382948667e-01	6.316210735781719e-02	444
1.440817379425204e-03	-1.402959284643080e-02	445
9.706762514334437e-03	-2.413081803015010e-02	446
6.850744521312943e-02	-5.230070846712190e-02	447
1.356700014733816e-01	-6.564734604443159e-02	448
2.753295023499402e-01	-7.578779585898995e-02	449
7.157707105423410e-02	4.956174543282686e-02	450
-3.465775435989897e-03	8.787800790171777e-03	451
-4.510475918126639e-03	5.017348510201905e-03	452
2.821199480580658e-01	-9.052148837991673e-02	453
6.988978840214465e-01	-7.084296622257306e-02	454
9.157193467585937e-01	-3.313069010899912e-02	455
5.080544518514453e-03	-2.543812536126992e-02	456
5.766016401550541e-01	7.591148417869167e-02	457
6.842081784318211e-01	-7.262717203849614e-02	458
7.822638977912397e-01	-5.905060609025774e-02	459
9.892786162821464e-01	-8.716569660312035e-03	460
3.262198502831380e-01	-9.169341092637517e-02	461
8.554058866404574e-01	-4.615615575038250e-02	462
8.323404024939302e-01	-5.051290690059908e-02	463
8.809805480821034e-02	-6.688395342460161e-02	464
-3.861842162155606e-03	-9.918066586440908e-03	465
2.130743403227997e-01	-8.643197410584172e-02	466
1.259567725289542e-02	-3.288853006810123e-02	467
9.609474281377067e-01	-2.035319939030959e-02	468
1.510290583459323e-01	-7.937069589555795e-02	469
7.133853804510261e-01	-6.899350309698353e-02	470
6.542911279230960e-01	-7.601306831208593e-02	471
4.501366503074287e-01	-9.039791094151764e-02	472
7.899462815216385e-02	-6.435222692883778e-02	473
3.873114674200330e-01	-9.182836111464282e-02	474
8.971820570953122e-01	-3.742775914747953e-02	475
7.952354550898872e-01	-5.696061735739633e-02	476
5.971907518040799e-03	2.176064572169700e-02	477
1.824104902078877e-02	3.044423667825072e-02	478
6.690808154290889e-01	6.799971248368067e-02	479
8.436476832227130e-01	4.128292388763054e-02	480
1.086117583365125e-01	5.721543086739530e-02	481
6.839831193014603e-01	6.630897303661927e-02	482
1.634606649703782e-01	6.512747468680691e-02	483
8.765093299612455e-01	3.477520171611111e-02	484
9.889738708579868e-01	8.067421203472322e-03	485
3.408826909675259e-01	7.833786094297578e-02	486
5.131778358677588e-01	7.887402178809241e-02	487
9.536325094564153e-01	1.772371690683627e-02	488
8.867135697884305e-01	3.266274026948205e-02	489
9.920788251560151e-01	6.737831483239252e-03	490
9.600662729855691e-01	1.620669769777742e-02	491
9.812583060468532e-01	1.070218285256263e-02	492
2.400245250131356e-01	7.261888299124263e-02	493
3.258893186123470e-01	7.773297749218551e-02	494
2.265494234354992e-01	7.151959880603699e-02	495
9.875286159671505e-02	5.541611272129216e-02	496
6.693311171591132e-01	-7.435354957270437e-02	497
2.000518139106948e-01	-8.526389169614877e-02	498
9.574030159364210e-03	2.474387102594110e-02	499
1.404659321255506e-01	6.212450031637434e-02	500
4.818171640403277e-02	4.307817696985543e-02	501
9.715836472802037e-01	1.337863152501384e-02	502
9.946926116791489e-01	5.515468438849289e-03	503
8.965231759304075e-01	3.058896724907616e-02	504
1.627935764717918e-01	-8.103621874315532e-02	505
1.000202557926571e+00	2.362657139908651e-04	506
9.984760814608543e-01	2.977091165623805e-03	507
9.968319014185373e-01	4.268472885710224e-03	508
2.873317593539255e-03	1.866256737356330e-02	509
-1.848525322738738e-03	1.217716268813602e-02	510
2.087857329281857e-03	-2.161881335698150e-02	511
-3.937649570990492e-03	-1.882631716927826e-03	512
-3.097009097625303e-03	-1.471459738151408e-04	513
1.710044261084901e-02	-3.646709751471483e-02	514
1.000207532952750e+00	-2.300307245453173e-04	515
6.206711446267982e-02	-5.892090706673750e-02	516
9.985402110836860e-01	-3.028425129260961e-03	517
9.948455464353247e-01	-5.736076344230693e-03	518
4.180368071140203e-01	8.004994640928798e-02	519
5.454547090477726e-01	-8.551142477002609e-02	520
9.857554421774880e-01	-1.037158678718973e-02	521
8.770568863817376e-01	-4.178365724527346e-02	522
5.923030722833107e-01	7.486997542964055e-02	523
9.922961282524616e-01	-7.127197841800366e-03	524
-4.692434476065640e-03	-5.678379151147472e-03	525
4.343222897896875e-01	-9.089566499690273e-02	526
4.023831286509673e-01	7.989058433890484e-02	527
8.440399863989096e-01	-4.834551388988554e-02	528
2.819719880708967e-01	7.546873531294961e-02	529
8.664137583986362e-01	-4.396394607161549e-02	530
8.873164577893827e-01	-3.959970815370275e-02	531
7.031565037747765e-02	-6.169734126976942e-02	532
9.066569020191546e-01	-3.527452063507938e-02	533
9.243650602178309e-01	-3.100166046234225e-02	534
9.476744125844219e-01	-2.462861044402595e-02	535
2.758638382197099e-02	-4.343795050062019e-02	536
9.545443559287717e-01	-2.249374312619034e-02	537
9.668793521447901e-01	-1.822723889859380e-02	538
9.817783900804956e-01	-1.220288776291514e-02	539
1.285619082953623e-01	-7.569483967120379e-02	540
7.554767279033132e-01	-6.315604696701901e-02	541
7.690115705823988e-01	-6.111565031314434e-02	542
9.969346759110912e-01	-4.382937279880887e-03	543
4.660099795764751e-01	-8.980607981304604e-02	544
4.818990200396822e-01	-8.911778856361299e-02	545
4.977998071052906e-01	-8.834650244537280e-02	546
2.208774810839367e-02	-4.001630749953002e-02	547
4.028975434160991e-01	-9.161872271004784e-02	548
4.185715041088000e-01	-9.130683410497785e-02	549
3.412606591718444e-01	-9.188227851756052e-02	550
3.998534886556154e-02	-4.996555550772409e-02	551
9.325818321204831e-01	-2.887697406621448e-02	552
9.403495618073864e-01	-2.675177905095700e-02	553
1.396231742652439e-01	-7.759208991619157e-02	554
9.762159448428018e-02	-6.929600979244933e-02	555
5.612791278398181e-01	-8.441432340984779e-02	556
6.082857384399327e-01	-8.055632471379486e-02	557
9.723214822998993e-01	-1.614118845048721e-02	558
9.772812358560090e-01	-1.413207204659530e-02	559
7.276531397567279e-01	-6.708987528925854e-02	560
7.416796683842465e-01	-6.514839605447022e-02	561
1.075416890548304e-01	-7.157643094441313e-02	562
1.178724210321413e-01	-7.370572106383037e-02	563
5.770333403864791e-01	-8.321313804262050e-02	564
5.927059948035380e-01	-8.192524041531372e-02	565
4.687094402581672e-02	-5.309050121012695e-02	566
5.425665030780135e-02	-5.608123244252667e-02	567
8.588733291409785e-03	-2.917835243431410e-02	568
3.564830401512046e-01	-9.197141163040316e-02	569
3.718376332743099e-01	-9.194693466199019e-02	570
1.749058471097765e-01	-8.257327349782956e-02	571
1.873275843835384e-01	-8.398090581569856e-02	572
2.263626590296116e-01	-8.748712071875753e-02	573
2.399298228601351e-01	-8.842875369578258e-02	574
2.966195113098352e-01	-9.102498644924172e-02	575
3.113398796739100e-01	-9.141554916738226e-02	576
2.537771284469116e-01	-8.924035840761690e-02	577
-3.936280330225942e-03	1.509531408635772e-03	578
-4.035203183492708e-04	-1.775424768025739e-02	579
4.128625426187080e-02	4.072175802752380e-02	580
9.853495441908093e-01	9.353857332422265e-03	581
5.290871027729058e-01	7.829804873568813e-02	582
4.972523689680711e-01	7.933695480131087e-02	583
4.813425539858544e-01	7.968674562700818e-02	584
4.654503555826632e-01	7.993571583863834e-02	585
9.766467777189725e-01	1.203655522866643e-02	586
9.660566920732439e-01	1.476505321809011e-02	587
9.235438863519986e-01	2.465410295066707e-02	588
4.495795110398303e-01	8.007387495593135e-02	589
4.337734701667093e-01	8.010827744829958e-02	590
3.868233841677325e-01	7.963164295207109e-02	591
9.149495410679914e-01	2.657850455927549e-02	592
9.467583415583803e-01	1.932379844917210e-02	593
6.335242735991509e-02	4.745583908208800e-02	594
5.555983995148696e-02	4.532421196366690e-02	595
2.537844157706001e-01	7.363915337223514e-02	596
2.677651780034129e-01	7.457484875792654e-02	597
1.517862565100743e-01	6.365234488361635e-02	598
1.294854443378644e-01	6.053808106799426e-02	599
1.188718230041539e-01	5.891815101238077e-02	600
7.950037748949479e-01	5.014439774836694e-02	601
7.415066454053506e-01	5.869989172558746e-02	602
7.274756840542249e-01	6.070785199216820e-02	603
7.820593502338028e-01	5.232912954413708e-02	604
8.319941519372215e-01	4.348325625330533e-02	605
9.059417480948370e-01	2.856216854589257e-02	606
8.659203292180920e-01	3.691063618146881e-02	607
8.549642894983596e-01	3.908493284752816e-02	608
8.199974093581225e-01	4.570761785904371e-02	609
8.076572910859929e-01	4.793645371971027e-02	610
7.688259734850234e-01	5.449137445840221e-02	611
7.553014037591523e-01	5.662492334392960e-02	612
7.131973707963981e-01	6.265782810044002e-02	613
6.986938173390920e-01	6.452978089574514e-02	614
6.540123165951318e-01	6.959043864337451e-02	615
6.387736108972131e-01	7.107205387393259e-02	616
5.608196161854325e-01	7.683338468437938e-02	617
5.449684430721866e-01	7.761867962754607e-02	618
6.234075420428417e-01	7.244490090704281e-02	619
6.079130451701329e-01	7.371336084405065e-02	620
2.133563304305402e-01	7.036071317801636e-02	621
2.004311071955749e-01	6.914490929500824e-02	622
1.878043195717370e-01	6.787244377251615e-02	623
1.754788993735086e-01	6.653466809162584e-02	624
1.366662200471873e-02	2.766597045907973e-02	625
3.482822737069428e-02	3.827662877241965e-02	626
2.883354671062015e-02	3.578805072055917e-02	627
8.079225795798852e-01	-5.483902616266839e-02	628
8.203012288352585e-01	-5.268283066784397e-02	629
5.137098594552325e-01	-8.748354660992011e-02	630
5.295981259457456e-01	-8.653409513332762e-02	631
2.660153590567230e-04	1.547198767241059e-02	632
2.329114433119015e-02	3.318095420350808e-02	633
8.928185248263529e-02	5.353764448492338e-02	634
8.022197274583751e-02	5.158836001245781e-02	635
3.110630434979427e-01	7.706179766515805e-02	636
2.964036302091845e-01	7.630484822030872e-02	637
3.713811548512135e-01	7.928894794774750e-02	638
3.560631420849183e-01	7.886294049284721e-02	639
9.394508550881959e-01	2.101106851035372e-02	640
9.317160060556463e-01	2.279404285848535e-02	641
6.237487903481953e-01	-7.911134617606823e-02	642
6.390832425958216e-01	-7.759852856735412e-02	643
3.355004900703245e-02	-4.672957821746750e-02	644
-2.389479513684183e-03	-1.384456758468711e-02	645
2.678386327404423e-01	-8.992251474127864e-02	646
-7.530443479630446e-03	-8.534301409235031e-03	647
3.954107619072409e-01	-1.093425823268924e-01	648
2.887827196836544e-01	-1.071108951106819e-01	649
7.911708501729885e-01	-7.267650116775860e-02	650
5.387836006921112e-01	-1.039301352414496e-01	651
9.225244219915135e-01	-4.164649008066473e-02	652
9.919657523488470e-01	1.061330193460449e-02	653
9.886291616003774e-01	1.256544126028151e-02	654
9.648256619811154e-01	2.232406855118011e-02	655
-1.554897488269443e-03	1.942216834469524e-02	656
9.946704073147440e-01	8.799803077801234e-03	657
9.994599184781371e-01	1.749428410483349e-03	658
1.000192958508821e+00	5.471122571036824e-04	659
9.988864120852367e-01	-5.090141832527227e-03	660
1.000463715180033e+00	6.351609655899974e-06	661
1.600295736192975e-02	-4.317704541404026e-02	662
-6.920021261182823e-03	2.731053143857336e-03	663
9.005729897992670e-02	-7.846295449689863e-02	664
9.309244114557197e-01	-3.899704694479392e-02	665
9.923795194115823e-01	-1.113183145537711e-02	666
5.699141695215860e-01	9.402881091524423e-02	667
9.994967906541631e-01	-1.764523171753709e-03	668
1.029533980169054e-04	-2.627702230956078e-02	669
7.082982819756831e-01	-8.630576944147832e-02	670
-4.767973709733728e-03	-1.757339935897616e-02	671
7.227350396066305e-01	-8.417947789451312e-02	672
1.132145975815469e-02	-3.905284421481982e-02	673
8.742734244959520e-01	-5.484533309612090e-02	674
3.344318578502488e-03	-3.058062133755807e-02	675
3.335466339933957e-01	-1.087846999835191e-01	676
8.634549416283683e-01	-5.745532661329546e-02	677
6.936373393762341e-01	-8.835164886437136e-02	678
9.949748278284476e-01	-9.115194705487011e-03	679
7.009182376304782e-03	-3.486763311424469e-02	680
9.805754562301312e-01	1.642339209604392e-02	681
5.220157124085337e-01	9.637471160158978e-02	682
9.520431559049545e-01	2.646716639640254e-02	683
6.633269186047412e-01	8.566623356914069e-02	684
9.969835621388304e-01	6.959293383366806e-03	685
5.059936033660839e-01	9.691739082734641e-02	686
2.741295330480300e-01	9.109948584527236e-02	687
3.330239284959534e-01	9.498292581272512e-02	688
1.560580308749151e-01	7.760307595115726e-02	689
6.501992217940772e-02	5.760055535841178e-02	690
1.000032299685336e+00	1.038747647739247e-03	691
-6.424896434261872e-03	-1.320028075190658e-02	692
-5.763559620801648e-03	1.181458042804490e-02	693
1.294131704513010e-02	3.365969955804193e-02	694
-7.116039444458040e-03	7.625043561158979e-03	695
9.660654035711482e-01	-2.575372009694485e-02	696
8.063082691114885e-02	-7.547409388211694e-02	697
-5.192998481704784e-03	-2.074247050284392e-04	698
1.549182908031090e-01	-9.326324406302647e-02	699
4.588411895810670e-01	-1.080331210109946e-01	700
2.128114270681801e-02	-4.728849117801632e-02	701
4.698839317620844e-03	2.669450825296486e-02	702
8.400897790840630e-01	5.561778903308580e-02	703
7.907936013688714e-01	6.584342937941820e-02	704
6.783958309231917e-01	8.383474606098930e-02	705
9.848933765285246e-01	1.444646336239302e-02	706
9.586576442979136e-01	2.436740669449164e-02	707
8.937752443383197e-01	4.284438036623313e-02	708
8.838043660309906e-01	4.536661110267615e-02	709
3.180295664921956e-01	9.415785036337140e-02	710
2.885288731030859e-01	9.220826469482644e-02	711
2.322649722233821e-01	8.737283677778435e-02	712
1.016275057019314e-01	6.745549979563650e-02	713
6.637623836625971e-01	-9.220699526821785e-02	714
6.787914372027494e-01	-9.031786592868782e-02	715
2.051557398277018e-01	-1.004501210068943e-01	716
8.509557970787075e-03	3.024932050912504e-02	717
1.444762567494104e-01	7.569674510696117e-02	718
9.757833420875076e-01	1.836493135447149e-02	719
9.987506069913615e-01	5.010819012263484e-03	720
1.305512275061116e-03	2.309782133016612e-02	721
-3.912530404008755e-03	1.565562893110601e-02	722
-2.590888413233702e-03	-2.194328756638243e-02	723
-6.981195527589979e-03	-3.257584422751396e-03	724
2.711105622677090e-02	-5.114748303183139e-02	725
1.000204956882386e+00	-5.410981595896822e-04	726
1.000055232275306e+00	-1.037726447499898e-03	727
9.716776678760992e-01	-2.313976725701804e-02	728
9.891818804484631e-01	-1.338348307129410e-02	729
5.857611982427224e-01	9.295439084467258e-02	730
4.428841858269228e-01	-1.085269586673572e-01	731
4.103678919701280e-01	9.758334837956045e-02	732
8.407064047786204e-01	-6.264223133164290e-02	733
8.522618510000857e-01	-6.006391279158795e-02	734
8.847359762661036e-01	-5.221888078272458e-02	735
8.947909408394709e-01	-4.957754681310479e-02	736
6.306776522958897e-02	-6.909463009276942e-02	737
7.163069992480266e-02	-7.235180352535532e-02	738
9.044420218365061e-01	-4.693888272622227e-02	739
9.136993541960104e-01	-4.429332387163245e-02	740
9.533981591092691e-01	-3.104641705254476e-02	741
9.599715205464162e-01	-2.839353343773097e-02	742
9.855911274910548e-01	-1.564057981581688e-02	743
7.646076835223338e-01	-7.743720794892674e-02	744
7.780303225948123e-01	-7.507436481558483e-02	745
9.971939016507909e-01	-7.129985404710117e-03	746
4.748364403589681e-01	-1.074223787199302e-01	747
4.908264944430114e-01	-1.067048111969988e-01	748
4.111654358862196e-01	-1.091910405746757e-01	749
4.269967493956916e-01	-1.089144445744844e-01	750
3.330789128345069e-02	-5.497192996065681e-02	751
9.388753976783566e-01	-3.634144390440603e-02	752
9.463581850027497e-01	-3.369481575107096e-02	753
1.318412021054376e-01	-8.883979673125751e-02	754
1.432036641623689e-01	-9.111399249221305e-02	755
5.547088141809287e-01	-1.028601966140843e-01	756
5.706142400025376e-01	-1.016401788628492e-01	757
9.767866309733948e-01	-2.058718711058686e-02	758
9.814307644608520e-01	-1.809569496618977e-02	759
7.369246539874451e-01	-8.199583006148373e-02	760
7.508886345010584e-01	-7.975266580904544e-02	761
9.990717763848245e-02	-8.131492483131050e-02	762
1.101917551078208e-01	-8.401537092380443e-02	763
1.208662798047835e-01	-8.644938522333323e-02	764
5.864219974168732e-01	-1.003056020623353e-01	765
6.021360266695415e-01	-9.886655278528279e-02	766
4.001614251423904e-02	-5.873184602964977e-02	767
4.725356920518103e-02	-6.238116829813661e-02	768
5.500059280565727e-02	-6.576033196546346e-02	769
3.488030667390400e-01	-1.091113143359472e-01	770
3.642325319200084e-01	-1.093085153143985e-01	771
3.797663340783979e-01	-1.093786669679850e-01	772
1.670069169405045e-01	-9.528067035450741e-02	773
1.794238107069423e-01	-9.714826124533396e-02	774
1.921439937605505e-01	-9.886808017528860e-02	775
2.184458648586739e-01	-1.019048598480506e-01	776
2.320118707818143e-01	-1.032301365302678e-01	777
3.035341173959694e-01	-1.077998136233272e-01	778
3.184739757114936e-01	-1.083517578681669e-01	779
2.458788272152412e-01	-1.044184810939359e-01	780
4.199385150142971e-02	4.941699558911027e-02	781
4.899701043636637e-01	9.733098677749251e-02	782
4.739750647008267e-01	9.762268763014052e-02	783
9.705434366230639e-01	2.032328603556702e-02	784
4.579828303575592e-01	9.779366328533841e-02	785
4.420370909530547e-01	9.783715632243838e-02	786
4.261696777176780e-01	9.776749442368619e-02	787
3.946527352740113e-01	9.727583594965750e-02	788
9.212755503130308e-01	3.550291211542132e-02	789
5.697230740140755e-02	5.495350301044048e-02	790
4.924363980646058e-02	5.230707966454510e-02	791
2.599731507736592e-01	8.993001580538948e-02	792
2.459903119010581e-01	8.873144835509758e-02	793
1.332390440216812e-01	7.372564122797397e-02	794
1.223788053746286e-01	7.169605101312621e-02	795
1.118164096128388e-01	6.968180755572109e-02	796
7.366183639379077e-01	7.546815163308417e-02	797
9.125214561867510e-01	3.790929173183161e-02	798
9.033434382292950e-01	4.036038052240422e-02	799
8.734254042153001e-01	4.790674495865331e-02	800
8.626874852640761e-01	5.046035076727388e-02	801
8.515721804145081e-01	5.304087072362852e-02	802
8.282886166772967e-01	5.818790342773969e-02	803
8.161230183564236e-01	6.076854242619052e-02	804
8.036068829134300e-01	6.332682136572222e-02	805
7.776918480944642e-01	6.832309022561636e-02	806
7.642926672666491e-01	7.076972229212784e-02	807
7.505838482571007e-01	7.316153320071625e-02	808
7.224188999556261e-01	7.769693025242082e-02	809
7.079633960013535e-01	7.984830042531958e-02	810
6.932758133471283e-01	8.189534722116996e-02	811
6.480780473244943e-01	8.737359237964437e-02	812
5.539698253375448e-01	9.495725934282903e-02	813
5.380051724690682e-01	9.570621484072304e-02	814
6.326841434327772e-01	8.895302399115032e-02	815
6.171651826687276e-01	9.041141219683474e-02	816
6.015164250137953e-01	9.174753907556735e-02	817
2.188460658844962e-01	8.593254299904921e-02	818
2.057069433139276e-01	8.442018327949324e-02	819
1.928471307452417e-01	8.284003926902915e-02	820
1.802770444678095e-01	8.118249899206843e-02	821
1.680062459542652e-01	7.943761337224833e-02	822
3.524868807611571e-02	4.642997519290594e-02	823
2.899654540071991e-02	4.338385550336082e-02	824
8.040353062142216e-01	-7.023238879479846e-02	825
8.166089139991832e-01	-6.773204693766265e-02	826
8.288379614576118e-01	-6.519148576177375e-02	827
5.068341989281974e-01	-1.058826475712837e-01	828
5.228297658511573e-01	-1.049537946608019e-01	829
2.310735737581159e-02	4.032436281379928e-02	830
1.773576763280207e-02	3.701277869125533e-02	831
9.185730958972878e-02	6.512736695684686e-02	832
8.249611160923050e-02	6.270905621823208e-02	833
7.354711599250383e-02	6.020163902651519e-02	834
3.031791889846712e-01	9.323648609889854e-02	835
3.790566384479231e-01	9.686018524559568e-02	836
3.635781464376919e-01	9.634858113563952e-02	837
3.482108205410501e-01	9.572199281137775e-02	838
9.449934539778031e-01	2.862379287910520e-02	839
9.375274147666380e-01	3.084802820943009e-02	840
9.296167887272807e-01	3.314783464176180e-02	841
6.177396140134493e-01	-9.733211578260799e-02	842
6.332111452723727e-01	-9.571121526501289e-02	843
6.485582024580804e-01	-9.400554939158196e-02	844
2.599940862231106e-01	-1.053970665450130e-01	845
2.742717601846183e-01	-1.063046194600837e-01	846
-1.064407716506521e-02	-1.182738737645982e-02	847
9.141260416769352e-02	-9.156284740751108e-02	848
9.993413039319401e-01	7.311123472068701e-03	849
9.850985810752748e-01	2.031240775722581e-02	850
5.482031921367478e-01	-1.233569019039741e-01	851
-1.049935437447608e-02	4.885330969200279e-03	852
9.995634394636721e-01	-3.919735992386055e-03	853
9.300281682160746e-01	-5.051751288129452e-02	854
9.381678167903977e-01	-4.726984063459591e-02	855
2.593147555531002e-02	-5.979051612700156e-02	856
9.952497694600104e-01	1.251171096372192e-02	857
4.987896519134253e-01	1.169977585334639e-01	858
-9.375330822153799e-03	-1.689058818977833e-02	859
6.967004129652593e-03	3.651969558345822e-02	860
-2.345123278348176e-03	-3.150780869457877e-02	861
9.643479201077527e-01	3.096474608666803e-02	862
9.975606533667855e-01	1.001923215029624e-02	863
-8.423538303179670e-03	1.529966066561811e-02	864
6.578407718205955e-01	1.054542062167799e-01	865
-6.387993232098378e-03	1.964179879772577e-02	866
1.000494527856684e+00	3.638631909443930e-04	867
1.000503038862327e+00	-3.504708986943815e-04	868
8.007347803851389e-01	-8.756150603519133e-02	869
1.583596033143503e-01	-1.089538368583510e-01	870
1.427903376326714e-02	-5.071580411184567e-02	871
4.035552714513348e-01	-1.289674402212153e-01	872
8.164329929935762e-02	-8.804662276058282e-02	873
4.515839364538251e-01	-1.282449273071786e-01	874
2.952859898516043e-01	-1.257627720808906e-01	875
9.889834511467464e-01	1.770867547970132e-02	876
5.633025409479233e-01	1.142623837315695e-01	877
9.580025082747439e-01	3.366969249840391e-02	878
9.512066276348820e-01	3.640654529978260e-02	879
7.871484857625958e-01	8.349316337020800e-02	880
1.480017824080638e-01	9.099857277240592e-02	881
2.658836136114781e-01	1.082098553650414e-01	882
9.930609008769000e-01	-1.566643238796756e-02	883
5.770599212188222e-02	6.584526414144032e-02	884
8.721967838773219e-01	-6.960350613367225e-02	885
9.994608513998235e-01	3.878963992061441e-03	886
9.924101925695623e-01	1.506395346645446e-02	887
9.995729416854676e-01	-7.403999012577562e-03	888
9.770409211849729e-01	-2.788329520106129e-02	889
9.369918674244688e-03	-4.590942765983051e-02	890
7.036151729907127e-01	-1.057194798704889e-01	891
-5.246782602804837e-03	-2.663293280657272e-02	892
7.182587371242758e-01	-1.033659064942880e-01	893
7.326498840059783e-01	-1.009102072177639e-01	894
4.940442626844006e-03	-4.127709850937564e-02	895
9.957398887997170e-01	-1.288411580669064e-02	896
9.972353171681526e-04	-3.627828325553673e-02	897
8.371725734050683e-01	7.176109111055157e-02	898
5.149607304511409e-01	1.165006504091833e-01	899
3.097968744756222e-01	1.122116526508462e-01	900
-9.968790143586167e-03	1.070349308139361e-02	901
2.830600788816034e-03	3.225721112129452e-02	902
6.731269491432311e-01	1.034971414732652e-01	903
8.917459563418928e-01	5.669550149209712e-02	904
3.248487142741791e-01	1.133127702586098e-01	905
2.949001734384214e-01	1.109797834471726e-01	906
2.802559886586353e-01	1.096348246561260e-01	907
6.737365122953539e-01	-1.101346203569807e-01	908
6.887609264292635e-01	-1.079813640637226e-01	909
9.805962794931974e-01	2.300287039550502e-02	910
-7.095821186725511e-04	2.815818998816321e-02	911
-3.825008725203150e-03	2.393012691700505e-02	912
-7.580762051069364e-03	-2.175545353135394e-02	913
-1.073531466371551e-02	-5.591487861990826e-03	914
1.994104685667825e-02	-5.549685518394654e-02	915
9.717794609663920e-01	-3.107058375759736e-02	916
9.898171775737291e-01	-1.862016560114018e-02	917
5.793473510662978e-01	1.131645826118341e-01	918
8.497772858468411e-01	-7.575847606334350e-02	919
8.611873992883848e-01	-7.269153273070476e-02	920
8.828525017394064e-01	-6.649416041016956e-02	921
8.931317676262092e-01	-6.333722064764630e-02	922
6.342309181139512e-02	-8.057368571130091e-02	923
7.231301231276845e-02	-8.438567337216957e-02	924
9.029765422653449e-01	-6.016113224223476e-02	925
9.124222459717157e-01	-5.696669569331988e-02	926
9.214471333941696e-01	-5.374774419352481e-02	927
9.597549599686390e-01	-3.753998762454155e-02	928
9.660102370888329e-01	-3.429746591976259e-02	929
7.743515044268725e-01	-9.309076172029336e-02	930
7.876728880126578e-01	-9.036578001161411e-02	931
9.979111650528619e-01	-1.022858720643957e-02	932
4.677137166013225e-01	-1.277391933252258e-01	933
4.838458987961732e-01	-1.270949219780030e-01	934
4.195145489822227e-01	-1.288645350421854e-01	935
4.355207239007055e-01	-1.286169282251964e-01	936
9.458228649234900e-01	-4.402429249747210e-02	937
9.530135990911349e-01	-4.078754403268781e-02	938
1.346092496335644e-01	-1.036797466914044e-01	939
1.462932592426843e-01	-1.063852353884703e-01	940
5.642977893792864e-01	-1.221886003969475e-01	941
9.818078982319652e-01	-2.474847616281818e-02	942
9.861185931986168e-01	-2.159937697535456e-02	943
7.467935018152504e-01	-9.839388763058735e-02	944
7.607178400502711e-01	-9.578349422565496e-02	945
1.016431108685822e-01	-9.492102799461856e-02	946
1.124224362657871e-01	-9.805424121221622e-02	947
1.233031224147105e-01	-1.008403279511516e-01	948
5.803064578314412e-01	-1.208181960681786e-01	949
5.961877022719723e-01	-1.193219276901889e-01	950
3.237701461918769e-02	-6.424358132597310e-02	951
3.940511311469539e-02	-6.863476273985326e-02	952
4.712167175098744e-02	-7.288668651354291e-02	953
5.504706558311391e-02	-7.666166292320159e-02	954
3.407927807852242e-01	-1.279777968017012e-01	955
3.563108365430277e-01	-1.284437927563729e-01	956
3.719644300398939e-01	-1.287511087176002e-01	957
3.876998498561144e-01	-1.289226686144719e-01	958
1.707960023608900e-01	-1.113627090753042e-01	959
1.835470191750128e-01	-1.135990090915321e-01	960
1.965870719588422e-01	-1.156669813280407e-01	961
2.099006533506002e-01	-1.175849110874889e-01	962
2.234972165200484e-01	-1.193593808371268e-01	963
3.254816242906444e-01	-1.273759666879713e-01	964
3.103151847748717e-01	-1.266470360220116e-01	965
2.373973516646602e-01	-1.209799218171812e-01	966
4.826615881723799e-01	1.173401426966612e-01	967
9.756550816894735e-01	2.563461023338741e-02	968
9.702408868674191e-01	2.828626427454472e-02	969
4.665346636228960e-01	1.175578395024625e-01	970
4.504189422631300e-01	1.176259526055200e-01	971
4.343801973890965e-01	1.175512832949817e-01	972
4.184113311423117e-01	1.173464752398463e-01	973
4.025046714357267e-01	1.169961677502343e-01	974
4.979979894807242e-02	6.277507998948127e-02	975
4.207643419954665e-02	5.928907181545857e-02	976
2.517607728818753e-01	1.067935366384526e-01	977
2.376918649237740e-01	1.051960780483902e-01	978
1.364905773625647e-01	8.859265563676970e-02	979
1.253448278593944e-01	8.611330468583067e-02	980
1.146121996379833e-01	8.374163962000378e-02	981
1.039708579773229e-01	8.108791112791629e-02	982
9.197546720267031e-01	4.777585143270791e-02	983
9.108220192439280e-01	5.072490686625980e-02	984
9.014806651021555e-01	5.369734343484996e-02	985
8.815790094359135e-01	5.971610542272034e-02	986
8.710324914569642e-01	6.272424632683307e-02	987
8.601274005986257e-01	6.574208806200454e-02	988
8.488260996903073e-01	6.876646442724868e-02	989
8.252015753158713e-01	7.474202562963421e-02	990
8.128302428769675e-01	7.771219580215470e-02	991
8.001194397336346e-01	8.062643327372955e-02	992
7.738529316798518e-01	8.629769521998652e-02	993
7.602561327667288e-01	8.906934935981323e-02	994
7.463212233892730e-01	9.172839198235780e-02	995
7.321793283421413e-01	9.430448855342170e-02	996
7.177659234117080e-01	9.676175812869078e-02	997
7.030972058302150e-01	9.914680557294574e-02	998
6.882021207403014e-01	1.013639453644155e-01	999
5.310807037360221e-01	1.158861619631648e-01	1000
5.471555678325349e-01	1.151301432044734e-01	1001
6.423914315595127e-01	1.073028619622477e-01	1002
6.268196064385909e-01	1.089632795549710e-01	1003
6.111070775819156e-01	1.105282763697057e-01	1004
5.952836705555327e-01	1.119024741419110e-01	1005
2.239946366152352e-01	1.034470492023983e-01	1006
2.106074503133299e-01	1.016037815449551e-01	1007
1.975059790626074e-01	9.968060081846819e-02	1008
1.846761385363889e-01	9.767191767636849e-02	1009
1.721276581450011e-01	9.555638806629424e-02	1010
1.598846846911456e-01	9.332885030743303e-02	1011
3.499813359634450e-02	5.566448197668832e-02	1012
2.847228863599460e-02	5.197533969302987e-02	1013
8.135185356208686e-01	-8.469274616715915e-02	1014
8.259746615275249e-01	-8.174121842862335e-02	1015
8.380387317992868e-01	-7.876271012968854e-02	1016
4.999733551601016e-01	-1.263289577330448e-01	1017
5.161118495020154e-01	-1.254364879308495e-01	1018
5.321967477854388e-01	-1.244293759002325e-01	1019
2.239874661686046e-02	4.844378128960956e-02	1020
1.661769959427344e-02	4.446621817353261e-02	1021
1.155365881042040e-02	4.041965681384520e-02	1022
9.384817357314371e-02	7.825348806194786e-02	1023
8.416411215808700e-02	7.530240152626422e-02	1024
7.490031115768876e-02	7.224698897756238e-02	1025
6.605775554592824e-02	6.908061519165727e-02	1026
3.867165310492666e-01	1.165061938202312e-01	1027
3.710594131673735e-01	1.159034454820845e-01	1028
3.554887279539256e-01	1.151768881677998e-01	1029
3.400612095448781e-01	1.143052948985402e-01	1030
9.282627014363913e-01	4.486778348002275e-02	1031
9.439957418653083e-01	3.917303871565276e-02	1032
9.363549234606794e-01	4.199440172267594e-02	1033
6.119705603030533e-01	-1.176956483941175e-01	1034
6.276065147140817e-01	-1.159705463125158e-01	1035
6.431233863610446e-01	-1.141326729315215e-01	1036
6.585033143370120e-01	-1.121985753760944e-01	1037
2.516604325871713e-01	-1.223902896651073e-01	1038
2.659587060343668e-01	-1.235776190058079e-01	1039
2.804934860967965e-01	-1.247303246319190e-01	1040
2.175720404302585e-03	-4.831239148087565e-02	1041
9.996120655995240e-01	9.421734260126113e-03	1042
9.781925801536245e-01	-3.600972875910937e-02	1043
1.000455443356429e+00	8.018570050951099e-04	1044
-1.975130468479260e-03	-4.264601409377435e-02	1045
7.361529447947199e-01	-1.207007861966468e-01	1046
9.202587575179290e-02	-1.063333266069691e-01	1047
-5.467684337066620e-03	-3.725515617200210e-02	1048
9.860953107917162e-01	2.689367216643902e-02	1049
-1.083957013906795e-02	-2.635407142058325e-02	1050
1.788208659344676e-02	-6.455185927496923e-02	1051
1.612345661822128e-01	-1.266316545044722e-01	1052
1.390881606000716e-01	1.052893870833280e-01	1053
3.502980290017602e-04	3.854350254767192e-02	1054
-9.290013138977003e-03	2.410071447238428e-02	1055
-1.414264248419834e-02	7.989170931575243e-03	1056
-7.308465619651264e-03	5.059661466644708e-04	1057
-7.311752911116881e-03	-1.001684010136154e-03	1058
-1.055378538023190e-02	8.726497799740594e-04	1059
-1.273351442884762e-02	-2.095061493433986e-02	1060
9.999402135497084e-01	-9.534824927408621e-03	1061
3.161742642970259e-01	1.334558843035269e-01	1062
9.830599921858345e-01	-3.212391663072488e-02	1063
9.971329816705381e-01	-1.700308118502949e-02	1064
9.462660185207100e-01	-5.567891214050267e-02	1065
8.046798919597014e-01	-1.053742554675512e-01	1066
4.117631737466654e-01	-1.509348738318013e-01	1067
9.986452447000224e-01	1.330606420129516e-02	1068
9.278456232486886e-01	5.803323118099737e-02	1069
9.513142289653430e-01	4.757983569011676e-02	1070
5.486147557799166e-01	1.371972828042336e-01	1071
5.160719055600371e-01	1.385680063503673e-01	1072
6.604412293861854e-01	1.264942574196065e-01	1073
7.773723066982591e-01	1.048635353679930e-01	1074
4.915711770747082e-01	1.392780259854298e-01	1075
5.499381879181940e-01	-1.456020418199670e-01	1076
3.314936002066308e-01	1.347773904490428e-01	1077
9.964332090800005e-01	1.661599133775448e-02	1078
8.186325184737736e-02	-1.022028007677847e-01	1079
1.000311587954534e+00	1.851990940900264e-03	1080
9.901123959139889e-01	2.343905816113297e-02	1081
-1.056289352366042e-02	-1.428019583655929e-03	1082
1.000474724820182e+00	-7.900923935759654e-04	1083
1.000358302174493e+00	-1.848955206205971e-03	1084
9.384173552570014e-01	-5.960514191540121e-02	1085
2.389843517902443e-02	-6.942238045096884e-02	1086
-1.411542670332858e-02	-1.546395785036692e-02	1087
4.738268266699087e-03	4.348438540260664e-02	1088
-8.379870857054460e-03	-3.182493478475901e-02	1089
9.647944627240237e-01	4.069193820862772e-02	1090
-1.147033455587551e-02	1.921070238514133e-02	1091
1.000772548374427e+00	1.601618260811805e-04	1092
1.000776360874371e+00	-1.395375164746966e-04	1093
6.642146772895224e-03	-5.351498441555012e-02	1094
3.168992138368800e-01	-1.478036544900919e-01	1095
3.015804119227543e-01	-1.467019242069043e-01	1096
9.935563917160763e-01	1.998232819787379e-02	1097
5.730947703090113e-01	1.356692978417308e-01	1098
9.582737414975130e-01	4.413684182961768e-02	1099
9.944632630211895e-01	-2.060869070965549e-02	1100
7.068826248588244e-01	-1.261459962844194e-01	1101
-1.316234504188572e-02	1.417722208781055e-02	1102
3.010378358701849e-01	1.320186989108423e-01	1103
2.860718156047308e-01	1.303949694866532e-01	1104
2.714494668349481e-01	1.287067425464951e-01	1105
6.767414331557181e-01	-1.311181951432360e-01	1106
-3.383554427336422e-03	3.380806858670556e-02	1107
-6.555860452963069e-03	2.899167357556736e-02	1108
-1.463409441839115e-02	-8.840978218503862e-03	1109
1.187502102061919e-02	-5.918176711366709e-02	1110
8.597628551707956e-01	-8.983572666184643e-02	1111
8.710034808364402e-01	-8.620876976091342e-02	1112
8.818490103746760e-01	-8.257418065178745e-02	1113
8.923624145869355e-01	-7.884074018817297e-02	1114
7.218989295874907e-02	-9.791710517067011e-02	1115
6.296678349679469e-02	-9.346617064933874e-02	1116
9.024469281917740e-01	-7.507753468377631e-02	1117
9.120856687971167e-01	-7.125627921203805e-02	1118
9.213183636362926e-01	-6.740593782017243e-02	1119
9.300951296054135e-01	-6.352449536167221e-02	1120
9.668921359239341e-01	-4.387811112415718e-02	1121
9.727993302503679e-01	-3.993652355389423e-02	1122
7.781170677193349e-01	-1.117392394588946e-01	1123
9.991572353213940e-01	-1.351962537516644e-02	1124
4.604641009572558e-01	-1.502826862262289e-01	1125
4.767954181591156e-01	-1.497427781777351e-01	1126
4.279583396330678e-01	-1.508728777060545e-01	1127
4.441670357342948e-01	-1.506494185438772e-01	1128
9.536003283254046e-01	-5.175611701591955e-02	1129
9.604834157093352e-01	-4.782425354279859e-02	1130
1.367162088051686e-01	-1.203903023223500e-01	1131
1.487621184572675e-01	-1.235899538856769e-01	1132
9.874520620555680e-01	-2.819392568081241e-02	1133
9.912437568776338e-01	-2.437026833815513e-02	1134
7.574697496845150e-01	-1.163409643508256e-01	1135
1.028243679541770e-01	-1.102849405208920e-01	1136
1.140147502318671e-01	-1.137294411484129e-01	1137
1.250598705461727e-01	-1.170440097963429e-01	1138
5.824215457372629e-01	-1.429168400962515e-01	1139
3.061823242352094e-02	-7.462626830740354e-02	1140
3.811355500226726e-02	-7.980138521471490e-02	1141
4.626959925294804e-02	-8.454578385614231e-02	1142
5.425817328047060e-02	-8.888566409733738e-02	1143
3.323257165656909e-01	-1.487235208040962e-01	1144
3.479434747921916e-01	-1.495099340818283e-01	1145
3.637589787535613e-01	-1.501106121220130e-01	1146
3.796562862827626e-01	-1.505456100174652e-01	1147
3.956396860090909e-01	-1.508199713585822e-01	1148
1.740386006419803e-01	-1.294766782819936e-01	1149
1.871631796971241e-01	-1.321249241639111e-01	1150
2.005299884661502e-01	-1.345873552007844e-01	1151
2.141916478282412e-01	-1.368810136899856e-01	1152
2.281521222408896e-01	-1.390132513131833e-01	1153
9.814823082147685e-01	3.039328870751097e-02	1154
9.764157365951123e-01	3.381635898294578e-02	1155
9.708471256503166e-01	3.725279438855555e-02	1156
4.752874970406079e-01	1.395858855892856e-01	1157
4.589437330555335e-01	1.397125299473545e-01	1158
4.427036310634619e-01	1.396415954778196e-01	1159
4.265036607265620e-01	1.394170513687738e-01	1160
4.103994650085633e-01	1.390263325902125e-01	1161
4.964428889623942e-02	7.442200785660376e-02	1162
4.149378919407496e-02	7.044769440783158e-02	1163
2.571686589701362e-01	1.269394983883458e-01	1164
2.428498448176074e-01	1.252020128907738e-01	1165
1.276430756298204e-01	1.023199417752623e-01	1166
1.167927681020457e-01	9.941153901250484e-02	1167
1.057785172805006e-01	9.646596262627764e-02	1168
9.191662727845870e-01	6.155280380663040e-02	1169
9.100491938128396e-01	6.513057702956407e-02	1170
9.005478755969165e-01	6.868093780348553e-02	1171
8.905983996363367e-01	7.227725656656586e-02	1172
8.802330991954069e-01	7.583988554274675e-02	1173
8.695014894683000e-01	7.938471524845997e-02	1174
8.583754524120621e-01	8.290208769078382e-02	1175
8.409463286659072e-01	8.817007048236523e-02	1176
8.228096968801428e-01	9.333084705723863e-02	1177
8.037646699252968e-01	9.835475597258611e-02	1178
7.496710190920536e-01	1.110361313808909e-01	1179
7.208988298627370e-01	1.167320224347546e-01	1180
6.910905324271874e-01	1.219138949254337e-01	1181
6.291164036553307e-01	1.304055406995558e-01	1182
5.972463707317357e-01	1.336420890255907e-01	1183
2.287115472602127e-01	1.230925254030835e-01	1184
2.150293397645071e-01	1.209079169456616e-01	1185
2.016469588649597e-01	1.185637257903103e-01	1186
1.885619870859952e-01	1.161902139577393e-01	1187
1.757124554548055e-01	1.136529952173150e-01	1188
1.631469444016296e-01	1.110081398844322e-01	1189
1.509145254742348e-01	1.082086516543439e-01	1190
3.394030012496292e-02	6.605836559094656e-02	1191
2.711453432188454e-02	6.161592685427959e-02	1192
8.239032561031751e-01	-1.003492759760840e-01	1193
8.362031578902421e-01	-9.688464547455448e-02	1194
8.481247181907641e-01	-9.340237421284578e-02	1195
4.931122186853569e-01	-1.490381984348521e-01	1196
5.175637551268956e-01	-1.477086120736504e-01	1197
2.097871626880853e-02	5.746420080823556e-02	1198
1.483101059351323e-02	5.289083973717400e-02	1199
9.403777909346499e-03	4.799579965024553e-02	1200
9.512411828753584e-02	9.305987778863660e-02	1201
8.506192154742237e-02	8.949985484914239e-02	1202
7.546448652758292e-02	8.581470571188578e-02	1203
6.629844497364248e-02	8.199890769069845e-02	1204
5.762253228756002e-02	7.808874163884194e-02	1205
3.943369714093943e-01	1.384592868792897e-01	1206
3.784895487902523e-01	1.377593611482751e-01	1207
3.626960644052618e-01	1.369277367739679e-01	1208
3.469881995987574e-01	1.359315291111439e-01	1209
9.439408243503393e-01	5.102780501613717e-02	1210
9.361116907124993e-01	5.451130238521856e-02	1211
6.144139875844252e-01	-1.395137725431839e-01	1212
6.458502347458857e-01	-1.355789451731894e-01	1213
2.425468469895203e-01	-1.409400746096161e-01	1214
2.571214992897475e-01	-1.425049545272771e-01	1215
2.716067666772785e-01	-1.440031197275407e-01	1216
2.864486980197038e-01	-1.454317618194184e-01	1217
9.998578906772106e-01	-2.559559129491804e-03	1218
9.997954387251553e-01	2.543290723157415e-03	1219
-9.230616435075382e-03	-4.351192468948577e-02	1220
-1.409914951501475e-02	3.370797791903906e-03	1221
1.000819980998203e+00	-5.419079755812384e-04	1222
9.897180100242525e-01	-3.533067745029011e-02	1223
9.981984025954084e-01	2.098404697670926e-02	1224
-1.689257790785976e-02	1.806752707251586e-02	1225
9.725379869552897e-01	4.718103241636868e-02	1226
1.001079229685609e+00	-8.244983149066517e-03	1227
9.966391613507243e-01	-2.584449498360611e-02	1228
-1.882218659641011e-02	-1.258237944354684e-02	1229
1.475065567187411e-02	-7.442338357457066e-02	1230
-5.693479808793015e-03	-4.968531934982497e-02	1231
3.302102340599984e-01	1.573898904109267e-01	1232
1.000805737659465e+00	5.630858100755535e-04	1233
-6.689542011922745e-03	4.002478693342985e-02	1234
-1.511559474937182e-02	2.359317865947403e-02	1235
-1.486306167907079e-03	-5.591924681451425e-02	1236
9.853231350883379e-01	-4.015571919125996e-02	1237
5.356291152986509e-01	-1.714884073170383e-01	1238
9.954702529960670e-01	2.525392696236455e-02	1239
3.154412224584547e-01	-1.702538073935259e-01	1240
9.553838104962098e-01	-6.394145462529323e-02	1241
9.438594623990687e-01	-7.102503128723273e-02	1242
6.333981555653188e-01	-1.616471357861485e-01	1243
9.182416644949343e-02	-1.229565237514624e-01	1244
1.699482849961796e-01	-1.481588279363592e-01	1245
-1.670760328574468e-02	-2.542423591491075e-02	1246
4.282826096360365e-01	-1.744762139903813e-01	1247
7.105862163077296e-02	-1.130550897515432e-01	1248
8.111118252926654e-02	-1.180769944129249e-01	1249
1.235291440592003e-01	1.187302097458663e-01	1250
9.880214623907279e-01	3.409214297387684e-02	1251
9.327701320580821e-01	7.058236651253971e-02	1252
-1.804005974556892e-02	1.160296950374941e-02	1253
-2.861380619936159e-03	4.555786643205815e-02	1254
9.803994045731095e-01	-4.491757782972405e-02	1255
1.000411656165454e+00	1.220338812778248e-03	1256
9.920981374705385e-01	2.970236764684678e-02	1257
-9.423295809197376e-03	-2.680043198889012e-04	1258
-1.813759723454977e-02	-1.946010973176426e-02	1259
9.991139796207478e-01	-2.134216278521284e-02	1260
7.513829671087304e-01	-1.401562503356135e-01	1261
5.051621351487277e-01	1.636018592607557e-01	1262
4.760547850160026e-01	1.631589502098057e-01	1263
1.000326188184607e+00	1.679357362150465e-02	1264
1.001102261872977e+00	1.470226634451709e-05	1265
1.000797580759419e+00	8.196501937272694e-03	1266
-1.427749948681502e-02	-4.010608902777873e-03	1267
1.000441604859199e+00	-1.211152247868290e-03	1268
2.085235021112875e-02	-8.009093186120354e-02	1269
-1.472115603907398e-02	-3.141806359364972e-02	1270
-1.222950213308410e-02	-3.739412292086526e-02	1271
5.627760987081677e-01	1.609291626221172e-01	1272
8.724584958513745e-03	-6.863068300394180e-02	1273
9.663446378698279e-01	5.148650381774780e-02	1274
9.596702314758843e-01	5.576114901279927e-02	1275
5.339859367798588e-01	1.624107981562745e-01	1276
2.993133211518548e-01	1.541739090447361e-01	1277
2.694178393110774e-01	1.500770725474576e-01	1278
7.258689049361543e-01	-1.457381752444353e-01	1279
-9.993779846183295e-03	3.450594947949385e-02	1280
-1.279857390353464e-02	2.908122010185463e-02	1281
3.071329697010013e-03	-6.195844739031592e-02	1282
8.762126210947736e-01	-1.020897838287027e-01	1283
8.977266111045206e-01	-9.360702134275030e-02	1284
6.150239872488266e-02	-1.078644493984322e-01	1285
9.175634302512715e-01	-8.475147021896647e-02	1286
9.313073268192066e-01	-7.799419702987812e-02	1287
9.749161238690041e-01	-4.970273092187868e-02	1288
1.001011586227817e+00	-1.697778147097404e-02	1289
4.612588358711318e-01	-1.740344538217248e-01	1290
9.623720730322152e-01	-5.923235132738564e-02	1291
9.688991063656330e-01	-5.447767719460039e-02	1292
1.441967783421466e-01	-1.410429854311555e-01	1293
9.935336845651735e-01	-3.058624143928541e-02	1294
7.726154550644107e-01	-1.350016735359800e-01	1295
7.963928175254622e-01	-1.286856081237712e-01	1296
1.089853184922603e-01	-1.293931347242259e-01	1297
1.259195448598132e-01	-1.352065739693986e-01	1298
5.684974216079305e-01	-1.690398767411278e-01	1299
2.795714322228002e-02	-8.623963800154572e-02	1300
3.611524004795077e-02	-9.233399995137299e-02	1301
4.428336567009941e-02	-9.741517417557068e-02	1302
5.245800767591078e-02	-1.025235313735441e-01	1303
3.470116013563513e-01	-1.724547463684375e-01	1304
3.792211470308163e-01	-1.738084582071044e-01	1305
4.036264755669946e-01	-1.744317720192988e-01	1306
1.969643023807265e-01	-1.542629104479604e-01	1307
2.251613768449981e-01	-1.596786626406872e-01	1308
9.833754816794288e-01	3.851718578865179e-02	1309
9.782247399104247e-01	4.285010622376514e-02	1310
4.430048736342906e-01	1.631268026504258e-01	1311
4.102426243370545e-01	1.623827566399763e-01	1312
4.022882303169015e-02	8.296641246911177e-02	1313
2.404361011861492e-01	1.462508990370267e-01	1314
1.070578137552252e-01	1.137539266224139e-01	1315
8.179542073502674e-01	1.151017403035439e-01	1316
9.149909964564611e-01	7.891677028283213e-02	1317
8.954918456379397e-01	8.725329941185933e-02	1318
8.743000190501607e-01	9.543752966242902e-02	1319
8.545797429411709e-01	1.032587845585077e-01	1320
8.367223732926558e-01	1.092395779445616e-01	1321
7.950604396381389e-01	1.216756387980239e-01	1322
7.678093077276685e-01	1.288872592290911e-01	1323
7.393122653925741e-01	1.356005310370741e-01	1324
7.097445409429548e-01	1.417341969322287e-01	1325
6.791985483907639e-01	1.472188437296333e-01	1326
6.478557091514990e-01	1.519758043610074e-01	1327
6.159032543949207e-01	1.559726737888598e-01	1328
5.875564245696617e-01	1.589364761684676e-01	1329
2.120731498770601e-01	1.410275739844776e-01	1330
1.852496212211647e-01	1.354492058762730e-01	1331
1.657479776756086e-01	1.308481314917922e-01	1332
1.530776328205551e-01	1.275485415597754e-01	1333
1.408237091047265e-01	1.240608580858565e-01	1334
3.200612458971906e-02	7.772083920213275e-02	1335
2.476606740058879e-02	7.235403858479526e-02	1336
8.194458719662900e-01	-1.221068071867894e-01	1337
8.412094253675727e-01	-1.143468826798513e-01	1338
8.591770436636025e-01	-1.083779104595559e-01	1339
4.861132120134824e-01	-1.731743186858015e-01	1340
5.068949014582587e-01	-1.732805888630350e-01	1341
1.850297045563032e-02	6.738482723252258e-02	1342
1.230834658305119e-02	6.233678659549613e-02	1343
6.423729648018406e-03	5.646423133747665e-02	1344
1.620015324636663e-03	5.110254866681817e-02	1345
9.564077220997699e-02	1.097290778025401e-01	1346
8.502218256940407e-02	1.054426254557267e-01	1347
7.503846771005865e-02	1.010223690052309e-01	1348
6.553559188452468e-02	9.645357061865704e-02	1349
5.654103888908753e-02	9.175433971339839e-02	1350
4.837426763433829e-02	8.732106987398806e-02	1351
3.779110035169243e-01	1.608051063935862e-01	1352
3.539127530600815e-01	1.594400042807396e-01	1353
9.525675010638111e-01	6.000845793581818e-02	1354
9.450032582167978e-01	6.423023980391512e-02	1355
6.012864187915925e-01	-1.657103169408903e-01	1356
6.649388303100380e-01	-1.569609167370574e-01	1357
6.958246853069502e-01	-1.516436696116506e-01	1358
2.547673712429428e-01	-1.637378940262736e-01	1359
2.844995962161058e-01	-1.673222377617000e-01	1360
1.001310372954755e+00	1.417910764369748e-02	1361
1.000496476173719e+00	-2.478039416475546e-03	1362
1.000274633111626e+00	-3.363547972579310e-03	1363
1.000706373340412e+00	6.709272051915279e-03	1364
3.696317018265300e-02	-1.088683295687944e-01	1365
1.001541816404615e+00	2.003304828818049e-02	1366
1.001098557712760e+00	3.657431299001316e-04	1367
1.001609401240882e+00	-9.868464960661858e-03	1368
-1.683209548844711e-02	-4.344152673180447e-02	1369
-6.206614104312217e-03	-6.414786557680377e-02	1370
1.000925369165296e+00	-6.743020381242822e-03	1371
1.001870206461552e+00	-1.428119288648598e-02	1372
-1.417698260134729e-02	4.055899447747519e-02	1373
-2.253860200186507e-02	1.556077758232914e-02	1374
-2.361111409304142e-02	-1.660280946129632e-02	1375
9.864178194128660e-01	4.728313168834936e-02	1376
7.678839197010690e-01	-1.611490988894274e-01	1377
3.405566110073479e-01	1.845708232845250e-01	1378
1.001253223562248e+00	9.819633581138564e-03	1379
9.313751683388934e-01	-9.540575798069517e-02	1380
4.491973857985343e-03	-7.895038000620536e-02	1381
4.178390400191077e-02	9.919792315030238e-02	1382
-1.089462748390496e-02	4.680768019990574e-02	1383
-1.389968112473959e-02	-5.026120980103134e-02	1384
4.160427279463023e-01	-2.017696287289549e-01	1385
9.655659476900560e-01	-7.161762144195113e-02	1386
6.533847477290941e-01	-1.858794414608949e-01	1387
5.544111547108571e-01	-1.979282112332828e-01	1388
9.930196023543835e-01	-4.288690537947970e-02	1389
9.966578532228018e-01	-3.712199377387633e-02	1390
1.032760001253454e-02	-8.514698144217660e-02	1391
1.668174627550661e-02	-9.187486745046522e-02	1392
1.000804138454268e+00	1.007504974960879e-03	1393
9.982326263595469e-01	3.080059583864844e-02	1394
1.000850554172087e+00	2.564424370408790e-02	1395
9.754880159969922e-01	5.800103603337232e-02	1396
2.817829743315571e-01	1.770169503132833e-01	1397
5.777571067179982e-01	1.871508171361892e-01	1398
7.160305749282647e-01	-1.738708015095981e-01	1399
5.879819214858449e-02	-1.238360604747232e-01	1400
1.000182974028363e+00	3.350094527676759e-03	1401
1.000430472865214e+00	2.479631352544915e-03	1402
-1.323246485609719e-02	1.393206301802573e-04	1403
9.887350946694713e-01	-4.876057306246033e-02	1404
9.812382884038077e-01	5.264281483695549e-02	1405
1.001108024648521e+00	-3.364945837636295e-04	1406
9.996580358479981e-01	-3.129550746732750e-02	1407
-2.129497212179656e-02	2.236115962625099e-02	1408
-1.034423444104275e-02	-5.731743397889515e-02	1409
5.232427679559276e-01	-2.001314236147596e-01	1410
-2.284478916285981e-02	-2.379722098676134e-02	1411
6.870764910525944e-02	-1.299035362362898e-01	1412
7.927318337914904e-02	-1.358133625911722e-01	1413
9.949197200400071e-01	3.633939791978980e-02	1414
-1.891073942363184e-02	5.820394805420178e-03	1415
9.838140236846701e-01	-5.451740975506845e-02	1416
1.001987517943724e+00	-2.592298161306251e-02	1417
7.441580940834776e-01	-1.673166121125176e-01	1418
-1.930079330622420e-02	-6.528598993492355e-03	1419
1.000830205739267e+00	-9.873400328287642e-04	1420
4.944299216046185e-02	-1.176031930176844e-01	1421
-2.139485157108701e-02	-3.034189820352131e-02	1422
-1.939187681851361e-02	-3.689368218463936e-02	1423
5.213464400393515e-01	1.904350335273511e-01	1424
-1.382782010500212e-03	-7.135080854760127e-02	1425
9.691912907101981e-01	6.330810024347781e-02	1426
5.503458571752343e-01	1.889894352786865e-01	1427
3.129723048267739e-01	1.814553756123385e-01	1428
6.048851764568739e-01	1.843696874411632e-01	1429
-1.708469204488256e-02	3.454222528040175e-02	1430
-1.945727919499672e-02	2.847729205946036e-02	1431
8.938460560589093e-01	-1.149217666032143e-01	1432
9.146578253817572e-01	-1.046327332702981e-01	1433
9.446239516044634e-01	-8.714363303426895e-02	1434
9.565092676412216e-01	-7.876958349188451e-02	1435
1.002394128590558e+00	-2.019892139481895e-02	1436
4.453507103516771e-01	-2.017824426973850e-01	1437
9.722288588780004e-01	-6.603357821276269e-02	1438
9.783033738964442e-01	-6.029486682802971e-02	1439
3.908511924314814e-01	-2.011630749924837e-01	1440
8.377438620318060e-01	-1.384691870031195e-01	1441
8.567840555253884e-01	-1.308293329520204e-01	1442
7.907016717094348e-01	-1.545257319972642e-01	1443
9.386749445032695e-02	-1.427694335438233e-01	1444
1.111676773291646e-01	-1.497350538565491e-01	1445
1.288409249199984e-01	-1.566424540590828e-01	1446
2.439003967812052e-02	-9.923643639955265e-02	1447
3.294313006879406e-01	-1.973950514980902e-01	1448
3.620834463903571e-01	-1.997785423277172e-01	1449
1.512376495021934e-01	-1.644359058651957e-01	1450
1.783362039517487e-01	-1.724903559912426e-01	1451
6.850990771256336e-01	-1.802411905429266e-01	1452
9.909862524017474e-01	4.177919478409536e-02	1453
4.908797038852711e-01	1.907926763348378e-01	1454
4.603779809635674e-01	1.904510406761424e-01	1455
1.099198093366334e-01	1.339449363227324e-01	1456
9.302907881462915e-01	8.909379193896742e-02	1457
9.116414334510986e-01	9.904244428126702e-02	1458
8.334088775913333e-01	1.329417128780149e-01	1459
8.911667510717771e-01	1.088350956987619e-01	1460
8.713042746141292e-01	1.178870005777127e-01	1461
8.518747998242215e-01	1.261023382493903e-01	1462
8.123066290375404e-01	1.401140222277306e-01	1463
7.870135678135171e-01	1.479768723791680e-01	1464
7.588085579614592e-01	1.559118561284699e-01	1465
7.294120911125526e-01	1.631957514961934e-01	1466
6.989478312901071e-01	1.697637513386324e-01	1467
6.675535489341841e-01	1.755430346237269e-01	1468
6.354434340441225e-01	1.804650790733898e-01	1469
2.524166786038731e-01	1.724255034232251e-01	1470
2.226029753153525e-01	1.669295459672221e-01	1471
1.945356005357345e-01	1.603949729270610e-01	1472
1.707862422419722e-01	1.541624909008567e-01	1473
1.482648720060234e-01	1.461011972614042e-01	1474
1.266691391832922e-01	1.398772485170152e-01	1475
2.920587126105770e-02	9.082486429777614e-02	1476
2.131532567089875e-02	8.427303147906373e-02	1477
8.142882377476864e-01	-1.470926296593020e-01	1478
8.746023836807688e-01	-1.235660033240082e-01	1479
4.748396635949865e-01	-2.012568002982527e-01	1480
4.965433763470709e-01	-2.009873390461452e-01	1481
1.475460444152987e-02	7.824770647650749e-02	1482
8.717690126234218e-03	7.272441599985158e-02	1483
2.571772098513999e-03	6.592177026454256e-02	1484
-2.548991790797811e-03	5.942183175397527e-02	1485
-6.996653964438351e-03	5.323531835119794e-02	1486
9.540020749486065e-02	1.284695223036022e-01	1487
8.392991040097011e-02	1.232996250954205e-01	1488
7.341126034462556e-02	1.179907034631343e-01	1489
6.352909787343954e-02	1.125451453695525e-01	1490
5.416807806475042e-02	1.069307009109277e-01	1491
4.269424357637790e-01	1.898918753410394e-01	1492
3.937191907282850e-01	1.884268617647835e-01	1493
3.651599385095139e-01	1.866460171922327e-01	1494
9.586779384504076e-01	7.087811417240757e-02	1495
9.453687631034082e-01	8.016547321509659e-02	1496
5.879743798542241e-01	-1.948687155546807e-01	1497
6.210520116006835e-01	-1.907699808859699e-01	1498
2.064780973998427e-01	-1.795024930813517e-01	1499
2.365097937674734e-01	-1.854418351739871e-01	1500
2.665626994240461e-01	-1.899913524260609e-01	1501
2.975211866116794e-01	-1.940996178153116e-01	1502
1.000837216025659e+00	3.065571504161015e-03	1503
1.000321184241471e+00	-5.143884988554279e-03	1504
9.995959713884525e-01	-5.733837848506306e-03	1505
1.000324456539651e+00	1.156776797974922e-02	1506
-2.638649684343650e-02	2.705334469283444e-02	1507
1.000168468139206e+00	5.110780708696524e-03	1508
-2.221081359155195e-02	4.053465192839610e-02	1509
9.768505561333418e-01	-7.842269923197191e-02	1510
1.001180252889734e+00	-7.438422375365582e-04	1511
1.003539852066045e+00	-1.630943230822926e-02	1512
1.005152844733844e+00	-1.710104203600534e-02	1513
9.933242414195934e-01	-5.777353228188292e-02	1514
1.000789561913040e+00	1.450206962477588e-03	1515
9.906468661550698e-01	5.651449029886878e-02	1516
2.636469406412928e-01	2.018785120003661e-01	1517
1.002494769632617e+00	-8.681890071920464e-03	1518
1.002045174152488e+00	-7.389364533521777e-03	1519
-1.201740621275281e-02	-7.316681581072722e-02	1520
1.001159469158864e+00	7.742208804172009e-04	1521
-1.613427461544207e-02	5.417401855145974e-02	1522
1.324408616495995e-01	-1.813880090177431e-01	1523
3.417545065707508e-02	-1.256865643678610e-01	1524
9.467125002784207e-01	-1.052407301728688e-01	1525
7.868729848397469e-01	-1.833246662880325e-01	1526
1.000754813828802e+00	-1.167849758012510e-02	1527
1.001789112107771e+00	7.389112637180137e-03	1528
1.002181313561052e+00	8.683614027693007e-03	1529
1.000827811879535e+00	-1.432153216421288e-03	1530
-2.241920284668459e-02	-4.986716057850570e-02	1531
5.666095694019693e-01	2.185615548233201e-01	1532
6.747189712001963e-01	-2.122726029836049e-01	1533
4.308653569713627e-01	-2.323425625359964e-01	1534
5.948252435404742e-01	2.159688504635242e-01	1535
9.459812916078096e-01	9.880438448514577e-02	1536
9.095323639957938e-01	1.218577750403593e-01	1537
3.243780447909254e-01	2.117643363405963e-01	1538
2.727865028546480e-02	1.068352316925335e-01	1539
5.111147281340400e-01	-2.315285534935010e-01	1540
-1.934238398394843e-02	4.706771674681737e-02	1541
1.002764762177953e+00	2.984338757662859e-02	1542
5.412906617517341e-01	-2.299090128317242e-01	1543
9.994300631390868e-01	5.669372958389971e-03	1544
1.002873668966482e+00	1.625431600842474e-02	1545
1.004437875673278e+00	1.710881502204659e-02	1546
1.000924792003355e+00	-3.056533621515407e-03	1547
-2.765901196749302e-02	1.983823386400932e-02	1548
3.511793835744864e-01	2.149049601417871e-01	1549
1.001469723399802e+00	1.942906689964896e-04	1550
1.001474659178822e+00	-1.546398154970403e-04	1551
-6.962506473075722e-03	-8.161636053981348e-02	1552
-1.613798914796620e-02	-6.544326869744141e-02	1553
4.028437815033021e-01	-2.317491250926788e-01	1554
9.974846878375991e-01	-5.073882300352769e-02	1555
1.000704218355959e+00	-4.378396062064465e-02	1556
-1.160930204417369e-03	-9.001093787522307e-02	1557
4.526911329454924e-03	-9.682934419536081e-02	1558
1.000823172954816e+00	2.080759767576516e-03	1559
9.951232580299472e-01	4.982212788367344e-02	1560
9.856015157510679e-01	6.306417808461452e-02	1561
2.943153034174941e-01	2.072427108991938e-01	1562
7.066769884851227e-01	-2.054371458494207e-01	1563
4.989192290134523e-02	-1.375937808253349e-01	1564
1.003687265121797e+00	-3.712914033066862e-02	1565
-1.960883250718182e-02	-5.752190630604027e-02	1566
-2.903589979605243e-02	-2.087938398180440e-02	1567
6.527923192337576e-02	-1.480218243353019e-01	1568
7.810303741894759e-02	-1.564415591678969e-01	1569
1.001998014516211e+00	3.677703237302933e-02	1570
-2.350757972291631e-02	9.534089290041294e-03	1571
-1.741345575834268e-02	-2.160216412180210e-03	1572
1.004114002204515e+00	-3.006761228392149e-02	1573
7.367317633391088e-01	-1.980503727318354e-01	1574
7.631100524087737e-01	-1.907401459135551e-01	1575
-1.916004400892028e-02	-2.964144847524513e-04	1576
-2.416440893607700e-02	-1.030862058960760e-02	1577
1.000880049618144e+00	-2.065107228668593e-03	1578
-2.825609498377811e-02	-2.847336682959178e-02	1579
-2.694162006972930e-02	-3.564970497124700e-02	1580
-2.491239318092187e-02	-4.284075606497012e-02	1581
5.379969286524043e-01	2.202210454334130e-01	1582
9.798846405170051e-01	6.959556139491369e-02	1583
-2.464516816555580e-02	3.381701472297443e-02	1584
9.129830540684648e-01	-1.272202618889599e-01	1585
9.317206959370673e-01	-1.156801349113069e-01	1586
9.592056238570215e-01	-9.526772355985107e-02	1587
9.694917970938507e-01	-8.596823093758320e-02	1588
9.831289670112247e-01	-7.159405867604733e-02	1589
9.885716752268007e-01	-6.468232483810514e-02	1590
8.560889730794483e-01	-1.562334162664088e-01	1591
8.346427807812801e-01	-1.657088081249617e-01	1592
9.468416325562140e-02	-1.649354768191155e-01	1593
1.121028968698817e-01	-1.726249009014796e-01	1594
1.138788796082064e-02	-1.049389513090108e-01	1595
2.181160823340105e-02	-1.153062414901179e-01	1596
3.436706830282530e-01	-2.278747635915151e-01	1597
3.751266861593706e-01	-2.303473029315578e-01	1598
1.577560602709089e-01	-1.909353240965025e-01	1599
9.986755896882337e-01	4.316312611685832e-02	1600
5.071995055060746e-01	2.211921251428523e-01	1601
4.761120121748884e-01	2.211161114640669e-01	1602
9.291682901820082e-01	1.101106252286942e-01	1603
8.896101393395095e-01	1.327652527623307e-01	1604
8.699349030270260e-01	1.427996586230003e-01	1605
8.504519736911693e-01	1.517077726222828e-01	1606
8.303672743969858e-01	1.598549895818746e-01	1607
8.068457098044760e-01	1.685237446083952e-01	1608
7.797529010705797e-01	1.775700143782559e-01	1609
7.504765172446427e-01	1.862664347209695e-01	1610
7.200318305580238e-01	1.941597342853678e-01	1611
6.885372820733389e-01	2.011703624053174e-01	1612
6.561783882755083e-01	2.072309544083552e-01	1613
6.242995423909805e-01	2.122050843762438e-01	1614
2.333600140289118e-01	1.960326801263151e-01	1615
1.521254993062408e-01	1.720665199026635e-01	1616
1.314327549221337e-01	1.640901868263017e-01	1617
2.033459254049290e-01	1.886770123866261e-01	1618
1.768712868860356e-01	1.810018385871828e-01	1619
1.113658061198991e-01	1.565374488813944e-01	1620
1.673542215200652e-02	9.751800683370257e-02	1621
8.103688975494461e-01	-1.752023736024221e-01	1622
8.741891530592220e-01	-1.477288897152660e-01	1623
8.929278243837261e-01	-1.383520403126849e-01	1624
4.608533665537273e-01	-2.322823830511248e-01	1625
4.862548947403597e-01	-2.320176140346638e-01	1626
9.634949676341398e-03	9.014784037009833e-02	1627
3.720151212083660e-03	8.394322098969216e-02	1628
-2.393762190140166e-03	7.631153636563316e-02	1629
-7.799044072466656e-03	6.858920363422394e-02	1630
-1.227302888597155e-02	6.149066930397416e-02	1631
9.552913020712189e-02	1.499866298739237e-01	1632
8.191090997041005e-02	1.429596271871925e-01	1633
7.070436886545425e-02	1.363008136024567e-01	1634
6.030002056276762e-02	1.299608945094871e-01	1635
5.040259867060280e-02	1.236581202744323e-01	1636
3.965139728612595e-02	1.160748347732824e-01	1637
4.441182883581402e-01	2.205219260264595e-01	1638
4.100164051510119e-01	2.192413839168224e-01	1639
3.784977297677874e-01	2.172558574369542e-01	1640
9.715501306305142e-01	7.769047207724780e-02	1641
9.602956976151644e-01	8.762608523600982e-02	1642
5.743118143772132e-01	-2.272301984865669e-01	1643
6.085930316222032e-01	-2.232561932452859e-01	1644
6.420370010904971e-01	-2.182143941626070e-01	1645
1.861102540285563e-01	-2.000646240513095e-01	1646
2.161975425524966e-01	-2.080186422162706e-01	1647
2.473151836345773e-01	-2.144510553800405e-01	1648
2.782876405417277e-01	-2.196160889909243e-01	1649
3.105102524238235e-01	-2.242510747143434e-01	1650
-3.352948279829045e-02	2.442161053837194e-02	1651
1.000458849160155e+00	-4.330990722120858e-03	1652
1.006250071765178e+00	3.374668333679179e-02	1653
-3.146564546630710e-02	-4.912938105800588e-02	1654
1.003575682369400e+00	1.410511720429640e-02	1655
1.000195189915551e+00	5.804567438554629e-02	1656
3.629038493739853e-01	2.489049959793616e-01	1657
8.562042677750705e-01	-1.850851157978220e-01	1658
-1.906779566345484e-02	-8.301909207365486e-02	1659
1.001249628610935e+00	1.742616241474377e-03	1660
9.632600088333465e-01	1.064325965933014e-01	1661
1.000333043437539e+00	4.312753676279226e-03	1662
-2.355465215092299e-02	3.531249427590107e-03	1663
1.003110582038920e+00	-1.006801259096162e-02	1664
1.000961728586448e+00	-3.972642877541876e-03	1665
8.327997735051658e-01	-1.962688915965473e-01	1666
-2.867838138496167e-02	1.328587899074897e-02	1667
1.001061471958784e+00	-2.617914867683305e-03	1668
1.001762256735336e+00	6.231317200370596e-03	1669
-2.915695989182663e-02	-5.665320444609678e-02	1670
8.082667435606256e-01	-2.066097738178936e-01	1671
4.461195843553744e-01	-2.664920225762726e-01	1672
9.892636123273064e-01	-8.362132101200934e-02	1673
1.358870666516448e-01	-2.096381034997119e-01	1674
4.162902820289557e-01	-2.659435121307024e-01	1675
9.961876852472765e-01	6.599296460184652e-02	1676
9.477759203666564e-01	1.200570253162721e-01	1677
5.548664127282302e-01	2.533880408047582e-01	1678
2.435510006920891e-01	2.286279291608023e-01	1679
9.499184160055707e-01	-1.258090738986927e-01	1680
-2.259737918564101e-02	6.206700442206976e-02	1681
2.121289326533033e-01	2.206162810417056e-01	1682
5.843263375557822e-01	2.511562362675806e-01	1683
1.000843370656933e+00	3.974124002606091e-03	1684
1.002732744495551e+00	1.007815723372974e-02	1685
1.001971728797892e+00	-6.220562556621951e-03	1686
1.004143604349929e+00	-1.410401503654474e-02	1687
1.004907305192799e+00	-2.326248456391315e-02	1688
1.000986505189572e+00	2.634746116721020e-03	1689
1.002284905849792e+00	1.189425860930793e-02	1690
1.001194387263145e+00	1.229797077530523e-03	1691
1.003342796181842e+00	-7.663204529158322e-03	1692
1.001298750886232e+00	-1.712878642770357e-03	1693
-2.317923454774290e-02	-7.409656527441021e-02	1694
1.001476443867440e+00	5.705575991090570e-04	1695
1.001492086533849e+00	-5.309487846580570e-04	1696
1.001884172902755e+00	2.580230407334996e-05	1697
1.001228163783446e+00	-1.199627807696566e-03	1698
9.296322491130506e-01	1.338127437024002e-01	1699
3.348679621920636e-01	2.455434006464489e-01	1700
-2.565942480970015e-02	5.401547882420306e-02	1701
-2.836710244299356e-02	4.694177514234002e-02	1702
5.283194837753180e-01	-2.652172064585805e-01	1703
1.004941349507593e+00	2.633413947256081e-02	1704
1.003897751940729e+00	2.317145597818236e-02	1705
1.002741721165936e+00	-1.192339800413991e-02	1706
1.003063912937589e+00	7.709654332427204e-03	1707
-2.654144429711103e-02	-6.523004592704285e-02	1708
1.002867605839219e+00	-5.873532117892424e-02	1709
1.005768528985101e+00	-5.040468754840453e-02	1710
-1.399419200233354e-02	-9.254006073367370e-02	1711
-5.397679231700291e-03	-1.055904701434916e-01	1712
1.735820595668454e-02	-1.328524750440693e-01	1713
3.055545887175821e-01	2.409315705918074e-01	1714
2.745474186750878e-01	2.350475848825004e-01	1715
6.978309021967054e-01	-2.408247060462175e-01	1716
1.006685934691748e+00	-4.249761929657974e-02	1717
3.131358410985961e-02	-1.453668707401426e-01	1718
4.671961333719230e-02	-1.583478573948572e-01	1719
6.031134008616558e-02	-1.691012376024156e-01	1720
-2.960673491571350e-02	-1.405227550206355e-02	1721
1.007780868210554e+00	-3.383581279452624e-02	1722
1.006110315466619e+00	-2.640611996404385e-02	1723
7.295760166608797e-01	-2.326682006711016e-01	1724
7.584131247873167e-01	-2.241975328172013e-01	1725
7.841240288942348e-01	-2.156489601775352e-01	1726
-2.430405430514904e-02	-4.936017731250054e-03	1727
-3.522187952724360e-02	-2.540288624984801e-02	1728
-3.458948537521735e-02	-3.337167889447072e-02	1729
-3.330898932422235e-02	-4.135193105313962e-02	1730
9.914252522507201e-01	7.393117069089053e-02	1731
-3.064326801664646e-02	3.960441537894025e-02	1732
-3.239384496177090e-02	3.203594528984518e-02	1733
9.331434306261021e-01	-1.388663096207962e-01	1734
9.635621657705512e-01	-1.135703642189911e-01	1735
9.746370025405753e-01	-1.020542975286223e-01	1736
9.831084279496928e-01	-9.194667400857141e-02	1737
9.947705900660208e-01	-7.523872704019947e-02	1738
9.992070580364404e-01	-6.698153314987197e-02	1739
7.626816148933244e-02	-1.798425029264152e-01	1740
9.392062746191671e-02	-1.895625073648851e-01	1741
1.125951831517241e-01	-1.986990025313230e-01	1742
6.043508784139893e-03	-1.204855567153574e-01	1743
3.568842378252491e-01	-2.619992391939242e-01	1744
3.874025582283953e-01	-2.645251852051446e-01	1745
1.004730232917339e+00	4.224648091618458e-02	1746
1.003457004520710e+00	4.997544299850440e-02	1747
5.243974719674923e-01	2.547776014768142e-01	1748
4.923896694779303e-01	2.552028840106351e-01	1749
9.099832014289210e-01	1.471134164321225e-01	1750
8.903064387783224e-01	1.592905499140284e-01	1751
8.703952315196600e-01	1.704629644326094e-01	1752
8.500671809334239e-01	1.805470195473884e-01	1753
8.278536847275412e-01	1.903570032119501e-01	1754
8.021271662078372e-01	2.005891669874171e-01	1755
7.734143525889523e-01	2.108080058138447e-01	1756
7.429086485955726e-01	2.203325459374365e-01	1757
7.112227338886237e-01	2.288693410555531e-01	1758
6.785286467438441e-01	2.363363441991977e-01	1759
6.456698072853324e-01	2.426013722157562e-01	1760
6.142401009039021e-01	2.475494893982854e-01	1761
1.330846496912564e-01	1.913034063351745e-01	1762
1.829206443941608e-01	2.115262301588061e-01	1763
1.560038061406674e-01	2.013287138572087e-01	1764
1.131959218062890e-01	1.822840606717893e-01	1765
1.201039519754557e-02	1.131708856600395e-01	1766
8.759427082638293e-01	-1.746843728698738e-01	1767
8.943068532004337e-01	-1.642955422261747e-01	1768
9.138298380491570e-01	-1.522052910791819e-01	1769
4.741053024455927e-01	-2.665244061098978e-01	1770
4.995640872039356e-01	-2.662769113446707e-01	1771
3.145919658978208e-03	1.032659385590309e-01	1772
-2.646407903821908e-03	9.568624944489745e-02	1773
-8.794012990248252e-03	8.746012447523333e-02	1774
-1.427771864513220e-02	7.865085024707695e-02	1775
-1.879866555273360e-02	7.035069190637872e-02	1776
9.471619969653307e-02	1.742555682956798e-01	1777
7.881082927296801e-02	1.655835958562449e-01	1778
6.117817706635498e-02	1.524824134708416e-01	1779
4.588280748561166e-02	1.415355512264554e-01	1780
3.489314842564746e-02	1.339882833298545e-01	1781
2.348112700683638e-02	1.244323152806120e-01	1782
4.604145833779256e-01	2.547298646039339e-01	1783
4.268447369533308e-01	2.535578852546054e-01	1784
3.931670420533894e-01	2.515435363755427e-01	1785
9.847539409984369e-01	8.297963200794570e-02	1786
9.756188751602204e-01	9.376307756789001e-02	1787
5.608965785823518e-01	-2.629788218912186e-01	1788
5.957389557115502e-01	-2.594167216574982e-01	1789
6.307015241280362e-01	-2.543387561509347e-01	1790
6.646634274178064e-01	-2.481149401402733e-01	1791
1.634239297473684e-01	-2.208839090374158e-01	1792
1.936728875521011e-01	-2.312714078990799e-01	1793
2.255654921991600e-01	-2.401285687135082e-01	1794
2.576611451222791e-01	-2.470122391594383e-01	1795
2.898676858943242e-01	-2.529773957787973e-01	1796
3.235945522969219e-01	-2.581326147489192e-01	1797
1.003928268888578e+00	-8.911032550023219e-03	1798
1.009326460509903e+00	-3.057354687181323e-02	1799
1.006808118697430e+00	6.637255079738907e-02	1800
-3.452090649227425e-02	1.720686750015170e-02	1801
-2.921460902418216e-02	6.492533619917934e-03	1802
1.009774892808625e+00	-6.677792328874232e-02	1803
6.894722781127337e-01	-2.804593018573198e-01	1804
8.575675797089208e-01	-2.176141624826659e-01	1805
3.454654418248836e-01	2.833127844751520e-01	1806
1.006802099849250e+00	3.896892437807189e-02	1807
1.003022531529554e+00	-6.743115207439487e-03	1808
1.000778000258040e+00	5.465581573757228e-03	1809
1.000949525015935e+00	-5.481568348195784e-03	1810
1.001590977214703e+00	-9.519965343740047e-04	1811
-7.844072192667176e-04	-1.378229453503328e-01	1812
1.003592790029247e+00	8.967143659198920e-03	1813
1.001900382024887e+00	-3.231707592995186e-04	1814
9.512917480786558e-01	1.439635236783462e-01	1815
1.004358710548348e+00	1.216915367163753e-02	1816
1.007248919498339e+00	2.382563001179484e-02	1817
1.004753838444973e+00	2.009097961616159e-02	1818
1.001562909815202e+00	9.933800028529686e-04	1819
9.545906441051354e-01	-1.490782873516759e-01	1820
8.794384105845849e-01	-2.049540623562147e-01	1821
-3.572274020047717e-02	-1.790318475638451e-02	1822
-3.158307964443334e-02	-8.330412434928029e-02	1823
5.826382718693545e-03	1.306587722365004e-01	1824
1.888383611697761e-01	2.461027225293502e-01	1825
1.005614125341131e+00	-2.010286169587696e-02	1826
9.811957199323308e-01	1.117260942987436e-01	1827
8.329139464319125e-01	-2.303391886343148e-01	1828
1.125212512796858e-01	-2.283840063985731e-01	1829
1.008589881340076e+00	-3.908968197802203e-02	1830
-2.760527204359603e-02	-9.358631204314839e-02	1831
4.738309288572137e-01	-3.040761129246994e-01	1832
1.007893040580519e+00	5.646728569962484e-02	1833
5.730388128956039e-01	2.902139696147381e-01	1834
1.002194961057121e+00	-8.616645378513094e-02	1835
5.475377550366244e-01	-3.024884668521395e-01	1836
-3.042582009236283e-02	7.048551368443474e-02	1837
1.336470661742459e-01	2.221193320648625e-01	1838
1.385284466073528e-01	-2.416467364203183e-01	1839
4.306944487867135e-01	-3.041290482052016e-01	1840
3.758074421799207e-01	2.869879747731430e-01	1841
-3.922537511761035e-02	-5.562534200654616e-02	1842
-3.721687549245857e-02	-6.375579161523257e-02	1843
1.001363553819810e+00	2.254883529033660e-03	1844
-2.779204904725287e-02	-4.550717809874416e-04	1845
9.678463260243614e-01	1.275326165541983e-01	1846
2.204900280934622e-01	2.564951931801970e-01	1847
1.001428969178869e+00	-2.224321541356708e-03	1848
1.004840431464155e+00	-1.211298497302110e-02	1849
-3.483393198105248e-02	-7.338744871695478e-02	1850
1.001670902893260e+00	1.438568905087393e-03	1851
1.002783032814307e+00	6.786737917554550e-03	1852
1.001890045867197e+00	3.749651939676812e-04	1853
1.001712600769483e+00	-1.395233654754048e-03	1854
-3.330516103326534e-02	6.135975077897271e-02	1855
-3.573928685337058e-02	5.363554518852714e-02	1856
1.007946814863786e+00	3.060271292688603e-02	1857
1.010448322924607e+00	-5.672835102543977e-02	1858
9.171530972771919e-02	-2.171098760750634e-01	1859
3.155998196889028e-01	2.784631270323396e-01	1860
2.845084322710017e-01	2.721715951029122e-01	1861
2.530181244864663e-01	2.650360478213296e-01	1862
1.179371170753754e-02	-1.527635762504963e-01	1863
2.609878936494855e-02	-1.667826244661627e-01	1864
4.006710007405399e-02	-1.803208512356612e-01	1865
1.014602310823888e+00	-4.743765740400374e-02	1866
1.008298245468125e+00	-2.376193561674919e-02	1867
7.229419678689986e-01	-2.715543646136348e-01	1868
7.540972337669403e-01	-2.619342721008384e-01	1869
7.821698476108878e-01	-2.520324279164650e-01	1870
8.078553976573603e-01	-2.417291618031335e-01	1871
-2.988338937405157e-02	-7.496486999756905e-03	1872
-4.081538604882762e-02	-4.724962748465664e-02	1873
-4.236011751140618e-02	-3.001847756682164e-02	1874
-4.188066561929472e-02	-3.865861903596620e-02	1875
1.002993532137441e+00	7.548929440268977e-02	1876
-3.778657742206131e-02	4.566200256904551e-02	1877
-3.934645864688632e-02	3.745574567426807e-02	1878
-4.035339806756815e-02	2.916140100685241e-02	1879
9.695403884721984e-01	-1.339708699973427e-01	1880
9.814824490089923e-01	-1.197549844720591e-01	1881
9.906268757991845e-01	-1.068931184121292e-01	1882
9.972097913632344e-01	-9.598042660217167e-02	1883
1.006325178032048e+00	-7.616769208715576e-02	1884
5.525612128949896e-02	-1.933502299045414e-01	1885
7.304417368323272e-02	-2.060310220461671e-01	1886
-2.111365761442714e-02	-1.064478739968418e-01	1887
-1.212589110203123e-02	-1.223272848946285e-01	1888
3.691781885447721e-01	-3.001495381502420e-01	1889
4.001376231748335e-01	-3.027324032994181e-01	1890
1.012469251512319e+00	4.751452702891861e-02	1891
5.420446611185499e-01	2.920293786250871e-01	1892
5.097026103762485e-01	2.929838261396538e-01	1893
9.326431697580787e-01	1.599875279348858e-01	1894
9.131773668089700e-01	1.749049444666661e-01	1895
8.932918318409444e-01	1.886350425198419e-01	1896
8.726556472404517e-01	2.012885847238279e-01	1897
8.507974677684141e-01	2.130576238564776e-01	1898
8.263060279638847e-01	2.247797269075888e-01	1899
7.985055244063409e-01	2.366493786988314e-01	1900
7.681421463346341e-01	2.480935829306041e-01	1901
7.361701953530936e-01	2.585343020874823e-01	1902
7.030196952949421e-01	2.677603909945694e-01	1903
6.692624160799286e-01	2.756403716162006e-01	1904
6.361663169933788e-01	2.820421599867127e-01	1905
6.043005538425202e-01	2.869354228064837e-01	1906
1.594232212919142e-01	2.343364057854458e-01	1907
1.123474430120144e-01	2.109995222357809e-01	1908
9.374079413618749e-02	2.017774784297930e-01	1909
9.367721221016799e-01	-1.646735178689266e-01	1910
8.984584378241413e-01	-1.928555935140224e-01	1911
9.174242147351239e-01	-1.796644294533003e-01	1912
5.156179380509910e-01	-3.042492904704992e-01	1913
-4.123537680410825e-03	1.184413762918881e-01	1914
-1.107970910735294e-02	1.079612522970980e-01	1915
-1.652244953654603e-02	9.941142504134116e-02	1916
-2.224437145786204e-02	8.951017833523145e-02	1917
-2.669359368050055e-02	7.983795397466618e-02	1918
7.514937651039032e-02	1.912458271013643e-01	1919
4.138155315726270e-02	1.637728925581012e-01	1920
2.915701438932134e-02	1.537418454715272e-01	1921
5.666451554709574e-02	1.771793366448603e-01	1922
1.717353254112831e-02	1.432461318197645e-01	1923
4.767377727206522e-01	2.928467692614318e-01	1924
4.433266211016121e-01	2.917956507862160e-01	1925
4.088341141977913e-01	2.898387378200457e-01	1926
9.980894817520450e-01	8.586219549289902e-02	1927
9.911153773371458e-01	9.770667590082509e-02	1928
5.825587428321896e-01	-2.995319433691593e-01	1929
6.190393372820795e-01	-2.946442175834378e-01	1930
6.547845577946558e-01	-2.881994337509982e-01	1931
1.683970116085132e-01	-2.547230430596173e-01	1932
2.008174615840862e-01	-2.664751082749863e-01	1933
2.344307532238888e-01	-2.762048279122537e-01	1934
2.674207107399735e-01	-2.836713800391057e-01	1935
3.013568036056835e-01	-2.904894736954840e-01	1936
3.360886787938953e-01	-2.961015091651700e-01	1937
1.401580244478789e-01	-2.778131403310066e-01	1938
1.001566263874168e+00	2.832467802503679e-03	1939
1.004741877965772e+00	-7.768991195517966e-03	1940
1.004228077130493e+00	-6.840758451971756e-03	1941
1.002102740966417e+00	-1.049804224132912e-03	1942
1.005637377290669e+00	1.380914312138019e-02	1943
9.432840891057046e-01	-1.929569759396944e-01	1944
1.001651331399202e+00	-2.799058023257853e-03	1945
1.012743538246419e+00	7.422376953890192e-02	1946
1.114113047905639e-01	-2.620061680793123e-01	1947
1.008241573622659e+00	2.047335887628540e-02	1948
1.006931987166513e+00	1.835412027949717e-02	1949
1.006200905567608e+00	-1.371368667233599e-02	1950
1.001827417764850e+00	-1.894931172420518e-03	1951
1.002922462245167e+00	-5.623719068206781e-03	1952
1.004666781305361e+00	-1.030348082982517e-02	1953
1.004266042909995e+00	1.037453023956621e-02	1954
-4.961750472324820e-02	-5.326120879101277e-02	1955
1.001945578227520e+00	6.952679460851328e-04	1956
1.622232243754759e-01	2.715743163367577e-01	1957
-9.112032632547657e-03	-1.573192159827471e-01	1958
9.242516874007816e-01	-2.095647964808180e-01	1959
8.846947644563674e-01	-2.389578011582639e-01	1960
-4.624015332536802e-02	5.190916916956281e-02	1961
5.606694485746918e-01	3.334552756685710e-01	1962
3.250638957248926e-01	3.203524873263917e-01	1963
9.774027517944113e-01	-1.566865897504085e-01	1964
7.169376857276281e-01	-3.151730366924592e-01	1965
4.136377612729119e-01	-3.454327993305952e-01	1966
-1.287502785432347e-02	1.354885516757668e-01	1967
5.060984998801258e-02	2.044338721103685e-01	1968
8.807801491213187e-02	-2.480879917232949e-01	1969
1.014411048633610e+00	6.222939473010053e-02	1970
1.015812775079269e+00	5.484715058747310e-02	1971
-3.512339196775129e-02	1.010734318144166e-02	1972
-2.082592937185133e-02	-1.403650840650356e-01	1973
6.814886840123644e-01	-3.248224541195667e-01	1974
8.609180965044047e-01	-2.539664908753089e-01	1975
3.566997340942311e-01	3.255833145889713e-01	1976
1.001787388554028e+00	5.184242062186325e-03	1977
1.001956957278813e+00	-5.162274938030733e-03	1978
1.001965536918736e+00	-6.421115269914169e-04	1979
1.004447539101451e+00	7.868464700528063e-03	1980
1.003974836426792e+00	6.929071250573210e-03	1981
1.001572995986234e+00	-3.490309760004204e-03	1982
1.008479542417891e+00	2.725603571903741e-02	1983
1.001465684702759e+00	3.515707403140270e-03	1984
9.052970295483277e-01	-2.244007930761465e-01	1985
9.615061771778524e-01	-1.749022706301736e-01	1986
-4.264605900203736e-02	-2.179865620056489e-02	1987
1.943270938310211e-01	2.850836027436058e-01	1988
1.009697711928875e+00	-2.716745567814056e-02	1989
9.744081917686014e-01	1.509796501865824e-01	1990
1.012327870679632e+00	-3.487556092700096e-02	1991
-4.143144993361034e-02	-9.294455782796847e-02	1992
5.341984985492118e-01	-3.462254455340867e-01	1993
3.898023473851988e-01	3.295830394082628e-01	1994
1.333994996080611e-01	2.569969194317995e-01	1995
-4.461432555253569e-02	-8.202327199672868e-02	1996
1.002727094688773e+00	5.675048868110054e-03	1997
-3.361076608698943e-02	1.840006323690307e-03	1998
-3.381175062047691e-02	-2.542469055577317e-03	1999
9.885634927303842e-01	1.316713320101418e-01	2000
-4.835074112666744e-02	-6.218073743603553e-02	2001
-4.674724016606424e-02	-7.117244380852422e-02	2002
1.001769857838618e+00	1.939389464339258e-03	2003
1.002353342501551e+00	3.281567656906960e-05	2004
1.002070057038259e+00	1.106032152840114e-03	2005
-4.243312492325670e-02	6.909425713094902e-02	2006
-4.449910511027059e-02	6.047189179833413e-02	2007
1.010736668040268e+00	3.499411140866409e-02	2008
2.932613481426800e-01	3.136021680835560e-01	2009
2.612573683019209e-01	3.056777346924118e-01	2010
2.281594078103553e-01	2.966574481097536e-01	2011
4.088208077886575e-03	-1.746150524191542e-01	2012
1.738997245955726e-02	-1.893897428141657e-01	2013
1.017177731920437e+00	-6.220646927647355e-02	2014
1.018250852597988e+00	-5.469346534032578e-02	2015
1.007714906690750e+00	-1.824762535287012e-02	2016
1.009127964965966e+00	-2.032624913993153e-02	2017
7.504284814487211e-01	-3.043969169516688e-01	2018
7.810805841290543e-01	-2.929903217605542e-01	2019
8.089539623317298e-01	-2.810940802119051e-01	2020
8.352425330565257e-01	-2.682739773526750e-01	2021
-3.589259088444452e-02	-1.081948483874793e-02	2022
-5.056242168396760e-02	-3.483769041929648e-02	2023
-5.035548412623922e-02	-4.408647255911288e-02	2024
-4.748997155529387e-02	4.308177268607329e-02	2025
-4.116752207521860e-02	2.122820734458951e-02	2026
-4.824069761450562e-02	3.415475402813495e-02	2027
9.901670226832544e-01	-1.391836024561652e-01	2028
9.997743249775725e-01	-1.230967669253321e-01	2029
1.006518093241975e+00	-1.090561097549241e-01	2030
1.011259422653658e+00	-9.696988717703348e-02	2031
1.012955073062827e+00	-8.477163635522446e-02	2032
1.015991391623674e+00	-7.441305756075511e-02	2033
3.185460595052370e-02	-2.048683475351365e-01	2034
4.892477263350139e-02	-2.205882383167527e-01	2035
6.805918169897354e-02	-2.352069376426346e-01	2036
-3.721242443954231e-02	-1.063855229101080e-01	2037
-2.987696076485618e-02	-1.216944314264988e-01	2038
3.813093050553440e-01	-3.427939958442435e-01	2039
5.278648832243560e-01	3.348693561047758e-01	2040
9.573656303115298e-01	1.702811467704093e-01	2041
9.387175736341752e-01	1.885373452756570e-01	2042
9.191992276159376e-01	2.054044753292485e-01	2043
8.986606692471811e-01	2.210930300672446e-01	2044
8.767801468938744e-01	2.357136871547951e-01	2045
8.529575224703332e-01	2.496316604950330e-01	2046
8.261434647783613e-01	2.634819112432804e-01	2047
7.962490368150821e-01	2.771106550115983e-01	2048
7.640511365111664e-01	2.898886141850330e-01	2049
7.303177348313377e-01	3.013461947597373e-01	2050
6.956202906061693e-01	3.112779731769987e-01	2051
6.609593671500993e-01	3.195211621817211e-01	2052
6.270982997167891e-01	3.260455163714382e-01	2053
5.936470234049731e-01	3.307863713306513e-01	2054
1.094957137722481e-01	2.430185777453268e-01	2055
9.031221628648971e-02	2.322174626579319e-01	2056
4.525628633015435e-01	-3.465544204256678e-01	2057
4.948302646359904e-01	-3.469367581727134e-01	2058
-2.111132399586456e-02	1.220077013086287e-01	2059
-2.634953002000748e-02	1.114965831819942e-01	2060
-3.178122832129113e-02	1.014103679656142e-01	2061
-3.605001892842085e-02	8.983239822990245e-02	2062
-3.975207027528452e-02	7.945282782408682e-02	2063
7.097273604245022e-02	2.203332834513909e-01	2064
2.123150365315758e-02	1.756676167550172e-01	2065
3.371137239896495e-02	1.879784122467876e-01	2066
-2.652083319741936e-03	1.494862654590106e-01	2067
9.343535582176665e-03	1.639678476981851e-01	2068
4.939143593239848e-01	3.352094582706344e-01	2069
4.596722051336413e-01	3.343977926451614e-01	2070
4.247607723655495e-01	3.325342334691143e-01	2071
1.009122596035425e+00	8.475965134906517e-02	2072
1.006253054545824e+00	9.869996264896745e-02	2073
9.990041738999644e-01	1.139180316821780e-01	2074
5.689563313044913e-01	-3.437864627748544e-01	2075
6.068111862726059e-01	-3.395074664557810e-01	2076
6.447421356862169e-01	-3.330024098296744e-01	2077
1.726155894030138e-01	-2.928937934540786e-01	2078
2.073499839561739e-01	-3.060817951753075e-01	2079
2.424947324308450e-01	-3.165599251379653e-01	2080
2.767133738649302e-01	-3.249203392819661e-01	2081
3.123725060804435e-01	-3.325631390410683e-01	2082
3.477400419297562e-01	-3.385773599268464e-01	2083
1.013924627499194e+00	-4.010325811519749e-02	2084
1.009737694570740e+00	1.809071246829063e-02	2085
1.006597973820825e+00	-1.142113930234318e-02	2086
1.013606238900633e+00	-2.986014189238461e-02	2087
1.007330033223261e+00	-1.565040367836629e-02	2088
-5.987102742440340e-02	-5.926178985546399e-02	2089
5.643756662091951e-01	3.803833530915765e-01	2090
7.475908853515741e-01	-3.520938121071364e-01	2091
3.010195121757164e-01	3.598372548092077e-01	2092
1.012246329382416e+00	3.010506531251560e-02	2093
-5.702252141940414e-02	4.876585425075898e-02	2094
6.102688227194351e-02	-2.676853706273088e-01	2095
9.532639592937493e-01	-2.234922244301450e-01	2096
1.005518344634801e+00	-6.733428658071454e-03	2097
9.713964072001386e-01	-2.030320863204895e-01	2098
1.321901873034556e-01	2.963832419447381e-01	2099
1.021823365367748e+00	-4.831200989944393e-02	2100
7.115224961123829e-01	-3.640615771232530e-01	2101
-5.599297249203134e-02	-9.120586775497357e-02	2102
1.001899340564332e+00	2.526544307414656e-03	2103
1.002431955369826e+00	6.062089502838694e-04	2104
1.002206742727985e+00	1.625068109747964e-03	2105
1.019657427555345e+00	4.870758160854833e-02	2106
-1.082023671008562e-03	1.862420984216788e-01	2107
-3.152542525786593e-02	-1.600632659315430e-01	2108
-4.163731952808719e-02	1.363780568127549e-02	2109
6.735818707992268e-01	-3.744703102962188e-01	2110
4.319303987935011e-01	-3.930577482983869e-01	2111
1.022605328871709e+00	-9.229344741102058e-02	2112
1.023321899894505e+00	-8.220067680403505e-02	2113
1.406325672936779e-01	-3.185986068559342e-01	2114
3.938018389450395e-01	-3.904620800513135e-01	2115
-1.938384122167483e-02	-1.785715798151836e-01	2116
1.021590282185221e+00	6.937088754362045e-02	2117
1.022113078103403e+00	5.987613448860792e-02	2118
9.981022072168870e-01	1.537042002694774e-01	2119
3.687852510493058e-01	3.728787749968994e-01	2120
1.000949104334395e+00	-1.604258831928034e-01	2121
-3.240324106065069e-02	1.379847330857064e-01	2122
2.411816854656697e-02	2.148638684964002e-01	2123
4.044404947987570e-01	3.771379706479251e-01	2124
1.089232863624551e-01	-2.999555425726366e-01	2125
8.278536739373821e-02	-2.829518116609214e-01	2126
1.002647181888928e+00	4.684667501986749e-03	2127
1.002449738658159e+00	-5.382455625028913e-04	2128
1.006669424999609e+00	1.577164940106666e-02	2129
8.922228218715583e-01	-2.769252497914503e-01	2130
1.002256053589770e+00	-1.565997981355883e-03	2131
1.001976325044447e+00	-2.480790436414030e-03	2132
1.010710289817127e+00	2.372536081711972e-02	2133
1.003974525469087e+00	-6.094991504229868e-03	2134
1.005470270381031e+00	-9.038771974650535e-03	2135
1.006134432353676e+00	1.155834961089140e-02	2136
1.005260295989738e+00	6.871214009048929e-03	2137
1.642076787981513e-01	3.135105814880623e-01	2138
-5.617019272739249e-02	5.822243714026796e-02	2139
3.345304548373653e-01	3.671793946965795e-01	2140
9.876507456924236e-01	-1.816325511419068e-01	2141
3.588943846296351e-01	-3.860683928795270e-01	2142
-2.386053118882024e-02	1.540359279868205e-01	2143
-4.883257541713684e-02	2.529794271553422e-02	2144
-4.261725104882436e-02	-1.408234651738496e-02	2145
1.003752488066529e+00	6.180112539052708e-03	2146
1.001698281809196e+00	-4.277578307068933e-03	2147
1.005118034330803e+00	9.155218370399920e-03	2148
1.002804512583899e+00	-4.628109063409732e-03	2149
1.002245312979823e+00	-3.216596086604139e-03	2150
1.012095402070117e+00	4.024044227456362e-02	2151
1.001563135645262e+00	4.299895449887386e-03	2152
9.147298420650410e-01	-2.593919520890297e-01	2153
9.345090236359932e-01	-2.420437817727394e-01	2154
-6.019774996753580e-02	-4.950150608178262e-02	2155
-5.058316837807111e-02	-2.569212562746872e-02	2156
1.011758413860432e+00	-2.349665696230183e-02	2157
1.002142215993346e+00	3.265975554046154e-03	2158
-3.888522834721769e-02	-1.753395622693427e-04	2159
-5.888176134692380e-02	-6.867250273616977e-02	2160
-5.788936520981611e-02	-7.893931233723833e-02	2161
-5.469622614598216e-02	6.732186051689702e-02	2162
1.990832393797332e-01	3.288492706822477e-01	2163
2.679406129544754e-01	3.509898576538956e-01	2164
2.345939471283429e-01	3.414144350091943e-01	2165
-6.928763237342032e-03	-1.976281355381959e-01	2166
1.010515806580882e+00	-1.785741203813400e-02	2167
7.810349506002037e-01	-3.390499237863136e-01	2168
8.115618696033140e-01	-3.252640652325635e-01	2169
8.398062832149995e-01	-3.105621264312179e-01	2170
8.668118727037580e-01	-2.943697714903670e-01	2171
-4.058702112385431e-02	-5.289907894081828e-03	2172
-6.001238046722322e-02	-3.969807130797523e-02	2173
-5.738877882656395e-02	3.924758494256757e-02	2174
1.010864687033139e+00	-1.406254429374880e-01	2175
1.017498429405591e+00	-1.229683644477956e-01	2176
1.020000522235280e+00	-1.073740691482553e-01	2177
1.024755597598067e+00	-5.946603208567638e-02	2178
1.024611970151799e+00	-6.908335012291723e-02	2179
6.101880552440844e-03	-2.141009771582532e-01	2180
2.198125088671108e-02	-2.323351547674508e-01	2181
4.063100264392089e-02	-2.508548750231028e-01	2182
-5.301759356521709e-02	-1.038458529914453e-01	2183
-4.819802364413990e-02	-1.209360300078377e-01	2184
-4.096765170997746e-02	-1.383774988851466e-01	2185
9.836219692931076e-01	1.765522720400065e-01	2186
9.666553486113365e-01	1.987469686624026e-01	2187
9.481025730308160e-01	2.194889716752005e-01	2188
9.281767587068770e-01	2.388370115713480e-01	2189
9.065638123402162e-01	2.570125284915378e-01	2190
8.830149035371215e-01	2.741512464360365e-01	2191
8.569537594579748e-01	2.906512365446928e-01	2192
8.277329799011566e-01	3.068785529561898e-01	2193
7.955673875225570e-01	3.224493425789237e-01	2194
7.612299008768287e-01	3.367186341259981e-01	2195
7.254921314920679e-01	3.492790930755852e-01	2196
6.892375211818271e-01	3.599090519801942e-01	2197
6.533352681679848e-01	3.685263027141883e-01	2198
6.176386637257117e-01	3.751666545736749e-01	2199
4.328071323463331e-02	2.349386502970557e-01	2200
1.049089349700961e-01	2.790668624146800e-01	2201
8.416836252272575e-02	2.658492773146520e-01	2202
4.735148110622340e-01	-3.942475653908093e-01	2203
5.156406976169940e-01	-3.943421378866506e-01	2204
-3.858734482988384e-02	1.240469984819284e-01	2205
-4.301702355688436e-02	1.137609962800810e-01	2206
-4.739305104168649e-02	1.004555464968260e-01	2207
-5.069215170355461e-02	8.903098010503538e-02	2208
-5.318732729340795e-02	7.724758721220167e-02	2209
6.457945899962728e-02	2.525196458519597e-01	2210
1.011149493521677e-02	1.993682604967302e-01	2211
-1.292597464371586e-02	1.700249009727053e-01	2212
5.122341459140850e-01	3.821662313686071e-01	2213
4.766259338369855e-01	3.818033409460812e-01	2214
4.407137271704420e-01	3.800926880559543e-01	2215
1.008949193857168e+00	1.318394387191782e-01	2216
1.019712627018507e+00	8.252739188826411e-02	2217
1.018235988359854e+00	9.397044035740353e-02	2218
1.013808576736208e+00	1.116943442868778e-01	2219
5.551825331422134e-01	-3.926892119444533e-01	2220
5.935639856990806e-01	-3.892307029090130e-01	2221
6.341214835084700e-01	-3.830144527650217e-01	2222
1.759239212747013e-01	-3.358620591089393e-01	2223
2.130672042733023e-01	-3.504997023909383e-01	2224
2.494814574066830e-01	-3.617483350565653e-01	2225
2.853932369178043e-01	-3.712314138970939e-01	2226
3.225773900408976e-01	-3.796606021965261e-01	2227
7.064645141015464e-01	-4.188456174653082e-01	2228
1.003090041288562e+00	3.728014952984582e-03	2229
-5.261456974001776e-02	1.384319280387976e-01	2230
-6.775229743294317e-02	6.460544760419724e-02	2231
-6.679975613852310e-02	7.410347931360367e-02	2232
1.012207612711508e+00	-2.044299365831539e-02	2233
-5.018458856625269e-02	-1.723729046421956e-02	2234
7.822227875146862e-01	-3.907928331843888e-01	2235
1.259245747854010e-02	2.452496652622050e-01	2236
9.026385700545856e-01	-3.190343080710469e-01	2237
1.048057425008220e-01	-3.426980415770012e-01	2238
1.009555736019604e+00	1.515461074703844e-02	2239
1.019225846709699e+00	-4.278846246688601e-02	2240
1.012481500044292e+00	2.730010388945139e-02	2241
1.007684832430264e+00	1.307893366338094e-02	2242
1.651308819938859e-01	3.606244442729582e-01	2243
1.003615933087842e+00	5.096601362090050e-03	2244
1.015700558183337e+00	3.512941552759002e-02	2245
-4.856636749687974e-02	-8.146477500881908e-03	2246
1.002913674363971e+00	2.486701538418539e-04	2247
1.002920296939818e+00	-1.655757031512793e-04	2248
1.017286704149491e+00	-3.478561799850557e-02	2249
2.730625210811873e-01	4.016125467386278e-01	2250
-6.896628221651779e-02	-1.008582555884571e-01	2251
-4.896749134125215e-02	1.702164345622057e-02	2252
-3.984104282682450e-02	6.369169774405716e-03	2253
1.033247738929621e+00	-8.795673213991742e-02	2254
1.033014255072761e+00	-7.653387171530446e-02	2255
4.094641738652026e-01	-4.437531594151300e-01	2256
7.555820251022993e-02	-3.221697823232302e-01	2257
-5.959969020602471e-02	-2.957015323010394e-02	2258
3.815986703429633e-01	4.257438690808523e-01	2259
9.878988038298278e-02	3.197861294603008e-01	2260
-3.699405859649970e-02	1.745556682922853e-01	2261
-6.811993279545205e-02	5.437135411484310e-02	2262
-2.618962286355047e-02	1.920410437724737e-01	2263
4.194934839981285e-01	4.301242284248894e-01	2264
3.081929517790052e-01	4.114800527770320e-01	2265
1.023339056994514e+00	5.525716435291613e-02	2266
7.456273840761150e-01	-4.056162317187534e-01	2267
1.000868596362926e+00	-2.084807764705539e-01	2268
5.162407708045153e-02	-3.038223080470683e-01	2269
1.013704488184741e+00	-2.702382829343191e-02	2270
1.008223449022285e+00	-1.288882260138733e-02	2271
6.456006776747003e-01	4.232456724859110e-01	2272
6.652681579597295e-01	-4.300151192895796e-01	2273
9.848481759826290e-01	-2.331210234384455e-01	2274
1.014051348246055e+00	-1.833655545464999e-01	2275
1.297696115391094e-01	3.407542523386427e-01	2276
1.002662775405777e+00	1.196880115718152e-03	2277
1.002346701233961e+00	2.171275087449569e-03	2278
1.018252715734642e+00	1.501837981011987e-01	2279
1.025778688478451e+00	-5.476425889697003e-02	2280
1.029844613476146e+00	6.508437813193663e-02	2281
1.397684190121324e-01	-3.645070432555929e-01	2282
3.700433842996654e-01	-4.389953206584934e-01	2283
1.032664185161076e+00	-6.439432660985867e-02	2284
-4.575282073913745e-02	1.552387371783811e-01	2285
-7.174462581727122e-02	-6.526133195631278e-02	2286
-7.127518297969887e-02	-7.500665155317261e-02	2287
1.002699610309974e+00	-1.122508477017567e-03	2288
1.002171151463740e+00	-3.992643409007255e-03	2289
1.003794943887695e+00	-5.008552582318547e-03	2290
1.002414111547801e+00	-2.109753467233297e-03	2291
1.011301724392591e+00	2.072482933574511e-02	2292
1.006204842603501e+00	-7.885950158140934e-03	2293
3.443978307786905e-01	4.195899391831406e-01	2294
1.005895617374764e+00	8.041046262291008e-03	2295
1.003214684779132e+00	-3.649599323394327e-03	2296
1.017295647413694e+00	4.312593689197602e-02	2297
9.270244901566256e-01	-2.981584064790758e-01	2298
9.481825577706536e-01	-2.774155472129087e-01	2299
9.671317740290721e-01	-2.561410134478334e-01	2300
-7.089010550740577e-02	-4.441051789869443e-02	2301
-7.156961422573141e-02	-5.476620441718971e-02	2302
-6.799547110643821e-02	4.425514038734703e-02	2303
1.010194669823238e+00	-1.490365051850906e-02	2304
1.002041724895707e+00	4.033438808091234e-03	2305
-7.077688210022141e-02	-8.714915246657340e-02	2306
2.026404393153556e-01	3.777616256919804e-01	2307
2.392212339175671e-01	3.910985534177446e-01	2308
-4.437549756744440e-02	-1.815288162714554e-01	2309
-3.321812680619540e-02	-2.009453035292975e-01	2310
8.158132769393333e-01	-3.748298564323865e-01	2311
8.466539343973843e-01	-3.577728621240882e-01	2312
8.755479322160696e-01	-3.392024636235742e-01	2313
-4.596502531035097e-02	-7.044321654587351e-04	2314
-5.758942006932095e-02	2.939748148520421e-02	2315
1.021216022423819e+00	-1.581632942981543e-01	2316
1.028458661547844e+00	-1.371351139183069e-01	2317
1.032736153559238e+00	-1.017888100683718e-01	2318
1.032027179753940e+00	-1.172449538033581e-01	2319
-2.116812566251047e-02	-2.220194183033102e-01	2320
2.986478315053129e-02	-2.842970671519158e-01	2321
-7.444000984699243e-03	-2.416045881411216e-01	2322
1.008251948854172e-02	-2.626114703750781e-01	2323
-6.626347749287778e-02	-1.166719121348331e-01	2324
-6.146435720314868e-02	-1.365130787199116e-01	2325
-5.434941475027810e-02	-1.568681010397531e-01	2326
1.010169547274001e+00	1.775434554841868e-01	2327
9.960939172462677e-01	2.038997569009505e-01	2328
9.795272924790477e-01	2.291846497297795e-01	2329
9.609770980106374e-01	2.529549362305220e-01	2330
9.402807949853030e-01	2.754480842462216e-01	2331
9.172775524454444e-01	2.967558344233374e-01	2332
8.917298851872493e-01	3.169979681056930e-01	2333
8.632167597627919e-01	3.365336723547635e-01	2334
8.313818218529098e-01	3.554573173066379e-01	2335
7.966248076958412e-01	3.732178832843492e-01	2336
7.598011503852370e-01	3.891567681462748e-01	2337
7.218670360965684e-01	4.028870520940754e-01	2338
6.837474180393667e-01	4.142352356860967e-01	2339
5.970918515907703e-01	4.303113249999563e-01	2340
3.359606681745660e-02	2.685375344711617e-01	2341
7.525021099934646e-02	3.031587153703531e-01	2342
4.514124617373917e-01	-4.463365905008633e-01	2343
4.946922296231915e-01	-4.474032783154044e-01	2344
-6.055837358821912e-02	1.120632175307770e-01	2345
-6.337280529409331e-02	9.873847033171705e-02	2346
-6.570644078488498e-02	8.590027656963710e-02	2347
5.507429159174457e-02	2.877474048590860e-01	2348
-3.517127253832453e-03	2.257820992258902e-01	2349
-1.502648681376579e-02	2.093878898591266e-01	2350
5.413113503132577e-01	4.340067247910152e-01	2351
4.760244560219722e-01	4.335056013906079e-01	2352
1.029696479097460e+00	7.726853760314760e-02	2353
1.029331056082874e+00	8.963112728366926e-02	2354
1.025160994181181e+00	1.252007559391153e-01	2355
1.027612446576453e+00	1.057914467964469e-01	2356
5.378837900072798e-01	-4.467528222257307e-01	2357
5.794198191833378e-01	-4.441049053748098e-01	2358
6.222037756466718e-01	-4.387070547846859e-01	2359
1.781547331283170e-01	-3.841227337720844e-01	2360
2.175259448934161e-01	-4.002087143417909e-01	2361
2.552529754894529e-01	-4.123613794385155e-01	2362
2.931602289374698e-01	-4.231164893138775e-01	2363
3.320433701063909e-01	-4.323322742897130e-01	2364
1.012445686962196e+00	1.726056237568721e-02	2365
1.025688852419821e+00	-4.309600474389093e-02	2366
1.023115818668160e+00	-3.760042732821153e-02	2367
-5.877781673152631e-02	-2.021420159143772e-02	2368
1.004878598649431e+00	-5.389191452939276e-03	2369
-8.024147118387678e-02	4.900152187583769e-02	2370
2.593273497464862e-01	4.523049340810910e-01	2371
8.219015763699330e-01	-4.304308174068098e-01	2372
3.829560154297439e-01	-4.984791937213809e-01	2373
-4.300326294916412e-02	2.150810568295839e-01	2374
-8.095553167606158e-02	5.980179009800778e-02	2375
3.950407621500820e-01	4.835820632073222e-01	2376
1.002324979030290e+00	-2.647777117428629e-01	2377
1.008598805709027e+00	-1.083506145120738e-02	2378
1.013602807666690e+00	-1.767873569014399e-02	2379
1.012778243378077e+00	-1.612340210452180e-02	2380
6.382116994931969e-02	3.448821779125785e-01	2381
-1.932091417070963e-02	2.553361281508040e-01	2382
1.003031611720995e+00	7.849987286853356e-04	2383
1.002829946115496e+00	1.791129938205073e-03	2384
1.044890584280400e+00	-1.297729815625304e-01	2385
1.007059557144537e+00	-9.243011864083099e-03	2386
1.006961193614287e+00	-6.654714769201374e-03	2387
1.006688537310573e+00	9.420584895167033e-03	2388
1.010149092131852e+00	1.274542669678811e-02	2389
1.002886560780762e+00	-1.712831532469178e-03	2390
1.003055668986023e+00	-6.983267476463788e-04	2391
-5.783381813676874e-02	-1.127364299483778e-02	2392
-5.417505273480061e-02	-2.059129077672534e-03	2393
1.258424540044970e-01	3.906272680669337e-01	2394
7.443916771076038e-01	-4.656740986563522e-01	2395
9.426806517837120e-01	-3.408878489312013e-01	2396
1.027122330168091e+00	4.886193430810554e-02	2397
-8.415700033150522e-02	-1.114894291353373e-01	2398
4.269944504990266e-01	-5.033255931564201e-01	2399
-7.511880818971665e-02	1.306526464430848e-01	2400
-8.102360491601668e-02	7.058701162066375e-02	2401
-8.083178102833195e-02	8.121585302191793e-02	2402
-1.364180848668167e-03	2.791962285577190e-01	2403
3.549157018959216e-01	4.774623195888082e-01	2404
1.041810651392404e+00	-7.019799434131198e-02	2405
1.373771451055401e-01	-4.160866060269303e-01	2406
9.164316097845098e-01	-3.655470365921551e-01	2407
9.881041880095526e-02	-3.907570274886734e-01	2408
6.612743882807669e-02	-3.662663801455391e-01	2409
3.952326057699393e-02	-3.440252263235926e-01	2410
7.012985038275287e-01	-4.802481585307910e-01	2411
7.847319565037638e-01	-4.488892409263770e-01	2412
1.616614616884093e-02	-3.211079937523223e-01	2413
1.646222143745474e-01	4.133838816341063e-01	2414
1.004152322248648e+00	4.105772051850637e-03	2415
1.004677759831082e+00	5.513709664319843e-03	2416
1.003504690076074e+00	5.100122674200308e-05	2417
-8.554541299097608e-02	-9.601637093676200e-02	2418
-5.734152115779893e-02	2.023197427030103e-02	2419
1.037048647938676e+00	1.420362730013069e-01	2420
1.043349729159918e+00	-8.202424560761054e-02	2421
9.098112301514649e-02	3.657539206553130e-01	2422
-5.287218227514988e-02	1.963054106657101e-01	2423
-6.983550675728989e-02	-3.324327912377259e-02	2424
3.152921900277297e-01	4.690436237480418e-01	2425
1.040165816934116e+00	9.901237786921267e-02	2426
1.017671040246734e+00	-2.368264920229078e-01	2427
1.015362936340177e+00	-2.303242485772210e-02	2428
1.010680603152057e+00	-1.245089864502160e-02	2429
1.031872415610171e+00	-2.086526282671436e-01	2430
1.002710812123169e+00	2.851072112802097e-03	2431
1.029279310807736e+00	-4.813987928636173e-02	2432
-6.188737741471850e-02	1.741244694103026e-01	2433
-6.874248986046529e-02	1.547012135225073e-01	2434
-8.463650894155038e-02	-5.978670738528154e-02	2435
1.002802571560144e+00	-2.780743896561805e-03	2436
1.004296114785788e+00	-3.992505895361709e-03	2437
1.014326382087513e+00	2.342863966020453e-02	2438
1.008149356268149e+00	1.105971223430517e-02	2439
1.006697917466046e+00	6.848132236669642e-03	2440
1.023750216940485e+00	4.371494778778481e-02	2441
1.021421610759958e+00	3.816673291210351e-02	2442
9.654281157028505e-01	-3.159810288086242e-01	2443
9.849804122258075e-01	-2.909671788961752e-01	2444
-8.335705397718961e-02	-4.879872123882450e-02	2445
-8.524989880962472e-02	-7.078190042303370e-02	2446
-8.557309744949992e-02	-8.161768609877550e-02	2447
2.045199624381461e-01	4.322126270892565e-01	2448
-3.835343558684898e-02	-2.484023591813616e-01	2449
8.559260887402242e-01	-4.105251173594884e-01	2450
8.873371054122191e-01	-3.889607926038888e-01	2451
-4.823503743044586e-02	7.749790376835007e-03	2452
-6.758649478389302e-02	3.334531681769985e-02	2453
1.044472746720822e+00	-9.527190483627380e-02	2454
1.036453457645778e+00	-1.759987407714883e-01	2455
1.040819249465456e+00	-1.531276030828749e-01	2456
1.045403926809428e+00	-1.100711621466834e-01	2457
-6.067492615144275e-02	-2.036184073564356e-01	2458
-5.060904569276065e-02	-2.246151636592426e-01	2459
-2.345588991638287e-02	-2.724746747501186e-01	2460
-5.071513496839140e-03	-2.959609285380963e-01	2461
-8.178358404666455e-02	-1.307841638461899e-01	2462
-7.672817718554864e-02	-1.531138086576550e-01	2463
-7.015793098409760e-02	-1.773795736035173e-01	2464
1.032343384417585e+00	1.693662896193031e-01	2465
1.022319704336920e+00	2.011002446076122e-01	2466
1.012130624844314e+00	2.326585760181819e-01	2467
9.961960002413269e-01	2.615064833390346e-01	2468
9.774677944314056e-01	2.890878978895708e-01	2469
9.558273972187951e-01	3.154801603709779e-01	2470
9.311496100636054e-01	3.406532069606477e-01	2471
9.033736036208732e-01	3.646540783865977e-01	2472
8.721408748472833e-01	3.877584730571153e-01	2473
8.373402886951224e-01	4.097867866126436e-01	2474
7.995813165768054e-01	4.300411426964496e-01	2475
7.599208191412287e-01	4.478340893939753e-01	2476
7.193977989980284e-01	4.628205955974827e-01	2477
6.782420932782505e-01	4.739749497892827e-01	2478
6.305958217754540e-01	4.847852480552967e-01	2479
4.717918277770549e-01	-5.058224129356657e-01	2480
-7.843161379166631e-02	1.087146653470564e-01	2481
-8.017435271468655e-02	9.498950603373951e-02	2482
4.242271309169274e-02	3.255266443596249e-01	2483
2.053915070228333e-02	3.049920480853218e-01	2484
-3.248294650803907e-02	2.339192081104831e-01	2485
5.741561714320934e-01	4.908231728336139e-01	2486
5.096145530872730e-01	4.924199430723952e-01	2487
4.456343602554163e-01	4.898409274823191e-01	2488
1.038784977663772e+00	7.131683847919838e-02	2489
1.039831786070991e+00	8.379260234097038e-02	2490
1.039917582778845e+00	1.172908932846823e-01	2491
5.173983707485266e-01	-5.064022522947196e-01	2492
6.556839166885102e-01	-4.921054357429339e-01	2493
5.626604992549805e-01	-5.046961452979406e-01	2494
6.085172683989259e-01	-5.004348702575746e-01	2495
1.788819008403713e-01	-4.381679294023009e-01	2496
2.203725172328546e-01	-4.557233254089957e-01	2497
2.596091319786067e-01	-4.690137977623945e-01	2498
2.999261801820605e-01	-4.811827629728009e-01	2499
3.414214140684081e-01	-4.908181980720052e-01	2500
1.014708141412848e+00	1.985600896092492e-02	2501
5.427255587509037e-01	-5.709933095213650e-01	2502
1.010366697919647e+00	1.046513829032416e-02	2503
5.421154315707123e-02	-4.158257290893962e-01	2504
1.031276820707182e+00	5.560828370041005e-02	2505
-9.567801856389868e-02	1.224394309890894e-01	2506
-9.298454603138330e-02	1.480754693443120e-01	2507
4.136819482382564e-01	5.506336531476720e-01	2508
2.441907685392897e-02	-3.887859412233874e-01	2509
1.041780716597990e+00	-6.002129571988264e-02	2510
8.677941340444137e-01	-4.694214806074077e-01	2511
-1.018033375254526e-01	-1.233327325779908e-01	2512
-9.758116713369697e-02	-5.270119405706092e-02	2513
1.200039988362784e-01	4.465381622844671e-01	2514
1.039227673841269e+00	6.122868157334499e-02	2515
1.015528086586247e+00	-2.039841870512927e-02	2516
1.008633815440543e+00	9.160927710489644e-03	2517
1.007494551689442e+00	8.119917517937236e-03	2518
1.007813790845897e+00	-7.902361272397749e-03	2519
-9.561698097180643e-02	6.495280281933370e-02	2520
4.986751196555150e-02	3.918439827910314e-01	2521
1.038803042890717e+00	-2.664929928741602e-01	2522
-6.843721877312083e-02	-2.297205942894957e-02	2523
9.622234547862146e-01	-3.877383865895241e-01	2524
-8.980233772382220e-04	-3.615476907878002e-01	2525
-8.142338822011405e-02	-3.652852200656365e-02	2526
1.621118773953986e-01	4.722912815606601e-01	2527
-7.231094160424763e-02	2.184396802919138e-01	2528
1.059805962681668e+00	-1.202535071746906e-01	2529
4.699384140042507e-01	-5.707224316611069e-01	2530
3.980818776212298e-01	-5.646661064230295e-01	2531
7.434685451210464e-01	-5.331086792544230e-01	2532
9.069545772861166e-02	-4.447192324734658e-01	2533
1.029398467289773e+00	-3.799546527698022e-02	2534
1.032478207501956e+00	-4.203246668744803e-02	2535
1.020769846196216e+00	3.253764198495841e-02	2536
1.016656825169089e+00	2.690251354798927e-02	2537
-6.769571199787155e-02	-1.484734503622692e-02	2538
-1.021984946020677e-01	-1.052452713851360e-01	2539
-7.898914609614899e-02	3.694163497761694e-02	2540
3.452782252940021e-01	5.356263711119829e-01	2541
8.299650736642953e-01	-4.927964177237837e-01	2542
1.023867528649851e+00	-2.977345771036518e-01	2543
1.006198506367808e+00	-5.534837864501041e-03	2544
1.009001496388356e+00	-8.903733618944967e-03	2545
2.468241168655856e-02	3.671344622167141e-01	2546
-3.788548009104951e-02	2.881455903249975e-01	2547
1.003727062035938e+00	3.084612888530545e-03	2548
1.003307499893540e+00	1.360041629995273e-03	2549
1.012642384067605e+00	-1.412113329107102e-02	2550
1.012026301630275e+00	1.448183897803414e-02	2551
1.005488746427462e+00	-4.316350451496012e-03	2552
1.003350915515227e+00	-1.265271267938914e-03	2553
6.951257757508770e-01	-5.490970238783131e-01	2554
1.033709300273833e+00	-5.476417948261148e-02	2555
-9.694902233038018e-02	8.874566900765141e-02	2556
1.053936369182152e+00	1.315498914241862e-01	2557
1.052623768603918e+00	-7.479021219717266e-02	2558
7.884915771615300e-01	-5.141320755624762e-01	2559
1.005984462451162e+00	5.706907287862336e-03	2560
1.005326189837687e+00	4.470059064367854e-03	2561
-6.372200244173089e-02	-3.639863530695347e-03	2562
8.115668604499127e-02	4.175548744854682e-01	2563
-9.429909188829398e-02	5.334531983520183e-02	2564
2.716453357732557e-01	5.180839791047741e-01	2565
1.057798709338353e+00	-1.018246673074459e-01	2566
1.017857513867741e+00	-2.642881598624547e-02	2567
1.022211808978328e+00	-3.195272957809672e-02	2568
1.010796892490950e+00	-1.014636939942383e-02	2569
1.047686732365282e+00	-2.342437299443014e-01	2570
1.002973459661527e+00	2.470524315434884e-03	2571
-8.089309608325528e-02	1.947200240906458e-01	2572
-8.699360644599013e-02	1.719742906349973e-01	2573
-9.948426563539225e-02	-6.446084856868654e-02	2574
1.003053395916024e+00	-2.389818491188819e-03	2575
1.003831431090430e+00	-2.981193434186797e-03	2576
1.030582341920019e+00	4.295008033319674e-02	2577
1.027680288456914e+00	3.882281350240685e-02	2578
9.865728474717453e-01	-3.579246354611400e-01	2579
1.006908133039456e+00	-3.280853188226491e-01	2580
-1.019319572670021e-01	-8.878561627731409e-02	2581
-1.006693985021456e-01	-7.571241322694683e-02	2582
-9.627036879219744e-02	7.605027162412753e-02	2583
2.132104350566898e-01	4.965771900529947e-01	2584
9.024102151549660e-01	-4.442266429027604e-01	2585
9.339760655831087e-01	-4.168339046604845e-01	2586
-5.736121702237668e-02	8.755700094663289e-03	2587
-6.680908268385785e-02	2.324886271624895e-02	2588
1.055853898069861e+00	-1.951885674734472e-01	2589
1.057490151140749e+00	-1.680868246721093e-01	2590
1.059384863102731e+00	-1.442920325078746e-01	2591
-8.078532997841731e-02	-2.259819839007052e-01	2592
-7.140764144445448e-02	-2.501357146264557e-01	2593
-5.840530336784273e-02	-2.771932904169854e-01	2594
-4.254440171477105e-02	-3.060861646007764e-01	2595
-2.357553233246690e-02	-3.328116268710664e-01	2596
-8.929740634034036e-02	-1.989140264709764e-01	2597
-9.995324510529015e-02	-1.464992770549609e-01	2598
-9.529610020137363e-02	-1.709687690112498e-01	2599
1.052719629228171e+00	1.589243851511672e-01	2600
1.047607078105087e+00	1.917638323171652e-01	2601
1.040865311586657e+00	2.246676146690420e-01	2602
1.034055622267350e+00	2.637568412058535e-01	2603
1.016716880800316e+00	2.957335220221473e-01	2604
9.978332586356150e-01	3.279766506887724e-01	2605
9.751447171452100e-01	3.591870704864278e-01	2606
9.486665949540297e-01	3.890280651491168e-01	2607
9.184010141082255e-01	4.175674788226097e-01	2608
8.840721811547753e-01	4.448973628551188e-01	2609
8.458479982416046e-01	4.705298781173264e-01	2610
8.046216037146130e-01	4.936224181898188e-01	2611
7.615827147018196e-01	5.134830805462250e-01	2612
7.154974656169572e-01	5.280887058946960e-01	2613
6.694492851666558e-01	5.425660243865842e-01	2614
-9.664533325028168e-02	1.039022172005419e-01	2615
-1.871001796171215e-02	3.164008663175853e-01	2616
4.265290284417989e-03	3.445142579212267e-01	2617
-5.269925919625060e-02	2.612103441993690e-01	2618
-6.372024122706316e-02	2.390192474294626e-01	2619
6.103265709188824e-01	5.529730581947221e-01	2620
5.447642448910656e-01	5.570353891275058e-01	2621
4.763913963207742e-01	5.562679081206500e-01	2622
1.051599552686752e+00	9.119820055598508e-02	2623
1.049481225438907e+00	7.673801607693589e-02	2624
1.055260255186252e+00	-8.766206006107391e-02	2625
1.053426180279720e+00	1.084049164555560e-01	2626
5.919392010925667e-01	-5.685678264332549e-01	2627
6.438445446423261e-01	-5.613243460398187e-01	2628
1.330559793790327e-01	-4.738764780284976e-01	2629
1.776751435303831e-01	-4.985344767411984e-01	2630
2.212109223897430e-01	-5.176216778534154e-01	2631
2.624330590861827e-01	-5.323719221757395e-01	2632
3.289415500545756e-01	-5.504455959593777e-01	2633
1.010550786053659e+00	8.423239157393845e-03	2634
-9.506093713298354e-02	-4.067616830741409e-02	2635
1.026012228563418e+00	3.478755618898551e-02	2636
1.018102194012446e+00	2.259681641358132e-02	2637
6.017826898091280e-03	-4.386782896853361e-01	2638
-7.893650139936124e-02	-2.167137548930360e-02	2639
7.931702828152530e-01	-5.874874480457103e-01	2640
-2.144745405810294e-02	-4.057414432993478e-01	2641
-6.695110329745482e-02	9.071623069340813e-03	2642
1.012002491410028e+00	-4.033158013303492e-01	2643
9.209214820394618e-01	-5.056843151518663e-01	2644
7.419930889698140e-01	-6.089230420018109e-01	2645
3.952037377944217e-02	-4.715027385048175e-01	2646
-1.222847198129989e-01	-1.364894845816282e-01	2647
1.015213615525754e+00	1.611462414837725e-02	2648
5.062501734135416e-01	-6.441947459150802e-01	2649
-1.138058078479500e-01	8.135842126071470e-02	2650
1.023289001963845e+00	-2.659862157300870e-02	2651
1.007612469502331e+00	-5.392790990765992e-03	2652
1.007397024748703e+00	5.619043356249824e-03	2653
1.006802246252978e+00	-4.368255605492240e-03	2654
-7.458487009135741e-02	-6.149464617731655e-03	2655
4.248606863869899e-03	4.137276288499847e-01	2656
6.887142242404885e-02	4.757782788911432e-01	2657
1.027552492822745e+00	-3.399967427414934e-02	2658
1.015234223160415e+00	-1.495588190085875e-02	2659
1.003521290796261e+00	2.026256782063525e-03	2660
1.012938474035584e+00	-1.151136740130999e-02	2661
-1.128174035052950e-01	-2.209806082910401e-01	2662
-1.216384342246506e-01	-1.146272140073208e-01	2663
-1.153128376328017e-01	9.654570447536416e-02	2664
-1.165610683253054e-01	1.374840482299651e-01	2665
1.003762527505222e+00	-6.910436623820030e-04	2666
1.039713290216121e+00	5.217210099147701e-02	2667
6.866676947256957e-01	-6.262433097022624e-01	2668
1.049852137982624e+00	-3.319995413638397e-01	2669
9.861150407524827e-01	-4.389242669868382e-01	2670
-1.158735349089239e-01	1.140883757081572e-01	2671
1.116737233181561e-01	5.090008153056291e-01	2672
-9.602818357573259e-02	2.404461069732163e-01	2673
1.034843768773585e+00	4.894656873038086e-02	2674
1.050886040964769e+00	-6.437907778346397e-02	2675
5.709611918384875e-01	-6.409034776099148e-01	2676
-1.137064990497866e-01	-5.611372102271326e-02	2677
1.012438165180298e+00	1.190600506941366e-02	2678
4.398962778695386e-01	6.253180082807909e-01	2679
-1.205507527967584e-01	-9.666274158552045e-02	2680
1.621762285832912e-01	5.403804768334119e-01	2681
1.070805538207421e+00	-2.577974417233511e-01	2682
1.016948186845139e+00	-1.734861928910703e-02	2683
1.009112884156627e+00	7.494995610344611e-03	2684
1.008279088032804e+00	6.744686327274485e-03	2685
1.008543731890308e+00	-6.489507935888166e-03	2686
1.009411647382555e+00	-7.210122164353995e-03	2687
3.335736221465716e-02	4.446282153952755e-01	2688
1.060568338816029e+00	-2.959746085555499e-01	2689
-3.957458982435976e-02	3.571790063890823e-01	2690
-1.820685301879646e-02	3.856993776428102e-01	2691
1.065622411374372e+00	9.847372030009763e-02	2692
1.073178114921084e+00	-1.094232926846510e-01	2693
8.826603621099853e-01	-5.353492508445654e-01	2694
1.022083567917973e+00	2.729000771249637e-02	2695
-1.102942614063559e-01	5.726003452379227e-02	2696
8.400227161057385e-01	-5.628043795043952e-01	2697
-6.000156283976184e-02	3.240138975464024e-01	2698
1.003737345381893e+00	8.005612909670425e-04	2699
1.010892585432435e+00	-8.086070240256749e-03	2700
1.004866540584469e+00	3.338621644092199e-03	2701
1.006631354884571e+00	4.569736633924753e-03	2702
1.004984336294741e+00	-3.196678887424337e-03	2703
1.041914471688708e+00	-5.090319943913510e-02	2704
1.036983894868806e+00	-4.790731339124878e-02	2705
3.659593363418026e-01	6.119605305908304e-01	2706
1.068906703907708e+00	1.197283374915744e-01	2707
1.048292826472643e+00	6.610646011276936e-02	2708
-9.241713912454136e-02	4.145928272418990e-02	2709
2.940829174152165e-01	5.928906601050223e-01	2710
-1.038210985444015e-01	2.163873556450729e-01	2711
-1.089529992397928e-01	1.900267586150308e-01	2712
-1.129711850948793e-01	1.656291708293631e-01	2713
1.003587742308073e+00	-1.925943135496296e-03	2714
1.033966276652324e+00	3.751218985702408e-02	2715
1.035621218936351e+00	-3.641945049277098e-02	2716
1.033071034439295e+00	-3.675661380562593e-01	2717
-1.183487599633192e-01	-8.055331744670284e-02	2718
-1.162624565110168e-01	-6.836763711027211e-02	2719
-1.122675070583144e-01	6.940249355276813e-02	2720
2.211109168603002e-01	5.686137422755370e-01	2721
9.556332930976852e-01	-4.733648340807959e-01	2722
-7.746846721034555e-02	2.590986325335367e-02	2723
1.076328845751632e+00	-2.197121577367445e-01	2724
1.076154180647955e+00	-1.325112672194700e-01	2725
1.078136340528393e+00	-1.828039108462328e-01	2726
1.077448324428998e+00	-1.576391125780298e-01	2727
-1.047309503776115e-01	-2.489743561446252e-01	2728
-9.570854257214481e-02	-2.782342185691312e-01	2729
-4.584949633434574e-02	-3.734127455333006e-01	2730
-8.237983699463643e-02	-3.088826062931299e-01	2731
-6.556145648573876e-02	-3.422670597997081e-01	2732
-1.204724554451602e-01	-1.629505653410672e-01	2733
-1.173898724388435e-01	-1.901216132735456e-01	2734
1.071195765459894e+00	1.461381245654206e-01	2735
1.070781730425777e+00	1.786751383157947e-01	2736
1.068050558356570e+00	2.132264448178066e-01	2737
1.064857549256957e+00	2.491511216595012e-01	2738
1.053765363176686e+00	2.952138453654764e-01	2739
1.041996831832265e+00	3.322874784037442e-01	2740
1.022375393303801e+00	3.697363965338217e-01	2741
9.986574256653786e-01	4.067287926039140e-01	2742
9.703198292582274e-01	4.422407153757770e-01	2743
9.372338282085909e-01	4.762593706461214e-01	2744
8.993370430953954e-01	5.086067882794855e-01	2745
8.571631678937672e-01	5.384418221912181e-01	2746
8.118484960069487e-01	5.648220995881311e-01	2747
7.371716464877487e-01	5.947489135055710e-01	2748
-7.625403381356349e-02	2.918845465485713e-01	2749
-8.781897702216923e-02	2.648730373904473e-01	2750
6.534586033283987e-01	6.193007747775668e-01	2751
5.832197310386934e-01	6.278352295058248e-01	2752
5.110766686638720e-01	6.294835155642542e-01	2753
1.069096986373535e+00	-9.245524214289964e-02	2754
1.061889836335131e+00	8.235230275468490e-02	2755
1.065011054000189e+00	-7.893692191787229e-02	2756
4.281160371240612e-01	-6.397486178986165e-01	2757
6.282941158488062e-01	-6.381048499384615e-01	2758
8.019336575441195e-02	-5.049643691687987e-01	2759
1.263322146272361e-01	-5.384393535529021e-01	2760
1.740455867280534e-01	-5.658071501977319e-01	2761
2.204323710384134e-01	-5.846874028001603e-01	2762
2.780359206825140e-01	-6.064627826973239e-01	2763
3.494016911540073e-01	-6.263836023558951e-01	2764
-1.229718926031148e-01	-3.081012501408894e-01	2765
9.435024094837687e-01	-5.739439082831405e-01	2766
-7.526755632998826e-02	1.307127046374668e-02	2767
8.518489659858286e-01	-6.415397829008828e-01	2768
5.429645268690316e-01	-7.242429715869650e-01	2769
1.012847098896125e+00	-9.169614942354550e-03	2770
1.015144602738032e+00	-1.308978856036278e-02	2771
1.050085047190404e+00	-5.496418148852186e-02	2772
1.006157348325272e+00	-3.329288658298517e-03	2773
1.039789398654761e+00	-4.165553258619434e-02	2774
3.902824430438113e-01	6.965765117195178e-01	2775
7.979791778644777e-01	-6.701441183065086e-01	2776
-1.415033040131035e-01	-1.043530893692154e-01	2777
-1.452400249910838e-01	-1.512359136451531e-01	2778
1.010993081070786e+00	-6.222645681655183e-03	2779
9.816194256296950e-01	-5.357480608374264e-01	2780
-6.643035437875508e-02	3.998618176438724e-01	2781
-4.544024471587069e-02	4.310105849769997e-01	2782
1.064358111619258e+00	-4.098812624103008e-01	2783
9.003638088333962e-01	-6.092407871061215e-01	2784
1.037907072787253e+00	4.286787132450439e-02	2785
1.047839839555045e+00	5.659241299249434e-02	2786
-7.965995921227535e-02	5.853332023281457e-03	2787
1.033901789010102e-01	5.803997331312239e-01	2788
1.625511364712609e-01	6.176809503744445e-01	2789
-1.441169749651462e-01	-1.247907447284304e-01	2790
1.020675737645296e+00	-2.268446053079967e-02	2791
4.627141166900636e-01	-7.229779295700773e-01	2792
1.101814288854986e+00	-2.023082004511946e-01	2793
1.101556186438527e+00	-2.426625299692040e-01	2794
1.090092664394571e+00	-3.241561885797057e-01	2795
-1.306120855964511e-01	7.300229946908068e-02	2796
1.059639840649582e+00	7.000444239310392e-02	2797
5.353022082699705e-02	5.409962840422369e-01	2798
-4.687897693511178e-02	-4.545734457441632e-01	2799
2.192322885095170e-02	-5.340305161083866e-01	2800
1.018167618363180e+00	1.856315116925656e-02	2801
-1.104858516237203e-01	-4.372189990963835e-02	2802
1.023021637233652e+00	2.248312269174244e-02	2803
-7.198752705917198e-02	-4.182587614921674e-01	2804
7.385771603777200e-01	-6.942471098125479e-01	2805
1.042137626006013e+00	-4.521793012997276e-01	2806
-1.600706579991223e-02	-4.943674641252020e-01	2807
1.019121054166638e+00	-2.022902219216802e-02	2808
-1.348473655028189e-01	-7.143398244813283e-02	2809
1.008172251112363e+00	-4.118236890417322e-03	2810
1.008915124502708e+00	5.339855916194963e-03	2811
1.004267164138722e+00	6.353895878634078e-05	2812
-1.076999785789296e-01	4.496289787122783e-02	2813
-1.941146087311312e-02	4.658435086523502e-01	2814
1.027233752945398e+00	-3.020064024499558e-02	2815
1.018385620764661e+00	-1.450800316002533e-02	2816
1.004063033301892e+00	1.488643155816458e-03	2817
1.014564256909423e+00	1.356273156093569e-02	2818
1.004418431383991e+00	2.416854724503420e-03	2819
1.077817619784772e+00	-3.667524159622992e-01	2820
1.014794552606876e+00	-4.947237355802336e-01	2821
-1.385556897420907e-01	1.250628570131533e-01	2822
6.739970066035812e-01	-7.124624340904407e-01	2823
-1.361071755479901e-01	1.045287776461673e-01	2824
1.012450680247826e+00	9.577213937971304e-03	2825
-1.385138910708176e-01	-8.595093203032815e-02	2826
-1.337660878203114e-01	8.692257471131248e-02	2827
1.096938063671673e+00	-2.851099175484527e-01	2828
1.010729498398886e+00	6.573810354847849e-03	2829
1.009123244398372e+00	-5.053791523243784e-03	2830
1.366521850526295e-02	5.037873463509093e-01	2831
-8.708649205309719e-02	-1.111269059522967e-02	2832
-9.193203926519691e-02	-2.675721636065212e-02	2833
1.061989593565443e+00	-6.726433381635702e-02	2834
1.025858170331269e+00	3.100983031351833e-02	2835
-8.602056501675771e-02	3.632044338306389e-01	2836
1.008005596209846e+00	4.372211718565783e-03	2837
1.006029482572989e+00	3.512345271642654e-03	2838
1.004112111231215e+00	-1.369108700681649e-03	2839
1.082041708307469e+00	1.068966681251506e-01	2840
3.117927431019635e-01	6.764618214315227e-01	2841
-1.296380155584259e-01	2.380093602346640e-01	2842
-1.349698763450337e-01	2.087963573879458e-01	2843
-1.373330120018149e-01	1.821078947625087e-01	2844
-1.388965187611826e-01	1.544715455104537e-01	2845
1.004501067149674e+00	-2.287456850120003e-03	2846
-1.318572875285882e-01	-5.871063717823184e-02	2847
-1.283559544937991e-01	6.042252655346803e-02	2848
2.356278462612356e-01	6.507387386341399e-01	2849
-9.035122409859141e-02	2.957155907121458e-02	2850
1.090848719933786e+00	-1.188236224045283e-01	2851
1.099086765320066e+00	-1.695437009164434e-01	2852
-1.389515962865417e-01	-2.435322839826738e-01	2853
-1.331883270373956e-01	-2.735461577081939e-01	2854
-9.261279683391709e-02	-3.809588857803917e-01	2855
-1.105028361716752e-01	-3.437219080397086e-01	2856
-1.450939290657469e-01	-1.793402282246493e-01	2857
-1.437995274786968e-01	-2.095851637438413e-01	2858
1.087484882340430e+00	1.315222288016117e-01	2859
1.095660574681691e+00	-1.440383284473184e-01	2860
1.091422286541417e+00	1.627814511285360e-01	2861
1.093275262985496e+00	1.979618955263775e-01	2862
1.093688031898258e+00	2.337533338810144e-01	2863
1.090235600289118e+00	2.797616043079856e-01	2864
1.082090094267327e+00	3.247160903561795e-01	2865
1.067958721383394e+00	3.698101319206235e-01	2866
1.051793165603575e+00	4.147191341418141e-01	2867
1.026846552036564e+00	4.582426455746197e-01	2868
9.965329945297063e-01	5.006928563859037e-01	2869
9.602809449133649e-01	5.413506976678440e-01	2870
9.182870417925900e-01	5.796370235675200e-01	2871
8.714766347468638e-01	6.143893647390556e-01	2872
8.037200161637743e-01	6.506725001388045e-01	2873
-1.035674118129721e-01	3.260885414301195e-01	2874
-1.152164135231358e-01	2.926977471095245e-01	2875
-1.240709096278450e-01	2.635465456491007e-01	2876
7.187631438803056e-01	6.834779249599580e-01	2877
6.292250081454400e-01	7.043216357734668e-01	2878
5.502197800787807e-01	7.098703579594055e-01	2879
4.720498809104919e-01	7.080407079145845e-01	2880
1.085033719860087e+00	-9.754915479400986e-02	2881
1.079183362426839e+00	-8.199582310631333e-02	2882
1.076436318576264e+00	8.753629420434721e-02	2883
6.036826318244386e-01	-7.215256740542229e-01	2884
6.627343583446714e-02	-5.723576253581044e-01	2885
1.166399188410987e-01	-6.103657622369451e-01	2886
1.705305973017743e-01	-6.408212119849067e-01	2887
3.755723362137775e-01	-7.111672781491991e-01	2888
2.231877470376652e-01	-6.643116947674456e-01	2889
2.932193499717361e-01	-6.898859924940741e-01	2890
-7.675633531565999e-02	-5.093299144964633e-01	2891
-9.878152306552450e-02	4.446531602863649e-01	2892
3.310079804570213e-01	7.701621618646464e-01	2893
1.049473454840565e+00	-4.582296507844061e-02	2894
-1.651874460533829e-01	-3.015901197875296e-01	2895
1.005593708306051e+00	-2.336640177548132e-03	2896
1.047588567624570e+00	4.746517548782965e-02	2897
4.201689428416615e-01	7.904317152523765e-01	2898
1.125802425207597e+00	-4.050099468234214e-01	2899
9.466890553918075e-02	6.617024566129549e-01	2900
5.015299641836585e-01	-8.144537039660056e-01	2901
-1.434229606984138e-01	-3.822242603425113e-01	2902
-1.278681396339483e-01	-4.581889269322806e-02	2903
1.014774171673361e+00	1.083344462096863e-02	2904
1.077733802075246e+00	-5.048257365497506e-01	2905
1.010866582132545e+00	-4.340755643452013e-03	2906
1.009596759394570e+00	-3.621587601808621e-03	2907
1.004974187822132e+00	1.671972002033401e-03	2908
1.025273080625911e+00	-2.243635797667093e-02	2909
1.028260726854855e+00	-2.508678756065798e-02	2910
7.310272157721821e-01	-7.902694738474204e-01	2911
5.773280249282546e-01	-8.105960645068285e-01	2912
1.048461611013469e+00	-5.555522825412281e-01	2913
-1.722382667822325e-01	-1.652879456602332e-01	2914
1.007350611045868e+00	-3.187851122385267e-03	2915
-1.184167555984242e-01	4.044403727928689e-01	2916
1.004593106835092e+00	-7.069610150278712e-04	2917
1.026896991099298e+00	2.583777460608351e-02	2918
1.122839215245922e+00	-3.564549060653679e-01	2919
-1.656336699645875e-01	-1.115699724396273e-01	2920
-1.351296131871268e-01	3.639504279967208e-01	2921
-1.701831548263395e-01	-1.368211160190434e-01	2922
1.032512883908267e+00	-3.168075394184777e-02	2923
-8.784174754649861e-02	1.607744495579724e-02	2924
-1.560355704955687e-01	-3.394283545511746e-01	2925
-1.252808891631871e-01	-4.231184984527314e-01	2926
1.129532771443645e+00	-2.225048685825570e-01	2927
1.072691010774757e+00	7.382672517169347e-02	2928
1.059748715688154e+00	-5.889791621108641e-02	2929
8.647803091073711e-01	-7.303868117885736e-01	2930
1.643779833419321e-01	-7.252590966988065e-01	2931
4.072305185968990e-01	-8.054306767263362e-01	2932
9.700987145173317e-01	-6.500632457671978e-01	2933
6.506633853071258e-01	-8.078475031979254e-01	2934
1.012753459275712e+00	-7.125084267364570e-03	2935
1.015231196390795e+00	-1.033746360770750e-02	2936
1.057413102787549e+00	6.090945049026120e-02	2937
1.007223646224147e+00	3.415135188976891e-03	2938
8.015428363670991e-01	-7.635327965612313e-01	2939
1.018023314707364e+00	1.464095350662396e-02	2940
1.009445282454823e+00	3.931525780600706e-03	2941
1.012587543422020e+00	-6.044176929468230e-01	2942
-9.853716701525352e-03	5.699074101345348e-01	2943
1.097143043363750e+00	-4.538554245806936e-01	2944
9.209129350285227e-01	-6.922370556617341e-01	2945
1.041081059410025e+00	3.643676650917360e-02	2946
1.042675353512425e+00	-3.505254813571355e-02	2947
-7.667199917781943e-02	4.820389498538478e-01	2948
1.131262489174046e+00	-2.671976530590631e-01	2949
3.648161782150228e-02	6.151937968175361e-01	2950
-1.036767415328713e-01	-4.667652671741556e-01	2951
-4.181244350115897e-02	-5.567235274945181e-01	2952
1.020489533537166e+00	-1.709975147035899e-02	2953
-1.049855464348869e-01	3.295953538041797e-02	2954
-4.692703055012863e-02	5.239716887919819e-01	2955
1.004565941369028e+00	8.441090960534441e-04	2956
-1.603127797274069e-01	1.119613385279059e-01	2957
-1.561927491698564e-01	9.274379731407113e-02	2958
1.010682040942416e+00	4.696110679922341e-03	2959
-1.610744830604434e-01	-9.169307994116659e-02	2960
-1.539507856031158e-01	-6.723363249445703e-02	2961
-1.249945741897049e-01	4.757942672702973e-02	2962
1.129331629306521e+00	-3.107260138731463e-01	2963
1.012445551069565e+00	7.540651679785237e-03	2964
-1.021468727905678e-01	-1.509322508392547e-02	2965
-1.061026728421048e-01	-2.942950671177572e-02	2966
1.031062629163221e+00	3.268812000366503e-02	2967
1.005505284942265e+00	2.503772897200510e-03	2968
1.005031174859375e+00	-1.521770843747546e-03	2969
-1.649200771076285e-01	2.293490809642786e-01	2970
-1.646191698779745e-01	1.393378985581069e-01	2971
-1.660921775572161e-01	1.981037551548116e-01	2972
-1.656178258605863e-01	1.697574111755895e-01	2973
-1.499679415889626e-01	6.931369628551046e-02	2974
2.484220751104508e-01	7.423794378615987e-01	2975
1.676412593239096e-01	7.065506342146267e-01	2976
-9.382795765051745e-02	1.815116885212822e-03	2977
-1.707320881928448e-01	-2.650023402802527e-01	2978
-1.741443996976539e-01	-1.955448859495846e-01	2979
-1.732851230328611e-01	-2.309369059136804e-01	2980
1.101510274854693e+00	1.156030952278725e-01	2981
1.111563724859914e+00	-1.278651637476573e-01	2982
1.109299301545690e+00	1.447635579259371e-01	2983
1.118325207023853e+00	-1.538933362353243e-01	2984
1.115820446105092e+00	1.792594651437772e-01	2985
1.124626183228211e+00	-1.837755831889215e-01	2986
1.120449516966005e+00	2.156770333536744e-01	2987
1.123192855461494e+00	2.592497917952690e-01	2988
1.121372343393606e+00	3.087335392533774e-01	2989
1.113792967610099e+00	3.594955798958853e-01	2990
1.102649355095800e+00	4.077391218150184e-01	2991
1.082882267005888e+00	4.614441414988433e-01	2992
1.060456387889473e+00	5.142126691028680e-01	2993
1.027765803168923e+00	5.648472020818621e-01	2994
9.879491602519973e-01	6.135315506533737e-01	2995
9.412256146141146e-01	6.588896332718075e-01	2996
8.769880104720145e-01	7.048558967382726e-01	2997
-1.476664799219404e-01	3.229538273471068e-01	2998
-1.561692842039525e-01	2.893062637506055e-01	2999
-1.609935398428300e-01	2.582873076943288e-01	3000
7.933620208540142e-01	7.478396767062804e-01	3001
6.954767427165608e-01	7.813866191876643e-01	3002
5.972222827531877e-01	7.975081009224992e-01	3003
5.102374874885723e-01	7.992514996579014e-01	3004
1.103455113733860e+00	-1.038858256743513e-01	3005
1.074519637006961e+00	-6.948944160762374e-02	3006
1.095354750464480e+00	-8.474329273317105e-02	3007
1.093381561593665e+00	9.319520338732257e-02	3008
-1.269246207099770e-05	-6.039528022135048e-01	3009
4.870742843210028e-02	-6.477102089305040e-01	3010
1.063382837623120e-01	-6.913219783897062e-01	3011
3.128474916503812e-01	-7.839023438474149e-01	3012
2.297476490902882e-01	-7.548941816138756e-01	3013
1.056294327399023e+00	5.120689194654576e-02	3014
1.115932937755667e+00	-5.603825578383600e-01	3015
-1.883450032559733e-01	1.215044715963381e-01	3016
1.008681985774034e+00	-2.841435554740911e-03	3017
1.169280049991631e+00	-3.775929217298382e-01	3018
1.166455700821185e+00	-3.391249153537510e-01	3019
3.554069884921058e-01	8.751617677726765e-01	3020
8.015682610067413e-01	-8.692808682190458e-01	3021
1.005507002765769e+00	8.949941253324803e-04	3022
1.006047956225839e+00	-1.421774346147934e-03	3023
1.033207871332864e+00	2.671279587851799e-02	3024
1.777077762942629e-02	6.997414681061344e-01	3025
8.775472905647478e-01	-8.310825563264030e-01	3026
1.012644182593913e+00	-5.141013443557483e-03	3027
1.017695763838805e+00	-1.180021263052917e-02	3028
2.404710146688384e-01	-8.575666007602257e-01	3029
1.087636140404600e+00	-6.215681410724191e-01	3030
1.045723730352917e+00	4.268994626214609e-02	3031
1.070878080167239e+00	-6.039768339062364e-02	3032
8.854267871710345e-02	7.555909238623129e-01	3033
9.244364818257990e-02	-7.815045629401548e-01	3034
1.022876254746332e+00	-1.946389669058865e-02	3035
1.005136938919319e+00	7.829046127955898e-05	3036
1.027678986265231e+00	2.104590826430096e-02	3037
-2.036780777079777e-01	-1.783344819120205e-01	3038
-1.219560016578136e-01	-3.041547914478444e-02	3039
1.005536396698841e+00	-7.255116580786565e-04	3040
-2.071425188351860e-01	-2.890284712161511e-01	3041
-1.069882066693797e-01	-2.254719700950125e-03	3042
2.611736615958962e-01	8.450730913614244e-01	3043
-1.368185253572237e-01	4.928111259308116e-01	3044
-1.017654466208470e-01	1.674218756281446e-02	3045
1.038839844438560e+00	-3.090442787764323e-02	3046
1.088252997228577e+00	7.726142423406845e-02	3047
4.567550919978677e-01	8.942135559263404e-01	3048
-7.963943813573093e-02	5.891520906581167e-01	3049
-1.112150325366279e-01	-5.710312785732822e-01	3050
-1.968851753785267e-01	1.833880704025831e-01	3051
-2.020883144771253e-01	-3.303422537650171e-01	3052
7.127130217830827e-01	-8.980685427448647e-01	3053
1.599861020190272e-01	-8.217142001285124e-01	3054
-1.399792222492386e-01	-5.192860032174074e-01	3055
4.448674910427627e-01	-9.096035814170419e-01	3056
-1.946464523924790e-01	-3.738095180238577e-01	3057
1.017164686727895e+00	1.238635823099713e-02	3058
1.008564366371755e+00	3.119517393541622e-03	3059
1.021838112752124e+00	-1.385254295547268e-02	3060
9.438390471525302e-01	-7.858578330657315e-01	3061
-2.082084777210269e-01	-2.504960306325027e-01	3062
1.006685948364322e+00	-2.282168024198376e-03	3063
-1.567928149201819e-01	4.484468438565885e-01	3064
1.021219923994912e+00	1.648269453517259e-02	3065
1.029583166296169e+00	-2.056976117425945e-02	3066
1.166335139486445e+00	-2.903748838558783e-01	3067
-1.849765910288837e-01	3.570332800195031e-01	3068
-1.721076535985399e-01	4.031852215694143e-01	3069
-1.473009001370235e-01	-4.687173540813076e-02	3070
-1.803711087649780e-01	-4.228895501289947e-01	3071
1.058250900851000e+00	-4.923755073939475e-02	3072
3.384174277232903e-01	-8.894042501896687e-01	3073
1.000814202792032e+00	-7.352276127869057e-01	3074
5.812596544880198e-01	-9.122826148894090e-01	3075
1.014833320989167e+00	-8.058189924261607e-03	3076
1.068689504201881e+00	6.299090198980725e-02	3077
1.010960799616006e+00	-2.692784954728764e-03	3078
1.048703386989283e+00	-6.802480247216856e-01	3079
-3.662910362082875e-02	6.447190252096934e-01	3080
1.155487280103820e+00	-4.552525800396120e-01	3081
1.139484990123846e+00	-4.988397142410645e-01	3082
1.034543034929910e+00	-2.569580506255765e-02	3083
-1.125823816885132e-01	5.396234871192201e-01	3084
-1.639114110356987e-01	-4.691548191873075e-01	3085
-1.787255725477539e-01	-7.320488986174650e-02	3086
-1.444648636011706e-01	4.919665503790926e-02	3087
1.010842831769492e+00	3.057825186836800e-03	3088
1.012421065790271e+00	5.561315841397939e-03	3089
-1.818661325900291e-01	9.719874668605777e-02	3090
-1.867425694292598e-01	-9.619189206124978e-02	3091
-1.935202856049212e-01	1.534875980491343e-01	3092
-1.215152899921403e-01	3.534079075408109e-02	3093
1.014478186402016e+00	8.551447178758231e-03	3094
-1.183036216805099e-01	-1.844923159203261e-02	3095
1.037427406402335e+00	3.216590266104322e-02	3096
1.005992044977779e+00	1.607876718683693e-03	3097
1.006595968794550e+00	2.488542639663033e-03	3098
-1.934447678722080e-01	-1.194794735539433e-01	3099
-1.991228757604003e-01	-1.489436801843078e-01	3100
-1.992557076198641e-01	2.150273038385994e-01	3101
-1.746438948025616e-01	7.516323179150695e-02	3102
1.728821530864741e-01	8.066259486435076e-01	3103
-2.080237798908086e-01	-2.138911182850466e-01	3104
1.124332620698236e+00	1.252380752302317e-01	3105
1.135209633062705e+00	-1.355307863177214e-01	3106
1.135200052983838e+00	1.578566338039934e-01	3107
1.144964092002549e+00	-1.637603271491200e-01	3108
1.144509897605730e+00	1.942434349819034e-01	3109
1.154287499582670e+00	-1.995368616227740e-01	3110
1.152612196944017e+00	2.356737539065780e-01	3111
1.162214407469625e+00	-2.434381180587628e-01	3112
1.157687821391711e+00	2.854291057942281e-01	3113
1.157848945405447e+00	3.402342968522981e-01	3114
1.152799977122559e+00	3.940006347730801e-01	3115
1.140509362446115e+00	4.522057190074379e-01	3116
1.123701833307126e+00	5.099744238951912e-01	3117
1.096222033468929e+00	5.730901616901409e-01	3118
1.064372529733342e+00	6.352058485841315e-01	3119
1.020653048666442e+00	6.936026425849964e-01	3120
9.601885455855085e-01	7.524872195197321e-01	3121
-1.924235049822608e-01	3.164905561058035e-01	3122
-1.971653961925153e-01	2.799148945427381e-01	3123
-1.989002477727013e-01	2.487048207301087e-01	3124
8.785186164466228e-01	8.091067832269386e-01	3125
7.772430328150643e-01	8.573674423878960e-01	3126
6.638517810624519e-01	8.889086347007452e-01	3127
5.569163323625947e-01	8.991600409106675e-01	3128
1.124911034566482e+00	-1.099137659618397e-01	3129
1.089094236812577e+00	-7.067794250126823e-02	3130
1.114026514873176e+00	-8.806677891500429e-02	3131
1.113285892687203e+00	9.874619485480002e-02	3132
-7.245971690053729e-02	-6.256681496909781e-01	3133
-2.619325859977414e-02	-6.818466758260251e-01	3134
2.926736256874647e-02	-7.330106566072982e-01	3135
1.049014104824522e+00	3.543553579914064e-02	3136
9.681185489480784e-01	-8.921304094697954e-01	3137
1.006541489992506e+00	-5.227814367064366e-04	3138
1.017517385774653e+00	-8.876330135958649e-03	3139
-1.835334983971725e-01	-5.770920216694430e-01	3140
-6.653172875874463e-02	7.298637173680109e-01	3141
1.024223559824025e+00	1.811876561399729e-02	3142
1.185818217555707e+00	-5.515300855049361e-01	3143
1.130465416491619e+00	-6.918720561268210e-01	3144
1.035444506595974e+00	-1.984201319190100e-02	3145
-1.377894483446098e-01	-2.488780997383534e-02	3146
-1.174018044262686e-01	1.517173295459216e-02	3147
-1.168833343413966e-01	6.633404106771087e-01	3148
-5.481494257696803e-04	7.973737122057273e-01	3149
2.775359733780275e-01	9.606759352272045e-01	3150
1.066435924883661e+00	5.495369090111173e-02	3151
3.712438831076622e-01	-1.007086500769043e+00	3152
2.568390826390586e-01	-9.736338383229425e-01	3153
-2.484622565900535e-01	-2.706937388876259e-01	3154
1.014352744372103e+00	6.395775975016012e-03	3155
1.024190832944577e+00	-1.630684745262039e-02	3156
-2.348287377930978e-01	3.454459543538091e-01	3157
7.915963579665886e-01	-9.894725362721273e-01	3158
1.014613666956142e+00	-5.901276298694306e-03	3159
1.021608564507800e+00	2.031770566263514e-02	3160
-1.815095275556724e-01	5.461722371889269e-01	3161
1.045297198685585e+00	-2.875717798961593e-02	3162
-2.482816176293321e-01	-3.148396600053600e-01	3163
-2.400514498849941e-01	-1.917410976606856e-01	3164
1.017118054023338e+00	9.473020986584202e-03	3165
-1.706412363869984e-01	-4.985659754873888e-02	3166
-2.015355731710988e-01	4.956469549486015e-01	3167
1.106250022367500e+00	8.079594398089854e-02	3168
1.201336634783883e+00	-4.966395619196385e-01	3169
1.212841894927164e+00	-4.250681092097787e-01	3170
1.151182230755991e+00	1.345396133410947e-01	3171
-2.328512712993958e-01	1.966219991056438e-01	3172
3.871891449864414e-01	9.923430637934546e-01	3173
1.068475867501078e+00	-5.261808545862105e-02	3174
1.083390132933805e+00	-6.064957172446607e-02	3175
6.003559300779311e-03	-8.284623761997253e-01	3176
-2.456559713636992e-01	-3.599437644804079e-01	3177
1.164085816310155e+00	-6.194012171684139e-01	3178
5.025391215326676e-01	1.008388443920096e+00	3179
8.878933427782516e-01	-9.457600671818777e-01	3180
1.010016945281839e+00	-2.201607449899914e-03	3181
1.012533123561564e+00	-3.611282963264659e-03	3182
1.052180450286880e+00	-3.656486808067044e-02	3183
1.056777421480216e+00	-3.989916920665042e-02	3184
1.590069310202666e-01	-9.320130851397386e-01	3185
1.020690748817520e+00	1.272729633403709e-02	3186
1.006121172513822e+00	9.547678086411861e-05	3187
-1.400881642553307e-01	3.650945797144699e-02	3188
8.290499425906746e-02	8.623787825295869e-01	3189
-2.254591829920937e-01	-4.647558944583859e-01	3190
-2.166251025631694e-01	4.438228212668009e-01	3191
7.732766546144114e-02	-8.835197257209241e-01	3192
6.591024312727751e-01	-1.017500628471855e+00	3193
-2.077739148099458e-01	-5.206454862063599e-01	3194
1.009921194472245e+00	2.531999692912928e-03	3195
1.043981202748553e+00	3.028621240658143e-02	3196
1.007919608749046e+00	-2.074932997811575e-03	3197
1.007182646715730e+00	-1.248142798796320e-03	3198
1.027075052118209e+00	-1.852321993404758e-02	3199
1.212929276476047e+00	-3.547885223773243e-01	3200
1.207278297511770e+00	-3.144365360831479e-01	3201
-2.271147943114262e-01	3.939016939698009e-01	3202
-2.389258031186814e-01	-4.130838430768003e-01	3203
1.035377421107853e+00	-8.310240898134066e-01	3204
5.110360997013164e-01	-1.023038531073501e+00	3205
1.081619388843343e+00	6.440976028414021e-02	3206
1.090186893904195e+00	-7.643110112588590e-01	3207
-1.536273212459302e-01	6.032833668742218e-01	3208
-2.325906357264641e-01	-1.586796398000269e-01	3209
1.012373744303996e+00	4.032812039764971e-03	3210
-1.674748776869459e-01	5.245982492735804e-02	3211
-2.063426743404858e-01	-7.640025457674152e-02	3212
-2.113955090457598e-01	1.022650902756961e-01	3213
-2.270906207628180e-01	1.647950657807255e-01	3214
-1.264707843956923e-01	-6.289180405343782e-04	3215
1.039704081634884e+00	2.607229150255703e-02	3216
1.040954944675432e+00	-2.476849564309529e-02	3217
1.006518120674815e+00	7.283689057990627e-04	3218
1.007130655856154e+00	1.475505364046190e-03	3219
1.007834072188644e+00	2.327005716168374e-03	3220
-2.160431373751791e-01	-1.002744833394068e-01	3221
-2.247415855687315e-01	-1.286346157376732e-01	3222
-2.199008906472094e-01	1.327002306998903e-01	3223
-2.021684071946276e-01	7.821845358884195e-02	3224
1.777485065364913e-01	9.190329102775864e-01	3225
-2.455179397533276e-01	-2.318579986136963e-01	3226
1.162555423125526e+00	-1.417670571254512e-01	3227
1.165200612269743e+00	1.696970918478333e-01	3228
1.175822270317924e+00	-1.746725244761086e-01	3229
1.178401646547983e+00	2.092710190828513e-01	3230
1.189147730837724e+00	-2.157226261968689e-01	3231
1.189942869468320e+00	2.571508763718385e-01	3232
1.199982771401518e+00	-2.635789173525284e-01	3233
1.198263938271741e+00	3.128455220449648e-01	3234
1.200785064331881e+00	3.714896339281281e-01	3235
1.197067204118269e+00	4.338220872317056e-01	3236
1.187171867302153e+00	4.971627004877078e-01	3237
1.168000314647809e+00	5.667912201716484e-01	3238
1.142549690014310e+00	6.360484285560534e-01	3239
1.103539912091960e+00	7.099191879311514e-01	3240
1.053402305034753e+00	7.872738726648036e-01	3241
-2.366026308343072e-01	2.322848489522372e-01	3242
-2.377282513944749e-01	3.038835979978846e-01	3243
-2.385278439051510e-01	2.666424802001028e-01	3244
9.760504445134102e-01	8.616112096793574e-01	3245
8.742526087268570e-01	9.286439616010854e-01	3246
7.513554731583684e-01	9.798664096938571e-01	3247
6.223094257533790e-01	1.005909562866406e+00	3248
1.149254485408382e+00	-1.149159330384187e-01	3249
1.106208044019804e+00	-7.167690683884972e-02	3250
1.135671137418159e+00	-9.083558771514871e-02	3251
1.136545079339380e+00	1.047078141560566e-01	3252
-1.515571086141067e-01	-6.404428664283828e-01	3253
-1.092640208277000e-01	-7.028063546221703e-01	3254
-5.599447868718581e-02	-7.695407343257702e-01	3255
-2.889454966323796e-01	-2.479230973077727e-01	3256
-2.733026281005156e-01	2.104169318219710e-01	3257
5.897900882770544e-01	-1.145423210685922e+00	3258
1.073152322377337e+00	-9.396581568468854e-01	3259
-9.775101932811869e-02	8.276776642489295e-01	3260
-2.958286907516551e-01	-3.930441525583329e-01	3261
-2.321261649544821e-01	6.068282760369902e-01	3262
4.291887709642979e-01	1.122370629719174e+00	3263
1.055196996556310e+00	4.186016217546781e-02	3264
1.009184291416939e+00	-1.580234802971512e-03	3265
1.012572883304955e+00	-1.737566917927446e-03	3266
1.066205762796675e+00	-4.267378338335859e-02	3267
-2.035677770468287e-02	-9.360812156707752e-01	3268
2.806707942177371e-01	-1.104296621839334e+00	3269
4.271908036775687e-01	-1.137574811695961e+00	3270
1.025452960318029e+00	-1.273774630008103e-02	3271
-2.008312086629894e-01	6.741669362776823e-01	3272
-9.054395168441047e-02	-8.677220385698072e-01	3273
1.019803340244446e+00	1.088291832972885e-02	3274
1.020269400526820e+00	-1.018388523409051e-02	3275
1.847996144606703e-01	1.045653245142555e+00	3276
1.016896892869681e+00	-6.762973798576507e-03	3277
-1.608668671876647e-01	3.627476166713301e-02	3278
-1.959206626398816e-01	-5.215563162274572e-02	3279
-2.847516826622329e-01	3.282192118497996e-01	3280
1.028498537409063e+00	1.660023297507742e-02	3281
-2.372955664309633e-01	-7.765960136820239e-02	3282
1.064608669241620e+00	4.442871092612107e-02	3283
-2.709709329054479e-01	-1.672342262307203e-01	3284
-2.654856116379460e-01	1.742786381905058e-01	3285
3.007365633471774e-01	1.090742131244670e+00	3286
-2.583471531918572e-01	-5.755701067444907e-01	3287
1.182066165109708e+00	1.427377375854175e-01	3288
1.184046624779979e+00	-7.686030880788676e-01	3289
5.662262301485826e-01	1.131993929035168e+00	3290
-2.808891064000369e-01	-2.064473409349642e-01	3291
1.127470215261583e+00	8.404932358224117e-02	3292
1.631088466760737e-01	-1.057979279826320e+00	3293
-2.341917548609214e-01	-6.421110652881938e-01	3294
1.097330104145672e+00	-5.932759933144791e-02	3295
9.917371150765556e-01	-1.013722947583619e+00	3296
-1.923396298882814e-02	9.092131903356968e-01	3297
1.241678191848146e+00	-6.064749342130377e-01	3298
1.034871883409720e+00	2.098048283216709e-02	3299
-1.586185964712106e-01	7.482513140896589e-01	3300
1.077923656249433e+00	5.607857122441606e-02	3301
1.016592413158397e+00	7.344526284939514e-03	3302
1.024275192413953e+00	1.422225363647195e-02	3303
1.030946535192879e+00	-1.632760306354893e-02	3304
1.027904556849347e+00	-1.444475025959693e-02	3305
-2.829938926334855e-01	3.781777454672636e-01	3306
7.513376609776405e-01	-1.125877492235535e+00	3307
1.014423751477173e+00	-4.245462664331630e-03	3308
1.047204718271818e+00	-2.230327520374097e-02	3309
-2.941821188718925e-01	-2.927710974970732e-01	3310
-2.530177402914975e-01	5.457070511053190e-01	3311
1.255300220630897e+00	-5.412850096033515e-01	3312
1.264084948128051e+00	-4.697514468340783e-01	3313
1.079890211905478e+00	-5.335991535293868e-02	3314
-2.963493400038732e-01	-3.400613392475171e-01	3315
1.216921263694662e+00	-6.875625260585302e-01	3316
8.899049238366288e-01	-1.077533037951513e+00	3317
1.012491148206284e+00	2.165003151256305e-03	3318
6.321649126791887e-02	-1.000076528691754e+00	3319
-1.339221879180050e-01	1.731360044159734e-02	3320
7.657708732757570e-02	9.830468823745612e-01	3321
-2.886471820797123e-01	-4.534498044642275e-01	3322
-2.683751932468663e-01	4.873893629134532e-01	3323
-2.772359325441958e-01	-5.116404196097240e-01	3324
1.046096871832829e+00	2.389174673464374e-02	3325
1.051362880577327e+00	2.814684206869500e-02	3326
1.008402134768771e+00	-9.039339655173997e-04	3327
1.263995651113330e+00	-3.896480074105532e-01	3328
-2.773847146920176e-01	4.308437350980934e-01	3329
1.098320692105635e+00	6.505484496046934e-02	3330
1.133327894188613e+00	-8.551855864223619e-01	3331
-1.475173816085318e-01	-5.736427776774519e-03	3332
1.014233336724779e+00	4.738452178619972e-03	3333
-1.655565026865190e-01	-2.184515450030764e-02	3334
-1.924204574382932e-01	5.462256827554249e-02	3335
-2.558912036908371e-01	1.414199410651268e-01	3336
1.041686286226573e+00	-1.838323047831186e-02	3337
1.007521370402358e+00	1.987932720245496e-04	3338
1.008360983148692e+00	1.176534360750190e-03	3339
1.009115109014320e+00	1.880764511710348e-03	3340
-2.603098323053277e-01	-1.352847245335702e-01	3341
-2.494848788793828e-01	-1.054520390579134e-01	3342
-2.452358756959220e-01	1.091081122796472e-01	3343
-2.332504334173175e-01	7.997834496133638e-02	3344
1.200210602492824e+00	1.801597571563475e-01	3345
1.194010343470708e+00	-1.480690712298982e-01	3346
1.211929983731649e+00	-1.854542583624474e-01	3347
1.217699947760507e+00	2.252869145722869e-01	3348
1.255123044390110e+00	-3.280860351779182e-01	3349
1.229159395415736e+00	-2.316162558289119e-01	3350
1.233747492389028e+00	2.792314272527600e-01	3351
1.243989153244875e+00	-2.829954536794212e-01	3352
1.245112335225349e+00	3.403325917612435e-01	3353
1.250763761239962e+00	4.058520220503137e-01	3354
1.249652351548378e+00	4.745560372990545e-01	3355
1.239816129172845e+00	5.491492101845483e-01	3356
1.222378579319567e+00	6.260923102291409e-01	3357
1.192315705955072e+00	7.094955843753319e-01	3358
1.151010219085859e+00	7.955269245054853e-01	3359
-2.795603094255072e-01	2.471760449678430e-01	3360
-2.840753361876666e-01	2.863470005903793e-01	3361
1.085361436018837e+00	8.974160278818265e-01	3362
9.874107903322418e-01	9.885287578629706e-01	3363
8.599750284852400e-01	1.065050999646593e+00	3364
7.126780263293676e-01	1.115105702283877e+00	3365
1.176976059470103e+00	-1.177860372247906e-01	3366
1.125756660873187e+00	-7.268988854694620e-02	3367
1.160235049905209e+00	-9.275320288566524e-02	3368
1.163724302203443e+00	1.100116396511163e-01	3369
-1.978723601612460e-01	-7.171234838339640e-01	3370
-1.511034415146633e-01	-7.905122511358057e-01	3371
5.018313224520942e-01	-1.279799805436468e+00	3372
-1.319131393157891e-01	9.406120402169107e-01	3373
-3.516683320741319e-01	-3.668722384151160e-01	3374
1.058568419050339e+00	3.410997168312248e-02	3375
1.052557141342632e+00	-2.743061478142403e-02	3376
-4.816327269218670e-02	-1.058691207140186e+00	3377
5.221402890124553e-02	-1.133884034563049e+00	3378
1.187483853322671e+00	-9.568320031592792e-01	3379
1.009583873753231e+00	-1.154731711590115e+00	3380
-2.044251116088747e-01	8.474808047650046e-01	3381
1.010381359958406e+00	1.139828560172191e-03	3382
-1.537137432522633e-01	1.874562510837843e-02	3383
1.240645603157373e+00	1.906090606341585e-01	3384
3.342093344457368e-01	1.236998144105777e+00	3385
-1.986285222338688e-01	-8.898319606173005e-01	3386
7.113227206539023e-02	1.119781436053812e+00	3387
1.075363851358510e+00	4.797755760001676e-02	3388
1.114980941680727e+00	-5.700363921920278e-02	3389
6.873810290425759e-01	-1.274308604858057e+00	3390
1.028207778131097e+00	1.220460076238171e-02	3391
-2.551541890769427e-01	7.550382929937905e-01	3392
1.014200229826983e+00	-2.453094425119764e-03	3393
1.036700169272800e+00	-1.440732536764936e-02	3394
1.280801401240539e+00	-7.602271440391105e-01	3395
-3.519926825981207e-01	-4.301443726062729e-01	3396
1.112568866276347e+00	-1.064182345975685e+00	3397
1.016590884857925e+00	-4.839792872194884e-03	3398
-3.128591233639014e-01	6.008025271098951e-01	3399
1.010421148511189e+00	-7.905482073925906e-04	3400
-3.193794528079270e-01	2.215430418913636e-01	3401
1.090722865963816e+00	5.540999484484895e-02	3402
-1.852403530391122e-01	-2.521335238432737e-02	3403
1.016370162639745e+00	5.416399643448987e-03	3404
-2.239502888973713e-01	-5.165959989448535e-02	3405
1.230520677135107e+00	-1.533728016482282e-01	3406
4.892954703578730e-01	1.265081372511693e+00	3407
6.566107207512455e-01	1.261777216997943e+00	3408
1.117501067717567e+00	6.642871262087020e-02	3409
-1.299094731629067e-01	-9.780880379394211e-01	3410
-3.385859069148735e-01	4.109869621794450e-01	3411
-3.274666819146067e-01	-2.187550787611391e-01	3412
-2.886091671376049e-01	6.746235147174295e-01	3413
1.063832271145976e+00	-3.315046467157332e-02	3414
1.012531827761500e+00	2.141289610530652e-04	3415
1.745600002638711e-01	-1.201067657338031e+00	3416
3.241611731843274e-01	-1.251758081977927e+00	3417
1.024206511395737e+00	-8.706405597088140e-03	3418
1.019799345165726e+00	-7.142417563120047e-03	3419
1.972055337474806e-01	1.188768948371719e+00	3420
-3.383957338076676e-01	3.553227145333358e-01	3421
-2.206536000636402e-01	5.404761250618592e-02	3422
1.240136068792104e+00	-8.591409853233916e-01	3423
-3.143502424976250e-01	-1.769751437257595e-01	3424
-3.089980226534439e-01	1.837878561829510e-01	3425
1.151928438100634e+00	8.691052745586877e-02	3426
-3.184850607297299e-01	-6.347864661568208e-01	3427
-3.941625145670342e-02	1.036372089132667e+00	3428
1.304599903498581e+00	-6.696244236756596e-01	3429
1.019470974505417e+00	7.839381401373958e-03	3430
1.031523635546989e+00	-1.198115412763641e-02	3431
1.028757032398657e+00	-1.059629320133958e-02	3432
1.041127857029007e+00	1.976237587564823e-02	3433
1.047817589661157e+00	-1.556846304129805e-02	3434
1.319052106797155e+00	-5.883215065755270e-01	3435
1.324667148194641e+00	-5.132176449854354e-01	3436
1.077039796441992e+00	-4.545304735034398e-02	3437
-3.385138673501391e-01	-2.646867764324880e-01	3438
-3.348766487922215e-01	3.065745363843461e-01	3439
8.658115786228731e-01	-1.230597086556369e+00	3440
1.014086080382157e+00	2.942257963891691e-03	3441
-3.374751940503678e-01	-5.639717924286989e-01	3442
-3.268794057968369e-01	5.343651979966072e-01	3443
-3.473100448062555e-01	-4.949516522078360e-01	3444
1.052895568800235e+00	2.090586401805204e-02	3445
1.321890556670967e+00	-4.293104721266878e-01	3446
-3.357660350311331e-01	4.695016302884714e-01	3447
-1.692846617360372e-01	7.823415226661031e-04	3448
-1.846472474032332e-01	3.585391934791483e-02	3449
-2.965838047845127e-01	1.473429755007678e-01	3450
-2.724682224941873e-01	-7.873384966792295e-02	3451
1.009422357845396e+00	2.088577205920599e-04	3452
-3.005355814581386e-01	-1.394884229822932e-01	3453
-2.832902829093891e-01	1.143796719606606e-01	3454
-2.869022569484058e-01	-1.086780676531425e-01	3455
-2.688168952248416e-01	8.226542034931097e-02	3456
1.217651704714986e+00	1.487549252596167e-01	3457
1.253356249756084e+00	-1.960801097790479e-01	3458
1.263655061705955e+00	2.411497367019646e-01	3459
1.293864788133936e+00	-2.943702192893767e-01	3460
1.275458777540575e+00	-2.458473132662569e-01	3461
1.284022993300106e+00	3.016393133910832e-01	3462
1.310179871062126e+00	-3.512596627366530e-01	3463
1.299803918733720e+00	3.687516940931011e-01	3464
1.309062317414954e+00	4.412606923431672e-01	3465
1.309792243952497e+00	5.205022076008181e-01	3466
1.302365059487218e+00	6.038191865698093e-01	3467
1.282984616213360e+00	6.950539949036544e-01	3468
1.251777904059782e+00	7.909407183903279e-01	3469
-3.285677547499288e-01	2.614871627938080e-01	3470
-3.462379101614577e-01	-3.138987886266762e-01	3471
1.201014851933190e+00	8.997550932236176e-01	3472
1.116753491195756e+00	1.028749670535516e+00	3473
9.901454501659288e-01	1.136105094111898e+00	3474
8.311896520060095e-01	1.218961833220267e+00	3475
1.208557404381339e+00	-1.198109613971250e-01	3476
1.148003175871069e+00	-7.264818254946900e-02	3477
1.187910629495339e+00	-9.223496012768310e-02	3478
1.194902034212336e+00	1.141897651492165e-01	3479
-2.917118541613788e-01	-7.159734836393670e-01	3480
-2.508150137240672e-01	-8.021875160412826e-01	3481
3.893301399847069e-01	-1.415430438275630e+00	3482
1.047202517256259e+00	1.704494363530414e-02	3483
-4.137938563657284e-01	-3.979850043243429e-01	3484
1.006339710038652e+00	-1.322004910191214e+00	3485
-4.030531702463833e-01	4.437334015611619e-01	3486
1.014210499936900e+00	-5.877532334944370e-04	3487
1.135156922314946e+00	-5.552317728006037e-02	3488
2.185779612416605e-01	1.350609862550891e+00	3489
5.772558003783412e-01	1.417837499773237e+00	3490
3.861106209322593e-01	1.400121246458219e+00	3491
1.180093420152468e+00	8.852385905177249e-02	3492
1.061608491959423e+00	-2.344797203964087e-02	3493
-3.548141994184898e-01	7.500454071156958e-01	3494
-3.125934602847009e-01	-8.980202266365009e-01	3495
1.071129466192671e+00	3.597325960914587e-02	3496
5.991966384746732e-01	-1.431665214572972e+00	3497
1.246274575374492e+00	-1.076966321579287e+00	3498
1.024685433129428e+00	1.018795029305752e-02	3499
1.032386588700728e+00	1.412605353604774e-02	3500
1.307989008771436e+00	-9.582158353833847e-01	3501
-3.577459573496531e-01	1.907208140708095e-01	3502
1.139682613798812e+00	6.711046255260436e-02	3503
-3.931139137776937e-01	3.270378900229054e-01	3504
1.022956928892913e+00	-5.205651395609794e-03	3505
1.035956734295693e+00	-9.219215578867762e-03	3506
-3.259698486538343e-01	1.162791256775146e-01	3507
-3.951334320730042e-01	5.839200111816448e-01	3508
1.054172153639635e+00	-1.980271441264624e-02	3509
-3.715120655369176e-01	2.306750263738258e-01	3510
1.104995782130358e+00	5.205521354981160e-02	3511
-1.959481947830736e-01	-7.918878986346712e-04	3512
-3.635507831847279e-01	-1.843208918994154e-01	3513
1.037062631097594e+00	1.552706139326855e-02	3514
-2.120310880060809e-01	-2.806149586898046e-02	3515
1.287657445039079e+00	1.999069676674610e-01	3516
7.816572460560317e-01	1.389691976535139e+00	3517
-4.153694396905063e-01	-5.396142917858099e-01	3518
1.088916257159972e+00	-4.564366777406293e-02	3519
-4.172520968989399e-01	-4.672239433798558e-01	3520
-1.689990734546438e-01	1.070574243275252e+00	3521
-2.561745152197134e-01	-4.909458552073170e-02	3522
1.104336800938090e+00	-4.481326516408009e-02	3523
1.042424126145750e+00	-1.218361138516479e-02	3524
-7.548240500502955e-02	-1.199461736153583e+00	3525
-2.537469363552204e-01	9.618275729508660e-01	3526
-4.015531860024801e-01	5.119208834153496e-01	3527
-1.727412750025478e-01	-1.102995390804467e+00	3528
6.936240046446372e-02	1.275367926912174e+00	3529
-3.159699595847151e-01	8.495236312017034e-01	3530
1.016160880450839e+00	3.674037017929295e-03	3531
1.351088150430611e+00	-8.464728784794650e-01	3532
1.149912156150360e+00	-1.209806358612425e+00	3533
1.016306601196522e+00	-3.103569055031559e-03	3534
-3.800848937489858e-01	6.643112437317142e-01	3535
1.018828011431670e+00	6.107964056403749e-03	3536
1.244780678100304e+00	-1.198869641842409e-01	3537
-2.523383444210978e-01	-1.002231287274021e+00	3538
-3.943953292193126e-01	-2.809603547916635e-01	3539
4.718595485520134e-02	-1.287705730755160e+00	3540
2.025439589260102e-01	-1.364331229564104e+00	3541
1.019080300765860e+00	-5.434331318341180e-03	3542
-3.992766929045712e-01	3.831660493807565e-01	3543
-4.047419991991764e-01	-6.197676065686698e-01	3544
-6.038591344392974e-02	1.181128485553804e+00	3545
1.378836256867761e+00	-7.371317181027189e-01	3546
1.022460128873650e+00	9.048493629011249e-03	3547
1.031888598374787e+00	-7.778990395241948e-03	3548
1.027788411051211e+00	-6.477472777772509e-03	3549
1.391424279868470e+00	-6.427724713396689e-01	3550
1.395501160903848e+00	-5.559680973586780e-01	3551
1.073922732744482e+00	-3.522386022788530e-02	3552
8.133989091053552e-01	-1.402078101468408e+00	3553
1.014175285138296e+00	1.080583466386167e-03	3554
1.059464738437984e+00	2.568360434494155e-02	3555
1.389304575200504e+00	-4.687478548775355e-01	3556
-2.114624354031901e-01	3.554867481136378e-02	3557
-1.764159591748762e-01	2.132110011523852e-02	3558
-3.425717154947546e-01	1.520127685001187e-01	3559
-3.462554592560138e-01	-1.438033817977502e-01	3560
-2.535489624525940e-01	5.213372635203703e-02	3561
-3.287281629166014e-01	-1.084967658658998e-01	3562
-3.088157844018849e-01	8.344469463854642e-02	3563
-3.117610160443078e-01	-7.819578941409892e-02	3564
1.258479833434389e+00	1.537475844494847e-01	3565
1.272414643169096e+00	-1.582171767206628e-01	3566
1.326956026220089e+00	-2.538177706135473e-01	3567
1.301002887204812e+00	-2.044646050089242e-01	3568
1.316399046127609e+00	2.572413455788880e-01	3569
1.351269772120319e+00	-3.084006784250058e-01	3570
1.342449383780633e+00	3.234743271567193e-01	3571
1.373221388855625e+00	-3.813680023354989e-01	3572
1.363150251077345e+00	3.976457849907074e-01	3573
1.375884388071665e+00	4.803702980143900e-01	3574
1.380247953696208e+00	5.688515694505558e-01	3575
1.373157856715695e+00	6.665731155848771e-01	3576
1.354263320456752e+00	7.712865446263973e-01	3577
-3.835684438307922e-01	2.768842975627335e-01	3578
-3.803833242033912e-01	-2.301503014804750e-01	3579
-4.059817321510201e-01	-3.343367390281707e-01	3580
1.318095814620081e+00	8.881131235633081e-01	3581
1.252536739636522e+00	1.025370528392500e+00	3582
1.134155089951736e+00	1.176968083064168e+00	3583
9.788615604787849e-01	1.306634249606073e+00	3584
1.172659093127232e+00	-7.119963958137206e-02	3585
1.219158423875913e+00	-9.020555962289008e-02	3586
1.230464540657769e+00	1.157283259489309e-01	3587
-3.873100631825949e-01	-7.022033070074921e-01	3588
-3.556485912590249e-01	-7.988520961724556e-01	3589
1.042414473934625e+00	1.372184944017169e-02	3590
1.016093800790301e+00	2.103526323444183e-03	3591
7.493187921426736e-02	1.452818690453143e+00	3592
1.085462508142868e+00	4.009303261774593e-02	3593
1.173153006974027e+00	-1.386674426920499e+00	3594
1.026173269151506e+00	-2.754814059154651e-03	3595
4.810915918444028e-01	-1.593537537760712e+00	3596
-3.974506615917582e-01	-1.457718471165064e-01	3597
-2.907835007152392e-01	4.782207645669730e-02	3598
-3.533203302936301e-01	8.101235206768879e-02	3599
1.122116272693221e+00	-4.115702744541513e-02	3600
1.164929604202992e+00	6.672548745321685e-02	3601
7.041071398990905e-01	1.574066774113478e+00	3602
-2.087146937090905e-01	1.219913360418682e+00	3603
-4.693494166989891e-01	4.094725913189237e-01	3604
2.524601172541029e-01	-1.548516631016772e+00	3605
-4.568361395867896e-01	7.341052767847501e-01	3606
-4.924795674633105e-01	-5.051765476062734e-01	3607
1.157655910368095e+00	-5.259438316598759e-02	3608
-3.125144297966662e-01	-1.131302954494488e+00	3609
9.740232609855147e-01	-1.515779065964622e+00	3610
-4.853249922798827e-01	-4.289096577104859e-01	3611
-3.738888547241863e-01	1.157178199407527e-01	3612
1.070767895579142e+00	-2.598576137662947e-02	3613
-3.825639157074982e-01	-1.007678211082055e+00	3614
1.067191131436505e+00	3.073069406973624e-02	3615
-2.420083493308515e-01	-2.778661962923896e-02	3616
-4.738571688339060e-01	-3.581170262741994e-01	3617
1.286253220130333e+00	-1.188919098277615e-01	3618
1.305543456120389e+00	1.565115685887540e-01	3619
1.353768853195211e+00	-2.079527230825870e-01	3620
1.211710795587838e+00	8.840343805984921e-02	3621
1.377383796905181e+00	2.716876816330890e-01	3622
9.456763857656760e-01	1.501323803801641e+00	3623
1.053677040360141e+00	1.367336535946920e-02	3624
-4.763169068156964e-01	4.797867583268021e-01	3625
2.570238329083860e-01	1.533377523799132e+00	3626
4.672789074578116e-01	1.578719491725689e+00	3627
1.306272178005054e+00	-1.221065733018984e+00	3628
1.384885752231591e+00	-1.072974021918472e+00	3629
-3.938239692078780e-01	1.542605431231272e-01	3630
1.095036033543352e+00	4.167037477189131e-02	3631
-4.726769155094389e-01	6.405385792827705e-01	3632
1.061061738845173e+00	-1.507938579733438e-02	3633
1.054553543738147e+00	-1.231043089625455e-02	3634
1.125872231582242e+00	4.999891021259546e-02	3635
-2.251518893435369e-01	4.829377803332130e-03	3636
-4.124941996830591e-01	1.942785156691876e-01	3637
-4.191785365874727e-01	-1.897318088182556e-01	3638
1.036028692844389e+00	1.054009863074331e-02	3639
1.085407640818104e+00	-3.733914713402706e-02	3640
-4.300700019357138e-01	8.375745663787578e-01	3641
-2.415906634743311e-01	3.190970059132129e-02	3642
1.048131932847486e+00	-9.051090025468295e-03	3643
1.041197136315155e+00	-6.281846535247485e-03	3644
-2.190986031941992e-01	-1.246656284476077e+00	3645
-3.065674737088569e-01	1.091596128858713e+00	3646
-4.777963087514253e-01	5.554174243653809e-01	3647
-3.824831485677248e-01	9.608140071736111e-01	3648
1.018522734590501e+00	4.271890585317338e-03	3649
1.432760125732424e+00	-9.416594523915046e-01	3650
1.016172045666160e+00	-1.534539393566793e-03	3651
-4.397732397460941e-01	-2.409528776472120e-01	3652
-4.460683685878381e-01	2.911177254455264e-01	3653
-9.954906725571247e-02	-1.361976928601667e+00	3654
5.579313206687443e-02	-1.465704908030429e+00	3655
1.018695564363470e+00	-3.607874887786004e-03	3656
-4.916291673198639e-01	-5.902982792115912e-01	3657
-4.310199918570441e-01	-8.902113990801608e-01	3658
-7.996181416193510e-02	1.346658166154957e+00	3659
1.462730316479286e+00	-8.161521378568883e-01	3660
1.035328392039206e+00	-4.491907312632008e-03	3661
1.031972236131684e+00	9.557464454222047e-03	3662
1.030954269485715e+00	-3.577739514045743e-03	3663
1.028202553602015e+00	8.153904456898182e-03	3664
1.475812390476311e+00	-7.016545571108221e-01	3665
1.341669755461052e+00	2.089044768364205e-01	3666
1.476231881716269e+00	-6.029207499416795e-01	3667
1.095914233264292e+00	-3.318429980504811e-02	3668
7.299494571254409e-01	-1.587488991397403e+00	3669
1.016148827241096e+00	2.849999619923515e-04	3670
1.060467904108933e+00	1.745487999067381e-02	3671
-2.004151255566537e-01	1.718481762870043e-02	3672
-3.760097943171149e-01	-1.069216187772520e-01	3673
-2.923628566304984e-01	-4.562442933638598e-02	3674
-3.551731641884371e-01	-7.372318058552543e-02	3675
1.320338699638750e+00	-1.602917080122662e-01	3676
1.385870741113307e+00	-2.599822374016021e-01	3677
1.417577779802855e+00	-3.279034558039512e-01	3678
1.409830534896281e+00	3.448142802839735e-01	3679
1.446408954770517e+00	-4.127027640254330e-01	3680
1.435735464043930e+00	4.289474324985278e-01	3681
1.467193721411708e+00	-5.066999245961205e-01	3682
1.453569246406353e+00	5.209969406813774e-01	3683
1.460434121251106e+00	6.238608952461678e-01	3684
1.455891973206267e+00	7.356183367383755e-01	3685
-4.300519756252013e-01	2.401777597057245e-01	3686
-4.580232960351465e-01	-2.949106430885397e-01	3687
-4.602241789972399e-01	3.482595901858782e-01	3688
1.435569132283886e+00	8.605010094000077e-01	3689
1.389024340093743e+00	1.006266084604357e+00	3690
1.294863006577285e+00	1.180135745124773e+00	3691
1.167424997807044e+00	1.373876530890404e+00	3692
1.200473285738293e+00	-6.707594726415059e-02	3693
1.254508024932491e+00	-8.539422060523501e-02	3694
1.270975868723709e+00	1.154066885861201e-01	3695
-4.836020767213364e-01	-6.792614694845307e-01	3696
-4.642536309953031e-01	-7.806631629111642e-01	3697
1.022775806155700e+00	-1.637677874488340e-03	3698
-5.454590052446848e-01	8.129092803820827e-01	3699
1.247840680940378e+00	8.517607296117430e-02	3700
-2.561800840482479e-01	3.711837800139698e-03	3701
-5.171134119356670e-01	3.040376892575923e-01	3702
1.169417997574896e+00	-1.598077168378804e+00	3703
1.142314477665348e+00	-3.706048260380777e-02	3704
8.519352748302286e-02	-1.670467544604808e+00	3705
-4.036502199712640e-01	-6.634441601351335e-02	3706
-9.477992147686100e-02	1.536678968108389e+00	3707
1.067870093116586e+00	2.191498006779266e-02	3708
-2.739257109899612e-01	2.629847423177174e-02	3709
-3.668310965929625e-01	1.240399550357793e+00	3710
1.193521798145254e+00	6.453550398179636e-02	3711
1.413205784190899e+00	-2.068826480638946e-01	3712
6.101788215238230e-01	-1.781018101553525e+00	3713
-4.742014615004415e-01	1.970619990770150e-01	3714
-5.597127978968054e-01	5.163433712161632e-01	3715
-5.601804998176388e-01	7.039892994711932e-01	3716
-5.799799433391791e-01	-6.428944194061916e-01	3717
5.907107481031042e-01	1.766906955391733e+00	3718
3.308989883826760e-01	-1.752893933657676e+00	3719
-5.770911738881046e-01	-5.483862605885454e-01	3720
-5.507538547892263e-01	-3.818005699895560e-01	3721
-5.139031658594856e-01	9.416676012432735e-01	3722
1.018359202623116e+00	-6.002287691374204e-04	3723
1.035021059922502e+00	5.900981214937485e-03	3724
1.033961421129474e+00	-5.113588087631515e-05	3725
1.029146185442283e+00	2.846973801023859e-04	3726
1.446940024647793e+00	2.847920113219131e-01	3727
-5.349446838732973e-01	3.685998385198029e-01	3728
1.333400120152263e+00	-1.145289354444884e-01	3729
-4.614333968083925e-01	-1.133685212539667e+00	3730
1.144786302916746e+00	1.589733420952071e+00	3731
8.802938811556844e-01	1.718308846216155e+00	3732
1.109555181219304e+00	3.779959312325988e-02	3733
-5.672181986205643e-01	-4.594840812538644e-01	3734
1.021408180099239e+00	-3.996642717476278e-03	3735
9.548056837316507e-02	1.655793288713612e+00	3736
1.069310634379282e+00	-1.878096412517068e-02	3737
-4.508408838789740e-01	1.520715271157264e-01	3738
-3.310366026176200e-01	4.641723214596059e-02	3739
-3.327854209589238e-01	-3.966356393992671e-02	3740
-2.743180082155755e-01	-2.163600102965873e-02	3741
-2.495937745179608e-01	1.392013552914777e+00	3742
-5.491763563589064e-01	4.373720340478686e-01	3743
-4.549739357434572e-01	-1.445483575057296e-01	3744
1.182301118138362e+00	-4.792116523671244e-02	3745
-5.173066921175119e-01	-9.942190478477076e-01	3746
9.055089365468647e-01	-1.732745269721943e+00	3747
-4.272234300414143e-01	1.125457998559950e-01	3748
1.047883010949381e+00	1.035683985370641e-02	3749
1.110527654299490e+00	-3.144742581716258e-02	3750
1.060534639471081e+00	9.411582193557788e-03	3751
3.243929868994667e-01	1.737544154828231e+00	3752
1.357968285297544e+00	-1.398049454483025e+00	3753
1.467761115955850e+00	-1.211177301286337e+00	3754
1.149222551772578e+00	4.803223431983913e-02	3755
1.060558353287724e+00	-7.162931774148252e-03	3756
1.081422241567264e+00	-2.694957991258928e-02	3757
1.054169356119397e+00	-5.069146500680511e-03	3758
1.041438601686690e+00	7.732325804742092e-03	3759
1.046670434691771e+00	-2.588330986956669e-03	3760
-3.772497375605191e-01	-1.278972434250065e+00	3761
-5.648550577146602e-01	6.038258250927285e-01	3762
-4.564138019172129e-01	1.092250888204652e+00	3763
1.021214204684288e+00	4.766873561443587e-03	3764
1.526929445589289e+00	-1.049815672315832e+00	3765
-5.068001056259747e-01	-2.481791601792940e-01	3766
-2.654385156071447e-01	-1.413952627526319e+00	3767
-1.139281474965604e-01	-1.551343722627316e+00	3768
1.558673029214796e+00	-9.049099111526889e-01	3769
1.039615211488822e+00	-9.004561603314455e-04	3770
1.031436322343370e+00	5.267294770282924e-03	3771
1.572273339756495e+00	-7.702279250880339e-01	3772
1.569878502073615e+00	-6.523040565305924e-01	3773
1.018319668843423e+00	1.256291779577011e-03	3774
-4.028275352877421e-01	7.506751405671495e-02	3775
-4.288535134449143e-01	-1.029983789405702e-01	3776
1.373513446674523e+00	-1.582637340790148e-01	3777
1.359589433119517e+00	1.581280306301740e-01	3778
1.453959366145257e+00	-2.692171282260558e-01	3779
1.403839231342058e+00	2.153162403746789e-01	3780
1.494684016961747e+00	-3.486065474698732e-01	3781
1.487008909774083e+00	3.672725542195273e-01	3782
1.530561112945876e+00	-4.430079282509434e-01	3783
1.519660580460028e+00	4.605814210954809e-01	3784
1.555765396909146e+00	-5.465581577179746e-01	3785
1.542175832441148e+00	5.668480560305639e-01	3786
1.553828217025262e+00	6.837152072719827e-01	3787
-4.962116742531422e-01	2.474936679383338e-01	3788
-4.819140739090247e-01	-1.941131441195776e-01	3789
-5.304766232702743e-01	-3.101616906435887e-01	3790
1.551107726536388e+00	8.152766955532956e-01	3791
1.524775738051340e+00	9.693276784846254e-01	3792
1.458427841475024e+00	1.156186095525251e+00	3793
1.355543327681160e+00	1.358980883323086e+00	3794
1.231644012737840e+00	-6.086699914569974e-02	3795
1.294783099902239e+00	-7.878058004856973e-02	3796
1.317189920670600e+00	1.118677030135034e-01	3797
-5.521740975798084e-01	-8.668982862396598e-01	3798
-5.730901740220112e-01	-7.486335788020458e-01	3799
-1.109744149250935e-01	-1.772020656073154e+00	3800
1.175048274696219e+00	4.442226270477348e-02	3801
-2.888628034133073e-01	1.591142720423891e+00	3802
-4.577975119545815e-01	-5.605554305439828e-02	3803
-6.121955431142391e-01	-3.255546203634918e-01	3804
1.131477264636364e+00	3.233834636645828e-02	3805
1.164647246839746e+00	-3.118049886946469e-02	3806
-5.339833191624898e-01	1.241376077669803e+00	3807
-6.551960043037276e-01	5.550337416318816e-01	3808
-6.612492078834782e-01	7.736897190440679e-01	3809
1.025378000963670e+00	8.741386259383955e-04	3810
1.267100710392331e+00	-5.142238936158766e-02	3811
7.716836925598525e-01	1.951296652721727e+00	3812
-3.783130706943434e-01	-3.406039951622872e-02	3813
1.078811957783598e+00	2.775363382808210e-02	3814
1.127282937341893e+00	-2.452792050729934e-02	3815
1.068301894672231e+00	1.314246171173396e-02	3816
4.359434751478058e-01	1.960585649812896e+00	3817
1.052301145080753e+00	1.935012547680777e-03	3818
-6.540427524758308e-01	-9.629500550983476e-01	3819
1.439881913787279e-01	-1.902340581782964e+00	3820
1.045547935185108e+00	3.640226559679884e-03	3821
1.020334687929216e+00	2.016584239578140e-03	3822
-3.714475429924648e-01	3.561138719614314e-03	3823
-3.094770893776769e-01	1.582818752651551e-02	3824
1.527267698601204e+00	2.969570727547547e-01	3825
1.275761204194007e+00	1.528163349725115e+00	3826
1.209736565682313e+00	-4.013343026324829e-02	3827
-6.744274099693630e-01	-5.925029245898926e-01	3828
-6.151127423296004e-01	-1.114001611151722e+00	3829
-6.457114270358731e-01	9.065010470834294e-01	3830
1.481612750009880e+00	-2.062885695112620e-01	3831
-6.740546809674223e-01	-8.272466838701831e-01	3832
1.129553120612451e+00	-1.844367770589479e+00	3833
-9.804465838807742e-02	1.755985877932979e+00	3834
1.099163565998504e+00	2.786828601264239e-02	3835
-4.319582249783396e-01	1.413395505795970e+00	3836
1.225313636064205e+00	6.016596693458116e-02	3837
4.495357813635331e-01	-1.975281272413990e+00	3838
-6.601382496681855e-01	-4.939762108347432e-01	3839
-6.078741490176305e-01	1.064828743513077e+00	3840
1.024702199669665e+00	6.069848454578337e-03	3841
1.027463217292685e+00	4.076382072486757e-03	3842
1.288615768514738e+00	7.944143522091993e-02	3843
1.385884763833246e+00	-1.063397286237543e-01	3844
-6.808989572563369e-01	-7.023371301691410e-01	3845
1.101436175545235e+00	1.834981060736174e+00	3846
-6.393230860488820e-01	4.658514629041536e-01	3847
1.020601842618589e+00	-4.518805691498868e-04	3848
1.435748438203666e-01	1.886589114012562e+00	3849
1.068476672141869e+00	-1.014054224975288e-02	3850
-3.753062818023638e-01	3.811548532370894e-02	3851
-3.004814987236723e-01	-9.069256522115366e-03	3852
-6.384186510371347e-01	-4.036139863817126e-01	3853
-6.200530793298984e-01	3.871010516408321e-01	3854
-5.148231736958830e-01	1.474772316102217e-01	3855
-5.198417380152495e-01	-1.412603504480771e-01	3856
7.921500015443961e-01	-1.965842890170484e+00	3857
-4.860897312518497e-01	1.042088062829156e-01	3858
-4.578684902063139e-01	6.586761063298269e-02	3859
1.101703847185982e+00	-2.010534723018675e-02	3860
1.092947350733186e+00	-2.000818155944901e-02	3861
1.053776940283804e+00	6.247777718283172e-03	3862
1.391543696287562e+00	-1.617718531700571e+00	3863
1.548461980107835e+00	-1.383509548255931e+00	3864
1.078936358509639e+00	-2.061625595953012e-02	3865
1.059494269521889e+00	4.593301834396440e-04	3866
-5.477294796694185e-01	-1.280397725232673e+00	3867
-6.635390435571046e-01	6.590914865004537e-01	3868
1.631835737465618e+00	-1.179178914416421e+00	3869
-5.517801280595959e-01	-1.945735810748318e-01	3870
-5.707781956137356e-01	2.522306327840712e-01	3871
-4.444173837435303e-01	-1.448152604370547e+00	3872
-3.062552174299523e-01	-1.610820900344390e+00	3873
1.669610406684534e+00	-1.004608936868075e+00	3874
1.682165741570506e+00	-8.488806311031400e-01	3875
1.677457083246763e+00	-7.086758335998005e-01	3876
-4.877248707653563e-01	-9.486823058518686e-02	3877
1.474538504752795e+00	2.197995102802741e-01	3878
1.533071846097421e+00	-2.783752883841976e-01	3879
1.421495381341632e+00	1.562086104374506e-01	3880
1.432563353122784e+00	-1.502229318636143e-01	3881
1.583387337706172e+00	-3.684968886238534e-01	3882
1.575859536919176e+00	3.887241583896928e-01	3883
1.626157230367017e+00	-4.741894571956231e-01	3884
1.615490326469661e+00	4.959287845021966e-01	3885
1.657862007931120e+00	-5.863522338107870e-01	3886
1.645054569245643e+00	6.157224047414853e-01	3887
-5.432237401298369e-01	1.970602388789017e-01	3888
-5.828300018056373e-01	-2.544790311153265e-01	3889
-5.969582038056687e-01	3.169174335787530e-01	3890
1.661700668813971e+00	7.518541142202131e-01	3891
1.657355838675208e+00	9.127717977776021e-01	3892
1.619845537984105e+00	1.108300864737053e+00	3893
1.543261798537056e+00	1.326845284295062e+00	3894
1.340192937581734e+00	-6.815597758975799e-02	3895
1.370107483902241e+00	1.061933491817615e-01	3896
-4.993877319166539e-01	1.615773159599394e+00	3897
-7.639077980077815e-01	5.991212856444921e-01	3898
1.076845662934309e+00	1.791725513195442e-02	3899
-7.589433735102641e-01	1.018116032550798e+00	3900
1.113458855427589e+00	2.337564051146877e-02	3901
-4.233563210175422e-01	-1.458614825968861e-02	3902
1.263749679644131e+00	-1.782581977564625e+00	3903
1.203736035057281e+00	3.846410097976889e-02	3904
1.288929273486013e+00	1.724294498070611e+00	3905
1.023300530706243e+00	1.517350807482836e-03	3906
1.560805086901303e+00	-2.037408356876093e-01	3907
1.261294537797532e+00	5.202827782989898e-02	3908
-3.342485348094270e-01	-1.843243572543273e+00	3909
1.147040678969802e+00	-1.763040132477644e-02	3910
-7.125404756214676e-01	1.213408307487501e+00	3911
1.038996789451565e+00	-2.121290755909635e+00	3912
2.352524590925244e-01	2.144641053086072e+00	3913
-5.169427424058927e-01	-4.133842997600077e-02	3914
1.800128651068868e+00	-7.742763108409260e-01	3915
-6.870392932698531e-01	3.263898568912467e-01	3916
1.619470849791625e+00	3.071038883724302e-01	3917
-7.857062997101520e-01	-6.408475993115355e-01	3918
1.116494608090597e+00	-1.770910382090230e-02	3919
1.795432699865672e+00	-1.122615808184299e+00	3920
-7.765777628753560e-01	8.551598588203438e-01	3921
-4.247269399894046e-01	2.555979404287812e-02	3922
-6.546104816394575e-01	2.561137442310460e-01	3923
2.439139550708734e-01	-2.159969815534394e+00	3924
1.335463200680357e+00	6.974680024528809e-02	3925
1.499970948773589e+00	-1.403480899384411e-01	3926
-5.861711064632035e-01	1.396182288060165e-01	3927
1.473698043734500e+00	1.511384553414373e+00	3928
1.240409024022806e+00	-2.978972645418064e-02	3929
1.491915752989972e+00	1.516639750052562e-01	3930
-3.207647640437944e-01	1.823041278729968e+00	3931
-7.654381158851388e-01	-5.288287420988922e-01	3932
1.155745853342104e+00	2.741685233454295e-02	3933
-6.231272220179831e-01	1.411739923017675e+00	3934
1.014048529501884e+00	2.110182353835291e+00	3935
6.115715383245933e-01	2.190209627987334e+00	3936
-7.908321551337840e-01	-9.135529885575079e-01	3937
-8.071892961419448e-02	-2.027049438402258e+00	3938
1.188819437327480e+00	-2.332841928689727e-02	3939
-7.703377491172697e-01	-1.073172264620943e+00	3940
1.306941698632862e+00	-3.933742147597874e-02	3941
-7.953637220832701e-01	-7.710538561426596e-01	3942
-7.739045040449594e-02	2.009562060318982e+00	3943
1.089123614273780e+00	1.723781754977024e-02	3944
-7.422082533185865e-01	4.939137257918030e-01	3945
1.067356754437715e+00	-1.856844640905637e-03	3946
-7.381912900943687e-01	-4.272433953546358e-01	3947
-7.176541850632611e-01	4.052311793317558e-01	3948
-7.047813400751944e-01	-3.377155276687892e-01	3949
6.273784201826687e-01	-2.204552982250996e+00	3950
-5.516335017188970e-01	9.190390036928879e-02	3951
-5.174777927140354e-01	5.151429698324514e-02	3952
1.067686673823827e+00	4.124524780194164e-03	3953
1.620331808098923e+00	-1.600443216105772e+00	3954
1.077615823979744e+00	-1.366033758359597e-02	3955
-7.239290292052150e-01	-1.254591768171615e+00	3956
-7.758987250060074e-01	7.191624896964768e-01	3957
1.740901449293544e+00	-1.342170615241260e+00	3958
-6.304081245992550e-01	-1.916717387160928e-01	3959
-6.420706585452441e-01	-1.453921957274908e+00	3960
-5.137225557137309e-01	-1.646711379393566e+00	3961
1.809169065037338e+00	-9.369730206974278e-01	3962
-5.537493079114948e-01	-8.336545203812674e-02	3963
1.624210548983312e+00	-2.861519102265885e-01	3964
1.555864950901808e+00	2.210772844352806e-01	3965
1.443537534230531e+00	-9.139798899852064e-02	3966
1.684398609471005e+00	-3.886895659939157e-01	3967
1.677416139209439e+00	4.122739219940579e-01	3968
1.735701094670803e+00	-5.033603033214937e-01	3969
1.726360669568911e+00	5.322579449289696e-01	3970
1.775147127774973e+00	-6.298614383288456e-01	3971
-6.205186247830243e-01	1.930592252595089e-01	3972
-5.920020679763820e-01	-1.341360376548401e-01	3973
-6.685101159862465e-01	-2.605394664052849e-01	3974
1.764004208264551e+00	6.703874701005682e-01	3975
1.783510007048468e+00	8.357433106165870e-01	3976
1.775733312390101e+00	1.036899275307104e+00	3977
1.729774224332615e+00	1.269607144611869e+00	3978
1.390862604908609e+00	-5.359966733941267e-02	3979
1.430350990165500e+00	9.602175102039041e-02	3980
-7.202310043952297e-01	1.611510958174180e+00	3981
-8.225215076892995e-01	1.383273305366584e+00	3982
-8.853259089369752e-01	1.152264229307971e+00	3983
-3.392837994259940e-01	-2.116610225688299e+00	3984
1.284039257756003e+00	1.999582964663022e+00	3985
1.140401137830932e+00	1.359843855876153e-02	3986
-5.643896536420245e-01	1.854142766827982e+00	3987
1.129676797121335e+00	-8.720644064141954e-03	3988
-4.777957203776622e-01	1.393725352182978e-03	3989
1.932778742815374e+00	-1.272643191112367e+00	3990
1.388459715192372e+00	5.699249386617794e-02	3991
1.215469516915232e+00	-1.184193964044251e-02	3992
-8.264221237624371e-01	4.231375288245072e-01	3993
1.181944769341326e+00	2.043451907961976e-02	3994
1.168800672048914e+00	-8.784448302881257e-03	3995
1.275081602125307e+00	-1.548268075665457e-02	3996
-7.072798172267040e-01	1.870335720641556e-01	3997
-8.857276568548912e-01	-5.647295037674083e-01	3998
3.939780657348630e-01	2.421864530966204e+00	3999
-1.574837934885336e-02	2.299877596320054e+00	4000
1.954551222844838e+00	-1.040493673621062e+00	4001
1.076157130796614e+00	-2.911252843781135e-03	4002
-1.010853472478651e-02	-2.317197684745536e+00	4003
1.502534537807441e+00	-1.813605527959869e+00	4004
-5.765839091963576e-01	-1.884007956795190e+00	4005
8.849197330847111e-01	-2.416746563399456e+00	4006
1.728428427679068e+00	-2.934379553598645e-01	4007
-5.823347092605218e-01	-2.108578514874965e-02	4008
1.652099176160361e+00	-1.986161386329841e-01	4009
1.102644833235576e+00	1.422485094701987e-02	4010
1.106988902855317e+00	-6.425048425889448e-03	4011
1.235232778670519e+00	2.982966169053449e-02	4012
1.079618353829814e+00	7.860907063329980e-03	4013
1.301888150283897e+00	4.076596255632934e-02	4014
1.129145784008763e+00	1.462374394702391e-02	4015
1.941842917346820e+00	-8.474951903561821e-01	4016
-9.124433263911232e-01	-6.967258965814656e-01	4017
1.724983343186183e+00	3.177214643997571e-01	4018
-9.077257993400071e-01	9.525227731024473e-01	4019
-8.869734170830836e-01	6.479003792800593e-01	4020
-8.507810368977546e-01	-4.513413552831348e-01	4021
1.351340368937202e+00	-2.256519341737172e-02	4022
1.508722083418799e+00	-7.280669501813598e-02	4023
-8.099716712219625e-01	-3.492976608071165e-01	4024
-7.888435577902765e-01	3.325020274897104e-01	4025
1.527331723627687e+00	1.744252988201916e+00	4026
1.649144881538568e+00	2.189040847291179e-01	4027
-3.340980886460176e-01	2.094817927412868e+00	4028
-8.594809471196894e-01	5.249725917244770e-01	4029
8.645003023047588e-01	2.404691853762522e+00	4030
-9.257837643402562e-01	-8.463352975374195e-01	4031
-9.246562667878048e-01	-1.011613978983335e+00	4032
-5.830245441297138e-01	3.080960034270201e-02	4033
4.060838564473361e-01	-2.436787435678821e+00	4034
-6.238860944541041e-01	7.602581770291955e-02	4035
-9.013670130643082e-01	-1.203053042145323e+00	4036
-9.047703144019172e-01	7.870923594411532e-01	4037
1.850481289717012e+00	-1.549829608139905e+00	4038
-7.650325489028683e-01	-2.621429930015718e-01	4039
-8.448361767032018e-01	-1.420394318235985e+00	4040
-7.399951324820748e-01	-1.658050196039839e+00	4041
-6.724899734234255e-01	-1.218804838578045e-01	4042
1.572346494416627e+00	1.420432571149204e-01	4043
1.577421072285926e+00	-1.264413600943869e-01	4044
1.679666104446554e+00	1.471019186385489e+00	4045
1.799733301562804e+00	-4.054293014212915e-01	4046
1.794469190249579e+00	4.346786477384354e-01	4047
1.861214753141478e+00	-5.331610421007997e-01	4048
-6.266149157406646e-01	-6.817720836153202e-02	4049
-6.654922177753086e-01	1.265053586995688e-01	4050
-7.193863279316626e-01	-1.873036081160795e-01	4051
-7.487359195346546e-01	2.554989505183740e-01	4052
1.854465497408541e+00	5.716941070226188e-01	4053
1.909064129200987e+00	-6.806024013623124e-01	4054
1.899501468638766e+00	7.383369014014449e-01	4055
1.922502544278131e+00	9.419263881226676e-01	4056
1.910960218806335e+00	1.184578195506613e+00	4057
1.446037029669887e+00	-3.187674296551368e-02	4058
1.498918868436338e+00	8.236790083958484e-02	4059
1.209619384071181e+00	2.332101735934502e+00	4060
1.245094557873490e+00	2.633182279160916e-03	4061
-1.055964601762198e+00	-7.591818341628782e-01	4062
-8.210699337035007e-01	1.849095172052722e+00	4063
6.410105983330522e-01	2.700198133372127e+00	4064
1.354327405005796e+00	-2.009848351226480e+00	4065
-6.174097970266793e-01	2.137293894229475e+00	4066
1.160162847207827e+00	7.162973646800868e-03	4067
1.200456239605732e+00	-2.390952200280761e+00	4068
1.313712761216825e+00	1.930225605925133e-03	4069
1.270502881892962e+00	1.677463769968079e-02	4070
1.210428646237363e+00	1.086640252699072e-02	4071
-6.269604089285179e-01	-2.172456375467662e+00	4072
1.760302635327817e+00	-1.790673169635580e+00	4073
1.448974791281797e+00	3.864646123519733e-02	4074
-1.055940239562180e+00	1.071077038353896e+00	4075
1.348256242629132e+00	2.465266898430044e-02	4076
1.145743721035335e+00	1.387807884611762e-03	4077
-9.501997942022740e-01	4.395816939229245e-01	4078
1.566744452397174e+00	2.025041569841369e+00	4079
-6.547889088545017e-01	4.068519388280027e-03	4080
-8.388609119366806e-01	-1.901482986303472e+00	4081
1.399668059938539e+00	-1.124559266500539e-03	4082
1.664319319947515e+00	1.272539354300835e-01	4083
1.846134509573018e+00	3.250878866238010e-01	4084
-9.035850887697700e-01	3.383082555828257e-01	4085
-9.481344861357655e-01	1.577707037598204e+00	4086
-1.023599407112691e+00	1.314839434767959e+00	4087
-1.027997750474948e+00	7.011100194604134e-01	4088
1.756227572557192e+00	2.154770167098219e-01	4089
2.077581962412435e+00	-1.465767721857047e+00	4090
1.666608861411261e+00	-1.083648759562863e-01	4091
1.192134699517958e+00	2.211319549688595e-03	4092
-9.286374238255739e-01	-3.609020900359892e-01	4093
-1.023031004399035e+00	-6.054845702788625e-01	4094
1.112317872644599e-01	2.627746525381045e+00	4095
2.117922544742034e+00	-1.172303339312408e+00	4096
1.086402328375755e+00	-7.054193545677962e-03	4097
-3.094351927128396e-01	-2.437787144323243e+00	4098
1.213749457853823e-01	-2.643481957793297e+00	4099
6.575989253589068e-01	-2.713037321382980e+00	4100
1.116623045979509e+00	8.728174886185861e-03	4101
1.092606144640430e+00	5.027411683383774e-03	4102
2.104892842982188e+00	-9.331273353321062e-01	4103
1.887422313498107e+00	1.399648980176011e+00	4104
1.756963036071342e+00	-1.918145522332631e-01	4105
-8.742367561905272e-01	-2.608646347287304e-01	4106
-3.149742921647901e-01	2.417519085493047e+00	4107
-9.921063844135846e-01	5.602587376771306e-01	4108
-9.788437661619509e-01	-4.738052368923000e-01	4109
-1.052078733005116e+00	8.678416946839768e-01	4110
-1.075683237646601e+00	-9.298067512999414e-01	4111
-1.076733530671232e+00	-1.127015266373649e+00	4112
-7.545033111634537e-01	1.098303526994715e-01	4113
-8.542045652116972e-01	2.497489939092715e-01	4114
-1.048455092763385e+00	-1.357064750343443e+00	4115
-9.795934113557244e-01	-1.621517836378687e+00	4116
1.582774726307702e+00	-4.822445826308348e-02	4117
1.778407737057202e+00	1.705199409867504e+00	4118
1.847232418263222e+00	-2.959576692574462e-01	4119
1.931527991807846e+00	-4.201475852460926e-01	4120
-7.071628501997823e-01	-4.571815424592572e-02	4121
-7.034666806133456e-01	5.292997937918993e-02	4122
-7.632980052389313e-01	-1.062348884070014e-01	4123
-8.187494729654601e-01	-1.779428725958801e-01	4124
-8.042677914313011e-01	1.752619769230831e-01	4125
1.929468922743684e+00	4.573915922064816e-01	4126
2.004629783639021e+00	-5.676225666722149e-01	4127
2.001345092259672e+00	6.215315959073772e-01	4128
2.063630198037607e+00	-7.364030333924286e-01	4129
2.056122313284255e+00	8.238348472398520e-01	4130
2.081792726690548e+00	1.071181257927052e+00	4131
1.507820073493503e+00	-5.160389994415309e-03	4132
1.576665010227577e+00	6.213193138878252e-02	4133
-6.493337587837056e-01	2.477311015941955e+00	4134
1.865409018640528e+00	1.992650816212732e+00	4135
2.236939519375383e+00	9.301551125948160e-01	4136
-1.219998097475749e+00	9.670034479619620e-01	4137
-1.220103970814265e+00	1.217707043863584e+00	4138
-1.189541210471962e+00	7.634446467449419e-01	4139
1.982746315090691e+00	-2.941123758547022e-01	4140
-1.178427191041160e+00	-6.524600996844369e-01	4141
-1.063014657007945e+00	-3.686510854176677e-01	4142
-1.220572479434204e+00	-8.264693531146668e-01	4143
3.352599897609050e-01	2.974372070704301e+00	4144
1.878912376295527e+00	2.068353355753919e-01	4145
1.038567699945402e+00	-2.719158418560172e+00	4146
3.490999876770217e-01	-2.988091037038733e+00	4147
1.985470753229494e+00	3.299379026877880e-01	4148
-9.730377453822150e-01	2.417791182641457e-01	4149
-9.177649732841752e-01	2.135011458164429e+00	4150
-1.113229255425924e+00	-1.863913824520457e+00	4151
-1.085081634678953e+00	1.808478695651915e+00	4152
1.629085899377954e+00	-2.035754275428721e+00	4153
-9.299206238598868e-01	-2.190886826692501e+00	4154
1.876426805551350e+00	-1.788170174652421e-01	4155
2.089723783770491e+00	1.294758290352686e+00	4156
2.084997394237731e+00	4.872400176773671e-01	4157
1.044040765125410e+00	2.691812188929383e+00	4158
1.507995214648159e+00	-2.291248284733429e+00	4159
1.405776411773676e+00	2.251198139770745e+00	4160
-9.980455286238724e-01	-2.582647544465326e-01	4161
-1.179173040330476e+00	1.502744923525829e+00	4162
2.021419432596188e+00	-1.725851088209502e+00	4163
-1.033172045493995e+00	3.403308743374608e-01	4164
-1.124895503322630e+00	-4.979256432484015e-01	4165
-1.143715073611691e+00	5.970807720782535e-01	4166
2.296162795274991e+00	-1.345686209850406e+00	4167
-6.428963108324537e-01	-2.514027328314228e+00	4168
-2.210165453034302e-01	-2.806725228073540e+00	4169
2.291261858050404e+00	-1.042328350937809e+00	4170
1.770224626812035e+00	1.091519046161998e-01	4171
1.769421992016227e+00	-8.713248569298919e-02	4172
-2.313239740024409e-01	2.788111725240949e+00	4173
-1.091197209100458e+00	4.585904847193556e-01	4174
-1.247000516989510e+00	-1.027321405732728e+00	4175
-7.941146420318302e-01	-1.467378562618023e-03	4176
-1.248882495655952e+00	-1.264730221058273e+00	4177
-1.214256596762168e+00	-1.541130211291034e+00	4178
1.658295575212553e+00	9.455646675644056e-03	4179
-9.304373611837495e-01	-1.631402314931783e-01	4180
-9.123766706562529e-01	1.569751281332160e-01	4181
-8.639147757980268e-01	-8.567646649530863e-02	4182
-8.526709267522909e-01	8.694430906882938e-02	4183
2.082239549887392e+00	-4.367760842295896e-01	4184
2.027429136224931e+00	1.621993615477473e+00	4185
2.169854237776349e+00	-6.040439910343971e-01	4186
2.172258105490129e+00	6.839377070572791e-01	4187
2.241919178275610e+00	-8.011510450647705e-01	4188
1.718753807218182e+00	2.271529442536721e+00	4189
-1.137128434017267e+00	-2.506686713043978e-01	4190
-1.409076014348771e+00	-9.037101855277427e-01	4191
7.176246584840835e-02	2.995320143272780e+00	4192
2.267317679614881e+00	1.498181425773874e+00	4193
-1.005369290675959e+00	2.481721268019990e+00	4194
-1.057050001385927e+00	-1.447047563535200e-01	4195
2.019574397896095e+00	1.929865284320227e-01	4196
7.837990220752135e-01	-3.067210405069167e+00	4197
1.801000050908682e+00	-2.272219074910422e+00	4198
-1.408128051457946e+00	1.092984697679235e+00	4199
8.865256292504928e-02	-3.010603968928856e+00	4200
1.408287579271254e+00	-2.641467297624355e+00	4201
2.011818019213479e+00	-1.600340914074198e-01	4202
-6.241083727871655e-01	2.882696095458059e+00	4203
7.784673937909008e-01	3.051285982464249e+00	4204
2.447696222857469e+00	-8.841084920084925e-01	4205
-1.180556722449115e+00	3.417050058131454e-01	4206
-1.106765686789561e+00	2.280748961745325e-01	4207
2.146542718801502e+00	3.383273985675744e-01	4208
2.279416557215730e+00	1.156252689687733e+00	4209
-1.405773693974136e+00	1.390693792499651e+00	4210
-1.317374675013949e+00	6.392384139081269e-01	4211
2.137903005067260e+00	-2.913541423067717e-01	4212
-1.356135559901261e+00	-7.014398060068791e-01	4213
-1.374645808717920e+00	8.404174485804402e-01	4214
-1.033106918262798e+00	1.349023931130597e-01	4215
-1.235298687012447e+00	2.092969255674226e+00	4216
1.923889942118116e+00	-2.003776447206244e+00	4217
-1.249512140139071e+00	-2.155096897989267e+00	4218
1.863477596308379e+00	9.586494489386038e-03	4219
1.886366063955455e+00	-5.794053528540232e-02	4220
2.360550270889734e+00	-6.454921232036240e-01	4221
-1.352084114052946e+00	1.724349253252214e+00	4222
-1.291403811678483e+00	-5.267308203637727e-01	4223
2.279040261907727e+00	-1.620222345037241e+00	4224
-1.000412857192220e+00	-2.542443910902792e+00	4225
-6.094204287665094e-01	-2.916063289945792e+00	4226
2.499931672325676e+00	-1.190089265913497e+00	4227
1.891598886745637e+00	8.401876080313050e-02	4228
-1.251101205845265e+00	4.775405046551416e-01	4229
-1.215863569792287e+00	-3.748540036135320e-01	4230
-1.397161775893220e+00	-1.775407840695741e+00	4231
-1.442235132431405e+00	-1.144339833903945e+00	4232
-1.444042323716604e+00	-1.429354481027505e+00	4233
-9.760016994761748e-01	-5.662584467357720e-02	4234
-9.611751819898099e-01	5.514415662782170e-02	4235
-9.030345852178240e-01	3.346857374777143e-03	4236
2.255475066679221e+00	-4.520487937845253e-01	4237
2.266501494759949e+00	5.245633564581011e-01	4238
2.371008189439113e+00	7.634196345216391e-01	4239
1.671199601600632e+00	-2.558125043290391e+00	4240
2.026240221307132e+00	2.255605951116802e+00	4241
4.977571522764011e-01	3.362084102258801e+00	4242
-1.294582430260303e+00	-2.378767850444232e-01	4243
-1.577009731201922e+00	-2.063941146757701e+00	4244
5.028014401751143e-01	-3.376077907870424e+00	4245
1.181920125161567e+00	3.074566901700918e+00	4246
-1.622273297685467e+00	1.244299599116486e+00	4247
-2.867323172034542e-01	-3.186656845856110e+00	4248
2.682593726575206e+00	-1.000897131485432e+00	4249
-1.624831369476394e+00	-9.965016001157276e-01	4250
1.237730763880629e+00	-3.042870562590932e+00	4251
1.546477723143536e+00	2.532916918682426e+00	4252
2.525525930799228e+00	-1.472463367799627e+00	4253
-1.516881687305454e+00	6.917231966912663e-01	4254
-1.480120048901044e+00	-5.561481435403176e-01	4255
2.210081733900692e+00	1.833702327310414e+00	4256
-1.585684207853556e+00	9.415607122710080e-01	4257
-3.095364943270318e-01	3.165370321647071e+00	4258
2.105728623135895e+00	-2.248286999885023e+00	4259
-1.614444548742452e+00	1.596331136632412e+00	4260
-1.373559194823217e+00	2.438513971612270e+00	4261
-8.257769267891796e-01	2.784040489357627e+00	4262
2.221934952628007e+00	-1.920705878843093e+00	4263
-1.390568786814461e+00	-3.826736972508419e-01	4264
-1.434071980038009e+00	4.974116561290188e-01	4265
-1.258426984875904e+00	2.106578648221515e-01	4266
-1.198587681664669e+00	-1.209958299150258e-01	4267
2.455308227549950e+00	-4.681665656600709e-01	4268
2.334624907830224e+00	3.491150404457851e-01	4269
2.580262122072339e+00	-6.998999392462207e-01	4270
2.491133641949674e+00	1.334964667544039e+00	4271
2.182655060177425e+00	1.788080464079824e-01	4272
2.167738698840384e+00	-1.358476819765433e-01	4273
-1.559574177798023e+00	-7.562013700598649e-01	4274
-1.168278534067221e+00	1.040079709008186e-01	4275
-1.092454349451015e+00	-3.027339377606887e-03	4276
2.024827549092782e+00	1.469930909518521e-02	4277
-1.545254973389608e+00	1.989584860935184e+00	4278
-1.376925672957525e+00	-2.510779193376840e+00	4279
-1.031277552481357e+00	-2.966103668046995e+00	4280
-1.347333844153402e+00	3.416539297669914e-01	4281
-1.661848266275260e+00	-1.634862482922739e+00	4282
-1.664697207022503e+00	-1.285335463093208e+00	4283
2.315860065363392e+00	-2.838562214483815e-01	4284
2.478752933063667e+00	5.740882492114205e-01	4285
2.449590794010374e+00	9.855695174653825e-01	4286
9.753206901967150e-01	-3.444878398396646e+00	4287
1.880831175014813e+00	2.554382378959042e+00	4288
2.538932831846143e-02	3.408792871676390e+00	4289
-1.849218825073347e+00	1.841369512236825e+00	4290
1.632809246259106e+00	-2.895002234650952e+00	4291
-1.824945959167270e+00	1.066853795478197e+00	4292
-1.792906372019047e+00	-8.218469262050895e-01	4293
1.988022715676138e+00	-2.540594986815187e+00	4294
-7.264742062215960e-01	-3.307785695278962e+00	4295
5.547230521080592e-02	-3.423807854012379e+00	4296
-1.321223976200100e+00	6.650424958459744e-02	4297
2.369317876951737e+00	2.154107134897638e+00	4298
2.520965991547094e+00	-2.729174997468520e-01	4299
2.499975254151278e+00	1.657079779370701e+00	4300
-1.895915441080012e+00	-1.904062659138119e+00	4301
-1.477741345252414e+00	-2.946221600742621e+00	4302
-1.537310849184946e+00	3.382554481925679e-01	4303
2.373051491610893e+00	1.622054711842737e-01	4304
2.753003310387528e+00	-1.283605734166755e+00	4305
-1.865072675269818e+00	1.426598167219632e+00	4306
9.367775399156012e-01	3.442714973473922e+00	4307
2.346549844177493e+00	-1.041375837127765e-01	4308
-1.871774928123153e+00	-1.109565601410931e+00	4309
1.403970674311586e+00	2.779163959216059e+00	4310
-1.209665361746393e+00	2.786647105774006e+00	4311
2.426567140393558e+00	-2.176788719658852e+00	4312
2.514349863963529e+00	-1.788872023527118e+00	4313
-1.644576336013911e+00	5.229715415991271e-01	4314
-1.588582407470360e+00	-3.903819622779361e-01	4315
-1.429358712993957e+00	1.905564429888037e-01	4316
-1.474471370111624e+00	-2.229082439922798e-01	4317
-1.357881932069941e+00	-8.806933549235642e-02	4318
2.836600379562315e+00	-7.800832842494773e-01	4319
2.555310237639135e+00	3.665037061141064e-01	4320
2.685961980354430e+00	-4.927809286426634e-01	4321
-1.695749396549287e+00	-5.863393003472392e-01	4322
-1.746585584787199e+00	7.634116571243821e-01	4323
-1.744981879709238e+00	2.324568920296133e+00	4324
-1.762245168828371e+00	-2.415186299977334e+00	4325
-1.916735315750104e+00	-1.462107303402046e+00	4326
-1.237301466267475e+00	-2.545945304233631e-02	4327
2.593589327184517e+00	7.854989354509663e-01	4328
2.691576649668187e+00	1.133998770545227e+00	4329
6.809740394093468e-01	-3.805739001456875e+00	4330
3.221628029327913e-01	-3.793521315570237e+00	4331
-3.644029840821149e-01	3.595871402868744e+00	4332
1.485278080339977e+00	-3.368095133653286e+00	4333
2.956975431560125e+00	-5.332727109638193e-01	4334
-2.107008482365742e+00	2.150948206635746e+00	4335
3.003793242550593e-01	3.779348246056970e+00	4336
6.467074680277445e-01	3.795755270895452e+00	4337
-1.626252979030566e+00	2.726578410547281e+00	4338
-1.936546112515472e+00	-2.850453991129809e+00	4339
-1.516349450922550e+00	-1.253551137576333e-02	4340
-2.139994385068896e+00	1.645649964621738e+00	4341
2.254083251342168e+00	2.513066946030996e+00	4342
-7.018268699169342e-01	3.287853494149716e+00	4343
2.329409750378551e+00	-2.506559893442508e+00	4344
-1.213565605155076e+00	-3.356734253674505e+00	4345
1.695702426900318e+00	2.851121776616624e+00	4346
-1.017256588561894e+00	3.129323816624191e+00	4347
-3.682328203768571e-01	-3.616358551428755e+00	4348
2.953967596502890e+00	-1.055400787047781e+00	4349
-1.888303483997784e+00	5.619156529979703e-01	4350
-2.008382912348172e+00	8.581776571254432e-01	4351
-1.678276639365374e+00	-2.068405114952434e-01	4352
2.596590519635978e+00	1.463745162898004e-01	4353
1.377331237303161e+00	3.472889406936162e+00	4354
-2.098505923964102e+00	1.219124650562911e+00	4355
-2.207377811407368e+00	-1.697350048108769e+00	4356
2.552651311175742e+00	-6.490946126738334e-02	4357
-2.060860431633334e+00	-9.031394950714242e-01	4358
-2.142953170891938e+00	-2.241847430973252e+00	4359
2.248871389012745e+00	2.283039511196777e-02	4360
1.561060111106672e+00	3.129960837044823e+00	4361
2.753077831585923e+00	-2.045986537992408e+00	4362
2.791983584308582e+00	-1.607897927997487e+00	4363
-1.755528192084284e+00	3.354470366358493e-01	4364
-1.623205250054046e+00	1.625130754255586e-01	4365
2.705105704033889e+00	5.602202016220594e-01	4366
2.754738943137011e+00	1.446777959451677e+00	4367
2.758544286463573e+00	-2.658834140071060e-01	4368
-1.813967053880032e+00	-3.945284174100004e-01	4369
-1.943185327277333e+00	-6.221441478166468e-01	4370
-2.154124333608657e+00	-1.252759839087081e+00	4371
2.707397100076104e+00	1.977534345535539e+00	4372
2.861105365856345e+00	8.983304184810076e-01	4373
-1.449254243649603e+00	3.123876493298233e+00	4374
1.223414629268525e+00	-3.849037928973349e+00	4375
1.901986915008615e+00	-3.236387007209115e+00	4376
1.942604273351584e+00	3.143653103892742e+00	4377
-8.692682448427701e-01	-3.749666083210212e+00	4378
2.085064116382631e+00	2.865270762072766e+00	4379
3.119463838228867e+00	-7.920775038820868e-01	4380
-1.422854843436092e-01	-3.845274585234133e+00	4381
1.804126349816987e+00	3.482659816452051e+00	4382
4.530050152694964e-01	4.228800058045573e+00	4383
2.693860768884343e+00	-2.416805922506614e+00	4384
-2.227987989016344e+00	-6.681894010355874e-01	4385
-2.393677388343172e+00	-2.666392722045882e+00	4386
-1.730249645762117e+00	-3.321695764529941e+00	4387
2.420865083328383e+00	5.398026945490544e-02	4388
-1.909702162982538e+00	-1.826407592088119e-01	4389
2.776949123788700e+00	-1.196122855187428e-02	4390
2.116513160963738e+00	-2.898942642171409e+00	4391
1.122671376919266e+00	3.878600570560592e+00	4392
-2.410487049427681e+00	1.404773915750927e+00	4393
-2.509023468216701e+00	-2.009463543755630e+00	4394
3.037977649031872e+00	-2.652985505817653e-01	4395
2.990156150711396e+00	6.337425906605414e-01	4396
4.867177850405860e-01	-4.241922206381337e+00	4397
-2.047726301209683e+00	2.585372760838241e+00	4398
4.459668111043362e-03	3.869550605955529e+00	4399
-2.448033504401801e+00	1.920424655084762e+00	4400
-8.024096193440943e-01	3.739267363121961e+00	4401
-1.033406744141224e+00	3.554436202156794e+00	4402
-2.309044072678013e+00	9.753881578145602e-01	4403
2.778417204401238e+00	3.154482494459799e-01	4404
-2.477275373577565e+00	-1.439629870734533e+00	4405
3.071534916035735e+00	-1.852788893614362e+00	4406
3.045540823902980e+00	-1.378995578321978e+00	4407
-1.845249608320741e+00	1.300821427810112e-01	4408
-1.724580785906411e+00	-1.990282545984679e-02	4409
2.646122989911983e+00	2.383135366486457e+00	4410
2.800107260459695e+00	1.758623899621046e+00	4411
-2.008675001376314e+00	3.396084652315957e-01	4412
-2.072087219090309e+00	-3.986759339709099e-01	4413
-2.168408233265051e+00	6.212975706000319e-01	4414
-2.369072057650861e+00	-1.008345230411526e+00	4415
2.975546044447341e+00	1.199526670786479e+00	4416
-1.429821670440014e+00	-3.796765732401288e+00	4417
1.592714550543087e+00	3.893625327591031e+00	4418
-2.556926729999903e+00	-7.313898733352904e-01	4419
6.038783620412447e-02	-4.216528501208379e+00	4420
-2.303424236489303e+00	3.589879869442982e-01	4421
-1.537529044162943e+00	3.626620592180166e+00	4422
3.065252441782934e+00	-2.255810081897585e+00	4423
-2.103011350345944e+00	9.788736410340952e-02	4424
-1.925062074805459e+00	3.047481505100716e+00	4425
1.002077653082813e+00	-4.208830586899695e+00	4426
-2.833433497850740e+00	-2.405144672270179e+00	4427
2.341017523521774e+00	3.172706109541571e+00	4428
-2.456452899358452e+00	2.373011944491326e+00	4429
-5.614631588028366e-01	-4.031642388556921e+00	4430
1.764282137641186e+00	-3.740424876729056e+00	4431
-4.434025113981817e-01	4.078692232214419e+00	4432
-2.764514353200249e+00	1.638960717897173e+00	4433
-2.262117514776531e+00	-3.193012406552921e+00	4434
2.997198647746084e+00	2.228987894266763e+00	4435
-2.174168069440030e+00	-1.532165630164478e-01	4436
-2.839597166235939e+00	-1.705648808536587e+00	4437
3.243426598275794e+00	-4.997359613956980e-01	4438
3.063804236656490e+00	1.534049971301438e+00	4439
2.518014601329083e+00	2.802242440559376e+00	4440
2.237223981253369e+00	3.463205344045096e+00	4441
8.863724973180178e-01	4.240835129165450e+00	4442
2.325693578375870e+00	-3.267524491143682e+00	4443
2.559513599251362e+00	-2.829758245324273e+00	4444
-2.491484931243830e+00	6.983838966884757e-01	4445
3.155817889139367e+00	9.160801686496663e-01	4446
-2.721938346840561e+00	-1.149298143704422e+00	4447
3.029664391497869e+00	8.649927202287858e-02	4448
3.076375975430657e+00	3.468012800014614e-01	4449
-2.653902755388602e+00	1.121177289986379e+00	4450
3.367917249065197e+00	-1.598288892202897e+00	4451
3.265592577646193e+00	-1.105006082135691e+00	4452
-2.369300969652581e+00	-4.068942833440919e-01	4453
-4.403645927766191e-02	4.403817334657439e+00	4454
-2.027565405816210e+00	-3.742238630550253e+00	4455
2.082970930809733e+00	-3.651954567292674e+00	4456
-2.784814785326926e+00	-2.966181562067919e+00	4457
-2.399594243331510e+00	2.870759166521359e+00	4458
6.566593002199088e-01	4.730134334799414e+00	4459
-1.066199760719628e+00	-4.226817875713802e+00	4460
-3.127532193353085e+00	-1.354525310984906e+00	4461
3.130662160059440e+00	1.877336908974025e+00	4462
1.546777494460094e+00	-4.253407242839240e+00	4463
1.371114775172060e+00	4.333706943675431e+00	4464
-3.865081285115101e-01	-4.582873438627327e+00	4465
3.425193022748614e+00	-2.020652000090176e+00	4466
2.447986949910906e-01	-4.719649317183610e+00	4467
3.288061216382722e+00	6.021818969444548e-01	4468
3.301038112903575e+00	1.250302369247301e+00	4469
-2.713421364909936e+00	-4.248882325963370e-01	4470
-9.344141590675782e-01	4.241039867566397e+00	4471
-2.091591647907424e+00	3.579549144997111e+00	4472
7.763621693693166e-01	-4.718228718623521e+00	4473
-2.927862462338660e+00	-2.136067126914026e+00	4474
2.059783589682420e+00	3.890144234816742e+00	4475
-2.838253037497150e+00	2.096169150709848e+00	4476
-2.391123838050168e+00	5.621310308995364e-02	4477
2.943323176806413e+00	2.661104019016981e+00	4478
2.779279299875021e+00	3.155019552603826e+00	4479
2.676871967977681e+00	3.457455121251457e+00	4480
2.790386072313779e+00	-3.233298885810732e+00	4481
2.995183042264246e+00	-2.698744604941472e+00	4482
-3.048735658596560e+00	1.308170664032366e+00	4483
3.307642412171869e+00	-1.486895675996956e-01	4484
3.299865051544052e+00	1.711643009607543e-01	4485
-2.937433907914824e+00	-8.231239000424282e-01	4486
-2.863961366906651e+00	7.983472565893150e-01	4487
3.628697452481038e+00	-1.286375791541168e+00	4488
3.441969657291179e+00	-7.915092002367462e-01	4489
-2.478648560936863e+00	-1.212617958312770e-01	4490
-2.642353219095067e+00	3.931740171118971e-01	4491
-3.276465233347484e+00	-1.809475662971402e+00	4492
1.866407141764900e+00	4.341449609732052e+00	4493
-2.639258908845657e+00	-3.576543789722203e+00	4494
-2.657382251516435e+00	3.405631519955561e+00	4495
1.035192765054973e+00	4.784737524971670e+00	4496
-1.693187138718198e+00	-4.284763286208079e+00	4497
3.416901507656777e+00	1.618158675230176e+00	4498
-5.442890988862097e-01	4.622634463372210e+00	4499
-3.187021730084264e+00	1.762720065523212e+00	4500
2.575372401317254e+00	-3.678762109907731e+00	4501
1.295651777040083e+00	-4.700456645012483e+00	4502
-1.225352466987349e+00	4.026077437302977e+00	4503
-1.856113345696221e+00	4.066654710499954e+00	4504
-3.035218205401646e+00	4.418472850548818e-01	4505
2.511430467367627e+00	3.874200913027032e+00	4506
3.576782543158574e+00	3.927789365793382e-01	4507
3.565339008340042e+00	-4.294025231145552e-01	4508
-2.858950407266419e+00	2.613788632284906e+00	4509
3.491732562886976e+00	9.171988955411106e-01	4510
-9.648931404849929e-01	-4.860598672880950e+00	4511
3.756275110178944e+00	-1.713698336452601e+00	4512
-1.845503493771688e-01	-5.178074325689557e+00	4513
8.518298547837001e-02	5.047116084980977e+00	4514
5.123780118876046e-01	-5.266485102862456e+00	4515
3.389517073178214e+00	2.175868332308914e+00	4516
3.337607455561350e+00	2.491348551952559e+00	4517
3.244633116325073e+00	3.035770702907373e+00	4518
3.140087433273609e+00	3.446376120077407e+00	4519
3.276227429994044e+00	-3.111990439688796e+00	4520
3.424373020018369e+00	-2.491995531138779e+00	4521
-3.376714738474905e+00	-9.662587133277973e-01	4522
-3.293324451572389e+00	9.316355909410494e-01	4523
-3.113833736668115e+00	-4.624020075194379e-01	4524
3.840471384577134e+00	-9.232766077247903e-01	4525
3.583413120313204e+00	1.656628283445013e-02	4526
-2.831997041694193e+00	-9.146992239278483e-02	4527
-1.373510279547665e+00	4.532072815005146e+00	4528
-3.579144157179733e+00	-5.409440743674149e-01	4529
-3.251325517321947e+00	-2.724180156265679e+00	4530
1.622545086597697e+00	4.865849075007398e+00	4531
1.866393008883439e+00	-4.725124466455803e+00	4532
3.990285280487567e+00	-5.157414430504567e-01	4533
3.888138842700843e+00	-2.208949816694013e-01	4534
2.303013982160328e+00	-4.120067093572820e+00	4535
-3.497640243743258e+00	1.375695661198812e+00	4536
1.105101599363970e+00	-5.249704125061060e+00	4537
-1.099033034819348e+00	4.802098900887009e+00	4538
-2.468946119762149e+00	3.998775844986762e+00	4539
-2.846014354268554e+00	3.125177991897058e+00	4540
-2.377062113748214e+00	-4.211399420252619e+00	4541
4.042225334724684e+00	-1.340221272500172e+00	4542
-5.395014762371318e-01	5.298522261394910e+00	4543
-3.392029218729786e+00	-2.284483879739136e+00	4544
2.355646209937601e+00	4.334072622396588e+00	4545
-3.586964999611705e+00	-1.416952449831673e+00	4546
3.112565883835418e+00	-3.627200051708649e+00	4547
-3.184532138976387e+00	-3.384054237125885e+00	4548
7.676113258904078e-01	5.308422001611655e+00	4549
3.672670906097943e+00	1.288196508081172e+00	4550
-3.285209416151134e+00	2.283378399879042e+00	4551
3.848388686186670e+00	7.039722451243140e-01	4552
-1.668262714042725e+00	-5.001704129907528e+00	4553
-7.946666554024598e-01	-5.560823697229644e+00	4554
8.815655265887874e-02	-5.822585759235412e+00	4555
3.768439046855188e+00	1.914613618387718e+00	4556
2.973697862874762e+00	3.876758310251716e+00	4557
3.753658402027841e+00	2.397740166469257e+00	4558
3.706526794569832e+00	2.834946286762639e+00	4559
3.636789082682491e+00	3.354719178316427e+00	4560
3.767438139100442e+00	-2.900893470764074e+00	4561
3.833260309673006e+00	-2.202923233963214e+00	4562
-3.490898383667222e+00	5.150114124250866e-01	4563
3.895101531308772e+00	2.086986286904422e-01	4564
-3.246639396565397e+00	-9.056735347496143e-03	4565
-1.207888164363650e+00	5.491356429126473e+00	4566
2.173228693820650e+00	4.844910793992509e+00	4567
-3.854460427418029e+00	-9.738238906721173e-01	4568
-3.761289180921736e+00	9.386014117667654e-01	4569
-3.770380785082969e+00	-1.914375321625211e+00	4570
-2.102957997550881e+00	4.619800918957661e+00	4571
-3.670522019357896e+00	1.889280945433408e+00	4572
2.511456392298443e+00	-4.728344950745173e+00	4573
2.869098914668964e+00	-4.141855442498406e+00	4574
1.333916402655573e+00	5.351263196324616e+00	4575
8.136537284215651e-01	-5.897601600576552e+00	4576
3.673235351864543e+00	-3.473311823364400e+00	4577
4.223642300688708e+00	4.876502036034924e-01	4578
4.267468808821500e+00	-9.073512093479872e-01	4579
4.260109117829927e+00	-1.326762145498021e-01	4580
-1.625913311624058e+00	5.064664301358751e+00	4581
-3.777495454176920e+00	-2.651380230911332e+00	4582
-3.722090841242948e+00	-3.105298611838803e+00	4583
1.640530792058748e+00	-5.213134830345651e+00	4584
-3.731211939136384e+00	9.301314085578490e-03	4585
-3.333121696695492e+00	2.844659451992713e+00	4586
-2.091069814413267e+00	-4.788852019498454e+00	4587
-3.041233448896849e+00	-4.035224090650505e+00	4588
1.042209341042311e-01	5.733550558414872e+00	4589
3.497607735330828e+00	3.861621237173107e+00	4590
-1.568389118255694e+00	-5.808362472443126e+00	4591
-5.400762200743904e-01	-6.323178741875651e+00	4592
4.102309467058880e+00	1.096569404328126e+00	4593
4.094210606559830e+00	1.544228741099839e+00	4594
2.823996595774890e+00	4.319041082928682e+00	4595
4.179085375527541e+00	2.168742341863099e+00	4596
4.177202270226386e+00	2.664734258622962e+00	4597
4.148431791472065e+00	3.159195373759555e+00	4598
4.244800919406488e+00	-2.593194959847165e+00	4599
4.202094286697766e+00	-1.831914138304551e+00	4600
-1.863387592185580e+00	5.717423469804753e+00	4601
-4.107935350267621e+00	-1.468865768260992e+00	4602
-2.768668582400461e+00	4.595272195720788e+00	4603
-3.054765048824590e+00	3.859715212648024e+00	4604
-2.272983733882528e+00	5.281189810869275e+00	4605
1.949693863582188e+00	5.419083406015226e+00	4606
-3.338954511577751e+00	3.414093363842614e+00	4607
-2.151641813677448e+00	-5.437658925297792e+00	4608
-2.801107655923425e+00	-4.714064740031850e+00	4609
4.074555415411107e+00	3.743679996612038e+00	4610
4.236934040586597e+00	-3.211736678905325e+00	4611
2.229146034386941e+00	-5.251511524785652e+00	4612
3.488294723679566e+00	-4.070338765992261e+00	4613
-3.800160198935391e+00	2.468735765940005e+00	4614
-3.984927924242500e+00	4.701674738602959e-01	4615
3.161482460595564e+00	-4.720871356283752e+00	4616
-4.009096911198861e+00	1.436585622151035e+00	4617
2.950486264123403e-01	-6.575292957205328e+00	4618
-3.678210506821599e+00	-3.779549959571975e+00	4619
3.324168107361842e+00	4.330608280855039e+00	4620
-6.359145921034758e-01	6.022588972807584e+00	4621
4.436484503294857e+00	-5.176743760569106e-01	4622
4.636460082674646e+00	1.986991088167535e-01	4623
-4.278119537097944e+00	-2.278893486613725e+00	4624
-4.286977851048709e+00	-2.944315241821445e+00	4625
1.414767908867800e+00	-5.847898572390306e+00	4626
-4.071170752164604e+00	-4.540210855987342e-01	4627
8.908920002597659e-01	6.005409692602223e+00	4628
-1.371071960535694e+00	-6.699707667830048e+00	4629
4.551602192579457e+00	8.675384093134810e-01	4630
4.505097282878212e+00	1.326665792367101e+00	4631
2.693391338195022e+00	4.820206758695115e+00	4632
4.568810795261251e+00	1.797560655082417e+00	4633
4.654800678822304e+00	2.418496739469140e+00	4634
4.672904460086629e+00	2.941873982036488e+00	4635
4.685444156841799e+00	-2.186135813500625e+00	4636
4.514942236220461e+00	-1.384972419029013e+00	4637
1.893750426367987e+00	-5.848021739809202e+00	4638
-2.561233579535940e+00	5.963544026850411e+00	4639
4.780326559026526e+00	-2.835480895115781e+00	4640
-4.705622808851118e+00	-1.767005607714262e+00	4641
1.285855838935705e-01	6.511955224712047e+00	4642
-4.292683852742570e+00	9.402845995941933e-01	4643
2.868835509934827e+00	-5.294905834452805e+00	4644
3.916895530700844e+00	4.319695679985145e+00	4645
-1.347790617913925e+00	6.241862371610662e+00	4646
-3.874250430390127e+00	3.090528434313966e+00	4647
4.134819903996219e+00	-3.877369788275814e+00	4648
4.750344352228452e+00	-9.147902101876535e-01	4649
-4.252600943955008e+00	3.274724135565053e-02	4650
1.145168458300173e+00	-6.612300036633828e+00	4651
-3.533558434760379e+00	-4.516839725152857e+00	4652
-2.959413882743746e+00	-5.510244410331827e+00	4653
-4.898066598633938e-01	-7.180695363953088e+00	4654
-3.037925771039065e+00	5.313182689747070e+00	4655
1.573702930917848e+00	6.019733351167719e+00	4656
-3.460373132498963e+00	4.442358333236713e+00	4657
-3.669281965301296e+00	3.937766821770150e+00	4658
3.844570895174352e+00	-4.655504590935357e+00	4659
-4.222992498721986e+00	2.011690708603334e+00	4660
-4.397197873492217e+00	-9.504931464889687e-01	4661
4.717041344004909e+00	-1.566680039166752e-01	4662
-4.161510103680982e+00	-3.578089384306257e+00	4663
-4.855295442322009e+00	-2.604792776574768e+00	4664
-2.197928530730702e+00	-6.303426331779711e+00	4665
4.638259247673115e+00	3.537281107445895e+00	4666
2.539638582653468e+00	5.385216553834960e+00	4667
4.974350837899742e+00	1.140845108385128e+00	4668
4.997690731182842e+00	1.499282817569696e+00	4669
5.032065277820246e+00	5.867832780222387e-01	4670
5.107430882870630e+00	2.039197728525407e+00	4671
5.205380275656437e+00	2.661491397652078e+00	4672
5.067350192942809e+00	-1.685763964156776e+00	4673
3.567734926302330e+00	-5.301236537787029e+00	4674
-1.316845362695295e+00	-7.648320986883265e+00	4675
-2.043882152790148e+00	6.495131176499761e+00	4676
5.275367081653226e+00	-2.344149941383454e+00	4677
-4.531621777242780e+00	4.705466929494396e-01	4678
5.359465834854060e-01	-7.428610862389618e+00	4679
3.353889880078592e+00	5.122215305166958e+00	4680
4.564126006899378e+00	4.190953042168485e+00	4681
-3.383330402677792e+00	6.067475400708602e+00	4682
2.564027734636417e+00	-5.887701619586415e+00	4683
-4.589594219711824e+00	1.490839256919684e+00	4684
-2.120299099310601e+00	-7.204000179557436e+00	4685
2.301555697167005e+00	6.059781857226014e+00	4686
4.917676115212599e+00	-6.032361935556479e-01	4687
-5.370263002132558e+00	-2.081520240020646e+00	4688
1.653703121194742e+00	-6.539014647399166e+00	4689
4.781831388045577e+00	-3.554864484733796e+00	4690
1.062541117367051e+00	6.789348115651279e+00	4691
5.111775377949211e+00	1.185779037619172e-01	4692
-7.116593350174816e-01	6.846559982546888e+00	4693
-4.388604465500088e+00	2.657931349027885e+00	4694
4.563505431716518e+00	-4.479552609786008e+00	4695
-3.839480404345544e+00	-5.356850328710380e+00	4696
-4.348161981333990e+00	3.654106820300168e+00	4697
-3.854712835612782e+00	5.172916721196327e+00	4698
-4.149901759843438e+00	4.432921507453045e+00	4699
-4.627008787119363e+00	-4.076635091865349e-01	4700
-5.058052726504520e+00	-1.168338796446509e+00	4701
-4.156791392346814e+00	-4.250363334603403e+00	4702
-4.854810538145814e+00	-3.342059116908478e+00	4703
-3.111626122709185e+00	-6.419087483656303e+00	4704
5.492887165523580e+00	1.286322295713284e+00	4705
5.498464863426654e+00	9.138009037387123e-01	4706
5.221092491944090e+00	3.292178571854336e+00	4707
5.572642152412352e+00	1.663204018002582e+00	4708
5.720860796862399e+00	2.261323893119009e+00	4709
-4.297931100097729e+00	5.979178254099628e+00	4710
-2.143504891126248e+00	-8.195330703145075e+00	4711
-1.495151166738994e+00	7.087204722353426e+00	4712
-3.300098212906161e-01	-8.137454933635352e+00	4713
1.910027732581860e+00	6.777999678240409e+00	4714
1.851710879294588e-01	7.392710878873364e+00	4715
3.103479260234101e+00	5.914888640719266e+00	4716
-4.815838486594442e+00	-1.856308271152870e-02	4717
5.399682466886077e+00	-3.096820757822658e+00	4718
3.264239089292963e+00	-5.934482588040334e+00	4719
-5.539488718375235e+00	-2.886964118045727e+00	4720
-4.851505418481988e+00	2.130785936775414e+00	4721
5.180876447538402e+00	-4.007296822585224e-01	4722
5.250892903005050e+00	-9.842669561093490e-01	4723
-5.802991929765631e+00	-1.424812285854744e+00	4724
-4.888421925884533e+00	9.522070845787539e-01	4725
-3.137178090435541e+00	-7.471047801362418e+00	4726
4.337381404571846e+00	-5.223960783471017e+00	4727
5.695605532051120e+00	-1.848817685233568e+00	4728
5.196804496273003e+00	3.960792867575192e+00	4729
5.560219555543544e+00	3.841684677352297e-01	4730
6.038141964124139e+00	1.107144624662787e+00	4731
-4.763127664738285e+00	-3.998077100241017e+00	4732
-2.864194130254064e+00	6.770823469390851e+00	4733
2.186736996795453e+00	-6.563914188675200e+00	4734
5.298464612022598e+00	-4.164261227746651e+00	4735
4.366087843622081e+00	4.875749089942121e+00	4736
-4.986490227100177e+00	3.181922180126927e+00	4737
-4.902187315597636e+00	4.210306948861223e+00	4738
-4.669611087406351e+00	5.070069952235688e+00	4739
-5.328587961279992e+00	-5.136762740524448e-01	4740
-4.121070622192661e+00	-6.330894137988194e+00	4741
5.834391027754235e+00	2.952383788404465e+00	4742
6.234148213742070e+00	1.816250133024023e+00	4743
-5.239667975774379e+00	5.834690092673871e+00	4744
-4.307297303475732e+00	-7.487291841329778e+00	4745
-6.136410847315465e+00	-2.235648504679218e+00	4746
6.663649969536193e-01	-8.468378776822888e+00	4747
-5.554854159530739e+00	2.575529679867919e+00	4748
5.112104229524326e+00	4.713024030319300e+00	4749
-2.277865659656209e+00	7.367796940197534e+00	4750
-5.538354658222605e+00	-3.731376588075069e+00	4751
6.018512635324870e+00	-3.693522826834454e+00	4752
4.040140787424154e+00	-5.946904377275418e+00	4753
-5.524561842414625e+00	4.840685699011973e+00	4754
-1.224952636064134e+00	-8.700912127039471e+00	4755
-7.767871246296106e-01	7.782081189195616e+00	4756
-5.244418617858090e+00	1.543334850411631e+00	4757
-4.726818043074331e+00	-4.769586481456957e+00	4758
1.291301902654600e+00	7.673536957522107e+00	4759
6.756385649727417e+00	1.289602334999830e+00	4760
5.938929472587843e+00	-2.552757311689330e+00	4761
5.857794371104766e+00	3.673917428521516e+00	4762
1.883693290743216e+00	-7.322604329345033e+00	4763
-5.650079284180752e+00	3.754627490727434e+00	4764
2.796557150194323e+00	6.740792934453844e+00	4765
5.161802820164686e+00	-5.008163638940630e+00	4766
5.969533204754477e+00	-1.160646715876098e+00	4767
-5.142667791113406e+00	4.419584325436161e-01	4768
5.621498957623344e+00	-1.323226999427580e-01	4769
-3.852699333402782e+00	6.873584723311613e+00	4770
-3.200073196788462e+00	-8.602247474878828e+00	4771
3.954396495592573e+00	5.693682402353144e+00	4772
-4.730965172729213e+00	-5.624851738938738e+00	4773
2.939170642330471e+00	-6.607104695233550e+00	4774
-6.136498647629820e+00	-6.734729954877969e-01	4775
6.411382587422741e+00	2.513744005980076e+00	4776
3.713102243942258e+00	-6.650964972626690e+00	4777
1.463670882880490e+00	-7.841039159466105e+00	4778
-6.327472797266133e+00	-3.185219759604607e+00	4779
6.676929866598928e+00	-3.074009562951489e+00	4780
2.782021084736903e-01	8.388853383255034e+00	4781
-1.665963069747496e+00	8.043963528845374e+00	4782
6.546245531335120e+00	3.288143194151005e+00	4783
-6.033696280867697e+00	1.869492664750114e+00	4784
-4.879590666183867e+00	6.791697197043251e+00	4785
-5.443344737494192e+00	-1.178902597750219e-01	4786
-2.235417275933806e+00	-9.327060441231897e+00	4787
6.349023380266858e+00	-4.599415367174851e-01	4788
6.145450217465122e+00	1.900051176400303e-01	4789
-3.229504388940422e+00	7.682747425314930e+00	4790
6.006742094171797e+00	-4.622084914425864e+00	4791
5.835669408718243e+00	4.441077162404535e+00	4792
6.987973522047692e+00	2.015512358984518e+00	4793
-1.977223570162294e-01	-9.223020869235533e+00	4794
-6.217560473055915e+00	5.577930335452299e+00	4795
2.333041307736657e+00	7.629666432085592e+00	4796
-5.435142514993351e+00	-4.490630180400579e+00	4797
4.912090559422843e+00	-5.857185964040865e+00	4798
-6.337532542213078e+00	3.106455381438566e+00	4799
-5.853476624960976e+00	2.431560876106474e-02	4800
-5.089641280062823e+00	-6.651450262577611e+00	4801
6.555183762426039e+00	5.846155539614195e-01	4802
6.407304167101528e+00	-1.864108416402096e+00	4803
2.646233116868681e+00	-7.304953639760729e+00	4804
-6.389813545797410e+00	4.391049838228724e+00	4805
3.688678510312438e+00	6.558943767772658e+00	4806
5.672816911247270e+00	-7.123794194098950e-01	4807
-5.557606540441691e+00	9.486050461473311e-01	4808
-6.617711541987660e+00	-1.448035952477370e+00	4809
-4.476505546536904e+00	-8.763873129373277e+00	4810
4.851513586178358e+00	5.554139009399320e+00	4811
-5.521363060619789e+00	-5.192853319802714e+00	4812
-6.300643564261976e+00	-4.740369188769884e+00	4813
3.415448425623349e+00	-7.360849831518911e+00	4814
-4.360126130440274e+00	7.803335370777112e+00	4815
-7.214074543057534e+00	5.117292120908603e+00	4816
-7.010737211136634e+00	-2.400713287424315e+00	4817
-6.927354750027628e+00	2.306644470758755e+00	4818
8.970292971530722e-01	-9.602116650010970e+00	4819
7.196397445878638e+00	2.797366846555112e+00	4820
-2.557828472634085e+00	8.356248523834934e+00	4821
-1.179089467444304e+00	-9.892831173334807e+00	4822
1.583938847103472e+00	8.670929994925906e+00	4823
5.856905140355229e+00	-5.596703312863893e+00	4824
-7.001259756828450e+00	-6.742356603334563e-01	4825
3.359749644756355e+00	7.516906423539846e+00	4826
5.729900027572075e+00	5.325564604693363e+00	4827
4.583104117816906e+00	-6.670927910946547e+00	4828
-8.364350488123753e-01	8.844832965425105e+00	4829
-3.531544486898793e+00	-9.793212855450070e+00	4830
6.583568326683277e+00	4.106724036815961e+00	4831
6.826450417438452e+00	-4.053504480711706e+00	4832
2.284340121669263e+00	-8.175932452879669e+00	4833
7.321165724995863e+00	7.459976749423406e-01	4834
7.571738316355453e+00	1.428790528342123e+00	4835
-5.946744837915780e+00	6.621555565944984e+00	4836
-6.323142703699688e+00	-4.163182694654623e+00	4837
-7.208486997616765e+00	3.715023446823469e+00	4838
6.853157304661206e+00	5.372119044908019e-02	4839
6.724697818177968e+00	-1.142822324681465e+00	4840
7.249880495898306e+00	-2.310934566783192e+00	4841
1.647735221454905e+00	-8.892790310457274e+00	4842
4.544913766805802e+00	6.372609499568341e+00	4843
-6.335787997837135e+00	6.853736738161336e-01	4844
-5.409887690917051e+00	-7.863975279024030e+00	4845
-5.536936403052364e+00	-6.164025921785035e+00	4846
-3.792111815089311e-02	-1.044845383748122e+01	4847
-5.715037764309122e+00	-9.116095619065257e+00	4848
4.098215626220196e-01	9.515685534831032e+00	4849
-6.391076060451302e+00	-5.700001432255356e+00	4850
8.185864620527546e+00	8.151567801053816e-01	4851
2.833198540525192e+00	8.589692919808423e+00	4852
-6.812090977056778e+00	1.416147919709408e+00	4853
7.355505845134035e+00	3.668469009389307e+00	4854
-2.366182918180394e+00	-1.061599093111658e+01	4855
7.570913581166333e+00	-3.305502434381671e+00	4856
-7.540586761428956e+00	-1.516678017122671e+00	4857
7.844390719567983e+00	2.238833236088130e+00	4858
-5.535737751068996e+00	7.716506791680918e+00	4859
5.576076144472318e+00	-6.567676158954867e+00	4860
-4.855858369634820e+00	-1.006124191339937e+01	4861
-1.860074317480926e+00	9.131729677075800e+00	4862
6.563481712053051e+00	4.993923143393464e+00	4863
6.825744839113098e+00	-5.129360086123777e+00	4864
-7.084084202399191e+00	6.294858544997707e+00	4865
4.242919391329925e+00	-7.429298860031270e+00	4866
-7.929888595512711e+00	2.839382194796113e+00	4867
-8.178016966843940e+00	4.412918939604005e+00	4868
7.692510894523022e+00	-9.975425108280865e-03	4869
2.004320875651140e+00	-1.002004497535640e+01	4870
2.965629032771858e+00	-8.216140466451634e+00	4871
-6.612024022165788e+00	-7.456824744130588e-03	4872
-3.640120263151939e+00	8.718913758910800e+00	4873
5.485222313900705e+00	6.243454989273386e+00	4874
2.702412564591843e+00	-9.186566161800952e+00	4875
7.103107462478825e+00	-5.762249965044440e-01	4876
-7.228931197001010e+00	-3.510293440635473e+00	4877
7.204828988045997e+00	-1.786572258080955e+00	4878
4.318446527344147e+00	7.306022153693690e+00	4879
-6.650680559342480e+00	-8.223194508342129e+00	4880
8.486362021644885e+00	1.640097238180256e+00	4881
3.998213392216075e+00	8.399927039707807e+00	4882
6.660420533013792e+00	-6.255119947688565e+00	4883
-1.137625741459324e+00	-1.124464262466218e+01	4884
-8.250146139767480e+00	5.712905041958341e+00	4885
1.941696354750981e+00	9.795454558217816e+00	4886
-3.799305101871266e+00	-1.116722245754812e+01	4887
-2.874039671456333e+00	9.478176385470615e+00	4888
8.655359482023025e+00	-2.661889380903551e-02	4889
-7.758731856908271e+00	1.783477721806986e+00	4890
8.204997584961548e+00	-2.551512713483445e+00	4891
-7.975273518093668e+00	-6.457286816986476e-01	4892
8.088585987779009e+00	3.116912088718053e+00	4893
7.760019566193396e+00	-4.442377178191912e+00	4894
7.410674012187060e+00	4.599412881249153e+00	4895
7.929629140366510e+00	-8.470193563773687e-01	4896
-8.890410463788586e-01	1.005257083978686e+01	4897
3.207765917073158e+00	-1.031718702854439e+01	4898
-6.425231366698394e+00	-6.784380529070844e+00	4899
-4.928445341048982e+00	8.863182348300278e+00	4900
-7.271568459793667e+00	-5.133073105884268e+00	4901
5.209975981360932e+00	-7.475984936206204e+00	4902
5.214934669927051e+00	7.114465601128897e+00	4903
6.461022123167165e+00	5.987805904960417e+00	4904
-8.001716981658246e+00	-2.596889007331049e+00	4905
-6.767117616639129e+00	7.504243338635399e+00	4906
-6.216458305725204e+00	-1.043611661846954e+01	4907
-9.050686840049904e+00	3.469525842974312e+00	4908
1.122778063256943e+00	-1.087149870429260e+01	4909
3.884167789704549e+00	-8.269041714593531e+00	4910
-7.478063071594176e+00	4.959851662624413e-02	4911
7.514518083808064e+00	-1.262086825968680e+00	4912
-7.188659075240272e+00	6.257605048153640e-01	4913
5.826150405134216e-01	1.079168571225129e+01	4914
3.414027959821985e+00	9.671437429032245e+00	4915
-8.265532365295474e+00	4.635784551822331e-01	4916
1.311082647276473e-01	-1.183065814408094e+01	4917
8.946856685113527e+00	-1.016791682384574e+00	4918
-2.473721914930091e+00	-1.207921273419764e+01	4919
9.192034305928196e+00	8.753671416910319e-01	4920
8.802544682336658e+00	2.514444230981674e+00	4921
8.277778249579800e+00	4.097506111799576e+00	4922
-8.874431621935795e+00	2.225929902369727e+00	4923
5.032918998824946e+00	8.139334286180400e+00	4924
3.655812751154631e+00	-9.275189916766326e+00	4925
-8.088454447764715e+00	7.093806662177447e+00	4926
8.575351538060074e+00	-3.617227866090370e+00	4927
8.170722816130542e+00	-1.781106381466719e+00	4928
-8.589535083167835e+00	-1.591870857343489e+00	4929
-6.284631171838779e+00	8.766222072180417e+00	4930
-5.231457159439806e+00	-1.152208895454381e+01	4931
-4.100571899244591e+00	9.896081965270653e+00	4932
-7.635427625337678e+00	-7.330657465428281e+00	4933
-2.073711721996162e+00	1.037102460296714e+01	4934
-8.274119381621635e+00	-3.981638628638518e+00	4935
7.772144418300552e+00	-5.690619735115938e+00	4936
2.360803811716837e+00	-1.132100682101492e+01	4937
-7.397614199333672e+00	-6.235860267370373e+00	4938
6.341015077731554e+00	-7.365125361203102e+00	4939
6.228169525818489e+00	6.987433451057531e+00	4940
7.402852612097188e+00	5.606340071578083e+00	4941
-7.087816266130034e+00	-9.442469857704568e+00	4942
-9.365062671322779e+00	4.841377250337723e+00	4943
4.819673153319738e+00	-8.329461820390037e+00	4944
4.734630192333655e+00	9.392946402635420e+00	4945
-6.777384868121527e+00	-1.193565219979218e+01	4946
-3.227933291471878e+00	1.075297743699680e+01	4947
3.749540651041865e+00	-1.163175464356295e+01	4948
8.821230411554076e+00	-4.891461582792081e+00	4949
-9.442614000499189e+00	6.374072177122684e+00	4950
-8.631761715592464e+00	-6.540284582442726e+00	4951
9.293386687779480e+00	-2.770190004865659e+00	4952
9.541332018987584e+00	1.828875706745506e+00	4953
1.962630394475933e+00	1.125327637870205e+01	4954
2.776150115461698e+00	1.087976653088392e+01	4955
-4.049599140269479e+00	-1.273049308471401e+01	4956
-7.686152761124802e+00	-1.084754089598728e+01	4957
5.981454272803243e+00	7.924564613738029e+00	4958
-1.075521775703943e+00	-1.277077880910652e+01	4959
9.726605791168558e+00	-1.597295330116030e-01	4960
-7.999017669101291e+00	-8.546623474692170e+00	4961
-5.570823035745034e+00	1.006877910824751e+01	4962
9.093359459537712e+00	3.485181168898017e+00	4963
-9.309771223321598e-01	1.142483796083803e+01	4964
1.414375569214669e+00	-1.229172641744528e+01	4965
7.308647234618856e+00	6.712560224550427e+00	4966
8.357025616759886e+00	5.149650225225278e+00	4967
-8.663632441621285e+00	1.136005144347689e+00	4968
-7.712980828282704e+00	8.500859467214839e+00	4969
7.587461129189909e+00	-6.992534204554630e+00	4970
-1.003220968445078e+01	2.695895514315316e+00	4971
4.494056952384454e+00	-1.025139265213546e+01	4972
-9.052957200346565e+00	-4.658608323497233e-01	4973
9.150316114346953e+00	-2.092976343664742e+00	4974
-8.467373381131921e+00	-5.403439184341596e+00	4975
-9.133646727723773e+00	-2.845255109562898e+00	4976
-1.032982307619745e+01	3.899110216199267e+00	4977
5.914782413435537e+00	-8.391666810836934e+00	4978
4.235790583212814e+00	1.075933063516141e+01	4979
-5.660999914813361e+00	-1.317127336912452e+01	4980
-9.722363110252271e+00	-5.802499788005058e+00	4981
-2.559089796010672e+00	-1.373461445588765e+01	4982
1.034808369990803e+01	9.131423812554288e-01	4983
-2.306135851095664e+00	1.178396791836253e+01	4984
7.214466121901546e+00	-8.269590158089217e+00	4985
9.724601717348545e+00	-3.958809749241139e+00	4986
-1.137073291839390e+01	3.003434556517494e+00	4987
-8.420721119492251e+00	-1.238595277550476e+01	4988
-7.140041366948274e+00	9.958698668812843e+00	4989
-9.791803048406884e+00	-1.612234419975105e+00	4990
9.894558502825744e+00	2.811468668586553e+00	4991
9.326332382613383e+00	4.580041247193636e+00	4992
-9.246204213055954e+00	7.989778616482425e+00	4993
-8.490243424586117e+00	-9.959609124487878e+00	4994
-9.818843231874258e+00	1.475216150281870e+00	4995
1.004993514689094e+01	-1.317139496879915e+00	4996
5.945176937439518e-01	1.225815801702748e+01	4997
5.303008148424996e+00	-9.463783336724930e+00	4998
8.855933040275218e+00	-6.322666028960628e+00	4999
7.080673243440724e+00	7.802577720585247e+00	5000
8.367032004725477e+00	6.283635676399594e+00	5001
-1.068382842111206e+01	5.399937777576810e+00	5002
-8.954542656897504e+00	-7.741162547413256e+00	5003
-4.618170393737938e+00	1.123339853634512e+01	5004
2.808065053369025e+00	-1.276667500773198e+01	5005
-9.508055527947086e+00	-4.305387571268480e+00	5006
5.749224553375993e+00	9.092285998438976e+00	5007
3.471925884042300e-01	-1.338629703291832e+01	5008
5.277704282995761e+00	-1.156356334798279e+01	5009
6.821662591090403e+00	8.862088172062220e+00	5010
-1.047674349892751e+00	1.297045834301835e+01	5011
-7.290706283168704e+00	-1.368038826851036e+01	5012
1.785140242512044e+00	-1.388231741645149e+01	5013
-4.309201665395322e+00	-1.450109292673332e+01	5014
1.095436099337396e+01	-3.094540237991346e-01	5015
-8.800167815352212e+00	9.629249442192469e+00	5016
-3.623323783429426e+00	1.220274687433273e+01	5017
-6.298410892432520e+00	1.144004952289914e+01	5018
-1.033058519946978e+01	-4.552422581873601e-01	5019
-1.174138696546654e+01	4.393481262525657e+00	5020
9.437756809334992e+00	5.762337487246894e+00	5021
-9.532928087597691e+00	3.200143566202667e-01	5022
1.003523279202525e+01	-5.396006349279913e+00	5023
1.023565250125749e+01	3.892220337013746e+00	5024
1.075135696346711e+01	2.021491452136000e+00	5025
1.053714472135152e+01	-2.991500621464128e+00	5026
3.614113036933367e+00	1.211207920487290e+01	5027
-1.078795881023881e+01	7.142494099887518e+00	5028
-9.954566872703268e+00	-7.015780607566411e+00	5029
5.610145114068913e+00	1.044533547502834e+01	5030
8.280304290528941e+00	7.513233462977068e+00	5031
-9.348528329169303e+00	-9.180488988361805e+00	5032
-1.084260134597983e+01	-4.879514849024980e+00	5033
8.650247794756714e+00	-7.828355431035219e+00	5034
2.078705129145818e+00	1.284870119331155e+01	5035
-9.749991762174892e-01	-1.448814692837373e+01	5036
-9.211834262991436e+00	-1.142298164669474e+01	5037
-1.102429288889330e+01	1.778686808443394e+00	5038
6.651546297193541e+00	-9.507773760643019e+00	5039
4.477993933186945e+00	-1.306085767890047e+01	5040
-1.043673439311808e+01	-3.025279902570619e+00	5041
5.764138042508379e+00	-1.074604960734096e+01	5042
-9.169654815337660e+00	-1.418165798369570e+01	5043
1.052110237460149e+01	5.115423936704254e+00	5044
1.104104967046885e+01	-4.328824494045721e+00	5045
-6.069027315485133e+00	-1.504049515961433e+01	5046
-5.200795610210751e+00	1.275315453203033e+01	5047
-8.116335080601310e+00	1.131459753728027e+01	5048
-1.072263422999694e+01	5.942693486801907e-01	5049
-1.056524707396560e+01	9.008703283531021e+00	5050
1.009817593184846e+01	-7.037721875332506e+00	5051
1.113984073638492e+01	3.134598692827150e+00	5052
5.766452368656309e-01	1.392092086212410e+01	5053
7.292558828850758e+00	-1.090340762976030e+01	5054
8.190698968182218e+00	-9.332320077861892e+00	5055
8.042406325762762e+00	8.724114507366069e+00	5056
-2.619743251600840e+00	-1.560932555058807e+01	5057
9.469244515121318e+00	7.036081320414770e+00	5058
6.545279588425010e+00	1.017863969254246e+01	5059
1.137590295022162e+01	-1.706166962064419e+00	5060
-1.026426639674082e+01	-8.497109946612879e+00	5061
6.287169773808446e-01	-1.513557223693741e+01	5062
-1.216870875998719e+01	6.050257266557138e+00	5063
3.401079251473402e+00	-1.438857336067283e+01	5064
-1.113704801956623e+01	-6.263105514607277e+00	5065
-1.190764370251575e+01	-3.676816422195004e+00	5066
5.188009742003520e+00	1.195047716513406e+01	5067
-1.289257550527940e+01	3.342387118755873e+00	5068
-2.594737326198488e+00	1.337790583837147e+01	5069
6.194458951909232e+00	-1.301378695581087e+01	5070
1.167192954454386e+01	9.436522916248753e-01	5071
-1.013272383584676e+01	-1.298739709508825e+01	5072
-1.115266650532487e+01	-1.677130847853105e+00	5073
3.479682164909582e+00	1.380204914573497e+01	5074
-1.246190373653378e+01	2.033149310823331e+00	5075
1.213568980527956e+01	2.229366479673282e+00	5076
-4.551501095460689e+00	-1.650763785456365e+01	5077
-7.893364567120254e+00	-1.563957328352921e+01	5078
-1.004176239258179e+01	1.091234113082725e+01	5079
-1.231110769940189e+01	8.022720931661235e+00	5080
1.237078975792946e+01	-4.767117730792626e-01	5081
1.197413413416589e+01	-3.122442992810720e+00	5082
9.860089305773682e+00	-8.790785396710753e+00	5083
6.451232980717150e+00	1.161672467874160e+01	5084
9.382660963936846e+00	8.410814538234508e+00	5085
5.286722047794436e+00	-1.469174276913027e+01	5086
-8.191745652958423e-01	-1.642835504810420e+01	5087
-1.114702886637277e+01	-1.133526950485280e+01	5088
1.153488124346045e+01	4.340471060409772e+00	5089
-1.221646592817637e+00	1.471358632017243e+01	5090
-1.239069227030165e+01	-5.242128419826216e+00	5091
-7.122734641740839e+00	1.300026344050461e+01	5092
-4.079009615729527e+00	1.384244852958543e+01	5093
-1.071372981654909e+01	-1.005699859697989e+01	5094
-1.114235405370901e+01	-1.478876568898978e+01	5095
-1.408809668949392e+01	2.223665227315252e+00	5096
-1.171075341454008e+01	-3.679872561446677e-01	5097
1.142312764973144e+01	-5.958146051856908e+00	5098
2.067355887998825e+00	1.462078256809383e+01	5099
8.111888076668833e+00	-1.266917752671087e+01	5100
1.067120219577441e+01	6.443330813583538e+00	5101
8.988929222650672e+00	-1.083053746768376e+01	5102
7.764366045597907e+00	9.929513313441436e+00	5103
2.262000525825318e+00	-1.566720391180418e+01	5104
-1.141578455188386e+01	-7.654201922739949e+00	5105
-1.279615174118314e+01	-2.201246770784929e+00	5106
-1.335470315990389e+01	4.904726054109590e+00	5107
4.552095755701878e+00	1.348340447998083e+01	5108
-1.203195690456818e+01	7.510279526028495e-01	5109
-9.227241638324942e+00	1.285842934217860e+01	5110
-2.640554674455025e+00	-1.773018070445746e+01	5111
4.042196895798551e+00	1.542527674135797e+01	5112
1.255792968724532e+01	3.491506278275680e+00	5113
7.434816094003080e+00	1.141525118026730e+01	5114
9.957133047011675e-01	-1.709872386568460e+01	5115
4.098074276580758e+00	-1.621615647756892e+01	5116
-6.509268575093023e+00	-1.715274406873605e+01	5117
1.188243901726946e+01	5.707651514859494e+00	5118
1.072462669877490e+01	7.879076329213977e+00	5119
1.083724538172579e+01	-1.041396725153897e+01	5120
-1.254950814291446e+01	-1.014650749031299e+01	5121
-1.351784248948626e+01	8.083772750355313e-01	5122
-1.358011624169264e+01	-3.859362847216739e+00	5123
1.256493746276462e+01	-4.692176881361937e+00	5124
4.833201299122265e-01	1.578917692498514e+01	5125
1.151681506110373e+01	-7.848452657577474e+00	5126
-1.206598235744969e+01	1.016799523460582e+01	5127
6.243345791492541e+00	1.326796882424420e+01	5128
1.318701159505309e+01	9.774729399233766e-01	5129
-1.272982984911135e+01	-6.791285087377255e+00	5130
-1.459485582611891e+01	3.802711345456371e+00	5131
-2.945663883057400e+00	1.517258119354228e+01	5132
1.289110406249211e+01	-1.911154658202146e+00	5133
-1.318262500093041e+01	-1.860998494433847e-01	5134
-5.861367095658273e+00	1.447745400424165e+01	5135
-1.226771470569803e+01	-1.304085431539965e+01	5136
-1.386025655594528e+01	6.772090556430985e+00	5137
7.337684801691405e+00	-1.457314331392891e+01	5138
1.003622366163018e+01	-1.245780756153941e+01	5139
9.129904672826070e+00	9.766755644934356e+00	5140
-1.187914410807008e+01	-9.085963777885345e+00	5141
-4.604095486653430e+00	1.569264425026139e+01	5142
1.398922693002539e+01	-5.795424930879034e-01	5143
2.838470267976532e+00	-1.767177082102888e+01	5144
1.302349740966462e+01	-6.571898874059663e+00	5145
1.301237795446167e+01	4.837662298529005e+00	5146
-1.527968279850503e+01	9.207980190442034e-01	5147
6.277587055417115e+00	-1.651624956532800e+01	5148
2.353285325621356e+00	1.662805029917564e+01	5149
-1.145617725762234e+01	1.237303904104833e+01	5150
-1.404517555946656e+01	9.016287588263541e+00	5151
1.371609956640361e+01	2.463372394043351e+00	5152
1.357780544796436e+01	-3.387864787964890e+00	5153
1.207751355133003e+01	7.202832534035021e+00	5154
-1.468275629559872e+00	1.667285976039745e+01	5155
-8.056890194134438e+00	1.477507514443467e+01	5156
8.827026448287016e+00	1.114360866317483e+01	5157
-1.337219573983009e+01	-8.457973575112028e+00	5158
-5.876067316495212e-01	-1.861628620791508e+01	5159
1.207391767338987e+01	-1.207720412769315e+01	5160
-1.452423135309812e+01	-1.926166637954903e+00	5161
6.360577356042628e+00	1.559135269382251e+01	5162
1.274425678774735e+01	-9.546539263771431e+00	5163
-1.516229157489565e+01	5.501288484155807e+00	5164
-1.414492220677463e+01	-5.629145733621441e+00	5165
-1.594074130133968e+01	2.499969469295621e+00	5166
-1.479845132021453e+01	-1.777181536515932e-01	5167
9.311988283007414e+00	-1.429590384634284e+01	5168
1.063646235081863e+01	9.424554833360473e+00	5169
1.429689659813790e+01	-5.124340630912497e+00	5170
4.984623743531571e+00	-1.816502721263234e+01	5171
-1.048969024896066e+01	1.461688878969533e+01	5172
1.458613924740857e+01	-8.219397913544841e+00	5173
1.343142804096463e+01	6.365545061533456e+00	5174
-3.370529652614424e+00	1.718755459086749e+01	5175
1.459892480798219e+01	-2.109358126928749e+00	5176
-1.457807621103967e+01	-7.267419357861100e+00	5177
-6.609960454667496e+00	1.643267197604886e+01	5178
-1.461021635497317e+01	-1.010809706983112e+01	5179
-1.727033771013946e+01	1.015302160834535e+00	5180
-1.647684639949357e+01	-8.188151528663408e-01	5181
4.676217600726303e+00	1.746435248853276e+01	5182
4.661078422581541e-01	1.791891993632184e+01	5183
-1.377674047813783e+01	1.148296003781875e+01	5184
-1.549543359735498e+01	-3.928911367083410e+00	5185
-1.577755229416799e+01	7.587050911620715e+00	5186
1.140836799628783e+01	-1.408607556728099e+01	5187
1.215427289201277e+01	8.825767786902032e+00	5188
8.435070756892548e+00	1.282644574837481e+01	5189
1.416987801192470e+01	3.891587771515718e+00	5190
1.491211260287879e+01	1.052377799777506e+00	5191
8.542544102980342e+00	-1.639311932353951e+01	5192
1.421949964827235e+01	-1.129161812421630e+01	5193
-1.653274978872099e+01	4.257598148361099e+00	5194
1.036039322675570e+01	1.094862155681891e+01	5195
1.539414353108599e+01	-3.695977092248430e+00	5196
-1.376841119172622e+01	-1.219030385158002e+01	5197
-1.721438544243555e+01	6.143140446382084e+00	5198
1.468837152151315e+01	5.390423522629790e+00	5199
1.582879593507542e+01	-6.555128886063550e-01	5200
1.492362232062805e+01	-6.962069163336782e+00	5201
1.002792642693313e+01	1.252455138814720e+01	5202
1.566688445526576e+01	-9.548513799949923e+00	5203
-5.207420749197135e+00	1.777554919495936e+01	5204
1.367980388680154e+01	8.052007882052180e+00	5205
7.679605746991724e+00	1.472333183947739e+01	5206
-1.803099402403337e+01	2.898932797066906e+00	5207
-1.615534646053545e+01	-5.942978515425189e+00	5208
1.206152714605080e+01	1.056993624186159e+01	5209
1.551173988332638e+01	2.746343874638253e+00	5210
-1.865055710966867e+01	-6.711513463272503e-01	5211
1.626462021831407e+01	-5.476074478923094e+00	5212
1.599482959646695e+01	4.350049279027847e+00	5213
1.519254340344341e+01	7.097313449153043e+00	5214
8.073737245628701e+00	1.675751710814914e+01	5215
-1.659937597812158e+01	-8.074945302976150e+00	5216
1.377919169721176e+01	9.891085048246904e+00	5217
1.652719015703376e+01	-2.312911500892679e+00	5218
1.687350469840916e+01	1.169380485472504e+00	5219
-1.769711728293631e+01	-2.663290105463905e+00	5220
1.669059449490400e+01	-7.560850271664343e+00	5221
9.649487525015163e+00	1.443706570931981e+01	5222
-1.761662706326380e+01	-4.351038469299205e+00	5223
1.175492522618230e+01	1.228857814699209e+01	5224
1.791703966406125e+01	-7.170903602751457e-01	5225
1.550437667617880e+01	9.004153826684156e+00	5226
1.743931420451588e+01	-3.972725766874190e+00	5227
1.368144448963104e+01	1.186543558623177e+01	5228
1.658359543231097e+01	6.009955504221667e+00	5229
1.754795190877172e+01	3.090742839798673e+00	5230
1.141467143684294e+01	1.405451161230685e+01	5231
1.719236082587798e+01	7.913577433438527e+00	5232
NMARK= 2
MARKER_TAG= airfoil
MARKER_ELEMS= 200
3	199	0
3	0	1
3	1	2
3	2	3
3	3	4
3	4	5
3	5	6
3	6	7
3	7	8
3	8	9
3	9	10
3	10	11
3	11	12
3	12	13
3	13	14
3	14	15
3	15	16
3	16	17
3	17	18
3	18	19
3	19	20
3	20	21
3	21	22
3	22	23
3	23	24
3	24	25
3	25	26
3	26	27
3	27	28
3	28	29
3	29	30
3	30	31
3	31	32
3	32	33
3	33	34
3	34	35
3	35	36
3	36	37
3	37	38
3	38	39
3	39	40
3	40	41
3	41	42
3	42	43
3	43	44
3	44	45
3	45	46
3	46	47
3	47	48
3	48	49
3	49	50
3	50	51
3	51	52
3	52	53
3	53	54
3	54	55
3	55	56
3	56	57
3	57	58
3	58	59
3	59	60
3	60	61
3	61	62
3	62	63
3	63	64
3	64	65
3	65	66
3	66	67
3	67	68
3	68	69
3	69	70
3	70	71
3	71	72
3	72	73
3	73	74
3	74	75
3	75	76
3	76	77
3	77	78
3	78	79
3	79	80
3	80	81
3	81	82
3	82	83
3	83	84
3	84	85
3	85	86
3	86	87
3	87	88
3	88	89
3	89	90
3	90	91
3	91	92
3	92	93
3	93	94
3	94	95
3	95	96
3	96	97
3	97	98
3	98	99
3	99	100
3	100	101
3	101	102
3	102	103
3	103	104
3	104	105
3	105	106
3	106	107
3	107	108
3	108	109
3	109	110
3	110	111
3	111	112
3	112	113
3	113	114
3	114	115
3	115	116
3	116	117
3	117	118
3	118	119
3	119	120
3	120	121
3	121	122
3	122	123
3	123	124
3	124	125
3	125	126
3	126	127
3	127	128
3	128	129
3	129	130
3	130	131
3	131	132
3	132	133
3	133	134
3	134	135
3	135	136
3	136	137
3	137	138
3	138	139
3	139	140
3	140	141
3	141	142
3	142	143
3	143	144
3	144	145
3	145	146
3	146	147
3	147	148
3	148	149
3	149	150
3	150	151
3	151	152
3	152	153
3	153	154
3	154	155
3	155	156
3	156	157
3	157	158
3	158	159
3	159	160
3	160	161
3	161	162
3	162	163
3	163	164
3	164	165
3	165	166
3	166	167
3	167	168
3	168	169
3	169	170
3	170	171
3	171	172
3	172	173
3	173	174
3	174	175
3	175	176
3	176	177
3	177	178
3	178	179
3	179	180
3	180	181
3	181	182
3	182	183
3	183	184
3	184	185
3	185	186
3	186	187
3	187	188
3	188	189
3	189	190
3	190	191
3	191	192
3	192	193
3	193	194
3	194	195
3	195	196
3	196	197
3	197	198
3	198	199
MARKER_TAG= farfield
MARKER_ELEMS= 50
3	200	201
3	201	202
3	202	203
3	203	204
3	204	205
3	205	206
3	206	207
3	207	208
3	208	209
3	209	210
3	210	211
3	211	212
3	212	213
3	213	214
3	214	215
3	215	216
3	216	217
3	217	218
3	218	219
3	219	220
3	220	221
3	221	222
3	222	223
3	223	224
3	224	225
3	225	226
3	226	227
3	227	228
3	228	229
3	229	230
3	230	231
3	231	232
3	232	233
3	233	234
3	234	235
3	235	236
3	236	237
3	237	238
3	238	239
3	239	240
3	240	241
3	241	242
3	242	243
3	243	244
3	244	245
3	245	246
3	246	247
3	247	248
3	248	249
3	249	200
