"Time_Iter","Outer_Iter","Inner_Iter",    "rms[Rho]"    ,    "rms[RhoU]"   ,    "rms[RhoV]"   ,    "rms[RhoW]"   ,    "rms[RhoE]"   
          0,           0,           0,      -2.831253576,      -12.13855647,      -12.13267615,      -12.13829754,       2.332281853
          0,           0,           1,      -2.801446122,     -0.3661292274,     -0.4426631869,     -0.4621776288,       2.580709981
          0,           0,           2,      -2.745992857,     -0.2268967654,     -0.2983514284,     -0.3240922316,        2.69270841
          0,           0,           3,      -2.744386554,     -0.1906070133,      -0.271103909,     -0.2820467181,        2.70721459
          0,           0,           4,      -2.807564905,     -0.2085005623,     -0.3174832976,     -0.3281268248,        2.64403677
          0,           0,           5,      -2.904780922,     -0.2432246046,     -0.3869154169,       -0.39414924,       2.554919584
          0,           0,           6,      -2.976863206,     -0.2863103157,     -0.4423537243,     -0.4500455348,       2.484640595
          0,           0,           7,      -3.015297108,     -0.3358518895,     -0.4848235461,     -0.4927021693,       2.445684658
          0,           0,           8,      -3.036484796,     -0.3880808757,     -0.5191575171,     -0.5234227215,        2.42496022
          0,           0,           9,      -3.060527451,     -0.4386214586,      -0.549290404,     -0.5501636286,       2.402315854
          0,           0,          10,      -3.103858566,     -0.4849911731,     -0.5825858013,     -0.5820796128,       2.360487041
          0,           0,          11,      -3.174984969,     -0.5272444971,      -0.623985574,      -0.622047533,       2.288296113
          0,           0,          12,      -3.268959483,     -0.5661974722,     -0.6693984494,     -0.6639398191,       2.184084425
          0,           0,          13,      -3.336531132,     -0.6015652419,     -0.7025919027,     -0.6918476692,       2.090422481
          0,           0,          14,      -3.301661156,     -0.6322465297,     -0.7060676523,     -0.6915000994,       2.113835188
          0,           0,          15,      -3.211773641,      -0.657642333,     -0.6843449952,     -0.6691517167,       2.217697956
          0,           0,          16,      -3.137754778,     -0.6787473178,     -0.6581163741,     -0.6436421893,        2.30636687
          0,           0,          17,      -3.097706701,     -0.6982464996,     -0.6434087542,     -0.6292180206,       2.357311729
          0,           0,          18,      -3.092240236,     -0.7194624356,     -0.6474615733,     -0.6325122051,       2.371211081
          0,           0,          19,      -3.120136217,     -0.7449981723,     -0.6722446621,     -0.6554331632,       2.350335136
          0,           0,          20,      -3.180949321,     -0.7757170257,     -0.7164369411,     -0.6968037296,       2.295420033
          0,           0,          21,      -3.272859346,      -0.810243828,     -0.7743824487,     -0.7514775642,       2.207265699
          0,           0,          22,      -3.386240885,     -0.8452452796,     -0.8346131315,     -0.8091964411,       2.091295907
          0,           0,          23,      -3.490399222,     -0.8768166709,     -0.8822378878,      -0.856701536,       1.969982717
          0,           0,          24,      -3.537874174,      -0.902666112,     -0.9084731057,     -0.8855482051,       1.896072449
          0,           0,          25,      -3.534461595,     -0.9236100799,     -0.9196480138,     -0.9001663001,        1.89001194
          0,           0,          26,      -3.528444104,     -0.9422580104,     -0.9284375383,     -0.9115054677,       1.901521491
          0,           0,          27,      -3.546049697,     -0.9612972233,     -0.9429401163,     -0.9272185682,       1.892451393
          0,           0,          28,      -3.590985635,     -0.9819209191,     -0.9640334549,     -0.9485391698,       1.854599099
          0,           0,          29,      -3.653475682,      -1.003453899,     -0.9873393306,     -0.9716666492,       1.796266302
          0,           0,          30,      -3.712167304,      -1.023944061,      -1.007088315,     -0.9913441183,       1.738315962
          0,           0,          31,      -3.744687379,      -1.041585168,      -1.020120803,      -1.004657155,        1.70541881
          0,           0,          32,      -3.750962586,      -1.055443048,      -1.027362947,       -1.01254516,         1.7013946
          0,           0,          33,       -3.75150236,      -1.065777235,       -1.03205013,      -1.018139271,       1.706076244
          0,           0,          34,      -3.762284577,       -1.07354528,      -1.036627695,      -1.023823821,       1.701761811
          0,           0,          35,      -3.785760016,      -1.079660041,      -1.041308162,      -1.029835586,       1.684528508
          0,           0,          36,      -3.813396021,       -1.08466046,      -1.044769107,      -1.034840256,       1.661485313
          0,           0,          37,      -3.831554804,      -1.088577289,      -1.045755448,      -1.037406925,        1.64508647
          0,           0,          38,      -3.834150659,       -1.09150352,      -1.044583819,      -1.037595649,       1.641892046
          0,           0,          39,      -3.828820613,      -1.093759335,      -1.043048321,      -1.036982256,        1.64616904
          0,           0,          40,      -3.827505209,      -1.095737929,      -1.043082942,      -1.037417789,       1.647043541
          0,           0,          41,      -3.836421649,      -1.097714056,      -1.045592235,      -1.039862172,       1.637922654
          0,           0,          42,      -3.853249666,      -1.099650846,      -1.050047781,      -1.043961821,       1.620023191
          0,           0,          43,      -3.868554813,      -1.101189004,      -1.054950386,      -1.048440435,       1.601826668
          0,           0,          44,      -3.870830992,      -1.101804005,      -1.058646449,      -1.051866224,       1.595306125
          0,           0,          45,      -3.854494424,      -1.101056477,      -1.059988071,      -1.053291144,       1.608261953
          0,           0,          46,      -3.823987202,       -1.09873989,      -1.058689412,      -1.052505998,        1.63806954
          0,           0,          47,      -3.790768549,      -1.095098076,      -1.055714393,      -1.050392295,       1.673153437
          0,           0,          48,      -3.764303772,      -1.090608955,      -1.052587722,      -1.048323703,       1.702928451
          0,           0,          49,      -3.748920385,      -1.085769952,      -1.050574333,      -1.047418903,        1.72217323
          0,           0,          50,      -3.745458603,      -1.080971108,      -1.050302117,      -1.048220947,       1.729555557
          0,           0,          51,      -3.752912508,      -1.076429739,      -1.051758434,      -1.050666124,       1.725799554
          0,           0,          52,       -3.76918701,      -1.072176965,      -1.054450989,      -1.054233491,       1.712772786
          0,           0,          53,      -3.791439866,      -1.068134612,          -1.05765,      -1.058189749,       1.693073331
          0,           0,          54,      -3.816357686,       -1.06417877,      -1.060630182,       -1.06182156,       1.669767612
          0,           0,          55,      -3.840657925,      -1.060191937,      -1.062856951,      -1.064618023,       1.645978101
          0,           0,          56,      -3.861845495,      -1.056110915,      -1.064078818,      -1.066362174,       1.624241391
          0,           0,          57,      -3.878822749,      -1.051938721,      -1.064312084,      -1.067104261,       1.605922847
          0,           0,          58,      -3.891864712,      -1.047734238,      -1.063741597,      -1.067053552,       1.591121855
          0,           0,          59,      -3.902022951,      -1.043580677,      -1.062618421,      -1.066463201,       1.579103755
          0,           0,          60,       -3.91045135,      -1.039570788,      -1.061171134,      -1.065558329,       1.568899575
          0,           0,          61,      -3.918032631,      -1.035787435,      -1.059580675,      -1.064509156,       1.559707895
          0,           0,          62,      -3.925350026,      -1.032311034,      -1.057986011,      -1.063435666,       1.550979904
          0,           0,          63,      -3.932802301,      -1.029219768,      -1.056500199,      -1.062431267,       1.542337077
          0,           0,          64,       -3.94066216,      -1.026578908,      -1.055211068,      -1.061565639,       1.533509736
          0,           0,          65,      -3.949047128,      -1.024448504,      -1.054176044,      -1.060887149,       1.524355331
          0,           0,          66,      -3.957869536,       -1.02287218,      -1.053422846,      -1.060419311,       1.514906819
          0,           0,          67,      -3.966815923,      -1.021878569,      -1.052952794,      -1.060164785,       1.505406113
          0,           0,          68,      -3.975415021,      -1.021484809,      -1.052750113,      -1.060109291,       1.496257772
          0,           0,          69,      -3.983197387,      -1.021694663,       -1.05279128,      -1.060237606,       1.487891487
          0,           0,          70,      -3.989830685,      -1.022500442,      -1.053054693,      -1.060540041,       1.480633248
          0,           0,          71,      -3.995210573,       -1.02388655,      -1.053526857,      -1.061014646,       1.474609096
          0,           0,          72,      -3.999450128,       -1.02583291,        -1.0542025,      -1.061664499,       1.469741413
          0,           0,          73,      -4.002784234,      -1.028313648,      -1.055079333,      -1.062493675,       1.465830098
          0,           0,          74,      -4.005465169,      -1.031301504,      -1.056149382,      -1.063505459,       1.462650826
          0,           0,          75,      -4.007716041,      -1.034767677,      -1.057402875,       -1.06469793,       1.460004656
          0,           0,          76,       -4.00970378,      -1.038685905,      -1.058826602,      -1.066067248,       1.457743861
          0,           0,          77,      -4.011553052,      -1.043029829,      -1.060407042,      -1.067607442,       1.455758863
          0,           0,          78,      -4.013386761,      -1.047777201,      -1.062130441,      -1.069312762,       1.453934952
          0,           0,          79,      -4.015330412,       -1.05290739,      -1.063985761,      -1.071177965,       1.452143512
          0,           0,          80,      -4.017514994,      -1.058410518,      -1.065964509,      -1.073198365,       1.450236475
          0,           0,          81,      -4.020068458,      -1.064283389,      -1.068054071,      -1.075368946,       1.448057953
          0,           0,          82,      -4.023101792,       -1.07052683,      -1.070245001,      -1.077682321,       1.445461431
          0,           0,          83,      -4.026709434,      -1.077149346,      -1.072525674,       -1.08012701,       1.442315353
          0,           0,          84,      -4.030968945,      -1.084168471,      -1.074885363,      -1.082691555,       1.438508035
          0,           0,          85,      -4.035934077,      -1.091603544,      -1.077310724,      -1.085363207,       1.433957737
          0,           0,          86,      -4.041641135,      -1.099477943,      -1.079787236,      -1.088129732,        1.42860663
          0,           0,          87,      -4.048105809,      -1.107816429,      -1.082300102,      -1.090975926,       1.422424298
          0,           0,          88,       -4.05532953,      -1.116645819,      -1.084833906,      -1.093887301,        1.41540027
          0,           0,          89,      -4.063272733,      -1.125988342,      -1.087373736,      -1.096849168,       1.407568491
          0,           0,          90,       -4.07186276,      -1.135863489,      -1.089906846,      -1.099843601,        1.39899971
          0,           0,          91,       -4.08098061,      -1.146280423,       -1.09242139,      -1.102855759,        1.38981152
          0,           0,          92,      -4.090470239,      -1.157239849,      -1.094907733,      -1.105874007,       1.380160388
          0,           0,          93,      -4.100144513,      -1.168733292,      -1.097358731,      -1.108888943,       1.370235554
          0,           0,          94,      -4.109799991,      -1.180739699,       -1.09977553,      -1.111896886,       1.360245985
          0,           0,          95,      -4.119226648,      -1.193223349,      -1.102166577,      -1.114900221,       1.350410749
          0,           0,          96,       -4.12823046,      -1.206130094,      -1.104550726,      -1.117908407,       1.340937902
          0,           0,          97,      -4.136654952,      -1.219387332,      -1.106955675,       -1.12094092,       1.332003288
          0,           0,          98,       -4.14438973,      -1.232907297,      -1.109422496,      -1.124028163,       1.323740296
          0,           0,          99,      -4.151390845,      -1.246581395,      -1.112004666,      -1.127211396,       1.316218787
          0,           0,         100,      -4.157666797,      -1.260282038,      -1.114766426,      -1.130542058,       1.309455411
          0,           0,         101,      -4.163273935,      -1.273867694,      -1.117781213,      -1.134082326,       1.303416389
          0,           0,         102,      -4.168306225,       -1.28718989,      -1.121131503,      -1.137902382,       1.298026284
          0,           0,         103,        -4.1728792,      -1.300098442,      -1.124906853,       -1.14208031,       1.293182618
          0,           0,         104,      -4.177116241,      -1.312455045,      -1.129198516,      -1.146698295,        1.28876892
          0,           0,         105,       -4.18114544,      -1.324142869,      -1.134099724,      -1.151839231,       1.284658841
          0,           0,         106,      -4.185103217,      -1.335077169,      -1.139701522,      -1.157582958,       1.280712983
          0,           0,         107,      -4.189124865,      -1.345220987,      -1.146087607,      -1.164009587,       1.276789807
          0,           0,         108,      -4.193343849,      -1.354582808,      -1.153333559,      -1.171188455,       1.272746136
          0,           0,         109,      -4.197894393,      -1.363219242,      -1.161500071,      -1.179176092,       1.268435201
          0,           0,         110,      -4.202910782,      -1.371228537,      -1.170629204,      -1.188012445,       1.263708489
          0,           0,         111,      -4.208513526,      -1.378735286,      -1.180741196,      -1.197714106,       1.258429581
          0,           0,         112,      -4.214806382,      -1.385871519,      -1.191829002,      -1.208275609,       1.252477296
          0,           0,         113,      -4.221865742,      -1.392756193,      -1.203846491,      -1.219657664,       1.245756322
          0,           0,         114,      -4.229721297,      -1.399467087,      -1.216704954,      -1.231779663,       1.238216333
          0,           0,         115,      -4.238354356,      -1.406020039,      -1.230265655,      -1.244515377,       1.229855612
          0,           0,         116,       -4.24767379,      -1.412347119,      -1.244331342,      -1.257688612,       1.220744218
          0,           0,         117,      -4.257506128,      -1.418277251,      -1.258639996,      -1.271067807,       1.211038246
          0,           0,         118,       -4.26757481,       -1.42353545,      -1.272862615,      -1.284364707,       1.201002776
          0,           0,         119,      -4.277514246,       -1.42776246,      -1.286605045,      -1.297240025,       1.191004255
          0,           0,         120,      -4.286923542,      -1.430577588,      -1.299430758,      -1.309317246,       1.181458739
          0,           0,         121,      -4.295395229,      -1.431669991,      -1.310911322,      -1.320211444,       1.172798244
          0,           0,         122,      -4.302602772,      -1.430896534,      -1.320707114,      -1.329574928,       1.165379746
          0,           0,         123,       -4.30827015,      -1.428334456,      -1.328650841,      -1.337151769,       1.159515429
          0,           0,         124,      -4.312158043,      -1.424261347,      -1.334806319,      -1.342849533,       1.155496819
          0,           0,         125,      -4.314077188,      -1.419088114,      -1.339433632,      -1.346779261,        1.15358735
          0,           0,         126,      -4.313861096,      -1.413251171,      -1.342871451,      -1.349248498,       1.154020054
          0,           0,         127,      -4.311562475,      -1.407164982,       -1.34543147,      -1.350693542,       1.156778477
          0,           0,         128,      -4.307498124,      -1.401166095,      -1.347350647,      -1.351572209,       1.161544117
          0,           0,         129,      -4.302126989,      -1.395480199,      -1.348807453,      -1.352248884,       1.167821312
          0,           0,         130,      -4.295979643,      -1.390208174,        -1.3499672,      -1.352940006,       1.175025338
          0,           0,         131,      -4.289590696,      -1.385371971,      -1.351018156,       -1.35373905,       1.182568029
          0,           0,         132,      -4.283450496,      -1.380935511,      -1.352169564,      -1.354687331,       1.189908059
          0,           0,         133,      -4.277953284,       -1.37685286,        -1.3536077,      -1.355842819,       1.196600126
          0,           0,         134,      -4.273408116,      -1.373108061,      -1.355468386,      -1.357315139,       1.202290766
          0,           0,         135,      -4.270007518,      -1.369726011,      -1.357823052,      -1.359250691,       1.206750796
          0,           0,         136,      -4.267831791,      -1.366761532,      -1.360689192,      -1.361790161,       1.209871344
          0,           0,         137,      -4.266876151,      -1.364294335,       -1.36405058,      -1.365033041,       1.211639426
          0,           0,         138,      -4.267087375,      -1.362409223,       -1.36787248,      -1.369015676,       1.212100468
          0,           0,         139,      -4.268389249,      -1.361168081,      -1.372117922,      -1.373709132,       1.211332434
          0,           0,         140,      -4.270692388,      -1.360608443,      -1.376740754,      -1.379028721,        1.20943414
          0,           0,         141,      -4.273883083,      -1.360740853,      -1.381680396,      -1.384848192,       1.206532636
          0,           0,         142,      -4.277816019,       -1.36155741,      -1.386860375,      -1.391012824,       1.202786854
          0,           0,         143,      -4.282317424,      -1.363042002,      -1.392185464,      -1.397351835,       1.198382281
          0,           0,         144,      -4.287213964,      -1.365176508,      -1.397541928,      -1.403689893,       1.193504124
          0,           0,         145,      -4.292330329,      -1.367939438,      -1.402800227,      -1.409845145,       1.188337683
          0,           0,         146,      -4.297483729,       -1.37130238,      -1.407815395,      -1.415634102,       1.183074981
          0,           0,         147,      -4.302479743,      -1.375221444,      -1.412436348,      -1.420879633,       1.177919066
          0,           0,         148,      -4.307104913,      -1.379633303,      -1.416523475,      -1.425424358,       1.173091571
          0,           0,         149,      -4.311126832,      -1.384448736,      -1.419960461,      -1.429145397,       1.168834266
          0,           0,         150,      -4.314318084,      -1.389547493,      -1.422673868,      -1.431969102,       1.165386646
          0,           0,         151,      -4.316532494,      -1.394783664,      -1.424647091,      -1.433887872,       1.162912298
          0,           0,         152,      -4.317776966,      -1.400000017,      -1.425929983,      -1.434965842,       1.161426782
          0,           0,         153,      -4.318212252,      -1.405049718,       -1.42663982,      -1.435335574,       1.160790376
          0,           0,         154,      -4.318106234,      -1.409821091,      -1.426948817,        -1.4351839,       1.160749864
          0,           0,         155,      -4.317780861,      -1.414260078,      -1.427065676,      -1.434728128,       1.160989187
          0,           0,         156,      -4.317559067,      -1.418380424,      -1.427210498,      -1.434194441,       1.161182541
          0,           0,         157,      -4.317745385,      -1.422269135,       -1.42759949,      -1.433790212,        1.16101836
          0,           0,         158,      -4.318604735,      -1.426081062,      -1.428421372,      -1.433706492,       1.160220607
          0,           0,         159,      -4.320348255,       -1.43001991,      -1.429825336,      -1.434095894,       1.158564708
          0,           0,         160,      -4.323167137,      -1.434329349,       -1.43192321,      -1.435076731,       1.155846881
          0,           0,         161,      -4.327221849,      -1.439279798,       -1.43478628,      -1.436733044,       1.151894359
          0,           0,         162,      -4.332665745,      -1.445160431,      -1.438452364,      -1.439121335,       1.146543071
          0,           0,         163,      -4.339642468,      -1.452272312,      -1.442927029,      -1.442273697,       1.139638787
          0,           0,         164,      -4.348266681,      -1.460919211,       -1.44818753,       -1.44620215,       1.131054222
          0,           0,         165,      -4.358634756,      -1.471398602,      -1.454190813,       -1.45090731,       1.120679429
          0,           0,         166,      -4.370828119,      -1.484000686,      -1.460884274,      -1.456383379,        1.10841899
          0,           0,         167,      -4.384867934,      -1.498993516,      -1.468206349,      -1.462620779,       1.094231782
          0,           0,         168,      -4.400745957,      -1.516623791,      -1.476104038,      -1.469619246,       1.078105425
          0,           0,         169,      -4.418392827,      -1.537107331,      -1.484531442,       -1.47738114,       1.060085387
          0,           0,         170,       -4.43766213,      -1.560613848,      -1.493455586,      -1.485914395,       1.040292628
          0,           0,         171,      -4.458307398,      -1.587242517,      -1.502854365,        -1.4952254,       1.018950298
          0,           0,         172,      -4.479953498,       -1.61699016,      -1.512709758,      -1.505312251,      0.9964172825
          0,           0,         173,      -4.502103244,      -1.649702838,      -1.523002461,      -1.516154278,      0.9731903179
          0,           0,         174,      -4.524101152,      -1.685001024,      -1.533706484,       -1.52770343,       0.949950796
          0,           0,         175,      -4.545179024,      -1.722181489,      -1.544781242,      -1.539881157,      0.9275296514
          0,           0,         176,      -4.564518456,      -1.760097847,      -1.556172099,      -1.552579607,      0.9068491103
          0,           0,         177,      -4.581365419,      -1.797060709,      -1.567805914,      -1.565664242,      0.8888021407
          0,           0,         178,      -4.595141321,      -1.830831467,      -1.579595014,      -1.578978943,      0.8741163032
          0,           0,         179,      -4.605541918,      -1.858856836,       -1.59143739,      -1.592351775,      0.8632186385
          0,           0,         180,      -4.612593726,      -1.878840098,      -1.603223838,      -1.605605941,      0.8561459246
          0,           0,         181,       -4.61664596,      -1.889506203,        -1.6148463,      -1.618572495,      0.8525384961
          0,           0,         182,      -4.618301675,      -1.891110339,      -1.626210137,      -1.631104645,      0.8517187059
          0,           0,         183,      -4.618302347,      -1.885312149,      -1.637246361,      -1.643090662,      0.8528349961
          0,           0,         184,      -4.617424885,      -1.874505685,      -1.647918043,      -1.654461339,      0.8549929023
          0,           0,         185,      -4.616392625,      -1.861102957,      -1.658220349,      -1.665188542,      0.8573645769
          0,           0,         186,       -4.61583411,      -1.847100986,      -1.668180453,      -1.675284459,      0.8592407862
          0,           0,         187,      -4.616257543,      -1.833950157,      -1.677851413,      -1.684795881,      0.8600564589
          0,           0,         188,      -4.618036915,      -1.822591965,      -1.687300291,      -1.693793805,      0.8593996712
          0,           0,         189,      -4.621417916,      -1.813561845,      -1.696596746,      -1.702363829,      0.8570000892
          0,           0,         190,       -4.62655483,      -1.807136617,      -1.705819759,      -1.710610252,      0.8526885201
          0,           0,         191,      -4.633544636,      -1.803458121,      -1.715061216,       -1.71865461,      0.8463598255
          0,           0,         192,      -4.642422494,      -1.802581261,      -1.724412659,      -1.726622569,      0.8379737917
          0,           0,         193,      -4.653161993,      -1.804503594,       -1.73395349,      -1.734631698,      0.8275529392
          0,           0,         194,      -4.665680322,      -1.809177479,      -1.743746143,      -1.742783943,      0.8151772706
          0,           0,         195,      -4.679821585,      -1.816524185,       -1.75382829,      -1.751161304,      0.8009987994
          0,           0,         196,      -4.695373935,       -1.82643731,      -1.764211476,      -1.759824431,      0.7852277589
          0,           0,         197,      -4.712054263,      -1.838785522,      -1.774880909,      -1.768810686,      0.7681496221
          0,           0,         198,      -4.729515169,      -1.853400244,      -1.785791814,      -1.778130775,      0.7501194069
          0,           0,         199,      -4.747330449,      -1.870058931,      -1.796872108,      -1.787770419,      0.7315797629
          0,           0,         200,       -4.76501408,      -1.888463664,      -1.808024384,      -1.797692309,      0.7130461235
          0,           0,         201,      -4.782041259,       -1.90821866,      -1.819130227,      -1.807837828,      0.6950883311
          0,           0,         202,      -4.797895704,      -1.928799919,      -1.830055763,      -1.818128282,      0.6782840621
          0,           0,         203,      -4.812101816,       -1.94953639,       -1.84065494,      -1.828466382,      0.6631817474
          0,           0,         204,       -4.82428065,      -1.969602239,      -1.850773226,      -1.838734093,      0.6502364378
          0,           0,         205,      -4.834183336,      -1.988046152,        -1.8602538,      -1.848792851,      0.6397631502
          0,           0,         206,      -4.841706263,       -2.00386848,      -1.868945236,      -1.858485563,      0.6319091033
          0,           0,         207,      -4.846903515,      -2.016155247,      -1.876717762,      -1.867651762,      0.6266335198
          0,           0,         208,      -4.849988365,      -2.024238961,      -1.883488352,        -1.8761487,      0.6237059027
          0,           0,         209,      -4.851326227,      -2.027848906,      -1.889242468,      -1.883875936,      0.6227195219
          0,           0,         210,      -4.851390051,      -2.027183189,      -1.894043272,      -1.890792028,      0.6231463833
          0,           0,         211,      -4.850697146,      -2.022860563,      -1.898022685,      -1.896916349,      0.6244109827
          0,           0,         212,      -4.849744501,      -2.015775148,      -1.901360943,      -1.902321283,      0.6259627682
          0,           0,         213,      -4.848962962,      -2.006911726,      -1.904268051,      -1.907120856,      0.6273268837
          0,           0,         214,      -4.848700564,      -1.997198071,      -1.906965337,      -1.911460665,      0.6281225877
          0,           0,         215,      -4.849222945,      -1.987415639,       -1.90967305,      -1.915507382,      0.6280621611
          0,           0,         216,      -4.850723605,      -1.978176533,      -1.912599854,      -1.919437286,      0.6269392369
          0,           0,         217,      -4.853333246,        -1.9699276,        -1.9159332,      -1.923424914,      0.6246168497
          0,           0,         218,      -4.857133307,      -1.962980926,      -1.919834488,      -1.927635306,       0.621012441
          0,           0,         219,      -4.862163109,      -1.957542673,      -1.924435984,      -1.932217579,      0.6160885822
          0,           0,         220,      -4.868429816,       -1.95373943,      -1.929840583,      -1.937300761,      0.6098421768
          0,           0,         221,      -4.875906706,      -1.951638238,      -1.936120332,      -1.942990867,      0.6023045835
          0,           0,         222,      -4.884548341,      -1.951263965,      -1.943320065,      -1.949370039,      0.5935270417
          0,           0,         223,      -4.894277179,      -1.952610153,      -1.951456957,      -1.956497426,       0.583592973
          0,           0,         224,      -4.904991171,      -1.955646495,      -1.960523497,       -1.96440797,      0.5726112906
          0,           0,         225,       -4.91655732,      -1.960325409,      -1.970487498,      -1.973113159,      0.5607224695
          0,           0,         226,      -4.928809698,      -1.966583165,      -1.981294287,      -1.982601601,       0.548101627
          0,           0,         227,      -4.941548906,      -1.974341312,      -1.992865698,      -1.992838971,      0.5349599769
          0,           0,         228,      -4.954532683,      -1.983507935,      -2.005100601,      -2.003767319,      0.5215548825
          0,           0,         229,      -4.967485845,      -1.993972738,      -2.017873556,      -2.015304805,      0.5081809579
          0,           0,         230,      -4.980107191,      -2.005606591,      -2.031036953,      -2.027344083,       0.495162442
          0,           0,         231,      -4.992082404,       -2.01825822,      -2.044419007,      -2.039750964,      0.4828419764
          0,           0,         232,      -5.003103182,       -2.03175213,      -2.057825766,      -2.052364706,      0.4715572472
          0,           0,         233,       -5.01289361,      -2.045886733,      -2.071044777,      -2.064999659,      0.4616120952
          0,           0,         234,      -5.021235897,      -2.060433397,      -2.083852809,      -2.077449933,      0.4532469401
          0,           0,         235,      -5.027986118,      -2.075136762,      -2.096022008,      -2.089496935,      0.4466194046
          0,           0,         236,      -5.033076611,      -2.089719632,      -2.107336023,      -2.100920376,       0.441799194
          0,           0,         237,       -5.03651981,      -2.103886828,      -2.117604226,      -2.111511029,      0.4387647189
          0,           0,         238,       -5.03841989,      -2.117337754,      -2.126679044,       -2.12108834,      0.4373933851
          0,           0,         239,      -5.038977035,      -2.129786684,      -2.134471075,      -2.129517947,      0.4374596522
          0,           0,         240,      -5.038487272,      -2.140991126,       -2.14096345,      -2.136726803,      0.4386387742
          0,           0,         241,      -5.037326733,      -2.150783895,      -2.146215574,      -2.142713229,      0.4405256474
          0,           0,         242,      -5.035926263,      -2.159099679,      -2.150358738,      -2.147549033,      0.4426630475
          0,           0,         243,       -5.03473123,      -2.165992101,      -2.153583369,      -2.151372427,      0.4445832352
          0,           0,         244,      -5.034160582,      -2.171632787,      -2.156121509,      -2.154372504,      0.4458488215
          0,           0,         245,      -5.034573657,      -2.176290547,      -2.158226116,      -2.156771136,      0.4460852716
          0,           0,         246,      -5.036252401,      -2.180298855,      -2.160152471,      -2.158805041,      0.4449977823
          0,           0,         247,      -5.039389033,      -2.184015183,       -2.16214141,      -2.160708457,      0.4423823524
          0,           0,         248,      -5.044083228,      -2.187781378,      -2.164406202,      -2.162699732,      0.4381280675
          0,           0,         249,      -5.050353823,      -2.191897936,      -2.167126908,      -2.164974274,      0.4322056117
          0,           0,         250,      -5.058170255,      -2.196620424,      -2.170452519,      -2.167703862,      0.4246370288
          0,           0,         251,      -5.067468391,      -2.202165553,      -2.174504229,      -2.171035369,       0.415480176
          0,           0,         252,      -5.078159603,      -2.208716932,      -2.179375224,      -2.175090262,      0.4048200026
          0,           0,         253,      -5.090131009,      -2.216427127,      -2.185129856,      -2.179961042,      0.3927681279
          0,           0,         254,      -5.103241241,      -2.225416833,       -2.19180146,      -2.185711202,      0.3794666876
          0,           0,         255,      -5.117314913,      -2.235777245,      -2.199391412,      -2.192374988,      0.3650936654
          0,           0,         256,      -5.132142844,      -2.247571813,      -2.207869548,      -2.199956967,      0.3498637542
          0,           0,         257,      -5.147475752,       -2.26083557,      -2.217174291,      -2.208431935,      0.3340347744
          0,           0,         258,      -5.163032074,      -2.275573524,      -2.227211505,      -2.217745323,      0.3179018843
          0,           0,         259,      -5.178488411,      -2.291753488,      -2.237855618,      -2.227812817,      0.3018070177
          0,           0,         260,      -5.193490875,      -2.309295387,      -2.248949119,      -2.238519682,      0.2861289311
          0,           0,         261,      -5.207666502,      -2.328057215,      -2.260304013,      -2.249719315,       0.271271519
          0,           0,         262,      -5.220645604,      -2.347815528,      -2.271703614,      -2.261231692,      0.2576404371
          0,           0,         263,      -5.232092188,      -2.368247241,      -2.282907322,      -2.272843998,      0.2456099327
          0,           0,         264,       -5.24173823,      -2.388915306,      -2.293659247,      -2.284314754,      0.2354837596
          0,           0,         265,      -5.249409466,      -2.409263394,      -2.303701896,      -2.295383148,      0.2274642072
          0,           0,         266,      -5.255036478,       -2.42862819,      -2.312795281,      -2.305783369,       0.221636248
          0,           0,         267,      -5.258660273,      -2.446280076,      -2.320737786,      -2.315264397,       0.217960396
          0,           0,         268,      -5.260432382,      -2.461493273,      -2.327387705,      -2.323611675,      0.2162735108
          0,           0,         269,      -5.260607617,      -2.473640349,      -2.332679821,      -2.330671143,       0.216299197
          0,           0,         270,      -5.259525116,      -2.482299235,      -2.336636157,        -2.3363703,      0.2176706106
          0,           0,         271,      -5.257582692,      -2.487335463,      -2.339368648,      -2.340731159,      0.2199608185
          0,           0,         272,      -5.255200384,      -2.488933242,      -2.341067674,      -2.343867929,      0.2227227394
          0,           0,         273,      -5.252790511,       -2.48756126,      -2.341981279,      -2.345971054,      0.2255215246
          0,           0,         274,      -5.250727628,      -2.483890136,      -2.342390015,       -2.34728308,      0.2279650165
          0,           0,         275,      -5.249337793,      -2.478685449,      -2.342581768,      -2.348072477,      0.2297147453
          0,           0,         276,      -5.248893661,       -2.47271201,      -2.342831524,      -2.348612574,      0.2304896542
          0,           0,         277,      -5.249604812,      -2.466659091,      -2.343384298,      -2.349161805,      0.2300743107
          0,           0,         278,      -5.251616629,      -2.461093116,       -2.34444451,      -2.349949723,      0.2283181257
          0,           0,         279,      -5.255027797,      -2.456455313,      -2.346177877,      -2.351174549,      0.2251178071
          0,           0,         280,      -5.259909476,      -2.453091961,      -2.348719348,      -2.353007462,      0.2203989742
          0,           0,         281,      -5.266324871,      -2.451277853,       -2.35217604,      -2.355590942,      0.2140975819
          0,           0,         282,      -5.274314102,       -2.45122486,      -2.356625998,       -2.35903661,      0.2061730964
          0,           0,         283,      -5.283890706,      -2.453091773,      -2.362117368,      -2.363424866,      0.1966110065
          0,           0,         284,      -5.295047648,       -2.45699657,      -2.368671192,      -2.368807883,      0.1854170461
          0,           0,         285,      -5.307730812,      -2.463020123,      -2.376279367,      -2.375209534,      0.1726415146
          0,           0,         286,       -5.32187036,      -2.471217808,       -2.38491033,      -2.382630386,      0.1583513079
          0,           0,         287,      -5.337356354,      -2.481622491,      -2.394508182,      -2.391047299,      0.1426526511
          0,           0,         288,      -5.354034563,       -2.49424424,      -2.404994378,      -2.400416028,      0.1256961391
          0,           0,         289,      -5.371700172,      -2.509067622,       -2.41626906,      -2.410672875,      0.1076843315
          0,           0,         290,       -5.39008772,       -2.52604184,      -2.428212353,      -2.421736014,     0.08888241093
          0,           0,         291,      -5.408865777,      -2.545067444,      -2.440686408,      -2.433506111,      0.0696262084
          0,           0,         292,      -5.427634082,      -2.565973118,      -2.453535751,      -2.445866225,     0.05032707142
          0,           0,         293,      -5.445927623,      -2.588481654,      -2.466587893,      -2.458679908,     0.03147019074
          0,           0,         294,      -5.463237031,      -2.612172565,      -2.479654165,      -2.471788245,     0.01359523757
          0,           0,         295,      -5.479045205,      -2.636442974,      -2.492531047,      -2.485006661,   -0.002740793501
          0,           0,         296,       -5.49288486,      -2.660482086,      -2.505004683,      -2.498125226,    -0.01702467513
          0,           0,         297,      -5.504400111,      -2.683280425,      -2.516860232,      -2.510914146,    -0.02885548857
          0,           0,         298,      -5.513395051,      -2.703695751,      -2.527896476,      -2.523135576,    -0.03800204747
          0,           0,         299,      -5.519860089,      -2.720591591,      -2.537943934,      -2.534561257,     -0.0444370213
          0,           0,         300,      -5.523974733,      -2.733036853,      -2.546883256,      -2.544994213,    -0.04834333803
          0,           0,         301,      -5.526084091,       -2.74051124,      -2.554659918,      -2.554291339,    -0.05008933162
          0,           0,         302,      -5.526652086,      -2.743031777,      -2.561293192,      -2.562383976,    -0.05017544304
          0,           0,         303,      -5.526199294,      -2.741139002,      -2.566879006,      -2.569289192,     -0.0491650104
          0,           0,         304,      -5.525247818,      -2.735754352,      -2.571582502,      -2.575108149,    -0.04762143994
          0,           0,         305,      -5.524280764,      -2.727977215,      -2.575619912,      -2.580011122,    -0.04606291511
          0,           0,         306,      -5.523717717,      -2.718900316,      -2.579236791,      -2.584214271,    -0.04493608168
          0,           0,         307,      -5.523905316,      -2.709490563,      -2.582684647,      -2.587955871,    -0.04460676462
          0,           0,         308,      -5.525118511,      -2.700537936,      -2.586204568,      -2.591477868,     -0.0453623672
          0,           0,         309,      -5.527563315,      -2.692648606,      -2.590014552,       -2.59501086,     -0.0474165232
          0,           0,         310,      -5.531381774,       -2.68625773,      -2.594299715,      -2.598762793,    -0.05091573808
          0,           0,         311,      -5.536649303,      -2.681646575,      -2.599205466,      -2.602909983,    -0.05593974478
          0,           0,         312,      -5.543394512,      -2.678987184,        -2.6048412,      -2.607597073,    -0.06252128224
          0,           0,         313,      -5.551616167,      -2.678391879,      -2.611287296,      -2.612939968,    -0.07066206626
          0,           0,         314,      -5.561277357,      -2.679935563,      -2.618595322,      -2.619024303,    -0.08032745255
          0,           0,         315,        -5.5723019,      -2.683661344,      -2.626785355,      -2.625903098,    -0.09144266012
          0,           0,         316,      -5.584568411,      -2.689583842,      -2.635845055,      -2.633596924,     -0.1038870449
          0,           0,         317,      -5.597904748,       -2.69769101,       -2.64572807,      -2.642095913,      -0.117488267
          0,           0,         318,      -5.612081804,      -2.707942456,      -2.656354523,      -2.651359819,      -0.132015144
          0,           0,         319,      -5.626826236,       -2.72027095,      -2.667614124,      -2.661319653,     -0.1471880709
          0,           0,         320,      -5.641792687,      -2.734570474,      -2.679362764,       -2.67187664,     -0.1626521542
          0,           0,         321,      -5.656588075,      -2.750686187,      -2.691426561,      -2.682905796,     -0.1779982527
          0,           0,         322,       -5.67078805,      -2.768398599,      -2.703605777,      -2.694257719,     -0.1927783018
          0,           0,         323,      -5.683962911,      -2.787402764,      -2.715680854,      -2.705761799,     -0.2065311884
          0,           0,         324,      -5.695715435,      -2.807283071,       -2.72741811,      -2.717229137,      -0.218822242
          0,           0,         325,      -5.705721859,      -2.827492093,      -2.738580289,      -2.728455795,     -0.2292880159
          0,           0,         326,        -5.7137651,      -2.847340603,      -2.748936275,      -2.739227557,     -0.2376751388
          0,           0,         327,      -5.719745776,      -2.866010515,      -2.758274646,      -2.749327777,     -0.2438575862
          0,           0,         328,      -5.723674813,      -2.882604268,      -2.766420277,      -2.758550782,     -0.2478343189
          0,           0,         329,      -5.725672267,      -2.896242367,      -2.773254738,      -2.766722065,     -0.2497295544
          0,           0,         330,        -5.7259768,      -2.906202954,       -2.77873566,      -2.773720614,     -0.2497997841
          0,           0,         331,      -5.724941458,      -2.912070667,      -2.782908836,      -2.779497887,     -0.2484249921
          0,           0,         332,      -5.722998956,      -2.913835886,        -2.7859058,      -2.784086672,     -0.2460694136
          0,           0,         333,      -5.720608509,      -2.911898951,       -2.78792865,      -2.787597187,     -0.2432243404
          0,           0,         334,      -5.718206345,       -2.90697559,      -2.789228464,      -2.790203632,     -0.2403553237
          0,           0,         335,      -5.716176464,       -2.89994786,      -2.790081867,       -2.79212551,     -0.2378710971
          0,           0,         336,      -5.714839878,      -2.891722184,      -2.790769337,      -2.793605938,     -0.2361114321
          0,           0,         337,      -5.714452566,       -2.88312662,      -2.791557541,      -2.794892973,      -0.235345622
          0,           0,         338,      -5.715209241,      -2.874857499,      -2.792686358,      -2.796224789,     -0.2357772545
          0,           0,         339,      -5.717248971,      -2.867464787,      -2.794361488,      -2.797819152,     -0.2375510237
          0,           0,         340,      -5.720661619,      -2.861359999,      -2.796751075,      -2.799866709,     -0.2407603342
          0,           0,         341,      -5.725500016,      -2.856836771,      -2.799986194,      -2.802528293,     -0.2454599068
          0,           0,         342,      -5.731764205,      -2.854090374,      -2.804159763,      -2.805931739,     -0.2516525195
          0,           0,         343,      -5.739436117,      -2.853244268,      -2.809331702,      -2.810174621,      -0.259321044
          0,           0,         344,      -5.748464987,      -2.854371268,      -2.815530358,      -2.815322561,     -0.2684154836
          0,           0,         345,      -5.758768115,      -2.857511685,      -2.822755873,      -2.821411976,     -0.2788533293
          0,           0,         346,      -5.770223222,      -2.862681446,      -2.830981327,      -2.828451136,     -0.2905118158
          0,           0,         347,      -5.782666978,      -2.869873035,      -2.840152709,      -2.836421139,     -0.3032255548
          0,           0,         348,      -5.795887724,      -2.879053684,      -2.850187041,      -2.845276063,     -0.3167787394
          0,           0,         349,      -5.809624225,      -2.890162649,      -2.860972421,      -2.854943071,     -0.3309028285
          0,           0,         350,      -5.823566848,      -2.903106903,      -2.872368147,      -2.865322922,     -0.3452765332
          0,           0,         351,      -5.837364251,      -2.917754604,      -2.884206813,      -2.876290581,     -0.3595313624
          0,           0,         352,      -5.850636013,      -2.933925644,      -2.896296174,      -2.887696095,     -0.3732637049
          0,           0,         353,      -5.862996591,      -2.951378449,      -2.908423077,      -2.899366071,     -0.3860590717
          0,           0,         354,      -5.874085635,      -2.969795446,      -2.920358551,      -2.911105864,     -0.3975244098
          0,           0,         355,      -5.883602938,      -2.988770925,      -2.931864911,      -2.922702662,     -0.4073264789
          0,           0,         356,      -5.891329521,      -3.007804819,      -2.942705157,      -2.933930968,     -0.4152178355
          0,           0,         357,      -5.897129187,      -3.026306642,      -2.952656092,      -2.944560557,     -0.4210425845
          0,           0,         358,      -5.900950486,        -3.0436177,      -2.961524313,      -2.954369627,     -0.4247416823
          0,           0,         359,      -5.902856541,      -3.059057503,      -2.969168056,      -2.963164336,     -0.4263828622
          0,           0,         360,       -5.90304989,      -3.071999196,      -2.975513165,      -2.970800743,     -0.4261848003
          0,           0,         361,      -5.901867153,      -3.081964408,      -2.980565332,      -2.977203642,     -0.4245082372
          0,           0,         362,      -5.899738674,      -3.088710761,      -2.984412291,       -2.98237788,     -0.4218124807
          0,           0,         363,      -5.897136353,       -3.09228365,      -2.987216252,       -2.98640907,     -0.4185996041
          0,           0,         364,      -5.894524155,      -3.093012241,      -2.989197666,      -2.989453135,     -0.4153616598
          0,           0,         365,      -5.892325546,      -3.091450223,      -2.990613965,      -2.991717814,      -0.412545726
          0,           0,         366,      -5.890899679,      -3.088283346,      -2.991735796,      -2.993439867,     -0.4105297451
          0,           0,         367,       -5.89053961,      -3.084235166,      -2.992828503,      -2.994865729,     -0.4096205668
          0,           0,         368,      -5.891475409,      -3.079993707,      -2.994137769,      -2.996236926,     -0.4100578509
          0,           0,         369,       -5.89387349,      -3.076160929,      -2.995878756,      -2.997777876,     -0.4120149556
          0,           0,         370,      -5.897826863,      -3.073216557,      -2.998225287,      -2.999683034,     -0.4155914193
          0,           0,         371,      -5.903357815,      -3.071508712,      -3.001305284,      -3.002110658,     -0.4208169668
          0,           0,         372,      -5.910453862,      -3.071289905,      -3.005212451,      -3.005189922,     -0.4276858164
          0,           0,         373,      -5.919093766,       -3.07275965,      -3.010017713,      -3.009027216,     -0.4361810428
          0,           0,         374,      -5.929236255,      -3.076076744,        -3.0157672,      -3.013702693,     -0.4462642285
          0,           0,         375,      -5.940807833,      -3.081359869,      -3.022477548,      -3.019266976,     -0.4578645919
          0,           0,         376,      -5.953695172,       -3.08869126,      -3.030135243,      -3.025741496,     -0.4708720468
          0,           0,         377,        -5.9677396,      -3.098120523,      -3.038697115,      -3.033119987,     -0.4851315276
          0,           0,         378,      -5.982732886,      -3.109666285,      -3.048090527,      -3.041369706,     -0.5004380871
          0,           0,         379,      -5.998413839,       -3.12331492,      -3.058214868,      -3.050432397,     -0.5165321256
          0,           0,         380,      -6.014466056,      -3.139015001,      -3.068942509,      -3.060225669,     -0.5330955853
          0,           0,         381,      -6.030521983,      -3.156665984,      -3.080121374,      -3.070644563,     -0.5497535456
          0,           0,         382,       -6.04617092,      -3.176099238,      -3.091577291,      -3.081562074,     -0.5660799058
          0,           0,         383,      -6.060975668,      -3.197050973,      -3.103116263,       -3.09282835,     -0.5816120835
          0,           0,         384,      -6.074498647,      -3.219129076,      -3.114526709,      -3.104268655,     -0.5958766555
          0,           0,         385,      -6.086341764,      -3.241783817,      -3.125582816,      -3.115682042,     -0.6084308885
          0,           0,         386,      -6.096185084,      -3.264284536,      -3.136052436,      -3.126843414,     -0.6189066331
          0,           0,         387,      -6.103822498,      -3.285728141,      -3.145709656,      -3.137512721,     -0.6270532633
          0,           0,         388,      -6.109180346,      -3.305088149,      -3.154354618,      -3.147451242,     -0.6327639036
          0,           0,         389,      -6.112327641,      -3.321322018,      -3.161835185,      -3.156443472,     -0.6360909848
          0,           0,         390,       -6.11347971,      -3.333534965,      -3.168065985,      -3.164320791,     -0.6372513946
          0,           0,         391,      -6.112983045,      -3.341162499,      -3.173041146,      -3.170982482,     -0.6366093329
          0,           0,         392,      -6.111279752,      -3.344104475,      -3.176838354,       -3.17641092,     -0.6346360382
          0,           0,         393,      -6.108861867,      -3.342749688,      -3.179613571,      -3.180676151,     -0.6318579233
          0,           0,         394,      -6.106210871,      -3.337878647,      -3.181583026,      -3.183924861,     -0.6287913804
          0,           0,         395,      -6.103774819,      -3.330489135,      -3.183001472,      -3.186361064,     -0.6259149417
          0,           0,         396,      -6.101937062,      -3.321621684,      -3.184136796,      -3.188221048,     -0.6236371136
          0,           0,         397,      -6.101012514,      -3.312231788,      -3.185250681,      -3.189753007,     -0.6222921282
          0,           0,         398,      -6.101251725,      -3.303124489,      -3.186585382,      -3.191201754,     -0.6221444871
          0,           0,         399,      -6.102846824,      -3.294936659,       -3.18835522,      -3.192797449,     -0.6233960115
          0,           0,         400,      -6.105935914,      -3.288144818,      -3.190741045,      -3.194746811,     -0.6261917032
          0,           0,         401,       -6.11060311,      -3.283082424,      -3.193886407,      -3.197226216,     -0.6306216064
          0,           0,         402,      -6.116888549,      -3.279966506,      -3.197897789,      -3.200379329,     -0.6367313678
          0,           0,         403,      -6.124796714,      -3.278930673,      -3.202848167,       -3.20431769,     -0.6445308014
          0,           0,         404,      -6.134304638,      -3.280056849,      -3.208781191,      -3.209122651,     -0.6540015672
          0,           0,         405,      -6.145361498,      -3.283396591,      -3.215714136,      -3.214847102,     -0.6650966507
          0,           0,         406,      -6.157883361,       -3.28898109,      -3.223638888,      -3.221516981,     -0.6777350914
          0,           0,         407,      -6.171746394,      -3.296822151,      -3.232521511,      -3.229132318,     -0.6917951985
          0,           0,         408,      -6.186780506,      -3.306910285,      -3.242301469,      -3.237668151,     -0.7071078794
          0,           0,         409,      -6.202761265,      -3.319210116,      -3.252891208,      -3.247075103,     -0.7234479078
          0,           0,         410,      -6.219408541,      -3.333656256,      -3.264176625,      -3.257280544,     -0.7405308638
          0,           0,         411,      -6.236383048,      -3.350143734,      -3.276019112,      -3.268189427,     -0.7580080181
          0,           0,         412,      -6.253287648,      -3.368512403,      -3.288256955,      -3.279684719,     -0.7754656936
          0,           0,         413,      -6.269678152,      -3.388525504,      -3.300707839,      -3.291627798,     -0.7924341318
          0,           0,         414,      -6.285083874,      -3.409841691,      -3.313171327,      -3.303857877,     -0.8084073923
          0,           0,         415,      -6.299040373,      -3.431984087,      -3.325431659,      -3.316190356,     -0.8228777232
          0,           0,         416,      -6.311133127,      -3.454315159,      -3.337262191,      -3.328417085,     -0.8353838259
          0,           0,         417,      -6.321044181,      -3.476029868,      -3.348435091,      -3.340310608,     -0.8455645211
          0,           0,         418,      -6.328589477,      -3.496182754,      -3.358736134,      -3.351634978,     -0.8532041928
          0,           0,         419,       -6.33374324,      -3.513765455,      -3.367984594,      -3.362163312,     -0.8582637813
          0,           0,         420,      -6.336649094,      -3.527840601,      -3.376053724,      -3.371699522,     -0.8608943826
          0,           0,         421,      -6.337613097,      -3.537711312,      -3.382886817,      -3.380100191,      -0.861427734
          0,           0,         422,      -6.337066607,      -3.543075976,      -3.388504599,      -3.387291566,     -0.8603331911
          0,           0,         423,      -6.335511399,      -3.544099969,      -3.393005161,      -3.393280333,     -0.8581554417
          0,           0,         424,      -6.333460967,      -3.541372211,      -3.396555412,      -3.398154064,     -0.8554493934
          0,           0,         425,      -6.331395236,       -3.53576805,       -3.39937539,      -3.402070524,      -0.852730354
          0,           0,         426,      -6.329733446,      -3.528278843,      -3.401716756,      -3.405238055,     -0.8504449417
          0,           0,         427,      -6.328822887,       -3.51986699,      -3.403840488,       -3.40789288,      -0.848959876
          0,           0,         428,      -6.328938806,      -3.511375716,       -3.40599844,       -3.41027913,     -0.8485630953
          0,           0,         429,      -6.330290326,      -3.503491924,      -3.408420503,      -3.412633768,     -0.8494713081
          0,           0,         430,      -6.333027519,      -3.496744224,      -3.411306591,      -3.415175816,     -0.8518388055
          0,           0,         431,       -6.33724735,      -3.491518157,      -3.414822038,      -3.418098825,     -0.8557648518
          0,           0,         432,      -6.342999718,      -3.488079646,      -3.419096357,      -3.421566685,      -0.861301192
          0,           0,         433,       -6.35029501,      -3.486603495,      -3.424225107,      -3.425712641,     -0.8684600772
          0,           0,         434,      -6.359108877,      -3.487199333,      -3.430272458,      -3.430639586,     -0.8772193068
          0,           0,         435,      -6.369381089,      -3.489928105,       -3.43727113,      -3.436418734,     -0.8875211564
          0,           0,         436,      -6.381011801,      -3.494813309,      -3.445220657,      -3.443087847,     -0.8992684554
          0,           0,         437,      -6.393860267,      -3.501853456,      -3.454089437,      -3.450652561,     -0.9123225969
          0,           0,         438,      -6.407735375,      -3.511028555,      -3.463817215,      -3.459089445,     -0.9264935925
          0,           0,         439,      -6.422392255,      -3.522297156,      -3.474314768,      -3.468347688,     -0.9415354776
          0,           0,         440,      -6.437528954,      -3.535588263,      -3.485463523,      -3.478349709,      -0.957141573
          0,           0,         441,       -6.45278861,      -3.550791169,      -3.497115678,      -3.488991736,     -0.9729450485
          0,           0,         442,      -6.467768997,      -3.567742874,      -3.509096296,      -3.500144961,     -0.9885267597
          0,           0,         443,      -6.482040769,      -3.586211151,       -3.52120692,      -3.511657011,      -1.003432175
          0,           0,         444,      -6.495175602,      -3.605873112,      -3.533230482,      -3.523353396,      -1.017199355
          0,           0,         445,      -6.506782975,      -3.626292307,      -3.544936845,      -3.535038944,      -1.029397573
          0,           0,         446,      -6.516548204,      -3.646900318,      -3.556090523,      -3.546499686,      -1.039669751
          0,           0,         447,      -6.524262012,      -3.666993088,      -3.566461048,      -3.557508555,      -1.047768089
          0,           0,         448,      -6.529830695,      -3.685751961,      -3.575837927,       -3.56783616,      -1.053570919
          0,           0,         449,      -6.533279167,      -3.702301558,      -3.584049638,      -3.577267426,      -1.057090438
          0,           0,         450,      -6.534763375,      -3.715813745,      -3.590984601,      -3.585623868,      -1.058486253
          0,           0,         451,      -6.534575522,      -3.725645489,      -3.596608528,       -3.59278626,      -1.058068359
          0,           0,         452,      -6.533121997,      -3.731471928,      -3.600972111,      -3.598711299,      -1.056270939
          0,           0,         453,      -6.530876122,      -3.733362888,      -3.604206928,      -3.603438294,      -1.053600298
          0,           0,         454,      -6.528322649,      -3.731767749,      -3.606511675,      -3.607084808,      -1.050574773
          0,           0,         455,      -6.525912581,      -3.727415786,      -3.608131951,      -3.609832212,      -1.047675908
          0,           0,         456,      -6.524036863,      -3.721175515,      -3.609337174,      -3.611904698,      -1.045320009
          0,           0,         457,      -6.523016967,       -3.71392351,      -3.610398948,       -3.61354738,      -1.043848062
          0,           0,         458,      -6.523103878,      -3.706453516,      -3.611573712,        -3.6150076,      -1.043525417
          0,           0,         459,      -6.524485505,       -3.69943019,      -3.613091486,      -3.616521364,      -1.044549885
          0,           0,         460,       -6.52729263,      -3.693377742,      -3.615149081,      -3.618303676,      -1.047059119
          0,           0,         461,      -6.531606932,      -3.688688603,      -3.617907447,      -3.620542602,      -1.051139711
          0,           0,         462,      -6.537469336,      -3.685644903,      -3.621492571,      -3.623396943,      -1.056836323
          0,           0,         463,        -6.5448862,      -3.684443427,      -3.625997293,      -3.626995684,      -1.064158429
          0,           0,         464,      -6.553832235,      -3.685215181,      -3.631483496,      -3.631438014,      -1.073083512
          0,           0,         465,      -6.564247133,      -3.688036603,      -3.637980229,      -3.636790895,      -1.083554049
          0,           0,         466,      -6.576034978,      -3.692942468,      -3.645483232,      -3.643087999,      -1.095476531
          0,           0,         467,      -6.589062827,      -3.699943101,      -3.653958997,      -3.650332615,      -1.108719487
          0,           0,         468,      -6.603154294,      -3.709033767,      -3.663348751,      -3.658501596,      -1.123106441
          0,           0,         469,      -6.618082401,       -3.72018911,      -3.673567015,      -3.667546299,      -1.138407936
          0,           0,         470,      -6.633565238,      -3.733355003,      -3.684500016,      -3.677392564,      -1.154335935
          0,           0,         471,      -6.649266232,      -3.748439848,      -3.696005708,      -3.687940995,      -1.170542589
          0,           0,         472,      -6.664799591,      -3.765303606,      -3.707915504,      -3.699067588,      -1.186624149
          0,           0,         473,      -6.679743489,      -3.783742304,      -3.720037135,      -3.710624435,      -1.202132978
          0,           0,         474,      -6.693663096,      -3.803467727,      -3.732158312,      -3.722440281,      -1.216600522
          0,           0,         475,      -6.706143814,      -3.824084632,      -3.744051263,      -3.734321101,      -1.229572454
          0,           0,         476,      -6.716830739,      -3.845071096,      -3.755479036,      -3.746051752,      -1.240652397
          0,           0,         477,      -6.725463105,      -3.865770606,      -3.766205226,      -3.757400847,      -1.249542439
          0,           0,         478,      -6.731893082,      -3.885405864,      -3.776008751,      -3.768130869,      -1.256068325
          0,           0,         479,       -6.73609836,      -3.903125125,      -3.784703323,       -3.77801447,      -1.260196985
          0,           0,         480,      -6.738201097,      -3.918090475,      -3.792158183,      -3.786856224,       -1.26205716
          0,           0,         481,       -6.73847472,      -3.929603066,      -3.798315099,      -3.794515604,      -1.261943985
          0,           0,         482,      -6.737319306,      -3.937235844,      -3.803197679,      -3.800925465,      -1.260289621
          0,           0,         483,      -6.735212518,      -3.940927378,      -3.806911454,      -3.806102187,      -1.257608517
          0,           0,         484,      -6.732653924,       -3.94099797,      -3.809634549,      -3.810144918,       -1.25443646
          0,           0,         485,      -6.730118296,      -3.938080594,      -3.811599872,      -3.813223127,      -1.251279998
          0,           0,         486,      -6.728025759,      -3.932996573,      -3.813072108,      -3.815555701,      -1.248584612
          0,           0,         487,      -6.726729236,      -3.926623756,       -3.81432499,      -3.817388206,      -1.246721834
          0,           0,         488,      -6.726513735,      -3.919793945,      -3.815622866,      -3.818973405,      -1.245989269
          0,           0,         489,      -6.727596217,       -3.91322766,      -3.817205808,      -3.820554868,      -1.246612034
          0,           0,         490,       -6.73011758,      -3.907493898,      -3.819275416,      -3.822351292,      -1.248737256
          0,           0,         491,      -6.734145602,      -3.903000779,      -3.821988192,      -3.824547639,      -1.252438893
          0,           0,         492,      -6.739708395,      -3.900036228,      -3.825465642,      -3.827300583,      -1.257750343
          0,           0,         493,      -6.746819229,      -3.898818111,      -3.829804868,      -3.830743684,      -1.264687998
          0,           0,         494,      -6.755470509,      -3.899512309,      -3.835076761,      -3.834983169,      -1.273245877
          0,           0,         495,      -6.765622518,        -3.9022372,      -3.841322173,      -3.840094311,      -1.283385755
          0,           0,         496,      -6.777197731,       -3.90707048,      -3.848551407,      -3.846121795,      -1.295032178
          0,           0,         497,      -6.790076463,      -3.914056139,      -3.856744753,      -3.853081213,      -1.308068051
          0,           0,         498,      -6.804091825,      -3.923208741,      -3.865852886,      -3.860960228,       -1.32232911
          0,           0,         499,      -6.819024751,      -3.934514713,      -3.875797334,      -3.869719493,      -1.337598063
          0,           0,         500,      -6.834600453,       -3.94793021,      -3.886471309,      -3.879293688,      -1.353599699
          0,           0,         501,      -6.850488051,      -3.963374826,      -3.897741062,      -3.889592787,       -1.36999868
          0,           0,         502,      -6.866305283,       -3.98071994,      -3.909447821,      -3.900503337,      -1.386402085
          0,           0,         503,      -6.881630242,      -3.999770551,      -3.921410236,        -3.9118893,      -1.402369085
          0,           0,         504,      -6.896022016,      -4.020240523,       -3.93342713,      -3.923591991,      -1.417430279
          0,           0,         505,      -6.909051379,      -4.041723606,       -3.94528062,      -3.935429196,      -1.431118772
          0,           0,         506,      -6.920339987,      -4.063666499,      -3.956740657,      -3.947194868,       -1.44301228
          0,           0,         507,      -6.929600055,      -4.085354364,      -3.967573135,      -3.958662172,      -1.452778424
          0,           0,         508,      -6.936661412,      -4.105921935,      -3.977553571,      -3.969592592,      -1.460209038
          0,           0,         509,      -6.941484133,      -4.124404824,        -3.9864861,      -3.979751883,       -1.46523947
          0,           0,         510,      -6.944168915,      -4.139843653,       -3.99422485,      -3.988931612,      -1.467962714
          0,           0,         511,      -6.944961099,      -4.151436037,       -4.00069284,      -3.996972565,      -1.468633373
          0,           0,         512,      -6.944232532,      -4.158699236,      -4.005893641,      -4.003784906,      -1.467646372
          0,           0,         513,      -6.942440288,      -4.161582838,       -4.00991367,      -4.009361159,      -1.465490704
          0,           0,         514,       -6.94007474,       -4.16048075,      -4.012914821,      -4.013778764,      -1.462691908
          0,           0,         515,      -6.937611813,      -4.156136807,      -4.015117976,      -4.017190181,      -1.459759443
          0,           0,         516,      -6.935479222,      -4.149487702,      -4.016780099,      -4.019802776,      -1.457149793
          0,           0,         517,      -6.934039223,      -4.141505081,      -4.018170478,      -4.021855204,      -1.455247995
          0,           0,         518,      -6.933584738,      -4.133081168,      -4.019551051,      -4.023596541,      -1.454363911
          0,           0,         519,      -6.934343388,       -4.12496892,      -4.021162645,      -4.025270506,      -1.454737117
          0,           0,         520,      -6.936483828,      -4.117764689,      -4.023216293,      -4.027104065,      -1.456544487
          0,           0,         521,      -6.940121607,       -4.11191563,      -4.025888304,      -4.029299365,      -1.459907399
          0,           0,         522,      -6.945325752,      -4.107740351,       -4.02931879,      -4.032029075,      -1.464899462
          0,           0,         523,      -6.952127188,      -4.105457451,      -4.033613704,      -4.035435394,      -1.471555513
          0,           0,         524,      -6.960525271,      -4.105214315,      -4.038848472,      -4.039631152,      -1.479878392
          0,           0,         525,      -6.970487846,      -4.107106502,      -4.045069701,      -4.044700107,      -1.489839273
          0,           0,         526,      -6.981946384,      -4.111185942,      -4.052293239,      -4.050694952,       -1.50137308
          0,           0,         527,      -6.994791745,      -4.117467448,       -4.06050126,      -4.057634938,      -1.514374028
          0,           0,         528,       -7.00887172,      -4.125941276,      -4.069644079,      -4.065507535,       -1.52869238
          0,           0,         529,      -7.023986075,      -4.136582658,      -4.079645246,      -4.074273366,      -1.544128556
          0,           0,         530,      -7.039880058,      -4.149348091,      -4.090403216,       -4.08386914,      -1.560425443
          0,           0,         531,       -7.05624103,      -4.164163747,      -4.101790261,      -4.094208188,      -1.577263445
          0,           0,         532,      -7.072699832,      -4.180911693,      -4.113652492,      -4.105180756,      -1.594260121
          0,           0,         533,      -7.088838162,      -4.199412916,      -4.125811818,      -4.116654526,      -1.610975915
          0,           0,         534,      -7.104204664,      -4.219405096,      -4.138069142,      -4.128474908,       -1.62692922
          0,           0,         535,       -7.11834202,      -4.240515621,      -4.150208211,      -4.140464858,      -1.641623985
          0,           0,         536,      -7.130824951,      -4.262234313,      -4.162000361,       -4.15242481,      -1.654590621
          0,           0,         537,      -7.141303531,      -4.283894999,      -4.173211673,      -4.164134702,      -1.665434893
          0,           0,         538,      -7.149540171,      -4.304678673,       -4.18361481,      -4.175360904,      -1.673882174
          0,           0,         539,      -7.155432804,      -4.323652855,      -4.193006589,      -4.185869814,      -1.679807721
          0,           0,         540,      -7.159031065,      -4.339859993,      -4.201229037,      -4.195447718,      -1.683257346
          0,           0,         541,       -7.16054554,      -4.352455675,      -4.208188997,      -4.203923858,      -1.684456708
          0,           0,         542,      -7.160333989,      -4.360869624,      -4.213871124,        -4.2111914,      -1.683793443
          0,           0,         543,      -7.158858838,      -4.364934255,      -4.218341753,      -4.217221823,      -1.681768355
          0,           0,         544,      -7.156628922,      -4.364924945,       -4.22174367,      -4.222069993,      -1.678930697
          0,           0,         545,       -7.15414469,      -4.361493153,      -4.224282509,      -4.225868075,      -1.675818111
          0,           0,         546,      -7.151859522,      -4.355524004,      -4.226206309,      -4.228808824,      -1.672914728
          0,           0,         547,       -7.15015926,      -4.347977175,      -4.227782148,       -4.23112301,      -1.670629652
          0,           0,         548,       -7.14935633,      -4.339760683,      -4.229275023,      -4.233057426,      -1.669291592
          0,           0,         549,      -7.149693012,      -4.331657304,      -4.230932112,      -4.234857382,      -1.669153411
          0,           0,         550,      -7.151348344,      -4.324297098,      -4.232972554,      -4.236754026,      -1.670400591
          0,           0,         551,      -7.154445123,      -4.318159218,      -4.235581541,      -4.238955471,      -1.673159788
          0,           0,         552,      -7.159056859,      -4.313589484,       -4.23890792,      -4.241641247,      -1.677507105
          0,           0,         553,      -7.165215799,      -4.310826764,      -4.243065108,      -4.244960095,      -1.683476912
          0,           0,         554,      -7.172920084,      -4.310031815,      -4.248134054,      -4.249030177,      -1.691069321
          0,           0,         555,      -7.182136255,      -4.311310702,      -4.254165919,      -4.253939884,      -1.700252845
          0,           0,         556,      -7.192796779,      -4.314729363,      -4.261183422,       -4.25974856,      -1.710962078
          0,           0,         557,      -7.204795199,      -4.320321313,      -4.269181444,      -4.266487494,      -1.723092891
          0,           0,         558,      -7.217980481,       -4.32809068,      -4.278127017,      -4.274160833,      -1.736496559
          0,           0,         559,      -7.232151146,       -4.33801123,       -4.28795726,       -4.28274456,      -1.750973198
          0,           0,         560,      -7.247050314,      -4.350024156,      -4.298574904,      -4.292182639,      -1.766265393
          0,           0,         561,      -7.262363346,      -4.364038691,      -4.309847403,       -4.30238537,      -1.782053992
          0,           0,         562,      -7.277720688,       -4.37993066,       -4.32161374,      -4.313234845,      -1.797959204
          0,           0,         563,      -7.292709643,      -4.397528796,      -4.333691407,      -4.324591456,      -1.813550493
          0,           0,         564,      -7.306896618,      -4.416590917,      -4.345878977,       -4.33629589,      -1.828367295
          0,           0,         565,      -7.319857809,      -4.436777343,      -4.357958099,      -4.348168531,      -1.841949993
          0,           0,         566,      -7.331215796,      -4.457626405,      -4.369697742,      -4.360009011,      -1.853879332
          0,           0,         567,      -7.340676325,      -4.478538155,      -4.380861696,      -4.371598005,      -1.863818384
          0,           0,         568,      -7.348053092,      -4.498775186,      -4.391220331,      -4.382703539,      -1.871543902
          0,           0,         569,      -7.353275528,      -4.517491331,      -4.400566996,      -4.393093326,      -1.876960331
          0,           0,         570,      -7.356396023,      -4.533800818,      -4.408738046,      -4.402553437,       -1.88011088
          0,           0,         571,      -7.357602815,      -4.546893178,      -4.415633271,      -4.410911318,      -1.881190695
          0,           0,         572,      -7.357217571,      -4.556175519,      -4.421231092,      -4.418057579,      -1.880541774
          0,           0,         573,      -7.355665177,      -4.561398541,      -4.425593902,      -4.423961037,      -1.878618439
          0,           0,         574,      -7.353423836,      -4.562715685,      -4.428862771,       -4.42867395,      -1.875932517
          0,           0,         575,      -7.350972752,      -4.560648274,      -4.431243138,      -4.432326043,      -1.872996435
          0,           0,         576,      -7.348752136,      -4.555972579,      -4.432984003,      -4.435108198,      -1.870279825
          0,           0,         577,      -7.347140551,      -4.549576361,      -4.434354475,      -4.437250243,      -1.868185165
          0,           0,         578,      -7.346447003,      -4.542333236,      -4.435622464,      -4.438999003,      -1.867039641
          0,           0,         579,      -7.346912511,      -4.535020504,      -4.437038599,      -4.440600598,      -1.867097382
          0,           0,         580,      -7.348715889,      -4.528280781,      -4.438825675,      -4.442287554,      -1.868546345
          0,           0,         581,      -7.351980284,      -4.522614836,      -4.441172543,      -4.444269794,      -1.871516113
          0,           0,         582,      -7.356780345,      -4.518393371,      -4.444231705,      -4.446729058,      -1.876086158
          0,           0,         583,      -7.363150799,       -4.51588011,      -4.448120299,       -4.44981671,      -1.882295085
          0,           0,         584,      -7.371093995,      -4.515258887,      -4.452923132,      -4.453653951,      -1.890148469
          0,           0,         585,      -7.380582671,      -4.516656265,      -4.458695503,      -4.458332728,      -1.899621841
          0,           0,         586,      -7.391557686,       -4.52015605,      -4.465464746,      -4.463916673,      -1.910658684
          0,           0,         587,      -7.403922887,      -4.525806229,      -4.473230347,      -4.470441809,      -1.923165506
          0,           0,         588,      -7.417538877,      -4.533620171,      -4.481961494,      -4.477915323,      -1.937005398
          0,           0,         589,      -7.432217551,      -4.543576942,      -4.491592323,        -4.4863115,       -1.95199158
          0,           0,         590,      -7.447718124,      -4.555628153,      -4.502021963,      -4.495570648,      -1.967881943
          0,           0,         591,      -7.463742811,      -4.569704068,      -4.513122111,      -4.505605346,      -1.984373433
          0,           0,         592,       -7.47993575,       -4.58570451,      -4.524742019,      -4.516306379,      -2.001099256
          0,           0,         593,      -7.495890303,      -4.603478528,      -4.536708396,      -4.527543827,      -2.017634039
          0,           0,         594,       -7.51116499,      -4.622801036,      -4.548825885,      -4.539166282,      -2.033508417
          0,           0,         595,      -7.525308554,      -4.643347483,      -4.560879968,      -4.551000007,      -2.048234398
          0,           0,         596,      -7.537895248,      -4.664667975,      -4.572641792,      -4.562848597,       -2.06134317
          0,           0,         597,      -7.548566539,      -4.686167034,      -4.583875216,      -4.574494549,      -2.072431787
          0,           0,         598,       -7.55706762,      -4.707099603,      -4.594347703,      -4.585705085,      -2.081206423
          0,           0,         599,       -7.56326905,      -4.726595983,      -4.603846563,      -4.596244033,      -2.087510963
          0,           0,         600,      -7.567181696,      -4.743728604,      -4.612199341,      -4.605890031,      -2.091347008
          0,           0,         601,       -7.56897114,      -4.757627533,      -4.619294109,      -4.614459148,      -2.092889489
          0,           0,         602,      -7.568954117,      -4.767629756,      -4.625094595,      -4.621827128,      -2.092480141
          0,           0,         603,      -7.567564956,      -4.773418641,       -4.62964693,      -4.627946174,      -2.090588402
          0,           0,         604,       -7.56530173,      -4.775098427,      -4.633077169,      -4.632852857,      -2.087751297
          0,           0,         605,      -7.562670419,      -4.773170144,      -4.635579712,       -4.63666471,      -2.084512094
          0,           0,         606,      -7.560141481,      -4.768420382,      -4.637397862,      -4.639565323,      -2.081373138
          0,           0,         607,        -7.5581247,      -4.761771356,      -4.638800493,      -4.641782338,      -2.078769037
          0,           0,         608,      -7.556960422,      -4.754145681,      -4.640060267,      -4.643565126,        -2.0770579
          0,           0,         609,      -7.556919826,      -4.746374522,      -4.641436225,      -4.645165969,      -2.076522633
          0,           0,         610,      -7.558202229,      -4.739144726,      -4.643158695,      -4.646823337,      -2.077370219
          0,           0,         611,      -7.560928759,      -4.732971568,      -4.645416169,       -4.64874706,      -2.079727977
          0,           0,         612,      -7.565157436,      -4.728212165,      -4.648354671,      -4.651114608,      -2.083659705
          0,           0,         613,      -7.570917827,      -4.725120183,      -4.652090347,      -4.654078312,      -2.089199184
          0,           0,         614,      -7.578222534,      -4.723886815,      -4.656714977,      -4.657766245,      -2.096361171
          0,           0,         615,       -7.58705744,      -4.724651847,      -4.662292137,      -4.662277085,      -2.105132726
          0,           0,         616,      -7.597373745,      -4.727509525,      -4.668854848,      -4.667678231,      -2.115466369
          0,           0,         617,      -7.609083761,      -4.732516546,      -4.676405857,      -4.674006949,      -2.127276233
          0,           0,         618,       -7.62205657,       -4.73969855,      -4.684918198,      -4.681271808,        -2.1404335
          0,           0,         619,      -7.636112972,      -4.749053547,       -4.69433555,       -4.68945368,       -2.15476074
          0,           0,         620,      -7.651020755,       -4.76055225,      -4.704572687,      -4.698506553,      -2.170026199
          0,           0,         621,      -7.666491793,      -4.774135055,      -4.715516236,      -4.708358484,      -2.185939448
          0,           0,         622,      -7.682182902,       -4.78970485,      -4.727025942,      -4.718912737,      -2.202150382
          0,           0,         623,      -7.697702573,       -4.80711463,      -4.738936605,      -4.730048954,      -2.218253914
          0,           0,         624,      -7.712625481,      -4.826149084,      -4.751060635,      -4.741623946,      -2.233802737
          0,           0,         625,      -7.726516273,      -4.846500522,      -4.763191048,       -4.75347179,      -2.248330403
          0,           0,         626,      -7.738962762,      -4.867741965,      -4.775105181,       -4.76540342,      -2.261385725
          0,           0,         627,      -7.749615194,       -4.88930408,      -4.786570179,      -4.777207248,      -2.272575764
          0,           0,         628,      -7.758221557,      -4.910466164,      -4.797352287,      -4.788653462,      -2.281607182
          0,           0,         629,      -7.764647521,      -4.930373407,      -4.807231521,      -4.799504297,      -2.288313136
          0,           0,         630,      -7.768885954,      -4.948094051,      -4.816021125,      -4.809530896,      -2.292668438
          0,           0,         631,      -7.771068462,       -4.96272663,      -4.823588799,      -4.818535444,      -2.294803478
          0,           0,         632,      -7.771468031,      -4.973547654,      -4.829874614,      -4.826374234,      -2.295005626
          0,           0,         633,      -7.770476635,      -4.980160144,      -4.834900757,       -4.83297626,      -2.293693098
          0,           0,         634,      -7.768560247,      -4.982586225,      -4.838771293,      -4.838353606,      -2.291364913
          0,           0,         635,      -7.766205967,      -4.981262003,      -4.841662387,      -4.842601073,      -2.288542808
          0,           0,         636,      -7.763876768,      -4.976937169,      -4.843804315,      -4.845884079,      -2.285721707
          0,           0,         637,      -7.761982046,      -4.970524157,      -4.845458353,      -4.848417792,      -2.283337721
          0,           0,         638,      -7.760864034,      -4.962953375,      -4.846893718,       -4.85044396,      -2.281753808
          0,           0,         639,      -7.760796161,      -4.955071186,      -4.848368936,      -4.852210979,      -2.281258525
          0,           0,         640,      -7.761987688,      -4.947588056,      -4.850119041,      -4.853958988,      -2.282071675
          0,           0,         641,      -7.764590057,       -4.94106448,      -4.852347647,      -4.855909196,       -2.28435194
          0,           0,         642,      -7.768702951,      -4.935919221,      -4.855222719,      -4.858256554,      -2.288204237
          0,           0,         643,      -7.774381583,      -4.932450335,      -4.858875847,      -4.861165861,      -2.293687968
          0,           0,         644,      -7.781645129,       -4.93086324,      -4.863404593,      -4.864771103,      -2.300825888
          0,           0,         645,       -7.79048227,      -4.931297804,      -4.868875806,      -4.869176381,      -2.309609806
          0,           0,         646,      -7.800850967,        -4.9338474,      -4.875327829,      -4.874456849,      -2.320000532
          0,           0,         647,      -7.812674249,      -4.938569309,      -4.882771396,      -4.880659601,      -2.331923894
          0,           0,         648,      -7.825834154,      -4.945488776,       -4.89118925,      -4.887804107,      -2.345264718
          0,           0,         649,      -7.840165195,      -4.954598583,      -4.900533088,      -4.895880345,      -2.359859829
          0,           0,         650,      -7.855449022,      -4.965859141,      -4.910719071,      -4.904844983,      -2.375491466
          0,           0,         651,      -7.871410508,      -4.979203707,       -4.92162922,      -4.914621995,       -2.39188172
          0,           0,         652,       -7.88771512,      -4.994539221,       -4.93311919,      -4.925109398,      -2.408688284
          0,           0,         653,      -7.903972013,      -5.011732507,      -4.945022919,       -4.93618427,      -2.425505501
          0,           0,         654,      -7.919746318,      -5.030586909,      -4.957153287,      -4.947703503,      -2.441874675
          0,           0,         655,      -7.934580597,      -5.050815548,      -4.969303519,      -4.959503002,      -2.457304917
          0,           0,         656,      -7.948026203,      -5.072013271,      -4.981250739,      -4.971396841,      -2.471306028
          0,           0,         657,      -7.959683678,      -5.093631676,      -4.992761696,      -4.983177421,      -2.483432992
          0,           0,         658,       -7.96924436,      -5.114966562,      -5.003601744,      -4.994618854,      -2.493333942
          0,           0,         659,      -7.976520423,      -5.135170556,      -5.013548824,      -5.005485985,      -2.500787579
          0,           0,         660,      -7.981462012,      -5.153304823,      -5.022412583,      -5.015550099,      -2.505726642
          0,           0,         661,      -7.984171893,      -5.168440777,      -5.030055512,      -5.024610303,      -2.508255669
          0,           0,         662,      -7.984910625,      -5.179806391,      -5.036410863,      -5.032516655,      -2.508654753
          0,           0,         663,      -7.984074384,      -5.186941479,      -5.041492771,      -5.039189427,      -2.507352474
          0,           0,         664,      -7.982146251,      -5.189804173,      -5.045396923,      -5.044630565,      -2.504870808
          0,           0,         665,      -7.979637497,      -5.188780995,      -5.048292109,      -5.048924865,      -2.501760324
          0,           0,         666,       -7.97703706,      -5.184595918,      -5.050403578,      -5.052229625,      -2.498545023
          0,           0,         667,      -7.974778335,      -5.178159916,      -5.051990638,      -5.054754902,      -2.495686636
          0,           0,         668,       -7.97322366,      -5.170419448,      -5.053323388,      -5.056740378,      -2.493568594
          0,           0,         669,      -7.972662066,      -5.162245546,      -5.054663342,      -5.058434792,      -2.492494539
          0,           0,         670,      -7.973314373,      -5.154374678,      -5.056249807,      -5.060080317,      -2.492694752
          0,           0,         671,      -7.975340315,      -5.147390631,      -5.058291378,        -5.0619014,      -2.494334813
          0,           0,         672,       -7.97884563,       -5.14173127,      -5.060961404,      -5.064097114,      -2.497524176
          0,           0,         673,      -7.983889571,      -5.137709068,        -5.0643969,      -5.066836875,      -2.502324799
          0,           0,         674,      -7.990493287,      -5.135538959,      -5.068700479,      -5.070259284,      -2.508760118
          0,           0,         675,      -7.998645602,        -5.1353658,      -5.073943334,      -5.074472609,      -2.516821078
          0,           0,         676,      -8.008303565,      -5.137284563,      -5.080167213,      -5.079555328,      -2.526466846
          0,           0,         677,      -8.019388928,      -5.141352399,      -5.087385085,      -5.085556558,       -2.53762144
          0,           0,         678,      -8.031783115,      -5.147595481,      -5.095581348,      -5.092496816,      -2.550168647
          0,           0,         679,      -8.045321814,      -5.156012625,      -5.104712081,      -5.100369148,      -2.563946232
          0,           0,         680,      -8.059789978,      -5.166575994,       -5.11470543,      -5.109140343,      -2.578740174
          0,           0,         681,      -8.074918552,       -5.17922855,      -5.125461889,      -5.118751797,      -2.594280175
          0,           0,         682,      -8.090384217,        -5.1938779,      -5.136853764,      -5.129119102,      -2.610237624
          0,           0,         683,      -8.105813324,      -5.210386686,      -5.148723575,       -5.14012974,      -2.626227335
          0,           0,         684,      -8.120791565,      -5.228559768,       -5.16088417,      -5.151641294,      -2.641815184
          0,           0,         685,      -8.134883352,      -5.248126472,      -5.173124263,      -5.163484105,      -2.656536642
          0,           0,         686,      -8.147664388,      -5.268716264,      -5.185216849,      -5.175466474,      -2.669930159
          0,           0,         687,      -8.158763554,      -5.289833031,      -5.196926155,      -5.187377936,      -2.681581927
          0,           0,         688,      -8.167901711,      -5.310839147,      -5.208014897,      -5.198992003,       -2.69117016
          0,           0,         689,      -8.174913646,      -5.330960886,       -5.21825589,      -5.210072852,      -2.698494067
          0,           0,         690,      -8.179754414,      -5.349326548,      -5.227449147,       -5.22038848,       -2.70348654
          0,           0,         691,      -8.182508717,      -5.365048729,      -5.235442578,      -5.229730523,      -2.706226802
          0,           0,         692,      -8.183400689,      -5.377350725,      -5.242151742,      -5.237937537,      -2.706949683
          0,           0,         693,      -8.182783377,      -5.385711327,      -5.247572903,      -5.244915654,      -2.706031762
          0,           0,         694,      -8.181101443,      -5.389979588,      -5.251785867,      -5.250651683,      -2.703949313
          0,           0,         695,      -8.178839066,      -5.390411494,      -5.254946635,      -5.255215928,      -2.701221078
          0,           0,         696,      -8.176470054,        -5.3876114,      -5.257271523,       -5.25875363,      -2.698353887
          0,           0,         697,      -8.174422407,      -5.382404804,      -5.259015323,      -5.261466605,      -2.695804164
          0,           0,         698,      -8.173059616,      -5.375693909,      -5.260447837,      -5.263590403,       -2.69395798
          0,           0,         699,      -8.172675594,      -5.368340598,      -5.261833578,      -5.265373094,      -2.693126057
          0,           0,         700,      -8.173497823,      -5.361095772,      -5.263417077,      -5.267058782,      -2.693547783
          0,           0,         701,      -8.175693502,      -5.354570325,      -5.265413504,      -5.268875751,      -2.695398561
          0,           0,         702,      -8.179375682,      -5.349233679,      -5.268003325,      -5.271028136,      -2.698797252
          0,           0,         703,      -8.184610187,      -5.345428601,       -5.27133047,      -5.273690944,      -2.703814163
          0,           0,         704,      -8.191424101,      -5.343396002,      -5.275503822,      -5.277008433,      -2.710480117
          0,           0,         705,      -8.199813009,      -5.343302375,       -5.28060048,      -5.281094698,      -2.718793893
          0,           0,         706,      -8.209742859,      -5.345261513,      -5.286668424,      -5.286034617,      -2.728724243
          0,           0,         707,      -8.221146772,       -5.34934756,      -5.293727788,      -5.291884702,      -2.740206933
          0,           0,         708,      -8.233919535,      -5.355601194,      -5.301771081,      -5.298673881,      -2.753139378
          0,           0,         709,      -8.247911056,      -5.364030576,      -5.310761297,      -5.306402738,      -2.767373859
          0,           0,         710,      -8.262920215,      -5.374610313,      -5.320627253,      -5.315039885,      -2.782710422
          0,           0,         711,       -8.27869077,      -5.387284991,      -5.331261926,      -5.324520016,      -2.798891176
          0,           0,         712,      -8.294908225,      -5.401973609,      -5.342528941,      -5.334749059,      -2.815595561
          0,           0,         713,      -8.311200543,      -5.418561305,      -5.354269341,      -5.345610754,      -2.832439224
          0,           0,         714,      -8.327147019,      -5.436878387,      -5.366303047,      -5.356968674,      -2.848980769
          0,           0,         715,      -8.342296762,      -5.456674461,       -5.37842957,      -5.368665601,      -2.864739047
          0,           0,         716,      -8.356196552,      -5.477590697,       -5.39043073,      -5.380522513,      -2.879221752
          0,           0,         717,      -8.368428607,       -5.49913319,      -5.402075571,      -5.392338183,      -2.891966398
          0,           0,         718,       -8.37865307,      -5.520655063,      -5.413128073,       -5.40389124,      -2.902588484
          0,           0,         719,      -8.386642308,      -5.541358961,      -5.423359385,      -5.414947206,      -2.910822938
          0,           0,         720,        -8.3923007,      -5.560333411,      -5.432565527,      -5.425272111,        -2.9165508
          0,           0,         721,      -8.395679195,      -5.576635772,      -5.440588418,      -5.434652336,      -2.919818131
          0,           0,         722,      -8.396986261,      -5.589424264,       -5.44733548,      -5.442917841,      -2.920847062
          0,           0,         723,      -8.396576137,      -5.598114808,      -5.452792724,      -5.449963376,      -2.920020172
          0,           0,         724,      -8.394908016,      -5.602510604,      -5.457028757,      -5.455762999,      -2.917833677
          0,           0,         725,       -8.39248916,      -5.602849549,      -5.460189499,      -5.460375007,      -2.914834235
          0,           0,         726,      -8.389820541,      -5.599747406,      -5.462484085,       -5.46393528,      -2.911559407
          0,           0,         727,      -8.387357165,      -5.594063183,      -5.464163659,      -5.466639792,      -2.908494744
          0,           0,         728,      -8.385486699,      -5.586742823,      -5.465497584,      -5.468721601,      -2.906051332
          0,           0,         729,      -8.384523227,       -5.57869148,      -5.466752338,      -5.470428941,      -2.904559939
          0,           0,         730,      -8.384710526,      -5.570696443,      -5.468176027,      -5.472007998,      -2.904275453
          0,           0,         731,      -8.386228999,       -5.56339602,      -5.469988401,      -5.473690478,      -2.905385293
          0,           0,         732,      -8.389202828,      -5.557278708,      -5.472375112,      -5.475684895,      -2.908018065
          0,           0,         733,       -8.39370726,      -5.552699467,      -5.475485529,      -5.478171149,      -2.912252113
          0,           0,         734,      -8.399776737,      -5.549905744,      -5.479433832,      -5.481298468,      -2.918124427
          0,           0,         735,      -8.407412414,      -5.549066055,       -5.48430201,      -5.485185651,      -2.925638453
          0,           0,         736,      -8.416584412,      -5.550293155,      -5.490142345,      -5.489921745,      -2.934766533
          0,           0,         737,      -8.427229329,      -5.553658629,       -5.49697856,        -5.4955666,      -2.945447626
          0,           0,         738,      -8.439245649,       -5.55920129,      -5.504806341,      -5.502151759,      -2.957582769
          0,           0,         739,      -8.452488313,      -5.566931673,      -5.513593837,      -5.509681785,      -2.971029458
          0,           0,         740,      -8.466763345,      -5.576833087,      -5.523281831,      -5.518135397,      -2.985595694
          0,           0,         741,      -8.481823295,      -5.588858948,      -5.533782261,      -5.527464762,      -3.001034314
          0,           0,         742,      -8.497364413,       -5.60292792,      -5.544974571,      -5.537592036,      -3.017038339
          0,           0,         743,      -8.513027301,      -5.618919387,      -5.556704681,      -5.548407302,      -3.033239401
          0,           0,         744,      -8.528404509,      -5.636665543,      -5.568791442,      -5.559773106,      -3.049213557
          0,           0,         745,      -8.543059111,      -5.655932438,      -5.581034688,      -5.571530979,      -3.064498491
          0,           0,         746,      -8.556554897,      -5.676391731,      -5.593219105,       -5.58350344,      -3.078623314
          0,           0,         747,      -8.568493826,      -5.697591964,       -5.60511671,      -5.595492924,      -3.091148119
          0,           0,         748,      -8.578555102,      -5.718938166,      -5.616492286,      -5.607282044,      -3.101707958
          0,           0,         749,      -8.586524409,      -5.739689103,       -5.62711393,      -5.618638518,      -3.110048987
          0,           0,         750,      -8.592306979,       -5.75898327,      -5.636769115,      -5.629326663,      -3.116048328
          0,           0,         751,      -8.595935831,      -5.775906342,      -5.645284794,      -5.639125527,      -3.119726867
          0,           0,         752,       -8.59758327,      -5.789606696,      -5.652548055,      -5.647851644,      -3.121261734
          0,           0,         753,      -8.597558625,      -5.799442896,      -5.658522071,      -5.655381305,      -3.120981604
          0,           0,         754,      -8.596279085,      -5.805119241,      -5.663252957,      -5.661667002,       -3.11933323
          0,           0,         755,      -8.594221326,      -5.806755508,      -5.666866584,      -5.666744828,      -3.116827796
          0,           0,         756,      -8.591868993,      -5.804858982,      -5.669556245,      -5.670730779,      -3.113983434
          0,           0,         757,      -8.589671613,      -5.800211826,      -5.671563028,      -5.673806002,      -3.111280371
          0,           0,         758,      -8.588019521,      -5.793722195,       -5.67315242,      -5.676194883,       -3.10913395
          0,           0,         759,      -8.587234482,      -5.786291011,      -5.674592298,      -5.678142556,      -3.107884885
          0,           0,         760,      -8.587569993,      -5.778723518,        -5.6761359,      -5.679896291,      -3.107800271
          0,           0,         761,      -8.589216947,      -5.771687474,      -5.678010451,      -5.681691891,      -3.109080333
          0,           0,         762,      -8.592309911,      -5.765704556,      -5.680410335,      -5.683743975,      -3.111866088
          0,           0,         763,       -8.59693328,      -5.761161197,      -5.683493776,      -5.686239576,      -3.116246668
          0,           0,         764,      -8.603129441,      -5.758331088,      -5.687383094,      -5.689335237,      -3.122268301
          0,           0,         765,      -8.610906567,      -5.757403209,      -5.692167509,      -5.693156944,      -3.129942471
          0,           0,         766,      -8.620243131,        -5.7585068,      -5.697906369,      -5.697801193,      -3.139250506
          0,           0,         767,      -8.631086183,      -5.761727702,      -5.704630936,      -5.703335891,      -3.150142121
          0,           0,         768,       -8.64334619,      -5.767116331,      -5.712344787,      -5.709801011,      -3.162530427
          0,           0,         769,      -8.656890485,      -5.774689577,      -5.721022004,      -5.717207837,      -3.176285364
          0,           0,         770,       -8.67153731,      -5.784430376,      -5.730602706,       -5.72553557,       -3.19122695
          0,           0,         771,      -8.687051201,      -5.796292078,      -5.740991091,      -5.734729317,       -3.20711925
          0,           0,         772,      -8.703139487,      -5.810204712,      -5.752061438,      -5.744704936,      -3.223665347
          0,           0,         773,      -8.719450867,      -5.826069167,      -5.763664538,      -5.755355389,      -3.240504199
          0,           0,         774,      -8.735581419,      -5.843738451,      -5.775629011,      -5.766552905,      -3.257214417
          0,           0,         775,      -8.751088991,      -5.862993864,        -5.7877618,      -5.778148696,      -3.273327171
          0,           0,         776,      -8.765517228,      -5.883518521,      -5.799850693,      -5.789972305,      -3.288350171
          0,           0,         777,      -8.778429652,          -5.90487,      -5.811668776,      -5.801831067,       -3.30180397
          0,           0,         778,      -8.789451587,      -5.926457873,      -5.822980968,      -5.813511111,      -3.313268612
          0,           0,         779,       -8.79830945,      -5.947536999,      -5.833554264,      -5.824782224,      -3.322429659
          0,           0,         780,      -8.804855786,      -5.967229654,      -5.843173304,       -5.83540884,      -3.329110415
          0,           0,         781,      -8.809084358,      -5.984590244,      -5.851660577,      -5.845167595,      -3.333292673
          0,           0,         782,      -8.811143784,      -5.998720596,      -5.858897173,      -5.853869802,      -3.335132054
          0,           0,         783,      -8.811336806,      -6.008923105,      -5.864838947,      -5.861384067,      -3.334954809
          0,           0,         784,      -8.810089441,      -6.014847813,      -5.869523952,      -5.867653693,      -3.333221508
          0,           0,         785,      -8.807898032,      -6.016575194,      -5.873070554,      -5.872705423,      -3.330467668
          0,           0,         786,      -8.805271673,      -6.014596676,       -5.87566644,      -5.876647303,      -3.327240542
          0,           0,         787,      -8.802685708,      -6.009702148,      -5.877549789,       -5.87965497,      -3.324048547
          0,           0,         788,      -8.800554466,       -6.00282426,      -5.878985933,      -5.881950111,      -3.321332124
          0,           0,         789,      -8.799219062,      -5.994895618,      -5.880244709,      -5.883777457,      -3.319451472
          0,           0,         790,      -8.798948458,       -5.98675258,      -5.881582727,      -5.885385638,      -3.318688558
          0,           0,         791,      -8.799945428,      -5.979088962,      -5.883231398,      -5.887012993,      -3.319254518
          0,           0,         792,      -8.802353647,      -5.972446277,      -5.885389686,      -5.888877505,      -3.321298172
          0,           0,         793,      -8.806265056,      -5.967224975,      -5.888220624,      -5.891170162,       -3.32491491
          0,           0,         794,      -8.811727786,       -5.96370772,      -5.891851287,      -5.894051682,      -3.330155461
          0,           0,         795,      -8.818754094,      -5.962088002,       -5.89637524,      -5.897652017,      -3.337034356
          0,           0,         796,      -8.827324806,      -5.962495809,      -5.901855393,      -5.902070991,      -3.345534574
          0,           0,         797,      -8.837388328,      -5.965015327,      -5.908325471,      -5.907378694,      -3.355606713
          0,           0,         798,      -8.848856552,      -5.969695137,      -5.915790423,      -5.913615948,      -3.367165022
          0,           0,         799,      -8.861599416,      -5.976554145,      -5.924226466,      -5.920795038,       -3.38008184
          0,           0,         800,       -8.87543966,      -5.985584509,      -5.933581212,      -5.928900742,      -3.394181829
          0,           0,         801,      -8.890147964,      -5.996751812,      -5.943773854,      -5.937891225,      -3.409236238
          0,           0,         802,      -8.905439736,      -6.009992033,      -5.954695605,       -5.94769896,       -3.42495827
          0,           0,         803,      -8.920976576,       -6.02520493,      -5.966210586,      -5.958231584,      -3.441002861
          0,           0,         804,      -8.936372709,      -6.042242867,      -5.978156997,      -5.969372263,      -3.456970908
          0,           0,         805,      -8.951208685,      -6.060894406,      -5.990348419,      -5.980979233,      -3.472421247
          0,           0,         806,      -8.965053629,      -6.080862851,      -6.002575708,      -5.992884648,      -3.486891983
          0,           0,         807,      -8.977496189,      -6.101741993,      -6.014610843,      -6.004894443,      -3.499932742
          0,           0,         808,      -8.988183407,       -6.12299425,      -6.026214263,       -6.01679104,      -3.511147255
          0,           0,         809,      -8.996857439,      -6.143940084,      -6.037145999,      -6.028339803,      -3.520236153
          0,           0,         810,      -9.003376325,       -6.16377033,      -6.047180664,      -6.039299795,      -3.527024685
          0,           0,         811,      -9.007722837,      -6.181594594,      -6.056126097,      -6.049439591,      -3.531477199
          0,           0,         812,      -9.010015788,      -6.196536335,      -6.063844043,       -6.05855832,      -3.533711081
          0,           0,         813,      -9.010515669,      -6.207868817,      -6.070268449,      -6.066508552,      -3.534001177
          0,           0,         814,      -9.009605543,      -6.215158321,      -6.075416123,       -6.07321525,      -3.532756843
          0,           0,         815,      -9.007747452,      -6.218362876,      -6.079386852,      -6.078686373,      -3.530473315
          0,           0,         816,       -9.00542954,      -6.217843453,      -6.082353728,      -6.083012804,      -3.527673635
          0,           0,         817,      -9.003117846,      -6.214282116,      -6.084545251,      -6.086356734,      -3.524856092
          0,           0,         818,        -9.0012261,      -6.208543791,      -6.086222493,      -6.088931359,      -3.522461576
          0,           0,         819,      -9.000100975,      -6.201534689,      -6.087655965,      -6.090977877,      -3.520857791
          0,           0,         820,      -9.000019877,      -6.194096649,      -6.089106686,      -6.092745316,      -3.520337512
          0,           0,         821,      -9.001196023,      -6.186948926,      -6.090813116,      -6.094475521,      -3.521124662
          0,           0,         822,      -9.003784666,      -6.180668352,      -6.092983012,      -6.096392397,      -3.523381717
          0,           0,         823,      -9.007888506,      -6.175692573,        -6.0957889,      -6.098694357,      -3.527216526
          0,           0,         824,      -9.013563957,      -6.172336685,      -6.099366847,      -6.101550075,      -3.532689702
          0,           0,         825,      -9.020828534,      -6.170818375,      -6.103818401,      -6.105097531,      -3.539822524
          0,           0,         826,      -9.029667501,      -6.171283166,      -6.109213464,      -6.109444346,      -3.548603783
          0,           0,         827,      -9.040032806,      -6.173821737,      -6.115590306,      -6.114666555,      -3.558988944
          0,           0,         828,      -9.051840794,       -6.17848277,      -6.122954632,      -6.120807224,      -3.570897685
          0,           0,         829,      -9.064970355,      -6.185287584,      -6.131281684,      -6.127878165,      -3.584211588
          0,           0,         830,      -9.079258037,      -6.194239536,       -6.14051946,      -6.135863459,      -3.598768654
          0,           0,         831,      -9.094490498,      -6.205322289,      -6.150589118,      -6.144721317,      -3.614354961
          0,           0,         832,       -9.11039898,      -6.218492296,      -6.161383745,       -6.15438465,      -3.630698161
          0,           0,         833,      -9.126657016,      -6.233669731,      -6.172768323,       -6.16476153,      -3.647463475
          0,           0,         834,      -9.142883518,      -6.250726538,      -6.184581342,      -6.175736054,      -3.664255163
          0,           0,         835,        -9.1586524,       -6.26946959,      -6.196637574,      -6.187169233,      -3.680624322
          0,           0,         836,      -9.173511723,      -6.289617732,      -6.208731651,      -6.198899429,      -3.696087327
          0,           0,         837,       -9.18701435,      -6.310774639,      -6.220642142,      -6.210742383,      -3.710157152
          0,           0,         838,      -9.198757899,      -6.332403141,      -6.232136766,      -6.222491572,      -3.722387046
          0,           0,         839,      -9.208427268,      -6.353810902,       -6.24298066,      -6.233921403,      -3.732418845
          0,           0,         840,      -9.215825434,      -6.374160286,      -6.252949751,      -6.244795766,      -3.740021276
          0,           0,         841,      -9.220891619,      -6.392516213,      -6.261849695,      -6.254883423,      -3.745114538
          0,           0,         842,      -9.223715927,      -6.407943459,      -6.269537189,      -6.263979285,       -3.74778839
          0,           0,         843,      -9.224545694,       -6.41965016,      -6.275938536,      -6.271927718,      -3.748307733
          0,           0,         844,      -9.223766773,      -6.427144394,      -6.281060668,      -6.278642512,      -3.747089056
          0,           0,         845,      -9.221855654,      -6.430347089,      -6.284992779,      -6.284119187,      -3.744646737
          0,           0,         846,      -9.219322319,      -6.429611303,      -6.287898726,      -6.288437075,      -3.741529579
          0,           0,         847,      -9.216658982,      -6.425638843,      -6.290000865,      -6.291749635,      -3.738264835
          0,           0,         848,      -9.214304647,      -6.419332401,       -6.29155754,      -6.294264805,      -3.735320202
          0,           0,         849,       -9.21262789,      -6.411641905,      -6.292839392,      -6.296221604,      -3.733085759
          0,           0,         850,      -9.211923775,      -6.403449074,      -6.294109578,      -6.297869272,      -3.731871772
          0,           0,         851,      -9.212418607,      -6.395504058,       -6.29560972,      -6.299451303,      -3.731914402
          0,           0,         852,      -9.214278042,      -6.388404471,      -6.297551227,      -6.301194124,       -3.73338556
          0,           0,         853,       -9.21761353,      -6.382600585,      -6.300110435,      -6.303299207,      -3.736400617
          0,           0,         854,      -9.222488083,      -6.378414977,       -6.30342719,      -6.305938363,      -3.741025525
          0,           0,         855,      -9.228928246,      -6.376070356,       -6.30760695,      -6.309252801,       -3.74728928
          0,           0,         856,      -9.236926811,       -6.37571731,      -6.312723534,      -6.313353225,      -3.755186914
          0,           0,         857,      -9.246445539,      -6.377455212,      -6.318821293,      -6.318320584,      -3.764682429
          0,           0,         858,       -9.25741185,      -6.381344853,      -6.325915837,      -6.324206469,      -3.775705693
          0,           0,         859,      -9.269712963,      -6.387415725,      -6.333994098,      -6.331033684,       -3.78814642
          0,           0,         860,      -9.283190278,      -6.395669875,      -6.343014414,      -6.338797193,      -3.801848365
          0,           0,         861,      -9.297634963,      -6.406083106,      -6.352906856,      -6.347465266,      -3.816604095
          0,           0,         862,      -9.312784002,      -6.418603253,      -6.363573525,      -6.356980445,      -3.832149838
          0,           0,         863,      -9.328319213,      -6.433144628,        -6.3748893,      -6.367260371,      -3.848162885
          0,           0,         864,      -9.343871263,      -6.449578688,      -6.386702541,      -6.378198034,      -3.864263513
          0,           0,         865,      -9.359030955,       -6.46771935,      -6.398835663,      -6.389660968,       -3.88002421
          0,           0,         866,      -9.373365554,      -6.487303513,      -6.411086283,      -6.401489658,      -3.894984697
          0,           0,         867,      -9.386447989,      -6.507967527,      -6.423231062,      -6.413497807,      -3.908681385
          0,           0,         868,      -9.397894075,      -6.529222975,      -6.435033082,      -6.425475274,      -3.920687505
          0,           0,         869,       -9.40740281,      -6.550439596,      -6.446251814,      -6.437193496,      -3.930658884
          0,           0,         870,       -9.41478582,      -6.570847292,      -6.456655721,        -6.4484138,      -3.938369755
          0,           0,         871,      -9.419978704,      -6.589570119,      -6.466039031,      -6.458900302,      -3.943731195
          0,           0,         872,      -9.423048357,      -6.605704805,      -6.474241659,      -6.468438773,      -3.946802105
          0,           0,         873,      -9.424205236,      -6.618446038,      -6.481169204,      -6.476859496,      -3.947801776
          0,           0,         874,      -9.423791859,      -6.627234164,      -6.486806789,      -6.484058268,      -3.947095248
          0,           0,         875,      -9.422247868,      -6.631877593,      -6.491223345,       -6.49001069,      -3.945153731
          0,           0,         876,      -9.420059181,      -6.632599092,      -6.494565582,      -6.494776547,      -3.942498058
          0,           0,         877,      -9.417703496,      -6.629984012,      -6.497042787,       -6.49849232,      -3.939639906
          0,           0,         878,      -9.415617568,        -6.6248549,      -6.498906084,      -6.501354142,      -3.937045389
          0,           0,         879,      -9.414173575,      -6.618123732,      -6.500424322,       -6.50359475,      -3.935110079
          0,           0,         880,      -9.413675227,      -6.610669424,      -6.501863565,      -6.505461921,      -3.934155175
          0,           0,         881,      -9.414358986,      -6.603262569,      -6.503471463,      -6.507201377,      -3.934429373
          0,           0,         882,      -9.416400656,      -6.596533238,      -6.505467598,      -6.509044428,       -3.93611691
          0,           0,         883,      -9.419921901,      -6.590968288,      -6.508037591,      -6.511199447,      -3.939345161
          0,           0,         884,      -9.424995228,      -6.586924287,      -6.511330691,      -6.513846199,      -3.944191093
          0,           0,         885,      -9.431652753,      -6.584651525,      -6.515460923,      -6.517134021,      -3.950690603
          0,           0,         886,      -9.439893833,      -6.584321157,      -6.520510491,       -6.52118241,      -3.958846417
          0,           0,         887,      -9.449685649,      -6.586046095,      -6.526531444,      -6.526080991,      -3.968628945
          0,           0,         888,      -9.460959275,      -6.589891722,      -6.533544061,       -6.53188741,      -3.979972597
          0,           0,         889,      -9.473607865,      -6.595885455,      -6.541535176,      -6.538625939,       -3.99277362
          0,           0,         890,      -9.487482747,      -6.604030727,      -6.550460896,      -6.546289665,      -4.006885648
          0,           0,         891,      -9.502388844,      -6.614314404,      -6.560250517,      -6.554844765,      -4.022114071
          0,           0,         892,      -9.518076899,      -6.626702148,      -6.570806789,      -6.564232474,      -4.038207623
          0,           0,         893,      -9.534241128,      -6.641128581,      -6.582004926,      -6.574369379,      -4.054854018
          0,           0,         894,      -9.550518834,      -6.657485186,      -6.593692941,      -6.585147947,      -4.071678345
          0,           0,         895,      -9.566498619,      -6.675605216,      -6.605693821,      -6.596437397,      -4.088249418
          0,           0,         896,      -9.581735519,       -6.69524297,      -6.617808963,       -6.60808427,       -4.10409361
          0,           0,         897,       -9.59577639,      -6.716047948,      -6.629821938,      -6.619912516,      -4.118720515
          0,           0,         898,      -9.608198361,      -6.737537954,      -6.641503608,      -6.631723636,      -4.131663897
          0,           0,         899,      -9.618650344,      -6.759079278,      -6.652618689,      -6.643298586,      -4.142528342
          0,           0,         900,      -9.626890516,      -6.779886226,      -6.662937376,      -6.654403965,      -4.151033755
          0,           0,         901,      -9.632806906,      -6.799053232,      -6.672252123,      -6.664805009,      -4.157043065
          0,           0,         902,      -9.636432711,      -6.815633091,      -6.680398712,      -6.674284626,      -4.160582114
          0,           0,         903,      -9.637957301,      -6.828764792,      -6.687276351,      -6.682666734,      -4.161851787
          0,           0,         904,      -9.637719232,      -6.837830747,      -6.692861918,      -6.689838041,      -4.161217081
          0,           0,         905,      -9.636168493,      -6.842592366,      -6.697215096,      -6.695763431,      -4.159164029
          0,           0,         906,      -9.633808606,      -6.843247311,      -6.700473968,      -6.700491985,      -4.156235234
          0,           0,         907,      -9.631143133,      -6.840382133,      -6.702841791,       -6.70415174,      -4.152971181
          0,           0,         908,      -9.628632879,      -6.834841936,       -6.70456652,      -6.706933145,      -4.149863718
          0,           0,         909,      -9.626673712,      -6.827573086,      -6.705916934,      -6.709066396,      -4.147332981
          0,           0,         910,       -9.62558722,      -6.819490601,      -6.707160928,      -6.710799082,      -4.145717922
          0,           0,         911,      -9.625625425,        -6.8113961,      -6.708549451,        -6.7123784,      -4.145282201
          0,           0,         912,      -9.626972617,      -6.803942803,      -6.710305557,      -6.714037894,      -4.146217548
          0,           0,         913,      -9.629759925,      -6.797632979,      -6.712618945,      -6.715988948,      -4.148659825
          0,           0,         914,      -9.634066891,      -6.792832937,      -6.715642805,      -6.718414587,      -4.152691592
          0,           0,         915,      -9.639931999,      -6.789798681,      -6.719494893,      -6.721467203,      -4.158354039
          0,           0,         916,       -9.64735983,      -6.788704445,      -6.724260365,      -6.725268663,      -4.165653926
          0,           0,         917,      -9.656323553,      -6.789666596,      -6.729994182,      -6.729910739,      -4.174566642
          0,           0,         918,      -9.666762689,      -6.792759005,      -6.736722399,      -6.735455587,      -4.185034097
          0,           0,         919,      -9.678579239,      -6.798021922,      -6.744442253,      -6.741936287,      -4.196960556
          0,           0,         920,      -9.691631885,      -6.805467026,      -6.753122256,      -6.749357641,      -4.210207338
          0,           0,         921,      -9.705730117,      -6.815079638,      -6.762702297,      -6.757697048,      -4.224585547
          0,           0,         922,      -9.720630838,      -6.826818219,      -6.773093983,      -6.766905507,       -4.23985209
          0,           0,         923,      -9.736034896,      -6.840610367,       -6.78418093,      -6.776908637,      -4.255704917
          0,           0,         924,      -9.751589669,      -6.856345175,      -6.795820067,        -6.7876073,       -4.27178302
          0,           0,         925,      -9.766898886,      -6.873860416,      -6.807843076,      -6.798878529,      -4.287674956
          0,           0,         926,      -9.781536827,      -6.892924531,       -6.82005802,      -6.810574643,      -4.302930829
          0,           0,         927,      -9.795073726,      -6.913213632,      -6.832251682,      -6.822522433,       -4.31708774
          0,           0,         928,      -9.807110384,       -6.93428706,      -6.844193533,      -6.834523034,      -4.329705861
          0,           0,         929,      -9.817315332,       -6.95556768,      -6.855643611,      -6.846354435,      -4.340409914
          0,           0,         930,      -9.825457753,      -6.976336284,      -6.866364286,      -6.857779253,      -4.348929348
          0,           0,         931,      -9.831426618,      -6.995752869,      -6.876136917,      -6.868556625,      -4.355123422
          0,           0,         932,      -9.835236535,      -7.012916608,      -6.884780957,      -6.878460092,      -4.358993043
          0,           0,         933,      -9.837043139,      -7.026974057,      -6.892174804,      -6.887299452,      -4.360696157
          0,           0,         934,      -9.837143611,      -7.037261959,      -6.898272904,      -6.894943739,      -4.360548147
          0,           0,         935,       -9.83594556,      -7.043444183,      -6.903113289,       -6.90133818,      -4.358985383
          0,           0,         936,      -9.833924914,      -7.045590267,      -6.906815945,      -6.906512592,      -4.356517948
          0,           0,         937,      -9.831568789,      -7.044160493,      -6.909570359,      -6.910578048,      -4.353667851
          0,           0,         938,      -9.829333948,       -7.03990411,      -6.911616156,      -6.913712845,      -4.350922866
          0,           0,         939,      -9.827620815,      -7.033714766,      -6.913220141,      -6.916140784,      -4.348708761
          0,           0,         940,      -9.826761288,       -7.02649676,      -6.914653938,      -6.918108711,      -4.347376847
          0,           0,         941,      -9.827026434,      -7.019073557,      -6.916177699,      -6.919868648,      -4.347211793
          0,           0,         942,      -9.828619204,      -7.012137597,         -6.918026,      -6.921661884,      -4.348425612
          0,           0,         943,      -9.831674803,      -7.006224731,      -6.920396275,      -6.923705161,      -4.351160422
          0,           0,         944,      -9.836257536,      -7.001709016,      -6.923440337,      -6.926180288,      -4.355487423
          0,           0,         945,      -9.842390028,      -6.998842312,      -6.927272386,      -6.929238109,      -4.361435322
          0,           0,         946,      -9.850075898,      -6.997808784,      -6.931981091,      -6.933004936,      -4.369011841
          0,           0,         947,      -9.859299669,      -6.998748113,      -6.937629887,      -6.937580216,      -4.378203641
          0,           0,         948,      -9.870016184,      -7.001758568,      -6.944253047,      -6.943032739,      -4.388967221
          0,           0,         949,      -9.882141264,      -7.006901832,      -6.951853966,      -6.949400509,      -4.401219939
          0,           0,         950,      -9.895548136,      -7.014207913,      -6.960405869,      -6.956692327,      -4.414836406
          0,           0,         951,       -9.91006436,       -7.02367887,      -6.969852177,      -6.964889032,      -4.429644756
          0,           0,         952,      -9.925463873,      -7.035288687,      -6.980106706,      -6.973944186,      -4.445418214
          0,           0,         953,      -9.941463485,      -7.048980412,      -6.991054478,      -6.983784929,      -4.461869465
          0,           0,         954,      -9.957723372,      -7.064658575,      -7.002553143,       -6.99431337,      -4.478649798
          0,           0,         955,      -9.973849993,       -7.08217724,      -7.014434934,      -7.005407506,      -4.495349849
          0,           0,         956,      -9.989408212,      -7.101320485,      -7.026509655,      -7.016922433,      -4.511509966
          0,           0,         957,      -10.00394265,      -7.121778439,      -7.038567747,      -7.028690476,      -4.526641155
          0,           0,         958,      -10.01701367,      -7.143118908,      -7.050384429,      -7.040521247,      -4.540262914
          0,           0,         959,      -10.02823673,      -7.164763778,      -7.061725678,      -7.052202429,       -4.55194583
          0,           0,         960,      -10.03732503,      -7.185979422,      -7.072357375,      -7.063504125,      -4.561361628
          0,           0,         961,       -10.0441134,       -7.20589509,      -7.082060554,      -7.074189077,      -4.568314197
          0,           0,         962,      -10.04858123,       -7.22356297,      -7.090651576,      -7.084030535,      -4.572768094
          0,           0,         963,      -10.05085725,      -7.238069007,      -7.098003101,      -7.092833781,      -4.574856203
          0,           0,         964,      -10.05122527,      -7.248684514,      -7.104061394,      -7.100459578,       -4.57488355
          0,           0,         965,      -10.05010136,      -7.255018556,      -7.108855422,      -7.106842284,      -4.573298954
          0,           0,         966,      -10.04797523,      -7.257109281,      -7.112495043,      -7.111999927,      -4.570630208
          0,           0,         967,      -10.04535688,      -7.255414645,      -7.115161639,      -7.116032752,      -4.567425552
          0,           0,         968,      -10.04272599,      -7.250707144,      -7.117089648,      -7.119110584,      -4.564198129
          0,           0,         969,      -10.04050491,      -7.243917586,      -7.118542941,      -7.121451942,       -4.56139688
          0,           0,         970,      -10.03904333,      -7.235988177,      -7.119792144,      -7.123300257,      -4.559391542
          0,           0,         971,      -10.03861766,      -7.227770803,       -7.12109585,      -7.124904663,      -4.558472184
          0,           0,         972,      -10.03943787,      -7.219976496,      -7.122688569,      -7.126505031,      -4.558857564
          0,           0,         973,      -10.04165371,      -7.213162517,      -7.124772621,      -7.128321736,      -4.560703147
          0,           0,         974,      -10.04536656,      -7.207742998,      -7.127515139,      -7.130548813,      -4.564113785
          0,           0,         975,      -10.05062842,      -7.204010829,      -7.131046417,       -7.13335011,      -4.569144506
          0,           0,         976,      -10.05745829,      -7.202166775,      -7.135463291,      -7.136858739,      -4.575816491
          0,           0,         977,      -10.06583855,      -7.202345965,      -7.140831618,      -7.141177362,      -4.584114849
          0,           0,         978,      -10.07572451,      -7.204636242,      -7.147188154,      -7.146379164,      -4.593996783
          0,           0,         979,      -10.08703246,      -7.209089532,      -7.154540766,       -7.15250788,       -4.60538118
          0,           0,         980,      -10.09963971,      -7.215727262,      -7.162868638,      -7.159578782,      -4.618148126
          0,           0,         981,      -10.11337235,      -7.224544122,      -7.172122137,      -7.167579092,      -4.632126336
          0,           0,         982,      -10.12800852,      -7.235508794,      -7.182222981,      -7.176469399,      -4.647093726
          0,           0,         983,       -10.1432698,      -7.248560787,      -7.193064931,      -7.186184314,      -4.662771247
          0,           0,         984,      -10.15882156,      -7.263604414,      -7.204513992,      -7.196633378,      -4.678817862
          0,           0,         985,       -10.1742813,      -7.280498311,      -7.216410502,      -7.207701701,      -4.694838762
          0,           0,         986,      -10.18922979,      -7.299038957,      -7.228570553,      -7.219250529,      -4.710394314
          0,           0,         987,      -10.20323622,      -7.318939658,        -7.2407893,      -7.231117005,      -4.725023393
          0,           0,         988,      -10.21588509,      -7.339804762,      -7.252843699,      -7.243113601,      -4.738272304
          0,           0,         989,      -10.22681486,      -7.361107527,      -7.264498492,       -7.25502882,       -4.74973628
          0,           0,         990,      -10.23575803,      -7.382177842,      -7.275515245,      -7.266631779,      -4.759106038
          0,           0,         991,      -10.24255872,      -7.402212966,      -7.285666118,      -7.277681327,      -4.766190766
          0,           0,         992,      -10.24718133,      -7.420321884,      -7.294752644,      -7.287941602,      -4.770934842
          0,           0,         993,      -10.24972614,      -7.435616713,      -7.302627568,      -7.297204476,       -4.77343494
          0,           0,         994,      -10.25043563,      -7.447345544,      -7.309214275,      -7.305312968,      -4.773946287
          0,           0,         995,      -10.24968332,       -7.45503847,      -7.314519397,      -7.312181943,      -4.772867945
          0,           0,         996,      -10.24792371,       -7.45861299,       -7.31863289,      -7.317809357,      -4.770686895
          0,           0,         997,      -10.24564462,      -7.458395874,      -7.321720425,      -7.322277131,      -4.767926722
          0,           0,         998,      -10.24332429,       -7.45504778,      -7.324006139,      -7.325741242,      -4.765097645
          0,           0,         999,      -10.24138073,      -7.449428321,      -7.325748941,       -7.32841086,      -4.762646444
          0,           0,        1000,      -10.24017457,      -7.442451508,      -7.327220645,      -7.330526563,      -4.760954497
          0,           0,        1001,      -10.23999067,      -7.434976299,      -7.328685888,      -7.332338928,       -4.76032354
          0,           0,        1002,      -10.24105714,       -7.42774577,      -7.330389204,      -7.334094069,      -4.760991828
          0,           0,        1003,      -10.24354033,      -7.421358715,      -7.332544997,      -7.336021156,      -4.763132406
          0,           0,        1004,      -10.24754541,       -7.41626063,      -7.335327737,      -7.338320312,      -4.766857087
          0,           0,        1005,      -10.25310872,      -7.412751032,      -7.338867143,      -7.341155084,      -4.772207671
          0,           0,        1006,      -10.26023595,      -7.411027606,      -7.343258149,      -7.344658856,       -4.77919576
          0,           0,        1007,      -10.26890897,      -7.411234559,      -7.348569577,      -7.348938353,      -4.787806265
          0,           0,        1008,      -10.27909516,      -7.413479051,      -7.354845388,      -7.354073406,      -4.798009377
          0,           0,        1009,       -10.2907236,      -7.417833883,      -7.362100238,      -7.360112831,      -4.809735484
          0,           0,        1010,        -10.303685,      -7.424340637,      -7.370318289,       -7.36707595,      -4.822876664
          0,           0,        1011,      -10.31781963,      -7.433011469,       -7.37945418,       -7.37495333,       -4.83727442
          0,           0,        1012,       -10.3329262,      -7.443831772,      -7.389432871,      -7.383708612,      -4.852726525
          0,           0,        1013,      -10.34874272,      -7.456756699,       -7.40014984,      -7.393278644,      -4.868968236
          0,           0,        1014,      -10.36494658,      -7.471706281,      -7.411472288,      -7.403574134,      -4.885670533
          0,           0,        1015,      -10.38116567,      -7.488554587,        -7.4232414,      -7.414482076,      -4.902447182
          0,           0,        1016,       -10.3969763,      -7.507113967,      -7.435274666,      -7.425865516,       -4.91885405
          0,           0,        1017,      -10.41192867,      -7.527112109,      -7.447369018,      -7.437565183,      -4.934410487
          0,           0,        1018,      -10.42557594,      -7.548164969,       -7.45930493,      -7.449399148,      -4.948631235
          0,           0,        1019,      -10.43750554,       -7.56975068,      -7.470850625,      -7.461162563,      -4.961059144
          0,           0,        1020,      -10.44739359,      -7.591193351,      -7.481770676,      -7.472631326,      -4.971327663
          0,           0,        1021,      -10.45502697,       -7.61166952,      -7.491838607,      -7.483569567,      -4.979188134
          0,           0,        1022,      -10.46033583,      -7.630251888,      -7.500855875,       -7.49374441,      -4.984548869
          0,           0,        1023,      -10.46338411,      -7.645999918,      -7.508671618,      -7.502946292,      -4.987471421
          0,           0,        1024,      -10.46441062,      -7.658100824,      -7.515205004,      -7.511014122,      -4.988209946
          0,           0,        1025,      -10.46378188,      -7.666025324,      -7.520453394,      -7.517853606,      -4.987160596
          0,           0,        1026,      -10.46196583,      -7.669649278,      -7.524498103,        -7.5234515,      -4.984827814
          0,           0,        1027,      -10.45947063,      -7.669283277,      -7.527495976,      -7.527878974,      -4.981758606
          0,           0,        1028,      -10.45679738,        -7.6655988,      -7.529665132,      -7.531283005,      -4.978488816
          0,           0,        1029,      -10.45438366,      -7.659485427,       -7.53126093,      -7.533866082,      -4.975486616
          0,           0,        1030,      -10.45261448,      -7.651893724,      -7.532554414,      -7.535866353,      -4.973158662
          0,           0,        1031,      -10.45178768,      -7.643715589,      -7.533810107,      -7.537531769,       -4.97181884
          0,           0,        1032,      -10.45213956,      -7.635716219,      -7.535272472,      -7.539107389,      -4.971713642
          0,           0,        1033,      -10.45384265,      -7.628508477,      -7.537156408,      -7.540822092,      -4.973022654
          0,           0,        1034,      -10.45700604,      -7.622556397,      -7.539641238,      -7.542878964,      -4.975859064
