"Time_Iter","Outer_Iter","Inner_Iter",    "rms[Rho]"    ,    "rms[RhoU]"   ,    "rms[RhoV]"   ,    "rms[RhoE]"   ,    "RefForce"    ,       "CD"       ,       "CL"       ,       "CSF"      ,       "CMx"      ,       "CMy"      ,       "CMz"      ,       "CFx"      ,       "CFy"      ,       "CFz"      ,      "CEff"      
          0,           0,           0,      -5.977694156,      -5.918461834,      -6.722109761,      -5.381314222,             0.448,    0.001731956573,       0.111228926,                 0,                 0,                 0,    -0.02763287497,   -0.000694901818,      0.1112402389,                 0,        64.2215444
          0,           0,           1,      -6.250026306,       -6.11820431,      -6.111202918,      -5.649360157,             0.448,    0.001463344371,      0.1112581364,                 0,                 0,                 0,     -0.0278688353,  -0.0009640873199,      0.1112635827,                 0,       76.03004364
          0,           0,           2,      -6.179044489,      -6.141412569,       -6.23570314,       -5.59255578,             0.448,    0.001434821631,      0.1116515807,                 0,                 0,                 0,    -0.02781888005,   -0.001001186213,      0.1116563111,                 0,       77.81565194
          0,           0,           3,      -6.158667908,      -6.214816829,      -6.188077126,      -5.573208934,             0.448,     0.00144599135,      0.1115192165,                 0,                 0,                 0,    -0.02779650859,  -0.0009871316432,       0.111524222,                 0,       77.12301769
          0,           0,           4,      -6.129659477,      -6.227711965,      -6.170782012,      -5.549352231,             0.448,    0.001420561399,      0.1114260859,                 0,                 0,                 0,    -0.02780446297,    -0.00101052391,      0.1114305589,                 0,       78.43806397
          0,           0,           5,      -6.125018239,      -6.264177491,      -6.207021818,      -5.550882776,             0.448,    0.001405824705,      0.1115230574,                 0,                 0,                 0,    -0.02777220217,    -0.00102737252,      0.1115271859,                 0,       79.32927701
          0,           0,           6,      -6.106433386,      -6.348630338,      -6.246265221,      -5.537414751,             0.448,     0.00139528032,      0.1115621565,                 0,                 0,                 0,    -0.02777460635,   -0.001038767337,      0.1115660456,                 0,       79.95680502
          0,           0,           7,      -6.093385161,      -6.366757207,      -6.224492904,      -5.527231066,             0.448,    0.001387208847,      0.1115662897,                 0,                 0,                 0,     -0.0277807501,   -0.001046927055,      0.1115700018,                 0,       80.42501313
          0,           0,           8,       -6.07809217,      -6.343407039,      -6.234652126,      -5.514589007,             0.448,    0.001379190849,      0.1115865692,                 0,                 0,                 0,     -0.0277760583,   -0.001055385541,      0.1115901015,                 0,       80.90727208
          0,           0,           9,      -6.065964002,      -6.379409732,      -6.262067569,      -5.504791245,             0.448,     0.00136989325,      0.1116230801,                 0,                 0,                 0,    -0.02776823832,   -0.001065477408,      0.1116264009,                 0,       81.48304995
          0,           0,          10,      -6.053042476,      -6.408990637,      -6.286621937,      -5.492758954,             0.448,    0.001361582018,      0.1116654992,                 0,                 0,                 0,    -0.02776056499,   -0.001074712029,      0.1116686286,                 0,       82.01158486
          0,           0,          11,      -6.043282547,      -6.423422036,      -6.297711839,       -5.48481536,             0.448,    0.001354263594,      0.1117045384,                 0,                 0,                 0,    -0.02775620134,   -0.001082880348,      0.1117074989,                 0,       82.48360136
          0,           0,          12,      -6.035209196,      -6.448730468,      -6.313363142,      -5.479510216,             0.448,    0.001346920012,      0.1117391535,                 0,                 0,                 0,    -0.02775526158,   -0.001090977305,      0.1117419455,                 0,       82.95901203
          0,           0,          13,      -6.027917247,      -6.476732303,      -6.333944216,       -5.47420218,             0.448,    0.001339648775,        0.11177387,                 0,                 0,                 0,    -0.02775516661,   -0.001099004149,      0.1117764952,                 0,       83.43520486
          0,           0,          14,       -6.02069378,      -6.491201944,      -6.349982844,      -5.467496302,             0.448,    0.001332956748,      0.1118105425,                 0,                 0,                 0,    -0.02775490416,    -0.00110649459,      0.1118130129,                 0,       83.88159829
          0,           0,          15,       -6.01266384,      -6.492220808,       -6.36005292,      -5.459248934,             0.448,    0.001326965175,      0.1118469411,                 0,                 0,                 0,    -0.02775557244,   -0.001113278769,      0.1118492722,                 0,       84.28777428
          0,           0,          16,      -6.004623934,      -6.490862988,      -6.367366655,      -5.451231154,             0.448,    0.001321504605,      0.1118807281,                 0,                 0,                 0,    -0.02775798822,   -0.001119475097,      0.1118829319,                 0,       84.66162557
          0,           0,          17,      -5.997545614,      -6.492251786,      -6.375221059,      -5.444669823,             0.448,    0.001316423647,      0.1119114532,                 0,                 0,                 0,    -0.02776177769,   -0.001125225111,      0.1119135389,                 0,       85.01173117
          0,           0,          18,        -5.9916979,      -6.495185085,      -6.385668704,      -5.439592908,             0.448,    0.001311706707,      0.1119396002,                 0,                 0,                 0,    -0.02776622104,   -0.001130554952,      0.1119415763,                 0,       85.33889441
          0,           0,          19,       -5.98694804,      -6.498288493,      -6.398918872,      -5.435618782,             0.448,    0.001307430176,      0.1119655136,                 0,                 0,                 0,    -0.02777094136,   -0.001135395765,      0.1119673903,                 0,       85.63785332
          0,           0,          20,      -5.983073837,      -6.501980952,      -6.413727207,      -5.432409356,             0.448,    0.001303685015,      0.1119892128,                 0,                 0,                 0,    -0.02777588653,   -0.001139657028,      0.1119910021,                 0,       85.90204799
          0,           0,          21,      -5.979918035,      -6.507350345,      -6.428394339,      -5.429777221,             0.448,     0.00130054922,      0.1120107009,                 0,                 0,                 0,    -0.02778104908,   -0.001143260839,      0.1120124167,                 0,       86.12569151
          0,           0,          22,      -5.977512579,       -6.51493515,      -6.441378233,       -5.42775886,             0.448,    0.001298079241,      0.1120300602,                 0,                 0,                 0,    -0.02778637279,   -0.001146152551,      0.1120317176,                 0,       86.30448485
          0,           0,          23,      -5.975894295,      -6.524438412,      -6.451691838,      -5.426385772,             0.448,    0.001296310337,      0.1120474019,                 0,                 0,                 0,    -0.02779178476,   -0.001148299341,      0.1120490165,                 0,       86.43563097
          0,           0,          24,      -5.975088843,      -6.535191691,      -6.459140835,      -5.425687112,             0.448,    0.001295256388,      0.1120628106,                 0,                 0,                 0,    -0.02779722891,   -0.001149689177,      0.1120643985,                 0,       86.51785975
          0,           0,          25,      -5.975111447,      -6.546827444,      -6.464375315,      -5.425698861,             0.448,    0.001294909519,      0.1120763779,                 0,                 0,                 0,    -0.02780265562,   -0.001150331935,      0.1120779551,                 0,       86.55151292
          0,           0,          26,      -5.975979269,      -6.559554496,      -6.468596193,      -5.426474276,             0.448,    0.001295241573,      0.1120881149,                 0,                 0,                 0,    -0.02780801209,      -0.001150256,      0.1120896965,                 0,       86.53838579
          0,           0,          27,       -5.97771182,      -6.574089582,      -6.473062838,      -5.428101443,             0.448,    0.001296201553,      0.1120978838,                 0,                 0,                 0,    -0.02781325148,   -0.001149509356,       0.112099484,                 0,       86.48183112
          0,           0,          28,      -5.980349931,      -6.590750965,      -6.478507215,      -5.430640148,             0.448,    0.001297686353,      0.1121059182,                 0,                 0,                 0,    -0.02781839361,   -0.001148200179,      0.1121075489,                 0,       86.38907078
          0,           0,          29,      -5.983950289,      -6.610024486,       -6.48579674,      -5.434107276,             0.448,     0.00129960369,       0.112112355,                 0,                 0,                 0,    -0.02782339304,   -0.001146423715,       0.112114026,                 0,       86.26657173
          0,           0,          30,      -5.988469531,      -6.632014827,      -6.494912274,      -5.438493397,             0.448,    0.001301848983,      0.1121172781,                 0,                 0,                 0,    -0.02782821268,   -0.001144286354,      0.1121189969,                 0,       86.12156982
          0,           0,          31,      -5.993877698,      -6.655887021,      -6.505274409,      -5.443793727,             0.448,    0.001304305229,      0.1121208105,                 0,                 0,                 0,    -0.02783283158,   -0.001141907751,       0.112122582,                 0,       85.96209535
          0,           0,          32,      -6.000181969,      -6.680422724,      -6.516405169,      -5.449991368,             0.448,     0.00130685098,      0.1121230257,                 0,                 0,                 0,    -0.02783724748,    -0.00113941093,      0.1121248522,                 0,        85.7963359
          0,           0,          33,      -6.007376284,      -6.704397922,      -6.527991697,      -5.457058572,             0.448,    0.001309369783,      0.1121239567,                 0,                 0,                 0,     -0.0278414695,   -0.001136913037,       0.112125838,                 0,       85.63200264
          0,           0,          34,      -6.015439677,      -6.726873483,      -6.539826528,      -5.464968925,             0.448,    0.001311761184,      0.1121236831,                 0,                 0,                 0,    -0.02784548941,   -0.001134516237,      0.1121256167,                 0,       85.47568302
          0,           0,          35,      -6.024280044,       -6.74743672,      -6.551873191,      -5.473633212,             0.448,    0.001313957563,      0.1121223117,                 0,                 0,                 0,    -0.02784923033,   -0.001132290462,      0.1121242934,                 0,       85.33176017
          0,           0,          36,      -6.033854687,      -6.766235021,      -6.563836161,      -5.483026304,             0.448,    0.001315876839,      0.1121200742,                 0,                 0,                 0,    -0.02785269423,   -0.001130322833,      0.1121220984,                 0,       85.20559896
          0,           0,          37,      -6.044287778,      -6.783740135,      -6.576197358,      -5.493256602,             0.448,    0.001317458881,      0.1121170741,                 0,                 0,                 0,    -0.02785587857,   -0.001128675721,      0.1121191335,                 0,        85.1010045
          0,           0,          38,      -6.055548033,      -6.801542063,      -6.589429865,      -5.504286868,             0.448,    0.001318656991,      0.1121133091,                 0,                 0,                 0,    -0.02785879723,   -0.001127395763,      0.1121153955,                 0,       85.02082791
          0,           0,          39,      -6.067596505,      -6.820078985,      -6.603726575,      -5.516116621,             0.448,    0.001319447861,      0.1121088823,                 0,                 0,                 0,     -0.0278614502,   -0.001126508511,       0.112110987,                 0,       84.96651184
          0,           0,          40,      -6.080461857,      -6.839419603,      -6.619132881,      -5.528781947,             0.448,    0.001319830259,       0.112103933,                 0,                 0,                 0,    -0.02786383182,   -0.001126018235,      0.1121060472,                 0,       84.93814429
          0,           0,          41,      -6.094162876,       -6.85960765,      -6.635618112,      -5.542296328,             0.448,    0.001319830951,      0.1120985887,                 0,                 0,                 0,    -0.02786591479,   -0.001125900958,      0.1121007042,                 0,       84.93405051
          0,           0,          42,      -6.108575483,      -6.880520573,      -6.653485975,      -5.556521035,             0.448,    0.001319487374,      0.1120929994,                 0,                 0,                 0,    -0.02786769811,   -0.001126122523,      0.1120951088,                 0,       84.95193028
          0,           0,          43,      -6.123824154,      -6.902070115,      -6.671751657,      -5.571600506,             0.448,    0.001318837242,      0.1120872235,                 0,                 0,                 0,    -0.02786923158,     -0.0011266465,      0.1120893201,                 0,       84.98942853
          0,           0,          44,      -6.139943197,      -6.923871964,      -6.690348547,      -5.587547594,             0.448,    0.001317933503,      0.1120813054,                 0,                 0,                 0,    -0.02787055029,   -0.001127420921,      0.1120833836,                 0,       85.04321739
          0,           0,          45,      -6.156903227,      -6.945807721,      -6.709461791,      -5.604336117,             0.448,    0.001316846837,      0.1120753415,                 0,                 0,                 0,    -0.02787165605,   -0.001128377226,      0.1120773974,                 0,       85.10886635
          0,           0,          46,      -6.174673051,      -6.967898783,      -6.729253031,      -5.621936427,             0.448,    0.001315643548,      0.1120693761,                 0,                 0,                 0,    -0.02787257803,   -0.001129450094,      0.1120714072,                 0,       85.18217281
          0,           0,          47,      -6.193215034,      -6.990101842,      -6.749776452,      -5.640310945,             0.448,    0.001314385194,      0.1120634429,                 0,                 0,                 0,    -0.02787335405,   -0.001130578717,       0.112065448,                 0,       85.25920969
          0,           0,          48,      -6.212481696,      -7.012261721,      -6.771050124,      -5.659412825,             0.448,    0.001313130806,      0.1120575786,                 0,                 0,                 0,    -0.02787401208,   -0.001131704878,      0.1120595577,                 0,       85.33618898
          0,           0,          49,       -6.23242005,      -7.034227992,      -6.793069807,      -5.679187967,             0.448,     0.00131193635,      0.1120518208,                 0,                 0,                 0,    -0.02787456788,   -0.001132773443,      0.1120537752,                 0,        85.4094947
          0,           0,          50,      -6.252981013,      -7.056193621,      -6.815776322,      -5.699591153,             0.448,    0.001310850717,      0.1120461836,                 0,                 0,                 0,    -0.02787503348,   -0.001133735843,      0.1120481157,                 0,       85.47592958
          0,           0,          51,      -6.274052181,      -7.077868626,      -6.838873607,       -5.72050496,             0.448,    0.001309910929,       0.112040676,                 0,                 0,                 0,    -0.02787542788,   -0.001134555261,      0.1120425889,                 0,       85.53304926
          0,           0,          52,      -6.295579152,       -7.09907651,       -6.86229164,      -5.741873484,             0.448,    0.001309144052,      0.1120353072,                 0,                 0,                 0,     -0.0278757724,   -0.001135204835,      0.1120372047,                 0,       85.57905223
          0,           0,          53,      -6.317509928,      -7.120078587,      -6.885937306,      -5.763655241,             0.448,    0.001308566141,      0.1120300678,                 0,                 0,                 0,    -0.02787608793,   -0.001135668311,      0.1120319539,                 0,       85.61284316
          0,           0,          54,      -6.339782663,      -7.140981451,      -6.909791596,      -5.785798822,             0.448,    0.001308180206,      0.1120249264,                 0,                 0,                 0,    -0.02787640095,   -0.001135941997,      0.1120268053,                 0,       85.63417025
          0,           0,          55,       -6.36233025,      -7.161702101,      -6.933874939,      -5.808243835,             0.448,    0.001307979068,      0.1120198453,                 0,                 0,                 0,    -0.02787673398,   -0.001136032241,       0.112021721,                 0,       85.64345406
          0,           0,          56,      -6.385093502,      -7.182052026,       -6.95807806,      -5.830939887,             0.448,     0.00130795486,      0.1120148616,                 0,                 0,                 0,     -0.0278770748,   -0.001135947725,      0.1120167379,                 0,       85.64122889
          0,           0,          57,      -6.407995248,      -7.201785558,      -6.982114445,      -5.853816718,             0.448,    0.001308088756,      0.1120099758,                 0,                 0,                 0,     -0.0278774222,   -0.001135707279,      0.1120118563,                 0,       85.62872765
          0,           0,          58,      -6.430981418,      -7.220663786,      -7.005706529,       -5.87682882,             0.448,    0.001308353625,      0.1120051722,                 0,                 0,                 0,    -0.02787778175,   -0.001135337682,      0.1120070596,                 0,       85.60772105
          0,           0,          59,       -6.45398861,      -7.238527626,      -7.028708664,      -5.899918267,             0.448,    0.001308720429,      0.1120004548,                 0,                 0,                 0,    -0.02787814986,   -0.001134868057,      0.1120023513,                 0,       85.58012264
          0,           0,          60,      -6.476952048,      -7.255326152,      -7.050990669,      -5.923025815,             0.448,    0.001309158643,      0.1119958278,                 0,                 0,                 0,    -0.02787851848,   -0.001134329009,       0.111997735,                 0,        85.5479421
          0,           0,          61,      -6.499785737,      -7.271062691,      -7.072433212,      -5.946066704,             0.448,    0.001309636824,      0.1119912953,                 0,                 0,                 0,    -0.02787887971,   -0.001133752066,       0.111993214,                 0,       85.51324555
          0,           0,          62,      -6.522405464,      -7.285808205,      -7.092942981,       -5.96895765,             0.448,    0.001310123993,      0.1119868571,                 0,                 0,                 0,    -0.02787922753,   -0.001133168194,      0.1119887875,                 0,       85.47805988
          0,           0,          63,      -6.544713629,      -7.299650246,       -7.11239092,      -5.991599411,             0.448,    0.001310593382,      0.1119825245,                 0,                 0,                 0,     -0.0278795511,   -0.001132604401,      0.1119844661,                 0,       85.44414006
          0,           0,          64,      -6.566608154,      -7.312702209,      -7.130742656,      -6.013879766,             0.448,    0.001311024404,       0.111978331,                 0,                 0,                 0,    -0.02787983136,   -0.001132082002,      0.1119802831,                 0,       85.41285021
          0,           0,          65,      -6.587982723,       -7.32508778,      -7.148385896,       -6.03568297,             0.448,    0.001311397589,       0.111974291,                 0,                 0,                 0,    -0.02788006161,   -0.001131620772,      0.1119762521,                 0,       85.38546347
          0,           0,          66,      -6.608733191,      -7.336944069,      -7.165547495,      -6.056900381,             0.448,    0.001311698681,      0.1119704152,                 0,                 0,                 0,    -0.02788023488,   -0.001131235202,      0.1119723838,                 0,       85.36290901
          0,           0,          67,      -6.628754134,      -7.348366844,      -7.182214143,      -6.077412547,             0.448,    0.001311922033,      0.1119667403,                 0,                 0,                 0,    -0.02788033329,   -0.001130931736,      0.1119687147,                 0,         85.345575
          0,           0,          68,      -6.647927865,      -7.359313033,      -7.198377403,      -6.097078692,             0.448,    0.001312066295,      0.1119633064,                 0,                 0,                 0,    -0.02788034287,   -0.001130712599,      0.1119652847,                 0,       85.33357413
          0,           0,          69,      -6.666182824,      -7.369729256,      -7.214235217,      -6.115809518,             0.448,    0.001312132334,      0.1119601338,                 0,                 0,                 0,    -0.02788025886,   -0.001130577366,      0.1119621144,                 0,       85.32686145
          0,           0,          70,      -6.683473697,      -7.379712145,      -7.229845001,      -6.133544655,             0.448,    0.001312126333,      0.1119572467,                 0,                 0,                 0,    -0.02788007353,   -0.001130520383,      0.1119592278,                 0,       85.32505131
          0,           0,          71,      -6.699801864,      -7.389304407,       -7.24512147,      -6.150275515,             0.448,    0.001312056788,      0.1119546601,                 0,                 0,                 0,    -0.02787978465,   -0.001130533485,      0.1119566403,                 0,       85.32760251
          0,           0,          72,      -6.715213291,      -7.398493623,      -7.260076592,      -6.166039867,             0.448,    0.001311933894,      0.1119523902,                 0,                 0,                 0,    -0.02787939339,   -0.001130606832,      0.1119543683,                 0,       85.33386529
          0,           0,          73,      -6.729765781,       -7.40736408,      -7.274755139,      -6.180886105,             0.448,    0.001311769405,      0.1119504594,                 0,                 0,                 0,    -0.02787889961,   -0.001130729162,      0.1119524343,                 0,       85.34309382
          0,           0,          74,      -6.743509007,      -7.416029816,      -7.289118973,      -6.194856122,             0.448,    0.001311574528,      0.1119488752,                 0,                 0,                 0,    -0.02787830744,   -0.001130889432,      0.1119508462,                 0,        85.3545664
          0,           0,          75,      -6.756529616,      -7.424575585,      -7.302969406,      -6.208039959,             0.448,    0.001311360373,       0.111947634,                 0,                 0,                 0,    -0.02787762355,    -0.00113107646,      0.1119496007,                 0,       85.36755896
          0,           0,          76,      -6.768918702,      -7.433083813,      -7.316210024,      -6.220533558,             0.448,    0.001311140434,      0.1119467572,                 0,                 0,                 0,    -0.02787684519,    -0.00113127722,      0.1119487193,                 0,       85.38121034
          0,           0,          77,      -6.780803023,      -7.441554626,      -7.328694432,      -6.232472711,             0.448,    0.001310925847,      0.1119462519,                 0,                 0,                 0,    -0.02787597522,   -0.001131480734,      0.1119482094,                 0,       85.39480108
          0,           0,          78,      -6.792337957,       -7.44999903,      -7.340296807,      -6.244014084,             0.448,    0.001310724693,      0.1119461084,                 0,                 0,                 0,     -0.0278750245,   -0.001131678708,      0.1119480615,                 0,       85.40779692
          0,           0,          79,      -6.803651565,      -7.458451243,      -7.351158041,      -6.255288449,             0.448,    0.001310545696,      0.1119463346,                 0,                 0,                 0,    -0.02787399703,   -0.001131862597,      0.1119482838,                 0,       85.41963469
          0,           0,          80,      -6.814867683,      -7.466946242,      -7.361428942,      -6.266429463,             0.448,       0.001310394,      0.1119469223,                 0,                 0,                 0,    -0.02787290471,   -0.001132027078,      0.1119488681,                 0,       85.42997168
          0,           0,          81,      -6.826101994,      -7.475514242,      -7.371217515,      -6.277561087,             0.448,    0.001310272978,      0.1119478562,                 0,                 0,                 0,     -0.0278717605,   -0.001132168445,      0.1119497991,                 0,       85.43857508
          0,           0,          82,      -6.837458674,      -7.484197656,      -7.380714776,      -6.288796921,             0.448,    0.001310185755,      0.1119491268,                 0,                 0,                 0,     -0.0278705725,   -0.001132283364,      0.1119510675,                 0,       85.44523274
          0,           0,          83,      -6.849009808,      -7.493016483,      -7.390166403,      -6.300213115,             0.448,    0.001310132941,      0.1119507128,                 0,                 0,                 0,    -0.02786935271,   -0.001132370764,      0.1119526519,                 0,       85.44988777
          0,           0,          84,      -6.860813562,      -7.501991634,      -7.399691675,      -6.311874474,             0.448,    0.001310114168,      0.1119526035,                 0,                 0,                 0,    -0.02786810988,    -0.00113243078,      0.1119545418,                 0,       85.45255544
          0,           0,          85,      -6.872924487,      -7.511133313,      -7.409452048,      -6.323839964,             0.448,    0.001310127941,      0.1119547858,                 0,                 0,                 0,    -0.02786685166,   -0.001132464615,      0.1119567239,                 0,       85.45332276
          0,           0,          86,      -6.885391791,       -7.52048454,      -7.419679809,      -6.336160779,             0.448,    0.001310171429,      0.1119572394,                 0,                 0,                 0,    -0.02786558728,   -0.001132474663,      0.1119591779,                 0,       85.45235907
          0,           0,          87,      -6.898269368,      -7.530091929,      -7.430582018,      -6.348894738,             0.448,    0.001310240788,      0.1119599406,                 0,                 0,                 0,    -0.02786432682,   -0.001132464246,      0.1119618799,                 0,       85.44989714
          0,           0,          88,      -6.911582453,      -7.540026894,      -7.442303942,      -6.362068312,             0.448,    0.001310331204,      0.1119628634,                 0,                 0,                 0,    -0.02786308101,   -0.001132437611,      0.1119648039,                 0,       85.44623144
          0,           0,          89,      -6.925316256,      -7.550377207,      -7.454914455,       -6.37566632,             0.448,    0.001310438033,      0.1119659828,                 0,                 0,                 0,    -0.02786185775,   -0.001132398859,       0.111967925,                 0,       85.44164625
          0,           0,          90,      -6.939479486,       -7.56122308,      -7.468472601,       -6.38970297,             0.448,     0.00131055641,      0.1119692771,                 0,                 0,                 0,    -0.02786066376,   -0.001132352373,      0.1119712211,                 0,       85.43644226
          0,           0,          91,      -6.954078209,      -7.572655608,      -7.483121906,      -6.404182711,             0.448,    0.001310682747,      0.1119727358,                 0,                 0,                 0,    -0.02785949982,   -0.001132301519,      0.1119746817,                 0,       85.43084592
          0,           0,          92,      -6.969112763,      -7.584768325,      -7.498970168,      -6.419104041,             0.448,    0.001310813728,      0.1119763473,                 0,                 0,                 0,    -0.02785836561,   -0.001132249352,      0.1119782952,                 0,        85.4250645
          0,           0,          93,      -6.984562578,      -7.597622653,      -7.516039694,      -6.434446767,             0.448,    0.001310945437,      0.1119800916,                 0,                 0,                 0,     -0.0278572639,   -0.001132199357,      0.1119820415,                 0,       85.41933815
          0,           0,          94,      -7.000401338,      -7.611255771,      -7.534209812,        -6.4501884,             0.448,    0.001311074941,      0.1119839573,                 0,                 0,                 0,    -0.02785619478,   -0.001132154213,      0.1119859091,                 0,       85.41384918
          0,           0,          95,      -7.016596483,      -7.625716552,      -7.553300045,       -6.46629791,             0.448,    0.001311199894,      0.1119879328,                 0,                 0,                 0,    -0.02785515716,   -0.001132116016,      0.1119898864,                 0,       85.40874154
          0,           0,          96,      -7.033111115,      -7.641043968,      -7.573191425,        -6.4827418,             0.448,    0.001311318167,      0.1119920043,                 0,                 0,                 0,    -0.02785415051,   -0.001132086591,      0.1119939595,                 0,       85.40414309
          0,           0,          97,      -7.049909803,      -7.657215434,      -7.593522252,      -6.499486999,             0.448,    0.001311427415,      0.1119961539,                 0,                 0,                 0,    -0.02785317672,   -0.001132067891,      0.1119981105,                 0,       85.40019268
          0,           0,          98,      -7.066964586,      -7.674214293,      -7.614154732,      -6.516499013,             0.448,    0.001311526454,      0.1120003694,                 0,                 0,                 0,    -0.02785223524,   -0.001132060837,      0.1120023272,                 0,       85.39695793
          0,           0,          99,      -7.084249283,      -7.692045651,      -7.635197257,      -6.533749254,             0.448,    0.001311614468,      0.1120046367,                 0,                 0,                 0,    -0.02785132597,   -0.001132065934,      0.1120065954,                 0,       85.39448096
          0,           0,         100,      -7.101704844,      -7.710698439,      -7.656541137,      -6.551179946,             0.448,    0.001311691393,      0.1120089463,                 0,                 0,                 0,    -0.02785044762,    -0.00113208304,      0.1120109056,                 0,       85.39275844
          0,           0,         101,      -7.119266106,      -7.730170617,       -7.67800157,       -6.56873311,             0.448,    0.001311757934,      0.1120132902,                 0,                 0,                 0,    -0.02784959756,   -0.001132111277,      0.1120152499,                 0,        85.3917383
          0,           0,         102,      -7.136879862,      -7.750457063,      -7.699251743,      -6.586354444,             0.448,    0.001311815021,      0.1120176604,                 0,                 0,                 0,    -0.02784877378,   -0.001132149539,      0.1120196203,                 0,       85.39135365
          0,           0,         103,      -7.154490657,      -7.771490324,      -7.719900852,      -6.603984581,             0.448,    0.001311863478,      0.1120220465,                 0,                 0,                 0,    -0.02784797613,   -0.001132196776,      0.1120240065,                 0,       85.39154292
          0,           0,         104,      -7.172044468,      -7.793150024,      -7.739668249,      -6.621570288,             0.448,    0.001311904053,      0.1120264369,                 0,                 0,                 0,    -0.02784720506,   -0.001132251986,      0.1120283967,                 0,       85.39224849
          0,           0,         105,      -7.189476904,       -7.81534094,      -7.758335706,        -6.6390482,             0.448,    0.001311937782,      0.1120308218,                 0,                 0,                 0,    -0.02784646017,   -0.001132313921,      0.1120327812,                 0,        85.3933954
          0,           0,         106,      -7.206712358,      -7.837993939,      -7.775706852,      -6.656342387,             0.448,    0.001311965721,      0.1120351899,                 0,                 0,                 0,    -0.02784574157,   -0.001132381279,      0.1120371489,                 0,       85.39490637
          0,           0,         107,      -7.223662047,      -7.861036149,       -7.79158977,      -6.673362158,             0.448,    0.001311989087,      0.1120395321,                 0,                 0,                 0,    -0.02784504916,   -0.001132452643,      0.1120414906,                 0,       85.39669514
          0,           0,         108,      -7.240235146,      -7.884392139,      -7.805893702,      -6.690015212,             0.448,    0.001312009358,      0.1120438443,                 0,                 0,                 0,    -0.02784438159,   -0.001132526446,      0.1120458022,                 0,        85.3986624
          0,           0,         109,      -7.256378047,       -7.90797078,      -7.818619347,      -6.706248022,             0.448,     0.00131202771,      0.1120481224,                 0,                 0,                 0,      -0.027843738,   -0.001132601426,      0.1120500797,                 0,       85.40072865
          0,           0,         110,      -7.272038112,      -7.931619543,      -7.829818423,       -6.72200262,             0.448,    0.001312044603,      0.1120523568,                 0,                 0,                 0,    -0.02784311983,    -0.00113267691,      0.1120543135,                 0,       85.40285641
          0,           0,         111,      -7.287151272,      -7.955170744,      -7.839565488,      -6.737213483,             0.448,    0.001312060685,      0.1120565392,                 0,                 0,                 0,    -0.02784252751,    -0.00113275207,      0.1120584952,                 0,       85.40499726
          0,           0,         112,      -7.301666807,      -7.978475059,       -7.84796324,      -6.751830177,             0.448,    0.001312076506,      0.1120606615,                 0,                 0,                 0,    -0.02784196151,   -0.001132826181,      0.1120626169,                 0,       85.40710929
          0,           0,         113,      -7.315536959,      -8.001384719,      -7.855201804,      -6.765800255,             0.448,    0.001312092383,      0.1120647157,                 0,                 0,                 0,    -0.02784142266,   -0.001132898749,      0.1120666705,                 0,       85.40916564
          0,           0,         114,      -7.328742538,      -8.023743632,      -7.861504028,      -6.779103374,             0.448,    0.001312108555,      0.1120686937,                 0,                 0,                 0,    -0.02784091152,    -0.00113296936,      0.1120706479,                 0,       85.41114473
          0,           0,         115,      -7.341269125,      -8.045389037,      -7.867110575,      -6.791723966,             0.448,    0.001312124904,      0.1120725876,                 0,                 0,                 0,    -0.02784042883,    -0.00113303796,      0.1120745412,                 0,       85.41304812
          0,           0,         116,      -7.353121878,      -8.066187578,      -7.872258657,      -6.803666298,             0.448,    0.001312141402,      0.1120763908,                 0,                 0,                 0,    -0.02783997478,   -0.001133104433,      0.1120783439,                 0,        85.4148727
          0,           0,         117,      -7.364315162,      -8.086017832,      -7.877161779,      -6.814943631,             0.448,    0.001312157991,      0.1120800968,                 0,                 0,                 0,    -0.02783954958,   -0.001133168695,      0.1120820494,                 0,       85.41661722
          0,           0,         118,      -7.374872361,      -8.104764479,      -7.881996588,      -6.825578583,             0.448,    0.001312174489,      0.1120837007,                 0,                 0,                 0,    -0.02783915331,   -0.001133230819,      0.1120856528,                 0,       85.41828979
          0,           0,         119,      -7.384828204,      -8.122324921,      -7.886903427,      -6.835604854,             0.448,    0.001312190672,      0.1120871982,                 0,                 0,                 0,    -0.02783878584,   -0.001133290937,      0.1120891498,                 0,       85.41990173
          0,           0,         120,      -7.394226859,      -8.138623494,      -7.891999236,      -6.845065204,             0.448,    0.001312206332,      0.1120905857,                 0,                 0,                 0,    -0.02783844681,   -0.001133349178,      0.1120925368,                 0,        85.4214638
          0,           0,         121,      -7.403118563,        -8.1536201,      -7.897385183,      -6.854008864,             0.448,    0.001312221265,      0.1120938605,                 0,                 0,                 0,     -0.0278381356,   -0.001133405687,      0.1120958111,                 0,       85.42298732
          0,           0,         122,      -7.411557338,      -8.167312019,      -7.903145667,      -6.862489334,             0.448,    0.001312235243,      0.1120970205,                 0,                 0,                 0,    -0.02783785149,   -0.001133460649,      0.1120989708,                 0,       85.42448554
          0,           0,         123,      -7.419599143,      -8.179733683,      -7.909343384,      -6.870562023,             0.448,     0.00131224803,      0.1121000651,                 0,                 0,                 0,    -0.02783759349,   -0.001133514281,      0.1121020148,                 0,        85.4259732
          0,           0,         124,      -7.427305045,      -8.190953564,      -7.916021337,      -6.878287691,             0.448,    0.001312259445,      0.1121029925,                 0,                 0,                 0,    -0.02783736076,   -0.001133566732,      0.1121049419,                 0,       85.42746099
          0,           0,         125,      -7.434736127,      -8.201068727,      -7.923203733,      -6.885727151,             0.448,    0.001312269307,      0.1121058023,                 0,                 0,                 0,    -0.02783715222,   -0.001133618167,      0.1121077512,                 0,       85.42896014
          0,           0,         126,      -7.441952353,      -8.210198608,      -7.930899888,      -6.892940331,             0.448,    0.001312277518,       0.112108495,                 0,                 0,                 0,    -0.02783696647,   -0.001133668697,      0.1121104434,                 0,       85.43047747
          0,           0,         127,      -7.449010429,      -8.218476167,      -7.939105134,      -6.899983622,             0.448,    0.001312284014,      0.1121110713,                 0,                 0,                 0,    -0.02783680219,   -0.001133718406,      0.1121130193,                 0,       85.43201787
          0,           0,         128,      -7.455970892,      -8.226057919,           -7.9478,      -6.906918553,             0.448,    0.001312288684,      0.1121135322,                 0,                 0,                 0,    -0.02783665827,   -0.001133767421,      0.1121154796,                 0,       85.43358907
          0,           0,         129,      -7.462890078,      -8.233098111,      -7.956973362,      -6.913801511,             0.448,    0.001312291488,      0.1121158789,                 0,                 0,                 0,    -0.02783653347,    -0.00113381581,      0.1121178258,                 0,       85.43519479
          0,           0,         130,      -7.469823466,      -8.239742094,      -7.966614055,      -6.920688019,             0.448,    0.001312292465,      0.1121181133,                 0,                 0,                 0,    -0.02783642643,   -0.001133863577,      0.1121200597,                 0,       85.43683386
          0,           0,         131,      -7.476823005,      -8.246135868,      -7.976706059,      -6.927630362,             0.448,    0.001312291672,      0.1121202376,                 0,                 0,                 0,    -0.02783633586,   -0.001133910711,      0.1121221835,                 0,       85.43850425
          0,           0,         132,      -7.483937167,      -8.252418241,      -7.987226339,       -6.93467753,             0.448,    0.001312289158,      0.1121222538,                 0,                 0,                 0,    -0.02783626067,   -0.001133957207,      0.1121241991,                 0,        85.4402043
          0,           0,         133,      -7.491211544,      -8.258710618,      -7.998146727,      -6.941875517,             0.448,    0.001312285059,      0.1121241646,                 0,                 0,                 0,     -0.0278361996,   -0.001134002989,      0.1121261094,                 0,       85.44192728
          0,           0,         134,      -7.498688228,      -8.265114506,      -8.009436686,      -6.949266773,             0.448,    0.001312279539,       0.112125973,                 0,                 0,                 0,    -0.02783615147,   -0.001134047958,      0.1121279173,                 0,       85.44366475
          0,           0,         135,      -7.506406178,       -8.27171948,      -8.021064796,      -6.956890848,             0.448,    0.001312272722,      0.1121276816,                 0,                 0,                 0,    -0.02783611532,   -0.001134092046,      0.1121296253,                 0,       85.44541061
          0,           0,         136,      -7.514401665,      -8.278598377,       -8.03300195,       -6.96478469,             0.448,    0.001312264754,      0.1121292931,                 0,                 0,                 0,    -0.02783609027,   -0.001134135168,      0.1121312363,                 0,       85.44715751
          0,           0,         137,       -7.52270743,      -8.285808045,      -8.045225051,      -6.972981518,             0.448,    0.001312255793,      0.1121308105,                 0,                 0,                 0,    -0.02783607548,   -0.001134177228,      0.1121327531,                 0,       85.44889731
          0,           0,         138,      -7.531353721,      -8.293402513,      -8.057716732,      -6.981512153,             0.448,    0.001312245961,      0.1121322362,                 0,                 0,                 0,    -0.02783607031,    -0.00113421816,      0.1121341783,                 0,       85.45062399
          0,           0,         139,       -7.54036789,      -8.301425691,      -8.070459287,      -6.990404659,             0.448,    0.001312235393,      0.1121335731,                 0,                 0,                 0,    -0.02783607414,    -0.00113425789,      0.1121355146,                 0,         85.452331
          0,           0,         140,      -7.549773274,      -8.309906587,      -8.083434568,      -6.999682951,             0.448,    0.001312224237,       0.112134824,                 0,                 0,                 0,    -0.02783608635,   -0.001134296331,       0.112136765,                 0,       85.45401072
          0,           0,         141,      -7.559590268,        -8.3188621,       -8.09662616,      -7.009367846,             0.448,    0.001312212631,      0.1121359917,                 0,                 0,                 0,    -0.02783610637,   -0.001134333407,      0.1121379321,                 0,       85.45565635
          0,           0,         142,      -7.569837473,      -8.328300807,      -8.110022555,      -7.019478399,             0.448,    0.001312200695,      0.1121370789,                 0,                 0,                 0,    -0.02783613372,   -0.001134369057,      0.1121390188,                 0,       85.45726224
          0,           0,         143,       -7.58053118,       -8.33822854,       -8.12361957,      -7.030031404,             0.448,    0.001312188535,      0.1121380882,                 0,                 0,                 0,    -0.02783616795,   -0.001134403233,      0.1121400276,                 0,       85.45882337
          0,           0,         144,      -7.591684856,      -8.348650417,      -8.137419686,      -7.041040808,             0.448,    0.001312176244,      0.1121390225,                 0,                 0,                 0,    -0.02783620863,   -0.001134435902,      0.1121409614,                 0,       85.46033584
          0,           0,         145,      -7.603304446,      -8.359568303,      -8.151414264,       -7.05251314,             0.448,    0.001312163899,      0.1121398841,                 0,                 0,                 0,    -0.02783625538,    -0.00113446704,      0.1121418225,                 0,        85.4617965
          0,           0,         146,      -7.615400529,      -8.370973192,      -8.165620119,       -7.06445981,             0.448,     0.00131215157,      0.1121406757,                 0,                 0,                 0,    -0.02783630776,   -0.001134496635,      0.1121426137,                 0,       85.46320279
          0,           0,         147,      -7.627986299,      -8.382865991,      -8.180074758,      -7.076893094,             0.448,    0.001312139336,      0.1121414004,                 0,                 0,                 0,    -0.02783636528,   -0.001134524674,      0.1121433379,                 0,       85.46455188
          0,           0,         148,      -7.641062686,      -8.395247626,      -8.194780439,      -7.089813982,             0.448,    0.001312127254,      0.1121420608,                 0,                 0,                 0,    -0.02783642749,    -0.00113455116,      0.1121439979,                 0,       85.46584215
          0,           0,         149,       -7.65463053,      -8.408117204,      -8.209729803,      -7.103225117,             0.448,    0.001312115351,      0.1121426594,                 0,                 0,                 0,    -0.02783649397,   -0.001134576118,      0.1121445961,                 0,       85.46707366
          0,           0,         150,      -7.668692581,      -8.421470783,      -8.224932258,      -7.117129929,             0.448,    0.001312103655,      0.1121431989,                 0,                 0,                 0,    -0.02783656431,   -0.001134599581,      0.1121451352,                 0,       85.46824671
          0,           0,         151,      -7.683249423,      -8.435301267,      -8.240408916,      -7.131528659,             0.448,    0.001312092188,      0.1121436819,                 0,                 0,                 0,    -0.02783663801,   -0.001134621582,      0.1121456179,                 0,       85.46936177
          0,           0,         152,       -7.69829847,      -8.449605251,      -8.256177874,      -7.146418608,             0.448,     0.00131208097,      0.1121441113,                 0,                 0,                 0,    -0.02783671459,   -0.001134642165,      0.1121460469,                 0,       85.47041977
          0,           0,         153,      -7.713835377,      -8.464383252,      -8.272250918,      -7.161795625,             0.448,    0.001312070012,      0.1121444898,                 0,                 0,                 0,    -0.02783679352,   -0.001134661378,      0.1121464251,                 0,        85.4714221
          0,           0,         154,      -7.729855217,      -8.479636232,      -8.288639076,      -7.177655018,             0.448,     0.00131205932,      0.1121448203,                 0,                 0,                 0,    -0.02783687432,   -0.001134679277,      0.1121467553,                 0,       85.47237049
          0,           0,         155,      -7.746352423,      -8.495364927,      -8.305356055,      -7.193991521,             0.448,    0.001312048896,      0.1121451055,                 0,                 0,                 0,    -0.02783695647,    -0.00113469592,      0.1121470402,                 0,       85.47326691
          0,           0,         156,       -7.76332038,      -8.511570742,      -8.322416209,      -7.210798919,             0.448,    0.001312038744,      0.1121453483,                 0,                 0,                 0,    -0.02783703945,   -0.001134711366,      0.1121472827,                 0,       85.47411333
          0,           0,         157,      -7.780751231,      -8.528255544,      -8.339830886,      -7.228069783,             0.448,    0.001312028861,      0.1121455516,                 0,                 0,                 0,    -0.02783712271,   -0.001134725681,      0.1121474858,                 0,       85.47491211
          0,           0,         158,      -7.798637553,      -8.545421097,      -8.357606921,      -7.245797295,             0.448,    0.001312019253,      0.1121457182,                 0,                 0,                 0,    -0.02783720577,   -0.001134738922,      0.1121476521,                 0,       85.47566504
          0,           0,         159,      -7.816968547,      -8.563066732,      -8.375746243,      -7.263970889,             0.448,    0.001312009925,      0.1121458506,                 0,                 0,                 0,     -0.0278372882,   -0.001134751136,      0.1121477843,                 0,       85.47637366
          0,           0,         160,      -7.835731655,      -8.581188449,      -8.394249142,      -7.282578434,             0.448,    0.001312000875,      0.1121459515,                 0,                 0,                 0,    -0.02783736949,   -0.001134762384,      0.1121478849,                 0,       85.47704017
          0,           0,         161,        -7.8549147,      -8.599779611,      -8.413117445,      -7.301608284,             0.448,    0.001311992102,      0.1121460235,                 0,                 0,                 0,    -0.02783744921,   -0.001134772726,      0.1121479568,                 0,        85.4776666
          0,           0,         162,      -7.874511461,      -8.618833967,      -8.432347513,       -7.32105611,             0.448,    0.001311983599,      0.1121460692,                 0,                 0,                 0,    -0.02783752698,   -0.001134782225,      0.1121480023,                 0,       85.47825545
          0,           0,         163,      -7.894503327,      -8.638346291,        -8.4519399,      -7.340902963,             0.448,    0.001311975399,      0.1121460912,                 0,                 0,                 0,     -0.0278376023,   -0.001134790903,      0.1121480241,                 0,        85.4788065
          0,           0,         164,      -7.914876156,      -8.658292947,      -8.471914806,      -7.361133457,             0.448,    0.001311967491,       0.112146092,                 0,                 0,                 0,    -0.02783767486,   -0.001134798824,      0.1121480246,                 0,       85.47932223
          0,           0,         165,       -7.93561438,      -8.678669886,      -8.492260235,      -7.381733426,             0.448,    0.001311959891,      0.1121460739,                 0,                 0,                 0,    -0.02783774429,   -0.001134806029,      0.1121480064,                 0,       85.47980366
          0,           0,         166,      -7.956695004,      -8.699448712,      -8.512940704,      -7.402681971,             0.448,    0.001311952616,      0.1121460394,                 0,                 0,                 0,    -0.02783781025,    -0.00113481255,      0.1121479718,                 0,       85.48025138
          0,           0,         167,      -7.978098719,      -8.720584184,      -8.533930054,      -7.423960953,             0.448,    0.001311945676,      0.1121459908,                 0,                 0,                 0,    -0.02783787247,   -0.001134818429,      0.1121479231,                 0,       85.48066656
          0,           0,         168,      -7.999807798,       -8.74202449,      -8.555220859,       -7.44555297,             0.448,    0.001311939079,      0.1121459302,                 0,                 0,                 0,    -0.02783793071,   -0.001134823701,      0.1121478623,                 0,       85.48105013
          0,           0,         169,      -8.021801872,      -8.763710293,      -8.576807777,      -7.467438255,             0.448,     0.00131193284,      0.1121458595,                 0,                 0,                 0,    -0.02783798479,   -0.001134828397,      0.1121477915,                 0,        85.4814028
          0,           0,         170,      -8.044057215,      -8.785570783,      -8.598673074,      -7.489594172,             0.448,     0.00131192697,      0.1121457808,                 0,                 0,                 0,    -0.02783803454,   -0.001134832547,      0.1121477126,                 0,       85.48172522
          0,           0,         171,      -8.066547984,      -8.807521201,      -8.620785804,      -7.511996059,             0.448,    0.001311921481,      0.1121456957,                 0,                 0,                 0,    -0.02783807984,   -0.001134836181,      0.1121476275,                 0,       85.48201809
          0,           0,         172,      -8.089247102,      -8.829463837,      -8.643108548,      -7.534617942,             0.448,     0.00131191638,      0.1121456062,                 0,                 0,                 0,    -0.02783812062,   -0.001134839326,      0.1121475378,                 0,       85.48228216
          0,           0,         173,      -8.112126257,      -8.851290117,      -8.665602846,      -7.557432595,             0.448,    0.001311911676,      0.1121455137,                 0,                 0,                 0,    -0.02783815682,   -0.001134842011,      0.1121474453,                 0,       85.48251818
          0,           0,         174,      -8.135155652,      -8.872881838,      -8.688230252,      -7.580411351,             0.448,    0.001311907373,      0.1121454197,                 0,                 0,                 0,    -0.02783818844,   -0.001134844263,      0.1121473512,                 0,       85.48272689
          0,           0,         175,      -8.158303858,      -8.894112365,      -8.710951103,      -7.603523935,             0.448,    0.001311903476,      0.1121453257,                 0,                 0,                 0,    -0.02783821553,   -0.001134846108,      0.1121472571,                 0,       85.48290918
          0,           0,         176,       -8.18153782,      -8.914849246,      -8.733723443,      -7.626738439,             0.448,    0.001311899978,      0.1121452327,                 0,                 0,                 0,    -0.02783823817,   -0.001134847578,      0.1121471641,                 0,       85.48306626
          0,           0,         177,      -8.204822829,      -8.934960356,      -8.756503274,      -7.650021248,             0.448,    0.001311896886,      0.1121451421,                 0,                 0,                 0,    -0.02783825643,   -0.001134848693,      0.1121470735,                 0,       85.48319869
          0,           0,         178,      -8.228122506,      -8.954320252,      -8.779243457,      -7.673337007,             0.448,    0.001311894199,      0.1121450549,                 0,                 0,                 0,    -0.02783827042,   -0.001134849475,      0.1121469862,                 0,       85.48330722
          0,           0,         179,      -8.251398851,      -8.972811861,      -8.801895046,      -7.696648595,             0.448,    0.001311891911,      0.1121449719,                 0,                 0,                 0,    -0.02783828029,   -0.001134849953,      0.1121469032,                 0,       85.48339307
          0,           0,         180,      -8.274612727,      -8.990339001,      -8.824407586,       -7.71991761,             0.448,    0.001311890011,       0.112144894,                 0,                 0,                 0,    -0.02783828623,   -0.001134850153,      0.1121468253,                 0,       85.48345748
          0,           0,         181,      -8.297724261,      -9.006833566,      -8.846729777,      -7.743104716,             0.448,     0.00131188849,      0.1121448219,                 0,                 0,                 0,     -0.0278382884,   -0.001134850101,      0.1121467532,                 0,       85.48350167
          0,           0,         182,      -8.320693084,      -9.022259172,      -8.868811162,      -7.766169812,             0.448,    0.001311887332,      0.1121447561,                 0,                 0,                 0,    -0.02783828703,   -0.001134849824,      0.1121466874,                 0,       85.48352697
          0,           0,         183,      -8.343478615,      -9.036614135,      -8.890604055,      -7.789072263,             0.448,    0.001311886523,      0.1121446972,                 0,                 0,                 0,    -0.02783828233,   -0.001134849347,      0.1121466284,                 0,       85.48353476
          0,           0,         184,      -8.366040664,      -9.049932219,      -8.912064784,      -7.811771511,             0.448,    0.001311886045,      0.1121446455,                 0,                 0,                 0,    -0.02783827452,   -0.001134848697,      0.1121465768,                 0,        85.4835265
          0,           0,         185,      -8.388340207,      -9.062280573,      -8.933154378,      -7.834227812,             0.448,    0.001311885879,      0.1121446013,                 0,                 0,                 0,    -0.02783826384,     -0.0011348479,      0.1121465326,                 0,       85.48350366
          0,           0,         186,      -8.410340141,      -9.073755466,       -8.95383966,      -7.856402931,             0.448,    0.001311886004,      0.1121445649,                 0,                 0,                 0,    -0.02783825052,    -0.00113484698,      0.1121464962,                 0,       85.48346775
          0,           0,         187,      -8.432006038,      -9.084476103,      -8.974095021,      -7.878260884,             0.448,    0.001311886398,      0.1121445363,                 0,                 0,                 0,    -0.02783823481,   -0.001134845963,      0.1121464676,                 0,       85.48342028
          0,           0,         188,      -8.453306913,      -9.094577143,      -8.993904141,      -7.899768733,             0.448,     0.00131188704,      0.1121445157,                 0,                 0,                 0,    -0.02783821693,   -0.001134844871,       0.112146447,                 0,       85.48336274
          0,           0,         189,      -8.474215957,      -9.104201268,       -9.01326091,      -7.920897353,             0.448,    0.001311887907,       0.112144503,                 0,                 0,                 0,    -0.02783819711,   -0.001134843728,      0.1121464344,                 0,       85.48329661
          0,           0,         190,      -8.494711237,       -9.11349266,      -9.032169436,      -7.941622156,             0.448,    0.001311888975,      0.1121444982,                 0,                 0,                 0,    -0.02783817558,   -0.001134842555,      0.1121464296,                 0,       85.48322329
          0,           0,         191,      -8.514776295,      -9.122591503,      -9.050643495,      -7.961923753,             0.448,    0.001311890225,      0.1121445012,                 0,                 0,                 0,    -0.02783815255,    -0.00113484137,      0.1121464326,                 0,       85.48314416
          0,           0,         192,      -8.534400637,      -9.131629623,      -9.068705717,      -7.981788516,             0.448,    0.001311891632,      0.1121445118,                 0,                 0,                 0,    -0.02783812823,   -0.001134840194,      0.1121464432,                 0,        85.4830605
          0,           0,         193,      -8.553580042,       -9.14072751,      -9.086386563,      -8.001208991,             0.448,    0.001311893178,      0.1121445298,                 0,                 0,                 0,     -0.0278381028,   -0.001134839042,      0.1121464612,                 0,       85.48297353
          0,           0,         194,      -8.572316697,       -9.14999264,      -9.103723031,      -8.020184117,             0.448,    0.001311894842,      0.1121445551,                 0,                 0,                 0,    -0.02783807645,    -0.00113483793,      0.1121464866,                 0,       85.48288437
          0,           0,         195,      -8.590619128,      -9.159518821,      -9.120757063,      -8.038719264,             0.448,    0.001311896606,      0.1121445874,                 0,                 0,                 0,    -0.02783804936,   -0.001134836871,      0.1121465189,                 0,       85.48279407
          0,           0,         196,      -8.608501941,      -9.169386316,      -9.137533781,      -8.056826063,             0.448,    0.001311898451,      0.1121446264,                 0,                 0,                 0,    -0.02783802167,   -0.001134835878,      0.1121465579,                 0,       85.48270357
          0,           0,         197,      -8.625985393,      -9.179662522,      -9.154099683,      -8.074522072,             0.448,    0.001311900363,       0.112144672,                 0,                 0,                 0,    -0.02783799354,    -0.00113483496,      0.1121466035,                 0,       85.48261374
          0,           0,         198,      -8.643094803,      -9.190403107,      -9.170500901,      -8.091830261,             0.448,    0.001311902325,      0.1121447237,                 0,                 0,                 0,    -0.02783796512,   -0.001134834128,      0.1121466553,                 0,       85.48252536
          0,           0,         199,      -8.659859834,      -9.201653351,      -9.186781582,      -8.108778347,             0.448,    0.001311904323,      0.1121447815,                 0,                 0,                 0,    -0.02783793651,   -0.001134833389,      0.1121467131,                 0,       85.48243914
          0,           0,         200,      -8.676313668,      -9.213449572,      -9.202982404,      -8.125398012,             0.448,    0.001311906345,      0.1121448448,                 0,                 0,                 0,    -0.02783790786,   -0.001134832751,      0.1121467765,                 0,        85.4823557
          0,           0,         201,      -8.692492099,      -9.225820518,      -9.219139287,      -8.141724015,             0.448,    0.001311908378,      0.1121449136,                 0,                 0,                 0,    -0.02783787927,   -0.001134832218,      0.1121468453,                 0,       85.48227565
          0,           0,         202,      -8.708432592,      -9.238788672,      -9.235282285,      -8.157793249,             0.448,     0.00131191041,      0.1121449874,                 0,                 0,                 0,    -0.02783785085,   -0.001134831796,      0.1121469191,                 0,       85.48219951
          0,           0,         203,        -8.7241733,      -9.252371458,      -9.251434694,      -8.173643742,             0.448,    0.001311912429,      0.1121450659,                 0,                 0,                 0,     -0.0278378227,    -0.00113483149,      0.1121469976,                 0,       85.48212777
          0,           0,         204,      -8.739752085,      -9.266582283,      -9.267612397,      -8.189313638,             0.448,    0.001311914424,      0.1121451487,                 0,                 0,                 0,    -0.02783779493,   -0.001134831302,      0.1121470805,                 0,       85.48206089
          0,           0,         205,      -8.755205521,      -9.281431332,      -9.283823405,      -8.204840162,             0.448,    0.001311916385,      0.1121452355,                 0,                 0,                 0,    -0.02783776762,   -0.001134831235,      0.1121471673,                 0,       85.48199928
          0,           0,         206,       -8.77056793,      -9.296926052,      -9.300067625,      -8.220258587,             0.448,    0.001311918302,      0.1121453259,                 0,                 0,                 0,    -0.02783774088,   -0.001134831291,      0.1121472577,                 0,       85.48194333
          0,           0,         207,      -8.785870439,      -9.313071297,      -9.316336816,      -8.235601233,             0.448,    0.001311920164,      0.1121454195,                 0,                 0,                 0,    -0.02783771477,   -0.001134831471,      0.1121473513,                 0,       85.48189334
          0,           0,         208,      -8.801140084,      -9.329869131,      -9.332614671,      -8.250896508,             0.448,    0.001311921962,      0.1121455158,                 0,                 0,                 0,    -0.02783768939,   -0.001134831774,      0.1121474476,                 0,       85.48184956
          0,           0,         209,         -8.816399,      -9.347318279,      -9.348877008,      -8.266168049,             0.448,    0.001311923689,      0.1121456144,                 0,                 0,                 0,    -0.02783766478,   -0.001134832198,      0.1121475462,                 0,       85.48181217
          0,           0,         210,      -8.831663697,       -9.36541339,      -9.365091968,      -8.281433953,             0.448,    0.001311925339,      0.1121457148,                 0,                 0,                 0,    -0.02783764102,   -0.001134832739,      0.1121476466,                 0,       85.48178124
          0,           0,         211,      -8.846944451,      -9.384144225,      -9.381220285,      -8.296706143,             0.448,    0.001311926905,      0.1121458166,                 0,                 0,                 0,    -0.02783761813,   -0.001134833394,      0.1121477485,                 0,       85.48175677
          0,           0,         212,      -8.862244798,      -9.403494736,      -9.397215609,      -8.311989854,             0.448,    0.001311928386,      0.1121459194,                 0,                 0,                 0,    -0.02783759616,   -0.001134834157,      0.1121478513,                 0,       85.48173868
          0,           0,         213,       -8.87756116,      -9.423442285,      -9.413024988,      -8.327283242,             0.448,    0.001311929778,      0.1121460229,                 0,                 0,                 0,    -0.02783757513,   -0.001134835022,      0.1121479547,                 0,        85.4817268
          0,           0,         214,      -8.892882573,      -9.443956904,      -9.428589599,      -8.342577109,             0.448,    0.001311931081,      0.1121461265,                 0,                 0,                 0,    -0.02783755504,    -0.00113483598,      0.1121480584,                 0,       85.48172092
          0,           0,         215,      -8.908190553,        -9.4650006,      -9.443845866,      -8.357854755,             0.448,    0.001311932294,        0.11214623,                 0,                 0,                 0,    -0.02783753591,   -0.001134837025,      0.1121481619,                 0,       85.48172075
          0,           0,         216,      -8.923459088,       -9.48652676,      -9.458726976,      -8.373091959,             0.448,     0.00131193342,      0.1121463331,                 0,                 0,                 0,    -0.02783751772,   -0.001134838149,       0.112148265,                 0,         85.481726
          0,           0,         217,      -8.938654807,      -9.508479627,      -9.473164867,      -8.388257123,             0.448,    0.001311934459,      0.1121464355,                 0,                 0,                 0,    -0.02783750047,   -0.001134839343,      0.1121483673,                 0,       85.48173633
          0,           0,         218,      -8.953737344,      -9.530793796,      -9.487092705,      -8.403311622,             0.448,    0.001311935413,      0.1121465369,                 0,                 0,                 0,    -0.02783748413,     -0.0011348406,      0.1121484687,                 0,        85.4817514
          0,           0,         219,      -8.968659947,      -9.553393893,      -9.500447696,      -8.418210378,             0.448,    0.001311936286,      0.1121466371,                 0,                 0,                 0,    -0.02783746869,   -0.001134841913,      0.1121485689,                 0,       85.48177088
          0,           0,         220,      -8.983370352,      -9.576194561,      -9.513174043,      -8.432902703,             0.448,    0.001311937081,      0.1121467358,                 0,                 0,                 0,    -0.02783745412,   -0.001134843274,      0.1121486677,                 0,       85.48179443
          0,           0,         221,      -8.997811977,      -9.599100491,       -9.52522607,      -8.447333451,             0.448,    0.001311937799,       0.112146833,                 0,                 0,                 0,    -0.02783744039,   -0.001134844676,      0.1121487649,                 0,       85.48182169
          0,           0,         222,       -9.01192542,      -9.622007151,      -9.536570839,      -8.461444478,             0.448,    0.001311938445,      0.1121469285,                 0,                 0,                 0,    -0.02783742747,   -0.001134846112,      0.1121488603,                 0,       85.48185234
          0,           0,         223,      -9.025650293,      -9.644801526,      -9.547190413,      -8.475176407,             0.448,    0.001311939022,       0.112147022,                 0,                 0,                 0,    -0.02783741534,   -0.001134847576,      0.1121489538,                 0,       85.48188606
          0,           0,         224,      -9.038927306,      -9.667363797,      -9.557083231,      -8.488470664,             0.448,    0.001311939533,      0.1121471135,                 0,                 0,                 0,    -0.02783740397,   -0.001134849061,      0.1121490453,                 0,       85.48192252
          0,           0,         225,      -9.051700576,      -9.689569093,      -9.566264678,      -8.501271721,             0.448,    0.001311939981,      0.1121472028,                 0,                 0,                 0,    -0.02783739332,   -0.001134850562,      0.1121491346,                 0,       85.48196141
          0,           0,         226,      -9.063920004,      -9.711290321,       -9.57476666,      -8.513529431,             0.448,    0.001311940371,      0.1121472899,                 0,                 0,                 0,    -0.02783738336,   -0.001134852073,      0.1121492217,                 0,       85.48200242
          0,           0,         227,      -9.075543602,      -9.732401469,      -9.582636265,      -8.525201326,             0.448,    0.001311940705,      0.1121473747,                 0,                 0,                 0,    -0.02783737407,   -0.001134853588,      0.1121493065,                 0,       85.48204528
          0,           0,         228,      -9.086539591,      -9.752781617,      -9.589933691,      -8.536254707,             0.448,    0.001311940987,      0.1121474571,                 0,                 0,                 0,    -0.02783736542,   -0.001134855103,      0.1121493889,                 0,       85.48208968
          0,           0,         229,      -9.096888112,      -9.772319642,      -9.596729547,      -8.546668386,             0.448,    0.001311941221,       0.112147537,                 0,                 0,                 0,    -0.02783735737,   -0.001134856613,      0.1121494688,                 0,       85.48213535
          0,           0,         230,      -9.106582391,      -9.790918913,      -9.603101877,      -8.556433914,             0.448,     0.00131194141,      0.1121476145,                 0,                 0,                 0,     -0.0278373499,   -0.001134858113,      0.1121495462,                 0,       85.48218204
          0,           0,         231,      -9.115629278,      -9.808502012,      -9.609133142,      -8.565556198,             0.448,    0.001311941558,      0.1121476894,                 0,                 0,                 0,    -0.02783734299,   -0.001134859599,      0.1121496211,                 0,       85.48222949
          0,           0,         232,      -9.124049084,        -9.8250147,      -9.614907282,      -8.574053463,             0.448,    0.001311941668,      0.1121477617,                 0,                 0,                 0,    -0.02783733661,   -0.001134861067,      0.1121496934,                 0,       85.48227748
          0,           0,         233,      -9.131874795,       -9.84042839,      -9.620507175,      -8.581956563,             0.448,    0.001311941742,      0.1121478315,                 0,                 0,                 0,    -0.02783733073,   -0.001134862514,      0.1121497632,                 0,        85.4823258
          0,           0,         234,      -9.139150673,      -9.854741936,      -9.626012542,      -8.589307706,             0.448,    0.001311941785,      0.1121478986,                 0,                 0,                 0,    -0.02783732534,   -0.001134863937,      0.1121498303,                 0,       85.48237423
          0,           0,         235,      -9.145930455,      -9.867980709,      -9.631498348,      -8.596158743,             0.448,    0.001311941798,      0.1121479632,                 0,                 0,                 0,    -0.02783732041,   -0.001134865333,      0.1121498949,                 0,       85.48242261
          0,           0,         236,      -9.152275253,      -9.880194804,      -9.637033755,      -8.602569148,             0.448,    0.001311941785,      0.1121480253,                 0,                 0,                 0,    -0.02783731592,     -0.0011348667,      0.1121499569,                 0,       85.48247078
          0,           0,         237,      -9.158251361,      -9.891455586,      -9.642681483,      -8.608603864,             0.448,    0.001311941747,      0.1121480848,                 0,                 0,                 0,    -0.02783731185,   -0.001134868036,      0.1121500164,                 0,       85.48251859
          0,           0,         238,      -9.163928087,      -9.901851308,      -9.648497574,      -8.614331167,             0.448,    0.001311941687,      0.1121481417,                 0,                 0,                 0,    -0.02783730819,   -0.001134869338,      0.1121500734,                 0,       85.48256591
          0,           0,         239,      -9.169375776,      -9.911482379,      -9.654531479,      -8.619820675,             0.448,    0.001311941607,      0.1121481962,                 0,                 0,                 0,    -0.02783730491,   -0.001134870606,      0.1121501278,                 0,       85.48261263
          0,           0,         240,      -9.174664053,      -9.920456803,      -9.660826267,      -8.625141581,             0.448,    0.001311941509,      0.1121482482,                 0,                 0,                 0,      -0.027837302,   -0.001134871839,      0.1121501798,                 0,       85.48265866
          0,           0,         241,      -9.179860403,      -9.928885455,      -9.667419046,      -8.630361192,             0.448,    0.001311941394,      0.1121482978,                 0,                 0,                 0,    -0.02783729944,   -0.001134873035,      0.1121502294,                 0,       85.48270391
          0,           0,         242,      -9.185029037,      -9.936878797,      -9.674341329,      -8.635543755,             0.448,    0.001311941265,      0.1121483449,                 0,                 0,                 0,    -0.02783729721,   -0.001134874194,      0.1121502765,                 0,       85.48274833
          0,           0,         243,      -9.190230089,      -9.944543373,      -9.681619588,      -8.640749608,             0.448,    0.001311941121,      0.1121483898,                 0,                 0,                 0,     -0.0278372953,   -0.001134875315,      0.1121503214,                 0,       85.48279185
          0,           0,         244,      -9.195519069,      -9.951980399,      -9.689275612,      -8.646034596,             0.448,    0.001311940966,      0.1121484323,                 0,                 0,                 0,    -0.02783729368,   -0.001134876399,      0.1121503639,                 0,       85.48283442
          0,           0,         245,      -9.200946588,       -9.95928341,      -9.697327023,       -8.65144975,             0.448,    0.001311940799,      0.1121484726,                 0,                 0,                 0,    -0.02783729235,   -0.001134877445,      0.1121504042,                 0,       85.48287602
          0,           0,         246,       -9.20655824,      -9.966538504,       -9.70578759,      -8.657041143,             0.448,    0.001311940622,      0.1121485108,                 0,                 0,                 0,    -0.02783729128,   -0.001134878454,      0.1121504423,                 0,       85.48291661
          0,           0,         247,      -9.212394678,       -9.97382313,      -9.714667658,      -8.662849931,             0.448,    0.001311940436,      0.1121485468,                 0,                 0,                 0,    -0.02783729045,   -0.001134879425,      0.1121504783,                 0,       85.48295617
          0,           0,         248,       -9.21849178,       -9.98120679,      -9.723974488,      -8.668912504,             0.448,    0.001311940241,      0.1121485807,                 0,                 0,                 0,    -0.02783728986,   -0.001134880359,      0.1121505122,                 0,       85.48299469
          0,           0,         249,      -9.224880904,      -9.988751356,      -9.733712517,      -8.675260721,             0.448,     0.00131194004,      0.1121486126,                 0,                 0,                 0,    -0.02783728949,   -0.001134881257,      0.1121505441,                 0,       85.48303215
          0,           0,         250,      -9.231589193,      -9.996511247,      -9.743883664,      -8.681922207,             0.448,    0.001311939832,      0.1121486426,                 0,                 0,                 0,    -0.02783728932,   -0.001134882119,       0.112150574,                 0,       85.48306855
          0,           0,         251,      -9.238639915,      -10.00453461,      -9.754487565,      -8.688920683,             0.448,    0.001311939618,      0.1121486706,                 0,                 0,                 0,    -0.02783728933,   -0.001134882945,      0.1121506021,                 0,       85.48310387
          0,           0,         252,      -9.246052804,      -10.01286351,      -9.765521802,      -8.696276307,             0.448,    0.001311939399,      0.1121486969,                 0,                 0,                 0,    -0.02783728952,   -0.001134883736,      0.1121506284,                 0,       85.48313813
          0,           0,         253,       -9.25384441,      -10.02153468,      -9.776982068,      -8.704006015,             0.448,    0.001311939177,      0.1121487214,                 0,                 0,                 0,    -0.02783728986,   -0.001134884493,      0.1121506529,                 0,       85.48317132
          0,           0,         254,      -9.262028416,      -10.03058069,       -9.78886235,      -8.712123853,             0.448,    0.001311938951,      0.1121487442,                 0,                 0,                 0,    -0.02783729034,   -0.001134885217,      0.1121506757,                 0,       85.48320343
          0,           0,         255,       -9.27061596,      -10.04002965,      -9.801155069,      -8.720641282,             0.448,    0.001311938723,      0.1121487654,                 0,                 0,                 0,    -0.02783729094,   -0.001134885908,      0.1121506969,                 0,       85.48323447
          0,           0,         256,       -9.27961592,      -10.04990608,        -9.8138512,       -8.72956748,             0.448,    0.001311938493,      0.1121487851,                 0,                 0,                 0,    -0.02783729166,   -0.001134886567,      0.1121507165,                 0,       85.48326445
          0,           0,         257,      -9.289035169,      -10.06023152,       -9.82694041,      -8.738909591,             0.448,    0.001311938262,      0.1121488033,                 0,                 0,                 0,    -0.02783729248,   -0.001134887195,      0.1121507347,                 0,       85.48329336
          0,           0,         258,      -9.298878812,       -10.0710246,      -9.840411109,      -8.748672974,             0.448,     0.00131193803,        0.11214882,                 0,                 0,                 0,    -0.02783729338,   -0.001134887792,      0.1121507514,                 0,       85.48332121
          0,           0,         259,      -9.309150396,       -10.0823015,       -9.85425057,      -8.758861408,             0.448,    0.001311937799,      0.1121488355,                 0,                 0,                 0,    -0.02783729435,   -0.001134888359,      0.1121507669,                 0,         85.483348
          0,           0,         260,      -9.319852086,      -10.09407593,      -9.868444988,      -8.769477275,             0.448,     0.00131193757,      0.1121488496,                 0,                 0,                 0,    -0.02783729539,   -0.001134888897,       0.112150781,                 0,       85.48337374
          0,           0,         261,      -9.330984822,       -10.1063597,      -9.882979561,      -8.780521719,             0.448,    0.001311937342,      0.1121488625,                 0,                 0,                 0,    -0.02783729648,   -0.001134889406,      0.1121507939,                 0,       85.48339843
          0,           0,         262,      -9.342548456,      -10.11916251,      -9.897838541,      -8.791994786,             0.448,    0.001311937117,      0.1121488743,                 0,                 0,                 0,     -0.0278372976,   -0.001134889889,      0.1121508057,                 0,       85.48342209
          0,           0,         263,      -9.354541859,      -10.13249227,      -9.913005309,      -8.803895533,             0.448,    0.001311936895,       0.112148885,                 0,                 0,                 0,    -0.02783729876,   -0.001134890344,      0.1121508164,                 0,       85.48344471
          0,           0,         264,      -9.366963012,      -10.14635493,      -9.928462447,      -8.816222124,             0.448,    0.001311936677,      0.1121488947,                 0,                 0,                 0,    -0.02783729994,   -0.001134890774,      0.1121508261,                 0,       85.48346631
          0,           0,         265,      -9.379809082,      -10.16075446,      -9.944191777,      -8.828971904,             0.448,    0.001311936463,      0.1121489035,                 0,                 0,                 0,    -0.02783730112,   -0.001134891178,      0.1121508348,                 0,        85.4834869
          0,           0,         266,       -9.39307648,      -10.17569277,      -9.960174469,      -8.842141465,             0.448,    0.001311936255,      0.1121489113,                 0,                 0,                 0,    -0.02783730231,   -0.001134891558,      0.1121508427,                 0,       85.48350649
          0,           0,         267,      -9.406760901,      -10.19117016,      -9.976391103,      -8.855726683,             0.448,    0.001311936051,      0.1121489183,                 0,                 0,                 0,    -0.02783730349,   -0.001134891915,      0.1121508497,                 0,       85.48352509
          0,           0,         268,      -9.420857356,      -10.20718449,      -9.992821755,      -8.869722753,             0.448,    0.001311935853,      0.1121489246,                 0,                 0,                 0,    -0.02783730466,   -0.001134892248,      0.1121508559,                 0,       85.48354273
          0,           0,         269,      -9.435360188,       -10.2237312,       -10.0094461,       -8.88412421,             0.448,    0.001311935662,      0.1121489301,                 0,                 0,                 0,    -0.02783730582,    -0.00113489256,      0.1121508614,                 0,       85.48355942
          0,           0,         270,       -9.45026308,      -10.24080341,      -10.02624355,       -8.89892494,             0.448,    0.001311935477,       0.112148935,                 0,                 0,                 0,    -0.02783730694,   -0.001134892851,      0.1121508663,                 0,       85.48357518
          0,           0,         271,       -9.46555906,      -10.25839121,      -10.04319333,      -8.914118183,             0.448,    0.001311935299,      0.1121489392,                 0,                 0,                 0,    -0.02783730804,   -0.001134893122,      0.1121508705,                 0,       85.48359002
          0,           0,         272,      -9.481240478,      -10.27648167,      -10.06027469,      -8.929696516,             0.448,    0.001311935128,      0.1121489429,                 0,                 0,                 0,     -0.0278373091,   -0.001134893374,      0.1121508742,                 0,       85.48360399
          0,           0,         273,      -9.497299001,      -10.29505881,        -10.077467,      -8.945651849,             0.448,    0.001311934964,      0.1121489461,                 0,                 0,                 0,    -0.02783731013,   -0.001134893607,      0.1121508774,                 0,       85.48361709
          0,           0,         274,      -9.513725581,      -10.31410268,      -10.09474999,      -8.961975403,             0.448,    0.001311934808,      0.1121489488,                 0,                 0,                 0,    -0.02783731111,   -0.001134893823,      0.1121508801,                 0,       85.48362935
          0,           0,         275,      -9.530510431,      -10.33358901,      -10.11210394,      -8.978657676,             0.448,    0.001311934659,      0.1121489511,                 0,                 0,                 0,    -0.02783731204,   -0.001134894022,      0.1121508824,                 0,        85.4836408
          0,           0,         276,      -9.547642979,      -10.35348923,       -10.1295099,      -8.995688411,             0.448,    0.001311934517,       0.112148953,                 0,                 0,                 0,    -0.02783731293,   -0.001134894205,      0.1121508843,                 0,       85.48365147
          0,           0,         277,      -9.565111831,      -10.37376987,      -10.14694991,      -9.013056562,             0.448,    0.001311934384,      0.1121489546,                 0,                 0,                 0,    -0.02783731377,   -0.001134894373,      0.1121508859,                 0,       85.48366139
          0,           0,         278,      -9.582904734,      -10.39439155,      -10.16440727,      -9.030750249,             0.448,    0.001311934258,      0.1121489559,                 0,                 0,                 0,    -0.02783731455,   -0.001134894527,      0.1121508872,                 0,       85.48367058
          0,           0,         279,      -9.601008508,      -10.41530947,      -10.18186682,      -9.048756711,             0.448,    0.001311934139,      0.1121489569,                 0,                 0,                 0,    -0.02783731528,   -0.001134894668,      0.1121508882,                 0,       85.48367906
          0,           0,         280,      -9.619409012,      -10.43647173,      -10.19931513,      -9.067062262,             0.448,    0.001311934029,      0.1121489577,                 0,                 0,                 0,    -0.02783731596,   -0.001134894795,       0.112150889,                 0,       85.48368688
          0,           0,         281,      -9.638091086,      -10.45782016,      -10.21674081,      -9.085652243,             0.448,    0.001311933925,      0.1121489583,                 0,                 0,                 0,    -0.02783731658,   -0.001134894911,      0.1121508896,                 0,       85.48369405
          0,           0,         282,      -9.657038502,      -10.47928909,      -10.23413464,      -9.104510972,             0.448,     0.00131193383,      0.1121489587,                 0,                 0,                 0,    -0.02783731714,   -0.001134895016,        0.11215089,                 0,       85.48370061
          0,           0,         283,       -9.67623392,       -10.5008058,      -10.25148984,      -9.123621709,             0.448,    0.001311933741,       0.112148959,                 0,                 0,                 0,    -0.02783731765,   -0.001134895111,      0.1121508903,                 0,       85.48370658
          0,           0,         284,      -9.695658847,      -10.52229057,      -10.26880214,       -9.14296661,             0.448,     0.00131193366,      0.1121489592,                 0,                 0,                 0,    -0.02783731809,   -0.001134895195,      0.1121508904,                 0,         85.483712
          0,           0,         285,      -9.715293609,      -10.54365714,       -10.2860699,      -9.162526705,             0.448,    0.001311933586,      0.1121489592,                 0,                 0,                 0,    -0.02783731849,   -0.001134895271,      0.1121508905,                 0,       85.48371687
          0,           0,         286,      -9.735117333,      -10.56481339,      -10.30329413,      -9.182281872,             0.448,    0.001311933519,      0.1121489592,                 0,                 0,                 0,    -0.02783731882,   -0.001134895338,      0.1121508905,                 0,       85.48372125
          0,           0,         287,      -9.755107946,      -10.58566383,      -10.32047848,      -9.202210841,             0.448,    0.001311933458,      0.1121489592,                 0,                 0,                 0,     -0.0278373191,   -0.001134895397,      0.1121508904,                 0,       85.48372514
          0,           0,         288,      -9.775242184,      -10.60611011,      -10.33762912,       -9.22229119,             0.448,    0.001311933405,      0.1121489591,                 0,                 0,                 0,    -0.02783731933,   -0.001134895449,      0.1121508903,                 0,       85.48372858
          0,           0,         289,      -9.795495644,      -10.62605507,      -10.35475465,      -9.242499392,             0.448,    0.001311933357,       0.112148959,                 0,                 0,                 0,     -0.0278373195,   -0.001134895494,      0.1121508902,                 0,       85.48373159
          0,           0,         290,      -9.815842837,      -10.64540507,      -10.37186585,      -9.262810851,             0.448,    0.001311933316,      0.1121489589,                 0,                 0,                 0,    -0.02783731963,   -0.001134895533,      0.1121508902,                 0,        85.4837342
          0,           0,         291,       -9.83625729,      -10.66407368,      -10.38897544,      -9.283199993,             0.448,    0.001311933281,      0.1121489588,                 0,                 0,                 0,     -0.0278373197,   -0.001134895567,      0.1121508901,                 0,       85.48373642
          0,           0,         292,      -9.856711679,      -10.68198571,      -10.40609787,      -9.303640375,             0.448,    0.001311933252,      0.1121489588,                 0,                 0,                 0,    -0.02783731972,   -0.001134895595,        0.11215089,                 0,        85.4837383
          0,           0,         293,      -9.877177982,      -10.69908042,      -10.42324889,      -9.324104815,             0.448,    0.001311933228,      0.1121489588,                 0,                 0,                 0,     -0.0278373197,   -0.001134895619,        0.11215089,                 0,       85.48373984
          0,           0,         294,      -9.897627685,      -10.71531466,      -10.44044524,      -9.344565575,             0.448,     0.00131193321,      0.1121489588,                 0,                 0,                 0,    -0.02783731963,   -0.001134895638,      0.1121508901,                 0,       85.48374108
          0,           0,         295,      -9.918032029,      -10.73066561,      -10.45770435,      -9.364994572,             0.448,    0.001311933197,      0.1121489589,                 0,                 0,                 0,    -0.02783731952,   -0.001134895654,      0.1121508902,                 0,       85.48374203
          0,           0,         296,      -9.938362284,      -10.74513168,       -10.4750438,      -9.385363623,             0.448,    0.001311933188,      0.1121489591,                 0,                 0,                 0,    -0.02783731937,   -0.001134895666,      0.1121508904,                 0,       85.48374272
          0,           0,         297,      -9.958590058,      -10.75873305,      -10.49248104,      -9.405644722,             0.448,    0.001311933184,      0.1121489594,                 0,                 0,                 0,    -0.02783731918,   -0.001134895676,      0.1121508906,                 0,       85.48374317
          0,           0,         298,      -9.978687651,      -10.77151033,      -10.51003287,      -9.425810367,             0.448,    0.001311933185,      0.1121489597,                 0,                 0,                 0,    -0.02783731895,   -0.001134895683,       0.112150891,                 0,       85.48374339
          0,           0,         299,      -9.998628424,      -10.78352228,      -10.52771503,      -9.445833894,             0.448,     0.00131193319,      0.1121489602,                 0,                 0,                 0,    -0.02783731869,   -0.001134895688,      0.1121508914,                 0,       85.48374341
          0,           0,         300,      -10.01838718,      -10.79484333,      -10.54554171,       -9.46568984,             0.448,    0.001311933198,      0.1121489607,                 0,                 0,                 0,     -0.0278373184,    -0.00113489569,      0.1121508919,                 0,       85.48374325
          0,           0,         301,      -10.03794057,      -10.80555961,      -10.56352506,      -9.485354324,             0.448,     0.00131193321,      0.1121489613,                 0,                 0,                 0,    -0.02783731807,   -0.001134895691,      0.1121508925,                 0,       85.48374293
          0,           0,         302,      -10.05726744,       -10.8157651,      -10.58167469,      -9.504805403,             0.448,    0.001311933226,       0.112148962,                 0,                 0,                 0,    -0.02783731772,   -0.001134895691,      0.1121508932,                 0,       85.48374245
          0,           0,         303,      -10.07634923,      -10.82555845,      -10.59999713,      -9.524023438,             0.448,    0.001311933244,      0.1121489628,                 0,                 0,                 0,    -0.02783731735,    -0.00113489569,       0.112150894,                 0,       85.48374185
          0,           0,         304,      -10.09517027,        -10.835039,      -10.61849531,      -9.542991415,             0.448,    0.001311933266,      0.1121489637,                 0,                 0,                 0,    -0.02783731695,   -0.001134895688,      0.1121508949,                 0,       85.48374113
          0,           0,         305,      -10.11371802,      -10.84430448,      -10.63716796,      -9.561695221,             0.448,     0.00131193329,      0.1121489647,                 0,                 0,                 0,    -0.02783731653,   -0.001134895686,      0.1121508959,                 0,       85.48374032
          0,           0,         306,      -10.13198329,      -10.85344857,      -10.65600911,      -9.580123859,             0.448,    0.001311933317,      0.1121489658,                 0,                 0,                 0,    -0.02783731609,   -0.001134895683,       0.112150897,                 0,       85.48373942
          0,           0,         307,      -10.14996036,      -10.86255893,      -10.67500757,      -9.598269611,             0.448,    0.001311933346,       0.112148967,                 0,                 0,                 0,    -0.02783731563,    -0.00113489568,      0.1121508982,                 0,       85.48373845
          0,           0,         308,      -10.16764697,      -10.87171655,      -10.69414639,      -9.616128103,             0.448,    0.001311933376,      0.1121489683,                 0,                 0,                 0,    -0.02783731516,   -0.001134895678,      0.1121508995,                 0,       85.48373743
          0,           0,         309,      -10.18504431,       -10.8809953,      -10.71340241,      -9.633698303,             0.448,    0.001311933409,      0.1121489697,                 0,                 0,                 0,    -0.02783731468,   -0.001134895675,      0.1121509009,                 0,       85.48373636
          0,           0,         310,      -10.20215685,      -10.89046093,      -10.73274595,       -9.65098246,             0.448,    0.001311933443,      0.1121489711,                 0,                 0,                 0,    -0.02783731418,   -0.001134895674,      0.1121509024,                 0,       85.48373526
          0,           0,         311,      -10.21899214,      -10.90017216,       -10.7521405,      -9.667985917,             0.448,    0.001311933479,      0.1121489727,                 0,                 0,                 0,    -0.02783731367,   -0.001134895672,       0.112150904,                 0,       85.48373415
          0,           0,         312,      -10.23556056,      -10.91018048,      -10.77154273,      -9.684716955,             0.448,    0.001311933515,      0.1121489744,                 0,                 0,                 0,    -0.02783731316,   -0.001134895672,      0.1121509056,                 0,       85.48373303
          0,           0,         313,      -10.25187492,      -10.92053135,      -10.79090228,      -9.701186447,             0.448,    0.001311933553,      0.1121489761,                 0,                 0,                 0,    -0.02783731264,   -0.001134895672,      0.1121509074,                 0,       85.48373192
          0,           0,         314,      -10.26795007,      -10.93126518,      -10.81016213,      -9.717407538,             0.448,    0.001311933591,      0.1121489779,                 0,                 0,                 0,    -0.02783731211,   -0.001134895674,      0.1121509092,                 0,       85.48373083
          0,           0,         315,      -10.28380253,      -10.94241796,      -10.82925938,      -9.733395269,             0.448,    0.001311933629,      0.1121489798,                 0,                 0,                 0,    -0.02783731159,   -0.001134895677,      0.1121509111,                 0,       85.48372977
          0,           0,         316,      -10.29944984,      -10.95402194,      -10.84812602,       -9.74916603,             0.448,    0.001311933668,      0.1121489818,                 0,                 0,                 0,    -0.02783731106,   -0.001134895682,      0.1121509131,                 0,       85.48372875
          0,           0,         317,      -10.31491008,      -10.96610732,      -10.86668997,       -9.76473699,             0.448,    0.001311933706,      0.1121489839,                 0,                 0,                 0,    -0.02783731054,   -0.001134895688,      0.1121509151,                 0,        85.4837278
          0,           0,         318,      -10.33020119,      -10.97870184,      -10.88487718,      -9.780125424,             0.448,    0.001311933745,       0.112148986,                 0,                 0,                 0,    -0.02783731002,   -0.001134895696,      0.1121509172,                 0,       85.48372693
          0,           0,         319,      -10.34534033,      -10.99183129,      -10.90261349,      -9.795348012,             0.448,    0.001311933782,      0.1121489881,                 0,                 0,                 0,     -0.0278373095,   -0.001134895705,      0.1121509194,                 0,       85.48372613
          0,           0,         320,      -10.36034331,      -11.00551797,      -10.91982776,      -9.810420242,             0.448,    0.001311933818,      0.1121489903,                 0,                 0,                 0,    -0.02783730899,   -0.001134895717,      0.1121509216,                 0,       85.48372544
          0,           0,         321,      -10.37522402,      -11.01977984,      -10.93645423,      -9.825355796,             0.448,    0.001311933854,      0.1121489926,                 0,                 0,                 0,     -0.0278373085,   -0.001134895731,      0.1121509238,                 0,       85.48372485
          0,           0,         322,      -10.38999401,      -11.03462972,       -10.9524351,      -9.840166187,             0.448,    0.001311933888,      0.1121489948,                 0,                 0,                 0,    -0.02783730801,   -0.001134895746,      0.1121509261,                 0,       85.48372437
          0,           0,         323,      -10.40466231,        -11.050073,      -10.96772294,      -9.854860589,             0.448,     0.00131193392,      0.1121489971,                 0,                 0,                 0,    -0.02783730754,   -0.001134895764,      0.1121509284,                 0,       85.48372401
          0,           0,         324,       -10.4192352,      -11.06610597,      -10.98228258,      -9.869445654,             0.448,    0.001311933951,      0.1121489994,                 0,                 0,                 0,    -0.02783730708,   -0.001134895783,      0.1121509307,                 0,       85.48372376
          0,           0,         325,      -10.43371602,      -11.08272051,      -10.99609174,      -9.883925299,             0.448,    0.001311933979,      0.1121490017,                 0,                 0,                 0,    -0.02783730664,   -0.001134895805,       0.112150933,                 0,       85.48372363
          0,           0,         326,      -10.44810532,      -11.09989605,      -11.00914238,      -9.898300909,             0.448,    0.001311934007,       0.112149004,                 0,                 0,                 0,    -0.02783730621,   -0.001134895828,      0.1121509353,                 0,       85.48372361
          0,           0,         327,      -10.46240072,      -11.11760635,      -11.02144021,      -9.912571066,             0.448,    0.001311934032,      0.1121490063,                 0,                 0,                 0,     -0.0278373058,   -0.001134895852,      0.1121509376,                 0,        85.4837237
          0,           0,         328,      -10.47659695,      -11.13581611,      -11.03300529,      -9.926731651,             0.448,    0.001311934056,      0.1121490086,                 0,                 0,                 0,     -0.0278373054,   -0.001134895878,      0.1121509399,                 0,        85.4837239
          0,           0,         329,      -10.49068608,      -11.15448166,      -11.04387094,      -9.940776015,             0.448,    0.001311934078,      0.1121490109,                 0,                 0,                 0,    -0.02783730503,   -0.001134895906,      0.1121509421,                 0,       85.48372419
          0,           0,         330,      -10.50465755,      -11.17355258,      -11.05408211,      -9.954694976,             0.448,    0.001311934098,      0.1121490131,                 0,                 0,                 0,    -0.02783730467,   -0.001134895935,      0.1121509444,                 0,       85.48372459
          0,           0,         331,      -10.51849848,       -11.1929706,      -11.06369441,      -9.968477145,             0.448,    0.001311934117,      0.1121490153,                 0,                 0,                 0,    -0.02783730432,   -0.001134895965,      0.1121509466,                 0,       85.48372507
          0,           0,         332,      -10.53219409,      -11.21266699,      -11.07277239,      -9.982109275,             0.448,    0.001311934133,      0.1121490175,                 0,                 0,                 0,      -0.027837304,   -0.001134895995,      0.1121509488,                 0,       85.48372564
          0,           0,         333,      -10.54572792,      -11.23256744,      -11.08138557,       -9.99557656,             0.448,    0.001311934149,      0.1121490197,                 0,                 0,                 0,    -0.02783730369,   -0.001134896027,      0.1121509509,                 0,       85.48372629
          0,           0,         334,      -10.55908244,      -11.25259035,      -11.08960729,      -10.00886309,             0.448,    0.001311934162,      0.1121490218,                 0,                 0,                 0,    -0.02783730339,    -0.00113489606,      0.1121509531,                 0,       85.48372702
          0,           0,         335,       -10.5722395,      -11.27264424,      -11.09751248,       -10.0219524,             0.448,    0.001311934175,      0.1121490239,                 0,                 0,                 0,    -0.02783730312,   -0.001134896093,      0.1121509551,                 0,       85.48372781
          0,           0,         336,      -10.58518081,      -11.29263444,      -11.10517519,      -10.03482785,             0.448,    0.001311934185,      0.1121490259,                 0,                 0,                 0,    -0.02783730286,   -0.001134896127,      0.1121509572,                 0,       85.48372867
          0,           0,         337,      -10.59788856,      -11.31246053,      -11.11266705,      -10.04747323,             0.448,    0.001311934195,      0.1121490279,                 0,                 0,                 0,    -0.02783730261,   -0.001134896161,      0.1121509592,                 0,       85.48372958
          0,           0,         338,      -10.61034612,      -11.33201772,      -11.12005561,      -10.05987335,             0.448,    0.001311934202,      0.1121490299,                 0,                 0,                 0,    -0.02783730238,   -0.001134896195,      0.1121509611,                 0,       85.48373054
          0,           0,         339,       -10.6225385,      -11.35119819,      -11.12740432,      -10.07201454,             0.448,    0.001311934209,      0.1121490317,                 0,                 0,                 0,    -0.02783730217,    -0.00113489623,       0.112150963,                 0,       85.48373155
          0,           0,         340,      -10.63445298,      -11.36989571,      -11.13477103,       -10.0838852,             0.448,    0.001311934215,      0.1121490336,                 0,                 0,                 0,    -0.02783730197,   -0.001134896265,      0.1121509648,                 0,       85.48373259
          0,           0,         341,      -10.64607949,       -11.3880166,      -11.14220802,      -10.09547612,             0.448,    0.001311934219,      0.1121490354,                 0,                 0,                 0,    -0.02783730178,   -0.001134896299,      0.1121509666,                 0,       85.48373367
          0,           0,         342,      -10.65741139,      -11.40546209,      -11.14976155,      -10.10678132,             0.448,    0.001311934222,      0.1121490371,                 0,                 0,                 0,    -0.02783730161,   -0.001134896334,      0.1121509684,                 0,       85.48373478
          0,           0,         343,      -10.66844544,      -11.42215735,      -11.15747242,      -10.11779788,             0.448,    0.001311934225,      0.1121490388,                 0,                 0,                 0,    -0.02783730145,   -0.001134896368,        0.11215097,                 0,        85.4837359
          0,           0,         344,      -10.67918238,      -11.43804003,      -11.16537577,      -10.12852658,             0.448,    0.001311934226,      0.1121490404,                 0,                 0,                 0,    -0.02783730131,   -0.001134896402,      0.1121509717,                 0,       85.48373704
          0,           0,         345,      -10.68962691,      -11.45306865,      -11.17350109,      -10.13897188,             0.448,    0.001311934227,       0.112149042,                 0,                 0,                 0,    -0.02783730117,   -0.001134896435,      0.1121509732,                 0,       85.48373819
          0,           0,         346,      -10.69978804,      -11.46721815,       -11.1818732,      -10.14914229,             0.448,    0.001311934227,      0.1121490435,                 0,                 0,                 0,    -0.02783730105,   -0.001134896468,      0.1121509747,                 0,       85.48373935
          0,           0,         347,      -10.70967848,       -11.4804946,      -11.19051199,      -10.15904978,             0.448,    0.001311934226,      0.1121490449,                 0,                 0,                 0,    -0.02783730094,   -0.001134896501,      0.1121509762,                 0,       85.48374051
          0,           0,         348,      -10.71931505,      -11.49291981,      -11.19943309,      -10.16871023,             0.448,    0.001311934224,      0.1121490463,                 0,                 0,                 0,    -0.02783730084,   -0.001134896532,      0.1121509776,                 0,       85.48374167
          0,           0,         349,      -10.72871799,      -11.50453906,       -11.2086485,       -10.1781428,             0.448,    0.001311934222,      0.1121490476,                 0,                 0,                 0,    -0.02783730075,   -0.001134896564,      0.1121509789,                 0,       85.48374282
          0,           0,         350,      -10.73791087,      -11.51541055,      -11.21816678,      -10.18736983,             0.448,    0.001311934219,      0.1121490489,                 0,                 0,                 0,    -0.02783730067,   -0.001134896594,      0.1121509802,                 0,       85.48374396
          0,           0,         351,      -10.74691979,      -11.52561883,      -11.22799334,      -10.19641622,             0.448,    0.001311934216,      0.1121490501,                 0,                 0,                 0,     -0.0278373006,   -0.001134896624,      0.1121509814,                 0,       85.48374509
          0,           0,         352,      -10.75577334,      -11.53524571,      -11.23813043,      -10.20530927,             0.448,    0.001311934213,      0.1121490513,                 0,                 0,                 0,    -0.02783730054,   -0.001134896652,      0.1121509825,                 0,       85.48374621
          0,           0,         353,      -10.76450174,      -11.54438766,      -11.24857894,      -10.21407787,             0.448,    0.001311934209,      0.1121490524,                 0,                 0,                 0,    -0.02783730048,   -0.001134896681,      0.1121509836,                 0,       85.48374731
          0,           0,         354,      -10.77313642,      -11.55314685,       -11.2593372,       -10.2227523,             0.448,    0.001311934204,      0.1121490534,                 0,                 0,                 0,    -0.02783730044,   -0.001134896708,      0.1121509847,                 0,       85.48374839
          0,           0,         355,      -10.78170962,      -11.56161352,      -11.27040179,       -10.2313637,             0.448,      0.0013119342,      0.1121490544,                 0,                 0,                 0,     -0.0278373004,   -0.001134896734,      0.1121509857,                 0,       85.48374944
          0,           0,         356,       -10.7902538,      -11.56988893,      -11.28176795,      -10.23994348,             0.448,    0.001311934195,      0.1121490554,                 0,                 0,                 0,    -0.02783730036,   -0.001134896759,      0.1121509866,                 0,       85.48375048
          0,           0,         357,      -10.79880118,      -11.57806287,      -11.29343022,      -10.24852293,             0.448,     0.00131193419,      0.1121490563,                 0,                 0,                 0,    -0.02783730034,   -0.001134896784,      0.1121509875,                 0,       85.48375149
          0,           0,         358,       -10.8073835,       -11.5862249,      -11.30538169,      -10.25713301,             0.448,    0.001311934185,      0.1121490571,                 0,                 0,                 0,    -0.02783730032,   -0.001134896808,      0.1121509884,                 0,       85.48375248
          0,           0,         359,      -10.81603158,      -11.59444391,      -11.31761455,      -10.26580389,             0.448,    0.001311934179,      0.1121490579,                 0,                 0,                 0,     -0.0278373003,   -0.001134896831,      0.1121509892,                 0,       85.48375344
          0,           0,         360,      -10.82477498,       -11.6027981,      -11.33012047,      -10.27456458,             0.448,    0.001311934174,      0.1121490587,                 0,                 0,                 0,    -0.02783730029,   -0.001134896852,      0.1121509899,                 0,       85.48375437
          0,           0,         361,      -10.83364199,       -11.6113482,      -11.34289067,      -10.28344291,             0.448,    0.001311934168,      0.1121490594,                 0,                 0,                 0,    -0.02783730029,   -0.001134896873,      0.1121509906,                 0,       85.48375527
          0,           0,         362,      -10.84265936,      -11.62015154,      -11.35591556,      -10.29246535,             0.448,    0.001311934162,        0.11214906,                 0,                 0,                 0,    -0.02783730029,   -0.001134896894,      0.1121509913,                 0,       85.48375615
          0,           0,         363,      -10.85185207,      -11.62925449,      -11.36918544,      -10.30165665,             0.448,    0.001311934157,      0.1121490607,                 0,                 0,                 0,    -0.02783730029,   -0.001134896913,      0.1121509919,                 0,         85.483757
          0,           0,         364,      -10.86124339,       -11.6386998,      -11.38269027,      -10.31103991,             0.448,    0.001311934151,      0.1121490612,                 0,                 0,                 0,    -0.02783730029,   -0.001134896931,      0.1121509925,                 0,       85.48375782
          0,           0,         365,      -10.87085487,      -11.64852785,      -11.39641928,      -10.32063667,             0.448,    0.001311934145,      0.1121490618,                 0,                 0,                 0,     -0.0278373003,   -0.001134896949,       0.112150993,                 0,       85.48375861
          0,           0,         366,      -10.88070617,      -11.65876782,      -11.41036158,      -10.33046655,             0.448,    0.001311934139,      0.1121490623,                 0,                 0,                 0,    -0.02783730031,   -0.001134896966,      0.1121509935,                 0,       85.48375937
          0,           0,         367,      -10.89081533,      -11.66944723,      -11.42450677,      -10.34054765,             0.448,    0.001311934134,      0.1121490628,                 0,                 0,                 0,    -0.02783730033,   -0.001134896982,       0.112150994,                 0,        85.4837601
          0,           0,         368,       -10.9011986,      -11.68058304,       -11.4388431,      -10.35089634,             0.448,    0.001311934128,      0.1121490632,                 0,                 0,                 0,    -0.02783730034,   -0.001134896997,      0.1121509944,                 0,       85.48376081
          0,           0,         369,      -10.91187034,      -11.69220302,      -11.45335975,      -10.36152713,             0.448,    0.001311934122,      0.1121490636,                 0,                 0,                 0,    -0.02783730036,   -0.001134897011,      0.1121509948,                 0,       85.48376148
          0,           0,         370,      -10.92284366,      -11.70431871,      -11.46804528,      -10.37245331,             0.448,    0.001311934117,       0.112149064,                 0,                 0,                 0,    -0.02783730038,   -0.001134897025,      0.1121509952,                 0,       85.48376213
          0,           0,         371,       -10.9341299,      -11.71693833,        -11.482888,      -10.38368639,             0.448,    0.001311934111,      0.1121490643,                 0,                 0,                 0,     -0.0278373004,   -0.001134897038,      0.1121509956,                 0,       85.48376274
          0,           0,         372,      -10.94573895,      -11.73007393,      -11.49787709,      -10.39523649,             0.448,    0.001311934106,      0.1121490646,                 0,                 0,                 0,    -0.02783730042,    -0.00113489705,      0.1121509959,                 0,       85.48376333
          0,           0,         373,      -10.95767937,      -11.74373082,      -11.51300119,      -10.40711236,             0.448,    0.001311934101,      0.1121490649,                 0,                 0,                 0,    -0.02783730044,   -0.001134897062,      0.1121509962,                 0,       85.48376389
          0,           0,         374,      -10.96995831,      -11.75791587,      -11.52824948,      -10.41932143,             0.448,    0.001311934096,      0.1121490652,                 0,                 0,                 0,    -0.02783730046,   -0.001134897073,      0.1121509964,                 0,       85.48376442
          0,           0,         375,      -10.98258164,      -11.77263105,       -11.5436113,      -10.43186977,             0.448,    0.001311934091,      0.1121490654,                 0,                 0,                 0,    -0.02783730048,   -0.001134897083,      0.1121509967,                 0,       85.48376493
          0,           0,         376,      -10.99555419,      -11.78787131,       -11.5590765,      -10.44476252,             0.448,    0.001311934086,      0.1121490657,                 0,                 0,                 0,    -0.02783730051,   -0.001134897093,      0.1121509969,                 0,       85.48376541
          0,           0,         377,      -11.00887948,      -11.80363537,      -11.57463555,      -10.45800338,             0.448,    0.001311934082,      0.1121490659,                 0,                 0,                 0,    -0.02783730053,   -0.001134897102,      0.1121509971,                 0,       85.48376587
          0,           0,         378,         -11.02256,      -11.81992117,      -11.59027934,       -10.4715951,             0.448,    0.001311934077,       0.112149066,                 0,                 0,                 0,    -0.02783730055,    -0.00113489711,      0.1121509973,                 0,        85.4837663
          0,           0,         379,      -11.03659724,      -11.83671441,      -11.60600025,      -10.48553953,             0.448,    0.001311934073,      0.1121490662,                 0,                 0,                 0,    -0.02783730057,   -0.001134897118,      0.1121509975,                 0,        85.4837667
          0,           0,         380,      -11.05099167,      -11.85401209,      -11.62179014,      -10.49983732,             0.448,    0.001311934069,      0.1121490664,                 0,                 0,                 0,    -0.02783730059,   -0.001134897126,      0.1121509976,                 0,       85.48376708
          0,           0,         381,      -11.06574292,      -11.87179377,      -11.63764351,      -10.51448842,             0.448,    0.001311934065,      0.1121490665,                 0,                 0,                 0,    -0.02783730061,   -0.001134897132,      0.1121509978,                 0,       85.48376744
          0,           0,         382,      -11.08084953,      -11.89004594,      -11.65355481,      -10.52949165,             0.448,    0.001311934061,      0.1121490666,                 0,                 0,                 0,    -0.02783730063,   -0.001134897139,      0.1121509979,                 0,       85.48376778
          0,           0,         383,       -11.0963093,      -11.90874875,      -11.66952014,       -10.5448451,             0.448,    0.001311934058,      0.1121490667,                 0,                 0,                 0,    -0.02783730065,   -0.001134897145,       0.112150998,                 0,        85.4837681
          0,           0,         384,      -11.11211906,      -11.92788537,      -11.68553674,      -10.56054598,             0.448,    0.001311934054,      0.1121490668,                 0,                 0,                 0,    -0.02783730067,    -0.00113489715,      0.1121509981,                 0,       85.48376839
          0,           0,         385,      -11.12827485,      -11.94742266,      -11.70160305,      -10.57659067,             0.448,    0.001311934051,      0.1121490669,                 0,                 0,                 0,    -0.02783730068,   -0.001134897155,      0.1121509982,                 0,       85.48376867
          0,           0,         386,      -11.14477172,      -11.96733864,      -11.71771909,      -10.59297457,             0.448,    0.001311934048,       0.112149067,                 0,                 0,                 0,     -0.0278373007,    -0.00113489716,      0.1121509983,                 0,       85.48376892
          0,           0,         387,       -11.1616041,      -11.98758514,      -11.73388578,      -10.60969251,             0.448,    0.001311934045,      0.1121490671,                 0,                 0,                 0,    -0.02783730071,   -0.001134897165,      0.1121509983,                 0,       85.48376916
          0,           0,         388,      -11.17876526,      -12.00813372,      -11.75010567,      -10.62673816,             0.448,    0.001311934043,      0.1121490671,                 0,                 0,                 0,    -0.02783730073,   -0.001134897169,      0.1121509984,                 0,       85.48376938
          0,           0,         389,      -11.19624775,      -12.02894105,      -11.76638278,      -10.64410459,             0.448,     0.00131193404,      0.1121490672,                 0,                 0,                 0,    -0.02783730074,   -0.001134897172,      0.1121509984,                 0,       85.48376959
          0,           0,         390,      -11.21404313,      -12.04995065,       -11.7827224,      -10.66178388,             0.448,    0.001311934038,      0.1121490672,                 0,                 0,                 0,    -0.02783730075,   -0.001134897176,      0.1121509985,                 0,       85.48376978
          0,           0,         391,      -11.23214202,      -12.07112174,      -11.79913083,      -10.67976712,             0.448,    0.001311934036,      0.1121490673,                 0,                 0,                 0,    -0.02783730076,   -0.001134897179,      0.1121509985,                 0,       85.48376995
          0,           0,         392,      -11.25053415,      -12.09238803,      -11.81561537,      -10.69804477,             0.448,    0.001311934034,      0.1121490673,                 0,                 0,                 0,    -0.02783730077,   -0.001134897182,      0.1121509986,                 0,       85.48377011
          0,           0,         393,      -11.26920788,      -12.11368261,      -11.83218515,      -10.71660572,             0.448,    0.001311934032,      0.1121490674,                 0,                 0,                 0,    -0.02783730078,   -0.001134897184,      0.1121509986,                 0,       85.48377026
          0,           0,         394,      -11.28815089,      -12.13492912,      -11.84884941,      -10.73543846,             0.448,     0.00131193403,      0.1121490674,                 0,                 0,                 0,    -0.02783730078,   -0.001134897187,      0.1121509986,                 0,       85.48377039
          0,           0,         395,      -11.30734955,      -12.15606879,      -11.86561854,      -10.75453004,             0.448,    0.001311934029,      0.1121490674,                 0,                 0,                 0,    -0.02783730079,   -0.001134897189,      0.1121509987,                 0,       85.48377051
          0,           0,         396,      -11.32678915,      -12.17701494,      -11.88250349,      -10.77386662,             0.448,    0.001311934027,      0.1121490675,                 0,                 0,                 0,    -0.02783730079,   -0.001134897191,      0.1121509987,                 0,       85.48377062
          0,           0,         397,      -11.34645365,      -12.19768334,      -11.89951566,      -10.79343308,             0.448,    0.001311934026,      0.1121490675,                 0,                 0,                 0,     -0.0278373008,   -0.001134897193,      0.1121509987,                 0,       85.48377072
          0,           0,         398,      -11.36632599,      -12.21799516,      -11.91666699,      -10.81321322,             0.448,    0.001311934025,      0.1121490675,                 0,                 0,                 0,     -0.0278373008,   -0.001134897194,      0.1121509988,                 0,        85.4837708
          0,           0,         399,      -11.38638766,      -12.23787037,       -11.9339689,       -10.8331896,             0.448,    0.001311934024,      0.1121490675,                 0,                 0,                 0,     -0.0278373008,   -0.001134897196,      0.1121509988,                 0,       85.48377088
          0,           0,         400,      -11.40661903,      -12.25722424,      -11.95143331,      -10.85334355,             0.448,    0.001311934023,      0.1121490676,                 0,                 0,                 0,     -0.0278373008,   -0.001134897197,      0.1121509988,                 0,       85.48377095
          0,           0,         401,      -11.42699914,      -12.27599752,      -11.96907203,      -10.87365516,             0.448,    0.001311934023,      0.1121490676,                 0,                 0,                 0,     -0.0278373008,   -0.001134897198,      0.1121509988,                 0,       85.48377101
          0,           0,         402,      -11.44750585,      -12.29411418,      -11.98689557,      -10.89410339,             0.448,    0.001311934022,      0.1121490676,                 0,                 0,                 0,     -0.0278373008,   -0.001134897199,      0.1121509988,                 0,       85.48377106
          0,           0,         403,      -11.46811575,      -12.31152782,      -12.00491486,      -10.91466592,             0.448,    0.001311934022,      0.1121490676,                 0,                 0,                 0,    -0.02783730079,     -0.0011348972,      0.1121509989,                 0,       85.48377111
          0,           0,         404,      -11.48880423,      -12.32819465,      -12.02313931,      -10.93531911,             0.448,    0.001311934021,      0.1121490676,                 0,                 0,                 0,    -0.02783730079,   -0.001134897201,      0.1121509989,                 0,       85.48377115
          0,           0,         405,      -11.50954593,      -12.34409604,      -12.04157799,       -10.9560385,             0.448,    0.001311934021,      0.1121490677,                 0,                 0,                 0,    -0.02783730078,   -0.001134897202,      0.1121509989,                 0,       85.48377118
          0,           0,         406,      -11.53031428,      -12.35922482,       -12.0602385,      -10.97679858,             0.448,    0.001311934021,      0.1121490677,                 0,                 0,                 0,    -0.02783730078,   -0.001134897202,      0.1121509989,                 0,       85.48377121
          0,           0,         407,      -11.55108203,      -12.37358857,      -12.07912669,      -10.99757277,             0.448,    0.001311934021,      0.1121490677,                 0,                 0,                 0,    -0.02783730077,   -0.001134897203,       0.112150999,                 0,       85.48377123
          0,           0,         408,      -11.57182153,       -12.3872094,      -12.09824702,      -11.01833412,             0.448,    0.001311934021,      0.1121490678,                 0,                 0,                 0,    -0.02783730077,   -0.001134897203,       0.112150999,                 0,       85.48377124
          0,           0,         409,      -11.59250458,      -12.40013702,      -12.11760193,      -11.03905477,             0.448,    0.001311934021,      0.1121490678,                 0,                 0,                 0,    -0.02783730076,   -0.001134897204,       0.112150999,                 0,       85.48377125
          0,           0,         410,       -11.6131033,      -12.41242524,      -12.13719236,      -11.05970727,             0.448,    0.001311934022,      0.1121490678,                 0,                 0,                 0,    -0.02783730075,   -0.001134897204,      0.1121509991,                 0,       85.48377126
          0,           0,         411,      -11.63358948,      -12.42414254,      -12.15701499,      -11.08026339,             0.448,    0.001311934022,      0.1121490679,                 0,                 0,                 0,    -0.02783730074,   -0.001134897205,      0.1121509991,                 0,       85.48377126
          0,           0,         412,      -11.65393641,      -12.43536363,      -12.17706496,      -11.10069606,             0.448,    0.001311934022,      0.1121490679,                 0,                 0,                 0,    -0.02783730073,   -0.001134897205,      0.1121509991,                 0,       85.48377126
          0,           0,         413,      -11.67411764,       -12.4461579,      -12.19733409,      -11.12097835,             0.448,    0.001311934023,      0.1121490679,                 0,                 0,                 0,    -0.02783730072,   -0.001134897205,      0.1121509992,                 0,       85.48377126
          0,           0,         414,      -11.69410837,      -12.45661752,      -12.21780879,      -11.14108467,             0.448,    0.001311934023,       0.112149068,                 0,                 0,                 0,    -0.02783730071,   -0.001134897206,      0.1121509992,                 0,       85.48377126
          0,           0,         415,      -11.71388561,      -12.46682542,      -12.23847257,      -11.16099092,             0.448,    0.001311934024,       0.112149068,                 0,                 0,                 0,     -0.0278373007,   -0.001134897206,      0.1121509992,                 0,       85.48377125
          0,           0,         416,       -11.7334281,       -12.4768697,      -12.25929949,       -11.1806744,             0.448,    0.001311934025,       0.112149068,                 0,                 0,                 0,    -0.02783730069,   -0.001134897206,      0.1121509993,                 0,       85.48377124
          0,           0,         417,      -11.75271774,      -12.48681134,      -12.28026636,      -11.20011539,             0.448,    0.001311934025,      0.1121490681,                 0,                 0,                 0,    -0.02783730068,   -0.001134897206,      0.1121509993,                 0,       85.48377123
          0,           0,         418,      -11.77173854,      -12.49674071,      -12.30133657,      -11.21929578,             0.448,    0.001311934026,      0.1121490681,                 0,                 0,                 0,    -0.02783730067,   -0.001134897207,      0.1121509994,                 0,       85.48377122
          0,           0,         419,      -11.79047787,      -12.50672254,      -12.32246664,      -11.23820113,             0.448,    0.001311934027,      0.1121490682,                 0,                 0,                 0,    -0.02783730065,   -0.001134897207,      0.1121509994,                 0,        85.4837712
          0,           0,         420,      -11.80892585,      -12.51681285,      -12.34361041,      -11.25681904,             0.448,    0.001311934028,      0.1121490682,                 0,                 0,                 0,    -0.02783730064,   -0.001134897207,      0.1121509995,                 0,       85.48377119
          0,           0,         421,      -11.82707666,      -12.52707128,        -12.364712,      -11.27514153,             0.448,    0.001311934028,      0.1121490683,                 0,                 0,                 0,    -0.02783730063,   -0.001134897208,      0.1121509995,                 0,       85.48377118
          0,           0,         422,       -11.8449264,      -12.53756412,      -12.38570365,      -11.29316236,             0.448,    0.001311934029,      0.1121490683,                 0,                 0,                 0,    -0.02783730062,   -0.001134897208,      0.1121509996,                 0,       85.48377116
          0,           0,         423,      -11.86247594,      -12.54832168,      -12.40652125,      -11.31088008,             0.448,     0.00131193403,      0.1121490684,                 0,                 0,                 0,     -0.0278373006,   -0.001134897208,      0.1121509996,                 0,       85.48377115
          0,           0,         424,      -11.87972894,      -12.55938795,      -12.42708433,      -11.32829629,             0.448,    0.001311934031,      0.1121490684,                 0,                 0,                 0,    -0.02783730059,   -0.001134897209,      0.1121509997,                 0,       85.48377114
          0,           0,         425,      -11.89669013,      -12.57081328,      -12.44731313,      -11.34541394,             0.448,    0.001311934032,      0.1121490685,                 0,                 0,                 0,    -0.02783730058,   -0.001134897209,      0.1121509997,                 0,       85.48377113
          0,           0,         426,      -11.91336892,      -12.58262436,       -12.4671199,      -11.36224081,             0.448,    0.001311934032,      0.1121490685,                 0,                 0,                 0,    -0.02783730057,   -0.001134897209,      0.1121509998,                 0,       85.48377111
          0,           0,         427,      -11.92977377,      -12.59487799,      -12.48641848,      -11.37878348,             0.448,    0.001311934033,      0.1121490686,                 0,                 0,                 0,    -0.02783730056,    -0.00113489721,      0.1121509999,                 0,       85.48377111
          0,           0,         428,      -11.94591834,      -12.60754287,      -12.50513858,      -11.39505444,             0.448,    0.001311934034,      0.1121490687,                 0,                 0,                 0,    -0.02783730054,    -0.00113489721,      0.1121509999,                 0,        85.4837711
          0,           0,         429,      -11.96181127,      -12.62071839,      -12.52317836,      -11.41106138,             0.448,    0.001311934035,      0.1121490687,                 0,                 0,                 0,    -0.02783730053,   -0.001134897211,          0.112151,                 0,       85.48377109
          0,           0,         430,      -11.97746535,      -12.63438183,      -12.54047951,      -11.42681582,             0.448,    0.001311934036,      0.1121490688,                 0,                 0,                 0,    -0.02783730052,   -0.001134897211,          0.112151,                 0,       85.48377109
          0,           0,         431,      -11.99289082,      -12.64856868,       -12.5569843,      -11.44232735,             0.448,    0.001311934036,      0.1121490688,                 0,                 0,                 0,    -0.02783730051,   -0.001134897212,      0.1121510001,                 0,       85.48377109
          0,           0,         432,      -12.00809917,      -12.66323436,      -12.57263887,      -11.45760688,             0.448,    0.001311934037,      0.1121490689,                 0,                 0,                 0,     -0.0278373005,   -0.001134897213,      0.1121510002,                 0,       85.48377109
          0,           0,         433,      -12.02309707,       -12.6784289,      -12.58741974,      -11.47266095,             0.448,    0.001311934038,       0.112149069,                 0,                 0,                 0,    -0.02783730049,   -0.001134897213,      0.1121510002,                 0,       85.48377109
          0,           0,         434,      -12.03789311,      -12.69411699,      -12.60130877,      -11.48749823,             0.448,    0.001311934038,       0.112149069,                 0,                 0,                 0,    -0.02783730048,   -0.001134897214,      0.1121510003,                 0,        85.4837711
          0,           0,         435,       -12.0524917,       -12.7102933,      -12.61431521,      -11.50212408,             0.448,    0.001311934039,      0.1121490691,                 0,                 0,                 0,    -0.02783730047,   -0.001134897215,      0.1121510003,                 0,       85.48377111
          0,           0,         436,      -12.06689635,      -12.72690294,      -12.62645647,      -11.51654241,             0.448,    0.001311934039,      0.1121490691,                 0,                 0,                 0,    -0.02783730046,   -0.001134897215,      0.1121510004,                 0,       85.48377112
          0,           0,         437,         -12.08111,       -12.7439119,      -12.63776735,      -11.53075732,             0.448,     0.00131193404,      0.1121490692,                 0,                 0,                 0,    -0.02783730045,   -0.001134897216,      0.1121510004,                 0,       85.48377113
          0,           0,         438,      -12.09513045,       -12.7613074,      -12.64830136,      -11.54476764,             0.448,     0.00131193404,      0.1121490693,                 0,                 0,                 0,    -0.02783730044,   -0.001134897217,      0.1121510005,                 0,       85.48377114
          0,           0,         439,      -12.10895612,      -12.77908091,      -12.65812234,      -11.55857277,             0.448,    0.001311934041,      0.1121490693,                 0,                 0,                 0,    -0.02783730043,   -0.001134897218,      0.1121510006,                 0,       85.48377116
          0,           0,         440,      -12.12258539,      -12.79703154,      -12.66732526,      -11.57217255,             0.448,    0.001311934041,      0.1121490694,                 0,                 0,                 0,    -0.02783730043,   -0.001134897219,      0.1121510006,                 0,       85.48377117
          0,           0,         441,       -12.1360096,      -12.81527481,      -12.67596454,      -11.58556009,             0.448,    0.001311934041,      0.1121490694,                 0,                 0,                 0,    -0.02783730042,   -0.001134897219,      0.1121510007,                 0,       85.48377119
          0,           0,         442,      -12.14922331,      -12.83368239,      -12.68412882,      -11.59873173,             0.448,    0.001311934042,      0.1121490695,                 0,                 0,                 0,    -0.02783730041,    -0.00113489722,      0.1121510007,                 0,       85.48377121
          0,           0,         443,      -12.16222016,      -12.85215211,      -12.69192865,      -11.61168192,             0.448,    0.001311934042,      0.1121490695,                 0,                 0,                 0,     -0.0278373004,   -0.001134897221,      0.1121510008,                 0,       85.48377124
          0,           0,         444,      -12.17499244,      -12.87061798,      -12.69943092,      -11.62440582,             0.448,    0.001311934042,      0.1121490696,                 0,                 0,                 0,     -0.0278373004,   -0.001134897222,      0.1121510008,                 0,       85.48377126
          0,           0,         445,      -12.18753217,      -12.88907543,      -12.70672292,      -11.63689583,             0.448,    0.001311934042,      0.1121490696,                 0,                 0,                 0,    -0.02783730039,   -0.001134897223,      0.1121510009,                 0,       85.48377128
          0,           0,         446,      -12.19983044,      -12.90745117,      -12.71387537,      -11.64914483,             0.448,    0.001311934043,      0.1121490697,                 0,                 0,                 0,    -0.02783730039,   -0.001134897224,      0.1121510009,                 0,       85.48377131
          0,           0,         447,      -12.21188474,       -12.9255362,      -12.72097633,      -11.66115212,             0.448,    0.001311934043,      0.1121490697,                 0,                 0,                 0,    -0.02783730038,   -0.001134897225,       0.112151001,                 0,       85.48377133
          0,           0,         448,      -12.22368795,      -12.94344356,      -12.72807697,      -11.67291198,             0.448,    0.001311934043,      0.1121490698,                 0,                 0,                 0,    -0.02783730038,   -0.001134897226,       0.112151001,                 0,       85.48377136
          0,           0,         449,      -12.23523697,      -12.96096865,      -12.73525933,      -11.68442226,             0.448,    0.001311934043,      0.1121490698,                 0,                 0,                 0,    -0.02783730037,   -0.001134897226,      0.1121510011,                 0,       85.48377139
          0,           0,         450,      -12.24653153,      -12.97816209,      -12.74255574,      -11.69568407,             0.448,    0.001311934043,      0.1121490699,                 0,                 0,                 0,    -0.02783730037,   -0.001134897227,      0.1121510011,                 0,       85.48377141
          0,           0,         451,      -12.25757343,      -12.99477608,      -12.75001886,      -11.70669955,             0.448,    0.001311934043,      0.1121490699,                 0,                 0,                 0,    -0.02783730036,   -0.001134897228,      0.1121510011,                 0,       85.48377144
          0,           0,         452,      -12.26836402,      -13.01099195,      -12.75768599,      -11.71747031,             0.448,    0.001311934043,      0.1121490699,                 0,                 0,                 0,    -0.02783730036,   -0.001134897229,      0.1121510012,                 0,       85.48377147
          0,           0,         453,      -12.27891317,      -13.02660413,      -12.76559716,      -11.72800725,             0.448,    0.001311934043,        0.11214907,                 0,                 0,                 0,    -0.02783730036,    -0.00113489723,      0.1121510012,                 0,        85.4837715
          0,           0,         454,      -12.28922814,      -13.04166198,      -12.77377429,      -11.73831588,             0.448,    0.001311934043,        0.11214907,                 0,                 0,                 0,    -0.02783730035,   -0.001134897231,      0.1121510013,                 0,       85.48377153
          0,           0,         455,      -12.29932443,      -13.05599568,      -12.78224603,       -11.7484131,             0.448,    0.001311934043,      0.1121490701,                 0,                 0,                 0,    -0.02783730035,   -0.001134897231,      0.1121510013,                 0,       85.48377155
          0,           0,         456,      -12.30921178,      -13.06989877,      -12.79102518,       -11.7583082,             0.448,    0.001311934043,      0.1121490701,                 0,                 0,                 0,    -0.02783730035,   -0.001134897232,      0.1121510013,                 0,       85.48377158
          0,           0,         457,      -12.31891285,      -13.08305321,      -12.80013085,      -11.76802323,             0.448,    0.001311934043,      0.1121490701,                 0,                 0,                 0,    -0.02783730034,   -0.001134897233,      0.1121510014,                 0,       85.48377161
          0,           0,         458,      -12.32844103,       -13.0958278,      -12.80954759,      -11.77757099,             0.448,    0.001311934043,      0.1121490702,                 0,                 0,                 0,    -0.02783730034,   -0.001134897234,      0.1121510014,                 0,       85.48377164
          0,           0,         459,      -12.33782479,      -13.10789065,      -12.81932597,      -11.78697812,             0.448,    0.001311934043,      0.1121490702,                 0,                 0,                 0,    -0.02783730034,   -0.001134897234,      0.1121510014,                 0,       85.48377167
          0,           0,         460,      -12.34708523,      -13.11943818,      -12.82943652,      -11.79626548,             0.448,    0.001311934043,      0.1121490702,                 0,                 0,                 0,    -0.02783730034,   -0.001134897235,      0.1121510015,                 0,       85.48377169
          0,           0,         461,      -12.35624396,      -13.13063772,      -12.83989065,      -11.80545365,             0.448,    0.001311934043,      0.1121490702,                 0,                 0,                 0,    -0.02783730034,   -0.001134897236,      0.1121510015,                 0,       85.48377172
          0,           0,         462,      -12.36532718,      -13.14153468,      -12.85068351,      -11.81456737,             0.448,    0.001311934043,      0.1121490703,                 0,                 0,                 0,    -0.02783730033,   -0.001134897237,      0.1121510015,                 0,       85.48377175
          0,           0,         463,       -12.3743673,      -13.15192061,      -12.86182937,        -11.823639,             0.448,    0.001311934043,      0.1121490703,                 0,                 0,                 0,    -0.02783730033,   -0.001134897237,      0.1121510015,                 0,       85.48377177
          0,           0,         464,      -12.38338318,      -13.16224338,      -12.87329142,      -11.83268612,             0.448,    0.001311934043,      0.1121490703,                 0,                 0,                 0,    -0.02783730033,   -0.001134897238,      0.1121510016,                 0,        85.4837718
          0,           0,         465,      -12.39240715,      -13.17218388,      -12.88508958,      -11.84173956,             0.448,    0.001311934043,      0.1121490703,                 0,                 0,                 0,    -0.02783730033,   -0.001134897238,      0.1121510016,                 0,       85.48377182
          0,           0,         466,      -12.40146224,      -13.18215628,      -12.89719975,      -11.85082318,             0.448,    0.001311934042,      0.1121490704,                 0,                 0,                 0,    -0.02783730033,   -0.001134897239,      0.1121510016,                 0,       85.48377185
          0,           0,         467,      -12.41057648,      -13.19197944,      -12.90961324,      -11.85996342,             0.448,    0.001311934042,      0.1121490704,                 0,                 0,                 0,    -0.02783730033,    -0.00113489724,      0.1121510016,                 0,       85.48377187
          0,           0,         468,      -12.41977323,      -13.20171327,       -12.9223356,      -11.86918162,             0.448,    0.001311934042,      0.1121490704,                 0,                 0,                 0,    -0.02783730033,    -0.00113489724,      0.1121510017,                 0,        85.4837719
          0,           0,         469,      -12.42907656,      -13.21171207,      -12.93534231,      -11.87850262,             0.448,    0.001311934042,      0.1121490704,                 0,                 0,                 0,    -0.02783730033,   -0.001134897241,      0.1121510017,                 0,       85.48377192
          0,           0,         470,      -12.43851175,      -13.22160114,      -12.94862654,      -11.88795156,             0.448,    0.001311934042,      0.1121490704,                 0,                 0,                 0,    -0.02783730033,   -0.001134897241,      0.1121510017,                 0,       85.48377194
          0,           0,         471,      -12.44809862,      -13.23175481,      -12.96216361,      -11.89754721,             0.448,    0.001311934042,      0.1121490705,                 0,                 0,                 0,    -0.02783730033,   -0.001134897242,      0.1121510017,                 0,       85.48377196
          0,           0,         472,       -12.4578585,      -13.24213389,      -12.97595143,      -11.90731111,             0.448,    0.001311934042,      0.1121490705,                 0,                 0,                 0,    -0.02783730033,   -0.001134897242,      0.1121510017,                 0,       85.48377198
          0,           0,         473,      -12.46780918,      -13.25287147,      -12.98997424,      -11.91725969,             0.448,    0.001311934042,      0.1121490705,                 0,                 0,                 0,    -0.02783730033,   -0.001134897243,      0.1121510017,                 0,         85.483772
          0,           0,         474,      -12.47797065,      -13.26365345,      -13.00422995,      -11.92741422,             0.448,    0.001311934041,      0.1121490705,                 0,                 0,                 0,    -0.02783730033,   -0.001134897243,      0.1121510018,                 0,       85.48377202
          0,           0,         475,        -12.488356,      -13.27491311,      -13.01868104,      -11.93778698,             0.448,    0.001311934041,      0.1121490705,                 0,                 0,                 0,    -0.02783730033,   -0.001134897244,      0.1121510018,                 0,       85.48377204
          0,           0,         476,      -12.49898308,      -13.28645175,      -13.03332369,      -11.94839544,             0.448,    0.001311934041,      0.1121490705,                 0,                 0,                 0,    -0.02783730033,   -0.001134897244,      0.1121510018,                 0,       85.48377206
          0,           0,         477,      -12.50986415,      -13.29834574,      -13.04814161,      -11.95925228,             0.448,    0.001311934041,      0.1121490705,                 0,                 0,                 0,    -0.02783730033,   -0.001134897244,      0.1121510018,                 0,       85.48377208
          0,           0,         478,      -12.52101298,      -13.31060634,      -13.06311986,      -11.97037131,             0.448,    0.001311934041,      0.1121490706,                 0,                 0,                 0,    -0.02783730033,   -0.001134897245,      0.1121510018,                 0,       85.48377209
          0,           0,         479,      -12.53243895,      -13.32335375,       -13.0782309,      -11.98176128,             0.448,    0.001311934041,      0.1121490706,                 0,                 0,                 0,    -0.02783730033,   -0.001134897245,      0.1121510018,                 0,       85.48377211
          0,           0,         480,      -12.54415237,      -13.33637565,      -13.09348469,      -11.99343269,             0.448,    0.001311934041,      0.1121490706,                 0,                 0,                 0,    -0.02783730033,   -0.001134897245,      0.1121510018,                 0,       85.48377212
          0,           0,         481,      -12.55616228,      -13.35008497,      -13.10885254,      -12.00539715,             0.448,    0.001311934041,      0.1121490706,                 0,                 0,                 0,    -0.02783730033,   -0.001134897246,      0.1121510018,                 0,       85.48377214
          0,           0,         482,      -12.56847538,      -13.36401378,       -13.1243164,      -12.01765688,             0.448,     0.00131193404,      0.1121490706,                 0,                 0,                 0,    -0.02783730033,   -0.001134897246,      0.1121510018,                 0,       85.48377215
          0,           0,         483,      -12.58109964,      -13.37843496,      -13.13986423,      -12.03022306,             0.448,     0.00131193404,      0.1121490706,                 0,                 0,                 0,    -0.02783730033,   -0.001134897246,      0.1121510018,                 0,       85.48377217
          0,           0,         484,      -12.59403786,      -13.39344171,      -13.15549508,      -12.04309848,             0.448,     0.00131193404,      0.1121490706,                 0,                 0,                 0,    -0.02783730033,   -0.001134897247,      0.1121510019,                 0,       85.48377218
          0,           0,         485,        -12.607296,      -13.40891153,      -13.17117729,      -12.05628943,             0.448,     0.00131193404,      0.1121490706,                 0,                 0,                 0,    -0.02783730033,   -0.001134897247,      0.1121510019,                 0,       85.48377219
          0,           0,         486,      -12.62087935,      -13.42455999,      -13.18690904,      -12.06980105,             0.448,     0.00131193404,      0.1121490706,                 0,                 0,                 0,    -0.02783730033,   -0.001134897247,      0.1121510019,                 0,        85.4837722
          0,           0,         487,      -12.63478515,      -13.44108847,      -13.20268772,      -12.08362761,             0.448,     0.00131193404,      0.1121490706,                 0,                 0,                 0,    -0.02783730033,   -0.001134897247,      0.1121510019,                 0,       85.48377221
          0,           0,         488,      -12.64902182,       -13.4577922,      -13.21850318,      -12.09778365,             0.448,     0.00131193404,      0.1121490706,                 0,                 0,                 0,    -0.02783730033,   -0.001134897247,      0.1121510019,                 0,       85.48377222
          0,           0,         489,      -12.66358435,      -13.47505731,      -13.23433248,      -12.11226047,             0.448,     0.00131193404,      0.1121490706,                 0,                 0,                 0,    -0.02783730033,   -0.001134897248,      0.1121510019,                 0,       85.48377223
          0,           0,         490,      -12.67847762,      -13.49255922,      -13.25018445,      -12.12706273,             0.448,     0.00131193404,      0.1121490706,                 0,                 0,                 0,    -0.02783730033,   -0.001134897248,      0.1121510019,                 0,       85.48377224
          0,           0,         491,      -12.69369863,       -13.5107982,      -13.26606772,      -12.14219067,             0.448,     0.00131193404,      0.1121490706,                 0,                 0,                 0,    -0.02783730033,   -0.001134897248,      0.1121510019,                 0,       85.48377225
          0,           0,         492,      -12.70924462,      -13.52917578,       -13.2819498,      -12.15763894,             0.448,    0.001311934039,      0.1121490706,                 0,                 0,                 0,    -0.02783730033,   -0.001134897248,      0.1121510019,                 0,       85.48377226
          0,           0,         493,      -12.72511448,      -13.54805044,      -13.29786278,      -12.17340737,             0.448,    0.001311934039,      0.1121490706,                 0,                 0,                 0,    -0.02783730033,   -0.001134897248,      0.1121510019,                 0,       85.48377227
          0,           0,         494,      -12.74130913,      -13.56702241,       -13.3137911,      -12.18949782,             0.448,    0.001311934039,      0.1121490707,                 0,                 0,                 0,    -0.02783730033,   -0.001134897248,      0.1121510019,                 0,       85.48377227
          0,           0,         495,      -12.75781833,      -13.58673717,      -13.32974832,      -12.20590178,             0.448,    0.001311934039,      0.1121490707,                 0,                 0,                 0,    -0.02783730033,   -0.001134897249,      0.1121510019,                 0,       85.48377228
          0,           0,         496,      -12.77464305,      -13.60653868,      -13.34574034,       -12.2226162,             0.448,    0.001311934039,      0.1121490707,                 0,                 0,                 0,    -0.02783730033,   -0.001134897249,      0.1121510019,                 0,       85.48377229
          0,           0,         497,      -12.79177661,      -13.62648178,       -13.3617686,      -12.23963857,             0.448,    0.001311934039,      0.1121490707,                 0,                 0,                 0,    -0.02783730033,   -0.001134897249,      0.1121510019,                 0,       85.48377229
          0,           0,         498,      -12.80921275,      -13.64679374,      -13.37784481,      -12.25696155,             0.448,    0.001311934039,      0.1121490707,                 0,                 0,                 0,    -0.02783730033,   -0.001134897249,      0.1121510019,                 0,        85.4837723
          0,           0,         499,      -12.82694733,      -13.66718306,      -13.39398857,      -12.27458195,             0.448,    0.001311934039,      0.1121490707,                 0,                 0,                 0,    -0.02783730033,   -0.001134897249,      0.1121510019,                 0,        85.4837723
          0,           0,         500,      -12.84496995,      -13.68786558,       -13.4101946,      -12.29248901,             0.448,    0.001311934039,      0.1121490707,                 0,                 0,                 0,    -0.02783730033,   -0.001134897249,      0.1121510019,                 0,       85.48377231
          0,           0,         501,      -12.86327636,      -13.70840424,      -13.42648777,      -12.31068077,             0.448,    0.001311934039,      0.1121490707,                 0,                 0,                 0,    -0.02783730033,   -0.001134897249,      0.1121510019,                 0,       85.48377231
          0,           0,         502,      -12.88185773,      -13.72885846,      -13.44287943,      -12.32914489,             0.448,    0.001311934039,      0.1121490707,                 0,                 0,                 0,    -0.02783730033,   -0.001134897249,      0.1121510019,                 0,       85.48377231
          0,           0,         503,      -12.90070007,      -13.74954433,      -13.45939109,       -12.3478732,             0.448,    0.001311934039,      0.1121490707,                 0,                 0,                 0,    -0.02783730033,   -0.001134897249,      0.1121510019,                 0,       85.48377232
          0,           0,         504,      -12.91979899,      -13.76979122,      -13.47603501,      -12.36685849,             0.448,    0.001311934039,      0.1121490707,                 0,                 0,                 0,    -0.02783730033,   -0.001134897249,      0.1121510019,                 0,       85.48377232
          0,           0,         505,      -12.93913849,      -13.79016355,      -13.49282645,      -12.38608603,             0.448,    0.001311934039,      0.1121490707,                 0,                 0,                 0,    -0.02783730033,   -0.001134897249,      0.1121510019,                 0,       85.48377232
          0,           0,         506,      -12.95870803,      -13.80995042,      -13.50977214,      -12.40554717,             0.448,    0.001311934039,      0.1121490707,                 0,                 0,                 0,    -0.02783730033,    -0.00113489725,      0.1121510019,                 0,       85.48377233
          0,           0,         507,      -12.97849707,      -13.82967283,      -13.52690215,      -12.42523167,             0.448,    0.001311934039,      0.1121490707,                 0,                 0,                 0,    -0.02783730033,    -0.00113489725,      0.1121510019,                 0,       85.48377233
          0,           0,         508,      -12.99848857,      -13.84877945,      -13.54421741,      -12.44512192,             0.448,    0.001311934039,      0.1121490707,                 0,                 0,                 0,    -0.02783730033,    -0.00113489725,      0.1121510019,                 0,       85.48377233
          0,           0,         509,      -13.01866884,      -13.86738018,      -13.56174584,      -12.46520879,             0.448,    0.001311934039,      0.1121490707,                 0,                 0,                 0,    -0.02783730033,    -0.00113489725,      0.1121510019,                 0,       85.48377233
