NDIME= 2
NELEM= 10216
5	417	69	311	0
5	302	55	56	1
5	405	159	384	2
5	594	427	450	3
5	315	71	72	4
5	319	4	262	5
5	270	39	40	6
5	327	65	66	7
5	451	259	325	8
5	441	40	41	9
5	358	147	148	10
5	287	12	13	11
5	252	144	145	12
5	254	56	57	13
5	348	96	269	14
5	262	4	5	15
5	647	465	525	16
5	453	308	449	17
5	309	282	15	18
5	560	265	470	19
5	369	185	186	20
5	420	271	27	21
5	432	137	376	22
5	643	471	270	23
5	429	121	354	24
5	282	14	15	25
5	568	446	456	26
5	292	257	31	27
5	617	385	457	28
5	831	694	478	29
5	274	24	25	30
5	470	346	454	31
5	311	69	70	32
5	291	20	278	33
5	286	24	274	34
5	257	30	31	35
5	255	0	1	36
5	996	809	797	37
5	342	79	312	38
5	280	18	19	39
5	543	319	518	40
5	316	42	294	41
5	507	356	439	42
5	543	293	319	43
5	546	298	299	44
5	324	288	9	45
5	749	548	648	46
5	270	251	39	47
5	542	459	257	48
5	258	36	37	49
5	322	18	280	50
5	315	72	290	51
5	555	313	342	52
5	288	8	9	53
5	645	348	465	54
5	323	14	282	55
5	308	62	63	56
5	300	75	76	57
5	335	84	303	58
5	421	60	305	59
5	334	38	251	60
5	749	549	548	61
5	285	53	54	62
5	302	56	254	63
5	751	644	725	64
5	250	82	83	65
5	294	42	43	66
5	301	87	88	67
5	279	80	81	68
5	305	60	61	69
5	531	475	278	70
5	554	448	540	71
5	271	26	27	72
5	284	89	90	73
5	416	111	112	74
5	329	260	33	75
5	475	291	278	76
5	340	0	255	77
5	277	106	107	78
5	420	28	272	79
5	295	52	53	80
5	316	41	42	81
5	333	294	43	82
5	825	476	650	83
5	331	300	76	84
5	762	555	664	85
5	295	53	285	86
5	290	72	73	87
5	337	90	91	88
5	312	79	80	89
5	511	320	336	90
5	1041	890	895	91
5	555	342	464	92
5	946	762	848	93
5	564	314	556	94
5	345	52	295	95
5	335	250	83	96
5	449	63	64	97
5	338	254	57	98
5	842	642	557	99
5	338	57	58	100
5	517	256	293	101
5	259	101	102	102
5	512	281	350	103
5	348	95	96	104
5	441	270	40	105
5	361	177	178	106
5	266	99	100	107
5	510	451	325	108
5	580	353	413	109
5	372	115	116	110
5	367	117	118	111
5	357	151	349	112
5	412	375	127	113
5	639	273	436	114
5	381	157	158	115
5	492	368	430	116
5	377	147	358	117
5	400	173	390	118
5	437	365	182	119
5	406	161	253	120
5	403	253	162	121
5	395	181	365	122
5	397	175	393	123
5	408	157	381	124
5	619	408	381	125
5	401	386	166	126
5	399	388	170	127
5	834	690	450	128
5	585	377	358	129
5	387	163	164	130
5	404	165	386	131
5	353	112	113	132
5	424	321	109	133
5	363	252	145	134
5	363	145	146	135
5	481	429	354	136
5	607	393	484	137
5	1544	685	720	138
5	653	485	490	139
5	275	132	133	140
5	409	382	129	141
5	373	135	136	142
5	614	482	253	143
5	355	143	144	144
5	409	130	383	145
5	380	354	122	146
5	486	435	273	147
5	436	273	140	148
5	411	126	375	149
5	360	186	187	150
5	593	394	488	151
5	850	681	706	152
5	393	175	176	153
5	806	611	604	154
5	398	177	361	155
5	784	587	502	156
5	403	162	163	157
5	402	169	388	158
5	253	161	162	159
5	396	188	359	160
5	388	169	170	161
5	1083	868	726	162
5	390	173	174	163
5	484	393	398	164
5	356	195	196	165
5	380	122	123	166
5	432	373	136	167
5	375	126	127	168
5	412	128	382	169
5	357	150	151	170
5	355	144	252	171
5	364	141	142	172
5	624	483	375	173
5	435	139	273	174
5	482	479	406	175
5	424	110	351	176
5	623	412	382	177
5	595	501	352	178
5	325	259	102	179
5	328	46	296	180
5	269	96	97	181
5	1361	1264	1068	182
5	530	286	462	183
5	550	306	421	184
5	251	38	39	185
5	423	103	104	186
5	350	99	266	187
5	693	451	510	188
5	483	411	375	189
5	352	114	115	190
5	633	478	424	191
5	444	150	357	192
5	427	117	367	193
5	588	395	365	194
5	385	154	261	195
5	655	491	587	196
5	369	186	360	197
5	581	431	485	198
5	386	165	166	199
5	5232	5214	5229	200
5	508	503	443	201
5	5232	5226	5214	202
5	1099	878	1090	203
5	5231	207	5222	204
5	5231	206	207	205
5	5230	5210	5219	206
5	5230	5213	5210	207
5	5229	5199	5213	208
5	5229	5214	5199	209
5	5228	204	205	210
5	5228	5217	204	211
5	5225	5219	5200	212
5	5225	249	5219	213
5	5232	5229	202	214
5	5232	202	203	215
5	5227	247	248	216
5	5227	5196	5212	217
5	5224	5195	5209	218
5	5224	5202	5195	219
5	5223	225	226	220
5	5223	5220	225	221
5	5224	5228	205	222
5	5231	205	206	223
5	5221	5173	5203	224
5	5221	5201	5173	225
5	5220	5211	225	226
5	5220	5181	5211	227
5	5230	200	201	228
5	5230	5229	5213	229
5	5219	5210	5191	230
5	5225	5218	248	231
5	5231	5202	5224	232
5	5231	5222	5202	233
5	5216	227	228	234
5	5216	5208	227	235
5	5215	207	208	236
5	5222	5206	5189	237
5	5232	203	5226	238
5	5230	201	5229	239
5	5214	5205	5174	240
5	5229	201	202	241
5	5212	246	247	242
5	5221	246	5212	243
5	5211	5180	224	244
5	5211	5181	5180	245
5	5210	5152	5191	246
5	5210	5190	5152	247
5	5231	5224	205	248
5	5228	5224	5209	249
5	5223	5208	5185	250
5	5223	226	227	251
5	5207	5180	5166	252
5	5207	223	5180	253
5	5222	5189	5202	254
5	5222	5215	5206	255
5	5226	5205	5214	256
5	5217	5188	5205	257
5	5197	229	230	258
5	5197	5179	229	259
5	5203	5163	5193	260
5	5203	5173	5163	261
5	5215	208	209	262
5	5222	207	5215	263
5	5221	5212	5201	264
5	5221	245	246	265
5	5230	5219	200	266
5	5219	249	200	267
5	5205	5154	5174	268
5	5226	5217	5205	269
5	5198	221	222	270
5	5198	5186	221	271
5	5197	5121	5179	272
5	5197	5088	5121	273
5	5212	5196	5170	274
5	5201	5170	5145	275
5	5195	5140	5169	276
5	5195	5157	5140	277
5	5192	241	5168	278
5	5192	240	241	279
5	5193	5160	243	280
5	5193	5163	5160	281
5	5223	5185	5220	282
5	5211	224	225	283
5	5213	5199	5190	284
5	5225	248	249	285
5	5184	5150	218	286
5	5184	5127	5150	287
5	5183	212	5155	288
5	5183	211	212	289
5	5228	5209	5217	290
5	5209	5169	5188	291
5	5187	241	242	292
5	5187	5160	5139	293
5	5186	220	221	294
5	5186	5151	220	295
5	5220	5185	5161	296
5	5220	5161	5181	297
5	5184	219	5151	298
5	5184	5151	5127	299
5	5183	5155	5125	300
5	5149	210	211	301
5	5190	5113	5152	302
5	5182	5112	5162	303
5	5223	227	5208	304
5	5181	5167	5147	305
5	5180	223	224	306
5	5207	5166	5194	307
5	5216	5179	5177	308
5	5179	5158	5177	309
5	5178	5156	5135	310
5	5178	215	5156	311
5	5177	5158	5130	312
5	5179	228	229	313
5	5191	5129	5143	314
5	5227	5212	247	315
5	5204	5142	5175	316
5	5204	214	5178	317
5	5174	5118	5146	318
5	5174	5154	5118	319
5	5171	5144	238	320
5	5171	5116	5144	321
5	5171	5148	5116	322
5	5172	216	217	323
5	5171	238	239	324
5	5172	217	5150	325
5	5176	5133	5153	326
5	5218	5176	5196	327
5	5202	5189	5157	328
5	5226	204	5217	329
5	5194	5166	5131	330
5	5192	5138	5148	331
5	5167	5134	5122	332
5	5167	5161	5134	333
5	5166	5096	5131	334
5	5166	5147	5096	335
5	5165	5091	5123	336
5	5165	5130	5091	337
5	5198	5194	5164	338
5	5207	222	223	339
5	5201	5145	5173	340
5	5203	5193	244	341
5	5162	5108	5128	342
5	5162	5112	5108	343
5	5181	5147	5180	344
5	5208	5165	5185	345
5	5208	5177	5165	346
5	5216	5177	5208	347
5	5159	5087	5111	348
5	5159	5115	5087	349
5	5158	5105	5130	350
5	5192	5168	5138	351
5	5189	5114	5157	352
5	5206	5128	5189	353
5	5192	5148	240	354
5	5148	239	240	355
5	5155	5090	5125	356
5	5155	5132	5090	357
5	5154	5101	5118	358
5	5154	5119	5101	359
5	5153	5082	5124	360
5	5153	5133	5082	361
5	5191	5152	5129	362
5	5227	248	5218	363
5	5164	5107	5137	364
5	5151	219	220	365
5	5184	218	219	366
5	5150	217	218	367
5	5217	5209	5188	368
5	5182	5162	209	369
5	5178	214	215	370
5	5148	5138	5086	371
5	5207	5194	222	372
5	5147	5122	5096	373
5	5199	5174	5146	374
5	5219	5191	5200	375
5	5145	5098	5126	376
5	5145	5124	5098	377
5	5144	237	238	378
5	5144	5115	237	379
5	5152	5076	5129	380
5	5200	5191	5143	381
5	5175	5155	212	382
5	5183	5149	211	383
5	5141	5094	5061	384
5	5141	5121	5094	385
5	5215	5162	5206	386
5	5214	5174	5199	387
5	5139	5102	5100	388
5	5139	5120	5102	389
5	5187	242	243	390
5	5194	5131	5164	391
5	5198	5164	5186	392
5	5186	5164	5137	393
5	5197	5136	5088	394
5	5197	230	5136	395
5	5135	5047	5093	396
5	5135	5092	5047	397
5	5167	5122	5147	398
5	438	198	199	399
5	5161	5106	5134	400
5	1036	844	843	401
5	307	86	87	402
5	661	506	199	403
5	5189	5128	5114	404
5	508	443	356	405
5	5112	5074	5108	406
5	685	657	503	407
5	5156	5092	5135	408
5	508	356	507	409
5	5204	5178	5142	410
5	659	438	506	411
5	5161	5123	5106	412
5	439	356	196	413
5	5187	5139	5168	414
5	443	195	356	415
5	5177	5130	5165	416
5	485	431	433	417
5	5185	5123	5161	418
5	660	517	543	419
5	5129	5071	5081	420
5	385	153	154	421
5	5129	5076	5071	422
5	661	199	515	423
5	5190	5146	5113	424
5	5188	5169	5119	425
5	5186	5137	5151	426
5	354	121	122	427
5	5182	210	5149	428
5	416	351	111	429
5	5170	5124	5145	430
5	1230	1086	1051	431
5	5203	244	245	432
5	410	132	275	433
5	5183	5125	5149	434
5	415	108	321	435
5	5182	5149	5112	436
5	347	101	259	437
5	5124	5045	5098	438
5	318	89	284	439
5	5124	5082	5045	440
5	425	106	277	441
5	5187	5168	241	442
5	578	347	452	443
5	5180	5147	5166	444
5	325	102	103	445
5	5134	5097	5109	446
5	473	464	312	447
5	5134	5109	5122	448
5	769	737	516	449
5	5179	5121	5158	450
5	5158	5121	5141	451
5	5160	5120	5139	452
5	347	100	101	453
5	5168	5100	5138	454
5	445	95	348	455
5	5140	5103	5056	456
5	671	579	645	457
5	5205	5188	5154	458
5	303	84	85	459
5	5146	5118	5089	460
5	445	336	94	461
5	5146	5089	5113	462
5	721	509	477	463
5	5117	5077	5046	464
5	320	92	93	465
5	5117	234	5077	466
5	335	83	84	467
5	5116	5086	5064	468
5	447	82	250	469
5	5138	5100	5070	470
5	764	754	540	471
5	5159	236	237	472
5	339	71	315	473
5	5159	237	5115	474
5	306	58	59	475
5	5169	5140	5085	476
5	5140	5056	5085	477
5	5113	5052	5076	478
5	292	31	32	479
5	5113	5089	5052	480
5	419	12	287	481
5	5159	5111	236	482
5	288	268	8	483
5	5111	235	236	484
5	293	2	3	485
5	5128	5084	5114	486
5	293	256	2	487
5	5111	5087	5057	488
5	1394	1257	1239	489
5	5110	5048	5092	490
5	340	199	0	491
5	5110	5079	5048	492
5	1218	517	853	493
5	5109	5049	5038	494
5	729	460	521	495
5	5109	5097	5049	496
5	746	543	518	497
5	5149	5099	5112	498
5	5209	5195	5169	499
5	5107	5020	5063	500
5	5107	5068	5020	501
5	312	80	279	502
5	762	562	555	503
5	460	263	267	504
5	670	470	454	505
5	273	139	140	506
5	641	588	365	507
5	384	159	160	508
5	261	154	155	509
5	304	55	302	510
5	573	332	466	511
5	742	537	741	512
5	1505	888	1371	513
5	256	255	1	514
5	256	1	2	515
5	330	30	257	516
5	472	345	295	517
5	346	36	258	518
5	260	32	33	519
5	511	456	320	520
5	452	259	451	521
5	329	34	265	522
5	292	32	260	523
5	813	617	667	524
5	349	151	152	525
5	521	460	267	526
5	726	515	340	527
5	263	262	5	528
5	263	5	6	529
5	264	261	155	530
5	264	155	156	531
5	329	33	34	532
5	265	34	35	533
5	510	325	423	534
5	514	284	467	535
5	267	263	6	536
5	267	6	7	537
5	268	267	7	538
5	268	7	8	539
5	452	347	259	540
5	509	418	425	541
5	476	330	459	542
5	422	296	47	543
5	326	26	271	544
5	317	22	276	545
5	420	27	28	546
5	272	28	29	547
5	480	400	390	548
5	374	275	133	549
5	570	474	254	550
5	276	22	23	551
5	590	519	252	552
5	374	133	134	553
5	575	343	308	554
5	278	20	21	555
5	415	107	108	556
5	625	321	478	557
5	565	557	294	558
5	557	316	294	559
5	466	332	417	560
5	563	540	300	561
5	642	441	316	562
5	471	251	270	563
5	281	269	97	564
5	281	97	98	565
5	309	16	283	566
5	470	265	346	567
5	309	15	16	568
5	283	16	17	569
5	307	87	301	570
5	675	568	456	571
5	333	43	44	572
5	314	44	45	573
5	286	276	23	574
5	286	23	24	575
5	528	462	274	576
5	533	455	280	577
5	324	10	289	578
5	535	323	282	579
5	324	9	10	580
5	289	10	11	581
5	498	466	417	582
5	310	290	73	583
5	291	280	19	584
5	291	19	20	585
5	938	928	741	586
5	537	468	287	587
5	534	283	322	588
5	521	267	268	589
5	514	318	284	590
5	297	50	51	591
5	422	47	48	592
5	296	46	47	593
5	644	307	536	594
5	573	341	332	595
5	298	48	49	596
5	299	50	297	597
5	505	315	290	598
5	422	48	298	599
5	299	298	49	600
5	299	49	50	601
5	310	73	74	602
5	448	75	300	603
5	913	671	859	604
5	1110	871	1094	605
5	304	54	55	606
5	304	285	54	607
5	442	86	307	608
5	442	85	86	609
5	576	343	575	610
5	665	534	652	611
5	343	62	308	612
5	344	64	65	613
5	556	314	328	614
5	338	58	306	615
5	442	303	85	616
5	467	284	337	617
5	343	61	62	618
5	343	305	61	619
5	497	334	251	620
5	497	251	471	621
5	701	547	662	622
5	532	447	516	623
5	332	67	68	624
5	449	64	344	625
5	313	77	78	626
5	331	76	77	627
5	469	290	310	628
5	331	77	313	629
5	455	322	280	630
5	333	44	314	631
5	339	70	71	632
5	339	311	70	633
5	524	263	460	634
5	441	41	316	635
5	317	278	21	636
5	317	21	22	637
5	318	301	88	638
5	318	88	89	639
5	319	293	3	640
5	319	3	4	641
5	337	284	90	642
5	446	92	320	643
5	415	277	107	644
5	321	108	109	645
5	322	283	17	646
5	322	17	18	647
5	323	287	13	648
5	323	13	14	649
5	552	283	534	650
5	538	289	419	651
5	423	104	418	652
5	694	625	478	653
5	326	274	25	654
5	326	25	26	655
5	341	67	332	656
5	344	65	327	657
5	328	314	45	658
5	328	45	46	659
5	734	677	462	660
5	459	330	257	661
5	330	272	29	662
5	330	29	30	663
5	562	313	555	664
5	498	417	311	665
5	341	66	67	666
5	341	327	66	667
5	468	419	287	668
5	1362	1084	1218	669
5	334	258	37	670
5	334	37	38	671
5	897	675	861	672
5	540	448	300	673
5	336	320	93	674
5	336	93	94	675
5	547	318	514	676
5	768	567	566	677
5	756	520	651	678
5	461	421	305	679
5	652	534	455	680
5	746	660	543	681
5	753	741	535	682
5	1043	889	916	683
5	550	421	461	684
5	643	270	441	685
5	342	313	78	686
5	342	78	79	687
5	575	308	453	688
5	474	302	254	689
5	556	328	520	690
5	449	308	63	691
5	345	297	51	692
5	345	51	52	693
5	346	265	35	694
5	346	35	36	695
5	692	465	647	696
5	347	266	100	697
5	445	94	95	698
5	725	536	701	699
5	407	153	385	700
5	618	407	617	701
5	350	281	98	702
5	350	98	99	703
5	424	109	110	704
5	351	110	111	705
5	413	114	352	706
5	416	112	353	707
5	478	321	424	708
5	496	371	429	709
5	426	367	118	710
5	372	352	115	711
5	378	143	355	712
5	436	140	141	713
5	807	611	806	714
5	359	188	189	715
5	495	383	410	716
5	591	364	378	717
5	783	584	782	718
5	493	410	275	719
5	489	398	361	720
5	394	185	369	721
5	992	880	704	722
5	365	181	182	723
5	605	391	400	724
5	392	178	179	725
5	362	358	148	726
5	362	148	149	727
5	834	450	635	728
5	799	708	504	729
5	603	387	404	730
5	436	141	364	731
5	366	179	180	732
5	392	361	178	733
5	608	480	390	734
5	392	179	366	735
5	426	119	371	736
5	626	353	580	737
5	368	359	189	738
5	368	189	190	739
5	370	183	184	740
5	437	182	183	741
5	839	640	593	742
5	437	183	370	743
5	426	118	119	744
5	371	119	120	745
5	501	413	352	746
5	627	351	416	747
5	428	135	373	748
5	599	380	414	749
5	718	598	689	750
5	824	626	823	751
5	379	124	125	752
5	414	124	379	753
5	432	136	137	754
5	376	137	138	755
5	377	363	146	756
5	377	146	147	757
5	378	364	142	758
5	378	142	143	759
5	600	481	354	760
5	686	583	487	761
5	816	620	619	762
5	689	598	483	763
5	408	156	157	764
5	408	264	156	765
5	412	127	128	766
5	382	128	129	767
5	409	129	130	768
5	383	130	131	769
5	405	158	159	770
5	405	381	158	771
5	407	152	153	772
5	407	349	152	773
5	604	389	402	774
5	640	370	593	775
5	609	391	605	776
5	403	163	387	777
5	389	167	168	778
5	401	166	167	779
5	604	402	601	780
5	401	167	389	781
5	391	171	172	782
5	399	170	171	783
5	479	384	406	784
5	399	171	391	785
5	606	504	392	786
5	593	370	394	787
5	397	174	175	788
5	397	390	174	789
5	394	370	184	790
5	394	184	185	791
5	395	366	180	792
5	395	180	181	793
5	396	360	187	794
5	396	187	188	795
5	620	523	264	796
5	615	384	479	797
5	398	393	176	798
5	398	176	177	799
5	482	406	253	800
5	614	253	403	801
5	400	391	172	802
5	400	172	173	803
5	605	400	480	804
5	489	484	398	805
5	402	389	168	806
5	402	168	169	807
5	974	788	732	808
5	622	382	409	809
5	404	387	164	810
5	404	164	165	811
5	494	376	435	812
5	621	409	383	813
5	406	384	160	814
5	406	160	161	815
5	638	436	364	816
5	583	362	444	817
5	487	444	357	818
5	583	444	487	819
5	636	376	494	820
5	617	407	385	821
5	410	383	131	822
5	410	131	132	823
5	411	379	125	824
5	411	125	126	825
5	529	428	373	826
5	634	426	371	827
5	413	353	113	828
5	413	113	114	829
5	414	380	123	830
5	414	123	124	831
5	580	413	501	832
5	509	425	477	833
5	496	429	481	834
5	527	378	355	835
5	417	332	68	836
5	417	68	69	837
5	423	325	103	838
5	418	104	105	839
5	419	289	11	840
5	419	11	12	841
5	534	322	455	842
5	533	280	291	843
5	421	306	59	844
5	421	59	60	845
5	574	327	341	846
5	646	449	344	847
5	632	418	509	848
5	861	675	669	849
5	624	375	412	850
5	500	414	379	851
5	425	418	105	852
5	425	105	106	853
5	595	372	594	854
5	690	594	450	855
5	427	372	116	856
5	427	116	117	857
5	428	374	134	858
5	428	134	135	859
5	429	371	120	860
5	429	120	121	861
5	430	368	190	862
5	430	190	191	863
5	431	430	191	864
5	431	191	192	865
5	494	435	486	866
5	639	486	273	867
5	433	431	192	868
5	433	192	193	869
5	434	433	193	870
5	434	193	194	871
5	435	376	138	872
5	435	138	139	873
5	601	402	388	874
5	602	404	386	875
5	867	506	661	876
5	812	616	615	877
5	439	196	197	878
5	440	198	438	879
5	592	395	588	880
5	586	368	492	881
5	440	439	197	882
5	440	197	198	883
5	539	521	268	884
5	541	292	260	885
5	473	312	279	886
5	532	473	279	887
5	443	434	194	888
5	443	194	195	889
5	444	362	149	890
5	444	149	150	891
5	951	767	751	892
5	1051	856	915	893
5	446	337	91	894
5	446	91	92	895
5	447	279	81	896
5	447	81	82	897
5	448	310	74	898
5	448	74	75	899
5	526	295	285	900
5	569	306	550	901
5	450	427	367	902
5	635	450	367	903
5	884	790	690	904
5	791	781	501	905
5	978	793	977	906
5	902	702	717	907
5	646	453	449	908
5	577	344	327	909
5	454	346	258	910
5	497	458	334	911
5	628	272	476	912
5	629	463	271	913
5	456	446	320	914
5	951	751	856	915
5	457	385	261	916
5	523	457	261	917
5	458	454	258	918
5	458	258	334	919
5	476	272	330	920
5	462	286	274	921
5	825	628	476	922
5	736	475	531	923
5	548	302	474	924
5	544	345	472	925
5	528	326	463	926
5	679	524	666	927
5	528	274	326	928
5	463	326	271	929
5	464	342	312	930
5	775	498	572	931
5	465	348	269	932
5	698	512	513	933
5	754	554	540	934
5	737	532	516	935
5	567	250	335	936
5	532	279	447	937
5	539	268	288	938
5	538	419	468	939
5	572	498	311	940
5	505	290	469	941
5	561	541	260	942
5	542	257	292	943
5	843	643	642	944
5	631	520	296	945
5	544	297	345	946
5	520	328	296	947
5	701	536	547	948
5	536	307	301	949
5	548	304	302	950
5	526	472	295	951
5	531	317	522	952
5	533	291	475	953
5	628	420	272	954
5	629	271	420	955
5	477	425	277	956
5	499	477	277	957
5	499	277	415	958
5	698	513	578	959
5	615	405	384	960
5	523	261	264	961
5	610	601	388	962
5	862	707	655	963
5	635	426	634	964
5	634	371	496	965
5	705	479	482	966
5	792	597	687	967
5	598	411	483	968
5	600	354	380	969
5	607	397	393	970
5	608	390	397	971
5	808	797	602	972
5	488	394	369	973
5	596	493	275	974
5	596	275	374	975
5	590	252	363	976
5	519	355	252	977
5	988	802	801	978
5	587	360	396	979
5	798	592	789	980
5	800	607	484	981
5	490	485	433	982
5	490	433	434	983
5	491	488	369	984
5	491	369	360	985
5	502	396	359	986
5	587	491	360	987
5	730	457	523	988
5	495	410	493	989
5	711	529	637	990
5	597	428	529	991
5	835	636	710	992
5	621	383	495	993
5	822	689	483	994
5	635	367	426	995
5	771	570	569	996
5	770	569	550	997
5	571	315	505	998
5	776	466	716	999
5	717	625	694	1000
5	901	852	695	1001
5	821	623	820	1002
5	599	414	500	1003
5	627	416	626	1004
5	626	416	353	1005
5	706	581	654	1006
5	587	396	502	1007
5	503	490	434	1008
5	503	434	443	1009
5	504	489	361	1010
5	504	361	392	1011
5	571	339	315	1012
5	572	311	339	1013
5	506	438	199	1014
5	943	917	743	1015
5	685	503	508	1016
5	910	681	850	1017
5	654	485	653	1018
5	987	801	800	1019
5	663	578	452	1020
5	852	663	695	1021
5	1199	1020	1198	1022
5	724	647	525	1023
5	698	578	663	1024
5	722	632	656	1025
5	859	692	847	1026
5	525	281	512	1027
5	513	512	350	1028
5	513	350	266	1029
5	566	335	303	1030
5	516	447	250	1031
5	1219	658	1080	1032
5	515	199	340	1033
5	1038	845	780	1034
5	551	303	442	1035
5	668	256	517	1036
5	868	661	515	1037
5	543	517	293	1038
5	518	319	262	1039
5	584	362	583	1040
5	527	355	519	1041
5	545	297	544	1042
5	631	296	422	1043
5	740	652	455	1044
5	752	552	665	1045
5	531	278	317	1046
5	522	317	276	1047
5	616	405	615	1048
5	782	584	583	1049
5	524	518	262	1050
5	524	262	263	1051
5	525	465	269	1052
5	525	269	281	1053
5	549	304	548	1054
5	757	556	756	1055
5	839	593	683	1056
5	591	378	527	1057
5	665	552	534	1058
5	742	696	468	1059
5	637	432	636	1060
5	637	373	432	1061
5	530	522	276	1062
5	530	276	286	1063
5	874	700	731	1064
5	747	544	700	1065
5	673	662	514	1066
5	773	505	699	1067
5	829	631	630	1068
5	765	565	564	1069
5	553	535	282	1070
5	537	287	323	1071
5	553	309	552	1072
5	537	323	535	1073
5	567	335	566	1074
5	566	303	551	1075
5	760	560	672	1076
5	744	542	541	1077
5	559	539	288	1078
5	558	289	538	1079
5	559	324	558	1080
5	759	559	758	1081
5	554	310	448	1082
5	554	469	310	1083
5	561	329	560	1084
5	542	292	541	1085
5	674	522	530	1086
5	1017	828	748	1087
5	889	758	728	1088
5	1528	1266	1364	1089
5	545	299	297	1090
5	630	422	298	1091
5	748	546	545	1092
5	546	299	545	1093
5	844	714	471	1094
5	630	298	546	1095
5	547	536	301	1096
5	547	301	318	1097
5	549	285	304	1098
5	549	526	285	1099
5	700	544	472	1100
5	715	678	458	1101
5	569	338	306	1102
5	570	254	338	1103
5	751	551	644	1104
5	567	516	250	1105
5	553	282	309	1106
5	552	309	283	1107
5	745	459	542	1108
5	672	560	470	1109
5	780	577	574	1110
5	776	573	466	1111
5	562	331	313	1112
5	563	300	331	1113
5	763	562	762	1114
5	738	473	532	1115
5	565	333	564	1116
5	642	316	557	1117
5	559	288	324	1118
5	558	324	289	1119
5	679	518	524	1120
5	753	553	752	1121
5	561	260	329	1122
5	560	329	265	1123
5	746	518	679	1124
5	734	528	733	1125
5	953	769	768	1126
5	563	331	562	1127
5	846	453	646	1128
5	699	505	469	1129
5	565	294	333	1130
5	564	333	314	1131
5	777	574	573	1132
5	845	646	577	1133
5	1086	856	1051	1134
5	723	511	579	1135
5	723	579	671	1136
5	669	456	511	1137
5	568	467	337	1138
5	568	337	446	1139
5	761	744	541	1140
5	570	338	569	1141
5	750	549	749	1142
5	1667	1374	1548	1143
5	1136	946	1047	1144
5	572	339	571	1145
5	676	550	461	1146
5	846	649	453	1147
5	773	571	505	1148
5	574	341	573	1149
5	1142	954	953	1150
5	577	327	574	1151
5	576	305	343	1152
5	576	461	305	1153
5	1037	714	844	1154
5	829	651	631	1155
5	1039	846	845	1156
5	646	344	577	1157
5	578	513	266	1158
5	578	266	347	1159
5	579	511	336	1160
5	579	336	445	1161
5	790	594	690	1162
5	633	351	627	1163
5	581	492	430	1164
5	581	430	431	1165
5	582	487	357	1166
5	582	357	349	1167
5	584	358	362	1168
5	589	363	377	1169
5	712	495	493	1170
5	585	358	584	1171
5	688	494	486	1172
5	589	377	585	1173
5	586	502	359	1174
5	586	359	368	1175
5	1092	867	661	1176
5	802	703	480	1177
5	592	366	395	1178
5	606	392	366	1179
5	1030	905	688	1180
5	590	363	589	1181
5	840	641	640	1182
5	1154	968	910	1183
5	803	605	703	1184
5	638	364	591	1185
5	789	592	588	1186
5	606	366	592	1187
5	640	437	370	1188
5	641	365	437	1189
5	595	352	372	1190
5	594	372	427	1191
5	794	500	718	1192
5	796	481	600	1193
5	787	519	590	1194
5	838	688	486	1195
5	597	596	374	1196
5	597	374	428	1197
5	598	500	379	1198
5	598	379	411	1199
5	793	596	792	1200
5	600	380	599	1201
5	821	624	623	1202
5	793	712	493	1203
5	612	602	386	1204
5	613	403	387	1205
5	611	389	604	1206
5	603	404	602	1207
5	683	593	488	1208
5	613	387	603	1209
5	611	401	389	1210
5	612	386	401	1211
5	609	399	391	1212
5	610	388	399	1213
5	681	586	492	1214
5	707	491	655	1215
5	803	609	605	1216
5	608	397	607	1217
5	840	640	839	1218
5	983	798	789	1219
5	708	489	504	1220
5	610	399	609	1221
5	812	615	684	1222
5	684	615	479	1223
5	810	614	613	1224
5	612	401	611	1225
5	1032	840	839	1226
5	801	608	607	1227
5	709	489	708	1228
5	614	403	613	1229
5	788	527	732	1230
5	682	487	582	1231
5	616	381	405	1232
5	620	264	408	1233
5	1026	834	1025	1234
5	619	381	616	1235
5	618	349	407	1236
5	618	582	349	1237
5	686	487	682	1238
5	782	583	686	1239
5	732	527	519	1240
5	620	408	619	1241
5	787	732	519	1242
5	785	589	585	1243
5	687	597	529	1244
5	622	409	621	1245
5	820	623	622	1246
5	623	382	622	1247
5	1001	813	877	1248
5	624	412	623	1249
5	713	496	481	1250
5	702	477	499	1251
5	625	499	415	1252
5	625	415	321	1253
5	781	580	501	1254
5	633	424	351	1255
5	911	702	902	1256
5	721	477	702	1257
5	826	628	825	1258
5	629	420	628	1259
5	827	733	463	1260
5	883	666	729	1261
5	651	520	631	1262
5	631	422	630	1263
5	715	497	714	1264
5	740	455	533	1265
5	632	510	423	1266
5	632	423	418	1267
5	791	595	790	1268
5	831	478	633	1269
5	718	500	598	1270
5	796	713	481	1271
5	831	633	830	1272
5	1007	819	818	1273
5	637	529	373	1274
5	636	432	376	1275
5	813	618	617	1276
5	836	638	591	1277
5	797	603	602	1278
5	639	436	638	1279
5	811	705	482	1280
5	705	684	479	1281
5	903	684	705	1282
5	641	437	640	1283
5	654	581	485	1284
5	817	730	523	1285
5	649	575	453	1286
5	643	441	642	1287
5	778	575	649	1288
5	770	550	676	1289
5	644	551	442	1290
5	644	442	307	1291
5	645	579	445	1292
5	645	445	348	1293
5	950	766	765	1294
5	937	752	855	1295
5	695	452	451	1296
5	1220	1045	1048	1297
5	648	548	474	1298
5	772	648	474	1299
5	778	576	575	1300
5	772	474	570	1301
5	650	476	459	1302
5	745	650	459	1303
5	756	556	520	1304
5	844	471	643	1305
5	735	522	674	1306
5	759	743	539	1307
5	1219	507	658	1308
5	863	685	849	1309
5	1069	983	1031	1310
5	1318	1171	1317	1311
5	719	586	681	1312
5	784	655	587	1313
5	656	632	509	1314
5	721	656	509	1315
5	657	653	490	1316
5	657	490	503	1317
5	658	507	439	1318
5	658	439	440	1319
5	691	438	659	1320
5	691	440	438	1321
5	1063	942	889	1322
5	909	891	678	1323
5	668	255	256	1324
5	868	515	726	1325
5	662	547	514	1326
5	1115	1079	873	1327
5	695	451	693	1328
5	1022	694	831	1329
5	664	555	464	1330
5	738	532	737	1331
5	696	538	468	1332
5	666	524	460	1333
5	728	538	696	1334
5	758	558	728	1335
5	667	617	457	1336
5	730	667	457	1337
5	853	517	660	1338
5	727	255	668	1339
5	673	514	467	1340
5	675	456	669	1341
5	1018	829	828	1342
5	672	470	670	1343
5	723	669	511	1344
5	1012	781	976	1345
5	1086	951	856	1346
5	1040	875	649	1347
5	680	568	675	1348
5	680	467	568	1349
5	735	531	522	1350
5	739	533	475	1351
5	680	673	467	1352
5	915	856	725	1353
5	779	576	778	1354
5	779	676	461	1355
5	677	674	530	1356
5	677	530	462	1357
5	678	670	454	1358
5	678	454	458	1359
5	896	666	883	1360
5	1134	943	1133	1361
5	856	751	725	1362
5	915	701	871	1363
5	719	502	586	1364
5	784	502	719	1365
5	814	618	813	1366
5	814	582	618	1367
5	841	588	641	1368
5	703	605	480	1369
5	993	807	806	1370
5	704	604	601	1371
5	867	659	506	1372
5	720	685	508	1373
5	1028	837	836	1374
5	838	486	639	1375
5	710	494	688	1376
5	711	687	529	1377
5	710	636	494	1378
5	999	903	705	1379
5	818	495	712	1380
5	819	622	621	1381
5	832	496	713	1382
5	1202	1024	1023	1383
5	720	508	507	1384
5	691	658	440	1385
5	692	671	645	1386
5	692	645	465	1387
5	695	663	452	1388
5	1267	1109	914	1389
5	823	580	781	1390
5	830	633	627	1391
5	1107	902	1054	1392
5	901	695	693	1393
5	728	558	538	1394
5	729	666	460	1395
5	697	664	464	1396
5	697	464	473	1397
5	724	512	698	1398
5	724	525	512	1399
5	755	554	754	1400
5	716	466	498	1401
5	747	545	544	1402
5	828	630	546	1403
5	725	644	536	1404
5	738	697	473	1405
5	1198	1020	1013	1406
5	864	693	722	1407
5	805	704	601	1408
5	806	604	704	1409
5	804	609	803	1410
5	1366	1224	1264	1411
5	809	603	797	1412
5	995	808	994	1413
5	706	681	492	1414
5	706	492	581	1415
5	707	683	488	1416
5	707	488	491	1417
5	709	484	489	1418
5	802	480	608	1419
5	995	797	808	1420
5	800	484	709	1421
5	991	805	804	1422
5	993	806	880	1423
5	865	812	684	1424
5	1002	812	865	1425
5	818	621	495	1426
5	820	622	819	1427
5	832	634	496	1428
5	833	635	634	1429
5	715	458	497	1430
5	714	497	471	1431
5	925	739	736	1432
5	921	735	674	1433
5	774	571	773	1434
5	775	716	498	1435
5	717	702	499	1436
5	717	499	625	1437
5	794	599	500	1438
5	795	600	599	1439
5	910	719	681	1440
5	1032	839	879	1441
5	1070	1032	879	1442
5	1068	857	863	1443
5	1021	831	830	1444
5	1026	884	690	1445
5	722	693	510	1446
5	722	510	632	1447
5	1253	1102	1225	1448
5	1258	1059	1082	1449
5	1221	1059	852	1450
5	1057	698	663	1451
5	954	737	769	1452
5	1060	913	859	1453
5	1222	1093	868	1454
5	1061	888	932	1455
5	727	726	340	1456
5	727	340	255	1457
5	893	670	891	1458
5	930	745	744	1459
5	922	735	921	1460
5	1289	1124	1064	1461
5	815	616	812	1462
5	1062	900	905	1463
5	731	700	472	1464
5	731	472	526	1465
5	788	591	527	1466
5	837	639	638	1467
5	734	462	528	1468
5	733	528	463	1469
5	941	757	756	1470
5	1015	826	1014	1471
5	855	752	665	1472
5	736	531	735	1473
5	938	753	937	1474
5	739	475	736	1475
5	767	551	751	1476
5	875	778	649	1477
5	958	872	648	1478
5	960	774	959	1479
5	929	742	928	1480
5	740	533	739	1481
5	1407	1228	1294	1482
5	1810	1652	1504	1483
5	742	468	537	1484
5	741	537	535	1485
5	855	665	854	1486
5	1014	826	825	1487
5	743	729	521	1488
5	743	521	539	1489
5	761	561	760	1490
5	745	542	744	1491
5	1019	651	829	1492
5	935	750	749	1493
5	1139	941	1076	1494
5	1120	854	927	1495
5	931	650	745	1496
5	748	545	747	1497
5	1014	825	869	1498
5	828	546	748	1499
5	750	526	549	1500
5	750	731	526	1501
5	920	885	677	1502
5	927	652	740	1503
5	767	566	551	1504
5	769	516	567	1505
5	753	535	553	1506
5	752	553	552	1507
5	929	916	696	1508
5	1213	1035	1212	1509
5	755	469	554	1510
5	755	699	469	1511
5	948	754	764	1512
5	939	755	754	1513
5	757	564	556	1514
5	766	557	565	1515
5	941	756	851	1516
5	765	564	757	1517
5	759	539	559	1518
5	758	559	558	1519
5	1120	1085	854	1520
5	922	736	735	1521
5	761	541	561	1522
5	760	561	560	1523
5	956	771	770	1524
5	935	749	872	1525
5	763	563	562	1526
5	764	540	563	1527
5	959	774	773	1528
5	764	563	763	1529
5	963	777	776	1530
5	961	775	960	1531
5	891	670	678	1532
5	766	565	765	1533
5	1035	843	842	1534
5	842	557	766	1535
5	915	725	701	1536
5	768	566	767	1537
5	948	939	754	1538
5	769	567	768	1539
5	947	763	946	1540
5	1040	649	846	1541
5	872	749	648	1542
5	771	569	770	1543
5	956	770	955	1544
5	772	570	771	1545
5	965	778	875	1546
5	957	772	771	1547
5	774	572	571	1548
5	775	572	774	1549
5	952	767	951	1550
5	859	671	692	1551
5	871	701	662	1552
5	923	738	737	1553
5	873	664	697	1554
5	777	573	776	1555
5	873	848	664	1556
5	780	574	777	1557
5	779	461	576	1558
5	933	747	700	1559
5	1127	935	1067	1560
5	934	748	747	1561
5	946	763	762	1562
5	845	577	780	1563
5	823	626	580	1564
5	824	627	626	1565
5	783	585	584	1566
5	786	590	589	1567
5	1029	838	837	1568
5	785	585	783	1569
5	986	709	904	1570
5	985	904	708	1571
5	967	782	858	1572
5	786	589	785	1573
5	970	783	967	1574
5	787	590	786	1575
5	900	835	710	1576
5	973	732	787	1577
5	1011	689	822	1578
5	836	591	788	1579
5	798	606	592	1580
5	799	504	606	1581
5	791	501	595	1582
5	790	595	594	1583
5	1008	820	819	1584
5	1020	830	824	1585
5	793	493	596	1586
5	792	596	597	1587
5	1027	836	788	1588
5	906	835	900	1589
5	981	795	980	1590
5	795	599	794	1591
5	1020	824	1013	1592
5	796	600	795	1593
5	975	791	790	1594
5	976	791	975	1595
5	809	613	603	1596
5	811	482	614	1597
5	1081	850	876	1598
5	799	606	798	1599
5	969	862	655	1600
5	1257	1081	1239	1601
5	898	803	703	1602
5	801	607	800	1603
5	904	709	708	1604
5	802	608	801	1605
5	878	707	862	1606
5	998	811	810	1607
5	804	610	609	1608
5	805	601	610	1609
5	880	806	704	1610
5	805	610	804	1611
5	989	898	703	1612
5	1078	857	1068	1613
5	807	612	611	1614
5	808	602	612	1615
5	1209	1029	1208	1616
5	808	612	807	1617
5	1182	1002	1073	1618
5	877	813	667	1619
5	1253	1056	1102	1620
5	810	613	809	1621
5	1004	817	816	1622
5	811	614	810	1623
5	903	865	684	1624
5	1159	972	971	1625
5	815	619	616	1626
5	817	523	620	1627
5	814	682	582	1628
5	971	786	785	1629
5	882	792	687	1630
5	1102	1056	901	1631
5	879	683	878	1632
5	816	619	815	1633
5	1002	815	812	1634
5	817	620	816	1635
5	907	882	687	1636
5	1006	818	712	1637
5	977	793	792	1638
5	819	621	818	1639
5	1025	834	833	1640
5	822	624	821	1641
5	1025	833	1024	1642
5	822	483	624	1643
5	1012	823	781	1644
5	975	790	884	1645
5	979	718	881	1646
5	981	796	795	1647
5	1013	823	1012	1648
5	979	794	718	1649
5	976	781	791	1650
5	830	627	824	1651
5	826	629	628	1652
5	827	463	629	1653
5	1019	829	1018	1654
5	827	629	826	1655
5	869	825	650	1656
5	894	760	672	1657
5	949	757	941	1658
5	829	630	828	1659
5	1037	908	714	1660
5	1145	955	1144	1661
5	1056	852	901	1662
5	911	721	702	1663
5	901	693	864	1664
5	902	717	860	1665
5	982	796	981	1666
5	833	634	832	1667
5	977	792	882	1668
5	834	635	833	1669
5	967	783	782	1670
5	1104	907	906	1671
5	835	711	637	1672
5	835	637	636	1673
5	978	712	793	1674
5	837	638	836	1675
5	1030	688	838	1676
5	838	639	837	1677
5	1003	815	1002	1678
5	878	683	707	1679
5	1367	1092	1265	1680
5	841	641	840	1681
5	984	798	983	1682
5	841	789	588	1683
5	1226	1090	1156	1684
5	876	706	654	1685
5	921	674	885	1686
5	843	642	842	1687
5	931	869	650	1688
5	844	643	843	1689
5	894	672	893	1690
5	909	715	908	1691
5	870	773	699	1692
5	846	646	845	1693
5	961	716	775	1694
5	959	773	870	1695
5	847	692	647	1696
5	914	647	724	1697
5	848	762	664	1698
5	1138	1131	939	1699
5	1044	691	659	1700
5	1686	1371	1519	1701
5	1154	910	1049	1702
5	857	653	657	1703
5	851	756	651	1704
5	1148	872	958	1705
5	1082	724	1058	1706
5	914	847	647	1707
5	1506	863	1042	1708
5	1083	726	727	1709
5	854	665	652	1710
5	927	854	652	1711
5	1101	891	909	1712
5	1260	1100	1228	1713
5	954	923	737	1714
5	1308	1152	1307	1715
5	876	850	706	1716
5	887	653	857	1717
5	858	782	686	1718
5	899	858	686	1719
5	1231	1045	1220	1720
5	1507	1408	1431	1721
5	860	717	694	1722
5	1336	1191	1335	1723
5	1369	1220	1271	1724
5	1598	1554	1440	1725
5	968	719	910	1726
5	1156	862	969	1727
5	863	857	657	1728
5	863	657	685	1729
5	1162	975	884	1730
5	1167	980	1166	1731
5	1005	918	730	1732
5	1278	1105	1104	1733
5	866	864	722	1734
5	866	722	656	1735
5	1406	1093	1222	1736
5	1264	1224	1078	1737
5	1527	1061	932	1738
5	1371	888	1227	1739
5	1016	919	733	1740
5	885	674	677	1741
5	940	755	939	1742
5	962	716	961	1743
5	1140	952	951	1744
5	1094	890	1041	1745
5	1217	875	1040	1746
5	955	770	676	1747
5	924	738	923	1748
5	924	697	738	1749
5	936	750	935	1750
5	933	700	874	1751
5	1150	960	1149	1752
5	958	648	772	1753
5	1171	985	1170	1754
5	1155	968	1154	1755
5	1077	905	1030	1756
5	899	686	682	1757
5	879	839	683	1758
5	1033	840	1032	1759
5	1078	887	857	1760
5	1171	904	985	1761
5	990	803	898	1762
5	996	797	995	1763
5	881	718	689	1764
5	1011	881	689	1765
5	1006	712	978	1766
5	1010	822	821	1767
5	1135	945	944	1768
5	917	883	729	1769
5	980	794	979	1770
5	1024	833	832	1771
5	920	734	919	1772
5	925	736	922	1773
5	1508	720	886	1774
5	886	720	507	1775
5	887	876	654	1776
5	887	654	653	1777
5	932	679	896	1778
5	932	746	679	1779
5	917	729	743	1780
5	942	758	889	1781
5	890	871	662	1782
5	890	662	673	1783
5	893	672	670	1784
5	945	930	744	1785
5	892	861	669	1786
5	892	669	723	1787
5	1113	921	885	1788
5	944	760	894	1789
5	1046	944	894	1790
5	1195	1111	919	1791
5	895	890	673	1792
5	895	673	680	1793
5	932	888	746	1794
5	896	679	666	1795
5	897	895	680	1796
5	897	680	675	1797
5	990	804	803	1798
5	992	704	805	1799
5	1071	1000	1001	1800
5	1206	1027	974	1801
5	906	711	835	1802
5	907	687	711	1803
5	1108	1055	912	1804
5	1221	852	1056	1805
5	912	656	721	1806
5	912	721	911	1807
5	994	807	993	1808
5	1180	996	1179	1809
5	986	800	709	1810
5	989	703	802	1811
5	905	900	710	1812
5	905	710	688	1813
5	1190	881	1011	1814
5	907	711	906	1815
5	1187	1009	1008	1816
5	1165	978	977	1817
5	909	678	715	1818
5	908	715	714	1819
5	1123	1066	931	1820
5	1119	927	926	1821
5	968	784	719	1822
5	969	655	784	1823
5	1335	1163	1313	1824
5	912	866	656	1825
5	1229	1087	1109	1826
5	1205	884	1026	1827
5	913	892	723	1828
5	913	723	671	1829
5	1091	864	866	1830
5	1060	1050	913	1831
5	1269	1140	1086	1832
5	1151	961	1150	1833
5	916	889	728	1834
5	916	728	696	1835
5	943	759	942	1836
5	1228	1100	1134	1837
5	918	877	667	1838
5	918	667	730	1839
5	920	677	734	1840
5	919	734	733	1841
5	1144	964	1095	1842
5	1217	1096	875	1843
5	1146	957	956	1844
5	926	740	739	1845
5	1238	1076	1197	1846
5	1195	919	1016	1847
5	924	873	697	1848
5	1321	1177	1176	1849
5	1153	966	963	1850
5	1290	1128	1247	1851
5	1283	1112	1111	1852
5	926	739	925	1853
5	1121	929	928	1854
5	927	740	926	1855
5	1129	937	1065	1856
5	1085	855	854	1857
5	929	696	742	1858
5	928	742	741	1859
5	1063	889	1043	1860
5	1133	942	1063	1861
5	945	761	944	1862
5	931	745	930	1863
5	1123	930	945	1864
5	1065	937	855	1865
5	1286	1117	1284	1866
5	1604	1461	1460	1867
5	1283	1113	1112	1868
5	934	747	933	1869
5	1194	1016	1015	1870
5	1017	748	934	1871
5	936	731	750	1872
5	936	874	731	1873
5	1125	933	874	1874
5	1139	949	941	1875
5	938	741	753	1876
5	937	753	752	1877
5	1130	1121	928	1878
5	1227	888	1061	1879
5	940	699	755	1880
5	940	870	699	1881
5	1131	940	939	1882
5	1052	959	870	1883
5	949	765	757	1884
5	1034	842	766	1885
5	943	743	759	1886
5	942	759	758	1887
5	1368	1227	1061	1888
5	1124	932	896	1889
5	945	744	761	1890
5	944	761	760	1891
5	1117	925	922	1892
5	1123	945	1135	1893
5	947	764	763	1894
5	948	764	947	1895
5	1297	1136	1244	1896
5	1106	908	1037	1897
5	1095	964	965	1898
5	1304	1144	1240	1899
5	1149	960	959	1900
5	950	765	949	1901
5	1320	1176	1175	1902
5	1034	766	950	1903
5	952	768	767	1904
5	953	768	952	1905
5	1089	892	1050	1906
5	1282	1094	1236	1907
5	1430	1280	1373	1908
5	954	769	953	1909
5	1137	947	1136	1910
5	1151	962	961	1911
5	1146	956	1145	1912
5	1212	950	1139	1913
5	1152	962	1151	1914
5	957	771	956	1915
5	1197	1017	1196	1916
5	958	772	957	1917
5	1340	1126	1290	1918
5	1196	1017	934	1919
5	960	775	774	1920
5	962	776	716	1921
5	1110	1051	915	1922
5	963	776	962	1923
5	1094	871	890	1924
5	966	780	777	1925
5	1140	951	1086	1926
5	1425	1282	1370	1927
5	1079	1047	848	1928
5	966	777	963	1929
5	964	955	676	1930
5	964	676	779	1931
5	965	964	779	1932
5	965	779	778	1933
5	1298	1293	1131	1934
5	1038	780	966	1935
5	970	785	783	1936
5	972	787	786	1937
5	1169	983	1069	1938
5	969	784	968	1939
5	1173	987	986	1940
5	1090	878	862	1941
5	1182	1003	1002	1942
5	971	785	970	1943
5	1183	918	1005	1944
5	972	786	971	1945
5	1259	1087	1229	1946
5	973	787	972	1947
5	1179	995	994	1948
5	974	732	973	1949
5	1074	880	1178	1950
5	1027	788	974	1951
5	1185	1007	1006	1952
5	1013	824	823	1953
5	1347	1201	1346	1954
5	1343	1199	1198	1955
5	1172	986	904	1956
5	1007	818	1006	1957
5	1160	973	972	1958
5	1008	819	1007	1959
5	980	795	794	1960
5	982	713	796	1961
5	1168	981	1167	1962
5	1023	832	713	1963
5	1191	1012	976	1964
5	1205	1162	884	1965
5	1332	1188	1331	1966
5	1023	713	982	1967
5	984	799	798	1968
5	985	708	799	1969
5	1310	1226	1156	1970
5	985	799	984	1971
5	1318	1173	1172	1972
5	1176	989	1175	1973
5	1169	984	983	1974
5	987	800	986	1975
5	1178	991	1177	1976
5	988	801	987	1977
5	1177	991	990	1978
5	989	802	988	1979
5	1174	988	987	1980
5	1310	1156	1155	1981
5	1181	1073	903	1982
5	991	804	990	1983
5	1175	989	988	1984
5	992	805	991	1985
5	1170	984	1169	1986
5	1157	970	967	1987
5	994	808	807	1988
5	999	705	811	1989
5	1172	904	1171	1990
5	997	810	809	1991
5	1161	974	973	1992
5	1207	1028	1027	1993
5	1075	967	858	1994
5	997	809	996	1995
5	1101	1046	893	1996
5	998	810	997	1997
5	1584	1430	1509	1998
5	999	811	998	1999
5	1073	865	903	2000
5	1183	1098	918	2001
5	1000	899	682	2002
5	1000	682	814	2003
5	1001	1000	814	2004
5	1001	814	813	2005
5	1003	816	815	2006
5	1005	730	817	2007
5	1181	903	999	2008
5	1004	816	1003	2009
5	1178	880	992	2010
5	1005	817	1004	2011
5	1073	1002	865	2012
5	1183	1004	1182	2013
5	1189	1011	1010	2014
5	1009	821	820	2015
5	1104	906	1103	2016
5	1334	1250	1053	2017
5	1166	980	979	2018
5	1009	820	1008	2019
5	1203	1025	1024	2020
5	1010	821	1009	2021
5	1191	976	1163	2022
5	1011	822	1010	2023
5	1166	979	1053	2024
5	1168	982	981	2025
5	1192	1013	1012	2026
5	1021	830	1020	2027
5	1201	982	1168	2028
5	1022	831	1021	2029
5	1015	827	826	2030
5	1016	733	827	2031
5	1046	894	893	2032
5	1016	827	1015	2033
5	1212	1034	950	2034
5	1128	936	1127	2035
5	1135	944	1046	2036
5	1018	828	1017	2037
5	1106	1101	909	2038
5	1019	851	651	2039
5	1076	941	851	2040
5	1212	1035	1034	2041
5	1415	1056	1253	2042
5	1163	975	1162	2043
5	1349	1203	1348	2044
5	1022	860	694	2045
5	1091	866	1055	2046
5	1055	866	912	2047
5	1192	1012	1191	2048
5	1024	832	1023	2049
5	1164	977	882	2050
5	1026	690	834	2051
5	1184	1006	978	2052
5	1103	900	1062	2053
5	1179	996	995	2054
5	1105	882	907	2055
5	1072	899	1000	2056
5	1028	836	1027	2057
5	1180	998	997	2058
5	1029	837	1028	2059
5	1105	907	1104	2060
5	1030	838	1029	2061
5	1103	906	900	2062
5	1188	1010	1009	2063
5	1031	983	789	2064
5	1031	789	841	2065
5	1033	841	840	2066
5	1033	1031	841	2067
5	1355	1211	1210	2068
5	1517	1470	1397	2069
5	1076	851	1019	2070
5	1035	842	1034	2071
5	1118	926	925	2072
5	1036	843	1035	2073
5	1066	869	931	2074
5	1037	844	1036	2075
5	1085	1065	855	2076
5	1122	929	1121	2077
5	1136	947	946	2078
5	1039	845	1038	2079
5	1214	1038	966	2080
5	1040	846	1039	2081
5	1149	959	1052	2082
5	1216	1040	1039	2083
5	1050	892	913	2084
5	1422	1270	1246	2085
5	1042	863	849	2086
5	1044	659	867	2087
5	1436	1289	1260	2088
5	1122	916	929	2089
5	1256	691	1044	2090
5	1080	658	691	2091
5	1045	1041	895	2092
5	1045	895	897	2093
5	1101	893	891	2094
5	1106	1037	1213	2095
5	1047	946	848	2096
5	1273	1051	1110	2097
5	1048	1045	897	2098
5	1048	897	861	2099
5	1049	910	850	2100
5	1326	1073	1181	2101
5	1089	861	892	2102
5	1089	1048	861	2103
5	1143	923	954	2104
5	1079	848	873	2105
5	1132	940	1131	2106
5	1290	1126	1125	2107
5	1053	979	881	2108
5	1190	1053	881	2109
5	1054	902	860	2110
5	1200	1088	1022	2111
5	1108	911	1107	2112
5	1270	1050	1246	2113
5	1102	864	1091	2114
5	1102	901	864	2115
5	1058	698	1057	2116
5	1058	724	698	2117
5	1082	914	724	2118
5	1258	1057	1059	2119
5	1059	1057	663	2120
5	1059	663	852	2121
5	1246	1050	1060	2122
5	1345	1200	1344	2123
5	1356	1243	1212	2124
5	1124	896	1064	2125
5	1405	1310	1376	2126
5	1077	1062	905	2127
5	1064	896	883	2128
5	1294	1133	1223	2129
5	1443	1295	1377	2130
5	1134	917	943	2131
5	1193	1015	1014	2132
5	1338	1195	1194	2133
5	1111	920	919	2134
5	1066	1014	869	2135
5	1067	935	872	2136
5	1148	1067	872	2137
5	1097	887	1078	2138
5	1081	1049	850	2139
5	1210	1032	1070	2140
5	1211	1031	1033	2141
5	1210	1033	1032	2142
5	1211	1069	1031	2143
5	1249	1079	1248	2144
5	1157	967	1075	2145
5	1312	1160	1311	2146
5	1072	1000	1071	2147
5	1071	1001	877	2148
5	1182	1004	1003	2149
5	1181	998	1180	2150
5	1074	994	993	2151
5	1072	1075	858	2152
5	1378	1232	1353	2153
5	1139	950	949	2154
5	1127	936	935	2155
5	1158	970	1157	2156
5	1208	1029	1028	2157
5	1323	1074	1322	2158
5	1239	1097	1224	2159
5	1141	952	1140	2160
5	1231	1041	1045	2161
5	1550	1367	1265	2162
5	1754	1607	1753	2163
5	1126	933	1125	2164
5	1197	1018	1017	2165
5	1267	914	1082	2166
5	1281	1235	1055	2167
5	1289	1064	1260	2168
5	1233	867	1092	2169
5	1268	727	1084	2170
5	1084	727	668	2171
5	1112	920	1111	2172
5	1563	1452	1533	2173
5	1411	1259	1375	2174
5	1115	873	924	2175
5	1087	1060	859	2176
5	1087	859	847	2177
5	1088	1054	860	2178
5	1088	860	1022	2179
5	1449	1304	1448	2180
5	1303	1116	1143	2181
5	1099	879	878	2182
5	1099	1070	879	2183
5	1277	1103	1062	2184
5	1072	858	899	2185
5	1233	1044	867	2186
5	1222	868	1083	2187
5	1093	1092	661	2188
5	1093	661	868	2189
5	1110	915	871	2190
5	1270	1089	1050	2191
5	1144	955	964	2192
5	1145	956	955	2193
5	1096	1095	965	2194
5	1096	965	875	2195
5	1097	1081	876	2196
5	1097	876	887	2197
5	1098	1071	877	2198
5	1098	877	918	2199
5	1354	1070	1275	2200
5	1318	1172	1171	2201
5	1100	1064	883	2202
5	1100	883	917	2203
5	1262	1075	1072	2204
5	1382	1351	1350	2205
5	1179	994	1074	2206
5	1074	993	880	2207
5	1352	1207	1206	2208
5	1164	882	1105	2209
5	1322	1178	1316	2210
5	1165	977	1164	2211
5	1276	1071	1272	2212
5	1184	978	1165	2213
5	1106	909	908	2214
5	1357	1213	1243	2215
5	1108	912	911	2216
5	1107	911	902	2217
5	1721	1375	1577	2218
5	1383	1234	1254	2219
5	1109	1087	847	2220
5	1109	847	914	2221
5	1384	1220	1369	2222
5	1269	1086	1230	2223
5	1112	885	920	2224
5	1114	922	921	2225
5	1284	1117	1114	2226
5	1113	885	1112	2227
5	1338	1194	1193	2228
5	1114	921	1113	2229
5	1339	1283	1111	2230
5	1117	922	1114	2231
5	1385	1247	1306	2232
5	1141	953	952	2233
5	1116	1115	924	2234
5	1116	924	923	2235
5	1242	1065	1085	2236
5	1118	925	1117	2237
5	1389	1223	1237	2238
5	1119	926	1118	2239
5	1292	1130	1291	2240
5	1120	927	1119	2241
5	1439	1416	1288	2242
5	1255	1043	1122	2243
5	1130	938	1129	2244
5	1122	1043	916	2245
5	1433	1380	1286	2246
5	1589	1438	1510	2247
5	1123	931	930	2248
5	1193	1014	1066	2249
5	1286	1118	1117	2250
5	1287	1119	1286	2251
5	1126	934	933	2252
5	1197	1076	1019	2253
5	1295	1123	1135	2254
5	1196	934	1126	2255
5	1128	874	936	2256
5	1128	1125	874	2257
5	1452	1357	1387	2258
5	1450	1293	1446	2259
5	1130	928	938	2260
5	1129	938	937	2261
5	1337	1066	1296	2262
5	1435	1386	1241	2263
5	1132	870	940	2264
5	1132	1052	870	2265
5	1360	1216	1359	2266
5	1240	1144	1095	2267
5	1134	1100	917	2268
5	1133	943	942	2269
5	1511	1222	1420	2270
5	1953	1664	1706	2271
5	1285	1248	1115	2272
5	1245	1052	1293	2273
5	1137	948	947	2274
5	1138	939	948	2275
5	1293	1132	1131	2276
5	1138	948	1137	2277
5	1307	1152	1151	2278
5	1298	1131	1138	2279
5	1299	1076	1238	2280
5	1213	1037	1036	2281
5	1143	954	1142	2282
5	1142	953	1141	2283
5	1300	1141	1140	2284
5	1143	1116	923	2285
5	1557	1381	1552	2286
5	1297	1138	1137	2287
5	1365	1302	1301	2288
5	1586	1525	1380	2289
5	1240	1095	1096	2290
5	1147	958	957	2291
5	1308	1214	1153	2292
5	1245	1150	1149	2293
5	1304	1145	1144	2294
5	1147	957	1146	2295
5	1359	1214	1308	2296
5	1148	958	1147	2297
5	1360	1240	1096	2298
5	1411	1246	1259	2299
5	1150	961	960	2300
5	1152	963	962	2301
5	1305	1146	1304	2302
5	1153	963	1152	2303
5	1305	1148	1147	2304
5	1214	966	1153	2305
5	1359	1216	1215	2306
5	1215	1039	1038	2307
5	1306	1067	1148	2308
5	1307	1151	1150	2309
5	1155	969	968	2310
5	1156	1090	862	2311
5	1515	1080	1256	2312
5	1156	969	1155	2313
5	1899	1755	1754	2314
5	1274	1090	1226	2315
5	1158	971	970	2316
5	1209	1030	1029	2317
5	1232	1062	1077	2318
5	1159	971	1158	2319
5	1259	1060	1087	2320
5	1160	972	1159	2321
5	1329	1272	1098	2322
5	1161	973	1160	2323
5	1348	1203	1202	2324
5	1206	974	1161	2325
5	1163	976	975	2326
5	1199	1021	1020	2327
5	1333	1190	1189	2328
5	1200	1021	1199	2329
5	1277	1104	1103	2330
5	1185	1006	1184	2331
5	1346	1168	1315	2332
5	1186	1008	1007	2333
5	1167	981	980	2334
5	1201	1023	982	2335
5	1315	1168	1167	2336
5	1202	1023	1201	2337
5	1336	1192	1191	2338
5	1203	1024	1202	2339
5	1170	985	984	2340
5	1274	1099	1090	2341
5	1746	1600	1570	2342
5	1173	986	1172	2343
5	1462	1459	1321	2344
5	1174	987	1173	2345
5	1641	1426	1583	2346
5	1175	988	1174	2347
5	1239	1081	1097	2348
5	1176	990	898	2349
5	1355	1210	1354	2350
5	1176	898	989	2351
5	1252	1069	1211	2352
5	1317	1169	1252	2353
5	1317	1171	1170	2354
5	1177	990	1176	2355
5	1252	1169	1069	2356
5	1178	992	991	2357
5	1464	1322	1463	2358
5	1180	997	996	2359
5	1311	1159	1158	2360
5	1181	999	998	2361
5	1272	1071	1098	2362
5	1329	1098	1183	2363
5	1325	1181	1180	2364
5	1316	1178	1177	2365
5	1317	1170	1169	2366
5	1183	1005	1004	2367
5	1276	1072	1071	2368
5	1328	1183	1182	2369
5	1343	1198	1342	2370
5	1259	1246	1060	2371
5	1351	1313	1162	2372
5	1186	1007	1185	2373
5	1331	1186	1330	2374
5	1187	1008	1186	2375
5	1330	1185	1184	2376
5	1188	1009	1187	2377
5	1277	1062	1232	2378
5	1189	1010	1188	2379
5	1620	1456	1475	2380
5	1190	1011	1189	2381
5	1342	1192	1336	2382
5	1330	1186	1185	2383
5	1351	1162	1205	2384
5	1374	1253	1225	2385
5	1280	1107	1234	2386
5	1198	1013	1192	2387
5	1284	1114	1113	2388
5	1194	1015	1193	2389
5	1291	1129	1241	2390
5	1195	1016	1194	2391
5	1241	1129	1065	2392
5	1287	1120	1119	2393
5	1284	1113	1283	2394
5	1197	1019	1018	2395
5	1295	1135	1261	2396
5	1358	1106	1357	2397
5	1234	1107	1054	2398
5	1200	1022	1021	2399
5	1345	1254	1088	2400
5	1344	1199	1343	2401
5	1342	1198	1192	2402
5	1313	1163	1162	2403
5	1335	1191	1163	2404
5	1204	1026	1025	2405
5	1349	1204	1203	2406
5	1350	1205	1204	2407
5	1492	1312	1311	2408
5	1204	1025	1203	2409
5	1263	1157	1075	2410
5	1205	1026	1204	2411
5	1278	1164	1105	2412
5	1346	1201	1168	2413
5	1323	1179	1074	2414
5	1207	1027	1206	2415
5	1314	1184	1165	2416
5	1208	1028	1207	2417
5	1263	1158	1157	2418
5	1209	1077	1030	2419
5	1353	1209	1208	2420
5	1232	1077	1209	2421
5	1319	1175	1174	2422
5	1211	1033	1210	2423
5	1321	1316	1177	2424
5	1324	1179	1323	2425
5	1478	1296	1443	2426
5	1213	1036	1035	2427
5	1370	1282	1236	2428
5	1243	1213	1212	2429
5	1654	1531	1581	2430
5	1215	1038	1214	2431
5	1285	1115	1116	2432
5	1216	1039	1215	2433
5	1384	1231	1220	2434
5	1217	1040	1216	2435
5	1306	1247	1067	2436
5	1247	1127	1067	2437
5	1218	1084	668	2438
5	1218	668	517	2439
5	1521	1233	1367	2440
5	1219	886	507	2441
5	1271	1048	1089	2442
5	1271	1089	1270	2443
5	1403	1082	1059	2444
5	1403	1267	1082	2445
5	1264	1078	1068	2446
5	1260	1064	1100	2447
5	1223	1133	1063	2448
5	1514	1404	1416	2449
5	1224	1097	1078	2450
5	1562	1428	1538	2451
5	1225	1102	1091	2452
5	1235	1225	1091	2453
5	1495	1275	1426	2454
5	1309	1155	1154	2455
5	1420	1083	1268	2456
5	1519	1227	1518	2457
5	1436	1260	1417	2458
5	1439	1292	1438	2459
5	1423	1369	1271	2460
5	1423	1270	1422	2461
5	1236	1041	1231	2462
5	1558	1391	1557	2463
5	1236	1094	1041	2464
5	1273	1230	1051	2465
5	1319	1173	1318	2466
5	1278	1104	1277	2467
5	1684	1662	1401	2468
5	1265	1092	1093	2469
5	1235	1091	1055	2470
5	1476	1313	1382	2471
5	1281	1108	1280	2472
5	1628	1482	1627	2473
5	1365	1303	1302	2474
5	1647	1499	1646	2475
5	1237	1223	1063	2476
5	1237	1063	1043	2477
5	1340	1196	1126	2478
5	1290	1125	1128	2479
5	1251	1154	1049	2480
5	1309	1154	1251	2481
5	1399	1279	1358	2482
5	1247	1128	1127	2483
5	1292	1288	1121	2484
5	1255	1237	1043	2485
5	1242	1120	1287	2486
5	1242	1241	1065	2487
5	1356	1139	1299	2488
5	1261	1135	1046	2489
5	1244	1136	1047	2490
5	1248	1079	1115	2491
5	1293	1052	1132	2492
5	1307	1150	1245	2493
5	1375	1259	1229	2494
5	1391	1230	1381	2495
5	1304	1146	1145	2496
5	1305	1147	1146	2497
5	1249	1047	1079	2498
5	1249	1244	1047	2499
5	1447	1301	1300	2500
5	1568	1412	1564	2501
5	1315	1167	1250	2502
5	1250	1167	1166	2503
5	1559	1402	1080	2504
5	1426	1274	1396	2505
5	1275	1099	1274	2506
5	1319	1174	1173	2507
5	1419	1109	1267	2508
5	1419	1229	1109	2509
5	1254	1234	1054	2510
5	1254	1054	1088	2511
5	1573	1407	1565	2512
5	1438	1291	1386	2513
5	1379	1042	1266	2514
5	1256	1080	691	2515
5	1257	1251	1049	2516
5	1257	1049	1081	2517
5	1258	1082	1058	2518
5	1258	1058	1057	2519
5	1347	1202	1201	2520
5	1330	1184	1314	2521
5	1518	1227	1368	2522
5	1390	1294	1223	2523
5	1622	1443	1526	2524
5	1358	1101	1106	2525
5	1496	1457	1252	2526
5	1263	1075	1262	2527
5	1312	1206	1161	2528
5	1311	1158	1263	2529
5	1527	1368	1061	2530
5	1687	1512	1513	2531
5	1367	1233	1092	2532
5	1266	1042	849	2533
5	1460	1319	1318	2534
5	1664	1518	1368	2535
5	1415	1221	1056	2536
5	1548	1374	1408	2537
5	1530	1268	1084	2538
5	1268	1083	727	2539
5	1391	1269	1230	2540
5	1300	1140	1269	2541
5	1663	1415	1571	2542
5	1271	1220	1048	2543
5	1447	1300	1392	2544
5	1392	1300	1269	2545
5	1276	1262	1072	2546
5	1640	1494	1493	2547
5	1413	1249	1412	2548
5	1381	1230	1273	2549
5	1275	1070	1099	2550
5	1354	1210	1070	2551
5	1460	1318	1458	2552
5	1355	1252	1211	2553
5	1469	1429	1328	2554
5	1464	1323	1322	2555
5	1428	1232	1378	2556
5	1332	1189	1188	2557
5	1250	1166	1053	2558
5	1455	1311	1263	2559
5	1279	1261	1046	2560
5	1279	1046	1101	2561
5	1281	1055	1108	2562
5	1280	1108	1107	2563
5	1431	1281	1430	2564
5	1572	1419	1267	2565
5	1282	1273	1110	2566
5	1282	1110	1094	2567
5	1296	1123	1295	2568
5	1296	1066	1123	2569
5	1301	1141	1300	2570
5	1242	1085	1120	2571
5	1647	1500	1499	2572
5	1286	1119	1118	2573
5	1444	1297	1244	2574
5	1387	1357	1243	2575
5	1443	1296	1295	2576
5	1380	1287	1286	2577
5	1288	1255	1122	2578
5	1288	1122	1121	2579
5	1723	1688	1417	2580
5	1512	1289	1436	2581
5	1437	1247	1385	2582
5	1341	1197	1196	2583
5	1292	1121	1130	2584
5	1291	1130	1129	2585
5	1390	1223	1389	2586
5	1386	1291	1241	2587
5	1297	1137	1136	2588
5	1625	1437	1534	2589
5	1294	1228	1134	2590
5	1294	1134	1133	2591
5	1437	1290	1247	2592
5	1337	1193	1066	2593
5	1441	1338	1337	2594
5	1338	1193	1337	2595
5	1400	1248	1285	2596
5	1298	1138	1297	2597
5	1450	1245	1293	2598
5	1412	1248	1400	2599
5	1356	1212	1139	2600
5	1299	1139	1076	2601
5	1301	1142	1141	2602
5	1302	1143	1142	2603
5	1392	1269	1391	2604
5	1302	1142	1301	2605
5	1303	1285	1116	2606
5	1303	1143	1302	2607
5	1359	1215	1214	2608
5	1245	1149	1052	2609
5	1502	1448	1240	2610
5	1388	1299	1238	2611
5	1480	1290	1437	2612
5	1306	1148	1305	2613
5	1421	1303	1365	2614
5	1448	1304	1240	2615
5	1444	1244	1413	2616
5	1360	1096	1217	2617
5	1479	1432	1283	2618
5	1308	1153	1152	2619
5	1458	1318	1317	2620
5	1310	1155	1309	2621
5	1311	1160	1159	2622
5	1353	1208	1352	2623
5	1602	1455	1454	2624
5	1493	1352	1312	2625
5	1352	1206	1312	2626
5	1312	1161	1160	2627
5	1314	1164	1278	2628
5	1331	1188	1187	2629
5	1314	1165	1164	2630
5	1331	1187	1186	2631
5	1485	1345	1344	2632
5	1348	1202	1347	2633
5	1322	1074	1178	2634
5	1324	1180	1179	2635
5	1395	1224	1366	2636
5	1396	1274	1226	2637
5	2029	1881	2028	2638
5	1321	1176	1320	2639
5	1466	1325	1324	2640
5	1320	1175	1319	2641
5	1463	1322	1316	2642
5	1426	1275	1274	2643
5	1495	1355	1354	2644
5	1463	1316	1459	2645
5	1454	1263	1262	2646
5	1325	1180	1324	2647
5	1454	1262	1424	2648
5	1326	1181	1325	2649
5	1427	1272	1398	2650
5	1327	1182	1073	2651
5	1398	1272	1329	2652
5	1468	1327	1326	2653
5	1467	1326	1325	2654
5	1327	1073	1326	2655
5	1459	1316	1321	2656
5	1328	1182	1327	2657
5	1603	1457	1536	2658
5	1329	1183	1328	2659
5	1489	1347	1488	2660
5	1618	1471	1615	2661
5	1488	1347	1346	2662
5	1333	1189	1332	2663
5	1468	1326	1467	2664
5	1334	1053	1190	2665
5	1458	1317	1457	2666
5	1467	1325	1466	2667
5	1397	1278	1277	2668
5	1334	1190	1333	2669
5	1627	1477	1621	2670
5	1476	1335	1313	2671
5	1617	1475	1474	2672
5	1490	1349	1348	2673
5	1487	1315	1456	2674
5	1345	1088	1200	2675
5	1407	1294	1390	2676
5	1434	1287	1380	2677
5	1339	1195	1338	2678
5	1339	1111	1195	2679
5	1442	1338	1441	2680
5	1478	1441	1337	2681
5	1341	1238	1197	2682
5	1341	1196	1340	2683
5	1418	1261	1279	2684
5	1791	1645	1790	2685
5	1488	1346	1487	2686
5	1344	1200	1199	2687
5	1456	1315	1250	2688
5	1541	1383	1522	2689
5	1487	1346	1315	2690
5	1483	1343	1342	2691
5	1383	1373	1234	2692
5	1572	1267	1403	2693
5	1473	1332	1331	2694
5	1470	1278	1397	2695
5	1475	1456	1250	2696
5	1350	1204	1349	2697
5	1489	1348	1347	2698
5	1351	1205	1350	2699
5	1657	1549	1640	2700
5	1491	1382	1350	2701
5	1382	1313	1351	2702
5	1482	1336	1477	2703
5	1470	1314	1278	2704
5	1352	1208	1207	2705
5	1472	1330	1471	2706
5	1353	1232	1209	2707
5	1474	1333	1332	2708
5	1474	1334	1333	2709
5	1414	1251	1257	2710
5	1560	1516	1376	2711
5	1414	1257	1394	2712
5	1756	1609	1755	2713
5	1498	1387	1243	2714
5	1575	1377	1418	2715
5	1358	1279	1101	2716
5	1357	1106	1213	2717
5	1440	1385	1306	2718
5	1440	1306	1305	2719
5	1449	1440	1305	2720
5	1360	1217	1216	2721
5	1449	1305	1304	2722
5	1412	1249	1248	2723
5	1393	1256	1044	2724
5	1393	1044	1233	2725
5	1652	853	1504	2726
5	1420	1222	1083	2727
5	1363	1362	1218	2728
5	1363	1218	853	2729
5	1364	1266	849	2730
5	1544	849	685	2731
5	1413	1244	1249	2732
5	1446	1298	1445	2733
5	1545	1264	1361	2734
5	1406	1265	1093	2735
5	1658	1591	1592	2736
5	1544	720	1508	2737
5	1512	1372	1289	2738
5	1417	1260	1228	2739
5	1423	1271	1270	2740
5	1422	1246	1411	2741
5	1409	1231	1384	2742
5	1409	1236	1231	2743
5	1504	853	660	2744
5	1505	746	888	2745
5	1578	1084	1362	2746
5	1372	1124	1289	2747
5	1373	1280	1234	2748
5	1484	1344	1343	2749
5	1581	1423	1580	2750
5	1431	1408	1235	2751
5	1630	1485	1484	2752
5	1630	1484	1629	2753
5	1376	1310	1309	2754
5	1453	1309	1251	2755
5	1377	1295	1261	2756
5	1418	1377	1261	2757
5	1636	1491	1490	2758
5	1494	1352	1493	2759
5	1511	1406	1222	2760
5	1555	1404	1514	2761
5	1433	1284	1432	2762
5	1710	1555	1709	2763
5	1552	1425	1520	2764
5	1872	1727	1845	2765
5	1627	1482	1477	2766
5	1483	1342	1482	2767
5	1477	1335	1476	2768
5	1482	1342	1336	2769
5	1409	1370	1236	2770
5	1552	1381	1425	2771
5	1540	1410	1481	2772
5	1645	1387	1498	2773
5	1435	1242	1434	2774
5	1573	1417	1407	2775
5	1497	1299	1388	2776
5	1788	1543	1703	2777
5	1497	1356	1299	2778
5	1498	1243	1356	2779
5	1587	1434	1525	2780
5	1722	1573	1565	2781
5	1586	1433	1585	2782
5	1417	1228	1407	2783
5	1595	1392	1558	2784
5	1447	1365	1301	2785
5	1843	1670	1842	2786
5	1568	1413	1412	2787
5	1503	1401	1402	2788
5	1852	1707	1528	2789
5	1561	1405	1516	2790
5	1453	1251	1414	2791
5	1395	1394	1239	2792
5	1395	1239	1224	2793
5	1876	1731	1676	2794
5	1457	1317	1252	2795
5	1635	1490	1489	2796
5	1634	1488	1633	2797
5	1424	1262	1276	2798
5	1494	1353	1352	2799
5	1624	1432	1479	2800
5	1418	1279	1399	2801
5	1564	1400	1421	2802
5	1446	1293	1298	2803
5	1844	1689	1559	2804
5	1401	886	1219	2805
5	1402	1401	1219	2806
5	1402	1219	1080	2807
5	1403	1059	1221	2808
5	1801	1667	1548	2809
5	1404	1389	1237	2810
5	1404	1237	1255	2811
5	1405	1396	1226	2812
5	1405	1226	1310	2813
5	1706	1368	1527	2814
5	1665	1363	1652	2815
5	1525	1434	1380	2816
5	1590	1514	1416	2817
5	1408	1374	1225	2818
5	1408	1225	1235	2819
5	1593	1445	1444	2820
5	1596	1365	1447	2821
5	1410	1388	1238	2822
5	1410	1238	1341	2823
5	1571	1415	1253	2824
5	1553	1520	1370	2825
5	1595	1447	1392	2826
5	1569	1444	1413	2827
5	1792	1646	1599	2828
5	1534	1437	1385	2829
5	1608	1463	1607	2830
5	1453	1376	1309	2831
5	1571	1253	1374	2832
5	1576	1221	1415	2833
5	1416	1404	1255	2834
5	1416	1255	1288	2835
5	1556	1389	1555	2836
5	1521	1393	1233	2837
5	1586	1380	1433	2838
5	1767	1591	1658	2839
5	1802	1663	1571	2840
5	1702	1509	1541	2841
5	1668	1578	1362	2842
5	1669	1528	1364	2843
5	1421	1400	1285	2844
5	1421	1285	1303	2845
5	1531	1384	1369	2846
5	1581	1369	1423	2847
5	1579	1422	1411	2848
5	1670	1566	1531	2849
5	1582	1427	1532	2850
5	1538	1428	1378	2851
5	1425	1381	1273	2852
5	1425	1273	1282	2853
5	1536	1457	1496	2854
5	1642	1536	1496	2855
5	1427	1424	1276	2856
5	1427	1276	1272	2857
5	1428	1397	1277	2858
5	1428	1277	1232	2859
5	1429	1398	1329	2860
5	1429	1329	1328	2861
5	1431	1235	1281	2862
5	1430	1281	1280	2863
5	1580	1422	1579	2864
5	1548	1408	1507	2865
5	1433	1286	1284	2866
5	1432	1284	1283	2867
5	1768	1623	1767	2868
5	1770	1625	1672	2869
5	1435	1241	1242	2870
5	1434	1242	1287	2871
5	1555	1389	1404	2872
5	1565	1407	1390	2873
5	1542	1394	1395	2874
5	1565	1390	1556	2875
5	1480	1340	1290	2876
5	1481	1341	1340	2877
5	1439	1288	1292	2878
5	1438	1292	1291	2879
5	1803	1709	1739	2880
5	1738	1589	1673	2881
5	1445	1297	1444	2882
5	1500	1359	1308	2883
5	1442	1339	1338	2884
5	1479	1283	1339	2885
5	1591	1442	1441	2886
5	1479	1339	1442	2887
5	1478	1337	1296	2888
5	1598	1449	1597	2889
5	1445	1298	1297	2890
5	1501	1360	1359	2891
5	1646	1451	1599	2892
5	1499	1307	1451	2893
5	1599	1451	1450	2894
5	1500	1308	1499	2895
5	1580	1423	1422	2896
5	1577	1229	1419	2897
5	1451	1245	1450	2898
5	1499	1308	1307	2899
5	1794	1647	1793	2900
5	1804	1716	1791	2901
5	1451	1307	1245	2902
5	1501	1359	1500	2903
5	1599	1450	1523	2904
5	1543	1410	1540	2905
5	1452	1399	1358	2906
5	1452	1358	1357	2907
5	1676	1516	1656	2908
5	1608	1464	1463	2909
5	1562	1517	1397	2910
5	1455	1263	1454	2911
5	1607	1463	1459	2912
5	1492	1311	1455	2913
5	1471	1314	1470	2914
5	1471	1330	1314	2915
5	1495	1354	1275	2916
5	1496	1252	1355	2917
5	1561	1396	1405	2918
5	1604	1460	1537	2919
5	1461	1319	1460	2920
5	1465	1324	1323	2921
5	1461	1320	1319	2922
5	1462	1321	1320	2923
5	1609	1465	1464	2924
5	1462	1320	1461	2925
5	1607	1459	1606	2926
5	1676	1561	1516	2927
5	1611	1467	1466	2928
5	1613	1469	1468	2929
5	1612	1467	1611	2930
5	1465	1323	1464	2931
5	1610	1466	1465	2932
5	1466	1324	1465	2933
5	1606	1462	1605	2934
5	1469	1327	1468	2935
5	1605	1461	1604	2936
5	1469	1328	1327	2937
5	1537	1460	1458	2938
5	1750	1537	1699	2939
5	1640	1493	1639	2940
5	1757	1611	1610	2941
5	1473	1331	1472	2942
5	1472	1331	1330	2943
5	1615	1470	1517	2944
5	1617	1474	1616	2945
5	1636	1490	1635	2946
5	1474	1332	1473	2947
5	1762	1617	1616	2948
5	1582	1424	1427	2949
5	1475	1334	1474	2950
5	1475	1250	1334	2951
5	1606	1459	1462	2952
5	1605	1462	1461	2953
5	1477	1336	1335	2954
5	1486	1345	1485	2955
5	1751	1605	1604	2956
5	1621	1476	1539	2957
5	2080	1934	2079	2958
5	1585	1433	1432	2959
5	1588	1386	1435	2960
5	1650	1448	1502	2961
5	1481	1410	1341	2962
5	1481	1340	1480	2963
5	1543	1388	1410	2964
5	1648	1501	1500	2965
5	1484	1343	1483	2966
5	1485	1344	1484	2967
5	1629	1483	1628	2968
5	1631	1486	1485	2969
5	1628	1483	1482	2970
5	1486	1254	1345	2971
5	1774	1629	1628	2972
5	1486	1383	1254	2973
5	1780	1636	1635	2974
5	1634	1489	1488	2975
5	1562	1397	1428	2976
5	1490	1348	1489	2977
5	1633	1488	1487	2978
5	1491	1350	1349	2979
5	1633	1487	1632	2980
5	1615	1471	1470	2981
5	1752	1606	1605	2982
5	1491	1349	1490	2983
5	1773	1627	1772	2984
5	1621	1477	1476	2985
5	1760	1614	1613	2986
5	1493	1312	1492	2987
5	1601	1424	1582	2988
5	1494	1378	1353	2989
5	1860	1714	1700	2990
5	1616	1474	1473	2991
5	1570	1414	1394	2992
5	1496	1355	1495	2993
5	1807	1570	1653	2994
5	1786	1583	1731	2995
5	1533	1452	1387	2996
5	1498	1356	1497	2997
5	1645	1533	1387	2998
5	1643	1388	1543	2999
5	1649	1502	1501	3000
5	1502	1240	1360	3001
5	1648	1500	1647	3002
5	1569	1413	1568	3003
5	1558	1392	1391	3004
5	1502	1360	1501	3005
5	1524	1421	1365	3006
5	1564	1421	1524	3007
5	1814	1551	1696	3008
5	1515	1256	1393	3009
5	1519	1371	1227	3010
5	1849	1706	1687	3011
5	1505	1504	660	3012
5	1505	660	746	3013
5	1506	1068	863	3014
5	1506	1042	1379	3015
5	1584	1507	1431	3016
5	1541	1509	1373	3017
5	1809	1508	1662	3018
5	1546	1366	1545	3019
5	1584	1431	1430	3020
5	1509	1430	1373	3021
5	1510	1438	1386	3022
5	1588	1510	1386	3023
5	1685	1379	1529	3024
5	1556	1390	1389	3025
5	1810	1504	1505	3026
5	1687	1372	1512	3027
5	1513	1512	1436	3028
5	2136	1943	1816	3029
5	1590	1439	1589	3030
5	1735	1587	1525	3031
5	1559	1080	1515	3032
5	1689	1402	1559	3033
5	1516	1405	1376	3034
5	1867	1688	1723	3035
5	1997	1852	1669	3036
5	1506	1361	1068	3037
5	1695	1521	1367	3038
5	1691	1515	1393	3039
5	1956	1695	1853	3040
5	1951	1693	1848	3041
5	1520	1425	1370	3042
5	1812	1713	1743	3043
5	1948	1817	1818	3044
5	1578	1530	1084	3045
5	1541	1373	1383	3046
5	1522	1383	1486	3047
5	1523	1450	1446	3048
5	1594	1523	1446	3049
5	1593	1444	1569	3050
5	1564	1412	1400	3051
5	1587	1435	1434	3052
5	1588	1435	1587	3053
5	1526	1443	1377	3054
5	1575	1526	1377	3055
5	1527	932	1124	3056
5	1547	1362	1363	3057
5	1529	1266	1528	3058
5	1529	1379	1266	3059
5	1941	1692	1940	3060
5	1690	1361	1506	3061
5	1698	1420	1530	3062
5	1530	1420	1268	3063
5	1553	1370	1409	3064
5	1566	1384	1531	3065
5	1532	1427	1398	3066
5	1614	1535	1429	3067
5	1563	1399	1452	3068
5	1574	1418	1399	3069
5	1626	1540	1481	3070
5	1643	1497	1388	3071
5	1535	1532	1398	3072
5	1535	1398	1429	3073
5	1583	1396	1561	3074
5	1642	1496	1495	3075
5	1751	1604	1750	3076
5	1901	1756	1900	3077
5	1700	1538	1549	3078
5	1639	1493	1492	3079
5	1539	1476	1382	3080
5	1637	1382	1491	3081
5	1626	1480	1625	3082
5	1644	1498	1497	3083
5	1774	1628	1773	3084
5	1909	1765	1908	3085
5	1560	1376	1453	3086
5	1570	1394	1542	3087
5	1703	1543	1540	3088
5	1788	1643	1543	3089
5	1809	1364	1544	3090
5	1544	1364	849	3091
5	1858	1710	1709	3092
5	1545	1366	1264	3093
5	1817	1704	1705	3094
5	1818	1366	1546	3095
5	1527	1124	1372	3096
5	1819	1521	1695	3097
5	1567	1411	1375	3098
5	1579	1411	1567	3099
5	1549	1538	1378	3100
5	1549	1378	1494	3101
5	1853	1550	1697	3102
5	1691	1393	1521	3103
5	1551	1550	1265	3104
5	1551	1265	1406	3105
5	1557	1391	1381	3106
5	1596	1447	1595	3107
5	1741	1594	1593	3108
5	1659	1552	1520	3109
5	1554	1534	1385	3110
5	1554	1385	1440	3111
5	1735	1525	1680	3112
5	1910	1820	1734	3113
5	1944	1910	1912	3114
5	1799	1573	1722	3115
5	2023	1875	1874	3116
5	1850	1694	1708	3117
5	1712	1557	1711	3118
5	1711	1557	1552	3119
5	1660	1559	1515	3120
5	1691	1660	1515	3121
5	1600	1414	1570	3122
5	1656	1516	1560	3123
5	1583	1426	1396	3124
5	1641	1495	1426	3125
5	1824	1766	1782	3126
5	1900	1755	1899	3127
5	1770	1626	1625	3128
5	1574	1399	1563	3129
5	1822	1567	1721	3130
5	1729	1580	1579	3131
5	1680	1525	1586	3132
5	1736	1588	1587	3133
5	1566	1553	1409	3134
5	1566	1409	1384	3135
5	1720	1569	1568	3136
5	1718	1564	1524	3137
5	1719	1564	1718	3138
5	1594	1446	1445	3139
5	1742	1523	1594	3140
5	1712	1558	1557	3141
5	1600	1453	1414	3142
5	1600	1560	1453	3143
5	1577	1375	1229	3144
5	1701	1522	1681	3145
5	1822	1728	1567	3146
5	1576	1419	1572	3147
5	1688	1436	1417	3148
5	1826	1436	1688	3149
5	1797	1744	1597	3150
5	1575	1418	1574	3151
5	1675	1672	1534	3152
5	1882	1737	1736	3153
5	1576	1572	1403	3154
5	1576	1403	1221	3155
5	1727	1419	1576	3156
5	1667	1571	1374	3157
5	1945	1668	1547	3158
5	1668	1362	1547	3159
5	1775	1630	1629	3160
5	1720	1568	1719	3161
5	1887	1712	1711	3162
5	1581	1531	1369	3163
5	1713	1524	1596	3164
5	1670	1531	1654	3165
5	1601	1454	1424	3166
5	1638	1492	1455	3167
5	1807	1746	1570	3168
5	2072	1927	1876	3169
5	1727	1576	1663	3170
5	1729	1579	1728	3171
5	1623	1442	1591	3172
5	1624	1585	1432	3173
5	1820	1680	1734	3174
5	1930	1790	1789	3175
5	1829	1674	1742	3176
5	1716	1563	1533	3177
5	1830	1722	1565	3178
5	1717	1556	1710	3179
5	1590	1416	1439	3180
5	1589	1439	1438	3181
5	1709	1555	1514	3182
5	1880	1735	1680	3183
5	1623	1479	1442	3184
5	1624	1479	1623	3185
5	1592	1591	1441	3186
5	1592	1441	1478	3187
5	1932	1792	1839	3188
5	1594	1445	1593	3189
5	1793	1646	1792	3190
5	1745	1675	1554	3191
5	2012	1863	1958	3192
5	1596	1524	1365	3193
5	1741	1593	1740	3194
5	2078	1933	1932	3195
5	1598	1440	1449	3196
5	1597	1449	1448	3197
5	1890	1675	1745	3198
5	1724	1563	1716	3199
5	1646	1499	1451	3200
5	1649	1501	1648	3201
5	1876	1676	1800	3202
5	1891	1833	1747	3203
5	1748	1582	1678	3204
5	1602	1454	1601	3205
5	1784	1639	1638	3206
5	1638	1455	1602	3207
5	1603	1537	1458	3208
5	1603	1458	1457	3209
5	1677	1536	1661	3210
5	1612	1468	1467	3211
5	1759	1613	1612	3212
5	1753	1606	1752	3213
5	1758	1612	1611	3214
5	1609	1464	1608	3215
5	1677	1603	1536	3216
5	1610	1465	1609	3217
5	1755	1608	1754	3218
5	1613	1468	1612	3219
5	1785	1639	1784	3220
5	1749	1602	1601	3221
5	1761	1683	1535	3222
5	1611	1466	1610	3223
5	1759	1612	1758	3224
5	1614	1469	1613	3225
5	1755	1609	1608	3226
5	1614	1429	1469	3227
5	1699	1537	1603	3228
5	1841	1657	1785	3229
5	1904	1760	1759	3230
5	1678	1582	1532	3231
5	1619	1616	1473	3232
5	1620	1475	1617	3233
5	1619	1472	1618	3234
5	1632	1456	1620	3235
5	1781	1637	1636	3236
5	1632	1487	1456	3237
5	1619	1473	1472	3238
5	1618	1472	1471	3239
5	1753	1607	1606	3240
5	1715	1517	1562	3241
5	1777	1620	1765	3242
5	1682	1615	1679	3243
5	1775	1629	1774	3244
5	1631	1522	1486	3245
5	1622	1592	1478	3246
5	1622	1478	1443	3247
5	1767	1623	1591	3248
5	1769	1585	1624	3249
5	1768	1624	1623	3250
5	1989	1723	1799	3251
5	1626	1481	1480	3252
5	1625	1480	1437	3253
5	1937	1889	1744	3254
5	1725	1574	1724	3255
5	1702	1541	1701	3256
5	1629	1484	1483	3257
5	1681	1522	1631	3258
5	1921	1781	1780	3259
5	1776	1631	1630	3260
5	1778	1632	1777	3261
5	1772	1621	1766	3262
5	1631	1485	1630	3263
5	1879	1651	1733	3264
5	1732	1509	1702	3265
5	1773	1628	1627	3266
5	1635	1489	1634	3267
5	1682	1618	1615	3268
5	1765	1620	1617	3269
5	2099	1995	1957	3270
5	1637	1491	1636	3271
5	1772	1627	1621	3272
5	1637	1539	1382	3273
5	1779	1635	1634	3274
5	1781	1636	1780	3275
5	1765	1617	1762	3276
5	1777	1632	1620	3277
5	1908	1765	1762	3278
5	1639	1492	1638	3279
5	1679	1615	1517	3280
5	1640	1549	1494	3281
5	1763	1618	1682	3282
5	1700	1549	1657	3283
5	1661	1536	1642	3284
5	1642	1495	1641	3285
5	1699	1603	1677	3286
5	1787	1661	1642	3287
5	1934	1794	1933	3288
5	1644	1497	1643	3289
5	1724	1574	1563	3290
5	1645	1498	1644	3291
5	1832	1771	1770	3292
5	1726	1575	1725	3293
5	1792	1599	1674	3294
5	1796	1649	1795	3295
5	1797	1650	1796	3296
5	1650	1502	1649	3297
5	1931	1791	1790	3298
5	1650	1597	1448	3299
5	1675	1534	1554	3300
5	1711	1552	1659	3301
5	1719	1568	1564	3302
5	1796	1650	1649	3303
5	1651	1548	1507	3304
5	1733	1651	1507	3305
5	1665	1547	1363	3306
5	1652	1363	853	3307
5	1653	1570	1542	3308
5	2093	1857	1983	3309
5	1730	1581	1580	3310
5	1728	1579	1567	3311
5	1655	1546	1545	3312
5	1655	1545	1361	3313
5	1747	1600	1746	3314
5	1747	1560	1600	3315
5	1860	1700	1806	3316
5	1785	1640	1639	3317
5	1726	1671	1526	3318
5	1725	1575	1574	3319
5	1855	1701	1681	3320
5	1694	1520	1553	3321
5	1684	1401	1503	3322
5	2127	1997	1977	3323
5	1731	1561	1676	3324
5	1787	1642	1641	3325
5	1662	1508	886	3326
5	1662	886	1401	3327
5	1802	1571	1667	3328
5	1663	1576	1415	3329
5	1811	1696	1511	3330
5	1707	1529	1528	3331
5	1810	1505	1371	3332
5	1810	1371	1686	3333
5	1666	1658	1592	3334
5	1666	1592	1622	3335
5	1845	1727	1663	3336
5	1721	1567	1375	3337
5	1808	1519	1692	3338
5	1693	1530	1578	3339
5	1690	1655	1361	3340
5	1950	1687	1513	3341
5	1694	1659	1520	3342
5	1708	1566	1670	3343
5	1671	1666	1622	3344
5	1671	1622	1526	3345
5	1672	1625	1534	3346
5	1836	1788	1703	3347
5	1673	1589	1510	3348
5	1737	1673	1510	3349
5	1674	1599	1523	3350
5	1742	1674	1523	3351
5	1745	1598	1744	3352
5	1795	1649	1648	3353
5	1731	1583	1561	3354
5	1786	1641	1583	3355
5	1897	1752	1896	3356
5	1899	1754	1898	3357
5	1748	1601	1582	3358
5	1783	1638	1602	3359
5	1714	1538	1700	3360
5	1715	1679	1517	3361
5	1737	1588	1736	3362
5	1736	1587	1735	3363
5	1701	1541	1522	3364
5	1733	1584	1732	3365
5	1903	1759	1758	3366
5	1897	1753	1752	3367
5	1683	1678	1532	3368
5	1683	1532	1535	3369
5	2152	1977	1809	3370
5	1809	1544	1508	3371
5	1692	1519	1518	3372
5	1951	1854	1693	3373
5	1798	1692	1518	3374
5	1945	1848	1668	3375
5	1706	1664	1368	3376
5	2157	1867	1989	3377
5	1717	1565	1556	3378
5	1710	1556	1555	3379
5	2003	1844	1660	3380
5	1689	1503	1402	3381
5	1690	1506	1379	3382
5	1690	1379	1685	3383
5	1698	1511	1420	3384
5	1695	1367	1550	3385
5	1808	1686	1519	3386
5	1954	1685	1813	3387
5	1696	1551	1406	3388
5	1696	1406	1511	3389
5	1955	1842	1873	3390
5	2026	1651	1879	3391
5	1819	1691	1521	3392
5	1851	1691	1819	3393
5	1811	1511	1698	3394
5	1852	1528	1669	3395
5	2004	1697	1814	3396
5	1697	1550	1551	3397
5	1698	1530	1693	3398
5	1814	1697	1551	3399
5	1750	1604	1537	3400
5	1752	1605	1751	3401
5	1714	1562	1538	3402
5	1715	1562	1714	3403
5	1733	1507	1584	3404
5	1732	1584	1509	3405
5	1856	1701	1855	3406
5	1917	1774	1916	3407
5	1771	1626	1770	3408
5	1871	1671	1726	3409
5	1857	1653	1542	3410
5	1704	1542	1395	3411
5	1705	1704	1395	3412
5	1705	1395	1366	3413
5	1706	1527	1372	3414
5	1706	1372	1687	3415
5	1798	1518	1664	3416
5	1813	1685	1529	3417
5	1708	1694	1553	3418
5	1708	1553	1566	3419
5	1739	1590	1738	3420
5	1739	1514	1590	3421
5	1866	1717	1710	3422
5	2087	1799	1991	3423
5	1743	1595	1712	3424
5	1718	1524	1713	3425
5	1932	1793	1792	3426
5	1712	1595	1558	3427
5	1743	1596	1595	3428
5	1865	1719	1864	3429
5	2056	1909	1908	3430
5	1908	1762	1838	3431
5	1861	1714	1860	3432
5	2053	1906	1905	3433
5	1789	1643	1788	3434
5	1790	1645	1644	3435
5	1799	1723	1573	3436
5	1723	1417	1573	3437
5	2034	1865	2013	3438
5	1740	1593	1569	3439
5	1913	1703	1771	3440
5	1740	1569	1720	3441
5	2196	2050	2195	3442
5	1885	1720	1865	3443
5	1801	1548	1651	3444
5	2007	1855	2006	3445
5	2015	1858	2014	3446
5	1813	1529	1707	3447
5	2088	1513	2016	3448
5	1867	1826	1688	3449
5	1868	1724	1716	3450
5	1726	1526	1575	3451
5	2032	1884	1835	3452
5	2030	1882	2029	3453
5	1870	1726	1725	3454
5	1871	1828	1671	3455
5	1998	1802	1972	3456
5	1727	1577	1419	3457
5	1873	1842	1654	3458
5	1730	1580	1729	3459
5	1823	1659	1694	3460
5	1730	1654	1581	3461
5	2002	1843	2001	3462
5	2160	2001	2089	3463
5	1902	1757	1901	3464
5	1846	1677	1661	3465
5	1877	1732	1702	3466
5	2025	1878	1877	3467
5	1855	1681	1837	3468
5	1845	1663	1802	3469
5	1734	1680	1586	3470
5	1734	1586	1585	3471
5	2028	1880	1964	3472
5	1737	1510	1588	3473
5	1884	1739	1738	3474
5	1883	1835	1673	3475
5	1880	1680	1820	3476
5	1821	1767	1658	3477
5	1739	1709	1514	3478
5	1738	1590	1589	3479
5	1858	1709	1803	3480
5	1830	1565	1717	3481
5	1831	1711	1659	3482
5	1831	1659	1823	3483
5	1874	1729	1728	3484
5	1742	1594	1741	3485
5	1839	1674	1829	3486
5	1743	1713	1596	3487
5	1935	1795	1934	3488
5	1863	1713	1812	3489
5	1745	1554	1598	3490
5	1744	1598	1597	3491
5	1839	1792	1674	3492
5	1933	1793	1932	3493
5	1747	1656	1560	3494
5	1896	1751	1895	3495
5	2016	1513	1826	3496
5	1928	1827	1787	3497
5	1896	1752	1751	3498
5	1749	1601	1748	3499
5	2071	1926	1925	3500
5	1783	1602	1749	3501
5	1895	1750	1894	3502
5	1898	1754	1753	3503
5	1894	1699	1815	3504
5	1754	1608	1607	3505
5	1895	1751	1750	3506
5	1756	1610	1609	3507
5	2240	1866	2100	3508
5	1846	1661	1827	3509
5	1927	1731	1876	3510
5	1757	1610	1756	3511
5	1928	1787	1786	3512
5	1760	1613	1759	3513
5	1892	1748	1678	3514
5	1924	1783	1749	3515
5	1834	1678	1683	3516
5	1758	1611	1757	3517
5	1905	1761	1760	3518
5	1761	1614	1760	3519
5	1902	1758	1757	3520
5	1761	1535	1614	3521
5	1898	1753	1897	3522
5	1894	1750	1699	3523
5	2090	2040	1962	3524
5	1841	1806	1657	3525
5	1764	1619	1763	3526
5	1764	1616	1619	3527
5	1764	1762	1616	3528
5	1763	1619	1618	3529
5	1906	1834	1683	3530
5	2009	1860	1963	3531
5	1838	1762	1764	3532
5	1779	1634	1633	3533
5	1766	1621	1539	3534
5	1782	1637	1781	3535
5	1964	1880	1820	3536
5	1769	1624	1768	3537
5	2170	2020	2169	3538
5	1769	1734	1585	3539
5	1805	1658	1666	3540
5	1821	1658	1805	3541
5	1771	1540	1626	3542
5	1771	1703	1540	3543
5	1966	1840	1890	3544
5	1937	1797	1936	3545
5	1918	1775	1917	3546
5	1914	1766	1824	3547
5	1856	1702	1701	3548
5	1776	1630	1775	3549
5	2063	1918	2062	3550
5	2059	1915	1914	3551
5	2197	2052	2051	3552
5	1776	1681	1631	3553
5	2064	1968	1919	3554
5	1919	1777	1909	3555
5	1778	1633	1632	3556
5	1779	1633	1778	3557
5	1922	1778	1919	3558
5	1837	1681	1776	3559
5	1782	1766	1539	3560
5	1780	1635	1779	3561
5	1918	1837	1776	3562
5	1782	1539	1637	3563
5	1907	1763	1825	3564
5	2059	1914	1967	3565
5	1878	1732	1877	3566
5	1914	1772	1766	3567
5	1926	1785	1784	3568
5	1784	1638	1783	3569
5	1825	1763	1682	3570
5	1785	1657	1640	3571
5	1862	1847	1679	3572
5	1920	1780	1779	3573
5	2072	1876	1946	3574
5	1787	1641	1786	3575
5	2093	2008	1857	3576
5	2133	1983	1817	3577
5	1789	1644	1643	3578
5	1791	1533	1645	3579
5	1869	1724	1868	3580
5	1790	1644	1789	3581
5	1911	1767	1821	3582
5	1791	1716	1533	3583
5	1884	1738	1835	3584
5	1868	1716	1804	3585
5	1793	1647	1646	3586
5	1794	1648	1647	3587
5	1929	1788	1836	3588
5	1832	1672	1840	3589
5	1864	1718	1863	3590
5	1795	1648	1794	3591
5	2082	1937	1936	3592
5	1797	1597	1650	3593
5	2081	1936	1935	3594
5	1865	1720	1719	3595
5	1863	1718	1713	3596
5	1840	1672	1675	3597
5	1954	1690	1685	3598
5	1816	1655	1690	3599
5	1866	1710	1858	3600
5	1835	1738	1673	3601
5	1800	1676	1656	3602
5	2193	2047	2192	3603
5	1873	1654	1730	3604
5	2174	2027	2025	3605
5	1972	1802	1667	3606
5	2095	1969	2036	3607
5	1884	1803	1739	3608
5	2033	2014	1803	3609
5	2228	2101	2110	3610
5	1929	1789	1788	3611
5	1985	1821	1960	3612
5	2096	1944	1959	3613
5	1806	1700	1657	3614
5	1988	1957	1825	3615
5	1891	1747	1746	3616
5	2074	1827	1928	3617
5	1854	1698	1693	3618
5	1854	1811	1698	3619
5	1977	1669	1809	3620
5	1809	1669	1364	3621
5	1978	1810	1686	3622
5	2147	1810	1978	3623
5	1942	1811	1854	3624
5	1979	1696	1811	3625
5	1888	1743	1712	3626
5	1842	1670	1654	3627
5	2128	1814	1979	3628
5	1853	1695	1550	3629
5	2416	2244	2415	3630
5	1982	1547	1665	3631
5	1815	1699	1677	3632
5	1827	1661	1787	3633
5	1952	1686	1808	3634
5	1984	1503	1939	3635
5	2084	1717	1866	3636
5	1857	1542	1704	3637
5	1818	1817	1705	3638
5	1818	1705	1366	3639
5	1939	1689	1844	3640
5	1844	1559	1660	3641
5	2316	2175	2121	3642
5	1911	1768	1767	3643
5	1910	1734	1769	3644
5	2169	2019	2168	3645
5	1879	1733	1878	3646
5	1998	1845	1802	3647
5	1888	1712	1887	3648
5	1887	1711	1831	3649
5	1923	1782	1781	3650
5	1923	1781	1921	3651
5	1995	1907	1957	3652
5	2345	2207	2206	3653
5	1989	1867	1723	3654
5	1826	1513	1436	3655
5	1846	1815	1677	3656
5	1990	1815	1846	3657
5	1828	1805	1666	3658
5	1828	1666	1671	3659
5	1886	1741	1740	3660
5	1885	1740	1720	3661
5	2084	1830	1717	3662
5	1991	1722	1830	3663
5	2301	2155	2173	3664
5	2026	1801	1651	3665
5	2168	2018	2091	3666
5	1931	1790	1930	3667
5	1833	1800	1656	3668
5	1833	1656	1747	3669
5	2050	1902	2049	3670
5	1892	1678	1834	3671
5	1881	1735	1880	3672
5	1881	1736	1735	3673
5	1832	1770	1672	3674
5	1974	1965	1804	3675
5	1915	1772	1914	3676
5	1916	1774	1773	3677
5	2068	1921	2065	3678
5	1909	1777	1765	3679
5	1936	1797	1796	3680
5	2078	1932	1938	3681
5	1890	1745	1889	3682
5	1935	1796	1795	3683
5	1893	1748	1892	3684
5	1925	1784	1783	3685
5	1843	1708	1670	3686
5	1850	1823	1694	3687
5	2037	1887	1831	3688
5	1850	1708	1843	3689
5	2131	1854	1951	3690
5	1939	1503	1689	3691
5	1987	1874	1728	3692
5	1872	1577	1727	3693
5	2044	1897	1896	3694
5	2047	1900	1899	3695
5	1847	1825	1682	3696
5	1847	1682	1679	3697
5	1848	1693	1578	3698
5	1848	1578	1668	3699
5	2041	1815	1990	3700
5	2295	2148	1980	3701
5	2182	2035	2181	3702
5	2001	1842	1955	3703
5	2305	2127	2152	3704
5	1851	1660	1691	3705
5	1979	1811	1942	3706
5	1979	1814	1696	3707
5	2104	1956	1853	3708
5	2105	1851	2005	3709
5	1941	1808	1692	3710
5	1943	1655	1816	3711
5	1972	1667	1801	3712
5	1877	1702	1856	3713
5	2371	2265	2425	3714
5	2025	1877	1961	3715
5	2151	1746	1807	3716
5	2106	1971	1891	3717
5	1940	1692	1798	3718
5	2270	1989	2087	3719
5	1859	1829	1742	3720
5	1859	1742	1741	3721
5	1861	1715	1714	3722
5	1862	1679	1715	3723
5	2069	1893	2040	3724
5	1862	1715	1861	3725
5	2165	2163	2011	3726
5	2349	2123	2236	3727
5	1864	1719	1718	3728
5	1886	1740	1885	3729
5	2287	2160	2286	3730
5	1969	1829	1859	3731
5	2114	2078	1938	3732
5	1886	1859	1741	3733
5	2031	1835	1883	3734
5	2015	1866	1858	3735
5	2135	1953	2086	3736
5	1950	1849	1687	3737
5	1869	1725	1724	3738
5	1870	1725	1869	3739
5	2225	2080	2224	3740
5	2020	1871	1870	3741
5	2175	2028	2121	3742
5	1871	1726	1870	3743
5	1975	1960	1805	3744
5	2058	1993	1913	3745
5	2022	1872	1999	3746
5	1872	1721	1577	3747
5	1875	1729	1874	3748
5	2116	2012	1958	3749
5	1875	1730	1729	3750
5	1875	1873	1730	3751
5	1992	1831	1823	3752
5	2001	1843	1842	3753
5	1927	1786	1731	3754
5	1928	1786	1927	3755
5	1878	1733	1732	3756
5	1999	1872	1845	3757
5	2006	1855	1837	3758
5	2234	1987	2145	3759
5	2055	1838	1995	3760
5	1987	1728	1822	3761
5	1883	1737	1882	3762
5	1882	1736	1881	3763
5	1974	1804	1931	3764
5	1883	1673	1737	3765
5	2299	2154	2153	3766
5	2360	2223	2282	3767
5	1975	1805	1828	3768
5	1986	1910	1944	3769
5	2141	1986	2098	3770
5	2029	1882	1881	3771
5	2108	1958	1973	3772
5	2012	1864	1863	3773
5	2204	2058	2203	3774
5	2222	2077	2076	3775
5	1995	1838	1907	3776
5	1888	1812	1743	3777
5	2160	2002	2001	3778
5	2116	1958	2108	3779
5	1890	1840	1675	3780
5	1889	1745	1744	3781
5	2076	1929	2075	3782
5	1993	1836	1913	3783
5	2179	2033	2113	3784
5	2245	2151	2008	3785
5	1893	1749	1748	3786
5	1926	1784	1925	3787
5	1988	1825	1847	3788
5	1924	1749	1893	3789
5	2043	1895	2042	3790
5	2042	1894	2041	3791
5	2049	1901	2048	3792
5	1900	1756	1755	3793
5	2047	1899	2046	3794
5	2073	1927	2072	3795
5	2119	1990	2000	3796
5	1901	1757	1756	3797
5	2073	1928	1927	3798
5	1905	1760	1904	3799
5	2041	1894	1815	3800
5	2043	1896	1895	3801
5	2042	1895	1894	3802
5	1903	1758	1902	3803
5	2052	1905	1904	3804
5	1904	1759	1903	3805
5	2048	1900	2047	3806
5	2045	1897	2044	3807
5	2045	1898	1897	3808
5	1906	1761	1905	3809
5	2215	2124	2071	3810
5	1906	1683	1761	3811
5	2192	2047	2046	3812
5	2009	1861	1860	3813
5	2194	2049	2048	3814
5	2040	1892	1962	3815
5	1907	1838	1764	3816
5	1907	1764	1763	3817
5	1921	1780	1920	3818
5	1919	1778	1777	3819
5	2011	1847	1862	3820
5	2342	2201	2260	3821
5	1912	1768	1911	3822
5	2280	2015	2178	3823
5	1912	1769	1768	3824
5	1912	1910	1769	3825
5	1913	1836	1703	3826
5	1913	1771	1832	3827
5	2018	1869	1868	3828
5	1965	1868	1804	3829
5	1915	1773	1772	3830
5	1917	1775	1774	3831
5	2122	2059	1967	3832
5	1916	1773	1915	3833
5	2208	2063	2062	3834
5	1918	1776	1775	3835
5	2007	1961	1856	3836
5	2007	1856	1855	3837
5	2064	1919	1909	3838
5	2062	1917	2061	3839
5	2050	1903	1902	3840
5	1963	1860	1806	3841
5	1968	1922	1919	3842
5	2063	2006	1837	3843
5	2211	2107	2065	3844
5	1923	1824	1782	3845
5	1922	1920	1779	3846
5	1922	1779	1778	3847
5	2066	1922	1968	3848
5	2207	2061	2206	3849
5	2040	1893	1892	3850
5	1925	1783	1924	3851
5	2213	2069	2040	3852
5	1926	1841	1785	3853
5	2051	1904	1903	3854
5	2044	1896	2043	3855
5	2046	1899	1898	3856
5	2049	1902	1901	3857
5	2117	1946	1970	3858
5	2028	1881	1880	3859
5	2079	1933	2078	3860
5	1930	1789	1929	3861
5	2058	1832	2057	3862
5	1931	1804	1791	3863
5	2057	1840	1966	3864
5	2283	2115	2142	3865
5	1933	1794	1793	3866
5	1934	1795	1794	3867
5	2238	2114	2125	3868
5	1936	1796	1935	3869
5	2077	1930	2076	3870
5	2081	1935	2080	3871
5	2035	1885	2034	3872
5	1937	1744	1797	3873
5	2111	2057	1966	3874
5	2037	1831	1992	3875
5	2036	1859	1886	3876
5	1969	1947	1829	3877
5	1938	1932	1839	3878
5	2126	1969	2095	3879
5	2146	1852	1997	3880
5	2152	1662	1684	3881
5	1943	1546	1655	3882
5	2239	2085	2129	3883
5	2245	2008	2093	3884
5	2128	2004	1814	3885
5	1956	1819	1695	3886
5	2104	2005	1956	3887
5	2129	1546	1943	3888
5	1991	1799	1722	3889
5	1985	1959	1911	3890
5	2224	2079	2223	3891
5	2131	1942	1854	3892
5	2132	1848	1945	3893
5	1946	1876	1800	3894
5	1983	1857	1704	3895
5	1947	1938	1839	3896
5	1947	1839	1829	3897
5	2241	2093	1983	3898
5	1983	1704	1817	3899
5	1949	1948	1818	3900
5	1949	1818	1546	3901
5	2086	1849	1950	3902
5	1953	1706	1849	3903
5	2293	2097	1940	3904
5	2134	1808	1941	3905
5	2149	1978	1952	3906
5	1978	1686	1952	3907
5	2135	1940	1798	3908
5	1953	1798	1664	3909
5	2550	2304	2380	3910
5	1954	1816	1690	3911
5	2024	1875	2023	3912
5	2024	1873	1875	3913
5	2103	1844	2003	3914
5	2097	1941	1940	3915
5	1957	1907	1825	3916
5	2243	2138	2163	3917
5	1958	1863	1812	3918
5	2038	1888	1887	3919
5	1959	1944	1912	3920
5	1959	1912	1911	3921
5	1985	1911	1821	3922
5	1960	1821	1805	3923
5	1961	1877	1856	3924
5	2144	2026	1879	3925
5	1962	1892	1834	3926
5	2054	1962	1834	3927
5	2199	2053	2198	3928
5	2070	1925	1924	3929
5	2177	2030	2176	3930
5	2112	2032	2031	3931
5	2021	1975	1828	3932
5	2018	1868	1965	3933
5	2220	1993	2204	3934
5	2083	1937	2082	3935
5	1967	1914	1824	3936
5	2208	2062	2207	3937
5	2065	1921	1920	3938
5	2067	1824	1923	3939
5	2013	1864	2012	3940
5	2035	1886	1885	3941
5	1970	1946	1800	3942
5	1970	1800	1833	3943
5	1971	1970	1833	3944
5	1971	1833	1891	3945
5	2144	1879	2027	3946
5	2145	1987	1822	3947
5	1973	1958	1812	3948
5	1973	1812	1888	3949
5	2075	1836	1993	3950
5	2076	1930	1929	3951
5	2019	1869	2018	3952
5	2019	1870	1869	3953
5	1976	1963	1806	3954
5	1976	1806	1841	3955
5	1997	1669	1977	3956
5	2244	2127	2229	3957
5	1982	1945	1547	3958
5	2150	1945	1982	3959
5	2005	1851	1819	3960
5	2004	1853	1697	3961
5	2148	2136	1954	3962
5	1980	1813	1707	3963
5	1981	1980	1707	3964
5	1981	1707	1852	3965
5	2296	2289	2149	3966
5	2134	1952	1808	3967
5	2379	2167	2233	3968
5	2008	1653	1857	3969
5	2152	1684	1984	3970
5	1984	1684	1503	3971
5	2220	2075	1993	3972
5	2221	2076	2075	3973
5	1986	1964	1820	3974
5	1986	1820	1910	3975
5	2185	2108	1973	3976
5	2375	2370	2262	3977
5	2010	1861	2009	3978
5	2010	1862	1861	3979
5	2217	2072	1946	3980
5	2157	2017	1867	3981
5	2074	1928	2073	3982
5	2217	1946	2117	3983
5	2113	2032	2112	3984
5	2008	1807	1653	3985
5	2038	1973	1888	3986
5	2038	1887	2037	3987
5	2075	1929	1836	3988
5	2077	1931	1930	3989
5	1994	1976	1841	3990
5	1994	1841	1926	3991
5	2055	1908	1838	3992
5	2064	1909	2056	3993
5	1996	1992	1823	3994
5	1996	1823	1850	3995
5	2103	1939	1844	3996
5	2003	1660	1851	3997
5	2022	1822	1721	3998
5	1999	1845	1998	3999
5	2172	1999	2159	4000
5	2022	1721	1872	4001
5	2000	1990	1846	4002
5	2000	1846	1827	4003
5	2002	1850	1843	4004
5	2002	1996	1850	4005
5	2320	2166	2310	4006
5	2161	2102	1996	4007
5	2128	1979	1942	4008
5	2005	1819	1956	4009
5	2369	1941	2097	4010
5	2147	1652	1810	4011
5	2105	2003	1851	4012
5	2684	2517	2518	4013
5	2060	1915	2059	4014
5	2061	1917	1916	4015
5	2212	2068	2107	4016
5	2422	2260	2276	4017
5	2249	2087	1991	4018
5	2084	1991	1830	4019
5	2202	2055	2201	4020
5	2011	1862	2010	4021
5	2213	2040	2090	4022
5	2011	1988	1847	4023
5	2092	2009	1963	4024
5	2371	2308	2250	4025
5	2013	1865	1864	4026
5	2034	1885	1865	4027
5	2185	1973	2038	4028
5	2036	1886	2035	4029
5	2100	1866	2015	4030
5	2014	1858	1803	4031
5	2033	1884	2032	4032
5	2240	2084	1866	4033
5	2136	1816	1954	4034
5	2135	1798	1953	4035
5	2017	2016	1826	4036
5	2017	1826	1867	4037
5	2021	1871	2020	4038
5	2020	1870	2019	4039
5	2154	1959	1985	4040
5	2021	1828	1871	4041
5	2098	1944	2096	4042
5	2121	2028	1964	4043
5	2450	2311	2372	4044
5	2203	2057	2111	4045
5	2109	1801	2026	4046
5	2109	1972	1801	4047
5	2027	1878	2025	4048
5	2024	1955	1873	4049
5	2102	1992	1996	4050
5	2324	2184	2183	4051
5	2314	2246	2172	4052
5	2253	1972	2109	4053
5	2159	1999	1998	4054
5	2027	1879	1878	4055
5	2166	2012	2116	4056
5	2183	2037	1992	4057
5	2031	1883	2030	4058
5	2030	1883	1882	4059
5	2153	1960	2130	4060
5	2171	1975	2021	4061
5	2168	2019	2018	4062
5	2032	1835	2031	4063
5	2098	1986	1944	4064
5	2255	2113	2254	4065
5	2033	1803	1884	4066
5	2268	2141	2098	4067
5	2176	2029	2175	4068
5	2176	2030	2029	4069
5	2373	2256	2283	4070
5	2363	2226	2362	4071
5	2273	2228	2110	4072
5	2036	1969	1859	4073
5	2362	2225	2361	4074
5	2223	2078	2114	4075
5	2156	2023	1874	4076
5	2205	2060	2059	4077
5	2374	2263	2350	4078
5	2856	2731	2765	4079
5	2039	1966	1890	4080
5	2039	1890	1889	4081
5	2069	1924	1893	4082
5	2071	1925	2070	4083
5	2188	2042	2187	4084
5	2189	2043	2188	4085
5	2186	1990	2119	4086
5	2046	1898	2045	4087
5	2190	2045	2044	4088
5	2336	2195	2194	4089
5	2218	2072	2217	4090
5	2048	1901	1900	4091
5	2186	2041	1990	4092
5	2195	2049	2194	4093
5	2187	2041	2186	4094
5	2053	1905	2052	4095
5	2187	2042	2041	4096
5	2188	2043	2042	4097
5	2190	2044	2189	4098
5	2051	1903	2050	4099
5	2199	2054	2053	4100
5	2052	1904	2051	4101
5	2198	2052	2197	4102
5	2192	2046	2191	4103
5	2189	2044	2043	4104
5	2054	1906	2053	4105
5	2196	2051	2050	4106
5	2054	1834	1906	4107
5	2140	2092	1963	4108
5	2352	2213	2351	4109
5	2164	2009	2092	4110
5	2164	2010	2009	4111
5	2210	2064	2056	4112
5	2056	1908	2055	4113
5	2236	2123	2200	4114
5	2165	2010	2164	4115
5	2058	1913	1832	4116
5	2057	1832	1840	4117
5	2115	1966	2039	4118
5	2223	2079	2078	4119
5	2060	1916	1915	4120
5	2063	1837	1918	4121
5	2062	1918	1917	4122
5	2061	1916	2060	4123
5	2303	2094	2262	4124
5	2346	2207	2345	4125
5	2285	2143	2261	4126
5	2139	1961	2007	4127
5	2139	2094	1961	4128
5	2205	2059	2122	4129
5	2201	1995	2099	4130
5	2206	2060	2205	4131
5	2285	2122	2143	4132
5	2067	1967	1824	4133
5	2066	2065	1920	4134
5	2066	1920	1922	4135
5	2107	2068	2065	4136
5	2201	2055	1995	4137
5	2068	2067	1923	4138
5	2068	1923	1921	4139
5	2090	2054	2199	4140
5	2070	1924	2069	4141
5	2419	2144	2315	4142
5	2071	1994	1926	4143
5	2448	2308	2371	4144
5	2475	2336	2474	4145
5	2191	2045	2190	4146
5	2074	2000	1827	4147
5	2219	2073	2218	4148
5	2266	1971	2106	4149
5	2331	2189	2330	4150
5	2194	2048	2193	4151
5	2299	2153	2298	4152
5	2627	2494	2502	4153
5	2171	2130	1975	4154
5	2077	1974	1931	4155
5	2377	2274	2300	4156
5	2298	2153	2130	4157
5	2079	1934	1933	4158
5	2080	1935	1934	4159
5	2180	2034	2013	4160
5	2083	1889	1937	4161
5	2183	1992	2102	4162
5	2166	2013	2012	4163
5	2115	2111	1966	4164
5	2082	1936	2081	4165
5	2227	2142	2083	4166
5	2083	2039	1889	4167
5	2343	2203	2111	4168
5	2226	2081	2225	4169
5	2085	1948	1949	4170
5	2086	1953	1849	4171
5	2270	2157	1989	4172
5	2087	1989	1799	4173
5	2167	2088	2016	4174
5	2369	2134	1941	4175
5	2151	1807	2008	4176
5	2133	1817	1948	4177
5	2386	2135	2086	4178
5	2088	1950	1513	4179
5	2089	2001	1955	4180
5	2155	2089	1955	4181
5	2330	2188	2329	4182
5	2337	2196	2195	4183
5	2091	2018	1965	4184
5	2237	2130	2171	4185
5	2140	1976	2120	4186
5	2215	2071	2070	4187
5	2271	2086	1950	4188
5	2429	2271	2304	4189
5	2094	2025	1961	4190
5	2478	2272	2339	4191
5	2182	2036	2035	4192
5	2181	2035	2034	4193
5	2154	2096	1959	4194
5	2130	1960	1975	4195
5	2167	2016	2017	4196
5	2148	1813	1980	4197
5	2275	2141	2268	4198
5	2496	2361	2360	4199
5	2696	2564	2520	4200
5	2341	2200	2210	4201
5	2178	2015	2014	4202
5	2555	2432	2280	4203
5	2101	2091	1965	4204
5	2101	1965	1974	4205
5	2161	2002	2160	4206
5	2324	2183	2251	4207
5	2388	2148	2295	4208
5	2278	2003	2105	4209
5	2384	2105	2277	4210
5	2104	1853	2004	4211
5	2152	1809	1662	4212
5	2158	1939	2103	4213
5	2113	2033	2032	4214
5	2279	2119	2216	4215
5	2211	2066	2123	4216
5	2202	2056	2055	4217
5	2184	2037	2183	4218
5	2306	2102	2161	4219
5	2314	2159	2253	4220
5	2145	1822	2022	4221
5	2110	2101	1974	4222
5	2110	1974	2077	4223
5	2203	2058	2057	4224
5	2204	1993	2058	4225
5	2280	2100	2015	4226
5	2318	2254	2112	4227
5	2255	2179	2113	4228
5	2266	2118	1971	4229
5	2226	2082	2081	4230
5	2282	2114	2238	4231
5	2273	2110	2222	4232
5	2256	2111	2115	4233
5	2180	2013	2166	4234
5	2181	2034	2180	4235
5	2317	2175	2316	4236
5	2457	2319	2385	4237
5	2118	2117	1970	4238
5	2118	1970	1971	4239
5	2219	2074	2073	4240
5	2334	2193	2192	4241
5	2140	1963	1976	4242
5	2120	1976	1994	4243
5	2175	2029	2028	4244
5	2177	2031	2030	4245
5	2462	2324	2398	4246
5	2345	2205	2230	4247
5	2211	2065	2066	4248
5	2123	2066	1968	4249
5	2124	2120	1994	4250
5	2124	1994	2071	4251
5	2125	2114	1938	4252
5	2125	1938	1947	4253
5	2126	2125	1947	4254
5	2126	1947	1969	4255
5	2303	2174	2094	4256
5	2383	2277	2104	4257
5	2296	2149	2290	4258
5	2277	2005	2104	4259
5	2129	2085	1949	4260
5	2129	1949	1546	4261
5	2153	1985	1960	4262
5	2154	1985	2153	4263
5	2289	2147	2149	4264
5	2290	2149	1952	4265
5	2291	2131	1951	4266
5	2132	1951	1848	4267
5	2292	2133	1948	4268
5	2249	1991	2084	4269
5	2150	2132	1945	4270
5	2149	2147	1978	4271
5	2386	2086	2378	4272
5	2417	2383	2247	4273
5	2518	2388	2295	4274
5	2504	2408	2409	4275
5	2148	1954	1813	4276
5	2137	1980	1981	4277
5	2138	2099	1957	4278
5	2138	1957	1988	4279
5	2209	2006	2063	4280
5	2207	2062	2061	4281
5	2338	2197	2196	4282
5	2340	2199	2272	4283
5	2141	2121	1964	4284
5	2141	1964	1986	4285
5	2142	2115	2039	4286
5	2142	2039	2083	4287
5	2143	2122	1967	4288
5	2143	1967	2067	4289
5	2174	2025	2094	4290
5	2155	1955	2024	4291
5	2156	1874	1987	4292
5	2172	2022	1999	4293
5	2416	2137	1981	4294
5	2146	1981	1852	4295
5	2147	1982	1665	4296
5	2147	1665	1652	4297
5	2295	1980	2137	4298
5	2652	2544	2387	4299
5	2417	2248	2391	4300
5	2247	2104	2004	4301
5	2391	2248	2128	4302
5	2291	1951	2132	4303
5	2297	1891	2151	4304
5	2151	1891	1746	4305
5	2158	1984	1939	4306
5	2152	2127	1977	4307
5	2267	2101	2228	4308
5	2317	2176	2175	4309
5	2298	2130	2237	4310
5	2311	2169	2168	4311
5	2368	2258	2156	4312
5	2262	2094	2139	4313
5	2345	2206	2205	4314
5	2234	2156	1987	4315
5	2242	1943	2136	4316
5	2271	1950	2088	4317
5	2305	1984	2158	4318
5	2305	2152	1984	4319
5	2172	2145	2022	4320
5	2723	2453	2540	4321
5	2161	1996	2002	4322
5	2320	2180	2166	4323
5	2277	2105	2005	4324
5	2288	2128	1942	4325
5	2162	2139	2007	4326
5	2162	2007	2006	4327
5	2163	2138	1988	4328
5	2163	1988	2011	4329
5	2165	2011	2010	4330
5	2422	2276	2394	4331
5	2335	2193	2334	4332
5	2307	2163	2165	4333
5	2310	2116	2309	4334
5	2449	2322	2320	4335
5	2438	2241	2133	4336
5	2292	1948	2085	4337
5	2169	2020	2019	4338
5	2170	2021	2020	4339
5	2644	2585	2511	4340
5	2316	2121	2275	4341
5	2358	2221	2220	4342
5	2171	2021	2170	4343
5	2358	2220	2357	4344
5	2360	2224	2223	4345
5	2314	2172	2159	4346
5	2252	2026	2144	4347
5	2173	2155	2024	4348
5	2173	2024	2023	4349
5	2258	2023	2156	4350
5	2433	2261	2423	4351
5	2411	2228	2273	4352
5	2443	2298	2396	4353
5	2318	2112	2177	4354
5	2275	2121	2141	4355
5	2319	2176	2317	4356
5	2177	2112	2031	4357
5	2284	2179	2255	4358
5	2505	2266	2397	4359
5	2179	2178	2014	4360
5	2179	2014	2033	4361
5	2326	2108	2185	4362
5	2364	2283	2142	4363
5	2418	2398	2251	4364
5	2182	2095	2036	4365
5	2322	2180	2320	4366
5	2325	2184	2324	4367
5	2184	2038	2037	4368
5	2185	2038	2184	4369
5	2462	2325	2324	4370
5	2309	2116	2108	4371
5	2326	2309	2108	4372
5	2446	2286	2435	4373
5	2330	2189	2188	4374
5	2329	2187	2328	4375
5	2475	2337	2336	4376
5	2193	2048	2047	4377
5	2430	2275	2268	4378
5	2441	2397	2106	4379
5	2327	2186	2119	4380
5	2191	2046	2045	4381
5	2336	2194	2335	4382
5	2334	2192	2333	4383
5	2328	2187	2186	4384
5	2329	2188	2187	4385
5	2331	2190	2189	4386
5	2197	2051	2196	4387
5	2351	2090	2340	4388
5	2195	2050	2049	4389
5	2272	2199	2198	4390
5	2339	2198	2197	4391
5	2339	2197	2338	4392
5	2198	2053	2052	4393
5	2337	2195	2336	4394
5	2332	2191	2190	4395
5	2352	2214	2213	4396
5	2090	1962	2054	4397
5	2404	2259	2376	4398
5	2214	2070	2069	4399
5	2484	2403	2341	4400
5	2250	2164	2092	4401
5	2200	2123	1968	4402
5	2200	1968	2064	4403
5	2260	2201	2099	4404
5	2210	2056	2202	4405
5	2341	2236	2200	4406
5	2210	2200	2064	4407
5	2498	2363	2362	4408
5	2221	2075	2220	4409
5	2480	2344	2343	4410
5	2222	2110	2077	4411
5	2206	2061	2060	4412
5	2209	2063	2208	4413
5	2424	2173	2258	4414
5	2287	2161	2160	4415
5	2615	2481	2506	4416
5	2209	2162	2006	4417
5	2231	2139	2162	4418
5	2485	2350	2349	4419
5	2483	2348	2342	4420
5	2350	2211	2349	4421
5	2448	2307	2308	4422
5	2276	2138	2243	4423
5	2342	2202	2201	4424
5	2556	2402	2482	4425
5	2212	2143	2067	4426
5	2212	2067	2068	4427
5	2259	2120	2124	4428
5	2214	2069	2213	4429
5	2352	2264	2215	4430
5	2215	2070	2214	4431
5	2508	2376	2488	4432
5	2332	2190	2331	4433
5	2216	2119	2000	4434
5	2216	2000	2074	4435
5	2218	2073	2072	4436
5	2327	2119	2279	4437
5	2766	2644	2694	4438
5	2355	2216	2219	4439
5	2328	2186	2327	4440
5	2219	2216	2074	4441
5	2497	2362	2361	4442
5	2421	2255	2254	4443
5	2311	2168	2235	4444
5	2222	2076	2221	4445
5	2235	2168	2091	4446
5	2412	2235	2267	4447
5	2224	2080	2079	4448
5	2225	2081	2080	4449
5	2357	2204	2344	4450
5	2227	2083	2082	4451
5	2633	2500	2499	4452
5	2322	2181	2180	4453
5	2460	2323	2322	4454
5	2227	2082	2226	4455
5	2458	2310	2309	4456
5	2282	2223	2114	4457
5	2359	2222	2221	4458
5	2555	2178	2284	4459
5	2244	1997	2127	4460
5	2244	2146	1997	4461
5	2230	2205	2122	4462
5	2285	2230	2122	4463
5	2347	2209	2208	4464
5	2401	2375	2231	4465
5	2232	2231	2162	4466
5	2232	2162	2209	4467
5	2233	2167	2017	4468
5	2233	2017	2157	4469
5	2252	2109	2026	4470
5	2258	2173	2023	4471
5	2585	2450	2511	4472
5	2451	2312	2450	4473
5	2261	2143	2212	4474
5	2400	2345	2230	4475
5	2312	2169	2311	4476
5	2312	2170	2169	4477
5	2321	2269	2095	4478
5	2461	2321	2323	4479
5	2293	1940	2135	4480
5	2241	1983	2133	4481
5	2249	2084	2240	4482
5	2567	2428	2270	4483
5	2678	2389	2503	4484
5	2297	2106	1891	4485
5	2242	2239	2129	4486
5	2242	2129	1943	4487
5	2485	2349	2382	4488
5	2265	2092	2140	4489
5	2431	2229	2158	4490
5	2416	2146	2244	4491
5	2365	2292	2085	4492
5	2544	2097	2387	4493
5	2246	2234	2145	4494
5	2246	2145	2172	4495
5	2288	1942	2131	4496
5	2416	1981	2146	4497
5	2248	2247	2004	4498
5	2248	2004	2128	4499
5	2378	2086	2271	4500
5	2353	2117	2281	4501
5	2307	2243	2163	4502
5	2308	2164	2250	4503
5	2251	2183	2102	4504
5	2598	2462	2512	4505
5	2419	2252	2144	4506
5	2262	2139	2231	4507
5	2355	2279	2216	4508
5	2420	2279	2355	4509
5	2354	2217	2353	4510
5	2254	2113	2112	4511
5	2675	2510	2405	4512
5	2284	2178	2179	4513
5	2359	2273	2222	4514
5	2343	2111	2256	4515
5	2257	2238	2125	4516
5	2257	2125	2126	4517
5	2315	2144	2027	4518
5	2315	2027	2174	4519
5	2294	2120	2259	4520
5	2265	2250	2092	4521
5	2487	2352	2351	4522
5	2488	2264	2352	4523
5	2423	2261	2263	4524
5	2350	2107	2211	4525
5	2573	2433	2572	4526
5	2286	2160	2089	4527
5	2263	2261	2212	4528
5	2263	2212	2107	4529
5	2264	2259	2124	4530
5	2264	2124	2215	4531
5	2514	2394	2414	4532
5	2381	2342	2260	4533
5	2486	2351	2340	4534
5	2281	2117	2118	4535
5	2267	2235	2091	4536
5	2267	2091	2101	4537
5	2555	2284	2510	4538
5	2427	2268	2274	4539
5	2269	2257	2126	4540
5	2269	2126	2095	4541
5	2501	2438	2292	4542
5	2516	2233	2428	4543
5	2432	2366	2100	4544
5	2429	2378	2271	4545
5	2340	2090	2199	4546
5	2351	2213	2090	4547
5	2344	2203	2343	4548
5	2399	2343	2256	4549
5	2274	2268	2098	4550
5	2274	2098	2096	4551
5	2455	2275	2430	4552
5	2444	2300	2299	4553
5	2276	2260	2099	4554
5	2276	2099	2138	4555
5	2384	2278	2105	4556
5	2278	2103	2003	4557
5	2431	2158	2103	4558
5	2431	2103	2278	4559
5	2253	2159	1998	4560
5	2253	1998	1972	4561
5	2505	2118	2266	4562
5	2366	2240	2100	4563
5	2353	2217	2117	4564
5	2354	2218	2217	4565
5	2363	2227	2226	4566
5	2283	2256	2115	4567
5	2361	2224	2360	4568
5	2763	2632	2762	4569
5	2441	2106	2297	4570
5	2397	2266	2106	4571
5	2481	2345	2400	4572
5	2401	2231	2232	4573
5	2526	2445	2301	4574
5	2434	2230	2285	4575
5	2306	2251	2102	4576
5	2306	2161	2287	4577
5	2503	2389	2439	4578
5	2290	1952	2134	4579
5	2289	2150	1982	4580
5	2289	1982	2147	4581
5	2383	2104	2247	4582
5	2390	2131	2291	4583
5	2390	2288	2131	4584
5	2518	2295	2440	4585
5	2428	2233	2157	4586
5	2791	2567	2651	4587
5	2380	2304	2167	4588
5	2388	2136	2148	4589
5	2294	2265	2140	4590
5	2294	2140	2120	4591
5	2519	2293	2386	4592
5	2365	2085	2239	4593
5	2436	2132	2150	4594
5	2296	2150	2289	4595
5	2297	2151	2245	4596
5	2432	2100	2280	4597
5	2300	2096	2154	4598
5	2300	2154	2299	4599
5	2395	2267	2228	4600
5	2300	2274	2096	4601
5	2412	2267	2395	4602
5	2638	2504	2509	4603
5	2375	2262	2231	4604
5	2302	2155	2301	4605
5	2302	2286	2089	4606
5	2302	2089	2155	4607
5	2368	2156	2234	4608
5	2452	2253	2109	4609
5	2304	2271	2088	4610
5	2304	2088	2167	4611
5	2305	2158	2229	4612
5	2305	2229	2127	4613
5	2435	2286	2302	4614
5	2619	2485	2618	4615
5	2483	2342	2381	4616
5	2572	2433	2423	4617
5	2308	2307	2165	4618
5	2308	2165	2164	4619
5	2310	2166	2116	4620
5	2321	2095	2182	4621
5	2459	2310	2458	4622
5	2632	2499	2498	4623
5	2313	2171	2170	4624
5	2313	2170	2312	4625
5	2570	2430	2427	4626
5	2313	2237	2171	4627
5	2427	2274	2377	4628
5	2444	2377	2300	4629
5	2452	2393	2314	4630
5	2452	2109	2252	4631
5	2588	2315	2453	4632
5	2767	2642	2588	4633
5	2489	2353	2281	4634
5	2454	2254	2318	4635
5	2451	2407	2313	4636
5	2780	2644	2766	4637
5	2491	2355	2356	4638
5	2405	2284	2255	4639
5	2319	2318	2177	4640
5	2319	2177	2176	4641
5	2464	2309	2326	4642
5	2630	2497	2496	4643
5	2323	2181	2322	4644
5	2406	2360	2282	4645
5	2323	2182	2181	4646
5	2323	2321	2182	4647
5	2460	2322	2449	4648
5	2499	2363	2498	4649
5	2325	2185	2184	4650
5	2326	2185	2325	4651
5	2463	2325	2462	4652
5	2761	2630	2760	4653
5	2599	2463	2598	4654
5	2689	2522	2543	4655
5	2466	2327	2465	4656
5	2465	2279	2420	4657
5	2490	2353	2489	4658
5	2333	2191	2332	4659
5	2465	2327	2279	4660
5	2479	2340	2272	4661
5	2467	2328	2466	4662
5	2466	2328	2327	4663
5	2487	2351	2486	4664
5	2333	2192	2191	4665
5	2477	2339	2338	4666
5	2467	2329	2328	4667
5	2471	2332	2470	4668
5	2335	2194	2193	4669
5	2468	2330	2329	4670
5	2473	2334	2472	4671
5	2469	2330	2468	4672
5	2338	2196	2337	4673
5	2469	2331	2330	4674
5	2470	2332	2331	4675
5	2472	2333	2471	4676
5	2339	2272	2198	4677
5	2471	2333	2332	4678
5	2478	2339	2477	4679
5	2472	2334	2333	4680
5	2473	2335	2334	4681
5	2479	2272	2478	4682
5	2352	2215	2214	4683
5	2348	2202	2342	4684
5	2484	2348	2483	4685
5	2348	2210	2202	4686
5	2348	2341	2210	4687
5	2344	2204	2203	4688
5	2357	2220	2204	4689
5	2412	2372	2235	4690
5	2359	2221	2358	4691
5	2346	2208	2207	4692
5	2347	2232	2209	4693
5	2370	2303	2262	4694
5	2347	2208	2346	4695
5	2418	2251	2306	4696
5	2711	2572	2528	4697
5	2425	2265	2294	4698
5	2620	2479	2614	4699
5	2350	2263	2107	4700
5	2349	2211	2123	4701
5	2528	2423	2374	4702
5	2423	2263	2374	4703
5	2474	2336	2335	4704
5	2371	2250	2265	4705
5	2376	2259	2264	4706
5	2477	2338	2476	4707
5	2430	2268	2427	4708
5	2356	2218	2354	4709
5	2586	2524	2407	4710
5	2566	2457	2529	4711
5	2470	2331	2469	4712
5	2468	2329	2467	4713
5	2356	2355	2219	4714
5	2356	2219	2218	4715
5	2821	2722	2780	4716
5	2761	2631	2630	4717
5	2726	2589	2724	4718
5	2463	2326	2325	4719
5	2496	2360	2406	4720
5	2632	2498	2631	4721
5	2361	2225	2224	4722
5	2362	2226	2225	4723
5	2630	2496	2629	4724
5	2364	2142	2227	4725
5	3011	2931	2887	4726
5	2912	2884	2769	4727
5	2494	2357	2492	4728
5	2364	2227	2363	4729
5	2411	2395	2228	4730
5	2399	2256	2373	4731
5	2674	2505	2397	4732
5	2428	2157	2270	4733
5	2367	2240	2366	4734
5	2367	2249	2240	4735
5	2537	2241	2438	4736
5	2695	2537	2637	4737
5	2523	2258	2368	4738
5	2523	2424	2258	4739
5	2437	2296	2290	4740
5	2369	2290	2134	4741
5	2733	2598	2647	4742
5	2540	2303	2370	4743
5	2448	2414	2307	4744
5	2546	2381	2521	4745
5	2372	2311	2235	4746
5	2524	2396	2407	4747
5	2500	2373	2283	4748
5	2499	2364	2363	4749
5	2485	2374	2350	4750
5	2572	2423	2528	4751
5	2482	2346	2481	4752
5	2520	2375	2401	4753
5	2404	2294	2259	4754
5	2425	2294	2404	4755
5	2570	2427	2522	4756
5	2396	2298	2237	4757
5	2552	2369	2544	4758
5	2801	2501	2648	4759
5	2438	2133	2292	4760
5	2380	2167	2379	4761
5	2516	2379	2233	4762
5	2391	2128	2288	4763
5	2382	2349	2236	4764
5	2698	2616	2690	4765
5	2563	2394	2514	4766
5	2565	2371	2425	4767
5	2417	2247	2248	4768
5	2548	2415	2229	4769
5	2549	2277	2383	4770
5	2415	2244	2229	4771
5	2385	2319	2317	4772
5	2455	2316	2275	4773
5	2387	2097	2293	4774
5	2386	2293	2135	4775
5	2569	2545	2378	4776
5	2389	2239	2242	4777
5	2648	2365	2551	4778
5	2555	2280	2178	4779
5	2548	2229	2431	4780
5	2439	2136	2388	4781
5	2552	2437	2369	4782
5	2576	2296	2437	4783
5	2553	2288	2390	4784
5	2437	2290	2369	4785
5	2392	2368	2234	4786
5	2392	2234	2246	4787
5	2393	2392	2246	4788
5	2393	2246	2314	4789
5	2422	2381	2260	4790
5	2394	2276	2243	4791
5	2840	2707	2692	4792
5	2760	2629	2759	4793
5	2443	2299	2298	4794
5	2444	2299	2443	4795
5	2534	2367	2366	4796
5	2426	2356	2354	4797
5	2398	2324	2251	4798
5	2573	2507	2434	4799
5	2493	2411	2273	4800
5	2480	2343	2399	4801
5	2526	2301	2424	4802
5	2424	2301	2173	4803
5	2513	2435	2445	4804
5	2482	2347	2346	4805
5	2402	2401	2232	4806
5	2402	2232	2347	4807
5	2403	2382	2236	4808
5	2403	2236	2341	4809
5	2673	2528	2619	4810
5	2584	2371	2565	4811
5	2557	2420	2491	4812
5	2716	2534	2535	4813
5	2498	2362	2497	4814
5	2497	2361	2496	4815
5	2407	2396	2237	4816
5	2407	2237	2313	4817
5	2408	2406	2282	4818
5	2408	2282	2238	4819
5	2409	2408	2238	4820
5	2409	2238	2257	4821
5	2410	2409	2257	4822
5	2410	2257	2269	4823
5	2492	2344	2480	4824
5	2494	2358	2357	4825
5	2530	2502	2492	4826
5	2530	2480	2399	4827
5	2413	2410	2269	4828
5	2413	2269	2321	4829
5	2414	2394	2243	4830
5	2414	2243	2307	4831
5	2544	2369	2097	4832
5	2440	2295	2137	4833
5	2685	2440	2653	4834
5	2653	2440	2560	4835
5	2667	2515	2505	4836
5	2660	2571	2384	4837
5	2447	2418	2306	4838
5	2447	2287	2446	4839
5	2689	2682	2522	4840
5	2452	2314	2253	4841
5	2491	2420	2355	4842
5	2491	2356	2426	4843
5	2590	2456	2455	4844
5	2421	2405	2255	4845
5	2690	2616	2617	4846
5	2892	2781	2782	4847
5	2433	2285	2261	4848
5	2434	2285	2433	4849
5	2453	2174	2303	4850
5	2618	2485	2382	4851
5	2521	2381	2422	4852
5	2975	2841	2893	4853
5	2693	2566	2529	4854
5	2625	2558	2421	4855
5	2456	2385	2317	4856
5	2668	2645	2554	4857
5	2567	2270	2087	4858
5	2658	2367	2534	4859
5	2661	2429	2550	4860
5	2519	2387	2293	4861
5	2591	2385	2456	4862
5	2626	2491	2426	4863
5	2660	2548	2571	4864
5	2701	2561	2415	4865
5	2510	2284	2405	4866
5	2771	2550	2659	4867
5	2720	2520	2583	4868
5	2434	2400	2230	4869
5	2730	2525	2596	4870
5	2712	2572	2711	4871
5	2698	2547	2616	4872
5	2446	2287	2286	4873
5	2575	2291	2436	4874
5	2436	2150	2296	4875
5	2839	2666	2553	4876
5	2436	2291	2132	4877
5	2501	2292	2365	4878
5	3006	2834	2756	4879
5	2439	2389	2242	4880
5	2439	2242	2136	4881
5	2654	2552	2544	4882
5	2773	2552	2654	4883
5	3145	3066	3083	4884
5	2623	2426	2490	4885
5	2442	2441	2297	4886
5	2442	2297	2245	4887
5	2628	2493	2495	4888
5	2724	2570	2682	4889
5	2532	2395	2411	4890
5	2603	2467	2602	4891
5	2445	2435	2302	4892
5	2445	2302	2301	4893
5	2447	2306	2287	4894
5	2525	2410	2413	4895
5	2546	2483	2381	4896
5	2596	2461	2595	4897
5	2614	2479	2478	4898
5	2610	2474	2609	4899
5	2461	2413	2321	4900
5	2461	2323	2460	4901
5	2451	2313	2312	4902
5	2450	2312	2311	4903
5	2722	2585	2644	4904
5	2586	2451	2585	4905
5	2587	2252	2419	4906
5	2587	2452	2252	4907
5	2588	2419	2315	4908
5	2453	2315	2174	4909
5	2490	2354	2353	4910
5	2454	2421	2254	4911
5	2456	2316	2455	4912
5	2456	2317	2316	4913
5	2579	2396	2524	4914
5	2762	2632	2631	4915
5	2457	2454	2318	4916
5	2457	2318	2319	4917
5	2459	2320	2310	4918
5	2459	2449	2320	4919
5	2574	2446	2435	4920
5	2649	2502	2530	4921
5	2596	2525	2413	4922
5	2598	2463	2462	4923
5	2595	2461	2460	4924
5	2525	2509	2410	4925
5	2845	2822	2665	4926
5	2464	2326	2463	4927
5	2592	2459	2458	4928
5	2464	2458	2309	4929
5	2594	2460	2449	4930
5	2729	2594	2593	4931
5	2611	2476	2475	4932
5	2602	2466	2601	4933
5	2604	2468	2603	4934
5	2600	2465	2420	4935
5	2612	2477	2476	4936
5	2558	2405	2421	4937
5	2601	2466	2465	4938
5	2474	2335	2473	4939
5	2608	2472	2607	4940
5	2605	2469	2604	4941
5	2602	2467	2466	4942
5	2612	2476	2611	4943
5	2603	2468	2467	4944
5	2476	2338	2337	4945
5	2609	2473	2608	4946
5	2614	2478	2613	4947
5	2604	2469	2468	4948
5	2605	2470	2469	4949
5	2607	2471	2606	4950
5	2476	2337	2475	4951
5	2606	2470	2605	4952
5	2606	2471	2470	4953
5	2613	2477	2612	4954
5	2488	2352	2487	4955
5	2607	2472	2471	4956
5	2608	2473	2472	4957
5	2621	2486	2620	4958
5	2486	2340	2479	4959
5	2609	2474	2473	4960
5	2610	2475	2474	4961
5	2492	2357	2344	4962
5	2493	2273	2359	4963
5	2482	2402	2347	4964
5	2481	2346	2345	4965
5	2583	2520	2401	4966
5	2581	2418	2447	4967
5	2484	2341	2348	4968
5	2943	2831	2798	4969
5	2541	2404	2376	4970
5	2584	2448	2371	4971
5	2618	2382	2547	4972
5	2749	2547	2698	4973
5	2622	2488	2487	4974
5	2841	2706	2775	4975
5	2721	2584	2565	4976
5	2488	2376	2264	4977
5	2617	2483	2546	4978
5	2541	2376	2508	4979
5	2490	2426	2354	4980
5	2600	2420	2557	4981
5	2674	2667	2505	4982
5	2705	2555	2704	4983
5	2704	2555	2510	4984
5	2601	2465	2600	4985
5	3015	2905	2913	4986
5	2628	2495	2627	4987
5	2495	2358	2494	4988
5	2542	2372	2412	4989
5	2495	2359	2358	4990
5	2495	2493	2359	4991
5	2591	2529	2385	4992
5	2543	2522	2377	4993
5	2533	2408	2504	4994
5	2633	2531	2373	4995
5	2533	2406	2408	4996
5	2500	2283	2364	4997
5	2530	2399	2531	4998
5	2530	2492	2480	4999
5	2633	2373	2500	5000
5	2500	2364	2499	5001
5	2827	2650	2664	5002
5	2631	2498	2497	5003
5	2705	2432	2555	5004
5	2567	2087	2249	5005
5	2502	2494	2492	5006
5	2629	2406	2533	5007
5	2678	2551	2389	5008
5	2551	2239	2389	5009
5	2593	2449	2459	5010
5	2596	2413	2461	5011
5	2515	2281	2505	5012
5	2505	2281	2118	5013
5	2506	2481	2400	5014
5	2573	2434	2433	5015
5	2507	2506	2400	5016
5	2507	2400	2434	5017
5	2679	2508	2622	5018
5	2620	2486	2479	5019
5	2509	2504	2409	5020
5	2509	2409	2410	5021
5	2537	2093	2241	5022
5	2515	2489	2281	5023
5	2511	2450	2372	5024
5	2542	2511	2372	5025
5	2512	2462	2398	5026
5	2854	2765	2729	5027
5	2583	2401	2402	5028
5	2574	2435	2513	5029
5	2878	2751	2877	5030
5	2541	2425	2404	5031
5	2697	2559	2640	5032
5	2589	2430	2570	5033
5	2550	2429	2304	5034
5	2811	2685	2653	5035
5	2517	2503	2439	5036
5	2517	2439	2388	5037
5	2634	2503	2517	5038
5	2518	2517	2388	5039
5	2770	2700	2569	5040
5	2569	2378	2429	5041
5	2540	2453	2303	5042
5	2564	2375	2520	5043
5	2750	2673	2619	5044
5	2691	2546	2656	5045
5	2522	2427	2377	5046
5	2783	2717	2643	5047
5	2642	2419	2588	5048
5	2639	2424	2523	5049
5	2543	2377	2444	5050
5	2795	2689	2669	5051
5	2593	2459	2592	5052
5	3090	2957	3016	5053
5	2635	2445	2526	5054
5	2639	2526	2424	5055
5	2527	2514	2414	5056
5	2527	2414	2448	5057
5	2781	2690	2691	5058
5	2836	2698	2690	5059
5	2529	2457	2385	5060
5	2682	2570	2522	5061
5	2692	2626	2623	5062
5	2758	2668	2628	5063
5	2755	2623	2624	5064
5	2531	2399	2373	5065
5	2559	2395	2532	5066
5	2776	2768	2640	5067
5	2629	2496	2406	5068
5	2631	2497	2630	5069
5	2536	2442	2245	5070
5	2637	2537	2438	5071
5	2535	2534	2366	5072
5	2535	2366	2432	5073
5	2577	2397	2441	5074
5	2967	2578	2636	5075
5	2537	2536	2245	5076
5	2537	2245	2093	5077
5	2538	2523	2368	5078
5	2538	2368	2392	5079
5	2539	2512	2398	5080
5	2539	2398	2418	5081
5	2663	2512	2539	5082
5	2639	2538	2655	5083
5	2565	2425	2541	5084
5	2583	2402	2556	5085
5	2669	2543	2580	5086
5	2883	2840	2692	5087
5	2580	2443	2579	5088
5	2580	2543	2444	5089
5	2660	2384	2549	5090
5	2553	2391	2288	5091
5	2545	2519	2386	5092
5	2545	2386	2378	5093
5	2547	2382	2403	5094
5	2619	2374	2485	5095
5	2749	2618	2547	5096
5	2688	2521	2563	5097
5	2549	2384	2277	5098
5	2571	2278	2384	5099
5	2701	2415	2548	5100
5	2654	2544	2652	5101
5	2785	2577	2715	5102
5	2551	2365	2239	5103
5	2666	2417	2391	5104
5	2666	2391	2553	5105
5	2702	2653	2560	5106
5	2648	2501	2365	5107
5	3059	2837	2938	5108
5	2576	2436	2296	5109
5	2554	2532	2411	5110
5	2554	2411	2493	5111
5	2774	2705	2704	5112
5	2815	2651	2568	5113
5	2681	2527	2584	5114
5	2584	2527	2448	5115
5	2626	2426	2623	5116
5	2727	2725	2591	5117
5	3136	3031	2946	5118
5	2625	2421	2454	5119
5	2559	2542	2412	5120
5	2559	2412	2395	5121
5	2560	2440	2137	5122
5	2560	2137	2416	5123
5	2561	2560	2416	5124
5	2561	2416	2415	5125
5	2562	2538	2392	5126
5	2562	2392	2393	5127
5	2563	2521	2422	5128
5	2563	2422	2394	5129
5	2767	2588	2723	5130
5	2564	2370	2375	5131
5	2900	2788	2789	5132
5	2871	2745	2870	5133
5	2625	2454	2566	5134
5	2566	2454	2457	5135
5	2801	2637	2501	5136
5	2791	2428	2567	5137
5	2568	2567	2249	5138
5	2568	2249	2367	5139
5	2686	2652	2387	5140
5	2686	2387	2519	5141
5	2589	2455	2430	5142
5	2590	2455	2589	5143
5	2571	2548	2431	5144
5	2571	2431	2278	5145
5	2827	2796	2650	5146
5	2713	2507	2573	5147
5	2671	2664	2615	5148
5	2796	2720	2650	5149
5	2581	2539	2418	5150
5	2582	2446	2574	5151
5	2714	2390	2575	5152
5	2575	2390	2291	5153
5	2714	2575	2576	5154
5	2576	2575	2436	5155
5	2825	2678	2503	5156
5	2803	2695	2637	5157
5	2578	2577	2441	5158
5	2578	2441	2442	5159
5	2580	2444	2443	5160
5	2579	2443	2396	5161
5	2708	2489	2515	5162
5	2689	2543	2669	5163
5	2719	2574	2677	5164
5	2728	2593	2592	5165
5	2582	2581	2447	5166
5	2582	2447	2446	5167
5	2720	2583	2650	5168
5	2720	2696	2520	5169
5	2798	2657	2672	5170
5	2706	2541	2508	5171
5	2586	2407	2451	5172
5	2585	2451	2450	5173
5	2676	2627	2502	5174
5	2800	2759	2646	5175
5	2587	2562	2393	5176
5	2587	2393	2452	5177
5	2723	2588	2453	5178
5	2655	2538	2562	5179
5	2717	2579	2643	5180
5	2852	2726	2793	5181
5	2725	2693	2529	5182
5	2591	2456	2590	5183
5	3178	3143	3015	5184
5	2963	2795	2919	5185
5	2595	2460	2594	5186
5	2594	2449	2593	5187
5	2848	2696	2720	5188
5	2728	2592	2662	5189
5	2778	2733	2647	5190
5	2763	2633	2632	5191
5	2733	2599	2598	5192
5	2731	2595	2594	5193
5	2729	2593	2728	5194
5	2764	2633	2763	5195
5	2597	2592	2458	5196
5	2597	2458	2464	5197
5	2599	2464	2463	5198
5	2599	2597	2464	5199
5	2662	2592	2597	5200
5	2731	2594	2729	5201
5	2724	2589	2570	5202
5	2797	2755	2624	5203
5	2708	2624	2489	5204
5	2737	2601	2736	5205
5	2736	2601	2600	5206
5	2737	2602	2601	5207
5	2735	2600	2557	5208
5	2707	2557	2626	5209
5	2741	2605	2740	5210
5	2613	2478	2477	5211
5	2752	2621	2620	5212
5	2738	2603	2602	5213
5	2743	2607	2742	5214
5	2622	2487	2621	5215
5	2739	2604	2603	5216
5	2753	2622	2621	5217
5	2744	2608	2743	5218
5	2740	2605	2604	5219
5	2745	2610	2609	5220
5	2611	2475	2610	5221
5	2741	2606	2605	5222
5	2746	2611	2610	5223
5	2742	2607	2606	5224
5	2748	2612	2747	5225
5	2743	2608	2607	5226
5	2748	2614	2613	5227
5	2745	2609	2744	5228
5	2621	2487	2486	5229
5	2751	2614	2748	5230
5	2744	2609	2608	5231
5	2615	2556	2482	5232
5	2615	2482	2481	5233
5	2616	2547	2403	5234
5	2616	2403	2484	5235
5	2617	2616	2484	5236
5	2617	2484	2483	5237
5	3020	2893	2898	5238
5	2619	2528	2374	5239
5	2688	2563	2657	5240
5	2721	2681	2584	5241
5	2746	2610	2745	5242
5	2622	2508	2488	5243
5	2747	2612	2611	5244
5	2751	2620	2614	5245
5	2681	2672	2527	5246
5	2706	2508	2679	5247
5	2738	2602	2737	5248
5	2626	2557	2491	5249
5	2624	2623	2490	5250
5	2624	2490	2489	5251
5	2735	2557	2707	5252
5	2707	2626	2692	5253
5	3163	3041	3154	5254
5	3204	3061	3137	5255
5	2628	2554	2493	5256
5	2627	2495	2494	5257
5	2882	2754	2881	5258
5	2901	2769	2792	5259
5	2646	2504	2638	5260
5	2764	2757	2531	5261
5	2951	2799	2804	5262
5	2650	2583	2556	5263
5	2832	2639	2655	5264
5	2633	2499	2632	5265
5	2646	2533	2504	5266
5	2885	2760	2759	5267
5	2759	2533	2646	5268
5	2764	2531	2633	5269
5	2940	2801	2648	5270
5	2637	2438	2501	5271
5	2924	2767	2723	5272
5	2635	2513	2445	5273
5	2636	2578	2442	5274
5	2636	2442	2536	5275
5	2906	2830	2779	5276
5	2651	2567	2568	5277
5	2854	2729	2728	5278
5	2730	2641	2525	5279
5	2709	2370	2564	5280
5	2642	2587	2419	5281
5	2640	2559	2532	5282
5	2784	2697	2768	5283
5	2641	2638	2509	5284
5	2641	2509	2525	5285
5	2639	2523	2538	5286
5	2642	2655	2562	5287
5	2643	2579	2524	5288
5	2670	2643	2524	5289
5	2670	2524	2586	5290
5	3107	2983	3105	5291
5	2645	2640	2532	5292
5	2645	2532	2554	5293
5	2807	2638	2799	5294
5	2759	2629	2533	5295
5	2647	2598	2512	5296
5	2663	2647	2512	5297
5	2659	2550	2380	5298
5	2946	2785	2715	5299
5	2668	2554	2628	5300
5	2676	2502	2649	5301
5	2853	2728	2662	5302
5	2677	2574	2513	5303
5	2695	2536	2537	5304
5	2659	2380	2379	5305
5	2703	2576	2437	5306
5	2810	2654	2652	5307
5	3027	2779	2935	5308
5	2915	2654	2810	5309
5	2702	2560	2561	5310
5	2969	2846	2896	5311
5	2642	2562	2587	5312
5	2847	2719	2677	5313
5	2656	2546	2521	5314
5	2876	2673	2750	5315
5	2688	2656	2521	5316
5	2657	2563	2514	5317
5	2815	2568	2658	5318
5	2658	2568	2367	5319
5	2904	2678	2825	5320
5	2661	2569	2429	5321
5	2938	2837	2702	5322
5	2699	2383	2417	5323
5	2947	2774	2894	5324
5	2818	2551	2678	5325
5	2734	2599	2733	5326
5	2857	2734	2733	5327
5	2671	2506	2665	5328
5	2711	2528	2673	5329
5	2664	2650	2556	5330
5	2664	2556	2615	5331
5	2671	2615	2506	5332
5	2665	2506	2507	5333
5	2817	2549	2699	5334
5	2699	2549	2383	5335
5	2675	2405	2558	5336
5	2756	2558	2625	5337
5	2758	2627	2676	5338
5	2784	2766	2694	5339
5	3133	2952	3050	5340
5	2912	2769	2901	5341
5	2780	2722	2644	5342
5	3061	2930	3026	5343
5	2809	2718	2719	5344
5	2680	2663	2539	5345
5	2672	2657	2514	5346
5	2672	2514	2527	5347
5	2713	2573	2712	5348
5	2712	2573	2572	5349
5	2674	2397	2577	5350
5	2715	2577	2578	5351
5	2756	2625	2754	5352
5	2739	2603	2738	5353
5	2758	2628	2627	5354
5	2889	2763	2762	5355
5	2680	2539	2581	5356
5	2777	2663	2680	5357
5	3027	2906	2779	5358
5	2779	2687	2700	5359
5	2753	2679	2622	5360
5	2752	2620	2751	5361
5	2790	2663	2777	5362
5	2978	2895	2854	5363
5	2710	2541	2706	5364
5	3004	2898	2880	5365
5	2851	2693	2725	5366
5	2986	2852	2793	5367
5	2683	2659	2379	5368
5	2683	2379	2516	5369
5	2938	2702	2838	5370
5	2684	2634	2517	5371
5	2685	2684	2518	5372
5	2685	2518	2440	5373
5	3138	3040	3023	5374
5	2770	2569	2661	5375
5	2687	2686	2519	5376
5	2687	2519	2545	5377
5	2788	2672	2681	5378
5	2921	2836	2916	5379
5	2966	2802	2635	5380
5	2833	2639	2832	5381
5	2750	2618	2749	5382
5	2750	2619	2618	5383
5	2691	2690	2617	5384
5	2691	2617	2546	5385
5	2753	2621	2752	5386
5	2736	2600	2735	5387
5	2754	2566	2693	5388
5	2834	2558	2756	5389
5	2694	2644	2511	5390
5	2694	2511	2542	5391
5	2786	2708	2515	5392
5	2835	2636	2536	5393
5	2802	2513	2635	5394
5	2709	2540	2370	5395
5	2697	2694	2542	5396
5	2697	2542	2559	5397
5	2843	2711	2842	5398
5	2874	2698	2836	5399
5	2812	2417	2666	5400
5	2838	2702	2561	5401
5	2700	2687	2545	5402
5	2700	2545	2569	5403
5	2830	2686	2687	5404
5	2907	2810	2830	5405
5	2838	2561	2701	5406
5	2703	2437	2552	5407
5	3023	2969	2896	5408
5	2714	2553	2390	5409
5	3186	2940	3058	5410
5	2772	2704	2510	5411
5	2923	2658	2534	5412
5	2705	2535	2432	5413
5	2710	2565	2541	5414
5	2721	2565	2710	5415
5	3008	2981	2840	5416
5	2726	2590	2589	5417
5	2862	2736	2861	5418
5	2754	2625	2566	5419
5	2787	2655	2642	5420
5	2850	2723	2540	5421
5	2831	2657	2798	5422
5	2814	2656	2688	5423
5	2849	2789	2721	5424
5	2713	2665	2507	5425
5	2843	2712	2711	5426
5	2922	2790	2920	5427
5	2999	2876	2875	5428
5	2925	2765	2895	5429
5	2839	2553	2714	5430
5	2846	2576	2703	5431
5	2774	2535	2705	5432
5	2772	2510	2675	5433
5	2816	2771	2659	5434
5	3014	2786	2897	5435
5	2717	2669	2580	5436
5	2717	2580	2579	5437
5	2718	2680	2581	5438
5	2718	2581	2582	5439
5	2719	2718	2582	5440
5	2719	2582	2574	5441
5	2874	2749	2698	5442
5	2857	2733	2778	5443
5	3127	3003	3002	5444
5	2877	2751	2748	5445
5	2722	2670	2586	5446
5	2722	2586	2585	5447
5	2924	2787	2767	5448
5	2802	2677	2513	5449
5	2725	2529	2591	5450
5	2828	2794	2682	5451
5	2727	2590	2726	5452
5	2863	2737	2862	5453
5	2727	2591	2590	5454
5	2879	2752	2878	5455
5	2881	2754	2693	5456
5	2740	2604	2739	5457
5	3052	2895	3041	5458
5	2799	2638	2641	5459
5	3140	3050	3055	5460
5	2889	2762	2887	5461
5	2732	2595	2731	5462
5	2732	2596	2595	5463
5	2732	2730	2596	5464
5	2942	2913	2780	5465
5	2888	2792	2757	5466
5	3010	2886	2885	5467
5	2734	2597	2599	5468
5	2734	2662	2597	5469
5	2826	2680	2718	5470
5	2822	2671	2665	5471
5	2913	2821	2780	5472
5	3117	2992	3116	5473
5	2828	2689	2795	5474
5	2852	2727	2726	5475
5	2882	2756	2754	5476
5	2742	2606	2741	5477
5	2928	2883	2755	5478
5	2861	2736	2735	5479
5	2871	2746	2745	5480
5	2863	2738	2737	5481
5	2862	2737	2736	5482
5	2865	2739	2864	5483
5	2864	2739	2738	5484
5	2748	2613	2612	5485
5	2873	2748	2747	5486
5	2868	2742	2867	5487
5	2865	2740	2739	5488
5	2869	2743	2868	5489
5	2866	2741	2740	5490
5	2872	2746	2871	5491
5	2880	2775	2679	5492
5	2747	2611	2746	5493
5	2867	2742	2741	5494
5	2868	2743	2742	5495
5	2877	2748	2873	5496
5	2869	2744	2743	5497
5	2880	2679	2753	5498
5	2870	2745	2744	5499
5	2836	2690	2781	5500
5	2842	2711	2673	5501
5	2970	2843	2842	5502
5	3002	2877	3001	5503
5	2878	2752	2751	5504
5	2872	2747	2746	5505
5	2879	2753	2752	5506
5	3545	3387	3529	5507
5	2798	2672	2788	5508
5	2849	2710	2841	5509
5	2864	2738	2863	5510
5	2797	2624	2708	5511
5	2861	2735	2859	5512
5	2755	2692	2623	5513
5	2774	2716	2535	5514
5	2929	2675	2834	5515
5	2757	2649	2530	5516
5	2757	2530	2531	5517
5	2930	2768	2776	5518
5	3011	2887	2886	5519
5	2760	2630	2629	5520
5	2762	2631	2761	5521
5	2886	2760	2885	5522
5	2885	2759	2800	5523
5	2886	2761	2760	5524
5	2942	2780	2766	5525
5	2884	2676	2769	5526
5	2887	2762	2761	5527
5	2769	2676	2649	5528
5	2911	2805	2823	5529
5	2888	2757	2764	5530
5	2887	2761	2886	5531
5	2765	2731	2729	5532
5	2854	2728	2853	5533
5	3026	2939	3021	5534
5	2952	2807	2891	5535
5	3070	2961	2847	5536
5	2787	2642	2767	5537
5	2784	2694	2697	5538
5	2768	2697	2640	5539
5	2776	2640	2645	5540
5	3079	2933	3074	5541
5	2818	2648	2551	5542
5	3076	2770	2936	5543
5	3156	3060	2953	5544
5	2771	2661	2550	5545
5	2937	2708	2786	5546
5	2786	2515	2667	5547
5	3028	2936	2771	5548
5	2773	2703	2552	5549
5	2785	2674	2577	5550
5	2785	2667	2674	5551
5	2775	2706	2679	5552
5	2880	2753	2879	5553
5	3029	3012	3013	5554
5	3169	3082	3143	5555
5	2845	2665	2713	5556
5	2824	2671	2822	5557
5	2844	2712	2843	5558
5	2960	2920	2777	5559
5	3037	3024	2918	5560
5	2935	2779	2700	5561
5	3207	3074	3204	5562
5	3233	3067	3201	5563
5	2814	2782	2656	5564
5	2998	2874	2921	5565
5	2782	2781	2691	5566
5	2782	2691	2656	5567
5	3047	3008	2883	5568
5	3170	3081	3169	5569
5	2945	2768	2930	5570
5	2913	2905	2821	5571
5	3031	2785	2946	5572
5	2894	2774	2704	5573
5	3032	2834	3006	5574
5	2897	2786	2667	5575
5	2966	2635	2833	5576
5	2850	2540	2709	5577
5	2973	2845	2844	5578
5	2971	2957	2822	5579
5	2789	2788	2681	5580
5	2789	2681	2721	5581
5	2790	2778	2647	5582
5	2790	2647	2663	5583
5	2808	2428	2791	5584
5	2808	2516	2428	5585
5	2792	2769	2649	5586
5	2792	2649	2757	5587
5	2793	2726	2724	5588
5	2820	2717	2783	5589
5	2794	2793	2724	5590
5	2794	2724	2682	5591
5	2828	2682	2689	5592
5	3372	3258	3270	5593
5	2845	2713	2844	5594
5	2847	2809	2719	5595
5	2834	2675	2558	5596
5	2894	2704	2772	5597
5	3127	3002	3126	5598
5	2950	2788	2900	5599
5	3009	2885	2800	5600
5	3009	2800	2952	5601
5	3158	3021	3053	5602
5	2932	2901	2792	5603
5	2835	2536	2695	5604
5	3160	2637	2801	5605
5	2813	2564	2696	5606
5	2848	2720	2796	5607
5	2816	2659	2683	5608
5	2808	2683	2516	5609
5	2804	2799	2641	5610
5	2804	2641	2730	5611
5	2805	2776	2645	5612
5	2805	2645	2668	5613
5	2806	2783	2643	5614
5	2806	2643	2670	5615
5	2807	2800	2646	5616
5	2807	2646	2638	5617
5	2936	2661	2771	5618
5	3174	2929	3032	5619
5	2813	2709	2564	5620
5	2824	2664	2671	5621
5	2829	2684	2811	5622
5	2811	2684	2685	5623
5	2830	2687	2779	5624
5	2825	2503	2634	5625
5	2817	2660	2549	5626
5	2812	2699	2417	5627
5	2832	2655	2787	5628
5	2954	2709	2813	5629
5	2916	2836	2781	5630
5	2999	2875	2998	5631
5	2918	2695	2803	5632
5	2904	2818	2678	5633
5	2909	2791	2651	5634
5	2918	2835	2695	5635
5	3097	2968	2908	5636
5	2819	2660	2817	5637
5	2907	2830	2906	5638
5	3065	2801	2940	5639
5	2819	2701	2548	5640
5	2819	2548	2660	5641
5	2820	2795	2669	5642
5	2820	2669	2717	5643
5	2821	2806	2670	5644
5	2821	2670	2722	5645
5	2827	2664	2824	5646
5	2826	2718	2809	5647
5	2823	2805	2668	5648
5	2823	2668	2758	5649
5	2974	2827	2958	5650
5	2920	2790	2777	5651
5	2959	2829	2811	5652
5	2935	2700	2770	5653
5	3092	3016	2971	5654
5	2826	2777	2680	5655
5	2914	2857	2778	5656
5	2962	2696	2848	5657
5	2919	2820	2899	5658
5	2982	2851	2860	5659
5	3058	2940	2818	5660
5	2829	2634	2684	5661
5	2830	2810	2652	5662
5	2830	2652	2686	5663
5	2831	2814	2688	5664
5	2831	2688	2657	5665
5	2833	2526	2639	5666
5	2833	2635	2526	5667
5	2903	2677	2802	5668
5	3166	3086	2961	5669
5	2859	2707	2840	5670
5	2859	2735	2707	5671
5	2967	2835	2918	5672
5	2967	2636	2835	5673
5	2876	2842	2673	5674
5	2844	2713	2712	5675
5	2837	2811	2653	5676
5	2837	2653	2702	5677
5	3063	2773	2915	5678
5	2968	2819	2908	5679
5	2896	2846	2703	5680
5	2896	2703	2773	5681
5	2866	2740	2865	5682
5	2867	2741	2866	5683
5	2849	2721	2710	5684
5	2841	2710	2706	5685
5	2875	2749	2874	5686
5	2916	2781	2892	5687
5	3101	3051	2972	5688
5	2895	2765	2854	5689
5	2921	2874	2836	5690
5	2957	2824	2822	5691
5	2978	2854	2853	5692
5	3038	2979	2914	5693
5	2846	2839	2714	5694
5	2846	2714	2576	5695
5	2958	2824	2957	5696
5	2961	2960	2826	5697
5	2977	2787	2924	5698
5	3147	2954	3093	5699
5	3148	3080	3141	5700
5	3191	3064	3167	5701
5	3045	2850	2954	5702
5	2924	2723	2850	5703
5	2881	2693	2851	5704
5	3046	2923	2716	5705
5	2860	2727	2852	5706
5	2860	2725	2727	5707
5	2858	2734	2857	5708
5	3068	2998	2921	5709
5	2951	2891	2799	5710
5	2926	2804	2855	5711
5	2855	2804	2730	5712
5	2855	2730	2732	5713
5	2856	2855	2732	5714
5	2856	2732	2731	5715
5	2858	2662	2734	5716
5	2858	2853	2662	5717
5	2958	2827	2824	5718
5	2922	2778	2790	5719
5	2981	2859	2840	5720
5	3047	2883	2928	5721
5	2989	2864	2988	5722
5	2860	2851	2725	5723
5	3005	2881	2851	5724
5	2986	2793	2927	5725
5	2984	2860	2852	5726
5	2919	2795	2820	5727
5	3019	2919	3018	5728
5	2939	2805	2911	5729
5	2983	2861	2859	5730
5	2870	2744	2869	5731
5	2985	2862	2861	5732
5	2992	2867	2991	5733
5	2987	2863	2862	5734
5	2988	2864	2863	5735
5	2996	2872	2871	5736
5	2989	2865	2864	5737
5	2993	2868	2992	5738
5	2990	2866	2865	5739
5	2994	2869	2993	5740
5	2991	2867	2866	5741
5	3004	2879	3003	5742
5	2873	2747	2872	5743
5	2992	2868	2867	5744
5	3003	2879	2878	5745
5	2995	2870	2994	5746
5	2993	2869	2868	5747
5	2994	2870	2869	5748
5	3257	3172	3242	5749
5	2875	2750	2749	5750
5	2876	2750	2875	5751
5	2973	2971	2845	5752
5	2955	2831	2943	5753
5	3256	3154	3226	5754
5	3001	2873	2997	5755
5	2995	2871	2870	5756
5	2997	2873	2872	5757
5	3373	3260	3297	5758
5	3002	2878	2877	5759
5	3004	2880	2879	5760
5	3001	2877	2873	5761
5	3043	2893	3020	5762
5	3244	3242	3124	5763
5	2996	2871	2995	5764
5	3174	3072	2929	5765
5	2883	2692	2755	5766
5	2983	2859	2981	5767
5	2928	2755	2797	5768
5	2990	2865	2989	5769
5	2884	2823	2758	5770
5	2884	2758	2676	5771
5	2931	2889	2887	5772
5	3135	3034	3011	5773
5	3122	2998	3068	5774
5	3041	2895	2978	5775
5	3000	2970	2842	5776
5	2952	2800	2807	5777
5	2890	2763	2889	5778
5	2890	2888	2764	5779
5	2890	2764	2763	5780
5	3026	2930	2939	5781
5	3152	3056	3073	5782
5	3307	3193	3258	5783
5	2891	2807	2799	5784
5	3135	3010	3134	5785
5	2948	2892	2782	5786
5	2948	2782	2814	5787
5	2893	2841	2775	5788
5	3003	2878	3002	5789
5	2923	2534	2716	5790
5	2897	2667	2785	5791
5	2902	2855	2856	5792
5	2926	2855	2902	5793
5	2956	2699	2812	5794
5	3063	2896	2773	5795
5	2988	2863	2987	5796
5	3183	3162	2947	5797
5	2898	2893	2775	5798
5	2898	2775	2880	5799
5	2899	2820	2783	5800
5	2905	2806	2821	5801
5	2976	2849	2975	5802
5	2976	2900	2789	5803
5	3258	3193	3205	5804
5	3013	2889	2931	5805
5	3154	3041	3062	5806
5	3057	2925	3052	5807
5	2960	2777	2826	5808
5	2903	2847	2677	5809
5	3182	2906	3027	5810
5	3156	2953	3035	5811
5	2944	2806	2905	5812
5	2944	2783	2806	5813
5	3098	2968	3097	5814
5	2908	2819	2817	5815
5	2941	2811	2837	5816
5	3017	2810	2907	5817
5	2968	2701	2819	5818
5	2968	2838	2701	5819
5	3028	2771	2816	5820
5	3076	2935	2770	5821
5	2910	2909	2651	5822
5	2910	2651	2815	5823
5	2934	2884	2912	5824
5	2934	2823	2884	5825
5	2934	2911	2823	5826
5	3061	2945	2930	5827
5	3030	2913	2942	5828
5	3292	3132	3168	5829
5	3100	2922	3099	5830
5	2979	2857	2914	5831
5	3063	3023	2896	5832
5	2915	2773	2654	5833
5	3103	2975	3043	5834
5	3080	2950	3025	5835
5	2917	2812	2666	5836
5	2917	2666	2839	5837
5	3037	2918	2803	5838
5	3162	3046	2947	5839
5	2927	2793	2794	5840
5	3019	2963	2919	5841
5	3092	2971	2973	5842
5	2922	2914	2778	5843
5	3243	3122	3157	5844
5	3064	2916	2892	5845
5	2998	2875	2874	5846
5	2972	2843	2970	5847
5	2923	2910	2815	5848
5	2923	2815	2658	5849
5	3099	2920	3091	5850
5	2965	2833	2832	5851
5	2925	2902	2856	5852
5	2925	2856	2765	5853
5	3052	2925	2895	5854
5	2951	2804	2926	5855
5	3151	2937	3014	5856
5	3178	3030	3144	5857
5	3006	2756	2882	5858
5	3014	2937	2786	5859
5	3072	2894	2772	5860
5	2929	2772	2675	5861
5	2933	2766	2784	5862
5	2942	2766	2933	5863
5	2932	2792	2888	5864
5	3053	2911	2934	5865
5	3075	3053	2934	5866
5	3073	3012	3029	5867
5	3467	3356	3466	5868
5	3056	2901	2932	5869
5	3390	3258	3372	5870
5	3053	3021	2911	5871
5	3159	2935	3076	5872
5	2936	2770	2661	5873
5	2940	2648	2818	5874
5	2964	2634	2829	5875
5	3077	2797	2937	5876
5	2937	2797	2708	5877
5	3017	2915	2810	5878
5	3181	3017	2907	5879
5	2939	2930	2776	5880
5	2939	2776	2805	5881
5	3160	2801	3065	5882
5	3058	2818	2904	5883
5	3181	2907	3078	5884
5	2959	2811	2941	5885
5	3135	3011	3010	5886
5	3030	3015	2913	5887
5	3064	2892	3044	5888
5	3260	3141	3149	5889
5	3115	2990	3114	5890
5	2944	2899	2783	5891
5	2945	2933	2784	5892
5	2945	2784	2768	5893
5	3083	2923	3046	5894
5	2947	2716	2774	5895
5	3196	3136	2946	5896
5	3096	2946	2715	5897
5	3172	3051	3101	5898
5	3323	3191	3167	5899
5	2949	2927	2794	5900
5	2949	2794	2828	5901
5	2950	2943	2798	5902
5	2950	2798	2788	5903
5	3374	3261	3315	5904
5	3057	2902	2925	5905
5	3011	2886	3010	5906
5	3010	2885	3009	5907
5	2953	2816	2683	5908
5	2953	2683	2808	5909
5	3093	2813	2962	5910
5	2954	2850	2709	5911
5	2955	2948	2814	5912
5	2955	2814	2831	5913
5	2956	2908	2817	5914
5	2956	2817	2699	5915
5	2973	2844	2972	5916
5	3055	2891	2951	5917
5	2961	2809	2847	5918
5	3102	2958	3090	5919
5	3078	2907	2906	5920
5	3089	2964	2829	5921
5	3087	2962	2848	5922
5	3070	2847	2903	5923
5	2961	2826	2809	5924
5	3286	3173	3263	5925
5	3244	3124	3123	5926
5	2962	2813	2696	5927
5	2963	2949	2828	5928
5	2963	2828	2795	5929
5	3281	3037	3142	5930
5	2964	2825	2634	5931
5	3039	2903	2802	5932
5	3166	2961	3070	5933
5	2966	2833	2965	5934
5	3039	2802	2966	5935
5	3096	2715	2967	5936
5	2967	2715	2578	5937
5	3022	2908	2956	5938
5	3098	2938	2838	5939
5	2969	2917	2839	5940
5	2969	2839	2846	5941
5	2971	2822	2845	5942
5	3090	2958	2957	5943
5	2972	2844	2843	5944
5	3016	2957	2971	5945
5	3091	2960	3086	5946
5	2980	2978	2853	5947
5	2974	2796	2827	5948
5	2974	2848	2796	5949
5	3062	3041	2978	5950
5	3095	3039	2966	5951
5	2976	2789	2849	5952
5	2975	2849	2841	5953
5	3044	2892	2948	5954
5	3103	3033	2976	5955
5	2977	2965	2832	5956
5	2977	2832	2787	5957
5	2980	2858	2979	5958
5	3086	2960	2961	5959
5	2980	2853	2858	5960
5	2979	2858	2857	5961
5	3100	2914	2922	5962
5	3248	3179	3128	5963
5	2985	2861	2983	5964
5	2987	2862	2985	5965
5	3005	2851	2982	5966
5	3007	2881	3005	5967
5	3168	3008	3047	5968
5	2991	2866	2990	5969
5	3129	3005	2982	5970
5	2984	2982	2860	5971
5	3106	2982	2984	5972
5	2997	2872	2996	5973
5	3110	2986	2927	5974
5	2986	2984	2852	5975
5	3018	2919	2899	5976
5	3082	2905	3015	5977
5	3229	3108	3110	5978
5	3331	3204	3259	5979
5	3067	2949	2963	5980
5	3251	3129	3249	5981
5	3109	2987	2985	5982
5	3111	2988	2987	5983
5	3118	2993	3117	5984
5	3113	2989	2988	5985
5	3119	2994	3118	5986
5	3126	3002	3001	5987
5	3114	2990	2989	5988
5	3120	2995	3119	5989
5	3115	2991	2990	5990
5	3128	3004	3003	5991
5	3116	2992	2991	5992
5	3128	3003	3127	5993
5	3117	2993	2992	5994
5	3121	2996	3120	5995
5	3118	2994	2993	5996
5	3128	3048	3004	5997
5	3000	2842	2876	5998
5	3000	2876	2999	5999
5	3241	3121	3120	6000
5	3428	3373	3297	6001
5	3122	2999	2998	6002
5	3062	2978	2980	6003
5	3119	2995	2994	6004
5	3246	3125	3245	6005
5	3121	2997	2996	6006
5	3245	3121	3241	6007
5	3263	3173	3179	6008
5	3120	2996	2995	6009
5	3321	3225	3276	6010
5	3161	3044	3084	6011
5	3132	3105	2981	6012
5	3444	3442	3324	6013
5	3008	2840	2883	6014
5	3175	3006	3130	6015
5	3264	3014	2897	6016
5	3007	2882	2881	6017
5	3109	2985	3107	6018
5	3105	2983	2981	6019
5	3177	3052	3163	6020
5	3254	3133	3253	6021
5	3253	3133	3050	6022
5	3163	3052	3041	6023
5	3054	2931	3034	6024
5	3054	3013	2931	6025
5	3012	2932	2888	6026
5	3012	2888	2890	6027
5	3013	3012	2890	6028
5	3013	2890	2889	6029
5	3130	3006	2882	6030
5	3032	2929	2834	6031
5	3185	3029	3054	6032
5	3180	3137	3026	6033
5	3104	3062	2980	6034
5	3050	2952	2891	6035
5	3036	2956	2812	6036
5	3059	2941	2837	6037
5	3112	2949	3067	6038
5	3112	2927	2949	6039
5	3108	2984	2986	6040
5	3067	2963	3019	6041
5	3247	3127	3126	6042
5	3125	3001	2997	6043
5	3021	2939	2911	6044
5	3075	2912	2901	6045
5	3098	2838	2968	6046
5	3097	2908	3022	6047
5	3036	2812	2917	6048
5	3036	3022	2956	6049
5	3096	2967	3024	6050
5	3024	2967	2918	6051
5	3025	2950	2900	6052
5	3043	2975	2893	6053
5	3200	3018	3170	6054
5	3350	3347	3231	6055
5	3265	3197	3017	6056
5	3266	3078	3182	6057
5	3094	2904	2825	6058
5	3089	2829	2959	6059
5	3034	2931	3011	6060
5	3134	3010	3009	6061
5	3074	2945	3061	6062
5	3074	2933	2945	6063
5	3271	3060	3156	6064
5	3031	2897	2785	6065
5	3376	3309	3162	6066
5	3072	2772	2929	6067
5	3033	3025	2900	6068
5	3033	2900	2976	6069
5	3054	3029	3013	6070
5	3436	3312	3435	6071
5	3186	3065	2940	6072
5	3060	2816	2953	6073
5	3220	3098	3219	6074
5	3040	2969	3023	6075
5	3142	3037	2803	6076
5	3046	2716	2947	6077
5	3051	2973	2972	6078
5	3194	3055	3085	6079
5	3188	2962	3087	6080
5	3045	2924	2850	6081
5	3040	3036	2917	6082
5	3040	2917	2969	6083
5	3092	2973	3051	6084
5	3104	2979	3038	6085
5	3095	2965	3042	6086
5	3042	2965	2977	6087
5	3103	2976	2975	6088
5	3202	3157	3068	6089
5	3084	2955	3049	6090
5	3084	2948	2955	6091
5	3319	3192	3268	6092
5	3482	3372	3417	6093
5	3035	2791	2909	6094
5	3035	2808	2791	6095
5	3130	2882	3007	6096
5	3116	2991	3115	6097
5	3048	3020	2898	6098
5	3048	2898	3004	6099
5	3084	3044	2948	6100
5	3049	2955	2943	6101
5	3133	3009	2952	6102
5	3134	3009	3133	6103
5	3148	3049	3080	6104
5	3124	2970	3000	6105
5	3085	2951	2926	6106
5	3055	3050	2891	6107
5	3075	2934	2912	6108
5	3205	3056	3152	6109
5	3270	3205	3152	6110
5	3255	3176	3135	6111
5	3071	2902	3057	6112
5	3071	2926	2902	6113
5	3395	3316	3289	6114
5	3075	2901	3056	6115
5	3253	3050	3140	6116
5	3085	2926	3071	6117
5	3060	3028	2816	6118
5	3035	2953	2808	6119
5	3219	3097	3218	6120
5	3094	2825	2964	6121
5	3066	2909	2910	6122
5	3376	3162	3183	6123
5	3079	2942	2933	6124
5	3079	3030	2942	6125
5	3101	2972	2970	6126
5	3203	3057	3177	6127
5	3220	3059	2938	6128
5	3218	3097	3022	6129
5	3069	2916	3064	6130
5	3104	2980	2979	6131
5	3159	3027	2935	6132
5	3160	2803	2637	6133
5	3303	3065	3186	6134
5	3199	2909	3066	6135
5	3170	3018	3081	6136
5	3207	3079	3074	6137
5	3214	3051	3172	6138
5	3444	3322	3396	6139
5	3069	3068	2921	6140
5	3069	2921	2916	6141
5	3087	2848	2974	6142
5	3102	2974	2958	6143
5	3410	3268	3273	6144
5	3085	3055	2951	6145
5	3196	2946	3096	6146
5	3275	3028	3060	6147
5	3073	3056	2932	6148
5	3073	2932	3012	6149
5	3316	3144	3289	6150
5	3501	3379	3498	6151
5	3180	3026	3021	6152
5	3556	3446	3436	6153
5	3275	3139	3028	6154
5	3165	3058	2904	6155
5	3206	3047	2928	6156
5	3077	2928	2797	6157
5	3088	2959	2941	6158
5	3195	2941	3059	6159
5	3345	3228	3288	6160
5	3180	3021	3158	6161
5	3080	3049	2943	6162
5	3080	2943	2950	6163
5	3081	3018	2899	6164
5	3081	2899	2944	6165
5	3082	3081	2944	6166
5	3082	2944	2905	6167
5	3083	3066	2910	6168
5	3083	2910	2923	6169
5	3580	3374	3471	6170
5	3364	3246	3363	6171
5	3045	3042	2977	6172
5	3045	2977	2924	6173
5	3091	2920	2960	6174
5	3213	3090	3016	6175
5	3209	3038	3100	6176
5	3093	2954	2813	6177
5	3182	3078	2906	6178
5	3210	3089	2959	6179
5	3210	2959	3088	6180
5	3382	3088	3195	6181
5	3320	3215	3147	6182
5	3344	3224	3213	6183
5	3279	3086	3166	6184
5	3212	3091	3086	6185
5	3311	3167	3161	6186
5	3099	2922	2920	6187
5	3095	2966	2965	6188
5	3211	3087	2974	6189
5	3155	2964	3089	6190
5	3299	3037	3281	6191
5	3282	3221	3212	6192
5	3209	3164	3038	6193
5	3264	3031	3136	6194
5	3151	3077	2937	6195
5	3198	3138	3023	6196
5	3187	3022	3036	6197
5	3198	3023	3063	6198
5	3219	3098	3097	6199
5	3322	3203	3261	6200
5	3100	3038	2914	6201
5	3221	3099	3091	6202
5	3261	3203	3177	6203
5	3123	2999	3122	6204
5	3123	3000	2999	6205
5	3448	3334	3332	6206
5	3146	2903	3039	6207
5	3189	3033	3103	6208
5	3276	3225	3150	6209
5	3202	3068	3069	6210
5	3324	3194	3190	6211
5	3107	2985	2983	6212
5	3114	2989	3113	6213
5	3129	2982	3106	6214
5	3131	3005	3129	6215
5	3111	2987	3109	6216
5	3113	2988	3111	6217
5	3227	3106	3108	6218
5	3108	3106	2984	6219
5	3201	3019	3200	6220
5	3125	2997	3121	6221
5	3238	3117	3237	6222
5	3110	3108	2986	6223
5	3368	3249	3366	6224
5	3317	3180	3158	6225
5	3231	3110	3112	6226
5	3112	3110	2927	6227
5	3201	3067	3019	6228
5	3200	3019	3018	6229
5	3169	3081	3082	6230
5	3406	3346	3347	6231
5	3230	3109	3228	6232
5	3232	3113	3111	6233
5	3237	3116	3236	6234
5	3126	3001	3125	6235
5	3234	3114	3113	6236
5	3239	3118	3238	6237
5	3235	3115	3114	6238
5	3241	3120	3240	6239
5	3236	3116	3115	6240
5	3237	3117	3116	6241
5	3248	3127	3247	6242
5	3238	3118	3117	6243
5	3545	3521	3428	6244
5	3239	3119	3118	6245
5	3244	3123	3243	6246
5	3124	3000	3123	6247
5	3396	3261	3374	6248
5	3124	3101	2970	6249
5	3208	3049	3148	6250
5	3167	3044	3161	6251
5	3246	3126	3125	6252
5	3240	3120	3119	6253
5	3245	3125	3121	6254
5	3399	3311	3262	6255
5	3248	3128	3127	6256
5	3428	3321	3387	6257
5	3150	3043	3020	6258
5	3443	3311	3399	6259
5	3249	3129	3106	6260
5	3283	3151	3014	6261
5	3132	2981	3008	6262
5	3264	2897	3031	6263
5	3661	3548	3506	6264
5	3131	3007	3005	6265
5	3252	3171	3105	6266
5	3295	3130	3250	6267
5	3535	3413	3494	6268
5	3255	3135	3134	6269
5	3416	3293	3378	6270
5	3324	3190	3322	6271
5	3177	3057	3052	6272
5	3194	3085	3190	6273
5	3509	3309	3376	6274
5	3206	2928	3077	6275
5	3137	3061	3026	6276
5	3289	3144	3207	6277
5	3187	3036	3040	6278
5	3187	3040	3138	6279
5	3139	3076	2936	6280
5	3139	2936	3028	6281
5	3194	3140	3055	6282
5	3190	3085	3071	6283
5	3141	3080	3025	6284
5	3262	3161	3208	6285
5	3303	3281	3142	6286
5	3155	3094	2964	6287
5	3143	3082	3015	6288
5	3440	3317	3307	6289
5	3178	3015	3030	6290
5	3144	3030	3079	6291
5	3217	3046	3162	6292
5	3398	3159	3277	6293
5	3226	3104	3164	6294
5	3146	3070	2903	6295
5	3146	3039	3095	6296
5	3147	3045	2954	6297
5	3323	3167	3311	6298
5	3392	3300	3381	6299
5	3149	3141	3025	6300
5	3149	3025	3033	6301
5	3189	3149	3033	6302
5	3225	3043	3150	6303
5	3301	3206	3077	6304
5	3250	3130	3007	6305
5	3556	3436	3551	6306
5	3176	3034	3135	6307
5	3153	3152	3073	6308
5	3153	3073	3029	6309
5	3226	3062	3104	6310
5	3164	3104	3038	6311
5	3302	3094	3155	6312
5	3303	3142	3065	6313
5	3304	3199	3066	6314
5	3305	3156	3199	6315
5	3157	3122	3068	6316
5	3381	3300	3260	6317
5	3874	3769	3765	6318
5	3352	3233	3201	6319
5	3165	2904	3094	6320
5	3393	3266	3182	6321
5	3160	3065	3142	6322
5	3160	3142	2803	6323
5	3167	3064	3044	6324
5	3191	3069	3064	6325
5	3764	3430	3536	6326
5	3217	3083	3046	6327
5	3310	3163	3154	6328
5	3285	3214	3172	6329
5	3215	3042	3147	6330
5	3147	3042	3045	6331
5	3274	3058	3165	6332
5	3333	3155	3089	6333
5	3278	3087	3211	6334
5	3211	2974	3102	6335
5	3362	3245	3241	6336
5	3300	3141	3260	6337
5	3171	3107	3105	6338
5	3168	3132	3008	6339
5	3312	3143	3298	6340
5	3233	3112	3067	6341
5	3397	3259	3296	6342
5	3328	3200	3170	6343
5	3232	3111	3230	6344
5	3230	3111	3109	6345
5	3223	3213	3016	6346
5	3222	3100	3099	6347
5	3173	3150	3020	6348
5	3173	3020	3048	6349
5	3326	3136	3196	6350
5	3183	2947	2894	6351
5	3314	3174	3032	6352
5	3175	3032	3006	6353
5	3185	3153	3029	6354
5	3192	3034	3176	6355
5	3291	3226	3164	6356
5	3520	3396	3484	6357
5	3446	3313	3436	6358
5	3485	3380	3440	6359
5	3179	3173	3048	6360
5	3179	3048	3128	6361
5	3270	3258	3205	6362
5	3370	3253	3294	6363
5	3195	3088	2941	6364
5	3197	2915	3017	6365
5	3418	3275	3060	6366
5	3308	3027	3159	6367
5	3301	3077	3151	6368
5	3283	3014	3264	6369
5	3184	3183	2894	6370
5	3184	2894	3072	6371
5	3440	3307	3390	6372
5	3269	3152	3153	6373
5	3418	3060	3271	6374
5	3337	3145	3217	6375
5	3218	3022	3187	6376
5	3220	2938	3098	6377
5	3320	3093	3188	6378
5	3188	3093	2962	6379
5	3381	3260	3373	6380
5	3311	3161	3262	6381
5	3310	3154	3256	6382
5	3294	3140	3287	6383
5	3474	3364	3363	6384
5	3202	3069	3191	6385
5	3192	3185	3054	6386
5	3192	3054	3034	6387
5	3193	3158	3053	6388
5	3193	3053	3075	6389
5	3315	3177	3163	6390
5	3287	3140	3194	6391
5	3651	3393	3534	6392
5	3400	3078	3266	6393
5	3337	3217	3309	6394
5	3309	3217	3162	6395
5	3198	3063	3197	6396
5	3197	3063	2915	6397
5	3318	3210	3088	6398
5	3265	3017	3181	6399
5	3199	3156	3035	6400
5	3199	3035	2909	6401
5	3313	3170	3169	6402
5	3240	3119	3239	6403
5	3234	3113	3232	6404
5	3228	3109	3107	6405
5	3401	3257	3360	6406
5	3360	3242	3244	6407
5	3203	3190	3071	6408
5	3203	3071	3057	6409
5	3207	3144	3079	6410
5	3204	3074	3061	6411
5	3205	3193	3075	6412
5	3205	3075	3056	6413
5	3250	3007	3131	6414
5	3402	3330	3206	6415
5	3298	3143	3178	6416
5	3317	3158	3307	6417
5	3208	3161	3084	6418
5	3208	3084	3049	6419
5	3486	3411	3447	6420
5	3278	3188	3087	6421
5	3302	3165	3094	6422
5	3487	3266	3393	6423
5	3224	3102	3090	6424
5	3331	3289	3207	6425
5	3221	3091	3212	6426
5	3223	3092	3214	6427
5	3224	3090	3213	6428
5	3335	3102	3224	6429
5	3371	3254	3370	6430
5	3214	3092	3051	6431
5	3215	3146	3095	6432
5	3215	3095	3042	6433
5	3216	3196	3096	6434
5	3216	3096	3024	6435
5	3299	3024	3037	6436
5	3217	3145	3083	6437
5	3340	3059	3220	6438
5	3338	3198	3327	6439
5	3327	3198	3197	6440
5	3338	3138	3198	6441
5	3218	3187	3138	6442
5	3339	3220	3219	6443
5	3222	3099	3221	6444
5	3222	3209	3100	6445
5	3223	3016	3092	6446
5	3280	3243	3157	6447
5	3291	3256	3226	6448
5	3405	3282	3212	6449
5	3342	3221	3282	6450
5	3361	3243	3280	6451
5	3225	3189	3103	6452
5	3225	3103	3043	6453
5	3284	3164	3209	6454
5	3226	3154	3062	6455
5	3228	3107	3171	6456
5	3249	3106	3227	6457
5	3247	3126	3246	6458
5	3351	3232	3348	6459
5	3488	3389	3367	6460
5	3229	3227	3108	6461
5	3236	3115	3235	6462
5	3235	3114	3234	6463
5	3313	3169	3312	6464
5	3231	3229	3110	6465
5	3349	3200	3328	6466
5	3349	3201	3200	6467
5	3353	3234	3351	6468
5	3233	3231	3112	6469
5	3346	3227	3229	6470
5	3478	3366	3476	6471
5	3328	3170	3313	6472
5	3312	3169	3143	6473
5	3348	3232	3230	6474
5	3359	3241	3240	6475
5	3351	3234	3232	6476
5	3357	3238	3356	6477
5	3353	3235	3234	6478
5	3362	3241	3359	6479
5	3354	3236	3235	6480
5	3355	3237	3236	6481
5	3365	3247	3364	6482
5	3356	3238	3237	6483
5	3363	3245	3362	6484
5	3357	3239	3238	6485
5	3242	3172	3101	6486
5	3242	3101	3124	6487
5	3336	3223	3214	6488
5	3243	3123	3122	6489
5	3343	3223	3336	6490
5	3428	3297	3321	6491
5	3358	3240	3239	6492
5	3359	3240	3358	6493
5	3365	3290	3248	6494
5	3363	3246	3245	6495
5	3762	3632	3716	6496
5	3529	3420	3489	6497
5	3491	3385	3407	6498
5	3530	3381	3526	6499
5	3492	3479	3369	6500
5	3292	3252	3132	6501
5	3252	3105	3132	6502
5	3295	3175	3130	6503
5	3593	3388	3496	6504
5	3251	3131	3129	6505
5	3288	3228	3171	6506
5	3369	3288	3171	6507
5	3254	3134	3133	6508
5	3255	3134	3254	6509
5	3371	3255	3254	6510
5	3378	3319	3377	6511
5	3322	3190	3203	6512
5	3416	3269	3293	6513
5	3526	3373	3521	6514
5	3447	3323	3443	6515
5	3403	3279	3166	6516
5	3335	3211	3102	6517
5	3417	3270	3269	6518
5	3270	3152	3269	6519
5	3259	3204	3137	6520
5	3551	3436	3435	6521
5	3297	3260	3149	6522
5	3297	3149	3189	6523
5	3360	3257	3242	6524
5	3495	3386	3481	6525
5	3420	3286	3385	6526
5	3584	3474	3583	6527
5	3364	3247	3246	6528
5	3365	3248	3247	6529
5	3314	3032	3175	6530
5	3511	3409	3330	6531
5	3327	3197	3265	6532
5	3338	3219	3218	6533
5	3419	3139	3275	6534
5	3415	3318	3382	6535
5	3267	3184	3072	6536
5	3267	3072	3174	6537
5	3268	3192	3176	6538
5	3371	3273	3255	6539
5	3800	3705	3768	6540
5	3417	3269	3416	6541
5	3650	3501	3629	6542
5	3553	3440	3390	6543
5	3499	3391	3303	6544
5	3277	3076	3139	6545
5	3272	3262	3208	6546
5	3272	3208	3148	6547
5	3273	3268	3176	6548
5	3273	3176	3255	6549
5	3375	3136	3326	6550
5	3274	3186	3058	6551
5	3419	3275	3418	6552
5	3277	3159	3076	6553
5	3521	3373	3428	6554
5	3387	3321	3276	6555
5	3595	3505	3549	6556
5	3308	3182	3027	6557
5	3343	3213	3223	6558
5	3279	3212	3086	6559
5	3332	3146	3215	6560
5	3334	3070	3146	6561
5	3652	3539	3579	6562
5	3413	3272	3392	6563
5	3547	3274	3430	6564
5	3299	3216	3024	6565
5	3558	3448	3383	6566
5	3341	3209	3222	6567
5	3444	3324	3322	6568
5	3367	3250	3131	6569
5	3285	3172	3257	6570
5	3291	3164	3284	6571
5	3336	3214	3285	6572
5	3344	3213	3343	6573
5	3286	3276	3150	6574
5	3286	3150	3173	6575
5	3294	3253	3140	6576
5	3370	3254	3253	6577
5	3345	3230	3228	6578
5	3355	3236	3354	6579
5	3553	3390	3497	6580
5	3446	3328	3313	6581
5	3290	3263	3179	6582
5	3290	3179	3248	6583
5	3425	3257	3401	6584
5	3502	3425	3401	6585
5	3366	3249	3227	6586
5	3503	3292	3409	6587
5	3293	3269	3153	6588
5	3293	3153	3185	6589
5	3456	3344	3343	6590
5	3412	3256	3291	6591
5	3375	3264	3136	6592
5	3519	3437	3314	6593
5	3296	3259	3137	6594
5	3296	3137	3180	6595
5	3438	3256	3412	6596
5	3589	3481	3480	6597
5	3669	3497	3596	6598
5	3397	3296	3380	6599
5	3304	3066	3145	6600
5	3325	3196	3216	6601
5	3300	3272	3148	6602
5	3300	3148	3141	6603
5	3330	3047	3206	6604
5	3330	3168	3047	6605
5	3431	3304	3394	6606
5	3536	3302	3404	6607
5	3735	3656	3542	6608
5	3487	3415	3266	6609
5	3305	3271	3156	6610
5	3305	3199	3304	6611
5	3500	3281	3391	6612
5	3431	3305	3304	6613
5	3306	3280	3157	6614
5	3306	3157	3202	6615
5	3317	3296	3180	6616
5	3307	3158	3193	6617
5	3441	3210	3318	6618
5	3382	3195	3340	6619
5	3483	3325	3433	6620
5	3506	3431	3394	6621
5	3315	3261	3177	6622
5	3315	3163	3310	6623
5	3329	3202	3191	6624
5	3329	3191	3323	6625
5	3628	3533	3594	6626
5	3423	3331	3379	6627
5	3435	3298	3429	6628
5	3429	3316	3395	6629
5	3414	3184	3267	6630
5	3437	3174	3314	6631
5	3481	3370	3480	6632
5	3538	3386	3495	6633
5	3316	3298	3178	6634
5	3316	3178	3144	6635
5	3497	3372	3482	6636
5	3378	3293	3319	6637
5	3441	3333	3210	6638
5	3333	3089	3210	6639
5	3319	3293	3185	6640
5	3319	3185	3192	6641
5	3320	3147	3093	6642
5	3331	3207	3204	6643
5	3321	3297	3189	6644
5	3321	3189	3225	6645
5	3324	3287	3194	6646
5	3447	3411	3329	6647
5	3507	3454	3450	6648
5	3329	3306	3202	6649
5	3396	3322	3261	6650
5	3527	3447	3443	6651
5	3326	3196	3325	6652
5	3388	3301	3151	6653
5	3801	3711	3601	6654
5	3388	3151	3283	6655
5	3340	3195	3059	6656
5	3338	3218	3138	6657
5	3435	3312	3298	6658
5	3358	3239	3357	6659
5	3392	3272	3300	6660
5	3599	3563	3507	6661
5	3737	3633	3493	6662
5	3367	3131	3251	6663
5	3515	3279	3403	6664
5	3332	3215	3320	6665
5	3334	3146	3332	6666
5	3334	3166	3070	6667
5	3404	3155	3333	6668
5	3393	3182	3308	6669
5	3403	3166	3334	6670
5	3448	3403	3334	6671
5	3448	3332	3383	6672
5	3449	3211	3335	6673
5	3471	3315	3310	6674
5	3616	3405	3515	6675
5	3524	3506	3394	6676
5	3391	3281	3303	6677
5	3340	3220	3339	6678
5	3339	3219	3338	6679
5	3452	3327	3265	6680
5	3400	3265	3181	6681
5	3400	3181	3078	6682
5	3382	3318	3088	6683
5	3453	3424	3284	6684
5	3341	3284	3209	6685
5	3342	3341	3222	6686
5	3342	3222	3221	6687
5	3450	3336	3285	6688
5	3425	3285	3257	6689
5	3454	3343	3336	6690
5	3597	3513	3560	6691
5	3348	3230	3345	6692
5	3356	3237	3355	6693
5	3476	3366	3346	6694
5	3366	3227	3346	6695
5	3347	3346	3229	6696
5	3347	3229	3231	6697
5	3736	3592	3626	6698
5	3354	3235	3353	6699
5	3352	3201	3349	6700
5	3350	3231	3233	6701
5	3474	3363	3473	6702
5	3461	3458	3350	6703
5	3458	3347	3350	6704
5	3459	3351	3348	6705
5	3458	3406	3347	6706
5	3352	3350	3233	6707
5	3565	3384	3457	6708
5	3460	3352	3349	6709
5	3463	3328	3446	6710
5	3429	3298	3316	6711
5	3436	3313	3312	6712
5	3462	3351	3459	6713
5	3462	3353	3351	6714
5	3464	3354	3353	6715
5	3582	3473	3472	6716
5	3465	3355	3354	6717
5	3473	3362	3472	6718
5	3466	3356	3355	6719
5	3475	3364	3474	6720
5	3467	3357	3356	6721
5	3411	3306	3329	6722
5	3510	3401	3470	6723
5	3361	3360	3244	6724
5	3361	3244	3243	6725
5	3472	3359	3469	6726
5	3468	3358	3357	6727
5	3469	3359	3358	6728
5	3475	3408	3365	6729
5	3473	3363	3362	6730
5	3983	3911	3982	6731
5	3699	3606	3641	6732
5	3472	3362	3359	6733
5	3479	3457	3288	6734
5	3426	3252	3292	6735
5	3369	3171	3252	6736
5	3711	3492	3601	6737
5	3704	3488	3608	6738
5	3368	3251	3249	6739
5	3476	3346	3406	6740
5	3384	3348	3345	6741
5	3481	3386	3371	6742
5	3480	3370	3294	6743
5	3696	3544	3657	6744
5	3410	3273	3386	6745
5	3417	3372	3270	6746
5	3481	3371	3370	6747
5	3491	3407	3490	6748
5	3602	3490	3517	6749
5	3438	3310	3256	6750
5	3741	3522	3616	6751
5	3552	3414	3267	6752
5	3434	3337	3309	6753
5	3524	3394	3337	6754
5	3493	3376	3414	6755
5	3377	3319	3268	6756
5	3386	3273	3371	6757
5	3518	3442	3444	6758
5	3544	3442	3518	6759
5	3379	3331	3259	6760
5	3629	3498	3628	6761
5	3397	3379	3259	6762
5	3380	3296	3317	6763
5	3951	3855	3927	6764
5	3603	3521	3545	6765
5	3452	3339	3338	6766
5	3452	3265	3400	6767
5	3902	3706	3813	6768
5	3383	3188	3278	6769
5	3466	3355	3465	6770
5	3468	3357	3467	6771
5	3385	3286	3263	6772
5	3475	3365	3364	6773
5	3410	3377	3268	6774
5	3703	3594	3610	6775
5	3494	3413	3392	6776
5	3742	3659	3707	6777
5	3402	3301	3388	6778
5	3402	3206	3301	6779
5	3389	3295	3250	6780
5	3389	3250	3367	6781
5	3440	3380	3317	6782
5	3390	3307	3258	6783
5	3433	3216	3299	6784
5	3433	3325	3216	6785
5	3648	3530	3526	6786
5	3526	3381	3373	6787
5	3404	3302	3155	6788
5	3531	3404	3333	6789
5	3394	3304	3145	6790
5	3394	3145	3337	6791
5	3550	3429	3546	6792
5	3533	3380	3485	6793
5	3427	3294	3287	6794
5	3480	3294	3427	6795
5	3498	3379	3397	6796
5	3546	3395	3532	6797
5	3534	3393	3308	6798
5	3398	3308	3159	6799
5	3743	3728	3604	6800
5	3627	3490	3602	6801
5	3452	3340	3339	6802
5	3452	3338	3327	6803
5	3421	3306	3411	6804
5	3607	3518	3520	6805
5	3409	3292	3168	6806
5	3409	3168	3330	6807
5	3451	3342	3282	6808
5	3405	3212	3279	6809
5	3432	3305	3431	6810
5	3764	3547	3430	6811
5	3422	3335	3224	6812
5	3422	3224	3344	6813
5	3569	3459	3516	6814
5	3457	3345	3288	6815
5	3407	3385	3263	6816
5	3407	3263	3290	6817
5	3408	3407	3290	6818
5	3408	3290	3365	6819
5	3704	3600	3488	6820
5	3426	3369	3252	6821
5	4003	3938	3984	6822
5	3609	3528	3538	6823
5	3439	3361	3280	6824
5	3504	3439	3421	6825
5	3421	3280	3306	6826
5	3470	3360	3361	6827
5	3413	3399	3262	6828
5	3413	3262	3272	6829
5	3414	3376	3183	6830
5	3414	3183	3184	6831
5	3415	3382	3400	6832
5	3415	3400	3266	6833
5	3540	3416	3378	6834
5	3610	3594	3485	6835
5	3667	3551	3550	6836
5	3692	3623	3584	6837
5	3542	3277	3419	6838
5	3419	3277	3139	6839
5	3430	3165	3302	6840
5	3505	3419	3418	6841
5	3420	3387	3276	6842
5	3420	3276	3286	6843
5	3705	3605	3655	6844
5	3688	3543	3604	6845
5	3455	3341	3342	6846
5	3512	3403	3448	6847
5	3423	3395	3289	6848
5	3423	3289	3331	6849
5	3424	3412	3291	6850
5	3424	3291	3284	6851
5	3450	3285	3425	6852
5	3522	3451	3282	6853
5	3477	3367	3251	6854
5	3477	3251	3368	6855
5	3543	3411	3486	6856
5	3804	3721	3790	6857
5	3936	3817	3812	6858
5	3794	3692	3691	6859
5	3532	3423	3501	6860
5	3463	3349	3328	6861
5	3499	3303	3186	6862
5	3430	3274	3165	6863
5	3432	3271	3305	6864
5	3432	3418	3271	6865
5	3500	3299	3281	6866
5	3547	3499	3186	6867
5	3524	3337	3434	6868
5	3555	3375	3326	6869
5	3600	3523	3389	6870
5	3375	3283	3264	6871
5	3754	3628	3753	6872
5	3501	3423	3379	6873
5	3551	3435	3550	6874
5	3532	3395	3423	6875
5	3631	3402	3593	6876
5	3437	3267	3174	6877
5	3439	3280	3421	6878
5	3471	3310	3438	6879
5	3470	3361	3439	6880
5	3470	3401	3360	6881
5	3541	3417	3416	6882
5	3645	3528	3609	6883
5	3554	3318	3415	6884
5	3591	3531	3441	6885
5	3442	3427	3287	6886
5	3442	3287	3324	6887
5	3447	3329	3323	6888
5	3443	3323	3311	6889
5	3519	3314	3175	6890
5	3511	3330	3402	6891
5	3708	3615	3555	6892
5	3445	3326	3325	6893
5	3572	3446	3556	6894
5	3469	3358	3468	6895
5	3383	3332	3320	6896
5	3383	3320	3188	6897
5	3449	3278	3211	6898
5	3598	3561	3456	6899
5	3558	3278	3449	6900
5	3558	3383	3278	6901
5	3559	3450	3425	6902
5	3515	3403	3512	6903
5	3455	3342	3451	6904
5	3453	3284	3341	6905
5	3452	3400	3382	6906
5	3452	3382	3340	6907
5	3454	3336	3450	6908
5	3559	3425	3502	6909
5	3456	3343	3454	6910
5	3741	3616	3701	6911
5	3709	3561	3598	6912
5	3455	3453	3341	6913
5	3736	3707	3592	6914
5	3580	3471	3539	6915
5	3573	3464	3571	6916
5	3457	3384	3345	6917
5	3459	3348	3384	6918
5	3516	3459	3384	6919
5	3464	3353	3462	6920
5	3465	3354	3464	6921
5	3461	3352	3460	6922
5	3461	3350	3352	6923
5	3805	3755	3635	6924
5	3537	3476	3406	6925
5	3618	3537	3566	6926
5	3583	3473	3582	6927
5	3666	3516	3619	6928
5	3463	3460	3349	6929
5	3569	3462	3459	6930
5	3567	3461	3460	6931
5	3806	3608	3745	6932
5	3546	3429	3395	6933
5	3550	3435	3429	6934
5	3904	3711	3801	6935
5	3571	3464	3462	6936
5	3573	3465	3464	6937
5	3584	3517	3475	6938
5	3574	3466	3465	6939
5	3692	3583	3691	6940
5	3575	3467	3466	6941
5	3604	3543	3486	6942
5	3530	3392	3381	6943
5	3589	3480	3588	6944
5	3471	3374	3315	6945
5	3690	3582	3581	6946
5	3576	3468	3467	6947
5	3582	3472	3581	6948
5	3577	3469	3468	6949
5	3583	3474	3473	6950
5	3626	3489	3491	6951
5	3581	3472	3469	6952
5	3584	3475	3474	6953
5	3585	3368	3478	6954
5	3488	3367	3477	6955
5	3479	3288	3369	6956
5	3503	3426	3292	6957
5	3600	3389	3488	6958
5	3478	3368	3366	6959
5	3492	3369	3426	6960
5	3570	3460	3463	6961
5	3513	3412	3424	6962
5	3541	3416	3540	6963
5	3525	3378	3377	6964
5	3654	3540	3525	6965
5	3541	3482	3417	6966
5	3540	3378	3525	6967
5	3624	3445	3483	6968
5	3483	3445	3325	6969
5	3484	3396	3374	6970
5	3580	3484	3374	6971
5	3753	3594	3703	6972
5	3768	3655	3654	6973
5	3766	3687	3652	6974
5	3527	3486	3447	6975
5	3542	3398	3277	6976
5	3554	3441	3318	6977
5	3519	3175	3295	6978
5	3555	3326	3445	6979
5	3489	3420	3385	6980
5	3788	3686	3653	6981
5	3491	3489	3385	6982
5	3490	3407	3408	6983
5	3626	3592	3489	6984
5	3934	3836	3897	6985
5	3608	3477	3585	6986
5	3586	3476	3537	6987
5	3509	3434	3309	6988
5	3509	3376	3493	6989
5	3508	3443	3399	6990
5	3527	3443	3508	6991
5	3589	3495	3481	6992
5	3588	3427	3544	6993
5	3496	3388	3283	6994
5	3496	3283	3375	6995
5	3553	3485	3440	6996
5	3497	3390	3372	6997
5	3747	3610	3669	6998
5	3660	3532	3650	6999
5	3548	3432	3431	7000
5	3549	3432	3548	7001
5	3514	3299	3500	7002
5	3514	3433	3299	7003
5	3610	3485	3553	7004
5	3747	3703	3610	7005
5	3578	3439	3504	7006
5	3612	3507	3559	7007
5	4010	3835	3944	7008
5	3585	3477	3368	7009
5	3578	3470	3439	7010
5	3510	3502	3401	7011
5	3531	3333	3441	7012
5	3534	3308	3398	7013
5	3549	3505	3418	7014
5	3548	3431	3506	7015
5	3563	3456	3454	7016
5	3579	3412	3513	7017
5	3648	3526	3646	7018
5	3898	3808	3868	7019
5	3633	3509	3493	7020
5	3643	3524	3434	7021
5	3539	3471	3438	7022
5	3564	3455	3451	7023
5	3608	3488	3477	7024
5	3805	3635	3733	7025
5	3616	3522	3405	7026
5	3515	3405	3279	7027
5	3716	3606	3699	7028
5	3653	3578	3504	7029
5	3644	3506	3524	7030
5	3590	3483	3433	7031
5	3563	3454	3507	7032
5	3522	3282	3405	7033
5	3574	3465	3573	7034
5	3572	3463	3446	7035
5	3517	3490	3408	7036
5	3517	3408	3475	7037
5	3544	3427	3442	7038
5	3588	3480	3427	7039
5	3640	3437	3519	7040
5	3552	3267	3437	7041
5	3520	3518	3444	7042
5	3520	3444	3396	7043
5	3530	3494	3392	7044
5	3808	3715	3762	7045
5	3557	3335	3422	7046
5	3642	3422	3561	7047
5	3523	3519	3295	7048
5	3523	3295	3389	7049
5	3644	3524	3643	7050
5	3590	3433	3514	7051
5	3799	3696	3717	7052
5	3654	3525	3645	7053
5	4029	3898	4020	7054
5	3817	3752	3718	7055
5	3657	3518	3607	7056
5	3767	3645	3761	7057
5	3528	3525	3377	7058
5	3528	3377	3410	7059
5	3545	3428	3387	7060
5	3529	3387	3420	7061
5	3659	3529	3592	7062
5	3606	3535	3494	7063
5	3649	3404	3531	7064
5	3536	3430	3302	7065
5	3655	3541	3540	7066
5	3628	3498	3533	7067
5	3533	3498	3397	7068
5	3533	3397	3380	7069
5	3554	3415	3487	7070
5	3670	3554	3487	7071
5	3535	3508	3399	7072
5	3535	3399	3413	7073
5	3649	3536	3404	7074
5	3547	3186	3274	7075
5	3621	3479	3492	7076
5	3587	3565	3457	7077
5	3538	3528	3410	7078
5	3538	3410	3386	7079
5	3696	3588	3544	7080
5	3638	3513	3597	7081
5	3719	3605	3705	7082
5	3645	3525	3528	7083
5	3869	3754	3864	7084
5	3655	3605	3541	7085
5	3651	3487	3393	7086
5	3656	3398	3542	7087
5	3543	3504	3421	7088
5	3543	3421	3411	7089
5	4118	4026	4045	7090
5	3854	3743	3847	7091
5	3646	3521	3603	7092
5	3715	3625	3647	7093
5	3665	3550	3546	7094
5	3629	3501	3498	7095
5	3723	3651	3656	7096
5	3549	3418	3432	7097
5	3671	3445	3624	7098
5	3724	3639	3662	7099
5	3749	3624	3483	7100
5	3842	3771	3664	7101
5	3667	3550	3665	7102
5	3694	3537	3618	7103
5	3665	3546	3660	7104
5	3650	3532	3501	7105
5	3613	3493	3414	7106
5	3593	3402	3388	7107
5	3655	3540	3654	7108
5	3769	3660	3650	7109
5	3649	3531	3591	7110
5	3591	3441	3554	7111
5	3634	3434	3509	7112
5	3708	3555	3671	7113
5	3780	3727	3622	7114
5	3905	3731	3826	7115
5	3672	3449	3557	7116
5	3557	3449	3335	7117
5	3672	3558	3449	7118
5	3558	3512	3448	7119
5	3673	3597	3560	7120
5	3559	3507	3450	7121
5	3560	3513	3424	7122
5	3560	3424	3453	7123
5	3561	3422	3344	7124
5	3561	3344	3456	7125
5	3562	3560	3453	7126
5	3562	3453	3455	7127
5	3598	3456	3563	7128
5	3675	3562	3564	7129
5	3702	3653	3688	7130
5	3564	3562	3455	7131
5	3568	3461	3567	7132
5	3565	3516	3384	7133
5	3566	3537	3406	7134
5	3566	3406	3458	7135
5	3568	3458	3461	7136
5	3568	3566	3458	7137
5	3581	3469	3577	7138
5	4076	3991	3925	7139
5	3571	3462	3569	7140
5	3577	3468	3576	7141
5	3679	3571	3622	7142
5	3570	3567	3460	7143
5	3576	3467	3575	7144
5	3575	3466	3574	7145
5	3677	3620	3567	7146
5	3572	3570	3463	7147
5	3620	3568	3567	7148
5	3676	3568	3620	7149
5	3826	3731	3692	7150
5	3676	3618	3566	7151
5	3681	3573	3679	7152
5	3689	3577	3685	7153
5	3679	3573	3571	7154
5	3681	3574	3573	7155
5	3691	3582	3690	7156
5	3683	3575	3574	7157
5	3612	3599	3507	7158
5	3578	3510	3470	7159
5	3579	3539	3438	7160
5	3579	3438	3412	7161
5	4110	4019	4075	7162
5	3730	3609	3614	7163
5	3812	3718	3732	7164
5	3684	3576	3575	7165
5	3690	3581	3689	7166
5	3685	3577	3576	7167
5	3846	3732	3731	7168
5	3691	3583	3582	7169
5	4063	3981	3987	7170
5	3732	3623	3731	7171
5	3587	3457	3479	7172
5	3750	3668	3523	7173
5	3711	3621	3492	7174
5	3586	3478	3476	7175
5	3700	3587	3621	7176
5	3695	3619	3565	7177
5	4034	3924	4003	7178
5	3658	3614	3495	7179
5	3625	3604	3486	7180
5	3732	3602	3623	7181
5	3726	3595	3663	7182
5	3671	3555	3445	7183
5	3735	3542	3419	7184
5	3735	3419	3505	7185
5	3592	3529	3489	7186
5	3936	3812	3935	7187
5	3850	3633	3737	7188
5	3901	3805	3733	7189
5	3594	3533	3485	7190
5	3765	3629	3754	7191
5	3663	3548	3661	7192
5	3661	3506	3644	7193
5	3596	3497	3482	7194
5	3820	3719	3705	7195
5	3790	3687	3766	7196
5	3638	3579	3513	7197
5	3740	3675	3564	7198
5	3675	3673	3562	7199
5	4064	3999	4030	7200
5	3740	3564	3674	7201
5	3750	3523	3600	7202
5	3613	3414	3552	7203
5	3601	3492	3426	7204
5	3601	3426	3503	7205
5	3689	3581	3577	7206
5	3692	3584	3583	7207
5	3836	3742	3802	7208
5	3710	3646	3603	7209
5	3763	3646	3710	7210
5	3817	3718	3812	7211
5	3605	3596	3482	7212
5	3605	3482	3541	7213
5	3625	3486	3527	7214
5	3632	3535	3606	7215
5	3687	3539	3652	7216
5	3762	3647	3632	7217
5	3745	3585	3693	7218
5	3621	3587	3479	7219
5	3790	3721	3617	7220
5	3657	3544	3518	7221
5	3875	3769	3874	7222
5	3747	3669	3713	7223
5	3611	3607	3520	7224
5	3611	3520	3484	7225
5	3788	3653	3702	7226
5	3673	3560	3562	7227
5	3615	3375	3555	7228
5	3749	3483	3590	7229
5	3614	3609	3538	7230
5	3614	3538	3495	7231
5	3816	3671	3751	7232
5	3615	3496	3375	7233
5	3672	3512	3558	7234
5	3741	3674	3522	7235
5	3617	3611	3484	7236
5	3617	3484	3580	7237
5	3622	3571	3569	7238
5	3619	3516	3565	7239
5	3660	3546	3532	7240
5	3676	3566	3568	7241
5	3682	3551	3667	7242
5	3680	3572	3556	7243
5	3693	3585	3478	7244
5	3693	3478	3586	7245
5	3683	3574	3681	7246
5	3677	3567	3570	7247
5	3623	3602	3517	7248
5	3623	3517	3584	7249
5	3815	3600	3704	7250
5	3816	3708	3671	7251
5	3647	3508	3632	7252
5	3647	3527	3508	7253
5	3752	3627	3718	7254
5	3931	3802	3834	7255
5	3627	3626	3491	7256
5	3627	3491	3490	7257
5	3785	3682	3667	7258
5	4065	3833	3912	7259
5	3713	3669	3596	7260
5	3753	3628	3594	7261
5	3630	3612	3559	7262
5	3630	3559	3502	7263
5	3904	3837	3711	7264
5	3631	3511	3402	7265
5	3647	3625	3527	7266
5	3632	3508	3535	7267
5	3634	3509	3633	7268
5	3663	3549	3548	7269
5	3848	3822	3774	7270
5	3643	3434	3634	7271
5	3635	3503	3409	7272
5	3635	3409	3511	7273
5	3636	3616	3515	7274
5	3636	3515	3512	7275
5	3637	3630	3502	7276
5	3637	3502	3510	7277
5	3652	3579	3638	7278
5	3687	3580	3539	7279
5	3639	3590	3514	7280
5	3639	3514	3500	7281
5	3757	3640	3668	7282
5	3640	3552	3437	7283
5	3641	3606	3494	7284
5	3641	3494	3530	7285
5	3642	3636	3557	7286
5	3642	3557	3422	7287
5	3758	3643	3634	7288
5	3770	3724	3725	7289
5	3821	3749	3759	7290
5	3835	3593	3814	7291
5	3838	3719	3820	7292
5	3768	3654	3767	7293
5	3648	3641	3530	7294
5	3646	3526	3521	7295
5	3819	3746	3798	7296
5	3734	3720	3607	7297
5	3722	3699	3641	7298
5	3761	3609	3730	7299
5	3841	3664	3499	7300
5	3774	3649	3591	7301
5	3773	3665	3772	7302
5	3772	3660	3769	7303
5	3670	3487	3651	7304
5	3670	3591	3554	7305
5	3686	3510	3578	7306
5	3738	3630	3637	7307
5	3686	3578	3653	7308
5	3686	3637	3510	7309
5	3761	3645	3609	7310
5	4065	3903	3833	7311
5	3829	3730	3746	7312
5	3820	3705	3800	7313
5	3656	3651	3534	7314
5	3656	3534	3398	7315
5	3658	3495	3589	7316
5	3734	3611	3721	7317
5	3697	3588	3696	7318
5	3697	3589	3588	7319
5	3659	3603	3545	7320
5	3659	3545	3529	7321
5	3863	3753	3703	7322
5	3754	3629	3628	7323
5	3759	3639	3724	7324
5	3968	3883	3917	7325
5	3662	3639	3500	7326
5	3662	3500	3391	7327
5	3723	3670	3651	7328
5	3663	3595	3549	7329
5	3664	3662	3391	7330
5	3664	3391	3499	7331
5	4150	4066	4134	7332
5	3682	3556	3551	7333
5	3666	3622	3569	7334
5	3666	3569	3516	7335
5	3765	3650	3629	7336
5	3772	3665	3660	7337
5	3668	3640	3519	7338
5	3668	3519	3523	7339
5	3669	3610	3553	7340
5	3669	3553	3497	7341
5	3906	3841	3764	7342
5	3774	3591	3670	7343
5	3835	3733	3631	7344
5	3737	3493	3613	7345
5	3672	3557	3636	7346
5	3672	3636	3512	7347
5	3776	3597	3673	7348
5	3775	3599	3612	7349
5	3674	3564	3451	7350
5	3674	3451	3522	7351
5	3813	3675	3740	7352
5	3852	3741	3701	7353
5	3729	3618	3676	7354
5	3778	3666	3619	7355
5	3783	3680	3682	7356
5	3779	3712	3677	7357
5	3678	3677	3570	7358
5	3678	3570	3572	7359
5	3685	3576	3684	7360
5	3684	3575	3683	7361
5	3779	3677	3678	7362
5	3680	3678	3572	7363
5	3712	3620	3677	7364
5	3773	3667	3665	7365
5	3785	3667	3773	7366
5	3682	3680	3556	7367
5	3782	3679	3727	7368
5	3794	3691	3793	7369
5	3826	3692	3794	7370
5	3769	3650	3765	7371
5	3926	3831	3907	7372
5	3784	3683	3681	7373
5	3706	3673	3675	7374
5	3714	3637	3686	7375
5	3748	3630	3738	7376
5	3687	3617	3580	7377
5	3688	3653	3504	7378
5	3688	3504	3543	7379
5	3792	3689	3791	7380
5	3786	3684	3683	7381
5	3793	3691	3690	7382
5	3787	3685	3684	7383
5	3846	3812	3732	7384
5	3793	3690	3792	7385
5	3791	3689	3685	7386
5	3792	3690	3689	7387
5	3695	3565	3587	7388
5	3992	3827	3929	7389
5	3827	3693	3795	7390
5	3694	3586	3537	7391
5	3700	3695	3587	7392
5	3777	3620	3712	7393
5	3697	3658	3589	7394
5	3932	3828	3839	7395
5	3873	3800	3768	7396
5	3890	3728	3854	7397
5	3735	3505	3698	7398
5	3698	3505	3595	7399
5	4254	4211	4214	7400
5	3722	3641	3648	7401
5	3825	3782	3727	7402
5	3796	3618	3729	7403
5	3701	3616	3636	7404
5	3701	3636	3642	7405
5	3909	3800	3873	7406
5	3829	3746	3819	7407
5	3833	3703	3747	7408
5	3767	3654	3645	7409
5	3745	3608	3585	7410
5	3994	3801	3933	7411
5	3768	3705	3655	7412
5	3872	3761	3867	7413
5	3748	3612	3630	7414
5	3789	3638	3744	7415
5	3707	3659	3592	7416
5	3840	3763	3807	7417
5	3814	3496	3615	7418
5	4077	3988	3910	7419
5	3709	3701	3642	7420
5	3709	3642	3561	7421
5	3943	3849	3913	7422
5	3807	3763	3710	7423
5	3801	3601	3755	7424
5	3910	3815	3704	7425
5	3797	3619	3695	7426
5	3727	3679	3622	7427
5	3873	3768	3767	7428
5	3912	3833	3857	7429
5	3738	3637	3714	7430
5	3775	3612	3748	7431
5	3743	3625	3715	7432
5	3728	3688	3604	7433
5	3762	3715	3647	7434
5	3716	3632	3606	7435
5	3717	3696	3657	7436
5	3721	3611	3617	7437
5	3718	3627	3602	7438
5	3993	3948	3945	7439
5	3719	3713	3596	7440
5	3719	3596	3605	7441
5	3720	3717	3657	7442
5	3720	3657	3607	7443
5	3734	3607	3611	7444
5	3847	3743	3715	7445
5	3834	3802	3707	7446
5	4162	4138	4087	7447
5	3764	3536	3649	7448
5	3774	3670	3723	7449
5	3771	3662	3664	7450
5	3725	3663	3661	7451
5	3841	3547	3764	7452
5	3726	3663	3725	7453
5	3771	3724	3662	7454
5	3841	3499	3547	7455
5	3786	3683	3784	7456
5	3784	3681	3782	7457
5	3790	3617	3687	7458
5	3728	3702	3688	7459
5	3843	3695	3700	7460
5	3881	3777	3712	7461
5	3854	3728	3743	7462
5	3867	3730	3829	7463
5	3732	3718	3602	7464
5	3731	3623	3692	7465
5	4134	4066	4107	7466
5	3834	3707	3736	7467
5	3733	3635	3511	7468
5	3733	3511	3631	7469
5	3743	3604	3625	7470
5	3923	3871	3890	7471
5	3971	3886	3876	7472
5	3848	3656	3735	7473
5	3849	3752	3817	7474
5	3936	3913	3817	7475
5	3756	3634	3633	7476
5	3850	3756	3633	7477
5	3744	3638	3597	7478
5	3859	3775	3748	7479
5	3739	3598	3563	7480
5	3739	3563	3599	7481
5	3824	3823	3740	7482
5	3852	3740	3674	7483
5	3852	3701	3709	7484
5	3824	3598	3739	7485
5	3742	3710	3603	7486
5	3742	3603	3659	7487
5	3982	3934	3981	7488
5	3889	3766	3870	7489
5	3856	3789	3744	7490
5	3832	3798	3799	7491
5	3827	3745	3693	7492
5	3796	3694	3618	7493
5	3746	3730	3614	7494
5	3746	3614	3658	7495
5	3950	3838	3924	7496
5	3966	3881	3926	7497
5	3945	3847	3808	7498
5	3858	3748	3738	7499
5	3770	3661	3644	7500
5	3760	3643	3758	7501
5	3757	3552	3640	7502
5	3988	3815	3910	7503
5	3751	3671	3624	7504
5	3821	3818	3862	7505
5	3752	3736	3626	7506
5	3752	3626	3627	7507
5	4245	4197	4147	7508
5	3857	3747	3713	7509
5	4073	4038	3954	7510
5	3857	3713	3838	7511
5	3755	3601	3503	7512
5	3755	3503	3635	7513
5	3760	3644	3643	7514
5	3758	3634	3756	7515
5	3865	3613	3757	7516
5	3757	3613	3552	7517
5	3962	3875	3874	7518
5	3818	3760	3758	7519
5	3759	3749	3590	7520
5	3759	3590	3639	7521
5	3770	3644	3760	7522
5	3770	3725	3661	7523
5	3960	3867	3956	7524
5	3945	3808	3898	7525
5	3868	3716	3809	7526
5	3974	3804	3889	7527
5	3763	3722	3648	7528
5	3763	3648	3646	7529
5	4047	3968	4018	7530
5	3810	3595	3726	7531
5	3864	3753	3863	7532
5	3864	3754	3753	7533
5	3922	3775	3859	7534
5	3989	3803	3902	7535
5	3872	3767	3761	7536
5	3938	3800	3909	7537
5	3960	3872	3867	7538
5	3990	3920	3958	7539
5	3883	3782	3825	7540
5	3874	3765	3869	7541
5	3821	3760	3818	7542
5	3770	3759	3724	7543
5	3771	3726	3725	7544
5	3771	3725	3724	7545
5	4016	3962	4001	7546
5	3869	3765	3754	7547
5	3886	3773	3876	7548
5	3782	3681	3679	7549
5	3848	3774	3723	7550
5	3822	3649	3774	7551
5	3776	3673	3706	7552
5	3813	3706	3675	7553
5	3871	3788	3702	7554
5	3776	3744	3597	7555
5	3777	3729	3676	7556
5	3777	3676	3620	7557
5	3925	3896	3797	7558
5	3780	3666	3778	7559
5	3831	3712	3779	7560
5	3780	3622	3666	7561
5	3970	3885	3968	7562
5	3844	3729	3777	7563
5	3781	3779	3678	7564
5	3781	3678	3680	7565
5	3791	3685	3787	7566
5	3787	3684	3786	7567
5	3905	3846	3731	7568
5	3783	3781	3680	7569
5	3879	3779	3781	7570
5	3876	3773	3772	7571
5	3886	3785	3773	7572
5	3785	3783	3682	7573
5	4045	3894	3978	7574
5	3875	3772	3769	7575
5	3879	3831	3779	7576
5	3876	3772	3875	7577
5	3952	3859	3858	7578
5	3788	3714	3686	7579
5	3789	3766	3652	7580
5	3789	3652	3638	7581
5	3828	3717	3720	7582
5	3853	3734	3721	7583
5	3887	3786	3885	7584
5	3885	3786	3784	7585
5	3928	3905	3826	7586
5	3887	3787	3786	7587
5	3891	3791	3787	7588
5	3892	3791	3891	7589
5	3928	3826	3794	7590
5	4189	4079	4135	7591
5	3795	3693	3586	7592
5	3795	3586	3694	7593
5	3797	3778	3619	7594
5	3979	3895	3844	7595
5	4124	4039	4051	7596
5	3895	3729	3844	7597
5	3798	3746	3658	7598
5	3798	3658	3697	7599
5	3799	3798	3697	7600
5	3799	3697	3696	7601
5	3873	3767	3872	7602
5	3867	3761	3730	7603
5	4070	3908	4012	7604
5	3815	3750	3600	7605
5	3802	3742	3707	7606
5	4086	3981	4063	7607
5	3877	3744	3776	7608
5	3803	3776	3706	7609
5	4050	3972	3997	7610
5	3868	3762	3716	7611
5	3806	3704	3608	7612
5	4071	3904	3994	7613
5	3843	3797	3695	7614
5	3910	3704	3806	7615
5	4028	3931	3943	7616
5	3921	3830	3900	7617
5	3847	3715	3808	7618
5	3855	3738	3714	7619
5	3868	3808	3762	7620
5	3809	3716	3699	7621
5	3822	3764	3649	7622
5	3810	3698	3595	7623
5	3811	3795	3694	7624
5	3811	3694	3796	7625
5	4135	4079	4118	7626
5	3935	3812	3846	7627
5	3851	3599	3775	7628
5	3922	3851	3775	7629
5	3814	3615	3708	7630
5	3894	3793	3893	7631
5	3901	3733	3835	7632
5	3835	3631	3593	7633
5	3861	3757	3668	7634
5	3865	3757	3861	7635
5	4000	3913	3999	7636
5	3931	3897	3802	7637
5	4033	4008	3952	7638
5	3866	3862	3818	7639
5	3942	3845	3918	7640
5	3853	3721	3804	7641
5	4072	3984	4005	7642
5	4259	4217	4198	7643
5	3862	3624	3749	7644
5	3821	3862	3749	7645
5	3860	3668	3750	7646
5	3814	3593	3496	7647
5	3823	3813	3740	7648
5	3824	3739	3823	7649
5	3852	3674	3741	7650
5	3824	3740	3852	7651
5	3883	3784	3782	7652
5	3885	3784	3883	7653
5	3893	3792	3892	7654
5	3892	3792	3791	7655
5	3994	3904	3801	7656
5	4077	3995	4067	7657
5	3832	3819	3798	7658
5	3845	3717	3828	7659
5	3956	3829	3940	7660
5	3937	3819	3832	7661
5	3830	3809	3699	7662
5	3830	3699	3722	7663
5	3908	3843	3700	7664
5	3996	3929	3811	7665
5	4052	3997	3923	7666
5	4029	3993	3945	7667
5	3838	3713	3719	7668
5	3950	3857	3838	7669
5	3999	3913	3936	7670
5	4000	3943	3913	7671
5	3944	3814	3899	7672
5	3861	3668	3860	7673
5	3836	3807	3710	7674
5	3836	3710	3742	7675
5	3837	3700	3621	7676
5	3837	3621	3711	7677
5	3857	3833	3747	7678
5	4038	3990	3958	7679
5	3839	3828	3720	7680
5	3839	3720	3734	7681
5	3840	3830	3722	7682
5	3840	3722	3763	7683
5	3842	3726	3771	7684
5	3842	3664	3841	7685
5	4001	3962	3920	7686
5	3842	3810	3726	7687
5	3895	3796	3729	7688
5	3878	3727	3780	7689
5	3878	3825	3727	7690
5	3881	3712	3831	7691
5	3845	3832	3799	7692
5	3845	3799	3717	7693
5	3893	3793	3792	7694
5	3894	3794	3793	7695
5	3918	3845	3828	7696
5	3858	3738	3855	7697
5	3848	3723	3656	7698
5	3848	3735	3698	7699
5	3849	3834	3736	7700
5	3849	3736	3752	7701
5	3953	3866	3946	7702
5	3866	3751	3862	7703
5	3851	3823	3739	7704
5	3851	3739	3599	7705
5	3824	3852	3709	7706
5	3824	3709	3598	7707
5	3932	3918	3828	7708
5	3853	3839	3734	7709
5	3921	3809	3830	7710
5	4139	4088	4110	7711
5	3870	3766	3789	7712
5	3859	3748	3858	7713
5	3870	3789	3856	7714
5	3889	3790	3766	7715
5	4004	3954	3863	7716
5	3958	3920	3869	7717
5	3951	3858	3855	7718
5	3963	3877	3914	7719
5	3877	3776	3803	7720
5	3902	3803	3706	7721
5	3899	3708	3816	7722
5	3865	3737	3613	7723
5	3944	3835	3814	7724
5	3946	3866	3756	7725
5	4035	4033	3951	7726
5	3862	3751	3624	7727
5	4286	4209	4136	7728
5	4100	4006	4034	7729
5	4073	3954	4004	7730
5	4126	4047	4084	7731
5	4002	3850	3955	7732
5	3955	3865	3861	7733
5	3866	3818	3758	7734
5	3866	3758	3756	7735
5	3961	3909	3873	7736
5	4169	4099	4098	7737
5	3923	3890	3916	7738
5	3916	3890	3854	7739
5	4001	3920	3990	7740
5	4023	3966	3926	7741
5	3888	3714	3788	7742
5	3927	3855	3888	7743
5	3888	3788	3871	7744
5	3888	3855	3714	7745
5	3940	3829	3819	7746
5	3961	3873	3872	7747
5	4190	4142	4161	7748
5	4006	3912	3950	7749
5	3821	3759	3770	7750
5	3821	3770	3760	7751
5	4007	3964	3967	7752
5	3971	3876	3915	7753
5	3906	3848	3698	7754
5	3906	3698	3810	7755
5	4241	4189	4135	7756
5	3877	3856	3744	7757
5	3896	3778	3797	7758
5	3884	3783	3785	7759
5	3964	3879	3882	7760
5	3907	3831	3879	7761
5	3880	3878	3780	7762
5	3880	3780	3778	7763
5	3926	3881	3831	7764
5	3881	3844	3777	7765
5	3882	3879	3781	7766
5	3882	3781	3783	7767
5	3928	3794	3894	7768
5	3891	3787	3887	7769
5	3965	3917	3825	7770
5	3884	3882	3783	7771
5	3917	3883	3825	7772
5	3966	3844	3881	7773
5	3962	3874	3920	7774
5	3886	3884	3785	7775
5	3958	3864	3954	7776
5	3978	3893	3977	7777
5	4008	3963	3914	7778
5	3914	3877	3803	7779
5	3948	3854	3847	7780
5	3889	3804	3790	7781
5	3890	3871	3702	7782
5	3890	3702	3728	7783
5	4057	3978	3977	7784
5	4432	4401	4332	7785
5	3970	3887	3885	7786
5	3975	3887	3970	7787
5	3975	3891	3887	7788
5	3976	3891	3975	7789
5	3976	3892	3891	7790
5	3977	3893	3892	7791
5	3896	3880	3778	7792
5	3996	3811	3941	7793
5	3925	3797	3843	7794
5	4044	3907	4009	7795
5	3897	3836	3802	7796
5	4141	4062	4094	7797
5	3983	3900	3911	7798
5	3900	3830	3840	7799
5	4011	3861	3860	7800
5	3899	3814	3708	7801
5	3957	3898	3868	7802
5	3957	3809	3921	7803
5	4102	4011	4010	7804
5	3988	3919	3815	7805
5	4099	4003	4098	7806
5	4400	4393	4341	7807
5	3903	3863	3703	7808
5	3903	3703	3833	7809
5	3908	3700	3837	7810
5	4139	4110	4137	7811
5	4060	4030	3935	7812
5	3978	3894	3893	7813
5	4013	3816	3953	7814
5	3946	3756	3850	7815
5	3969	3884	3886	7816
5	4004	3863	3903	7817
5	4092	3939	3992	7818
5	4070	4069	4014	7819
5	3961	3872	3960	7820
5	3956	3867	3829	7821
5	4077	3910	3995	7822
5	3919	3750	3815	7823
5	3911	3900	3840	7824
5	3911	3840	3807	7825
5	3924	3838	3820	7826
5	4040	3956	4036	7827
5	3913	3849	3817	7828
5	4028	3987	3931	7829
5	3972	3888	3871	7830
5	3972	3871	3923	7831
5	3915	3876	3875	7832
5	4170	4096	4167	7833
5	3940	3819	3937	7834
5	4296	4245	4147	7835
5	4104	4045	3978	7836
5	3968	3885	3883	7837
5	3957	3868	3809	7838
5	4029	3945	3898	7839
5	4010	3901	3835	7840
5	3919	3860	3750	7841
5	3962	3915	3875	7842
5	3920	3874	3869	7843
5	3982	3911	3934	7844
5	4019	3900	3983	7845
5	3989	3914	3803	7846
5	3922	3823	3851	7847
5	3973	3856	3963	7848
5	4025	3948	3993	7849
5	3950	3912	3857	7850
5	4240	4159	4201	7851
5	3979	3844	3966	7852
5	4094	4017	3998	7853
5	3930	3878	3880	7854
5	4044	3926	3907	7855
5	4051	3959	4042	7856
5	4049	3963	4008	7857
5	4289	4144	4242	7858
5	4045	4026	3928	7859
5	3929	3827	3795	7860
5	3929	3795	3811	7861
5	4009	3964	4007	7862
5	3965	3878	3930	7863
5	4095	3999	4064	7864
5	4150	4063	4066	7865
5	3974	3889	3959	7866
5	4025	3916	3948	7867
5	3933	3801	3755	7868
5	3933	3755	3805	7869
5	3934	3911	3807	7870
5	3934	3807	3836	7871
5	3902	3813	3823	7872
5	3902	3823	3922	7873
5	4258	4173	4192	7874
5	4028	3943	4000	7875
5	3998	3918	3932	7876
5	4031	3937	3942	7877
5	3938	3924	3820	7878
5	3938	3820	3800	7879
5	3939	3806	3745	7880
5	3939	3745	3827	7881
5	4017	3918	3998	7882
5	4017	3942	3918	7883
5	3941	3811	3796	7884
5	3941	3796	3895	7885
5	3942	3937	3832	7886
5	3942	3832	3845	7887
5	3943	3931	3834	7888
5	3943	3834	3849	7889
5	3906	3810	3842	7890
5	3906	3842	3841	7891
5	4122	4035	4050	7892
5	3948	3847	3945	7893
5	3955	3737	3865	7894
5	4097	4013	4002	7895
5	3947	3932	3839	7896
5	3947	3839	3853	7897
5	3959	3889	3870	7898
5	3948	3916	3854	7899
5	3949	3947	3853	7900
5	3949	3853	3804	7901
5	4003	3924	3938	7902
5	4333	4291	4251	7903
5	3963	3856	3877	7904
5	3952	3858	3951	7905
5	4039	3949	3974	7906
5	3989	3952	3914	7907
5	3953	3816	3751	7908
5	3953	3751	3866	7909
5	3958	3869	3864	7910
5	3954	3864	3863	7911
5	4033	3952	3951	7912
5	3955	3850	3737	7913
5	4036	3940	4032	7914
5	4032	3940	3937	7915
5	4037	3921	4019	7916
5	3997	3972	3923	7917
5	4056	3976	4055	7918
5	4054	3971	3915	7919
5	3974	3949	3804	7920
5	4153	4073	4004	7921
5	4098	3984	4072	7922
5	4040	3960	3956	7923
5	4041	3961	3960	7924
5	4041	3960	4040	7925
5	3906	3764	3822	7926
5	3906	3822	3848	7927
5	3973	3959	3870	7928
5	4050	4035	3927	7929
5	3965	3825	3878	7930
5	3964	3907	3879	7931
5	4082	3979	4058	7932
5	4009	3907	3964	7933
5	3980	3880	3896	7934
5	4092	3994	3995	7935
5	3967	3964	3882	7936
5	3967	3882	3884	7937
5	4045	3928	3894	7938
5	3977	3892	3976	7939
5	4046	3967	3969	7940
5	3969	3967	3884	7941
5	4172	4105	4155	7942
5	4016	3915	3962	7943
5	4127	4048	4054	7944
5	3971	3969	3886	7945
5	3973	3870	3856	7946
5	3972	3927	3888	7947
5	4085	3993	4078	7948
5	4008	3914	3952	7949
5	4050	3927	3972	7950
5	4041	4005	3961	7951
5	4048	3969	3971	7952
5	4288	4252	4189	7953
5	4038	3958	3954	7954
5	4129	4054	4016	7955
5	4053	3975	3970	7956
5	4055	3975	4053	7957
5	4055	3976	3975	7958
5	4189	4160	4079	7959
5	3980	3930	3880	7960
5	3991	3896	3925	7961
5	3991	3980	3896	7962
5	4058	3966	4023	7963
5	3981	3934	3897	7964
5	4307	4204	4246	7965
5	4094	4062	4017	7966
5	4087	4075	3983	7967
5	4216	4150	4194	7968
5	4107	4000	4095	7969
5	3984	3938	3909	7970
5	4036	3956	3940	7971
5	3985	3935	3846	7972
5	3985	3846	3905	7973
5	3986	3933	3805	7974
5	4101	3988	4015	7975
5	3987	3981	3897	7976
5	3987	3897	3931	7977
5	4101	4011	3988	7978
5	4015	3805	3901	7979
5	4229	4174	4166	7980
5	4089	4027	4083	7981
5	4096	4001	3990	7982
5	4090	3990	4038	7983
5	4105	4091	4009	7984
5	4076	4014	4069	7985
5	4075	4019	3983	7986
5	3992	3939	3827	7987
5	4039	4024	3949	7988
5	4114	4025	4085	7989
5	4175	4112	4111	7990
5	4067	3933	3986	7991
5	3995	3910	3806	7992
5	3995	3806	3939	7993
5	4092	4071	3994	7994
5	4058	3979	3966	7995
5	4032	3937	4031	7996
5	4031	3942	4017	7997
5	4264	4230	4243	7998
5	4426	4330	4397	7999
5	4118	4045	4104	8000
5	4060	3935	3985	8001
5	4173	4134	4107	8002
5	4503	4402	4401	8003
5	4096	3990	4090	8004
5	4220	4155	4202	8005
5	4102	4013	4097	8006
5	4011	3919	3988	8007
5	4168	4098	4072	8008
5	4244	4218	4231	8009
5	4100	4034	4099	8010
5	4253	4167	4224	8011
5	4005	3984	3909	8012
5	4005	3909	3961	8013
5	4098	4003	3984	8014
5	4099	4034	4003	8015
5	3989	3902	3922	8016
5	4087	3982	4086	8017
5	4042	3959	3973	8018
5	4287	4251	4197	8019
5	4018	3968	3917	8020
5	4057	3977	4056	8021
5	4101	4010	4011	8022
5	4011	3860	3919	8023
5	4097	3861	4011	8024
5	4013	3899	3816	8025
5	4012	3908	3837	8026
5	4012	3837	3904	8027
5	4013	3944	3899	8028
5	4035	3951	3927	8029
5	4014	3925	3843	8030
5	4014	3843	3908	8031
5	4077	4015	3988	8032
5	4015	3986	3805	8033
5	4253	4227	4167	8034
5	4104	3978	4057	8035
5	4019	3921	3900	8036
5	4108	4029	4020	8037
5	4047	3970	3968	8038
5	4054	3915	4016	8039
5	4020	3898	3957	8040
5	4078	3993	4029	8041
5	3989	3922	3859	8042
5	3989	3859	3952	8043
5	4021	3998	3932	8044
5	4021	3932	3947	8045
5	4022	3941	3895	8046
5	4022	3895	3979	8047
5	4140	4119	4120	8048
5	4059	3930	3980	8049
5	4024	4021	3947	8050
5	4024	3947	3949	8051
5	4149	4114	4085	8052
5	4052	3916	4025	8053
5	4026	3985	3905	8054
5	4026	3905	3928	8055
5	4027	4018	3917	8056
5	4027	3917	3965	8057
5	4199	4137	4138	8058
5	4152	4063	4150	8059
5	4391	4294	4291	8060
5	4151	4081	4116	8061
5	4030	3999	3936	8062
5	4030	3936	3935	8063
5	4062	4031	4017	8064
5	4173	4107	4095	8065
5	4125	4113	3997	8066
5	4116	4081	4041	8067
5	4002	3946	3850	8068
5	4102	4097	4011	8069
5	4034	4006	3950	8070
5	4034	3950	3924	8071
5	4002	4013	3953	8072
5	4002	3953	3946	8073
5	4115	4036	4112	8074
5	4112	4032	4111	8075
5	4037	4020	3957	8076
5	4037	3957	3921	8077
5	4153	4004	4065	8078
5	4287	4197	4245	8079
5	4124	4051	4123	8080
5	4109	4021	4093	8081
5	4166	4108	4088	8082
5	4154	4081	4151	8083
5	4116	4041	4040	8084
5	4116	4040	4115	8085
5	4051	3974	3959	8086
5	4051	4039	3974	8087
5	4043	4027	3965	8088
5	4043	3965	3930	8089
5	4132	4023	4117	8090
5	4044	4023	3926	8091
5	4158	4030	4060	8092
5	4056	3977	3976	8093
5	4148	4126	4084	8094
5	4046	4007	3967	8095
5	4118	4079	4026	8096
5	4053	3970	4047	8097
5	4103	4001	4096	8098
5	4048	4046	3969	8099
5	4049	4042	3973	8100
5	4049	3973	3963	8101
5	4080	4008	4033	8102
5	4121	4049	4080	8103
5	4080	4033	4035	8104
5	4052	3923	3916	8105
5	4085	4025	3993	8106
5	4123	4051	4042	8107
5	4156	4057	4131	8108
5	4103	4016	4001	8109
5	4126	4053	4047	8110
5	4054	4048	3971	8111
5	4091	4044	4009	8112
5	4129	4016	4103	8113
5	4201	4068	4146	8114
5	4163	4090	4038	8115
5	4212	4202	4140	8116
5	4209	4131	4136	8117
5	4059	4043	3930	8118
5	4132	4058	4023	8119
5	4074	3980	3991	8120
5	4117	4023	4044	8121
5	4185	4104	4156	8122
5	4298	4241	4256	8123
5	4071	4012	3904	8124
5	4061	3992	3929	8125
5	4545	4493	4475	8126
5	4111	4032	4031	8127
5	4290	4260	4278	8128
5	4107	4028	4000	8129
5	4367	4300	4271	8130
5	4198	4153	4159	8131
5	4240	4198	4159	8132
5	4065	4004	3903	8133
5	4066	4063	3987	8134
5	4066	3987	4028	8135
5	4067	3995	3994	8136
5	4067	3994	3933	8137
5	4068	4065	3912	8138
5	4068	3912	4006	8139
5	4069	3996	3941	8140
5	4074	4059	3980	8141
5	4092	3995	3939	8142
5	4070	4012	4061	8143
5	4070	4014	3908	8144
5	4061	3929	3996	8145
5	4111	4031	4062	8146
5	4115	4040	4036	8147
5	4163	4038	4073	8148
5	4239	4187	4238	8149
5	4074	3991	4082	8150
5	4362	4313	4312	8151
5	4071	3992	4061	8152
5	4071	4061	4012	8153
5	4082	4022	3979	8154
5	4076	4082	3991	8155
5	4077	4067	3986	8156
5	4077	3986	4015	8157
5	4069	3941	4022	8158
5	4076	3925	4014	8159
5	4160	3985	4079	8160
5	4079	3985	4026	8161
5	4080	4049	4008	8162
5	4397	4330	4331	8163
5	4081	4072	4005	8164
5	4081	4005	4041	8165
5	4076	4069	4022	8166
5	4076	4022	4082	8167
5	4083	4027	4043	8168
5	4133	4059	4132	8169
5	4131	4056	4130	8170
5	4084	4047	4018	8171
5	4093	4021	4024	8172
5	4165	4094	4109	8173
5	4087	3983	3982	8174
5	4086	3982	3981	8175
5	4335	4290	4324	8176
5	4143	4062	4141	8177
5	4108	4020	4088	8178
5	4088	4020	4037	8179
5	4089	4084	4018	8180
5	4089	4018	4027	8181
5	4184	4140	4120	8182
5	4168	4072	4154	8183
5	4105	4009	4007	8184
5	4117	4044	4091	8185
5	4177	4115	4112	8186
5	4092	3992	4071	8187
5	4070	4061	3996	8188
5	4070	3996	4069	8189
5	4247	4199	4210	8190
5	4162	4087	4086	8191
5	4107	4066	4028	8192
5	4095	4000	3999	8193
5	4205	4188	4170	8194
5	4184	4120	4127	8195
5	4097	4002	3955	8196
5	4097	3955	3861	8197
5	4177	4112	4175	8198
5	4154	4072	4081	8199
5	4200	4147	4099	8200
5	4296	4147	4200	8201
5	4113	4050	3997	8202
5	4122	4050	4113	8203
5	4101	4015	3901	8204
5	4101	3901	4010	8205
5	4102	4010	3944	8206
5	4102	3944	4013	8207
5	4156	4104	4057	8208
5	4128	4055	4053	8209
5	4130	4055	4128	8210
5	4130	4056	4055	8211
5	4172	4091	4105	8212
5	4145	4084	4089	8213
5	4106	4093	4024	8214
5	4106	4024	4039	8215
5	4258	4203	4173	8216
5	4303	4281	4265	8217
5	4215	4181	4149	8218
5	4108	4078	4029	8219
5	4109	4094	3998	8220
5	4109	3998	4021	8221
5	4110	4088	4037	8222
5	4110	4037	4019	8223
5	4112	4036	4032	8224
5	4200	4099	4169	8225
5	4230	4142	4190	8226
5	4180	4106	4124	8227
5	4121	4042	4049	8228
5	4182	4124	4123	8229
5	4125	4052	4114	8230
5	4114	4052	4025	8231
5	4248	4200	4169	8232
5	4143	4111	4062	8233
5	4248	4169	4226	8234
5	4533	4508	4525	8235
5	4179	4091	4172	8236
5	4133	4132	4117	8237
5	4131	4057	4056	8238
5	4158	4064	4030	8239
5	4119	4105	4007	8240
5	4119	4007	4046	8241
5	4120	4119	4046	8242
5	4120	4046	4048	8243
5	4123	4042	4121	8244
5	4142	4109	4093	8245
5	4122	4121	4080	8246
5	4122	4080	4035	8247
5	4176	4122	4113	8248
5	4124	4106	4039	8249
5	4125	3997	4052	8250
5	4181	4114	4149	8251
5	4180	4161	4106	8252
5	4176	4121	4122	8253
5	4256	4241	4135	8254
5	4128	4053	4126	8255
5	4227	4170	4167	8256
5	4127	4120	4048	8257
5	4332	4258	4289	8258
5	4333	4251	4287	8259
5	4155	4105	4119	8260
5	4129	4127	4054	8261
5	4224	4167	4090	8262
5	4221	4188	4205	8263
5	4074	4082	4058	8264
5	4132	4074	4058	8265
5	4133	4043	4059	8266
5	4132	4059	4074	8267
5	4179	4172	4171	8268
5	4133	4083	4043	8269
5	4288	4189	4241	8270
5	4379	4346	4288	8271
5	4209	4193	4156	8272
5	4155	4119	4140	8273
5	4136	4131	4130	8274
5	4187	4128	4157	8275
5	4137	4110	4075	8276
5	4450	4403	4393	8277
5	4138	4137	4075	8278
5	4138	4075	4087	8279
5	4178	4116	4115	8280
5	4235	4183	4181	8281
5	4212	4140	4184	8282
5	4157	4128	4126	8283
5	4175	4111	4143	8284
5	4232	4175	4191	8285
5	4165	4109	4142	8286
5	4165	4141	4094	8287
5	4207	4164	4206	8288
5	4233	4231	4178	8289
5	4144	4095	4064	8290
5	4399	4332	4289	8291
5	4148	4084	4145	8292
5	4251	4146	4197	8293
5	4146	4068	4006	8294
5	4146	4006	4100	8295
5	4147	4100	4099	8296
5	4169	4098	4168	8297
5	4157	4126	4148	8298
5	4187	4130	4128	8299
5	4266	4207	4206	8300
5	4161	4093	4106	8301
5	4152	4086	4063	8302
5	4162	4086	4152	8303
5	4178	4115	4177	8304
5	4348	4296	4248	8305
5	4278	4222	4216	8306
5	4338	4324	4261	8307
5	4201	4159	4068	8308
5	4170	4103	4096	8309
5	4291	4240	4201	8310
5	4225	4154	4218	8311
5	4228	4145	4171	8312
5	4171	4089	4083	8313
5	4185	4118	4104	8314
5	4185	4135	4118	8315
5	4188	4103	4170	8316
5	4237	4212	4184	8317
5	4208	4148	4196	8318
5	4252	4160	4189	8319
5	4159	4153	4065	8320
5	4159	4065	4068	8321
5	4252	4060	4160	8322
5	4160	4060	3985	8323
5	4174	4078	4108	8324
5	4161	4142	4093	8325
5	4402	4343	4401	8326
5	4222	4152	4216	8327
5	4217	4073	4153	8328
5	4294	4240	4291	8329
5	4164	4149	4085	8330
5	4164	4085	4078	8331
5	4214	4137	4199	8332
5	4166	4088	4139	8333
5	4174	4108	4166	8334
5	4174	4164	4078	8335
5	4167	4096	4090	8336
5	4346	4252	4288	8337
5	4339	4302	4325	8338
5	4233	4177	4232	8339
5	4283	4232	4250	8340
5	4226	4169	4168	8341
5	4238	4187	4157	8342
5	4208	4157	4148	8343
5	4391	4291	4376	8344
5	4171	4145	4089	8345
5	4179	4171	4083	8346
5	4188	4129	4103	8347
5	4418	4392	4354	8348
5	4444	4384	4344	8349
5	4235	4181	4215	8350
5	4207	4149	4164	8351
5	4378	4295	4345	8352
5	4178	4151	4116	8353
5	4182	4180	4124	8354
5	4181	4125	4114	8355
5	4279	4218	4244	8356
5	4340	4297	4316	8357
5	4206	4164	4174	8358
5	4281	4229	4265	8359
5	4188	4186	4129	8360
5	4179	4117	4091	8361
5	4182	4123	4176	8362
5	4176	4123	4121	8363
5	4183	4125	4181	8364
5	4183	4113	4125	8365
5	4183	4176	4113	8366
5	4215	4149	4207	8367
5	4234	4180	4182	8368
5	4236	4234	4182	8369
5	4202	4155	4140	8370
5	4196	4148	4145	8371
5	4307	4242	4204	8372
5	4256	4185	4193	8373
5	4186	4184	4127	8374
5	4186	4127	4129	8375
5	4237	4186	4221	8376
5	4187	4136	4130	8377
5	4179	4083	4133	8378
5	4179	4133	4117	8379
5	4372	4256	4300	8380
5	4242	4144	4204	8381
5	4222	4162	4152	8382
5	4350	4314	4323	8383
5	4191	4175	4143	8384
5	4213	4143	4141	8385
5	4192	4173	4095	8386
5	4192	4095	4144	8387
5	4193	4185	4156	8388
5	4379	4377	4346	8389
5	4194	4150	4134	8390
5	4399	4336	4383	8391
5	4195	4190	4161	8392
5	4195	4161	4180	8393
5	4407	4349	4305	8394
5	4209	4156	4131	8395
5	4197	4146	4100	8396
5	4197	4100	4147	8397
5	4217	4163	4073	8398
5	4217	4153	4198	8399
5	4282	4244	4231	8400
5	4437	4394	4405	8401
5	4225	4168	4154	8402
5	4226	4168	4225	8403
5	4375	4287	4330	8404
5	4291	4201	4251	8405
5	4228	4196	4145	8406
5	4219	4171	4172	8407
5	4262	4134	4203	8408
5	4203	4134	4173	8409
5	4204	4144	4064	8410
5	4204	4064	4158	8411
5	4380	4319	4349	8412
5	4263	4217	4259	8413
5	4283	4282	4233	8414
5	4265	4229	4211	8415
5	4255	4213	4223	8416
5	4371	4326	4309	8417
5	4270	4205	4249	8418
5	4299	4284	4268	8419
5	4321	4270	4319	8420
5	4410	4298	4372	8421
5	4210	4199	4138	8422
5	4210	4138	4162	8423
5	4229	4166	4211	8424
5	4211	4166	4139	8425
5	4284	4237	4268	8426
5	4269	4238	4208	8427
5	4243	4230	4190	8428
5	4213	4191	4143	8429
5	4214	4211	4139	8430
5	4214	4139	4137	8431
5	4278	4216	4261	8432
5	4276	4195	4234	8433
5	4222	4210	4162	8434
5	4216	4152	4150	8435
5	4227	4205	4170	8436
5	4224	4090	4163	8437
5	4218	4154	4151	8438
5	4232	4177	4175	8439
5	4277	4196	4228	8440
5	4228	4171	4219	8441
5	4220	4219	4172	8442
5	4220	4172	4155	8443
5	4237	4184	4186	8444
5	4221	4186	4188	8445
5	4309	4250	4293	8446
5	4274	4191	4213	8447
5	4223	4213	4141	8448
5	4223	4141	4165	8449
5	4457	4434	4386	8450
5	4395	4390	4368	8451
5	4548	4457	4530	8452
5	4301	4244	4282	8453
5	4279	4225	4218	8454
5	4280	4225	4279	8455
5	4268	4237	4221	8456
5	4249	4205	4227	8457
5	4420	4331	4381	8458
5	4555	4515	4513	8459
5	4275	4215	4207	8460
5	4229	4206	4174	8461
5	4230	4223	4165	8462
5	4230	4165	4142	8463
5	4231	4218	4151	8464
5	4231	4151	4178	8465
5	4233	4178	4177	8466
5	4325	4244	4301	8467
5	4322	4274	4255	8468
5	4282	4231	4233	8469
5	4267	4190	4195	8470
5	4234	4195	4180	8471
5	4236	4182	4176	8472
5	4236	4176	4183	8473
5	4236	4183	4235	8474
5	4236	4235	4234	8475
5	4238	4157	4208	8476
5	4304	4269	4272	8477
5	4312	4263	4259	8478
5	4328	4286	4239	8479
5	4286	4136	4239	8480
5	4239	4136	4187	8481
5	4251	4201	4146	8482
5	4436	4413	4389	8483
5	4256	4135	4185	8484
5	4496	4459	4442	8485
5	4382	4354	4361	8486
5	4441	4377	4428	8487
5	4257	4199	4247	8488
5	4326	4282	4283	8489
5	4359	4325	4301	8490
5	4250	4232	4191	8491
5	4296	4200	4248	8492
5	4280	4226	4225	8493
5	4383	4336	4337	8494
5	4246	4204	4158	8495
5	4324	4278	4261	8496
5	4343	4203	4258	8497
5	4375	4333	4287	8498
5	4338	4261	4311	8499
5	4308	4284	4299	8500
5	4300	4256	4193	8501
5	4369	4322	4315	8502
5	4306	4260	4290	8503
5	4348	4248	4295	8504
5	4330	4287	4245	8505
5	4310	4060	4252	8506
5	4310	4158	4060	8507
5	4320	4269	4304	8508
5	4407	4305	4363	8509
5	4275	4207	4266	8510
5	4265	4211	4254	8511
5	4274	4213	4255	8512
5	4274	4250	4191	8513
5	4271	4193	4209	8514
5	4300	4193	4271	8515
5	4257	4254	4214	8516
5	4257	4214	4199	8517
5	4324	4290	4278	8518
5	4422	4374	4402	8519
5	4263	4163	4217	8520
5	4263	4224	4163	8521
5	4260	4247	4210	8522
5	4260	4210	4222	8523
5	4278	4260	4222	8524
5	4261	4216	4194	8525
5	4364	4314	4350	8526
5	4262	4194	4134	8527
5	4423	4362	4384	8528
5	4313	4263	4312	8529
5	4264	4255	4223	8530
5	4264	4223	4230	8531
5	4322	4293	4274	8532
5	4345	4280	4302	8533
5	4316	4266	4281	8534
5	4327	4275	4297	8535
5	4297	4275	4266	8536
5	4267	4243	4190	8537
5	4285	4238	4269	8538
5	4273	4202	4212	8539
5	4376	4291	4333	8540
5	4321	4268	4270	8541
5	4270	4268	4221	8542
5	4270	4221	4205	8543
5	4411	4300	4367	8544
5	4328	4239	4285	8545
5	4272	4269	4208	8546
5	4272	4208	4196	8547
5	4277	4228	4219	8548
5	4277	4220	4202	8549
5	4403	4351	4355	8550
5	4293	4250	4274	8551
5	4276	4234	4235	8552
5	4283	4233	4232	8553
5	4276	4235	4215	8554
5	4276	4215	4275	8555
5	4277	4272	4196	8556
5	4277	4219	4220	8557
5	4386	4339	4359	8558
5	4292	4257	4247	8559
5	4434	4387	4339	8560
5	4387	4345	4302	8561
5	4277	4202	4273	8562
5	4388	4360	4308	8563
5	4281	4266	4206	8564
5	4281	4206	4229	8565
5	4315	4255	4264	8566
5	4424	4412	4421	8567
5	4327	4276	4275	8568
5	4276	4267	4195	8569
5	4284	4273	4212	8570
5	4284	4212	4237	8571
5	4286	4271	4209	8572
5	4285	4239	4238	8573
5	4372	4298	4256	8574
5	4438	4334	4380	8575
5	4444	4344	4391	8576
5	4423	4406	4362	8577
5	4346	4310	4252	8578
5	4392	4337	4307	8579
5	4289	4258	4192	8580
5	4289	4192	4144	8581
5	4341	4290	4335	8582
5	4347	4203	4343	8583
5	4345	4295	4280	8584
5	4381	4331	4296	8585
5	4425	4374	4422	8586
5	4605	4581	4601	8587
5	4370	4293	4322	8588
5	4326	4283	4309	8589
5	4294	4259	4198	8590
5	4294	4198	4240	8591
5	4295	4248	4226	8592
5	4295	4226	4280	8593
5	4391	4344	4294	8594
5	4473	4426	4397	8595
5	4316	4281	4303	8596
5	4323	4257	4292	8597
5	4435	4410	4372	8598
5	4501	4443	4456	8599
5	4308	4273	4284	8600
5	4353	4320	4304	8601
5	4319	4270	4249	8602
5	4329	4271	4286	8603
5	4309	4283	4250	8604
5	4427	4386	4394	8605
5	4302	4280	4279	8606
5	4554	4513	4511	8607
5	4529	4522	4524	8608
5	4327	4267	4276	8609
5	4320	4285	4269	8610
5	4379	4288	4342	8611
5	4305	4249	4227	8612
5	4305	4227	4253	8613
5	4306	4292	4247	8614
5	4306	4247	4260	8615
5	4440	4342	4410	8616
5	4432	4332	4399	8617
5	4360	4304	4272	8618
5	4360	4273	4308	8619
5	4326	4301	4282	8620
5	4359	4301	4356	8621
5	4361	4310	4346	8622
5	4310	4246	4158	8623
5	4311	4261	4194	8624
5	4311	4194	4262	8625
5	4313	4253	4224	8626
5	4313	4224	4263	8627
5	4349	4319	4249	8628
5	4363	4313	4362	8629
5	4314	4303	4265	8630
5	4314	4265	4254	8631
5	4624	4582	4570	8632
5	4322	4255	4315	8633
5	4352	4315	4317	8634
5	4316	4297	4266	8635
5	4317	4315	4264	8636
5	4317	4264	4243	8637
5	4318	4317	4243	8638
5	4318	4243	4267	8639
5	4404	4320	4353	8640
5	4334	4321	4319	8641
5	4390	4353	4357	8642
5	4404	4353	4390	8643
5	4357	4308	4299	8644
5	4321	4299	4268	8645
5	4364	4303	4314	8646
5	4370	4358	4293	8647
5	4323	4314	4254	8648
5	4323	4254	4257	8649
5	4429	4335	4398	8650
5	4393	4355	4341	8651
5	4325	4302	4279	8652
5	4325	4279	4244	8653
5	4341	4306	4290	8654
5	4355	4306	4341	8655
5	4327	4297	4318	8656
5	4327	4318	4267	8657
5	4390	4357	4368	8658
5	4329	4286	4328	8659
5	4349	4249	4305	8660
5	4380	4334	4319	8661
5	4430	4348	4378	8662
5	4535	4501	4456	8663
5	4331	4330	4245	8664
5	4331	4245	4296	8665
5	4343	4258	4332	8666
5	4402	4347	4343	8667
5	4443	4391	4376	8668
5	4381	4296	4348	8669
5	4366	4285	4320	8670
5	4368	4321	4334	8671
5	4425	4338	4374	8672
5	4464	4392	4418	8673
5	4399	4289	4336	8674
5	4336	4289	4242	8675
5	4337	4336	4242	8676
5	4337	4242	4307	8677
5	4347	4262	4203	8678
5	4598	4560	4559	8679
5	4371	4309	4358	8680
5	4400	4341	4335	8681
5	4365	4316	4303	8682
5	4340	4318	4297	8683
5	4476	4433	4400	8684
5	4522	4461	4486	8685
5	4342	4288	4241	8686
5	4342	4241	4298	8687
5	4347	4311	4262	8688
5	4572	4536	4500	8689
5	4344	4312	4259	8690
5	4344	4259	4294	8691
5	4626	4537	4576	8692
5	4378	4348	4295	8693
5	4354	4307	4246	8694
5	4646	4566	4621	8695
5	4433	4393	4400	8696
5	4471	4401	4432	8697
5	4434	4339	4386	8698
5	4511	4460	4497	8699
5	4406	4363	4362	8700
5	4448	4390	4395	8701
5	4358	4309	4293	8702
5	4356	4301	4326	8703
5	4351	4350	4323	8704
5	4351	4323	4292	8705
5	4539	4495	4472	8706
5	4369	4315	4352	8707
5	4404	4396	4366	8708
5	4366	4328	4285	8709
5	4382	4361	4377	8710
5	4418	4354	4382	8711
5	4355	4351	4292	8712
5	4355	4292	4306	8713
5	4359	4339	4325	8714
5	4387	4302	4339	8715
5	4388	4304	4360	8716
5	4388	4308	4357	8717
5	4371	4356	4326	8718
5	4465	4430	4460	8719
5	4340	4352	4317	8720
5	4340	4317	4318	8721
5	4360	4272	4277	8722
5	4360	4277	4273	8723
5	4361	4354	4246	8724
5	4361	4246	4310	8725
5	4363	4305	4253	8726
5	4363	4253	4313	8727
5	4438	4395	4334	8728
5	4407	4363	4406	8729
5	4365	4340	4316	8730
5	4365	4303	4364	8731
5	4389	4369	4352	8732
5	4409	4340	4365	8733
5	4367	4271	4329	8734
5	4373	4328	4366	8735
5	4464	4442	4392	8736
5	4439	4411	4367	8737
5	4368	4357	4299	8738
5	4368	4299	4321	8739
5	4408	4365	4364	8740
5	4370	4322	4369	8741
5	4424	4408	4412	8742
5	4414	4351	4403	8743
5	4569	4563	4523	8744
5	4445	4421	4414	8745
5	4462	4411	4439	8746
5	4446	4373	4396	8747
5	4462	4435	4372	8748
5	4373	4329	4328	8749
5	4374	4338	4311	8750
5	4374	4311	4347	8751
5	4426	4375	4330	8752
5	4444	4391	4443	8753
5	4535	4431	4463	8754
5	4513	4467	4465	8755
5	4567	4493	4545	8756
5	4377	4361	4346	8757
5	4613	4577	4547	8758
5	4556	4498	4550	8759
5	4428	4377	4379	8760
5	4479	4428	4440	8761
5	4469	4439	4416	8762
5	4525	4489	4488	8763
5	4467	4420	4465	8764
5	4463	4431	4375	8765
5	4410	4342	4298	8766
5	4440	4428	4379	8767
5	4392	4307	4354	8768
5	4657	4603	4655	8769
5	4384	4362	4312	8770
5	4384	4312	4344	8771
5	4415	4358	4385	8772
5	4385	4358	4370	8773
5	4483	4450	4433	8774
5	4405	4394	4356	8775
5	4420	4397	4331	8776
5	4473	4397	4467	8777
5	4388	4357	4353	8778
5	4388	4353	4304	8779
5	4413	4369	4389	8780
5	4413	4370	4369	8781
5	4396	4373	4366	8782
5	4395	4368	4334	8783
5	4451	4407	4406	8784
5	4508	4484	4438	8785
5	4442	4337	4392	8786
5	4441	4382	4377	8787
5	4403	4355	4393	8788
5	4445	4414	4403	8789
5	4394	4386	4359	8790
5	4394	4359	4356	8791
5	4526	4484	4508	8792
5	4404	4366	4320	8793
5	4515	4467	4513	8794
5	4574	4547	4501	8795
5	4465	4420	4430	8796
5	4588	4494	4548	8797
5	4398	4335	4324	8798
5	4398	4324	4338	8799
5	4401	4343	4332	8800
5	4402	4374	4347	8801
5	4603	4539	4571	8802
5	4425	4398	4338	8803
5	4666	4610	4598	8804
5	4506	4475	4441	8805
5	4540	4509	4458	8806
5	4429	4400	4335	8807
5	4450	4393	4433	8808
5	4405	4356	4371	8809
5	4485	4448	4484	8810
5	4449	4396	4404	8811
5	4627	4568	4529	8812
5	4490	4470	4453	8813
5	4463	4375	4426	8814
5	4557	4480	4519	8815
5	4481	4444	4443	8816
5	4452	4407	4451	8817
5	4409	4352	4340	8818
5	4409	4365	4408	8819
5	4409	4408	4389	8820
5	4409	4389	4352	8821
5	4416	4367	4329	8822
5	4411	4372	4300	8823
5	4462	4372	4411	8824
5	4416	4329	4373	8825
5	4412	4408	4364	8826
5	4412	4364	4350	8827
5	4421	4412	4414	8828
5	4413	4385	4370	8829
5	4414	4412	4350	8830
5	4414	4350	4351	8831
5	4415	4405	4371	8832
5	4415	4371	4358	8833
5	4498	4439	4469	8834
5	4440	4379	4342	8835
5	4417	4378	4345	8836
5	4417	4345	4387	8837
5	4442	4383	4337	8838
5	4566	4538	4543	8839
5	4447	4415	4419	8840
5	4419	4415	4385	8841
5	4537	4502	4473	8842
5	4515	4473	4467	8843
5	4585	4529	4565	8844
5	4424	4389	4408	8845
5	4504	4472	4422	8846
5	4503	4401	4471	8847
5	4542	4525	4488	8848
5	4501	4481	4443	8849
5	4453	4419	4385	8850
5	4436	4389	4424	8851
5	4476	4400	4429	8852
5	4450	4445	4403	8853
5	4467	4397	4420	8854
5	4502	4426	4473	8855
5	4583	4530	4582	8856
5	4492	4474	4437	8857
5	4531	4496	4464	8858
5	4597	4559	4558	8859
5	4539	4472	4504	8860
5	4571	4539	4504	8861
5	4430	4420	4381	8862
5	4430	4381	4348	8863
5	4431	4376	4333	8864
5	4431	4333	4375	8865
5	4528	4504	4503	8866
5	4699	4697	4658	8867
5	4604	4539	4603	8868
5	4505	4491	4487	8869
5	4570	4544	4492	8870
5	4457	4386	4427	8871
5	4478	4440	4410	8872
5	4478	4410	4435	8873
5	4477	4424	4421	8874
5	4453	4413	4436	8875
5	4474	4394	4437	8876
5	4474	4427	4394	8877
5	4446	4416	4373	8878
5	4439	4367	4416	8879
5	4448	4404	4390	8880
5	4571	4504	4528	8881
5	4479	4440	4478	8882
5	4506	4441	4480	8883
5	4517	4478	4435	8884
5	4480	4428	4479	8885
5	4475	4382	4441	8886
5	4496	4442	4464	8887
5	4466	4406	4423	8888
5	4537	4473	4515	8889
5	4466	4451	4406	8890
5	4482	4444	4481	8891
5	4492	4437	4461	8892
5	4453	4385	4413	8893
5	4542	4488	4512	8894
5	4589	4514	4549	8895
5	4447	4437	4405	8896
5	4447	4405	4415	8897
5	4508	4438	4489	8898
5	4449	4404	4448	8899
5	4556	4516	4498	8900
5	4469	4416	4446	8901
5	4540	4458	4495	8902
5	4477	4436	4424	8903
5	4452	4380	4349	8904
5	4452	4349	4407	8905
5	4484	4448	4395	8906
5	4489	4438	4380	8907
5	4470	4419	4453	8908
5	4491	4421	4445	8909
5	4454	4432	4399	8910
5	4454	4399	4383	8911
5	4455	4417	4387	8912
5	4455	4387	4434	8913
5	4456	4443	4376	8914
5	4456	4376	4431	8915
5	4582	4530	4544	8916
5	4583	4548	4530	8917
5	4458	4429	4398	8918
5	4458	4398	4425	8919
5	4459	4454	4383	8920
5	4459	4383	4442	8921
5	4460	4430	4378	8922
5	4460	4378	4417	8923
5	4461	4437	4447	8924
5	4487	4445	4450	8925
5	4510	4468	4507	8926
5	4484	4395	4438	8927
5	4649	4622	4579	8928
5	4535	4456	4431	8929
5	4519	4480	4479	8930
5	4475	4418	4382	8931
5	4584	4532	4502	8932
5	4541	4497	4455	8933
5	4600	4542	4512	8934
5	4580	4578	4564	8935
5	4511	4465	4460	8936
5	4513	4465	4511	8937
5	4468	4446	4396	8938
5	4468	4396	4449	8939
5	4525	4508	4489	8940
5	4488	4452	4451	8941
5	4486	4419	4470	8942
5	4486	4447	4419	8943
5	4528	4503	4471	8944
5	4504	4422	4503	8945
5	4472	4458	4425	8946
5	4472	4425	4422	8947
5	4553	4511	4497	8948
5	4502	4463	4426	8949
5	4544	4474	4492	8950
5	4509	4476	4429	8951
5	4480	4441	4428	8952
5	4545	4475	4506	8953
5	4546	4492	4461	8954
5	4487	4450	4483	8955
5	4490	4436	4477	8956
5	4490	4453	4436	8957
5	4507	4468	4485	8958
5	4498	4462	4439	8959
5	4510	4469	4446	8960
5	4519	4479	4518	8961
5	4516	4435	4462	8962
5	4518	4479	4478	8963
5	4482	4423	4384	8964
5	4482	4384	4444	8965
5	4674	4659	4616	8966
5	4521	4482	4520	8967
5	4569	4523	4536	8968
5	4551	4500	4476	8969
5	4485	4449	4448	8970
5	4485	4468	4449	8971
5	4517	4435	4516	8972
5	4677	4673	4636	8973
5	4546	4461	4522	8974
5	4486	4461	4447	8975
5	4527	4490	4477	8976
5	4523	4487	4483	8977
5	4489	4452	4488	8978
5	4489	4380	4452	8979
5	4611	4561	4577	8980
5	4526	4485	4484	8981
5	4527	4477	4491	8982
5	4491	4445	4487	8983
5	4527	4470	4490	8984
5	4491	4477	4421	8985
5	4652	4609	4588	8986
5	4582	4544	4570	8987
5	4493	4464	4418	8988
5	4493	4418	4475	8989
5	4494	4455	4434	8990
5	4494	4434	4457	8991
5	4509	4429	4458	8992
5	4495	4458	4472	8993
5	4531	4464	4493	8994
5	4558	4517	4516	8995
5	4497	4460	4417	8996
5	4497	4417	4455	8997
5	4518	4478	4517	8998
5	4516	4462	4498	8999
5	4499	4471	4432	9000
5	4499	4432	4454	9001
5	4500	4483	4433	9002
5	4500	4433	4476	9003
5	4520	4482	4481	9004
5	4547	4520	4481	9005
5	4535	4463	4532	9006
5	4532	4463	4502	9007
5	4607	4495	4604	9008
5	4503	4422	4402	9009
5	4549	4459	4496	9010
5	4655	4605	4639	9011
5	4565	4505	4563	9012
5	4527	4491	4505	9013
5	4606	4531	4567	9014
5	4590	4557	4519	9015
5	4510	4446	4468	9016
5	4550	4498	4469	9017
5	4534	4508	4533	9018
5	4561	4521	4520	9019
5	4536	4483	4500	9020
5	4607	4586	4540	9021
5	4558	4516	4556	9022
5	4564	4526	4534	9023
5	4609	4608	4587	9024
5	4541	4455	4494	9025
5	4512	4488	4451	9026
5	4512	4451	4466	9027
5	4592	4555	4554	9028
5	4619	4588	4548	9029
5	4514	4499	4454	9030
5	4514	4454	4459	9031
5	4555	4513	4554	9032
5	4576	4515	4555	9033
5	4674	4616	4644	9034
5	4560	4519	4518	9035
5	4578	4552	4564	9036
5	4559	4517	4558	9037
5	4632	4595	4620	9038
5	4620	4595	4557	9039
5	4634	4597	4596	9040
5	4559	4518	4517	9041
5	4521	4466	4423	9042
5	4521	4423	4482	9043
5	4909	4870	4819	9044
5	4562	4521	4561	9045
5	4563	4505	4523	9046
5	4694	4660	4614	9047
5	4570	4492	4546	9048
5	4523	4505	4487	9049
5	4524	4522	4486	9050
5	4524	4486	4470	9051
5	4598	4559	4597	9052
5	4648	4577	4613	9053
5	4534	4526	4508	9054
5	4526	4507	4485	9055
5	4568	4546	4522	9056
5	4527	4524	4470	9057
5	4617	4536	4572	9058
5	4754	4739	4744	9059
5	4565	4529	4524	9060
5	4536	4523	4483	9061
5	4777	4719	4774	9062
5	4530	4457	4427	9063
5	4567	4531	4493	9064
5	4589	4543	4514	9065
5	4648	4611	4577	9066
5	4626	4584	4537	9067
5	4613	4547	4574	9068
5	4576	4537	4515	9069
5	4560	4518	4559	9070
5	4550	4469	4510	9071
5	4579	4533	4525	9072
5	4547	4481	4501	9073
5	4658	4607	4604	9074
5	4664	4624	4641	9075
5	4584	4502	4537	9076
5	4711	4675	4685	9077
5	4538	4528	4471	9078
5	4538	4471	4499	9079
5	4647	4614	4586	9080
5	4586	4509	4540	9081
5	4586	4551	4509	9082
5	4551	4476	4509	9083
5	4554	4511	4553	9084
5	4609	4587	4541	9085
5	4611	4599	4561	9086
5	4649	4579	4637	9087
5	4543	4538	4499	9088
5	4543	4499	4514	9089
5	4544	4530	4427	9090
5	4544	4427	4474	9091
5	4712	4646	4693	9092
5	4606	4575	4531	9093
5	4607	4540	4495	9094
5	4615	4563	4569	9095
5	4574	4501	4535	9096
5	4880	4848	4845	9097
5	4588	4541	4494	9098
5	4548	4494	4457	9099
5	4621	4566	4543	9100
5	4549	4514	4459	9101
5	4596	4556	4594	9102
5	4590	4519	4560	9103
5	4572	4500	4551	9104
5	4678	4650	4615	9105
5	4552	4550	4510	9106
5	4552	4510	4507	9107
5	4777	4753	4719	9108
5	4592	4554	4591	9109
5	4619	4548	4583	9110
5	4591	4554	4553	9111
5	4651	4576	4618	9112
5	4745	4726	4741	9113
5	4593	4552	4578	9114
5	4632	4545	4595	9115
5	4620	4557	4590	9116
5	4557	4506	4480	9117
5	4579	4525	4542	9118
5	4595	4506	4557	9119
5	4593	4550	4552	9120
5	4594	4556	4550	9121
5	4666	4598	4635	9122
5	4596	4558	4556	9123
5	4562	4512	4466	9124
5	4562	4466	4521	9125
5	4902	4828	4866	9126
5	4677	4636	4640	9127
5	4568	4522	4529	9128
5	4585	4565	4563	9129
5	4564	4552	4507	9130
5	4564	4507	4526	9131
5	4565	4524	4527	9132
5	4565	4527	4505	9133
5	4621	4543	4589	9134
5	4716	4686	4667	9135
5	4681	4645	4610	9136
5	4712	4676	4646	9137
5	4609	4541	4588	9138
5	4625	4582	4624	9139
5	4779	4720	4746	9140
5	4641	4624	4602	9141
5	4624	4570	4602	9142
5	4617	4569	4536	9143
5	4581	4538	4566	9144
5	4604	4495	4539	9145
5	4650	4627	4585	9146
5	4655	4603	4605	9147
5	4574	4535	4573	9148
5	4573	4535	4532	9149
5	4599	4562	4561	9150
5	4763	4734	4689	9151
5	4575	4549	4496	9152
5	4575	4496	4531	9153
5	4638	4612	4584	9154
5	4665	4591	4608	9155
5	4577	4561	4520	9156
5	4577	4520	4547	9157
5	4580	4564	4534	9158
5	4622	4533	4579	9159
5	4630	4578	4623	9160
5	4580	4534	4533	9161
5	4690	4611	4648	9162
5	4622	4580	4533	9163
5	4581	4571	4528	9164
5	4581	4528	4538	9165
5	4732	4663	4703	9166
5	4678	4615	4643	9167
5	4703	4625	4664	9168
5	4701	4641	4661	9169
5	4638	4584	4626	9170
5	4747	4679	4713	9171
5	4615	4585	4563	9172
5	4627	4529	4585	9173
5	4667	4567	4632	9174
5	4693	4646	4621	9175
5	4587	4553	4497	9176
5	4587	4497	4541	9177
5	4713	4679	4654	9178
5	4653	4608	4609	9179
5	4715	4693	4642	9180
5	4776	4742	4709	9181
5	4736	4645	4681	9182
5	4707	4666	4635	9183
5	4704	4653	4696	9184
5	4766	4695	4727	9185
5	4848	4810	4845	9186
5	4713	4654	4675	9187
5	4597	4558	4596	9188
5	4594	4550	4593	9189
5	4662	4580	4622	9190
5	4623	4578	4580	9191
5	4667	4606	4567	9192
5	4595	4545	4506	9193
5	4630	4593	4578	9194
5	4631	4593	4630	9195
5	4709	4672	4671	9196
5	4635	4598	4597	9197
5	4631	4594	4593	9198
5	4633	4596	4594	9199
5	4600	4562	4599	9200
5	4600	4512	4562	9201
5	4633	4594	4631	9202
5	4637	4579	4542	9203
5	4601	4581	4566	9204
5	4676	4601	4646	9205
5	4602	4570	4546	9206
5	4602	4546	4568	9207
5	4698	4655	4682	9208
5	4768	4678	4725	9209
5	4657	4604	4603	9210
5	4650	4585	4615	9211
5	4605	4603	4571	9212
5	4605	4571	4581	9213
5	4628	4549	4575	9214
5	4716	4667	4680	9215
5	4647	4586	4607	9216
5	4646	4601	4566	9217
5	4608	4591	4553	9218
5	4608	4553	4587	9219
5	4717	4650	4678	9220
5	4625	4583	4582	9221
5	4610	4590	4560	9222
5	4610	4560	4598	9223
5	4735	4690	4695	9224
5	4636	4600	4599	9225
5	4612	4573	4532	9226
5	4612	4532	4584	9227
5	4640	4636	4599	9228
5	4719	4644	4683	9229
5	4614	4572	4551	9230
5	4614	4551	4586	9231
5	4660	4617	4572	9232
5	4661	4568	4627	9233
5	4616	4613	4574	9234
5	4616	4574	4573	9235
5	4725	4678	4643	9236
5	4643	4569	4617	9237
5	4618	4576	4555	9238
5	4618	4555	4592	9239
5	4652	4588	4619	9240
5	4683	4644	4612	9241
5	4671	4634	4633	9242
5	4749	4681	4729	9243
5	4676	4639	4601	9244
5	4628	4589	4549	9245
5	4932	4873	4888	9246
5	4742	4672	4709	9247
5	4640	4599	4611	9248
5	4687	4662	4622	9249
5	4775	4724	4740	9250
5	4797	4758	4732	9251
5	4720	4703	4664	9252
5	4643	4615	4569	9253
5	4689	4626	4651	9254
5	4763	4689	4651	9255
5	4663	4583	4625	9256
5	4661	4641	4602	9257
5	4714	4656	4686	9258
5	4680	4632	4620	9259
5	4629	4592	4591	9260
5	4665	4629	4591	9261
5	4803	4728	4761	9262
5	4634	4596	4633	9263
5	4669	4633	4631	9264
5	4635	4597	4634	9265
5	4681	4610	4666	9266
5	4632	4567	4545	9267
5	4672	4634	4671	9268
5	4687	4622	4649	9269
5	4668	4631	4630	9270
5	4730	4670	4692	9271
5	4709	4671	4708	9272
5	4672	4635	4634	9273
5	4637	4600	4636	9274
5	4637	4542	4600	9275
5	4662	4623	4580	9276
5	4680	4667	4632	9277
5	4651	4626	4576	9278
5	4755	4675	4711	9279
5	4639	4605	4601	9280
5	4849	4781	4823	9281
5	4752	4718	4735	9282
5	4814	4777	4774	9283
5	4764	4748	4737	9284
5	4660	4572	4614	9285
5	4642	4621	4589	9286
5	4642	4589	4628	9287
5	4739	4698	4710	9288
5	4684	4617	4660	9289
5	4644	4616	4573	9290
5	4644	4573	4612	9291
5	4645	4620	4590	9292
5	4645	4590	4610	9293
5	4693	4621	4642	9294
5	4849	4829	4781	9295
5	4699	4657	4698	9296
5	4684	4643	4617	9297
5	4722	4662	4687	9298
5	4690	4640	4611	9299
5	4708	4669	4705	9300
5	4723	4649	4673	9301
5	4724	4688	4701	9302
5	4661	4602	4568	9303
5	4794	4713	4755	9304
5	4683	4612	4638	9305
5	4665	4608	4653	9306
5	4653	4609	4652	9307
5	4704	4665	4653	9308
5	4704	4685	4665	9309
5	4654	4618	4592	9310
5	4654	4592	4629	9311
5	4698	4657	4655	9312
5	4658	4604	4657	9313
5	4656	4628	4575	9314
5	4656	4575	4606	9315
5	4748	4721	4737	9316
5	4658	4647	4607	9317
5	4799	4784	4748	9318
5	4829	4756	4781	9319
5	4659	4648	4613	9320
5	4659	4613	4616	9321
5	4757	4684	4721	9322
5	4821	4790	4750	9323
5	4700	4627	4650	9324
5	4700	4661	4627	9325
5	4669	4631	4668	9326
5	4671	4633	4669	9327
5	4702	4619	4663	9328
5	4663	4619	4583	9329
5	4801	4741	4773	9330
5	4664	4625	4624	9331
5	4778	4651	4679	9332
5	4877	4779	4817	9333
5	4729	4666	4707	9334
5	4759	4715	4691	9335
5	4715	4642	4691	9336
5	4714	4691	4656	9337
5	4735	4718	4690	9338
5	4820	4783	4776	9339
5	4761	4718	4752	9340
5	4707	4635	4672	9341
5	4670	4668	4630	9342
5	4670	4630	4623	9343
5	4762	4729	4707	9344
5	4692	4623	4662	9345
5	4731	4708	4705	9346
5	4762	4707	4742	9347
5	4673	4649	4637	9348
5	4673	4637	4636	9349
5	4774	4683	4734	9350
5	4878	4803	4841	9351
5	4675	4654	4629	9352
5	4703	4663	4625	9353
5	4838	4805	4816	9354
5	4836	4795	4744	9355
5	4921	4858	4881	9356
5	4803	4761	4780	9357
5	4732	4702	4663	9358
5	4771	4726	4745	9359
5	4679	4651	4618	9360
5	4679	4618	4654	9361
5	5001	4966	4941	9362
5	4680	4620	4645	9363
5	4765	4686	4716	9364
5	4708	4671	4669	9365
5	4682	4655	4639	9366
5	4733	4682	4639	9367
5	4842	4747	4819	9368
5	4719	4674	4644	9369
5	5058	5001	5021	9370
5	4694	4614	4647	9371
5	4685	4675	4629	9372
5	4685	4629	4665	9373
5	4686	4656	4606	9374
5	4686	4606	4667	9375
5	4692	4670	4623	9376
5	4705	4669	4668	9377
5	4688	4664	4641	9378
5	4757	4721	4748	9379
5	4734	4638	4689	9380
5	4689	4638	4626	9381
5	4766	4735	4695	9382
5	4807	4788	4769	9383
5	4691	4642	4628	9384
5	4691	4628	4656	9385
5	4765	4714	4686	9386
5	4772	4716	4680	9387
5	4733	4639	4676	9388
5	4836	4744	4785	9389
5	4751	4732	4703	9390
5	5133	5060	5082	9391
5	4695	4690	4648	9392
5	4695	4648	4659	9393
5	4696	4653	4652	9394
5	4779	4751	4720	9395
5	4697	4694	4647	9396
5	4697	4647	4658	9397
5	4699	4658	4657	9398
5	4965	4937	4909	9399
5	4790	4733	4750	9400
5	4764	4738	4754	9401
5	4701	4661	4700	9402
5	4701	4688	4641	9403
5	4916	4911	4913	9404
5	4905	4817	4857	9405
5	4702	4696	4652	9406
5	4702	4652	4619	9407
5	4720	4664	4688	9408
5	4809	4746	4724	9409
5	5095	232	5043	9410
5	4981	4951	4975	9411
5	4761	4677	4718	9412
5	4731	4705	4706	9413
5	4706	4705	4668	9414
5	4706	4668	4670	9415
5	4742	4707	4672	9416
5	4729	4681	4666	9417
5	4851	4835	4834	9418
5	4854	4783	4820	9419
5	4807	4767	4788	9420
5	4789	4769	4788	9421
5	4710	4698	4682	9422
5	4770	4682	4733	9423
5	4822	4794	4755	9424
5	5012	4946	4988	9425
5	4885	4816	4865	9426
5	4947	4888	4934	9427
5	4855	4822	4787	9428
5	4794	4747	4713	9429
5	4772	4680	4736	9430
5	4886	4849	4823	9431
5	4756	4712	4693	9432
5	4770	4710	4682	9433
5	4826	4796	4765	9434
5	4749	4736	4681	9435
5	4740	4724	4701	9436
5	4717	4700	4650	9437
5	4718	4677	4640	9438
5	4718	4640	4690	9439
5	4856	4841	4780	9440
5	4864	4791	4824	9441
5	4901	4813	4837	9442
5	4751	4703	4720	9443
5	4721	4684	4660	9444
5	4721	4660	4694	9445
5	4730	4706	4670	9446
5	4722	4692	4662	9447
5	4723	4722	4687	9448
5	4723	4687	4649	9449
5	4740	4700	4717	9450
5	4725	4643	4684	9451
5	4740	4701	4700	9452
5	4818	4784	4799	9453
5	4726	4711	4685	9454
5	4726	4685	4704	9455
5	4727	4695	4659	9456
5	4727	4659	4674	9457
5	4728	4723	4673	9458
5	4728	4673	4677	9459
5	4783	4742	4776	9460
5	4736	4680	4645	9461
5	4743	4708	4731	9462
5	4731	4706	4730	9463
5	4858	4793	4835	9464
5	4793	4776	4743	9465
5	4758	4702	4732	9466
5	4850	4846	4812	9467
5	4756	4693	4715	9468
5	4785	4710	4770	9469
5	4774	4719	4683	9470
5	4734	4683	4638	9471
5	4791	4735	4766	9472
5	4883	4864	4824	9473
5	4806	4716	4772	9474
5	4879	4806	4843	9475
5	4737	4721	4694	9476
5	4737	4694	4697	9477
5	4738	4737	4697	9478
5	4738	4697	4699	9479
5	4739	4738	4699	9480
5	4739	4699	4698	9481
5	4799	4748	4764	9482
5	4757	4725	4684	9483
5	4741	4726	4704	9484
5	4741	4704	4696	9485
5	4793	4743	4760	9486
5	4767	4723	4728	9487
5	4776	4709	4743	9488
5	4743	4709	4708	9489
5	4744	4739	4710	9490
5	4785	4744	4710	9491
5	4773	4741	4696	9492
5	4859	4785	4815	9493
5	4746	4720	4688	9494
5	4746	4688	4724	9495
5	4833	4763	4778	9496
5	4755	4713	4675	9497
5	4754	4738	4739	9498
5	4805	4754	4795	9499
5	4811	4736	4749	9500
5	4806	4765	4716	9501
5	4750	4733	4676	9502
5	4750	4676	4712	9503
5	4758	4696	4702	9504
5	4801	4745	4741	9505
5	4778	4679	4747	9506
5	4875	4842	4870	9507
5	4753	4727	4674	9508
5	4753	4674	4719	9509
5	4764	4737	4738	9510
5	4890	4853	4818	9511
5	4771	4711	4726	9512
5	4982	4959	4919	9513
5	5128	5067	5084	9514
5	4759	4691	4714	9515
5	4800	4775	4786	9516
5	4768	4717	4678	9517
5	4773	4696	4758	9518
5	4845	4810	4745	9519
5	4914	4897	4849	9520
5	4821	4750	4782	9521
5	4760	4743	4731	9522
5	4789	4730	4769	9523
5	4803	4767	4728	9524
5	4761	4728	4677	9525
5	4820	4776	4793	9526
5	4918	4889	4896	9527
5	4804	4774	4734	9528
5	4798	4727	4753	9529
5	4923	4867	4908	9530
5	4784	4757	4748	9531
5	4904	4827	4863	9532
5	4915	4852	4882	9533
5	4804	4734	4763	9534
5	4828	4753	4777	9535
5	4791	4752	4735	9536
5	4807	4723	4767	9537
5	4808	4725	4757	9538
5	4892	4857	4825	9539
5	4769	4730	4692	9540
5	4769	4692	4722	9541
5	4790	4770	4733	9542
5	4903	4879	4843	9543
5	4855	4787	4830	9544
5	5078	5043	232	9545
5	4826	4765	4806	9546
5	4831	4762	4783	9547
5	4797	4732	4751	9548
5	4812	4758	4797	9549
5	4978	4939	4902	9550
5	4814	4774	4804	9551
5	4825	4809	4775	9552
5	4809	4724	4775	9553
5	4783	4762	4742	9554
5	4835	4793	4760	9555
5	4798	4766	4727	9556
5	4864	4832	4791	9557
5	4833	4804	4763	9558
5	4778	4763	4651	9559
5	4850	4812	4813	9560
5	4837	4751	4779	9561
5	4780	4761	4752	9562
5	5000	4958	4940	9563
5	4781	4756	4715	9564
5	4781	4715	4759	9565
5	4782	4750	4712	9566
5	4782	4712	4756	9567
5	4941	4904	4863	9568
5	4992	4922	4963	9569
5	4786	4717	4768	9570
5	4808	4768	4725	9571
5	4829	4782	4756	9572
5	4872	4825	4775	9573
5	4786	4775	4740	9574
5	4786	4740	4717	9575
5	4787	4755	4711	9576
5	4787	4711	4771	9577
5	4802	4760	4731	9578
5	4789	4731	4730	9579
5	4802	4731	4789	9580
5	4834	4760	4802	9581
5	5028	4950	4993	9582
5	4873	4790	4821	9583
5	4891	4841	4856	9584
5	4866	4777	4814	9585
5	4792	4749	4729	9586
5	4792	4729	4762	9587
5	4835	4760	4834	9588
5	4827	4811	4749	9589
5	4847	4794	4822	9590
5	4948	4898	4937	9591
5	4795	4754	4744	9592
5	4865	4795	4836	9593
5	4796	4759	4714	9594
5	4796	4714	4765	9595
5	4890	4818	4867	9596
5	5062	5013	5008	9597
5	4982	4919	4956	9598
5	4828	4798	4753	9599
5	4865	4816	4795	9600
5	4867	4818	4838	9601
5	4800	4786	4768	9602
5	4808	4800	4768	9603
5	4906	4865	4836	9604
5	4845	4745	4801	9605
5	4839	4789	4788	9606
5	4966	4904	4941	9607
5	4922	4854	4893	9608
5	4840	4767	4803	9609
5	4871	4804	4833	9610
5	4871	4814	4804	9611
5	4805	4799	4764	9612
5	4805	4764	4754	9613
5	4811	4772	4736	9614
5	4914	4849	4886	9615
5	4807	4769	4722	9616
5	4807	4722	4723	9617
5	4808	4757	4784	9618
5	4844	4808	4784	9619
5	4924	4882	4879	9620
5	4837	4797	4751	9621
5	4810	4771	4745	9622
5	4905	4877	4817	9623
5	4831	4792	4762	9624
5	4895	4831	4854	9625
5	4846	4773	4812	9626
5	4812	4773	4758	9627
5	4813	4812	4797	9628
5	4837	4813	4797	9629
5	4998	4925	4972	9630
5	4894	4856	4832	9631
5	4815	4785	4770	9632
5	4815	4770	4790	9633
5	4816	4805	4795	9634
5	5069	4984	5011	9635
5	4817	4779	4746	9636
5	4817	4746	4809	9637
5	4913	4853	4890	9638
5	4933	4880	4899	9639
5	4819	4747	4794	9640
5	4822	4755	4787	9641
5	4854	4831	4783	9642
5	4843	4772	4811	9643
5	4873	4815	4790	9644
5	4906	4836	4859	9645
5	4847	4819	4794	9646
5	4972	4925	4898	9647
5	4823	4781	4759	9648
5	4823	4759	4796	9649
5	4824	4791	4766	9650
5	4824	4766	4798	9651
5	4916	4913	4890	9652
5	4857	4817	4809	9653
5	4958	4903	4940	9654
5	4827	4749	4792	9655
5	4903	4843	4874	9656
5	4904	4874	4827	9657
5	5076	5025	5071	9658
5	4972	4898	4948	9659
5	4879	4826	4806	9660
5	5047	5004	5017	9661
5	4830	4787	4771	9662
5	4830	4771	4810	9663
5	4895	4863	4831	9664
5	4858	4820	4793	9665
5	4832	4780	4752	9666
5	4832	4752	4791	9667
5	4866	4828	4777	9668
5	4925	4871	4875	9669
5	4876	4788	4840	9670
5	4840	4788	4767	9671
5	4856	4780	4832	9672
5	4928	4841	4891	9673
5	4859	4836	4785	9674
5	4897	4829	4849	9675
5	4951	4933	4938	9676
5	4877	4837	4779	9677
5	4838	4818	4799	9678
5	4838	4799	4805	9679
5	4839	4834	4802	9680
5	4839	4802	4789	9681
5	5143	5129	5081	9682
5	4921	4893	4858	9683
5	5044	4992	5024	9684
5	4841	4803	4780	9685
5	4842	4833	4778	9686
5	4842	4778	4747	9687
5	4886	4823	4852	9688
5	4843	4806	4772	9689
5	4997	4914	4954	9690
5	4844	4800	4808	9691
5	5144	5104	5115	9692
5	4861	4810	4848	9693
5	4899	4801	4846	9694
5	4846	4801	4773	9695
5	5077	5057	5014	9696
5	4925	4875	4898	9697
5	5037	4957	4994	9698
5	4942	4907	4848	9699
5	4941	4863	4895	9700
5	5004	4932	4947	9701
5	4901	4837	4877	9702
5	4857	4809	4825	9703
5	4939	4860	4902	9704
5	5060	5015	4996	9705
5	4852	4823	4796	9706
5	4852	4796	4826	9707
5	4853	4844	4784	9708
5	4853	4784	4818	9709
5	4958	4924	4903	9710
5	4924	4879	4903	9711
5	4861	4830	4810	9712
5	5078	232	233	9713
5	4960	4920	4889	9714
5	5015	4983	4960	9715
5	4976	4905	4929	9716
5	4929	4857	4892	9717
5	4960	4889	4918	9718
5	4889	4851	4869	9719
5	5006	4935	4976	9720
5	5047	5018	5004	9721
5	4860	4824	4798	9722
5	4860	4798	4828	9723
5	5117	233	234	9724
5	4961	4880	4933	9725
5	4862	4821	4782	9726
5	4862	4782	4829	9727
5	4863	4827	4792	9728
5	4863	4792	4831	9729
5	5005	4948	4937	9730
5	4883	4824	4860	9731
5	4932	4900	4873	9732
5	4923	4890	4867	9733
5	4910	4866	4814	9734
5	4996	4918	4974	9735
5	4885	4868	4816	9736
5	4908	4867	4868	9737
5	4868	4867	4838	9738
5	4868	4838	4816	9739
5	4869	4851	4834	9740
5	4869	4834	4839	9741
5	4870	4842	4819	9742
5	4909	4819	4847	9743
5	4937	4898	4870	9744
5	4910	4814	4871	9745
5	4872	4775	4800	9746
5	5017	4947	4984	9747
5	4897	4862	4829	9748
5	4954	4914	4886	9749
5	4874	4843	4811	9750
5	4874	4811	4827	9751
5	4875	4871	4833	9752
5	4875	4833	4842	9753
5	4876	4869	4839	9754
5	4876	4839	4788	9755
5	4987	4971	4977	9756
5	4929	4905	4857	9757
5	4928	4912	4878	9758
5	4878	4840	4803	9759
5	4872	4800	4844	9760
5	4913	4844	4853	9761
5	4988	4946	4957	9762
5	4899	4846	4850	9763
5	4881	4858	4835	9764
5	4881	4835	4851	9765
5	4882	4852	4826	9766
5	4882	4826	4879	9767
5	5042	4972	5009	9768
5	4894	4832	4864	9769
5	4884	4847	4822	9770
5	4884	4822	4855	9771
5	5093	5047	5017	9772
5	5079	5050	5016	9773
5	4915	4886	4852	9774
5	4934	4888	4862	9775
5	4887	4855	4830	9776
5	4887	4830	4861	9777
5	4888	4873	4821	9778
5	4888	4821	4862	9779
5	4928	4878	4841	9780
5	5163	5120	5160	9781
5	5080	5063	5028	9782
5	4975	4901	4935	9783
5	4912	4840	4878	9784
5	5106	5066	5073	9785
5	5038	4971	4987	9786
5	5080	5028	5050	9787
5	4893	4854	4820	9788
5	4893	4820	4858	9789
5	4936	4864	4883	9790
5	4936	4894	4864	9791
5	5044	5021	4992	9792
5	4922	4895	4854	9793
5	4896	4889	4869	9794
5	4896	4869	4876	9795
5	5090	5011	5053	9796
5	4964	4934	4897	9797
5	4898	4875	4870	9798
5	4965	4909	4917	9799
5	4899	4880	4845	9800
5	4899	4845	4801	9801
5	4900	4859	4815	9802
5	4900	4815	4873	9803
5	4938	4850	4901	9804
5	4901	4850	4813	9805
5	4944	4866	4910	9806
5	4902	4860	4828	9807
5	4940	4903	4874	9808
5	5031	4966	5001	9809
5	4940	4874	4904	9810
5	4967	4895	4922	9811
5	5022	4968	4995	9812
5	4916	4892	4911	9813
5	5156	215	216	9814
5	5050	5028	4993	9815
5	4907	4861	4848	9816
5	4942	4848	4880	9817
5	4943	4908	4868	9818
5	4943	4868	4885	9819
5	4937	4870	4909	9820
5	5046	4980	5012	9821
5	5200	5143	5176	9822
5	4944	4910	4925	9823
5	4911	4892	4825	9824
5	4911	4825	4872	9825
5	4912	4896	4876	9826
5	4912	4876	4840	9827
5	4913	4911	4872	9828
5	4913	4872	4844	9829
5	5035	4997	4954	9830
5	4934	4862	4897	9831
5	5007	4924	4958	9832
5	4964	4897	4914	9833
5	4994	4942	4961	9834
5	4990	4929	4973	9835
5	4917	4909	4847	9836
5	4917	4847	4884	9837
5	4939	4883	4860	9838
5	4952	4891	4927	9839
5	4919	4884	4855	9840
5	4919	4855	4887	9841
5	4920	4881	4851	9842
5	4920	4851	4889	9843
5	5143	5081	5133	9844
5	5082	5060	5026	9845
5	4966	4940	4904	9846
5	5052	5024	4991	9847
5	4995	4968	4923	9848
5	4995	4923	4971	9849
5	4967	4941	4895	9850
5	5103	5010	5056	9851
5	5054	5039	5042	9852
5	4925	4910	4871	9853
5	4926	4885	4865	9854
5	4926	4865	4906	9855
5	4927	4891	4856	9856
5	4927	4856	4894	9857
5	4928	4896	4912	9858
5	5070	5054	5009	9859
5	4973	4892	4916	9860
5	4935	4877	4905	9861
5	4930	4906	4859	9862
5	4930	4859	4900	9863
5	4931	4887	4861	9864
5	4931	4861	4907	9865
5	5170	5153	5124	9866
5	4928	4918	4896	9867
5	4961	4942	4880	9868
5	4935	4901	4877	9869
5	4997	4964	4914	9870
5	4947	4932	4888	9871
5	4976	4935	4905	9872
5	4973	4929	4892	9873
5	4974	4891	4952	9874
5	5026	4974	4952	9875
5	5013	4965	5008	9876
5	5039	4985	4978	9877
5	4938	4933	4899	9878
5	4938	4899	4850	9879
5	5102	5054	5100	9880
5	5034	4970	4985	9881
5	5101	5021	5044	9882
5	5114	5084	5059	9883
5	5001	4941	4967	9884
5	4996	4960	4918	9885
5	5012	4980	4946	9886
5	5032	4961	5003	9887
5	5002	4943	4950	9888
5	5022	4916	4968	9889
5	4978	4902	4944	9890
5	4944	4902	4866	9891
5	4945	4915	4882	9892
5	4945	4882	4924	9893
5	4946	4931	4907	9894
5	5003	4933	4951	9895
5	5028	5002	4950	9896
5	5004	4962	4932	9897
5	5005	4937	4965	9898
5	5111	5077	235	9899
5	4949	4927	4894	9900
5	4949	4894	4936	9901
5	4950	4943	4885	9902
5	4950	4885	4926	9903
5	5091	5033	5066	9904
5	5006	4981	4975	9905
5	5026	4996	4974	9906
5	5055	5034	4985	9907
5	4953	4921	4881	9908
5	4953	4881	4920	9909
5	4979	4915	4945	9910
5	4979	4955	4915	9911
5	4955	4954	4886	9912
5	4955	4886	4915	9913
5	4956	4919	4887	9914
5	4956	4887	4931	9915
5	4957	4946	4907	9916
5	4957	4907	4942	9917
5	5085	5031	5058	9918
5	5067	4979	5030	9919
5	4959	4917	4884	9920
5	4959	4884	4919	9921
5	5060	4996	5026	9922
5	5031	5000	4966	9923
5	5141	5061	5105	9924
5	5003	4961	4933	9925
5	4962	4930	4900	9926
5	4962	4900	4932	9927
5	4963	4922	4893	9928
5	4963	4893	4921	9929
5	5175	212	213	9930
5	5132	5069	5090	9931
5	5171	239	5148	9932
5	5040	4948	5005	9933
5	5000	4940	4966	9934
5	5059	5030	5007	9935
5	5024	4963	4991	9936
5	4992	4967	4922	9937
5	4968	4916	4890	9938
5	4968	4890	4923	9939
5	4969	4926	4906	9940
5	4969	4906	4930	9941
5	4970	4936	4883	9942
5	4970	4883	4939	9943
5	4971	4923	4908	9944
5	5097	5019	5049	9945
5	4998	4944	4925	9946
5	5144	5116	5104	9947
5	5006	4975	4935	9948
5	5049	5019	5022	9949
5	4974	4918	4928	9950
5	4974	4928	4891	9951
5	4975	4951	4938	9952
5	4975	4938	4901	9953
5	5187	243	5160	9954
5	5033	4981	5006	9955
5	4977	4971	4908	9956
5	4977	4908	4943	9957
5	5086	5070	5040	9958
5	5034	4999	4970	9959
5	5035	4954	5027	9960
5	5059	5007	5010	9961
5	4980	4956	4931	9962
5	4980	4931	4946	9963
5	4990	4976	4929	9964
5	5065	4981	5033	9965
5	5111	5057	5077	9966
5	5057	5036	4982	9967
5	4983	4953	4920	9968
5	4983	4920	4960	9969
5	4984	4947	4934	9970
5	4984	4934	4964	9971
5	4985	4970	4939	9972
5	4985	4939	4978	9973
5	4986	4952	4927	9974
5	4986	4927	4949	9975
5	5002	4977	4943	9976
5	5050	4993	5016	9977
5	5105	5029	5065	9978
5	5037	4988	4957	9979
5	4989	4969	4930	9980
5	4989	4930	4962	9981
5	5065	5029	4981	9982
5	5066	5033	5041	9983
5	4991	4963	4921	9984
5	4991	4921	4953	9985
5	5025	4953	4983	9986
5	5071	4983	5015	9987
5	4993	4950	4926	9988
5	4993	4926	4969	9989
5	5204	213	214	9990
5	4994	4957	4942	9991
5	5038	4995	4971	9992
5	5070	5009	5040	9993
5	5015	4960	4996	9994
5	5026	4952	4986	9995
5	5017	5004	4947	9996
5	5172	5156	216	9997
5	5039	4978	4998	9998
5	4998	4978	4944	9999
5	4999	4949	4936	10000
5	4999	4936	4970	10001
5	5108	5074	5027	10002
5	5007	4945	4924	10003
5	5024	4992	4963	10004
5	5225	5200	5218	10005
5	5068	4987	5020	10006
5	5150	5079	5110	10007
5	5032	4994	4961	10008
5	5094	4994	5032	10009
5	5069	5017	4984	10010
5	5090	5069	5011	10011
5	5013	5005	4965	10012
5	5040	5009	4948	10013
5	5041	4976	4990	10014
5	5091	5065	5033	10015
5	5112	5099	5074	10016
5	5056	5000	5031	10017
5	5008	4965	4917	10018
5	5008	4917	4959	10019
5	5055	4985	5039	10020
5	5009	4972	4948	10021
5	5010	5007	4958	10022
5	5010	4958	5000	10023
5	5011	4984	4964	10024
5	5011	4964	4997	10025
5	5014	4982	4956	10026
5	5014	4956	4980	10027
5	5221	5203	245	10028
5	5116	5064	5104	10029
5	5117	5078	233	10030
5	5077	5014	5046	10031
5	5118	5044	5089	10032
5	5025	4991	4953	10033
5	5016	4993	4969	10034
5	5016	4969	4989	10035
5	5142	5135	5093	10036
5	5175	5142	5132	10037
5	5018	4989	4962	10038
5	5018	4962	5004	10039
5	5019	4990	4973	10040
5	5073	4990	5019	10041
5	5020	4987	4977	10042
5	5020	4977	5002	10043
5	5021	5001	4967	10044
5	5021	4967	4992	10045
5	5022	5019	4973	10046
5	5022	4973	4916	10047
5	5023	4986	4949	10048
5	5023	4949	4999	10049
5	5188	5119	5154	10050
5	5056	5010	5000	10051
5	5071	5025	4983	10052
5	5052	4991	5025	10053
5	5120	5083	5102	10054
5	5082	5026	5045	10055
5	5027	4954	4955	10056
5	5027	4955	4979	10057
5	5079	5016	5048	10058
5	5216	228	5179	10059
5	5029	5003	4951	10060
5	5029	4951	4981	10061
5	5030	4979	4945	10062
5	5030	4945	5007	10063
5	5081	5015	5060	10064
5	5058	5031	5001	10065
5	5121	5088	5094	10066
5	5095	5043	5072	10067
5	5198	222	5194	10068
5	5123	5091	5066	10069
5	5126	5051	5083	10070
5	5173	5145	5163	10071
5	5125	5053	5099	10072
5	5125	5090	5053	10073
5	5036	5008	4959	10074
5	5036	4959	4982	10075
5	5136	231	5095	10076
5	5204	5175	213	10077
5	5075	5038	4987	10078
5	5049	4995	5038	10079
5	5126	5098	5051	10080
5	5055	5039	5054	10081
5	5102	5055	5054	10082
5	5100	5054	5070	10083
5	5041	5033	5006	10084
5	5041	5006	4976	10085
5	5042	5039	4998	10086
5	5042	4998	4972	10087
5	5043	5012	4988	10088
5	5095	231	232	10089
5	5119	5085	5058	10090
5	5169	5085	5119	10091
5	5045	5026	4986	10092
5	5045	4986	5023	10093
5	5057	4982	5014	10094
5	5046	5014	4980	10095
5	5172	5150	5110	10096
5	5127	5050	5079	10097
5	5048	5016	4989	10098
5	5048	4989	5018	10099
5	5182	209	210	10100
5	5181	5161	5167	10101
5	5127	5080	5050	10102
5	5172	5110	5156	10103
5	5051	5023	4999	10104
5	5051	4999	5034	10105
5	5076	5052	5025	10106
5	5118	5101	5044	10107
5	5053	5011	4997	10108
5	5053	4997	5035	10109
5	5054	5042	5009	10110
5	5086	5040	5064	10111
5	5163	5126	5120	10112
5	5193	243	244	10113
5	5067	5027	4979	10114
5	5103	5059	5010	10115
5	5133	5081	5060	10116
5	5062	5008	5036	10117
5	5085	5056	5031	10118
5	5199	5146	5190	10119
5	5101	5058	5021	10120
5	5149	5125	5099	10121
5	5212	5170	5201	10122
5	5218	5200	5176	10123
5	5061	5032	5003	10124
5	5061	5003	5029	10125
5	5115	5062	5087	10126
5	5115	5104	5062	10127
5	5063	5020	5002	10128
5	5063	5002	5028	10129
5	5064	5040	5005	10130
5	5064	5005	5013	10131
5	5094	5032	5061	10132
5	5130	5065	5091	10133
5	5164	5131	5107	10134
5	5049	5022	4995	10135
5	5108	5027	5067	10136
5	5215	209	5162	10137
5	5137	5063	5080	10138
5	5131	5068	5107	10139
5	5132	5093	5069	10140
5	5175	5132	5155	10141
5	5075	4987	5068	10142
5	5106	5073	5097	10143
5	5196	5176	5153	10144
5	5081	5071	5015	10145
5	5072	5043	4988	10146
5	5072	4988	5037	10147
5	5073	5066	5041	10148
5	5073	5041	4990	10149
5	5074	5035	5027	10150
5	5206	5162	5128	10151
5	5097	5073	5019	10152
5	5122	5075	5096	10153
5	5089	5044	5024	10154
5	5089	5024	5052	10155
5	5117	5046	5078	10156
5	5077	234	235	10157
5	5078	5046	5012	10158
5	5078	5012	5043	10159
5	5150	5127	5079	10160
5	5151	5137	5080	10161
5	5151	5080	5127	10162
5	5131	5096	5068	10163
5	5176	5143	5133	10164
5	5152	5113	5076	10165
5	5168	5139	5100	10166
5	5227	5218	5196	10167
5	5083	5051	5034	10168
5	5083	5034	5055	10169
5	5084	5067	5030	10170
5	5084	5030	5059	10171
5	5157	5114	5103	10172
5	5114	5059	5103	10173
5	5138	5070	5086	10174
5	5102	5083	5055	10175
5	5087	5062	5036	10176
5	5087	5036	5057	10177
5	5088	5072	5037	10178
5	5136	5095	5072	10179
5	5213	5190	5210	10180
5	5196	5153	5170	10181
5	5202	5157	5195	10182
5	5093	5017	5069	10183
5	5185	5165	5123	10184
5	5130	5105	5065	10185
5	5092	5048	5018	10186
5	5092	5018	5047	10187
5	5156	5110	5092	10188
5	5142	5093	5132	10189
5	5094	5088	5037	10190
5	5094	5037	4994	10191
5	5136	5072	5088	10192
5	5136	230	231	10193
5	5096	5075	5068	10194
5	5137	5107	5063	10195
5	5109	5038	5075	10196
5	5123	5066	5106	10197
5	5098	5045	5023	10198
5	5098	5023	5051	10199
5	5099	5053	5035	10200
5	5099	5035	5074	10201
5	5148	5086	5116	10202
5	5178	5135	5142	10203
5	5226	203	204	10204
5	5119	5058	5101	10205
5	5163	5145	5126	10206
5	5126	5083	5120	10207
5	5157	5103	5140	10208
5	5128	5108	5067	10209
5	5104	5064	5013	10210
5	5104	5013	5062	10211
5	5158	5141	5105	10212
5	5105	5061	5029	10213
5	5134	5106	5097	10214
5	5122	5109	5075	10215
NPOIN= 5233
9.997500181200000e-01	-3.633001813508614e-05	0
9.990000128750000e-01	-1.453202247713140e-04	1
9.977599978450000e-01	-3.258400548933808e-04	2
9.960200190539999e-01	-5.809324080784714e-04	3
9.937800168990000e-01	-9.146411462430895e-04	4
9.910500049590000e-01	-1.332583859165233e-03	5
9.878399968150000e-01	-1.842636059055630e-03	6
9.841300249100000e-01	-2.457423575482637e-03	7
9.799500107769999e-01	-3.177384635383548e-03	8
9.752799868580000e-01	-4.003432617151474e-03	9
9.701499938960000e-01	-4.918298516123516e-03	10
9.645400047300000e-01	-5.906203567136833e-03	11
9.584699869160000e-01	-6.942309886546367e-03	12
9.519400000570000e-01	-8.009726397705577e-03	13
9.449599981310000e-01	-9.098770320163513e-03	14
9.375399947170000e-01	-1.020942354390952e-02	15
9.296900033950000e-01	-1.134851049990516e-02	16
9.214000105860000e-01	-1.252807502068986e-02	17
9.126999974250000e-01	-1.375292812604311e-02	18
9.035800099370001e-01	-1.502989809314714e-02	19
8.940600156780000e-01	-1.635767023565262e-02	20
8.841500282290000e-01	-1.773338282723733e-02	21
8.738499879840000e-01	-1.915397354667239e-02	22
8.631799817090000e-01	-2.061313697613821e-02	23
8.521599769590000e-01	-2.210482636541393e-02	24
8.407700061800000e-01	-2.362875133744862e-02	25
8.290500044819999e-01	-2.517682934856791e-02	26
8.170099854470000e-01	-2.674510562700053e-02	27
8.046399950980000e-01	-2.833200920658945e-02	28
7.919700145720000e-01	-2.993050452309777e-02	29
7.790099978450000e-01	-3.153583607807309e-02	30
7.657799720760000e-01	-3.314171185639312e-02	31
7.522799968720000e-01	-3.474403549729188e-02	32
7.385200262070000e-01	-3.633730926156920e-02	33
7.245299816130000e-01	-3.791375796384324e-02	34
7.103199958800001e-01	-3.946805390794257e-02	35
6.958900094030001e-01	-4.099609939890780e-02	36
6.812700033190000e-01	-4.249088664082069e-02	37
6.664699912070000e-01	-4.394796702712644e-02	38
6.514999866490000e-01	-4.536329510685122e-02	39
6.363800168040000e-01	-4.673238989987612e-02	40
6.211299896240000e-01	-4.805142796816819e-02	41
6.057599782940000e-01	-4.931804166766483e-02	42
5.902799963950000e-01	-5.053037204896635e-02	43
5.747100114820000e-01	-5.168632751055006e-02	44
5.590599775310000e-01	-5.278511463100295e-02	45
5.433599948880000e-01	-5.382505259053241e-02	46
5.276100039480000e-01	-5.480694566928499e-02	47
5.118399858470000e-01	-5.573002210930957e-02	48
4.960500001910000e-01	-5.659559967119550e-02	49
4.802699983120000e-01	-5.740349952961632e-02	50
4.645099937920000e-01	-5.815478596659214e-02	51
4.487800002100000e-01	-5.885048318568582e-02	52
4.331099987030000e-01	-5.949071618431890e-02	53
4.174999892710000e-01	-6.007675912499445e-02	54
4.019699990750000e-01	-6.060883942975995e-02	55
3.865399956700000e-01	-6.108699569777036e-02	56
3.712300062180000e-01	-6.151102135501588e-02	57
3.560400009160000e-01	-6.188088199144015e-02	58
3.409900069240000e-01	-6.219557166377333e-02	59
3.261100053790000e-01	-6.245359534601246e-02	60
3.113999962810000e-01	-6.265362295813351e-02	61
2.968699932100000e-01	-6.279361089826462e-02	62
2.825500071050000e-01	-6.287096439102639e-02	63
2.684499919410000e-01	-6.288295283202971e-02	64
2.545700073240000e-01	-6.282635233318352e-02	65
2.409400045870000e-01	-6.269768143958099e-02	66
2.275699973110000e-01	-6.249317416045487e-02	67
2.144699990750000e-01	-6.220875278107513e-02	68
2.016600072380000e-01	-6.184039086127330e-02	69
1.891400069000000e-01	-6.138333926536464e-02	70
1.769299954180000e-01	-6.083333816916926e-02	71
1.650400012730000e-01	-6.018577877762717e-02	72
1.534900069240000e-01	-5.943670419830117e-02	73
1.422899961470000e-01	-5.858181337760407e-02	74
1.314399987460000e-01	-5.761597525001194e-02	75
1.209499984980000e-01	-5.653475970288609e-02	76
1.108499988910000e-01	-5.533644056987595e-02	77
1.011300012470000e-01	-5.401515486135317e-02	78
9.181000292300000e-02	-5.256890394665775e-02	79
8.290000259900000e-02	-5.099507326077003e-02	80
7.440000027400000e-02	-4.928951159038617e-02	81
6.633000075800000e-02	-4.745250689173964e-02	82
5.869000032500000e-02	-4.548083039859438e-02	83
5.149000138000000e-02	-4.337400760242890e-02	84
4.473999887700000e-02	-4.113265391184856e-02	85
3.844000026600000e-02	-3.875476238631244e-02	86
3.260000050100000e-02	-3.624248462903682e-02	87
2.723000012300000e-02	-3.359986309899086e-02	88
2.232000045500000e-02	-3.082139150391768e-02	89
1.789999939500000e-02	-2.792572051488614e-02	90
1.394999958600000e-02	-2.490265069538340e-02	91
1.049000024800000e-02	-2.177098325121319e-02	92
7.519999985000000e-03	-1.853915417607443e-02	93
5.040000193000000e-03	-1.521785096884913e-02	94
3.049999941000000e-03	-1.182032981616710e-02	95
1.560000004000000e-03	-8.388949687993821e-03	96
5.600000150000000e-04	-4.934550546410891e-03	97
5.999999800000000e-05	-1.543526026555578e-03	98
0.000000000000000e+00	0.000000000000000e+00	99
5.999999800000000e-05	1.452977363581986e-03	100
5.600000150000000e-04	4.510914972146770e-03	101
1.560000004000000e-03	7.555520950371711e-03	102
3.049999941000000e-03	1.055265774392986e-02	103
5.040000193000000e-03	1.351640973232048e-02	104
7.519999985000000e-03	1.642638111839714e-02	105
1.049000024800000e-02	1.928366252177660e-02	106
1.394999958600000e-02	2.208898873347634e-02	107
1.789999939500000e-02	2.484311965327025e-02	108
2.232000045500000e-02	2.753536098594048e-02	109
2.723000012300000e-02	3.018030697354037e-02	110
3.260000050100000e-02	3.276398005798559e-02	111
3.844000026600000e-02	3.529403835868568e-02	112
4.473999887700000e-02	3.776769660535025e-02	113
5.149000138000000e-02	4.018263315911019e-02	114
5.869000032500000e-02	4.253979482253724e-02	115
6.633000075800000e-02	4.483617661517542e-02	116
7.440000027400000e-02	4.706874417785507e-02	117
8.290000259900000e-02	4.923677022879525e-02	118
9.181000292300000e-02	5.133403442945094e-02	119
1.011300012470000e-01	5.335902662781369e-02	120
1.108499988910000e-01	5.530739268122203e-02	121
1.209499984980000e-01	5.717280478509867e-02	122
1.314399987460000e-01	5.895419682937725e-02	123
1.422899961470000e-01	6.064322360067085e-02	124
1.534900069240000e-01	6.223520433148542e-02	125
1.650400012730000e-01	6.372654006507407e-02	126
1.769299954180000e-01	6.511195103596275e-02	127
1.891400069000000e-01	6.638516213626219e-02	128
2.016600072380000e-01	6.754127240157844e-02	129
2.144699990750000e-01	6.857472026650069e-02	130
2.275699973110000e-01	6.948181926741299e-02	131
2.409400045870000e-01	7.025758915383590e-02	132
2.545700073240000e-01	7.089818320594238e-02	133
2.684499919410000e-01	7.140009224029117e-02	134
2.825500071050000e-01	7.175980735379488e-02	135
2.968699932100000e-01	7.197541174549579e-02	136
3.113999962810000e-01	7.204509566217407e-02	137
3.261100053790000e-01	7.196783158290138e-02	138
3.409900069240000e-01	7.174360604181074e-02	139
3.560400009160000e-01	7.137276787845649e-02	140
3.712300062180000e-01	7.085714986964325e-02	141
3.865399956700000e-01	7.019956972207024e-02	142
4.019699990750000e-01	6.940280354545614e-02	143
4.174999892710000e-01	6.847131411902289e-02	144
4.331099987030000e-01	6.741062670562697e-02	145
4.487800002100000e-01	6.622728871699143e-02	146
4.645099937920000e-01	6.492707890543958e-02	147
4.802699983120000e-01	6.351890767951701e-02	148
4.960500001910000e-01	6.201079230176673e-02	149
5.118399858470000e-01	6.041122847693436e-02	150
5.276100039480000e-01	5.873128995703231e-02	151
5.433599948880000e-01	5.697933707982871e-02	152
5.590599775310000e-01	5.516725143330364e-02	153
5.747100114820000e-01	5.330365592137500e-02	154
5.902799963950000e-01	5.140071400978579e-02	155
6.057599782940000e-01	4.946809263926605e-02	156
6.211299896240000e-01	4.751642137944870e-02	157
6.363800168040000e-01	4.555467899620298e-02	158
6.514999866490000e-01	4.359130864565432e-02	159
6.664699912070000e-01	4.163541312061056e-02	160
6.812700033190000e-01	3.969542004010755e-02	161
6.958900094030001e-01	3.777766466151911e-02	162
7.103199958800001e-01	3.588765326959444e-02	163
7.245299816130000e-01	3.403265234561361e-02	164
7.385200262070000e-01	3.221514902795356e-02	165
7.522799968720000e-01	3.043816226311047e-02	166
7.657799720760000e-01	2.870649458060966e-02	167
7.790099978450000e-01	2.702167515661380e-02	168
7.919700145720000e-01	2.538341924550833e-02	169
8.046399950980000e-01	2.379351806568388e-02	170
8.170099854470000e-01	2.225212121888584e-02	171
8.290500044819999e-01	2.076157112757826e-02	172
8.407700061800000e-01	1.931899956867705e-02	173
8.521599769590000e-01	1.792373864830475e-02	174
8.631799817090000e-01	1.657837181936335e-02	175
8.738499879840000e-01	1.527767128633670e-02	176
8.841500282290000e-01	1.402081344325441e-02	177
8.940600156780000e-01	1.280679714310004e-02	178
9.035800099370001e-01	1.163266730816515e-02	179
9.126999974250000e-01	1.049833602473738e-02	180
9.214000105860000e-01	9.407942637592875e-03	181
9.296900033950000e-01	8.365797891100230e-03	182
9.375399947170000e-01	7.384914433043477e-03	183
9.449599981310000e-01	6.475004406132232e-03	184
9.519400000570000e-01	5.646421914445461e-03	185
9.584699869160000e-01	4.903507710246709e-03	186
9.645400047300000e-01	4.241921600742685e-03	187
9.701499938960000e-01	3.648195457291814e-03	188
9.752799868580000e-01	3.106964188272167e-03	189
9.799500107769999e-01	2.600421892528266e-03	190
9.841300249100000e-01	2.122882158914324e-03	191
9.878399968150000e-01	1.671694353168434e-03	192
9.910500049590000e-01	1.257271312568085e-03	193
9.937800168990000e-01	8.873633552664870e-04	194
9.960200190539999e-01	5.733774212665702e-04	195
9.977599978450000e-01	3.244402527404064e-04	196
9.990000128750000e-01	1.451925621418098e-04	197
9.997500181200000e-01	3.632799596056965e-05	198
1.000000000000000e+00	0.000000000000000e+00	199
1.984229087829600e+01	2.506659984589000e+00	200
1.937166023254400e+01	4.973800182343000e+00	201
1.859552955627400e+01	7.362490177155000e+00	202
1.752613067627000e+01	9.635069847106999e+00	203
1.618033981323200e+01	1.175570964813200e+01	204
1.457936954498300e+01	1.369093990325900e+01	205
1.274847984314000e+01	1.541026973724400e+01	206
1.071654033660900e+01	1.688656044006300e+01	207
8.515589714050000e+00	1.809654045105000e+01	208
6.180339813232000e+00	1.902112960815400e+01	209
3.747629880905000e+00	1.964575004577600e+01	210
1.255810022354000e+00	1.996052932739300e+01	211
-1.255810022354000e+00	1.996052932739300e+01	212
-3.747629880905000e+00	1.964574050903300e+01	213
-6.180339813232000e+00	1.902112960815400e+01	214
-8.515589714050000e+00	1.809654045105000e+01	215
-1.071654033660900e+01	1.688656044006300e+01	216
-1.274847984314000e+01	1.541026020050000e+01	217
-1.457936954498300e+01	1.369093990325900e+01	218
-1.618033981323200e+01	1.175570011138900e+01	219
-1.752613067627000e+01	9.635069847106999e+00	220
-1.859552955627400e+01	7.362490177155000e+00	221
-1.937166023254400e+01	4.973800182343000e+00	222
-1.984229087829600e+01	2.506659984589000e+00	223
-2.000000000000000e+01	0.000000000000000e+00	224
-1.984229087829600e+01	-2.506669998169000e+00	225
-1.937166023254400e+01	-4.973800182343000e+00	226
-1.859552955627400e+01	-7.362490177155000e+00	227
-1.752613067627000e+01	-9.635080337524000e+00	228
-1.618033981323200e+01	-1.175570964813200e+01	229
-1.457936954498300e+01	-1.369093990325900e+01	230
-1.274847984314000e+01	-1.541026973724400e+01	231
-1.071652984619100e+01	-1.688656044006300e+01	232
-8.515580177306999e+00	-1.809654045105000e+01	233
-6.180339813232000e+00	-1.902112960815400e+01	234
-3.747620105743000e+00	-1.964575004577600e+01	235
-1.255810022354000e+00	-1.996052932739300e+01	236
1.255810022354000e+00	-1.996052932739300e+01	237
3.747629880905000e+00	-1.964574050903300e+01	238
6.180339813232000e+00	-1.902112960815400e+01	239
8.515589714050000e+00	-1.809654045105000e+01	240
1.071654033660900e+01	-1.688656044006300e+01	241
1.274847984314000e+01	-1.541026020050000e+01	242
1.457936954498300e+01	-1.369093990325900e+01	243
1.618033981323200e+01	-1.175570011138900e+01	244
1.752614021301300e+01	-9.635069847106999e+00	245
1.859552955627400e+01	-7.362490177155000e+00	246
1.937166023254400e+01	-4.973790168762000e+00	247
1.984229087829600e+01	-2.506659984589000e+00	248
2.000000000000000e+01	0.000000000000000e+00	249
6.052708227771118e-02	-5.337357158686790e-02	250
6.603113922148166e-01	-5.830680323675641e-02	251
4.261468605628459e-01	8.208739386260197e-02	252
6.901949955734520e-01	5.221740561781885e-02	253
3.793541815692867e-01	-7.543859080537156e-02	254
9.994626581471751e-01	-7.233153038854189e-04	255
9.985471646707959e-01	-1.319640661107545e-03	256
7.738444282603992e-01	-4.442988379734538e-02	257
6.899647766302077e-01	-5.507977123725945e-02	258
-1.774012533031431e-03	6.973279763479092e-03	259
7.468387115921830e-01	-4.809969890778060e-02	260
5.840239030910251e-01	6.661899985417374e-02	261
9.927842844312567e-01	-3.629319764663403e-03	262
9.898870095799592e-01	-4.544047759182576e-03	263
5.995763767375094e-01	6.463385609894647e-02	264
7.188477192650408e-01	-5.166036956530494e-02	265
-1.815803519444835e-03	7.649593614086195e-04	266
9.865003977275003e-01	-5.556079401145177e-03	267
9.826331299507316e-01	-6.658329653463448e-03	268
-1.854998668473007e-03	-7.653322789611217e-03	269
6.452361324977378e-01	-5.983755489879312e-02	270
8.244503172737091e-01	-3.698255694449803e-02	271
7.997426161480692e-01	-4.071761217032755e-02	272
3.488251626546277e-01	8.517554105978606e-02	273
8.478390681229627e-01	-3.328743647439776e-02	274
2.472469398751784e-01	8.296371341281977e-02	275
8.698483671159556e-01	-2.965374720945625e-02	276
9.623953305050500e-03	2.388872915497782e-02	277
8.903722169027792e-01	-2.612263070251501e-02	278
7.688662975311374e-02	-5.787954432063526e-02	279
9.093384850568365e-01	-2.272808814901038e-02	280
-2.242151717815854e-03	-3.755718792400854e-03	281
9.422796555352174e-01	-1.637444477322112e-02	282
9.266670291428111e-01	-1.948326074230622e-02	283
1.747819251396475e-02	-3.327052325527726e-02	284
4.259546879641553e-01	-7.415564201386314e-02	285
8.590252153130502e-01	-3.145802282137032e-02	286
9.561274395648083e-01	-1.337716002179518e-02	287
9.782788403069917e-01	-7.869236473892555e-03	288
9.681474316279657e-01	-1.050502611088877e-02	289
1.584050133968245e-01	-7.049071777737750e-02	290
9.000569925613505e-01	-2.440699654885099e-02	291
7.604748760779284e-01	-4.627445955694113e-02	292
9.971237808412465e-01	-2.060886163525587e-03	293
5.992016977656291e-01	-6.405408094503935e-02	294
4.416514903090917e-01	-7.358865135971193e-02	295
5.364948721637636e-01	-6.871526175138314e-02	296
4.732122088956796e-01	-7.224622645007085e-02	297
5.048627153862052e-01	-7.062302290313797e-02	298
4.890255217519750e-01	-7.146926134751229e-02	299
1.250009591904919e-01	-6.672658461257838e-02	300
2.743566985830551e-02	-3.969914954375951e-02	301
3.947938825840531e-01	-7.508131090959069e-02	302
4.592282027314776e-02	-4.832306289944346e-02	303
4.103287375133883e-01	-7.465433758432524e-02	304
3.189660862304085e-01	-7.616788108417540e-02	305
3.488550745837129e-01	-7.594895444495983e-02	306
3.313553271822862e-02	-4.269850617578837e-02	307
2.897663718103483e-01	-7.609506282537368e-02	308
9.346919953561378e-01	-1.791231592562103e-02	309
1.469186483193321e-01	-6.935382277305267e-02	310
1.948498647633712e-01	-7.321000045760080e-02	311
8.570049654735304e-02	-5.992302317349647e-02	312
1.045683011977772e-01	-6.360032242515291e-02	313
5.679861113003145e-01	-6.653156503149822e-02	314
1.702322962631223e-01	-7.151185823008294e-02	315
6.146727030408485e-01	-6.271097087702604e-02	316
8.803043967643239e-01	-2.787415583803227e-02	317
2.222747703531848e-02	-3.655513142827486e-02	318
9.952019169910766e-01	-2.816012650704356e-03	319
6.202447449300701e-03	-2.278377732094384e-02	320
1.761155784324865e-02	3.028125745556942e-02	321
9.182110093862195e-01	-2.108696566609250e-02	322
9.494314995559647e-01	-1.486333487358071e-02	323
9.734502922831423e-01	-9.149009408799430e-03	324
-4.904198498530497e-04	1.044694301371809e-02	325
8.363119993359003e-01	-3.512814093659333e-02	326
2.475759690587253e-01	-7.540273069322843e-02	327
5.522693447245208e-01	-6.766244009722422e-02	328
7.329565880183775e-01	-4.989435756652520e-02	329
7.869339531646595e-01	-4.257737960436849e-02	330
1.145910387460690e-01	-6.523643689019772e-02	331
2.206660622746695e-01	-7.449334681787914e-02	332
5.836402699336302e-01	-6.532800315351575e-02	333
6.752179302906842e-01	-5.671986740271497e-02	334
5.299131145220210e-02	-5.092717762465158e-02	335
3.429699428375409e-03	-1.909223412605337e-02	336
1.323259050188241e-02	-2.989712331965672e-02	337
3.640433735573566e-01	-7.572982784946035e-02	338
1.823933881650402e-01	-7.241619833622578e-02	339
9.999340680653382e-01	-3.806408507136726e-04	340
2.339820298729701e-01	-7.499308764335685e-02	341
9.493267118093603e-02	-6.183055752876151e-02	342
3.042691620288984e-01	-7.617327505904269e-02	343
2.614138961214940e-01	-7.571034678431121e-02	344
4.574084209066537e-01	-7.295443620974880e-02	345
7.045006735556146e-01	-5.339339171794603e-02	346
-2.240129336189054e-03	3.407597279629329e-03	347
-6.093375750829901e-04	-1.149737184328576e-02	348
5.368735620553851e-01	7.222451591810142e-02	349
-1.803024237527607e-03	-9.452800454662127e-04	350
2.752337802686282e-02	3.645545214020586e-02	351
5.294089165393601e-02	4.802628925106350e-02	352
3.932497680361314e-02	4.236218245457505e-02	353
1.142775908205196e-01	6.552916939751360e-02	354
4.104804157316563e-01	8.300248087234381e-02	355
9.971118549144257e-01	2.039850788696649e-03	356
5.210541327257637e-01	7.394859622327148e-02	357
4.735077696081654e-01	7.854268891147803e-02	358
9.733064698554081e-01	8.113385526589269e-03	359
9.621884934263555e-01	1.021328872954201e-02	360
8.902079753924562e-01	2.255431738947126e-02	361
4.893486623547146e-01	7.711732454471514e-02	362
4.418812502800850e-01	8.103523451343594e-02	363
3.794179469522440e-01	8.439104747770779e-02	364
9.264724632705544e-01	1.655068227782092e-02	365
9.091573792973575e-01	1.947707480562427e-02	366
7.671745427589668e-02	5.598976155861221e-02	367
9.781614475278154e-01	7.134049109125185e-03	368
9.559308639920056e-01	1.134990490677193e-02	369
9.420772360471709e-01	1.382159590371744e-02	370
9.468696807835873e-02	6.093055376371273e-02	371
6.043711754893238e-02	5.074127321364182e-02	372
2.895513081039701e-01	8.484393885990549e-02	373
2.611193876865858e-01	8.373762994173295e-02	374
1.698215978043401e-01	7.527454161987336e-02	375
3.188417808202152e-01	8.532498491115130e-02	376
4.576727253028644e-01	7.985347533499865e-02	377
3.949026427246093e-01	8.377115717167474e-02	378
1.465323917441250e-01	7.168681542666505e-02	379
1.246594502639097e-01	6.767409402295968e-02	380
6.303548827540758e-01	6.055434155382845e-02	381
1.944404820715482e-01	7.837155664298726e-02	382
2.202845505558688e-01	8.094535829250800e-02	383
6.606036897751639e-01	5.639510680556406e-02	384
5.683736582958122e-01	6.855424745595749e-02	385
7.469319282540422e-01	4.403070603126070e-02	386
7.190096686184266e-01	4.807856730476812e-02	387
7.997130279878488e-01	3.629730338299803e-02	388
7.738722984073356e-01	4.009014142886796e-02	389
8.477253412792646e-01	2.913322163583693e-02	390
8.243736166700164e-01	3.263640670336333e-02	391
8.998838143010005e-01	2.099830300803755e-02	392
8.697059304017876e-01	2.577228264922501e-02	393
9.492294396534048e-01	1.255225998186139e-02	394
9.180227966087440e-01	1.799276853822864e-02	395
9.679803425911596e-01	9.136977825721581e-03	396
8.588961615468377e-01	2.743252123101392e-02	397
8.801502439901827e-01	2.414686718221342e-02	398
8.121993036709411e-01	3.445047221697393e-02	399
8.362156910611862e-01	3.086551329751161e-02	400
7.605346746654567e-01	4.204436699403113e-02	401
7.869319302101926e-01	3.817571086770783e-02	402
7.046972671607533e-01	5.014223100190693e-02	403
7.330840110148127e-01	4.604071565636236e-02	404
6.455552857447876e-01	5.848217766232774e-02	405
6.754804286907394e-01	5.430509311250913e-02	406
5.526554441811425e-01	7.042755035278671e-02	407
6.150334238096042e-01	6.260717894290527e-02	408
2.072199382070290e-01	7.972646549754936e-02	409
2.336236944869619e-01	8.202607277737020e-02	410
1.580035838633996e-01	7.353746043985671e-02	411
1.819801105606718e-01	7.688771190100727e-02	412
4.591100291557119e-02	4.522625315174178e-02	413
1.354213809585302e-01	6.973432704697165e-02	414
1.338032521651664e-02	2.712895927195848e-02	415
3.319315421938322e-02	3.943060579067191e-02	416
2.076186101818454e-01	-7.390112385185643e-02	417
3.582782691472676e-03	1.727757504410327e-02	418
9.623736196341742e-01	-1.192008588610704e-02	419
8.122538170030377e-01	-3.885071480772116e-02	420
3.338217037629225e-01	-7.609127635270248e-02	421
5.206885138000310e-01	-6.970415101520806e-02	422
1.301860258373017e-03	1.389224474243371e-02	423
2.234049367679057e-02	3.340523309041412e-02	424
6.360406095527612e-03	2.061243910185502e-02	425
8.549237588471881e-02	5.849947039948128e-02	426
6.836156611282755e-02	5.340178276292931e-02	427
2.752285691623790e-01	8.436611916633843e-02	428
1.042872466534946e-01	6.327482320790305e-02	429
9.825430936551491e-01	6.172211040270052e-03	430
9.864349152951259e-01	5.257099074562083e-03	431
3.040984721827600e-01	8.516748245538269e-02	432
9.898421298385369e-01	4.373894558610602e-03	433
9.927546733557540e-01	3.539070522923262e-03	434
3.337442572909696e-01	8.532621100662174e-02	435
3.640609050090894e-01	8.486179281586062e-02	436
9.344924414681665e-01	1.515599853572972e-02	437
9.999313648243136e-01	3.809305112181109e-04	438
9.985399997526609e-01	1.311049862172215e-03	439
9.994582246476427e-01	7.208706003415622e-04	440
6.300127492088924e-01	-6.130489398764112e-02	441
3.930048502703395e-02	-4.558124335467211e-02	442
9.951829057974777e-01	2.771099662092750e-03	443
5.052095900320676e-01	7.558360296808155e-02	444
1.161230989641631e-03	-1.532871521202729e-02	445
9.467870927160079e-03	-2.638095536153728e-02	446
6.849106872151525e-02	-5.569603033410380e-02	447
1.357874851039667e-01	-6.810342266208548e-02	448
2.754849116654937e-01	-7.594095199080195e-02	449
7.000038865189880e-02	6.311100414206462e-02	450
-4.276147407665652e-03	9.860298690418663e-03	451
-5.205049238507239e-03	5.590401070358653e-03	452
2.824390898439827e-01	-9.066946019049928e-02	453
6.989638870345504e-01	-6.901913003343416e-02	454
9.154733367179388e-01	-3.092467789161023e-02	455
4.580881981527332e-03	-2.757352625005445e-02	456
5.779255505790905e-01	8.353660199448870e-02	457
6.842820114767051e-01	-7.087202144012418e-02	458
7.822552470283134e-01	-5.683422046267015e-02	459
9.891796531013469e-01	-8.491259434059163e-03	460
3.265000368170311e-01	-9.137612152121707e-02	461
8.552815093204144e-01	-4.377499254329641e-02	462
8.322556226299304e-01	-4.814802444938487e-02	463
8.816869729071616e-02	-7.011779905283547e-02	464
-4.448601173837139e-03	-1.075905699407325e-02	465
2.134185513557411e-01	-8.757201482360540e-02	466
1.216397448600147e-02	-3.554552212074837e-02	467
9.606573271956017e-01	-1.894113240242631e-02	468
1.513065148753597e-01	-8.160271267546094e-02	469
7.134421756222046e-01	-6.709999196764391e-02	470
6.543771809422322e-01	-7.438814023138896e-02	471
4.503093706994438e-01	-8.936505083033193e-02	472
7.902152967224894e-02	-6.768415942239825e-02	473
3.875334534194815e-01	-9.106884707395144e-02	474
8.969757352748275e-01	-3.512771123097225e-02	475
7.952090032854902e-01	-5.469384794531573e-02	476
4.857307258551092e-03	2.537254153558743e-02	477
1.693012261233676e-02	3.645886509087382e-02	478
6.699811113904167e-01	7.062318374431233e-02	479
8.437182676589212e-01	4.185783572247253e-02	480
1.071009656235507e-01	7.451589136666592e-02	481
6.847883464280372e-01	6.836121397775158e-02	482
1.622746484065501e-01	8.631062667980283e-02	483
8.765830915142196e-01	3.570255183132073e-02	484
9.890586300528086e-01	8.231775954011925e-03	485
3.414135062718153e-01	1.003787345839620e-01	486
5.145639228740577e-01	9.080890680284034e-02	487
9.538521521326323e-01	1.887715414938759e-02	488
8.867984707774941e-01	3.369827444813409e-02	489
9.921406120541115e-01	6.834765121766961e-03	490
9.602849565473718e-01	1.722909421256118e-02	491
9.813978264558885e-01	1.108519499599319e-02	492
2.395732857363672e-01	9.619389090718440e-02	493
3.262921738491427e-01	1.002829249348728e-01	494
2.259557515191936e-01	9.491817909548785e-02	495
9.721029092390565e-02	7.181222243838731e-02	496
6.694115709483710e-01	-7.266501490114666e-02	497
2.003912811589057e-01	-8.662298977569005e-02	498
8.391608484155808e-03	2.911548768537560e-02	499
1.391196890693883e-01	8.191012055886786e-02	500
4.664289138041187e-02	5.370630979966837e-02	501
9.717749542756814e-01	1.407685673894536e-02	502
9.947370890970667e-01	5.568373983608861e-03	503
8.966231242510682e-01	3.172139419629946e-02	504
1.630933527393751e-01	-8.305599811726562e-02	505
1.000203207681238e+00	2.338218054082527e-04	506
9.984953564289517e-01	2.986192889593418e-03	507
9.968624174926870e-01	4.293729173578864e-03	508
1.831972980746123e-03	2.155881868495255e-02	509
-2.738389805747146e-03	1.379671261699421e-02	510
1.560739207863084e-03	-2.345441752039919e-02	511
-4.405538081238026e-03	-2.044832572802143e-03	512
-3.465961907967211e-03	-1.371520772416199e-04	513
1.670886246885642e-02	-3.933894717517090e-02	514
1.000205104964992e+00	-2.315178568363012e-04	515
6.200205443505168e-02	-6.236984045399109e-02	516
9.985199158516254e-01	-3.006968579756998e-03	517
9.947968870827929e-01	-5.656671649691886e-03	518
4.191093525706922e-01	9.830456018144773e-02	519
5.455745075376145e-01	-8.422623035794903e-02	520
9.856226508252252e-01	-1.002069248226284e-02	521
8.768917318486924e-01	-3.942525534099209e-02	522
5.935818301531415e-01	8.150479114217575e-02	523
9.922262606657223e-01	-6.990388938336834e-03	524
-5.275860219486469e-03	-6.165769396911071e-03	525
4.345061881450545e-01	-8.991893115028923e-02	526
4.033639328393903e-01	9.904881245409485e-02	527
8.439355134338788e-01	-4.596756255853776e-02	528
2.819583888427838e-01	9.897872224804340e-02	529
8.662691977247969e-01	-4.158942978852473e-02	530
8.871306374591806e-01	-3.726628267682149e-02	531
7.029720162013592e-02	-6.510162180736309e-02	532
9.064303435532176e-01	-3.301639586723841e-02	533
9.241007726181829e-01	-2.886168619317174e-02	534
9.473748035703901e-01	-2.282955575466033e-02	535
2.728191485765450e-02	-4.664250974656575e-02	536
9.542449993458023e-01	-2.087263011195809e-02	537
9.666080297841194e-01	-1.704592990664369e-02	538
9.816074129252934e-01	-1.168746701701843e-02	539
1.287829223145468e-01	-7.832245908027700e-02	540
7.554984653979313e-01	-6.105913274308306e-02	541
7.690189689772003e-01	-5.895642452878622e-02	542
9.969022278921249e-01	-4.339700411149351e-03	543
4.661722465795143e-01	-8.872316814711528e-02	544
4.820515179906041e-01	-8.798958456698253e-02	545
4.979431550741210e-01	-8.717655185282720e-02	546
2.173784493859542e-02	-4.307156377992799e-02	547
4.031061290512459e-01	-9.077751570775419e-02	548
4.187673864306429e-01	-9.039359759460494e-02	549
3.415263162449983e-01	-9.143579329113796e-02	550
3.977568446502798e-02	-5.336682360277826e-02	551
9.323014614221511e-01	-2.682259337087829e-02	552
9.400569826747454e-01	-2.480903892263881e-02	553
1.398742475966543e-01	-8.002741908638053e-02	554
9.773405694626153e-02	-7.240797522676963e-02	555
5.613928479822617e-01	-8.309017770746961e-02	556
6.083851401285177e-01	-7.909922217258650e-02	557
9.720780163235715e-01	-1.519679334073067e-02	558
9.770720818154234e-01	-1.341422491080684e-02	559
7.276994154918469e-01	-6.512691449099493e-02	560
7.417142863710815e-01	-6.311734974052907e-02	561
1.076935404229643e-01	-7.454514443869886e-02	562
1.180604418528455e-01	-7.651172702947275e-02	563
5.771417420377932e-01	-8.184791522511321e-02	564
5.928096990133717e-01	-8.051591723371240e-02	565
4.670958429045936e-02	-5.653980717031534e-02	566
5.414395084169289e-02	-5.954567099257344e-02	567
8.121769607381138e-03	-3.158812118129913e-02	568
3.567338335417779e-01	-9.140838700932369e-02	569
3.720737170422873e-01	-9.127981023874775e-02	570
1.752233425393469e-01	-8.437467612560857e-02	571
1.876582591214560e-01	-8.556121681705098e-02	572
2.267079918340353e-01	-8.841286019186348e-02	573
2.402727855477332e-01	-8.914642463026672e-02	574
2.969270753131477e-01	-9.100538981691809e-02	575
3.116342098346584e-01	-9.124055606796125e-02	576
2.541143108236230e-01	-8.975774528503115e-02	577
-4.422971126793214e-03	1.698100528995594e-03	578
-9.543880947737971e-04	-1.926965451927313e-02	579
3.978074659961355e-02	5.038899247994397e-02	580
9.854603020227116e-01	9.613357765311316e-03	581
5.304784220312858e-01	8.912244338541256e-02	582
4.986172720347310e-01	9.238481193974710e-02	583
4.826720425547746e-01	9.383604121476739e-02	584
4.667324849461881e-01	9.516577425025614e-02	585
9.768141400480217e-01	1.256970517973893e-02	586
9.662658199843063e-01	1.563116735388325e-02	587
9.237040856711626e-01	2.597292614485538e-02	588
4.508028537958695e-01	9.635567984811869e-02	589
4.349268656259431e-01	9.740105747735847e-02	590
3.877025723541158e-01	9.962697907309297e-02	591
9.150882611887614e-01	2.785691453312759e-02	592
9.469708796334658e-01	2.057413081247265e-02	593
6.178305505238037e-02	6.003242392312034e-02	594
5.400072435951900e-02	5.692744160594613e-02	595
2.534798274091414e-01	9.729217720936711e-02	596
2.676066828662550e-01	9.820637065030366e-02	597
1.505145166409914e-01	8.416646504103187e-02	598
1.280751982596854e-01	7.954048144266503e-02	599
1.174062880157771e-01	7.709092055412638e-02	600
7.951761540682192e-01	5.040301224081351e-02	601
7.419423999389114e-01	5.929015837794489e-02	602
7.279978854900464e-01	6.154425662254337e-02	603
7.822820554710999e-01	5.258752415983737e-02	604
8.320768335275398e-01	4.394876964710497e-02	605
9.060599736889410e-01	2.977693231283392e-02	606
8.659874350898616e-01	3.772220769498916e-02	607
8.550299876576509e-01	3.977738964197867e-02	608
8.201003825188975e-01	4.607868276276546e-02	609
8.077899183496627e-01	4.823566746674229e-02	610
7.691099011011520e-01	5.479934996885946e-02	611
7.556569777510741e-01	5.704102593625267e-02	612
7.138114608374060e-01	6.381790909012637e-02	613
6.994030566995911e-01	6.609442053062861e-02	614
6.550041387762171e-01	7.286732735262906e-02	615
6.398512455511786e-01	7.508273739981133e-02	616
5.621782502032715e-01	8.549246942069549e-02	617
5.463498414072789e-01	8.734788611361304e-02	618
6.245625642310420e-01	7.726372272310683e-02	619
6.091355602228662e-01	7.940953977319758e-02	620
2.126262754206584e-01	9.348771999197883e-02	621
1.995718297094549e-01	9.190883790914914e-02	622
1.868253020981250e-01	9.018745543103318e-02	623
1.743907862188138e-01	8.832069774451524e-02	624
1.241493337361178e-02	3.284312790592270e-02	625
3.336336393802710e-02	4.699607305394445e-02	626
2.741057031539904e-02	4.358259672986450e-02	627
8.078770759769519e-01	-5.253005827265746e-02	628
8.202361055341592e-01	-5.034095623186489e-02	629
5.138445879717900e-01	-8.627426610684336e-02	630
5.297249399423850e-01	-8.528679019817145e-02	631
-7.007922650058249e-04	1.770258436763328e-02	632
2.191853271736128e-02	4.007046244509745e-02	633
8.771825552528535e-02	6.900225860553583e-02	634
7.864709134701844e-02	6.610219710870799e-02	635
3.113321504301537e-01	1.000285150795668e-01	636
2.965329781949906e-01	9.959301196171734e-02	637
3.721510325441489e-01	1.000471070334559e-01	638
3.567168207769360e-01	1.003045031557064e-01	639
9.396498286834319e-01	2.232033003981468e-02	640
9.318969917264048e-01	2.412486946809386e-02	641
6.238440021036438e-01	-7.760243936031806e-02	642
6.391741053808651e-01	-7.603365429480834e-02	643
3.329266802292086e-02	-5.004918665588277e-02	644
-2.960109617293768e-03	-1.502509724013715e-02	645
2.681676402528646e-01	-9.024973062308989e-02	646
-8.431079879961462e-03	-9.240136172331203e-03	647
3.957548297324408e-01	-1.085957555133778e-01	648
2.892746343761498e-01	-1.072601126264714e-01	649
7.911353167462202e-01	-7.043325201393899e-02	650
5.389827939343259e-01	-1.026567029468427e-01	651
9.221253591066620e-01	-3.958048819271736e-02	652
9.920808988214453e-01	1.073918368789539e-02	653
9.887803506488778e-01	1.276806305881499e-02	654
9.651368035629410e-01	2.316137495064404e-02	655
-3.068065865095210e-03	2.200805419625983e-02	656
9.947564010878385e-01	8.873264865933712e-03	657
9.994705864902965e-01	1.750170782569981e-03	658
1.000195602614166e+00	5.440319651602102e-04	659
9.988422645335987e-01	-5.056354414679490e-03	660
1.000462149929372e+00	2.377521083116649e-06	661
1.543090015557586e-02	-4.618146996334278e-02	662
-7.796296798259156e-03	3.041028367030847e-03	663
9.018585393030251e-02	-8.172025775803821e-02	664
9.305039895055141e-01	-3.702704215627878e-02	665
9.922452729822197e-01	-1.094841646686560e-02	666
5.719899856080639e-01	1.023422764082237e-01	667
9.994846443839417e-01	-1.756444259061293e-03	668
-6.759789840123743e-04	-2.831173168606510e-02	669
7.083896373931974e-01	-8.442396143109782e-02	670
-5.618855355046919e-03	-1.897828070593494e-02	671
7.228096972498111e-01	-8.223062234479675e-02	672
1.069174426248005e-02	-4.185955428754928e-02	673
8.740233089769073e-01	-5.251802761167765e-02	674
2.610649866025076e-03	-3.289963344733849e-02	675
3.339778780554226e-01	-1.084757031216960e-01	676
8.632363046713557e-01	-5.511071392314498e-02	677
6.937430559926243e-01	-8.653748199242758e-02	678
9.948764492747086e-01	-9.000674171351102e-03	679
6.321663580618810e-03	-3.744412575675660e-02	680
9.808023019928489e-01	1.684148653684410e-02	681
5.241631491034104e-01	1.078641068002871e-01	682
9.523647258644815e-01	2.754272293182673e-02	683
6.648137083209199e-01	8.883920741840137e-02	684
9.970439377728376e-01	6.995404129685427e-03	685
5.081148616458054e-01	1.095006209821973e-01	686
2.739828889395242e-01	1.145036440672359e-01	687
3.337297602513827e-01	1.171292912684456e-01	688
1.541431963004499e-01	9.824943740663612e-02	689
6.260526230937151e-02	7.052094455786401e-02	690
1.000038324848338e+00	1.036052416185518e-03	691
-7.305035568974849e-03	-1.426876351596203e-02	692
-7.050832107279171e-03	1.318978072574407e-02	693
1.100306240260701e-02	3.923506403474911e-02	694
-8.267154754812616e-03	8.453337153981760e-03	695
9.656593520854901e-01	-2.458626342300638e-02	696
8.069303140939524e-02	-7.883489717112660e-02	697
-5.815747260498259e-03	-1.981981415351866e-04	698
1.553602780889908e-01	-9.549582548740482e-02	699
4.591124636077412e-01	-1.070021372484614e-01	700
2.077327007212039e-02	-5.046137012910357e-02	701
2.968960793908658e-03	3.069060192777962e-02	702
8.402408252169238e-01	5.624041248806323e-02	703
7.911276839519118e-01	6.627239842615171e-02	704
6.797396268487981e-01	8.639622601347262e-02	705
9.850814271677373e-01	1.474467099904492e-02	706
9.589791823055483e-01	2.533406354767154e-02	707
8.939425523513825e-01	4.392599477130587e-02	708
8.839542560354231e-01	4.636654745135879e-02	709
3.185355304808697e-01	1.167589450309853e-01	710
2.886050328070249e-01	1.154432100945394e-01	711
2.314387980186156e-01	1.106873610862640e-01	712
9.926720807738350e-02	8.411578817158089e-02	713
6.638909575657470e-01	-9.052425751297433e-02	714
6.789095107813057e-01	-8.857035068406896e-02	715
2.056862280296677e-01	-1.018018402906770e-01	716
6.666743654332394e-03	3.501047320720859e-02	717
1.424409164948396e-01	9.564467045847767e-02	718
9.760451184919595e-01	1.891844078807340e-02	719
9.987896375497757e-01	5.023787402507304e-03	720
-3.181840594765101e-04	2.636432317672545e-02	721
-5.312834645038538e-03	1.760883589700032e-02	722
-3.408440679913374e-03	-2.367245083577867e-02	723
-7.795594237640088e-03	-3.549219334171478e-03	724
2.667399441963170e-02	-5.445360878967295e-02	725
1.000200177108694e+00	-5.418615285078639e-04	726
1.000047060089414e+00	-1.035903918811153e-03	727
9.713056920047022e-01	-2.217858659009969e-02	728
9.890016917555763e-01	-1.309844614303117e-02	729
5.877799046804232e-01	1.002758989694164e-01	730
4.431721431346962e-01	-1.075561429651299e-01	731
4.119370302903766e-01	1.162296844677764e-01	732
8.405487680573666e-01	-6.029302996249867e-02	733
8.520739450255582e-01	-5.771218737731563e-02	734
8.844536179621602e-01	-4.991964074155200e-02	735
8.944767551873598e-01	-4.731774822247762e-02	736
6.299107300666743e-02	-7.258656624716306e-02	737
7.162436614603240e-02	-7.579141778081896e-02	738
9.040971865787933e-01	-4.473035261186757e-02	739
9.133257897358574e-01	-4.214877123475385e-02	740
9.529566010994583e-01	-2.949481337606359e-02	741
9.595421126670537e-01	-2.702626963171834e-02	742
9.853629252873608e-01	-1.522805787987420e-02	743
7.646228548242663e-01	-7.530013011648770e-02	744
7.780219684394650e-01	-7.288101806853842e-02	745
9.971261457174313e-01	-7.064650636148431e-03	746
4.750920319156596e-01	-1.063364077666786e-01	747
4.910671008078854e-01	-1.055677836038931e-01	748
4.114898660597389e-01	-1.083612936960859e-01	749
4.273024424766397e-01	-1.080103432256657e-01	750
3.294032333952025e-02	-5.837922586923387e-02	751
9.384396807590472e-01	-3.448784718390600e-02	752
9.459150860189658e-01	-3.198026731237316e-02	753
1.321980929234577e-01	-9.147376420442643e-02	754
1.436060293762325e-01	-9.355284322546510e-02	755
5.548968665359719e-01	-1.015437600712659e-01	756
5.707922876051137e-01	-1.002797834464658e-01	757
9.764575075476551e-01	-1.982655537642907e-02	758
9.811504231000635e-01	-1.752112533000091e-02	759
7.369808101363066e-01	-7.998181653322395e-02	760
7.509252674909171e-01	-7.767564585609740e-02	761
1.000994280792823e-01	-8.444556510349510e-02	762
1.104439579004908e-01	-8.699750202943227e-02	763
1.211726826365052e-01	-8.926419633109421e-02	764
5.865912428962938e-01	-9.889939883919588e-02	765
6.022971957606820e-01	-9.741178316550425e-02	766
3.972064107338595e-02	-6.220811932858392e-02	767
4.703187765161800e-02	-6.589350782591509e-02	768
5.485289721884702e-02	-6.927609787927079e-02	769
3.492120364428581e-01	-1.086750136262108e-01	770
3.646189794756488e-01	-1.087571736241518e-01	771
3.801310245651669e-01	-1.087242362984430e-01	772
1.674817868208810e-01	-9.729777847688859e-02	773
1.799242167627570e-01	-9.894459824864653e-02	774
1.926627618202523e-01	-1.004417159316221e-01	775
2.189820759586571e-01	-1.030378349939300e-01	776
2.325481950708871e-01	-1.041494648436908e-01	777
3.040075426119997e-01	-1.077836413431977e-01	778
3.189268003954417e-01	-1.081826065052907e-01	779
2.464097903239643e-01	-1.051305069898009e-01	780
3.966423982429485e-02	5.946184039237391e-02	781
4.920422319333043e-01	1.109984524727343e-01	782
4.759779789584269e-01	1.123532712628396e-01	783
9.708341427983529e-01	2.101928701468033e-02	784
4.599022076499343e-01	1.135628562293911e-01	785
4.438568442458510e-01	1.146114826347499e-01	786
4.278729137207742e-01	1.155033386383840e-01	787
3.960710498668805e-01	1.167714256374761e-01	788
9.215197289774134e-01	3.673345764987968e-02	789
5.457695297392189e-02	6.692241962293742e-02	790
4.686684273296764e-02	6.331113219460850e-02	791
2.596018864189648e-01	1.134038698754137e-01	792
2.453901350955908e-01	1.121757363586336e-01	793
1.310997146684630e-01	9.291951980706602e-02	794
1.201528376951561e-01	9.008951932444896e-02	795
1.095108976938392e-01	8.722698631512191e-02	796
7.373877525471766e-01	7.639018689167838e-02	797
9.127376833278251e-01	3.911038061663653e-02	798
9.035332996170853e-01	4.151031126755585e-02	799
8.735639968613811e-01	4.881552769260981e-02	800
8.628215104203500e-01	5.127335948510667e-02	801
8.517093380715823e-01	5.375654637641499e-02	802
8.284649369044335e-01	5.872892263878100e-02	803
8.163366949767967e-01	6.124487597211382e-02	804
8.038729903502801e-01	6.376379377784094e-02	805
7.781116266653045e-01	6.878764379422352e-02	806
7.648154726987583e-01	7.132315563064501e-02	807
7.512242951224769e-01	7.386530864470175e-02	808
7.233252081759812e-01	7.891000182781806e-02	809
7.090137385284382e-01	8.143022676777294e-02	810
6.944729948647635e-01	8.392643859035928e-02	811
6.497009474054429e-01	9.123836147220474e-02	812
5.560874244315518e-01	1.043024443109084e-01	813
5.401492042167401e-01	1.061115301442445e-01	814
6.344314760753621e-01	9.358480376466148e-02	815
6.190222136490853e-01	9.588034342152807e-02	816
6.034644913929136e-01	9.811664580845793e-02	817
2.178026269893450e-01	1.090191801344897e-01	818
2.044570570513580e-01	1.071843361643117e-01	819
1.914045811546523e-01	1.051919019515394e-01	820
1.786586309882943e-01	1.030389298047035e-01	821
1.662303060827667e-01	1.007229135392399e-01	822
3.298138553623016e-02	5.553617867615733e-02	823
2.679912427155298e-02	5.157654918568749e-02	824
8.039697073849267e-01	-6.794777321623779e-02	825
8.165122670360710e-01	-6.541576268093652e-02	826
8.287104056378916e-01	-6.285396166380881e-02	827
5.070602681727512e-01	-1.046978998967601e-01	828
5.230418008914083e-01	-1.037238279769834e-01	829
2.097620204042159e-02	4.761381488542563e-02	830
1.569832130151504e-02	4.342092739294855e-02	831
8.946112096290573e-02	8.087814577614429e-02	832
8.007949574115800e-02	7.753012974657150e-02	833
7.112431175469203e-02	7.407743741779751e-02	834
3.034743001165928e-01	1.162025498599421e-01	835
3.803110520980735e-01	1.171343844001234e-01	836
3.646587720174074e-01	1.173264997328663e-01	837
3.491080872181519e-01	1.173261133945352e-01	838
9.453054824059680e-01	2.978184397040048e-02	839
9.378221927677228e-01	3.205927760645103e-02	840
9.298881105232374e-01	3.438275337694142e-02	841
6.178931799055684e-01	-9.582556562694677e-02	842
6.333569990796000e-01	-9.414939913544135e-02	843
6.486959460097775e-01	-9.238490860670152e-02	844
2.605144694491425e-01	-1.059103970206286e-01	845
2.747793723691355e-01	-1.066305675903161e-01	846
-1.185651991403817e-02	-1.276520974604032e-02	847
9.161454377658636e-02	-9.487715245225783e-02	848
9.994061948229499e-01	7.324025173895081e-03	849
9.853710885429962e-01	2.062634001704639e-02	850
5.484799024845178e-01	-1.220530740401340e-01	851
-1.187270193255933e-02	5.370993766618623e-03	852
9.995295199262095e-01	-3.899912182380476e-03	853
9.294652989904689e-01	-4.862124970550772e-02	854
9.375865919800509e-01	-4.549578744295049e-02	855
2.537029828718734e-02	-6.322057609952031e-02	856
9.953858984419935e-01	1.259499169950201e-02	857
5.016789069676927e-01	1.302410715142500e-01	858
-1.054998293363228e-02	-1.818824728354999e-02	859
4.420468360007901e-03	4.164937044685676e-02	860
-3.371861856507549e-03	-3.374769314253499e-02	861
9.647618016067839e-01	3.175918585797440e-02	862
9.976590706379777e-01	1.006087343388083e-02	863
-1.023147715508594e-02	1.696392340131732e-02	864
6.600075083963191e-01	1.091697140489570e-01	865
-8.344106490570317e-03	2.190738752379845e-02	866
1.000495451752722e+00	3.589247890937776e-04	867
1.000498715581897e+00	-3.539239784771407e-04	868
8.006518540191692e-01	-8.529405817053654e-02	869
1.589870503656549e-01	-1.112106994228457e-01	870
1.353416692369614e-02	-5.387102726598854e-02	871
4.040296739129693e-01	-1.282319493972993e-01	872
8.175504184999179e-02	-9.146912147550430e-02	873
4.519844702886191e-01	-1.272757109578873e-01	874
2.959602336743727e-01	-1.259170559690198e-01	875
9.892091696333257e-01	1.792870213252466e-02	876
5.661884724313696e-01	1.232477620523233e-01	877
9.584278861071214e-01	3.457600992542374e-02	878
9.516320700609938e-01	3.740896287990151e-02	879
7.876899251050321e-01	8.407853789963207e-02	880
1.452670558547681e-01	1.111118426654535e-01	881
2.655105771801298e-01	1.315474354973184e-01	882
9.928490140760194e-01	-1.545144904721568e-02	883
5.443335191236406e-02	7.814019227221439e-02	884
8.718630280870325e-01	-6.730667892423743e-02	885
9.994898450478509e-01	3.882876652594207e-03	886
9.925887571612735e-01	1.520582964573358e-02	887
9.994967562222214e-01	-7.362818110530838e-03	888
9.765890160308620e-01	-2.711373350375124e-02	889
8.546584096073860e-03	-4.887738068535526e-02	890
7.037458428248030e-01	-1.038464266793591e-01	891
-6.330034881387547e-03	-2.857772967845590e-02	892
7.183703648942841e-01	-1.014249438745240e-01	893
7.327301936182978e-01	-9.890746625161639e-02	894
4.040432357886177e-03	-4.403407325624627e-02	895
9.955804118022372e-01	-1.274701881907236e-02	896
3.112147785271600e-05	-3.878466260289391e-02	897
8.374417733341231e-01	7.245412545491033e-02	898
5.178921855592867e-01	1.286676386145153e-01	899
3.103347980549303e-01	1.348968264584355e-01	900
-1.161588785387172e-02	1.179498740500381e-02	901
4.395706179328028e-04	3.659308540805202e-02	902
6.751183269402136e-01	1.065286735425815e-01	903
8.919956912448018e-01	5.774465780126354e-02	904
3.256665173207287e-01	1.355898227412727e-01	905
2.951413931567262e-01	1.339820790247234e-01	906
2.801919156688365e-01	1.328548487402197e-01	907
6.739044240529518e-01	-1.083937592336058e-01	908
6.889149994499403e-01	-1.061739754772452e-01	909
9.809150904139906e-01	2.342956406859279e-02	910
-2.959021929047542e-03	3.177114940408653e-02	911
-5.929524154351568e-03	2.684535537859597e-02	912
-8.712609438225279e-03	-2.338518543575725e-02	913
-1.193902617279432e-02	-6.071558624837593e-03	914
1.928668285771614e-02	-5.880925578911071e-02	915
9.712784359918575e-01	-3.012161244448528e-02	916
9.895453487138099e-01	-1.830077304632318e-02	917
5.821725329361016e-01	1.211623625934407e-01	918
8.495256014470023e-01	-7.343474848185294e-02	919
8.608952730597855e-01	-7.037670098771366e-02	920
8.824748627997226e-01	-6.422749139574659e-02	921
8.927096685438975e-01	-6.111420487329874e-02	922
6.334814895012594e-02	-8.413931019982551e-02	923
7.233248998232517e-02	-8.789231471657165e-02	924
9.025120509844836e-01	-5.799695269825028e-02	925
9.119189959772745e-01	-5.487650892325261e-02	926
9.209106525303006e-01	-5.174614087963801e-02	927
9.591867835943096e-01	-3.622937624788677e-02	928
9.654699814383314e-01	-3.316549621409839e-02	929
7.743465915132854e-01	-9.091832875286852e-02	930
7.876382337815738e-01	-8.813676624574271e-02	931
9.977970225691277e-01	-1.014687673509403e-02	932
4.680923924907222e-01	-1.267056204303935e-01	933
4.842041469608294e-01	-1.260003783868547e-01	934
4.199635604196543e-01	-1.280438027637342e-01	935
4.359449388720066e-01	-1.277182180680246e-01	936
9.452342435379393e-01	-4.238933674996173e-02	937
9.524294052608212e-01	-3.930784262541474e-02	938
1.351219450606307e-01	-1.063490765520250e-01	939
1.468673155170108e-01	-1.088547694766261e-01	940
5.645574564011440e-01	-1.208358871461332e-01	941
9.814125424056512e-01	-2.414794046942790e-02	942
9.857857985487329e-01	-2.115333875879087e-02	943
7.468482559487821e-01	-9.633118317740794e-02	944
7.607448005475372e-01	-9.366394011870602e-02	945
1.019324867131405e-01	-9.810302033191654e-02	946
1.127932339357740e-01	-1.010788200938091e-01	947
1.237467383373609e-01	-1.036953528287902e-01	948
5.805524774952258e-01	-1.194186492099923e-01	949
5.964207378280937e-01	-1.178716100976503e-01	950
3.190961554830574e-02	-6.776427777897610e-02	951
3.903594116453146e-02	-7.221383936726766e-02	952
4.685442595117999e-02	-7.648969064538361e-02	953
5.487666205126528e-02	-8.025871532510603e-02	954
3.413826022909360e-01	-1.276777262946052e-01	955
3.568699813797850e-01	-1.280176542815772e-01	956
3.724933896374701e-01	-1.282112401323766e-01	957
3.882006214241027e-01	-1.282807003586888e-01	958
1.714663106134353e-01	-1.133977888030771e-01	959
1.842492931826314e-01	-1.154082679876414e-01	960
1.973116085786299e-01	-1.172497065916111e-01	961
2.106385459615563e-01	-1.189432707252839e-01	962
2.242405266365703e-01	-1.204971575547223e-01	963
3.261011345527707e-01	-1.272143738366960e-01	964
3.109631995498260e-01	-1.266368232906898e-01	965
2.381382179110901e-01	-1.219024741893524e-01	966
4.854407063183560e-01	1.316342025398636e-01	967
9.760139880172786e-01	2.618227795083074e-02	968
9.706322145679757e-01	2.895868539870849e-02	969
4.692077236732388e-01	1.328707919980853e-01	970
4.529690105016259e-01	1.339356461618350e-01	971
4.367835062312921e-01	1.348236500089434e-01	972
4.206419366409424e-01	1.355370494598446e-01	973
4.045363329729980e-01	1.360509044820848e-01	974
4.654733421497260e-02	7.413996005227215e-02	975
3.887734132031239e-02	6.968092438726056e-02	976
2.510763626459159e-01	1.301490957670145e-01	977
2.366866917966181e-01	1.284696412956577e-01	978
1.336061294906960e-01	1.079762601073177e-01	979
1.223340850266197e-01	1.047166144820800e-01	980
1.114909682048991e-01	1.015282929863947e-01	981
1.007622228591705e-01	9.799455006767334e-02	982
9.200892350208564e-01	4.893931482477661e-02	983
9.111238928356971e-01	5.186867721742825e-02	984
9.017534031082998e-01	5.480128791091873e-02	985
8.818135065856094e-01	6.069910704898725e-02	986
8.712598551120526e-01	6.363586351848247e-02	987
8.603551703903396e-01	6.658035622462154e-02	988
8.490594783250385e-01	6.952488049933050e-02	989
8.255071220823224e-01	7.537487554804929e-02	990
8.131942463194484e-01	7.830838111744250e-02	991
8.005647171889841e-01	8.121674538496547e-02	992
7.745342577570373e-01	8.697169409739483e-02	993
7.610866474712550e-01	8.984304680062616e-02	994
7.473260910805833e-01	9.271842542056992e-02	995
7.333682108007018e-01	9.552551699509919e-02	996
7.191449290607300e-01	9.834593673745999e-02	997
7.046837000824613e-01	1.011133093201569e-01	998
6.899804612287748e-01	1.038534670010561e-01	999
5.340742499760417e-01	1.269517874532275e-01	1000
5.500756093172016e-01	1.251452478729738e-01	1001
6.447589204284090e-01	1.117206388537680e-01	1002
6.293242591651443e-01	1.142131065814769e-01	1003
6.137764880201536e-01	1.166246096375632e-01	1004
5.980239137662005e-01	1.189538785450165e-01	1005
2.226803082998283e-01	1.265352100624859e-01	1006
2.089978028367443e-01	1.244076750596859e-01	1007
1.956191371601447e-01	1.221038846218300e-01	1008
1.825356632137706e-01	1.196245030197090e-01	1009
1.697618727376624e-01	1.169604305371017e-01	1010
1.573219542857145e-01	1.141155962094491e-01	1011
3.188241377341513e-02	6.511737426464603e-02	1012
2.545512224111292e-02	6.052012068956524e-02	1013
8.133933872740902e-01	-8.239188866816465e-02	1014
8.258031998597934e-01	-7.942456527039131e-02	1015
8.378265665622215e-01	-7.643877689364466e-02	1016
5.003099905802120e-01	-1.251754912430257e-01	1017
5.164279982742908e-01	-1.242305271075817e-01	1018
5.324901352044574e-01	-1.231707981059175e-01	1019
1.946658998472865e-02	5.611244627388405e-02	1020
1.380726537935205e-02	5.123307169043422e-02	1021
8.883141636040134e-03	4.634443270192093e-02	1022
9.058647266360303e-02	9.426501021251793e-02	1023
8.087185822629063e-02	9.040238528869038e-02	1024
7.159599148780710e-02	8.642006067153284e-02	1025
6.276003836472567e-02	8.231392756120781e-02	1026
3.885273266298724e-01	1.363559090948551e-01	1027
3.726348130741102e-01	1.364717408328447e-01	1028
3.568215098866802e-01	1.363917121427828e-01	1029
3.411409892290773e-01	1.360899600003524e-01	1030
9.286297646511557e-01	4.602755194383296e-02	1031
9.444107571899450e-01	4.025124728981610e-02	1032
9.367499412531194e-01	4.312571971563586e-02	1033
6.121911923162868e-01	-1.161936074366267e-01	1034
6.278163627819832e-01	-1.144127550675834e-01	1035
6.433196699146569e-01	-1.125170061723087e-01	1036
6.586885769265050e-01	-1.105210627098517e-01	1037
2.523907323268748e-01	-1.231034737200986e-01	1038
2.666738635418014e-01	-1.240942524299428e-01	1039
2.811903196102145e-01	-1.250604969860920e-01	1040
1.067999038298179e-03	-5.126184201874461e-02	1041
9.997030830811833e-01	9.437018958860515e-03	1042
9.776172860591311e-01	-3.525847389479737e-02	1043
1.000459561458426e+00	7.964594936010103e-04	1044
-3.171584944561463e-03	-4.535390779886769e-02	1045
7.362320342899290e-01	-1.186754732857639e-01	1046
9.231716550424773e-02	-1.097458892291307e-01	1047
-6.743246695803102e-03	-3.970503417278721e-02	1048
9.864561664227403e-01	2.720229211166120e-02	1049
-1.224712039748231e-02	-2.821050698850136e-02	1050
1.709117032774855e-02	-6.802719815843039e-02	1051
1.620791543693231e-01	-1.289327564334417e-01	1052
1.354405404776955e-01	1.248879859597002e-01	1053
-2.745680083054384e-03	4.319063682316882e-02	1054
-1.183509727285562e-02	2.665108170390409e-02	1055
-1.604019359882400e-02	8.700829695246529e-03	1056
-8.186060275384681e-03	5.867223814568264e-04	1057
-8.176358773538839e-03	-1.078350800236950e-03	1058
-1.179276853273965e-02	9.706396832418706e-04	1059
-1.419788265630445e-02	-2.247878179815480e-02	1060
9.998321039829524e-01	-9.484648454296217e-03	1061
3.170591114218274e-01	1.559379143649284e-01	1062
9.825481301218304e-01	-3.152688165163682e-02	1063
9.969046592333644e-01	-1.685742877358897e-02	1064
9.455226632831794e-01	-5.411515260369032e-02	1065
8.045432352816708e-01	-1.031044192515973e-01	1066
4.123774099917166e-01	-1.502086392360626e-01	1067
9.987870138772661e-01	1.334398500923252e-02	1068
9.283182360328077e-01	5.914212568159298e-02	1069
9.518530321444734e-01	4.851815535924393e-02	1070
5.522691949417551e-01	1.473354151986177e-01	1071
5.197748155252568e-01	1.509385115535290e-01	1072
6.632144101449508e-01	1.304571019172349e-01	1073
7.782996289467410e-01	1.057407174050118e-01	1074
4.951508084175718e-01	1.532537561753592e-01	1075
5.503103664684582e-01	-1.442957945388514e-01	1076
3.326947646096425e-01	1.567652387198845e-01	1077
9.966255469508013e-01	1.669733227375296e-02	1078
8.203740853703419e-02	-1.057268602839819e-01	1079
1.000323716904591e+00	1.846949062973985e-03	1080
9.904170116843209e-01	2.365669292098206e-02	1081
-1.177662151928404e-02	-1.564487823889025e-03	1082
1.000466959708384e+00	-7.921476663966888e-04	1083
1.000341697186727e+00	-1.846266975650846e-03	1084
9.376865415400754e-01	-5.790227139610424e-02	1085
2.321974387892489e-02	-7.300526943636869e-02	1086
-1.563343987964100e-02	-1.663808629777878e-02	1087
1.451412316895642e-03	4.893568963858703e-02	1088
-9.723427078536847e-03	-3.399118879949292e-02	1089
9.653165226250348e-01	4.143608577058999e-02	1090
-1.383088910658893e-02	2.114122230439039e-02	1091
1.000771385102147e+00	1.534234003094890e-04	1092
1.000772852063490e+00	-1.456528125778174e-04	1093
5.627698270020666e-03	-5.666289634435328e-02	1094
3.177296931103312e-01	-1.478033785791323e-01	1095
3.024483964468104e-01	-1.468568235078610e-01	1096
9.938033309708458e-01	2.012383600657050e-02	1097
5.766494477351114e-01	1.443900103104518e-01	1098
9.588102688491944e-01	4.498384354025797e-02	1099
9.941678745720904e-01	-2.038216556634611e-02	1100
7.070343581967543e-01	-1.242510399007473e-01	1101
-1.533527512022300e-02	1.552021975343135e-02	1102
3.015234526164065e-01	1.548350661833789e-01	1103
2.861833239706893e-01	1.535189130319018e-01	1104
2.711438173880085e-01	1.519608354166580e-01	1105
6.769474277225935e-01	-1.293550733328377e-01	1106
-6.301792243843072e-03	3.772269466031734e-02	1107
-9.287196733673472e-03	3.221043455170042e-02	1108
-1.618728869407898e-02	-9.568614605665453e-03	1109
1.096506247925441e-02	-6.251221454130992e-02	1110
8.593997456801646e-01	-8.754945569663199e-02	1111
8.705906429220700e-01	-8.394509758559544e-02	1112
8.813837883110657e-01	-8.032961126748674e-02	1113
8.918364246367987e-01	-7.665032527343353e-02	1114
7.224716455780043e-02	-1.015282314996218e-01	1115
6.290607624900384e-02	-9.714114050968582e-02	1116
9.018640426129135e-01	-7.294007116211121e-02	1117
9.114500624061418e-01	-6.921227320792245e-02	1118
9.206405005417657e-01	-6.545630514254620e-02	1119
9.293846622206268e-01	-6.168747837823031e-02	1120
9.662163984740035e-01	-4.279834716289486e-02	1121
9.721688085006029e-01	-3.902257541759926e-02	1122
7.780911743370632e-01	-1.095737260378719e-01	1123
9.989896426434727e-01	-1.343314502699219e-02	1124
4.609849262948041e-01	-1.493138060701084e-01	1125
4.772912593650695e-01	-1.487034102949935e-01	1126
4.285423218302307e-01	-1.500591510291453e-01	1127
4.447167806101200e-01	-1.497471485197209e-01	1128
9.528669923981834e-01	-5.035091524063751e-02	1129
9.597732820894016e-01	-4.657987795470914e-02	1130
1.374088923422079e-01	-1.231284040947333e-01	1131
1.495307657513350e-01	-1.261223409443543e-01	1132
9.870111592335674e-01	-2.774091013377692e-02	1133
9.908756368948320e-01	-2.404110893815568e-02	1134
7.574926271166508e-01	-1.142443721055814e-01	1135
1.032342839916898e-01	-1.135539618060703e-01	1136
1.145222987176077e-01	-1.168315726501118e-01	1137
1.256648305380005e-01	-1.199738282949797e-01	1138
5.827478173686302e-01	-1.415064691505534e-01	1139
3.006019060570471e-02	-7.829231671265721e-02	1140
3.768471641473400e-02	-8.351606287535465e-02	1141
4.597148387884647e-02	-8.827105335668115e-02	1142
5.407738669819504e-02	-9.259904192109884e-02	1143
3.331206001471744e-01	-1.485632326560503e-01	1144
3.486977311595066e-01	-1.492207160238411e-01	1145
3.644735471567424e-01	-1.496879096820785e-01	1146
3.803326918706676e-01	-1.500205357703619e-01	1147
3.962841393442680e-01	-1.501896921461175e-01	1148
1.749243197065314e-01	-1.315523468959664e-01	1149
1.880936338832319e-01	-1.339593569328461e-01	1150
2.014768407682812e-01	-1.361970895701178e-01	1151
2.151591355288393e-01	-1.382531413286512e-01	1152
2.291160930251310e-01	-1.401691191177188e-01	1153
9.818961614977719e-01	3.080608747903773e-02	1154
9.768749433647692e-01	3.433854396773717e-02	1155
9.713430171705282e-01	3.788710843283600e-02	1156
4.787386423301315e-01	1.545030296999255e-01	1157
4.623123265907577e-01	1.556143111940019e-01	1158
4.458676576157581e-01	1.565015731409423e-01	1159
4.295032356110465e-01	1.572247682155207e-01	1160
4.131165836475378e-01	1.577038809437746e-01	1161
4.548620091930741e-02	8.611834492229926e-02	1162
3.738203415312057e-02	8.116989297292990e-02	1163
2.564789673982553e-01	1.502974786258971e-01	1164
2.417306009911963e-01	1.484863597934135e-01	1165
1.238230373382966e-01	1.211370810551130e-01	1166
1.128232354410741e-01	1.174479374325857e-01	1167
1.016889368902830e-01	1.136166714240472e-01	1168
9.195942872507081e-01	6.267755721313729e-02	1169
9.104481587929858e-01	6.623706912036390e-02	1170
9.009101345281182e-01	6.975928979408372e-02	1171
8.909518264559538e-01	7.331040269646168e-02	1172
8.805696225132116e-01	7.682216228896045e-02	1173
8.698543851265597e-01	8.032407706664331e-02	1174
8.587294670391376e-01	8.380827624460084e-02	1175
8.413642047549575e-01	8.898538234022051e-02	1176
8.233223034164250e-01	9.411859178642995e-02	1177
8.043757746265660e-01	9.914389356016982e-02	1178
7.510057871457678e-01	1.122457262560657e-01	1179
7.226986478913123e-01	1.185498325550069e-01	1180
6.933836694357873e-01	1.246457223231993e-01	1181
6.323100237157870e-01	1.359092315587509e-01	1182
6.007448685456440e-01	1.409858713557867e-01	1183
2.271824201607874e-01	1.462780178963022e-01	1184
2.130958385969174e-01	1.438064252736392e-01	1185
1.993364244123497e-01	1.411527844708927e-01	1186
1.858999301668801e-01	1.382857984956551e-01	1187
1.727430345219654e-01	1.352263475645539e-01	1188
1.599211997486378e-01	1.319553121061499e-01	1189
1.474712705864603e-01	1.284980504237259e-01	1190
2.993068656100270e-02	7.581752994026289e-02	1191
2.323311751260523e-02	7.046371630477415e-02	1192
8.236770301697840e-01	-9.804125852637367e-02	1193
8.359300289317072e-01	-9.458360279523811e-02	1194
8.478082391046080e-01	-9.110435572636855e-02	1195
4.935894950452782e-01	-1.479315230071286e-01	1196
5.179953221903963e-01	-1.465081376556544e-01	1197
1.721354675597247e-02	6.546935287468601e-02	1198
1.120386443682716e-02	5.999078572324273e-02	1199
5.957461462917134e-03	5.422431547298196e-02	1200
9.096184590003670e-02	1.093091037124812e-01	1201
8.086061463590064e-02	1.048499608657698e-01	1202
7.124603574492212e-02	1.002555987172693e-01	1203
6.208236795800793e-02	9.551646061247929e-02	1204
5.343227818235730e-02	9.067647798796970e-02	1205
3.968102701011136e-01	1.579817752189424e-01	1206
3.806172919388010e-01	1.579952930062415e-01	1207
3.645294835985768e-01	1.578249747467334e-01	1208
3.485139374464912e-01	1.574138453285994e-01	1209
9.444698969921657e-01	5.204297263724182e-02	1210
9.366165662573029e-01	5.558777615787614e-02	1211
6.147010600418468e-01	-1.379946442485475e-01	1212
6.460993255499173e-01	-1.339424561315308e-01	1213
2.435091940399916e-01	-1.418659097200181e-01	1214
2.580613595355806e-01	-1.432285403250630e-01	1215
2.725315483423440e-01	-1.445223042523134e-01	1216
2.873444038141434e-01	-1.457729191424202e-01	1217
9.998368349280143e-01	-2.549616265872458e-03	1218
9.998128157961876e-01	2.542601312151408e-03	1219
-1.075136603554722e-02	-4.618245024793845e-02	1220
-1.578524260762369e-02	3.646652623750954e-03	1221
1.000813095028789e+00	-5.473890460893983e-04	1222
9.891695611280815e-01	-3.489535616373192e-02	1223
9.984489204307576e-01	2.105164213359807e-02	1224
-1.962934807025002e-02	1.964096011012217e-02	1225
9.731467952394953e-01	4.776638517034826e-02	1226
1.000985240992964e+00	-8.216921860879682e-03	1227
9.962589915712086e-01	-2.562617423965188e-02	1228
-2.070858925600851e-02	-1.357038025891881e-02	1229
1.382420754544040e-02	-7.808961392832971e-02	1230
-7.119322063169741e-03	-5.261171903267112e-02	1231
3.316384243693486e-01	1.792985263320066e-01	1232
1.000807605991953e+00	5.553411381174968e-04	1233
-1.030637049553700e-02	4.420418618030632e-02	1234
-1.807113774164018e-02	2.576328045915090e-02	1235
-2.802707417533045e-03	-5.907612510884641e-02	1236
9.846955852185465e-01	-3.958744790990824e-02	1237
5.361623896607121e-01	-1.702580665908797e-01	1238
9.957875780070397e-01	2.537919282047971e-02	1239
3.164732522604961e-01	-1.703686588245750e-01	1240
9.544828729885313e-01	-6.262935928255828e-02	1241
9.429663501317537e-01	-6.946861086940677e-02	1242
6.337179320449446e-01	-1.600538635612966e-01	1243
9.221551492745952e-02	-1.265274786047367e-01	1244
1.710223359433066e-01	-1.504396968242528e-01	1245
-1.846762560184095e-02	-2.718856655678087e-02	1246
4.290312835789794e-01	-1.737207300272776e-01	1247
7.116038849718045e-02	-1.168144264248578e-01	1248
8.135517824533460e-02	-1.217526247735387e-01	1249
1.187845817676669e-01	1.373616500577946e-01	1250
9.884730964711858e-01	3.437640090325398e-02	1251
9.333959547654708e-01	7.164546852717986e-02	1252
-2.049194519918100e-02	1.254749523261285e-02	1253
-6.703126724394428e-03	5.048096121487827e-02	1254
9.797012442138102e-01	-4.420762896399093e-02	1255
1.000418903574217e+00	1.214812028812078e-03	1256
9.924843055562351e-01	2.989997573312857e-02	1257
-1.052593504797713e-02	-2.795521371389680e-04	1258
-1.996574818395116e-02	-2.087601049419104e-02	1259
9.988152181795998e-01	-2.120241556441966e-02	1260
7.513851568074078e-01	-1.380966719219897e-01	1261
5.093047488872239e-01	1.768419284921315e-01	1262
4.801320941576774e-01	1.781144635134413e-01	1263
1.000514370002824e+00	1.681834324859490e-02	1264
1.001099177078250e+00	5.569471474443407e-06	1265
1.000874594296880e+00	8.195317371938425e-03	1266
-1.583198615533764e-02	-4.373490059651123e-03	1267
1.000430408021620e+00	-1.211579762089099e-03	1268
2.006022670245985e-02	-8.386192620117544e-02	1269
-1.640713233283979e-02	-3.350777141229512e-02	1270
-1.383585314022225e-02	-3.978383042669892e-02	1271
5.668728350886897e-01	1.706555704677941e-01	1272
7.657695391243053e-03	-7.216504719526935e-02	1273
9.669870383144059e-01	5.217610236743354e-02	1274
9.603340244404761e-01	5.655379721931410e-02	1275
5.381005207297312e-01	1.738828597599714e-01	1276
2.998341089918494e-01	1.769497094664622e-01	1277
2.689701696786685e-01	1.732884894990678e-01	1278
7.259497448573479e-01	-1.437686517938969e-01	1279
-1.338565384512355e-02	3.797766582712800e-02	1280
-1.597319960981635e-02	3.188726636238999e-02	1281
1.867641971515481e-03	-6.531200103403488e-02	1282
8.757036329251972e-01	-9.989141249303107e-02	1283
8.970676901747698e-01	-9.149287445420168e-02	1284
6.146363864374337e-02	-1.116877085751542e-01	1285
9.167575359914263e-01	-8.281175268065090e-02	1286
9.304490947682761e-01	-7.623934006316145e-02	1287
9.741556229989161e-01	-4.884393744281441e-02	1288
1.000786712371930e+00	-1.689747433310961e-02	1289
4.619121615326168e-01	-1.731127414992296e-01	1290
9.615127625283116e-01	-5.806965149053436e-02	1291
9.680852325356526e-01	-5.346691747382182e-02	1292
1.451260660928826e-01	-1.438057841496070e-01	1293
9.930682030892727e-01	-3.026938578799682e-02	1294
7.725519394081628e-01	-1.328885380077554e-01	1295
7.962264319134168e-01	-1.265055770796069e-01	1296
1.095778478435669e-01	-1.327072043885739e-01	1297
1.266774194103570e-01	-1.382676374925767e-01	1298
5.689540227892419e-01	-1.676881670189228e-01	1299
2.731798183855581e-02	-9.008979178207234e-02	1300
3.564657350442679e-02	-9.622168025000591e-02	1301
4.396313280991520e-02	-1.013003604874088e-01	1302
5.228106679137453e-02	-1.063912329542327e-01	1303
3.479508802803120e-01	-1.722637114820827e-01	1304
3.800563720908454e-01	-1.733689445174542e-01	1305
4.044213510760624e-01	-1.738348763569414e-01	1306
1.981181597549398e-01	-1.560589903701105e-01	1307
2.263422823697406e-01	-1.610027585721188e-01	1308
9.838879656572653e-01	3.889753827348896e-02	1309
9.787897349237827e-01	4.333139152839290e-02	1310
4.467685384891954e-01	1.800586015319534e-01	1311
4.134566729921074e-01	1.811390495895149e-01	1312
3.515682174432751e-02	9.401769389863110e-02	1313
2.389844567184968e-01	1.694780088811765e-01	1314
1.020346987465408e-01	1.311168952887576e-01	1315
8.188097752327950e-01	1.161587128838514e-01	1316
9.155326325511882e-01	8.000539899423141e-02	1317
8.959947229464171e-01	8.830025974916253e-02	1318
8.748347505662372e-01	9.641816761859645e-02	1319
8.552357147924659e-01	1.042242910835505e-01	1320
8.374693838311705e-01	1.102332482454781e-01	1321
7.961497563888932e-01	1.228650309767812e-01	1322
7.692999409269865e-01	1.303505979826238e-01	1323
7.412688132334957e-01	1.375807870204631e-01	1324
7.122041412063937e-01	1.445038399986343e-01	1325
6.821655853662656e-01	1.510695760030576e-01	1326
6.512921164535863e-01	1.572030849200064e-01	1327
6.197284198798517e-01	1.628638798488164e-01	1328
5.915976782165869e-01	1.673477766570762e-01	1329
2.096024782211684e-01	1.638488456686893e-01	1330
1.818273773152208e-01	1.574272688016907e-01	1331
1.617855849490696e-01	1.519556817159221e-01	1332
1.489071486849960e-01	1.479920730203777e-01	1333
1.364556166316510e-01	1.438478865717669e-01	1334
2.705685934939358e-02	8.775383336539037e-02	1335
1.997806090981219e-02	8.145281770590174e-02	1336
8.191770110604083e-01	-1.198694171992253e-01	1337
8.408449378583133e-01	-1.120840147023955e-01	1338
8.587365186355683e-01	-1.061437290166747e-01	1339
4.867281701989324e-01	-1.721450721753536e-01	1340
5.074915611950839e-01	-1.721621566573873e-01	1341
1.387009888481802e-02	7.565388593791414e-02	1342
7.827087488440063e-03	6.974682158681245e-02	1343
2.160027358409218e-03	6.296076607653699e-02	1344
-2.439700507071540e-03	5.681427425671055e-02	1345
9.054133860328382e-02	1.261898713432457e-01	1346
7.987941453239872e-02	1.210089748176043e-01	1347
6.987841693499264e-02	1.156967397015184e-01	1348
6.037666974691253e-02	1.102259625391586e-01	1349
5.139287279512594e-02	1.046151049621181e-01	1350
4.327229353176969e-02	9.929630084065394e-02	1351
3.803598147799147e-01	1.811351201429615e-01	1352
3.558230215356333e-01	1.806018711976753e-01	1353
9.532395434303664e-01	6.089190095085215e-02	1354
9.456761397846939e-01	6.520224993583071e-02	1355
6.016728488194245e-01	-1.642382889772918e-01	1356
6.651893149890871e-01	-1.552429943760016e-01	1357
6.959973217988681e-01	-1.497989176239547e-01	1358
2.559230090162543e-01	-1.646083635082554e-01	1359
2.856074907595723e-01	-1.677958928779503e-01	1360
1.001463515540120e+00	1.418440739325116e-02	1361
1.000473335027069e+00	-2.473868871018572e-03	1362
1.000243416643173e+00	-3.353231188978432e-03	1363
1.000766121317675e+00	6.706259773362059e-03	1364
3.653728431452768e-02	-1.129607995260908e-01	1365
1.001774789803213e+00	2.004868478175460e-02	1366
1.001098344027677e+00	3.559512845923634e-04	1367
1.001490728638134e+00	-9.838452235893408e-03	1368
-1.870441855413472e-02	-4.606646904455859e-02	1369
-7.738425586348903e-03	-6.753429150217269e-02	1370
1.000851900987392e+00	-6.721524054786513e-03	1371
1.001685386322462e+00	-1.422962198267406e-02	1372
-1.826164523390752e-02	4.424664791536016e-02	1373
-2.557565947228268e-02	1.671099926386030e-02	1374
-2.583573818702680e-02	-1.785577081841840e-02	1375
9.870338318302958e-01	4.761474648001153e-02	1376
7.677863412207158e-01	-1.590829729059787e-01	1377
3.421769316947974e-01	2.059176225204701e-01	1378
1.001350349893611e+00	9.816156408324480e-03	1379
9.303787198831802e-01	-9.374389489774893e-02	1380
3.268883489550069e-03	-8.271925996841804e-02	1381
3.572832423477169e-02	1.109714631867376e-01	1382
-1.524493086541895e-02	5.120096695482500e-02	1383
-1.567214287291142e-02	-5.316523237255968e-02	1384
4.170130288305477e-01	-2.012255725614310e-01	1385
9.645605517711580e-01	-7.055639221603256e-02	1386
6.537081610320395e-01	-1.842132104976619e-01	1387
5.550353946563682e-01	-1.966609139251855e-01	1388
9.923662588631690e-01	-4.249152995237319e-02	1389
9.960967137832619e-01	-3.683486480570817e-02	1390
9.260160863163294e-03	-8.903963628712844e-02	1391
1.577679834556472e-02	-9.587565071257244e-02	1392
1.000809451539885e+00	9.991495084684058e-04	1393
9.986203129732398e-01	3.089389126387714e-02	1394
1.001161242680972e+00	2.568415861119615e-02	1395
9.762231221148122e-01	5.852534387885532e-02	1396
2.815003899254511e-01	1.996898195655260e-01	1397
5.823000869101914e-01	1.965824364746560e-01	1398
7.161328522124151e-01	-1.719598772846980e-01	1399
5.877639641509771e-02	-1.278488039562717e-01	1400
1.000207898349984e+00	3.347048825963368e-03	1401
1.000447815441067e+00	2.473813462302651e-03	1402
-1.474146127647007e-02	1.335424490612827e-04	1403
9.879943715864858e-01	-4.824287283033023e-02	1404
9.819171490585766e-01	5.306884575124542e-02	1405
1.001102004310036e+00	-3.448833619886395e-04	1406
9.991956826496809e-01	-3.110499561973712e-02	1407
-2.463339884970920e-02	2.413434725945466e-02	1408
-1.200296027538446e-02	-6.048012070191060e-02	1409
5.239569467648121e-01	-1.989982804506475e-01	1410
-2.499060903573078e-02	-2.546086856872392e-02	1411
6.885421055675905e-02	-1.338573803909740e-01	1412
7.957897229700404e-02	-1.396905835539990e-01	1413
9.953889018532123e-01	3.650300576794015e-02	1414
-2.116821638788563e-02	6.233041979327472e-03	1415
9.829953223790656e-01	-5.386943011138501e-02	1416
1.001616859416727e+00	-2.580551118592588e-02	1417
7.441501916213349e-01	-1.653092969332859e-01	1418
-2.127241205176090e-02	-7.109962236323651e-03	1419
1.000819510743403e+00	-9.916513894123206e-04	1420
4.926176314349067e-02	-1.216521669415853e-01	1421
-2.345678304443906e-02	-3.235212894926986e-02	1422
-2.136316669885326e-02	-3.922396339306077e-02	1423
5.258852951678243e-01	2.029621773943048e-01	1424
-2.773224942641862e-03	-7.494146257904000e-02	1425
9.699768162436306e-01	6.393274638627267e-02	1426
5.549041944620801e-01	1.998826096478178e-01	1427
3.137892219178314e-01	2.035051303656231e-01	1428
6.093010046547829e-01	1.924374060447821e-01	1429
-2.092627457653429e-02	3.756191300554328e-02	1430
-2.304851010511981e-02	3.085817184092261e-02	1431
8.931115240095521e-01	-1.129207932167312e-01	1432
9.137554283477768e-01	-1.027855196141010e-01	1433
9.435955516508068e-01	-8.568042732538499e-02	1434
9.554720589480009e-01	-7.752724633729492e-02	1435
1.002114609770488e+00	-2.012187359165440e-02	1436
4.462387523750180e-01	-2.010561671045538e-01	1437
9.712779347656635e-01	-6.511069395959722e-02	1438
9.774144409662456e-01	-5.951060509181932e-02	1439
3.918631480514123e-01	-2.008010811536111e-01	1440
8.372955507625787e-01	-1.363021733618648e-01	1441
8.562490801414953e-01	-1.286854222334757e-01	1442
7.905047867636453e-01	-1.524162812010308e-01	1443
9.437067330344873e-02	-1.464807943678032e-01	1444
1.118820967383387e-01	-1.532035047732473e-01	1445
1.297532160083305e-01	-1.598609697345756e-01	1446
2.367541090071558e-02	-1.033195783301017e-01	1447
3.306202993105070e-01	-1.975809741933600e-01	1448
3.631664332523316e-01	-1.996545882860891e-01	1449
1.523339556511272e-01	-1.672834894117639e-01	1450
1.795753895459009e-01	-1.748446213204670e-01	1451
6.853170853499506e-01	-1.784497336054155e-01	1452
9.915311851040338e-01	4.202197011729567e-02	1453
4.952868460985522e-01	2.050554815100441e-01	1454
4.644855299018908e-01	2.064066263580034e-01	1455
1.040965072744666e-01	1.516722517437127e-01	1456
9.311042856366438e-01	9.009486282006296e-02	1457
9.124383251966683e-01	1.000840449097611e-01	1458
8.345659118701595e-01	1.341883520629624e-01	1459
8.920015624889747e-01	1.098810437841277e-01	1460
8.722294285059649e-01	1.189556735174034e-01	1461
8.529176530226331e-01	1.272347123693408e-01	1462
8.136530040075620e-01	1.415290217150244e-01	1463
7.886977211913581e-01	1.496680557619812e-01	1464
7.609542065242140e-01	1.580626692851607e-01	1465
7.320627231828788e-01	1.660427819080237e-01	1466
7.021189200580731e-01	1.735681137321333e-01	1467
6.712251146281720e-01	1.805771088239466e-01	1468
6.395552509299722e-01	1.869943640041070e-01	1469
2.510667510045124e-01	1.952921544543710e-01	1470
2.200680074908024e-01	1.895933642927721e-01	1471
1.908945951286625e-01	1.824381759032456e-01	1472
1.663706214999689e-01	1.754070391666187e-01	1473
1.432647748775525e-01	1.663304945117922e-01	1474
1.211452564640450e-01	1.587603451802550e-01	1475
2.327910006857293e-02	1.010906406300746e-01	1476
1.558508070604857e-02	9.357032968466968e-02	1477
8.139721329371868e-01	-1.449430609988364e-01	1478
8.739878970162291e-01	-1.214740079065588e-01	1479
4.756413591867797e-01	-2.003634641527111e-01	1480
4.973151680724743e-01	-1.999792294624537e-01	1481
9.220261528164729e-03	8.670293862714751e-02	1482
3.351136131884895e-03	8.038757697978877e-02	1483
-2.547114012874884e-03	7.266372911235768e-02	1484
-7.415447379846000e-03	6.533550056828284e-02	1485
-1.161813458566238e-02	5.838460951478677e-02	1486
8.936165750575037e-02	1.451244693717394e-01	1487
7.782561321004425e-02	1.390509795089058e-01	1488
6.728742254673525e-02	1.328564445363402e-01	1489
5.741776714531227e-02	1.265287047197256e-01	1490
4.809759403409126e-02	1.200353302443352e-01	1491
4.305351066952993e-01	2.077112586671493e-01	1492
3.965605771614056e-01	2.079206823404280e-01	1493
3.673400141827783e-01	2.072790771041631e-01	1494
9.594951875531548e-01	7.166021505010395e-02	1495
9.461938026586177e-01	8.107721664816510e-02	1496
5.884965779604044e-01	-1.934632569174791e-01	1497
6.214748070111552e-01	-1.892320022290271e-01	1498
2.077995606310359e-01	-1.813703975075729e-01	1499
2.378501953891309e-01	-1.868225419449430e-01	1500
2.678833872029923e-01	-1.909334166167815e-01	1501
2.987914355119720e-01	-1.946440007793229e-01	1502
1.000859966391487e+00	3.056514520704730e-03	1503
1.000269989633356e+00	-5.124747810414004e-03	1504
9.995413454863954e-01	-5.703965271030880e-03	1505
1.000442952448507e+00	1.157928436175317e-02	1506
-3.035709119166757e-02	2.899386984450628e-02	1507
1.000210476243425e+00	5.110302178134816e-03	1508
-2.675383249303455e-02	4.373248734809170e-02	1509
9.757703997035911e-01	-7.760072957372542e-02	1510
1.001170527407493e+00	-7.517990534258015e-04	1511
1.003319549014901e+00	-1.627096818616167e-02	1512
1.004915697344837e+00	-1.708189890378911e-02	1513
9.924755576713400e-01	-5.732365600349604e-02	1514
1.000798409572238e+00	1.441570494210981e-03	1515
9.913708465990603e-01	5.678318149287689e-02	1516
2.624423911865812e-01	2.243683168510423e-01	1517
1.002388986375157e+00	-8.669313322713911e-03	1518
1.001958404635084e+00	-7.377713168642123e-03	1519
-1.377209662511551e-02	-7.681406473106929e-02	1520
1.001162481245996e+00	7.632655309613947e-04	1521
-2.125158794199224e-02	5.873122256410373e-02	1522
1.335048479323895e-01	-1.847771654075160e-01	1523
3.372181950456118e-02	-1.300286140290391e-01	1524
9.455582091682340e-01	-1.038724013164440e-01	1525
7.866431407932818e-01	-1.812774612977446e-01	1526
1.000612831812996e+00	-1.162679796463130e-02	1527
1.001857735348969e+00	7.375432495070030e-03	1528
1.002265458412910e+00	8.667405553002921e-03	1529
1.000813186358896e+00	-1.434974022183957e-03	1530
-2.456883405769802e-02	-5.273901041580209e-02	1531
5.716102960211171e-01	2.290907578768003e-01	1532
6.750123149849631e-01	-2.105420895280661e-01	1533
4.320076279040458e-01	-2.318421857430910e-01	1534
5.997734024491568e-01	2.251120325656299e-01	1535
9.470129855199322e-01	9.965558955973372e-02	1536
9.106596943380794e-01	1.228894838879463e-01	1537
3.254206952838053e-01	2.332936646867585e-01	1538
2.040036958928191e-02	1.175957783871017e-01	1539
5.120338329448250e-01	-2.305225765139504e-01	1540
-2.415017181857086e-02	5.091685926525621e-02	1541
1.003132977282170e+00	2.986402817116896e-02	1542
5.421106678790464e-01	-2.287517773368576e-01	1543
9.994767724956591e-01	5.677048519627190e-03	1544
1.003054847604953e+00	1.624361904247003e-02	1545
1.004631201920537e+00	1.707930026304699e-02	1546
1.000894000341876e+00	-3.053823106308119e-03	1547
-3.130856384163903e-02	2.116023347093425e-02	1548
3.529833943921953e-01	2.357818967381537e-01	1549
1.001467334075699e+00	1.816699366947149e-04	1550
1.001469249183372e+00	-1.665863738003714e-04	1551
-8.542788677421644e-03	-8.547772375382212e-02	1552
-1.804027460180344e-02	-6.886200755703561e-02	1553
4.040556958048866e-01	-2.314633054057176e-01	1554
9.967308823974113e-01	-5.040207681260046e-02	1555
1.000052393175616e+00	-4.354597500220279e-02	1556
-2.546576544592304e-03	-9.404989045407380e-02	1557
3.309952351531078e-03	-1.009878566201235e-01	1558
1.000837230962220e+00	2.071591275453280e-03	1559
9.957638711457187e-01	5.000788192902773e-02	1560
9.864022117406265e-01	6.341974888516350e-02	1561
2.942932247850340e-01	2.293749267619275e-01	1562
7.068258450849766e-01	-2.035887112825808e-01	1563
4.978147179006954e-02	-1.418655020195538e-01	1564
1.003141162998891e+00	-3.698124865617701e-02	1565
-2.164343767095218e-02	-6.067772245688326e-02	1566
-3.159761412175446e-02	-2.240134653663591e-02	1567
6.543991591670842e-02	-1.521958304794539e-01	1568
7.847481418434660e-02	-1.605327121512320e-01	1569
1.002459722375529e+00	3.682508709494731e-02	1570
-2.632510654490429e-02	1.015510501259244e-02	1571
-1.928432183243524e-02	-2.391067300601152e-03	1572
1.003674863836419e+00	-2.996496980339480e-02	1573
7.367374419669872e-01	-1.961041991057366e-01	1574
7.629928472453279e-01	-1.887295327807277e-01	1575
-2.121579159985702e-02	-3.940608306978745e-04	1576
-2.648733230987351e-02	-1.117005948566579e-02	1577
1.000859263841300e+00	-2.066077446716978e-03	1578
-3.072242262406114e-02	-3.039297451381037e-02	1579
-2.931453125808397e-02	-3.791573209044005e-02	1580
-2.717579671874169e-02	-4.542538660746044e-02	1581
5.429498821187400e-01	2.322098726341193e-01	1582
9.807568827088333e-01	7.004266036917309e-02	1583
-2.890957819471748e-02	3.636921286721508e-02	1584
9.120141505838240e-01	-1.254648955033148e-01	1585
9.306218341528699e-01	-1.141121832985444e-01	1586
9.580422998305649e-01	-9.410794549441946e-02	1587
9.683544885272880e-01	-8.500353175785642e-02	1588
9.821167164510283e-01	-7.090232588744563e-02	1589
9.876371325184021e-01	-6.411466851922767e-02	1590
8.554598974074824e-01	-1.541853876984812e-01	1591
8.341366406961214e-01	-1.636342222208057e-01	1592
9.529488352133693e-02	-1.688374048170141e-01	1593
1.129417145423967e-01	-1.763048630300240e-01	1594
1.037214386194613e-02	-1.092096287645928e-01	1595
2.106110389360516e-02	-1.196412046068623e-01	1596
3.450241121182113e-01	-2.281370523606917e-01	1597
3.763943890439274e-01	-2.303009643930940e-01	1598
1.590211313784591e-01	-1.938983445791501e-01	1599
9.992277511075084e-01	4.327741523742629e-02	1600
5.119964398896694e-01	2.348332608066146e-01	1601
4.806026294486273e-01	2.364015497174618e-01	1602
9.302355467401807e-01	1.110670960796983e-01	1603
8.908370765936485e-01	1.338733418183831e-01	1604
8.712934905311180e-01	1.440138032757603e-01	1605
8.519552748072201e-01	1.530706278178002e-01	1606
8.320428873910481e-01	1.614208306260424e-01	1607
8.088023816666072e-01	1.703785866736885e-01	1608
7.821268382274437e-01	1.798605646305828e-01	1609
7.533521010230986e-01	1.891928913860792e-01	1610
7.234313119240739e-01	1.979498774105750e-01	1611
6.924527074320939e-01	2.060684263585440e-01	1612
6.605653288380985e-01	2.134816510044010e-01	1613
6.290492391435945e-01	2.199376279191903e-01	1614
2.309052474059448e-01	2.184947952703238e-01	1615
1.465434265788164e-01	1.923660252131202e-01	1616
1.253244411507143e-01	1.833165288731376e-01	1617
1.995956230064667e-01	2.107141308497926e-01	1618
1.721115078558363e-01	2.023178850758238e-01	1619
1.047662988823500e-01	1.745466832070070e-01	1620
1.004506891093083e-02	1.069868986317638e-01	1621
8.100140046098001e-01	-1.731332587858271e-01	1622
8.734747746665738e-01	-1.457381489410481e-01	1623
8.921069448865278e-01	-1.364518876278545e-01	1624
4.618952730173243e-01	-2.315755474353466e-01	1625
4.872322510405500e-01	-2.311502328565615e-01	1626
3.172062810905394e-03	9.872820779671433e-02	1627
-2.554026431254377e-03	9.177880674334765e-02	1628
-8.398084692088649e-03	8.325834943646516e-02	1629
-1.350790292314852e-02	7.466902706489878e-02	1630
-1.770168991034762e-02	6.680349205037302e-02	1631
8.864776843217226e-02	1.669426078723014e-01	1632
7.485390774657297e-02	1.589184468281670e-01	1633
6.362148460568344e-02	1.513379626461407e-01	1634
5.320790519873222e-02	1.441097083632533e-01	1635
4.336051270200095e-02	1.369053179773528e-01	1636
3.268344105237633e-02	1.282412744492944e-01	1637
4.481162369662243e-01	2.374682133132363e-01	1638
4.132843389940790e-01	2.379141272830229e-01	1639
3.809856613304093e-01	2.372680713845634e-01	1640
9.724899833499681e-01	7.826192894693283e-02	1641
9.612898907210510e-01	8.834115206569929e-02	1642
5.750096868352599e-01	-2.259191840810221e-01	1643
6.091563795378017e-01	-2.217936360567084e-01	1644
6.424669544126698e-01	-2.166126242703544e-01	1645
1.875234980561333e-01	-2.025300350949517e-01	1646
2.176900362100393e-01	-2.099778197910329e-01	1647
2.488279761242679e-01	-2.159220369091739e-01	1648
2.797848333483039e-01	-2.206534011476777e-01	1649
3.119537909646565e-01	-2.248826486830999e-01	1650
-3.782034302194374e-02	2.587877030351022e-02	1651
1.000416255992636e+00	-4.317750082192828e-03	1652
1.006668396850152e+00	3.372559297628168e-02	1653
-3.403367538312374e-02	-5.198061488076244e-02	1654
1.003728979940279e+00	1.408134526955110e-02	1655
1.000932345323525e+00	5.816435350460578e-02	1656
3.649499037622876e-01	2.693347467581766e-01	1657
8.555024057751357e-01	-1.831321017259061e-01	1658
-2.105779825509192e-02	-8.696301327207409e-02	1659
1.001260679308474e+00	1.729954346345473e-03	1660
9.644665169582840e-01	1.070876134479824e-01	1661
1.000367293262638e+00	4.309404962675577e-03	1662
-2.613868990801083e-02	3.670689634694221e-03	1663
1.002983438063417e+00	-1.005654234787562e-02	1664
1.000920866219031e+00	-3.966175307053546e-03	1665
8.322535183018741e-01	-1.942812794060937e-01	1666
-3.207502993999384e-02	1.406511160782645e-02	1667
1.001034540820970e+00	-2.618366941989201e-03	1668
1.001817856704826e+00	6.216332071488237e-03	1669
-3.160096803133845e-02	-5.978794083758728e-02	1670
8.078789069874788e-01	-2.046144914846268e-01	1671
4.474471587020538e-01	-2.660102111232334e-01	1672
9.881361303342198e-01	-8.303114769203003e-02	1673
1.371088385198115e-01	-2.132208865301443e-01	1674
4.177129482607238e-01	-2.657227212544549e-01	1675
9.970224716188673e-01	6.618441426268977e-02	1676
9.490696456955535e-01	1.208604757095142e-01	1677
5.602707216872286e-01	2.650217183240650e-01	1678
2.412456046532916e-01	2.508824130797582e-01	1679
9.486619683236760e-01	-1.245330378498856e-01	1680
-2.851131278746544e-02	6.673117117026924e-02	1681
2.084002918479771e-01	2.426184995520135e-01	1682
5.897668055555172e-01	2.613880360190131e-01	1683
1.000874739062073e+00	3.965648879301801e-03	1684
1.002834199918193e+00	1.005753131317622e-02	1685
1.001900076874992e+00	-6.213911698740898e-03	1686
1.003954360907595e+00	-1.408545686596149e-02	1687
1.004576123718121e+00	-2.320694235162291e-02	1688
1.001005412947610e+00	2.624206659247189e-03	1689
1.002408797937443e+00	1.188220574306778e-02	1690
1.001201124086217e+00	1.218003502738263e-03	1691
1.003247162308321e+00	-7.666029564665988e-03	1692
1.001279754480907e+00	-1.718894814754225e-03	1693
-2.534034227867293e-02	-7.779668492058665e-02	1694
1.001477257131456e+00	5.572196231485083e-04	1695
1.001483329340450e+00	-5.421708007744805e-04	1696
1.001879422930903e+00	9.854338871892735e-06	1697
1.001214217732795e+00	-1.206681462109400e-03	1698
9.310279450452099e-01	1.347506688574739e-01	1699
3.360942974082630e-01	2.666862290857465e-01	1700
-3.121999907552075e-02	5.796936211676856e-02	1701
-3.364026000428082e-02	5.026644065229304e-02	1702
5.293620813096446e-01	-2.642007972211878e-01	1703
1.005259762569512e+00	2.631622886237739e-02	1704
1.004172738462215e+00	2.316215724255147e-02	1705
1.002589494371419e+00	-1.189744821087433e-02	1706
1.003137220761398e+00	7.682098478369234e-03	1707
-2.885473853474502e-02	-6.865832892829468e-02	1708
1.002020164444078e+00	-5.846788681645917e-02	1709
1.005029337862367e+00	-5.022430368971225e-02	1710
-1.578347815095738e-02	-9.671154095004467e-02	1711
-6.869153544695297e-03	-1.099914452603848e-01	1712
1.655213927898610e-02	-1.374774526851729e-01	1713
3.057718015755092e-01	2.626510637750368e-01	1714
2.735464081776635e-01	2.571834808047788e-01	1715
6.980579561995067e-01	-2.390465498518140e-01	1716
1.006055291835135e+00	-4.237890205798290e-02	1717
3.085084911135768e-02	-1.499803943878343e-01	1718
4.659930207839352e-02	-1.628943464358045e-01	1719
6.046912327556205e-02	-1.735844307482538e-01	1720
-3.227883177284872e-02	-1.518504379684142e-02	1721
1.007283195520960e+00	-3.377379876233294e-02	1722
1.005727681539482e+00	-2.635447786579518e-02	1723
7.296253606809363e-01	-2.307903915568112e-01	1724
7.583017629093824e-01	-2.222512049812718e-01	1725
7.838726917797414e-01	-2.136661846975478e-01	1726
-2.671739391022991e-02	-5.426021050029347e-03	1727
-3.812506650263367e-02	-2.719910139771250e-02	1728
-3.738895699444041e-02	-3.555295400929330e-02	1729
-3.599610427503112e-02	-4.388636660523966e-02	1730
9.923531186137625e-01	7.420135296609381e-02	1731
-3.560743443359653e-02	4.229485354377827e-02	1732
-3.702786327090118e-02	3.409660076452103e-02	1733
9.319717451349482e-01	-1.373845793269313e-01	1734
9.622832304968277e-01	-1.125019631665518e-01	1735
9.733802112128714e-01	-1.011829068274701e-01	1736
9.819075660979680e-01	-9.123679919949770e-02	1737
9.937276392778961e-01	-7.476689531569118e-02	1738
9.982575815665299e-01	-6.661477148400616e-02	1739
7.670833064681777e-02	-1.841931618255269e-01	1740
9.463313408837234e-02	-1.937183915866628e-01	1741
1.135606858630541e-01	-2.026267069152579e-01	1742
4.926727817156907e-03	-1.250371770762673e-01	1743
3.584352727449361e-01	-2.623505849366660e-01	1744
3.888887451728839e-01	-2.645685823475317e-01	1745
1.005265762219593e+00	4.226289372577063e-02	1746
1.004092385924379e+00	5.003094219727253e-02	1747
5.296351669546098e-01	2.679177961129030e-01	1748
4.973074542105314e-01	2.699618361684070e-01	1749
9.115088275925876e-01	1.481825793104196e-01	1750
8.919873068885057e-01	1.605106446989177e-01	1751
8.722523660276746e-01	1.718697070527788e-01	1752
8.521172800780644e-01	1.821878435348416e-01	1753
8.301532173547645e-01	1.923039444435028e-01	1754
8.047923336601620e-01	2.029626722993220e-01	1755
7.765531418275418e-01	2.137801222057580e-01	1756
7.465695048405626e-01	2.241045701377557e-01	1757
7.154052734098134e-01	2.336566493009518e-01	1758
6.831999498636030e-01	2.423605947212254e-01	1759
6.507445344320775e-01	2.500259093186409e-01	1760
6.195752666507086e-01	2.563923291860746e-01	1761
1.263497330914111e-01	2.107142467432564e-01	1762
1.779329253862457e-01	2.329188766396384e-01	1763
1.499725973322047e-01	2.217851548488449e-01	1764
1.059782420458165e-01	2.006227845588928e-01	1765
4.350688415230616e-03	1.229665605478139e-01	1766
8.751317686338055e-01	-1.727936933894722e-01	1767
8.933986910528038e-01	-1.624950735433149e-01	1768
9.127929760078326e-01	-1.505399447418097e-01	1769
4.753315611197717e-01	-2.658389619378931e-01	1770
5.007131468198556e-01	-2.654158257160399e-01	1771
-4.271340324112144e-03	1.119468343108463e-01	1772
-9.824177124653364e-03	1.036211785114355e-01	1773
-1.570511656628116e-02	9.454660416321951e-02	1774
-2.086339940275219e-02	8.486379273982902e-02	1775
-2.506003519084699e-02	7.577335001959162e-02	1776
8.707825933336566e-02	1.914992005576190e-01	1777
7.093327580220607e-02	1.817728011868235e-01	1778
5.312690025539439e-02	1.672126688144232e-01	1779
3.785541695207188e-02	1.548835612351465e-01	1780
2.692938901017797e-02	1.463562009788427e-01	1781
1.563260249494997e-02	1.356034236423610e-01	1782
4.648454150967417e-01	2.710512774644520e-01	1783
4.305736981956287e-01	2.714844828820716e-01	1784
3.960386969015448e-01	2.709382729461045e-01	1785
9.857765482218894e-01	8.335351564766132e-02	1786
9.767358796741914e-01	9.426760306649112e-02	1787
5.618035531381171e-01	-2.617923588356216e-01	1788
5.964850674841305e-01	-2.580587299086002e-01	1789
6.312769296234479e-01	-2.528218473607277e-01	1790
6.650674382691962e-01	-2.464585445984869e-01	1791
1.648646852862222e-01	-2.240046883945158e-01	1792
1.952667152370824e-01	-2.338743499822289e-01	1793
2.272399604775606e-01	-2.422063731274767e-01	1794
2.593610996025177e-01	-2.486027965377878e-01	1795
2.915560959498836e-01	-2.541282697694957e-01	1796
3.252245886415783e-01	-2.588601820314841e-01	1797
1.003813829723524e+00	-8.915430515109034e-03	1798
1.008875638286220e+00	-3.055112830655431e-02	1799
1.007643059409010e+00	6.640657196806336e-02	1800
-3.851793302592419e-02	1.810354575044869e-02	1801
-3.236158019326234e-02	6.748079987642730e-03	1802
1.008840110279516e+00	-6.659681171440583e-02	1803
6.898151027115654e-01	-2.787642100650336e-01	1804
8.568177387338810e-01	-2.157518134707427e-01	1805
3.469077991676173e-01	3.041663405214362e-01	1806
1.007291468349129e+00	3.895129806585070e-02	1807
1.002939891670101e+00	-6.746194086489526e-03	1808
1.000824401399169e+00	5.459619255823300e-03	1809
1.000891451813280e+00	-5.467452201697523e-03	1810
1.001578133755143e+00	-9.629973294153082e-04	1811
-2.015107695360121e-03	-1.427118245851389e-01	1812
1.003681316171892e+00	8.934954769897113e-03	1813
1.001892440071014e+00	-3.385339797535573e-04	1814
9.529126091128821e-01	1.447356789163685e-01	1815
1.004487270718327e+00	1.213233615696085e-02	1816
1.007533034523000e+00	2.377211735822839e-02	1817
1.004987165242696e+00	2.006325911255821e-02	1818
1.001567224604750e+00	9.786927444182792e-04	1819
9.532552654499618e-01	-1.478873248167516e-01	1820
8.785468490842483e-01	-2.031618351368640e-01	1821
-3.874770154426954e-02	-1.930704182623392e-02	1822
-3.402284675530799e-02	-8.731354998329541e-02	1823
-2.819824695627142e-03	1.407826824254638e-01	1824
1.837506557795866e-01	2.675974949500296e-01	1825
1.005330192331902e+00	-2.007495283796500e-02	1826
9.825216888750021e-01	1.121607293296346e-01	1827
8.323399227645102e-01	-2.284330371945089e-01	1828
1.136214287578313e-01	-2.325924676022592e-01	1829
1.008011282723579e+00	-3.901421014542662e-02	1830
-2.985292705819619e-02	-9.786033876371655e-02	1831
4.752940521213937e-01	-3.035193990001326e-01	1832
1.008604566875957e+00	5.647008145440563e-02	1833
5.789429036346149e-01	3.015656323201241e-01	1834
1.001051115902909e+00	-8.579736074127921e-02	1835
5.486783915155750e-01	-3.014646030670838e-01	1836
-3.716413499592480e-02	7.520328968601846e-02	1837
1.263463040725419e-01	2.417272689802558e-01	1838
1.399172230753675e-01	-2.454601168930677e-01	1839
4.323634732858356e-01	-3.039749513765759e-01	1840
3.781863329390117e-01	3.070186188201421e-01	1841
-4.211758800333310e-02	-5.875488950097892e-02	1842
-3.997821015651366e-02	-6.717231584945700e-02	1843
1.001379064853277e+00	2.241024601834456e-03	1844
-3.060146117453136e-02	-6.720641081001586e-04	1845
9.693137629793038e-01	1.281316748924592e-01	1846
2.168745111585769e-01	2.784753248139344e-01	1847
1.001404519179026e+00	-2.229748807722646e-03	1848
1.004678213401229e+00	-1.211386384495836e-02	1849
-3.744706520319643e-02	-7.711231788714143e-02	1850
1.001678991276838e+00	1.422454887486026e-03	1851
1.002845604410105e+00	6.761392498116974e-03	1852
1.001888415082937e+00	3.583113798631134e-04	1853
1.001695222453665e+00	-1.406062810977599e-03	1854
-3.964637099448241e-02	6.535908804938476e-02	1855
-4.176475535329435e-02	5.702597252425375e-02	1856
1.008322602433641e+00	3.055179413204222e-02	1857
1.009635384938243e+00	-5.659809823284897e-02	1858
9.252706108414109e-02	-2.215756739748223e-01	1859
3.160175279146235e-01	2.999167661517458e-01	1860
2.837150475259480e-01	2.940597616930396e-01	1861
2.509003694336557e-01	2.871252750771510e-01	1862
1.093234883038266e-02	-1.577154379619110e-01	1863
2.560798815015743e-02	-1.717191993337001e-01	1864
3.991737922523059e-02	-1.852251775589946e-01	1865
1.013916380315799e+00	-4.742021959127661e-02	1866
1.007952445132111e+00	-2.375518746409411e-02	1867
7.230706856540242e-01	-2.697536514268027e-01	1868
7.540250911412888e-01	-2.600602748242793e-01	1869
7.819216791435903e-01	-2.501195137744733e-01	1870
8.074478988314234e-01	-2.398068696266373e-01	1871
-3.268255435278425e-02	-8.223520954409601e-03	1872
-4.383523866025148e-02	-5.006104085091113e-02	1873
-4.561906363707023e-02	-3.209027080215334e-02	1874
-4.502314287842756e-02	-4.111693268720956e-02	1875
1.003939044952000e+00	7.559103246098653e-02	1876
-4.347597222440103e-02	4.843396591590899e-02	1877
-4.467742452989490e-02	3.960666829257058e-02	1878
-4.531155774728184e-02	3.070366035737863e-02	1879
9.681622885727776e-01	-1.329937496040275e-01	1880
9.801171131099982e-01	-1.189793850804639e-01	1881
9.893150552587099e-01	-1.062892535894980e-01	1882
9.959756741246752e-01	-9.550526975178338e-02	1883
1.005285449424534e+00	-7.589584282497838e-02	1884
5.543464292063045e-02	-1.981754045612653e-01	1885
7.355458087723754e-02	-2.106963830919162e-01	1886
-2.308228124954565e-02	-1.109809716335129e-01	1887
-1.374319307585295e-02	-1.270853468855159e-01	1888
3.709644037738121e-01	-3.006094375065765e-01	1889
4.018684495533010e-01	-3.028721284973928e-01	1890
1.013061509199906e+00	4.743288356567292e-02	1891
5.477941766725082e-01	3.048247609489069e-01	1892
5.151269844193692e-01	3.073292844588105e-01	1893
9.344383744411955e-01	1.609376988887168e-01	1894
9.151663957075939e-01	1.760485440596202e-01	1895
8.954919723399344e-01	1.900023204925868e-01	1896
8.750849636133662e-01	2.029230970926361e-01	1897
8.534836167093807e-01	2.150195486557821e-01	1898
8.293226195508138e-01	2.271673846876950e-01	1899
8.019562063726150e-01	2.396107062611424e-01	1900
7.720997665076289e-01	2.518112800825530e-01	1901
7.406503115024792e-01	2.632022346349018e-01	1902
7.079970182081008e-01	2.735762942149190e-01	1903
6.746701736204993e-01	2.827741226424276e-01	1904
6.418873411654569e-01	2.905671025121093e-01	1905
6.101935656577635e-01	2.968601063452874e-01	1906
1.530609731030102e-01	2.549884639409458e-01	1907
1.044699112736455e-01	2.295663451752071e-01	1908
8.544315582497300e-02	2.193485741742754e-01	1909
9.355373202195908e-01	-1.632752501525460e-01	1910
8.974626574597583e-01	-1.911556465495935e-01	1911
9.163167828880016e-01	-1.780916502869683e-01	1912
5.168832581721299e-01	-3.034091302927011e-01	1913
-1.252262807623088e-02	1.273213868856917e-01	1914
-1.918004026348311e-02	1.158963087008433e-01	1915
-2.435218786253668e-02	1.066008473069426e-01	1916
-2.973660042583232e-02	9.580838482914404e-02	1917
-3.381253121438642e-02	8.532335373865234e-02	1918
6.646980246659843e-02	2.076636139955462e-01	1919
3.241571563021529e-02	1.773877499435726e-01	1920
2.022654829997699e-02	1.663069682918135e-01	1921
4.773672492406655e-02	1.921351612165348e-01	1922
8.327154987548683e-03	1.546700175563296e-01	1923
4.816515552149070e-01	3.087417577986495e-01	1924
4.475479333719481e-01	3.091884222177949e-01	1925
4.121681725041692e-01	3.086881855529339e-01	1926
9.991553724133088e-01	8.604549180208992e-02	1927
9.923071694231489e-01	9.799994394773040e-02	1928
5.835282296663513e-01	-2.983147871512354e-01	1929
6.198048660330965e-01	-2.932417488549527e-01	1930
6.553399968554982e-01	-2.866371473157756e-01	1931
1.700223475962653e-01	-2.580376199382657e-01	1932
2.026033939132780e-01	-2.692427725260758e-01	1933
2.363025809726002e-01	-2.784305366265592e-01	1934
2.693278267899677e-01	-2.854107840808486e-01	1935
3.032544380168898e-01	-2.917673593340590e-01	1936
3.379345058813270e-01	-2.969401083152015e-01	1937
1.417253609208836e-01	-2.818965763504658e-01	1938
1.001587048185516e+00	2.816733120392737e-03	1939
1.004639621075933e+00	-7.788408012133211e-03	1940
1.004139532267795e+00	-6.857823411214672e-03	1941
1.002087471342206e+00	-1.065242882679743e-03	1942
1.005787466134587e+00	1.375886699399060e-02	1943
9.419883549848372e-01	-1.916450970081287e-01	1944
1.001620226189934e+00	-2.804468827539459e-03	1945
1.013673373301811e+00	7.418867724729004e-02	1946
1.126565952723333e-01	-2.665347863905146e-01	1947
1.008479931000355e+00	2.040009004932912e-02	1948
1.007142241935198e+00	1.829483406567272e-02	1949
1.006011292702466e+00	-1.372536183398297e-02	1950
1.001804799007090e+00	-1.905270250298117e-03	1951
1.002854103021900e+00	-5.630712856824308e-03	1952
1.004530681576078e+00	-1.031103617819495e-02	1953
1.004372084016338e+00	1.033605834941603e-02	1954
-5.299451224059229e-02	-5.635991843265013e-02	1955
1.001946716007938e+00	6.775994366175675e-04	1956
1.556355252762189e-01	2.924691107340839e-01	1957
-1.045646980164046e-02	-1.625873757632408e-01	1958
9.230707291259255e-01	-2.080889967005943e-01	1959
8.837465222065606e-01	-2.372599492550117e-01	1960
-5.267621158953122e-02	5.470208198583983e-02	1961
5.670154453329171e-01	3.459874926621787e-01	1962
3.256928932824238e-01	3.416870828025562e-01	1963
9.759423129626379e-01	-1.557971320245012e-01	1964
7.171865892912810e-01	-3.134616062750164e-01	1965
4.156273047690351e-01	-3.456772050536859e-01	1966
-2.227166660897908e-02	1.446055533712247e-01	1967
4.081142169297167e-02	2.196813961047983e-01	1968
8.899201399508477e-02	-2.529144847223270e-01	1969
1.015191478143990e+00	6.214815254840868e-02	1970
1.016496615552448e+00	5.473503032277494e-02	1971
-3.884821841214602e-02	1.048339216821767e-02	1972
-2.258786308475832e-02	-1.455138358553793e-01	1973
6.819903784234844e-01	-3.232290891179251e-01	1974
8.601409845866055e-01	-2.521899743309235e-01	1975
3.584385889425977e-01	3.462518622376857e-01	1976
1.001831733938929e+00	5.167771863158275e-03	1977
1.001898198659921e+00	-5.160619575818808e-03	1978
1.001954490818130e+00	-6.573136742608469e-04	1979
1.004523338716125e+00	7.825368962816439e-03	1980
1.004039606411054e+00	6.890615954270430e-03	1981
1.001534845745630e+00	-3.492132198036348e-03	1982
1.008810083179164e+00	2.719186315031112e-02	1983
1.001492953296208e+00	3.501095381647237e-03	1984
9.042222976947835e-01	-2.228018073541725e-01	1985
9.601054668557970e-01	-1.737930944284567e-01	1986
-4.603412920722866e-02	-2.347169616986918e-02	1987
1.892399021005135e-01	3.067304959939628e-01	1988
1.009297651678376e+00	-2.716617664876426e-02	1989
9.761927617855893e-01	1.515289620601299e-01	1990
1.011809263173298e+00	-3.487857258345225e-02	1991
-4.417223281411779e-02	-9.728845348638271e-02	1992
5.355994933037305e-01	-3.454115553826126e-01	1993
3.926150152315606e-01	3.493118591446582e-01	1994
1.256202329462669e-01	2.768622235023214e-01	1995
-4.755147577864995e-02	-8.607126438069373e-02	1996
1.002777283568923e+00	5.649261132558127e-03	1997
-3.692092810617144e-02	1.683832309165979e-03	1998
-3.702292642564493e-02	-3.001283128552979e-03	1999
9.901385986909682e-01	1.320338717694146e-01	2000
-5.159385938424118e-02	-6.559989390354175e-02	2001
-4.985319126730426e-02	-7.489294912930504e-02	2002
1.001782360174557e+00	1.922018786494529e-03	2003
1.002347656801393e+00	1.257494701323938e-05	2004
1.002074723072407e+00	1.086685630915140e-03	2005
-4.958198918355432e-02	7.308275456796791e-02	2006
-5.129209363175938e-02	6.385979867096439e-02	2007
1.011171038621108e+00	3.491346115022771e-02	2008
2.926551237819717e-01	3.353969438803563e-01	2009
2.593138558170122e-01	3.277112435502468e-01	2010
2.247080778840259e-01	3.186738717665322e-01	2011
3.159454637596148e-03	-1.799438016148461e-01	2012
1.683483165775299e-02	-1.947292748755857e-01	2013
1.016300111073658e+00	-6.216284232172897e-02	2014
1.017471958677719e+00	-5.469542498323689e-02	2015
1.007454222585292e+00	-1.825871567229278e-02	2016
1.008833461532847e+00	-2.034853114222482e-02	2017
7.504348931020917e-01	-3.026040388653792e-01	2018
7.808695053115714e-01	-2.911535317740282e-01	2019
8.085507754475167e-01	-2.792473003355677e-01	2020
8.346554880107349e-01	-2.664471048093014e-01	2021
-3.904786329611364e-02	-1.182181915961514e-02	2022
-5.419309949760154e-02	-3.719472044306697e-02	2023
-5.386134113913837e-02	-4.683050556831292e-02	2024
-5.354261065275226e-02	4.527116688386226e-02	2025
-4.578866357201890e-02	2.219733450420872e-02	2026
-5.389494622460334e-02	3.574418600593181e-02	2027
9.887065590607579e-01	-1.385033196028555e-01	2028
9.983621942944489e-01	-1.225954704661127e-01	2029
1.005185706876750e+00	-1.086935930949856e-01	2030
1.010021790839768e+00	-9.670951188888952e-02	2031
1.011829667989276e+00	-8.457451592167305e-02	2032
1.014974216979573e+00	-7.429524679330375e-02	2033
3.167534153459925e-02	-2.101817168972704e-01	2034
4.913195122541531e-02	-2.257991907398857e-01	2035
6.863878152507571e-02	-2.402445441866277e-01	2036
-3.971201297533992e-02	-1.110395148636265e-01	2037
-3.203476961849396e-02	-1.266104485182849e-01	2038
3.833581627405492e-01	-3.433780669296669e-01	2039
5.339595920098084e-01	3.489352032177653e-01	2040
9.593789008409507e-01	1.710381114447075e-01	2041
9.409756307273790e-01	1.895221053322815e-01	2042
9.217135517308900e-01	2.066451869598627e-01	2043
9.014463386576874e-01	2.226310878185458e-01	2044
8.798567712739181e-01	2.376050889905887e-01	2045
8.563627173332112e-01	2.519563079340724e-01	2046
8.299525380179495e-01	2.663642141984875e-01	2047
8.005402167916446e-01	2.807157493690720e-01	2048
7.688597212389905e-01	2.943987609246111e-01	2049
7.356274468071062e-01	3.069413739356574e-01	2050
7.013745116154635e-01	3.181193650231272e-01	2051
6.670618428486503e-01	3.277044684297092e-01	2052
6.334383260548171e-01	3.356048310746485e-01	2053
6.001371636209567e-01	3.417923142876085e-01	2054
1.009569692327718e-01	2.618019941517320e-01	2055
8.132692865447597e-02	2.500591562709852e-01	2056
4.543900209497371e-01	-3.464170986266003e-01	2057
4.964321625520462e-01	-3.464213246209129e-01	2058
-3.019111756680106e-02	1.299836326893875e-01	2059
-3.510353962050954e-02	1.186762274990750e-01	2060
-4.021765572424256e-02	1.077734986517845e-01	2061
-4.404368423367287e-02	9.532923114026633e-02	2062
-4.734244770852361e-02	8.417630101351843e-02	2063
6.156265267775489e-02	2.370700093401606e-01	2064
1.134763549270668e-02	1.884026885051394e-01	2065
2.379088148227372e-02	2.017758236700612e-01	2066
-1.229380546431155e-02	1.598503764618257e-01	2067
-4.729742535198858e-04	1.756372011882155e-01	2068
4.994159830667941e-01	3.508384925091578e-01	2069
4.644422095419031e-01	3.514949769235481e-01	2070
4.286232100345920e-01	3.510255940388557e-01	2071
1.010179132082082e+00	8.478921806882557e-02	2072
1.007471216755496e+00	9.878888213515274e-02	2073
1.000390009151947e+00	1.141252158100652e-01	2074
5.701878752268186e-01	-3.427546615615481e-01	2075
6.078156849750406e-01	-3.382576896478348e-01	2076
6.454964556496382e-01	-3.315624946598448e-01	2077
1.744390020494639e-01	-2.964353898827306e-01	2078
2.093450172470151e-01	-3.090433622346514e-01	2079
2.445864799741948e-01	-3.189659860337248e-01	2080
2.788524384199239e-01	-3.268316717164976e-01	2081
3.145083938699663e-01	-3.339855705365067e-01	2082
3.498381063695897e-01	-3.395492799795783e-01	2083
1.013331399774041e+00	-4.010905469673861e-02	2084
1.009944456959460e+00	1.799523049737703e-02	2085
1.006439794128218e+00	-1.144828755468132e-02	2086
1.013159386917411e+00	-2.990643731414087e-02	2087
1.007108518840616e+00	-1.566839147566123e-02	2088
-6.363596744591495e-02	-6.265828544236673e-02	2089
5.712444250852140e-01	3.933752787443728e-01	2090
7.477196009485580e-01	-3.503931482103987e-01	2091
3.006103603266995e-01	3.817210491522297e-01	2092
1.012615085662744e+00	2.999395428926745e-02	2093
-6.381527585044487e-02	5.093261033064325e-02	2094
6.167433364973312e-02	-2.731544539607771e-01	2095
9.519063684822892e-01	-2.222730950665850e-01	2096
1.005426597422815e+00	-6.766127895266899e-03	2097
9.699374041893203e-01	-2.020065655904934e-01	2098
1.240153398156740e-01	3.165809792863051e-01	2099
1.021125205710021e+00	-4.839358694845324e-02	2100
7.119371548529044e-01	-3.624563062677880e-01	2101
-5.927964309544363e-02	-9.560542480116699e-02	2102
1.001917216673148e+00	2.507744100595667e-03	2103
1.002431476855981e+00	5.842378812522989e-04	2104
1.002216022948571e+00	1.603932348593744e-03	2105
1.020261167006907e+00	4.853240873319147e-02	2106
-1.186679743204959e-02	1.980887903505451e-01	2107
-3.344087063902010e-02	-1.656389110427603e-01	2108
-4.595154906636042e-02	1.407649138125341e-02	2109
6.742917601813594e-01	-3.730042436268377e-01	2110
4.341316238793853e-01	-3.933551029599840e-01	2111
1.021410923953260e+00	-9.221036942575343e-02	2112
1.022229376749286e+00	-8.215817359121325e-02	2113
1.423938360421227e-01	-3.229915581296490e-01	2114
3.961328638884384e-01	-3.911751696994956e-01	2115
-2.084840876076335e-02	-1.842613358416326e-01	2116
1.022456762598914e+00	6.920538158740391e-02	2117
1.022860298443880e+00	5.968587440164399e-02	2118
9.999733260806556e-01	1.539926021984153e-01	2119
3.709156210847778e-01	3.934931569483828e-01	2120
9.994046068429642e-01	-1.598425228543003e-01	2121
-4.247306986911809e-02	1.460984989467300e-01	2122
1.325388763513922e-02	2.288862930921123e-01	2123
4.077637544871895e-01	3.967544903482829e-01	2124
1.103260212264588e-01	-3.048481937904461e-01	2125
8.380828341145943e-02	-2.881904974682963e-01	2126
1.002686717998037e+00	4.659011738669112e-03	2127
1.002438425318572e+00	-5.581981083570080e-04	2128
1.006845622741604e+00	1.571141626047594e-02	2129
8.912420911427856e-01	-2.753172003473464e-01	2130
1.002235282867566e+00	-1.581447702770774e-03	2131
1.001947278519731e+00	-2.490595054123168e-03	2132
1.010992344319300e+00	2.362520054570254e-02	2133
1.003896221286296e+00	-6.112000119263378e-03	2134
1.005348752448650e+00	-9.062027767686420e-03	2135
1.006255891901567e+00	1.149909157973145e-02	2136
1.005324603537157e+00	6.818415243902757e-03	2137
1.574730610321109e-01	3.347173225718788e-01	2138
-6.336888005335956e-02	6.097080230302687e-02	2139
3.354363795708195e-01	3.885478070918376e-01	2140
9.861206320313007e-01	-1.808263750128097e-01	2141
3.612786179229654e-01	-3.871911555886333e-01	2142
-3.425794445226868e-02	1.633544311254934e-01	2143
-5.410435445574070e-02	2.629449009437201e-02	2144
-4.613780083918781e-02	-1.534968731742783e-02	2145
1.003808688347547e+00	6.143702759376733e-03	2146
1.001651006595944e+00	-4.277274472132497e-03	2147
1.005209378747182e+00	9.105371246592312e-03	2148
1.002748508611726e+00	-4.638136467305242e-03	2149
1.002207506727657e+00	-3.226405659584739e-03	2150
1.012597829244189e+00	4.014976295116750e-02	2151
1.001598158469876e+00	4.284831957083460e-03	2152
9.135939593468585e-01	-2.578918340535909e-01	2153
9.332570386356366e-01	-2.406693414321830e-01	2154
-6.409549513526930e-02	-5.253857173623632e-02	2155
-5.435519839151789e-02	-2.763539251013324e-02	2156
1.011410925298628e+00	-2.354233610996352e-02	2157
1.002167161135069e+00	3.244819700158571e-03	2158
-4.250490203006788e-02	-5.726901215103929e-04	2159
-6.250462348676869e-02	-7.239226446470717e-02	2160
-6.136934185316283e-02	-8.298902430211921e-02	2161
-6.226267351726217e-02	7.064023783578635e-02	2162
1.940520987881314e-01	3.507346927389132e-01	2163
2.661362336708506e-01	3.731445534953388e-01	2164
2.312963466325213e-01	3.635941493173730e-01	2165
-7.961768149525697e-03	-2.034035298296644e-01	2166
1.010254627271293e+00	-1.790874016486751e-02	2167
7.809012626505176e-01	-3.372965322220504e-01	2168
8.111957986527338e-01	-3.234967418581649e-01	2169
8.392284361330482e-01	-3.088150543894324e-01	2170
8.660263125691195e-01	-2.926763415439283e-01	2171
-4.418880519982617e-02	-6.034104103475046e-03	2172
-6.403794335455029e-02	-4.234729672159573e-02	2173
-6.376106297627296e-02	4.083395694627680e-02	2174
1.009367144094069e+00	-1.402278546170673e-01	2175
1.016077050165449e+00	-1.227125194866352e-01	2176
1.018681064755819e+00	-1.071999270845155e-01	2177
1.023912843547212e+00	-5.954501705294066e-02	2178
1.023658478575337e+00	-6.911825340290802e-02	2179
5.462252796614471e-03	-2.199081909958977e-01	2180
2.177425579933166e-02	-2.381044159826262e-01	2181
4.086555996942243e-02	-2.565062513282145e-01	2182
-5.608269573172479e-02	-1.085666598523144e-01	2183
-5.094400508042778e-02	-1.260038703559750e-01	2184
-4.333880557202605e-02	-1.437161364392311e-01	2185
9.857799148311334e-01	1.770556779764971e-01	2186
9.691178041820463e-01	1.994968788571507e-01	2187
9.508785287950594e-01	2.205179552993082e-01	2188
9.312749516234248e-01	2.401865235113023e-01	2189
9.099992056883903e-01	2.587383719917586e-01	2190
8.868091814144375e-01	2.763259917964641e-01	2191
8.611478003530638e-01	2.933771827829744e-01	2192
8.323897366886874e-01	3.103010689329273e-01	2193
8.007321869027746e-01	3.267417160605681e-01	2194
7.668989780841864e-01	3.420547629764882e-01	2195
7.316124297047892e-01	3.558119992927694e-01	2196
6.957148685744651e-01	3.677383356229715e-01	2197
6.600520640242338e-01	3.776747821172009e-01	2198
6.244837501834011e-01	3.856220303856194e-01	2199
3.267259917903755e-02	2.505546520586494e-01	2200
9.572864702770556e-02	2.981124212060252e-01	2201
7.445748800307475e-02	2.839337055665287e-01	2202
4.755065860630078e-01	-3.941258629012773e-01	2203
5.173934809292051e-01	-3.938419818540013e-01	2204
-4.833099477139152e-02	1.311530600909315e-01	2205
-5.240988849771797e-02	1.201328266999495e-01	2206
-5.629840809212846e-02	1.058984562850547e-01	2207
-5.916103642461245e-02	9.371808193779611e-02	2208
-6.117149544713477e-02	8.117471134386889e-02	2209
5.443480855830929e-02	2.695695756123907e-01	2210
-7.620959487107375e-04	2.121964253068803e-01	2211
-2.354277778278089e-02	1.806207532357055e-01	2212
5.184333886455246e-01	3.977918999021479e-01	2213
4.820130482445895e-01	3.988242924014334e-01	2214
4.452068807555922e-01	3.985051248795461e-01	2215
1.010562193955350e+00	1.319523020077921e-01	2216
1.020741877215342e+00	8.241268234285888e-02	2217
1.019403775872178e+00	9.389261771917252e-02	2218
1.015184922724636e+00	1.117073649029313e-01	2219
5.567112811541594e-01	-3.918869625362599e-01	2220
5.948603515000577e-01	-3.881808063182888e-01	2221
6.351286114299278e-01	-3.817333613216796e-01	2222
1.779645821436049e-01	-3.396649974380221e-01	2223
2.152956535994767e-01	-3.536879419668926e-01	2224
2.518239303219179e-01	-3.643727273662415e-01	2225
2.877980141557872e-01	-3.733379315285723e-01	2226
3.249906121435213e-01	-3.812509540737165e-01	2227
7.070952592670504e-01	-4.173692931187220e-01	2228
1.003119561586914e+00	3.697536234420874e-03	2229
-6.326801917684145e-02	1.456097130455874e-01	2230
-7.572951002552315e-02	6.724945457925571e-02	2231
-7.515425285894894e-02	7.727363882147342e-02	2232
1.011904878723493e+00	-2.050763183694760e-02	2233
-5.408875407443529e-02	-1.876232792096361e-02	2234
7.822107430646146e-01	-3.891322746437115e-01	2235
8.119149817973235e-04	2.595720496570632e-01	2236
9.016473680859401e-01	-3.175131938014393e-01	2237
1.063808751310550e-01	-3.480013452284300e-01	2238
1.009723260952576e+00	1.505744923880611e-02	2239
1.018600354394493e+00	-4.285535388063775e-02	2240
1.012811715660701e+00	2.718249843843194e-02	2241
1.007825797413712e+00	1.300234103794263e-02	2242
1.582768628530669e-01	3.822379667037223e-01	2243
1.003660094572795e+00	5.061063418645455e-03	2244
1.016133264522119e+00	3.498371726957900e-02	2245
-5.258909703237418e-02	-9.176217820281107e-03	2246
1.002908903081790e+00	2.227296581896900e-04	2247
1.002911493500116e+00	-1.907950408273625e-04	2248
1.016767626540211e+00	-3.485959825811211e-02	2249
2.713908339655599e-01	4.240984857354945e-01	2250
-7.262446420938594e-02	-1.056345475370839e-01	2251
-5.389193926164358e-02	1.747896754868925e-02	2252
-4.374553462083821e-02	6.371447727659525e-03	2253
1.032101361249905e+00	-8.802991612041773e-02	2254
1.031987635541938e+00	-7.664890378801621e-02	2255
4.120668815174961e-01	-4.445440876618777e-01	2256
7.669919483100839e-02	-3.278744348008729e-01	2257
-6.377592013723701e-02	-3.178865919314811e-02	2258
3.841465530831769e-01	4.464683891831728e-01	2259
8.900593960905931e-02	3.391808958045714e-01	2260
-4.838752281679277e-02	1.840802104328352e-01	2261
-7.566524098787542e-02	5.644993880249163e-02	2262
-3.779298135014800e-02	2.027881003650175e-01	2263
4.232301800095445e-01	4.499520841039739e-01	2264
3.080860821157695e-01	4.336715575121314e-01	2265
1.024025739711862e+00	5.504574076265416e-02	2266
7.459256231184005e-01	-4.040227203302068e-01	2267
9.992815227170990e-01	-2.077549467838755e-01	2268
5.233842887061680e-02	-3.097849119479292e-01	2269
1.013300679570734e+00	-2.708193380375327e-02	2270
1.008039849748342e+00	-1.293104507901639e-02	2271
6.528090595300688e-01	4.333855346538663e-01	2272
6.662416069687336e-01	-4.287096125893756e-01	2273
9.833344997885393e-01	-2.321868669084380e-01	2274
1.012427965034769e+00	-1.828630200169102e-01	2275
1.212535397918990e-01	3.613698684974150e-01	2276
1.002667515759481e+00	1.171926162344614e-03	2277
1.002361001757387e+00	2.148435755426465e-03	2278
1.020109479587872e+00	1.502239300743034e-01	2279
1.024996959168958e+00	-5.487167046446023e-02	2280
1.030653189386447e+00	6.480417496115350e-02	2281
1.417436156953161e-01	-3.692513061828521e-01	2282
3.727486250265857e-01	-4.402704382776156e-01	2283
1.031768368002505e+00	-6.455716433649480e-02	2284
-5.678363659566831e-02	1.634849662501604e-01	2285
-7.593410574306214e-02	-6.897021855443523e-02	2286
-7.532605599630114e-02	-7.904141872288449e-02	2287
1.002681926911819e+00	-1.143438458728832e-03	2288
1.002125017809463e+00	-3.998614744497307e-03	2289
1.003730590239840e+00	-5.027937403059295e-03	2290
1.002387361811919e+00	-2.125074965137097e-03	2291
1.011543464407235e+00	2.061254941627566e-02	2292
1.006096068910908e+00	-7.922659433607546e-03	2293
3.456674208223420e-01	4.411156973226846e-01	2294
1.005973698600382e+00	7.981519436375714e-03	2295
1.003168510549435e+00	-3.667859013503684e-03	2296
1.017829218291966e+00	4.297326672825318e-02	2297
9.258490512701976e-01	-2.967539269234948e-01	2298
9.468700583453963e-01	-2.761444302176321e-01	2299
9.657123704880421e-01	-2.550231175846292e-01	2300
-7.534293532816833e-02	-4.735414614319773e-02	2301
-7.589553596765636e-02	-5.810296715993728e-02	2302
-7.510071102878550e-02	4.577727747919883e-02	2303
1.009977602960953e+00	-1.496284744438553e-02	2304
1.002074322967790e+00	4.013482375693780e-03	2305
-7.466068193101824e-02	-9.155576292036867e-02	2306
1.976373847847356e-01	4.000288346048226e-01	2307
2.360264342335886e-01	4.136933100378119e-01	2308
-4.645599153711145e-02	-1.875708411172393e-01	2309
-3.485246786311093e-02	-2.071234336056370e-01	2310
8.155232013255435e-01	-3.731474185253537e-01	2311
8.461148994925527e-01	-3.561079041645125e-01	2312
8.747755795962148e-01	-3.375918093246764e-01	2313
-5.002719041936876e-02	-1.270258727733170e-03	2314
-6.353001541003610e-02	3.038051401621878e-02	2315
1.019638109226150e+00	-1.578292362324373e-01	2316
1.026959825174090e+00	-1.369584592921792e-01	2317
1.031466363115207e+00	-1.018039186274138e-01	2318
1.030638300801680e+00	-1.171907138449556e-01	2319
-2.234396150739208e-02	-2.283070749090817e-01	2320
3.012165314066430e-02	-2.904500692339227e-01	2321
-8.174969114204726e-03	-2.479343755143552e-01	2322
9.846725546558662e-03	-2.688853355631718e-01	2323
-6.965490313102718e-02	-1.218183508737749e-01	2324
-6.448309866288379e-02	-1.420259172922638e-01	2325
-5.695019776070472e-02	-1.626727564291996e-01	2326
1.012383709833245e+00	1.777541526607824e-01	2327
9.986711832885286e-01	2.043542865193911e-01	2328
9.824853929449209e-01	2.299244013855610e-01	2329
9.643196246258975e-01	2.540278787446720e-01	2330
9.440167678440493e-01	2.769121892332135e-01	2331
9.214213284721000e-01	2.986831317158741e-01	2332
8.963020090202864e-01	3.194802712972495e-01	2333
8.682525947641447e-01	3.396944873192463e-01	2334
8.369218306831865e-01	3.594576485087728e-01	2335
8.026768296934833e-01	3.782327196845914e-01	2336
7.663191966767536e-01	3.953443629226211e-01	2337
7.287539029691902e-01	4.103616867390834e-01	2338
6.908677643150790e-01	4.230432025853254e-01	2339
6.041883266591757e-01	4.424637727999060e-01	2340
2.219266859519715e-02	2.845302303826285e-01	2341
6.477530476968579e-02	3.214998821982175e-01	2342
4.538249624734302e-01	-4.466557944421570e-01	2343
4.968593833918399e-01	-4.472847479758872e-01	2344
-7.042626568749964e-02	1.173927319105272e-01	2345
-7.272141162743172e-02	1.033107431196366e-01	2346
-7.455228641940770e-02	8.972541034071786e-02	2347
4.414863179235690e-02	3.050789637893749e-01	2348
-1.539715449960391e-02	2.387320736241741e-01	2349
-2.680516401950454e-02	2.212874468781557e-01	2350
5.479799546532371e-01	4.486611815035805e-01	2351
4.815771401860626e-01	4.512250398076229e-01	2352
1.030657260055426e+00	7.701298121964066e-02	2353
1.030446195202549e+00	8.940228193856251e-02	2354
1.026709603639654e+00	1.250972117209326e-01	2355
1.028924233293243e+00	1.056156412552581e-01	2356
5.397820820811164e-01	-4.462541170179395e-01	2357
5.810515694039966e-01	-4.432997983005800e-01	2358
6.235239231598804e-01	-4.376308350387406e-01	2359
1.804383815427083e-01	-3.882253970395946e-01	2360
2.200222564795617e-01	-4.036686186647976e-01	2361
2.578884549891530e-01	-4.152460993541079e-01	2362
2.958795636255722e-01	-4.254460931844655e-01	2363
3.347811047098861e-01	-4.341092559109839e-01	2364
1.012640628571013e+00	1.712956153875253e-02	2365
1.025058292622784e+00	-4.325051039426153e-02	2366
1.022561216568220e+00	-3.774240282499012e-02	2367
-6.309441694926191e-02	-2.199469370802404e-02	2368
1.004805812660877e+00	-5.419473859264473e-03	2369
-8.808742619377315e-02	5.039443914358883e-02	2370
2.569795826083459e-01	4.753609289115632e-01	2371
8.217297090033098e-01	-4.288412760738308e-01	2372
3.860169378413099e-01	-4.998519342132049e-01	2373
-5.562700598930154e-02	2.258744815006432e-01	2374
-8.926302509960755e-02	6.172787568717165e-02	2375
3.980279292887641e-01	5.045053322315802e-01	2376
1.000757615102588e+00	-2.639458543251700e-01	2377
1.008442974555604e+00	-1.089018447950892e-02	2378
1.013337595291185e+00	-1.777329427357389e-02	2379
1.012537310369342e+00	-1.621196614289249e-02	2380
5.256201627642446e-02	3.635535663493064e-01	2381
-3.219613912887603e-02	2.684907830840895e-01	2382
1.003031857979583e+00	7.570615606015846e-04	2383
1.002840206219640e+00	1.763965757946176e-03	2384
1.043428581371675e+00	-1.298196080393589e-01	2385
1.006930256042324e+00	-9.285168934062300e-03	2386
1.006865939677820e+00	-6.704847724824502e-03	2387
1.006783246954479e+00	9.352581717301786e-03	2388
1.010285343968801e+00	1.263872587082090e-02	2389
1.002862379807246e+00	-1.734009114810812e-03	2390
1.003041283053330e+00	-7.237510187304209e-04	2391
-6.230498373472681e-02	-1.260570231818765e-02	2392
-5.869031085048995e-02	-2.852538931375006e-03	2393
1.169911896182437e-01	4.117466429656778e-01	2394
7.449097970108611e-01	-4.642084132603013e-01	2395
9.414874333820237e-01	-3.395766787950489e-01	2396
1.027724459393154e+00	4.859027650787668e-02	2397
-8.822145359129385e-02	-1.166816666139785e-01	2398
4.298811760392787e-01	-5.041339927983116e-01	2399
-8.605195431892314e-02	1.363267136114177e-01	2400
-8.976996639271573e-02	7.304966754646589e-02	2401
-9.000123366328566e-02	8.419829602238452e-02	2402
-1.404661291022821e-02	2.938775219888167e-01	2403
3.565900618092414e-01	4.991514973175178e-01	2404
1.040858016847693e+00	-7.045399480824166e-02	2405
1.395909150497222e-01	-4.212292609072869e-01	2406
9.154519038860088e-01	-3.641125312766960e-01	2407
1.005757644781181e-01	-3.965214046041995e-01	2408
6.739791448128979e-02	-3.724931768941587e-01	2409
4.030358331657038e-02	-3.505468314804282e-01	2410
7.022001884913468e-01	-4.789316690377209e-01	2411
7.848884547632208e-01	-4.473347631495634e-01	2412
1.643435092764059e-02	-3.278292187516185e-01	2413
1.575715335745791e-01	4.355067809389091e-01	2414
1.004185587705216e+00	4.064381427686947e-03	2415
1.004726552387799e+00	5.466847599135721e-03	2416
1.003496818076509e+00	1.965256831435542e-05	2417
-8.986079973546018e-02	-1.008123395817571e-01	2418
-6.289207556206296e-02	2.066460343339011e-02	2419
1.038819310824613e+00	1.418286337708908e-01	2420
1.042270607971679e+00	-8.225047692743701e-02	2421
8.062542610932744e-02	3.855970262710617e-01	2422
-6.526709838226266e-02	2.059734613118676e-01	2423
-7.443876073644767e-02	-3.573911013550648e-02	2424
3.156341967602997e-01	4.914113798726788e-01	2425
1.041394922645582e+00	9.866515583244109e-02	2426
1.016035174792886e+00	-2.362005834680446e-01	2427
1.015016696801673e+00	-2.313144240605960e-02	2428
1.010496731058207e+00	-1.252608660595830e-02	2429
1.030198650242037e+00	-2.082535136669132e-01	2430
1.002731532265776e+00	2.824443683433041e-03	2431
1.028581111652431e+00	-4.832295874388456e-02	2432
-7.390695526798366e-02	1.824479434552868e-01	2433
-8.034643560407952e-02	1.618931137910984e-01	2434
-8.943347193660978e-02	-6.343204375387944e-02	2435
1.002767485859051e+00	-2.797755591050701e-03	2436
1.004242208994844e+00	-4.021135319963205e-03	2437
1.014603305934973e+00	2.328092830262344e-02	2438
1.008264526679294e+00	1.097572230029805e-02	2439
1.006761737252150e+00	6.779057400785094e-03	2440
1.024286966300525e+00	4.347920634783362e-02	2441
1.021886730740396e+00	3.795248246515422e-02	2442
9.640705432489148e-01	-3.148131210098097e-01	2443
9.835039292264185e-01	-2.899571750464816e-01	2444
-8.828075727259838e-02	-5.203652262138946e-02	2445
-8.990576203601877e-02	-7.480688071860798e-02	2446
-9.009100043632350e-02	-8.599654790930811e-02	2447
1.992733559984314e-01	4.550308608908249e-01	2448
-3.970030334548925e-02	-2.552617350646657e-01	2449
8.554609019386552e-01	-4.089466781011004e-01	2450
8.866042099077848e-01	-3.874348434830572e-01	2451
-5.273773360803315e-02	7.644065806200869e-03	2452
-7.420585521295502e-02	3.426097675935053e-02	2453
1.043266518333962e+00	-9.545934407547978e-02	2454
1.034801227746800e+00	-1.757737523136681e-01	2455
1.039248042382422e+00	-1.530302661520286e-01	2456
1.044071472885062e+00	-1.102100231421180e-01	2457
-6.297394015794631e-02	-2.101802181036816e-01	2458
-5.246034713162498e-02	-2.313484664510737e-01	2459
-2.428338772606005e-02	-2.793815948957707e-01	2460
-5.357899252717957e-03	-3.028120098790119e-01	2461
-8.552139459398314e-02	-1.363932439477273e-01	2462
-8.003333911814937e-02	-1.591011487586971e-01	2463
-7.299892224711578e-02	-1.836928072171671e-01	2464
1.034472824032598e+00	1.692910417857585e-01	2465
1.024886946118455e+00	2.012455728407559e-01	2466
1.015165107075665e+00	2.330466211401434e-01	2467
9.996898243212253e-01	2.622258845800529e-01	2468
9.814190830553063e-01	2.902010152313755e-01	2469
9.602478593189340e-01	3.170610949360195e-01	2470
9.360511225922865e-01	3.427936526903206e-01	2471
9.087699192847972e-01	3.674645215674135e-01	2472
8.780542425636937e-01	3.913822219481694e-01	2473
8.437822759943497e-01	4.143958184332644e-01	2474
8.065211587735180e-01	4.358063409881189e-01	2475
7.672721683745850e-01	4.548941602761731e-01	2476
7.270156080377630e-01	4.712654780835072e-01	2477
6.859319315162870e-01	4.838140947775138e-01	2478
6.381674737540687e-01	4.964372065968596e-01	2479
4.744163661963980e-01	-5.061421538261830e-01	2480
-8.865271055187889e-02	1.131023950935191e-01	2481
-8.989342737843770e-02	9.867264997230675e-02	2482
3.065976644721460e-02	3.431266067659335e-01	2483
8.296918318662303e-03	3.213269787957764e-01	2484
-4.529125091729896e-02	2.458077952395692e-01	2485
5.812297582653956e-01	5.047874473578013e-01	2486
5.156033273883817e-01	5.091751572062022e-01	2487
4.500422911765922e-01	5.091927410398820e-01	2488
1.039666198510137e+00	7.093511435900088e-02	2489
1.040870853975362e+00	8.342003895082201e-02	2490
1.041375093105386e+00	1.169860122195296e-01	2491
5.197334920309411e-01	-5.062495782792608e-01	2492
6.569822358056477e-01	-4.910054686571534e-01	2493
5.646769033517590e-01	-5.041933319120061e-01	2494
6.102024719991871e-01	-4.996159399225329e-01	2495
1.814425108873609e-01	-4.426240329991066e-01	2496
2.231833122704244e-01	-4.595164897971810e-01	2497
2.626006262791148e-01	-4.722133814660756e-01	2498
3.030427728562784e-01	-4.837538361209730e-01	2499
3.445297734863380e-01	-4.927846984607144e-01	2500
1.014936859565710e+00	1.969936200955286e-02	2501
5.450936397147678e-01	-5.708569875671633e-01	2502
1.010473768056682e+00	1.035433695291157e-02	2503
5.562509281427332e-02	-4.226337509993917e-01	2504
1.031964038131414e+00	5.529322695950384e-02	2505
-1.068881214669929e-01	1.268498980815601e-01	2506
-1.049848938789872e-01	1.539105522185998e-01	2507
4.171996581944365e-01	5.711726419505603e-01	2508
2.526556070863464e-02	-3.959357486580017e-01	2509
1.040942201865501e+00	-6.031687658284481e-02	2510
8.674405399787232e-01	-4.679369118992818e-01	2511
-1.063030767821731e-01	-1.289838419061265e-01	2512
-1.030270421878873e-01	-5.624314156607130e-02	2513
1.107748160108144e-01	4.682238391543853e-01	2514
1.039980960701603e+00	6.082491072809250e-02	2515
1.015219795289120e+00	-2.050832802523823e-02	2516
1.008725106983392e+00	9.069976401383430e-03	2517
1.007573388721132e+00	8.041989396757900e-03	2518
1.007699885537813e+00	-7.958523630506753e-03	2519
-1.046908127546478e-01	6.666486879397847e-02	2520
3.782963577760506e-02	4.109272411141838e-01	2521
1.037115617512563e+00	-2.659708762365476e-01	2522
-7.319062697473847e-02	-2.501191760075037e-02	2523
9.610344984081733e-01	-3.865205934355778e-01	2524
-6.322365257362488e-04	-3.689100137202911e-01	2525
-8.649147793144241e-02	-3.928277964392676e-02	2526
1.547320660981458e-01	4.949648481647054e-01	2527
-8.572929413060977e-02	2.281292465076406e-01	2528
1.058410756003017e+00	-1.205135079724331e-01	2529
4.728983411511600e-01	-5.712998093526861e-01	2530
4.014263739082397e-01	-5.661809216141744e-01	2531
7.442609958357771e-01	-5.318002664200870e-01	2532
9.267065544233276e-02	-4.510003220094403e-01	2533
1.028833335911301e+00	-3.821828334087641e-02	2534
1.031857407529035e+00	-4.228029248735876e-02	2535
1.021161511766283e+00	3.232378011889971e-02	2536
1.016979382411437e+00	2.672867091360234e-02	2537
-7.259425307045585e-02	-1.650572305107485e-02	2538
-1.069719181582949e-01	-1.104537020215001e-01	2539
-8.629451126378596e-02	3.772591085768835e-02	2540
3.466072691554892e-01	5.578987378713499e-01	2541
8.299557153926613e-01	-4.913116532063353e-01	2542
1.022246687035063e+00	-2.970154431966818e-01	2543
1.006119728916498e+00	-5.579714872953920e-03	2544
1.008870965328864e+00	-8.971093388625034e-03	2545
1.195062439802623e-02	3.849611151230674e-01	2546
-5.175433185335372e-02	3.015656083361314e-01	2547
1.003749662438415e+00	3.047797936986806e-03	2548
1.003312990046613e+00	1.328681971895027e-03	2549
1.012429995299360e+00	-1.421511280011752e-02	2550
1.012184584889605e+00	1.435344330317407e-02	2551
1.005427148529460e+00	-4.357099685805539e-03	2552
1.003330017184177e+00	-1.292256923752576e-03	2553
6.963601121318832e-01	-5.479853945640930e-01	2554
1.032927075719272e+00	-5.498085298108762e-02	2555
-1.069625031093046e-01	9.151832055954219e-02	2556
1.055580054865826e+00	1.311124385070921e-01	2557
1.051627203743587e+00	-7.515993948940194e-02	2558
7.888658799334498e-01	-5.127028044799535e-01	2559
1.006035122074985e+00	5.645737359276814e-03	2560
1.005362999850533e+00	4.416139497314875e-03	2561
-6.872617474853748e-02	-4.684655729021454e-03	2562
7.024197431453250e-02	4.379297664815565e-01	2563
-1.028881533936420e-01	5.453764864329235e-02	2564
2.695346870859173e-01	5.413109693001243e-01	2565
1.056542372387963e+00	-1.021441645041096e-01	2566
1.017458381418130e+00	-2.654949803996821e-02	2567
1.021735455779897e+00	-3.210441068404946e-02	2568
1.010644666967760e+00	-1.023150564409138e-02	2569
1.045975024221786e+00	-2.338902604331615e-01	2570
1.002990279151645e+00	2.441485949715660e-03	2571
-9.394279446901208e-02	2.031061953394008e-01	2572
-9.957383101964661e-02	1.791607040526045e-01	2573
-1.047961933300306e-01	-6.842668040928776e-02	2574
1.003021622033078e+00	-2.410679964249136e-03	2575
1.003790687801626e+00	-3.008211766607990e-03	2576
1.031105817064083e+00	4.262632709714407e-02	2577
1.028151251261473e+00	3.853038993108290e-02	2578
9.851886013075110e-01	-3.568587884694170e-01	2579
1.005383732051607e+00	-3.271853881586512e-01	2580
-1.069490132561741e-01	-9.354314517448559e-02	2581
-1.058442710154181e-01	-8.005965601282958e-02	2582
-1.057819627214324e-01	7.825672349229126e-02	2583
2.082666809736827e-01	5.197933221279243e-01	2584
9.017469427659205e-01	-4.427900922767145e-01	2585
9.330319126969893e-01	-4.154886920806842e-01	2586
-6.245004273476278e-02	8.511368024693728e-03	2587
-7.298838154518002e-02	2.361767662065931e-02	2588
1.054141116200633e+00	-1.950847570353726e-01	2589
1.055853894167657e+00	-1.681103101849466e-01	2590
1.057855803345073e+00	-1.444343274026133e-01	2591
-8.336944190073688e-02	-2.331198336914717e-01	2592
-7.351241408196910e-02	-2.574867159641578e-01	2593
-5.994152208135897e-02	-2.846780578439266e-01	2594
-4.348230021819968e-02	-3.136275989532845e-01	2595
-2.392710109071435e-02	-3.403107069003176e-01	2596
-9.242162437382059e-02	-2.057808527206380e-01	2597
-1.040640257425098e-01	-1.526120893838242e-01	2598
-9.894219272351396e-02	-1.774763104150338e-01	2599
1.054725747238906e+00	1.585782580093122e-01	2600
1.050066444613245e+00	1.915863474141045e-01	2601
1.043798843741804e+00	2.246924026402225e-01	2602
1.037601764450583e+00	2.640573543094301e-01	2603
1.020770646531052e+00	2.964264548860095e-01	2604
1.002427858721812e+00	3.291226718953486e-01	2605
9.802881008035009e-01	3.608859453838335e-01	2606
9.543627799881095e-01	3.913904029250458e-01	2607
9.246524905758354e-01	4.207233002368618e-01	2608
8.908809784695385e-01	4.490069061837267e-01	2609
8.531933309813754e-01	4.757669273699388e-01	2610
8.124451193603281e-01	5.001421387607882e-01	2611
7.698092245870468e-01	5.214164910972351e-01	2612
7.238081662931194e-01	5.376346855761552e-01	2613
6.777135878399331e-01	5.537814296189787e-01	2614
-1.072213456895190e-01	1.073896717003369e-01	2615
-3.232172588559813e-02	3.314461369821075e-01	2616
-8.858355101411114e-03	3.611779804647963e-01	2617
-6.655988351797462e-02	2.731415351240776e-01	2618
-7.740724369307421e-02	2.497670535147369e-01	2619
6.179906970819429e-01	5.665135446601308e-01	2620
5.513718497996778e-01	5.731106922119790e-01	2621
4.814927459493235e-01	5.748917727697359e-01	2622
1.052727610513068e+00	9.069564983359160e-02	2623
1.050425914897566e+00	7.623419835739798e-02	2624
1.054133741672240e+00	-8.800995950950505e-02	2625
1.054772627180126e+00	1.079158792747933e-01	2626
5.940208827393841e-01	-5.680825058602457e-01	2627
6.455274228019068e-01	-5.604933381801261e-01	2628
1.355362836603290e-01	-4.794801312413091e-01	2629
1.805517437915425e-01	-5.034218659810921e-01	2630
2.243907677679712e-01	-5.218501136312419e-01	2631
2.658724100117309e-01	-5.360220620560411e-01	2632
3.324618095732365e-01	-5.529515603498051e-01	2633
1.010632197974989e+00	8.309674767831855e-03	2634
-1.006402072352233e-01	-4.375249073803424e-02	2635
1.026431088546434e+00	3.451110516656419e-02	2636
1.018365369445863e+00	2.240004674910143e-02	2637
6.934309694920647e-03	-4.465258853270474e-01	2638
-8.422352015247678e-02	-2.380380395507199e-02	2639
7.938156366426449e-01	-5.862112483329965e-01	2640
-2.119466996517779e-02	-4.138165364920746e-01	2641
-7.258614427079749e-02	8.647330150911015e-03	2642
1.010615252068858e+00	-4.023512869188217e-01	2643
9.203613180259445e-01	-5.043463391254331e-01	2644
7.431235815063745e-01	-6.078147751619402e-01	2645
4.109180837876520e-02	-4.789537093685819e-01	2646
-1.272512666143679e-01	-1.426381297413468e-01	2647
1.015392113427196e+00	1.594806007901661e-02	2648
5.091920861325959e-01	-6.447989175443446e-01	2649
-1.241061724015234e-01	8.326131419743790e-02	2650
1.022885170438263e+00	-2.678756731840235e-02	2651
1.007531335992740e+00	-5.454652797313860e-03	2652
1.007446060944153e+00	5.542010759518485e-03	2653
1.006736133915338e+00	-4.423734769843255e-03	2654
-8.008930317782777e-02	-7.508499899620298e-03	2655
-9.453892712740795e-03	4.318820994153117e-01	2656
5.738334078278096e-02	4.967514658234499e-01	2657
1.027042902503925e+00	-3.421313810184268e-02	2658
1.015004149944710e+00	-1.508119505468219e-02	2659
1.003533200419102e+00	1.992114666919048e-03	2660
1.012761928063356e+00	-1.161862288713269e-02	2661
-1.163043304106692e-01	-2.284570261513766e-01	2662
-1.269290972853334e-01	-1.202723073186239e-01	2663
-1.261934645992755e-01	9.908801010141570e-02	2664
-1.288361977120976e-01	1.419108619769518e-01	2665
1.003746497490374e+00	-7.234882429347389e-04	2666
1.040352077591069e+00	5.174809808431526e-02	2667
6.883093205275203e-01	-6.254021331542344e-01	2668
1.048182016419487e+00	-3.313922894827291e-01	2669
9.849536559196580e-01	-4.378048162724372e-01	2670
-1.273678094638558e-01	1.174085847872676e-01	2671
1.019959972956804e-01	5.312891681676608e-01	2672
-1.105053033626764e-01	2.500099277911274e-01	2673
1.035442294157164e+00	4.857875451151984e-02	2674
1.050003879264283e+00	-6.476734179781321e-02	2675
5.734726040018095e-01	-6.408669924789351e-01	2676
-1.197191980893280e-01	-5.997171259817819e-02	2677
1.012562902661404e+00	1.177104453218558e-02	2678
4.438916027130951e-01	6.455209473234247e-01	2679
-1.260958099995419e-01	-1.018322949827793e-01	2680
1.547641892917932e-01	5.636001311372649e-01	2681
1.069046193841762e+00	-2.575600284153802e-01	2682
1.016681160692409e+00	-1.748787624215229e-02	2683
1.009183684033509e+00	7.398133653378765e-03	2684
1.008341126207736e+00	6.657557948117501e-03	2685
1.008446001465277e+00	-6.559016478256643e-03	2686
1.009302188066153e+00	-7.288012358373300e-03	2687
2.054667104918214e-02	4.642113233027043e-01	2688
1.058842876319342e+00	-2.955339717168567e-01	2689
-5.413975791862832e-02	3.726023086208264e-01	2690
-3.238509809922922e-02	4.025584512005301e-01	2691
1.066839357957672e+00	9.782013727231521e-02	2692
1.071874329969742e+00	-1.098796375909464e-01	2693
8.824557752659284e-01	-5.339713277260997e-01	2694
1.022405961616378e+00	2.705106760542045e-02	2695
-1.196344048648569e-01	5.819093373062675e-02	2696
8.402219509156633e-01	-5.614430334926699e-01	2697
-7.488664246076547e-02	3.377157219494341e-01	2698
1.003736607084250e+00	7.656981412986464e-04	2699
1.010767876034933e+00	-8.179152739948537e-03	2700
1.004891112206166e+00	3.289927134516121e-03	2701
1.006668581857578e+00	4.501514914745963e-03	2702
1.004937526027289e+00	-3.235312596579415e-03	2703
1.041179933191479e+00	-5.123380762318034e-02	2704
1.036288271369554e+00	-4.818856569743696e-02	2705
3.675402063983569e-01	6.339188529919610e-01	2706
1.070398770200403e+00	1.190860690368353e-01	2707
1.049102614509156e+00	6.560071815996273e-02	2708
-1.004859353984400e-01	4.211502661612949e-02	2709
2.927996031351376e-01	6.159815531584307e-01	2710
-1.179402139350814e-01	2.247688497653547e-01	2711
-1.225562099738794e-01	1.971345241716053e-01	2712
-1.260033693318443e-01	1.715491858610291e-01	2713
1.003559284370787e+00	-1.953588811048517e-03	2714
1.034417004427584e+00	3.714116901328591e-02	2715
1.035072002640566e+00	-3.672570435458902e-02	2716
1.031511786908158e+00	-3.667762517812258e-01	2717
-1.240930854501242e-01	-8.524587691182089e-02	2718
-1.221410149101944e-01	-7.265595130282546e-02	2719
-1.221018190950393e-01	7.082578038120242e-02	2720
2.164289134307211e-01	5.922402625413538e-01	2721
9.547505714134709e-01	-4.721160950461612e-01	2722
-8.427989776102228e-02	2.614422696973654e-02	2723
1.074578516360669e+00	-2.196921268534072e-01	2724
1.074700441602472e+00	-1.328866035270375e-01	2725
1.076440233948932e+00	-1.829732204192767e-01	2726
1.075862342474541e+00	-1.579089135171970e-01	2727
-1.076666316984030e-01	-2.567461402031346e-01	2728
-9.809578311298074e-02	-2.862622977185882e-01	2729
-4.628263994436433e-02	-3.816329404692025e-01	2730
-8.414182269181035e-02	-3.170640766076948e-01	2731
-6.664364129261707e-02	-3.505118563172377e-01	2732
-1.249784771391556e-01	-1.695936243327650e-01	2733
-1.214227285929600e-01	-1.972002705191949e-01	2734
1.073039197611523e+00	1.455413676612862e-01	2735
1.073074325885697e+00	1.781886373603977e-01	2736
1.070838790015824e+00	2.128977497596174e-01	2737
1.068186148961774e+00	2.490139292876976e-01	2738
1.057833600494023e+00	2.954681993896580e-01	2739
1.046643541987689e+00	3.329273889670891e-01	2740
1.027637396997349e+00	3.709073175556987e-01	2741
1.004552716114062e+00	4.085456549467625e-01	2742
9.768348102469452e-01	4.448330621756790e-01	2743
9.443540229658163e-01	4.797782766035673e-01	2744
9.070323060462641e-01	5.132213458614243e-01	2745
8.653650959925470e-01	5.443022628550822e-01	2746
8.204460740964166e-01	5.720077267503668e-01	2747
7.461659247611222e-01	6.046631424903632e-01	2748
-9.119706002403355e-02	3.039209935599799e-01	2749
-1.025985428608733e-01	2.755793534388820e-01	2750
6.618316523437229e-01	6.326283693451388e-01	2751
5.905049250590685e-01	6.435734958903315e-01	2752
5.168655824715576e-01	6.476064069138466e-01	2753
1.067934777959469e+00	-9.294145242764976e-02	2754
1.062900303082821e+00	8.171152553755194e-02	2755
1.063979454218131e+00	-7.943289825655489e-02	2756
4.315869027558275e-01	-6.413250277166882e-01	2757
6.304354273848330e-01	-6.376370181268214e-01	2758
8.239896685346228e-02	-5.118252886500866e-01	2759
1.291059206972571e-01	-5.445825727752340e-01	2760
1.772684840947912e-01	-5.712210928605636e-01	2761
2.239981185630622e-01	-5.894416583887219e-01	2762
2.818226217617298e-01	-6.103524689335216e-01	2763
3.531781440288546e-01	-6.291217446903120e-01	2764
-1.256579115183492e-01	-3.168481752586741e-01	2765
9.430741782842916e-01	-5.727190388423528e-01	2766
-8.146751469997560e-02	1.267634949507856e-02	2767
8.523051605961643e-01	-6.403287341323844e-01	2768
5.460262302746083e-01	-7.248638242428771e-01	2769
1.012703067582077e+00	-9.283335298930148e-03	2770
1.014940627923357e+00	-1.321974173792335e-02	2771
1.049309556342539e+00	-5.537500249181150e-02	2772
1.006105581594151e+00	-3.380444195042374e-03	2773
1.039168727225088e+00	-4.199416115840130e-02	2774
3.923923867871085e-01	7.184897000615966e-01	2775
7.989558728351401e-01	-6.690606484330391e-01	2776
-1.476216835438442e-01	-1.099420024396478e-01	2777
-1.506826012529703e-01	-1.579191029538105e-01	2778
1.010892539201603e+00	-6.322143622500430e-03	2779
9.808260981747641e-01	-5.346080832720472e-01	2780
-8.209075306454416e-02	4.155441809956159e-01	2781
-6.075279390604597e-02	4.480756387082712e-01	2782
1.062799382730623e+00	-4.091932966934405e-01	2783
9.003500909058543e-01	-6.079882326384388e-01	2784
1.038425310457677e+00	4.245443018413549e-02	2785
1.048529059452389e+00	5.607858320526972e-02	2786
-8.585067243797775e-02	4.992182039379234e-03	2787
9.342217262118900e-02	6.033468282568216e-01	2788
1.552250123758676e-01	6.414856853795625e-01	2789
-1.499727507631573e-01	-1.309084839285602e-01	2790
1.020328709838993e+00	-2.285509826943373e-02	2791
4.663125493418448e-01	-7.245640994170531e-01	2792
1.100076961509177e+00	-2.026074117140516e-01	2793
1.099765786614508e+00	-2.427558395000290e-01	2794
1.088314281974750e+00	-3.238541460033271e-01	2795
-1.411929503895714e-01	7.407660719940504e-02	2796
1.060493022417433e+00	6.937021831866313e-02	2797
4.143244387453956e-02	5.626204562980780e-01	2798
-4.666685136232538e-02	-4.634589388053676e-01	2799
2.366662453408560e-02	-5.421877421849759e-01	2800
1.018376885428441e+00	1.836253592828473e-02	2801
-1.166304437002919e-01	-4.711286847648532e-02	2802
1.023279879425336e+00	2.222548726162385e-02	2803
-7.251372116143852e-02	-4.272699259823177e-01	2804
7.401217340381805e-01	-6.933982364096756e-01	2805
1.040771126473981e+00	-4.513300535473128e-01	2806
-1.502101522034090e-02	-5.029833970075501e-01	2807
1.018810165765273e+00	-2.038699357464726e-02	2808
-1.413366607006227e-01	-7.604079160327337e-02	2809
1.008105521482139e+00	-4.190247311900143e-03	2810
1.008959917160320e+00	5.245505666847679e-03	2811
1.004257878947784e+00	2.453665882447700e-05	2812
-1.165147909421245e-01	4.539439896251850e-02	2813
-3.408551397133484e-02	4.844109005268090e-01	2814
1.026775028569737e+00	-3.042340134406303e-02	2815
1.018155299731170e+00	-1.467464862094261e-02	2816
1.004068832220163e+00	1.449617784482981e-03	2817
1.014709527373389e+00	1.340275271647894e-02	2818
1.004433492350667e+00	2.373358302539005e-03	2819
1.076108520821244e+00	-3.662421076845344e-01	2820
1.013683364345665e+00	-4.937141382537682e-01	2821
-1.510343341908137e-01	1.282015599491906e-01	2822
6.761385687168526e-01	-7.119802007577016e-01	2823
-1.478752817939019e-01	1.068277092140912e-01	2824
1.012545556028308e+00	9.441352621057482e-03	2825
-1.448568684907877e-01	-9.102590134674744e-02	2826
-1.449076574451779e-01	8.850951322248149e-02	2827
1.095145915128047e+00	-2.849876763364386e-01	2828
1.010787954035004e+00	6.458438329349309e-03	2829
1.009042383618501e+00	-5.134556995031397e-03	2830
7.021251183288776e-05	5.239412268003484e-01	2831
-9.305434851476946e-02	-1.289956854273970e-02	2832
-9.769615305176915e-02	-2.925898112797446e-02	2833
1.061081383604099e+00	-6.777180126797232e-02	2834
1.026228416007476e+00	3.073090247864412e-02	2835
-1.019514457969062e-01	3.772024380305033e-01	2836
1.008039556713823e+00	4.288685770410317e-03	2837
1.006055103813022e+00	3.451144442355357e-03	2838
1.004088117763283e+00	-1.403541079410583e-03	2839
1.083364484658415e+00	1.060770649894633e-01	2840
3.110367419208854e-01	6.996555565049223e-01	2841
-1.448294677793067e-01	2.463162736058485e-01	2842
-1.496440516762714e-01	2.157676783131339e-01	2843
-1.514001647343984e-01	1.879112407253898e-01	2844
-1.522497279781099e-01	1.590055905253426e-01	2845
1.004466003650919e+00	-2.323525753442615e-03	2846
-1.384838568116824e-01	-6.288875303277359e-02	2847
-1.384518742246152e-01	6.101665183855620e-02	2848
2.316673354649392e-01	6.745906410743773e-01	2849
-9.789794361406222e-02	2.967479425126943e-02	2850
1.089500558014708e+00	-1.194149797596969e-01	2851
1.097452142755823e+00	-1.699726053441788e-01	2852
-1.428291112694760e-01	-2.516540028858401e-01	2853
-1.365357561560529e-01	-2.820207125094385e-01	2854
-9.387087158723184e-02	-3.899753595980687e-01	2855
-1.125136263112562e-01	-3.526695885141605e-01	2856
-1.500836607603783e-01	-1.865502249103416e-01	2857
-1.482938734171943e-01	-2.172803482982691e-01	2858
1.089135227146456e+00	1.307033684530729e-01	2859
1.094160499443604e+00	-1.445513297485153e-01	2860
1.093503437149422e+00	1.620139067147705e-01	2861
1.095859390775644e+00	1.972970143895572e-01	2862
1.096798965584378e+00	2.332221488840765e-01	2863
1.094066162720298e+00	2.795132348680927e-01	2864
1.086637050126328e+00	3.248303480952616e-01	2865
1.073212950240053e+00	3.704174714888372e-01	2866
1.057757004185680e+00	4.159048690432878e-01	2867
1.033508890658711e+00	4.601779388163686e-01	2868
1.003881639869224e+00	5.035300983882737e-01	2869
9.682686330126187e-01	5.452625429657524e-01	2870
9.268373419237966e-01	5.848001579136072e-01	2871
8.804558556213853e-01	6.209393304025594e-01	2872
8.129687469146569e-01	6.595625491406628e-01	2873
-1.196247886250172e-01	3.382954547113056e-01	2874
-1.311110710883419e-01	3.033876915956280e-01	2875
-1.396651033252397e-01	2.729321862709883e-01	2876
7.277852358401516e-01	6.956569770048751e-01	2877
6.372370912676460e-01	7.198319256889857e-01	2878
5.567248185949201e-01	7.277698565926384e-01	2879
4.766756473455315e-01	7.280548976727341e-01	2880
1.083842365448796e+00	-9.818267602888839e-02	2881
1.078131236907908e+00	-8.263343807597835e-02	2882
1.077508023789977e+00	8.673950558919925e-02	2883
6.064068979030204e-01	-7.215977570511457e-01	2884
6.872202821512249e-02	-5.798894558409361e-01	2885
1.197250453853944e-01	-6.171449048380636e-01	2886
1.741120314868650e-01	-6.468079263603803e-01	2887
3.795902938310541e-01	-7.140245080995209e-01	2888
2.271245476442867e-01	-6.695764396250786e-01	2889
2.973465657885953e-01	-6.940506926712423e-01	2890
-7.659657549894978e-02	-5.191068687445737e-01	2891
-1.156358317613060e-01	4.605227583928237e-01	2892
3.307971835058378e-01	7.936391152842019e-01	2893
1.048807944910872e+00	-4.625683320405346e-02	2894
-1.689577189073205e-01	-3.108206530910731e-01	2895
1.005555057242642e+00	-2.384263581795075e-03	2896
1.048159201046099e+00	4.694121019010552e-02	2897
4.229876431133171e-01	8.124181173165378e-01	2898
1.124060073251864e+00	-4.047293466930533e-01	2899
8.453772868585420e-02	6.853815022135192e-01	2900
5.053578166252816e-01	-8.159766895265129e-01	2901
-1.457203254592921e-01	-3.920063322566584e-01	2902
-1.346239992116109e-01	-4.952551108003175e-02	2903
1.014883885821429e+00	1.066997595095977e-02	2904
1.076404122163163e+00	-5.041050714255492e-01	2905
1.010790660373717e+00	-4.443693380568568e-03	2906
1.009532744743843e+00	-3.711432137428328e-03	2907
1.004980712633750e+00	1.623417060897320e-03	2908
1.024923629341159e+00	-2.266507049587306e-02	2909
1.027870145274856e+00	-2.534400417228821e-02	2910
7.330694751488632e-01	-7.897569561341048e-01	2911
5.806627722868793e-01	-8.112734137393224e-01	2912
1.047421355267775e+00	-5.546687673269043e-01	2913
-1.782567541813574e-01	-1.725289904442815e-01	2914
1.007297340716327e+00	-3.252831354695454e-03	2915
-1.355179652514790e-01	4.186229414196236e-01	2916
1.004574982806210e+00	-7.478241755580720e-04	2917
1.027198627257587e+00	2.553806371390300e-02	2918
1.121028024116399e+00	-3.562991367048828e-01	2919
-1.724094230384494e-01	-1.175853401964657e-01	2920
-1.523223202195988e-01	3.763761000996393e-01	2921
-1.766424254851564e-01	-1.434616463298712e-01	2922
1.032028022044557e+00	-3.196405602577439e-02	2923
-9.476885576403822e-02	1.555440828593953e-02	2924
-1.591127779158228e-01	-3.489776628619815e-01	2925
-1.267769455583591e-01	-4.330008924761922e-01	2926
1.127763599180288e+00	-2.229402960052162e-01	2927
1.073587490933936e+00	7.304954410879902e-02	2928
1.058934200193775e+00	-5.940433230470872e-02	2929
8.655463793559856e-01	-7.293663501772192e-01	2930
1.683264644310013e-01	-7.319096160646325e-01	2931
4.115208758251792e-01	-8.083514741479991e-01	2932
9.698363619124539e-01	-6.489723612060313e-01	2933
6.534907535471193e-01	-8.078512521791211e-01	2934
1.012637022926345e+00	-7.243456170541842e-03	2935
1.015065630805779e+00	-1.047738432831154e-02	2936
1.058152113671218e+00	6.029076537303439e-02	2937
1.007247142570487e+00	3.340899694730572e-03	2938
8.029169226161047e-01	-7.626995473669935e-01	2939
1.018180743296630e+00	1.443917509157787e-02	2940
1.009472728175681e+00	3.831909388725314e-03	2941
1.011906387820098e+00	-6.034032989323252e-01	2942
-2.426190907261918e-02	5.906943180974977e-01	2943
1.095621106770973e+00	-4.532961374948593e-01	2944
9.211325693113990e-01	-6.911381136623933e-01	2945
1.041512728801942e+00	3.597864797514455e-02	2946
1.042140743379604e+00	-3.545096355712234e-02	2947
-9.314238204491287e-02	4.994037004948922e-01	2948
1.129447420443628e+00	-2.674253473854117e-01	2949
2.386235914124776e-02	6.375523595735487e-01	2950
-1.043441979263154e-01	-4.766605306420898e-01	2951
-4.075622285899945e-02	-5.661775816945511e-01	2952
1.020219905886361e+00	-1.728449605996096e-02	2953
-1.132882896515216e-01	3.288880577797362e-02	2954
-6.259224021537184e-02	5.430246640675068e-01	2955
1.004564295514729e+00	8.008111137560808e-04	2956
-1.729819688434335e-01	1.139458356640980e-01	2957
-1.681844006775998e-01	9.405018870768679e-02	2958
1.010717489147941e+00	4.581905064215489e-03	2959
-1.680569687756428e-01	-9.713671431182465e-02	2960
-1.611841896886262e-01	-7.193662037522411e-02	2961
-1.345434027273272e-01	4.770779317405856e-02	2962
1.127497684205933e+00	-3.107610817237861e-01	2963
1.012514761147597e+00	7.404931858554502e-03	2964
-1.086785077405015e-01	-1.727422705741399e-02	2965
-1.124144541467730e-01	-3.223576041949510e-02	2966
1.031452844741438e+00	3.234785716205761e-02	2967
1.005520196845325e+00	2.448848932272915e-03	2968
1.005003149571954e+00	-1.565381814330365e-03	2969
-1.807100442904284e-01	2.361932051712117e-01	2970
-1.781795675558150e-01	1.424325421074072e-01	2971
-1.812196766663824e-01	2.036655444533739e-01	2972
-1.800243468986634e-01	1.741756066620690e-01	2973
-1.610576501751829e-01	6.974876533096673e-02	2974
2.450578182719183e-01	7.666168729116436e-01	2975
1.608030852077566e-01	7.309107896568992e-01	2976
-1.005326234821722e-01	5.013753688297556e-04	2977
-1.751342624662211e-01	-2.738283234537819e-01	2978
-1.797077687016472e-01	-2.033640163543655e-01	2979
-1.782569905115074e-01	-2.392918638989418e-01	2980
1.102946820818115e+00	1.145957306534813e-01	2981
1.110184374350821e+00	-1.286082470855998e-01	2982
1.111135676322219e+00	1.437518941883747e-01	2983
1.116790952552459e+00	-1.545731901823545e-01	2984
1.118147799763716e+00	1.782894961992550e-01	2985
1.122957133648616e+00	-1.843697094062512e-01	2986
1.123308334502722e+00	2.147867115076992e-01	2987
1.126714729450803e+00	2.585322273090692e-01	2988
1.125677719711027e+00	3.083142193459191e-01	2989
1.118895071087861e+00	3.595023323004826e-01	2990
1.108492777010884e+00	4.082366700552147e-01	2991
1.089555008369491e+00	4.626705086700959e-01	2992
1.067912476323359e+00	5.162719740553983e-01	2993
1.035953032283065e+00	5.679534345917583e-01	2994
9.968003712278547e-01	6.178837446647205e-01	2995
9.506065794838190e-01	6.646762009393378e-01	2996
8.867267764626664e-01	7.127783491081844e-01	2997
-1.647340789934254e-01	3.336074721767160e-01	2998
-1.729238926560655e-01	2.985580240730623e-01	2999
-1.772943544290967e-01	2.663090323079020e-01	3000
8.030471009613460e-01	7.588000399132232e-01	3001
7.043570221622167e-01	7.959717476969514e-01	3002
6.045172728663083e-01	8.152887749501010e-01	3003
5.156009266359016e-01	8.192454705916704e-01	3004
1.102238930903396e+00	-1.046702441167336e-01	3005
1.073593299847976e+00	-7.012696718640553e-02	3006
1.094293863036715e+00	-8.553324317077701e-02	3007
1.094521742294087e+00	9.222683411574771e-02	3008
1.903892992709338e-03	-6.129119874310941e-01	3009
5.140904907008776e-02	-6.560085462332971e-01	3010
1.097484863150067e-01	-6.987753764837337e-01	3011
3.173252970373807e-01	-7.883047706130512e-01	3012
2.340764659455620e-01	-7.606110311432295e-01	3013
1.056910006977370e+00	5.058839126931348e-02	3014
1.114664423125431e+00	-5.597845612700140e-01	3015
-2.020083911434712e-01	1.232377826040435e-01	3016
1.008629660877773e+00	-2.922478134610114e-03	3017
1.167386789245506e+00	-3.776800971830585e-01	3018
1.164603486811320e+00	-3.393300573713269e-01	3019
3.558864429228770e-01	8.990181013546372e-01	3020
8.033979160409722e-01	-8.687973508397668e-01	3021
1.005504378878806e+00	8.418343951471343e-04	3022
1.006018584270501e+00	-1.476532982366896e-03	3023
1.033516029266292e+00	2.634083170733873e-02	3024
4.733206541718598e-03	7.229306850711008e-01	3025
8.786818702422819e-01	-8.303189007456652e-01	3026
1.012554060678371e+00	-5.263013638722404e-03	3027
1.017504487677276e+00	-1.196675666850850e-02	3028
2.452178941974581e-01	-8.637025503855202e-01	3029
1.086689619558479e+00	-6.208202148270169e-01	3030
1.046235109948193e+00	4.218433707288712e-02	3031
1.070050793733155e+00	-6.102362862019976e-02	3032
7.856744774205908e-02	7.800659907181686e-01	3033
9.619406466952586e-02	-7.897394621679739e-01	3034
1.022570566688288e+00	-1.967193012292663e-02	3035
1.005126110390666e+00	3.029481599633538e-05	3036
1.027916131249982e+00	2.073120669045303e-02	3037
-2.103799525062389e-01	-1.861639914003520e-01	3038
-1.288856925783840e-01	-3.350411825377943e-02	3039
1.005515962592143e+00	-7.762187931159146e-04	3040
-2.121170681772952e-01	-2.986179408202917e-01	3041
-1.141207924902189e-01	-4.000143646459534e-03	3042
2.583230233981799e-01	8.698653933480442e-01	3043
-1.549476680906544e-01	5.088460329503041e-01	3044
-1.093390938250306e-01	1.595688402655319e-02	3045
1.038363069247962e+00	-3.126754577630167e-02	3046
1.089189363280086e+00	7.632107683869280e-02	3047
4.604041828849507e-01	9.163832291958928e-01	3048
-9.635155927506739e-02	6.087404782283355e-01	3049
-1.111044325153922e-01	-5.817711072754764e-01	3050
-2.123486865888316e-01	1.875060119175944e-01	3051
-2.063532367408362e-01	-3.403849303104545e-01	3052
7.153095143641102e-01	-8.980636159456394e-01	3053
1.643326095046300e-01	-8.290289660769856e-01	3054
-1.408119495437378e-01	-5.301370238385346e-01	3055
4.495556122152701e-01	-9.126483926772171e-01	3056
-1.981652326402657e-01	-3.842353865695045e-01	3057
1.017293215434965e+00	1.219454790424005e-02	3058
1.008583093152118e+00	3.030516781886728e-03	3059
1.021610470877927e+00	-1.406322010425408e-02	3060
9.443400653544727e-01	-7.849567454522284e-01	3061
-2.138004947276875e-01	-2.595531307725201e-01	3062
1.006645095409807e+00	-2.341938127888540e-03	3063
-1.751639756119196e-01	4.627722805810257e-01	3064
1.021399970174741e+00	1.624373911942947e-02	3065
1.029253095566420e+00	-2.085855346217356e-02	3066
1.164496613219471e+00	-2.907711313060787e-01	3067
-2.032662219452621e-01	3.677216082445125e-01	3068
-1.905151222839498e-01	4.157494816026520e-01	3069
-1.547364641022170e-01	-5.086018477857167e-02	3070
-1.829814047921809e-01	-4.335559831005912e-01	3071
1.057547280600320e+00	-4.975930932370257e-02	3072
3.432815328464100e-01	-8.940246623478807e-01	3073
1.000755913668669e+00	-7.343012227733232e-01	3074
5.850976749160900e-01	-9.134010870812287e-01	3075
1.014699838250367e+00	-8.199577111951404e-03	3076
1.069449312827851e+00	6.224553515447472e-02	3077
1.010905221014341e+00	-2.800679456505347e-03	3078
1.048161452930537e+00	-6.793822752415123e-01	3079
-5.181193573066780e-02	6.662262733329911e-01	3080
1.153860335701739e+00	-4.549915534287792e-01	3081
1.137955246347630e+00	-4.984417837840450e-01	3082
1.034139477103450e+00	-2.602506806256942e-02	3083
-1.302270391962867e-01	5.573798722567009e-01	3084
-1.656888920078843e-01	-4.799955408714227e-01	3085
-1.866861237448366e-01	-7.831675932303550e-02	3086
-1.547191461289159e-01	4.892697974650411e-02	3087
1.010858405167454e+00	2.942870335351049e-03	3088
1.012465522782439e+00	5.426589926920363e-03	3089
-1.946868701827851e-01	9.808924064147398e-02	3090
-1.944802411672686e-01	-1.020216120422235e-01	3091
-2.081603025533750e-01	1.564784567942800e-01	3092
-1.305499861207246e-01	3.502389427595715e-02	3093
1.014558739682272e+00	8.391444790795786e-03	3094
-1.253923069122563e-01	-2.103480177970201e-02	3095
1.037805222138137e+00	3.174905698403844e-02	3096
1.005996531090568e+00	1.548625016382601e-03	3097
1.006609557347278e+00	2.421901480836729e-03	3098
-2.009426247189647e-01	-1.259653742778489e-01	3099
-2.062238934779685e-01	-1.561312822028461e-01	3100
-2.154896618690726e-01	2.203258668338869e-01	3101
-1.866131434895438e-01	7.532834851727913e-02	3102
1.665659213324950e-01	8.316423929609672e-01	3103
-2.142170870247210e-01	-2.223759827603840e-01	3104
1.125901814240045e+00	1.240246974589656e-01	3105
1.133813550486136e+00	-1.364491017280154e-01	3106
1.137230347000629e+00	1.566240724078282e-01	3107
1.143411887552004e+00	-1.646281913360964e-01	3108
1.147068799951643e+00	1.930319937238883e-01	3109
1.152597736760715e+00	-2.002993294676323e-01	3110
1.155790281252880e+00	2.345438295196295e-01	3111
1.160431056627670e+00	-2.440299653968827e-01	3112
1.161639717657900e+00	2.844986656268785e-01	3113
1.162662728521013e+00	3.396407489815523e-01	3114
1.158437937969591e+00	3.938330548265681e-01	3115
1.147024275989944e+00	4.526623529958985e-01	3116
1.131063833139972e+00	5.111634511299653e-01	3117
1.104473738841328e+00	5.753158673352594e-01	3118
1.073419570210265e+00	6.386167191950592e-01	3119
1.030367171984199e+00	6.984468826340910e-01	3120
9.704259116789770e-01	7.593524516690813e-01	3121
-2.103726871454294e-01	3.256057203141287e-01	3122
-2.146354989188456e-01	2.876323161900229e-01	3123
-2.158170008017515e-01	2.552894594950191e-01	3124
8.889092115442865e-01	8.188287859343663e-01	3125
7.870884563570248e-01	8.707120801742998e-01	3126
6.721921090947630e-01	9.060630658485209e-01	3127
5.631295824753686e-01	9.192173763537484e-01	3128
1.123684219876248e+00	-1.108645756872507e-01	3129
1.088165045500830e+00	-7.146075060292380e-02	3130
1.112964842020878e+00	-8.901811961290734e-02	3131
1.114495495843183e+00	9.758636982890113e-02	3132
-7.133963784167056e-02	-6.360477004495920e-01	3133
-2.409750163244827e-02	-6.916948803378431e-01	3134
3.224035489151967e-02	-7.421230163344229e-01	3135
1.049427123418303e+00	3.488338747145019e-02	3136
9.689654649947286e-01	-8.914951927121363e-01	3137
1.006521259159798e+00	-5.847816456991075e-04	3138
1.017367316772017e+00	-9.048926478268701e-03	3139
-1.845976790774580e-01	-5.890130568045329e-01	3140
-8.242391120398616e-02	7.521990333140739e-01	3141
1.024423930804391e+00	1.784386211921119e-02	3142
1.184342160104679e+00	-5.512925774145411e-01	3143
1.129642027327985e+00	-6.912717987525685e-01	3144
1.035119982688720e+00	-2.020080168192205e-02	3145
-1.454734085983882e-01	-2.802176446883461e-02	3146
-1.255646685274570e-01	1.402042745471339e-02	3147
-1.346339147165529e-01	6.835742128503275e-01	3148
-1.376944066199752e-02	8.215067772118941e-01	3149
2.752682468435633e-01	9.861341172455358e-01	3150
1.067095904950243e+00	5.422700880925831e-02	3151
3.765212872604386e-01	-1.011948090881276e+00	3152
2.620275812458495e-01	-9.801682072175371e-01	3153
-2.547616214248723e-01	-2.805069585222278e-01	3154
1.014405922576435e+00	6.237890489233650e-03	3155
1.023926487055910e+00	-1.653975427739167e-02	3156
-2.540410806237813e-01	3.543856009564769e-01	3157
7.940190363005345e-01	-9.895533545603056e-01	3158
1.014509517383966e+00	-6.045277905699926e-03	3159
1.021838953897575e+00	2.007654854989340e-02	3160
-2.009920152984749e-01	5.623891913477416e-01	3161
1.044846803257507e+00	-2.920542409881321e-02	3162
-2.538763167123517e-01	-3.252445631742744e-01	3163
-2.475182940818623e-01	-2.001954747114852e-01	3164
1.017208626114813e+00	9.281277060881360e-03	3165
-1.788615298353546e-01	-5.417916510475067e-02	3166
-2.212540853222540e-01	5.100840459365333e-01	3167
1.107228893012602e+00	7.967842466198946e-02	3168
1.199735866321234e+00	-4.965479782882279e-01	3169
1.211047011742716e+00	-4.252820343780028e-01	3170
1.152888572951708e+00	1.330945462258691e-01	3171
-2.494014840865097e-01	2.003594033696858e-01	3172
3.885108645721974e-01	1.016646341298463e+00	3173
1.067737301867069e+00	-5.323857598058306e-02	3174
1.082560816337341e+00	-6.140727551532144e-02	3175
9.261447220281655e-03	-8.384831280643503e-01	3176
-2.505269564112923e-01	-3.708731652548186e-01	3177
1.162875440378733e+00	-6.189690964584686e-01	3178
5.071361312351219e-01	1.030801428626714e+00	3179
8.894803234627295e-01	-9.453650533068818e-01	3180
1.009969441503993e+00	-2.299492938028996e-03	3181
1.012462723890702e+00	-3.735415067285199e-03	3182
1.051631181898813e+00	-3.705971338840235e-02	3183
1.056186351926350e+00	-4.043661529537324e-02	3184
1.637850968677142e-01	-9.399713102888980e-01	3185
1.020821476421945e+00	1.249251392883881e-02	3186
1.006108672625539e+00	3.701449626370494e-05	3187
-1.498190667627516e-01	3.584582165589757e-02	3188
7.321405221370864e-02	8.877465270163258e-01	3189
-2.285195126335917e-01	-4.764198168349384e-01	3190
-2.363694329564014e-01	4.563958092830213e-01	3191
8.144221260955889e-02	-8.925949937725381e-01	3192
6.627056744916389e-01	-1.018681159315420e+00	3193
-2.098555256608238e-01	-5.325111039882466e-01	3194
1.009931469343205e+00	2.428116310944139e-03	3195
1.044329040313108e+00	2.978945976709570e-02	3196
1.007878241202306e+00	-2.149005518112616e-03	3197
1.007152674928186e+00	-1.315775346368113e-03	3198
1.026776569790285e+00	-1.878588980674315e-02	3199
1.211008490884846e+00	-3.552625612553283e-01	3200
1.205436673435073e+00	-3.150283007346983e-01	3201
-2.466687021891424e-01	4.046511926425014e-01	3202
-2.429161988975369e-01	-4.244505277432258e-01	3203
1.035568257353123e+00	-8.303091766272384e-01	3204
5.157513954426214e-01	-1.025946920631728e+00	3205
1.082391700638067e+00	6.352283795103358e-02	3206
1.089825597732041e+00	-7.636205472660152e-01	3207
-1.724736156252125e-01	6.214935183392841e-01	3208
-2.404722250556801e-01	-1.664163493995276e-01	3209
1.012399456128292e+00	3.899619004982646e-03	3210
-1.785362910296009e-01	5.184797501777394e-02	3211
-2.151232751009936e-01	-8.190401906163106e-02	3212
-2.251203324157052e-01	1.027357996352794e-01	3213
-2.427812684368605e-01	1.674499824455372e-01	3214
-1.344782880407806e-01	-2.622022216132695e-03	3215
1.039998355491795e+00	2.562404529856347e-02	3216
1.040560397463073e+00	-2.517512215717515e-02	3217
1.006512036233763e+00	6.645508329755683e-04	3218
1.007132123848892e+00	1.404049443826143e-03	3219
1.007844397906081e+00	2.246900706418769e-03	3220
-2.246115019946229e-01	-1.065208127740591e-01	3221
-2.329866944937772e-01	-1.356399411252070e-01	3222
-2.346267311476340e-01	1.342295349017475e-01	3223
-2.149890905925509e-01	7.794635046894634e-02	3224
1.718866285394405e-01	9.448422947691709e-01	3225
-2.523932478225333e-01	-2.410357946914755e-01	3226
1.161163343417666e+00	-1.428878719132739e-01	3227
1.167415270118598e+00	1.682117826364873e-01	3228
1.174267415586550e+00	-1.757370387189336e-01	3229
1.181201962815422e+00	2.077892500218719e-01	3230
1.187458071045048e+00	-2.166704354882442e-01	3231
1.193475220380614e+00	2.557648377142670e-01	3232
1.198196095333737e+00	-2.643539962117075e-01	3233
1.202667551130261e+00	3.116843007729435e-01	3234
1.206093689624413e+00	3.706756058067681e-01	3235
1.203309777095462e+00	4.335174443673340e-01	3236
1.194333534059805e+00	4.975016184341960e-01	3237
1.176131302607113e+00	5.680480720729028e-01	3238
1.151583071981639e+00	6.383734907595759e-01	3239
1.113439526376653e+00	7.136857609621498e-01	3240
1.064038210055492e+00	7.929119051229213e-01	3241
-2.539746093005735e-01	2.372788183408456e-01	3242
-2.564138453328026e-01	3.113470781055035e-01	3243
-2.566061156708271e-01	2.728059777444746e-01	3244
9.870965683216743e-01	8.699733244453518e-01	3245
8.850712853615187e-01	9.405633015554553e-01	3246
7.609397831924110e-01	9.959066201503237e-01	3247
6.296665225662371e-01	1.025680548177672e+00	3248
1.148032422667927e+00	-1.160520731935840e-01	3249
1.105290004103275e+00	-7.261695299477930e-02	3250
1.134624534366599e+00	-9.196561695415899e-02	3251
1.137834122561447e+00	1.033378749978355e-01	3252
-1.515148440890233e-01	-6.522305073754585e-01	3253
-1.081053439627412e-01	-7.142242783823068e-01	3254
-5.371412674675363e-02	-7.803438206002922e-01	3255
-2.966530536197890e-01	-2.578204070541820e-01	3256
-2.909768751862761e-01	2.137578937115555e-01	3257
5.944434587986853e-01	-1.148223396687064e+00	3258
1.073660643299508e+00	-9.392059538828428e-01	3259
-1.141762713021846e-01	8.509896188008568e-01	3260
-3.013634993827710e-01	-4.049230980764171e-01	3261
-2.529875601959094e-01	6.233342060813361e-01	3262
4.315073902230251e-01	1.147144416054791e+00	3263
1.055691559588756e+00	4.124334227088832e-02	3264
1.009146072843575e+00	-1.669782395295992e-03	3265
1.012526087388180e+00	-1.865698006731699e-03	3266
1.065583428069604e+00	-4.330253180505603e-02	3267
-1.679784893514048e-02	-9.470918414229146e-01	3268
2.863119663251078e-01	-1.111218523905736e+00	3269
4.326683973569284e-01	-1.142439953553196e+00	3270
1.025235720167772e+00	-1.299452641620875e-02	3271
-2.209299268659871e-01	6.928815504661384e-01	3272
-8.807591737572763e-02	-8.795723523320923e-01	3273
1.019910670159724e+00	1.065925994178919e-02	3274
1.020095903125485e+00	-1.038710544142913e-02	3275
1.794140547470109e-01	1.072366569792978e+00	3276
1.016776764262980e+00	-6.932921697920277e-03	3277
-1.712585122437529e-01	3.518423560033582e-02	3278
-2.049368256070411e-01	-5.683816541351509e-02	3279
-3.047100335516333e-01	3.353415930618296e-01	3280
1.028674807679860e+00	1.627353015526505e-02	3281
-2.469884984671072e-01	-8.354394465667958e-02	3282
1.065133287792430e+00	4.370906583922225e-02	3283
-2.797442318265285e-01	-1.755367821994043e-01	3284
-2.822298567674660e-01	1.764561182149800e-01	3285
2.991983631760256e-01	1.116932128357747e+00	3286
-2.607926483822869e-01	-5.885437697648248e-01	3287
1.183903875213941e+00	1.410344878428629e-01	3288
1.183351044656866e+00	-7.682018702641688e-01	3289
5.720506128215225e-01	1.154410849307691e+00	3290
-2.891594555482139e-01	-2.155693692838443e-01	3291
1.128490271068778e+00	8.273463633083834e-02	3292
1.683458459734444e-01	-1.066551057379338e+00	3293
-2.355184807666770e-01	-6.551941010417930e-01	3294
1.096528572419551e+00	-6.022249446766960e-02	3295
9.930259241906423e-01	-1.013455565113689e+00	3296
-3.247973540440535e-02	9.344081456427986e-01	3297
1.240258674086839e+00	-6.064307861618912e-01	3298
1.035100572213190e+00	2.058432135577926e-02	3299
-1.773611045455220e-01	7.692702081546803e-01	3300
1.078593853572658e+00	5.522588471409179e-02	3301
1.016655825577971e+00	7.159574103823608e-03	3302
1.024423477851286e+00	1.394556959531412e-02	3303
1.030673012549872e+00	-1.664404704833030e-02	3304
1.027660950728729e+00	-1.472812431091152e-02	3305
-3.035211833936211e-01	3.870055746996670e-01	3306
7.547553052362589e-01	-1.127036399457267e+00	3307
1.014341473002686e+00	-4.390790005767903e-03	3308
1.046840314920623e+00	-2.278905211676274e-02	3309
-3.012470630208145e-01	-3.033885509365507e-01	3310
-2.741655830487865e-01	5.602157654697297e-01	3311
1.253736468343686e+00	-5.414021356216407e-01	3312
1.262374321112652e+00	-4.701101820822905e-01	3313
1.079144476927227e+00	-5.410130164849857e-02	3314
-3.027009221497995e-01	-3.513382525327596e-01	3315
1.215830664704145e+00	-6.873132307563176e-01	3316
8.921011474175164e-01	-1.077696695162721e+00	3317
1.012493615087637e+00	2.032297521566113e-03	3318
6.772685485490938e-02	-1.010009253026300e+00	3319
-1.428034000640394e-01	1.594525608827724e-02	3320
6.716340327762127e-02	1.009420825726613e+00	3321
-2.931682575018232e-01	-4.658152472494130e-01	3322
-2.895385062368940e-01	4.999343882711877e-01	3323
-2.807873024848090e-01	-5.243863408527089e-01	3324
1.046357371638825e+00	2.336769466028157e-02	3325
1.051676301348452e+00	2.756306395487971e-02	3326
1.008373588217329e+00	-9.858482378131983e-04	3327
1.262124543326628e+00	-3.903303733779814e-01	3328
-2.983153649197340e-01	4.414790951675143e-01	3329
1.099095915299025e+00	6.399489951213240e-02	3330
1.133194316828408e+00	-8.546951647550134e-01	3331
-1.561623671401774e-01	-8.240902911541137e-03	3332
1.014265857471626e+00	4.582963783122283e-03	3333
-1.743926587650287e-01	-2.516395700113623e-02	3334
-2.042784340804742e-01	5.361983654665078e-02	3335
-2.716603238707022e-01	1.425683687189391e-01	3336
1.041377755198916e+00	-1.881613550965662e-02	3337
1.007507576112015e+00	1.247666263080371e-04	3338
1.008357271136922e+00	1.091857657731942e-03	3339
1.009118644520156e+00	1.786725941063212e-03	3340
-2.694280714358521e-01	-1.427997673487129e-01	3341
-2.589192999911684e-01	-1.121663303418605e-01	3342
-2.599646797143956e-01	1.092212072195504e-01	3343
-2.469342237257162e-01	7.919960068374629e-02	3344
1.202599278404940e+00	1.783896046395616e-01	3345
1.192640260226295e+00	-1.494071432227925e-01	3346
1.210396257531854e+00	-1.867333094339943e-01	3347
1.220770400672075e+00	2.235169693184479e-01	3348
1.253253190527235e+00	-3.289578031228942e-01	3349
1.227488521822085e+00	-2.327686680517637e-01	3350
1.237654506409745e+00	2.775672652406941e-01	3351
1.242221387831835e+00	-2.839876845975486e-01	3352
1.249966613676413e+00	3.389107994877960e-01	3353
1.256605387809000e+00	4.048199552841606e-01	3354
1.256491822373617e+00	4.740673592325945e-01	3355
1.247689844594515e+00	5.494384136936676e-01	3356
1.231260384991105e+00	6.273440294039299e-01	3357
1.202192295488399e+00	7.120617900186278e-01	3358
1.161776880776240e+00	7.997263033299817e-01	3359
-2.980863009061558e-01	2.516783594384814e-01	3360
-3.033785421969960e-01	2.920913637935290e-01	3361
1.096905576132082e+00	9.042305678649710e-01	3362
9.991028717191157e-01	9.988108517644047e-01	3363
8.708436477635263e-01	1.079578644035499e+00	3364
7.214807749187958e-01	1.134038595790901e+00	3365
1.175783666897097e+00	-1.191347594669479e-01	3366
1.124861564364979e+00	-7.380004648189850e-02	3367
1.159218874273627e+00	-9.407878314176168e-02	3368
1.165092080847346e+00	1.084081680870354e-01	3369
-1.979170109902182e-01	-7.300406922690239e-01	3370
-1.499003053574706e-01	-8.030460537635591e-01	3371
5.074090425587214e-01	-1.284574031007654e+00	3372
-1.487637109644983e-01	9.650074317224170e-01	3373
-3.588710495018766e-01	-3.790795948498345e-01	3374
1.058956492369978e+00	3.344823713364213e-02	3375
1.052124601951767e+00	-2.796476691596031e-02	3376
-4.427853085063890e-02	-1.070738147760262e+00	3377
5.715434209970804e-02	-1.144660222394390e+00	3378
1.187585273189940e+00	-9.566193686574685e-01	3379
1.011466197710996e+00	-1.155000333925138e+00	3380
-2.240285723701036e-01	8.694419511971757e-01	3381
1.010374323738990e+00	1.032077515579523e-03	3382
-1.633510833705068e-01	1.711643869234716e-02	3383
1.243223290542724e+00	1.885337626810082e-01	3384
3.335791924274653e-01	1.263930094762420e+00	3385
-1.973706668343040e-01	-9.035591325735459e-01	3386
6.201737770609914e-02	1.147261511905145e+00	3387
1.075933771503337e+00	4.714548016190340e-02	3388
1.114229486464234e+00	-5.807170574493922e-02	3389
6.919289556311726e-01	-1.276997857943837e+00	3390
1.028325282614472e+00	1.188154937567010e-02	3391
-2.765403723771621e-01	7.743479628206613e-01	3392
1.014141491869851e+00	-2.599224481627520e-03	3393
1.036448326512861e+00	-1.479435596569386e-02	3394
1.279832093279508e+00	-7.602058048610265e-01	3395
-3.582155804147399e-01	-4.430289619895013e-01	3396
1.113497577907960e+00	-1.064093260952652e+00	3397
1.016496795691258e+00	-5.010136800560308e-03	3398
-3.355268840539831e-01	6.153800445310295e-01	3399
1.010390144263309e+00	-8.959450645517238e-04	3400
-3.381829984923521e-01	2.243120640979456e-01	3401
1.091380043546681e+00	5.442249003941677e-02	3402
-1.946341058006620e-01	-2.893474481448240e-02	3403
1.016409119342321e+00	5.235049348841717e-03	3404
-2.338673272318997e-01	-5.666127029444491e-02	3405
1.229200215300675e+00	-1.549490877715590e-01	3406
4.928979239780120e-01	1.290129589329567e+00	3407
6.640127831848843e-01	1.283688009804750e+00	3408
1.118293235268421e+00	6.518755145283521e-02	3409
-1.272503439579216e-01	-9.910751779917993e-01	3410
-3.605096292056399e-01	4.195829886188937e-01	3411
-3.366843262700977e-01	-2.285539053890697e-01	3412
-3.108642975600195e-01	6.915099569433070e-01	3413
1.063327897645605e+00	-3.378174974266936e-02	3414
1.012509759892168e+00	8.346864545648117e-05	3415
1.802741578051788e-01	-1.210212495000231e+00	3416
3.301533111779316e-01	-1.258862331280760e+00	3417
1.024047314046988e+00	-8.959448873860406e-03	3418
1.019668994721696e+00	-7.347665880468988e-03	3419
1.924027316053807e-01	1.216453851784965e+00	3420
-3.596945171638885e-01	3.621339794380906e-01	3421
-2.332863003815378e-01	5.251913776399246e-02	3422
1.239666298995820e+00	-8.589762477493842e-01	3423
-3.240617807931195e-01	-1.858845779975668e-01	3424
-3.268355574538467e-01	1.854539463033810e-01	3425
1.152989641728054e+00	8.538099276054691e-02	3426
-3.214105205848798e-01	-6.489865772869308e-01	3427
-5.264234488033432e-02	1.062727653093602e+00	3428
1.303296008090080e+00	-6.697994075694648e-01	3429
1.019538588721670e+00	7.619440800874853e-03	3430
1.031309390498205e+00	-1.231450565987283e-02	3431
1.028564936718696e+00	-1.089800955791018e-02	3432
1.041335879887116e+00	1.929407587489830e-02	3433
1.047543380274373e+00	-1.607650148526711e-02	3434
1.317540131202193e+00	-5.886852040755368e-01	3435
1.323036928945685e+00	-5.137852435594169e-01	3436
1.076386468530610e+00	-4.618584617626779e-02	3437
-3.471431062010225e-01	-2.753422775287370e-01	3438
-3.554427763704772e-01	3.118771332123005e-01	3439
8.689634475957012e-01	-1.231725404566703e+00	3440
1.014096157811702e+00	2.790007810340966e-03	3441
-3.415874635284216e-01	-5.778845972517820e-01	3442
-3.495263055311123e-01	5.468790264320440e-01	3443
-3.525083984108621e-01	-5.084073496608799e-01	3444
1.053110782732087e+00	2.030364522209300e-02	3445
1.320120338668066e+00	-4.301768528007770e-01	3446
-3.581673920358805e-01	4.799431517204363e-01	3447
-1.788986178199550e-01	-1.795265542779031e-03	3448
-1.957545983918225e-01	3.429826473523831e-02	3449
-3.133763786497261e-01	1.479427872351460e-01	3450
-2.831303101234781e-01	-8.502556168153821e-02	3451
1.009405404951808e+00	1.134821143007217e-04	3452
-3.106538972197886e-01	-1.475038189477125e-01	3453
-2.990278231970346e-01	1.140383319541200e-01	3454
-2.972954189747691e-01	-1.158511606686416e-01	3455
-2.834411081573389e-01	8.099418704696933e-02	3456
1.219601044406430e+00	1.467641279585557e-01	3457
1.251867602558069e+00	-1.975886641548618e-01	3458
1.267010666035422e+00	2.390679366009677e-01	3459
1.292113067803108e+00	-2.956500617333367e-01	3460
1.273834401466168e+00	-2.472381053742225e-01	3461
1.288317879616883e+00	2.996778005287187e-01	3462
1.308349115009626e+00	-3.523978992720653e-01	3463
1.305120640580693e+00	3.670518306898519e-01	3464
1.315441600776354e+00	4.399837493110388e-01	3465
1.317276917617158e+00	5.198649459212643e-01	3466
1.310945793083670e+00	6.040166255754623e-01	3467
1.292672868835345e+00	6.964099382346729e-01	3468
1.262503651741612e+00	7.937638620331636e-01	3469
-3.482858451074932e-01	2.654181901143992e-01	3470
-3.541889873300777e-01	-3.253555606235315e-01	3471
1.212689865311149e+00	9.047244814391124e-01	3472
1.129074155683687e+00	1.037153080148055e+00	3473
1.002162893735658e+00	1.148732266850963e+00	3474
8.415904645943949e-01	1.236447918735102e+00	3475
1.207416500620651e+00	-1.213904793108259e-01	3476
1.147149327658452e+00	-7.394599150592226e-02	3477
1.186953055473371e+00	-9.378009897012900e-02	3478
1.196343919682278e+00	1.123300577730822e-01	3479
-2.933137546670522e-01	-7.302876408168085e-01	3480
-2.509719454954086e-01	-8.163250203661585e-01	3481
3.955830002275537e-01	-1.422553964649376e+00	3482
1.047370080654559e+00	1.650722305713895e-02	3483
-4.218707167681955e-01	-4.111741763365349e-01	3484
1.009107509972311e+00	-1.323144738738251e+00	3485
-4.264641484792290e-01	4.519576937703716e-01	3486
1.014175653199480e+00	-7.370851764157238e-04	3487
1.134453736658042e+00	-5.677039092638901e-02	3488
2.145216558175488e-01	1.379280534423065e+00	3489
5.825324198202458e-01	1.442700918286452e+00	3490
3.867179707716510e-01	1.427626269413899e+00	3491
1.181188397207507e+00	8.675935368550546e-02	3492
1.061229867649357e+00	-2.408708325819924e-02	3493
-3.785646806642990e-01	7.673073768581639e-01	3494
-3.128991515773329e-01	-9.134934176488391e-01	3495
1.071534635123846e+00	3.517206745914603e-02	3496
6.047934633624680e-01	-1.436302652645434e+00	3497
1.246720081429116e+00	-1.077123025385097e+00	3498
1.024779514742469e+00	9.906114334125023e-03	3499
1.032525436036366e+00	1.375453780349153e-02	3500
1.307753855217355e+00	-9.583535804500313e-01	3501
-3.766751809167625e-01	1.917369083557849e-01	3502
1.140484538594629e+00	6.567194865641170e-02	3503
-4.150015927217504e-01	3.318285254970275e-01	3504
1.022847845037298e+00	-5.452692525748189e-03	3505
1.035775865873448e+00	-9.609623358240801e-03	3506
-3.426827560387573e-01	1.153159235399563e-01	3507
-4.193784345945504e-01	5.963095748781840e-01	3508
1.053840081975916e+00	-2.037165828500626e-02	3509
-3.914655970244171e-01	2.327489348502532e-01	3510
1.105602514982310e+00	5.091924682323449e-02	3511
-2.064060628766085e-01	-3.814929218988241e-03	3512
-3.743383749752796e-01	-1.938337290095064e-01	3513
1.037217096788716e+00	1.510335228526500e-02	3514
-2.221678551291464e-01	-3.221233397812939e-02	3515
1.290428714138389e+00	1.975027318649096e-01	3516
7.909095887697964e-01	1.410350867941764e+00	3517
-4.213505163239644e-01	-5.542377672176638e-01	3518
1.088259363692625e+00	-4.650493010732339e-02	3519
-4.243127146644151e-01	-4.811839886880420e-01	3520
-1.862040220391926e-01	1.096169560662663e+00	3521
-2.671114643457607e-01	-5.440621421644565e-02	3522
1.103708989489059e+00	-4.582238894308933e-02	3523
1.042198145782959e+00	-1.263855093546787e-02	3524
-7.123745369894743e-02	-1.212553671733380e+00	3525
-2.740659565179723e-01	9.848824724094827e-01	3526
-4.254816050364158e-01	5.221880527901335e-01	3527
-1.698733524740881e-01	-1.117174077671477e+00	3528
6.064080522515759e-02	1.304022232591193e+00	3529
-3.385708207331894e-01	8.695921520657415e-01	3530
1.016177826984535e+00	3.496471178552436e-03	3531
1.350337885052900e+00	-8.467238917442839e-01	3532
1.151396154129403e+00	-1.210236659701728e+00	3533
1.016235721624274e+00	-3.273830486302538e-03	3534
-4.042886615869511e-01	6.790723612793891e-01	3535
1.018873639949394e+00	5.896693246479892e-03	3536
1.243724110336358e+00	-1.217205268744408e-01	3537
-2.510220765264916e-01	-1.017229786869772e+00	3538
-4.040494216739327e-01	-2.924013246658219e-01	3539
5.258841533147088e-02	-1.299279298906793e+00	3540
2.087015094301924e-01	-1.373872696470070e+00	3541
1.018973913619926e+00	-5.633865168104844e-03	3542
-4.219773732378566e-01	3.896123120842886e-01	3543
-4.094646210061844e-01	-6.349092547508601e-01	3544
-7.356278091083489e-02	1.208734158642241e+00	3545
1.377667688281049e+00	-7.375712808996768e-01	3546
1.022541443297770e+00	8.793433940944392e-03	3547
1.031731303429477e+00	-8.124243258455547e-03	3548
1.027654550550951e+00	-6.776965019617319e-03	3549
1.390022931439528e+00	-6.434060365218810e-01	3550
1.393961132801688e+00	-5.568029296730145e-01	3551
1.073392157478239e+00	-3.595690072667768e-02	3552
8.177030167989853e-01	-1.404633520771261e+00	3553
1.014161672156897e+00	9.293569786340631e-04	3554
1.059739477694422e+00	2.500868758863147e-02	3555
1.387657749919628e+00	-4.698375599389856e-01	3556
-2.233654437750638e-01	3.352868008300001e-02	3557
-1.868768036747179e-01	1.940052709717588e-02	3558
-3.604081474404346e-01	1.519899051411830e-01	3559
-3.574482008309628e-01	-1.523429869767164e-01	3560
-2.669933263115272e-01	5.001008578444467e-02	3561
-3.402169995504962e-01	-1.160887589600890e-01	3562
-3.243973032438439e-01	8.163393925488657e-02	3563
-3.234595486751621e-01	-8.488744761787943e-02	3564
1.260543106804128e+00	1.514490743477269e-01	3565
1.271171638486132e+00	-1.600460384115688e-01	3566
1.325391913293516e+00	-2.555017905925577e-01	3567
1.299593611883576e+00	-2.062329383432467e-01	3568
1.320061807767203e+00	2.548334856787436e-01	3569
1.349579740865509e+00	-3.099848166732533e-01	3570
1.347131639410836e+00	3.211919490008315e-01	3571
1.371496499665288e+00	-3.827472495350456e-01	3572
1.368935729942363e+00	3.956489091964067e-01	3573
1.382839765758509e+00	4.788680574425955e-01	3574
1.388379754280006e+00	5.680422917436567e-01	3575
1.382494606401752e+00	6.667552763291613e-01	3576
1.364769472040521e+00	7.727650504620068e-01	3577
-4.045312574569784e-01	2.802470919862039e-01	3578
-3.906649480248809e-01	-2.406426144630660e-01	3579
-4.149578834647861e-01	-3.466718388031110e-01	3580
1.329713161191602e+00	8.914143282740015e-01	3581
1.265100798537129e+00	1.031509192744562e+00	3582
1.147095734863410e+00	1.187397620340468e+00	3583
9.907868318930639e-01	1.322102405373220e+00	3584
1.171865734208920e+00	-7.269963471860237e-02	3585
1.218285514586996e+00	-9.198911337976134e-02	3586
1.231957934585947e+00	1.135881464547336e-01	3587
-3.907467718570288e-01	-7.177186257370778e-01	3588
-3.575234047737096e-01	-8.144581376233939e-01	3589
1.042541871880589e+00	1.323880509274940e-02	3590
1.016090726731280e+00	1.928151942873675e-03	3591
6.676717258243590e-02	1.482665875685276e+00	3592
1.085922664780305e+00	3.915334018495244e-02	3593
1.175435787391313e+00	-1.387928084031349e+00	3594
1.026092740438139e+00	-3.043238356367831e-03	3595
4.875056600794069e-01	-1.600563410612267e+00	3596
-4.098357564822512e-01	-1.548209915869187e-01	3597
-3.050552988132004e-01	4.499973060090587e-02	3598
-3.698225442953229e-01	7.850567355153165e-02	3599
1.121549929757816e+00	-4.233723357579926e-02	3600
1.165734007970305e+00	6.507362910538900e-02	3601
7.114457026650233e-01	1.597972571157642e+00	3602
-2.262062729226980e-01	1.246823401813353e+00	3603
-4.935177531424561e-01	4.153746637153664e-01	3604
2.590034678212695e-01	-1.558258337092442e+00	3605
-4.826542093648036e-01	7.490555436208722e-01	3606
-5.005207291533255e-01	-5.202762868853646e-01	3607
1.157022403248740e+00	-5.403390392208740e-02	3608
-3.111421575872194e-01	-1.147644879503710e+00	3609
9.778865364652845e-01	-1.518230911055438e+00	3610
-4.944234444278935e-01	-4.431303544001532e-01	3611
-3.915769567382668e-01	1.140262063595986e-01	3612
1.070354202124636e+00	-2.671287260953729e-02	3613
-3.830268285077199e-01	-1.024566670645010e+00	3614
1.067530524498636e+00	2.997198514586652e-02	3615
-2.530286858428769e-01	-3.228576053822596e-02	3616
-4.839126630494635e-01	-3.713790398338355e-01	3617
1.285312823829087e+00	-1.209952248760750e-01	3618
1.307713332204438e+00	1.538839058221158e-01	3619
1.352466323208088e+00	-2.100224115985150e-01	3620
1.212828630440623e+00	8.638742904633601e-02	3621
1.381350053026012e+00	2.689318759850302e-01	3622
9.567661010499188e-01	1.519833566180832e+00	3623
1.053794080833344e+00	1.306395357842142e-02	3624
-5.012786846892908e-01	4.876416145757388e-01	3625
2.540421353029709e-01	1.562903433079219e+00	3626
4.695849612483692e-01	1.606376680821447e+00	3627
1.307223781248099e+00	-1.221726493296917e+00	3628
1.384967282687895e+00	-1.073497042849271e+00	3629
-4.127051838892986e-01	1.535058962959160e-01	3630
1.095510729979250e+00	4.063266825853209e-02	3631
-4.985648002191636e-01	6.528732536967810e-01	3632
1.060789052783373e+00	-1.573212626789004e-02	3633
1.054320216493121e+00	-1.289799516041823e-02	3634
1.126448434984669e+00	4.867353714868558e-02	3635
-2.366260152246519e-01	1.556171480923848e-03	3636
-4.325110107306037e-01	1.944863274242079e-01	3637
-4.311697993076835e-01	-1.998479015835296e-01	3638
1.036118395934069e+00	1.012703153909228e-02	3639
1.084851109096064e+00	-3.818246101467606e-02	3640
-4.553240565656670e-01	8.553387799134547e-01	3641
-2.542245990013753e-01	2.932419679468564e-02	3642
1.047944496645775e+00	-9.574331914392133e-03	3643
1.041051681009406e+00	-6.734987445593376e-03	3644
-2.160159020279713e-01	-1.262081021406820e+00	3645
-3.275046340075813e-01	1.115868395799422e+00	3646
-5.033567387086283e-01	5.653780147335212e-01	3647
-4.061590803916881e-01	9.818527424247394e-01	3648
1.018544992259155e+00	4.065509139183619e-03	3649
1.432267577447187e+00	-9.422403838018819e-01	3650
1.016121821453633e+00	-1.705998758317317e-03	3651
-4.512159576909784e-01	-2.521552918213981e-01	3652
-4.683163457421928e-01	2.938108367988336e-01	3653
-9.491001589522904e-02	-1.376082727338672e+00	3654
6.166937938412791e-02	-1.477919501687210e+00	3655
1.018613747025300e+00	-3.806220663737592e-03	3656
-4.984234330566122e-01	-6.061519998778629e-01	3657
-4.332621399841831e-01	-9.072405704571705e-01	3658
-9.300262973536388e-02	1.375580367672193e+00	3659
1.461786051012452e+00	-8.168993018164726e-01	3660
1.035211950690704e+00	-4.883119572409769e-03	3661
1.032051459285162e+00	9.191297608047129e-03	3662
1.030855562467238e+00	-3.919602242399900e-03	3663
1.028266418217078e+00	7.832043909568881e-03	3664
1.474562905642171e+00	-7.026011238487209e-01	3665
1.344657735494962e+00	2.061585778054461e-01	3666
1.474832211252948e+00	-6.040585937514609e-01	3667
1.095410776107549e+00	-3.414354290014567e-02	3668
7.353910789105977e-01	-1.591927640950495e+00	3669
1.016122227433801e+00	1.112695810978601e-04	3670
1.060631179656655e+00	1.676895485605649e-02	3671
-2.114931281807292e-01	1.470283792710445e-02	3672
-3.886976263369545e-01	-1.149252477480736e-01	3673
-3.043654561966305e-01	-5.127753798692525e-02	3674
-3.680510435575452e-01	-8.073184778356764e-02	3675
1.319213955552788e+00	-1.624000545985579e-01	3676
1.384410906988125e+00	-2.619966619172368e-01	3677
1.416013576221012e+00	-3.297784224885219e-01	3678
1.414903947351494e+00	3.421952216599374e-01	3679
1.444840719036568e+00	-4.143406559567965e-01	3680
1.442023775625818e+00	4.266664869321961e-01	3681
1.465692945573249e+00	-5.080687291636767e-01	3682
1.461103516653405e+00	5.192551730406948e-01	3683
1.469259580964249e+00	6.229374247723533e-01	3684
1.465998473340388e+00	7.358051662113420e-01	3685
-4.512038625015181e-01	2.415467637937645e-01	3686
-4.688655048472489e-01	-3.071506061336442e-01	3687
-4.835036367317099e-01	3.524820689097388e-01	3688
1.446933504961049e+00	8.622493130667519e-01	3689
1.401556061992140e+00	1.010394194437011e+00	3690
1.308112837446035e+00	1.188061514206914e+00	3691
1.180220410130262e+00	1.386566395187680e+00	3692
1.199773676516639e+00	-6.880126476389452e-02	3693
1.253758798339811e+00	-8.743945495691376e-02	3694
1.272514085263620e+00	1.129691205776708e-01	3695
-4.890774953797538e-01	-6.957364037619790e-01	3696
-4.681932249258706e-01	-7.975444539656048e-01	3697
1.022714619065673e+00	-1.888234713961924e-03	3698
-5.729688670427446e-01	8.280721816529214e-01	3699
1.248956984904860e+00	8.288875090849737e-02	3700
-2.684525864796305e-01	-3.230751731786745e-06	3701
-5.406908309385670e-01	3.059669752677944e-01	3702
1.172688078737303e+00	-1.600612985073348e+00	3703
1.141823876368928e+00	-3.841990997230498e-02	3704
9.152624378096953e-02	-1.683106478777122e+00	3705
-4.178488860256678e-01	-7.364590793930531e-02	3706
-1.075230644850131e-01	1.566939262631998e+00	3707
1.068088952715505e+00	2.114675011699509e-02	3708
-2.872645359574258e-01	2.304573917078045e-02	3709
-3.884170997320103e-01	1.265908258593546e+00	3710
1.194316639909278e+00	6.265486462510401e-02	3711
1.412060013216006e+00	-2.092966005267791e-01	3712
6.165799538844662e-01	-1.787814815350076e+00	3713
-4.953478945386960e-01	1.964228667963358e-01	3714
-5.863037473532826e-01	5.237211268810152e-01	3715
-5.877650734968487e-01	7.163165560829489e-01	3716
-5.877431325450575e-01	-6.600608583268992e-01	3717
5.952356958562181e-01	1.793979504877911e+00	3718
3.377403843790442e-01	-1.762655681407515e+00	3719
-5.861591138920421e-01	-5.646791430154912e-01	3720
-5.620069630645091e-01	-3.960189021483314e-01	3721
-5.405701251795321e-01	9.601405487780731e-01	3722
1.018318125163965e+00	-7.991706048056544e-04	3723
1.035049847641411e+00	5.499940419423223e-03	3724
1.033906798881200e+00	-4.333634120780401e-04	3725
1.029102650208548e+00	-4.285059672574316e-05	3726
1.451216052092034e+00	2.816767116006670e-01	3727
-5.596566285861770e-01	3.721698985995676e-01	3728
1.332622986508470e+00	-1.169264161906720e-01	3729
-4.620573455050076e-01	-1.152054893473909e+00	3730
1.157320148023343e+00	1.605195559218452e+00	3731
8.899308049410419e-01	1.740156422347890e+00	3732
1.109971271126698e+00	3.661816673642965e-02	3733
-5.774930179390731e-01	-4.747835389968140e-01	3734
1.021317310132577e+00	-4.226771164574525e-03	3735
8.819579440327366e-02	1.686735119709376e+00	3736
1.068986040172926e+00	-1.950987085991041e-02	3737
-4.707392959124607e-01	1.504126422010887e-01	3738
-3.462584353033927e-01	4.308096822235002e-02	3739
-3.458653883751436e-01	-4.561817873609560e-02	3740
-2.864171976550488e-01	-2.635942209655610e-02	3741
-2.672592145077444e-01	1.420313006147898e+00	3742
-5.748848740921535e-01	4.426884338622340e-01	3743
-4.686937662499469e-01	-1.540803085377559e-01	3744
1.181760061395409e+00	-4.956641673523163e-02	3745
-5.199541225141701e-01	-1.012765018638687e+00	3746
9.104926133010197e-01	-1.736914288544711e+00	3747
-4.458921774324434e-01	1.100318498872469e-01	3748
1.047960659153388e+00	9.813960711149811e-03	3749
1.110060654310248e+00	-3.254593832051996e-02	3750
1.060588903687735e+00	8.728703749526385e-03	3751
3.229913924781100e-01	1.767570165620456e+00	3752
1.359687029313814e+00	-1.399446349182339e+00	3753
1.468319401927543e+00	-1.212196218630826e+00	3754
1.149777488595083e+00	4.650858461449202e-02	3755
1.060389360402283e+00	-7.825250554985423e-03	3756
1.080991468789730e+00	-2.778446957268691e-02	3757
1.054032435701385e+00	-5.664102777105280e-03	3758
1.041486877865968e+00	7.262656313605608e-03	3759
1.046571677508114e+00	-3.105624113177617e-03	3760
-3.757967226501757e-01	-1.296682843420970e+00	3761
-5.921183950155348e-01	6.134884629749735e-01	3762
-4.810326542412750e-01	1.114412440233950e+00	3763
1.021239955455844e+00	4.527457575741659e-03	3764
1.526766091300427e+00	-1.050802635761167e+00	3765
-5.195806886896064e-01	-2.600761814806493e-01	3766
-2.620988386456195e-01	-1.430612123402316e+00	3767
-1.088564352976789e-01	-1.566335509429619e+00	3768
1.558019716810309e+00	-9.060149285622932e-01	3769
1.039542735866706e+00	-1.343878949060932e-03	3770
1.031459243368532e+00	4.909143088186327e-03	3771
1.571263895743425e+00	-7.715243744716660e-01	3772
1.568669351308889e+00	-6.537938855911026e-01	3773
1.018302463352607e+00	1.055389678871022e-03	3774
-4.202254862523793e-01	7.174062282833348e-02	3775
-4.428485380001791e-01	-1.113969949044625e-01	3776
1.372544912494257e+00	-1.606820435614121e-01	3777
1.361883905920623e+00	1.551589904729271e-01	3778
1.452664208685176e+00	-2.715586753140380e-01	3779
1.407040112905424e+00	2.122101141067970e-01	3780
1.493313050802155e+00	-3.507811016845931e-01	3781
1.492507498079971e+00	3.643264089322418e-01	3782
1.529196369445164e+00	-4.449434914512549e-01	3783
1.526454303659158e+00	4.580092997960512e-01	3784
1.554460908682179e+00	-5.482474661960517e-01	3785
1.550333887984043e+00	5.649142487694579e-01	3786
1.563360323282277e+00	6.826954135934007e-01	3787
-5.185875515186147e-01	2.480453726106222e-01	3788
-4.952123007771998e-01	-2.048375927535748e-01	3789
-5.425965414044021e-01	-3.232319138452915e-01	3790
1.562023759870304e+00	8.155736266898126e-01	3791
1.537051605109351e+00	9.716406187144909e-01	3792
1.471788568209967e+00	1.161785883961711e+00	3793
1.369128828678965e+00	1.368910787990155e+00	3794
1.231068873717122e+00	-6.283513059591479e-02	3795
1.294194323587304e+00	-8.110508626868604e-02	3796
1.318755577941745e+00	1.091163661509154e-01	3797
-5.566847402201823e-01	-8.852346291675625e-01	3798
-5.793472847260551e-01	-7.665050785061606e-01	3799
-1.054468968322375e-01	-1.787681082122694e+00	3800
1.175571316946436e+00	4.269085086282216e-02	3801
-3.065222073874809e-01	1.620867392684332e+00	3802
-4.733908924012672e-01	-6.361721614124605e-02	3803
-6.256906894074288e-01	-3.394750494770360e-01	3804
1.131816086594877e+00	3.096763540231394e-02	3805
1.164257242733201e+00	-3.273259496954816e-02	3806
-5.594056967844468e-01	1.264823378968818e+00	3807
-6.834913766417160e-01	5.618642482388668e-01	3808
-6.906247918903365e-01	7.859627202523962e-01	3809
1.025347204657043e+00	5.897068851587000e-04	3810
1.266695930649326e+00	-5.365681886654540e-02	3811
7.788700909940580e-01	1.976646054249475e+00	3812
-3.926413856992512e-01	-4.024171202926437e-02	3813
1.079103749833332e+00	2.686707968866169e-02	3814
1.126915270352051e+00	-2.579310273763250e-02	3815
1.068402876211553e+00	1.237177677054927e-02	3816
4.367359900494478e-01	1.990443190887464e+00	3817
1.052261231796243e+00	1.350962020268613e-03	3818
-6.592233681788169e-01	-9.828454944238781e-01	3819
1.507170688335820e-01	-1.915160733700506e+00	3820
1.045535534960534e+00	3.129134685018437e-03	3821
1.020324856729931e+00	1.790577311002713e-03	3822
-3.865011478675939e-01	-1.433871906692998e-03	3823
-3.234645308134725e-01	1.169084690039428e-02	3824
1.531876114398798e+00	2.934866992135741e-01	3825
1.289253892352052e+00	1.541441369585073e+00	3826
1.209326558391269e+00	-4.200453879296449e-02	3827
-6.846899933704256e-01	-6.100464088283117e-01	3828
-6.181822940567915e-01	-1.134132372957322e+00	3829
-6.748859184470559e-01	9.220437692926824e-01	3830
1.480684638859272e+00	-2.090513018005503e-01	3831
-6.811273591434068e-01	-8.465774335183729e-01	3832
1.133650044017508e+00	-1.848233454552975e+00	3833
-1.101760173166650e-01	1.787515874444303e+00	3834
1.099453649471369e+00	2.679519615791953e-02	3835
-4.541078235229769e-01	1.440242231984908e+00	3836
1.226084697381835e+00	5.804498437501728e-02	3837
4.565117645741409e-01	-1.984879009089804e+00	3838
-6.716644830733011e-01	-5.103982639619813e-01	3839
-6.358472247527328e-01	1.084207638243478e+00	3840
1.024741863642908e+00	5.789785651224367e-03	3841
1.027473032060584e+00	3.765182696963586e-03	3842
1.289720954851487e+00	7.687112641770556e-02	3843
1.385316523515654e+00	-1.090534438768890e-01	3844
-6.897100376402178e-01	-7.208784760521009e-01	3845
1.113199179408183e+00	1.853853427913563e+00	3846
-6.666307520254318e-01	4.705163487863104e-01	3847
1.020559501174741e+00	-6.779680522667678e-04	3848
1.377013581109979e-01	1.918327704389222e+00	3849
1.068263042909034e+00	-1.088174541922766e-02	3850
-3.912582762170485e-01	3.401035965205384e-02	3851
-3.135899240287640e-01	-1.378099583097836e-02	3852
-6.510447918702350e-01	-4.188093753236621e-01	3853
-6.462457887726637e-01	3.898728685627973e-01	3854
-5.357573144649840e-01	1.448385879232544e-01	3855
-5.350086365772725e-01	-1.512593670620146e-01	3856
7.982392251680216e-01	-1.972268438831240e+00	3857
-5.056963163839729e-01	1.007055331344285e-01	3858
-4.761882124031216e-01	6.162355226574723e-02	3859
1.101361406144516e+00	-2.114704534598751e-02	3860
1.092599343645849e+00	-2.096444592567360e-02	3861
1.053792189371796e+00	5.642579403647159e-03	3862
1.394380242630446e+00	-1.620269482224900e+00	3863
1.549759233462662e+00	-1.385193137096029e+00	3864
1.078582311980542e+00	-2.143991762172654e-02	3865
1.059427365431763e+00	-2.027454331175377e-04	3866
-5.484744419839117e-01	-1.300272153408119e+00	3867
-6.925548725856421e-01	6.685143467182927e-01	3868
1.632148505904190e+00	-1.180659861399857e+00	3869
-5.665405620524369e-01	-2.058714427865169e-01	3870
-5.944061963792532e-01	2.518525733417692e-01	3871
-4.428367910703481e-01	-1.467213395617077e+00	3872
-3.025889613297936e-01	-1.628601046088793e+00	3873
1.669323924253818e+00	-1.006139438498310e+00	3874
1.681484725653114e+00	-8.505660329556018e-01	3875
1.676526231132376e+00	-7.105540069016302e-01	3876
-5.031647070761803e-01	-1.036108424364539e-01	3877
1.477966300752671e+00	2.163257938476230e-01	3878
1.532018590334290e+00	-2.810491960874634e-01	3879
1.423908848989533e+00	1.528829664926750e-01	3880
1.431809508129977e+00	-1.529904236763327e-01	3881
1.582279636655877e+00	-3.709924778552970e-01	3882
1.581786578658665e+00	3.854530749007127e-01	3883
1.625057622005716e+00	-4.764571636300288e-01	3884
1.622833387789407e+00	4.931078937602533e-01	3885
1.656811633380916e+00	-5.884165981526144e-01	3886
1.653845851872604e+00	6.136122303370813e-01	3887
-5.655134766827967e-01	1.954727116336865e-01	3888
-5.970677891191901e-01	-2.670774544712782e-01	3889
-6.219171245534589e-01	3.180422609411683e-01	3890
1.671977934334705e+00	7.508175256427864e-01	3891
1.669156967404489e+00	9.134239284526833e-01	3892
1.633054325203942e+00	1.111717853086750e+00	3893
1.557333454338450e+00	1.334129593447150e+00	3894
1.339817486122192e+00	-7.078209850854181e-02	3895
1.371709432285616e+00	1.031178680852653e-01	3896
-5.218922624206408e-01	1.644027750074178e+00	3897
-7.939631820464704e-01	6.054398898197507e-01	3898
1.077006834163714e+00	1.705470769150056e-02	3899
-7.897143421499002e-01	1.034230922032710e+00	3900
1.113685686169773e+00	2.216759863914932e-02	3901
-4.391688417309238e-01	-2.073912643007941e-02	3902
1.267513755957393e+00	-1.785918316232278e+00	3903
1.204210558070484e+00	3.651532003037292e-02	3904
1.302664158670981e+00	1.739792927430535e+00	3905
1.023280013908603e+00	1.256920081825532e-03	3906
1.560179377815367e+00	-2.068537813228360e-01	3907
1.262013730077421e+00	4.965366611191599e-02	3908
-3.301933096720454e-01	-1.861925608723406e+00	3909
1.146780644213847e+00	-1.907226205438057e-02	3910
-7.416401242923440e-01	1.233887895553143e+00	3911
1.044443256109395e+00	-2.127275557149752e+00	3912
2.314587828190814e-01	2.176595389070351e+00	3913
-5.340383652488129e-01	-4.913322347260801e-02	3914
1.799576814671321e+00	-7.765722405736867e-01	3915
-7.134023399419458e-01	3.265508081397518e-01	3916
1.624427715356062e+00	3.032919365905511e-01	3917
-7.972764356583107e-01	-6.596928418340284e-01	3918
1.116196053431730e+00	-1.888360972672978e-02	3919
1.795648565243879e+00	-1.124640180534319e+00	3920
-8.077715657450553e-01	8.674788897057492e-01	3921
-4.414573690354277e-01	2.048647860195521e-02	3922
-6.795354023279656e-01	2.547685163009718e-01	3923
2.509041659774756e-01	-2.172718764268448e+00	3924
1.336537941133254e+00	6.688041807479347e-02	3925
1.499496081081927e+00	-1.434723896505653e-01	3926
-6.081483929415966e-01	1.359051046557771e-01	3927
1.488278952954547e+00	1.521856436060675e+00	3928
1.240166493562971e+00	-3.190290596475900e-02	3929
1.494470930829089e+00	1.479741851851791e-01	3930
-3.380956741125355e-01	1.854152534653983e+00	3931
-7.783582072901123e-01	-5.464023519331925e-01	3932
1.156032473025090e+00	2.584952316818439e-02	3933
-6.494000539941127e-01	1.436409370578684e+00	3934
1.023957492417784e+00	2.132629386164132e+00	3935
6.152033685615569e-01	2.218818523061311e+00	3936
-7.988499260312134e-01	-9.344302141384879e-01	3937
-7.475418355188360e-02	-2.043090613326648e+00	3938
1.188555488936973e+00	-2.508375379380733e-02	3939
-7.762370961871491e-01	-1.094698635643780e+00	3940
1.306749687354808e+00	-4.185295187675499e-02	3941
-8.052630554883814e-01	-7.910216803170131e-01	3942
-8.836577686696821e-02	2.042124459804763e+00	3943
1.089270668968963e+00	1.625672050603792e-02	3944
-7.711690340341617e-01	4.977980955957262e-01	3945
1.067254372359436e+00	-2.600830890777380e-03	3946
-7.522926814179692e-01	-4.434412001446900e-01	3947
-7.453868159162428e-01	4.071134536069851e-01	3948
-7.198327252165130e-01	-3.524763546835637e-01	3949
6.342065358630083e-01	-2.213753107299078e+00	3950
-5.721568054002846e-01	8.730570583479667e-02	3951
-5.366447975669535e-01	4.625325732514322e-02	3952
1.067661614254226e+00	3.368267002102570e-03	3953
1.622713580390434e+00	-1.603083369621233e+00	3954
1.077347582852588e+00	-1.448768448755748e-02	3955
-7.273959918611226e-01	-1.276337173829316e+00	3956
-8.067391205573724e-01	7.283056881258363e-01	3957
1.741939169887912e+00	-1.344258195552904e+00	3958
-6.467790530976874e-01	-2.035144749302649e-01	3959
-6.429054273172828e-01	-1.475303265236362e+00	3960
-5.119972710338905e-01	-1.667081412704957e+00	3961
1.808905393930216e+00	-9.391034205667323e-01	3962
-5.707610947754881e-01	-9.239477748434953e-02	3963
1.623488329257952e+00	-2.891639976519904e-01	3964
1.559532260868163e+00	2.172404318235479e-01	3965
1.443244902878757e+00	-9.445867960576865e-02	3966
1.683633668382760e+00	-3.915268407320953e-01	3967
1.683815290401408e+00	4.087191211234623e-01	3968
1.734937619338164e+00	-5.060132567756221e-01	3969
1.734257798697211e+00	5.292042643645681e-01	3970
1.774440240257228e+00	-6.323393633373373e-01	3971
-6.439585306935747e-01	1.903921346537467e-01	3972
-6.087544952634446e-01	-1.445579322116461e-01	3973
-6.842908454124870e-01	-2.738487575799427e-01	3974
1.773463720662976e+00	6.681632338764474e-01	3975
1.794622594543733e+00	8.348932465235054e-01	3976
1.788497451666669e+00	1.038321630915755e+00	3977
1.743883427391994e+00	1.274381753557327e+00	3978
1.390752056807496e+00	-5.654328979158128e-02	3979
1.431978094403880e+00	9.261062262198752e-02	3980
-7.472171206945406e-01	1.637484101049933e+00	3981
-8.525871568306396e-01	1.405044843806011e+00	3982
-9.175407309937779e-01	1.169200236134868e+00	3983
-3.347981441548207e-01	-2.135870351133233e+00	3984
1.296751371890386e+00	2.017992338076118e+00	3985
1.140505456571004e+00	1.216825675881720e-02	3986
-5.868927659885151e-01	1.883814781945460e+00	3987
1.129499445245812e+00	-1.002439463104575e-02	3988
-4.950833353671126e-01	-4.917774340426352e-03	3989
1.933730841008788e+00	-1.275236656304326e+00	3990
1.389510758825367e+00	5.382156983797456e-02	3991
1.215377393818461e+00	-1.382089135343356e-02	3992
-8.557316584723199e-01	4.240835525737803e-01	3993
1.182169448545446e+00	1.867058135198348e-02	3994
1.168672625612385e+00	-1.041753466209356e-02	3995
1.275060919075270e+00	-1.786229709448568e-02	3996
-7.319099910149623e-01	1.832500597456837e-01	3997
-9.001961274379909e-01	-5.834792903898942e-01	3998
3.930145030143016e-01	2.453068715293822e+00	3999
-2.484113289818351e-02	2.332967891531065e+00	4000
1.954836941124153e+00	-1.043120246599901e+00	4001
1.076033154713644e+00	-3.747308038166106e-03	4002
-3.807642387101342e-03	-2.333291743490954e+00	4003
1.505930580843014e+00	-1.816914979270905e+00	4004
-5.746223491506907e-01	-1.905507632006257e+00	4005
8.911692545302936e-01	-2.425355661146483e+00	4006
1.728139434377812e+00	-2.967934604981574e-01	4007
-6.011057981326376e-01	-2.880417286258835e-02	4008
1.651880489897602e+00	-2.020658116705154e-01	4009
1.102759438619306e+00	1.312113671833139e-02	4010
1.106821586944276e+00	-7.533040479409527e-03	4011
1.235641892845772e+00	2.766068861072035e-02	4012
1.079643291114870e+00	6.976335064913936e-03	4013
1.302545180473176e+00	3.813386390482160e-02	4014
1.129268723111265e+00	1.329115151886099e-02	4015
1.941772591960886e+00	-8.502530511232808e-01	4016
-9.253769111493690e-01	-7.169105408587572e-01	4017
1.730336261028197e+00	3.136152361791114e-01	4018
-9.407094982897020e-01	9.650640689216796e-01	4019
-9.188466893483719e-01	6.537071845709007e-01	4020
-8.664725205401081e-01	-4.685552763068112e-01	4021
1.351418556882156e+00	-2.538259556975001e-02	4022
1.508775471537438e+00	-7.622367640310991e-02	4023
-8.267049709731814e-01	-3.648977278762981e-01	4024
-8.166321685476295e-01	3.315657133215030e-01	4025
1.542137806715316e+00	1.757080657077951e+00	4026
1.653081539460015e+00	2.147267128773610e-01	4027
-3.505474365374363e-01	2.127138959230169e+00	4028
-8.901611314964744e-01	5.280693334014821e-01	4029
8.713139500154273e-01	2.430720068855035e+00	4030
-9.368769615533749e-01	-8.677829782238039e-01	4031
-9.336978813150351e-01	-1.034104222631899e+00	4032
-6.028805736859563e-01	2.432365702246417e-02	4033
4.130902706781129e-01	-2.449167244411292e+00	4034
-6.453284084664480e-01	7.024219817262356e-02	4035
-9.079767697117729e-01	-1.226241826098448e+00	4036
-9.374927960398431e-01	7.959662076592470e-01	4037
1.852574874551972e+00	-1.552717641299498e+00	4038
-7.825354140248273e-01	-2.761200153038222e-01	4039
-8.486642653754563e-01	-1.443756627385929e+00	4040
-7.408272793196758e-01	-1.680847121908875e+00	4041
-6.909803073012886e-01	-1.326791344584699e-01	4042
1.575054974043544e+00	1.380008327416551e-01	4043
1.577314203144632e+00	-1.299164794110758e-01	4044
1.694716823318443e+00	1.478675853348751e+00	4045
1.799400418399030e+00	-4.086534123478708e-01	4046
1.801340192103555e+00	4.308593647382299e-01	4047
1.860882877740582e+00	-5.362369647402848e-01	4048
-6.453103013225571e-01	-7.744677798905369e-02	4049
-6.885132687643983e-01	1.215789503506734e-01	4050
-7.374587751904209e-01	-1.996851825731140e-01	4051
-7.749607845065514e-01	2.530381024607343e-01	4052
1.862946817141693e+00	5.684586514613015e-01	4053
1.908807855401708e+00	-6.835161507998544e-01	4054
1.909728222314326e+00	7.361673277471338e-01	4055
1.934551940455549e+00	9.415771547139324e-01	4056
1.924701522464916e+00	1.187057008975757e+00	4057
1.446262445900454e+00	-3.515607684545163e-02	4058
1.500601414004464e+00	7.859744779899019e-02	4059
1.220850360418197e+00	2.353587647190523e+00	4060
1.245216004362501e+00	4.263400688121127e-04	4061
-1.070332590552152e+00	-7.807364143911423e-01	4062
-8.483947843164743e-01	1.876440256985792e+00	4063
6.434088858739391e-01	2.729473726393820e+00	4064
1.358503826344574e+00	-2.014039920192114e+00	4065
-6.393190501311173e-01	2.168250409755261e+00	4066
1.160203230399863e+00	5.578046798233890e-03	4067
1.206152368119666e+00	-2.398013071235612e+00	4068
1.313961357486485e+00	-7.176711490993399e-04	4069
1.270812754046762e+00	1.437243146352805e-02	4070
1.210570972932633e+00	8.895613131516622e-03	4071
-6.247280747146992e-01	-2.194802680973126e+00	4072
1.763354573998185e+00	-1.794060851934687e+00	4073
1.449974292374061e+00	3.517617520976171e-02	4074
-1.090613954897357e+00	1.084088452214742e+00	4075
1.348820330927624e+00	2.175357239548014e-02	4076
1.145717328833140e+00	-7.110379442613424e-05	4077
-9.811242095651873e-01	4.394812959815135e-01	4078
1.580858019230195e+00	2.040819879055084e+00	4079
-6.753995006706875e-01	-3.786783986765351e-03	4080
-8.396398791470594e-01	-1.925535978000679e+00	4081
1.400078655105127e+00	-4.245719613205433e-03	4082
1.667239638078210e+00	1.228736414342685e-01	4083
1.851873492376873e+00	3.207110199420444e-01	4084
-9.328451729030121e-01	3.362459753312023e-01	4085
-9.791371909865826e-01	1.600698234571751e+00	4086
-1.057044969734140e+00	1.332868427489189e+00	4087
-1.061748357889832e+00	7.063585221194852e-01	4088
1.760490888953516e+00	2.110308166199466e-01	4089
2.079572763294284e+00	-1.469028720257892e+00	4090
1.666974285074605e+00	-1.121419232058623e-01	4091
1.192170208644474e+00	3.898651820360732e-04	4092
-9.471475646245944e-01	-3.773432958309494e-01	4093
-1.039127069133963e+00	-6.254319266773528e-01	4094
1.047217129583780e-01	2.660353261649285e+00	4095
2.118971057366144e+00	-1.175464788756046e+00	4096
1.086220033407956e+00	-7.986840851032441e-03	4097
-3.046075146331560e-01	-2.457233990953799e+00	4098
1.277004706624449e-01	-2.659320679782276e+00	4099
6.643356212115566e-01	-2.724762585478655e+00	4100
1.116672106010843e+00	7.507866733086892e-03	4101
1.092595228816486e+00	4.021316398205819e-03	4102
2.105437757334307e+00	-9.363811180489487e-01	4103
1.902432684532896e+00	1.404625614161647e+00	4104
1.757292453258725e+00	-1.955849892345556e-01	4105
-8.936039433972296e-01	-2.754790803310528e-01	4106
-3.297901272164099e-01	2.450538345645446e+00	4107
-1.024556187816291e+00	5.626021418470344e-01	4108
-9.962984022998301e-01	-4.920280607179354e-01	4109
-1.086691670142352e+00	8.765740605335119e-01	4110
-1.088093821287989e+00	-9.527820189348077e-01	4111
-1.086812664937259e+00	-1.151145677468522e+00	4112
-7.786170842792939e-01	1.036751737686600e-01	4113
-8.817209254233930e-01	2.460234558773719e-01	4114
-1.055745362060256e+00	-1.381916046015712e+00	4115
-9.837438140195470e-01	-1.646435706061870e+00	4116
1.583261395422066e+00	-5.198552817190485e-02	4117
1.793920328630010e+00	1.715018128586985e+00	4118
1.847486254670512e+00	-2.996970494146643e-01	4119
1.931731680611978e+00	-4.237887068986697e-01	4120
-7.277090865311813e-01	-5.521731721919212e-02	4121
-7.258413505944591e-01	4.578153026741652e-02	4122
-7.835991473953444e-01	-1.173815978763484e-01	4123
-8.386736774816473e-01	-1.907851585715587e-01	4124
-8.300531650152091e-01	1.702252660305146e-01	4125
1.936838538079649e+00	4.533510877682761e-01	4126
2.004842075910550e+00	-5.711361499181670e-01	4127
2.010514078216561e+00	6.182539640302782e-01	4128
2.063938333764000e+00	-7.397860003229044e-01	4129
2.067226461502720e+00	8.219594334539654e-01	4130
2.094834452204725e+00	1.071629031447095e+00	4131
1.508473815034121e+00	-8.797235445164794e-03	4132
1.578411906741741e+00	5.805228376954317e-02	4133
-6.698994453448427e-01	2.508994435754884e+00	4134
1.880808581183059e+00	2.005447261119285e+00	4135
2.249019336653474e+00	9.288547886246084e-01	4136
-1.256446585989109e+00	9.758228459673555e-01	4137
-1.256261133875007e+00	1.231523657043876e+00	4138
-1.225196816541823e+00	7.682075057023547e-01	4139
1.983648428502945e+00	-2.982458935501894e-01	4140
-1.196188486818962e+00	-6.736215906838927e-01	4141
-1.083479116518799e+00	-3.858921023560260e-01	4142
-1.236519956464742e+00	-8.494102408234541e-01	4143
3.317337284174275e-01	3.006311909555458e+00	4144
1.883444696812800e+00	2.021418708822306e-01	4145
1.045148549393160e+00	-2.728538738313869e+00	4146
3.556646324553401e-01	-3.003610316042948e+00	4147
1.991630529815884e+00	3.253213925032131e-01	4148
-1.001882648068179e+00	2.367411719086146e-01	4149
-9.447381595910648e-01	2.163725542909968e+00	4150
-1.117414236900261e+00	-1.890141607150071e+00	4151
-1.116741519756700e+00	1.832756875663980e+00	4152
1.633087129285898e+00	-2.040018958819019e+00	4153
-9.304983582233725e-01	-2.215916524034746e+00	4154
1.877435720000074e+00	-1.829857529656216e-01	4155
2.104255448296173e+00	1.297307791129971e+00	4156
2.092970110100195e+00	4.830963538649788e-01	4157
1.051815385890190e+00	2.717418692812012e+00	4158
1.512801825874229e+00	-2.296919352171301e+00	4159
1.418473655293856e+00	2.270514619574619e+00	4160
-1.019370867014078e+00	-2.735071733869082e-01	4161
-1.213749571816636e+00	1.521914556097359e+00	4162
2.024252909641621e+00	-1.729424952424294e+00	4163
-1.063921947410336e+00	3.370180248634716e-01	4164
-1.144214256936266e+00	-5.171569820460309e-01	4165
-1.177978670171298e+00	5.985930679405076e-01	4166
2.298247868421897e+00	-1.349413473447195e+00	4167
-6.402500667579319e-01	-2.536691620148297e+00	4168
-2.160397382495748e-01	-2.825760047782639e+00	4169
2.292615521935719e+00	-1.046086779855811e+00	4170
1.773464610215766e+00	1.046082005592125e-01	4171
1.770509405408162e+00	-9.111886550984240e-02	4172
-2.434179198545092e-01	2.821133764100105e+00	4173
-1.123789664931848e+00	4.574639925670488e-01	4174
-1.260769602509066e+00	-1.051840539641371e+00	4175
-8.168009129468309e-01	-1.053928430645798e-02	4176
-1.259969968980708e+00	-1.290492152060217e+00	4177
-1.222176245931969e+00	-1.567599715170849e+00	4178
1.659683091517098e+00	5.203262251563614e-03	4179
-9.523838251628599e-01	-1.763827061117528e-01	4180
-9.392873586204604e-01	1.505200121589660e-01	4181
-8.861500673116531e-01	-9.697050091432553e-02	4182
-8.776766200599321e-01	7.948225015915218e-02	4183
2.083101264527925e+00	-4.408363737319033e-01	4184
2.043123001861318e+00	1.628750779304399e+00	4185
2.170734937686039e+00	-6.080182076833227e-01	4186
2.182225712740174e+00	6.808000059600793e-01	4187
2.242928173033099e+00	-8.050208944396641e-01	4188
1.733079230492066e+00	2.288255982423457e+00	4189
-1.160556580204269e+00	-2.664664896961671e-01	4190
-1.426669734813884e+00	-9.280319282973776e-01	4191
6.486313069774209e-02	3.028236204015943e+00	4192
2.282608514122453e+00	1.502283498903618e+00	4193
-1.030962967521012e+00	2.511487289524463e+00	4194
-1.081095651780266e+00	-1.583456071192251e-01	4195
2.024481604249655e+00	1.880146980176929e-01	4196
7.908631654791213e-01	-3.079855403618879e+00	4197
1.805728645191641e+00	-2.277444928188649e+00	4198
-1.446249446524369e+00	1.102270684175221e+00	4199
9.469353814294415e-02	-3.027712719683261e+00	4200
1.414212095677604e+00	-2.648987611224711e+00	4201
2.013536563819845e+00	-1.645363258644760e-01	4202
-6.429072702225541e-01	2.915278653340333e+00	4203
7.816883836132054e-01	3.080494803983572e+00	4204
2.449582842159886e+00	-8.884493694039970e-01	4205
-1.212835767794162e+00	3.371264231342773e-01	4206
-1.136937139990905e+00	2.216024734822657e-01	4207
2.153227810975618e+00	3.335949278493939e-01	4208
2.293150647260012e+00	1.156671806450964e+00	4209
-1.443270877764910e+00	1.405449121390929e+00	4210
-1.353487196039888e+00	6.399471493161065e-01	4211
2.139600346303012e+00	-2.958554465320935e-01	4212
-1.375708787142276e+00	-7.237947714484814e-01	4213
-1.412190955276019e+00	8.448858055391641e-01	4214
-1.061217251888638e+00	1.269976450677641e-01	4215
-1.267015678077287e+00	2.118530587053578e+00	4216
1.927724289259152e+00	-2.008007097374072e+00	4217
-1.253637190554838e+00	-2.182392421693597e+00	4218
1.866014551010511e+00	5.131266240942231e-03	4219
1.888356626518986e+00	-6.249795502782427e-02	4220
2.362237411667626e+00	-6.499281874224134e-01	4221
-1.387547539006345e+00	1.744717497156899e+00	4222
-1.312615851051424e+00	-5.469760540640867e-01	4223
2.281816225522691e+00	-1.624110686983988e+00	4224
-1.000633770721150e+00	-2.567988890322824e+00	4225
-6.063957056162560e-01	-2.938393135315157e+00	4226
2.502338246419971e+00	-1.194330754577808e+00	4227
1.894818364497529e+00	7.931619512515212e-02	4228
-1.285393724068300e+00	4.753398427866578e-01	4229
-1.238395864169125e+00	-3.928732156834699e-01	4230
-1.405529647514443e+00	-1.803299777737286e+00	4231
-1.457338568205901e+00	-1.170384742068105e+00	4232
-1.456096495108288e+00	-1.456701346082582e+00	4233
-1.000454391515282e+00	-6.814361110347392e-02	4234
-9.871859904308946e-01	4.597499987700836e-02	4235
-9.273582377714149e-01	-6.322339317354944e-03	4236
2.257131142790583e+00	-4.565435922227541e-01	4237
2.275177316922068e+00	5.204508196001922e-01	4238
2.381911354937356e+00	7.606635694546875e-01	4239
1.676826359689929e+00	-2.564669181548395e+00	4240
2.041728547810612e+00	2.270065405276392e+00	4241
4.967508016495621e-01	3.393858448194147e+00	4242
-1.320242682248123e+00	-2.542044067068346e-01	4243
-1.585360948731768e+00	-2.092942431759203e+00	4244
5.097276456822606e-01	-3.391673931646346e+00	4245
1.189991315942287e+00	3.100638461563603e+00	4246
-1.661914339621067e+00	1.254241044223625e+00	4247
-2.818467194318129e-01	-3.206913178442096e+00	4248
2.685571515158338e+00	-1.005641328461326e+00	4249
-1.644055656667197e+00	-1.022172046467367e+00	4250
1.244697688866637e+00	-3.052926203004954e+00	4251
1.559270920282793e+00	2.552894156293207e+00	4252
2.528451443980485e+00	-1.476772756662808e+00	4253
-1.554848876542615e+00	6.917758116159337e-01	4254
-1.503312646699537e+00	-5.773625688438964e-01	4255
2.226180093525028e+00	1.841734541975410e+00	4256
-1.625011419966597e+00	9.461073712785606e-01	4257
-3.221747453565195e-01	3.199253081576194e+00	4258
2.110457414623591e+00	-2.253383461634953e+00	4259
-1.653039061823951e+00	1.612150400455137e+00	4260
-1.404249087078616e+00	2.465601136979659e+00	4261
-8.471923810272071e-01	2.816025686550780e+00	4262
2.225610788794186e+00	-1.924998816395112e+00	4263
-1.415185792130188e+00	-4.014695678853950e-01	4264
-1.470086692907555e+00	4.941142604896309e-01	4265
-1.289952354330626e+00	2.027002428410069e-01	4266
-1.224846364958435e+00	-1.348112216452824e-01	4267
2.457887780503063e+00	-4.730803832807836e-01	4268
2.341884168630932e+00	3.443517113411030e-01	4269
2.582903886010290e+00	-7.047505629943442e-01	4270
2.505761882586155e+00	1.336760487240418e+00	4271
2.188056025339985e+00	1.738197141836512e-01	4272
2.170460258698942e+00	-1.405875512162692e-01	4273
-1.581037072158101e+00	-7.797186845882998e-01	4274
-1.197428574564063e+00	9.452432031704847e-02	4275
-1.119184042350450e+00	-1.416088895687922e-02	4276
2.027909102304081e+00	9.689975443865557e-03	4277
-1.581167738910103e+00	2.011218701990453e+00	4278
-1.380778716100348e+00	-2.538748421656763e+00	4279
-1.030995107982943e+00	-2.991507559896063e+00	4280
-1.381174190213160e+00	3.357964997285303e-01	4281
-1.674664075610186e+00	-1.663639686049732e+00	4282
-1.681076923889508e+00	-1.312850424941032e+00	4283
2.318509638357004e+00	-2.887595761721339e-01	4284
2.488302131215416e+00	5.701853003663037e-01	4285
2.462275671703509e+00	9.841460527973959e-01	4286
9.828413659391716e-01	-3.458100194264199e+00	4287
1.895363222766354e+00	2.572304409409989e+00	4288
1.785667031629092e-02	3.442848456819788e+00	4289
-1.888557157500022e+00	1.858359048150588e+00	4290
1.639355767926401e+00	-2.902956267561355e+00	4291
-1.865914099525270e+00	1.071770650481968e+00	4292
-1.816247240919325e+00	-8.464741423626642e-01	4293
1.993520872634536e+00	-2.546605131355174e+00	4294
-7.236017545786558e-01	-3.331320920411208e+00	4295
6.161617787236404e-02	-3.442357768775116e+00	4296
-1.351560509273124e+00	5.519397828300624e-02	4297
2.385509039261318e+00	2.165029988884657e+00	4298
2.524652665951213e+00	-2.781908727137015e-01	4299
2.515700256876204e+00	1.661777904686570e+00	4300
-1.909062442370485e+00	-1.933968261569011e+00	4301
-1.481064870454938e+00	-2.974258202494872e+00	4302
-1.572694062115111e+00	3.310689741781651e-01	4303
2.378769033975422e+00	1.571915604729163e-01	4304
2.756331224357274e+00	-1.288385805945262e+00	4305
-1.906004877765069e+00	1.437391349543716e+00	4306
9.411722504408426e-01	3.472422881293516e+00	4307
2.350455613532243e+00	-1.093106621660760e-01	4308
-1.892558111775802e+00	-1.136514705176996e+00	4309
1.414833348343708e+00	2.801606457104333e+00	4310
-1.236355017694997e+00	2.817208856202190e+00	4311
2.431321919306666e+00	-2.181917476091498e+00	4312
2.518005248064699e+00	-1.793399445562386e+00	4313
-1.682326874569659e+00	5.186799604765485e-01	4314
-1.615305783793617e+00	-4.098773805073205e-01	4315
-1.462329248254274e+00	1.811937154717073e-01	4316
-1.502340598859135e+00	-2.397913885125297e-01	4317
-1.386558024941843e+00	-1.023155349813321e-01	4318
2.840401930928353e+00	-7.852487787616345e-01	4319
2.563364376125553e+00	3.617710636201538e-01	4320
2.689585241102926e+00	-4.980286804446480e-01	4321
-1.721016166379670e+00	-6.084493354003829e-01	4322
-1.786354581987023e+00	7.631461557430337e-01	4323
-1.780398592206966e+00	2.347757231195269e+00	4324
-1.770429351388392e+00	-2.444933335047992e+00	4325
-1.934212401620795e+00	-1.490969189878631e+00	4326
-1.265344349279472e+00	-3.786937310287107e-02	4327
2.604997393382788e+00	7.825284832310901e-01	4328
2.705315811253463e+00	1.133739229655457e+00	4329
6.885079523080385e-01	-3.821804938561731e+00	4330
3.290724501192512e-01	-3.811282827950300e+00	4331
-3.768183233480691e-01	3.631083941970432e+00	4332
1.492710685831566e+00	-3.378678299209720e+00	4333
2.961837213300090e+00	-5.387023565667713e-01	4334
-2.146305287011298e+00	2.169382324832875e+00	4335
2.967811744317004e-01	3.813315672896210e+00	4336
6.471037121720218e-01	3.828438110933126e+00	4337
-1.658368344432498e+00	2.754259001766907e+00	4338
-1.944266193394543e+00	-2.880443142737892e+00	4339
-1.547535266272283e+00	-2.611258638279950e-02	4340
-2.181881213063364e+00	1.657463969928036e+00	4341
2.270085576632992e+00	2.528164494043804e+00	4342
-7.198375960449147e-01	3.321832277748663e+00	4343
2.334928526271176e+00	-2.512445649877631e+00	4344
-1.213671746004752e+00	-3.383445150756405e+00	4345
1.708428848685382e+00	2.872461229971019e+00	4346
-1.039751859135188e+00	3.162455019808720e+00	4347
-3.634447220406105e-01	-3.637763795002568e+00	4348
2.957979659478363e+00	-1.060625323556525e+00	4349
-1.927781732896067e+00	5.569171970368214e-01	4350
-2.049854186786494e+00	8.579720392900437e-01	4351
-1.708294134336535e+00	-2.239933989571452e-01	4352
2.603010608779791e+00	1.410653633045827e-01	4353
1.386368397294391e+00	3.499789629376963e+00	4354
-2.140909272883944e+00	1.224636497444233e+00	4355
-2.225671597651449e+00	-1.727205453972918e+00	4356
2.557653014188856e+00	-7.041135113826003e-02	4357
-2.085988005140232e+00	-9.287945954519369e-01	4358
-2.156142855839612e+00	-2.272494264980453e+00	4359
2.253263954822025e+00	1.793722386665163e-02	4360
1.572419677379824e+00	3.153712601085548e+00	4361
2.757964531955977e+00	-2.051263501572958e+00	4362
2.795848139414274e+00	-1.612789851618528e+00	4363
-1.792467608188731e+00	3.269677539119668e-01	4364
-1.657378999468107e+00	1.516551435945045e-01	4365
2.715047930969868e+00	5.560340203168077e-01	4366
2.770017687969059e+00	1.449032092002288e+00	4367
2.763341084892326e+00	-2.713755102493569e-01	4368
-1.842884963159220e+00	-4.146318799158177e-01	4369
-1.970519812273561e+00	-6.450736202251723e-01	4370
-2.176279749660602e+00	-1.280848167681293e+00	4371
2.723834206046147e+00	1.984582942329585e+00	4372
2.873672017892217e+00	8.962691076794751e-01	4373
-1.477302875448898e+00	3.155423973366025e+00	4374
1.231412771907251e+00	-3.862705283573196e+00	4375
1.909110326940411e+00	-3.245414513303494e+00	4376
1.956298566691852e+00	3.165253284791069e+00	4377
-8.665053107525709e-01	-3.774384755225606e+00	4378
2.099779884023618e+00	2.884322907462540e+00	4379
3.124439511756883e+00	-7.976260578391685e-01	4380
-1.363763185618476e-01	-3.865930243770776e+00	4381
1.816509368116985e+00	3.507058682712573e+00	4382
4.518357619944681e-01	4.264042191662917e+00	4383
2.699497436335308e+00	-2.422681946086524e+00	4384
-2.257282268360244e+00	-6.918522949022129e-01	4385
-2.406563693334327e+00	-2.697466427561814e+00	4386
-1.734327429828948e+00	-3.351077679534438e+00	4387
2.426099969033440e+00	4.872985218215831e-02	4388
-1.942022295748470e+00	-2.002541534960653e-01	4389
2.783110720470335e+00	-1.753031270579894e-02	4390
2.122946053230549e+00	-2.906348706077554e+00	4391
1.128299106488958e+00	3.909035852723227e+00	4392
-2.454002970517351e+00	1.411115096876031e+00	4393
-2.527499420954531e+00	-2.039869271633190e+00	4394
3.044091063493018e+00	-2.707612160758615e-01	4395
3.001301634057163e+00	6.302209224150525e-01	4396
4.944311044277362e-01	-4.259920493865748e+00	4397
-2.084729374860694e+00	2.608731926743265e+00	4398
-2.368209042268455e-03	3.905080315228085e+00	4399
-2.490225582258973e+00	1.933571272830760e+00	4400
-8.202650538368620e-01	3.774755152675752e+00	4401
-1.053887229330622e+00	3.589153659966521e+00	4402
-2.352041601472980e+00	9.755192741560005e-01	4403
2.786797938733858e+00	3.103937495672481e-01	4404
-2.500423891378294e+00	-1.468583342840721e+00	4405
3.076745404585957e+00	-1.858296729155539e+00	4406
3.049904150549960e+00	-1.384301379301291e+00	4407
-1.880881599054990e+00	1.175864567267164e-01	4408
-1.757441585495284e+00	-3.431011602433719e-02	4409
2.663057518888645e+00	2.394575166589566e+00	4410
2.816407965247831e+00	1.763606169249940e+00	4411
-2.047165772371009e+00	3.300697341595906e-01	4412
-2.103193802011485e+00	-4.192657552786451e-01	4413
-2.209587983149594e+00	6.160240027012291e-01	4414
-2.395757848590662e+00	-1.034901073608090e+00	4415
2.990001442489763e+00	1.199438255209740e+00	4416
-1.430382659205055e+00	-3.824778215313604e+00	4417
1.602669488068629e+00	3.921437514991388e+00	4418
-2.587909409400873e+00	-7.556971948505824e-01	4419
6.734071824986453e-02	-4.236497712693029e+00	4420
-2.343560039583502e+00	3.487653100511819e-01	4421
-1.563532759550779e+00	3.659729311010818e+00	4422
3.071127175581561e+00	-2.261763581334289e+00	4423
-2.139703379455689e+00	8.417234988598862e-02	4424
-1.958822774630102e+00	3.075585958783053e+00	4425
1.010296759960656e+00	-4.224416382132454e+00	4426
-2.852080075123777e+00	-2.436459117477565e+00	4427
2.356437374291101e+00	3.192375338371735e+00	4428
-2.497316378923686e+00	2.391269873759829e+00	4429
-5.566481828628113e-01	-4.055011082278405e+00	4430
1.772263380325147e+00	-3.751517257169359e+00	4431
-4.559186521772726e-01	4.115353559873946e+00	4432
-2.808598232369136e+00	1.646479718747074e+00	4433
-2.271053846389424e+00	-3.224261481983864e+00	4434
3.014618643274489e+00	2.237478931506828e+00	4435
-2.208680796115936e+00	-1.707418956627542e-01	4436
-2.862902184744019e+00	-1.735003043684242e+00	4437
3.249618038831871e+00	-5.053898852179070e-01	4438
3.079871238541214e+00	1.536490661911087e+00	4439
2.534531496113560e+00	2.818189651424855e+00	4440
2.252144365024715e+00	3.485023094471405e+00	4441
8.894747611672519e-01	4.274022244408373e+00	4442
2.333111897480079e+00	-3.276029395036810e+00	4443
2.566011734524466e+00	-2.836683393776805e+00	4444
-2.534249399118568e+00	6.932168243336156e-01	4445
3.169051142993828e+00	9.139767979586201e-01	4446
-2.749759366950132e+00	-1.176570021954819e+00	4447
3.037641355902743e+00	8.132768329545664e-02	4448
3.085891998110370e+00	3.422516440650925e-01	4449
-2.698107016255620e+00	1.121929427687146e+00	4450
3.373718338689573e+00	-1.604048589479653e+00	4451
3.270774280258786e+00	-1.110673591786708e+00	4452
-2.402494203452279e+00	-4.278873387556972e-01	4453
-5.127313050754295e-02	4.441108333540768e+00	4454
-2.032517405254935e+00	-3.772841159076518e+00	4455
2.090994696939386e+00	-3.662102769346034e+00	4456
-2.799211690419074e+00	-2.998292192287536e+00	4457
-2.438153269955729e+00	2.893895625067249e+00	4458
6.580332379042803e-01	4.765665756209162e+00	4459
-1.063614573278902e+00	-4.253250338099915e+00	4460
-3.155717964475401e+00	-1.382192020885441e+00	4461
3.147884271466356e+00	1.882426753722422e+00	4462
1.555470198158186e+00	-4.267230192093127e+00	4463
1.378673797669200e+00	4.364843418893431e+00	4464
-3.806782164572825e-01	-4.605672219222090e+00	4465
3.431512935432746e+00	-2.026752821308169e+00	4466
2.524233497788805e-01	-4.739439109802793e+00	4467
3.299764978579547e+00	5.984742087215114e-01	4468
3.316271792653909e+00	1.250277142209034e+00	4469
-2.748328371626501e+00	-4.462942791672930e-01	4470
-9.524388390070477e-01	4.277729814886061e+00	4471
-2.123485539584741e+00	3.609375409478384e+00	4472
7.846885680357604e-01	-4.735830202284768e+00	4473
-2.948419887190809e+00	-2.166775515061627e+00	4474
2.073008859173812e+00	3.915322112045236e+00	4475
-2.881969447126092e+00	2.108852672588473e+00	4476
-2.428988143403684e+00	4.063362840794012e-02	4477
2.961098026408342e+00	2.673471292697147e+00	4478
2.796307379080562e+00	3.172336021703210e+00	4479
2.693674450125515e+00	3.477024586619297e+00	4480
2.798026420982234e+00	-3.241380064290859e+00	4481
3.001828529403736e+00	-2.705439119970907e+00	4482
-3.093676144222375e+00	1.309893610709912e+00	4483
3.315496168802873e+00	-1.541254758832258e-01	4484
3.309124063107122e+00	1.661725695401746e-01	4485
-2.969659590784796e+00	-8.479219471729931e-01	4486
-2.907913632045732e+00	7.936093769291996e-01	4487
3.635405356287546e+00	-1.292313791982614e+00	4488
3.448282258788818e+00	-7.973636826965719e-01	4489
-2.515476989139283e+00	-1.389254074517031e-01	4490
-2.684284688937521e+00	3.830391806972845e-01	4491
-3.301761881323383e+00	-1.839300786025491e+00	4492
1.877795650952646e+00	4.369916215523379e+00	4493
-2.649473168025551e+00	-3.608797502321861e+00	4494
-2.695260083330182e+00	3.430500143963348e+00	4495
1.039417270315831e+00	4.819133843454538e+00	4496
-1.694492306308245e+00	-4.314159626366969e+00	4497
3.433855712801590e+00	1.620621186292846e+00	4498
-5.573116433889468e-01	4.660762921639899e+00	4499
-3.232550036215949e+00	1.769469968867333e+00	4500
2.583651531426998e+00	-3.688239822562319e+00	4501
1.304421755183108e+00	-4.716179121939999e+00	4502
-1.246323924347130e+00	4.061839705962865e+00	4503
-1.883844704718416e+00	4.100176601451552e+00	4504
-3.077970284170348e+00	4.320180200528241e-01	4505
2.527094309045848e+00	3.896974268584316e+00	4506
3.587937744593564e+00	3.885424413758740e-01	4507
3.573174298228600e+00	-4.351141151897350e-01	4508
-2.901071803030855e+00	2.631820555895932e+00	4509
3.505685191118633e+00	9.150268685416365e-01	4510
-9.613078583356173e-01	-4.886587405496441e+00	4511
3.763334275657667e+00	-1.719948373336346e+00	4512
-1.778095301216767e-01	-5.200349738851313e+00	4513
7.990471169231801e-02	5.084897329084362e+00	4514
5.206362648907056e-01	-5.285880738313405e+00	4515
3.407696208080637e+00	2.183022658000604e+00	4516
3.356041182956145e+00	2.500667057725372e+00	4517
3.263054513463056e+00	3.049878520336490e+00	4518
3.158464076285825e+00	3.463701599541048e+00	4519
3.284134495974638e+00	-3.119742068772585e+00	4520
3.431324765634074e+00	-2.498632870065336e+00	4521
-3.409486170550343e+00	-9.913209895140210e-01	4522
-3.338047875190397e+00	9.276176482546484e-01	4523
-3.149988024914013e+00	-4.840192970311645e-01	4524
3.848416074003960e+00	-9.292029152928176e-01	4525
3.592977695839600e+00	1.140375325792880e-02	4526
-2.870225942534674e+00	-1.095464794877625e-01	4527
-1.394388512323032e+00	4.568774973005819e+00	4528
-3.615915316592346e+00	-5.624440402098975e-01	4529
-3.270475982640739e+00	-2.756366054909400e+00	4530
1.631522858313626e+00	4.897634747098911e+00	4531
1.875517806353266e+00	-4.739370298071766e+00	4532
3.999754408113171e+00	-5.214292981545333e-01	4533
3.897882723896158e+00	-2.261249974358786e-01	4534
2.311727189859368e+00	-4.131146192206122e+00	4535
-3.543818102131614e+00	1.376334237711518e+00	4536
1.114026272904228e+00	-5.266984582379375e+00	4537
-1.117677094193997e+00	4.839874115858516e+00	4538
-2.502467304523530e+00	4.028878560113834e+00	4539
-2.885829490321714e+00	3.147668815876211e+00	4540
-2.382955179729274e+00	-4.242995983332709e+00	4541
4.050375410205931e+00	-1.346506773709036e+00	4542
-5.514613726702252e-01	5.337185697539018e+00	4543
-3.414526104147261e+00	-2.315972263698773e+00	4544
2.370051761921034e+00	4.360025488169541e+00	4545
-3.617192552909550e+00	-1.444821653333931e+00	4546
3.121138443022651e+00	-3.636149014197354e+00	4547
-3.199405740052188e+00	-3.416982989975585e+00	4548
7.697720927876913e-01	5.345028446606845e+00	4549
3.688642379585633e+00	1.288156530196034e+00	4550
-3.330305045015602e+00	2.295574899455227e+00	4551
3.861750318229951e+00	7.011187438512828e-01	4552
-1.668657032170346e+00	-5.030993333616266e+00	4553
-7.899277052120337e-01	-5.586086882017379e+00	4554
9.568709369712979e-02	-5.844177021055327e+00	4555
3.786418602420912e+00	1.919099568687091e+00	4556
2.991366128274904e+00	3.897398379582232e+00	4557
3.772638661962398e+00	2.405523000805311e+00	4558
3.725794401223979e+00	2.845627670796549e+00	4559
3.656399048245414e+00	3.369204388586712e+00	4560
3.775752967020700e+00	-2.908412825682213e+00	4561
3.840768369504793e+00	-2.209597349767695e+00	4562
-3.534360706557290e+00	5.055800988441786e-01	4563
3.906363338646418e+00	2.041349900716379e-01	4564
-3.286659622254647e+00	-2.544603230913382e-02	4565
-1.225999061537891e+00	5.529607727028510e+00	4566
2.185977491667415e+00	4.874063303356855e+00	4567
-3.889354513058180e+00	-9.985943524671631e-01	4568
-3.806891125740710e+00	9.332325204699552e-01	4569
-3.797707257637871e+00	-1.944750539251510e+00	4570
-2.130445640081129e+00	4.654110501720729e+00	4571
-3.717383409631612e+00	1.895139632419609e+00	4572
2.520878453156711e+00	-4.741005574198856e+00	4573
2.878186634981098e+00	-4.152285066335914e+00	4574
1.340432955529610e+00	5.385852918350285e+00	4575
8.225058634689900e-01	-5.916637862230210e+00	4576
3.682162373855875e+00	-3.481815357057512e+00	4577
4.236957387377045e+00	4.843027048501305e-01	4578
4.277074715596592e+00	-9.133964460554346e-01	4579
4.271229133629427e+00	-1.375390639164652e-01	4580
-1.647890746268742e+00	5.101684615062709e+00	4581
-3.799434769847450e+00	-2.683638783310890e+00	4582
-3.741683240394129e+00	-3.138203117675785e+00	4583
1.649846316585678e+00	-5.228881092594280e+00	4584
-3.772118143648274e+00	-6.166200928439912e-03	4585
-3.376768937637065e+00	2.862278322973983e+00	4586
-2.093566145687748e+00	-4.819392887752021e+00	4587
-3.052248795869831e+00	-4.068399731114074e+00	4588
9.917729373786047e-02	5.772290192102887e+00	4589
3.517057766794811e+00	3.879710305133051e+00	4590
-1.567113453156064e+00	-5.836816562595044e+00	4591
-5.343030799477826e-01	-6.347346354792293e+00	4592
4.117824769399251e+00	1.095940508374793e+00	4593
4.111091501265940e+00	1.545855313598297e+00	4594
2.840812471254475e+00	4.342774466286107e+00	4595
4.198005597168160e+00	2.174262335130406e+00	4596
4.196973041525955e+00	2.673130953781790e+00	4597
4.168717079727021e+00	3.170465019132429e+00	4598
4.253743343212498e+00	-2.600531122227392e+00	4599
4.210488956338441e+00	-1.838612303899447e+00	4600
-1.885836042791688e+00	5.754827821842125e+00	4601
-4.140387411414943e+00	-1.496838221382400e+00	4602
-2.801674538235376e+00	4.626803837863740e+00	4603
-3.093153903273082e+00	3.885852601257114e+00	4604
-2.299118118555045e+00	5.316812012752285e+00	4605
1.960363755974456e+00	5.451283594607749e+00	4606
-3.380612588299288e+00	3.436421352841966e+00	4607
-2.152913363198758e+00	-5.468273435040455e+00	4608
-2.807933188692370e+00	-4.746897102726667e+00	4609
4.095123021761709e+00	3.758498643327380e+00	4610
4.246366265046327e+00	-3.219876238702897e+00	4611
2.238869572160479e+00	-5.265931199500301e+00	4612
3.497773386786486e+00	-4.080134034303512e+00	4613
-3.846746037697641e+00	2.480255215725153e+00	4614
-4.028826892998403e+00	4.593017184685085e-01	4615
3.171355112629477e+00	-4.732522738998363e+00	4616
-4.056356610705479e+00	1.435923457482308e+00	4617
3.030092792711930e-01	-6.596726181155262e+00	4618
-3.694322888437858e+00	-3.813094468171180e+00	4619
3.343319623715380e+00	4.352006471795448e+00	4620
-6.481581214608507e-01	6.061833760850114e+00	4621
4.447407162500035e+00	-5.231327246327222e-01	4622
4.649591447896180e+00	1.950129220499501e-01	4623
-4.304864558231936e+00	-2.309877105787427e+00	4624
-4.309714194948092e+00	-2.977069230836756e+00	4625
1.424164640305146e+00	-5.865112276801264e+00	4626
-4.110319513495026e+00	-4.740073397964205e-01	4627
8.934966925759471e-01	6.042628894011782e+00	4628
-1.368293434250149e+00	-6.726569994104624e+00	4629
4.567072917346323e+00	8.661261544864274e-01	4630
4.521818290839124e+00	1.327135804551848e+00	4631
2.709128748046201e+00	4.847250210804416e+00	4632
4.586860673702684e+00	1.800217043813708e+00	4633
4.674576120369178e+00	2.424569237462998e+00	4634
4.693515265293802e+00	2.950541899551877e+00	4635
4.695304326612908e+00	-2.193257797623505e+00	4636
4.524636108606526e+00	-1.391541737183850e+00	4637
1.903537339618462e+00	-5.864239233187661e+00	4638
-2.587349711490762e+00	5.999675781752799e+00	4639
4.790503990145856e+00	-2.843285284924677e+00	4640
-4.737795947029752e+00	-1.795378098232183e+00	4641
1.236443999136224e-01	6.551167503111705e+00	4642
-4.339018164454264e+00	9.333814311276816e-01	4643
2.878964453215833e+00	-5.308191547925867e+00	4644
3.937519023997451e+00	4.337880251837047e+00	4645
-1.365567678113332e+00	6.280538617562963e+00	4646
-3.919655015630958e+00	3.107711286254678e+00	4647
4.144741897212449e+00	-3.886576278751671e+00	4648
4.761621939842673e+00	-9.208969372540727e-01	4649
-4.294906353356576e+00	1.737493593188926e-02	4650
1.154606024488673e+00	-6.630911174100450e+00	4651
-3.545767469332195e+00	-4.550905796321800e+00	4652
-2.964803202289736e+00	-5.542654499567173e+00	4653
-4.840109941449773e-01	-7.204792309786745e+00	4654
-3.069271368334419e+00	5.346099485568238e+00	4655
1.581267437256860e+00	6.054757312344764e+00	4656
-3.498695076062895e+00	4.469721554720334e+00	4657
-3.710116679316614e+00	3.962213824490591e+00	4658
3.854915027003204e+00	-4.666371816783753e+00	4659
-4.271164956823391e+00	2.016416741124925e+00	4660
-4.434566385764454e+00	-9.744988734400274e-01	4661
4.729592977740826e+00	-1.612928319433446e-01	4662
-4.180582765118476e+00	-3.611692887106812e+00	4663
-4.882249790498109e+00	-2.636217568823804e+00	4664
-2.198153508698740e+00	-6.333098323459933e+00	4665
4.659340142893498e+00	3.549047215777831e+00	4666
2.553633014092781e+00	5.415036564825694e+00	4667
4.991296639263586e+00	1.140566709047732e+00	4668
5.015426972189568e+00	1.500209041544177e+00	4669
5.047389614946355e+00	5.845017199745671e-01	4670
5.126628129030075e+00	2.042499013916879e+00	4671
5.225961094284748e+00	2.667730498804096e+00	4672
5.078447776990898e+00	-1.692560795052162e+00	4673
3.578316153927325e+00	-5.313582025559943e+00	4674
-1.313311268492273e+00	-7.674402730020343e+00	4675
-2.065616389181864e+00	6.532950772829159e+00	4676
5.286603314815126e+00	-2.351538086821757e+00	4677
-4.576544344625111e+00	4.586814650094364e-01	4678
5.440663678619098e-01	-7.449666192079319e+00	4679
3.371606130441751e+00	5.147096019948269e+00	4680
4.585321172683007e+00	4.205948252542593e+00	4681
-3.413786710145634e+00	6.101055149838047e+00	4682
2.574271254018464e+00	-5.902538841284187e+00	4683
-4.637856221709626e+00	1.488654043559491e+00	4684
-2.119150691421223e+00	-7.232268832720320e+00	4685
2.313288339917477e+00	6.092080504329365e+00	4686
4.929909475040439e+00	-6.087095693233282e-01	4687
-5.402222757697993e+00	-2.110219340497755e+00	4688
1.663499332183150e+00	-6.556477397299355e+00	4689
4.792349627925173e+00	-3.563550439397096e+00	4690
1.065658803310283e+00	6.826762924740089e+00	4691
5.126026869448863e+00	1.147601412289665e-01	4692
-7.239051135635611e-01	6.886030639892338e+00	4693
-4.436787222096555e+00	2.668526016221944e+00	4694
4.574361056997683e+00	-4.489699248612484e+00	4695
-3.850332575542016e+00	-5.390299629991431e+00	4696
-4.392386124577017e+00	3.673498121707903e+00	4697
-3.891478322684724e+00	5.201633026966553e+00	4698
-4.190772678755455e+00	4.457753663475793e+00	4699
-4.668411025182992e+00	-4.267158527992417e-01	4700
-5.095530335172203e+00	-1.192655004728553e+00	4701
-4.173374366145709e+00	-4.284650648460046e+00	4702
-4.877727277278644e+00	-3.375123068776750e+00	4703
-3.115730478630870e+00	-6.450521349891563e+00	4704
5.510883127775879e+00	1.286268258863016e+00	4705
5.515660726421642e+00	9.125791947526417e-01	4706
5.242409768390412e+00	3.301309311402073e+00	4707
5.591520808396133e+00	1.664365370081271e+00	4708
5.741016482205916e+00	2.264977480657387e+00	4709
-4.333040768196611e+00	6.008750647509402e+00	4710
-2.141727245091299e+00	-8.222427800400011e+00	4711
-1.512568037826749e+00	7.125995408873742e+00	4712
-3.239369643142820e-01	-8.160763761504931e+00	4713
1.918722615570634e+00	6.812680988455920e+00	4714
1.804638816347804e-01	7.431833191557648e+00	4715
3.118710795733513e+00	5.943162314224559e+00	4716
-4.859191234209585e+00	-3.477413060431890e-02	4717
5.411057523706805e+00	-3.104994604718749e+00	4718
3.274911571628774e+00	-5.948266970937545e+00	4719
-5.567305937920293e+00	-2.918387457990669e+00	4720
-4.900966600336465e+00	2.134093769356457e+00	4721
5.194114343770539e+00	-4.058082319365513e-01	4722
5.263521786833605e+00	-9.904385020310770e-01	4723
-5.840026058736832e+00	-1.449456029039486e+00	4724
-4.935672260506835e+00	9.438946738187148e-01	4725
-3.139475942418248e+00	-7.500701472570520e+00	4726
4.348457361203956e+00	-5.235439984613897e+00	4727
5.708056478263020e+00	-1.855634113460164e+00	4728
5.218424905421725e+00	3.972859957844264e+00	4729
5.576145110150892e+00	3.811015898592145e-01	4730
6.056594200800948e+00	1.106260894267421e+00	4731
-4.782831336536521e+00	-4.031845650157251e+00	4732
-2.889765276193439e+00	6.807114156957116e+00	4733
2.196906113928772e+00	-6.580419767072340e+00	4734
5.309947029453010e+00	-4.173698882220660e+00	4735
4.386482102389231e+00	4.893991059143715e+00	4736
-5.033628789268893e+00	3.194588573581143e+00	4737
-4.945692348869470e+00	4.230779827976614e+00	4738
-4.709613900266671e+00	5.095348252049581e+00	4739
-5.370691459204987e+00	-5.326821476199980e-01	4740
-4.130614122533999e+00	-6.363340464873368e+00	4741
5.855596374706029e+00	2.958879857624373e+00	4742
6.253917999408380e+00	1.817888264369947e+00	4743
-5.278090002757827e+00	5.860290595592476e+00	4744
-4.314627905752049e+00	-7.517743764552743e+00	4745
-6.169658121348123e+00	-2.263850644246340e+00	4746
6.743441784178864e-01	-8.489070582317822e+00	4747
-5.603537436418818e+00	2.580571507015085e+00	4748
5.133462970183313e+00	4.728244435793007e+00	4749
-2.298966247484167e+00	7.405530948688653e+00	4750
-5.561534274660269e+00	-3.764454745355757e+00	4751
6.030825371994418e+00	-3.702209999771971e+00	4752
4.051281103030611e+00	-5.959764770157899e+00	4753
-5.566967569594133e+00	4.861639455734305e+00	4754
-1.220827981913825e+00	-8.725838632865599e+00	4755
-7.888012038797846e-01	7.821236519816641e+00	4756
-5.293640187959924e+00	1.539552332291571e+00	4757
-4.743902700220441e+00	-4.803205111661280e+00	4758
1.294986675962862e+00	7.710365352002580e+00	4759
6.775531892088007e+00	1.289400429231840e+00	4760
5.951410231774761e+00	-2.560349536706456e+00	4761
5.879553437658211e+00	3.683315416126647e+00	4762
1.893680037917994e+00	-7.340157306398752e+00	4763
-5.695991252172208e+00	3.768860164647930e+00	4764
2.809500739385391e+00	6.771779198497778e+00	4765
5.173434428758752e+00	-5.018778049635148e+00	4766
5.983546174070213e+00	-1.166668440014033e+00	4767
-5.188501657281813e+00	4.287884750184509e-01	4768
5.636394942134385e+00	-1.366817987120841e-01	4769
-3.882840045411497e+00	6.906852116491623e+00	4770
-3.201190123132782e+00	-8.630005281153069e+00	4771
3.972316747236651e+00	5.717080776542011e+00	4772
-4.744864383440502e+00	-5.657885715867351e+00	4773
2.949781751103069e+00	-6.622269334660623e+00	4774
-6.178229981718461e+00	-6.931958345525414e-01	4775
6.432207887946845e+00	2.517801391982706e+00	4776
3.724167581005033e+00	-6.665110432833241e+00	4777
1.473067189637177e+00	-7.859624948181001e+00	4778
-6.355822789401287e+00	-3.216321475067855e+00	4779
6.690331547636461e+00	-3.081826706852322e+00	4780
2.739450867812568e-01	8.427090104745995e+00	4781
-1.682895061963714e+00	8.082252363627800e+00	4782
6.567837910036441e+00	3.294903868903773e+00	4783
-6.082135713619659e+00	1.866922606163034e+00	4784
-4.913873981464945e+00	6.821050714239184e+00	4785
-5.486953230236820e+00	-1.348885032904711e-01	4786
-2.233439705273389e+00	-9.352846222065883e+00	4787
6.364649582994701e+00	-4.645526771741088e-01	4788
6.161826045770607e+00	1.866990418951779e-01	4789
-3.254266599631249e+00	7.718577715740932e+00	4790
6.019055009657651e+00	-4.631809497684792e+00	4791
5.857481416120208e+00	4.453349463854964e+00	4792
7.008304223574395e+00	2.017516596494253e+00	4793
-1.914391093466788e-01	-9.245401588495708e+00	4794
-6.258245263819957e+00	5.598999673269038e+00	4795
2.342761154234285e+00	7.663021504026811e+00	4796
-5.454895979510991e+00	-4.523957005231686e+00	4797
4.923738263136171e+00	-5.869101060745599e+00	4798
-6.384808339486685e+00	3.113100264671267e+00	4799
-5.897735386741156e+00	7.498194004317708e-03	4800
-5.101890330894190e+00	-6.683766451210617e+00	4801
6.572851727345217e+00	5.823630154259788e-01	4802
6.421238753786961e+00	-1.870736670786502e+00	4803
2.656718465275290e+00	-7.321237047183774e+00	4804
-6.434145336852714e+00	4.406164918005636e+00	4805
3.704814705055838e+00	6.585498110641079e+00	4806
5.686729917502388e+00	-7.178817676607583e-01	4807
-5.605716107360035e+00	9.390116282555635e-01	4808
-6.655962261661269e+00	-1.471618893241541e+00	4809
-4.481832359442954e+00	-8.791710362638364e+00	4810
4.871453851494380e+00	5.573224311716206e+00	4811
-5.539038374082151e+00	-5.226160769232085e+00	4812
-6.321457823880660e+00	-4.773304989533593e+00	4813
3.426410825990035e+00	-7.376064880387125e+00	4814
-4.389223873990761e+00	7.835912617097084e+00	4815
-7.256216135055147e+00	5.132684994251307e+00	4816
-7.044735356962978e+00	-2.427900349743819e+00	4817
-6.974281093348385e+00	2.304961236330937e+00	4818
9.049878828540856e-01	-9.622097262298681e+00	4819
7.217568132479458e+00	2.801726529056149e+00	4820
-2.578120702985715e+00	8.393191286810255e+00	4821
-1.174691863862282e+00	-9.916323217275389e+00	4822
1.588234125104757e+00	8.706145323067537e+00	4823
5.869122406709373e+00	-5.607602803892371e+00	4824
-7.042957376389684e+00	-6.933106536236125e-01	4825
3.373711283777562e+00	7.545999493345485e+00	4826
5.751010828694660e+00	5.341111039510158e+00	4827
4.594630495664599e+00	-6.684117713549272e+00	4828
-8.479503326164862e-01	8.882868131228328e+00	4829
-3.532917318562695e+00	-9.819250903873884e+00	4830
6.605461542232844e+00	4.116293920396170e+00	4831
6.839642399973000e+00	-4.062270193107008e+00	4832
2.294449141260417e+00	-8.193326427457340e+00	4833
7.339876597143910e+00	7.443773326323986e-01	4834
7.591453927863128e+00	1.428931583791420e+00	4835
-5.984025089104966e+00	6.646662967854183e+00	4836
-6.345872994783771e+00	-4.196234523900717e+00	4837
-7.253836315184696e+00	3.722902439952701e+00	4838
6.870342815697196e+00	5.029014338682471e-02	4839
6.739937363723228e+00	-1.148310870235101e+00	4840
7.264757976480593e+00	-2.317679352810354e+00	4841
1.656910411925503e+00	-8.911502948151286e+00	4842
4.563145534546804e+00	6.395157896055734e+00	4843
-6.381168816122475e+00	6.728838345607349e-01	4844
-5.419066009728774e+00	-7.893526507338608e+00	4845
-5.551197739357159e+00	-6.196465187066031e+00	4846
-3.163763353726200e-02	-1.046944268261964e+01	4847
-5.722599973511428e+00	-9.142999488656308e+00	4848
4.063055782311313e-01	9.551979636015592e+00	4849
-6.408548263321141e+00	-5.732264185334614e+00	4850
8.205120009216802e+00	8.139104859176169e-01	4851
2.843662809637487e+00	8.620861759342754e+00	4852
-6.858457256875512e+00	1.408733072447406e+00	4853
7.377161689072960e+00	3.675416457772677e+00	4854
-2.364194990583580e+00	-1.063983116056625e+01	4855
7.585226305826964e+00	-3.313164608812865e+00	4856
-7.579108717294671e+00	-1.539133367983687e+00	4857
7.864997114177932e+00	2.241166162699892e+00	4858
-5.568606622274920e+00	7.745039725629204e+00	4859
5.588078767473943e+00	-6.579809428078414e+00	4860
-4.860434223445442e+00	-1.008685328616343e+01	4861
-1.876260131038476e+00	9.168691740179293e+00	4862
6.585107753670396e+00	5.006343219365054e+00	4863
6.838653033293421e+00	-5.139169146728160e+00	4864
-7.123448910560205e+00	6.314886934313328e+00	4865
4.254275997336851e+00	-7.443549432221330e+00	4866
-7.974848741758216e+00	2.839107723379779e+00	4867
-8.220612110530238e+00	4.421473150007904e+00	4868
7.710376686595772e+00	-1.328536708237553e-02	4869
2.013257974309191e+00	-1.003814556961350e+01	4870
2.976163795083838e+00	-8.232660685704191e+00	4871
-6.655710140822370e+00	-2.362992119504033e-02	4872
-3.663634886696560e+00	8.753635773059056e+00	4873
5.504912000663746e+00	6.262456107079575e+00	4874
2.712426057523878e+00	-9.203699570148434e+00	4875
7.119573903402091e+00	-5.807603153008131e-01	4876
-7.257800601259994e+00	-3.540472979112482e+00	4877
7.219995857204376e+00	-1.792731999030582e+00	4878
4.335164572145013e+00	7.330911913499124e+00	4879
-6.661621074095073e+00	-8.250757365058895e+00	4880
8.506449331690312e+00	1.640816470611424e+00	4881
4.012741251912544e+00	8.426736788551286e+00	4882
6.672951201651582e+00	-6.266059843840369e+00	4883
-1.133239298227946e+00	-1.126611596368848e+01	4884
-8.290660981799903e+00	5.726641610432252e+00	4885
1.946491688866997e+00	9.827703550381905e+00	4886
-3.800524487388955e+00	-1.119078249549813e+01	4887
-2.893144344405645e+00	9.513523592768633e+00	4888
8.673700960795419e+00	-2.950236742744692e-02	4889
-7.804096606697012e+00	1.777794706441234e+00	4890
8.220445360363133e+00	-2.558131563006148e+00	4891
-8.016719334639722e+00	-6.637686902659852e-01	4892
8.109743793442492e+00	3.121494412256688e+00	4893
7.773793304082735e+00	-4.450986024792153e+00	4894
7.432334849456390e+00	4.609053978733443e+00	4895
7.946514036048733e+00	-8.518566950170259e-01	4896
-8.996743576405649e-01	1.008846436940937e+01	4897
3.217359940249290e+00	-1.033360040358474e+01	4898
-6.440050557009848e+00	-6.815501783422747e+00	4899
-4.955815847442198e+00	8.894433832167051e+00	4900
-7.291472451095133e+00	-5.164672701815116e+00	4901
5.221703226615665e+00	-7.489232151420354e+00	4902
5.233197338149958e+00	7.135976787747102e+00	4903
6.481706712760008e+00	6.003314433006330e+00	4904
-8.035670510096859e+00	-2.622592334820824e+00	4905
-6.802612865511906e+00	7.528211378513110e+00	4906
-6.223035394489208e+00	-1.046034712511917e+01	4907
-9.092561258067796e+00	3.470464213283027e+00	4908
1.130293429755474e+00	-1.089035292722964e+01	4909
3.895204987590841e+00	-8.284272608479160e+00	4910
-7.521510029997714e+00	3.426510734910735e-02	4911
7.530549396862755e+00	-1.267518014638508e+00	4912
-7.233492187786379e+00	6.125499795085908e-01	4913
5.803570420237377e-01	1.082475359832509e+01	4914
3.424498601130638e+00	9.699607953072780e+00	4915
-8.308295350334033e+00	4.505208040562212e-01	4916
1.370783060501131e-01	-1.184971412439593e+01	4917
8.964097598328918e+00	-1.021265088479440e+00	4918
-2.471763843858327e+00	-1.210038852771929e+01	4919
9.211393086302236e+00	8.745057873989822e-01	4920
8.823130750655670e+00	2.517150689537409e+00	4921
8.299102083485206e+00	4.104520077625798e+00	4922
-8.917425857927027e+00	2.221349061434594e+00	4923
5.049704507052408e+00	8.162356357671031e+00	4924
3.666256138628183e+00	-9.291190052966815e+00	4925
-8.125578792185827e+00	7.112234339202971e+00	4926
8.590099817764088e+00	-3.624625247117984e+00	4927
8.186812476272788e+00	-1.787083031681148e+00	4928
-8.627393555568242e+00	-1.612827322747540e+00	4929
-6.315294675661105e+00	8.793205970521823e+00	4930
-5.235218413669419e+00	-1.154470875558722e+01	4931
-4.122248748746077e+00	9.928880529263061e+00	4932
-7.650083653535186e+00	-7.358656332736947e+00	4933
-2.088722755030895e+00	1.040567544937207e+01	4934
-8.301170636620105e+00	-4.009459809344303e+00	4935
7.785312489973645e+00	-5.700234846845304e+00	4936
2.368979055177117e+00	-1.133792822207197e+01	4937
-7.414597568815092e+00	-6.265960554816354e+00	4938
6.353080902070861e+00	-7.377181395831114e+00	4939
6.247427672323473e+00	7.005823271531978e+00	4940
7.423966665596271e+00	5.618668637263641e+00	4941
-7.097106820026240e+00	-9.467687284571417e+00	4942
-9.405400266957397e+00	4.847823810231272e+00	4943
4.831174646772894e+00	-8.343585978977970e+00	4944
4.749096603618343e+00	9.417023316089685e+00	4945
-6.782868844199407e+00	-1.195629804529340e+01	4946
-3.245309481714808e+00	1.078575866701036e+01	4947
3.758096744933518e+00	-1.164682906325399e+01	4948
8.835145588155429e+00	-4.899673034274396e+00	4949
-9.480240755912662e+00	6.385706783966228e+00	4950
-8.648718967785957e+00	-6.567468266024799e+00	4951
9.309054585687562e+00	-2.776452293372807e+00	4952
9.561254481271781e+00	1.830044275560512e+00	4953
1.966904815347097e+00	1.128304271013742e+01	4954
2.782354377505513e+00	1.090832938111338e+01	4955
-4.050498224312876e+00	-1.275069519011465e+01	4956
-7.693908113509284e+00	-1.086952032043087e+01	4957
5.999406060440871e+00	7.944777703016053e+00	4958
-1.071384850265465e+00	-1.278952861776471e+01	4959
9.744833796896181e+00	-1.623929574362343e-01	4960
-8.010979135876802e+00	-8.572236168154365e+00	4961
-5.595661980089107e+00	1.009784557538257e+01	4962
9.114111259712461e+00	3.489930443086203e+00	4963
-9.401980807395222e-01	1.145739720691276e+01	4964
1.421180150247936e+00	-1.230871169434351e+01	4965
7.328621320660521e+00	6.727615446118636e+00	4966
8.378048460918352e+00	5.159158514830546e+00	4967
-8.706672514797049e+00	1.126145825901814e+00	4968
-7.745727657148550e+00	8.522941647919655e+00	4969
7.599941134349475e+00	-7.003186319628263e+00	4970
-1.007239086059021e+01	2.692533622677891e+00	4971
4.504110671228784e+00	-1.026606705675255e+01	4972
-9.093042921180899e+00	-4.813234650480335e-01	4973
9.166470648692844e+00	-2.098928263448981e+00	4974
-8.487392809663522e+00	-5.431653265069285e+00	4975
-9.166026378803609e+00	-2.868941017465884e+00	4976
-1.036890739133429e+01	3.899598714426632e+00	4977
5.926367707987231e+00	-8.404642553820446e+00	4978
4.246685031754720e+00	1.078436525955733e+01	4979
-5.663950696629029e+00	-1.318978266768296e+01	4980
-9.741241024622036e+00	-5.827939347163948e+00	4981
-2.557239105795192e+00	-1.375223204137104e+01	4982
1.036697469266273e+01	9.126725334418933e-01	4983
-2.319400201526960e+00	1.181514150657972e+01	4984
7.226208080666742e+00	-8.281192068064390e+00	4985
9.739237800338380e+00	-3.965711659736435e+00	4986
-1.140753324659471e+01	3.000159914803149e+00	4987
-8.426798727111398e+00	-1.240367296358808e+01	4988
-7.167490842462274e+00	9.983221286237205e+00	4989
-9.828020490449493e+00	-1.630652382984965e+00	4990
9.914603641114825e+00	2.814477536608756e+00	4991
9.346866233777797e+00	4.586959189888725e+00	4992
-9.279863231131420e+00	8.005922449061542e+00	4993
-8.499880823836612e+00	-9.982581712728319e+00	4994
-9.859414204724365e+00	1.467307889990719e+00	4995
1.006703731128456e+01	-1.321329431880870e+00	4996
5.927101675384693e-01	1.228769088543318e+01	4997
5.313699582773578e+00	-9.477530006010147e+00	4998
8.868910227760459e+00	-6.331749417359987e+00	4999
7.099210836975025e+00	7.819936246350207e+00	5000
8.387234391704721e+00	6.295534107880207e+00	5001
-1.072063526119029e+01	5.404714697326541e+00	5002
-8.968774109546203e+00	-7.766505979447123e+00	5003
-4.637276404503483e+00	1.126324657875219e+01	5004
2.815144985470498e+00	-1.278164981631135e+01	5005
-9.533209644462911e+00	-4.330861038889700e+00	5006
5.765310859071518e+00	9.113671192141625e+00	5007
3.525327966766048e-01	-1.340265169357373e+01	5008
5.286925158382067e+00	-1.157698041056022e+01	5009
6.838770521803260e+00	8.880805603315091e+00	5010
-1.055436030348566e+00	1.299881208935065e+01	5011
-7.294500032798492e+00	-1.369631705681538e+01	5012
1.790877140646624e+00	-1.389657519960347e+01	5013
-4.309802418628593e+00	-1.451682599151836e+01	5014
1.097184604671080e+01	-3.117579846107139e-01	5015
-8.828908705410452e+00	9.648545944773392e+00	5016
-3.638294188873509e+00	1.223178563485995e+01	5017
-6.319752479966253e+00	1.146582858105619e+01	5018
-1.036869467774089e+01	-4.686456269603601e-01	5019
-1.177635888023049e+01	4.393560305034156e+00	5020
9.457648446138617e+00	5.771429039738834e+00	5021
-9.573230166860004e+00	3.076167531169632e-01	5022
1.004872780849623e+01	-5.403485282322968e+00	5023
1.025544765709929e+01	3.896994671891027e+00	5024
1.077047288746130e+01	2.023033633201809e+00	5025
1.055225388892659e+01	-2.997306963196446e+00	5026
3.621850272757555e+00	1.213710555961582e+01	5027
-1.082131151223614e+01	7.151824564520397e+00	5028
-9.970502428135093e+00	-7.040212156080210e+00	5029
5.624252817167704e+00	1.046664436349551e+01	5030
8.299172063358368e+00	7.527389215708316e+00	5031
-9.359842651049519e+00	-9.203186126753218e+00	5032
-1.086396667311559e+01	-4.902375636648860e+00	5033
8.662197369261204e+00	-7.838304223232872e+00	5034
2.081541307656689e+00	1.287471550762854e+01	5035
-9.713834621871376e-01	-1.450325971885123e+01	5036
-9.218637043876003e+00	-1.144187279658824e+01	5037
-1.106205986296448e+01	1.772008242923995e+00	5038
6.662428957723433e+00	-9.520158624584285e+00	5039
4.485164169819096e+00	-1.307363593616352e+01	5040
-1.046693030783378e+01	-3.046556634930310e+00	5041
5.773781977140580e+00	-1.075921970715619e+01	5042
-9.173983548248186e+00	-1.419377183951386e+01	5043
1.054025383575953e+01	5.121997334645317e+00	5044
1.105493834179810e+01	-4.334896606662475e+00	5045
-6.070905398906222e+00	-1.505375388604883e+01	5046
-5.216459723831371e+00	1.277876440364786e+01	5047
-8.139315508983957e+00	1.133550276499232e+01	5048
-1.076064420290509e+01	5.840698969555086e-01	5049
-1.059391934215760e+01	9.021921732138269e+00	5050
1.011037256822082e+01	-7.045841466322846e+00	5051
1.115868805296931e+01	3.137777972191581e+00	5052
5.751385941493886e-01	1.394587655781362e+01	5053
7.302210767501467e+00	-1.091475990614476e+01	5054
8.201548584116434e+00	-9.342994573968326e+00	5055
8.059740260774534e+00	8.740023675425311e+00	5056
-2.618178799052432e+00	-1.562221386147347e+01	5057
9.488014722576750e+00	7.047139177369218e+00	5058
6.560231492472615e+00	1.019827321483212e+01	5059
1.139167704323786e+01	-1.709892640972357e+00	5060
-1.027676395223570e+01	-8.519369302660555e+00	5061
6.330510916968785e-01	-1.514827540151654e+01	5062
-1.220042925509729e+01	6.053483671907797e+00	5063
3.406638808616608e+00	-1.440052689910998e+01	5064
-1.115429774670543e+01	-6.285586359300388e+00	5065
-1.193199097940075e+01	-3.695907205887488e+00	5066
5.199108620963301e+00	1.197207569535580e+01	5067
-1.292446453069515e+01	3.339244678007891e+00	5068
-2.605847096709673e+00	1.340442354927693e+01	5069
6.201333383246491e+00	-1.302462741938200e+01	5070
1.168963015242576e+01	9.435336152783615e-01	5071
-1.013742435346455e+01	-1.300101854037388e+01	5072
-1.118655984004543e+01	-1.693168669699968e+00	5073
3.485286633048758e+00	1.382392563309629e+01	5074
-1.249548898754290e+01	2.027523103948139e+00	5075
1.215323363614346e+01	2.231162310554327e+00	5076
-4.551892046761529e+00	-1.651772933352159e+01	5077
-7.894993246088082e+00	-1.564954408304516e+01	5078
-1.006491557121838e+01	1.092781764537693e+01	5079
-1.233847038961154e+01	8.029551219385343e+00	5080
1.238663590377097e+01	-4.786810000465222e-01	5081
1.198820627914544e+01	-3.127006565717203e+00	5082
9.870845857576487e+00	-8.799521949517288e+00	5083
6.464384765322958e+00	1.163572269580743e+01	5084
9.399846975641095e+00	8.423577081857927e+00	5085
5.291914397645726e+00	-1.470127031291643e+01	5086
-8.165035631091014e-01	-1.643861372790938e+01	5087
-1.115447621400241e+01	-1.135118748432705e+01	5088
1.155303086424985e+01	4.345051811436979e+00	5089
-1.227891395627929e+00	1.473654125019922e+01	5090
-1.240954852961450e+01	-5.261762857572879e+00	5091
-7.139460430102566e+00	1.302136067586775e+01	5092
-4.090923830194675e+00	1.386634303900853e+01	5093
-1.072376024507015e+01	-1.007588976933879e+01	5094
-1.114472328803113e+01	-1.479433380415999e+01	5095
-1.411601038446236e+01	2.218890823478762e+00	5096
-1.174598747422223e+01	-3.788542356060128e-01	5097
1.143548769485358e+01	-5.964464729547092e+00	5098
2.069260840451148e+00	1.464275269571045e+01	5099
8.118700224119328e+00	-1.267772884468940e+01	5100
1.068932460348999e+01	6.451634712802574e+00	5101
8.997649100462024e+00	-1.083973171957291e+01	5102
7.780184320161610e+00	9.946333661799235e+00	5103
2.266276966452990e+00	-1.567766474643797e+01	5104
-1.142968562901181e+01	-7.675198709918218e+00	5105
-1.282354428046233e+01	-2.215380167841639e+00	5106
-1.338367232778103e+01	4.904138628728976e+00	5107
4.559282176584138e+00	1.350505677955251e+01	5108
-1.206648667961094e+01	7.424439924024759e-01	5109
-9.244177003697896e+00	1.287420700080889e+01	5110
-2.639447963895546e+00	-1.773674724580883e+01	5111
4.046198680688975e+00	1.544284771495482e+01	5112
1.257479425208423e+01	3.494662496817990e+00	5113
7.448753841093455e+00	1.143276182750119e+01	5114
9.985409577301327e-01	-1.710681394190806e+01	5115
4.101679552300197e+00	-1.622391645151372e+01	5116
-6.509801554532554e+00	-1.715874848140388e+01	5117
1.189945745580980e+01	5.713547249819913e+00	5118
1.074125905740972e+01	7.888805832293825e+00	5119
1.084508317372688e+01	-1.042107831480191e+01	5120
-1.255844712208907e+01	-1.016209855921330e+01	5121
-1.354750733210191e+01	8.011485527465176e-01	5122
-1.360080921033547e+01	-3.875166192251450e+00	5123
1.257727350644202e+01	-4.696955783361897e+00	5124
4.818821564377843e-01	1.580851222922648e+01	5125
1.152748912003030e+01	-7.855077400376052e+00	5126
-1.208764820007824e+01	1.017759634284649e+01	5127
6.253765467596283e+00	1.328615183995520e+01	5128
1.320267805529495e+01	9.775841409793011e-01	5129
-1.274459901454853e+01	-6.809912761674444e+00	5130
-1.462001136490075e+01	3.800255016492567e+00	5131
-2.954298338916799e+00	1.519293215935773e+01	5132
1.290517260716370e+01	-1.914278787586727e+00	5133
-1.321318998973557e+01	-1.937051915024156e-01	5134
-5.872614869834062e+00	1.449718246416815e+01	5135
-1.227136622260670e+01	-1.304899129275348e+01	5136
-1.388485471034385e+01	6.773623505877899e+00	5137
7.342484062042054e+00	-1.458041773572210e+01	5138
1.004209724564572e+01	-1.246442013885141e+01	5139
9.145407979579911e+00	9.780626311623053e+00	5140
-1.188985527530923e+01	-9.104046077648780e+00	5141
-4.612297450212417e+00	1.570946482846174e+01	5142
1.400277220741451e+01	-5.811739857766686e-01	5143
2.841085611504512e+00	-1.767720116794758e+01	5144
1.303371466146293e+01	-6.576412445228545e+00	5145
1.302804042309651e+01	4.841769048859523e+00	5146
-1.530294664512615e+01	9.152536008852609e-01	5147
6.280222022357481e+00	-1.652132543597841e+01	5148
2.354242516395656e+00	1.664358679016774e+01	5149
-1.147185584851377e+01	1.238350641937662e+01	5150
-1.406465794971248e+01	9.020520193421159e+00	5151
1.373119296646742e+01	2.465236834278209e+00	5152
1.358995169675837e+01	-3.391369830437614e+00	5153
1.209303635032834e+01	7.209891684639285e+00	5154
-1.472872404502743e+00	1.668927922359629e+01	5155
-8.067940299138789e+00	1.478986281749846e+01	5156
8.840890047196709e+00	1.115763759404940e+01	5157
-1.338274908778558e+01	-8.473734832475083e+00	5158
-5.869552184781200e-01	-1.861995990010632e+01	5159
1.207865269982724e+01	-1.208176728850628e+01	5160
-1.454761485598197e+01	-1.935737504228008e+00	5161
6.367025062172906e+00	1.560261453058439e+01	5162
1.275130596842666e+01	-9.551195241558174e+00	5163
-1.518324671651485e+01	5.500304219371242e+00	5164
-1.415979208740227e+01	-5.644583959261015e+00	5165
-1.596084808305764e+01	2.496495082348794e+00	5166
-1.482307614676946e+01	-1.835745845814788e-01	5167
9.316226723653877e+00	-1.430147456223204e+01	5168
1.065117037292012e+01	9.435312736969697e+00	5169
1.430656927109465e+01	-5.127761476943592e+00	5170
4.985873663295155e+00	-1.816729529293121e+01	5171
-1.049816472631485e+01	1.462507846284193e+01	5172
1.459220743405667e+01	-8.221672331871355e+00	5173
1.344536569546506e+01	6.370360798678478e+00	5174
-3.376720786455505e+00	1.719954372018601e+01	5175
1.461053371453071e+01	-2.111828398120817e+00	5176
-1.458950823133197e+01	-7.281080494332033e+00	5177
-6.615374395708215e+00	1.644428658925287e+01	5178
-1.461563225488328e+01	-1.011768456269064e+01	5179
-1.728451822951164e+01	1.012301952026109e+00	5180
-1.649400326818414e+01	-8.229048558070055e-01	5181
4.678548441365360e+00	1.747274032984350e+01	5182
4.656929897349447e-01	1.792942704826372e+01	5183
-1.378808402151289e+01	1.148792464710971e+01	5184
-1.550988564376810e+01	-3.939947287787244e+00	5185
-1.579245834629130e+01	7.586740946287263e+00	5186
1.141124251466511e+01	-1.408936389626902e+01	5187
1.216785199066323e+01	8.833596573870960e+00	5188
8.446605754270738e+00	1.283916024031262e+01	5189
1.418384897800775e+01	3.894474523273068e+00	5190
1.492493369773421e+01	1.052594617013610e+00	5191
8.544246470587550e+00	-1.639606226921935e+01	5192
1.422250221209279e+01	-1.129353685045101e+01	5193
-1.654914905508209e+01	4.255861918522300e+00	5194
1.037317088699698e+01	1.095966975739271e+01	5195
1.540336742009805e+01	-3.698521418424323e+00	5196
-1.377078384984254e+01	-1.219662252811150e+01	5197
-1.722417508804084e+01	6.143015696556257e+00	5198
1.470053687481254e+01	5.393763326336714e+00	5199
1.583920036821415e+01	-6.567781328821922e-01	5200
1.493027992113344e+01	-6.964981854940145e+00	5201
1.003862009002101e+01	1.253466780156305e+01	5202
1.566997817538722e+01	-9.549597212129084e+00	5203
-5.211212587690587e+00	1.778212933480085e+01	5204
1.369166201204430e+01	8.057246606835541e+00	5205
7.686711206090066e+00	1.473440110769627e+01	5206
-1.804031704515667e+01	2.896857549375590e+00	5207
-1.616489336434862e+01	-5.952423782222590e+00	5208
1.207271862575400e+01	1.057799499080969e+01	5209
1.552345855282179e+01	2.748021341473074e+00	5210
-1.865642353008727e+01	-6.721806100114210e-01	5211
1.627100912663338e+01	-5.478384979978916e+00	5212
1.600491470189747e+01	4.352389907589840e+00	5213
1.520212709022723e+01	7.100576801384641e+00	5214
8.076562557371313e+00	1.676189325975677e+01	5215
-1.660405854897850e+01	-8.079842647694575e+00	5216
1.378868047575730e+01	9.896456475820377e+00	5217
1.653558153742846e+01	-2.314764276279743e+00	5218
1.688266981427989e+01	1.169541878045010e+00	5219
-1.770483933814467e+01	-2.666873807330635e+00	5220
1.669407463494637e+01	-7.562380659503764e+00	5221
9.657009383528543e+00	1.444506211985498e+01	5222
-1.762397590167632e+01	-4.355145894613186e+00	5223
1.176400868936443e+01	1.229601452763353e+01	5224
1.792292414246277e+01	-7.175575577298042e-01	5225
1.551106472548791e+01	9.006435715378029e+00	5226
1.744449078041340e+01	-3.974500028124826e+00	5227
1.368727032516233e+01	1.186991786360865e+01	5228
1.659110603253928e+01	6.012690113536824e+00	5229
1.755532388171461e+01	3.091581647733424e+00	5230
1.142041995214082e+01	1.406010574119360e+01	5231
1.719531067177246e+01	7.914494930703498e+00	5232
NMARK= 2
MARKER_TAG= airfoil
MARKER_ELEMS= 200
3	199	0
3	0	1
3	1	2
3	2	3
3	3	4
3	4	5
3	5	6
3	6	7
3	7	8
3	8	9
3	9	10
3	10	11
3	11	12
3	12	13
3	13	14
3	14	15
3	15	16
3	16	17
3	17	18
3	18	19
3	19	20
3	20	21
3	21	22
3	22	23
3	23	24
3	24	25
3	25	26
3	26	27
3	27	28
3	28	29
3	29	30
3	30	31
3	31	32
3	32	33
3	33	34
3	34	35
3	35	36
3	36	37
3	37	38
3	38	39
3	39	40
3	40	41
3	41	42
3	42	43
3	43	44
3	44	45
3	45	46
3	46	47
3	47	48
3	48	49
3	49	50
3	50	51
3	51	52
3	52	53
3	53	54
3	54	55
3	55	56
3	56	57
3	57	58
3	58	59
3	59	60
3	60	61
3	61	62
3	62	63
3	63	64
3	64	65
3	65	66
3	66	67
3	67	68
3	68	69
3	69	70
3	70	71
3	71	72
3	72	73
3	73	74
3	74	75
3	75	76
3	76	77
3	77	78
3	78	79
3	79	80
3	80	81
3	81	82
3	82	83
3	83	84
3	84	85
3	85	86
3	86	87
3	87	88
3	88	89
3	89	90
3	90	91
3	91	92
3	92	93
3	93	94
3	94	95
3	95	96
3	96	97
3	97	98
3	98	99
3	99	100
3	100	101
3	101	102
3	102	103
3	103	104
3	104	105
3	105	106
3	106	107
3	107	108
3	108	109
3	109	110
3	110	111
3	111	112
3	112	113
3	113	114
3	114	115
3	115	116
3	116	117
3	117	118
3	118	119
3	119	120
3	120	121
3	121	122
3	122	123
3	123	124
3	124	125
3	125	126
3	126	127
3	127	128
3	128	129
3	129	130
3	130	131
3	131	132
3	132	133
3	133	134
3	134	135
3	135	136
3	136	137
3	137	138
3	138	139
3	139	140
3	140	141
3	141	142
3	142	143
3	143	144
3	144	145
3	145	146
3	146	147
3	147	148
3	148	149
3	149	150
3	150	151
3	151	152
3	152	153
3	153	154
3	154	155
3	155	156
3	156	157
3	157	158
3	158	159
3	159	160
3	160	161
3	161	162
3	162	163
3	163	164
3	164	165
3	165	166
3	166	167
3	167	168
3	168	169
3	169	170
3	170	171
3	171	172
3	172	173
3	173	174
3	174	175
3	175	176
3	176	177
3	177	178
3	178	179
3	179	180
3	180	181
3	181	182
3	182	183
3	183	184
3	184	185
3	185	186
3	186	187
3	187	188
3	188	189
3	189	190
3	190	191
3	191	192
3	192	193
3	193	194
3	194	195
3	195	196
3	196	197
3	197	198
3	198	199
MARKER_TAG= farfield
MARKER_ELEMS= 50
3	200	201
3	201	202
3	202	203
3	203	204
3	204	205
3	205	206
3	206	207
3	207	208
3	208	209
3	209	210
3	210	211
3	211	212
3	212	213
3	213	214
3	214	215
3	215	216
3	216	217
3	217	218
3	218	219
3	219	220
3	220	221
3	221	222
3	222	223
3	223	224
3	224	225
3	225	226
3	226	227
3	227	228
3	228	229
3	229	230
3	230	231
3	231	232
3	232	233
3	233	234
3	234	235
3	235	236
3	236	237
3	237	238
3	238	239
3	239	240
3	240	241
3	241	242
3	242	243
3	243	244
3	244	245
3	245	246
3	246	247
3	247	248
3	248	249
3	249	200
