"Time_Iter","Outer_Iter","Inner_Iter",    "rms[Rho]"    ,    "rms[RhoU]"   ,    "rms[RhoV]"   ,    "rms[RhoE]"   ,    "RefForce"    ,       "CD"       ,       "CL"       ,       "CSF"      ,       "CMx"      ,       "CMy"      ,       "CMz"      ,       "CFx"      ,       "CFy"      ,       "CFz"      ,      "CEff"      
          0,           0,           0,      -4.678198314,      -4.655392666,      -5.387385565,      -4.081818241,             0.448,     0.01237432899,      0.1078313677,                 0,                 0,                 0,    -0.02657192792,     0.01001905535,      0.1080756513,                 0,       8.714118379
          0,           0,           1,      -4.977365968,       -4.86555301,      -4.832883846,      -4.379508845,             0.448,    0.005379693521,      0.1057614226,                 0,                 0,                 0,     -0.0279210493,    0.003071240024,      0.1058536116,                 0,       19.65937691
          0,           0,           2,      -4.894749721,      -4.876084744,      -4.933305002,       -4.30659119,             0.448,    0.004513512265,      0.1101928397,                 0,                 0,                 0,     -0.0278462778,    0.002108594042,      0.1102650785,                 0,        24.4139892
          0,           0,           3,      -4.867917938,       -4.91791473,       -4.88980507,       -4.28194212,             0.448,    0.004621534221,      0.1072386625,                 0,                 0,                 0,     -0.0289901425,    0.002281035328,      0.1073139608,                 0,       23.20412602
          0,           0,           4,      -4.825488363,      -4.876482065,       -4.86791858,      -4.244056781,             0.448,    0.004031109803,       0.102987501,                 0,                 0,                 0,    -0.02984783349,    0.001783490014,      0.1030509309,                 0,       25.54817556
          0,           0,           5,      -4.810050632,      -4.859256603,      -4.889589805,       -4.23247185,             0.448,    0.003662004573,      0.1011640209,                 0,                 0,                 0,    -0.03006697026,    0.001454251629,      0.1012198329,                 0,       27.62531257
          0,           0,           6,      -4.796637742,      -4.908788256,      -4.919554505,      -4.223659445,             0.448,    0.003498549803,     0.09940898249,                 0,                 0,                 0,    -0.03062198867,    0.001329121719,     0.09946164631,                 0,       28.41433968
          0,           0,           7,       -4.78299727,      -4.903356077,      -4.908268015,      -4.213039117,             0.448,    0.003371186446,      0.0971001266,                 0,                 0,                 0,    -0.03115556488,    0.001252156096,     0.09715056144,                 0,       28.80295354
          0,           0,           8,      -4.769581592,      -4.891080486,      -4.923315661,      -4.202447459,             0.448,    0.003216467054,     0.09484733093,                 0,                 0,                 0,    -0.03149290688,    0.001146618001,      0.0948949267,                 0,       29.48804678
          0,           0,           9,      -4.765761157,      -4.938900336,      -4.953191898,      -4.201999909,             0.448,    0.003053059119,     0.09311334019,                 0,                 0,                 0,    -0.03160226005,    0.001021075762,     0.09315778387,                 0,       30.49837444
          0,           0,          10,      -4.758293408,      -4.985424395,      -4.985273628,      -4.196476917,             0.448,    0.002920902754,     0.09173084594,                 0,                 0,                 0,    -0.03156624832,   0.0009191098001,     0.09177273564,                 0,       31.40496403
          0,           0,          11,      -4.752776124,      -5.008231145,      -4.998627102,       -4.19295668,             0.448,    0.002812812268,     0.09042672476,                 0,                 0,                 0,    -0.03149231649,   0.0008394942906,     0.09046656682,                 0,       32.14815499
          0,           0,          12,      -4.748073389,      -5.025041234,      -5.014596481,      -4.190095754,             0.448,    0.002705898362,     0.08913905988,                 0,                 0,                 0,    -0.03141192484,   0.0007606960878,     0.08917687606,                 0,       32.94250115
          0,           0,          13,      -4.746199382,      -5.048832466,      -5.037900111,      -4.189221197,             0.448,    0.002600404959,     0.08791935601,                 0,                 0,                 0,    -0.03130456971,    0.000681835489,     0.08795516112,                 0,       33.80987093
          0,           0,          14,      -4.747851346,      -5.075897543,       -5.05707147,      -4.190878851,             0.448,    0.002507712335,     0.08683032828,                 0,                 0,                 0,    -0.03115414347,   0.0006129219387,     0.08686437047,                 0,        34.6253145
          0,           0,          15,      -4.751145466,      -5.097475357,      -5.071273599,      -4.193523945,             0.448,    0.002433108122,     0.08586025293,                 0,                 0,                 0,    -0.03097692163,   0.0005594975617,     0.08589289849,                 0,       35.28830147
          0,           0,          16,      -4.755618681,      -5.112441075,       -5.08511519,      -4.197422506,             0.448,    0.002374508713,     0.08498732192,                 0,                 0,                 0,    -0.03079280312,   0.0005199549872,     0.08501889687,                 0,        35.7915393
          0,           0,          17,      -4.762011311,      -5.123561924,      -5.101243315,      -4.203593778,             0.448,    0.002326378481,     0.08418560292,                 0,                 0,                 0,    -0.03061143301,   0.0004893256163,     0.08421631871,                 0,       36.18740614
          0,           0,          18,      -4.771563895,      -5.133451649,      -5.120117154,      -4.213242132,             0.448,    0.002282513251,     0.08337814834,                 0,                 0,                 0,    -0.03044754388,   0.0004630853539,     0.08340809936,                 0,       36.52909718
          0,           0,          19,      -4.783489211,      -5.142738719,      -5.139783847,       -4.22551076,             0.448,    0.002246833628,      0.0825909688,                 0,                 0,                 0,    -0.03029191331,   0.0004445864531,     0.08262032881,                 0,       36.75882708
          0,           0,          20,      -4.796061214,      -5.154048113,      -5.159929422,      -4.238344373,             0.448,    0.002222234513,     0.08182938335,                 0,                 0,                 0,    -0.03014630207,   0.0004366070914,     0.08185838797,                 0,       36.82301884
          0,           0,          21,       -4.80915111,      -5.168733187,      -5.180373488,      -4.251519949,             0.448,    0.002211225822,     0.08109265975,                 0,                 0,                 0,    -0.03001390416,   0.0004416725607,     0.08112159953,                 0,       36.67316967
          0,           0,          22,      -4.823293167,      -5.185084066,      -5.199714775,      -4.265711306,             0.448,    0.002215972897,      0.0803893238,                 0,                 0,                 0,    -0.02989498191,   0.0004617616983,     0.08041853451,                 0,       36.27721437
          0,           0,          23,      -4.838893055,      -5.201766901,      -5.216701978,      -4.281292655,             0.448,    0.002235026455,     0.07969978792,                 0,                 0,                 0,    -0.02979942432,    0.000495852868,     0.07972957838,                 0,       35.65943828
          0,           0,          24,      -4.857821078,      -5.219610182,      -5.233011258,      -4.300189515,             0.448,    0.002270386881,     0.07902545101,                 0,                 0,                 0,    -0.02972528046,   0.0005459154614,     0.07905617332,                 0,       34.80704178
          0,           0,          25,      -4.882146195,      -5.240007739,      -5.246685971,      -4.324647184,             0.448,    0.002319076609,     0.07834167273,                 0,                 0,                 0,    -0.02968312918,   0.0006095101479,     0.07837361993,                 0,       33.78140783
          0,           0,          26,      -4.909350245,      -5.261924426,      -5.260394694,      -4.351898994,             0.448,    0.002379034663,     0.07764933032,                 0,                 0,                 0,    -0.02967598734,   0.0006845573029,     0.07768275025,                 0,       32.63900755
          0,           0,          27,      -4.937645329,      -5.285241266,      -5.281221539,       -4.37979234,             0.448,    0.002447755272,     0.07693866832,                 0,                 0,                 0,     -0.0297063544,   0.0007687645686,      0.0769737565,                 0,       31.43233688
          0,           0,          28,      -4.965057964,      -5.308983244,       -5.30976533,      -4.406338247,             0.448,    0.002522719649,     0.07620550816,                 0,                 0,                 0,    -0.02977432077,   0.0008597049104,     0.07624240615,                 0,       30.20768011
          0,           0,          29,      -4.991127796,      -5.331829413,      -5.344600484,      -4.431351756,             0.448,    0.002600988733,     0.07544270273,                 0,                 0,                 0,    -0.02987910326,   0.0009545958814,     0.07548148968,                 0,        29.0053939
          0,           0,          30,      -5.016476285,      -5.352218002,        -5.3830593,      -4.455617888,             0.448,    0.002680004589,     0.07463938902,                 0,                 0,                 0,    -0.03001755596,     0.00105111713,     0.07468009086,                 0,        27.8504706
          0,           0,          31,      -5.045243988,      -5.368654978,      -5.421477974,      -4.483480792,             0.448,    0.002755768267,     0.07378590712,                 0,                 0,                 0,    -0.03018946577,    0.001145481388,     0.07382846484,                 0,       26.77507685
          0,           0,          32,      -5.074645872,      -5.380856013,      -5.457830078,      -4.512074582,             0.448,    0.002829461801,     0.07291846311,                 0,                 0,                 0,    -0.03037730597,    0.001238080577,     0.07296283487,                 0,       25.77114244
          0,           0,          33,      -5.106215753,      -5.390262111,      -5.493478658,      -4.542788507,             0.448,     0.00289756045,     0.07202275682,                 0,                 0,                 0,    -0.03057941962,    0.001325702749,      0.0720688273,                 0,       24.85634314
          0,           0,          34,      -5.139404465,      -5.397730791,      -5.523186878,       -4.57540075,             0.448,    0.002957823878,      0.0711068979,                 0,                 0,                 0,    -0.03079016099,    0.001405931193,     0.07115450098,                 0,       24.04027449
          0,           0,          35,       -5.17382854,      -5.405290172,      -5.548120239,      -4.609639839,             0.448,    0.003009973079,     0.07018433065,                 0,                 0,                 0,    -0.03099959931,    0.001478193683,      0.0702332909,                 0,       23.31726192
          0,           0,          36,      -5.208221024,      -5.415202097,      -5.570261304,       -4.64388355,             0.448,    0.003052240384,     0.06925858025,                 0,                 0,                 0,     -0.0312040573,    0.001540646067,     0.06930868286,                 0,       22.69106346
          0,           0,          37,      -5.241016764,      -5.428582166,      -5.591631656,      -4.676536852,             0.448,    0.003085140149,     0.06834810686,                 0,                 0,                 0,    -0.03139387375,    0.001593399875,     0.06839914384,                 0,       22.15397148
          0,           0,          38,       -5.27194339,      -5.446102496,      -5.613776929,      -4.707586433,             0.448,    0.003108066581,     0.06745899088,                 0,                 0,                 0,    -0.03156494249,    0.001635716814,     0.06751073959,                 0,       21.70448706
          0,           0,          39,       -5.30018995,      -5.467994134,      -5.637028369,      -4.736258214,             0.448,    0.003119983248,     0.06658646385,                 0,                 0,                 0,    -0.03171714209,    0.001666664723,     0.06663868015,                 0,       21.34192993
          0,           0,          40,      -5.326784434,       -5.49440476,      -5.661898882,      -4.763516633,             0.448,    0.003121767816,      0.0657382637,                 0,                 0,                 0,    -0.03184727894,    0.001686952255,     0.06579072078,                 0,       21.05802468
          0,           0,          41,      -5.351513378,      -5.525054747,      -5.688201399,       -4.78899272,             0.448,    0.003114355663,     0.06492029937,                 0,                 0,                 0,    -0.03195449878,    0.001697385664,     0.06497278941,                 0,       20.84549949
          0,           0,          42,      -5.374883759,      -5.559431138,       -5.71563872,      -4.813106146,             0.448,    0.003099310274,      0.0641395791,                 0,                 0,                 0,    -0.03203788369,    0.001699375178,     0.06419192671,                 0,       20.69479124
          0,           0,          43,      -5.397755602,      -5.596673697,      -5.743349293,      -4.836706328,             0.448,    0.003078506174,     0.06340083547,                 0,                 0,                 0,    -0.03209750465,    0.001694691636,     0.06345290504,                 0,       20.59467543
          0,           0,          44,      -5.420715247,      -5.635608705,      -5.770625152,      -4.860367813,             0.448,    0.003053989967,     0.06270797031,                 0,                 0,                 0,    -0.03213421523,    0.001685296037,     0.06275966995,                 0,       20.53312912
          0,           0,          45,      -5.444000701,      -5.674690926,      -5.797087354,      -4.884290164,             0.448,    0.003027631964,     0.06206329567,                 0,                 0,                 0,    -0.03214955525,     0.00167300781,     0.06211457372,                 0,       20.49895641
          0,           0,          46,      -5.467595087,      -5.712232529,      -5.822696534,      -4.908407885,             0.448,    0.003001189719,     0.06146793048,                 0,                 0,                 0,    -0.03214538641,     0.00165955968,     0.06151877339,                 0,       20.48118788
          0,           0,          47,      -5.491404841,      -5.746697848,      -5.847796751,      -4.932595146,             0.448,     0.00297617508,     0.06092144247,                 0,                 0,                 0,    -0.03212424955,    0.001646472567,     0.06097186973,                 0,       20.46971056
          0,           0,          48,      -5.515117362,      -5.777025126,       -5.87273369,      -4.956500937,             0.448,    0.002953815933,     0.06042238581,                 0,                 0,                 0,    -0.03208901042,    0.001635005605,     0.06047244408,                 0,       20.45570448
          0,           0,          49,      -5.538503584,      -5.802814217,      -5.898104687,      -4.979899597,             0.448,    0.002935097252,       0.059969075,                 0,                 0,                 0,    -0.03204231115,    0.001626180302,     0.06001883279,                 0,       20.43171651
          0,           0,          50,      -5.561273912,      -5.824396767,      -5.924287583,      -5.002559251,             0.448,    0.002920703079,     0.05955961973,                 0,                 0,                 0,     -0.0319865658,    0.001620721774,     0.05960916096,                 0,          20.39222
          0,           0,          51,      -5.583153633,      -5.842657928,      -5.951275857,      -5.024270159,             0.448,    0.002911001329,     0.05919144474,                 0,                 0,                 0,    -0.03192420891,    0.001619054027,     0.05924086194,                 0,       20.33370585
          0,           0,          52,      -5.603909055,      -5.858749433,      -5.978831153,      -5.044861484,             0.448,     0.00290607437,      0.0588612054,                 0,                 0,                 0,    -0.03185768847,    0.001621332374,     0.05891059371,                 0,       20.25454201
          0,           0,          53,      -5.623422415,      -5.873798617,      -6.006430328,      -5.064266019,             0.448,    0.002905771618,     0.05856596852,                 0,                 0,                 0,    -0.03178899441,    0.001627470252,     0.05861542048,                 0,       20.15504872
          0,           0,          54,      -5.641633409,      -5.888703015,      -6.033352715,      -5.082450881,             0.448,    0.002909652688,     0.05830176565,                 0,                 0,                 0,     -0.0317200453,    0.001637113955,     0.05835136514,                 0,       20.03736249
          0,           0,          55,      -5.658299892,      -5.904051468,      -6.058797268,      -5.099187153,             0.448,    0.002917168094,     0.05806539836,                 0,                 0,                 0,    -0.03165240989,    0.001649783897,     0.05811521805,                 0,        19.9047146
          0,           0,          56,       -5.67380987,       -5.92012738,      -6.082183054,       -5.11489224,             0.448,    0.002927753621,     0.05785431752,                 0,                 0,                 0,    -0.03158717161,    0.001664971609,     0.05790441837,                 0,         19.760651
          0,           0,          57,      -5.688175734,      -5.936941715,       -6.10343287,      -5.129531703,             0.448,    0.002940685893,     0.05766504736,                 0,                 0,                 0,    -0.03152553427,     0.00168202971,     0.05771547537,                 0,       19.60938688
          0,           0,          58,      -5.701411975,      -5.954458148,      -6.122629093,      -5.143107333,             0.448,    0.002955263609,     0.05749441268,                 0,                 0,                 0,    -0.03146841938,    0.001700326333,      0.0575451993,                 0,       19.45491851
          0,           0,          59,      -5.713509685,      -5.972633512,      -6.139920704,       -5.15559662,             0.448,    0.002970859961,     0.05733950836,                 0,                 0,                 0,    -0.03141645279,    0.001719298194,     0.05739067208,                 0,       19.30064329
          0,           0,          60,      -5.724348608,      -5.991415592,       -6.15538537,        -5.1668651,             0.448,    0.002986909943,       0.057197727,                 0,                 0,                 0,    -0.03136996837,    0.001738437301,     0.05724927458,                 0,       19.14946486
          0,           0,          61,      -5.733791607,      -6.010799624,      -6.168988892,      -5.176759441,             0.448,    0.003002899884,     0.05706684753,                 0,                 0,                 0,    -0.03132903478,    0.001757278558,     0.05711877508,                 0,       19.00391279
          0,           0,          62,      -5.741757801,      -6.030835081,      -6.180722924,      -5.185186968,             0.448,    0.003018421433,     0.05694501543,                 0,                 0,                 0,    -0.03129355274,    0.001775454165,     0.05699731058,                 0,       18.86582663
          0,           0,          63,      -5.748221734,      -6.051597573,      -6.190707139,       -5.19211367,             0.448,    0.003033177389,     0.05683099995,                 0,                 0,                 0,    -0.03126319202,    0.001792693844,     0.05688364413,                 0,       18.73645774
          0,           0,          64,      -5.753225762,      -6.073124937,      -6.199150708,      -5.197570578,             0.448,    0.003046927001,     0.05672323272,                 0,                 0,                 0,     -0.0312376991,    0.001808791114,     0.05677620249,                 0,       18.61653814
          0,           0,          65,      -5.756827895,      -6.095417952,      -6.206365809,       -5.20159815,             0.448,    0.003059567175,      0.0566208785,                 0,                 0,                 0,    -0.03121655182,    0.001823661126,     0.05667414837,                 0,       18.50617269
          0,           0,          66,      -5.759251598,      -6.118440365,      -6.212646423,      -5.204414979,             0.448,    0.003071038422,     0.05652311297,                 0,                 0,                 0,    -0.03119925685,    0.001837262386,     0.05657665635,                 0,       18.40521192
          0,           0,          67,      -5.760721856,      -6.142109427,      -6.218265398,       -5.20623431,             0.448,    0.003081330628,     0.05642925214,                 0,                 0,                 0,      -0.031185317,    0.001849599707,     0.05648304238,                 0,       18.31327402
          0,           0,          68,      -5.761522153,      -6.166309373,      -6.223475514,      -5.207330909,             0.448,    0.003090492948,     0.05633881775,                 0,                 0,                 0,    -0.03117426833,    0.001860732662,     0.05639282938,                 0,       18.22971891
          0,           0,          69,      -5.761992273,      -6.190899088,      -6.228547092,      -5.208051027,             0.448,    0.003098636115,     0.05625171071,                 0,                 0,                 0,    -0.03116562651,    0.001870774122,     0.05630592072,                 0,       18.15370008
          0,           0,          70,      -5.762584994,       -6.21575328,      -6.233784018,      -5.208848973,             0.448,    0.003105878193,     0.05616777764,                 0,                 0,                 0,    -0.03115885668,    0.001879845466,     0.05622216561,                 0,       18.08434657
          0,           0,          71,       -5.76340834,      -6.240770127,      -6.239330836,      -5.209818736,             0.448,    0.003112349587,     0.05608693376,                 0,                 0,                 0,    -0.03115346418,     0.00188807892,     0.05614148214,                 0,       18.02076926
          0,           0,          72,      -5.764636461,      -6.265745867,      -6.245031973,      -5.211139674,             0.448,    0.003118186502,     0.05600912725,                 0,                 0,                 0,    -0.03114901191,    0.001895611786,     0.05606382148,                 0,        17.9620838
          0,           0,          73,      -5.766462161,      -6.290517856,      -6.251020232,      -5.213008618,             0.448,    0.003123533079,     0.05593441185,                 0,                 0,                 0,     -0.0311451396,    0.001902586999,     0.05598924049,                 0,        17.9074178
          0,           0,          74,      -5.769037468,      -6.314903734,      -6.257451866,      -5.215586274,             0.448,    0.003128526972,     0.05586292249,                 0,                 0,                 0,    -0.03114154113,    0.001909139235,     0.05591787708,                 0,       17.85598238
          0,           0,          75,      -5.772477461,      -6.338768081,       -6.26449716,        -5.2189942,             0.448,    0.003133274575,      0.0557944484,                 0,                 0,                 0,    -0.03113806334,    0.001915379463,     0.05584952286,                 0,       17.80707278
          0,           0,          76,      -5.776798535,      -6.361943684,      -6.272290635,      -5.223244691,             0.448,    0.003137843995,     0.05572889314,                 0,                 0,                 0,    -0.03113455819,    0.001921377876,     0.05578408288,                 0,       17.76024978
          0,           0,          77,      -5.782089639,      -6.384415686,      -6.280860798,       -5.22843529,             0.448,     0.00314234975,     0.05566658476,                 0,                 0,                 0,    -0.03113079568,    0.001927241809,     0.05572188762,                 0,       17.71495511
          0,           0,          78,        -5.7884319,      -6.406174005,      -6.290207191,      -5.234657545,             0.448,    0.003146856047,     0.05560749826,                 0,                 0,                 0,    -0.03112671357,    0.001933035998,     0.05566291349,                 0,       17.67081094
          0,           0,          79,      -5.795831144,      -6.427120824,      -6.300306419,      -5.241927589,             0.448,     0.00315138958,      0.0555515522,                 0,                 0,                 0,    -0.03112227858,     0.00193878891,     0.05560707964,                 0,        17.6276372
          0,           0,          80,       -5.80424757,      -6.447133652,      -6.310972004,      -5.250207893,             0.448,    0.003155960545,     0.05549875174,                 0,                 0,                 0,    -0.03111743918,    0.001944510623,     0.05555439146,                 0,       17.58537566
          0,           0,          81,      -5.813619277,      -6.466199509,      -6.322175537,      -5.259430108,             0.448,    0.003160562831,     0.05544897304,                 0,                 0,                 0,    -0.03111225414,     0.00195019773,       0.055504725,                 0,       17.54401858
          0,           0,          82,      -5.823874716,       -6.48447147,      -6.334013843,      -5.269538394,             0.448,    0.003165207388,     0.05540188582,                 0,                 0,                 0,    -0.03110673396,    0.001955868384,     0.05545775031,                 0,       17.50339837
          0,           0,          83,       -5.83499125,      -6.501721903,      -6.346412256,      -5.280546087,             0.448,    0.003169906279,     0.05535782038,                 0,                 0,                 0,    -0.03110087416,     0.00196152744,     0.05541379786,                 0,       17.46355113
          0,           0,          84,      -5.846930045,      -6.517814909,      -6.359577683,      -5.292362219,             0.448,     0.00317453968,     0.05531609938,                 0,                 0,                 0,    -0.03109499706,    0.001967069877,     0.05537218786,                 0,       17.42491982
          0,           0,          85,      -5.859635374,      -6.533501137,      -6.373649482,      -5.304918916,             0.448,     0.00317900573,     0.05527627984,                 0,                 0,                 0,    -0.03108929311,    0.001972403522,     0.05533247522,                 0,       17.38791451
          0,           0,          86,      -5.873002015,      -6.549028712,      -6.388572951,      -5.318153754,             0.448,     0.00318329722,     0.05523819186,                 0,                 0,                 0,     -0.0310838211,    0.001977524876,     0.05529448993,                 0,       17.35250844
          0,           0,          87,      -5.886952651,      -6.564420552,      -6.404253885,      -5.332005028,             0.448,    0.003187399734,     0.05520165206,                 0,                 0,                 0,    -0.03107866289,    0.001982423526,     0.05525804832,                 0,       17.31871013
          0,           0,          88,      -5.901422794,      -6.579608206,      -6.420683842,      -5.346408492,             0.448,    0.003191292976,     0.05516638377,                 0,                 0,                 0,      -0.031073916,    0.001987085215,     0.05522287336,                 0,       17.28653063
          0,           0,          89,      -5.916354976,      -6.594549295,      -6.437739954,      -5.361313064,             0.448,    0.003194961845,     0.05513215301,                 0,                 0,                 0,     -0.0310696345,    0.001991499951,     0.05518873078,                 0,       17.25596601
          0,           0,          90,      -5.931680043,       -6.60927462,      -6.455227217,      -5.376649362,             0.448,    0.003198394117,     0.05509874314,                 0,                 0,                 0,    -0.03106587161,    0.001995660239,     0.05515540373,                 0,        17.2270024
          0,           0,          91,       -5.94734281,      -6.623835337,      -6.472992809,      -5.392360382,             0.448,    0.003201579441,     0.05506591896,                 0,                 0,                 0,    -0.03106268081,     0.00199956086,     0.05512265685,                 0,       17.19961037
          0,           0,          92,      -5.963285528,      -6.638295936,      -6.490990754,      -5.408390963,             0.448,    0.003204514302,     0.05503346747,                 0,                 0,                 0,    -0.03106009764,    0.002003202949,      0.0550902771,                 0,       17.17373127
          0,           0,          93,      -5.979427059,      -6.652703188,      -6.509205408,      -5.424660966,             0.448,    0.003207217221,      0.0550012628,                 0,                 0,                 0,     -0.0310581794,    0.002006607765,     0.05505813906,                 0,        17.1492166
          0,           0,          94,      -5.995309358,      -6.667088645,      -6.527644773,       -5.44072296,             0.448,    0.003209699418,     0.05496916233,                 0,                 0,                 0,    -0.03105690337,    0.002009789639,     0.05502610038,                 0,        17.1259533
          0,           0,          95,      -6.011124447,      -6.681370676,      -6.546434773,      -5.456792586,             0.448,    0.003211971484,      0.0549370086,                 0,                 0,                 0,    -0.03105621616,    0.002012762595,     0.05499400387,                 0,       17.10382825
          0,           0,          96,      -6.026921404,       -6.69581033,      -6.565744737,      -5.472865515,             0.448,    0.003214053199,       0.054904748,                 0,                 0,                 0,    -0.03105607776,    0.002015547576,     0.05496179636,                 0,       17.08271289
          0,           0,          97,      -6.042661523,      -6.710424012,      -6.585274179,      -5.488899304,             0.448,    0.003215965302,     0.05487230387,                 0,                 0,                 0,    -0.03105645388,    0.002018166989,     0.05492940166,                 0,       17.06246763
          0,           0,          98,      -6.058307439,      -6.725147733,      -6.604721864,       -5.50486986,             0.448,    0.003217724074,     0.05483958552,                 0,                 0,                 0,    -0.03105729514,     0.00202063909,     0.05489672946,                 0,       17.04297331
          0,           0,          99,      -6.073811495,       -6.73997771,      -6.623956853,      -5.520728078,             0.448,     0.00321934675,     0.05480655801,                 0,                 0,                 0,    -0.03105854548,    0.002022981871,     0.05486374521,                 0,       17.02412392
          0,           0,         100,      -6.089129828,      -6.754943965,      -6.642939487,      -5.536423071,             0.448,    0.003220847235,     0.05477327529,                 0,                 0,                 0,    -0.03106012891,    0.002025208057,     0.05483050315,                 0,       17.00585942
          0,           0,         101,       -6.10422166,      -6.770074323,      -6.661541387,      -5.551907591,             0.448,    0.003222237434,     0.05473984298,                 0,                 0,                 0,    -0.03106196154,    0.002027327248,     0.05479710912,                 0,       16.98814693
          0,           0,         102,      -6.119065061,      -6.785374025,       -6.67962841,      -5.567153188,             0.448,    0.003223530598,     0.05470630473,                 0,                 0,                 0,    -0.03106398307,    0.002029351737,     0.05476360706,                 0,        16.9709277
          0,           0,         103,      -6.133634799,      -6.800857522,       -6.69708971,      -5.582125982,             0.448,    0.003224734745,     0.05467273586,                 0,                 0,                 0,    -0.03106612301,    0.002031287898,     0.05473007244,                 0,       16.95418079
          0,           0,         104,      -6.147908916,      -6.816515241,      -6.713835578,      -5.596793287,             0.448,    0.003225856073,     0.05463924661,                 0,                 0,                 0,    -0.03106831059,    0.002033139523,     0.05469661562,                 0,        16.9379059
          0,           0,         105,      -6.161880488,      -6.832331938,      -6.729829136,      -5.611138838,             0.448,    0.003226901919,     0.05460593034,                 0,                 0,                 0,    -0.03107049212,    0.002034911911,      0.0546633301,                 0,       16.92209175
          0,           0,         106,      -6.175551977,      -6.848323588,      -6.744973366,      -5.625155021,             0.448,    0.003227866916,     0.05457285381,                 0,                 0,                 0,    -0.03107262078,    0.002036598239,      0.0546302825,                 0,       16.90678558
          0,           0,         107,      -6.188939556,      -6.864502987,      -6.759236723,      -5.638847938,             0.448,     0.00322875229,     0.05454015112,                 0,                 0,                 0,     -0.0310746291,    0.002038196808,      0.0545976069,                 0,       16.89202089
          0,           0,         108,      -6.202073022,      -6.880861634,      -6.772639219,      -5.652239102,             0.448,    0.003229564285,     0.05450800704,                 0,                 0,                 0,    -0.03107645018,    0.002039709829,     0.05456548818,                 0,       16.87782073
          0,           0,         109,      -6.214999244,       -6.89728477,      -6.785197841,      -5.665366153,             0.448,    0.003230307272,     0.05447650484,                 0,                 0,                 0,    -0.03107806227,    0.002041139856,     0.05453400969,                 0,       16.86418667
          0,           0,         110,      -6.227742701,      -6.913634373,      -6.797063829,      -5.678240938,             0.448,    0.003230984983,     0.05444575063,                 0,                 0,                 0,    -0.03107942415,    0.002042488306,     0.05450327758,                 0,       16.85113082
          0,           0,         111,      -6.240295518,      -6.929930886,      -6.808271302,      -5.690850746,             0.448,    0.003231594212,     0.05441587923,                 0,                 0,                 0,    -0.03108048404,     0.00204374903,     0.05447342658,                 0,       16.83871045
          0,           0,         112,      -6.252688693,       -6.94614444,      -6.818761906,      -5.703228148,             0.448,    0.003232135961,     0.05438696217,                 0,                 0,                 0,    -0.03108122577,    0.002044921473,     0.05444452822,                 0,       16.82694132
          0,           0,         113,      -6.264961929,      -6.962181215,      -6.828619415,      -5.715411073,             0.448,    0.003232612275,     0.05435908359,                 0,                 0,                 0,    -0.03108163388,    0.002046005842,     0.05441666666,                 0,       16.81583777
          0,           0,         114,      -6.277160668,      -6.977950605,      -6.838076868,      -5.727448544,             0.448,    0.003233026641,     0.05433229886,                 0,                 0,                 0,    -0.03108170394,    0.002047004415,     0.05438989734,                 0,       16.80539782
          0,           0,         115,      -6.289321789,      -6.993430401,      -6.847290278,       -5.73938735,             0.448,     0.00323338127,     0.05430667446,                 0,                 0,                 0,    -0.03108142794,    0.002047917952,     0.05436428679,                 0,       16.79562969
          0,           0,         116,      -6.301437404,      -7.008545548,      -6.856358425,      -5.751223359,             0.448,    0.003233678909,     0.05428227638,                 0,                 0,                 0,    -0.03108079995,    0.002048747762,       0.054339901,                 0,       16.78653877
          0,           0,         117,      -6.313540253,      -7.023175245,      -6.865498771,      -5.763001619,             0.448,    0.003233925582,     0.05425913882,                 0,                 0,                 0,    -0.03107983009,     0.00204949912,     0.05431677433,                 0,       16.77810371
          0,           0,         118,      -6.325642245,      -7.037309939,      -6.874790048,      -5.774747765,             0.448,    0.003234127976,     0.05423728659,                 0,                 0,                 0,    -0.03107853178,     0.00205017817,     0.05429493172,                 0,       16.77029697
          0,           0,         119,      -6.337746871,      -7.050977561,       -6.88413858,      -5.786474192,             0.448,    0.003234294109,     0.05421673613,                 0,                 0,                 0,    -0.03107692428,    0.002050792569,     0.05427438977,                 0,       16.76308162
          0,           0,         120,      -6.349863235,      -7.064182083,       -6.89387047,      -5.798209827,             0.448,    0.003234432894,     0.05419749873,                 0,                 0,                 0,    -0.03107503083,    0.002051350983,     0.05425515997,                 0,       16.75641465
          0,           0,         121,      -6.361985433,      -7.077072259,       -6.90376313,      -5.809968634,             0.448,    0.003234554843,     0.05417954717,                 0,                 0,                 0,    -0.03107288703,    0.002051864514,     0.05423721534,                 0,       16.75023297
          0,           0,         122,      -6.374100576,      -7.089567583,      -6.913688157,       -5.82174668,             0.448,     0.00323466744,     0.05416287968,                 0,                 0,                 0,    -0.03107051388,    0.002052340684,     0.05422055428,                 0,       16.74449713
          0,           0,         123,      -6.386207241,      -7.101585332,      -6.923821415,      -5.833545347,             0.448,     0.00323477754,     0.05414748636,                 0,                 0,                 0,    -0.03106793162,     0.00205278656,     0.05420516703,                 0,       16.73916852
          0,           0,         124,      -6.398280123,      -7.113158279,      -6.934270947,      -5.845349799,             0.448,    0.003234894722,     0.05413332118,                 0,                 0,                 0,    -0.03106517762,    0.002053212727,     0.05419100777,                 0,       16.73418328
          0,           0,         125,      -6.410293883,      -7.124415264,      -6.945557219,       -5.85715631,             0.448,    0.003235028775,      0.0541203398,                 0,                 0,                 0,    -0.03106228946,    0.002053629935,     0.05417803241,                 0,        16.7294771
          0,           0,         126,      -6.422278953,      -7.135569525,      -6.957016563,      -5.869013806,             0.448,    0.003235187767,     0.05410849908,                 0,                 0,                 0,    -0.03105930162,    0.002054047193,     0.05416619797,                 0,       16.72499495
          0,           0,         127,      -6.434206114,      -7.146590948,      -6.968525566,      -5.880887617,             0.448,    0.003235378483,     0.05409772655,                 0,                 0,                 0,    -0.03105625165,    0.002054472865,     0.05415543217,                 0,       16.72067946
          0,           0,         128,       -6.44606989,       -7.15750198,      -6.980286425,      -5.892778396,             0.448,    0.003235602129,     0.05408798403,                 0,                 0,                 0,    -0.03105315409,     0.00205490899,     0.05414569685,                 0,       16.71651269
          0,           0,         129,      -6.457895348,      -7.168406528,      -6.992048661,      -5.904715239,             0.448,    0.003235860753,     0.05407922298,                 0,                 0,                 0,    -0.03105003036,    0.002055358674,     0.05413694352,                 0,       16.71246914
          0,           0,         130,      -6.469670296,      -7.179359616,      -7.003873526,      -5.916679856,             0.448,    0.003236156725,     0.05407137196,                 0,                 0,                 0,    -0.03104690838,    0.002055825845,     0.05412910083,                 0,       16.70851462
          0,           0,         131,      -6.481378841,      -7.190410377,      -7.015760223,      -5.928655517,             0.448,    0.003236488204,     0.05406439002,                 0,                 0,                 0,    -0.03104379797,    0.002056309554,     0.05412212777,                 0,       16.70464609
          0,           0,         132,       -6.49301381,      -7.201621776,       -7.02768105,      -5.940634561,             0.448,    0.003236852631,     0.05405825276,                 0,                 0,                 0,    -0.03104070419,    0.002056807778,     0.05411599993,                 0,       16.70086931
          0,           0,         133,      -6.504549072,      -7.213015123,      -7.039624664,       -5.95258195,             0.448,     0.00323724858,     0.05405290797,                 0,                 0,                 0,    -0.03103764226,    0.002057320229,     0.05411066505,                 0,       16.69717559
          0,           0,         134,      -6.515968485,      -7.224615734,      -7.051575039,      -5.964473236,             0.448,    0.003237676627,     0.05404825992,                 0,                 0,                 0,    -0.03103464276,    0.002057849572,     0.05410602744,                 0,       16.69353247
          0,           0,         135,      -6.527247244,       -7.23644629,      -7.063278251,      -5.976271113,             0.448,    0.003238134721,     0.05404423412,                 0,                 0,                 0,    -0.03103172422,    0.002058395379,      0.0541020126,                 0,       16.68992762
          0,           0,         136,      -6.538377309,      -7.248504394,      -7.074645644,      -5.987953449,             0.448,    0.003238618335,     0.05404078995,                 0,                 0,                 0,    -0.03102889098,    0.002058954012,     0.05409857979,                 0,       16.68637189
          0,           0,         137,        -6.5493351,      -7.260765003,      -7.085759023,      -5.999483004,             0.448,    0.003239123458,     0.05403788787,                 0,                 0,                 0,    -0.03102614879,    0.002059522323,     0.05409568942,                 0,        16.6828738
          0,           0,         138,       -6.56007875,      -7.273198911,      -7.096633281,      -6.010804474,             0.448,    0.003239647431,     0.05403546189,                 0,                 0,                 0,    -0.03102351218,    0.002060099093,     0.05409327545,                 0,       16.67942671
          0,           0,         139,       -6.57060811,      -7.285736835,      -7.107232823,      -6.021905122,             0.448,    0.003240186009,     0.05403346385,                 0,                 0,                 0,     -0.0310209863,    0.002060681131,     0.05409128963,                 0,       16.67603764
          0,           0,         140,      -6.580932749,      -7.298377387,      -7.117613655,       -6.03278299,             0.448,    0.003240734571,     0.05403184638,                 0,                 0,                 0,    -0.03101857313,    0.002061264847,     0.05408968451,                 0,       16.67271577
          0,           0,         141,      -6.591036961,      -7.311158772,      -7.127680787,      -6.043405442,             0.448,    0.003241287446,     0.05403058179,                 0,                 0,                 0,    -0.03101626569,    0.002061845178,     0.05408843228,                 0,        16.6694817
          0,           0,         142,      -6.600897955,       -7.32404038,      -7.137549351,      -6.053731071,             0.448,    0.003241841699,     0.05402963303,                 0,                 0,                 0,    -0.03101406556,    0.002062419995,     0.05408749584,                 0,       16.66633909
          0,           0,         143,      -6.610509751,       -7.33699218,      -7.147239357,      -6.063743886,             0.448,    0.003242395999,       0.054028948,                 0,                 0,                 0,    -0.03101198074,    0.002062989107,     0.05408682307,                 0,       16.66327864
          0,           0,         144,      -6.619893511,      -7.350001527,       -7.15653736,      -6.073458967,             0.448,    0.003242947078,     0.05402849344,                 0,                 0,                 0,    -0.03101000811,    0.002063549972,     0.05408638064,                 0,       16.66030686
          0,           0,         145,      -6.629065431,      -7.363050908,      -7.165493115,      -6.082881952,             0.448,    0.003243491348,     0.05402824828,                 0,                 0,                 0,    -0.03100814024,     0.00206409946,     0.05408614741,                 0,       16.65743561
          0,           0,         146,      -6.638028528,      -7.376130191,      -7.174196802,       -6.09200651,             0.448,     0.00324402602,     0.05402819155,                 0,                 0,                 0,    -0.03100637144,    0.002064635243,     0.05408610236,                 0,       16.65467269
          0,           0,         147,      -6.646796499,      -7.389220067,      -7.182706084,      -6.100842134,             0.448,    0.003244549444,     0.05402828969,                 0,                 0,                 0,    -0.03100470188,    0.002065156401,     0.05408621189,                 0,       16.65201614
          0,           0,         148,      -6.655405412,      -7.402298405,      -7.190987215,      -6.109425958,             0.448,    0.003245060284,     0.05402851401,                 0,                 0,                 0,    -0.03100313113,    0.002065662226,     0.05408644731,                 0,       16.64946389
          0,           0,         149,      -6.663876543,       -7.41531046,      -7.199057882,      -6.117780324,             0.448,     0.00324555713,     0.05402884148,                 0,                 0,                 0,    -0.03100165778,     0.00206615181,     0.05408678553,                 0,         16.647016
          0,           0,         150,      -6.672236491,      -7.428204481,      -7.206949243,      -6.125937543,             0.448,    0.003246039073,     0.05402924576,                 0,                 0,                 0,    -0.03100028212,    0.002066624819,     0.05408720023,                 0,       16.64466895
          0,           0,         151,      -6.680519405,      -7.441007663,      -7.214701851,      -6.133939653,             0.448,    0.003246504704,     0.05402971708,                 0,                 0,                 0,    -0.03099899876,    0.002067080058,      0.0540876816,                 0,       16.64242686
          0,           0,         152,      -6.688754922,      -7.453734657,       -7.22235437,      -6.141826124,             0.448,    0.003246954098,     0.05403023179,                 0,                 0,                 0,    -0.03099780928,    0.002067518116,     0.05408820598,                 0,       16.64028198
          0,           0,         153,      -6.696961164,      -7.466380291,      -7.229946458,      -6.149623262,             0.448,    0.003247387608,      0.0540307636,                 0,                 0,                 0,    -0.03099671668,    0.002067939922,     0.05408874713,                 0,       16.63822436
          0,           0,         154,      -6.705190168,      -7.478933216,      -7.237522002,      -6.157397359,             0.448,    0.003247804971,     0.05403129036,                 0,                 0,                 0,    -0.03099572113,    0.002068345694,     0.05408928287,                 0,       16.63624843
          0,           0,         155,       -6.71347276,      -7.491383923,      -7.245146114,       -6.16518802,             0.448,    0.003248205524,     0.05403180679,                 0,                 0,                 0,    -0.03099481827,    0.002068734885,     0.05408980791,                 0,       16.63435592
          0,           0,         156,      -6.721825881,      -7.503701254,      -7.252871374,      -6.173023581,             0.448,    0.003248589959,     0.05403228377,                 0,                 0,                 0,     -0.0309940124,    0.002069108824,     0.05409029317,                 0,       16.63253425
          0,           0,         157,      -6.730287761,      -7.515876652,      -7.260757932,      -6.180954845,             0.448,    0.003248958297,     0.05403270101,                 0,                 0,                 0,    -0.03099330386,    0.002069467972,     0.05409071834,                 0,       16.63077703
          0,           0,         158,      -6.738889771,      -7.527921146,      -7.268841585,      -6.189024343,             0.448,    0.003249310068,     0.05403304968,                 0,                 0,                 0,      -0.030992689,    0.002069812053,      0.0540910746,                 0,       16.62908388
          0,           0,         159,      -6.747655356,      -7.539836927,      -7.277130684,      -6.197267039,             0.448,     0.00324964559,     0.05403331695,                 0,                 0,                 0,    -0.03099216718,    0.002070141665,     0.05409134913,                 0,        16.6274492
          0,           0,         160,      -6.756601887,      -7.551577915,      -7.285648871,      -6.205709609,             0.448,    0.003249965602,     0.05403348223,                 0,                 0,                 0,    -0.03099174021,    0.002070457995,     0.05409152135,                 0,       16.62586281
          0,           0,         161,      -6.765744499,      -7.563118361,      -7.294474164,      -6.214380313,             0.448,    0.003250270173,        0.05403354,                 0,                 0,                 0,    -0.03099140477,    0.002070761234,     0.05409158575,                 0,       16.62432263
          0,           0,         162,      -6.775090128,      -7.574428504,      -7.303583949,       -6.22328819,             0.448,    0.003250560187,     0.05403347458,                 0,                 0,                 0,    -0.03099116166,    0.002071052606,     0.05409152668,                 0,       16.62281929
          0,           0,         163,      -6.784643118,      -7.585456607,      -7.312987963,      -6.232441697,             0.448,    0.003250835724,     0.05403327563,                 0,                 0,                 0,      -0.030991008,    0.002071332417,     0.05409133378,                 0,       16.62134916
          0,           0,         164,       -6.79442993,      -7.596259811,       -7.32287762,      -6.241877959,             0.448,    0.003251096607,     0.05403293636,                 0,                 0,                 0,    -0.03099093937,     0.00207160064,     0.05409100029,                 0,       16.61991103
          0,           0,         165,      -6.804437846,      -7.607007037,      -7.333101023,      -6.251592683,             0.448,    0.003251342763,     0.05403245315,                 0,                 0,                 0,     -0.0309909509,    0.002071857277,     0.05409052256,                 0,       16.61850414
          0,           0,         166,      -6.814657249,      -7.617732289,      -7.343525738,      -6.261580117,             0.448,    0.003251573678,     0.05403182994,                 0,                 0,                 0,     -0.0309910348,    0.002072101733,     0.05408990454,                 0,       16.61713229
          0,           0,         167,       -6.82508664,      -7.628429175,      -7.354155007,      -6.271841408,             0.448,    0.003251789514,     0.05403106372,                 0,                 0,                 0,    -0.03099118653,    0.002072334233,      0.0540891432,                 0,        16.6157937
          0,           0,         168,      -6.835726405,      -7.639129388,      -7.365023595,       -6.28237944,             0.448,    0.003251990414,     0.05403015297,                 0,                 0,                 0,    -0.03099140102,    0.002072554953,     0.05408823705,                 0,       16.61448716
          0,           0,         169,      -6.846555368,      -7.649877977,      -7.376150051,      -6.293171706,             0.448,    0.003252176468,      0.0540291012,                 0,                 0,                 0,    -0.03099167213,    0.002072763907,     0.05408718959,                 0,       16.61321325
          0,           0,         170,      -6.857564718,      -7.660741738,      -7.387571639,      -6.304211395,             0.448,     0.00325234828,     0.05402790879,                 0,                 0,                 0,    -0.03099199598,    0.002072961691,     0.05408600121,                 0,       16.61196899
          0,           0,         171,      -6.868751206,      -7.671807976,      -7.399216847,      -6.315499139,             0.448,    0.003252506495,      0.0540265759,                 0,                 0,                 0,    -0.03099236885,    0.002073148945,     0.05408467209,                 0,       16.61075112
          0,           0,         172,      -6.880091055,      -7.683010033,      -7.410928718,      -6.327005398,             0.448,    0.003252651358,     0.05402510826,                 0,                 0,                 0,    -0.03099278463,    0.002073325789,     0.05408320797,                 0,       16.60956012
          0,           0,         173,      -6.891566966,      -7.694336825,      -7.422849676,      -6.338711335,             0.448,    0.003252783019,     0.05402351408,                 0,                 0,                 0,    -0.03099323641,    0.002073492196,     0.05408161703,                 0,       16.60839772
          0,           0,         174,      -6.903159094,      -7.705910183,      -7.434972439,      -6.350597344,             0.448,    0.003252901902,      0.0540218002,                 0,                 0,                 0,    -0.03099371859,    0.002073648439,     0.05407990615,                 0,       16.60726386
          0,           0,         175,      -6.914858621,      -7.717770528,      -7.447203511,      -6.362650486,             0.448,    0.003253008472,     0.05401997477,                 0,                 0,                 0,    -0.03099422573,    0.002073794805,     0.05407808348,                 0,       16.60615865
          0,           0,         176,      -6.926663753,      -7.729901602,      -7.459466621,      -6.374860955,             0.448,    0.003253102796,     0.05401805278,                 0,                 0,                 0,    -0.03099475008,    0.002073931035,     0.05407616401,                 0,       16.60508633
          0,           0,         177,      -6.938554403,      -7.742310697,      -7.471781923,      -6.387198218,             0.448,    0.003253185614,     0.05401604034,                 0,                 0,                 0,    -0.03099528787,    0.002074057734,     0.05407415386,                 0,         16.604045
          0,           0,         178,      -6.950498398,      -7.755040838,      -7.484066485,      -6.399617542,             0.448,    0.003253257942,     0.05401394441,                 0,                 0,                 0,    -0.03099583626,    0.002074175767,     0.05407206001,                 0,        16.6030316
          0,           0,         179,      -6.962519713,      -7.768088345,      -7.496380011,      -6.412138303,             0.448,    0.003253320618,     0.05401177224,                 0,                 0,                 0,    -0.03099639207,    0.002074285813,     0.05406988972,                 0,       16.60204406
          0,           0,         180,      -6.974673846,      -7.781403536,      -7.508526997,      -6.424814476,             0.448,    0.003253374266,     0.05400953214,                 0,                 0,                 0,     -0.0309969514,    0.002074388316,     0.05406765132,                 0,       16.60108175
          0,           0,         181,      -6.986917884,      -7.794959555,      -7.520607553,      -6.437582269,             0.448,    0.003253419119,     0.05400723707,                 0,                 0,                 0,     -0.0309975084,    0.002074483226,     0.05406535777,                 0,       16.60014744
          0,           0,         182,       -6.99921591,      -7.808805121,      -7.532583257,      -6.450394621,             0.448,    0.003253455624,     0.05400489973,                 0,                 0,                 0,    -0.03099805821,    0.002074570711,     0.05406302179,                 0,       16.59924277
          0,           0,         183,      -7.011569324,      -7.823008199,       -7.54429028,      -6.463246446,             0.448,    0.003253484809,     0.05400252625,                 0,                 0,                 0,    -0.03099859927,    0.002074651666,     0.05406064951,                 0,       16.59836435
          0,           0,         184,      -7.023940296,      -7.837502112,      -7.555803015,      -6.476083271,             0.448,    0.003253507015,     0.05400013043,                 0,                 0,                 0,    -0.03099912674,    0.002074726132,     0.05405825474,                 0,       16.59751467
          0,           0,         185,      -7.036310644,      -7.852266222,      -7.567249022,       -6.48887703,             0.448,    0.003253522308,     0.05399772961,                 0,                 0,                 0,    -0.03099963455,    0.002074793795,     0.05405585483,                 0,       16.59669874
          0,           0,         186,      -7.048664419,      -7.867328955,      -7.578653479,      -6.501603549,             0.448,    0.003253531646,     0.05399532665,                 0,                 0,                 0,    -0.03100012236,     0.00207485555,     0.05405345265,                 0,       16.59591254
          0,           0,         187,      -7.060993348,      -7.882656601,      -7.590052148,      -6.514244423,             0.448,    0.003253535586,     0.05399292913,                 0,                 0,                 0,    -0.03100058806,    0.002074911791,     0.05405105578,                 0,       16.59515555
          0,           0,         188,      -7.073293495,       -7.89813525,      -7.601460125,      -6.526788308,             0.448,    0.003253534631,     0.05399054549,                 0,                 0,                 0,     -0.0310010295,    0.002074962835,     0.05404867268,                 0,       16.59442779
          0,           0,         189,      -7.085558699,      -7.913685188,      -7.612844717,       -6.53922352,             0.448,    0.003253529063,     0.05398818933,                 0,                 0,                 0,    -0.03100144315,    0.002075008668,     0.05404631697,                 0,         16.593732
          0,           0,         190,      -7.097764124,       -7.92930033,      -7.624172839,       -6.55151904,             0.448,    0.003253519764,     0.05398586571,                 0,                 0,                 0,    -0.03100182911,     0.00207505006,     0.05404399369,                 0,       16.59306524
          0,           0,         191,      -7.109899641,       -7.94499074,      -7.635412067,      -6.563664835,             0.448,    0.003253507426,     0.05398358029,                 0,                 0,                 0,      -0.031002187,    0.002075087582,     0.05404170856,                 0,       16.59242572
          0,           0,         192,      -7.121966373,      -7.960688756,      -7.646494766,      -6.575666133,             0.448,    0.003253492467,     0.05398133913,                 0,                 0,                 0,    -0.03100251556,    0.002075121516,      0.0540394676,                 0,       16.59181316
          0,           0,         193,      -7.133967007,      -7.976184271,       -7.65752241,      -6.587522953,             0.448,    0.003253475216,     0.05397914906,                 0,                 0,                 0,    -0.03100281333,    0.002075152046,     0.05403727767,                 0,       16.59122799
          0,           0,         194,      -7.145899572,      -7.991310361,      -7.668562399,      -6.599234118,             0.448,    0.003253455981,     0.05397701748,                 0,                 0,                 0,    -0.03100307895,    0.002075179316,     0.05403514617,                 0,        16.5906709
          0,           0,         195,      -7.157755118,      -8.005993503,      -7.679618666,      -6.610796266,             0.448,    0.003253435185,     0.05397495047,                 0,                 0,                 0,    -0.03100331199,    0.002075203616,     0.05403307921,                 0,       16.59014162
          0,           0,         196,      -7.169527733,      -8.020181666,      -7.690686706,      -6.622211611,             0.448,    0.003253413347,     0.05397295233,                 0,                 0,                 0,    -0.03100351299,    0.002075225373,     0.05403108107,                 0,       16.58963881
          0,           0,         197,      -7.181218807,      -8.033820944,      -7.701752392,      -6.633491085,             0.448,    0.003253390901,     0.05397102739,                 0,                 0,                 0,    -0.03100368246,    0.002075244925,     0.05402915609,                 0,       16.58916159
          0,           0,         198,      -7.192815058,      -8.046823284,      -7.712841829,       -6.64462983,             0.448,    0.003253368196,     0.05396918026,                 0,                 0,                 0,     -0.0310038208,     0.00207526252,     0.05402730891,                 0,       16.58870961
          0,           0,         199,       -7.20429235,      -8.059089321,      -7.723943323,      -6.655614605,             0.448,     0.00325334561,      0.0539674157,                 0,                 0,                 0,     -0.0310039287,    0.002075278433,     0.05402554427,                 0,       16.58828239
          0,           0,         200,      -7.215690379,      -8.070715461,       -7.73489094,      -6.666501375,             0.448,    0.003253323454,     0.05396573839,                 0,                 0,                 0,    -0.03100400681,    0.002075292872,     0.05402386688,                 0,        16.5878798
          0,           0,         201,      -7.227015173,       -8.08173897,      -7.745841544,      -6.677304022,             0.448,    0.003253302118,     0.05396414814,                 0,                 0,                 0,    -0.03100405697,    0.002075306233,     0.05402227654,                 0,       16.58749977
          0,           0,         202,       -7.23826749,      -8.092159139,      -7.756824722,      -6.688033806,             0.448,    0.003253281897,     0.05396264489,                 0,                 0,                 0,    -0.03100408077,     0.00207531881,     0.05402077321,                 0,        16.5871408
          0,           0,         203,      -7.249459576,      -8.102013427,      -7.767913829,      -6.698712501,             0.448,    0.003253263099,     0.05396122798,                 0,                 0,                 0,    -0.03100408003,    0.002075330926,     0.05401935623,                 0,       16.58680111
          0,           0,         204,      -7.260604563,      -8.111328593,      -7.779118062,         -6.709364,             0.448,    0.003253245889,      0.0539598983,                 0,                 0,                 0,    -0.03100405594,    0.002075342727,     0.05401802649,                 0,       16.58648013
          0,           0,         205,      -7.271673604,      -8.120250945,      -7.790542391,      -6.719971168,             0.448,    0.003253230431,     0.05395865663,                 0,                 0,                 0,    -0.03100400976,    0.002075354359,     0.05401678478,                 0,       16.58617727
          0,           0,         206,      -7.282692802,      -8.128897856,      -7.801955803,      -6.730573741,             0.448,    0.003253216873,     0.05395750281,                 0,                 0,                 0,    -0.03100394295,    0.002075365975,     0.05401563094,                 0,       16.58589172
          0,           0,         207,      -7.293715247,      -8.137244734,      -7.813196672,      -6.741228458,             0.448,    0.003253205345,     0.05395643567,                 0,                 0,                 0,    -0.03100385708,    0.002075377729,      0.0540145638,                 0,       16.58562247
          0,           0,         208,      -7.304765074,      -8.145303839,      -7.824411044,      -6.751959968,             0.448,    0.003253195874,     0.05395545449,                 0,                 0,                 0,    -0.03100375331,    0.002075389665,     0.05401358264,                 0,       16.58536915
          0,           0,         209,      -7.315851099,      -8.153202951,      -7.835659415,      -6.762783026,             0.448,    0.003253188423,     0.05395455884,                 0,                 0,                 0,    -0.03100363255,    0.002075401754,     0.05401268705,                 0,       16.58513182
          0,           0,         210,        -7.3269792,      -8.161072925,      -7.846928017,       -6.77371051,             0.448,    0.003253183001,     0.05395374745,                 0,                 0,                 0,    -0.03100349601,    0.002075414034,     0.05401187573,                 0,       16.58491005
          0,           0,         211,      -7.338160289,      -8.168983088,      -7.858197538,      -6.784757844,             0.448,    0.003253179637,     0.05395301818,                 0,                 0,                 0,    -0.03100334515,     0.00207542658,     0.05401114656,                 0,       16.58470303
          0,           0,         212,      -7.349406222,      -8.176979196,      -7.869472274,      -6.795938557,             0.448,    0.003253178315,     0.05395236889,                 0,                 0,                 0,    -0.03100318127,    0.002075439422,      0.0540104974,                 0,       16.58451018
          0,           0,         213,      -7.360726903,      -8.185107133,      -7.880761816,      -6.807262473,             0.448,    0.003253178986,     0.05395179737,                 0,                 0,                 0,     -0.0310030056,     0.00207545256,     0.05400992602,                 0,       16.58433108
          0,           0,         214,      -7.372129519,      -8.193413884,      -7.892065859,      -6.818735898,             0.448,    0.003253181588,      0.0539513013,                 0,                 0,                 0,    -0.03100281938,    0.002075465984,     0.05400943013,                 0,       16.58416533
          0,           0,         215,      -7.383619259,      -8.201940423,      -7.903378289,      -6.830362605,             0.448,    0.003253186051,     0.05395087821,                 0,                 0,                 0,    -0.03100262382,    0.002075479675,     0.05400900724,                 0,       16.58401252
          0,           0,         216,      -7.395200029,      -8.210719912,      -7.914696205,      -6.842144115,             0.448,    0.003253192301,     0.05395052542,                 0,                 0,                 0,    -0.03100242021,     0.00207549362,     0.05400865467,                 0,       16.58387222
          0,           0,         217,      -7.406874489,      -8.219782323,      -7.926021488,      -6.854079432,             0.448,    0.003253200266,     0.05395023999,                 0,                 0,                 0,    -0.03100220982,     0.00207550781,     0.05400836949,                 0,       16.58374388
          0,           0,         218,       -7.41864353,      -8.229158129,      -7.937356966,       -6.86616465,             0.448,     0.00325320987,     0.05395001882,                 0,                 0,                 0,    -0.03100199396,    0.002075522236,     0.05400814858,                 0,       16.58362694
          0,           0,         219,      -7.430505882,      -8.238875787,      -7.948703716,      -6.878392709,             0.448,    0.003253221024,     0.05394985864,                 0,                 0,                 0,    -0.03100177389,    0.002075536882,     0.05400798868,                 0,       16.58352084
          0,           0,         220,      -7.442458035,      -8.248956603,      -7.960061547,      -6.890753368,             0.448,    0.003253233629,     0.05394975608,                 0,                 0,                 0,    -0.03100155084,    0.002075551721,     0.05400788642,                 0,       16.58342506
          0,           0,         221,      -7.454494293,      -8.259412691,      -7.971430521,      -6.903233335,             0.448,    0.003253247573,     0.05394970769,                 0,                 0,                 0,      -0.031001326,    0.002075566717,     0.05400783834,                 0,        16.5833391
          0,           0,         222,      -7.466606928,       -8.27024828,      -7.982811545,      -6.915816516,             0.448,    0.003253262738,     0.05394970994,                 0,                 0,                 0,    -0.03100110049,    0.002075581829,     0.05400784092,                 0,       16.58326249
          0,           0,         223,       -7.47878649,      -8.281461716,      -7.994206175,      -6.928484407,             0.448,    0.003253279003,     0.05394975927,                 0,                 0,                 0,    -0.03100087542,    0.002075597015,     0.05400789059,                 0,       16.58319474
          0,           0,         224,      -7.491022138,      -8.293046867,      -8.005616565,      -6.941216573,             0.448,    0.003253296248,     0.05394985205,                 0,                 0,                 0,    -0.03100065184,    0.002075612232,     0.05400798373,                 0,       16.58313536
          0,           0,         225,      -7.503301964,      -8.304993959,      -8.017045717,      -6.953991211,             0.448,    0.003253314354,     0.05394998464,                 0,                 0,                 0,    -0.03100043073,    0.002075627441,     0.05400811668,                 0,       16.58308382
          0,           0,         226,      -7.515613325,      -8.317289603,       -8.02849749,      -6.966785757,             0.448,    0.003253333205,     0.05395015344,                 0,                 0,                 0,    -0.03100021302,    0.002075642605,     0.05400828585,                 0,       16.58303962
          0,           0,         227,      -7.527943585,      -8.329920056,       -8.03998017,      -6.979578103,             0.448,    0.003253352689,     0.05395035492,                 0,                 0,                 0,    -0.03099999952,    0.002075657689,     0.05400848771,                 0,       16.58300224
          0,           0,         228,      -7.540279415,      -8.342857499,      -8.051486275,      -6.992345303,             0.448,    0.003253372706,     0.05395058555,                 0,                 0,                 0,    -0.03099979097,     0.00207567267,     0.05400871872,                 0,        16.5829711
          0,           0,         229,      -7.552607722,      -8.356062627,      -8.063017504,      -7.005064797,             0.448,    0.003253393167,     0.05395084188,                 0,                 0,                 0,    -0.03099958803,    0.002075687535,     0.05400897543,                 0,       16.58294559
          0,           0,         230,      -7.564914479,      -8.369503085,      -8.074580897,      -7.017713939,             0.448,    0.003253413976,     0.05395112073,                 0,                 0,                 0,    -0.03099939121,    0.002075702255,     0.05400925468,                 0,       16.58292524
          0,           0,         231,      -7.577185404,      -8.383142643,      -8.086180292,        -7.0302705,             0.448,    0.003253435041,     0.05395141908,                 0,                 0,                 0,    -0.03099920096,    0.002075716807,     0.05400955341,                 0,       16.58290957
          0,           0,         232,       -7.58940753,      -8.396927003,      -8.097813087,      -7.042714332,             0.448,    0.003253456279,     0.05395173397,                 0,                 0,                 0,    -0.03099901768,    0.002075731171,     0.05400986869,                 0,       16.58289811
          0,           0,         233,       -7.60156816,      -8.410801695,      -8.109474723,      -7.055026754,             0.448,    0.003253477608,     0.05395206258,                 0,                 0,                 0,    -0.03099884175,    0.002075745326,     0.05401019769,                 0,        16.5828904
          0,           0,         234,      -7.613655566,       -8.42471876,       -8.12116035,      -7.067191914,             0.448,     0.00325349895,     0.05395240219,                 0,                 0,                 0,    -0.03099867355,    0.002075759254,     0.05401053769,                 0,         16.582886
          0,           0,         235,      -7.625660182,      -8.438634571,      -8.132864621,      -7.079198251,             0.448,    0.003253520237,     0.05395275019,                 0,                 0,                 0,    -0.03099851339,    0.002075772944,     0.05401088606,                 0,       16.58288446
          0,           0,         236,      -7.637575007,      -8.452508088,       -8.14458285,      -7.091038777,             0.448,    0.003253541398,     0.05395310411,                 0,                 0,                 0,    -0.03099836157,     0.00207578638,     0.05401124036,                 0,       16.58288539
          0,           0,         237,      -7.649395293,      -8.466300801,      -8.156312134,      -7.102710558,             0.448,    0.003253562387,     0.05395346142,                 0,                 0,                 0,    -0.03099821842,     0.00207579957,     0.05401159804,                 0,       16.58288823
          0,           0,         238,       -7.66111923,      -8.479977291,      -8.168051363,      -7.114215346,             0.448,    0.003253583157,     0.05395381973,                 0,                 0,                 0,    -0.03099808422,    0.002075812517,     0.05401195673,                 0,        16.5828925
          0,           0,         239,       -7.67274689,      -8.493507283,      -8.179799986,      -7.125558372,             0.448,    0.003253603657,     0.05395417683,                 0,                 0,                 0,    -0.03099795918,    0.002075825223,     0.05401231419,                 0,       16.58289777
          0,           0,         240,      -7.684280358,      -8.506866066,      -8.191557458,       -7.13674838,             0.448,    0.003253623844,     0.05395453062,                 0,                 0,                 0,    -0.03099784346,    0.002075837687,     0.05401266833,                 0,       16.58290362
          0,           0,         241,      -7.695724433,      -8.520033025,        -8.2033235,      -7.147798053,             0.448,    0.003253643671,     0.05395487911,                 0,                 0,                 0,    -0.03099773717,    0.002075849907,     0.05401301717,                 0,       16.58290967
          0,           0,         242,      -7.707086087,      -8.532993209,      -8.215098964,      -7.158723138,             0.448,    0.003253663089,     0.05395522051,                 0,                 0,                 0,    -0.03099764035,    0.002075861873,     0.05401335892,                 0,       16.58291564
          0,           0,         243,       -7.71837405,      -8.545737098,      -8.226885151,      -7.169541862,             0.448,     0.00325368205,     0.05395555318,                 0,                 0,                 0,    -0.03099755298,    0.002075873572,     0.05401369192,                 0,       16.58292125
          0,           0,         244,      -7.729598679,      -8.558261368,      -8.238682635,      -7.180274568,             0.448,    0.003253700513,      0.0539558755,                 0,                 0,                 0,    -0.03099747502,    0.002075884999,     0.05401401456,                 0,       16.58292621
          0,           0,         245,      -7.740772204,      -8.570567792,      -8.250490461,      -7.190943657,             0.448,    0.003253718437,     0.05395618601,                 0,                 0,                 0,     -0.0309974064,    0.002075896145,     0.05401432539,                 0,       16.58293029
          0,           0,         246,      -7.751907806,      -8.582664075,      -8.262307005,       -7.20157243,             0.448,     0.00325373578,     0.05395648341,                 0,                 0,                 0,    -0.03099734696,    0.002075906996,      0.0540146231,                 0,        16.5829333
          0,           0,         247,      -7.763019805,      -8.594563587,      -8.274130443,      -7.212185124,             0.448,    0.003253752504,     0.05395676656,                 0,                 0,                 0,    -0.03099729651,    0.002075917539,     0.05401490655,                 0,       16.58293509
          0,           0,         248,       -7.77412365,      -8.606284526,      -8.285959501,      -7.222806608,             0.448,    0.003253768571,     0.05395703445,                 0,                 0,                 0,    -0.03099725483,    0.002075927759,     0.05401517473,                 0,       16.58293553
          0,           0,         249,      -7.785235316,       -8.61784889,      -8.297793914,      -7.233461604,             0.448,    0.003253783947,     0.05395728623,                 0,                 0,                 0,    -0.03099722164,    0.002075937639,     0.05401542678,                 0,       16.58293455
          0,           0,         250,      -7.796370895,      -8.629280932,      -8.309633525,      -7.244174208,             0.448,    0.003253798603,     0.05395752119,                 0,                 0,                 0,    -0.03099719661,    0.002075947165,       0.054015662,                 0,       16.58293207
          0,           0,         251,      -7.807546375,      -8.640606025,      -8.321477206,      -7.254967567,             0.448,    0.003253812511,     0.05395773875,                 0,                 0,                 0,    -0.03099717942,    0.002075956324,     0.05401587982,                 0,       16.58292805
          0,           0,         252,      -7.818777458,      -8.651849502,      -8.333322878,      -7.265863578,             0.448,    0.003253825651,     0.05395793848,                 0,                 0,                 0,    -0.03099716968,    0.002075965104,     0.05401607979,                 0,       16.58292247
          0,           0,         253,      -7.830079305,      -8.663036356,       -8.34516827,      -7.276882588,             0.448,    0.003253838004,     0.05395812007,                 0,                 0,                 0,    -0.03099716699,    0.002075973493,      0.0540162616,                 0,       16.58291531
          0,           0,         254,      -7.841466259,      -8.674191598,      -8.357011488,      -7.288043117,             0.448,    0.003253849559,     0.05395828334,                 0,                 0,                 0,    -0.03099717095,    0.002075981483,     0.05401642508,                 0,        16.5829066
          0,           0,         255,      -7.852951599,      -8.685340214,      -8.368851127,      -7.299361601,             0.448,    0.003253860307,     0.05395842823,                 0,                 0,                 0,    -0.03099718112,    0.002075989068,     0.05401657017,                 0,       16.58289635
          0,           0,         256,      -7.864547308,      -8.696506547,      -8.380686375,      -7.310852167,             0.448,    0.003253870246,     0.05395855479,                 0,                 0,                 0,    -0.03099719706,    0.002075996244,     0.05401669692,                 0,        16.5828846
          0,           0,         257,       -7.87626391,      -8.707713713,      -8.392516484,      -7.322526473,             0.448,    0.003253879375,     0.05395866321,                 0,                 0,                 0,     -0.0309972183,    0.002076003005,     0.05401680552,                 0,        16.5828714
          0,           0,         258,      -7.888110346,      -8.718983903,      -8.404344072,      -7.334393646,             0.448,    0.003253887698,     0.05395875377,                 0,                 0,                 0,    -0.03099724438,    0.002076009351,     0.05401689623,                 0,       16.58285681
          0,           0,         259,      -7.900093759,       -8.73033853,      -8.416169586,      -7.346460088,             0.448,    0.003253895227,     0.05395882682,                 0,                 0,                 0,    -0.03099727486,    0.002076015285,     0.05401696943,                 0,       16.58284089
          0,           0,         260,      -7.912218839,      -8.741796064,      -8.427993719,      -7.358728791,             0.448,    0.003253901976,      0.0539588828,                 0,                 0,                 0,    -0.03099730926,     0.00207602081,     0.05401702555,                 0,        16.5828237
          0,           0,         261,      -7.924488567,      -8.753370067,      -8.439817935,      -7.371200156,             0.448,    0.003253907963,     0.05395892225,                 0,                 0,                 0,    -0.03099734715,    0.002076025935,     0.05401706512,                 0,       16.58280531
          0,           0,         262,      -7.936903935,      -8.765072511,      -8.451645758,      -7.383871731,             0.448,     0.00325391321,     0.05395894576,                 0,                 0,                 0,    -0.03099738807,    0.002076030668,     0.05401708874,                 0,        16.5827858
          0,           0,         263,      -7.949463577,      -8.776915069,      -8.463482969,      -7.396737872,             0.448,    0.003253917743,     0.05395895401,                 0,                 0,                 0,    -0.03099743159,     0.00207603502,     0.05401709708,                 0,       16.58276523
          0,           0,         264,      -7.962163791,      -8.788908114,      -8.475336207,      -7.409789776,             0.448,    0.003253921589,     0.05395894769,                 0,                 0,                 0,    -0.03099747729,    0.002076039004,     0.05401709085,                 0,       16.58274369
          0,           0,         265,      -7.974998643,      -8.801059381,      -8.487211846,      -7.423015608,             0.448,    0.003253924781,     0.05395892759,                 0,                 0,                 0,    -0.03099752476,    0.002076042633,     0.05401707082,                 0,       16.58272124
          0,           0,         266,      -7.987959992,      -8.813373114,      -8.499116053,      -7.436400587,             0.448,    0.003253927351,      0.0539588945,                 0,                 0,                 0,    -0.03099757362,    0.002076045924,     0.05401703779,                 0,       16.58269798
          0,           0,         267,      -8.001038073,      -8.825847856,      -8.511051813,      -7.449927578,             0.448,    0.003253929332,     0.05395884928,                 0,                 0,                 0,    -0.03099762347,    0.002076048892,     0.05401699263,                 0,       16.58267398
          0,           0,         268,      -8.014220596,      -8.838481329,      -8.523029476,      -7.463576248,             0.448,    0.003253930764,      0.0539587928,                 0,                 0,                 0,    -0.03099767397,    0.002076051555,     0.05401693619,                 0,       16.58264933
          0,           0,         269,      -8.027492766,      -8.851275857,      -8.535062594,      -7.477323565,             0.448,    0.003253931683,     0.05395872591,                 0,                 0,                 0,    -0.03099772478,    0.002076053933,     0.05401686934,                 0,       16.58262409
          0,           0,         270,      -8.040838662,      -8.864225802,      -8.547152893,      -7.491144962,             0.448,    0.003253932131,     0.05395864953,                 0,                 0,                 0,    -0.03099777557,    0.002076056047,     0.05401679299,                 0,       16.58259833
          0,           0,         271,      -8.054242033,      -8.877314496,      -8.559301144,      -7.505015025,             0.448,    0.003253932143,     0.05395856456,                 0,                 0,                 0,    -0.03099782605,    0.002076057913,     0.05401670804,                 0,       16.58257216
          0,           0,         272,      -8.067685553,      -8.890529124,      -8.571512693,      -7.518907334,             0.448,    0.003253931756,     0.05395847195,                 0,                 0,                 0,    -0.03099787592,    0.002076059546,     0.05401661544,                 0,       16.58254567
          0,           0,         273,      -8.081150782,      -8.903860594,      -8.583793832,      -7.532794712,             0.448,    0.003253931005,     0.05395837259,                 0,                 0,                 0,    -0.03099792492,    0.002076060963,     0.05401651609,                 0,       16.58251896
          0,           0,         274,      -8.094618834,      -8.917292956,       -8.59614772,      -7.546649759,             0.448,    0.003253929926,     0.05395826736,                 0,                 0,                 0,    -0.03099797283,     0.00207606218,     0.05401641086,                 0,       16.58249212
          0,           0,         275,      -8.108070656,      -8.930800653,      -8.608574474,      -7.560444998,             0.448,    0.003253928554,     0.05395815709,                 0,                 0,                 0,    -0.03099801946,    0.002076063214,     0.05401630058,                 0,       16.58246522
          0,           0,         276,      -8.121486993,      -8.944353714,      -8.621072573,      -7.574153048,             0.448,    0.003253926923,     0.05395804255,                 0,                 0,                 0,    -0.03099806463,    0.002076064081,     0.05401618604,                 0,       16.58243834
          0,           0,         277,      -8.134848624,      -8.957922666,      -8.633639039,      -7.587747327,             0.448,    0.003253925065,     0.05395792451,                 0,                 0,                 0,     -0.0309981082,    0.002076064799,     0.05401606798,                 0,       16.58241153
          0,           0,         278,      -8.148136995,      -8.971480035,      -8.646269039,      -7.601203169,             0.448,    0.003253923013,     0.05395780368,                 0,                 0,                 0,    -0.03099815003,    0.002076065383,     0.05401594714,                 0,       16.58238485
          0,           0,         279,      -8.161334995,      -8.985000142,      -8.658955941,      -7.614498929,             0.448,    0.003253920796,     0.05395768076,                 0,                 0,                 0,    -0.03099818999,    0.002076065849,      0.0540158242,                 0,       16.58235837
          0,           0,         280,      -8.174427578,      -8.998459098,        -8.6716918,      -7.627616784,             0.448,    0.003253918443,     0.05395755644,                 0,                 0,                 0,    -0.03099822797,    0.002076066208,     0.05401569986,                 0,       16.58233216
          0,           0,         281,      -8.187402194,      -9.011835345,      -8.684467912,      -7.640543228,             0.448,     0.00325391598,     0.05395743138,                 0,                 0,                 0,    -0.03099826387,    0.002076066474,     0.05401557477,                 0,       16.58230628
          0,           0,         282,      -8.200249045,      -9.025110274,      -8.697275346,       -7.65326933,             0.448,    0.003253913431,     0.05395730619,                 0,                 0,                 0,    -0.03099829758,    0.002076066656,     0.05401544956,                 0,       16.58228079
          0,           0,         283,      -8.212961257,      -9.038268475,       -8.71010544,      -7.665790858,             0.448,    0.003253910819,      0.0539571815,                 0,                 0,                 0,    -0.03099832903,    0.002076066766,     0.05401532484,                 0,       16.58225578
          0,           0,         284,      -8.225534958,       -9.05129761,      -8.722950178,      -7.678108257,             0.448,    0.003253908167,     0.05395705787,                 0,                 0,                 0,    -0.03099835815,    0.002076066811,     0.05401520119,                 0,       16.58223131
          0,           0,         285,      -8.237969284,      -9.064188114,      -8.735802274,       -7.69022651,             0.448,    0.003253905494,     0.05395693586,                 0,                 0,                 0,    -0.03099838489,      0.0020760668,     0.05401507914,                 0,       16.58220743
          0,           0,         286,      -8.250266335,      -9.076933058,       -8.74865497,      -7.702154898,             0.448,    0.003253902821,     0.05395681597,                 0,                 0,                 0,    -0.03099840921,    0.002076066743,     0.05401495923,                 0,       16.58218421
          0,           0,         287,      -8.262431084,      -9.089528288,      -8.761501679,      -7.713906668,             0.448,    0.003253900165,     0.05395669869,                 0,                 0,                 0,     -0.0309984311,    0.002076066646,     0.05401484192,                 0,        16.5821617
          0,           0,         288,       -8.27447124,      -9.101972742,      -8.774335704,      -7.725498664,             0.448,    0.003253897545,     0.05395658447,                 0,                 0,                 0,    -0.03099845055,    0.002076066518,     0.05401472767,                 0,       16.58213995
          0,           0,         289,      -8.286397073,      -9.114268737,      -8.787150182,       -7.73695088,             0.448,    0.003253894977,     0.05395647372,                 0,                 0,                 0,    -0.03099846755,    0.002076066367,     0.05401461688,                 0,         16.582119
          0,           0,         290,      -8.298221195,       -9.12642202,      -8.799938242,      -7.748285978,             0.448,    0.003253892477,     0.05395636681,                 0,                 0,                 0,    -0.03099848214,      0.0020760662,     0.05401450994,                 0,       16.58209888
          0,           0,         291,      -8.309958279,       -9.13844149,      -8.812693271,      -7.759528747,             0.448,     0.00325389006,     0.05395626408,                 0,                 0,                 0,    -0.03099849435,    0.002076066024,     0.05401440718,                 0,       16.58207963
          0,           0,         292,      -8.321624734,      -9.150338616,      -8.825409147,      -7.770705534,             0.448,    0.003253887739,     0.05395616582,                 0,                 0,                 0,    -0.03099850422,    0.002076065848,      0.0540143089,                 0,       16.58206126
          0,           0,         293,       -8.33323835,      -9.162126712,      -8.838080381,      -7.781843663,             0.448,    0.003253885529,      0.0539560723,                 0,                 0,                 0,    -0.03099851182,    0.002076065678,     0.05401421536,                 0,       16.58204378
          0,           0,         294,      -8.344817906,       -9.17382026,      -8.850702171,      -7.792970854,             0.448,    0.003253883439,     0.05395598374,                 0,                 0,                 0,    -0.03099851721,    0.002076065521,     0.05401412677,                 0,       16.58202721
          0,           0,         295,      -8.356382778,      -9.185434339,      -8.863270401,      -7.804114677,             0.448,    0.003253881481,     0.05395590032,                 0,                 0,                 0,    -0.03099852048,    0.002076065383,     0.05401404333,                 0,       16.58201155
          0,           0,         296,      -8.367952543,      -9.196984223,      -8.875781657,      -7.815302039,             0.448,    0.003253879664,     0.05395582219,                 0,                 0,                 0,    -0.03099852171,    0.002076065271,     0.05401396518,                 0,        16.5819968
          0,           0,         297,      -8.379546584,      -9.208485167,      -8.888233257,      -7.826558711,             0.448,    0.003253877995,     0.05395574946,                 0,                 0,                 0,      -0.030998521,    0.002076065189,     0.05401389243,                 0,       16.58198296
          0,           0,         298,      -8.391183728,      -9.219952243,       -8.90062333,      -7.837908908,             0.448,    0.003253876481,      0.0539556822,                 0,                 0,                 0,    -0.03099851846,    0.002076065142,     0.05401382515,                 0,          16.58197
          0,           0,         299,      -8.402881895,      -9.231400198,      -8.912950917,       -7.84937492,             0.448,    0.003253875126,     0.05395562046,                 0,                 0,                 0,    -0.03099851419,    0.002076065135,      0.0540137634,                 0,       16.58195793
          0,           0,         300,       -8.41465778,      -9.242843383,      -8.925216091,      -7.860976787,             0.448,    0.003253873934,     0.05395556424,                 0,                 0,                 0,    -0.03099850831,     0.00207606517,     0.05401370716,                 0,       16.58194673
          0,           0,         301,      -8.426526573,       -9.25429563,      -8.937420075,      -7.872732028,             0.448,    0.003253872908,     0.05395551352,                 0,                 0,                 0,    -0.03099850094,     0.00207606525,     0.05401365643,                 0,       16.58193637
          0,           0,         302,      -8.438501702,      -9.265770197,      -8.949565343,      -7.884655401,             0.448,    0.003253872048,     0.05395546824,                 0,                 0,                 0,     -0.0309984922,    0.002076065378,     0.05401361114,                 0,       16.58192684
          0,           0,         303,      -8.450594617,      -9.277279732,      -8.961655691,      -7.896758722,             0.448,    0.003253871354,     0.05395542833,                 0,                 0,                 0,    -0.03099848222,    0.002076065555,     0.05401357123,                 0,       16.58191811
          0,           0,         304,      -8.462814608,      -9.288836135,      -8.973696274,      -7.909050702,             0.448,    0.003253870825,     0.05395539367,                 0,                 0,                 0,    -0.03099847111,    0.002076065782,     0.05401353656,                 0,       16.58191015
          0,           0,         305,      -8.475168655,      -9.300450569,      -8.985693588,      -7.921536827,             0.448,    0.003253870458,     0.05395536413,                 0,                 0,                 0,    -0.03099845901,    0.002076066059,     0.05401350703,                 0,       16.58190295
          0,           0,         306,      -8.487661311,      -9.312133328,       -8.99765541,      -7.934219272,             0.448,    0.003253870249,     0.05395533957,                 0,                 0,                 0,    -0.03099844604,    0.002076066386,     0.05401348247,                 0,       16.58189646
          0,           0,         307,      -8.500294624,      -9.323893757,      -9.009590677,      -7.947096836,             0.448,    0.003253870193,     0.05395531981,                 0,                 0,                 0,    -0.03099843231,    0.002076066762,     0.05401346271,                 0,       16.58189067
          0,           0,         308,      -8.513068079,      -9.335740068,      -9.021509311,      -7.960164912,             0.448,    0.003253870286,     0.05395530466,                 0,                 0,                 0,    -0.03099841795,    0.002076067184,     0.05401344756,                 0,       16.58188555
          0,           0,         309,      -8.525978585,      -9.347679236,      -9.033421991,      -7.973415496,             0.448,    0.003253870519,     0.05395529391,                 0,                 0,                 0,    -0.03099840307,    0.002076067652,     0.05401343682,                 0,       16.58188106
          0,           0,         310,        -8.5390205,       -9.35971679,       -9.04533989,      -7.986837228,             0.448,    0.003253870885,     0.05395528735,                 0,                 0,                 0,    -0.03099838779,    0.002076068161,     0.05401343027,                 0,       16.58187717
          0,           0,         311,      -8.552185687,      -9.371856748,      -9.057274383,      -8.000415491,             0.448,    0.003253871377,     0.05395528475,                 0,                 0,                 0,     -0.0309983722,     0.00207606871,     0.05401342769,                 0,       16.58187387
          0,           0,         312,      -8.565463638,      -9.384101579,      -9.069236771,      -8.014132573,             0.448,    0.003253871987,     0.05395528588,                 0,                 0,                 0,    -0.03099835641,    0.002076069295,     0.05401342883,                 0,       16.58187111
          0,           0,         313,      -8.578841658,      -9.396452253,      -9.081238046,      -8.027967932,             0.448,    0.003253872704,     0.05395529048,                 0,                 0,                 0,    -0.03099834053,    0.002076069912,     0.05401343344,                 0,       16.58186886
          0,           0,         314,      -8.592305133,       -9.40890843,      -9.093288733,       -8.04189857,             0.448,    0.003253873522,     0.05395529831,                 0,                 0,                 0,    -0.03099832464,    0.002076070558,     0.05401344129,                 0,        16.5818671
          0,           0,         315,      -8.605837892,      -9.421468498,      -9.105398801,      -8.055899566,             0.448,    0.003253874429,      0.0539553091,                 0,                 0,                 0,    -0.03099830885,     0.00207607123,      0.0540134521,                 0,        16.5818658
          0,           0,         316,      -8.619422626,       -9.43412931,      -9.117577576,      -8.069944693,             0.448,    0.003253875417,     0.05395532259,                 0,                 0,                 0,    -0.03099829322,    0.002076071924,     0.05401346561,                 0,       16.58186491
          0,           0,         317,      -8.633041296,       -9.44688535,      -9.129833512,      -8.084007016,             0.448,    0.003253876477,     0.05395533852,                 0,                 0,                 0,    -0.03099827786,    0.002076072636,     0.05401348155,                 0,        16.5818644
          0,           0,         318,      -8.646675395,        -9.4597276,      -9.142173713,      -8.098059268,             0.448,    0.003253877599,     0.05395535662,                 0,                 0,                 0,    -0.03099826282,    0.002076073363,     0.05401349967,                 0,       16.58186424
          0,           0,         319,      -8.660306037,      -9.472642884,      -9.154603339,      -8.112073947,             0.448,    0.003253878774,     0.05395537664,                 0,                 0,                 0,    -0.03099824816,    0.002076074101,     0.05401351971,                 0,       16.58186441
          0,           0,         320,      -8.673913974,      -9.485614208,      -9.167125191,      -8.126023318,             0.448,    0.003253879993,     0.05395539835,                 0,                 0,                 0,    -0.03099823395,    0.002076074846,     0.05401354144,                 0,       16.58186487
          0,           0,         321,      -8.687479732,      -9.498622118,      -9.179739681,      -8.139879734,             0.448,    0.003253881246,      0.0539554215,                 0,                 0,                 0,    -0.03099822021,    0.002076075593,     0.05401356462,                 0,        16.5818656
          0,           0,         322,      -8.700984034,       -9.51164644,       -9.19244502,      -8.153616445,             0.448,    0.003253882524,      0.0539554459,                 0,                 0,                 0,    -0.03099820699,    0.002076076339,     0.05401358904,                 0,       16.58186658
          0,           0,         323,      -8.714408459,      -9.524667854,      -9.205237392,      -8.167208767,             0.448,    0.003253883821,     0.05395547132,                 0,                 0,                 0,    -0.03099819432,    0.002076077081,     0.05401361448,                 0,       16.58186779
          0,           0,         324,      -8.727736199,       -9.53766928,      -9.218111077,      -8.180635236,             0.448,    0.003253885127,     0.05395549755,                 0,                 0,                 0,    -0.03099818224,    0.002076077814,     0.05401364073,                 0,        16.5818692
          0,           0,         325,      -8.740952731,      -9.550636848,      -9.231058674,      -8.193878492,             0.448,    0.003253886435,     0.05395552441,                 0,                 0,                 0,    -0.03099817077,    0.002076078536,     0.05401366762,                 0,       16.58187078
          0,           0,         326,      -8.754046291,      -9.563560217,      -9.244071525,      -8.206925797,             0.448,     0.00325388774,      0.0539555517,                 0,                 0,                 0,    -0.03099815995,    0.002076079246,     0.05401369493,                 0,       16.58187252
          0,           0,         327,      -8.767008146,      -9.576432262,      -9.257140351,      -8.219769287,             0.448,    0.003253889036,     0.05395557925,                 0,                 0,                 0,    -0.03099814978,     0.00207607994,      0.0540137225,                 0,       16.58187438
          0,           0,         328,      -8.779832708,      -9.589248319,      -9.270255905,      -8.232406028,             0.448,    0.003253890315,     0.05395560687,                 0,                 0,                 0,    -0.03099814031,    0.002076080617,     0.05401375014,                 0,       16.58187635
          0,           0,         329,      -8.792517562,      -9.602005638,      -9.283409438,      -8.244837939,             0.448,    0.003253891574,     0.05395563441,                 0,                 0,                 0,    -0.03099813153,    0.002076081275,      0.0540137777,                 0,        16.5818784
          0,           0,         330,      -8.805063429,      -9.614703089,      -9.296592801,      -8.257071598,             0.448,    0.003253892807,     0.05395566171,                 0,                 0,                 0,    -0.03099812346,    0.002076081912,     0.05401380502,                 0,       16.58188051
          0,           0,         331,      -8.817474075,      -9.627341229,      -9.309798226,      -8.269117945,             0.448,    0.003253894009,     0.05395568862,                 0,                 0,                 0,     -0.0309981161,    0.002076082526,     0.05401383195,                 0,       16.58188265
          0,           0,         332,       -8.82975617,      -9.639922494,      -9.323017954,      -8.280991909,             0.448,    0.003253895175,     0.05395571501,                 0,                 0,                 0,    -0.03099810947,    0.002076083117,     0.05401385836,                 0,       16.58188482
          0,           0,         333,        -8.8419191,      -9.652451238,      -9.336243967,      -8.292711965,             0.448,    0.003253896302,     0.05395574075,                 0,                 0,                 0,    -0.03099810356,    0.002076083682,     0.05401388412,                 0,       16.58188699
          0,           0,         334,      -8.853974749,      -9.664933664,      -9.349467945,      -8.304299649,             0.448,    0.003253897386,     0.05395576572,                 0,                 0,                 0,    -0.03099809835,     0.00207608422,     0.05401390911,                 0,       16.58188914
          0,           0,         335,       -8.86593722,      -9.677377616,      -9.362681432,      -8.315779032,             0.448,    0.003253898423,     0.05395578983,                 0,                 0,                 0,    -0.03099809386,    0.002076084731,     0.05401393324,                 0,       16.58189126
          0,           0,         336,      -8.877822531,      -9.689792281,      -9.375876097,      -8.327176149,             0.448,     0.00325389941,     0.05395581298,                 0,                 0,                 0,    -0.03099809005,    0.002076085213,      0.0540139564,                 0,       16.58189335
          0,           0,         337,      -8.889648261,       -9.70218773,      -9.389043972,      -8.338518408,             0.448,    0.003253900344,     0.05395583508,                 0,                 0,                 0,    -0.03099808692,    0.002076085664,     0.05401397851,                 0,       16.58189538
          0,           0,         338,      -8.901433172,       -9.71457442,      -9.402177599,      -8.349834001,             0.448,    0.003253901222,     0.05395585605,                 0,                 0,                 0,    -0.03099808445,    0.002076086085,      0.0540139995,                 0,       16.58189735
          0,           0,         339,       -8.91319681,      -9.726962832,      -9.415270078,      -8.361151317,             0.448,    0.003253902043,     0.05395587585,                 0,                 0,                 0,    -0.03099808261,    0.002076086474,     0.05401401931,                 0,       16.58189925
          0,           0,         340,      -8.924959102,      -9.739363028,      -9.428315093,      -8.372498393,             0.448,    0.003253902805,     0.05395589442,                 0,                 0,                 0,    -0.03099808138,     0.00207608683,     0.05401403789,                 0,       16.58190108
          0,           0,         341,      -8.936739955,      -9.751784465,      -9.441306909,      -8.383902405,             0.448,    0.003253903505,     0.05395591171,                 0,                 0,                 0,    -0.03099808073,    0.002076087154,     0.05401405519,                 0,       16.58190282
          0,           0,         342,      -8.948558881,      -9.764235662,      -9.454240434,      -8.395389212,             0.448,    0.003253904144,     0.05395592769,                 0,                 0,                 0,    -0.03099808063,    0.002076087443,     0.05401407119,                 0,       16.58190448
          0,           0,         343,      -8.960434629,      -9.776724299,      -9.467111299,      -8.406982944,             0.448,     0.00325390472,     0.05395594235,                 0,                 0,                 0,    -0.03099808106,      0.0020760877,     0.05401408585,                 0,       16.58190604
          0,           0,         344,      -8.972384862,       -9.78925697,      -9.479915996,      -8.418705647,             0.448,    0.003253905234,     0.05395595567,                 0,                 0,                 0,    -0.03099808197,    0.002076087923,     0.05401409918,                 0,       16.58190752
          0,           0,         345,      -8.984425846,      -9.801839301,      -9.492652023,       -8.43057698,             0.448,    0.003253905684,     0.05395596764,                 0,                 0,                 0,    -0.03099808334,    0.002076088112,     0.05401411116,                 0,        16.5819089
          0,           0,         346,      -8.996572192,      -9.814475903,       -9.50531805,      -8.442613947,             0.448,    0.003253906073,     0.05395597828,                 0,                 0,                 0,    -0.03099808513,    0.002076088268,      0.0540141218,                 0,       16.58191019
          0,           0,         347,      -9.008836615,      -9.827170498,      -9.517914056,      -8.454830689,             0.448,    0.003253906399,     0.05395598759,                 0,                 0,                 0,    -0.03099808731,    0.002076088392,     0.05401413112,                 0,       16.58191139
          0,           0,         348,      -9.021229737,      -9.839926016,       -9.53044146,      -8.467238297,             0.448,    0.003253906666,     0.05395599559,                 0,                 0,                 0,    -0.03099808984,    0.002076088483,     0.05401413913,                 0,       16.58191249
          0,           0,         349,      -9.033759918,      -9.852744517,        -9.5429032,      -8.479844668,             0.448,    0.003253906873,     0.05395600232,                 0,                 0,                 0,    -0.03099809268,    0.002076088544,     0.05401414586,                 0,       16.58191351
          0,           0,         350,      -9.046433119,      -9.865627407,      -9.555303781,      -8.492654391,             0.448,    0.003253907023,     0.05395600781,                 0,                 0,                 0,     -0.0309980958,    0.002076088574,     0.05401415135,                 0,       16.58191443
          0,           0,         351,      -9.059252801,      -9.878575309,      -9.567649254,      -8.505668662,             0.448,    0.003253907118,      0.0539560121,                 0,                 0,                 0,    -0.03099809916,    0.002076088576,     0.05401415564,                 0,       16.58191526
          0,           0,         352,      -9.072219847,       -9.89158808,      -9.579947146,      -8.518885218,             0.448,     0.00325390716,     0.05395601522,                 0,                 0,                 0,    -0.03099810274,    0.002076088549,     0.05401415876,                 0,       16.58191601
          0,           0,         353,      -9.085332519,      -9.904664654,      -9.592206319,      -8.532298312,             0.448,    0.003253907152,     0.05395601724,                 0,                 0,                 0,    -0.03099810648,    0.002076088497,     0.05401416078,                 0,       16.58191667
          0,           0,         354,      -9.098586448,      -9.917803023,      -9.604436765,      -8.545898715,             0.448,    0.003253907097,     0.05395601821,                 0,                 0,                 0,    -0.03099811038,    0.002076088421,     0.05401416174,                 0,       16.58191725
          0,           0,         355,      -9.111974659,       -9.93100008,      -9.616649354,      -8.559673753,             0.448,    0.003253906997,     0.05395601817,                 0,                 0,                 0,    -0.03099811438,    0.002076088321,     0.05401416171,                 0,       16.58191775
          0,           0,         356,      -9.125487641,      -9.944251534,      -9.628855542,      -8.573607408,             0.448,    0.003253906855,      0.0539560172,                 0,                 0,                 0,    -0.03099811847,    0.002076088201,     0.05401416073,                 0,       16.58191817
          0,           0,         357,      -9.139113467,      -9.957551947,      -9.641067081,      -8.587680478,             0.448,    0.003253906675,     0.05395601535,                 0,                 0,                 0,    -0.03099812261,    0.002076088062,     0.05401415888,                 0,       16.58191852
          0,           0,         358,      -9.152837992,      -9.970894895,       -9.65329577,      -8.601870846,             0.448,     0.00325390646,     0.05395601268,                 0,                 0,                 0,    -0.03099812677,    0.002076087905,     0.05401415621,                 0,       16.58191879
          0,           0,         359,      -9.166645133,      -9.984272954,      -9.665553261,      -8.616153875,             0.448,    0.003253906213,     0.05395600928,                 0,                 0,                 0,    -0.03099813094,    0.002076087732,      0.0540141528,                 0,         16.581919
          0,           0,         360,      -9.180517248,      -9.997677924,      -9.677850961,      -8.630502949,             0.448,    0.003253905938,     0.05395600519,                 0,                 0,                 0,    -0.03099813507,    0.002076087546,      0.0540141487,                 0,       16.58191915
          0,           0,         361,      -9.194435572,      -10.01110037,      -9.690199912,      -8.644890131,             0.448,    0.003253905637,     0.05395600049,                 0,                 0,                 0,    -0.03099813916,    0.002076087348,       0.054014144,                 0,       16.58191924
          0,           0,         362,      -9.208380635,      -10.02452884,      -9.702610526,      -8.659286767,             0.448,    0.003253905314,     0.05395599525,                 0,                 0,                 0,    -0.03099814317,    0.002076087139,     0.05401413876,                 0,       16.58191928
          0,           0,         363,      -9.222332531,      -10.03794873,      -9.715092051,      -8.673663867,             0.448,    0.003253904972,     0.05395598954,                 0,                 0,                 0,    -0.03099814709,    0.002076086922,     0.05401413304,                 0,       16.58191926
          0,           0,         364,      -9.236271007,      -10.05134199,      -9.727651928,      -8.687992205,             0.448,    0.003253904614,     0.05395598342,                 0,                 0,                 0,     -0.0309981509,    0.002076086698,     0.05401412691,                 0,       16.58191921
          0,           0,         365,      -9.250175507,      -10.06468781,      -9.740295337,      -8.702242373,             0.448,    0.003253904244,     0.05395597695,                 0,                 0,                 0,    -0.03099815459,    0.002076086469,     0.05401412044,                 0,       16.58191911
          0,           0,         366,      -9.264025366,      -10.07796427,      -9.753025103,      -8.716385201,             0.448,    0.003253903863,     0.05395597019,                 0,                 0,                 0,    -0.03099815814,    0.002076086236,     0.05401411367,                 0,       16.58191897
          0,           0,         367,       -9.27780031,      -10.09115012,      -9.765841851,      -8.730392697,             0.448,    0.003253903476,      0.0539559632,                 0,                 0,                 0,    -0.03099816155,    0.002076086001,     0.05401410667,                 0,       16.58191879
          0,           0,         368,      -9.291481169,      -10.10422634,       -9.77874414,      -8.744239291,             0.448,    0.003253903084,     0.05395595602,                 0,                 0,                 0,     -0.0309981648,    0.002076085766,     0.05401409949,                 0,       16.58191858
          0,           0,         369,      -9.305050658,      -10.11717761,      -9.791728619,      -8.757903022,             0.448,     0.00325390269,     0.05395594872,                 0,                 0,                 0,    -0.03099816789,    0.002076085531,     0.05401409218,                 0,       16.58191835
          0,           0,         370,      -9.318494049,      -10.12999319,      -9.804790264,      -8.771366392,             0.448,    0.003253902297,     0.05395594133,                 0,                 0,                 0,    -0.03099817081,    0.002076085299,     0.05401408479,                 0,       16.58191808
          0,           0,         371,      -9.331799609,      -10.14266739,      -9.817922812,      -8.784616859,             0.448,    0.003253901905,     0.05395593392,                 0,                 0,                 0,    -0.03099817354,     0.00207608507,     0.05401407736,                 0,        16.5819178
          0,           0,         372,      -9.344958851,      -10.15519898,      -9.831119347,      -8.797647059,             0.448,    0.003253901519,     0.05395592652,                 0,                 0,                 0,    -0.03099817609,    0.002076084844,     0.05401406996,                 0,       16.58191749
          0,           0,         373,      -9.357966635,      -10.16759064,      -9.844372845,      -8.810454849,             0.448,    0.003253901138,     0.05395591917,                 0,                 0,                 0,    -0.03099817845,    0.002076084624,      0.0540140626,                 0,       16.58191718
          0,           0,         374,      -9.370821184,      -10.17984821,      -9.857676535,      -8.823043206,             0.448,    0.003253900765,     0.05395591193,                 0,                 0,                 0,    -0.03099818062,    0.002076084409,     0.05401405535,                 0,       16.58191685
          0,           0,         375,      -9.383524022,      -10.19198041,      -9.871023877,      -8.835420003,             0.448,    0.003253900402,     0.05395590482,                 0,                 0,                 0,    -0.03099818259,    0.002076084201,     0.05401404824,                 0,       16.58191652
          0,           0,         376,      -9.396079873,      -10.20399875,       -9.88440827,      -8.847597671,             0.448,    0.003253900049,     0.05395589789,                 0,                 0,                 0,    -0.03099818436,       0.002076084,      0.0540140413,                 0,       16.58191618
          0,           0,         377,      -9.408496491,       -10.2159174,      -9.897822655,      -8.859592775,             0.448,    0.003253899709,     0.05395589116,                 0,                 0,                 0,    -0.03099818592,    0.002076083806,     0.05401403456,                 0,       16.58191585
          0,           0,         378,      -9.420784449,      -10.22775296,      -9.911259282,      -8.871425524,             0.448,    0.003253899382,     0.05395588466,                 0,                 0,                 0,     -0.0309981873,    0.002076083622,     0.05401402807,                 0,       16.58191552
          0,           0,         379,      -9.432956883,      -10.23952424,      -9.924709678,      -8.883119237,             0.448,    0.003253899071,     0.05395587844,                 0,                 0,                 0,    -0.03099818847,    0.002076083446,     0.05401402183,                 0,       16.58191519
          0,           0,         380,      -9.445029191,      -10.25125153,      -9.938164875,      -8.894699751,             0.448,    0.003253898775,     0.05395587249,                 0,                 0,                 0,    -0.03099818945,    0.002076083279,     0.05401401589,                 0,       16.58191488
          0,           0,         381,      -9.457018683,      -10.26295623,      -9.951615678,      -8.906194812,             0.448,    0.003253898495,     0.05395586686,                 0,                 0,                 0,    -0.03099819025,    0.002076083123,     0.05401401025,                 0,       16.58191457
          0,           0,         382,      -9.468944201,      -10.27466026,      -9.965052886,      -8.917633428,             0.448,    0.003253898233,     0.05395586156,                 0,                 0,                 0,    -0.03099819085,    0.002076082977,     0.05401400494,                 0,       16.58191427
          0,           0,         383,        -9.4808257,      -10.28638513,      -9.978467464,       -8.92904524,             0.448,    0.003253897989,      0.0539558566,                 0,                 0,                 0,    -0.03099819129,    0.002076082841,     0.05401399998,                 0,       16.58191399
          0,           0,         384,       -9.49268383,      -10.29815193,      -9.991850576,      -8.940459905,             0.448,    0.003253897764,       0.053955852,                 0,                 0,                 0,    -0.03099819154,    0.002076082716,     0.05401399537,                 0,       16.58191373
          0,           0,         385,      -9.504539503,      -10.30998029,      -10.00519365,       -8.95190653,             0.448,    0.003253897558,     0.05395584776,                 0,                 0,                 0,    -0.03099819164,    0.002076082603,     0.05401399113,                 0,       16.58191347
          0,           0,         386,      -9.516413478,      -10.32188842,      -10.01848841,      -8.963413139,             0.448,    0.003253897372,      0.0539558439,                 0,                 0,                 0,    -0.03099819158,    0.002076082501,     0.05401398726,                 0,       16.58191323
          0,           0,         387,      -9.528325966,      -10.33389275,      -10.03172701,      -8.975006216,             0.448,    0.003253897205,     0.05395584041,                 0,                 0,                 0,    -0.03099819137,     0.00207608241,     0.05401398377,                 0,       16.58191301
          0,           0,         388,      -9.540296258,      -10.34600751,      -10.04490218,      -8.986710286,             0.448,    0.003253897058,      0.0539558373,                 0,                 0,                 0,    -0.03099819102,    0.002076082331,     0.05401398067,                 0,       16.58191281
          0,           0,         389,      -9.552342387,      -10.35824506,      -10.05800741,      -8.998547562,             0.448,    0.003253896931,     0.05395583457,                 0,                 0,                 0,    -0.03099819055,    0.002076082264,     0.05401397793,                 0,       16.58191261
          0,           0,         390,      -9.564480828,      -10.37061547,      -10.07103718,      -9.010537647,             0.448,    0.003253896824,     0.05395583222,                 0,                 0,                 0,    -0.03099818995,    0.002076082208,     0.05401397558,                 0,       16.58191244
          0,           0,         391,      -9.576726226,       -10.3831264,      -10.08398723,      -9.022697273,             0.448,    0.003253896736,     0.05395583024,                 0,                 0,                 0,    -0.03099818924,    0.002076082163,      0.0540139736,                 0,       16.58191228
          0,           0,         392,      -9.589091165,      -10.39578365,      -10.09685473,      -9.035040096,             0.448,    0.003253896667,     0.05395582862,                 0,                 0,                 0,    -0.03099818844,     0.00207608213,     0.05401397198,                 0,       16.58191213
          0,           0,         393,      -9.601585969,      -10.40859077,      -10.10963849,      -9.047576521,             0.448,    0.003253896617,     0.05395582736,                 0,                 0,                 0,    -0.03099818755,    0.002076082107,     0.05401397071,                 0,         16.581912
          0,           0,         394,      -9.614218547,      -10.42154923,      -10.12233911,      -9.060313571,             0.448,    0.003253896585,     0.05395582644,                 0,                 0,                 0,    -0.03099818657,    0.002076082095,     0.05401396979,                 0,       16.58191188
          0,           0,         395,      -9.626994254,      -10.43465845,      -10.13495905,      -9.073254769,             0.448,     0.00325389657,     0.05395582585,                 0,                 0,                 0,    -0.03099818553,    0.002076082093,      0.0540139692,                 0,       16.58191178
          0,           0,         396,      -9.639915797,      -10.44791568,      -10.14750269,      -9.086400069,             0.448,    0.003253896572,     0.05395582558,                 0,                 0,                 0,    -0.03099818443,    0.002076082101,     0.05401396893,                 0,       16.58191168
          0,           0,         397,      -9.652983174,      -10.46131602,      -10.15997625,      -9.099745804,             0.448,     0.00325389659,     0.05395582561,                 0,                 0,                 0,    -0.03099818327,    0.002076082118,     0.05401396896,                 0,        16.5819116
          0,           0,         398,      -9.666193633,       -10.4748526,      -10.17238768,      -9.113284663,             0.448,    0.003253896623,     0.05395582592,                 0,                 0,                 0,    -0.03099818208,    0.002076082144,     0.05401396928,                 0,       16.58191153
          0,           0,         399,      -9.679541682,      -10.48851581,      -10.18474643,      -9.127005715,             0.448,     0.00325389667,     0.05395582651,                 0,                 0,                 0,    -0.03099818086,    0.002076082179,     0.05401396987,                 0,       16.58191147
          0,           0,         400,      -9.693019122,      -10.50229399,      -10.19706321,      -9.140894465,             0.448,    0.003253896731,     0.05395582735,                 0,                 0,                 0,    -0.03099817961,    0.002076082221,      0.0540139707,                 0,       16.58191142
          0,           0,         401,      -9.706615149,      -10.51617296,      -10.20934967,      -9.154932983,             0.448,    0.003253896803,     0.05395582842,                 0,                 0,                 0,    -0.03099817835,     0.00207608227,     0.05401397178,                 0,       16.58191137
          0,           0,         402,      -9.720316515,      -10.53013658,      -10.22161813,      -9.169100126,             0.448,    0.003253896887,      0.0539558297,                 0,                 0,                 0,    -0.03099817708,    0.002076082326,     0.05401397306,                 0,       16.58191134
          0,           0,         403,       -9.73410776,      -10.54416669,      -10.23388127,      -9.183371863,             0.448,    0.003253896981,     0.05395583118,                 0,                 0,                 0,    -0.03099817581,    0.002076082388,     0.05401397454,                 0,       16.58191132
          0,           0,         404,      -9.747971571,      -10.55824307,      -10.24615203,      -9.197721783,             0.448,    0.003253897085,     0.05395583284,                 0,                 0,                 0,    -0.03099817455,    0.002076082455,      0.0540139762,                 0,        16.5819113
          0,           0,         405,      -9.761889214,       -10.5723441,      -10.25844346,      -9.212121726,             0.448,    0.003253897196,     0.05395583465,                 0,                 0,                 0,    -0.03099817331,    0.002076082527,     0.05401397801,                 0,       16.58191129
          0,           0,         406,         -9.775841,      -10.58644584,      -10.27076852,      -9.226542473,             0.448,    0.003253897315,     0.05395583659,                 0,                 0,                 0,    -0.03099817209,    0.002076082603,     0.05401397996,                 0,       16.58191128
          0,           0,         407,      -9.789806662,      -10.60052115,      -10.28313961,      -9.240954296,             0.448,    0.003253897439,     0.05395583866,                 0,                 0,                 0,    -0.03099817089,    0.002076082682,     0.05401398203,                 0,       16.58191128
          0,           0,         408,      -9.803765534,      -10.61453913,      -10.29556786,      -9.255327184,             0.448,    0.003253897569,     0.05395584081,                 0,                 0,                 0,    -0.03099816973,    0.002076082765,     0.05401398419,                 0,       16.58191128
          0,           0,         409,      -9.817696603,      -10.62846615,      -10.30806243,      -9.269630887,             0.448,    0.003253897703,     0.05395584305,                 0,                 0,                 0,    -0.03099816861,     0.00207608285,     0.05401398643,                 0,       16.58191129
          0,           0,         410,      -9.831578641,      -10.64226707,      -10.32063016,      -9.283835171,             0.448,     0.00325389784,     0.05395584535,                 0,                 0,                 0,    -0.03099816752,    0.002076082937,     0.05401398873,                 0,        16.5819113
          0,           0,         411,      -9.845390578,      -10.65590725,      -10.33327558,      -9.297910555,             0.448,    0.003253897979,      0.0539558477,                 0,                 0,                 0,    -0.03099816648,    0.002076083025,     0.05401399108,                 0,       16.58191131
          0,           0,         412,      -9.859112183,       -10.6693547,      -10.34600112,      -9.311829546,             0.448,     0.00325389812,     0.05395585008,                 0,                 0,                 0,    -0.03099816548,    0.002076083114,     0.05401399346,                 0,       16.58191132
          0,           0,         413,      -9.872724866,      -10.68258199,      -10.35880721,       -9.32556793,             0.448,    0.003253898262,     0.05395585247,                 0,                 0,                 0,    -0.03099816454,    0.002076083203,     0.05401399586,                 0,       16.58191134
          0,           0,         414,      -9.886212437,      -10.69556733,      -10.37169263,      -9.339105825,             0.448,    0.003253898403,     0.05395585487,                 0,                 0,                 0,    -0.03099816364,    0.002076083293,     0.05401399826,                 0,       16.58191135
          0,           0,         415,      -9.899561661,      -10.70829605,      -10.38465473,      -9.352428332,             0.448,    0.003253898544,     0.05395585726,                 0,                 0,                 0,     -0.0309981628,    0.002076083381,     0.05401400065,                 0,       16.58191137
          0,           0,         416,      -9.912762597,       -10.7207611,      -10.39768997,      -9.365525892,             0.448,    0.003253898684,     0.05395585963,                 0,                 0,                 0,    -0.03099816201,    0.002076083469,     0.05401400302,                 0,       16.58191138
          0,           0,         417,      -9.925808757,      -10.73296173,      -10.41079431,      -9.378394382,             0.448,    0.003253898821,     0.05395586196,                 0,                 0,                 0,    -0.03099816128,    0.002076083556,     0.05401400535,                 0,        16.5819114
          0,           0,         418,      -9.938697131,       -10.7449045,      -10.42396368,      -9.391035057,             0.448,    0.003253898956,     0.05395586424,                 0,                 0,                 0,    -0.03099816061,    0.002076083641,     0.05401400764,                 0,       16.58191141
          0,           0,         419,      -9.951428199,      -10.75660082,      -10.43719402,      -9.403454417,             0.448,    0.003253899088,     0.05395586647,                 0,                 0,                 0,    -0.03099815999,    0.002076083725,     0.05401400987,                 0,       16.58191143
          0,           0,         420,      -9.964005788,      -10.76806858,      -10.45048096,      -9.415663819,             0.448,    0.003253899217,     0.05395586863,                 0,                 0,                 0,    -0.03099815943,    0.002076083806,     0.05401401203,                 0,       16.58191143
          0,           0,         421,       -9.97643696,      -10.77933026,      -10.46381952,      -9.427679117,             0.448,    0.003253899341,     0.05395587072,                 0,                 0,                 0,    -0.03099815894,    0.002076083885,     0.05401401412,                 0,       16.58191144
          0,           0,         422,      -9.988731775,      -10.79041318,      -10.47720365,      -9.439520128,             0.448,    0.003253899462,     0.05395587272,                 0,                 0,                 0,     -0.0309981585,    0.002076083961,     0.05401401612,                 0,       16.58191144
          0,           0,         423,      -10.00090305,      -10.80134804,      -10.49062621,      -9.451210081,             0.448,    0.003253899577,     0.05395587462,                 0,                 0,                 0,    -0.03099815812,    0.002076084035,     0.05401401803,                 0,       16.58191144
          0,           0,         424,      -10.01296602,      -10.81216906,      -10.50407906,      -9.462775005,             0.448,    0.003253899687,     0.05395587643,                 0,                 0,                 0,    -0.03099815779,    0.002076084106,     0.05401401984,                 0,       16.58191144
          0,           0,         425,      -10.02493805,      -10.82291181,       -10.5175533,      -9.474243089,             0.448,    0.003253899792,     0.05395587814,                 0,                 0,                 0,    -0.03099815753,    0.002076084173,     0.05401402155,                 0,       16.58191143
          0,           0,         426,      -10.03683818,      -10.83361337,       -10.5310396,      -9.485644019,             0.448,    0.003253899891,     0.05395587974,                 0,                 0,                 0,    -0.03099815731,    0.002076084238,     0.05401402315,                 0,       16.58191141
          0,           0,         427,      -10.04868673,      -10.84431031,      -10.54452831,      -9.497008302,             0.448,    0.003253899984,     0.05395588122,                 0,                 0,                 0,    -0.03099815715,    0.002076084298,     0.05401402464,                 0,       16.58191139
          0,           0,         428,      -10.06050486,      -10.85503932,       -10.5580096,      -9.508366608,             0.448,    0.003253900071,     0.05395588259,                 0,                 0,                 0,    -0.03099815705,    0.002076084356,     0.05401402601,                 0,       16.58191137
          0,           0,         429,      -10.07231412,      -10.86583494,      -10.57147354,      -9.519749197,             0.448,    0.003253900152,     0.05395588385,                 0,                 0,                 0,    -0.03099815699,    0.002076084409,     0.05401402726,                 0,       16.58191134
          0,           0,         430,      -10.08413601,      -10.87673007,      -10.58491004,      -9.531185315,             0.448,    0.003253900227,     0.05395588498,                 0,                 0,                 0,    -0.03099815698,    0.002076084459,      0.0540140284,                 0,       16.58191131
          0,           0,         431,      -10.09599157,      -10.88775526,      -10.59830914,      -9.542702736,             0.448,    0.003253900295,     0.05395588599,                 0,                 0,                 0,    -0.03099815701,    0.002076084504,     0.05401402941,                 0,       16.58191128
          0,           0,         432,        -10.107901,      -10.89893814,        -10.611661,      -9.554327312,             0.448,    0.003253900356,     0.05395588689,                 0,                 0,                 0,    -0.03099815708,    0.002076084546,     0.05401403031,                 0,       16.58191124
          0,           0,         433,       -10.1198833,      -10.91030369,      -10.62495628,      -9.566082579,             0.448,    0.003253900411,     0.05395588766,                 0,                 0,                 0,     -0.0309981572,    0.002076084584,     0.05401403108,                 0,        16.5819112
          0,           0,         434,      -10.13195593,      -10.92187371,      -10.63818625,      -9.577989472,             0.448,    0.003253900459,     0.05395588832,                 0,                 0,                 0,    -0.03099815735,    0.002076084618,     0.05401403174,                 0,       16.58191115
          0,           0,         435,      -10.14413455,      -10.93366671,      -10.65134324,      -9.590066018,             0.448,    0.003253900501,     0.05395588886,                 0,                 0,                 0,    -0.03099815753,    0.002076084648,     0.05401403228,                 0,       16.58191111
          0,           0,         436,      -10.15643276,      -10.94569784,      -10.66442081,      -9.602327148,             0.448,    0.003253900537,     0.05395588929,                 0,                 0,                 0,    -0.03099815774,    0.002076084675,     0.05401403271,                 0,       16.58191106
          0,           0,         437,      -10.16886191,      -10.95797948,      -10.67741408,      -9.614784493,             0.448,    0.003253900566,      0.0539558896,                 0,                 0,                 0,    -0.03099815799,    0.002076084697,     0.05401403303,                 0,       16.58191101
          0,           0,         438,      -10.18143089,      -10.97052116,       -10.6903199,      -9.627446247,             0.448,    0.003253900589,     0.05395588982,                 0,                 0,                 0,    -0.03099815825,    0.002076084716,     0.05401403324,                 0,       16.58191095
          0,           0,         439,      -10.19414602,       -10.9833286,      -10.70313709,      -9.640317048,             0.448,    0.003253900606,     0.05395588993,                 0,                 0,                 0,    -0.03099815854,     0.00207608473,     0.05401403335,                 0,        16.5819109
          0,           0,         440,      -10.20701091,      -10.99640484,      -10.71586657,      -9.653397888,             0.448,    0.003253900618,     0.05395588994,                 0,                 0,                 0,    -0.03099815885,    0.002076084742,     0.05401403337,                 0,       16.58191084
          0,           0,         441,      -10.22002643,      -11.00974921,       -10.7285113,      -9.666686061,             0.448,    0.003253900624,     0.05395588986,                 0,                 0,                 0,    -0.03099815917,     0.00207608475,     0.05401403329,                 0,       16.58191079
          0,           0,         442,       -10.2331906,      -11.02335858,      -10.74107635,      -9.680175119,             0.448,    0.003253900625,     0.05395588969,                 0,                 0,                 0,    -0.03099815951,    0.002076084754,     0.05401403312,                 0,       16.58191073
          0,           0,         443,       -10.2464986,      -11.03722505,      -10.75356862,      -9.693854869,             0.448,    0.003253900621,     0.05395588944,                 0,                 0,                 0,    -0.03099815986,    0.002076084755,     0.05401403287,                 0,       16.58191068
          0,           0,         444,      -10.25994281,      -11.05133806,      -10.76599678,      -9.707711433,             0.448,    0.003253900612,     0.05395588911,                 0,                 0,                 0,    -0.03099816022,    0.002076084754,     0.05401403254,                 0,       16.58191062
          0,           0,         445,      -10.27351286,      -11.06568291,      -10.77837081,      -9.721727309,             0.448,    0.003253900599,     0.05395588872,                 0,                 0,                 0,    -0.03099816058,    0.002076084749,     0.05401403214,                 0,       16.58191056
          0,           0,         446,      -10.28719577,      -11.08024071,      -10.79070189,      -9.735881619,             0.448,    0.003253900582,     0.05395588825,                 0,                 0,                 0,    -0.03099816095,    0.002076084742,     0.05401403168,                 0,       16.58191051
          0,           0,         447,       -10.3009762,      -11.09498983,      -10.80300202,      -9.750150364,             0.448,    0.003253900561,     0.05395588773,                 0,                 0,                 0,    -0.03099816131,    0.002076084733,     0.05401403116,                 0,       16.58191046
          0,           0,         448,      -10.31483673,      -11.10990456,       -10.8152839,      -9.764506921,             0.448,    0.003253900536,     0.05395588716,                 0,                 0,                 0,    -0.03099816168,    0.002076084721,     0.05401403058,                 0,        16.5819104
          0,           0,         449,      -10.32875836,      -11.12495574,      -10.82756085,      -9.778922684,             0.448,    0.003253900509,     0.05395588653,                 0,                 0,                 0,    -0.03099816205,    0.002076084707,     0.05401402996,                 0,       16.58191035
          0,           0,         450,      -10.34272092,      -11.14010979,       -10.8398465,      -9.793367776,             0.448,    0.003253900478,     0.05395588587,                 0,                 0,                 0,     -0.0309981624,    0.002076084691,      0.0540140293,                 0,       16.58191031
          0,           0,         451,      -10.35670354,      -11.15532754,      -10.85215455,      -9.807811626,             0.448,    0.003253900445,     0.05395588518,                 0,                 0,                 0,    -0.03099816276,    0.002076084673,      0.0540140286,                 0,       16.58191026
          0,           0,         452,      -10.37068482,      -11.17056367,      -10.86449773,      -9.822223234,             0.448,     0.00325390041,     0.05395588445,                 0,                 0,                 0,     -0.0309981631,    0.002076084654,     0.05401402788,                 0,       16.58191021
          0,           0,         453,      -10.38464281,       -11.1857683,      -10.87688699,      -9.836571118,             0.448,    0.003253900373,      0.0539558837,                 0,                 0,                 0,    -0.03099816344,    0.002076084633,     0.05401402713,                 0,       16.58191017
          0,           0,         454,       -10.3985552,      -11.20088646,      -10.88933119,      -9.850823567,             0.448,    0.003253900335,     0.05395588294,                 0,                 0,                 0,    -0.03099816376,    0.002076084612,     0.05401402636,                 0,       16.58191013
          0,           0,         455,       -10.4123996,      -11.21586234,      -10.90183685,      -9.864949303,             0.448,    0.003253900295,     0.05395588216,                 0,                 0,                 0,    -0.03099816407,    0.002076084589,     0.05401402558,                 0,        16.5819101
          0,           0,         456,      -10.42615426,      -11.23063993,      -10.91440854,      -9.878918793,             0.448,    0.003253900254,     0.05395588137,                 0,                 0,                 0,    -0.03099816437,    0.002076084565,     0.05401402479,                 0,       16.58191006
          0,           0,         457,      -10.43979897,      -11.24516537,      -10.92704888,      -9.892705656,             0.448,    0.003253900213,     0.05395588058,                 0,                 0,                 0,    -0.03099816466,    0.002076084541,       0.054014024,                 0,       16.58191003
          0,           0,         458,      -10.45331582,      -11.25939196,      -10.93975892,       -9.90628777,             0.448,    0.003253900171,     0.05395587979,                 0,                 0,                 0,    -0.03099816493,    0.002076084516,     0.05401402321,                 0,          16.58191
          0,           0,         459,      -10.46668991,      -11.27327769,      -10.95253857,      -9.919648138,             0.448,    0.003253900128,       0.053955879,                 0,                 0,                 0,    -0.03099816519,    0.002076084491,     0.05401402242,                 0,       16.58190998
          0,           0,         460,      -10.47990964,      -11.28679148,      -10.96538658,      -9.932775175,             0.448,    0.003253900086,     0.05395587822,                 0,                 0,                 0,    -0.03099816543,    0.002076084465,     0.05401402164,                 0,       16.58190995
          0,           0,         461,      -10.49296702,      -11.29990828,      -10.97830164,      -9.945662972,             0.448,    0.003253900043,     0.05395587746,                 0,                 0,                 0,    -0.03099816566,     0.00207608444,     0.05401402087,                 0,       16.58190994
          0,           0,         462,      -10.50585759,      -11.31261604,      -10.99128188,      -9.958311204,             0.448,    0.003253900001,     0.05395587671,                 0,                 0,                 0,    -0.03099816587,    0.002076084414,     0.05401402012,                 0,       16.58190992
          0,           0,         463,      -10.51858065,      -11.32490851,      -11.00432573,      -9.970725127,             0.448,     0.00325389996,     0.05395587597,                 0,                 0,                 0,    -0.03099816606,    0.002076084388,     0.05401401939,                 0,       16.58190991
          0,           0,         464,      -10.53113896,      -11.33679321,       -11.0174309,      -9.982915135,             0.448,    0.003253899919,     0.05395587526,                 0,                 0,                 0,    -0.03099816624,    0.002076084363,     0.05401401868,                 0,        16.5819099
          0,           0,         465,      -10.54353873,      -11.34828389,      -11.03059435,      -9.994896437,             0.448,    0.003253899879,     0.05395587458,                 0,                 0,                 0,     -0.0309981664,    0.002076084338,     0.05401401799,                 0,       16.58190989
          0,           0,         466,      -10.55578942,      -11.35940642,      -11.04381169,      -10.00668856,             0.448,    0.003253899839,     0.05395587392,                 0,                 0,                 0,    -0.03099816654,    0.002076084313,     0.05401401733,                 0,       16.58190989
          0,           0,         467,       -10.5679034,      -11.37019257,      -11.05707721,      -10.01831464,             0.448,    0.003253899801,     0.05395587329,                 0,                 0,                 0,    -0.03099816667,    0.002076084289,      0.0540140167,                 0,       16.58190989
          0,           0,         468,      -10.57989574,      -11.38068124,      -11.07038372,      -10.02980096,             0.448,    0.003253899765,     0.05395587269,                 0,                 0,                 0,    -0.03099816678,    0.002076084265,      0.0540140161,                 0,       16.58190989
          0,           0,         469,      -10.59178377,      -11.39091851,      -11.08372309,      -10.04117615,             0.448,    0.003253899729,     0.05395587213,                 0,                 0,                 0,    -0.03099816688,    0.002076084242,     0.05401401554,                 0,        16.5819099
          0,           0,         470,      -10.60358673,      -11.40095179,      -11.09708645,      -10.05247054,             0.448,    0.003253899695,      0.0539558716,                 0,                 0,                 0,    -0.03099816696,    0.002076084219,     0.05401401501,                 0,       16.58190991
          0,           0,         471,      -10.61532528,      -11.41083207,      -11.11046434,      -10.06371542,             0.448,    0.003253899663,      0.0539558711,                 0,                 0,                 0,    -0.03099816702,    0.002076084198,     0.05401401451,                 0,       16.58190992
          0,           0,         472,      -10.62702108,      -11.42061186,      -11.12384687,      -10.07494233,             0.448,    0.003253899632,     0.05395587064,                 0,                 0,                 0,    -0.03099816707,    0.002076084177,     0.05401401405,                 0,       16.58190994
          0,           0,         473,      -10.63869629,      -11.43034303,      -11.13722382,      -10.08618252,             0.448,    0.003253899603,     0.05395587022,                 0,                 0,                 0,     -0.0309981671,    0.002076084157,     0.05401401363,                 0,       16.58190996
          0,           0,         474,      -10.65037317,        -11.440074,      -11.15058462,      -10.09746624,             0.448,    0.003253899576,     0.05395586984,                 0,                 0,                 0,    -0.03099816712,    0.002076084138,     0.05401401325,                 0,       16.58190998
          0,           0,         475,      -10.66207357,      -11.44985478,      -11.16391849,      -10.10882227,             0.448,     0.00325389955,     0.05395586949,                 0,                 0,                 0,    -0.03099816713,     0.00207608412,      0.0540140129,                 0,          16.58191
          0,           0,         476,      -10.67381855,      -11.45972918,      -11.17721461,      -10.12027751,             0.448,    0.003253899526,     0.05395586918,                 0,                 0,                 0,    -0.03099816712,    0.002076084103,     0.05401401259,                 0,       16.58191003
          0,           0,         477,      -10.68562804,      -11.46973992,      -11.19046253,      -10.13185647,             0.448,    0.003253899504,     0.05395586891,                 0,                 0,                 0,    -0.03099816711,    0.002076084087,     0.05401401232,                 0,       16.58191006
          0,           0,         478,       -10.6975205,      -11.47992621,      -11.20365225,      -10.14358106,             0.448,    0.003253899484,     0.05395586868,                 0,                 0,                 0,    -0.03099816708,    0.002076084072,     0.05401401209,                 0,       16.58191009
          0,           0,         479,       -10.7095126,      -11.49032016,      -11.21677449,       -10.1554703,             0.448,    0.003253899466,     0.05395586849,                 0,                 0,                 0,    -0.03099816704,    0.002076084058,     0.05401401189,                 0,       16.58191012
          0,           0,         480,      -10.72161894,      -11.50095628,      -11.22982144,         -10.16754,             0.448,     0.00325389945,     0.05395586833,                 0,                 0,                 0,    -0.03099816699,    0.002076084046,     0.05401401173,                 0,       16.58191015
          0,           0,         481,      -10.73385197,       -11.5118585,      -11.24278652,       -10.1798027,             0.448,    0.003253899436,      0.0539558682,                 0,                 0,                 0,    -0.03099816693,    0.002076084034,     0.05401401161,                 0,       16.58191019
          0,           0,         482,      -10.74622166,      -11.52305322,      -11.25566514,      -10.19226751,             0.448,    0.003253899423,     0.05395586811,                 0,                 0,                 0,    -0.03099816687,    0.002076084023,     0.05401401152,                 0,       16.58191022
          0,           0,         483,      -10.75873541,      -11.53455662,       -11.2684545,      -10.20493992,             0.448,    0.003253899412,     0.05395586806,                 0,                 0,                 0,     -0.0309981668,    0.002076084014,     0.05401401146,                 0,       16.58191026
          0,           0,         484,      -10.77139802,      -11.54638684,      -11.28115405,      -10.21782183,             0.448,    0.003253899403,     0.05395586803,                 0,                 0,                 0,    -0.03099816672,    0.002076084005,     0.05401401144,                 0,        16.5819103
          0,           0,         485,      -10.78421151,      -11.55855613,      -11.29376543,      -10.23091147,             0.448,    0.003253899396,     0.05395586804,                 0,                 0,                 0,    -0.03099816664,    0.002076083998,     0.05401401144,                 0,       16.58191034
          0,           0,         486,      -10.79717507,      -11.57107146,      -11.30629248,      -10.24420329,             0.448,     0.00325389939,     0.05395586807,                 0,                 0,                 0,    -0.03099816655,    0.002076083992,     0.05401401148,                 0,       16.58191038
          0,           0,         487,      -10.81028515,      -11.58393985,      -11.31874108,      -10.25768814,             0.448,    0.003253899386,     0.05395586813,                 0,                 0,                 0,    -0.03099816646,    0.002076083986,     0.05401401154,                 0,       16.58191042
          0,           0,         488,      -10.82353536,      -11.59716182,      -11.33111902,      -10.27135313,             0.448,    0.003253899384,     0.05395586822,                 0,                 0,                 0,    -0.03099816636,    0.002076083982,     0.05401401162,                 0,       16.58191046
          0,           0,         489,      -10.83691662,      -11.61073206,      -11.34343565,      -10.28518185,             0.448,    0.003253899383,     0.05395586832,                 0,                 0,                 0,    -0.03099816627,    0.002076083978,     0.05401401173,                 0,        16.5819105
          0,           0,         490,      -10.85041727,       -11.6246455,      -11.35570166,      -10.29915458,             0.448,    0.003253899383,     0.05395586845,                 0,                 0,                 0,    -0.03099816617,    0.002076083975,     0.05401401186,                 0,       16.58191054
          0,           0,         491,       -10.8640233,      -11.63889203,      -11.36792874,      -10.31324852,             0.448,    0.003253899384,     0.05395586861,                 0,                 0,                 0,    -0.03099816607,    0.002076083974,     0.05401401201,                 0,       16.58191057
          0,           0,         492,      -10.87771862,        -11.653455,      -11.38012967,      -10.32743833,             0.448,    0.003253899387,     0.05395586877,                 0,                 0,                 0,    -0.03099816596,    0.002076083973,     0.05401401218,                 0,       16.58191061
          0,           0,         493,      -10.89148559,      -11.66831629,      -11.39231797,      -10.34169678,             0.448,     0.00325389939,     0.05395586896,                 0,                 0,                 0,    -0.03099816586,    0.002076083972,     0.05401401236,                 0,       16.58191065
          0,           0,         494,      -10.90530547,      -11.68345169,      -11.40450785,      -10.35599549,             0.448,    0.003253899395,     0.05395586916,                 0,                 0,                 0,    -0.03099816576,    0.002076083973,     0.05401401256,                 0,       16.58191069
          0,           0,         495,      -10.91915867,      -11.69882977,      -11.41671334,      -10.37030535,             0.448,    0.003253899401,     0.05395586937,                 0,                 0,                 0,    -0.03099816567,    0.002076083974,     0.05401401278,                 0,       16.58191072
          0,           0,         496,      -10.93302502,      -11.71441503,      -11.42894807,      -10.38459673,             0.448,    0.003253899407,     0.05395586959,                 0,                 0,                 0,    -0.03099816557,    0.002076083975,       0.054014013,                 0,       16.58191076
          0,           0,         497,      -10.94688357,      -11.73016007,      -11.44122339,      -10.39883934,             0.448,    0.003253899414,     0.05395586982,                 0,                 0,                 0,    -0.03099816547,    0.002076083977,     0.05401401323,                 0,       16.58191079
          0,           0,         498,      -10.96071284,      -11.74601396,      -11.45354868,      -10.41300241,             0.448,    0.003253899422,     0.05395587006,                 0,                 0,                 0,    -0.03099816538,     0.00207608398,     0.05401401347,                 0,       16.58191083
          0,           0,         499,       -10.9744909,      -11.76192114,      -11.46593135,      -10.42705531,             0.448,    0.003253899431,     0.05395587031,                 0,                 0,                 0,    -0.03099816529,    0.002076083983,     0.05401401371,                 0,       16.58191086
          0,           0,         500,      -10.98819637,      -11.77781537,      -11.47837676,      -10.44096903,             0.448,     0.00325389944,     0.05395587055,                 0,                 0,                 0,     -0.0309981652,    0.002076083987,     0.05401401396,                 0,       16.58191089
          0,           0,         501,      -11.00180907,      -11.79363974,      -11.49088828,      -10.45471748,             0.448,    0.003253899449,     0.05395587081,                 0,                 0,                 0,    -0.03099816512,    0.002076083991,     0.05401401421,                 0,       16.58191092
          0,           0,         502,      -11.01531086,      -11.80933227,      -11.50346815,      -10.46827841,             0.448,    0.003253899459,     0.05395587106,                 0,                 0,                 0,    -0.03099816504,    0.002076083995,     0.05401401447,                 0,       16.58191095
          0,           0,         503,      -11.02868663,      -11.82482771,      -11.51611777,      -10.48163484,             0.448,    0.003253899469,     0.05395587131,                 0,                 0,                 0,    -0.03099816496,    0.002076083999,     0.05401401472,                 0,       16.58191097
          0,           0,         504,      -11.04192394,       -11.8400744,      -11.52883705,      -10.49477439,             0.448,    0.003253899479,     0.05395587156,                 0,                 0,                 0,    -0.03099816489,    0.002076084004,     0.05401401497,                 0,         16.581911
          0,           0,         505,      -11.05501379,      -11.85501626,      -11.54162636,      -10.50769023,             0.448,     0.00325389949,     0.05395587181,                 0,                 0,                 0,    -0.03099816482,    0.002076084009,     0.05401401522,                 0,       16.58191102
          0,           0,         506,      -11.06795051,      -11.86961205,      -11.55448502,      -10.52038084,             0.448,      0.0032538995,     0.05395587206,                 0,                 0,                 0,    -0.03099816476,    0.002076084014,     0.05401401547,                 0,       16.58191104
          0,           0,         507,       -11.0807319,      -11.88381556,      -11.56741352,      -10.53284997,             0.448,    0.003253899511,      0.0539558723,                 0,                 0,                 0,     -0.0309981647,     0.00207608402,     0.05401401571,                 0,       16.58191107
          0,           0,         508,        -11.093359,      -11.89760283,      -11.58041006,      -10.54510629,             0.448,    0.003253899521,     0.05395587254,                 0,                 0,                 0,    -0.03099816464,    0.002076084025,     0.05401401595,                 0,       16.58191108
          0,           0,         509,      -11.10583615,      -11.91094818,      -11.59347365,      -10.55716317,             0.448,    0.003253899532,     0.05395587277,                 0,                 0,                 0,    -0.03099816459,    0.002076084031,     0.05401401618,                 0,        16.5819111
          0,           0,         510,      -11.11817075,      -11.92384212,      -11.60660032,      -10.56903802,             0.448,    0.003253899542,     0.05395587299,                 0,                 0,                 0,    -0.03099816454,    0.002076084036,      0.0540140164,                 0,       16.58191112
          0,           0,         511,      -11.13037308,      -11.93628946,       -11.6197842,      -10.58075201,             0.448,    0.003253899553,     0.05395587321,                 0,                 0,                 0,     -0.0309981645,    0.002076084042,     0.05401401662,                 0,       16.58191113
          0,           0,         512,      -11.14245619,       -11.9482925,      -11.63301936,      -10.59232943,             0.448,    0.003253899563,     0.05395587342,                 0,                 0,                 0,    -0.03099816446,    0.002076084047,     0.05401401683,                 0,       16.58191114
          0,           0,         513,      -11.15443505,      -11.95988088,      -11.64629693,      -10.60379661,             0.448,    0.003253899573,     0.05395587362,                 0,                 0,                 0,    -0.03099816443,    0.002076084053,     0.05401401702,                 0,       16.58191115
          0,           0,         514,      -11.16632701,      -11.97107875,      -11.65960823,      -10.61518213,             0.448,    0.003253899582,      0.0539558738,                 0,                 0,                 0,     -0.0309981644,    0.002076084058,     0.05401401721,                 0,       16.58191116
          0,           0,         515,      -11.17815062,      -11.98192137,      -11.67294321,       -10.6265152,             0.448,    0.003253899591,     0.05395587398,                 0,                 0,                 0,    -0.03099816438,    0.002076084064,     0.05401401739,                 0,       16.58191117
          0,           0,         516,      -11.18992544,      -11.99246033,      -11.68629086,      -10.63782547,             0.448,      0.0032538996,     0.05395587415,                 0,                 0,                 0,    -0.03099816436,    0.002076084069,     0.05401401756,                 0,       16.58191118
          0,           0,         517,      -11.20167205,       -12.0027274,      -11.69964088,       -10.6491427,             0.448,    0.003253899609,     0.05395587431,                 0,                 0,                 0,    -0.03099816434,    0.002076084074,     0.05401401772,                 0,       16.58191118
          0,           0,         518,      -11.21341076,      -12.01278374,      -11.71298043,      -10.66049529,             0.448,    0.003253899617,     0.05395587445,                 0,                 0,                 0,    -0.03099816433,    0.002076084079,     0.05401401786,                 0,       16.58191118
          0,           0,         519,      -11.22516186,      -12.02267699,      -11.72629786,      -10.67191052,             0.448,    0.003253899625,     0.05395587459,                 0,                 0,                 0,    -0.03099816432,    0.002076084084,       0.054014018,                 0,       16.58191119
          0,           0,         520,       -11.2369449,      -12.03246145,      -11.73958085,      -10.68341379,             0.448,    0.003253899632,     0.05395587471,                 0,                 0,                 0,    -0.03099816431,    0.002076084089,     0.05401401812,                 0,       16.58191119
          0,           0,         521,      -11.24877861,      -12.04218352,      -11.75281713,      -10.69502844,             0.448,    0.003253899639,     0.05395587482,                 0,                 0,                 0,    -0.03099816431,    0.002076084093,     0.05401401823,                 0,       16.58191119
          0,           0,         522,      -11.26068014,      -12.05189703,      -11.76599442,      -10.70677502,             0.448,    0.003253899646,     0.05395587492,                 0,                 0,                 0,    -0.03099816431,    0.002076084097,     0.05401401833,                 0,       16.58191118
          0,           0,         523,      -11.27266504,      -12.06165098,      -11.77910202,       -10.7186713,             0.448,    0.003253899652,     0.05395587501,                 0,                 0,                 0,    -0.03099816432,    0.002076084101,     0.05401401842,                 0,       16.58191118
          0,           0,         524,      -11.28474716,      -12.07148008,       -11.7921308,      -10.73073209,             0.448,    0.003253899657,     0.05395587509,                 0,                 0,                 0,    -0.03099816433,    0.002076084105,      0.0540140185,                 0,       16.58191118
          0,           0,         525,        -11.296938,       -12.0814348,      -11.80507177,      -10.74296892,             0.448,    0.003253899663,     0.05395587516,                 0,                 0,                 0,    -0.03099816434,    0.002076084109,     0.05401401857,                 0,       16.58191117
          0,           0,         526,      -11.30924676,      -12.09155056,       -11.8179184,      -10.75538974,             0.448,    0.003253899667,     0.05395587522,                 0,                 0,                 0,    -0.03099816435,    0.002076084112,     0.05401401863,                 0,       16.58191116
          0,           0,         527,      -11.32168045,      -12.10186787,      -11.83066722,      -10.76799926,             0.448,    0.003253899671,     0.05395587527,                 0,                 0,                 0,    -0.03099816436,    0.002076084116,     0.05401401868,                 0,       16.58191116
          0,           0,         528,      -11.33424338,      -12.11240365,      -11.84331563,      -10.78079866,             0.448,    0.003253899675,      0.0539558753,                 0,                 0,                 0,    -0.03099816438,    0.002076084118,     0.05401401871,                 0,       16.58191115
          0,           0,         529,      -11.34693712,      -12.12319587,      -11.85586446,      -10.79378518,             0.448,    0.003253899678,     0.05395587533,                 0,                 0,                 0,     -0.0309981644,    0.002076084121,     0.05401401874,                 0,       16.58191114
          0,           0,         530,      -11.35976102,      -12.13426449,      -11.86831644,      -10.80695291,             0.448,    0.003253899681,     0.05395587535,                 0,                 0,                 0,    -0.03099816442,    0.002076084124,     0.05401401876,                 0,       16.58191113
          0,           0,         531,      -11.37271131,      -12.14562504,       -11.8806765,      -10.82029203,             0.448,    0.003253899684,     0.05395587536,                 0,                 0,                 0,    -0.03099816444,    0.002076084126,     0.05401401877,                 0,       16.58191112
          0,           0,         532,      -11.38578188,      -12.15730235,      -11.89295203,      -10.83378931,             0.448,    0.003253899686,     0.05395587536,                 0,                 0,                 0,    -0.03099816446,    0.002076084128,     0.05401401877,                 0,       16.58191111
          0,           0,         533,       -11.3989642,      -12.16930258,      -11.90515257,      -10.84742853,             0.448,    0.003253899687,     0.05395587535,                 0,                 0,                 0,    -0.03099816448,     0.00207608413,     0.05401401876,                 0,        16.5819111
          0,           0,         534,      -11.41224713,      -12.18162871,      -11.91728863,      -10.86118987,             0.448,    0.003253899689,     0.05395587534,                 0,                 0,                 0,     -0.0309981645,    0.002076084131,     0.05401401875,                 0,       16.58191109
          0,           0,         535,      -11.42561762,      -12.19428921,      -11.92937241,      -10.87505115,             0.448,     0.00325389969,     0.05395587532,                 0,                 0,                 0,    -0.03099816453,    0.002076084133,     0.05401401873,                 0,       16.58191108
          0,           0,         536,      -11.43906075,      -12.20728003,      -11.94141696,      -10.88898797,             0.448,     0.00325389969,     0.05395587529,                 0,                 0,                 0,    -0.03099816455,    0.002076084134,      0.0540140187,                 0,       16.58191107
          0,           0,         537,      -11.45256061,      -12.22061074,      -11.95343676,      -10.90297458,             0.448,    0.003253899691,     0.05395587526,                 0,                 0,                 0,    -0.03099816458,    0.002076084135,     0.05401401867,                 0,       16.58191106
          0,           0,         538,      -11.46610043,      -12.23426238,      -11.96544712,      -10.91698449,             0.448,     0.00325389969,     0.05395587522,                 0,                 0,                 0,     -0.0309981646,    0.002076084136,     0.05401401863,                 0,       16.58191105
          0,           0,         539,      -11.47966267,      -12.24822352,      -11.97746304,      -10.93099068,             0.448,     0.00325389969,     0.05395587518,                 0,                 0,                 0,    -0.03099816463,    0.002076084136,     0.05401401859,                 0,       16.58191103
          0,           0,         540,       -11.4932293,      -12.26247466,      -11.98949854,      -10.94496575,             0.448,     0.00325389969,     0.05395587513,                 0,                 0,                 0,    -0.03099816465,    0.002076084137,     0.05401401854,                 0,       16.58191102
          0,           0,         541,      -11.50678174,      -12.27697833,      -12.00156521,      -10.95888178,             0.448,    0.003253899689,     0.05395587508,                 0,                 0,                 0,    -0.03099816468,    0.002076084137,     0.05401401849,                 0,       16.58191101
          0,           0,         542,       -11.5203008,      -12.29172459,      -12.01367334,      -10.97271072,             0.448,    0.003253899688,     0.05395587502,                 0,                 0,                 0,     -0.0309981647,    0.002076084137,     0.05401401844,                 0,         16.581911
          0,           0,         543,      -11.53376737,      -12.30666205,      -12.02583157,      -10.98642517,             0.448,    0.003253899687,     0.05395587497,                 0,                 0,                 0,    -0.03099816472,    0.002076084137,     0.05401401838,                 0,       16.58191099
          0,           0,         544,      -11.54716263,      -12.32175206,      -12.03804569,      -10.99999967,             0.448,    0.003253899685,     0.05395587491,                 0,                 0,                 0,    -0.03099816474,    0.002076084137,     0.05401401832,                 0,       16.58191098
          0,           0,         545,      -11.56046981,      -12.33695101,      -12.05032007,      -11.01341223,             0.448,    0.003253899684,     0.05395587485,                 0,                 0,                 0,    -0.03099816477,    0.002076084137,     0.05401401826,                 0,       16.58191097
          0,           0,         546,      -11.57367408,      -12.35221081,      -12.06266018,      -11.02664504,             0.448,    0.003253899682,     0.05395587478,                 0,                 0,                 0,    -0.03099816479,    0.002076084137,     0.05401401819,                 0,       16.58191096
          0,           0,         547,       -11.5867635,      -12.36750176,      -12.07506823,       -11.0396852,             0.448,     0.00325389968,     0.05395587472,                 0,                 0,                 0,    -0.03099816481,    0.002076084136,     0.05401401813,                 0,       16.58191094
          0,           0,         548,      -11.59972891,       -12.3827789,      -12.08754631,      -11.05252456,             0.448,    0.003253899678,     0.05395587466,                 0,                 0,                 0,    -0.03099816483,    0.002076084136,     0.05401401807,                 0,       16.58191093
          0,           0,         549,      -11.61256449,      -12.39798829,      -12.10009821,      -11.06516048,             0.448,    0.003253899676,     0.05395587459,                 0,                 0,                 0,    -0.03099816485,    0.002076084135,       0.054014018,                 0,       16.58191092
          0,           0,         550,      -11.62526707,      -12.41309089,      -12.11272473,      -11.07759434,             0.448,    0.003253899674,     0.05395587453,                 0,                 0,                 0,    -0.03099816486,    0.002076084135,     0.05401401794,                 0,       16.58191092
          0,           0,         551,      -11.63783688,      -12.42804857,      -12.12542834,      -11.08983303,             0.448,    0.003253899672,     0.05395587446,                 0,                 0,                 0,    -0.03099816488,    0.002076084134,     0.05401401787,                 0,       16.58191091
          0,           0,         552,      -11.65027665,      -12.44283954,      -12.13821062,      -11.10188738,             0.448,     0.00325389967,      0.0539558744,                 0,                 0,                 0,     -0.0309981649,    0.002076084133,     0.05401401781,                 0,        16.5819109
          0,           0,         553,      -11.66259277,      -12.45741472,      -12.15107209,      -11.11377287,             0.448,    0.003253899668,     0.05395587433,                 0,                 0,                 0,    -0.03099816491,    0.002076084132,     0.05401401774,                 0,       16.58191089
          0,           0,         554,      -11.67479336,      -12.47176765,      -12.16401034,      -11.12550778,             0.448,    0.003253899665,     0.05395587427,                 0,                 0,                 0,    -0.03099816492,    0.002076084131,     0.05401401768,                 0,       16.58191088
          0,           0,         555,      -11.68688959,      -12.48583866,       -12.1770225,      -11.13711408,             0.448,    0.003253899663,     0.05395587421,                 0,                 0,                 0,    -0.03099816494,     0.00207608413,     0.05401401762,                 0,       16.58191087
          0,           0,         556,      -11.69889424,      -12.49965596,      -12.19010202,      -11.14861561,             0.448,    0.003253899661,     0.05395587415,                 0,                 0,                 0,    -0.03099816495,    0.002076084129,     0.05401401756,                 0,       16.58191087
          0,           0,         557,      -11.71082252,      -12.51318777,      -12.20324445,      -11.16003855,             0.448,    0.003253899659,     0.05395587409,                 0,                 0,                 0,    -0.03099816496,    0.002076084129,      0.0540140175,                 0,       16.58191086
          0,           0,         558,      -11.72269087,      -12.52643283,       -12.2164394,      -11.17141021,             0.448,    0.003253899657,     0.05395587404,                 0,                 0,                 0,    -0.03099816497,    0.002076084128,     0.05401401745,                 0,       16.58191085
          0,           0,         559,      -11.73451672,      -12.53940624,      -12.22967907,      -11.18275858,             0.448,    0.003253899654,     0.05395587398,                 0,                 0,                 0,    -0.03099816497,    0.002076084127,     0.05401401739,                 0,       16.58191085
          0,           0,         560,      -11.74631846,      -12.55209423,      -12.24295311,      -11.19411145,             0.448,    0.003253899652,     0.05395587393,                 0,                 0,                 0,    -0.03099816498,    0.002076084126,     0.05401401734,                 0,       16.58191084
          0,           0,         561,      -11.75811445,      -12.56452912,      -12.25625066,      -11.20549588,             0.448,     0.00325389965,     0.05395587388,                 0,                 0,                 0,    -0.03099816499,    0.002076084125,     0.05401401729,                 0,       16.58191084
          0,           0,         562,       -11.7699233,      -12.57670512,      -12.26956084,      -11.21693832,             0.448,    0.003253899648,     0.05395587384,                 0,                 0,                 0,    -0.03099816499,    0.002076084124,     0.05401401725,                 0,       16.58191084
          0,           0,         563,      -11.78176299,       -12.5886623,      -12.28286976,      -11.22846339,             0.448,    0.003253899646,      0.0539558738,                 0,                 0,                 0,    -0.03099816499,    0.002076084123,     0.05401401721,                 0,       16.58191083
          0,           0,         564,      -11.79365051,      -12.60039338,      -12.29616295,      -11.24009371,             0.448,    0.003253899645,     0.05395587376,                 0,                 0,                 0,      -0.030998165,    0.002076084122,     0.05401401716,                 0,       16.58191083
          0,           0,         565,      -11.80560162,      -12.61197531,      -12.30942894,      -11.25184925,             0.448,    0.003253899643,     0.05395587372,                 0,                 0,                 0,      -0.030998165,    0.002076084121,     0.05401401713,                 0,       16.58191083
          0,           0,         566,      -11.81763137,      -12.62337494,      -12.32265364,      -11.26374794,             0.448,    0.003253899641,     0.05395587368,                 0,                 0,                 0,      -0.030998165,     0.00207608412,     0.05401401709,                 0,       16.58191082
          0,           0,         567,      -11.82975178,      -12.63465617,      -12.33582463,      -11.27580434,             0.448,     0.00325389964,     0.05395587365,                 0,                 0,                 0,      -0.030998165,    0.002076084119,     0.05401401706,                 0,       16.58191082
          0,           0,         568,      -11.84197396,      -12.64585402,       -12.3489286,      -11.28802998,             0.448,    0.003253899638,     0.05395587362,                 0,                 0,                 0,      -0.030998165,    0.002076084118,     0.05401401703,                 0,       16.58191082
          0,           0,         569,       -11.8543066,      -12.65696794,      -12.36195615,      -11.30043348,             0.448,    0.003253899637,      0.0539558736,                 0,                 0,                 0,      -0.030998165,    0.002076084117,     0.05401401701,                 0,       16.58191082
          0,           0,         570,      -11.86675545,      -12.66805382,      -12.37489651,      -11.31301905,             0.448,    0.003253899635,     0.05395587357,                 0,                 0,                 0,      -0.030998165,    0.002076084117,     0.05401401698,                 0,       16.58191082
          0,           0,         571,      -11.87932505,       -12.6791307,      -12.38774597,      -11.32578887,             0.448,    0.003253899634,     0.05395587355,                 0,                 0,                 0,      -0.030998165,    0.002076084116,     0.05401401696,                 0,       16.58191082
          0,           0,         572,      -11.89201575,      -12.69023831,      -12.40049713,      -11.33873959,             0.448,    0.003253899633,     0.05395587353,                 0,                 0,                 0,    -0.03099816499,    0.002076084115,     0.05401401694,                 0,       16.58191082
          0,           0,         573,      -11.90482739,      -12.70138479,      -12.41314733,      -11.35186674,             0.448,    0.003253899632,     0.05395587352,                 0,                 0,                 0,    -0.03099816499,    0.002076084114,     0.05401401693,                 0,       16.58191082
          0,           0,         574,      -11.91775532,      -12.71261147,      -12.42569655,      -11.36515988,             0.448,    0.003253899631,     0.05395587351,                 0,                 0,                 0,    -0.03099816499,    0.002076084114,     0.05401401692,                 0,       16.58191082
          0,           0,         575,      -11.93079317,      -12.72393232,       -12.4381486,      -11.37860654,             0.448,     0.00325389963,      0.0539558735,                 0,                 0,                 0,    -0.03099816498,    0.002076084113,     0.05401401691,                 0,       16.58191082
          0,           0,         576,      -11.94393209,      -12.73539329,      -12.45050674,      -11.39219006,             0.448,     0.00325389963,     0.05395587349,                 0,                 0,                 0,    -0.03099816498,    0.002076084113,      0.0540140169,                 0,       16.58191082
          0,           0,         577,      -11.95716127,      -12.74695725,      -12.46277823,      -11.40589141,             0.448,    0.003253899629,     0.05395587348,                 0,                 0,                 0,    -0.03099816497,    0.002076084112,     0.05401401689,                 0,       16.58191082
          0,           0,         578,      -11.97046713,      -12.75870409,      -12.47497101,      -11.41968825,             0.448,    0.003253899629,     0.05395587348,                 0,                 0,                 0,    -0.03099816497,    0.002076084112,     0.05401401689,                 0,       16.58191083
          0,           0,         579,      -11.98383396,      -12.77061356,      -12.48709463,      -11.43355525,             0.448,    0.003253899628,     0.05395587348,                 0,                 0,                 0,    -0.03099816496,    0.002076084111,     0.05401401689,                 0,       16.58191083
          0,           0,         580,      -11.99724576,        -12.782693,      -12.49916086,      -11.44746609,             0.448,    0.003253899628,     0.05395587348,                 0,                 0,                 0,    -0.03099816496,    0.002076084111,     0.05401401689,                 0,       16.58191083
          0,           0,         581,      -12.01068515,      -12.79497802,      -12.51118297,        -11.461394,             0.448,    0.003253899627,     0.05395587348,                 0,                 0,                 0,    -0.03099816495,    0.002076084111,     0.05401401689,                 0,       16.58191083
          0,           0,         582,      -12.02413429,       -12.8074435,      -12.52317476,      -11.47531062,             0.448,    0.003253899627,     0.05395587348,                 0,                 0,                 0,    -0.03099816495,     0.00207608411,     0.05401401689,                 0,       16.58191083
          0,           0,         583,      -12.03757484,      -12.82007381,      -12.53514945,      -11.48918776,             0.448,    0.003253899627,     0.05395587349,                 0,                 0,                 0,    -0.03099816494,     0.00207608411,      0.0540140169,                 0,       16.58191084
          0,           0,         584,      -12.05098824,      -12.83290981,       -12.5471195,      -11.50299784,             0.448,    0.003253899627,     0.05395587349,                 0,                 0,                 0,    -0.03099816494,     0.00207608411,      0.0540140169,                 0,       16.58191084
          0,           0,         585,      -12.06435542,      -12.84590499,      -12.55909685,      -11.51671179,             0.448,    0.003253899627,      0.0539558735,                 0,                 0,                 0,    -0.03099816493,    0.002076084109,     0.05401401691,                 0,       16.58191084
          0,           0,         586,      -12.07765804,        -12.859054,      -12.57108868,      -11.53030271,             0.448,    0.003253899627,     0.05395587351,                 0,                 0,                 0,    -0.03099816493,    0.002076084109,     0.05401401692,                 0,       16.58191085
          0,           0,         587,      -12.09087678,      -12.87231427,      -12.58310569,      -11.54374321,             0.448,    0.003253899627,     0.05395587352,                 0,                 0,                 0,    -0.03099816492,    0.002076084109,     0.05401401693,                 0,       16.58191085
          0,           0,         588,      -12.10399511,      -12.88569426,      -12.59515024,      -11.55701028,             0.448,    0.003253899627,     0.05395587353,                 0,                 0,                 0,    -0.03099816492,    0.002076084109,     0.05401401694,                 0,       16.58191085
          0,           0,         589,        -12.116998,      -12.89916308,      -12.60723272,       -11.5700853,             0.448,    0.003253899627,     0.05395587354,                 0,                 0,                 0,    -0.03099816491,    0.002076084109,     0.05401401695,                 0,       16.58191085
          0,           0,         590,      -12.12987385,       -12.9126869,      -12.61935697,      -11.58295453,             0.448,    0.003253899627,     0.05395587355,                 0,                 0,                 0,    -0.03099816491,    0.002076084109,     0.05401401696,                 0,       16.58191086
          0,           0,         591,      -12.14261364,      -12.92623961,      -12.63152254,       -11.5956095,             0.448,    0.003253899627,     0.05395587357,                 0,                 0,                 0,     -0.0309981649,    0.002076084108,     0.05401401698,                 0,       16.58191086
          0,           0,         592,      -12.15521189,      -12.93980376,      -12.64373885,      -11.60804638,             0.448,    0.003253899627,     0.05395587358,                 0,                 0,                 0,     -0.0309981649,    0.002076084108,     0.05401401699,                 0,       16.58191086
          0,           0,         593,      -12.16766685,      -12.95337741,      -12.65600946,      -11.62026794,             0.448,    0.003253899628,     0.05395587359,                 0,                 0,                 0,    -0.03099816489,    0.002076084108,       0.054014017,                 0,       16.58191087
          0,           0,         594,      -12.17997979,      -12.96696529,      -12.66833871,      -11.63228121,             0.448,    0.003253899628,     0.05395587361,                 0,                 0,                 0,    -0.03099816489,    0.002076084108,     0.05401401702,                 0,       16.58191087
          0,           0,         595,      -12.19215493,      -12.98049235,      -12.68073097,      -11.64409773,             0.448,    0.003253899628,     0.05395587362,                 0,                 0,                 0,    -0.03099816488,    0.002076084108,     0.05401401703,                 0,       16.58191087
          0,           0,         596,      -12.20419906,      -12.99401214,      -12.69319194,      -11.65573345,             0.448,    0.003253899629,     0.05395587364,                 0,                 0,                 0,    -0.03099816488,    0.002076084108,     0.05401401705,                 0,       16.58191087
          0,           0,         597,      -12.21612305,      -13.00744952,      -12.70572438,      -11.66720899,             0.448,    0.003253899629,     0.05395587365,                 0,                 0,                 0,    -0.03099816488,    0.002076084108,     0.05401401706,                 0,       16.58191088
          0,           0,         598,      -12.22793967,      -13.02082986,      -12.71832956,      -11.67854708,             0.448,    0.003253899629,     0.05395587366,                 0,                 0,                 0,    -0.03099816487,    0.002076084108,     0.05401401707,                 0,       16.58191088
          0,           0,         599,      -12.23966262,      -13.03416985,      -12.73100658,      -11.68977271,             0.448,     0.00325389963,     0.05395587368,                 0,                 0,                 0,    -0.03099816487,    0.002076084108,     0.05401401709,                 0,       16.58191088
          0,           0,         600,      -12.25131053,        -13.047388,      -12.74375638,       -11.7009163,             0.448,     0.00325389963,     0.05395587369,                 0,                 0,                 0,    -0.03099816487,    0.002076084108,      0.0540140171,                 0,       16.58191089
          0,           0,         601,      -12.26289887,      -13.06062167,        -12.756568,      -11.71200369,             0.448,     0.00325389963,     0.05395587371,                 0,                 0,                 0,    -0.03099816487,    0.002076084108,     0.05401401712,                 0,       16.58191089
          0,           0,         602,      -12.27444893,      -13.07374547,      -12.76944544,      -11.72306619,             0.448,    0.003253899631,     0.05395587372,                 0,                 0,                 0,    -0.03099816487,    0.002076084108,     0.05401401713,                 0,       16.58191089
          0,           0,         603,      -12.28598034,        -13.086841,      -12.78237734,      -11.73413377,             0.448,    0.003253899631,     0.05395587373,                 0,                 0,                 0,    -0.03099816486,    0.002076084108,     0.05401401714,                 0,       16.58191089
          0,           0,         604,       -12.2975132,      -13.09984411,      -12.79536647,       -11.7452356,             0.448,    0.003253899631,     0.05395587374,                 0,                 0,                 0,    -0.03099816486,    0.002076084109,     0.05401401715,                 0,       16.58191089
          0,           0,         605,      -12.30906741,      -13.11285151,      -12.80839778,      -11.75639928,             0.448,    0.003253899632,     0.05395587376,                 0,                 0,                 0,    -0.03099816486,    0.002076084109,     0.05401401717,                 0,        16.5819109
          0,           0,         606,      -12.32066245,      -13.12582682,      -12.82146098,      -11.76765149,             0.448,    0.003253899632,     0.05395587377,                 0,                 0,                 0,    -0.03099816486,    0.002076084109,     0.05401401718,                 0,        16.5819109
          0,           0,         607,      -12.33231626,      -13.13879236,      -12.83454237,      -11.77901651,             0.448,    0.003253899632,     0.05395587378,                 0,                 0,                 0,    -0.03099816486,    0.002076084109,     0.05401401719,                 0,        16.5819109
          0,           0,         608,      -12.34404707,      -13.15169099,      -12.84764131,      -11.79051701,             0.448,    0.003253899632,     0.05395587379,                 0,                 0,                 0,    -0.03099816486,    0.002076084109,      0.0540140172,                 0,        16.5819109
          0,           0,         609,      -12.35587095,      -13.16453519,      -12.86074125,      -11.80217291,             0.448,    0.003253899633,      0.0539558738,                 0,                 0,                 0,    -0.03099816486,    0.002076084109,     0.05401401721,                 0,        16.5819109
          0,           0,         610,      -12.36779981,      -13.17743038,      -12.87382977,      -11.81399883,             0.448,    0.003253899633,     0.05395587381,                 0,                 0,                 0,    -0.03099816486,    0.002076084109,     0.05401401722,                 0,        16.5819109
          0,           0,         611,      -12.37984576,      -13.19034188,      -12.88689365,      -11.82600851,             0.448,    0.003253899633,     0.05395587382,                 0,                 0,                 0,    -0.03099816486,    0.002076084109,     0.05401401723,                 0,       16.58191091
          0,           0,         612,      -12.39201905,      -13.20319056,      -12.89992343,      -11.83821185,             0.448,    0.003253899634,     0.05395587383,                 0,                 0,                 0,    -0.03099816486,    0.002076084109,     0.05401401723,                 0,       16.58191091
          0,           0,         613,       -12.4043259,      -13.21608605,      -12.91291153,      -11.85061451,             0.448,    0.003253899634,     0.05395587383,                 0,                 0,                 0,    -0.03099816486,    0.002076084109,     0.05401401724,                 0,       16.58191091
          0,           0,         614,      -12.41677072,      -13.22897045,      -12.92584249,      -11.86321945,             0.448,    0.003253899634,     0.05395587384,                 0,                 0,                 0,    -0.03099816486,    0.002076084109,     0.05401401725,                 0,       16.58191091
          0,           0,         615,      -12.42935525,      -13.24184518,      -12.93870998,      -11.87602641,             0.448,    0.003253899634,     0.05395587385,                 0,                 0,                 0,    -0.03099816486,    0.002076084109,     0.05401401726,                 0,       16.58191091
          0,           0,         616,      -12.44207835,      -13.25473665,      -12.95150983,      -11.88902888,             0.448,    0.003253899634,     0.05395587385,                 0,                 0,                 0,    -0.03099816486,    0.002076084109,     0.05401401726,                 0,       16.58191091
          0,           0,         617,      -12.45493589,      -13.26767156,      -12.96423737,      -11.90221941,             0.448,    0.003253899634,     0.05395587386,                 0,                 0,                 0,    -0.03099816486,    0.002076084109,     0.05401401727,                 0,       16.58191091
          0,           0,         618,      -12.46792038,      -13.28067385,      -12.97688789,      -11.91558476,             0.448,    0.003253899635,     0.05395587386,                 0,                 0,                 0,    -0.03099816486,    0.002076084109,     0.05401401727,                 0,       16.58191091
          0,           0,         619,      -12.48102399,       -13.2936151,      -12.98946228,      -11.92910876,             0.448,    0.003253899635,     0.05395587386,                 0,                 0,                 0,    -0.03099816486,    0.002076084109,     0.05401401727,                 0,       16.58191091
          0,           0,         620,      -12.49423319,      -13.30659653,      -13.00195598,      -11.94277245,             0.448,    0.003253899635,     0.05395587387,                 0,                 0,                 0,    -0.03099816486,    0.002076084109,     0.05401401728,                 0,       16.58191091
          0,           0,         621,      -12.50753486,      -13.31963524,      -13.01437746,      -11.95655258,             0.448,    0.003253899635,     0.05395587387,                 0,                 0,                 0,    -0.03099816486,    0.002076084109,     0.05401401728,                 0,       16.58191091
          0,           0,         622,      -12.52091182,      -13.33270101,      -13.02672754,        -11.970424,             0.448,    0.003253899635,     0.05395587387,                 0,                 0,                 0,    -0.03099816487,     0.00207608411,     0.05401401728,                 0,       16.58191091
          0,           0,         623,      -12.53434546,      -13.34574346,      -13.03901788,      -11.98435819,             0.448,    0.003253899635,     0.05395587388,                 0,                 0,                 0,    -0.03099816487,     0.00207608411,     0.05401401729,                 0,       16.58191092
          0,           0,         624,      -12.54781735,      -13.35888295,      -13.05124733,      -11.99832696,             0.448,    0.003253899635,     0.05395587388,                 0,                 0,                 0,    -0.03099816487,     0.00207608411,     0.05401401729,                 0,       16.58191092
          0,           0,         625,      -12.56130556,      -13.37202984,      -13.06343278,      -12.01229831,             0.448,    0.003253899635,     0.05395587388,                 0,                 0,                 0,    -0.03099816487,     0.00207608411,     0.05401401729,                 0,       16.58191092
          0,           0,         626,      -12.57478853,      -13.38518441,      -13.07557636,      -12.02623946,             0.448,    0.003253899635,     0.05395587388,                 0,                 0,                 0,    -0.03099816487,     0.00207608411,     0.05401401729,                 0,       16.58191092
          0,           0,         627,      -12.58824842,      -13.39832743,      -13.08769134,       -12.0401239,             0.448,    0.003253899635,     0.05395587388,                 0,                 0,                 0,    -0.03099816487,     0.00207608411,     0.05401401729,                 0,       16.58191092
          0,           0,         628,      -12.60166156,      -13.41148425,      -13.09978323,      -12.05391727,             0.448,    0.003253899635,     0.05395587388,                 0,                 0,                 0,    -0.03099816487,     0.00207608411,     0.05401401729,                 0,       16.58191092
          0,           0,         629,      -12.61500679,      -13.42456802,      -13.11185778,      -12.06758961,             0.448,    0.003253899635,     0.05395587388,                 0,                 0,                 0,    -0.03099816487,     0.00207608411,     0.05401401729,                 0,       16.58191092
          0,           0,         630,      -12.62826169,      -13.43769255,      -13.12392333,      -12.08111099,             0.448,    0.003253899635,     0.05395587388,                 0,                 0,                 0,    -0.03099816487,     0.00207608411,     0.05401401729,                 0,       16.58191091
          0,           0,         631,      -12.64140703,      -13.45070855,      -13.13598457,      -12.09445185,             0.448,    0.003253899635,     0.05395587388,                 0,                 0,                 0,    -0.03099816488,     0.00207608411,     0.05401401729,                 0,       16.58191091
          0,           0,         632,       -12.6544236,      -13.46360682,      -13.14804637,      -12.10759031,             0.448,    0.003253899635,     0.05395587388,                 0,                 0,                 0,    -0.03099816488,     0.00207608411,     0.05401401729,                 0,       16.58191091
          0,           0,         633,      -12.66729544,      -13.47643255,      -13.16010677,      -12.12050569,             0.448,    0.003253899635,     0.05395587387,                 0,                 0,                 0,    -0.03099816488,     0.00207608411,     0.05401401728,                 0,       16.58191091
          0,           0,         634,       -12.6800122,       -13.4890803,      -13.17216971,      -12.13318584,             0.448,    0.003253899635,     0.05395587387,                 0,                 0,                 0,    -0.03099816488,     0.00207608411,     0.05401401728,                 0,       16.58191091
          0,           0,         635,       -12.6925648,      -13.50174393,      -13.18424223,      -12.14562413,             0.448,    0.003253899635,     0.05395587387,                 0,                 0,                 0,    -0.03099816488,     0.00207608411,     0.05401401728,                 0,       16.58191091
          0,           0,         636,      -12.70494626,      -13.51414923,      -13.19632558,      -12.15781551,             0.448,    0.003253899635,     0.05395587387,                 0,                 0,                 0,    -0.03099816488,     0.00207608411,     0.05401401728,                 0,       16.58191091
          0,           0,         637,      -12.71715716,      -13.52650339,      -13.20842826,      -12.16976618,             0.448,    0.003253899635,     0.05395587387,                 0,                 0,                 0,    -0.03099816488,     0.00207608411,     0.05401401728,                 0,       16.58191091
          0,           0,         638,      -12.72920099,      -13.53870789,      -13.22054712,       -12.1814862,             0.448,    0.003253899635,     0.05395587386,                 0,                 0,                 0,    -0.03099816488,     0.00207608411,     0.05401401727,                 0,       16.58191091
          0,           0,         639,      -12.74108077,      -13.55071206,      -13.23269247,      -12.19298644,             0.448,    0.003253899635,     0.05395587386,                 0,                 0,                 0,    -0.03099816488,     0.00207608411,     0.05401401727,                 0,       16.58191091
          0,           0,         640,      -12.75280796,      -13.56267166,      -13.24487113,      -12.20428868,             0.448,    0.003253899635,     0.05395587386,                 0,                 0,                 0,    -0.03099816488,     0.00207608411,     0.05401401727,                 0,       16.58191091
          0,           0,         641,      -12.76439584,      -13.57440769,      -13.25709148,      -12.21541676,             0.448,    0.003253899635,     0.05395587386,                 0,                 0,                 0,    -0.03099816488,     0.00207608411,     0.05401401727,                 0,       16.58191091
          0,           0,         642,      -12.77585563,      -13.58612094,       -13.2693535,      -12.22639215,             0.448,    0.003253899635,     0.05395587386,                 0,                 0,                 0,    -0.03099816488,     0.00207608411,     0.05401401727,                 0,       16.58191091
          0,           0,         643,       -12.7872082,      -13.59773581,      -13.28164576,      -12.23724691,             0.448,    0.003253899635,     0.05395587385,                 0,                 0,                 0,    -0.03099816488,     0.00207608411,     0.05401401726,                 0,       16.58191091
          0,           0,         644,      -12.79847329,      -13.60928004,      -13.29398225,      -12.24801181,             0.448,    0.003253899635,     0.05395587385,                 0,                 0,                 0,    -0.03099816488,     0.00207608411,     0.05401401726,                 0,       16.58191091
          0,           0,         645,      -12.80967043,      -13.62081646,      -13.30637038,      -12.25871749,             0.448,    0.003253899635,     0.05395587385,                 0,                 0,                 0,    -0.03099816488,     0.00207608411,     0.05401401726,                 0,       16.58191091
          0,           0,         646,      -12.82082227,      -13.63238111,      -13.31880145,       -12.2693975,             0.448,    0.003253899635,     0.05395587385,                 0,                 0,                 0,    -0.03099816489,     0.00207608411,     0.05401401726,                 0,       16.58191091
          0,           0,         647,      -12.83195143,      -13.64387732,      -13.33125627,       -12.2800828,             0.448,    0.003253899635,     0.05395587384,                 0,                 0,                 0,    -0.03099816489,     0.00207608411,     0.05401401725,                 0,       16.58191091
          0,           0,         648,      -12.84307807,      -13.65534616,      -13.34376927,      -12.29080293,             0.448,    0.003253899635,     0.05395587384,                 0,                 0,                 0,    -0.03099816489,     0.00207608411,     0.05401401725,                 0,       16.58191091
          0,           0,         649,      -12.85422969,      -13.66698911,      -13.35630968,      -12.30158976,             0.448,    0.003253899635,     0.05395587384,                 0,                 0,                 0,    -0.03099816489,     0.00207608411,     0.05401401725,                 0,       16.58191091
          0,           0,         650,      -12.86542507,      -13.67853671,      -13.36889184,      -12.31247377,             0.448,    0.003253899635,     0.05395587384,                 0,                 0,                 0,    -0.03099816489,     0.00207608411,     0.05401401725,                 0,       16.58191091
          0,           0,         651,      -12.87668078,      -13.69028716,      -13.38149476,      -12.32347325,             0.448,    0.003253899635,     0.05395587384,                 0,                 0,                 0,    -0.03099816489,     0.00207608411,     0.05401401725,                 0,       16.58191091
          0,           0,         652,      -12.88802179,      -13.70207192,       -13.3941056,      -12.33461691,             0.448,    0.003253899635,     0.05395587384,                 0,                 0,                 0,    -0.03099816489,     0.00207608411,     0.05401401724,                 0,       16.58191091
          0,           0,         653,      -12.89946163,      -13.71389194,      -13.40673624,      -12.34592261,             0.448,    0.003253899635,     0.05395587383,                 0,                 0,                 0,    -0.03099816489,     0.00207608411,     0.05401401724,                 0,       16.58191091
          0,           0,         654,      -12.91101536,      -13.72591153,      -13.41937148,      -12.35740716,             0.448,    0.003253899635,     0.05395587383,                 0,                 0,                 0,    -0.03099816489,     0.00207608411,     0.05401401724,                 0,        16.5819109
          0,           0,         655,      -12.92269685,        -13.738131,       -13.4320024,      -12.36908395,             0.448,    0.003253899634,     0.05395587383,                 0,                 0,                 0,    -0.03099816489,     0.00207608411,     0.05401401724,                 0,        16.5819109
          0,           0,         656,      -12.93451362,      -13.75032203,      -13.44462654,      -12.38096184,             0.448,    0.003253899634,     0.05395587383,                 0,                 0,                 0,    -0.03099816489,     0.00207608411,     0.05401401724,                 0,        16.5819109
          0,           0,         657,      -12.94647907,      -13.76263085,      -13.45723279,      -12.39305063,             0.448,    0.003253899634,     0.05395587383,                 0,                 0,                 0,    -0.03099816488,     0.00207608411,     0.05401401724,                 0,        16.5819109
          0,           0,         658,      -12.95859114,      -13.77503027,         -13.46981,        -12.405348,             0.448,    0.003253899634,     0.05395587383,                 0,                 0,                 0,    -0.03099816488,     0.00207608411,     0.05401401724,                 0,        16.5819109
          0,           0,         659,      -12.97085413,       -13.7877762,      -13.48236993,      -12.41785433,             0.448,    0.003253899634,     0.05395587383,                 0,                 0,                 0,    -0.03099816488,     0.00207608411,     0.05401401724,                 0,        16.5819109
          0,           0,         660,      -12.98326709,      -13.80053492,      -13.49489508,      -12.43056304,             0.448,    0.003253899635,     0.05395587382,                 0,                 0,                 0,    -0.03099816488,     0.00207608411,     0.05401401723,                 0,        16.5819109
          0,           0,         661,       -12.9958257,       -13.8133413,      -13.50738475,      -12.44346639,             0.448,    0.003253899635,     0.05395587382,                 0,                 0,                 0,    -0.03099816488,     0.00207608411,     0.05401401723,                 0,        16.5819109
          0,           0,         662,      -13.00852414,      -13.82631702,      -13.51983153,      -12.45655185,             0.448,    0.003253899635,     0.05395587382,                 0,                 0,                 0,    -0.03099816488,     0.00207608411,     0.05401401723,                 0,        16.5819109
