"Time_Iter","Outer_Iter","Inner_Iter",    "rms[Rho]"    ,    "rms[RhoU]"   ,    "rms[RhoV]"   ,    "rms[RhoE]"   ,    "RefForce"    ,       "CD"       ,       "CL"       ,       "CSF"      ,       "CMx"      ,       "CMy"      ,       "CMz"      ,       "CFx"      ,       "CFy"      ,       "CFz"      ,      "CEff"      
          0,           0,           0,      -4.859800554,      -4.770737498,      -5.536545823,      -4.263420472,             0.448,    0.003798473885,    -0.00419569564,                 0,                 0,                 0,    -0.02877684243,    0.003889098569,   -0.004111833907,                 0,      -1.104574039
          0,           0,           1,        -5.1324167,      -4.977332061,      -4.976396318,      -4.531134213,             0.448,    0.003212603492,   -0.002628588403,                 0,                 0,                 0,    -0.03405253044,    0.003269181333,   -0.002557880295,                 0,     -0.8182112763
          0,           0,           2,      -5.076112949,      -5.016769319,      -5.145603294,      -4.491226777,             0.448,    0.003215502643,    0.003076572155,                 0,                 0,                 0,    -0.03341772587,    0.003147622373,    0.003145985834,                 0,      0.9567935393
          0,           0,           3,      -5.091675457,      -5.101306814,      -5.100178396,      -4.503902153,             0.448,     0.00335853541,    0.002214043123,                 0,                 0,                 0,    -0.03186095347,    0.003309437073,    0.002286782304,                 0,      0.6592287568
          0,           0,           4,      -5.081443241,      -5.123096858,      -5.109414446,      -4.498666045,             0.448,    0.003174801338,    0.003118921679,                 0,                 0,                 0,    -0.03189178801,    0.003106006903,    0.003187437386,                 0,      0.9823990062
          0,           0,           5,       -5.10506927,      -5.216221473,      -5.187732191,      -4.532910262,             0.448,    0.003115279772,    0.006517602265,                 0,                 0,                 0,    -0.03133167004,    0.002972357676,    0.006584010722,                 0,        2.09214027
          0,           0,           6,      -5.097111286,      -5.237592693,      -5.234835763,      -4.525782631,             0.448,    0.003052603833,    0.008264580032,                 0,                 0,                 0,    -0.03118220662,    0.002871586533,    0.008329205487,                 0,       2.707387032
          0,           0,           7,      -5.090965309,      -5.225380716,      -5.210526579,      -4.518531787,             0.448,    0.002992364615,    0.009783803323,                 0,                 0,                 0,    -0.03112578361,    0.002778219969,    0.009846753132,                 0,       3.269589298
          0,           0,           8,      -5.096961695,      -5.243044313,      -5.224778485,      -4.527447695,             0.448,    0.002928419227,     0.01175197876,                 0,                 0,                 0,    -0.03093793381,    0.002671354277,     0.01181306523,                 0,       4.013079359
          0,           0,           9,      -5.104528688,      -5.278307988,      -5.279632789,      -4.538385444,             0.448,    0.002847649126,     0.01358037376,                 0,                 0,                 0,    -0.03085645275,     0.00255071717,     0.01363926314,                 0,       4.768977203
          0,           0,          10,      -5.109322902,      -5.309548828,      -5.324123969,      -4.545046697,             0.448,    0.002778074784,     0.01517448662,                 0,                 0,                 0,    -0.03088044701,    0.002446383996,     0.01523147888,                 0,       5.462231149
          0,           0,          11,      -5.113431499,      -5.317698201,      -5.342094602,      -4.550557994,             0.448,    0.002718723288,     0.01660884527,                 0,                 0,                 0,    -0.03098346306,    0.002355756255,     0.01666420146,                 0,       6.109060583
          0,           0,          12,      -5.118886555,      -5.319802946,      -5.356223036,       -4.55735239,             0.448,    0.002660771094,     0.01794188612,                 0,                 0,                 0,    -0.03113577281,    0.002268737719,     0.01799566085,                 0,       6.743115242
          0,           0,          13,      -5.124711787,      -5.329590361,      -5.373856555,      -4.563961501,             0.448,    0.002606517685,     0.01920408538,                 0,                 0,                 0,    -0.03130857602,     0.00218696249,     0.01925637621,                 0,       7.367717274
          0,           0,          14,      -5.128699303,       -5.35022263,      -5.393436731,      -4.568230409,             0.448,    0.002559394776,     0.02036686736,                 0,                 0,                 0,    -0.03150557248,    0.002114484839,      0.0204178535,                 0,       7.957688883
          0,           0,          15,      -5.129575433,      -5.377582546,      -5.415114716,      -4.569494531,             0.448,    0.002518726129,      0.0213941787,                 0,                 0,                 0,    -0.03173638499,    0.002051415191,     0.02144403319,                 0,       8.494047232
          0,           0,          16,      -5.127977794,      -5.404993334,      -5.437140149,      -4.568811028,             0.448,    0.002483242327,     0.02228548861,                 0,                 0,                 0,    -0.03199311989,     0.00199649601,     0.02233435691,                 0,       8.974351141
          0,           0,          17,      -5.125256583,      -5.427577202,       -5.45699894,      -4.567360198,             0.448,    0.002453489975,     0.02305967109,                 0,                 0,                 0,    -0.03225951264,    0.001949862037,     0.02310770611,                 0,        9.39872236
          0,           0,          18,      -5.121877594,      -5.442609293,      -5.475136167,      -4.565113277,             0.448,    0.002430413362,     0.02373122025,                 0,                 0,                 0,    -0.03252602415,    0.001912141148,     0.02377859205,                 0,       9.764273281
          0,           0,          19,      -5.118151963,        -5.4511303,      -5.492966797,      -4.562101227,             0.448,    0.002414125038,     0.02430759428,                 0,                 0,                 0,    -0.03278935713,    0.001883283167,     0.02435447359,                 0,       10.06890442
          0,           0,          20,      -5.114485349,      -5.457412201,      -5.509017657,       -4.55877925,             0.448,    0.002404244568,     0.02479070831,                 0,                 0,                 0,    -0.03304765708,    0.001862865971,     0.02483725712,                 0,       10.31122567
          0,           0,          21,       -5.11120198,      -5.464925006,      -5.521915619,      -4.555651138,             0.448,    0.002400688272,     0.02518716978,                 0,                 0,                 0,    -0.03329675618,    0.001850661761,     0.02523354665,                 0,       10.49164528
          0,           0,          22,      -5.108265324,      -5.475220812,      -5.532536478,      -4.552759861,             0.448,    0.002403445899,     0.02551093637,                 0,                 0,                 0,    -0.03353104486,      0.0018463558,     0.02555729636,                 0,       10.61431688
          0,           0,          23,       -5.10563437,       -5.48781107,      -5.542013215,       -4.55016302,             0.448,    0.002412214122,     0.02577690296,                 0,                 0,                 0,    -0.03374751998,    0.001849319906,     0.02582339093,                 0,       10.68599289
          0,           0,          24,      -5.103478023,      -5.501689355,       -5.55088498,      -4.548038322,             0.448,    0.002426418961,     0.02599579739,                 0,                 0,                 0,    -0.03394506229,    0.001858746208,     0.02604254314,                 0,       10.71364748
          0,           0,          25,      -5.101891326,      -5.516022221,      -5.559525587,      -4.546469551,             0.448,    0.002445627285,     0.02617315137,                 0,                 0,                 0,    -0.03412167925,    0.001874081004,     0.02622027395,                 0,       10.70201969
          0,           0,          26,      -5.100700748,      -5.530505009,      -5.568545377,      -4.545278151,             0.448,     0.00246918916,     0.02631189606,                 0,                 0,                 0,    -0.03427683064,    0.001894610572,     0.02635949962,                 0,       10.65608763
          0,           0,          27,       -5.10066695,      -5.546181175,      -5.579240569,      -4.545289081,             0.448,    0.002496488566,     0.02641896164,                 0,                 0,                 0,    -0.03440950209,    0.001919567858,     0.02646713525,                 0,       10.58244849
          0,           0,          28,      -5.100539679,      -5.562794945,      -5.590290772,      -4.545246524,             0.448,    0.002526670881,     0.02649777785,                 0,                 0,                 0,    -0.03452044379,    0.001948023624,     0.02654659113,                 0,       10.48722968
          0,           0,          29,      -5.099332592,      -5.581315629,      -5.602572405,      -4.544068576,             0.448,    0.002558378084,     0.02656994381,                 0,                 0,                 0,    -0.03461168737,     0.00197814899,     0.02661943161,                 0,       10.38546413
          0,           0,          30,        -5.0970217,      -5.601033173,      -5.616554234,      -4.541688063,             0.448,    0.002590999093,     0.02663859882,                 0,                 0,                 0,    -0.03468421743,    0.002009264534,     0.02668878191,                 0,       10.28120731
          0,           0,          31,      -5.094147587,      -5.621251264,      -5.631805239,      -4.538685844,             0.448,    0.002623988256,     0.02669686384,                 0,                 0,                 0,    -0.03473830853,    0.002040974803,     0.02674775271,                 0,       10.17415523
          0,           0,          32,      -5.091829037,      -5.641227847,      -5.648740719,      -4.536189864,             0.448,    0.002656811007,     0.02674904916,                 0,                 0,                 0,    -0.03477505911,    0.002072651326,     0.02680064163,                 0,       10.06810386
          0,           0,          33,      -5.090508742,      -5.659735773,      -5.667216594,      -4.534601911,             0.448,    0.002688801666,     0.02679477049,                 0,                 0,                 0,     -0.0347954266,    0.002103636966,     0.02684704996,                 0,       9.965320546
          0,           0,          34,      -5.090771459,      -5.676953735,       -5.68710528,      -4.534604201,             0.448,    0.002719130271,     0.02684166398,                 0,                 0,                 0,    -0.03480180745,    0.002132935378,     0.02689459391,                 0,       9.871415234
          0,           0,          35,       -5.09303222,      -5.692327571,      -5.708394024,      -4.536730858,             0.448,    0.002747306096,     0.02689574329,                 0,                 0,                 0,    -0.03479580043,    0.002159924764,       0.026949275,                 0,       9.789860449
          0,           0,          36,      -5.097940537,       -5.70691123,      -5.730173811,        -4.5415331,             0.448,       0.002773007,     0.02695706955,                 0,                 0,                 0,     -0.0347790774,    0.002184281727,     0.02701114733,                 0,       9.721241074
          0,           0,          37,      -5.106162928,      -5.723008715,      -5.750802621,      -4.549620604,             0.448,    0.002796173627,     0.02701851632,                 0,                 0,                 0,    -0.03475236684,    0.002206102386,     0.02707308485,                 0,       9.662674755
          0,           0,          38,      -5.117783099,       -5.74057696,      -5.770456939,      -4.561122645,             0.448,    0.002816733496,     0.02707958936,                 0,                 0,                 0,    -0.03471645487,    0.002225325061,     0.02713459187,                 0,       9.613827293
          0,           0,          39,      -5.132705532,      -5.759132111,      -5.788758298,      -4.575929874,             0.448,    0.002834423381,     0.02714317703,                 0,                 0,                 0,    -0.03467455762,    0.002241623578,      0.0271985503,                 0,       9.576260629
          0,           0,          40,      -5.150946431,      -5.780041115,      -5.804440375,      -4.593952643,             0.448,    0.002849368649,     0.02720058689,                 0,                 0,                 0,     -0.0346269897,    0.002255312901,     0.02725627253,                 0,       9.546180308
          0,           0,          41,      -5.173078621,      -5.803635551,      -5.817779543,      -4.616004409,             0.448,    0.002861400294,      0.0272600372,                 0,                 0,                 0,    -0.03457507957,     0.00226604478,     0.02731597117,                 0,       9.526817084
          0,           0,          42,      -5.197405589,      -5.827577179,      -5.829435281,      -4.640302583,             0.448,     0.00287037071,     0.02732467088,                 0,                 0,                 0,    -0.03452120045,    0.002273603086,     0.02738078516,                 0,       9.519561632
          0,           0,          43,      -5.223765624,      -5.852616723,      -5.841629775,      -4.666566398,             0.448,    0.002876480037,      0.0273884335,                 0,                 0,                 0,    -0.03446709976,    0.002278319985,     0.02744466588,                 0,       9.521510022
          0,           0,          44,      -5.251944974,      -5.878271302,      -5.855668683,      -4.694664853,             0.448,    0.002880094577,     0.02744796411,                 0,                 0,                 0,    -0.03441325047,    0.002280635011,     0.02750426117,                 0,       9.530230128
          0,           0,          45,       -5.28103247,      -5.902162487,      -5.871511504,      -4.723670708,             0.448,    0.002881346527,     0.02751068563,                 0,                 0,                 0,    -0.03436032157,      0.0022805184,     0.02756699508,                 0,       9.547857355
          0,           0,          46,      -5.310803717,      -5.923587889,      -5.889538875,      -4.753350453,             0.448,    0.002880435531,     0.02757910328,                 0,                 0,                 0,    -0.03430926141,    0.002278115098,     0.02763537657,                 0,       9.574629595
          0,           0,          47,      -5.341477943,      -5.943383511,      -5.909822064,      -4.784032856,             0.448,    0.002877651025,     0.02765177116,                 0,                 0,                 0,     -0.0342608365,    0.002273746013,     0.02770796641,                 0,       9.609146808
          0,           0,          48,       -5.37237556,      -5.962088609,      -5.931390554,      -4.815003757,             0.448,    0.002873360151,     0.02772600939,                 0,                 0,                 0,    -0.03421536924,    0.002267836662,     0.02778209338,                 0,       9.649333163
          0,           0,          49,      -5.403262332,      -5.980256861,      -5.953729473,      -4.846030154,             0.448,    0.002867833468,     0.02780078469,                 0,                 0,                 0,    -0.03417364617,    0.002260680079,     0.02785673032,                 0,       9.694002461
          0,           0,          50,      -5.433895814,      -5.998630979,       -5.97630881,      -4.876909449,             0.448,    0.002861356578,     0.02787428146,                 0,                 0,                 0,    -0.03413563658,    0.002252601407,      0.0279300683,                 0,       9.741631531
          0,           0,          51,       -5.46374894,      -6.017182765,      -5.998752567,      -4.907134536,             0.448,    0.002854086562,     0.02794583386,                 0,                 0,                 0,    -0.03410215497,    0.002243772214,     0.02800144507,                 0,       9.791515866
          0,           0,          52,      -5.492532656,        -6.0366502,      -6.020607328,      -4.936367063,             0.448,    0.002846225569,     0.02801684119,                 0,                 0,                 0,    -0.03407318178,    0.002234364074,     0.02807226403,                 0,       9.843506959
          0,           0,          53,      -5.520079006,      -6.057334019,      -6.042753842,      -4.964424722,             0.448,    0.002837982881,     0.02808637341,                 0,                 0,                 0,    -0.03404853949,    0.002224606511,     0.02814159988,                 0,       9.896597189
          0,           0,          54,      -5.546131422,      -6.078537457,      -6.065130466,      -4.991054111,             0.448,    0.002829550649,     0.02815359129,                 0,                 0,                 0,     -0.0340280868,    0.002214709936,     0.02820861782,                 0,        9.94984532
          0,           0,          55,      -5.570429114,      -6.099938043,      -6.087185583,      -5.015957894,             0.448,     0.00282105429,     0.02822006595,                 0,                 0,                 0,     -0.0340116711,    0.002204765461,     0.02827489131,                 0,       10.00337571
          0,           0,          56,      -5.592878504,      -6.121906071,      -6.107931601,      -5.038982034,             0.448,    0.002812586325,     0.02828594155,                 0,                 0,                 0,    -0.03399911205,    0.002194862442,     0.02834056651,                 0,       10.05691498
          0,           0,          57,      -5.613455862,      -6.144021804,      -6.127748577,      -5.060072029,             0.448,    0.002804248827,      0.0283506098,                 0,                 0,                 0,    -0.03399013282,    0.002185116198,     0.02840503748,                 0,       10.10987667
          0,           0,          58,      -5.632276563,      -6.165611505,       -6.14673216,      -5.079333698,             0.448,    0.002796121471,     0.02841413872,                 0,                 0,                 0,    -0.03398434925,    0.002175604901,     0.02846837399,                 0,       10.16198295
          0,           0,          59,      -5.649424574,      -6.186448996,      -6.165017899,      -5.096847853,             0.448,    0.002788214797,     0.02847675878,                 0,                 0,                 0,    -0.03398138069,    0.002166334058,     0.02853080667,                 0,       10.21325861
          0,           0,          60,      -5.665137126,      -6.206551558,      -6.182560377,      -5.112857916,             0.448,    0.002780536718,     0.02853816947,                 0,                 0,                 0,    -0.03398101362,    0.002157318139,     0.02859203525,                 0,       10.26354706
          0,           0,          61,      -5.679723626,      -6.225860307,      -6.199225444,        -5.1276706,             0.448,    0.002773125162,     0.02859844819,                 0,                 0,                 0,     -0.0339828156,    0.002148593374,     0.02865213794,                 0,       10.31271454
          0,           0,          62,      -5.693545633,      -6.244150625,      -6.214966396,      -5.141652875,             0.448,    0.002765983814,     0.02865727739,                 0,                 0,                 0,    -0.03398643234,    0.002140170373,     0.02871079735,                 0,       10.36060921
          0,           0,          63,      -5.706922934,      -6.261285564,       -6.22976913,      -5.155139705,             0.448,     0.00275917888,     0.02871503465,                 0,                 0,                 0,    -0.03399128878,     0.00213210709,     0.02876839242,                 0,       10.40709425
          0,           0,          64,      -5.720165599,       -6.27719521,      -6.243699155,      -5.168456212,             0.448,    0.002752690126,     0.02877127153,                 0,                 0,                 0,    -0.03399723575,    0.002124393079,     0.02882447437,                 0,       10.45205607
          0,           0,          65,      -5.733568177,      -6.292004621,      -6.256905308,      -5.181905056,             0.448,    0.002746607812,     0.02882621428,                 0,                 0,                 0,    -0.03400377649,    0.002117113644,     0.02887927136,                 0,       10.49520581
          0,           0,          66,       -5.74737089,      -6.305913258,      -6.269586576,      -5.195736436,             0.448,    0.002741022227,     0.02888041365,                 0,                 0,                 0,    -0.03401040352,    0.002110347035,     0.02893333598,                 0,       10.53636609
          0,           0,          67,      -5.761724576,      -6.319242012,       -6.28199655,      -5.210119083,             0.448,    0.002735942019,     0.02893382029,                 0,                 0,                 0,     -0.0340169722,    0.002104102976,     0.02898661908,                 0,       10.57545083
          0,           0,          68,      -5.776816282,      -6.332349042,      -6.293906759,      -5.225257515,             0.448,    0.002731392465,      0.0289863992,                 0,                 0,                 0,    -0.03402331378,    0.002098407501,     0.02903908624,                 0,       10.61231572
          0,           0,          69,      -5.792767551,      -6.345389791,      -6.305253593,      -5.241268303,             0.448,    0.002727400701,      0.0290381587,                 0,                 0,                 0,    -0.03402928442,     0.00209328756,     0.02909074634,                 0,       10.64682527
          0,           0,          70,      -5.809567021,      -6.358404643,      -6.316502551,      -5.258141636,             0.448,    0.002723996642,     0.02908916529,                 0,                 0,                 0,    -0.03403479586,    0.002088771608,     0.02914166653,                 0,       10.67885505
          0,           0,          71,      -5.827156134,      -6.371548839,      -6.327966808,      -5.275821722,             0.448,     0.00272118374,     0.02913899735,                 0,                 0,                 0,    -0.03403984754,    0.002084872295,     0.02919142537,                 0,       10.70820648
          0,           0,          72,      -5.845401061,      -6.385056284,      -6.339836603,      -5.294173992,             0.448,     0.00271897236,     0.02918765366,                 0,                 0,                 0,    -0.03404437374,     0.00208160001,     0.02924002186,                 0,       10.73481073
          0,           0,          73,      -5.864137989,      -6.399129759,      -6.351922948,      -5.313027571,             0.448,    0.002717373345,     0.02923491958,                 0,                 0,                 0,    -0.03404834241,    0.002078970274,     0.02928724165,                 0,       10.75852151
          0,           0,          74,       -5.88329415,      -6.414022568,      -6.364078802,      -5.332302972,             0.448,    0.002716386887,      0.0292811508,                 0,                 0,                 0,    -0.03405174044,    0.002076975522,     0.02933344034,                 0,       10.77944785
          0,           0,          75,      -5.902483794,      -6.429776655,      -6.376528663,      -5.351594622,             0.448,    0.002716017311,     0.02932641524,                 0,                 0,                 0,    -0.03405450936,    0.002075618596,     0.02937868595,                 0,       10.79758038
          0,           0,          76,      -5.921457347,      -6.446429064,      -6.389350482,      -5.370656522,             0.448,    0.002716230644,     0.02937024249,                 0,                 0,                 0,      -0.034056729,    0.002074875791,     0.02942250742,                 0,       10.81286766
          0,           0,          77,      -5.939951537,      -6.464109093,      -6.402692986,      -5.389211942,             0.448,    0.002717003055,     0.02941257031,                 0,                 0,                 0,    -0.03405838756,    0.002074724642,     0.02946484202,                 0,       10.82537256
          0,           0,          78,      -5.957663207,      -6.482960092,      -6.416709266,      -5.406944847,             0.448,    0.002718320185,     0.02945347541,                 0,                 0,                 0,    -0.03405942709,    0.002075149118,     0.02950576612,                 0,       10.83517518
          0,           0,          79,      -5.974324527,      -6.503019841,      -6.431380063,      -5.423582772,             0.448,     0.00272012736,     0.02949275296,                 0,                 0,                 0,    -0.03405990453,    0.002076099028,     0.02954507375,                 0,        10.8424162
          0,           0,          80,      -5.989769238,      -6.524220586,      -6.446503871,      -5.438959638,             0.448,    0.002722368013,     0.02953034474,                 0,                 0,                 0,    -0.03405984975,    0.002077519088,     0.02958270546,                 0,        10.8473008
          0,           0,          81,      -6.003838137,      -6.546401397,      -6.461989208,       -5.45291575,             0.448,    0.002724989939,     0.02956628254,                 0,                 0,                 0,    -0.03405925843,    0.002079356411,     0.02961869191,                 0,         10.850052
          0,           0,          82,      -6.016509512,      -6.569426192,      -6.477890292,      -5.465443152,             0.448,    0.002727927824,     0.02960059596,                 0,                 0,                 0,     -0.0340581461,    0.002081545053,     0.02965306125,                 0,       10.85094543
          0,           0,          83,       -6.02787304,      -6.593195125,      -6.494285127,      -5.476639902,             0.448,    0.002731118097,     0.02963332731,                 0,                 0,                 0,    -0.03405652164,    0.002084020536,     0.02968585441,                 0,       10.85025483
          0,           0,          84,      -6.038074137,      -6.617519515,      -6.510851505,      -5.486665097,             0.448,    0.002734501022,     0.02966449639,                 0,                 0,                 0,    -0.03405440183,    0.002086722706,     0.02971708986,                 0,       10.84823013
          0,           0,          85,       -6.04739153,      -6.641974874,      -6.527078509,       -5.49581538,             0.448,    0.002738019216,     0.02969416185,                 0,                 0,                 0,    -0.03405180309,    0.002089592914,     0.02974682502,                 0,       10.84512544
          0,           0,          86,      -6.056102894,      -6.666117686,      -6.542821551,      -5.504359792,             0.448,    0.002741606219,     0.02972232885,                 0,                 0,                 0,     -0.0340488052,    0.002092564604,     0.02977506356,                 0,       10.84121003
          0,           0,          87,      -6.064473671,      -6.689514166,      -6.558406002,      -5.512571749,             0.448,     0.00274518146,     0.02974893203,                 0,                 0,                 0,    -0.03404551296,     0.00209555865,      0.0298017384,                 0,       10.83678163
          0,           0,          88,      -6.072698196,      -6.712077842,      -6.573770795,      -5.520651696,             0.448,    0.002748666944,     0.02977382835,                 0,                 0,                 0,    -0.03404204012,    0.002098500193,     0.02982670484,                 0,       10.83209751
          0,           0,          89,      -6.081017802,      -6.733632401,      -6.588876175,        -5.5288415,             0.448,    0.002752046097,      0.0297974561,                 0,                 0,                 0,    -0.03403827942,    0.002101363105,     0.02985040068,                 0,       10.82738263
          0,           0,          90,      -6.089733321,      -6.754117037,       -6.60349274,      -5.537441483,             0.448,    0.002755271628,     0.02981979384,                 0,                 0,                 0,    -0.03403425489,    0.002104100573,     0.02987280347,                 0,       10.82281454
          0,           0,          91,      -6.099027677,      -6.772997382,      -6.617540281,      -5.546656239,             0.448,    0.002758280389,     0.02984098391,                 0,                 0,                 0,    -0.03403008046,    0.002106646359,     0.02989405414,                 0,       10.81869125
          0,           0,          92,      -6.109093023,      -6.790354583,      -6.631052583,      -5.556663356,             0.448,    0.002761033306,      0.0298611672,                 0,                 0,                 0,    -0.03402581375,    0.002108958325,     0.02991429268,                 0,       10.81521441
          0,           0,          93,       -6.12011692,      -6.806912672,      -6.644090635,      -5.567613999,             0.448,    0.002763519841,     0.02988036379,                 0,                 0,                 0,    -0.03402147352,    0.002111025497,     0.02993353894,                 0,       10.81242962
          0,           0,          94,      -6.132155137,      -6.822828838,      -6.656833818,      -5.579583535,             0.448,    0.002765731067,     0.02989873729,                 0,                 0,                 0,    -0.03401704653,    0.002112835381,     0.02995195631,                 0,       10.81042826
          0,           0,          95,      -6.145301669,      -6.837883526,      -6.669622191,      -5.592677724,             0.448,    0.002767658182,       0.029916505,                 0,                 0,                 0,    -0.03401252121,    0.002114374437,     0.02996976183,                 0,       10.80932075
          0,           0,          96,      -6.159621046,      -6.852013065,      -6.682518567,      -5.606960502,             0.448,    0.002769294594,     0.02993378721,                 0,                 0,                 0,    -0.03400792002,     0.00211563345,     0.02998707562,                 0,       10.80917403
          0,           0,          97,         -6.175172,      -6.865321033,      -6.695579163,      -5.622488849,             0.448,    0.002770637918,     0.02995064077,                 0,                 0,                 0,    -0.03400328628,    0.002116608797,     0.03000395447,                 0,       10.81001619
          0,           0,          98,      -6.191943252,      -6.878009477,      -6.709010637,      -5.639244997,             0.448,    0.002771683686,     0.02996706149,                 0,                 0,                 0,    -0.03399868266,    0.002117296099,      0.0300203941,                 0,       10.81186199
          0,           0,          99,      -6.209916288,      -6.890499933,      -6.722871964,      -5.657214069,             0.448,    0.002772443253,     0.02998318348,                 0,                 0,                 0,     -0.0339941116,    0.002117703786,     0.03003652883,                 0,       10.81471495
          0,           0,         100,      -6.229062078,      -6.903126748,      -6.737254618,      -5.676372461,             0.448,    0.002772928833,     0.02999907176,                 0,                 0,                 0,    -0.03398960033,    0.002117842649,     0.03005242392,                 0,       10.81855092
          0,           0,         101,      -6.249324032,      -6.916048859,      -6.752251473,      -5.696660175,             0.448,    0.002773155435,       0.030014822,                 0,                 0,                 0,    -0.03398516719,    0.002117725608,     0.03006817535,                 0,       10.82334644
          0,           0,         102,      -6.270578732,      -6.929462762,      -6.767940849,      -5.717950419,             0.448,    0.002773141646,     0.03003057627,                 0,                 0,                 0,    -0.03398080261,    0.002117368145,     0.03008392557,                 0,       10.82908127
          0,           0,         103,      -6.292696796,      -6.943437854,      -6.784407715,      -5.740114909,             0.448,    0.002772902006,     0.03004636374,                 0,                 0,                 0,    -0.03397653736,    0.002116784159,     0.03009970406,                 0,       10.83571063
          0,           0,         104,      -6.315498063,      -6.958036257,      -6.801684245,      -5.762967879,             0.448,    0.002772455379,     0.03006219479,                 0,                 0,                 0,    -0.03397240189,    0.002115992286,     0.03011552159,                 0,       10.84316632
          0,           0,         105,      -6.338711758,       -6.97345448,      -6.819905652,      -5.786230195,             0.448,    0.002771831587,     0.03007817851,                 0,                 0,                 0,    -0.03396839067,     0.00211501996,      0.0301314879,                 0,       10.85137302
          0,           0,         106,      -6.362074344,      -6.989778941,      -6.838973624,      -5.809638715,             0.448,    0.002771054443,     0.03009432788,                 0,                 0,                 0,    -0.03396453085,    0.002113890704,     0.03014761648,                 0,       10.86024418
          0,           0,         107,      -6.385295525,       -7.00692553,      -6.858716052,       -5.83289929,             0.448,    0.002770143291,     0.03011062422,                 0,                 0,                 0,    -0.03396085367,    0.002112624266,     0.03016388906,                 0,       10.86969917
          0,           0,         108,      -6.408084719,      -7.024699051,       -6.87909701,      -5.855717704,             0.448,    0.002769125275,     0.03012710853,                 0,                 0,                 0,    -0.03395736246,    0.002111246889,     0.03018034724,                 0,        10.8796481
          0,           0,         109,      -6.430165954,      -7.043009948,      -6.899997586,      -5.877815887,             0.448,     0.00276802264,      0.0301437443,                 0,                 0,                 0,    -0.03395409389,    0.002109781609,       0.030196955,                 0,       10.88999196
          0,           0,         110,      -6.451268039,        -7.0619504,      -6.921254518,      -5.898921632,             0.448,    0.002766855872,      0.0301604761,                 0,                 0,                 0,    -0.03395108528,    0.002108250116,     0.03021365737,                 0,       10.90063144
          0,           0,         111,      -6.471174169,      -7.081548752,      -6.942504307,      -5.918819071,             0.448,    0.002765643313,     0.03017726258,                 0,                 0,                 0,    -0.03394835527,    0.002106671651,      0.0302304134,                 0,       10.91148032
          0,           0,         112,       -6.48976146,      -7.101663769,       -6.96347206,      -5.937384288,             0.448,    0.002764402737,      0.0301940609,                 0,                 0,                 0,    -0.03394591466,    0.002105064916,     0.03024718066,                 0,        10.9224537
          0,           0,         113,       -6.50701673,      -7.122120558,      -6.983914262,      -5.954608348,             0.448,    0.002763154478,     0.03021085315,                 0,                 0,                 0,    -0.03394375467,    0.002103450634,     0.03026394168,                 0,       10.93346514
          0,           0,         114,      -6.523009764,      -7.142825673,      -7.003521777,      -5.970570914,             0.448,    0.002761916855,     0.03022759053,                 0,                 0,                 0,    -0.03394187315,    0.002101848182,     0.03028064808,                 0,       10.94442451
          0,           0,         115,      -6.537854952,      -7.163531137,       -7.02201451,      -5.985388997,             0.448,     0.00276070391,      0.0302442128,                 0,                 0,                 0,    -0.03394027099,    0.002100272912,     0.03029723994,                 0,       10.95525409
          0,           0,         116,       -6.55181244,      -7.184145189,      -7.039383134,      -5.999334063,             0.448,    0.002759531406,     0.03026069099,                 0,                 0,                 0,    -0.03393893887,    0.002098741217,     0.03031368863,                 0,       10.96588027
          0,           0,         117,       -6.56516887,      -7.204402006,      -7.055510514,      -6.012695046,             0.448,      0.0027584071,     0.03027691508,                 0,                 0,                 0,    -0.03393789798,    0.002097263253,     0.03032988433,                 0,       10.97623156
          0,           0,         118,      -6.578223064,       -7.22408004,        -7.0704961,      -6.025770407,             0.448,    0.002757338896,     0.03029282806,                 0,                 0,                 0,    -0.03393714217,    0.002095848163,     0.03034577022,                 0,       10.98625494
          0,           0,         119,       -6.59126064,      -7.242945242,      -7.084463876,      -6.038846736,             0.448,    0.002756340965,     0.03030842021,                 0,                 0,                 0,    -0.03393664196,    0.002094510328,     0.03036133689,                 0,       10.99588933
          0,           0,         120,      -6.604521718,      -7.260804052,      -7.097533946,      -6.052162569,             0.448,    0.002755421381,     0.03032365631,                 0,                 0,                 0,    -0.03393638182,     0.00209325859,      0.0303765493,                 0,       11.00508856
          0,           0,         121,      -6.618163556,      -7.277532872,      -7.109854474,      -6.065875626,             0.448,    0.002754583704,     0.03033847942,                 0,                 0,                 0,    -0.03393635481,    0.002092097747,     0.03039135061,                 0,       11.01381649
          0,           0,         122,      -6.632321379,      -7.293006244,      -7.121578329,      -6.080126516,             0.448,    0.002753831424,     0.03035283713,                 0,                 0,                 0,    -0.03393654876,    0.002091032434,      0.0304056885,                 0,       11.02203892
          0,           0,         123,      -6.647083758,      -7.307166917,      -7.132882298,      -6.095008797,             0.448,    0.002753169949,     0.03036670299,                 0,                 0,                 0,    -0.03393693753,    0.002090068634,     0.03041953662,                 0,       11.02972339
          0,           0,         124,      -6.662450957,      -7.320108347,      -7.144039832,      -6.110516036,             0.448,    0.002752601744,     0.03038006007,                 0,                 0,                 0,    -0.03393749324,    0.002089209181,     0.03043287813,                 0,       11.03685273
          0,           0,         125,      -6.678386916,      -7.331973854,       -7.15524188,      -6.126607322,             0.448,    0.002752128807,     0.03039287812,                 0,                 0,                 0,     -0.0339381904,    0.002088456733,     0.03044568281,                 0,       11.04340685
          0,           0,         126,      -6.694791242,      -7.342928773,      -7.166758923,      -6.143178013,             0.448,    0.002751747452,     0.03040509716,                 0,                 0,                 0,    -0.03393901855,    0.002087808912,     0.03045789062,                 0,       11.04937778
          0,           0,         127,      -6.711537744,      -7.353205316,      -7.178595789,      -6.160103977,             0.448,    0.002751456157,     0.03041668017,                 0,                 0,                 0,    -0.03393995842,    0.002087265004,     0.03046946453,                 0,       11.05475735
          0,           0,         128,      -6.728446939,      -7.362957368,      -7.190838764,      -6.177201514,             0.448,    0.002751256092,     0.03042764096,                 0,                 0,                 0,    -0.03394097248,    0.002086825878,     0.03048041834,                 0,       11.05954515
          0,           0,         129,      -6.745310212,      -7.372410114,      -7.203572646,      -6.194252533,             0.448,    0.002751144131,     0.03043797094,                 0,                 0,                 0,    -0.03394203584,    0.002086488596,     0.03049074342,                 0,       11.06375002
          0,           0,         130,      -6.761839065,      -7.381839362,      -7.216746446,      -6.210958408,             0.448,     0.00275111613,     0.03044766344,                 0,                 0,                 0,    -0.03394312378,    0.002086249161,     0.03050043301,                 0,       11.06738575
          0,           0,         131,      -6.777717433,      -7.391473715,      -7.230231124,      -6.226995071,             0.448,    0.002751168477,     0.03045673724,                 0,                 0,                 0,    -0.03394420585,    0.002086103552,     0.03050950579,                 0,       11.07047333
          0,           0,         132,      -6.792670942,      -7.401459295,      -7.243966888,      -6.242080451,             0.448,     0.00275129547,     0.03046520396,                 0,                 0,                 0,    -0.03394526036,    0.002086045815,     0.03051797326,                 0,       11.07303969
          0,           0,         133,      -6.806437772,       -7.41194912,      -7.257776688,      -6.255941877,             0.448,    0.002751490454,     0.03047307685,                 0,                 0,                 0,    -0.03394627049,    0.002086069006,     0.03052584853,                 0,       11.07511633
          0,           0,         134,      -6.818813169,      -7.423100596,      -7.271572651,      -6.268362816,             0.448,    0.002751746471,       0.030480382,                 0,                 0,                 0,    -0.03394721826,    0.002086165601,     0.03053315752,                 0,       11.07674065
          0,           0,         135,      -6.829696144,      -7.435015737,      -7.285192718,      -6.279237675,             0.448,    0.002752056826,      0.0304871505,                 0,                 0,                 0,    -0.03394808506,    0.002086328228,     0.03053993118,                 0,       11.07795094
          0,           0,         136,      -6.839066812,      -7.447713553,      -7.298507068,      -6.288543753,             0.448,    0.002752415218,     0.03049341486,                 0,                 0,                 0,    -0.03394885418,    0.002086549879,     0.03054620187,                 0,       11.07878443
          0,           0,         137,      -6.846998388,      -7.461176244,      -7.311390051,      -6.296353981,             0.448,    0.002752814068,     0.03049922604,                 0,                 0,                 0,    -0.03394950761,    0.002086821863,     0.03055202037,                 0,       11.07929024
          0,           0,         138,      -6.853659782,      -7.475362983,      -7.323760814,      -6.302844527,             0.448,    0.002753245457,     0.03050460719,                 0,                 0,                 0,    -0.03395004135,    0.002087135761,     0.03055740965,                 0,       11.07950877
          0,           0,         139,       -6.85927644,      -7.490185762,      -7.335535993,      -6.308251344,             0.448,    0.002753702904,     0.03050959001,                 0,                 0,                 0,    -0.03395045056,    0.002087484399,     0.03056240127,                 0,       11.07947773
          0,           0,         140,      -6.864115048,      -7.505551234,      -7.346619705,      -6.312851318,             0.448,    0.002754180147,     0.03051422212,                 0,                 0,                 0,    -0.03395072626,     0.00208786048,     0.03056704268,                 0,       11.07923973
          0,           0,         141,      -6.868487033,      -7.521274556,      -7.357037187,      -6.316966225,             0.448,     0.00275467105,     0.03051853376,                 0,                 0,                 0,    -0.03395086855,    0.002088257207,       0.030571364,                 0,       11.07883054
          0,           0,         142,       -6.87270748,      -7.537173729,      -7.366935465,      -6.320919122,             0.448,    0.002755169411,     0.03052255956,                 0,                 0,                 0,    -0.03395087746,    0.002088667628,     0.03057539972,                 0,       11.07828776
          0,           0,         143,      -6.877057458,       -7.55310005,      -7.376435708,      -6.324998978,             0.448,    0.002755667305,     0.03052632183,                 0,                 0,                 0,    -0.03395076101,     0.00208908333,     0.03057917196,                 0,       11.07765142
          0,           0,         144,      -6.881779093,      -7.568858335,      -7.385624795,      -6.329454847,             0.448,    0.002756159766,     0.03052985851,                 0,                 0,                 0,     -0.0339505213,    0.002089498522,     0.03058271854,                 0,       11.07695529
          0,           0,         145,      -6.887093813,      -7.584241977,      -7.394615342,      -6.334515043,             0.448,      0.0027566411,      0.0305331947,                 0,                 0,                 0,    -0.03395016661,    0.002089906962,     0.03058606443,                 0,       11.07623139
          0,           0,         146,      -6.893200102,      -7.599034715,      -7.403553756,      -6.340381193,             0.448,    0.002757107665,     0.03053636797,                 0,                 0,                 0,    -0.03394970052,    0.002090304192,     0.03058924713,                 0,       11.07550799
          0,           0,         147,      -6.900248355,       -7.61313656,      -7.412631966,      -6.347205646,             0.448,    0.002757555893,     0.03053940938,                 0,                 0,                 0,    -0.03394912944,    0.002090685964,     0.03059229759,                 0,       11.07481065
          0,           0,         148,        -6.9083619,      -7.626435193,      -7.422044895,      -6.355113183,             0.448,       0.002757982,     0.03054234142,                 0,                 0,                 0,    -0.03394846343,    0.002091048008,     0.03059523823,                 0,       11.07416271
          0,           0,         149,      -6.917636119,       -7.63890353,      -7.431988379,       -6.36419866,             0.448,    0.002758381033,      0.0305451677,                 0,                 0,                 0,    -0.03394772002,    0.002091385291,     0.03059807255,                 0,       11.07358532
          0,           0,         150,      -6.928144118,      -7.650603784,      -7.442597265,      -6.374536287,             0.448,    0.002758751704,     0.03054791967,                 0,                 0,                 0,    -0.03394690507,    0.002091695841,     0.03060083194,                 0,       11.07309499
          0,           0,         151,      -6.939925844,      -7.661636144,      -7.453883724,      -6.386169217,             0.448,    0.002759093012,     0.03055062549,                 0,                 0,                 0,    -0.03394602491,     0.00209197804,     0.03060354456,                 0,       11.07270591
          0,           0,         152,      -6.953013166,      -7.671994646,      -7.465898914,      -6.399129163,             0.448,    0.002759402663,     0.03055329806,                 0,                 0,                 0,     -0.0339450924,    0.002092229315,     0.03060622325,                 0,        11.0724319
          0,           0,         153,      -6.967407755,      -7.681801828,      -7.478760292,      -6.413413839,             0.448,    0.002759679213,     0.03055594828,                 0,                 0,                 0,    -0.03394411948,    0.002092447985,     0.03060887888,                 0,       11.07228266
          0,           0,         154,       -6.98309576,      -7.691265979,      -7.492579494,      -6.429009787,             0.448,    0.002759922533,     0.03055859155,                 0,                 0,                 0,    -0.03394311505,    0.002092633585,     0.03061152683,                 0,       11.07226423
          0,           0,         155,      -7.000039398,      -7.700580722,      -7.507450769,      -6.445879563,             0.448,    0.002760132632,      0.0305612415,                 0,                 0,                 0,    -0.03394208773,    0.002092785825,     0.03061418073,                 0,       11.07238151
          0,           0,         156,       -7.01819836,      -7.709939435,      -7.523340369,      -6.463982488,             0.448,    0.002760309345,     0.03056390778,                 0,                 0,                 0,    -0.03394104681,    0.002092904332,     0.03061685023,                 0,       11.07263859
          0,           0,         157,      -7.037492028,      -7.719540946,      -7.540253111,      -6.483236521,             0.448,     0.00276045212,     0.03056658877,                 0,                 0,                 0,    -0.03394000508,    0.002092988587,     0.03061953369,                 0,       11.07303711
          0,           0,         158,      -7.057832895,      -7.729557016,       -7.55810435,      -6.503555365,             0.448,    0.002760561801,     0.03056929408,                 0,                 0,                 0,    -0.03393896952,    0.002093039226,     0.03062224075,                 0,       11.07357715
          0,           0,         159,      -7.079104766,      -7.740125953,      -7.576771923,      -6.524823777,             0.448,    0.002760639327,      0.0305720292,                 0,                 0,                 0,    -0.03393794736,    0.002093057068,     0.03062497691,                 0,       11.07425693
          0,           0,         160,      -7.101170883,      -7.751326143,      -7.596209535,      -6.546904383,             0.448,    0.002760685893,     0.03057479303,                 0,                 0,                 0,    -0.03393694752,    0.002093043329,      0.0306277411,                 0,       11.07507127
          0,           0,         161,       -7.12384994,      -7.763288433,      -7.616393653,      -6.569615239,             0.448,    0.002760703216,      0.0305775871,                 0,                 0,                 0,      -0.033935977,    0.002092999697,     0.03063053488,                 0,       11.07601386
          0,           0,         162,      -7.146935742,       -7.77615635,      -7.637204673,      -6.592750427,             0.448,    0.002760692707,     0.03058040975,                 0,                 0,                 0,    -0.03393504337,    0.002092927613,     0.03063335663,                 0,       11.07707847
          0,           0,         163,      -7.170197736,      -7.790022876,      -7.658457161,      -6.616076939,             0.448,    0.002760655872,     0.03058325373,                 0,                 0,                 0,    -0.03393415506,    0.002092828746,     0.03063619913,                 0,       11.07825645
          0,           0,         164,      -7.193387635,      -7.804929658,      -7.679918243,      -6.639344103,             0.448,    0.002760594719,     0.03058611326,                 0,                 0,                 0,    -0.03393331801,    0.002092705228,     0.03063905665,                 0,        11.0795377
          0,           0,         165,       -7.21625202,      -7.820872805,      -7.701328133,      -6.662296498,             0.448,    0.002760511573,      0.0305889822,                 0,                 0,                 0,    -0.03393253693,    0.002092559517,     0.03064192309,                 0,       11.08091069
          0,           0,         166,      -7.238540031,      -7.837827678,      -7.722433301,      -6.684680138,             0.448,    0.002760408833,     0.03059185174,                 0,                 0,                 0,     -0.0339318165,    0.002092394201,     0.03064478971,                 0,       11.08236265
          0,           0,         167,      -7.260011698,      -7.855769795,      -7.742984724,      -6.706251853,             0.448,    0.002760289331,     0.03059471535,                 0,                 0,                 0,    -0.03393115935,    0.002092212259,     0.03064765003,                 0,       11.08387987
          0,           0,         168,      -7.280475974,      -7.874638391,      -7.762722473,       -6.72681855,             0.448,    0.002760154628,     0.03059755518,                 0,                 0,                 0,    -0.03393057228,    0.002092015637,     0.03065048625,                 0,       11.08544966
          0,           0,         169,      -7.299770108,      -7.894349631,      -7.781521309,      -6.746212936,             0.448,    0.002760007479,     0.03060036225,                 0,                 0,                 0,    -0.03393005687,    0.002091807287,     0.03065328944,                 0,       11.08705773
          0,           0,         170,      -7.317860176,       -7.91479702,      -7.799207164,      -6.764402738,             0.448,    0.002759850873,     0.03060312833,                 0,                 0,                 0,    -0.03392961298,    0.002091590377,     0.03065605145,                 0,       11.08868911
          0,           0,         171,      -7.334775062,      -7.935858906,      -7.815563322,      -6.781412185,             0.448,      0.0027596879,     0.03060584761,                 0,                 0,                 0,     -0.0339292392,    0.002091368122,     0.03065876652,                 0,       11.09032931
          0,           0,         172,       -7.35061002,      -7.957333666,      -7.830540281,      -6.797330215,             0.448,    0.002759521049,     0.03060851199,                 0,                 0,                 0,    -0.03392893473,    0.002091143188,     0.03066142662,                 0,        11.0919654
          0,           0,         173,      -7.365518824,      -7.979005932,      -7.844181606,      -6.812309595,             0.448,     0.00275935227,     0.03061111185,                 0,                 0,                 0,    -0.03392869899,    0.002090917733,     0.03066402219,                 0,       11.09358605
          0,           0,         174,      -7.379701374,      -8.000633993,      -7.856612028,       -6.82655433,             0.448,    0.002759183716,     0.03061363808,                 0,                 0,                 0,    -0.03392853015,    0.002090694109,     0.03066654414,                 0,       11.09517931
          0,           0,         175,      -7.393395768,      -8.021919616,      -7.868036378,        -6.8403056,             0.448,    0.002759017331,      0.0306160818,                 0,                 0,                 0,    -0.03392842584,    0.002090474455,     0.03066898365,                 0,       11.09673414
          0,           0,         176,      -7.406844912,       -8.04255495,      -7.878749822,      -6.853806961,             0.448,    0.002758855088,     0.03061843721,                 0,                 0,                 0,    -0.03392838212,    0.002090260868,     0.03067133496,                 0,       11.09824048
          0,           0,         177,      -7.420276534,       -8.06225187,      -7.889063047,      -6.867288003,             0.448,    0.002758698776,     0.03062069949,                 0,                 0,                 0,    -0.03392839451,    0.002090055241,     0.03067359329,                 0,       11.09968937
          0,           0,         178,       -7.43388901,      -8.080761638,       -7.89923968,      -6.880950444,             0.448,     0.00275854989,      0.0306228641,                 0,                 0,                 0,    -0.03392845849,     0.00208985917,     0.03067575414,                 0,       11.10107314
          0,           0,         179,      -7.447856135,      -8.097868202,      -7.909501413,      -6.894971745,             0.448,    0.002758409744,     0.03062492749,                 0,                 0,                 0,    -0.03392856922,    0.002089674044,     0.03067781398,                 0,       11.10238519
          0,           0,         180,      -7.462308332,       -8.11342093,      -7.920047456,      -6.909484152,             0.448,     0.00275827947,     0.03062688705,                 0,                 0,                 0,    -0.03392872165,    0.002089501055,     0.03067977023,                 0,       11.10361999
          0,           0,         181,      -7.477332438,      -8.127370213,      -7.931075581,       -6.92457689,             0.448,    0.002758160007,     0.03062874092,                 0,                 0,                 0,    -0.03392891067,    0.002089341178,     0.03068162106,                 0,       11.10477305
          0,           0,         182,      -7.492967586,      -8.139779656,      -7.942750392,      -6.940291649,             0.448,    0.002758052054,     0.03063048727,                 0,                 0,                 0,    -0.03392913132,    0.002089195154,     0.03068336464,                 0,       11.10584089
          0,           0,         183,      -7.509209298,      -8.150800263,      -7.955181236,      -6.956626557,             0.448,    0.002757955826,     0.03063212135,                 0,                 0,                 0,    -0.03392938005,    0.002089063301,     0.03068499623,                 0,       11.10682088
          0,           0,         184,      -7.525978263,       -8.16066673,      -7.968386963,      -6.973502879,             0.448,    0.002757871946,     0.03063364449,                 0,                 0,                 0,    -0.03392965102,    0.002088946214,     0.03068651718,                 0,       11.10771098
          0,           0,         185,      -7.543182677,      -8.169656883,      -7.982464406,      -6.990826427,             0.448,    0.002757800933,     0.03063506018,                 0,                 0,                 0,     -0.0339299379,    0.002088844335,     0.03068793097,                 0,       11.10851034
          0,           0,         186,      -7.560684234,      -8.178117808,      -7.997469057,       -7.00845696,             0.448,    0.002757742931,     0.03063637064,                 0,                 0,                 0,    -0.03393023523,     0.00208875776,     0.03068923985,                 0,       11.10921917
          0,           0,         187,      -7.578273519,      -8.186391604,      -8.013307486,      -7.026186213,             0.448,    0.002757697876,     0.03063757849,                 0,                 0,                 0,    -0.03393053779,    0.002088686366,     0.03069044644,                 0,       11.10983867
          0,           0,         188,      -7.595710805,      -8.194732776,      -8.029796691,      -7.043775243,             0.448,    0.002757665563,     0.03063868576,                 0,                 0,                 0,    -0.03393084107,    0.002088629905,     0.03069155274,                 0,       11.11037037
          0,           0,         189,      -7.612747104,      -8.203389291,      -8.046776749,      -7.060970023,             0.448,    0.002757645585,     0.03063969522,                 0,                 0,                 0,    -0.03393114092,    0.002088587911,     0.03069256153,                 0,       11.11081692
          0,           0,         190,      -7.629118367,      -8.212606601,      -8.064092305,      -7.077500209,             0.448,     0.00275763746,     0.03064061113,                 0,                 0,                 0,    -0.03393143322,    0.002088559808,     0.03069347704,                 0,       11.11118179
          0,           0,         191,      -7.644532788,      -8.222586737,      -8.081588933,      -7.093060647,             0.448,    0.002757640476,     0.03064143787,                 0,                 0,                 0,    -0.03393171453,    0.002088544788,     0.03069430365,                 0,       11.11146944
          0,           0,         192,      -7.658751488,      -8.233507047,      -8.099123912,      -7.107400037,             0.448,    0.002757653826,     0.03064218055,                 0,                 0,                 0,    -0.03393198185,    0.002088541933,     0.03069504645,                 0,       11.11168497
          0,           0,         193,      -7.671581236,      -8.245481546,      -8.116493418,      -7.120316521,             0.448,    0.002757676688,     0.03064284512,                 0,                 0,                 0,    -0.03393223239,    0.002088550292,     0.03069571136,                 0,       11.11183383
          0,           0,         194,      -7.682906915,      -8.258545131,      -8.133434783,       -7.13168821,             0.448,    0.002757708162,     0.03064343775,                 0,                 0,                 0,    -0.03393246377,    0.002088568831,     0.03069630453,                 0,       11.11192191
          0,           0,         195,      -7.692713524,      -8.272689504,      -8.149678416,      -7.141494498,             0.448,    0.002757747289,     0.03064396478,                 0,                 0,                 0,      -0.033932674,    0.002088596452,     0.03069683228,                 0,       11.11195536
          0,           0,         196,      -7.701083086,      -8.287896906,      -8.164995933,       -7.14981548,             0.448,    0.002757793073,     0.03064443259,                 0,                 0,                 0,    -0.03393286141,    0.002088632019,     0.03069730098,                 0,       11.11194052
          0,           0,         197,      -7.708184916,      -8.304131976,      -8.179223046,      -7.156822976,             0.448,    0.002757844398,     0.03064484623,                 0,                 0,                 0,    -0.03393302524,    0.002088674309,     0.03069771565,                 0,       11.11188371
          0,           0,         198,      -7.714267881,      -8.321319098,      -8.192270218,      -7.162770103,             0.448,     0.00275790043,      0.0306452131,                 0,                 0,                 0,    -0.03393316408,    0.002088722323,     0.03069808365,                 0,       11.11179098
          0,           0,         199,      -7.719593456,      -8.339387931,      -8.204127938,      -7.167923215,             0.448,    0.002757960223,     0.03064553972,                 0,                 0,                 0,     -0.0339332773,    0.002088774977,     0.03069841149,                 0,       11.11166849
          0,           0,         200,      -7.724457177,      -8.358224268,      -8.214797295,      -7.172592002,             0.448,    0.002758022682,     0.03064583144,                 0,                 0,                 0,    -0.03393336516,    0.002088831058,     0.03069870451,                 0,       11.11152263
          0,           0,         201,      -7.729170863,      -8.377647336,      -8.224391599,       -7.17709887,             0.448,    0.002758086869,     0.03064609389,                 0,                 0,                 0,    -0.03393342786,    0.002088889504,      0.0306989683,                 0,       11.11135919
          0,           0,         202,      -7.734042327,      -8.397430962,      -8.233166924,      -7.181757167,             0.448,    0.002758151676,     0.03064632999,                 0,                 0,                 0,    -0.03393346694,    0.002088949145,     0.03069920576,                 0,       11.11118372
          0,           0,         203,      -7.739339968,      -8.417353568,      -8.241422978,      -7.186837305,             0.448,    0.002758216375,      0.0306465459,                 0,                 0,                 0,     -0.0339334828,    0.002089009119,     0.03069942303,                 0,       11.11100136
          0,           0,         204,      -7.745270899,      -8.437256368,      -8.249310651,      -7.192554432,             0.448,    0.002758280304,     0.03064674732,                 0,                 0,                 0,    -0.03393347606,    0.002089068638,     0.03069962579,                 0,       11.11081686
          0,           0,         205,      -7.752021529,      -8.456809962,      -8.256954024,      -7.199103883,             0.448,    0.002758342796,     0.03064693885,                 0,                 0,                 0,    -0.03393344787,    0.002089126938,     0.03069981864,                 0,       11.11063458
          0,           0,         206,      -7.759759317,      -8.475652031,      -8.264577018,      -7.206653233,             0.448,    0.002758403228,     0.03064712433,                 0,                 0,                 0,    -0.03393339966,    0.002089183309,     0.03070000539,                 0,       11.11045841
          0,           0,         207,      -7.768608653,      -8.493544295,      -8.272489772,      -7.215323141,             0.448,    0.002758460987,     0.03064730669,                 0,                 0,                 0,    -0.03393333328,    0.002089237076,     0.03070018897,                 0,       11.11029187
          0,           0,         208,      -7.778664629,      -8.510351606,      -8.280940398,       -7.22521083,             0.448,    0.002758515742,      0.0306474903,                 0,                 0,                 0,    -0.03393324983,    0.002089287813,     0.03070037373,                 0,        11.1101379
          0,           0,         209,      -7.789994871,      -8.525958826,      -8.290125787,      -7.236388803,             0.448,    0.002758567174,     0.03064767855,                 0,                 0,                 0,    -0.03393315075,    0.002089335126,     0.03070056305,                 0,         11.109999
          0,           0,         210,       -7.80267664,      -8.540288739,      -8.300173792,      -7.248935069,             0.448,    0.002758615001,     0.03064787427,                 0,                 0,                 0,     -0.0339330376,    0.002089378672,     0.03070075978,                 0,       11.10987733
          0,           0,         211,      -7.816721298,      -8.553306522,      -8.311326419,       -7.26285365,             0.448,    0.002758658909,      0.0306480793,                 0,                 0,                 0,     -0.0339329123,    0.002089418097,     0.03070096572,                 0,       11.10977483
          0,           0,         212,      -7.832130698,      -8.565168535,      -8.323622887,      -7.278149588,             0.448,    0.002758698621,     0.03064829498,                 0,                 0,                 0,    -0.03393277687,    0.002089453093,     0.03070118221,                 0,       11.10969308
          0,           0,         213,      -7.848890816,      -8.576037722,      -8.337071274,      -7.294811148,             0.448,    0.002758734001,      0.0306485229,                 0,                 0,                 0,      -0.033932633,    0.002089483494,     0.03070141085,                 0,       11.10963322
          0,           0,         214,      -7.866979102,      -8.586090697,      -8.351701388,      -7.312814758,             0.448,    0.002758764981,     0.03064876441,                 0,                 0,                 0,    -0.03393248232,    0.002089509198,     0.03070165298,                 0,       11.10959601
          0,           0,         215,      -7.886353884,      -8.595553016,      -8.367567529,      -7.332117563,             0.448,    0.002758791508,     0.03064902041,                 0,                 0,                 0,    -0.03393232655,    0.002089530134,     0.03070190949,                 0,       11.10958197
          0,           0,         216,      -7.906949994,      -8.604681968,      -8.384717405,        -7.3526545,             0.448,    0.002758813569,     0.03064929145,                 0,                 0,                 0,    -0.03393216735,    0.002089546277,     0.03070218094,                 0,       11.10959138
          0,           0,         217,      -7.928679387,      -8.613743726,      -8.403166442,      -7.374337708,             0.448,     0.00275883119,     0.03064957777,                 0,                 0,                 0,     -0.0339320064,    0.002089557647,     0.03070246758,                 0,       11.10962421
          0,           0,         218,      -7.951428528,       -8.62299402,      -8.422891566,       -7.39705338,             0.448,    0.002758844436,     0.03064987923,                 0,                 0,                 0,     -0.0339318453,    0.002089564314,     0.03070276927,                 0,       11.10968014
          0,           0,         219,      -7.975055969,      -8.632660698,      -8.443832853,      -7.420659313,             0.448,    0.002758853414,     0.03065019533,                 0,                 0,                 0,    -0.03393168566,    0.002089566395,     0.03070308548,                 0,       11.10975856
          0,           0,         220,      -7.999379616,      -8.642918161,      -8.465919181,      -7.444972921,             0.448,    0.002758858193,     0.03065052442,                 0,                 0,                 0,    -0.03393152932,    0.002089563993,      0.0307034146,                 0,        11.1098586
          0,           0,         221,      -8.024164873,      -8.653926586,      -8.489033751,      -7.469759897,             0.448,    0.002758858978,     0.03065086541,                 0,                 0,                 0,    -0.03393137773,    0.002089557339,     0.03070375553,                 0,       11.10997904
          0,           0,         222,      -8.049178779,      -8.665834651,        -8.5130216,      -7.494790898,             0.448,    0.002758856081,     0.03065121755,                 0,                 0,                 0,    -0.03393123192,    0.002089546761,     0.03070410752,                 0,       11.11011834
          0,           0,         223,      -8.074155787,      -8.678737042,      -8.537723339,      -7.519796775,             0.448,    0.002758849795,     0.03065157937,                 0,                 0,                 0,    -0.03393109299,    0.002089532583,     0.03070446912,                 0,       11.11027481
          0,           0,         224,      -8.098778728,      -8.692728002,      -8.562938329,      -7.544454663,             0.448,    0.002758840489,     0.03065194977,                 0,                 0,                 0,    -0.03393096167,    0.002089515199,     0.03070483922,                 0,       11.11044654
          0,           0,         225,      -8.122744768,      -8.707838122,      -8.588334177,      -7.568462282,             0.448,    0.002758828404,     0.03065232654,                 0,                 0,                 0,    -0.03393083905,    0.002089494898,     0.03070521564,                 0,       11.11063178
          0,           0,         226,      -8.145765479,      -8.724065584,      -8.613606882,      -7.591528304,             0.448,    0.002758813822,     0.03065270755,                 0,                 0,                 0,    -0.03393072597,    0.002089472007,     0.03070559625,                 0,       11.11082862
          0,           0,         227,       -8.16760251,      -8.741439298,      -8.638419365,      -7.613411742,             0.448,    0.002758797113,     0.03065309116,                 0,                 0,                 0,    -0.03393062286,    0.002089446935,     0.03070597939,                 0,       11.11103495
          0,           0,         228,      -8.188088918,      -8.759963893,      -8.662381894,      -7.633946151,             0.448,    0.002758778662,      0.0306534758,                 0,                 0,                 0,    -0.03393053001,    0.002089420097,     0.03070636354,                 0,       11.11124869
          0,           0,         229,      -8.207128551,      -8.779570829,      -8.685129109,      -7.653032494,             0.448,     0.00275875881,     0.03065385961,                 0,                 0,                 0,     -0.0339304477,    0.002089391876,     0.03070674683,                 0,       11.11146777
          0,           0,         230,       -8.22472769,      -8.800158507,      -8.706347675,      -7.670673689,             0.448,    0.002758737899,     0.03065424077,                 0,                 0,                 0,    -0.03393037606,    0.002089362655,     0.03070712744,                 0,       11.11169016
          0,           0,         231,      -8.240985914,      -8.821597919,      -8.725787525,      -7.686968676,             0.448,    0.002758716268,     0.03065461754,                 0,                 0,                 0,    -0.03393031509,     0.00208933281,     0.03070750365,                 0,       11.11191386
          0,           0,         232,      -8.256087438,      -8.843706449,       -8.74328196,      -7.702102443,             0.448,    0.002758694235,     0.03065498817,                 0,                 0,                 0,    -0.03393026467,    0.002089302698,     0.03070787371,                 0,       11.11213696
          0,           0,         233,      -8.270266799,      -8.866245548,      -8.758814281,      -7.716307255,             0.448,    0.002758672097,     0.03065535092,                 0,                 0,                 0,    -0.03393022461,    0.002089272652,     0.03070823589,                 0,       11.11235762
          0,           0,         234,      -8.283830182,      -8.888934466,      -8.772446023,       -7.72989267,             0.448,    0.002758650167,     0.03065570456,                 0,                 0,                 0,    -0.03393019445,    0.002089243012,     0.03070858897,                 0,       11.11257416
          0,           0,         235,      -8.297093695,      -8.911428819,      -8.784417165,      -7.743176818,             0.448,    0.002758628687,     0.03065604764,                 0,                 0,                 0,    -0.03393017381,    0.002089214053,     0.03070893149,                 0,       11.11278505
          0,           0,         236,      -8.310361535,       -8.93339371,      -8.795103975,      -7.756463716,             0.448,    0.002758607929,     0.03065637923,                 0,                 0,                 0,    -0.03393016206,    0.002089186066,     0.03070926255,                 0,       11.11298888
          0,           0,         237,      -8.323907054,      -8.954487097,      -8.804912984,      -7.770026878,             0.448,     0.00275858813,     0.03065669857,                 0,                 0,                 0,    -0.03393015849,    0.002089159306,     0.03070958139,                 0,        11.1131844
          0,           0,         238,      -8.337948137,      -8.974401912,      -8.814193631,      -7.784086671,             0.448,    0.002758569471,     0.03065700482,                 0,                 0,                 0,    -0.03393016245,     0.00208913397,     0.03070988716,                 0,       11.11337059
          0,           0,         239,      -8.352663028,      -8.992845483,      -8.823248904,      -7.798824997,             0.448,    0.002758552105,     0.03065729727,                 0,                 0,                 0,    -0.03393017329,    0.002089110229,     0.03071017916,                 0,       11.11354657
          0,           0,         240,      -8.368190625,      -9.009579922,      -8.832382133,      -7.814382511,             0.448,    0.002758536166,     0.03065757536,                 0,                 0,                 0,    -0.03393019027,    0.002089088227,     0.03071045684,                 0,       11.11371159
          0,           0,         241,      -8.384615703,      -9.024501777,       -8.84189713,      -7.830844791,             0.448,    0.002758521765,     0.03065783869,                 0,                 0,                 0,    -0.03393021265,    0.002089068085,     0.03071071979,                 0,       11.11386507
          0,           0,         242,      -8.401963072,      -9.037657252,      -8.852048484,      -7.848238731,             0.448,    0.002758508991,     0.03065808699,                 0,                 0,                 0,    -0.03393023966,    0.002089049897,     0.03071096776,                 0,       11.11400655
          0,           0,         243,      -8.420198821,      -9.049208815,      -8.863005743,       -7.86653315,             0.448,    0.002758497906,     0.03065832008,                 0,                 0,                 0,    -0.03393027055,     0.00208903373,     0.03071120055,                 0,       11.11413571
          0,           0,         244,       -8.43923108,      -9.059400748,      -8.874863082,      -7.885638189,             0.448,    0.002758488551,     0.03065853787,                 0,                 0,                 0,    -0.03393030454,    0.002089019627,     0.03071141807,                 0,       11.11425235
          0,           0,         245,      -8.458907335,      -9.068532597,       -8.88766959,      -7.905402565,             0.448,    0.002758480941,     0.03065874033,                 0,                 0,                 0,    -0.03393034091,    0.002089007602,     0.03071162033,                 0,       11.11435641
          0,           0,         246,      -8.479010547,      -9.076935783,      -8.901447853,      -7.925610025,             0.448,    0.002758475067,     0.03065892757,                 0,                 0,                 0,    -0.03393037891,    0.002088997645,      0.0307118074,                 0,       11.11444796
          0,           0,         247,      -8.499257802,      -9.084952357,      -8.916194353,      -7.945977685,             0.448,    0.002758470898,     0.03065909979,                 0,                 0,                 0,    -0.03393041784,     0.00208898972,     0.03071197948,                 0,       11.11452719
          0,           0,         248,      -8.519304482,      -9.092914868,      -8.931872359,      -7.966159501,             0.448,     0.00275846838,      0.0306592573,                 0,                 0,                 0,    -0.03393045705,    0.002088983766,      0.0307121369,                 0,       11.11459443
          0,           0,         249,      -8.538756647,      -9.101127818,        -8.9484064,      -7.985758036,             0.448,    0.002758467435,     0.03065940051,                 0,                 0,                 0,    -0.03393049592,    0.002088979697,     0.03071228005,                 0,       11.11465016
          0,           0,         250,      -8.557198764,      -9.109849525,      -8.965677294,      -8.004352255,             0.448,    0.002758467962,      0.0306595299,                 0,                 0,                 0,    -0.03393053394,    0.002088977402,     0.03071240942,                 0,       11.11469494
          0,           0,         251,      -8.574245399,      -9.119299378,       -8.98352936,      -8.021550725,             0.448,    0.002758469867,     0.03065964626,                 0,                 0,                 0,    -0.03393057057,    0.002088976768,      0.0307125258,                 0,       11.11472945
          0,           0,         252,      -8.589519893,      -9.129649107,      -9.001769354,      -8.036961332,             0.448,    0.002758473049,     0.03065975053,                 0,                 0,                 0,    -0.03393060529,    0.002088977674,     0.03071263011,                 0,       11.11475443
          0,           0,         253,      -8.602738164,      -9.141021832,      -9.020140429,      -8.050289913,             0.448,    0.002758477385,     0.03065984359,                 0,                 0,                 0,    -0.03393063772,    0.002088979979,     0.03071272325,                 0,       11.11477069
          0,           0,         254,      -8.613769496,      -9.153489756,      -9.038365606,      -8.061401081,             0.448,    0.002758482745,     0.03065992637,                 0,                 0,                 0,    -0.03393066752,    0.002088983532,     0.03071280613,                 0,       11.11477911
          0,           0,         255,      -8.622645005,       -9.16709523,      -9.056190214,      -8.070319952,             0.448,    0.002758488995,      0.0306599998,                 0,                 0,                 0,    -0.03393069444,    0.002088988178,     0.03071287967,                 0,       11.11478054
          0,           0,         256,      -8.629543371,      -9.181849607,      -9.073375655,      -8.077220818,             0.448,    0.002758496002,      0.0306600648,                 0,                 0,                 0,    -0.03393071825,    0.002088993766,      0.0307129448,                 0,       11.11477587
          0,           0,         257,      -8.634766514,      -9.197719062,      -9.089688523,      -8.082406556,             0.448,    0.002758503632,     0.03066012231,                 0,                 0,                 0,    -0.03393073881,    0.002089000139,     0.03071300247,                 0,       11.11476598
          0,           0,         258,      -8.638704867,      -9.214619437,      -9.104925862,      -8.086272409,             0.448,    0.002758511754,     0.03066017326,                 0,                 0,                 0,    -0.03393075599,    0.002089007148,     0.03071305359,                 0,       11.11475172
          0,           0,         259,      -8.641798128,      -9.232426541,      -9.118965048,      -8.089264799,             0.448,     0.00275852024,     0.03066021854,                 0,                 0,                 0,    -0.03393076975,    0.002089014644,     0.03071309904,                 0,       11.11473394
          0,           0,         260,      -8.644480228,      -9.250978573,      -9.131758972,      -8.091823253,             0.448,    0.002758528965,       0.030660259,                 0,                 0,                 0,     -0.0339307801,    0.002089022484,     0.03071313968,                 0,       11.11471345
          0,           0,         261,      -8.647158099,      -9.270076875,      -9.143376113,      -8.094361677,             0.448,    0.002758537811,     0.03066029546,                 0,                 0,                 0,    -0.03393078707,    0.002089030533,     0.03071317633,                 0,       11.11469103
          0,           0,         262,      -8.650190682,      -9.289503493,      -9.153961954,       -8.09724591,             0.448,    0.002758546665,     0.03066032868,                 0,                 0,                 0,    -0.03393079076,     0.00208903866,     0.03071320973,                 0,        11.1146674
          0,           0,         263,      -8.653882201,      -9.309021981,      -9.163705663,       -8.10078555,             0.448,    0.002758555422,     0.03066035937,                 0,                 0,                 0,     -0.0339307913,    0.002089046746,      0.0307132406,                 0,       11.11464324
          0,           0,         264,      -8.658481989,      -9.328379042,       -9.17282815,      -8.105233814,             0.448,    0.002758563986,     0.03066038817,                 0,                 0,                 0,    -0.03393078884,    0.002089054679,     0.03071326959,                 0,       11.11461917
          0,           0,         265,      -8.664188847,      -9.347319063,      -9.181570619,      -8.110792544,             0.448,    0.002758572273,      0.0306604157,                 0,                 0,                 0,    -0.03393078355,    0.002089062364,     0.03071329729,                 0,       11.11459577
          0,           0,         266,      -8.671159198,      -9.365606369,      -9.190191312,      -8.117620683,             0.448,    0.002758580207,     0.03066044251,                 0,                 0,                 0,    -0.03393077564,    0.002089069711,     0.03071332426,                 0,       11.11457351
          0,           0,         267,      -8.679503103,       -9.38302492,      -9.198930691,      -8.125828995,             0.448,    0.002758587725,     0.03066046908,                 0,                 0,                 0,    -0.03393076533,    0.002089076647,     0.03071335099,                 0,       11.11455286
          0,           0,         268,      -8.689298461,      -9.399404815,      -9.208022888,      -8.135496527,             0.448,    0.002758594769,     0.03066049584,                 0,                 0,                 0,    -0.03393075283,    0.002089083107,      0.0307133779,                 0,       11.11453418
          0,           0,         269,      -8.700595671,      -9.414651176,      -9.217679484,      -8.146674805,             0.448,    0.002758601295,     0.03066052318,                 0,                 0,                 0,     -0.0339307384,    0.002089089034,     0.03071340538,                 0,        11.1145178
          0,           0,         270,      -8.713421861,      -9.428744437,      -9.228080649,      -8.159391595,             0.448,    0.002758607264,     0.03066055143,                 0,                 0,                 0,    -0.03393072228,    0.002089094386,     0.03071343375,                 0,       11.11450399
          0,           0,         271,      -8.727784005,      -9.441734567,      -9.239374766,      -8.173654257,             0.448,    0.002758612648,     0.03066058087,                 0,                 0,                 0,     -0.0339307047,    0.002089099126,      0.0307134633,                 0,       11.11449296
          0,           0,         272,      -8.743670251,      -9.453735606,       -9.25168031,      -8.189451305,             0.448,    0.002758617425,     0.03066061173,                 0,                 0,                 0,    -0.03393068591,    0.002089103229,     0.03071349425,                 0,        11.1144849
          0,           0,         273,      -8.761050243,      -9.464914485,      -9.265087498,      -8.206752786,             0.448,    0.002758621581,      0.0306606442,                 0,                 0,                 0,    -0.03393066614,    0.002089106676,     0.03071352681,                 0,       11.11447993
          0,           0,         274,       -8.77987447,      -9.475474931,      -9.279659538,      -8.225509602,             0.448,    0.002758625109,     0.03066067844,                 0,                 0,                 0,    -0.03393064563,    0.002089109456,     0.03071356112,                 0,       11.11447813
          0,           0,         275,      -8.800072519,      -9.485641448,      -9.295433874,      -8.245651764,             0.448,    0.002758628008,     0.03066071456,                 0,                 0,                 0,    -0.03393062462,    0.002089111566,      0.0307135973,                 0,       11.11447954
          0,           0,         276,      -8.821550302,      -9.495645619,      -9.312423183,      -8.267085637,             0.448,    0.002758630282,     0.03066075262,                 0,                 0,                 0,    -0.03393060331,    0.002089113009,     0.03071363539,                 0,       11.11448418
          0,           0,         277,      -8.844186325,      -9.505715807,      -9.330615878,      -8.289690235,             0.448,    0.002758631941,     0.03066079263,                 0,                 0,                 0,    -0.03393058194,    0.002089113795,     0.03071367543,                 0,         11.114492
          0,           0,         278,      -8.867827263,      -9.516069864,      -9.349976343,      -8.313312784,             0.448,    0.002758633001,     0.03066083457,                 0,                 0,                 0,    -0.03393056071,     0.00208911394,     0.03071371739,                 0,       11.11450293
          0,           0,         279,      -8.892283428,      -9.526909311,      -9.370444924,      -8.337764118,             0.448,    0.002758633483,     0.03066087836,                 0,                 0,                 0,    -0.03393053984,    0.002089113467,     0.03071376118,                 0,       11.11451686
          0,           0,         280,      -8.917325119,      -9.538414696,      -9.391937101,      -8.362814921,             0.448,    0.002758633417,     0.03066092388,                 0,                 0,                 0,    -0.03393051951,    0.002089112408,     0.03071380669,                 0,       11.11453363
          0,           0,         281,      -8.942681304,      -9.550741587,      -9.414340745,      -8.388194315,             0.448,    0.002758632837,     0.03066097098,                 0,                 0,                 0,    -0.03393049992,      0.0020891108,     0.03071385376,                 0,       11.11455304
          0,           0,         282,      -8.968042501,      -9.564017644,      -9.437510822,      -8.413592677,             0.448,    0.002758631781,     0.03066101946,                 0,                 0,                 0,    -0.03393048121,    0.002089108687,      0.0307139022,                 0,       11.11457487
          0,           0,         283,      -8.993069807,       -9.57834069,      -9.461262027,      -8.438670653,             0.448,    0.002758630293,     0.03066106911,                 0,                 0,                 0,    -0.03393046352,    0.002089106116,      0.0307139518,                 0,       11.11459886
          0,           0,         284,      -9.017411539,      -9.593777404,      -9.485361522,      -8.463075786,             0.448,     0.00275862842,     0.03066111969,                 0,                 0,                 0,    -0.03393044699,     0.00208910314,     0.03071400234,                 0,       11.11462474
          0,           0,         285,      -9.040727696,       -9.61036215,      -9.509525252,      -8.486466963,             0.448,     0.00275862621,     0.03066117097,                 0,                 0,                 0,    -0.03393043171,    0.002089099812,     0.03071405356,                 0,       11.11465223
          0,           0,         286,      -9.062720465,      -9.628095578,      -9.533421862,      -8.508544825,             0.448,    0.002758623712,     0.03066122268,                 0,                 0,                 0,    -0.03393041776,    0.002089096187,      0.0307141052,                 0,       11.11468104
          0,           0,         287,      -9.083166435,      -9.646942205,      -9.556687414,      -8.529083899,             0.448,    0.002758620977,     0.03066127457,                 0,                 0,                 0,    -0.03393040521,     0.00208909232,     0.03071415701,                 0,       11.11471087
          0,           0,         288,      -9.101944225,      -9.666827477,       -9.57895171,      -8.547960194,             0.448,    0.002758618055,     0.03066132637,                 0,                 0,                 0,    -0.03393039409,    0.002089088269,     0.03071420874,                 0,       11.11474142
          0,           0,         289,      -9.119050977,      -9.687633716,      -9.599873826,      -8.565167828,             0.448,    0.002758614995,     0.03066137782,                 0,                 0,                 0,    -0.03393038443,    0.002089084087,     0.03071426011,                 0,       11.11477241
          0,           0,         290,      -9.134603221,      -9.709196476,      -9.619180897,      -8.580820197,             0.448,    0.002758611845,     0.03066142869,                 0,                 0,                 0,    -0.03393037623,    0.002089079828,      0.0307143109,                 0,       11.11480354
          0,           0,         291,      -9.148821669,      -9.731301307,      -9.636702244,      -8.595135172,             0.448,    0.002758608653,     0.03066147874,                 0,                 0,                 0,    -0.03393036946,    0.002089075545,     0.03071436087,                 0,       11.11483454
          0,           0,         292,      -9.162003669,      -9.753682841,      -9.652390852,       -8.60840795,             0.448,    0.002758605461,     0.03066152776,                 0,                 0,                 0,    -0.03393036409,    0.002089071285,     0.03071440981,                 0,       11.11486517
          0,           0,         293,      -9.174489736,      -9.776027496,      -9.666327318,      -8.620977827,             0.448,    0.002758602312,     0.03066157555,                 0,                 0,                 0,    -0.03393036008,    0.002089067094,     0.03071445752,                 0,       11.11489518
          0,           0,         294,      -9.186630738,      -9.797982252,      -9.678705765,      -8.633195445,             0.448,    0.002758599242,     0.03066162195,                 0,                 0,                 0,    -0.03393035734,    0.002089063013,     0.03071450384,                 0,       11.11492437
          0,           0,         295,      -9.198760498,      -9.819171792,      -9.689805989,      -8.645395275,             0.448,    0.002758596286,     0.03066166678,                 0,                 0,                 0,    -0.03393035582,    0.002089059079,      0.0307145486,                 0,       11.11495254
          0,           0,         296,      -9.211175927,      -9.839225024,      -9.699958684,      -8.657875529,             0.448,    0.002758593473,     0.03066170993,                 0,                 0,                 0,    -0.03393035542,    0.002089055325,     0.03071459168,                 0,       11.11497951
          0,           0,         297,      -9.224124485,      -9.857809723,      -9.709510985,      -8.670885382,             0.448,     0.00275859083,     0.03066175128,                 0,                 0,                 0,    -0.03393035606,     0.00208905178,     0.03071463296,                 0,       11.11500515
          0,           0,         298,      -9.237797423,      -9.874669476,      -9.718797529,      -8.684618016,             0.448,    0.002758588378,     0.03066179074,                 0,                 0,                 0,    -0.03393035764,    0.002089048469,     0.03071467235,                 0,       11.11502933
          0,           0,         299,      -9.252326732,      -9.889656225,      -9.728119589,      -8.699207429,             0.448,    0.002758586138,     0.03066182823,                 0,                 0,                 0,    -0.03393036007,    0.002089045411,     0.03071470979,                 0,       11.11505195
          0,           0,         300,      -9.267783942,      -9.902749712,       -9.73773254,      -8.714727138,             0.448,    0.002758584124,     0.03066186369,                 0,                 0,                 0,    -0.03393036323,    0.002089042624,      0.0307147452,                 0,       11.11507292
          0,           0,         301,      -9.284179339,      -9.914058941,      -9.747840055,      -8.731189326,             0.448,    0.002758582346,     0.03066189708,                 0,                 0,                 0,    -0.03393036704,    0.002089040119,     0.03071477854,                 0,       11.11509219
          0,           0,         302,      -9.301460726,      -9.923805892,      -9.758593237,      -8.748543501,             0.448,    0.002758580815,     0.03066192837,                 0,                 0,                 0,    -0.03393037137,    0.002089037905,     0.03071480978,                 0,        11.1151097
          0,           0,         303,      -9.319511572,      -9.932296378,      -9.770092847,      -8.766674507,             0.448,    0.002758579533,     0.03066195753,                 0,                 0,                 0,    -0.03393037614,    0.002089035987,     0.03071483891,                 0,       11.11512544
          0,           0,         304,      -9.338148951,      -9.939885161,      -9.782393058,      -8.785400222,             0.448,    0.002758578502,     0.03066198457,                 0,                 0,                 0,    -0.03393038125,    0.002089034367,     0.03071486592,                 0,       11.11513939
          0,           0,         305,       -9.35712258,      -9.946942351,      -9.795505599,      -8.804470255,             0.448,    0.002758577721,     0.03066200949,                 0,                 0,                 0,    -0.03393038658,    0.002089033042,     0.03071489082,                 0,       11.11515157
          0,           0,         306,      -9.376117062,      -9.953825847,      -9.809403111,      -8.823567791,             0.448,    0.002758577182,     0.03066203234,                 0,                 0,                 0,    -0.03393039205,    0.002089032005,     0.03071491365,                 0,       11.11516202
          0,           0,         307,      -9.394760283,      -9.960862053,      -9.824020854,      -8.842317622,             0.448,    0.002758576879,     0.03066205314,                 0,                 0,                 0,    -0.03393039757,    0.002089031248,     0.03071493444,                 0,       11.11517079
          0,           0,         308,      -9.412641078,      -9.968334028,      -9.839256579,      -8.860303685,             0.448,      0.0027585768,     0.03066207198,                 0,                 0,                 0,    -0.03393040304,    0.002089030758,     0.03071495327,                 0,       11.11517793
          0,           0,         309,      -9.429338185,      -9.976477022,      -9.854969508,       -8.87709824,             0.448,    0.002758576931,     0.03066208892,                 0,                 0,                 0,     -0.0339304084,     0.00208903052,     0.03071497022,                 0,       11.11518355
          0,           0,         310,      -9.444459838,      -9.985478092,      -9.870980364,      -8.892302144,             0.448,    0.002758577257,     0.03066210409,                 0,                 0,                 0,    -0.03393041357,    0.002089030515,     0.03071498538,                 0,       11.11518773
          0,           0,         311,      -9.457689434,      -9.995477882,      -9.887075313,      -8.905591496,             0.448,    0.002758577762,     0.03066211758,                 0,                 0,                 0,    -0.03393041848,    0.002089030725,     0.03071499888,                 0,       11.11519059
          0,           0,         312,      -9.468828569,      -10.00657289,      -9.903016099,      -8.916761795,             0.448,    0.002758578427,     0.03066212952,                 0,                 0,                 0,    -0.03393042309,     0.00208903113,     0.03071501083,                 0,       11.11519224
          0,           0,         313,      -9.477827056,      -10.01881622,      -9.918556744,      -8.925758936,             0.448,    0.002758579235,     0.03066214003,                 0,                 0,                 0,    -0.03393042734,    0.002089031708,     0.03071502136,                 0,       11.11519279
          0,           0,         314,      -9.484791455,      -10.03221941,      -9.933465331,      -8.932688359,             0.448,    0.002758580167,     0.03066214925,                 0,                 0,                 0,     -0.0339304312,    0.002089032438,     0.03071503059,                 0,       11.11519238
          0,           0,         315,       -9.48996966,      -10.04675382,      -9.947546679,      -8.937799691,             0.448,    0.002758581202,      0.0306621573,                 0,                 0,                 0,    -0.03393043462,    0.002089033298,     0.03071503867,                 0,       11.11519113
          0,           0,         316,      -9.493716301,      -10.06235177,      -9.960661615,      -8.941451663,             0.448,    0.002758582323,     0.03066216431,                 0,                 0,                 0,     -0.0339304376,    0.002089034265,     0.03071504571,                 0,       11.11518916
          0,           0,         317,      -9.496448577,      -10.07890896,      -9.972739265,       -8.94406711,             0.448,    0.002758583509,     0.03066217042,                 0,                 0,                 0,    -0.03393044012,    0.002089035318,     0.03071505184,                 0,       11.11518659
          0,           0,         318,      -9.498602866,      -10.09628533,      -9.983781349,      -8.946088636,             0.448,    0.002758584743,     0.03066217575,                 0,                 0,                 0,    -0.03393044216,    0.002089036435,     0.03071505719,                 0,       11.11518355
          0,           0,         319,      -9.500599592,      -10.11430709,      -9.993858836,      -8.947942685,             0.448,    0.002758586006,      0.0306621804,                 0,                 0,                 0,    -0.03393044374,    0.002089037597,     0.03071506187,                 0,       11.11518014
          0,           0,         320,      -9.502819534,      -10.13276943,      -10.00310271,      -8.950015307,             0.448,    0.002758587282,      0.0306621845,                 0,                 0,                 0,    -0.03393044485,    0.002089038783,       0.030715066,                 0,       11.11517649
          0,           0,         321,      -9.505591283,      -10.15144091,      -10.01169079,      -8.952639364,             0.448,    0.002758588556,     0.03066218815,                 0,                 0,                 0,    -0.03393044551,    0.002089039977,     0.03071506967,                 0,       11.11517268
          0,           0,         322,       -9.50918745,      -10.17007193,      -10.01983259,      -8.956090702,             0.448,    0.002758589812,     0.03066219145,                 0,                 0,                 0,    -0.03393044574,     0.00208904116,       0.030715073,                 0,       11.11516882
          0,           0,         323,      -9.513826734,      -10.18840628,      -10.02775405,      -8.960590334,             0.448,    0.002758591037,     0.03066219449,                 0,                 0,                 0,    -0.03393044555,    0.002089042319,     0.03071507606,                 0,       11.11516498
          0,           0,         324,      -9.519679167,      -10.20619678,      -10.03568391,       -8.96630987,             0.448,     0.00275859222,     0.03066219736,                 0,                 0,                 0,    -0.03393044498,     0.00208904344,     0.03071507896,                 0,       11.11516125
          0,           0,         325,      -9.526872623,      -10.22322305,      -10.04384255,      -8.973378222,             0.448,    0.002758593351,     0.03066220013,                 0,                 0,                 0,    -0.03393044404,    0.002089044509,     0.03071508175,                 0,        11.1151577
          0,           0,         326,      -9.535499305,      -10.23930841,      -10.05243393,      -8.981888264,             0.448,    0.002758594419,     0.03066220287,                 0,                 0,                 0,    -0.03393044277,    0.002089045518,     0.03071508451,                 0,       11.11515439
          0,           0,         327,      -9.545621456,      -10.25433519,      -10.06164029,      -8.991902681,             0.448,    0.002758595419,     0.03066220564,                 0,                 0,                 0,    -0.03393044119,    0.002089046457,     0.03071508731,                 0,       11.11515137
          0,           0,         328,      -9.557276007,      -10.26825356,      -10.07161924,      -9.003458713,             0.448,    0.002758596343,     0.03066220851,                 0,                 0,                 0,    -0.03393043935,    0.002089047318,     0.03071509019,                 0,       11.11514868
          0,           0,         329,      -9.570477955,      -10.28108407,      -10.08250251,      -9.016571595,             0.448,    0.002758597186,     0.03066221151,                 0,                 0,                 0,    -0.03393043727,    0.002089048095,     0.03071509321,                 0,       11.11514637
          0,           0,         330,      -9.585222522,      -10.29291327,      -10.09439594,      -9.031236763,             0.448,    0.002758597944,     0.03066221468,                 0,                 0,                 0,    -0.03393043499,    0.002089048784,      0.0307150964,                 0,       11.11514447
          0,           0,         331,      -9.601486099,      -10.30388356,      -10.10738001,      -9.047430826,             0.448,    0.002758598615,     0.03066221806,                 0,                 0,                 0,    -0.03393043253,    0.002089049381,      0.0307150998,                 0,       11.11514299
          0,           0,         332,      -9.619226018,      -10.31417935,      -10.12151049,       -9.06511135,             0.448,    0.002758599197,     0.03066222168,                 0,                 0,                 0,    -0.03393042994,    0.002089049884,     0.03071510343,                 0,       11.11514196
          0,           0,         333,      -9.638379206,      -10.32401217,      -10.13681901,      -9.084215528,             0.448,    0.002758599689,     0.03066222556,                 0,                 0,                 0,    -0.03393042724,    0.002089050291,     0.03071510732,                 0,       11.11514138
          0,           0,         334,      -9.658859715,      -10.33360658,      -10.15331335,      -9.104657724,             0.448,     0.00275860009,     0.03066222972,                 0,                 0,                 0,    -0.03393042446,    0.002089050602,     0.03071511148,                 0,       11.11514127
          0,           0,         335,      -9.680555252,      -10.34318822,      -10.17097724,      -9.126325999,             0.448,    0.002758600402,     0.03066223415,                 0,                 0,                 0,    -0.03393042164,    0.002089050817,     0.03071511592,                 0,       11.11514162
          0,           0,         336,      -9.703322871,      -10.35297533,      -10.18977015,      -9.149077781,             0.448,    0.002758600626,     0.03066223888,                 0,                 0,                 0,    -0.03393041881,    0.002089050938,     0.03071512065,                 0,       11.11514243
          0,           0,         337,       -9.72698426,      -10.36317115,      -10.20962661,      -9.172735102,             0.448,    0.002758600765,     0.03066224389,                 0,                 0,                 0,    -0.03393041599,    0.002089050967,     0.03071512566,                 0,       11.11514369
          0,           0,         338,      -9.751321471,      -10.37396016,      -10.23045526,      -9.197080258,             0.448,    0.002758600821,     0.03066224917,                 0,                 0,                 0,    -0.03393041321,    0.002089050909,     0.03071513095,                 0,       11.11514538
          0,           0,         339,      -9.776074357,       -10.3855038,      -10.25213658,      -9.221853136,             0.448,      0.0027586008,     0.03066225471,                 0,                 0,                 0,    -0.03393041051,    0.002089050766,     0.03071513649,                 0,       11.11514747
          0,           0,         340,      -9.800941545,      -10.39793831,      -10.27451889,      -9.246752163,             0.448,    0.002758600706,     0.03066226049,                 0,                 0,                 0,    -0.03393040789,    0.002089050546,     0.03071514226,                 0,       11.11514995
          0,           0,         341,      -9.825586923,      -10.41137204,      -10.29741265,      -9.271440774,             0.448,    0.002758600545,     0.03066226649,                 0,                 0,                 0,     -0.0339304054,    0.002089050254,     0.03071514825,                 0,       11.11515277
          0,           0,         342,      -9.849653466,      -10.42588538,      -10.32058449,      -9.295561307,             0.448,    0.002758600323,     0.03066227267,                 0,                 0,                 0,    -0.03393040304,    0.002089049897,     0.03071515443,                 0,       11.11515591
          0,           0,         343,      -9.872785303,      -10.44152833,      -10.34375427,      -9.318757082,             0.448,    0.002758600046,     0.03066227901,                 0,                 0,                 0,    -0.03393040083,    0.002089049482,     0.03071516076,                 0,       11.11515932
          0,           0,         344,      -9.894657085,       -10.4583207,      -10.36659903,      -9.340701744,             0.448,    0.002758599722,     0.03066228547,                 0,                 0,                 0,    -0.03393039878,    0.002089049018,     0.03071516721,                 0,       11.11516296
          0,           0,         345,      -9.915007216,      -10.47624976,      -10.38876712,      -9.361132369,             0.448,    0.002758599358,     0.03066229201,                 0,                 0,                 0,    -0.03393039692,    0.002089048511,     0.03071517374,                 0,        11.1151668
          0,           0,         346,      -9.933669075,      -10.49526795,      -10.40990381,      -9.379880606,             0.448,    0.002758598961,     0.03066229861,                 0,                 0,                 0,    -0.03393039524,     0.00208904797,     0.03071518033,                 0,        11.1151708
          0,           0,         347,      -9.950593251,       -10.5152893,      -10.42968626,      -9.396894889,             0.448,    0.002758598538,     0.03066230522,                 0,                 0,                 0,    -0.03393039375,    0.002089047402,     0.03071518693,                 0,        11.1151749
          0,           0,         348,      -9.965854933,       -10.5361855,      -10.44786166,      -9.412247976,             0.448,    0.002758598095,     0.03066231181,                 0,                 0,                 0,    -0.03393039246,    0.002089046817,     0.03071519351,                 0,       11.11517907
          0,           0,         349,      -9.979644215,      -10.55778268,      -10.46428049,      -9.426127574,             0.448,    0.002758597641,     0.03066231835,                 0,                 0,                 0,    -0.03393039136,     0.00208904622,     0.03071520004,                 0,       11.11518327
          0,           0,         350,      -9.992241769,      -10.57985764,      -10.47891638,      -9.438812353,             0.448,    0.002758597182,     0.03066232481,                 0,                 0,                 0,    -0.03393039045,     0.00208904562,     0.03071520648,                 0,       11.11518746
          0,           0,         351,      -10.00398571,      -10.60213829,      -10.49186827,      -9.450639102,             0.448,    0.002758596723,     0.03066233114,                 0,                 0,                 0,    -0.03393038973,    0.002089045023,     0.03071521281,                 0,       11.11519161
          0,           0,         352,        -10.015237,      -10.62430785,      -10.50334457,      -9.461968276,             0.448,    0.002758596271,     0.03066233734,                 0,                 0,                 0,    -0.03393038919,    0.002089044436,     0.03071521899,                 0,       11.11519567
          0,           0,         353,      -10.02634897,      -10.64601532,      -10.51363434,      -9.473153528,             0.448,    0.002758595831,     0.03066234336,                 0,                 0,                 0,    -0.03393038883,    0.002089043865,     0.03071522501,                 0,       11.11519963
          0,           0,         354,      -10.03764461,      -10.66689489,      -10.52307268,      -9.484518742,             0.448,    0.002758595408,      0.0306623492,                 0,                 0,                 0,    -0.03393038862,    0.002089043314,     0.03071523083,                 0,       11.11520345
          0,           0,         355,      -10.04940164,      -10.68659455,      -10.53200705,      -9.496342984,             0.448,    0.002758595005,     0.03066235483,                 0,                 0,                 0,    -0.03393038857,    0.002089042789,     0.03071523645,                 0,       11.11520712
          0,           0,         356,      -10.06184465,      -10.70480907,      -10.54077036,      -9.508852361,             0.448,    0.002758594627,     0.03066236024,                 0,                 0,                 0,    -0.03393038865,    0.002089042293,     0.03071524185,                 0,        11.1152106
          0,           0,         357,      -10.07514175,      -10.72131645,      -10.54966131,      -9.522216608,             0.448,    0.002758594276,     0.03066236541,                 0,                 0,                 0,    -0.03393038886,    0.002089041829,     0.03071524701,                 0,       11.11521389
          0,           0,         358,      -10.08940399,      -10.73600424,      -10.55893349,      -9.536548387,             0.448,    0.002758593956,     0.03066237033,                 0,                 0,                 0,    -0.03393038918,    0.002089041401,     0.03071525192,                 0,       11.11521696
          0,           0,         359,      -10.10468569,      -10.74888428,      -10.56879053,      -9.551903528,             0.448,    0.002758593667,     0.03066237499,                 0,                 0,                 0,     -0.0339303896,    0.002089041011,     0.03071525658,                 0,       11.11521981
          0,           0,         360,      -10.12098447,      -10.76008811,      -10.57938557,      -9.568281001,             0.448,    0.002758593413,     0.03066237939,                 0,                 0,                 0,     -0.0339303901,    0.002089040661,     0.03071526098,                 0,       11.11522244
          0,           0,         361,      -10.13824042,      -10.76984971,      -10.59082329,      -9.585622059,             0.448,    0.002758593193,     0.03066238353,                 0,                 0,                 0,    -0.03393039068,    0.002089040351,      0.0307152651,                 0,       11.11522482
          0,           0,         362,       -10.1563342,      -10.77847578,      -10.60316359,      -9.603808116,             0.448,     0.00275859301,     0.03066238739,                 0,                 0,                 0,    -0.03393039131,    0.002089040083,     0.03071526896,                 0,       11.11522696
          0,           0,         363,      -10.17508475,      -10.78631356,      -10.61642517,      -9.622658216,             0.448,    0.002758592861,     0.03066239097,                 0,                 0,                 0,    -0.03393039199,    0.002089039857,     0.03071527254,                 0,       11.11522886
          0,           0,         364,       -10.1942476,      -10.79371846,      -10.63058918,      -9.641927086,             0.448,    0.002758592749,     0.03066239429,                 0,                 0,                 0,    -0.03393039269,    0.002089039672,     0.03071527585,                 0,       11.11523051
          0,           0,         365,       -10.2135159,      -10.80103452,       -10.6456019,      -9.661305692,             0.448,    0.002758592671,     0.03066239733,                 0,                 0,                 0,    -0.03393039342,    0.002089039528,     0.03071527889,                 0,       11.11523193
          0,           0,         366,      -10.23252723,      -10.80857047,      -10.66137535,       -9.68042776,             0.448,    0.002758592626,     0.03066240011,                 0,                 0,                 0,    -0.03393039414,    0.002089039423,     0.03071528167,                 0,       11.11523311
          0,           0,         367,      -10.25087859,      -10.81659537,      -10.67778602,      -9.698884715,             0.448,    0.002758592614,     0.03066240263,                 0,                 0,                 0,    -0.03393039487,    0.002089039355,     0.03071528418,                 0,       11.11523408
          0,           0,         368,      -10.26815258,      -10.82533212,      -10.69467189,      -9.716252137,             0.448,    0.002758592631,      0.0306624049,                 0,                 0,                 0,    -0.03393039557,    0.002089039323,     0.03071528646,                 0,       11.11523483
          0,           0,         369,      -10.28395402,      -10.83495703,      -10.71183118,      -9.732127239,             0.448,    0.002758592676,     0.03066240693,                 0,                 0,                 0,    -0.03393039625,    0.002089039324,     0.03071528849,                 0,       11.11523539
          0,           0,         370,      -10.29795333,      -10.84560355,      -10.72902471,      -9.746173231,             0.448,    0.002758592747,     0.03066240875,                 0,                 0,                 0,     -0.0339303969,    0.002089039355,     0.03071529031,                 0,       11.11523576
          0,           0,         371,      -10.30992938,      -10.85736101,      -10.74598606,      -9.758163416,             0.448,     0.00275859284,     0.03066241036,                 0,                 0,                 0,     -0.0339303975,    0.002089039413,     0.03071529192,                 0,       11.11523597
          0,           0,         372,      -10.31980147,      -10.87027688,      -10.76243974,      -9.768014008,             0.448,    0.002758592954,     0.03066241179,                 0,                 0,                 0,    -0.03393039806,    0.002089039496,     0.03071529335,                 0,       11.11523603
          0,           0,         373,      -10.32764194,      -10.88435866,      -10.77812636,      -9.775797295,             0.448,    0.002758593086,     0.03066241304,                 0,                 0,                 0,    -0.03393039856,      0.0020890396,     0.03071529461,                 0,       11.11523595
          0,           0,         374,      -10.33366594,       -10.8995721,      -10.79282881,      -9.781731335,             0.448,    0.002758593232,     0.03066241414,                 0,                 0,                 0,      -0.033930399,    0.002089039722,     0.03071529571,                 0,       11.11523576
          0,           0,         375,      -10.33820113,      -10.91584415,       -10.8063954,      -9.786148989,             0.448,     0.00275859339,     0.03066241511,                 0,                 0,                 0,    -0.03393039938,    0.002089039859,     0.03071529668,                 0,       11.11523547
          0,           0,         376,      -10.34164613,      -10.93306215,        -10.818754,      -9.789455504,             0.448,    0.002758593558,     0.03066241595,                 0,                 0,                 0,     -0.0339303997,    0.002089040008,     0.03071529753,                 0,        11.1152351
          0,           0,         377,      -10.34442753,       -10.9510783,      -10.82991647,      -9.792084464,             0.448,    0.002758593732,     0.03066241669,                 0,                 0,                 0,    -0.03393039995,    0.002089040167,     0.03071529827,                 0,       11.11523467
          0,           0,         378,      -10.34696369,      -10.96970726,      -10.83997359,       -9.79446078,             0.448,    0.002758593911,     0.03066241735,                 0,                 0,                 0,    -0.03393040014,    0.002089040331,     0.03071529893,                 0,       11.11523419
          0,           0,         379,      -10.34963898,      -10.98872985,      -10.84908283,      -9.796974387,             0.448,    0.002758594092,     0.03066241793,                 0,                 0,                 0,    -0.03393040027,    0.002089040499,     0.03071529952,                 0,       11.11523367
          0,           0,         380,      -10.35278902,      -11.00790094,      -10.85745183,      -9.799965269,             0.448,    0.002758594272,     0.03066241845,                 0,                 0,                 0,    -0.03393040033,    0.002089040668,     0.03071530004,                 0,       11.11523313
          0,           0,         381,      -10.35669513,      -11.02695234,      -10.86531988,      -9.803717916,             0.448,     0.00275859445,     0.03066241893,                 0,                 0,                 0,    -0.03393040034,    0.002089040836,     0.03071530052,                 0,       11.11523259
          0,           0,         382,      -10.36158501,      -11.04561142,      -10.87294028,       -9.80846218,             0.448,    0.002758594624,     0.03066241937,                 0,                 0,                 0,    -0.03393040029,    0.002089040999,     0.03071530097,                 0,       11.11523205
          0,           0,         383,      -10.36763719,      -11.06361599,      -10.88056495,       -9.81437789,             0.448,    0.002758594791,     0.03066241979,                 0,                 0,                 0,    -0.03393040019,    0.002089041158,     0.03071530139,                 0,       11.11523153
          0,           0,         384,      -10.37498707,      -11.08073372,      -10.88843265,      -9.821601188,             0.448,    0.002758594951,      0.0306624202,                 0,                 0,                 0,    -0.03393040004,    0.002089041309,     0.03071530181,                 0,       11.11523103
          0,           0,         385,      -10.38373324,      -11.09678395,      -10.89676108,      -9.830231022,             0.448,    0.002758595103,     0.03066242061,                 0,                 0,                 0,    -0.03393039984,    0.002089041451,     0.03071530221,                 0,       11.11523057
          0,           0,         386,      -10.39394322,      -11.11165269,      -10.90574186,      -9.840335039,             0.448,    0.002758595244,     0.03066242102,                 0,                 0,                 0,    -0.03393039961,    0.002089041584,     0.03071530263,                 0,       11.11523015
          0,           0,         387,       -10.4056581,      -11.12530269,      -10.91553838,      -9.851954364,             0.448,    0.002758595375,     0.03066242144,                 0,                 0,                 0,    -0.03393039934,    0.002089041705,     0.03071530306,                 0,       11.11522977
          0,           0,         388,      -10.41889618,      -11.13777363,      -10.92628574,      -9.865107238,             0.448,    0.002758595494,     0.03066242188,                 0,                 0,                 0,    -0.03393039904,    0.002089041815,      0.0307153035,                 0,       11.11522945
          0,           0,         389,      -10.43365516,      -11.14917634,      -10.93809104,      -9.879791311,             0.448,    0.002758595601,     0.03066242235,                 0,                 0,                 0,    -0.03393039871,    0.002089041912,     0.03071530397,                 0,       11.11522919
          0,           0,         390,       -10.4499133,      -11.15967918,      -10.95103481,       -9.89598481,             0.448,    0.002758595696,     0.03066242284,                 0,                 0,                 0,    -0.03393039836,    0.002089041996,     0.03071530447,                 0,       11.11522899
          0,           0,         391,      -10.46762929,      -11.16949277,      -10.96517198,      -9.913646388,             0.448,    0.002758595779,     0.03066242337,                 0,                 0,                 0,    -0.03393039799,    0.002089042067,     0.03071530499,                 0,       11.11522884
          0,           0,         392,      -10.48674112,      -11.17885235,      -10.98053312,      -9.932714015,             0.448,    0.002758595848,     0.03066242393,                 0,                 0,                 0,    -0.03393039761,    0.002089042124,     0.03071530556,                 0,       11.11522877
          0,           0,         393,      -10.50716368,      -11.18800164,      -10.99712462,       -9.95310259,             0.448,    0.002758595905,     0.03066242453,                 0,                 0,                 0,    -0.03393039722,    0.002089042168,     0.03071530616,                 0,       11.11522876
          0,           0,         394,      -10.52878554,      -11.19718094,      -11.01492906,      -9.974700705,             0.448,    0.002758595949,     0.03066242517,                 0,                 0,                 0,    -0.03393039683,    0.002089042198,     0.03071530679,                 0,       11.11522881
          0,           0,         395,      -10.55146481,      -11.20662078,      -11.03390479,      -9.997366484,             0.448,    0.002758595981,     0.03066242584,                 0,                 0,                 0,    -0.03393039643,    0.002089042215,     0.03071530747,                 0,       11.11522893
          0,           0,         396,      -10.57502468,      -11.21653009,      -11.05398546,      -10.02092304,             0.448,    0.002758596001,     0.03066242655,                 0,                 0,                 0,    -0.03393039604,    0.002089042219,     0.03071530818,                 0,        11.1152291
          0,           0,         397,      -10.59924946,       -11.2270985,      -11.07507879,      -10.04515446,             0.448,    0.002758596009,      0.0306624273,                 0,                 0,                 0,    -0.03393039566,    0.002089042211,     0.03071530893,                 0,       11.11522934
          0,           0,         398,      -10.62388231,      -11.23848865,      -11.09706429,      -10.06980345,             0.448,    0.002758596006,     0.03066242808,                 0,                 0,                 0,    -0.03393039529,    0.002089042191,     0.03071530971,                 0,       11.11522964
          0,           0,         399,      -10.64862658,      -11.25083648,      -11.11978851,       -10.0945726,             0.448,    0.002758595992,      0.0306624289,                 0,                 0,                 0,    -0.03393039493,     0.00208904216,     0.03071531052,                 0,       11.11522999
          0,           0,         400,       -10.6731525,      -11.26425051,      -11.14305867,      -10.11913126,             0.448,     0.00275859597,     0.03066242974,                 0,                 0,                 0,    -0.03393039459,    0.002089042119,     0.03071531136,                 0,       11.11523038
          0,           0,         401,      -10.69711114,      -11.27880697,      -11.16663652,      -10.14312949,             0.448,    0.002758595938,      0.0306624306,                 0,                 0,                 0,    -0.03393039427,    0.002089042069,     0.03071531222,                 0,       11.11523082
          0,           0,         402,      -10.72015585,      -11.29455356,      -11.19023413,      -10.16621971,             0.448,      0.0027585959,     0.03066243148,                 0,                 0,                 0,    -0.03393039397,    0.002089042011,     0.03071531311,                 0,        11.1152313
          0,           0,         403,        -10.741971,      -11.31150478,      -11.21351816,      -10.18808548,             0.448,    0.002758595854,     0.03066243238,                 0,                 0,                 0,     -0.0339303937,    0.002089041946,       0.030715314,                 0,       11.11523181
          0,           0,         404,      -10.76230386,      -11.32964693,      -11.23612411,      -10.20847329,             0.448,    0.002758595803,     0.03066243328,                 0,                 0,                 0,    -0.03393039345,    0.002089041875,     0.03071531491,                 0,       11.11523234
          0,           0,         405,      -10.78099442,       -11.3489252,      -11.25768295,      -10.22722223,             0.448,    0.002758595747,     0.03066243419,                 0,                 0,                 0,    -0.03393039323,    0.002089041799,     0.03071531581,                 0,        11.1152329
          0,           0,         406,      -10.79799622,      -11.36924903,      -11.27785715,       -10.2442849,             0.448,    0.002758595687,     0.03066243511,                 0,                 0,                 0,    -0.03393039303,     0.00208904172,     0.03071531672,                 0,       11.11523347
          0,           0,         407,      -10.81338344,      -11.39048274,      -11.29637998,      -10.25973438,             0.448,    0.002758595625,     0.03066243601,                 0,                 0,                 0,    -0.03393039286,    0.002089041638,     0.03071531763,                 0,       11.11523405
          0,           0,         408,      -10.82734135,      -11.41244326,      -11.31309087,      -10.27375479,             0.448,    0.002758595561,     0.03066243691,                 0,                 0,                 0,    -0.03393039272,    0.002089041554,     0.03071531852,                 0,       11.11523463
          0,           0,         409,      -10.84014318,      -11.43489844,      -11.32795591,      -10.28661842,             0.448,    0.002758595497,     0.03066243779,                 0,                 0,                 0,    -0.03393039261,     0.00208904147,      0.0307153194,                 0,       11.11523521
          0,           0,         410,       -10.8521181,      -11.45756375,      -11.34107138,      -10.29865393,             0.448,    0.002758595432,     0.03066243865,                 0,                 0,                 0,    -0.03393039252,    0.002089041387,     0.03071532027,                 0,       11.11523578
          0,           0,         411,      -10.86361835,      -11.48010608,      -11.35264764,      -10.31021349,             0.448,    0.002758595368,      0.0306624395,                 0,                 0,                 0,    -0.03393039246,    0.002089041305,     0.03071532111,                 0,       11.11523634
          0,           0,         412,      -10.87498962,      -11.50215738,      -11.36298158,      -10.32164328,             0.448,    0.002758595307,     0.03066244032,                 0,                 0,                 0,    -0.03393039242,    0.002089041225,     0.03071532192,                 0,       11.11523689
          0,           0,         413,      -10.88654878,      -11.52333235,       -11.3724182,      -10.33326095,             0.448,    0.002758595247,     0.03066244111,                 0,                 0,                 0,     -0.0339303924,    0.002089041148,     0.03071532271,                 0,       11.11523742
          0,           0,         414,      -10.89856956,      -11.54325701,      -11.38131722,      -10.34534136,             0.448,     0.00275859519,     0.03066244187,                 0,                 0,                 0,    -0.03393039241,    0.002089041075,     0.03071532347,                 0,       11.11523792
          0,           0,         415,      -10.91127383,      -11.56161494,       -11.3900238,      -10.35810768,             0.448,    0.002758595137,      0.0306624426,                 0,                 0,                 0,    -0.03393039243,    0.002089041006,      0.0307153242,                 0,        11.1152384
          0,           0,         416,      -10.92482885,      -11.57816875,      -11.39884845,      -10.37172846,             0.448,    0.002758595088,     0.03066244329,                 0,                 0,                 0,    -0.03393039247,    0.002089040942,     0.03071532489,                 0,       11.11523885
          0,           0,         417,      -10.93934605,      -11.59280724,      -11.40805543,      -10.38631641,             0.448,    0.002758595043,     0.03066244395,                 0,                 0,                 0,    -0.03393039252,    0.002089040882,     0.03071532555,                 0,       11.11523927
          0,           0,         418,      -10.95488098,      -11.60554475,      -11.41785683,      -10.40192832,             0.448,    0.002758595002,     0.03066244457,                 0,                 0,                 0,    -0.03393039259,    0.002089040828,     0.03071532617,                 0,       11.11523966
          0,           0,         419,       -10.9714335,      -11.61653148,      -11.42841266,      -10.41856518,             0.448,    0.002758594966,     0.03066244516,                 0,                 0,                 0,    -0.03393039267,     0.00208904078,     0.03071532676,                 0,       11.11524002
          0,           0,         420,      -10.98894626,      -11.62601607,      -11.43983419,      -10.43617053,             0.448,    0.002758594936,     0.03066244571,                 0,                 0,                 0,    -0.03393039276,    0.002089040737,     0.03071532731,                 0,       11.11524034
          0,           0,         421,      -11.00730318,      -11.63432741,      -11.45218522,      -10.45462891,             0.448,     0.00275859491,     0.03066244622,                 0,                 0,                 0,    -0.03393039286,      0.0020890407,     0.03071532782,                 0,       11.11524063
          0,           0,         422,      -11.02632663,      -11.64183525,      -11.46548928,      -10.47376264,             0.448,    0.002758594889,     0.03066244669,                 0,                 0,                 0,    -0.03393039296,    0.002089040669,     0.03071532829,                 0,       11.11524088
          0,           0,         423,      -11.04577539,      -11.64891136,      -11.47973045,      -10.49332944,             0.448,    0.002758594873,     0.03066244712,                 0,                 0,                 0,    -0.03393039306,    0.002089040643,     0.03071532872,                 0,        11.1152411
          0,           0,         424,       -11.0653452,      -11.65591035,      -11.49485837,      -10.51302275,             0.448,    0.002758594862,     0.03066244752,                 0,                 0,                 0,    -0.03393039317,    0.002089040624,     0.03071532912,                 0,       11.11524129
          0,           0,         425,      -11.08467492,      -11.66316093,      -11.51078883,      -10.53247729,             0.448,    0.002758594856,     0.03066244788,                 0,                 0,                 0,    -0.03393039328,     0.00208904061,     0.03071532948,                 0,       11.11524145
          0,           0,         426,      -11.10336119,      -11.67093166,      -11.52740043,      -10.55128384,             0.448,    0.002758594854,      0.0306624482,                 0,                 0,                 0,    -0.03393039338,    0.002089040601,      0.0307153298,                 0,       11.11524157
          0,           0,         427,      -11.12098366,      -11.67945191,      -11.54453511,       -10.5690144,             0.448,    0.002758594857,     0.03066244849,                 0,                 0,                 0,    -0.03393039349,    0.002089040597,     0.03071533009,                 0,       11.11524167
          0,           0,         428,      -11.13714153,      -11.68890247,      -11.56199233,      -10.58526011,             0.448,    0.002758594863,     0.03066244875,                 0,                 0,                 0,    -0.03393039359,    0.002089040598,     0.03071533035,                 0,       11.11524174
          0,           0,         429,      -11.15149705,      -11.69941431,      -11.57953254,      -10.59967526,             0.448,    0.002758594873,     0.03066244898,                 0,                 0,                 0,    -0.03393039368,    0.002089040603,     0.03071533058,                 0,       11.11524178
          0,           0,         430,      -11.16381973,      -11.71107719,       -11.5968861,      -10.61202331,             0.448,    0.002758594886,     0.03066244918,                 0,                 0,                 0,    -0.03393039377,    0.002089040611,     0.03071533078,                 0,        11.1152418
          0,           0,         431,      -11.17401965,      -11.72393961,      -11.61377064,      -10.62221064,             0.448,    0.002758594902,     0.03066244935,                 0,                 0,                 0,    -0.03393039385,    0.002089040624,     0.03071533095,                 0,        11.1152418
          0,           0,         432,      -11.18216136,      -11.73800943,      -11.62991541,      -10.63030147,             0.448,    0.002758594921,     0.03066244951,                 0,                 0,                 0,    -0.03393039392,    0.002089040639,      0.0307153311,                 0,       11.11524178
          0,           0,         433,      -11.18845519,       -11.7532525,       -11.6450888,      -10.63650923,             0.448,    0.002758594941,     0.03066244964,                 0,                 0,                 0,    -0.03393039398,    0.002089040657,     0.03071533124,                 0,       11.11524174
          0,           0,         434,      -11.19322718,      -11.76958883,      -11.65912227,      -10.64116538,             0.448,    0.002758594963,     0.03066244975,                 0,                 0,                 0,    -0.03393039404,    0.002089040676,     0.03071533135,                 0,       11.11524169
          0,           0,         435,      -11.19687706,      -11.78691132,      -11.67192781,       -10.6446767,             0.448,    0.002758594987,     0.03066244985,                 0,                 0,                 0,    -0.03393039408,    0.002089040698,     0.03071533145,                 0,       11.11524163
          0,           0,         436,      -11.19983534,      -11.80506115,      -11.68350149,      -10.64748126,             0.448,    0.002758595012,     0.03066244993,                 0,                 0,                 0,    -0.03393039412,    0.002089040721,     0.03071533153,                 0,       11.11524156
          0,           0,         437,      -11.20252521,       -11.8238547,      -11.69392236,      -10.65000929,             0.448,    0.002758595037,        0.03066245,                 0,                 0,                 0,    -0.03393039415,    0.002089040744,      0.0307153316,                 0,       11.11524149
          0,           0,         438,       -11.2053364,      -11.84306673,      -11.70334037,      -10.65265664,             0.448,    0.002758595062,     0.03066245006,                 0,                 0,                 0,    -0.03393039416,    0.002089040768,     0.03071533167,                 0,       11.11524141
          0,           0,         439,       -11.2086096,      -11.86244146,      -11.71195995,      -10.65576867,             0.448,    0.002758595087,     0.03066245012,                 0,                 0,                 0,    -0.03393039417,    0.002089040792,     0.03071533172,                 0,       11.11524133
          0,           0,         440,      -11.21263061,       -11.8817047,      -11.72002091,      -10.65963476,             0.448,    0.002758595112,     0.03066245017,                 0,                 0,                 0,    -0.03393039417,    0.002089040816,     0.03071533177,                 0,       11.11524124
          0,           0,         441,      -11.21763083,      -11.90057445,      -11.72778011,      -10.66448858,             0.448,    0.002758595137,     0.03066245022,                 0,                 0,                 0,    -0.03393039417,     0.00208904084,     0.03071533182,                 0,       11.11524116
          0,           0,         442,      -11.22379152,      -11.91877011,      -11.73549518,      -10.67051295,             0.448,     0.00275859516,     0.03066245026,                 0,                 0,                 0,    -0.03393039415,    0.002089040862,     0.03071533186,                 0,       11.11524108
          0,           0,         443,      -11.23125003,      -11.93606338,      -11.74341175,      -10.67784603,             0.448,    0.002758595183,      0.0306624503,                 0,                 0,                 0,    -0.03393039413,    0.002089040884,     0.03071533191,                 0,       11.11524101
          0,           0,         444,       -11.2401062,      -11.95224941,      -11.75175465,       -10.6865881,             0.448,    0.002758595204,     0.03066245034,                 0,                 0,                 0,     -0.0339303941,    0.002089040904,     0.03071533195,                 0,       11.11524094
          0,           0,         445,      -11.25042795,        -11.967218,       -11.7607218,      -10.69680733,             0.448,    0.002758595224,     0.03066245039,                 0,                 0,                 0,    -0.03393039407,    0.002089040923,     0.03071533199,                 0,       11.11524087
          0,           0,         446,       -11.2622562,      -11.98092191,      -11.77048288,      -10.70854461,             0.448,    0.002758595242,     0.03066245044,                 0,                 0,                 0,    -0.03393039403,     0.00208904094,     0.03071533204,                 0,       11.11524082
          0,           0,         447,      -11.27560834,      -11.99340026,      -11.78117786,      -10.72181737,             0.448,    0.002758595259,     0.03066245049,                 0,                 0,                 0,    -0.03393039398,    0.002089040956,     0.03071533209,                 0,       11.11524077
          0,           0,         448,      -11.29048025,      -12.00476575,      -11.79291753,      -10.73662149,             0.448,    0.002758595274,     0.03066245054,                 0,                 0,                 0,    -0.03393039394,     0.00208904097,     0.03071533215,                 0,       11.11524073
          0,           0,         449,      -11.30684787,      -12.01518885,      -11.80578467,      -10.75293289,             0.448,    0.002758595287,      0.0306624506,                 0,                 0,                 0,    -0.03393039389,    0.002089040982,     0.03071533221,                 0,        11.1152407
          0,           0,         450,      -11.32466628,      -12.02489785,      -11.81983642,      -10.77070662,             0.448,    0.002758595299,     0.03066245066,                 0,                 0,                 0,    -0.03393039384,    0.002089040992,     0.03071533227,                 0,       11.11524067
          0,           0,         451,      -11.34386903,      -12.03412349,      -11.83510383,      -10.78987631,             0.448,    0.002758595308,     0.03066245073,                 0,                 0,                 0,    -0.03393039378,       0.002089041,     0.03071533234,                 0,       11.11524066
          0,           0,         452,      -11.36436483,      -12.04312342,        -11.851593,      -10.81035066,             0.448,    0.002758595316,     0.03066245081,                 0,                 0,                 0,    -0.03393039373,    0.002089041006,     0.03071533241,                 0,       11.11524065
          0,           0,         453,      -11.38603468,      -12.05213777,      -11.86928532,      -10.83201049,             0.448,    0.002758595322,     0.03066245089,                 0,                 0,                 0,    -0.03393039367,     0.00208904101,      0.0307153325,                 0,       11.11524066
          0,           0,         454,      -11.40872753,      -12.06141406,      -11.88813775,      -10.85470486,             0.448,    0.002758595327,     0.03066245097,                 0,                 0,                 0,    -0.03393039361,    0.002089041013,     0.03071533258,                 0,       11.11524067
          0,           0,         455,      -11.43225526,      -12.07116193,      -11.90808159,      -10.87824535,             0.448,    0.002758595329,     0.03066245107,                 0,                 0,                 0,    -0.03393039356,    0.002089041013,     0.03071533267,                 0,        11.1152407
          0,           0,         456,      -11.45638944,      -12.08156482,       -11.9290228,      -10.90240299,             0.448,     0.00275859533,     0.03066245116,                 0,                 0,                 0,     -0.0339303935,    0.002089041012,     0.03071533277,                 0,       11.11524073
          0,           0,         457,      -11.48085912,      -12.09280212,      -11.95083629,      -10.92690584,             0.448,     0.00275859533,     0.03066245127,                 0,                 0,                 0,    -0.03393039345,    0.002089041009,     0.03071533287,                 0,       11.11524077
          0,           0,         458,      -11.50535418,      -12.10500427,        -11.973366,      -10.95144266,             0.448,    0.002758595328,     0.03066245137,                 0,                 0,                 0,     -0.0339303934,    0.002089041005,     0.03071533298,                 0,       11.11524081
          0,           0,         459,      -11.52953283,      -12.11828004,      -11.99641518,      -10.97566991,             0.448,    0.002758595324,     0.03066245149,                 0,                 0,                 0,    -0.03393039335,    0.002089040999,     0.03071533309,                 0,       11.11524087
          0,           0,         460,      -11.55303816,      -12.13270297,      -12.01973965,      -10.99922903,             0.448,     0.00275859532,      0.0306624516,                 0,                 0,                 0,    -0.03393039331,    0.002089040992,     0.03071533321,                 0,       11.11524093
          0,           0,         461,      -11.57552228,      -12.14832504,       -12.0430449,      -11.02176997,             0.448,    0.002758595314,     0.03066245172,                 0,                 0,                 0,    -0.03393039327,    0.002089040984,     0.03071533333,                 0,       11.11524099
          0,           0,         462,      -11.59667732,      -12.16514746,      -12.06599426,       -11.0429836,             0.448,    0.002758595308,     0.03066245184,                 0,                 0,                 0,    -0.03393039323,    0.002089040975,     0.03071533345,                 0,       11.11524106
          0,           0,         463,      -11.61626796,      -12.18316156,      -12.08822407,      -11.06263277,             0.448,    0.002758595301,     0.03066245196,                 0,                 0,                 0,    -0.03393039319,    0.002089040965,     0.03071533357,                 0,       11.11524114
          0,           0,         464,      -11.63416043,      -12.20230744,      -12.10937069,       -11.0805822,             0.448,    0.002758595293,     0.03066245208,                 0,                 0,                 0,    -0.03393039316,    0.002089040954,     0.03071533369,                 0,       11.11524121
          0,           0,         465,      -11.65034072,      -12.22250593,      -12.12910517,      -11.09681717,             0.448,    0.002758595284,     0.03066245221,                 0,                 0,                 0,    -0.03393039313,    0.002089040943,     0.03071533381,                 0,       11.11524129
          0,           0,         466,      -11.66491781,      -12.24358745,      -12.14718336,      -11.11144539,             0.448,    0.002758595275,     0.03066245233,                 0,                 0,                 0,    -0.03393039311,    0.002089040932,     0.03071533394,                 0,       11.11524137
          0,           0,         467,      -11.67810784,      -12.26538959,      -12.16346062,      -11.12468269,             0.448,    0.002758595266,     0.03066245245,                 0,                 0,                 0,    -0.03393039309,     0.00208904092,     0.03071533406,                 0,       11.11524145
          0,           0,         468,      -11.69020896,      -12.28766985,      -12.17792958,       -11.1368271,             0.448,    0.002758595257,     0.03066245257,                 0,                 0,                 0,    -0.03393039308,    0.002089040908,     0.03071533418,                 0,       11.11524153
          0,           0,         469,      -11.70156761,      -12.31013878,      -12.19069969,      -11.14822531,             0.448,    0.002758595248,     0.03066245269,                 0,                 0,                 0,    -0.03393039306,    0.002089040897,     0.03071533429,                 0,       11.11524161
          0,           0,         470,      -11.71254386,      -12.33247626,      -12.20199904,      -11.15923863,             0.448,    0.002758595239,      0.0306624528,                 0,                 0,                 0,    -0.03393039306,    0.002089040885,     0.03071533441,                 0,       11.11524169
          0,           0,         471,      -11.72348492,      -12.35429247,       -12.2121288,      -11.17021548,             0.448,     0.00275859523,     0.03066245291,                 0,                 0,                 0,    -0.03393039305,    0.002089040874,     0.03071533452,                 0,       11.11524176
          0,           0,         472,      -11.73470295,      -12.37523046,      -12.22143155,      -11.18146963,             0.448,    0.002758595222,     0.03066245302,                 0,                 0,                 0,    -0.03393039305,    0.002089040863,     0.03071533462,                 0,       11.11524184
          0,           0,         473,      -11.74646444,      -12.39492674,      -12.23026316,      -11.19326914,             0.448,    0.002758595214,     0.03066245312,                 0,                 0,                 0,    -0.03393039305,    0.002089040853,     0.03071533473,                 0,       11.11524191
          0,           0,         474,      -11.75898424,       -12.4130413,      -12.23896208,      -11.20583043,             0.448,    0.002758595206,     0.03066245322,                 0,                 0,                 0,    -0.03393039305,    0.002089040844,     0.03071533483,                 0,       11.11524197
          0,           0,         475,      -11.77241964,      -12.42940025,      -12.24782993,      -11.21931259,             0.448,      0.0027585952,     0.03066245332,                 0,                 0,                 0,    -0.03393039306,    0.002089040835,     0.03071533492,                 0,       11.11524203
          0,           0,         476,      -11.78687603,      -12.44386747,       -12.2571249,       -11.2338224,             0.448,    0.002758595193,     0.03066245341,                 0,                 0,                 0,    -0.03393039307,    0.002089040826,     0.03071533501,                 0,       11.11524209
          0,           0,         477,      -11.80240309,      -12.45646598,       -12.2670458,       -11.2494105,             0.448,    0.002758595188,     0.03066245349,                 0,                 0,                 0,    -0.03393039308,    0.002089040819,     0.03071533509,                 0,       11.11524214
          0,           0,         478,      -11.81899626,      -12.46739937,       -12.2777533,      -11.26607402,             0.448,    0.002758595183,     0.03066245357,                 0,                 0,                 0,    -0.03393039309,    0.002089040812,     0.03071533517,                 0,       11.11524219
          0,           0,         479,      -11.83659672,      -12.47685859,      -12.28934828,      -11.28375495,             0.448,    0.002758595178,     0.03066245364,                 0,                 0,                 0,     -0.0339303931,    0.002089040806,     0.03071533525,                 0,       11.11524224
          0,           0,         480,      -11.85508826,      -12.48521179,      -12.30189504,      -11.30233773,             0.448,    0.002758595175,     0.03066245371,                 0,                 0,                 0,    -0.03393039312,    0.002089040801,     0.03071533531,                 0,       11.11524228
          0,           0,         481,      -11.87429411,      -12.49281179,      -12.31541297,      -11.32164588,             0.448,    0.002758595172,     0.03066245377,                 0,                 0,                 0,    -0.03393039313,    0.002089040797,     0.03071533538,                 0,       11.11524231
          0,           0,         482,      -11.89397515,      -12.49999181,      -12.32988172,      -11.34143913,             0.448,    0.002758595169,     0.03066245383,                 0,                 0,                 0,    -0.03393039315,    0.002089040793,     0.03071533544,                 0,       11.11524234
          0,           0,         483,      -11.91382996,      -12.50713554,      -12.34524946,       -11.3614139,             0.448,    0.002758595168,     0.03066245389,                 0,                 0,                 0,    -0.03393039316,    0.002089040791,     0.03071533549,                 0,       11.11524237
          0,           0,         484,      -11.93349931,      -12.51454932,      -12.36143336,      -11.38120728,             0.448,    0.002758595167,     0.03066245393,                 0,                 0,                 0,    -0.03393039318,    0.002089040789,     0.03071533554,                 0,       11.11524239
          0,           0,         485,      -11.95257921,      -12.52250357,      -12.37830643,      -11.40040914,             0.448,    0.002758595167,     0.03066245398,                 0,                 0,                 0,    -0.03393039319,    0.002089040788,     0.03071533558,                 0,       11.11524241
          0,           0,         486,       -11.9706442,       -12.5312325,      -12.39571034,       -11.4185877,             0.448,    0.002758595167,     0.03066245402,                 0,                 0,                 0,    -0.03393039321,    0.002089040787,     0.03071533562,                 0,       11.11524242
          0,           0,         487,      -11.98728685,      -12.54086942,      -12.41344269,      -11.43532619,             0.448,    0.002758595168,     0.03066245405,                 0,                 0,                 0,    -0.03393039322,    0.002089040787,     0.03071533565,                 0,       11.11524243
          0,           0,         488,      -12.00215439,      -12.55159879,      -12.43126161,      -11.45026284,             0.448,     0.00275859517,     0.03066245408,                 0,                 0,                 0,    -0.03393039323,    0.002089040788,     0.03071533568,                 0,       11.11524243
          0,           0,         489,      -12.01499995,      -12.56347612,       -12.4488932,      -11.46314536,             0.448,    0.002758595171,     0.03066245411,                 0,                 0,                 0,    -0.03393039325,    0.002089040789,     0.03071533571,                 0,       11.11524243
          0,           0,         490,      -12.02571448,      -12.57654665,      -12.46604671,      -11.47385893,             0.448,    0.002758595174,     0.03066245413,                 0,                 0,                 0,    -0.03393039326,    0.002089040791,     0.03071533573,                 0,       11.11524243
          0,           0,         491,      -12.03434396,      -12.59082935,      -12.48244296,      -11.48244998,             0.448,    0.002758595176,     0.03066245415,                 0,                 0,                 0,    -0.03393039327,    0.002089040793,     0.03071533575,                 0,       11.11524243
          0,           0,         492,      -12.04108487,      -12.60626868,      -12.49784002,      -11.48911596,             0.448,    0.002758595179,     0.03066245416,                 0,                 0,                 0,    -0.03393039328,    0.002089040796,     0.03071533577,                 0,       11.11524242
          0,           0,         493,      -12.04625285,      -12.62282666,      -12.51206762,      -11.49417733,             0.448,    0.002758595182,     0.03066245418,                 0,                 0,                 0,    -0.03393039329,    0.002089040799,     0.03071533578,                 0,       11.11524242
          0,           0,         494,      -12.05024624,       -12.6403524,      -12.52502859,      -11.49803912,             0.448,    0.002758595186,     0.03066245419,                 0,                 0,                 0,    -0.03393039329,    0.002089040802,     0.03071533579,                 0,       11.11524241
          0,           0,         495,      -12.05349555,      -12.65871765,      -12.53671677,      -11.50114027,             0.448,    0.002758595189,      0.0306624542,                 0,                 0,                 0,     -0.0339303933,    0.002089040805,      0.0307153358,                 0,        11.1152424
          0,           0,         496,       -12.0564296,      -12.67771052,      -12.54721562,      -11.50391649,             0.448,    0.002758595193,     0.03066245421,                 0,                 0,                 0,     -0.0339303933,    0.002089040808,     0.03071533581,                 0,       11.11524239
          0,           0,         497,      -12.05944542,      -12.69714113,      -12.55667518,      -11.50677078,             0.448,    0.002758595196,     0.03066245422,                 0,                 0,                 0,     -0.0339303933,    0.002089040812,     0.03071533582,                 0,       11.11524237
          0,           0,         498,      -12.06289167,      -12.71667706,       -12.5653052,       -11.5100566,             0.448,      0.0027585952,     0.03066245422,                 0,                 0,                 0,    -0.03393039331,    0.002089040815,     0.03071533583,                 0,       11.11524236
          0,           0,         499,      -12.06706138,      -12.73610659,      -12.57335325,      -11.51407156,             0.448,    0.002758595203,     0.03066245423,                 0,                 0,                 0,    -0.03393039331,    0.002089040818,     0.03071533583,                 0,       11.11524235
          0,           0,         500,      -12.07219262,      -12.75512793,      -12.58108021,      -11.51905609,             0.448,    0.002758595207,     0.03066245423,                 0,                 0,                 0,     -0.0339303933,    0.002089040822,     0.03071533584,                 0,       11.11524234
          0,           0,         501,      -12.07847316,      -12.77342806,      -12.58875056,       -11.5251993,             0.448,     0.00275859521,     0.03066245424,                 0,                 0,                 0,     -0.0339303933,    0.002089040825,     0.03071533584,                 0,       11.11524233
          0,           0,         502,      -12.08604467,      -12.79078132,      -12.59661957,      -11.53264413,             0.448,    0.002758595213,     0.03066245424,                 0,                 0,                 0,     -0.0339303933,    0.002089040828,     0.03071533585,                 0,       11.11524232
          0,           0,         503,      -12.09501052,       -12.8069988,      -12.60491091,      -11.54149452,             0.448,    0.002758595216,     0.03066245425,                 0,                 0,                 0,     -0.0339303933,    0.002089040831,     0.03071533585,                 0,        11.1152423
          0,           0,         504,       -12.1054419,       -12.8219848,      -12.61382924,      -11.55182244,             0.448,    0.002758595219,     0.03066245425,                 0,                 0,                 0,    -0.03393039329,    0.002089040834,     0.03071533586,                 0,        11.1152423
          0,           0,         505,      -12.11738123,      -12.83565551,      -12.62354525,      -11.56367039,             0.448,    0.002758595222,     0.03066245426,                 0,                 0,                 0,    -0.03393039329,    0.002089040836,     0.03071533586,                 0,       11.11524229
          0,           0,         506,      -12.13084685,      -12.84806296,      -12.63420311,      -11.57705598,             0.448,    0.002758595224,     0.03066245427,                 0,                 0,                 0,    -0.03393039328,    0.002089040838,     0.03071533587,                 0,       11.11524228
          0,           0,         507,      -12.14583571,      -12.85932631,      -12.64591403,      -11.59197711,             0.448,    0.002758595226,     0.03066245427,                 0,                 0,                 0,    -0.03393039327,     0.00208904084,     0.03071533588,                 0,       11.11524227
          0,           0,         508,      -12.16232292,      -12.86964076,      -12.65875773,      -11.60840859,             0.448,    0.002758595228,     0.03066245428,                 0,                 0,                 0,    -0.03393039327,    0.002089040842,     0.03071533588,                 0,       11.11524227
          0,           0,         509,      -12.18026319,      -12.87926494,      -12.67279561,      -11.62630598,             0.448,    0.002758595229,     0.03066245429,                 0,                 0,                 0,    -0.03393039326,    0.002089040843,     0.03071533589,                 0,       11.11524227
          0,           0,         510,      -12.19958826,      -12.88837065,      -12.68805804,      -11.64559994,             0.448,    0.002758595231,      0.0306624543,                 0,                 0,                 0,    -0.03393039325,    0.002089040844,      0.0307153359,                 0,       11.11524226
          0,           0,         511,      -12.22020295,      -12.89725178,      -12.70454854,      -11.66619563,             0.448,    0.002758595232,     0.03066245431,                 0,                 0,                 0,    -0.03393039324,    0.002089040845,     0.03071533591,                 0,       11.11524226
          0,           0,         512,      -12.24198594,       -12.9061878,      -12.72224721,      -11.68797268,             0.448,    0.002758595233,     0.03066245432,                 0,                 0,                 0,    -0.03393039324,    0.002089040846,     0.03071533592,                 0,       11.11524226
          0,           0,         513,      -12.26477969,      -12.91539749,      -12.74110847,      -11.71077281,             0.448,    0.002758595233,     0.03066245433,                 0,                 0,                 0,    -0.03393039323,    0.002089040846,     0.03071533593,                 0,       11.11524226
          0,           0,         514,      -12.28838902,       -12.9250874,      -12.76106637,      -11.73440106,             0.448,    0.002758595234,     0.03066245434,                 0,                 0,                 0,    -0.03393039322,    0.002089040846,     0.03071533595,                 0,       11.11524227
          0,           0,         515,       -12.3125776,      -12.93546832,      -12.78202111,      -11.75862089,             0.448,    0.002758595234,     0.03066245435,                 0,                 0,                 0,    -0.03393039321,    0.002089040846,     0.03071533596,                 0,       11.11524227
          0,           0,         516,      -12.33706471,      -12.94670068,      -12.80384612,      -11.78314987,             0.448,    0.002758595234,     0.03066245437,                 0,                 0,                 0,     -0.0339303932,    0.002089040846,     0.03071533597,                 0,       11.11524228
          0,           0,         517,      -12.36152922,      -12.95891687,      -12.82638265,       -11.8076659,             0.448,    0.002758595233,     0.03066245438,                 0,                 0,                 0,     -0.0339303932,    0.002089040845,     0.03071533599,                 0,       11.11524228
          0,           0,         518,      -12.38561959,      -12.97222741,      -12.84942992,       -11.8318147,             0.448,    0.002758595233,      0.0306624544,                 0,                 0,                 0,    -0.03393039319,    0.002089040844,       0.030715336,                 0,       11.11524229
          0,           0,         519,      -12.40896995,      -12.98671877,      -12.87273934,      -11.85523028,             0.448,    0.002758595232,     0.03066245441,                 0,                 0,                 0,    -0.03393039318,    0.002089040843,     0.03071533602,                 0,        11.1152423
          0,           0,         520,      -12.43122583,      -13.00239474,      -12.89601016,      -11.87755343,             0.448,    0.002758595232,     0.03066245443,                 0,                 0,                 0,    -0.03393039318,    0.002089040842,     0.03071533603,                 0,       11.11524231
          0,           0,         521,      -12.45208264,      -13.01930795,      -12.91889176,      -11.89847907,             0.448,    0.002758595231,     0.03066245445,                 0,                 0,                 0,    -0.03393039317,    0.002089040841,     0.03071533605,                 0,       11.11524232
          0,           0,         522,       -12.4713064,      -13.03741799,      -12.94102047,       -11.9177699,             0.448,     0.00275859523,     0.03066245446,                 0,                 0,                 0,    -0.03393039317,     0.00208904084,     0.03071533607,                 0,       11.11524233
          0,           0,         523,      -12.48877934,      -13.05672991,      -12.96202318,      -11.93530642,             0.448,    0.002758595228,     0.03066245448,                 0,                 0,                 0,    -0.03393039316,    0.002089040838,     0.03071533608,                 0,       11.11524234
          0,           0,         524,      -12.50450166,      -13.07702323,      -12.98158769,       -11.9510879,             0.448,    0.002758595227,     0.03066245449,                 0,                 0,                 0,    -0.03393039316,    0.002089040837,      0.0307153361,                 0,       11.11524235
          0,           0,         525,      -12.51860742,      -13.09825612,      -12.99945781,      -11.96524625,             0.448,    0.002758595226,     0.03066245451,                 0,                 0,                 0,    -0.03393039316,    0.002089040835,     0.03071533612,                 0,       11.11524236
          0,           0,         526,      -12.53132663,      -13.12018651,      -13.01551641,      -11.97801157,             0.448,    0.002758595225,     0.03066245453,                 0,                 0,                 0,    -0.03393039315,    0.002089040833,     0.03071533613,                 0,       11.11524237
          0,           0,         527,      -12.54297919,      -13.14258467,      -13.02973688,       -11.9897039,             0.448,    0.002758595223,     0.03066245454,                 0,                 0,                 0,    -0.03393039315,    0.002089040832,     0.03071533615,                 0,       11.11524238
          0,           0,         528,       -12.5539225,      -13.16514909,      -13.04227375,      -12.00068021,             0.448,    0.002758595222,     0.03066245456,                 0,                 0,                 0,    -0.03393039315,     0.00208904083,     0.03071533616,                 0,       11.11524239
          0,           0,         529,      -12.56452551,      -13.18756773,      -13.05335138,      -12.01131299,             0.448,    0.002758595221,     0.03066245458,                 0,                 0,                 0,    -0.03393039315,    0.002089040828,     0.03071533618,                 0,        11.1152424
          0,           0,         530,      -12.57513987,       -13.2094493,      -13.06328827,      -12.02195338,             0.448,     0.00275859522,     0.03066245459,                 0,                 0,                 0,    -0.03393039315,    0.002089040827,     0.03071533619,                 0,       11.11524241
          0,           0,         531,      -12.58607869,      -13.23039087,      -13.07239832,      -12.03291893,             0.448,    0.002758595218,      0.0306624546,                 0,                 0,                 0,    -0.03393039315,    0.002089040825,     0.03071533621,                 0,       11.11524242
          0,           0,         532,      -12.59760823,      -13.25003138,      -13.08108492,      -12.04447494,             0.448,    0.002758595217,     0.03066245462,                 0,                 0,                 0,    -0.03393039315,    0.002089040824,     0.03071533622,                 0,       11.11524243
          0,           0,         533,      -12.60993684,      -13.26804636,      -13.08968387,      -12.05683482,             0.448,    0.002758595216,     0.03066245463,                 0,                 0,                 0,    -0.03393039315,    0.002089040823,     0.03071533624,                 0,       11.11524244
          0,           0,         534,      -12.62321831,      -13.28440168,      -13.09845836,      -12.07015185,             0.448,    0.002758595215,     0.03066245464,                 0,                 0,                 0,    -0.03393039315,    0.002089040821,     0.03071533625,                 0,       11.11524245
          0,           0,         535,      -12.63756054,      -13.29865245,      -13.10771127,       -12.0845368,             0.448,    0.002758595214,     0.03066245466,                 0,                 0,                 0,    -0.03393039315,     0.00208904082,     0.03071533626,                 0,       11.11524246
          0,           0,         536,      -12.65300589,      -13.31111426,      -13.11763739,      -12.10003259,             0.448,    0.002758595214,     0.03066245467,                 0,                 0,                 0,    -0.03393039315,    0.002089040819,     0.03071533627,                 0,       11.11524247
          0,           0,         537,      -12.66954835,      -13.32189532,      -13.12834067,      -12.11663479,             0.448,    0.002758595213,     0.03066245468,                 0,                 0,                 0,    -0.03393039316,    0.002089040818,     0.03071533628,                 0,       11.11524247
          0,           0,         538,      -12.68713806,      -13.33107589,      -13.13997629,      -12.13429512,             0.448,    0.002758595212,     0.03066245469,                 0,                 0,                 0,    -0.03393039316,    0.002089040817,     0.03071533629,                 0,       11.11524248
          0,           0,         539,      -12.70564483,      -13.33934659,      -13.15259455,       -12.1528837,             0.448,    0.002758595212,      0.0306624547,                 0,                 0,                 0,    -0.03393039316,    0.002089040817,      0.0307153363,                 0,       11.11524249
          0,           0,         540,      -12.72490195,      -13.34681226,       -13.1661939,       -12.1722341,             0.448,    0.002758595211,     0.03066245471,                 0,                 0,                 0,    -0.03393039316,    0.002089040816,     0.03071533631,                 0,       11.11524249
          0,           0,         541,      -12.74467543,      -13.35380748,      -13.18077758,      -12.19211083,             0.448,    0.002758595211,     0.03066245471,                 0,                 0,                 0,    -0.03393039316,    0.002089040816,     0.03071533632,                 0,       11.11524249
          0,           0,         542,      -12.76466554,      -13.36084823,      -13.19629997,      -12.21221415,             0.448,    0.002758595211,     0.03066245472,                 0,                 0,                 0,    -0.03393039317,    0.002089040815,     0.03071533632,                 0,        11.1152425
          0,           0,         543,      -12.78451481,      -13.36821829,       -13.2126494,      -12.23217949,             0.448,    0.002758595211,     0.03066245473,                 0,                 0,                 0,    -0.03393039317,    0.002089040815,     0.03071533633,                 0,        11.1152425
          0,           0,         544,      -12.80382128,      -13.37613087,      -13.22974518,      -12.25160634,             0.448,    0.002758595211,     0.03066245473,                 0,                 0,                 0,    -0.03393039317,    0.002089040815,     0.03071533634,                 0,        11.1152425
          0,           0,         545,      -12.82215629,      -13.38486034,      -13.24737801,      -12.27005276,             0.448,    0.002758595211,     0.03066245474,                 0,                 0,                 0,    -0.03393039317,    0.002089040815,     0.03071533634,                 0,        11.1152425
          0,           0,         546,      -12.83912174,      -13.39444281,      -13.26539352,      -12.28711207,             0.448,    0.002758595211,     0.03066245474,                 0,                 0,                 0,    -0.03393039317,    0.002089040815,     0.03071533635,                 0,        11.1152425
          0,           0,         547,      -12.85434026,      -13.40536367,        -13.283514,      -12.30240376,             0.448,    0.002758595211,     0.03066245475,                 0,                 0,                 0,    -0.03393039318,    0.002089040815,     0.03071533635,                 0,       11.11524251
          0,           0,         548,      -12.86756733,       -13.4171059,      -13.30147307,      -12.31566986,             0.448,    0.002758595211,     0.03066245475,                 0,                 0,                 0,    -0.03393039318,    0.002089040815,     0.03071533635,                 0,       11.11524251
          0,           0,         549,      -12.87867104,      -13.43027293,      -13.31898318,      -12.32677553,             0.448,    0.002758595212,     0.03066245475,                 0,                 0,                 0,    -0.03393039318,    0.002089040815,     0.03071533636,                 0,       11.11524251
          0,           0,         550,      -12.88768374,      -13.44476636,      -13.33574004,      -12.33575783,             0.448,    0.002758595212,     0.03066245475,                 0,                 0,                 0,    -0.03393039318,    0.002089040816,     0.03071533636,                 0,        11.1152425
          0,           0,         551,      -12.89479786,      -13.46040398,      -13.35151717,      -12.34280726,             0.448,    0.002758595213,     0.03066245476,                 0,                 0,                 0,    -0.03393039318,    0.002089040816,     0.03071533636,                 0,        11.1152425
          0,           0,         552,      -12.90030799,      -13.47725889,      -13.36611846,      -12.34821818,             0.448,    0.002758595213,     0.03066245476,                 0,                 0,                 0,    -0.03393039318,    0.002089040817,     0.03071533636,                 0,        11.1152425
          0,           0,         553,      -12.90461368,      -13.49489688,      -13.37944502,      -12.35239765,             0.448,    0.002758595213,     0.03066245476,                 0,                 0,                 0,    -0.03393039318,    0.002089040817,     0.03071533636,                 0,        11.1152425
          0,           0,         554,      -12.90813879,      -13.51342294,      -13.39148564,      -12.35578192,             0.448,    0.002758595214,     0.03066245476,                 0,                 0,                 0,    -0.03393039318,    0.002089040817,     0.03071533636,                 0,        11.1152425
          0,           0,         555,      -12.91131881,      -13.53264909,      -13.40227555,      -12.35880669,             0.448,    0.002758595214,     0.03066245476,                 0,                 0,                 0,    -0.03393039319,    0.002089040818,     0.03071533636,                 0,        11.1152425
          0,           0,         556,      -12.91455187,      -13.55229337,      -13.41198424,      -12.36188226,             0.448,    0.002758595215,     0.03066245476,                 0,                 0,                 0,    -0.03393039319,    0.002089040818,     0.03071533637,                 0,        11.1152425
          0,           0,         557,      -12.91819093,      -13.57204972,      -13.42082045,      -12.36536264,             0.448,    0.002758595215,     0.03066245476,                 0,                 0,                 0,    -0.03393039319,    0.002089040819,     0.03071533637,                 0,       11.11524249
          0,           0,         558,      -12.92253565,      -13.59173553,      -13.42903251,      -12.36955534,             0.448,    0.002758595216,     0.03066245476,                 0,                 0,                 0,    -0.03393039319,    0.002089040819,     0.03071533637,                 0,       11.11524249
          0,           0,         559,      -12.92782768,      -13.61084022,      -13.43689885,      -12.37469909,             0.448,    0.002758595216,     0.03066245476,                 0,                 0,                 0,    -0.03393039319,     0.00208904082,     0.03071533637,                 0,       11.11524249
          0,           0,         560,      -12.93426194,      -13.62934297,      -13.44467475,      -12.38099761,             0.448,    0.002758595217,     0.03066245476,                 0,                 0,                 0,    -0.03393039319,     0.00208904082,     0.03071533637,                 0,       11.11524249
          0,           0,         561,      -12.94198067,      -13.64682722,      -13.45260344,      -12.38858855,             0.448,    0.002758595217,     0.03066245476,                 0,                 0,                 0,    -0.03393039319,    0.002089040821,     0.03071533637,                 0,       11.11524249
          0,           0,         562,      -12.95109443,      -13.66325754,      -13.46093934,      -12.39758516,             0.448,    0.002758595218,     0.03066245477,                 0,                 0,                 0,    -0.03393039318,    0.002089040821,     0.03071533637,                 0,       11.11524249
          0,           0,         563,      -12.96167073,      -13.67828202,      -13.46988806,      -12.40805806,             0.448,    0.002758595218,     0.03066245477,                 0,                 0,                 0,    -0.03393039318,    0.002089040822,     0.03071533637,                 0,       11.11524248
          0,           0,         564,      -12.97376104,      -13.69187206,      -13.47963178,      -12.42005463,             0.448,    0.002758595218,     0.03066245477,                 0,                 0,                 0,    -0.03393039318,    0.002089040822,     0.03071533637,                 0,       11.11524248
          0,           0,         565,      -12.98737843,      -13.70418431,      -13.49028541,      -12.43358835,             0.448,    0.002758595219,     0.03066245477,                 0,                 0,                 0,    -0.03393039318,    0.002089040822,     0.03071533637,                 0,       11.11524248
          0,           0,         566,      -13.00252841,      -13.71531446,      -13.50199142,       -12.4486665,             0.448,    0.002758595219,     0.03066245477,                 0,                 0,                 0,    -0.03393039318,    0.002089040822,     0.03071533637,                 0,       11.11524248
