"Time_Iter","Outer_Iter","Inner_Iter",    "rms[Rho]"    ,    "rms[RhoU]"   ,    "rms[RhoV]"   ,    "rms[RhoE]"   ,    "RefForce"    ,       "CD"       ,       "CL"       ,       "CSF"      ,       "CMx"      ,       "CMy"      ,       "CMz"      ,       "CFx"      ,       "CFy"      ,       "CFz"      ,      "CEff"      
          0,           0,           0,      -5.213528002,      -5.204222074,      -5.862526944,      -4.617148031,             0.448,    0.004893840717,     0.09468912074,                 0,                 0,                 0,    -0.03094979318,    0.002827043833,     0.09477334587,                 0,       19.34863152
          0,           0,           1,      -5.503154354,      -5.399305733,      -5.365222569,      -4.905595995,             0.448,    0.002576864266,     0.09401623404,                 0,                 0,                 0,    -0.03123981255,    0.000525297705,     0.09405007472,                 0,       36.48474438
          0,           0,           2,      -5.421079509,       -5.39287215,      -5.444059581,      -4.831342852,             0.448,    0.002200649162,      0.0951152801,                 0,                 0,                 0,    -0.03134200658,   0.0001251965663,     0.09514065215,                 0,       43.22146472
          0,           0,           3,      -5.390904168,      -5.422144888,      -5.403630455,      -4.802722745,             0.448,    0.002219914354,     0.09416413816,                 0,                 0,                 0,    -0.03172050356,   0.0001652062259,     0.09419015682,                 0,       42.41791491
          0,           0,           4,      -5.347899359,      -5.372828622,       -5.37382354,       -4.76303512,             0.448,    0.001973124327,      0.0928081572,                 0,                 0,                 0,    -0.03203512341,  -5.194450247e-05,     0.09282911486,                 0,       47.03614259
          0,           0,           5,      -5.332837977,      -5.343036511,      -5.390480208,      -4.751015876,             0.448,    0.001795269529,     0.09220224803,                 0,                 0,                 0,    -0.03219491491,   -0.000216539137,     0.09221946999,                 0,       51.35844314
          0,           0,           6,      -5.327988908,      -5.399119548,      -5.417679549,       -4.75098175,             0.448,    0.001703516967,     0.09159957492,                 0,                 0,                 0,    -0.03244056009,  -0.0002951226196,     0.09161493873,                 0,        53.7708615
          0,           0,           7,      -5.320605806,      -5.387047653,      -5.407551075,      -4.745354496,             0.448,    0.001633045117,     0.09081467791,                 0,                 0,                 0,     -0.0326654467,   -0.000348455262,     0.09082869117,                 0,       55.61063622
          0,           0,           8,      -5.312319953,      -5.368814727,      -5.420604012,      -4.738832174,             0.448,     0.00155325002,     0.09007329278,                 0,                 0,                 0,    -0.03281729644,  -0.0004120581378,     0.09008574175,                 0,       57.99020866
          0,           0,           9,      -5.318300667,      -5.416384156,      -5.446923911,      -4.748489982,             0.448,    0.001466939668,     0.08949898624,                 0,                 0,                 0,    -0.03290153892,   -0.000485819519,     0.08950968902,                 0,       61.01067969
          0,           0,          10,      -5.320467406,      -5.465541092,      -5.478953071,      -4.753167109,             0.448,    0.001390402245,     0.08903140869,                 0,                 0,                 0,    -0.03294629656,  -0.0005521385785,     0.08904055309,                 0,       64.03284304
          0,           0,          11,      -5.325165759,      -5.490724704,      -5.494811865,      -4.760143143,             0.448,    0.001322768686,     0.08859515546,                 0,                 0,                 0,    -0.03297786472,  -0.0006102392281,     0.08860292826,                 0,       66.97705835
          0,           0,          12,      -5.329162636,      -5.507480679,      -5.509814528,      -4.766183595,             0.448,     0.00125674097,     0.08817542793,                 0,                 0,                 0,    -0.03300315081,  -0.0006670949238,     0.08818186023,                 0,       70.16197455
          0,           0,          13,      -5.334450864,      -5.529476444,      -5.528538214,      -4.772221242,             0.448,    0.001192167748,     0.08779186485,                 0,                 0,                 0,    -0.03301623407,  -0.0007232853947,     0.08779697976,                 0,       73.64053006
          0,           0,          14,      -5.342572438,      -5.555438592,      -5.544346107,      -4.779687536,             0.448,    0.001132607608,      0.0874560513,                 0,                 0,                 0,    -0.03301466881,  -0.0007755056269,     0.08745994683,                 0,       77.21654941
          0,           0,          15,      -5.349449226,       -5.57625511,      -5.559240266,      -4.785542327,             0.448,    0.001079950501,     0.08716048089,                 0,                 0,                 0,    -0.03300473995,  -0.0008217023685,     0.08716329805,                 0,       80.70784803
          0,           0,          16,      -5.354764732,      -5.587519309,      -5.576520487,      -4.790809295,             0.448,    0.001033431935,     0.08689250196,                 0,                 0,                 0,    -0.03299343853,  -0.0008623639342,     0.08689436809,                 0,       84.08149487
          0,           0,          17,      -5.360818224,      -5.590676272,      -5.596265541,      -4.797937912,             0.448,   0.0009915841577,     0.08664621262,                 0,                 0,                 0,    -0.03298241404,  -0.0008988289794,     0.08664722446,                 0,        87.3816024
          0,           0,          18,         -5.368931,      -5.589567593,      -5.618362025,      -4.807507389,             0.448,   0.0009538518024,     0.08642068254,                 0,                 0,                 0,    -0.03297052025,  -0.0009316324427,     0.08642092492,                 0,       90.60179193
          0,           0,          19,      -5.379351897,      -5.588622524,      -5.643516866,       -4.81915907,             0.448,   0.0009206905081,      0.0862147479,                 0,                 0,                 0,    -0.03295742161,   -0.000960293405,     0.08621431588,                 0,       93.64139973
          0,           0,          20,      -5.391517221,      -5.591555641,      -5.672284294,      -4.832213455,             0.448,   0.0008929437805,     0.08602555574,                 0,                 0,                 0,    -0.03294397529,  -0.0009839063245,     0.08602456346,                 0,       96.33927423
          0,           0,          21,      -5.404614265,       -5.60011653,      -5.703887964,      -4.846042623,             0.448,   0.0008713748287,     0.08584960755,                 0,                 0,                 0,    -0.03293124768,   -0.001001631854,     0.08584818661,                 0,       98.52201914
          0,           0,          22,      -5.418010515,         -5.613854,      -5.735945185,       -4.86014866,             0.448,   0.0008565849187,      0.0856841789,                 0,                 0,                 0,    -0.03291998122,   -0.001012809437,     0.08568247469,                 0,       100.0299877
          0,           0,          23,       -5.43135182,      -5.630987571,      -5.765456778,      -4.874132688,             0.448,   0.0008489753973,     0.08552578639,                 0,                 0,                 0,    -0.03291098109,   -0.001016961833,     0.08552395387,                 0,       100.7400057
          0,           0,          24,      -5.444503897,      -5.649721402,      -5.790280854,      -4.887744999,             0.448,   0.0008487072479,     0.08537403329,                 0,                 0,                 0,    -0.03290483381,   -0.001013919443,     0.08537223104,                 0,       100.5930296
          0,           0,          25,      -5.457465589,      -5.669179719,      -5.810395609,      -4.900907772,             0.448,   0.0008556145071,     0.08522737536,                 0,                 0,                 0,    -0.03290219976,   -0.001003814501,     0.08522575868,                 0,       99.60954922
          0,           0,          26,      -5.470372599,      -5.689597282,      -5.827332277,      -4.913820613,             0.448,   0.0008691840392,      0.0850847242,                 0,                 0,                 0,     -0.0329034678,  -0.0009871362798,     0.08508343749,                 0,       97.89034355
          0,           0,          27,       -5.48335682,      -5.711963447,      -5.843593467,      -4.926761867,             0.448,   0.0008885514768,     0.08494454788,                 0,                 0,                 0,    -0.03290884523,  -0.0009647155206,     0.08494371702,                 0,       95.59890461
          0,           0,          28,      -5.496505204,      -5.737508513,      -5.861704919,      -4.939971064,             0.448,   0.0009125581467,     0.08480529323,                 0,                 0,                 0,    -0.03291836928,  -0.0009376767396,     0.08480501922,                 0,       92.93138584
          0,           0,          29,      -5.509879353,      -5.767131421,      -5.883533218,      -4.953626682,             0.448,   0.0009398844047,     0.08466575472,                 0,                 0,                 0,    -0.03293181825,   -0.000907312968,     0.08466611004,                 0,       90.08102943
          0,           0,          30,      -5.523605384,      -5.801052241,      -5.909531445,      -4.967868519,             0.448,   0.0009692160795,     0.08452569527,                 0,                 0,                 0,    -0.03294852423,  -0.0008749328925,     0.08452672378,                 0,       87.21037244
          0,           0,          31,       -5.53775807,       -5.83863708,      -5.938853503,      -4.982683204,             0.448,    0.000999231399,     0.08438495845,                 0,                 0,                 0,    -0.03296782389,  -0.0008418545583,     0.08438667523,                 0,       84.44986671
          0,           0,          32,      -5.552403098,      -5.878311952,      -5.969307398,        -4.9979989,             0.448,    0.001028690091,     0.08424312565,                 0,                 0,                 0,    -0.03298917108,  -0.0008093088105,     0.08424551883,                 0,       81.89359108
          0,           0,          33,      -5.567533982,      -5.917732161,      -5.998444784,      -5.013667076,             0.448,    0.001056559198,     0.08409992553,                 0,                 0,                 0,    -0.03301197305,   -0.000778322441,     0.08410296074,                 0,        79.5979304
          0,           0,          34,      -5.583031354,       -5.95451764,      -6.024474293,      -5.029488026,             0.448,    0.001082008629,     0.08395541157,                 0,                 0,                 0,    -0.03303550613,  -0.0007497265114,     0.08395903635,                 0,       77.59218303
          0,           0,          35,      -5.598779144,      -5.987248058,      -6.046920603,      -5.045354315,             0.448,    0.001104349191,     0.08381000185,                 0,                 0,                 0,    -0.03305905585,   -0.000724219169,     0.08381414859,                 0,       75.89085274
          0,           0,          36,      -5.614704846,      -6.016033057,      -6.066646532,      -5.061252966,             0.448,    0.001122988665,      0.0836640807,                 0,                 0,                 0,     -0.0330820944,  -0.0007024008785,     0.08366866879,                 0,       74.50126911
          0,           0,          37,      -5.630759604,      -6.042341278,      -6.085276664,      -5.077214271,             0.448,    0.001137524703,     0.08351842852,                 0,                 0,                 0,    -0.03310403293,  -0.0006846909137,     0.08352336837,                 0,       73.42119983
          0,           0,          38,       -5.64693607,      -6.068203698,      -6.104341361,      -5.093314517,             0.448,    0.001147761932,     0.08337373531,                 0,                 0,                 0,    -0.03312439405,  -0.0006712996547,     0.08337893292,                 0,       72.64026883
          0,           0,          39,      -5.663271777,      -6.095341342,      -6.124564039,      -5.109639531,             0.448,    0.001153711155,     0.08323173866,                 0,                 0,                 0,    -0.03314261986,  -0.0006622542073,     0.08323709983,                 0,       72.14261413
          0,           0,          40,       -5.67998049,      -6.124752626,       -6.14639151,      -5.126427703,             0.448,    0.001155603458,     0.08309384548,                 0,                 0,                 0,     -0.0331582501,  -0.0006573542306,     0.08309928075,                 0,       71.90515475
          0,           0,          41,      -5.697146295,      -6.156851305,      -6.169395321,      -5.143734613,             0.448,    0.001153806955,     0.08296084571,                 0,                 0,                 0,    -0.03317114414,  -0.0006562489312,     0.08296627344,                 0,       71.90184228
          0,           0,          42,      -5.714827238,      -6.191333395,      -6.192678944,      -5.161592017,             0.448,     0.00114885581,     0.08283360939,                 0,                 0,                 0,    -0.03318115573,  -0.0006584232528,     0.08283895939,                 0,       72.10096228
          0,           0,          43,      -5.733079122,      -6.227408388,      -6.215223811,      -5.180023153,             0.448,    0.001141391088,     0.08271280046,                 0,                 0,                 0,    -0.03318825205,  -0.0006632507653,     0.08271801637,                 0,        72.4666605
          0,           0,          44,      -5.751875572,      -6.263991534,      -6.236415305,      -5.198964087,             0.448,    0.001132126929,     0.08259952007,                 0,                 0,                 0,     -0.0331923264,  -0.0006700415211,     0.08260456084,                 0,       72.95959312
          0,           0,          45,      -5.771113803,       -6.29983582,       -6.25619744,      -5.218285818,             0.448,    0.001121721764,     0.08249427952,                 0,                 0,                 0,     -0.0331935283,  -0.0006781483989,     0.08249911835,                 0,       73.54255052
          0,           0,          46,      -5.790663785,       -6.33357391,      -6.274903634,      -5.237836964,             0.448,    0.001110829695,     0.08239749611,                 0,                 0,                 0,    -0.03319202292,  -0.0006869265572,     0.08240212036,                 0,       74.17653353
          0,           0,          47,      -5.810287973,      -6.364006751,      -6.293292348,      -5.257370847,             0.448,    0.001100034645,      0.0823092451,                 0,                 0,                 0,    -0.03318811185,   -0.000695793853,     0.08231365486,                 0,       74.82422986
          0,           0,          48,      -5.829750979,      -6.390545393,      -6.311669084,      -5.276670637,             0.448,    0.001089838572,     0.08222939242,                 0,                 0,                 0,    -0.03318217846,  -0.0007042455221,     0.08223359875,                 0,       75.45098378
          0,           0,          49,      -5.848882267,      -6.413312202,      -6.330202379,      -5.295584727,             0.448,     0.00108063875,     0.08215755936,                 0,                 0,                 0,     -0.0331746752,   -0.000711876125,     0.08216158209,                 0,       76.02684928
          0,           0,          50,      -5.867581166,      -6.433014873,      -6.348937346,      -5.314031964,             0.448,    0.001072744485,     0.08209335317,                 0,                 0,                 0,    -0.03316601333,  -0.0007183678605,     0.08209721898,                 0,        76.5264742
          0,           0,          51,      -5.885846576,      -6.450751103,      -6.367818998,      -5.332045593,             0.448,    0.001066384053,     0.08203647629,                 0,                 0,                 0,    -0.03315652647,  -0.0007234860168,     0.08204021688,                 0,       76.92957906
          0,           0,          52,      -5.903776818,      -6.467721587,      -6.386659963,      -5.349766344,             0.448,    0.001061674608,     0.08198641287,                 0,                 0,                 0,    -0.03314659628,  -0.0007271022127,     0.08199006264,                 0,       77.22367308
          0,           0,          53,      -5.921511291,      -6.484896379,      -6.405271053,      -5.367360901,             0.448,    0.001058623004,     0.08194260371,                 0,                 0,                 0,    -0.03313656537,  -0.0007291973986,     0.08194619732,                 0,       77.40489615
          0,           0,          54,      -5.939246031,      -6.502941067,      -6.423466432,      -5.385043487,             0.448,    0.001057131706,     0.08190426244,                 0,                 0,                 0,    -0.03312680114,  -0.0007298519314,     0.08190783265,                 0,       77.47782225
          0,           0,          55,      -5.957201956,      -6.522220169,      -6.441112256,      -5.403045119,             0.448,     0.00105704637,     0.08187046805,                 0,                 0,                 0,    -0.03311761143,  -0.0007292000264,     0.08187404444,                 0,        77.4521065
          0,           0,          56,       -5.97561098,      -6.542712693,      -6.458023962,      -5.421594467,             0.448,    0.001058172939,      0.0818406501,                 0,                 0,                 0,    -0.03310918717,  -0.0007274232502,     0.08184425816,                 0,       77.34146949
          0,           0,          57,      -5.994598144,      -6.564336721,      -6.474234033,      -5.440807498,             0.448,    0.001060267272,     0.08181435017,                 0,                 0,                 0,    -0.03310171952,  -0.0007247556857,     0.08181801018,                 0,       77.16389283
          0,           0,          58,      -6.014303623,      -6.586960171,      -6.490174575,      -5.460801858,             0.448,    0.001063062441,     0.08179073295,                 0,                 0,                 0,     -0.0330954168,  -0.0007214459757,     0.08179445955,                 0,       76.93878537
          0,           0,          59,       -6.03479077,       -6.61024664,      -6.506214573,      -5.481604146,             0.448,    0.001066318288,     0.08176915599,                 0,                 0,                 0,    -0.03309035486,   -0.000717720204,     0.08177295875,                 0,       76.68362899
          0,           0,          60,      -6.055924609,      -6.633862227,      -6.523170096,      -5.503060775,             0.448,    0.001069800085,      0.0817490169,                 0,                 0,                 0,    -0.03308658824,  -0.0007137999039,     0.08175290042,                 0,       76.41522753
          0,           0,          61,      -6.077589666,      -6.657672781,      -6.541078694,      -5.525067965,             0.448,    0.001073314903,     0.08172990294,                 0,                 0,                 0,    -0.03308408197,  -0.0007098689535,     0.08173386768,                 0,       76.14717984
          0,           0,          62,      -6.099376438,      -6.681627199,      -6.559908011,      -5.547188612,             0.448,    0.001076676779,     0.08171155824,                 0,                 0,                 0,    -0.03308280689,  -0.0007061076895,     0.08171560068,                 0,       75.89237532
          0,           0,          63,      -6.121051968,      -6.705610321,      -6.579574381,      -5.569163053,             0.448,    0.001079715795,     0.08169343475,                 0,                 0,                 0,    -0.03308279658,   -0.000702674035,      0.0816975478,                 0,       75.66197986
          0,           0,          64,      -6.142413096,      -6.729557573,      -6.600378817,      -5.590762558,             0.448,    0.001082331074,      0.0816752701,                 0,                 0,                 0,    -0.03308393826,  -0.0006996631188,     0.08167944453,                 0,       75.46237196
          0,           0,          65,      -6.163243751,      -6.753478876,      -6.622446428,      -5.611770107,             0.448,    0.001084457471,     0.08165692197,                 0,                 0,                 0,    -0.03308608735,  -0.0006971369657,     0.08166114715,                 0,       75.29748668
          0,           0,          66,      -6.183371022,      -6.777374386,      -6.645598369,      -5.632019081,             0.448,     0.00108604855,      0.0816382063,                 0,                 0,                 0,    -0.03308914961,  -0.0006951379853,     0.08164247064,                 0,       75.16994182
          0,           0,          67,       -6.20268617,      -6.801033795,      -6.669435415,      -5.651401848,             0.448,    0.001087090355,     0.08161899718,                 0,                 0,                 0,    -0.03309300422,  -0.0006936773829,     0.08162328882,                 0,       75.08023301
          0,           0,          68,      -6.221181265,      -6.824102478,      -6.693507825,      -5.669919258,             0.448,    0.001087605983,     0.08159929429,                 0,                 0,                 0,    -0.03309748772,   -0.000692732061,     0.08160360186,                 0,       75.02652204
          0,           0,          69,      -6.238827327,      -6.846178981,      -6.717391327,      -5.687544817,             0.448,    0.001087637956,     0.08157913551,                 0,                 0,                 0,    -0.03310244085,  -0.0006922603349,     0.08158344858,                 0,       75.00578209
          0,           0,          70,      -6.255658748,      -6.866873988,      -6.740681524,       -5.70432289,             0.448,    0.001087240213,     0.08155853436,                 0,                 0,                 0,    -0.03310773017,  -0.0006922085713,     0.08156284366,                 0,       75.01427318
          0,           0,          71,      -6.271825773,      -6.886040638,      -6.763037672,      -5.720417649,             0.448,    0.001086476889,     0.08153750254,                 0,                 0,                 0,    -0.03311323517,  -0.0006925129071,     0.08154180019,                 0,       75.04761801
          0,           0,          72,      -6.287471723,      -6.903714377,      -6.784017844,      -5.735975723,             0.448,    0.001085443367,     0.08151626867,                 0,                 0,                 0,    -0.03311877108,  -0.0006930829688,     0.08152054883,                 0,        75.0995134
          0,           0,          73,      -6.302772292,       -6.92021376,      -6.803193807,      -5.751177154,             0.448,    0.001084225354,     0.08149502241,                 0,                 0,                 0,    -0.03312419686,  -0.0006938372069,     0.08149928105,                 0,       75.16428397
          0,           0,          74,       -6.31787811,      -6.935820833,       -6.82033476,       -5.76618126,             0.448,     0.00108289731,     0.08147386806,                 0,                 0,                 0,    -0.03312942986,  -0.0006947034548,     0.08147810277,                 0,         75.236929
          0,           0,          75,      -6.332937446,      -6.950795128,      -6.835289406,      -5.781147236,             0.448,    0.001081527549,     0.08145288155,                 0,                 0,                 0,    -0.03313440218,   -0.000695615072,     0.08145709137,                 0,       75.31281254
          0,           0,          76,      -6.348019462,      -6.965467729,      -6.848206478,      -5.796140207,             0.448,    0.001080183304,     0.08143223395,                 0,                 0,                 0,    -0.03313903339,  -0.0006965085719,     0.08143641936,                 0,       75.38742141
          0,           0,          77,      -6.363167723,      -6.980164664,      -6.859513326,      -5.811196904,             0.448,    0.001078916344,      0.0814120723,                 0,                 0,                 0,    -0.03314326785,   -0.000697335407,     0.08141623487,                 0,       75.45726116
          0,           0,          78,      -6.378452861,      -6.995177507,      -6.869919725,      -5.826387292,             0.448,    0.001077766064,     0.08139249829,                 0,                 0,                 0,    -0.03314707535,   -0.000698058408,     0.08139664042,                 0,       75.51963363
          0,           0,          79,      -6.393900984,      -7.010685747,       -6.88001973,       -5.84172739,             0.448,    0.001076765837,     0.08137358883,                 0,                 0,                 0,    -0.03315044185,  -0.0006986458891,     0.08137771364,                 0,        75.5722238
          0,           0,          80,      -6.409486313,      -7.026856684,       -6.89029875,      -5.857194181,             0.448,    0.001075944504,     0.08135551902,                 0,                 0,                 0,    -0.03315332442,  -0.0006990728358,     0.08135963022,                 0,       75.61311825
          0,           0,          81,      -6.425167608,      -7.043647447,      -6.901178171,      -5.872756837,             0.448,    0.001075309997,     0.08133836796,                 0,                 0,                 0,    -0.03315572948,  -0.0006993330434,      0.0813424694,                 0,       75.64178532
          0,           0,          82,      -6.440914798,      -7.060932065,      -6.913076352,      -5.888388415,             0.448,    0.001074859213,     0.08132214406,                 0,                 0,                 0,    -0.03315769312,   -0.000699429798,     0.08132623953,                 0,       75.65841469
          0,           0,          83,      -6.456690266,      -7.078577543,      -6.926353667,      -5.904053261,             0.448,     0.00107458116,     0.08130686812,                 0,                 0,                 0,    -0.03315924296,  -0.0006993745421,     0.08131096115,                 0,       75.66377597
          0,           0,          84,      -6.472441198,      -7.096431014,      -6.941223943,      -5.919704773,             0.448,    0.001074462566,     0.08129254326,                 0,                 0,                 0,    -0.03316041202,  -0.0006991806126,     0.08129663712,                 0,       75.65879524
          0,           0,          85,      -6.488113667,      -7.114306671,      -6.957771196,       -5.93530202,             0.448,    0.001074485912,     0.08127916052,                 0,                 0,                 0,    -0.03316123786,  -0.0006988653289,     0.08128325807,                 0,       75.64469632
          0,           0,          86,      -6.503660171,       -7.13204319,      -6.975869915,      -5.950812384,             0.448,    0.001074627239,     0.08126667725,                 0,                 0,                 0,      -0.033161765,  -0.0006984517145,     0.08127078085,                 0,       75.62313172
          0,           0,          87,      -6.519012869,      -7.149501212,      -6.995360764,      -5.966173946,             0.448,    0.001074861458,     0.08125505365,                 0,                 0,                 0,    -0.03316204038,  -0.0006979639835,     0.08125916513,                 0,       75.59583891
          0,           0,          88,      -6.534187348,        -7.1667025,      -7.016087108,      -5.981407554,             0.448,    0.001075169535,     0.08124429352,                 0,                 0,                 0,     -0.0331620918,  -0.0006974212494,     0.08124841428,                 0,       75.56417002
          0,           0,          89,      -6.549194131,      -7.183569642,      -7.037858965,      -5.996520352,             0.448,    0.001075530357,      0.0812343434,                 0,                 0,                 0,    -0.03316195972,  -0.0006968434527,      0.0812384744,                 0,       75.52956818
          0,           0,          90,      -6.564001351,      -7.199972635,      -7.060350039,       -6.01148328,             0.448,    0.001075925357,     0.08122514958,                 0,                 0,                 0,    -0.03316167477,  -0.0006962479844,     0.08122929138,                 0,       75.49329428
          0,           0,          91,      -6.578438481,      -7.215815454,      -7.083196413,      -6.026111221,             0.448,     0.00107633695,     0.08121670784,                 0,                 0,                 0,    -0.03316126207,  -0.0006956523331,     0.08122086063,                 0,       75.45658245
          0,           0,          92,      -6.592666775,      -7.231200542,      -7.105920779,       -6.04058733,             0.448,    0.001076750271,     0.08120896152,                 0,                 0,                 0,    -0.03316075289,  -0.0006950701259,     0.08121312517,                 0,       75.42042358
          0,           0,          93,      -6.606699115,      -7.246010327,      -7.128089274,      -6.054916509,             0.448,    0.001077149027,     0.08120179845,                 0,                 0,                 0,    -0.03316019445,  -0.0006945152028,      0.0812059725,                 0,       75.38585321
          0,           0,          94,      -6.620552128,      -7.260319908,      -7.149399494,      -6.069101213,             0.448,    0.001077522489,     0.08119514686,                 0,                 0,                 0,    -0.03315961649,  -0.0006939967267,     0.08119933065,                 0,       75.35355199
          0,           0,          95,      -6.634227407,      -7.274210638,      -7.169678533,      -6.083133123,             0.448,    0.001077868203,     0.08118898807,                 0,                 0,                 0,    -0.03315902409,  -0.0006935167408,     0.08119318086,                 0,       75.32366927
          0,           0,          96,      -6.647709352,      -7.287730193,      -7.188832666,      -6.096984738,             0.448,    0.001078185439,     0.08118330376,                 0,                 0,                 0,    -0.03315842078,  -0.0006930755787,     0.08118750482,                 0,       75.29623464
          0,           0,          97,      -6.661009573,      -7.300946517,      -7.206787111,      -6.110658418,             0.448,    0.001078471702,     0.08117806136,                 0,                 0,                 0,    -0.03315781414,  -0.0006926750206,     0.08118226992,                 0,       75.27138744
          0,           0,          98,      -6.674131385,      -7.313941637,      -7.223532172,      -6.124148047,             0.448,    0.001078727395,     0.08117323471,                 0,                 0,                 0,     -0.0331572084,  -0.0006923140962,        0.08117745,                 0,       75.24907136
          0,           0,          99,       -6.68709322,      -7.326805707,      -7.239138901,      -6.137464689,             0.448,    0.001078954441,     0.08116879725,                 0,                 0,                 0,    -0.03315660647,  -0.0006919903012,     0.08117301854,                 0,       75.22912382
          0,           0,         100,      -6.699912645,      -7.339656932,      -7.253743173,      -6.150617546,             0.448,    0.001079156312,     0.08116473225,                 0,                 0,                 0,    -0.03315600583,  -0.0006916998004,     0.08116895891,                 0,       75.21128433
          0,           0,         101,      -6.712603324,      -7.352630634,      -7.267495508,      -6.163611387,             0.448,     0.00107933675,     0.08116102174,                 0,                 0,                 0,    -0.03315540482,  -0.0006914384612,     0.08116525322,                 0,       75.19527314
          0,           0,         102,      -6.725176849,      -7.365850851,      -7.280593892,      -6.176448656,             0.448,     0.00107949835,      0.0811576533,                 0,                 0,                 0,    -0.03315480048,   -0.000691203418,     0.08116188911,                 0,       75.18089612
          0,           0,         103,       -6.73763877,      -7.379444582,      -7.293186562,      -6.189127387,             0.448,    0.001079643525,     0.08115461115,                 0,                 0,                 0,    -0.03315419144,  -0.0006909919133,     0.08115885085,                 0,       75.16796913
          0,           0,         104,      -6.749992442,      -7.393497031,      -7.305361837,      -6.201644278,             0.448,    0.001079775511,     0.08115188503,                 0,                 0,                 0,    -0.03315357507,  -0.0006908004889,     0.08115612826,                 0,        75.1562563
          0,           0,         105,      -6.762244914,      -7.408045629,       -7.31716101,       -6.21400299,             0.448,    0.001079897067,     0.08114947451,                 0,                 0,                 0,    -0.03315294673,  -0.0006906263768,     0.08115372097,                 0,       75.14556435
          0,           0,         106,      -6.774402694,       -7.42308162,       -7.32862711,      -6.226206786,             0.448,    0.001080010814,     0.08114738418,                 0,                 0,                 0,     -0.0331522987,  -0.0006904670557,     0.08115163361,                 0,       75.13571448
          0,           0,         107,      -6.786481458,      -7.438578281,      -7.339834648,      -6.238268535,             0.448,    0.001080119014,     0.08114561148,                 0,                 0,                 0,    -0.03315162699,  -0.0006903202102,      0.0811498637,                 0,       75.12654661
          0,           0,         108,      -6.798496817,      -7.454491772,      -7.350852048,       -6.25020441,             0.448,    0.001080222908,     0.08114415218,                 0,                 0,                 0,    -0.03315092998,  -0.0006901845074,     0.08114840701,                 0,       75.11797021
          0,           0,         109,      -6.810466622,      -7.470762938,      -7.361733497,      -6.262038966,             0.448,    0.001080322946,     0.08114299667,                 0,                 0,                 0,    -0.03315020919,  -0.0006900592849,     0.08114725396,                 0,       75.10994461
          0,           0,         110,      -6.822388398,      -7.487305367,      -7.372538734,      -6.273776967,             0.448,    0.001080419406,     0.08114214433,                 0,                 0,                 0,    -0.03314946351,  -0.0006899442548,     0.08114640392,                 0,       75.10244993
          0,           0,         111,      -6.834273568,      -7.504097765,      -7.383250964,      -6.285435345,             0.448,    0.001080513296,     0.08114158778,                 0,                 0,                 0,    -0.03314869374,  -0.0006898382459,     0.08114584955,                 0,        75.0954089
          0,           0,         112,      -6.846138572,      -7.521058709,      -7.393904944,      -6.297039109,             0.448,    0.001080605023,     0.08114131455,                 0,                 0,                 0,    -0.03314790201,    -0.00068974058,     0.08114557839,                 0,       75.08878157
          0,           0,         113,      -6.858023278,      -7.538046747,      -7.404591326,      -6.308641874,             0.448,    0.001080693362,     0.08114131956,                 0,                 0,                 0,    -0.03314709178,  -0.0006896523711,     0.08114558533,                 0,       75.08264821
          0,           0,         114,      -6.869942155,      -7.555004969,      -7.415385835,      -6.320265399,             0.448,    0.001080777375,     0.08114159007,                 0,                 0,                 0,    -0.03314626698,    -0.00068957428,      0.0811458576,                 0,        75.0770621
          0,           0,         115,       -6.88188454,      -7.571943796,      -7.426355662,      -6.331909299,             0.448,    0.001080856104,     0.08114210953,                 0,                 0,                 0,    -0.03314543151,   -0.000689506901,     0.08114637865,                 0,       75.07207408
          0,           0,         116,      -6.893878481,      -7.588874431,      -7.437369671,       -6.34361625,             0.448,    0.001080928266,     0.08114285585,                 0,                 0,                 0,    -0.03314459163,  -0.0006894510377,     0.08114712637,                 0,       75.06775281
          0,           0,         117,      -6.905943172,      -7.605764855,      -7.448484477,      -6.355412172,             0.448,    0.001080994534,     0.08114382569,                 0,                 0,                 0,    -0.03314374725,  -0.0006894059419,     0.08114809743,                 0,       75.06404808
          0,           0,         118,      -6.918089462,       -7.62257525,      -7.459765989,      -6.367312875,             0.448,    0.001081055044,     0.08114500997,                 0,                 0,                 0,    -0.03314290017,   -0.000689371281,     0.08114928274,                 0,       75.06094199
          0,           0,         119,      -6.930315296,      -7.639293374,      -7.471220616,      -6.379322741,             0.448,    0.001081109167,     0.08114638885,                 0,                 0,                 0,    -0.03314205577,   -0.000689347251,     0.08115066248,                 0,       75.05845968
          0,           0,         120,      -6.942613014,      -7.655909318,      -7.482814313,      -6.391439579,             0.448,    0.001081156994,     0.08114794639,                 0,                 0,                 0,    -0.03314121764,  -0.0006893334131,     0.08115222069,                 0,       75.05657996
          0,           0,         121,       -6.95498267,      -7.672412588,      -7.494516579,      -6.403667229,             0.448,    0.001081198911,     0.08114966626,                 0,                 0,                 0,     -0.0331403888,  -0.0006893290249,     0.08115394107,                 0,        75.0552608
          0,           0,         122,      -6.967426741,       -7.68879389,      -7.506324759,      -6.416010064,             0.448,    0.001081235395,      0.0811515363,                 0,                 0,                 0,    -0.03313957131,  -0.0006893333447,     0.08115581146,                 0,       75.05445779
          0,           0,         123,      -6.979946045,       -7.70507126,      -7.518244871,      -6.428468489,             0.448,     0.00108126714,     0.08115354362,                 0,                 0,                 0,    -0.03313876653,   -0.000689345397,     0.08115781899,                 0,       75.05411073
          0,           0,         124,      -6.992540516,      -7.721279194,      -7.530262491,      -6.441041161,             0.448,    0.001081294674,     0.08115567374,                 0,                 0,                 0,    -0.03313797597,  -0.0006893643375,     0.08115994921,                 0,        75.0541695
          0,           0,         125,      -7.005206013,      -7.737440421,      -7.542330227,      -6.453723252,             0.448,    0.001081318747,     0.08115791287,                 0,                 0,                 0,    -0.03313720088,  -0.0006893891168,     0.08116218833,                 0,       75.05456936
          0,           0,         126,      -7.017939653,       -7.75358916,      -7.554428127,      -6.466510335,             0.448,    0.001081340023,     0.08116024941,                 0,                 0,                 0,    -0.03313644174,  -0.0006894188167,     0.08116452478,                 0,       75.05525336
          0,           0,         127,      -7.030739154,      -7.769763058,      -7.566542651,      -6.479397607,             0.448,    0.001081358793,     0.08116267064,                 0,                 0,                 0,    -0.03313569962,  -0.0006894528703,     0.08116694584,                 0,       75.05618965
          0,           0,         128,      -7.043601786,      -7.785988854,      -7.578657813,      -6.492379352,             0.448,    0.001081375541,     0.08116516532,                 0,                 0,                 0,    -0.03313497485,  -0.0006894905477,     0.08116944029,                 0,       75.05733417
          0,           0,         129,      -7.056523674,      -7.802277422,      -7.590758499,      -6.505448466,             0.448,     0.00108139094,     0.08116772392,                 0,                 0,                 0,    -0.03313426691,  -0.0006895309677,     0.08117199861,                 0,       75.05863137
          0,           0,         130,      -7.069497351,      -7.818638125,      -7.602839712,      -6.518593555,             0.448,    0.001081405409,     0.08117033399,                 0,                 0,                 0,    -0.03313357605,  -0.0006895734405,     0.08117460838,                 0,       75.06004069
          0,           0,         131,      -7.082514483,      -7.835058632,       -7.61486618,      -6.531802251,             0.448,    0.001081419321,     0.08117298711,                 0,                 0,                 0,    -0.03313290173,  -0.0006896174089,     0.08117726118,                 0,       75.06152841
          0,           0,         132,      -7.095561188,      -7.851507982,      -7.626807637,      -6.545057302,             0.448,    0.001081432787,     0.08117568061,                 0,                 0,                 0,    -0.03313224307,  -0.0006896627047,     0.08117995433,                 0,       75.06308443
          0,           0,         133,      -7.108633811,      -7.868062159,      -7.638724813,      -6.558349484,             0.448,    0.001081445724,     0.08117840553,                 0,                 0,                 0,    -0.03313159999,  -0.0006897092147,     0.08118267889,                 0,       75.06470619
          0,           0,         134,      -7.121721226,      -7.884680642,      -7.650642789,      -6.571664764,             0.448,    0.001081458154,     0.08118115132,                 0,                 0,                 0,    -0.03313097316,  -0.0006897566865,     0.08118542429,                 0,       75.06638236
          0,           0,         135,      -7.134808116,      -7.901269444,      -7.662547623,      -6.584984666,             0.448,    0.001081470394,     0.08118391388,                 0,                 0,                 0,    -0.03313036114,  -0.0006898047152,     0.08118818646,                 0,       75.06808727
          0,           0,         136,      -7.147879298,      -7.917782513,      -7.674416773,      -6.598289634,             0.448,    0.001081482288,     0.08118668597,                 0,                 0,                 0,    -0.03312976384,  -0.0006898532962,     0.08119095815,                 0,       75.06982488
          0,           0,         137,      -7.160917468,      -7.934185552,      -7.686245725,      -6.611558365,             0.448,    0.001081493661,     0.08118946369,                 0,                 0,                 0,     -0.0331291811,  -0.0006899025212,     0.08119373546,                 0,       75.07160382
          0,           0,         138,      -7.173904143,      -7.950433249,      -7.698046773,      -6.624768509,             0.448,    0.001081504467,     0.08119224284,                 0,                 0,                 0,    -0.03312861251,  -0.0006899523447,     0.08119651418,                 0,       75.07342345
          0,           0,         139,      -7.186820712,      -7.966474215,       -7.70983664,       -6.63789758,             0.448,     0.00108151454,     0.08119501748,                 0,                 0,                 0,    -0.03312805834,   -0.000690002803,     0.08119928838,                 0,       75.07528978
          0,           0,         140,       -7.19964854,      -7.982254494,      -7.721626841,      -6.650923278,             0.448,    0.001081523738,     0.08119778173,                 0,                 0,                 0,    -0.03312751899,  -0.0006900539087,     0.08120205218,                 0,       75.07720715
          0,           0,         141,      -7.212369629,      -7.997731784,      -7.733421734,      -6.663824415,             0.448,    0.001081531961,     0.08120053039,                 0,                 0,                 0,    -0.03312699467,  -0.0006901056498,     0.08120480036,                 0,       75.07917781
          0,           0,         142,      -7.224966703,      -8.012879062,      -7.745222059,      -6.676580972,             0.448,    0.001081539157,     0.08120325844,                 0,                 0,                 0,    -0.03312648579,  -0.0006901579671,     0.08120752791,                 0,       75.08120062
          0,           0,         143,      -7.237424927,      -8.027658469,       -7.75705019,       -6.68917603,             0.448,    0.001081545468,     0.08120596077,                 0,                 0,                 0,    -0.03312599341,  -0.0006902106086,     0.08121022974,                 0,       75.08326109
          0,           0,         144,      -7.249749273,      -8.041988456,      -7.768892225,      -6.701614793,             0.448,    0.001081551057,     0.08120862947,                 0,                 0,                 0,     -0.0331255191,  -0.0006902632382,     0.08121289792,                 0,       75.08534055
          0,           0,         145,       -7.26191489,      -8.055913759,      -7.780832529,      -6.713868921,             0.448,    0.001081555634,     0.08121126152,                 0,                 0,                 0,    -0.03312506221,  -0.0006903160807,     0.08121552945,                 0,       75.08745642
          0,           0,         146,      -7.273888468,       -8.06955546,      -7.792683599,      -6.725904984,             0.448,    0.001081559157,      0.0812138523,                 0,                 0,                 0,    -0.03312462306,  -0.0006903690757,     0.08121811969,                 0,       75.08960722
          0,           0,         147,      -7.285665606,      -8.082950633,      -7.804384305,      -6.737718184,             0.448,    0.001081561836,     0.08121639662,                 0,                 0,                 0,    -0.03312420266,  -0.0006904219017,     0.08122066346,                 0,        75.0917737
          0,           0,         148,      -7.297248739,      -8.096099996,      -7.816001192,      -6.749311678,             0.448,    0.001081563718,     0.08121889096,                 0,                 0,                 0,    -0.03312380134,  -0.0006904744338,     0.08122315725,                 0,       75.09394926
          0,           0,         149,      -7.308639685,      -8.109027797,      -7.827599416,      -6.760687951,             0.448,    0.001081564792,     0.08122133192,                 0,                 0,                 0,    -0.03312341938,  -0.0006905266097,     0.08122559765,                 0,       75.09613159
          0,           0,         150,      -7.319845057,      -8.121771275,      -7.839182612,      -6.771854804,             0.448,    0.001081565256,     0.08122371715,                 0,                 0,                 0,    -0.03312305673,  -0.0006905781786,     0.08122798233,                 0,       75.09830468
          0,           0,         151,      -7.330876591,      -8.134376014,      -7.850721833,       -6.78282654,             0.448,    0.001081565276,     0.08122604398,                 0,                 0,                 0,    -0.03312271344,  -0.0006906289189,      0.0812303086,                 0,        75.1004547
          0,           0,         152,      -7.341751473,      -8.146885883,       -7.86218447,      -6.793623104,             0.448,    0.001081564982,     0.08122830994,                 0,                 0,                 0,    -0.03312238967,  -0.0006906786444,     0.08123257402,                 0,       75.10257018
          0,           0,         153,      -7.352490386,       -8.15934245,       -7.87356163,        -6.8042676,             0.448,    0.001081564475,     0.08123051255,                 0,                 0,                 0,    -0.03312208561,  -0.0006907272008,     0.08123477609,                 0,       75.10464188
          0,           0,         154,      -7.363115989,      -8.171787306,      -7.884851361,       -6.81478513,             0.448,    0.001081563866,     0.08123264972,                 0,                 0,                 0,    -0.03312180132,  -0.0006907744318,     0.08123691274,                 0,       75.10666017
          0,           0,         155,      -7.373652886,      -8.184263969,      -7.896051624,      -6.825203141,             0.448,     0.00108156322,     0.08123471935,                 0,                 0,                 0,    -0.03312153686,  -0.0006908202259,     0.08123898186,                 0,       75.10861855
          0,           0,         156,      -7.384127768,      -8.196813174,      -7.907161844,      -6.835551289,             0.448,    0.001081562595,     0.08123671977,                 0,                 0,                 0,    -0.03312129218,  -0.0006908644897,     0.08124098179,                 0,       75.11051152
          0,           0,         157,      -7.394568043,      -8.209464329,      -7.918186235,      -6.845859689,             0.448,    0.001081562105,     0.08123865022,                 0,                 0,                 0,     -0.0331210669,  -0.0006909070926,     0.08124291178,                 0,       75.11233045
          0,           0,         158,      -7.405000843,      -8.222230425,      -7.929134018,      -6.856158001,             0.448,    0.001081561769,     0.08124050986,                 0,                 0,                 0,    -0.03312086072,  -0.0006909479958,     0.08124477097,                 0,       75.11407315
          0,           0,         159,       -7.41545306,      -8.235112605,      -7.940020098,       -6.86647548,             0.448,    0.001081561573,     0.08124229774,                 0,                 0,                 0,    -0.03312067339,  -0.0006909871944,     0.08124655841,                 0,       75.11573984
          0,           0,         160,      -7.425950768,      -8.248105131,      -7.950863242,      -6.876840282,             0.448,     0.00108156153,     0.08124401303,                 0,                 0,                 0,    -0.03312050465,  -0.0006910246567,     0.08124827329,                 0,       75.11732879
          0,           0,         161,      -7.436517997,      -8.261190696,      -7.961683762,      -6.887278272,             0.448,    0.001081561613,     0.08124565521,                 0,                 0,                 0,    -0.03312035414,   -0.000691060397,     0.08124991509,                 0,       75.11884132
          0,           0,         162,      -7.447176143,      -8.274342069,         -7.972503,      -6.897812472,             0.448,     0.00108156178,       0.081247224,                 0,                 0,                 0,    -0.03312022145,   -0.000691094453,     0.08125148351,                 0,       75.12028021
          0,           0,         163,      -7.457944393,      -8.287522526,      -7.983342627,      -6.908463463,             0.448,    0.001081561987,     0.08124871947,                 0,                 0,                 0,    -0.03312010605,  -0.0006911268704,     0.08125297862,                 0,       75.12164858
          0,           0,         164,      -7.468840334,      -8.300688258,      -7.994235077,      -6.919249913,             0.448,    0.001081562185,     0.08125014202,                 0,                 0,                 0,    -0.03312000735,  -0.0006911577044,     0.08125440084,                 0,       75.12295005
          0,           0,         165,      -7.479880351,      -8.313798236,      -8.005207197,      -6.930188969,             0.448,    0.001081562326,     0.08125149184,                 0,                 0,                 0,    -0.03311992478,  -0.0006911870097,     0.08125575035,                 0,       75.12418829
          0,           0,         166,      -7.491073888,      -8.326799824,      -8.016262136,       -6.94129085,             0.448,    0.001081562329,     0.08125276988,                 0,                 0,                 0,    -0.03311985754,  -0.0006912148874,     0.08125702808,                 0,       75.12536977
          0,           0,         167,      -7.502426852,      -8.339632692,      -8.027428564,      -6.952562257,             0.448,    0.001081562132,     0.08125397703,                 0,                 0,                 0,    -0.03311980487,  -0.0006912414178,     0.08125823493,                 0,       75.12649954
          0,           0,         168,      -7.513942118,      -8.352231973,      -8.038722511,      -6.964005788,             0.448,    0.001081561695,     0.08125511443,                 0,                 0,                 0,    -0.03311976598,  -0.0006912666672,     0.08125937206,                 0,       75.12758154
          0,           0,         169,      -7.525621512,      -8.364537533,      -8.050153449,      -6.975623002,             0.448,    0.001081560974,     0.08125618364,                 0,                 0,                 0,    -0.03311973995,   -0.000691290713,     0.08126044099,                 0,       75.12862022
          0,           0,         170,      -7.537465164,      -8.376505253,      -8.061733776,      -6.987413908,             0.448,    0.001081559931,      0.0812571864,                 0,                 0,                 0,    -0.03311972583,  -0.0006913136301,     0.08126144349,                 0,       75.12961976
          0,           0,         171,      -7.549470964,      -8.388107537,      -8.073476464,      -6.999376172,             0.448,    0.001081558543,     0.08125812451,                 0,                 0,                 0,     -0.0331197227,  -0.0006913354828,     0.08126238135,                 0,       75.13058357
          0,           0,         172,      -7.561634861,      -8.399330752,      -8.085390738,      -7.011505395,             0.448,    0.001081556797,     0.08125899988,                 0,                 0,                 0,    -0.03311972962,  -0.0006913563249,     0.08126325647,                 0,       75.13151425
          0,           0,         173,      -7.573951484,      -8.410173798,      -8.097482377,      -7.023795794,             0.448,    0.001081554693,     0.08125981453,                 0,                 0,                 0,    -0.03311974564,  -0.0006913761999,     0.08126407089,                 0,       75.13241362
          0,           0,         174,      -7.586414449,      -8.420650211,      -8.109755589,      -7.036240491,             0.448,    0.001081552243,     0.08126057067,                 0,                 0,                 0,    -0.03311976984,   -0.000691395144,     0.08126482679,                 0,       75.13328291
          0,           0,         175,       -7.59901638,      -8.430789826,      -8.122213095,      -7.048831502,             0.448,    0.001081549467,     0.08126127059,                 0,                 0,                 0,    -0.03311980129,  -0.0006914131881,     0.08126552649,                 0,       75.13412291
          0,           0,         176,       -7.61174899,      -8.440637466,      -8.134855023,      -7.061559834,             0.448,    0.001081546393,      0.0812619167,                 0,                 0,                 0,    -0.03311983906,  -0.0006914303567,     0.08126617238,                 0,       75.13493389
          0,           0,         177,      -7.624603381,      -8.450250564,       -8.14767848,      -7.074415804,             0.448,    0.001081543056,     0.08126251145,                 0,                 0,                 0,    -0.03311988229,   -0.000691446667,     0.08126676691,                 0,       75.13571559
          0,           0,         178,      -7.637570365,        -8.4596971,       -8.16067811,      -7.087389407,             0.448,      0.0010815395,     0.08126305733,                 0,                 0,                 0,    -0.03311993012,  -0.0006914621306,     0.08126731259,                 0,       75.13646737
          0,           0,         179,      -7.650640705,      -8.469053259,      -8.173846701,      -7.100470571,             0.448,    0.001081535772,     0.08126355687,                 0,                 0,                 0,    -0.03311998176,  -0.0006914767552,     0.08126781193,                 0,       75.13718825
          0,           0,         180,      -7.663805294,      -8.478400479,      -8.187175322,      -7.113649359,             0.448,    0.001081531922,      0.0812640126,                 0,                 0,                 0,    -0.03312003645,  -0.0006914905458,     0.08126826746,                 0,       75.13787708
          0,           0,         181,      -7.677055327,      -8.487822377,      -8.200653178,       -7.12691614,             0.448,    0.001081528002,     0.08126442705,                 0,                 0,                 0,    -0.03312009345,   -0.000691503506,     0.08126868173,                 0,       75.13853262
          0,           0,         182,      -7.690382446,      -8.497402065,      -8.214267597,      -7.140261759,             0.448,    0.001081524063,     0.08126480274,                 0,                 0,                 0,    -0.03312015212,  -0.0006915156393,     0.08126905724,                 0,       75.13915363
          0,           0,         183,      -7.703778843,      -8.507219954,      -8.228004209,      -7.153677646,             0.448,    0.001081520155,     0.08126514217,                 0,                 0,                 0,    -0.03312021182,  -0.0006915269508,      0.0812693965,                 0,       75.13973897
          0,           0,         184,      -7.717237305,      -8.517351942,      -8.241847188,      -7.167155886,             0.448,    0.001081516325,     0.08126544778,                 0,                 0,                 0,    -0.03312027198,  -0.0006915374474,     0.08126970196,                 0,       75.14028768
          0,           0,         185,      -7.730751213,      -8.527867889,      -8.255779453,       -7.18068922,             0.448,    0.001081512614,     0.08126572201,                 0,                 0,                 0,    -0.03312033207,  -0.0006915471396,     0.08126997604,                 0,       75.14079906
          0,           0,         186,      -7.744314509,      -8.538830669,      -8.269782828,      -7.194271028,             0.448,    0.001081509061,      0.0812659672,                 0,                 0,                 0,    -0.03312039163,  -0.0006915560407,      0.0812702211,                 0,       75.14127263
          0,           0,         187,      -7.757921645,      -8.550295636,      -8.283838216,      -7.207895286,             0.448,    0.001081505699,     0.08126618565,                 0,                 0,                 0,    -0.03312045023,  -0.0006915641673,     0.08127043942,                 0,       75.14170821
          0,           0,         188,      -7.771567496,      -8.562310136,      -8.297925821,      -7.221556483,             0.448,    0.001081502556,     0.08126637957,                 0,                 0,                 0,    -0.03312050749,  -0.0006915715396,     0.08127063323,                 0,       75.14210586
          0,           0,         189,      -7.785247274,      -8.574913056,      -8.312025432,      -7.235249543,             0.448,    0.001081499656,     0.08126655109,                 0,                 0,                 0,    -0.03312056308,  -0.0006915781804,     0.08127080464,                 0,       75.14246593
          0,           0,         190,       -7.79895637,      -8.588134196,      -8.326116696,      -7.248969661,             0.448,    0.001081497018,     0.08126670225,                 0,                 0,                 0,    -0.03312061673,  -0.0006915841156,     0.08127095571,                 0,       75.14278902
          0,           0,         191,      -7.812690284,      -8.601994076,      -8.340179495,      -7.262712235,             0.448,    0.001081494654,     0.08126683502,                 0,                 0,                 0,    -0.03312066818,   -0.000691589376,      0.0812710884,                 0,       75.14307607
          0,           0,         192,      -7.826444489,      -8.616503477,      -8.354194338,      -7.276472731,             0.448,    0.001081492571,     0.08126695127,                 0,                 0,                 0,    -0.03312071723,  -0.0006915939939,     0.08127120457,                 0,       75.14332825
          0,           0,         193,      -7.840214316,        -8.6316628,      -8.368142625,      -7.290246554,             0.448,    0.001081490776,     0.08126705275,                 0,                 0,                 0,    -0.03312076374,  -0.0006915980029,     0.08127130599,                 0,       75.14354684
          0,           0,         194,      -7.853994864,      -8.647461782,      -8.382007147,      -7.304028948,             0.448,    0.001081489268,     0.08126714113,                 0,                 0,                 0,    -0.03312080755,   -0.000691601438,     0.08127139432,                 0,       75.14373331
          0,           0,         195,      -7.867780932,      -8.663879294,      -8.395772532,      -7.317814921,             0.448,    0.001081488046,     0.08126721796,                 0,                 0,                 0,    -0.03312084859,  -0.0006916043358,      0.0812714711,                 0,       75.14388926
          0,           0,         196,      -7.881566983,      -8.680883007,      -8.409425634,      -7.331599198,             0.448,    0.001081487104,      0.0812672847,                 0,                 0,                 0,    -0.03312088678,  -0.0006916067334,     0.08127153781,                 0,       75.14401641
          0,           0,         197,      -7.895347128,      -8.698428906,      -8.422955887,      -7.345376188,             0.448,    0.001081486435,     0.08126734271,                 0,                 0,                 0,    -0.03312092209,  -0.0006916086681,     0.08127159579,                 0,       75.14411656
          0,           0,         198,      -7.909115146,      -8.716460845,      -8.436355637,      -7.359139989,             0.448,    0.001081486028,     0.08126739325,                 0,                 0,                 0,     -0.0331209545,  -0.0006916101771,      0.0812716463,                 0,       75.14419155
          0,           0,         199,       -7.92286455,      -8.734910309,      -8.449620407,      -7.372884436,             0.448,    0.001081485872,     0.08126743746,                 0,                 0,                 0,    -0.03312098403,  -0.0006916112972,      0.0812716905,                 0,       75.14424324
          0,           0,         200,      -7.936588684,      -8.753696443,      -8.462749101,       -7.38660319,             0.448,    0.001081485955,     0.08126747643,                 0,                 0,                 0,     -0.0331210107,  -0.0006916120646,     0.08127172946,                 0,       75.14427353
          0,           0,         201,      -7.950280863,      -8.772726516,      -8.475744096,       -7.40028986,             0.448,    0.001081486262,     0.08126751111,                 0,                 0,                 0,    -0.03312103457,  -0.0006916125145,     0.08127176415,                 0,       75.14428428
          0,           0,         202,      -7.963934526,      -8.791896905,      -8.488611234,      -7.413938145,             0.448,    0.001081486778,      0.0812675424,                 0,                 0,                 0,    -0.03312105571,   -0.000691612681,     0.08127179544,                 0,       75.14427735
          0,           0,         203,      -7.977543421,      -8.811094766,      -8.501359723,      -7.427542009,             0.448,    0.001081487488,     0.08126757108,                 0,                 0,                 0,     -0.0331210742,  -0.0006916125971,     0.08127182412,                 0,       75.14425456
          0,           0,         204,      -7.991101811,      -8.830200574,      -8.514001956,      -7.441095873,             0.448,    0.001081488375,     0.08126759785,                 0,                 0,                 0,    -0.03312109015,  -0.0006916122944,     0.08127185091,                 0,       75.14421768
          0,           0,         205,      -8.004604678,      -8.849091598,      -8.526553245,       -7.45459482,             0.448,    0.001081489423,     0.08126762336,                 0,                 0,                 0,    -0.03312110366,   -0.000691611803,     0.08127187643,                 0,       75.14416844
          0,           0,         206,      -8.018047932,      -8.867646328,      -8.539031476,      -7.468034794,             0.448,    0.001081490615,     0.08126764813,                 0,                 0,                 0,    -0.03312111486,  -0.0006916111517,     0.08127190122,                 0,       75.14410853
          0,           0,         207,      -8.031428606,      -8.885749634,      -8.551456694,      -7.481412796,             0.448,    0.001081491933,     0.08126767264,                 0,                 0,                 0,    -0.03312112388,   -0.000691610368,     0.08127192576,                 0,       75.14403957
          0,           0,         208,       -8.04474502,      -8.903298411,      -8.563850618,      -7.494727052,             0.448,    0.001081493362,     0.08126769728,                 0,                 0,                 0,    -0.03312113087,  -0.0006916094776,     0.08127195043,                 0,       75.14396311
          0,           0,         209,      -8.057996918,      -8.920207202,      -8.576236124,      -7.507977155,             0.448,    0.001081494882,     0.08126772239,                 0,                 0,                 0,    -0.03312113597,  -0.0006916085051,     0.08127197556,                 0,       75.14388067
          0,           0,         210,      -8.071185565,      -8.936413258,       -8.58863669,      -7.521164166,             0.448,    0.001081496478,     0.08126774822,                 0,                 0,                 0,    -0.03312113933,  -0.0006916074734,     0.08127200142,                 0,        75.1437937
          0,           0,         211,      -8.084313788,      -8.951880403,      -8.601075826,      -7.534290671,             0.448,    0.001081498131,     0.08126777497,                 0,                 0,                 0,    -0.03312114113,  -0.0006916064041,      0.0812720282,                 0,       75.14370356
          0,           0,         212,      -8.097385977,      -8.966601207,      -8.613576511,      -7.547360791,             0.448,    0.001081499825,     0.08126780278,                 0,                 0,                 0,     -0.0331211415,  -0.0006916053172,     0.08127205604,                 0,       75.14361158
          0,           0,         213,      -8.110408022,       -8.98059716,      -8.626160634,      -7.560380133,             0.448,    0.001081501543,     0.08126783173,                 0,                 0,                 0,    -0.03312114063,  -0.0006916042314,     0.08127208502,                 0,       75.14351899
          0,           0,         214,      -8.123387203,      -8.993916798,      -8.638848469,      -7.573355698,             0.448,    0.001081503268,     0.08126786187,                 0,                 0,                 0,    -0.03312113867,  -0.0006916031638,     0.08127211519,                 0,       75.14342697
          0,           0,         215,      -8.136332033,      -9.006632024,      -8.651658185,      -7.586295732,             0.448,    0.001081504986,     0.08126789318,                 0,                 0,                 0,    -0.03312113577,  -0.0006916021301,     0.08127214653,                 0,       75.14333661
          0,           0,         216,      -8.149252054,      -9.018833109,      -8.664605407,      -7.599209544,             0.448,    0.001081506679,     0.08126792561,                 0,                 0,                 0,     -0.0331211321,  -0.0006916011444,     0.08127217899,                 0,       75.14324893
          0,           0,         217,      -8.162157597,      -9.030622929,      -8.677702828,      -7.612107272,             0.448,    0.001081508334,     0.08126795908,                 0,                 0,                 0,     -0.0331211278,  -0.0006916002195,     0.08127221248,                 0,       75.14316487
          0,           0,         218,      -8.175059518,       -9.04211105,      -8.690959888,      -7.624999631,             0.448,    0.001081509938,     0.08126799346,                 0,                 0,                 0,    -0.03312112303,  -0.0006915993666,     0.08127224689,                 0,       75.14308526
          0,           0,         219,      -8.187968911,      -9.053408183,      -8.704382518,      -7.637897638,             0.448,    0.001081511476,     0.08126802861,                 0,                 0,                 0,    -0.03312111791,  -0.0006915985955,     0.08127228207,                 0,       75.14301088
          0,           0,         220,      -8.200896819,      -9.064621336,      -8.717972947,      -7.650812321,             0.448,    0.001081512937,     0.08126806436,                 0,                 0,                 0,    -0.03312111259,  -0.0006915979144,     0.08127231784,                 0,        75.1429424
          0,           0,         221,      -8.213853935,      -9.075849906,      -8.731729582,      -7.663754432,             0.448,    0.001081514311,     0.08126810053,                 0,                 0,                 0,    -0.03312110719,  -0.0006915973302,     0.08127235404,                 0,       75.14288041
          0,           0,         222,      -8.226850321,       -9.08718272,       -8.74564695,      -7.676734159,             0.448,    0.001081515587,     0.08126813692,                 0,                 0,                 0,    -0.03312110181,  -0.0006915968483,     0.08127239044,                 0,        75.1428254
          0,           0,         223,      -8.239895142,      -9.098696035,      -8.759715714,      -7.689760859,             0.448,    0.001081516757,     0.08126817332,                 0,                 0,                 0,    -0.03312109656,  -0.0006915964729,     0.08127242686,                 0,       75.14277778
          0,           0,         224,       -8.25299642,      -9.110452304,      -8.773922757,      -7.702842812,             0.448,    0.001081517813,     0.08126820952,                 0,                 0,                 0,    -0.03312109154,  -0.0006915962065,     0.08127246307,                 0,       75.14273786
          0,           0,         225,       -8.26616082,      -9.122499622,       -8.78825134,      -7.715986995,             0.448,     0.00108151875,      0.0812682453,                 0,                 0,                 0,    -0.03312108683,  -0.0006915960507,     0.08127249887,                 0,       75.14270587
          0,           0,         226,      -8.279393474,      -9.134871666,      -8.802681333,        -7.7291989,             0.448,    0.001081519562,     0.08126828045,                 0,                 0,                 0,    -0.03312108249,  -0.0006915960057,     0.08127253403,                 0,       75.14268195
          0,           0,         227,      -8.292697837,      -9.147588037,      -8.817189532,      -7.742482381,             0.448,    0.001081520246,     0.08126831478,                 0,                 0,                 0,    -0.03312107858,  -0.0006915960705,     0.08127256836,                 0,       75.14266616
          0,           0,         228,      -8.306075586,       -9.16065487,      -8.831750057,      -7.755839546,             0.448,      0.0010815208,     0.08126834807,                 0,                 0,                 0,    -0.03312107516,  -0.0006915962432,     0.08127260166,                 0,       75.14265847
          0,           0,         229,      -8.319526569,      -9.174065682,      -8.846334838,      -7.769270687,             0.448,    0.001081521222,     0.08126838015,                 0,                 0,                 0,    -0.03312107225,  -0.0006915965206,     0.08127263374,                 0,       75.14265878
          0,           0,         230,      -8.333048789,      -9.187802399,      -8.860914193,       -7.78277426,             0.448,    0.001081521514,     0.08126841085,                 0,                 0,                 0,     -0.0331210699,   -0.000691596899,     0.08127266444,                 0,       75.14266692
          0,           0,         231,       -8.34663844,      -9.201836583,       -8.87545748,      -7.796346908,             0.448,    0.001081521675,     0.08126844001,                 0,                 0,                 0,     -0.0331210681,  -0.0006915973735,      0.0812726936,                 0,       75.14268265
          0,           0,         232,       -8.36028999,      -9.216130802,      -8.889933831,      -7.809983528,             0.448,    0.001081521709,      0.0812684675,                 0,                 0,                 0,    -0.03312106688,  -0.0006915979388,     0.08127272108,                 0,       75.14270568
          0,           0,         233,        -8.3739963,      -9.230640233,      -8.904312936,      -7.823677388,             0.448,     0.00108152162,     0.08126849319,                 0,                 0,                 0,    -0.03312106622,   -0.000691598589,     0.08127274676,                 0,       75.14273566
          0,           0,         234,      -8.387748801,      -9.245314436,      -8.918565863,      -7.837420282,             0.448,    0.001081521411,     0.08126851699,                 0,                 0,                 0,    -0.03312106611,  -0.0006915993174,     0.08127277055,                 0,       75.14277221
          0,           0,         235,      -8.401537691,      -9.260099337,      -8.932665879,      -7.851202729,             0.448,    0.001081521087,     0.08126853883,                 0,                 0,                 0,    -0.03312106654,  -0.0006916001175,     0.08127279237,                 0,        75.1428149
          0,           0,         236,      -8.415352187,      -9.274939385,      -8.946589245,      -7.865014209,             0.448,    0.001081520654,     0.08126855863,                 0,                 0,                 0,    -0.03312106749,   -0.000691600982,     0.08127281216,                 0,       75.14286327
          0,           0,         237,      -8.429180793,      -9.289779812,      -8.960315945,      -7.878843423,             0.448,    0.001081520119,     0.08126857637,                 0,                 0,                 0,    -0.03312106891,  -0.0006916019039,     0.08127282989,                 0,       75.14291684
          0,           0,         238,      -8.443011597,      -9.304568945,      -8.973830305,      -7.892678589,             0.448,    0.001081519489,     0.08126859203,                 0,                 0,                 0,    -0.03312107078,  -0.0006916028757,     0.08127284553,                 0,       75.14297512
          0,           0,         239,      -8.456832578,      -9.319260453,      -8.987121494,      -7.906507738,             0.448,     0.00108151877,      0.0812686056,                 0,                 0,                 0,    -0.03312107306,  -0.0006916038904,     0.08127285908,                 0,       75.14303761
          0,           0,         240,      -8.470631923,      -9.333815366,      -9.000183853,      -7.920319033,             0.448,    0.001081517971,     0.08126861711,                 0,                 0,                 0,    -0.03312107571,  -0.0006916049405,     0.08127287057,                 0,       75.14310378
          0,           0,         241,      -8.484398334,      -9.348203806,       -9.01301705,      -7.934101073,             0.448,    0.001081517098,     0.08126862658,                 0,                 0,                 0,    -0.03312107868,  -0.0006916060192,     0.08127288001,                 0,       75.14317314
          0,           0,         242,      -8.498121324,      -9.362406225,      -9.025626061,      -7.947843186,             0.448,    0.001081516161,     0.08126863405,                 0,                 0,                 0,    -0.03312108192,  -0.0006916071193,     0.08127288747,                 0,       75.14324518
          0,           0,         243,      -8.511791482,      -9.376414086,      -9.038020952,      -7.961535705,             0.448,    0.001081515167,      0.0812686396,                 0,                 0,                 0,     -0.0331210854,  -0.0006916082344,     0.08127289299,                 0,       75.14331939
          0,           0,         244,      -8.525400709,      -9.390229962,      -9.050216509,      -7.975170202,             0.448,    0.001081514123,     0.08126864328,                 0,                 0,                 0,    -0.03312108906,  -0.0006916093578,     0.08127289665,                 0,       75.14339528
          0,           0,         245,      -8.538942409,      -9.403866955,      -9.062231711,      -7.988739691,             0.448,    0.001081513039,     0.08126864518,                 0,                 0,                 0,    -0.03312109287,  -0.0006916104833,     0.08127289853,                 0,       75.14347238
          0,           0,         246,      -8.552411622,      -9.417347615,      -9.074089094,       -8.00223877,             0.448,    0.001081511922,     0.08126864538,                 0,                 0,                 0,    -0.03312109678,   -0.000691611605,     0.08127289871,                 0,       75.14355022
          0,           0,         247,      -8.565805115,      -9.430702301,      -9.085814027,      -8.015663724,             0.448,    0.001081510778,     0.08126864399,                 0,                 0,                 0,    -0.03312110075,  -0.0006916127173,     0.08127289728,                 0,       75.14362834
          0,           0,         248,      -8.579121404,      -9.443967237,      -9.097433947,      -8.029012561,             0.448,    0.001081509617,     0.08126864108,                 0,                 0,                 0,    -0.03312110474,  -0.0006916138147,     0.08127289435,                 0,       75.14370633
          0,           0,         249,      -8.592360726,       -9.45718231,      -9.108977575,      -8.042284995,             0.448,    0.001081508446,     0.08126863678,                 0,                 0,                 0,    -0.03312110872,  -0.0006916148923,     0.08127289002,                 0,       75.14378376
          0,           0,         250,      -8.605524949,      -9.470388791,       -9.12047416,      -8.055482373,             0.448,     0.00108150727,     0.08126863117,                 0,                 0,                 0,    -0.03312111265,  -0.0006916159454,      0.0812728844,                 0,       75.14386026
          0,           0,         251,      -8.618617438,      -9.483627109,      -9.131952771,      -8.068607555,             0.448,    0.001081506097,     0.08126862438,                 0,                 0,                 0,     -0.0331211165,  -0.0006916169695,     0.08127287758,                 0,       75.14393546
          0,           0,         252,      -8.631642873,      -9.496934726,      -9.143441645,      -8.081664743,             0.448,    0.001081504934,      0.0812686165,                 0,                 0,                 0,    -0.03312112025,  -0.0006916179608,     0.08127286968,                 0,       75.14400901
          0,           0,         253,      -8.644607037,       -9.51034424,      -9.154967635,       -8.09465928,             0.448,    0.001081503786,     0.08126860764,                 0,                 0,                 0,    -0.03312112388,  -0.0006916189155,      0.0812728608,                 0,        75.1440806
          0,           0,         254,      -8.657516572,      -9.523881736,      -9.166555736,      -8.107597417,             0.448,    0.001081502658,     0.08126859791,                 0,                 0,                 0,    -0.03312112736,  -0.0006916198305,     0.08127285105,                 0,       75.14414994
          0,           0,         255,      -8.670378726,      -9.537565417,      -9.178228714,      -8.120486064,             0.448,    0.001081501557,     0.08126858741,                 0,                 0,                 0,    -0.03312113069,  -0.0006916207028,     0.08127284052,                 0,       75.14421677
          0,           0,         256,      -8.683201093,      -9.551404566,      -9.190006819,      -8.133332536,             0.448,    0.001081500486,     0.08126857624,                 0,                 0,                 0,    -0.03312113384,  -0.0006916215299,     0.08127282933,                 0,       75.14428086
          0,           0,         257,      -8.695991361,      -9.565398791,      -9.201907594,      -8.146144302,             0.448,    0.001081499449,     0.08126856449,                 0,                 0,                 0,    -0.03312113681,  -0.0006916223097,     0.08127281756,                 0,       75.14434201
          0,           0,         258,      -8.708757069,      -9.579537621,      -9.213945766,      -8.158928741,             0.448,    0.001081498451,     0.08126855226,                 0,                 0,                 0,    -0.03312113959,  -0.0006916230404,     0.08127280531,                 0,       75.14440003
          0,           0,         259,      -8.721505396,      -9.593800431,      -9.226133203,      -8.171692923,             0.448,    0.001081497495,     0.08126853963,                 0,                 0,                 0,    -0.03312114218,  -0.0006916237208,     0.08127279266,                 0,       75.14445478
          0,           0,         260,      -8.734242968,      -9.608156777,       -9.23847894,       -8.18444342,             0.448,    0.001081496584,     0.08126852668,                 0,                 0,                 0,    -0.03312114457,  -0.0006916243497,     0.08127277969,                 0,       75.14450615
          0,           0,         261,      -8.746975709,       -9.62256707,      -9.250989268,      -8.197186141,             0.448,    0.001081495719,     0.08126851348,                 0,                 0,                 0,    -0.03312114678,  -0.0006916249267,     0.08127276648,                 0,       75.14455406
          0,           0,         262,      -8.759708724,       -9.63698375,      -9.263667858,      -8.209926212,             0.448,    0.001081494902,     0.08126850012,                 0,                 0,                 0,    -0.03312114881,  -0.0006916254515,     0.08127275311,                 0,       75.14459843
          0,           0,         263,       -8.77244622,      -9.651352823,      -9.276515933,       -8.22266789,             0.448,    0.001081494135,     0.08126848665,                 0,                 0,                 0,    -0.03312115065,  -0.0006916259241,     0.08127273962,                 0,       75.14463924
          0,           0,         264,      -8.785191477,      -9.665615912,      -9.289532471,      -8.235414521,             0.448,    0.001081493419,     0.08126847313,                 0,                 0,                 0,    -0.03312115233,  -0.0006916263451,     0.08127272609,                 0,        75.1446765
          0,           0,         265,       -8.79794684,       -9.67971269,      -9.302714425,      -8.248168531,             0.448,    0.001081492754,      0.0812684596,                 0,                 0,                 0,    -0.03312115385,   -0.000691626715,     0.08127271255,                 0,       75.14471021
          0,           0,         266,      -8.810713765,      -9.693583638,      -9.316056958,      -8.260931457,             0.448,     0.00108149214,     0.08126844613,                 0,                 0,                 0,    -0.03312115523,   -0.000691627035,     0.08127269906,                 0,       75.14474042
          0,           0,         267,      -8.823492883,      -9.707173057,      -9.329553692,      -8.273704013,             0.448,    0.001081491576,     0.08126843273,                 0,                 0,                 0,    -0.03312115647,  -0.0006916273064,     0.08127268566,                 0,        75.1447672
          0,           0,         268,      -8.836284099,      -9.720432102,       -9.34319694,       -8.28648618,             0.448,    0.001081491062,     0.08126841944,                 0,                 0,                 0,     -0.0331211576,  -0.0006916275305,     0.08127267236,                 0,       75.14479064
          0,           0,         269,      -8.849086709,      -9.733321676,      -9.356977936,      -8.299277325,             0.448,    0.001081490597,      0.0812684063,                 0,                 0,                 0,    -0.03312115863,  -0.0006916277092,     0.08127265921,                 0,       75.14481083
          0,           0,         270,      -8.861899533,      -9.745814964,      -9.370887043,      -8.312076327,             0.448,    0.001081490178,     0.08126839332,                 0,                 0,                 0,    -0.03312115957,  -0.0006916278444,     0.08127264622,                 0,        75.1448279
          0,           0,         271,      -8.874721061,      -9.757899288,      -9.384913936,       -8.32488173,             0.448,    0.001081489805,     0.08126838051,                 0,                 0,                 0,    -0.03312116044,   -0.000691627938,     0.08127263341,                 0,       75.14484198
          0,           0,         272,      -8.887549595,      -9.769577305,      -9.399047764,      -8.337691881,             0.448,    0.001081489475,     0.08126836788,                 0,                 0,                 0,    -0.03312116126,  -0.0006916279922,     0.08127262078,                 0,       75.14485322
          0,           0,         273,      -8.900383397,      -9.780867246,      -9.413277265,      -8.350505085,             0.448,    0.001081489187,     0.08126835545,                 0,                 0,                 0,    -0.03312116205,  -0.0006916280093,     0.08127260834,                 0,       75.14486176
          0,           0,         274,       -8.91322082,      -9.791802284,      -9.427590866,      -8.363319743,             0.448,    0.001081488937,      0.0812683432,                 0,                 0,                 0,    -0.03312116281,  -0.0006916279915,      0.0812725961,                 0,       75.14486777
          0,           0,         275,       -8.92606043,      -9.802429119,      -9.441976739,      -8.376134474,             0.448,    0.001081488725,     0.08126833115,                 0,                 0,                 0,    -0.03312116357,  -0.0006916279414,     0.08127258404,                 0,       75.14487142
          0,           0,         276,      -8.938901105,      -9.812805873,      -9.456422833,      -8.388948225,             0.448,    0.001081488546,     0.08126831927,                 0,                 0,                 0,    -0.03312116434,  -0.0006916278611,     0.08127257216,                 0,       75.14487286
          0,           0,         277,      -8.951742115,      -9.822999503,      -9.470916873,      -8.401760354,             0.448,    0.001081488398,     0.08126830757,                 0,                 0,                 0,    -0.03312116513,  -0.0006916277532,     0.08127256046,                 0,       75.14487228
          0,           0,         278,      -8.964583177,      -9.833083008,      -9.485446341,      -8.414570695,             0.448,     0.00108148828,     0.08126829604,                 0,                 0,                 0,    -0.03312116595,  -0.0006916276198,     0.08127254893,                 0,       75.14486983
          0,           0,         279,      -8.977424473,      -9.843132591,      -9.499998435,      -8.427379584,             0.448,    0.001081488188,     0.08126828465,                 0,                 0,                 0,    -0.03312116682,  -0.0006916274634,     0.08127253754,                 0,        75.1448657
          0,           0,         280,      -8.990266653,      -9.853225014,      -9.514560018,      -8.440187861,             0.448,     0.00108148812,      0.0812682734,                 0,                 0,                 0,    -0.03312116775,  -0.0006916272862,     0.08127252629,                 0,       75.14486004
          0,           0,         281,      -9.003110803,      -9.863435135,      -9.529117567,      -8.452996852,             0.448,    0.001081488073,     0.08126826226,                 0,                 0,                 0,    -0.03312116875,  -0.0006916270902,     0.08127251515,                 0,       75.14485301
          0,           0,         282,      -9.015958387,      -9.873833935,      -9.543657121,      -8.465808308,             0.448,    0.001081488045,     0.08126825123,                 0,                 0,                 0,    -0.03312116982,  -0.0006916268777,     0.08127250413,                 0,       75.14484476
          0,           0,         283,      -9.028811167,      -9.884486813,      -9.558164244,      -8.478624331,             0.448,    0.001081488033,     0.08126824029,                 0,                 0,                 0,    -0.03312117097,  -0.0006916266505,     0.08127249319,                 0,       75.14483544
          0,           0,         284,      -9.041671104,      -9.895452317,      -9.572624016,      -8.491447274,             0.448,    0.001081488036,     0.08126822942,                 0,                 0,                 0,     -0.0331211722,  -0.0006916264105,     0.08127248232,                 0,        75.1448252
          0,           0,         285,       -9.05454024,      -9.906781159,      -9.587021048,      -8.504279627,             0.448,    0.001081488051,      0.0812682186,                 0,                 0,                 0,    -0.03312117352,  -0.0006916261596,      0.0812724715,                 0,       75.14481415
          0,           0,         286,      -9.067420574,       -9.91851562,      -9.601339538,      -8.517123883,             0.448,    0.001081488076,     0.08126820782,                 0,                 0,                 0,    -0.03312117492,  -0.0006916258992,     0.08127246073,                 0,       75.14480243
          0,           0,         287,      -9.080313926,      -9.930688964,      -9.615563381,      -8.529982405,             0.448,     0.00108148811,     0.08126819707,                 0,                 0,                 0,    -0.03312117642,  -0.0006916256311,     0.08127244998,                 0,       75.14479015
          0,           0,         288,      -9.093221808,      -9.943325339,      -9.629676311,      -8.542857286,             0.448,     0.00108148815,     0.08126818634,                 0,                 0,                 0,    -0.03312117801,  -0.0006916253565,     0.08127243925,                 0,       75.14477742
          0,           0,         289,      -9.106145293,      -9.956439451,      -9.643662121,      -8.555750211,             0.448,    0.001081488196,     0.08126817562,                 0,                 0,                 0,    -0.03312117968,  -0.0006916250768,     0.08127242853,                 0,       75.14476432
          0,           0,         290,      -9.119084899,      -9.970036512,      -9.657504916,      -8.568662334,             0.448,    0.001081488246,     0.08126816488,                 0,                 0,                 0,    -0.03312118143,  -0.0006916247931,      0.0812724178,                 0,       75.14475095
          0,           0,         291,      -9.132040481,      -9.984112293,      -9.671189426,      -8.581594154,             0.448,    0.001081488298,     0.08126815415,                 0,                 0,                 0,    -0.03312118327,  -0.0006916245066,     0.08127240707,                 0,       75.14473739
          0,           0,         292,      -9.145011148,      -9.998652996,      -9.684701342,      -8.594545426,             0.448,    0.001081488352,     0.08126814339,                 0,                 0,                 0,    -0.03312118517,  -0.0006916242182,     0.08127239632,                 0,       75.14472371
          0,           0,         293,      -9.157995199,      -10.01363552,      -9.698027704,      -8.607515078,             0.448,    0.001081488406,     0.08126813262,                 0,                 0,                 0,    -0.03312118714,  -0.0006916239288,     0.08127238555,                 0,       75.14470997
          0,           0,         294,      -9.170990083,      -10.02902734,      -9.711157291,      -8.620501156,             0.448,    0.001081488461,     0.08126812183,                 0,                 0,                 0,    -0.03312118917,  -0.0006916236393,     0.08127237477,                 0,       75.14469622
          0,           0,         295,      -9.183992387,      -10.04478697,      -9.724080995,      -8.633500801,             0.448,    0.001081488514,     0.08126811103,                 0,                 0,                 0,    -0.03312119125,  -0.0006916233502,     0.08127236397,                 0,       75.14468252
          0,           0,         296,      -9.196997854,      -10.06086409,      -9.736792209,      -8.646510249,             0.448,    0.001081488566,     0.08126810022,                 0,                 0,                 0,    -0.03312119337,  -0.0006916230622,     0.08127235316,                 0,        75.1446689
          0,           0,         297,      -9.210001426,      -10.07720037,      -9.749287121,      -8.659524854,             0.448,    0.001081488617,     0.08126808941,                 0,                 0,                 0,    -0.03312119552,  -0.0006916227759,     0.08127234235,                 0,        75.1446554
          0,           0,         298,       -9.22299732,      -10.09372993,      -9.761564998,      -8.672539154,             0.448,    0.001081488665,      0.0812680786,                 0,                 0,                 0,     -0.0331211977,  -0.0006916224917,     0.08127233155,                 0,       75.14464204
          0,           0,         299,      -9.235979127,      -10.11038074,      -9.773628371,      -8.685546951,             0.448,    0.001081488711,      0.0812680678,                 0,                 0,                 0,    -0.03312119989,    -0.00069162221,     0.08127232075,                 0,       75.14462885
          0,           0,         300,       -9.24893994,      -10.12707571,      -9.785483143,      -8.698541426,             0.448,    0.001081488755,     0.08126805703,                 0,                 0,                 0,    -0.03312120208,  -0.0006916219313,     0.08127230998,                 0,       75.14461585
          0,           0,         301,      -9.261872501,      -10.14373465,      -9.797138579,      -8.711515275,             0.448,    0.001081488796,     0.08126804629,                 0,                 0,                 0,    -0.03312120427,  -0.0006916216558,     0.08127229925,                 0,       75.14460305
          0,           0,         302,      -9.274769365,       -10.1602762,      -9.808607246,      -8.724460864,             0.448,    0.001081488835,     0.08126803561,                 0,                 0,                 0,    -0.03312120644,  -0.0006916213837,     0.08127228858,                 0,       75.14459046
          0,           0,         303,      -9.287623082,      -10.17662037,      -9.819904798,      -8.737370402,             0.448,    0.001081488872,       0.081268025,                 0,                 0,                 0,    -0.03312120858,  -0.0006916211154,     0.08127227797,                 0,       75.14457809
          0,           0,         304,      -9.300426386,      -10.19269108,      -9.831049713,      -8.750236129,             0.448,    0.001081488907,     0.08126801447,                 0,                 0,                 0,    -0.03312121069,  -0.0006916208509,     0.08127226744,                 0,       75.14456593
          0,           0,         305,      -9.313172379,       -10.2084187,      -9.842062955,        -8.7630505,             0.448,     0.00108148894,     0.08126800405,                 0,                 0,                 0,    -0.03312121276,  -0.0006916205904,     0.08127225702,                 0,         75.144554
          0,           0,         306,      -9.325854722,      -10.22374276,      -9.852967539,      -8.775806385,             0.448,    0.001081488971,     0.08126799374,                 0,                 0,                 0,    -0.03312121477,  -0.0006916203342,     0.08127224672,                 0,       75.14454229
          0,           0,         307,      -9.338467808,      -10.23861409,      -9.863788068,      -8.788497245,             0.448,    0.001081489002,     0.08126798358,                 0,                 0,                 0,    -0.03312121673,  -0.0006916200823,     0.08127223656,                 0,       75.14453079
          0,           0,         308,       -9.35100692,      -10.25299672,      -9.874550251,      -8.801117314,             0.448,    0.001081489031,     0.08126797357,                 0,                 0,                 0,    -0.03312121862,  -0.0006916198348,     0.08127222655,                 0,       75.14451951
          0,           0,         309,      -9.363468368,      -10.26686916,      -9.885280368,      -8.813661752,             0.448,    0.001081489059,     0.08126796374,                 0,                 0,                 0,    -0.03312122043,  -0.0006916195918,     0.08127221672,                 0,       75.14450843
          0,           0,         310,      -9.375849606,      -10.28022418,      -9.896004797,      -8.826126778,             0.448,    0.001081489088,     0.08126795411,                 0,                 0,                 0,    -0.03312122216,  -0.0006916193533,     0.08127220709,                 0,       75.14449756
          0,           0,         311,      -9.388149299,      -10.29306942,      -9.906749483,      -8.838509774,             0.448,    0.001081489116,     0.08126794469,                 0,                 0,                 0,     -0.0331212238,  -0.0006916191196,     0.08127219768,                 0,       75.14448689
          0,           0,         312,      -9.400367381,      -10.30542519,      -9.917539505,      -8.850809366,             0.448,    0.001081489144,      0.0812679355,                 0,                 0,                 0,    -0.03312122535,  -0.0006916188906,     0.08127218849,                 0,       75.14447641
          0,           0,         313,      -9.412505062,      -10.31732343,       -9.92839863,       -8.86302546,             0.448,    0.001081489174,     0.08126792656,                 0,                 0,                 0,     -0.0331212268,  -0.0006916186665,     0.08127217956,                 0,       75.14446612
          0,           0,         314,      -9.424564806,      -10.32880524,      -9.939348952,      -8.875159249,             0.448,    0.001081489204,     0.08126791789,                 0,                 0,                 0,    -0.03312122816,  -0.0006916184473,     0.08127217089,                 0,       75.14445601
          0,           0,         315,      -9.436550276,      -10.33991832,      -9.950410555,      -8.887213193,             0.448,    0.001081489235,     0.08126790951,                 0,                 0,                 0,    -0.03312122941,   -0.000691618233,     0.08127216251,                 0,       75.14444608
          0,           0,         316,      -9.448466255,      -10.35071444,      -9.961601247,      -8.899190961,             0.448,    0.001081489268,     0.08126790142,                 0,                 0,                 0,    -0.03312123055,  -0.0006916180238,     0.08127215442,                 0,       75.14443632
          0,           0,         317,      -9.460318537,      -10.36124709,      -9.972936378,      -8.911097346,             0.448,    0.001081489302,     0.08126789365,                 0,                 0,                 0,    -0.03312123158,  -0.0006916178197,     0.08127214665,                 0,       75.14442674
          0,           0,         318,      -9.472113804,      -10.37156905,      -9.984428672,      -8.922938171,             0.448,    0.001081489339,     0.08126788619,                 0,                 0,                 0,    -0.03312123251,  -0.0006916176209,      0.0812721392,                 0,       75.14441732
          0,           0,         319,      -9.483859487,      -10.38173064,      -9.996088168,      -8.934720158,             0.448,    0.001081489377,     0.08126787908,                 0,                 0,                 0,    -0.03312123333,  -0.0006916174273,     0.08127213209,                 0,       75.14440808
          0,           0,         320,      -9.495563615,      -10.39177842,      -10.00792218,      -8.946450801,             0.448,    0.001081489418,     0.08126787231,                 0,                 0,                 0,    -0.03312123404,   -0.000691617239,     0.08127212532,                 0,         75.144399
          0,           0,         321,      -9.507234672,      -10.40175392,      -10.01993533,      -8.958138223,             0.448,     0.00108148946,     0.08126786589,                 0,                 0,                 0,    -0.03312123465,  -0.0006916170562,      0.0812721189,                 0,       75.14439009
          0,           0,         322,      -9.518881449,      -10.41169298,      -10.03212961,       -8.96979104,             0.448,    0.001081489505,     0.08126785982,                 0,                 0,                 0,    -0.03312123515,   -0.000691616879,     0.08127211284,                 0,       75.14438136
          0,           0,         323,      -9.530512893,      -10.42162574,      -10.04450447,      -8.981418206,             0.448,    0.001081489553,     0.08126785413,                 0,                 0,                 0,    -0.03312123554,  -0.0006916167073,     0.08127210715,                 0,        75.1443728
          0,           0,         324,      -9.542137978,      -10.43157646,      -10.05705693,      -8.993028881,             0.448,    0.001081489602,     0.08126784879,                 0,                 0,                 0,    -0.03312123584,  -0.0006916165413,     0.08127210182,                 0,       75.14436441
          0,           0,         325,      -9.553765574,      -10.44156422,      -10.06978175,      -9.004632289,             0.448,    0.001081489654,     0.08126784383,                 0,                 0,                 0,    -0.03312123604,   -0.000691616381,     0.08127209686,                 0,       75.14435621
          0,           0,         326,      -9.565404337,      -10.45160313,      -10.08267156,      -9.016237598,             0.448,    0.001081489709,     0.08126783923,                 0,                 0,                 0,    -0.03312123615,  -0.0006916162266,     0.08127209226,                 0,        75.1443482
          0,           0,         327,      -9.577062602,      -10.46170329,      -10.09571707,      -9.027853798,             0.448,    0.001081489765,     0.08126783501,                 0,                 0,                 0,    -0.03312123617,  -0.0006916160781,     0.08127208804,                 0,       75.14434038
          0,           0,         328,      -9.588748303,       -10.4718714,      -10.10890725,      -9.039489604,             0.448,    0.001081489823,     0.08126783114,                 0,                 0,                 0,    -0.03312123611,  -0.0006916159357,     0.08127208417,                 0,       75.14433277
          0,           0,         329,      -9.600468895,      -10.48211209,      -10.12222953,      -9.051153356,             0.448,    0.001081489883,     0.08126782763,                 0,                 0,                 0,    -0.03312123596,  -0.0006916157993,     0.08127208067,                 0,       75.14432537
          0,           0,         330,      -9.612231304,      -10.49242817,      -10.13567005,      -9.062852951,             0.448,    0.001081489944,     0.08126782448,                 0,                 0,                 0,    -0.03312123574,  -0.0006916156692,     0.08127207752,                 0,       75.14431818
          0,           0,         331,      -9.624041878,      -10.50282197,       -10.1492139,      -9.074595775,             0.448,    0.001081490007,     0.08126782168,                 0,                 0,                 0,    -0.03312123546,  -0.0006916155453,     0.08127207472,                 0,       75.14431123
          0,           0,         332,      -9.635906351,      -10.51329574,      -10.16284535,      -9.086388651,             0.448,    0.001081490071,     0.08126781922,                 0,                 0,                 0,    -0.03312123511,  -0.0006916154277,     0.08127207226,                 0,       75.14430451
          0,           0,         333,      -9.647829836,      -10.52385239,      -10.17654812,      -9.098237803,             0.448,    0.001081490136,     0.08126781708,                 0,                 0,                 0,     -0.0331212347,  -0.0006916153164,     0.08127207013,                 0,       75.14429805
          0,           0,         334,      -9.659816802,       -10.5344963,      -10.19030559,       -9.11014883,             0.448,    0.001081490201,     0.08126781527,                 0,                 0,                 0,    -0.03312123424,  -0.0006916152117,     0.08127206832,                 0,       75.14429184
          0,           0,         335,      -9.671871076,      -10.54523341,      -10.20410111,      -9.122126679,             0.448,    0.001081490266,     0.08126781377,                 0,                 0,                 0,    -0.03312123373,  -0.0006916151134,     0.08127206681,                 0,       75.14428589
          0,           0,         336,      -9.683995843,      -10.55607157,      -10.21791816,      -9.134175632,             0.448,    0.001081490332,     0.08126781256,                 0,                 0,                 0,    -0.03312123318,  -0.0006916150216,     0.08127206561,                 0,       75.14428023
          0,           0,         337,      -9.696193653,      -10.56702056,       -10.2317406,      -9.146299306,             0.448,    0.001081490397,     0.08126781164,                 0,                 0,                 0,    -0.03312123259,  -0.0006916149363,     0.08127206469,                 0,       75.14427484
          0,           0,         338,       -9.70846642,      -10.57809244,      -10.24555287,      -9.158500631,             0.448,    0.001081490462,     0.08126781099,                 0,                 0,                 0,    -0.03312123197,  -0.0006916148575,     0.08127206404,                 0,       75.14426975
          0,           0,         339,      -9.720815436,      -10.58930097,      -10.25934014,       -9.17078186,             0.448,    0.001081490525,     0.08126781059,                 0,                 0,                 0,    -0.03312123133,  -0.0006916147852,     0.08127206365,                 0,       75.14426496
          0,           0,         340,      -9.733241372,      -10.60066174,      -10.27308843,      -9.183144553,             0.448,    0.001081490588,     0.08126781044,                 0,                 0,                 0,    -0.03312123067,  -0.0006916147194,      0.0812720635,                 0,       75.14426048
          0,           0,         341,      -9.745744283,       -10.6121913,      -10.28678477,      -9.195589577,             0.448,    0.001081490649,     0.08126781052,                 0,                 0,                 0,    -0.03312122999,    -0.00069161466,     0.08127206357,                 0,       75.14425631
          0,           0,         342,      -9.758323599,      -10.62390749,      -10.30041722,      -9.208117095,             0.448,    0.001081490708,     0.08126781081,                 0,                 0,                 0,     -0.0331212293,  -0.0006916146069,     0.08127206386,                 0,       75.14425245
          0,           0,         343,      -9.770978133,      -10.63582818,      -10.31397497,      -9.220726559,             0.448,    0.001081490766,     0.08126781129,                 0,                 0,                 0,     -0.0331212286,  -0.0006916145601,     0.08127206435,                 0,       75.14424891
          0,           0,         344,      -9.783706065,      -10.64797084,      -10.32744832,      -9.233416693,             0.448,    0.001081490821,     0.08126781196,                 0,                 0,                 0,    -0.03312122791,  -0.0006916145195,     0.08127206502,                 0,       75.14424569
          0,           0,         345,      -9.796504935,      -10.66035249,       -10.3408287,      -9.246185483,             0.448,    0.001081490874,     0.08126781279,                 0,                 0,                 0,    -0.03312122721,  -0.0006916144848,     0.08127206585,                 0,       75.14424279
          0,           0,         346,      -9.809371632,      -10.67298857,      -10.35410867,      -9.259030164,             0.448,    0.001081490924,     0.08126781377,                 0,                 0,                 0,    -0.03312122652,  -0.0006916144561,     0.08127206683,                 0,       75.14424021
          0,           0,         347,       -9.82230238,      -10.68589217,       -10.3672818,      -9.271947204,             0.448,    0.001081490971,     0.08126781489,                 0,                 0,                 0,    -0.03312122584,  -0.0006916144331,     0.08127206795,                 0,       75.14423795
          0,           0,         348,      -9.835292731,      -10.69907414,      -10.38034274,      -9.284932291,             0.448,    0.001081491016,     0.08126781612,                 0,                 0,                 0,    -0.03312122518,  -0.0006916144156,     0.08127206918,                 0,         75.144236
          0,           0,         349,      -9.848337548,      -10.71254208,      -10.39328711,      -9.297980322,             0.448,    0.001081491057,     0.08126781746,                 0,                 0,                 0,    -0.03312122452,  -0.0006916144034,     0.08127207053,                 0,       75.14423437
          0,           0,         350,      -9.861431016,      -10.72629996,      -10.40611141,      -9.311085412,             0.448,    0.001081491095,      0.0812678189,                 0,                 0,                 0,    -0.03312122389,  -0.0006916143964,     0.08127207196,                 0,       75.14423303
          0,           0,         351,      -9.874566629,      -10.74034725,      -10.41881307,      -9.324240887,             0.448,     0.00108149113,      0.0812678204,                 0,                 0,                 0,    -0.03312122328,  -0.0006916143943,     0.08127207347,                 0,       75.14423199
          0,           0,         352,      -9.887737219,      -10.75467911,      -10.43139037,      -9.337439305,             0.448,    0.001081491162,     0.08126782198,                 0,                 0,                 0,    -0.03312122269,  -0.0006916143968,     0.08127207504,                 0,       75.14423124
          0,           0,         353,       -9.90093497,      -10.76928585,      -10.44384233,      -9.350672485,             0.448,    0.001081491191,      0.0812678236,                 0,                 0,                 0,    -0.03312122212,  -0.0006916144038,     0.08127207666,                 0,       75.14423076
          0,           0,         354,      -9.914151467,      -10.78415191,      -10.45616886,      -9.363931555,             0.448,    0.001081491216,     0.08126782526,                 0,                 0,                 0,    -0.03312122158,  -0.0006916144149,     0.08127207832,                 0,       75.14423055
          0,           0,         355,      -9.927377748,      -10.79925683,      -10.46837063,      -9.377207004,             0.448,    0.001081491238,     0.08126782695,                 0,                 0,                 0,    -0.03312122106,  -0.0006916144299,     0.08127208001,                 0,        75.1442306
          0,           0,         356,      -9.940604388,      -10.81457408,      -10.48044914,      -9.390488782,             0.448,    0.001081491256,     0.08126782865,                 0,                 0,                 0,    -0.03312122057,  -0.0006916144485,     0.08127208172,                 0,       75.14423088
          0,           0,         357,      -9.953821578,      -10.83007191,      -10.49240672,      -9.403766384,             0.448,    0.001081491272,     0.08126783036,                 0,                 0,                 0,    -0.03312122011,  -0.0006916144704,     0.08127208342,                 0,        75.1442314
          0,           0,         358,      -9.967019259,      -10.84571299,      -10.50424665,      -9.417028983,             0.448,    0.001081491284,     0.08126783207,                 0,                 0,                 0,    -0.03312121968,  -0.0006916144954,     0.08127208513,                 0,       75.14423212
          0,           0,         359,      -9.980187249,      -10.86145452,      -10.51597314,      -9.430265576,             0.448,    0.001081491293,     0.08126783376,                 0,                 0,                 0,    -0.03312121927,  -0.0006916145232,     0.08127208682,                 0,       75.14423306
          0,           0,         360,      -9.993315386,      -10.87724992,      -10.52759142,      -9.443465139,             0.448,    0.001081491299,     0.08126783543,                 0,                 0,                 0,    -0.03312121889,  -0.0006916145535,      0.0812720885,                 0,       75.14423417
          0,           0,         361,      -10.00639371,      -10.89304827,      -10.53910779,       -9.45661681,             0.448,    0.001081491302,     0.08126783708,                 0,                 0,                 0,    -0.03312121854,  -0.0006916145861,     0.08127209014,                 0,       75.14423546
          0,           0,         362,      -10.01941264,      -10.90879589,      -10.55052969,      -9.469710085,             0.448,    0.001081491303,     0.08126783869,                 0,                 0,                 0,    -0.03312121822,  -0.0006916146206,     0.08127209176,                 0,       75.14423691
          0,           0,         363,      -10.03236315,      -10.92443814,      -10.56186579,         -9.482735,             0.448,    0.001081491301,     0.08126784027,                 0,                 0,                 0,    -0.03312121792,  -0.0006916146569,     0.08127209333,                 0,       75.14423849
          0,           0,         364,      -10.04523696,      -10.93991924,      -10.57312587,       -9.49568236,             0.448,    0.001081491297,      0.0812678418,                 0,                 0,                 0,    -0.03312121765,  -0.0006916146946,     0.08127209486,                 0,       75.14424021
          0,           0,         365,      -10.05802674,      -10.95518621,      -10.58432095,      -9.508543907,             0.448,     0.00108149129,     0.08126784328,                 0,                 0,                 0,     -0.0331212174,  -0.0006916147335,     0.08127209634,                 0,       75.14424204
          0,           0,         366,      -10.07072625,      -10.97018875,      -10.59546311,      -9.521312537,             0.448,    0.001081491282,     0.08126784471,                 0,                 0,                 0,    -0.03312121718,  -0.0006916147734,     0.08127209777,                 0,       75.14424396
          0,           0,         367,      -10.08333055,      -10.98488186,      -10.60656551,      -9.533982452,             0.448,    0.001081491271,     0.08126784609,                 0,                 0,                 0,    -0.03312121698,   -0.000691614814,     0.08127209915,                 0,       75.14424597
          0,           0,         368,      -10.09583609,      -10.99922676,      -10.61764221,      -9.546549325,             0.448,    0.001081491259,     0.08126784741,                 0,                 0,                 0,     -0.0331212168,  -0.0006916148552,     0.08127210047,                 0,       75.14424805
          0,           0,         369,      -10.10824087,      -11.01319406,      -10.62870801,      -9.559010416,             0.448,    0.001081491245,     0.08126784867,                 0,                 0,                 0,    -0.03312121664,  -0.0006916148966,     0.08127210173,                 0,       75.14425019
          0,           0,         370,      -10.12054447,      -11.02676258,      -10.63977837,      -9.571364681,             0.448,    0.001081491229,     0.08126784987,                 0,                 0,                 0,     -0.0331212165,  -0.0006916149382,     0.08127210293,                 0,       75.14425237
          0,           0,         371,      -10.13274816,      -11.03992258,      -10.65086909,      -9.583612803,             0.448,    0.001081491213,     0.08126785101,                 0,                 0,                 0,    -0.03312121638,  -0.0006916149797,     0.08127210407,                 0,       75.14425458
          0,           0,         372,      -10.14485487,       -11.0526739,      -10.66199621,      -9.595757266,             0.448,    0.001081491195,     0.08126785209,                 0,                 0,                 0,    -0.03312121628,   -0.000691615021,     0.08127210515,                 0,        75.1442568
          0,           0,         373,      -10.15686921,      -11.06502785,       -10.6731758,       -9.60780229,             0.448,    0.001081491176,     0.08126785311,                 0,                 0,                 0,    -0.03312121619,  -0.0006916150618,     0.08127210617,                 0,       75.14425904
          0,           0,         374,      -10.16879737,      -11.07700466,      -10.68442371,      -9.619753805,             0.448,    0.001081491157,     0.08126785407,                 0,                 0,                 0,    -0.03312121612,  -0.0006916151021,     0.08127210713,                 0,       75.14426127
          0,           0,         375,      -10.18064705,      -11.08863394,      -10.69575539,       -9.63161935,             0.448,    0.001081491137,     0.08126785497,                 0,                 0,                 0,    -0.03312121605,  -0.0006916151417,     0.08127210803,                 0,       75.14426349
          0,           0,         376,      -10.19242733,      -11.09995204,      -10.70718572,      -9.643407955,             0.448,    0.001081491117,     0.08126785582,                 0,                 0,                 0,    -0.03312121601,  -0.0006916151804,     0.08127210887,                 0,       75.14426568
          0,           0,         377,      -10.20414849,      -11.11100226,      -10.71872866,      -9.655129957,             0.448,    0.001081491096,      0.0812678566,                 0,                 0,                 0,    -0.03312121597,  -0.0006916152182,     0.08127210966,                 0,       75.14426784
          0,           0,         378,      -10.21582186,      -11.12182983,      -10.73039718,      -9.666796833,             0.448,    0.001081491075,     0.08126785733,                 0,                 0,                 0,    -0.03312121594,  -0.0006916152549,     0.08127211039,                 0,       75.14426996
          0,           0,         379,      -10.22745955,      -11.13248475,      -10.74220293,      -9.678420948,             0.448,    0.001081491055,     0.08126785801,                 0,                 0,                 0,    -0.03312121592,  -0.0006916152904,     0.08127211106,                 0,       75.14427203
          0,           0,         380,       -10.2390743,      -11.14301657,      -10.75415608,      -9.690015355,             0.448,    0.001081491034,     0.08126785863,                 0,                 0,                 0,    -0.03312121591,  -0.0006916153247,     0.08127211168,                 0,       75.14427404
          0,           0,         381,      -10.25067918,      -11.15347441,      -10.76626511,      -9.701593529,             0.448,    0.001081491014,     0.08126785921,                 0,                 0,                 0,     -0.0331212159,  -0.0006916153576,     0.08127211226,                 0,       75.14427599
          0,           0,         382,      -10.26228738,      -11.16390538,      -10.77853663,      -9.713169122,             0.448,    0.001081490994,     0.08126785973,                 0,                 0,                 0,     -0.0331212159,  -0.0006916153891,     0.08127211278,                 0,       75.14427787
          0,           0,         383,      -10.27391199,       -11.1743534,      -10.79097524,      -9.724755742,             0.448,    0.001081490974,     0.08126786021,                 0,                 0,                 0,    -0.03312121591,  -0.0006916154191,     0.08127211326,                 0,       75.14427967
          0,           0,         384,      -10.28556578,       -11.1848583,      -10.80358344,      -9.736366685,             0.448,    0.001081490955,     0.08126786065,                 0,                 0,                 0,    -0.03312121592,  -0.0006916154475,      0.0812721137,                 0,       75.14428139
          0,           0,         385,      -10.29726096,      -11.19545642,       -10.8163614,      -9.748014758,             0.448,    0.001081490937,     0.08126786104,                 0,                 0,                 0,    -0.03312121594,  -0.0006916154745,     0.08127211409,                 0,       75.14428303
          0,           0,         386,      -10.30900907,      -11.20617707,      -10.82930714,      -9.759712077,             0.448,    0.001081490919,      0.0812678614,                 0,                 0,                 0,    -0.03312121595,  -0.0006916154998,     0.08127211445,                 0,       75.14428458
          0,           0,         387,      -10.32082072,      -11.21704642,      -10.84241629,      -9.771469861,             0.448,    0.001081490903,     0.08126786172,                 0,                 0,                 0,    -0.03312121598,  -0.0006916155235,     0.08127211477,                 0,       75.14428603
          0,           0,         388,      -10.33270554,      -11.22808379,      -10.85568224,      -9.783298336,             0.448,    0.001081490887,     0.08126786201,                 0,                 0,                 0,      -0.033121216,  -0.0006916155456,     0.08127211506,                 0,        75.1442874
          0,           0,         389,      -10.34467199,      -11.23930449,      -10.86909615,      -9.795206572,             0.448,    0.001081490872,     0.08126786226,                 0,                 0,                 0,    -0.03312121602,   -0.000691615566,     0.08127211531,                 0,       75.14428867
          0,           0,         390,      -10.35672733,      -11.25071755,      -10.88264698,      -9.807202414,             0.448,    0.001081490858,     0.08126786248,                 0,                 0,                 0,    -0.03312121605,  -0.0006916155848,     0.08127211553,                 0,       75.14428985
          0,           0,         391,      -10.36887748,      -11.26232834,       -10.8963217,      -9.819292376,             0.448,    0.001081490845,     0.08126786268,                 0,                 0,                 0,    -0.03312121608,  -0.0006916156021,     0.08127211573,                 0,       75.14429093
          0,           0,         392,      -10.38112704,      -11.27413663,      -10.91010532,      -9.831481628,             0.448,    0.001081490833,     0.08126786285,                 0,                 0,                 0,    -0.03312121611,  -0.0006916156177,      0.0812721159,                 0,       75.14429191
          0,           0,         393,       -10.3934792,      -11.28614019,      -10.92398117,      -9.843773917,             0.448,    0.001081490822,       0.081267863,                 0,                 0,                 0,    -0.03312121614,  -0.0006916156318,     0.08127211604,                 0,       75.14429281
          0,           0,         394,      -10.40593578,      -11.29833255,      -10.93793109,      -9.856171606,             0.448,    0.001081490812,     0.08126786312,                 0,                 0,                 0,    -0.03312121617,  -0.0006916156444,     0.08127211617,                 0,       75.14429361
          0,           0,         395,      -10.41849722,       -11.3107046,      -10.95193559,      -9.868675662,             0.448,    0.001081490803,     0.08126786323,                 0,                 0,                 0,     -0.0331212162,  -0.0006916156555,     0.08127211627,                 0,       75.14429432
          0,           0,         396,      -10.43116259,      -11.32324574,      -10.96597432,      -9.881285652,             0.448,    0.001081490795,     0.08126786331,                 0,                 0,                 0,    -0.03312121623,  -0.0006916156652,     0.08127211636,                 0,       75.14429494
          0,           0,         397,      -10.44392967,      -11.33594264,      -10.98002618,      -9.893999835,             0.448,    0.001081490789,     0.08126786338,                 0,                 0,                 0,    -0.03312121626,  -0.0006916156735,     0.08127211643,                 0,       75.14429548
          0,           0,         398,      -10.45679494,      -11.34878189,      -10.99406976,      -9.906815193,             0.448,    0.001081490783,     0.08126786343,                 0,                 0,                 0,    -0.03312121629,  -0.0006916156805,     0.08127211648,                 0,       75.14429593
          0,           0,         399,      -10.46975375,      -11.36174984,      -11.00808369,      -9.919727479,             0.448,    0.001081490778,     0.08126786347,                 0,                 0,                 0,    -0.03312121632,  -0.0006916156863,     0.08127211652,                 0,       75.14429631
          0,           0,         400,       -10.4828003,      -11.37483254,      -11.02204697,      -9.932731346,             0.448,    0.001081490774,      0.0812678635,                 0,                 0,                 0,    -0.03312121635,  -0.0006916156909,     0.08127211655,                 0,       75.14429661
          0,           0,         401,      -10.49592781,      -11.38801578,      -11.03593944,      -9.945820409,             0.448,    0.001081490771,     0.08126786352,                 0,                 0,                 0,    -0.03312121637,  -0.0006916156943,     0.08127211656,                 0,       75.14429684
          0,           0,         402,      -10.50912858,       -11.4012876,      -11.04974203,      -9.958987338,             0.448,    0.001081490769,     0.08126786352,                 0,                 0,                 0,     -0.0331212164,  -0.0006916156967,     0.08127211657,                 0,       75.14429701
          0,           0,         403,      -10.52239415,      -11.41463725,      -11.06343721,      -9.972224024,             0.448,    0.001081490767,     0.08126786352,                 0,                 0,                 0,    -0.03312121643,  -0.0006916156982,     0.08127211657,                 0,       75.14429711
          0,           0,         404,      -10.53571536,      -11.42805376,      -11.07700932,      -9.985521617,             0.448,    0.001081490766,     0.08126786351,                 0,                 0,                 0,    -0.03312121646,  -0.0006916156987,     0.08127211655,                 0,       75.14429715
          0,           0,         405,      -10.54908256,      -11.44152939,      -11.09044479,       -9.99887073,             0.448,    0.001081490766,     0.08126786349,                 0,                 0,                 0,    -0.03312121649,  -0.0006916156984,     0.08127211653,                 0,       75.14429714
          0,           0,         406,      -10.56248566,      -11.45505722,      -11.10373248,      -10.01226153,             0.448,    0.001081490767,     0.08126786346,                 0,                 0,                 0,    -0.03312121652,  -0.0006916156972,     0.08127211651,                 0,       75.14429708
          0,           0,         407,      -10.57591434,      -11.46863252,      -11.11686377,      -10.02568388,             0.448,    0.001081490768,     0.08126786343,                 0,                 0,                 0,    -0.03312121655,  -0.0006916156954,     0.08127211648,                 0,       75.14429697
          0,           0,         408,      -10.58935817,      -11.48225117,      -11.12983281,      -10.03912748,             0.448,    0.001081490769,     0.08126786339,                 0,                 0,                 0,    -0.03312121658,   -0.000691615693,     0.08127211644,                 0,       75.14429682
          0,           0,         409,      -10.60280672,      -11.49591166,      -11.14263641,        -10.052582,             0.448,    0.001081490772,     0.08126786335,                 0,                 0,                 0,    -0.03312121661,    -0.00069161569,      0.0812721164,                 0,       75.14429664
          0,           0,         410,      -10.61624974,      -11.50961243,       -11.1552742,      -10.06603721,             0.448,    0.001081490774,     0.08126786331,                 0,                 0,                 0,    -0.03312121664,  -0.0006916156864,     0.08127211635,                 0,       75.14429642
          0,           0,         411,      -10.62967725,      -11.52335271,      -11.16774841,      -10.07948308,             0.448,    0.001081490777,     0.08126786326,                 0,                 0,                 0,    -0.03312121667,  -0.0006916156824,      0.0812721163,                 0,       75.14429617
          0,           0,         412,      -10.64307971,      -11.53713232,      -11.18006384,         -10.09291,             0.448,     0.00108149078,      0.0812678632,                 0,                 0,                 0,     -0.0331212167,   -0.000691615678,     0.08127211625,                 0,        75.1442959
          0,           0,         413,      -10.65644813,      -11.55095125,      -11.19222761,      -10.10630877,             0.448,    0.001081490784,     0.08126786314,                 0,                 0,                 0,    -0.03312121672,  -0.0006916156733,     0.08127211619,                 0,       75.14429561
          0,           0,         414,      -10.66977411,      -11.56480855,      -11.20424901,      -10.11967075,             0.448,    0.001081490787,     0.08126786308,                 0,                 0,                 0,    -0.03312121675,  -0.0006916156683,     0.08127211613,                 0,       75.14429529
          0,           0,         415,      -10.68305003,      -11.57870244,      -11.21613909,      -10.13298799,             0.448,    0.001081490791,     0.08126786302,                 0,                 0,                 0,    -0.03312121678,  -0.0006916156631,     0.08127211607,                 0,       75.14429496
          0,           0,         416,      -10.69626905,      -11.59263001,      -11.22791055,      -10.14625325,             0.448,    0.001081490795,     0.08126786296,                 0,                 0,                 0,    -0.03312121681,  -0.0006916156576,     0.08127211601,                 0,       75.14429462
          0,           0,         417,      -10.70942521,      -11.60658666,      -11.23957741,      -10.15946012,             0.448,      0.0010814908,     0.08126786289,                 0,                 0,                 0,    -0.03312121684,   -0.000691615652,     0.08127211594,                 0,       75.14429427
          0,           0,         418,      -10.72251348,      -11.62056602,      -11.25115463,      -10.17260299,             0.448,    0.001081490804,     0.08126786282,                 0,                 0,                 0,    -0.03312121687,  -0.0006916156463,     0.08127211587,                 0,       75.14429392
          0,           0,         419,      -10.73552979,      -11.63455879,      -11.26265792,      -10.18567721,             0.448,    0.001081490808,     0.08126786275,                 0,                 0,                 0,     -0.0331212169,  -0.0006916156405,      0.0812721158,                 0,       75.14429355
          0,           0,         420,        -10.748471,       -11.6485547,      -11.27410351,      -10.19867896,             0.448,    0.001081490812,     0.08126786268,                 0,                 0,                 0,    -0.03312121693,  -0.0006916156347,     0.08127211573,                 0,       75.14429319
          0,           0,         421,      -10.76133496,      -11.66254015,      -11.28550768,      -10.21160537,             0.448,    0.001081490817,     0.08126786261,                 0,                 0,                 0,    -0.03312121696,  -0.0006916156288,     0.08127211566,                 0,       75.14429283
          0,           0,         422,       -10.7741205,      -11.67649988,      -11.29688685,      -10.22445452,             0.448,    0.001081490821,     0.08126786254,                 0,                 0,                 0,    -0.03312121699,   -0.000691615623,     0.08127211559,                 0,       75.14429247
          0,           0,         423,       -10.7868273,      -11.69041574,      -11.30825708,      -10.23722531,             0.448,    0.001081490825,     0.08126786247,                 0,                 0,                 0,    -0.03312121702,  -0.0006916156173,     0.08127211551,                 0,       75.14429211
          0,           0,         424,      -10.79945602,      -11.70426948,      -11.31963406,      -10.24991756,             0.448,    0.001081490829,     0.08126786239,                 0,                 0,                 0,    -0.03312121705,  -0.0006916156116,     0.08127211544,                 0,       75.14429176
          0,           0,         425,      -10.81200807,       -11.7180398,      -11.33103297,      -10.26253189,             0.448,    0.001081490833,     0.08126786232,                 0,                 0,                 0,    -0.03312121708,   -0.000691615606,     0.08127211537,                 0,       75.14429141
          0,           0,         426,      -10.82448569,      -11.73170576,      -11.34246816,      -10.27506973,             0.448,    0.001081490837,     0.08126786225,                 0,                 0,                 0,    -0.03312121711,  -0.0006916156005,     0.08127211529,                 0,       75.14429107
          0,           0,         427,      -10.83689187,      -11.74524515,      -11.35395331,      -10.28753325,             0.448,    0.001081490841,     0.08126786217,                 0,                 0,                 0,    -0.03312121714,  -0.0006916155951,     0.08127211522,                 0,       75.14429074
          0,           0,         428,      -10.84923021,      -11.75863754,      -11.36550118,      -10.29992532,             0.448,    0.001081490844,      0.0812678621,                 0,                 0,                 0,    -0.03312121716,  -0.0006916155899,     0.08127211515,                 0,       75.14429043
          0,           0,         429,      -10.86150493,      -11.77186184,      -11.37712356,      -10.31224941,             0.448,    0.001081490848,     0.08126786202,                 0,                 0,                 0,    -0.03312121719,  -0.0006916155848,     0.08127211507,                 0,       75.14429012
          0,           0,         430,      -10.87372079,      -11.78490133,      -11.38883134,      -10.32450961,             0.448,    0.001081490851,     0.08126786195,                 0,                 0,                 0,    -0.03312121722,  -0.0006916155799,       0.081272115,                 0,       75.14428982
          0,           0,         431,      -10.88588301,      -11.79773882,      -11.40063432,      -10.33671056,             0.448,    0.001081490854,     0.08126786188,                 0,                 0,                 0,    -0.03312121724,  -0.0006916155752,     0.08127211493,                 0,       75.14428953
          0,           0,         432,      -10.89799718,      -11.81036245,      -11.41254144,      -10.34885729,             0.448,    0.001081490857,     0.08126786181,                 0,                 0,                 0,    -0.03312121727,  -0.0006916155706,     0.08127211486,                 0,       75.14428926
          0,           0,         433,      -10.91006927,       -11.8227637,      -11.42456047,      -10.36095535,             0.448,     0.00108149086,     0.08126786174,                 0,                 0,                 0,    -0.03312121729,  -0.0006916155662,     0.08127211479,                 0,       75.14428899
          0,           0,         434,       -10.9221055,      -11.83493854,      -11.43669821,      -10.37301058,             0.448,    0.001081490863,     0.08126786167,                 0,                 0,                 0,    -0.03312121731,  -0.0006916155621,     0.08127211472,                 0,       75.14428874
          0,           0,         435,       -10.9341123,      -11.84688701,       -11.4489603,      -10.38502918,             0.448,    0.001081490865,     0.08126786161,                 0,                 0,                 0,    -0.03312121733,  -0.0006916155581,     0.08127211466,                 0,        75.1442885
          0,           0,         436,      -10.94609623,      -11.85861511,      -11.46135132,      -10.39701751,             0.448,    0.001081490868,     0.08126786154,                 0,                 0,                 0,    -0.03312121735,  -0.0006916155543,     0.08127211459,                 0,       75.14428828
          0,           0,         437,      -10.95806395,      -11.87013244,      -11.47387466,      -10.40898219,             0.448,     0.00108149087,     0.08126786148,                 0,                 0,                 0,    -0.03312121737,  -0.0006916155507,     0.08127211453,                 0,       75.14428807
          0,           0,         438,      -10.97002212,      -11.88145487,      -11.48653236,      -10.42092987,             0.448,    0.001081490872,     0.08126786142,                 0,                 0,                 0,    -0.03312121738,  -0.0006916155474,     0.08127211447,                 0,       75.14428787
          0,           0,         439,      -10.98197739,      -11.89259975,      -11.49932521,      -10.43286737,             0.448,    0.001081490874,     0.08126786137,                 0,                 0,                 0,     -0.0331212174,  -0.0006916155442,     0.08127211442,                 0,       75.14428768
          0,           0,         440,      -10.99393624,      -11.90359151,      -11.51225271,      -10.44480136,             0.448,    0.001081490876,     0.08126786131,                 0,                 0,                 0,    -0.03312121741,  -0.0006916155412,     0.08127211436,                 0,       75.14428751
          0,           0,         441,      -11.00590504,      -11.91445694,      -11.52531274,      -10.45673853,             0.448,    0.001081490878,     0.08126786126,                 0,                 0,                 0,    -0.03312121743,  -0.0006916155385,     0.08127211431,                 0,       75.14428735
          0,           0,         442,      -11.01788991,      -11.92522353,      -11.53850177,      -10.46868536,             0.448,    0.001081490879,     0.08126786121,                 0,                 0,                 0,    -0.03312121744,  -0.0006916155359,     0.08127211426,                 0,        75.1442872
          0,           0,         443,      -11.02989675,      -11.93592346,      -11.55181474,      -10.48064822,             0.448,     0.00108149088,     0.08126786117,                 0,                 0,                 0,    -0.03312121745,  -0.0006916155335,     0.08127211422,                 0,       75.14428706
          0,           0,         444,      -11.04193108,      -11.94658731,      -11.56524501,      -10.49263315,             0.448,    0.001081490882,     0.08126786113,                 0,                 0,                 0,    -0.03312121745,  -0.0006916155313,     0.08127211418,                 0,       75.14428693
          0,           0,         445,       -11.0539981,      -11.95724608,      -11.57878449,      -10.50464597,             0.448,    0.001081490883,     0.08126786109,                 0,                 0,                 0,    -0.03312121746,  -0.0006916155294,     0.08127211414,                 0,       75.14428682
          0,           0,         446,      -11.06610259,      -11.96793258,      -11.59242342,       -10.5166921,             0.448,    0.001081490884,     0.08126786105,                 0,                 0,                 0,    -0.03312121747,  -0.0006916155276,      0.0812721141,                 0,       75.14428671
          0,           0,         447,      -11.07824889,      -11.97867473,      -11.60615058,      -10.52877657,             0.448,    0.001081490885,     0.08126786102,                 0,                 0,                 0,    -0.03312121747,  -0.0006916155259,     0.08127211407,                 0,       75.14428662
          0,           0,         448,       -11.0904409,      -11.98950246,      -11.61995307,      -10.54090405,             0.448,    0.001081490886,     0.08126786099,                 0,                 0,                 0,    -0.03312121747,  -0.0006916155245,     0.08127211404,                 0,       75.14428653
          0,           0,         449,       -11.1026819,      -12.00044229,      -11.63381704,      -10.55307855,             0.448,    0.001081490886,     0.08126786097,                 0,                 0,                 0,    -0.03312121747,  -0.0006916155232,     0.08127211402,                 0,       75.14428646
          0,           0,         450,      -11.11497471,      -12.01151567,      -11.64772702,      -10.56530376,             0.448,    0.001081490887,     0.08126786095,                 0,                 0,                 0,    -0.03312121747,  -0.0006916155221,       0.081272114,                 0,       75.14428639
          0,           0,         451,      -11.12732152,      -12.02274512,      -11.66166648,      -10.57758271,             0.448,    0.001081490888,     0.08126786093,                 0,                 0,                 0,    -0.03312121747,  -0.0006916155211,     0.08127211398,                 0,       75.14428634
          0,           0,         452,      -11.13972393,      -12.03414795,      -11.67561797,      -10.58991782,             0.448,    0.001081490888,     0.08126786092,                 0,                 0,                 0,    -0.03312121746,  -0.0006916155203,     0.08127211397,                 0,       75.14428629
          0,           0,         453,      -11.15218291,      -12.04573908,      -11.68956326,      -10.60231089,             0.448,    0.001081490889,     0.08126786091,                 0,                 0,                 0,    -0.03312121746,  -0.0006916155197,     0.08127211396,                 0,       75.14428625
          0,           0,         454,      -11.16469879,       -12.0575304,      -11.70348359,      -10.61476316,             0.448,    0.001081490889,     0.08126786091,                 0,                 0,                 0,    -0.03312121745,  -0.0006916155191,     0.08127211396,                 0,       75.14428621
          0,           0,         455,      -11.17727117,      -12.06953277,      -11.71735985,      -10.62727503,             0.448,    0.001081490889,     0.08126786091,                 0,                 0,                 0,    -0.03312121744,  -0.0006916155188,     0.08127211396,                 0,       75.14428619
          0,           0,         456,      -11.18989898,      -12.08174904,      -11.73117322,      -10.63984631,             0.448,     0.00108149089,     0.08126786091,                 0,                 0,                 0,    -0.03312121744,  -0.0006916155185,     0.08127211396,                 0,       75.14428617
          0,           0,         457,      -11.20258051,       -12.0941819,      -11.74490499,      -10.65247603,             0.448,     0.00108149089,     0.08126786091,                 0,                 0,                 0,    -0.03312121743,  -0.0006916155184,     0.08127211396,                 0,       75.14428616
          0,           0,         458,      -11.21531338,      -12.10682899,      -11.75853718,      -10.66516251,             0.448,     0.00108149089,     0.08126786092,                 0,                 0,                 0,    -0.03312121742,  -0.0006916155184,     0.08127211397,                 0,       75.14428615
          0,           0,         459,       -11.2280944,       -12.1196891,      -11.77205305,      -10.67790338,             0.448,     0.00108149089,     0.08126786094,                 0,                 0,                 0,    -0.03312121741,  -0.0006916155185,     0.08127211398,                 0,       75.14428615
          0,           0,         460,      -11.24091991,      -12.13275485,      -11.78543712,      -10.69069557,             0.448,    0.001081490891,     0.08126786095,                 0,                 0,                 0,    -0.03312121739,  -0.0006916155187,       0.081272114,                 0,       75.14428616
          0,           0,         461,      -11.25378543,       -12.1460172,      -11.79867561,      -10.70353517,             0.448,    0.001081490891,     0.08126786097,                 0,                 0,                 0,    -0.03312121738,   -0.000691615519,     0.08127211402,                 0,       75.14428617
          0,           0,         462,      -11.26668596,        -12.159463,      -11.81175664,       -10.7164176,             0.448,    0.001081490891,     0.08126786099,                 0,                 0,                 0,    -0.03312121737,  -0.0006916155194,     0.08127211404,                 0,       75.14428618
          0,           0,         463,      -11.27961593,      -12.17308126,      -11.82467096,      -10.72933779,             0.448,    0.001081490891,     0.08126786102,                 0,                 0,                 0,    -0.03312121736,  -0.0006916155199,     0.08127211406,                 0,        75.1442862
          0,           0,         464,      -11.29256922,      -12.18685232,      -11.83741132,      -10.74228988,             0.448,    0.001081490891,     0.08126786104,                 0,                 0,                 0,    -0.03312121734,  -0.0006916155204,     0.08127211409,                 0,       75.14428622
          0,           0,         465,      -11.30553935,      -12.20075787,      -11.84997367,      -10.75526756,             0.448,    0.001081490891,     0.08126786107,                 0,                 0,                 0,    -0.03312121733,  -0.0006916155211,     0.08127211412,                 0,       75.14428625
          0,           0,         466,      -11.31851938,      -12.21478193,       -11.8623561,      -10.76826396,             0.448,    0.001081490891,      0.0812678611,                 0,                 0,                 0,    -0.03312121732,  -0.0006916155218,     0.08127211415,                 0,       75.14428628
          0,           0,         467,      -11.33150193,      -12.22889666,      -11.87455988,      -10.78127168,             0.448,    0.001081490891,     0.08126786114,                 0,                 0,                 0,     -0.0331212173,  -0.0006916155226,     0.08127211418,                 0,       75.14428632
          0,           0,         468,      -11.34447964,      -12.24308495,      -11.88658877,      -10.79428315,             0.448,    0.001081490891,     0.08126786117,                 0,                 0,                 0,    -0.03312121729,  -0.0006916155234,     0.08127211422,                 0,       75.14428635
          0,           0,         469,      -11.35744497,      -12.25732132,      -11.89844937,      -10.80729049,             0.448,     0.00108149089,     0.08126786121,                 0,                 0,                 0,    -0.03312121727,  -0.0006916155243,     0.08127211425,                 0,       75.14428639
          0,           0,         470,      -11.37039026,      -12.27158159,       -11.9101503,      -10.82028561,             0.448,     0.00108149089,     0.08126786124,                 0,                 0,                 0,    -0.03312121726,  -0.0006916155252,     0.08127211429,                 0,       75.14428644
          0,           0,         471,      -11.38330808,      -12.28584131,      -11.92170273,      -10.83326056,             0.448,     0.00108149089,     0.08126786128,                 0,                 0,                 0,    -0.03312121725,  -0.0006916155262,     0.08127211433,                 0,       75.14428648
          0,           0,         472,      -11.39619096,      -12.30007726,      -11.93311983,      -10.84620705,             0.448,     0.00108149089,     0.08126786132,                 0,                 0,                 0,    -0.03312121723,  -0.0006916155272,     0.08127211437,                 0,       75.14428653
          0,           0,         473,      -11.40903202,      -12.31426634,       -11.9444161,      -10.85911746,             0.448,     0.00108149089,     0.08126786136,                 0,                 0,                 0,    -0.03312121722,  -0.0006916155283,     0.08127211441,                 0,       75.14428658
          0,           0,         474,       -11.4218248,      -12.32838212,      -11.95560756,       -10.8719843,             0.448,     0.00108149089,      0.0812678614,                 0,                 0,                 0,    -0.03312121721,  -0.0006916155294,     0.08127211445,                 0,       75.14428663
          0,           0,         475,      -11.43456308,      -12.34240809,       -11.9667113,      -10.88480036,             0.448,    0.001081490889,     0.08126786144,                 0,                 0,                 0,     -0.0331212172,  -0.0006916155305,     0.08127211449,                 0,       75.14428669
          0,           0,         476,      -11.44724165,       -12.3563196,      -11.97774488,      -10.89755931,             0.448,    0.001081490889,     0.08126786148,                 0,                 0,                 0,    -0.03312121718,  -0.0006916155316,     0.08127211453,                 0,       75.14428674
          0,           0,         477,      -11.45985584,      -12.37010053,      -11.98872712,      -10.91025525,             0.448,    0.001081490889,     0.08126786152,                 0,                 0,                 0,    -0.03312121717,  -0.0006916155328,     0.08127211457,                 0,        75.1442868
          0,           0,         478,      -11.47240181,      -12.38373731,      -11.99967565,      -10.92288318,             0.448,    0.001081490889,     0.08126786156,                 0,                 0,                 0,    -0.03312121716,  -0.0006916155339,     0.08127211461,                 0,       75.14428685
          0,           0,         479,      -11.48487669,      -12.39720982,      -12.01060885,      -10.93543895,             0.448,    0.001081490888,      0.0812678616,                 0,                 0,                 0,    -0.03312121715,  -0.0006916155351,     0.08127211465,                 0,       75.14428691
          0,           0,         480,      -11.49727855,      -12.41050561,      -12.02154456,       -10.9479194,             0.448,    0.001081490888,     0.08126786164,                 0,                 0,                 0,    -0.03312121714,  -0.0006916155363,     0.08127211469,                 0,       75.14428697
          0,           0,         481,      -11.50960652,       -12.4236158,      -12.03249999,      -10.96032234,             0.448,    0.001081490888,     0.08126786168,                 0,                 0,                 0,    -0.03312121713,  -0.0006916155375,     0.08127211473,                 0,       75.14428703
          0,           0,         482,      -11.52186051,      -12.43653682,      -12.04349136,      -10.97264667,             0.448,    0.001081490887,     0.08126786172,                 0,                 0,                 0,    -0.03312121713,  -0.0006916155387,     0.08127211477,                 0,       75.14428709
          0,           0,         483,      -11.53404182,      -12.44925648,      -12.05453415,      -10.98489256,             0.448,    0.001081490887,     0.08126786176,                 0,                 0,                 0,    -0.03312121712,  -0.0006916155398,      0.0812721148,                 0,       75.14428715
          0,           0,         484,      -11.54615254,      -12.46177728,      -12.06564271,      -10.99706106,             0.448,    0.001081490887,     0.08126786179,                 0,                 0,                 0,    -0.03312121711,   -0.000691615541,     0.08127211484,                 0,       75.14428721
          0,           0,         485,      -11.55819563,      -12.47410103,      -12.07682991,      -11.00915428,             0.448,    0.001081490886,     0.08126786182,                 0,                 0,                 0,     -0.0331212171,  -0.0006916155422,     0.08127211487,                 0,       75.14428727
          0,           0,         486,      -11.57017527,      -12.48622136,      -12.08810777,      -11.02117566,             0.448,    0.001081490886,     0.08126786186,                 0,                 0,                 0,     -0.0331212171,  -0.0006916155433,     0.08127211491,                 0,       75.14428733
          0,           0,         487,      -11.58209645,      -12.49814592,        -12.099487,      -11.03312963,             0.448,    0.001081490885,     0.08126786189,                 0,                 0,                 0,    -0.03312121709,  -0.0006916155444,     0.08127211494,                 0,       75.14428739
          0,           0,         488,      -11.59396472,      -12.50988562,      -12.11097703,      -11.04502128,             0.448,    0.001081490885,     0.08126786192,                 0,                 0,                 0,    -0.03312121709,  -0.0006916155455,     0.08127211497,                 0,       75.14428745
          0,           0,         489,      -11.60578666,      -12.52144403,      -12.12258549,      -11.05685697,             0.448,    0.001081490884,     0.08126786195,                 0,                 0,                 0,    -0.03312121709,  -0.0006916155466,       0.081272115,                 0,       75.14428751
          0,           0,         490,      -11.61756944,      -12.53283213,      -12.13431888,      -11.06864363,             0.448,    0.001081490884,     0.08126786197,                 0,                 0,                 0,    -0.03312121708,  -0.0006916155477,     0.08127211502,                 0,       75.14428756
          0,           0,         491,      -11.62932063,      -12.54406429,      -12.14618309,      -11.08038901,             0.448,    0.001081490883,       0.081267862,                 0,                 0,                 0,    -0.03312121708,  -0.0006916155487,     0.08127211505,                 0,       75.14428762
          0,           0,         492,      -11.64104834,      -12.55514547,      -12.15818239,      -11.09210146,             0.448,    0.001081490883,     0.08126786202,                 0,                 0,                 0,    -0.03312121708,  -0.0006916155497,     0.08127211507,                 0,       75.14428768
          0,           0,         493,      -11.65276072,      -12.56610081,      -12.17031954,      -11.10378937,             0.448,    0.001081490882,     0.08126786204,                 0,                 0,                 0,    -0.03312121707,  -0.0006916155507,     0.08127211509,                 0,       75.14428773
          0,           0,         494,      -11.66446656,      -12.57694612,      -12.18259538,       -11.1154621,             0.448,    0.001081490882,     0.08126786206,                 0,                 0,                 0,    -0.03312121707,  -0.0006916155516,     0.08127211511,                 0,       75.14428779
          0,           0,         495,      -11.67617434,      -12.58768689,      -12.19501091,      -11.12712874,             0.448,    0.001081490881,     0.08126786208,                 0,                 0,                 0,    -0.03312121707,  -0.0006916155525,     0.08127211513,                 0,       75.14428784
          0,           0,         496,      -11.68789272,      -12.59835858,       -12.2075646,      -11.13879864,             0.448,    0.001081490881,      0.0812678621,                 0,                 0,                 0,    -0.03312121707,  -0.0006916155534,     0.08127211515,                 0,       75.14428789
          0,           0,         497,      -11.69963008,      -12.60895984,      -12.22025425,        -11.150481,             0.448,     0.00108149088,     0.08126786211,                 0,                 0,                 0,    -0.03312121707,  -0.0006916155542,     0.08127211516,                 0,       75.14428794
          0,           0,         498,      -11.71139446,      -12.61952873,      -12.23307668,      -11.16218477,             0.448,     0.00108149088,     0.08126786213,                 0,                 0,                 0,    -0.03312121707,   -0.000691615555,     0.08127211518,                 0,       75.14428799
          0,           0,         499,      -11.72319385,      -12.63006984,      -12.24602657,      -11.17391859,             0.448,    0.001081490879,     0.08126786214,                 0,                 0,                 0,    -0.03312121707,  -0.0006916155558,     0.08127211519,                 0,       75.14428803
          0,           0,         500,      -11.73503547,      -12.64062213,      -12.25909741,      -11.18569104,             0.448,    0.001081490879,     0.08126786215,                 0,                 0,                 0,    -0.03312121708,  -0.0006916155565,      0.0812721152,                 0,       75.14428808
          0,           0,         501,      -11.74692652,      -12.65118986,      -12.27228314,      -11.19751003,             0.448,    0.001081490878,     0.08126786216,                 0,                 0,                 0,    -0.03312121708,  -0.0006916155572,      0.0812721152,                 0,       75.14428812
          0,           0,         502,      -11.75887311,       -12.6617924,      -12.28557468,      -11.20938252,             0.448,    0.001081490878,     0.08126786216,                 0,                 0,                 0,    -0.03312121708,  -0.0006916155578,     0.08127211521,                 0,       75.14428816
          0,           0,         503,      -11.77088082,      -12.67246653,      -12.29896216,      -11.22131547,             0.448,    0.001081490877,     0.08126786217,                 0,                 0,                 0,    -0.03312121708,  -0.0006916155584,     0.08127211522,                 0,       75.14428819
          0,           0,         504,      -11.78295476,      -12.68321072,      -12.31243566,      -11.23331463,             0.448,    0.001081490877,     0.08126786217,                 0,                 0,                 0,    -0.03312121709,  -0.0006916155589,     0.08127211522,                 0,       75.14428823
          0,           0,         505,      -11.79509933,      -12.69404701,      -12.32598395,       -11.2453852,             0.448,    0.001081490876,     0.08126786217,                 0,                 0,                 0,    -0.03312121709,  -0.0006916155594,     0.08127211522,                 0,       75.14428826
          0,           0,         506,      -11.80731792,      -12.70500528,      -12.33959413,      -11.25753173,             0.448,    0.001081490876,     0.08126786217,                 0,                 0,                 0,    -0.03312121709,  -0.0006916155598,     0.08127211522,                 0,       75.14428829
          0,           0,         507,      -11.81961326,      -12.71608573,      -12.35325273,      -11.26975767,             0.448,    0.001081490876,     0.08126786217,                 0,                 0,                 0,    -0.03312121709,  -0.0006916155602,     0.08127211522,                 0,       75.14428832
          0,           0,         508,      -11.83198756,      -12.72731387,      -12.36694563,      -11.28206583,             0.448,    0.001081490875,     0.08126786217,                 0,                 0,                 0,     -0.0331212171,  -0.0006916155606,     0.08127211522,                 0,       75.14428835
          0,           0,         509,      -11.84444159,      -12.73870025,      -12.38066014,      -11.29445791,             0.448,    0.001081490875,     0.08126786217,                 0,                 0,                 0,     -0.0331212171,  -0.0006916155609,     0.08127211522,                 0,       75.14428837
          0,           0,         510,      -11.85697558,       -12.7502605,      -12.39437971,       -11.3069347,             0.448,    0.001081490875,     0.08126786217,                 0,                 0,                 0,     -0.0331212171,  -0.0006916155612,     0.08127211521,                 0,       75.14428839
          0,           0,         511,      -11.86958929,      -12.76200188,      -12.40808908,      -11.31949647,             0.448,    0.001081490874,     0.08126786216,                 0,                 0,                 0,    -0.03312121711,  -0.0006916155614,     0.08127211521,                 0,       75.14428841
          0,           0,         512,      -11.88228097,      -12.77393299,      -12.42177327,      -11.33214224,             0.448,    0.001081490874,     0.08126786215,                 0,                 0,                 0,    -0.03312121711,  -0.0006916155616,      0.0812721152,                 0,       75.14428842
          0,           0,         513,      -11.89504846,      -12.78606186,        -12.435417,       -11.3448701,             0.448,    0.001081490874,     0.08126786215,                 0,                 0,                 0,    -0.03312121712,  -0.0006916155617,      0.0812721152,                 0,       75.14428844
          0,           0,         514,      -11.90788885,      -12.79838607,      -12.44900407,      -11.35767729,             0.448,    0.001081490873,     0.08126786214,                 0,                 0,                 0,    -0.03312121712,  -0.0006916155618,     0.08127211519,                 0,       75.14428845
          0,           0,         515,      -11.92079787,      -12.81092508,      -12.46252042,      -11.37056031,             0.448,    0.001081490873,     0.08126786213,                 0,                 0,                 0,    -0.03312121712,  -0.0006916155619,     0.08127211518,                 0,       75.14428846
          0,           0,         516,      -11.93377118,      -12.82367531,      -12.47595219,       -11.3835147,             0.448,    0.001081490873,     0.08126786212,                 0,                 0,                 0,    -0.03312121713,  -0.0006916155619,     0.08127211517,                 0,       75.14428847
          0,           0,         517,      -11.94680285,      -12.83662976,      -12.48928502,      -11.39653451,             0.448,    0.001081490873,     0.08126786211,                 0,                 0,                 0,    -0.03312121713,  -0.0006916155619,     0.08127211516,                 0,       75.14428847
          0,           0,         518,      -11.95988712,       -12.8497872,      -12.50250788,      -11.40961449,             0.448,    0.001081490872,     0.08126786211,                 0,                 0,                 0,    -0.03312121713,  -0.0006916155619,     0.08127211515,                 0,       75.14428848
          0,           0,         519,       -11.9730169,      -12.86315486,      -12.51560898,       -11.4227472,             0.448,    0.001081490872,      0.0812678621,                 0,                 0,                 0,    -0.03312121714,  -0.0006916155618,     0.08127211514,                 0,       75.14428848
          0,           0,         520,      -11.98618451,      -12.87669802,      -12.52858032,      -11.43592507,             0.448,    0.001081490872,     0.08126786209,                 0,                 0,                 0,    -0.03312121714,  -0.0006916155618,     0.08127211513,                 0,       75.14428848
          0,           0,         521,      -11.99938207,      -12.89041812,      -12.54141114,      -11.44913997,             0.448,    0.001081490872,     0.08126786207,                 0,                 0,                 0,    -0.03312121714,  -0.0006916155616,     0.08127211512,                 0,       75.14428848
          0,           0,         522,      -12.01260111,      -12.90431322,      -12.55409836,      -11.46238309,             0.448,    0.001081490872,     0.08126786206,                 0,                 0,                 0,    -0.03312121715,  -0.0006916155615,     0.08127211511,                 0,       75.14428847
          0,           0,         523,      -12.02583266,      -12.91835389,      -12.56663594,      -11.47564503,             0.448,    0.001081490872,     0.08126786205,                 0,                 0,                 0,    -0.03312121715,  -0.0006916155613,      0.0812721151,                 0,       75.14428847
          0,           0,         524,      -12.03906785,      -12.93252146,      -12.57902292,      -11.48891687,             0.448,    0.001081490872,     0.08126786204,                 0,                 0,                 0,    -0.03312121715,  -0.0006916155611,     0.08127211509,                 0,       75.14428846
          0,           0,         525,      -12.05229662,      -12.94681494,      -12.59125727,      -11.50218779,             0.448,    0.001081490872,     0.08126786203,                 0,                 0,                 0,    -0.03312121716,  -0.0006916155609,     0.08127211508,                 0,       75.14428845
          0,           0,         526,      -12.06550972,      -12.96120459,      -12.60334316,      -11.51544824,             0.448,    0.001081490872,     0.08126786202,                 0,                 0,                 0,    -0.03312121716,  -0.0006916155607,     0.08127211507,                 0,       75.14428844
          0,           0,         527,       -12.0786983,      -12.97562966,       -12.6152825,      -11.52868867,             0.448,    0.001081490872,     0.08126786201,                 0,                 0,                 0,    -0.03312121716,  -0.0006916155605,     0.08127211506,                 0,       75.14428843
          0,           0,         528,      -12.09185258,      -12.99012063,      -12.62708278,      -11.54189835,             0.448,    0.001081490872,       0.081267862,                 0,                 0,                 0,    -0.03312121716,  -0.0006916155602,     0.08127211505,                 0,       75.14428842
          0,           0,         529,      -12.10496424,      -13.00461036,      -12.63875197,      -11.55506883,             0.448,    0.001081490872,     0.08126786199,                 0,                 0,                 0,    -0.03312121717,  -0.0006916155599,     0.08127211504,                 0,       75.14428841
          0,           0,         530,      -12.11802478,      -13.01909866,      -12.65029901,      -11.56819057,             0.448,    0.001081490872,     0.08126786198,                 0,                 0,                 0,    -0.03312121717,  -0.0006916155597,     0.08127211503,                 0,        75.1442884
          0,           0,         531,      -12.13102627,      -13.03353835,      -12.66173373,      -11.58125493,             0.448,    0.001081490872,     0.08126786197,                 0,                 0,                 0,    -0.03312121717,  -0.0006916155594,     0.08127211502,                 0,       75.14428838
          0,           0,         532,      -12.14396275,      -13.04789907,      -12.67307325,      -11.59425512,             0.448,    0.001081490872,     0.08126786196,                 0,                 0,                 0,    -0.03312121717,  -0.0006916155591,     0.08127211501,                 0,       75.14428837
          0,           0,         533,      -12.15682707,      -13.06214456,      -12.68432586,      -11.60718315,             0.448,    0.001081490872,     0.08126786195,                 0,                 0,                 0,    -0.03312121717,  -0.0006916155588,       0.081272115,                 0,       75.14428835
          0,           0,         534,      -12.16961463,      -13.07627437,       -12.6955109,      -11.62003385,             0.448,    0.001081490872,     0.08126786194,                 0,                 0,                 0,    -0.03312121717,  -0.0006916155585,     0.08127211499,                 0,       75.14428834
          0,           0,         535,      -12.18232115,      -13.09028139,      -12.70664189,      -11.63280201,             0.448,    0.001081490872,     0.08126786193,                 0,                 0,                 0,    -0.03312121718,  -0.0006916155582,     0.08127211498,                 0,       75.14428832
          0,           0,         536,      -12.19494498,      -13.10410179,      -12.71773788,      -11.64548483,             0.448,    0.001081490872,     0.08126786192,                 0,                 0,                 0,    -0.03312121718,  -0.0006916155579,     0.08127211497,                 0,       75.14428831
          0,           0,         537,      -12.20748397,      -13.11769384,      -12.72881679,      -11.65807996,             0.448,    0.001081490873,     0.08126786191,                 0,                 0,                 0,    -0.03312121718,  -0.0006916155576,     0.08127211496,                 0,       75.14428829
          0,           0,         538,      -12.21993743,      -13.13111363,      -12.73989374,      -11.67058586,             0.448,    0.001081490873,      0.0812678619,                 0,                 0,                 0,    -0.03312121718,  -0.0006916155573,     0.08127211495,                 0,       75.14428827
          0,           0,         539,      -12.23230757,      -13.14428104,      -12.75098669,      -11.68300419,             0.448,    0.001081490873,      0.0812678619,                 0,                 0,                 0,    -0.03312121718,   -0.000691615557,     0.08127211495,                 0,       75.14428826
          0,           0,         540,      -12.24459571,      -13.15723632,      -12.76211082,      -11.69533565,             0.448,    0.001081490873,     0.08126786189,                 0,                 0,                 0,    -0.03312121718,  -0.0006916155567,     0.08127211494,                 0,       75.14428824
          0,           0,         541,      -12.25680575,      -13.16994124,      -12.77328618,      -11.70758292,             0.448,    0.001081490873,     0.08126786188,                 0,                 0,                 0,    -0.03312121718,  -0.0006916155564,     0.08127211493,                 0,       75.14428822
          0,           0,         542,      -12.26894243,      -13.18243984,      -12.78452562,        -11.719751,             0.448,    0.001081490873,     0.08126786188,                 0,                 0,                 0,    -0.03312121718,  -0.0006916155561,     0.08127211492,                 0,       75.14428821
          0,           0,         543,      -12.28101163,       -13.1946696,      -12.79584762,      -11.73184595,             0.448,    0.001081490873,     0.08126786187,                 0,                 0,                 0,    -0.03312121718,  -0.0006916155558,     0.08127211492,                 0,       75.14428819
          0,           0,         544,      -12.29302016,      -13.20668289,      -12.80726324,      -11.74387319,             0.448,    0.001081490874,     0.08126786186,                 0,                 0,                 0,    -0.03312121718,  -0.0006916155555,     0.08127211491,                 0,       75.14428817
          0,           0,         545,      -12.30497612,      -13.21851348,      -12.81878996,      -11.75584098,             0.448,    0.001081490874,     0.08126786186,                 0,                 0,                 0,    -0.03312121718,  -0.0006916155552,     0.08127211491,                 0,       75.14428816
          0,           0,         546,       -12.3168877,      -13.23006643,      -12.83043483,      -11.76775776,             0.448,    0.001081490874,     0.08126786185,                 0,                 0,                 0,    -0.03312121719,   -0.000691615555,      0.0812721149,                 0,       75.14428814
          0,           0,         547,      -12.32876337,      -13.24155946,      -12.84221491,      -11.77963213,             0.448,    0.001081490874,     0.08126786185,                 0,                 0,                 0,    -0.03312121719,  -0.0006916155547,      0.0812721149,                 0,       75.14428813
          0,           0,         548,      -12.34061412,      -13.25281173,      -12.85413385,        -11.791475,             0.448,    0.001081490874,     0.08126786184,                 0,                 0,                 0,    -0.03312121719,  -0.0006916155545,     0.08127211489,                 0,       75.14428811
          0,           0,         549,      -12.35244848,      -13.26393122,      -12.86620149,      -11.80329423,             0.448,    0.001081490874,     0.08126786184,                 0,                 0,                 0,    -0.03312121719,  -0.0006916155542,     0.08127211489,                 0,        75.1442881
          0,           0,         550,      -12.36427769,      -13.27491009,      -12.87842595,      -11.81510264,             0.448,    0.001081490874,     0.08126786184,                 0,                 0,                 0,    -0.03312121719,   -0.000691615554,     0.08127211488,                 0,       75.14428809
          0,           0,         551,      -12.37611094,      -13.28580802,      -12.89081338,      -11.82690868,             0.448,    0.001081490875,     0.08126786183,                 0,                 0,                 0,    -0.03312121719,  -0.0006916155538,     0.08127211488,                 0,       75.14428807
          0,           0,         552,      -12.38795768,      -13.29671007,        -12.903361,      -11.83872328,             0.448,    0.001081490875,     0.08126786183,                 0,                 0,                 0,    -0.03312121719,  -0.0006916155536,     0.08127211488,                 0,       75.14428806
          0,           0,         553,      -12.39982848,      -13.30751638,      -12.91607514,      -11.85055679,             0.448,    0.001081490875,     0.08126786183,                 0,                 0,                 0,    -0.03312121719,  -0.0006916155534,     0.08127211488,                 0,       75.14428805
          0,           0,         554,      -12.41173191,      -13.31831021,      -12.92895508,      -11.86241807,             0.448,    0.001081490875,     0.08126786182,                 0,                 0,                 0,    -0.03312121719,  -0.0006916155532,     0.08127211487,                 0,       75.14428804
          0,           0,         555,      -12.42367703,      -13.32910579,      -12.94199628,      -11.87431689,             0.448,    0.001081490875,     0.08126786182,                 0,                 0,                 0,    -0.03312121719,  -0.0006916155531,     0.08127211487,                 0,       75.14428803
          0,           0,         556,      -12.43567159,      -13.33987581,      -12.95519521,      -11.88626153,             0.448,    0.001081490875,     0.08126786182,                 0,                 0,                 0,    -0.03312121719,  -0.0006916155529,     0.08127211487,                 0,       75.14428802
          0,           0,         557,      -12.44772201,      -13.35076361,      -12.96854599,       -11.8982594,             0.448,    0.001081490875,     0.08126786182,                 0,                 0,                 0,    -0.03312121719,  -0.0006916155527,     0.08127211487,                 0,       75.14428801
          0,           0,         558,      -12.45983593,      -13.36169637,      -12.98203911,      -11.91031797,             0.448,    0.001081490875,     0.08126786182,                 0,                 0,                 0,    -0.03312121719,  -0.0006916155526,     0.08127211487,                 0,         75.144288
          0,           0,         559,      -12.47201766,      -13.37263859,      -12.99566755,      -11.92244293,             0.448,    0.001081490876,     0.08126786182,                 0,                 0,                 0,    -0.03312121719,  -0.0006916155525,     0.08127211486,                 0,       75.14428799
          0,           0,         560,      -12.48427276,      -13.38376007,       -13.0094175,      -11.93463972,             0.448,    0.001081490876,     0.08126786181,                 0,                 0,                 0,    -0.03312121718,  -0.0006916155524,     0.08127211486,                 0,       75.14428799
          0,           0,         561,      -12.49660435,      -13.39495229,      -13.02327619,      -11.94691311,             0.448,    0.001081490876,     0.08126786181,                 0,                 0,                 0,    -0.03312121718,  -0.0006916155523,     0.08127211486,                 0,       75.14428798
          0,           0,         562,      -12.50901529,      -13.40628713,      -13.03722935,      -11.95926463,             0.448,    0.001081490876,     0.08126786181,                 0,                 0,                 0,    -0.03312121718,  -0.0006916155522,     0.08127211486,                 0,       75.14428797
          0,           0,         563,      -12.52150674,       -13.4177454,      -13.05126081,      -11.97169798,             0.448,    0.001081490876,     0.08126786181,                 0,                 0,                 0,    -0.03312121718,  -0.0006916155521,     0.08127211486,                 0,       75.14428797
          0,           0,         564,      -12.53408082,      -13.42932057,      -13.06535287,      -11.98421486,             0.448,    0.001081490876,     0.08126786181,                 0,                 0,                 0,    -0.03312121718,   -0.000691615552,     0.08127211486,                 0,       75.14428796
          0,           0,         565,       -12.5467356,      -13.44099514,      -13.07948797,      -11.99681423,             0.448,    0.001081490876,     0.08126786181,                 0,                 0,                 0,    -0.03312121718,   -0.000691615552,     0.08127211486,                 0,       75.14428796
          0,           0,         566,       -12.5594707,       -13.4528415,      -13.09364763,      -12.00949631,             0.448,    0.001081490876,     0.08126786181,                 0,                 0,                 0,    -0.03312121718,  -0.0006916155519,     0.08127211486,                 0,       75.14428796
          0,           0,         567,      -12.57228481,      -13.46493298,      -13.10780937,      -12.02225965,             0.448,    0.001081490876,     0.08126786181,                 0,                 0,                 0,    -0.03312121718,  -0.0006916155519,     0.08127211486,                 0,       75.14428795
          0,           0,         568,      -12.58517326,      -13.47709744,      -13.12195294,      -12.03510036,             0.448,    0.001081490876,     0.08126786181,                 0,                 0,                 0,    -0.03312121718,  -0.0006916155518,     0.08127211486,                 0,       75.14428795
          0,           0,         569,      -12.59813321,      -13.48939491,      -13.13606047,      -12.04801698,             0.448,    0.001081490876,     0.08126786181,                 0,                 0,                 0,    -0.03312121718,  -0.0006916155518,     0.08127211486,                 0,       75.14428795
          0,           0,         570,      -12.61115948,      -13.50192452,       -13.1501118,      -12.06100436,             0.448,    0.001081490876,     0.08126786181,                 0,                 0,                 0,    -0.03312121718,  -0.0006916155518,     0.08127211486,                 0,       75.14428795
          0,           0,         571,      -12.62424739,      -13.51456637,      -13.16408639,      -12.07405742,             0.448,    0.001081490876,     0.08126786181,                 0,                 0,                 0,    -0.03312121718,  -0.0006916155518,     0.08127211486,                 0,       75.14428794
          0,           0,         572,      -12.63739132,      -13.52744531,      -13.17796455,      -12.08717212,             0.448,    0.001081490876,     0.08126786182,                 0,                 0,                 0,    -0.03312121718,  -0.0006916155518,     0.08127211486,                 0,       75.14428794
          0,           0,         573,      -12.65058473,      -13.54041898,       -13.1917298,      -12.10034074,             0.448,    0.001081490876,     0.08126786182,                 0,                 0,                 0,    -0.03312121718,  -0.0006916155518,     0.08127211486,                 0,       75.14428794
          0,           0,         574,        -12.663819,      -13.55354216,      -13.20536736,      -12.11355681,             0.448,    0.001081490876,     0.08126786182,                 0,                 0,                 0,    -0.03312121718,  -0.0006916155518,     0.08127211487,                 0,       75.14428794
          0,           0,         575,      -12.67708759,      -13.56686276,      -13.21886294,      -12.12681321,             0.448,    0.001081490876,     0.08126786182,                 0,                 0,                 0,    -0.03312121718,  -0.0006916155518,     0.08127211487,                 0,       75.14428794
          0,           0,         576,      -12.69038197,      -13.58033488,      -13.23220267,      -12.14010165,             0.448,    0.001081490876,     0.08126786182,                 0,                 0,                 0,    -0.03312121718,  -0.0006916155518,     0.08127211487,                 0,       75.14428794
          0,           0,         577,      -12.70369457,      -13.59393982,      -13.24538117,      -12.15341341,             0.448,    0.001081490876,     0.08126786182,                 0,                 0,                 0,    -0.03312121718,  -0.0006916155518,     0.08127211487,                 0,       75.14428795
          0,           0,         578,      -12.71701816,      -13.60769858,      -13.25838935,      -12.16674431,             0.448,    0.001081490876,     0.08126786182,                 0,                 0,                 0,    -0.03312121718,  -0.0006916155519,     0.08127211487,                 0,       75.14428795
          0,           0,         579,       -12.7303412,      -13.62157234,      -13.27122314,      -12.18008038,             0.448,    0.001081490876,     0.08126786182,                 0,                 0,                 0,    -0.03312121718,  -0.0006916155519,     0.08127211487,                 0,       75.14428795
          0,           0,         580,      -12.74365683,      -13.63557332,      -13.28386958,      -12.19341634,             0.448,    0.001081490876,     0.08126786182,                 0,                 0,                 0,    -0.03312121718,  -0.0006916155519,     0.08127211487,                 0,       75.14428795
          0,           0,         581,      -12.75695635,      -13.64973146,      -13.29634459,      -12.20674216,             0.448,    0.001081490876,     0.08126786183,                 0,                 0,                 0,    -0.03312121718,   -0.000691615552,     0.08127211487,                 0,       75.14428795
          0,           0,         582,       -12.7702322,      -13.66393962,      -13.30864615,      -12.22004987,             0.448,    0.001081490876,     0.08126786183,                 0,                 0,                 0,    -0.03312121718,   -0.000691615552,     0.08127211488,                 0,       75.14428795
          0,           0,         583,      -12.78347638,      -13.67826731,      -13.32077174,      -12.23333278,             0.448,    0.001081490876,     0.08126786183,                 0,                 0,                 0,    -0.03312121718,  -0.0006916155521,     0.08127211488,                 0,       75.14428796
          0,           0,         584,      -12.79667994,      -13.69260862,      -13.33274166,      -12.24658023,             0.448,    0.001081490876,     0.08126786183,                 0,                 0,                 0,    -0.03312121718,  -0.0006916155521,     0.08127211488,                 0,       75.14428796
          0,           0,         585,      -12.80983675,       -13.7071024,       -13.3445617,      -12.25978593,             0.448,    0.001081490876,     0.08126786183,                 0,                 0,                 0,    -0.03312121717,  -0.0006916155521,     0.08127211488,                 0,       75.14428796
          0,           0,         586,      -12.82293833,       -13.7215589,      -13.35623927,      -12.27294274,             0.448,    0.001081490876,     0.08126786183,                 0,                 0,                 0,    -0.03312121717,  -0.0006916155522,     0.08127211488,                 0,       75.14428796
          0,           0,         587,      -12.83598141,      -13.73600482,      -13.36779386,      -12.28604426,             0.448,    0.001081490876,     0.08126786183,                 0,                 0,                 0,    -0.03312121717,  -0.0006916155522,     0.08127211488,                 0,       75.14428797
          0,           0,         588,      -12.84895919,      -13.75053329,      -13.37924033,      -12.29908352,             0.448,    0.001081490876,     0.08126786183,                 0,                 0,                 0,    -0.03312121717,  -0.0006916155523,     0.08127211488,                 0,       75.14428797
          0,           0,         589,      -12.86186925,      -13.76493338,      -13.39059403,      -12.31205747,             0.448,    0.001081490876,     0.08126786184,                 0,                 0,                 0,    -0.03312121717,  -0.0006916155523,     0.08127211488,                 0,       75.14428797
          0,           0,         590,      -12.87470411,      -13.77931438,        -13.401871,       -12.3249585,             0.448,    0.001081490876,     0.08126786184,                 0,                 0,                 0,    -0.03312121717,  -0.0006916155524,     0.08127211489,                 0,       75.14428797
          0,           0,         591,      -12.88746308,      -13.79354829,      -13.41308419,      -12.33778542,             0.448,    0.001081490876,     0.08126786184,                 0,                 0,                 0,    -0.03312121717,  -0.0006916155524,     0.08127211489,                 0,       75.14428798
          0,           0,         592,       -12.9001418,      -13.80787199,      -13.42426651,      -12.35053342,             0.448,    0.001081490876,     0.08126786184,                 0,                 0,                 0,    -0.03312121717,  -0.0006916155525,     0.08127211489,                 0,       75.14428798
          0,           0,         593,       -12.9127442,      -13.82191188,      -13.43542541,      -12.36320252,             0.448,    0.001081490876,     0.08126786184,                 0,                 0,                 0,    -0.03312121717,  -0.0006916155526,     0.08127211489,                 0,       75.14428798
          0,           0,         594,      -12.92526653,      -13.83595213,      -13.44657392,      -12.37579098,             0.448,    0.001081490876,     0.08126786184,                 0,                 0,                 0,    -0.03312121717,  -0.0006916155526,     0.08127211489,                 0,       75.14428799
          0,           0,         595,      -12.93770966,      -13.84972447,      -13.45774244,      -12.38829856,             0.448,    0.001081490876,     0.08126786184,                 0,                 0,                 0,    -0.03312121717,  -0.0006916155527,     0.08127211489,                 0,       75.14428799
          0,           0,         596,      -12.95007676,      -13.86331396,      -13.46893804,      -12.40072618,             0.448,    0.001081490876,     0.08126786185,                 0,                 0,                 0,    -0.03312121717,  -0.0006916155527,     0.08127211489,                 0,       75.14428799
          0,           0,         597,      -12.96237029,      -13.87664306,      -13.48018691,      -12.41307578,             0.448,    0.001081490876,     0.08126786185,                 0,                 0,                 0,    -0.03312121717,  -0.0006916155528,      0.0812721149,                 0,       75.14428799
          0,           0,         598,       -12.9745925,      -13.88976034,      -13.49149328,       -12.4253512,             0.448,    0.001081490876,     0.08126786185,                 0,                 0,                 0,    -0.03312121717,  -0.0006916155528,      0.0812721149,                 0,         75.144288
          0,           0,         599,      -12.98674569,      -13.90270381,      -13.50288134,      -12.43755089,             0.448,    0.001081490876,     0.08126786185,                 0,                 0,                 0,    -0.03312121717,  -0.0006916155528,      0.0812721149,                 0,         75.144288
          0,           0,         600,       -12.9988416,      -13.91532032,      -13.51435521,      -12.44968775,             0.448,    0.001081490876,     0.08126786185,                 0,                 0,                 0,    -0.03312121717,  -0.0006916155529,      0.0812721149,                 0,         75.144288
          0,           0,         601,      -13.01087834,      -13.92777957,      -13.52593649,      -12.46175876,             0.448,    0.001081490876,     0.08126786185,                 0,                 0,                 0,    -0.03312121717,  -0.0006916155529,      0.0812721149,                 0,         75.144288
