"Time_Iter","Outer_Iter","Inner_Iter",    "rms[Rho]"    ,    "rms[RhoU]"   ,    "rms[RhoV]"   ,    "rms[RhoE]"   ,    "RefForce"    ,       "CD"       ,       "CL"       ,       "CSF"      ,       "CMx"      ,       "CMy"      ,       "CMz"      ,       "CFx"      ,       "CFy"      ,       "CFz"      ,      "CEff"      
          0,           0,           0,      -4.782381332,      -4.672933983,      -5.459192904,      -4.185994853,             0.448,     0.03562180471,      0.2335211036,                 0,                 0,                 0,     0.02639481191,     0.03051909166,      0.2342426175,                 0,       6.555566331
          0,           0,           1,      -5.099469512,       -4.89198869,      -4.935950194,       -4.50377094,             0.448,     0.03478806251,      0.2306075514,                 0,                 0,                 0,     0.02898173506,     0.02974910667,      0.2313115706,                 0,       6.628927705
          0,           0,           2,      -4.940388954,      -4.877926326,      -5.078303881,      -4.363709595,             0.448,     0.03510658696,      0.2327210422,                 0,                 0,                 0,     0.03048845182,     0.03002144976,       0.233431507,                 0,       6.628985109
          0,           0,           3,      -4.873933148,      -4.924168896,      -5.019887108,      -4.303175532,             0.448,      0.0349082686,      0.2340194435,                 0,                 0,                 0,       0.029308199,     0.02979485412,      0.2347252731,                 0,       6.703839891
          0,           0,           4,       -4.76118969,      -4.913157447,      -5.033282006,      -4.201123536,             0.448,     0.03464984418,      0.2340266078,                 0,                 0,                 0,     0.02991006883,     0.02953633491,      0.2347267981,                 0,       6.754045027
          0,           0,           5,      -4.684603896,       -4.94335269,      -5.098864466,      -4.130889003,             0.448,     0.03456764555,      0.2324505543,                 0,                 0,                 0,     0.03043646806,     0.02948853727,      0.2331493266,                 0,       6.724512203
          0,           0,           6,      -4.626359155,      -4.935127388,       -5.12034926,       -4.07205379,             0.448,     0.03463775921,      0.2321975559,                 0,                 0,                 0,     0.03086900771,     0.02956415337,      0.2328979179,                 0,       6.703596342
          0,           0,           7,      -4.591214086,      -4.916409318,      -5.101602789,      -4.035586573,             0.448,     0.03466445611,      0.2327174473,                 0,                 0,                 0,     0.03133402879,     0.02957950255,       0.233418268,                 0,       6.713431376
          0,           0,           8,       -4.57193025,      -4.895523367,      -5.112387323,      -4.014614355,             0.448,     0.03456446458,      0.2325242018,                 0,                 0,                 0,      0.0313940929,     0.02948375045,      0.2332228872,                 0,       6.727261789
          0,           0,           9,      -4.562959627,      -4.870506182,      -5.135795066,      -4.002768281,             0.448,     0.03444218355,      0.2320757893,                 0,                 0,                 0,     0.03133870592,     0.02937128058,      0.2327719138,                 0,       6.738126488
          0,           0,          10,      -4.572155459,      -4.848148333,      -5.162187324,      -4.008863656,             0.448,     0.03433811372,      0.2316899635,                 0,                 0,                 0,     0.03131415498,     0.02927565226,      0.2323839096,                 0,       6.747311906
          0,           0,          11,      -4.603130999,      -4.843142341,      -5.183455496,      -4.037689124,             0.448,     0.03425201783,      0.2313943896,                 0,                 0,                 0,      0.0313130125,     0.02919602477,      0.2320865279,                 0,       6.755642566
          0,           0,          12,      -4.652024738,      -4.856087673,      -5.207240306,      -4.085089269,             0.448,     0.03418832799,      0.2312163846,                 0,                 0,                 0,      0.0313337727,     0.02913623325,      0.2319071758,                 0,       6.763021128
          0,           0,          13,       -4.71511116,      -4.879395281,      -5.237505208,      -4.146381899,             0.448,      0.0341296247,       0.231014882,                 0,                 0,                 0,     0.03131809645,     0.02908193968,      0.2317044406,                 0,       6.768749557
          0,           0,          14,      -4.786754466,      -4.910117459,      -5.271561165,       -4.21572089,             0.448,     0.03407629586,      0.2307953506,                 0,                 0,                 0,     0.03127837982,     0.02903341259,      0.2314837981,                 0,       6.772900187
          0,           0,          15,      -4.862010372,      -4.944862469,      -5.306190353,      -4.288702653,             0.448,     0.03403467327,      0.2306234241,                 0,                 0,                 0,     0.03124747735,     0.02899555046,      0.2313110044,                 0,       6.776131572
          0,           0,          16,       -4.93892521,      -4.983313058,      -5.339589595,      -4.363929541,             0.448,     0.03400330067,      0.2305051594,                 0,                 0,                 0,     0.03121857739,     0.02896676525,      0.2311920836,                 0,       6.778905427
          0,           0,          17,      -5.014512517,      -5.024676194,      -5.369349869,      -4.438388081,             0.448,     0.03397948565,      0.2304218474,                 0,                 0,                 0,     0.03118631187,     0.02894477335,      0.2311082719,                 0,       6.781204689
          0,           0,          18,       -5.08589091,      -5.068176728,      -5.397963381,      -4.509500377,             0.448,      0.0339626311,      0.2303628532,                 0,                 0,                 0,     0.03115123476,     0.02892920975,       0.231048924,                 0,       6.782832948
          0,           0,          19,      -5.148236175,      -5.113932846,      -5.428500786,      -4.572682828,             0.448,     0.03395374084,      0.2303278052,                 0,                 0,                 0,     0.03111764199,     0.02892108618,      0.2310136904,                 0,       6.783576699
          0,           0,          20,      -5.198030112,       -5.16183503,      -5.462105513,      -4.624242229,             0.448,     0.03395296903,      0.2303106676,                 0,                 0,                 0,     0.03108669721,      0.0289206884,        0.23099654,                 0,       6.783226156
          0,           0,          21,      -5.236198875,      -5.212364912,      -5.498272155,      -4.664673091,             0.448,     0.03395996263,      0.2303044285,                 0,                 0,                 0,     0.03105697174,     0.02892781645,       0.230990455,                 0,       6.781645521
          0,           0,          22,      -5.265608198,      -5.263628361,      -5.536795331,      -4.696153989,             0.448,     0.03397388364,      0.2303027856,                 0,                 0,                 0,     0.03102594925,     0.02894176999,      0.2309891162,                 0,       6.778818343
          0,           0,          23,      -5.289960923,      -5.314603415,      -5.577076737,      -4.721912937,             0.448,     0.03399296384,      0.2302965655,                 0,                 0,                 0,     0.03098974917,     0.02896098133,      0.2309833137,                 0,       6.774830419
          0,           0,          24,      -5.313165076,      -5.364304504,      -5.617813672,      -4.746057601,             0.448,     0.03401564101,      0.2302797557,                 0,                 0,                 0,     0.03094669785,     0.02898401981,      0.2309670026,                 0,       6.769819672
          0,           0,          25,      -5.337874529,      -5.412464675,      -5.657886579,      -4.771609017,             0.448,     0.03404128361,      0.2302531647,                 0,                 0,                 0,     0.03089905774,     0.02901023639,      0.2309409774,                 0,       6.763938966
          0,           0,          26,      -5.365590748,      -5.458970428,      -5.696969112,      -4.800239375,             0.448,     0.03406961897,        0.23022099,                 0,                 0,                 0,     0.03085100821,     0.02903926689,      0.2309094285,                 0,       6.757369087
          0,           0,          27,      -5.397039244,      -5.504433627,       -5.73553355,       -4.83261603,             0.448,     0.03410002258,       0.230186098,                 0,                 0,                 0,     0.03080611143,     0.02907042444,       0.230875208,                 0,       6.750320984
          0,           0,          28,      -5.432242926,      -5.548952287,      -5.773724851,      -4.868609543,             0.448,     0.03413150097,      0.2301500106,                 0,                 0,                 0,     0.03076647037,     0.02910268258,      0.2308398159,                 0,       6.743038074
          0,           0,          29,      -5.470492802,      -5.592442234,       -5.81083113,       -4.90740015,             0.448,     0.03416260805,      0.2301124098,                 0,                 0,                 0,     0.03073274074,     0.02913460251,      0.2308029026,                 0,       6.735797496
          0,           0,          30,      -5.510192805,      -5.634627263,       -5.84560731,      -4.947395092,             0.448,     0.03419164299,      0.2300719971,                 0,                 0,                 0,      0.0307048867,     0.02916451214,      0.2307631329,                 0,       6.728895629
          0,           0,          31,      -5.548966392,       -5.67525045,      -5.877549864,      -4.986362905,             0.448,     0.03421729004,      0.2300297721,                 0,                 0,                 0,     0.03068347271,     0.02919107422,      0.2307214775,                 0,       6.722618062
          0,           0,          32,      -5.583740816,      -5.714294606,      -5.907346075,      -5.021474076,             0.448,     0.03423865029,      0.2299879306,                 0,                 0,                 0,     0.03066906868,     0.02921334215,      0.2306801119,                 0,       6.717202013
          0,           0,          33,      -5.611526007,      -5.752057346,      -5.936587294,      -5.049971512,             0.448,     0.03425501499,      0.2299474634,                 0,                 0,                 0,     0.03066133607,     0.02923058574,      0.2306400113,                 0,       6.712811642
          0,           0,          34,      -5.630637856,      -5.789332715,      -5.966893061,      -5.070222928,             0.448,      0.0342661015,      0.2299097072,                 0,                 0,                 0,     0.03065995283,     0.02924249326,      0.2306025059,                 0,       6.709537914
          0,           0,          35,      -5.641732465,      -5.826929531,      -5.999141547,      -5.082698768,             0.448,     0.03427196218,      0.2298756241,                 0,                 0,                 0,     0.03066438046,     0.02924909607,      0.2305685588,                 0,       6.707396059
          0,           0,          36,      -5.647554338,      -5.865007173,      -6.033031115,      -5.089847648,             0.448,     0.03427295307,      0.2298461853,                 0,                 0,                 0,     0.03067395882,     0.02925072892,      0.2305391486,                 0,       6.706343186
          0,           0,          37,      -5.651620468,      -5.902784038,      -6.067190522,       -5.09493461,             0.448,     0.03426966513,      0.2298222204,                 0,                 0,                 0,     0.03068795982,     0.02924796456,      0.2305151177,                 0,       6.706287311
          0,           0,          38,      -5.657066867,      -5.938700414,      -6.099821415,      -5.100962778,             0.448,      0.0342628652,      0.2298044217,                 0,                 0,                 0,     0.03070563943,     0.02924155453,       0.230497175,                 0,       6.707098791
          0,           0,          39,      -5.666118102,      -5.971114462,      -6.129532736,      -5.110139063,             0.448,     0.03425341182,      0.2297933123,                 0,                 0,                 0,     0.03072627098,     0.02923234575,       0.230485862,                 0,       6.708625509
          0,           0,          40,      -5.680076808,      -5.999142073,      -6.155850291,      -5.123833096,             0.448,     0.03424217974,      0.2297892987,                 0,                 0,                 0,     0.03074924877,     0.02922120389,      0.2304816043,                 0,       6.710708852
          0,           0,          41,       -5.69942635,      -6.023224343,      -6.179352853,      -5.142647847,             0.448,     0.03422999932,      0.2297926555,                 0,                 0,                 0,     0.03077399052,     0.02920895315,      0.2304846946,                 0,        6.71319486
          0,           0,          42,      -5.723918582,       -6.04504361,      -6.201217506,      -5.166481227,             0.448,     0.03421763052,      0.2298031406,                 0,                 0,                 0,     0.03079984402,     0.02919635855,      0.2304949074,                 0,       6.715927934
          0,           0,          43,      -5.752714727,      -6.066810193,      -6.222612745,      -5.194649921,             0.448,     0.03420575928,      0.2298204399,                 0,                 0,                 0,     0.03082623442,     0.02918411276,      0.2305119436,                 0,       6.718764465
          0,           0,          44,      -5.784468246,      -6.090482407,      -6.244411282,      -5.225965365,             0.448,     0.03419497953,      0.2298441576,                 0,                 0,                 0,     0.03085262076,     0.02917281818,      0.2305354204,                 0,       6.721576112
          0,           0,          45,      -5.817388436,      -6.117368327,      -6.267068941,      -5.258781431,             0.448,     0.03418579203,      0.2298739203,                 0,                 0,                 0,     0.03087850754,     0.02916298359,      0.2305649756,                 0,       6.724253166
          0,           0,          46,      -5.849394662,      -6.148024998,      -6.290663418,      -5.291105355,             0.448,      0.0341785375,      0.2299089756,                 0,                 0,                 0,     0.03090350005,     0.02915496606,      0.2305998643,                 0,       6.726706068
          0,           0,          47,      -5.878512167,      -6.182389598,      -6.314959549,      -5.320954541,             0.448,     0.03417342589,      0.2299485399,                 0,                 0,                 0,     0.03092724466,     0.02914899258,      0.2306393077,                 0,       6.728869988
          0,           0,          48,      -5.903361444,      -6.219935312,      -6.339568392,      -5.346825441,             0.448,     0.03417054413,      0.2299917813,                 0,                 0,                 0,     0.03094944658,      0.0291451682,       0.230682476,                 0,       6.730702925
          0,           0,          49,      -5.923533169,      -6.259705403,      -6.364007281,      -5.368110206,             0.448,     0.03416985927,      0.2300378459,                 0,                 0,                 0,     0.03096990896,     0.02914347861,      0.2307285147,                 0,       6.732185932
          0,           0,          50,      -5.939664713,      -6.300411456,      -6.387682807,      -5.385250156,             0.448,     0.03417123137,      0.2300859382,                 0,                 0,                 0,     0.03098856089,     0.02914380125,      0.2307766255,                 0,       6.733323003
          0,           0,          51,      -5.953124824,      -6.340554203,       -6.41002024,      -5.399496525,             0.448,     0.03417443204,      0.2301353524,                 0,                 0,                 0,     0.03100544744,      0.0291459232,      0.2308260977,                 0,       6.734138321
          0,           0,          52,       -5.96548307,      -6.378641803,      -6.430552856,      -5.412396767,             0.448,     0.03417917128,      0.2301854047,                 0,                 0,                 0,     0.03102067714,     0.02914956942,      0.2308762415,                 0,       6.734668985
          0,           0,          53,      -5.978046469,      -6.413505723,       -6.44920034,      -5.425302996,             0.448,     0.03418511912,      0.2302353744,                 0,                 0,                 0,     0.03103437821,     0.02915442576,      0.2309263291,                 0,       6.734958964
          0,           0,          54,      -5.991645907,      -6.444678091,      -6.466268211,      -5.439136704,             0.448,     0.03419191715,      0.2302846461,                 0,                 0,                 0,     0.03104672504,     0.02916014732,      0.2309757373,                 0,       6.735060952
          0,           0,          55,      -6.006507092,       -6.47250348,      -6.482300681,      -5.454224749,             0.448,     0.03419921043,      0.2303326786,                 0,                 0,                 0,     0.03105790709,     0.02916639104,      0.2310239175,                 0,       6.735029133
          0,           0,          56,      -6.022300819,      -6.497949186,      -6.497853029,      -5.470329727,             0.448,     0.03420666366,      0.2303790552,                 0,                 0,                 0,     0.03106813334,     0.02917283079,      0.2310704456,                 0,       6.734917427
          0,           0,          57,      -6.038243906,       -6.52221035,      -6.513450868,      -5.486744114,             0.448,     0.03421397714,      0.2304234961,                 0,                 0,                 0,     0.03107761246,     0.02917917306,      0.2311150356,                 0,       6.734776702
          0,           0,          58,      -6.053224733,       -6.54623396,      -6.529295309,      -5.502382258,             0.448,     0.03422090535,      0.2304658558,                 0,                 0,                 0,     0.03108653871,     0.02918517555,      0.2311575363,                 0,        6.73465104
          0,           0,          59,      -6.066170177,      -6.570293539,      -6.545613422,       -5.51613396,             0.448,     0.03422725915,      0.2305061363,                 0,                 0,                 0,     0.03109511513,     0.02919064912,      0.2311979459,                 0,       6.734577704
          0,           0,          60,      -6.076334288,      -6.593934323,      -6.562337685,      -5.527146242,             0.448,     0.03423290944,      0.2305444768,                 0,                 0,                 0,     0.03110353634,     0.02919546168,      0.2312364005,                 0,       6.734586122
          0,           0,          61,      -6.083499612,      -6.615761684,      -6.579446377,      -5.535054992,             0.448,     0.03423778575,      0.2305811332,                 0,                 0,                 0,     0.03111196972,     0.02919953717,      0.2312731545,                 0,        6.73469759
          0,           0,          62,      -6.088036566,      -6.633726591,      -6.596728375,      -5.540106078,             0.448,     0.03424187364,      0.2306164101,                 0,                 0,                 0,     0.03112052661,     0.02920285453,      0.2313085122,                 0,       6.734923811
          0,           0,          63,      -6.090782322,      -6.645758394,       -6.61377579,      -5.543065392,             0.448,     0.03424520248,      0.2306505642,                 0,                 0,                 0,     0.03112925498,     0.02920543751,      0.2313427308,                 0,       6.735266474
          0,           0,          64,      -6.092817013,      -6.650611567,      -6.630116912,      -5.545004664,             0.448,     0.03424784048,      0.2306838612,                 0,                 0,                 0,     0.03113816811,     0.02920734851,      0.2313760774,                 0,       6.735719917
          0,           0,          65,       -6.09515847,      -6.648676217,      -6.645403512,      -5.546968745,             0.448,      0.0342498765,      0.2307165222,                 0,                 0,                 0,     0.03114725809,     0.02920867155,      0.2314087751,                 0,       6.736273113
          0,           0,          66,      -6.098677752,      -6.641882009,      -6.659464866,      -5.549883696,             0.448,     0.03425140481,      0.2307487054,                 0,                 0,                 0,     0.03115652276,     0.02920949742,       0.231440984,                 0,       6.736912157
          0,           0,          67,      -6.104000761,      -6.632828515,      -6.672361284,      -5.554438508,             0.448,     0.03425252072,      0.2307806199,                 0,                 0,                 0,     0.03116597584,     0.02920991686,      0.2314729152,                 0,       6.737624415
          0,           0,          68,      -6.111484416,      -6.623987154,      -6.684247034,      -5.561044131,             0.448,     0.03425332142,      0.2308124607,                 0,                 0,                 0,     0.03117561538,     0.02921002276,      0.2315047658,                 0,       6.738396486
          0,           0,          69,      -6.122002546,      -6.616910673,      -6.694558557,      -5.570729509,             0.448,     0.03425392329,      0.2308443941,                 0,                 0,                 0,     0.03118537346,     0.02920992787,      0.2315367048,                 0,       6.739210343
          0,           0,          70,       -6.13480617,      -6.614252502,      -6.705077655,      -5.582700619,             0.448,     0.03425440706,      0.2308762766,                 0,                 0,                 0,     0.03119512416,     0.02920971601,      0.2315685902,                 0,       6.740045922
          0,           0,          71,      -6.149592058,      -6.616840883,      -6.716401941,       -5.59666807,             0.448,     0.03425487275,        0.23090812,                 0,                 0,                 0,      0.0312048112,     0.02920948693,      0.2316004362,                 0,       6.740883892
          0,           0,          72,      -6.166114487,      -6.624706774,      -6.728670411,      -5.612436998,             0.448,     0.03425540661,      0.2309398711,                 0,                 0,                 0,     0.03121433349,     0.02920932802,      0.2316321914,                 0,       6.741705731
          0,           0,          73,      -6.184064266,      -6.637407959,        -6.7421966,      -5.629730119,             0.448,     0.03425607285,       0.230971402,                 0,                 0,                 0,     0.03122357291,     0.02920930625,      0.2316637294,                 0,       6.742495061
          0,           0,          74,      -6.203102832,      -6.654229523,      -6.757182438,      -5.648239561,             0.448,     0.03425692291,      0.2310026164,                 0,                 0,                 0,     0.03123244687,     0.02920947517,      0.2316949549,                 0,       6.743238936
          0,           0,          75,      -6.222888789,      -6.674363117,      -6.773326315,      -5.667659135,             0.448,     0.03425799126,      0.2310333856,                 0,                 0,                 0,     0.03124086909,     0.02920987204,        0.23172574,                 0,       6.743926806
          0,           0,          76,      -6.243122865,      -6.696970262,      -6.790439051,      -5.687706471,             0.448,     0.03425929232,      0.2310635337,                 0,                 0,                 0,     0.03124874863,     0.02921051511,      0.2317559093,                 0,       6.744550692
          0,           0,          77,      -6.263532444,      -6.721248936,      -6.808440346,       -5.70811837,             0.448,     0.03426082029,      0.2310928992,                 0,                 0,                 0,     0.03125602668,     0.02921140211,      0.2317853012,                 0,       6.745107014
          0,           0,          78,      -6.283843981,      -6.746467316,      -6.827078115,      -5.728628459,             0.448,     0.03426255821,      0.2311212973,                 0,                 0,                 0,     0.03126265078,     0.02921252012,      0.2318137305,                 0,       6.745593714
          0,           0,          79,      -6.303816667,      -6.771918797,      -6.846105651,      -5.749000198,             0.448,     0.03426448165,      0.2311485047,                 0,                 0,                 0,     0.03126856661,     0.02921384958,      0.2318409734,                 0,       6.746009091
          0,           0,          80,      -6.323193764,      -6.796978159,      -6.865110959,        -5.7689651,             0.448,     0.03426655357,      0.2311743426,                 0,                 0,                 0,      0.0312737571,     0.02921535735,      0.2318668503,                 0,       6.746355223
          0,           0,          81,      -6.341768617,      -6.821080363,      -6.883759529,      -5.788288639,             0.448,     0.03426872932,      0.2311986764,                 0,                 0,                 0,     0.03127823007,     0.02921700174,      0.2318912258,                 0,       6.746636978
          0,           0,          82,      -6.359335321,      -6.843732071,      -6.901807269,      -5.806713453,             0.448,     0.03427096217,      0.2312213747,                 0,                 0,                 0,     0.03128199965,      0.0292187389,      0.2319139674,                 0,       6.746859735
          0,           0,          83,      -6.375733197,      -6.864581537,      -6.919148238,      -5.824022901,             0.448,     0.03427320339,      0.2312423281,                 0,                 0,                 0,     0.03128509633,      0.0292205225,      0.2319349647,                 0,       6.747029902
          0,           0,          84,      -6.390881919,      -6.883396652,      -6.935617166,      -5.840072166,             0.448,      0.0342754075,      0.2312614558,                 0,                 0,                 0,     0.03128756407,     0.02922230881,      0.2319541359,                 0,       6.747154087
          0,           0,          85,      -6.404809498,      -6.900169908,      -6.951274271,      -5.854820149,             0.448,     0.03427753573,      0.2312787336,                 0,                 0,                 0,      0.0312894593,     0.02922405962,      0.2319714561,                 0,       6.747239225
          0,           0,          86,      -6.417644218,      -6.914999998,      -6.966114638,      -5.868330486,             0.448,     0.03427955728,      0.2312942004,                 0,                 0,                 0,     0.03129084791,     0.02922574329,      0.2319869632,                 0,       6.747292519
          0,           0,          87,      -6.429617751,      -6.928085001,      -6.980234453,      -5.880785172,             0.448,     0.03428144955,      0.2313079245,                 0,                 0,                 0,     0.03129179591,     0.02922733571,      0.2320007254,                 0,       6.747320419
          0,           0,          88,      -6.441057869,       -6.93978095,      -6.993879088,      -5.892487553,             0.448,     0.03428319887,      0.2313199913,                 0,                 0,                 0,     0.03129237117,     0.02922882138,      0.2320128274,                 0,       6.747328105
          0,           0,          89,      -6.452221022,      -6.950617521,      -7.007155748,       -5.90367851,             0.448,     0.03428479766,       0.231330545,                 0,                 0,                 0,      0.0312926557,     0.02923018956,      0.2320234135,                 0,       6.747321286
          0,           0,          90,      -6.463428274,       -6.96069956,      -7.020202049,      -5.914696204,             0.448,     0.03428623892,       0.231339715,                 0,                 0,                 0,     0.03129270908,     0.02923143044,      0.2320326128,                 0,       6.747305108
          0,           0,          91,      -6.474993668,      -6.970487012,      -7.033242599,      -5.925887875,             0.448,     0.03428752103,      0.2313476131,                 0,                 0,                 0,      0.0312925758,     0.02923253995,      0.2320405369,                 0,       6.747283155
          0,           0,          92,      -6.487173422,      -6.980552539,      -7.046420272,      -5.937546496,             0.448,      0.0342886462,       0.231354362,                 0,                 0,                 0,     0.03129230884,     0.02923351762,      0.2320473088,                 0,       6.747258571
          0,           0,          93,      -6.500162969,      -6.991370495,      -7.060056817,      -5.949911138,             0.448,     0.03428961893,      0.2313601009,                 0,                 0,                 0,     0.03129196862,     0.02923436493,      0.2320530676,                 0,       6.747234532
          0,           0,          94,      -6.514045258,       -7.00336189,      -7.074303511,      -5.963104218,             0.448,     0.03429044697,      0.2313649704,                 0,                 0,                 0,     0.03129160895,     0.02923508654,       0.232057954,                 0,       6.747213609
          0,           0,          95,      -6.528890972,      -7.016904205,       -7.08912287,      -5.977241995,             0.448,     0.03429114011,      0.2313691179,                 0,                 0,                 0,     0.03129127849,     0.02923568904,      0.2320621156,                 0,       6.747198172
          0,           0,          96,      -6.544673829,      -7.032293007,      -7.104358474,      -5.992336979,             0.448,     0.03429171078,      0.2313726787,                 0,                 0,                 0,     0.03129101543,      0.0292361819,       0.232065688,                 0,       6.747189727
          0,           0,          97,      -6.561343921,      -7.049756586,       -7.11981422,      -6.008382293,             0.448,     0.03429217399,      0.2313757647,                 0,                 0,                 0,     0.03129084634,     0.02923657767,      0.2320687834,                 0,        6.74718858
          0,           0,          98,      -6.578786197,       -7.06938898,      -7.135416093,       -6.02528841,             0.448,     0.03429254413,      0.2313784983,                 0,                 0,                 0,      0.0312908004,     0.02923688809,      0.2320715244,                 0,       6.747195466
          0,           0,          99,      -6.596856085,      -7.091272185,      -7.150994593,      -6.042931869,             0.448,     0.03429283572,      0.2313809987,                 0,                 0,                 0,      0.0312909005,     0.02923712507,      0.2320740306,                 0,       6.747211009
          0,           0,         100,      -6.615360484,      -7.115442067,      -7.166644199,      -6.061146499,             0.448,     0.03429306299,      0.2313833732,                 0,                 0,                 0,     0.03129116102,     0.02923730048,      0.2320764094,                 0,       6.747235536
          0,           0,         101,      -6.634172782,      -7.141888922,      -7.181865654,      -6.079830139,             0.448,     0.03429324027,       0.231385697,                 0,                 0,                 0,      0.0312915837,     0.02923742703,      0.2320787366,                 0,       6.747268418
          0,           0,         102,      -6.653134482,      -7.170425026,      -7.196603841,       -6.09882118,             0.448,     0.03429338064,      0.2313880322,                 0,                 0,                 0,     0.03129216479,     0.02923751642,      0.2320810743,                 0,       6.747308896
          0,           0,         103,      -6.672097909,      -7.200784058,      -7.211101063,      -6.117966951,             0.448,     0.03429349501,      0.2313904345,                 0,                 0,                 0,     0.03129289911,     0.02923757836,      0.2320834785,                 0,       6.747356441
          0,           0,         104,      -6.690903483,      -7.232671913,      -7.225515954,      -6.137102297,             0.448,     0.03429359311,      0.2313929455,                 0,                 0,                 0,     0.03129377526,     0.02923762166,       0.232085991,                 0,       6.747410361
          0,           0,         105,      -6.709433405,      -7.265750854,      -7.239791243,      -6.156099299,             0.448,     0.03429368328,       0.231395591,                 0,                 0,                 0,      0.0312947766,     0.02923765409,      0.2320886379,                 0,       6.747469763
          0,           0,         106,      -6.727591795,      -7.299520536,      -7.253920734,      -6.174836932,             0.448,     0.03429377181,      0.2313983871,                 0,                 0,                 0,     0.03129588634,     0.02923768161,      0.2320914353,                 0,        6.74753388
          0,           0,         107,      -6.745387615,      -7.333441843,       -7.26798085,      -6.193298271,             0.448,     0.03429386356,      0.2314013375,                 0,                 0,                 0,      0.0312970855,     0.02923770897,       0.232094387,                 0,        6.74760186
          0,           0,         108,      -6.762806451,      -7.366907209,      -7.282174936,      -6.211428571,             0.448,     0.03429396272,       0.231404431,                 0,                 0,                 0,     0.03129835077,     0.02923774063,      0.2320974819,                 0,       6.747672554
          0,           0,         109,      -6.779864252,      -7.399354638,      -7.296648683,      -6.229210048,             0.448,     0.03429407192,      0.2314076506,                 0,                 0,                 0,     0.03129966002,     0.02923777956,       0.232100703,                 0,       6.747744949
          0,           0,         110,      -6.796596959,      -7.430287126,      -7.311411373,      -6.246650826,             0.448,     0.03429419219,      0.2314109755,                 0,                 0,                 0,     0.03130099368,     0.02923782728,      0.2321040298,                 0,       6.747818237
          0,           0,         111,       -6.81303722,      -7.459283939,      -7.326536009,      -6.263756217,             0.448,     0.03429432364,      0.2314143804,                 0,                 0,                 0,     0.03130233283,     0.02923788442,      0.2321074368,                 0,       6.747891657
          0,           0,         112,       -6.82920795,      -7.486088118,      -7.342082117,      -6.280522592,             0.448,     0.03429446541,      0.2314178406,                 0,                 0,                 0,     0.03130366126,     0.02923795066,      0.2321108993,                 0,       6.747964661
          0,           0,         113,      -6.845110329,      -7.510625214,      -7.358029805,      -6.296927565,             0.448,     0.03429461638,      0.2314213259,                 0,                 0,                 0,     0.03130496322,     0.02923802557,       0.232114387,                 0,       6.748036582
          0,           0,         114,      -6.860734532,      -7.532999366,        -7.3743093,      -6.312945638,             0.448,     0.03429477502,      0.2314248064,                 0,                 0,                 0,     0.03130622617,     0.02923810825,      0.2321178701,                 0,       6.748106853
          0,           0,         115,      -6.876069956,      -7.553466165,      -7.390844027,       -6.32855766,             0.448,     0.03429493942,      0.2314282616,                 0,                 0,                 0,     0.03130744199,     0.02923819723,      0.2321213281,                 0,       6.748175256
          0,           0,         116,      -6.891101461,      -7.572311334,      -7.407555387,      -6.343742639,             0.448,     0.03429510797,       0.231431669,                 0,                 0,                 0,     0.03130860299,     0.02923829141,      0.2321247383,                 0,       6.748241445
          0,           0,         117,      -6.905819275,      -7.589825317,      -7.424365166,      -6.358490142,             0.448,     0.03429527918,      0.2314350051,                 0,                 0,                 0,     0.03130970286,      0.0292383898,      0.2321280774,                 0,       6.748305034
          0,           0,         118,       -6.92022465,      -7.606291758,      -7.441155081,      -6.372806574,             0.448,     0.03429545163,      0.2314382528,                 0,                 0,                 0,     0.03131073733,     0.02923849136,      0.2321313281,                 0,       6.748365798
          0,           0,         119,      -6.934342704,      -7.621915757,      -7.457800339,       -6.38672684,             0.448,     0.03429562426,      0.2314413938,                 0,                 0,                 0,     0.03131170218,     0.02923859543,      0.2321344722,                 0,       6.748423417
          0,           0,         120,        -6.9481909,      -7.636848427,      -7.474244367,      -6.400285292,             0.448,     0.03429579549,      0.2314444164,                 0,                 0,                 0,     0.03131259744,     0.02923870068,      0.2321374977,                 0,       6.748477855
          0,           0,         121,      -6.961795904,      -7.651295531,      -7.490234072,      -6.413526535,             0.448,     0.03429596383,      0.2314473112,                 0,                 0,                 0,     0.03131342432,     0.02923880583,      0.2321403956,                 0,       6.748529138
          0,           0,         122,      -6.975230155,      -7.665323437,      -7.505736718,      -6.426542777,             0.448,     0.03429612831,      0.2314500698,                 0,                 0,                 0,     0.03131418309,      0.0292389101,       0.232143157,                 0,       6.748577206
          0,           0,         123,       -6.98857415,      -7.678971481,      -7.520853207,      -6.439435685,             0.448,     0.03429628807,      0.2314526875,                 0,                 0,                 0,     0.03131487531,     0.02923901272,      0.2321457776,                 0,       6.748622097
          0,           0,         124,      -7.001899649,      -7.692298223,      -7.535665693,      -6.452295362,             0.448,     0.03429644243,      0.2314551626,                 0,                 0,                 0,     0.03131550336,     0.02923911304,      0.2321482555,                 0,       6.748663891
          0,           0,         125,      -7.015300922,      -7.705409886,      -7.550250665,      -6.465235962,             0.448,     0.03429659095,      0.2314574925,                 0,                 0,                 0,      0.0313160696,      0.0292392107,       0.232150588,                 0,       6.748702599
          0,           0,         126,      -7.028862143,      -7.718426331,      -7.564610048,      -6.478361357,             0.448,     0.03429673335,       0.231459677,                 0,                 0,                 0,     0.03131657695,     0.02923930541,      0.2321527752,                 0,       6.748738272
          0,           0,         127,      -7.042657956,      -7.731470111,      -7.578766711,        -6.4917618,             0.448,     0.03429686947,      0.2314617182,                 0,                 0,                 0,     0.03131702885,     0.02923939697,      0.2321548188,                 0,       6.748771004
          0,           0,         128,       -7.05675611,      -7.744661821,      -7.592796461,      -6.505516009,             0.448,     0.03429699926,      0.2314636194,                 0,                 0,                 0,     0.03131742884,     0.02923948525,      0.2321567224,                 0,       6.748800898
          0,           0,         129,      -7.071212623,      -7.758123545,      -7.606798652,      -6.519688882,             0.448,     0.03429712282,       0.231465385,                 0,                 0,                 0,     0.03131778034,     0.02923957027,      0.2321584903,                 0,       6.748828065
          0,           0,         130,      -7.086067569,      -7.771976428,      -7.620859331,       -6.53432829,             0.448,     0.03429724032,        0.23146702,                 0,                 0,                 0,     0.03131808669,     0.02923965207,      0.2321601274,                 0,       6.748852614
          0,           0,         131,       -7.10134562,      -7.786324707,      -7.635041054,      -6.549464565,             0.448,       0.034297352,      0.2314685296,                 0,                 0,                 0,       0.031318351,      0.0292397308,      0.2321616391,                 0,       6.748874652
          0,           0,         132,      -7.117057238,      -7.801241465,      -7.649393389,       -6.56511091,             0.448,     0.03429745818,      0.2314699193,                 0,                 0,                 0,     0.03131857618,     0.02923980663,      0.2321630308,                 0,       6.748894279
          0,           0,         133,      -7.133198536,      -7.816768179,      -7.663961463,      -6.581263537,             0.448,     0.03429755914,      0.2314711947,                 0,                 0,                 0,     0.03131876504,     0.02923987975,      0.2321643081,                 0,         6.7489116
          0,           0,         134,      -7.149752019,      -7.832918531,      -7.678782605,      -6.597903108,             0.448,     0.03429765518,      0.2314723617,                 0,                 0,                 0,     0.03131892032,     0.02923995031,      0.2321654769,                 0,       6.748926726
          0,           0,         135,      -7.166685844,      -7.849679077,      -7.693881767,      -6.614993888,             0.448,     0.03429774657,      0.2314734261,                 0,                 0,                 0,     0.03131904471,     0.02924001845,      0.2321665431,                 0,       6.748939777
          0,           0,         136,        -7.1839563,      -7.867005731,      -7.709268825,      -6.632486195,             0.448,     0.03429783354,      0.2314743938,                 0,                 0,                 0,      0.0313191408,     0.02924008429,      0.2321675125,                 0,       6.748950879
          0,           0,         137,      -7.201510269,      -7.884838507,      -7.724954287,      -6.650318876,             0.448,     0.03429791629,      0.2314752706,                 0,                 0,                 0,     0.03131921116,      0.0292401479,      0.2321683908,                 0,       6.748960158
          0,           0,         138,      -7.219281993,      -7.903102733,      -7.740933913,      -6.668415887,             0.448,     0.03429799505,      0.2314760617,                 0,                 0,                 0,     0.03131925812,     0.02924020938,      0.2321691835,                 0,       6.748967727
          0,           0,         139,      -7.237198466,      -7.921705143,      -7.757185082,      -6.686691733,             0.448,     0.03429806998,      0.2314767722,                 0,                 0,                 0,     0.03131928398,      0.0292402688,      0.2321698954,                 0,       6.748973697
          0,           0,         140,      -7.255181233,      -7.940537536,       -7.77367907,      -6.705053679,             0.448,     0.03429814122,      0.2314774075,                 0,                 0,                 0,     0.03131929116,     0.02924032615,      0.2321705322,                 0,       6.748978204
          0,           0,         141,      -7.273149937,      -7.959493142,      -7.790385653,      -6.723406117,             0.448,     0.03429820888,      0.2314779726,                 0,                 0,                 0,     0.03131928184,     0.02924038147,      0.2321710986,                 0,       6.748981365
          0,           0,         142,      -7.291025792,      -7.978477604,      -7.807266714,      -6.741654557,             0.448,     0.03429827307,      0.2314784722,                 0,                 0,                 0,     0.03131925817,     0.02924043475,      0.2321715995,                 0,       6.748983301
          0,           0,         143,      -7.308730769,      -7.997402439,      -7.824271709,      -6.759704627,             0.448,     0.03429833387,      0.2314789115,                 0,                 0,                 0,     0.03131922233,     0.02924048595,        0.23217204,                 0,       6.748984144
          0,           0,         144,      -7.326195219,      -8.016199863,       -7.84133955,      -6.777471565,             0.448,     0.03429839137,      0.2314792954,                 0,                 0,                 0,     0.03131917632,     0.02924053506,      0.2321724251,                 0,       6.748984024
          0,           0,         145,      -7.343360924,      -8.034837031,       -7.85839908,      -6.794884066,             0.448,     0.03429844567,      0.2314796285,                 0,                 0,                 0,     0.03131912192,     0.02924058209,      0.2321727593,                 0,       6.748983052
          0,           0,         146,      -7.360183779,      -8.053300542,      -7.875377044,      -6.811887547,             0.448,     0.03429849683,      0.2314799158,                 0,                 0,                 0,     0.03131906113,     0.02924062696,      0.2321730477,                 0,       6.748981362
          0,           0,         147,      -7.376633765,      -8.071593541,      -7.892189549,      -6.828444541,             0.448,     0.03429854492,      0.2314801617,                 0,                 0,                 0,     0.03131899567,     0.02924066968,      0.2321732946,                 0,       6.748979068
          0,           0,         148,        -7.3927007,      -8.089736892,      -7.908772158,      -6.844541432,             0.448,     0.03429859005,      0.2314803703,                 0,                 0,                 0,     0.03131892698,     0.02924071025,       0.232173504,                 0,       6.748976267
          0,           0,         149,      -7.408392495,      -8.107781842,      -7.925082103,      -6.860187122,             0.448,     0.03429863229,      0.2314805456,                 0,                 0,                 0,     0.03131885662,     0.02924074865,      0.2321736802,                 0,       6.748973069
          0,           0,         150,      -7.423735082,      -8.125797736,      -7.941092157,      -6.875412848,             0.448,     0.03429867165,       0.231480692,                 0,                 0,                 0,     0.03131878618,     0.02924078481,      0.2321738274,                 0,       6.748969592
          0,           0,         151,      -7.438772635,       -8.14386537,      -7.956793068,       -6.89027267,             0.448,     0.03429870817,      0.2314808136,                 0,                 0,                 0,     0.03131871721,     0.02924081866,      0.2321739498,                 0,       6.748965952
          0,           0,         152,      -7.453560061,      -8.162057547,      -7.972166342,      -6.904834737,             0.448,     0.03429874188,      0.2314809142,                 0,                 0,                 0,     0.03131865102,     0.02924085018,      0.2321740511,                 0,        6.74896225
          0,           0,         153,      -7.468158121,       -8.18041486,      -7.987224749,      -6.919172448,             0.448,     0.03429877286,       0.231480997,                 0,                 0,                 0,     0.03131858877,     0.02924087934,      0.2321741346,                 0,       6.748958569
          0,           0,         154,      -7.482640277,      -8.198984549,      -8.002043899,      -6.933372101,             0.448,     0.03429880113,      0.2314810654,                 0,                 0,                 0,      0.0313185317,     0.02924090612,      0.2321742036,                 0,       6.748955001
          0,           0,         155,       -7.49708089,      -8.217803642,      -8.016689999,      -6.947522826,             0.448,     0.03429882673,      0.2314811229,                 0,                 0,                 0,     0.03131848096,     0.02924093046,      0.2321742616,                 0,       6.748951638
          0,           0,         156,      -7.511549489,      -8.236902637,      -8.031208846,      -6.961709113,             0.448,     0.03429884972,      0.2314811725,                 0,                 0,                 0,     0.03131843752,     0.02924095235,      0.2321743117,                 0,       6.748948563
          0,           0,         157,      -7.526110783,      -8.256291328,      -8.045644225,      -6.976008743,             0.448,     0.03429887017,      0.2314812171,                 0,                 0,                 0,     0.03131840209,     0.02924097183,      0.2321743568,                 0,        6.74894584
          0,           0,         158,      -7.540826347,      -8.275940692,      -8.060069781,      -6.990496613,             0.448,      0.0342988882,      0.2314812593,                 0,                 0,                 0,     0.03131837514,     0.02924098894,      0.2321743993,                 0,        6.74894352
          0,           0,         159,      -7.555742074,      -8.295849406,      -8.074516892,        -7.0052224,             0.448,     0.03429890396,      0.2314813018,                 0,                 0,                 0,     0.03131835702,     0.02924100377,      0.2321744421,                 0,       6.748941657
          0,           0,         160,      -7.570906244,      -8.315939575,      -8.089073154,      -7.020242764,             0.448,     0.03429891761,      0.2314813459,                 0,                 0,                 0,     0.03131834776,     0.02924101645,      0.2321744865,                 0,       6.748940257
          0,           0,         161,       -7.58634442,      -8.336140133,      -8.103821516,      -7.035589688,             0.448,     0.03429892926,      0.2314813937,                 0,                 0,                 0,     0.03131834766,     0.02924102705,      0.2321745346,                 0,        6.74893936
          0,           0,         162,      -7.602056093,      -8.356428063,      -8.118726474,      -7.051264482,             0.448,     0.03429893904,      0.2314814471,                 0,                 0,                 0,     0.03131835673,     0.02924103567,      0.2321745882,                 0,       6.748938993
          0,           0,         163,      -7.618036468,      -8.376727114,      -8.133771507,       -7.06726284,             0.448,     0.03429894715,      0.2314815077,                 0,                 0,                 0,     0.03131837482,     0.02924104245,       0.232174649,                 0,       6.748939165
          0,           0,         164,      -7.634274449,      -8.396909949,      -8.148998495,      -7.083572581,             0.448,     0.03429895373,      0.2314815767,                 0,                 0,                 0,     0.03131840168,     0.02924104753,      0.2321747181,                 0,        6.74893988
          0,           0,         165,       -7.65074318,      -8.416845435,      -8.164449782,      -7.100163193,             0.448,     0.03429895899,       0.231481655,                 0,                 0,                 0,     0.03131843688,     0.02924105108,      0.2321747964,                 0,       6.748941128
          0,           0,         166,      -7.667409187,      -8.436404451,      -8.180125963,      -7.116995811,             0.448,     0.03429896312,      0.2314817429,                 0,                 0,                 0,     0.03131847982,     0.02924105329,      0.2321748845,                 0,       6.748942879
          0,           0,         167,      -7.684230345,      -8.455473505,      -8.196007625,      -7.134021437,             0.448,     0.03429896633,      0.2314818409,                 0,                 0,                 0,     0.03131852986,     0.02924105436,      0.2321749825,                 0,       6.748945103
          0,           0,         168,      -7.701158007,      -8.473968998,      -8.212067184,      -7.151182875,             0.448,      0.0342989688,      0.2314819489,                 0,                 0,                 0,     0.03131858628,     0.02924105447,      0.2321750905,                 0,       6.748947766
          0,           0,         169,      -7.718139449,      -8.491833699,      -8.228270298,      -7.168417245,             0.448,     0.03429897072,      0.2314820669,                 0,                 0,                 0,     0.03131864832,     0.02924105381,      0.2321752085,                 0,       6.748950831
          0,           0,         170,      -7.735123531,       -8.50901515,      -8.244609742,      -7.185662558,             0.448,     0.03429897229,      0.2314821945,                 0,                 0,                 0,     0.03131871502,      0.0292410526,      0.2321753362,                 0,       6.748954242
          0,           0,         171,      -7.752071363,      -8.525474355,      -8.261023502,      -7.202871056,             0.448,     0.03429897369,      0.2314823309,                 0,                 0,                 0,     0.03131878545,     0.02924105103,      0.2321754725,                 0,       6.748957941
          0,           0,         172,       -7.76893071,      -8.541256076,      -8.277463425,      -7.219976578,             0.448,     0.03429897501,      0.2314824754,                 0,                 0,                 0,     0.03131885897,      0.0292410492,      0.2321756171,                 0,       6.748961896
          0,           0,         173,      -7.785638595,      -8.556460162,      -8.293860785,      -7.236903716,             0.448,     0.03429897638,      0.2314826275,                 0,                 0,                 0,     0.03131893481,     0.02924104724,      0.2321757691,                 0,       6.748966061
          0,           0,         174,      -7.802143878,      -8.571218898,       -8.31008242,      -7.253592792,             0.448,     0.03429897789,       0.231482786,                 0,                 0,                 0,     0.03131901213,      0.0292410453,      0.2321759276,                 0,       6.748970383
          0,           0,         175,      -7.818410516,      -8.585649576,      -8.326079727,      -7.269999584,             0.448,     0.03429897965,      0.2314829499,                 0,                 0,                 0,     0.03131909021,     0.02924104348,      0.2321760915,                 0,       6.748974816
          0,           0,         176,      -7.834416441,      -8.599847582,      -8.341862916,      -7.286096204,             0.448,      0.0342989817,      0.2314831183,                 0,                 0,                 0,     0.03131916843,     0.02924104186,        0.23217626,                 0,       6.748979324
          0,           0,         177,      -7.850150515,      -8.613910187,      -8.357441872,      -7.301867905,             0.448,     0.03429898411,      0.2314832905,                 0,                 0,                 0,     0.03131924625,     0.02924104051,      0.2321764322,                 0,        6.74898387
          0,           0,         178,      -7.865613908,       -8.62793465,      -8.372807301,      -7.317314882,             0.448,      0.0342989869,      0.2314834655,                 0,                 0,                 0,     0.03131932312,     0.02924103949,      0.2321766071,                 0,       6.748988421
          0,           0,         179,      -7.880820253,      -8.642006173,      -8.387948051,       -7.33245268,             0.448,     0.03429899011,      0.2314836423,                 0,                 0,                 0,     0.03131939854,     0.02924103884,       0.232176784,                 0,       6.748992944
          0,           0,         180,      -7.895795517,      -8.656192845,      -8.402870791,      -7.347311545,             0.448,     0.03429899376,      0.2314838197,                 0,                 0,                 0,     0.03131947199,     0.02924103861,      0.2321769615,                 0,       6.748997401
          0,           0,         181,      -7.910576122,       -8.67054908,      -8.417606658,      -7.361934008,             0.448,     0.03429899785,      0.2314839969,                 0,                 0,                 0,     0.03131954304,     0.02924103883,      0.2321771387,                 0,       6.749001762
          0,           0,         182,      -7.925206797,      -8.685112753,      -8.432206709,      -7.376372503,             0.448,     0.03429900238,      0.2314841728,                 0,                 0,                 0,     0.03131961126,     0.02924103953,      0.2321773146,                 0,       6.749005998
          0,           0,         183,      -7.939737345,      -8.699911078,      -8.446732198,      -7.390685714,             0.448,     0.03429900735,      0.2314843464,                 0,                 0,                 0,     0.03131967627,     0.02924104071,      0.2321774883,                 0,       6.749010082
          0,           0,         184,       -7.95422103,      -8.714956499,      -8.461248169,      -7.404936414,             0.448,     0.03429901273,      0.2314845167,                 0,                 0,                 0,     0.03131973774,     0.02924104237,      0.2321776587,                 0,       6.749013989
          0,           0,         185,      -7.968712366,      -8.730244759,      -8.475820456,       -7.41918858,             0.448,     0.03429901851,       0.231484683,                 0,                 0,                 0,     0.03131979537,     0.02924104453,       0.232177825,                 0,       6.749017699
          0,           0,         186,        -7.9832648,      -8.745758705,      -8.490512317,      -7.433504615,             0.448,     0.03429902465,      0.2314848442,                 0,                 0,                 0,      0.0313198489,     0.02924104715,      0.2321779864,                 0,       6.749021192
          0,           0,         187,      -7.997928578,      -8.761472805,       -8.50538073,      -7.447942909,             0.448,     0.03429903112,      0.2314849997,                 0,                 0,                 0,     0.03131989814,     0.02924105022,       0.232178142,                 0,       6.749024453
          0,           0,         188,      -8.012748945,      -8.777355292,      -8.520473627,      -7.462555836,             0.448,     0.03429903787,      0.2314851487,                 0,                 0,                 0,     0.03131994295,     0.02924105372,      0.2321782911,                 0,       6.749027468
          0,           0,         189,      -8.027764773,      -8.793369673,      -8.535828211,      -7.477388265,             0.448,     0.03429904486,      0.2314852906,                 0,                 0,                 0,     0.03131998321,     0.02924105762,      0.2321784331,                 0,       6.749030228
          0,           0,         190,      -8.043007606,       -8.80947685,      -8.551469997,       -7.49247655,             0.448,     0.03429905205,      0.2314854247,                 0,                 0,                 0,      0.0313200189,     0.02924106187,      0.2321785673,                 0,       6.749032726
          0,           0,         191,      -8.058500999,      -8.825637459,      -8.567412263,      -7.507847849,             0.448,     0.03429905937,      0.2314855507,                 0,                 0,                 0,     0.03132005002,     0.02924106645,      0.2321786935,                 0,       6.749034959
          0,           0,         192,      -8.074260124,      -8.841813852,      -8.583655757,       -7.52351973,             0.448,     0.03429906678,      0.2314856682,                 0,                 0,                 0,     0.03132007663,     0.02924107129,      0.2321788111,                 0,       6.749036926
          0,           0,         193,      -8.090291615,      -8.857971649,      -8.600188682,      -7.539500058,             0.448,     0.03429907423,      0.2314857769,                 0,                 0,                 0,     0.03132009884,     0.02924107636,      0.2321789199,                 0,        6.74903863
          0,           0,         194,      -8.106593667,      -8.874081101,      -8.616987174,      -7.555787129,             0.448,     0.03429908165,      0.2314858767,                 0,                 0,                 0,     0.03132011679,     0.02924108161,      0.2321790198,                 0,       6.749040077
          0,           0,         195,      -8.123156312,      -8.890118522,       -8.63401644,      -7.572369995,             0.448,     0.03429908899,      0.2314859673,                 0,                 0,                 0,     0.03132013069,     0.02924108698,      0.2321791106,                 0,       6.749041275
          0,           0,         196,      -8.139961854,      -8.906067833,      -8.651232467,      -7.589228959,             0.448,     0.03429909621,       0.231486049,                 0,                 0,                 0,     0.03132014076,     0.02924109241,      0.2321791924,                 0,       6.749042235
          0,           0,         197,      -8.156985457,      -8.921921914,       -8.66858413,      -7.606336198,             0.448,     0.03429910326,      0.2314861217,                 0,                 0,                 0,     0.03132014725,     0.02924109787,      0.2321792652,                 0,       6.749042968
          0,           0,         198,      -8.174195893,      -8.937683505,      -8.686015509,      -7.623656587,             0.448,     0.03429911008,      0.2314861856,                 0,                 0,                 0,     0.03132015045,     0.02924110329,      0.2321793293,                 0,        6.74904349
          0,           0,         199,      -8.191556473,      -8.953365563,      -8.703468291,      -7.641148711,             0.448,     0.03429911664,      0.2314862411,                 0,                 0,                 0,     0.03132015065,     0.02924110864,      0.2321793849,                 0,       6.749043817
          0,           0,         200,      -8.209026188,       -8.96899106,      -8.720884118,      -7.658766122,             0.448,     0.03429912291,      0.2314862884,                 0,                 0,                 0,     0.03132014818,     0.02924111388,      0.2321794324,                 0,       6.749043964
          0,           0,         201,      -8.226561054,      -8.984592147,      -8.738206761,      -7.676458839,             0.448,     0.03429912885,      0.2314863281,                 0,                 0,                 0,     0.03132014333,     0.02924111896,      0.2321794721,                 0,       6.749043949
          0,           0,         202,      -8.244115644,       -9.00020866,      -8.755384067,      -7.694175078,             0.448,     0.03429913445,      0.2314863604,                 0,                 0,                 0,     0.03132013642,     0.02924112385,      0.2321795046,                 0,        6.74904379
          0,           0,         203,      -8.261644777,      -9.015885981,      -8.772369739,      -7.711863151,             0.448,     0.03429913969,      0.2314863859,                 0,                 0,                 0,     0.03132012776,     0.02924112853,      0.2321795302,                 0,       6.749043504
          0,           0,         204,       -8.27910528,       -9.03167251,      -8.789125109,      -7.729473479,             0.448,     0.03429914455,      0.2314864052,                 0,                 0,                 0,     0.03132011764,     0.02924113297,      0.2321795496,                 0,       6.749043109
          0,           0,         205,      -8.296457734,      -9.047617037,      -8.805620944,       -7.74696059,             0.448,     0.03429914903,      0.2314864187,                 0,                 0,                 0,     0.03132010635,     0.02924113715,      0.2321795632,                 0,       6.749042622
          0,           0,         206,      -8.313668102,      -9.063766237,      -8.821839214,      -7.764285007,             0.448,     0.03429915314,       0.231486427,                 0,                 0,                 0,     0.03132009414,     0.02924114107,      0.2321795716,                 0,       6.749042057
          0,           0,         207,      -8.330709153,      -9.080162412,      -8.837774584,      -7.781414913,             0.448,     0.03429915686,      0.2314864307,                 0,                 0,                 0,     0.03132008126,     0.02924114472,      0.2321795754,                 0,       6.749041431
          0,           0,         208,      -8.347561595,      -9.096841398,      -8.853435439,      -7.798327506,             0.448,     0.03429916022,      0.2314864303,                 0,                 0,                 0,     0.03132006794,     0.02924114809,      0.2321795751,                 0,       6.749040759
          0,           0,         209,      -8.364214883,      -9.113830621,      -8.868844335,      -7.815009994,             0.448,     0.03429916322,      0.2314864263,                 0,                 0,                 0,      0.0313200544,     0.02924115117,      0.2321795711,                 0,       6.749040053
          0,           0,         210,      -8.380667659,      -9.131147338,      -8.884037802,      -7.831460157,             0.448,     0.03429916587,      0.2314864193,                 0,                 0,                 0,     0.03132004083,     0.02924115397,      0.2321795642,                 0,       6.749039327
          0,           0,         211,      -8.396927777,       -9.14879731,      -8.899065348,      -7.847686427,             0.448,     0.03429916818,      0.2314864097,                 0,                 0,                 0,     0.03132002742,     0.02924115649,      0.2321795547,                 0,       6.749038592
          0,           0,         212,      -8.413011856,      -9.166774042,        -8.9139874,      -7.863707403,             0.448,     0.03429917017,      0.2314863981,                 0,                 0,                 0,     0.03132001434,     0.02924115874,      0.2321795431,                 0,       6.749037861
          0,           0,         213,      -8.428944355,      -9.185058758,      -8.928872106,      -7.879550803,             0.448,     0.03429917186,      0.2314863849,                 0,                 0,                 0,     0.03132000175,     0.02924116071,      0.2321795299,                 0,       6.749037144
          0,           0,         214,      -8.444756198,      -9.203621153,      -8.943791246,       -7.89525189,             0.448,     0.03429917326,      0.2314863705,                 0,                 0,                 0,     0.03131998979,     0.02924116242,      0.2321795156,                 0,       6.749036451
          0,           0,         215,      -8.460483093,      -9.222420935,      -8.958815868,      -7.910851534,             0.448,     0.03429917438,      0.2314863555,                 0,                 0,                 0,      0.0313199786,     0.02924116387,      0.2321795005,                 0,        6.74903579
          0,           0,         216,      -8.476163677,      -9.241410056,       -8.97401228,      -7.926394074,             0.448,     0.03429917525,        0.23148634,                 0,                 0,                 0,     0.03131996829,     0.02924116508,      0.2321794851,                 0,       6.749035169
          0,           0,         217,      -8.491837652,      -9.260535359,      -8.989438823,      -7.941925164,             0.448,     0.03429917589,      0.2314863247,                 0,                 0,                 0,     0.03131995894,     0.02924116605,      0.2321794698,                 0,       6.749034596
          0,           0,         218,      -8.507544013,      -9.279741189,      -9.005143485,      -7.957489713,             0.448,     0.03429917631,      0.2314863097,                 0,                 0,                 0,     0.03131995063,      0.0292411668,      0.2321794548,                 0,       6.749034077
          0,           0,         219,      -8.523319427,      -9.298971588,      -9.021162219,      -7.973130037,             0.448,     0.03429917654,      0.2314862954,                 0,                 0,                 0,     0.03131994343,     0.02924116734,      0.2321794405,                 0,       6.749033615
          0,           0,         220,      -8.539196845,      -9.318171894,      -9.037517805,      -7.988884259,             0.448,      0.0342991766,      0.2314862821,                 0,                 0,                 0,     0.03131993737,     0.02924116769,      0.2321794272,                 0,       6.749033214
          0,           0,         221,      -8.555204346,      -9.337289819,      -9.054219128,      -8.004785006,             0.448,     0.03429917651,        0.23148627,                 0,                 0,                 0,     0.03131993247,     0.02924116787,      0.2321794151,                 0,       6.749032878
          0,           0,         222,      -8.571364256,      -9.356276392,      -9.071260845,      -8.020858415,             0.448,     0.03429917629,      0.2314862592,                 0,                 0,                 0,     0.03131992873,     0.02924116789,      0.2321794044,                 0,       6.749032608
          0,           0,         223,      -8.587692535,      -9.375087031,      -9.088623443,      -8.037123445,             0.448,     0.03429917597,        0.23148625,                 0,                 0,                 0,     0.03131992615,     0.02924116777,      0.2321793952,                 0,       6.749032403
          0,           0,         224,        -8.6041984,       -9.39368295,      -9.106273722,      -8.053591447,             0.448,     0.03429917557,      0.2314862426,                 0,                 0,                 0,     0.03131992469,     0.02924116753,      0.2321793877,                 0,       6.749032264
          0,           0,         225,      -8.620884188,      -9.412032753,      -9.124165749,      -8.070265993,             0.448,     0.03429917511,      0.2314862368,                 0,                 0,                 0,     0.03131992432,     0.02924116719,      0.2321793819,                 0,       6.749032189
          0,           0,         226,      -8.637745405,      -9.430113957,      -9.142242343,      -8.087142899,             0.448,      0.0342991746,       0.231486233,                 0,                 0,                 0,     0.03131992497,     0.02924116677,      0.2321793781,                 0,       6.749032175
          0,           0,         227,      -8.654770946,      -9.447914144,      -9.160437127,      -8.104210436,             0.448,     0.03429917408,      0.2314862309,                 0,                 0,                 0,     0.03131992658,     0.02924116629,       0.232179376,                 0,       6.749032219
          0,           0,         228,      -8.671943481,      -9.465431494,      -9.178677158,      -8.121449721,             0.448,     0.03429917355,      0.2314862307,                 0,                 0,                 0,     0.03131992908,     0.02924116576,      0.2321793758,                 0,       6.749032318
          0,           0,         229,      -8.689240005,      -9.482674623,      -9.196886047,      -8.138835285,             0.448,     0.03429917303,      0.2314862324,                 0,                 0,                 0,     0.03131993239,     0.02924116521,      0.2321793774,                 0,       6.749032467
          0,           0,         230,      -8.706632564,      -9.499661809,      -9.214987397,      -8.156335854,             0.448,     0.03429917254,      0.2314862357,                 0,                 0,                 0,     0.03131993642,     0.02924116464,      0.2321793808,                 0,       6.749032662
          0,           0,         231,      -8.724089168,      -9.516419626,      -9.232908306,      -8.173915342,             0.448,     0.03429917209,      0.2314862407,                 0,                 0,                 0,     0.03131994107,     0.02924116408,      0.2321793858,                 0,       6.749032897
          0,           0,         232,        -8.7415749,      -9.532981183,      -9.250582648,      -8.191534088,             0.448,     0.03429917168,      0.2314862473,                 0,                 0,                 0,     0.03131994626,     0.02924116354,      0.2321793923,                 0,       6.749033167
          0,           0,         233,      -8.759053197,      -9.549383944,      -9.267953909,      -8.209150298,             0.448,     0.03429917134,      0.2314862553,                 0,                 0,                 0,      0.0313199519,     0.02924116302,      0.2321794003,                 0,       6.749033468
          0,           0,         234,       -8.77648726,      -9.565667371,      -9.284977482,       -8.22672166,             0.448,     0.03429917106,      0.2314862646,                 0,                 0,                 0,     0.03131995791,     0.02924116254,      0.2321794096,                 0,       6.749033794
          0,           0,         235,      -8.793841552,      -9.581870386,      -9.301622484,      -8.244207056,             0.448,     0.03429917085,      0.2314862751,                 0,                 0,                 0,      0.0313199642,      0.0292411621,      0.2321794201,                 0,       6.749034141
          0,           0,         236,      -8.811083279,      -9.598029084,      -9.317873162,      -8.261568293,             0.448,     0.03429917071,      0.2314862866,                 0,                 0,                 0,     0.03131997069,     0.02924116171,      0.2321794316,                 0,       6.749034504
          0,           0,         237,      -8.828183799,      -9.614174722,      -9.333729901,      -8.278771751,             0.448,     0.03429917065,       0.231486299,                 0,                 0,                 0,     0.03131997731,     0.02924116137,       0.232179444,                 0,       6.749034878
          0,           0,         238,      -8.845119861,      -9.630332104,      -9.349209685,      -8.295789857,             0.448,     0.03429917065,      0.2314863121,                 0,                 0,                 0,       0.031319984,     0.02924116109,      0.2321794571,                 0,        6.74903526
          0,           0,         239,      -8.861874611,      -9.646518266,      -9.364345858,      -8.312602304,             0.448,     0.03429917073,      0.2314863259,                 0,                 0,                 0,     0.03131999069,     0.02924116087,      0.2321794709,                 0,       6.749035646
          0,           0,         240,      -8.878438323,      -9.662741413,      -9.379187039,      -8.329196956,             0.448,     0.03429917088,      0.2314863401,                 0,                 0,                 0,     0.03131999733,     0.02924116071,      0.2321794851,                 0,       6.749036032
          0,           0,         241,      -8.894808824,      -9.679000122,      -9.393795265,      -8.345570392,             0.448,     0.03429917109,      0.2314863547,                 0,                 0,                 0,     0.03132000386,      0.0292411606,      0.2321794997,                 0,       6.749036415
          0,           0,         242,        -8.9109916,      -9.695283042,      -9.408243453,      -8.361728074,             0.448,     0.03429917137,      0.2314863695,                 0,                 0,                 0,     0.03132001024,     0.02924116056,      0.2321795145,                 0,       6.749036791
          0,           0,         243,      -8.926999557,      -9.711569337,      -9.422612296,      -8.377684102,             0.448,      0.0342991717,      0.2314863843,                 0,                 0,                 0,     0.03132001642,     0.02924116057,      0.2321795293,                 0,       6.749037159
          0,           0,         244,      -8.942852444,      -9.727830023,      -9.436986673,       -8.39346055,             0.448,     0.03429917209,      0.2314863992,                 0,                 0,                 0,     0.03132002235,     0.02924116063,      0.2321795442,                 0,       6.749037516
          0,           0,         245,      -8.958575929,      -9.744030263,      -9.451451728,      -8.409086404,             0.448,     0.03429917253,      0.2314864139,                 0,                 0,                 0,     0.03132002802,     0.02924116075,      0.2321795589,                 0,       6.749037858
          0,           0,         246,      -8.974200409,      -9.760132417,      -9.466088926,      -8.424596177,             0.448,     0.03429917301,      0.2314864283,                 0,                 0,                 0,     0.03132003337,     0.02924116091,      0.2321795733,                 0,       6.749038184
          0,           0,         247,      -8.989759627,      -9.776099671,      -9.480972458,      -8.440028293,             0.448,     0.03429917353,      0.2314864424,                 0,                 0,                 0,     0.03132003839,     0.02924116113,      0.2321795874,                 0,       6.749038493
          0,           0,         248,       -9.00528922,      -9.791899777,      -9.496166325,      -8.455423391,             0.448,     0.03429917408,      0.2314864561,                 0,                 0,                 0,     0.03132004305,     0.02924116138,      0.2321796011,                 0,       6.749038782
          0,           0,         249,      -9.020825284,      -9.807508484,      -9.511722221,      -8.470822648,             0.448,     0.03429917466,      0.2314864692,                 0,                 0,                 0,     0.03132004733,     0.02924116168,      0.2321796142,                 0,        6.74903905
          0,           0,         250,      -9.036403029,       -9.82291212,      -9.527678135,      -8.486266207,             0.448,     0.03429917527,      0.2314864817,                 0,                 0,                 0,     0.03132005122,     0.02924116201,      0.2321796268,                 0,       6.749039296
          0,           0,         251,      -9.052055563,      -9.838109001,        -9.5440575,      -8.501791779,             0.448,     0.03429917589,      0.2314864936,                 0,                 0,                 0,      0.0313200547,     0.02924116237,      0.2321796386,                 0,        6.74903952
          0,           0,         252,      -9.067812857,      -9.853109664,      -9.560868733,      -8.517433451,             0.448,     0.03429917651,      0.2314865047,                 0,                 0,                 0,     0.03132005778,     0.02924116275,      0.2321796498,                 0,       6.749039721
          0,           0,         253,      -9.083700888,      -9.867936147,      -9.578105061,      -8.533220717,             0.448,     0.03429917715,      0.2314865151,                 0,                 0,                 0,     0.03132006046,     0.02924116316,      0.2321796601,                 0,       6.749039898
          0,           0,         254,       -9.09974098,      -9.882620672,      -9.595744636,      -8.549177748,             0.448,     0.03429917778,      0.2314865246,                 0,                 0,                 0,     0.03132006273,     0.02924116358,      0.2321796697,                 0,       6.749040053
          0,           0,         255,       -9.11594934,      -9.897204101,      -9.613750949,      -8.565322875,             0.448,     0.03429917841,      0.2314865333,                 0,                 0,                 0,     0.03132006462,     0.02924116402,      0.2321796784,                 0,       6.749040184
          0,           0,         256,      -9.132336772,       -9.91173443,      -9.632073624,       -8.58166829,             0.448,     0.03429917902,      0.2314865412,                 0,                 0,                 0,     0.03132006613,     0.02924116446,      0.2321796863,                 0,       6.749040293
          0,           0,         257,      -9.148908554,      -9.926265133,      -9.650649657,      -8.598219901,             0.448,     0.03429917962,      0.2314865483,                 0,                 0,                 0,     0.03132006728,     0.02924116491,      0.2321796934,                 0,        6.74904038
          0,           0,         258,      -9.165664445,      -9.940853466,      -9.669405196,      -8.614977357,             0.448,      0.0342991802,      0.2314865545,                 0,                 0,                 0,     0.03132006808,     0.02924116535,      0.2321796996,                 0,       6.749040447
          0,           0,         259,      -9.182598816,      -9.955558718,      -9.688257933,       -8.63193419,             0.448,     0.03429918075,      0.2314865599,                 0,                 0,                 0,     0.03132006857,     0.02924116579,       0.232179705,                 0,       6.749040495
          0,           0,         260,      -9.199700885,      -9.970440192,      -9.707120144,      -8.649078084,             0.448,     0.03429918128,      0.2314865644,                 0,                 0,                 0,     0.03132006876,     0.02924116621,      0.2321797096,                 0,       6.749040525
          0,           0,         261,      -9.216955067,       -9.98555534,      -9.725902282,       -8.66639127,             0.448,     0.03429918178,      0.2314865682,                 0,                 0,                 0,     0.03132006868,     0.02924116663,      0.2321797134,                 0,       6.749040538
          0,           0,         262,      -9.234341448,      -10.00095776,      -9.744516981,      -8.683851066,             0.448,     0.03429918224,      0.2314865713,                 0,                 0,                 0,     0.03132006836,     0.02924116702,      0.2321797165,                 0,       6.749040535
          0,           0,         263,       -9.25183639,      -10.01669567,      -9.762883157,      -8.701430583,             0.448,     0.03429918267,      0.2314865736,                 0,                 0,                 0,     0.03132006782,      0.0292411674,      0.2321797188,                 0,        6.74904052
          0,           0,         264,      -9.269413294,      -10.03281034,      -9.780929848,      -8.719099594,             0.448,     0.03429918306,      0.2314865753,                 0,                 0,                 0,      0.0313200671,     0.02924116776,      0.2321797205,                 0,       6.749040492
          0,           0,         265,      -9.287043485,      -10.04933491,      -9.798599476,      -8.736825562,             0.448,     0.03429918342,      0.2314865764,                 0,                 0,                 0,     0.03132006622,     0.02924116809,      0.2321797216,                 0,       6.749040454
          0,           0,         266,      -9.304697223,      -10.06629319,       -9.81585036,      -8.754574798,             0.448,     0.03429918374,       0.231486577,                 0,                 0,                 0,      0.0313200652,      0.0292411684,      0.2321797222,                 0,       6.749040407
          0,           0,         267,      -9.322344782,      -10.08369881,      -9.832658437,      -8.772313696,             0.448,     0.03429918402,       0.231486577,                 0,                 0,                 0,     0.03132006408,     0.02924116868,      0.2321797222,                 0,       6.749040352
          0,           0,         268,      -9.339957572,      -10.10155442,      -9.849018291,      -8.790010005,             0.448,     0.03429918427,      0.2314865766,                 0,                 0,                 0,     0.03132006287,     0.02924116894,      0.2321797218,                 0,       6.749040291
          0,           0,         269,      -9.357509221,      -10.11985133,      -9.864943458,      -8.807634066,             0.448,     0.03429918449,      0.2314865758,                 0,                 0,                 0,     0.03132006159,     0.02924116917,       0.232179721,                 0,       6.749040226
          0,           0,         270,       -9.37497658,      -10.13856907,      -9.880465988,      -8.825159955,             0.448,     0.03429918467,      0.2314865747,                 0,                 0,                 0,     0.03132006027,     0.02924116938,      0.2321797199,                 0,       6.749040157
          0,           0,         271,      -9.392340594,       -10.1576754,      -9.895635148,      -8.842566472,             0.448,     0.03429918482,      0.2314865732,                 0,                 0,                 0,     0.03132005893,     0.02924116956,      0.2321797185,                 0,       6.749040085
          0,           0,         272,       -9.40958699,      -10.17712604,      -9.910515213,      -8.859837927,             0.448,     0.03429918494,      0.2314865716,                 0,                 0,                 0,     0.03132005758,     0.02924116972,      0.2321797168,                 0,       6.749040012
          0,           0,         273,      -9.426706779,      -10.19686451,      -9.925182524,      -8.876964699,             0.448,     0.03429918503,      0.2314865697,                 0,                 0,                 0,     0.03132005623,     0.02924116985,      0.2321797149,                 0,       6.749039939
          0,           0,         274,      -9.443696531,      -10.21682262,      -9.939722054,      -8.893943533,             0.448,      0.0342991851,      0.2314865676,                 0,                 0,                 0,     0.03132005491,     0.02924116996,      0.2321797129,                 0,       6.749039866
          0,           0,         275,      -9.460558418,        -10.236921,      -9.954223713,      -8.910777568,             0.448,     0.03429918514,      0.2314865655,                 0,                 0,                 0,     0.03132005363,     0.02924117005,      0.2321797107,                 0,       6.749039795
          0,           0,         276,      -9.477300011,      -10.25707126,      -9.968778651,      -8.927476082,             0.448,     0.03429918517,      0.2314865633,                 0,                 0,                 0,     0.03132005239,     0.02924117013,      0.2321797085,                 0,       6.749039726
          0,           0,         277,      -9.493933826,      -10.27717866,      -9.983475617,      -8.944053934,             0.448,     0.03429918517,       0.231486561,                 0,                 0,                 0,     0.03132005121,     0.02924117018,      0.2321797062,                 0,       6.749039659
          0,           0,         278,      -9.510476622,      -10.29714626,      -9.998397553,       -8.96053075,             0.448,     0.03429918516,      0.2314865587,                 0,                 0,                 0,      0.0313200501,     0.02924117021,       0.232179704,                 0,       6.749039596
          0,           0,         279,      -9.526948519,      -10.31687984,      -10.01361854,      -8.976929878,             0.448,     0.03429918512,      0.2314865565,                 0,                 0,                 0,     0.03132004907,     0.02924117023,      0.2321797017,                 0,       6.749039537
          0,           0,         280,      -9.543371985,      -10.33629323,      -10.02920129,      -8.993277211,             0.448,     0.03429918508,      0.2314865543,                 0,                 0,                 0,     0.03132004812,     0.02924117023,      0.2321796996,                 0,       6.749039482
          0,           0,         281,      -9.559770779,      -10.35531383,      -10.04519527,      -9.009599961,             0.448,     0.03429918503,      0.2314865522,                 0,                 0,                 0,     0.03132004725,     0.02924117022,      0.2321796975,                 0,       6.749039432
          0,           0,         282,       -9.57616891,      -10.37388723,      -10.06163541,      -9.025925453,             0.448,     0.03429918496,      0.2314865502,                 0,                 0,                 0,     0.03132004649,      0.0292411702,      0.2321796955,                 0,       6.749039387
          0,           0,         283,      -9.592589662,       -10.3919808,      -10.07854139,      -9.042280011,             0.448,     0.03429918489,      0.2314865484,                 0,                 0,                 0,     0.03132004582,     0.02924117017,      0.2321796936,                 0,       6.749039347
          0,           0,         284,      -9.609054726,      -10.40958523,      -10.09591721,       -9.05868797,             0.448,     0.03429918481,      0.2314865467,                 0,                 0,                 0,     0.03132004525,     0.02924117013,      0.2321796919,                 0,       6.749039313
          0,           0,         285,      -9.625583447,      -10.42671454,      -10.11375104,       -9.07517084,             0.448,     0.03429918473,      0.2314865452,                 0,                 0,                 0,     0.03132004477,     0.02924117008,      0.2321796904,                 0,       6.749039284
          0,           0,         286,      -9.642192221,      -10.44340432,      -10.13201528,      -9.091746647,             0.448,     0.03429918465,      0.2314865438,                 0,                 0,                 0,     0.03132004439,     0.02924117003,       0.232179689,                 0,       6.749039261
          0,           0,         287,      -9.658894019,      -10.45970867,      -10.15066685,      -9.108429424,             0.448,     0.03429918456,      0.2314865426,                 0,                 0,                 0,     0.03132004411,     0.02924116997,      0.2321796878,                 0,       6.749039243
          0,           0,         288,      -9.675698076,      -10.47569671,      -10.16964783,      -9.125228889,             0.448,     0.03429918448,      0.2314865416,                 0,                 0,                 0,     0.03132004392,     0.02924116991,      0.2321796868,                 0,        6.74903923
          0,           0,         289,      -9.692609693,      -10.49144848,      -10.18888655,      -9.142150257,             0.448,      0.0342991844,      0.2314865408,                 0,                 0,                 0,     0.03132004382,     0.02924116985,       0.232179686,                 0,       6.749039222
          0,           0,         290,      -9.709630172,      -10.50705074,       -10.2082992,      -9.159194196,             0.448,     0.03429918432,      0.2314865402,                 0,                 0,                 0,      0.0313200438,     0.02924116978,      0.2321796854,                 0,        6.74903922
          0,           0,         291,      -9.726756851,      -10.52259316,      -10.22779221,      -9.176356894,             0.448,     0.03429918425,      0.2314865397,                 0,                 0,                 0,     0.03132004386,     0.02924116972,       0.232179685,                 0,       6.749039221
          0,           0,         292,      -9.743983235,      -10.53816409,      -10.24726532,      -9.193630231,             0.448,     0.03429918418,      0.2314865395,                 0,                 0,                 0,       0.031320044,     0.02924116966,      0.2321796847,                 0,       6.749039227
          0,           0,         293,      -9.761299227,      -10.55384728,      -10.26661552,      -9.211002076,             0.448,     0.03429918412,      0.2314865394,                 0,                 0,                 0,     0.03132004419,      0.0292411696,      0.2321796846,                 0,       6.749039237
          0,           0,         294,      -9.778691462,      -10.56971842,       -10.2857416,      -9.228456691,             0.448,     0.03429918406,      0.2314865395,                 0,                 0,                 0,     0.03132004445,     0.02924116954,      0.2321796847,                 0,        6.74903925
          0,           0,         295,      -9.796143746,      -10.58584255,      -10.30454911,       -9.24597527,             0.448,     0.03429918402,      0.2314865397,                 0,                 0,                 0,     0.03132004475,     0.02924116949,      0.2321796849,                 0,       6.749039266
          0,           0,         296,      -9.813637621,      -10.60227173,      -10.32295519,       -9.26353661,             0.448,     0.03429918398,      0.2314865401,                 0,                 0,                 0,      0.0313200451,     0.02924116944,      0.2321796853,                 0,       6.749039284
          0,           0,         297,      -9.831153019,      -10.61904358,      -10.34089297,      -9.281117895,             0.448,     0.03429918395,      0.2314865406,                 0,                 0,                 0,     0.03132004549,      0.0292411694,      0.2321796858,                 0,       6.749039305
          0,           0,         298,      -9.848669007,      -10.63617996,      -10.35831502,      -9.298695555,             0.448,     0.03429918392,      0.2314865412,                 0,                 0,                 0,      0.0313200459,     0.02924116936,      0.2321796864,                 0,       6.749039328
          0,           0,         299,       -9.86616458,      -10.65368623,      -10.37519568,      -9.316246186,             0.448,     0.03429918391,      0.2314865419,                 0,                 0,                 0,     0.03132004634,     0.02924116933,      0.2321796872,                 0,       6.749039352
          0,           0,         300,      -9.883619447,      -10.67155097,      -10.39153222,       -9.33374743,             0.448,      0.0342991839,      0.2314865427,                 0,                 0,                 0,     0.03132004679,      0.0292411693,       0.232179688,                 0,       6.749039377
          0,           0,         301,      -9.901014799,      -10.68974628,      -10.40734492,      -9.351178837,             0.448,      0.0342991839,      0.2314865436,                 0,                 0,                 0,     0.03132004726,     0.02924116928,      0.2321796888,                 0,       6.749039403
          0,           0,         302,      -9.918334012,      -10.70822852,      -10.42267591,      -9.368522627,             0.448,      0.0342991839,      0.2314865446,                 0,                 0,                 0,     0.03132004774,     0.02924116927,      0.2321796898,                 0,        6.74903943
          0,           0,         303,       -9.93556323,       -10.7269393,      -10.43758701,      -9.385764314,             0.448,     0.03429918391,      0.2314865456,                 0,                 0,                 0,     0.03132004821,     0.02924116926,      0.2321796908,                 0,       6.749039457
          0,           0,         304,      -9.952691829,      -10.74580663,      -10.45215657,      -9.402893184,             0.448,     0.03429918393,      0.2314865466,                 0,                 0,                 0,     0.03132004868,     0.02924116925,      0.2321796918,                 0,       6.749039483
          0,           0,         305,      -9.969712742,      -10.76474678,      -10.46647549,      -9.419902607,             0.448,     0.03429918395,      0.2314865477,                 0,                 0,                 0,     0.03132004915,     0.02924116925,      0.2321796929,                 0,        6.74903951
          0,           0,         306,       -9.98662263,      -10.78366638,      -10.48064287,      -9.436790159,             0.448,     0.03429918398,      0.2314865487,                 0,                 0,                 0,     0.03132004961,     0.02924116926,       0.232179694,                 0,       6.749039536
          0,           0,         307,      -10.00342194,      -10.80246529,      -10.49476152,      -9.453557615,             0.448,     0.03429918401,      0.2314865498,                 0,                 0,                 0,     0.03132005005,     0.02924116927,      0.2321796951,                 0,       6.749039561
          0,           0,         308,      -10.02011479,      -10.82104079,      -10.50893386,      -9.470210758,             0.448,     0.03429918405,      0.2314865509,                 0,                 0,                 0,     0.03132005048,     0.02924116928,      0.2321796961,                 0,       6.749039586
          0,           0,         309,      -10.03670871,      -10.83929276,      -10.52325808,      -9.486759059,             0.448,     0.03429918409,       0.231486552,                 0,                 0,                 0,     0.03132005089,     0.02924116929,      0.2321796972,                 0,       6.749039609
          0,           0,         310,      -10.05321431,      -10.85712914,      -10.53782508,      -9.503215206,             0.448,     0.03429918413,       0.231486553,                 0,                 0,                 0,     0.03132005127,     0.02924116931,      0.2321796983,                 0,       6.749039631
          0,           0,         311,       -10.0696448,        -10.874473,      -10.55271564,      -9.519594541,             0.448,     0.03429918417,       0.231486554,                 0,                 0,                 0,     0.03132005164,     0.02924116933,      0.2321796993,                 0,       6.749039652
          0,           0,         312,      -10.08601538,      -10.89126756,       -10.5679984,       -9.53591438,             0.448,     0.03429918422,       0.231486555,                 0,                 0,                 0,     0.03132005197,     0.02924116936,      0.2321797003,                 0,       6.749039672
          0,           0,         313,      -10.10234266,      -10.90748136,      -10.58372811,      -9.552193304,             0.448,     0.03429918427,       0.231486556,                 0,                 0,                 0,     0.03132005229,     0.02924116938,      0.2321797012,                 0,        6.74903969
          0,           0,         314,      -10.11864398,      -10.92311062,      -10.59994454,      -9.568450452,             0.448,     0.03429918431,      0.2314865569,                 0,                 0,                 0,     0.03132005257,     0.02924116941,      0.2321797021,                 0,       6.749039707
          0,           0,         315,      -10.13493684,      -10.93818099,      -10.61667164,      -9.584704816,             0.448,     0.03429918436,      0.2314865577,                 0,                 0,                 0,     0.03132005283,     0.02924116944,      0.2321797029,                 0,       6.749039722
          0,           0,         316,      -10.15123829,      -10.95274535,      -10.63391719,      -9.600974626,             0.448,     0.03429918441,      0.2314865585,                 0,                 0,                 0,     0.03132005306,     0.02924116947,      0.2321797037,                 0,       6.749039736
          0,           0,         317,      -10.16756444,       -10.9668802,      -10.65167254,      -9.617276829,             0.448,     0.03429918445,      0.2314865592,                 0,                 0,                 0,     0.03132005326,      0.0292411695,      0.2321797044,                 0,       6.749039748
          0,           0,         318,      -10.18393002,      -10.98068114,      -10.66991277,      -9.633626628,             0.448,      0.0342991845,      0.2314865599,                 0,                 0,                 0,     0.03132005343,     0.02924116953,      0.2321797051,                 0,       6.749039759
          0,           0,         319,      -10.20034805,      -10.99425657,      -10.68859692,      -9.650037148,             0.448,     0.03429918454,      0.2314865605,                 0,                 0,                 0,     0.03132005358,     0.02924116956,      0.2321797057,                 0,       6.749039768
          0,           0,         320,      -10.21682953,      -11.00772205,      -10.70766844,      -9.666519191,             0.448,     0.03429918459,       0.231486561,                 0,                 0,                 0,      0.0313200537,     0.02924116959,      0.2321797063,                 0,       6.749039775
          0,           0,         321,      -10.23338333,      -11.02119468,      -10.72705612,      -9.683081083,             0.448,     0.03429918463,      0.2314865615,                 0,                 0,                 0,      0.0313200538,     0.02924116962,      0.2321797068,                 0,       6.749039781
          0,           0,         322,      -10.25001597,      -11.03478804,      -10.74667539,      -9.699728581,             0.448,     0.03429918466,      0.2314865619,                 0,                 0,                 0,     0.03132005387,     0.02924116965,      0.2321797072,                 0,       6.749039786
          0,           0,         323,      -10.26673161,      -11.04861015,       -10.7664303,      -9.716464829,             0.448,      0.0342991847,      0.2314865623,                 0,                 0,                 0,     0.03132005392,     0.02924116968,      0.2321797075,                 0,        6.74903979
          0,           0,         324,      -10.28353205,      -11.06275914,      -10.78621622,       -9.73329043,             0.448,     0.03429918473,      0.2314865626,                 0,                 0,                 0,     0.03132005394,     0.02924116971,      0.2321797078,                 0,       6.749039792
          0,           0,         325,      -10.30041667,      -11.07732193,      -10.80592348,      -9.750203482,             0.448,     0.03429918476,      0.2314865628,                 0,                 0,                 0,     0.03132005395,     0.02924116973,      0.2321797081,                 0,       6.749039793
          0,           0,         326,      -10.31738262,      -11.09237268,       -10.8254417,      -9.767199716,             0.448,     0.03429918479,       0.231486563,                 0,                 0,                 0,     0.03132005394,     0.02924116976,      0.2321797083,                 0,       6.749039793
          0,           0,         327,      -10.33442481,       -11.1079717,       -10.8446649,      -9.784272662,             0.448,     0.03429918482,      0.2314865632,                 0,                 0,                 0,     0.03132005391,     0.02924116978,      0.2321797084,                 0,       6.749039792
          0,           0,         328,      -10.35153619,      -11.12416449,      -10.86349693,      -9.801413903,             0.448,     0.03429918484,      0.2314865633,                 0,                 0,                 0,     0.03132005387,      0.0292411698,      0.2321797085,                 0,       6.749039791
          0,           0,         329,      -10.36870792,      -11.14097991,      -10.88185662,      -9.818613379,             0.448,     0.03429918486,      0.2314865633,                 0,                 0,                 0,     0.03132005382,     0.02924116982,      0.2321797086,                 0,       6.749039788
          0,           0,         330,      -10.38592968,      -11.15843227,      -10.89968245,       -9.83585972,             0.448,     0.03429918488,      0.2314865633,                 0,                 0,                 0,     0.03132005375,     0.02924116983,      0.2321797086,                 0,       6.749039785
          0,           0,         331,      -10.40319001,      -11.17651921,      -10.91693587,      -9.853140642,             0.448,     0.03429918489,      0.2314865633,                 0,                 0,                 0,     0.03132005368,     0.02924116985,      0.2321797085,                 0,       6.749039782
          0,           0,         332,      -10.42047666,      -11.19522144,       -10.9336033,       -9.87044337,             0.448,      0.0342991849,      0.2314865632,                 0,                 0,                 0,      0.0313200536,     0.02924116986,      0.2321797085,                 0,       6.749039778
          0,           0,         333,      -10.43777694,       -11.2145032,      -10.94969665,      -9.887754985,             0.448,     0.03429918491,      0.2314865632,                 0,                 0,                 0,     0.03132005351,     0.02924116987,      0.2321797084,                 0,       6.749039773
          0,           0,         334,      -10.45507811,      -11.23431235,      -10.96525225,      -9.905062815,             0.448,     0.03429918492,       0.231486563,                 0,                 0,                 0,     0.03132005342,     0.02924116988,      0.2321797083,                 0,       6.749039769
          0,           0,         335,      -10.47236778,      -11.25458116,      -10.98032851,      -9.922354803,             0.448,     0.03429918492,      0.2314865629,                 0,                 0,                 0,     0.03132005333,     0.02924116989,      0.2321797082,                 0,       6.749039764
          0,           0,         336,      -10.48963409,      -11.27522589,      -10.99500255,      -9.939619716,             0.448,     0.03429918493,      0.2314865628,                 0,                 0,                 0,     0.03132005323,      0.0292411699,       0.232179708,                 0,       6.749039759
          0,           0,         337,       -10.5068661,      -11.29614885,      -11.00936581,       -9.95684743,             0.448,     0.03429918493,      0.2314865626,                 0,                 0,                 0,     0.03132005313,      0.0292411699,      0.2321797078,                 0,       6.749039754
          0,           0,         338,      -10.52405398,      -11.31723794,      -11.02351956,      -9.974029084,             0.448,     0.03429918493,      0.2314865624,                 0,                 0,                 0,     0.03132005304,      0.0292411699,      0.2321797077,                 0,       6.749039749
          0,           0,         339,      -10.54118918,      -11.33837048,      -11.03756989,       -9.99115721,             0.448,     0.03429918493,      0.2314865622,                 0,                 0,                 0,     0.03132005294,     0.02924116991,      0.2321797075,                 0,       6.749039744
          0,           0,         340,       -10.5582646,      -11.35941568,      -11.05162336,      -10.00822577,             0.448,     0.03429918492,      0.2314865621,                 0,                 0,                 0,     0.03132005285,     0.02924116991,      0.2321797073,                 0,       6.749039739
          0,           0,         341,       -10.5752747,      -11.38023735,      -11.06578285,      -10.02523029,             0.448,     0.03429918492,      0.2314865619,                 0,                 0,                 0,     0.03132005276,     0.02924116991,      0.2321797071,                 0,       6.749039734
          0,           0,         342,      -10.59221562,      -11.40070179,      -11.08014441,      -10.04216785,             0.448,     0.03429918492,      0.2314865617,                 0,                 0,                 0,     0.03132005267,     0.02924116991,      0.2321797069,                 0,       6.749039729
          0,           0,         343,       -10.6090852,       -11.4206828,      -11.09479456,      -10.05903706,             0.448,     0.03429918491,      0.2314865615,                 0,                 0,                 0,     0.03132005259,     0.02924116991,      0.2321797067,                 0,       6.749039725
          0,           0,         344,      -10.62588293,      -11.44006953,      -11.10980808,      -10.07583806,             0.448,      0.0342991849,      0.2314865613,                 0,                 0,                 0,     0.03132005252,      0.0292411699,      0.2321797066,                 0,       6.749039721
          0,           0,         345,      -10.64260999,      -11.45877437,      -11.12524679,      -10.09257242,             0.448,      0.0342991849,      0.2314865611,                 0,                 0,                 0,     0.03132005244,      0.0292411699,      0.2321797064,                 0,       6.749039717
          0,           0,         346,      -10.65926914,      -11.47673946,      -11.14115802,       -10.1092431,             0.448,     0.03429918489,       0.231486561,                 0,                 0,                 0,     0.03132005238,      0.0292411699,      0.2321797062,                 0,       6.749039713
          0,           0,         347,      -10.67586459,      -11.49393882,      -11.15757402,      -10.12585423,             0.448,     0.03429918488,      0.2314865608,                 0,                 0,                 0,     0.03132005232,      0.0292411699,       0.232179706,                 0,        6.74903971
          0,           0,         348,      -10.69240181,      -11.51038432,      -11.17451115,      -10.14241106,             0.448,     0.03429918488,      0.2314865607,                 0,                 0,                 0,     0.03132005226,     0.02924116989,      0.2321797059,                 0,       6.749039707
          0,           0,         349,      -10.70888739,       -11.5261225,      -11.19196964,      -10.15891971,             0.448,     0.03429918487,      0.2314865605,                 0,                 0,                 0,     0.03132005221,     0.02924116989,      0.2321797058,                 0,       6.749039704
          0,           0,         350,      -10.72532887,      -11.54123062,      -11.20993344,      -10.17538705,             0.448,     0.03429918486,      0.2314865604,                 0,                 0,                 0,     0.03132005217,     0.02924116988,      0.2321797056,                 0,       6.749039702
          0,           0,         351,       -10.7417345,      -11.55581253,         -11.22837,      -10.19182056,             0.448,     0.03429918485,      0.2314865603,                 0,                 0,                 0,     0.03132005213,     0.02924116988,      0.2321797055,                 0,         6.7490397
          0,           0,         352,      -10.75811305,      -11.56999089,      -11.24723109,       -10.2082281,             0.448,     0.03429918485,      0.2314865602,                 0,                 0,                 0,      0.0313200521,     0.02924116987,      0.2321797054,                 0,       6.749039698
          0,           0,         353,       -10.7744737,       -11.5838989,      -11.26645298,      -10.22461785,             0.448,     0.03429918484,      0.2314865601,                 0,                 0,                 0,     0.03132005208,     0.02924116987,      0.2321797053,                 0,       6.749039697
          0,           0,         354,       -10.7908257,      -11.59767429,      -11.28595767,      -10.24099811,             0.448,     0.03429918484,        0.23148656,                 0,                 0,                 0,     0.03132005206,     0.02924116987,      0.2321797052,                 0,       6.749039696
          0,           0,         355,      -10.80717823,      -11.61145089,      -11.30565421,      -10.25737707,             0.448,     0.03429918483,      0.2314865599,                 0,                 0,                 0,     0.03132005205,     0.02924116986,      0.2321797052,                 0,       6.749039695
          0,           0,         356,      -10.82354012,      -11.62535405,      -11.32544098,      -10.27376265,             0.448,     0.03429918483,      0.2314865599,                 0,                 0,                 0,     0.03132005204,     0.02924116986,      0.2321797051,                 0,       6.749039695
          0,           0,         357,      -10.83991966,      -11.63949892,      -11.34520849,      -10.29016235,             0.448,     0.03429918482,      0.2314865599,                 0,                 0,                 0,     0.03132005204,     0.02924116985,      0.2321797051,                 0,       6.749039695
          0,           0,         358,      -10.85632426,      -11.65398483,      -11.36484313,      -10.30658293,             0.448,     0.03429918482,      0.2314865598,                 0,                 0,                 0,     0.03132005204,     0.02924116985,      0.2321797051,                 0,       6.749039695
          0,           0,         359,      -10.87276032,       -11.6688958,      -11.38423181,      -10.32303027,             0.448,     0.03429918481,      0.2314865598,                 0,                 0,                 0,     0.03132005205,     0.02924116985,      0.2321797051,                 0,       6.749039695
          0,           0,         360,      -10.88923298,      -11.68429936,      -11.40326735,      -10.33950918,             0.448,     0.03429918481,      0.2314865598,                 0,                 0,                 0,     0.03132005206,     0.02924116984,      0.2321797051,                 0,       6.749039696
          0,           0,         361,      -10.90574582,      -11.70024198,      -11.42185378,      -10.35602315,             0.448,     0.03429918481,      0.2314865598,                 0,                 0,                 0,     0.03132005207,     0.02924116984,      0.2321797051,                 0,       6.749039696
          0,           0,         362,      -10.92230089,      -11.71675393,      -11.43991214,      -10.37257433,             0.448,     0.03429918481,      0.2314865598,                 0,                 0,                 0,     0.03132005209,     0.02924116984,      0.2321797051,                 0,       6.749039697
          0,           0,         363,       -10.9388985,       -11.7338474,      -11.45738502,       -10.3891634,             0.448,     0.03429918481,      0.2314865599,                 0,                 0,                 0,     0.03132005211,     0.02924116984,      0.2321797051,                 0,       6.749039698
          0,           0,         364,      -10.95553718,      -11.75151238,      -11.47424005,       -10.4057895,             0.448,      0.0342991848,      0.2314865599,                 0,                 0,                 0,     0.03132005213,     0.02924116984,      0.2321797051,                 0,       6.749039699
          0,           0,         365,      -10.97221372,      -11.76972162,      -11.49047141,      -10.42245022,             0.448,      0.0342991848,      0.2314865599,                 0,                 0,                 0,     0.03132005215,     0.02924116983,      0.2321797052,                 0,       6.749039701
          0,           0,         366,      -10.98892322,      -11.78842762,       -11.5060999,      -10.43914172,             0.448,      0.0342991848,        0.23148656,                 0,                 0,                 0,     0.03132005218,     0.02924116983,      0.2321797052,                 0,       6.749039702
          0,           0,         367,      -11.00565911,      -11.80756649,      -11.52117139,      -10.45585867,             0.448,     0.03429918481,        0.23148656,                 0,                 0,                 0,     0.03132005221,     0.02924116983,      0.2321797053,                 0,       6.749039703
          0,           0,         368,      -11.02241335,      -11.82705585,      -11.53575316,      -10.47259435,             0.448,     0.03429918481,      0.2314865601,                 0,                 0,                 0,     0.03132005223,     0.02924116983,      0.2321797053,                 0,       6.749039705
          0,           0,         369,      -11.03917663,      -11.84679763,      -11.54993005,      -10.48934083,             0.448,     0.03429918481,      0.2314865602,                 0,                 0,                 0,     0.03132005226,     0.02924116983,      0.2321797054,                 0,       6.749039706
          0,           0,         370,      -11.05593849,      -11.86667901,      -11.56379946,      -10.50608901,             0.448,     0.03429918481,      0.2314865602,                 0,                 0,                 0,     0.03132005229,     0.02924116983,      0.2321797055,                 0,       6.749039708
          0,           0,         371,      -11.07268763,      -11.88657795,       -11.5774664,      -10.52282889,             0.448,     0.03429918481,      0.2314865603,                 0,                 0,                 0,     0.03132005232,     0.02924116983,      0.2321797055,                 0,       6.749039709
          0,           0,         372,      -11.08941222,      -11.90636309,      -11.59103884,      -10.53954971,             0.448,     0.03429918481,      0.2314865604,                 0,                 0,                 0,     0.03132005235,     0.02924116984,      0.2321797056,                 0,       6.749039711
          0,           0,         373,      -11.10610016,      -11.92589835,      -11.60462287,      -10.55624027,             0.448,     0.03429918482,      0.2314865604,                 0,                 0,                 0,     0.03132005237,     0.02924116984,      0.2321797057,                 0,       6.749039712
          0,           0,         374,       -11.1227395,      -11.94505229,       -11.6183199,      -10.57288924,             0.448,     0.03429918482,      0.2314865605,                 0,                 0,                 0,      0.0313200524,     0.02924116984,      0.2321797057,                 0,       6.749039714
          0,           0,         375,      -11.13931884,      -11.96370139,      -11.63222277,      -10.58948536,             0.448,     0.03429918482,      0.2314865606,                 0,                 0,                 0,     0.03132005243,     0.02924116984,      0.2321797058,                 0,       6.749039715
          0,           0,         376,      -11.15582772,      -11.98173836,      -11.64641399,      -10.60601813,             0.448,     0.03429918482,      0.2314865606,                 0,                 0,                 0,     0.03132005245,     0.02924116984,      0.2321797059,                 0,       6.749039717
          0,           0,         377,      -11.17225695,      -11.99907687,      -11.66096441,      -10.62247788,             0.448,     0.03429918483,      0.2314865607,                 0,                 0,                 0,     0.03132005248,     0.02924116984,      0.2321797059,                 0,       6.749039718
          0,           0,         378,      -11.18859913,      -12.01566101,      -11.67593125,       -10.6388564,             0.448,     0.03429918483,      0.2314865607,                 0,                 0,                 0,      0.0313200525,     0.02924116984,       0.232179706,                 0,       6.749039719
          0,           0,         379,      -11.20484893,      -12.03147131,      -11.69135733,      -10.65514724,             0.448,     0.03429918483,      0.2314865608,                 0,                 0,                 0,     0.03132005252,     0.02924116984,       0.232179706,                 0,        6.74903972
          0,           0,         380,      -11.22100334,      -12.04651848,      -11.70727202,        -10.671346,             0.448,     0.03429918484,      0.2314865609,                 0,                 0,                 0,     0.03132005254,     0.02924116985,      0.2321797061,                 0,       6.749039721
          0,           0,         381,      -11.23706183,      -12.06085116,      -11.72368891,      -10.68745061,             0.448,     0.03429918484,      0.2314865609,                 0,                 0,                 0,     0.03132005256,     0.02924116985,      0.2321797062,                 0,       6.749039722
          0,           0,         382,      -11.25302659,       -12.0745524,      -11.74060661,      -10.70346167,             0.448,     0.03429918484,       0.231486561,                 0,                 0,                 0,     0.03132005258,     0.02924116985,      0.2321797062,                 0,       6.749039723
          0,           0,         383,      -11.26890247,       -12.0877224,      -11.75800896,      -10.71938232,             0.448,     0.03429918484,       0.231486561,                 0,                 0,                 0,     0.03132005259,     0.02924116985,      0.2321797063,                 0,       6.749039724
          0,           0,         384,      -11.28469684,      -12.10048865,      -11.77586444,      -10.73521825,             0.448,     0.03429918485,      0.2314865611,                 0,                 0,                 0,     0.03132005261,     0.02924116985,      0.2321797063,                 0,       6.749039725
          0,           0,         385,      -11.30041959,      -12.11298992,      -11.79412703,      -10.75097788,             0.448,     0.03429918485,      0.2314865611,                 0,                 0,                 0,     0.03132005262,     0.02924116985,      0.2321797063,                 0,       6.749039726
          0,           0,         386,      -11.31608281,      -12.12536307,      -11.81273675,      -10.76667194,             0.448,     0.03429918485,      0.2314865611,                 0,                 0,                 0,     0.03132005263,     0.02924116986,      0.2321797064,                 0,       6.749039726
          0,           0,         387,      -11.33170038,      -12.13774963,      -11.83162094,      -10.78231328,             0.448,     0.03429918485,      0.2314865612,                 0,                 0,                 0,     0.03132005264,     0.02924116986,      0.2321797064,                 0,       6.749039727
          0,           0,         388,      -11.34728763,      -12.15027917,      -11.85069547,      -10.79791638,             0.448,     0.03429918485,      0.2314865612,                 0,                 0,                 0,     0.03132005265,     0.02924116986,      0.2321797064,                 0,       6.749039727
          0,           0,         389,      -11.36286086,      -12.16307135,      -11.86986658,      -10.81349704,             0.448,     0.03429918486,      0.2314865612,                 0,                 0,                 0,     0.03132005265,     0.02924116986,      0.2321797065,                 0,       6.749039727
          0,           0,         390,      -11.37843671,      -12.17623288,      -11.88903355,      -10.82907184,             0.448,     0.03429918486,      0.2314865612,                 0,                 0,                 0,     0.03132005266,     0.02924116986,      0.2321797065,                 0,       6.749039728
          0,           0,         391,      -11.39403183,      -12.18985086,      -11.90809231,      -10.84465743,             0.448,     0.03429918486,      0.2314865613,                 0,                 0,                 0,     0.03132005266,     0.02924116986,      0.2321797065,                 0,       6.749039728
          0,           0,         392,      -11.40966211,      -12.20400337,      -11.92693894,      -10.86027042,             0.448,     0.03429918486,      0.2314865613,                 0,                 0,                 0,     0.03132005266,     0.02924116986,      0.2321797065,                 0,       6.749039728
          0,           0,         393,      -11.42534215,      -12.21874646,      -11.94547452,      -10.87592591,             0.448,     0.03429918486,      0.2314865613,                 0,                 0,                 0,     0.03132005266,     0.02924116986,      0.2321797065,                 0,       6.749039728
          0,           0,         394,      -11.44108509,       -12.2341205,      -11.96360993,      -10.89163815,             0.448,     0.03429918486,      0.2314865613,                 0,                 0,                 0,     0.03132005266,     0.02924116986,      0.2321797065,                 0,       6.749039728
          0,           0,         395,      -11.45690168,      -12.25015045,      -11.98127045,       -10.9074192,             0.448,     0.03429918486,      0.2314865613,                 0,                 0,                 0,     0.03132005266,     0.02924116987,      0.2321797065,                 0,       6.749039728
          0,           0,         396,      -11.47280007,       -12.2668422,      -11.99840034,      -10.92327869,             0.448,     0.03429918487,      0.2314865613,                 0,                 0,                 0,     0.03132005266,     0.02924116987,      0.2321797065,                 0,       6.749039728
          0,           0,         397,      -11.48878588,      -12.28418886,      -12.01496578,      -10.93922381,             0.448,     0.03429918487,      0.2314865613,                 0,                 0,                 0,     0.03132005265,     0.02924116987,      0.2321797065,                 0,       6.749039728
          0,           0,         398,      -11.50486147,      -12.30215908,      -12.03095689,       -10.9552588,             0.448,     0.03429918487,      0.2314865613,                 0,                 0,                 0,     0.03132005265,     0.02924116987,      0.2321797065,                 0,       6.749039728
          0,           0,         399,       -11.5210259,      -12.32071485,      -12.04638811,      -10.97138441,             0.448,     0.03429918487,      0.2314865613,                 0,                 0,                 0,     0.03132005265,     0.02924116987,      0.2321797065,                 0,       6.749039728
          0,           0,         400,      -11.53727552,      -12.33979234,      -12.06129579,      -10.98759889,             0.448,     0.03429918487,      0.2314865613,                 0,                 0,                 0,     0.03132005264,     0.02924116987,      0.2321797065,                 0,       6.749039727
          0,           0,         401,        -11.553603,      -12.35931078,      -12.07573787,      -11.00389672,             0.448,     0.03429918487,      0.2314865613,                 0,                 0,                 0,     0.03132005264,     0.02924116987,      0.2321797065,                 0,       6.749039727
          0,           0,         402,      -11.56999844,      -12.37918034,      -12.08978737,      -11.02026983,             0.448,     0.03429918487,      0.2314865613,                 0,                 0,                 0,     0.03132005263,     0.02924116987,      0.2321797065,                 0,       6.749039727
          0,           0,         403,      -11.58644878,      -12.39929426,      -12.10352978,       -11.0367065,             0.448,     0.03429918487,      0.2314865613,                 0,                 0,                 0,     0.03132005262,     0.02924116987,      0.2321797065,                 0,       6.749039727
          0,           0,         404,        -11.602939,      -12.41953147,      -12.11705825,      -11.05319307,             0.448,     0.03429918487,      0.2314865612,                 0,                 0,                 0,     0.03132005262,     0.02924116987,      0.2321797065,                 0,       6.749039726
          0,           0,         405,      -11.61945168,      -12.43976077,      -12.13046932,      -11.06971298,             0.448,     0.03429918487,      0.2314865612,                 0,                 0,                 0,     0.03132005261,     0.02924116987,      0.2321797065,                 0,       6.749039726
          0,           0,         406,      -11.63596807,      -12.45984479,      -12.14385874,      -11.08624794,             0.448,     0.03429918487,      0.2314865612,                 0,                 0,                 0,     0.03132005261,     0.02924116987,      0.2321797065,                 0,       6.749039726
          0,           0,         407,      -11.65246848,      -12.47964733,      -12.15731833,      -11.10277843,             0.448,     0.03429918487,      0.2314865612,                 0,                 0,                 0,      0.0313200526,     0.02924116987,      0.2321797065,                 0,       6.749039725
          0,           0,         408,      -11.66893271,       -12.4990283,      -12.17093424,      -11.11928381,             0.448,     0.03429918487,      0.2314865612,                 0,                 0,                 0,     0.03132005259,     0.02924116987,      0.2321797064,                 0,       6.749039725
          0,           0,         409,      -11.68534123,      -12.51787382,      -12.18478275,      -11.13574356,             0.448,     0.03429918487,      0.2314865612,                 0,                 0,                 0,     0.03132005259,     0.02924116987,      0.2321797064,                 0,       6.749039725
          0,           0,         410,      -11.70167552,      -12.53607154,      -12.19893065,      -11.15213789,             0.448,     0.03429918487,      0.2314865612,                 0,                 0,                 0,     0.03132005258,     0.02924116987,      0.2321797064,                 0,       6.749039724
          0,           0,         411,      -11.71791837,      -12.55353924,      -12.21343216,      -11.16844779,             0.448,     0.03429918486,      0.2314865612,                 0,                 0,                 0,     0.03132005257,     0.02924116987,      0.2321797064,                 0,       6.749039724
          0,           0,         412,      -11.73405579,      -12.57022945,      -12.22833069,      -11.18465699,             0.448,     0.03429918486,      0.2314865611,                 0,                 0,                 0,     0.03132005257,     0.02924116987,      0.2321797064,                 0,       6.749039724
          0,           0,         413,      -11.75007627,      -12.58612095,      -12.24365621,      -11.20075161,             0.448,     0.03429918486,      0.2314865611,                 0,                 0,                 0,     0.03132005256,     0.02924116987,      0.2321797064,                 0,       6.749039724
          0,           0,         414,      -11.76597201,      -12.60123198,      -12.25942531,      -11.21672135,             0.448,     0.03429918486,      0.2314865611,                 0,                 0,                 0,     0.03132005256,     0.02924116987,      0.2321797064,                 0,       6.749039723
          0,           0,         415,      -11.78173916,      -12.61561014,      -12.27564168,      -11.23255957,             0.448,     0.03429918486,      0.2314865611,                 0,                 0,                 0,     0.03132005255,     0.02924116987,      0.2321797064,                 0,       6.749039723
          0,           0,         416,      -11.79737779,      -12.62934545,      -12.29229611,      -11.24826389,             0.448,     0.03429918486,      0.2314865611,                 0,                 0,                 0,     0.03132005255,     0.02924116987,      0.2321797063,                 0,       6.749039723
          0,           0,         417,      -11.81289218,       -12.6425444,      -12.30936582,      -11.26383619,             0.448,     0.03429918486,      0.2314865611,                 0,                 0,                 0,     0.03132005255,     0.02924116987,      0.2321797063,                 0,       6.749039723
          0,           0,         418,      -11.82829093,      -12.65533109,      -12.32681433,      -11.27928323,             0.448,     0.03429918486,      0.2314865611,                 0,                 0,                 0,     0.03132005254,     0.02924116987,      0.2321797063,                 0,       6.749039723
          0,           0,         419,      -11.84358578,      -12.66783748,      -12.34459519,      -11.29461503,             0.448,     0.03429918486,      0.2314865611,                 0,                 0,                 0,     0.03132005254,     0.02924116987,      0.2321797063,                 0,       6.749039722
          0,           0,         420,      -11.85879302,      -12.68020443,      -12.36264795,      -11.30984661,             0.448,     0.03429918486,      0.2314865611,                 0,                 0,                 0,     0.03132005254,     0.02924116987,      0.2321797063,                 0,       6.749039722
          0,           0,         421,      -11.87393067,      -12.69256186,      -12.38090399,       -11.3249953,             0.448,     0.03429918486,      0.2314865611,                 0,                 0,                 0,     0.03132005253,     0.02924116987,      0.2321797063,                 0,       6.749039722
          0,           0,         422,      -11.88901934,      -12.70504537,      -12.39928484,      -11.34008177,             0.448,     0.03429918486,      0.2314865611,                 0,                 0,                 0,     0.03132005253,     0.02924116987,      0.2321797063,                 0,       6.749039722
          0,           0,         423,      -11.90408087,      -12.71775987,      -12.41770579,      -11.35512829,             0.448,     0.03429918486,       0.231486561,                 0,                 0,                 0,     0.03132005253,     0.02924116987,      0.2321797063,                 0,       6.749039722
          0,           0,         424,       -11.9191378,      -12.73080999,      -12.43607844,      -11.37015798,             0.448,     0.03429918486,       0.231486561,                 0,                 0,                 0,     0.03132005253,     0.02924116987,      0.2321797063,                 0,       6.749039722
          0,           0,         425,      -11.93421263,      -12.74427985,      -12.45431153,      -11.38519464,             0.448,     0.03429918486,       0.231486561,                 0,                 0,                 0,     0.03132005253,     0.02924116987,      0.2321797063,                 0,       6.749039722
          0,           0,         426,      -11.94932655,       -12.7582485,      -12.47231679,      -11.40026117,             0.448,     0.03429918486,       0.231486561,                 0,                 0,                 0,     0.03132005253,     0.02924116987,      0.2321797063,                 0,       6.749039722
          0,           0,         427,       -11.9644993,      -12.77274132,      -12.49001341,      -11.41537903,             0.448,     0.03429918486,       0.231486561,                 0,                 0,                 0,     0.03132005253,     0.02924116987,      0.2321797063,                 0,       6.749039722
          0,           0,         428,      -11.97974819,      -12.78782083,      -12.50732846,      -11.43056781,             0.448,     0.03429918486,       0.231486561,                 0,                 0,                 0,     0.03132005253,     0.02924116987,      0.2321797063,                 0,       6.749039722
          0,           0,         429,      -11.99508728,      -12.80348732,       -12.5242055,      -11.44584401,             0.448,     0.03429918486,       0.231486561,                 0,                 0,                 0,     0.03132005253,     0.02924116987,      0.2321797063,                 0,       6.749039722
          0,           0,         430,      -12.01052743,      -12.81975357,      -12.54060252,       -11.4612205,             0.448,     0.03429918486,       0.231486561,                 0,                 0,                 0,     0.03132005253,     0.02924116987,      0.2321797063,                 0,       6.749039722
          0,           0,         431,       -12.0260765,      -12.83659491,      -12.55649913,      -11.47670775,             0.448,     0.03429918486,       0.231486561,                 0,                 0,                 0,     0.03132005253,     0.02924116987,      0.2321797063,                 0,       6.749039722
          0,           0,         432,      -12.04173719,      -12.85396993,      -12.57189355,      -11.49231089,             0.448,     0.03429918486,       0.231486561,                 0,                 0,                 0,     0.03132005253,     0.02924116987,      0.2321797063,                 0,       6.749039722
          0,           0,         433,      -12.05750866,      -12.87183642,      -12.58680376,      -11.50803119,             0.448,     0.03429918486,       0.231486561,                 0,                 0,                 0,     0.03132005253,     0.02924116987,      0.2321797063,                 0,       6.749039722
          0,           0,         434,      -12.07338637,      -12.89012398,       -12.6012697,      -11.52386582,             0.448,     0.03429918486,       0.231486561,                 0,                 0,                 0,     0.03132005253,     0.02924116987,      0.2321797063,                 0,       6.749039722
          0,           0,         435,      -12.08936135,      -12.90875685,      -12.61534389,      -11.53980834,             0.448,     0.03429918486,       0.231486561,                 0,                 0,                 0,     0.03132005254,     0.02924116987,      0.2321797063,                 0,       6.749039722
          0,           0,         436,      -12.10542074,      -12.92764278,      -12.62909338,      -11.55584737,             0.448,     0.03429918486,       0.231486561,                 0,                 0,                 0,     0.03132005254,     0.02924116987,      0.2321797063,                 0,       6.749039722
          0,           0,         437,      -12.12154913,      -12.94664892,      -12.64259459,      -11.57196834,             0.448,     0.03429918486,      0.2314865611,                 0,                 0,                 0,     0.03132005254,     0.02924116987,      0.2321797063,                 0,       6.749039722
          0,           0,         438,      -12.13772736,      -12.96568451,      -12.65592862,      -11.58815286,             0.448,     0.03429918486,      0.2314865611,                 0,                 0,                 0,     0.03132005254,     0.02924116987,      0.2321797063,                 0,       6.749039722
          0,           0,         439,      -12.15393447,      -12.98461234,      -12.66917793,      -11.60438049,             0.448,     0.03429918486,      0.2314865611,                 0,                 0,                 0,     0.03132005254,     0.02924116987,      0.2321797063,                 0,       6.749039722
          0,           0,         440,      -12.17014772,      -13.00331365,      -12.68242544,       -11.6206281,             0.448,     0.03429918486,      0.2314865611,                 0,                 0,                 0,     0.03132005254,     0.02924116987,      0.2321797063,                 0,       6.749039722
          0,           0,         441,       -12.1863436,      -13.02165095,       -12.6957514,      -11.63687125,             0.448,     0.03429918486,      0.2314865611,                 0,                 0,                 0,     0.03132005255,     0.02924116987,      0.2321797063,                 0,       6.749039722
          0,           0,         442,      -12.20249808,      -13.03953015,      -12.70922444,      -11.65308461,             0.448,     0.03429918486,      0.2314865611,                 0,                 0,                 0,     0.03132005255,     0.02924116987,      0.2321797063,                 0,       6.749039723
          0,           0,         443,      -12.21858824,       -13.0568393,      -12.72291439,      -11.66924357,             0.448,     0.03429918486,      0.2314865611,                 0,                 0,                 0,     0.03132005255,     0.02924116987,      0.2321797063,                 0,       6.749039723
          0,           0,         444,      -12.23459318,      -13.07351166,      -12.73687404,      -11.68532427,             0.448,     0.03429918486,      0.2314865611,                 0,                 0,                 0,     0.03132005255,     0.02924116987,      0.2321797063,                 0,       6.749039723
          0,           0,         445,      -12.25049391,      -13.08949122,      -12.75115069,      -11.70130586,             0.448,     0.03429918486,      0.2314865611,                 0,                 0,                 0,     0.03132005255,     0.02924116987,      0.2321797063,                 0,       6.749039723
          0,           0,         446,       -12.2662745,        -13.104762,       -12.7657784,      -11.71716848,             0.448,     0.03429918486,      0.2314865611,                 0,                 0,                 0,     0.03132005256,     0.02924116987,      0.2321797063,                 0,       6.749039723
          0,           0,         447,      -12.28192385,      -13.11932096,      -12.78078387,      -11.73289865,             0.448,     0.03429918486,      0.2314865611,                 0,                 0,                 0,     0.03132005256,     0.02924116987,      0.2321797063,                 0,       6.749039723
          0,           0,         448,      -12.29743412,      -13.13322466,      -12.79617833,      -11.74848495,             0.448,     0.03429918486,      0.2314865611,                 0,                 0,                 0,     0.03132005256,     0.02924116987,      0.2321797063,                 0,       6.749039723
          0,           0,         449,      -12.31280394,      -13.14652914,      -12.81196466,      -11.76392318,             0.448,     0.03429918486,      0.2314865611,                 0,                 0,                 0,     0.03132005256,     0.02924116987,      0.2321797063,                 0,       6.749039723
          0,           0,         450,      -12.32803548,      -13.15932166,      -12.82813329,      -11.77921314,             0.448,     0.03429918486,      0.2314865611,                 0,                 0,                 0,     0.03132005256,     0.02924116987,      0.2321797063,                 0,       6.749039723
          0,           0,         451,      -12.34313603,      -13.17172651,      -12.84466322,      -11.79435905,             0.448,     0.03429918486,      0.2314865611,                 0,                 0,                 0,     0.03132005256,     0.02924116987,      0.2321797063,                 0,       6.749039723
          0,           0,         452,      -12.35811832,       -13.1838623,       -12.8615231,      -11.80937284,             0.448,     0.03429918486,      0.2314865611,                 0,                 0,                 0,     0.03132005256,     0.02924116987,      0.2321797063,                 0,       6.749039723
          0,           0,         453,      -12.37299821,      -13.19584391,      -12.87867005,      -11.82426859,             0.448,     0.03429918486,      0.2314865611,                 0,                 0,                 0,     0.03132005257,     0.02924116987,      0.2321797064,                 0,       6.749039723
          0,           0,         454,      -12.38779641,      -13.20779485,      -12.89605667,      -11.83906747,             0.448,     0.03429918486,      0.2314865611,                 0,                 0,                 0,     0.03132005257,     0.02924116987,      0.2321797064,                 0,       6.749039724
          0,           0,         455,      -12.40253515,      -13.21983006,      -12.91362227,      -11.85379088,             0.448,     0.03429918486,      0.2314865611,                 0,                 0,                 0,     0.03132005257,     0.02924116987,      0.2321797064,                 0,       6.749039724
          0,           0,         456,       -12.4172403,      -13.23205919,      -12.93130217,      -11.86846547,             0.448,     0.03429918486,      0.2314865611,                 0,                 0,                 0,     0.03132005257,     0.02924116987,      0.2321797064,                 0,       6.749039724
          0,           0,         457,       -12.4319369,      -13.24461663,      -12.94902371,      -11.88311777,             0.448,     0.03429918486,      0.2314865611,                 0,                 0,                 0,     0.03132005257,     0.02924116987,      0.2321797064,                 0,       6.749039724
          0,           0,         458,      -12.44665132,      -13.25755166,      -12.96670988,      -11.89777739,             0.448,     0.03429918486,      0.2314865611,                 0,                 0,                 0,     0.03132005257,     0.02924116987,      0.2321797064,                 0,       6.749039724
          0,           0,         459,      -12.46140947,      -13.27093319,      -12.98429133,      -11.91247024,             0.448,     0.03429918486,      0.2314865611,                 0,                 0,                 0,     0.03132005257,     0.02924116987,      0.2321797064,                 0,       6.749039724
          0,           0,         460,      -12.47623442,      -13.28480793,      -13.00169065,      -11.92722273,             0.448,     0.03429918486,      0.2314865611,                 0,                 0,                 0,     0.03132005257,     0.02924116987,      0.2321797064,                 0,       6.749039724
          0,           0,         461,       -12.4911477,      -13.29924497,      -13.01883741,      -11.94205922,             0.448,     0.03429918486,      0.2314865611,                 0,                 0,                 0,     0.03132005257,     0.02924116987,      0.2321797064,                 0,       6.749039724
          0,           0,         462,      -12.50616663,      -13.31426529,       -13.0356735,      -11.95699909,             0.448,     0.03429918486,      0.2314865611,                 0,                 0,                 0,     0.03132005257,     0.02924116987,      0.2321797064,                 0,       6.749039724
          0,           0,         463,      -12.52130667,      -13.32985492,      -13.05215047,      -11.97206153,             0.448,     0.03429918486,      0.2314865611,                 0,                 0,                 0,     0.03132005257,     0.02924116987,      0.2321797064,                 0,       6.749039724
          0,           0,         464,      -12.53657751,      -13.34603824,      -13.06823104,      -11.98725804,             0.448,     0.03429918486,      0.2314865611,                 0,                 0,                 0,     0.03132005257,     0.02924116987,      0.2321797064,                 0,       6.749039724
          0,           0,         465,      -12.55198535,      -13.36277591,      -13.08389753,       -12.0025976,             0.448,     0.03429918486,      0.2314865611,                 0,                 0,                 0,     0.03132005257,     0.02924116987,      0.2321797064,                 0,       6.749039724
          0,           0,         466,      -12.56753239,      -13.38001261,      -13.09914385,      -12.01808409,             0.448,     0.03429918486,      0.2314865611,                 0,                 0,                 0,     0.03132005257,     0.02924116987,      0.2321797064,                 0,       6.749039724
          0,           0,         467,      -12.58321434,      -13.39777986,      -13.11398612,      -12.03371702,             0.448,     0.03429918486,      0.2314865611,                 0,                 0,                 0,     0.03132005257,     0.02924116987,      0.2321797064,                 0,       6.749039724
          0,           0,         468,      -12.59902434,      -13.41591885,      -13.12845108,      -12.04949008,             0.448,     0.03429918486,      0.2314865611,                 0,                 0,                 0,     0.03132005257,     0.02924116987,      0.2321797064,                 0,       6.749039724
          0,           0,         469,      -12.61495039,      -13.43439109,      -13.14258439,        -12.065394,             0.448,     0.03429918486,      0.2314865611,                 0,                 0,                 0,     0.03132005257,     0.02924116987,      0.2321797064,                 0,       6.749039724
          0,           0,         470,      -12.63097613,      -13.45307941,      -13.15643636,      -12.08141156,             0.448,     0.03429918486,      0.2314865611,                 0,                 0,                 0,     0.03132005257,     0.02924116987,      0.2321797064,                 0,       6.749039724
          0,           0,         471,      -12.64708236,      -13.47189882,      -13.17006879,      -12.09752438,             0.448,     0.03429918486,      0.2314865611,                 0,                 0,                 0,     0.03132005257,     0.02924116987,      0.2321797064,                 0,       6.749039724
          0,           0,         472,      -12.66324722,      -13.49072795,      -13.18355254,      -12.11371259,             0.448,     0.03429918486,      0.2314865611,                 0,                 0,                 0,     0.03132005257,     0.02924116987,      0.2321797064,                 0,       6.749039724
          0,           0,         473,      -12.67944457,      -13.50948972,        -13.196956,      -12.12994822,             0.448,     0.03429918486,      0.2314865611,                 0,                 0,                 0,     0.03132005257,     0.02924116987,      0.2321797064,                 0,       6.749039724
          0,           0,         474,      -12.69564864,      -13.52801745,      -13.21034973,      -12.14620408,             0.448,     0.03429918486,      0.2314865611,                 0,                 0,                 0,     0.03132005257,     0.02924116987,      0.2321797064,                 0,       6.749039724
          0,           0,         475,      -12.71183435,      -13.54619796,      -13.22380045,      -12.16245434,             0.448,     0.03429918486,      0.2314865611,                 0,                 0,                 0,     0.03132005257,     0.02924116987,      0.2321797064,                 0,       6.749039724
          0,           0,         476,      -12.72797242,      -13.56397239,      -13.23737237,      -12.17866662,             0.448,     0.03429918486,      0.2314865611,                 0,                 0,                 0,     0.03132005256,     0.02924116987,      0.2321797064,                 0,       6.749039724
          0,           0,         477,      -12.74404031,      -13.58121715,      -13.25111576,      -12.19481667,             0.448,     0.03429918486,      0.2314865611,                 0,                 0,                 0,     0.03132005256,     0.02924116987,      0.2321797064,                 0,       6.749039724
          0,           0,         478,      -12.76001327,      -13.59789117,      -13.26509565,      -12.21087587,             0.448,     0.03429918486,      0.2314865611,                 0,                 0,                 0,     0.03132005256,     0.02924116987,      0.2321797064,                 0,       6.749039724
          0,           0,         479,      -12.77587282,      -13.61389302,      -13.27934571,      -12.22682381,             0.448,     0.03429918486,      0.2314865611,                 0,                 0,                 0,     0.03132005256,     0.02924116987,      0.2321797064,                 0,       6.749039723
          0,           0,         480,      -12.79160229,      -13.62924919,      -13.29389378,      -12.24263868,             0.448,     0.03429918486,      0.2314865611,                 0,                 0,                 0,     0.03132005256,     0.02924116987,      0.2321797064,                 0,       6.749039723
          0,           0,         481,      -12.80719052,      -13.64401245,      -13.30876807,      -12.25830664,             0.448,     0.03429918486,      0.2314865611,                 0,                 0,                 0,     0.03132005256,     0.02924116987,      0.2321797064,                 0,       6.749039723
          0,           0,         482,      -12.82263156,      -13.65809637,      -13.32398305,      -12.27382047,             0.448,     0.03429918486,      0.2314865611,                 0,                 0,                 0,     0.03132005256,     0.02924116987,      0.2321797064,                 0,       6.749039723
          0,           0,         483,      -12.83792416,      -13.67166886,      -13.33954625,      -12.28917412,             0.448,     0.03429918486,      0.2314865611,                 0,                 0,                 0,     0.03132005256,     0.02924116987,      0.2321797064,                 0,       6.749039723
          0,           0,         484,      -12.85307394,      -13.68477368,      -13.35544905,      -12.30437018,             0.448,     0.03429918486,      0.2314865611,                 0,                 0,                 0,     0.03132005256,     0.02924116987,      0.2321797064,                 0,       6.749039723
          0,           0,         485,      -12.86808927,      -13.69751243,      -13.37167403,      -12.31941721,             0.448,     0.03429918486,      0.2314865611,                 0,                 0,                 0,     0.03132005256,     0.02924116987,      0.2321797064,                 0,       6.749039723
          0,           0,         486,      -12.88298768,      -13.71000079,      -13.38820046,       -12.3343306,             0.448,     0.03429918486,      0.2314865611,                 0,                 0,                 0,     0.03132005256,     0.02924116987,      0.2321797064,                 0,       6.749039723
          0,           0,         487,      -12.89778613,      -13.72227685,      -13.40499261,      -12.34912635,             0.448,     0.03429918486,      0.2314865611,                 0,                 0,                 0,     0.03132005256,     0.02924116987,      0.2321797064,                 0,       6.749039723
          0,           0,         488,      -12.91250848,      -13.73460585,      -13.42201276,      -12.36383047,             0.448,     0.03429918486,      0.2314865611,                 0,                 0,                 0,     0.03132005256,     0.02924116987,      0.2321797064,                 0,       6.749039723
          0,           0,         489,      -12.92717914,      -13.74695751,       -13.4392102,      -12.37846586,             0.448,     0.03429918486,      0.2314865611,                 0,                 0,                 0,     0.03132005256,     0.02924116987,      0.2321797064,                 0,       6.749039723
          0,           0,         490,      -12.94182569,      -13.75948426,      -13.45652789,      -12.39306307,             0.448,     0.03429918486,      0.2314865611,                 0,                 0,                 0,     0.03132005256,     0.02924116987,      0.2321797063,                 0,       6.749039723
          0,           0,         491,      -12.95647765,      -13.77233683,      -13.47389852,      -12.40765439,             0.448,     0.03429918486,      0.2314865611,                 0,                 0,                 0,     0.03132005256,     0.02924116987,      0.2321797063,                 0,       6.749039723
          0,           0,         492,      -12.97115837,      -13.78543397,      -13.49126746,      -12.42226536,             0.448,     0.03429918486,      0.2314865611,                 0,                 0,                 0,     0.03132005256,     0.02924116987,      0.2321797063,                 0,       6.749039723
          0,           0,         493,      -12.98589643,      -13.79903528,      -13.50856366,      -12.43692437,             0.448,     0.03429918486,      0.2314865611,                 0,                 0,                 0,     0.03132005256,     0.02924116987,      0.2321797063,                 0,       6.749039723
          0,           0,         494,      -13.00071597,      -13.81295409,      -13.52571698,      -12.45166037,             0.448,     0.03429918486,      0.2314865611,                 0,                 0,                 0,     0.03132005256,     0.02924116987,      0.2321797063,                 0,       6.749039723
