"Time_Iter","Outer_Iter","Inner_Iter",    "rms[Rho]"    ,    "rms[RhoU]"   ,    "rms[RhoV]"   ,    "rms[RhoE]"   ,    "RefForce"    ,       "CD"       ,       "CL"       ,       "CSF"      ,       "CMx"      ,       "CMy"      ,       "CMz"      ,       "CFx"      ,       "CFy"      ,       "CFz"      ,      "CEff"      
          0,           0,           0,      -4.571510445,       -4.51952217,      -5.314683127,      -3.975129017,             0.448,     0.01875529307,      0.2329422848,                 0,                 0,                 0,     0.00459046903,     0.01366922066,      0.2332959954,                 0,       12.42008237
          0,           0,           1,      -4.868482446,      -4.748108963,      -4.715775643,      -4.270973114,             0.448,     0.01278677942,      0.2301088715,                 0,                 0,                 0,  -0.0003099788871,    0.007763937936,       0.230333054,                 0,       17.99584273
          0,           0,           2,       -4.77534672,      -4.759577051,      -4.859297614,      -4.192534726,             0.448,     0.01245733594,       0.237881526,                 0,                 0,                 0,   7.071860516e-05,    0.007265013288,       0.238096672,                 0,       19.09569808
          0,           0,           3,      -4.734662459,       -4.79164493,      -4.794548322,      -4.154831878,             0.448,     0.01288272956,      0.2337661593,                 0,                 0,                 0,  -0.0004215035763,    0.007780081933,      0.2339915646,                 0,       18.14570104
          0,           0,           4,      -4.671193339,      -4.773409218,      -4.769376954,      -4.097795895,             0.448,      0.0126090713,      0.2278757743,                 0,                 0,                 0,   -0.001903461935,    0.007634986862,      0.2280966114,                 0,       18.07236781
          0,           0,           5,      -4.634352997,      -4.786110122,      -4.795553609,      -4.067457442,             0.448,     0.01268334729,      0.2271453447,                 0,                 0,                 0,   -0.001856411057,    0.007725179412,       0.227367976,                 0,       17.90894309
          0,           0,           6,      -4.594602239,      -4.812145069,      -4.837309994,      -4.031193912,             0.448,     0.01285852078,      0.2256681796,                 0,                 0,                 0,   -0.002516779545,    0.007932535401,      0.2258949839,                 0,       17.55008866
          0,           0,           7,      -4.564737748,      -4.800034093,      -4.824060968,      -4.003655131,             0.448,     0.01298508264,      0.2229060688,                 0,                 0,                 0,   -0.003350601283,    0.008119322281,      0.2231362913,                 0,       17.16631884
          0,           0,           8,      -4.542172879,      -4.788370104,      -4.828916312,      -3.983245434,             0.448,     0.01306937249,      0.2203735403,                 0,                 0,                 0,   -0.003735564091,    0.008258838891,      0.2206062042,                 0,       16.86183023
          0,           0,           9,      -4.527035493,      -4.815043892,      -4.855093591,      -3.969557628,             0.448,     0.01313105137,      0.2183765473,                 0,                 0,                 0,   -0.003850452658,    0.008364067259,      0.2186110319,                 0,        16.6305455
          0,           0,          10,      -4.510745054,      -4.835546263,      -4.884171111,      -3.953476056,             0.448,      0.0131971335,      0.2166105472,                 0,                 0,                 0,   -0.003904870598,    0.008468658752,      0.2168468937,                 0,       16.41345427
          0,           0,          11,      -4.492607688,      -4.838228999,      -4.899348321,      -3.935198395,             0.448,     0.01324847512,      0.2147736655,                 0,                 0,                 0,   -0.004021580224,     0.00856005952,      0.2150115691,                 0,       16.21119891
          0,           0,          12,      -4.477172683,      -4.833157428,      -4.921859774,      -3.918902397,             0.448,     0.01326189681,      0.2128765456,                 0,                 0,                 0,   -0.004188620984,    0.008614863468,      0.2131151935,                 0,       16.05174197
          0,           0,          13,      -4.473765944,      -4.828107763,      -4.952734558,      -3.913740306,             0.448,     0.01322803468,      0.2108774784,                 0,                 0,                 0,   -0.004398133108,    0.008624618819,      0.2111158633,                 0,       15.94170892
          0,           0,          14,      -4.485634564,      -4.827614716,      -4.975698772,      -3.923391418,             0.448,     0.01316910013,      0.2089070189,                 0,                 0,                 0,    -0.00462368469,    0.008608683639,      0.2091445871,                 0,       15.86342399
          0,           0,          15,       -4.51229563,      -4.839087366,      -4.990691719,      -3.947994049,             0.448,     0.01310248037,      0.2070194606,                 0,                 0,                 0,   -0.004860715955,    0.008583256601,      0.2072560246,                 0,       15.80002066
          0,           0,          16,      -4.548774957,      -4.864235439,       -5.00550528,      -3.982835699,             0.448,     0.01301965192,      0.2051024515,                 0,                 0,                 0,   -0.005155530753,    0.008542267199,      0.2053376649,                 0,       15.75329761
          0,           0,          17,      -4.591178919,      -4.896761058,      -5.024200644,      -4.024076824,             0.448,     0.01292505622,      0.2032038925,                 0,                 0,                 0,     -0.0054820722,    0.008489110851,      0.2034374941,                 0,        15.7217028
          0,           0,          18,      -4.640850403,      -4.930323251,      -5.044059827,      -4.073124908,             0.448,     0.01281355296,      0.2012897547,                 0,                 0,                 0,   -0.005846529097,     0.00841939082,      0.2015213794,                 0,       15.70912887
          0,           0,          19,      -4.694908546,      -4.964009865,      -5.065074238,      -4.127041651,             0.448,     0.01269872413,      0.1994441395,                 0,                 0,                 0,   -0.006202100853,    0.008344851202,      0.1996736984,                 0,        15.7058408
          0,           0,          20,      -4.751853888,       -4.99662433,      -5.091509696,      -4.184028735,             0.448,     0.01258761087,      0.1976935734,                 0,                 0,                 0,   -0.006532183089,    0.008271952787,       0.197921125,                 0,       15.70540871
          0,           0,          21,      -4.807999428,       -5.02794788,      -5.124781947,      -4.240707328,             0.448,     0.01248091551,      0.1960230077,                 0,                 0,                 0,    -0.00684179996,    0.008201726009,      0.1962486293,                 0,       15.70581963
          0,           0,          22,      -4.858587793,      -5.060201333,      -5.162720004,      -4.292619561,             0.448,     0.01238059876,       0.194431259,                 0,                 0,                 0,   -0.007127430282,    0.008136156953,      0.1946550709,                 0,       15.70451177
          0,           0,          23,      -4.899561954,       -5.09578758,      -5.200155356,      -4.336082754,             0.448,      0.0122920801,      0.1929512086,                 0,                 0,                 0,    -0.00737248014,    0.008079946481,      0.1931734418,                 0,       15.69719747
          0,           0,          24,      -4.927315695,      -5.135162213,      -5.233131979,       -4.36723477,             0.448,     0.01221564712,      0.1915802831,                 0,                 0,                 0,   -0.007577991725,    0.008033438278,      0.1918011751,                 0,        15.6831874
          0,           0,          25,      -4.941141996,      -5.176754021,      -5.260489293,      -4.384470468,             0.448,     0.01215036468,      0.1903118232,                 0,                 0,                 0,   -0.007748290823,    0.007995842675,       0.190531593,                 0,       15.66305443
          0,           0,          26,      -4.943767138,      -5.217682603,       -5.28363806,      -4.389515554,             0.448,     0.01209642101,       0.189151986,                 0,                 0,                 0,   -0.007883588548,    0.007967213557,       0.189370855,                 0,       15.63702073
          0,           0,          27,      -4.940033239,      -5.254416952,      -5.304785574,      -4.386916268,             0.448,     0.01205325453,      0.1881032006,                 0,                 0,                 0,   -0.007986644449,    0.007946936481,      0.1883213775,                 0,       15.60600917
          0,           0,          28,      -4.934120188,      -5.284860046,      -5.325732186,      -4.381100869,             0.448,     0.01201938832,      0.1871579591,                 0,                 0,                 0,   -0.008062614526,    0.007933698671,      0.1873756221,                 0,       15.57133808
          0,           0,          29,       -4.92967048,      -5.309075304,      -5.347594729,      -4.376198663,             0.448,     0.01199324905,      0.1863060403,                 0,                 0,                 0,   -0.008116127586,    0.007926150136,      0.1865233358,                 0,       15.53424259
          0,           0,          30,      -4.928850766,      -5.327959683,      -5.370804108,      -4.374653495,             0.448,     0.01197199963,      0.1855252439,                 0,                 0,                 0,   -0.008156096892,    0.007921938751,      0.1857422617,                 0,        15.4965962
          0,           0,          31,      -4.932946533,      -5.343276181,      -5.394729437,      -4.377878974,             0.448,     0.01195340742,       0.184797365,                 0,                 0,                 0,   -0.008188919377,    0.007919229561,      0.1850141505,                 0,       15.45980644
          0,           0,          32,      -4.943713915,      -5.356462944,      -5.420515283,      -4.387792407,             0.448,     0.01194063699,      0.1841588524,                 0,                 0,                 0,   -0.008202910487,    0.007920391244,      0.1843755112,                 0,       15.42286669
          0,           0,          33,      -4.957951553,      -5.369159441,      -5.446555343,      -4.401090453,             0.448,     0.01193135433,      0.1835987889,                 0,                 0,                 0,   -0.008204242959,    0.007923328514,      0.1838153785,                 0,       15.38792529
          0,           0,          34,      -4.975501766,      -5.382076482,      -5.471767222,      -4.417886802,             0.448,     0.01192306934,      0.1830956515,                 0,                 0,                 0,   -0.008198877036,    0.007926021388,        0.18331218,                 0,       15.35641924
          0,           0,          35,      -4.995875651,       -5.39554089,       -5.49782736,      -4.437592737,             0.448,     0.01191550082,      0.1826490292,                 0,                 0,                 0,   -0.008185804254,    0.007928197682,       0.182865499,                 0,       15.32869092
          0,           0,          36,      -5.017992664,       -5.40982473,      -5.524908184,      -4.459207683,             0.448,     0.01190770745,       0.182257014,                 0,                 0,                 0,   -0.008167594081,    0.007928957927,      0.1824734071,                 0,       15.30580213
          0,           0,          37,      -5.041343806,      -5.424870817,      -5.552522484,       -4.48229454,             0.448,     0.01189762052,      0.1819051293,                 0,                 0,                 0,   -0.008150515061,    0.007926549726,      0.1821213861,                 0,       15.28920249
          0,           0,          38,      -5.066281683,      -5.441135738,       -5.58213028,      -4.507101533,             0.448,     0.01188581419,      0.1815978473,                 0,                 0,                 0,   -0.008131925968,    0.007921449528,      0.1818139196,                 0,       15.27853662
          0,           0,          39,      -5.092917456,      -5.458189117,      -5.612609305,      -4.533716403,             0.448,     0.01187141705,      0.1813234625,                 0,                 0,                 0,   -0.008115283458,    0.007913041484,      0.1815392861,                 0,        15.2739527
          0,           0,          40,      -5.122933837,      -5.475665646,      -5.643804039,      -4.563908795,             0.448,     0.01185443623,      0.1810769855,                 0,                 0,                 0,   -0.008101396312,    0.007901441572,      0.1812924972,                 0,       15.27503983
          0,           0,          41,        -5.1548245,       -5.49387492,      -5.675846525,      -4.595932173,             0.448,      0.0118341609,      0.1808474165,                 0,                 0,                 0,   -0.008093636581,    0.007886179095,      0.1810625406,                 0,       15.28181152
          0,           0,          42,      -5.186835837,      -5.512365577,      -5.708657042,      -4.628088826,             0.448,     0.01181205958,      0.1806387259,                 0,                 0,                 0,   -0.008088250247,    0.007868635595,      0.1808534175,                 0,       15.29273745
          0,           0,          43,      -5.219015902,      -5.531136517,      -5.741023818,      -4.660524637,             0.448,     0.01178874108,      0.1804482541,                 0,                 0,                 0,   -0.008085024092,     0.00784947776,      0.1806624824,                 0,       15.30682987
          0,           0,          44,      -5.251325301,      -5.550456634,      -5.772286463,      -4.693170808,             0.448,     0.01176466665,      0.1802721722,                 0,                 0,                 0,   -0.008084268768,     0.00782925027,      0.1804859171,                 0,       15.32318573
          0,           0,          45,      -5.283282089,      -5.570543465,      -5.802189905,      -4.725588907,             0.448,     0.01174079306,       0.180109079,                 0,                 0,                 0,   -0.008084581852,     0.00780894022,      0.1803223419,                 0,       15.34045256
          0,           0,          46,       -5.31426823,      -5.591445868,      -5.830502658,       -4.75718023,             0.448,      0.0117176596,      0.1799587811,                 0,                 0,                 0,   -0.008085797993,    0.007789090993,      0.1801715751,                 0,       15.35791167
          0,           0,          47,      -5.343592949,      -5.613498426,      -5.857006123,      -4.787236983,             0.448,     0.01169556159,      0.1798188473,                 0,                 0,                 0,   -0.008088662965,    0.007770050885,      0.1800311927,                 0,       15.37496476
          0,           0,          48,      -5.370860496,      -5.637277527,      -5.881111916,      -4.815315498,             0.448,     0.01167498295,      0.1796874157,                 0,                 0,                 0,   -0.008093488521,    0.007752344309,      0.1798993434,                 0,       15.39080754
          0,           0,          49,      -5.395661582,      -5.663070579,      -5.902726317,      -4.840906256,             0.448,     0.01165640327,       0.179563624,                 0,                 0,                 0,   -0.008100351236,    0.007736469549,      0.1797751758,                 0,       15.40471961
          0,           0,          50,      -5.417673385,       -5.69097948,      -5.922246739,      -4.863652448,             0.448,     0.01164018575,      0.1794464343,                 0,                 0,                 0,    -0.00810945961,    0.007722812368,      0.1796576603,                 0,       15.41611433
          0,           0,          51,      -5.436767885,      -5.721072642,      -5.940238238,      -4.883398631,             0.448,     0.01162672454,      0.1793359666,                 0,                 0,                 0,   -0.008120510094,    0.007711764199,      0.1795469251,                 0,       15.42446164
          0,           0,          52,      -5.453071501,      -5.753197507,      -5.957314754,      -4.900238089,             0.448,     0.01161612647,      0.1792316143,                 0,                 0,                 0,   -0.008133556466,    0.007703445089,      0.1794423665,                 0,       15.42955087
          0,           0,          53,      -5.466860686,      -5.787124401,      -5.973503602,      -4.914429407,             0.448,     0.01160826601,      0.1791321754,                 0,                 0,                 0,   -0.008148842032,    0.007697755741,      0.1793427798,                 0,       15.43143268
          0,           0,          54,      -5.478485029,      -5.822548276,      -5.988653846,      -4.926319866,             0.448,     0.01160294394,      0.1790367662,                 0,                 0,                 0,   -0.008166270803,    0.007694516283,      0.1792472772,                 0,       15.43028796
          0,           0,          55,      -5.488384134,      -5.859097504,      -6.002650543,      -4.936364157,             0.448,     0.01159988961,      0.1789448012,                 0,                 0,                 0,    -0.00818560925,    0.007693468882,      0.1791552674,                 0,       15.42642277
          0,           0,          56,      -5.496939299,      -5.896281534,      -6.015647031,      -4.944953272,             0.448,     0.01159879637,      0.1788556435,                 0,                 0,                 0,   -0.008206651971,    0.007694320873,      0.1790661071,                 0,       15.42018997
          0,           0,          57,      -5.504586464,      -5.933542014,      -6.027985532,      -4.952554811,             0.448,     0.01159931582,       0.178768835,                 0,                 0,                 0,   -0.008229067018,     0.00769673391,      0.1789793306,                 0,       15.41201549
          0,           0,          58,        -5.5116993,      -5.970339835,      -6.039736239,      -4.959572569,             0.448,     0.01160105546,      0.1786839342,                 0,                 0,                 0,   -0.008252494111,    0.007700325243,       0.178894488,                 0,         15.402386
          0,           0,          59,      -5.518650014,      -6.006126102,      -6.051063551,      -4.966400368,             0.448,     0.01160361225,       0.178600851,                 0,                 0,                 0,   -0.008276453301,    0.007704693875,      0.1788114803,                 0,       15.39183205
          0,           0,          60,      -5.525778202,      -6.040449014,      -6.062448849,      -4.973407897,             0.448,     0.01160664337,      0.1785199116,                 0,                 0,                 0,   -0.008300382533,    0.007709489952,      0.1787306263,                 0,       15.38083888
          0,           0,          61,      -5.533357844,      -6.073063152,      -6.074003799,      -4.980894031,             0.448,     0.01160979622,      0.1784405943,                 0,                 0,                 0,   -0.008324074761,    0.007714372354,      0.1786513966,                 0,          15.36983
          0,           0,          62,      -5.541603425,      -6.103868052,      -6.085727929,      -4.989089116,             0.448,     0.01161273885,       0.178362723,                 0,                 0,                 0,    -0.00834720291,    0.007719013036,      0.1785736081,                 0,       15.35922966
          0,           0,          63,      -5.550727682,      -6.132913466,      -6.097912129,       -4.99823384,             0.448,     0.01161520578,      0.1782863296,                 0,                 0,                 0,   -0.008369396084,    0.007723145896,      0.1784972867,                 0,       15.34939053
          0,           0,          64,      -5.560806645,      -6.160464933,      -6.110651891,      -5.008424171,             0.448,     0.01161696812,      0.1782116284,                 0,                 0,                 0,   -0.008390305284,    0.007726537409,      0.1784226417,                 0,       15.34063162
          0,           0,          65,      -5.571881679,      -6.186797863,      -6.123792831,      -5.019709089,             0.448,     0.01161787173,      0.1781388404,                 0,                 0,                 0,   -0.008409672258,     0.00772902867,      0.1783498907,                 0,       15.33317328
          0,           0,          66,      -5.583876602,      -6.212101411,      -6.137294787,      -5.032018702,             0.448,      0.0116178503,      0.1780680979,                 0,                 0,                 0,   -0.008427384211,    0.007730550485,      0.1782791646,                 0,       15.32711244
          0,           0,          67,      -5.596661212,      -6.236558527,      -6.151435657,      -5.045236619,             0.448,     0.01161690186,      0.1779994813,                 0,                 0,                 0,    -0.00844341838,    0.007731099134,      0.1782105437,                 0,       15.32245718
          0,           0,          68,       -5.61006227,      -6.260318157,      -6.165959524,       -5.05919121,             0.448,     0.01161506493,      0.1779332554,                 0,                 0,                 0,    -0.00845772243,    0.007730707351,      0.1781442934,                 0,       15.31917871
          0,           0,          69,      -5.623904546,         -6.283344,      -6.180671722,      -5.073688538,             0.448,     0.01161242615,      0.1778697582,                 0,                 0,                 0,   -0.008470285921,    0.007729454385,      0.1780807537,                 0,       15.31719176
          0,           0,          70,      -5.637992118,      -6.305487395,      -6.195570984,      -5.088510103,             0.448,     0.01160911842,      0.1778091381,                 0,                 0,                 0,   -0.008481224528,    0.007727469856,      0.1780200759,                 0,       15.31633426
          0,           0,          71,      -5.652103772,      -6.326716826,      -6.210526565,      -5.103407067,             0.448,     0.01160529746,      0.1777513737,                 0,                 0,                 0,   -0.008490722114,    0.007724909929,       0.177962242,                 0,       15.31639963
          0,           0,          72,      -5.666069941,      -6.347065606,      -6.225402068,      -5.118174329,             0.448,     0.01160111527,      0.1776966772,                 0,                 0,                 0,   -0.008498905072,    0.007721921936,      0.1779074672,                 0,       15.31720641
          0,           0,          73,      -5.679776908,      -6.366589042,      -6.240073748,      -5.132658946,             0.448,     0.01159674356,      0.1776449018,                 0,                 0,                 0,   -0.008506048904,    0.007718680738,      0.1778556088,                 0,         15.318516
          0,           0,          74,      -5.693093747,      -6.385412322,       -6.25408404,      -5.146682906,             0.448,     0.01159233694,      0.1775957629,                 0,                 0,                 0,   -0.008512422974,    0.007715347128,      0.1778063854,                 0,       15.32010015
          0,           0,          75,      -5.705962581,      -6.403620731,      -6.267515826,        -5.1601457,             0.448,     0.01158801224,      0.1775492652,                 0,                 0,                 0,   -0.008518162099,    0.007712037797,      0.1777598044,                 0,       15.32180511
          0,           0,          76,      -5.718370407,      -6.421467358,      -6.280451907,      -5.173000793,             0.448,     0.01158386866,      0.1775052828,                 0,                 0,                 0,   -0.008523415046,    0.007708854671,      0.1777157421,                 0,       15.32348891
          0,           0,          77,         -5.730348,      -6.439204423,      -6.293001553,      -5.185266015,             0.448,     0.01157999014,      0.1774637777,                 0,                 0,                 0,   -0.008528322084,    0.007705882512,      0.1776741623,                 0,       15.32503702
          0,           0,          78,      -5.741942847,      -6.456930082,      -6.305128418,      -5.196983115,             0.448,     0.01157646015,       0.177424365,                 0,                 0,                 0,   -0.008533136142,    0.007703213136,       0.177634682,                 0,       15.32630552
          0,           0,          79,      -5.753142004,      -6.474775684,       -6.31670897,      -5.208134189,             0.448,     0.01157332395,      0.1773867361,                 0,                 0,                 0,   -0.008538007879,    0.007700898557,      0.1775969936,                 0,       15.32720737
          0,           0,          80,      -5.763973768,      -6.492760157,      -6.327769021,      -5.218760722,             0.448,     0.01157059831,      0.1773507401,                 0,                 0,                 0,    -0.00854300463,    0.007698958819,      0.1775609467,                 0,       15.32770694
          0,           0,          81,      -5.774460917,      -6.510936411,      -6.338198176,      -5.228900657,             0.448,     0.01156827653,      0.1773162237,                 0,                 0,                 0,   -0.008548149912,    0.007697390563,      0.1775263878,                 0,       15.32779954
          0,           0,          82,      -5.784630065,      -6.529242032,      -6.348044402,      -5.238605907,             0.448,     0.01156633145,      0.1772831119,                 0,                 0,                 0,   -0.008553420471,    0.007696168273,      0.1774932415,                 0,        15.3275144
          0,           0,          83,      -5.794540657,      -6.547578501,      -6.357539876,      -5.247973368,             0.448,     0.01156473457,      0.1772511888,                 0,                 0,                 0,   -0.008558838639,    0.007695268173,      0.1774612912,                 0,       15.32687047
          0,           0,          84,      -5.804262164,       -6.56591749,      -6.366692393,      -5.257104633,             0.448,     0.01156344833,      0.1772202707,                 0,                 0,                 0,   -0.008564405281,     0.00769465671,      0.1774303524,                 0,       15.32590155
          0,           0,          85,       -5.81388311,      -6.584183515,      -6.375583127,      -5.266116772,             0.448,      0.0115624194,      0.1771903802,                 0,                 0,                 0,   -0.008570040137,    0.007694280087,      0.1774004465,                 0,       15.32468025
          0,           0,          86,      -5.823511087,      -6.602352125,      -6.384271265,      -5.275147998,             0.448,     0.01156160236,      0.1771614424,                 0,                 0,                 0,   -0.008575709788,    0.007694094516,      0.1773714978,                 0,       15.32326029
          0,           0,          87,      -5.833230927,       -6.62027561,      -6.392811114,      -5.284307944,             0.448,     0.01156095168,      0.1771333183,                 0,                 0,                 0,   -0.008581385949,    0.007694057514,      0.1773433662,                 0,       15.32169005
          0,           0,          88,      -5.843137512,      -6.637846862,       -6.40129181,      -5.293710049,             0.448,     0.01156041581,      0.1771059839,                 0,                 0,                 0,   -0.008586992552,    0.007694118068,      0.1773160266,                 0,       15.32003578
          0,           0,          89,      -5.853318347,      -6.655084442,      -6.409810912,      -5.303457277,             0.448,     0.01155994773,      0.1770794364,                 0,                 0,                 0,   -0.008592455895,    0.007694229232,      0.1772894752,                 0,       15.31835961
          0,           0,          90,      -5.863839709,      -6.672051251,      -6.418526383,      -5.313626847,             0.448,     0.01155950754,       0.177053689,                 0,                 0,                 0,   -0.008597712247,    0.007694350825,      0.1772637243,                 0,       15.31671555
          0,           0,          91,      -5.874735758,      -6.688818485,      -6.427637432,      -5.324260887,             0.448,     0.01155906223,      0.1770288005,                 0,                 0,                 0,   -0.008602700434,    0.007694448552,       0.177238832,                 0,       15.31515248
          0,           0,          92,      -5.886070311,      -6.705508294,      -6.436962489,      -5.335434037,             0.448,     0.01155858985,      0.1770048063,                 0,                 0,                 0,   -0.008607387428,    0.007694499723,      0.1772148332,                 0,       15.31370249
          0,           0,          93,      -5.897851292,      -6.721967834,      -6.446246356,       -5.34715103,             0.448,     0.01155807861,       0.176981695,                 0,                 0,                 0,   -0.008611765978,    0.007694492771,      0.1771917163,                 0,       15.31238028
          0,           0,          94,      -5.910048896,       -6.73790819,      -6.455650308,      -5.359367501,             0.448,     0.01155750897,      0.1769595039,                 0,                 0,                 0,   -0.008615771849,    0.007694407362,      0.1771695181,                 0,       15.31121493
          0,           0,          95,      -5.922682892,       -6.75318685,      -6.465236873,      -5.372103755,             0.448,     0.01155686352,      0.1769384474,                 0,                 0,                 0,   -0.008619306908,    0.007694221408,      0.1771484525,                 0,       15.31024808
          0,           0,          96,      -5.935697097,      -6.767837292,      -6.475331393,      -5.385297525,             0.448,     0.01155614227,      0.1769185511,                 0,                 0,                 0,   -0.008622362178,    0.007693934365,      0.1771285451,                 0,       15.30948192
          0,           0,          97,      -5.948998104,         -6.781824,      -6.485878043,      -5.398851926,             0.448,     0.01155534718,      0.1768998165,                 0,                 0,                 0,   -0.008624933649,    0.007693548158,      0.1771097977,                 0,       15.30891403
          0,           0,          98,      -5.962484965,      -6.795098213,      -6.496754516,      -5.412650611,             0.448,     0.01155449072,      0.1768822883,                 0,                 0,                 0,   -0.008627030598,    0.007693074278,       0.177092255,                 0,       15.30853178
          0,           0,          99,      -5.976098071,      -6.807661445,      -6.507743065,      -5.426621223,             0.448,     0.01155358547,      0.1768658948,                 0,                 0,                 0,   -0.008628687952,    0.007692526863,      0.1770758457,                 0,       15.30831233
          0,           0,         100,      -5.989753933,      -6.819413832,      -6.518778209,      -5.440657994,             0.448,     0.01155264065,      0.1768506502,                 0,                 0,                 0,   -0.008629913881,    0.007691914832,      0.1770605841,                 0,       15.30824472
          0,           0,         101,      -6.003417338,       -6.83034079,      -6.530192658,      -5.454709231,             0.448,     0.01155166528,         0.1768366,                 0,                 0,                 0,   -0.008630717097,      0.0076912462,      0.1770465159,                 0,       15.30832098
          0,           0,         102,      -6.017040307,      -6.840635899,      -6.541946225,      -5.468711986,             0.448,     0.01155067246,      0.1768237041,                 0,                 0,                 0,   -0.008631139065,    0.007690534938,      0.1770336014,                 0,       15.30852032
          0,           0,         103,      -6.030575032,      -6.850472663,      -6.553945797,      -5.482604154,             0.448,     0.01154967284,      0.1768119032,                 0,                 0,                 0,   -0.008631218941,    0.007689792988,      0.1770217816,                 0,       15.30882352
          0,           0,         104,      -6.043966728,      -6.860019151,      -6.565973037,      -5.496311026,             0.448,     0.01154867499,      0.1768011903,                 0,                 0,                 0,   -0.008630986452,    0.007689029075,      0.1770110495,                 0,       15.30921864
          0,           0,         105,         -6.057201,      -6.869456342,      -6.578159514,      -5.509805586,             0.448,     0.01154769342,      0.1767914993,                 0,                 0,                 0,   -0.008630508029,    0.007688259154,      0.1770013393,                 0,       15.30968071
          0,           0,         106,      -6.070277066,      -6.879096332,      -6.590583196,      -5.523083497,             0.448,     0.01154674029,      0.1767827515,                 0,                 0,                 0,   -0.008629847434,    0.007687497074,      0.1769925728,                 0,       15.31018687
          0,           0,         107,      -6.083203936,      -6.889189447,       -6.60312249,      -5.536150413,             0.448,     0.01154582659,      0.1767749097,                 0,                 0,                 0,   -0.008629051093,    0.007686754661,      0.1769847129,                 0,       15.31071927
          0,           0,         108,      -6.095995837,      -6.899925533,      -6.615716695,      -5.549020477,             0.448,     0.01154495466,      0.1767677288,                 0,                 0,                 0,   -0.008628232559,    0.007686039591,      0.1769775147,                 0,       15.31125362
          0,           0,         109,      -6.108656442,      -6.911302826,      -6.627887624,      -5.561692292,             0.448,     0.01154413842,      0.1767611855,                 0,                 0,                 0,   -0.008627409376,    0.007685366287,      0.1769709552,                 0,       15.31176941
          0,           0,         110,      -6.121219821,      -6.923065468,      -6.639844093,      -5.574195113,             0.448,      0.0115433817,      0.1767552938,                 0,                 0,                 0,   -0.008626593787,    0.007684738273,      0.1769650483,                 0,       15.31226277
          0,           0,         111,       -6.13369875,      -6.935263089,      -6.651985043,      -5.586548677,             0.448,     0.01154268493,      0.1767498947,                 0,                 0,                 0,   -0.008625840488,    0.007684159447,      0.1769596354,                 0,       15.31271934
          0,           0,         112,      -6.146084203,      -6.948250908,      -6.664336537,      -5.598766474,             0.448,     0.01154205292,      0.1767448418,                 0,                 0,                 0,   -0.008625202984,    0.007683637817,      0.1769545698,                 0,       15.31312003
          0,           0,         113,      -6.158388656,      -6.961693538,      -6.676570019,      -5.610868078,             0.448,     0.01154148585,      0.1767400614,                 0,                 0,                 0,   -0.008624708949,    0.007683175168,      0.1769497783,                 0,       15.31345823
          0,           0,         114,      -6.170659757,      -6.975283211,      -6.689044568,      -5.622905339,             0.448,     0.01154097738,      0.1767354878,                 0,                 0,                 0,   -0.008624367258,    0.007682766592,      0.1769451946,                 0,       15.31373661
          0,           0,         115,      -6.182961423,      -6.989374104,      -6.701609542,      -5.634954466,             0.448,     0.01154052782,      0.1767309661,                 0,                 0,                 0,   -0.008624222275,    0.007682415784,      0.1769406642,                 0,       15.31394134
          0,           0,         116,      -6.195297797,      -7.003958332,      -6.714225044,      -5.647026557,             0.448,     0.01154013119,      0.1767264265,                 0,                 0,                 0,   -0.008624277806,    0.007682118274,       0.176936117,                 0,        15.3140743
          0,           0,         117,      -6.207653042,      -7.018953201,      -6.726851713,      -5.659124435,             0.448,     0.01153977531,      0.1767219013,                 0,                 0,                 0,   -0.008624498307,    0.007681861194,      0.1769315851,                 0,       15.31415444
          0,           0,         118,       -6.22001505,      -7.034279503,      -6.739265651,      -5.671245175,             0.448,     0.01153945319,      0.1767173367,                 0,                 0,                 0,   -0.008624879486,    0.007681638734,      0.1769270146,                 0,       15.31418636
          0,           0,         119,      -6.232393895,      -7.049651554,      -6.751567037,      -5.683398442,             0.448,     0.01153916295,      0.1767126585,                 0,                 0,                 0,   -0.008625436924,    0.007681450617,      0.1769223312,                 0,       15.31416613
          0,           0,         120,      -6.244856712,      -7.064848066,       -6.76408439,      -5.695664126,             0.448,     0.01153890159,       0.176707819,                 0,                 0,                 0,   -0.008626175114,    0.007681294888,      0.1769174872,                 0,        15.3140936
          0,           0,         121,      -6.257376672,      -7.079858527,      -6.776850938,      -5.708017571,             0.448,     0.01153866383,      0.1767027583,                 0,                 0,                 0,   -0.008627089064,    0.007681167585,      0.1769124224,                 0,       15.31397057
          0,           0,         122,      -6.269962281,       -7.09468883,      -6.789858041,      -5.720471722,             0.448,     0.01153844102,      0.1766974844,                 0,                 0,                 0,   -0.008628149079,    0.007681059872,      0.1769071449,                 0,       15.31380922
          0,           0,         123,       -6.28260327,      -7.109169173,      -6.803017413,       -5.73301311,             0.448,     0.01153822658,      0.1766920316,                 0,                 0,                 0,    -0.00862932913,    0.007680964441,      0.1769016888,                 0,       15.31362123
          0,           0,         124,      -6.295356238,      -7.123227331,      -6.816155206,       -5.74569846,             0.448,     0.01153801828,      0.1766863683,                 0,                 0,                 0,   -0.008630628951,    0.007680879736,      0.1768960222,                 0,       15.31340686
          0,           0,         125,      -6.308236959,      -7.136830784,      -6.829356358,      -5.758540032,             0.448,     0.01153781039,      0.1766805176,                 0,                 0,                 0,   -0.008632025014,    0.007680799526,      0.1768901684,                 0,       15.31317569
          0,           0,         126,      -6.321237881,      -7.150108068,      -6.842645793,      -5.771529326,             0.448,     0.01153759892,      0.1766744978,                 0,                 0,                 0,   -0.008633498857,     0.00768071943,      0.1768841454,                 0,        15.3129346
          0,           0,         127,      -6.334367132,      -7.163173762,       -6.85599324,       -5.78467331,             0.448,     0.01153738197,      0.1766682997,                 0,                 0,                 0,   -0.008635041995,    0.007680637742,      0.1768779441,                 0,       15.31268533
          0,           0,         128,      -6.347626305,      -7.176025237,      -6.869358995,      -5.797966061,             0.448,     0.01153715644,      0.1766619649,                 0,                 0,                 0,   -0.008636633049,    0.007680550459,      0.1768716059,                 0,       15.31243559
          0,           0,         129,      -6.361023233,      -7.188677363,      -6.882816317,      -5.811410618,             0.448,     0.01153692318,      0.1766554763,                 0,                 0,                 0,   -0.008638273347,    0.007680458794,      0.1768651137,                 0,       15.31218277
          0,           0,         130,      -6.374549952,      -7.201314072,      -6.896379868,      -5.824995383,             0.448,     0.01153668389,      0.1766488389,                 0,                 0,                 0,   -0.008639962888,    0.007680364364,      0.1768584727,                 0,       15.31192503
          0,           0,         131,      -6.388208477,      -7.213994574,      -6.910014709,      -5.838720433,             0.448,     0.01153643936,      0.1766420943,                 0,                 0,                 0,   -0.008641690763,    0.007680267018,      0.1768517244,                 0,       15.31166496
          0,           0,         132,      -6.402053738,      -7.226691802,      -6.922950851,      -5.852637091,             0.448,     0.01153618775,       0.176635277,                 0,                 0,                 0,    -0.00864343584,    0.007680164185,      0.1768449032,                 0,       15.31140797
          0,           0,         133,      -6.416070909,      -7.239326466,      -6.935695242,      -5.866713991,             0.448,     0.01153592961,      0.1766283784,                 0,                 0,                 0,   -0.008645192182,    0.007680056601,      0.1768380006,                 0,       15.31115258
          0,           0,         134,      -6.430246447,      -7.251942293,      -6.948652673,      -5.880933338,             0.448,     0.01153566482,      0.1766214338,                 0,                 0,                 0,   -0.008646945158,     0.00767994337,      0.1768310519,                 0,       15.31090202
          0,           0,         135,      -6.444551134,       -7.26474665,      -6.961883856,      -5.895266545,             0.448,     0.01153539429,      0.1766144704,                 0,                 0,                 0,   -0.008648685513,    0.007679824812,      0.1768240842,                 0,       15.31065744
          0,           0,         136,      -6.458959878,      -7.277820668,      -6.975253809,      -5.909688515,             0.448,     0.01153512022,       0.176607516,                 0,                 0,                 0,     -0.0086504086,    0.007679702516,      0.1768171256,                 0,       15.31041833
          0,           0,         137,      -6.473462562,       -7.29110711,      -6.988669115,      -5.924188957,             0.448,     0.01153484428,      0.1766005907,                 0,                 0,                 0,   -0.008652108649,    0.007679577714,      0.1768101959,                 0,       15.31018421
          0,           0,         138,      -6.488049555,      -7.304600769,      -7.002141422,      -5.938757666,             0.448,     0.01153456774,      0.1765937212,                 0,                 0,                 0,    -0.00865377797,    0.007679451104,      0.1768033219,                 0,        15.3099557
          0,           0,         139,      -6.502711507,         -7.318283,      -7.015593813,       -5.95338045,             0.448,     0.01153429307,      0.1765869453,                 0,                 0,                 0,   -0.008655412844,    0.007679324308,      0.1767965416,                 0,       15.30973283
          0,           0,         140,       -6.51741621,      -7.332285747,      -7.029221558,      -5.968025864,             0.448,     0.01153402377,      0.1765802462,                 0,                 0,                 0,   -0.008657022509,    0.007679201219,      0.1767898383,                 0,       15.30950947
          0,           0,         141,       -6.53206299,      -7.346699487,       -7.04261197,      -5.982589797,             0.448,     0.01153376059,      0.1765736382,                 0,                 0,                 0,   -0.008658601532,    0.007679082253,      0.1767832261,                 0,       15.30928588
          0,           0,         142,      -6.546659566,      -7.361397458,      -7.055557681,        -5.9970851,             0.448,     0.01153350299,      0.1765671556,                 0,                 0,                 0,   -0.008660137602,    0.007678966125,      0.1767767395,                 0,       15.30906576
          0,           0,         143,      -6.561196313,       -7.37603269,      -7.068231033,      -6.011504018,             0.448,     0.01153325256,      0.1765607988,                 0,                 0,                 0,   -0.008661632801,    0.007678854427,      0.1767703786,                 0,         15.308847
          0,           0,         144,      -6.575674821,      -7.390393101,      -7.080793816,      -6.025852664,             0.448,     0.01153301055,      0.1765545741,                 0,                 0,                 0,   -0.008663087902,    0.007678748266,      0.1767641502,                 0,       15.30862852
          0,           0,         145,      -6.590094463,      -7.404525359,      -7.093430532,      -6.040132618,             0.448,     0.01153277631,      0.1765485102,                 0,                 0,                 0,   -0.008664493764,    0.007678646366,      0.1767580826,                 0,       15.30841365
          0,           0,         146,      -6.604456967,      -7.418642432,      -7.106053739,      -6.054348891,             0.448,     0.01153255054,      0.1765426091,                 0,                 0,                 0,   -0.008665850935,     0.00767854938,       0.176752178,                 0,       15.30820165
          0,           0,         147,      -6.618765641,      -7.432924954,      -7.118593533,      -6.068509755,             0.448,     0.01153233458,      0.1765368638,                 0,                 0,                 0,   -0.008667164627,    0.007678458808,      0.1767464293,                 0,       15.30799012
          0,           0,         148,      -6.632999653,      -7.447358984,      -7.131084975,      -6.082593548,             0.448,     0.01153212807,      0.1765312785,                 0,                 0,                 0,   -0.008668432514,    0.007678374187,      0.1767408409,                 0,       15.30777993
          0,           0,         149,        -6.6471813,      -7.461753173,      -7.143455508,      -6.096625312,             0.448,     0.01153192898,      0.1765258878,                 0,                 0,                 0,   -0.008669642231,    0.007678292748,      0.1767354471,                 0,       15.30757673
          0,           0,         150,      -6.661348775,       -7.47604518,      -7.155996757,      -6.110649894,             0.448,     0.01153173782,      0.1765206697,                 0,                 0,                 0,   -0.008670799931,    0.007678215468,      0.1767302261,                 0,       15.30737798
          0,           0,         151,      -6.675529896,      -7.490167586,      -7.168649573,      -6.124696291,             0.448,      0.0115315542,      0.1765156357,                 0,                 0,                 0,   -0.008671904036,    0.007678141704,      0.1767251893,                 0,       15.30718519
          0,           0,         152,      -6.689748104,       -7.50411599,      -7.181397474,      -6.138788972,             0.448,     0.01153137782,      0.1765107848,                 0,                 0,                 0,   -0.008672955315,    0.007678071188,      0.1767203357,                 0,       15.30699865
          0,           0,         153,      -6.704038685,      -7.518009773,      -7.194365148,       -6.15296851,             0.448,     0.01153120791,      0.1765061219,                 0,                 0,                 0,   -0.008673951863,    0.007678003035,      0.1767156702,                 0,       15.30681983
          0,           0,         154,      -6.718408671,      -7.531985046,      -7.207545234,      -6.167244331,             0.448,     0.01153104398,      0.1765016411,                 0,                 0,                 0,   -0.008674894752,    0.007677936893,      0.1767111868,                 0,       15.30664885
          0,           0,         155,      -6.732865698,      -7.546065598,      -7.220898301,      -6.181623189,             0.448,     0.01153088496,       0.176497352,                 0,                 0,                 0,   -0.008675780903,    0.007677871477,      0.1767068953,                 0,       15.30648798
          0,           0,         156,      -6.747426917,       -7.56014986,      -7.234486328,      -6.196123632,             0.448,     0.01153073102,      0.1764932469,                 0,                 0,                 0,   -0.008676614687,    0.007677807127,      0.1767027879,                 0,       15.30633631
          0,           0,         157,      -6.762107349,       -7.57418307,      -7.248296026,       -6.21076091,             0.448,     0.01153058222,      0.1764893144,                 0,                 0,                 0,   -0.008677400297,     0.00767774415,      0.1766988531,                 0,       15.30619279
          0,           0,         158,        -6.7769298,      -7.588222512,       -7.26244811,      -6.225555982,             0.448,     0.01153043782,      0.1764855538,                 0,                 0,                 0,   -0.008678136894,    0.007677681819,      0.1766950901,                 0,       15.30605833
          0,           0,         159,      -6.791886856,      -7.602316105,      -7.277063325,      -6.240498728,             0.448,     0.01153029686,      0.1764819777,                 0,                 0,                 0,   -0.008678820608,    0.007677618905,      0.1766915119,                 0,        15.3059353
          0,           0,         160,      -6.806960614,      -7.616458611,      -7.292091419,      -6.255570334,             0.448,     0.01153015952,      0.1764785864,                 0,                 0,                 0,    -0.00867945372,    0.007677555584,      0.1766881184,                 0,       15.30582349
          0,           0,         161,       -6.82216636,      -7.630630133,      -7.307445401,      -6.270790391,             0.448,     0.01153002626,      0.1764753692,                 0,                 0,                 0,   -0.008680041129,     0.00767749254,       0.176684899,                 0,       15.30572135
          0,           0,         162,      -6.837495384,      -7.644800177,      -7.323222774,      -6.286148286,             0.448,     0.01152989639,      0.1764723252,                 0,                 0,                 0,   -0.008680581778,    0.007677429103,      0.1766818529,                 0,       15.30562975
          0,           0,         163,      -6.852928789,      -7.658987901,      -7.339488449,      -6.301623383,             0.448,     0.01152976985,      0.1764694445,                 0,                 0,                 0,   -0.008681078312,    0.007677365431,      0.1766789702,                 0,       15.30554789
          0,           0,         164,      -6.868441833,      -7.673233747,      -7.356233796,      -6.317188761,             0.448,     0.01152964686,      0.1764667202,                 0,                 0,                 0,   -0.008681534017,    0.007677301904,      0.1766762438,                 0,       15.30547486
          0,           0,         165,      -6.884022894,      -7.687586853,       -7.37352859,      -6.332833013,             0.448,     0.01152952744,      0.1764641502,                 0,                 0,                 0,   -0.008681950573,    0.007677238575,      0.1766736718,                 0,       15.30541049
          0,           0,         166,      -6.899669071,      -7.702024983,      -7.391228391,      -6.348554195,             0.448,     0.01152941172,      0.1764617315,                 0,                 0,                 0,   -0.008682330255,    0.007677175648,      0.1766712512,                 0,       15.30535432
          0,           0,         167,       -6.91536688,      -7.716534431,       -7.40924602,      -6.364336567,             0.448,     0.01152929999,      0.1764594585,                 0,                 0,                 0,   -0.008682676092,    0.007677113533,      0.1766689762,                 0,       15.30530549
          0,           0,         168,      -6.931074435,      -7.731074109,      -7.427819308,      -6.380135377,             0.448,     0.01152919278,      0.1764573227,                 0,                 0,                 0,   -0.008682992234,    0.007677052933,      0.1766668387,                 0,       15.30526257
          0,           0,         169,      -6.946751495,       -7.74558783,      -7.446823012,      -6.395905326,             0.448,     0.01152909033,       0.176455314,                 0,                 0,                 0,   -0.008683281985,    0.007676994334,      0.1766648282,                 0,       15.30522434
          0,           0,         170,      -6.962394621,      -7.760052252,      -7.466332637,      -6.411644646,             0.448,      0.0115289924,      0.1764534291,                 0,                 0,                 0,   -0.008683545565,    0.007676937541,      0.1766629416,                 0,       15.30519086
          0,           0,         171,      -6.977972905,      -7.774536585,      -7.486220706,      -6.427320267,             0.448,     0.01152889911,      0.1764516635,                 0,                 0,                 0,   -0.008683784985,    0.007676882788,      0.1766611744,                 0,       15.30516157
          0,           0,         172,      -6.993460327,      -7.789108116,      -7.506406581,      -6.442905205,             0.448,     0.01152881078,      0.1764500112,                 0,                 0,                 0,   -0.008684003182,    0.007676830524,      0.1766595205,                 0,       15.30513551
          0,           0,         173,      -7.008824027,      -7.803751262,      -7.526579758,      -6.458362769,             0.448,     0.01152872742,      0.1764484672,                 0,                 0,                 0,    -0.00868420175,    0.007676780864,      0.1766579752,                 0,       15.30511225
          0,           0,         174,       -7.02405575,      -7.818430562,      -7.546625232,      -6.473683513,             0.448,     0.01152864866,      0.1764470316,                 0,                 0,                 0,    -0.00868438016,    0.007676733448,      0.1766565381,                 0,       15.30509227
          0,           0,         175,      -7.039149833,      -7.833193025,      -7.566580264,      -6.488863659,             0.448,     0.01152857454,       0.176445698,                 0,                 0,                 0,   -0.008684540326,    0.007676688434,      0.1766552032,                 0,         15.305075
          0,           0,         176,      -7.054086049,      -7.848104079,      -7.586350865,      -6.503880562,             0.448,       0.011528505,      0.1764444639,                 0,                 0,                 0,    -0.00868468347,    0.007676645835,      0.1766539679,                 0,       15.30506027
          0,           0,         177,       -7.06884357,      -7.863193703,      -7.605839773,      -6.518710588,             0.448,     0.01152843986,       0.176443327,                 0,                 0,                 0,   -0.008684810269,    0.007676605513,      0.1766528299,                 0,       15.30504813
          0,           0,         178,      -7.083412029,      -7.878436915,      -7.625127096,      -6.533345083,             0.448,     0.01152837917,      0.1764422784,                 0,                 0,                 0,   -0.008684923326,    0.007676567712,      0.1766517802,                 0,       15.30503775
          0,           0,         179,      -7.097795262,      -7.893954436,      -7.643851783,      -6.547786603,             0.448,     0.01152832268,      0.1764413121,                 0,                 0,                 0,    -0.00868502375,    0.007676532313,      0.1766508129,                 0,       15.30502893
          0,           0,         180,      -7.112029965,      -7.909792691,       -7.66199218,      -6.562069822,             0.448,     0.01152827027,      0.1764404201,                 0,                 0,                 0,   -0.008685113642,    0.007676499378,        0.17664992,                 0,       15.30502113
          0,           0,         181,      -7.126103725,      -7.926017326,      -7.679450801,      -6.576181064,             0.448,     0.01152822196,       0.176439593,                 0,                 0,                 0,   -0.008685195846,    0.007676469124,       0.176649092,                 0,       15.30501351
          0,           0,         182,       -7.13999911,       -7.94264208,      -7.696102916,      -6.590102713,             0.448,     0.01152817742,      0.1764388315,                 0,                 0,                 0,   -0.008685270451,    0.007676441202,      0.1766483297,                 0,        15.3050066
          0,           0,         183,       -7.15376661,      -7.959728002,      -7.711867354,      -6.603889369,             0.448,     0.01152813651,      0.1764381242,                 0,                 0,                 0,   -0.008685340083,    0.007676415728,      0.1766476216,                 0,       15.30499956
          0,           0,         184,       -7.16744586,       -7.97733671,      -7.726754942,      -6.617579252,             0.448,      0.0115280988,      0.1764374654,                 0,                 0,                 0,   -0.008685405366,    0.007676392397,      0.1766469623,                 0,       15.30499248
          0,           0,         185,       -7.18106479,      -7.995483498,       -7.74088281,      -6.631200726,             0.448,     0.01152806388,      0.1764368539,                 0,                 0,                 0,   -0.008685466303,    0.007676370825,      0.1766463501,                 0,        15.3049858
          0,           0,         186,      -7.194645737,      -8.014157284,      -7.754167899,      -6.644777199,             0.448,     0.01152803161,      0.1764362861,                 0,                 0,                 0,   -0.008685524258,    0.007676350948,      0.1766457817,                 0,       15.30497939
          0,           0,         187,      -7.208214439,      -8.033326129,      -7.766538873,      -6.658334517,             0.448,      0.0115280018,      0.1764357551,                 0,                 0,                 0,   -0.008685580818,     0.00767633273,      0.1766452502,                 0,        15.3049729
          0,           0,         188,       -7.22177976,        -8.0529443,      -7.778104201,      -6.671879506,             0.448,     0.01152797421,      0.1764352548,                 0,                 0,                 0,    -0.00868563715,    0.007676316062,      0.1766447494,                 0,       15.30496613
          0,           0,         189,      -7.235354006,      -8.072944201,      -7.789064005,      -6.685426082,             0.448,      0.0115279485,      0.1764347885,                 0,                 0,                 0,   -0.008685692555,    0.007676300529,      0.1766442827,                 0,       15.30495982
          0,           0,         190,      -7.248958528,      -8.093308035,      -7.799507267,      -6.698996749,             0.448,     0.01152792446,      0.1764343513,                 0,                 0,                 0,   -0.008685747959,    0.007676286036,       0.176643845,                 0,        15.3049538
          0,           0,         191,      -7.262616968,      -8.113984041,        -7.8094978,      -6.712615447,             0.448,     0.01152790191,      0.1764339327,                 0,                 0,                 0,   -0.008685805029,    0.007676272624,      0.1766434261,                 0,       15.30494743
          0,           0,         192,      -7.276347818,      -8.134931729,      -7.819134133,      -6.726301218,             0.448,     0.01152788059,      0.1764335296,                 0,                 0,                 0,   -0.008685864024,    0.007676260104,      0.1766430226,                 0,       15.30494076
          0,           0,         193,      -7.290169231,      -8.156115542,      -7.828525073,      -6.740074697,             0.448,     0.01152786039,      0.1764331377,                 0,                 0,                 0,   -0.008685925838,     0.00767624846,      0.1766426303,                 0,       15.30493358
          0,           0,         194,      -7.304091688,       -8.17749293,      -7.837781309,      -6.753946173,             0.448,     0.01152784117,      0.1764327536,                 0,                 0,                 0,   -0.008685991036,    0.007676237624,      0.1766422459,                 0,       15.30492578
          0,           0,         195,      -7.318115355,      -8.198994502,      -7.847020647,      -6.767915058,             0.448,     0.01152782274,       0.176432376,                 0,                 0,                 0,   -0.008686059607,    0.007676227437,       0.176641868,                 0,       15.30491749
          0,           0,         196,      -7.332247551,      -8.220511773,      -7.856337209,      -6.781989267,             0.448,     0.01152780495,      0.1764320041,                 0,                 0,                 0,   -0.008686131498,    0.007676217759,      0.1766414958,                 0,       15.30490886
          0,           0,         197,      -7.346501888,      -8.241907718,      -7.865825939,      -6.796184579,             0.448,     0.01152778768,      0.1764316335,                 0,                 0,                 0,   -0.008686207277,    0.007676208578,      0.1766411249,                 0,       15.30489964
          0,           0,         198,      -7.360894285,      -8.263029065,      -7.875551438,      -6.810518098,             0.448,     0.01152777079,      0.1764312614,                 0,                 0,                 0,   -0.008686287057,    0.007676199808,      0.1766407525,                 0,       15.30488979
          0,           0,         199,      -7.375425154,      -8.283727139,      -7.885554552,      -6.824990696,             0.448,     0.01152775421,      0.1764308864,                 0,                 0,                 0,   -0.008686370971,    0.007676191408,      0.1766403773,                 0,       15.30487927
          0,           0,         200,      -7.390088009,      -8.303812609,      -7.895945241,      -6.839596654,             0.448,     0.01152773793,      0.1764305088,                 0,                 0,                 0,   -0.008686459133,    0.007676183373,      0.1766399994,                 0,       15.30486813
          0,           0,         201,      -7.404889101,      -8.323048592,      -7.906651373,      -6.854345058,             0.448,     0.01152772196,      0.1764301245,                 0,                 0,                 0,    -0.00868655224,    0.007676175795,      0.1766396149,                 0,       15.30485599
          0,           0,         202,      -7.419831052,       -8.34141464,      -7.917964337,      -6.869236311,             0.448,     0.01152770607,      0.1764297326,                 0,                 0,                 0,   -0.008686649576,    0.007676168459,      0.1766392227,                 0,       15.30484309
          0,           0,         203,      -7.434889661,      -8.359049268,      -7.929681894,      -6.884248515,             0.448,     0.01152769013,      0.1764293321,                 0,                 0,                 0,   -0.008686750783,    0.007676161258,       0.176638822,                 0,       15.30482951
          0,           0,         204,      -7.450044093,      -8.375920704,      -7.941710754,      -6.899360656,             0.448,     0.01152767414,      0.1764289216,                 0,                 0,                 0,   -0.008686856044,    0.007676154226,      0.1766384111,                 0,       15.30481513
          0,           0,         205,      -7.465288184,      -8.391850901,      -7.954121414,      -6.914567659,             0.448,     0.01152765802,      0.1764285007,                 0,                 0,                 0,   -0.008686965001,     0.00767614729,      0.1766379901,                 0,       15.30480002
          0,           0,         206,      -7.480611062,      -8.406801082,      -7.967025794,      -6.929859683,             0.448,     0.01152764168,      0.1764280699,                 0,                 0,                 0,   -0.008687077095,    0.007676140349,       0.176637559,                 0,       15.30478435
          0,           0,         207,      -7.495998513,      -8.420841925,      -7.980473829,      -6.945223181,             0.448,     0.01152762506,      0.1764276291,                 0,                 0,                 0,   -0.008687191915,    0.007676133352,      0.1766371179,                 0,       15.30476817
          0,           0,         208,      -7.511434919,      -8.434049586,      -7.994454122,       -6.96064333,             0.448,     0.01152760812,      0.1764271784,                 0,                 0,                 0,   -0.008687309046,     0.00767612625,       0.176636667,                 0,       15.30475156
          0,           0,         209,      -7.526902871,      -8.446490034,      -8.008941277,      -6.976103813,             0.448,     0.01152759083,      0.1764267183,                 0,                 0,                 0,   -0.008687428043,    0.007676118998,      0.1766362066,                 0,        15.3047346
          0,           0,         210,      -7.542383813,      -8.458233822,      -8.023921529,      -6.991586855,             0.448,     0.01152757315,       0.176426249,                 0,                 0,                 0,   -0.008687548496,    0.007676111562,       0.176635737,                 0,       15.30471737
          0,           0,         211,      -7.557858408,      -8.469357148,       -8.03938897,      -7.007073343,             0.448,     0.01152755507,      0.1764257711,                 0,                 0,                 0,   -0.008687669992,    0.007676103912,      0.1766352589,                 0,       15.30469991
          0,           0,         212,      -7.573306427,       -8.47994012,      -8.055335578,      -7.022543078,             0.448,     0.01152753658,      0.1764252854,                 0,                 0,                 0,   -0.008687792104,    0.007676096018,      0.1766347729,                 0,       15.30468233
          0,           0,         213,      -7.588707013,      -8.490067591,      -8.071747999,      -7.037975232,             0.448,     0.01152751766,      0.1764247927,                 0,                 0,                 0,   -0.008687914408,    0.007676087851,      0.1766342798,                 0,       15.30466471
          0,           0,         214,      -7.604039193,      -8.499826204,      -8.088608691,      -7.053348711,             0.448,      0.0115274983,      0.1764242937,                 0,                 0,                 0,   -0.008688036506,    0.007676079386,      0.1766337805,                 0,       15.30464712
          0,           0,         215,      -7.619282167,      -8.509297476,      -8.105896613,      -7.068642335,             0.448,     0.01152747852,      0.1764237893,                 0,                 0,                 0,   -0.008688158034,    0.007676070606,      0.1766332759,                 0,       15.30462964
          0,           0,         216,      -7.634415502,      -8.518552121,      -8.123586595,      -7.083835025,             0.448,     0.01152745831,      0.1764232806,                 0,                 0,                 0,   -0.008688278653,    0.007676061502,      0.1766327668,                 0,       15.30461233
          0,           0,         217,      -7.649419421,      -8.527648714,      -8.141648645,      -7.098906134,             0.448,      0.0115274377,      0.1764227684,                 0,                 0,                 0,   -0.008688398053,    0.007676052072,      0.1766322543,                 0,       15.30459526
          0,           0,         218,      -7.664274882,      -8.536635855,      -8.160050133,      -7.113835528,             0.448,     0.01152741672,      0.1764222538,                 0,                 0,                 0,    -0.00868851595,     0.00767604232,      0.1766317393,                 0,       15.30457848
          0,           0,         219,      -7.678949311,      -8.545546506,      -8.178872218,      -7.128588326,             0.448,      0.0115273954,      0.1764217377,                 0,                 0,                 0,   -0.008688632128,    0.007676032269,       0.176631223,                 0,       15.30456201
          0,           0,         220,       -7.69344475,      -8.554496291,      -8.197917519,      -7.143167041,             0.448,     0.01152737382,      0.1764212213,                 0,                 0,                 0,   -0.008688746404,    0.007676021952,      0.1766307062,                 0,       15.30454587
          0,           0,         221,       -7.70775317,      -8.563504881,       -8.21713013,      -7.157561634,             0.448,     0.01152735199,      0.1764207055,                 0,                 0,                 0,   -0.008688858526,    0.007676011381,        0.17663019,                 0,       15.30453011
          0,           0,         222,      -7.721862757,      -8.572568028,      -8.236480103,      -7.171759066,             0.448,     0.01152732996,      0.1764201914,                 0,                 0,                 0,   -0.008688968247,    0.007676000573,      0.1766296756,                 0,       15.30451475
          0,           0,         223,      -7.735761805,      -8.581707755,      -8.255932785,      -7.185746183,             0.448,     0.01152730779,      0.1764196803,                 0,                 0,                 0,   -0.008689075387,    0.007675989563,      0.1766291641,                 0,       15.30449984
          0,           0,         224,      -7.749443066,      -8.590931653,      -8.275418354,      -7.199514007,             0.448,     0.01152728555,      0.1764191737,                 0,                 0,                 0,   -0.008689179691,    0.007675978374,      0.1766286571,                 0,       15.30448543
          0,           0,         225,      -7.762891932,      -8.600235323,       -8.29484472,      -7.213043715,             0.448,     0.01152726329,      0.1764186735,                 0,                 0,                 0,   -0.008689280912,    0.007675967034,      0.1766281566,                 0,       15.30447159
          0,           0,         226,      -7.776125064,      -8.609624865,      -8.314134431,      -7.226353113,             0.448,     0.01152724109,        0.17641818,                 0,                 0,                 0,   -0.008689379029,    0.007675955608,      0.1766276627,                 0,       15.30445824
          0,           0,         227,      -7.789152104,      -8.619109351,      -8.333211372,      -7.239450303,             0.448,     0.01152721902,      0.1764176942,                 0,                 0,                 0,   -0.008689473897,    0.007675944138,      0.1766271766,                 0,       15.30444541
          0,           0,         228,      -7.801980053,      -8.628695476,      -8.351991474,      -7.252341304,             0.448,     0.01152719716,      0.1764172174,                 0,                 0,                 0,   -0.008689565441,     0.00767593268,      0.1766266993,                 0,       15.30443307
          0,           0,         229,      -7.814617062,      -8.638406208,      -8.370389761,      -7.265033387,             0.448,     0.01152717557,      0.1764167503,                 0,                 0,                 0,   -0.008689653628,     0.00767592129,      0.1766262319,                 0,       15.30442121
          0,           0,         230,      -7.827074787,      -8.648272843,       -8.38832967,      -7.277537211,             0.448,     0.01152715434,      0.1764162941,                 0,                 0,                 0,   -0.008689738408,    0.007675910015,      0.1766257753,                 0,       15.30440982
          0,           0,         231,      -7.839368813,      -8.658330449,      -8.405741715,      -7.289867586,             0.448,     0.01152713352,      0.1764158493,                 0,                 0,                 0,   -0.008689819759,    0.007675898901,      0.1766253302,                 0,       15.30439888
          0,           0,         232,      -7.851517759,       -8.66860936,      -8.422558214,      -7.302042617,             0.448,     0.01152711317,      0.1764154169,                 0,                 0,                 0,   -0.008689897693,    0.007675887991,      0.1766248975,                 0,       15.30438839
          0,           0,         233,      -7.863542448,      -8.679129255,       -8.43871574,      -7.314082791,             0.448,     0.01152709334,      0.1764149974,                 0,                 0,                 0,   -0.008689972235,    0.007675877319,      0.1766244776,                 0,       15.30437831
          0,           0,         234,      -7.875465357,       -8.68990276,      -8.454163421,      -7.326010428,             0.448,     0.01152707407,      0.1764145911,                 0,                 0,                 0,   -0.008690043429,    0.007675866919,       0.176624071,                 0,       15.30436865
          0,           0,         235,      -7.887310037,      -8.700938726,      -8.468868579,      -7.337849125,             0.448,      0.0115270554,      0.1764141985,                 0,                 0,                 0,   -0.008690111345,    0.007675856817,      0.1766236781,                 0,       15.30435938
          0,           0,         236,      -7.899100569,      -8.712243719,      -8.482817117,      -7.349623204,             0.448,     0.01152703736,      0.1764138197,                 0,                 0,                 0,    -0.00869017607,     0.00767584704,       0.176623299,                 0,       15.30435048
          0,           0,         237,      -7.910861128,      -8.723823944,      -8.496011774,      -7.361357252,             0.448,     0.01152701996,      0.1764134548,                 0,                 0,                 0,   -0.008690237701,    0.007675837605,      0.1766229337,                 0,       15.30434192
          0,           0,         238,      -7.922615643,      -8.735685518,      -8.508470886,      -7.373075724,             0.448,     0.01152700322,      0.1764131037,                 0,                 0,                 0,   -0.008690296342,    0.007675828528,      0.1766225825,                 0,       15.30433369
          0,           0,         239,      -7.934387441,      -8.747833271,      -8.520227631,       -7.38480256,             0.448,     0.01152698715,      0.1764127666,                 0,                 0,                 0,   -0.008690352105,     0.00767581982,       0.176622245,                 0,       15.30432577
          0,           0,         240,      -7.946198909,      -8.760270124,      -8.531328829,      -7.396560843,             0.448,     0.01152697176,       0.176412443,                 0,                 0,                 0,   -0.008690405105,    0.007675811489,      0.1766219212,                 0,       15.30431814
          0,           0,         241,      -7.958071207,      -8.772997141,      -8.541832993,      -7.408372491,             0.448,     0.01152695704,       0.176412133,                 0,                 0,                 0,   -0.008690455463,    0.007675803538,       0.176621611,                 0,       15.30431079
          0,           0,         242,      -7.970024038,      -8.786013771,      -8.551807857,      -7.420258016,             0.448,       0.011526943,      0.1764118363,                 0,                 0,                 0,     -0.0086905033,    0.007675795969,       0.176621314,                 0,       15.30430369
          0,           0,         243,      -7.982075493,      -8.799318126,       -8.56132774,       -7.43223635,             0.448,     0.01152692961,      0.1764115525,                 0,                 0,                 0,   -0.008690548735,     0.00767578878,        0.17662103,                 0,       15.30429684
          0,           0,         244,      -7.994241943,      -8.812907243,      -8.570470973,      -7.444324728,             0.448,     0.01152691688,      0.1764112814,                 0,                 0,                 0,   -0.008690591884,    0.007675781966,      0.1766207587,                 0,       15.30429023
          0,           0,         245,      -8.006537969,      -8.826777127,      -8.579317515,      -7.456538609,             0.448,     0.01152690479,      0.1764110227,                 0,                 0,                 0,   -0.008690632858,    0.007675775521,      0.1766204998,                 0,       15.30428384
          0,           0,         246,      -8.018976314,      -8.840922509,      -8.587946852,      -7.468891617,             0.448,     0.01152689332,      0.1764107761,                 0,                 0,                 0,   -0.008690671767,    0.007675769435,      0.1766202529,                 0,       15.30427767
          0,           0,         247,      -8.031567858,      -8.855336506,      -8.596436232,      -7.481395511,             0.448,     0.01152688246,      0.1764105411,                 0,                 0,                 0,   -0.008690708711,    0.007675763698,      0.1766200178,                 0,       15.30427171
          0,           0,         248,      -8.044321612,      -8.870010324,      -8.604859275,      -7.494060174,             0.448,     0.01152687218,      0.1764103175,                 0,                 0,                 0,   -0.008690743786,    0.007675758298,       0.176619794,                 0,       15.30426596
          0,           0,         249,      -8.057244746,      -8.884932907,      -8.613284987,       -7.50689363,             0.448,     0.01152686246,      0.1764101048,                 0,                 0,                 0,   -0.008690777083,    0.007675753222,      0.1766195812,                 0,       15.30426041
          0,           0,         250,      -8.070342628,      -8.900090811,      -8.621777143,      -7.519902086,             0.448,     0.01152685328,      0.1764099028,                 0,                 0,                 0,   -0.008690808688,    0.007675748458,       0.176619379,                 0,       15.30425507
          0,           0,         251,      -8.083618882,      -8.915468133,      -8.630393954,      -7.533089985,             0.448,     0.01152684463,       0.176409711,                 0,                 0,                 0,   -0.008690838678,    0.007675743989,       0.176619187,                 0,       15.30424992
          0,           0,         252,      -8.097075447,      -8.931046529,      -8.639187949,      -7.546460062,             0.448,     0.01152683647,      0.1764095291,                 0,                 0,                 0,   -0.008690867128,    0.007675739803,       0.176619005,                 0,       15.30424497
          0,           0,         253,      -8.110712643,      -8.946805394,      -8.648206018,      -7.560013412,             0.448,     0.01152682879,      0.1764093567,                 0,                 0,                 0,   -0.008690894107,    0.007675735886,      0.1766188325,                 0,       15.30424021
          0,           0,         254,      -8.124529243,      -8.962722005,      -8.657489572,      -7.573749559,             0.448,     0.01152682157,      0.1764091935,                 0,                 0,                 0,   -0.008690919678,    0.007675732222,      0.1766186692,                 0,       15.30423564
          0,           0,         255,      -8.138522541,      -8.978771767,      -8.667074821,      -7.587666518,             0.448,     0.01152681477,      0.1764090391,                 0,                 0,                 0,   -0.008690943901,    0.007675728798,      0.1766185147,                 0,       15.30423127
          0,           0,         256,      -8.152688426,      -8.994928522,      -8.676993111,      -7.601760869,             0.448,     0.01152680839,      0.1764088932,                 0,                 0,                 0,   -0.008690966832,      0.0076757256,      0.1766183687,                 0,       15.30422708
          0,           0,         257,      -8.167021451,      -9.011164919,      -8.687271311,      -7.616027823,             0.448,      0.0115268024,      0.1764087554,                 0,                 0,                 0,   -0.008690988524,    0.007675722617,      0.1766182308,                 0,       15.30422309
          0,           0,         258,      -8.181514904,      -9.027452856,      -8.697932211,      -7.630461288,             0.448,     0.01152679678,      0.1764086255,                 0,                 0,                 0,   -0.008691009028,    0.007675719835,      0.1766181007,                 0,       15.30421927
          0,           0,         259,      -8.196160879,      -9.043764014,      -8.708994902,      -7.645053933,             0.448,     0.01152679152,       0.176408503,                 0,                 0,                 0,    -0.00869102839,    0.007675717243,      0.1766179782,                 0,       15.30421564
          0,           0,         260,      -8.210950348,      -9.060070414,      -8.720475137,      -7.659797257,             0.448,     0.01152678659,      0.1764083877,                 0,                 0,                 0,   -0.008691046655,     0.00767571483,      0.1766178628,                 0,       15.30421218
          0,           0,         261,      -8.225873229,      -9.076344996,      -8.732385656,      -7.674681654,             0.448,     0.01152678198,      0.1764082792,                 0,                 0,                 0,   -0.008691063867,    0.007675712585,      0.1766177542,                 0,       15.30420889
          0,           0,         262,      -8.240918462,       -9.09256224,      -8.744736456,      -7.689696479,             0.448,     0.01152677767,      0.1764081773,                 0,                 0,                 0,   -0.008691080068,      0.0076757105,      0.1766176522,                 0,       15.30420577
          0,           0,         263,      -8.256074085,      -9.108698693,       -8.75753503,      -7.704830121,             0.448,     0.01152677364,      0.1764080816,                 0,                 0,                 0,   -0.008691095297,    0.007675708565,      0.1766175565,                 0,       15.30420281
          0,           0,         264,      -8.271327319,      -9.124733522,      -8.770786547,      -7.720070076,             0.448,     0.01152676989,       0.176407992,                 0,                 0,                 0,   -0.008691109594,     0.00767570677,      0.1766174668,                 0,       15.30420001
          0,           0,         265,       -8.28666465,       -9.14064896,      -8.784493983,      -7.735403031,             0.448,      0.0115267664,       0.176407908,                 0,                 0,                 0,   -0.008691122996,    0.007675705108,      0.1766173828,                 0,       15.30419737
          0,           0,         266,      -8.302071929,      -9.156430718,      -8.798658198,      -7.750814947,             0.448,     0.01152676315,      0.1764078295,                 0,                 0,                 0,    -0.00869113554,     0.00767570357,      0.1766173042,                 0,       15.30419487
          0,           0,         267,      -8.317534467,      -9.172068242,      -8.813277961,      -7.766291161,             0.448,     0.01152676013,      0.1764077561,                 0,                 0,                 0,   -0.008691147262,     0.00767570215,      0.1766172308,                 0,       15.30419252
          0,           0,         268,      -8.333037151,      -9.187555004,      -8.828349922,      -7.781816488,             0.448,     0.01152675732,      0.1764076877,                 0,                 0,                 0,   -0.008691158197,     0.00767570084,      0.1766171623,                 0,       15.30419031
          0,           0,         269,      -8.348564562,      -9.202888504,      -8.843868535,      -7.797375336,             0.448,     0.01152675472,      0.1764076239,                 0,                 0,                 0,    -0.00869116838,    0.007675699632,      0.1766170985,                 0,       15.30418823
          0,           0,         270,      -8.364101108,      -9.218070312,       -8.85982592,      -7.812951838,             0.448,     0.01152675232,      0.1764075646,                 0,                 0,                 0,   -0.008691177843,    0.007675698521,      0.1766170392,                 0,       15.30418628
          0,           0,         271,       -8.37963116,      -9.233105945,      -8.876211693,       -7.82852999,             0.448,     0.01152675009,      0.1764075095,                 0,                 0,                 0,   -0.008691186619,      0.0076756975,       0.176616984,                 0,       15.30418445
          0,           0,         272,      -8.395139209,      -9.248004641,      -8.893012733,      -7.844093802,             0.448,     0.01152674804,      0.1764074584,                 0,                 0,                 0,    -0.00869119474,    0.007675696563,      0.1766169329,                 0,       15.30418274
          0,           0,         273,      -8.410610025,      -9.262779112,      -8.910212908,      -7.859627466,             0.448,     0.01152674615,      0.1764074111,                 0,                 0,                 0,   -0.008691202238,    0.007675695703,      0.1766168856,                 0,       15.30418115
          0,           0,         274,      -8.426028825,      -9.277445148,      -8.927792767,      -7.875115529,             0.448,     0.01152674441,      0.1764073674,                 0,                 0,                 0,   -0.008691209143,    0.007675694917,      0.1766168418,                 0,       15.30417966
          0,           0,         275,      -8.441381455,      -9.292021217,      -8.945729185,      -7.890543079,             0.448,     0.01152674281,       0.176407327,                 0,                 0,                 0,   -0.008691215486,    0.007675694197,      0.1766168014,                 0,       15.30417829
          0,           0,         276,      -8.456654564,      -9.306528058,      -8.963994989,      -7.905895936,             0.448,     0.01152674134,      0.1764072898,                 0,                 0,                 0,   -0.008691221294,    0.007675693539,      0.1766167642,                 0,       15.30417701
          0,           0,         277,      -8.471835792,      -9.320988199,      -8.982558569,      -7.921160846,             0.448,     0.01152673999,      0.1764072557,                 0,                 0,                 0,   -0.008691226598,    0.007675692938,      0.1766167301,                 0,       15.30417584
          0,           0,         278,      -8.486913946,      -9.335425569,      -9.001383486,      -7.936325677,             0.448,     0.01152673876,      0.1764072244,                 0,                 0,                 0,   -0.008691231424,    0.007675692389,      0.1766166987,                 0,       15.30417476
          0,           0,         279,      -8.501879172,      -9.349864986,      -9.020428126,      -7.951379606,             0.448,     0.01152673763,      0.1764071957,                 0,                 0,                 0,   -0.008691235799,    0.007675691889,        0.17661667,                 0,       15.30417377
          0,           0,         280,      -8.516723117,      -9.364331807,      -9.039645394,      -7.966313295,             0.448,     0.01152673661,      0.1764071696,                 0,                 0,                 0,   -0.008691239751,    0.007675691431,      0.1766166439,                 0,       15.30417286
          0,           0,         281,      -8.531439075,      -9.378851515,       -9.05898253,      -7.981119059,             0.448,     0.01152673567,      0.1764071458,                 0,                 0,                 0,   -0.008691243305,    0.007675691014,      0.1766166201,                 0,       15.30417204
          0,           0,         282,      -8.546022112,      -9.393449422,      -9.078381054,      -7.995791007,             0.448,     0.01152673482,      0.1764071242,                 0,                 0,                 0,   -0.008691246486,    0.007675690632,      0.1766165984,                 0,        15.3041713
          0,           0,         283,       -8.56046917,      -9.408150362,      -9.097776924,      -8.010325162,             0.448,     0.01152673404,      0.1764071046,                 0,                 0,                 0,   -0.008691249319,    0.007675690283,      0.1766165789,                 0,       15.30417064
          0,           0,         284,      -8.574779139,      -9.422978454,      -9.117100934,      -8.024719545,             0.448,     0.01152673333,       0.176407087,                 0,                 0,                 0,   -0.008691251827,    0.007675689963,      0.1766165612,                 0,       15.30417004
          0,           0,         285,      -8.588952889,      -9.437956926,      -9.136279425,      -8.038974227,             0.448,     0.01152673269,      0.1764070711,                 0,                 0,                 0,   -0.008691254033,    0.007675689668,      0.1766165454,                 0,       15.30416952
          0,           0,         286,      -8.602993275,       -9.45310793,      -9.155235339,      -8.053091323,             0.448,     0.01152673211,      0.1764070569,                 0,                 0,                 0,   -0.008691255961,    0.007675689397,      0.1766165311,                 0,       15.30416905
          0,           0,         287,      -8.616905077,      -9.468452334,      -9.173889666,      -8.067074945,             0.448,     0.01152673158,      0.1764070442,                 0,                 0,                 0,   -0.008691257632,    0.007675689146,      0.1766165184,                 0,       15.30416865
          0,           0,         288,      -8.630694904,       -9.48400958,       -9.19216329,      -8.080931091,             0.448,      0.0115267311,      0.1764070329,                 0,                 0,                 0,   -0.008691259069,    0.007675688913,      0.1766165071,                 0,       15.30416831
          0,           0,         289,      -8.644371057,      -9.499797346,      -9.209979228,      -8.094667495,             0.448,     0.01152673067,      0.1764070229,                 0,                 0,                 0,   -0.008691260292,    0.007675688695,      0.1766164971,                 0,       15.30416802
          0,           0,         290,      -8.657943359,      -9.515831184,        -9.2272652,      -8.108293459,             0.448,     0.01152673027,      0.1764070141,                 0,                 0,                 0,   -0.008691261324,     0.00767568849,      0.1766164883,                 0,       15.30416778
          0,           0,         291,      -8.671422967,      -9.532124074,       -9.24395639,      -8.121819662,             0.448,     0.01152672991,      0.1764070063,                 0,                 0,                 0,   -0.008691262185,    0.007675688298,      0.1766164805,                 0,       15.30416759
          0,           0,         292,      -8.684822187,      -9.548685902,      -9.259998202,      -8.135257987,             0.448,     0.01152672958,      0.1764069995,                 0,                 0,                 0,   -0.008691262896,    0.007675688115,      0.1766164737,                 0,       15.30416744
          0,           0,         293,      -8.698154281,      -9.565522978,       -9.27534877,      -8.148621342,             0.448,     0.01152672927,      0.1764069935,                 0,                 0,                 0,   -0.008691263478,     0.00767568794,      0.1766164677,                 0,       15.30416733
          0,           0,         294,      -8.711433275,      -9.582637668,      -9.289980972,      -8.161923482,             0.448,     0.01152672899,      0.1764069883,                 0,                 0,                 0,   -0.008691263951,    0.007675687774,      0.1766164625,                 0,       15.30416725
          0,           0,         295,       -8.72467377,      -9.600028001,      -9.303883751,      -8.175178821,             0.448,     0.01152672873,      0.1764069838,                 0,                 0,                 0,   -0.008691264334,    0.007675687613,      0.1766164579,                 0,        15.3041672
          0,           0,         296,      -8.737890747,      -9.617687453,      -9.317062636,      -8.188402236,             0.448,     0.01152672849,      0.1764069798,                 0,                 0,                 0,   -0.008691264644,    0.007675687458,       0.176616454,                 0,       15.30416717
          0,           0,         297,       -8.75109937,      -9.635604908,      -9.329539443,      -8.201608867,             0.448,     0.01152672826,      0.1764069763,                 0,                 0,                 0,   -0.008691264899,    0.007675687308,      0.1766164505,                 0,       15.30416717
          0,           0,         298,      -8.764314807,      -9.653764651,      -9.341351208,      -8.214813934,             0.448,     0.01152672805,      0.1764069732,                 0,                 0,                 0,   -0.008691265116,    0.007675687161,      0.1766164474,                 0,       15.30416719
          0,           0,         299,      -8.777552049,      -9.672146531,      -9.352548483,      -8.228032554,             0.448,     0.01152672785,      0.1764069705,                 0,                 0,                 0,   -0.008691265308,    0.007675687018,      0.1766164446,                 0,       15.30416722
          0,           0,         300,      -8.790825762,      -9.690726166,      -9.363193135,      -8.241279587,             0.448,     0.01152672765,       0.176406968,                 0,                 0,                 0,   -0.008691265492,    0.007675686878,      0.1766164421,                 0,       15.30416726
          0,           0,         301,      -8.804150132,      -9.709475073,      -9.373355838,      -8.254569486,             0.448,     0.01152672746,      0.1764069657,                 0,                 0,                 0,   -0.008691265678,    0.007675686739,      0.1766164398,                 0,       15.30416731
          0,           0,         302,      -8.817538744,       -9.72836079,       -9.38311343,       -8.26791617,             0.448,     0.01152672728,      0.1764069635,                 0,                 0,                 0,   -0.008691265879,    0.007675686602,      0.1766164377,                 0,       15.30416737
          0,           0,         303,      -8.831004459,      -9.747346829,      -9.392546321,      -8.281332904,             0.448,      0.0115267271,      0.1764069615,                 0,                 0,                 0,   -0.008691266106,    0.007675686467,      0.1766164356,                 0,       15.30416743
          0,           0,         304,      -8.844559313,      -9.766392717,      -9.401736102,      -8.294832192,             0.448,     0.01152672692,      0.1764069594,                 0,                 0,                 0,   -0.008691266369,    0.007675686332,      0.1766164336,                 0,       15.30416749
          0,           0,         305,       -8.85821442,      -9.785453969,      -9.410763455,      -8.308425683,             0.448,     0.01152672674,      0.1764069574,                 0,                 0,                 0,   -0.008691266674,    0.007675686197,      0.1766164315,                 0,       15.30416755
          0,           0,         306,      -8.871979892,      -9.804482284,      -9.419706458,      -8.322124082,             0.448,     0.01152672656,      0.1764069553,                 0,                 0,                 0,   -0.008691267031,    0.007675686062,      0.1766164294,                 0,       15.30416761
          0,           0,         307,      -8.885864767,      -9.823425919,      -9.428639272,      -8.335937078,             0.448,     0.01152672638,      0.1764069531,                 0,                 0,                 0,   -0.008691267445,    0.007675685927,      0.1766164272,                 0,       15.30416767
          0,           0,         308,      -8.899876943,      -9.842230286,      -9.437631215,      -8.349873275,             0.448,     0.01152672619,      0.1764069508,                 0,                 0,                 0,   -0.008691267921,    0.007675685791,      0.1766164249,                 0,       15.30416771
          0,           0,         309,      -8.914023124,      -9.860838841,       -9.44674617,      -8.363940129,             0.448,       0.011526726,      0.1764069483,                 0,                 0,                 0,   -0.008691268464,    0.007675685654,      0.1766164224,                 0,       15.30416775
          0,           0,         310,       -8.92830877,      -9.879194183,      -9.456042276,      -8.378143898,             0.448,      0.0115267258,      0.1764069456,                 0,                 0,                 0,   -0.008691269077,    0.007675685516,      0.1766164197,                 0,       15.30416778
          0,           0,         311,      -8.942738054,      -9.897239315,      -9.465571847,      -8.392489588,             0.448,      0.0115267256,      0.1764069428,                 0,                 0,                 0,   -0.008691269763,    0.007675685376,      0.1766164169,                 0,        15.3041678
          0,           0,         312,      -8.957313829,      -9.914919121,       -9.47538147,      -8.406980911,             0.448,     0.01152672539,      0.1764069396,                 0,                 0,                 0,   -0.008691270522,    0.007675685235,      0.1766164138,                 0,       15.30416781
          0,           0,         313,      -8.972037597,       -9.93218192,      -9.485512219,      -8.421620251,             0.448,     0.01152672517,      0.1764069363,                 0,                 0,                 0,   -0.008691271356,    0.007675685091,      0.1766164104,                 0,        15.3041678
          0,           0,         314,      -8.986909485,      -9.948981012,      -9.495999969,      -8.436408627,             0.448,     0.01152672495,      0.1764069327,                 0,                 0,                 0,   -0.008691272265,    0.007675684946,      0.1766164068,                 0,       15.30416779
          0,           0,         315,      -9.001928232,      -9.965276287,      -9.506875744,      -8.451345674,             0.448,     0.01152672472,      0.1764069288,                 0,                 0,                 0,   -0.008691273248,    0.007675684799,       0.176616403,                 0,       15.30416776
          0,           0,         316,      -9.017091178,      -9.981035631,      -9.518166092,      -8.466429621,             0.448,     0.01152672448,      0.1764069247,                 0,                 0,                 0,   -0.008691274303,     0.00767568465,      0.1766163988,                 0,       15.30416772
          0,           0,         317,      -9.032394265,      -9.996236084,      -9.529893459,      -8.481657282,             0.448,     0.01152672423,      0.1764069203,                 0,                 0,                 0,    -0.00869127543,    0.007675684498,      0.1766163944,                 0,       15.30416767
          0,           0,         318,      -9.047832043,      -10.01086482,      -9.542076531,      -8.497024056,             0.448,     0.01152672398,      0.1764069156,                 0,                 0,                 0,   -0.008691276626,    0.007675684344,      0.1766163897,                 0,        15.3041676
          0,           0,         319,      -9.063397687,      -10.02491943,      -9.554730556,      -8.512523931,             0.448,     0.01152672371,      0.1764069107,                 0,                 0,                 0,   -0.008691277888,    0.007675684188,      0.1766163848,                 0,       15.30416752
          0,           0,         320,      -9.079083019,      -10.03840816,      -9.567867607,      -8.528149498,             0.448,     0.01152672344,      0.1764069055,                 0,                 0,                 0,   -0.008691279213,     0.00767568403,      0.1766163796,                 0,       15.30416743
          0,           0,         321,      -9.094878548,      -10.05134931,      -9.581496812,      -8.543891976,             0.448,     0.01152672316,         0.1764069,                 0,                 0,                 0,   -0.008691280598,     0.00767568387,      0.1766163741,                 0,       15.30416733
          0,           0,         322,      -9.110773508,      -10.06377036,      -9.595624521,      -8.559741249,             0.448,     0.01152672287,      0.1764068943,                 0,                 0,                 0,   -0.008691282039,    0.007675683708,      0.1766163683,                 0,       15.30416721
          0,           0,         323,      -9.126755919,      -10.07570695,      -9.610254425,      -8.575685902,             0.448,     0.01152672258,      0.1764068883,                 0,                 0,                 0,   -0.008691283533,    0.007675683543,      0.1766163623,                 0,       15.30416708
          0,           0,         324,      -9.142812654,      -10.08720129,      -9.625387608,      -8.591713285,             0.448,     0.01152672228,      0.1764068821,                 0,                 0,                 0,   -0.008691285075,    0.007675683377,      0.1766163561,                 0,       15.30416695
          0,           0,         325,      -9.158929518,      -10.09830061,      -9.641022556,       -8.60780958,             0.448,     0.01152672197,      0.1764068756,                 0,                 0,                 0,   -0.008691286662,    0.007675683209,      0.1766163497,                 0,        15.3041668
          0,           0,         326,      -9.175091346,      -10.10905565,      -9.657155102,      -8.623959881,             0.448,     0.01152672165,      0.1764068689,                 0,                 0,                 0,   -0.008691288288,    0.007675683039,       0.176616343,                 0,       15.30416664
          0,           0,         327,      -9.191282117,      -10.11951905,       -9.67377831,      -8.640148305,             0.448,     0.01152672133,      0.1764068621,                 0,                 0,                 0,   -0.008691289951,    0.007675682867,      0.1766163361,                 0,       15.30416647
          0,           0,         328,      -9.207485084,      -10.12974412,      -9.690882298,      -8.656358104,             0.448,       0.011526721,       0.176406855,                 0,                 0,                 0,   -0.008691291644,    0.007675682694,       0.176616329,                 0,       15.30416629
          0,           0,         329,      -9.223682929,      -10.13978356,      -9.708454008,       -8.67257182,             0.448,     0.01152672067,      0.1764068477,                 0,                 0,                 0,   -0.008691293365,    0.007675682519,      0.1766163218,                 0,        15.3041661
          0,           0,         330,      -9.239857938,      -10.14968852,      -9.726476901,      -8.688771446,             0.448,     0.01152672033,      0.1764068403,                 0,                 0,                 0,   -0.008691295108,    0.007675682343,      0.1766163144,                 0,       15.30416591
          0,           0,         331,      -9.255992197,      -10.15950789,      -9.744930603,      -8.704938626,             0.448,     0.01152671999,      0.1764068328,                 0,                 0,                 0,   -0.008691296869,    0.007675682165,      0.1766163068,                 0,       15.30416571
          0,           0,         332,      -9.272067816,      -10.16928778,      -9.763790483,      -8.721054878,             0.448,     0.01152671964,      0.1764068251,                 0,                 0,                 0,   -0.008691298643,    0.007675681987,      0.1766162991,                 0,        15.3041655
          0,           0,         333,      -9.288067167,      -10.17907107,      -9.783027197,      -8.737101837,             0.448,     0.01152671929,      0.1764068173,                 0,                 0,                 0,   -0.008691300427,    0.007675681807,      0.1766162913,                 0,       15.30416529
          0,           0,         334,       -9.30397315,      -10.18889727,       -9.80260618,      -8.753061529,             0.448,     0.01152671894,      0.1764068094,                 0,                 0,                 0,   -0.008691302215,    0.007675681626,      0.1766162834,                 0,       15.30416507
          0,           0,         335,      -9.319769471,      -10.19880231,      -9.822487171,      -8.768916664,             0.448,     0.01152671858,      0.1764068014,                 0,                 0,                 0,   -0.008691304005,    0.007675681445,      0.1766162754,                 0,       15.30416485
          0,           0,         336,       -9.33544093,       -10.2088187,      -9.842623707,      -8.784650943,             0.448,     0.01152671823,      0.1764067934,                 0,                 0,                 0,    -0.00869130579,    0.007675681262,      0.1766162674,                 0,       15.30416463
          0,           0,         337,      -9.350973722,      -10.21897555,      -9.862962735,      -8.800249385,             0.448,     0.01152671787,      0.1764067853,                 0,                 0,                 0,   -0.008691307569,     0.00767568108,      0.1766162593,                 0,        15.3041644
          0,           0,         338,      -9.366355744,      -10.22929858,      -9.883444338,      -8.815698657,             0.448,     0.01152671751,      0.1764067771,                 0,                 0,                 0,   -0.008691309336,    0.007675680897,      0.1766162511,                 0,       15.30416418
          0,           0,         339,      -9.381576875,      -10.23981066,      -9.904001613,      -8.830987396,             0.448,     0.01152671715,       0.176406769,                 0,                 0,                 0,   -0.008691311087,    0.007675680715,       0.176616243,                 0,       15.30416395
          0,           0,         340,      -9.396629273,      -10.25053188,      -9.924560844,      -8.846106536,             0.448,     0.01152671679,      0.1764067608,                 0,                 0,                 0,   -0.008691312819,    0.007675680532,      0.1766162348,                 0,       15.30416372
          0,           0,         341,      -9.411507598,      -10.26148012,      -9.945041949,      -8.861049565,             0.448,     0.01152671643,      0.1764067527,                 0,                 0,                 0,   -0.008691314528,    0.007675680351,      0.1766162267,                 0,       15.30416349
          0,           0,         342,       -9.42620921,      -10.27267153,      -9.965359332,      -8.875812745,             0.448,     0.01152671607,      0.1764067446,                 0,                 0,                 0,   -0.008691316209,     0.00767568017,      0.1766162186,                 0,       15.30416326
          0,           0,         343,       -9.44073427,      -10.28412087,      -9.985423192,      -8.890395215,             0.448,     0.01152671572,      0.1764067366,                 0,                 0,                 0,   -0.008691317859,    0.007675679991,      0.1766162106,                 0,       15.30416304
          0,           0,         344,      -9.455085759,      -10.29584184,      -10.00514135,      -8.904798993,             0.448,     0.01152671537,      0.1764067287,                 0,                 0,                 0,   -0.008691319474,    0.007675679814,      0.1766162026,                 0,       15.30416281
          0,           0,         345,      -9.469269405,       -10.3078474,      -10.02442166,      -8.919028873,             0.448,     0.01152671502,      0.1764067209,                 0,                 0,                 0,    -0.00869132105,     0.00767567964,      0.1766161948,                 0,       15.30416259
          0,           0,         346,      -9.483293546,      -10.32014887,      -10.04317504,      -8.933092274,             0.448,     0.01152671468,      0.1764067132,                 0,                 0,                 0,   -0.008691322583,    0.007675679468,      0.1766161871,                 0,       15.30416238
          0,           0,         347,      -9.497168968,      -10.33275582,      -10.06131888,      -8.946999098,             0.448,     0.01152671435,      0.1764067056,                 0,                 0,                 0,   -0.008691324071,      0.0076756793,      0.1766161796,                 0,       15.30416217
          0,           0,         348,       -9.51090873,      -10.34567476,      -10.07878066,      -8.960761619,             0.448,     0.01152671402,      0.1764066983,                 0,                 0,                 0,   -0.008691325511,    0.007675679135,      0.1766161722,                 0,       15.30416196
          0,           0,         349,      -9.524527967,      -10.35890874,      -10.09550129,      -8.974394357,             0.448,      0.0115267137,      0.1764066911,                 0,                 0,                 0,     -0.0086913269,    0.007675678974,       0.176616165,                 0,       15.30416176
          0,           0,         350,      -9.538043659,      -10.37245664,      -10.11143799,      -8.987913895,             0.448,     0.01152671339,      0.1764066841,                 0,                 0,                 0,   -0.008691328238,    0.007675678817,       0.176616158,                 0,       15.30416156
          0,           0,         351,      -9.551474352,      -10.38631291,       -10.1265663,      -9.001338615,             0.448,     0.01152671309,      0.1764066773,                 0,                 0,                 0,   -0.008691329522,    0.007675678664,      0.1766161512,                 0,       15.30416137
          0,           0,         352,      -9.564839813,      -10.40046779,      -10.14088125,      -9.014688318,             0.448,      0.0115267128,      0.1764066707,                 0,                 0,                 0,   -0.008691330752,    0.007675678516,      0.1766161446,                 0,       15.30416119
          0,           0,         353,      -9.578160672,      -10.41490775,      -10.15439755,      -9.027983843,             0.448,     0.01152671252,      0.1764066643,                 0,                 0,                 0,   -0.008691331927,    0.007675678373,      0.1766161382,                 0,       15.30416101
          0,           0,         354,      -9.591458046,      -10.42961649,      -10.16714874,      -9.041246646,             0.448,     0.01152671225,      0.1764066582,                 0,                 0,                 0,   -0.008691333047,    0.007675678235,      0.1766161321,                 0,       15.30416084
          0,           0,         355,      -9.604753166,      -10.44457578,      -10.17918561,      -9.054498411,             0.448,     0.01152671199,      0.1764066523,                 0,                 0,                 0,   -0.008691334113,    0.007675678101,      0.1766161262,                 0,       15.30416068
          0,           0,         356,      -9.618067083,       -10.4597661,      -10.19057361,       -9.06776073,             0.448,     0.01152671173,      0.1764066466,                 0,                 0,                 0,   -0.008691335125,    0.007675677973,      0.1766161205,                 0,       15.30416052
          0,           0,         357,      -9.631420363,      -10.47516774,      -10.20138994,      -9.081054797,             0.448,     0.01152671149,      0.1764066411,                 0,                 0,                 0,   -0.008691336084,    0.007675677849,       0.176616115,                 0,       15.30416036
          0,           0,         358,      -9.644832846,      -10.49076035,      -10.21172023,       -9.09440114,             0.448,     0.01152671126,      0.1764066359,                 0,                 0,                 0,    -0.00869133699,    0.007675677731,      0.1766161098,                 0,       15.30416022
          0,           0,         359,      -9.658323415,       -10.5065238,      -10.22165513,      -9.107819382,             0.448,     0.01152671104,      0.1764066309,                 0,                 0,                 0,   -0.008691337846,    0.007675677618,      0.1766161048,                 0,       15.30416008
          0,           0,         360,      -9.671909811,       -10.5224372,      -10.23128723,      -9.121328048,             0.448,     0.01152671082,      0.1764066261,                 0,                 0,                 0,   -0.008691338651,     0.00767567751,         0.1766161,                 0,       15.30415995
          0,           0,         361,      -9.685608465,       -10.5384794,      -10.24070828,      -9.134944382,             0.448,     0.01152671062,      0.1764066215,                 0,                 0,                 0,   -0.008691339408,    0.007675677408,      0.1766160954,                 0,       15.30415982
          0,           0,         362,      -9.699434383,       -10.5546287,      -10.25000695,      -9.148684226,             0.448,     0.01152671043,      0.1764066172,                 0,                 0,                 0,   -0.008691340118,     0.00767567731,       0.176616091,                 0,        15.3041597
          0,           0,         363,      -9.713401026,      -10.57086356,       -10.2592672,      -9.162561895,             0.448,     0.01152671025,      0.1764066131,                 0,                 0,                 0,   -0.008691340782,    0.007675677217,      0.1766160869,                 0,       15.30415958
          0,           0,         364,      -9.727520247,      -10.58716169,      -10.26856714,      -9.176590106,             0.448,     0.01152671007,      0.1764066091,                 0,                 0,                 0,   -0.008691341402,     0.00767567713,       0.176616083,                 0,       15.30415947
          0,           0,         365,      -9.741802229,      -10.60350149,      -10.27797831,      -9.190779915,             0.448,     0.01152670991,      0.1764066054,                 0,                 0,                 0,    -0.00869134198,    0.007675677047,      0.1766160793,                 0,       15.30415937
          0,           0,         366,      -9.756255425,      -10.61986263,       -10.2875653,      -9.205140647,             0.448,     0.01152670975,       0.176406602,                 0,                 0,                 0,   -0.008691342516,    0.007675676968,      0.1766160758,                 0,       15.30415927
          0,           0,         367,      -9.770886556,      -10.63622445,       -10.2973858,      -9.219679896,             0.448,     0.01152670961,      0.1764065987,                 0,                 0,                 0,   -0.008691343013,    0.007675676895,      0.1766160725,                 0,       15.30415918
          0,           0,         368,      -9.785700559,      -10.65256864,      -10.30749064,      -9.234403463,             0.448,     0.01152670947,      0.1764065956,                 0,                 0,                 0,   -0.008691343473,    0.007675676825,      0.1766160694,                 0,       15.30415909
          0,           0,         369,      -9.800700614,      -10.66887735,      -10.31792416,      -9.249315374,             0.448,     0.01152670934,      0.1764065927,                 0,                 0,                 0,   -0.008691343896,     0.00767567676,      0.1766160665,                 0,       15.30415901
          0,           0,         370,      -9.815888126,      -10.68513468,       -10.3287246,      -9.264417865,             0.448,     0.01152670922,      0.1764065899,                 0,                 0,                 0,   -0.008691344285,      0.0076756767,      0.1766160638,                 0,       15.30415893
          0,           0,         371,      -9.831262742,      -10.70132622,      -10.33992455,      -9.279711391,             0.448,     0.01152670911,      0.1764065874,                 0,                 0,                 0,    -0.00869134464,    0.007675676643,      0.1766160612,                 0,       15.30415886
          0,           0,         372,      -9.846822378,      -10.71743901,       -10.3515515,      -9.295194647,             0.448,     0.01152670901,       0.176406585,                 0,                 0,                 0,   -0.008691344965,     0.00767567659,      0.1766160589,                 0,        15.3041588
          0,           0,         373,       -9.86256323,      -10.73346301,      -10.36362827,      -9.310864581,             0.448,     0.01152670891,      0.1764065828,                 0,                 0,                 0,   -0.008691345259,     0.00767567654,      0.1766160567,                 0,       15.30415873
          0,           0,         374,      -9.878479824,      -10.74938952,      -10.37617349,      -9.326716437,             0.448,     0.01152670882,      0.1764065808,                 0,                 0,                 0,   -0.008691345525,    0.007675676495,      0.1766160546,                 0,       15.30415868
          0,           0,         375,      -9.894565048,      -10.76521238,      -10.38920207,      -9.342743788,             0.448,     0.01152670873,      0.1764065789,                 0,                 0,                 0,   -0.008691345765,    0.007675676452,      0.1766160527,                 0,       15.30415862
          0,           0,         376,      -9.910810207,       -10.7809282,      -10.40272545,      -9.358938577,             0.448,     0.01152670866,      0.1764065771,                 0,                 0,                 0,   -0.008691345979,    0.007675676413,       0.176616051,                 0,       15.30415858
          0,           0,         377,      -9.927205076,      -10.79653602,      -10.41675209,      -9.375291179,             0.448,     0.01152670859,      0.1764065755,                 0,                 0,                 0,   -0.008691346169,    0.007675676377,      0.1766160494,                 0,       15.30415853
          0,           0,         378,      -9.943737958,      -10.81203804,      -10.43128756,      -9.391790441,             0.448,     0.01152670852,      0.1764065741,                 0,                 0,                 0,   -0.008691346337,    0.007675676344,      0.1766160479,                 0,       15.30415849
          0,           0,         379,      -9.960395773,      -10.82743816,      -10.44633482,       -9.40842377,             0.448,     0.01152670846,      0.1764065727,                 0,                 0,                 0,   -0.008691346484,    0.007675676313,      0.1766160466,                 0,       15.30415845
          0,           0,         380,      -9.977164138,      -10.84274307,       -10.4618944,      -9.425177199,             0.448,     0.01152670841,      0.1764065715,                 0,                 0,                 0,   -0.008691346611,    0.007675676286,      0.1766160454,                 0,       15.30415842
          0,           0,         381,      -9.994027444,       -10.8579616,      -10.47796437,      -9.442035468,             0.448,     0.01152670836,      0.1764065704,                 0,                 0,                 0,    -0.00869134672,    0.007675676261,      0.1766160443,                 0,       15.30415839
          0,           0,         382,      -10.01096899,      -10.87310447,      -10.49454043,      -9.458982121,             0.448,     0.01152670831,      0.1764065694,                 0,                 0,                 0,   -0.008691346812,    0.007675676238,      0.1766160433,                 0,       15.30415836
          0,           0,         383,      -10.02797107,      -10.88818421,      -10.51161587,      -9.475999637,             0.448,     0.01152670827,      0.1764065685,                 0,                 0,                 0,   -0.008691346888,    0.007675676218,      0.1766160424,                 0,       15.30415834
          0,           0,         384,      -10.04501517,      -10.90321491,      -10.52918148,      -9.493069524,             0.448,     0.01152670824,      0.1764065678,                 0,                 0,                 0,    -0.00869134695,      0.0076756762,      0.1766160416,                 0,       15.30415832
          0,           0,         385,      -10.06208204,      -10.91821161,      -10.54722535,      -9.510172487,             0.448,     0.01152670821,      0.1764065671,                 0,                 0,                 0,   -0.008691346999,    0.007675676184,      0.1766160409,                 0,        15.3041583
          0,           0,         386,      -10.07915193,      -10.93319076,      -10.56573268,      -9.527288583,             0.448,     0.01152670818,      0.1764065664,                 0,                 0,                 0,   -0.008691347035,    0.007675676169,      0.1766160403,                 0,       15.30415828
          0,           0,         387,      -10.09620476,      -10.94816926,      -10.58468549,      -9.544397408,             0.448,     0.01152670816,      0.1764065659,                 0,                 0,                 0,    -0.00869134706,    0.007675676157,      0.1766160397,                 0,       15.30415827
          0,           0,         388,      -10.11322033,      -10.96316454,      -10.60406228,      -9.561478312,             0.448,     0.01152670814,      0.1764065655,                 0,                 0,                 0,   -0.008691347075,    0.007675676146,      0.1766160393,                 0,       15.30415825
          0,           0,         389,      -10.13017855,      -10.97819508,       -10.6238376,      -9.578510619,             0.448,     0.01152670812,      0.1764065651,                 0,                 0,                 0,   -0.008691347081,    0.007675676137,      0.1766160389,                 0,       15.30415824
          0,           0,         390,      -10.14705974,      -10.99327904,      -10.64398157,      -9.595473895,             0.448,      0.0115267081,      0.1764065647,                 0,                 0,                 0,   -0.008691347079,     0.00767567613,      0.1766160386,                 0,       15.30415823
          0,           0,         391,      -10.16384483,      -11.00843446,      -10.66445947,      -9.612348221,             0.448,     0.01152670809,      0.1764065645,                 0,                 0,                 0,    -0.00869134707,    0.007675676124,      0.1766160383,                 0,       15.30415823
          0,           0,         392,      -10.18051569,      -11.02367996,      -10.68523115,      -9.629114477,             0.448,     0.01152670808,      0.1764065643,                 0,                 0,                 0,   -0.008691347055,    0.007675676119,      0.1766160381,                 0,       15.30415822
          0,           0,         393,      -10.19705539,       -11.0390328,      -10.70625051,       -9.64575464,             0.448,     0.01152670808,      0.1764065641,                 0,                 0,                 0,   -0.008691347034,    0.007675676116,      0.1766160379,                 0,       15.30415822
          0,           0,         394,      -10.21344851,       -11.0545106,       -10.7274651,      -9.662252103,             0.448,     0.01152670807,       0.176406564,                 0,                 0,                 0,   -0.008691347008,    0.007675676113,      0.1766160378,                 0,       15.30415821
          0,           0,         395,      -10.22968141,       -11.0701298,      -10.74881573,      -9.678591955,             0.448,     0.01152670807,      0.1764065639,                 0,                 0,                 0,   -0.008691346978,    0.007675676112,      0.1766160378,                 0,       15.30415821
          0,           0,         396,      -10.24574251,      -11.08590665,       -10.7702363,      -9.694761306,             0.448,     0.01152670807,      0.1764065639,                 0,                 0,                 0,   -0.008691346945,    0.007675676111,      0.1766160377,                 0,       15.30415821
          0,           0,         397,      -10.26162252,      -11.10185517,      -10.79165384,      -9.710749537,             0.448,     0.01152670807,      0.1764065639,                 0,                 0,                 0,    -0.00869134691,    0.007675676112,      0.1766160377,                 0,       15.30415821
          0,           0,         398,      -10.27731469,      -11.11798931,      -10.81298886,      -9.726548602,             0.448,     0.01152670807,      0.1764065639,                 0,                 0,                 0,   -0.008691346872,    0.007675676113,      0.1766160378,                 0,       15.30415821
          0,           0,         399,      -10.29281498,      -11.13432203,      -10.83415607,      -9.742153194,             0.448,     0.01152670807,       0.176406564,                 0,                 0,                 0,   -0.008691346832,    0.007675676115,      0.1766160378,                 0,       15.30415821
          0,           0,         400,       -10.3081222,      -11.15086436,      -10.85506562,      -9.757560956,             0.448,     0.01152670808,      0.1764065641,                 0,                 0,                 0,   -0.008691346792,    0.007675676117,      0.1766160379,                 0,       15.30415821
          0,           0,         401,      -10.32323802,      -11.16762676,      -10.87562465,      -9.772772493,             0.448,     0.01152670808,      0.1764065642,                 0,                 0,                 0,    -0.00869134675,     0.00767567612,       0.176616038,                 0,       15.30415822
          0,           0,         402,      -10.33816693,      -11.18461878,      -10.89573957,      -9.787791328,             0.448,     0.01152670809,      0.1764065643,                 0,                 0,                 0,   -0.008691346709,    0.007675676124,      0.1766160381,                 0,       15.30415822
          0,           0,         403,      -10.35291608,      -11.20184863,      -10.91531875,      -9.802623703,             0.448,     0.01152670809,      0.1764065644,                 0,                 0,                 0,   -0.008691346668,    0.007675676127,      0.1766160383,                 0,       15.30415822
          0,           0,         404,      -10.36749506,      -11.21932368,      -10.93427576,      -9.817278318,             0.448,      0.0115267081,      0.1764065646,                 0,                 0,                 0,   -0.008691346628,    0.007675676131,      0.1766160384,                 0,       15.30415822
          0,           0,         405,      -10.38191562,      -11.23704979,      -10.95253302,      -9.831766096,             0.448,     0.01152670811,      0.1764065647,                 0,                 0,                 0,   -0.008691346588,    0.007675676135,      0.1766160386,                 0,       15.30415823
          0,           0,         406,      -10.39619148,      -11.25502981,      -10.97002542,      -9.846099982,             0.448,     0.01152670812,      0.1764065649,                 0,                 0,                 0,    -0.00869134655,     0.00767567614,      0.1766160387,                 0,       15.30415823
          0,           0,         407,      -10.41033807,      -11.27326381,       -10.9867036,      -9.860294782,             0.448,     0.01152670812,      0.1764065651,                 0,                 0,                 0,   -0.008691346514,    0.007675676144,      0.1766160389,                 0,       15.30415824
          0,           0,         408,      -10.42437233,       -11.2917471,      -11.00253654,      -9.874367013,             0.448,     0.01152670813,      0.1764065652,                 0,                 0,                 0,   -0.008691346479,    0.007675676148,      0.1766160391,                 0,       15.30415824
          0,           0,         409,      -10.43831248,      -11.31047133,      -11.01751314,      -9.888334633,             0.448,     0.01152670814,      0.1764065654,                 0,                 0,                 0,   -0.008691346446,    0.007675676152,      0.1766160392,                 0,       15.30415824
          0,           0,         410,      -10.45217766,      -11.32942248,      -11.03164269,      -9.902216749,             0.448,     0.01152670815,      0.1764065656,                 0,                 0,                 0,   -0.008691346415,    0.007675676156,      0.1766160394,                 0,       15.30415825
          0,           0,         411,      -10.46598768,      -11.34858196,      -11.04495414,      -9.916033234,             0.448,     0.01152670816,      0.1764065657,                 0,                 0,                 0,   -0.008691346387,     0.00767567616,      0.1766160396,                 0,       15.30415825
          0,           0,         412,      -10.47976266,      -11.36792579,      -11.05749466,      -9.929804436,             0.448,     0.01152670816,      0.1764065659,                 0,                 0,                 0,   -0.008691346361,    0.007675676164,      0.1766160397,                 0,       15.30415826
          0,           0,         413,      -10.49352268,      -11.38742698,      -11.06932706,      -9.943550765,             0.448,     0.01152670817,       0.176406566,                 0,                 0,                 0,   -0.008691346338,    0.007675676168,      0.1766160399,                 0,       15.30415826
          0,           0,         414,      -10.50728762,      -11.40705363,      -11.08052693,      -9.957292523,             0.448,     0.01152670818,      0.1764065662,                 0,                 0,                 0,   -0.008691346317,    0.007675676171,        0.17661604,                 0,       15.30415826
          0,           0,         415,      -10.52107681,      -11.42677148,      -11.09117919,      -9.971049541,             0.448,     0.01152670818,      0.1764065663,                 0,                 0,                 0,   -0.008691346299,    0.007675676175,      0.1766160401,                 0,       15.30415827
          0,           0,         416,      -10.53490885,      -11.44654391,      -11.10137479,      -9.984841036,             0.448,     0.01152670819,      0.1764065664,                 0,                 0,                 0,   -0.008691346284,    0.007675676177,      0.1766160403,                 0,       15.30415827
          0,           0,         417,      -10.54880147,      -11.46633266,      -11.11120755,       -9.99868538,             0.448,     0.01152670819,      0.1764065666,                 0,                 0,                 0,   -0.008691346271,     0.00767567618,      0.1766160404,                 0,       15.30415827
          0,           0,         418,      -10.56277129,      -11.48609625,      -11.12077115,      -10.01259989,             0.448,      0.0115267082,      0.1764065667,                 0,                 0,                 0,   -0.008691346261,    0.007675676183,      0.1766160405,                 0,       15.30415828
          0,           0,         419,      -10.57683369,      -11.50579147,      -11.13015668,      -10.02660072,             0.448,      0.0115267082,      0.1764065668,                 0,                 0,                 0,   -0.008691346254,    0.007675676185,      0.1766160406,                 0,       15.30415828
          0,           0,         420,      -10.59100274,      -11.52537238,      -11.13945089,      -10.04070272,             0.448,     0.01152670821,      0.1764065669,                 0,                 0,                 0,    -0.00869134625,    0.007675676187,      0.1766160407,                 0,       15.30415828
          0,           0,         421,      -10.60529105,      -11.54479326,      -11.14873481,      -10.05491934,             0.448,     0.01152670821,      0.1764065669,                 0,                 0,                 0,   -0.008691346248,    0.007675676188,      0.1766160408,                 0,       15.30415828
          0,           0,         422,      -10.61970975,      -11.56400547,      -11.15808302,      -10.06926253,             0.448,     0.01152670821,       0.176406567,                 0,                 0,                 0,   -0.008691346248,    0.007675676189,      0.1766160408,                 0,       15.30415829
          0,           0,         423,      -10.63426836,      -11.58296244,      -11.16756306,      -10.08374269,             0.448,     0.01152670821,       0.176406567,                 0,                 0,                 0,   -0.008691346251,     0.00767567619,      0.1766160409,                 0,       15.30415829
          0,           0,         424,      -10.64897479,      -11.60161763,      -11.17723548,      -10.09836857,             0.448,     0.01152670822,      0.1764065671,                 0,                 0,                 0,   -0.008691346256,    0.007675676191,      0.1766160409,                 0,       15.30415829
          0,           0,         425,      -10.66383532,      -11.61992857,      -11.18715386,      -10.11314736,             0.448,     0.01152670822,      0.1764065671,                 0,                 0,                 0,   -0.008691346264,    0.007675676191,       0.176616041,                 0,       15.30415829
          0,           0,         426,      -10.67885449,      -11.63785451,      -11.19736516,      -10.12808445,             0.448,     0.01152670822,      0.1764065671,                 0,                 0,                 0,   -0.008691346273,    0.007675676191,       0.176616041,                 0,       15.30415829
          0,           0,         427,       -10.6940352,      -11.65535937,       -11.2079101,      -10.14318362,             0.448,     0.01152670822,      0.1764065672,                 0,                 0,                 0,   -0.008691346285,    0.007675676191,       0.176616041,                 0,       15.30415829
          0,           0,         428,      -10.70937863,      -11.67241252,      -11.21882361,      -10.15844686,             0.448,     0.01152670822,      0.1764065671,                 0,                 0,                 0,   -0.008691346298,    0.007675676191,       0.176616041,                 0,       15.30415829
          0,           0,         429,      -10.72488424,      -11.68899109,      -11.23013531,      -10.17387448,             0.448,     0.01152670822,      0.1764065671,                 0,                 0,                 0,   -0.008691346314,     0.00767567619,       0.176616041,                 0,       15.30415829
          0,           0,         430,      -10.74054987,       -11.7050753,       -11.2418701,      -10.18946512,             0.448,     0.01152670821,      0.1764065671,                 0,                 0,                 0,   -0.008691346331,    0.007675676189,      0.1766160409,                 0,       15.30415829
          0,           0,         431,      -10.75637165,       -11.7206558,      -11.25404854,      -10.20521566,             0.448,     0.01152670821,      0.1764065671,                 0,                 0,                 0,   -0.008691346349,    0.007675676188,      0.1766160409,                 0,       15.30415829
          0,           0,         432,      -10.77234412,      -11.73572964,      -11.26668733,      -10.22112139,             0.448,     0.01152670821,       0.176406567,                 0,                 0,                 0,   -0.008691346369,    0.007675676187,      0.1766160409,                 0,       15.30415829
          0,           0,         433,      -10.78846024,      -11.75030224,      -11.27979969,      -10.23717595,             0.448,     0.01152670821,       0.176406567,                 0,                 0,                 0,   -0.008691346391,    0.007675676185,      0.1766160408,                 0,       15.30415829
          0,           0,         434,      -10.80471143,      -11.76438535,      -11.29339573,      -10.25337142,             0.448,     0.01152670821,      0.1764065669,                 0,                 0,                 0,   -0.008691346413,    0.007675676184,      0.1766160408,                 0,       15.30415829
          0,           0,         435,      -10.82108769,      -11.77799798,      -11.30748278,      -10.26969839,             0.448,      0.0115267082,      0.1764065669,                 0,                 0,                 0,   -0.008691346437,    0.007675676182,      0.1766160407,                 0,       15.30415829
          0,           0,         436,      -10.83757758,      -11.79116537,      -11.32206532,      -10.28614597,             0.448,      0.0115267082,      0.1764065668,                 0,                 0,                 0,   -0.008691346462,     0.00767567618,      0.1766160406,                 0,       15.30415829
          0,           0,         437,      -10.85416838,      -11.80391966,      -11.33714562,      -10.30270191,             0.448,     0.01152670819,      0.1764065667,                 0,                 0,                 0,   -0.008691346487,    0.007675676177,      0.1766160405,                 0,       15.30415829
          0,           0,         438,      -10.87084616,      -11.81629466,      -11.35272352,      -10.31935268,             0.448,     0.01152670819,      0.1764065666,                 0,                 0,                 0,   -0.008691346514,    0.007675676175,      0.1766160405,                 0,       15.30415828
          0,           0,         439,      -10.88759583,      -11.82832991,      -11.36879653,      -10.33608353,             0.448,     0.01152670819,      0.1764065665,                 0,                 0,                 0,   -0.008691346541,    0.007675676172,      0.1766160404,                 0,       15.30415828
          0,           0,         440,      -10.90440135,      -11.84006626,       -11.3853599,      -10.35287862,             0.448,     0.01152670818,      0.1764065664,                 0,                 0,                 0,   -0.008691346569,     0.00767567617,      0.1766160403,                 0,       15.30415828
          0,           0,         441,      -10.92124578,      -11.85154372,      -11.40240655,      -10.36972117,             0.448,     0.01152670818,      0.1764065663,                 0,                 0,                 0,   -0.008691346597,    0.007675676167,      0.1766160402,                 0,       15.30415828
          0,           0,         442,      -10.93811145,      -11.86280643,      -11.41992702,      -10.38659352,             0.448,     0.01152670817,      0.1764065662,                 0,                 0,                 0,   -0.008691346626,    0.007675676164,      0.1766160401,                 0,       15.30415828
          0,           0,         443,      -10.95498012,      -11.87389587,        -11.437909,      -10.40347732,             0.448,     0.01152670817,      0.1764065661,                 0,                 0,                 0,   -0.008691346655,    0.007675676161,      0.1766160399,                 0,       15.30415827
          0,           0,         444,      -10.97183315,      -11.88485302,       -11.4563376,      -10.42035371,             0.448,     0.01152670816,       0.176406566,                 0,                 0,                 0,   -0.008691346684,    0.007675676158,      0.1766160398,                 0,       15.30415827
          0,           0,         445,      -10.98865165,        -11.895718,      -11.47519447,      -10.43720343,             0.448,     0.01152670815,      0.1764065659,                 0,                 0,                 0,   -0.008691346713,    0.007675676155,      0.1766160397,                 0,       15.30415827
          0,           0,         446,      -11.00541686,      -11.90652694,      -11.49445813,      -10.45400727,             0.448,     0.01152670815,      0.1764065658,                 0,                 0,                 0,   -0.008691346743,    0.007675676152,      0.1766160396,                 0,       15.30415826
          0,           0,         447,      -11.02211008,      -11.91731799,      -11.51410273,      -10.47074592,             0.448,     0.01152670814,      0.1764065656,                 0,                 0,                 0,   -0.008691346773,    0.007675676149,      0.1766160395,                 0,       15.30415826
          0,           0,         448,      -11.03871326,       -11.9281226,      -11.53409821,      -10.48740059,             0.448,     0.01152670814,      0.1764065655,                 0,                 0,                 0,   -0.008691346802,    0.007675676146,      0.1766160393,                 0,       15.30415826
          0,           0,         449,      -11.05520903,      -11.93897244,      -11.55440976,      -10.50395303,             0.448,     0.01152670813,      0.1764065654,                 0,                 0,                 0,   -0.008691346832,    0.007675676143,      0.1766160392,                 0,       15.30415825
          0,           0,         450,      -11.07158103,       -11.9498961,      -11.57499705,      -10.52038598,             0.448,     0.01152670812,      0.1764065653,                 0,                 0,                 0,   -0.008691346861,    0.007675676139,      0.1766160391,                 0,       15.30415825
          0,           0,         451,      -11.08781417,      -11.96092021,      -11.59581398,      -10.53668332,             0.448,     0.01152670812,      0.1764065651,                 0,                 0,                 0,    -0.00869134689,    0.007675676136,      0.1766160389,                 0,       15.30415825
          0,           0,         452,      -11.10389502,      -11.97206585,      -11.61680808,       -10.5528305,             0.448,     0.01152670811,       0.176406565,                 0,                 0,                 0,   -0.008691346919,    0.007675676133,      0.1766160388,                 0,       15.30415825
          0,           0,         453,      -11.11981196,      -11.98335704,      -11.63792011,      -10.56881481,             0.448,     0.01152670811,      0.1764065649,                 0,                 0,                 0,   -0.008691346948,     0.00767567613,      0.1766160387,                 0,       15.30415824
          0,           0,         454,      -11.13555544,      -11.99481244,      -11.65908488,      -10.58462554,             0.448,      0.0115267081,      0.1764065647,                 0,                 0,                 0,   -0.008691346976,    0.007675676126,      0.1766160385,                 0,       15.30415824
          0,           0,         455,       -11.1511184,      -12.00645005,      -11.68023007,      -10.60025454,             0.448,     0.01152670809,      0.1764065646,                 0,                 0,                 0,   -0.008691347003,    0.007675676123,      0.1766160384,                 0,       15.30415824
          0,           0,         456,      -11.16649626,      -12.01828459,      -11.70127797,       -10.6156962,             0.448,     0.01152670809,      0.1764065645,                 0,                 0,                 0,   -0.008691347031,     0.00767567612,      0.1766160383,                 0,       15.30415823
          0,           0,         457,      -11.18168729,      -12.03032755,      -11.72214522,      -10.63094789,             0.448,     0.01152670808,      0.1764065643,                 0,                 0,                 0,   -0.008691347057,    0.007675676117,      0.1766160382,                 0,       15.30415823
          0,           0,         458,      -11.19669251,      -12.04259522,      -11.74274431,      -10.64600973,             0.448,     0.01152670808,      0.1764065642,                 0,                 0,                 0,   -0.008691347084,    0.007675676113,       0.176616038,                 0,       15.30415823
          0,           0,         459,      -11.21151597,      -12.05509817,      -11.76298679,      -10.66088506,             0.448,     0.01152670807,      0.1764065641,                 0,                 0,                 0,   -0.008691347109,     0.00767567611,      0.1766160379,                 0,       15.30415822
          0,           0,         460,      -11.22616421,      -12.06785067,      -11.78278268,       -10.6755797,             0.448,     0.01152670806,      0.1764065639,                 0,                 0,                 0,   -0.008691347134,    0.007675676107,      0.1766160378,                 0,       15.30415822
          0,           0,         461,      -11.24064658,      -12.08086343,      -11.80204561,      -10.69010227,             0.448,     0.01152670806,      0.1764065638,                 0,                 0,                 0,   -0.008691347158,    0.007675676104,      0.1766160376,                 0,       15.30415822
          0,           0,         462,      -11.25497443,      -12.09415447,      -11.82069534,      -10.70446342,             0.448,     0.01152670805,      0.1764065637,                 0,                 0,                 0,   -0.008691347181,    0.007675676101,      0.1766160375,                 0,       15.30415821
          0,           0,         463,      -11.26916158,      -12.10772581,      -11.83866146,      -10.71867622,             0.448,     0.01152670805,      0.1764065636,                 0,                 0,                 0,   -0.008691347204,    0.007675676098,      0.1766160374,                 0,       15.30415821
          0,           0,         464,      -11.28322343,      -12.12159236,      -11.85588578,      -10.73275544,             0.448,     0.01152670804,      0.1764065635,                 0,                 0,                 0,   -0.008691347225,    0.007675676096,      0.1766160373,                 0,       15.30415821
          0,           0,         465,      -11.29717736,      -12.13575406,      -11.87232732,      -10.74671808,             0.448,     0.01152670804,      0.1764065633,                 0,                 0,                 0,   -0.008691347246,    0.007675676093,      0.1766160372,                 0,        15.3041582
          0,           0,         466,       -11.3110419,      -12.15020859,      -11.88796151,      -10.76058251,             0.448,     0.01152670803,      0.1764065632,                 0,                 0,                 0,   -0.008691347266,     0.00767567609,      0.1766160371,                 0,        15.3041582
          0,           0,         467,      -11.32483688,      -12.16495669,      -11.90278233,      -10.77436847,             0.448,     0.01152670803,      0.1764065631,                 0,                 0,                 0,   -0.008691347285,    0.007675676088,       0.176616037,                 0,        15.3041582
          0,           0,         468,      -11.33858315,      -12.17998074,      -11.91680419,      -10.78809707,             0.448,     0.01152670802,       0.176406563,                 0,                 0,                 0,   -0.008691347303,    0.007675676086,      0.1766160369,                 0,       15.30415819
          0,           0,         469,      -11.35230145,      -12.19527733,      -11.93005755,      -10.80178941,             0.448,     0.01152670802,      0.1764065629,                 0,                 0,                 0,   -0.008691347321,    0.007675676083,      0.1766160368,                 0,       15.30415819
          0,           0,         470,      -11.36601294,      -12.21082288,      -11.94259054,       -10.8154669,             0.448,     0.01152670801,      0.1764065628,                 0,                 0,                 0,   -0.008691347337,    0.007675676081,      0.1766160367,                 0,       15.30415819
          0,           0,         471,      -11.37973853,      -12.22660593,      -11.95446678,      -10.82915099,             0.448,     0.01152670801,      0.1764065627,                 0,                 0,                 0,   -0.008691347353,    0.007675676079,      0.1766160366,                 0,       15.30415819
          0,           0,         472,      -11.39349842,      -12.24260022,      -11.96575892,       -10.8428624,             0.448,     0.01152670801,      0.1764065627,                 0,                 0,                 0,   -0.008691347367,    0.007675676077,      0.1766160365,                 0,       15.30415818
          0,           0,         473,      -11.40731214,      -12.25878851,      -11.97655034,      -10.85662121,             0.448,       0.011526708,      0.1764065626,                 0,                 0,                 0,   -0.008691347381,    0.007675676075,      0.1766160364,                 0,       15.30415818
          0,           0,         474,      -11.42119833,      -12.27516362,      -11.98692803,      -10.87044656,             0.448,       0.011526708,      0.1764065625,                 0,                 0,                 0,   -0.008691347394,    0.007675676073,      0.1766160363,                 0,       15.30415818
          0,           0,         475,      -11.43517461,      -12.29168978,      -11.99698277,       -10.8843568,             0.448,     0.01152670799,      0.1764065624,                 0,                 0,                 0,   -0.008691347406,    0.007675676072,      0.1766160362,                 0,       15.30415818
          0,           0,         476,      -11.44925693,      -12.30836681,      -12.00680347,       -10.8983686,             0.448,     0.01152670799,      0.1764065624,                 0,                 0,                 0,   -0.008691347418,     0.00767567607,      0.1766160362,                 0,       15.30415818
          0,           0,         477,      -11.46346052,      -12.32515599,      -12.01647852,      -10.91249775,             0.448,     0.01152670799,      0.1764065623,                 0,                 0,                 0,   -0.008691347428,    0.007675676068,      0.1766160361,                 0,       15.30415817
          0,           0,         478,      -11.47779884,      -12.34203598,      -12.02608982,      -10.92675839,             0.448,     0.01152670799,      0.1764065622,                 0,                 0,                 0,   -0.008691347438,    0.007675676067,       0.176616036,                 0,       15.30415817
          0,           0,         479,      -11.49228359,      -12.35899539,      -12.03571549,      -10.94116303,             0.448,     0.01152670798,      0.1764065622,                 0,                 0,                 0,   -0.008691347448,    0.007675676066,       0.176616036,                 0,       15.30415817
          0,           0,         480,      -11.50692581,      -12.37599861,      -12.04542652,      -10.95572324,             0.448,     0.01152670798,      0.1764065621,                 0,                 0,                 0,   -0.008691347456,    0.007675676064,      0.1766160359,                 0,       15.30415817
          0,           0,         481,      -11.52173406,      -12.39303759,      -12.05528884,      -10.97044848,             0.448,     0.01152670798,      0.1764065621,                 0,                 0,                 0,   -0.008691347464,    0.007675676063,      0.1766160359,                 0,       15.30415817
          0,           0,         482,      -11.53671563,      -12.41008824,      -12.06535881,      -10.98534672,             0.448,     0.01152670798,       0.176406562,                 0,                 0,                 0,   -0.008691347472,    0.007675676062,      0.1766160358,                 0,       15.30415817
          0,           0,         483,      -11.55187659,      -12.42711621,      -12.07568946,      -11.00042479,             0.448,     0.01152670797,       0.176406562,                 0,                 0,                 0,   -0.008691347478,    0.007675676061,      0.1766160358,                 0,       15.30415817
          0,           0,         484,      -11.56722096,      -12.44412675,      -12.08632612,      -11.01568725,             0.448,     0.01152670797,      0.1764065619,                 0,                 0,                 0,   -0.008691347485,     0.00767567606,      0.1766160357,                 0,       15.30415816
          0,           0,         485,       -11.5827515,      -12.46107516,      -12.09730868,      -11.03113781,             0.448,     0.01152670797,      0.1764065619,                 0,                 0,                 0,    -0.00869134749,    0.007675676059,      0.1766160357,                 0,       15.30415816
          0,           0,         486,      -11.59846878,      -12.47795113,      -12.10867039,      -11.04677767,             0.448,     0.01152670797,      0.1764065618,                 0,                 0,                 0,   -0.008691347495,    0.007675676058,      0.1766160357,                 0,       15.30415816
          0,           0,         487,      -11.61437256,       -12.4947434,      -12.12044116,      -11.06260729,             0.448,     0.01152670797,      0.1764065618,                 0,                 0,                 0,     -0.0086913475,    0.007675676058,      0.1766160356,                 0,       15.30415816
          0,           0,         488,      -11.63046042,      -12.51145297,      -12.13264464,      -11.07862486,             0.448,     0.01152670797,      0.1764065618,                 0,                 0,                 0,   -0.008691347504,    0.007675676057,      0.1766160356,                 0,       15.30415816
          0,           0,         489,      -11.64672864,       -12.5280395,      -12.14530161,      -11.09482735,             0.448,     0.01152670796,      0.1764065617,                 0,                 0,                 0,   -0.008691347508,    0.007675676056,      0.1766160356,                 0,       15.30415816
          0,           0,         490,       -11.6631722,      -12.54451311,      -12.15842856,       -11.1112103,             0.448,     0.01152670796,      0.1764065617,                 0,                 0,                 0,   -0.008691347511,    0.007675676056,      0.1766160355,                 0,       15.30415816
          0,           0,         491,      -11.67978413,      -12.56085382,       -12.1720395,      -11.12776752,             0.448,     0.01152670796,      0.1764065617,                 0,                 0,                 0,   -0.008691347514,    0.007675676055,      0.1766160355,                 0,       15.30415816
          0,           0,         492,      -11.69655637,      -12.57706734,      -12.18614414,      -11.14449144,             0.448,     0.01152670796,      0.1764065617,                 0,                 0,                 0,   -0.008691347517,    0.007675676055,      0.1766160355,                 0,       15.30415816
          0,           0,         493,      -11.71347935,      -12.59314643,      -12.20074992,      -11.16137294,             0.448,     0.01152670796,      0.1764065616,                 0,                 0,                 0,   -0.008691347519,    0.007675676054,      0.1766160355,                 0,       15.30415816
          0,           0,         494,      -11.73054215,      -12.60909747,      -12.21586228,      -11.17840167,             0.448,     0.01152670796,      0.1764065616,                 0,                 0,                 0,    -0.00869134752,    0.007675676054,      0.1766160354,                 0,       15.30415816
          0,           0,         495,       -11.7477322,      -12.62493015,      -12.23148299,      -11.19556566,             0.448,     0.01152670796,      0.1764065616,                 0,                 0,                 0,   -0.008691347522,    0.007675676054,      0.1766160354,                 0,       15.30415815
          0,           0,         496,      -11.76503643,      -12.64063371,      -12.24761348,      -11.21285201,             0.448,     0.01152670796,      0.1764065616,                 0,                 0,                 0,   -0.008691347523,    0.007675676053,      0.1766160354,                 0,       15.30415815
          0,           0,         497,         -11.78244,      -12.65621111,      -12.26425068,      -11.23024641,             0.448,     0.01152670796,      0.1764065616,                 0,                 0,                 0,   -0.008691347524,    0.007675676053,      0.1766160354,                 0,       15.30415815
          0,           0,         498,      -11.79992733,      -12.67170844,      -12.28139188,      -11.24773352,             0.448,     0.01152670796,      0.1764065616,                 0,                 0,                 0,   -0.008691347525,    0.007675676053,      0.1766160354,                 0,       15.30415815
          0,           0,         499,       -11.8174816,      -12.68712825,      -12.29902913,      -11.26529664,             0.448,     0.01152670796,      0.1764065615,                 0,                 0,                 0,   -0.008691347525,    0.007675676052,      0.1766160354,                 0,       15.30415815
          0,           0,         500,      -11.83508527,      -12.70247157,      -12.31715431,      -11.28291848,             0.448,     0.01152670796,      0.1764065615,                 0,                 0,                 0,   -0.008691347526,    0.007675676052,      0.1766160354,                 0,       15.30415815
          0,           0,         501,      -11.85271996,      -12.71776303,      -12.33575605,       -11.3005807,             0.448,     0.01152670796,      0.1764065615,                 0,                 0,                 0,   -0.008691347526,    0.007675676052,      0.1766160354,                 0,       15.30415815
          0,           0,         502,      -11.87036703,      -12.73301033,      -12.35481974,      -11.31826428,             0.448,     0.01152670796,      0.1764065615,                 0,                 0,                 0,   -0.008691347526,    0.007675676052,      0.1766160353,                 0,       15.30415815
          0,           0,         503,      -11.88800687,      -12.74827339,      -12.37432797,      -11.33594967,             0.448,     0.01152670796,      0.1764065615,                 0,                 0,                 0,   -0.008691347525,    0.007675676052,      0.1766160353,                 0,       15.30415815
          0,           0,         504,      -11.90562004,      -12.76352163,      -12.39426041,      -11.35361695,             0.448,     0.01152670795,      0.1764065615,                 0,                 0,                 0,   -0.008691347525,    0.007675676052,      0.1766160353,                 0,       15.30415815
          0,           0,         505,      -11.92318667,      -12.77880343,      -12.41459197,      -11.37124598,             0.448,     0.01152670795,      0.1764065615,                 0,                 0,                 0,   -0.008691347524,    0.007675676052,      0.1766160353,                 0,       15.30415815
          0,           0,         506,      -11.94068735,      -12.79411773,      -12.43529357,      -11.38881654,             0.448,     0.01152670795,      0.1764065615,                 0,                 0,                 0,   -0.008691347524,    0.007675676052,      0.1766160353,                 0,       15.30415815
          0,           0,         507,       -11.9581033,      -12.80950508,      -12.45633157,      -11.40630917,             0.448,     0.01152670795,      0.1764065615,                 0,                 0,                 0,   -0.008691347523,    0.007675676052,      0.1766160353,                 0,       15.30415815
          0,           0,         508,      -11.97541552,      -12.82497551,      -12.47766616,      -11.42370432,             0.448,     0.01152670795,      0.1764065615,                 0,                 0,                 0,   -0.008691347522,    0.007675676052,      0.1766160353,                 0,       15.30415815
          0,           0,         509,      -11.99260705,      -12.84054491,       -12.4992526,      -11.44098372,             0.448,     0.01152670795,      0.1764065615,                 0,                 0,                 0,   -0.008691347521,    0.007675676052,      0.1766160353,                 0,       15.30415815
          0,           0,         510,      -12.00966149,      -12.85624887,      -12.52103981,       -11.4581299,             0.448,     0.01152670795,      0.1764065615,                 0,                 0,                 0,    -0.00869134752,    0.007675676052,      0.1766160353,                 0,       15.30415815
          0,           0,         511,      -12.02656453,       -12.8720984,      -12.54296846,      -11.47512766,             0.448,     0.01152670795,      0.1764065615,                 0,                 0,                 0,   -0.008691347519,    0.007675676052,      0.1766160353,                 0,       15.30415815
          0,           0,         512,      -12.04330265,      -12.88811144,      -12.56497301,      -11.49196248,             0.448,     0.01152670795,      0.1764065615,                 0,                 0,                 0,   -0.008691347518,    0.007675676052,      0.1766160353,                 0,       15.30415815
          0,           0,         513,       -12.0598657,      -12.90429028,      -12.58698154,      -11.50862265,             0.448,     0.01152670796,      0.1764065615,                 0,                 0,                 0,   -0.008691347517,    0.007675676052,      0.1766160353,                 0,       15.30415815
          0,           0,         514,      -12.07624478,      -12.92065907,      -12.60891498,      -11.52509816,             0.448,     0.01152670796,      0.1764065615,                 0,                 0,                 0,   -0.008691347516,    0.007675676052,      0.1766160353,                 0,       15.30415815
          0,           0,         515,      -12.09243476,      -12.93723613,      -12.63068842,      -11.54138258,             0.448,     0.01152670796,      0.1764065615,                 0,                 0,                 0,   -0.008691347515,    0.007675676052,      0.1766160353,                 0,       15.30415815
          0,           0,         516,       -12.1084323,      -12.95403338,      -12.65221167,      -11.55747163,             0.448,     0.01152670796,      0.1764065615,                 0,                 0,                 0,   -0.008691347514,    0.007675676052,      0.1766160354,                 0,       15.30415815
          0,           0,         517,       -12.1242373,      -12.97104585,      -12.67339267,      -11.57336424,             0.448,     0.01152670796,      0.1764065615,                 0,                 0,                 0,   -0.008691347513,    0.007675676052,      0.1766160354,                 0,       15.30415815
          0,           0,         518,      -12.13985297,      -12.98827985,      -12.69413575,      -11.58906261,             0.448,     0.01152670796,      0.1764065615,                 0,                 0,                 0,   -0.008691347511,    0.007675676052,      0.1766160354,                 0,       15.30415815
          0,           0,         519,      -12.15528468,       -13.0057682,      -12.71434886,      -11.60457172,             0.448,     0.01152670796,      0.1764065615,                 0,                 0,                 0,    -0.00869134751,    0.007675676052,      0.1766160354,                 0,       15.30415815
          0,           0,         520,      -12.17054081,      -13.02348837,      -12.73394653,      -11.61989832,             0.448,     0.01152670796,      0.1764065615,                 0,                 0,                 0,   -0.008691347509,    0.007675676053,      0.1766160354,                 0,       15.30415815
          0,           0,         521,      -12.18563174,      -13.04147888,      -12.75284816,      -11.63505241,             0.448,     0.01152670796,      0.1764065615,                 0,                 0,                 0,   -0.008691347508,    0.007675676053,      0.1766160354,                 0,       15.30415815
          0,           0,         522,      -12.20056929,      -13.05972089,      -12.77098627,      -11.65004487,             0.448,     0.01152670796,      0.1764065616,                 0,                 0,                 0,   -0.008691347507,    0.007675676053,      0.1766160354,                 0,       15.30415815
          0,           0,         523,      -12.21536826,      -13.07822127,      -12.78831134,      -11.66488967,             0.448,     0.01152670796,      0.1764065616,                 0,                 0,                 0,   -0.008691347506,    0.007675676053,      0.1766160354,                 0,       15.30415815
          0,           0,         524,      -12.23004518,      -13.09695587,        -12.804792,      -11.67960254,             0.448,     0.01152670796,      0.1764065616,                 0,                 0,                 0,   -0.008691347506,    0.007675676053,      0.1766160354,                 0,       15.30415815
          0,           0,         525,      -12.24461691,       -13.1159536,      -12.82041391,      -11.69420029,             0.448,     0.01152670796,      0.1764065616,                 0,                 0,                 0,   -0.008691347505,    0.007675676053,      0.1766160354,                 0,       15.30415815
          0,           0,         526,      -12.25910277,      -13.13516126,      -12.83518857,      -11.70870185,             0.448,     0.01152670796,      0.1764065616,                 0,                 0,                 0,   -0.008691347504,    0.007675676053,      0.1766160354,                 0,       15.30415815
          0,           0,         527,      -12.27352266,      -13.15457409,       -12.8491393,      -11.72312761,             0.448,     0.01152670796,      0.1764065616,                 0,                 0,                 0,   -0.008691347503,    0.007675676053,      0.1766160354,                 0,       15.30415815
          0,           0,         528,      -12.28789692,      -13.17416291,      -12.86231532,      -11.73749765,             0.448,     0.01152670796,      0.1764065616,                 0,                 0,                 0,   -0.008691347503,    0.007675676053,      0.1766160354,                 0,       15.30415815
          0,           0,         529,      -12.30224653,      -13.19390482,      -12.87477842,       -11.7518338,             0.448,     0.01152670796,      0.1764065616,                 0,                 0,                 0,   -0.008691347502,    0.007675676053,      0.1766160354,                 0,       15.30415815
          0,           0,         530,      -12.31659216,      -13.21378559,      -12.88660138,      -11.76615689,             0.448,     0.01152670796,      0.1764065616,                 0,                 0,                 0,   -0.008691347502,    0.007675676054,      0.1766160354,                 0,       15.30415815
          0,           0,         531,       -12.3309543,      -13.23368995,      -12.89787462,      -11.78048743,             0.448,     0.01152670796,      0.1764065616,                 0,                 0,                 0,   -0.008691347501,    0.007675676054,      0.1766160354,                 0,       15.30415815
          0,           0,         532,      -12.34535192,      -13.25366794,      -12.90868396,      -11.79484516,             0.448,     0.01152670796,      0.1764065616,                 0,                 0,                 0,   -0.008691347501,    0.007675676054,      0.1766160354,                 0,       15.30415815
          0,           0,         533,      -12.35980536,      -13.27361577,       -12.9191264,      -11.80925154,             0.448,     0.01152670796,      0.1764065616,                 0,                 0,                 0,     -0.0086913475,    0.007675676054,      0.1766160354,                 0,       15.30415815
          0,           0,         534,      -12.37433136,      -13.29355087,      -12.92929638,      -11.82372326,             0.448,     0.01152670796,      0.1764065616,                 0,                 0,                 0,     -0.0086913475,    0.007675676054,      0.1766160354,                 0,       15.30415815
          0,           0,         535,      -12.38894739,       -13.3133708,      -12.93928677,      -11.83827892,             0.448,     0.01152670796,      0.1764065616,                 0,                 0,                 0,     -0.0086913475,    0.007675676054,      0.1766160354,                 0,       15.30415815
          0,           0,         536,      -12.40366859,       -13.3330621,      -12.94918367,      -11.85293484,             0.448,     0.01152670796,      0.1764065616,                 0,                 0,                 0,     -0.0086913475,    0.007675676054,      0.1766160354,                 0,       15.30415815
          0,           0,         537,      -12.41850915,       -13.3526185,      -12.95907044,      -11.86770473,             0.448,     0.01152670796,      0.1764065616,                 0,                 0,                 0,   -0.008691347499,    0.007675676054,      0.1766160354,                 0,       15.30415815
          0,           0,         538,      -12.43348212,       -13.3719565,      -12.96902063,      -11.88260354,             0.448,     0.01152670796,      0.1764065616,                 0,                 0,                 0,   -0.008691347499,    0.007675676054,      0.1766160354,                 0,       15.30415815
          0,           0,         539,      -12.44859751,      -13.39103287,      -12.97910582,       -11.8976422,             0.448,     0.01152670796,      0.1764065616,                 0,                 0,                 0,   -0.008691347499,    0.007675676054,      0.1766160354,                 0,       15.30415815
          0,           0,         540,      -12.46386589,      -13.40979862,      -12.98938268,      -11.91283109,             0.448,     0.01152670796,      0.1764065616,                 0,                 0,                 0,   -0.008691347499,    0.007675676054,      0.1766160354,                 0,       15.30415815
          0,           0,         541,      -12.47929454,      -13.42825914,      -12.99990892,      -11.92817899,             0.448,     0.01152670796,      0.1764065616,                 0,                 0,                 0,   -0.008691347499,    0.007675676054,      0.1766160354,                 0,       15.30415815
          0,           0,         542,      -12.49488976,      -13.44637236,      -13.01072954,      -11.94369292,             0.448,     0.01152670796,      0.1764065616,                 0,                 0,                 0,   -0.008691347499,    0.007675676054,      0.1766160354,                 0,       15.30415815
          0,           0,         543,      -12.51065534,      -13.46403281,      -13.02188778,      -11.95937738,             0.448,     0.01152670796,      0.1764065616,                 0,                 0,                 0,     -0.0086913475,    0.007675676054,      0.1766160354,                 0,       15.30415815
          0,           0,         544,      -12.52659427,      -13.48129104,      -13.03341825,      -11.97523645,             0.448,     0.01152670796,      0.1764065616,                 0,                 0,                 0,     -0.0086913475,    0.007675676054,      0.1766160354,                 0,       15.30415815
          0,           0,         545,      -12.54270674,      -13.49818683,      -13.04534904,       -11.9912711,             0.448,     0.01152670796,      0.1764065616,                 0,                 0,                 0,     -0.0086913475,    0.007675676054,      0.1766160354,                 0,       15.30415815
          0,           0,         546,      -12.55899231,      -13.51456838,      -13.05770682,      -12.00748144,             0.448,     0.01152670796,      0.1764065616,                 0,                 0,                 0,     -0.0086913475,    0.007675676054,      0.1766160354,                 0,       15.30415815
          0,           0,         547,      -12.57544813,      -13.53049004,      -13.07051329,       -12.0238644,             0.448,     0.01152670796,      0.1764065616,                 0,                 0,                 0,     -0.0086913475,    0.007675676054,      0.1766160354,                 0,       15.30415815
          0,           0,         548,      -12.59207086,      -13.54616631,      -13.08378189,      -12.04041892,             0.448,     0.01152670796,      0.1764065616,                 0,                 0,                 0,   -0.008691347501,    0.007675676054,      0.1766160354,                 0,       15.30415815
          0,           0,         549,      -12.60885244,      -13.56127565,      -13.09752739,      -12.05713699,             0.448,     0.01152670796,      0.1764065616,                 0,                 0,                 0,   -0.008691347501,    0.007675676054,      0.1766160354,                 0,       15.30415815
          0,           0,         550,      -12.62578476,       -13.5758887,      -13.11176423,      -12.07401154,             0.448,     0.01152670796,      0.1764065616,                 0,                 0,                 0,   -0.008691347501,    0.007675676054,      0.1766160354,                 0,       15.30415815
          0,           0,         551,       -12.6428611,      -13.59028865,      -13.12649238,       -12.0910356,             0.448,     0.01152670796,      0.1764065616,                 0,                 0,                 0,   -0.008691347502,    0.007675676054,      0.1766160354,                 0,       15.30415815
          0,           0,         552,      -12.66006866,      -13.60425302,      -13.14171703,      -12.10819712,             0.448,     0.01152670796,      0.1764065616,                 0,                 0,                 0,   -0.008691347502,    0.007675676054,      0.1766160354,                 0,       15.30415815
          0,           0,         553,      -12.67739572,      -13.61776067,      -13.15744663,       -12.1254855,             0.448,     0.01152670796,      0.1764065616,                 0,                 0,                 0,   -0.008691347503,    0.007675676054,      0.1766160354,                 0,       15.30415815
          0,           0,         554,      -12.69482738,      -13.63110095,      -13.17367359,      -12.14288529,             0.448,     0.01152670796,      0.1764065616,                 0,                 0,                 0,   -0.008691347503,    0.007675676054,      0.1766160354,                 0,       15.30415815
          0,           0,         555,      -12.71235102,      -13.64420288,       -13.1904018,      -12.16038534,             0.448,     0.01152670796,      0.1764065616,                 0,                 0,                 0,   -0.008691347503,    0.007675676054,      0.1766160354,                 0,       15.30415815
          0,           0,         556,      -12.72994712,      -13.65689171,      -13.20761693,      -12.17796554,             0.448,     0.01152670796,      0.1764065616,                 0,                 0,                 0,   -0.008691347504,    0.007675676054,      0.1766160354,                 0,       15.30415815
          0,           0,         557,      -12.74760136,      -13.66952454,      -13.22532569,      -12.19561235,             0.448,     0.01152670796,      0.1764065616,                 0,                 0,                 0,   -0.008691347504,    0.007675676054,      0.1766160354,                 0,       15.30415815
          0,           0,         558,      -12.76529442,       -13.6818572,      -13.24351017,      -12.21330639,             0.448,     0.01152670796,      0.1764065616,                 0,                 0,                 0,   -0.008691347505,    0.007675676054,      0.1766160354,                 0,       15.30415815
          0,           0,         559,      -12.78300622,      -13.69416438,      -13.26215315,      -12.23102741,             0.448,     0.01152670796,      0.1764065616,                 0,                 0,                 0,   -0.008691347505,    0.007675676054,      0.1766160354,                 0,       15.30415815
          0,           0,         560,      -12.80071953,      -13.70627225,      -13.28125422,      -12.24875732,             0.448,     0.01152670796,      0.1764065616,                 0,                 0,                 0,   -0.008691347506,    0.007675676054,      0.1766160354,                 0,       15.30415815
          0,           0,         561,      -12.81841147,      -13.71837828,      -13.30078591,      -12.26647532,             0.448,     0.01152670796,      0.1764065616,                 0,                 0,                 0,   -0.008691347506,    0.007675676054,      0.1766160354,                 0,       15.30415815
          0,           0,         562,      -12.83606267,      -13.73041299,      -13.32072693,      -12.28415955,             0.448,     0.01152670796,      0.1764065616,                 0,                 0,                 0,   -0.008691347507,    0.007675676054,      0.1766160354,                 0,       15.30415815
          0,           0,         563,      -12.85365263,      -13.74240188,      -13.34105475,      -12.30178919,             0.448,     0.01152670796,      0.1764065616,                 0,                 0,                 0,   -0.008691347507,    0.007675676054,      0.1766160354,                 0,       15.30415815
          0,           0,         564,      -12.87116193,      -13.75440641,      -13.36175155,      -12.31934593,             0.448,     0.01152670796,      0.1764065616,                 0,                 0,                 0,   -0.008691347508,    0.007675676054,      0.1766160354,                 0,       15.30415815
          0,           0,         565,      -12.88856857,      -13.76648113,      -13.38276423,      -12.33680418,             0.448,     0.01152670796,      0.1764065616,                 0,                 0,                 0,   -0.008691347508,    0.007675676054,      0.1766160354,                 0,       15.30415815
          0,           0,         566,      -12.90585751,       -13.7785678,      -13.40407769,      -12.35415092,             0.448,     0.01152670796,      0.1764065616,                 0,                 0,                 0,   -0.008691347509,    0.007675676054,      0.1766160354,                 0,       15.30415815
          0,           0,         567,      -12.92300784,      -13.79074802,      -13.42563983,       -12.3713626,             0.448,     0.01152670796,      0.1764065616,                 0,                 0,                 0,   -0.008691347509,    0.007675676053,      0.1766160354,                 0,       15.30415815
          0,           0,         568,      -12.94000008,      -13.80313533,      -13.44738082,      -12.38841876,             0.448,     0.01152670796,      0.1764065616,                 0,                 0,                 0,   -0.008691347509,    0.007675676053,      0.1766160354,                 0,       15.30415815
          0,           0,         569,      -12.95682575,      -13.81547634,      -13.46927222,      -12.40530941,             0.448,     0.01152670796,      0.1764065616,                 0,                 0,                 0,    -0.00869134751,    0.007675676053,      0.1766160354,                 0,       15.30415815
          0,           0,         570,      -12.97346677,      -13.82793553,      -13.49125823,      -12.42201814,             0.448,     0.01152670796,      0.1764065616,                 0,                 0,                 0,    -0.00869134751,    0.007675676053,      0.1766160354,                 0,       15.30415815
          0,           0,         571,      -12.98991363,      -13.84058296,       -13.5132524,      -12.43853262,             0.448,     0.01152670796,      0.1764065616,                 0,                 0,                 0,   -0.008691347511,    0.007675676053,      0.1766160354,                 0,       15.30415815
          0,           0,         572,      -13.00615855,      -13.85345258,      -13.53518215,      -12.45484367,             0.448,     0.01152670796,      0.1764065616,                 0,                 0,                 0,   -0.008691347511,    0.007675676053,      0.1766160354,                 0,       15.30415815
