"Time_Iter","Outer_Iter","Inner_Iter",    "rms[Rho]"    ,    "rms[RhoU]"   ,    "rms[RhoV]"   ,    "rms[RhoE]"   ,    "RefForce"    ,       "CD"       ,       "CL"       ,       "CSF"      ,       "CMx"      ,       "CMy"      ,       "CMz"      ,       "CFx"      ,       "CFy"      ,       "CFz"      ,      "CEff"      
          0,           0,           0,       -7.19620131,      -7.194155631,       -7.80410994,      -6.599821297,             0.448,    0.001125865065,      0.0812404947,                 0,                 0,                 0,    -0.03313105593,  -0.0006466549121,     0.08124572228,                 0,       72.15828717
          0,           0,           1,       -7.47925347,       -7.37822974,      -7.345072268,      -6.881928825,             0.448,    0.001100324828,     0.08123295939,                 0,                 0,                 0,    -0.03313317299,  -0.0006720246895,      0.0812376316,                 0,        73.8263441
          0,           0,           2,      -7.394628813,      -7.361323605,      -7.410228023,      -6.804506291,             0.448,    0.001095818464,     0.08124284811,                 0,                 0,                 0,    -0.03313497945,  -0.0006767457027,     0.08124741967,                 0,       74.13896626
          0,           0,           3,      -7.360578679,      -7.384655977,      -7.370215718,      -6.771801275,             0.448,    0.001095976331,      0.0812325673,                 0,                 0,                 0,    -0.03313920238,  -0.0006763635979,     0.08123714475,                 0,       74.11890656
          0,           0,           4,      -7.313345672,      -7.327929337,      -7.335609431,      -6.727588129,             0.448,    0.001093125224,     0.08121763189,                 0,                 0,                 0,    -0.03314294828,  -0.0006788882124,     0.08122215069,                 0,       74.29856167
          0,           0,           5,      -7.294410097,       -7.29236441,      -7.347572276,      -6.711857119,             0.448,    0.001091008561,     0.08121055928,                 0,                 0,                 0,    -0.03314510871,  -0.0006808500841,     0.08121503359,                 0,       74.43622553
          0,           0,           6,      -7.290601635,      -7.350707889,      -7.373363749,       -6.71311594,             0.448,    0.001089875396,     0.08120343471,                 0,                 0,                 0,    -0.03314803847,  -0.0006818275577,       0.081207886,                 0,       74.50708129
          0,           0,           7,      -7.281883332,      -7.333070536,      -7.365567184,      -6.705712199,             0.448,    0.001089008403,      0.0811943436,                 0,                 0,                 0,    -0.03315070331,  -0.0006824960224,     0.08119877814,                 0,       74.55805057
          0,           0,           8,       -7.27246049,      -7.310603781,       -7.37770623,      -6.697864611,             0.448,    0.001088055967,     0.08118587643,                 0,                 0,                 0,    -0.03315248702,  -0.0006832635219,     0.08119029221,                 0,       74.61553349
          0,           0,           9,      -7.279846577,      -7.356116143,      -7.402198733,       -6.70922295,             0.448,    0.001087030757,     0.08117919912,                 0,                 0,                 0,    -0.03315352655,  -0.0006841428226,     0.08118359412,                 0,       74.67976281
          0,           0,          10,      -7.283726942,      -7.404579638,      -7.434684143,      -6.715924568,             0.448,    0.001086113023,     0.08117363419,                 0,                 0,                 0,    -0.03315415176,  -0.0006849389403,     0.08117801049,                 0,       74.73774136
          0,           0,          11,      -7.289615029,      -7.428975389,      -7.451823801,      -6.724100141,             0.448,    0.001085297126,     0.08116846024,                 0,                 0,                 0,     -0.0331546012,  -0.0006856417741,     0.08117281997,                 0,       74.78915986
          0,           0,          12,      -7.294484691,      -7.444006822,      -7.465647262,      -6.730752328,             0.448,    0.001084504274,     0.08116354343,                 0,                 0,                 0,    -0.03315493348,  -0.0006863271776,     0.08116788704,                 0,       74.83930251
          0,           0,          13,      -7.301073706,      -7.464249716,      -7.481799314,      -6.737648326,             0.448,    0.001083730831,     0.08115906061,                 0,                 0,                 0,    -0.03315510364,  -0.0006870026449,     0.08116338842,                 0,        74.8885778
          0,           0,          14,      -7.311341672,      -7.490410207,      -7.496217002,      -6.746816562,             0.448,    0.001083014448,     0.08115511491,                 0,                 0,                 0,    -0.03315510123,  -0.0006876327824,     0.08115942803,                 0,       74.93447119
          0,           0,          15,      -7.320663862,      -7.513906287,      -7.511696667,       -6.75481263,             0.448,    0.001082375637,      0.0811516145,                 0,                 0,                 0,    -0.03315500001,  -0.0006881950799,     0.08115591451,                 0,       74.97546298
          0,           0,          16,      -7.328251074,      -7.528254249,      -7.530473749,      -6.762237327,             0.448,    0.001081808506,     0.08114842948,                 0,                 0,                 0,    -0.03315487184,  -0.0006886925953,     0.08115271788,                 0,       75.01182423
          0,           0,          17,      -7.336528132,      -7.532900195,      -7.551500689,      -6.771614594,             0.448,     0.00108129878,     0.08114550606,                 0,                 0,                 0,    -0.03315473331,  -0.0006891384252,     0.08114978404,                 0,       75.04448126
          0,           0,          18,      -7.347211325,      -7.531575962,      -7.574351735,      -6.783807263,             0.448,    0.001080839926,     0.08114283419,                 0,                 0,                 0,    -0.03315457693,  -0.0006895388835,     0.08114710279,                 0,       75.07386821
          0,           0,          19,       -7.36071912,      -7.529677317,      -7.600248618,      -6.798524878,             0.448,     0.00108043605,     0.08114039568,                 0,                 0,                 0,    -0.03315440487,  -0.0006898894677,     0.08114465605,                 0,       75.09967449
          0,           0,          20,      -7.376509633,      -7.531743937,      -7.630257681,      -6.815086021,             0.448,    0.001080096292,      0.0811381551,                 0,                 0,                 0,    -0.03315422982,  -0.0006901802674,     0.08114240859,                 0,       75.12122366
          0,           0,          21,      -7.393632832,      -7.539858277,      -7.663753625,      -6.832756882,             0.448,    0.001079829587,     0.08113607315,                 0,                 0,                 0,     -0.0331540645,  -0.0006904014907,     0.08114032132,                 0,       75.13784962
          0,           0,          22,      -7.411199117,       -7.55354267,      -7.698125271,      -6.850831724,             0.448,    0.001079642997,     0.08113411804,                 0,                 0,                 0,    -0.03315391787,  -0.0006905453866,      0.0811383626,                 0,       75.14902453
          0,           0,          23,      -7.428592492,      -7.570849634,      -7.729945218,      -6.868663141,             0.448,    0.001079541467,     0.08113226722,                 0,                 0,                 0,    -0.03315379747,  -0.0006906065169,     0.08113651002,                 0,       75.15437778
          0,           0,          24,      -7.445535855,      -7.589812187,      -7.756816127,      -6.885825566,             0.448,    0.001079527089,      0.0811305019,                 0,                 0,                 0,    -0.03315371163,  -0.0006905823812,      0.0811347448,                 0,       75.15374347
          0,           0,          25,      -7.462034965,      -7.609428869,      -7.778458823,      -6.902248568,             0.448,    0.001079598136,     0.08112880363,                 0,                 0,                 0,    -0.03315366842,  -0.0006904743035,     0.08113304848,                 0,       75.14722464
          0,           0,          26,      -7.478226518,      -7.629911721,      -7.796517727,      -6.918152998,             0.448,    0.001079748595,     0.08112715374,                 0,                 0,                 0,    -0.03315367359,  -0.0006902878879,     0.08113140227,                 0,        75.1352251
          0,           0,          27,      -7.494264792,      -7.652346749,      -7.813678641,      -6.933894248,             0.448,    0.001079968534,     0.08112553569,                 0,                 0,                 0,    -0.03315372916,  -0.0006900327035,      0.0811297894,                 0,       75.11842533
          0,           0,          28,       -7.51029268,       -7.67805404,      -7.832732153,       -6.94983006,             0.448,    0.001080244837,     0.08112393548,                 0,                 0,                 0,    -0.03315383386,  -0.0006897215582,      0.0811281956,                 0,       75.09773035
          0,           0,          29,      -7.526445604,      -7.708006353,      -7.855719636,      -6.966235549,             0.448,     0.00108056208,     0.08112234122,                 0,                 0,                 0,     -0.0331539841,  -0.0006893696125,     0.08112660864,                 0,       75.07420699
          0,           0,          30,      -7.542846758,      -7.742483506,      -7.883295642,      -6.983251749,             0.448,    0.001080903872,     0.08112074377,                 0,                 0,                 0,    -0.03315417446,  -0.0006889930535,     0.08112501902,                 0,       75.04898993
          0,           0,          31,      -7.559580705,      -7.780894284,      -7.914497647,      -7.000858975,             0.448,    0.001081254226,     0.08111913607,                 0,                 0,                 0,     -0.0331543984,  -0.0006886077103,     0.08112341935,                 0,        75.0231852
          0,           0,          32,      -7.576656299,      -7.821699812,      -7.947032552,      -7.018884208,             0.448,    0.001081598747,     0.08111751277,                 0,                 0,                 0,     -0.0331546488,  -0.0006882278592,     0.08112180395,                 0,       74.99778727
          0,           0,          33,      -7.593984607,      -7.862582478,      -7.978069261,      -7.037051027,             0.448,    0.001081925103,     0.08111586973,                 0,                 0,                 0,    -0.03315491845,   -0.000687865739,     0.08112016842,                 0,       74.97364608
          0,           0,          34,      -7.611410354,      -7.901077472,      -8.005400224,      -7.055080873,             0.448,    0.001082223261,      0.0811142083,                 0,                 0,                 0,    -0.03315519893,  -0.0006875314077,     0.08111851389,                 0,       74.95145524
          0,           0,          35,      -7.628763084,       -7.93555882,       -8.02837814,      -7.072783064,             0.448,     0.00108248474,     0.08111253187,                 0,                 0,                 0,    -0.03315548236,  -0.0006872334193,     0.08111684356,                 0,       74.93180167
          0,           0,          36,      -7.645918086,      -7.965955621,      -8.048057932,       -7.09010664,             0.448,    0.001082702797,     0.08111084705,                 0,                 0,                 0,    -0.03315576117,  -0.0006869786603,      0.0811151639,                 0,       74.91515425
          0,           0,          37,       -7.66283659,      -7.993641426,      -8.066436534,      -7.107132503,             0.448,    0.001082872802,     0.08110916365,                 0,                 0,                 0,    -0.03315602811,  -0.0006867719727,     0.08111348461,                 0,       74.90183843
          0,           0,          38,      -7.679556559,      -8.020639213,       -8.08542667,       -7.12401004,             0.448,    0.001082992408,     0.08110749278,                 0,                 0,                 0,    -0.03315627704,  -0.0006866159457,     0.08111181675,                 0,       74.89202344
          0,           0,          39,      -7.696180244,      -8.048772466,      -8.106157274,      -7.140911223,             0.448,    0.001083061921,     0.08110584808,                 0,                 0,                 0,    -0.03315650237,  -0.0006865105702,     0.08111017396,                 0,       74.88569816
          0,           0,          40,      -7.712839084,       -8.07919683,      -8.128762571,      -7.157983038,             0.448,    0.001083084128,     0.08110424376,                 0,                 0,                 0,    -0.03315669951,  -0.0006864533706,      0.0811085705,                 0,        74.8826815
          0,           0,          41,      -7.729661882,       -8.11229901,      -8.152575368,      -7.175326251,             0.448,    0.001083063871,     0.08110269315,                 0,                 0,                 0,    -0.03315686526,  -0.0006864397962,     0.08110701982,                 0,       74.88265036
          0,           0,          42,      -7.746744029,      -8.147820572,      -8.176510278,      -7.192982321,             0.448,      0.0010830076,     0.08110120834,                 0,                 0,                 0,    -0.03315699764,  -0.0006864636629,     0.08110553414,                 0,       74.88517012
          0,           0,          43,      -7.764111198,      -8.185034408,      -8.199507015,      -7.210915392,             0.448,    0.001082922762,     0.08109979939,                 0,                 0,                 0,    -0.03315709604,  -0.0006865177442,     0.08110412367,                 0,       74.88973566
          0,           0,          44,      -7.781708828,      -8.222884856,      -8.220889742,      -7.229015668,             0.448,    0.001082817255,       0.081098474,                 0,                 0,                 0,    -0.03315716103,  -0.0006865943126,     0.08110279629,                 0,       74.89580869
          0,           0,          45,      -7.799407674,      -8.260093294,      -8.240533934,      -7.247111079,             0.448,    0.001082698956,     0.08109723762,                 0,                 0,                 0,    -0.03315719416,  -0.0006866856124,     0.08110155763,                 0,       74.90285012
          0,           0,          46,      -7.817021508,       -8.29529725,       -8.25879475,      -7.264987758,             0.448,    0.001082575256,     0.08109609284,                 0,                 0,                 0,    -0.03315719801,  -0.0006867843093,     0.08110041042,                 0,       74.91035137
          0,           0,          47,      -7.834343664,      -8.327300912,      -8.276268035,      -7.282429073,             0.448,    0.001082452862,     0.08109504057,                 0,                 0,                 0,    -0.03315717563,  -0.0006868837193,     0.08109935573,                 0,       74.91784946
          0,           0,          48,       -7.85117731,      -8.355396326,      -8.293508826,      -7.299247148,             0.448,    0.001082337643,     0.08109408087,                 0,                 0,                 0,    -0.03315713023,  -0.0006869779756,     0.08109839375,                 0,       74.92493809
          0,           0,          49,      -7.867381098,      -8.379588444,      -8.310890627,       -7.31533107,             0.448,    0.001082234284,      0.0810932115,                 0,                 0,                 0,    -0.03315706574,  -0.0006870623439,     0.08109752233,                 0,       74.93129045
          0,           0,          50,      -7.882924664,      -8.400593521,      -8.328580672,      -7.330693803,             0.448,    0.001082146306,     0.08109242872,                 0,                 0,                 0,    -0.03315698635,  -0.0006871332251,     0.08109673782,                 0,       74.93665899
          0,           0,          51,      -7.897886786,      -8.419569908,      -8.346542789,       -7.34546155,             0.448,    0.001082076045,     0.08109172775,                 0,                 0,                 0,    -0.03315689636,   -0.000687188178,     0.08109603548,                 0,       74.94087697
          0,           0,          52,      -7.912430874,      -8.437727265,      -8.364581958,      -7.359842166,             0.448,    0.001082024614,     0.08109110253,                 0,                 0,                 0,    -0.03315680011,  -0.0006872259579,     0.08109540928,                 0,       74.94386126
          0,           0,          53,      -7.926803616,       -8.45602965,      -8.382421101,      -7.374119744,             0.448,    0.001081992008,     0.08109054641,                 0,                 0,                 0,    -0.03315670176,  -0.0006872464237,     0.08109485259,                 0,       74.94560568
          0,           0,          54,      -7.941275784,      -8.475086021,      -8.399828695,      -7.388585467,             0.448,    0.001081977132,     0.08109005153,                 0,                 0,                 0,    -0.03315660541,   -0.000687250501,      0.0810943575,                 0,       74.94617876
          0,           0,          55,      -7.956114548,      -8.495153564,      -8.416748227,      -7.403510544,             0.448,    0.001081978124,     0.08108960995,                 0,                 0,                 0,    -0.03315651455,  -0.0006872398759,     0.08109391605,                 0,       74.94570189
          0,           0,          56,      -7.971539286,      -8.516232585,      -8.433289618,      -7.419107207,             0.448,    0.001081992561,     0.08108921376,                 0,                 0,                 0,    -0.03315643208,  -0.0006872167993,     0.08109352027,                 0,       74.94433571
          0,           0,          57,      -7.987697343,      -8.538162132,      -8.449671297,      -7.435507252,             0.448,    0.001082017643,     0.08108885505,                 0,                 0,                 0,    -0.03315636035,  -0.0006871838984,     0.08109316219,                 0,       74.94226695
          0,           0,          58,      -8.004658051,      -8.560693342,      -8.466157464,      -7.452758368,             0.448,    0.001082050434,     0.08108852626,                 0,                 0,                 0,    -0.03315630112,  -0.0006871439427,      0.0810928342,                 0,         74.939692
          0,           0,          59,      -8.022410592,      -8.583573396,      -8.483012629,      -7.470825415,             0.448,     0.00108208807,     0.08108822049,                 0,                 0,                 0,    -0.03315625552,  -0.0006870996453,     0.08109252932,                 0,       74.93680296
          0,           0,          60,      -8.040867288,      -8.606616893,      -8.500471412,      -7.489596641,             0.448,      0.0010821279,     0.08108793155,                 0,                 0,                 0,    -0.03315622408,  -0.0006870535221,     0.08109224131,                 0,       74.93377778
          0,           0,          61,      -8.059874546,      -8.629741237,      -8.518717178,      -7.508896275,             0.448,    0.001082167581,     0.08108765406,                 0,                 0,                 0,    -0.03315620685,  -0.0006870077963,     0.08109196476,                 0,       74.93077362
          0,           0,          62,      -8.079228891,      -8.652963476,       -8.53786949,      -7.528501831,             0.448,    0.001082205145,     0.08108738349,                 0,                 0,                 0,    -0.03315620347,  -0.0006869643395,     0.08109169507,                 0,       74.92792276
          0,           0,          63,       -8.09869572,      -8.676360681,      -8.557975364,      -7.548163932,             0.448,    0.001082239022,     0.08108711613,                 0,                 0,                 0,    -0.03315621316,  -0.0006869246376,     0.08109142851,                 0,       74.92533024
          0,           0,          64,      -8.118020425,      -8.699991872,      -8.578972266,      -7.567616876,             0.448,    0.001082268096,     0.08108684943,                 0,                 0,                 0,    -0.03315623474,  -0.0006868897528,     0.08109116251,                 0,       74.92307104
          0,           0,          65,       -8.13698677,      -8.723885126,      -8.600738182,      -7.586643533,             0.448,    0.001082291565,     0.08108658114,                 0,                 0,                 0,    -0.03315626704,  -0.0006868604365,     0.08109089479,                 0,       74.92119847
          0,           0,          66,      -8.155421166,      -8.747948505,      -8.623113229,      -7.605070463,             0.448,     0.00108230897,     0.08108630937,                 0,                 0,                 0,    -0.03315630878,  -0.0006868371073,     0.08109062347,                 0,       74.91974255
          0,           0,          67,      -8.173208032,      -8.771964159,      -8.645873512,      -7.622788907,             0.448,    0.001082320287,     0.08108603372,                 0,                 0,                 0,    -0.03315635826,  -0.0006868197799,     0.08109034813,                 0,        74.9187045
          0,           0,          68,      -8.190285451,      -8.795603832,      -8.668757664,      -7.639745252,             0.448,    0.001082325795,     0.08108575448,                 0,                 0,                 0,    -0.03315641366,  -0.0006868081815,     0.08109006908,                 0,       74.91806523
          0,           0,          69,      -8.206677636,      -8.818554518,      -8.691332561,      -7.655976169,             0.448,     0.00108232595,     0.08108547198,                 0,                 0,                 0,    -0.03315647335,   -0.000686801863,     0.08108978665,                 0,       74.91779343
          0,           0,          70,      -8.222452445,      -8.840488615,      -8.713051314,      -7.671565682,             0.448,    0.001082321425,      0.0810851871,                 0,                 0,                 0,    -0.03315653566,  -0.0006868001726,     0.08108950173,                 0,       74.91784346
          0,           0,          71,      -8.237731626,      -8.861139545,      -8.733374894,      -7.686650735,             0.448,    0.001082313022,     0.08108490104,                 0,                 0,                 0,    -0.03315659898,   -0.000686802333,     0.08108921556,                 0,       74.91816079
          0,           0,          72,      -8.252675095,      -8.880394418,      -8.751902648,      -7.701401656,             0.448,    0.001082301608,     0.08108461515,                 0,                 0,                 0,    -0.03315666189,  -0.0006868075079,     0.08108892949,                 0,       74.91868675
          0,           0,          73,      -8.267449048,       -8.89833167,      -8.768439632,      -7.715991285,             0.448,    0.001082288082,     0.08108433096,                 0,                 0,                 0,    -0.03315672311,  -0.0006868148315,     0.08108864507,                 0,        74.9193605
          0,           0,          74,      -8.282212852,      -8.915183283,      -8.782991127,      -7.730583613,             0.448,    0.001082273335,     0.08108405017,                 0,                 0,                 0,    -0.03315678148,   -0.000686823449,     0.08108836403,                 0,       74.92012186
          0,           0,          75,      -8.297103959,      -8.931268811,      -8.795762669,      -7.745316169,             0.448,    0.001082258198,     0.08108377446,                 0,                 0,                 0,    -0.03315683607,  -0.0006868325682,     0.08108808806,                 0,         74.920915
          0,           0,          76,       -8.31221794,      -8.946937125,      -8.807139976,      -7.760279714,             0.448,    0.001082243403,     0.08108350546,                 0,                 0,                 0,    -0.03315688619,  -0.0006868414917,     0.08108781879,                 0,       74.92169068
          0,           0,          77,      -8.327627562,      -8.962533192,      -8.817577483,      -7.775544368,             0.448,    0.001082229559,     0.08108324459,                 0,                 0,                 0,    -0.03315693133,  -0.0006868496413,     0.08108755769,                 0,       74.92240802
          0,           0,          78,      -8.343357188,      -8.978326637,      -8.827665788,      -7.791126813,             0.448,    0.001082217167,     0.08108299331,                 0,                 0,                 0,    -0.03315697113,  -0.0006868565486,      0.0810873062,                 0,       74.92303372
          0,           0,          79,       -8.35940865,      -8.994486403,      -8.837954854,      -7.807024936,             0.448,    0.001082206535,     0.08108275239,                 0,                 0,                 0,    -0.03315700559,  -0.0006868619229,      0.0810870651,                 0,       74.92354721
          0,           0,          80,      -8.375760501,      -9.011081061,      -8.848950023,      -7.823217236,             0.448,    0.001082197878,     0.08108252275,                 0,                 0,                 0,    -0.03315703472,  -0.0006868655676,     0.08108683533,                 0,       74.92393431
          0,           0,          81,       -8.39236179,      -9.028148944,       -8.86105411,      -7.839651233,             0.448,    0.001082191298,     0.08108230513,                 0,                 0,                 0,    -0.03315705862,  -0.0006868673987,     0.08108661762,                 0,       74.92418878
          0,           0,          82,      -8.409151648,      -9.045640401,      -8.874557272,      -7.856270709,             0.448,    0.001082186763,     0.08108209981,                 0,                 0,                 0,    -0.03315707761,  -0.0006868674538,     0.08108641225,                 0,       74.92431304
          0,           0,          83,      -8.426057083,        -9.0634475,      -8.889680878,      -7.873009511,             0.448,    0.001082184168,     0.08108190694,                 0,                 0,                 0,    -0.03315709205,  -0.0006868658404,     0.08108621937,                 0,       74.92431446
          0,           0,          84,      -8.443018664,       -9.08148011,      -8.906562122,       -7.88981708,             0.448,    0.001082183333,     0.08108172638,                 0,                 0,                 0,    -0.03315710239,  -0.0006868627367,     0.08108603883,                 0,       74.92420545
          0,           0,          85,      -8.459965077,      -9.099647602,      -8.925285383,      -7.906627893,             0.448,     0.00108218404,     0.08108155789,                 0,                 0,                 0,    -0.03315710911,  -0.0006868583547,     0.08108587039,                 0,       74.92400084
          0,           0,          86,      -8.476831641,      -9.117847742,      -8.945767886,      -7.923388098,             0.448,     0.00108218603,     0.08108140099,                 0,                 0,                 0,    -0.03315711274,  -0.0006868529424,     0.08108571358,                 0,       74.92371807
          0,           0,          87,      -8.493561758,      -9.135983668,      -8.967805688,      -7.940051752,             0.448,    0.001082189038,      0.0810812551,                 0,                 0,                 0,    -0.03315711379,  -0.0006868467525,     0.08108556779,                 0,         74.923375
          0,           0,          88,      -8.510118135,      -9.153981432,      -8.991112625,      -7.956589091,             0.448,    0.001082192804,     0.08108111958,                 0,                 0,                 0,    -0.03315711277,   -0.000686840031,     0.08108543238,                 0,       74.92298905
          0,           0,          89,      -8.526477769,      -9.171785494,      -9.015349686,      -7.972981043,             0.448,    0.001082197079,     0.08108099368,                 0,                 0,                 0,    -0.03315711016,    -0.00068683301,      0.0810853066,                 0,       74.92257671
          0,           0,          90,      -8.542625272,      -9.189355467,      -9.040134912,      -7.989213784,             0.448,     0.00108220164,     0.08108087667,                 0,                 0,                 0,     -0.0331571064,  -0.0006868258975,     0.08108518972,                 0,       74.92215282
          0,           0,          91,      -8.558551862,      -9.206656285,      -9.065050606,      -8.005278031,             0.448,    0.001082206294,     0.08108076781,                 0,                 0,                 0,    -0.03315710186,  -0.0006868188698,     0.08108508098,                 0,       74.92173003
          0,           0,          92,      -8.574255703,      -9.223647607,      -9.089665212,      -8.021168872,             0.448,    0.001082210883,     0.08108066638,                 0,                 0,                 0,    -0.03315709687,  -0.0006868120698,     0.08108497968,                 0,       74.92131864
          0,           0,          93,      -8.589741126,      -9.240285335,      -9.113569811,      -8.036885343,             0.448,    0.001082215282,     0.08108057172,                 0,                 0,                 0,    -0.03315709171,  -0.0006868056067,     0.08108488514,                 0,       74.92092662
          0,           0,          94,      -8.605016784,       -9.25653087,      -9.136418979,      -8.052429644,             0.448,    0.001082219402,     0.08108048321,                 0,                 0,                 0,    -0.03315708657,   -0.000686799557,     0.08108479674,                 0,       74.92055962
          0,           0,          95,      -8.620093872,       -9.27236119,      -9.157964833,      -8.067806105,             0.448,    0.001082223184,     0.08108040029,                 0,                 0,                 0,    -0.03315708162,  -0.0006867939667,     0.08108471392,                 0,       74.92022116
          0,           0,          96,      -8.634984906,      -9.287778477,      -9.178076603,      -8.083020185,             0.448,    0.001082226599,     0.08108032247,                 0,                 0,                 0,    -0.03315707695,  -0.0006867888553,      0.0810846362,                 0,       74.91991287
          0,           0,          97,      -8.649702728,      -9.302817562,       -9.19674203,      -8.098077515,             0.448,     0.00108222964,     0.08108024934,                 0,                 0,                 0,    -0.03315707262,  -0.0006867842197,     0.08108456315,                 0,       74.91963477
          0,           0,          98,      -8.664259528,      -9.317547852,      -9.214051005,      -8.112982948,             0.448,     0.00108223232,     0.08108018056,                 0,                 0,                 0,    -0.03315706865,  -0.0006867800396,     0.08108449444,                 0,       74.91938567
          0,           0,          99,      -8.678665993,      -9.332068938,      -9.230166145,      -8.127739657,             0.448,    0.001082234666,     0.08108011584,                 0,                 0,                 0,    -0.03315706502,  -0.0006867762821,      0.0810844298,                 0,       74.91916345
          0,           0,         100,      -8.692930745,       -9.34650146,      -9.245287994,      -8.142348446,             0.448,    0.001082236714,     0.08108005498,                 0,                 0,                 0,    -0.03315706167,  -0.0006867729068,     0.08108436899,                 0,       74.91896543
          0,           0,         101,      -8.707060023,      -9.360972698,       -9.25962344,      -8.156807305,             0.448,    0.001082238504,     0.08107999781,                 0,                 0,                 0,    -0.03315705855,  -0.0006867698702,     0.08108431187,                 0,        74.9187887
          0,           0,         102,      -8.721058009,      -9.375605265,      -9.273358478,      -8.171111824,             0.448,    0.001082240077,      0.0810799442,                 0,                 0,                 0,    -0.03315705558,  -0.0006867671283,     0.08108425832,                 0,       74.91863028
          0,           0,         103,      -8.734927352,      -9.390504441,      -9.286644478,      -8.185255929,             0.448,    0.001082241473,     0.08107989409,                 0,                 0,                 0,    -0.03315705267,  -0.0006867646393,     0.08108420825,                 0,       74.91848733
          0,           0,         104,      -8.748670186,      -9.405746835,      -9.299593684,      -8.199233295,             0.448,    0.001082242729,     0.08107984742,                 0,                 0,                 0,    -0.03315704975,   -0.000686762366,     0.08108416162,                 0,       74.91835729
          0,           0,         105,      -8.762289256,      -9.421374526,      -9.312282766,      -8.213038993,             0.448,    0.001082243875,     0.08107980416,                 0,                 0,                 0,    -0.03315704673,  -0.0006867602764,     0.08108411839,                 0,       74.91823798
          0,           0,         106,      -8.775788947,      -9.437393418,      -9.324761322,      -8.226671146,             0.448,    0.001082244937,     0.08107976429,                 0,                 0,                 0,    -0.03315704354,  -0.0006867583447,     0.08108407855,                 0,       74.91812761
          0,           0,         107,      -8.789176078,      -9.453775242,      -9.337062352,      -8.240132313,             0.448,    0.001082245934,     0.08107972779,                 0,                 0,                 0,    -0.03315704012,  -0.0006867565512,     0.08108404208,                 0,       74.91802483
          0,           0,         108,      -8.802460337,      -9.470462813,      -9.349212424,      -8.253430363,             0.448,    0.001082246881,     0.08107969466,                 0,                 0,                 0,    -0.03315703641,  -0.0006867548816,     0.08108400897,                 0,       74.91792866
          0,           0,         109,       -8.81565428,      -9.487377027,      -9.361239654,      -8.266578727,             0.448,    0.001082247787,     0.08107966486,                 0,                 0,                 0,    -0.03315703239,  -0.0006867533267,      0.0810839792,                 0,       74.91783847
          0,           0,         110,      -8.828772896,      -9.504425334,      -9.373178267,      -8.279595977,             0.448,    0.001082248654,     0.08107963837,                 0,                 0,                 0,    -0.03315702803,  -0.0006867518814,     0.08108395274,                 0,       74.91775394
          0,           0,         111,       -8.84183282,      -9.521510797,      -9.385069599,      -8.292504819,             0.448,    0.001082249486,     0.08107961516,                 0,                 0,                 0,    -0.03315702332,  -0.0006867505438,     0.08108392955,                 0,       74.91767493
          0,           0,         112,      -8.854851304,      -9.538540657,      -9.396960301,      -8.305330647,             0.448,    0.001082250279,     0.08107959515,                 0,                 0,                 0,    -0.03315701826,  -0.0006867493141,     0.08108390957,                 0,       74.91760152
          0,           0,         113,      -8.867845125,      -9.555433605,      -9.408898701,      -8.318099861,             0.448,    0.001082251031,     0.08107957828,                 0,                 0,                 0,    -0.03315701286,  -0.0006867481939,     0.08108389272,                 0,       74.91753385
          0,           0,         114,      -8.880829567,      -9.572124989,      -9.420930355,      -8.330838207,             0.448,    0.001082251739,     0.08107956446,                 0,                 0,                 0,    -0.03315700716,  -0.0006867471851,     0.08108387892,                 0,       74.91747211
          0,           0,         115,      -8.893817621,      -9.588569873,      -9.433093728,      -8.343569326,             0.448,    0.001082252397,     0.08107955359,                 0,                 0,                 0,    -0.03315700116,  -0.0006867462895,     0.08108386806,                 0,       74.91741648
          0,           0,         116,      -8.906819497,       -9.60474379,      -9.445416715,       -8.35631368,             0.448,    0.001082253004,     0.08107954554,                 0,                 0,                 0,    -0.03315699492,   -0.000686745508,     0.08108386003,                 0,       74.91736708
          0,           0,         117,      -8.919842479,      -9.620641498,      -9.457914512,      -8.369087946,             0.448,    0.001082253555,     0.08107954019,                 0,                 0,                 0,    -0.03315698847,  -0.0006867448401,     0.08108385469,                 0,       74.91732397
          0,           0,         118,      -8.932891115,      -9.636274404,      -9.470588921,      -8.381904856,             0.448,     0.00108225405,      0.0810795374,                 0,                 0,                 0,    -0.03315698184,  -0.0006867442839,     0.08108385192,                 0,        74.9172871
          0,           0,         119,      -8.945967674,      -9.651667235,      -9.483428979,       -8.39477344,             0.448,     0.00108225449,     0.08107953703,                 0,                 0,                 0,    -0.03315697508,  -0.0006867438357,     0.08108385155,                 0,       74.91725629
          0,           0,         120,      -8.959072775,      -9.666854659,      -9.496412672,      -8.407699564,             0.448,    0.001082254877,     0.08107953892,                 0,                 0,                 0,    -0.03315696822,  -0.0006867434904,     0.08108385345,                 0,       74.91723126
          0,           0,         121,       -8.97220608,       -9.68187825,       -9.50950945,      -8.420686648,             0.448,    0.001082255214,     0.08107954293,                 0,                 0,                 0,    -0.03315696131,  -0.0006867432412,     0.08108385747,                 0,       74.91721166
          0,           0,         122,      -8.985366954,      -9.696784048,      -9.522683182,      -8.433736407,             0.448,    0.001082255506,     0.08107954891,                 0,                 0,                 0,    -0.03315695436,  -0.0006867430801,     0.08108386345,                 0,       74.91719699
          0,           0,         123,      -8.998554991,      -9.711620471,       -9.53589526,       -8.44684955,             0.448,    0.001082255758,     0.08107955671,                 0,                 0,                 0,    -0.03315694741,  -0.0006867429983,     0.08108387126,                 0,       74.91718676
          0,           0,         124,      -9.011770373,      -9.726436834,      -9.549107494,      -8.460026314,             0.448,    0.001082255977,      0.0810795662,                 0,                 0,                 0,    -0.03315694049,  -0.0006867429864,     0.08108388075,                 0,       74.91718037
          0,           0,         125,      -9.025014025,      -9.741281758,      -9.562284583,      -8.473266827,             0.448,    0.001082256169,     0.08107957723,                 0,                 0,                 0,     -0.0331569336,  -0.0006867430348,     0.08108389178,                 0,       74.91717725
          0,           0,         126,      -9.038287579,      -9.756201798,      -9.575395997,      -8.486571257,             0.448,    0.001082256341,     0.08107958969,                 0,                 0,                 0,    -0.03315692677,  -0.0006867431342,     0.08108390424,                 0,       74.91717683
          0,           0,         127,      -9.051593177,      -9.771239723,      -9.588417209,      -8.499939791,             0.448,      0.0010822565,     0.08107960344,                 0,                 0,                 0,    -0.03315692001,  -0.0006867432757,       0.081083918,                 0,       74.91717856
          0,           0,         128,       -9.06493315,      -9.786432671,      -9.601330294,      -8.513372453,             0.448,    0.001082256651,      0.0810796184,                 0,                 0,                 0,    -0.03315691332,  -0.0006867434512,     0.08108393295,                 0,       74.91718194
          0,           0,         129,      -9.078309623,       -9.80181034,      -9.614124031,      -8.526868812,             0.448,    0.001082256798,     0.08107963444,                 0,                 0,                 0,    -0.03315690671,  -0.0006867436537,     0.08108394899,                 0,       74.91718655
          0,           0,         130,      -9.091724075,      -9.817393119,      -9.626793566,      -8.540427619,             0.448,    0.001082256946,     0.08107965147,                 0,                 0,                 0,    -0.03315690018,  -0.0006867438772,     0.08108396602,                 0,       74.91719204
          0,           0,         131,      -9.105176901,      -9.833190372,      -9.639339826,      -8.554046405,             0.448,    0.001082257098,     0.08107966942,                 0,                 0,                 0,    -0.03315689374,   -0.000686744117,     0.08108398397,                 0,       74.91719812
          0,           0,         132,      -9.118666986,      -9.849199555,       -9.65176878,      -8.567721083,             0.448,    0.001082257255,     0.08107968819,                 0,                 0,                 0,    -0.03315688738,  -0.0006867443696,     0.08108400274,                 0,        74.9172046
          0,           0,         133,      -9.132191329,      -9.865405473,      -9.664090636,       -8.58144557,             0.448,    0.001082257418,     0.08107970772,                 0,                 0,                 0,     -0.0331568811,  -0.0006867446326,     0.08108402226,                 0,       74.91721136
          0,           0,         134,       -9.14574471,      -9.881780598,      -9.676319017,      -8.595211453,             0.448,    0.001082257587,     0.08107972792,                 0,                 0,                 0,     -0.0331568749,  -0.0006867449047,     0.08108404247,                 0,       74.91721835
          0,           0,         135,      -9.159319428,      -9.898286167,      -9.688470121,      -8.609007726,             0.448,     0.00108225776,     0.08107974875,                 0,                 0,                 0,    -0.03315686879,  -0.0006867451853,     0.08108406329,                 0,       74.91722557
          0,           0,         136,      -9.172905121,      -9.914873931,       -9.70056192,      -8.622820625,             0.448,    0.001082257937,     0.08107977012,                 0,                 0,                 0,    -0.03315686277,  -0.0006867454747,     0.08108408467,                 0,       74.91723307
          0,           0,         137,      -9.186488685,      -9.931488906,      -9.712613307,      -8.636633557,             0.448,    0.001082258116,     0.08107979199,                 0,                 0,                 0,    -0.03315685683,  -0.0006867457734,     0.08108410653,                 0,       74.91724093
          0,           0,         138,      -9.200054313,       -9.94807233,      -9.724643244,      -8.650427189,             0.448,    0.001082258293,     0.08107981428,                 0,                 0,                 0,    -0.03315685098,  -0.0006867460824,     0.08108412882,                 0,       74.91724925
          0,           0,         139,      -9.213583666,       -9.96456547,      -9.736669862,      -8.664179656,             0.448,    0.001082258467,     0.08107983694,                 0,                 0,                 0,    -0.03315684522,  -0.0006867464026,     0.08108415148,                 0,       74.91725813
          0,           0,         140,      -9.227056201,      -9.980912896,      -9.748709602,      -8.677866966,             0.448,    0.001082258636,      0.0810798599,                 0,                 0,                 0,    -0.03315683957,   -0.000686746735,     0.08108417444,                 0,       74.91726767
          0,           0,         141,      -9.240449653,      -9.997065953,       -9.76077626,      -8.691463539,             0.448,    0.001082258797,      0.0810798831,                 0,                 0,                 0,    -0.03315683403,    -0.00068674708,     0.08108419764,                 0,       74.91727796
          0,           0,         142,      -9.253740671,      -10.01298531,        -9.7728802,      -8.704942925,             0.448,    0.001082258949,     0.08107990648,                 0,                 0,                 0,    -0.03315682861,   -0.000686747438,     0.08108422101,                 0,       74.91728904
          0,           0,         143,      -9.266905594,      -10.02864307,      -9.785027507,      -8.718278646,             0.448,     0.00108225909,     0.08107992995,                 0,                 0,                 0,    -0.03315682332,  -0.0006867478087,     0.08108424448,                 0,       74.91730094
          0,           0,         144,       -9.27992134,      -10.04402358,      -9.797219387,      -8.731445151,             0.448,     0.00108225922,     0.08107995347,                 0,                 0,                 0,    -0.03315681818,  -0.0006867481917,       0.081084268,                 0,       74.91731366
          0,           0,         145,      -9.292766375,      -10.05912336,      -9.809451719,      -8.744418846,             0.448,    0.001082259339,     0.08107997697,                 0,                 0,                 0,    -0.03315681318,  -0.0006867485858,      0.0810842915,                 0,       74.91732717
          0,           0,         146,      -9.305421687,      -10.07395076,      -9.821714887,      -8.757179127,             0.448,    0.001082259446,     0.08108000038,                 0,                 0,                 0,    -0.03315680834,  -0.0006867489897,      0.0810843149,                 0,        74.9173414
          0,           0,         147,       -9.31787175,      -10.08852403,      -9.833994041,      -8.769709382,             0.448,    0.001082259541,     0.08108002365,                 0,                 0,                 0,    -0.03315680368,  -0.0006867494016,     0.08108433816,                 0,       74.91735628
          0,           0,         148,      -9.330105365,      -10.10286976,      -9.846269767,      -8.781997871,             0.448,    0.001082259626,      0.0810800467,                 0,                 0,                 0,    -0.03315679919,  -0.0006867498195,     0.08108436122,                 0,        74.9173717
          0,           0,         149,      -9.342116333,      -10.11702114,      -9.858519148,      -8.794038416,             0.448,    0.001082259702,      0.0810800695,                 0,                 0,                 0,    -0.03315679489,  -0.0006867502414,     0.08108438401,                 0,       74.91738754
          0,           0,         150,      -9.353903921,      -10.13101525,      -9.870717182,      -8.805830851,             0.448,    0.001082259769,     0.08108009198,                 0,                 0,                 0,    -0.03315679079,  -0.0006867506649,     0.08108440649,                 0,       74.91740368
          0,           0,         151,      -9.365473034,       -10.1448918,      -9.882838537,      -8.817381174,             0.448,    0.001082259829,      0.0810801141,                 0,                 0,                 0,    -0.03315678688,  -0.0006867510877,      0.0810844286,                 0,       74.91741998
          0,           0,         152,      -9.376834134,      -10.15869033,      -9.894859263,      -8.828701405,             0.448,    0.001082259882,     0.08108013581,                 0,                 0,                 0,    -0.03315678319,  -0.0006867515077,     0.08108445031,                 0,       74.91743632
          0,           0,         153,      -9.388002844,       -10.1724494,      -9.906758471,      -8.839809124,             0.448,    0.001082259931,     0.08108015708,                 0,                 0,                 0,    -0.03315677971,  -0.0006867519226,     0.08108447157,                 0,       74.91745259
          0,           0,         154,      -9.398999368,      -10.18620347,      -9.918519843,       -8.85072681,             0.448,    0.001082259976,     0.08108017785,                 0,                 0,                 0,    -0.03315677644,  -0.0006867523306,     0.08108449234,                 0,       74.91746866
          0,           0,         155,      -9.409847674,      -10.19998327,      -9.930132593,       -8.86148093,             0.448,    0.001082260018,     0.08108019809,                 0,                 0,                 0,    -0.03315677339,    -0.00068675273,     0.08108451258,                 0,       74.91748443
          0,           0,         156,      -9.420574589,      -10.21381284,      -9.941592259,      -8.872100955,             0.448,    0.001082260059,     0.08108021777,                 0,                 0,                 0,    -0.03315677055,  -0.0006867531192,     0.08108453226,                 0,       74.91749984
          0,           0,         157,      -9.431208827,      -10.22770934,      -9.952900832,      -8.882618302,             0.448,    0.001082260097,     0.08108023687,                 0,                 0,                 0,    -0.03315676794,  -0.0006867534971,     0.08108455135,                 0,        74.9175148
          0,           0,         158,      -9.441780015,      -10.24168177,      -9.964066626,      -8.893065283,             0.448,    0.001082260135,     0.08108025535,                 0,                 0,                 0,    -0.03315676554,  -0.0006867538627,     0.08108456983,                 0,       74.91752928
          0,           0,         159,      -9.452317779,      -10.25573031,      -9.975103663,      -8.903474133,             0.448,    0.001082260172,      0.0810802732,                 0,                 0,                 0,    -0.03315676336,  -0.0006867542154,     0.08108458767,                 0,       74.91754324
          0,           0,         160,      -9.462850924,      -10.26984545,      -9.986030866,      -8.913876134,             0.448,    0.001082260207,     0.08108029039,                 0,                 0,                 0,    -0.03315676139,   -0.000686754555,     0.08108460486,                 0,       74.91755666
          0,           0,         161,      -9.473406734,      -10.28400741,      -9.996871139,      -8.924300871,             0.448,    0.001082260241,     0.08108030692,                 0,                 0,                 0,    -0.03315675963,  -0.0006867548811,     0.08108462138,                 0,       74.91756956
          0,           0,         162,      -9.484010387,      -10.29818667,      -10.00765013,      -8.934775623,             0.448,    0.001082260274,     0.08108032276,                 0,                 0,                 0,    -0.03315675806,  -0.0006867551941,     0.08108463722,                 0,       74.91758193
          0,           0,         163,       -9.49468454,      -10.31234343,      -10.01839521,      -8.945324921,             0.448,    0.001082260305,     0.08108033791,                 0,                 0,                 0,    -0.03315675669,  -0.0006867554941,     0.08108465237,                 0,       74.91759382
          0,           0,         164,      -9.505449003,      -10.32642926,      -10.02913444,      -8.955970215,             0.448,    0.001082260333,     0.08108035238,                 0,                 0,                 0,     -0.0331567555,  -0.0006867557816,     0.08108466683,                 0,       74.91760524
          0,           0,         165,      -9.516320577,       -10.3403877,      -10.03989562,        -8.9667297,             0.448,    0.001082260358,     0.08108036615,                 0,                 0,                 0,    -0.03315675449,  -0.0006867560571,      0.0810846806,                 0,       74.91761624
          0,           0,         166,      -9.527312968,      -10.35415756,       -10.0507055,       -8.97761823,             0.448,    0.001082260379,     0.08108037923,                 0,                 0,                 0,    -0.03315675365,  -0.0006867563213,     0.08108469368,                 0,       74.91762686
          0,           0,         167,      -9.538436814,      -10.36767449,      -10.06158914,      -8.988647355,             0.448,    0.001082260396,     0.08108039162,                 0,                 0,                 0,    -0.03315675297,  -0.0006867565747,     0.08108470607,                 0,       74.91763714
          0,           0,         168,      -9.549699792,      -10.38087498,      -10.07256949,      -8.999825426,             0.448,    0.001082260408,     0.08108040334,                 0,                 0,                 0,    -0.03315675244,  -0.0006867568181,     0.08108471779,                 0,       74.91764712
          0,           0,         169,       -9.56110678,      -10.39370007,      -10.08366701,      -9.011157775,             0.448,    0.001082260415,     0.08108041439,                 0,                 0,                 0,    -0.03315675205,   -0.000686757052,     0.08108472883,                 0,       74.91765684
          0,           0,         170,      -9.572660086,      -10.40609897,      -10.09489951,      -9.022646945,             0.448,    0.001082260417,     0.08108042479,                 0,                 0,                 0,    -0.03315675178,  -0.0006867572769,     0.08108473923,                 0,       74.91766631
          0,           0,         171,      -9.584359726,       -10.4180323,       -10.1062821,       -9.03429299,             0.448,    0.001082260413,     0.08108043455,                 0,                 0,                 0,    -0.03315675164,  -0.0006867574934,     0.08108474899,                 0,       74.91767558
          0,           0,         172,      -9.596203698,      -10.42947673,      -10.11782711,      -9.046093758,             0.448,    0.001082260404,     0.08108044369,                 0,                 0,                 0,     -0.0331567516,  -0.0006867577019,     0.08108475812,                 0,       74.91768465
          0,           0,         173,       -9.60818832,      -10.44042556,      -10.12954428,      -9.058045241,             0.448,     0.00108226039,     0.08108045222,                 0,                 0,                 0,    -0.03315675166,  -0.0006867579025,     0.08108476666,                 0,       74.91769354
          0,           0,         174,      -9.620308563,      -10.45089083,      -10.14144072,      -9.070141927,             0.448,     0.00108226037,     0.08108046018,                 0,                 0,                 0,     -0.0331567518,  -0.0006867580957,     0.08108477461,                 0,       74.91770225
          0,           0,         175,      -9.632558354,      -10.46090438,      -10.15352118,      -9.082377127,             0.448,    0.001082260346,     0.08108046758,                 0,                 0,                 0,    -0.03315675202,  -0.0006867582814,     0.08108478201,                 0,       74.91771077
          0,           0,         176,      -9.644930938,      -10.47051502,      -10.16578813,      -9.094743338,             0.448,    0.001082260317,     0.08108047444,                 0,                 0,                 0,     -0.0331567523,  -0.0006867584599,     0.08108478887,                 0,        74.9177191
          0,           0,         177,      -9.657419149,      -10.47978827,      -10.17824183,      -9.107232548,             0.448,    0.001082260285,     0.08108048079,                 0,                 0,                 0,    -0.03315675265,  -0.0006867586309,     0.08108479521,                 0,       74.91772722
          0,           0,         178,      -9.670015714,      -10.48880261,      -10.19088058,       -9.11983655,             0.448,    0.001082260249,     0.08108048665,                 0,                 0,                 0,    -0.03315675303,  -0.0006867587946,     0.08108480107,                 0,       74.91773512
          0,           0,         179,      -9.682713498,      -10.49764549,      -10.20370076,      -9.132547214,             0.448,     0.00108226021,     0.08108049205,                 0,                 0,                 0,    -0.03315675346,  -0.0006867589508,     0.08108480647,                 0,       74.91774276
          0,           0,         180,      -9.695505694,      -10.50641183,      -10.21669693,      -9.145356697,             0.448,     0.00108226017,     0.08108049701,                 0,                 0,                 0,    -0.03315675392,  -0.0006867590994,     0.08108481143,                 0,       74.91775014
          0,           0,         181,       -9.70838602,      -10.51519853,      -10.22986194,      -9.158257658,             0.448,    0.001082260128,     0.08108050156,                 0,                 0,                 0,    -0.03315675441,  -0.0006867592403,     0.08108481598,                 0,       74.91775723
          0,           0,         182,      -9.721348807,      -10.52410262,      -10.24318698,      -9.171243371,             0.448,    0.001082260086,     0.08108050572,                 0,                 0,                 0,    -0.03315675491,  -0.0006867593734,     0.08108482013,                 0,       74.91776401
          0,           0,         183,      -9.734389086,      -10.53321739,      -10.25666165,      -9.184307835,             0.448,    0.001082260044,     0.08108050952,                 0,                 0,                 0,    -0.03315675542,  -0.0006867594985,     0.08108482393,                 0,       74.91777045
          0,           0,         184,      -9.747502592,      -10.54263203,      -10.27027401,      -9.197445797,             0.448,    0.001082260002,     0.08108051297,                 0,                 0,                 0,    -0.03315675593,  -0.0006867596157,     0.08108482739,                 0,       74.91777653
          0,           0,         185,      -9.760685746,      -10.55242745,      -10.28401065,       -9.21065275,             0.448,    0.001082259961,     0.08108051612,                 0,                 0,                 0,    -0.03315675645,   -0.000686759725,     0.08108483053,                 0,       74.91778225
          0,           0,         186,      -9.773935565,      -10.56267779,      -10.29785676,       -9.22392487,             0.448,    0.001082259922,     0.08108051897,                 0,                 0,                 0,    -0.03315675696,  -0.0006867598262,     0.08108483337,                 0,       74.91778759
          0,           0,         187,      -9.787249569,      -10.57344766,      -10.31179617,      -9.237258932,             0.448,    0.001082259885,     0.08108052155,                 0,                 0,                 0,    -0.03315675746,  -0.0006867599196,     0.08108483595,                 0,       74.91779255
          0,           0,         188,      -9.800625625,      -10.58479257,      -10.32581153,      -9.250652165,             0.448,     0.00108225985,     0.08108052388,                 0,                 0,                 0,    -0.03315675795,  -0.0006867600052,     0.08108483828,                 0,       74.91779711
          0,           0,         189,      -9.814061793,       -10.5967579,      -10.33988433,      -9.264102119,             0.448,    0.001082259818,     0.08108052598,                 0,                 0,                 0,    -0.03315675842,  -0.0006867600832,     0.08108484039,                 0,       74.91780127
          0,           0,         190,      -9.827556147,      -10.60937967,       -10.3539952,      -9.277606478,             0.448,    0.001082259789,     0.08108052788,                 0,                 0,                 0,    -0.03315675888,  -0.0006867601539,     0.08108484228,                 0,       74.91780505
          0,           0,         191,      -9.841106598,      -10.62268393,      -10.36812402,      -9.291162905,             0.448,    0.001082259763,     0.08108052959,                 0,                 0,                 0,    -0.03315675931,  -0.0006867602174,     0.08108484399,                 0,       74.91780844
          0,           0,         192,      -9.854710721,      -10.63668662,      -10.38225023,       -9.30476885,             0.448,     0.00108225974,     0.08108053113,                 0,                 0,                 0,    -0.03315675972,   -0.000686760274,     0.08108484553,                 0,       74.91781147
          0,           0,         193,      -9.868365599,      -10.65139347,      -10.39635318,      -9.318421408,             0.448,     0.00108225972,     0.08108053252,                 0,                 0,                 0,    -0.03315676011,  -0.0006867603242,     0.08108484692,                 0,       74.91781412
          0,           0,         194,      -9.882067691,      -10.66679999,      -10.41041248,      -9.332117171,             0.448,    0.001082259703,     0.08108053377,                 0,                 0,                 0,    -0.03315676047,  -0.0006867603682,     0.08108484817,                 0,       74.91781644
          0,           0,         195,      -9.895812723,      -10.68289085,      -10.42440845,      -9.345852111,             0.448,     0.00108225969,      0.0810805349,                 0,                 0,                 0,    -0.03315676081,  -0.0006867604064,      0.0810848493,                 0,       74.91781842
          0,           0,         196,      -9.909595612,      -10.69963983,      -10.43832264,      -9.359621494,             0.448,    0.001082259679,     0.08108053593,                 0,                 0,                 0,    -0.03315676112,  -0.0006867604392,     0.08108485033,                 0,       74.91782008
          0,           0,         197,      -9.923410441,      -10.71700875,      -10.45213824,      -9.373419836,             0.448,    0.001082259672,     0.08108053686,                 0,                 0,                 0,     -0.0331567614,  -0.0006867604669,     0.08108485126,                 0,       74.91782146
          0,           0,         198,      -9.937250473,      -10.73494754,      -10.46584065,      -9.387240907,             0.448,    0.001082259667,     0.08108053771,                 0,                 0,                 0,    -0.03315676166,    -0.00068676049,     0.08108485211,                 0,       74.91782256
          0,           0,         199,      -9.951108186,        -10.753394,      -10.47941794,      -9.401077736,             0.448,    0.001082259665,     0.08108053849,                 0,                 0,                 0,    -0.03315676189,  -0.0006867605088,     0.08108485289,                 0,        74.9178234
          0,           0,         200,      -9.964975399,      -10.77227222,      -10.49286124,      -9.414922726,             0.448,    0.001082259666,     0.08108053921,                 0,                 0,                 0,     -0.0331567621,  -0.0006867605238,     0.08108485361,                 0,       74.91782402
          0,           0,         201,      -9.978843403,      -10.79149426,      -10.50616512,      -9.428767763,             0.448,    0.001082259669,     0.08108053989,                 0,                 0,                 0,    -0.03315676228,  -0.0006867605352,     0.08108485428,                 0,       74.91782442
          0,           0,         202,      -9.992703152,      -10.81095922,      -10.51932787,      -9.442604387,             0.448,    0.001082259675,     0.08108054052,                 0,                 0,                 0,    -0.03315676243,  -0.0006867605436,     0.08108485491,                 0,       74.91782462
          0,           0,         203,      -10.00654549,      -10.83055496,      -10.53235165,         -9.456424,             0.448,    0.001082259682,     0.08108054111,                 0,                 0,                 0,    -0.03315676257,  -0.0006867605491,     0.08108485551,                 0,       74.91782466
          0,           0,         204,      -10.02036141,      -10.85015937,      -10.54524253,      -9.470218097,             0.448,    0.001082259692,     0.08108054169,                 0,                 0,                 0,    -0.03315676267,  -0.0006867605523,     0.08108485608,                 0,       74.91782454
          0,           0,         205,      -10.03414232,      -10.86964389,      -10.55801043,      -9.483978533,             0.448,    0.001082259703,     0.08108054224,                 0,                 0,                 0,    -0.03315676276,  -0.0006867605533,     0.08108485664,                 0,       74.91782429
          0,           0,         206,      -10.04788032,      -10.88887681,      -10.57066898,      -9.497697792,             0.448,    0.001082259715,     0.08108054277,                 0,                 0,                 0,    -0.03315676283,  -0.0006867605524,     0.08108485717,                 0,       74.91782391
          0,           0,         207,       -10.0615685,      -10.90772902,      -10.58323515,      -9.511369242,             0.448,    0.001082259729,      0.0810805433,                 0,                 0,                 0,    -0.03315676287,  -0.0006867605501,      0.0810848577,                 0,       74.91782344
          0,           0,         208,      -10.07520121,      -10.92607879,      -10.59572886,       -9.52498741,             0.448,    0.001082259744,     0.08108054382,                 0,                 0,                 0,     -0.0331567629,  -0.0006867605465,     0.08108485822,                 0,       74.91782289
          0,           0,         209,      -10.08877426,      -10.94381855,       -10.6081726,      -9.538548201,             0.448,     0.00108225976,     0.08108054434,                 0,                 0,                 0,    -0.03315676292,  -0.0006867605419,     0.08108485874,                 0,       74.91782227
          0,           0,         210,      -10.10228513,      -10.96086102,      -10.62059069,        -9.5520491,             0.448,    0.001082259777,     0.08108054486,                 0,                 0,                 0,    -0.03315676291,  -0.0006867605366,     0.08108485926,                 0,       74.91782159
          0,           0,         211,      -10.11573314,      -10.97714476,      -10.63300876,      -9.565489302,             0.448,    0.001082259794,     0.08108054538,                 0,                 0,                 0,     -0.0331567629,  -0.0006867605307,     0.08108485978,                 0,       74.91782088
          0,           0,         212,      -10.12911947,      -10.99263781,      -10.64545305,      -9.578869811,             0.448,    0.001082259812,     0.08108054591,                 0,                 0,                 0,    -0.03315676287,  -0.0006867605244,     0.08108486031,                 0,       74.91782014
          0,           0,         213,      -10.14244722,      -11.00733992,      -10.65794971,      -9.592193465,             0.448,     0.00108225983,     0.08108054644,                 0,                 0,                 0,    -0.03315676283,  -0.0006867605181,     0.08108486084,                 0,       74.91781939
          0,           0,         214,      -10.15572136,      -11.02128155,      -10.67052419,      -9.605464897,             0.448,    0.001082259848,     0.08108054697,                 0,                 0,                 0,    -0.03315676278,  -0.0006867605117,     0.08108486137,                 0,       74.91781863
          0,           0,         215,      -10.16894855,      -11.03452222,      -10.68320047,      -9.618690428,             0.448,    0.001082259865,     0.08108054751,                 0,                 0,                 0,    -0.03315676273,  -0.0006867605056,     0.08108486191,                 0,       74.91781789
          0,           0,         216,      -10.18213706,      -11.04714561,       -10.6960005,       -9.63187791,             0.448,    0.001082259883,     0.08108054805,                 0,                 0,                 0,    -0.03315676267,  -0.0006867604997,     0.08108486245,                 0,       74.91781717
          0,           0,         217,      -10.19529641,      -11.05925302,      -10.70894367,      -9.645036498,             0.448,      0.0010822599,      0.0810805486,                 0,                 0,                 0,     -0.0331567626,  -0.0006867604944,       0.081084863,                 0,       74.91781647
          0,           0,         218,       -10.2084372,      -11.07095798,      -10.72204622,      -9.658176396,             0.448,    0.001082259917,     0.08108054915,                 0,                 0,                 0,    -0.03315676253,  -0.0006867604896,     0.08108486355,                 0,       74.91781582
          0,           0,         219,      -10.22157073,      -11.08237857,      -10.73532089,      -9.671308569,             0.448,    0.001082259933,      0.0810805497,                 0,                 0,                 0,    -0.03315676246,  -0.0006867604854,      0.0810848641,                 0,       74.91781521
          0,           0,         220,      -10.23470868,      -11.09363256,      -10.74877651,      -9.684444376,             0.448,    0.001082259949,     0.08108055025,                 0,                 0,                 0,    -0.03315676239,   -0.000686760482,     0.08108486466,                 0,       74.91781465
          0,           0,         221,      -10.24786275,      -11.10483152,      -10.76241778,      -9.697595279,             0.448,    0.001082259963,      0.0810805508,                 0,                 0,                 0,    -0.03315676232,  -0.0006867604794,      0.0810848652,                 0,       74.91781415
          0,           0,         222,      -10.26104432,       -11.1160774,      -10.77624504,      -9.710772483,             0.448,    0.001082259977,     0.08108055135,                 0,                 0,                 0,    -0.03315676225,  -0.0006867604777,     0.08108486575,                 0,       74.91781371
          0,           0,         223,      -10.27426412,       -11.1274593,      -10.79025425,      -9.723986606,             0.448,     0.00108225999,     0.08108055189,                 0,                 0,                 0,    -0.03315676218,   -0.000686760477,     0.08108486629,                 0,       74.91781334
          0,           0,         224,      -10.28753191,      -11.13905225,      -10.80443687,      -9.737247369,             0.448,    0.001082260001,     0.08108055242,                 0,                 0,                 0,    -0.03315676212,  -0.0006867604771,     0.08108486682,                 0,       74.91781304
          0,           0,         225,      -10.30085618,      -11.15091511,      -10.81877997,      -9.750563308,             0.448,    0.001082260011,     0.08108055294,                 0,                 0,                 0,    -0.03315676206,  -0.0006867604782,     0.08108486734,                 0,       74.91781282
          0,           0,         226,      -10.31424393,      -11.16309145,      -10.83326637,      -9.763941528,             0.448,     0.00108226002,     0.08108055344,                 0,                 0,                 0,    -0.03315676201,  -0.0006867604803,     0.08108486785,                 0,       74.91781266
          0,           0,         227,      -10.32770042,       -11.1756091,      -10.84787494,      -9.777387479,             0.448,    0.001082260028,     0.08108055394,                 0,                 0,                 0,    -0.03315676196,  -0.0006867604834,     0.08108486834,                 0,       74.91781258
          0,           0,         228,      -10.34122907,       -11.1884807,      -10.86258082,      -9.790904808,             0.448,    0.001082260034,     0.08108055441,                 0,                 0,                 0,    -0.03315676192,  -0.0006867604873,     0.08108486882,                 0,       74.91781258
          0,           0,         229,      -10.35483128,      -11.20170431,      -10.87735597,      -9.804495212,             0.448,    0.001082260039,     0.08108055487,                 0,                 0,                 0,    -0.03315676189,  -0.0006867604922,     0.08108486927,                 0,       74.91781265
          0,           0,         230,      -10.36850642,      -11.21526536,      -10.89216968,      -9.818158397,             0.448,    0.001082260043,     0.08108055531,                 0,                 0,                 0,    -0.03315676186,   -0.000686760498,     0.08108486971,                 0,       74.91781279
          0,           0,         231,      -10.38225184,      -11.22913639,      -10.90698913,      -9.831892045,             0.448,    0.001082260046,     0.08108055573,                 0,                 0,                 0,    -0.03315676184,  -0.0006867605046,     0.08108487013,                 0,       74.91781301
          0,           0,         232,      -10.39606283,       -11.2432804,      -10.92178027,      -9.845691847,             0.448,    0.001082260047,     0.08108055612,                 0,                 0,                 0,    -0.03315676182,   -0.000686760512,     0.08108487053,                 0,       74.91781329
          0,           0,         233,      -10.40993281,      -11.25765157,      -10.93650853,      -9.859551598,             0.448,    0.001082260047,     0.08108055649,                 0,                 0,                 0,    -0.03315676181,  -0.0006867605202,      0.0810848709,                 0,       74.91781363
          0,           0,         234,      -10.42385346,      -11.27219639,      -10.95113991,      -9.873463365,             0.448,    0.001082260046,     0.08108055684,                 0,                 0,                 0,    -0.03315676181,   -0.000686760529,     0.08108487124,                 0,       74.91781404
          0,           0,         235,      -10.43781491,      -11.28685755,      -10.96564173,      -9.887417623,             0.448,    0.001082260043,     0.08108055716,                 0,                 0,                 0,    -0.03315676181,  -0.0006867605384,     0.08108487156,                 0,       74.91781451
          0,           0,         236,        -10.451806,       -11.3015752,      -10.97998369,      -9.901403565,             0.448,     0.00108226004,     0.08108055746,                 0,                 0,                 0,    -0.03315676182,  -0.0006867605484,     0.08108487186,                 0,       74.91781502
          0,           0,         237,      -10.46581458,      -11.31629022,      -10.99413884,      -9.915409325,             0.448,    0.001082260035,     0.08108055773,                 0,                 0,                 0,    -0.03315676184,  -0.0006867605589,     0.08108487213,                 0,       74.91781559
          0,           0,         238,      -10.47982783,      -11.33094583,      -11.00808439,      -9.929422329,             0.448,     0.00108226003,     0.08108055797,                 0,                 0,                 0,    -0.03315676186,  -0.0006867605697,     0.08108487237,                 0,        74.9178162
          0,           0,         239,      -10.49383259,      -11.34549089,      -11.02180245,      -9.943429639,             0.448,    0.001082260023,     0.08108055819,                 0,                 0,                 0,    -0.03315676189,   -0.000686760581,     0.08108487259,                 0,       74.91781685
          0,           0,         240,      -10.50781578,      -11.35988323,       -11.0352806,      -9.957418282,             0.448,    0.001082260016,     0.08108055838,                 0,                 0,                 0,    -0.03315676191,  -0.0006867605925,     0.08108487278,                 0,       74.91781753
          0,           0,         241,       -10.5217647,      -11.37408991,      -11.04851237,      -9.971375645,             0.448,    0.001082260008,     0.08108055855,                 0,                 0,                 0,    -0.03315676195,  -0.0006867606042,     0.08108487295,                 0,       74.91781825
          0,           0,         242,       -10.5356674,       -11.3880902,      -11.06149724,      -9.985289771,             0.448,    0.001082259999,     0.08108055869,                 0,                 0,                 0,    -0.03315676198,  -0.0006867606161,     0.08108487309,                 0,       74.91781899
          0,           0,         243,      -10.54951307,      -11.40187636,      -11.07424077,      -9.999149787,             0.448,    0.001082259989,     0.08108055881,                 0,                 0,                 0,    -0.03315676202,  -0.0006867606281,     0.08108487321,                 0,       74.91781975
          0,           0,         244,      -10.56329224,      -11.41545208,      -11.08675421,      -10.01294607,             0.448,     0.00108225998,      0.0810805589,                 0,                 0,                 0,    -0.03315676206,    -0.00068676064,      0.0810848733,                 0,       74.91782052
          0,           0,         245,      -10.57699713,       -11.4288347,      -11.09905411,      -10.02667063,             0.448,    0.001082259969,     0.08108055898,                 0,                 0,                 0,    -0.03315676211,   -0.000686760652,     0.08108487338,                 0,       74.91782131
          0,           0,         246,      -10.59062174,      -11.44205337,      -11.11116165,      -10.04031721,             0.448,    0.001082259958,     0.08108055903,                 0,                 0,                 0,    -0.03315676215,  -0.0006867606639,     0.08108487343,                 0,        74.9178221
          0,           0,         247,      -10.60416209,      -11.45514392,      -11.12310185,       -10.0538815,             0.448,    0.001082259947,     0.08108055906,                 0,                 0,                 0,     -0.0331567622,  -0.0006867606757,     0.08108487346,                 0,       74.91782289
          0,           0,         248,      -10.61761618,      -11.46815238,      -11.13490274,      -10.06736114,             0.448,    0.001082259936,     0.08108055908,                 0,                 0,                 0,    -0.03315676224,  -0.0006867606872,     0.08108487348,                 0,       74.91782368
          0,           0,         249,      -10.63098405,      -11.48112728,      -11.14659452,      -10.08075577,             0.448,    0.001082259925,     0.08108055908,                 0,                 0,                 0,    -0.03315676229,  -0.0006867606986,     0.08108487348,                 0,       74.91782447
          0,           0,         250,      -10.64426766,      -11.49412016,      -11.15820848,      -10.09406695,             0.448,    0.001082259913,     0.08108055906,                 0,                 0,                 0,    -0.03315676233,  -0.0006867607096,     0.08108487346,                 0,       74.91782525
          0,           0,         251,      -10.65747079,      -11.50718218,      -11.16977628,      -10.10729801,             0.448,    0.001082259902,     0.08108055903,                 0,                 0,                 0,    -0.03315676238,  -0.0006867607204,     0.08108487342,                 0,       74.91782601
          0,           0,         252,      -10.67059877,      -11.52036104,      -11.18132906,      -10.12045392,             0.448,     0.00108225989,     0.08108055898,                 0,                 0,                 0,    -0.03315676242,  -0.0006867607308,     0.08108487338,                 0,       74.91782676
          0,           0,         253,      -10.68365833,      -11.53370078,      -11.19289692,      -10.13354099,             0.448,    0.001082259879,     0.08108055892,                 0,                 0,                 0,    -0.03315676246,  -0.0006867607408,     0.08108487332,                 0,       74.91782748
          0,           0,         254,      -10.69665722,      -11.54723611,      -11.20450799,      -10.14656662,             0.448,    0.001082259868,     0.08108055885,                 0,                 0,                 0,     -0.0331567625,  -0.0006867607503,     0.08108487325,                 0,       74.91782819
          0,           0,         255,      -10.70960398,      -11.56099493,      -11.21618819,      -10.15953903,             0.448,    0.001082259857,     0.08108055877,                 0,                 0,                 0,    -0.03315676254,  -0.0006867607595,     0.08108487317,                 0,       74.91782887
          0,           0,         256,      -10.72250756,      -11.57499496,      -11.22796076,       -10.1724669,             0.448,    0.001082259847,     0.08108055868,                 0,                 0,                 0,    -0.03315676257,  -0.0006867607682,     0.08108487308,                 0,       74.91782952
          0,           0,         257,      -10.73537709,      -11.58924275,      -11.23984597,      -10.18535915,             0.448,    0.001082259836,     0.08108055859,                 0,                 0,                 0,    -0.03315676261,  -0.0006867607763,     0.08108487299,                 0,       74.91783014
          0,           0,         258,      -10.74822147,      -11.60373347,        -11.251861,      -10.19822447,             0.448,    0.001082259826,     0.08108055849,                 0,                 0,                 0,    -0.03315676264,   -0.000686760784,     0.08108487288,                 0,       74.91783073
          0,           0,         259,       -10.7610492,       -11.6184497,      -11.26401985,      -10.21107126,             0.448,    0.001082259817,     0.08108055838,                 0,                 0,                 0,    -0.03315676267,  -0.0006867607912,     0.08108487278,                 0,       74.91783129
          0,           0,         260,      -10.77386806,      -11.63336269,      -11.27633337,      -10.22390719,             0.448,    0.001082259808,     0.08108055827,                 0,                 0,                 0,    -0.03315676269,  -0.0006867607978,     0.08108487266,                 0,       74.91783182
          0,           0,         261,      -10.78668497,      -11.64843179,      -11.28880925,      -10.23673914,             0.448,    0.001082259799,     0.08108055815,                 0,                 0,                 0,    -0.03315676272,  -0.0006867608039,     0.08108487255,                 0,       74.91783231
          0,           0,         262,      -10.79950575,       -11.6636045,      -11.30145226,      -10.24957291,             0.448,    0.001082259791,     0.08108055803,                 0,                 0,                 0,    -0.03315676274,  -0.0006867608095,     0.08108487243,                 0,       74.91783276
          0,           0,         263,      -10.81233513,      -11.67881766,      -11.31426438,      -10.26241323,             0.448,    0.001082259783,     0.08108055791,                 0,                 0,                 0,    -0.03315676276,  -0.0006867608146,     0.08108487231,                 0,       74.91783318
          0,           0,         264,      -10.82517658,      -11.69400224,      -11.32724522,      -10.27526356,             0.448,    0.001082259776,     0.08108055779,                 0,                 0,                 0,    -0.03315676278,  -0.0006867608191,     0.08108487219,                 0,       74.91783357
          0,           0,         265,      -10.83803236,      -11.70908281,      -11.34039199,      -10.28812622,             0.448,     0.00108225977,     0.08108055767,                 0,                 0,                 0,     -0.0331567628,  -0.0006867608231,     0.08108487207,                 0,       74.91783392
          0,           0,         266,      -10.85090352,      -11.72397969,      -11.35370005,      -10.30100226,             0.448,    0.001082259763,     0.08108055755,                 0,                 0,                 0,    -0.03315676281,  -0.0006867608266,     0.08108487194,                 0,       74.91783423
          0,           0,         267,      -10.86379002,      -11.73861375,      -11.36716298,      -10.31389166,             0.448,    0.001082259758,     0.08108055743,                 0,                 0,                 0,    -0.03315676283,  -0.0006867608296,     0.08108487182,                 0,       74.91783451
          0,           0,         268,       -10.8766908,      -11.75291263,      -11.38077312,      -10.32679334,             0.448,    0.001082259753,     0.08108055731,                 0,                 0,                 0,    -0.03315676284,  -0.0006867608321,      0.0810848717,                 0,       74.91783476
          0,           0,         269,      -10.88960402,      -11.76680851,       -11.3945219,      -10.33970542,             0.448,    0.001082259748,     0.08108055719,                 0,                 0,                 0,    -0.03315676285,  -0.0006867608342,     0.08108487158,                 0,       74.91783497
          0,           0,         270,      -10.90252703,      -11.78025006,      -11.40839979,      -10.35262526,             0.448,    0.001082259744,     0.08108055707,                 0,                 0,                 0,    -0.03315676286,  -0.0006867608359,     0.08108487146,                 0,       74.91783516
          0,           0,         271,      -10.91545683,      -11.79319788,      -11.42239673,      -10.36554977,             0.448,     0.00108225974,     0.08108055695,                 0,                 0,                 0,    -0.03315676287,  -0.0006867608371,     0.08108487135,                 0,       74.91783531
          0,           0,         272,      -10.92839006,      -11.80563087,      -11.43650251,      -10.37847553,             0.448,    0.001082259736,     0.08108055684,                 0,                 0,                 0,    -0.03315676288,  -0.0006867608379,     0.08108487123,                 0,       74.91783544
          0,           0,         273,      -10.94132325,      -11.81755225,      -11.45070668,      -10.39139898,             0.448,    0.001082259734,     0.08108055672,                 0,                 0,                 0,    -0.03315676288,  -0.0006867608384,     0.08108487112,                 0,       74.91783553
          0,           0,         274,      -10.95425313,      -11.82897795,      -11.46499877,      -10.40431678,             0.448,    0.001082259731,     0.08108055661,                 0,                 0,                 0,    -0.03315676289,  -0.0006867608385,       0.081084871,                 0,       74.91783561
          0,           0,         275,      -10.96717659,      -11.83994821,      -11.47936845,      -10.41722573,             0.448,    0.001082259729,      0.0810805565,                 0,                 0,                 0,     -0.0331567629,  -0.0006867608383,     0.08108487089,                 0,       74.91783566
          0,           0,         276,      -10.98009109,      -11.85052145,      -11.49380529,      -10.43012319,             0.448,    0.001082259727,     0.08108055639,                 0,                 0,                 0,     -0.0331567629,  -0.0006867608378,     0.08108487079,                 0,       74.91783569
          0,           0,         277,      -10.99299457,      -11.86076574,      -11.50829925,      -10.44300706,             0.448,    0.001082259725,     0.08108055629,                 0,                 0,                 0,    -0.03315676291,   -0.000686760837,     0.08108487068,                 0,       74.91783569
          0,           0,         278,       -11.0058857,      -11.87076365,      -11.52283976,      -10.45587598,             0.448,    0.001082259724,     0.08108055618,                 0,                 0,                 0,    -0.03315676292,   -0.000686760836,     0.08108487058,                 0,       74.91783568
          0,           0,         279,       -11.0187639,      -11.88060279,      -11.53741666,      -10.46872942,             0.448,    0.001082259723,     0.08108055608,                 0,                 0,                 0,    -0.03315676292,  -0.0006867608347,     0.08108487047,                 0,       74.91783566
          0,           0,         280,      -11.03162932,      -11.89037689,      -11.55201919,      -10.48156756,             0.448,    0.001082259722,     0.08108055598,                 0,                 0,                 0,    -0.03315676293,  -0.0006867608333,     0.08108487037,                 0,       74.91783562
          0,           0,         281,      -11.04448288,      -11.90017666,       -11.5666366,      -10.49439141,             0.448,    0.001082259722,     0.08108055588,                 0,                 0,                 0,    -0.03315676294,  -0.0006867608316,     0.08108487027,                 0,       74.91783556
          0,           0,         282,      -11.05732626,       -11.9100925,      -11.58125715,      -10.50720288,             0.448,    0.001082259721,     0.08108055578,                 0,                 0,                 0,    -0.03315676295,  -0.0006867608298,     0.08108487017,                 0,       74.91783549
          0,           0,         283,      -11.07016179,      -11.92020354,      -11.59586911,      -10.52000453,             0.448,    0.001082259721,     0.08108055568,                 0,                 0,                 0,    -0.03315676296,  -0.0006867608279,     0.08108487007,                 0,       74.91783542
          0,           0,         284,      -11.08299222,      -11.93059152,      -11.61045908,      -10.53279943,             0.448,    0.001082259721,     0.08108055558,                 0,                 0,                 0,    -0.03315676297,  -0.0006867608258,     0.08108486997,                 0,       74.91783533
          0,           0,         285,      -11.09582076,       -11.9413213,      -11.62501364,      -10.54559115,             0.448,    0.001082259721,     0.08108055548,                 0,                 0,                 0,    -0.03315676298,  -0.0006867608236,     0.08108486988,                 0,       74.91783524
          0,           0,         286,       -11.1086509,      -11.95245034,      -11.63951809,      -10.55838372,             0.448,    0.001082259721,     0.08108055539,                 0,                 0,                 0,    -0.03315676299,  -0.0006867608213,     0.08108486978,                 0,       74.91783513
          0,           0,         287,      -11.12148603,      -11.96402832,      -11.65395691,      -10.57118102,             0.448,    0.001082259722,     0.08108055529,                 0,                 0,                 0,      -0.033156763,  -0.0006867608189,     0.08108486968,                 0,       74.91783503
          0,           0,         288,      -11.13432958,      -11.97609259,      -11.66831361,      -10.58398709,             0.448,    0.001082259722,     0.08108055519,                 0,                 0,                 0,    -0.03315676302,  -0.0006867608165,     0.08108486959,                 0,       74.91783492
          0,           0,         289,      -11.14718462,      -11.98866723,      -11.68257105,      -10.59680566,             0.448,    0.001082259722,      0.0810805551,                 0,                 0,                 0,    -0.03315676303,   -0.000686760814,     0.08108486949,                 0,        74.9178348
          0,           0,         290,       -11.1600536,      -12.00177167,      -11.69671158,      -10.60963987,             0.448,    0.001082259723,       0.081080555,                 0,                 0,                 0,    -0.03315676305,  -0.0006867608115,     0.08108486939,                 0,       74.91783468
          0,           0,         291,      -11.17293867,      -12.01540921,       -11.7107178,      -10.62249262,             0.448,    0.001082259723,      0.0810805549,                 0,                 0,                 0,    -0.03315676306,   -0.000686760809,      0.0810848693,                 0,       74.91783457
          0,           0,         292,      -11.18584093,      -12.02957222,      -11.72457164,      -10.63536579,             0.448,    0.001082259724,      0.0810805548,                 0,                 0,                 0,    -0.03315676308,  -0.0006867608064,      0.0810848692,                 0,       74.91783445
          0,           0,         293,      -11.19876061,      -12.04425317,      -11.73825592,      -10.64826035,             0.448,    0.001082259724,     0.08108055471,                 0,                 0,                 0,     -0.0331567631,  -0.0006867608038,      0.0810848691,                 0,       74.91783432
          0,           0,         294,      -11.21169701,      -12.05941859,       -11.7517546,      -10.66117645,             0.448,    0.001082259725,     0.08108055461,                 0,                 0,                 0,    -0.03315676312,  -0.0006867608013,       0.081084869,                 0,        74.9178342
          0,           0,         295,      -11.22464851,      -12.07503293,      -11.76505329,      -10.67411316,             0.448,    0.001082259725,     0.08108055451,                 0,                 0,                 0,    -0.03315676314,  -0.0006867607987,      0.0810848689,                 0,       74.91783408
          0,           0,         296,      -11.23761213,      -12.09105466,      -11.77813946,       -10.6870682,             0.448,    0.001082259725,     0.08108055441,                 0,                 0,                 0,    -0.03315676316,  -0.0006867607961,      0.0810848688,                 0,       74.91783396
          0,           0,         297,      -11.25058416,       -12.1074208,      -11.79100317,       -10.7000385,             0.448,    0.001082259726,     0.08108055431,                 0,                 0,                 0,    -0.03315676318,  -0.0006867607936,      0.0810848687,                 0,       74.91783384
          0,           0,         298,      -11.26355955,      -12.12407096,      -11.80363764,      -10.71301963,             0.448,    0.001082259726,     0.08108055421,                 0,                 0,                 0,     -0.0331567632,   -0.000686760791,      0.0810848686,                 0,       74.91783373
          0,           0,         299,      -11.27653264,      -12.14093162,      -11.81603861,      -10.72600632,             0.448,    0.001082259726,     0.08108055411,                 0,                 0,                 0,    -0.03315676322,  -0.0006867607885,      0.0810848685,                 0,       74.91783361
          0,           0,         300,      -11.28949657,      -12.15792514,       -11.8282066,       -10.7389921,             0.448,    0.001082259727,     0.08108055401,                 0,                 0,                 0,    -0.03315676324,   -0.000686760786,      0.0810848684,                 0,        74.9178335
          0,           0,         301,       -11.3024442,      -12.17495826,      -11.84014562,      -10.75197004,             0.448,    0.001082259727,     0.08108055391,                 0,                 0,                 0,    -0.03315676326,  -0.0006867607835,      0.0810848683,                 0,       74.91783338
          0,           0,         302,      -11.31536744,      -12.19195198,      -11.85186396,      -10.76493211,             0.448,    0.001082259727,     0.08108055381,                 0,                 0,                 0,    -0.03315676328,  -0.0006867607811,      0.0810848682,                 0,       74.91783327
          0,           0,         303,      -11.32825838,      -12.20880695,      -11.86337265,      -10.77787036,             0.448,    0.001082259728,     0.08108055371,                 0,                 0,                 0,     -0.0331567633,  -0.0006867607787,      0.0810848681,                 0,       74.91783317
          0,           0,         304,      -11.34110842,      -12.22544504,      -11.87468764,      -10.79077583,             0.448,    0.001082259728,     0.08108055361,                 0,                 0,                 0,    -0.03315676332,  -0.0006867607763,       0.081084868,                 0,       74.91783306
          0,           0,         305,       -11.3539095,      -12.24176827,      -11.88582782,      -10.80364011,             0.448,    0.001082259728,     0.08108055351,                 0,                 0,                 0,    -0.03315676334,  -0.0006867607739,      0.0810848679,                 0,       74.91783295
          0,           0,         306,      -11.36665365,      -12.25771375,      -11.89681532,      -10.81645454,             0.448,    0.001082259728,     0.08108055341,                 0,                 0,                 0,    -0.03315676336,  -0.0006867607716,      0.0810848678,                 0,       74.91783285
          0,           0,         307,      -11.37933354,      -12.27321109,      -11.90767482,        -10.829211,             0.448,    0.001082259728,     0.08108055331,                 0,                 0,                 0,    -0.03315676338,  -0.0006867607693,     0.08108486771,                 0,       74.91783275
          0,           0,         308,      -11.39194254,      -12.28820784,      -11.91843258,      -10.84190196,             0.448,    0.001082259728,     0.08108055321,                 0,                 0,                 0,     -0.0331567634,  -0.0006867607671,     0.08108486761,                 0,       74.91783265
          0,           0,         309,      -11.40447483,      -12.30267598,      -11.92911621,      -10.85452043,             0.448,    0.001082259729,     0.08108055312,                 0,                 0,                 0,    -0.03315676342,  -0.0006867607648,     0.08108486751,                 0,       74.91783255
          0,           0,         310,      -11.41692593,      -12.31658707,      -11.93975415,      -10.86706074,             0.448,    0.001082259729,     0.08108055303,                 0,                 0,                 0,    -0.03315676344,  -0.0006867607627,     0.08108486742,                 0,       74.91783246
          0,           0,         311,      -11.42929263,      -12.32993309,      -11.95037686,      -10.87951831,             0.448,    0.001082259729,     0.08108055293,                 0,                 0,                 0,    -0.03315676345,  -0.0006867607605,     0.08108486733,                 0,       74.91783236
          0,           0,         312,      -11.44157258,      -12.34274213,       -11.9610111,      -10.89188941,             0.448,    0.001082259729,     0.08108055284,                 0,                 0,                 0,    -0.03315676347,  -0.0006867607584,     0.08108486724,                 0,       74.91783227
          0,           0,         313,      -11.45376553,      -12.35502318,      -11.97168504,      -10.90417233,             0.448,    0.001082259729,     0.08108055275,                 0,                 0,                 0,    -0.03315676349,  -0.0006867607563,     0.08108486715,                 0,       74.91783218
          0,           0,         314,      -11.46587176,      -12.36684961,      -11.98242455,      -10.91636593,             0.448,    0.001082259729,     0.08108055267,                 0,                 0,                 0,     -0.0331567635,  -0.0006867607543,     0.08108486706,                 0,       74.91783209
          0,           0,         315,       -11.4778939,      -12.37822575,      -11.99325423,      -10.92847132,             0.448,    0.001082259729,     0.08108055258,                 0,                 0,                 0,    -0.03315676351,  -0.0006867607523,     0.08108486698,                 0,         74.917832
          0,           0,         316,      -11.48983526,      -12.38924704,      -12.00419512,      -10.94049044,             0.448,     0.00108225973,      0.0810805525,                 0,                 0,                 0,    -0.03315676353,  -0.0006867607504,      0.0810848669,                 0,       74.91783191
          0,           0,         317,       -11.5017007,      -12.39994203,      -12.01526687,      -10.95242695,             0.448,     0.00108225973,     0.08108055242,                 0,                 0,                 0,    -0.03315676354,  -0.0006867607485,     0.08108486682,                 0,       74.91783183
          0,           0,         318,      -11.51349613,       -12.4103926,      -12.02648582,      -10.96428548,             0.448,     0.00108225973,     0.08108055235,                 0,                 0,                 0,    -0.03315676355,  -0.0006867607466,     0.08108486674,                 0,       74.91783174
          0,           0,         319,      -11.52522833,      -12.42064637,      -12.03786595,      -10.97607195,             0.448,     0.00108225973,     0.08108055228,                 0,                 0,                 0,    -0.03315676356,  -0.0006867607448,     0.08108486667,                 0,       74.91783166
          0,           0,         320,      -11.53690502,      -12.43075195,      -12.04941715,       -10.9877931,             0.448,     0.00108225973,     0.08108055221,                 0,                 0,                 0,    -0.03315676356,   -0.000686760743,      0.0810848666,                 0,       74.91783157
          0,           0,         321,      -11.54853471,      -12.44077066,      -12.06114657,      -10.99945684,             0.448,    0.001082259731,     0.08108055214,                 0,                 0,                 0,    -0.03315676357,  -0.0006867607412,     0.08108486654,                 0,       74.91783149
          0,           0,         322,      -11.56012611,      -12.45073424,      -12.07305839,      -11.01107138,             0.448,    0.001082259731,     0.08108055208,                 0,                 0,                 0,    -0.03315676358,  -0.0006867607396,     0.08108486647,                 0,       74.91783141
          0,           0,         323,      -11.57168839,      -12.46068581,      -12.08515438,      -11.02264565,             0.448,    0.001082259731,     0.08108055202,                 0,                 0,                 0,    -0.03315676358,  -0.0006867607379,     0.08108486641,                 0,       74.91783133
          0,           0,         324,      -11.58323115,      -12.47063508,      -12.09743382,      -11.03418925,             0.448,    0.001082259732,     0.08108055196,                 0,                 0,                 0,    -0.03315676359,  -0.0006867607363,     0.08108486636,                 0,       74.91783126
          0,           0,         325,      -11.59476354,      -12.48063312,      -12.10989126,      -11.04571129,             0.448,    0.001082259732,     0.08108055191,                 0,                 0,                 0,    -0.03315676359,  -0.0006867607348,      0.0810848663,                 0,       74.91783118
          0,           0,         326,      -11.60629507,      -12.49066789,      -12.12252183,      -11.05722162,             0.448,    0.001082259733,     0.08108055186,                 0,                 0,                 0,    -0.03315676359,  -0.0006867607333,     0.08108486626,                 0,       74.91783111
          0,           0,         327,      -11.61783477,      -12.50076922,      -12.13531526,      -11.06873015,             0.448,    0.001082259733,     0.08108055181,                 0,                 0,                 0,    -0.03315676359,  -0.0006867607318,     0.08108486621,                 0,       74.91783103
          0,           0,         328,      -11.62939122,      -12.51091435,      -12.14826404,      -11.08024571,             0.448,    0.001082259734,     0.08108055177,                 0,                 0,                 0,     -0.0331567636,  -0.0006867607304,     0.08108486617,                 0,       74.91783096
          0,           0,         329,      -11.64097284,      -12.52115512,       -12.1613532,      -11.09177771,             0.448,    0.001082259734,     0.08108055173,                 0,                 0,                 0,     -0.0331567636,  -0.0006867607291,     0.08108486613,                 0,       74.91783089
          0,           0,         330,      -11.65258747,      -12.53143283,       -12.1745711,      -11.10333485,             0.448,    0.001082259735,      0.0810805517,                 0,                 0,                 0,    -0.03315676359,  -0.0006867607278,     0.08108486609,                 0,       74.91783082
          0,           0,         331,      -11.66424249,      -12.54176984,      -12.18790174,      -11.11492568,             0.448,    0.001082259735,     0.08108055166,                 0,                 0,                 0,    -0.03315676359,  -0.0006867607265,     0.08108486606,                 0,       74.91783075
          0,           0,         332,      -11.67594439,      -12.55218605,      -12.20133094,      -11.12655782,             0.448,    0.001082259736,     0.08108055163,                 0,                 0,                 0,    -0.03315676359,  -0.0006867607253,     0.08108486603,                 0,       74.91783069
          0,           0,         333,      -11.68769949,      -12.56262969,      -12.21484225,      -11.13823864,             0.448,    0.001082259736,     0.08108055161,                 0,                 0,                 0,    -0.03315676359,  -0.0006867607242,       0.081084866,                 0,       74.91783063
          0,           0,         334,      -11.69951295,      -12.57315424,      -12.22841991,      -11.14997451,             0.448,    0.001082259737,     0.08108055159,                 0,                 0,                 0,    -0.03315676358,  -0.0006867607231,     0.08108486598,                 0,       74.91783057
          0,           0,         335,      -11.71138996,      -12.58371326,      -12.24204701,      -11.16177181,             0.448,    0.001082259737,     0.08108055157,                 0,                 0,                 0,    -0.03315676358,  -0.0006867607221,     0.08108486596,                 0,       74.91783051
          0,           0,         336,      -11.72333448,      -12.59434612,      -12.25570834,        -11.173636,             0.448,    0.001082259738,     0.08108055155,                 0,                 0,                 0,    -0.03315676358,  -0.0006867607212,     0.08108486595,                 0,       74.91783045
          0,           0,         337,      -11.73534992,      -12.60505315,       -12.2693873,      -11.18557129,             0.448,    0.001082259739,     0.08108055154,                 0,                 0,                 0,    -0.03315676357,  -0.0006867607203,     0.08108486593,                 0,        74.9178304
          0,           0,         338,      -11.74743946,      -12.61583637,      -12.28306961,      -11.19758235,             0.448,    0.001082259739,     0.08108055152,                 0,                 0,                 0,    -0.03315676357,  -0.0006867607194,     0.08108486592,                 0,       74.91783034
          0,           0,         339,      -11.75960534,      -12.62671368,      -12.29674172,      -11.20967223,             0.448,     0.00108225974,     0.08108055152,                 0,                 0,                 0,    -0.03315676356,  -0.0006867607186,     0.08108486591,                 0,        74.9178303
          0,           0,         340,      -11.77184947,      -12.63769659,      -12.31038958,      -11.22184402,             0.448,     0.00108225974,     0.08108055151,                 0,                 0,                 0,    -0.03315676355,  -0.0006867607179,     0.08108486591,                 0,       74.91783025
          0,           0,         341,      -11.78417273,      -12.64882842,      -12.32400289,      -11.23409966,             0.448,    0.001082259741,     0.08108055151,                 0,                 0,                 0,    -0.03315676355,  -0.0006867607173,      0.0810848659,                 0,       74.91783021
          0,           0,         342,      -11.79657588,      -12.66009881,      -12.33756919,       -11.2464405,             0.448,    0.001082259741,      0.0810805515,                 0,                 0,                 0,    -0.03315676354,  -0.0006867607167,      0.0810848659,                 0,       74.91783016
          0,           0,         343,      -11.80905889,      -12.67155412,      -12.35107981,      -11.25886754,             0.448,    0.001082259742,      0.0810805515,                 0,                 0,                 0,    -0.03315676354,  -0.0006867607161,      0.0810848659,                 0,       74.91783013
          0,           0,         344,      -11.82162115,      -12.68318796,      -12.36452637,      -11.27138065,             0.448,    0.001082259743,     0.08108055151,                 0,                 0,                 0,    -0.03315676353,  -0.0006867607156,      0.0810848659,                 0,       74.91783009
          0,           0,         345,      -11.83426127,      -12.69505088,      -12.37790078,      -11.28397942,             0.448,    0.001082259743,     0.08108055151,                 0,                 0,                 0,    -0.03315676352,  -0.0006867607152,     0.08108486591,                 0,       74.91783006
          0,           0,         346,      -11.84697752,       -12.7071242,      -12.39119628,      -11.29666209,             0.448,    0.001082259744,     0.08108055152,                 0,                 0,                 0,    -0.03315676352,  -0.0006867607148,     0.08108486591,                 0,       74.91783003
          0,           0,         347,      -11.85976759,      -12.71948138,       -12.4044074,      -11.30942702,             0.448,    0.001082259744,     0.08108055152,                 0,                 0,                 0,    -0.03315676351,  -0.0006867607145,     0.08108486592,                 0,          74.91783
          0,           0,         348,      -11.87262819,      -12.73213252,      -12.41752993,      -11.32227094,             0.448,    0.001082259744,     0.08108055153,                 0,                 0,                 0,    -0.03315676351,  -0.0006867607142,     0.08108486593,                 0,       74.91782998
          0,           0,         349,      -11.88555543,      -12.74506042,      -12.43055792,      -11.33519028,             0.448,    0.001082259745,     0.08108055154,                 0,                 0,                 0,     -0.0331567635,   -0.000686760714,     0.08108486594,                 0,       74.91782996
          0,           0,         350,      -11.89854475,      -12.75829523,      -12.44348954,       -11.3481806,             0.448,    0.001082259745,     0.08108055155,                 0,                 0,                 0,    -0.03315676349,  -0.0006867607138,     0.08108486595,                 0,       74.91782994
          0,           0,         351,      -11.91159074,      -12.77184375,      -12.45632105,      -11.36123621,             0.448,    0.001082259746,     0.08108055156,                 0,                 0,                 0,    -0.03315676349,  -0.0006867607137,     0.08108486596,                 0,       74.91782993
          0,           0,         352,      -11.92468772,      -12.78570574,      -12.46905031,      -11.37435128,             0.448,    0.001082259746,     0.08108055158,                 0,                 0,                 0,    -0.03315676348,  -0.0006867607136,     0.08108486597,                 0,       74.91782991
          0,           0,         353,      -11.93782843,      -12.79989623,      -12.48167085,      -11.38751834,             0.448,    0.001082259746,     0.08108055159,                 0,                 0,                 0,    -0.03315676348,  -0.0006867607136,     0.08108486598,                 0,        74.9178299
          0,           0,         354,      -11.95100593,      -12.81437424,      -12.49418616,         -11.40073,             0.448,    0.001082259747,      0.0810805516,                 0,                 0,                 0,    -0.03315676347,  -0.0006867607136,       0.081084866,                 0,        74.9178299
          0,           0,         355,      -11.96421149,      -12.82916593,      -12.50659198,       -11.4139772,             0.448,    0.001082259747,     0.08108055162,                 0,                 0,                 0,    -0.03315676347,  -0.0006867607137,     0.08108486601,                 0,       74.91782989
          0,           0,         356,      -11.97743653,      -12.84422441,        -12.518888,      -11.42725078,             0.448,    0.001082259747,     0.08108055163,                 0,                 0,                 0,    -0.03315676346,  -0.0006867607138,     0.08108486603,                 0,       74.91782989
          0,           0,         357,      -11.99067121,      -12.85953111,       -12.5310707,      -11.44054002,             0.448,    0.001082259747,     0.08108055164,                 0,                 0,                 0,    -0.03315676346,  -0.0006867607139,     0.08108486604,                 0,       74.91782989
          0,           0,         358,      -12.00390573,      -12.87506387,      -12.54314258,      -11.45383471,             0.448,    0.001082259747,     0.08108055166,                 0,                 0,                 0,    -0.03315676345,  -0.0006867607141,     0.08108486606,                 0,       74.91782989
          0,           0,         359,       -12.0171298,      -12.89077654,      -12.55510422,      -11.46712355,             0.448,    0.001082259748,     0.08108055167,                 0,                 0,                 0,    -0.03315676345,  -0.0006867607143,     0.08108486607,                 0,        74.9178299
          0,           0,         360,      -12.03033256,      -12.90663592,      -12.56695528,      -11.48039496,             0.448,    0.001082259748,     0.08108055169,                 0,                 0,                 0,    -0.03315676345,  -0.0006867607145,     0.08108486608,                 0,       74.91782991
          0,           0,         361,      -12.04350327,      -12.92257405,      -12.57869845,      -11.49363712,             0.448,    0.001082259748,      0.0810805517,                 0,                 0,                 0,    -0.03315676344,  -0.0006867607147,      0.0810848661,                 0,       74.91782991
          0,           0,         362,       -12.0566309,      -12.93857074,      -12.59033635,      -11.50683862,             0.448,    0.001082259748,     0.08108055172,                 0,                 0,                 0,    -0.03315676344,   -0.000686760715,     0.08108486611,                 0,       74.91782992
          0,           0,         363,      -12.06970507,      -12.95454915,      -12.60187511,      -11.51998775,             0.448,    0.001082259748,     0.08108055173,                 0,                 0,                 0,    -0.03315676344,  -0.0006867607153,     0.08108486613,                 0,       74.91782994
          0,           0,         364,      -12.08271597,      -12.97043144,      -12.61331917,      -11.53307386,             0.448,    0.001082259748,     0.08108055174,                 0,                 0,                 0,    -0.03315676343,  -0.0006867607156,     0.08108486614,                 0,       74.91782995
          0,           0,         365,       -12.0956537,      -12.98618865,      -12.62467817,      -11.54608592,             0.448,    0.001082259748,     0.08108055176,                 0,                 0,                 0,    -0.03315676343,  -0.0006867607159,     0.08108486615,                 0,       74.91782996
          0,           0,         366,      -12.10851036,      -13.00172029,      -12.63595988,      -11.55901544,             0.448,    0.001082259748,     0.08108055177,                 0,                 0,                 0,    -0.03315676343,  -0.0006867607162,     0.08108486617,                 0,       74.91782998
          0,           0,         367,      -12.12127744,      -13.01703609,      -12.64717218,      -11.57185291,             0.448,    0.001082259748,     0.08108055178,                 0,                 0,                 0,    -0.03315676343,  -0.0006867607166,     0.08108486618,                 0,       74.91782999
          0,           0,         368,      -12.13394934,      -13.03201116,      -12.65832808,      -11.58459175,             0.448,    0.001082259748,     0.08108055179,                 0,                 0,                 0,    -0.03315676343,  -0.0006867607169,     0.08108486619,                 0,       74.91783001
          0,           0,         369,      -12.14652108,       -13.0466565,      -12.66943851,      -11.59722629,             0.448,    0.001082259747,     0.08108055181,                 0,                 0,                 0,    -0.03315676342,  -0.0006867607173,      0.0810848662,                 0,       74.91783003
          0,           0,         370,      -12.15898928,      -13.06091609,      -12.68052464,      -11.60975229,             0.448,    0.001082259747,     0.08108055182,                 0,                 0,                 0,    -0.03315676342,  -0.0006867607176,     0.08108486621,                 0,       74.91783005
          0,           0,         371,      -12.17135296,      -13.07475489,      -12.69159488,      -11.62216848,             0.448,    0.001082259747,     0.08108055183,                 0,                 0,                 0,    -0.03315676342,   -0.000686760718,     0.08108486622,                 0,       74.91783007
          0,           0,         372,      -12.18361116,      -13.08820591,       -12.7026671,      -11.63447288,             0.448,    0.001082259747,     0.08108055184,                 0,                 0,                 0,    -0.03315676342,  -0.0006867607183,     0.08108486623,                 0,       74.91783009
          0,           0,         373,      -12.19576743,      -13.10116268,      -12.71376043,      -11.64666883,             0.448,    0.001082259747,     0.08108055185,                 0,                 0,                 0,    -0.03315676342,  -0.0006867607187,     0.08108486624,                 0,       74.91783011
          0,           0,         374,      -12.20782415,      -13.11377267,      -12.72488608,      -11.65875812,             0.448,    0.001082259747,     0.08108055186,                 0,                 0,                 0,    -0.03315676342,  -0.0006867607191,     0.08108486625,                 0,       74.91783012
          0,           0,         375,      -12.21978841,      -13.12592484,      -12.73606779,      -11.67074775,             0.448,    0.001082259747,     0.08108055186,                 0,                 0,                 0,    -0.03315676342,  -0.0006867607194,     0.08108486626,                 0,       74.91783014
          0,           0,         376,      -12.23166582,      -13.13772834,      -12.74731686,      -11.68264274,             0.448,    0.001082259746,     0.08108055187,                 0,                 0,                 0,    -0.03315676342,  -0.0006867607198,     0.08108486627,                 0,       74.91783016
          0,           0,         377,        -12.243466,      -13.14922075,      -12.75865067,      -11.69445293,             0.448,    0.001082259746,     0.08108055188,                 0,                 0,                 0,    -0.03315676342,  -0.0006867607201,     0.08108486628,                 0,       74.91783018
          0,           0,         378,      -12.25520001,      -13.16036165,      -12.77008812,      -11.70618986,             0.448,    0.001082259746,     0.08108055189,                 0,                 0,                 0,    -0.03315676342,  -0.0006867607204,     0.08108486628,                 0,        74.9178302
          0,           0,         379,      -12.26687788,      -13.17131239,      -12.78164171,      -11.71786294,             0.448,    0.001082259746,     0.08108055189,                 0,                 0,                 0,    -0.03315676342,  -0.0006867607208,     0.08108486629,                 0,       74.91783022
          0,           0,         380,      -12.27851363,      -13.18204563,       -12.7933261,       -11.7294864,             0.448,    0.001082259746,      0.0810805519,                 0,                 0,                 0,    -0.03315676342,  -0.0006867607211,     0.08108486629,                 0,       74.91783024
          0,           0,         381,      -12.29011881,      -13.19262467,      -12.80515299,      -11.74107272,             0.448,    0.001082259745,      0.0810805519,                 0,                 0,                 0,    -0.03315676342,  -0.0006867607214,      0.0810848663,                 0,       74.91783026
          0,           0,         382,       -12.3017078,      -13.20315915,      -12.81712899,      -11.75263635,             0.448,    0.001082259745,     0.08108055191,                 0,                 0,                 0,    -0.03315676342,  -0.0006867607217,      0.0810848663,                 0,       74.91783027
          0,           0,         383,      -12.31329489,      -13.21365913,      -12.82926596,      -11.76419214,             0.448,    0.001082259745,     0.08108055191,                 0,                 0,                 0,    -0.03315676342,   -0.000686760722,     0.08108486631,                 0,       74.91783029
          0,           0,         384,      -12.32489372,       -13.2241317,      -12.84157399,      -11.77575388,             0.448,    0.001082259745,     0.08108055192,                 0,                 0,                 0,    -0.03315676342,  -0.0006867607222,     0.08108486631,                 0,       74.91783031
          0,           0,         385,      -12.33651722,      -13.23472832,      -12.85405063,      -11.78733523,             0.448,    0.001082259745,     0.08108055192,                 0,                 0,                 0,    -0.03315676342,  -0.0006867607225,     0.08108486632,                 0,       74.91783032
          0,           0,         386,      -12.34817981,      -13.24534114,      -12.86670114,      -11.79895132,             0.448,    0.001082259745,     0.08108055192,                 0,                 0,                 0,    -0.03315676342,  -0.0006867607227,     0.08108486632,                 0,       74.91783034
          0,           0,         387,      -12.35989237,      -13.25610036,      -12.87952392,      -11.81061336,             0.448,    0.001082259744,     0.08108055193,                 0,                 0,                 0,    -0.03315676342,  -0.0006867607229,     0.08108486632,                 0,       74.91783035
          0,           0,         388,       -12.3716673,      -13.26701086,      -12.89251583,      -11.82233488,             0.448,    0.001082259744,     0.08108055193,                 0,                 0,                 0,    -0.03315676342,  -0.0006867607232,     0.08108486633,                 0,       74.91783036
          0,           0,         389,      -12.38351524,      -13.27809937,       -12.9056716,      -11.83412619,             0.448,    0.001082259744,     0.08108055193,                 0,                 0,                 0,    -0.03315676342,  -0.0006867607234,     0.08108486633,                 0,       74.91783038
          0,           0,         390,      -12.39544557,      -13.28937947,      -12.91898592,      -11.84599769,             0.448,    0.001082259744,     0.08108055194,                 0,                 0,                 0,    -0.03315676342,  -0.0006867607235,     0.08108486633,                 0,       74.91783039
          0,           0,         391,      -12.40746518,      -13.30086386,        -12.932443,      -11.85795762,             0.448,    0.001082259744,     0.08108055194,                 0,                 0,                 0,    -0.03315676342,  -0.0006867607237,     0.08108486633,                 0,        74.9178304
          0,           0,         392,       -12.4195807,      -13.31254852,       -12.9460361,      -11.87001233,             0.448,    0.001082259744,     0.08108055194,                 0,                 0,                 0,    -0.03315676342,  -0.0006867607239,     0.08108486634,                 0,       74.91783041
          0,           0,         393,      -12.43179923,      -13.32439161,      -12.95974685,      -11.88216978,             0.448,    0.001082259744,     0.08108055194,                 0,                 0,                 0,    -0.03315676342,   -0.000686760724,     0.08108486634,                 0,       74.91783042
          0,           0,         394,      -12.44412202,      -13.33645834,      -12.97356263,      -11.89443189,             0.448,    0.001082259744,     0.08108055194,                 0,                 0,                 0,    -0.03315676342,  -0.0006867607241,     0.08108486634,                 0,       74.91783043
          0,           0,         395,      -12.45655302,      -13.34870807,      -12.98746519,       -11.9068024,             0.448,    0.001082259743,     0.08108055194,                 0,                 0,                 0,    -0.03315676342,  -0.0006867607242,     0.08108486634,                 0,       74.91783043
          0,           0,         396,      -12.46909222,      -13.36109349,      -13.00143263,      -11.91928293,             0.448,    0.001082259743,     0.08108055194,                 0,                 0,                 0,    -0.03315676342,  -0.0006867607243,     0.08108486634,                 0,       74.91783044
          0,           0,         397,      -12.48173931,      -13.37369329,      -13.01544672,      -11.93187306,             0.448,    0.001082259743,     0.08108055195,                 0,                 0,                 0,    -0.03315676342,  -0.0006867607244,     0.08108486634,                 0,       74.91783044
          0,           0,         398,      -12.49449122,      -13.38638343,      -13.02948588,       -11.9445705,             0.448,    0.001082259743,     0.08108055195,                 0,                 0,                 0,    -0.03315676342,  -0.0006867607245,     0.08108486634,                 0,       74.91783045
          0,           0,         399,      -12.50734621,      -13.39925274,       -13.0435272,      -11.95737382,             0.448,    0.001082259743,     0.08108055195,                 0,                 0,                 0,    -0.03315676342,  -0.0006867607246,     0.08108486634,                 0,       74.91783045
          0,           0,         400,      -12.52029723,      -13.41222903,      -13.05755396,      -11.97027616,             0.448,    0.001082259743,     0.08108055195,                 0,                 0,                 0,    -0.03315676342,  -0.0006867607246,     0.08108486634,                 0,       74.91783046
          0,           0,         401,       -12.5333408,      -13.42527503,      -13.07153883,      -11.98327523,             0.448,    0.001082259743,     0.08108055195,                 0,                 0,                 0,    -0.03315676342,  -0.0006867607247,     0.08108486634,                 0,       74.91783046
          0,           0,         402,       -12.5464683,       -13.4384242,      -13.08546438,       -11.9963619,             0.448,    0.001082259743,     0.08108055195,                 0,                 0,                 0,    -0.03315676342,  -0.0006867607247,     0.08108486634,                 0,       74.91783046
          0,           0,         403,      -12.55967251,      -13.45162507,      -13.09930976,      -12.00952996,             0.448,    0.001082259743,     0.08108055195,                 0,                 0,                 0,    -0.03315676342,  -0.0006867607247,     0.08108486634,                 0,       74.91783046
          0,           0,         404,      -12.57294421,      -13.46486638,      -13.11305863,       -12.0227706,             0.448,    0.001082259743,     0.08108055195,                 0,                 0,                 0,    -0.03315676342,  -0.0006867607247,     0.08108486634,                 0,       74.91783046
          0,           0,         405,      -12.58627502,      -13.47815041,      -13.12669162,      -12.03607565,             0.448,    0.001082259743,     0.08108055195,                 0,                 0,                 0,    -0.03315676342,  -0.0006867607247,     0.08108486634,                 0,       74.91783046
          0,           0,         406,      -12.59965426,       -13.4915173,      -13.14019909,      -12.04943438,             0.448,    0.001082259743,     0.08108055195,                 0,                 0,                 0,    -0.03315676342,  -0.0006867607247,     0.08108486634,                 0,       74.91783046
          0,           0,         407,        -12.613071,      -13.50488705,      -13.15356579,      -12.06283653,             0.448,    0.001082259743,     0.08108055195,                 0,                 0,                 0,    -0.03315676342,  -0.0006867607247,     0.08108486634,                 0,       74.91783046
          0,           0,         408,      -12.62651579,       -13.5183102,      -13.16678287,      -12.07627213,             0.448,    0.001082259743,     0.08108055195,                 0,                 0,                 0,    -0.03315676342,  -0.0006867607247,     0.08108486634,                 0,       74.91783046
          0,           0,         409,       -12.6399769,      -13.53174672,      -13.17984052,      -12.08973163,             0.448,    0.001082259743,     0.08108055195,                 0,                 0,                 0,    -0.03315676342,  -0.0006867607247,     0.08108486634,                 0,       74.91783046
          0,           0,         410,      -12.65344425,      -13.54523299,      -13.19273755,      -12.10320219,             0.448,    0.001082259743,     0.08108055195,                 0,                 0,                 0,    -0.03315676342,  -0.0006867607247,     0.08108486634,                 0,       74.91783046
          0,           0,         411,      -12.66690632,      -13.55871424,       -13.2054749,      -12.11667439,             0.448,    0.001082259743,     0.08108055195,                 0,                 0,                 0,    -0.03315676342,  -0.0006867607246,     0.08108486634,                 0,       74.91783046
          0,           0,         412,      -12.68035513,      -13.57224382,      -13.21805018,       -12.1301395,             0.448,    0.001082259743,     0.08108055195,                 0,                 0,                 0,    -0.03315676342,  -0.0006867607246,     0.08108486634,                 0,       74.91783046
          0,           0,         413,      -12.69377855,      -13.58582892,      -13.23046934,      -12.14358556,             0.448,    0.001082259743,     0.08108055195,                 0,                 0,                 0,    -0.03315676342,  -0.0006867607246,     0.08108486634,                 0,       74.91783045
          0,           0,         414,      -12.70716779,      -13.59946108,      -13.24273653,      -12.15700369,             0.448,    0.001082259743,     0.08108055195,                 0,                 0,                 0,    -0.03315676342,  -0.0006867607245,     0.08108486634,                 0,       74.91783045
          0,           0,         415,      -12.72051533,      -13.61315936,      -13.25485745,       -12.1703857,             0.448,    0.001082259743,     0.08108055195,                 0,                 0,                 0,    -0.03315676342,  -0.0006867607245,     0.08108486634,                 0,       74.91783045
          0,           0,         416,      -12.73381319,      -13.62687676,      -13.26684806,      -12.18372234,             0.448,    0.001082259743,     0.08108055195,                 0,                 0,                 0,    -0.03315676342,  -0.0006867607244,     0.08108486634,                 0,       74.91783044
          0,           0,         417,      -12.74705509,      -13.64065892,      -13.27871692,      -12.19700969,             0.448,    0.001082259743,     0.08108055195,                 0,                 0,                 0,    -0.03315676342,  -0.0006867607244,     0.08108486634,                 0,       74.91783044
          0,           0,         418,       -12.7602333,      -13.65446707,      -13.29047398,      -12.21023635,             0.448,    0.001082259743,     0.08108055194,                 0,                 0,                 0,    -0.03315676342,  -0.0006867607243,     0.08108486634,                 0,       74.91783044
          0,           0,         419,      -12.77334424,      -13.66838483,      -13.30214142,      -12.22340151,             0.448,    0.001082259743,     0.08108055194,                 0,                 0,                 0,    -0.03315676342,  -0.0006867607243,     0.08108486634,                 0,       74.91783044
          0,           0,         420,      -12.78638238,      -13.68228825,      -13.31372961,      -12.23649648,             0.448,    0.001082259743,     0.08108055194,                 0,                 0,                 0,    -0.03315676342,  -0.0006867607242,     0.08108486634,                 0,       74.91783043
          0,           0,         421,       -12.7993481,      -13.69621774,      -13.32525046,      -12.24952318,             0.448,    0.001082259743,     0.08108055194,                 0,                 0,                 0,    -0.03315676342,  -0.0006867607242,     0.08108486634,                 0,       74.91783043
          0,           0,         422,      -12.81223445,      -13.71017848,      -13.33672578,      -12.26247173,             0.448,    0.001082259744,     0.08108055194,                 0,                 0,                 0,    -0.03315676342,  -0.0006867607241,     0.08108486634,                 0,       74.91783043
          0,           0,         423,      -12.82504496,      -13.72418895,      -13.34816488,      -12.27534493,             0.448,    0.001082259744,     0.08108055194,                 0,                 0,                 0,    -0.03315676342,  -0.0006867607241,     0.08108486634,                 0,       74.91783042
          0,           0,         424,      -12.83777658,      -13.73814476,      -13.35958632,      -12.28814216,             0.448,    0.001082259744,     0.08108055194,                 0,                 0,                 0,    -0.03315676342,   -0.000686760724,     0.08108486634,                 0,       74.91783042
          0,           0,         425,      -12.85042972,      -13.75207959,      -13.37100744,      -12.30086033,             0.448,    0.001082259744,     0.08108055194,                 0,                 0,                 0,    -0.03315676342,   -0.000686760724,     0.08108486634,                 0,       74.91783042
          0,           0,         426,      -12.86300614,       -13.7659377,      -13.38243947,      -12.31349779,             0.448,    0.001082259744,     0.08108055194,                 0,                 0,                 0,    -0.03315676342,  -0.0006867607239,     0.08108486634,                 0,       74.91783041
          0,           0,         427,      -12.87551049,      -13.77973914,      -13.39389849,      -12.32606326,             0.448,    0.001082259744,     0.08108055194,                 0,                 0,                 0,    -0.03315676342,  -0.0006867607239,     0.08108486634,                 0,       74.91783041
          0,           0,         428,      -12.88794185,      -13.79347545,      -13.40539792,      -12.33855412,             0.448,    0.001082259744,     0.08108055194,                 0,                 0,                 0,    -0.03315676343,  -0.0006867607239,     0.08108486634,                 0,       74.91783041
          0,           0,         429,       -12.9003056,      -13.80704029,      -13.41694793,      -12.35097219,             0.448,    0.001082259744,     0.08108055194,                 0,                 0,                 0,    -0.03315676343,  -0.0006867607238,     0.08108486633,                 0,        74.9178304
          0,           0,         430,      -12.91260691,      -13.82045128,      -13.42856407,      -12.36332501,             0.448,    0.001082259744,     0.08108055194,                 0,                 0,                 0,    -0.03315676343,  -0.0006867607238,     0.08108486633,                 0,        74.9178304
          0,           0,         431,      -12.92484788,      -13.83370529,      -13.44025393,      -12.37561223,             0.448,    0.001082259744,     0.08108055194,                 0,                 0,                 0,    -0.03315676343,  -0.0006867607237,     0.08108486633,                 0,        74.9178304
          0,           0,         432,      -12.93703515,      -13.84670207,      -13.45203036,      -12.38784063,             0.448,    0.001082259744,     0.08108055194,                 0,                 0,                 0,    -0.03315676343,  -0.0006867607237,     0.08108486633,                 0,        74.9178304
          0,           0,         433,      -12.94917417,      -13.85954166,      -13.46390029,      -12.40001394,             0.448,    0.001082259744,     0.08108055194,                 0,                 0,                 0,    -0.03315676343,  -0.0006867607236,     0.08108486633,                 0,       74.91783039
          0,           0,         434,       -12.9612671,      -13.87215731,      -13.47587491,      -12.41213647,             0.448,    0.001082259744,     0.08108055194,                 0,                 0,                 0,    -0.03315676343,  -0.0006867607236,     0.08108486633,                 0,       74.91783039
          0,           0,         435,      -12.97332426,      -13.88452776,      -13.48795783,      -12.42421486,             0.448,    0.001082259744,     0.08108055194,                 0,                 0,                 0,    -0.03315676343,  -0.0006867607236,     0.08108486633,                 0,       74.91783039
          0,           0,         436,      -12.98535064,      -13.89668436,      -13.50015763,       -12.4362556,             0.448,    0.001082259744,     0.08108055193,                 0,                 0,                 0,    -0.03315676343,  -0.0006867607235,     0.08108486633,                 0,       74.91783039
          0,           0,         437,      -12.99735152,      -13.90856986,      -13.51247618,      -12.44826382,             0.448,    0.001082259744,     0.08108055193,                 0,                 0,                 0,    -0.03315676343,  -0.0006867607235,     0.08108486633,                 0,       74.91783039
          0,           0,         438,      -13.00933264,      -13.92019534,      -13.52492973,      -12.46024365,             0.448,    0.001082259744,     0.08108055193,                 0,                 0,                 0,    -0.03315676343,  -0.0006867607235,     0.08108486633,                 0,       74.91783038
