"Time_Iter","Outer_Iter","Inner_Iter",    "rms[Rho]"    ,    "rms[RhoU]"   ,    "rms[RhoV]"   ,    "rms[RhoE]"   ,    "RefForce"    ,       "CD"       ,       "CL"       ,       "CSF"      ,       "CMx"      ,       "CMy"      ,       "CMz"      ,       "CFx"      ,       "CFy"      ,       "CFz"      ,      "CEff"      
          0,           0,           0,      -8.196201315,      -8.194151942,       -8.80417346,      -7.599821302,             0.448,    0.001085927405,     0.08126512513,                 0,                 0,                 0,    -0.03312220121,  -0.0006871203784,     0.08126947561,                 0,       74.83476774
          0,           0,           1,      -8.479256209,       -8.37823477,      -8.345067926,      -7.881932145,             0.448,    0.001083373767,     0.08126437155,                 0,                 0,                 0,    -0.03312241286,  -0.0006896569696,      0.0812686665,                 0,       75.01046642
          0,           0,           2,      -8.394628607,      -8.361332504,       -8.41023091,      -7.804506547,             0.448,    0.001082923112,     0.08126536045,                 0,                 0,                 0,    -0.03312259342,  -0.0006901290894,     0.08126964533,                 0,       75.04259491
          0,           0,           3,       -8.36057512,      -8.384661233,      -8.370215107,      -7.771797777,             0.448,    0.001082938893,     0.08126433247,                 0,                 0,                 0,    -0.03312301576,  -0.0006900908877,     0.08126861794,                 0,       75.04055217
          0,           0,           4,      -8.313346029,      -8.327951656,      -8.335607215,      -7.727588735,             0.448,    0.001082653737,     0.08126283905,                 0,                 0,                 0,    -0.03312339031,  -0.0006903433963,     0.08126711867,                 0,       75.05893735
          0,           0,           5,      -8.294411016,         -8.292393,      -8.347573962,      -7.711858555,             0.448,    0.001082442002,     0.08126213182,                 0,                 0,                 0,    -0.03312360638,  -0.0006905396536,     0.08126640698,                 0,       75.07296622
          0,           0,           6,      -8.290600656,      -8.350739041,      -8.373364349,      -7.713115161,             0.448,    0.001082328654,     0.08126141923,                 0,                 0,                 0,    -0.03312389948,  -0.0006906374296,     0.08126569209,                 0,       75.08016993
          0,           0,           7,      -8.281882476,      -8.333113184,      -8.365563511,      -7.705711259,             0.448,    0.001082241949,     0.08126050996,                 0,                 0,                 0,    -0.03312416608,   -0.000690704278,     0.08126478115,                 0,       75.08534486
          0,           0,           8,      -8.272460156,       -8.31065375,      -8.377698091,      -7.697864506,             0.448,    0.001082146688,     0.08125966317,                 0,                 0,                 0,    -0.03312434453,  -0.0006907810433,     0.08126393247,                 0,       75.09117206
          0,           0,           9,      -8.279842603,      -8.356170735,      -8.402189859,      -7.709219277,             0.448,    0.001082044139,     0.08125899539,                 0,                 0,                 0,    -0.03312444854,  -0.0006908690006,     0.08126326262,                 0,       75.09767158
          0,           0,          10,      -8.283720219,      -8.404637872,      -8.434673439,      -7.715917956,             0.448,    0.001081952348,     0.08125843891,                 0,                 0,                 0,    -0.03312451109,  -0.0006909486307,     0.08126270427,                 0,       75.10352845
          0,           0,          11,      -8.289607388,      -8.429037371,       -8.45181098,      -7.724092549,             0.448,    0.001081870753,     0.08125792157,                 0,                 0,                 0,    -0.03312455604,  -0.0006910189206,     0.08126218527,                 0,       75.10871458
          0,           0,          12,      -8.294477124,      -8.444068648,      -8.465631877,      -7.730744856,             0.448,    0.001081791467,     0.08125742997,                 0,                 0,                 0,    -0.03312458928,  -0.0006910874626,     0.08126169206,                 0,       75.11376491
          0,           0,          13,      -8.301065985,      -8.464305836,      -8.481781637,      -7.737640658,             0.448,    0.001081714126,      0.0812569818,                 0,                 0,                 0,    -0.03312460629,  -0.0006911550088,      0.0812612423,                 0,       75.11872115
          0,           0,          14,      -8.311332791,      -8.490452398,        -8.4961973,      -7.746807447,             0.448,    0.001081642492,     0.08125658734,                 0,                 0,                 0,    -0.03312460605,  -0.0006912180206,     0.08126084638,                 0,       75.12333135
          0,           0,          15,      -8.320653557,      -8.513925659,      -8.511674361,       -7.75480169,             0.448,    0.001081578619,     0.08125623741,                 0,                 0,                 0,    -0.03312459593,  -0.0006912742444,     0.08126049514,                 0,       75.12744423
          0,           0,          16,      -8.328240545,       -8.52824878,      -8.530449597,      -7.762225903,             0.448,     0.00108152192,     0.08125591901,                 0,                 0,                 0,    -0.03312458312,  -0.0006913239846,     0.08126017558,                 0,       75.13108843
          0,           0,          17,      -8.336520007,      -8.532876628,      -8.551477171,      -7.771605618,             0.448,    0.001081470965,     0.08125562677,                 0,                 0,                 0,    -0.03312456929,   -0.000691368552,     0.08125988229,                 0,        75.1343581
          0,           0,          18,      -8.347208375,      -8.531543081,      -8.574331846,      -7.783803827,             0.448,      0.0010814251,     0.08125535967,                 0,                 0,                 0,    -0.03312455368,  -0.0006914085796,     0.08125961426,                 0,        75.1372977
          0,           0,          19,      -8.360722844,      -8.529640465,      -8.600234897,      -7.798528578,             0.448,    0.001081384733,     0.08125511589,                 0,                 0,                 0,    -0.03312453651,  -0.0006914436193,     0.08125936965,                 0,       75.13987709
          0,           0,          20,      -8.376520565,      -8.531705201,      -8.630251249,      -7.815097291,             0.448,    0.001081350778,     0.08125489189,                 0,                 0,                 0,    -0.03312451904,  -0.0006914726789,     0.08125914497,                 0,       75.14202931
          0,           0,          21,      -8.393650853,      -8.539818458,      -8.663754314,      -7.832775442,             0.448,    0.001081324133,     0.08125468376,                 0,                 0,                 0,    -0.03312450255,  -0.0006914947777,      0.0812589363,                 0,       75.14368845
          0,           0,          22,      -8.411223899,      -8.553502641,      -8.698131899,      -7.850857169,             0.448,      0.0010813055,      0.0812544883,                 0,                 0,                 0,    -0.03312448793,  -0.0006915091423,     0.08125874049,                 0,       75.14480256
          0,           0,          23,      -8.428623371,      -8.570810759,      -8.729955906,       -7.86869488,             0.448,    0.001081295374,     0.08125430327,                 0,                 0,                 0,    -0.03312447593,  -0.0006915152294,     0.08125855528,                 0,       75.14533515
          0,           0,          24,      -8.445571935,      -8.589775704,      -8.756828349,      -7.885862833,             0.448,    0.001081293963,     0.08125412678,                 0,                 0,                 0,    -0.03312446738,  -0.0006915127902,      0.0812583788,                 0,          75.14527
          0,           0,          25,       -8.46207571,      -8.609395414,      -8.778470114,      -7.902290914,             0.448,    0.001081301091,     0.08125395698,                 0,                 0,                 0,     -0.0331244631,  -0.0006915019593,      0.0812582092,                 0,       75.14461758
          0,           0,          26,      -8.478272573,      -8.629881332,      -8.796527525,      -7.918201185,             0.448,    0.001081316162,     0.08125379204,                 0,                 0,                 0,    -0.03312446365,  -0.0006914832942,     0.08125804463,                 0,       75.14341773
          0,           0,          27,      -8.494315894,      -8.652318842,      -8.813686707,      -7.933947804,             0.448,    0.001081338182,     0.08125363031,                 0,                 0,                 0,    -0.03312446922,   -0.000691457751,     0.08125788342,                 0,       75.14173795
          0,           0,          28,      -8.510347324,      -8.678027966,      -8.832734373,      -7.949887589,             0.448,    0.001081365836,     0.08125347037,                 0,                 0,                 0,    -0.03312447969,  -0.0006914266148,     0.08125772411,                 0,       75.13966845
          0,           0,          29,      -8.526501859,      -8.707980996,      -8.855715154,      -7.966295339,             0.448,     0.00108139758,     0.08125331101,                 0,                 0,                 0,    -0.03312449472,  -0.0006913914015,     0.08125756549,                 0,       75.13731535
          0,           0,          30,      -8.542901445,      -8.742458152,      -8.883287928,      -7.983310509,             0.448,    0.001081431774,     0.08125315132,                 0,                 0,                 0,    -0.03312451375,  -0.0006913537322,     0.08125740658,                 0,       75.13479192
          0,           0,          31,      -8.559630216,      -8.780868256,      -8.914491066,      -8.000913095,             0.448,    0.001081466818,     0.08125299057,                 0,                 0,                 0,    -0.03312453615,  -0.0006913151901,     0.08125724664,                 0,       75.13220862
          0,           0,          32,      -8.576697382,       -8.82167148,      -8.947028617,      -8.018930334,             0.448,    0.001081501275,     0.08125282826,                 0,                 0,                 0,    -0.03312456119,  -0.0006912772002,     0.08125708511,                 0,       75.12966479
          0,           0,          33,      -8.594015655,      -8.862549505,       -8.97806995,      -8.037087027,             0.448,    0.001081533923,     0.08125266406,                 0,                 0,                 0,    -0.03312458812,  -0.0006912409784,     0.08125692167,                 0,       75.12724507
          0,           0,          34,      -8.611425759,      -8.901038496,      -9.005394271,       -8.05510107,             0.448,    0.001081563739,     0.08125249797,                 0,                 0,                 0,    -0.03312461615,  -0.0006912075453,     0.08125675626,                 0,       75.12502038
          0,           0,          35,      -8.628758185,      -8.935511926,      -9.028357995,      -8.072783241,             0.448,    0.001081589879,     0.08125233031,                 0,                 0,                 0,    -0.03312464449,   -0.000691177755,     0.08125658922,                 0,        75.1230498
          0,           0,          36,      -8.645892579,      -8.965901642,      -9.048027067,      -8.090086346,             0.448,    0.001081611669,     0.08125216176,                 0,                 0,                 0,    -0.03312467239,  -0.0006911522929,     0.08125642118,                 0,       75.12138051
          0,           0,          37,      -8.662788048,      -8.993585575,      -9.066402484,      -8.107089078,             0.448,    0.001081628646,      0.0812519933,                 0,                 0,                 0,    -0.03312469912,  -0.0006911316451,     0.08125625314,                 0,       75.12004569
          0,           0,          38,      -8.679484546,      -9.020586721,      -9.085382816,      -8.123943903,             0.448,    0.001081640585,     0.08125182614,                 0,                 0,                 0,    -0.03312472403,  -0.0006911160623,     0.08125608627,                 0,       75.11906198
          0,           0,          39,       -8.69608491,      -9.048725542,      -9.106084452,      -8.140822964,             0.448,    0.001081647518,     0.08125166163,                 0,                 0,                 0,    -0.03312474656,  -0.0006911055422,     0.08125592195,                 0,        75.1184284
          0,           0,          40,      -8.712724345,      -9.079150687,      -9.128657501,      -8.157876911,             0.448,    0.001081649721,     0.08125150116,                 0,                 0,                 0,    -0.03312476627,  -0.0006910998387,     0.08125576157,                 0,       75.11812702
          0,           0,          41,        -8.7295336,      -9.112250639,      -9.152452156,      -8.175207663,             0.448,    0.001081647681,     0.08125134608,                 0,                 0,                 0,    -0.03312478283,  -0.0006910984956,     0.08125560648,                 0,       75.11812535
          0,           0,          42,      -8.746603924,      -9.147770845,      -9.176382481,      -8.192852339,             0.448,     0.00108164204,     0.08125119758,                 0,                 0,                 0,    -0.03312479605,  -0.0006911008954,     0.08125545789,                 0,       75.11837979
          0,           0,          43,      -8.763960912,      -9.184983336,      -9.199369749,      -8.210775558,             0.448,    0.001081633544,     0.08125105667,                 0,                 0,                 0,    -0.03312480587,  -0.0006911063153,     0.08125531683,                 0,       75.11883955
          0,           0,          44,        -8.7815512,      -9.222827958,      -9.220726803,      -8.228868625,             0.448,    0.001081622984,     0.08125092413,                 0,                 0,                 0,    -0.03312481234,  -0.0006911139814,     0.08125518409,                 0,        75.1194504
          0,           0,          45,      -8.799244451,       -9.26002258,      -9.240334667,      -8.246958041,             0.448,    0.001081611149,     0.08125080051,                 0,                 0,                 0,    -0.03312481562,  -0.0006911231175,     0.08125506024,                 0,       75.12015812
          0,           0,          46,      -8.816851536,      -9.295205495,      -9.258559062,      -8.264827009,             0.448,    0.001081598781,     0.08125068611,                 0,                 0,                 0,    -0.03312481595,  -0.0006911329863,      0.0812549456,                 0,       75.12091129
          0,           0,          47,      -8.834157875,      -9.327181853,      -9.276000228,      -8.282251218,             0.448,    0.001081586553,     0.08125058105,                 0,                 0,                 0,    -0.03312481363,  -0.0006911429194,     0.08125484029,                 0,       75.12166344
          0,           0,          48,      -8.850967617,      -9.355247228,      -9.293232435,      -8.299044749,             0.448,    0.001081575042,     0.08125048524,                 0,                 0,                 0,    -0.03312480902,  -0.0006911523382,     0.08125474426,                 0,        75.1223744
          0,           0,          49,       -8.86714908,      -9.379423536,      -9.310637964,      -8.315104854,             0.448,    0.001081564716,     0.08125039845,                 0,                 0,                 0,     -0.0331248025,  -0.0006911607686,     0.08125465727,                 0,       75.12301138
          0,           0,          50,      -8.882668909,      -9.400435157,      -9.328354753,      -8.330441448,             0.448,    0.001081555928,     0.08125032032,                 0,                 0,                 0,     -0.0331247945,  -0.0006911678496,     0.08125457896,                 0,       75.12354951
          0,           0,          51,       -8.89760444,      -9.419425417,      -9.346309884,      -8.345181049,             0.448,    0.001081548911,     0.08125025035,                 0,                 0,                 0,    -0.03312478545,  -0.0006911733389,     0.08125450886,                 0,       75.12397223
          0,           0,          52,      -8.912132328,      -9.437586117,      -9.364299715,      -8.359545911,             0.448,    0.001081543775,     0.08125018795,                 0,                 0,                 0,    -0.03312477579,  -0.0006911771124,     0.08125444636,                 0,       75.12427128
          0,           0,          53,      -8.926497314,       -9.45588039,       -9.38208764,      -8.373815318,             0.448,    0.001081540517,     0.08125013243,                 0,                 0,                 0,    -0.03312476594,  -0.0006911791579,     0.08125439078,                 0,       75.12444621
          0,           0,          54,      -8.940971356,      -9.474922768,      -9.399493911,       -8.38828112,             0.448,    0.001081539035,     0.08125008304,                 0,                 0,                 0,    -0.03312475628,  -0.0006911795628,     0.08125434137,                 0,       75.12450353
          0,           0,          55,      -8.955813502,      -9.494984476,      -9.416455748,      -8.403207687,             0.448,    0.001081539141,     0.08125003899,                 0,                 0,                 0,    -0.03312474717,  -0.0006911784953,     0.08125429733,                 0,        75.1244554
          0,           0,          56,      -8.971237466,      -9.516065855,      -9.433045667,      -8.418801804,             0.448,    0.001081540592,     0.08124999947,                 0,                 0,                 0,    -0.03312473891,  -0.0006911761825,     0.08125425785,                 0,       75.12431808
          0,           0,          57,      -8.987389875,      -9.537992147,      -9.449449969,      -8.435194196,             0.448,    0.001081543108,     0.08124996369,                 0,                 0,                 0,    -0.03312473172,  -0.0006911728872,     0.08125422213,                 0,       75.12411027
          0,           0,          58,      -9.004339108,      -9.560508843,      -9.465922044,      -8.452431727,             0.448,    0.001081546395,     0.08124993089,                 0,                 0,                 0,    -0.03312472578,  -0.0006911688857,     0.08125418942,                 0,       75.12385165
          0,           0,          59,      -9.022073088,      -9.583365881,       -9.48273022,      -8.470478255,             0.448,    0.001081550166,      0.0812499004,                 0,                 0,                 0,    -0.03312472121,  -0.0006911644496,     0.08125415902,                 0,       75.12356146
          0,           0,          60,      -9.040504219,      -9.606381544,      -9.500115866,      -8.489222114,             0.448,    0.001081554158,     0.08124987159,                 0,                 0,                 0,    -0.03312471805,  -0.0006911598308,      0.0812541303,                 0,        75.1232576
          0,           0,          61,      -9.059480057,      -9.629477121,      -9.518267894,      -8.508488795,             0.448,    0.001081558134,     0.08124984391,                 0,                 0,                 0,    -0.03312471632,   -0.000691155252,     0.08125410272,                 0,       75.12295584
          0,           0,          62,      -9.078798883,      -9.652673621,      -9.537310997,      -8.528057932,             0.448,    0.001081561897,     0.08124981693,                 0,                 0,                 0,    -0.03312471597,  -0.0006911509003,     0.08125407582,                 0,       75.12266946
          0,           0,          63,      -9.098229426,      -9.676052295,      -9.557300926,       -8.54768394,             0.448,    0.001081565292,     0.08124979026,                 0,                 0,                 0,    -0.03312471693,  -0.0006911469246,     0.08125404924,                 0,       75.12240901
          0,           0,          64,      -9.117533593,      -9.699691986,       -9.57822095,      -8.567119278,             0.448,    0.001081568202,     0.08124976364,                 0,                 0,                 0,     -0.0331247191,  -0.0006911434349,     0.08125402268,                 0,        75.1221823
          0,           0,          65,      -9.136490404,      -9.723604331,      -9.599976744,      -8.586138624,             0.448,     0.00108157055,     0.08124973686,                 0,                 0,                 0,    -0.03312472233,  -0.0006911405032,     0.08125399596,                 0,       75.12199446
          0,           0,          66,      -9.154918575,       -9.74768902,      -9.622390223,      -8.604561476,             0.448,    0.001081572297,     0.08124970978,                 0,                 0,                 0,    -0.03312472649,  -0.0006911381658,     0.08125396892,                 0,       75.12184807
          0,           0,          67,      -9.172694684,      -9.771721755,      -9.645195178,      -8.622270065,             0.448,    0.001081573437,     0.08124968233,                 0,                 0,                 0,    -0.03312473142,   -0.000691136427,     0.08125394151,                 0,        75.1217435
          0,           0,          68,      -9.189764076,      -9.795379529,      -9.668039265,      -8.639219652,             0.448,    0.001081573994,     0.08124965452,                 0,                 0,                 0,    -0.03312473694,  -0.0006911352632,     0.08125391371,                 0,       75.12167908
          0,           0,          69,      -9.206142587,      -9.818297758,      -9.690497659,      -8.655439132,             0.448,    0.001081574016,     0.08124962637,                 0,                 0,                 0,     -0.0331247429,   -0.000691134628,     0.08125388557,                 0,       75.12165158
          0,           0,          70,      -9.221909065,      -9.840144619,      -9.712103728,       -8.67102189,             0.448,    0.001081573567,     0.08124959796,                 0,                 0,                 0,    -0.03312474912,   -0.000691134457,     0.08125385716,                 0,       75.12165649
          0,           0,          71,      -9.237190578,      -9.860693419,      -9.732398745,      -8.686109092,             0.448,    0.001081572727,     0.08124956941,                 0,                 0,                 0,    -0.03312475546,  -0.0006911346739,     0.08125382859,                 0,       75.12168843
          0,           0,          72,      -9.252143095,      -9.879869585,      -9.750997451,       -8.70086845,             0.448,    0.001081571583,     0.08124954084,                 0,                 0,                 0,    -0.03312476176,  -0.0006911351945,     0.08125380001,                 0,       75.12174148
          0,           0,          73,      -9.266931271,      -9.897762572,      -9.767657692,      -8.715472654,             0.448,    0.001081570225,     0.08124951242,                 0,                 0,                 0,    -0.03312476791,   -0.000691135932,     0.08125377157,                 0,       75.12180952
          0,           0,          74,      -9.281710883,      -9.914600517,      -9.782333838,      -8.730081272,             0.448,    0.001081568742,     0.08124948431,                 0,                 0,                 0,    -0.03312477378,  -0.0006911368011,     0.08125374344,                 0,       75.12188651
          0,           0,          75,      -9.296615391,      -9.930698951,      -9.795195951,      -8.744827576,             0.448,    0.001081567219,     0.08124945669,                 0,                 0,                 0,    -0.03312477928,  -0.0006911377221,     0.08125371579,                 0,       75.12196681
          0,           0,          76,      -9.311747137,       -9.94640187,      -9.806607419,      -8.759810619,             0.448,    0.001081565728,     0.08124942973,                 0,                 0,                 0,    -0.03312478434,   -0.000691138624,     0.08125368879,                 0,       75.12204541
          0,           0,          77,      -9.327173241,      -9.962028097,      -9.817068872,      -8.775092432,             0.448,    0.001081564333,     0.08124940357,                 0,                 0,                 0,     -0.0331247889,  -0.0006911394477,     0.08125366262,                 0,       75.12211809
          0,           0,          78,      -9.342925504,      -9.977833294,      -9.827146827,      -8.790699392,             0.448,    0.001081563084,     0.08124937837,                 0,                 0,                 0,    -0.03312479292,   -0.000691140147,     0.08125363739,                 0,       75.12218157
          0,           0,          79,      -9.359003213,      -9.993990502,      -9.837406744,      -8.806626373,             0.448,    0.001081562014,     0.08124935422,                 0,                 0,                 0,     -0.0331247964,    -0.00069114069,     0.08125361323,                 0,       75.12223356
          0,           0,          80,      -9.375378412,      -10.01058954,      -9.848360742,       -8.82284312,             0.448,    0.001081561144,     0.08124933123,                 0,                 0,                 0,    -0.03312479934,  -0.0006911410576,     0.08125359022,                 0,       75.12227269
          0,           0,          81,      -9.392002012,      -10.02764721,      -9.860436246,      -8.839300955,             0.448,    0.001081560483,     0.08124930943,                 0,                 0,                 0,    -0.03312480175,  -0.0006911412431,     0.08125356841,                 0,       75.12229845
          0,           0,          82,      -9.408810882,        -10.045123,      -9.873959802,      -8.855940117,             0.448,    0.001081560028,     0.08124928887,                 0,                 0,                 0,    -0.03312480367,  -0.0006911412496,     0.08125354785,                 0,       75.12231106
          0,           0,          83,      -9.425735034,      -10.06293752,       -9.88915117,      -8.872696851,             0.448,    0.001081559768,     0.08124926956,                 0,                 0,                 0,    -0.03312480512,  -0.0006911410889,     0.08125352854,                 0,        75.1223113
          0,           0,          84,      -9.442703721,      -10.08099123,      -9.906124155,      -8.889508958,             0.448,    0.001081559684,     0.08124925148,                 0,                 0,                 0,    -0.03312480617,  -0.0006911407786,     0.08125351046,                 0,       75.12230043
          0,           0,          85,      -9.459650329,      -10.09917912,      -9.924890773,      -8.906319741,             0.448,    0.001081559753,      0.0812492346,                 0,                 0,                 0,    -0.03312480686,  -0.0006911403407,     0.08125349358,                 0,       75.12227999
          0,           0,          86,      -9.476516061,      -10.11740192,      -9.945366859,      -8.923080507,             0.448,    0.001081559951,     0.08124921888,                 0,                 0,                 0,    -0.03312480724,  -0.0006911397997,     0.08125347787,                 0,       75.12225169
          0,           0,          87,      -9.493252219,      -10.13557304,      -9.967378246,      -8.939751669,             0.448,    0.001081560251,     0.08124920425,                 0,                 0,                 0,    -0.03312480736,  -0.0006911391809,     0.08125346325,                 0,       75.12221735
          0,           0,          88,      -9.509821097,       -10.1536208,      -9.990668002,       -8.95630266,             0.448,    0.001081560626,     0.08124919065,                 0,                 0,                 0,    -0.03312480727,  -0.0006911385089,     0.08125344966,                 0,        75.1221787
          0,           0,          89,      -9.526195714,      -10.17148745,      -10.01490624,      -8.972711019,             0.448,    0.001081561053,     0.08124917801,                 0,                 0,                 0,    -0.03312480703,  -0.0006911378069,     0.08125343704,                 0,       75.12213739
          0,           0,          90,      -9.542358871,      -10.18912375,      -10.03970482,       -8.98896118,             0.448,    0.001081561508,     0.08124916626,                 0,                 0,                 0,    -0.03312480667,  -0.0006911370955,      0.0812534253,                 0,       75.12209491
          0,           0,          91,      -9.558301777,      -10.20648309,      -10.06463863,      -9.005043234,             0.448,    0.001081561973,     0.08124915533,                 0,                 0,                 0,    -0.03312480623,  -0.0006911363924,     0.08125341438,                 0,       75.12205253
          0,           0,          92,      -9.574022549,      -10.22351916,      -10.08927449,      -9.020951856,             0.448,    0.001081562431,     0.08124914514,                 0,                 0,                 0,    -0.03312480574,   -0.000691135712,      0.0812534042,                 0,       75.12201128
          0,           0,          93,      -9.589524758,      -10.24018713,      -10.11320596,      -9.036685458,             0.448,     0.00108156287,     0.08124913562,                 0,                 0,                 0,    -0.03312480524,  -0.0006911350652,      0.0812533947,                 0,       75.12197197
          0,           0,          94,      -9.604816116,      -10.25644932,      -10.13609023,      -9.052245485,             0.448,    0.001081563282,     0.08124912672,                 0,                 0,                 0,    -0.03312480474,  -0.0006911344598,     0.08125338581,                 0,       75.12193517
          0,           0,          95,      -9.619907223,      -10.27228551,      -10.15767996,      -9.067635698,             0.448,    0.001081563659,     0.08124911838,                 0,                 0,                 0,    -0.03312480425,  -0.0006911339002,     0.08125337748,                 0,       75.12190122
          0,           0,          96,      -9.634810386,      -10.28770131,      -10.17784269,      -9.082861334,             0.448,       0.001081564,     0.08124911056,                 0,                 0,                 0,    -0.03312480379,  -0.0006911333885,     0.08125336966,                 0,        75.1218703
          0,           0,          97,      -9.649538438,       -10.3027353,      -10.19656314,      -9.097928082,             0.448,    0.001081564304,      0.0812491032,                 0,                 0,                 0,    -0.03312480337,  -0.0006911329244,     0.08125336231,                 0,        75.1218424
          0,           0,          98,       -9.66410366,      -10.31745967,      -10.21392747,      -9.112840977,             0.448,    0.001081564572,     0.08124909628,                 0,                 0,                 0,    -0.03312480298,  -0.0006911325058,      0.0812533554,                 0,       75.12181741
          0,           0,          99,      -9.678516856,      -10.33197624,      -10.23009458,      -9.127603362,             0.448,    0.001081564806,     0.08124908976,                 0,                 0,                 0,    -0.03312480262,  -0.0006911321296,     0.08125334889,                 0,       75.12179512
          0,           0,         100,      -9.692786735,      -10.34640624,      -10.24526165,      -9.142216107,             0.448,     0.00108156501,     0.08124908364,                 0,                 0,                 0,    -0.03312480229,  -0.0006911317916,     0.08125334277,                 0,       75.12177527
          0,           0,         101,      -9.706919698,      -10.36087819,      -10.25963173,      -9.156677348,             0.448,    0.001081565189,     0.08124907788,                 0,                 0,                 0,    -0.03312480198,  -0.0006911314876,     0.08125333702,                 0,       75.12175755
          0,           0,         102,      -9.720920049,      -10.37551404,      -10.27338913,       -9.17098275,             0.448,    0.001081565346,     0.08124907248,                 0,                 0,                 0,    -0.03312480169,  -0.0006911312131,     0.08125333163,                 0,       75.12174167
          0,           0,         103,      -9.734790648,      -10.39041647,      -10.28668472,      -9.185126406,             0.448,    0.001081565485,     0.08124906744,                 0,                 0,                 0,     -0.0331248014,   -0.000691130964,     0.08125332659,                 0,       75.12172734
          0,           0,         104,      -9.748533847,      -10.40566009,      -10.29963118,      -9.199102185,             0.448,     0.00108156561,     0.08124906274,                 0,                 0,                 0,    -0.03312480111,  -0.0006911307364,     0.08125332189,                 0,       75.12171431
          0,           0,         105,      -9.762152586,      -10.42128551,      -10.31230641,      -9.212905374,             0.448,    0.001081565724,     0.08124905838,                 0,                 0,                 0,    -0.03312480081,  -0.0006911305273,     0.08125331753,                 0,       75.12170236
          0,           0,         106,      -9.775651411,      -10.43729754,      -10.32476167,      -9.226534298,             0.448,    0.001081565829,     0.08124905436,                 0,                 0,                 0,     -0.0331248005,   -0.000691130334,     0.08125331352,                 0,        75.1216913
          0,           0,         107,       -9.78903731,      -10.45366729,       -10.3370321,      -9.239991742,             0.448,    0.001081565929,     0.08124905068,                 0,                 0,                 0,    -0.03312480016,  -0.0006911301545,     0.08125330984,                 0,       75.12168101
          0,           0,         108,      -9.802320126,      -10.47033721,      -10.34914664,        -9.2532858,             0.448,    0.001081566023,     0.08124904734,                 0,                 0,                 0,    -0.03312479979,  -0.0006911299875,      0.0812533065,                 0,       75.12167138
          0,           0,         109,      -9.815512599,      -10.48722791,      -10.36113558,      -9.266430179,             0.448,    0.001081566113,     0.08124904433,                 0,                 0,                 0,    -0.03312479939,  -0.0006911298319,      0.0812533035,                 0,       75.12166234
          0,           0,         110,       -9.82862991,      -10.50424698,      -10.37303516,      -9.279443754,             0.448,    0.001081566199,     0.08124904166,                 0,                 0,                 0,    -0.03312479895,  -0.0006911296872,     0.08125330083,                 0,       75.12165387
          0,           0,         111,      -9.841688912,      -10.52129786,      -10.38488834,      -9.292349552,             0.448,    0.001081566282,     0.08124903931,                 0,                 0,                 0,    -0.03312479848,  -0.0006911295532,     0.08125329849,                 0,       75.12164595
          0,           0,         112,      -9.854707081,      -10.53828843,      -10.39674314,      -9.305173291,             0.448,    0.001081566361,     0.08124903729,                 0,                 0,                 0,    -0.03312479797,  -0.0006911294301,     0.08125329647,                 0,       75.12163859
          0,           0,         113,      -9.867701424,       -10.5551382,      -10.40864896,      -9.317941677,             0.448,    0.001081566436,     0.08124903559,                 0,                 0,                 0,    -0.03312479743,  -0.0006911293178,     0.08125329476,                 0,        75.1216318
          0,           0,         114,      -9.880687455,      -10.57178365,      -10.42065212,      -9.330680744,             0.448,    0.001081566507,     0.08124903419,                 0,                 0,                 0,    -0.03312479686,  -0.0006911292167,     0.08125329336,                 0,        75.1216256
          0,           0,         115,      -9.893678391,      -10.58818128,      -10.43279166,      -9.343414392,             0.448,    0.001081566573,     0.08124903308,                 0,                 0,                 0,    -0.03312479626,  -0.0006911291268,     0.08125329226,                 0,       75.12162001
          0,           0,         116,      -9.906684645,      -10.60430788,       -10.4450959,      -9.356163307,             0.448,    0.001081566633,     0.08124903226,                 0,                 0,                 0,    -0.03312479564,  -0.0006911290483,     0.08125329144,                 0,       75.12161504
          0,           0,         117,      -9.919713681,      -10.62016003,      -10.45758041,      -9.368944338,             0.448,    0.001081566688,     0.08124903171,                 0,                 0,                 0,    -0.03312479499,  -0.0006911289811,     0.08125329089,                 0,        75.1216107
          0,           0,         118,      -9.932770204,      -10.63575012,      -10.47024727,      -9.381770338,             0.448,    0.001081566738,     0.08124903142,                 0,                 0,                 0,    -0.03312479432,  -0.0006911289251,      0.0812532906,                 0,       75.12160698
          0,           0,         119,       -9.94585659,      -10.65110467,      -10.48308572,      -9.394650396,             0.448,    0.001081566782,     0.08124903137,                 0,                 0,                 0,    -0.03312479365,  -0.0006911288798,     0.08125329056,                 0,       75.12160386
          0,           0,         120,      -9.958973522,      -10.66625926,      -10.49607377,      -9.407590387,             0.448,    0.001081566821,     0.08124903155,                 0,                 0,                 0,    -0.03312479296,  -0.0006911288449,     0.08125329073,                 0,       75.12160133
          0,           0,         121,      -9.972120682,      -10.68125638,      -10.50918086,      -9.420593664,             0.448,    0.001081566855,     0.08124903194,                 0,                 0,                 0,    -0.03312479227,  -0.0006911288195,     0.08125329113,                 0,       75.12159933
          0,           0,         122,      -9.985297413,      -10.69614256,      -10.52237072,      -9.433661846,             0.448,    0.001081566884,     0.08124903253,                 0,                 0,                 0,    -0.03312479157,  -0.0006911288029,     0.08125329172,                 0,       75.12159783
          0,           0,         123,      -9.998503228,      -10.71096661,      -10.53560452,      -9.446795476,             0.448,     0.00108156691,      0.0812490333,                 0,                 0,                 0,    -0.03312479088,  -0.0006911287943,     0.08125329249,                 0,       75.12159678
          0,           0,         124,       -10.0117382,      -10.72577765,      -10.54884369,      -9.459994594,             0.448,    0.001081566932,     0.08124903424,                 0,                 0,                 0,    -0.03312479018,  -0.0006911287926,     0.08125329343,                 0,       75.12159611
          0,           0,         125,      -10.02500307,      -10.74062379,       -10.5620525,      -9.473259072,             0.448,    0.001081566952,     0.08124903534,                 0,                 0,                 0,    -0.03312478949,   -0.000691128797,     0.08125329452,                 0,       75.12159577
          0,           0,         126,      -10.03829929,      -10.75555171,      -10.57519982,      -9.486588819,             0.448,    0.001081566969,     0.08124903657,                 0,                 0,                 0,    -0.03312478881,  -0.0006911288065,     0.08125329576,                 0,        75.1215957
          0,           0,         127,      -10.05162878,      -10.77060327,      -10.58826044,      -9.499983713,             0.448,    0.001081566985,     0.08124903794,                 0,                 0,                 0,    -0.03312478813,  -0.0006911288203,     0.08125329713,                 0,       75.12159584
          0,           0,         128,      -10.06499361,      -10.78581516,      -10.60121567,      -9.513443465,             0.448,    0.001081567001,     0.08124903943,                 0,                 0,                 0,    -0.03312478746,  -0.0006911288375,     0.08125329862,                 0,       75.12159615
          0,           0,         129,      -10.07839563,      -10.80121648,      -10.61405335,      -9.526967323,             0.448,    0.001081567016,     0.08124904103,                 0,                 0,                 0,     -0.0331247868,  -0.0006911288574,     0.08125330022,                 0,       75.12159659
          0,           0,         130,      -10.09183605,      -10.81682695,       -10.6267678,      -9.540553706,             0.448,    0.001081567031,     0.08124904273,                 0,                 0,                 0,    -0.03312478615,  -0.0006911288794,     0.08125330192,                 0,       75.12159712
          0,           0,         131,      -10.10531498,      -10.83265539,      -10.63935894,      -9.554199827,             0.448,    0.001081567046,     0.08124904452,                 0,                 0,                 0,     -0.0331247855,  -0.0006911289031,     0.08125330371,                 0,       75.12159771
          0,           0,         132,      -10.11883102,      -10.84869912,      -10.65183182,      -9.567901299,             0.448,    0.001081567062,     0.08124904639,                 0,                 0,                 0,    -0.03312478487,  -0.0006911289281,     0.08125330558,                 0,       75.12159834
          0,           0,         133,      -10.13238091,      -10.86494201,      -10.66419571,      -9.581651744,             0.448,    0.001081567078,     0.08124904834,                 0,                 0,                 0,    -0.03312478424,  -0.0006911289542,     0.08125330753,                 0,         75.121599
          0,           0,         134,      -10.14595918,      -10.88135654,      -10.67646342,      -9.595442484,             0.448,    0.001081567095,     0.08124905036,                 0,                 0,                 0,    -0.03312478362,  -0.0006911289811,     0.08125330954,                 0,       75.12159968
          0,           0,         135,      -10.15955792,      -10.89790329,      -10.68865051,      -9.609262314,             0.448,    0.001081567113,     0.08124905243,                 0,                 0,                 0,    -0.03312478301,   -0.000691129009,     0.08125331162,                 0,       75.12160039
          0,           0,         136,      -10.17316656,      -10.91453409,      -10.70077424,      -9.623097263,             0.448,     0.00108156713,     0.08124905457,                 0,                 0,                 0,    -0.03312478241,  -0.0006911290378,     0.08125331376,                 0,       75.12160113
          0,           0,         137,      -10.18677186,      -10.93119333,      -10.71285321,      -9.636930614,             0.448,    0.001081567148,     0.08124905675,                 0,                 0,                 0,    -0.03312478181,  -0.0006911290675,     0.08125331594,                 0,        75.1216019
          0,           0,         138,       -10.2003579,      -10.94782192,      -10.72490607,      -9.650742949,             0.448,    0.001081567166,     0.08124905898,                 0,                 0,                 0,    -0.03312478123,  -0.0006911290982,     0.08125331816,                 0,       75.12160272
          0,           0,         139,      -10.21390626,       -10.9643611,      -10.73695104,      -9.664512353,             0.448,    0.001081567184,     0.08124906124,                 0,                 0,                 0,    -0.03312478065,  -0.0006911291301,     0.08125332043,                 0,        75.1216036
          0,           0,         140,      -10.22739638,      -10.98075434,      -10.74900464,      -9.678214851,             0.448,    0.001081567201,     0.08124906353,                 0,                 0,                 0,    -0.03312478009,  -0.0006911291632,     0.08125332272,                 0,       75.12160454
          0,           0,         141,      -10.24080599,      -10.99695281,      -10.76108111,      -9.691824918,             0.448,    0.001081567217,     0.08124906585,                 0,                 0,                 0,    -0.03312477954,  -0.0006911291976,     0.08125332503,                 0,       75.12160556
          0,           0,         142,      -10.25411182,      -11.01291714,       -10.7731912,      -9.705316216,             0.448,    0.001081567232,     0.08124906818,                 0,                 0,                 0,    -0.03312477899,  -0.0006911292332,     0.08125332737,                 0,       75.12160666
          0,           0,         143,      -10.26729027,      -11.02861826,      -10.78534161,      -9.718662416,             0.448,    0.001081567246,     0.08124907053,                 0,                 0,                 0,    -0.03312477847,  -0.0006911292702,     0.08125332971,                 0,       75.12160784
          0,           0,         144,       -10.2803184,      -11.04403977,      -10.79753426,      -9.731838174,             0.448,    0.001081567259,     0.08124907287,                 0,                 0,                 0,    -0.03312477795,  -0.0006911293083,     0.08125333206,                 0,        75.1216091
          0,           0,         145,      -10.29317484,      -11.05917872,       -10.8097657,      -9.744820113,             0.448,    0.001081567271,     0.08124907522,                 0,                 0,                 0,    -0.03312477745,  -0.0006911293476,     0.08125333441,                 0,       75.12161045
          0,           0,         146,      -10.30584073,      -11.07404324,      -10.82202706,      -9.757587873,             0.448,    0.001081567282,     0.08124907756,                 0,                 0,                 0,    -0.03312477697,  -0.0006911293878,     0.08125333674,                 0,       75.12161186
          0,           0,         147,      -10.31830079,      -11.08865062,      -10.83430406,       -9.77012516,             0.448,    0.001081567292,     0.08124907988,                 0,                 0,                 0,     -0.0331247765,  -0.0006911294289,     0.08125333906,                 0,       75.12161334
          0,           0,         148,      -10.33054403,      -11.10302802,      -10.84657787,      -9.782420518,             0.448,      0.0010815673,     0.08124908218,                 0,                 0,                 0,    -0.03312477606,  -0.0006911294705,     0.08125334137,                 0,       75.12161487
          0,           0,         149,      -10.34256448,      -11.11720946,      -10.85882601,      -9.794468067,             0.448,    0.001081567308,     0.08124908446,                 0,                 0,                 0,    -0.03312477563,  -0.0006911295126,     0.08125334364,                 0,       75.12161645
          0,           0,         150,      -10.35436168,      -11.13123083,      -10.87102427,      -9.806268001,             0.448,    0.001081567315,      0.0812490867,                 0,                 0,                 0,    -0.03312477522,  -0.0006911295548,     0.08125334589,                 0,       75.12161806
          0,           0,         151,      -10.36594075,      -11.14513263,      -10.88314733,      -9.817826553,             0.448,    0.001081567321,     0.08124908891,                 0,                 0,                 0,    -0.03312477483,  -0.0006911295969,     0.08125334809,                 0,       75.12161968
          0,           0,         152,      -10.37731237,      -11.15895553,      -10.89517161,      -9.829156019,             0.448,    0.001081567326,     0.08124909108,                 0,                 0,                 0,    -0.03312477446,  -0.0006911296388,     0.08125335026,                 0,       75.12162131
          0,           0,         153,      -10.38849235,      -11.17273803,      -10.90707636,      -9.840274208,             0.448,    0.001081567331,      0.0812490932,                 0,                 0,                 0,    -0.03312477411,  -0.0006911296801,     0.08125335238,                 0,       75.12162293
          0,           0,         154,      -10.39950105,      -11.18651507,      -10.91884532,      -9.851203745,             0.448,    0.001081567335,     0.08124909527,                 0,                 0,                 0,    -0.03312477379,  -0.0006911297208,     0.08125335445,                 0,       75.12162453
          0,           0,         155,      -10.41036255,      -11.20031678,      -10.93046778,      -9.861971228,             0.448,     0.00108156734,     0.08124909729,                 0,                 0,                 0,    -0.03312477348,  -0.0006911297606,     0.08125335647,                 0,        75.1216261
          0,           0,         156,      -10.42110371,      -11.21416789,      -10.94193921,      -9.872606139,             0.448,    0.001081567344,     0.08124909925,                 0,                 0,                 0,     -0.0331247732,  -0.0006911297994,     0.08125335844,                 0,       75.12162763
          0,           0,         157,      -10.43175327,      -11.22808664,      -10.95326118,      -9.883139895,             0.448,    0.001081567348,     0.08124910116,                 0,                 0,                 0,    -0.03312477294,  -0.0006911298371,     0.08125336034,                 0,       75.12162912
          0,           0,         158,      -10.44234083,       -11.2420799,        -10.964442,      -9.893604749,             0.448,    0.001081567351,       0.081249103,                 0,                 0,                 0,     -0.0331247727,  -0.0006911298735,     0.08125336218,                 0,       75.12163056
          0,           0,         159,      -10.45289591,      -11.25614838,      -10.97549545,      -9.904032792,             0.448,    0.001081567355,     0.08124910478,                 0,                 0,                 0,    -0.03312477249,  -0.0006911299087,     0.08125336396,                 0,       75.12163196
          0,           0,         160,      -10.46344721,      -11.27028257,      -10.98644047,       -9.91445514,             0.448,    0.001081567359,      0.0812491065,                 0,                 0,                 0,    -0.03312477229,  -0.0006911299425,     0.08125336568,                 0,       75.12163329
          0,           0,         161,      -10.47402181,      -11.28446317,      -10.99729937,      -9.924901122,             0.448,    0.001081567362,     0.08124910814,                 0,                 0,                 0,    -0.03312477212,   -0.000691129975,     0.08125336732,                 0,       75.12163458
          0,           0,         162,       -10.4846447,      -11.29865975,       -11.0080978,      -9.935397798,             0.448,    0.001081567365,     0.08124910972,                 0,                 0,                 0,    -0.03312477196,  -0.0006911300062,      0.0812533689,                 0,       75.12163581
          0,           0,         163,      -10.49533836,      -11.31282881,      -11.01886295,      -9.945969433,             0.448,    0.001081567368,     0.08124911123,                 0,                 0,                 0,    -0.03312477183,  -0.0006911300361,     0.08125337041,                 0,         75.121637
          0,           0,         164,      -10.50612228,      -11.32692586,      -11.02962268,      -9.956637137,             0.448,    0.001081567371,     0.08124911267,                 0,                 0,                 0,    -0.03312477171,  -0.0006911300647,     0.08125337185,                 0,       75.12163814
          0,           0,         165,      -10.51701308,      -11.34089111,      -11.04040469,       -9.96741885,             0.448,    0.001081567374,     0.08124911404,                 0,                 0,                 0,    -0.03312477161,  -0.0006911300922,     0.08125337322,                 0,       75.12163923
          0,           0,         166,      -10.52802418,       -11.3546644,      -11.05123549,      -9.978329097,             0.448,    0.001081567376,     0.08124911534,                 0,                 0,                 0,    -0.03312477153,  -0.0006911301185,     0.08125337452,                 0,       75.12164029
          0,           0,         167,      -10.53916601,      -11.36817863,      -11.06214016,      -9.989379151,             0.448,    0.001081567377,     0.08124911658,                 0,                 0,                 0,    -0.03312477146,  -0.0006911301438,     0.08125337576,                 0,       75.12164132
          0,           0,         168,      -10.55044596,      -11.38137512,       -11.0731415,      -10.00057705,             0.448,    0.001081567378,     0.08124911774,                 0,                 0,                 0,    -0.03312477141,  -0.0006911301681,     0.08125337692,                 0,       75.12164232
          0,           0,         169,      -10.56186873,      -11.39419022,      -11.08425988,       -10.0119279,             0.448,    0.001081567379,     0.08124911884,                 0,                 0,                 0,    -0.03312477137,  -0.0006911301914,     0.08125337802,                 0,       75.12164329
          0,           0,         170,      -10.57343643,      -11.40657566,      -11.09551299,      -10.02343401,             0.448,    0.001081567379,     0.08124911988,                 0,                 0,                 0,    -0.03312477135,  -0.0006911302138,     0.08125337905,                 0,       75.12164424
          0,           0,         171,      -10.58514893,      -11.41849244,      -11.10691583,      -10.03509524,             0.448,    0.001081567379,     0.08124912085,                 0,                 0,                 0,    -0.03312477133,  -0.0006911302354,     0.08125338002,                 0,       75.12164516
          0,           0,         172,       -10.5970041,      -11.42991843,      -11.11848081,       -10.0469093,             0.448,    0.001081567378,     0.08124912175,                 0,                 0,                 0,    -0.03312477133,  -0.0006911302562,     0.08125338093,                 0,       75.12164607
          0,           0,         173,      -10.60899816,       -11.4408466,      -11.13021737,      -10.05887204,             0.448,    0.001081567376,      0.0812491226,                 0,                 0,                 0,    -0.03312477134,  -0.0006911302762,     0.08125338178,                 0,       75.12164696
          0,           0,         174,      -10.62112603,      -11.45129354,      -11.14213269,      -10.07097787,             0.448,    0.001081567374,     0.08124912339,                 0,                 0,                 0,    -0.03312477135,  -0.0006911302955,     0.08125338257,                 0,       75.12164783
          0,           0,         175,      -10.63338166,       -11.4612892,       -11.1542313,       -10.0832201,             0.448,    0.001081567372,     0.08124912413,                 0,                 0,                 0,    -0.03312477137,   -0.000691130314,      0.0812533833,                 0,       75.12164868
          0,           0,         176,      -10.64575833,      -11.47088585,      -11.16651564,      -10.09559126,             0.448,    0.001081567369,     0.08124912481,                 0,                 0,                 0,     -0.0331247714,  -0.0006911303318,     0.08125338399,                 0,       75.12164952
          0,           0,         177,      -10.65824898,      -11.48015187,      -11.17898598,      -10.10808342,             0.448,    0.001081567365,     0.08124912544,                 0,                 0,                 0,    -0.03312477144,  -0.0006911303489,     0.08125338462,                 0,       75.12165033
          0,           0,         178,      -10.67084643,      -11.48916287,      -11.19164028,      -10.12068847,             0.448,    0.001081567362,     0.08124912602,                 0,                 0,                 0,    -0.03312477148,  -0.0006911303652,      0.0812533852,                 0,       75.12165112
          0,           0,         179,      -10.68354377,      -11.49800968,      -11.20447494,       -10.1333985,             0.448,    0.001081567358,     0.08124912656,                 0,                 0,                 0,    -0.03312477152,  -0.0006911303808,     0.08125338573,                 0,       75.12165189
          0,           0,         180,      -10.69633439,      -11.50678788,      -11.21748442,      -10.14620587,             0.448,    0.001081567354,     0.08124912705,                 0,                 0,                 0,    -0.03312477157,  -0.0006911303957,     0.08125338622,                 0,       75.12165263
          0,           0,         181,      -10.70921226,      -11.51559338,      -11.23066138,      -10.15910351,             0.448,     0.00108156735,      0.0812491275,                 0,                 0,                 0,    -0.03312477162,  -0.0006911304097,     0.08125338668,                 0,       75.12165334
          0,           0,         182,      -10.72217199,      -11.52452387,      -11.24399692,      -10.17208497,             0.448,    0.001081567345,     0.08124912791,                 0,                 0,                 0,    -0.03312477167,   -0.000691130423,     0.08125338709,                 0,       75.12165402
          0,           0,         183,      -10.73520886,      -11.53367412,       -11.2574805,      -10.18514452,             0.448,    0.001081567341,     0.08124912829,                 0,                 0,                 0,    -0.03312477172,  -0.0006911304355,     0.08125338746,                 0,       75.12165467
          0,           0,         184,      -10.74831895,      -11.54313335,      -11.27110021,       -10.1982773,             0.448,    0.001081567337,     0.08124912863,                 0,                 0,                 0,    -0.03312477177,  -0.0006911304472,     0.08125338781,                 0,       75.12165528
          0,           0,         185,      -10.76149902,      -11.55298034,      -11.28484238,      -10.21147915,             0.448,    0.001081567333,     0.08124912894,                 0,                 0,                 0,    -0.03312477182,  -0.0006911304581,     0.08125338812,                 0,       75.12165585
          0,           0,         186,      -10.77474635,      -11.56329026,      -11.29869225,      -10.22474657,             0.448,    0.001081567329,     0.08124912923,                 0,                 0,                 0,    -0.03312477187,  -0.0006911304682,      0.0812533884,                 0,       75.12165639
          0,           0,         187,      -10.78805881,      -11.57412721,      -11.31263352,      -10.23807669,             0.448,    0.001081567325,     0.08124912948,                 0,                 0,                 0,    -0.03312477192,  -0.0006911304776,     0.08125338866,                 0,       75.12165688
          0,           0,         188,      -10.80143448,       -11.5855445,      -11.32664873,      -10.25146703,             0.448,    0.001081567321,     0.08124912971,                 0,                 0,                 0,    -0.03312477197,  -0.0006911304861,     0.08125338889,                 0,       75.12165734
          0,           0,         189,      -10.81487171,      -11.59758858,      -11.34071964,      -10.26491544,             0.448,    0.001081567318,     0.08124912992,                 0,                 0,                 0,    -0.03312477201,  -0.0006911304939,      0.0812533891,                 0,       75.12165776
          0,           0,         190,      -10.82836882,      -11.61029496,       -11.3548267,      -10.27841991,             0.448,    0.001081567315,     0.08124913011,                 0,                 0,                 0,    -0.03312477206,  -0.0006911305009,     0.08125338928,                 0,       75.12165813
          0,           0,         191,      -10.84192385,      -11.62368766,      -11.36894986,       -10.2919783,             0.448,    0.001081567313,     0.08124913028,                 0,                 0,                 0,     -0.0331247721,  -0.0006911305073,     0.08125338945,                 0,       75.12165847
          0,           0,         192,      -10.85553461,      -11.63778073,      -11.38306893,      -10.30558829,             0.448,     0.00108156731,     0.08124913043,                 0,                 0,                 0,    -0.03312477214,  -0.0006911305129,     0.08125338961,                 0,       75.12165878
          0,           0,         193,      -10.86919824,      -11.65258147,      -11.39716345,      -10.31924708,             0.448,    0.001081567308,     0.08124913057,                 0,                 0,                 0,    -0.03312477218,  -0.0006911305179,     0.08125338975,                 0,       75.12165904
          0,           0,         194,      -10.88291132,      -11.66808202,      -11.41121333,      -10.33295146,             0.448,    0.001081567307,      0.0812491307,                 0,                 0,                 0,    -0.03312477222,  -0.0006911305223,     0.08125338987,                 0,       75.12165927
          0,           0,         195,      -10.89666956,      -11.68426938,      -11.42519914,       -10.3466974,             0.448,    0.001081567305,     0.08124913081,                 0,                 0,                 0,    -0.03312477225,  -0.0006911305261,     0.08125338998,                 0,       75.12165947
          0,           0,         196,      -10.91046784,      -11.70111308,      -11.43910291,      -10.36048018,             0.448,    0.001081567304,     0.08124913091,                 0,                 0,                 0,    -0.03312477228,  -0.0006911305294,     0.08125339009,                 0,       75.12165963
          0,           0,         197,      -10.92430024,      -11.71857198,      -11.45290835,      -10.37429433,             0.448,    0.001081567304,     0.08124913101,                 0,                 0,                 0,    -0.03312477231,  -0.0006911305321,     0.08125339018,                 0,       75.12165977
          0,           0,         198,      -10.93815991,      -11.73659748,      -11.46660145,      -10.38813351,             0.448,    0.001081567303,     0.08124913109,                 0,                 0,                 0,    -0.03312477233,  -0.0006911305344,     0.08125339027,                 0,       75.12165988
          0,           0,         199,      -10.95203919,      -11.75512325,      -11.48017075,      -10.40199067,             0.448,    0.001081567303,     0.08124913117,                 0,                 0,                 0,    -0.03312477235,  -0.0006911305363,     0.08125339034,                 0,       75.12165996
          0,           0,         200,      -10.96592974,      -11.77407585,       -11.4936078,      -10.41585806,             0.448,    0.001081567303,     0.08124913124,                 0,                 0,                 0,    -0.03312477237,  -0.0006911305377,     0.08125339042,                 0,       75.12166002
          0,           0,         201,      -10.97982263,      -11.79336069,      -11.50690799,      -10.42972736,             0.448,    0.001081567304,     0.08124913131,                 0,                 0,                 0,    -0.03312477239,  -0.0006911305389,     0.08125339049,                 0,       75.12166006
          0,           0,         202,      -10.99370864,      -11.81287714,      -11.52007006,      -10.44358992,             0.448,    0.001081567304,     0.08124913138,                 0,                 0,                 0,    -0.03312477241,  -0.0006911305397,     0.08125339055,                 0,       75.12166008
          0,           0,         203,      -11.00757836,      -11.83250888,      -11.53309674,       -10.4574369,             0.448,    0.001081567305,     0.08124913144,                 0,                 0,                 0,    -0.03312477242,  -0.0006911305402,     0.08125339061,                 0,       75.12166008
          0,           0,         204,      -11.02142255,      -11.85213216,      -11.54599446,      -10.47125959,             0.448,    0.001081567306,      0.0812491315,                 0,                 0,                 0,    -0.03312477243,  -0.0006911305405,     0.08125339067,                 0,       75.12166007
          0,           0,         205,      -11.03523237,      -11.87162011,      -11.55877356,      -10.48504952,             0.448,    0.001081567307,     0.08124913155,                 0,                 0,                 0,    -0.03312477244,  -0.0006911305406,     0.08125339073,                 0,       75.12166004
          0,           0,         206,      -11.04899973,      -11.89083408,      -11.57144796,      -10.49879902,             0.448,    0.001081567308,     0.08124913161,                 0,                 0,                 0,    -0.03312477244,  -0.0006911305405,     0.08125339078,                 0,          75.12166
          0,           0,         207,      -11.06271744,      -11.90964981,      -11.58403489,      -10.51250113,             0.448,     0.00108156731,     0.08124913166,                 0,                 0,                 0,    -0.03312477245,  -0.0006911305403,     0.08125339084,                 0,       75.12165995
          0,           0,         208,      -11.07637964,      -11.92794283,      -11.59655438,      -10.52615018,             0.448,    0.001081567311,     0.08124913172,                 0,                 0,                 0,    -0.03312477245,  -0.0006911305399,     0.08125339089,                 0,       75.12165989
          0,           0,         209,      -11.08998197,      -11.94560838,        -11.609029,      -10.53974184,             0.448,    0.001081567313,     0.08124913177,                 0,                 0,                 0,    -0.03312477245,  -0.0006911305395,     0.08125339094,                 0,       75.12165983
          0,           0,         210,      -11.10352174,      -11.96256129,      -11.62148302,      -10.55327339,             0.448,    0.001081567315,     0.08124913182,                 0,                 0,                 0,    -0.03312477245,  -0.0006911305389,       0.081253391,                 0,       75.12165976
          0,           0,         211,      -11.11699801,      -11.97874192,      -11.63394185,      -10.56674377,             0.448,    0.001081567316,     0.08124913188,                 0,                 0,                 0,    -0.03312477245,  -0.0006911305383,     0.08125339105,                 0,       75.12165969
          0,           0,         212,      -11.13041201,      -11.99412261,      -11.64643171,      -10.58015395,             0.448,    0.001081567318,     0.08124913193,                 0,                 0,                 0,    -0.03312477244,  -0.0006911305377,      0.0812533911,                 0,       75.12165961
          0,           0,         213,      -11.14376661,      -12.00870754,      -11.65897824,      -10.59350652,             0.448,     0.00108156732,     0.08124913199,                 0,                 0,                 0,    -0.03312477244,  -0.0006911305371,     0.08125339116,                 0,       75.12165954
          0,           0,         214,      -11.15706673,      -12.02253196,      -11.67160651,        -10.606806,             0.448,    0.001081567322,     0.08124913204,                 0,                 0,                 0,    -0.03312477243,  -0.0006911305364,     0.08125339121,                 0,       75.12165946
          0,           0,         215,        -11.170319,      -12.03565919,      -11.68434023,       -10.6200587,             0.448,    0.001081567324,      0.0812491321,                 0,                 0,                 0,    -0.03312477243,  -0.0006911305358,     0.08125339127,                 0,       75.12165939
          0,           0,         216,      -11.18353154,      -12.04817826,      -11.69720056,      -10.63327228,             0.448,    0.001081567326,     0.08124913215,                 0,                 0,                 0,    -0.03312477242,  -0.0006911305353,     0.08125339133,                 0,       75.12165931
          0,           0,         217,      -11.19671399,      -12.06019123,      -11.71020656,      -10.64645593,             0.448,    0.001081567327,     0.08124913221,                 0,                 0,                 0,    -0.03312477241,  -0.0006911305347,     0.08125339138,                 0,       75.12165924
          0,           0,         218,      -11.20987684,      -12.07181589,      -11.72337359,      -10.65961976,             0.448,    0.001081567329,     0.08124913227,                 0,                 0,                 0,    -0.03312477241,  -0.0006911305343,     0.08125339144,                 0,       75.12165918
          0,           0,         219,      -11.22303144,       -12.0831712,      -11.73671378,      -10.67277477,             0.448,    0.001081567331,     0.08124913232,                 0,                 0,                 0,     -0.0331247724,  -0.0006911305339,      0.0812533915,                 0,       75.12165911
          0,           0,         220,      -11.23618937,      -12.09437811,      -11.75023502,      -10.68593212,             0.448,    0.001081567332,     0.08124913238,                 0,                 0,                 0,    -0.03312477239,  -0.0006911305335,     0.08125339155,                 0,       75.12165906
          0,           0,         221,      -11.24936241,      -12.10554288,      -11.76394187,      -10.69910343,             0.448,    0.001081567334,     0.08124913244,                 0,                 0,                 0,    -0.03312477239,  -0.0006911305333,     0.08125339161,                 0,       75.12165901
          0,           0,         222,      -11.26256185,       -12.1167744,      -11.77783288,      -10.71229977,             0.448,    0.001081567335,     0.08124913249,                 0,                 0,                 0,    -0.03312477238,  -0.0006911305331,     0.08125339166,                 0,       75.12165896
          0,           0,         223,      -11.27579843,      -12.12815409,      -11.79190408,      -10.72553175,             0.448,    0.001081567336,     0.08124913255,                 0,                 0,                 0,    -0.03312477237,  -0.0006911305331,     0.08125339172,                 0,       75.12165893
          0,           0,         224,      -11.28908181,      -12.13975883,      -11.80614566,      -10.73880898,             0.448,    0.001081567337,      0.0812491326,                 0,                 0,                 0,    -0.03312477237,  -0.0006911305331,     0.08125339177,                 0,        75.1216589
          0,           0,         225,      -11.30242053,      -12.15164574,      -11.82054377,      -10.75214004,             0.448,    0.001081567339,     0.08124913265,                 0,                 0,                 0,    -0.03312477236,  -0.0006911305332,     0.08125339183,                 0,       75.12165888
          0,           0,         226,      -11.31582146,      -12.16385815,      -11.83508042,      -10.76553191,             0.448,    0.001081567339,     0.08124913271,                 0,                 0,                 0,    -0.03312477235,  -0.0006911305335,     0.08125339188,                 0,       75.12165886
          0,           0,         227,      -11.32928981,      -12.17641516,      -11.84973399,      -10.77899004,             0.448,     0.00108156734,     0.08124913276,                 0,                 0,                 0,    -0.03312477235,  -0.0006911305338,     0.08125339193,                 0,       75.12165885
          0,           0,         228,      -11.34282887,      -12.18933631,      -11.86447839,      -10.79251788,             0.448,    0.001081567341,      0.0812491328,                 0,                 0,                 0,    -0.03312477235,  -0.0006911305342,     0.08125339198,                 0,       75.12165885
          0,           0,         229,      -11.35644001,       -12.2026135,      -11.87928508,      -10.80611719,             0.448,    0.001081567341,     0.08124913285,                 0,                 0,                 0,    -0.03312477234,  -0.0006911305347,     0.08125339202,                 0,       75.12165886
          0,           0,         230,       -11.3701225,      -12.21622807,       -11.8941229,       -10.8197875,             0.448,    0.001081567342,      0.0812491329,                 0,                 0,                 0,    -0.03312477234,  -0.0006911305353,     0.08125339207,                 0,       75.12165888
          0,           0,         231,      -11.38387353,      -12.23015459,      -11.90895807,      -10.83352637,             0.448,    0.001081567342,     0.08124913294,                 0,                 0,                 0,    -0.03312477234,   -0.000691130536,     0.08125339211,                 0,        75.1216589
          0,           0,         232,      -11.39768839,       -12.2443538,      -11.92375634,      -10.84732953,             0.448,    0.001081567342,     0.08124913298,                 0,                 0,                 0,    -0.03312477234,  -0.0006911305367,     0.08125339215,                 0,       75.12165893
          0,           0,         233,      -11.41156045,      -12.25877265,      -11.93848333,      -10.86119067,             0.448,    0.001081567342,     0.08124913302,                 0,                 0,                 0,    -0.03312477234,  -0.0006911305376,     0.08125339219,                 0,       75.12165896
          0,           0,         234,       -11.4254813,      -12.27336601,      -11.95310439,      -10.87510184,             0.448,    0.001081567342,     0.08124913305,                 0,                 0,                 0,    -0.03312477234,  -0.0006911305384,     0.08125339222,                 0,         75.121659
          0,           0,         235,      -11.43944104,      -12.28806588,      -11.96758716,      -10.88905352,             0.448,    0.001081567342,     0.08124913308,                 0,                 0,                 0,    -0.03312477234,  -0.0006911305394,     0.08125339226,                 0,       75.12165905
          0,           0,         236,      -11.45342865,      -12.30281437,      -11.98190183,      -10.90303499,             0.448,    0.001081567341,     0.08124913311,                 0,                 0,                 0,    -0.03312477234,  -0.0006911305404,     0.08125339229,                 0,        75.1216591
          0,           0,         237,      -11.46743182,      -12.31755404,        -11.996022,      -10.91703421,             0.448,    0.001081567341,     0.08124913314,                 0,                 0,                 0,    -0.03312477234,  -0.0006911305415,     0.08125339231,                 0,       75.12165916
          0,           0,         238,      -11.48143803,       -12.3322254,      -12.00992579,      -10.93103905,             0.448,     0.00108156734,     0.08124913316,                 0,                 0,                 0,    -0.03312477234,  -0.0006911305426,     0.08125339234,                 0,       75.12165922
          0,           0,         239,      -11.49543419,       -12.3467786,      -12.02359582,      -10.94503658,             0.448,     0.00108156734,     0.08124913319,                 0,                 0,                 0,    -0.03312477234,  -0.0006911305437,     0.08125339236,                 0,       75.12165929
          0,           0,         240,      -11.50940738,         -12.36117,      -12.03702133,      -10.95901396,             0.448,    0.001081567339,     0.08124913321,                 0,                 0,                 0,    -0.03312477235,  -0.0006911305449,     0.08125339238,                 0,       75.12165936
          0,           0,         241,      -11.52334526,      -12.37536531,      -12.05019689,      -10.97295898,             0.448,    0.001081567338,     0.08124913322,                 0,                 0,                 0,    -0.03312477235,   -0.000691130546,      0.0812533924,                 0,       75.12165943
          0,           0,         242,        -11.537236,       -12.3893539,      -12.06312332,      -10.98685984,             0.448,    0.001081567337,     0.08124913324,                 0,                 0,                 0,    -0.03312477235,  -0.0006911305472,     0.08125339241,                 0,        75.1216595
          0,           0,         243,      -11.55106921,      -12.40312401,      -12.07580777,      -11.00070615,             0.448,    0.001081567336,     0.08124913325,                 0,                 0,                 0,    -0.03312477236,  -0.0006911305484,     0.08125339242,                 0,       75.12165958
          0,           0,         244,      -11.56483574,      -12.41667945,      -12.08826284,      -11.01448855,             0.448,    0.001081567335,     0.08124913326,                 0,                 0,                 0,    -0.03312477236,  -0.0006911305497,     0.08125339243,                 0,       75.12165966
          0,           0,         245,      -11.57852805,      -12.43003726,      -12.10050611,      -11.02819924,             0.448,    0.001081567334,     0.08124913326,                 0,                 0,                 0,    -0.03312477237,  -0.0006911305509,     0.08125339244,                 0,       75.12165974
          0,           0,         246,      -11.59214064,      -12.44323585,       -12.1125604,      -11.04183263,             0.448,    0.001081567333,     0.08124913327,                 0,                 0,                 0,    -0.03312477237,  -0.0006911305521,     0.08125339244,                 0,       75.12165982
          0,           0,         247,      -11.60566996,      -12.45630909,      -12.12445147,      -11.05538478,             0.448,    0.001081567332,     0.08124913327,                 0,                 0,                 0,    -0.03312477238,  -0.0006911305532,     0.08125339245,                 0,        75.1216599
          0,           0,         248,      -11.61911425,      -12.46930334,       -12.1362087,      -11.06885354,             0.448,    0.001081567331,     0.08124913327,                 0,                 0,                 0,    -0.03312477238,  -0.0006911305544,     0.08125339245,                 0,       75.12165998
          0,           0,         249,      -11.63247389,      -12.48226871,      -12.14786305,      -11.08223899,             0.448,     0.00108156733,     0.08124913327,                 0,                 0,                 0,    -0.03312477239,  -0.0006911305555,     0.08125339245,                 0,       75.12166006
          0,           0,         250,      -11.64575112,      -12.49525519,      -12.15944626,      -11.09554289,             0.448,    0.001081567329,     0.08124913327,                 0,                 0,                 0,    -0.03312477239,  -0.0006911305566,     0.08125339244,                 0,       75.12166014
          0,           0,         251,      -11.65894997,      -12.50832427,      -12.17099019,      -11.10876902,             0.448,    0.001081567327,     0.08124913327,                 0,                 0,                 0,    -0.03312477239,  -0.0006911305577,     0.08125339244,                 0,       75.12166021
          0,           0,         252,      -11.67207586,      -12.52151084,      -12.18252677,       -11.1219223,             0.448,    0.001081567326,     0.08124913326,                 0,                 0,                 0,     -0.0331247724,  -0.0006911305588,     0.08125339244,                 0,       75.12166029
          0,           0,         253,      -11.68513584,      -12.53486539,      -12.19408554,      -11.13500934,             0.448,    0.001081567325,     0.08124913326,                 0,                 0,                 0,     -0.0331247724,  -0.0006911305597,     0.08125339243,                 0,       75.12166036
          0,           0,         254,      -11.69813748,      -12.54842412,      -12.20569507,      -11.14803747,             0.448,    0.001081567324,     0.08124913325,                 0,                 0,                 0,    -0.03312477241,  -0.0006911305607,     0.08125339242,                 0,       75.12166043
          0,           0,         255,      -11.71108941,      -12.56221383,      -12.21738038,      -11.16101501,             0.448,    0.001081567323,     0.08124913324,                 0,                 0,                 0,    -0.03312477241,  -0.0006911305616,     0.08125339241,                 0,        75.1216605
          0,           0,         256,      -11.72400044,      -12.57624675,      -12.22916512,      -11.17395041,             0.448,    0.001081567322,     0.08124913323,                 0,                 0,                 0,    -0.03312477242,  -0.0006911305625,      0.0812533924,                 0,       75.12166057
          0,           0,         257,      -11.73687957,       -12.5905266,      -12.24106789,      -11.18685249,             0.448,    0.001081567321,     0.08124913322,                 0,                 0,                 0,    -0.03312477242,  -0.0006911305633,      0.0812533924,                 0,       75.12166063
          0,           0,         258,      -11.74973551,      -12.60506184,       -12.2531063,      -11.19972986,             0.448,     0.00108156732,     0.08124913321,                 0,                 0,                 0,    -0.03312477242,  -0.0006911305641,     0.08125339238,                 0,       75.12166069
          0,           0,         259,       -11.7625764,      -12.61982196,      -12.26529433,      -11.21259064,             0.448,    0.001081567319,      0.0812491332,                 0,                 0,                 0,    -0.03312477242,  -0.0006911305648,     0.08125339237,                 0,       75.12166074
          0,           0,         260,      -11.77540948,      -12.63476954,      -12.27764104,      -11.22544158,             0.448,    0.001081567318,     0.08124913319,                 0,                 0,                 0,    -0.03312477243,  -0.0006911305654,     0.08125339236,                 0,        75.1216608
          0,           0,         261,      -11.78824165,      -12.64986693,      -12.29015316,      -11.23828973,             0.448,    0.001081567317,     0.08124913318,                 0,                 0,                 0,    -0.03312477243,   -0.000691130566,     0.08125339235,                 0,       75.12166084
          0,           0,         262,      -11.80107794,      -12.66507013,      -12.30283596,      -11.25114026,             0.448,    0.001081567316,     0.08124913317,                 0,                 0,                 0,    -0.03312477243,  -0.0006911305666,     0.08125339234,                 0,       75.12166089
          0,           0,         263,      -11.81392307,      -12.68030221,      -12.31568983,      -11.26399779,             0.448,    0.001081567316,     0.08124913315,                 0,                 0,                 0,    -0.03312477243,  -0.0006911305671,     0.08125339233,                 0,       75.12166093
          0,           0,         264,      -11.82677979,      -12.69550779,      -12.32871449,      -11.27686479,             0.448,    0.001081567315,     0.08124913314,                 0,                 0,                 0,    -0.03312477244,  -0.0006911305675,     0.08125339231,                 0,       75.12166097
          0,           0,         265,      -11.83964994,      -12.71059708,      -12.34190506,      -11.28974349,             0.448,    0.001081567314,     0.08124913313,                 0,                 0,                 0,    -0.03312477244,  -0.0006911305679,      0.0812533923,                 0,         75.121661
          0,           0,         266,       -11.8525342,        -12.725483,      -12.35525723,      -11.30263437,             0.448,    0.001081567314,     0.08124913312,                 0,                 0,                 0,    -0.03312477244,  -0.0006911305683,     0.08125339229,                 0,       75.12166104
          0,           0,         267,       -11.8654321,      -12.74009393,      -12.36876408,      -11.31553694,             0.448,    0.001081567313,      0.0812491331,                 0,                 0,                 0,    -0.03312477244,  -0.0006911305686,     0.08125339228,                 0,       75.12166106
          0,           0,         268,      -11.87834203,      -12.75436823,      -12.38241697,      -11.32844953,             0.448,    0.001081567312,     0.08124913309,                 0,                 0,                 0,    -0.03312477244,  -0.0006911305688,     0.08125339226,                 0,       75.12166109
          0,           0,         269,      -11.89126203,      -12.76822736,      -12.39620681,       -11.3413703,             0.448,    0.001081567312,     0.08124913308,                 0,                 0,                 0,    -0.03312477244,   -0.000691130569,     0.08125339225,                 0,       75.12166111
          0,           0,         270,      -11.90418922,      -12.78161659,      -12.41012365,      -11.35429622,             0.448,    0.001081567312,     0.08124913307,                 0,                 0,                 0,    -0.03312477244,  -0.0006911305692,     0.08125339224,                 0,       75.12166113
          0,           0,         271,      -11.91712023,      -12.79450411,      -12.42415744,      -11.36722364,             0.448,    0.001081567311,     0.08124913306,                 0,                 0,                 0,    -0.03312477244,  -0.0006911305693,     0.08125339223,                 0,       75.12166114
          0,           0,         272,      -11.93005173,      -12.80687879,      -12.43829737,      -11.38014934,             0.448,    0.001081567311,     0.08124913304,                 0,                 0,                 0,    -0.03312477245,  -0.0006911305694,     0.08125339222,                 0,       75.12166115
          0,           0,         273,      -11.94297957,      -12.81873671,      -12.45253263,      -11.39306928,             0.448,    0.001081567311,     0.08124913303,                 0,                 0,                 0,    -0.03312477245,  -0.0006911305694,     0.08125339221,                 0,       75.12166116
          0,           0,         274,      -11.95590147,      -12.83009374,       -12.4668523,      -11.40598051,             0.448,     0.00108156731,     0.08124913302,                 0,                 0,                 0,    -0.03312477245,  -0.0006911305694,     0.08125339219,                 0,       75.12166117
          0,           0,         275,      -11.96881377,      -12.84099061,      -12.48124656,      -11.41887963,             0.448,     0.00108156731,     0.08124913301,                 0,                 0,                 0,    -0.03312477245,  -0.0006911305694,     0.08125339218,                 0,       75.12166118
          0,           0,         276,      -11.98171361,      -12.85151898,      -12.49570426,      -11.43176364,             0.448,     0.00108156731,       0.081249133,                 0,                 0,                 0,    -0.03312477245,  -0.0006911305693,     0.08125339217,                 0,       75.12166118
          0,           0,         277,      -11.99459999,      -12.86171365,      -12.51021526,      -11.44463149,             0.448,     0.00108156731,     0.08124913299,                 0,                 0,                 0,    -0.03312477245,  -0.0006911305692,     0.08125339216,                 0,       75.12166118
          0,           0,         278,      -12.00747141,      -12.87166764,      -12.52476881,       -11.4574815,             0.448,     0.00108156731,     0.08124913298,                 0,                 0,                 0,    -0.03312477245,  -0.0006911305691,     0.08125339215,                 0,       75.12166118
          0,           0,         279,      -12.02032784,      -12.88147706,      -12.53935562,       -11.4703138,             0.448,     0.00108156731,     0.08124913297,                 0,                 0,                 0,    -0.03312477245,   -0.000691130569,     0.08125339214,                 0,       75.12166117
          0,           0,         280,      -12.03316919,       -12.8912385,       -12.5539643,      -11.48312828,             0.448,     0.00108156731,     0.08124913296,                 0,                 0,                 0,    -0.03312477245,  -0.0006911305689,     0.08125339213,                 0,       75.12166117
          0,           0,         281,      -12.04599724,      -12.90104238,      -12.56858299,      -11.49592691,             0.448,    0.001081567309,     0.08124913295,                 0,                 0,                 0,    -0.03312477245,  -0.0006911305687,     0.08125339212,                 0,       75.12166116
          0,           0,         282,      -12.05881379,       -12.9109683,      -12.58320283,      -11.50871158,             0.448,    0.001081567309,     0.08124913294,                 0,                 0,                 0,    -0.03312477245,  -0.0006911305685,     0.08125339211,                 0,       75.12166116
          0,           0,         283,      -12.07162181,      -12.92111183,      -12.59780837,      -11.52148547,             0.448,    0.001081567309,     0.08124913293,                 0,                 0,                 0,    -0.03312477245,  -0.0006911305683,      0.0812533921,                 0,       75.12166115
          0,           0,         284,      -12.08442433,      -12.93153166,      -12.61239049,      -11.53425205,             0.448,    0.001081567309,     0.08124913292,                 0,                 0,                 0,    -0.03312477245,  -0.0006911305681,     0.08125339209,                 0,       75.12166114
          0,           0,         285,        -12.097225,      -12.94231121,      -12.62693131,      -11.54701529,             0.448,    0.001081567309,     0.08124913291,                 0,                 0,                 0,    -0.03312477246,  -0.0006911305679,     0.08125339208,                 0,       75.12166113
          0,           0,         286,      -12.11002735,      -12.95350571,      -12.64141865,      -11.55977953,             0.448,    0.001081567309,      0.0812491329,                 0,                 0,                 0,    -0.03312477246,  -0.0006911305676,     0.08125339207,                 0,       75.12166112
          0,           0,         287,      -12.12283525,      -12.96516034,      -12.65583852,      -11.57254854,             0.448,    0.001081567309,     0.08124913289,                 0,                 0,                 0,    -0.03312477246,  -0.0006911305674,     0.08125339206,                 0,       75.12166111
          0,           0,         288,      -12.13565254,      -12.97730335,       -12.6701722,      -11.58532723,             0.448,    0.001081567309,     0.08124913288,                 0,                 0,                 0,    -0.03312477246,  -0.0006911305672,     0.08125339205,                 0,        75.1216611
          0,           0,         289,      -12.14848255,      -12.98996885,      -12.68440236,      -11.59811983,             0.448,     0.00108156731,     0.08124913287,                 0,                 0,                 0,    -0.03312477246,  -0.0006911305669,     0.08125339204,                 0,       75.12166109
          0,           0,         290,      -12.16132779,      -13.00315828,       -12.6985132,      -11.61092903,             0.448,     0.00108156731,     0.08124913286,                 0,                 0,                 0,    -0.03312477246,  -0.0006911305667,     0.08125339203,                 0,       75.12166108
          0,           0,         291,      -12.17419057,      -13.01689592,      -12.71248298,      -11.62375872,             0.448,     0.00108156731,     0.08124913285,                 0,                 0,                 0,    -0.03312477246,  -0.0006911305664,     0.08125339202,                 0,       75.12166106
          0,           0,         292,      -12.18707242,      -13.03115959,        -12.726299,      -11.63661013,             0.448,     0.00108156731,     0.08124913284,                 0,                 0,                 0,    -0.03312477247,  -0.0006911305662,     0.08125339201,                 0,       75.12166105
          0,           0,         293,      -12.19997328,      -13.04593634,      -12.73994262,      -11.64948456,             0.448,     0.00108156731,     0.08124913283,                 0,                 0,                 0,    -0.03312477247,  -0.0006911305659,       0.081253392,                 0,       75.12166104
          0,           0,         294,      -12.21289254,      -13.06118995,       -12.7533989,      -11.66238224,             0.448,     0.00108156731,     0.08124913282,                 0,                 0,                 0,    -0.03312477247,  -0.0006911305656,     0.08125339199,                 0,       75.12166103
          0,           0,         295,      -12.22582872,      -13.07690787,      -12.76665252,      -11.67530269,             0.448,     0.00108156731,     0.08124913281,                 0,                 0,                 0,    -0.03312477247,  -0.0006911305654,     0.08125339198,                 0,       75.12166102
          0,           0,         296,      -12.23877864,      -13.09299682,      -12.77968787,      -11.68824289,             0.448,     0.00108156731,      0.0812491328,                 0,                 0,                 0,    -0.03312477247,  -0.0006911305651,     0.08125339197,                 0,         75.121661
          0,           0,         297,      -12.25173817,      -13.10944754,        -12.792502,      -11.70119953,             0.448,     0.00108156731,     0.08124913279,                 0,                 0,                 0,    -0.03312477247,  -0.0006911305649,     0.08125339196,                 0,       75.12166099
          0,           0,         298,      -12.26470317,      -13.12616324,      -12.80508633,      -11.71416947,             0.448,     0.00108156731,     0.08124913278,                 0,                 0,                 0,    -0.03312477248,  -0.0006911305646,     0.08125339195,                 0,       75.12166098
          0,           0,         299,      -12.27766744,      -13.14306405,      -12.81743764,      -11.72714623,             0.448,     0.00108156731,     0.08124913277,                 0,                 0,                 0,    -0.03312477248,  -0.0006911305644,     0.08125339194,                 0,       75.12166097
          0,           0,         300,      -12.29062341,      -13.16012034,      -12.82955423,      -11.74012333,             0.448,     0.00108156731,     0.08124913276,                 0,                 0,                 0,    -0.03312477248,  -0.0006911305641,     0.08125339193,                 0,       75.12166096
          0,           0,         301,      -12.30356453,      -13.17716905,      -12.84144272,      -11.75309405,             0.448,     0.00108156731,     0.08124913275,                 0,                 0,                 0,    -0.03312477248,  -0.0006911305639,     0.08125339192,                 0,       75.12166095
          0,           0,         302,      -12.31648197,      -13.19418475,      -12.85311078,      -11.76604991,             0.448,     0.00108156731,     0.08124913274,                 0,                 0,                 0,    -0.03312477249,  -0.0006911305636,     0.08125339191,                 0,       75.12166094
          0,           0,         303,      -12.32936866,       -13.2110138,      -12.86457453,      -11.77898324,             0.448,     0.00108156731,     0.08124913273,                 0,                 0,                 0,    -0.03312477249,  -0.0006911305634,      0.0812533919,                 0,       75.12166093
          0,           0,         304,      -12.34221485,      -13.22763504,      -12.87584525,      -11.79188475,             0.448,     0.00108156731,     0.08124913272,                 0,                 0,                 0,    -0.03312477249,  -0.0006911305632,     0.08125339189,                 0,       75.12166091
          0,           0,         305,      -12.35501234,      -13.24394135,       -12.8869447,      -11.80474503,             0.448,     0.00108156731,     0.08124913271,                 0,                 0,                 0,    -0.03312477249,  -0.0006911305629,     0.08125339188,                 0,        75.1216609
          0,           0,         306,      -12.36775436,      -13.25982164,      -12.89789502,      -11.81755769,             0.448,     0.00108156731,      0.0812491327,                 0,                 0,                 0,    -0.03312477249,  -0.0006911305627,     0.08125339187,                 0,       75.12166089
          0,           0,         307,      -12.38043254,      -13.27521144,      -12.90872339,      -11.83031291,             0.448,     0.00108156731,     0.08124913269,                 0,                 0,                 0,     -0.0331247725,  -0.0006911305625,     0.08125339187,                 0,       75.12166088
          0,           0,         308,      -12.39303914,      -13.29015821,      -12.91945422,      -11.84300092,             0.448,     0.00108156731,     0.08124913268,                 0,                 0,                 0,     -0.0331247725,  -0.0006911305623,     0.08125339186,                 0,       75.12166087
          0,           0,         309,      -12.40557143,      -13.30448069,      -12.93011915,      -11.85561946,             0.448,     0.00108156731,     0.08124913267,                 0,                 0,                 0,     -0.0331247725,   -0.000691130562,     0.08125339185,                 0,       75.12166087
          0,           0,         310,      -12.41802189,        -13.318316,      -12.94074146,      -11.86815939,             0.448,     0.00108156731,     0.08124913266,                 0,                 0,                 0,     -0.0331247725,  -0.0006911305618,     0.08125339184,                 0,       75.12166086
          0,           0,         311,      -12.43038752,      -13.33159075,        -12.951347,      -11.88061685,             0.448,     0.00108156731,     0.08124913265,                 0,                 0,                 0,     -0.0331247725,  -0.0006911305616,     0.08125339183,                 0,       75.12166085
          0,           0,         312,      -12.44266728,      -13.34425412,      -12.96198162,      -11.89298834,             0.448,     0.00108156731,     0.08124913265,                 0,                 0,                 0,     -0.0331247725,  -0.0006911305614,     0.08125339182,                 0,       75.12166084
          0,           0,         313,      -12.45486115,      -13.35645098,      -12.97265144,      -11.90527206,             0.448,     0.00108156731,     0.08124913264,                 0,                 0,                 0,    -0.03312477251,  -0.0006911305612,     0.08125339181,                 0,       75.12166083
          0,           0,         314,      -12.46696727,      -13.36823899,      -12.98339768,      -11.91746567,             0.448,     0.00108156731,     0.08124913263,                 0,                 0,                 0,    -0.03312477251,   -0.000691130561,      0.0812533918,                 0,       75.12166082
          0,           0,         315,      -12.47898958,       -13.3795483,      -12.99423078,      -11.92957201,             0.448,     0.00108156731,     0.08124913262,                 0,                 0,                 0,    -0.03312477251,  -0.0006911305608,     0.08125339179,                 0,       75.12166081
          0,           0,         316,      -12.49093262,       -13.3904158,      -13.00519035,      -11.94159323,             0.448,     0.00108156731,     0.08124913261,                 0,                 0,                 0,    -0.03312477251,  -0.0006911305606,     0.08125339178,                 0,        75.1216608
          0,           0,         317,      -12.50279922,      -13.40104351,      -13.01627868,      -11.95353078,             0.448,     0.00108156731,      0.0812491326,                 0,                 0,                 0,    -0.03312477251,  -0.0006911305604,     0.08125339178,                 0,       75.12166079
          0,           0,         318,      -12.51459551,      -13.41148713,      -13.02751963,      -11.96539094,             0.448,     0.00108156731,      0.0812491326,                 0,                 0,                 0,    -0.03312477251,  -0.0006911305602,     0.08125339177,                 0,       75.12166078
          0,           0,         319,      -12.52632838,      -13.42169004,      -13.03892269,       -11.9771784,             0.448,     0.00108156731,     0.08124913259,                 0,                 0,                 0,    -0.03312477251,    -0.00069113056,     0.08125339176,                 0,       75.12166078
          0,           0,         320,      -12.53800613,      -13.43173377,      -13.05049896,      -11.98890103,             0.448,     0.00108156731,     0.08124913258,                 0,                 0,                 0,    -0.03312477251,  -0.0006911305599,     0.08125339176,                 0,       75.12166077
          0,           0,         321,        -12.549636,      -13.44183581,      -13.06224692,      -12.00056529,             0.448,     0.00108156731,     0.08124913258,                 0,                 0,                 0,    -0.03312477251,  -0.0006911305597,     0.08125339175,                 0,       75.12166076
          0,           0,         322,       -12.5612287,      -13.45172279,      -13.07419354,      -12.01218135,             0.448,     0.00108156731,     0.08124913257,                 0,                 0,                 0,    -0.03312477252,  -0.0006911305595,     0.08125339174,                 0,       75.12166075
          0,           0,         323,      -12.57279319,      -13.46163697,      -13.08632424,       -12.0237585,             0.448,     0.00108156731,     0.08124913256,                 0,                 0,                 0,    -0.03312477252,  -0.0006911305594,     0.08125339174,                 0,       75.12166074
          0,           0,         324,      -12.58433441,      -13.47167387,      -13.09862465,      -12.03530072,             0.448,     0.00108156731,     0.08124913256,                 0,                 0,                 0,    -0.03312477252,  -0.0006911305592,     0.08125339173,                 0,       75.12166074
          0,           0,         325,      -12.59586671,      -13.48166668,      -13.11111161,      -12.04682308,             0.448,     0.00108156731,     0.08124913255,                 0,                 0,                 0,    -0.03312477252,  -0.0006911305591,     0.08125339173,                 0,       75.12166073
          0,           0,         326,      -12.60739839,      -13.49171121,      -13.12377148,      -12.05833378,             0.448,    0.001081567311,     0.08124913255,                 0,                 0,                 0,    -0.03312477252,  -0.0006911305589,     0.08125339172,                 0,       75.12166072
          0,           0,         327,      -12.61893506,      -13.50187815,      -13.13658978,      -12.06983895,             0.448,    0.001081567311,     0.08124913254,                 0,                 0,                 0,    -0.03312477252,  -0.0006911305588,     0.08125339172,                 0,       75.12166071
          0,           0,         328,      -12.63049072,       -13.5119003,      -13.14957028,      -12.08135445,             0.448,    0.001081567311,     0.08124913254,                 0,                 0,                 0,    -0.03312477252,  -0.0006911305586,     0.08125339171,                 0,       75.12166071
          0,           0,         329,      -12.64206822,      -13.52224517,       -13.1626726,      -12.09288194,             0.448,    0.001081567311,     0.08124913253,                 0,                 0,                 0,    -0.03312477252,  -0.0006911305585,     0.08125339171,                 0,        75.1216607
          0,           0,         330,      -12.65368135,      -13.53246316,      -13.17590512,      -12.10443745,             0.448,    0.001081567311,     0.08124913253,                 0,                 0,                 0,    -0.03312477252,  -0.0006911305584,      0.0812533917,                 0,       75.12166069
          0,           0,         331,      -12.66533093,      -13.54287546,      -13.18925362,      -12.11602399,             0.448,    0.001081567311,     0.08124913253,                 0,                 0,                 0,    -0.03312477252,  -0.0006911305582,      0.0812533917,                 0,       75.12166069
          0,           0,         332,      -12.67702861,      -13.55322324,      -13.20269661,      -12.12765146,             0.448,    0.001081567311,     0.08124913253,                 0,                 0,                 0,    -0.03312477252,  -0.0006911305581,      0.0812533917,                 0,       75.12166068
          0,           0,         333,      -12.68877642,       -13.5636965,      -13.21621632,      -12.13932564,             0.448,    0.001081567311,     0.08124913252,                 0,                 0,                 0,    -0.03312477252,   -0.000691130558,      0.0812533917,                 0,       75.12166067
          0,           0,         334,      -12.70058217,      -13.57422886,       -13.2297893,       -12.1510537,             0.448,    0.001081567311,     0.08124913252,                 0,                 0,                 0,    -0.03312477252,  -0.0006911305579,     0.08125339169,                 0,       75.12166067
          0,           0,         335,      -12.71245301,      -13.58484456,      -13.24341779,      -12.16284502,             0.448,    0.001081567311,     0.08124913252,                 0,                 0,                 0,    -0.03312477252,  -0.0006911305578,     0.08125339169,                 0,       75.12166066
          0,           0,         336,      -12.72438983,      -13.59546079,      -13.25707341,      -12.17470118,             0.448,    0.001081567311,     0.08124913252,                 0,                 0,                 0,    -0.03312477251,  -0.0006911305577,     0.08125339169,                 0,       75.12166066
          0,           0,         337,      -12.73639676,      -13.60614338,      -13.27074633,      -12.18662926,             0.448,    0.001081567311,     0.08124913252,                 0,                 0,                 0,    -0.03312477251,  -0.0006911305576,     0.08125339169,                 0,       75.12166065
          0,           0,         338,      -12.74847594,      -13.61688507,      -13.28441562,      -12.19863072,             0.448,    0.001081567311,     0.08124913251,                 0,                 0,                 0,    -0.03312477251,  -0.0006911305575,     0.08125339169,                 0,       75.12166064
          0,           0,         339,      -12.76063202,      -13.62780322,        -13.298075,      -12.21071025,             0.448,    0.001081567311,     0.08124913251,                 0,                 0,                 0,    -0.03312477251,  -0.0006911305574,     0.08125339169,                 0,       75.12166064
          0,           0,         340,      -12.77286742,      -13.63881945,      -13.31170899,      -12.22287346,             0.448,    0.001081567311,     0.08124913251,                 0,                 0,                 0,    -0.03312477251,  -0.0006911305574,     0.08125339169,                 0,       75.12166064
          0,           0,         341,      -12.78517965,      -13.64993203,      -13.32529947,      -12.23511822,             0.448,    0.001081567311,     0.08124913251,                 0,                 0,                 0,    -0.03312477251,  -0.0006911305573,     0.08125339169,                 0,       75.12166063
          0,           0,         342,      -12.79757228,      -13.66108007,      -13.33884053,      -12.24744851,             0.448,    0.001081567311,     0.08124913251,                 0,                 0,                 0,    -0.03312477251,  -0.0006911305572,     0.08125339169,                 0,       75.12166063
          0,           0,         343,      -12.81004536,      -13.67268348,      -13.35232593,      -12.25986595,             0.448,    0.001081567311,     0.08124913251,                 0,                 0,                 0,    -0.03312477251,  -0.0006911305572,     0.08125339169,                 0,       75.12166062
          0,           0,         344,      -12.82259836,      -13.68425826,      -13.36574703,       -12.2723702,             0.448,    0.001081567312,     0.08124913251,                 0,                 0,                 0,    -0.03312477251,  -0.0006911305571,     0.08125339169,                 0,       75.12166062
          0,           0,         345,      -12.83522837,      -13.69609107,      -13.37909297,      -12.28495826,             0.448,    0.001081567312,     0.08124913251,                 0,                 0,                 0,    -0.03312477251,  -0.0006911305571,     0.08125339169,                 0,       75.12166062
          0,           0,         346,      -12.84793589,      -13.70821433,      -13.39235992,      -12.29763378,             0.448,    0.001081567312,     0.08124913251,                 0,                 0,                 0,    -0.03312477251,  -0.0006911305571,     0.08125339169,                 0,       75.12166061
          0,           0,         347,      -12.86071716,      -13.72069314,      -13.40554549,      -12.31038927,             0.448,    0.001081567312,     0.08124913251,                 0,                 0,                 0,    -0.03312477251,   -0.000691130557,     0.08125339169,                 0,       75.12166061
          0,           0,         348,      -12.87357166,      -13.73343752,       -13.4186364,      -12.32322794,             0.448,    0.001081567312,     0.08124913252,                 0,                 0,                 0,    -0.03312477251,   -0.000691130557,     0.08125339169,                 0,       75.12166061
          0,           0,         349,      -12.88649303,      -13.74632602,      -13.43163116,      -12.33613981,             0.448,    0.001081567312,     0.08124913252,                 0,                 0,                 0,    -0.03312477251,   -0.000691130557,     0.08125339169,                 0,       75.12166061
          0,           0,         350,      -12.89947642,      -13.75961801,       -13.4445415,      -12.34912338,             0.448,    0.001081567312,     0.08124913252,                 0,                 0,                 0,    -0.03312477251,   -0.000691130557,     0.08125339169,                 0,        75.1216606
          0,           0,         351,      -12.91251749,      -13.77317549,      -13.45733634,      -12.36217364,             0.448,    0.001081567312,     0.08124913252,                 0,                 0,                 0,    -0.03312477251,  -0.0006911305569,     0.08125339169,                 0,        75.1216606
          0,           0,         352,      -12.92561059,      -13.78702318,      -13.47004147,      -12.37528575,             0.448,    0.001081567312,     0.08124913252,                 0,                 0,                 0,    -0.03312477251,  -0.0006911305569,     0.08125339169,                 0,        75.1216606
          0,           0,         353,      -12.93874752,      -13.80122243,       -13.4826322,      -12.38844848,             0.448,    0.001081567312,     0.08124913252,                 0,                 0,                 0,     -0.0331247725,  -0.0006911305569,     0.08125339169,                 0,        75.1216606
          0,           0,         354,      -12.95192495,      -13.81578134,      -13.49512454,      -12.40165878,             0.448,    0.001081567312,     0.08124913252,                 0,                 0,                 0,     -0.0331247725,  -0.0006911305569,      0.0812533917,                 0,        75.1216606
          0,           0,         355,      -12.96513099,      -13.83060629,      -13.50750646,      -12.41490528,             0.448,    0.001081567312,     0.08124913252,                 0,                 0,                 0,     -0.0331247725,  -0.0006911305569,      0.0812533917,                 0,        75.1216606
          0,           0,         356,      -12.97835575,      -13.84574848,      -13.51977601,      -12.42818015,             0.448,    0.001081567312,     0.08124913253,                 0,                 0,                 0,     -0.0331247725,   -0.000691130557,      0.0812533917,                 0,        75.1216606
          0,           0,         357,      -12.99159146,      -13.86110879,      -13.53194145,       -12.4414683,             0.448,    0.001081567312,     0.08124913253,                 0,                 0,                 0,     -0.0331247725,   -0.000691130557,      0.0812533917,                 0,        75.1216606
          0,           0,         358,      -13.00483022,       -13.8766629,      -13.54398438,      -12.45476783,             0.448,    0.001081567312,     0.08124913253,                 0,                 0,                 0,     -0.0331247725,   -0.000691130557,      0.0812533917,                 0,        75.1216606
