NDIME= 2
NELEM= 10216
5	417	69	311	0
5	302	55	56	1
5	405	159	384	2
5	594	427	450	3
5	315	71	72	4
5	319	4	262	5
5	270	39	40	6
5	327	65	66	7
5	451	259	325	8
5	441	40	41	9
5	358	147	148	10
5	287	12	13	11
5	252	144	145	12
5	254	56	57	13
5	348	96	269	14
5	262	4	5	15
5	647	465	525	16
5	453	308	449	17
5	309	282	15	18
5	560	265	470	19
5	369	185	186	20
5	420	271	27	21
5	432	137	376	22
5	643	471	270	23
5	429	121	354	24
5	282	14	15	25
5	568	446	456	26
5	292	257	31	27
5	617	385	457	28
5	831	694	478	29
5	274	24	25	30
5	470	346	454	31
5	311	69	70	32
5	291	20	278	33
5	286	24	274	34
5	257	30	31	35
5	255	0	1	36
5	996	809	797	37
5	342	79	312	38
5	280	18	19	39
5	543	319	518	40
5	316	42	294	41
5	507	356	439	42
5	543	293	319	43
5	546	298	299	44
5	324	288	9	45
5	749	548	648	46
5	270	251	39	47
5	542	459	257	48
5	258	36	37	49
5	322	18	280	50
5	315	72	290	51
5	555	313	342	52
5	288	8	9	53
5	645	348	465	54
5	323	14	282	55
5	308	62	63	56
5	300	75	76	57
5	335	84	303	58
5	421	60	305	59
5	334	38	251	60
5	749	549	548	61
5	285	53	54	62
5	302	56	254	63
5	751	644	725	64
5	250	82	83	65
5	294	42	43	66
5	301	87	88	67
5	279	80	81	68
5	305	60	61	69
5	531	475	278	70
5	554	448	540	71
5	271	26	27	72
5	284	89	90	73
5	416	111	112	74
5	329	260	33	75
5	475	291	278	76
5	340	0	255	77
5	277	106	107	78
5	420	28	272	79
5	295	52	53	80
5	316	41	42	81
5	333	294	43	82
5	825	476	650	83
5	331	300	76	84
5	762	555	664	85
5	295	53	285	86
5	290	72	73	87
5	337	90	91	88
5	312	79	80	89
5	511	320	336	90
5	1041	890	895	91
5	555	342	464	92
5	946	762	848	93
5	564	314	556	94
5	345	52	295	95
5	335	250	83	96
5	449	63	64	97
5	338	254	57	98
5	842	642	557	99
5	338	57	58	100
5	517	256	293	101
5	259	101	102	102
5	512	281	350	103
5	348	95	96	104
5	441	270	40	105
5	361	177	178	106
5	266	99	100	107
5	510	451	325	108
5	580	353	413	109
5	372	115	116	110
5	367	117	118	111
5	357	151	349	112
5	412	375	127	113
5	639	273	436	114
5	381	157	158	115
5	492	368	430	116
5	377	147	358	117
5	400	173	390	118
5	437	365	182	119
5	406	161	253	120
5	403	253	162	121
5	395	181	365	122
5	397	175	393	123
5	408	157	381	124
5	619	408	381	125
5	401	386	166	126
5	399	388	170	127
5	834	690	450	128
5	585	377	358	129
5	387	163	164	130
5	404	165	386	131
5	353	112	113	132
5	424	321	109	133
5	363	252	145	134
5	363	145	146	135
5	481	429	354	136
5	607	393	484	137
5	1544	685	720	138
5	653	485	490	139
5	275	132	133	140
5	409	382	129	141
5	373	135	136	142
5	614	482	253	143
5	355	143	144	144
5	409	130	383	145
5	380	354	122	146
5	486	435	273	147
5	436	273	140	148
5	411	126	375	149
5	360	186	187	150
5	593	394	488	151
5	850	681	706	152
5	393	175	176	153
5	806	611	604	154
5	398	177	361	155
5	784	587	502	156
5	403	162	163	157
5	402	169	388	158
5	253	161	162	159
5	396	188	359	160
5	388	169	170	161
5	1083	868	726	162
5	390	173	174	163
5	484	393	398	164
5	356	195	196	165
5	380	122	123	166
5	432	373	136	167
5	375	126	127	168
5	412	128	382	169
5	357	150	151	170
5	355	144	252	171
5	364	141	142	172
5	624	483	375	173
5	435	139	273	174
5	482	479	406	175
5	424	110	351	176
5	623	412	382	177
5	595	501	352	178
5	325	259	102	179
5	328	46	296	180
5	269	96	97	181
5	1361	1264	1068	182
5	530	286	462	183
5	550	306	421	184
5	251	38	39	185
5	423	103	104	186
5	350	99	266	187
5	693	451	510	188
5	483	411	375	189
5	352	114	115	190
5	633	478	424	191
5	444	150	357	192
5	427	117	367	193
5	588	395	365	194
5	385	154	261	195
5	655	491	587	196
5	369	186	360	197
5	581	431	485	198
5	386	165	166	199
5	5232	5214	5229	200
5	508	503	443	201
5	5232	5226	5214	202
5	1099	878	1090	203
5	5231	207	5222	204
5	5231	206	207	205
5	5230	5210	5219	206
5	5230	5213	5210	207
5	5229	5199	5213	208
5	5229	5214	5199	209
5	5228	204	205	210
5	5228	5217	204	211
5	5225	5219	5200	212
5	5225	249	5219	213
5	5232	5229	202	214
5	5232	202	203	215
5	5227	247	248	216
5	5227	5196	5212	217
5	5224	5195	5209	218
5	5224	5202	5195	219
5	5223	225	226	220
5	5223	5220	225	221
5	5224	5228	205	222
5	5231	205	206	223
5	5221	5173	5203	224
5	5221	5201	5173	225
5	5220	5211	225	226
5	5220	5181	5211	227
5	5230	200	201	228
5	5230	5229	5213	229
5	5219	5210	5191	230
5	5225	5218	248	231
5	5231	5202	5224	232
5	5231	5222	5202	233
5	5216	227	228	234
5	5216	5208	227	235
5	5215	207	208	236
5	5222	5206	5189	237
5	5232	203	5226	238
5	5230	201	5229	239
5	5214	5205	5174	240
5	5229	201	202	241
5	5212	246	247	242
5	5221	246	5212	243
5	5211	5180	224	244
5	5211	5181	5180	245
5	5210	5152	5191	246
5	5210	5190	5152	247
5	5231	5224	205	248
5	5228	5224	5209	249
5	5223	5208	5185	250
5	5223	226	227	251
5	5207	5180	5166	252
5	5207	223	5180	253
5	5222	5189	5202	254
5	5222	5215	5206	255
5	5226	5205	5214	256
5	5217	5188	5205	257
5	5197	229	230	258
5	5197	5179	229	259
5	5203	5163	5193	260
5	5203	5173	5163	261
5	5215	208	209	262
5	5222	207	5215	263
5	5221	5212	5201	264
5	5221	245	246	265
5	5230	5219	200	266
5	5219	249	200	267
5	5205	5154	5174	268
5	5226	5217	5205	269
5	5198	221	222	270
5	5198	5186	221	271
5	5197	5121	5179	272
5	5197	5088	5121	273
5	5212	5196	5170	274
5	5201	5170	5145	275
5	5195	5140	5169	276
5	5195	5157	5140	277
5	5192	241	5168	278
5	5192	240	241	279
5	5193	5160	243	280
5	5193	5163	5160	281
5	5223	5185	5220	282
5	5211	224	225	283
5	5213	5199	5190	284
5	5225	248	249	285
5	5184	5150	218	286
5	5184	5127	5150	287
5	5183	212	5155	288
5	5183	211	212	289
5	5228	5209	5217	290
5	5209	5169	5188	291
5	5187	241	242	292
5	5187	5160	5139	293
5	5186	220	221	294
5	5186	5151	220	295
5	5220	5185	5161	296
5	5220	5161	5181	297
5	5184	219	5151	298
5	5184	5151	5127	299
5	5183	5155	5125	300
5	5149	210	211	301
5	5190	5113	5152	302
5	5182	5112	5162	303
5	5223	227	5208	304
5	5181	5167	5147	305
5	5180	223	224	306
5	5207	5166	5194	307
5	5216	5179	5177	308
5	5179	5158	5177	309
5	5178	5156	5135	310
5	5178	215	5156	311
5	5177	5158	5130	312
5	5179	228	229	313
5	5191	5129	5143	314
5	5227	5212	247	315
5	5204	5142	5175	316
5	5204	214	5178	317
5	5174	5118	5146	318
5	5174	5154	5118	319
5	5171	5144	238	320
5	5171	5116	5144	321
5	5171	5148	5116	322
5	5172	216	217	323
5	5171	238	239	324
5	5172	217	5150	325
5	5176	5133	5153	326
5	5218	5176	5196	327
5	5202	5189	5157	328
5	5226	204	5217	329
5	5194	5166	5131	330
5	5192	5138	5148	331
5	5167	5134	5122	332
5	5167	5161	5134	333
5	5166	5096	5131	334
5	5166	5147	5096	335
5	5165	5091	5123	336
5	5165	5130	5091	337
5	5198	5194	5164	338
5	5207	222	223	339
5	5201	5145	5173	340
5	5203	5193	244	341
5	5162	5108	5128	342
5	5162	5112	5108	343
5	5181	5147	5180	344
5	5208	5165	5185	345
5	5208	5177	5165	346
5	5216	5177	5208	347
5	5159	5087	5111	348
5	5159	5115	5087	349
5	5158	5105	5130	350
5	5192	5168	5138	351
5	5189	5114	5157	352
5	5206	5128	5189	353
5	5192	5148	240	354
5	5148	239	240	355
5	5155	5090	5125	356
5	5155	5132	5090	357
5	5154	5101	5118	358
5	5154	5119	5101	359
5	5153	5082	5124	360
5	5153	5133	5082	361
5	5191	5152	5129	362
5	5227	248	5218	363
5	5164	5107	5137	364
5	5151	219	220	365
5	5184	218	219	366
5	5150	217	218	367
5	5217	5209	5188	368
5	5182	5162	209	369
5	5178	214	215	370
5	5148	5138	5086	371
5	5207	5194	222	372
5	5147	5122	5096	373
5	5199	5174	5146	374
5	5219	5191	5200	375
5	5145	5098	5126	376
5	5145	5124	5098	377
5	5144	237	238	378
5	5144	5115	237	379
5	5152	5076	5129	380
5	5200	5191	5143	381
5	5175	5155	212	382
5	5183	5149	211	383
5	5141	5094	5061	384
5	5141	5121	5094	385
5	5215	5162	5206	386
5	5214	5174	5199	387
5	5139	5102	5100	388
5	5139	5120	5102	389
5	5187	242	243	390
5	5194	5131	5164	391
5	5198	5164	5186	392
5	5186	5164	5137	393
5	5197	5136	5088	394
5	5197	230	5136	395
5	5135	5047	5093	396
5	5135	5092	5047	397
5	5167	5122	5147	398
5	438	198	199	399
5	5161	5106	5134	400
5	1036	844	843	401
5	307	86	87	402
5	661	506	199	403
5	5189	5128	5114	404
5	508	443	356	405
5	5112	5074	5108	406
5	685	657	503	407
5	5156	5092	5135	408
5	508	356	507	409
5	5204	5178	5142	410
5	659	438	506	411
5	5161	5123	5106	412
5	439	356	196	413
5	5187	5139	5168	414
5	443	195	356	415
5	5177	5130	5165	416
5	485	431	433	417
5	5185	5123	5161	418
5	660	517	543	419
5	5129	5071	5081	420
5	385	153	154	421
5	5129	5076	5071	422
5	661	199	515	423
5	5190	5146	5113	424
5	5188	5169	5119	425
5	5186	5137	5151	426
5	354	121	122	427
5	5182	210	5149	428
5	416	351	111	429
5	5170	5124	5145	430
5	1230	1086	1051	431
5	5203	244	245	432
5	410	132	275	433
5	5183	5125	5149	434
5	415	108	321	435
5	5182	5149	5112	436
5	347	101	259	437
5	5124	5045	5098	438
5	318	89	284	439
5	5124	5082	5045	440
5	425	106	277	441
5	5187	5168	241	442
5	578	347	452	443
5	5180	5147	5166	444
5	325	102	103	445
5	5134	5097	5109	446
5	473	464	312	447
5	5134	5109	5122	448
5	769	737	516	449
5	5179	5121	5158	450
5	5158	5121	5141	451
5	5160	5120	5139	452
5	347	100	101	453
5	5168	5100	5138	454
5	445	95	348	455
5	5140	5103	5056	456
5	671	579	645	457
5	5205	5188	5154	458
5	303	84	85	459
5	5146	5118	5089	460
5	445	336	94	461
5	5146	5089	5113	462
5	721	509	477	463
5	5117	5077	5046	464
5	320	92	93	465
5	5117	234	5077	466
5	335	83	84	467
5	5116	5086	5064	468
5	447	82	250	469
5	5138	5100	5070	470
5	764	754	540	471
5	5159	236	237	472
5	339	71	315	473
5	5159	237	5115	474
5	306	58	59	475
5	5169	5140	5085	476
5	5140	5056	5085	477
5	5113	5052	5076	478
5	292	31	32	479
5	5113	5089	5052	480
5	419	12	287	481
5	5159	5111	236	482
5	288	268	8	483
5	5111	235	236	484
5	293	2	3	485
5	5128	5084	5114	486
5	293	256	2	487
5	5111	5087	5057	488
5	1394	1257	1239	489
5	5110	5048	5092	490
5	340	199	0	491
5	5110	5079	5048	492
5	1218	517	853	493
5	5109	5049	5038	494
5	729	460	521	495
5	5109	5097	5049	496
5	746	543	518	497
5	5149	5099	5112	498
5	5209	5195	5169	499
5	5107	5020	5063	500
5	5107	5068	5020	501
5	312	80	279	502
5	762	562	555	503
5	460	263	267	504
5	670	470	454	505
5	273	139	140	506
5	641	588	365	507
5	384	159	160	508
5	261	154	155	509
5	304	55	302	510
5	573	332	466	511
5	742	537	741	512
5	1505	888	1371	513
5	256	255	1	514
5	256	1	2	515
5	330	30	257	516
5	472	345	295	517
5	346	36	258	518
5	260	32	33	519
5	511	456	320	520
5	452	259	451	521
5	329	34	265	522
5	292	32	260	523
5	813	617	667	524
5	349	151	152	525
5	521	460	267	526
5	726	515	340	527
5	263	262	5	528
5	263	5	6	529
5	264	261	155	530
5	264	155	156	531
5	329	33	34	532
5	265	34	35	533
5	510	325	423	534
5	514	284	467	535
5	267	263	6	536
5	267	6	7	537
5	268	267	7	538
5	268	7	8	539
5	452	347	259	540
5	509	418	425	541
5	476	330	459	542
5	422	296	47	543
5	326	26	271	544
5	317	22	276	545
5	420	27	28	546
5	272	28	29	547
5	480	400	390	548
5	374	275	133	549
5	570	474	254	550
5	276	22	23	551
5	590	519	252	552
5	374	133	134	553
5	575	343	308	554
5	278	20	21	555
5	415	107	108	556
5	625	321	478	557
5	565	557	294	558
5	557	316	294	559
5	466	332	417	560
5	563	540	300	561
5	642	441	316	562
5	471	251	270	563
5	281	269	97	564
5	281	97	98	565
5	309	16	283	566
5	470	265	346	567
5	309	15	16	568
5	283	16	17	569
5	307	87	301	570
5	675	568	456	571
5	333	43	44	572
5	314	44	45	573
5	286	276	23	574
5	286	23	24	575
5	528	462	274	576
5	533	455	280	577
5	324	10	289	578
5	535	323	282	579
5	324	9	10	580
5	289	10	11	581
5	498	466	417	582
5	310	290	73	583
5	291	280	19	584
5	291	19	20	585
5	938	928	741	586
5	537	468	287	587
5	534	283	322	588
5	521	267	268	589
5	514	318	284	590
5	297	50	51	591
5	422	47	48	592
5	296	46	47	593
5	644	307	536	594
5	573	341	332	595
5	298	48	49	596
5	299	50	297	597
5	505	315	290	598
5	422	48	298	599
5	299	298	49	600
5	299	49	50	601
5	310	73	74	602
5	448	75	300	603
5	913	671	859	604
5	1110	871	1094	605
5	304	54	55	606
5	304	285	54	607
5	442	86	307	608
5	442	85	86	609
5	576	343	575	610
5	665	534	652	611
5	343	62	308	612
5	344	64	65	613
5	556	314	328	614
5	338	58	306	615
5	442	303	85	616
5	467	284	337	617
5	343	61	62	618
5	343	305	61	619
5	497	334	251	620
5	497	251	471	621
5	701	547	662	622
5	532	447	516	623
5	332	67	68	624
5	449	64	344	625
5	313	77	78	626
5	331	76	77	627
5	469	290	310	628
5	331	77	313	629
5	455	322	280	630
5	333	44	314	631
5	339	70	71	632
5	339	311	70	633
5	524	263	460	634
5	441	41	316	635
5	317	278	21	636
5	317	21	22	637
5	318	301	88	638
5	318	88	89	639
5	319	293	3	640
5	319	3	4	641
5	337	284	90	642
5	446	92	320	643
5	415	277	107	644
5	321	108	109	645
5	322	283	17	646
5	322	17	18	647
5	323	287	13	648
5	323	13	14	649
5	552	283	534	650
5	538	289	419	651
5	423	104	418	652
5	694	625	478	653
5	326	274	25	654
5	326	25	26	655
5	341	67	332	656
5	344	65	327	657
5	328	314	45	658
5	328	45	46	659
5	734	677	462	660
5	459	330	257	661
5	330	272	29	662
5	330	29	30	663
5	562	313	555	664
5	498	417	311	665
5	341	66	67	666
5	341	327	66	667
5	468	419	287	668
5	1362	1084	1218	669
5	334	258	37	670
5	334	37	38	671
5	897	675	861	672
5	540	448	300	673
5	336	320	93	674
5	336	93	94	675
5	547	318	514	676
5	768	567	566	677
5	756	520	651	678
5	461	421	305	679
5	652	534	455	680
5	746	660	543	681
5	753	741	535	682
5	1043	889	916	683
5	550	421	461	684
5	643	270	441	685
5	342	313	78	686
5	342	78	79	687
5	575	308	453	688
5	474	302	254	689
5	556	328	520	690
5	449	308	63	691
5	345	297	51	692
5	345	51	52	693
5	346	265	35	694
5	346	35	36	695
5	692	465	647	696
5	347	266	100	697
5	445	94	95	698
5	725	536	701	699
5	407	153	385	700
5	618	407	617	701
5	350	281	98	702
5	350	98	99	703
5	424	109	110	704
5	351	110	111	705
5	413	114	352	706
5	416	112	353	707
5	478	321	424	708
5	496	371	429	709
5	426	367	118	710
5	372	352	115	711
5	378	143	355	712
5	436	140	141	713
5	807	611	806	714
5	359	188	189	715
5	495	383	410	716
5	591	364	378	717
5	783	584	782	718
5	493	410	275	719
5	489	398	361	720
5	394	185	369	721
5	992	880	704	722
5	365	181	182	723
5	605	391	400	724
5	392	178	179	725
5	362	358	148	726
5	362	148	149	727
5	834	450	635	728
5	799	708	504	729
5	603	387	404	730
5	436	141	364	731
5	366	179	180	732
5	392	361	178	733
5	608	480	390	734
5	392	179	366	735
5	426	119	371	736
5	626	353	580	737
5	368	359	189	738
5	368	189	190	739
5	370	183	184	740
5	437	182	183	741
5	839	640	593	742
5	437	183	370	743
5	426	118	119	744
5	371	119	120	745
5	501	413	352	746
5	627	351	416	747
5	428	135	373	748
5	599	380	414	749
5	718	598	689	750
5	824	626	823	751
5	379	124	125	752
5	414	124	379	753
5	432	136	137	754
5	376	137	138	755
5	377	363	146	756
5	377	146	147	757
5	378	364	142	758
5	378	142	143	759
5	600	481	354	760
5	686	583	487	761
5	816	620	619	762
5	689	598	483	763
5	408	156	157	764
5	408	264	156	765
5	412	127	128	766
5	382	128	129	767
5	409	129	130	768
5	383	130	131	769
5	405	158	159	770
5	405	381	158	771
5	407	152	153	772
5	407	349	152	773
5	604	389	402	774
5	640	370	593	775
5	609	391	605	776
5	403	163	387	777
5	389	167	168	778
5	401	166	167	779
5	604	402	601	780
5	401	167	389	781
5	391	171	172	782
5	399	170	171	783
5	479	384	406	784
5	399	171	391	785
5	606	504	392	786
5	593	370	394	787
5	397	174	175	788
5	397	390	174	789
5	394	370	184	790
5	394	184	185	791
5	395	366	180	792
5	395	180	181	793
5	396	360	187	794
5	396	187	188	795
5	620	523	264	796
5	615	384	479	797
5	398	393	176	798
5	398	176	177	799
5	482	406	253	800
5	614	253	403	801
5	400	391	172	802
5	400	172	173	803
5	605	400	480	804
5	489	484	398	805
5	402	389	168	806
5	402	168	169	807
5	974	788	732	808
5	622	382	409	809
5	404	387	164	810
5	404	164	165	811
5	494	376	435	812
5	621	409	383	813
5	406	384	160	814
5	406	160	161	815
5	638	436	364	816
5	583	362	444	817
5	487	444	357	818
5	583	444	487	819
5	636	376	494	820
5	617	407	385	821
5	410	383	131	822
5	410	131	132	823
5	411	379	125	824
5	411	125	126	825
5	529	428	373	826
5	634	426	371	827
5	413	353	113	828
5	413	113	114	829
5	414	380	123	830
5	414	123	124	831
5	580	413	501	832
5	509	425	477	833
5	496	429	481	834
5	527	378	355	835
5	417	332	68	836
5	417	68	69	837
5	423	325	103	838
5	418	104	105	839
5	419	289	11	840
5	419	11	12	841
5	534	322	455	842
5	533	280	291	843
5	421	306	59	844
5	421	59	60	845
5	574	327	341	846
5	646	449	344	847
5	632	418	509	848
5	861	675	669	849
5	624	375	412	850
5	500	414	379	851
5	425	418	105	852
5	425	105	106	853
5	595	372	594	854
5	690	594	450	855
5	427	372	116	856
5	427	116	117	857
5	428	374	134	858
5	428	134	135	859
5	429	371	120	860
5	429	120	121	861
5	430	368	190	862
5	430	190	191	863
5	431	430	191	864
5	431	191	192	865
5	494	435	486	866
5	639	486	273	867
5	433	431	192	868
5	433	192	193	869
5	434	433	193	870
5	434	193	194	871
5	435	376	138	872
5	435	138	139	873
5	601	402	388	874
5	602	404	386	875
5	867	506	661	876
5	812	616	615	877
5	439	196	197	878
5	440	198	438	879
5	592	395	588	880
5	586	368	492	881
5	440	439	197	882
5	440	197	198	883
5	539	521	268	884
5	541	292	260	885
5	473	312	279	886
5	532	473	279	887
5	443	434	194	888
5	443	194	195	889
5	444	362	149	890
5	444	149	150	891
5	951	767	751	892
5	1051	856	915	893
5	446	337	91	894
5	446	91	92	895
5	447	279	81	896
5	447	81	82	897
5	448	310	74	898
5	448	74	75	899
5	526	295	285	900
5	569	306	550	901
5	450	427	367	902
5	635	450	367	903
5	884	790	690	904
5	791	781	501	905
5	978	793	977	906
5	902	702	717	907
5	646	453	449	908
5	577	344	327	909
5	454	346	258	910
5	497	458	334	911
5	628	272	476	912
5	629	463	271	913
5	456	446	320	914
5	951	751	856	915
5	457	385	261	916
5	523	457	261	917
5	458	454	258	918
5	458	258	334	919
5	476	272	330	920
5	462	286	274	921
5	825	628	476	922
5	736	475	531	923
5	548	302	474	924
5	544	345	472	925
5	528	326	463	926
5	679	524	666	927
5	528	274	326	928
5	463	326	271	929
5	464	342	312	930
5	775	498	572	931
5	465	348	269	932
5	698	512	513	933
5	754	554	540	934
5	737	532	516	935
5	567	250	335	936
5	532	279	447	937
5	539	268	288	938
5	538	419	468	939
5	572	498	311	940
5	505	290	469	941
5	561	541	260	942
5	542	257	292	943
5	843	643	642	944
5	631	520	296	945
5	544	297	345	946
5	520	328	296	947
5	701	536	547	948
5	536	307	301	949
5	548	304	302	950
5	526	472	295	951
5	531	317	522	952
5	533	291	475	953
5	628	420	272	954
5	629	271	420	955
5	477	425	277	956
5	499	477	277	957
5	499	277	415	958
5	698	513	578	959
5	615	405	384	960
5	523	261	264	961
5	610	601	388	962
5	862	707	655	963
5	635	426	634	964
5	634	371	496	965
5	705	479	482	966
5	792	597	687	967
5	598	411	483	968
5	600	354	380	969
5	607	397	393	970
5	608	390	397	971
5	808	797	602	972
5	488	394	369	973
5	596	493	275	974
5	596	275	374	975
5	590	252	363	976
5	519	355	252	977
5	988	802	801	978
5	587	360	396	979
5	798	592	789	980
5	800	607	484	981
5	490	485	433	982
5	490	433	434	983
5	491	488	369	984
5	491	369	360	985
5	502	396	359	986
5	587	491	360	987
5	730	457	523	988
5	495	410	493	989
5	711	529	637	990
5	597	428	529	991
5	835	636	710	992
5	621	383	495	993
5	822	689	483	994
5	635	367	426	995
5	771	570	569	996
5	770	569	550	997
5	571	315	505	998
5	776	466	716	999
5	717	625	694	1000
5	901	852	695	1001
5	821	623	820	1002
5	599	414	500	1003
5	627	416	626	1004
5	626	416	353	1005
5	706	581	654	1006
5	587	396	502	1007
5	503	490	434	1008
5	503	434	443	1009
5	504	489	361	1010
5	504	361	392	1011
5	571	339	315	1012
5	572	311	339	1013
5	506	438	199	1014
5	943	917	743	1015
5	685	503	508	1016
5	910	681	850	1017
5	654	485	653	1018
5	987	801	800	1019
5	663	578	452	1020
5	852	663	695	1021
5	1199	1020	1198	1022
5	724	647	525	1023
5	698	578	663	1024
5	722	632	656	1025
5	859	692	847	1026
5	525	281	512	1027
5	513	512	350	1028
5	513	350	266	1029
5	566	335	303	1030
5	516	447	250	1031
5	1219	658	1080	1032
5	515	199	340	1033
5	1038	845	780	1034
5	551	303	442	1035
5	668	256	517	1036
5	868	661	515	1037
5	543	517	293	1038
5	518	319	262	1039
5	584	362	583	1040
5	527	355	519	1041
5	545	297	544	1042
5	631	296	422	1043
5	740	652	455	1044
5	752	552	665	1045
5	531	278	317	1046
5	522	317	276	1047
5	616	405	615	1048
5	782	584	583	1049
5	524	518	262	1050
5	524	262	263	1051
5	525	465	269	1052
5	525	269	281	1053
5	549	304	548	1054
5	757	556	756	1055
5	839	593	683	1056
5	591	378	527	1057
5	665	552	534	1058
5	742	696	468	1059
5	637	432	636	1060
5	637	373	432	1061
5	530	522	276	1062
5	530	276	286	1063
5	874	700	731	1064
5	747	544	700	1065
5	673	662	514	1066
5	773	505	699	1067
5	829	631	630	1068
5	765	565	564	1069
5	553	535	282	1070
5	537	287	323	1071
5	553	309	552	1072
5	537	323	535	1073
5	567	335	566	1074
5	566	303	551	1075
5	760	560	672	1076
5	744	542	541	1077
5	559	539	288	1078
5	558	289	538	1079
5	559	324	558	1080
5	759	559	758	1081
5	554	310	448	1082
5	554	469	310	1083
5	561	329	560	1084
5	542	292	541	1085
5	674	522	530	1086
5	1017	828	748	1087
5	889	758	728	1088
5	1528	1266	1364	1089
5	545	299	297	1090
5	630	422	298	1091
5	748	546	545	1092
5	546	299	545	1093
5	844	714	471	1094
5	630	298	546	1095
5	547	536	301	1096
5	547	301	318	1097
5	549	285	304	1098
5	549	526	285	1099
5	700	544	472	1100
5	715	678	458	1101
5	569	338	306	1102
5	570	254	338	1103
5	751	551	644	1104
5	567	516	250	1105
5	553	282	309	1106
5	552	309	283	1107
5	745	459	542	1108
5	672	560	470	1109
5	780	577	574	1110
5	776	573	466	1111
5	562	331	313	1112
5	563	300	331	1113
5	763	562	762	1114
5	738	473	532	1115
5	565	333	564	1116
5	642	316	557	1117
5	559	288	324	1118
5	558	324	289	1119
5	679	518	524	1120
5	753	553	752	1121
5	561	260	329	1122
5	560	329	265	1123
5	746	518	679	1124
5	734	528	733	1125
5	953	769	768	1126
5	563	331	562	1127
5	846	453	646	1128
5	699	505	469	1129
5	565	294	333	1130
5	564	333	314	1131
5	777	574	573	1132
5	845	646	577	1133
5	1086	856	1051	1134
5	723	511	579	1135
5	723	579	671	1136
5	669	456	511	1137
5	568	467	337	1138
5	568	337	446	1139
5	761	744	541	1140
5	570	338	569	1141
5	750	549	749	1142
5	1667	1374	1548	1143
5	1136	946	1047	1144
5	572	339	571	1145
5	676	550	461	1146
5	846	649	453	1147
5	773	571	505	1148
5	574	341	573	1149
5	1142	954	953	1150
5	577	327	574	1151
5	576	305	343	1152
5	576	461	305	1153
5	1037	714	844	1154
5	829	651	631	1155
5	1039	846	845	1156
5	646	344	577	1157
5	578	513	266	1158
5	578	266	347	1159
5	579	511	336	1160
5	579	336	445	1161
5	790	594	690	1162
5	633	351	627	1163
5	581	492	430	1164
5	581	430	431	1165
5	582	487	357	1166
5	582	357	349	1167
5	584	358	362	1168
5	589	363	377	1169
5	712	495	493	1170
5	585	358	584	1171
5	688	494	486	1172
5	589	377	585	1173
5	586	502	359	1174
5	586	359	368	1175
5	1092	867	661	1176
5	802	703	480	1177
5	592	366	395	1178
5	606	392	366	1179
5	1030	905	688	1180
5	590	363	589	1181
5	840	641	640	1182
5	1154	968	910	1183
5	803	605	703	1184
5	638	364	591	1185
5	789	592	588	1186
5	606	366	592	1187
5	640	437	370	1188
5	641	365	437	1189
5	595	352	372	1190
5	594	372	427	1191
5	794	500	718	1192
5	796	481	600	1193
5	787	519	590	1194
5	838	688	486	1195
5	597	596	374	1196
5	597	374	428	1197
5	598	500	379	1198
5	598	379	411	1199
5	793	596	792	1200
5	600	380	599	1201
5	821	624	623	1202
5	793	712	493	1203
5	612	602	386	1204
5	613	403	387	1205
5	611	389	604	1206
5	603	404	602	1207
5	683	593	488	1208
5	613	387	603	1209
5	611	401	389	1210
5	612	386	401	1211
5	609	399	391	1212
5	610	388	399	1213
5	681	586	492	1214
5	707	491	655	1215
5	803	609	605	1216
5	608	397	607	1217
5	840	640	839	1218
5	983	798	789	1219
5	708	489	504	1220
5	610	399	609	1221
5	812	615	684	1222
5	684	615	479	1223
5	810	614	613	1224
5	612	401	611	1225
5	1032	840	839	1226
5	801	608	607	1227
5	709	489	708	1228
5	614	403	613	1229
5	788	527	732	1230
5	682	487	582	1231
5	616	381	405	1232
5	620	264	408	1233
5	1026	834	1025	1234
5	619	381	616	1235
5	618	349	407	1236
5	618	582	349	1237
5	686	487	682	1238
5	782	583	686	1239
5	732	527	519	1240
5	620	408	619	1241
5	787	732	519	1242
5	785	589	585	1243
5	687	597	529	1244
5	622	409	621	1245
5	820	623	622	1246
5	623	382	622	1247
5	1001	813	877	1248
5	624	412	623	1249
5	713	496	481	1250
5	702	477	499	1251
5	625	499	415	1252
5	625	415	321	1253
5	781	580	501	1254
5	633	424	351	1255
5	911	702	902	1256
5	721	477	702	1257
5	826	628	825	1258
5	629	420	628	1259
5	827	733	463	1260
5	883	666	729	1261
5	651	520	631	1262
5	631	422	630	1263
5	715	497	714	1264
5	740	455	533	1265
5	632	510	423	1266
5	632	423	418	1267
5	791	595	790	1268
5	831	478	633	1269
5	718	500	598	1270
5	796	713	481	1271
5	831	633	830	1272
5	1007	819	818	1273
5	637	529	373	1274
5	636	432	376	1275
5	813	618	617	1276
5	836	638	591	1277
5	797	603	602	1278
5	639	436	638	1279
5	811	705	482	1280
5	705	684	479	1281
5	903	684	705	1282
5	641	437	640	1283
5	654	581	485	1284
5	817	730	523	1285
5	649	575	453	1286
5	643	441	642	1287
5	778	575	649	1288
5	770	550	676	1289
5	644	551	442	1290
5	644	442	307	1291
5	645	579	445	1292
5	645	445	348	1293
5	950	766	765	1294
5	937	752	855	1295
5	695	452	451	1296
5	1220	1045	1048	1297
5	648	548	474	1298
5	772	648	474	1299
5	778	576	575	1300
5	772	474	570	1301
5	650	476	459	1302
5	745	650	459	1303
5	756	556	520	1304
5	844	471	643	1305
5	735	522	674	1306
5	759	743	539	1307
5	1219	507	658	1308
5	863	685	849	1309
5	1069	983	1031	1310
5	1318	1171	1317	1311
5	719	586	681	1312
5	784	655	587	1313
5	656	632	509	1314
5	721	656	509	1315
5	657	653	490	1316
5	657	490	503	1317
5	658	507	439	1318
5	658	439	440	1319
5	691	438	659	1320
5	691	440	438	1321
5	1063	942	889	1322
5	909	891	678	1323
5	668	255	256	1324
5	868	515	726	1325
5	662	547	514	1326
5	1115	1079	873	1327
5	695	451	693	1328
5	1022	694	831	1329
5	664	555	464	1330
5	738	532	737	1331
5	696	538	468	1332
5	666	524	460	1333
5	728	538	696	1334
5	758	558	728	1335
5	667	617	457	1336
5	730	667	457	1337
5	853	517	660	1338
5	727	255	668	1339
5	673	514	467	1340
5	675	456	669	1341
5	1018	829	828	1342
5	672	470	670	1343
5	723	669	511	1344
5	1012	781	976	1345
5	1086	951	856	1346
5	1040	875	649	1347
5	680	568	675	1348
5	680	467	568	1349
5	735	531	522	1350
5	739	533	475	1351
5	680	673	467	1352
5	915	856	725	1353
5	779	576	778	1354
5	779	676	461	1355
5	677	674	530	1356
5	677	530	462	1357
5	678	670	454	1358
5	678	454	458	1359
5	896	666	883	1360
5	1134	943	1133	1361
5	856	751	725	1362
5	915	701	871	1363
5	719	502	586	1364
5	784	502	719	1365
5	814	618	813	1366
5	814	582	618	1367
5	841	588	641	1368
5	703	605	480	1369
5	993	807	806	1370
5	704	604	601	1371
5	867	659	506	1372
5	720	685	508	1373
5	1028	837	836	1374
5	838	486	639	1375
5	710	494	688	1376
5	711	687	529	1377
5	710	636	494	1378
5	999	903	705	1379
5	818	495	712	1380
5	819	622	621	1381
5	832	496	713	1382
5	1202	1024	1023	1383
5	720	508	507	1384
5	691	658	440	1385
5	692	671	645	1386
5	692	645	465	1387
5	695	663	452	1388
5	1267	1109	914	1389
5	823	580	781	1390
5	830	633	627	1391
5	1107	902	1054	1392
5	901	695	693	1393
5	728	558	538	1394
5	729	666	460	1395
5	697	664	464	1396
5	697	464	473	1397
5	724	512	698	1398
5	724	525	512	1399
5	755	554	754	1400
5	716	466	498	1401
5	747	545	544	1402
5	828	630	546	1403
5	725	644	536	1404
5	738	697	473	1405
5	1198	1020	1013	1406
5	864	693	722	1407
5	805	704	601	1408
5	806	604	704	1409
5	804	609	803	1410
5	1366	1224	1264	1411
5	809	603	797	1412
5	995	808	994	1413
5	706	681	492	1414
5	706	492	581	1415
5	707	683	488	1416
5	707	488	491	1417
5	709	484	489	1418
5	802	480	608	1419
5	995	797	808	1420
5	800	484	709	1421
5	991	805	804	1422
5	993	806	880	1423
5	865	812	684	1424
5	1002	812	865	1425
5	818	621	495	1426
5	820	622	819	1427
5	832	634	496	1428
5	833	635	634	1429
5	715	458	497	1430
5	714	497	471	1431
5	925	739	736	1432
5	921	735	674	1433
5	774	571	773	1434
5	775	716	498	1435
5	717	702	499	1436
5	717	499	625	1437
5	794	599	500	1438
5	795	600	599	1439
5	910	719	681	1440
5	1032	839	879	1441
5	1070	1032	879	1442
5	1068	857	863	1443
5	1021	831	830	1444
5	1026	884	690	1445
5	722	693	510	1446
5	722	510	632	1447
5	1253	1102	1225	1448
5	1258	1059	1082	1449
5	1221	1059	852	1450
5	1057	698	663	1451
5	954	737	769	1452
5	1060	913	859	1453
5	1222	1093	868	1454
5	1061	888	932	1455
5	727	726	340	1456
5	727	340	255	1457
5	893	670	891	1458
5	930	745	744	1459
5	922	735	921	1460
5	1289	1124	1064	1461
5	815	616	812	1462
5	1062	900	905	1463
5	731	700	472	1464
5	731	472	526	1465
5	788	591	527	1466
5	837	639	638	1467
5	734	462	528	1468
5	733	528	463	1469
5	941	757	756	1470
5	1015	826	1014	1471
5	855	752	665	1472
5	736	531	735	1473
5	938	753	937	1474
5	739	475	736	1475
5	767	551	751	1476
5	875	778	649	1477
5	958	872	648	1478
5	960	774	959	1479
5	929	742	928	1480
5	740	533	739	1481
5	1407	1228	1294	1482
5	1810	1652	1504	1483
5	742	468	537	1484
5	741	537	535	1485
5	855	665	854	1486
5	1014	826	825	1487
5	743	729	521	1488
5	743	521	539	1489
5	761	561	760	1490
5	745	542	744	1491
5	1019	651	829	1492
5	935	750	749	1493
5	1139	941	1076	1494
5	1120	854	927	1495
5	931	650	745	1496
5	748	545	747	1497
5	1014	825	869	1498
5	828	546	748	1499
5	750	526	549	1500
5	750	731	526	1501
5	920	885	677	1502
5	927	652	740	1503
5	767	566	551	1504
5	769	516	567	1505
5	753	535	553	1506
5	752	553	552	1507
5	929	916	696	1508
5	1213	1035	1212	1509
5	755	469	554	1510
5	755	699	469	1511
5	948	754	764	1512
5	939	755	754	1513
5	757	564	556	1514
5	766	557	565	1515
5	941	756	851	1516
5	765	564	757	1517
5	759	539	559	1518
5	758	559	558	1519
5	1120	1085	854	1520
5	922	736	735	1521
5	761	541	561	1522
5	760	561	560	1523
5	956	771	770	1524
5	935	749	872	1525
5	763	563	562	1526
5	764	540	563	1527
5	959	774	773	1528
5	764	563	763	1529
5	963	777	776	1530
5	961	775	960	1531
5	891	670	678	1532
5	766	565	765	1533
5	1035	843	842	1534
5	842	557	766	1535
5	915	725	701	1536
5	768	566	767	1537
5	948	939	754	1538
5	769	567	768	1539
5	947	763	946	1540
5	1040	649	846	1541
5	872	749	648	1542
5	771	569	770	1543
5	956	770	955	1544
5	772	570	771	1545
5	965	778	875	1546
5	957	772	771	1547
5	774	572	571	1548
5	775	572	774	1549
5	952	767	951	1550
5	859	671	692	1551
5	871	701	662	1552
5	923	738	737	1553
5	873	664	697	1554
5	777	573	776	1555
5	873	848	664	1556
5	780	574	777	1557
5	779	461	576	1558
5	933	747	700	1559
5	1127	935	1067	1560
5	934	748	747	1561
5	946	763	762	1562
5	845	577	780	1563
5	823	626	580	1564
5	824	627	626	1565
5	783	585	584	1566
5	786	590	589	1567
5	1029	838	837	1568
5	785	585	783	1569
5	986	709	904	1570
5	985	904	708	1571
5	967	782	858	1572
5	786	589	785	1573
5	970	783	967	1574
5	787	590	786	1575
5	900	835	710	1576
5	973	732	787	1577
5	1011	689	822	1578
5	836	591	788	1579
5	798	606	592	1580
5	799	504	606	1581
5	791	501	595	1582
5	790	595	594	1583
5	1008	820	819	1584
5	1020	830	824	1585
5	793	493	596	1586
5	792	596	597	1587
5	1027	836	788	1588
5	906	835	900	1589
5	981	795	980	1590
5	795	599	794	1591
5	1020	824	1013	1592
5	796	600	795	1593
5	975	791	790	1594
5	976	791	975	1595
5	809	613	603	1596
5	811	482	614	1597
5	1081	850	876	1598
5	799	606	798	1599
5	969	862	655	1600
5	1257	1081	1239	1601
5	898	803	703	1602
5	801	607	800	1603
5	904	709	708	1604
5	802	608	801	1605
5	878	707	862	1606
5	998	811	810	1607
5	804	610	609	1608
5	805	601	610	1609
5	880	806	704	1610
5	805	610	804	1611
5	989	898	703	1612
5	1078	857	1068	1613
5	807	612	611	1614
5	808	602	612	1615
5	1209	1029	1208	1616
5	808	612	807	1617
5	1182	1002	1073	1618
5	877	813	667	1619
5	1253	1056	1102	1620
5	810	613	809	1621
5	1004	817	816	1622
5	811	614	810	1623
5	903	865	684	1624
5	1159	972	971	1625
5	815	619	616	1626
5	817	523	620	1627
5	814	682	582	1628
5	971	786	785	1629
5	882	792	687	1630
5	1102	1056	901	1631
5	879	683	878	1632
5	816	619	815	1633
5	1002	815	812	1634
5	817	620	816	1635
5	907	882	687	1636
5	1006	818	712	1637
5	977	793	792	1638
5	819	621	818	1639
5	1025	834	833	1640
5	822	624	821	1641
5	1025	833	1024	1642
5	822	483	624	1643
5	1012	823	781	1644
5	975	790	884	1645
5	979	718	881	1646
5	981	796	795	1647
5	1013	823	1012	1648
5	979	794	718	1649
5	976	781	791	1650
5	830	627	824	1651
5	826	629	628	1652
5	827	463	629	1653
5	1019	829	1018	1654
5	827	629	826	1655
5	869	825	650	1656
5	894	760	672	1657
5	949	757	941	1658
5	829	630	828	1659
5	1037	908	714	1660
5	1145	955	1144	1661
5	1056	852	901	1662
5	911	721	702	1663
5	901	693	864	1664
5	902	717	860	1665
5	982	796	981	1666
5	833	634	832	1667
5	977	792	882	1668
5	834	635	833	1669
5	967	783	782	1670
5	1104	907	906	1671
5	835	711	637	1672
5	835	637	636	1673
5	978	712	793	1674
5	837	638	836	1675
5	1030	688	838	1676
5	838	639	837	1677
5	1003	815	1002	1678
5	878	683	707	1679
5	1367	1092	1265	1680
5	841	641	840	1681
5	984	798	983	1682
5	841	789	588	1683
5	1226	1090	1156	1684
5	876	706	654	1685
5	921	674	885	1686
5	843	642	842	1687
5	931	869	650	1688
5	844	643	843	1689
5	894	672	893	1690
5	909	715	908	1691
5	870	773	699	1692
5	846	646	845	1693
5	961	716	775	1694
5	959	773	870	1695
5	847	692	647	1696
5	914	647	724	1697
5	848	762	664	1698
5	1138	1131	939	1699
5	1044	691	659	1700
5	1686	1371	1519	1701
5	1154	910	1049	1702
5	857	653	657	1703
5	851	756	651	1704
5	1148	872	958	1705
5	1082	724	1058	1706
5	914	847	647	1707
5	1506	863	1042	1708
5	1083	726	727	1709
5	854	665	652	1710
5	927	854	652	1711
5	1101	891	909	1712
5	1260	1100	1228	1713
5	954	923	737	1714
5	1308	1152	1307	1715
5	876	850	706	1716
5	887	653	857	1717
5	858	782	686	1718
5	899	858	686	1719
5	1231	1045	1220	1720
5	1507	1408	1431	1721
5	860	717	694	1722
5	1336	1191	1335	1723
5	1369	1220	1271	1724
5	1598	1554	1440	1725
5	968	719	910	1726
5	1156	862	969	1727
5	863	857	657	1728
5	863	657	685	1729
5	1162	975	884	1730
5	1167	980	1166	1731
5	1005	918	730	1732
5	1278	1105	1104	1733
5	866	864	722	1734
5	866	722	656	1735
5	1406	1093	1222	1736
5	1264	1224	1078	1737
5	1527	1061	932	1738
5	1371	888	1227	1739
5	1016	919	733	1740
5	885	674	677	1741
5	940	755	939	1742
5	962	716	961	1743
5	1140	952	951	1744
5	1094	890	1041	1745
5	1217	875	1040	1746
5	955	770	676	1747
5	924	738	923	1748
5	924	697	738	1749
5	936	750	935	1750
5	933	700	874	1751
5	1150	960	1149	1752
5	958	648	772	1753
5	1171	985	1170	1754
5	1155	968	1154	1755
5	1077	905	1030	1756
5	899	686	682	1757
5	879	839	683	1758
5	1033	840	1032	1759
5	1078	887	857	1760
5	1171	904	985	1761
5	990	803	898	1762
5	996	797	995	1763
5	881	718	689	1764
5	1011	881	689	1765
5	1006	712	978	1766
5	1010	822	821	1767
5	1135	945	944	1768
5	917	883	729	1769
5	980	794	979	1770
5	1024	833	832	1771
5	920	734	919	1772
5	925	736	922	1773
5	1508	720	886	1774
5	886	720	507	1775
5	887	876	654	1776
5	887	654	653	1777
5	932	679	896	1778
5	932	746	679	1779
5	917	729	743	1780
5	942	758	889	1781
5	890	871	662	1782
5	890	662	673	1783
5	893	672	670	1784
5	945	930	744	1785
5	892	861	669	1786
5	892	669	723	1787
5	1113	921	885	1788
5	944	760	894	1789
5	1046	944	894	1790
5	1195	1111	919	1791
5	895	890	673	1792
5	895	673	680	1793
5	932	888	746	1794
5	896	679	666	1795
5	897	895	680	1796
5	897	680	675	1797
5	990	804	803	1798
5	992	704	805	1799
5	1071	1000	1001	1800
5	1206	1027	974	1801
5	906	711	835	1802
5	907	687	711	1803
5	1108	1055	912	1804
5	1221	852	1056	1805
5	912	656	721	1806
5	912	721	911	1807
5	994	807	993	1808
5	1180	996	1179	1809
5	986	800	709	1810
5	989	703	802	1811
5	905	900	710	1812
5	905	710	688	1813
5	1190	881	1011	1814
5	907	711	906	1815
5	1187	1009	1008	1816
5	1165	978	977	1817
5	909	678	715	1818
5	908	715	714	1819
5	1123	1066	931	1820
5	1119	927	926	1821
5	968	784	719	1822
5	969	655	784	1823
5	1335	1163	1313	1824
5	912	866	656	1825
5	1229	1087	1109	1826
5	1205	884	1026	1827
5	913	892	723	1828
5	913	723	671	1829
5	1091	864	866	1830
5	1060	1050	913	1831
5	1269	1140	1086	1832
5	1151	961	1150	1833
5	916	889	728	1834
5	916	728	696	1835
5	943	759	942	1836
5	1228	1100	1134	1837
5	918	877	667	1838
5	918	667	730	1839
5	920	677	734	1840
5	919	734	733	1841
5	1144	964	1095	1842
5	1217	1096	875	1843
5	1146	957	956	1844
5	926	740	739	1845
5	1238	1076	1197	1846
5	1195	919	1016	1847
5	924	873	697	1848
5	1321	1177	1176	1849
5	1153	966	963	1850
5	1290	1128	1247	1851
5	1283	1112	1111	1852
5	926	739	925	1853
5	1121	929	928	1854
5	927	740	926	1855
5	1129	937	1065	1856
5	1085	855	854	1857
5	929	696	742	1858
5	928	742	741	1859
5	1063	889	1043	1860
5	1133	942	1063	1861
5	945	761	944	1862
5	931	745	930	1863
5	1123	930	945	1864
5	1065	937	855	1865
5	1286	1117	1284	1866
5	1604	1461	1460	1867
5	1283	1113	1112	1868
5	934	747	933	1869
5	1194	1016	1015	1870
5	1017	748	934	1871
5	936	731	750	1872
5	936	874	731	1873
5	1125	933	874	1874
5	1139	949	941	1875
5	938	741	753	1876
5	937	753	752	1877
5	1130	1121	928	1878
5	1227	888	1061	1879
5	940	699	755	1880
5	940	870	699	1881
5	1131	940	939	1882
5	1052	959	870	1883
5	949	765	757	1884
5	1034	842	766	1885
5	943	743	759	1886
5	942	759	758	1887
5	1368	1227	1061	1888
5	1124	932	896	1889
5	945	744	761	1890
5	944	761	760	1891
5	1117	925	922	1892
5	1123	945	1135	1893
5	947	764	763	1894
5	948	764	947	1895
5	1297	1136	1244	1896
5	1106	908	1037	1897
5	1095	964	965	1898
5	1304	1144	1240	1899
5	1149	960	959	1900
5	950	765	949	1901
5	1320	1176	1175	1902
5	1034	766	950	1903
5	952	768	767	1904
5	953	768	952	1905
5	1089	892	1050	1906
5	1282	1094	1236	1907
5	1430	1280	1373	1908
5	954	769	953	1909
5	1137	947	1136	1910
5	1151	962	961	1911
5	1146	956	1145	1912
5	1212	950	1139	1913
5	1152	962	1151	1914
5	957	771	956	1915
5	1197	1017	1196	1916
5	958	772	957	1917
5	1340	1126	1290	1918
5	1196	1017	934	1919
5	960	775	774	1920
5	962	776	716	1921
5	1110	1051	915	1922
5	963	776	962	1923
5	1094	871	890	1924
5	966	780	777	1925
5	1140	951	1086	1926
5	1425	1282	1370	1927
5	1079	1047	848	1928
5	966	777	963	1929
5	964	955	676	1930
5	964	676	779	1931
5	965	964	779	1932
5	965	779	778	1933
5	1298	1293	1131	1934
5	1038	780	966	1935
5	970	785	783	1936
5	972	787	786	1937
5	1169	983	1069	1938
5	969	784	968	1939
5	1173	987	986	1940
5	1090	878	862	1941
5	1182	1003	1002	1942
5	971	785	970	1943
5	1183	918	1005	1944
5	972	786	971	1945
5	1259	1087	1229	1946
5	973	787	972	1947
5	1179	995	994	1948
5	974	732	973	1949
5	1074	880	1178	1950
5	1027	788	974	1951
5	1185	1007	1006	1952
5	1013	824	823	1953
5	1347	1201	1346	1954
5	1343	1199	1198	1955
5	1172	986	904	1956
5	1007	818	1006	1957
5	1160	973	972	1958
5	1008	819	1007	1959
5	980	795	794	1960
5	982	713	796	1961
5	1168	981	1167	1962
5	1023	832	713	1963
5	1191	1012	976	1964
5	1205	1162	884	1965
5	1332	1188	1331	1966
5	1023	713	982	1967
5	984	799	798	1968
5	985	708	799	1969
5	1310	1226	1156	1970
5	985	799	984	1971
5	1318	1173	1172	1972
5	1176	989	1175	1973
5	1169	984	983	1974
5	987	800	986	1975
5	1178	991	1177	1976
5	988	801	987	1977
5	1177	991	990	1978
5	989	802	988	1979
5	1174	988	987	1980
5	1310	1156	1155	1981
5	1181	1073	903	1982
5	991	804	990	1983
5	1175	989	988	1984
5	992	805	991	1985
5	1170	984	1169	1986
5	1157	970	967	1987
5	994	808	807	1988
5	999	705	811	1989
5	1172	904	1171	1990
5	997	810	809	1991
5	1161	974	973	1992
5	1207	1028	1027	1993
5	1075	967	858	1994
5	997	809	996	1995
5	1101	1046	893	1996
5	998	810	997	1997
5	1584	1430	1509	1998
5	999	811	998	1999
5	1073	865	903	2000
5	1183	1098	918	2001
5	1000	899	682	2002
5	1000	682	814	2003
5	1001	1000	814	2004
5	1001	814	813	2005
5	1003	816	815	2006
5	1005	730	817	2007
5	1181	903	999	2008
5	1004	816	1003	2009
5	1178	880	992	2010
5	1005	817	1004	2011
5	1073	1002	865	2012
5	1183	1004	1182	2013
5	1189	1011	1010	2014
5	1009	821	820	2015
5	1104	906	1103	2016
5	1334	1250	1053	2017
5	1166	980	979	2018
5	1009	820	1008	2019
5	1203	1025	1024	2020
5	1010	821	1009	2021
5	1191	976	1163	2022
5	1011	822	1010	2023
5	1166	979	1053	2024
5	1168	982	981	2025
5	1192	1013	1012	2026
5	1021	830	1020	2027
5	1201	982	1168	2028
5	1022	831	1021	2029
5	1015	827	826	2030
5	1016	733	827	2031
5	1046	894	893	2032
5	1016	827	1015	2033
5	1212	1034	950	2034
5	1128	936	1127	2035
5	1135	944	1046	2036
5	1018	828	1017	2037
5	1106	1101	909	2038
5	1019	851	651	2039
5	1076	941	851	2040
5	1212	1035	1034	2041
5	1415	1056	1253	2042
5	1163	975	1162	2043
5	1349	1203	1348	2044
5	1022	860	694	2045
5	1091	866	1055	2046
5	1055	866	912	2047
5	1192	1012	1191	2048
5	1024	832	1023	2049
5	1164	977	882	2050
5	1026	690	834	2051
5	1184	1006	978	2052
5	1103	900	1062	2053
5	1179	996	995	2054
5	1105	882	907	2055
5	1072	899	1000	2056
5	1028	836	1027	2057
5	1180	998	997	2058
5	1029	837	1028	2059
5	1105	907	1104	2060
5	1030	838	1029	2061
5	1103	906	900	2062
5	1188	1010	1009	2063
5	1031	983	789	2064
5	1031	789	841	2065
5	1033	841	840	2066
5	1033	1031	841	2067
5	1355	1211	1210	2068
5	1517	1470	1397	2069
5	1076	851	1019	2070
5	1035	842	1034	2071
5	1118	926	925	2072
5	1036	843	1035	2073
5	1066	869	931	2074
5	1037	844	1036	2075
5	1085	1065	855	2076
5	1122	929	1121	2077
5	1136	947	946	2078
5	1039	845	1038	2079
5	1214	1038	966	2080
5	1040	846	1039	2081
5	1149	959	1052	2082
5	1216	1040	1039	2083
5	1050	892	913	2084
5	1422	1270	1246	2085
5	1042	863	849	2086
5	1044	659	867	2087
5	1436	1289	1260	2088
5	1122	916	929	2089
5	1256	691	1044	2090
5	1080	658	691	2091
5	1045	1041	895	2092
5	1045	895	897	2093
5	1101	893	891	2094
5	1106	1037	1213	2095
5	1047	946	848	2096
5	1273	1051	1110	2097
5	1048	1045	897	2098
5	1048	897	861	2099
5	1049	910	850	2100
5	1326	1073	1181	2101
5	1089	861	892	2102
5	1089	1048	861	2103
5	1143	923	954	2104
5	1079	848	873	2105
5	1132	940	1131	2106
5	1290	1126	1125	2107
5	1053	979	881	2108
5	1190	1053	881	2109
5	1054	902	860	2110
5	1200	1088	1022	2111
5	1108	911	1107	2112
5	1270	1050	1246	2113
5	1102	864	1091	2114
5	1102	901	864	2115
5	1058	698	1057	2116
5	1058	724	698	2117
5	1082	914	724	2118
5	1258	1057	1059	2119
5	1059	1057	663	2120
5	1059	663	852	2121
5	1246	1050	1060	2122
5	1345	1200	1344	2123
5	1356	1243	1212	2124
5	1124	896	1064	2125
5	1405	1310	1376	2126
5	1077	1062	905	2127
5	1064	896	883	2128
5	1294	1133	1223	2129
5	1443	1295	1377	2130
5	1134	917	943	2131
5	1193	1015	1014	2132
5	1338	1195	1194	2133
5	1111	920	919	2134
5	1066	1014	869	2135
5	1067	935	872	2136
5	1148	1067	872	2137
5	1097	887	1078	2138
5	1081	1049	850	2139
5	1210	1032	1070	2140
5	1211	1031	1033	2141
5	1210	1033	1032	2142
5	1211	1069	1031	2143
5	1249	1079	1248	2144
5	1157	967	1075	2145
5	1312	1160	1311	2146
5	1072	1000	1071	2147
5	1071	1001	877	2148
5	1182	1004	1003	2149
5	1181	998	1180	2150
5	1074	994	993	2151
5	1072	1075	858	2152
5	1378	1232	1353	2153
5	1139	950	949	2154
5	1127	936	935	2155
5	1158	970	1157	2156
5	1208	1029	1028	2157
5	1323	1074	1322	2158
5	1239	1097	1224	2159
5	1141	952	1140	2160
5	1231	1041	1045	2161
5	1550	1367	1265	2162
5	1754	1607	1753	2163
5	1126	933	1125	2164
5	1197	1018	1017	2165
5	1267	914	1082	2166
5	1281	1235	1055	2167
5	1289	1064	1260	2168
5	1233	867	1092	2169
5	1268	727	1084	2170
5	1084	727	668	2171
5	1112	920	1111	2172
5	1563	1452	1533	2173
5	1411	1259	1375	2174
5	1115	873	924	2175
5	1087	1060	859	2176
5	1087	859	847	2177
5	1088	1054	860	2178
5	1088	860	1022	2179
5	1449	1304	1448	2180
5	1303	1116	1143	2181
5	1099	879	878	2182
5	1099	1070	879	2183
5	1277	1103	1062	2184
5	1072	858	899	2185
5	1233	1044	867	2186
5	1222	868	1083	2187
5	1093	1092	661	2188
5	1093	661	868	2189
5	1110	915	871	2190
5	1270	1089	1050	2191
5	1144	955	964	2192
5	1145	956	955	2193
5	1096	1095	965	2194
5	1096	965	875	2195
5	1097	1081	876	2196
5	1097	876	887	2197
5	1098	1071	877	2198
5	1098	877	918	2199
5	1354	1070	1275	2200
5	1318	1172	1171	2201
5	1100	1064	883	2202
5	1100	883	917	2203
5	1262	1075	1072	2204
5	1382	1351	1350	2205
5	1179	994	1074	2206
5	1074	993	880	2207
5	1352	1207	1206	2208
5	1164	882	1105	2209
5	1322	1178	1316	2210
5	1165	977	1164	2211
5	1276	1071	1272	2212
5	1184	978	1165	2213
5	1106	909	908	2214
5	1357	1213	1243	2215
5	1108	912	911	2216
5	1107	911	902	2217
5	1721	1375	1577	2218
5	1383	1234	1254	2219
5	1109	1087	847	2220
5	1109	847	914	2221
5	1384	1220	1369	2222
5	1269	1086	1230	2223
5	1112	885	920	2224
5	1114	922	921	2225
5	1284	1117	1114	2226
5	1113	885	1112	2227
5	1338	1194	1193	2228
5	1114	921	1113	2229
5	1339	1283	1111	2230
5	1117	922	1114	2231
5	1385	1247	1306	2232
5	1141	953	952	2233
5	1116	1115	924	2234
5	1116	924	923	2235
5	1242	1065	1085	2236
5	1118	925	1117	2237
5	1389	1223	1237	2238
5	1119	926	1118	2239
5	1292	1130	1291	2240
5	1120	927	1119	2241
5	1439	1416	1288	2242
5	1255	1043	1122	2243
5	1130	938	1129	2244
5	1122	1043	916	2245
5	1433	1380	1286	2246
5	1589	1438	1510	2247
5	1123	931	930	2248
5	1193	1014	1066	2249
5	1286	1118	1117	2250
5	1287	1119	1286	2251
5	1126	934	933	2252
5	1197	1076	1019	2253
5	1295	1123	1135	2254
5	1196	934	1126	2255
5	1128	874	936	2256
5	1128	1125	874	2257
5	1452	1357	1387	2258
5	1450	1293	1446	2259
5	1130	928	938	2260
5	1129	938	937	2261
5	1337	1066	1296	2262
5	1435	1386	1241	2263
5	1132	870	940	2264
5	1132	1052	870	2265
5	1360	1216	1359	2266
5	1240	1144	1095	2267
5	1134	1100	917	2268
5	1133	943	942	2269
5	1511	1222	1420	2270
5	1953	1664	1706	2271
5	1285	1248	1115	2272
5	1245	1052	1293	2273
5	1137	948	947	2274
5	1138	939	948	2275
5	1293	1132	1131	2276
5	1138	948	1137	2277
5	1307	1152	1151	2278
5	1298	1131	1138	2279
5	1299	1076	1238	2280
5	1213	1037	1036	2281
5	1143	954	1142	2282
5	1142	953	1141	2283
5	1300	1141	1140	2284
5	1143	1116	923	2285
5	1557	1381	1552	2286
5	1297	1138	1137	2287
5	1365	1302	1301	2288
5	1586	1525	1380	2289
5	1240	1095	1096	2290
5	1147	958	957	2291
5	1308	1214	1153	2292
5	1245	1150	1149	2293
5	1304	1145	1144	2294
5	1147	957	1146	2295
5	1359	1214	1308	2296
5	1148	958	1147	2297
5	1360	1240	1096	2298
5	1411	1246	1259	2299
5	1150	961	960	2300
5	1152	963	962	2301
5	1305	1146	1304	2302
5	1153	963	1152	2303
5	1305	1148	1147	2304
5	1214	966	1153	2305
5	1359	1216	1215	2306
5	1215	1039	1038	2307
5	1306	1067	1148	2308
5	1307	1151	1150	2309
5	1155	969	968	2310
5	1156	1090	862	2311
5	1515	1080	1256	2312
5	1156	969	1155	2313
5	1899	1755	1754	2314
5	1274	1090	1226	2315
5	1158	971	970	2316
5	1209	1030	1029	2317
5	1232	1062	1077	2318
5	1159	971	1158	2319
5	1259	1060	1087	2320
5	1160	972	1159	2321
5	1329	1272	1098	2322
5	1161	973	1160	2323
5	1348	1203	1202	2324
5	1206	974	1161	2325
5	1163	976	975	2326
5	1199	1021	1020	2327
5	1333	1190	1189	2328
5	1200	1021	1199	2329
5	1277	1104	1103	2330
5	1185	1006	1184	2331
5	1346	1168	1315	2332
5	1186	1008	1007	2333
5	1167	981	980	2334
5	1201	1023	982	2335
5	1315	1168	1167	2336
5	1202	1023	1201	2337
5	1336	1192	1191	2338
5	1203	1024	1202	2339
5	1170	985	984	2340
5	1274	1099	1090	2341
5	1746	1600	1570	2342
5	1173	986	1172	2343
5	1462	1459	1321	2344
5	1174	987	1173	2345
5	1641	1426	1583	2346
5	1175	988	1174	2347
5	1239	1081	1097	2348
5	1176	990	898	2349
5	1355	1210	1354	2350
5	1176	898	989	2351
5	1252	1069	1211	2352
5	1317	1169	1252	2353
5	1317	1171	1170	2354
5	1177	990	1176	2355
5	1252	1169	1069	2356
5	1178	992	991	2357
5	1464	1322	1463	2358
5	1180	997	996	2359
5	1311	1159	1158	2360
5	1181	999	998	2361
5	1272	1071	1098	2362
5	1329	1098	1183	2363
5	1325	1181	1180	2364
5	1316	1178	1177	2365
5	1317	1170	1169	2366
5	1183	1005	1004	2367
5	1276	1072	1071	2368
5	1328	1183	1182	2369
5	1343	1198	1342	2370
5	1259	1246	1060	2371
5	1351	1313	1162	2372
5	1186	1007	1185	2373
5	1331	1186	1330	2374
5	1187	1008	1186	2375
5	1330	1185	1184	2376
5	1188	1009	1187	2377
5	1277	1062	1232	2378
5	1189	1010	1188	2379
5	1620	1456	1475	2380
5	1190	1011	1189	2381
5	1342	1192	1336	2382
5	1330	1186	1185	2383
5	1351	1162	1205	2384
5	1374	1253	1225	2385
5	1280	1107	1234	2386
5	1198	1013	1192	2387
5	1284	1114	1113	2388
5	1194	1015	1193	2389
5	1291	1129	1241	2390
5	1195	1016	1194	2391
5	1241	1129	1065	2392
5	1287	1120	1119	2393
5	1284	1113	1283	2394
5	1197	1019	1018	2395
5	1295	1135	1261	2396
5	1358	1106	1357	2397
5	1234	1107	1054	2398
5	1200	1022	1021	2399
5	1345	1254	1088	2400
5	1344	1199	1343	2401
5	1342	1198	1192	2402
5	1313	1163	1162	2403
5	1335	1191	1163	2404
5	1204	1026	1025	2405
5	1349	1204	1203	2406
5	1350	1205	1204	2407
5	1492	1312	1311	2408
5	1204	1025	1203	2409
5	1263	1157	1075	2410
5	1205	1026	1204	2411
5	1278	1164	1105	2412
5	1346	1201	1168	2413
5	1323	1179	1074	2414
5	1207	1027	1206	2415
5	1314	1184	1165	2416
5	1208	1028	1207	2417
5	1263	1158	1157	2418
5	1209	1077	1030	2419
5	1353	1209	1208	2420
5	1232	1077	1209	2421
5	1319	1175	1174	2422
5	1211	1033	1210	2423
5	1321	1316	1177	2424
5	1324	1179	1323	2425
5	1478	1296	1443	2426
5	1213	1036	1035	2427
5	1370	1282	1236	2428
5	1243	1213	1212	2429
5	1654	1531	1581	2430
5	1215	1038	1214	2431
5	1285	1115	1116	2432
5	1216	1039	1215	2433
5	1384	1231	1220	2434
5	1217	1040	1216	2435
5	1306	1247	1067	2436
5	1247	1127	1067	2437
5	1218	1084	668	2438
5	1218	668	517	2439
5	1521	1233	1367	2440
5	1219	886	507	2441
5	1271	1048	1089	2442
5	1271	1089	1270	2443
5	1403	1082	1059	2444
5	1403	1267	1082	2445
5	1264	1078	1068	2446
5	1260	1064	1100	2447
5	1223	1133	1063	2448
5	1514	1404	1416	2449
5	1224	1097	1078	2450
5	1562	1428	1538	2451
5	1225	1102	1091	2452
5	1235	1225	1091	2453
5	1495	1275	1426	2454
5	1309	1155	1154	2455
5	1420	1083	1268	2456
5	1519	1227	1518	2457
5	1436	1260	1417	2458
5	1439	1292	1438	2459
5	1423	1369	1271	2460
5	1423	1270	1422	2461
5	1236	1041	1231	2462
5	1558	1391	1557	2463
5	1236	1094	1041	2464
5	1273	1230	1051	2465
5	1319	1173	1318	2466
5	1278	1104	1277	2467
5	1684	1662	1401	2468
5	1265	1092	1093	2469
5	1235	1091	1055	2470
5	1476	1313	1382	2471
5	1281	1108	1280	2472
5	1628	1482	1627	2473
5	1365	1303	1302	2474
5	1647	1499	1646	2475
5	1237	1223	1063	2476
5	1237	1063	1043	2477
5	1340	1196	1126	2478
5	1290	1125	1128	2479
5	1251	1154	1049	2480
5	1309	1154	1251	2481
5	1399	1279	1358	2482
5	1247	1128	1127	2483
5	1292	1288	1121	2484
5	1255	1237	1043	2485
5	1242	1120	1287	2486
5	1242	1241	1065	2487
5	1356	1139	1299	2488
5	1261	1135	1046	2489
5	1244	1136	1047	2490
5	1248	1079	1115	2491
5	1293	1052	1132	2492
5	1307	1150	1245	2493
5	1375	1259	1229	2494
5	1391	1230	1381	2495
5	1304	1146	1145	2496
5	1305	1147	1146	2497
5	1249	1047	1079	2498
5	1249	1244	1047	2499
5	1447	1301	1300	2500
5	1568	1412	1564	2501
5	1315	1167	1250	2502
5	1250	1167	1166	2503
5	1559	1402	1080	2504
5	1426	1274	1396	2505
5	1275	1099	1274	2506
5	1319	1174	1173	2507
5	1419	1109	1267	2508
5	1419	1229	1109	2509
5	1254	1234	1054	2510
5	1254	1054	1088	2511
5	1573	1407	1565	2512
5	1438	1291	1386	2513
5	1379	1042	1266	2514
5	1256	1080	691	2515
5	1257	1251	1049	2516
5	1257	1049	1081	2517
5	1258	1082	1058	2518
5	1258	1058	1057	2519
5	1347	1202	1201	2520
5	1330	1184	1314	2521
5	1518	1227	1368	2522
5	1390	1294	1223	2523
5	1622	1443	1526	2524
5	1358	1101	1106	2525
5	1496	1457	1252	2526
5	1263	1075	1262	2527
5	1312	1206	1161	2528
5	1311	1158	1263	2529
5	1527	1368	1061	2530
5	1687	1512	1513	2531
5	1367	1233	1092	2532
5	1266	1042	849	2533
5	1460	1319	1318	2534
5	1664	1518	1368	2535
5	1415	1221	1056	2536
5	1548	1374	1408	2537
5	1530	1268	1084	2538
5	1268	1083	727	2539
5	1391	1269	1230	2540
5	1300	1140	1269	2541
5	1663	1415	1571	2542
5	1271	1220	1048	2543
5	1447	1300	1392	2544
5	1392	1300	1269	2545
5	1276	1262	1072	2546
5	1640	1494	1493	2547
5	1413	1249	1412	2548
5	1381	1230	1273	2549
5	1275	1070	1099	2550
5	1354	1210	1070	2551
5	1460	1318	1458	2552
5	1355	1252	1211	2553
5	1469	1429	1328	2554
5	1464	1323	1322	2555
5	1428	1232	1378	2556
5	1332	1189	1188	2557
5	1250	1166	1053	2558
5	1455	1311	1263	2559
5	1279	1261	1046	2560
5	1279	1046	1101	2561
5	1281	1055	1108	2562
5	1280	1108	1107	2563
5	1431	1281	1430	2564
5	1572	1419	1267	2565
5	1282	1273	1110	2566
5	1282	1110	1094	2567
5	1296	1123	1295	2568
5	1296	1066	1123	2569
5	1301	1141	1300	2570
5	1242	1085	1120	2571
5	1647	1500	1499	2572
5	1286	1119	1118	2573
5	1444	1297	1244	2574
5	1387	1357	1243	2575
5	1443	1296	1295	2576
5	1380	1287	1286	2577
5	1288	1255	1122	2578
5	1288	1122	1121	2579
5	1723	1688	1417	2580
5	1512	1289	1436	2581
5	1437	1247	1385	2582
5	1341	1197	1196	2583
5	1292	1121	1130	2584
5	1291	1130	1129	2585
5	1390	1223	1389	2586
5	1386	1291	1241	2587
5	1297	1137	1136	2588
5	1625	1437	1534	2589
5	1294	1228	1134	2590
5	1294	1134	1133	2591
5	1437	1290	1247	2592
5	1337	1193	1066	2593
5	1441	1338	1337	2594
5	1338	1193	1337	2595
5	1400	1248	1285	2596
5	1298	1138	1297	2597
5	1450	1245	1293	2598
5	1412	1248	1400	2599
5	1356	1212	1139	2600
5	1299	1139	1076	2601
5	1301	1142	1141	2602
5	1302	1143	1142	2603
5	1392	1269	1391	2604
5	1302	1142	1301	2605
5	1303	1285	1116	2606
5	1303	1143	1302	2607
5	1359	1215	1214	2608
5	1245	1149	1052	2609
5	1502	1448	1240	2610
5	1388	1299	1238	2611
5	1480	1290	1437	2612
5	1306	1148	1305	2613
5	1421	1303	1365	2614
5	1448	1304	1240	2615
5	1444	1244	1413	2616
5	1360	1096	1217	2617
5	1479	1432	1283	2618
5	1308	1153	1152	2619
5	1458	1318	1317	2620
5	1310	1155	1309	2621
5	1311	1160	1159	2622
5	1353	1208	1352	2623
5	1602	1455	1454	2624
5	1493	1352	1312	2625
5	1352	1206	1312	2626
5	1312	1161	1160	2627
5	1314	1164	1278	2628
5	1331	1188	1187	2629
5	1314	1165	1164	2630
5	1331	1187	1186	2631
5	1485	1345	1344	2632
5	1348	1202	1347	2633
5	1322	1074	1178	2634
5	1324	1180	1179	2635
5	1395	1224	1366	2636
5	1396	1274	1226	2637
5	2029	1881	2028	2638
5	1321	1176	1320	2639
5	1466	1325	1324	2640
5	1320	1175	1319	2641
5	1463	1322	1316	2642
5	1426	1275	1274	2643
5	1495	1355	1354	2644
5	1463	1316	1459	2645
5	1454	1263	1262	2646
5	1325	1180	1324	2647
5	1454	1262	1424	2648
5	1326	1181	1325	2649
5	1427	1272	1398	2650
5	1327	1182	1073	2651
5	1398	1272	1329	2652
5	1468	1327	1326	2653
5	1467	1326	1325	2654
5	1327	1073	1326	2655
5	1459	1316	1321	2656
5	1328	1182	1327	2657
5	1603	1457	1536	2658
5	1329	1183	1328	2659
5	1489	1347	1488	2660
5	1618	1471	1615	2661
5	1488	1347	1346	2662
5	1333	1189	1332	2663
5	1468	1326	1467	2664
5	1334	1053	1190	2665
5	1458	1317	1457	2666
5	1467	1325	1466	2667
5	1397	1278	1277	2668
5	1334	1190	1333	2669
5	1627	1477	1621	2670
5	1476	1335	1313	2671
5	1617	1475	1474	2672
5	1490	1349	1348	2673
5	1487	1315	1456	2674
5	1345	1088	1200	2675
5	1407	1294	1390	2676
5	1434	1287	1380	2677
5	1339	1195	1338	2678
5	1339	1111	1195	2679
5	1442	1338	1441	2680
5	1478	1441	1337	2681
5	1341	1238	1197	2682
5	1341	1196	1340	2683
5	1418	1261	1279	2684
5	1791	1645	1790	2685
5	1488	1346	1487	2686
5	1344	1200	1199	2687
5	1456	1315	1250	2688
5	1541	1383	1522	2689
5	1487	1346	1315	2690
5	1483	1343	1342	2691
5	1383	1373	1234	2692
5	1572	1267	1403	2693
5	1473	1332	1331	2694
5	1470	1278	1397	2695
5	1475	1456	1250	2696
5	1350	1204	1349	2697
5	1489	1348	1347	2698
5	1351	1205	1350	2699
5	1657	1549	1640	2700
5	1491	1382	1350	2701
5	1382	1313	1351	2702
5	1482	1336	1477	2703
5	1470	1314	1278	2704
5	1352	1208	1207	2705
5	1472	1330	1471	2706
5	1353	1232	1209	2707
5	1474	1333	1332	2708
5	1474	1334	1333	2709
5	1414	1251	1257	2710
5	1560	1516	1376	2711
5	1414	1257	1394	2712
5	1756	1609	1755	2713
5	1498	1387	1243	2714
5	1575	1377	1418	2715
5	1358	1279	1101	2716
5	1357	1106	1213	2717
5	1440	1385	1306	2718
5	1440	1306	1305	2719
5	1449	1440	1305	2720
5	1360	1217	1216	2721
5	1449	1305	1304	2722
5	1412	1249	1248	2723
5	1393	1256	1044	2724
5	1393	1044	1233	2725
5	1652	853	1504	2726
5	1420	1222	1083	2727
5	1363	1362	1218	2728
5	1363	1218	853	2729
5	1364	1266	849	2730
5	1544	849	685	2731
5	1413	1244	1249	2732
5	1446	1298	1445	2733
5	1545	1264	1361	2734
5	1406	1265	1093	2735
5	1658	1591	1592	2736
5	1544	720	1508	2737
5	1512	1372	1289	2738
5	1417	1260	1228	2739
5	1423	1271	1270	2740
5	1422	1246	1411	2741
5	1409	1231	1384	2742
5	1409	1236	1231	2743
5	1504	853	660	2744
5	1505	746	888	2745
5	1578	1084	1362	2746
5	1372	1124	1289	2747
5	1373	1280	1234	2748
5	1484	1344	1343	2749
5	1581	1423	1580	2750
5	1431	1408	1235	2751
5	1630	1485	1484	2752
5	1630	1484	1629	2753
5	1376	1310	1309	2754
5	1453	1309	1251	2755
5	1377	1295	1261	2756
5	1418	1377	1261	2757
5	1636	1491	1490	2758
5	1494	1352	1493	2759
5	1511	1406	1222	2760
5	1555	1404	1514	2761
5	1433	1284	1432	2762
5	1710	1555	1709	2763
5	1552	1425	1520	2764
5	1872	1727	1845	2765
5	1627	1482	1477	2766
5	1483	1342	1482	2767
5	1477	1335	1476	2768
5	1482	1342	1336	2769
5	1409	1370	1236	2770
5	1552	1381	1425	2771
5	1540	1410	1481	2772
5	1645	1387	1498	2773
5	1435	1242	1434	2774
5	1573	1417	1407	2775
5	1497	1299	1388	2776
5	1788	1543	1703	2777
5	1497	1356	1299	2778
5	1498	1243	1356	2779
5	1587	1434	1525	2780
5	1722	1573	1565	2781
5	1586	1433	1585	2782
5	1417	1228	1407	2783
5	1595	1392	1558	2784
5	1447	1365	1301	2785
5	1843	1670	1842	2786
5	1568	1413	1412	2787
5	1503	1401	1402	2788
5	1852	1707	1528	2789
5	1561	1405	1516	2790
5	1453	1251	1414	2791
5	1395	1394	1239	2792
5	1395	1239	1224	2793
5	1876	1731	1676	2794
5	1457	1317	1252	2795
5	1635	1490	1489	2796
5	1634	1488	1633	2797
5	1424	1262	1276	2798
5	1494	1353	1352	2799
5	1624	1432	1479	2800
5	1418	1279	1399	2801
5	1564	1400	1421	2802
5	1446	1293	1298	2803
5	1844	1689	1559	2804
5	1401	886	1219	2805
5	1402	1401	1219	2806
5	1402	1219	1080	2807
5	1403	1059	1221	2808
5	1801	1667	1548	2809
5	1404	1389	1237	2810
5	1404	1237	1255	2811
5	1405	1396	1226	2812
5	1405	1226	1310	2813
5	1706	1368	1527	2814
5	1665	1363	1652	2815
5	1525	1434	1380	2816
5	1590	1514	1416	2817
5	1408	1374	1225	2818
5	1408	1225	1235	2819
5	1593	1445	1444	2820
5	1596	1365	1447	2821
5	1410	1388	1238	2822
5	1410	1238	1341	2823
5	1571	1415	1253	2824
5	1553	1520	1370	2825
5	1595	1447	1392	2826
5	1569	1444	1413	2827
5	1792	1646	1599	2828
5	1534	1437	1385	2829
5	1608	1463	1607	2830
5	1453	1376	1309	2831
5	1571	1253	1374	2832
5	1576	1221	1415	2833
5	1416	1404	1255	2834
5	1416	1255	1288	2835
5	1556	1389	1555	2836
5	1521	1393	1233	2837
5	1586	1380	1433	2838
5	1767	1591	1658	2839
5	1802	1663	1571	2840
5	1702	1509	1541	2841
5	1668	1578	1362	2842
5	1669	1528	1364	2843
5	1421	1400	1285	2844
5	1421	1285	1303	2845
5	1531	1384	1369	2846
5	1581	1369	1423	2847
5	1579	1422	1411	2848
5	1670	1566	1531	2849
5	1582	1427	1532	2850
5	1538	1428	1378	2851
5	1425	1381	1273	2852
5	1425	1273	1282	2853
5	1536	1457	1496	2854
5	1642	1536	1496	2855
5	1427	1424	1276	2856
5	1427	1276	1272	2857
5	1428	1397	1277	2858
5	1428	1277	1232	2859
5	1429	1398	1329	2860
5	1429	1329	1328	2861
5	1431	1235	1281	2862
5	1430	1281	1280	2863
5	1580	1422	1579	2864
5	1548	1408	1507	2865
5	1433	1286	1284	2866
5	1432	1284	1283	2867
5	1768	1623	1767	2868
5	1770	1625	1672	2869
5	1435	1241	1242	2870
5	1434	1242	1287	2871
5	1555	1389	1404	2872
5	1565	1407	1390	2873
5	1542	1394	1395	2874
5	1565	1390	1556	2875
5	1480	1340	1290	2876
5	1481	1341	1340	2877
5	1439	1288	1292	2878
5	1438	1292	1291	2879
5	1803	1709	1739	2880
5	1738	1589	1673	2881
5	1445	1297	1444	2882
5	1500	1359	1308	2883
5	1442	1339	1338	2884
5	1479	1283	1339	2885
5	1591	1442	1441	2886
5	1479	1339	1442	2887
5	1478	1337	1296	2888
5	1598	1449	1597	2889
5	1445	1298	1297	2890
5	1501	1360	1359	2891
5	1646	1451	1599	2892
5	1499	1307	1451	2893
5	1599	1451	1450	2894
5	1500	1308	1499	2895
5	1580	1423	1422	2896
5	1577	1229	1419	2897
5	1451	1245	1450	2898
5	1499	1308	1307	2899
5	1794	1647	1793	2900
5	1804	1716	1791	2901
5	1451	1307	1245	2902
5	1501	1359	1500	2903
5	1599	1450	1523	2904
5	1543	1410	1540	2905
5	1452	1399	1358	2906
5	1452	1358	1357	2907
5	1676	1516	1656	2908
5	1608	1464	1463	2909
5	1562	1517	1397	2910
5	1455	1263	1454	2911
5	1607	1463	1459	2912
5	1492	1311	1455	2913
5	1471	1314	1470	2914
5	1471	1330	1314	2915
5	1495	1354	1275	2916
5	1496	1252	1355	2917
5	1561	1396	1405	2918
5	1604	1460	1537	2919
5	1461	1319	1460	2920
5	1465	1324	1323	2921
5	1461	1320	1319	2922
5	1462	1321	1320	2923
5	1609	1465	1464	2924
5	1462	1320	1461	2925
5	1607	1459	1606	2926
5	1676	1561	1516	2927
5	1611	1467	1466	2928
5	1613	1469	1468	2929
5	1612	1467	1611	2930
5	1465	1323	1464	2931
5	1610	1466	1465	2932
5	1466	1324	1465	2933
5	1606	1462	1605	2934
5	1469	1327	1468	2935
5	1605	1461	1604	2936
5	1469	1328	1327	2937
5	1537	1460	1458	2938
5	1750	1537	1699	2939
5	1640	1493	1639	2940
5	1757	1611	1610	2941
5	1473	1331	1472	2942
5	1472	1331	1330	2943
5	1615	1470	1517	2944
5	1617	1474	1616	2945
5	1636	1490	1635	2946
5	1474	1332	1473	2947
5	1762	1617	1616	2948
5	1582	1424	1427	2949
5	1475	1334	1474	2950
5	1475	1250	1334	2951
5	1606	1459	1462	2952
5	1605	1462	1461	2953
5	1477	1336	1335	2954
5	1486	1345	1485	2955
5	1751	1605	1604	2956
5	1621	1476	1539	2957
5	2080	1934	2079	2958
5	1585	1433	1432	2959
5	1588	1386	1435	2960
5	1650	1448	1502	2961
5	1481	1410	1341	2962
5	1481	1340	1480	2963
5	1543	1388	1410	2964
5	1648	1501	1500	2965
5	1484	1343	1483	2966
5	1485	1344	1484	2967
5	1629	1483	1628	2968
5	1631	1486	1485	2969
5	1628	1483	1482	2970
5	1486	1254	1345	2971
5	1774	1629	1628	2972
5	1486	1383	1254	2973
5	1780	1636	1635	2974
5	1634	1489	1488	2975
5	1562	1397	1428	2976
5	1490	1348	1489	2977
5	1633	1488	1487	2978
5	1491	1350	1349	2979
5	1633	1487	1632	2980
5	1615	1471	1470	2981
5	1752	1606	1605	2982
5	1491	1349	1490	2983
5	1773	1627	1772	2984
5	1621	1477	1476	2985
5	1760	1614	1613	2986
5	1493	1312	1492	2987
5	1601	1424	1582	2988
5	1494	1378	1353	2989
5	1860	1714	1700	2990
5	1616	1474	1473	2991
5	1570	1414	1394	2992
5	1496	1355	1495	2993
5	1807	1570	1653	2994
5	1786	1583	1731	2995
5	1533	1452	1387	2996
5	1498	1356	1497	2997
5	1645	1533	1387	2998
5	1643	1388	1543	2999
5	1649	1502	1501	3000
5	1502	1240	1360	3001
5	1648	1500	1647	3002
5	1569	1413	1568	3003
5	1558	1392	1391	3004
5	1502	1360	1501	3005
5	1524	1421	1365	3006
5	1564	1421	1524	3007
5	1814	1551	1696	3008
5	1515	1256	1393	3009
5	1519	1371	1227	3010
5	1849	1706	1687	3011
5	1505	1504	660	3012
5	1505	660	746	3013
5	1506	1068	863	3014
5	1506	1042	1379	3015
5	1584	1507	1431	3016
5	1541	1509	1373	3017
5	1809	1508	1662	3018
5	1546	1366	1545	3019
5	1584	1431	1430	3020
5	1509	1430	1373	3021
5	1510	1438	1386	3022
5	1588	1510	1386	3023
5	1685	1379	1529	3024
5	1556	1390	1389	3025
5	1810	1504	1505	3026
5	1687	1372	1512	3027
5	1513	1512	1436	3028
5	2136	1943	1816	3029
5	1590	1439	1589	3030
5	1735	1587	1525	3031
5	1559	1080	1515	3032
5	1689	1402	1559	3033
5	1516	1405	1376	3034
5	1867	1688	1723	3035
5	1997	1852	1669	3036
5	1506	1361	1068	3037
5	1695	1521	1367	3038
5	1691	1515	1393	3039
5	1956	1695	1853	3040
5	1951	1693	1848	3041
5	1520	1425	1370	3042
5	1812	1713	1743	3043
5	1948	1817	1818	3044
5	1578	1530	1084	3045
5	1541	1373	1383	3046
5	1522	1383	1486	3047
5	1523	1450	1446	3048
5	1594	1523	1446	3049
5	1593	1444	1569	3050
5	1564	1412	1400	3051
5	1587	1435	1434	3052
5	1588	1435	1587	3053
5	1526	1443	1377	3054
5	1575	1526	1377	3055
5	1527	932	1124	3056
5	1547	1362	1363	3057
5	1529	1266	1528	3058
5	1529	1379	1266	3059
5	1941	1692	1940	3060
5	1690	1361	1506	3061
5	1698	1420	1530	3062
5	1530	1420	1268	3063
5	1553	1370	1409	3064
5	1566	1384	1531	3065
5	1532	1427	1398	3066
5	1614	1535	1429	3067
5	1563	1399	1452	3068
5	1574	1418	1399	3069
5	1626	1540	1481	3070
5	1643	1497	1388	3071
5	1535	1532	1398	3072
5	1535	1398	1429	3073
5	1583	1396	1561	3074
5	1642	1496	1495	3075
5	1751	1604	1750	3076
5	1901	1756	1900	3077
5	1700	1538	1549	3078
5	1639	1493	1492	3079
5	1539	1476	1382	3080
5	1637	1382	1491	3081
5	1626	1480	1625	3082
5	1644	1498	1497	3083
5	1774	1628	1773	3084
5	1909	1765	1908	3085
5	1560	1376	1453	3086
5	1570	1394	1542	3087
5	1703	1543	1540	3088
5	1788	1643	1543	3089
5	1809	1364	1544	3090
5	1544	1364	849	3091
5	1858	1710	1709	3092
5	1545	1366	1264	3093
5	1817	1704	1705	3094
5	1818	1366	1546	3095
5	1527	1124	1372	3096
5	1819	1521	1695	3097
5	1567	1411	1375	3098
5	1579	1411	1567	3099
5	1549	1538	1378	3100
5	1549	1378	1494	3101
5	1853	1550	1697	3102
5	1691	1393	1521	3103
5	1551	1550	1265	3104
5	1551	1265	1406	3105
5	1557	1391	1381	3106
5	1596	1447	1595	3107
5	1741	1594	1593	3108
5	1659	1552	1520	3109
5	1554	1534	1385	3110
5	1554	1385	1440	3111
5	1735	1525	1680	3112
5	1910	1820	1734	3113
5	1944	1910	1912	3114
5	1799	1573	1722	3115
5	2023	1875	1874	3116
5	1850	1694	1708	3117
5	1712	1557	1711	3118
5	1711	1557	1552	3119
5	1660	1559	1515	3120
5	1691	1660	1515	3121
5	1600	1414	1570	3122
5	1656	1516	1560	3123
5	1583	1426	1396	3124
5	1641	1495	1426	3125
5	1824	1766	1782	3126
5	1900	1755	1899	3127
5	1770	1626	1625	3128
5	1574	1399	1563	3129
5	1822	1567	1721	3130
5	1729	1580	1579	3131
5	1680	1525	1586	3132
5	1736	1588	1587	3133
5	1566	1553	1409	3134
5	1566	1409	1384	3135
5	1720	1569	1568	3136
5	1718	1564	1524	3137
5	1719	1564	1718	3138
5	1594	1446	1445	3139
5	1742	1523	1594	3140
5	1712	1558	1557	3141
5	1600	1453	1414	3142
5	1600	1560	1453	3143
5	1577	1375	1229	3144
5	1701	1522	1681	3145
5	1822	1728	1567	3146
5	1576	1419	1572	3147
5	1688	1436	1417	3148
5	1826	1436	1688	3149
5	1797	1744	1597	3150
5	1575	1418	1574	3151
5	1675	1672	1534	3152
5	1882	1737	1736	3153
5	1576	1572	1403	3154
5	1576	1403	1221	3155
5	1727	1419	1576	3156
5	1667	1571	1374	3157
5	1945	1668	1547	3158
5	1668	1362	1547	3159
5	1775	1630	1629	3160
5	1720	1568	1719	3161
5	1887	1712	1711	3162
5	1581	1531	1369	3163
5	1713	1524	1596	3164
5	1670	1531	1654	3165
5	1601	1454	1424	3166
5	1638	1492	1455	3167
5	1807	1746	1570	3168
5	2072	1927	1876	3169
5	1727	1576	1663	3170
5	1729	1579	1728	3171
5	1623	1442	1591	3172
5	1624	1585	1432	3173
5	1820	1680	1734	3174
5	1930	1790	1789	3175
5	1829	1674	1742	3176
5	1716	1563	1533	3177
5	1830	1722	1565	3178
5	1717	1556	1710	3179
5	1590	1416	1439	3180
5	1589	1439	1438	3181
5	1709	1555	1514	3182
5	1880	1735	1680	3183
5	1623	1479	1442	3184
5	1624	1479	1623	3185
5	1592	1591	1441	3186
5	1592	1441	1478	3187
5	1932	1792	1839	3188
5	1594	1445	1593	3189
5	1793	1646	1792	3190
5	1745	1675	1554	3191
5	2012	1863	1958	3192
5	1596	1524	1365	3193
5	1741	1593	1740	3194
5	2078	1933	1932	3195
5	1598	1440	1449	3196
5	1597	1449	1448	3197
5	1890	1675	1745	3198
5	1724	1563	1716	3199
5	1646	1499	1451	3200
5	1649	1501	1648	3201
5	1876	1676	1800	3202
5	1891	1833	1747	3203
5	1748	1582	1678	3204
5	1602	1454	1601	3205
5	1784	1639	1638	3206
5	1638	1455	1602	3207
5	1603	1537	1458	3208
5	1603	1458	1457	3209
5	1677	1536	1661	3210
5	1612	1468	1467	3211
5	1759	1613	1612	3212
5	1753	1606	1752	3213
5	1758	1612	1611	3214
5	1609	1464	1608	3215
5	1677	1603	1536	3216
5	1610	1465	1609	3217
5	1755	1608	1754	3218
5	1613	1468	1612	3219
5	1785	1639	1784	3220
5	1749	1602	1601	3221
5	1761	1683	1535	3222
5	1611	1466	1610	3223
5	1759	1612	1758	3224
5	1614	1469	1613	3225
5	1755	1609	1608	3226
5	1614	1429	1469	3227
5	1699	1537	1603	3228
5	1841	1657	1785	3229
5	1904	1760	1759	3230
5	1678	1582	1532	3231
5	1619	1616	1473	3232
5	1620	1475	1617	3233
5	1619	1472	1618	3234
5	1632	1456	1620	3235
5	1781	1637	1636	3236
5	1632	1487	1456	3237
5	1619	1473	1472	3238
5	1618	1472	1471	3239
5	1753	1607	1606	3240
5	1715	1517	1562	3241
5	1777	1620	1765	3242
5	1682	1615	1679	3243
5	1775	1629	1774	3244
5	1631	1522	1486	3245
5	1622	1592	1478	3246
5	1622	1478	1443	3247
5	1767	1623	1591	3248
5	1769	1585	1624	3249
5	1768	1624	1623	3250
5	1989	1723	1799	3251
5	1626	1481	1480	3252
5	1625	1480	1437	3253
5	1937	1889	1744	3254
5	1725	1574	1724	3255
5	1702	1541	1701	3256
5	1629	1484	1483	3257
5	1681	1522	1631	3258
5	1921	1781	1780	3259
5	1776	1631	1630	3260
5	1778	1632	1777	3261
5	1772	1621	1766	3262
5	1631	1485	1630	3263
5	1879	1651	1733	3264
5	1732	1509	1702	3265
5	1773	1628	1627	3266
5	1635	1489	1634	3267
5	1682	1618	1615	3268
5	1765	1620	1617	3269
5	2099	1995	1957	3270
5	1637	1491	1636	3271
5	1772	1627	1621	3272
5	1637	1539	1382	3273
5	1779	1635	1634	3274
5	1781	1636	1780	3275
5	1765	1617	1762	3276
5	1777	1632	1620	3277
5	1908	1765	1762	3278
5	1639	1492	1638	3279
5	1679	1615	1517	3280
5	1640	1549	1494	3281
5	1763	1618	1682	3282
5	1700	1549	1657	3283
5	1661	1536	1642	3284
5	1642	1495	1641	3285
5	1699	1603	1677	3286
5	1787	1661	1642	3287
5	1934	1794	1933	3288
5	1644	1497	1643	3289
5	1724	1574	1563	3290
5	1645	1498	1644	3291
5	1832	1771	1770	3292
5	1726	1575	1725	3293
5	1792	1599	1674	3294
5	1796	1649	1795	3295
5	1797	1650	1796	3296
5	1650	1502	1649	3297
5	1931	1791	1790	3298
5	1650	1597	1448	3299
5	1675	1534	1554	3300
5	1711	1552	1659	3301
5	1719	1568	1564	3302
5	1796	1650	1649	3303
5	1651	1548	1507	3304
5	1733	1651	1507	3305
5	1665	1547	1363	3306
5	1652	1363	853	3307
5	1653	1570	1542	3308
5	2093	1857	1983	3309
5	1730	1581	1580	3310
5	1728	1579	1567	3311
5	1655	1546	1545	3312
5	1655	1545	1361	3313
5	1747	1600	1746	3314
5	1747	1560	1600	3315
5	1860	1700	1806	3316
5	1785	1640	1639	3317
5	1726	1671	1526	3318
5	1725	1575	1574	3319
5	1855	1701	1681	3320
5	1694	1520	1553	3321
5	1684	1401	1503	3322
5	2127	1997	1977	3323
5	1731	1561	1676	3324
5	1787	1642	1641	3325
5	1662	1508	886	3326
5	1662	886	1401	3327
5	1802	1571	1667	3328
5	1663	1576	1415	3329
5	1811	1696	1511	3330
5	1707	1529	1528	3331
5	1810	1505	1371	3332
5	1810	1371	1686	3333
5	1666	1658	1592	3334
5	1666	1592	1622	3335
5	1845	1727	1663	3336
5	1721	1567	1375	3337
5	1808	1519	1692	3338
5	1693	1530	1578	3339
5	1690	1655	1361	3340
5	1950	1687	1513	3341
5	1694	1659	1520	3342
5	1708	1566	1670	3343
5	1671	1666	1622	3344
5	1671	1622	1526	3345
5	1672	1625	1534	3346
5	1836	1788	1703	3347
5	1673	1589	1510	3348
5	1737	1673	1510	3349
5	1674	1599	1523	3350
5	1742	1674	1523	3351
5	1745	1598	1744	3352
5	1795	1649	1648	3353
5	1731	1583	1561	3354
5	1786	1641	1583	3355
5	1897	1752	1896	3356
5	1899	1754	1898	3357
5	1748	1601	1582	3358
5	1783	1638	1602	3359
5	1714	1538	1700	3360
5	1715	1679	1517	3361
5	1737	1588	1736	3362
5	1736	1587	1735	3363
5	1701	1541	1522	3364
5	1733	1584	1732	3365
5	1903	1759	1758	3366
5	1897	1753	1752	3367
5	1683	1678	1532	3368
5	1683	1532	1535	3369
5	2152	1977	1809	3370
5	1809	1544	1508	3371
5	1692	1519	1518	3372
5	1951	1854	1693	3373
5	1798	1692	1518	3374
5	1945	1848	1668	3375
5	1706	1664	1368	3376
5	2157	1867	1989	3377
5	1717	1565	1556	3378
5	1710	1556	1555	3379
5	2003	1844	1660	3380
5	1689	1503	1402	3381
5	1690	1506	1379	3382
5	1690	1379	1685	3383
5	1698	1511	1420	3384
5	1695	1367	1550	3385
5	1808	1686	1519	3386
5	1954	1685	1813	3387
5	1696	1551	1406	3388
5	1696	1406	1511	3389
5	1955	1842	1873	3390
5	2026	1651	1879	3391
5	1819	1691	1521	3392
5	1851	1691	1819	3393
5	1811	1511	1698	3394
5	1852	1528	1669	3395
5	2004	1697	1814	3396
5	1697	1550	1551	3397
5	1698	1530	1693	3398
5	1814	1697	1551	3399
5	1750	1604	1537	3400
5	1752	1605	1751	3401
5	1714	1562	1538	3402
5	1715	1562	1714	3403
5	1733	1507	1584	3404
5	1732	1584	1509	3405
5	1856	1701	1855	3406
5	1917	1774	1916	3407
5	1771	1626	1770	3408
5	1871	1671	1726	3409
5	1857	1653	1542	3410
5	1704	1542	1395	3411
5	1705	1704	1395	3412
5	1705	1395	1366	3413
5	1706	1527	1372	3414
5	1706	1372	1687	3415
5	1798	1518	1664	3416
5	1813	1685	1529	3417
5	1708	1694	1553	3418
5	1708	1553	1566	3419
5	1739	1590	1738	3420
5	1739	1514	1590	3421
5	1866	1717	1710	3422
5	2087	1799	1991	3423
5	1743	1595	1712	3424
5	1718	1524	1713	3425
5	1932	1793	1792	3426
5	1712	1595	1558	3427
5	1743	1596	1595	3428
5	1865	1719	1864	3429
5	2056	1909	1908	3430
5	1908	1762	1838	3431
5	1861	1714	1860	3432
5	2053	1906	1905	3433
5	1789	1643	1788	3434
5	1790	1645	1644	3435
5	1799	1723	1573	3436
5	1723	1417	1573	3437
5	2034	1865	2013	3438
5	1740	1593	1569	3439
5	1913	1703	1771	3440
5	1740	1569	1720	3441
5	2196	2050	2195	3442
5	1885	1720	1865	3443
5	1801	1548	1651	3444
5	2007	1855	2006	3445
5	2015	1858	2014	3446
5	1813	1529	1707	3447
5	2088	1513	2016	3448
5	1867	1826	1688	3449
5	1868	1724	1716	3450
5	1726	1526	1575	3451
5	2032	1884	1835	3452
5	2030	1882	2029	3453
5	1870	1726	1725	3454
5	1871	1828	1671	3455
5	1998	1802	1972	3456
5	1727	1577	1419	3457
5	1873	1842	1654	3458
5	1730	1580	1729	3459
5	1823	1659	1694	3460
5	1730	1654	1581	3461
5	2002	1843	2001	3462
5	2160	2001	2089	3463
5	1902	1757	1901	3464
5	1846	1677	1661	3465
5	1877	1732	1702	3466
5	2025	1878	1877	3467
5	1855	1681	1837	3468
5	1845	1663	1802	3469
5	1734	1680	1586	3470
5	1734	1586	1585	3471
5	2028	1880	1964	3472
5	1737	1510	1588	3473
5	1884	1739	1738	3474
5	1883	1835	1673	3475
5	1880	1680	1820	3476
5	1821	1767	1658	3477
5	1739	1709	1514	3478
5	1738	1590	1589	3479
5	1858	1709	1803	3480
5	1830	1565	1717	3481
5	1831	1711	1659	3482
5	1831	1659	1823	3483
5	1874	1729	1728	3484
5	1742	1594	1741	3485
5	1839	1674	1829	3486
5	1743	1713	1596	3487
5	1935	1795	1934	3488
5	1863	1713	1812	3489
5	1745	1554	1598	3490
5	1744	1598	1597	3491
5	1839	1792	1674	3492
5	1933	1793	1932	3493
5	1747	1656	1560	3494
5	1896	1751	1895	3495
5	2016	1513	1826	3496
5	1928	1827	1787	3497
5	1896	1752	1751	3498
5	1749	1601	1748	3499
5	2071	1926	1925	3500
5	1783	1602	1749	3501
5	1895	1750	1894	3502
5	1898	1754	1753	3503
5	1894	1699	1815	3504
5	1754	1608	1607	3505
5	1895	1751	1750	3506
5	1756	1610	1609	3507
5	2240	1866	2100	3508
5	1846	1661	1827	3509
5	1927	1731	1876	3510
5	1757	1610	1756	3511
5	1928	1787	1786	3512
5	1760	1613	1759	3513
5	1892	1748	1678	3514
5	1924	1783	1749	3515
5	1834	1678	1683	3516
5	1758	1611	1757	3517
5	1905	1761	1760	3518
5	1761	1614	1760	3519
5	1902	1758	1757	3520
5	1761	1535	1614	3521
5	1898	1753	1897	3522
5	1894	1750	1699	3523
5	2090	2040	1962	3524
5	1841	1806	1657	3525
5	1764	1619	1763	3526
5	1764	1616	1619	3527
5	1764	1762	1616	3528
5	1763	1619	1618	3529
5	1906	1834	1683	3530
5	2009	1860	1963	3531
5	1838	1762	1764	3532
5	1779	1634	1633	3533
5	1766	1621	1539	3534
5	1782	1637	1781	3535
5	1964	1880	1820	3536
5	1769	1624	1768	3537
5	2170	2020	2169	3538
5	1769	1734	1585	3539
5	1805	1658	1666	3540
5	1821	1658	1805	3541
5	1771	1540	1626	3542
5	1771	1703	1540	3543
5	1966	1840	1890	3544
5	1937	1797	1936	3545
5	1918	1775	1917	3546
5	1914	1766	1824	3547
5	1856	1702	1701	3548
5	1776	1630	1775	3549
5	2063	1918	2062	3550
5	2059	1915	1914	3551
5	2197	2052	2051	3552
5	1776	1681	1631	3553
5	2064	1968	1919	3554
5	1919	1777	1909	3555
5	1778	1633	1632	3556
5	1779	1633	1778	3557
5	1922	1778	1919	3558
5	1837	1681	1776	3559
5	1782	1766	1539	3560
5	1780	1635	1779	3561
5	1918	1837	1776	3562
5	1782	1539	1637	3563
5	1907	1763	1825	3564
5	2059	1914	1967	3565
5	1878	1732	1877	3566
5	1914	1772	1766	3567
5	1926	1785	1784	3568
5	1784	1638	1783	3569
5	1825	1763	1682	3570
5	1785	1657	1640	3571
5	1862	1847	1679	3572
5	1920	1780	1779	3573
5	2072	1876	1946	3574
5	1787	1641	1786	3575
5	2093	2008	1857	3576
5	2133	1983	1817	3577
5	1789	1644	1643	3578
5	1791	1533	1645	3579
5	1869	1724	1868	3580
5	1790	1644	1789	3581
5	1911	1767	1821	3582
5	1791	1716	1533	3583
5	1884	1738	1835	3584
5	1868	1716	1804	3585
5	1793	1647	1646	3586
5	1794	1648	1647	3587
5	1929	1788	1836	3588
5	1832	1672	1840	3589
5	1864	1718	1863	3590
5	1795	1648	1794	3591
5	2082	1937	1936	3592
5	1797	1597	1650	3593
5	2081	1936	1935	3594
5	1865	1720	1719	3595
5	1863	1718	1713	3596
5	1840	1672	1675	3597
5	1954	1690	1685	3598
5	1816	1655	1690	3599
5	1866	1710	1858	3600
5	1835	1738	1673	3601
5	1800	1676	1656	3602
5	2193	2047	2192	3603
5	1873	1654	1730	3604
5	2174	2027	2025	3605
5	1972	1802	1667	3606
5	2095	1969	2036	3607
5	1884	1803	1739	3608
5	2033	2014	1803	3609
5	2228	2101	2110	3610
5	1929	1789	1788	3611
5	1985	1821	1960	3612
5	2096	1944	1959	3613
5	1806	1700	1657	3614
5	1988	1957	1825	3615
5	1891	1747	1746	3616
5	2074	1827	1928	3617
5	1854	1698	1693	3618
5	1854	1811	1698	3619
5	1977	1669	1809	3620
5	1809	1669	1364	3621
5	1978	1810	1686	3622
5	2147	1810	1978	3623
5	1942	1811	1854	3624
5	1979	1696	1811	3625
5	1888	1743	1712	3626
5	1842	1670	1654	3627
5	2128	1814	1979	3628
5	1853	1695	1550	3629
5	2416	2244	2415	3630
5	1982	1547	1665	3631
5	1815	1699	1677	3632
5	1827	1661	1787	3633
5	1952	1686	1808	3634
5	1984	1503	1939	3635
5	2084	1717	1866	3636
5	1857	1542	1704	3637
5	1818	1817	1705	3638
5	1818	1705	1366	3639
5	1939	1689	1844	3640
5	1844	1559	1660	3641
5	2316	2175	2121	3642
5	1911	1768	1767	3643
5	1910	1734	1769	3644
5	2169	2019	2168	3645
5	1879	1733	1878	3646
5	1998	1845	1802	3647
5	1888	1712	1887	3648
5	1887	1711	1831	3649
5	1923	1782	1781	3650
5	1923	1781	1921	3651
5	1995	1907	1957	3652
5	2345	2207	2206	3653
5	1989	1867	1723	3654
5	1826	1513	1436	3655
5	1846	1815	1677	3656
5	1990	1815	1846	3657
5	1828	1805	1666	3658
5	1828	1666	1671	3659
5	1886	1741	1740	3660
5	1885	1740	1720	3661
5	2084	1830	1717	3662
5	1991	1722	1830	3663
5	2301	2155	2173	3664
5	2026	1801	1651	3665
5	2168	2018	2091	3666
5	1931	1790	1930	3667
5	1833	1800	1656	3668
5	1833	1656	1747	3669
5	2050	1902	2049	3670
5	1892	1678	1834	3671
5	1881	1735	1880	3672
5	1881	1736	1735	3673
5	1832	1770	1672	3674
5	1974	1965	1804	3675
5	1915	1772	1914	3676
5	1916	1774	1773	3677
5	2068	1921	2065	3678
5	1909	1777	1765	3679
5	1936	1797	1796	3680
5	2078	1932	1938	3681
5	1890	1745	1889	3682
5	1935	1796	1795	3683
5	1893	1748	1892	3684
5	1925	1784	1783	3685
5	1843	1708	1670	3686
5	1850	1823	1694	3687
5	2037	1887	1831	3688
5	1850	1708	1843	3689
5	2131	1854	1951	3690
5	1939	1503	1689	3691
5	1987	1874	1728	3692
5	1872	1577	1727	3693
5	2044	1897	1896	3694
5	2047	1900	1899	3695
5	1847	1825	1682	3696
5	1847	1682	1679	3697
5	1848	1693	1578	3698
5	1848	1578	1668	3699
5	2041	1815	1990	3700
5	2295	2148	1980	3701
5	2182	2035	2181	3702
5	2001	1842	1955	3703
5	2305	2127	2152	3704
5	1851	1660	1691	3705
5	1979	1811	1942	3706
5	1979	1814	1696	3707
5	2104	1956	1853	3708
5	2105	1851	2005	3709
5	1941	1808	1692	3710
5	1943	1655	1816	3711
5	1972	1667	1801	3712
5	1877	1702	1856	3713
5	2371	2265	2425	3714
5	2025	1877	1961	3715
5	2151	1746	1807	3716
5	2106	1971	1891	3717
5	1940	1692	1798	3718
5	2270	1989	2087	3719
5	1859	1829	1742	3720
5	1859	1742	1741	3721
5	1861	1715	1714	3722
5	1862	1679	1715	3723
5	2069	1893	2040	3724
5	1862	1715	1861	3725
5	2165	2163	2011	3726
5	2349	2123	2236	3727
5	1864	1719	1718	3728
5	1886	1740	1885	3729
5	2287	2160	2286	3730
5	1969	1829	1859	3731
5	2114	2078	1938	3732
5	1886	1859	1741	3733
5	2031	1835	1883	3734
5	2015	1866	1858	3735
5	2135	1953	2086	3736
5	1950	1849	1687	3737
5	1869	1725	1724	3738
5	1870	1725	1869	3739
5	2225	2080	2224	3740
5	2020	1871	1870	3741
5	2175	2028	2121	3742
5	1871	1726	1870	3743
5	1975	1960	1805	3744
5	2058	1993	1913	3745
5	2022	1872	1999	3746
5	1872	1721	1577	3747
5	1875	1729	1874	3748
5	2116	2012	1958	3749
5	1875	1730	1729	3750
5	1875	1873	1730	3751
5	1992	1831	1823	3752
5	2001	1843	1842	3753
5	1927	1786	1731	3754
5	1928	1786	1927	3755
5	1878	1733	1732	3756
5	1999	1872	1845	3757
5	2006	1855	1837	3758
5	2234	1987	2145	3759
5	2055	1838	1995	3760
5	1987	1728	1822	3761
5	1883	1737	1882	3762
5	1882	1736	1881	3763
5	1974	1804	1931	3764
5	1883	1673	1737	3765
5	2299	2154	2153	3766
5	2360	2223	2282	3767
5	1975	1805	1828	3768
5	1986	1910	1944	3769
5	2141	1986	2098	3770
5	2029	1882	1881	3771
5	2108	1958	1973	3772
5	2012	1864	1863	3773
5	2204	2058	2203	3774
5	2222	2077	2076	3775
5	1995	1838	1907	3776
5	1888	1812	1743	3777
5	2160	2002	2001	3778
5	2116	1958	2108	3779
5	1890	1840	1675	3780
5	1889	1745	1744	3781
5	2076	1929	2075	3782
5	1993	1836	1913	3783
5	2179	2033	2113	3784
5	2245	2151	2008	3785
5	1893	1749	1748	3786
5	1926	1784	1925	3787
5	1988	1825	1847	3788
5	1924	1749	1893	3789
5	2043	1895	2042	3790
5	2042	1894	2041	3791
5	2049	1901	2048	3792
5	1900	1756	1755	3793
5	2047	1899	2046	3794
5	2073	1927	2072	3795
5	2119	1990	2000	3796
5	1901	1757	1756	3797
5	2073	1928	1927	3798
5	1905	1760	1904	3799
5	2041	1894	1815	3800
5	2043	1896	1895	3801
5	2042	1895	1894	3802
5	1903	1758	1902	3803
5	2052	1905	1904	3804
5	1904	1759	1903	3805
5	2048	1900	2047	3806
5	2045	1897	2044	3807
5	2045	1898	1897	3808
5	1906	1761	1905	3809
5	2215	2124	2071	3810
5	1906	1683	1761	3811
5	2192	2047	2046	3812
5	2009	1861	1860	3813
5	2194	2049	2048	3814
5	2040	1892	1962	3815
5	1907	1838	1764	3816
5	1907	1764	1763	3817
5	1921	1780	1920	3818
5	1919	1778	1777	3819
5	2011	1847	1862	3820
5	2342	2201	2260	3821
5	1912	1768	1911	3822
5	2280	2015	2178	3823
5	1912	1769	1768	3824
5	1912	1910	1769	3825
5	1913	1836	1703	3826
5	1913	1771	1832	3827
5	2018	1869	1868	3828
5	1965	1868	1804	3829
5	1915	1773	1772	3830
5	1917	1775	1774	3831
5	2122	2059	1967	3832
5	1916	1773	1915	3833
5	2208	2063	2062	3834
5	1918	1776	1775	3835
5	2007	1961	1856	3836
5	2007	1856	1855	3837
5	2064	1919	1909	3838
5	2062	1917	2061	3839
5	2050	1903	1902	3840
5	1963	1860	1806	3841
5	1968	1922	1919	3842
5	2063	2006	1837	3843
5	2211	2107	2065	3844
5	1923	1824	1782	3845
5	1922	1920	1779	3846
5	1922	1779	1778	3847
5	2066	1922	1968	3848
5	2207	2061	2206	3849
5	2040	1893	1892	3850
5	1925	1783	1924	3851
5	2213	2069	2040	3852
5	1926	1841	1785	3853
5	2051	1904	1903	3854
5	2044	1896	2043	3855
5	2046	1899	1898	3856
5	2049	1902	1901	3857
5	2117	1946	1970	3858
5	2028	1881	1880	3859
5	2079	1933	2078	3860
5	1930	1789	1929	3861
5	2058	1832	2057	3862
5	1931	1804	1791	3863
5	2057	1840	1966	3864
5	2283	2115	2142	3865
5	1933	1794	1793	3866
5	1934	1795	1794	3867
5	2238	2114	2125	3868
5	1936	1796	1935	3869
5	2077	1930	2076	3870
5	2081	1935	2080	3871
5	2035	1885	2034	3872
5	1937	1744	1797	3873
5	2111	2057	1966	3874
5	2037	1831	1992	3875
5	2036	1859	1886	3876
5	1969	1947	1829	3877
5	1938	1932	1839	3878
5	2126	1969	2095	3879
5	2146	1852	1997	3880
5	2152	1662	1684	3881
5	1943	1546	1655	3882
5	2239	2085	2129	3883
5	2245	2008	2093	3884
5	2128	2004	1814	3885
5	1956	1819	1695	3886
5	2104	2005	1956	3887
5	2129	1546	1943	3888
5	1991	1799	1722	3889
5	1985	1959	1911	3890
5	2224	2079	2223	3891
5	2131	1942	1854	3892
5	2132	1848	1945	3893
5	1946	1876	1800	3894
5	1983	1857	1704	3895
5	1947	1938	1839	3896
5	1947	1839	1829	3897
5	2241	2093	1983	3898
5	1983	1704	1817	3899
5	1949	1948	1818	3900
5	1949	1818	1546	3901
5	2086	1849	1950	3902
5	1953	1706	1849	3903
5	2293	2097	1940	3904
5	2134	1808	1941	3905
5	2149	1978	1952	3906
5	1978	1686	1952	3907
5	2135	1940	1798	3908
5	1953	1798	1664	3909
5	2550	2304	2380	3910
5	1954	1816	1690	3911
5	2024	1875	2023	3912
5	2024	1873	1875	3913
5	2103	1844	2003	3914
5	2097	1941	1940	3915
5	1957	1907	1825	3916
5	2243	2138	2163	3917
5	1958	1863	1812	3918
5	2038	1888	1887	3919
5	1959	1944	1912	3920
5	1959	1912	1911	3921
5	1985	1911	1821	3922
5	1960	1821	1805	3923
5	1961	1877	1856	3924
5	2144	2026	1879	3925
5	1962	1892	1834	3926
5	2054	1962	1834	3927
5	2199	2053	2198	3928
5	2070	1925	1924	3929
5	2177	2030	2176	3930
5	2112	2032	2031	3931
5	2021	1975	1828	3932
5	2018	1868	1965	3933
5	2220	1993	2204	3934
5	2083	1937	2082	3935
5	1967	1914	1824	3936
5	2208	2062	2207	3937
5	2065	1921	1920	3938
5	2067	1824	1923	3939
5	2013	1864	2012	3940
5	2035	1886	1885	3941
5	1970	1946	1800	3942
5	1970	1800	1833	3943
5	1971	1970	1833	3944
5	1971	1833	1891	3945
5	2144	1879	2027	3946
5	2145	1987	1822	3947
5	1973	1958	1812	3948
5	1973	1812	1888	3949
5	2075	1836	1993	3950
5	2076	1930	1929	3951
5	2019	1869	2018	3952
5	2019	1870	1869	3953
5	1976	1963	1806	3954
5	1976	1806	1841	3955
5	1997	1669	1977	3956
5	2244	2127	2229	3957
5	1982	1945	1547	3958
5	2150	1945	1982	3959
5	2005	1851	1819	3960
5	2004	1853	1697	3961
5	2148	2136	1954	3962
5	1980	1813	1707	3963
5	1981	1980	1707	3964
5	1981	1707	1852	3965
5	2296	2289	2149	3966
5	2134	1952	1808	3967
5	2379	2167	2233	3968
5	2008	1653	1857	3969
5	2152	1684	1984	3970
5	1984	1684	1503	3971
5	2220	2075	1993	3972
5	2221	2076	2075	3973
5	1986	1964	1820	3974
5	1986	1820	1910	3975
5	2185	2108	1973	3976
5	2375	2370	2262	3977
5	2010	1861	2009	3978
5	2010	1862	1861	3979
5	2217	2072	1946	3980
5	2157	2017	1867	3981
5	2074	1928	2073	3982
5	2217	1946	2117	3983
5	2113	2032	2112	3984
5	2008	1807	1653	3985
5	2038	1973	1888	3986
5	2038	1887	2037	3987
5	2075	1929	1836	3988
5	2077	1931	1930	3989
5	1994	1976	1841	3990
5	1994	1841	1926	3991
5	2055	1908	1838	3992
5	2064	1909	2056	3993
5	1996	1992	1823	3994
5	1996	1823	1850	3995
5	2103	1939	1844	3996
5	2003	1660	1851	3997
5	2022	1822	1721	3998
5	1999	1845	1998	3999
5	2172	1999	2159	4000
5	2022	1721	1872	4001
5	2000	1990	1846	4002
5	2000	1846	1827	4003
5	2002	1850	1843	4004
5	2002	1996	1850	4005
5	2320	2166	2310	4006
5	2161	2102	1996	4007
5	2128	1979	1942	4008
5	2005	1819	1956	4009
5	2369	1941	2097	4010
5	2147	1652	1810	4011
5	2105	2003	1851	4012
5	2684	2517	2518	4013
5	2060	1915	2059	4014
5	2061	1917	1916	4015
5	2212	2068	2107	4016
5	2422	2260	2276	4017
5	2249	2087	1991	4018
5	2084	1991	1830	4019
5	2202	2055	2201	4020
5	2011	1862	2010	4021
5	2213	2040	2090	4022
5	2011	1988	1847	4023
5	2092	2009	1963	4024
5	2371	2308	2250	4025
5	2013	1865	1864	4026
5	2034	1885	1865	4027
5	2185	1973	2038	4028
5	2036	1886	2035	4029
5	2100	1866	2015	4030
5	2014	1858	1803	4031
5	2033	1884	2032	4032
5	2240	2084	1866	4033
5	2136	1816	1954	4034
5	2135	1798	1953	4035
5	2017	2016	1826	4036
5	2017	1826	1867	4037
5	2021	1871	2020	4038
5	2020	1870	2019	4039
5	2154	1959	1985	4040
5	2021	1828	1871	4041
5	2098	1944	2096	4042
5	2121	2028	1964	4043
5	2450	2311	2372	4044
5	2203	2057	2111	4045
5	2109	1801	2026	4046
5	2109	1972	1801	4047
5	2027	1878	2025	4048
5	2024	1955	1873	4049
5	2102	1992	1996	4050
5	2324	2184	2183	4051
5	2314	2246	2172	4052
5	2253	1972	2109	4053
5	2159	1999	1998	4054
5	2027	1879	1878	4055
5	2166	2012	2116	4056
5	2183	2037	1992	4057
5	2031	1883	2030	4058
5	2030	1883	1882	4059
5	2153	1960	2130	4060
5	2171	1975	2021	4061
5	2168	2019	2018	4062
5	2032	1835	2031	4063
5	2098	1986	1944	4064
5	2255	2113	2254	4065
5	2033	1803	1884	4066
5	2268	2141	2098	4067
5	2176	2029	2175	4068
5	2176	2030	2029	4069
5	2373	2256	2283	4070
5	2363	2226	2362	4071
5	2273	2228	2110	4072
5	2036	1969	1859	4073
5	2362	2225	2361	4074
5	2223	2078	2114	4075
5	2156	2023	1874	4076
5	2205	2060	2059	4077
5	2374	2263	2350	4078
5	2856	2731	2765	4079
5	2039	1966	1890	4080
5	2039	1890	1889	4081
5	2069	1924	1893	4082
5	2071	1925	2070	4083
5	2188	2042	2187	4084
5	2189	2043	2188	4085
5	2186	1990	2119	4086
5	2046	1898	2045	4087
5	2190	2045	2044	4088
5	2336	2195	2194	4089
5	2218	2072	2217	4090
5	2048	1901	1900	4091
5	2186	2041	1990	4092
5	2195	2049	2194	4093
5	2187	2041	2186	4094
5	2053	1905	2052	4095
5	2187	2042	2041	4096
5	2188	2043	2042	4097
5	2190	2044	2189	4098
5	2051	1903	2050	4099
5	2199	2054	2053	4100
5	2052	1904	2051	4101
5	2198	2052	2197	4102
5	2192	2046	2191	4103
5	2189	2044	2043	4104
5	2054	1906	2053	4105
5	2196	2051	2050	4106
5	2054	1834	1906	4107
5	2140	2092	1963	4108
5	2352	2213	2351	4109
5	2164	2009	2092	4110
5	2164	2010	2009	4111
5	2210	2064	2056	4112
5	2056	1908	2055	4113
5	2236	2123	2200	4114
5	2165	2010	2164	4115
5	2058	1913	1832	4116
5	2057	1832	1840	4117
5	2115	1966	2039	4118
5	2223	2079	2078	4119
5	2060	1916	1915	4120
5	2063	1837	1918	4121
5	2062	1918	1917	4122
5	2061	1916	2060	4123
5	2303	2094	2262	4124
5	2346	2207	2345	4125
5	2285	2143	2261	4126
5	2139	1961	2007	4127
5	2139	2094	1961	4128
5	2205	2059	2122	4129
5	2201	1995	2099	4130
5	2206	2060	2205	4131
5	2285	2122	2143	4132
5	2067	1967	1824	4133
5	2066	2065	1920	4134
5	2066	1920	1922	4135
5	2107	2068	2065	4136
5	2201	2055	1995	4137
5	2068	2067	1923	4138
5	2068	1923	1921	4139
5	2090	2054	2199	4140
5	2070	1924	2069	4141
5	2419	2144	2315	4142
5	2071	1994	1926	4143
5	2448	2308	2371	4144
5	2475	2336	2474	4145
5	2191	2045	2190	4146
5	2074	2000	1827	4147
5	2219	2073	2218	4148
5	2266	1971	2106	4149
5	2331	2189	2330	4150
5	2194	2048	2193	4151
5	2299	2153	2298	4152
5	2627	2494	2502	4153
5	2171	2130	1975	4154
5	2077	1974	1931	4155
5	2377	2274	2300	4156
5	2298	2153	2130	4157
5	2079	1934	1933	4158
5	2080	1935	1934	4159
5	2180	2034	2013	4160
5	2083	1889	1937	4161
5	2183	1992	2102	4162
5	2166	2013	2012	4163
5	2115	2111	1966	4164
5	2082	1936	2081	4165
5	2227	2142	2083	4166
5	2083	2039	1889	4167
5	2343	2203	2111	4168
5	2226	2081	2225	4169
5	2085	1948	1949	4170
5	2086	1953	1849	4171
5	2270	2157	1989	4172
5	2087	1989	1799	4173
5	2167	2088	2016	4174
5	2369	2134	1941	4175
5	2151	1807	2008	4176
5	2133	1817	1948	4177
5	2386	2135	2086	4178
5	2088	1950	1513	4179
5	2089	2001	1955	4180
5	2155	2089	1955	4181
5	2330	2188	2329	4182
5	2337	2196	2195	4183
5	2091	2018	1965	4184
5	2237	2130	2171	4185
5	2140	1976	2120	4186
5	2215	2071	2070	4187
5	2271	2086	1950	4188
5	2429	2271	2304	4189
5	2094	2025	1961	4190
5	2478	2272	2339	4191
5	2182	2036	2035	4192
5	2181	2035	2034	4193
5	2154	2096	1959	4194
5	2130	1960	1975	4195
5	2167	2016	2017	4196
5	2148	1813	1980	4197
5	2275	2141	2268	4198
5	2496	2361	2360	4199
5	2696	2564	2520	4200
5	2341	2200	2210	4201
5	2178	2015	2014	4202
5	2555	2432	2280	4203
5	2101	2091	1965	4204
5	2101	1965	1974	4205
5	2161	2002	2160	4206
5	2324	2183	2251	4207
5	2388	2148	2295	4208
5	2278	2003	2105	4209
5	2384	2105	2277	4210
5	2104	1853	2004	4211
5	2152	1809	1662	4212
5	2158	1939	2103	4213
5	2113	2033	2032	4214
5	2279	2119	2216	4215
5	2211	2066	2123	4216
5	2202	2056	2055	4217
5	2184	2037	2183	4218
5	2306	2102	2161	4219
5	2314	2159	2253	4220
5	2145	1822	2022	4221
5	2110	2101	1974	4222
5	2110	1974	2077	4223
5	2203	2058	2057	4224
5	2204	1993	2058	4225
5	2280	2100	2015	4226
5	2318	2254	2112	4227
5	2255	2179	2113	4228
5	2266	2118	1971	4229
5	2226	2082	2081	4230
5	2282	2114	2238	4231
5	2273	2110	2222	4232
5	2256	2111	2115	4233
5	2180	2013	2166	4234
5	2181	2034	2180	4235
5	2317	2175	2316	4236
5	2457	2319	2385	4237
5	2118	2117	1970	4238
5	2118	1970	1971	4239
5	2219	2074	2073	4240
5	2334	2193	2192	4241
5	2140	1963	1976	4242
5	2120	1976	1994	4243
5	2175	2029	2028	4244
5	2177	2031	2030	4245
5	2462	2324	2398	4246
5	2345	2205	2230	4247
5	2211	2065	2066	4248
5	2123	2066	1968	4249
5	2124	2120	1994	4250
5	2124	1994	2071	4251
5	2125	2114	1938	4252
5	2125	1938	1947	4253
5	2126	2125	1947	4254
5	2126	1947	1969	4255
5	2303	2174	2094	4256
5	2383	2277	2104	4257
5	2296	2149	2290	4258
5	2277	2005	2104	4259
5	2129	2085	1949	4260
5	2129	1949	1546	4261
5	2153	1985	1960	4262
5	2154	1985	2153	4263
5	2289	2147	2149	4264
5	2290	2149	1952	4265
5	2291	2131	1951	4266
5	2132	1951	1848	4267
5	2292	2133	1948	4268
5	2249	1991	2084	4269
5	2150	2132	1945	4270
5	2149	2147	1978	4271
5	2386	2086	2378	4272
5	2417	2383	2247	4273
5	2518	2388	2295	4274
5	2504	2408	2409	4275
5	2148	1954	1813	4276
5	2137	1980	1981	4277
5	2138	2099	1957	4278
5	2138	1957	1988	4279
5	2209	2006	2063	4280
5	2207	2062	2061	4281
5	2338	2197	2196	4282
5	2340	2199	2272	4283
5	2141	2121	1964	4284
5	2141	1964	1986	4285
5	2142	2115	2039	4286
5	2142	2039	2083	4287
5	2143	2122	1967	4288
5	2143	1967	2067	4289
5	2174	2025	2094	4290
5	2155	1955	2024	4291
5	2156	1874	1987	4292
5	2172	2022	1999	4293
5	2416	2137	1981	4294
5	2146	1981	1852	4295
5	2147	1982	1665	4296
5	2147	1665	1652	4297
5	2295	1980	2137	4298
5	2652	2544	2387	4299
5	2417	2248	2391	4300
5	2247	2104	2004	4301
5	2391	2248	2128	4302
5	2291	1951	2132	4303
5	2297	1891	2151	4304
5	2151	1891	1746	4305
5	2158	1984	1939	4306
5	2152	2127	1977	4307
5	2267	2101	2228	4308
5	2317	2176	2175	4309
5	2298	2130	2237	4310
5	2311	2169	2168	4311
5	2368	2258	2156	4312
5	2262	2094	2139	4313
5	2345	2206	2205	4314
5	2234	2156	1987	4315
5	2242	1943	2136	4316
5	2271	1950	2088	4317
5	2305	1984	2158	4318
5	2305	2152	1984	4319
5	2172	2145	2022	4320
5	2723	2453	2540	4321
5	2161	1996	2002	4322
5	2320	2180	2166	4323
5	2277	2105	2005	4324
5	2288	2128	1942	4325
5	2162	2139	2007	4326
5	2162	2007	2006	4327
5	2163	2138	1988	4328
5	2163	1988	2011	4329
5	2165	2011	2010	4330
5	2422	2276	2394	4331
5	2335	2193	2334	4332
5	2307	2163	2165	4333
5	2310	2116	2309	4334
5	2449	2322	2320	4335
5	2438	2241	2133	4336
5	2292	1948	2085	4337
5	2169	2020	2019	4338
5	2170	2021	2020	4339
5	2644	2585	2511	4340
5	2316	2121	2275	4341
5	2358	2221	2220	4342
5	2171	2021	2170	4343
5	2358	2220	2357	4344
5	2360	2224	2223	4345
5	2314	2172	2159	4346
5	2252	2026	2144	4347
5	2173	2155	2024	4348
5	2173	2024	2023	4349
5	2258	2023	2156	4350
5	2433	2261	2423	4351
5	2411	2228	2273	4352
5	2443	2298	2396	4353
5	2318	2112	2177	4354
5	2275	2121	2141	4355
5	2319	2176	2317	4356
5	2177	2112	2031	4357
5	2284	2179	2255	4358
5	2505	2266	2397	4359
5	2179	2178	2014	4360
5	2179	2014	2033	4361
5	2326	2108	2185	4362
5	2364	2283	2142	4363
5	2418	2398	2251	4364
5	2182	2095	2036	4365
5	2322	2180	2320	4366
5	2325	2184	2324	4367
5	2184	2038	2037	4368
5	2185	2038	2184	4369
5	2462	2325	2324	4370
5	2309	2116	2108	4371
5	2326	2309	2108	4372
5	2446	2286	2435	4373
5	2330	2189	2188	4374
5	2329	2187	2328	4375
5	2475	2337	2336	4376
5	2193	2048	2047	4377
5	2430	2275	2268	4378
5	2441	2397	2106	4379
5	2327	2186	2119	4380
5	2191	2046	2045	4381
5	2336	2194	2335	4382
5	2334	2192	2333	4383
5	2328	2187	2186	4384
5	2329	2188	2187	4385
5	2331	2190	2189	4386
5	2197	2051	2196	4387
5	2351	2090	2340	4388
5	2195	2050	2049	4389
5	2272	2199	2198	4390
5	2339	2198	2197	4391
5	2339	2197	2338	4392
5	2198	2053	2052	4393
5	2337	2195	2336	4394
5	2332	2191	2190	4395
5	2352	2214	2213	4396
5	2090	1962	2054	4397
5	2404	2259	2376	4398
5	2214	2070	2069	4399
5	2484	2403	2341	4400
5	2250	2164	2092	4401
5	2200	2123	1968	4402
5	2200	1968	2064	4403
5	2260	2201	2099	4404
5	2210	2056	2202	4405
5	2341	2236	2200	4406
5	2210	2200	2064	4407
5	2498	2363	2362	4408
5	2221	2075	2220	4409
5	2480	2344	2343	4410
5	2222	2110	2077	4411
5	2206	2061	2060	4412
5	2209	2063	2208	4413
5	2424	2173	2258	4414
5	2287	2161	2160	4415
5	2615	2481	2506	4416
5	2209	2162	2006	4417
5	2231	2139	2162	4418
5	2485	2350	2349	4419
5	2483	2348	2342	4420
5	2350	2211	2349	4421
5	2448	2307	2308	4422
5	2276	2138	2243	4423
5	2342	2202	2201	4424
5	2556	2402	2482	4425
5	2212	2143	2067	4426
5	2212	2067	2068	4427
5	2259	2120	2124	4428
5	2214	2069	2213	4429
5	2352	2264	2215	4430
5	2215	2070	2214	4431
5	2508	2376	2488	4432
5	2332	2190	2331	4433
5	2216	2119	2000	4434
5	2216	2000	2074	4435
5	2218	2073	2072	4436
5	2327	2119	2279	4437
5	2766	2644	2694	4438
5	2355	2216	2219	4439
5	2328	2186	2327	4440
5	2219	2216	2074	4441
5	2497	2362	2361	4442
5	2421	2255	2254	4443
5	2311	2168	2235	4444
5	2222	2076	2221	4445
5	2235	2168	2091	4446
5	2412	2235	2267	4447
5	2224	2080	2079	4448
5	2225	2081	2080	4449
5	2357	2204	2344	4450
5	2227	2083	2082	4451
5	2633	2500	2499	4452
5	2322	2181	2180	4453
5	2460	2323	2322	4454
5	2227	2082	2226	4455
5	2458	2310	2309	4456
5	2282	2223	2114	4457
5	2359	2222	2221	4458
5	2555	2178	2284	4459
5	2244	1997	2127	4460
5	2244	2146	1997	4461
5	2230	2205	2122	4462
5	2285	2230	2122	4463
5	2347	2209	2208	4464
5	2401	2375	2231	4465
5	2232	2231	2162	4466
5	2232	2162	2209	4467
5	2233	2167	2017	4468
5	2233	2017	2157	4469
5	2252	2109	2026	4470
5	2258	2173	2023	4471
5	2585	2450	2511	4472
5	2451	2312	2450	4473
5	2261	2143	2212	4474
5	2400	2345	2230	4475
5	2312	2169	2311	4476
5	2312	2170	2169	4477
5	2321	2269	2095	4478
5	2461	2321	2323	4479
5	2293	1940	2135	4480
5	2241	1983	2133	4481
5	2249	2084	2240	4482
5	2567	2428	2270	4483
5	2678	2389	2503	4484
5	2297	2106	1891	4485
5	2242	2239	2129	4486
5	2242	2129	1943	4487
5	2485	2349	2382	4488
5	2265	2092	2140	4489
5	2431	2229	2158	4490
5	2416	2146	2244	4491
5	2365	2292	2085	4492
5	2544	2097	2387	4493
5	2246	2234	2145	4494
5	2246	2145	2172	4495
5	2288	1942	2131	4496
5	2416	1981	2146	4497
5	2248	2247	2004	4498
5	2248	2004	2128	4499
5	2378	2086	2271	4500
5	2353	2117	2281	4501
5	2307	2243	2163	4502
5	2308	2164	2250	4503
5	2251	2183	2102	4504
5	2598	2462	2512	4505
5	2419	2252	2144	4506
5	2262	2139	2231	4507
5	2355	2279	2216	4508
5	2420	2279	2355	4509
5	2354	2217	2353	4510
5	2254	2113	2112	4511
5	2675	2510	2405	4512
5	2284	2178	2179	4513
5	2359	2273	2222	4514
5	2343	2111	2256	4515
5	2257	2238	2125	4516
5	2257	2125	2126	4517
5	2315	2144	2027	4518
5	2315	2027	2174	4519
5	2294	2120	2259	4520
5	2265	2250	2092	4521
5	2487	2352	2351	4522
5	2488	2264	2352	4523
5	2423	2261	2263	4524
5	2350	2107	2211	4525
5	2573	2433	2572	4526
5	2286	2160	2089	4527
5	2263	2261	2212	4528
5	2263	2212	2107	4529
5	2264	2259	2124	4530
5	2264	2124	2215	4531
5	2514	2394	2414	4532
5	2381	2342	2260	4533
5	2486	2351	2340	4534
5	2281	2117	2118	4535
5	2267	2235	2091	4536
5	2267	2091	2101	4537
5	2555	2284	2510	4538
5	2427	2268	2274	4539
5	2269	2257	2126	4540
5	2269	2126	2095	4541
5	2501	2438	2292	4542
5	2516	2233	2428	4543
5	2432	2366	2100	4544
5	2429	2378	2271	4545
5	2340	2090	2199	4546
5	2351	2213	2090	4547
5	2344	2203	2343	4548
5	2399	2343	2256	4549
5	2274	2268	2098	4550
5	2274	2098	2096	4551
5	2455	2275	2430	4552
5	2444	2300	2299	4553
5	2276	2260	2099	4554
5	2276	2099	2138	4555
5	2384	2278	2105	4556
5	2278	2103	2003	4557
5	2431	2158	2103	4558
5	2431	2103	2278	4559
5	2253	2159	1998	4560
5	2253	1998	1972	4561
5	2505	2118	2266	4562
5	2366	2240	2100	4563
5	2353	2217	2117	4564
5	2354	2218	2217	4565
5	2363	2227	2226	4566
5	2283	2256	2115	4567
5	2361	2224	2360	4568
5	2763	2632	2762	4569
5	2441	2106	2297	4570
5	2397	2266	2106	4571
5	2481	2345	2400	4572
5	2401	2231	2232	4573
5	2526	2445	2301	4574
5	2434	2230	2285	4575
5	2306	2251	2102	4576
5	2306	2161	2287	4577
5	2503	2389	2439	4578
5	2290	1952	2134	4579
5	2289	2150	1982	4580
5	2289	1982	2147	4581
5	2383	2104	2247	4582
5	2390	2131	2291	4583
5	2390	2288	2131	4584
5	2518	2295	2440	4585
5	2428	2233	2157	4586
5	2791	2567	2651	4587
5	2380	2304	2167	4588
5	2388	2136	2148	4589
5	2294	2265	2140	4590
5	2294	2140	2120	4591
5	2519	2293	2386	4592
5	2365	2085	2239	4593
5	2436	2132	2150	4594
5	2296	2150	2289	4595
5	2297	2151	2245	4596
5	2432	2100	2280	4597
5	2300	2096	2154	4598
5	2300	2154	2299	4599
5	2395	2267	2228	4600
5	2300	2274	2096	4601
5	2412	2267	2395	4602
5	2638	2504	2509	4603
5	2375	2262	2231	4604
5	2302	2155	2301	4605
5	2302	2286	2089	4606
5	2302	2089	2155	4607
5	2368	2156	2234	4608
5	2452	2253	2109	4609
5	2304	2271	2088	4610
5	2304	2088	2167	4611
5	2305	2158	2229	4612
5	2305	2229	2127	4613
5	2435	2286	2302	4614
5	2619	2485	2618	4615
5	2483	2342	2381	4616
5	2572	2433	2423	4617
5	2308	2307	2165	4618
5	2308	2165	2164	4619
5	2310	2166	2116	4620
5	2321	2095	2182	4621
5	2459	2310	2458	4622
5	2632	2499	2498	4623
5	2313	2171	2170	4624
5	2313	2170	2312	4625
5	2570	2430	2427	4626
5	2313	2237	2171	4627
5	2427	2274	2377	4628
5	2444	2377	2300	4629
5	2452	2393	2314	4630
5	2452	2109	2252	4631
5	2588	2315	2453	4632
5	2767	2642	2588	4633
5	2489	2353	2281	4634
5	2454	2254	2318	4635
5	2451	2407	2313	4636
5	2780	2644	2766	4637
5	2491	2355	2356	4638
5	2405	2284	2255	4639
5	2319	2318	2177	4640
5	2319	2177	2176	4641
5	2464	2309	2326	4642
5	2630	2497	2496	4643
5	2323	2181	2322	4644
5	2406	2360	2282	4645
5	2323	2182	2181	4646
5	2323	2321	2182	4647
5	2460	2322	2449	4648
5	2499	2363	2498	4649
5	2325	2185	2184	4650
5	2326	2185	2325	4651
5	2463	2325	2462	4652
5	2761	2630	2760	4653
5	2599	2463	2598	4654
5	2689	2522	2543	4655
5	2466	2327	2465	4656
5	2465	2279	2420	4657
5	2490	2353	2489	4658
5	2333	2191	2332	4659
5	2465	2327	2279	4660
5	2479	2340	2272	4661
5	2467	2328	2466	4662
5	2466	2328	2327	4663
5	2487	2351	2486	4664
5	2333	2192	2191	4665
5	2477	2339	2338	4666
5	2467	2329	2328	4667
5	2471	2332	2470	4668
5	2335	2194	2193	4669
5	2468	2330	2329	4670
5	2473	2334	2472	4671
5	2469	2330	2468	4672
5	2338	2196	2337	4673
5	2469	2331	2330	4674
5	2470	2332	2331	4675
5	2472	2333	2471	4676
5	2339	2272	2198	4677
5	2471	2333	2332	4678
5	2478	2339	2477	4679
5	2472	2334	2333	4680
5	2473	2335	2334	4681
5	2479	2272	2478	4682
5	2352	2215	2214	4683
5	2348	2202	2342	4684
5	2484	2348	2483	4685
5	2348	2210	2202	4686
5	2348	2341	2210	4687
5	2344	2204	2203	4688
5	2357	2220	2204	4689
5	2412	2372	2235	4690
5	2359	2221	2358	4691
5	2346	2208	2207	4692
5	2347	2232	2209	4693
5	2370	2303	2262	4694
5	2347	2208	2346	4695
5	2418	2251	2306	4696
5	2711	2572	2528	4697
5	2425	2265	2294	4698
5	2620	2479	2614	4699
5	2350	2263	2107	4700
5	2349	2211	2123	4701
5	2528	2423	2374	4702
5	2423	2263	2374	4703
5	2474	2336	2335	4704
5	2371	2250	2265	4705
5	2376	2259	2264	4706
5	2477	2338	2476	4707
5	2430	2268	2427	4708
5	2356	2218	2354	4709
5	2586	2524	2407	4710
5	2566	2457	2529	4711
5	2470	2331	2469	4712
5	2468	2329	2467	4713
5	2356	2355	2219	4714
5	2356	2219	2218	4715
5	2821	2722	2780	4716
5	2761	2631	2630	4717
5	2726	2589	2724	4718
5	2463	2326	2325	4719
5	2496	2360	2406	4720
5	2632	2498	2631	4721
5	2361	2225	2224	4722
5	2362	2226	2225	4723
5	2630	2496	2629	4724
5	2364	2142	2227	4725
5	3011	2931	2887	4726
5	2912	2884	2769	4727
5	2494	2357	2492	4728
5	2364	2227	2363	4729
5	2411	2395	2228	4730
5	2399	2256	2373	4731
5	2674	2505	2397	4732
5	2428	2157	2270	4733
5	2367	2240	2366	4734
5	2367	2249	2240	4735
5	2537	2241	2438	4736
5	2695	2537	2637	4737
5	2523	2258	2368	4738
5	2523	2424	2258	4739
5	2437	2296	2290	4740
5	2369	2290	2134	4741
5	2733	2598	2647	4742
5	2540	2303	2370	4743
5	2448	2414	2307	4744
5	2546	2381	2521	4745
5	2372	2311	2235	4746
5	2524	2396	2407	4747
5	2500	2373	2283	4748
5	2499	2364	2363	4749
5	2485	2374	2350	4750
5	2572	2423	2528	4751
5	2482	2346	2481	4752
5	2520	2375	2401	4753
5	2404	2294	2259	4754
5	2425	2294	2404	4755
5	2570	2427	2522	4756
5	2396	2298	2237	4757
5	2552	2369	2544	4758
5	2801	2501	2648	4759
5	2438	2133	2292	4760
5	2380	2167	2379	4761
5	2516	2379	2233	4762
5	2391	2128	2288	4763
5	2382	2349	2236	4764
5	2698	2616	2690	4765
5	2563	2394	2514	4766
5	2565	2371	2425	4767
5	2417	2247	2248	4768
5	2548	2415	2229	4769
5	2549	2277	2383	4770
5	2415	2244	2229	4771
5	2385	2319	2317	4772
5	2455	2316	2275	4773
5	2387	2097	2293	4774
5	2386	2293	2135	4775
5	2569	2545	2378	4776
5	2389	2239	2242	4777
5	2648	2365	2551	4778
5	2555	2280	2178	4779
5	2548	2229	2431	4780
5	2439	2136	2388	4781
5	2552	2437	2369	4782
5	2576	2296	2437	4783
5	2553	2288	2390	4784
5	2437	2290	2369	4785
5	2392	2368	2234	4786
5	2392	2234	2246	4787
5	2393	2392	2246	4788
5	2393	2246	2314	4789
5	2422	2381	2260	4790
5	2394	2276	2243	4791
5	2840	2707	2692	4792
5	2760	2629	2759	4793
5	2443	2299	2298	4794
5	2444	2299	2443	4795
5	2534	2367	2366	4796
5	2426	2356	2354	4797
5	2398	2324	2251	4798
5	2573	2507	2434	4799
5	2493	2411	2273	4800
5	2480	2343	2399	4801
5	2526	2301	2424	4802
5	2424	2301	2173	4803
5	2513	2435	2445	4804
5	2482	2347	2346	4805
5	2402	2401	2232	4806
5	2402	2232	2347	4807
5	2403	2382	2236	4808
5	2403	2236	2341	4809
5	2673	2528	2619	4810
5	2584	2371	2565	4811
5	2557	2420	2491	4812
5	2716	2534	2535	4813
5	2498	2362	2497	4814
5	2497	2361	2496	4815
5	2407	2396	2237	4816
5	2407	2237	2313	4817
5	2408	2406	2282	4818
5	2408	2282	2238	4819
5	2409	2408	2238	4820
5	2409	2238	2257	4821
5	2410	2409	2257	4822
5	2410	2257	2269	4823
5	2492	2344	2480	4824
5	2494	2358	2357	4825
5	2530	2502	2492	4826
5	2530	2480	2399	4827
5	2413	2410	2269	4828
5	2413	2269	2321	4829
5	2414	2394	2243	4830
5	2414	2243	2307	4831
5	2544	2369	2097	4832
5	2440	2295	2137	4833
5	2685	2440	2653	4834
5	2653	2440	2560	4835
5	2667	2515	2505	4836
5	2660	2571	2384	4837
5	2447	2418	2306	4838
5	2447	2287	2446	4839
5	2689	2682	2522	4840
5	2452	2314	2253	4841
5	2491	2420	2355	4842
5	2491	2356	2426	4843
5	2590	2456	2455	4844
5	2421	2405	2255	4845
5	2690	2616	2617	4846
5	2892	2781	2782	4847
5	2433	2285	2261	4848
5	2434	2285	2433	4849
5	2453	2174	2303	4850
5	2618	2485	2382	4851
5	2521	2381	2422	4852
5	2975	2841	2893	4853
5	2693	2566	2529	4854
5	2625	2558	2421	4855
5	2456	2385	2317	4856
5	2668	2645	2554	4857
5	2567	2270	2087	4858
5	2658	2367	2534	4859
5	2661	2429	2550	4860
5	2519	2387	2293	4861
5	2591	2385	2456	4862
5	2626	2491	2426	4863
5	2660	2548	2571	4864
5	2701	2561	2415	4865
5	2510	2284	2405	4866
5	2771	2550	2659	4867
5	2720	2520	2583	4868
5	2434	2400	2230	4869
5	2730	2525	2596	4870
5	2712	2572	2711	4871
5	2698	2547	2616	4872
5	2446	2287	2286	4873
5	2575	2291	2436	4874
5	2436	2150	2296	4875
5	2839	2666	2553	4876
5	2436	2291	2132	4877
5	2501	2292	2365	4878
5	3006	2834	2756	4879
5	2439	2389	2242	4880
5	2439	2242	2136	4881
5	2654	2552	2544	4882
5	2773	2552	2654	4883
5	3145	3066	3083	4884
5	2623	2426	2490	4885
5	2442	2441	2297	4886
5	2442	2297	2245	4887
5	2628	2493	2495	4888
5	2724	2570	2682	4889
5	2532	2395	2411	4890
5	2603	2467	2602	4891
5	2445	2435	2302	4892
5	2445	2302	2301	4893
5	2447	2306	2287	4894
5	2525	2410	2413	4895
5	2546	2483	2381	4896
5	2596	2461	2595	4897
5	2614	2479	2478	4898
5	2610	2474	2609	4899
5	2461	2413	2321	4900
5	2461	2323	2460	4901
5	2451	2313	2312	4902
5	2450	2312	2311	4903
5	2722	2585	2644	4904
5	2586	2451	2585	4905
5	2587	2252	2419	4906
5	2587	2452	2252	4907
5	2588	2419	2315	4908
5	2453	2315	2174	4909
5	2490	2354	2353	4910
5	2454	2421	2254	4911
5	2456	2316	2455	4912
5	2456	2317	2316	4913
5	2579	2396	2524	4914
5	2762	2632	2631	4915
5	2457	2454	2318	4916
5	2457	2318	2319	4917
5	2459	2320	2310	4918
5	2459	2449	2320	4919
5	2574	2446	2435	4920
5	2649	2502	2530	4921
5	2596	2525	2413	4922
5	2598	2463	2462	4923
5	2595	2461	2460	4924
5	2525	2509	2410	4925
5	2845	2822	2665	4926
5	2464	2326	2463	4927
5	2592	2459	2458	4928
5	2464	2458	2309	4929
5	2594	2460	2449	4930
5	2729	2594	2593	4931
5	2611	2476	2475	4932
5	2602	2466	2601	4933
5	2604	2468	2603	4934
5	2600	2465	2420	4935
5	2612	2477	2476	4936
5	2558	2405	2421	4937
5	2601	2466	2465	4938
5	2474	2335	2473	4939
5	2608	2472	2607	4940
5	2605	2469	2604	4941
5	2602	2467	2466	4942
5	2612	2476	2611	4943
5	2603	2468	2467	4944
5	2476	2338	2337	4945
5	2609	2473	2608	4946
5	2614	2478	2613	4947
5	2604	2469	2468	4948
5	2605	2470	2469	4949
5	2607	2471	2606	4950
5	2476	2337	2475	4951
5	2606	2470	2605	4952
5	2606	2471	2470	4953
5	2613	2477	2612	4954
5	2488	2352	2487	4955
5	2607	2472	2471	4956
5	2608	2473	2472	4957
5	2621	2486	2620	4958
5	2486	2340	2479	4959
5	2609	2474	2473	4960
5	2610	2475	2474	4961
5	2492	2357	2344	4962
5	2493	2273	2359	4963
5	2482	2402	2347	4964
5	2481	2346	2345	4965
5	2583	2520	2401	4966
5	2581	2418	2447	4967
5	2484	2341	2348	4968
5	2943	2831	2798	4969
5	2541	2404	2376	4970
5	2584	2448	2371	4971
5	2618	2382	2547	4972
5	2749	2547	2698	4973
5	2622	2488	2487	4974
5	2841	2706	2775	4975
5	2721	2584	2565	4976
5	2488	2376	2264	4977
5	2617	2483	2546	4978
5	2541	2376	2508	4979
5	2490	2426	2354	4980
5	2600	2420	2557	4981
5	2674	2667	2505	4982
5	2705	2555	2704	4983
5	2704	2555	2510	4984
5	2601	2465	2600	4985
5	3015	2905	2913	4986
5	2628	2495	2627	4987
5	2495	2358	2494	4988
5	2542	2372	2412	4989
5	2495	2359	2358	4990
5	2495	2493	2359	4991
5	2591	2529	2385	4992
5	2543	2522	2377	4993
5	2533	2408	2504	4994
5	2633	2531	2373	4995
5	2533	2406	2408	4996
5	2500	2283	2364	4997
5	2530	2399	2531	4998
5	2530	2492	2480	4999
5	2633	2373	2500	5000
5	2500	2364	2499	5001
5	2827	2650	2664	5002
5	2631	2498	2497	5003
5	2705	2432	2555	5004
5	2567	2087	2249	5005
5	2502	2494	2492	5006
5	2629	2406	2533	5007
5	2678	2551	2389	5008
5	2551	2239	2389	5009
5	2593	2449	2459	5010
5	2596	2413	2461	5011
5	2515	2281	2505	5012
5	2505	2281	2118	5013
5	2506	2481	2400	5014
5	2573	2434	2433	5015
5	2507	2506	2400	5016
5	2507	2400	2434	5017
5	2679	2508	2622	5018
5	2620	2486	2479	5019
5	2509	2504	2409	5020
5	2509	2409	2410	5021
5	2537	2093	2241	5022
5	2515	2489	2281	5023
5	2511	2450	2372	5024
5	2542	2511	2372	5025
5	2512	2462	2398	5026
5	2854	2765	2729	5027
5	2583	2401	2402	5028
5	2574	2435	2513	5029
5	2878	2751	2877	5030
5	2541	2425	2404	5031
5	2697	2559	2640	5032
5	2589	2430	2570	5033
5	2550	2429	2304	5034
5	2811	2685	2653	5035
5	2517	2503	2439	5036
5	2517	2439	2388	5037
5	2634	2503	2517	5038
5	2518	2517	2388	5039
5	2770	2700	2569	5040
5	2569	2378	2429	5041
5	2540	2453	2303	5042
5	2564	2375	2520	5043
5	2750	2673	2619	5044
5	2691	2546	2656	5045
5	2522	2427	2377	5046
5	2783	2717	2643	5047
5	2642	2419	2588	5048
5	2639	2424	2523	5049
5	2543	2377	2444	5050
5	2795	2689	2669	5051
5	2593	2459	2592	5052
5	3090	2957	3016	5053
5	2635	2445	2526	5054
5	2639	2526	2424	5055
5	2527	2514	2414	5056
5	2527	2414	2448	5057
5	2781	2690	2691	5058
5	2836	2698	2690	5059
5	2529	2457	2385	5060
5	2682	2570	2522	5061
5	2692	2626	2623	5062
5	2758	2668	2628	5063
5	2755	2623	2624	5064
5	2531	2399	2373	5065
5	2559	2395	2532	5066
5	2776	2768	2640	5067
5	2629	2496	2406	5068
5	2631	2497	2630	5069
5	2536	2442	2245	5070
5	2637	2537	2438	5071
5	2535	2534	2366	5072
5	2535	2366	2432	5073
5	2577	2397	2441	5074
5	2967	2578	2636	5075
5	2537	2536	2245	5076
5	2537	2245	2093	5077
5	2538	2523	2368	5078
5	2538	2368	2392	5079
5	2539	2512	2398	5080
5	2539	2398	2418	5081
5	2663	2512	2539	5082
5	2639	2538	2655	5083
5	2565	2425	2541	5084
5	2583	2402	2556	5085
5	2669	2543	2580	5086
5	2883	2840	2692	5087
5	2580	2443	2579	5088
5	2580	2543	2444	5089
5	2660	2384	2549	5090
5	2553	2391	2288	5091
5	2545	2519	2386	5092
5	2545	2386	2378	5093
5	2547	2382	2403	5094
5	2619	2374	2485	5095
5	2749	2618	2547	5096
5	2688	2521	2563	5097
5	2549	2384	2277	5098
5	2571	2278	2384	5099
5	2701	2415	2548	5100
5	2654	2544	2652	5101
5	2785	2577	2715	5102
5	2551	2365	2239	5103
5	2666	2417	2391	5104
5	2666	2391	2553	5105
5	2702	2653	2560	5106
5	2648	2501	2365	5107
5	3059	2837	2938	5108
5	2576	2436	2296	5109
5	2554	2532	2411	5110
5	2554	2411	2493	5111
5	2774	2705	2704	5112
5	2815	2651	2568	5113
5	2681	2527	2584	5114
5	2584	2527	2448	5115
5	2626	2426	2623	5116
5	2727	2725	2591	5117
5	3136	3031	2946	5118
5	2625	2421	2454	5119
5	2559	2542	2412	5120
5	2559	2412	2395	5121
5	2560	2440	2137	5122
5	2560	2137	2416	5123
5	2561	2560	2416	5124
5	2561	2416	2415	5125
5	2562	2538	2392	5126
5	2562	2392	2393	5127
5	2563	2521	2422	5128
5	2563	2422	2394	5129
5	2767	2588	2723	5130
5	2564	2370	2375	5131
5	2900	2788	2789	5132
5	2871	2745	2870	5133
5	2625	2454	2566	5134
5	2566	2454	2457	5135
5	2801	2637	2501	5136
5	2791	2428	2567	5137
5	2568	2567	2249	5138
5	2568	2249	2367	5139
5	2686	2652	2387	5140
5	2686	2387	2519	5141
5	2589	2455	2430	5142
5	2590	2455	2589	5143
5	2571	2548	2431	5144
5	2571	2431	2278	5145
5	2827	2796	2650	5146
5	2713	2507	2573	5147
5	2671	2664	2615	5148
5	2796	2720	2650	5149
5	2581	2539	2418	5150
5	2582	2446	2574	5151
5	2714	2390	2575	5152
5	2575	2390	2291	5153
5	2714	2575	2576	5154
5	2576	2575	2436	5155
5	2825	2678	2503	5156
5	2803	2695	2637	5157
5	2578	2577	2441	5158
5	2578	2441	2442	5159
5	2580	2444	2443	5160
5	2579	2443	2396	5161
5	2708	2489	2515	5162
5	2689	2543	2669	5163
5	2719	2574	2677	5164
5	2728	2593	2592	5165
5	2582	2581	2447	5166
5	2582	2447	2446	5167
5	2720	2583	2650	5168
5	2720	2696	2520	5169
5	2798	2657	2672	5170
5	2706	2541	2508	5171
5	2586	2407	2451	5172
5	2585	2451	2450	5173
5	2676	2627	2502	5174
5	2800	2759	2646	5175
5	2587	2562	2393	5176
5	2587	2393	2452	5177
5	2723	2588	2453	5178
5	2655	2538	2562	5179
5	2717	2579	2643	5180
5	2852	2726	2793	5181
5	2725	2693	2529	5182
5	2591	2456	2590	5183
5	3178	3143	3015	5184
5	2963	2795	2919	5185
5	2595	2460	2594	5186
5	2594	2449	2593	5187
5	2848	2696	2720	5188
5	2728	2592	2662	5189
5	2778	2733	2647	5190
5	2763	2633	2632	5191
5	2733	2599	2598	5192
5	2731	2595	2594	5193
5	2729	2593	2728	5194
5	2764	2633	2763	5195
5	2597	2592	2458	5196
5	2597	2458	2464	5197
5	2599	2464	2463	5198
5	2599	2597	2464	5199
5	2662	2592	2597	5200
5	2731	2594	2729	5201
5	2724	2589	2570	5202
5	2797	2755	2624	5203
5	2708	2624	2489	5204
5	2737	2601	2736	5205
5	2736	2601	2600	5206
5	2737	2602	2601	5207
5	2735	2600	2557	5208
5	2707	2557	2626	5209
5	2741	2605	2740	5210
5	2613	2478	2477	5211
5	2752	2621	2620	5212
5	2738	2603	2602	5213
5	2743	2607	2742	5214
5	2622	2487	2621	5215
5	2739	2604	2603	5216
5	2753	2622	2621	5217
5	2744	2608	2743	5218
5	2740	2605	2604	5219
5	2745	2610	2609	5220
5	2611	2475	2610	5221
5	2741	2606	2605	5222
5	2746	2611	2610	5223
5	2742	2607	2606	5224
5	2748	2612	2747	5225
5	2743	2608	2607	5226
5	2748	2614	2613	5227
5	2745	2609	2744	5228
5	2621	2487	2486	5229
5	2751	2614	2748	5230
5	2744	2609	2608	5231
5	2615	2556	2482	5232
5	2615	2482	2481	5233
5	2616	2547	2403	5234
5	2616	2403	2484	5235
5	2617	2616	2484	5236
5	2617	2484	2483	5237
5	3020	2893	2898	5238
5	2619	2528	2374	5239
5	2688	2563	2657	5240
5	2721	2681	2584	5241
5	2746	2610	2745	5242
5	2622	2508	2488	5243
5	2747	2612	2611	5244
5	2751	2620	2614	5245
5	2681	2672	2527	5246
5	2706	2508	2679	5247
5	2738	2602	2737	5248
5	2626	2557	2491	5249
5	2624	2623	2490	5250
5	2624	2490	2489	5251
5	2735	2557	2707	5252
5	2707	2626	2692	5253
5	3163	3041	3154	5254
5	3204	3061	3137	5255
5	2628	2554	2493	5256
5	2627	2495	2494	5257
5	2882	2754	2881	5258
5	2901	2769	2792	5259
5	2646	2504	2638	5260
5	2764	2757	2531	5261
5	2951	2799	2804	5262
5	2650	2583	2556	5263
5	2832	2639	2655	5264
5	2633	2499	2632	5265
5	2646	2533	2504	5266
5	2885	2760	2759	5267
5	2759	2533	2646	5268
5	2764	2531	2633	5269
5	2940	2801	2648	5270
5	2637	2438	2501	5271
5	2924	2767	2723	5272
5	2635	2513	2445	5273
5	2636	2578	2442	5274
5	2636	2442	2536	5275
5	2906	2830	2779	5276
5	2651	2567	2568	5277
5	2854	2729	2728	5278
5	2730	2641	2525	5279
5	2709	2370	2564	5280
5	2642	2587	2419	5281
5	2640	2559	2532	5282
5	2784	2697	2768	5283
5	2641	2638	2509	5284
5	2641	2509	2525	5285
5	2639	2523	2538	5286
5	2642	2655	2562	5287
5	2643	2579	2524	5288
5	2670	2643	2524	5289
5	2670	2524	2586	5290
5	3107	2983	3105	5291
5	2645	2640	2532	5292
5	2645	2532	2554	5293
5	2807	2638	2799	5294
5	2759	2629	2533	5295
5	2647	2598	2512	5296
5	2663	2647	2512	5297
5	2659	2550	2380	5298
5	2946	2785	2715	5299
5	2668	2554	2628	5300
5	2676	2502	2649	5301
5	2853	2728	2662	5302
5	2677	2574	2513	5303
5	2695	2536	2537	5304
5	2659	2380	2379	5305
5	2703	2576	2437	5306
5	2810	2654	2652	5307
5	3027	2779	2935	5308
5	2915	2654	2810	5309
5	2702	2560	2561	5310
5	2969	2846	2896	5311
5	2642	2562	2587	5312
5	2847	2719	2677	5313
5	2656	2546	2521	5314
5	2876	2673	2750	5315
5	2688	2656	2521	5316
5	2657	2563	2514	5317
5	2815	2568	2658	5318
5	2658	2568	2367	5319
5	2904	2678	2825	5320
5	2661	2569	2429	5321
5	2938	2837	2702	5322
5	2699	2383	2417	5323
5	2947	2774	2894	5324
5	2818	2551	2678	5325
5	2734	2599	2733	5326
5	2857	2734	2733	5327
5	2671	2506	2665	5328
5	2711	2528	2673	5329
5	2664	2650	2556	5330
5	2664	2556	2615	5331
5	2671	2615	2506	5332
5	2665	2506	2507	5333
5	2817	2549	2699	5334
5	2699	2549	2383	5335
5	2675	2405	2558	5336
5	2756	2558	2625	5337
5	2758	2627	2676	5338
5	2784	2766	2694	5339
5	3133	2952	3050	5340
5	2912	2769	2901	5341
5	2780	2722	2644	5342
5	3061	2930	3026	5343
5	2809	2718	2719	5344
5	2680	2663	2539	5345
5	2672	2657	2514	5346
5	2672	2514	2527	5347
5	2713	2573	2712	5348
5	2712	2573	2572	5349
5	2674	2397	2577	5350
5	2715	2577	2578	5351
5	2756	2625	2754	5352
5	2739	2603	2738	5353
5	2758	2628	2627	5354
5	2889	2763	2762	5355
5	2680	2539	2581	5356
5	2777	2663	2680	5357
5	3027	2906	2779	5358
5	2779	2687	2700	5359
5	2753	2679	2622	5360
5	2752	2620	2751	5361
5	2790	2663	2777	5362
5	2978	2895	2854	5363
5	2710	2541	2706	5364
5	3004	2898	2880	5365
5	2851	2693	2725	5366
5	2986	2852	2793	5367
5	2683	2659	2379	5368
5	2683	2379	2516	5369
5	2938	2702	2838	5370
5	2684	2634	2517	5371
5	2685	2684	2518	5372
5	2685	2518	2440	5373
5	3138	3040	3023	5374
5	2770	2569	2661	5375
5	2687	2686	2519	5376
5	2687	2519	2545	5377
5	2788	2672	2681	5378
5	2921	2836	2916	5379
5	2966	2802	2635	5380
5	2833	2639	2832	5381
5	2750	2618	2749	5382
5	2750	2619	2618	5383
5	2691	2690	2617	5384
5	2691	2617	2546	5385
5	2753	2621	2752	5386
5	2736	2600	2735	5387
5	2754	2566	2693	5388
5	2834	2558	2756	5389
5	2694	2644	2511	5390
5	2694	2511	2542	5391
5	2786	2708	2515	5392
5	2835	2636	2536	5393
5	2802	2513	2635	5394
5	2709	2540	2370	5395
5	2697	2694	2542	5396
5	2697	2542	2559	5397
5	2843	2711	2842	5398
5	2874	2698	2836	5399
5	2812	2417	2666	5400
5	2838	2702	2561	5401
5	2700	2687	2545	5402
5	2700	2545	2569	5403
5	2830	2686	2687	5404
5	2907	2810	2830	5405
5	2838	2561	2701	5406
5	2703	2437	2552	5407
5	3023	2969	2896	5408
5	2714	2553	2390	5409
5	3186	2940	3058	5410
5	2772	2704	2510	5411
5	2923	2658	2534	5412
5	2705	2535	2432	5413
5	2710	2565	2541	5414
5	2721	2565	2710	5415
5	3008	2981	2840	5416
5	2726	2590	2589	5417
5	2862	2736	2861	5418
5	2754	2625	2566	5419
5	2787	2655	2642	5420
5	2850	2723	2540	5421
5	2831	2657	2798	5422
5	2814	2656	2688	5423
5	2849	2789	2721	5424
5	2713	2665	2507	5425
5	2843	2712	2711	5426
5	2922	2790	2920	5427
5	2999	2876	2875	5428
5	2925	2765	2895	5429
5	2839	2553	2714	5430
5	2846	2576	2703	5431
5	2774	2535	2705	5432
5	2772	2510	2675	5433
5	2816	2771	2659	5434
5	3014	2786	2897	5435
5	2717	2669	2580	5436
5	2717	2580	2579	5437
5	2718	2680	2581	5438
5	2718	2581	2582	5439
5	2719	2718	2582	5440
5	2719	2582	2574	5441
5	2874	2749	2698	5442
5	2857	2733	2778	5443
5	3127	3003	3002	5444
5	2877	2751	2748	5445
5	2722	2670	2586	5446
5	2722	2586	2585	5447
5	2924	2787	2767	5448
5	2802	2677	2513	5449
5	2725	2529	2591	5450
5	2828	2794	2682	5451
5	2727	2590	2726	5452
5	2863	2737	2862	5453
5	2727	2591	2590	5454
5	2879	2752	2878	5455
5	2881	2754	2693	5456
5	2740	2604	2739	5457
5	3052	2895	3041	5458
5	2799	2638	2641	5459
5	3140	3050	3055	5460
5	2889	2762	2887	5461
5	2732	2595	2731	5462
5	2732	2596	2595	5463
5	2732	2730	2596	5464
5	2942	2913	2780	5465
5	2888	2792	2757	5466
5	3010	2886	2885	5467
5	2734	2597	2599	5468
5	2734	2662	2597	5469
5	2826	2680	2718	5470
5	2822	2671	2665	5471
5	2913	2821	2780	5472
5	3117	2992	3116	5473
5	2828	2689	2795	5474
5	2852	2727	2726	5475
5	2882	2756	2754	5476
5	2742	2606	2741	5477
5	2928	2883	2755	5478
5	2861	2736	2735	5479
5	2871	2746	2745	5480
5	2863	2738	2737	5481
5	2862	2737	2736	5482
5	2865	2739	2864	5483
5	2864	2739	2738	5484
5	2748	2613	2612	5485
5	2873	2748	2747	5486
5	2868	2742	2867	5487
5	2865	2740	2739	5488
5	2869	2743	2868	5489
5	2866	2741	2740	5490
5	2872	2746	2871	5491
5	2880	2775	2679	5492
5	2747	2611	2746	5493
5	2867	2742	2741	5494
5	2868	2743	2742	5495
5	2877	2748	2873	5496
5	2869	2744	2743	5497
5	2880	2679	2753	5498
5	2870	2745	2744	5499
5	2836	2690	2781	5500
5	2842	2711	2673	5501
5	2970	2843	2842	5502
5	3002	2877	3001	5503
5	2878	2752	2751	5504
5	2872	2747	2746	5505
5	2879	2753	2752	5506
5	3545	3387	3529	5507
5	2798	2672	2788	5508
5	2849	2710	2841	5509
5	2864	2738	2863	5510
5	2797	2624	2708	5511
5	2861	2735	2859	5512
5	2755	2692	2623	5513
5	2774	2716	2535	5514
5	2929	2675	2834	5515
5	2757	2649	2530	5516
5	2757	2530	2531	5517
5	2930	2768	2776	5518
5	3011	2887	2886	5519
5	2760	2630	2629	5520
5	2762	2631	2761	5521
5	2886	2760	2885	5522
5	2885	2759	2800	5523
5	2886	2761	2760	5524
5	2942	2780	2766	5525
5	2884	2676	2769	5526
5	2887	2762	2761	5527
5	2769	2676	2649	5528
5	2911	2805	2823	5529
5	2888	2757	2764	5530
5	2887	2761	2886	5531
5	2765	2731	2729	5532
5	2854	2728	2853	5533
5	3026	2939	3021	5534
5	2952	2807	2891	5535
5	3070	2961	2847	5536
5	2787	2642	2767	5537
5	2784	2694	2697	5538
5	2768	2697	2640	5539
5	2776	2640	2645	5540
5	3079	2933	3074	5541
5	2818	2648	2551	5542
5	3076	2770	2936	5543
5	3156	3060	2953	5544
5	2771	2661	2550	5545
5	2937	2708	2786	5546
5	2786	2515	2667	5547
5	3028	2936	2771	5548
5	2773	2703	2552	5549
5	2785	2674	2577	5550
5	2785	2667	2674	5551
5	2775	2706	2679	5552
5	2880	2753	2879	5553
5	3029	3012	3013	5554
5	3169	3082	3143	5555
5	2845	2665	2713	5556
5	2824	2671	2822	5557
5	2844	2712	2843	5558
5	2960	2920	2777	5559
5	3037	3024	2918	5560
5	2935	2779	2700	5561
5	3207	3074	3204	5562
5	3233	3067	3201	5563
5	2814	2782	2656	5564
5	2998	2874	2921	5565
5	2782	2781	2691	5566
5	2782	2691	2656	5567
5	3047	3008	2883	5568
5	3170	3081	3169	5569
5	2945	2768	2930	5570
5	2913	2905	2821	5571
5	3031	2785	2946	5572
5	2894	2774	2704	5573
5	3032	2834	3006	5574
5	2897	2786	2667	5575
5	2966	2635	2833	5576
5	2850	2540	2709	5577
5	2973	2845	2844	5578
5	2971	2957	2822	5579
5	2789	2788	2681	5580
5	2789	2681	2721	5581
5	2790	2778	2647	5582
5	2790	2647	2663	5583
5	2808	2428	2791	5584
5	2808	2516	2428	5585
5	2792	2769	2649	5586
5	2792	2649	2757	5587
5	2793	2726	2724	5588
5	2820	2717	2783	5589
5	2794	2793	2724	5590
5	2794	2724	2682	5591
5	2828	2682	2689	5592
5	3372	3258	3270	5593
5	2845	2713	2844	5594
5	2847	2809	2719	5595
5	2834	2675	2558	5596
5	2894	2704	2772	5597
5	3127	3002	3126	5598
5	2950	2788	2900	5599
5	3009	2885	2800	5600
5	3009	2800	2952	5601
5	3158	3021	3053	5602
5	2932	2901	2792	5603
5	2835	2536	2695	5604
5	3160	2637	2801	5605
5	2813	2564	2696	5606
5	2848	2720	2796	5607
5	2816	2659	2683	5608
5	2808	2683	2516	5609
5	2804	2799	2641	5610
5	2804	2641	2730	5611
5	2805	2776	2645	5612
5	2805	2645	2668	5613
5	2806	2783	2643	5614
5	2806	2643	2670	5615
5	2807	2800	2646	5616
5	2807	2646	2638	5617
5	2936	2661	2771	5618
5	3174	2929	3032	5619
5	2813	2709	2564	5620
5	2824	2664	2671	5621
5	2829	2684	2811	5622
5	2811	2684	2685	5623
5	2830	2687	2779	5624
5	2825	2503	2634	5625
5	2817	2660	2549	5626
5	2812	2699	2417	5627
5	2832	2655	2787	5628
5	2954	2709	2813	5629
5	2916	2836	2781	5630
5	2999	2875	2998	5631
5	2918	2695	2803	5632
5	2904	2818	2678	5633
5	2909	2791	2651	5634
5	2918	2835	2695	5635
5	3097	2968	2908	5636
5	2819	2660	2817	5637
5	2907	2830	2906	5638
5	3065	2801	2940	5639
5	2819	2701	2548	5640
5	2819	2548	2660	5641
5	2820	2795	2669	5642
5	2820	2669	2717	5643
5	2821	2806	2670	5644
5	2821	2670	2722	5645
5	2827	2664	2824	5646
5	2826	2718	2809	5647
5	2823	2805	2668	5648
5	2823	2668	2758	5649
5	2974	2827	2958	5650
5	2920	2790	2777	5651
5	2959	2829	2811	5652
5	2935	2700	2770	5653
5	3092	3016	2971	5654
5	2826	2777	2680	5655
5	2914	2857	2778	5656
5	2962	2696	2848	5657
5	2919	2820	2899	5658
5	2982	2851	2860	5659
5	3058	2940	2818	5660
5	2829	2634	2684	5661
5	2830	2810	2652	5662
5	2830	2652	2686	5663
5	2831	2814	2688	5664
5	2831	2688	2657	5665
5	2833	2526	2639	5666
5	2833	2635	2526	5667
5	2903	2677	2802	5668
5	3166	3086	2961	5669
5	2859	2707	2840	5670
5	2859	2735	2707	5671
5	2967	2835	2918	5672
5	2967	2636	2835	5673
5	2876	2842	2673	5674
5	2844	2713	2712	5675
5	2837	2811	2653	5676
5	2837	2653	2702	5677
5	3063	2773	2915	5678
5	2968	2819	2908	5679
5	2896	2846	2703	5680
5	2896	2703	2773	5681
5	2866	2740	2865	5682
5	2867	2741	2866	5683
5	2849	2721	2710	5684
5	2841	2710	2706	5685
5	2875	2749	2874	5686
5	2916	2781	2892	5687
5	3101	3051	2972	5688
5	2895	2765	2854	5689
5	2921	2874	2836	5690
5	2957	2824	2822	5691
5	2978	2854	2853	5692
5	3038	2979	2914	5693
5	2846	2839	2714	5694
5	2846	2714	2576	5695
5	2958	2824	2957	5696
5	2961	2960	2826	5697
5	2977	2787	2924	5698
5	3147	2954	3093	5699
5	3148	3080	3141	5700
5	3191	3064	3167	5701
5	3045	2850	2954	5702
5	2924	2723	2850	5703
5	2881	2693	2851	5704
5	3046	2923	2716	5705
5	2860	2727	2852	5706
5	2860	2725	2727	5707
5	2858	2734	2857	5708
5	3068	2998	2921	5709
5	2951	2891	2799	5710
5	2926	2804	2855	5711
5	2855	2804	2730	5712
5	2855	2730	2732	5713
5	2856	2855	2732	5714
5	2856	2732	2731	5715
5	2858	2662	2734	5716
5	2858	2853	2662	5717
5	2958	2827	2824	5718
5	2922	2778	2790	5719
5	2981	2859	2840	5720
5	3047	2883	2928	5721
5	2989	2864	2988	5722
5	2860	2851	2725	5723
5	3005	2881	2851	5724
5	2986	2793	2927	5725
5	2984	2860	2852	5726
5	2919	2795	2820	5727
5	3019	2919	3018	5728
5	2939	2805	2911	5729
5	2983	2861	2859	5730
5	2870	2744	2869	5731
5	2985	2862	2861	5732
5	2992	2867	2991	5733
5	2987	2863	2862	5734
5	2988	2864	2863	5735
5	2996	2872	2871	5736
5	2989	2865	2864	5737
5	2993	2868	2992	5738
5	2990	2866	2865	5739
5	2994	2869	2993	5740
5	2991	2867	2866	5741
5	3004	2879	3003	5742
5	2873	2747	2872	5743
5	2992	2868	2867	5744
5	3003	2879	2878	5745
5	2995	2870	2994	5746
5	2993	2869	2868	5747
5	2994	2870	2869	5748
5	3257	3172	3242	5749
5	2875	2750	2749	5750
5	2876	2750	2875	5751
5	2973	2971	2845	5752
5	2955	2831	2943	5753
5	3256	3154	3226	5754
5	3001	2873	2997	5755
5	2995	2871	2870	5756
5	2997	2873	2872	5757
5	3373	3260	3297	5758
5	3002	2878	2877	5759
5	3004	2880	2879	5760
5	3001	2877	2873	5761
5	3043	2893	3020	5762
5	3244	3242	3124	5763
5	2996	2871	2995	5764
5	3174	3072	2929	5765
5	2883	2692	2755	5766
5	2983	2859	2981	5767
5	2928	2755	2797	5768
5	2990	2865	2989	5769
5	2884	2823	2758	5770
5	2884	2758	2676	5771
5	2931	2889	2887	5772
5	3135	3034	3011	5773
5	3122	2998	3068	5774
5	3041	2895	2978	5775
5	3000	2970	2842	5776
5	2952	2800	2807	5777
5	2890	2763	2889	5778
5	2890	2888	2764	5779
5	2890	2764	2763	5780
5	3026	2930	2939	5781
5	3152	3056	3073	5782
5	3307	3193	3258	5783
5	2891	2807	2799	5784
5	3135	3010	3134	5785
5	2948	2892	2782	5786
5	2948	2782	2814	5787
5	2893	2841	2775	5788
5	3003	2878	3002	5789
5	2923	2534	2716	5790
5	2897	2667	2785	5791
5	2902	2855	2856	5792
5	2926	2855	2902	5793
5	2956	2699	2812	5794
5	3063	2896	2773	5795
5	2988	2863	2987	5796
5	3183	3162	2947	5797
5	2898	2893	2775	5798
5	2898	2775	2880	5799
5	2899	2820	2783	5800
5	2905	2806	2821	5801
5	2976	2849	2975	5802
5	2976	2900	2789	5803
5	3258	3193	3205	5804
5	3013	2889	2931	5805
5	3154	3041	3062	5806
5	3057	2925	3052	5807
5	2960	2777	2826	5808
5	2903	2847	2677	5809
5	3182	2906	3027	5810
5	3156	2953	3035	5811
5	2944	2806	2905	5812
5	2944	2783	2806	5813
5	3098	2968	3097	5814
5	2908	2819	2817	5815
5	2941	2811	2837	5816
5	3017	2810	2907	5817
5	2968	2701	2819	5818
5	2968	2838	2701	5819
5	3028	2771	2816	5820
5	3076	2935	2770	5821
5	2910	2909	2651	5822
5	2910	2651	2815	5823
5	2934	2884	2912	5824
5	2934	2823	2884	5825
5	2934	2911	2823	5826
5	3061	2945	2930	5827
5	3030	2913	2942	5828
5	3292	3132	3168	5829
5	3100	2922	3099	5830
5	2979	2857	2914	5831
5	3063	3023	2896	5832
5	2915	2773	2654	5833
5	3103	2975	3043	5834
5	3080	2950	3025	5835
5	2917	2812	2666	5836
5	2917	2666	2839	5837
5	3037	2918	2803	5838
5	3162	3046	2947	5839
5	2927	2793	2794	5840
5	3019	2963	2919	5841
5	3092	2971	2973	5842
5	2922	2914	2778	5843
5	3243	3122	3157	5844
5	3064	2916	2892	5845
5	2998	2875	2874	5846
5	2972	2843	2970	5847
5	2923	2910	2815	5848
5	2923	2815	2658	5849
5	3099	2920	3091	5850
5	2965	2833	2832	5851
5	2925	2902	2856	5852
5	2925	2856	2765	5853
5	3052	2925	2895	5854
5	2951	2804	2926	5855
5	3151	2937	3014	5856
5	3178	3030	3144	5857
5	3006	2756	2882	5858
5	3014	2937	2786	5859
5	3072	2894	2772	5860
5	2929	2772	2675	5861
5	2933	2766	2784	5862
5	2942	2766	2933	5863
5	2932	2792	2888	5864
5	3053	2911	2934	5865
5	3075	3053	2934	5866
5	3073	3012	3029	5867
5	3467	3356	3466	5868
5	3056	2901	2932	5869
5	3390	3258	3372	5870
5	3053	3021	2911	5871
5	3159	2935	3076	5872
5	2936	2770	2661	5873
5	2940	2648	2818	5874
5	2964	2634	2829	5875
5	3077	2797	2937	5876
5	2937	2797	2708	5877
5	3017	2915	2810	5878
5	3181	3017	2907	5879
5	2939	2930	2776	5880
5	2939	2776	2805	5881
5	3160	2801	3065	5882
5	3058	2818	2904	5883
5	3181	2907	3078	5884
5	2959	2811	2941	5885
5	3135	3011	3010	5886
5	3030	3015	2913	5887
5	3064	2892	3044	5888
5	3260	3141	3149	5889
5	3115	2990	3114	5890
5	2944	2899	2783	5891
5	2945	2933	2784	5892
5	2945	2784	2768	5893
5	3083	2923	3046	5894
5	2947	2716	2774	5895
5	3196	3136	2946	5896
5	3096	2946	2715	5897
5	3172	3051	3101	5898
5	3323	3191	3167	5899
5	2949	2927	2794	5900
5	2949	2794	2828	5901
5	2950	2943	2798	5902
5	2950	2798	2788	5903
5	3374	3261	3315	5904
5	3057	2902	2925	5905
5	3011	2886	3010	5906
5	3010	2885	3009	5907
5	2953	2816	2683	5908
5	2953	2683	2808	5909
5	3093	2813	2962	5910
5	2954	2850	2709	5911
5	2955	2948	2814	5912
5	2955	2814	2831	5913
5	2956	2908	2817	5914
5	2956	2817	2699	5915
5	2973	2844	2972	5916
5	3055	2891	2951	5917
5	2961	2809	2847	5918
5	3102	2958	3090	5919
5	3078	2907	2906	5920
5	3089	2964	2829	5921
5	3087	2962	2848	5922
5	3070	2847	2903	5923
5	2961	2826	2809	5924
5	3286	3173	3263	5925
5	3244	3124	3123	5926
5	2962	2813	2696	5927
5	2963	2949	2828	5928
5	2963	2828	2795	5929
5	3281	3037	3142	5930
5	2964	2825	2634	5931
5	3039	2903	2802	5932
5	3166	2961	3070	5933
5	2966	2833	2965	5934
5	3039	2802	2966	5935
5	3096	2715	2967	5936
5	2967	2715	2578	5937
5	3022	2908	2956	5938
5	3098	2938	2838	5939
5	2969	2917	2839	5940
5	2969	2839	2846	5941
5	2971	2822	2845	5942
5	3090	2958	2957	5943
5	2972	2844	2843	5944
5	3016	2957	2971	5945
5	3091	2960	3086	5946
5	2980	2978	2853	5947
5	2974	2796	2827	5948
5	2974	2848	2796	5949
5	3062	3041	2978	5950
5	3095	3039	2966	5951
5	2976	2789	2849	5952
5	2975	2849	2841	5953
5	3044	2892	2948	5954
5	3103	3033	2976	5955
5	2977	2965	2832	5956
5	2977	2832	2787	5957
5	2980	2858	2979	5958
5	3086	2960	2961	5959
5	2980	2853	2858	5960
5	2979	2858	2857	5961
5	3100	2914	2922	5962
5	3248	3179	3128	5963
5	2985	2861	2983	5964
5	2987	2862	2985	5965
5	3005	2851	2982	5966
5	3007	2881	3005	5967
5	3168	3008	3047	5968
5	2991	2866	2990	5969
5	3129	3005	2982	5970
5	2984	2982	2860	5971
5	3106	2982	2984	5972
5	2997	2872	2996	5973
5	3110	2986	2927	5974
5	2986	2984	2852	5975
5	3018	2919	2899	5976
5	3082	2905	3015	5977
5	3229	3108	3110	5978
5	3331	3204	3259	5979
5	3067	2949	2963	5980
5	3251	3129	3249	5981
5	3109	2987	2985	5982
5	3111	2988	2987	5983
5	3118	2993	3117	5984
5	3113	2989	2988	5985
5	3119	2994	3118	5986
5	3126	3002	3001	5987
5	3114	2990	2989	5988
5	3120	2995	3119	5989
5	3115	2991	2990	5990
5	3128	3004	3003	5991
5	3116	2992	2991	5992
5	3128	3003	3127	5993
5	3117	2993	2992	5994
5	3121	2996	3120	5995
5	3118	2994	2993	5996
5	3128	3048	3004	5997
5	3000	2842	2876	5998
5	3000	2876	2999	5999
5	3241	3121	3120	6000
5	3428	3373	3297	6001
5	3122	2999	2998	6002
5	3062	2978	2980	6003
5	3119	2995	2994	6004
5	3246	3125	3245	6005
5	3121	2997	2996	6006
5	3245	3121	3241	6007
5	3263	3173	3179	6008
5	3120	2996	2995	6009
5	3321	3225	3276	6010
5	3161	3044	3084	6011
5	3132	3105	2981	6012
5	3444	3442	3324	6013
5	3008	2840	2883	6014
5	3175	3006	3130	6015
5	3264	3014	2897	6016
5	3007	2882	2881	6017
5	3109	2985	3107	6018
5	3105	2983	2981	6019
5	3177	3052	3163	6020
5	3254	3133	3253	6021
5	3253	3133	3050	6022
5	3163	3052	3041	6023
5	3054	2931	3034	6024
5	3054	3013	2931	6025
5	3012	2932	2888	6026
5	3012	2888	2890	6027
5	3013	3012	2890	6028
5	3013	2890	2889	6029
5	3130	3006	2882	6030
5	3032	2929	2834	6031
5	3185	3029	3054	6032
5	3180	3137	3026	6033
5	3104	3062	2980	6034
5	3050	2952	2891	6035
5	3036	2956	2812	6036
5	3059	2941	2837	6037
5	3112	2949	3067	6038
5	3112	2927	2949	6039
5	3108	2984	2986	6040
5	3067	2963	3019	6041
5	3247	3127	3126	6042
5	3125	3001	2997	6043
5	3021	2939	2911	6044
5	3075	2912	2901	6045
5	3098	2838	2968	6046
5	3097	2908	3022	6047
5	3036	2812	2917	6048
5	3036	3022	2956	6049
5	3096	2967	3024	6050
5	3024	2967	2918	6051
5	3025	2950	2900	6052
5	3043	2975	2893	6053
5	3200	3018	3170	6054
5	3350	3347	3231	6055
5	3265	3197	3017	6056
5	3266	3078	3182	6057
5	3094	2904	2825	6058
5	3089	2829	2959	6059
5	3034	2931	3011	6060
5	3134	3010	3009	6061
5	3074	2945	3061	6062
5	3074	2933	2945	6063
5	3271	3060	3156	6064
5	3031	2897	2785	6065
5	3376	3309	3162	6066
5	3072	2772	2929	6067
5	3033	3025	2900	6068
5	3033	2900	2976	6069
5	3054	3029	3013	6070
5	3436	3312	3435	6071
5	3186	3065	2940	6072
5	3060	2816	2953	6073
5	3220	3098	3219	6074
5	3040	2969	3023	6075
5	3142	3037	2803	6076
5	3046	2716	2947	6077
5	3051	2973	2972	6078
5	3194	3055	3085	6079
5	3188	2962	3087	6080
5	3045	2924	2850	6081
5	3040	3036	2917	6082
5	3040	2917	2969	6083
5	3092	2973	3051	6084
5	3104	2979	3038	6085
5	3095	2965	3042	6086
5	3042	2965	2977	6087
5	3103	2976	2975	6088
5	3202	3157	3068	6089
5	3084	2955	3049	6090
5	3084	2948	2955	6091
5	3319	3192	3268	6092
5	3482	3372	3417	6093
5	3035	2791	2909	6094
5	3035	2808	2791	6095
5	3130	2882	3007	6096
5	3116	2991	3115	6097
5	3048	3020	2898	6098
5	3048	2898	3004	6099
5	3084	3044	2948	6100
5	3049	2955	2943	6101
5	3133	3009	2952	6102
5	3134	3009	3133	6103
5	3148	3049	3080	6104
5	3124	2970	3000	6105
5	3085	2951	2926	6106
5	3055	3050	2891	6107
5	3075	2934	2912	6108
5	3205	3056	3152	6109
5	3270	3205	3152	6110
5	3255	3176	3135	6111
5	3071	2902	3057	6112
5	3071	2926	2902	6113
5	3395	3316	3289	6114
5	3075	2901	3056	6115
5	3253	3050	3140	6116
5	3085	2926	3071	6117
5	3060	3028	2816	6118
5	3035	2953	2808	6119
5	3219	3097	3218	6120
5	3094	2825	2964	6121
5	3066	2909	2910	6122
5	3376	3162	3183	6123
5	3079	2942	2933	6124
5	3079	3030	2942	6125
5	3101	2972	2970	6126
5	3203	3057	3177	6127
5	3220	3059	2938	6128
5	3218	3097	3022	6129
5	3069	2916	3064	6130
5	3104	2980	2979	6131
5	3159	3027	2935	6132
5	3160	2803	2637	6133
5	3303	3065	3186	6134
5	3199	2909	3066	6135
5	3170	3018	3081	6136
5	3207	3079	3074	6137
5	3214	3051	3172	6138
5	3444	3322	3396	6139
5	3069	3068	2921	6140
5	3069	2921	2916	6141
5	3087	2848	2974	6142
5	3102	2974	2958	6143
5	3410	3268	3273	6144
5	3085	3055	2951	6145
5	3196	2946	3096	6146
5	3275	3028	3060	6147
5	3073	3056	2932	6148
5	3073	2932	3012	6149
5	3316	3144	3289	6150
5	3501	3379	3498	6151
5	3180	3026	3021	6152
5	3556	3446	3436	6153
5	3275	3139	3028	6154
5	3165	3058	2904	6155
5	3206	3047	2928	6156
5	3077	2928	2797	6157
5	3088	2959	2941	6158
5	3195	2941	3059	6159
5	3345	3228	3288	6160
5	3180	3021	3158	6161
5	3080	3049	2943	6162
5	3080	2943	2950	6163
5	3081	3018	2899	6164
5	3081	2899	2944	6165
5	3082	3081	2944	6166
5	3082	2944	2905	6167
5	3083	3066	2910	6168
5	3083	2910	2923	6169
5	3580	3374	3471	6170
5	3364	3246	3363	6171
5	3045	3042	2977	6172
5	3045	2977	2924	6173
5	3091	2920	2960	6174
5	3213	3090	3016	6175
5	3209	3038	3100	6176
5	3093	2954	2813	6177
5	3182	3078	2906	6178
5	3210	3089	2959	6179
5	3210	2959	3088	6180
5	3382	3088	3195	6181
5	3320	3215	3147	6182
5	3344	3224	3213	6183
5	3279	3086	3166	6184
5	3212	3091	3086	6185
5	3311	3167	3161	6186
5	3099	2922	2920	6187
5	3095	2966	2965	6188
5	3211	3087	2974	6189
5	3155	2964	3089	6190
5	3299	3037	3281	6191
5	3282	3221	3212	6192
5	3209	3164	3038	6193
5	3264	3031	3136	6194
5	3151	3077	2937	6195
5	3198	3138	3023	6196
5	3187	3022	3036	6197
5	3198	3023	3063	6198
5	3219	3098	3097	6199
5	3322	3203	3261	6200
5	3100	3038	2914	6201
5	3221	3099	3091	6202
5	3261	3203	3177	6203
5	3123	2999	3122	6204
5	3123	3000	2999	6205
5	3448	3334	3332	6206
5	3146	2903	3039	6207
5	3189	3033	3103	6208
5	3276	3225	3150	6209
5	3202	3068	3069	6210
5	3324	3194	3190	6211
5	3107	2985	2983	6212
5	3114	2989	3113	6213
5	3129	2982	3106	6214
5	3131	3005	3129	6215
5	3111	2987	3109	6216
5	3113	2988	3111	6217
5	3227	3106	3108	6218
5	3108	3106	2984	6219
5	3201	3019	3200	6220
5	3125	2997	3121	6221
5	3238	3117	3237	6222
5	3110	3108	2986	6223
5	3368	3249	3366	6224
5	3317	3180	3158	6225
5	3231	3110	3112	6226
5	3112	3110	2927	6227
5	3201	3067	3019	6228
5	3200	3019	3018	6229
5	3169	3081	3082	6230
5	3406	3346	3347	6231
5	3230	3109	3228	6232
5	3232	3113	3111	6233
5	3237	3116	3236	6234
5	3126	3001	3125	6235
5	3234	3114	3113	6236
5	3239	3118	3238	6237
5	3235	3115	3114	6238
5	3241	3120	3240	6239
5	3236	3116	3115	6240
5	3237	3117	3116	6241
5	3248	3127	3247	6242
5	3238	3118	3117	6243
5	3545	3521	3428	6244
5	3239	3119	3118	6245
5	3244	3123	3243	6246
5	3124	3000	3123	6247
5	3396	3261	3374	6248
5	3124	3101	2970	6249
5	3208	3049	3148	6250
5	3167	3044	3161	6251
5	3246	3126	3125	6252
5	3240	3120	3119	6253
5	3245	3125	3121	6254
5	3399	3311	3262	6255
5	3248	3128	3127	6256
5	3428	3321	3387	6257
5	3150	3043	3020	6258
5	3443	3311	3399	6259
5	3249	3129	3106	6260
5	3283	3151	3014	6261
5	3132	2981	3008	6262
5	3264	2897	3031	6263
5	3661	3548	3506	6264
5	3131	3007	3005	6265
5	3252	3171	3105	6266
5	3295	3130	3250	6267
5	3535	3413	3494	6268
5	3255	3135	3134	6269
5	3416	3293	3378	6270
5	3324	3190	3322	6271
5	3177	3057	3052	6272
5	3194	3085	3190	6273
5	3509	3309	3376	6274
5	3206	2928	3077	6275
5	3137	3061	3026	6276
5	3289	3144	3207	6277
5	3187	3036	3040	6278
5	3187	3040	3138	6279
5	3139	3076	2936	6280
5	3139	2936	3028	6281
5	3194	3140	3055	6282
5	3190	3085	3071	6283
5	3141	3080	3025	6284
5	3262	3161	3208	6285
5	3303	3281	3142	6286
5	3155	3094	2964	6287
5	3143	3082	3015	6288
5	3440	3317	3307	6289
5	3178	3015	3030	6290
5	3144	3030	3079	6291
5	3217	3046	3162	6292
5	3398	3159	3277	6293
5	3226	3104	3164	6294
5	3146	3070	2903	6295
5	3146	3039	3095	6296
5	3147	3045	2954	6297
5	3323	3167	3311	6298
5	3392	3300	3381	6299
5	3149	3141	3025	6300
5	3149	3025	3033	6301
5	3189	3149	3033	6302
5	3225	3043	3150	6303
5	3301	3206	3077	6304
5	3250	3130	3007	6305
5	3556	3436	3551	6306
5	3176	3034	3135	6307
5	3153	3152	3073	6308
5	3153	3073	3029	6309
5	3226	3062	3104	6310
5	3164	3104	3038	6311
5	3302	3094	3155	6312
5	3303	3142	3065	6313
5	3304	3199	3066	6314
5	3305	3156	3199	6315
5	3157	3122	3068	6316
5	3381	3300	3260	6317
5	3874	3769	3765	6318
5	3352	3233	3201	6319
5	3165	2904	3094	6320
5	3393	3266	3182	6321
5	3160	3065	3142	6322
5	3160	3142	2803	6323
5	3167	3064	3044	6324
5	3191	3069	3064	6325
5	3764	3430	3536	6326
5	3217	3083	3046	6327
5	3310	3163	3154	6328
5	3285	3214	3172	6329
5	3215	3042	3147	6330
5	3147	3042	3045	6331
5	3274	3058	3165	6332
5	3333	3155	3089	6333
5	3278	3087	3211	6334
5	3211	2974	3102	6335
5	3362	3245	3241	6336
5	3300	3141	3260	6337
5	3171	3107	3105	6338
5	3168	3132	3008	6339
5	3312	3143	3298	6340
5	3233	3112	3067	6341
5	3397	3259	3296	6342
5	3328	3200	3170	6343
5	3232	3111	3230	6344
5	3230	3111	3109	6345
5	3223	3213	3016	6346
5	3222	3100	3099	6347
5	3173	3150	3020	6348
5	3173	3020	3048	6349
5	3326	3136	3196	6350
5	3183	2947	2894	6351
5	3314	3174	3032	6352
5	3175	3032	3006	6353
5	3185	3153	3029	6354
5	3192	3034	3176	6355
5	3291	3226	3164	6356
5	3520	3396	3484	6357
5	3446	3313	3436	6358
5	3485	3380	3440	6359
5	3179	3173	3048	6360
5	3179	3048	3128	6361
5	3270	3258	3205	6362
5	3370	3253	3294	6363
5	3195	3088	2941	6364
5	3197	2915	3017	6365
5	3418	3275	3060	6366
5	3308	3027	3159	6367
5	3301	3077	3151	6368
5	3283	3014	3264	6369
5	3184	3183	2894	6370
5	3184	2894	3072	6371
5	3440	3307	3390	6372
5	3269	3152	3153	6373
5	3418	3060	3271	6374
5	3337	3145	3217	6375
5	3218	3022	3187	6376
5	3220	2938	3098	6377
5	3320	3093	3188	6378
5	3188	3093	2962	6379
5	3381	3260	3373	6380
5	3311	3161	3262	6381
5	3310	3154	3256	6382
5	3294	3140	3287	6383
5	3474	3364	3363	6384
5	3202	3069	3191	6385
5	3192	3185	3054	6386
5	3192	3054	3034	6387
5	3193	3158	3053	6388
5	3193	3053	3075	6389
5	3315	3177	3163	6390
5	3287	3140	3194	6391
5	3651	3393	3534	6392
5	3400	3078	3266	6393
5	3337	3217	3309	6394
5	3309	3217	3162	6395
5	3198	3063	3197	6396
5	3197	3063	2915	6397
5	3318	3210	3088	6398
5	3265	3017	3181	6399
5	3199	3156	3035	6400
5	3199	3035	2909	6401
5	3313	3170	3169	6402
5	3240	3119	3239	6403
5	3234	3113	3232	6404
5	3228	3109	3107	6405
5	3401	3257	3360	6406
5	3360	3242	3244	6407
5	3203	3190	3071	6408
5	3203	3071	3057	6409
5	3207	3144	3079	6410
5	3204	3074	3061	6411
5	3205	3193	3075	6412
5	3205	3075	3056	6413
5	3250	3007	3131	6414
5	3402	3330	3206	6415
5	3298	3143	3178	6416
5	3317	3158	3307	6417
5	3208	3161	3084	6418
5	3208	3084	3049	6419
5	3486	3411	3447	6420
5	3278	3188	3087	6421
5	3302	3165	3094	6422
5	3487	3266	3393	6423
5	3224	3102	3090	6424
5	3331	3289	3207	6425
5	3221	3091	3212	6426
5	3223	3092	3214	6427
5	3224	3090	3213	6428
5	3335	3102	3224	6429
5	3371	3254	3370	6430
5	3214	3092	3051	6431
5	3215	3146	3095	6432
5	3215	3095	3042	6433
5	3216	3196	3096	6434
5	3216	3096	3024	6435
5	3299	3024	3037	6436
5	3217	3145	3083	6437
5	3340	3059	3220	6438
5	3338	3198	3327	6439
5	3327	3198	3197	6440
5	3338	3138	3198	6441
5	3218	3187	3138	6442
5	3339	3220	3219	6443
5	3222	3099	3221	6444
5	3222	3209	3100	6445
5	3223	3016	3092	6446
5	3280	3243	3157	6447
5	3291	3256	3226	6448
5	3405	3282	3212	6449
5	3342	3221	3282	6450
5	3361	3243	3280	6451
5	3225	3189	3103	6452
5	3225	3103	3043	6453
5	3284	3164	3209	6454
5	3226	3154	3062	6455
5	3228	3107	3171	6456
5	3249	3106	3227	6457
5	3247	3126	3246	6458
5	3351	3232	3348	6459
5	3488	3389	3367	6460
5	3229	3227	3108	6461
5	3236	3115	3235	6462
5	3235	3114	3234	6463
5	3313	3169	3312	6464
5	3231	3229	3110	6465
5	3349	3200	3328	6466
5	3349	3201	3200	6467
5	3353	3234	3351	6468
5	3233	3231	3112	6469
5	3346	3227	3229	6470
5	3478	3366	3476	6471
5	3328	3170	3313	6472
5	3312	3169	3143	6473
5	3348	3232	3230	6474
5	3359	3241	3240	6475
5	3351	3234	3232	6476
5	3357	3238	3356	6477
5	3353	3235	3234	6478
5	3362	3241	3359	6479
5	3354	3236	3235	6480
5	3355	3237	3236	6481
5	3365	3247	3364	6482
5	3356	3238	3237	6483
5	3363	3245	3362	6484
5	3357	3239	3238	6485
5	3242	3172	3101	6486
5	3242	3101	3124	6487
5	3336	3223	3214	6488
5	3243	3123	3122	6489
5	3343	3223	3336	6490
5	3428	3297	3321	6491
5	3358	3240	3239	6492
5	3359	3240	3358	6493
5	3365	3290	3248	6494
5	3363	3246	3245	6495
5	3762	3632	3716	6496
5	3529	3420	3489	6497
5	3491	3385	3407	6498
5	3530	3381	3526	6499
5	3492	3479	3369	6500
5	3292	3252	3132	6501
5	3252	3105	3132	6502
5	3295	3175	3130	6503
5	3593	3388	3496	6504
5	3251	3131	3129	6505
5	3288	3228	3171	6506
5	3369	3288	3171	6507
5	3254	3134	3133	6508
5	3255	3134	3254	6509
5	3371	3255	3254	6510
5	3378	3319	3377	6511
5	3322	3190	3203	6512
5	3416	3269	3293	6513
5	3526	3373	3521	6514
5	3447	3323	3443	6515
5	3403	3279	3166	6516
5	3335	3211	3102	6517
5	3417	3270	3269	6518
5	3270	3152	3269	6519
5	3259	3204	3137	6520
5	3551	3436	3435	6521
5	3297	3260	3149	6522
5	3297	3149	3189	6523
5	3360	3257	3242	6524
5	3495	3386	3481	6525
5	3420	3286	3385	6526
5	3584	3474	3583	6527
5	3364	3247	3246	6528
5	3365	3248	3247	6529
5	3314	3032	3175	6530
5	3511	3409	3330	6531
5	3327	3197	3265	6532
5	3338	3219	3218	6533
5	3419	3139	3275	6534
5	3415	3318	3382	6535
5	3267	3184	3072	6536
5	3267	3072	3174	6537
5	3268	3192	3176	6538
5	3371	3273	3255	6539
5	3800	3705	3768	6540
5	3417	3269	3416	6541
5	3650	3501	3629	6542
5	3553	3440	3390	6543
5	3499	3391	3303	6544
5	3277	3076	3139	6545
5	3272	3262	3208	6546
5	3272	3208	3148	6547
5	3273	3268	3176	6548
5	3273	3176	3255	6549
5	3375	3136	3326	6550
5	3274	3186	3058	6551
5	3419	3275	3418	6552
5	3277	3159	3076	6553
5	3521	3373	3428	6554
5	3387	3321	3276	6555
5	3595	3505	3549	6556
5	3308	3182	3027	6557
5	3343	3213	3223	6558
5	3279	3212	3086	6559
5	3332	3146	3215	6560
5	3334	3070	3146	6561
5	3652	3539	3579	6562
5	3413	3272	3392	6563
5	3547	3274	3430	6564
5	3299	3216	3024	6565
5	3558	3448	3383	6566
5	3341	3209	3222	6567
5	3444	3324	3322	6568
5	3367	3250	3131	6569
5	3285	3172	3257	6570
5	3291	3164	3284	6571
5	3336	3214	3285	6572
5	3344	3213	3343	6573
5	3286	3276	3150	6574
5	3286	3150	3173	6575
5	3294	3253	3140	6576
5	3370	3254	3253	6577
5	3345	3230	3228	6578
5	3355	3236	3354	6579
5	3553	3390	3497	6580
5	3446	3328	3313	6581
5	3290	3263	3179	6582
5	3290	3179	3248	6583
5	3425	3257	3401	6584
5	3502	3425	3401	6585
5	3366	3249	3227	6586
5	3503	3292	3409	6587
5	3293	3269	3153	6588
5	3293	3153	3185	6589
5	3456	3344	3343	6590
5	3412	3256	3291	6591
5	3375	3264	3136	6592
5	3519	3437	3314	6593
5	3296	3259	3137	6594
5	3296	3137	3180	6595
5	3438	3256	3412	6596
5	3589	3481	3480	6597
5	3669	3497	3596	6598
5	3397	3296	3380	6599
5	3304	3066	3145	6600
5	3325	3196	3216	6601
5	3300	3272	3148	6602
5	3300	3148	3141	6603
5	3330	3047	3206	6604
5	3330	3168	3047	6605
5	3431	3304	3394	6606
5	3536	3302	3404	6607
5	3735	3656	3542	6608
5	3487	3415	3266	6609
5	3305	3271	3156	6610
5	3305	3199	3304	6611
5	3500	3281	3391	6612
5	3431	3305	3304	6613
5	3306	3280	3157	6614
5	3306	3157	3202	6615
5	3317	3296	3180	6616
5	3307	3158	3193	6617
5	3441	3210	3318	6618
5	3382	3195	3340	6619
5	3483	3325	3433	6620
5	3506	3431	3394	6621
5	3315	3261	3177	6622
5	3315	3163	3310	6623
5	3329	3202	3191	6624
5	3329	3191	3323	6625
5	3628	3533	3594	6626
5	3423	3331	3379	6627
5	3435	3298	3429	6628
5	3429	3316	3395	6629
5	3414	3184	3267	6630
5	3437	3174	3314	6631
5	3481	3370	3480	6632
5	3538	3386	3495	6633
5	3316	3298	3178	6634
5	3316	3178	3144	6635
5	3497	3372	3482	6636
5	3378	3293	3319	6637
5	3441	3333	3210	6638
5	3333	3089	3210	6639
5	3319	3293	3185	6640
5	3319	3185	3192	6641
5	3320	3147	3093	6642
5	3331	3207	3204	6643
5	3321	3297	3189	6644
5	3321	3189	3225	6645
5	3324	3287	3194	6646
5	3447	3411	3329	6647
5	3507	3454	3450	6648
5	3329	3306	3202	6649
5	3396	3322	3261	6650
5	3527	3447	3443	6651
5	3326	3196	3325	6652
5	3388	3301	3151	6653
5	3801	3711	3601	6654
5	3388	3151	3283	6655
5	3340	3195	3059	6656
5	3338	3218	3138	6657
5	3435	3312	3298	6658
5	3358	3239	3357	6659
5	3392	3272	3300	6660
5	3599	3563	3507	6661
5	3737	3633	3493	6662
5	3367	3131	3251	6663
5	3515	3279	3403	6664
5	3332	3215	3320	6665
5	3334	3146	3332	6666
5	3334	3166	3070	6667
5	3404	3155	3333	6668
5	3393	3182	3308	6669
5	3403	3166	3334	6670
5	3448	3403	3334	6671
5	3448	3332	3383	6672
5	3449	3211	3335	6673
5	3471	3315	3310	6674
5	3616	3405	3515	6675
5	3524	3506	3394	6676
5	3391	3281	3303	6677
5	3340	3220	3339	6678
5	3339	3219	3338	6679
5	3452	3327	3265	6680
5	3400	3265	3181	6681
5	3400	3181	3078	6682
5	3382	3318	3088	6683
5	3453	3424	3284	6684
5	3341	3284	3209	6685
5	3342	3341	3222	6686
5	3342	3222	3221	6687
5	3450	3336	3285	6688
5	3425	3285	3257	6689
5	3454	3343	3336	6690
5	3597	3513	3560	6691
5	3348	3230	3345	6692
5	3356	3237	3355	6693
5	3476	3366	3346	6694
5	3366	3227	3346	6695
5	3347	3346	3229	6696
5	3347	3229	3231	6697
5	3736	3592	3626	6698
5	3354	3235	3353	6699
5	3352	3201	3349	6700
5	3350	3231	3233	6701
5	3474	3363	3473	6702
5	3461	3458	3350	6703
5	3458	3347	3350	6704
5	3459	3351	3348	6705
5	3458	3406	3347	6706
5	3352	3350	3233	6707
5	3565	3384	3457	6708
5	3460	3352	3349	6709
5	3463	3328	3446	6710
5	3429	3298	3316	6711
5	3436	3313	3312	6712
5	3462	3351	3459	6713
5	3462	3353	3351	6714
5	3464	3354	3353	6715
5	3582	3473	3472	6716
5	3465	3355	3354	6717
5	3473	3362	3472	6718
5	3466	3356	3355	6719
5	3475	3364	3474	6720
5	3467	3357	3356	6721
5	3411	3306	3329	6722
5	3510	3401	3470	6723
5	3361	3360	3244	6724
5	3361	3244	3243	6725
5	3472	3359	3469	6726
5	3468	3358	3357	6727
5	3469	3359	3358	6728
5	3475	3408	3365	6729
5	3473	3363	3362	6730
5	3983	3911	3982	6731
5	3699	3606	3641	6732
5	3472	3362	3359	6733
5	3479	3457	3288	6734
5	3426	3252	3292	6735
5	3369	3171	3252	6736
5	3711	3492	3601	6737
5	3704	3488	3608	6738
5	3368	3251	3249	6739
5	3476	3346	3406	6740
5	3384	3348	3345	6741
5	3481	3386	3371	6742
5	3480	3370	3294	6743
5	3696	3544	3657	6744
5	3410	3273	3386	6745
5	3417	3372	3270	6746
5	3481	3371	3370	6747
5	3491	3407	3490	6748
5	3602	3490	3517	6749
5	3438	3310	3256	6750
5	3741	3522	3616	6751
5	3552	3414	3267	6752
5	3434	3337	3309	6753
5	3524	3394	3337	6754
5	3493	3376	3414	6755
5	3377	3319	3268	6756
5	3386	3273	3371	6757
5	3518	3442	3444	6758
5	3544	3442	3518	6759
5	3379	3331	3259	6760
5	3629	3498	3628	6761
5	3397	3379	3259	6762
5	3380	3296	3317	6763
5	3951	3855	3927	6764
5	3603	3521	3545	6765
5	3452	3339	3338	6766
5	3452	3265	3400	6767
5	3902	3706	3813	6768
5	3383	3188	3278	6769
5	3466	3355	3465	6770
5	3468	3357	3467	6771
5	3385	3286	3263	6772
5	3475	3365	3364	6773
5	3410	3377	3268	6774
5	3703	3594	3610	6775
5	3494	3413	3392	6776
5	3742	3659	3707	6777
5	3402	3301	3388	6778
5	3402	3206	3301	6779
5	3389	3295	3250	6780
5	3389	3250	3367	6781
5	3440	3380	3317	6782
5	3390	3307	3258	6783
5	3433	3216	3299	6784
5	3433	3325	3216	6785
5	3648	3530	3526	6786
5	3526	3381	3373	6787
5	3404	3302	3155	6788
5	3531	3404	3333	6789
5	3394	3304	3145	6790
5	3394	3145	3337	6791
5	3550	3429	3546	6792
5	3533	3380	3485	6793
5	3427	3294	3287	6794
5	3480	3294	3427	6795
5	3498	3379	3397	6796
5	3546	3395	3532	6797
5	3534	3393	3308	6798
5	3398	3308	3159	6799
5	3743	3728	3604	6800
5	3627	3490	3602	6801
5	3452	3340	3339	6802
5	3452	3338	3327	6803
5	3421	3306	3411	6804
5	3607	3518	3520	6805
5	3409	3292	3168	6806
5	3409	3168	3330	6807
5	3451	3342	3282	6808
5	3405	3212	3279	6809
5	3432	3305	3431	6810
5	3764	3547	3430	6811
5	3422	3335	3224	6812
5	3422	3224	3344	6813
5	3569	3459	3516	6814
5	3457	3345	3288	6815
5	3407	3385	3263	6816
5	3407	3263	3290	6817
5	3408	3407	3290	6818
5	3408	3290	3365	6819
5	3704	3600	3488	6820
5	3426	3369	3252	6821
5	4003	3938	3984	6822
5	3609	3528	3538	6823
5	3439	3361	3280	6824
5	3504	3439	3421	6825
5	3421	3280	3306	6826
5	3470	3360	3361	6827
5	3413	3399	3262	6828
5	3413	3262	3272	6829
5	3414	3376	3183	6830
5	3414	3183	3184	6831
5	3415	3382	3400	6832
5	3415	3400	3266	6833
5	3540	3416	3378	6834
5	3610	3594	3485	6835
5	3667	3551	3550	6836
5	3692	3623	3584	6837
5	3542	3277	3419	6838
5	3419	3277	3139	6839
5	3430	3165	3302	6840
5	3505	3419	3418	6841
5	3420	3387	3276	6842
5	3420	3276	3286	6843
5	3705	3605	3655	6844
5	3688	3543	3604	6845
5	3455	3341	3342	6846
5	3512	3403	3448	6847
5	3423	3395	3289	6848
5	3423	3289	3331	6849
5	3424	3412	3291	6850
5	3424	3291	3284	6851
5	3450	3285	3425	6852
5	3522	3451	3282	6853
5	3477	3367	3251	6854
5	3477	3251	3368	6855
5	3543	3411	3486	6856
5	3804	3721	3790	6857
5	3936	3817	3812	6858
5	3794	3692	3691	6859
5	3532	3423	3501	6860
5	3463	3349	3328	6861
5	3499	3303	3186	6862
5	3430	3274	3165	6863
5	3432	3271	3305	6864
5	3432	3418	3271	6865
5	3500	3299	3281	6866
5	3547	3499	3186	6867
5	3524	3337	3434	6868
5	3555	3375	3326	6869
5	3600	3523	3389	6870
5	3375	3283	3264	6871
5	3754	3628	3753	6872
5	3501	3423	3379	6873
5	3551	3435	3550	6874
5	3532	3395	3423	6875
5	3631	3402	3593	6876
5	3437	3267	3174	6877
5	3439	3280	3421	6878
5	3471	3310	3438	6879
5	3470	3361	3439	6880
5	3470	3401	3360	6881
5	3541	3417	3416	6882
5	3645	3528	3609	6883
5	3554	3318	3415	6884
5	3591	3531	3441	6885
5	3442	3427	3287	6886
5	3442	3287	3324	6887
5	3447	3329	3323	6888
5	3443	3323	3311	6889
5	3519	3314	3175	6890
5	3511	3330	3402	6891
5	3708	3615	3555	6892
5	3445	3326	3325	6893
5	3572	3446	3556	6894
5	3469	3358	3468	6895
5	3383	3332	3320	6896
5	3383	3320	3188	6897
5	3449	3278	3211	6898
5	3598	3561	3456	6899
5	3558	3278	3449	6900
5	3558	3383	3278	6901
5	3559	3450	3425	6902
5	3515	3403	3512	6903
5	3455	3342	3451	6904
5	3453	3284	3341	6905
5	3452	3400	3382	6906
5	3452	3382	3340	6907
5	3454	3336	3450	6908
5	3559	3425	3502	6909
5	3456	3343	3454	6910
5	3741	3616	3701	6911
5	3709	3561	3598	6912
5	3455	3453	3341	6913
5	3736	3707	3592	6914
5	3580	3471	3539	6915
5	3573	3464	3571	6916
5	3457	3384	3345	6917
5	3459	3348	3384	6918
5	3516	3459	3384	6919
5	3464	3353	3462	6920
5	3465	3354	3464	6921
5	3461	3352	3460	6922
5	3461	3350	3352	6923
5	3805	3755	3635	6924
5	3537	3476	3406	6925
5	3618	3537	3566	6926
5	3583	3473	3582	6927
5	3666	3516	3619	6928
5	3463	3460	3349	6929
5	3569	3462	3459	6930
5	3567	3461	3460	6931
5	3806	3608	3745	6932
5	3546	3429	3395	6933
5	3550	3435	3429	6934
5	3904	3711	3801	6935
5	3571	3464	3462	6936
5	3573	3465	3464	6937
5	3584	3517	3475	6938
5	3574	3466	3465	6939
5	3692	3583	3691	6940
5	3575	3467	3466	6941
5	3604	3543	3486	6942
5	3530	3392	3381	6943
5	3589	3480	3588	6944
5	3471	3374	3315	6945
5	3690	3582	3581	6946
5	3576	3468	3467	6947
5	3582	3472	3581	6948
5	3577	3469	3468	6949
5	3583	3474	3473	6950
5	3626	3489	3491	6951
5	3581	3472	3469	6952
5	3584	3475	3474	6953
5	3585	3368	3478	6954
5	3488	3367	3477	6955
5	3479	3288	3369	6956
5	3503	3426	3292	6957
5	3600	3389	3488	6958
5	3478	3368	3366	6959
5	3492	3369	3426	6960
5	3570	3460	3463	6961
5	3513	3412	3424	6962
5	3541	3416	3540	6963
5	3525	3378	3377	6964
5	3654	3540	3525	6965
5	3541	3482	3417	6966
5	3540	3378	3525	6967
5	3624	3445	3483	6968
5	3483	3445	3325	6969
5	3484	3396	3374	6970
5	3580	3484	3374	6971
5	3753	3594	3703	6972
5	3768	3655	3654	6973
5	3766	3687	3652	6974
5	3527	3486	3447	6975
5	3542	3398	3277	6976
5	3554	3441	3318	6977
5	3519	3175	3295	6978
5	3555	3326	3445	6979
5	3489	3420	3385	6980
5	3788	3686	3653	6981
5	3491	3489	3385	6982
5	3490	3407	3408	6983
5	3626	3592	3489	6984
5	3934	3836	3897	6985
5	3608	3477	3585	6986
5	3586	3476	3537	6987
5	3509	3434	3309	6988
5	3509	3376	3493	6989
5	3508	3443	3399	6990
5	3527	3443	3508	6991
5	3589	3495	3481	6992
5	3588	3427	3544	6993
5	3496	3388	3283	6994
5	3496	3283	3375	6995
5	3553	3485	3440	6996
5	3497	3390	3372	6997
5	3747	3610	3669	6998
5	3660	3532	3650	6999
5	3548	3432	3431	7000
5	3549	3432	3548	7001
5	3514	3299	3500	7002
5	3514	3433	3299	7003
5	3610	3485	3553	7004
5	3747	3703	3610	7005
5	3578	3439	3504	7006
5	3612	3507	3559	7007
5	4010	3835	3944	7008
5	3585	3477	3368	7009
5	3578	3470	3439	7010
5	3510	3502	3401	7011
5	3531	3333	3441	7012
5	3534	3308	3398	7013
5	3549	3505	3418	7014
5	3548	3431	3506	7015
5	3563	3456	3454	7016
5	3579	3412	3513	7017
5	3648	3526	3646	7018
5	3898	3808	3868	7019
5	3633	3509	3493	7020
5	3643	3524	3434	7021
5	3539	3471	3438	7022
5	3564	3455	3451	7023
5	3608	3488	3477	7024
5	3805	3635	3733	7025
5	3616	3522	3405	7026
5	3515	3405	3279	7027
5	3716	3606	3699	7028
5	3653	3578	3504	7029
5	3644	3506	3524	7030
5	3590	3483	3433	7031
5	3563	3454	3507	7032
5	3522	3282	3405	7033
5	3574	3465	3573	7034
5	3572	3463	3446	7035
5	3517	3490	3408	7036
5	3517	3408	3475	7037
5	3544	3427	3442	7038
5	3588	3480	3427	7039
5	3640	3437	3519	7040
5	3552	3267	3437	7041
5	3520	3518	3444	7042
5	3520	3444	3396	7043
5	3530	3494	3392	7044
5	3808	3715	3762	7045
5	3557	3335	3422	7046
5	3642	3422	3561	7047
5	3523	3519	3295	7048
5	3523	3295	3389	7049
5	3644	3524	3643	7050
5	3590	3433	3514	7051
5	3799	3696	3717	7052
5	3654	3525	3645	7053
5	4029	3898	4020	7054
5	3817	3752	3718	7055
5	3657	3518	3607	7056
5	3767	3645	3761	7057
5	3528	3525	3377	7058
5	3528	3377	3410	7059
5	3545	3428	3387	7060
5	3529	3387	3420	7061
5	3659	3529	3592	7062
5	3606	3535	3494	7063
5	3649	3404	3531	7064
5	3536	3430	3302	7065
5	3655	3541	3540	7066
5	3628	3498	3533	7067
5	3533	3498	3397	7068
5	3533	3397	3380	7069
5	3554	3415	3487	7070
5	3670	3554	3487	7071
5	3535	3508	3399	7072
5	3535	3399	3413	7073
5	3649	3536	3404	7074
5	3547	3186	3274	7075
5	3621	3479	3492	7076
5	3587	3565	3457	7077
5	3538	3528	3410	7078
5	3538	3410	3386	7079
5	3696	3588	3544	7080
5	3638	3513	3597	7081
5	3719	3605	3705	7082
5	3645	3525	3528	7083
5	3869	3754	3864	7084
5	3655	3605	3541	7085
5	3651	3487	3393	7086
5	3656	3398	3542	7087
5	3543	3504	3421	7088
5	3543	3421	3411	7089
5	4118	4026	4045	7090
5	3854	3743	3847	7091
5	3646	3521	3603	7092
5	3715	3625	3647	7093
5	3665	3550	3546	7094
5	3629	3501	3498	7095
5	3723	3651	3656	7096
5	3549	3418	3432	7097
5	3671	3445	3624	7098
5	3724	3639	3662	7099
5	3749	3624	3483	7100
5	3842	3771	3664	7101
5	3667	3550	3665	7102
5	3694	3537	3618	7103
5	3665	3546	3660	7104
5	3650	3532	3501	7105
5	3613	3493	3414	7106
5	3593	3402	3388	7107
5	3655	3540	3654	7108
5	3769	3660	3650	7109
5	3649	3531	3591	7110
5	3591	3441	3554	7111
5	3634	3434	3509	7112
5	3708	3555	3671	7113
5	3780	3727	3622	7114
5	3905	3731	3826	7115
5	3672	3449	3557	7116
5	3557	3449	3335	7117
5	3672	3558	3449	7118
5	3558	3512	3448	7119
5	3673	3597	3560	7120
5	3559	3507	3450	7121
5	3560	3513	3424	7122
5	3560	3424	3453	7123
5	3561	3422	3344	7124
5	3561	3344	3456	7125
5	3562	3560	3453	7126
5	3562	3453	3455	7127
5	3598	3456	3563	7128
5	3675	3562	3564	7129
5	3702	3653	3688	7130
5	3564	3562	3455	7131
5	3568	3461	3567	7132
5	3565	3516	3384	7133
5	3566	3537	3406	7134
5	3566	3406	3458	7135
5	3568	3458	3461	7136
5	3568	3566	3458	7137
5	3581	3469	3577	7138
5	4076	3991	3925	7139
5	3571	3462	3569	7140
5	3577	3468	3576	7141
5	3679	3571	3622	7142
5	3570	3567	3460	7143
5	3576	3467	3575	7144
5	3575	3466	3574	7145
5	3677	3620	3567	7146
5	3572	3570	3463	7147
5	3620	3568	3567	7148
5	3676	3568	3620	7149
5	3826	3731	3692	7150
5	3676	3618	3566	7151
5	3681	3573	3679	7152
5	3689	3577	3685	7153
5	3679	3573	3571	7154
5	3681	3574	3573	7155
5	3691	3582	3690	7156
5	3683	3575	3574	7157
5	3612	3599	3507	7158
5	3578	3510	3470	7159
5	3579	3539	3438	7160
5	3579	3438	3412	7161
5	4110	4019	4075	7162
5	3730	3609	3614	7163
5	3812	3718	3732	7164
5	3684	3576	3575	7165
5	3690	3581	3689	7166
5	3685	3577	3576	7167
5	3846	3732	3731	7168
5	3691	3583	3582	7169
5	4063	3981	3987	7170
5	3732	3623	3731	7171
5	3587	3457	3479	7172
5	3750	3668	3523	7173
5	3711	3621	3492	7174
5	3586	3478	3476	7175
5	3700	3587	3621	7176
5	3695	3619	3565	7177
5	4034	3924	4003	7178
5	3658	3614	3495	7179
5	3625	3604	3486	7180
5	3732	3602	3623	7181
5	3726	3595	3663	7182
5	3671	3555	3445	7183
5	3735	3542	3419	7184
5	3735	3419	3505	7185
5	3592	3529	3489	7186
5	3936	3812	3935	7187
5	3850	3633	3737	7188
5	3901	3805	3733	7189
5	3594	3533	3485	7190
5	3765	3629	3754	7191
5	3663	3548	3661	7192
5	3661	3506	3644	7193
5	3596	3497	3482	7194
5	3820	3719	3705	7195
5	3790	3687	3766	7196
5	3638	3579	3513	7197
5	3740	3675	3564	7198
5	3675	3673	3562	7199
5	4064	3999	4030	7200
5	3740	3564	3674	7201
5	3750	3523	3600	7202
5	3613	3414	3552	7203
5	3601	3492	3426	7204
5	3601	3426	3503	7205
5	3689	3581	3577	7206
5	3692	3584	3583	7207
5	3836	3742	3802	7208
5	3710	3646	3603	7209
5	3763	3646	3710	7210
5	3817	3718	3812	7211
5	3605	3596	3482	7212
5	3605	3482	3541	7213
5	3625	3486	3527	7214
5	3632	3535	3606	7215
5	3687	3539	3652	7216
5	3762	3647	3632	7217
5	3745	3585	3693	7218
5	3621	3587	3479	7219
5	3790	3721	3617	7220
5	3657	3544	3518	7221
5	3875	3769	3874	7222
5	3747	3669	3713	7223
5	3611	3607	3520	7224
5	3611	3520	3484	7225
5	3788	3653	3702	7226
5	3673	3560	3562	7227
5	3615	3375	3555	7228
5	3749	3483	3590	7229
5	3614	3609	3538	7230
5	3614	3538	3495	7231
5	3816	3671	3751	7232
5	3615	3496	3375	7233
5	3672	3512	3558	7234
5	3741	3674	3522	7235
5	3617	3611	3484	7236
5	3617	3484	3580	7237
5	3622	3571	3569	7238
5	3619	3516	3565	7239
5	3660	3546	3532	7240
5	3676	3566	3568	7241
5	3682	3551	3667	7242
5	3680	3572	3556	7243
5	3693	3585	3478	7244
5	3693	3478	3586	7245
5	3683	3574	3681	7246
5	3677	3567	3570	7247
5	3623	3602	3517	7248
5	3623	3517	3584	7249
5	3815	3600	3704	7250
5	3816	3708	3671	7251
5	3647	3508	3632	7252
5	3647	3527	3508	7253
5	3752	3627	3718	7254
5	3931	3802	3834	7255
5	3627	3626	3491	7256
5	3627	3491	3490	7257
5	3785	3682	3667	7258
5	4065	3833	3912	7259
5	3713	3669	3596	7260
5	3753	3628	3594	7261
5	3630	3612	3559	7262
5	3630	3559	3502	7263
5	3904	3837	3711	7264
5	3631	3511	3402	7265
5	3647	3625	3527	7266
5	3632	3508	3535	7267
5	3634	3509	3633	7268
5	3663	3549	3548	7269
5	3848	3822	3774	7270
5	3643	3434	3634	7271
5	3635	3503	3409	7272
5	3635	3409	3511	7273
5	3636	3616	3515	7274
5	3636	3515	3512	7275
5	3637	3630	3502	7276
5	3637	3502	3510	7277
5	3652	3579	3638	7278
5	3687	3580	3539	7279
5	3639	3590	3514	7280
5	3639	3514	3500	7281
5	3757	3640	3668	7282
5	3640	3552	3437	7283
5	3641	3606	3494	7284
5	3641	3494	3530	7285
5	3642	3636	3557	7286
5	3642	3557	3422	7287
5	3758	3643	3634	7288
5	3770	3724	3725	7289
5	3821	3749	3759	7290
5	3835	3593	3814	7291
5	3838	3719	3820	7292
5	3768	3654	3767	7293
5	3648	3641	3530	7294
5	3646	3526	3521	7295
5	3819	3746	3798	7296
5	3734	3720	3607	7297
5	3722	3699	3641	7298
5	3761	3609	3730	7299
5	3841	3664	3499	7300
5	3774	3649	3591	7301
5	3773	3665	3772	7302
5	3772	3660	3769	7303
5	3670	3487	3651	7304
5	3670	3591	3554	7305
5	3686	3510	3578	7306
5	3738	3630	3637	7307
5	3686	3578	3653	7308
5	3686	3637	3510	7309
5	3761	3645	3609	7310
5	4065	3903	3833	7311
5	3829	3730	3746	7312
5	3820	3705	3800	7313
5	3656	3651	3534	7314
5	3656	3534	3398	7315
5	3658	3495	3589	7316
5	3734	3611	3721	7317
5	3697	3588	3696	7318
5	3697	3589	3588	7319
5	3659	3603	3545	7320
5	3659	3545	3529	7321
5	3863	3753	3703	7322
5	3754	3629	3628	7323
5	3759	3639	3724	7324
5	3968	3883	3917	7325
5	3662	3639	3500	7326
5	3662	3500	3391	7327
5	3723	3670	3651	7328
5	3663	3595	3549	7329
5	3664	3662	3391	7330
5	3664	3391	3499	7331
5	4150	4066	4134	7332
5	3682	3556	3551	7333
5	3666	3622	3569	7334
5	3666	3569	3516	7335
5	3765	3650	3629	7336
5	3772	3665	3660	7337
5	3668	3640	3519	7338
5	3668	3519	3523	7339
5	3669	3610	3553	7340
5	3669	3553	3497	7341
5	3906	3841	3764	7342
5	3774	3591	3670	7343
5	3835	3733	3631	7344
5	3737	3493	3613	7345
5	3672	3557	3636	7346
5	3672	3636	3512	7347
5	3776	3597	3673	7348
5	3775	3599	3612	7349
5	3674	3564	3451	7350
5	3674	3451	3522	7351
5	3813	3675	3740	7352
5	3852	3741	3701	7353
5	3729	3618	3676	7354
5	3778	3666	3619	7355
5	3783	3680	3682	7356
5	3779	3712	3677	7357
5	3678	3677	3570	7358
5	3678	3570	3572	7359
5	3685	3576	3684	7360
5	3684	3575	3683	7361
5	3779	3677	3678	7362
5	3680	3678	3572	7363
5	3712	3620	3677	7364
5	3773	3667	3665	7365
5	3785	3667	3773	7366
5	3682	3680	3556	7367
5	3782	3679	3727	7368
5	3794	3691	3793	7369
5	3826	3692	3794	7370
5	3769	3650	3765	7371
5	3926	3831	3907	7372
5	3784	3683	3681	7373
5	3706	3673	3675	7374
5	3714	3637	3686	7375
5	3748	3630	3738	7376
5	3687	3617	3580	7377
5	3688	3653	3504	7378
5	3688	3504	3543	7379
5	3792	3689	3791	7380
5	3786	3684	3683	7381
5	3793	3691	3690	7382
5	3787	3685	3684	7383
5	3846	3812	3732	7384
5	3793	3690	3792	7385
5	3791	3689	3685	7386
5	3792	3690	3689	7387
5	3695	3565	3587	7388
5	3992	3827	3929	7389
5	3827	3693	3795	7390
5	3694	3586	3537	7391
5	3700	3695	3587	7392
5	3777	3620	3712	7393
5	3697	3658	3589	7394
5	3932	3828	3839	7395
5	3873	3800	3768	7396
5	3890	3728	3854	7397
5	3735	3505	3698	7398
5	3698	3505	3595	7399
5	4254	4211	4214	7400
5	3722	3641	3648	7401
5	3825	3782	3727	7402
5	3796	3618	3729	7403
5	3701	3616	3636	7404
5	3701	3636	3642	7405
5	3909	3800	3873	7406
5	3829	3746	3819	7407
5	3833	3703	3747	7408
5	3767	3654	3645	7409
5	3745	3608	3585	7410
5	3994	3801	3933	7411
5	3768	3705	3655	7412
5	3872	3761	3867	7413
5	3748	3612	3630	7414
5	3789	3638	3744	7415
5	3707	3659	3592	7416
5	3840	3763	3807	7417
5	3814	3496	3615	7418
5	4077	3988	3910	7419
5	3709	3701	3642	7420
5	3709	3642	3561	7421
5	3943	3849	3913	7422
5	3807	3763	3710	7423
5	3801	3601	3755	7424
5	3910	3815	3704	7425
5	3797	3619	3695	7426
5	3727	3679	3622	7427
5	3873	3768	3767	7428
5	3912	3833	3857	7429
5	3738	3637	3714	7430
5	3775	3612	3748	7431
5	3743	3625	3715	7432
5	3728	3688	3604	7433
5	3762	3715	3647	7434
5	3716	3632	3606	7435
5	3717	3696	3657	7436
5	3721	3611	3617	7437
5	3718	3627	3602	7438
5	3993	3948	3945	7439
5	3719	3713	3596	7440
5	3719	3596	3605	7441
5	3720	3717	3657	7442
5	3720	3657	3607	7443
5	3734	3607	3611	7444
5	3847	3743	3715	7445
5	3834	3802	3707	7446
5	4162	4138	4087	7447
5	3764	3536	3649	7448
5	3774	3670	3723	7449
5	3771	3662	3664	7450
5	3725	3663	3661	7451
5	3841	3547	3764	7452
5	3726	3663	3725	7453
5	3771	3724	3662	7454
5	3841	3499	3547	7455
5	3786	3683	3784	7456
5	3784	3681	3782	7457
5	3790	3617	3687	7458
5	3728	3702	3688	7459
5	3843	3695	3700	7460
5	3881	3777	3712	7461
5	3854	3728	3743	7462
5	3867	3730	3829	7463
5	3732	3718	3602	7464
5	3731	3623	3692	7465
5	4134	4066	4107	7466
5	3834	3707	3736	7467
5	3733	3635	3511	7468
5	3733	3511	3631	7469
5	3743	3604	3625	7470
5	3923	3871	3890	7471
5	3971	3886	3876	7472
5	3848	3656	3735	7473
5	3849	3752	3817	7474
5	3936	3913	3817	7475
5	3756	3634	3633	7476
5	3850	3756	3633	7477
5	3744	3638	3597	7478
5	3859	3775	3748	7479
5	3739	3598	3563	7480
5	3739	3563	3599	7481
5	3824	3823	3740	7482
5	3852	3740	3674	7483
5	3852	3701	3709	7484
5	3824	3598	3739	7485
5	3742	3710	3603	7486
5	3742	3603	3659	7487
5	3982	3934	3981	7488
5	3889	3766	3870	7489
5	3856	3789	3744	7490
5	3832	3798	3799	7491
5	3827	3745	3693	7492
5	3796	3694	3618	7493
5	3746	3730	3614	7494
5	3746	3614	3658	7495
5	3950	3838	3924	7496
5	3966	3881	3926	7497
5	3945	3847	3808	7498
5	3858	3748	3738	7499
5	3770	3661	3644	7500
5	3760	3643	3758	7501
5	3757	3552	3640	7502
5	3988	3815	3910	7503
5	3751	3671	3624	7504
5	3821	3818	3862	7505
5	3752	3736	3626	7506
5	3752	3626	3627	7507
5	4245	4197	4147	7508
5	3857	3747	3713	7509
5	4073	4038	3954	7510
5	3857	3713	3838	7511
5	3755	3601	3503	7512
5	3755	3503	3635	7513
5	3760	3644	3643	7514
5	3758	3634	3756	7515
5	3865	3613	3757	7516
5	3757	3613	3552	7517
5	3962	3875	3874	7518
5	3818	3760	3758	7519
5	3759	3749	3590	7520
5	3759	3590	3639	7521
5	3770	3644	3760	7522
5	3770	3725	3661	7523
5	3960	3867	3956	7524
5	3945	3808	3898	7525
5	3868	3716	3809	7526
5	3974	3804	3889	7527
5	3763	3722	3648	7528
5	3763	3648	3646	7529
5	4047	3968	4018	7530
5	3810	3595	3726	7531
5	3864	3753	3863	7532
5	3864	3754	3753	7533
5	3922	3775	3859	7534
5	3989	3803	3902	7535
5	3872	3767	3761	7536
5	3938	3800	3909	7537
5	3960	3872	3867	7538
5	3990	3920	3958	7539
5	3883	3782	3825	7540
5	3874	3765	3869	7541
5	3821	3760	3818	7542
5	3770	3759	3724	7543
5	3771	3726	3725	7544
5	3771	3725	3724	7545
5	4016	3962	4001	7546
5	3869	3765	3754	7547
5	3886	3773	3876	7548
5	3782	3681	3679	7549
5	3848	3774	3723	7550
5	3822	3649	3774	7551
5	3776	3673	3706	7552
5	3813	3706	3675	7553
5	3871	3788	3702	7554
5	3776	3744	3597	7555
5	3777	3729	3676	7556
5	3777	3676	3620	7557
5	3925	3896	3797	7558
5	3780	3666	3778	7559
5	3831	3712	3779	7560
5	3780	3622	3666	7561
5	3970	3885	3968	7562
5	3844	3729	3777	7563
5	3781	3779	3678	7564
5	3781	3678	3680	7565
5	3791	3685	3787	7566
5	3787	3684	3786	7567
5	3905	3846	3731	7568
5	3783	3781	3680	7569
5	3879	3779	3781	7570
5	3876	3773	3772	7571
5	3886	3785	3773	7572
5	3785	3783	3682	7573
5	4045	3894	3978	7574
5	3875	3772	3769	7575
5	3879	3831	3779	7576
5	3876	3772	3875	7577
5	3952	3859	3858	7578
5	3788	3714	3686	7579
5	3789	3766	3652	7580
5	3789	3652	3638	7581
5	3828	3717	3720	7582
5	3853	3734	3721	7583
5	3887	3786	3885	7584
5	3885	3786	3784	7585
5	3928	3905	3826	7586
5	3887	3787	3786	7587
5	3891	3791	3787	7588
5	3892	3791	3891	7589
5	3928	3826	3794	7590
5	4189	4079	4135	7591
5	3795	3693	3586	7592
5	3795	3586	3694	7593
5	3797	3778	3619	7594
5	3979	3895	3844	7595
5	4124	4039	4051	7596
5	3895	3729	3844	7597
5	3798	3746	3658	7598
5	3798	3658	3697	7599
5	3799	3798	3697	7600
5	3799	3697	3696	7601
5	3873	3767	3872	7602
5	3867	3761	3730	7603
5	4070	3908	4012	7604
5	3815	3750	3600	7605
5	3802	3742	3707	7606
5	4086	3981	4063	7607
5	3877	3744	3776	7608
5	3803	3776	3706	7609
5	4050	3972	3997	7610
5	3868	3762	3716	7611
5	3806	3704	3608	7612
5	4071	3904	3994	7613
5	3843	3797	3695	7614
5	3910	3704	3806	7615
5	4028	3931	3943	7616
5	3921	3830	3900	7617
5	3847	3715	3808	7618
5	3855	3738	3714	7619
5	3868	3808	3762	7620
5	3809	3716	3699	7621
5	3822	3764	3649	7622
5	3810	3698	3595	7623
5	3811	3795	3694	7624
5	3811	3694	3796	7625
5	4135	4079	4118	7626
5	3935	3812	3846	7627
5	3851	3599	3775	7628
5	3922	3851	3775	7629
5	3814	3615	3708	7630
5	3894	3793	3893	7631
5	3901	3733	3835	7632
5	3835	3631	3593	7633
5	3861	3757	3668	7634
5	3865	3757	3861	7635
5	4000	3913	3999	7636
5	3931	3897	3802	7637
5	4033	4008	3952	7638
5	3866	3862	3818	7639
5	3942	3845	3918	7640
5	3853	3721	3804	7641
5	4072	3984	4005	7642
5	4259	4217	4198	7643
5	3862	3624	3749	7644
5	3821	3862	3749	7645
5	3860	3668	3750	7646
5	3814	3593	3496	7647
5	3823	3813	3740	7648
5	3824	3739	3823	7649
5	3852	3674	3741	7650
5	3824	3740	3852	7651
5	3883	3784	3782	7652
5	3885	3784	3883	7653
5	3893	3792	3892	7654
5	3892	3792	3791	7655
5	3994	3904	3801	7656
5	4077	3995	4067	7657
5	3832	3819	3798	7658
5	3845	3717	3828	7659
5	3956	3829	3940	7660
5	3937	3819	3832	7661
5	3830	3809	3699	7662
5	3830	3699	3722	7663
5	3908	3843	3700	7664
5	3996	3929	3811	7665
5	4052	3997	3923	7666
5	4029	3993	3945	7667
5	3838	3713	3719	7668
5	3950	3857	3838	7669
5	3999	3913	3936	7670
5	4000	3943	3913	7671
5	3944	3814	3899	7672
5	3861	3668	3860	7673
5	3836	3807	3710	7674
5	3836	3710	3742	7675
5	3837	3700	3621	7676
5	3837	3621	3711	7677
5	3857	3833	3747	7678
5	4038	3990	3958	7679
5	3839	3828	3720	7680
5	3839	3720	3734	7681
5	3840	3830	3722	7682
5	3840	3722	3763	7683
5	3842	3726	3771	7684
5	3842	3664	3841	7685
5	4001	3962	3920	7686
5	3842	3810	3726	7687
5	3895	3796	3729	7688
5	3878	3727	3780	7689
5	3878	3825	3727	7690
5	3881	3712	3831	7691
5	3845	3832	3799	7692
5	3845	3799	3717	7693
5	3893	3793	3792	7694
5	3894	3794	3793	7695
5	3918	3845	3828	7696
5	3858	3738	3855	7697
5	3848	3723	3656	7698
5	3848	3735	3698	7699
5	3849	3834	3736	7700
5	3849	3736	3752	7701
5	3953	3866	3946	7702
5	3866	3751	3862	7703
5	3851	3823	3739	7704
5	3851	3739	3599	7705
5	3824	3852	3709	7706
5	3824	3709	3598	7707
5	3932	3918	3828	7708
5	3853	3839	3734	7709
5	3921	3809	3830	7710
5	4139	4088	4110	7711
5	3870	3766	3789	7712
5	3859	3748	3858	7713
5	3870	3789	3856	7714
5	3889	3790	3766	7715
5	4004	3954	3863	7716
5	3958	3920	3869	7717
5	3951	3858	3855	7718
5	3963	3877	3914	7719
5	3877	3776	3803	7720
5	3902	3803	3706	7721
5	3899	3708	3816	7722
5	3865	3737	3613	7723
5	3944	3835	3814	7724
5	3946	3866	3756	7725
5	4035	4033	3951	7726
5	3862	3751	3624	7727
5	4286	4209	4136	7728
5	4100	4006	4034	7729
5	4073	3954	4004	7730
5	4126	4047	4084	7731
5	4002	3850	3955	7732
5	3955	3865	3861	7733
5	3866	3818	3758	7734
5	3866	3758	3756	7735
5	3961	3909	3873	7736
5	4169	4099	4098	7737
5	3923	3890	3916	7738
5	3916	3890	3854	7739
5	4001	3920	3990	7740
5	4023	3966	3926	7741
5	3888	3714	3788	7742
5	3927	3855	3888	7743
5	3888	3788	3871	7744
5	3888	3855	3714	7745
5	3940	3829	3819	7746
5	3961	3873	3872	7747
5	4190	4142	4161	7748
5	4006	3912	3950	7749
5	3821	3759	3770	7750
5	3821	3770	3760	7751
5	4007	3964	3967	7752
5	3971	3876	3915	7753
5	3906	3848	3698	7754
5	3906	3698	3810	7755
5	4241	4189	4135	7756
5	3877	3856	3744	7757
5	3896	3778	3797	7758
5	3884	3783	3785	7759
5	3964	3879	3882	7760
5	3907	3831	3879	7761
5	3880	3878	3780	7762
5	3880	3780	3778	7763
5	3926	3881	3831	7764
5	3881	3844	3777	7765
5	3882	3879	3781	7766
5	3882	3781	3783	7767
5	3928	3794	3894	7768
5	3891	3787	3887	7769
5	3965	3917	3825	7770
5	3884	3882	3783	7771
5	3917	3883	3825	7772
5	3966	3844	3881	7773
5	3962	3874	3920	7774
5	3886	3884	3785	7775
5	3958	3864	3954	7776
5	3978	3893	3977	7777
5	4008	3963	3914	7778
5	3914	3877	3803	7779
5	3948	3854	3847	7780
5	3889	3804	3790	7781
5	3890	3871	3702	7782
5	3890	3702	3728	7783
5	4057	3978	3977	7784
5	4432	4401	4332	7785
5	3970	3887	3885	7786
5	3975	3887	3970	7787
5	3975	3891	3887	7788
5	3976	3891	3975	7789
5	3976	3892	3891	7790
5	3977	3893	3892	7791
5	3896	3880	3778	7792
5	3996	3811	3941	7793
5	3925	3797	3843	7794
5	4044	3907	4009	7795
5	3897	3836	3802	7796
5	4141	4062	4094	7797
5	3983	3900	3911	7798
5	3900	3830	3840	7799
5	4011	3861	3860	7800
5	3899	3814	3708	7801
5	3957	3898	3868	7802
5	3957	3809	3921	7803
5	4102	4011	4010	7804
5	3988	3919	3815	7805
5	4099	4003	4098	7806
5	4400	4393	4341	7807
5	3903	3863	3703	7808
5	3903	3703	3833	7809
5	3908	3700	3837	7810
5	4139	4110	4137	7811
5	4060	4030	3935	7812
5	3978	3894	3893	7813
5	4013	3816	3953	7814
5	3946	3756	3850	7815
5	3969	3884	3886	7816
5	4004	3863	3903	7817
5	4092	3939	3992	7818
5	4070	4069	4014	7819
5	3961	3872	3960	7820
5	3956	3867	3829	7821
5	4077	3910	3995	7822
5	3919	3750	3815	7823
5	3911	3900	3840	7824
5	3911	3840	3807	7825
5	3924	3838	3820	7826
5	4040	3956	4036	7827
5	3913	3849	3817	7828
5	4028	3987	3931	7829
5	3972	3888	3871	7830
5	3972	3871	3923	7831
5	3915	3876	3875	7832
5	4170	4096	4167	7833
5	3940	3819	3937	7834
5	4296	4245	4147	7835
5	4104	4045	3978	7836
5	3968	3885	3883	7837
5	3957	3868	3809	7838
5	4029	3945	3898	7839
5	4010	3901	3835	7840
5	3919	3860	3750	7841
5	3962	3915	3875	7842
5	3920	3874	3869	7843
5	3982	3911	3934	7844
5	4019	3900	3983	7845
5	3989	3914	3803	7846
5	3922	3823	3851	7847
5	3973	3856	3963	7848
5	4025	3948	3993	7849
5	3950	3912	3857	7850
5	4240	4159	4201	7851
5	3979	3844	3966	7852
5	4094	4017	3998	7853
5	3930	3878	3880	7854
5	4044	3926	3907	7855
5	4051	3959	4042	7856
5	4049	3963	4008	7857
5	4289	4144	4242	7858
5	4045	4026	3928	7859
5	3929	3827	3795	7860
5	3929	3795	3811	7861
5	4009	3964	4007	7862
5	3965	3878	3930	7863
5	4095	3999	4064	7864
5	4150	4063	4066	7865
5	3974	3889	3959	7866
5	4025	3916	3948	7867
5	3933	3801	3755	7868
5	3933	3755	3805	7869
5	3934	3911	3807	7870
5	3934	3807	3836	7871
5	3902	3813	3823	7872
5	3902	3823	3922	7873
5	4258	4173	4192	7874
5	4028	3943	4000	7875
5	3998	3918	3932	7876
5	4031	3937	3942	7877
5	3938	3924	3820	7878
5	3938	3820	3800	7879
5	3939	3806	3745	7880
5	3939	3745	3827	7881
5	4017	3918	3998	7882
5	4017	3942	3918	7883
5	3941	3811	3796	7884
5	3941	3796	3895	7885
5	3942	3937	3832	7886
5	3942	3832	3845	7887
5	3943	3931	3834	7888
5	3943	3834	3849	7889
5	3906	3810	3842	7890
5	3906	3842	3841	7891
5	4122	4035	4050	7892
5	3948	3847	3945	7893
5	3955	3737	3865	7894
5	4097	4013	4002	7895
5	3947	3932	3839	7896
5	3947	3839	3853	7897
5	3959	3889	3870	7898
5	3948	3916	3854	7899
5	3949	3947	3853	7900
5	3949	3853	3804	7901
5	4003	3924	3938	7902
5	4333	4291	4251	7903
5	3963	3856	3877	7904
5	3952	3858	3951	7905
5	4039	3949	3974	7906
5	3989	3952	3914	7907
5	3953	3816	3751	7908
5	3953	3751	3866	7909
5	3958	3869	3864	7910
5	3954	3864	3863	7911
5	4033	3952	3951	7912
5	3955	3850	3737	7913
5	4036	3940	4032	7914
5	4032	3940	3937	7915
5	4037	3921	4019	7916
5	3997	3972	3923	7917
5	4056	3976	4055	7918
5	4054	3971	3915	7919
5	3974	3949	3804	7920
5	4153	4073	4004	7921
5	4098	3984	4072	7922
5	4040	3960	3956	7923
5	4041	3961	3960	7924
5	4041	3960	4040	7925
5	3906	3764	3822	7926
5	3906	3822	3848	7927
5	3973	3959	3870	7928
5	4050	4035	3927	7929
5	3965	3825	3878	7930
5	3964	3907	3879	7931
5	4082	3979	4058	7932
5	4009	3907	3964	7933
5	3980	3880	3896	7934
5	4092	3994	3995	7935
5	3967	3964	3882	7936
5	3967	3882	3884	7937
5	4045	3928	3894	7938
5	3977	3892	3976	7939
5	4046	3967	3969	7940
5	3969	3967	3884	7941
5	4172	4105	4155	7942
5	4016	3915	3962	7943
5	4127	4048	4054	7944
5	3971	3969	3886	7945
5	3973	3870	3856	7946
5	3972	3927	3888	7947
5	4085	3993	4078	7948
5	4008	3914	3952	7949
5	4050	3927	3972	7950
5	4041	4005	3961	7951
5	4048	3969	3971	7952
5	4288	4252	4189	7953
5	4038	3958	3954	7954
5	4129	4054	4016	7955
5	4053	3975	3970	7956
5	4055	3975	4053	7957
5	4055	3976	3975	7958
5	4189	4160	4079	7959
5	3980	3930	3880	7960
5	3991	3896	3925	7961
5	3991	3980	3896	7962
5	4058	3966	4023	7963
5	3981	3934	3897	7964
5	4307	4204	4246	7965
5	4094	4062	4017	7966
5	4087	4075	3983	7967
5	4216	4150	4194	7968
5	4107	4000	4095	7969
5	3984	3938	3909	7970
5	4036	3956	3940	7971
5	3985	3935	3846	7972
5	3985	3846	3905	7973
5	3986	3933	3805	7974
5	4101	3988	4015	7975
5	3987	3981	3897	7976
5	3987	3897	3931	7977
5	4101	4011	3988	7978
5	4015	3805	3901	7979
5	4229	4174	4166	7980
5	4089	4027	4083	7981
5	4096	4001	3990	7982
5	4090	3990	4038	7983
5	4105	4091	4009	7984
5	4076	4014	4069	7985
5	4075	4019	3983	7986
5	3992	3939	3827	7987
5	4039	4024	3949	7988
5	4114	4025	4085	7989
5	4175	4112	4111	7990
5	4067	3933	3986	7991
5	3995	3910	3806	7992
5	3995	3806	3939	7993
5	4092	4071	3994	7994
5	4058	3979	3966	7995
5	4032	3937	4031	7996
5	4031	3942	4017	7997
5	4264	4230	4243	7998
5	4426	4330	4397	7999
5	4118	4045	4104	8000
5	4060	3935	3985	8001
5	4173	4134	4107	8002
5	4503	4402	4401	8003
5	4096	3990	4090	8004
5	4220	4155	4202	8005
5	4102	4013	4097	8006
5	4011	3919	3988	8007
5	4168	4098	4072	8008
5	4244	4218	4231	8009
5	4100	4034	4099	8010
5	4253	4167	4224	8011
5	4005	3984	3909	8012
5	4005	3909	3961	8013
5	4098	4003	3984	8014
5	4099	4034	4003	8015
5	3989	3902	3922	8016
5	4087	3982	4086	8017
5	4042	3959	3973	8018
5	4287	4251	4197	8019
5	4018	3968	3917	8020
5	4057	3977	4056	8021
5	4101	4010	4011	8022
5	4011	3860	3919	8023
5	4097	3861	4011	8024
5	4013	3899	3816	8025
5	4012	3908	3837	8026
5	4012	3837	3904	8027
5	4013	3944	3899	8028
5	4035	3951	3927	8029
5	4014	3925	3843	8030
5	4014	3843	3908	8031
5	4077	4015	3988	8032
5	4015	3986	3805	8033
5	4253	4227	4167	8034
5	4104	3978	4057	8035
5	4019	3921	3900	8036
5	4108	4029	4020	8037
5	4047	3970	3968	8038
5	4054	3915	4016	8039
5	4020	3898	3957	8040
5	4078	3993	4029	8041
5	3989	3922	3859	8042
5	3989	3859	3952	8043
5	4021	3998	3932	8044
5	4021	3932	3947	8045
5	4022	3941	3895	8046
5	4022	3895	3979	8047
5	4140	4119	4120	8048
5	4059	3930	3980	8049
5	4024	4021	3947	8050
5	4024	3947	3949	8051
5	4149	4114	4085	8052
5	4052	3916	4025	8053
5	4026	3985	3905	8054
5	4026	3905	3928	8055
5	4027	4018	3917	8056
5	4027	3917	3965	8057
5	4199	4137	4138	8058
5	4152	4063	4150	8059
5	4391	4294	4291	8060
5	4151	4081	4116	8061
5	4030	3999	3936	8062
5	4030	3936	3935	8063
5	4062	4031	4017	8064
5	4173	4107	4095	8065
5	4125	4113	3997	8066
5	4116	4081	4041	8067
5	4002	3946	3850	8068
5	4102	4097	4011	8069
5	4034	4006	3950	8070
5	4034	3950	3924	8071
5	4002	4013	3953	8072
5	4002	3953	3946	8073
5	4115	4036	4112	8074
5	4112	4032	4111	8075
5	4037	4020	3957	8076
5	4037	3957	3921	8077
5	4153	4004	4065	8078
5	4287	4197	4245	8079
5	4124	4051	4123	8080
5	4109	4021	4093	8081
5	4166	4108	4088	8082
5	4154	4081	4151	8083
5	4116	4041	4040	8084
5	4116	4040	4115	8085
5	4051	3974	3959	8086
5	4051	4039	3974	8087
5	4043	4027	3965	8088
5	4043	3965	3930	8089
5	4132	4023	4117	8090
5	4044	4023	3926	8091
5	4158	4030	4060	8092
5	4056	3977	3976	8093
5	4148	4126	4084	8094
5	4046	4007	3967	8095
5	4118	4079	4026	8096
5	4053	3970	4047	8097
5	4103	4001	4096	8098
5	4048	4046	3969	8099
5	4049	4042	3973	8100
5	4049	3973	3963	8101
5	4080	4008	4033	8102
5	4121	4049	4080	8103
5	4080	4033	4035	8104
5	4052	3923	3916	8105
5	4085	4025	3993	8106
5	4123	4051	4042	8107
5	4156	4057	4131	8108
5	4103	4016	4001	8109
5	4126	4053	4047	8110
5	4054	4048	3971	8111
5	4091	4044	4009	8112
5	4129	4016	4103	8113
5	4201	4068	4146	8114
5	4163	4090	4038	8115
5	4212	4202	4140	8116
5	4209	4131	4136	8117
5	4059	4043	3930	8118
5	4132	4058	4023	8119
5	4074	3980	3991	8120
5	4117	4023	4044	8121
5	4185	4104	4156	8122
5	4298	4241	4256	8123
5	4071	4012	3904	8124
5	4061	3992	3929	8125
5	4545	4493	4475	8126
5	4111	4032	4031	8127
5	4290	4260	4278	8128
5	4107	4028	4000	8129
5	4367	4300	4271	8130
5	4198	4153	4159	8131
5	4240	4198	4159	8132
5	4065	4004	3903	8133
5	4066	4063	3987	8134
5	4066	3987	4028	8135
5	4067	3995	3994	8136
5	4067	3994	3933	8137
5	4068	4065	3912	8138
5	4068	3912	4006	8139
5	4069	3996	3941	8140
5	4074	4059	3980	8141
5	4092	3995	3939	8142
5	4070	4012	4061	8143
5	4070	4014	3908	8144
5	4061	3929	3996	8145
5	4111	4031	4062	8146
5	4115	4040	4036	8147
5	4163	4038	4073	8148
5	4239	4187	4238	8149
5	4074	3991	4082	8150
5	4362	4313	4312	8151
5	4071	3992	4061	8152
5	4071	4061	4012	8153
5	4082	4022	3979	8154
5	4076	4082	3991	8155
5	4077	4067	3986	8156
5	4077	3986	4015	8157
5	4069	3941	4022	8158
5	4076	3925	4014	8159
5	4160	3985	4079	8160
5	4079	3985	4026	8161
5	4080	4049	4008	8162
5	4397	4330	4331	8163
5	4081	4072	4005	8164
5	4081	4005	4041	8165
5	4076	4069	4022	8166
5	4076	4022	4082	8167
5	4083	4027	4043	8168
5	4133	4059	4132	8169
5	4131	4056	4130	8170
5	4084	4047	4018	8171
5	4093	4021	4024	8172
5	4165	4094	4109	8173
5	4087	3983	3982	8174
5	4086	3982	3981	8175
5	4335	4290	4324	8176
5	4143	4062	4141	8177
5	4108	4020	4088	8178
5	4088	4020	4037	8179
5	4089	4084	4018	8180
5	4089	4018	4027	8181
5	4184	4140	4120	8182
5	4168	4072	4154	8183
5	4105	4009	4007	8184
5	4117	4044	4091	8185
5	4177	4115	4112	8186
5	4092	3992	4071	8187
5	4070	4061	3996	8188
5	4070	3996	4069	8189
5	4247	4199	4210	8190
5	4162	4087	4086	8191
5	4107	4066	4028	8192
5	4095	4000	3999	8193
5	4205	4188	4170	8194
5	4184	4120	4127	8195
5	4097	4002	3955	8196
5	4097	3955	3861	8197
5	4177	4112	4175	8198
5	4154	4072	4081	8199
5	4200	4147	4099	8200
5	4296	4147	4200	8201
5	4113	4050	3997	8202
5	4122	4050	4113	8203
5	4101	4015	3901	8204
5	4101	3901	4010	8205
5	4102	4010	3944	8206
5	4102	3944	4013	8207
5	4156	4104	4057	8208
5	4128	4055	4053	8209
5	4130	4055	4128	8210
5	4130	4056	4055	8211
5	4172	4091	4105	8212
5	4145	4084	4089	8213
5	4106	4093	4024	8214
5	4106	4024	4039	8215
5	4258	4203	4173	8216
5	4303	4281	4265	8217
5	4215	4181	4149	8218
5	4108	4078	4029	8219
5	4109	4094	3998	8220
5	4109	3998	4021	8221
5	4110	4088	4037	8222
5	4110	4037	4019	8223
5	4112	4036	4032	8224
5	4200	4099	4169	8225
5	4230	4142	4190	8226
5	4180	4106	4124	8227
5	4121	4042	4049	8228
5	4182	4124	4123	8229
5	4125	4052	4114	8230
5	4114	4052	4025	8231
5	4248	4200	4169	8232
5	4143	4111	4062	8233
5	4248	4169	4226	8234
5	4533	4508	4525	8235
5	4179	4091	4172	8236
5	4133	4132	4117	8237
5	4131	4057	4056	8238
5	4158	4064	4030	8239
5	4119	4105	4007	8240
5	4119	4007	4046	8241
5	4120	4119	4046	8242
5	4120	4046	4048	8243
5	4123	4042	4121	8244
5	4142	4109	4093	8245
5	4122	4121	4080	8246
5	4122	4080	4035	8247
5	4176	4122	4113	8248
5	4124	4106	4039	8249
5	4125	3997	4052	8250
5	4181	4114	4149	8251
5	4180	4161	4106	8252
5	4176	4121	4122	8253
5	4256	4241	4135	8254
5	4128	4053	4126	8255
5	4227	4170	4167	8256
5	4127	4120	4048	8257
5	4332	4258	4289	8258
5	4333	4251	4287	8259
5	4155	4105	4119	8260
5	4129	4127	4054	8261
5	4224	4167	4090	8262
5	4221	4188	4205	8263
5	4074	4082	4058	8264
5	4132	4074	4058	8265
5	4133	4043	4059	8266
5	4132	4059	4074	8267
5	4179	4172	4171	8268
5	4133	4083	4043	8269
5	4288	4189	4241	8270
5	4379	4346	4288	8271
5	4209	4193	4156	8272
5	4155	4119	4140	8273
5	4136	4131	4130	8274
5	4187	4128	4157	8275
5	4137	4110	4075	8276
5	4450	4403	4393	8277
5	4138	4137	4075	8278
5	4138	4075	4087	8279
5	4178	4116	4115	8280
5	4235	4183	4181	8281
5	4212	4140	4184	8282
5	4157	4128	4126	8283
5	4175	4111	4143	8284
5	4232	4175	4191	8285
5	4165	4109	4142	8286
5	4165	4141	4094	8287
5	4207	4164	4206	8288
5	4233	4231	4178	8289
5	4144	4095	4064	8290
5	4399	4332	4289	8291
5	4148	4084	4145	8292
5	4251	4146	4197	8293
5	4146	4068	4006	8294
5	4146	4006	4100	8295
5	4147	4100	4099	8296
5	4169	4098	4168	8297
5	4157	4126	4148	8298
5	4187	4130	4128	8299
5	4266	4207	4206	8300
5	4161	4093	4106	8301
5	4152	4086	4063	8302
5	4162	4086	4152	8303
5	4178	4115	4177	8304
5	4348	4296	4248	8305
5	4278	4222	4216	8306
5	4338	4324	4261	8307
5	4201	4159	4068	8308
5	4170	4103	4096	8309
5	4291	4240	4201	8310
5	4225	4154	4218	8311
5	4228	4145	4171	8312
5	4171	4089	4083	8313
5	4185	4118	4104	8314
5	4185	4135	4118	8315
5	4188	4103	4170	8316
5	4237	4212	4184	8317
5	4208	4148	4196	8318
5	4252	4160	4189	8319
5	4159	4153	4065	8320
5	4159	4065	4068	8321
5	4252	4060	4160	8322
5	4160	4060	3985	8323
5	4174	4078	4108	8324
5	4161	4142	4093	8325
5	4402	4343	4401	8326
5	4222	4152	4216	8327
5	4217	4073	4153	8328
5	4294	4240	4291	8329
5	4164	4149	4085	8330
5	4164	4085	4078	8331
5	4214	4137	4199	8332
5	4166	4088	4139	8333
5	4174	4108	4166	8334
5	4174	4164	4078	8335
5	4167	4096	4090	8336
5	4346	4252	4288	8337
5	4339	4302	4325	8338
5	4233	4177	4232	8339
5	4283	4232	4250	8340
5	4226	4169	4168	8341
5	4238	4187	4157	8342
5	4208	4157	4148	8343
5	4391	4291	4376	8344
5	4171	4145	4089	8345
5	4179	4171	4083	8346
5	4188	4129	4103	8347
5	4418	4392	4354	8348
5	4444	4384	4344	8349
5	4235	4181	4215	8350
5	4207	4149	4164	8351
5	4378	4295	4345	8352
5	4178	4151	4116	8353
5	4182	4180	4124	8354
5	4181	4125	4114	8355
5	4279	4218	4244	8356
5	4340	4297	4316	8357
5	4206	4164	4174	8358
5	4281	4229	4265	8359
5	4188	4186	4129	8360
5	4179	4117	4091	8361
5	4182	4123	4176	8362
5	4176	4123	4121	8363
5	4183	4125	4181	8364
5	4183	4113	4125	8365
5	4183	4176	4113	8366
5	4215	4149	4207	8367
5	4234	4180	4182	8368
5	4236	4234	4182	8369
5	4202	4155	4140	8370
5	4196	4148	4145	8371
5	4307	4242	4204	8372
5	4256	4185	4193	8373
5	4186	4184	4127	8374
5	4186	4127	4129	8375
5	4237	4186	4221	8376
5	4187	4136	4130	8377
5	4179	4083	4133	8378
5	4179	4133	4117	8379
5	4372	4256	4300	8380
5	4242	4144	4204	8381
5	4222	4162	4152	8382
5	4350	4314	4323	8383
5	4191	4175	4143	8384
5	4213	4143	4141	8385
5	4192	4173	4095	8386
5	4192	4095	4144	8387
5	4193	4185	4156	8388
5	4379	4377	4346	8389
5	4194	4150	4134	8390
5	4399	4336	4383	8391
5	4195	4190	4161	8392
5	4195	4161	4180	8393
5	4407	4349	4305	8394
5	4209	4156	4131	8395
5	4197	4146	4100	8396
5	4197	4100	4147	8397
5	4217	4163	4073	8398
5	4217	4153	4198	8399
5	4282	4244	4231	8400
5	4437	4394	4405	8401
5	4225	4168	4154	8402
5	4226	4168	4225	8403
5	4375	4287	4330	8404
5	4291	4201	4251	8405
5	4228	4196	4145	8406
5	4219	4171	4172	8407
5	4262	4134	4203	8408
5	4203	4134	4173	8409
5	4204	4144	4064	8410
5	4204	4064	4158	8411
5	4380	4319	4349	8412
5	4263	4217	4259	8413
5	4283	4282	4233	8414
5	4265	4229	4211	8415
5	4255	4213	4223	8416
5	4371	4326	4309	8417
5	4270	4205	4249	8418
5	4299	4284	4268	8419
5	4321	4270	4319	8420
5	4410	4298	4372	8421
5	4210	4199	4138	8422
5	4210	4138	4162	8423
5	4229	4166	4211	8424
5	4211	4166	4139	8425
5	4284	4237	4268	8426
5	4269	4238	4208	8427
5	4243	4230	4190	8428
5	4213	4191	4143	8429
5	4214	4211	4139	8430
5	4214	4139	4137	8431
5	4278	4216	4261	8432
5	4276	4195	4234	8433
5	4222	4210	4162	8434
5	4216	4152	4150	8435
5	4227	4205	4170	8436
5	4224	4090	4163	8437
5	4218	4154	4151	8438
5	4232	4177	4175	8439
5	4277	4196	4228	8440
5	4228	4171	4219	8441
5	4220	4219	4172	8442
5	4220	4172	4155	8443
5	4237	4184	4186	8444
5	4221	4186	4188	8445
5	4309	4250	4293	8446
5	4274	4191	4213	8447
5	4223	4213	4141	8448
5	4223	4141	4165	8449
5	4457	4434	4386	8450
5	4395	4390	4368	8451
5	4548	4457	4530	8452
5	4301	4244	4282	8453
5	4279	4225	4218	8454
5	4280	4225	4279	8455
5	4268	4237	4221	8456
5	4249	4205	4227	8457
5	4420	4331	4381	8458
5	4555	4515	4513	8459
5	4275	4215	4207	8460
5	4229	4206	4174	8461
5	4230	4223	4165	8462
5	4230	4165	4142	8463
5	4231	4218	4151	8464
5	4231	4151	4178	8465
5	4233	4178	4177	8466
5	4325	4244	4301	8467
5	4322	4274	4255	8468
5	4282	4231	4233	8469
5	4267	4190	4195	8470
5	4234	4195	4180	8471
5	4236	4182	4176	8472
5	4236	4176	4183	8473
5	4236	4183	4235	8474
5	4236	4235	4234	8475
5	4238	4157	4208	8476
5	4304	4269	4272	8477
5	4312	4263	4259	8478
5	4328	4286	4239	8479
5	4286	4136	4239	8480
5	4239	4136	4187	8481
5	4251	4201	4146	8482
5	4436	4413	4389	8483
5	4256	4135	4185	8484
5	4496	4459	4442	8485
5	4382	4354	4361	8486
5	4441	4377	4428	8487
5	4257	4199	4247	8488
5	4326	4282	4283	8489
5	4359	4325	4301	8490
5	4250	4232	4191	8491
5	4296	4200	4248	8492
5	4280	4226	4225	8493
5	4383	4336	4337	8494
5	4246	4204	4158	8495
5	4324	4278	4261	8496
5	4343	4203	4258	8497
5	4375	4333	4287	8498
5	4338	4261	4311	8499
5	4308	4284	4299	8500
5	4300	4256	4193	8501
5	4369	4322	4315	8502
5	4306	4260	4290	8503
5	4348	4248	4295	8504
5	4330	4287	4245	8505
5	4310	4060	4252	8506
5	4310	4158	4060	8507
5	4320	4269	4304	8508
5	4407	4305	4363	8509
5	4275	4207	4266	8510
5	4265	4211	4254	8511
5	4274	4213	4255	8512
5	4274	4250	4191	8513
5	4271	4193	4209	8514
5	4300	4193	4271	8515
5	4257	4254	4214	8516
5	4257	4214	4199	8517
5	4324	4290	4278	8518
5	4422	4374	4402	8519
5	4263	4163	4217	8520
5	4263	4224	4163	8521
5	4260	4247	4210	8522
5	4260	4210	4222	8523
5	4278	4260	4222	8524
5	4261	4216	4194	8525
5	4364	4314	4350	8526
5	4262	4194	4134	8527
5	4423	4362	4384	8528
5	4313	4263	4312	8529
5	4264	4255	4223	8530
5	4264	4223	4230	8531
5	4322	4293	4274	8532
5	4345	4280	4302	8533
5	4316	4266	4281	8534
5	4327	4275	4297	8535
5	4297	4275	4266	8536
5	4267	4243	4190	8537
5	4285	4238	4269	8538
5	4273	4202	4212	8539
5	4376	4291	4333	8540
5	4321	4268	4270	8541
5	4270	4268	4221	8542
5	4270	4221	4205	8543
5	4411	4300	4367	8544
5	4328	4239	4285	8545
5	4272	4269	4208	8546
5	4272	4208	4196	8547
5	4277	4228	4219	8548
5	4277	4220	4202	8549
5	4403	4351	4355	8550
5	4293	4250	4274	8551
5	4276	4234	4235	8552
5	4283	4233	4232	8553
5	4276	4235	4215	8554
5	4276	4215	4275	8555
5	4277	4272	4196	8556
5	4277	4219	4220	8557
5	4386	4339	4359	8558
5	4292	4257	4247	8559
5	4434	4387	4339	8560
5	4387	4345	4302	8561
5	4277	4202	4273	8562
5	4388	4360	4308	8563
5	4281	4266	4206	8564
5	4281	4206	4229	8565
5	4315	4255	4264	8566
5	4424	4412	4421	8567
5	4327	4276	4275	8568
5	4276	4267	4195	8569
5	4284	4273	4212	8570
5	4284	4212	4237	8571
5	4286	4271	4209	8572
5	4285	4239	4238	8573
5	4372	4298	4256	8574
5	4438	4334	4380	8575
5	4444	4344	4391	8576
5	4423	4406	4362	8577
5	4346	4310	4252	8578
5	4392	4337	4307	8579
5	4289	4258	4192	8580
5	4289	4192	4144	8581
5	4341	4290	4335	8582
5	4347	4203	4343	8583
5	4345	4295	4280	8584
5	4381	4331	4296	8585
5	4425	4374	4422	8586
5	4605	4581	4601	8587
5	4370	4293	4322	8588
5	4326	4283	4309	8589
5	4294	4259	4198	8590
5	4294	4198	4240	8591
5	4295	4248	4226	8592
5	4295	4226	4280	8593
5	4391	4344	4294	8594
5	4473	4426	4397	8595
5	4316	4281	4303	8596
5	4323	4257	4292	8597
5	4435	4410	4372	8598
5	4501	4443	4456	8599
5	4308	4273	4284	8600
5	4353	4320	4304	8601
5	4319	4270	4249	8602
5	4329	4271	4286	8603
5	4309	4283	4250	8604
5	4427	4386	4394	8605
5	4302	4280	4279	8606
5	4554	4513	4511	8607
5	4529	4522	4524	8608
5	4327	4267	4276	8609
5	4320	4285	4269	8610
5	4379	4288	4342	8611
5	4305	4249	4227	8612
5	4305	4227	4253	8613
5	4306	4292	4247	8614
5	4306	4247	4260	8615
5	4440	4342	4410	8616
5	4432	4332	4399	8617
5	4360	4304	4272	8618
5	4360	4273	4308	8619
5	4326	4301	4282	8620
5	4359	4301	4356	8621
5	4361	4310	4346	8622
5	4310	4246	4158	8623
5	4311	4261	4194	8624
5	4311	4194	4262	8625
5	4313	4253	4224	8626
5	4313	4224	4263	8627
5	4349	4319	4249	8628
5	4363	4313	4362	8629
5	4314	4303	4265	8630
5	4314	4265	4254	8631
5	4624	4582	4570	8632
5	4322	4255	4315	8633
5	4352	4315	4317	8634
5	4316	4297	4266	8635
5	4317	4315	4264	8636
5	4317	4264	4243	8637
5	4318	4317	4243	8638
5	4318	4243	4267	8639
5	4404	4320	4353	8640
5	4334	4321	4319	8641
5	4390	4353	4357	8642
5	4404	4353	4390	8643
5	4357	4308	4299	8644
5	4321	4299	4268	8645
5	4364	4303	4314	8646
5	4370	4358	4293	8647
5	4323	4314	4254	8648
5	4323	4254	4257	8649
5	4429	4335	4398	8650
5	4393	4355	4341	8651
5	4325	4302	4279	8652
5	4325	4279	4244	8653
5	4341	4306	4290	8654
5	4355	4306	4341	8655
5	4327	4297	4318	8656
5	4327	4318	4267	8657
5	4390	4357	4368	8658
5	4329	4286	4328	8659
5	4349	4249	4305	8660
5	4380	4334	4319	8661
5	4430	4348	4378	8662
5	4535	4501	4456	8663
5	4331	4330	4245	8664
5	4331	4245	4296	8665
5	4343	4258	4332	8666
5	4402	4347	4343	8667
5	4443	4391	4376	8668
5	4381	4296	4348	8669
5	4366	4285	4320	8670
5	4368	4321	4334	8671
5	4425	4338	4374	8672
5	4464	4392	4418	8673
5	4399	4289	4336	8674
5	4336	4289	4242	8675
5	4337	4336	4242	8676
5	4337	4242	4307	8677
5	4347	4262	4203	8678
5	4598	4560	4559	8679
5	4371	4309	4358	8680
5	4400	4341	4335	8681
5	4365	4316	4303	8682
5	4340	4318	4297	8683
5	4476	4433	4400	8684
5	4522	4461	4486	8685
5	4342	4288	4241	8686
5	4342	4241	4298	8687
5	4347	4311	4262	8688
5	4572	4536	4500	8689
5	4344	4312	4259	8690
5	4344	4259	4294	8691
5	4626	4537	4576	8692
5	4378	4348	4295	8693
5	4354	4307	4246	8694
5	4646	4566	4621	8695
5	4433	4393	4400	8696
5	4471	4401	4432	8697
5	4434	4339	4386	8698
5	4511	4460	4497	8699
5	4406	4363	4362	8700
5	4448	4390	4395	8701
5	4358	4309	4293	8702
5	4356	4301	4326	8703
5	4351	4350	4323	8704
5	4351	4323	4292	8705
5	4539	4495	4472	8706
5	4369	4315	4352	8707
5	4404	4396	4366	8708
5	4366	4328	4285	8709
5	4382	4361	4377	8710
5	4418	4354	4382	8711
5	4355	4351	4292	8712
5	4355	4292	4306	8713
5	4359	4339	4325	8714
5	4387	4302	4339	8715
5	4388	4304	4360	8716
5	4388	4308	4357	8717
5	4371	4356	4326	8718
5	4465	4430	4460	8719
5	4340	4352	4317	8720
5	4340	4317	4318	8721
5	4360	4272	4277	8722
5	4360	4277	4273	8723
5	4361	4354	4246	8724
5	4361	4246	4310	8725
5	4363	4305	4253	8726
5	4363	4253	4313	8727
5	4438	4395	4334	8728
5	4407	4363	4406	8729
5	4365	4340	4316	8730
5	4365	4303	4364	8731
5	4389	4369	4352	8732
5	4409	4340	4365	8733
5	4367	4271	4329	8734
5	4373	4328	4366	8735
5	4464	4442	4392	8736
5	4439	4411	4367	8737
5	4368	4357	4299	8738
5	4368	4299	4321	8739
5	4408	4365	4364	8740
5	4370	4322	4369	8741
5	4424	4408	4412	8742
5	4414	4351	4403	8743
5	4569	4563	4523	8744
5	4445	4421	4414	8745
5	4462	4411	4439	8746
5	4446	4373	4396	8747
5	4462	4435	4372	8748
5	4373	4329	4328	8749
5	4374	4338	4311	8750
5	4374	4311	4347	8751
5	4426	4375	4330	8752
5	4444	4391	4443	8753
5	4535	4431	4463	8754
5	4513	4467	4465	8755
5	4567	4493	4545	8756
5	4377	4361	4346	8757
5	4613	4577	4547	8758
5	4556	4498	4550	8759
5	4428	4377	4379	8760
5	4479	4428	4440	8761
5	4469	4439	4416	8762
5	4525	4489	4488	8763
5	4467	4420	4465	8764
5	4463	4431	4375	8765
5	4410	4342	4298	8766
5	4440	4428	4379	8767
5	4392	4307	4354	8768
5	4657	4603	4655	8769
5	4384	4362	4312	8770
5	4384	4312	4344	8771
5	4415	4358	4385	8772
5	4385	4358	4370	8773
5	4483	4450	4433	8774
5	4405	4394	4356	8775
5	4420	4397	4331	8776
5	4473	4397	4467	8777
5	4388	4357	4353	8778
5	4388	4353	4304	8779
5	4413	4369	4389	8780
5	4413	4370	4369	8781
5	4396	4373	4366	8782
5	4395	4368	4334	8783
5	4451	4407	4406	8784
5	4508	4484	4438	8785
5	4442	4337	4392	8786
5	4441	4382	4377	8787
5	4403	4355	4393	8788
5	4445	4414	4403	8789
5	4394	4386	4359	8790
5	4394	4359	4356	8791
5	4526	4484	4508	8792
5	4404	4366	4320	8793
5	4515	4467	4513	8794
5	4574	4547	4501	8795
5	4465	4420	4430	8796
5	4588	4494	4548	8797
5	4398	4335	4324	8798
5	4398	4324	4338	8799
5	4401	4343	4332	8800
5	4402	4374	4347	8801
5	4603	4539	4571	8802
5	4425	4398	4338	8803
5	4666	4610	4598	8804
5	4506	4475	4441	8805
5	4540	4509	4458	8806
5	4429	4400	4335	8807
5	4450	4393	4433	8808
5	4405	4356	4371	8809
5	4485	4448	4484	8810
5	4449	4396	4404	8811
5	4627	4568	4529	8812
5	4490	4470	4453	8813
5	4463	4375	4426	8814
5	4557	4480	4519	8815
5	4481	4444	4443	8816
5	4452	4407	4451	8817
5	4409	4352	4340	8818
5	4409	4365	4408	8819
5	4409	4408	4389	8820
5	4409	4389	4352	8821
5	4416	4367	4329	8822
5	4411	4372	4300	8823
5	4462	4372	4411	8824
5	4416	4329	4373	8825
5	4412	4408	4364	8826
5	4412	4364	4350	8827
5	4421	4412	4414	8828
5	4413	4385	4370	8829
5	4414	4412	4350	8830
5	4414	4350	4351	8831
5	4415	4405	4371	8832
5	4415	4371	4358	8833
5	4498	4439	4469	8834
5	4440	4379	4342	8835
5	4417	4378	4345	8836
5	4417	4345	4387	8837
5	4442	4383	4337	8838
5	4566	4538	4543	8839
5	4447	4415	4419	8840
5	4419	4415	4385	8841
5	4537	4502	4473	8842
5	4515	4473	4467	8843
5	4585	4529	4565	8844
5	4424	4389	4408	8845
5	4504	4472	4422	8846
5	4503	4401	4471	8847
5	4542	4525	4488	8848
5	4501	4481	4443	8849
5	4453	4419	4385	8850
5	4436	4389	4424	8851
5	4476	4400	4429	8852
5	4450	4445	4403	8853
5	4467	4397	4420	8854
5	4502	4426	4473	8855
5	4583	4530	4582	8856
5	4492	4474	4437	8857
5	4531	4496	4464	8858
5	4597	4559	4558	8859
5	4539	4472	4504	8860
5	4571	4539	4504	8861
5	4430	4420	4381	8862
5	4430	4381	4348	8863
5	4431	4376	4333	8864
5	4431	4333	4375	8865
5	4528	4504	4503	8866
5	4699	4697	4658	8867
5	4604	4539	4603	8868
5	4505	4491	4487	8869
5	4570	4544	4492	8870
5	4457	4386	4427	8871
5	4478	4440	4410	8872
5	4478	4410	4435	8873
5	4477	4424	4421	8874
5	4453	4413	4436	8875
5	4474	4394	4437	8876
5	4474	4427	4394	8877
5	4446	4416	4373	8878
5	4439	4367	4416	8879
5	4448	4404	4390	8880
5	4571	4504	4528	8881
5	4479	4440	4478	8882
5	4506	4441	4480	8883
5	4517	4478	4435	8884
5	4480	4428	4479	8885
5	4475	4382	4441	8886
5	4496	4442	4464	8887
5	4466	4406	4423	8888
5	4537	4473	4515	8889
5	4466	4451	4406	8890
5	4482	4444	4481	8891
5	4492	4437	4461	8892
5	4453	4385	4413	8893
5	4542	4488	4512	8894
5	4589	4514	4549	8895
5	4447	4437	4405	8896
5	4447	4405	4415	8897
5	4508	4438	4489	8898
5	4449	4404	4448	8899
5	4556	4516	4498	8900
5	4469	4416	4446	8901
5	4540	4458	4495	8902
5	4477	4436	4424	8903
5	4452	4380	4349	8904
5	4452	4349	4407	8905
5	4484	4448	4395	8906
5	4489	4438	4380	8907
5	4470	4419	4453	8908
5	4491	4421	4445	8909
5	4454	4432	4399	8910
5	4454	4399	4383	8911
5	4455	4417	4387	8912
5	4455	4387	4434	8913
5	4456	4443	4376	8914
5	4456	4376	4431	8915
5	4582	4530	4544	8916
5	4583	4548	4530	8917
5	4458	4429	4398	8918
5	4458	4398	4425	8919
5	4459	4454	4383	8920
5	4459	4383	4442	8921
5	4460	4430	4378	8922
5	4460	4378	4417	8923
5	4461	4437	4447	8924
5	4487	4445	4450	8925
5	4510	4468	4507	8926
5	4484	4395	4438	8927
5	4649	4622	4579	8928
5	4535	4456	4431	8929
5	4519	4480	4479	8930
5	4475	4418	4382	8931
5	4584	4532	4502	8932
5	4541	4497	4455	8933
5	4600	4542	4512	8934
5	4580	4578	4564	8935
5	4511	4465	4460	8936
5	4513	4465	4511	8937
5	4468	4446	4396	8938
5	4468	4396	4449	8939
5	4525	4508	4489	8940
5	4488	4452	4451	8941
5	4486	4419	4470	8942
5	4486	4447	4419	8943
5	4528	4503	4471	8944
5	4504	4422	4503	8945
5	4472	4458	4425	8946
5	4472	4425	4422	8947
5	4553	4511	4497	8948
5	4502	4463	4426	8949
5	4544	4474	4492	8950
5	4509	4476	4429	8951
5	4480	4441	4428	8952
5	4545	4475	4506	8953
5	4546	4492	4461	8954
5	4487	4450	4483	8955
5	4490	4436	4477	8956
5	4490	4453	4436	8957
5	4507	4468	4485	8958
5	4498	4462	4439	8959
5	4510	4469	4446	8960
5	4519	4479	4518	8961
5	4516	4435	4462	8962
5	4518	4479	4478	8963
5	4482	4423	4384	8964
5	4482	4384	4444	8965
5	4674	4659	4616	8966
5	4521	4482	4520	8967
5	4569	4523	4536	8968
5	4551	4500	4476	8969
5	4485	4449	4448	8970
5	4485	4468	4449	8971
5	4517	4435	4516	8972
5	4677	4673	4636	8973
5	4546	4461	4522	8974
5	4486	4461	4447	8975
5	4527	4490	4477	8976
5	4523	4487	4483	8977
5	4489	4452	4488	8978
5	4489	4380	4452	8979
5	4611	4561	4577	8980
5	4526	4485	4484	8981
5	4527	4477	4491	8982
5	4491	4445	4487	8983
5	4527	4470	4490	8984
5	4491	4477	4421	8985
5	4652	4609	4588	8986
5	4582	4544	4570	8987
5	4493	4464	4418	8988
5	4493	4418	4475	8989
5	4494	4455	4434	8990
5	4494	4434	4457	8991
5	4509	4429	4458	8992
5	4495	4458	4472	8993
5	4531	4464	4493	8994
5	4558	4517	4516	8995
5	4497	4460	4417	8996
5	4497	4417	4455	8997
5	4518	4478	4517	8998
5	4516	4462	4498	8999
5	4499	4471	4432	9000
5	4499	4432	4454	9001
5	4500	4483	4433	9002
5	4500	4433	4476	9003
5	4520	4482	4481	9004
5	4547	4520	4481	9005
5	4535	4463	4532	9006
5	4532	4463	4502	9007
5	4607	4495	4604	9008
5	4503	4422	4402	9009
5	4549	4459	4496	9010
5	4655	4605	4639	9011
5	4565	4505	4563	9012
5	4527	4491	4505	9013
5	4606	4531	4567	9014
5	4590	4557	4519	9015
5	4510	4446	4468	9016
5	4550	4498	4469	9017
5	4534	4508	4533	9018
5	4561	4521	4520	9019
5	4536	4483	4500	9020
5	4607	4586	4540	9021
5	4558	4516	4556	9022
5	4564	4526	4534	9023
5	4609	4608	4587	9024
5	4541	4455	4494	9025
5	4512	4488	4451	9026
5	4512	4451	4466	9027
5	4592	4555	4554	9028
5	4619	4588	4548	9029
5	4514	4499	4454	9030
5	4514	4454	4459	9031
5	4555	4513	4554	9032
5	4576	4515	4555	9033
5	4674	4616	4644	9034
5	4560	4519	4518	9035
5	4578	4552	4564	9036
5	4559	4517	4558	9037
5	4632	4595	4620	9038
5	4620	4595	4557	9039
5	4634	4597	4596	9040
5	4559	4518	4517	9041
5	4521	4466	4423	9042
5	4521	4423	4482	9043
5	4909	4870	4819	9044
5	4562	4521	4561	9045
5	4563	4505	4523	9046
5	4694	4660	4614	9047
5	4570	4492	4546	9048
5	4523	4505	4487	9049
5	4524	4522	4486	9050
5	4524	4486	4470	9051
5	4598	4559	4597	9052
5	4648	4577	4613	9053
5	4534	4526	4508	9054
5	4526	4507	4485	9055
5	4568	4546	4522	9056
5	4527	4524	4470	9057
5	4617	4536	4572	9058
5	4754	4739	4744	9059
5	4565	4529	4524	9060
5	4536	4523	4483	9061
5	4777	4719	4774	9062
5	4530	4457	4427	9063
5	4567	4531	4493	9064
5	4589	4543	4514	9065
5	4648	4611	4577	9066
5	4626	4584	4537	9067
5	4613	4547	4574	9068
5	4576	4537	4515	9069
5	4560	4518	4559	9070
5	4550	4469	4510	9071
5	4579	4533	4525	9072
5	4547	4481	4501	9073
5	4658	4607	4604	9074
5	4664	4624	4641	9075
5	4584	4502	4537	9076
5	4711	4675	4685	9077
5	4538	4528	4471	9078
5	4538	4471	4499	9079
5	4647	4614	4586	9080
5	4586	4509	4540	9081
5	4586	4551	4509	9082
5	4551	4476	4509	9083
5	4554	4511	4553	9084
5	4609	4587	4541	9085
5	4611	4599	4561	9086
5	4649	4579	4637	9087
5	4543	4538	4499	9088
5	4543	4499	4514	9089
5	4544	4530	4427	9090
5	4544	4427	4474	9091
5	4712	4646	4693	9092
5	4606	4575	4531	9093
5	4607	4540	4495	9094
5	4615	4563	4569	9095
5	4574	4501	4535	9096
5	4880	4848	4845	9097
5	4588	4541	4494	9098
5	4548	4494	4457	9099
5	4621	4566	4543	9100
5	4549	4514	4459	9101
5	4596	4556	4594	9102
5	4590	4519	4560	9103
5	4572	4500	4551	9104
5	4678	4650	4615	9105
5	4552	4550	4510	9106
5	4552	4510	4507	9107
5	4777	4753	4719	9108
5	4592	4554	4591	9109
5	4619	4548	4583	9110
5	4591	4554	4553	9111
5	4651	4576	4618	9112
5	4745	4726	4741	9113
5	4593	4552	4578	9114
5	4632	4545	4595	9115
5	4620	4557	4590	9116
5	4557	4506	4480	9117
5	4579	4525	4542	9118
5	4595	4506	4557	9119
5	4593	4550	4552	9120
5	4594	4556	4550	9121
5	4666	4598	4635	9122
5	4596	4558	4556	9123
5	4562	4512	4466	9124
5	4562	4466	4521	9125
5	4902	4828	4866	9126
5	4677	4636	4640	9127
5	4568	4522	4529	9128
5	4585	4565	4563	9129
5	4564	4552	4507	9130
5	4564	4507	4526	9131
5	4565	4524	4527	9132
5	4565	4527	4505	9133
5	4621	4543	4589	9134
5	4716	4686	4667	9135
5	4681	4645	4610	9136
5	4712	4676	4646	9137
5	4609	4541	4588	9138
5	4625	4582	4624	9139
5	4779	4720	4746	9140
5	4641	4624	4602	9141
5	4624	4570	4602	9142
5	4617	4569	4536	9143
5	4581	4538	4566	9144
5	4604	4495	4539	9145
5	4650	4627	4585	9146
5	4655	4603	4605	9147
5	4574	4535	4573	9148
5	4573	4535	4532	9149
5	4599	4562	4561	9150
5	4763	4734	4689	9151
5	4575	4549	4496	9152
5	4575	4496	4531	9153
5	4638	4612	4584	9154
5	4665	4591	4608	9155
5	4577	4561	4520	9156
5	4577	4520	4547	9157
5	4580	4564	4534	9158
5	4622	4533	4579	9159
5	4630	4578	4623	9160
5	4580	4534	4533	9161
5	4690	4611	4648	9162
5	4622	4580	4533	9163
5	4581	4571	4528	9164
5	4581	4528	4538	9165
5	4732	4663	4703	9166
5	4678	4615	4643	9167
5	4703	4625	4664	9168
5	4701	4641	4661	9169
5	4638	4584	4626	9170
5	4747	4679	4713	9171
5	4615	4585	4563	9172
5	4627	4529	4585	9173
5	4667	4567	4632	9174
5	4693	4646	4621	9175
5	4587	4553	4497	9176
5	4587	4497	4541	9177
5	4713	4679	4654	9178
5	4653	4608	4609	9179
5	4715	4693	4642	9180
5	4776	4742	4709	9181
5	4736	4645	4681	9182
5	4707	4666	4635	9183
5	4704	4653	4696	9184
5	4766	4695	4727	9185
5	4848	4810	4845	9186
5	4713	4654	4675	9187
5	4597	4558	4596	9188
5	4594	4550	4593	9189
5	4662	4580	4622	9190
5	4623	4578	4580	9191
5	4667	4606	4567	9192
5	4595	4545	4506	9193
5	4630	4593	4578	9194
5	4631	4593	4630	9195
5	4709	4672	4671	9196
5	4635	4598	4597	9197
5	4631	4594	4593	9198
5	4633	4596	4594	9199
5	4600	4562	4599	9200
5	4600	4512	4562	9201
5	4633	4594	4631	9202
5	4637	4579	4542	9203
5	4601	4581	4566	9204
5	4676	4601	4646	9205
5	4602	4570	4546	9206
5	4602	4546	4568	9207
5	4698	4655	4682	9208
5	4768	4678	4725	9209
5	4657	4604	4603	9210
5	4650	4585	4615	9211
5	4605	4603	4571	9212
5	4605	4571	4581	9213
5	4628	4549	4575	9214
5	4716	4667	4680	9215
5	4647	4586	4607	9216
5	4646	4601	4566	9217
5	4608	4591	4553	9218
5	4608	4553	4587	9219
5	4717	4650	4678	9220
5	4625	4583	4582	9221
5	4610	4590	4560	9222
5	4610	4560	4598	9223
5	4735	4690	4695	9224
5	4636	4600	4599	9225
5	4612	4573	4532	9226
5	4612	4532	4584	9227
5	4640	4636	4599	9228
5	4719	4644	4683	9229
5	4614	4572	4551	9230
5	4614	4551	4586	9231
5	4660	4617	4572	9232
5	4661	4568	4627	9233
5	4616	4613	4574	9234
5	4616	4574	4573	9235
5	4725	4678	4643	9236
5	4643	4569	4617	9237
5	4618	4576	4555	9238
5	4618	4555	4592	9239
5	4652	4588	4619	9240
5	4683	4644	4612	9241
5	4671	4634	4633	9242
5	4749	4681	4729	9243
5	4676	4639	4601	9244
5	4628	4589	4549	9245
5	4932	4873	4888	9246
5	4742	4672	4709	9247
5	4640	4599	4611	9248
5	4687	4662	4622	9249
5	4775	4724	4740	9250
5	4797	4758	4732	9251
5	4720	4703	4664	9252
5	4643	4615	4569	9253
5	4689	4626	4651	9254
5	4763	4689	4651	9255
5	4663	4583	4625	9256
5	4661	4641	4602	9257
5	4714	4656	4686	9258
5	4680	4632	4620	9259
5	4629	4592	4591	9260
5	4665	4629	4591	9261
5	4803	4728	4761	9262
5	4634	4596	4633	9263
5	4669	4633	4631	9264
5	4635	4597	4634	9265
5	4681	4610	4666	9266
5	4632	4567	4545	9267
5	4672	4634	4671	9268
5	4687	4622	4649	9269
5	4668	4631	4630	9270
5	4730	4670	4692	9271
5	4709	4671	4708	9272
5	4672	4635	4634	9273
5	4637	4600	4636	9274
5	4637	4542	4600	9275
5	4662	4623	4580	9276
5	4680	4667	4632	9277
5	4651	4626	4576	9278
5	4755	4675	4711	9279
5	4639	4605	4601	9280
5	4849	4781	4823	9281
5	4752	4718	4735	9282
5	4814	4777	4774	9283
5	4764	4748	4737	9284
5	4660	4572	4614	9285
5	4642	4621	4589	9286
5	4642	4589	4628	9287
5	4739	4698	4710	9288
5	4684	4617	4660	9289
5	4644	4616	4573	9290
5	4644	4573	4612	9291
5	4645	4620	4590	9292
5	4645	4590	4610	9293
5	4693	4621	4642	9294
5	4849	4829	4781	9295
5	4699	4657	4698	9296
5	4684	4643	4617	9297
5	4722	4662	4687	9298
5	4690	4640	4611	9299
5	4708	4669	4705	9300
5	4723	4649	4673	9301
5	4724	4688	4701	9302
5	4661	4602	4568	9303
5	4794	4713	4755	9304
5	4683	4612	4638	9305
5	4665	4608	4653	9306
5	4653	4609	4652	9307
5	4704	4665	4653	9308
5	4704	4685	4665	9309
5	4654	4618	4592	9310
5	4654	4592	4629	9311
5	4698	4657	4655	9312
5	4658	4604	4657	9313
5	4656	4628	4575	9314
5	4656	4575	4606	9315
5	4748	4721	4737	9316
5	4658	4647	4607	9317
5	4799	4784	4748	9318
5	4829	4756	4781	9319
5	4659	4648	4613	9320
5	4659	4613	4616	9321
5	4757	4684	4721	9322
5	4821	4790	4750	9323
5	4700	4627	4650	9324
5	4700	4661	4627	9325
5	4669	4631	4668	9326
5	4671	4633	4669	9327
5	4702	4619	4663	9328
5	4663	4619	4583	9329
5	4801	4741	4773	9330
5	4664	4625	4624	9331
5	4778	4651	4679	9332
5	4877	4779	4817	9333
5	4729	4666	4707	9334
5	4759	4715	4691	9335
5	4715	4642	4691	9336
5	4714	4691	4656	9337
5	4735	4718	4690	9338
5	4820	4783	4776	9339
5	4761	4718	4752	9340
5	4707	4635	4672	9341
5	4670	4668	4630	9342
5	4670	4630	4623	9343
5	4762	4729	4707	9344
5	4692	4623	4662	9345
5	4731	4708	4705	9346
5	4762	4707	4742	9347
5	4673	4649	4637	9348
5	4673	4637	4636	9349
5	4774	4683	4734	9350
5	4878	4803	4841	9351
5	4675	4654	4629	9352
5	4703	4663	4625	9353
5	4838	4805	4816	9354
5	4836	4795	4744	9355
5	4921	4858	4881	9356
5	4803	4761	4780	9357
5	4732	4702	4663	9358
5	4771	4726	4745	9359
5	4679	4651	4618	9360
5	4679	4618	4654	9361
5	5001	4966	4941	9362
5	4680	4620	4645	9363
5	4765	4686	4716	9364
5	4708	4671	4669	9365
5	4682	4655	4639	9366
5	4733	4682	4639	9367
5	4842	4747	4819	9368
5	4719	4674	4644	9369
5	5058	5001	5021	9370
5	4694	4614	4647	9371
5	4685	4675	4629	9372
5	4685	4629	4665	9373
5	4686	4656	4606	9374
5	4686	4606	4667	9375
5	4692	4670	4623	9376
5	4705	4669	4668	9377
5	4688	4664	4641	9378
5	4757	4721	4748	9379
5	4734	4638	4689	9380
5	4689	4638	4626	9381
5	4766	4735	4695	9382
5	4807	4788	4769	9383
5	4691	4642	4628	9384
5	4691	4628	4656	9385
5	4765	4714	4686	9386
5	4772	4716	4680	9387
5	4733	4639	4676	9388
5	4836	4744	4785	9389
5	4751	4732	4703	9390
5	5133	5060	5082	9391
5	4695	4690	4648	9392
5	4695	4648	4659	9393
5	4696	4653	4652	9394
5	4779	4751	4720	9395
5	4697	4694	4647	9396
5	4697	4647	4658	9397
5	4699	4658	4657	9398
5	4965	4937	4909	9399
5	4790	4733	4750	9400
5	4764	4738	4754	9401
5	4701	4661	4700	9402
5	4701	4688	4641	9403
5	4916	4911	4913	9404
5	4905	4817	4857	9405
5	4702	4696	4652	9406
5	4702	4652	4619	9407
5	4720	4664	4688	9408
5	4809	4746	4724	9409
5	5095	232	5043	9410
5	4981	4951	4975	9411
5	4761	4677	4718	9412
5	4731	4705	4706	9413
5	4706	4705	4668	9414
5	4706	4668	4670	9415
5	4742	4707	4672	9416
5	4729	4681	4666	9417
5	4851	4835	4834	9418
5	4854	4783	4820	9419
5	4807	4767	4788	9420
5	4789	4769	4788	9421
5	4710	4698	4682	9422
5	4770	4682	4733	9423
5	4822	4794	4755	9424
5	5012	4946	4988	9425
5	4885	4816	4865	9426
5	4947	4888	4934	9427
5	4855	4822	4787	9428
5	4794	4747	4713	9429
5	4772	4680	4736	9430
5	4886	4849	4823	9431
5	4756	4712	4693	9432
5	4770	4710	4682	9433
5	4826	4796	4765	9434
5	4749	4736	4681	9435
5	4740	4724	4701	9436
5	4717	4700	4650	9437
5	4718	4677	4640	9438
5	4718	4640	4690	9439
5	4856	4841	4780	9440
5	4864	4791	4824	9441
5	4901	4813	4837	9442
5	4751	4703	4720	9443
5	4721	4684	4660	9444
5	4721	4660	4694	9445
5	4730	4706	4670	9446
5	4722	4692	4662	9447
5	4723	4722	4687	9448
5	4723	4687	4649	9449
5	4740	4700	4717	9450
5	4725	4643	4684	9451
5	4740	4701	4700	9452
5	4818	4784	4799	9453
5	4726	4711	4685	9454
5	4726	4685	4704	9455
5	4727	4695	4659	9456
5	4727	4659	4674	9457
5	4728	4723	4673	9458
5	4728	4673	4677	9459
5	4783	4742	4776	9460
5	4736	4680	4645	9461
5	4743	4708	4731	9462
5	4731	4706	4730	9463
5	4858	4793	4835	9464
5	4793	4776	4743	9465
5	4758	4702	4732	9466
5	4850	4846	4812	9467
5	4756	4693	4715	9468
5	4785	4710	4770	9469
5	4774	4719	4683	9470
5	4734	4683	4638	9471
5	4791	4735	4766	9472
5	4883	4864	4824	9473
5	4806	4716	4772	9474
5	4879	4806	4843	9475
5	4737	4721	4694	9476
5	4737	4694	4697	9477
5	4738	4737	4697	9478
5	4738	4697	4699	9479
5	4739	4738	4699	9480
5	4739	4699	4698	9481
5	4799	4748	4764	9482
5	4757	4725	4684	9483
5	4741	4726	4704	9484
5	4741	4704	4696	9485
5	4793	4743	4760	9486
5	4767	4723	4728	9487
5	4776	4709	4743	9488
5	4743	4709	4708	9489
5	4744	4739	4710	9490
5	4785	4744	4710	9491
5	4773	4741	4696	9492
5	4859	4785	4815	9493
5	4746	4720	4688	9494
5	4746	4688	4724	9495
5	4833	4763	4778	9496
5	4755	4713	4675	9497
5	4754	4738	4739	9498
5	4805	4754	4795	9499
5	4811	4736	4749	9500
5	4806	4765	4716	9501
5	4750	4733	4676	9502
5	4750	4676	4712	9503
5	4758	4696	4702	9504
5	4801	4745	4741	9505
5	4778	4679	4747	9506
5	4875	4842	4870	9507
5	4753	4727	4674	9508
5	4753	4674	4719	9509
5	4764	4737	4738	9510
5	4890	4853	4818	9511
5	4771	4711	4726	9512
5	4982	4959	4919	9513
5	5128	5067	5084	9514
5	4759	4691	4714	9515
5	4800	4775	4786	9516
5	4768	4717	4678	9517
5	4773	4696	4758	9518
5	4845	4810	4745	9519
5	4914	4897	4849	9520
5	4821	4750	4782	9521
5	4760	4743	4731	9522
5	4789	4730	4769	9523
5	4803	4767	4728	9524
5	4761	4728	4677	9525
5	4820	4776	4793	9526
5	4918	4889	4896	9527
5	4804	4774	4734	9528
5	4798	4727	4753	9529
5	4923	4867	4908	9530
5	4784	4757	4748	9531
5	4904	4827	4863	9532
5	4915	4852	4882	9533
5	4804	4734	4763	9534
5	4828	4753	4777	9535
5	4791	4752	4735	9536
5	4807	4723	4767	9537
5	4808	4725	4757	9538
5	4892	4857	4825	9539
5	4769	4730	4692	9540
5	4769	4692	4722	9541
5	4790	4770	4733	9542
5	4903	4879	4843	9543
5	4855	4787	4830	9544
5	5078	5043	232	9545
5	4826	4765	4806	9546
5	4831	4762	4783	9547
5	4797	4732	4751	9548
5	4812	4758	4797	9549
5	4978	4939	4902	9550
5	4814	4774	4804	9551
5	4825	4809	4775	9552
5	4809	4724	4775	9553
5	4783	4762	4742	9554
5	4835	4793	4760	9555
5	4798	4766	4727	9556
5	4864	4832	4791	9557
5	4833	4804	4763	9558
5	4778	4763	4651	9559
5	4850	4812	4813	9560
5	4837	4751	4779	9561
5	4780	4761	4752	9562
5	5000	4958	4940	9563
5	4781	4756	4715	9564
5	4781	4715	4759	9565
5	4782	4750	4712	9566
5	4782	4712	4756	9567
5	4941	4904	4863	9568
5	4992	4922	4963	9569
5	4786	4717	4768	9570
5	4808	4768	4725	9571
5	4829	4782	4756	9572
5	4872	4825	4775	9573
5	4786	4775	4740	9574
5	4786	4740	4717	9575
5	4787	4755	4711	9576
5	4787	4711	4771	9577
5	4802	4760	4731	9578
5	4789	4731	4730	9579
5	4802	4731	4789	9580
5	4834	4760	4802	9581
5	5028	4950	4993	9582
5	4873	4790	4821	9583
5	4891	4841	4856	9584
5	4866	4777	4814	9585
5	4792	4749	4729	9586
5	4792	4729	4762	9587
5	4835	4760	4834	9588
5	4827	4811	4749	9589
5	4847	4794	4822	9590
5	4948	4898	4937	9591
5	4795	4754	4744	9592
5	4865	4795	4836	9593
5	4796	4759	4714	9594
5	4796	4714	4765	9595
5	4890	4818	4867	9596
5	5062	5013	5008	9597
5	4982	4919	4956	9598
5	4828	4798	4753	9599
5	4865	4816	4795	9600
5	4867	4818	4838	9601
5	4800	4786	4768	9602
5	4808	4800	4768	9603
5	4906	4865	4836	9604
5	4845	4745	4801	9605
5	4839	4789	4788	9606
5	4966	4904	4941	9607
5	4922	4854	4893	9608
5	4840	4767	4803	9609
5	4871	4804	4833	9610
5	4871	4814	4804	9611
5	4805	4799	4764	9612
5	4805	4764	4754	9613
5	4811	4772	4736	9614
5	4914	4849	4886	9615
5	4807	4769	4722	9616
5	4807	4722	4723	9617
5	4808	4757	4784	9618
5	4844	4808	4784	9619
5	4924	4882	4879	9620
5	4837	4797	4751	9621
5	4810	4771	4745	9622
5	4905	4877	4817	9623
5	4831	4792	4762	9624
5	4895	4831	4854	9625
5	4846	4773	4812	9626
5	4812	4773	4758	9627
5	4813	4812	4797	9628
5	4837	4813	4797	9629
5	4998	4925	4972	9630
5	4894	4856	4832	9631
5	4815	4785	4770	9632
5	4815	4770	4790	9633
5	4816	4805	4795	9634
5	5069	4984	5011	9635
5	4817	4779	4746	9636
5	4817	4746	4809	9637
5	4913	4853	4890	9638
5	4933	4880	4899	9639
5	4819	4747	4794	9640
5	4822	4755	4787	9641
5	4854	4831	4783	9642
5	4843	4772	4811	9643
5	4873	4815	4790	9644
5	4906	4836	4859	9645
5	4847	4819	4794	9646
5	4972	4925	4898	9647
5	4823	4781	4759	9648
5	4823	4759	4796	9649
5	4824	4791	4766	9650
5	4824	4766	4798	9651
5	4916	4913	4890	9652
5	4857	4817	4809	9653
5	4958	4903	4940	9654
5	4827	4749	4792	9655
5	4903	4843	4874	9656
5	4904	4874	4827	9657
5	5076	5025	5071	9658
5	4972	4898	4948	9659
5	4879	4826	4806	9660
5	5047	5004	5017	9661
5	4830	4787	4771	9662
5	4830	4771	4810	9663
5	4895	4863	4831	9664
5	4858	4820	4793	9665
5	4832	4780	4752	9666
5	4832	4752	4791	9667
5	4866	4828	4777	9668
5	4925	4871	4875	9669
5	4876	4788	4840	9670
5	4840	4788	4767	9671
5	4856	4780	4832	9672
5	4928	4841	4891	9673
5	4859	4836	4785	9674
5	4897	4829	4849	9675
5	4951	4933	4938	9676
5	4877	4837	4779	9677
5	4838	4818	4799	9678
5	4838	4799	4805	9679
5	4839	4834	4802	9680
5	4839	4802	4789	9681
5	5143	5129	5081	9682
5	4921	4893	4858	9683
5	5044	4992	5024	9684
5	4841	4803	4780	9685
5	4842	4833	4778	9686
5	4842	4778	4747	9687
5	4886	4823	4852	9688
5	4843	4806	4772	9689
5	4997	4914	4954	9690
5	4844	4800	4808	9691
5	5144	5104	5115	9692
5	4861	4810	4848	9693
5	4899	4801	4846	9694
5	4846	4801	4773	9695
5	5077	5057	5014	9696
5	4925	4875	4898	9697
5	5037	4957	4994	9698
5	4942	4907	4848	9699
5	4941	4863	4895	9700
5	5004	4932	4947	9701
5	4901	4837	4877	9702
5	4857	4809	4825	9703
5	4939	4860	4902	9704
5	5060	5015	4996	9705
5	4852	4823	4796	9706
5	4852	4796	4826	9707
5	4853	4844	4784	9708
5	4853	4784	4818	9709
5	4958	4924	4903	9710
5	4924	4879	4903	9711
5	4861	4830	4810	9712
5	5078	232	233	9713
5	4960	4920	4889	9714
5	5015	4983	4960	9715
5	4976	4905	4929	9716
5	4929	4857	4892	9717
5	4960	4889	4918	9718
5	4889	4851	4869	9719
5	5006	4935	4976	9720
5	5047	5018	5004	9721
5	4860	4824	4798	9722
5	4860	4798	4828	9723
5	5117	233	234	9724
5	4961	4880	4933	9725
5	4862	4821	4782	9726
5	4862	4782	4829	9727
5	4863	4827	4792	9728
5	4863	4792	4831	9729
5	5005	4948	4937	9730
5	4883	4824	4860	9731
5	4932	4900	4873	9732
5	4923	4890	4867	9733
5	4910	4866	4814	9734
5	4996	4918	4974	9735
5	4885	4868	4816	9736
5	4908	4867	4868	9737
5	4868	4867	4838	9738
5	4868	4838	4816	9739
5	4869	4851	4834	9740
5	4869	4834	4839	9741
5	4870	4842	4819	9742
5	4909	4819	4847	9743
5	4937	4898	4870	9744
5	4910	4814	4871	9745
5	4872	4775	4800	9746
5	5017	4947	4984	9747
5	4897	4862	4829	9748
5	4954	4914	4886	9749
5	4874	4843	4811	9750
5	4874	4811	4827	9751
5	4875	4871	4833	9752
5	4875	4833	4842	9753
5	4876	4869	4839	9754
5	4876	4839	4788	9755
5	4987	4971	4977	9756
5	4929	4905	4857	9757
5	4928	4912	4878	9758
5	4878	4840	4803	9759
5	4872	4800	4844	9760
5	4913	4844	4853	9761
5	4988	4946	4957	9762
5	4899	4846	4850	9763
5	4881	4858	4835	9764
5	4881	4835	4851	9765
5	4882	4852	4826	9766
5	4882	4826	4879	9767
5	5042	4972	5009	9768
5	4894	4832	4864	9769
5	4884	4847	4822	9770
5	4884	4822	4855	9771
5	5093	5047	5017	9772
5	5079	5050	5016	9773
5	4915	4886	4852	9774
5	4934	4888	4862	9775
5	4887	4855	4830	9776
5	4887	4830	4861	9777
5	4888	4873	4821	9778
5	4888	4821	4862	9779
5	4928	4878	4841	9780
5	5163	5120	5160	9781
5	5080	5063	5028	9782
5	4975	4901	4935	9783
5	4912	4840	4878	9784
5	5106	5066	5073	9785
5	5038	4971	4987	9786
5	5080	5028	5050	9787
5	4893	4854	4820	9788
5	4893	4820	4858	9789
5	4936	4864	4883	9790
5	4936	4894	4864	9791
5	5044	5021	4992	9792
5	4922	4895	4854	9793
5	4896	4889	4869	9794
5	4896	4869	4876	9795
5	5090	5011	5053	9796
5	4964	4934	4897	9797
5	4898	4875	4870	9798
5	4965	4909	4917	9799
5	4899	4880	4845	9800
5	4899	4845	4801	9801
5	4900	4859	4815	9802
5	4900	4815	4873	9803
5	4938	4850	4901	9804
5	4901	4850	4813	9805
5	4944	4866	4910	9806
5	4902	4860	4828	9807
5	4940	4903	4874	9808
5	5031	4966	5001	9809
5	4940	4874	4904	9810
5	4967	4895	4922	9811
5	5022	4968	4995	9812
5	4916	4892	4911	9813
5	5156	215	216	9814
5	5050	5028	4993	9815
5	4907	4861	4848	9816
5	4942	4848	4880	9817
5	4943	4908	4868	9818
5	4943	4868	4885	9819
5	4937	4870	4909	9820
5	5046	4980	5012	9821
5	5200	5143	5176	9822
5	4944	4910	4925	9823
5	4911	4892	4825	9824
5	4911	4825	4872	9825
5	4912	4896	4876	9826
5	4912	4876	4840	9827
5	4913	4911	4872	9828
5	4913	4872	4844	9829
5	5035	4997	4954	9830
5	4934	4862	4897	9831
5	5007	4924	4958	9832
5	4964	4897	4914	9833
5	4994	4942	4961	9834
5	4990	4929	4973	9835
5	4917	4909	4847	9836
5	4917	4847	4884	9837
5	4939	4883	4860	9838
5	4952	4891	4927	9839
5	4919	4884	4855	9840
5	4919	4855	4887	9841
5	4920	4881	4851	9842
5	4920	4851	4889	9843
5	5143	5081	5133	9844
5	5082	5060	5026	9845
5	4966	4940	4904	9846
5	5052	5024	4991	9847
5	4995	4968	4923	9848
5	4995	4923	4971	9849
5	4967	4941	4895	9850
5	5103	5010	5056	9851
5	5054	5039	5042	9852
5	4925	4910	4871	9853
5	4926	4885	4865	9854
5	4926	4865	4906	9855
5	4927	4891	4856	9856
5	4927	4856	4894	9857
5	4928	4896	4912	9858
5	5070	5054	5009	9859
5	4973	4892	4916	9860
5	4935	4877	4905	9861
5	4930	4906	4859	9862
5	4930	4859	4900	9863
5	4931	4887	4861	9864
5	4931	4861	4907	9865
5	5170	5153	5124	9866
5	4928	4918	4896	9867
5	4961	4942	4880	9868
5	4935	4901	4877	9869
5	4997	4964	4914	9870
5	4947	4932	4888	9871
5	4976	4935	4905	9872
5	4973	4929	4892	9873
5	4974	4891	4952	9874
5	5026	4974	4952	9875
5	5013	4965	5008	9876
5	5039	4985	4978	9877
5	4938	4933	4899	9878
5	4938	4899	4850	9879
5	5102	5054	5100	9880
5	5034	4970	4985	9881
5	5101	5021	5044	9882
5	5114	5084	5059	9883
5	5001	4941	4967	9884
5	4996	4960	4918	9885
5	5012	4980	4946	9886
5	5032	4961	5003	9887
5	5002	4943	4950	9888
5	5022	4916	4968	9889
5	4978	4902	4944	9890
5	4944	4902	4866	9891
5	4945	4915	4882	9892
5	4945	4882	4924	9893
5	4946	4931	4907	9894
5	5003	4933	4951	9895
5	5028	5002	4950	9896
5	5004	4962	4932	9897
5	5005	4937	4965	9898
5	5111	5077	235	9899
5	4949	4927	4894	9900
5	4949	4894	4936	9901
5	4950	4943	4885	9902
5	4950	4885	4926	9903
5	5091	5033	5066	9904
5	5006	4981	4975	9905
5	5026	4996	4974	9906
5	5055	5034	4985	9907
5	4953	4921	4881	9908
5	4953	4881	4920	9909
5	4979	4915	4945	9910
5	4979	4955	4915	9911
5	4955	4954	4886	9912
5	4955	4886	4915	9913
5	4956	4919	4887	9914
5	4956	4887	4931	9915
5	4957	4946	4907	9916
5	4957	4907	4942	9917
5	5085	5031	5058	9918
5	5067	4979	5030	9919
5	4959	4917	4884	9920
5	4959	4884	4919	9921
5	5060	4996	5026	9922
5	5031	5000	4966	9923
5	5141	5061	5105	9924
5	5003	4961	4933	9925
5	4962	4930	4900	9926
5	4962	4900	4932	9927
5	4963	4922	4893	9928
5	4963	4893	4921	9929
5	5175	212	213	9930
5	5132	5069	5090	9931
5	5171	239	5148	9932
5	5040	4948	5005	9933
5	5000	4940	4966	9934
5	5059	5030	5007	9935
5	5024	4963	4991	9936
5	4992	4967	4922	9937
5	4968	4916	4890	9938
5	4968	4890	4923	9939
5	4969	4926	4906	9940
5	4969	4906	4930	9941
5	4970	4936	4883	9942
5	4970	4883	4939	9943
5	4971	4923	4908	9944
5	5097	5019	5049	9945
5	4998	4944	4925	9946
5	5144	5116	5104	9947
5	5006	4975	4935	9948
5	5049	5019	5022	9949
5	4974	4918	4928	9950
5	4974	4928	4891	9951
5	4975	4951	4938	9952
5	4975	4938	4901	9953
5	5187	243	5160	9954
5	5033	4981	5006	9955
5	4977	4971	4908	9956
5	4977	4908	4943	9957
5	5086	5070	5040	9958
5	5034	4999	4970	9959
5	5035	4954	5027	9960
5	5059	5007	5010	9961
5	4980	4956	4931	9962
5	4980	4931	4946	9963
5	4990	4976	4929	9964
5	5065	4981	5033	9965
5	5111	5057	5077	9966
5	5057	5036	4982	9967
5	4983	4953	4920	9968
5	4983	4920	4960	9969
5	4984	4947	4934	9970
5	4984	4934	4964	9971
5	4985	4970	4939	9972
5	4985	4939	4978	9973
5	4986	4952	4927	9974
5	4986	4927	4949	9975
5	5002	4977	4943	9976
5	5050	4993	5016	9977
5	5105	5029	5065	9978
5	5037	4988	4957	9979
5	4989	4969	4930	9980
5	4989	4930	4962	9981
5	5065	5029	4981	9982
5	5066	5033	5041	9983
5	4991	4963	4921	9984
5	4991	4921	4953	9985
5	5025	4953	4983	9986
5	5071	4983	5015	9987
5	4993	4950	4926	9988
5	4993	4926	4969	9989
5	5204	213	214	9990
5	4994	4957	4942	9991
5	5038	4995	4971	9992
5	5070	5009	5040	9993
5	5015	4960	4996	9994
5	5026	4952	4986	9995
5	5017	5004	4947	9996
5	5172	5156	216	9997
5	5039	4978	4998	9998
5	4998	4978	4944	9999
5	4999	4949	4936	10000
5	4999	4936	4970	10001
5	5108	5074	5027	10002
5	5007	4945	4924	10003
5	5024	4992	4963	10004
5	5225	5200	5218	10005
5	5068	4987	5020	10006
5	5150	5079	5110	10007
5	5032	4994	4961	10008
5	5094	4994	5032	10009
5	5069	5017	4984	10010
5	5090	5069	5011	10011
5	5013	5005	4965	10012
5	5040	5009	4948	10013
5	5041	4976	4990	10014
5	5091	5065	5033	10015
5	5112	5099	5074	10016
5	5056	5000	5031	10017
5	5008	4965	4917	10018
5	5008	4917	4959	10019
5	5055	4985	5039	10020
5	5009	4972	4948	10021
5	5010	5007	4958	10022
5	5010	4958	5000	10023
5	5011	4984	4964	10024
5	5011	4964	4997	10025
5	5014	4982	4956	10026
5	5014	4956	4980	10027
5	5221	5203	245	10028
5	5116	5064	5104	10029
5	5117	5078	233	10030
5	5077	5014	5046	10031
5	5118	5044	5089	10032
5	5025	4991	4953	10033
5	5016	4993	4969	10034
5	5016	4969	4989	10035
5	5142	5135	5093	10036
5	5175	5142	5132	10037
5	5018	4989	4962	10038
5	5018	4962	5004	10039
5	5019	4990	4973	10040
5	5073	4990	5019	10041
5	5020	4987	4977	10042
5	5020	4977	5002	10043
5	5021	5001	4967	10044
5	5021	4967	4992	10045
5	5022	5019	4973	10046
5	5022	4973	4916	10047
5	5023	4986	4949	10048
5	5023	4949	4999	10049
5	5188	5119	5154	10050
5	5056	5010	5000	10051
5	5071	5025	4983	10052
5	5052	4991	5025	10053
5	5120	5083	5102	10054
5	5082	5026	5045	10055
5	5027	4954	4955	10056
5	5027	4955	4979	10057
5	5079	5016	5048	10058
5	5216	228	5179	10059
5	5029	5003	4951	10060
5	5029	4951	4981	10061
5	5030	4979	4945	10062
5	5030	4945	5007	10063
5	5081	5015	5060	10064
5	5058	5031	5001	10065
5	5121	5088	5094	10066
5	5095	5043	5072	10067
5	5198	222	5194	10068
5	5123	5091	5066	10069
5	5126	5051	5083	10070
5	5173	5145	5163	10071
5	5125	5053	5099	10072
5	5125	5090	5053	10073
5	5036	5008	4959	10074
5	5036	4959	4982	10075
5	5136	231	5095	10076
5	5204	5175	213	10077
5	5075	5038	4987	10078
5	5049	4995	5038	10079
5	5126	5098	5051	10080
5	5055	5039	5054	10081
5	5102	5055	5054	10082
5	5100	5054	5070	10083
5	5041	5033	5006	10084
5	5041	5006	4976	10085
5	5042	5039	4998	10086
5	5042	4998	4972	10087
5	5043	5012	4988	10088
5	5095	231	232	10089
5	5119	5085	5058	10090
5	5169	5085	5119	10091
5	5045	5026	4986	10092
5	5045	4986	5023	10093
5	5057	4982	5014	10094
5	5046	5014	4980	10095
5	5172	5150	5110	10096
5	5127	5050	5079	10097
5	5048	5016	4989	10098
5	5048	4989	5018	10099
5	5182	209	210	10100
5	5181	5161	5167	10101
5	5127	5080	5050	10102
5	5172	5110	5156	10103
5	5051	5023	4999	10104
5	5051	4999	5034	10105
5	5076	5052	5025	10106
5	5118	5101	5044	10107
5	5053	5011	4997	10108
5	5053	4997	5035	10109
5	5054	5042	5009	10110
5	5086	5040	5064	10111
5	5163	5126	5120	10112
5	5193	243	244	10113
5	5067	5027	4979	10114
5	5103	5059	5010	10115
5	5133	5081	5060	10116
5	5062	5008	5036	10117
5	5085	5056	5031	10118
5	5199	5146	5190	10119
5	5101	5058	5021	10120
5	5149	5125	5099	10121
5	5212	5170	5201	10122
5	5218	5200	5176	10123
5	5061	5032	5003	10124
5	5061	5003	5029	10125
5	5115	5062	5087	10126
5	5115	5104	5062	10127
5	5063	5020	5002	10128
5	5063	5002	5028	10129
5	5064	5040	5005	10130
5	5064	5005	5013	10131
5	5094	5032	5061	10132
5	5130	5065	5091	10133
5	5164	5131	5107	10134
5	5049	5022	4995	10135
5	5108	5027	5067	10136
5	5215	209	5162	10137
5	5137	5063	5080	10138
5	5131	5068	5107	10139
5	5132	5093	5069	10140
5	5175	5132	5155	10141
5	5075	4987	5068	10142
5	5106	5073	5097	10143
5	5196	5176	5153	10144
5	5081	5071	5015	10145
5	5072	5043	4988	10146
5	5072	4988	5037	10147
5	5073	5066	5041	10148
5	5073	5041	4990	10149
5	5074	5035	5027	10150
5	5206	5162	5128	10151
5	5097	5073	5019	10152
5	5122	5075	5096	10153
5	5089	5044	5024	10154
5	5089	5024	5052	10155
5	5117	5046	5078	10156
5	5077	234	235	10157
5	5078	5046	5012	10158
5	5078	5012	5043	10159
5	5150	5127	5079	10160
5	5151	5137	5080	10161
5	5151	5080	5127	10162
5	5131	5096	5068	10163
5	5176	5143	5133	10164
5	5152	5113	5076	10165
5	5168	5139	5100	10166
5	5227	5218	5196	10167
5	5083	5051	5034	10168
5	5083	5034	5055	10169
5	5084	5067	5030	10170
5	5084	5030	5059	10171
5	5157	5114	5103	10172
5	5114	5059	5103	10173
5	5138	5070	5086	10174
5	5102	5083	5055	10175
5	5087	5062	5036	10176
5	5087	5036	5057	10177
5	5088	5072	5037	10178
5	5136	5095	5072	10179
5	5213	5190	5210	10180
5	5196	5153	5170	10181
5	5202	5157	5195	10182
5	5093	5017	5069	10183
5	5185	5165	5123	10184
5	5130	5105	5065	10185
5	5092	5048	5018	10186
5	5092	5018	5047	10187
5	5156	5110	5092	10188
5	5142	5093	5132	10189
5	5094	5088	5037	10190
5	5094	5037	4994	10191
5	5136	5072	5088	10192
5	5136	230	231	10193
5	5096	5075	5068	10194
5	5137	5107	5063	10195
5	5109	5038	5075	10196
5	5123	5066	5106	10197
5	5098	5045	5023	10198
5	5098	5023	5051	10199
5	5099	5053	5035	10200
5	5099	5035	5074	10201
5	5148	5086	5116	10202
5	5178	5135	5142	10203
5	5226	203	204	10204
5	5119	5058	5101	10205
5	5163	5145	5126	10206
5	5126	5083	5120	10207
5	5157	5103	5140	10208
5	5128	5108	5067	10209
5	5104	5064	5013	10210
5	5104	5013	5062	10211
5	5158	5141	5105	10212
5	5105	5061	5029	10213
5	5134	5106	5097	10214
5	5122	5109	5075	10215
NPOIN= 5233
9.997500181200000e-01	-3.633242182054561e-05	0
9.990000128750000e-01	-1.454719494987003e-04	1
9.977599978450000e-01	-3.275032247937410e-04	2
9.960200190539999e-01	-5.899047275296064e-04	3
9.937800168990000e-01	-9.470137417455278e-04	4
9.910500049590000e-01	-1.421872092505986e-03	5
9.878399968150000e-01	-2.045007635688147e-03	6
9.841300249100000e-01	-2.852676900250349e-03	7
9.799500107769999e-01	-3.857169977716943e-03	8
9.752799868580000e-01	-5.055677608150060e-03	9
9.701499938960000e-01	-6.401522578512465e-03	10
9.645400047300000e-01	-7.836484957142530e-03	11
9.584699869160000e-01	-9.285624469230935e-03	12
9.519400000570000e-01	-1.069411740166699e-02	13
9.449599981310000e-01	-1.203468068487919e-02	14
9.375399947170000e-01	-1.331249928516402e-02	15
9.296900033950000e-01	-1.455577631587076e-02	16
9.214000105860000e-01	-1.580380215102478e-02	17
9.126999974250000e-01	-1.708482667696631e-02	18
9.035800099370001e-01	-1.842095241862712e-02	19
8.940600156780000e-01	-1.981677705280230e-02	20
8.841500282290000e-01	-2.126855484330432e-02	21
8.738499879840000e-01	-2.276885389666972e-02	22
8.631799817090000e-01	-2.430608311506668e-02	23
8.521599769590000e-01	-2.586987232514371e-02	24
8.407700061800000e-01	-2.745741043334656e-02	25
8.290500044819999e-01	-2.905917942725316e-02	26
8.170099854470000e-01	-3.067101775154357e-02	27
8.046399950980000e-01	-3.229174087960190e-02	28
7.919700145720000e-01	-3.391476673022507e-02	29
7.790099978450000e-01	-3.553585628742496e-02	30
7.657799720760000e-01	-3.714912649604134e-02	31
7.522799968720000e-01	-3.875079306792100e-02	32
7.385200262070000e-01	-4.033556883194079e-02	33
7.245299816130000e-01	-4.189586728474357e-02	34
7.103199958800001e-01	-4.342653156856298e-02	35
6.958900094030001e-01	-4.492360845853486e-02	36
6.812700033190000e-01	-4.638030988249207e-02	37
6.664699912070000e-01	-4.779238931872561e-02	38
6.514999866490000e-01	-4.915601350168540e-02	39
6.363800168040000e-01	-5.046696174685605e-02	40
6.211299896240000e-01	-5.172168972538142e-02	41
6.057599782940000e-01	-5.291807703983497e-02	42
5.902799963950000e-01	-5.405451008153105e-02	43
5.747100114820000e-01	-5.512919337123308e-02	44
5.590599775310000e-01	-5.614158146583443e-02	45
5.433599948880000e-01	-5.709035740049298e-02	46
5.276100039480000e-01	-5.797652013155234e-02	47
5.118399858470000e-01	-5.879967270758928e-02	48
4.960500001910000e-01	-5.956132453721857e-02	49
4.802699983120000e-01	-6.026168462678891e-02	50
4.645099937920000e-01	-6.090208027228646e-02	51
4.487800002100000e-01	-6.148379931263515e-02	52
4.331099987030000e-01	-6.200738318598435e-02	53
4.174999892710000e-01	-6.247430936286659e-02	54
4.019699990750000e-01	-6.288516386198632e-02	55
3.865399956700000e-01	-6.324035594711787e-02	56
3.712300062180000e-01	-6.354006287020142e-02	57
3.560400009160000e-01	-6.378447977636714e-02	58
3.409900069240000e-01	-6.397300248320534e-02	59
3.261100053790000e-01	-6.410463628773538e-02	60
3.113999962810000e-01	-6.417830887419336e-02	61
2.968699932100000e-01	-6.419232649406939e-02	62
2.825500071050000e-01	-6.414462838208342e-02	63
2.684499919410000e-01	-6.403285352440941e-02	64
2.545700073240000e-01	-6.385406713699000e-02	65
2.409400045870000e-01	-6.360534646372354e-02	66
2.275699973110000e-01	-6.328331392789757e-02	67
2.144699990750000e-01	-6.288428364181599e-02	68
2.016600072380000e-01	-6.240470958339593e-02	69
1.891400069000000e-01	-6.184014910981617e-02	70
1.769299954180000e-01	-6.118682036124723e-02	71
1.650400012730000e-01	-6.044050195080294e-02	72
1.534900069240000e-01	-5.959769864021400e-02	73
1.422899961470000e-01	-5.865447615280482e-02	74
1.314399987460000e-01	-5.760598385183419e-02	75
1.209499984980000e-01	-5.644814178833397e-02	76
1.108499988910000e-01	-5.517969442135696e-02	77
1.011300012470000e-01	-5.379494456198634e-02	78
9.181000292300000e-02	-5.229224585666913e-02	79
8.290000259900000e-02	-5.066923652751359e-02	80
7.440000027400000e-02	-4.892193941142146e-02	81
6.633000075800000e-02	-4.705088407584722e-02	82
5.869000032500000e-02	-4.505295012036500e-02	83
5.149000138000000e-02	-4.292777626025870e-02	84
4.473999887700000e-02	-4.067603456408824e-02	85
3.844000026600000e-02	-3.829570897736330e-02	86
3.260000050100000e-02	-3.578889812926885e-02	87
2.723000012300000e-02	-3.315949985215381e-02	88
2.232000045500000e-02	-3.040185179161820e-02	89
1.789999939500000e-02	-2.753417807458384e-02	90
1.394999958600000e-02	-2.454599671797657e-02	91
1.049000024800000e-02	-2.145540668005871e-02	92
7.519999985000000e-03	-1.827007274648336e-02	93
5.040000193000000e-03	-1.499967357401680e-02	94
3.049999941000000e-03	-1.165611457381338e-02	95
1.560000004000000e-03	-8.279442592123697e-03	96
5.600000150000000e-04	-4.877747058576942e-03	97
5.999999800000000e-05	-1.530966454448391e-03	98
0.000000000000000e+00	0.000000000000000e+00	99
5.999999800000000e-05	1.394601737879392e-03	100
5.600000150000000e-04	4.200516725400316e-03	101
1.560000004000000e-03	6.878152200959353e-03	102
3.049999941000000e-03	9.418486013940177e-03	103
5.040000193000000e-03	1.184414778771941e-02	104
7.519999985000000e-03	1.414578302076952e-02	105
1.049000024800000e-02	1.633092826720918e-02	106
1.394999958600000e-02	1.840612658872498e-02	107
1.789999939500000e-02	2.037765904917065e-02	108
2.232000045500000e-02	2.224391129050879e-02	109
2.723000012300000e-02	2.402095786725873e-02	110
3.260000050100000e-02	2.570540042840102e-02	111
3.844000026600000e-02	2.730846179115163e-02	112
4.473999887700000e-02	2.883447202758425e-02	113
5.149000138000000e-02	3.028818777252647e-02	114
5.869000032500000e-02	3.167631494153671e-02	115
6.633000075800000e-02	3.300313572090872e-02	116
7.440000027400000e-02	3.427288792529534e-02	117
8.290000259900000e-02	3.549100888674336e-02	118
9.181000292300000e-02	3.665970954033367e-02	119
1.011300012470000e-01	3.778368020266552e-02	120
1.108499988910000e-01	3.886582329224814e-02	121
1.209499984980000e-01	3.990771161330444e-02	122
1.314399987460000e-01	4.091359884962775e-02	123
1.422899961470000e-01	4.188335484417350e-02	124
1.534900069240000e-01	4.281854344935886e-02	125
1.650400012730000e-01	4.372103074169219e-02	126
1.769299954180000e-01	4.459133909953276e-02	127
1.891400069000000e-01	4.542889894116958e-02	128
2.016600072380000e-01	4.623349762031917e-02	129
2.144699990750000e-01	4.700390175648402e-02	130
2.275699973110000e-01	4.773968488678553e-02	131
2.409400045870000e-01	4.843882680055041e-02	132
2.545700073240000e-01	4.909950822649865e-02	133
2.684499919410000e-01	4.971950432687024e-02	134
2.825500071050000e-01	5.029542414550659e-02	135
2.968699932100000e-01	5.082486223063548e-02	136
3.113999962810000e-01	5.130460421229320e-02	137
3.261100053790000e-01	5.173057203788968e-02	138
3.409900069240000e-01	5.209918379173744e-02	139
3.560400009160000e-01	5.240679105703219e-02	140
3.712300062180000e-01	5.264893986709296e-02	141
3.865399956700000e-01	5.282146039655994e-02	142
4.019699990750000e-01	5.292034001321919e-02	143
4.174999892710000e-01	5.294132364529067e-02	144
4.331099987030000e-01	5.288035035569860e-02	145
4.487800002100000e-01	5.273362954828219e-02	146
4.645099937920000e-01	5.249736318142820e-02	147
4.802699983120000e-01	5.216842692793966e-02	148
4.960500001910000e-01	5.174383992123331e-02	149
5.118399858470000e-01	5.122096578731616e-02	150
5.276100039480000e-01	5.059843562235112e-02	151
5.433599948880000e-01	4.987442017915806e-02	152
5.590599775310000e-01	4.904907318275985e-02	153
5.747100114820000e-01	4.812184254989892e-02	154
5.902799963950000e-01	4.709470766576630e-02	155
6.057599782940000e-01	4.596942538253328e-02	156
6.211299896240000e-01	4.474939785281142e-02	157
6.363800168040000e-01	4.343825668858957e-02	158
6.514999866490000e-01	4.204051446916309e-02	159
6.664699912070000e-01	4.056257060603926e-02	160
6.812700033190000e-01	3.901194858176722e-02	161
6.958900094030001e-01	3.739609555584005e-02	162
7.103199958800001e-01	3.572322275386758e-02	163
7.245299816130000e-01	3.400469629257039e-02	164
7.385200262070000e-01	3.224899895902147e-02	165
7.522799968720000e-01	3.046624355011640e-02	166
7.657799720760000e-01	2.866957029900207e-02	167
7.790099978450000e-01	2.686983245331090e-02	168
7.919700145720000e-01	2.507655014737866e-02	169
8.046399950980000e-01	2.330189754033938e-02	170
8.170099854470000e-01	2.155640000165580e-02	171
8.290500044819999e-01	1.985284482875763e-02	172
8.407700061800000e-01	1.819736165191537e-02	173
8.521599769590000e-01	1.659733152327239e-02	174
8.631799817090000e-01	1.506203658563939e-02	175
8.738499879840000e-01	1.358950033410342e-02	176
8.841500282290000e-01	1.218028168475876e-02	177
8.940600156780000e-01	1.083259984925240e-02	178
9.035800099370001e-01	9.541724564887034e-03	179
9.126999974250000e-01	8.307606451158552e-03	180
9.214000105860000e-01	7.138977967368148e-03	181
9.296900033950000e-01	6.051016801642939e-03	182
9.375399947170000e-01	5.074062301991034e-03	183
9.449599981310000e-01	4.237321656354077e-03	184
9.519400000570000e-01	3.565883102328366e-03	185
9.584699869160000e-01	3.065620683486213e-03	186
9.645400047300000e-01	2.715308722981403e-03	187
9.701499938960000e-01	2.468283872788754e-03	188
9.752799868580000e-01	2.266477237406545e-03	189
9.799500107769999e-01	2.055877004675214e-03	190
9.841300249100000e-01	1.805623274142239e-03	191
9.878399968150000e-01	1.509024516892758e-03	192
9.910500049590000e-01	1.185428314117647e-03	193
9.937800168990000e-01	8.612976643512888e-04	194
9.960200190539999e-01	5.661496866656615e-04	195
9.977599978450000e-01	3.231000528070522e-04	196
9.990000128750000e-01	1.450702770727085e-04	197
9.997500181200000e-01	3.632605846538239e-05	198
1.000000000000000e+00	0.000000000000000e+00	199
1.984229087829600e+01	2.506659984589000e+00	200
1.937166023254400e+01	4.973800182343000e+00	201
1.859552955627400e+01	7.362490177155000e+00	202
1.752613067627000e+01	9.635069847106999e+00	203
1.618033981323200e+01	1.175570964813200e+01	204
1.457936954498300e+01	1.369093990325900e+01	205
1.274847984314000e+01	1.541026973724400e+01	206
1.071654033660900e+01	1.688656044006300e+01	207
8.515589714050000e+00	1.809654045105000e+01	208
6.180339813232000e+00	1.902112960815400e+01	209
3.747629880905000e+00	1.964575004577600e+01	210
1.255810022354000e+00	1.996052932739300e+01	211
-1.255810022354000e+00	1.996052932739300e+01	212
-3.747629880905000e+00	1.964574050903300e+01	213
-6.180339813232000e+00	1.902112960815400e+01	214
-8.515589714050000e+00	1.809654045105000e+01	215
-1.071654033660900e+01	1.688656044006300e+01	216
-1.274847984314000e+01	1.541026020050000e+01	217
-1.457936954498300e+01	1.369093990325900e+01	218
-1.618033981323200e+01	1.175570011138900e+01	219
-1.752613067627000e+01	9.635069847106999e+00	220
-1.859552955627400e+01	7.362490177155000e+00	221
-1.937166023254400e+01	4.973800182343000e+00	222
-1.984229087829600e+01	2.506659984589000e+00	223
-2.000000000000000e+01	0.000000000000000e+00	224
-1.984229087829600e+01	-2.506669998169000e+00	225
-1.937166023254400e+01	-4.973800182343000e+00	226
-1.859552955627400e+01	-7.362490177155000e+00	227
-1.752613067627000e+01	-9.635080337524000e+00	228
-1.618033981323200e+01	-1.175570964813200e+01	229
-1.457936954498300e+01	-1.369093990325900e+01	230
-1.274847984314000e+01	-1.541026973724400e+01	231
-1.071652984619100e+01	-1.688656044006300e+01	232
-8.515580177306999e+00	-1.809654045105000e+01	233
-6.180339813232000e+00	-1.902112960815400e+01	234
-3.747620105743000e+00	-1.964575004577600e+01	235
-1.255810022354000e+00	-1.996052932739300e+01	236
1.255810022354000e+00	-1.996052932739300e+01	237
3.747629880905000e+00	-1.964574050903300e+01	238
6.180339813232000e+00	-1.902112960815400e+01	239
8.515589714050000e+00	-1.809654045105000e+01	240
1.071654033660900e+01	-1.688656044006300e+01	241
1.274847984314000e+01	-1.541026020050000e+01	242
1.457936954498300e+01	-1.369093990325900e+01	243
1.618033981323200e+01	-1.175570011138900e+01	244
1.752614021301300e+01	-9.635069847106999e+00	245
1.859552955627400e+01	-7.362490177155000e+00	246
1.937166023254400e+01	-4.973790168762000e+00	247
1.984229087829600e+01	-2.506659984589000e+00	248
2.000000000000000e+01	0.000000000000000e+00	249
6.048768598649538e-02	-5.291296724528283e-02	250
6.602944085107807e-01	-6.212139633646248e-02	251
4.256184345680853e-01	6.710726262824461e-02	252
6.899394866693340e-01	5.141827618375725e-02	253
3.792481580890437e-01	-7.752342321080795e-02	254
9.994677119617156e-01	-7.281661141722615e-04	255
9.985546578328480e-01	-1.332438819447167e-03	256
7.738997484904723e-01	-4.841966016680021e-02	257
6.899647227928620e-01	-5.898312393424611e-02	258
-1.507299206981744e-03	6.384134487279439e-03	259
7.468749570698351e-01	-5.209185328916187e-02	260
5.834875857863416e-01	6.165244565542241e-02	261
9.928163951045380e-01	-3.738297485337486e-03	262
9.899364770298460e-01	-4.746459652651883e-03	263
5.990706882743019e-01	6.049175163799208e-02	264
7.188655972013058e-01	-5.562338940791511e-02	265
-1.706224947051019e-03	6.766522049295814e-04	266
9.865733506880544e-01	-5.908876942556211e-03	267
9.827339577291160e-01	-7.228813768696279e-03	268
-1.718098636117147e-03	-7.526320023784126e-03	269
6.452111594174897e-01	-6.359752267121217e-02	270
8.245463341233327e-01	-4.086172114723632e-02	271
7.998182534989640e-01	-4.467072803921462e-02	272
3.485118481102700e-01	6.604145173805011e-02	273
8.479546655796770e-01	-3.705463146255825e-02	274
2.473738460646289e-01	6.138984913404526e-02	275
8.699831518490899e-01	-3.327543268995233e-02	276
1.011279989733508e-02	2.053164501344575e-02	277
8.905260931269361e-01	-2.957969011078365e-02	278
7.683151513899099e-02	-5.749290798061133e-02	279
9.095119715660251e-01	-2.601833923793243e-02	280
-2.099169243058785e-03	-3.691577876110450e-03	281
9.424910564010293e-01	-1.918338545287173e-02	282
9.268611799108082e-01	-2.258700242498577e-02	283
1.751055704304826e-02	-3.279884070543227e-02	284
4.258567027069142e-01	-7.660625052625898e-02	285
8.591504090968238e-01	-3.515603453308312e-02	286
9.563405547202850e-01	-1.567267866398832e-02	287
9.784103954580139e-01	-8.727769137765086e-03	288
9.683329140870349e-01	-1.208349792441738e-02	289
1.583052502404914e-01	-7.067813279961890e-02	290
9.002205524553299e-01	-2.778058731579890e-02	291
7.605205167079983e-01	-5.026950275656069e-02	292
9.971361799868680e-01	-2.088744450192338e-03	293
5.991547836883208e-01	-6.761255407331745e-02	294
4.415566270223041e-01	-7.615705253416469e-02	295
5.364239178779849e-01	-7.192749665067140e-02	296
4.731241771392169e-01	-7.504236936828076e-02	297
5.047824432518140e-01	-7.363452485098856e-02	298
4.889412189365841e-01	-7.437469606258673e-02	299
1.249146394452204e-01	-6.665121138644220e-02	300
2.744453088039671e-02	-3.919057256655511e-02	301
3.946903007723562e-01	-7.728984500486055e-02	302
4.590084303830717e-02	-4.781935388725572e-02	303
4.102278323726699e-01	-7.698487148675082e-02	304
3.188530548768413e-01	-7.774860049541248e-02	305
3.487449050521833e-01	-7.778286839804816e-02	306
3.313357807712514e-02	-4.218360477715494e-02	307
2.896517982181199e-01	-7.742304572645202e-02	308
9.348957870322337e-01	-2.089008878818840e-02	309
1.468228925353007e-01	-6.944807924902605e-02	310
1.947412510263143e-01	-7.370550288829252e-02	311
8.563822767331083e-02	-5.958462678907850e-02	312
1.044930712969469e-01	-6.337996033477153e-02	313
5.679263130800232e-01	-6.992704244945415e-02	314
1.701290529635259e-01	-7.179749203308002e-02	315
6.146327783367714e-01	-6.634264748000519e-02	316
8.804487774228478e-01	-3.141462922529923e-02	317
2.224777924497814e-02	-3.606097220232257e-02	318
9.952220858050398e-01	-2.871933895040030e-03	319
6.275026388254888e-03	-2.242431483176046e-02	320
1.817423305687327e-02	2.540314716055683e-02	321
9.183947236065316e-01	-2.429026404637835e-02	322
9.496468567943543e-01	-1.744648642312988e-02	323
9.736109839027367e-01	-1.035184695220566e-02	324
-1.703163203640085e-04	9.449692325914109e-03	325
8.364178770935227e-01	-3.895595365597066e-02	326
2.474616597959249e-01	-7.636011256055020e-02	327
5.522037195604447e-01	-7.096867948287508e-02	328
7.329836021997603e-01	-5.387578436390578e-02	329
7.869993051071957e-01	-4.655331889656979e-02	330
1.145099908593631e-01	-6.508531107517711e-02	331
2.205538432644546e-01	-7.521385384196394e-02	332
5.835867266162156e-01	-6.880768758440188e-02	333
6.752092478022503e-01	-6.058230927740751e-02	334
5.296028567961535e-02	-5.044103630064009e-02	335
3.517054322250507e-03	-1.878394909092646e-02	336
1.327784459731728e-02	-2.945528512102805e-02	337
3.639351363601199e-01	-7.768973510102471e-02	338
1.822872253013281e-01	-7.280473568059366e-02	339
9.999377644900757e-01	-3.815551578387678e-04	340
2.338685721785765e-01	-7.583067670466795e-02	341
9.486369355793334e-02	-6.154766699036562e-02	342
3.041551486306927e-01	-7.762733641781314e-02	343
2.612992140873922e-01	-7.678965942520677e-02	344
4.573168634112826e-01	-7.563809559279810e-02	345
7.045094865342861e-01	-5.733029042365249e-02	346
-2.065726060467562e-03	3.136889727244380e-03	347
-4.900804151817769e-04	-1.130770450565151e-02	348
5.362743509296066e-01	6.445148229762276e-02	349
-1.690270243291028e-03	-9.547599245966937e-04	350
2.815095275102362e-02	2.988642611138306e-02	351
5.365089606460634e-02	3.776433570056642e-02	352
4.000080813320499e-02	3.398162461605380e-02	353
1.149530433550376e-01	4.889348016956464e-02	354
4.099855672881911e-01	6.707450526331619e-02	355
9.970979199337205e-01	2.023835749497079e-03	356
5.204454745878114e-01	6.515942330420889e-02	357
4.729119620512673e-01	6.661259908754541e-02	358
9.731749252926981e-01	7.170326339688450e-03	359
9.620282457979709e-01	8.698948342977665e-03	360
8.901523096219019e-01	2.067921227420837e-02	361
4.887419873992562e-01	6.623764450231699e-02	362
4.413247207802994e-01	6.704374217085177e-02	363
3.790055259791197e-01	6.672707087587688e-02	364
9.263512204673362e-01	1.439326109259270e-02	365
9.090701173490180e-01	1.740969603334747e-02	366
7.744128024549167e-02	4.288604327244426e-02	367
9.780516700125038e-01	6.460155225400489e-03	368
9.557671689593116e-01	9.588743178221103e-03	369
9.419266515162593e-01	1.174181290276000e-02	370
9.539736747518950e-02	4.600116692871042e-02	371
6.115480468169199e-02	3.952670817829858e-02	372
2.894765928655480e-01	6.375672368483902e-02	373
2.611779193737339e-01	6.222944302129250e-02	374
1.703166337220290e-01	5.525547861707791e-02	375
3.186414093152350e-01	6.503786230286042e-02	376
4.570936296270914e-01	6.688198481339887e-02	377
3.944466164472352e-01	6.694595505995672e-02	378
1.471148431948179e-01	5.283728032379278e-02	379
1.253083706727946e-01	5.024752356121902e-02	380
6.299232799432936e-01	5.785022915797167e-02	381
1.948271277992174e-01	5.748315819862805e-02	382
2.205462060517252e-01	5.952870765200945e-02	383
6.602584119950581e-01	5.481214289440856e-02	384
5.678111807325177e-01	6.270185341672069e-02	385
7.468325131488354e-01	4.384116651850450e-02	386
7.188386870854099e-01	4.773304109682133e-02	387
7.996976756443450e-01	3.576129363094673e-02	388
7.738260221323222e-01	3.981352243757715e-02	389
8.477140857114961e-01	2.786886471141396e-02	390
8.243686842053535e-01	3.174657925218609e-02	391
8.998128788569748e-01	1.901644119056618e-02	392
8.696764577684529e-01	2.416878619143493e-02	393
9.490692768123100e-01	1.059989263707821e-02	394
9.179185960015998e-01	1.586459819671518e-02	395
9.678312593715447e-01	7.904417814612232e-03	396
8.588770470890017e-01	2.599143249768828e-02	397
8.801084503317517e-01	2.239805719426279e-02	398
8.121915374929404e-01	3.374448005732717e-02	399
8.362093497054502e-01	2.978706027189644e-02	400
7.604645432523603e-01	4.183754971330090e-02	401
7.869038173286359e-01	3.778613693435044e-02	402
7.044849942327641e-01	4.960952930096887e-02	403
7.329507198915916e-01	4.580742205815297e-02	404
6.451657976464149e-01	5.638022788094491e-02	405
6.751800188486810e-01	5.315617411868764e-02	406
5.520717023064969e-01	6.363692690661520e-02	407
6.145629674316692e-01	5.922187961783088e-02	408
2.075456852810800e-01	5.852901825493465e-02	409
2.338189047865366e-01	6.048309093900902e-02	410
1.585450570289054e-01	5.406850737102090e-02	411
1.824231449766781e-01	5.639342840503154e-02	412
4.660603851954741e-02	3.591026703830928e-02	413
1.360395954658203e-01	5.156724789026744e-02	414
1.390825894404494e-02	2.303299428518623e-02	415
3.384562816327073e-02	3.196807127793343e-02	416
2.075079956162814e-01	-7.450747608813044e-02	417
3.991429606590842e-03	1.522901638940487e-02	418
9.625770854982834e-01	-1.387310950478174e-02	419
8.123397495989700e-01	-4.277164579484810e-02	420
3.337099603693946e-01	-7.779864471402259e-02	421
5.206126741031187e-01	-7.281802457078972e-02	422
1.667829251993652e-03	1.240409141390383e-02	423
2.293716711378656e-02	2.769785692267426e-02	424
6.809986474067550e-03	1.793841741337984e-02	425
8.621206897207392e-02	4.447180178679035e-02	426
6.908466274000949e-02	4.123827650948648e-02	427
2.752197223474859e-01	6.302042567382191e-02	428
1.049828563680188e-01	4.747356025880603e-02	429
9.824569723676984e-01	5.725428978974399e-03	430
9.863707105520310e-01	4.982910053356618e-03	431
3.039595189662714e-01	6.443411629137490e-02	432
9.897966800286867e-01	4.219286949194758e-03	433
9.927234636317048e-01	3.458870462858092e-03	434
3.334859814486255e-01	6.557303445542900e-02	435
3.636960453818783e-01	6.642647805933867e-02	436
9.343553069306559e-01	1.301088270097014e-02	437
9.999290153557967e-01	3.827074834558198e-04	438
9.985314223687320e-01	1.305990730458634e-03	439
9.994533083790575e-01	7.207566867731026e-04	440
6.299801303700396e-01	-6.500376643225723e-02	441
3.928819854627147e-02	-4.506787220668361e-02	442
9.951618297618064e-01	2.733085521846081e-03	443
5.045984229335884e-01	6.575522979996068e-02	444
1.264100273651745e-03	-1.507747859934962e-02	445
9.526362219727339e-03	-2.597688147636856e-02	446
6.844356298156040e-02	-5.526858992294174e-02	447
1.356962077512249e-01	-6.810999947178786e-02	448
2.753701302548558e-01	-7.714395628791899e-02	449
7.147976455652537e-02	5.065293794472252e-02	450
-3.681406138264839e-03	9.006627015924503e-03	451
-4.739793505008134e-03	5.123266083804131e-03	452
2.821974937659918e-01	-9.192311597160757e-02	453
6.989769389783352e-01	-7.293768222253168e-02	454
9.158512152142788e-01	-3.406468181428706e-02	455
4.727016145892752e-03	-2.711084033571758e-02	456
5.767913143034528e-01	7.791316197864200e-02	457
6.842763186810160e-01	-7.475426646713744e-02	458
7.823870926185995e-01	-6.080382538690156e-02	459
9.893142712714813e-01	-8.800156905890198e-03	460
3.262635533222198e-01	-9.301138073974521e-02	461
8.555398998186383e-01	-4.747255267086389e-02	462
8.324734992049817e-01	-5.197359871685678e-02	463
8.803150656774671e-02	-6.975539830555484e-02	464
-4.174715666902822e-03	-1.055393552907297e-02	465
2.131832817711632e-01	-8.821597478605372e-02	466
1.225343045884155e-02	-3.500495882818608e-02	467
9.610611509906682e-01	-2.087421923805325e-02	468
1.511001600148204e-01	-8.171132344338777e-02	469
7.134744815559689e-01	-7.104704468145799e-02	470
6.543359412189012e-01	-7.817573205373522e-02	471
4.501142067653948e-01	-9.198519263543060e-02	472
7.889939628144753e-02	-6.726648640098311e-02	473
3.873134668010050e-01	-9.320890960216302e-02	474
8.973150116632478e-01	-3.847939661703077e-02	475
7.953625617697030e-01	-5.864220890193635e-02	476
5.798354542010129e-03	2.233044254068628e-02	477
1.809711557593880e-02	3.119610399111058e-02	478
6.693005073328735e-01	6.899773108785712e-02	479
8.436775221358521e-01	4.062820264655687e-02	480
1.085143124579840e-01	5.852063936388704e-02	481
6.841989115912170e-01	6.713028778518659e-02	482
1.633530175171028e-01	6.680482793645932e-02	483
8.764900987005413e-01	3.403186866302997e-02	484
9.889404327551428e-01	8.003643402471918e-03	485
3.408383804376119e-01	8.108971347905983e-02	486
5.133122354955767e-01	8.137513267804058e-02	487
9.535355715178961e-01	1.721189495391332e-02	488
8.866798556164002e-01	3.191158393274789e-02	489
9.920547645234298e-01	6.701368460095097e-03	490
9.599721393631845e-01	1.576498813396195e-02	491
9.812020079318019e-01	1.054795533548854e-02	492
2.399179340876210e-01	7.484735424472919e-02	493
3.258323526141075e-01	8.043249362075365e-02	494
2.264398058294002e-01	7.365479053249217e-02	495
9.865659352244818e-02	5.666122121841611e-02	496
6.693877501202340e-01	-7.650347926925904e-02	497
2.001597746806677e-01	-8.715235293399741e-02	498
9.410668402577885e-03	2.538131929375276e-02	499
1.403628678061515e-01	6.363918781245295e-02	500
4.807442277745674e-02	4.404405713754700e-02	501
9.715043712013871e-01	1.308873141344421e-02	502
9.946755789849300e-01	5.496613738086293e-03	503
8.964760257516372e-01	2.983904788180929e-02	504
1.628789737113787e-01	-8.326324266341477e-02	505
1.000202613187015e+00	2.372736460337918e-04	506
9.984691553374758e-01	2.975088484257118e-03	507
9.968204998945095e-01	4.260428958364993e-03	508
2.690057321167025e-03	1.915678320903820e-02	509
-2.052159143733876e-03	1.249542359438246e-02	510
1.736465539812394e-03	-2.304400141450675e-02	511
-4.127319622096613e-03	-2.035446502085990e-03	512
-3.247048039809082e-03	-2.084667577356579e-04	513
1.677134226071292e-02	-3.877291008388959e-02	514
1.000208696474945e+00	-2.296696308234995e-04	515
6.191303084422715e-02	-6.186365435991815e-02	516
9.985475876612379e-01	-3.038174690610638e-03	517
9.948629258617089e-01	-5.767367888309781e-03	518
4.180689961710263e-01	8.289279986580982e-02	519
5.454320096590765e-01	-8.748313659216250e-02	520
9.858036464276447e-01	-1.049997572594198e-02	521
8.771907252257592e-01	-4.296268089942355e-02	522
5.925030209525336e-01	7.672016142825487e-02	523
9.923211458124591e-01	-7.179135941102002e-03	524
-4.963714244466578e-03	-6.045445590939273e-03	525
4.343041578940539e-01	-9.242242876888383e-02	526
4.023986481602991e-01	8.274075180299140e-02	527
8.441737561835766e-01	-4.973343655822608e-02	528
2.818838986920606e-01	7.795925672939541e-02	529
8.665477480772812e-01	-4.521058249738756e-02	530
8.874499160468976e-01	-4.071365981551346e-02	531
7.019109660704768e-02	-6.463596273225083e-02	532
9.067893476965126e-01	-3.626639222291589e-02	533
9.244962959111890e-01	-3.187815671170374e-02	534
9.478001041314924e-01	-2.531228085343508e-02	535
2.729505972064580e-02	-4.605136612764614e-02	536
9.546652901308326e-01	-2.309960435386313e-02	537
9.669832224489193e-01	-1.865913501522019e-02	538
9.818410118960867e-01	-1.239022862324473e-02	539
1.285958230541741e-01	-7.824966729954233e-02	540
7.555893587706695e-01	-6.504386868933396e-02	541
7.691299329527770e-01	-6.293789067761470e-02	542
9.969463054203290e-01	-4.400975920346857e-03	543
4.659843438159633e-01	-9.145738032171288e-02	544
4.818712571850486e-01	-9.083493825860674e-02	545
4.977710080476482e-01	-9.013005956005993e-02	546
2.177495712990443e-02	-4.248841381220893e-02	547
4.028916176793010e-01	-9.304069799458445e-02	548
4.185588697114231e-01	-9.277801451997185e-02	549
3.412929510030194e-01	-9.319831740831781e-02	550
3.974380491148299e-02	-5.278502176717700e-02	551
9.327121212900830e-01	-2.969420440141008e-02	552
9.404781325233209e-01	-2.750553460146833e-02	553
1.396770096341250e-01	-8.004260760842959e-02	554
9.758275830633134e-02	-7.210797485362715e-02	555
5.612622605587835e-01	-8.643964199662627e-02	556
6.082959136534454e-01	-8.269454612560467e-02	557
9.724129999657114e-01	-1.648451074112749e-02	558
9.773587463134438e-01	-1.439248209864880e-02	559
7.277512045421184e-01	-6.909443782705493e-02	560
7.417855519300083e-01	-6.709736798999462e-02	561
1.075291626276294e-01	-7.431438225432362e-02	562
1.178842469629263e-01	-7.635688406220262e-02	563
5.770241157138648e-01	-8.528483048239942e-02	564
5.927058856981555e-01	-8.403487227850480e-02	565
4.665723261321654e-02	-5.597510518626110e-02	566
5.407279702486455e-02	-5.900634346324348e-02	567
8.238684165605104e-03	-3.108225726385184e-02	568
3.565042871572628e-01	-9.329785747001126e-02	569
3.718487027662978e-01	-9.329523126778938e-02	570
1.750021655532077e-01	-8.468532256698223e-02	571
1.874314080054097e-01	-8.597936732234349e-02	572
2.264697647166423e-01	-8.917425183491781e-02	573
2.400324371598453e-01	-9.002792382201140e-02	574
2.966863477196641e-01	-9.238566798097599e-02	575
3.113952082689967e-01	-9.274831104617411e-02	576
2.538728189633740e-01	-9.076176970068330e-02	577
-4.131667417525411e-03	1.507306254895689e-03	578
-7.477900641227464e-04	-1.891983453266270e-02	579
4.117364393884713e-02	4.164834514249910e-02	580
9.853053548783722e-01	9.251031421945657e-03	581
5.292373319789005e-01	8.069265952269827e-02	582
4.973700486970946e-01	8.193076068414032e-02	583
4.814431998251388e-01	8.235895369127157e-02	584
4.655338800255236e-01	8.267200835476703e-02	585
9.765784028469445e-01	1.181862325086904e-02	586
9.659685305401987e-01	1.439891919097675e-02	587
9.234638074128569e-01	2.395494710244826e-02	588
4.496458204163573e-01	8.286001054354715e-02	589
4.338226434921336e-01	8.292988576975004e-02	590
3.868227707584461e-01	8.247565480633595e-02	591
9.148789965231608e-01	2.585486496483506e-02	592
9.466617713616916e-01	1.875042478985304e-02	593
6.325291831132218e-02	4.850293575885206e-02	594
5.545679263079759e-02	4.632992540716164e-02	595
2.536824968459879e-01	7.595901632904936e-02	596
2.676694988548866e-01	7.698239744212945e-02	597
1.516808874709496e-01	6.524619972987387e-02	598
1.293845932025194e-01	6.197810103160883e-02	599
1.187727487861856e-01	6.028841103023571e-02	600
7.951084511880794e-01	4.978992788414022e-02	601
7.416818045373420e-01	5.885831696984714e-02	602
7.276644209194286e-01	6.102167076199563e-02	603
7.821831313965408e-01	5.208397715677695e-02	604
8.320419133045234e-01	4.288299592648718e-02	605
9.058822381977553e-01	2.782160876081461e-02	606
8.659165326451496e-01	3.618524349442007e-02	607
8.549768489116549e-01	3.838872613001995e-02	608
8.200637349968036e-01	4.517538996799916e-02	609
8.077426969076027e-01	4.748619448209523e-02	610
7.689681983145705e-01	5.436873112161415e-02	611
7.554609494125061e-01	5.663726806606817e-02	612
7.133975764003770e-01	6.313515743859090e-02	613
6.989031229282303e-01	6.517690596853749e-02	614
6.542332018589305e-01	7.076558063683064e-02	615
6.389929280386294e-01	7.242306165939739e-02	616
5.609976170052345e-01	7.897704302214167e-02	617
5.451332122641269e-01	7.989379729093957e-02	618
6.236226982304212e-01	7.396814705932825e-02	619
6.081216431756645e-01	7.540356760176875e-02	620
2.132451057084519e-01	7.240188400863211e-02	621
2.003194969807826e-01	7.109223096833052e-02	622
1.876933144570964e-01	6.972732078931808e-02	623
1.753692919807652e-01	6.829932233948054e-02	624
1.351286162944435e-02	2.836391755477992e-02	625
3.470917888236274e-02	3.916322851177449e-02	626
2.870674510031778e-02	3.663311856644197e-02	627
8.080526087481262e-01	-5.644731990423203e-02	628
8.204331821379148e-01	-5.421717365654585e-02	629
5.136813395756505e-01	-8.933278348866525e-02	630
5.295715628841476e-01	-8.844660246785198e-02	631
7.283139650312286e-05	1.588237112319586e-02	632
2.315597384997651e-02	3.398161749124701e-02	633
8.918609442771069e-02	5.472725393838036e-02	634
8.012588444553360e-02	5.272683956557209e-02	635
3.109944367554466e-01	7.969960244855089e-02	636
2.963245591711773e-01	7.887249519758674e-02	637
3.713651497245913e-01	8.211400201481880e-02	638
3.560325421175660e-01	8.165698959045989e-02	639
9.393574709402159e-01	2.038611700855306e-02	640
9.316281798965358e-01	2.212748683237052e-02	641
6.237700662766715e-01	-8.126814242302635e-02	642
6.391161478645425e-01	-7.976350605819510e-02	643
3.328266797986998e-02	-4.945860953276645e-02	644
-2.721055375923533e-03	-1.474394061968153e-02	645
2.679258463330469e-01	-9.137787405791550e-02	646
-7.962555158751512e-03	-9.042493963754530e-03	647
3.954128138250306e-01	-1.107907108330752e-01	648
2.888933774563958e-01	-1.085617514794120e-01	649
7.913678799598284e-01	-7.438046562682989e-02	650
5.387506746385662e-01	-1.058654762961660e-01	651
9.227303992008425e-01	-4.252134418257936e-02	652
9.919212402509716e-01	1.056642338325148e-02	653
9.885698064147382e-01	1.248710149294955e-02	654
9.646941126603135e-01	2.196423584470856e-02	655
-1.844481420461046e-03	1.987929456615685e-02	656
9.946377880917008e-01	8.773989775660592e-03	657
9.994563067463352e-01	1.750090290817655e-03	658
1.000192354028483e+00	5.485490214671423e-04	659
9.989030502460361e-01	-5.105879137557233e-03	660
1.000464787526521e+00	7.754407857846010e-06	661
1.552106539815115e-02	-4.550482954603545e-02	662
-7.245338129521876e-03	2.741721146148997e-03	663
8.996014728963964e-02	-8.131973974152025e-02	664
9.311274483850038e-01	-3.980725577983265e-02	665
9.924289247694935e-01	-1.120344362444129e-02	666
5.701974296646202e-01	9.607098875325526e-02	667
9.995013891358826e-01	-1.768686570970333e-03	668
-4.110943580901274e-04	-2.778599367660123e-02	669
7.084318602859877e-01	-8.835998493655832e-02	670
-5.258367559347483e-03	-1.859123897353422e-02	671
7.228833345326695e-01	-8.618904156132923e-02	672
1.082349520865949e-02	-4.120593080679773e-02	673
8.744849325394933e-01	-5.604697670345923e-02	674
2.829433226673293e-03	-3.232093109313489e-02	675
3.336069585111951e-01	-1.101641328024732e-01	676
8.636663192267306e-01	-5.872625587791722e-02	677
6.937546129003906e-01	-9.044229088969498e-02	678
9.950110469093104e-01	-9.161503967529752e-03	679
6.496980482373618e-03	-3.682147713230059e-02	680
9.804839605703537e-01	1.625420526884905e-02	681
5.222361115158509e-01	9.878705974749680e-02	682
9.519013192728351e-01	2.597903506160775e-02	683
6.636672836060815e-01	8.674021354302773e-02	684
9.969612451437957e-01	6.948169775055233e-03	685
5.061884141577293e-01	9.942785449466895e-02	686
2.739905728063518e-01	9.354075275392630e-02	687
3.329493945105140e-01	9.768582193983701e-02	688
1.558935791969311e-01	7.926535987321555e-02	689
6.486018429848589e-02	5.871322344456694e-02	690
1.000030483306885e+00	1.040349529150078e-03	691
-6.893621370179986e-03	-1.396856833183457e-02	692
-6.081566420050025e-03	1.208066391351466e-02	693
1.270589225242222e-02	3.440474496513030e-02	694
-7.452015246787925e-03	7.776537078374787e-03	695
9.662258416393419e-01	-2.619350923299380e-02	696
8.049125644149047e-02	-7.837156915336403e-02	697
-5.439123695608981e-03	-2.953593572874793e-04	698
1.550271537628655e-01	-9.560996872341851e-02	699
4.588118718316838e-01	-1.096745766728960e-01	700
2.082371668313851e-02	-4.977257156160197e-02	701
4.436738909263280e-03	2.731022566697967e-02	702
8.401484849039144e-01	5.501813495097990e-02	703
7.909682592569347e-01	6.555862056723788e-02	704
6.787321430282945e-01	8.473465834853675e-02	705
9.848185461013016e-01	1.432829045041998e-02	706
9.585189480343809e-01	2.394145929445489e-02	707
8.937125254851166e-01	4.212828348050267e-02	708
8.837631806208412e-01	4.465246851466324e-02	709
3.179362313856650e-01	9.680756311307147e-02	710
2.884029623023691e-01	9.472578918046043e-02	711
2.321000670430891e-01	8.955779541598198e-02	712
1.014735645949658e-01	6.877271672057099e-02	713
6.638443608183983e-01	-9.434289937118058e-02	714
6.788914087735785e-01	-9.243592794011909e-02	715
2.053164743525009e-01	-1.023591979779662e-01	716
8.259725064945024e-03	3.093309350001150e-02	717
1.443146339536758e-01	7.728148555619448e-02	718
9.756762668371329e-01	1.813663076842252e-02	719
9.987367799498699e-01	5.008251764198034e-03	720
1.029473017527093e-03	2.363802442113646e-02	721
-4.215859067051911e-03	1.602133991230799e-02	722
-3.096571632826148e-03	-2.321045030494356e-02	723
-7.312384042473751e-03	-3.492969315167281e-03	724
2.668626358516166e-02	-5.376416235382285e-02	725
1.000207024803302e+00	-5.412285073954979e-04	726
1.000058521099100e+00	-1.039166263019211e-03	727
9.718216556864990e-01	-2.349951406181581e-02	728
9.892485435505367e-01	-1.349218186583796e-02	729
5.860609097634281e-01	9.485306692546065e-02	730
4.428601568679822e-01	-1.101129073562939e-01	731
4.104072703977965e-01	1.003934578907684e-01	732
8.409165743442543e-01	-6.405567867450289e-02	733
8.524728575747298e-01	-6.140551218654702e-02	734
8.849473217476516e-01	-5.335254121206390e-02	735
8.950016421550822e-01	-5.064484993709025e-02	736
6.284163827853459e-02	-7.201952493667681e-02	737
7.144797003951232e-02	-7.527254192765444e-02	738
9.046516633153617e-01	-4.794129987602388e-02	739
9.139074779535699e-01	-4.523180776677677e-02	740
9.535829794571805e-01	-3.164500511252712e-02	741
9.601456029522247e-01	-2.891381382525663e-02	742
9.856760761296278e-01	-1.579586162660107e-02	743
7.647892953516756e-01	-7.927578842455273e-02	744
7.782202509704644e-01	-7.684735752378757e-02	745
9.972189448932378e-01	-7.157996858548680e-03	746
4.748032620867707e-01	-1.091217694320143e-01	747
4.907904967660114e-01	-1.084633464819211e-01	748
4.111570626982622e-01	-1.106790664340807e-01	749
4.269796820958384e-01	-1.104488504035170e-01	750
3.291577293660273e-02	-5.769627802094701e-02	751
9.390742163942747e-01	-3.708475071505320e-02	752
9.465510583124299e-01	-3.436790537389653e-02	753
1.318945199796400e-01	-9.139305464924963e-02	754
1.432868045021774e-01	-9.356693122621862e-02	755
5.546829480453873e-01	-1.048487867515653e-01	756
5.705985633329018e-01	-1.036762327048275e-01	757
9.769120154427011e-01	-2.087110407532303e-02	758
9.815362014084227e-01	-1.831050613224206e-02	759
7.370857723567797e-01	-8.395368589770437e-02	760
7.510607591156873e-01	-8.165328558879061e-02	761
9.985136338535958e-02	-8.411508793402017e-02	762
1.101754789533493e-01	-8.674413164257583e-02	763
1.208864334008881e-01	-8.909457297503137e-02	764
5.864191087034494e-01	-1.023815919363000e-01	765
6.021479458113711e-01	-1.009738884562469e-01	766
3.966137816911696e-02	-6.154115784095956e-02	767
4.694047915684117e-02	-6.525171056724867e-02	768
5.473214190951961e-02	-6.866869433476848e-02	769
3.488468298440076e-01	-1.104917981651732e-01	770
3.642606631338277e-01	-1.107015863871277e-01	771
3.797805291761064e-01	-1.107947161738587e-01	772
1.671367439765234e-01	-9.751702444925356e-02	773
1.795692446549640e-01	-9.927311762165332e-02	774
1.922996313145500e-01	-1.008830690994718e-01	775
2.186070443280310e-01	-1.037140125112285e-01	776
2.321692158775074e-01	-1.049470199550347e-01	777
3.036284585352955e-01	-1.092141820572344e-01	778
3.185512410695557e-01	-1.097423432417615e-01	779
2.460282979139896e-01	-1.060519713337378e-01	780
4.181474153911734e-02	5.040176024726239e-02	781
4.901389105266194e-01	9.992561984631858e-02	782
4.741179352460398e-01	1.002873508189327e-01	783
9.704226776883859e-01	2.003058762590706e-02	784
4.580998428554945e-01	1.005151173613544e-01	785
4.421281382258698e-01	1.006018736386109e-01	786
4.262347997924461e-01	1.005617309868130e-01	787
3.946669815399189e-01	1.000884307716845e-01	788
9.211599570033280e-01	3.483565436967512e-02	789
5.680758084356826e-02	5.602225295502367e-02	790
4.907200978805724e-02	5.333385206368623e-02	791
2.598233219889443e-01	9.228990293634176e-02	792
2.458315910014056e-01	9.100529822918541e-02	793
1.330801671564367e-01	7.523696512733256e-02	794
1.222221423518749e-01	7.313848965188603e-02	795
1.116611486105997e-01	7.105967057229540e-02	796
7.368989713486509e-01	7.570651063221498e-02	797
9.124210352638354e-01	3.721708843530196e-02	798
9.032608774115934e-01	3.965176019700568e-02	799
8.734072195891251e-01	4.720460560755835e-02	800
8.626934314505148e-01	4.978069623249699e-02	801
8.516038588598978e-01	5.239493289045262e-02	802
8.283750766701721e-01	5.764716724903916e-02	803
8.162382428001661e-01	6.029962044401112e-02	804
8.037514304033233e-01	6.294341383970771e-02	805
7.778960318504416e-01	6.815053030120777e-02	806
7.645248314742756e-01	7.072265831966254e-02	807
7.508417669666135e-01	7.325205695833641e-02	808
7.227189599064991e-01	7.809151107878470e-02	809
7.082794453991729e-01	8.040657739959631e-02	810
6.936040286257747e-01	8.262274929864116e-02	811
6.484181175559284e-01	8.862147765378588e-02	812
5.542344129620593e-01	9.713370881540652e-02	813
5.382489468581895e-01	9.800674331782554e-02	814
6.330197381731352e-01	9.037225096837366e-02	815
6.174922346793507e-01	9.199746237683382e-02	816
6.018312870734701e-01	9.349402034515963e-02	817
2.186773543999104e-01	8.802755490831879e-02	818
2.055364898172544e-01	8.642512234749579e-02	819
1.926766250741988e-01	8.475582945642519e-02	820
1.801077808078363e-01	8.301100984798525e-02	821
1.678391204284886e-01	8.118141253920827e-02	822
3.506057675496054e-02	4.737208628783658e-02	823
2.879808496217297e-02	4.428165063323466e-02	824
8.042378824865819e-01	-7.186467096745723e-02	825
8.168153531569805e-01	-6.929128989394590e-02	826
8.290467307309660e-01	-6.667747307412263e-02	827
5.067968767117143e-01	-1.077011216698075e-01	828
5.227930646406772e-01	-1.068318488112706e-01	829
2.289628958216694e-02	4.117584596230710e-02	830
1.751265639958789e-02	3.781338668595039e-02	831
9.170366322331125e-02	6.638818617411954e-02	832
8.234165246763221e-02	6.391727181215316e-02	833
7.339066081512775e-02	6.136064710793106e-02	834
3.030685692312198e-01	9.582398844758931e-02	835
3.790468408977745e-01	9.966248689118265e-02	836
3.635455146767101e-01	9.912863759082517e-02	837
3.481565372747044e-01	9.846859436007814e-02	838
9.448525332573260e-01	2.807956493253725e-02	839
9.373911844801694e-01	3.025505763851856e-02	840
9.294890882995439e-01	3.251374342245125e-02	841
6.177679123521064e-01	-9.946152777261404e-02	842
6.332568192408047e-01	-9.785283558325088e-02	843
6.486219430112601e-01	-9.614937580949023e-02	844
2.601323739161528e-01	-1.069576144813312e-01	845
2.743971828463679e-01	-1.078043590221154e-01	846
-1.123186782606313e-02	-1.246619444401553e-02	847
9.128564793325401e-02	-9.442136298027901e-02	848
9.993183655993706e-01	7.309464480552532e-03	849
9.849908577371116e-01	2.018851030599788e-02	850
5.481695898786951e-01	-1.253141763798340e-01	851
-1.095422080655857e-02	4.927976789934238e-03	852
9.995764517096464e-01	-3.929655711772409e-03	853
9.303102423260804e-01	-5.132212427759292e-02	854
9.384426630854015e-01	-4.800409847326675e-02	855
2.537629977493077e-02	-6.241293769885913e-02	856
9.951986070160068e-01	1.248329776640962e-02	857
4.990390833950884e-01	1.195224002064457e-01	858
-9.997761719348072e-03	-1.777427922636607e-02	859
6.626540069906671e-03	3.725399711982113e-02	860
-3.016081881241126e-03	-3.309027994837115e-02	861
9.641739347236540e-01	3.061970062876024e-02	862
9.975246454300905e-01	1.000715991657646e-02	863
-8.845194886699048e-03	1.561289327664519e-02	864
6.583068519761642e-01	1.066016148425441e-01	865
-6.793299110868356e-03	2.005501085414892e-02	866
1.000494741077708e+00	3.658441228073132e-04	867
1.000505153007746e+00	-3.494972786052800e-04	868
8.010154223962929e-01	-8.921514711738872e-02	869
1.585095239872596e-01	-1.113202520677903e-01	870
1.364993989276079e-02	-5.306475409266222e-02	871
4.035575227878780e-01	-1.304819330858951e-01	872
8.146033519048519e-02	-9.094236554723607e-02	873
4.515571523343046e-01	-1.298869271448429e-01	874
2.954256804591248e-01	-1.272640167473772e-01	875
9.888955158095442e-01	1.762439740186950e-02	876
5.636788342363954e-01	1.163448593893340e-01	877
9.578204460875248e-01	3.326511407143837e-02	878
9.510211595682032e-01	3.594486942636815e-02	879
7.874098545216691e-01	8.326518992300243e-02	880
1.477772424537898e-01	9.265365245605914e-02	881
2.656882504578578e-01	1.106099746116765e-01	882
9.931408374810156e-01	-1.575303300304477e-02	883
5.747248416977634e-02	6.698255923352926e-02	884
8.724926251428754e-01	-7.082446108805920e-02	885
9.994508677273822e-01	3.879392560383808e-03	886
9.923417658672422e-01	1.501193246393062e-02	887
9.996021996949387e-01	-7.423983222549432e-03	888
9.772180734692334e-01	-2.817963064290751e-02	889
8.720093303453899e-03	-4.809199125997602e-02	890
7.037938463737209e-01	-1.077760326803445e-01	891
-5.909864138341558e-03	-2.798717556075725e-02	892
7.184587975091969e-01	-1.053845664524474e-01	893
7.328693192069909e-01	-1.028766936781744e-01	894
4.274071471038726e-03	-4.327769140438276e-02	895
9.957999969726264e-01	-1.294143935692517e-02	896
3.248220181445674e-04	-3.807284717878378e-02	897
8.372694983396277e-01	7.121316797259748e-02	898
5.152447607270475e-01	1.189332055545568e-01	899
3.096611461325482e-01	1.148199302117019e-01	900
-1.040908755221624e-02	1.090319740038227e-02	901
2.474865445317742e-03	3.292095275305060e-02	902
6.735971379130068e-01	1.044721575611724e-01	903
8.916748680724784e-01	5.601218960828052e-02	904
3.247381952051159e-01	1.159750369150927e-01	905
2.947415081494060e-01	1.135252392058567e-01	906
2.800774257533509e-01	1.121104309819430e-01	907
6.738676509348309e-01	-1.122465138887514e-01	908
6.889153990359772e-01	-1.100734306850545e-01	909
9.804684147476693e-01	2.283008249232144e-02	910
-1.081561794671180e-03	2.874667102361265e-02	911
-4.213975437767847e-03	2.443489317561687e-02	912
-8.227169161256679e-03	-2.287538686447667e-02	913
-1.123579166739391e-02	-5.941175707335402e-03	914
1.934660438177302e-02	-5.799632133728635e-02	915
9.719793647166862e-01	-3.143714960259583e-02	916
9.899202384383282e-01	-1.874581861433001e-02	917
5.797460959129986e-01	1.151115674727207e-01	918
8.500717705618991e-01	-7.712135625403065e-02	919
8.614826699808460e-01	-7.398294434566012e-02	920
8.831486266550308e-01	-6.764490009222877e-02	921
8.934274445521951e-01	-6.441809591478055e-02	922
6.312726083079247e-02	-8.349342846891522e-02	923
7.207376138606739e-02	-8.730231106970175e-02	924
9.032706825103247e-01	-6.117271662130197e-02	925
9.127137181614198e-01	-5.790930264780857e-02	926
9.217346851788865e-01	-5.462161695567636e-02	927
9.599930144069707e-01	-3.805508503268836e-02	928
9.662305885990328e-01	-3.473774771726355e-02	929
7.746111208344252e-01	-9.488086882977279e-02	930
7.879446234321361e-01	-9.209222129371812e-02	931
9.979543930033681e-01	-1.026488262453321e-02	932
4.676820323839470e-01	-1.294311132430962e-01	933
4.838102636818961e-01	-1.288372412226187e-01	934
4.195051058613805e-01	-1.304166730305513e-01	935
4.355013747547776e-01	-1.302117737760334e-01	936
9.460880629413488e-01	-4.468698602083110e-02	937
9.532665434337033e-01	-4.137715773371286e-02	938
1.346847389561741e-01	-1.062478898595235e-01	939
1.464085348181696e-01	-1.088561105010655e-01	940
5.642719628591895e-01	-1.241960914337165e-01	941
9.819607156297582e-01	-2.498001302866960e-02	942
9.862457196889733e-01	-2.177255090416017e-02	943
7.470284414391688e-01	-1.003067369805126e-01	944
7.609659255643902e-01	-9.763718198058671e-02	945
1.015718966427500e-01	-9.772633178723894e-02	946
1.124049126839442e-01	-1.007893232047093e-01	947
1.233336488154946e-01	-1.034970474207833e-01	948
5.803004043827311e-01	-1.228662035130010e-01	949
5.961972635622366e-01	-1.214061592062360e-01	950
3.186362786648184e-02	-6.696932218978735e-02	951
3.894108137966314e-02	-7.144257060015531e-02	952
4.671492632238657e-02	-7.575330294793091e-02	953
5.469592591848874e-02	-7.956472358495956e-02	954
3.408658116701079e-01	-1.294184206664937e-01	955
3.563625040813873e-01	-1.298883582288899e-01	956
3.719968388824967e-01	-1.302103910957379e-01	957
3.877159627425392e-01	-1.304060009729159e-01	958
1.709732772469790e-01	-1.136200392380929e-01	959
1.837435473786382e-01	-1.157464444592100e-01	960
1.967955265392468e-01	-1.177067560553734e-01	961
2.101141042748678e-01	-1.195216461930247e-01	962
2.237096106104843e-01	-1.211993831408966e-01	963
3.255767565419205e-01	-1.288244789676295e-01	964
3.104328370165761e-01	-1.281156181640351e-01	965
2.376028054615569e-01	-1.227309326543521e-01	966
4.828746716285905e-01	1.199375297127327e-01	967
9.755090211746470e-01	2.540774622214885e-02	968
9.700791350478823e-01	2.800130616207838e-02	969
4.667140773490736e-01	1.202177807429347e-01	970
4.505640698057316e-01	1.203366400652720e-01	971
4.344903277626124e-01	1.202996739679793e-01	972
4.184862382892213e-01	1.201191476352203e-01	973
4.025446144665756e-01	1.197796898216979e-01	974
4.955662710503434e-02	6.386890930885425e-02	975
4.182353428296078e-02	6.033825646565322e-02	976
2.515513759632956e-01	1.091137247574749e-01	977
2.374715397871779e-01	1.074310587490755e-01	978
1.362689338240981e-01	9.017600030713428e-02	979
1.251257564087352e-01	8.762908367302585e-02	980
1.143938031055503e-01	8.519498261400446e-02	981
1.037533863192817e-01	8.248063105618249e-02	982
9.196069963222955e-01	4.713796113623710e-02	983
9.106966530897468e-01	5.006193170287765e-02	984
9.013812143737878e-01	5.301918993968498e-02	985
8.815383663118344e-01	5.903822275160305e-02	986
8.710233707595975e-01	6.206211425817694e-02	987
8.601509754251809e-01	6.510578157999457e-02	988
8.488868346721778e-01	6.816502747990885e-02	989
8.253376611368997e-01	7.425372315870248e-02	990
8.130049345362176e-01	7.729854258170166e-02	991
8.003329247044068e-01	8.030155762999520e-02	992
7.741496562394672e-01	8.619016836139894e-02	993
7.605961361426061e-01	8.908764397437524e-02	994
7.466889666623042e-01	9.189090813848622e-02	995
7.325825330774820e-01	9.461441856721872e-02	996
7.181871788112143e-01	9.723172167495406e-02	997
7.035447130609414e-01	9.978017489108040e-02	998
6.886569575146831e-01	1.021673776377349e-01	999
5.314044696003037e-01	1.182187987449557e-01	1000
5.475048303126278e-01	1.173389512422127e-01	1001
6.428609303448801e-01	1.086229928256988e-01	1002
6.272733162790836e-01	1.104497101516445e-01	1003
6.115520117665675e-01	1.121795732020963e-01	1004
5.957016912321774e-01	1.137048935693816e-01	1005
2.237671601663808e-01	1.055955995848967e-01	1006
2.103759680303190e-01	1.036655096216220e-01	1007
1.972732264574202e-01	1.016563039355719e-01	1008
1.844442134400386e-01	9.956333848365428e-02	1009
1.718977263021895e-01	9.736600704119300e-02	1010
1.596573797642853e-01	9.505958404285862e-02	1011
3.473388176192996e-02	5.666824158849586e-02	1012
2.819518179723514e-02	5.293187403018519e-02	1013
8.138061733180528e-01	-8.627463870091807e-02	1014
8.262658953008696e-01	-8.324872009162063e-02	1015
8.383319018594376e-01	-8.019751067016735e-02	1016
4.999320682892607e-01	-1.281230900860662e-01	1017
5.160702115673933e-01	-1.272852926175798e-01	1018
5.321518294714782e-01	-1.263341092837480e-01	1019
2.210565137290594e-02	4.935204707759396e-02	1020
1.630922166212868e-02	4.532083082741076e-02	1021
1.123047943067857e-02	4.121595454620534e-02	1022
9.363030911772559e-02	7.958951140396434e-02	1023
8.394448137666589e-02	7.658488108573226e-02	1024
7.467760072201153e-02	7.347871484891513e-02	1025
6.583058847792032e-02	7.026403403771930e-02	1026
3.867228870707971e-01	1.192874946377670e-01	1027
3.710341407693265e-01	1.186703984116534e-01	1028
3.554334964457936e-01	1.179188656379521e-01	1029
3.399776267495840e-01	1.170120264320650e-01	1030
9.280974087142321e-01	4.426389187731299e-02	1031
9.438116596989612e-01	3.865849944904927e-02	1032
9.361773634382219e-01	4.143205955272843e-02	1033
6.120047397459945e-01	-1.198027790445988e-01	1034
6.276612611563731e-01	-1.180963183716879e-01	1035
6.432048131482312e-01	-1.162617262053888e-01	1036
6.586079045954644e-01	-1.143271134330812e-01	1037
2.518534204278740e-01	-1.240609810156599e-01	1038
2.661364519001233e-01	-1.251803133322757e-01	1039
2.806535142041772e-01	-1.262764072529601e-01	1040
1.359598713884276e-03	-5.035335270872059e-02	1041
9.995797286281854e-01	9.419877519561136e-03	1042
9.784246371688701e-01	-3.630907293839586e-02	1043
1.000454536471724e+00	8.042743982625689e-04	1044
-2.800866355278246e-03	-4.448964835995408e-02	1045
7.364490288781743e-01	-1.226458411786164e-01	1046
9.186859603553021e-02	-1.092139992717393e-01	1047
-6.293478830733810e-03	-3.889783027778820e-02	1048
9.859544515792324e-01	2.677332753252360e-02	1049
-1.163806208423887e-02	-2.756250656542862e-02	1050
1.715554947041560e-02	-6.707072769765907e-02	1051
1.614375880207038e-01	-1.290293914730660e-01	1052
1.387985427821290e-01	1.069441193395634e-01	1053
-1.042509340771324e-04	3.925871575310798e-02	1054
-9.797745297776687e-03	2.456229941609477e-02	1055
-1.471068859881994e-02	8.086943650424224e-03	1056
-7.646762550040985e-03	4.285178552260138e-04	1057
-7.647122530379868e-03	-1.140220966567967e-03	1058
-1.101822047349537e-02	7.872632585400545e-04	1059
-1.350646382100170e-02	-2.193389551311901e-02	1060
9.999820415967862e-01	-9.559454236629902e-03	1061
3.160193901614164e-01	1.360909562806760e-01	1062
9.832633397766183e-01	-3.236216780513824e-02	1063
9.972209423944189e-01	-1.706672295426290e-02	1064
9.466109859248735e-01	-5.633064557685766e-02	1065
8.050502947276272e-01	-1.070070397440844e-01	1066
4.117666229804612e-01	-1.525142458078047e-01	1067
9.985938030064073e-01	1.329664938023416e-02	1068
9.276441703989694e-01	5.745592731556440e-02	1069
9.510846270057745e-01	4.714700989417626e-02	1070
5.490595047485185e-01	1.393667602487919e-01	1071
5.164251271013388e-01	1.409733150664014e-01	1072
6.610205622542877e-01	1.276265720534569e-01	1073
7.777346739357986e-01	1.047603473905470e-01	1074
4.918566107107097e-01	1.418140889876292e-01	1075
5.499143985741776e-01	-1.475574711310219e-01	1076
3.313758875793331e-01	1.374544245958554e-01	1077
9.963617782414894e-01	1.658977882553716e-02	1078
8.163582304035262e-02	-1.051147184034700e-01	1079
1.000307877030558e+00	1.854855067820491e-03	1080
9.899952073012239e-01	2.335732584348260e-02	1081
-1.102282534071783e-02	-1.598821412747419e-03	1082
1.000478125426765e+00	-7.899365422973369e-04	1083
1.000365041860015e+00	-1.851273345543879e-03	1084
9.387745312723040e-01	-6.033026227966483e-02	1085
2.321370889298980e-02	-7.205673746243019e-02	1086
-1.485406217749642e-02	-1.621648394147130e-02	1087
4.302319237317951e-03	4.427239736693601e-02	1088
-9.195367475781587e-03	-3.325649750915054e-02	1089
9.645785070396771e-01	4.036871836002838e-02	1090
-1.199566546317647e-02	1.957168605280237e-02	1091
1.000773722487742e+00	1.626582771337363e-04	1092
1.000778387880609e+00	-1.374652365798005e-04	1093
5.842773844281994e-03	-5.572432892325205e-02	1094
3.170349238845022e-01	-1.493271407472472e-01	1095
3.017453784801360e-01	-1.482480509213738e-01	1096
9.934629327468496e-01	1.993201908027787e-02	1097
5.735728231564902e-01	1.376506895779873e-01	1098
9.580483351480810e-01	4.375822747294278e-02	1099
9.945773002262882e-01	-2.070359708334735e-02	1100
7.071245370827096e-01	-1.281832314623588e-01	1101
-1.370690437626321e-02	1.442562629087710e-02	1102
3.008531784691261e-01	1.345952837805810e-01	1103
2.858559204600999e-01	1.329098141948344e-01	1104
2.712120353822840e-01	1.311495332500160e-01	1105
6.769234535861591e-01	-1.332126043073614e-01	1106
-3.856521007679211e-03	3.444628840719750e-02	1107
-7.045675440186193e-03	2.954580740622376e-02	1108
-1.530008565675510e-02	-9.316002658099651e-03	1109
1.110405974149399e-02	-6.155534263870803e-02	1110
8.601480123712383e-01	-9.114370843602093e-02	1111
8.713888691788327e-01	-8.744493199739921e-02	1112
8.822365833532833e-01	-8.374085600919065e-02	1113
8.927492729271920e-01	-7.993290311543776e-02	1114
7.189427504426929e-02	-1.008454721239742e-01	1115
6.260307250306793e-02	-9.639577869201123e-02	1116
9.028337174729583e-01	-7.609840714446287e-02	1117
9.124676735536205e-01	-7.220150908090125e-02	1118
9.216949475985979e-01	-6.827868278166375e-02	1119
9.304637448961264e-01	-6.432424385866843e-02	1120
9.671761429723998e-01	-4.431245523244209e-02	1121
9.730584635726273e-01	-4.030176055850607e-02	1122
7.784546129179600e-01	-1.135089420574271e-01	1123
9.992219138156425e-01	-1.356003316738361e-02	1124
4.604400437514782e-01	-1.519807082792758e-01	1125
4.767689659412055e-01	-1.514819761678559e-01	1126
4.279509740169639e-01	-1.524875721511690e-01	1127
4.441449635530409e-01	-1.523002611873659e-01	1128
9.539271381015798e-01	-5.233377665959721e-02	1129
9.607899460022490e-01	-4.832966257969756e-02	1130
1.368189866184401e-01	-1.229918619758191e-01	1131
1.489128642855994e-01	-1.260961081833256e-01	1132
9.876249574436455e-01	-2.837608773917082e-02	1133
9.913867403406862e-01	-2.450463759983201e-02	1134
7.577883282141462e-01	-1.181997845506721e-01	1135
1.027433655048991e-01	-1.131155761743496e-01	1136
1.139982821167451e-01	-1.164893147032541e-01	1137
1.251066289718987e-01	-1.197317963279769e-01	1138
5.824326610831260e-01	-1.449587115146511e-01	1139
2.998521635800230e-02	-7.736294346055482e-02	1140
3.754516541386350e-02	-8.262040078166559e-02	1141
4.577423587898454e-02	-8.742233593781350e-02	1142
5.382646141191902e-02	-9.179812902905360e-02	1143
3.324336668200178e-01	-1.502241109770500e-01	1144
3.480240651413847e-01	-1.510123369331737e-01	1145
3.638125668456510e-01	-1.516145991933557e-01	1146
3.796898479773390e-01	-1.520734965962167e-01	1147
3.956566072370659e-01	-1.523700280627573e-01	1148
1.742654174647778e-01	-1.317655211019383e-01	1149
1.874187876233441e-01	-1.342999868073795e-01	1150
2.007905674134677e-01	-1.366591469594195e-01	1151
2.144621108113788e-01	-1.388464677606413e-01	1152
2.284126829087143e-01	-1.408887194773651e-01	1153
9.813184646582614e-01	3.022737044118209e-02	1154
9.762313686133696e-01	3.360098076258421e-02	1155
9.706451037615736e-01	3.698446081206100e-02	1156
4.755386491336204e-01	1.421858835329544e-01	1157
4.591569621140492e-01	1.423770953543056e-01	1158
4.428716907033342e-01	1.423478473241546e-01	1159
4.266271576388996e-01	1.421616055685289e-01	1160
4.104767580009688e-01	1.417852637149481e-01	1161
4.932401107155531e-02	7.558740756426313e-02	1162
4.116019388596185e-02	7.156731003837352e-02	1163
2.569081247996582e-01	1.293091033910119e-01	1164
2.425752335503851e-01	1.274899469481409e-01	1165
1.273568582284340e-01	1.039097407221021e-01	1166
1.165076129651517e-01	1.009400021654484e-01	1167
1.054928437704106e-01	9.793767810109985e-02	1168
9.189897606693864e-01	6.093481159107833e-02	1169
9.099052842315872e-01	6.449347569242182e-02	1170
9.004394277870130e-01	6.802524418155451e-02	1171
8.905278925523389e-01	7.162521312531876e-02	1172
8.802031377331127e-01	7.519202996995679e-02	1173
8.695082434894463e-01	7.876314298677153e-02	1174
8.584171322608231e-01	8.230525938255209e-02	1175
8.410631310611653e-01	8.764755053981349e-02	1176
8.229905410248260e-01	9.290347207988787e-02	1177
8.040162117173077e-01	9.803639516639291e-02	1178
7.501238103456730e-01	1.111981435621221e-01	1179
7.214196521687227e-01	1.171961898902052e-01	1180
6.916545352423237e-01	1.227063304232900e-01	1181
6.296810209764598e-01	1.318744079645009e-01	1182
5.977624389709110e-01	1.354290793203048e-01	1183
2.284216393075289e-01	1.252961804680208e-01	1184
2.147349420725219e-01	1.230270555089912e-01	1185
2.013464732730778e-01	1.205979094905435e-01	1186
1.882645808295151e-01	1.181433102394075e-01	1187
1.754161021352158e-01	1.155264871581675e-01	1188
1.628539819275429e-01	1.128069380948819e-01	1189
1.506232394775600e-01	1.099348283960860e-01	1190
3.359276365568095e-02	6.712984861056072e-02	1191
2.675167395237204e-02	6.263708417144880e-02	1192
8.242860786215317e-01	-1.018724858654267e-01	1193
8.365862504107605e-01	-9.833486423978639e-02	1194
8.485091488542428e-01	-9.478198805416221e-02	1195
4.930877909087989e-01	-1.508138187735057e-01	1196
5.175305460302843e-01	-1.495556586607282e-01	1197
2.059819830813009e-02	5.843428877633031e-02	1198
1.443073948093149e-02	5.380487580236250e-02	1199
8.986206890725160e-03	4.884782068023614e-02	1200
9.483659047026230e-02	9.447511035212226e-02	1201
8.477075327197396e-02	9.086107962505288e-02	1202
7.516847179794479e-02	8.712382852731383e-02	1203
6.599662478953397e-02	8.325766760534822e-02	1204
5.731328064040751e-02	7.929925142239920e-02	1205
3.943689936968113e-01	1.412286143168683e-01	1206
3.784802287834782e-01	1.405161110201081e-01	1207
3.626484515166696e-01	1.396684660536436e-01	1208
3.469045884236788e-01	1.386453657390119e-01	1209
9.437125577423647e-01	5.054293740803936e-02	1210
9.358917543341945e-01	5.397531068046142e-02	1211
6.144753952759321e-01	-1.416100778113760e-01	1212
6.459703528529324e-01	-1.376932511128385e-01	1213
2.428006055630952e-01	-1.427220818491708e-01	1214
2.573534591406475e-01	-1.442154628626922e-01	1215
2.718225143571335e-01	-1.456440559954653e-01	1216
2.866383184817111e-01	-1.470258087453589e-01	1217
9.998660821288924e-01	-2.564992395663059e-03	1218
9.997896662634942e-01	2.544878403222823e-03	1219
-1.020698770518791e-02	-4.520812193362905e-02	1220
-1.467374525635284e-02	3.345043863473693e-03	1221
1.000823292885819e+00	-5.403354582625425e-04	1222
9.899386997540115e-01	-3.551313500671541e-02	1223
9.981068388196058e-01	2.096502631151122e-02	1224
-1.754575071932291e-02	1.836476069816287e-02	1225
9.722962759737934e-01	4.693783903350984e-02	1226
1.001116178171825e+00	-8.260683017835535e-03	1227
9.967892348752484e-01	-2.594077335066650e-02	1228
-1.964773304288094e-02	-1.317756463339865e-02	1229
1.388913567584275e-02	-7.696429321111156e-02	1230
-6.670310595662594e-03	-5.157463395022562e-02	1231
3.300812355869612e-01	1.600649922580269e-01	1232
1.000805860850184e+00	5.661972549332130e-04	1233
-7.266563929149266e-03	4.071482655895450e-02	1234
-1.574923099524091e-02	2.400223066334057e-02	1235
-2.451665816293892e-03	-5.799373238127807e-02	1236
9.855791895675716e-01	-4.039162225482305e-02	1237
5.356566295153465e-01	-1.733961910975443e-01	1238
9.953522238073872e-01	2.521206385041194e-02	1239
3.156033255488380e-01	-1.718569147997750e-01	1240
9.557911672234664e-01	-6.449828136658611e-02	1241
9.442957785875019e-01	-7.169939290066479e-02	1242
6.335576153607722e-01	-1.637222753588657e-01	1243
9.162473212590787e-02	-1.258891544624736e-01	1244
1.701916641993104e-01	-1.505525539269436e-01	1245
-1.763114890176307e-02	-2.649310270989388e-02	1246
4.282943894651818e-01	-1.761372086098935e-01	1247
7.070288612174973e-02	-1.160114305343041e-01	1248
8.083191600611470e-02	-1.210259773588495e-01	1249
1.231730826447823e-01	1.203670548936289e-01	1250
9.878487367285511e-01	3.398422915849652e-02	1251
9.325173732504132e-01	7.005789384314058e-02	1252
-1.871566712079956e-02	1.175680424149204e-02	1253
-3.419857814623538e-03	4.632789853087391e-02	1254
9.806888843922646e-01	-4.521147475645255e-02	1255
1.000409655209860e+00	1.223045921537510e-03	1256
9.919523909217336e-01	2.963097378123962e-02	1257
-9.841776260996405e-03	-3.893064558512544e-04	1258
-1.902640679880309e-02	-2.031045649736326e-02	1259
9.992314160400153e-01	-2.140719424326930e-02	1260
7.517738309378399e-01	-1.420192852077016e-01	1261
5.055480295461818e-01	1.660112087020766e-01	1262
4.763680716945823e-01	1.657222903014119e-01	1263
1.000258831839029e+00	1.679058012194108e-02	1264
1.001104377326627e+00	1.796730716154868e-05	1265
1.000770891271682e+00	8.200500409877125e-03	1266
-1.488521050617584e-02	-4.293861221788302e-03	1267
1.000446297901737e+00	-1.211886933973425e-03	1268
2.003621506969033e-02	-8.274626490923734e-02	1269
-1.567023726402532e-02	-3.270333789476852e-02	1270
-1.319578018575099e-02	-3.888788811712880e-02	1271
5.632990277147623e-01	1.629497927877604e-01	1272
7.816009805299709e-03	-7.103534864533630e-02	1273
9.660860206082431e-01	5.119226631805775e-02	1274
9.593988731362323e-01	5.541263859651539e-02	1275
5.344408553775740e-01	1.646351134476198e-01	1276
2.990971643602833e-01	1.567534413827654e-01	1277
2.691358426216726e-01	1.525290759625625e-01	1278
7.262199948424356e-01	-1.476874313347277e-01	1279
-1.058896725318402e-02	3.510932588320365e-02	1280
-1.341274083375472e-02	2.959192737043943e-02	1281
2.124140363535221e-03	-6.419657564035983e-02	1282
8.766861213908967e-01	-1.032994635769450e-01	1283
8.982050331314311e-01	-9.466675561982497e-02	1284
6.107092952515133e-02	-1.108177448373631e-01	1285
9.180375099745794e-01	-8.565443946561258e-02	1286
9.317641251144312e-01	-7.878138799327508e-02	1287
9.752374273991044e-01	-5.005893095437957e-02	1288
1.001100075840640e+00	-1.701849821797408e-02	1289
4.612457517995550e-01	-1.757798085690239e-01	1290
9.627516385319524e-01	-5.972117955928451e-02	1291
9.692503431787759e-01	-5.489920941977104e-02	1292
1.443427406666106e-01	-1.436623449330494e-01	1293
9.937189187118930e-01	-3.072163322702649e-02	1294
7.730269734477261e-01	-1.367780957517658e-01	1295
7.968323491117413e-01	-1.303487853857207e-01	1296
1.089232363819633e-01	-1.322309623454585e-01	1297
1.259583359873754e-01	-1.379453839335153e-01	1298
5.685528177599658e-01	-1.710311543553707e-01	1299
2.720476169735432e-02	-8.900125067599600e-02	1300
3.544964755674473e-02	-9.518443571591814e-02	1301
4.369971422684912e-02	-1.003168249846733e-01	1302
5.195077328251228e-02	-1.054634124330579e-01	1303
3.471098718606518e-01	-1.740302711239589e-01	1304
3.792602573103196e-01	-1.754067756122560e-01	1305
4.036535700672016e-01	-1.760614004244160e-01	1306
1.972541903504268e-01	-1.564360611162909e-01	1307
2.254569303563202e-01	-1.616515455722135e-01	1308
9.831770257256955e-01	3.836758644132526e-02	1309
9.780032672768936e-01	4.265534219339971e-02	1310
4.432141201119210e-01	1.658086569775485e-01	1311
4.103400773612613e-01	1.651228236657635e-01	1312
3.981029257630811e-02	8.416146775666394e-02	1313
2.401067714506255e-01	1.485543211271399e-01	1314
1.067051151996815e-01	1.153099950739898e-01	1315
8.181740909773989e-01	1.147707878248926e-01	1316
9.148146917513744e-01	7.832284643064920e-02	1317
8.954064483374893e-01	8.663947350128823e-02	1318
8.743131324535053e-01	9.485687869060978e-02	1319
8.546711437038678e-01	1.027575460239402e-01	1320
8.368761586426123e-01	1.088150510849516e-01	1321
7.953698941482132e-01	1.214997905752709e-01	1322
7.682304330937777e-01	1.289422524942185e-01	1323
7.398232443092093e-01	1.359261670744805e-01	1324
7.103201043444416e-01	1.423604935167355e-01	1325
6.798106152535827e-01	1.481651201741393e-01	1326
6.484731631571640e-01	1.532482947855989e-01	1327
6.164923948324122e-01	1.575648505993328e-01	1328
5.881126183483579e-01	1.607761723716613e-01	1329
2.117175188396226e-01	1.431658847490937e-01	1330
1.848902157960302e-01	1.374240605046347e-01	1331
1.653922095396950e-01	1.327122775492906e-01	1332
1.527193554553408e-01	1.293486636831284e-01	1333
1.404606656683481e-01	1.257949230091252e-01	1334
3.156876639381627e-02	7.886663619467191e-02	1335
2.431012955831807e-02	7.344581805185268e-02	1336
8.199096621364843e-01	-1.236516844223631e-01	1337
8.416832771723205e-01	-1.157699966767180e-01	1338
8.596516745951933e-01	-1.096929014977451e-01	1339
4.861121077536427e-01	-1.749733828029301e-01	1340
5.069085814207146e-01	-1.751152322694506e-01	1341
1.802784227178415e-02	6.842161508368273e-02	1342
1.181031567755522e-02	6.331573373980962e-02	1343
5.904962661663519e-03	5.737668735894885e-02	1344
1.082277712652013e-03	5.194705497893039e-02	1345
9.528016345755794e-02	1.112292142473866e-01	1346
8.465400236141932e-02	1.068879704389796e-01	1347
7.466213190276484e-02	1.024141396475117e-01	1348
6.515093264774753e-02	9.779234119419780e-02	1349
5.614917463011347e-02	9.304085103395349e-02	1350
4.797044208690526e-02	8.856143101454959e-02	1351
3.778983401993750e-01	1.635444570259516e-01	1352
3.538423907986520e-01	1.621523968808292e-01	1353
9.522915866034543e-01	5.960937208003987e-02	1354
9.447232101464476e-01	6.377931758713828e-02	1355
6.013881596974111e-01	-1.677597261172158e-01	1356
6.651621803513478e-01	-1.590278945750299e-01	1357
6.961132484913017e-01	-1.536682268802407e-01	1358
2.550344855745584e-01	-1.655390084120747e-01	1359
2.847218008169126e-01	-1.690025612179679e-01	1360
1.001256269479371e+00	1.418274441719484e-02	1361
1.000505808947098e+00	-2.481297143086890e-03	1362
1.000286956377453e+00	-3.369623929411350e-03	1363
1.000685896156467e+00	6.713395235999488e-03	1364
3.624400981229316e-02	-1.117819407371637e-01	1365
1.001458920745343e+00	2.003462669716493e-02	1366
1.001099633141487e+00	3.694679356111892e-04	1367
1.001656201104113e+00	-9.885883359780601e-03	1368
-1.794785442287432e-02	-4.498926395131917e-02	1369
-7.323684793318439e-03	-6.625173087082480e-02	1370
1.000954298153232e+00	-6.755346986762414e-03	1371
1.001943212371941e+00	-1.430945534285258e-02	1372
-1.488238712356954e-02	4.121318482958207e-02	1373
-2.332818863333013e-02	1.576987518470974e-02	1374
-2.459384121348666e-02	-1.729963668733960e-02	1375
9.861870588093238e-01	4.715861386999259e-02	1376
7.683759716797365e-01	-1.629275070178571e-01	1377
3.404655196860830e-01	1.872387109022288e-01	1378
1.001219405447161e+00	9.825096493860186e-03	1379
9.319227206916839e-01	-9.618986916069891e-02	1380
3.442855553666612e-03	-8.139001513306654e-02	1381
4.127909982156500e-02	1.004951542185082e-01	1382
-1.158229299182929e-02	4.755094869184583e-02	1383
-1.502708521282386e-02	-5.200192980516480e-02	1384
4.161100656272468e-01	-2.035146499790662e-01	1385
9.660192569888701e-01	-7.208247111904528e-02	1386
6.536573975990588e-01	-1.879221450837376e-01	1387
5.545209007436810e-01	-1.998892666689089e-01	1388
9.932890481327336e-01	-4.306136017539496e-02	1389
9.968865394740207e-01	-3.725191310739409e-02	1390
9.323384295576843e-03	-8.771447244533789e-02	1391
1.572876864355609e-02	-9.456186261170020e-02	1392
1.000803056497175e+00	1.011096959633990e-03	1393
9.980918037773515e-01	3.077405902061226e-02	1394
1.000739603645965e+00	2.563801369862104e-02	1395
9.752075502873268e-01	5.779342916358024e-02	1396
2.815279058842279e-01	1.795296294553190e-01	1397
5.783521624112942e-01	1.890309458898421e-01	1398
7.164381366667412e-01	-1.758186588311657e-01	1399
5.829260842354197e-02	-1.268200258018695e-01	1400
1.000174728098003e+00	3.352882479165422e-03	1401
1.000425008457795e+00	2.483061013088711e-03	1402
-1.378681714288869e-02	1.354455959651967e-05	1403
9.890452412142055e-01	-4.898589741458170e-02	1404
9.809817759968511e-01	5.247797419557015e-02	1405
1.001111222825257e+00	-3.337272115966711e-04	1406
9.998444635807583e-01	-3.138616407434962e-02	1407
-2.206196663597104e-02	2.270715814733813e-02	1408
-1.147234704886331e-02	-5.924731510366411e-02	1409
5.233247366922852e-01	-2.020340064482358e-01	1410
-2.388450457691686e-02	-2.473046532524407e-02	1411
6.828468376507385e-02	-1.329015374207800e-01	1412
7.892582016093654e-02	-1.388106093699711e-01	1413
9.947471824226809e-01	3.628452712643949e-02	1414
-1.961672674294616e-02	5.827732008331299e-03	1415
9.841624807767300e-01	-5.479793067272802e-02	1416
1.002136456121214e+00	-2.598351368143650e-02	1417
7.446187193708267e-01	-1.691821636053135e-01	1418
-2.008044630057803e-02	-6.901491195344025e-03	1419
1.000834963156541e+00	-9.864922395279329e-04	1420
4.886171702286676e-02	-1.205655890997416e-01	1421
-2.246966137334496e-02	-3.148535406364952e-02	1422
-2.049212111049819e-02	-3.824300443090539e-02	1423
5.218260061612239e-01	1.926890341813141e-01	1424
-2.476357824224278e-03	-7.362361278709907e-02	1425
9.688877364537458e-01	6.305643164142609e-02	1426
5.508911601363548e-01	1.910577828040453e-01	1427
3.128053999267713e-01	1.840678586725883e-01	1428
6.055104719713633e-01	1.860433218779210e-01	1429
-1.781087766538154e-02	3.510253748046069e-02	1430
-2.020403016960655e-02	2.893551769687413e-02	1431
8.944104747324367e-01	-1.160049833475841e-01	1432
9.152208258513005e-01	-1.055545720651077e-01	1433
9.451450189206514e-01	-8.781116624925636e-02	1434
9.569975442073428e-01	-7.932251051745423e-02	1435
1.002505443651299e+00	-2.024049358087254e-02	1436
4.454060307307082e-01	-2.035721737193439e-01	1437
9.726492520424872e-01	-6.643489560209218e-02	1438
9.786887127180456e-01	-6.063443715721261e-02	1439
3.909224188630745e-01	-2.028930632834108e-01	1440
8.383078944037150e-01	-1.399041748125812e-01	1441
8.573513455051944e-01	-1.321542842349348e-01	1442
7.912192371330684e-01	-1.562046475914220e-01	1443
9.363094515864319e-02	-1.457252866139625e-01	1444
1.110602375895235e-01	-1.526132981237263e-01	1445
1.288454998666077e-01	-1.594393576579162e-01	1446
2.351003789860581e-02	-1.020390108013384e-01	1447
3.295862677193804e-01	-1.991378189244360e-01	1448
3.621825007655256e-01	-2.015036616673336e-01	1449
1.513529609279551e-01	-1.670846753167917e-01	1450
1.785437926891415e-01	-1.749268532189089e-01	1451
6.854394109699659e-01	-1.822515577217117e-01	1452
9.907838324961463e-01	4.169197687316026e-02	1453
4.912768591467861e-01	1.932146335285066e-01	1454
4.606824304582568e-01	1.930004828496088e-01	1455
1.094917593364826e-01	1.356094521493055e-01	1456
9.300433935550428e-01	8.862418645295536e-02	1457
9.114835363810913e-01	9.852946126286131e-02	1458
8.335971223600177e-01	1.326186206150752e-01	1459
8.911150902403112e-01	1.083270250840730e-01	1460
8.713465892701721e-01	1.174218003874542e-01	1461
8.519987777671804e-01	1.257032120239558e-01	1462
8.125745415116464e-01	1.399058841425422e-01	1463
7.873864139880257e-01	1.479496127037421e-01	1464
7.592902951154803e-01	1.561231032552052e-01	1465
7.299796310055299e-01	1.636785832975612e-01	1466
6.995739835943282e-01	1.705425979222482e-01	1467
6.682078387883458e-01	1.766319277504527e-01	1468
6.360930679780911e-01	1.818661274986638e-01	1469
2.520964546090133e-01	1.748196548888014e-01	1470
2.222336621147842e-01	1.691781050536497e-01	1471
1.941397370770850e-01	1.624923753344763e-01	1472
1.703732661904125e-01	1.561332383298280e-01	1473
1.478438244403174e-01	1.479466401793950e-01	1474
1.262462968868496e-01	1.416216912406731e-01	1475
2.867325897494648e-02	9.205599911840943e-02	1476
2.075859259319543e-02	8.544285690747819e-02	1477
8.148324739134785e-01	-1.486561850425759e-01	1478
8.751683067175769e-01	-1.247815245346837e-01	1479
4.748875262213793e-01	-2.030974354760142e-01	1480
4.966052994177285e-01	-2.028488157515743e-01	1481
1.417616019223777e-02	7.935659359770680e-02	1482
8.114833232840849e-03	7.377317753678178e-02	1483
1.945180676202540e-03	6.689965570066918e-02	1484
-3.196404633760929e-03	6.032583184124699e-02	1485
-7.665254512749941e-03	5.406266996131469e-02	1486
9.496263388178014e-02	1.300639351139958e-01	1487
8.347959140338050e-02	1.248366879084483e-01	1488
7.294801942389353e-02	1.194720437170933e-01	1489
6.305234652906193e-02	1.139707455197577e-01	1490
5.367694848832978e-02	1.082990752961576e-01	1491
4.271272441595994e-01	1.925384184692965e-01	1492
3.937799726866764e-01	1.911141944569381e-01	1493
3.651308168518737e-01	1.893348864848693e-01	1494
9.583621646727820e-01	7.054512421222739e-02	1495
9.450739950516033e-01	7.975624426767178e-02	1496
5.881271708138609e-01	-1.968847256166426e-01	1497
6.212608300264024e-01	-1.928144226463750e-01	1498
2.067331825089665e-01	-1.817397205142261e-01	1499
2.367706971591525e-01	-1.874936334964862e-01	1500
2.668054413045906e-01	-1.918991004606133e-01	1501
2.977267021877332e-01	-1.959046009070675e-01	1502
1.000830037711484e+00	3.070437475301567e-03	1503
1.000341207189472e+00	-5.154320596243211e-03	1504
9.996168904114308e-01	-5.748571936001707e-03	1505
1.000282394090215e+00	1.156814296404157e-02	1506
-2.727037981836521e-02	2.744899849846954e-02	1507
1.000154127968368e+00	5.113330640366211e-03	1508
-2.305438937372872e-02	4.114607525524868e-02	1509
9.773399480266071e-01	-7.879884316510279e-02	1510
1.001184882839234e+00	-7.414976944365269e-04	1511
1.003627958371302e+00	-1.633411933798674e-02	1512
1.005248674586439e+00	-1.711886423528363e-02	1513
9.936885998289794e-01	-5.798146050683293e-02	1514
1.000787240775646e+00	1.454147909537373e-03	1515
9.903877697550099e-01	5.642247842734097e-02	1516
2.633494826095749e-01	2.043506672050986e-01	1517
1.002537082841821e+00	-8.692068446328713e-03	1518
1.002079873854939e+00	-7.398414232878108e-03	1519
-1.328925438547206e-02	-7.530157934549198e-02	1520
1.001159435963550e+00	7.786113674290769e-04	1521
-1.693993593509556e-02	5.497226962525687e-02	1522
1.323970939120451e-01	-1.842392580595171e-01	1523
3.335463296026152e-02	-1.286334255979851e-01	1524
9.473219153360541e-01	-1.059011680718361e-01	1525
7.874771280895301e-01	-1.850099892349483e-01	1526
1.000810233148332e+00	-1.170509182701512e-02	1527
1.001765926462118e+00	7.397470048458464e-03	1528
1.002152675951894e+00	8.693420646637346e-03	1529
1.000834063501550e+00	-1.432151200835267e-03	1530
-2.368648494778085e-02	-5.145803413057316e-02	1531
5.672329682156750e-01	2.204889692216258e-01	1532
6.751192774964373e-01	-2.142734714417072e-01	1533
4.309832519223382e-01	-2.342138531773065e-01	1534
5.954877586967469e-01	2.177007677970665e-01	1535
9.456885364974537e-01	9.845092749055370e-02	1536
9.094119707566706e-01	1.214342351732971e-01	1537
3.242572299348659e-01	2.143927451471928e-01	1538
2.663918547516895e-02	1.081650309064184e-01	1539
5.112581835685334e-01	-2.334623411614659e-01	1540
-2.016512184720900e-02	4.777321664316018e-02	1541
1.002634659859525e+00	2.984603310911568e-02	1542
5.414630269426919e-01	-2.318766124479528e-01	1543
9.994136812586011e-01	5.669095353403470e-03	1544
1.002810275482266e+00	1.626478824837388e-02	1545
1.004370961629059e+00	1.712664314517003e-02	1546
1.000937296217238e+00	-3.059597062817499e-03	1547
-2.856509148815007e-02	2.010196424713820e-02	1548
3.511349805966805e-01	2.175596356256743e-01	1549
1.001471847154719e+00	1.989332180757574e-04	1550
1.001477891575780e+00	-1.504596173577374e-04	1551
-8.206472472591899e-03	-8.392768232555510e-02	1552
-1.742075465440922e-02	-6.740674337365599e-02	1553
4.029639000013615e-01	-2.336087407761842e-01	1554
9.978031923884422e-01	-5.089787597663916e-02	1555
1.000975585366756e+00	-4.390094535575040e-02	1556
-2.360334258661499e-03	-9.249016239536896e-02	1557
3.373195461632600e-03	-9.942918292697814e-02	1558
1.000819061426136e+00	2.085207815820513e-03	1559
9.948945047132457e-01	4.976269661235330e-02	1560
9.853144205439340e-01	6.293822214306032e-02	1561
2.941037468455326e-01	2.098075683468099e-01	1562
7.071468815523467e-01	-2.073832306538020e-01	1563
4.925477765215485e-02	-1.406054182463985e-01	1564
1.003912647759551e+00	-3.720849699805077e-02	1565
-2.088963157105136e-02	-5.930064529701409e-02	1566
-3.017493835080566e-02	-2.166227776215345e-02	1567
6.477439806554387e-02	-1.510477815318944e-01	1568
7.768778554109226e-02	-1.594741478442556e-01	1569
1.001835569210968e+00	3.677101588425034e-02	1570
-2.432590598949336e-02	9.606459304927695e-03	1571
-1.811072477272986e-02	-2.382979458160460e-03	1572
1.004292777546641e+00	-3.012505329222999e-02	1573
7.372632118080762e-01	-1.999190799485592e-01	1574
7.636845566590271e-01	-1.925207937045326e-01	1575
-1.990654907227681e-02	-4.590523083008320e-04	1576
-2.510202585772801e-02	-1.079886731184730e-02	1577
1.000888701902773e+00	-2.066194141687068e-03	1578
-2.944715038877087e-02	-2.947813565359501e-02	1579
-2.816968287063921e-02	-3.685651579450268e-02	1580
-2.616440359267997e-02	-4.424615470802160e-02	1581
5.385643910760336e-01	2.223286682310281e-01	1582
9.795714419058061e-01	6.943418969632914e-02	1583
-2.551057936040577e-02	3.432503968739177e-02	1584
9.136354354416522e-01	-1.281636855580614e-01	1585
9.323583717119468e-01	-1.164699146866238e-01	1586
9.597772928490939e-01	-9.581268366548805e-02	1587
9.700213688111711e-01	-8.641381913160566e-02	1588
9.835788053122279e-01	-7.190979727476782e-02	1589
9.889795716145651e-01	-6.494213939637257e-02	1590
8.567538468406025e-01	-1.575608863930520e-01	1591
8.352975172956270e-01	-1.671582493737951e-01	1592
9.439574085316667e-02	-1.679293688026698e-01	1593
1.119372461289437e-01	-1.755654027061541e-01	1594
1.029778468700992e-02	-1.076681972968882e-01	1595
2.084472611481952e-02	-1.181541577401597e-01	1596
3.438260528313630e-01	-2.297635025083067e-01	1597
3.752529277746506e-01	-2.322126489641618e-01	1598
1.578316526435700e-01	-1.936281306468473e-01	1599
9.984789998554013e-01	4.313171240760619e-02	1600
5.076872948615868e-01	2.234757214426637e-01	1601
4.765065193386713e-01	2.235456928650999e-01	1602
9.289440418287630e-01	1.097074890682243e-01	1603
8.895925496019836e-01	1.323587875942209e-01	1604
8.700093554219561e-01	1.424386640446276e-01	1605
8.506064708720238e-01	1.514108638293722e-01	1606
8.305965595867957e-01	1.596447660041647e-01	1607
8.071709341571902e-01	1.684496209493438e-01	1608
7.801902921093384e-01	1.776917937217200e-01	1609
7.510184232581576e-01	1.866296259736184e-01	1610
7.206536904800384e-01	1.947923959915711e-01	1611
6.892104842066520e-01	2.020922631438033e-01	1612
6.568714533111661e-01	2.084517336182383e-01	1613
6.249851926637946e-01	2.137063637027806e-01	1614
2.329932411237348e-01	1.983888592996244e-01	1615
1.516514132844564e-01	1.740377028686678e-01	1616
1.309431387501300e-01	1.659625330916735e-01	1617
2.029268829070179e-01	1.908967095049964e-01	1618
1.764175407748471e-01	1.830956963320197e-01	1619
1.108611987690925e-01	1.583161845586731e-01	1620
1.606842504227071e-02	9.877373172162751e-02	1621
8.109991265932406e-01	-1.767793113780999e-01	1622
8.748519855012625e-01	-1.489475957163066e-01	1623
8.935865412547774e-01	-1.394465441945301e-01	1624
4.609664441755226e-01	-2.341823651655477e-01	1625
4.863774007676248e-01	-2.339345472339811e-01	1626
8.943050678377709e-03	9.133481858340171e-02	1627
3.003380329871131e-03	8.506598958368361e-02	1628
-3.135503440016280e-03	7.735912123173733e-02	1629
-8.564038182252799e-03	6.955664476289815e-02	1630
-1.305949312890873e-02	6.237708486205328e-02	1631
9.500690771893992e-02	1.516915883945800e-01	1632
8.137492182883631e-02	1.445942515942888e-01	1633
7.015236928481380e-02	1.378764792297306e-01	1634
5.973066725038397e-02	1.314792345288728e-01	1635
4.981115739102674e-02	1.251205668199252e-01	1636
3.903787117290070e-02	1.174741958180659e-01	1637
4.444031938281970e-01	2.230644132947496e-01	1638
4.101691335367461e-01	2.218631510487743e-01	1639
3.785361827988578e-01	2.199101711940095e-01	1640
9.712188855112085e-01	7.747597936241668e-02	1641
9.599674065806537e-01	8.734276866171890e-02	1642
5.745256951343818e-01	-2.292348562107429e-01	1643
6.088617885690661e-01	-2.252857187120953e-01	1644
6.423691003544545e-01	-2.202430405849540e-01	1645
1.862772101305030e-01	-2.025670037930255e-01	1646
2.164126754296827e-01	-2.103358458650523e-01	1647
2.475440072641547e-01	-2.166052695051426e-01	1648
2.785092986131803e-01	-2.216484721677258e-01	1649
3.107052561204116e-01	-2.261937842944720e-01	1650
-3.455542811817480e-02	2.473898916699522e-02	1651
1.000475640027323e+00	-4.338729355760865e-03	1652
1.006105743211438e+00	3.376668981760637e-02	1653
-3.287198500177215e-02	-5.058071099278910e-02	1654
1.003522713090345e+00	1.411972344974575e-02	1655
9.999444910313474e-01	5.801824851356725e-02	1656
3.629240380175269e-01	2.515447956861023e-01	1657
8.569693474427668e-01	-1.864175219473770e-01	1658
-2.050067044780861e-02	-8.518533318025348e-02	1659
1.001246811146497e+00	1.748152438041527e-03	1660
9.629333798108789e-01	1.061982719764772e-01	1661
1.000321542897268e+00	4.316041340777314e-03	1662
-2.439010508870175e-02	3.454355450342811e-03	1663
1.003161540054524e+00	-1.007861756227667e-02	1664
1.000978135410059e+00	-3.977650262654457e-03	1665
8.335490233498121e-01	-1.977314491049832e-01	1666
-2.961219623639024e-02	1.341524970469437e-02	1667
1.001072581125920e+00	-2.619530846068820e-03	1668
1.001743768451899e+00	6.239686435473555e-03	1669
-3.057971474770159e-02	-5.827799244251874e-02	1670
8.089910215149398e-01	-2.081949235961674e-01	1671
4.463004302851226e-01	-2.684784979162960e-01	1672
9.897779964147999e-01	-8.390960154216082e-02	1673
1.357889670712633e-01	-2.125505599815874e-01	1674
4.164712232196796e-01	-2.679333988080402e-01	1675
9.959057011237840e-01	6.593950523432736e-02	1676
9.475030148745166e-01	1.197635793179507e-01	1677
5.555150499385665e-01	2.553651165798889e-01	1678
2.432014364088411e-01	2.310837900906218e-01	1679
9.506180953770792e-01	-1.264669989688609e-01	1680
-2.352946720137564e-02	6.292151754216145e-02	1681
2.117024425635637e-01	2.229590262358668e-01	1682
5.850222595716521e-01	2.529458429917008e-01	1683
1.000833140671816e+00	3.979154916090666e-03	1684
1.002698071095486e+00	1.009016195646660e-02	1685
1.002000554603153e+00	-6.227021910773428e-03	1686
1.004219698857725e+00	-1.411975962734008e-02	1687
1.005041520441103e+00	-2.329803255264436e-02	1688
1.000980766698087e+00	2.639950075301715e-03	1689
1.002241869122914e+00	1.190371282451300e-02	1690
1.001193057016451e+00	1.234747949015416e-03	1691
1.003381671736719e+00	-7.666988300398306e-03	1692
1.001306970619856e+00	-1.711867942973757e-03	1693
-2.462121489714833e-02	-7.608858311642372e-02	1694
1.001477412356230e+00	5.756870493782532e-04	1695
1.001496569335927e+00	-5.272698653953329e-04	1696
1.001887442139774e+00	3.155443379058592e-05	1697
1.001234416568892e+00	-1.197908153108772e-03	1698
9.294471177118473e-01	1.334838558565126e-01	1699
3.347989173500516e-01	2.481804815340933e-01	1700
-2.660778482835674e-02	5.477277994230685e-02	1701
-2.933467377645334e-02	4.760456438613566e-02	1702
5.285616053112234e-01	-2.672286073040931e-01	1703
1.004830392997900e+00	2.635062360963749e-02	1704
1.003801581155227e+00	2.318357699100342e-02	1705
1.002802296151428e+00	-1.194058063370419e-02	1706
1.003039647064290e+00	7.723296252192315e-03	1707
-2.798007322409307e-02	-6.703976178249697e-02	1708
1.003234188709834e+00	-5.887456275524452e-02	1709
1.006083566248307e+00	-5.050411160761935e-02	1710
-1.540505763797515e-02	-9.488455498899484e-02	1711
-6.727265915579853e-03	-1.081661902906910e-01	1712
1.629246136807021e-02	-1.357412932006574e-01	1713
3.053918704999980e-01	2.435369753727398e-01	1714
2.742866477687861e-01	2.375903631014896e-01	1715
6.983720945233782e-01	-2.427752362571810e-01	1716
1.006949269939897e+00	-4.256836940277624e-02	1717
3.040835301498709e-02	-1.483483756298616e-01	1718
4.597890039722135e-02	-1.613857729329708e-01	1719
5.968783868384232e-02	-1.721768398169603e-01	1720
-3.070063764906602e-02	-1.463328769197127e-02	1721
1.007987062053694e+00	-3.388019928378909e-02	1722
1.006266432584942e+00	-2.644204368627689e-02	1723
7.301834614508438e-01	-2.345440391298984e-01	1724
7.590729627225832e-01	-2.259842607654852e-01	1725
7.848206596318960e-01	-2.173392308244278e-01	1726
-2.520807277179214e-02	-5.260823053787621e-03	1727
-3.651735009743513e-02	-2.625918831305415e-02	1728
-3.593434922611241e-02	-3.443472065009681e-02	1729
-3.469023002433591e-02	-4.261545302579131e-02	1730
9.911145069983315e-01	7.385080998123647e-02	1731
-3.163037066007128e-02	4.016341760349067e-02	1732
-3.340044172862525e-02	3.247992310526335e-02	1733
9.338733580906815e-01	-1.396682920138656e-01	1734
9.642199468789114e-01	-1.141046520881916e-01	1735
9.752458777588792e-01	-1.024828966422930e-01	1736
9.836679329989824e-01	-9.229341822692050e-02	1737
9.952371900960061e-01	-7.547131910844034e-02	1738
9.996246920296846e-01	-6.716552261627588e-02	1739
7.577415141180972e-02	-1.829219235879948e-01	1740
9.356107212632747e-02	-1.926165981331704e-01	1741
1.123608415641126e-01	-2.017096874598864e-01	1742
4.853859677505691e-03	-1.232485005119640e-01	1743
3.570627483527911e-01	-2.640343448392332e-01	1744
3.875783054553312e-01	-2.665302617303015e-01	1745
1.004544279896404e+00	4.225484784166435e-02	1746
1.003239585517511e+00	4.996975222218329e-02	1747
5.249771563714554e-01	2.569307035633867e-01	1748
4.928772637100071e-01	2.575188997711889e-01	1749
9.099027165620576e-01	1.467795791492370e-01	1750
8.903238766865027e-01	1.589816601081595e-01	1751
8.705033941027371e-01	1.702025904669812e-01	1752
8.502584672051328e-01	1.803559953558680e-01	1753
8.281339244946722e-01	1.902676250612203e-01	1754
8.025154536349417e-01	2.006526284856143e-01	1755
7.739164673737924e-01	2.110759480983109e-01	1756
7.435098318245167e-01	2.208417553818555e-01	1757
7.118973533859422e-01	2.296439087577198e-01	1758
6.792473899602022e-01	2.373918916364870e-01	1759
6.464030281250172e-01	2.439343208902538e-01	1760
6.149643265134298e-01	2.491282441600333e-01	1761
1.325290342298584e-01	1.933037597810619e-01	1762
1.824359387877964e-01	2.137496998707718e-01	1763
1.554783376455120e-01	2.034334395890283e-01	1764
1.126131312452614e-01	1.841946205311826e-01	1765
1.122499404099059e-02	1.145220885435019e-01	1766
8.767082568001832e-01	-1.758999847295188e-01	1767
8.950653587389358e-01	-1.653936996674575e-01	1768
9.145779064292889e-01	-1.531625736249689e-01	1769
4.742957081129067e-01	-2.685192828111367e-01	1770
4.997727181647679e-01	-2.682745615317366e-01	1771
2.330590022185527e-03	1.045368872840342e-01	1772
-3.483734383640390e-03	9.688518932226341e-02	1773
-9.659427443150579e-03	8.858036955114058e-02	1774
-1.516839622186588e-02	7.968564902597496e-02	1775
-1.971126671878358e-02	7.129811623185213e-02	1776
9.410350639332016e-02	1.760837007668454e-01	1777
7.817102518461981e-02	1.673326344336884e-01	1778
6.052223706655577e-02	1.541291292788196e-01	1779
4.519485732689197e-02	1.431003577799721e-01	1780
3.416985104894884e-02	1.354903409400169e-01	1781
2.272637578748298e-02	1.258636914563201e-01	1782
4.607973880428725e-01	2.571758042937000e-01	1783
4.271019224374822e-01	2.561060596046495e-01	1784
3.932932681623811e-01	2.541574415237710e-01	1785
9.844194026507133e-01	8.286149157185377e-02	1786
9.752743145871404e-01	9.359285271276001e-02	1787
5.611809458560297e-01	-2.650062075215369e-01	1788
5.960778385203471e-01	-2.614551336987626e-01	1789
6.311040531911821e-01	-2.563710704028629e-01	1790
6.651342254012901e-01	-2.501181313872535e-01	1791
1.634524595157753e-01	-2.236437028474726e-01	1792
1.937949171655444e-01	-2.338569376522629e-01	1793
2.257419812541922e-01	-2.425454503638696e-01	1794
2.578632726818986e-01	-2.492886810347626e-01	1795
2.900757056152809e-01	-2.551478276185530e-01	1796
3.237892825435095e-01	-2.602208996385217e-01	1797
1.003974778488404e+00	-8.914972866459306e-03	1798
1.009513328186977e+00	-3.060055913808875e-02	1799
1.006540352575700e+00	6.638259584240326e-02	1800
-3.557401004015604e-02	1.739059742847859e-02	1801
-3.017917532958263e-02	6.467237494833550e-03	1802
1.010188939222795e+00	-6.688974811280808e-02	1803
6.900959724197003e-01	-2.824275947503347e-01	1804
8.584366093156683e-01	-2.189546569213797e-01	1805
3.454600373969355e-01	2.859599677763142e-01	1806
1.006634147909141e+00	3.898890566001894e-02	1807
1.003056218922300e+00	-6.746249160714066e-03	1808
1.000762340040255e+00	5.470299216173600e-03	1809
1.000972522411614e+00	-5.490340227537549e-03	1810
1.001597054146537e+00	-9.486629545572639e-04	1811
-2.092837831934945e-03	-1.406239047410337e-01	1812
1.003563261659375e+00	8.983018499210332e-03	1813
1.001904838137699e+00	-3.178430904450394e-04	1814
9.510542894033079e-01	1.437337357424926e-01	1815
1.004315110955397e+00	1.218798323475540e-02	1816
1.007151640271253e+00	2.385454318801023e-02	1817
1.004672863794774e+00	2.010913020744357e-02	1818
1.001562677207843e+00	9.992418216643248e-04	1819
9.553840112015305e-01	-1.497387219209574e-01	1820
8.803113550610734e-01	-2.061666482384974e-01	1821
-3.697170537959056e-02	-1.855888952933640e-02	1822
-3.318868059465425e-02	-8.532002426876513e-02	1823
4.914789608852374e-03	1.321100524444057e-01	1824
1.883344922916645e-01	2.484614779106883e-01	1825
1.005729223448957e+00	-2.012589810040791e-02	1826
9.808510605659313e-01	1.116013306964533e-01	1827
8.337650497815317e-01	-2.318126064799211e-01	1828
1.122133558925653e-01	-2.314739753232248e-01	1829
1.008831972949885e+00	-3.914194426242681e-02	1830
-2.920590451595276e-02	-9.577822244322776e-02	1831
4.741015016183485e-01	-3.061709128013711e-01	1832
1.007659617340195e+00	5.648506629257614e-02	1833
5.737680483858232e-01	2.920687079993101e-01	1834
1.002719669124799e+00	-8.636849665768716e-02	1835
5.479010772043165e-01	-3.045790313910427e-01	1836
-3.149335402641561e-02	7.139763033531181e-02	1837
1.330268386407449e-01	2.242583880736390e-01	1838
1.383711417069042e-01	-2.446371840298819e-01	1839
4.309623007124703e-01	-3.062435809011634e-01	1840
3.759097568886362e-01	2.896142685463612e-01	1841
-4.078938509937532e-02	-5.711137616014594e-02	1842
-3.880020714445613e-02	-6.540611357825761e-02	1843
1.001359219699766e+00	2.261107451293761e-03	1844
-2.875247781687292e-02	-6.547303339821714e-04	1845
9.675369124492519e-01	1.273498838141403e-01	1846
2.200710947462087e-01	2.589588098722306e-01	1847
1.001439347582257e+00	-2.223842794264886e-03	1848
1.004906234751686e+00	-1.212020710705397e-02	1849
-3.643519355203201e-02	-7.522221042682906e-02	1850
1.001669388605035e+00	1.445190998936538e-03	1851
1.002762535161881e+00	6.799166458750301e-03	1852
1.001892176222564e+00	3.811826713318281e-04	1853
1.001720466883310e+00	-1.392238493710995e-03	1854
-3.438844569414175e-02	6.216904495292507e-02	1855
-3.683891778976426e-02	5.434853733654259e-02	1856
1.007818147819551e+00	3.063287258842131e-02	1857
1.010801963838176e+00	-5.681344244569249e-02	1858
9.127067426193095e-02	-2.202411947058583e-01	1859
3.154913223894388e-01	2.811042275597321e-01	1860
2.842927928785737e-01	2.747790760652942e-01	1861
2.526986684326963e-01	2.675852958405424e-01	1862
1.062939632747906e-02	-1.556954986954332e-01	1863
2.509329400723494e-02	-1.698067429802577e-01	1864
3.919939847137303e-02	-1.834149673599623e-01	1865
1.014897434772935e+00	-4.747425250058088e-02	1866
1.008440502646043e+00	-2.377900485351324e-02	1867
7.236341621467741e-01	-2.734464577097232e-01	1868
7.548481216197973e-01	-2.637345652801024e-01	1869
7.829646561752588e-01	-2.537322659293711e-01	1870
8.086816483469141e-01	-2.433221019726676e-01	1871
-3.093549873225467e-02	-7.888271840420588e-03	1872
-4.235278667023634e-02	-4.855746639951528e-02	1873
-4.381340733363077e-02	-3.093364976117953e-02	1874
-4.338153562000322e-02	-3.977473834263214e-02	1875
1.002695392212741e+00	7.547827932977456e-02	1876
-3.890313154831087e-02	4.627015942321035e-02	1877
-4.048027012867731e-02	3.794883888063488e-02	1878
-4.150486605864820e-02	2.952869173306116e-02	1879
9.702871437484321e-01	-1.344958873320227e-01	1880
9.821735610826056e-01	-1.201658068566556e-01	1881
9.912595558909345e-01	-1.072130677856181e-01	1882
9.977877309244636e-01	-9.623456473002179e-02	1883
1.006793539728142e+00	-7.632262553066257e-02	1884
5.452312658592416e-02	-1.964869920621922e-01	1885
7.246079804826164e-02	-2.091760195818817e-01	1886
-2.266479476574114e-02	-1.088491812485459e-01	1887
-1.357470450677989e-02	-1.249461561419549e-01	1888
3.694044837780842e-01	-3.023346479499622e-01	1889
4.003828426179024e-01	-3.048787559117542e-01	1890
1.012276303259569e+00	4.756285350483599e-02	1891
5.427152302560289e-01	2.940677373406802e-01	1892
5.102888886294120e-01	2.951952093396740e-01	1893
9.325018335203132e-01	1.597360158206617e-01	1894
9.131363673306490e-01	1.746596191791779e-01	1895
8.933466171667683e-01	1.884210274238520e-01	1896
8.728025014104426e-01	2.011284625757971e-01	1897
8.510352504747648e-01	2.129763065571884e-01	1898
8.266458668290632e-01	2.248148957093023e-01	1899
7.989603793581773e-01	2.368495835625848e-01	1900
7.687091777521780e-01	2.485026444541774e-01	1901
7.368304974554660e-01	2.591827307990399e-01	1902
7.037470533678895e-01	2.686685130351200e-01	1903
6.700280026256025e-01	2.768149859779288e-01	1904
6.369432064414220e-01	2.834675858388594e-01	1905
6.050657904385459e-01	2.885858625194498e-01	1906
1.588531367050848e-01	2.365829547679463e-01	1907
1.116862239489900e-01	2.130458754069073e-01	1908
9.303867933292977e-02	2.037444474136965e-01	1909
9.375996535698747e-01	-1.654856055609817e-01	1910
8.993231327297394e-01	-1.939494681388604e-01	1911
9.182741715727959e-01	-1.806271475219131e-01	1912
5.159326802013722e-01	-3.063511500956018e-01	1913
-5.069306887444676e-03	1.198040369627598e-01	1914
-1.205083732391080e-02	1.092371823760967e-01	1915
-1.751825137769028e-02	1.006078208862960e-01	1916
-2.326961164736443e-02	9.061562072298988e-02	1917
-2.774083358181518e-02	8.084849344792594e-02	1918
7.440753079448430e-02	1.931274964305895e-01	1919
4.057942565940129e-02	1.654648301253775e-01	1920
2.831919442094131e-02	1.553569294556459e-01	1921
5.589137699593625e-02	1.789637674269712e-01	1922
1.629625385861564e-02	1.447837983720095e-01	1923
4.772196150055645e-01	2.952072436620842e-01	1924
4.436893263887267e-01	2.942757680484245e-01	1925
4.090627090450656e-01	2.924104922135888e-01	1926
9.977622870079446e-01	8.582618683024523e-02	1927
9.907692036293239e-01	9.763281391791208e-02	1928
5.829779791865386e-01	-3.016123655653304e-01	1929
6.195231507845019e-01	-2.967054877617427e-01	1930
6.553375389483127e-01	-2.902241284820324e-01	1931
1.683742316054771e-01	-2.575700827643682e-01	1932
2.008953684128422e-01	-2.691622424200351e-01	1933
2.345740808866600e-01	-2.787414602097887e-01	1934
2.676052062118878e-01	-2.860879509323475e-01	1935
3.015629110844366e-01	-2.928081653356404e-01	1936
3.363034987826702e-01	-2.983416560314162e-01	1937
1.399387935527711e-01	-2.809007862225619e-01	1938
1.001560155277349e+00	2.839651118574006e-03	1939
1.004784155367462e+00	-7.766608881261851e-03	1940
1.004264756219224e+00	-6.838688848862877e-03	1941
1.002110064019923e+00	-1.044891519582012e-03	1942
1.005586706057753e+00	1.383360726886639e-02	1943
9.442154651305991e-01	-1.937729440887166e-01	1944
1.001664376878041e+00	-2.798932663523067e-03	1945
1.012460557703000e+00	7.426160944771257e-02	1946
1.110268103991953e-01	-2.651898229365597e-01	1947
1.008161018013803e+00	2.050876046186624e-02	1948
1.006860604197825e+00	1.838348308421924e-02	1949
1.006278375129761e+00	-1.371779544688325e-02	1950
1.001837342424455e+00	-1.892422533544854e-03	1951
1.002950580841760e+00	-5.624701938430720e-03	1952
1.004722162634150e+00	-1.030707010298214e-02	1953
1.004230494575586e+00	1.039331240721441e-02	1954
-5.131483971512934e-02	-5.460190867584996e-02	1955
1.001946739769469e+00	7.020425265632957e-04	1956
1.616178200618824e-01	2.739707969717968e-01	1957
-1.053910494622222e-02	-1.601684929666511e-01	1958
9.252103443028894e-01	-2.105239090605520e-01	1959
8.856801876348642e-01	-2.401712752500787e-01	1960
-4.749505782320413e-02	5.256420237730407e-02	1961
5.614342070931029e-01	3.353909512749056e-01	1962
3.250176558105464e-01	3.230332346766634e-01	1963
9.782424870086114e-01	-1.572046774949244e-01	1964
7.177260790351980e-01	-3.170965184170522e-01	1965
4.139724099755248e-01	-3.477272155460425e-01	1966
-1.395953123414354e-02	1.369474354016317e-01	1967
4.971800092029416e-02	2.063589633387432e-01	1968
8.754044656151470e-02	-2.513115841588333e-01	1969
1.014165637836569e+00	6.228159392794275e-02	1970
1.015597202334121e+00	5.490836321628474e-02	1971
-3.620667169946748e-02	1.014475087617610e-02	1972
-2.239676960911163e-02	-1.430409330983315e-01	1973
6.822073399646215e-01	-3.268287384350025e-01	1974
8.618978934475858e-01	-2.553170650343946e-01	1975
3.567714168295484e-01	3.282469223998544e-01	1976
1.001772958083835e+00	5.192723023081948e-03	1977
1.001980800919991e+00	-5.166214182479001e-03	1978
1.001971190175958e+00	-6.370398481747678e-04	1979
1.004423093653713e+00	7.887940653756469e-03	1980
1.003954147799603e+00	6.946405967687454e-03	1981
1.001588698879794e+00	-3.491939342948507e-03	1982
1.008366862236544e+00	2.729003385936313e-02	1983
1.001457214684423e+00	3.522790536031610e-03	1984
9.062740660452200e-01	-2.254870004215914e-01	1985
9.623984135875184e-01	-1.755653649614448e-01	1986
-4.405047581847157e-02	-2.251529695853262e-02	1987
1.938168789567728e-01	2.875815309125710e-01	1988
1.009863366189761e+00	-2.718432213866396e-02	1989
9.741299111151135e-01	1.508509409071801e-01	1990
1.012545742175157e+00	-3.489501511787552e-02	1991
-4.320315012410420e-02	-9.497905182934713e-02	1992
5.346513116987204e-01	-3.484194347988892e-01	1993
3.900008980566186e-01	3.322005953179887e-01	1994
1.327182640103368e-01	2.592866877928937e-01	1995
-4.638226478872670e-02	-8.387885977505721e-02	1996
1.002711040742880e+00	5.687165890340967e-03	1997
-3.469560867534659e-02	1.689867542417029e-03	1998
-3.491608284984845e-02	-2.797919484916157e-03	1999
9.882321648680844e-01	1.315924873693046e-01	2000
-5.007624951630622e-02	-6.368963604731050e-02	2001
-4.849631925726317e-02	-7.284167607844992e-02	2002
1.001766824498528e+00	1.946727370568424e-03	2003
1.002357267440876e+00	4.014284293849108e-05	2004
1.002070019929099e+00	1.113646230026341e-03	2005
-4.366132863692972e-02	6.995587715003651e-02	2006
-4.574012963319608e-02	6.123276884657008e-02	2007
1.010590428934168e+00	3.503664513639940e-02	2008
2.930968887762335e-01	3.162742977601845e-01	2009
2.609763766889355e-01	3.083173811666229e-01	2010
2.277615037727641e-01	2.992400170570314e-01	2011
2.814394263435757e-03	-1.776000793988798e-01	2012
1.625267013195009e-02	-1.924740621746653e-01	2013
1.017565507898833e+00	-6.226111828298897e-02	2014
1.018592658006990e+00	-5.472660722274611e-02	2015
1.007821909613140e+00	-1.825469750700601e-02	2016
1.009249493135550e+00	-2.033035263656766e-02	2017
7.512793118917944e-01	-3.062227330216491e-01	2018
7.819810049663569e-01	-2.947090060686560e-01	2019
8.098902775516967e-01	-2.826999645364381e-01	2020
8.362046039728286e-01	-2.697586789198474e-01	2021
-3.709614442558187e-02	-1.128732311118985e-02	2022
-5.217559318090788e-02	-3.580336021127559e-02	2023
-5.201549681930641e-02	-4.524501141851308e-02	2024
-4.875856321883133e-02	4.362146626486338e-02	2025
-4.234336367561974e-02	2.146249440771741e-02	2026
-4.952354829202488e-02	3.456940147094221e-02	2027
9.909433821613849e-01	-1.395772828245218e-01	2028
1.000482960035951e+00	-1.233908847013769e-01	2029
1.007160838056650e+00	-1.092762620832090e-01	2030
1.011841654177349e+00	-9.713621651051123e-02	2031
1.013472299496719e+00	-8.490242995232825e-02	2032
1.016451641650808e+00	-7.450412321453756e-02	2033
3.085666447489288e-02	-2.080315718984645e-01	2034
4.808238364928115e-02	-2.237995636832383e-01	2035
6.737614947559524e-02	-2.384353408376631e-01	2036
-3.896849019501159e-02	-1.086210309513830e-01	2037
-3.156030977887742e-02	-1.241498503390160e-01	2038
3.816045350748301e-01	-3.451361359005110e-01	2039
5.285613205160318e-01	3.369948742218475e-01	2040
9.571709336831170e-01	1.701177747401772e-01	2041
9.386196743087573e-01	1.883640387448908e-01	2042
9.191988735823957e-01	2.052458803769568e-01	2043
8.987571874678559e-01	2.209722808630205e-01	2044
8.769734265421418e-01	2.356543467554694e-01	2045
8.532514003827351e-01	2.496622143512399e-01	2046
8.265493188318364e-01	2.636417914691856e-01	2047
7.967728922092924e-01	2.774440478849555e-01	2048
7.646838293130342e-01	2.904326201680522e-01	2049
7.310380376624914e-01	3.021263461469945e-01	2050
6.964017719058555e-01	3.123079998303585e-01	2051
6.617749821980216e-01	3.207971561531008e-01	2052
6.279250498874426e-01	3.275518590609868e-01	2053
5.944658921689900e-01	3.325158883593101e-01	2054
1.087554219380961e-01	2.452094166503886e-01	2055
8.951981473413287e-02	2.343289759044260e-01	2056
4.529294227965361e-01	-3.488075580487643e-01	2057
4.952325402278587e-01	-3.491591420141224e-01	2058
-2.222722229926816e-02	1.233677568440211e-01	2059
-2.748680986432919e-02	1.127678713102947e-01	2060
-3.294974682940149e-02	1.025910144630231e-01	2061
-3.723976934034579e-02	9.090789197169488e-02	2062
-4.096432467683880e-02	8.042425464940733e-02	2063
7.012843020987312e-02	2.223600678194391e-01	2064
2.026480862202495e-02	1.774032348965030e-01	2065
3.278149612779866e-02	1.898001197494848e-01	2066
-3.699477466145203e-03	1.510414713613260e-01	2067
8.335812152489266e-03	1.656196857252907e-01	2068
4.945015984099866e-01	3.374996777548777e-01	2069
4.601405874816281e-01	3.368248838294934e-01	2070
4.250971169594203e-01	3.350718155469015e-01	2071
1.008809597439126e+00	8.478003189610107e-02	2072
1.005916469767779e+00	9.870602577641745e-02	2073
9.986563479904040e-01	1.138886987812182e-01	2074
5.694658519472195e-01	-3.459468710795296e-01	2075
6.073870124119993e-01	-3.416299728744411e-01	2076
6.453889816219975e-01	-3.350746863705580e-01	2077
1.725421529945774e-01	-2.958479341191268e-01	2078
2.073893629266627e-01	-3.088903152099950e-01	2079
2.426154552323462e-01	-3.192362522944231e-01	2080
2.768933191844489e-01	-3.274914684039725e-01	2081
3.125954047437308e-01	-3.350406402792401e-01	2082
3.479985204277040e-01	-3.409782588419887e-01	2083
1.014176097839905e+00	-4.012502269174153e-02	2084
1.009669366308630e+00	1.813341827255393e-02	2085
1.006663259077696e+00	-1.141802142949856e-02	2086
1.013793592060593e+00	-2.985990401859739e-02	2087
1.007420964699200e+00	-1.565324453881921e-02	2088
-6.173246199945043e-02	-6.062417066255739e-02	2089
5.652076722625025e-01	3.823183946978408e-01	2090
7.485532891014947e-01	-3.539620729176846e-01	2091
3.009127953832451e-01	3.625818160933986e-01	2092
1.012122924343684e+00	3.015744840761797e-02	2093
-5.843541524086987e-02	4.934835798742659e-02	2094
6.023544800491181e-02	-2.710145274733164e-01	2095
9.543057712431803e-01	-2.243037611344676e-01	2096
1.005557071538133e+00	-6.725448757648619e-03	2097
9.723934677053236e-01	-2.036938411924516e-01	2098
1.314535842627569e-01	2.988354163629550e-01	2099
1.022128985049553e+00	-4.831001679655542e-02	2100
7.124200265450931e-01	-3.660376195193435e-01	2101
-5.793015540297383e-02	-9.308024073092855e-02	2102
1.001894451584276e+00	2.534692786271022e-03	2103
1.002434021210473e+00	6.144983076652564e-04	2104
1.002205126677744e+00	1.633610227787319e-03	2105
1.019468758570597e+00	4.878975262098158e-02	2106
-2.231947006471544e-03	1.880123196344714e-01	2107
-3.322088812103461e-02	-1.628022535523492e-01	2108
-4.284076830607825e-02	1.373300857245601e-02	2109
6.744079142528242e-01	-3.765410969601536e-01	2110
4.323671183138812e-01	-3.955027905536439e-01	2111
1.023164707890925e+00	-9.238255021428074e-02	2112
1.023826945986525e+00	-8.226662324877163e-02	2113
1.403523207733968e-01	-3.218038157024023e-01	2114
3.941845231973058e-01	-3.929695686083183e-01	2115
-2.093359468423810e-02	-1.814803291503684e-01	2116
1.021332138002762e+00	6.945514211438188e-02	2117
1.021884947070369e+00	5.996690515315065e-02	2118
9.977961544820273e-01	1.536746002555697e-01	2119
3.689453429934131e-01	3.755681678746952e-01	2120
1.001814238554137e+00	-1.608021193771870e-01	2121
-3.366990966448453e-02	1.394323826531525e-01	2122
2.305327971815113e-02	2.168233418011786e-01	2123
4.047413300932585e-01	3.797588160702042e-01	2124
1.084606442690816e-01	-3.032506804181796e-01	2125
8.215031364576832e-02	-2.862839861480944e-01	2126
1.002634916360299e+00	4.696301519424858e-03	2127
1.002455812709172e+00	-5.313601106661267e-04	2128
1.006609962221053e+00	1.580047634717140e-02	2129
8.933279231032057e-01	-2.781440160358624e-01	2130
1.002265549408642e+00	-1.561392327813484e-03	2131
1.001988781155866e+00	-2.478830739565321e-03	2132
1.010616051140173e+00	2.377171872772466e-02	2133
1.004007122005093e+00	-6.092506693580001e-03	2134
1.005520443128789e+00	-9.035709893834936e-03	2135
1.006094381260219e+00	1.158531009650514e-02	2136
1.005240508598656e+00	6.893836531685816e-03	2137
1.635771670051390e-01	3.160646181885901e-01	2138
-5.757343975044241e-02	5.892129402525614e-02	2139
3.345564522445919e-01	3.699095198030422e-01	2140
9.885889433382612e-01	-1.821443024528677e-01	2141
3.592179587235765e-01	-3.886406593656334e-01	2142
-2.509532011339084e-02	1.555940083884501e-01	2143
-5.013694104609501e-02	2.557682569230038e-02	2144
-4.397358361426766e-02	-1.461209984055459e-02	2145
1.003734810223564e+00	6.196361319592111e-03	2146
1.001717543177116e+00	-4.280478730906083e-03	2147
1.005088288348196e+00	9.177760381719505e-03	2148
1.002827797920531e+00	-4.627345891808689e-03	2149
1.002261271045116e+00	-3.215072939505891e-03	2150
1.011928267716395e+00	4.028901119123499e-02	2151
1.001551928906479e+00	4.307495345148849e-03	2152
9.158257472731175e-01	-2.604720657834705e-01	2153
9.355832723539040e-01	-2.429928319331494e-01	2154
-6.202053821565701e-02	-5.069074849310671e-02	2155
-5.214514303067578e-02	-2.645714004894668e-02	2156
1.011903341426107e+00	-2.349351340034622e-02	2157
1.002134920728806e+00	3.275333613129067e-03	2158
-4.009075231682176e-02	-3.728850956758536e-04	2159
-6.077169054170492e-02	-7.019394183514738e-02	2160
-5.980884804084875e-02	-8.062359395700659e-02	2161
-5.608758190873184e-02	6.812785415365438e-02	2162
1.985787558104465e-01	3.314901509343524e-01	2163
2.677029417324824e-01	3.537241250204016e-01	2164
2.342262418966552e-01	3.441168614877720e-01	2165
-8.339479706047193e-03	-2.006783508732461e-01	2166
1.010624825488692e+00	-1.784898900212397e-02	2167
7.820509022355721e-01	-3.408011102703297e-01	2168
8.126176496898890e-01	-3.268928872997074e-01	2169
8.408893883695322e-01	-3.120630864656777e-01	2170
8.679119262523192e-01	-2.957329238590616e-01	2171
-4.184840044628313e-02	-5.606234558174203e-03	2172
-6.178853461884987e-02	-4.070401984512148e-02	2173
-5.881125863655760e-02	3.970553044004034e-02	2174
1.011651023126234e+00	-1.408942380918430e-01	2175
1.018208885809852e+00	-1.231555903932274e-01	2176
1.020637420674525e+00	-1.075119656686299e-01	2177
1.025130089204538e+00	-5.947051620229476e-02	2178
1.025042383772962e+00	-6.911084601796176e-02	2179
4.818321805246784e-03	-2.172581675975946e-01	2180
2.085279232719148e-02	-2.355795042410123e-01	2181
3.967288610141230e-02	-2.541563955130507e-01	2182
-5.495630053894145e-02	-1.059045346990069e-01	2183
-5.009942107934023e-02	-1.232279188412658e-01	2184
-4.279073928485685e-02	-1.408883288245172e-01	2185
9.833831140303960e-01	1.764800510345111e-01	2186
9.665046184643938e-01	1.986515897075294e-01	2187
9.480479450795340e-01	2.193930563003800e-01	2188
9.282203711817101e-01	2.387633654450441e-01	2189
9.067082121887109e-01	2.569840206240651e-01	2190
8.832629057995804e-01	2.741928861500812e-01	2191
8.573116070719912e-01	2.907937971365093e-01	2192
8.282093908268016e-01	3.071608577306905e-01	2193
7.961622410301138e-01	3.229109921263179e-01	2194
7.619294852178019e-01	3.373910243817288e-01	2195
7.262734112365012e-01	3.501817232514990e-01	2196
6.900738023653045e-01	3.610459077997079e-01	2197
6.542017869916134e-01	3.698856027769948e-01	2198
6.185168114591449e-01	3.767321895289611e-01	2199
4.226843973448679e-02	2.370140219348894e-01	2200
1.040885106028085e-01	2.814146986558848e-01	2201
8.328217127793378e-02	2.681133177259825e-01	2202
4.740032794795903e-01	-3.966339884756242e-01	2203
5.161864031125522e-01	-3.966746335621080e-01	2204
-3.987470855238534e-02	1.253939424440496e-01	2205
-4.433613054731370e-02	1.150184007178446e-01	2206
-4.873884685426831e-02	1.015987085945058e-01	2207
-5.205876529177991e-02	9.006430341392402e-02	2208
-5.457074176465464e-02	7.816236030547999e-02	2209
6.363050721351146e-02	2.546990597520741e-01	2210
9.001589794540868e-03	2.012286691489104e-01	2211
-1.411739257665669e-02	1.716893800405180e-01	2212
5.129249377571290e-01	3.844154537111374e-01	2213
4.771993865720963e-01	3.841968540212402e-01	2214
4.411610984051031e-01	3.826177329355880e-01	2215
1.008611862486162e+00	1.318526281745631e-01	2216
1.019418551966748e+00	8.259603555223552e-02	2217
1.017915877660767e+00	9.403168032066253e-02	2218
1.013467852565572e+00	1.117295842936658e-01	2219
5.557912550734007e-01	-3.949676313071876e-01	2220
5.942407534857692e-01	-3.914511749166322e-01	2221
6.348729773413305e-01	-3.851663687564679e-01	2222
1.758051870077371e-01	-3.389444418683903e-01	2223
2.130785344260480e-01	-3.534507851155604e-01	2224
2.495934104364125e-01	-3.645850765299724e-01	2225
2.855862398867863e-01	-3.739716107992533e-01	2226
3.228391619634003e-01	-3.823100196165202e-01	2227
7.074841569587444e-01	-4.209010456326819e-01	2228
1.003081626695614e+00	3.741006835934508e-03	2229
-5.407301209023743e-02	1.398416329759695e-01	2230
-6.931518938880225e-02	6.534523297910148e-02	2231
-6.835605467364804e-02	7.495032001331721e-02	2232
1.012334483230922e+00	-2.043093535800847e-02	2233
-5.169377731422632e-02	-1.781608828208606e-02	2234
7.833666115204859e-01	-3.925944115124945e-01	2235
1.138563788505317e-02	2.473583584826911e-01	2236
9.038730626724329e-01	-3.202626217199252e-01	2237
1.042656017831828e-01	-3.461247958646652e-01	2238
1.009501283322175e+00	1.519705715426778e-02	2239
1.019496712148103e+00	-4.278888010861054e-02	2240
1.012371843917140e+00	2.735390536646892e-02	2241
1.007638647633962e+00	1.311294951865697e-02	2242
1.644844163564249e-01	3.633438453599236e-01	2243
1.003602536311088e+00	5.112049551839975e-03	2244
1.015559905571129e+00	3.519585000349990e-02	2245
-4.999686734428656e-02	-8.520707698048901e-03	2246
1.002917634503572e+00	2.582134624945381e-04	2247
1.002925750604717e+00	-1.565391244586621e-04	2248
1.017508423577967e+00	-3.477779091069744e-02	2249
2.728725362510770e-01	4.044534957162592e-01	2250
-7.107307595032057e-02	-1.027516946037831e-01	2251
-5.029246053646667e-02	1.716338144384833e-02	2252
-4.103671519301835e-02	6.318917652695735e-03	2253
1.033786322229265e+00	-8.797924772556365e-02	2254
1.033489305111494e+00	-7.653398768724190e-02	2255
4.099520150542256e-01	-4.464254847156371e-01	2256
7.482315969139047e-02	-3.256287032163203e-01	2257
-6.132138900616545e-02	-3.037358061378336e-02	2258
3.818489251491169e-01	4.284700104693117e-01	2259
9.788995094635167e-02	3.223052231600819e-01	2260
-3.839041935334103e-02	1.762188759594265e-01	2261
-6.968798402043108e-02	5.499192447403176e-02	2262
-2.753974995020455e-02	1.938189029538203e-01	2263
4.198807928631409e-01	4.327697127223677e-01	2264
3.081551532194157e-01	4.143120423542003e-01	2265
1.023130419348723e+00	5.535329699570240e-02	2266
7.467146505464909e-01	-4.075488787697550e-01	2267
1.001910653430411e+00	-2.089849357877155e-01	2268
5.071695240434315e-02	-3.072701761950767e-01	2269
1.013874112642835e+00	-2.701769074433229e-02	2270
1.008299791166643e+00	-1.288089685271122e-02	2271
6.465082822557848e-01	4.246882281772718e-01	2272
6.662125253270043e-01	-4.321825869694311e-01	2273
9.859556464074523e-01	-2.337745428188436e-01	2274
1.015013490981927e+00	-1.837261754857726e-01	2275
1.289841866909778e-01	3.433799460128478e-01	2276
1.002663089566376e+00	1.206586560144603e-03	2277
1.002343357392019e+00	2.180722244875653e-03	2278
1.017932879857866e+00	1.502242858366549e-01	2279
1.026126205346070e+00	-5.475516097721623e-02	2280
1.029610989446509e+00	6.520705372993228e-02	2281
1.394316903087230e-01	-3.678521041586604e-01	2282
3.704523613845036e-01	-4.417480416428805e-01	2283
1.033070977257468e+00	-6.436859848130086e-02	2284
-4.718334573337375e-02	1.567732604376533e-01	2285
-7.377454196231523e-02	-6.663654927306396e-02	2286
-7.333626796291236e-02	-7.652863774382150e-02	2287
1.002708232171693e+00	-1.115611234777737e-03	2288
1.002190262325444e+00	-3.993010917749474e-03	2289
1.003822056400484e+00	-5.004522696878055e-03	2290
1.002425966916184e+00	-2.105523845097469e-03	2291
1.011222009257853e+00	2.077466209097454e-02	2292
1.006250557065796e+00	-7.877154795777047e-03	2293
3.445055918734603e-01	4.223791422011561e-01	2294
1.005871163985092e+00	8.066694139079903e-03	2295
1.003234435125572e+00	-3.645190527797896e-03	2296
1.017125703887192e+00	4.319798423375624e-02	2297
9.282472746876521e-01	-2.992362863480348e-01	2298
9.493795633834107e-01	-2.783525060453694e-01	2299
9.682906158977045e-01	-2.569398954734297e-01	2300
-7.283180762304586e-02	-4.544536094524202e-02	2301
-7.355872692910413e-02	-5.597432071122584e-02	2302
-6.956773177097444e-02	4.475104114083907e-02	2303
1.010285725040652e+00	-1.489059404030633e-02	2304
1.002031631423167e+00	4.042696886330392e-03	2305
-7.287008154271227e-02	-8.884788147644340e-02	2306
2.021496250996040e-01	3.805515507088046e-01	2307
2.388882540961823e-01	3.939307893459476e-01	2308
-4.620002848501437e-02	-1.843383100003928e-01	2309
-3.491821701277593e-02	-2.039187902144493e-01	2310
8.169999064687702e-01	-3.764957433445199e-01	2311
8.478694013562881e-01	-3.592994848550106e-01	2312
8.767794796784540e-01	-3.405832320213747e-01	2313
-4.731459143006555e-02	-9.136900832764425e-04	2314
-5.902888127749307e-02	2.971523870453580e-02	2315
1.022081678021385e+00	-1.584185082684191e-01	2316
1.029237499837448e+00	-1.372988064043674e-01	2317
1.033346517502640e+00	-1.018440887560558e-01	2318
1.032715052117992e+00	-1.173392812020669e-01	2319
-2.273687384021300e-02	-2.251432054541275e-01	2320
2.878280305479393e-02	-2.877058112616071e-01	2321
-8.877620189394054e-03	-2.448473724083488e-01	2322
8.821440793053560e-03	-2.659506285694697e-01	2323
-6.836495821507391e-02	-1.187733626804828e-01	2324
-6.351617255866641e-02	-1.388605056871957e-01	2325
-5.631636483323312e-02	-1.594415948127253e-01	2326
1.009899071624322e+00	1.775601044067581e-01	2327
9.958956176467614e-01	2.038867011698544e-01	2328
9.794206036698659e-01	2.291563898791491e-01	2329
9.609678354525836e-01	2.529348791448769e-01	2330
9.403733095410196e-01	2.754580363715706e-01	2331
9.174764300612842e-01	2.968187904975034e-01	2332
8.920398346748211e-01	3.171401354651255e-01	2333
8.636442633131901e-01	3.367867765197936e-01	2334
8.319319776897894e-01	3.558585709278018e-01	2335
7.972924177357723e-01	3.738026626989071e-01	2336
7.605687757178496e-01	3.899510791924320e-01	2337
7.227091137184598e-01	4.039033815675546e-01	2338
6.846353059315748e-01	4.154707042519445e-01	2339
5.979730923419968e-01	4.320502734132341e-01	2340
3.246049142041436e-02	2.707711885370265e-01	2341
7.426466534954339e-02	3.055862259120586e-01	2342
4.519729592860747e-01	-4.489279078782382e-01	2343
4.953248408128626e-01	-4.499160721537818e-01	2344
-6.206953164103407e-02	1.132853145508516e-01	2345
-6.490379207293082e-02	9.983410363496620e-02	2346
-6.725582199568748e-02	8.686947979546461e-02	2347
5.401506833631970e-02	2.900869319170329e-01	2348
-4.782135232441499e-03	2.277767157179460e-01	2349
-1.633339839238258e-02	2.112775126381294e-01	2350
5.421084410176071e-01	4.360859430001113e-01	2351
4.766383673639719e-01	4.359486098817786e-01	2352
1.029428980699233e+00	7.738487450244126e-02	2353
1.029032692567994e+00	8.974041430063841e-02	2354
1.024825787641882e+00	1.252762044249531e-01	2355
1.027288723615170e+00	1.058871049183932e-01	2356
5.385910246212072e-01	-4.491881171251035e-01	2357
5.802031365860285e-01	-4.464617601378210e-01	2358
6.230675123169164e-01	-4.409756835257962e-01	2359
1.780002439463953e-01	-3.873564530487339e-01	2360
2.175230236649491e-01	-4.033270036311981e-01	2361
2.553729188472284e-01	-4.153800966423553e-01	2362
2.933874311676443e-01	-4.260430058539847e-01	2363
3.323664066108764e-01	-4.351677059540355e-01	2364
1.012383359043672e+00	1.731620651016742e-02	2365
1.025966504390889e+00	-4.306248448699820e-02	2366
1.023357938705626e+00	-3.756906944957449e-02	2367
-6.044119341916128e-02	-2.082853824420158e-02	2368
1.004909618291093e+00	-5.381314400380284e-03	2369
-8.197475367013139e-02	4.952827016988032e-02	2370
2.591072149100417e-01	4.552726404859944e-01	2371
8.232324772889470e-01	-4.321514786529668e-01	2372
3.834750729025104e-01	-5.014138998506520e-01	2373
-4.452770284069124e-02	2.169748946492860e-01	2374
-8.269045672049628e-02	6.045502883084158e-02	2375
3.953843891700883e-01	4.863496937564117e-01	2376
1.003548248409700e+00	-2.654144687622468e-01	2377
1.008664434827222e+00	-1.082107763111920e-02	2378
1.013715315993034e+00	-1.765370362665094e-02	2379
1.012880575429562e+00	-1.609983321295729e-02	2380
6.273169167257242e-02	3.474871195295366e-01	2381
-2.074829414470947e-02	2.574750671632801e-01	2382
1.003033800331232e+00	7.955714187223109e-04	2383
1.002828355397514e+00	1.801960701116257e-03	2384
1.045640790731185e+00	-1.298337423729869e-01	2385
1.007113760482886e+00	-9.232992921742754e-03	2386
1.007002177242384e+00	-6.640173662835811e-03	2387
1.006658487871112e+00	9.450001758894251e-03	2388
1.010106245879356e+00	1.279048180202178e-02	2389
1.002897745737711e+00	-1.706192388090179e-03	2390
1.003063287312815e+00	-6.895189920189590e-04	2391
-5.943995280078104e-02	-1.170391613468025e-02	2392
-5.567935847707844e-02	-2.297627616543909e-03	2393
1.250137971537539e-01	3.934371670201623e-01	2394
7.456174250853780e-01	-4.676979956909532e-01	2395
9.440402180857432e-01	-3.419678751378855e-01	2396
1.026941921300538e+00	4.897779013056006e-02	2397
-8.643811420983107e-02	-1.134060713502376e-01	2398
4.276116135392924e-01	-5.061589336076564e-01	2399
-7.681103740526346e-02	1.319768062582200e-01	2400
-8.275717861333502e-02	7.136084649181704e-02	2401
-8.256573566208961e-02	8.210331423406972e-02	2402
-2.717936568464003e-03	2.814644954935296e-01	2403
3.551110023029022e-01	4.803117498488164e-01	2404
1.042253264195997e+00	-7.013948560169000e-02	2405
1.369914937821559e-01	-4.195962681266932e-01	2406
9.178071683701439e-01	-3.667900517392961e-01	2407
9.819564129128111e-02	-3.943380183137118e-01	2408
6.529167115987518e-02	-3.698722030049845e-01	2409
3.849410679578980e-02	-3.476107292907548e-01	2410
7.024517352382280e-01	-4.824152750716461e-01	2411
7.860176127153616e-01	-4.507632756106039e-01	2412
1.495049293143568e-02	-3.246408668212242e-01	2413
1.639641023797239e-01	4.162770501050400e-01	2414
1.004143180051476e+00	4.122956002655110e-03	2415
1.004663276738698e+00	5.533528621595890e-03	2416
1.003510176730167e+00	6.241974150613350e-05	2417
-8.781522381347875e-02	-9.773283803953074e-02	2418
-5.879530431998523e-02	2.040959480408371e-02	2419
1.036727941197954e+00	1.421452867389178e-01	2420
1.043858613746774e+00	-8.198276499204611e-02	2421
9.000366742122480e-02	3.684585031224823e-01	2422
-5.444086955841197e-02	1.980776565288792e-01	2423
-7.172103036399240e-02	-3.407477890007678e-02	2424
3.153388605749702e-01	4.719588335336607e-01	2425
1.039865874958350e+00	9.916109760229580e-02	2426
1.018818928198945e+00	-2.373152316568660e-01	2427
1.015509469646036e+00	-2.300863233119112e-02	2428
1.010758734337471e+00	-1.243030235627669e-02	2429
1.032934828564101e+00	-2.089921058963259e-01	2430
1.002705358405285e+00	2.862247323639726e-03	2431
1.029589891068605e+00	-4.809762120048217e-02	2432
-6.349781397375029e-02	1.757541817159311e-01	2433
-7.038585737408200e-02	1.561933695229573e-01	2434
-8.679607586128095e-02	-6.100264431557446e-02	2435
1.002817828167168e+00	-2.776290633922861e-03	2436
1.004319512177947e+00	-3.984448790821161e-03	2437
1.014236567243624e+00	2.349248099081599e-02	2438
1.008112797197102e+00	1.109569214128764e-02	2439
1.006679152419351e+00	6.876788317199459e-03	2440
1.023586166388280e+00	4.381680944847294e-02	2441
1.021277632386416e+00	3.825949708826797e-02	2442
9.667561702673807e-01	-3.169068975697315e-01	2443
9.862630297933798e-01	-2.917480935106391e-01	2444
-8.546576205961669e-02	-4.984941917286787e-02	2445
-8.745145107509124e-02	-7.215638709783818e-02	2446
-8.781162412168748e-02	-8.313947243303699e-02	2447
2.040377014239763e-01	4.351612766622240e-01	2448
-4.009198593635448e-02	-2.516089495681074e-01	2449
8.572868262338633e-01	-4.120905370940804e-01	2450
8.887127853290820e-01	-3.903673808624306e-01	2451
-4.958380965113274e-02	7.718442025767222e-03	2452
-6.916984214866763e-02	3.369571670818459e-02	2453
1.045052301451338e+00	-9.525291494118379e-02	2454
1.037397839515743e+00	-1.762199457893151e-01	2455
1.041671332605210e+00	-1.532702035057183e-01	2456
1.046059615541879e+00	-1.100800118313296e-01	2457
-6.265371957656175e-02	-2.064976889565510e-01	2458
-5.248174626781184e-02	-2.276599469721954e-01	2459
-2.504185632580662e-02	-2.758166180979729e-01	2460
-6.479605497025694e-03	-2.994101001736550e-01	2461
-8.405008028005613e-02	-1.329360890007990e-01	2462
-7.893250745468329e-02	-1.555214372723130e-01	2463
-7.227084744110018e-02	-1.800266298847098e-01	2464
1.032049415268136e+00	1.694475659290951e-01	2465
1.022086155522275e+00	2.011504944231624e-01	2466
1.011974289584045e+00	2.326981240754277e-01	2467
9.961369640977440e-01	2.615437151199766e-01	2468
9.775077370348527e-01	2.891432547645879e-01	2469
9.559737781063434e-01	3.155729843718420e-01	2470
9.314087917975725e-01	3.408070207316651e-01	2471
9.037507450259632e-01	3.648957262836178e-01	2472
8.726416854034602e-01	3.881199348247740e-01	2473
8.379662881991297e-01	4.103032958265940e-01	2474
8.003233608585926e-01	4.307440466206809e-01	2475
7.607587689681290e-01	4.487446580215467e-01	2476
7.203025271047920e-01	4.639486859983510e-01	2477
6.791791907374330e-01	4.753156838129479e-01	2478
6.315304007444631e-01	4.863934168607484e-01	2479
4.724985493510525e-01	-5.085571833475404e-01	2480
-8.014762694829129e-02	1.098695469668108e-01	2481
-8.190226207564751e-02	9.601303263349346e-02	2482
4.124723847715170e-02	3.280326074170902e-01	2483
1.927397787596702e-02	3.073911050173796e-01	2484
-3.396306772370073e-02	2.359318137256705e-01	2485
5.750258321678978e-01	4.927585117392188e-01	2486
5.103341121694381e-01	4.947167816861093e-01	2487
4.461498466544916e-01	4.924401899563873e-01	2488
1.038546660661408e+00	7.147497653495551e-02	2489
1.039561183129880e+00	8.394831731427066e-02	2490
1.039596731067700e+00	1.174266422140541e-01	2491
5.181970149785370e-01	-5.090355740221810e-01	2492
6.567537695805080e-01	-4.944075926471058e-01	2493
5.635475914242888e-01	-5.072300742331678e-01	2494
6.094959603333067e-01	-5.028610662457883e-01	2495
1.787035213899558e-01	-4.415805630131531e-01	2496
2.203707340413351e-01	-4.590371825708460e-01	2497
2.597565001818271e-01	-4.722400139865783e-01	2498
3.002147909907952e-01	-4.843142803762607e-01	2499
3.418275223658470e-01	-4.938504709905588e-01	2500
1.014635525072513e+00	1.992194929393340e-02	2501
5.437002176607868e-01	-5.737450972652319e-01	2502
1.010334514588566e+00	1.051081764208283e-02	2503
5.327593138148112e-02	-4.196009999894042e-01	2504
1.031076261254157e+00	5.574101870933209e-02	2505
-9.758694639676667e-02	1.236674531931934e-01	2506
-9.486252365513352e-02	1.494877113302663e-01	2507
4.141352168061133e-01	5.533910536630742e-01	2508
2.326256448337242e-02	-3.925296790997208e-01	2509
1.042167082738976e+00	-5.994193138278726e-02	2510
8.693144364034859e-01	-4.710418187441481e-01	2511
-1.042639525260647e-01	-1.252817840050680e-01	2512
-9.986289001871804e-02	-5.375172002286685e-02	2513
1.191353649762546e-01	4.495426100304558e-01	2514
1.039020763170170e+00	6.139229639890134e-02	2515
1.015659421231615e+00	-2.036902484457842e-02	2516
1.008606205040308e+00	9.198730614405555e-03	2517
1.007470786490706e+00	8.152430672960172e-03	2518
1.007862523609542e+00	-7.886292297096073e-03	2519
-9.753034410837386e-02	6.563310679483672e-02	2520
4.867048499612646e-02	3.946418057093034e-01	2521
1.040065066439150e+00	-2.669581559978763e-01	2522
-7.025852998943556e-02	-2.360985917209339e-02	2523
9.637312047117454e-01	-3.888252947921694e-01	2524
-2.257871026316985e-03	-3.652229029867635e-01	2525
-8.346845811212145e-02	-3.738052556678455e-02	2526
1.614418549912386e-01	4.753667573897603e-01	2527
-7.406661946359622e-02	2.203206259564313e-01	2528
1.060514894599778e+00	-1.202193817189455e-01	2529
4.707526593223153e-01	-5.736588373016859e-01	2530
3.987172561932161e-01	-5.677903695102393e-01	2531
7.448453347475642e-01	-5.352558429792724e-01	2532
9.001060645834148e-02	-4.484795974717918e-01	2533
1.029649627807373e+00	-3.793249352289454e-02	2534
1.032756046576879e+00	-4.196161152476872e-02	2535
1.020648773184406e+00	3.262835601426865e-02	2536
1.016553018417344e+00	2.697718460330776e-02	2537
-6.947418164260448e-02	-1.533307411962994e-02	2538
-1.046468459850788e-01	-1.069808487235900e-01	2539
-8.072593239576910e-02	3.731807849340363e-02	2540
3.454794348836192e-01	5.385843919381342e-01	2541
8.314551568665706e-01	-4.945929400047412e-01	2542
1.025211766332160e+00	-2.983470229316180e-01	2543
1.006232667068863e+00	-5.521618388473730e-03	2544
1.009057442943898e+00	-8.884040017689481e-03	2545
2.337176492935110e-02	3.698191347402610e-01	2546
-3.948224948579013e-02	2.904383799867047e-01	2547
1.003721529748047e+00	3.099633274150988e-03	2548
1.003307945519300e+00	1.372182140345426e-03	2549
1.012733235432952e+00	-1.409434095985557e-02	2550
1.011976782096288e+00	1.453557211224722e-02	2551
1.005515854653723e+00	-4.303974680603595e-03	2552
1.003361165334474e+00	-1.256219669037164e-03	2553
6.964206604323355e-01	-5.514145039226541e-01	2554
1.034061497234738e+00	-5.471210017267727e-02	2555
-9.887210372408572e-02	8.967321054284187e-02	2556
1.053627357991726e+00	1.317243846228402e-01	2557
1.053096472210142e+00	-7.468943123895683e-02	2558
7.899336058422071e-01	-5.161047810890258e-01	2559
1.005970083181677e+00	5.732121301361789e-03	2560
1.005316467810537e+00	4.492036545976027e-03	2561
-6.538866021681623e-02	-3.908709776287279e-03	2562
8.010387798139026e-02	4.204585990671438e-01	2563
-9.620646299905333e-02	5.389589868758556e-02	2564
2.715018008512788e-01	5.211646437245580e-01	2565
1.058416025227392e+00	-1.017559765407966e-01	2566
1.018027564849219e+00	-2.639856885486738e-02	2567
1.022419267923384e+00	-3.191448919360324e-02	2568
1.010862559582794e+00	-1.012070548203143e-02	2569
1.048851375542427e+00	-2.345827037904139e-01	2570
1.002969570454105e+00	2.482386456278679e-03	2571
-8.269401589310746e-02	1.964514728224034e-01	2572
-8.882606508246683e-02	1.735535613122965e-01	2573
-1.018196849211608e-01	-6.567447355819973e-02	2574
1.003067555280874e+00	-2.383694257669551e-03	2575
1.003849495050390e+00	-2.973137440771561e-03	2576
1.030429124319198e+00	4.308219042507513e-02	2577
1.027540517914628e+00	3.894286188554992e-02	2578
9.880415737305863e-01	-3.588420859414547e-01	2579
1.008322223083628e+00	-3.288460461760736e-01	2580
-1.043533180314167e-01	-9.031299188813249e-02	2581
-1.030482576998076e-01	-7.707381629733570e-02	2582
-9.818797848079498e-02	7.684982972824587e-02	2583
2.127855287371954e-01	4.996816577946083e-01	2584
9.039439814805291e-01	-4.456701086987849e-01	2585
9.355056787021859e-01	-4.180984696512052e-01	2586
-5.886116518263182e-02	8.731174987696743e-03	2587
-6.840031768832254e-02	2.345230745583524e-02	2588
1.056882166558448e+00	-1.953701000080098e-01	2589
1.058410976686919e+00	-1.681882235928945e-01	2590
1.060204172313106e+00	-1.443239818313526e-01	2591
-8.294490546053987e-02	-2.289287641446341e-01	2592
-7.346676449131483e-02	-2.532606651088153e-01	2593
-6.031919771245764e-02	-2.804939803030200e-01	2594
-4.428952497813026e-02	-3.095416762686606e-01	2595
-2.514048329632630e-02	-3.363879180348335e-01	2596
-9.157217014674519e-02	-2.016359934212955e-01	2597
-1.023883268219601e-01	-1.487089859945861e-01	2598
-9.766712785987777e-02	-1.734339935615254e-01	2599
1.052419754046145e+00	1.590732796607916e-01	2600
1.047349144512145e+00	1.918832184233095e-01	2601
1.040664557127418e+00	2.247682877048534e-01	2602
1.033951970248845e+00	2.638617873937908e-01	2603
1.016706375808013e+00	2.958414821795100e-01	2604
9.979260045611441e-01	3.281072359015886e-01	2605
9.753492993828541e-01	3.593626768197651e-01	2606
9.489899942577646e-01	3.892723491318154e-01	2607
9.188483354751972e-01	4.179077520485340e-01	2608
8.846476484047535e-01	4.453652260164557e-01	2609
8.465498532809969e-01	4.711575038015448e-01	2610
8.054394800669210e-01	4.944359667212001e-01	2611
7.625038325129667e-01	5.145017163235205e-01	2612
7.164705705892285e-01	5.293481898575281e-01	2613
6.704477847749916e-01	5.440666475299734e-01	2614
-9.856323388042539e-02	1.049734831505739e-01	2615
-2.021769408022233e-02	3.188376082660245e-01	2616
2.863940892680602e-03	3.470872275512659e-01	2617
-5.436407356202692e-02	2.633555350704107e-01	2618
-6.543654832552759e-02	2.410307202322601e-01	2619
6.112702479638540e-01	5.548112874563214e-01	2620
5.455864743952188e-01	5.592239103620853e-01	2621
4.770335822363082e-01	5.587874333134771e-01	2622
1.051329913056680e+00	9.139535526990837e-02	2623
1.049242907230323e+00	7.693616440617970e-02	2624
1.055803178378012e+00	-8.757548601411543e-02	2625
1.053130065269426e+00	1.085965225777503e-01	2626
5.930264278334130e-01	-5.711965571837970e-01	2627
6.450414652683056e-01	-5.638053766930120e-01	2628
1.326296213409521e-01	-4.775799241760945e-01	2629
1.774840023143993e-01	-5.021587524299415e-01	2630
2.212226824785941e-01	-5.211674170741977e-01	2631
2.626252384365935e-01	-5.358497815595010e-01	2632
3.293764592183072e-01	-5.537386405883080e-01	2633
1.010528033296212e+00	8.469069073926732e-03	2634
-9.727805999857847e-02	-4.155028147114832e-02	2635
1.025887415600605e+00	3.490078517765599e-02	2636
1.018020260355420e+00	2.267850618235524e-02	2637
4.730878519563150e-03	-4.426026523035972e-01	2638
-8.090067977728525e-02	-2.225824102754324e-02	2639
7.947827222714807e-01	-5.895894772983533e-01	2640
-2.295959168369438e-02	-4.095779960340953e-01	2641
-6.859799490991200e-02	9.040531507685327e-03	2642
1.013622063207311e+00	-4.042289715940601e-01	2643
9.226281593733163e-01	-5.071783696023958e-01	2644
7.435310374544423e-01	-6.112317169006335e-01	2645
3.848716667720069e-02	-4.754722674641059e-01	2646
-1.249286704182004e-01	-1.384803621142068e-01	2647
1.015159108706998e+00	1.618299618720128e-02	2648
5.072652220700955e-01	-6.472618517118579e-01	2649
-1.159211236711871e-01	8.217887241087178e-02	2650
1.023465692341855e+00	-2.654296253250077e-02	2651
1.007648434302422e+00	-5.373143901389202e-03	2652
1.007384093041272e+00	5.650092130900791e-03	2653
1.006831930760492e+00	-4.350419970374739e-03	2654
-7.642028708838455e-02	-6.457517311353451e-03	2655
2.797440768154487e-03	4.166070020968511e-01	2656
6.774470054452764e-02	4.788945897277581e-01	2657
1.027778218533784e+00	-3.393838985637940e-02	2658
1.015333769835607e+00	-1.491758838800555e-02	2659
1.003519521199186e+00	2.039772711357490e-03	2660
1.013015202683710e+00	-1.147808128736253e-02	2661
-1.152813334259798e-01	-2.237718418000224e-01	2662
-1.242740957573551e-01	-1.163769977469960e-01	2663
-1.174353253821687e-01	9.751080276387211e-02	2664
-1.186762527075128e-01	1.387843144446861e-01	2665
1.003771228668706e+00	-6.796409961744467e-04	2666
1.039536439122752e+00	5.233996987753836e-02	2667
6.881078366710225e-01	-6.287574664286759e-01	2668
1.051324999224934e+00	-3.325829453823339e-01	2669
9.877829985367103e-01	-4.400232947079643e-01	2670
-1.179948521489486e-01	1.152083563686965e-01	2671
1.107651947395208e-01	5.122109961356289e-01	2672
-9.799153501746248e-02	2.424321501346673e-01	2673
1.034673460771380e+00	4.909518937527868e-02	2674
1.051301269797628e+00	-6.426648797189786e-02	2675
5.721381548328182e-01	-6.437793117032332e-01	2676
-1.161692885300030e-01	-5.715535817385265e-02	2677
1.012400996105081e+00	1.196115315089119e-02	2678
4.404519619961697e-01	6.280641318051126e-01	2679
-1.231590863272675e-01	-9.820398474159583e-02	2680
1.615216846328013e-01	5.436429969719738e-01	2681
1.072067196066892e+00	-2.580992914675213e-01	2682
1.017063798203859e+00	-1.730639053918718e-02	2683
1.009093038585148e+00	7.534214676899944e-03	2684
1.008261950583021e+00	6.779975201271515e-03	2685
1.008586699276660e+00	-6.467618128991309e-03	2686
1.009459691780782e+00	-7.185472947294123e-03	2687
3.205166606580560e-02	4.476342170183141e-01	2688
1.061943611096076e+00	-2.964229954601312e-01	2689
-4.124322012841430e-02	3.597939985279076e-01	2690
-1.976763966150318e-02	3.884503295265682e-01	2691
1.065359435633756e+00	9.871587608316708e-02	2692
1.073838128181644e+00	-1.093048281815658e-01	2693
8.843564669752405e-01	-5.370424469401160e-01	2694
1.021985847412737e+00	2.738810378824533e-02	2695
-1.123871586427124e-01	5.782770753189358e-02	2696
8.416875617243096e-01	-5.647010188376046e-01	2697
-6.177657904172603e-02	3.264688193731338e-01	2698
1.003740355586508e+00	8.136814746765102e-04	2699
1.010947541207627e+00	-8.056253371765944e-03	2700
1.004861002975501e+00	3.358142093817660e-03	2701
1.006622283127353e+00	4.597045452114561e-03	2702
1.005005465517822e+00	-3.184446525508751e-03	2703
1.042251591360324e+00	-5.080443845747847e-02	2704
1.037299438288227e+00	-4.782660069018534e-02	2705
3.662487579038053e-01	6.149458316182128e-01	2706
1.068621917025614e+00	1.199631070880113e-01	2707
1.048084229054308e+00	6.630410665593008e-02	2708
-9.431899851268397e-02	4.186938027558130e-02	2709
2.940668212290053e-01	5.960411556832025e-01	2710
-1.058293517894354e-01	2.182214311344208e-01	2711
-1.109922584308875e-01	1.916927669810076e-01	2712
-1.150396610326762e-01	1.671278726833872e-01	2713
1.003600985535488e+00	-1.917036497864776e-03	2714
1.033839281705154e+00	3.765854720599289e-02	2715
1.035870102748965e+00	-3.632303216029908e-02	2716
1.034624963990051e+00	-3.683065269371767e-01	2717
-1.209132523477895e-01	-8.190000919121637e-02	2718
-1.187797740102705e-01	-6.956659175302253e-02	2719
-1.143715948218252e-01	7.010044463700210e-02	2720
2.207474196742788e-01	5.718710028294494e-01	2721
9.573308561153125e-01	-4.746592829330361e-01	2722
-7.920825269585872e-02	2.613651563095819e-02	2723
1.077457953859960e+00	-2.198780079678450e-01	2724
1.076924881977305e+00	-1.324393863818654e-01	2725
1.079126112934431e+00	-1.828517705255736e-01	2726
1.078331910927442e+00	-1.576271136673188e-01	2727
-1.070933232510919e-01	-2.519878229264770e-01	2728
-9.796236411495729e-02	-2.814503209781248e-01	2729
-4.758108993531559e-02	-3.771339928277478e-01	2730
-8.448305690607238e-02	-3.122889666050936e-01	2731
-6.748061368895339e-02	-3.458486117845297e-01	2732
-1.230803647496767e-01	-1.652207874112797e-01	2733
-1.199423812123780e-01	-1.926490936887590e-01	2734
1.070905705168180e+00	1.463548911329927e-01	2735
1.070514281888337e+00	1.788652205132205e-01	2736
1.067826721133601e+00	2.133931868400301e-01	2737
1.064695079757237e+00	2.493073824396550e-01	2738
1.053720155045398e+00	2.953667987839046e-01	2739
1.042037263599808e+00	3.324626179965864e-01	2740
1.022522897884486e+00	3.699429589653943e-01	2741
9.989236877622319e-01	4.069875274446720e-01	2742
9.707095711129511e-01	4.425762256757230e-01	2743
9.377517816295866e-01	4.766990565364260e-01	2744
8.999841841208599e-01	5.091805856370968e-01	2745
8.579318043151011e-01	5.391752180291818e-01	2746
8.127213467206424e-01	5.657265527520347e-01	2747
7.381968004820916e-01	5.960419722766935e-01	2748
-7.811570092646523e-02	2.941732631673424e-01	2749
-8.974090265898964e-02	2.670077093982368e-01	2750
6.544742528446345e-01	6.210882237841358e-01	2751
5.841330765726653e-01	6.299657644097516e-01	2752
5.118307930022513e-01	6.319457498935008e-01	2753
1.069670232826740e+00	-9.231678271334955e-02	2754
1.061656021674451e+00	8.259305236163655e-02	2755
1.065511799126633e+00	-7.878915872315501e-02	2756
4.289163894626686e-01	-6.430433195851520e-01	2757
6.296130032020739e-01	-6.408165429940683e-01	2758
7.944379122873774e-02	-5.089318840891177e-01	2759
1.258717740310073e-01	-5.423691474912725e-01	2760
1.738479429961181e-01	-5.696780135375856e-01	2761
2.204617526164228e-01	-5.884923766584329e-01	2762
2.783132338320540e-01	-6.101582944303477e-01	2763
3.499497490166887e-01	-6.298965604180962e-01	2764
-1.254238599975594e-01	-3.114195303316634e-01	2765
9.453983586125204e-01	-5.755020244567729e-01	2766
-7.702386908882332e-02	1.309882545526296e-02	2767
8.537039255470704e-01	-6.435643726713490e-01	2768
5.442129956332961e-01	-7.274390628924031e-01	2769
1.012910927597745e+00	-9.132644390698875e-03	2770
1.015233741573778e+00	-1.304867851204256e-02	2771
1.050449409169401e+00	-5.483781087438466e-02	2772
1.006181134014889e+00	-3.312477519567249e-03	2773
1.040072874150019e+00	-4.154862426163972e-02	2774
3.906762496308613e-01	6.996086686286165e-01	2775
7.997741676549807e-01	-6.724115707538780e-01	2776
-1.443014126033982e-01	-1.059043484322178e-01	2777
-1.480673773113909e-01	-1.532823602284561e-01	2778
1.011038779979615e+00	-6.189393895088811e-03	2779
9.834992902165299e-01	-5.370825137793415e-01	2780
-6.828117195544550e-02	4.026599749385044e-01	2781
-4.717799610081885e-02	4.339529970417687e-01	2782
1.066062369645016e+00	-4.106060519931248e-01	2783
9.022518511507487e-01	-6.110283945924082e-01	2784
1.037763494971152e+00	4.303015475388877e-02	2785
1.047661050061304e+00	5.679058292237050e-02	2786
-8.149906390006348e-02	5.765145584098175e-03	2787
1.024572914715832e-01	5.838260338430242e-01	2788
1.619267545394187e-01	6.211339399443310e-01	2789
-1.469476409743551e-01	-1.265602319958966e-01	2790
1.020826428405144e+00	-2.263347762303670e-02	2791
4.637245503716244e-01	-7.264312811787363e-01	2792
1.102889802510013e+00	-2.023172128560250e-01	2793
1.102784209221343e+00	-2.427934248377945e-01	2794
1.091581239703896e+00	-3.245566263847535e-01	2795
-1.329139523258477e-01	7.370909234081069e-02	2796
1.059436295024633e+00	7.024331427524620e-02	2797
5.232871131321531e-02	5.443393806667963e-01	2798
-4.856032515877499e-02	-4.585929296810449e-01	2799
2.079557211865154e-02	-5.382206893009239e-01	2800
1.018104667322683e+00	1.864475952036058e-02	2801
-1.128830312954778e-01	-4.459511212025497e-02	2802
1.022945719142923e+00	2.258669371453810e-02	2803
-7.389272033348329e-02	-4.221439817678515e-01	2804
7.402825896463214e-01	-6.967628666008595e-01	2805
1.043916531164405e+00	-4.530909496903811e-01	2806
-1.742767354417033e-02	-4.984951730955585e-01	2807
1.019255960379657e+00	-2.018137070336399e-02	2808
-1.375499236515564e-01	-7.261045772733868e-02	2809
1.008203056707263e+00	-4.094086394637769e-03	2810
1.008904676822772e+00	5.377187132431873e-03	2811
1.004273689323622e+00	7.777964707585903e-05	2812
-1.097798363271895e-01	4.539199910996167e-02	2813
-2.100849308416870e-02	4.689329826870443e-01	2814
1.027437397606686e+00	-3.013350922141688e-02	2815
1.018487541324490e+00	-1.445372347228836e-02	2816
1.004063849663287e+00	1.503671465823340e-03	2817
1.014521189984282e+00	1.362771783033391e-02	2818
1.004416087385329e+00	2.434008919932771e-03	2819
1.079421823528830e+00	-3.673105262515982e-01	2820
1.016635008614099e+00	-4.958400836611805e-01	2821
-1.408948132052122e-01	1.262300134729287e-01	2822
6.755798956897113e-01	-7.152284368087021e-01	2823
-1.384375866996666e-01	1.055266202065569e-01	2824
1.012424326388833e+00	9.631764364496004e-03	2825
-1.412722182493804e-01	-8.729551889512271e-02	2826
-1.360878364658213e-01	8.776472141189327e-02	2827
1.098307810674281e+00	-2.853816176562274e-01	2828
1.010715286325519e+00	6.619455938279781e-03	2829
1.009160061847986e+00	-5.026875584669735e-03	2830
1.224856322408915e-02	5.070166313043520e-01	2831
-8.910587089515268e-02	-1.149885006942178e-02	2832
-9.406696079416602e-02	-2.740873657521447e-02	2833
1.062426344179761e+00	-6.710760483730799e-02	2834
1.025748712588833e+00	3.112238974440053e-02	2835
-8.798329203791398e-02	3.658302440541268e-01	2836
1.007998577107242e+00	4.405083793143967e-03	2837
1.006024290829453e+00	3.536561759600539e-03	2838
1.004124021999433e+00	-1.357369348059041e-03	2839
1.081792128902320e+00	1.071853019842083e-01	2840
3.118763043650739e-01	6.797020282604455e-01	2841
-1.318609754904382e-01	2.399437577448071e-01	2842
-1.372336289962109e-01	2.105477727652962e-01	2843
-1.396182298220690e-01	1.836819389382643e-01	2844
-1.412085548056091e-01	1.558534011739608e-01	2845
1.004517415438540e+00	-2.275650037943241e-03	2846
-1.345096626316826e-01	-5.973515665723261e-02	2847
-1.306469070720150e-01	6.099984426013152e-02	2848
2.353669979686592e-01	6.541208885123172e-01	2849
-9.225297892578058e-02	2.983219316676652e-02	2850
1.091560015864987e+00	-1.186591376864783e-01	2851
1.100029461561335e+00	-1.694732534750952e-01	2852
-1.416139936617739e-01	-2.463971328344247e-01	2853
-1.357728083952189e-01	-2.766329527379370e-01	2854
-9.471950147424203e-02	-3.846801008141015e-01	2855
-1.128053729824673e-01	-3.472505927687047e-01	2856
-1.478969222708938e-01	-1.816584779874355e-01	2857
-1.465550423340173e-01	-2.121709868872313e-01	2858
1.087219257327102e+00	1.318029902480111e-01	2859
1.096490401181676e+00	-1.439191927589307e-01	2860
1.091161841426540e+00	1.630422955539680e-01	2861
1.093043113987299e+00	1.981993480804301e-01	2862
1.093496144379511e+00	2.339738222820008e-01	2863
1.090135112544050e+00	2.799734169644609e-01	2864
1.082087434420475e+00	3.249278537831317e-01	2865
1.068058582905123e+00	3.700465988397612e-01	2866
1.052001719133181e+00	4.150013012369297e-01	2867
1.027175819132552e+00	4.585869817220135e-01	2868
9.969905838895436e-01	5.011230965532814e-01	2869
9.608680951194825e-01	5.418950340832724e-01	2870
9.189995336630090e-01	5.803238846553175e-01	2871
8.722980611264818e-01	6.152407461712914e-01	2872
8.046669360099681e-01	6.518355860075506e-01	2873
-1.056358856626183e-01	3.285312032391104e-01	2874
-1.173540314780429e-01	2.949606675365395e-01	2875
-1.262618671440376e-01	2.656395014958808e-01	2876
7.197922862021082e-01	6.851011581792511e-01	2877
6.302166262364823e-01	7.064182488232613e-01	2878
5.510733806800969e-01	7.123118516491761e-01	2879
4.727110722380829e-01	7.107897206217100e-01	2880
1.085639356470632e+00	-9.735698614178956e-02	2881
1.079707622716613e+00	-8.179522538804132e-02	2882
1.076213293001718e+00	8.782301215619934e-02	2883
6.050959834892097e-01	-7.245367676186582e-01	2884
6.545795280561009e-02	-5.765653484973021e-01	2885
1.161466100364867e-01	-6.145563823101146e-01	2886
1.703381864080320e-01	-6.449605718373393e-01	2887
3.762827993297163e-01	-7.148828304245295e-01	2888
2.232544221363740e-01	-6.683884009686351e-01	2889
2.936022948711043e-01	-6.938184268725450e-01	2890
-7.861435700322388e-02	-5.135544866119043e-01	2891
-1.008345110472071e-01	4.476399063753956e-01	2892
3.311900246933404e-01	7.735097209213013e-01	2893
1.049787467137885e+00	-4.568338915450027e-02	2894
-1.679935786072577e-01	-3.047677121099812e-01	2895
1.005612137474500e+00	-2.320577331524285e-03	2896
1.047441525487406e+00	4.766561913562421e-02	2897
4.206750221018014e-01	7.935204548271959e-01	2898
1.127556577566806e+00	-4.054895443198732e-01	2899
9.372539708768338e-02	6.653544911943914e-01	2900
5.028019648460280e-01	-8.180631114704556e-01	2901
-1.459366112701904e-01	-3.858886647565628e-01	2902
-1.304549620603255e-01	-4.667928400105665e-02	2903
1.014744049160426e+00	1.089863758871952e-02	2904
1.079683456851809e+00	-5.057370594492261e-01	2905
1.010902699449718e+00	-4.305200212735753e-03	2906
1.009627462228449e+00	-3.590508110774724e-03	2907
1.004975336013811e+00	1.690604577446106e-03	2908
1.025428454668204e+00	-2.236306852885711e-02	2909
1.028435453089358e+00	-2.500369857637260e-02	2910
7.328999996890033e-01	-7.930457523906856e-01	2911
5.788247908328188e-01	-8.139426147158778e-01	2912
1.050487135041771e+00	-5.566917731817097e-01	2913
-1.752701315900445e-01	-1.673713666759412e-01	2914
1.007375748825585e+00	-3.165806810784061e-03	2915
-1.205920270213674e-01	4.072418351167305e-01	2916
1.004603143992139e+00	-6.924658863230654e-04	2917
1.026810272830305e+00	2.595648321826433e-02	2918
1.124450603635946e+00	-3.568153876743789e-01	2919
-1.686293016533621e-01	-1.131195474564957e-01	2920
-1.374150099072370e-01	3.665560905050284e-01	2921
-1.732142755981316e-01	-1.386251137156356e-01	2922
1.032731752551986e+00	-3.159070841943543e-02	2923
-8.975734978637938e-02	1.614560728901936e-02	2924
-1.587168113070984e-01	-3.428505713698839e-01	2925
-1.275994506817132e-01	-4.269919353258209e-01	2926
1.130699938706919e+00	-2.224711372159202e-01	2927
1.072496612628768e+00	7.410884160390660e-02	2928
1.060140618554412e+00	-5.873759500104589e-02	2929
8.668386808168247e-01	-7.325719473191871e-01	2930
1.641907529146496e-01	-7.296969285027467e-01	2931
4.081524256765087e-01	-8.093437342111784e-01	2932
9.722001698819396e-01	-6.517022191274650e-01	2933
6.523690667248998e-01	-8.109465806420938e-01	2934
1.012806481967518e+00	-7.085263960690504e-03	2935
1.015305099554154e+00	-1.029119209972599e-02	2936
1.057235169453005e+00	6.114135269023398e-02	2937
1.007219985926819e+00	3.444114269916291e-03	2938
8.035282878317070e-01	-7.660082207926826e-01	2939
1.017978430677956e+00	1.472165409829387e-02	2940
1.009441585022045e+00	3.970136631801199e-03	2941
1.014665133898106e+00	-6.058013617023664e-01	2942
-1.138550951162512e-02	5.733757293315348e-01	2943
1.098991901534375e+00	-4.545733642211537e-01	2944
9.230088226991978e-01	-6.941430873719238e-01	2945
1.040967612957175e+00	3.661249841703614e-02	2946
1.042923001765477e+00	-3.492031454350546e-02	2947
-7.859639017690997e-02	4.851903406490822e-01	2948
1.132593916739872e+00	-2.672894988688550e-01	2949
3.521381459149285e-02	6.187781467637782e-01	2950
-1.057767014454251e-01	-4.708309492514917e-01	2951
-4.336849495907229e-02	-5.610787480294186e-01	2952
1.020608865732531e+00	-1.704012581975654e-02	2953
-1.070557666378734e-01	3.324694240842871e-02	2954
-4.867617996774182e-02	5.272867914532073e-01	2955
1.004569833744911e+00	8.603596264382933e-04	2956
-1.628692705669925e-01	1.129794927798490e-01	2957
-1.587246694879175e-01	9.359701173175590e-02	2958
1.010676229844644e+00	4.740481415391613e-03	2959
-1.640162562790397e-01	-9.304109366452304e-02	2960
-1.568167612472376e-01	-6.830787346937320e-02	2961
-1.272662569952019e-01	4.801495524991228e-02	2962
1.130808184650727e+00	-3.109440007363852e-01	2963
1.012428554769886e+00	7.594255044020960e-03	2964
-1.043582425919852e-01	-1.553195822198124e-02	2965
-1.084082880872090e-01	-3.009135413457193e-02	2966
1.030951751901083e+00	3.282211566749371e-02	2967
1.005503689853078e+00	2.525179620346722e-03	2968
1.005045218977231e+00	-1.506729960922025e-03	2969
-1.674224447262357e-01	2.311899891911005e-01	2970
-1.671810391430805e-01	1.405659952680763e-01	2971
-1.686168558078948e-01	1.997451701053792e-01	2972
-1.681546433946489e-01	1.712043926888106e-01	2973
-1.524738850477542e-01	6.995430509993016e-02	2974
2.482544658944568e-01	7.458999455497342e-01	2975
1.670842334046813e-01	7.101824662670452e-01	2976
-9.587246724926250e-02	1.652183004782792e-03	2977
-1.736319567170158e-01	-2.679234355580779e-01	2978
-1.771660176564581e-01	-1.979026667903393e-01	2979
-1.762475261835117e-01	-2.335937880610854e-01	2980
1.101282322463807e+00	1.159412899063467e-01	2981
1.112325930631781e+00	-1.276490361126089e-01	2982
1.109062601588441e+00	1.450921001541377e-01	2983
1.119207803803425e+00	-1.537146954355442e-01	2984
1.115596086398957e+00	1.795694818120343e-01	2985
1.125637393919250e+00	-1.836493663570631e-01	2986
1.120250725203308e+00	2.159688757951456e-01	2987
1.123053923102492e+00	2.595287226012031e-01	2988
1.121325015241917e+00	3.090019417887268e-01	2989
1.113847718571714e+00	3.597736396932179e-01	2990
1.102800492384382e+00	4.080437064026787e-01	2991
1.083158121508147e+00	4.618011538405561e-01	2992
1.060853854553942e+00	5.146462270541186e-01	2993
1.028291624816568e+00	5.653799153061352e-01	2994
9.886046458564500e-01	6.141913611323111e-01	2995
9.419996650325904e-01	6.597055472574123e-01	2996
8.778915335992227e-01	7.059324136388911e-01	2997
-1.500408200147071e-01	3.253503974741535e-01	2998
-1.586030138402862e-01	2.915135516918647e-01	2999
-1.634624935619760e-01	2.603099675151030e-01	3000
7.943778233474819e-01	7.493179045905050e-01	3001
6.965211301059453e-01	7.833676751165072e-01	3002
5.981686151299348e-01	7.999488110217249e-01	3003
5.110029998488206e-01	8.020256782742590e-01	3004
1.104100053347156e+00	-1.036417838706769e-01	3005
1.074976077332681e+00	-6.928407493463498e-02	3006
1.095902001766719e+00	-8.448777349488798e-02	3007
1.093176272683549e+00	9.353029360521635e-02	3008
-1.240799112215392e-03	-6.083953516255488e-01	3009
4.782372065037592e-02	-6.521911615073580e-01	3010
1.058247760245105e-01	-6.957952300432942e-01	3011
3.133774101129369e-01	-7.880758518606371e-01	3012
2.298904471845135e-01	-7.592469991535443e-01	3013
1.056146662091278e+00	5.143693326676759e-02	3014
1.118059788754683e+00	-5.613040010104070e-01	3015
-1.911397645478197e-01	1.225526575031883e-01	3016
1.008707640849990e+00	-2.813207556889512e-03	3017
1.170998132570730e+00	-3.778404586607296e-01	3018
1.168047251977502e+00	-3.392918709572664e-01	3019
3.556966246878306e-01	8.786256728308459e-01	3020
8.037415236000232e-01	-8.720141099332677e-01	3021
1.005511879842804e+00	9.149080111395889e-04	3022
1.006063176615933e+00	-1.402542565281996e-03	3023
1.033126158146974e+00	2.685669318312928e-02	3024
1.644701672519537e-02	7.035809681860461e-01	3025
8.798171474708104e-01	-8.334676274571011e-01	3026
1.012686986856454e+00	-5.098791091856477e-03	3027
1.017781530591321e+00	-1.174454526086062e-02	3028
2.407308551424996e-01	-8.622036929168954e-01	3029
1.089860848958051e+00	-6.227374551121355e-01	3030
1.045591863679707e+00	4.288219378445755e-02	3031
1.071285488054231e+00	-6.019292698818648e-02	3032
8.761924237834873e-02	7.594695621711796e-01	3033
9.190738673621072e-02	-7.862936382955658e-01	3034
1.023011863937254e+00	-1.939679074346831e-02	3035
1.005144618329850e+00	9.585493109964741e-05	3036
1.027614310316360e+00	2.116887309144315e-02	3037
-2.069397066918011e-01	-1.804384758861985e-01	3038
-1.244409037847923e-01	-3.105693015171416e-02	3039
1.005547928853153e+00	-7.073915398913843e-04	3040
-2.102898361850838e-01	-2.920168465272513e-01	3041
-1.092153956706118e-01	-2.479773593173742e-03	3042
2.610919728390749e-01	8.487529898252028e-01	3043
-1.390940271725726e-01	4.959954362909733e-01	3044
-1.038538702566585e-01	1.681008862100056e-02	3045
1.039060393191633e+00	-3.078400375693658e-02	3046
1.088075301916986e+00	7.759010980121603e-02	3047
4.573767920458139e-01	8.973726150731097e-01	3048
-8.155288542249461e-02	5.927103888032337e-01	3049
-1.132512860789846e-01	-5.754861500253552e-01	3050
-1.996727009443287e-01	1.848862396676449e-01	3051
-2.051370343742664e-01	-3.336122998605232e-01	3052
7.147233999901581e-01	-9.011734391182185e-01	3053
1.598315768613385e-01	-8.264669711902705e-01	3054
-1.422841223952206e-01	-5.235494532284468e-01	3055
4.460404432359246e-01	-9.137284953147463e-01	3056
-1.975729932673736e-01	-3.773487936064743e-01	3057
1.017129543251134e+00	1.246248822527523e-02	3058
1.008563321771720e+00	3.153801877543245e-03	3059
1.021941707710794e+00	-1.378122046972744e-02	3060
9.461564300612831e-01	-7.879108683560845e-01	3061
-2.114153553935196e-01	-2.532003137977671e-01	3062
1.006705932766931e+00	-2.261553785378911e-03	3063
-1.592014585071706e-01	4.514316839082406e-01	3064
1.021169712209441e+00	1.657732933533684e-02	3065
1.029733615820322e+00	-2.047244107993269e-02	3066
1.167768576855833e+00	-2.904110726743447e-01	3067
-1.876006978533029e-01	3.595742669080472e-01	3068
-1.746275813677267e-01	4.059558083899215e-01	3069
-1.500738325300147e-01	-4.770706931506751e-02	3070
-1.831043222190848e-01	-4.267016256006956e-01	3071
1.058590415021126e+00	-4.906667326914341e-02	3072
3.391402950252210e-01	-8.938226034222061e-01	3073
1.003136830861686e+00	-7.369669627571456e-01	3074
5.829262807404433e-01	-9.159124695051906e-01	3075
1.014894369905879e+00	-8.010220611447951e-03	3076
1.068521558266379e+00	6.326250845010171e-02	3077
1.010989208786377e+00	-2.654430953321494e-03	3078
1.050993764988156e+00	-6.816923739815571e-01	3079
-3.827478531736871e-02	6.484429101752398e-01	3080
1.157406030540818e+00	-4.557820307957003e-01	3081
1.141493752812671e+00	-4.995237283753406e-01	3082
1.034728915076129e+00	-2.558589888967422e-02	3083
-1.147026600441679e-01	5.430012815279088e-01	3084
-1.664608499565397e-01	-4.731987583452937e-01	3085
-1.817815858207369e-01	-7.428783823636409e-02	3086
-1.469482017384776e-01	4.962518285975590e-02	3087
1.010844426131689e+00	3.101639985225333e-03	3088
1.012413151172755e+00	5.613659756685163e-03	3089
-1.846339761017885e-01	9.804892252566379e-02	3090
-1.898842532171744e-01	-9.751532592277340e-02	3091
-1.963107908316380e-01	1.547743426634883e-01	3092
-1.237662152065708e-01	3.563656946666612e-02	3093
1.014458445256006e+00	8.614430321110438e-03	3094
-1.207171512512254e-01	-1.892349776367014e-02	3095
1.037327574220885e+00	3.232631969489883e-02	3096
1.005994600329753e+00	1.630419721883088e-03	3097
1.006595556070011e+00	2.514257790058189e-03	3098
-1.966502447368516e-01	-1.210304429330554e-01	3099
-2.023634636708974e-01	-1.507811288110645e-01	3100
-2.020368660840647e-01	2.167354893021682e-01	3101
-1.773769266612042e-01	7.581586490619735e-02	3102
1.723981823871281e-01	8.104444446681498e-01	3103
-2.112761760236041e-01	-2.162988207269842e-01	3104
1.124135470822517e+00	1.256280153782014e-01	3105
1.136018083094366e+00	-1.352545038025323e-01	3106
1.135000836861346e+00	1.582373167904195e-01	3107
1.145900573287328e+00	-1.635171038891010e-01	3108
1.144322998388348e+00	1.946092235265181e-01	3109
1.155376248623070e+00	-1.993560626567996e-01	3110
1.152460546645782e+00	2.360263338621282e-01	3111
1.163477346552907e+00	-2.433563444612629e-01	3112
1.157606264860077e+00	2.857671763458277e-01	3113
1.157862596310360e+00	3.405688179126430e-01	3114
1.152907115893300e+00	3.943477537139154e-01	3115
1.140729783205704e+00	4.525894753230740e-01	3116
1.124036769803916e+00	5.104121734431506e-01	3117
1.096693367822887e+00	5.736170758495409e-01	3118
1.064971920917364e+00	6.358503246597208e-01	3119
1.021377268763045e+00	6.943922394156321e-01	3120
9.610520565147589e-01	7.535020378061839e-01	3121
-1.951124383834886e-01	3.188141725039245e-01	3122
-1.999005426582048e-01	2.820276780476158e-01	3123
-2.016576272963718e-01	2.506260062294375e-01	3124
8.795167041040487e-01	8.104730500829191e-01	3125
7.783192147808375e-01	8.592136533931640e-01	3126
6.648865231774478e-01	8.912904584827860e-01	3127
5.577873719926930e-01	9.019756821987728e-01	3128
1.125595840008941e+00	-1.096140324024470e-01	3129
1.089567269406803e+00	-7.041876706840007e-02	3130
1.114600839879166e+00	-8.775660760552326e-02	3131
1.113107098831940e+00	9.913339469704975e-02	3132
-7.415863857159100e-02	-6.302778462626769e-01	3133
-2.752467571963715e-02	-6.865719805621781e-01	3134
2.832652728873832e-02	-7.377900659692034e-01	3135
1.048915389712163e+00	3.564239529784111e-02	3136
9.706669351947648e-01	-8.943672164921458e-01	3137
1.006553589898215e+00	-5.003611566353678e-04	3138
1.017586708508923e+00	-8.817018143445371e-03	3139
-1.860704665367497e-01	-5.815716333027255e-01	3140
-6.828651993522480e-02	7.338599684340114e-01	3141
1.024168527764184e+00	1.822676200371147e-02	3142
1.188002700703191e+00	-5.522037048151632e-01	3143
1.132896036170104e+00	-6.930817135790071e-01	3144
1.035598104412899e+00	-1.971842764451546e-02	3145
-1.404256470887195e-01	-2.542249855274174e-02	3146
-1.196747686230444e-01	1.520416191221170e-02	3147
-1.189645832183714e-01	6.671618646695813e-01	3148
-1.904285986780260e-03	8.014775148438424e-01	3149
2.775454632369945e-01	9.645296064919171e-01	3150
1.066291279184051e+00	5.521689826927020e-02	3151
3.722011404976989e-01	-1.011752082554912e+00	3152
2.572604571564401e-01	-9.785612552692609e-01	3153
-2.519354527415033e-01	-2.734449433550171e-01	3154
1.014342948057686e+00	6.457044312351664e-03	3155
1.024310883921273e+00	-1.622858054256983e-02	3156
-2.377967723278798e-01	3.478872891493026e-01	3157
7.939273241327004e-01	-9.925456521500753e-01	3158
1.014663204270303e+00	-5.851234139484410e-03	3159
1.021541214247948e+00	2.041450986059542e-02	3160
-1.840300042970031e-01	5.495676157284902e-01	3161
1.045511504157363e+00	-2.860414918867967e-02	3162
-2.516885777026036e-01	-3.179045966761193e-01	3163
-2.435594294991457e-01	-1.938651535730188e-01	3164
1.017096519194660e+00	9.548006544163693e-03	3165
-1.735984770688745e-01	-5.067765403517674e-02	3166
-2.041994093431184e-01	4.988220819840977e-01	3167
1.106097105974514e+00	8.117364676430711e-02	3168
1.203406320716925e+00	-4.971339841564559e-01	3169
1.214725165892750e+00	-4.253219067270744e-01	3170
1.151025478011740e+00	1.349852352503263e-01	3171
-2.359098042456917e-01	1.981635205208223e-01	3172
3.875960759748846e-01	9.959312251989066e-01	3173
1.068841856898406e+00	-5.241196205550497e-02	3174
1.083809565618493e+00	-6.039447294380526e-02	3175
5.005299069557870e-03	-8.335720068062631e-01	3176
-2.489789698292836e-01	-3.633044182491336e-01	3177
1.166403746073623e+00	-6.203179986505513e-01	3178
5.032808657938758e-01	1.011630001926951e+00	3179
8.903730885303360e-01	-9.483971928450257e-01	3180
1.010041657125900e+00	-2.166732918724716e-03	3181
1.012568316789812e+00	-3.567410423024790e-03	3182
1.052445876517168e+00	-3.639829822673495e-02	3183
1.057064887026737e+00	-3.971827243333353e-02	3184
1.589234558133786e-01	-9.370937104293257e-01	3185
1.020657359886147e+00	1.281920702842026e-02	3186
1.006130125194171e+00	1.169173580985465e-04	3187
-1.425387157644854e-01	3.679787217363738e-02	3188
8.201616864693097e-02	8.664917657895170e-01	3189
-2.284583183357905e-01	-4.687156922712454e-01	3190
-2.194115544697146e-01	4.467593518871072e-01	3191
7.678094245753586e-02	-8.886502325049374e-01	3192
6.611038868884311e-01	-1.021135006060148e+00	3193
-2.105607415301654e-01	-5.248783650685176e-01	3194
1.009924150515602e+00	2.571474707365769e-03	3195
1.043897661786750e+00	3.047367922484770e-02	3196
1.007940608427373e+00	-2.048874263987685e-03	3197
1.007198840537209e+00	-1.224018949793646e-03	3198
1.027210986512353e+00	-1.843489031781056e-02	3199
1.214608136677540e+00	-3.548377640830308e-01	3200
1.208818016775740e+00	-3.144115319588285e-01	3201
-2.299989798667076e-01	3.965936270795055e-01	3202
-2.421043827739298e-01	-4.167585716774042e-01	3203
1.037934664736913e+00	-8.328874785051166e-01	3204
5.125516352047538e-01	-1.027248615734928e+00	3205
1.081466650052052e+00	6.472409581129845e-02	3206
1.092704881533616e+00	-7.658317337569405e-01	3207
-1.559529859812539e-01	6.069014089104903e-01	3208
-2.360666247246348e-01	-1.605195888298162e-01	3209
1.012372701306696e+00	4.083826231351864e-03	3210
-1.701826170674477e-01	5.288947341334328e-02	3211
-2.096088534058648e-01	-7.745998802958710e-02	3212
-2.144127651004802e-01	1.031153126838362e-01	3213
-2.301389847438535e-01	1.661173086823646e-01	3214
-1.288982250092488e-01	-8.191426405069202e-04	3215
1.039633981727652e+00	2.624235688032153e-02	3216
1.041142873368347e+00	-2.462940043266136e-02	3217
1.006524925420208e+00	7.521352981142680e-04	3218
1.007135058895563e+00	1.502476156493492e-03	3219
1.007835662530709e+00	2.357601759299633e-03	3220
-2.194016637444448e-01	-1.015694664370138e-01	3221
-2.281669907421683e-01	-1.302008545556702e-01	3222
-2.229380601969246e-01	1.337878912466333e-01	3223
-2.051431076071860e-01	7.886276225198818e-02	3224
1.773330758302235e-01	9.230573125328360e-01	3225
-2.490155679513574e-01	-2.343137732310575e-01	3226
1.163405928227017e+00	-1.414227324311961e-01	3227
1.165043699638676e+00	1.701355068685939e-01	3228
1.176820260675842e+00	-1.743651996745186e-01	3229
1.178261782327825e+00	2.096999027825209e-01	3230
1.190319287250182e+00	-2.154834013950382e-01	3231
1.189848736239359e+00	2.575662793163169e-01	3232
1.201342007816101e+00	-2.634385792561514e-01	3233
1.198247608878485e+00	3.132501756411871e-01	3234
1.200857928763460e+00	3.718945599883713e-01	3235
1.197242997707470e+00	4.342486792252264e-01	3236
1.187455499052213e+00	4.976282059649778e-01	3237
1.168413004638575e+00	5.673269769471042e-01	3238
1.143088416800750e+00	6.366767509738408e-01	3239
1.104216858864874e+00	7.106837969352976e-01	3240
1.054221151725064e+00	7.882388183540298e-01	3241
-2.396541339872628e-01	2.340577650559925e-01	3242
-2.407413109965210e-01	3.060927452356088e-01	3243
-2.415691851052857e-01	2.686306871240864e-01	3244
9.770231915929258e-01	8.628877610840797e-01	3245
8.753435660788509e-01	9.303641605023873e-01	3246
7.524656991773216e-01	9.821423664540558e-01	3247
6.232942463195511e-01	1.008727824072623e+00	3248
1.149976966778389e+00	-1.145551440041838e-01	3249
1.106698955280779e+00	-7.136262159665217e-02	3250
1.136272502650913e+00	-9.046730962416362e-02	3251
1.136401605133300e+00	1.051502651266522e-01	3252
-1.537803912480039e-01	-6.451529254474823e-01	3253
-1.111214200705144e-01	-7.076993229096346e-01	3254
-5.742594890186030e-02	-7.745751295521163e-01	3255
-2.927202521778853e-01	-2.504036870960213e-01	3256
-2.766455276900274e-01	2.120005631620881e-01	3257
5.916833163278631e-01	-1.149675791018354e+00	3258
1.075957277690498e+00	-9.416783904955578e-01	3259
-9.959592062225359e-02	8.319599765011143e-01	3260
-2.994393786146998e-01	-3.965085394054979e-01	3261
-2.349022693086450e-01	6.104529275397265e-01	3262
4.297233218599070e-01	1.126088847967739e+00	3263
1.055081507356824e+00	4.208850698876849e-02	3264
1.009204936549309e+00	-1.548126370379445e-03	3265
1.012599169715712e+00	-1.691223840802864e-03	3266
1.066517174642843e+00	-4.246042052559520e-02	3267
-2.140755345496032e-02	-9.415505121790974e-01	3268
2.812993621328482e-01	-1.109515461150229e+00	3269
4.284741236188713e-01	-1.142399156362758e+00	3270
1.025555396930161e+00	-1.264870649821296e-02	3271
-2.033758379004852e-01	6.780411222156626e-01	3272
-9.207831795164627e-02	-8.730955578995147e-01	3273
1.019777784020729e+00	1.096996101245990e-02	3274
1.020349892271711e+00	-1.011360737816151e-02	3275
1.844554410391450e-01	1.049900436848339e+00	3276
1.016954152214453e+00	-6.703644044789284e-03	3277
-1.635314827551454e-01	3.653585520633128e-02	3278
-1.990758737097682e-01	-5.295775375227710e-02	3279
-2.880692709839549e-01	3.305188788336807e-01	3280
1.028455742926528e+00	1.672639128513627e-02	3281
-2.407859011834997e-01	-7.867757326131380e-02	3282
1.064496891363746e+00	4.468892942022561e-02	3283
-2.747031395775638e-01	-1.690636182984584e-01	3284
-2.688155508706089e-01	1.756199821377724e-01	3285
3.008495246025349e-01	1.094778363468758e+00	3286
-2.613928557663797e-01	-5.800050551416738e-01	3287
1.181957144591119e+00	1.432434935932477e-01	3288
1.186700298645329e+00	-7.698446135801242e-01	3289
5.671010424231567e-01	1.135292148530259e+00	3290
-2.846541516475475e-01	-2.086027253304955e-01	3291
1.127351915455304e+00	8.448067434084394e-02	3292
1.631418456236828e-01	-1.063396554548840e+00	3293
-2.369740957866123e-01	-6.468306586547048e-01	3294
1.097755061984131e+00	-5.902307496984800e-02	3295
9.945185852435620e-01	-1.016193964388936e+00	3296
-2.060461149881328e-02	9.135917834155598e-01	3297
1.244049918575125e+00	-6.071252128017471e-01	3298
1.034818476366253e+00	2.113202918316743e-02	3299
-1.608652243853428e-01	7.523561614220963e-01	3300
1.077792045910002e+00	5.637993584197327e-02	3301
1.016580415252202e+00	7.416145010272232e-03	3302
1.024238599838641e+00	1.432959545399291e-02	3303
1.031075242855346e+00	-1.621784658162479e-02	3304
1.028019133288338e+00	-1.434662233186314e-02	3305
-2.862548369689234e-01	3.807463276786735e-01	3306
7.537135370409095e-01	-1.129474044576258e+00	3307
1.014464782336944e+00	-4.194031231582536e-03	3308
1.047385678452205e+00	-2.213405561536569e-02	3309
-2.979340192617508e-01	-2.955781762885687e-01	3310
-2.559596570416212e-01	5.490775327194951e-01	3311
1.257531474168709e+00	-5.417373936430944e-01	3312
1.266136743258636e+00	-4.699888745932468e-01	3313
1.080269637709308e+00	-5.310875283170543e-02	3314
-3.000501011388189e-01	-3.431918745863267e-01	3315
1.219446470095626e+00	-6.884984674892999e-01	3316
8.925723062764076e-01	-1.080505007981646e+00	3317
1.012498843593889e+00	2.214906743459634e-03	3318
6.268678722724638e-02	-1.005568586256314e+00	3319
-1.363650419858734e-01	1.736991100228513e-02	3320
7.572429871510804e-02	9.874110703909473e-01	3321
-2.920972749909067e-01	-4.572665026035699e-01	3322
-2.714531919649928e-01	4.904968235653905e-01	3323
-2.805159333098314e-01	-5.157674067784290e-01	3324
1.046044381012267e+00	2.408730458613467e-02	3325
1.051298388157215e+00	2.836349538796519e-02	3326
1.008418619735547e+00	-8.743048672282830e-04	3327
1.265813959270454e+00	-3.896505792695014e-01	3328
-2.805650494585655e-01	4.336806217038932e-01	3329
1.098194658970622e+00	6.541929877155239e-02	3330
1.136076883274097e+00	-8.568049916833556e-01	3331
-1.501646589626358e-01	-5.992621674869848e-03	3332
1.014231063628072e+00	4.798032952288668e-03	3333
-1.684002869830797e-01	-2.229963599755745e-02	3334
-1.953534530321936e-01	5.504433515749421e-02	3335
-2.591937209278352e-01	1.425265275076223e-01	3336
1.041839450246927e+00	-1.823188928680744e-02	3337
1.007531699773874e+00	2.260526878765673e-04	3338
1.008368119282248e+00	1.208217301140662e-03	3339
1.009120037978067e+00	1.916270440856273e-03	3340
-2.639766242611380e-01	-1.368387423744172e-01	3341
-2.530741053349355e-01	-1.067349076966245e-01	3342
-2.485093343702663e-01	1.099694309555546e-01	3343
-2.364796656043401e-01	8.060184521592850e-02	3344
1.200104688723302e+00	1.806633235466446e-01	3345
1.194907292825645e+00	-1.476553639546604e-01	3346
1.212994287682595e+00	-1.850794323006283e-01	3347
1.217618672428963e+00	2.257821780256472e-01	3348
1.256742886180638e+00	-3.279505845271514e-01	3349
1.230417454695454e+00	-2.313132710682184e-01	3350
1.233721427972954e+00	2.797155020159858e-01	3351
1.245445376874950e+00	-2.827869803235961e-01	3352
1.245164117945541e+00	3.408091062255262e-01	3353
1.250907969093736e+00	4.063375077763914e-01	3354
1.249898012144605e+00	4.750678928055098e-01	3355
1.240179711584053e+00	5.497127949305226e-01	3356
1.222864770331155e+00	6.267306655250462e-01	3357
1.192938441017704e+00	7.102494586854678e-01	3358
1.151770339203561e+00	7.964396189946116e-01	3359
-2.829107178403754e-01	2.489951153834546e-01	3360
-2.874221625546802e-01	2.884039242428241e-01	3361
1.086297587822562e+00	8.986155362356579e-01	3362
9.884987474700829e-01	9.901347616913825e-01	3363
8.611389625343677e-01	1.067199097199197e+00	3364
7.137761929881482e-01	1.117867265895379e+00	3365
1.177729993435201e+00	-1.173565807661720e-01	3366
1.126267087587283e+00	-7.231987238754707e-02	3367
1.160863329698640e+00	-9.232325403407622e-02	3368
1.163626114237317e+00	1.105131794007858e-01	3369
-2.002917076207111e-01	-7.221125095683795e-01	3370
-1.531189001584329e-01	-7.957178383527373e-01	3371
5.035049670791341e-01	-1.284723141305207e+00	3372
-1.338392801386710e-01	9.451953215431843e-01	3373
-3.556853553772955e-01	-3.700723302216051e-01	3374
1.058488988382253e+00	3.435292077073598e-02	3375
1.052770871421871e+00	-2.724597541746633e-02	3376
-4.924885686261893e-02	-1.064545320090781e+00	3377
5.174135186296021e-02	-1.139752659942242e+00	3378
1.190480932250372e+00	-9.585485779949945e-01	3379
1.012582984379202e+00	-1.157514415550497e+00	3380
-2.068261201944899e-01	8.518879239176121e-01	3381
1.010391019765310e+00	1.180034317862322e-03	3382
-1.563419029248426e-01	1.880715115164014e-02	3383
1.240602156784490e+00	1.911817593398012e-01	3384
3.344405308500343e-01	1.241220926518811e+00	3385
-2.008008388661830e-01	-8.953808170994402e-01	3386
7.031885080837103e-02	1.124413976023402e+00	3387
1.075254873555231e+00	4.827029548305223e-02	3388
1.115407882697878e+00	-5.664119419726885e-02	3389
6.896897533117717e-01	-1.278548340435488e+00	3390
1.028185724292095e+00	1.232797866565886e-02	3391
-2.579299276024796e-01	7.591890473562735e-01	3392
1.014232141190015e+00	-2.400442679919253e-03	3393
1.036825547864084e+00	-1.427086320657350e-02	3394
1.283547663621823e+00	-7.611705250768102e-01	3395
-3.558984831992745e-01	-4.337314152584942e-01	3396
1.115624537171854e+00	-1.066405796686773e+00	3397
1.016637913269935e+00	-4.779328198700382e-03	3398
-3.161056506098043e-01	6.043786775780713e-01	3399
1.010439861567978e+00	-7.521061659219411e-04	3400
-3.230337287946050e-01	2.231477154268961e-01	3401
1.090614425956323e+00	5.575119564029245e-02	3402
-1.882658457107172e-01	-2.569437778784438e-02	3403
1.016366983712986e+00	5.485822868024109e-03	3404
-2.273148731816585e-01	-5.241252661622377e-02	3405
1.231466656799465e+00	-1.528859739088064e-01	3406
4.899753522431947e-01	1.268907612519081e+00	3407
6.576284966404581e-01	1.265075101566843e+00	3408
1.117408708555144e+00	6.684287175563913e-02	3409
-1.315477424298294e-01	-9.838298325210915e-01	3410
-3.421679133328533e-01	4.136767159587544e-01	3411
-3.315168827417282e-01	-2.209180346580980e-01	3412
-2.916480864095499e-01	6.784923482228268e-01	3413
1.064090487181978e+00	-3.293282388013739e-02	3414
1.012548770107113e+00	2.623473884559331e-04	3415
1.747605878044824e-01	-1.206823190464678e+00	3416
3.250881363286326e-01	-1.257210284642928e+00	3417
1.024284668921998e+00	-8.616947496635894e-03	3418
1.019862454860677e+00	-7.070041350272141e-03	3419
1.969426241420118e-01	1.193250344484937e+00	3420
-3.420360162580637e-01	3.577186572000189e-01	3421
-2.238285882098421e-01	5.443615834230484e-02	3422
1.243026746636569e+00	-8.604575785164894e-01	3423
-3.183505823202107e-01	-1.788064265800513e-01	3424
-3.126260384459997e-01	1.851436138105576e-01	3425
1.151853664319554e+00	8.739905456458613e-02	3426
-3.218281296606372e-01	-6.394331091782828e-01	3427
-4.079583054615524e-02	1.041040454929281e+00	3428
1.307175223731246e+00	-6.702685186082762e-01	3429
1.019459399703076e+00	7.923976460362182e-03	3430
1.031629266415770e+00	-1.186324121599603e-02	3431
1.028852108379498e+00	-1.048953488123729e-02	3432
1.041087961824227e+00	1.993832187466785e-02	3433
1.047962864235167e+00	-1.538874567753497e-02	3434
1.321455608719739e+00	-5.887221688933619e-01	3435
1.326886769747796e+00	-5.134151933274770e-01	3436
1.077376439583367e+00	-4.520235139174289e-02	3437
-3.425839339552543e-01	-2.671931208004444e-01	3438
-3.385435285205908e-01	3.086976040183214e-01	3439
8.685799327001436e-01	-1.234071675312971e+00	3440
1.014092031113516e+00	2.999788983631068e-03	3441
-3.410564966584407e-01	-5.682815705059802e-01	3442
-3.302679199146899e-01	5.376500454025360e-01	3443
-3.510735722785046e-01	-4.989063211353216e-01	3444
1.052865407596227e+00	2.112749221935390e-02	3445
1.323870943860410e+00	-4.292819176242566e-01	3446
-3.392724304751176e-01	4.724833956721338e-01	3447
-1.721085458569243e-01	6.173736889382912e-04	3448
-1.875400387434536e-01	3.608854736266572e-02	3449
-3.001751651133910e-01	1.484459844220040e-01	3450
-2.761976755066066e-01	-7.971556138321129e-02	3451
1.009435137074787e+00	2.440327145025431e-04	3452
-3.044641186814021e-01	-1.410076308907410e-01	3453
-2.868347710658159e-01	1.152389997547083e-01	3454
-2.907381271631337e-01	-1.099330569518074e-01	3455
-2.723107288027682e-01	8.287167432472785e-02	3456
1.217600022693018e+00	1.493273542118806e-01	3457
1.254493105361977e+00	-1.956356464037869e-01	3458
1.263645018912595e+00	2.417165239889894e-01	3459
1.295396616763467e+00	-2.940586746432544e-01	3460
1.276802802247240e+00	-2.454709231489119e-01	3461
1.284073057863399e+00	3.021968644222125e-01	3462
1.311911448920089e+00	-3.510438736292456e-01	3463
1.299933702181388e+00	3.693096169744243e-01	3464
1.309284874486179e+00	4.418343134085294e-01	3465
1.310122699971322e+00	5.211125026743010e-01	3466
1.302810827488585e+00	6.044889797801957e-01	3467
1.283560917805279e+00	6.958180124603774e-01	3468
1.252489276949104e+00	7.918376896842400e-01	3469
-3.322408506381068e-01	2.633422855778945e-01	3470
-3.502954230653118e-01	-3.167509812672699e-01	3471
1.201884942552888e+00	9.008709010805280e-01	3472
1.117816005370474e+00	1.030255714747234e+00	3473
9.913332637221923e-01	1.138116569988819e+00	3474
8.323853641626663e-01	1.221612256318549e+00	3475
1.209344373096046e+00	-1.193105541335206e-01	3476
1.148531664392703e+00	-7.221913799456882e-02	3477
1.188559808924371e+00	-9.173739711236943e-02	3478
1.194857892923973e+00	1.147539003813479e-01	3479
-2.947431928586348e-01	-7.209580205905166e-01	3480
-2.534422098775755e-01	-8.074794630822983e-01	3481
3.906394754141709e-01	-1.421052126765495e+00	3482
1.047182627443770e+00	1.724391432259631e-02	3483
-4.181327859050317e-01	-4.012760641021610e-01	3484
1.009490855934513e+00	-1.325249213376103e+00	3485
-4.069914278028224e-01	4.465356038340534e-01	3486
1.014233376752120e+00	-5.329970484728358e-04	3487
1.135595218371370e+00	-5.510400182422238e-02	3488
2.184113124422413e-01	1.355330608343088e+00	3489
5.781003920439826e-01	1.421717294639273e+00	3490
3.864857242338066e-01	1.404509092133816e+00	3491
1.180072291243103e+00	8.907308264728597e-02	3492
1.061810406900155e+00	-2.322487453882700e-02	3493
-3.581437901250163e-01	7.541715295608584e-01	3494
-3.154464567405728e-01	-9.036435581858009e-01	3495
1.071059899169838e+00	3.626128510183816e-02	3496
6.013123649841475e-01	-1.436619807884527e+00	3497
1.249530872172522e+00	-1.078826294696278e+00	3498
1.024668547841015e+00	1.029579977139863e-02	3499
1.032361055604298e+00	1.426743705705634e-02	3500
1.311130243128362e+00	-9.596022870393054e-01	3501
-3.616933522437137e-01	1.920713401790387e-01	3502
1.139634253291600e+00	6.757933062712561e-02	3503
-3.971269958208800e-01	3.292200113641334e-01	3504
1.023014196612632e+00	-5.116841849019380e-03	3505
1.036053165885805e+00	-9.079229226640846e-03	3506
-3.298071499528833e-01	1.171096194134566e-01	3507
-3.988681520301711e-01	5.873826718798578e-01	3508
1.054346872959074e+00	-1.960286798319563e-02	3509
-3.755023681901381e-01	2.322837165387162e-01	3510
1.104922645522260e+00	5.244165502892719e-02	3511
-1.990015134257417e-01	-9.661339199022860e-04	3512
-3.678429957415487e-01	-1.861330489279487e-01	3513
1.037036624135988e+00	1.568668949656105e-02	3514
-2.152728755827014e-01	-2.856378094176754e-02	3515
1.287690369140575e+00	2.005536052146987e-01	3516
7.828117208435034e-01	1.392913578103050e+00	3517
-4.194747775055651e-01	-5.437133739442902e-01	3518
1.089264064150010e+00	-4.534578491737849e-02	3519
-4.214927935307333e-01	-4.709255828253864e-01	3520
-1.709986953878588e-01	1.075475831399133e+00	3521
-2.597674566221680e-01	-4.978139448700825e-02	3522
1.104694025449154e+00	-4.446682040494330e-02	3523
1.042545088481486e+00	-1.202161535078758e-02	3524
-7.657087338118350e-02	-1.205721098544827e+00	3525
-2.562857316980470e-01	9.665513504003613e-01	3526
-4.054035902797353e-01	5.150541597012305e-01	3527
-1.744720891018691e-01	-1.109130879651709e+00	3528
6.859824764468288e-02	1.280281402303709e+00	3529
-3.189735521367331e-01	8.539720390416251e-01	3530
1.016165693845626e+00	3.741258304306040e-03	3531
1.354072655221507e+00	-8.474594734547616e-01	3532
1.153208447650228e+00	-1.212301132747499e+00	3533
1.016344564440744e+00	-3.042251182840467e-03	3534
-3.836459927314853e-01	6.681105156250702e-01	3535
1.018824065938069e+00	6.188646415477042e-03	3536
1.245600452901138e+00	-1.193117986764258e-01	3537
-2.546668892554499e-01	-1.008152703406164e+00	3538
-3.987820465129245e-01	-2.834866890684446e-01	3539
4.682279109761898e-02	-1.293957781172963e+00	3540
2.029999481837635e-01	-1.370388064836577e+00	3541
1.019133765116169e+00	-5.363247100221319e-03	3542
-4.032613125212544e-01	3.856546193358532e-01	3543
-4.086403585078388e-01	-6.242720983732136e-01	3544
-6.177053729930593e-02	1.186103329412893e+00	3545
1.381627682366052e+00	-7.377621658355287e-01	3546
1.022446036840764e+00	9.146126448447334e-03	3547
1.031972464577321e+00	-7.654894616931241e-03	3548
1.027859736049790e+00	-6.369823179190395e-03	3549
1.394017884387190e+00	-6.431358223048849e-01	3550
1.397890029361891e+00	-5.561070687218175e-01	3551
1.074202229868050e+00	-3.496976058084614e-02	3552
8.161536142873357e-01	-1.406199107422404e+00	3553
1.014190154545357e+00	1.136855705971657e-03	3554
1.059422370921322e+00	2.593009891253982e-02	3555
1.391452730421181e+00	-4.686754646868426e-01	3556
-2.145865920995027e-01	3.576440509801834e-02	3557
-1.792519916756169e-01	2.140210703623930e-02	3558
-3.464700133325478e-01	1.530999943974984e-01	3559
-3.504606355956466e-01	-1.452924228197381e-01	3560
-2.569853083383870e-01	5.247403804167165e-02	3561
-3.328274990375127e-01	-1.096946521420689e-01	3562
-3.125847933477977e-01	8.402369558318809e-02	3563
-3.157434618974126e-01	-7.913524560896446e-02	3564
1.258497177404721e+00	1.543906540606425e-01	3565
1.273416826536620e+00	-1.576564192057368e-01	3566
1.328370042760057e+00	-2.533445675905717e-01	3567
1.302212125661631e+00	-2.039425784718831e-01	3568
1.316472342315329e+00	2.578833441511060e-01	3569
1.352891120978812e+00	-3.079929754526599e-01	3570
1.342586381063656e+00	3.241138828285375e-01	3571
1.375094811663477e+00	-3.810955403728302e-01	3572
1.363368568418831e+00	3.982933854671428e-01	3573
1.376200364094960e+00	4.810429263344047e-01	3574
1.380670782199901e+00	5.695707511576588e-01	3575
1.373702429964697e+00	6.673683489768759e-01	3576
1.354938096644616e+00	7.721934199268315e-01	3577
-3.875799971091749e-01	2.787756594571873e-01	3578
-3.847400161034956e-01	-2.323110166485864e-01	3579
-4.103746375200752e-01	-3.372234938379665e-01	3580
1.318918572534300e+00	8.891941859907110e-01	3581
1.253541559053538e+00	1.026750805694997e+00	3582
1.135348322136635e+00	1.178830468480865e+00	3583
9.801278562444268e-01	1.309137420395269e+00	3584
1.173203837428945e+00	-7.070914787624263e-02	3585
1.219828539414703e+00	-8.963828846850666e-02	3586
1.230485408816530e+00	1.163597905271851e-01	3587
-3.909632189642445e-01	-7.070872263437861e-01	3588
-3.589293065436407e-01	-8.041269158499762e-01	3589
1.042403582433050e+00	1.390097594362041e-02	3590
1.016105991701064e+00	2.169216641484914e-03	3591
7.423326589657987e-02	1.458018745315926e+00	3592
1.085401537215927e+00	4.042004232097625e-02	3593
1.176639493312671e+00	-1.389571096889449e+00	3594
1.026222338549158e+00	-2.649700880596536e-03	3595
4.828554849761797e-01	-1.599250012878002e+00	3596
-4.019505834617962e-01	-1.472141899469867e-01	3597
-2.944993418538919e-01	4.809863597111189e-02	3598
-3.573838703234765e-01	8.153642430760075e-02	3599
1.122473606139830e+00	-4.075450198799661e-02	3600
1.164933993750329e+00	6.725252474223238e-02	3601
7.051242822080074e-01	1.577914278783238e+00	3602
-2.107791945550899e-01	1.225150869305013e+00	3603
-4.737154931520698e-01	4.120363073334974e-01	3604
2.532665007086916e-01	-1.554816686484149e+00	3605
-4.607343707525834e-01	7.381366642292678e-01	3606
-4.970906800154488e-01	-5.089879196110144e-01	3607
1.158103885587401e+00	-5.211690026830755e-02	3608
-3.149947031934573e-01	-1.137625112452428e+00	3609
9.772202596337860e-01	-1.519636050296170e+00	3610
-4.900207953946672e-01	-4.322826178278703e-01	3611
-3.780376090192020e-01	1.165003710217208e-01	3612
1.070994538394543e+00	-2.573144582587797e-02	3613
-3.856451195962090e-01	-1.013661979672315e+00	3614
1.067137249520192e+00	3.100396984724264e-02	3615
-2.454692150807622e-01	-2.827031800659943e-02	3616
-4.785977834067650e-01	-3.610547141346928e-01	3617
1.287112473808934e+00	-1.182415339494437e-01	3618
1.305644750915948e+00	1.572295821828297e-01	3619
1.355040581595217e+00	-2.073384989651761e-01	3620
1.211752048037890e+00	8.901565698405489e-02	3621
1.377554061908916e+00	2.724118061093153e-01	3622
9.469314902780619e-01	1.504395122722568e+00	3623
1.053681511080748e+00	1.389626024325851e-02	3624
-4.806338383489190e-01	4.827047810636477e-01	3625
2.569822910144792e-01	1.538320107136503e+00	3626
4.678294606481063e-01	1.583217690908123e+00	3627
1.309786922338099e+00	-1.223142277364688e+00	3628
1.388289950425157e+00	-1.074458803102348e+00	3629
-3.980473776764580e-01	1.553142028709716e-01	3630
1.094984690205287e+00	4.202840900807671e-02	3631
-4.767755924544057e-01	6.441914536576249e-01	3632
1.061219933193713e+00	-1.484783826140472e-02	3633
1.054689662456046e+00	-1.210132556751186e-02	3634
1.125849061505418e+00	5.044128282122912e-02	3635
-2.284364896129021e-01	4.716806370813540e-03	3636
-4.167859976305950e-01	1.955988374057052e-01	3637
-4.237845188411378e-01	-1.915102395761827e-01	3638
1.036023784970637e+00	1.069437453753853e-02	3639
1.085711022394157e+00	-3.704555848213435e-02	3640
-4.336990703121624e-01	8.419788422874542e-01	3641
-2.449550667245164e-01	3.206674042220083e-02	3642
1.048243683347015e+00	-8.863514738844704e-03	3643
1.041285242225403e+00	-6.118163891817283e-03	3644
-2.209080197375106e-01	-1.253209623665054e+00	3645
-3.092301345454249e-01	1.096649658754898e+00	3646
-4.820290263824722e-01	5.586953254672347e-01	3647
-3.856971873639315e-01	9.655813691447709e-01	3648
1.018527177886376e+00	4.349940438225269e-03	3649
1.435995611503532e+00	-9.426938089000385e-01	3650
1.016202038548824e+00	-1.471993885151018e-03	3651
-4.444550935122155e-01	-2.431067505102350e-01	3652
-4.504443437212990e-01	2.930314671652686e-01	3653
-1.005941298613661e-01	-1.368653265786436e+00	3654
5.562569158843353e-02	-1.472319619247505e+00	3655
1.018739354875777e+00	-3.536262102997915e-03	3656
-4.960856638503080e-01	-5.945625423546890e-01	3657
-4.345853033411169e-01	-8.957953973792935e-01	3658
-8.134218423339014e-02	1.351952478470018e+00	3659
1.465756105427261e+00	-8.167944483231415e-01	3660
1.035399396794504e+00	-4.349617738341531e-03	3661
1.031967311232663e+00	9.695109957588710e-03	3662
1.031014653572180e+00	-3.453204472401280e-03	3663
1.028199769989818e+00	8.275267670159925e-03	3664
1.478609340894246e+00	-7.019782666960743e-01	3665
1.341793627649283e+00	2.096275637389467e-01	3666
1.478801806602126e+00	-6.030053752770567e-01	3667
1.096207770258978e+00	-3.284926953414986e-02	3668
7.325551096153118e-01	-1.592355755776400e+00	3669
1.016169905966118e+00	3.492343184459035e-04	3670
1.060463736839161e+00	1.770421528427523e-02	3671
-2.034763548733732e-01	1.721024296511335e-02	3672
-3.803875874419628e-01	-1.080551946615452e-01	3673
-2.962032530913594e-01	-4.624984356965198e-02	3674
-3.594162730605896e-01	-7.458694813119093e-02	3675
1.321397448452335e+00	-1.596510262274058e-01	3676
1.387355925855165e+00	-2.594069700565817e-01	3677
1.419317069690785e+00	-3.274183275366260e-01	3678
1.410067669845752e+00	3.455437229276038e-01	3679
1.448438251452392e+00	-4.123726596912118e-01	3680
1.436058745261934e+00	4.296936832430958e-01	3681
1.469510341489197e+00	-5.065668986777891e-01	3682
1.453990343197684e+00	5.217795669192283e-01	3683
1.460967206198607e+00	6.247052023779920e-01	3684
1.456547364153754e+00	7.365562699803593e-01	3685
-4.343944917386242e-01	2.417873710492741e-01	3686
-4.627576027701726e-01	-2.974363563119812e-01	3687
-4.646112517184703e-01	3.504947735316509e-01	3688
1.436363340823757e+00	8.615821869725094e-01	3689
1.389986336014511e+00	1.007583777903150e+00	3690
1.296012239200032e+00	1.181871139875000e+00	3691
1.168674773488122e+00	1.376241840484709e+00	3692
1.201028940468603e+00	-6.651951587626526e-02	3693
1.255196568944127e+00	-8.475416490886864e-02	3694
1.271074372664127e+00	1.161087728022518e-01	3695
-4.878591331378752e-01	-6.839640588555179e-01	3696
-4.682121521322896e-01	-7.858134476368739e-01	3697
1.022814685753757e+00	-1.545919067763614e-03	3698
-5.497196863372611e-01	8.171848327714792e-01	3699
1.247958121445561e+00	8.585527357706049e-02	3700
-2.596985317073809e-01	3.573945931170460e-03	3701
-5.218799500024611e-01	3.059590021925024e-01	3702
1.172984237507775e+00	-1.601521730523748e+00	3703
1.142675713909461e+00	-3.660317918981896e-02	3704
8.532639425772084e-02	-1.677396729398978e+00	3705
-4.081711320867909e-01	-6.710991744603537e-02	3706
-9.613950624945755e-02	1.542298368695760e+00	3707
1.067855481546079e+00	2.219197764577979e-02	3708
-2.775441137339082e-01	2.638642026040654e-02	3709
-3.696300671075059e-01	1.245798103758712e+00	3710
1.193588982656223e+00	6.512303828209774e-02	3711
1.414533597468250e+00	-2.061668147931522e-01	3712
6.124661547412131e-01	-1.786696158064573e+00	3713
-4.788558848271096e-01	1.983434004908166e-01	3714
-5.644401859953238e-01	5.193684002889599e-01	3715
-5.646601106657088e-01	7.078426206429332e-01	3716
-5.848295564334378e-01	-6.473205295446777e-01	3717
5.914650085957939e-01	1.771424239690295e+00	3718
3.321460271115743e-01	-1.759356189648512e+00	3719
-5.820846303522542e-01	-5.523248024378898e-01	3720
-5.558681290846685e-01	-3.847842029304326e-01	3721
-5.178223184582915e-01	9.463731029819812e-01	3722
1.018387268220646e+00	-5.271248671601935e-04	3723
1.035036609867197e+00	6.049495715618433e-03	3724
1.034007541343135e+00	8.959347711351244e-05	3725
1.029183675364774e+00	4.054617340712748e-04	3726
1.447221730165102e+00	2.856031869311670e-01	3727
-5.397264621078098e-01	3.708775149330290e-01	3728
1.334299275019477e+00	-1.137989745104632e-01	3729
-4.647402760514337e-01	-1.140057758919259e+00	3730
1.146067040311145e+00	1.592610323418398e+00	3731
8.814675657665116e-01	1.722011826164559e+00	3732
1.109543437473768e+00	3.820322710993054e-02	3733
-5.723069534946985e-01	-4.629290135465231e-01	3734
1.021457428672859e+00	-3.913510622299449e-03	3735
9.487831400217671e-02	1.661265915593210e+00	3736
1.069499240607520e+00	-1.852290438848639e-02	3737
-4.554124693850805e-01	1.530608658339207e-01	3738
-3.350095900150371e-01	4.666629559412082e-02	3739
-3.368832501588131e-01	-4.023328123901232e-02	3740
-2.780020420218174e-01	-2.203293826380843e-02	3741
-2.517112045877351e-01	1.397599202792431e+00	3742
-5.539504827399662e-01	4.400079577926157e-01	3743
-4.597894245371514e-01	-1.459218180754684e-01	3744
1.182756423199132e+00	-4.738392974219529e-02	3745
-5.211701760163222e-01	-1.000138498728829e+00	3746
9.086339954822774e-01	-1.737333585332165e+00	3747
-4.317000110789497e-01	1.132634880220596e-01	3748
1.047895432120310e+00	1.055584009220519e-02	3749
1.110827810029154e+00	-3.106802854769968e-02	3750
1.060568485537264e+00	9.659012719491411e-03	3751
3.245185293975967e-01	1.742657885975179e+00	3752
1.361710405288719e+00	-1.400469978565778e+00	3753
1.471435343182974e+00	-1.212825282230100e+00	3754
1.149253623444590e+00	4.853114113204540e-02	3755
1.060675351025207e+00	-6.925520452290564e-03	3756
1.081667161208659e+00	-2.665587846630963e-02	3757
1.054267995662665e+00	-4.855179807712950e-03	3758
1.041454840044868e+00	7.904982695903165e-03	3759
1.046746694090163e+00	-2.400984887320727e-03	3760
-3.798612010325774e-01	-1.285718340487767e+00	3761
-5.694949987618640e-01	6.072536452290717e-01	3762
-4.598259117144011e-01	1.097354455053917e+00	3763
1.021219214628214e+00	4.857317963837084e-03	3764
1.530428565573568e+00	-1.050914534823311e+00	3765
-5.118359577568370e-01	-2.502978992257979e-01	3766
-2.672860489766235e-01	-1.420942869562672e+00	3767
-1.148509457883614e-01	-1.558429204386353e+00	3768
1.561947979157159e+00	-9.055771204127722e-01	3769
1.039673989030514e+00	-7.379658926536675e-04	3770
1.031451149768672e+00	5.400400513792810e-03	3771
1.575293530665079e+00	-7.705316358607296e-01	3772
1.572639130110070e+00	-6.523295165530899e-01	3773
1.018338754144830e+00	1.331077483340285e-03	3774
-4.072031853664597e-01	7.551071082165325e-02	3775
-4.335264433835198e-01	-1.040546444774277e-01	3776
1.374624568492273e+00	-1.575346548833132e-01	3777
1.359790594043327e+00	1.589225253521884e-01	3778
1.455539979461893e+00	-2.685519867634857e-01	3779
1.404070519117082e+00	2.161204285034700e-01	3780
1.496559484198803e+00	-3.480479210459584e-01	3781
1.487364523685877e+00	3.680982662434805e-01	3782
1.532752309532006e+00	-4.426112963362308e-01	3783
1.520104425402887e+00	4.614366537148740e-01	3784
1.558258624038697e+00	-5.463633581534103e-01	3785
1.542721768374021e+00	5.677544898942560e-01	3786
1.554486986875043e+00	6.847011504262539e-01	3787
-5.009312231214937e-01	2.490854839101730e-01	3788
-4.868526302433619e-01	-1.958525420269369e-01	3789
-5.355768670767620e-01	-3.126927424260057e-01	3790
1.551895432707626e+00	8.163829418274691e-01	3791
1.525719098737971e+00	9.706266301142796e-01	3792
1.459560100164857e+00	1.157830629743066e+00	3793
1.356828401495811e+00	1.361149861112215e+00	3794
1.232210327600892e+00	-6.024315219503147e-02	3795
1.295495384559207e+00	-7.806745575453879e-02	3796
1.317382087502720e+00	1.126436521983868e-01	3797
-5.564612332690797e-01	-8.723315793795769e-01	3798
-5.777125513134951e-01	-7.535595058196504e-01	3799
-1.116684456026440e-01	-1.779479827892289e+00	3800
1.175141527377202e+00	4.497867029763043e-02	3801
-2.910137778682548e-01	1.597081744850255e+00	3802
-4.626104329815479e-01	-5.671570025803863e-02	3803
-6.176827908351411e-01	-3.280909276975139e-01	3804
1.131531106444622e+00	3.280201740041591e-02	3805
1.165010025019174e+00	-3.066726704743929e-02	3806
-5.375659987736008e-01	1.246828922644360e+00	3807
-6.603659064179228e-01	5.581596220308989e-01	3808
-6.661427284807162e-01	7.777458362320426e-01	3809
1.025407488207223e+00	9.793561263481082e-04	3810
1.267676237555205e+00	-5.072883886585975e-02	3811
7.726515702203828e-01	1.955704755242875e+00	3812
-3.826578961056115e-01	-3.455583026877667e-02	3813
1.078786795156456e+00	2.806883711930954e-02	3814
1.127569075546159e+00	-2.409610461975420e-02	3815
1.068327432328356e+00	1.341951905245430e-02	3816
4.362811432022590e-01	1.965781841275468e+00	3817
1.052361209630492e+00	2.146446654081577e-03	3818
-6.586892504619661e-01	-9.686817660366331e-01	3819
1.445311276097396e-01	-1.909503407077920e+00	3820
1.045591017123766e+00	3.826747033615512e-03	3821
1.020352423981611e+00	2.100984856953282e-03	3822
-3.756993244002987e-01	3.402487247880609e-03	3823
-3.133779882335129e-01	1.581174383533042e-02	3824
1.527682786211958e+00	2.978612192492781e-01	3825
1.277124186692019e+00	1.530778293777624e+00	3826
1.210193506596662e+00	-3.953358826605102e-02	3827
-6.798433018568433e-01	-5.965595916757345e-01	3828
-6.192771598192627e-01	-1.120283864976575e+00	3829
-6.503365338784258e-01	9.110418498506226e-01	3830
1.483015767159900e+00	-2.054776326679814e-01	3831
-6.790531458864852e-01	-8.324178292715942e-01	3832
1.133184482835798e+00	-1.848424292136502e+00	3833
-9.935162802735828e-02	1.761918907230866e+00	3834
1.099176766141880e+00	2.823923172297955e-02	3835
-4.348839517810755e-01	1.419156030077521e+00	3836
1.225453170689673e+00	6.081551837910715e-02	3837
4.513106551539096e-01	-1.981779888626840e+00	3838
-6.656375577090872e-01	-4.975047103578760e-01	3839
-6.120705685605377e-01	1.069856112436995e+00	3840
1.024705179347498e+00	6.175360863886873e-03	3841
1.027479482459483e+00	4.192486559030382e-03	3842
1.288822662150690e+00	8.018907383270868e-02	3843
1.386824269528812e+00	-1.055255281753091e-01	3844
-6.861612329207031e-01	-7.069393318293380e-01	3845
1.102728673763022e+00	1.838467744074052e+00	3846
-6.445308533955370e-01	4.685513978233594e-01	3847
1.020631990979179e+00	-3.686510236150177e-04	3848
1.431185058499639e-01	1.892287520142143e+00	3849
1.068619265833854e+00	-9.875516074862929e-03	3850
-3.795598766229570e-01	3.825844925475123e-02	3851
-3.043396755249917e-01	-9.332898384811420e-03	3852
-6.439426859218288e-01	-4.066253430694901e-01	3853
-6.252631212034153e-01	3.894012111828894e-01	3854
-5.197611982955304e-01	1.483852855678515e-01	3855
-5.249913788611706e-01	-1.425554488744240e-01	3856
7.950174661244237e-01	-1.971287852479115e+00	3857
-4.909134665205295e-01	1.048280734720973e-01	3858
-4.625727438474451e-01	6.621681077951672e-02	3859
1.101941667662281e+00	-1.973954430870912e-02	3860
1.093176034598484e+00	-1.966884525186787e-02	3861
1.053818112849025e+00	6.468235089832247e-03	3862
1.395428656901244e+00	-1.620664647622167e+00	3863
1.552394639188154e+00	-1.385441311504690e+00	3864
1.079147370632134e+00	-2.032376375111943e-02	3865
1.059571455889068e+00	6.985080629564674e-04	3866
-5.512392974439421e-01	-1.287188645709053e+00	3867
-6.686036621379716e-01	6.626783228568516e-01	3868
1.635611445307870e+00	-1.180394242653616e+00	3869
-5.570739516911057e-01	-1.962471810139738e-01	3870
-5.758995388979099e-01	2.537849858291463e-01	3871
-4.471242183557969e-01	-1.455339629994657e+00	3872
-3.080644961314306e-01	-1.618252450493291e+00	3873
1.673147917039189e+00	-1.005312824362289e+00	3874
1.685427937305991e+00	-8.491828997501398e-01	3875
1.680426886737646e+00	-7.086550190567226e-01	3876
-4.927109933112242e-01	-9.582181283111295e-02	3877
1.474893726348943e+00	2.206869707842211e-01	3878
1.534766818529739e+00	-2.776246760518408e-01	3879
1.421814900007193e+00	1.570819828693540e-01	3880
1.433717800425882e+00	-1.493963205965083e-01	3881
1.585411303277553e+00	-3.678630370207621e-01	3882
1.576353609939194e+00	3.896550057189040e-01	3883
1.628519950026308e+00	-4.737257554195284e-01	3884
1.616076736793079e+00	4.969045123454902e-01	3885
1.660536964642632e+00	-5.860873911594284e-01	3886
1.645744044573303e+00	6.167678666813863e-01	3887
-5.482612305831822e-01	1.982829358178184e-01	3888
-5.882420162609779e-01	-2.565570114377382e-01	3889
-6.021355538014762e-01	3.188396584726934e-01	3890
1.662508278548747e+00	7.530031531632170e-01	3891
1.658306877011440e+00	9.140814976509573e-01	3892
1.620978572561371e+00	1.109888939856857e+00	3893
1.544577510264829e+00	1.328863927890704e+00	3894
1.340929011294164e+00	-6.736666780047162e-02	3895
1.370410142426841e+00	1.070440731381443e-01	3896
-5.024165308800329e-01	1.621901790316794e+00	3897
-7.695407366838591e-01	6.023522284175267e-01	3898
1.076861344591379e+00	1.822468547457446e-02	3899
-7.639257415500033e-01	1.022943154476185e+00	3900
1.113513713917057e+00	2.379002291751278e-02	3901
-4.279522365505083e-01	-1.489693109939770e-02	3902
1.267562156117136e+00	-1.786223088268923e+00	3903
1.203901710218488e+00	3.907914252052464e-02	3904
1.290384314801036e+00	1.727308013389441e+00	3905
1.023324630702151e+00	1.614248916811197e-03	3906
1.562301422661779e+00	-2.028378595131474e-01	3907
1.261521873411633e+00	5.274220025893479e-02	3908
-3.359107639478966e-01	-1.851093666551554e+00	3909
1.147321921411606e+00	-1.714721339452238e-02	3910
-7.169922121361023e-01	1.218775901024002e+00	3911
1.042451044856527e+00	-2.126253009496200e+00	3912
2.350004512646551e-01	2.150481088852731e+00	3913
-5.220667476084949e-01	-4.187114472634793e-02	3914
1.803329278189157e+00	-7.742285369261093e-01	3915
-6.926576492831870e-01	3.282865440040131e-01	3916
1.620043943946550e+00	3.081060083254765e-01	3917
-7.915716501090335e-01	-6.450274764701406e-01	3918
1.116740540795161e+00	-1.730240811033515e-02	3919
1.799249873694110e+00	-1.123396180485775e+00	3920
-7.818984877557221e-01	8.594335337805018e-01	3921
-4.292950477147737e-01	2.558358981011851e-02	3922
-6.601520765274088e-01	2.576215006303978e-01	3923
2.449726892186171e-01	-2.167241152160160e+00	3924
1.335778751550506e+00	7.056542320433791e-02	3925
1.501183386037091e+00	-1.394266030217143e-01	3926
-5.914939964914636e-01	1.404241855261949e-01	3927
1.475132763313534e+00	1.513783650834664e+00	3928
1.240867741778889e+00	-2.912667864221753e-02	3929
1.492371330244844e+00	1.526150366505679e-01	3930
-3.229146000053086e-01	1.829323362574786e+00	3931
-7.713793264227071e-01	-5.324322916531838e-01	3932
1.155863970422781e+00	2.793727587184127e-02	3933
-6.269022573606580e-01	1.417548562181913e+00	3934
1.015213254834560e+00	2.114368122672365e+00	3935
6.121622642388151e-01	2.195353745575326e+00	3936
-7.962423592991538e-01	-9.189759685032522e-01	3937
-8.105935866502367e-02	-2.034808877744830e+00	3938
1.189181893186966e+00	-2.275907330090782e-02	3939
-7.753559425697695e-01	-1.079224704784644e+00	3940
1.307530998137801e+00	-3.857433186778988e-02	3941
-8.010492222241961e-01	-7.758536640075215e-01	3942
-7.858992117834215e-02	2.015766453114201e+00	3943
1.089163344218774e+00	1.758352388940305e-02	3944
-7.478845094973626e-01	4.966596462323886e-01	3945
1.067455318309468e+00	-1.589662047959592e-03	3946
-7.441471716152037e-01	-4.302859348141956e-01	3947
-7.233243257703490e-01	4.075389502418719e-01	3948
-7.106885557920515e-01	-3.402331872944701e-01	3949
6.297674659942765e-01	-2.210882230045875e+00	3950
-5.568207911957175e-01	9.239744812860433e-02	3951
-5.225143406739372e-01	5.173672670219989e-02	3952
1.067756552156480e+00	4.397678920537326e-03	3953
1.624474840720375e+00	-1.602825582920444e+00	3954
1.077790213250374e+00	-1.336395518731364e-02	3955
-7.283780775753589e-01	-1.261266552092931e+00	3956
-7.814154846084220e-01	7.229070835607069e-01	3957
1.744959015317702e+00	-1.343610977002410e+00	3958
-6.360805641904471e-01	-1.932599053066773e-01	3959
-6.457521771120562e-01	-1.461156120242370e+00	3960
-5.164802432489874e-01	-1.654347720069524e+00	3961
1.812688826283303e+00	-9.372846803109260e-01	3962
-5.590632247512292e-01	-8.419832171080380e-02	3963
1.626037222570800e+00	-2.853185162898125e-01	3964
1.556368690637970e+00	2.220507849505501e-01	3965
1.444508967632121e+00	-9.049242763805529e-02	3966
1.686585247381155e+00	-3.879832256194886e-01	3967
1.678073416931861e+00	4.133190119915519e-01	3968
1.738238364088084e+00	-5.028206786883528e-01	3969
1.727111693160632e+00	5.333677635520119e-01	3970
1.778018659669712e+00	-6.295326510464968e-01	3971
-6.259624353536853e-01	1.941974584208493e-01	3972
-5.975049346110090e-01	-1.353302941418818e-01	3973
-6.743172143623486e-01	-2.625786257476513e-01	3974
1.764862442148286e+00	6.715899765222901e-01	3975
1.784498475215863e+00	8.370835161609738e-01	3976
1.776889810174054e+00	1.038465221489830e+00	3977
1.731119179087127e+00	1.271525795348034e+00	3978
1.391626375947585e+00	-5.273161570231690e-02	3979
1.430783891688917e+00	9.694787962358416e-02	3980
-7.241828904621787e-01	1.617686577596005e+00	3981
-8.271909358929743e-01	1.388997217624625e+00	3982
-8.906393832989066e-01	1.157399660070812e+00	3983
-3.406595172681684e-01	-2.124818767296092e+00	3984
1.285472619617013e+00	2.003210782214381e+00	3985
1.140544775961746e+00	1.408244449647670e-02	3986
-5.674801970117351e-01	1.860630416178054e+00	3987
1.129900434119188e+00	-8.274360890711676e-03	3988
-4.826849567023994e-01	1.212748787634515e-03	3989
1.936894270355030e+00	-1.273593157483897e+00	3990
1.388899418385962e+00	5.788016797032082e-02	3991
1.215824413291800e+00	-1.121477868644931e-02	3992
-8.325712299727095e-01	4.254428564142835e-01	3993
1.182135504772950e+00	2.100910782858115e-02	3994
1.169075132214554e+00	-8.248040543784359e-03	3995
1.275539300697915e+00	-1.475499551157407e-02	3996
-7.131456115101448e-01	1.880763045708092e-01	3997
-8.921435440580312e-01	-5.683994629789495e-01	3998
3.939931376936749e-01	2.427717319606471e+00	3999
-1.676981054435172e-02	2.306272200392763e+00	4000
1.958348926513113e+00	-1.040845648692442e+00	4001
1.076273139566516e+00	-2.611265991964725e-03	4002
-9.968028763209402e-03	-2.325132494482212e+00	4003
1.506694119938550e+00	-1.816752695837574e+00	4004
-5.792932279829041e-01	-1.892087691863485e+00	4005
8.879738023410739e-01	-2.422605414549175e+00	4006
1.730405993166211e+00	-2.925284565554895e-01	4007
-5.877415481205850e-01	-2.144345935709131e-02	4008
1.653711010390670e+00	-1.976259827178138e-01	4009
1.102718284730376e+00	1.460499305554252e-02	4010
1.107170998604801e+00	-6.036704406472394e-03	4011
1.235482267430713e+00	3.050323157369128e-02	4012
1.079684550223895e+00	8.175295293311071e-03	4013
1.302219203406512e+00	4.154396116060261e-02	4014
1.129265512257745e+00	1.507446235559582e-02	4015
1.945291920546399e+00	-8.474303726889303e-01	4016
-9.187718003046549e-01	-7.010461358450142e-01	4017
1.725743376653923e+00	3.188274721385286e-01	4018
-9.134723887801945e-01	9.570335783664414e-01	4019
-8.930906089915222e-01	6.512369283790598e-01	4020
-8.571935636002754e-01	-4.544112398277717e-01	4021
1.351942776699321e+00	-2.172976439486800e-02	4022
1.509736457618551e+00	-7.181061443358895e-02	4023
-8.163232966908862e-01	-3.517905017883647e-01	4024
-7.949311188042980e-01	3.343468711308281e-01	4025
1.528889413313248e+00	1.747120148594909e+00	4026
1.649826130249758e+00	2.199632260160011e-01	4027
-3.361871322147219e-01	2.101404816600704e+00	4028
-8.656500577128848e-01	5.277623033460997e-01	4029
8.653571285159734e-01	2.409640472174998e+00	4030
-9.319193438520669e-01	-8.513380341798565e-01	4031
-9.304986227347869e-01	-1.017304371326373e+00	4032
-5.884138337050356e-01	3.084334009951865e-02	4033
4.077662177335214e-01	-2.443967831172213e+00	4034
-6.294530280470412e-01	7.637438819535033e-02	4035
-9.067475494396861e-01	-1.209454584943440e+00	4036
-9.107633152423886e-01	7.909980729881079e-01	4037
1.854802026817049e+00	-1.551645168500441e+00	4038
-7.712629592296250e-01	-2.641151069016046e-01	4039
-8.495438758742471e-01	-1.427488606464233e+00	4040
-7.437842455653288e-01	-1.665742872578711e+00	4041
-6.783698669768060e-01	-1.229476069599985e-01	4042
1.572966000750262e+00	1.430698819206389e-01	4043
1.578708533652165e+00	-1.254257116695625e-01	4044
1.681141970644062e+00	1.473263401940066e+00	4045
1.802086150993497e+00	-4.046435477139834e-01	4046
1.795315232091855e+00	4.358498621748185e-01	4047
1.863938199385701e+00	-5.325467450524732e-01	4048
-6.322716467615411e-01	-6.887204470712635e-02	4049
-6.712211894888600e-01	1.271814941191345e-01	4050
-7.254574671509040e-01	-1.888053688490987e-01	4051
-7.547231400652877e-01	2.569300972197484e-01	4052
1.855408553830244e+00	5.729528172315698e-01	4053
1.912154710877671e+00	-6.802261529436537e-01	4054
1.900561317276323e+00	7.397184692298450e-01	4055
1.923713271603250e+00	9.434964403200791e-01	4056
1.912351384093579e+00	1.186440041306452e+00	4057
1.446823189714579e+00	-3.092439785067789e-02	4058
1.499496190351792e+00	8.336435639334080e-02	4059
1.210916675827644e+00	2.336390847863891e+00	4060
1.245446475823658e+00	3.316771196899282e-03	4061
-1.062773952983557e+00	-7.636519392777846e-01	4062
-8.251520294864184e-01	1.855631678517510e+00	4063
6.413422090976872e-01	2.705928913011819e+00	4064
1.358400483319884e+00	-2.013715307464359e+00	4065
-6.204956680074759e-01	2.144101544102668e+00	4066
1.160364385683011e+00	7.690829319224700e-03	4067
1.204174951580908e+00	-2.396009084532202e+00	4068
1.314178510525847e+00	2.720818228309893e-03	4069
1.270850690756801e+00	1.750893265783499e-02	4070
1.210699473174918e+00	1.149713847231359e-02	4071
-6.294928093707955e-01	-2.180935294574178e+00	4072
1.764731106187001e+00	-1.793238345755091e+00	4073
1.449565684504092e+00	3.960635782537360e-02	4074
-1.062093399079822e+00	1.075849192666296e+00	4075
1.348711205292031e+00	2.549816817908374e-02	4076
1.145942830372449e+00	1.873477924599190e-03	4077
-9.568581784620943e-01	4.418632895155787e-01	4078
1.568357354110813e+00	2.028508983490406e+00	4079
-6.605530386007701e-01	3.901106498657985e-03	4080
-8.426764470031898e-01	-1.909624358332022e+00	4081
1.400288173929430e+00	-2.177684283239485e-04	4082
1.665131166877162e+00	1.283454619714071e-01	4083
1.847110429631310e+00	3.263092064521126e-01	4084
-9.101616545356039e-01	3.400920954832324e-01	4085
-9.530342521144891e-01	1.583784591754533e+00	4086
-1.029202430986718e+00	1.320307557073648e+00	4087
-1.034627516885463e+00	7.045455214753755e-01	4088
1.757123837660888e+00	2.166230969093511e-01	4089
2.082002263820300e+00	-1.467021523200365e+00	4090
1.668001228755785e+00	-1.072577360684474e-01	4091
1.192405243019754e+00	2.796747567922512e-03	4092
-9.354546875788460e-01	-3.633694032137599e-01	4093
-1.029939997809837e+00	-6.092305164664895e-01	4094
1.104404809671876e-01	2.634203041918568e+00	4095
2.122026961204538e+00	-1.172770711892424e+00	4096
1.086552829163356e+00	-6.721603575334903e-03	4097
-3.103764129505457e-01	-2.446230059530855e+00	4098
1.220959536033715e-01	-2.651376900389759e+00	4099
6.600037528345544e-01	-2.719863172699361e+00	4100
1.116744117754310e+00	9.142958363033795e-03	4101
1.092704595898567e+00	5.379310921268806e-03	4102
2.108613403158949e+00	-9.330695950451564e-01	4103
1.888942972278886e+00	1.401790316632168e+00	4104
1.758715050120815e+00	-1.907507511437445e-01	4105
-8.809152819015769e-01	-2.627544977186373e-01	4106
-3.169357369027034e-01	2.424328332502084e+00	4107
-9.987844530415666e-01	5.630942185924819e-01	4108
-9.857460883604194e-01	-4.768839881065189e-01	4109
-1.058554671885546e+00	8.719226033171169e-01	4110
-1.082297790895300e+00	-9.350153826032104e-01	4111
-1.083006181416517e+00	-1.132997069161896e+00	4112
-7.606476611871069e-01	1.103674708482105e-01	4113
-8.606620192327842e-01	2.510701966784997e-01	4114
-1.054176837325361e+00	-1.363841932920436e+00	4115
-9.845115383607547e-01	-1.629050537922004e+00	4116
1.583847663748903e+00	-4.713488786739861e-02	4117
1.780059273837551e+00	1.707897068070067e+00	4118
1.849364705598875e+00	-2.949678051119449e-01	4119
1.934057466448652e+00	-4.192807113525406e-01	4120
-7.131983924040711e-01	-4.624213967026879e-02	4121
-7.094375780894805e-01	5.310465121026767e-02	4122
-7.695735234263388e-01	-1.071717735507401e-01	4123
-8.252382049438770e-01	-1.793311155091966e-01	4124
-8.105739319010624e-01	1.761724138689023e-01	4125
1.930533114864068e+00	4.587002101616105e-01	4126
2.007561804418497e+00	-5.669459900714033e-01	4127
2.002513791198643e+00	6.229558047445303e-01	4128
2.066957973871681e+00	-7.359868420581097e-01	4129
2.057424372288258e+00	8.254235661867048e-01	4130
2.083260903397868e+00	1.073016547962314e+00	4131
1.508633120382079e+00	-4.127935594682961e-03	4132
1.577426129777593e+00	6.319224151538373e-02	4133
-6.523565959945510e-01	2.484343391011133e+00	4134
1.867209112440448e+00	1.995918409178706e+00	4135
2.238523141632650e+00	9.319790216533335e-01	4136
-1.226944285244360e+00	9.712824318210710e-01	4137
-1.226616947310615e+00	1.222770716448669e+00	4138
-1.196696423475221e+00	7.669850899452847e-01	4139
1.985045770153367e+00	-2.930365670553429e-01	4140
-1.185840845079142e+00	-6.562967329525107e-01	4141
-1.070327900703416e+00	-3.710674426722876e-01	4142
-1.227893284242220e+00	-8.310819437739791e-01	4143
3.348032715302027e-01	2.980880909627369e+00	4144
1.880055058922586e+00	2.080886415298288e-01	4145
1.041965137334812e+00	-2.725155546867231e+00	4146
3.505024675195003e-01	-2.995869426629250e+00	4147
1.986691772175505e+00	3.312801284541205e-01	4148
-9.799849161856724e-01	2.429764066918993e-01	4149
-9.218899208043240e-01	2.141874109225772e+00	4150
-1.118223141958449e+00	-1.871907119581016e+00	4151
-1.090177771456811e+00	1.814908255700054e+00	4152
1.633483082383232e+00	-2.039122929851342e+00	4153
-9.336338080830417e-01	-2.199455998349737e+00	4154
1.878313551037050e+00	-1.776773084680745e-01	4155
2.091313713058560e+00	1.296838582815954e+00	4156
2.086314677904835e+00	4.886974546340590e-01	4157
1.045004699185072e+00	2.696955215162714e+00	4158
1.512245701463632e+00	-2.295363829662431e+00	4159
1.407266054942713e+00	2.255201099593502e+00	4160
-1.005194141714463e+00	-2.600706877799845e-01	4161
-1.185056017973826e+00	1.508549793068043e+00	4162
2.026044768730297e+00	-1.727808432168947e+00	4163
-1.040264333297311e+00	3.420267126322774e-01	4164
-1.132309701978184e+00	-5.010135867538341e-01	4165
-1.150930410417246e+00	5.999469060440594e-01	4166
2.300600710824209e+00	-1.346387123963466e+00	4167
-6.450421586174948e-01	-2.522814434348389e+00	4168
-2.213301524541988e-01	-2.815179330446137e+00	4169
2.295289188939061e+00	-1.042335322842054e+00	4170
1.771292308270638e+00	1.102940204966521e-01	4171
1.770959726097223e+00	-8.597061911195519e-02	4172
-2.330347799999015e-01	2.795021737773071e+00	4173
-1.098383103548704e+00	4.608462446193451e-01	4174
-1.254099721884907e+00	-1.032752555531316e+00	4175
-8.004843397631195e-01	-1.689227757700100e-03	4176
-1.255567363343017e+00	-1.271029431736926e+00	4177
-1.220283648979815e+00	-1.548306145744925e+00	4178
1.659330064022055e+00	1.060625008567990e-02	4179
-9.373693777374401e-01	-1.643872831660561e-01	4180
-9.191468793581441e-01	1.577143397944131e-01	4181
-8.705779195378365e-01	-8.644991233291774e-02	4182
-8.592235695193350e-01	8.728278750211037e-02	4183
2.084968588184263e+00	-4.358367700815162e-01	4184
2.029166672797795e+00	1.624545050690571e+00	4185
2.173012364771139e+00	-6.033094465168726e-01	4186
2.173692446030656e+00	6.855472539235078e-01	4187
2.245508873595259e+00	-8.007125997733356e-01	4188
1.720478247662722e+00	2.275360247260051e+00	4189
-1.144768861305217e+00	-2.523658158202687e-01	4190
-1.416919239891215e+00	-9.084720764679444e-01	4191
7.079793143609410e-02	3.002094078758197e+00	4192
2.269167223928307e+00	1.500638816872566e+00	4193
-1.009428841038441e+00	2.488815436039572e+00	4194
-1.064450797787947e+00	-1.458096937119547e-01	4195
2.020980050326450e+00	1.943349035156639e-01	4196
7.864816402964012e-01	-3.074244327178086e+00	4197
1.805661934148197e+00	-2.275786147226519e+00	4198
-1.415497765199769e+00	1.097499388457307e+00	4199
8.941641989997580e-02	-3.018776079453557e+00	4200
1.412422464372358e+00	-2.646482077929935e+00	4201
2.013867378295210e+00	-1.587966166985284e-01	4202
-6.269639499533876e-01	2.889990825178194e+00	4203
7.788703055216353e-01	3.057258673053430e+00	4204
2.451586195847884e+00	-8.836895397510626e-01	4205
-1.188182777869301e+00	3.433022845253390e-01	4206
-1.114224301479622e+00	2.291170735402274e-01	4207
2.148049496406163e+00	3.397957789258498e-01	4208
2.281113093426409e+00	1.158295694556504e+00	4209
-1.412624508000911e+00	1.396058155117422e+00	4210
-1.325143541145302e+00	6.421333824716455e-01	4211
2.140395666554885e+00	-2.902006761969008e-01	4212
-1.364081138594973e+00	-7.053527590181873e-01	4213
-1.382320683455692e+00	8.440817935922005e-01	4214
-1.040357671386031e+00	1.354661095666226e-01	4215
-1.240526116536897e+00	2.099719254134956e+00	4216
1.928597584231444e+00	-2.006550808450692e+00	4217
-1.254476447198319e+00	-2.163529014785455e+00	4218
1.864947939391557e+00	1.079669725215526e-02	4219
1.887977401990258e+00	-5.672429049666388e-02	4220
2.363959552606520e+00	-6.447107845636184e-01	4221
-1.358217241423242e+00	1.730486912292808e+00	4222
-1.299341403896856e+00	-5.298435371908627e-01	4223
2.283776509735506e+00	-1.621562053012940e+00	4224
-1.003833758219917e+00	-2.551376056525788e+00	4225
-6.109561501007394e-01	-2.924978373276053e+00	4226
2.504308107333065e+00	-1.190260929801303e+00	4227
1.892956051755275e+00	8.529399998119572e-02	4228
-1.258835135681746e+00	4.797564064243889e-01	4229
-1.223696890085328e+00	-3.772117673530267e-01	4230
-1.403387675391853e+00	-1.783006816967628e+00	4231
-1.449804966740737e+00	-1.150017129553196e+00	4232
-1.451110849294875e+00	-1.435990993220688e+00	4233
-9.831177348211705e-01	-5.719345943244557e-02	4234
-9.682093452919278e-01	5.525014279387042e-02	4235
-9.098239371801538e-01	3.148268296685026e-03	4236
2.258419458237701e+00	-4.510381892941417e-01	4237
2.268111226584316e+00	5.261838739579776e-01	4238
2.372748810176422e+00	7.652333560129451e-01	4239
1.675749045014462e+00	-2.562507787631820e+00	4240
2.028195182739847e+00	2.259308553482203e+00	4241
4.975752763733501e-01	3.368714197558849e+00	4242
-1.302743916357898e+00	-2.394499523586327e-01	4243
-1.583252809823896e+00	-2.071997824801302e+00	4244
5.047418102152423e-01	-3.383915641166984e+00	4245
1.182924044949050e+00	3.080068138176239e+00	4246
-1.630037940210738e+00	1.249062693006524e+00	4247
-2.869987031074019e-01	-3.195463937302119e+00	4248
2.686837738710203e+00	-1.000578081748700e+00	4249
-1.633187080372234e+00	-1.001431456067252e+00	4250
1.241503136052638e+00	-3.048945742190531e+00	4251
1.548027293293002e+00	2.537270218033754e+00	4252
2.530279301901932e+00	-1.473192676446523e+00	4253
-1.525203297327443e+00	6.946594506883905e-01	4254
-1.488596624483749e+00	-5.592768972097241e-01	4255
2.212020701404295e+00	1.836635718791143e+00	4256
-1.593839742576215e+00	9.453878308885891e-01	4257
-3.114191925702287e-01	3.172647685030755e+00	4258
2.110724468008128e+00	-2.251314281899541e+00	4259
-1.621596389991447e+00	1.601997619015965e+00	4260
-1.378741686205430e+00	2.445549638588128e+00	4261
-8.291068747577637e-01	2.791334475109982e+00	4262
2.226875854993735e+00	-1.922817942360276e+00	4263
-1.398935167755136e+00	-3.849878179541469e-01	4264
-1.442371582917823e+00	4.995745398332926e-01	4265
-1.266415761995167e+00	2.115267353073285e-01	4266
-1.206448685455823e+00	-1.219225701214318e-01	4267
2.458492994006249e+00	-4.670875990144382e-01	4268
2.336455394570991e+00	3.507260330684934e-01	4269
2.583962753696968e+00	-6.990999436575435e-01	4270
2.493135306368590e+00	1.337341655933391e+00	4271
2.184394732816108e+00	1.802444715784284e-01	4272
2.169982025162874e+00	-1.345416929159844e-01	4273
-1.568064489261642e+00	-7.601893933946167e-01	4274
-1.176012143341874e+00	1.043348213399033e-01	4275
-1.099963724962819e+00	-3.288603546983423e-03	4276
2.026509434936134e+00	1.605134312452794e-02	4277
-1.551582336612443e+00	1.996036426106142e+00	4278
-1.381688887470811e+00	-2.519613275993280e+00	4279
-1.034160789628631e+00	-2.975270733964431e+00	4280
-1.355507779321168e+00	3.431423723550099e-01	4281
-1.669213209048095e+00	-1.641868409419014e+00	4282
-1.672709870074950e+00	-1.291280094819700e+00	4283
2.318554328276480e+00	-2.826235987716343e-01	4284
2.480692545589581e+00	5.758805173847711e-01	4285
2.451434776350000e+00	9.875826810573731e-01	4286
9.784010748716451e-01	-3.452023716106172e+00	4287
1.882676149877075e+00	2.558604043581906e+00	4288
2.427959753324988e-02	3.415990839008752e+00	4289
-1.856619165548850e+00	1.847327225808777e+00	4290
1.637351488447164e+00	-2.900091694015995e+00	4291
-1.833540607035024e+00	1.070870589200089e+00	4292
-1.801933560701215e+00	-8.259227563868299e-01	4293
1.993018025590182e+00	-2.544380505453336e+00	4294
-7.279996496160959e-01	-3.317075388934958e+00	4295
5.626683885398533e-02	-3.432385682180655e+00	4296
-1.329501586215113e+00	6.657355230999318e-02	4297
2.371467930332253e+00	2.157588615996763e+00	4298
2.523887864396208e+00	-2.715938594863022e-01	4299
2.502067358360042e+00	1.659842166783704e+00	4300
-1.903404391591379e+00	-1.911480099231375e+00	4301
-1.482063387836550e+00	-2.955370100246616e+00	4302
-1.546044818412768e+00	3.396100013793085e-01	4303
2.375156538303453e+00	1.637814445537025e-01	4304
2.757683823033573e+00	-1.283752737894773e+00	4305
-1.873188835954937e+00	1.431618813483673e+00	4306
9.373372846306129e-01	3.448972503568748e+00	4307
2.348961771433626e+00	-1.027539302013459e-01	4308
-1.880615252671442e+00	-1.114683746027690e+00	4309
1.405292725795698e+00	2.784005398693626e+00	4310
-1.214034866318450e+00	2.794065072785771e+00	4311
2.431810014304085e+00	-2.179204065661614e+00	4312
2.519416631000333e+00	-1.790299716745511e+00	4313
-1.653444392813920e+00	5.250856865528302e-01	4314
-1.597483786075558e+00	-3.926513122082320e-01	4315
-1.437881965276830e+00	1.912633926861377e-01	4316
-1.483171027476049e+00	-2.243789692272549e-01	4317
-1.366293904956290e+00	-8.881581671643615e-02	4318
2.840650065445160e+00	-7.793233576566991e-01	4319
2.557487338051925e+00	3.682531006829536e-01	4320
2.689431561777426e+00	-4.916503073806098e-01	4321
-1.704777254157197e+00	-5.894706321314103e-01	4322
-1.755429477807527e+00	7.664256311146206e-01	4323
-1.751348695302605e+00	2.331313599658989e+00	4324
-1.768365166636998e+00	-2.423659140765283e+00	4325
-1.925122772686203e+00	-1.468349695337044e+00	4326
-1.245295536929212e+00	-2.587761821379155e-02	4327
2.595622130927423e+00	7.874770562550412e-01	4328
2.693765742740287e+00	1.136293473132439e+00	4329
6.833553692207721e-01	-3.813737036529061e+00	4330
3.237813706893850e-01	-3.801978693434048e+00	4331
-3.663111618182502e-01	3.603529223463707e+00	4332
1.489445571785228e+00	-3.374176517921981e+00	4333
2.960787997769635e+00	-5.321308865490370e-01	4334
-2.114525161998326e+00	2.157178816345960e+00	4335
2.998089518788032e-01	3.786575301201507e+00	4336
6.467281750398384e-01	3.802695474310565e+00	4337
-1.631822499919983e+00	2.733904545697674e+00	4338
-1.942331342979215e+00	-2.859286116904098e+00	4339
-1.525183323680300e+00	-1.290663596005641e-02	4340
-2.148402556290105e+00	1.650924032924120e+00	4341
2.256214763372910e+00	2.517096054380429e+00	4342
-7.046425610147423e-01	3.295482734085676e+00	4343
2.334731180950551e+00	-2.509756259635142e+00	4344
-1.216552039038437e+00	-3.366277525651328e+00	4345
1.697338375086408e+00	2.855903847997987e+00	4346
-1.020854486315534e+00	3.137001717964037e+00	4347
-3.684375329076351e-01	-3.625497390792972e+00	4348
2.958494722066823e+00	-1.055010317234849e+00	4349
-1.897718084764649e+00	5.640124614114916e-01	4350
-2.017701445552948e+00	8.613122467578346e-01	4351
-1.687470769471906e+00	-2.081955053996659e-01	4352
2.599029305438889e+00	1.480600781489333e-01	4353
1.378511921637307e+00	3.478735464216232e+00	4354
-2.107494358308320e+00	1.223342933332794e+00	4355
-2.215997176476413e+00	-1.703900875621450e+00	4356
2.555275706073518e+00	-6.339899616320856e-02	4357
-2.070395961052671e+00	-9.073233639956939e-01	4358
-2.150401813279350e+00	-2.249657283716159e+00	4359
2.250975838544699e+00	2.423285148573748e-02	4360
1.562518824630935e+00	3.135201475397823e+00	4361
2.758472983716727e+00	-2.047732795360286e+00	4362
2.797065448811205e+00	-1.608650301237466e+00	4363
-1.764830444652656e+00	3.366608057921002e-01	4364
-1.632249628556520e+00	1.629896606721384e-01	4365
2.707368318318808e+00	5.621449945184466e-01	4366
2.757042334883217e+00	1.449401748079765e+00	4367
2.761748787921496e+00	-2.644726316947070e-01	4368
-1.823414749917777e+00	-3.967345889024453e-01	4369
-1.952758014792702e+00	-6.252834069037693e-01	4370
-2.163383386193164e+00	-1.258093275163702e+00	4371
2.709738928018316e+00	1.980775864911441e+00	4372
2.863514803764506e+00	9.005342032179735e-01	4373
-1.453957511255949e+00	3.131654413028110e+00	4374
1.226911482754670e+00	-3.856208399805561e+00	4375
1.906776300595052e+00	-3.241539896695302e+00	4376
1.944445011597887e+00	3.148690028238609e+00	4377
-8.707787857703569e-01	-3.759338575648222e+00	4378
2.087048755577707e+00	2.869882444380346e+00	4379
3.123772592623032e+00	-7.912101343626393e-01	4380
-1.418006793296528e-01	-3.854419483301002e+00	4381
1.805799760224196e+00	3.488202612838355e+00	4382
4.527954700716740e-01	4.236304269718670e+00	4383
2.699436914642959e+00	-2.419346275486567e+00	4384
-2.238078212424505e+00	-6.713567384511478e-01	4385
-2.400914217214658e+00	-2.674583671262333e+00	4386
-1.734803171508688e+00	-3.331173100628998e+00	4387
2.423155392179258e+00	5.550615758167238e-02	4388
-1.919459309981228e+00	-1.838830016740882e-01	4389
2.779819274633613e+00	-1.031715004316378e-02	4390
2.121609852623370e+00	-2.903197938774460e+00	4391
1.123425914153180e+00	3.885163032927364e+00	4392
-2.419801953841878e+00	1.409196799528329e+00	4393
-2.517638198321357e+00	-2.016350250455722e+00	4394
3.041527529836185e+00	-2.638339691304896e-01	4395
2.992819224479105e+00	6.358350669659542e-01	4396
4.888370264753590e-01	-4.250563370355201e+00	4397
-2.054550315477927e+00	2.592325750437000e+00	4398
3.405758589809332e-03	3.877133959471975e+00	4399
-2.456611611688206e+00	1.925944516714587e+00	4400
-8.052590413532471e-01	3.747282572636099e+00	4401
-1.036728309573887e+00	3.562390256109983e+00	4402
-2.318786515546791e+00	9.786634884368726e-01	4403
2.780942942931480e+00	3.172834311589492e-01	4404
-2.486821016940776e+00	-1.445213226651084e+00	4405
3.076977301569363e+00	-1.853840286124636e+00	4406
3.050534218978685e+00	-1.379106941939676e+00	4407
-1.854877792488439e+00	1.303365308062023e-01	4408
-1.733918415267041e+00	-2.033692393681871e-02	4409
2.648514794769245e+00	2.386907599217244e+00	4410
2.802512190475288e+00	1.761612926985797e+00	4411
-2.018525823590940e+00	3.407020022481442e-01	4412
-2.082071634897401e+00	-4.008135220206180e-01	4413
-2.178323491490523e+00	6.234356315528944e-01	4414
-2.379051344807200e+00	-1.012671541558356e+00	4415
2.978070493485484e+00	1.202013880432050e+00	4416
-1.432942577320520e+00	-3.806664587714810e+00	4417
1.594084797394007e+00	3.899806657476071e+00	4418
-2.567475182695817e+00	-7.346299929706460e-01	4419
6.164262325282141e-02	-4.225694720053827e+00	4420
-2.313801888692614e+00	3.600251772196819e-01	4421
-1.541978719873081e+00	3.634666917525839e+00	4422
3.070988171582366e+00	-2.257626484430884e+00	4423
-2.113112154919467e+00	9.789730499566103e-02	4424
-1.931067053457514e+00	3.055081041626154e+00	4425
1.005188480496764e+00	-4.216686398145554e+00	4426
-2.842077459333230e+00	-2.412423153321044e+00	4427
2.343198990128670e+00	3.177615181614151e+00	4428
-2.464459930028587e+00	2.379361256751261e+00	4429
-5.619045672024272e-01	-4.041393799235155e+00	4430
1.768869164142727e+00	-3.746515800530177e+00	4431
-4.453758047938235e-01	4.086753063110800e+00	4432
-2.774040385605958e+00	1.643590880654023e+00	4433
-2.268256549851328e+00	-3.202077474026616e+00	4434
2.999841903757885e+00	2.232559645906587e+00	4435
-2.184400054533334e+00	-1.542959225250688e-01	4436
-2.849155418950544e+00	-1.711556470121165e+00	4437
3.247474866468658e+00	-4.984610166214332e-01	4438
3.066439148017223e+00	1.536870682870419e+00	4439
2.520348364625197e+00	2.806610089175405e+00	4440
2.239315233226761e+00	3.468482066957365e+00	4441
8.867850601947983e-01	4.247964587692757e+00	4442
2.330999894722110e+00	-3.272145902671155e+00	4443
2.565076621539185e+00	-2.833258490394276e+00	4444
-2.501841180545076e+00	7.006054263162217e-01	4445
3.158590789607505e+00	9.184277983035142e-01	4446
-2.732245266403153e+00	-1.153820315763349e+00	4447
3.032778941558002e+00	8.823953074307000e-02	4448
3.079337520873834e+00	3.487514966500244e-01	4449
-2.663992553606972e+00	1.124600379957789e+00	4450
3.373299045795538e+00	-1.598653888648316e+00	4451
3.270407522234536e+00	-1.104531406837097e+00	4452
-2.379800205363645e+00	-4.089796147450924e-01	4453
-4.516657113909943e-02	4.411875912838929e+00	4454
-2.032368334525893e+00	-3.751982322366678e+00	4455
2.087964048450247e+00	-3.657502032728211e+00	4456
-2.792461015827321e+00	-2.974513262396188e+00	4457
-2.406901872326947e+00	2.877845701553861e+00	4458
6.568047230798046e-01	4.737791574123189e+00	4459
-1.067898686735172e+00	-4.236982410643226e+00	4460
-3.137946476013056e+00	-1.359330688888286e+00	4461
3.133387927567198e+00	1.880521747276743e+00	4462
1.550767185780504e+00	-4.260571879378615e+00	4463
1.372178439684271e+00	4.340525778528376e+00	4464
-3.861482090464324e-01	-4.592658801072240e+00	4465
3.430972104312906e+00	-2.021712037065872e+00	4466
2.466419741250823e-01	-4.728833588029432e+00	4467
3.291117619144607e+00	6.043705146963961e-01	4468
3.303922007992085e+00	1.252950402004550e+00	4469
-2.724381137747238e+00	-4.269930055778794e-01	4470
-9.373637399977824e-01	4.249405053505896e+00	4471
-2.097363759514306e+00	3.587427234565986e+00	4472
7.791359650386949e-01	-4.726734093041984e+00	4473
-2.936924159197325e+00	-2.142868726271863e+00	4474
2.061655173967795e+00	3.896006165086972e+00	4475
-2.847342658440236e+00	2.101722600328190e+00	4476
-2.401807574745520e+00	5.589406419852300e-02	4477
2.945970721776249e+00	2.665190630131628e+00	4478
2.781809776237493e+00	3.159760954715504e+00	4479
2.679332687717216e+00	3.462549647020076e+00	4480
2.796132461011838e+00	-3.237251765062330e+00	4481
3.001067938685707e+00	-2.701464378296568e+00	4482
-3.059063608847385e+00	1.311747461213622e+00	4483
3.311340987727846e+00	-1.470627752678540e-01	4484
3.303243362345084e+00	1.730580164216526e-01	4485
-2.948333334544952e+00	-8.264968963916361e-01	4486
-2.874660583284721e+00	8.006509061168022e-01	4487
3.633917512148196e+00	-1.286094119647039e+00	4488
3.446537267432996e+00	-7.905222382906010e-01	4489
-2.489418461258228e+00	-1.221968414743512e-01	4490
-2.653179009503993e+00	3.942982068633623e-01	4491
-3.286506743595246e+00	-1.815355798334865e+00	4492
1.868038410650170e+00	4.347902635294533e+00	4493
-2.645732264074686e+00	-3.585761211443233e+00	4494
-2.664642340921588e+00	3.413061978349071e+00	4495
1.035789305887693e+00	4.792204957918015e+00	4496
-1.696567378220870e+00	-4.294955038771405e+00	4497
3.419884621712984e+00	1.621149366746208e+00	4498
-5.463789399877682e-01	4.631108705390239e+00	4499
-3.197069899028639e+00	1.767290164934229e+00	4500
2.580920225850729e+00	-3.683665937819015e+00	4501
1.299229810482225e+00	-4.708267942067351e+00	4502
-1.228848219923518e+00	4.034369094953330e+00	4503
-1.860986108000096e+00	4.074986208144959e+00	4504
-3.046314337430997e+00	4.429543285362726e-01	4505
2.513719249082345e+00	3.879811782346949e+00	4506
3.580328861441120e+00	3.949055325064603e-01	4507
3.569587775557248e+00	-4.279831421444336e-01	4508
-2.867399320364159e+00	2.620210485951670e+00	4509
3.494893716253460e+00	9.196602103645676e-01	4510
-9.658636391679953e-01	-4.870849908606408e+00	4511
3.761975321492143e+00	-1.714010569273572e+00	4512
-1.834573059768592e-01	-5.187835661627686e+00	4513
8.430424268428519e-02	5.055386658832897e+00	4514
5.148425988326319e-01	-5.275548372006893e+00	4515
3.392494192406688e+00	2.179404987234976e+00	4516
3.340547440933660e+00	2.495204128326925e+00	4517
3.247514674746935e+00	3.040248331006659e+00	4518
3.142906227093838e+00	3.451310206452809e+00	4519
3.282314142668633e+00	-3.115179120107902e+00	4520
3.430440536348002e+00	-2.493895929010488e+00	4521
-3.387785796744954e+00	-9.698498526874129e-01	4522
-3.304268058170797e+00	9.340213596820763e-01	4523
-3.125142188467724e+00	-4.645790223920648e-01	4524
3.845443143029879e+00	-9.224149352753586e-01	4525
3.587241430265604e+00	1.839600653312863e-02	4526
-2.843214409933326e+00	-9.245583851137175e-02	4527
-1.377059253544330e+00	4.540639793932479e+00	4528
-3.590623257239785e+00	-5.432430187749925e-01	4529
-3.260143946536745e+00	-2.731764066117483e+00	4530
1.623850565197879e+00	4.872929258001716e+00	4531
1.870684408191992e+00	-4.732231438141234e+00	4532
3.994938806123472e+00	-5.143700703623731e-01	4533
3.892486715803700e+00	-2.192516191318473e-01	4534
2.308244480033822e+00	-4.125862458708649e+00	4535
-3.508475983454946e+00	1.379103358444214e+00	4536
1.108472174524035e+00	-5.258051054147103e+00	4537
-1.102144831047923e+00	4.810806624339430e+00	4538
-2.475139374145389e+00	4.006887392709802e+00	4539
-2.853792239454837e+00	3.132271333728928e+00	4540
-2.382103113602876e+00	-4.221325796231089e+00	4541
4.047730698324137e+00	-1.339831134369684e+00	4542
-5.414909950249329e-01	5.307213381303335e+00	4543
-3.401610187335212e+00	-2.291312377340836e+00	4544
2.357758681277979e+00	4.340224684286984e+00	4545
-3.597854264573258e+00	-1.421676546866367e+00	4546
3.118575236089239e+00	-3.631377169591801e+00	4547
-3.192303523850504e+00	-3.392657455324530e+00	4548
7.678840581762953e-01	5.316390277814324e+00	4549
3.675932473062122e+00	1.290974632561587e+00	4550
-3.294782965954951e+00	2.288936447455473e+00	4551
3.852051014426949e+00	7.063716673639016e-01	4552
-1.671071501252940e+00	-5.012061580457464e+00	4553
-7.948246093689280e-01	-5.571061815759119e+00	4554
8.995742185668867e-02	-5.832186205606248e+00	4555
3.771738246333571e+00	1.917941922570606e+00	4556
2.976372832018657e+00	3.882183890908338e+00	4557
3.756929111291445e+00	2.401509789082098e+00	4558
3.709747629621877e+00	2.839132442760190e+00	4559
3.639962303759379e+00	3.359422727129206e+00	4560
3.773747053718644e+00	-2.903252336483029e+00	4561
3.839368520827967e+00	-2.203985335405700e+00	4562
-3.502236016406139e+00	5.161136993421780e-01	4563
3.899113524535426e+00	2.107469322470832e-01	4564
-3.258080864443121e+00	-9.679365848543862e-03	4565
-1.210991879890480e+00	5.500258732273779e+00	4566
2.175114576495197e+00	4.851624299199237e+00	4567
-3.865973680558827e+00	-9.772256444039821e-01	4568
-3.772689871434960e+00	9.407013376662369e-01	4569
-3.780939596353385e+00	-1.920229992115473e+00	4570
-2.107879299742896e+00	4.628358108267477e+00	4571
-3.681077646022067e+00	1.893747416448864e+00	4572
2.516572430167237e+00	-4.734589467506457e+00	4573
2.874847066282867e+00	-4.147012084075279e+00	4574
1.334867720885113e+00	5.358888759454627e+00	4575
8.166916832780918e-01	-5.906507568156893e+00	4576
3.679606940862836e+00	-3.476657240772993e+00	4577
4.227785784661483e+00	4.899469474009838e-01	4578
4.272677294573429e+00	-9.063383568602355e-01	4579
4.264715187566714e+00	-1.308929020913479e-01	4580
-1.629735518090108e+00	5.073453160630380e+00	4581
-3.786990430871128e+00	-2.658638549133906e+00	4582
-3.731039079916089e+00	-3.113138971013023e+00	4583
1.644560393203102e+00	-5.220849202041192e+00	4584
-3.742804508402480e+00	8.771300773248962e-03	4585
-3.342061582306295e+00	2.851127535037582e+00	4586
-2.094794604545554e+00	-4.799184227860583e+00	4587
-3.047929309644688e+00	-4.044648424094907e+00	4588
1.033591006576037e-01	5.742123249751687e+00	4589
3.500677463118380e+00	3.866834921006278e+00	4590
-1.570286215251439e+00	-5.818816386106418e+00	4591
-5.394081354646925e-01	-6.333207110922999e+00	4592
4.106060627910844e+00	1.099284353918519e+00	4593
4.097845058414687e+00	1.547291095978638e+00	4594
2.826527011106312e+00	4.324957764349491e+00	4595
4.182695973032799e+00	2.172326600148972e+00	4596
4.180767645380865e+00	2.668735158028377e+00	4597
4.151948056265693e+00	3.163613685432765e+00	4598
4.251197012018262e+00	-2.594681153318568e+00	4599
4.208101386089184e+00	-1.832154733699340e+00	4600
-1.867357115719591e+00	5.726404623828603e+00	4601
-4.119332310492305e+00	-1.473449193519014e+00	4602
-2.774814323378894e+00	4.603679566719018e+00	4603
-3.062181682030682e+00	3.867443313800480e+00	4604
-2.277694861913933e+00	5.289990572447557e+00	4605
1.951294987612392e+00	5.426359008260980e+00	4606
-3.347236073151475e+00	3.421314952593256e+00	4607
-2.154855693666465e+00	-5.448275716699452e+00	4608
-2.806481083808550e+00	-4.724227143326284e+00	4609
4.077994725123672e+00	3.748595942319778e+00	4610
4.243540184677490e+00	-3.214170386342439e+00	4611
2.233855143739275e+00	-5.258580568729879e+00	4612
3.494522890356842e+00	-4.074730937076607e+00	4613
-3.810241053771891e+00	2.474263945444103e+00	4614
-3.996637322081521e+00	4.708908732496740e-01	4615
3.167224568725068e+00	-4.726408595554849e+00	4616
-4.020424755040385e+00	1.439759841509008e+00	4617
2.972468506459349e-01	-6.584801501628415e+00	4618
-3.686292369254655e+00	-3.788209439994326e+00	4619
3.327124455158278e+00	4.336307014415282e+00	4620
-6.379998037543654e-01	6.031516660339113e+00	4621
4.441479349267915e+00	-5.162275620661505e-01	4622
4.641148677670680e+00	2.007846488553316e-01	4623
-4.288577130816710e+00	-2.285163400539526e+00	4624
-4.296678040792062e+00	-2.951696840088217e+00	4625
1.418561477896818e+00	-5.856128321160434e+00	4626
-4.082996289685265e+00	-4.558504172713156e-01	4627
8.912416332356340e-01	6.013627287766452e+00	4628
-1.371963248207269e+00	-6.709933117511862e+00	4629
4.555831770898298e+00	8.701418987638514e-01	4630
4.509131128833536e+00	1.329604848099002e+00	4631
2.695762176671217e+00	4.826656142208663e+00	4632
4.572783904241232e+00	1.800866020319834e+00	4633
4.658714513040848e+00	2.422287826555243e+00	4634
4.676763644308185e+00	2.946056583238450e+00	4635
4.691782862945151e+00	-2.186738917301276e+00	4636
4.520710031553913e+00	-1.384443502023480e+00	4637
1.898011092752296e+00	-5.855833736213219e+00	4638
-2.565990037046878e+00	5.972507930308211e+00	4639
4.787012007387894e+00	-2.836952144716222e+00	4640
-4.716986493489210e+00	-1.771909533885371e+00	4641
1.277218632515178e-01	6.520734361553136e+00	4642
-4.304522823815852e+00	9.420464821721202e-01	4643
2.874176523387499e+00	-5.301308996136302e+00	4644
3.920232760889387e+00	4.325098190237173e+00	4645
-1.350893662402141e+00	6.250925842183683e+00	4646
-3.883705777356723e+00	3.097051786411393e+00	4647
4.141439185349833e+00	-3.880862194398046e+00	4648
4.755799219861367e+00	-9.136304686537805e-01	4649
-4.264544449575834e+00	3.226447385062086e-02	4650
1.148745903809495e+00	-6.621006071760204e+00	4651
-3.540614168629679e+00	-4.526368936404735e+00	4652
-2.964132200291047e+00	-5.520601690920937e+00	4653
-4.889795236884870e-01	-7.190606813910659e+00	4654
-3.043796424917376e+00	5.321806207603177e+00	4655
1.574843273735699e+00	6.027561185079136e+00	4656
-3.467825932488264e+00	4.450350377188601e+00	4657
-3.677377171798412e+00	3.945346065831314e+00	4658
3.850815644929705e+00	-4.660299389111694e+00	4659
-4.234060467661155e+00	2.016000158699348e+00	4660
-4.409164411990167e+00	-9.535433966686013e-01	4661
4.721985639803852e+00	-1.548479256306084e-01	4662
-4.170362786884780e+00	-3.586308847909788e+00	4663
-4.865820075824462e+00	-2.611271532316943e+00	4664
-2.200444851791605e+00	-6.313961129893194e+00	4665
4.642029115019326e+00	3.541902590279970e+00	4666
2.541777464528246e+00	5.392157500845999e+00	4667
4.978791737022910e+00	1.143692573167175e+00	4668
5.002051573417652e+00	1.502390825439225e+00	4669
5.036806742178663e+00	5.892203045159542e-01	4670
5.111718812822528e+00	2.042702083467689e+00	4671
5.209586702620785e+00	2.665433413510253e+00	4672
5.073508054868127e+00	-1.685507353857976e+00	4673
3.573633984892353e+00	-5.306958123849888e+00	4674
-1.317234615674919e+00	-7.658398688279516e+00	4675
-2.047769749461523e+00	6.504233330533383e+00	4676
5.281958722152671e+00	-2.344658493212692e+00	4677
-4.543748032973093e+00	4.710693273220319e-01	4678
5.384168298140423e-01	-7.437871920262701e+00	4679
3.356679912423538e+00	5.128507721107667e+00	4680
4.567783401686688e+00	4.196034870518583e+00	4681
-3.389073133958230e+00	6.076220212268357e+00	4682
2.568977917503028e+00	-5.894833498620256e+00	4683
-4.601405197055241e+00	1.493728552762509e+00	4684
-2.121983269404229e+00	-7.214336996716311e+00	4685
2.303376429484788e+00	6.067200287719026e+00	4686
4.923022207980401e+00	-6.017688969294139e-01	4687
-5.381599215559483e+00	-2.086670706308563e+00	4688
1.657730947977950e+00	-6.547269472621075e+00	4689
4.788698573438356e+00	-3.557353136677810e+00	4690
1.062990438216410e+00	6.797718880413521e+00	4691
5.116818112112077e+00	1.206863906269261e-01	4692
-7.137833854802729e-01	6.855626749610045e+00	4693
-4.399215743154522e+00	2.663390524197094e+00	4694
4.570146246639812e+00	-4.483486725733029e+00	4695
-3.845925881155657e+00	-5.366507991116700e+00	4696
-4.357358440264676e+00	3.660958703839626e+00	4697
-3.861899156747036e+00	5.181096113082091e+00	4698
-4.158088883448822e+00	4.440598641740257e+00	4699
-4.639229307391603e+00	-4.091384889461879e-01	4700
-5.070089246165502e+00	-1.171616084300126e+00	4701
-4.165043789311428e+00	-4.259212130140399e+00	4702
-4.864532019944344e+00	-3.349596037252833e+00	4703
-3.115646604873401e+00	-6.429410694632105e+00	4704
5.497626300222644e+00	1.289320864346538e+00	4705
5.503335490361587e+00	9.165426997381273e-01	4706
5.225193392886104e+00	3.296536920533374e+00	4707
5.577319736813637e+00	1.666464909686775e+00	4708
5.725431935115978e+00	2.264969260864301e+00	4709
-4.304823382597506e+00	5.987443001538279e+00	4710
-2.144712760200635e+00	-8.205372545083593e+00	4711
-1.498233092822841e+00	7.096348573984513e+00	4712
-3.288439806606830e-01	-8.147053148025162e+00	4713
1.911386807684385e+00	6.785890749732742e+00	4714
1.843340459399644e-01	7.401567800524042e+00	4715
3.105910804320677e+00	5.921740581458661e+00	4716
-4.828158954997954e+00	-1.920914230560634e-02	4717
5.406613520763062e+00	-3.098243003821740e+00	4718
3.269751007251046e+00	-5.940981128107230e+00	4719
-5.550174802863648e+00	-2.893414296265081e+00	4720
-4.863088185226728e+00	2.134882713786297e+00	4721
5.186266973162899e+00	-3.990273730363388e-01	4722
5.256623304278778e+00	-9.830485463004768e-01	4723
-5.814977245091142e+00	-1.428352764299567e+00	4724
-4.900699427763254e+00	9.536863346763879e-01	4725
-3.140237961688809e+00	-7.481140806026520e+00	4726
4.343775079659896e+00	-5.228902518999480e+00	4727
5.702041417688359e+00	-1.848573174612300e+00	4728
5.200783460759148e+00	3.965566063365643e+00	4729
5.565390612263124e+00	3.865422160160302e-01	4730
6.043232495187917e+00	1.110067684905563e+00	4731
-4.772094858741489e+00	-4.006316352483398e+00	4732
-2.868896300653788e+00	6.779848743631367e+00	4733
2.191205261264731e+00	-6.571746394976601e+00	4734
5.305368625793752e+00	-4.167212063004573e+00	4735
4.369527913011127e+00	4.881289068897254e+00	4736
-4.996858195605675e+00	3.187670611011188e+00	4737
-4.911266665428489e+00	4.217316740944561e+00	4738
-4.677694294110955e+00	5.077793690192534e+00	4739
-5.340985921126882e+00	-5.151919168632405e-01	4740
-4.126883392083744e+00	-6.340516366022991e+00	4741
5.838840126000253e+00	2.956448626113624e+00	4742
6.239072514755109e+00	1.819603599193923e+00	4743
-5.247482431277120e+00	5.842385825584113e+00	4744
-4.312091412281573e+00	-7.496690977147691e+00	4745
-6.147966814584922e+00	-2.240590385977743e+00	4746
6.689024056505976e-01	-8.477352333160917e+00	4747
-5.566241805937794e+00	2.579851357823384e+00	4748
5.115906103222543e+00	4.718233817569064e+00	4749
-2.281680541205322e+00	7.376911727501470e+00	4750
-5.548083284649840e+00	-3.738948583244321e+00	4751
6.025518044824124e+00	-3.695392493449199e+00	4752
4.046162775723258e+00	-5.952736771756344e+00	4753
-5.533465242555238e+00	4.847715966491868e+00	4754
-1.224881171095604e+00	-8.710661485681266e+00	4755
-7.789037069658376e-01	7.791152319917289e+00	4756
-5.256687090416967e+00	1.545927504162064e+00	4757
-4.735009499386824e+00	-4.778224094775611e+00	4758
1.291866297886945e+00	7.681898365827982e+00	4759
6.761688313503711e+00	1.292606684109146e+00	4760
5.945773393120867e+00	-2.553196404955973e+00	4761
5.862093049108911e+00	3.678391705007987e+00	4762
1.887865530953205e+00	-7.330793558339577e+00	4763
-5.660171822726340e+00	3.760567928804897e+00	4764
2.798640083317790e+00	6.748123948483986e+00	4765
5.168597857990680e+00	-5.012171689258736e+00	4766
5.975611700459154e+00	-1.159517618814558e+00	4767
-5.155203011387297e+00	4.422136711667678e-01	4768
5.626952666802992e+00	-1.303334502519430e-01	4769
-3.858444245256387e+00	6.882291280530334e+00	4770
-3.202421335270417e+00	-8.611924359123661e+00	4771
3.957372985073620e+00	5.699902053044376e+00	4772
-4.738142485278144e+00	-5.633880683758727e+00	4773
2.944265627377078e+00	-6.614248035443650e+00	4774
-6.148941280896225e+00	-6.752972979123921e-01	4775
6.416172694717925e+00	2.517490175740863e+00	4776
3.718716208059862e+00	-6.657507120595676e+00	4777
1.467347773369089e+00	-7.849490369611368e+00	4778
-6.338206409995811e+00	-3.191579523860436e+00	4779
6.683864078428897e+00	-3.074787572101974e+00	4780
2.774327214867881e-01	8.397606642545279e+00	4781
-1.668997497586977e+00	8.053043843768938e+00	4782
6.550872992317966e+00	3.292289134686825e+00	4783
-6.045777125463359e+00	1.872187092204791e+00	4784
-4.886371440794143e+00	6.799887227193171e+00	4785
-5.455855102763032e+00	-1.187786022728292e-01	4786
-2.236347063967440e+00	-9.336661055384516e+00	4787
6.354896036319922e+00	-4.581784147583438e-01	4788
6.150965794264216e+00	1.922484422499743e-01	4789
-3.234102291043214e+00	7.691687072318345e+00	4790
6.013793610456633e+00	-4.625016053993088e+00	4791
5.839795292325681e+00	4.445945315361857e+00	4792
6.993099804531921e+00	2.018931375674695e+00	4793
-1.963028494419551e-01	-9.232263615946962e+00	4794
-6.226152717724333e+00	5.584867375180676e+00	4795
2.334615867931298e+00	7.637431265784307e+00	4796
-5.443988789492766e+00	-4.498792311883264e+00	4797
4.918583602116021e+00	-5.862208239680872e+00	4798
-6.348575162847511e+00	3.110942069321810e+00	4799
-5.866141980615004e+00	2.350743493432243e-02	4800
-5.096216219870398e+00	-6.660550424949597e+00	4801
6.560705432079328e+00	5.871496209381545e-01	4802
6.413840491861962e+00	-1.863594068136956e+00	4803
2.650982063093060e+00	-7.312573146583568e+00	4804
-6.399575970698617e+00	4.397036255173012e+00	4805
3.691353342332324e+00	6.565647905442423e+00	4806
5.678597061823279e+00	-7.108822616911443e-01	4807
-5.570271386245208e+00	9.498318070111866e-01	4808
-6.629853264767825e+00	-1.451241708109980e+00	4809
-4.480306071452117e+00	-8.772779405262719e+00	4810
4.854977676898984e+00	5.559850004057776e+00	4811
-5.529625177763760e+00	-5.201338711727735e+00	4812
-6.309681307361055e+00	-4.748276399145325e+00	4813
3.420723955183654e+00	-7.367925426727417e+00	4814
-4.365717939729439e+00	7.811876358047072e+00	4815
-7.223384713526594e+00	5.123168754287724e+00	4816
-7.022327933225319e+00	-2.405360307761328e+00	4817
-6.939102323421456e+00	2.309333574940634e+00	4818
8.996424525664046e-01	-9.610755652557270e+00	4819
7.201340748726083e+00	2.801165541756046e+00	4820
-2.561535419158714e+00	8.365213393291308e+00	4821
-1.178707873590180e+00	-9.902085190608096e+00	4822
1.584630691615073e+00	8.679060061183142e+00	4823
5.863779322572698e+00	-5.600722122550241e+00	4824
-7.013656191284941e+00	-6.759738384483875e-01	4825
3.362071635688829e+00	7.524017550039098e+00	4826
5.733761154651227e+00	5.330853370444196e+00	4827
4.589188819761133e+00	-6.676803954813977e+00	4828
-8.384948431697502e-01	8.853718058231077e+00	4829
-3.533779721934494e+00	-9.802247985790435e+00	4830
6.587997303882609e+00	4.111255696765878e+00	4831
6.833575377019680e+00	-4.055271711415616e+00	4832
2.288625242747039e+00	-8.183940057280251e+00	4833
7.326836731207854e+00	7.486724195118458e-01	4834
7.577213843117848e+00	1.431847357746297e+00	4835
-5.954386151761595e+00	6.629088191926285e+00	4836
-6.332699830815153e+00	-4.170849205487139e+00	4837
-7.219064249556486e+00	3.719585813027086e+00	4838
6.858988249827719e+00	5.590860561973297e-02	4839
6.730936083925753e+00	-1.141613726143410e+00	4840
7.256580798122514e+00	-2.310585950134949e+00	4841
1.651240642850442e+00	-8.901166799722500e+00	4842
4.548038190574258e+00	6.378780090204439e+00	4843
-6.348253166007429e+00	6.855999791685042e-01	4844
-5.415155397142044e+00	-7.872728281000414e+00	4845
-5.544108967428407e+00	-6.172818851547501e+00	4846
-3.634440126542581e-02	-1.045714314601401e+01	4847
-5.719499589206175e+00	-9.124268958989800e+00	4848
4.091746015314766e-01	9.524093267158099e+00	4849
-6.399117155295630e+00	-5.708217534017984e+00	4850
8.191650262578268e+00	8.178752180007323e-01	4851
2.834950462025599e+00	8.597133503262025e+00	4852
-6.824269154319198e+00	1.417551096277928e+00	4853
7.360232838436797e+00	3.672638154657118e+00	4854
-2.366887629255639e+00	-1.062488689435809e+01	4855
7.577914259116510e+00	-3.306092861237998e+00	4856
-7.552662476049910e+00	-1.519617989987175e+00	4857
7.849631881821989e+00	2.242280998741554e+00	4858
-5.542285073692975e+00	7.724462942139154e+00	4859
5.582590026569415e+00	-6.572698448974565e+00	4860
-4.859201377680487e+00	-1.006953095714999e+01	4861
-1.863011424560328e+00	9.140551260479834e+00	4862
6.567671398297564e+00	4.998819658207867e+00	4863
6.832841349242509e+00	-5.132215623185881e+00	4864
-7.092482215712681e+00	6.301497780971599e+00	4865
4.248629832023694e+00	-7.435797471350600e+00	4866
-7.941101439083951e+00	2.842175571021040e+00	4867
-8.187950931338753e+00	4.417398754367329e+00	4868
7.698580464868590e+00	-7.802237494150783e-03	4869
2.007741162987501e+00	-1.002809850278495e+01	4870
2.970333386598146e+00	-8.223783403757459e+00	4871
-6.624525358237061e+00	-8.265384420559444e-03	4872
-3.644520909115175e+00	8.727601643218110e+00	4873
5.488731489084699e+00	6.249170072012728e+00	4874
2.706655345460012e+00	-9.194384876688575e+00	4875
7.109251242323532e+00	-5.745186124014702e-01	4876
-7.239645602105549e+00	-3.516369665319290e+00	4877
7.211390389212394e+00	-1.785840068915358e+00	4878
4.321303977097881e+00	7.312525158776374e+00	4879
-6.656258383492158e+00	-8.230993826046598e+00	4880
8.491874457716749e+00	1.643219834386463e+00	4881
4.000704310933611e+00	8.406690229248211e+00	4882
6.667262659159218e+00	-6.259064737674752e+00	4883
-1.137045818683468e+00	-1.125313622032940e+01	4884
-8.259218477420317e+00	5.718321648726016e+00	4885
1.942502449648530e+00	9.803051851203202e+00	4886
-3.801257927462036e+00	-1.117542027948769e+01	4887
-2.877561292709909e+00	9.486793278867422e+00	4888
8.661489767504575e+00	-2.442654003899263e-02	4889
-7.770539203903613e+00	1.785140199286934e+00	4890
8.211829475819993e+00	-2.551185280979742e+00	4891
-7.987513431636955e+00	-6.472772057002817e-01	4892
8.093588819565950e+00	3.120706137839155e+00	4893
7.767130731465987e+00	-4.443984538971388e+00	4894
7.415144537406524e+00	4.603930178963214e+00	4895
7.936085718496996e+00	-8.454635491329687e-01	4896
-8.909728013932318e-01	1.006102585267109e+01	4897
3.211830933097088e+00	-1.032461187838282e+01	4898
-6.432395854649045e+00	-6.792670838275689e+00	4899
-4.933738637993921e+00	8.871380690372730e+00	4900
-7.280158931730089e+00	-5.140728665322716e+00	4901
5.216075103293882e+00	-7.481800764730744e+00	4902
5.218147086747919e+00	7.120494017838658e+00	4903
6.464890377186163e+00	5.993068748811540e+00	4904
-8.013097958930318e+00	-2.601185001308407e+00	4905
-6.774450206566367e+00	7.511439841618666e+00	4906
-6.220375910568449e+00	-1.044355703940647e+01	4907
-9.061091836316844e+00	3.472321364455114e+00	4908
1.125260090282013e+00	-1.087960352284388e+01	4909
3.889440047768247e+00	-8.276037041481093e+00	4910
-7.490444851769446e+00	4.891465437722375e-02	4911
7.520984007928067e+00	-1.260888107503034e+00	4912
-7.201113941824012e+00	6.257181855670850e-01	4913
5.821893026229787e-01	1.079944790141508e+01	4914
3.415835045847480e+00	9.678337771192671e+00	4915
-8.277528486188475e+00	4.633395121495025e-01	4916
1.326998075827177e-01	-1.183855430796358e+01	4917
8.953322365823828e+00	-1.015272630282841e+00	4918
-2.474208246227004e+00	-1.208713915385443e+01	4919
9.197822975569633e+00	8.780787450286808e-01	4920
8.807782265107718e+00	2.517894548987040e+00	4921
8.282503976797623e+00	4.101623662420961e+00	4922
-8.885603703954418e+00	2.227616417299695e+00	4923
5.035867908481341e+00	8.145530719054944e+00	4924
3.660523863665638e+00	-9.282524335724993e+00	4925
-8.096454184204866e+00	7.099971939352797e+00	4926
8.582321291294832e+00	-3.617708863217721e+00	4927
8.177454426975608e+00	-1.780213547346674e+00	4928
-8.601279083168148e+00	-1.594528154043752e+00	4929
-6.290777432253944e+00	8.773743394712634e+00	4930
-5.234281358305353e+00	-1.152948805877357e+01	4931
-4.104651478278527e+00	9.904306124256788e+00	4932
-7.642146357445075e+00	-7.337988769706426e+00	4933
-2.076468516213746e+00	1.037934555330541e+01	4934
-8.284036520192711e+00	-3.987318687817642e+00	4935
7.779139800006377e+00	-5.693316976859804e+00	4936
2.363911440756298e+00	-1.132846616534075e+01	4937
-7.405229895759321e+00	-6.243491204017888e+00	4938
6.347438039509353e+00	-7.370030744384791e+00	4939
6.231675491194784e+00	6.993023344805608e+00	4940
7.407023367442866e+00	5.611170322765955e+00	4941
-7.092678411054138e+00	-9.449760695692358e+00	4942
-9.374632383701531e+00	4.845241531110562e+00	4943
4.825427739907750e+00	-8.335839887525943e+00	4944
4.737185988737537e+00	9.399205439759278e+00	4945
-6.780669389636188e+00	-1.194204375447967e+01	4946
-3.231159740928243e+00	1.076100029023736e+01	4947
3.753146710992276e+00	-1.163849382470450e+01	4948
8.828171797322417e+00	-4.892891026178943e+00	4949
-9.451155781737585e+00	6.378850712396741e+00	4950
-8.638997501812575e+00	-6.547018018720605e+00	4951
9.300160062048759e+00	-2.769809042100228e+00	4952
9.546766556856637e+00	1.831983809813177e+00	4953
1.963374274490792e+00	1.126036177070158e+01	4954
2.777222732179787e+00	1.088664322364358e+01	4955
-4.051178481844182e+00	-1.273756380603673e+01	4956
-7.690276033498226e+00	-1.085398260265230e+01	4957
5.984680979960969e+00	7.930347248165607e+00	4958
-1.074838444169530e+00	-1.277822016011386e+01	4959
9.732702498540128e+00	-1.576224924933335e-01	4960
-8.004711920508381e+00	-8.553593241543336e+00	4961
-5.575647634129493e+00	1.007640257580348e+01	4962
9.098301101931481e+00	3.488909973083282e+00	4963
-9.326788239796335e-01	1.143256881774619e+01	4964
1.416642587732877e+00	-1.229900104341866e+01	4965
7.312449683759081e+00	6.717677041706589e+00	4966
8.361434793160285e+00	5.154058686528049e+00	4967
-8.675349195040855e+00	1.136517110871000e+00	4968
-7.719796286094422e+00	8.507503560324505e+00	4969
7.594116313426943e+00	-6.996288194018769e+00	4970
-1.004259526517239e+01	2.697630667410371e+00	4971
4.498688401583266e+00	-1.025800031722362e+01	4972
-9.064602013587892e+00	-4.669386225434655e-01	4973
9.157096593114369e+00	-2.092265129757068e+00	4974
-8.475527862102830e+00	-5.410092271678712e+00	4975
-9.144378284768857e+00	-2.849208756968809e+00	4976
-1.033958045074281e+01	3.901606580035723e+00	4977
5.920748504667970e+00	-8.397276390191394e+00	4978
4.237720274481357e+00	1.076560602953778e+01	4979
-5.663243025718354e+00	-1.317737378601343e+01	4980
-9.729874830779867e+00	-5.808439430632391e+00	4981
-2.559367930686606e+00	-1.374123800220754e+01	4982
1.035370919473904e+01	9.157782002119519e-01	4983
-2.308599769565634e+00	1.179149355173069e+01	4984
7.220630214842016e+00	-8.274229526621310e+00	4985
9.731340444607442e+00	-3.959196433522175e+00	4986
-1.138026813892102e+01	3.004955307217758e+00	4987
-8.423994563922379e+00	-1.239119869171463e+01	4988
-7.145570844457447e+00	9.965530122258697e+00	4989
-9.802859203679207e+00	-1.614424180609723e+00	4990
9.899652785379569e+00	2.814846026947231e+00	4991
9.330933267628993e+00	4.584016329334186e+00	4992
-9.253530724721362e+00	7.995248105243594e+00	4993
-8.495025496092918e+00	-9.966047347895801e+00	4994
-9.829776998513834e+00	1.475961720516407e+00	4995
1.005630022565729e+01	-1.315685390198019e+00	4996
5.941740007788194e-01	1.226514807813605e+01	4997
5.308244695629249e+00	-9.469880572205208e+00	4998
8.862637435918444e+00	-6.325118100786580e+00	4999
7.084106246917451e+00	7.807917242301716e+00	5000
8.371084472946045e+00	6.288281463946094e+00	5001
-1.069266293735987e+01	5.403201143826163e+00	5002
-8.960844139924225e+00	-7.747684590774876e+00	5003
-4.621776095211103e+00	1.124089084864491e+01	5004
2.810747076019362e+00	-1.277323437262921e+01	5005
-9.517178208563248e+00	-4.310621686988302e+00	5006
5.752107132792859e+00	9.098130445756256e+00	5007
3.486799389398590e-01	-1.339308010723983e+01	5008
5.281982732664556e+00	-1.156957981904540e+01	5009
6.824791078040497e+00	8.867516380664693e+00	5010
-1.049126378037089e+00	1.297722741117271e+01	5011
-7.293087593465207e+00	-1.368540254589334e+01	5012
1.787067393351402e+00	-1.388841018331160e+01	5013
-4.310368507909478e+00	-1.450663094383072e+01	5014
1.096019144066598e+01	-3.074856733226956e-01	5015
-8.806190426191524e+00	9.635072557999095e+00	5016
-3.626117219427748e+00	1.220987271503646e+01	5017
-6.302563148216182e+00	1.144680215780315e+01	5018
-1.034153515146234e+01	-4.559909837960665e-01	5019
-1.175015078691506e+01	4.395613021554534e+00	5020
9.441980333391674e+00	5.766519096006648e+00	5021
-9.544278484264602e+00	3.196929894712270e-01	5022
1.004177156919362e+01	-5.397210083780294e+00	5023
1.024038709994660e+01	3.895789273315853e+00	5024
1.075654699344276e+01	2.024496635264155e+00	5025
1.054361681883328e+01	-2.991205917853181e+00	5026
3.615488691873606e+00	1.211820273339440e+01	5027
-1.079562040743554e+01	7.146504432734132e+00	5028
-9.961214333142333e+00	-7.021760622627784e+00	5029
5.612697913494022e+00	1.045100712389392e+01	5030
8.283946984101270e+00	7.518065717382862e+00	5031
-9.353762940859939e+00	-9.186562224939935e+00	5032
-1.085043819527204e+01	-4.884388112449688e+00	5033
8.656502459552874e+00	-7.831779009883229e+00	5034
2.079200717325427e+00	1.285493107480218e+01	5035
-9.743038944571919e-01	-1.449416817303227e+01	5036
-9.215420176149724e+00	-1.142843411410514e+01	5037
-1.103441531435095e+01	1.779509542494537e+00	5038
6.657075695270360e+00	-9.513071520922278e+00	5039
4.481031020182728e+00	-1.306652960418117e+01	5040
-1.044662791179527e+01	-3.028809004724142e+00	5041
5.768749722768165e+00	-1.075188630447703e+01	5042
-9.171954560670653e+00	-1.418526261747661e+01	5043
1.052542849225577e+01	5.119135551375613e+00	5044
1.104727734379770e+01	-4.329079204873702e+00	5045
-6.070542753924622e+00	-1.504491301055116e+01	5046
-5.203746717153926e+00	1.275957909850168e+01	5047
-8.120979142698586e+00	1.132041481544234e+01	5048
-1.073319839024995e+01	5.942896486422254e-01	5049
-1.057154499423605e+01	9.013246336589294e+00	5050
1.010432641982386e+01	-7.039817529193082e+00	5051
1.114462201614248e+01	3.137801789920074e+00	5052
5.763598619280549e-01	1.392685819582214e+01	5053
7.297376947248503e+00	-1.090829341503573e+01	5054
8.196330011756114e+00	-9.336533382158507e+00	5055
8.045661233071851e+00	8.729057539122170e+00	5056
-2.619841998331788e+00	-1.561419640683592e+01	5057
9.473054867705404e+00	7.040398140817770e+00	5058
6.547993634220183e+00	1.018404056214213e+01	5059
1.138177837533122e+01	-1.704982955017180e+00	5060
-1.026977708591030e+01	-8.502835448778887e+00	5061
6.299691732864925e-01	-1.514085025619467e+01	5062
-1.217639449182440e+01	6.052852193426511e+00	5063
3.403192343467509e+00	-1.439378475996976e+01	5064
-1.114380321185989e+01	-6.268298984801761e+00	5065
-1.191580432691241e+01	-3.680296952802902e+00	5066
5.190016274106319e+00	1.195600407574915e+01	5067
-1.290086517530877e+01	3.343616311289809e+00	5068
-2.596822362259401e+00	1.338433022742187e+01	5069
6.197602811220878e+00	-1.301857274895382e+01	5070
1.167718614448082e+01	9.461158027265684e-01	5071
-1.013525381484641e+01	-1.299136435399008e+01	5072
-1.116288673447706e+01	-1.678912948336365e+00	5073
3.480689550316405e+00	1.380737592297264e+01	5074
-1.247087998358816e+01	2.033932875633650e+00	5075
1.214043301655619e+01	2.232157557061837e+00	5076
-4.552236587500586e+00	-1.651120870460889e+01	5077
-7.894607583336434e+00	-1.564279224876096e+01	5078
-1.004664014389714e+01	1.091702498226645e+01	5079
-1.231745858777910e+01	8.025817892861982e+00	5080
1.237608899159309e+01	-4.750137329538190e-01	5081
1.197986592581179e+01	-3.121954781310628e+00	5082
9.865636793805624e+00	-8.793721978220722e+00	5083
6.453639612389759e+00	1.162181910497810e+01	5084
9.386015275709736e+00	8.415194581556658e+00	5085
5.288921416232483e+00	-1.469594060409084e+01	5086
-8.185978918300848e-01	-1.643246238910980e+01	5087
-1.115056779167013e+01	-1.133958533795745e+01	5088
1.153923455931463e+01	4.343756895433242e+00	5089
-1.222830636126722e+00	1.471908408147112e+01	5090
-1.239753013364257e+01	-5.246275536567258e+00	5091
-7.125981259362092e+00	1.300577397834324e+01	5092
-4.081236758826658e+00	1.384831777536814e+01	5093
-1.071826618118179e+01	-1.006196847522662e+01	5094
-1.114353202777741e+01	-1.479035961327802e+01	5095
-1.409556628573905e+01	2.224280264019669e+00	5096
-1.172073980010727e+01	-3.683278529180786e-01	5097
1.142894886199884e+01	-5.959044321055388e+00	5098
2.067689121103527e+00	1.462603789991193e+01	5099
8.115219357942811e+00	-1.267280685316040e+01	5100
1.067508693550559e+01	6.447135903240564e+00	5101
8.993378986958401e+00	-1.083423498303769e+01	5102
7.767299389740426e+00	9.934438128540645e+00	5103
2.263455630533935e+00	-1.567167049242240e+01	5104
-1.142152592892740e+01	-7.659314196078340e+00	5105
-1.280453919996784e+01	-2.203084581147110e+00	5106
-1.336201340641295e+01	4.906324192091859e+00	5107
4.553354476851585e+00	1.348873608715045e+01	5108
-1.204149421674588e+01	7.511850531439663e-01	5109
-9.230665806945172e+00	1.286280960933616e+01	5110
-2.640478204698743e+00	-1.773268431742386e+01	5111
4.042893219687997e+00	1.542952392138969e+01	5112
1.256219714033011e+01	3.494408608360282e+00	5113
7.437373218074371e+00	1.142009246059604e+01	5114
9.965516081088239e-01	-1.710209437439259e+01	5115
4.099452870970780e+00	-1.621952972083993e+01	5116
-6.509839426990770e+00	-1.715478247207746e+01	5117
1.188630799717777e+01	5.710945721712822e+00	5118
1.072803451415069e+01	7.882884792694835e+00	5119
1.084124469354971e+01	-1.041652475012462e+01	5120
-1.255343008649304e+01	-1.015048061089905e+01	5121
-1.352602582636919e+01	8.085280295237157e-01	5122
-1.358699269320312e+01	-3.862213871909031e+00	5123
1.257026928681550e+01	-4.692207478122514e+00	5124
4.830457660806209e-01	1.579377737408517e+01	5125
1.152207459683864e+01	-7.850052646717141e+00	5126
-1.207077585367511e+01	1.017134303477399e+01	5127
6.245237446952309e+00	1.327266062233439e+01	5128
1.319166609414818e+01	9.796402511533231e-01	5129
-1.273553595879145e+01	-6.795539356363893e+00	5130
-1.460139054159811e+01	3.803674546737946e+00	5131
-2.947306367290271e+00	1.517752292735508e+01	5132
1.289629684186739e+01	-1.910128754823870e+00	5133
-1.319112344869182e+01	-1.859688477996427e-01	5134
-5.863464150150050e+00	1.448238796303178e+01	5135
-1.226947538859098e+01	-1.304309544090744e+01	5136
-1.386628346779352e+01	6.773864635831505e+00	5137
7.339904217201139e+00	-1.457631230961008e+01	5138
1.003918324157470e+01	-1.246047432522013e+01	5139
9.132849272685995e+00	9.771106546376945e+00	5140
-1.188376043826443e+01	-9.090532043422289e+00	5141
-4.605630529381420e+00	1.569677492230720e+01	5142
1.399376053873938e+01	-5.781467126965087e-01	5143
2.839396774810427e+00	-1.767410343099056e+01	5144
1.302813286554840e+01	-6.572350575567833e+00	5145
1.301614022784342e+01	4.840513454159955e+00	5146
-1.528608955189884e+01	9.209378423555241e-01	5147
6.278713633890366e+00	-1.651846747382281e+01	5148
2.353436708987648e+00	1.663175811349274e+01	5149
-1.145948962141644e+01	1.237621285442192e+01	5150
-1.404973921976064e+01	9.018344401969237e+00	5151
1.372016407772971e+01	2.465814161766097e+00	5152
1.358260859374376e+01	-3.387336505192384e+00	5153
1.208086712937992e+01	7.206073289899686e+00	5154
-1.469156909369945e+00	1.667679137380247e+01	5155
-8.059017193209835e+00	1.477891853813156e+01	5156
8.829635383587320e+00	1.114776698707654e+01	5157
-1.337652281803390e+01	-8.461784151703620e+00	5158
-5.875119587325248e-01	-1.861774414558252e+01	5159
1.207631280028594e+01	-1.207889258075229e+01	5160
-1.453115467742587e+01	-1.927084038387492e+00	5161
6.361812567424306e+00	1.559425025767132e+01	5162
1.274768678415472e+01	-9.547821406780177e+00	5163
-1.516761565084671e+01	5.502302856320938e+00	5164
-1.415029181572427e+01	-5.632402200704890e+00	5165
-1.594612328751563e+01	2.500396125770409e+00	5166
-1.480528364259967e+01	-1.775585355452913e-01	5167
9.314063603999845e+00	-1.429825896220380e+01	5168
1.063935659109267e+01	9.428270403837551e+00	5169
1.430095433496288e+01	-5.124261001063012e+00	5170
4.985119093544579e+00	-1.816601159420696e+01	5171
-1.049139591681437e+01	1.461915074353376e+01	5172
1.458879209255034e+01	-8.219561708750934e+00	5173
1.343461290157325e+01	6.368232023688221e+00	5174
-3.371759604607303e+00	1.719048322340991e+01	5175
1.460316857010829e+01	-2.108523675932787e+00	5176
-1.458241595975036e+01	-7.270478196817977e+00	5177
-6.610916732567995e+00	1.643554511162631e+01	5178
-1.461257660847294e+01	-1.011050973509234e+01	5179
-1.727421171761848e+01	1.015477351921724e+00	5180
-1.648163220975245e+01	-8.187071640425807e-01	5181
4.676647387704374e+00	1.746639511598518e+01	5182
4.660438439125401e-01	1.792141395789504e+01	5183
-1.377925541960206e+01	1.148470139695119e+01	5184
-1.550021620449976e+01	-3.930910936404746e+00	5185
-1.578127725442557e+01	7.587821019976078e+00	5186
1.140981954639545e+01	-1.408740302603137e+01	5187
1.215707510344038e+01	8.828849818267791e+00	5188
8.437260358128825e+00	1.283006596797901e+01	5189
1.417339870369475e+01	3.894038773892311e+00	5190
1.491592249326906e+01	1.054144975206857e+00	5191
8.543340911581810e+00	-1.639439558445062e+01	5192
1.422093359065683e+01	-1.129216722976463e+01	5193
-1.653701768541179e+01	4.258189745781084e+00	5194
1.036284390792401e+01	1.095212597888866e+01	5195
1.539773089167157e+01	-3.695557819116252e+00	5196
-1.376962281413397e+01	-1.219203973637993e+01	5197
-1.721685111160838e+01	6.143697440445257e+00	5198
1.469128741131220e+01	5.392669557248197e+00	5199
1.583227699655098e+01	-6.544772243336545e-01	5200
1.492655853138593e+01	-6.962335866786433e+00	5201
1.002997127513764e+01	1.252760386608445e+01	5202
1.566823651288074e+01	-9.548584583212357e+00	5203
-5.208158238993904e+00	1.777717995422685e+01	5204
1.368238646999757e+01	8.054443714232406e+00	5205
7.680917700018512e+00	1.472626801273267e+01	5206
-1.803351840796358e+01	2.899010180113447e+00	5207
-1.615874069137701e+01	-5.944933234094426e+00	5208
1.206373869221692e+01	1.057273672100365e+01	5209
1.551487948498127e+01	2.748281687326071e+00	5210
-1.865216441825267e+01	-6.710257700362386e-01	5211
1.626726610139601e+01	-5.476037059843392e+00	5212
1.599734802739473e+01	4.351880780268505e+00	5213
1.519473911256919e+01	7.099151798910076e+00	5214
8.074263018864080e+00	1.675866061124956e+01	5215
-1.660109052184898e+01	-8.075995859152435e+00	5216
1.378115565301176e+01	9.893214418246357e+00	5217
1.653025080816414e+01	-2.312344215365406e+00	5218
1.687622808724500e+01	1.170632721763762e+00	5219
-1.769944649923527e+01	-2.663733886948981e+00	5220
1.669212175402782e+01	-7.560979643495224e+00	5221
9.650925102748362e+00	1.443936078066161e+01	5222
-1.761894389867007e+01	-4.351648541457882e+00	5223
1.175668521828097e+01	1.229097375712178e+01	5224
1.791896204580483e+01	-7.164282577852626e-01	5225
1.550589199423467e+01	9.005357520525481e+00	5226
1.744136911313206e+01	-3.972611023122371e+00	5227
1.368257067910923e+01	1.186696217534124e+01	5228
1.658531526238948e+01	6.011530234756184e+00	5229
1.754994739919830e+01	3.091903939194202e+00	5230
1.141575367141776e+01	1.405618973654659e+01	5231
1.719304784899240e+01	7.914123062924763e+00	5232
NMARK= 2
MARKER_TAG= airfoil
MARKER_ELEMS= 200
3	199	0
3	0	1
3	1	2
3	2	3
3	3	4
3	4	5
3	5	6
3	6	7
3	7	8
3	8	9
3	9	10
3	10	11
3	11	12
3	12	13
3	13	14
3	14	15
3	15	16
3	16	17
3	17	18
3	18	19
3	19	20
3	20	21
3	21	22
3	22	23
3	23	24
3	24	25
3	25	26
3	26	27
3	27	28
3	28	29
3	29	30
3	30	31
3	31	32
3	32	33
3	33	34
3	34	35
3	35	36
3	36	37
3	37	38
3	38	39
3	39	40
3	40	41
3	41	42
3	42	43
3	43	44
3	44	45
3	45	46
3	46	47
3	47	48
3	48	49
3	49	50
3	50	51
3	51	52
3	52	53
3	53	54
3	54	55
3	55	56
3	56	57
3	57	58
3	58	59
3	59	60
3	60	61
3	61	62
3	62	63
3	63	64
3	64	65
3	65	66
3	66	67
3	67	68
3	68	69
3	69	70
3	70	71
3	71	72
3	72	73
3	73	74
3	74	75
3	75	76
3	76	77
3	77	78
3	78	79
3	79	80
3	80	81
3	81	82
3	82	83
3	83	84
3	84	85
3	85	86
3	86	87
3	87	88
3	88	89
3	89	90
3	90	91
3	91	92
3	92	93
3	93	94
3	94	95
3	95	96
3	96	97
3	97	98
3	98	99
3	99	100
3	100	101
3	101	102
3	102	103
3	103	104
3	104	105
3	105	106
3	106	107
3	107	108
3	108	109
3	109	110
3	110	111
3	111	112
3	112	113
3	113	114
3	114	115
3	115	116
3	116	117
3	117	118
3	118	119
3	119	120
3	120	121
3	121	122
3	122	123
3	123	124
3	124	125
3	125	126
3	126	127
3	127	128
3	128	129
3	129	130
3	130	131
3	131	132
3	132	133
3	133	134
3	134	135
3	135	136
3	136	137
3	137	138
3	138	139
3	139	140
3	140	141
3	141	142
3	142	143
3	143	144
3	144	145
3	145	146
3	146	147
3	147	148
3	148	149
3	149	150
3	150	151
3	151	152
3	152	153
3	153	154
3	154	155
3	155	156
3	156	157
3	157	158
3	158	159
3	159	160
3	160	161
3	161	162
3	162	163
3	163	164
3	164	165
3	165	166
3	166	167
3	167	168
3	168	169
3	169	170
3	170	171
3	171	172
3	172	173
3	173	174
3	174	175
3	175	176
3	176	177
3	177	178
3	178	179
3	179	180
3	180	181
3	181	182
3	182	183
3	183	184
3	184	185
3	185	186
3	186	187
3	187	188
3	188	189
3	189	190
3	190	191
3	191	192
3	192	193
3	193	194
3	194	195
3	195	196
3	196	197
3	197	198
3	198	199
MARKER_TAG= farfield
MARKER_ELEMS= 50
3	200	201
3	201	202
3	202	203
3	203	204
3	204	205
3	205	206
3	206	207
3	207	208
3	208	209
3	209	210
3	210	211
3	211	212
3	212	213
3	213	214
3	214	215
3	215	216
3	216	217
3	217	218
3	218	219
3	219	220
3	220	221
3	221	222
3	222	223
3	223	224
3	224	225
3	225	226
3	226	227
3	227	228
3	228	229
3	229	230
3	230	231
3	231	232
3	232	233
3	233	234
3	234	235
3	235	236
3	236	237
3	237	238
3	238	239
3	239	240
3	240	241
3	241	242
3	242	243
3	243	244
3	244	245
3	245	246
3	246	247
3	247	248
3	248	249
3	249	200
