NDIME= 2
NELEM= 10216
5	417	69	311	0
5	302	55	56	1
5	405	159	384	2
5	594	427	450	3
5	315	71	72	4
5	319	4	262	5
5	270	39	40	6
5	327	65	66	7
5	451	259	325	8
5	441	40	41	9
5	358	147	148	10
5	287	12	13	11
5	252	144	145	12
5	254	56	57	13
5	348	96	269	14
5	262	4	5	15
5	647	465	525	16
5	453	308	449	17
5	309	282	15	18
5	560	265	470	19
5	369	185	186	20
5	420	271	27	21
5	432	137	376	22
5	643	471	270	23
5	429	121	354	24
5	282	14	15	25
5	568	446	456	26
5	292	257	31	27
5	617	385	457	28
5	831	694	478	29
5	274	24	25	30
5	470	346	454	31
5	311	69	70	32
5	291	20	278	33
5	286	24	274	34
5	257	30	31	35
5	255	0	1	36
5	996	809	797	37
5	342	79	312	38
5	280	18	19	39
5	543	319	518	40
5	316	42	294	41
5	507	356	439	42
5	543	293	319	43
5	546	298	299	44
5	324	288	9	45
5	749	548	648	46
5	270	251	39	47
5	542	459	257	48
5	258	36	37	49
5	322	18	280	50
5	315	72	290	51
5	555	313	342	52
5	288	8	9	53
5	645	348	465	54
5	323	14	282	55
5	308	62	63	56
5	300	75	76	57
5	335	84	303	58
5	421	60	305	59
5	334	38	251	60
5	749	549	548	61
5	285	53	54	62
5	302	56	254	63
5	751	644	725	64
5	250	82	83	65
5	294	42	43	66
5	301	87	88	67
5	279	80	81	68
5	305	60	61	69
5	531	475	278	70
5	554	448	540	71
5	271	26	27	72
5	284	89	90	73
5	416	111	112	74
5	329	260	33	75
5	475	291	278	76
5	340	0	255	77
5	277	106	107	78
5	420	28	272	79
5	295	52	53	80
5	316	41	42	81
5	333	294	43	82
5	825	476	650	83
5	331	300	76	84
5	762	555	664	85
5	295	53	285	86
5	290	72	73	87
5	337	90	91	88
5	312	79	80	89
5	511	320	336	90
5	1041	890	895	91
5	555	342	464	92
5	946	762	848	93
5	564	314	556	94
5	345	52	295	95
5	335	250	83	96
5	449	63	64	97
5	338	254	57	98
5	842	642	557	99
5	338	57	58	100
5	517	256	293	101
5	259	101	102	102
5	512	281	350	103
5	348	95	96	104
5	441	270	40	105
5	361	177	178	106
5	266	99	100	107
5	510	451	325	108
5	580	353	413	109
5	372	115	116	110
5	367	117	118	111
5	357	151	349	112
5	412	375	127	113
5	639	273	436	114
5	381	157	158	115
5	492	368	430	116
5	377	147	358	117
5	400	173	390	118
5	437	365	182	119
5	406	161	253	120
5	403	253	162	121
5	395	181	365	122
5	397	175	393	123
5	408	157	381	124
5	619	408	381	125
5	401	386	166	126
5	399	388	170	127
5	834	690	450	128
5	585	377	358	129
5	387	163	164	130
5	404	165	386	131
5	353	112	113	132
5	424	321	109	133
5	363	252	145	134
5	363	145	146	135
5	481	429	354	136
5	607	393	484	137
5	1544	685	720	138
5	653	485	490	139
5	275	132	133	140
5	409	382	129	141
5	373	135	136	142
5	614	482	253	143
5	355	143	144	144
5	409	130	383	145
5	380	354	122	146
5	486	435	273	147
5	436	273	140	148
5	411	126	375	149
5	360	186	187	150
5	593	394	488	151
5	850	681	706	152
5	393	175	176	153
5	806	611	604	154
5	398	177	361	155
5	784	587	502	156
5	403	162	163	157
5	402	169	388	158
5	253	161	162	159
5	396	188	359	160
5	388	169	170	161
5	1083	868	726	162
5	390	173	174	163
5	484	393	398	164
5	356	195	196	165
5	380	122	123	166
5	432	373	136	167
5	375	126	127	168
5	412	128	382	169
5	357	150	151	170
5	355	144	252	171
5	364	141	142	172
5	624	483	375	173
5	435	139	273	174
5	482	479	406	175
5	424	110	351	176
5	623	412	382	177
5	595	501	352	178
5	325	259	102	179
5	328	46	296	180
5	269	96	97	181
5	1361	1264	1068	182
5	530	286	462	183
5	550	306	421	184
5	251	38	39	185
5	423	103	104	186
5	350	99	266	187
5	693	451	510	188
5	483	411	375	189
5	352	114	115	190
5	633	478	424	191
5	444	150	357	192
5	427	117	367	193
5	588	395	365	194
5	385	154	261	195
5	655	491	587	196
5	369	186	360	197
5	581	431	485	198
5	386	165	166	199
5	5232	5214	5229	200
5	508	503	443	201
5	5232	5226	5214	202
5	1099	878	1090	203
5	5231	207	5222	204
5	5231	206	207	205
5	5230	5210	5219	206
5	5230	5213	5210	207
5	5229	5199	5213	208
5	5229	5214	5199	209
5	5228	204	205	210
5	5228	5217	204	211
5	5225	5219	5200	212
5	5225	249	5219	213
5	5232	5229	202	214
5	5232	202	203	215
5	5227	247	248	216
5	5227	5196	5212	217
5	5224	5195	5209	218
5	5224	5202	5195	219
5	5223	225	226	220
5	5223	5220	225	221
5	5224	5228	205	222
5	5231	205	206	223
5	5221	5173	5203	224
5	5221	5201	5173	225
5	5220	5211	225	226
5	5220	5181	5211	227
5	5230	200	201	228
5	5230	5229	5213	229
5	5219	5210	5191	230
5	5225	5218	248	231
5	5231	5202	5224	232
5	5231	5222	5202	233
5	5216	227	228	234
5	5216	5208	227	235
5	5215	207	208	236
5	5222	5206	5189	237
5	5232	203	5226	238
5	5230	201	5229	239
5	5214	5205	5174	240
5	5229	201	202	241
5	5212	246	247	242
5	5221	246	5212	243
5	5211	5180	224	244
5	5211	5181	5180	245
5	5210	5152	5191	246
5	5210	5190	5152	247
5	5231	5224	205	248
5	5228	5224	5209	249
5	5223	5208	5185	250
5	5223	226	227	251
5	5207	5180	5166	252
5	5207	223	5180	253
5	5222	5189	5202	254
5	5222	5215	5206	255
5	5226	5205	5214	256
5	5217	5188	5205	257
5	5197	229	230	258
5	5197	5179	229	259
5	5203	5163	5193	260
5	5203	5173	5163	261
5	5215	208	209	262
5	5222	207	5215	263
5	5221	5212	5201	264
5	5221	245	246	265
5	5230	5219	200	266
5	5219	249	200	267
5	5205	5154	5174	268
5	5226	5217	5205	269
5	5198	221	222	270
5	5198	5186	221	271
5	5197	5121	5179	272
5	5197	5088	5121	273
5	5212	5196	5170	274
5	5201	5170	5145	275
5	5195	5140	5169	276
5	5195	5157	5140	277
5	5192	241	5168	278
5	5192	240	241	279
5	5193	5160	243	280
5	5193	5163	5160	281
5	5223	5185	5220	282
5	5211	224	225	283
5	5213	5199	5190	284
5	5225	248	249	285
5	5184	5150	218	286
5	5184	5127	5150	287
5	5183	212	5155	288
5	5183	211	212	289
5	5228	5209	5217	290
5	5209	5169	5188	291
5	5187	241	242	292
5	5187	5160	5139	293
5	5186	220	221	294
5	5186	5151	220	295
5	5220	5185	5161	296
5	5220	5161	5181	297
5	5184	219	5151	298
5	5184	5151	5127	299
5	5183	5155	5125	300
5	5149	210	211	301
5	5190	5113	5152	302
5	5182	5112	5162	303
5	5223	227	5208	304
5	5181	5167	5147	305
5	5180	223	224	306
5	5207	5166	5194	307
5	5216	5179	5177	308
5	5179	5158	5177	309
5	5178	5156	5135	310
5	5178	215	5156	311
5	5177	5158	5130	312
5	5179	228	229	313
5	5191	5129	5143	314
5	5227	5212	247	315
5	5204	5142	5175	316
5	5204	214	5178	317
5	5174	5118	5146	318
5	5174	5154	5118	319
5	5171	5144	238	320
5	5171	5116	5144	321
5	5171	5148	5116	322
5	5172	216	217	323
5	5171	238	239	324
5	5172	217	5150	325
5	5176	5133	5153	326
5	5218	5176	5196	327
5	5202	5189	5157	328
5	5226	204	5217	329
5	5194	5166	5131	330
5	5192	5138	5148	331
5	5167	5134	5122	332
5	5167	5161	5134	333
5	5166	5096	5131	334
5	5166	5147	5096	335
5	5165	5091	5123	336
5	5165	5130	5091	337
5	5198	5194	5164	338
5	5207	222	223	339
5	5201	5145	5173	340
5	5203	5193	244	341
5	5162	5108	5128	342
5	5162	5112	5108	343
5	5181	5147	5180	344
5	5208	5165	5185	345
5	5208	5177	5165	346
5	5216	5177	5208	347
5	5159	5087	5111	348
5	5159	5115	5087	349
5	5158	5105	5130	350
5	5192	5168	5138	351
5	5189	5114	5157	352
5	5206	5128	5189	353
5	5192	5148	240	354
5	5148	239	240	355
5	5155	5090	5125	356
5	5155	5132	5090	357
5	5154	5101	5118	358
5	5154	5119	5101	359
5	5153	5082	5124	360
5	5153	5133	5082	361
5	5191	5152	5129	362
5	5227	248	5218	363
5	5164	5107	5137	364
5	5151	219	220	365
5	5184	218	219	366
5	5150	217	218	367
5	5217	5209	5188	368
5	5182	5162	209	369
5	5178	214	215	370
5	5148	5138	5086	371
5	5207	5194	222	372
5	5147	5122	5096	373
5	5199	5174	5146	374
5	5219	5191	5200	375
5	5145	5098	5126	376
5	5145	5124	5098	377
5	5144	237	238	378
5	5144	5115	237	379
5	5152	5076	5129	380
5	5200	5191	5143	381
5	5175	5155	212	382
5	5183	5149	211	383
5	5141	5094	5061	384
5	5141	5121	5094	385
5	5215	5162	5206	386
5	5214	5174	5199	387
5	5139	5102	5100	388
5	5139	5120	5102	389
5	5187	242	243	390
5	5194	5131	5164	391
5	5198	5164	5186	392
5	5186	5164	5137	393
5	5197	5136	5088	394
5	5197	230	5136	395
5	5135	5047	5093	396
5	5135	5092	5047	397
5	5167	5122	5147	398
5	438	198	199	399
5	5161	5106	5134	400
5	1036	844	843	401
5	307	86	87	402
5	661	506	199	403
5	5189	5128	5114	404
5	508	443	356	405
5	5112	5074	5108	406
5	685	657	503	407
5	5156	5092	5135	408
5	508	356	507	409
5	5204	5178	5142	410
5	659	438	506	411
5	5161	5123	5106	412
5	439	356	196	413
5	5187	5139	5168	414
5	443	195	356	415
5	5177	5130	5165	416
5	485	431	433	417
5	5185	5123	5161	418
5	660	517	543	419
5	5129	5071	5081	420
5	385	153	154	421
5	5129	5076	5071	422
5	661	199	515	423
5	5190	5146	5113	424
5	5188	5169	5119	425
5	5186	5137	5151	426
5	354	121	122	427
5	5182	210	5149	428
5	416	351	111	429
5	5170	5124	5145	430
5	1230	1086	1051	431
5	5203	244	245	432
5	410	132	275	433
5	5183	5125	5149	434
5	415	108	321	435
5	5182	5149	5112	436
5	347	101	259	437
5	5124	5045	5098	438
5	318	89	284	439
5	5124	5082	5045	440
5	425	106	277	441
5	5187	5168	241	442
5	578	347	452	443
5	5180	5147	5166	444
5	325	102	103	445
5	5134	5097	5109	446
5	473	464	312	447
5	5134	5109	5122	448
5	769	737	516	449
5	5179	5121	5158	450
5	5158	5121	5141	451
5	5160	5120	5139	452
5	347	100	101	453
5	5168	5100	5138	454
5	445	95	348	455
5	5140	5103	5056	456
5	671	579	645	457
5	5205	5188	5154	458
5	303	84	85	459
5	5146	5118	5089	460
5	445	336	94	461
5	5146	5089	5113	462
5	721	509	477	463
5	5117	5077	5046	464
5	320	92	93	465
5	5117	234	5077	466
5	335	83	84	467
5	5116	5086	5064	468
5	447	82	250	469
5	5138	5100	5070	470
5	764	754	540	471
5	5159	236	237	472
5	339	71	315	473
5	5159	237	5115	474
5	306	58	59	475
5	5169	5140	5085	476
5	5140	5056	5085	477
5	5113	5052	5076	478
5	292	31	32	479
5	5113	5089	5052	480
5	419	12	287	481
5	5159	5111	236	482
5	288	268	8	483
5	5111	235	236	484
5	293	2	3	485
5	5128	5084	5114	486
5	293	256	2	487
5	5111	5087	5057	488
5	1394	1257	1239	489
5	5110	5048	5092	490
5	340	199	0	491
5	5110	5079	5048	492
5	1218	517	853	493
5	5109	5049	5038	494
5	729	460	521	495
5	5109	5097	5049	496
5	746	543	518	497
5	5149	5099	5112	498
5	5209	5195	5169	499
5	5107	5020	5063	500
5	5107	5068	5020	501
5	312	80	279	502
5	762	562	555	503
5	460	263	267	504
5	670	470	454	505
5	273	139	140	506
5	641	588	365	507
5	384	159	160	508
5	261	154	155	509
5	304	55	302	510
5	573	332	466	511
5	742	537	741	512
5	1505	888	1371	513
5	256	255	1	514
5	256	1	2	515
5	330	30	257	516
5	472	345	295	517
5	346	36	258	518
5	260	32	33	519
5	511	456	320	520
5	452	259	451	521
5	329	34	265	522
5	292	32	260	523
5	813	617	667	524
5	349	151	152	525
5	521	460	267	526
5	726	515	340	527
5	263	262	5	528
5	263	5	6	529
5	264	261	155	530
5	264	155	156	531
5	329	33	34	532
5	265	34	35	533
5	510	325	423	534
5	514	284	467	535
5	267	263	6	536
5	267	6	7	537
5	268	267	7	538
5	268	7	8	539
5	452	347	259	540
5	509	418	425	541
5	476	330	459	542
5	422	296	47	543
5	326	26	271	544
5	317	22	276	545
5	420	27	28	546
5	272	28	29	547
5	480	400	390	548
5	374	275	133	549
5	570	474	254	550
5	276	22	23	551
5	590	519	252	552
5	374	133	134	553
5	575	343	308	554
5	278	20	21	555
5	415	107	108	556
5	625	321	478	557
5	565	557	294	558
5	557	316	294	559
5	466	332	417	560
5	563	540	300	561
5	642	441	316	562
5	471	251	270	563
5	281	269	97	564
5	281	97	98	565
5	309	16	283	566
5	470	265	346	567
5	309	15	16	568
5	283	16	17	569
5	307	87	301	570
5	675	568	456	571
5	333	43	44	572
5	314	44	45	573
5	286	276	23	574
5	286	23	24	575
5	528	462	274	576
5	533	455	280	577
5	324	10	289	578
5	535	323	282	579
5	324	9	10	580
5	289	10	11	581
5	498	466	417	582
5	310	290	73	583
5	291	280	19	584
5	291	19	20	585
5	938	928	741	586
5	537	468	287	587
5	534	283	322	588
5	521	267	268	589
5	514	318	284	590
5	297	50	51	591
5	422	47	48	592
5	296	46	47	593
5	644	307	536	594
5	573	341	332	595
5	298	48	49	596
5	299	50	297	597
5	505	315	290	598
5	422	48	298	599
5	299	298	49	600
5	299	49	50	601
5	310	73	74	602
5	448	75	300	603
5	913	671	859	604
5	1110	871	1094	605
5	304	54	55	606
5	304	285	54	607
5	442	86	307	608
5	442	85	86	609
5	576	343	575	610
5	665	534	652	611
5	343	62	308	612
5	344	64	65	613
5	556	314	328	614
5	338	58	306	615
5	442	303	85	616
5	467	284	337	617
5	343	61	62	618
5	343	305	61	619
5	497	334	251	620
5	497	251	471	621
5	701	547	662	622
5	532	447	516	623
5	332	67	68	624
5	449	64	344	625
5	313	77	78	626
5	331	76	77	627
5	469	290	310	628
5	331	77	313	629
5	455	322	280	630
5	333	44	314	631
5	339	70	71	632
5	339	311	70	633
5	524	263	460	634
5	441	41	316	635
5	317	278	21	636
5	317	21	22	637
5	318	301	88	638
5	318	88	89	639
5	319	293	3	640
5	319	3	4	641
5	337	284	90	642
5	446	92	320	643
5	415	277	107	644
5	321	108	109	645
5	322	283	17	646
5	322	17	18	647
5	323	287	13	648
5	323	13	14	649
5	552	283	534	650
5	538	289	419	651
5	423	104	418	652
5	694	625	478	653
5	326	274	25	654
5	326	25	26	655
5	341	67	332	656
5	344	65	327	657
5	328	314	45	658
5	328	45	46	659
5	734	677	462	660
5	459	330	257	661
5	330	272	29	662
5	330	29	30	663
5	562	313	555	664
5	498	417	311	665
5	341	66	67	666
5	341	327	66	667
5	468	419	287	668
5	1362	1084	1218	669
5	334	258	37	670
5	334	37	38	671
5	897	675	861	672
5	540	448	300	673
5	336	320	93	674
5	336	93	94	675
5	547	318	514	676
5	768	567	566	677
5	756	520	651	678
5	461	421	305	679
5	652	534	455	680
5	746	660	543	681
5	753	741	535	682
5	1043	889	916	683
5	550	421	461	684
5	643	270	441	685
5	342	313	78	686
5	342	78	79	687
5	575	308	453	688
5	474	302	254	689
5	556	328	520	690
5	449	308	63	691
5	345	297	51	692
5	345	51	52	693
5	346	265	35	694
5	346	35	36	695
5	692	465	647	696
5	347	266	100	697
5	445	94	95	698
5	725	536	701	699
5	407	153	385	700
5	618	407	617	701
5	350	281	98	702
5	350	98	99	703
5	424	109	110	704
5	351	110	111	705
5	413	114	352	706
5	416	112	353	707
5	478	321	424	708
5	496	371	429	709
5	426	367	118	710
5	372	352	115	711
5	378	143	355	712
5	436	140	141	713
5	807	611	806	714
5	359	188	189	715
5	495	383	410	716
5	591	364	378	717
5	783	584	782	718
5	493	410	275	719
5	489	398	361	720
5	394	185	369	721
5	992	880	704	722
5	365	181	182	723
5	605	391	400	724
5	392	178	179	725
5	362	358	148	726
5	362	148	149	727
5	834	450	635	728
5	799	708	504	729
5	603	387	404	730
5	436	141	364	731
5	366	179	180	732
5	392	361	178	733
5	608	480	390	734
5	392	179	366	735
5	426	119	371	736
5	626	353	580	737
5	368	359	189	738
5	368	189	190	739
5	370	183	184	740
5	437	182	183	741
5	839	640	593	742
5	437	183	370	743
5	426	118	119	744
5	371	119	120	745
5	501	413	352	746
5	627	351	416	747
5	428	135	373	748
5	599	380	414	749
5	718	598	689	750
5	824	626	823	751
5	379	124	125	752
5	414	124	379	753
5	432	136	137	754
5	376	137	138	755
5	377	363	146	756
5	377	146	147	757
5	378	364	142	758
5	378	142	143	759
5	600	481	354	760
5	686	583	487	761
5	816	620	619	762
5	689	598	483	763
5	408	156	157	764
5	408	264	156	765
5	412	127	128	766
5	382	128	129	767
5	409	129	130	768
5	383	130	131	769
5	405	158	159	770
5	405	381	158	771
5	407	152	153	772
5	407	349	152	773
5	604	389	402	774
5	640	370	593	775
5	609	391	605	776
5	403	163	387	777
5	389	167	168	778
5	401	166	167	779
5	604	402	601	780
5	401	167	389	781
5	391	171	172	782
5	399	170	171	783
5	479	384	406	784
5	399	171	391	785
5	606	504	392	786
5	593	370	394	787
5	397	174	175	788
5	397	390	174	789
5	394	370	184	790
5	394	184	185	791
5	395	366	180	792
5	395	180	181	793
5	396	360	187	794
5	396	187	188	795
5	620	523	264	796
5	615	384	479	797
5	398	393	176	798
5	398	176	177	799
5	482	406	253	800
5	614	253	403	801
5	400	391	172	802
5	400	172	173	803
5	605	400	480	804
5	489	484	398	805
5	402	389	168	806
5	402	168	169	807
5	974	788	732	808
5	622	382	409	809
5	404	387	164	810
5	404	164	165	811
5	494	376	435	812
5	621	409	383	813
5	406	384	160	814
5	406	160	161	815
5	638	436	364	816
5	583	362	444	817
5	487	444	357	818
5	583	444	487	819
5	636	376	494	820
5	617	407	385	821
5	410	383	131	822
5	410	131	132	823
5	411	379	125	824
5	411	125	126	825
5	529	428	373	826
5	634	426	371	827
5	413	353	113	828
5	413	113	114	829
5	414	380	123	830
5	414	123	124	831
5	580	413	501	832
5	509	425	477	833
5	496	429	481	834
5	527	378	355	835
5	417	332	68	836
5	417	68	69	837
5	423	325	103	838
5	418	104	105	839
5	419	289	11	840
5	419	11	12	841
5	534	322	455	842
5	533	280	291	843
5	421	306	59	844
5	421	59	60	845
5	574	327	341	846
5	646	449	344	847
5	632	418	509	848
5	861	675	669	849
5	624	375	412	850
5	500	414	379	851
5	425	418	105	852
5	425	105	106	853
5	595	372	594	854
5	690	594	450	855
5	427	372	116	856
5	427	116	117	857
5	428	374	134	858
5	428	134	135	859
5	429	371	120	860
5	429	120	121	861
5	430	368	190	862
5	430	190	191	863
5	431	430	191	864
5	431	191	192	865
5	494	435	486	866
5	639	486	273	867
5	433	431	192	868
5	433	192	193	869
5	434	433	193	870
5	434	193	194	871
5	435	376	138	872
5	435	138	139	873
5	601	402	388	874
5	602	404	386	875
5	867	506	661	876
5	812	616	615	877
5	439	196	197	878
5	440	198	438	879
5	592	395	588	880
5	586	368	492	881
5	440	439	197	882
5	440	197	198	883
5	539	521	268	884
5	541	292	260	885
5	473	312	279	886
5	532	473	279	887
5	443	434	194	888
5	443	194	195	889
5	444	362	149	890
5	444	149	150	891
5	951	767	751	892
5	1051	856	915	893
5	446	337	91	894
5	446	91	92	895
5	447	279	81	896
5	447	81	82	897
5	448	310	74	898
5	448	74	75	899
5	526	295	285	900
5	569	306	550	901
5	450	427	367	902
5	635	450	367	903
5	884	790	690	904
5	791	781	501	905
5	978	793	977	906
5	902	702	717	907
5	646	453	449	908
5	577	344	327	909
5	454	346	258	910
5	497	458	334	911
5	628	272	476	912
5	629	463	271	913
5	456	446	320	914
5	951	751	856	915
5	457	385	261	916
5	523	457	261	917
5	458	454	258	918
5	458	258	334	919
5	476	272	330	920
5	462	286	274	921
5	825	628	476	922
5	736	475	531	923
5	548	302	474	924
5	544	345	472	925
5	528	326	463	926
5	679	524	666	927
5	528	274	326	928
5	463	326	271	929
5	464	342	312	930
5	775	498	572	931
5	465	348	269	932
5	698	512	513	933
5	754	554	540	934
5	737	532	516	935
5	567	250	335	936
5	532	279	447	937
5	539	268	288	938
5	538	419	468	939
5	572	498	311	940
5	505	290	469	941
5	561	541	260	942
5	542	257	292	943
5	843	643	642	944
5	631	520	296	945
5	544	297	345	946
5	520	328	296	947
5	701	536	547	948
5	536	307	301	949
5	548	304	302	950
5	526	472	295	951
5	531	317	522	952
5	533	291	475	953
5	628	420	272	954
5	629	271	420	955
5	477	425	277	956
5	499	477	277	957
5	499	277	415	958
5	698	513	578	959
5	615	405	384	960
5	523	261	264	961
5	610	601	388	962
5	862	707	655	963
5	635	426	634	964
5	634	371	496	965
5	705	479	482	966
5	792	597	687	967
5	598	411	483	968
5	600	354	380	969
5	607	397	393	970
5	608	390	397	971
5	808	797	602	972
5	488	394	369	973
5	596	493	275	974
5	596	275	374	975
5	590	252	363	976
5	519	355	252	977
5	988	802	801	978
5	587	360	396	979
5	798	592	789	980
5	800	607	484	981
5	490	485	433	982
5	490	433	434	983
5	491	488	369	984
5	491	369	360	985
5	502	396	359	986
5	587	491	360	987
5	730	457	523	988
5	495	410	493	989
5	711	529	637	990
5	597	428	529	991
5	835	636	710	992
5	621	383	495	993
5	822	689	483	994
5	635	367	426	995
5	771	570	569	996
5	770	569	550	997
5	571	315	505	998
5	776	466	716	999
5	717	625	694	1000
5	901	852	695	1001
5	821	623	820	1002
5	599	414	500	1003
5	627	416	626	1004
5	626	416	353	1005
5	706	581	654	1006
5	587	396	502	1007
5	503	490	434	1008
5	503	434	443	1009
5	504	489	361	1010
5	504	361	392	1011
5	571	339	315	1012
5	572	311	339	1013
5	506	438	199	1014
5	943	917	743	1015
5	685	503	508	1016
5	910	681	850	1017
5	654	485	653	1018
5	987	801	800	1019
5	663	578	452	1020
5	852	663	695	1021
5	1199	1020	1198	1022
5	724	647	525	1023
5	698	578	663	1024
5	722	632	656	1025
5	859	692	847	1026
5	525	281	512	1027
5	513	512	350	1028
5	513	350	266	1029
5	566	335	303	1030
5	516	447	250	1031
5	1219	658	1080	1032
5	515	199	340	1033
5	1038	845	780	1034
5	551	303	442	1035
5	668	256	517	1036
5	868	661	515	1037
5	543	517	293	1038
5	518	319	262	1039
5	584	362	583	1040
5	527	355	519	1041
5	545	297	544	1042
5	631	296	422	1043
5	740	652	455	1044
5	752	552	665	1045
5	531	278	317	1046
5	522	317	276	1047
5	616	405	615	1048
5	782	584	583	1049
5	524	518	262	1050
5	524	262	263	1051
5	525	465	269	1052
5	525	269	281	1053
5	549	304	548	1054
5	757	556	756	1055
5	839	593	683	1056
5	591	378	527	1057
5	665	552	534	1058
5	742	696	468	1059
5	637	432	636	1060
5	637	373	432	1061
5	530	522	276	1062
5	530	276	286	1063
5	874	700	731	1064
5	747	544	700	1065
5	673	662	514	1066
5	773	505	699	1067
5	829	631	630	1068
5	765	565	564	1069
5	553	535	282	1070
5	537	287	323	1071
5	553	309	552	1072
5	537	323	535	1073
5	567	335	566	1074
5	566	303	551	1075
5	760	560	672	1076
5	744	542	541	1077
5	559	539	288	1078
5	558	289	538	1079
5	559	324	558	1080
5	759	559	758	1081
5	554	310	448	1082
5	554	469	310	1083
5	561	329	560	1084
5	542	292	541	1085
5	674	522	530	1086
5	1017	828	748	1087
5	889	758	728	1088
5	1528	1266	1364	1089
5	545	299	297	1090
5	630	422	298	1091
5	748	546	545	1092
5	546	299	545	1093
5	844	714	471	1094
5	630	298	546	1095
5	547	536	301	1096
5	547	301	318	1097
5	549	285	304	1098
5	549	526	285	1099
5	700	544	472	1100
5	715	678	458	1101
5	569	338	306	1102
5	570	254	338	1103
5	751	551	644	1104
5	567	516	250	1105
5	553	282	309	1106
5	552	309	283	1107
5	745	459	542	1108
5	672	560	470	1109
5	780	577	574	1110
5	776	573	466	1111
5	562	331	313	1112
5	563	300	331	1113
5	763	562	762	1114
5	738	473	532	1115
5	565	333	564	1116
5	642	316	557	1117
5	559	288	324	1118
5	558	324	289	1119
5	679	518	524	1120
5	753	553	752	1121
5	561	260	329	1122
5	560	329	265	1123
5	746	518	679	1124
5	734	528	733	1125
5	953	769	768	1126
5	563	331	562	1127
5	846	453	646	1128
5	699	505	469	1129
5	565	294	333	1130
5	564	333	314	1131
5	777	574	573	1132
5	845	646	577	1133
5	1086	856	1051	1134
5	723	511	579	1135
5	723	579	671	1136
5	669	456	511	1137
5	568	467	337	1138
5	568	337	446	1139
5	761	744	541	1140
5	570	338	569	1141
5	750	549	749	1142
5	1667	1374	1548	1143
5	1136	946	1047	1144
5	572	339	571	1145
5	676	550	461	1146
5	846	649	453	1147
5	773	571	505	1148
5	574	341	573	1149
5	1142	954	953	1150
5	577	327	574	1151
5	576	305	343	1152
5	576	461	305	1153
5	1037	714	844	1154
5	829	651	631	1155
5	1039	846	845	1156
5	646	344	577	1157
5	578	513	266	1158
5	578	266	347	1159
5	579	511	336	1160
5	579	336	445	1161
5	790	594	690	1162
5	633	351	627	1163
5	581	492	430	1164
5	581	430	431	1165
5	582	487	357	1166
5	582	357	349	1167
5	584	358	362	1168
5	589	363	377	1169
5	712	495	493	1170
5	585	358	584	1171
5	688	494	486	1172
5	589	377	585	1173
5	586	502	359	1174
5	586	359	368	1175
5	1092	867	661	1176
5	802	703	480	1177
5	592	366	395	1178
5	606	392	366	1179
5	1030	905	688	1180
5	590	363	589	1181
5	840	641	640	1182
5	1154	968	910	1183
5	803	605	703	1184
5	638	364	591	1185
5	789	592	588	1186
5	606	366	592	1187
5	640	437	370	1188
5	641	365	437	1189
5	595	352	372	1190
5	594	372	427	1191
5	794	500	718	1192
5	796	481	600	1193
5	787	519	590	1194
5	838	688	486	1195
5	597	596	374	1196
5	597	374	428	1197
5	598	500	379	1198
5	598	379	411	1199
5	793	596	792	1200
5	600	380	599	1201
5	821	624	623	1202
5	793	712	493	1203
5	612	602	386	1204
5	613	403	387	1205
5	611	389	604	1206
5	603	404	602	1207
5	683	593	488	1208
5	613	387	603	1209
5	611	401	389	1210
5	612	386	401	1211
5	609	399	391	1212
5	610	388	399	1213
5	681	586	492	1214
5	707	491	655	1215
5	803	609	605	1216
5	608	397	607	1217
5	840	640	839	1218
5	983	798	789	1219
5	708	489	504	1220
5	610	399	609	1221
5	812	615	684	1222
5	684	615	479	1223
5	810	614	613	1224
5	612	401	611	1225
5	1032	840	839	1226
5	801	608	607	1227
5	709	489	708	1228
5	614	403	613	1229
5	788	527	732	1230
5	682	487	582	1231
5	616	381	405	1232
5	620	264	408	1233
5	1026	834	1025	1234
5	619	381	616	1235
5	618	349	407	1236
5	618	582	349	1237
5	686	487	682	1238
5	782	583	686	1239
5	732	527	519	1240
5	620	408	619	1241
5	787	732	519	1242
5	785	589	585	1243
5	687	597	529	1244
5	622	409	621	1245
5	820	623	622	1246
5	623	382	622	1247
5	1001	813	877	1248
5	624	412	623	1249
5	713	496	481	1250
5	702	477	499	1251
5	625	499	415	1252
5	625	415	321	1253
5	781	580	501	1254
5	633	424	351	1255
5	911	702	902	1256
5	721	477	702	1257
5	826	628	825	1258
5	629	420	628	1259
5	827	733	463	1260
5	883	666	729	1261
5	651	520	631	1262
5	631	422	630	1263
5	715	497	714	1264
5	740	455	533	1265
5	632	510	423	1266
5	632	423	418	1267
5	791	595	790	1268
5	831	478	633	1269
5	718	500	598	1270
5	796	713	481	1271
5	831	633	830	1272
5	1007	819	818	1273
5	637	529	373	1274
5	636	432	376	1275
5	813	618	617	1276
5	836	638	591	1277
5	797	603	602	1278
5	639	436	638	1279
5	811	705	482	1280
5	705	684	479	1281
5	903	684	705	1282
5	641	437	640	1283
5	654	581	485	1284
5	817	730	523	1285
5	649	575	453	1286
5	643	441	642	1287
5	778	575	649	1288
5	770	550	676	1289
5	644	551	442	1290
5	644	442	307	1291
5	645	579	445	1292
5	645	445	348	1293
5	950	766	765	1294
5	937	752	855	1295
5	695	452	451	1296
5	1220	1045	1048	1297
5	648	548	474	1298
5	772	648	474	1299
5	778	576	575	1300
5	772	474	570	1301
5	650	476	459	1302
5	745	650	459	1303
5	756	556	520	1304
5	844	471	643	1305
5	735	522	674	1306
5	759	743	539	1307
5	1219	507	658	1308
5	863	685	849	1309
5	1069	983	1031	1310
5	1318	1171	1317	1311
5	719	586	681	1312
5	784	655	587	1313
5	656	632	509	1314
5	721	656	509	1315
5	657	653	490	1316
5	657	490	503	1317
5	658	507	439	1318
5	658	439	440	1319
5	691	438	659	1320
5	691	440	438	1321
5	1063	942	889	1322
5	909	891	678	1323
5	668	255	256	1324
5	868	515	726	1325
5	662	547	514	1326
5	1115	1079	873	1327
5	695	451	693	1328
5	1022	694	831	1329
5	664	555	464	1330
5	738	532	737	1331
5	696	538	468	1332
5	666	524	460	1333
5	728	538	696	1334
5	758	558	728	1335
5	667	617	457	1336
5	730	667	457	1337
5	853	517	660	1338
5	727	255	668	1339
5	673	514	467	1340
5	675	456	669	1341
5	1018	829	828	1342
5	672	470	670	1343
5	723	669	511	1344
5	1012	781	976	1345
5	1086	951	856	1346
5	1040	875	649	1347
5	680	568	675	1348
5	680	467	568	1349
5	735	531	522	1350
5	739	533	475	1351
5	680	673	467	1352
5	915	856	725	1353
5	779	576	778	1354
5	779	676	461	1355
5	677	674	530	1356
5	677	530	462	1357
5	678	670	454	1358
5	678	454	458	1359
5	896	666	883	1360
5	1134	943	1133	1361
5	856	751	725	1362
5	915	701	871	1363
5	719	502	586	1364
5	784	502	719	1365
5	814	618	813	1366
5	814	582	618	1367
5	841	588	641	1368
5	703	605	480	1369
5	993	807	806	1370
5	704	604	601	1371
5	867	659	506	1372
5	720	685	508	1373
5	1028	837	836	1374
5	838	486	639	1375
5	710	494	688	1376
5	711	687	529	1377
5	710	636	494	1378
5	999	903	705	1379
5	818	495	712	1380
5	819	622	621	1381
5	832	496	713	1382
5	1202	1024	1023	1383
5	720	508	507	1384
5	691	658	440	1385
5	692	671	645	1386
5	692	645	465	1387
5	695	663	452	1388
5	1267	1109	914	1389
5	823	580	781	1390
5	830	633	627	1391
5	1107	902	1054	1392
5	901	695	693	1393
5	728	558	538	1394
5	729	666	460	1395
5	697	664	464	1396
5	697	464	473	1397
5	724	512	698	1398
5	724	525	512	1399
5	755	554	754	1400
5	716	466	498	1401
5	747	545	544	1402
5	828	630	546	1403
5	725	644	536	1404
5	738	697	473	1405
5	1198	1020	1013	1406
5	864	693	722	1407
5	805	704	601	1408
5	806	604	704	1409
5	804	609	803	1410
5	1366	1224	1264	1411
5	809	603	797	1412
5	995	808	994	1413
5	706	681	492	1414
5	706	492	581	1415
5	707	683	488	1416
5	707	488	491	1417
5	709	484	489	1418
5	802	480	608	1419
5	995	797	808	1420
5	800	484	709	1421
5	991	805	804	1422
5	993	806	880	1423
5	865	812	684	1424
5	1002	812	865	1425
5	818	621	495	1426
5	820	622	819	1427
5	832	634	496	1428
5	833	635	634	1429
5	715	458	497	1430
5	714	497	471	1431
5	925	739	736	1432
5	921	735	674	1433
5	774	571	773	1434
5	775	716	498	1435
5	717	702	499	1436
5	717	499	625	1437
5	794	599	500	1438
5	795	600	599	1439
5	910	719	681	1440
5	1032	839	879	1441
5	1070	1032	879	1442
5	1068	857	863	1443
5	1021	831	830	1444
5	1026	884	690	1445
5	722	693	510	1446
5	722	510	632	1447
5	1253	1102	1225	1448
5	1258	1059	1082	1449
5	1221	1059	852	1450
5	1057	698	663	1451
5	954	737	769	1452
5	1060	913	859	1453
5	1222	1093	868	1454
5	1061	888	932	1455
5	727	726	340	1456
5	727	340	255	1457
5	893	670	891	1458
5	930	745	744	1459
5	922	735	921	1460
5	1289	1124	1064	1461
5	815	616	812	1462
5	1062	900	905	1463
5	731	700	472	1464
5	731	472	526	1465
5	788	591	527	1466
5	837	639	638	1467
5	734	462	528	1468
5	733	528	463	1469
5	941	757	756	1470
5	1015	826	1014	1471
5	855	752	665	1472
5	736	531	735	1473
5	938	753	937	1474
5	739	475	736	1475
5	767	551	751	1476
5	875	778	649	1477
5	958	872	648	1478
5	960	774	959	1479
5	929	742	928	1480
5	740	533	739	1481
5	1407	1228	1294	1482
5	1810	1652	1504	1483
5	742	468	537	1484
5	741	537	535	1485
5	855	665	854	1486
5	1014	826	825	1487
5	743	729	521	1488
5	743	521	539	1489
5	761	561	760	1490
5	745	542	744	1491
5	1019	651	829	1492
5	935	750	749	1493
5	1139	941	1076	1494
5	1120	854	927	1495
5	931	650	745	1496
5	748	545	747	1497
5	1014	825	869	1498
5	828	546	748	1499
5	750	526	549	1500
5	750	731	526	1501
5	920	885	677	1502
5	927	652	740	1503
5	767	566	551	1504
5	769	516	567	1505
5	753	535	553	1506
5	752	553	552	1507
5	929	916	696	1508
5	1213	1035	1212	1509
5	755	469	554	1510
5	755	699	469	1511
5	948	754	764	1512
5	939	755	754	1513
5	757	564	556	1514
5	766	557	565	1515
5	941	756	851	1516
5	765	564	757	1517
5	759	539	559	1518
5	758	559	558	1519
5	1120	1085	854	1520
5	922	736	735	1521
5	761	541	561	1522
5	760	561	560	1523
5	956	771	770	1524
5	935	749	872	1525
5	763	563	562	1526
5	764	540	563	1527
5	959	774	773	1528
5	764	563	763	1529
5	963	777	776	1530
5	961	775	960	1531
5	891	670	678	1532
5	766	565	765	1533
5	1035	843	842	1534
5	842	557	766	1535
5	915	725	701	1536
5	768	566	767	1537
5	948	939	754	1538
5	769	567	768	1539
5	947	763	946	1540
5	1040	649	846	1541
5	872	749	648	1542
5	771	569	770	1543
5	956	770	955	1544
5	772	570	771	1545
5	965	778	875	1546
5	957	772	771	1547
5	774	572	571	1548
5	775	572	774	1549
5	952	767	951	1550
5	859	671	692	1551
5	871	701	662	1552
5	923	738	737	1553
5	873	664	697	1554
5	777	573	776	1555
5	873	848	664	1556
5	780	574	777	1557
5	779	461	576	1558
5	933	747	700	1559
5	1127	935	1067	1560
5	934	748	747	1561
5	946	763	762	1562
5	845	577	780	1563
5	823	626	580	1564
5	824	627	626	1565
5	783	585	584	1566
5	786	590	589	1567
5	1029	838	837	1568
5	785	585	783	1569
5	986	709	904	1570
5	985	904	708	1571
5	967	782	858	1572
5	786	589	785	1573
5	970	783	967	1574
5	787	590	786	1575
5	900	835	710	1576
5	973	732	787	1577
5	1011	689	822	1578
5	836	591	788	1579
5	798	606	592	1580
5	799	504	606	1581
5	791	501	595	1582
5	790	595	594	1583
5	1008	820	819	1584
5	1020	830	824	1585
5	793	493	596	1586
5	792	596	597	1587
5	1027	836	788	1588
5	906	835	900	1589
5	981	795	980	1590
5	795	599	794	1591
5	1020	824	1013	1592
5	796	600	795	1593
5	975	791	790	1594
5	976	791	975	1595
5	809	613	603	1596
5	811	482	614	1597
5	1081	850	876	1598
5	799	606	798	1599
5	969	862	655	1600
5	1257	1081	1239	1601
5	898	803	703	1602
5	801	607	800	1603
5	904	709	708	1604
5	802	608	801	1605
5	878	707	862	1606
5	998	811	810	1607
5	804	610	609	1608
5	805	601	610	1609
5	880	806	704	1610
5	805	610	804	1611
5	989	898	703	1612
5	1078	857	1068	1613
5	807	612	611	1614
5	808	602	612	1615
5	1209	1029	1208	1616
5	808	612	807	1617
5	1182	1002	1073	1618
5	877	813	667	1619
5	1253	1056	1102	1620
5	810	613	809	1621
5	1004	817	816	1622
5	811	614	810	1623
5	903	865	684	1624
5	1159	972	971	1625
5	815	619	616	1626
5	817	523	620	1627
5	814	682	582	1628
5	971	786	785	1629
5	882	792	687	1630
5	1102	1056	901	1631
5	879	683	878	1632
5	816	619	815	1633
5	1002	815	812	1634
5	817	620	816	1635
5	907	882	687	1636
5	1006	818	712	1637
5	977	793	792	1638
5	819	621	818	1639
5	1025	834	833	1640
5	822	624	821	1641
5	1025	833	1024	1642
5	822	483	624	1643
5	1012	823	781	1644
5	975	790	884	1645
5	979	718	881	1646
5	981	796	795	1647
5	1013	823	1012	1648
5	979	794	718	1649
5	976	781	791	1650
5	830	627	824	1651
5	826	629	628	1652
5	827	463	629	1653
5	1019	829	1018	1654
5	827	629	826	1655
5	869	825	650	1656
5	894	760	672	1657
5	949	757	941	1658
5	829	630	828	1659
5	1037	908	714	1660
5	1145	955	1144	1661
5	1056	852	901	1662
5	911	721	702	1663
5	901	693	864	1664
5	902	717	860	1665
5	982	796	981	1666
5	833	634	832	1667
5	977	792	882	1668
5	834	635	833	1669
5	967	783	782	1670
5	1104	907	906	1671
5	835	711	637	1672
5	835	637	636	1673
5	978	712	793	1674
5	837	638	836	1675
5	1030	688	838	1676
5	838	639	837	1677
5	1003	815	1002	1678
5	878	683	707	1679
5	1367	1092	1265	1680
5	841	641	840	1681
5	984	798	983	1682
5	841	789	588	1683
5	1226	1090	1156	1684
5	876	706	654	1685
5	921	674	885	1686
5	843	642	842	1687
5	931	869	650	1688
5	844	643	843	1689
5	894	672	893	1690
5	909	715	908	1691
5	870	773	699	1692
5	846	646	845	1693
5	961	716	775	1694
5	959	773	870	1695
5	847	692	647	1696
5	914	647	724	1697
5	848	762	664	1698
5	1138	1131	939	1699
5	1044	691	659	1700
5	1686	1371	1519	1701
5	1154	910	1049	1702
5	857	653	657	1703
5	851	756	651	1704
5	1148	872	958	1705
5	1082	724	1058	1706
5	914	847	647	1707
5	1506	863	1042	1708
5	1083	726	727	1709
5	854	665	652	1710
5	927	854	652	1711
5	1101	891	909	1712
5	1260	1100	1228	1713
5	954	923	737	1714
5	1308	1152	1307	1715
5	876	850	706	1716
5	887	653	857	1717
5	858	782	686	1718
5	899	858	686	1719
5	1231	1045	1220	1720
5	1507	1408	1431	1721
5	860	717	694	1722
5	1336	1191	1335	1723
5	1369	1220	1271	1724
5	1598	1554	1440	1725
5	968	719	910	1726
5	1156	862	969	1727
5	863	857	657	1728
5	863	657	685	1729
5	1162	975	884	1730
5	1167	980	1166	1731
5	1005	918	730	1732
5	1278	1105	1104	1733
5	866	864	722	1734
5	866	722	656	1735
5	1406	1093	1222	1736
5	1264	1224	1078	1737
5	1527	1061	932	1738
5	1371	888	1227	1739
5	1016	919	733	1740
5	885	674	677	1741
5	940	755	939	1742
5	962	716	961	1743
5	1140	952	951	1744
5	1094	890	1041	1745
5	1217	875	1040	1746
5	955	770	676	1747
5	924	738	923	1748
5	924	697	738	1749
5	936	750	935	1750
5	933	700	874	1751
5	1150	960	1149	1752
5	958	648	772	1753
5	1171	985	1170	1754
5	1155	968	1154	1755
5	1077	905	1030	1756
5	899	686	682	1757
5	879	839	683	1758
5	1033	840	1032	1759
5	1078	887	857	1760
5	1171	904	985	1761
5	990	803	898	1762
5	996	797	995	1763
5	881	718	689	1764
5	1011	881	689	1765
5	1006	712	978	1766
5	1010	822	821	1767
5	1135	945	944	1768
5	917	883	729	1769
5	980	794	979	1770
5	1024	833	832	1771
5	920	734	919	1772
5	925	736	922	1773
5	1508	720	886	1774
5	886	720	507	1775
5	887	876	654	1776
5	887	654	653	1777
5	932	679	896	1778
5	932	746	679	1779
5	917	729	743	1780
5	942	758	889	1781
5	890	871	662	1782
5	890	662	673	1783
5	893	672	670	1784
5	945	930	744	1785
5	892	861	669	1786
5	892	669	723	1787
5	1113	921	885	1788
5	944	760	894	1789
5	1046	944	894	1790
5	1195	1111	919	1791
5	895	890	673	1792
5	895	673	680	1793
5	932	888	746	1794
5	896	679	666	1795
5	897	895	680	1796
5	897	680	675	1797
5	990	804	803	1798
5	992	704	805	1799
5	1071	1000	1001	1800
5	1206	1027	974	1801
5	906	711	835	1802
5	907	687	711	1803
5	1108	1055	912	1804
5	1221	852	1056	1805
5	912	656	721	1806
5	912	721	911	1807
5	994	807	993	1808
5	1180	996	1179	1809
5	986	800	709	1810
5	989	703	802	1811
5	905	900	710	1812
5	905	710	688	1813
5	1190	881	1011	1814
5	907	711	906	1815
5	1187	1009	1008	1816
5	1165	978	977	1817
5	909	678	715	1818
5	908	715	714	1819
5	1123	1066	931	1820
5	1119	927	926	1821
5	968	784	719	1822
5	969	655	784	1823
5	1335	1163	1313	1824
5	912	866	656	1825
5	1229	1087	1109	1826
5	1205	884	1026	1827
5	913	892	723	1828
5	913	723	671	1829
5	1091	864	866	1830
5	1060	1050	913	1831
5	1269	1140	1086	1832
5	1151	961	1150	1833
5	916	889	728	1834
5	916	728	696	1835
5	943	759	942	1836
5	1228	1100	1134	1837
5	918	877	667	1838
5	918	667	730	1839
5	920	677	734	1840
5	919	734	733	1841
5	1144	964	1095	1842
5	1217	1096	875	1843
5	1146	957	956	1844
5	926	740	739	1845
5	1238	1076	1197	1846
5	1195	919	1016	1847
5	924	873	697	1848
5	1321	1177	1176	1849
5	1153	966	963	1850
5	1290	1128	1247	1851
5	1283	1112	1111	1852
5	926	739	925	1853
5	1121	929	928	1854
5	927	740	926	1855
5	1129	937	1065	1856
5	1085	855	854	1857
5	929	696	742	1858
5	928	742	741	1859
5	1063	889	1043	1860
5	1133	942	1063	1861
5	945	761	944	1862
5	931	745	930	1863
5	1123	930	945	1864
5	1065	937	855	1865
5	1286	1117	1284	1866
5	1604	1461	1460	1867
5	1283	1113	1112	1868
5	934	747	933	1869
5	1194	1016	1015	1870
5	1017	748	934	1871
5	936	731	750	1872
5	936	874	731	1873
5	1125	933	874	1874
5	1139	949	941	1875
5	938	741	753	1876
5	937	753	752	1877
5	1130	1121	928	1878
5	1227	888	1061	1879
5	940	699	755	1880
5	940	870	699	1881
5	1131	940	939	1882
5	1052	959	870	1883
5	949	765	757	1884
5	1034	842	766	1885
5	943	743	759	1886
5	942	759	758	1887
5	1368	1227	1061	1888
5	1124	932	896	1889
5	945	744	761	1890
5	944	761	760	1891
5	1117	925	922	1892
5	1123	945	1135	1893
5	947	764	763	1894
5	948	764	947	1895
5	1297	1136	1244	1896
5	1106	908	1037	1897
5	1095	964	965	1898
5	1304	1144	1240	1899
5	1149	960	959	1900
5	950	765	949	1901
5	1320	1176	1175	1902
5	1034	766	950	1903
5	952	768	767	1904
5	953	768	952	1905
5	1089	892	1050	1906
5	1282	1094	1236	1907
5	1430	1280	1373	1908
5	954	769	953	1909
5	1137	947	1136	1910
5	1151	962	961	1911
5	1146	956	1145	1912
5	1212	950	1139	1913
5	1152	962	1151	1914
5	957	771	956	1915
5	1197	1017	1196	1916
5	958	772	957	1917
5	1340	1126	1290	1918
5	1196	1017	934	1919
5	960	775	774	1920
5	962	776	716	1921
5	1110	1051	915	1922
5	963	776	962	1923
5	1094	871	890	1924
5	966	780	777	1925
5	1140	951	1086	1926
5	1425	1282	1370	1927
5	1079	1047	848	1928
5	966	777	963	1929
5	964	955	676	1930
5	964	676	779	1931
5	965	964	779	1932
5	965	779	778	1933
5	1298	1293	1131	1934
5	1038	780	966	1935
5	970	785	783	1936
5	972	787	786	1937
5	1169	983	1069	1938
5	969	784	968	1939
5	1173	987	986	1940
5	1090	878	862	1941
5	1182	1003	1002	1942
5	971	785	970	1943
5	1183	918	1005	1944
5	972	786	971	1945
5	1259	1087	1229	1946
5	973	787	972	1947
5	1179	995	994	1948
5	974	732	973	1949
5	1074	880	1178	1950
5	1027	788	974	1951
5	1185	1007	1006	1952
5	1013	824	823	1953
5	1347	1201	1346	1954
5	1343	1199	1198	1955
5	1172	986	904	1956
5	1007	818	1006	1957
5	1160	973	972	1958
5	1008	819	1007	1959
5	980	795	794	1960
5	982	713	796	1961
5	1168	981	1167	1962
5	1023	832	713	1963
5	1191	1012	976	1964
5	1205	1162	884	1965
5	1332	1188	1331	1966
5	1023	713	982	1967
5	984	799	798	1968
5	985	708	799	1969
5	1310	1226	1156	1970
5	985	799	984	1971
5	1318	1173	1172	1972
5	1176	989	1175	1973
5	1169	984	983	1974
5	987	800	986	1975
5	1178	991	1177	1976
5	988	801	987	1977
5	1177	991	990	1978
5	989	802	988	1979
5	1174	988	987	1980
5	1310	1156	1155	1981
5	1181	1073	903	1982
5	991	804	990	1983
5	1175	989	988	1984
5	992	805	991	1985
5	1170	984	1169	1986
5	1157	970	967	1987
5	994	808	807	1988
5	999	705	811	1989
5	1172	904	1171	1990
5	997	810	809	1991
5	1161	974	973	1992
5	1207	1028	1027	1993
5	1075	967	858	1994
5	997	809	996	1995
5	1101	1046	893	1996
5	998	810	997	1997
5	1584	1430	1509	1998
5	999	811	998	1999
5	1073	865	903	2000
5	1183	1098	918	2001
5	1000	899	682	2002
5	1000	682	814	2003
5	1001	1000	814	2004
5	1001	814	813	2005
5	1003	816	815	2006
5	1005	730	817	2007
5	1181	903	999	2008
5	1004	816	1003	2009
5	1178	880	992	2010
5	1005	817	1004	2011
5	1073	1002	865	2012
5	1183	1004	1182	2013
5	1189	1011	1010	2014
5	1009	821	820	2015
5	1104	906	1103	2016
5	1334	1250	1053	2017
5	1166	980	979	2018
5	1009	820	1008	2019
5	1203	1025	1024	2020
5	1010	821	1009	2021
5	1191	976	1163	2022
5	1011	822	1010	2023
5	1166	979	1053	2024
5	1168	982	981	2025
5	1192	1013	1012	2026
5	1021	830	1020	2027
5	1201	982	1168	2028
5	1022	831	1021	2029
5	1015	827	826	2030
5	1016	733	827	2031
5	1046	894	893	2032
5	1016	827	1015	2033
5	1212	1034	950	2034
5	1128	936	1127	2035
5	1135	944	1046	2036
5	1018	828	1017	2037
5	1106	1101	909	2038
5	1019	851	651	2039
5	1076	941	851	2040
5	1212	1035	1034	2041
5	1415	1056	1253	2042
5	1163	975	1162	2043
5	1349	1203	1348	2044
5	1022	860	694	2045
5	1091	866	1055	2046
5	1055	866	912	2047
5	1192	1012	1191	2048
5	1024	832	1023	2049
5	1164	977	882	2050
5	1026	690	834	2051
5	1184	1006	978	2052
5	1103	900	1062	2053
5	1179	996	995	2054
5	1105	882	907	2055
5	1072	899	1000	2056
5	1028	836	1027	2057
5	1180	998	997	2058
5	1029	837	1028	2059
5	1105	907	1104	2060
5	1030	838	1029	2061
5	1103	906	900	2062
5	1188	1010	1009	2063
5	1031	983	789	2064
5	1031	789	841	2065
5	1033	841	840	2066
5	1033	1031	841	2067
5	1355	1211	1210	2068
5	1517	1470	1397	2069
5	1076	851	1019	2070
5	1035	842	1034	2071
5	1118	926	925	2072
5	1036	843	1035	2073
5	1066	869	931	2074
5	1037	844	1036	2075
5	1085	1065	855	2076
5	1122	929	1121	2077
5	1136	947	946	2078
5	1039	845	1038	2079
5	1214	1038	966	2080
5	1040	846	1039	2081
5	1149	959	1052	2082
5	1216	1040	1039	2083
5	1050	892	913	2084
5	1422	1270	1246	2085
5	1042	863	849	2086
5	1044	659	867	2087
5	1436	1289	1260	2088
5	1122	916	929	2089
5	1256	691	1044	2090
5	1080	658	691	2091
5	1045	1041	895	2092
5	1045	895	897	2093
5	1101	893	891	2094
5	1106	1037	1213	2095
5	1047	946	848	2096
5	1273	1051	1110	2097
5	1048	1045	897	2098
5	1048	897	861	2099
5	1049	910	850	2100
5	1326	1073	1181	2101
5	1089	861	892	2102
5	1089	1048	861	2103
5	1143	923	954	2104
5	1079	848	873	2105
5	1132	940	1131	2106
5	1290	1126	1125	2107
5	1053	979	881	2108
5	1190	1053	881	2109
5	1054	902	860	2110
5	1200	1088	1022	2111
5	1108	911	1107	2112
5	1270	1050	1246	2113
5	1102	864	1091	2114
5	1102	901	864	2115
5	1058	698	1057	2116
5	1058	724	698	2117
5	1082	914	724	2118
5	1258	1057	1059	2119
5	1059	1057	663	2120
5	1059	663	852	2121
5	1246	1050	1060	2122
5	1345	1200	1344	2123
5	1356	1243	1212	2124
5	1124	896	1064	2125
5	1405	1310	1376	2126
5	1077	1062	905	2127
5	1064	896	883	2128
5	1294	1133	1223	2129
5	1443	1295	1377	2130
5	1134	917	943	2131
5	1193	1015	1014	2132
5	1338	1195	1194	2133
5	1111	920	919	2134
5	1066	1014	869	2135
5	1067	935	872	2136
5	1148	1067	872	2137
5	1097	887	1078	2138
5	1081	1049	850	2139
5	1210	1032	1070	2140
5	1211	1031	1033	2141
5	1210	1033	1032	2142
5	1211	1069	1031	2143
5	1249	1079	1248	2144
5	1157	967	1075	2145
5	1312	1160	1311	2146
5	1072	1000	1071	2147
5	1071	1001	877	2148
5	1182	1004	1003	2149
5	1181	998	1180	2150
5	1074	994	993	2151
5	1072	1075	858	2152
5	1378	1232	1353	2153
5	1139	950	949	2154
5	1127	936	935	2155
5	1158	970	1157	2156
5	1208	1029	1028	2157
5	1323	1074	1322	2158
5	1239	1097	1224	2159
5	1141	952	1140	2160
5	1231	1041	1045	2161
5	1550	1367	1265	2162
5	1754	1607	1753	2163
5	1126	933	1125	2164
5	1197	1018	1017	2165
5	1267	914	1082	2166
5	1281	1235	1055	2167
5	1289	1064	1260	2168
5	1233	867	1092	2169
5	1268	727	1084	2170
5	1084	727	668	2171
5	1112	920	1111	2172
5	1563	1452	1533	2173
5	1411	1259	1375	2174
5	1115	873	924	2175
5	1087	1060	859	2176
5	1087	859	847	2177
5	1088	1054	860	2178
5	1088	860	1022	2179
5	1449	1304	1448	2180
5	1303	1116	1143	2181
5	1099	879	878	2182
5	1099	1070	879	2183
5	1277	1103	1062	2184
5	1072	858	899	2185
5	1233	1044	867	2186
5	1222	868	1083	2187
5	1093	1092	661	2188
5	1093	661	868	2189
5	1110	915	871	2190
5	1270	1089	1050	2191
5	1144	955	964	2192
5	1145	956	955	2193
5	1096	1095	965	2194
5	1096	965	875	2195
5	1097	1081	876	2196
5	1097	876	887	2197
5	1098	1071	877	2198
5	1098	877	918	2199
5	1354	1070	1275	2200
5	1318	1172	1171	2201
5	1100	1064	883	2202
5	1100	883	917	2203
5	1262	1075	1072	2204
5	1382	1351	1350	2205
5	1179	994	1074	2206
5	1074	993	880	2207
5	1352	1207	1206	2208
5	1164	882	1105	2209
5	1322	1178	1316	2210
5	1165	977	1164	2211
5	1276	1071	1272	2212
5	1184	978	1165	2213
5	1106	909	908	2214
5	1357	1213	1243	2215
5	1108	912	911	2216
5	1107	911	902	2217
5	1721	1375	1577	2218
5	1383	1234	1254	2219
5	1109	1087	847	2220
5	1109	847	914	2221
5	1384	1220	1369	2222
5	1269	1086	1230	2223
5	1112	885	920	2224
5	1114	922	921	2225
5	1284	1117	1114	2226
5	1113	885	1112	2227
5	1338	1194	1193	2228
5	1114	921	1113	2229
5	1339	1283	1111	2230
5	1117	922	1114	2231
5	1385	1247	1306	2232
5	1141	953	952	2233
5	1116	1115	924	2234
5	1116	924	923	2235
5	1242	1065	1085	2236
5	1118	925	1117	2237
5	1389	1223	1237	2238
5	1119	926	1118	2239
5	1292	1130	1291	2240
5	1120	927	1119	2241
5	1439	1416	1288	2242
5	1255	1043	1122	2243
5	1130	938	1129	2244
5	1122	1043	916	2245
5	1433	1380	1286	2246
5	1589	1438	1510	2247
5	1123	931	930	2248
5	1193	1014	1066	2249
5	1286	1118	1117	2250
5	1287	1119	1286	2251
5	1126	934	933	2252
5	1197	1076	1019	2253
5	1295	1123	1135	2254
5	1196	934	1126	2255
5	1128	874	936	2256
5	1128	1125	874	2257
5	1452	1357	1387	2258
5	1450	1293	1446	2259
5	1130	928	938	2260
5	1129	938	937	2261
5	1337	1066	1296	2262
5	1435	1386	1241	2263
5	1132	870	940	2264
5	1132	1052	870	2265
5	1360	1216	1359	2266
5	1240	1144	1095	2267
5	1134	1100	917	2268
5	1133	943	942	2269
5	1511	1222	1420	2270
5	1953	1664	1706	2271
5	1285	1248	1115	2272
5	1245	1052	1293	2273
5	1137	948	947	2274
5	1138	939	948	2275
5	1293	1132	1131	2276
5	1138	948	1137	2277
5	1307	1152	1151	2278
5	1298	1131	1138	2279
5	1299	1076	1238	2280
5	1213	1037	1036	2281
5	1143	954	1142	2282
5	1142	953	1141	2283
5	1300	1141	1140	2284
5	1143	1116	923	2285
5	1557	1381	1552	2286
5	1297	1138	1137	2287
5	1365	1302	1301	2288
5	1586	1525	1380	2289
5	1240	1095	1096	2290
5	1147	958	957	2291
5	1308	1214	1153	2292
5	1245	1150	1149	2293
5	1304	1145	1144	2294
5	1147	957	1146	2295
5	1359	1214	1308	2296
5	1148	958	1147	2297
5	1360	1240	1096	2298
5	1411	1246	1259	2299
5	1150	961	960	2300
5	1152	963	962	2301
5	1305	1146	1304	2302
5	1153	963	1152	2303
5	1305	1148	1147	2304
5	1214	966	1153	2305
5	1359	1216	1215	2306
5	1215	1039	1038	2307
5	1306	1067	1148	2308
5	1307	1151	1150	2309
5	1155	969	968	2310
5	1156	1090	862	2311
5	1515	1080	1256	2312
5	1156	969	1155	2313
5	1899	1755	1754	2314
5	1274	1090	1226	2315
5	1158	971	970	2316
5	1209	1030	1029	2317
5	1232	1062	1077	2318
5	1159	971	1158	2319
5	1259	1060	1087	2320
5	1160	972	1159	2321
5	1329	1272	1098	2322
5	1161	973	1160	2323
5	1348	1203	1202	2324
5	1206	974	1161	2325
5	1163	976	975	2326
5	1199	1021	1020	2327
5	1333	1190	1189	2328
5	1200	1021	1199	2329
5	1277	1104	1103	2330
5	1185	1006	1184	2331
5	1346	1168	1315	2332
5	1186	1008	1007	2333
5	1167	981	980	2334
5	1201	1023	982	2335
5	1315	1168	1167	2336
5	1202	1023	1201	2337
5	1336	1192	1191	2338
5	1203	1024	1202	2339
5	1170	985	984	2340
5	1274	1099	1090	2341
5	1746	1600	1570	2342
5	1173	986	1172	2343
5	1462	1459	1321	2344
5	1174	987	1173	2345
5	1641	1426	1583	2346
5	1175	988	1174	2347
5	1239	1081	1097	2348
5	1176	990	898	2349
5	1355	1210	1354	2350
5	1176	898	989	2351
5	1252	1069	1211	2352
5	1317	1169	1252	2353
5	1317	1171	1170	2354
5	1177	990	1176	2355
5	1252	1169	1069	2356
5	1178	992	991	2357
5	1464	1322	1463	2358
5	1180	997	996	2359
5	1311	1159	1158	2360
5	1181	999	998	2361
5	1272	1071	1098	2362
5	1329	1098	1183	2363
5	1325	1181	1180	2364
5	1316	1178	1177	2365
5	1317	1170	1169	2366
5	1183	1005	1004	2367
5	1276	1072	1071	2368
5	1328	1183	1182	2369
5	1343	1198	1342	2370
5	1259	1246	1060	2371
5	1351	1313	1162	2372
5	1186	1007	1185	2373
5	1331	1186	1330	2374
5	1187	1008	1186	2375
5	1330	1185	1184	2376
5	1188	1009	1187	2377
5	1277	1062	1232	2378
5	1189	1010	1188	2379
5	1620	1456	1475	2380
5	1190	1011	1189	2381
5	1342	1192	1336	2382
5	1330	1186	1185	2383
5	1351	1162	1205	2384
5	1374	1253	1225	2385
5	1280	1107	1234	2386
5	1198	1013	1192	2387
5	1284	1114	1113	2388
5	1194	1015	1193	2389
5	1291	1129	1241	2390
5	1195	1016	1194	2391
5	1241	1129	1065	2392
5	1287	1120	1119	2393
5	1284	1113	1283	2394
5	1197	1019	1018	2395
5	1295	1135	1261	2396
5	1358	1106	1357	2397
5	1234	1107	1054	2398
5	1200	1022	1021	2399
5	1345	1254	1088	2400
5	1344	1199	1343	2401
5	1342	1198	1192	2402
5	1313	1163	1162	2403
5	1335	1191	1163	2404
5	1204	1026	1025	2405
5	1349	1204	1203	2406
5	1350	1205	1204	2407
5	1492	1312	1311	2408
5	1204	1025	1203	2409
5	1263	1157	1075	2410
5	1205	1026	1204	2411
5	1278	1164	1105	2412
5	1346	1201	1168	2413
5	1323	1179	1074	2414
5	1207	1027	1206	2415
5	1314	1184	1165	2416
5	1208	1028	1207	2417
5	1263	1158	1157	2418
5	1209	1077	1030	2419
5	1353	1209	1208	2420
5	1232	1077	1209	2421
5	1319	1175	1174	2422
5	1211	1033	1210	2423
5	1321	1316	1177	2424
5	1324	1179	1323	2425
5	1478	1296	1443	2426
5	1213	1036	1035	2427
5	1370	1282	1236	2428
5	1243	1213	1212	2429
5	1654	1531	1581	2430
5	1215	1038	1214	2431
5	1285	1115	1116	2432
5	1216	1039	1215	2433
5	1384	1231	1220	2434
5	1217	1040	1216	2435
5	1306	1247	1067	2436
5	1247	1127	1067	2437
5	1218	1084	668	2438
5	1218	668	517	2439
5	1521	1233	1367	2440
5	1219	886	507	2441
5	1271	1048	1089	2442
5	1271	1089	1270	2443
5	1403	1082	1059	2444
5	1403	1267	1082	2445
5	1264	1078	1068	2446
5	1260	1064	1100	2447
5	1223	1133	1063	2448
5	1514	1404	1416	2449
5	1224	1097	1078	2450
5	1562	1428	1538	2451
5	1225	1102	1091	2452
5	1235	1225	1091	2453
5	1495	1275	1426	2454
5	1309	1155	1154	2455
5	1420	1083	1268	2456
5	1519	1227	1518	2457
5	1436	1260	1417	2458
5	1439	1292	1438	2459
5	1423	1369	1271	2460
5	1423	1270	1422	2461
5	1236	1041	1231	2462
5	1558	1391	1557	2463
5	1236	1094	1041	2464
5	1273	1230	1051	2465
5	1319	1173	1318	2466
5	1278	1104	1277	2467
5	1684	1662	1401	2468
5	1265	1092	1093	2469
5	1235	1091	1055	2470
5	1476	1313	1382	2471
5	1281	1108	1280	2472
5	1628	1482	1627	2473
5	1365	1303	1302	2474
5	1647	1499	1646	2475
5	1237	1223	1063	2476
5	1237	1063	1043	2477
5	1340	1196	1126	2478
5	1290	1125	1128	2479
5	1251	1154	1049	2480
5	1309	1154	1251	2481
5	1399	1279	1358	2482
5	1247	1128	1127	2483
5	1292	1288	1121	2484
5	1255	1237	1043	2485
5	1242	1120	1287	2486
5	1242	1241	1065	2487
5	1356	1139	1299	2488
5	1261	1135	1046	2489
5	1244	1136	1047	2490
5	1248	1079	1115	2491
5	1293	1052	1132	2492
5	1307	1150	1245	2493
5	1375	1259	1229	2494
5	1391	1230	1381	2495
5	1304	1146	1145	2496
5	1305	1147	1146	2497
5	1249	1047	1079	2498
5	1249	1244	1047	2499
5	1447	1301	1300	2500
5	1568	1412	1564	2501
5	1315	1167	1250	2502
5	1250	1167	1166	2503
5	1559	1402	1080	2504
5	1426	1274	1396	2505
5	1275	1099	1274	2506
5	1319	1174	1173	2507
5	1419	1109	1267	2508
5	1419	1229	1109	2509
5	1254	1234	1054	2510
5	1254	1054	1088	2511
5	1573	1407	1565	2512
5	1438	1291	1386	2513
5	1379	1042	1266	2514
5	1256	1080	691	2515
5	1257	1251	1049	2516
5	1257	1049	1081	2517
5	1258	1082	1058	2518
5	1258	1058	1057	2519
5	1347	1202	1201	2520
5	1330	1184	1314	2521
5	1518	1227	1368	2522
5	1390	1294	1223	2523
5	1622	1443	1526	2524
5	1358	1101	1106	2525
5	1496	1457	1252	2526
5	1263	1075	1262	2527
5	1312	1206	1161	2528
5	1311	1158	1263	2529
5	1527	1368	1061	2530
5	1687	1512	1513	2531
5	1367	1233	1092	2532
5	1266	1042	849	2533
5	1460	1319	1318	2534
5	1664	1518	1368	2535
5	1415	1221	1056	2536
5	1548	1374	1408	2537
5	1530	1268	1084	2538
5	1268	1083	727	2539
5	1391	1269	1230	2540
5	1300	1140	1269	2541
5	1663	1415	1571	2542
5	1271	1220	1048	2543
5	1447	1300	1392	2544
5	1392	1300	1269	2545
5	1276	1262	1072	2546
5	1640	1494	1493	2547
5	1413	1249	1412	2548
5	1381	1230	1273	2549
5	1275	1070	1099	2550
5	1354	1210	1070	2551
5	1460	1318	1458	2552
5	1355	1252	1211	2553
5	1469	1429	1328	2554
5	1464	1323	1322	2555
5	1428	1232	1378	2556
5	1332	1189	1188	2557
5	1250	1166	1053	2558
5	1455	1311	1263	2559
5	1279	1261	1046	2560
5	1279	1046	1101	2561
5	1281	1055	1108	2562
5	1280	1108	1107	2563
5	1431	1281	1430	2564
5	1572	1419	1267	2565
5	1282	1273	1110	2566
5	1282	1110	1094	2567
5	1296	1123	1295	2568
5	1296	1066	1123	2569
5	1301	1141	1300	2570
5	1242	1085	1120	2571
5	1647	1500	1499	2572
5	1286	1119	1118	2573
5	1444	1297	1244	2574
5	1387	1357	1243	2575
5	1443	1296	1295	2576
5	1380	1287	1286	2577
5	1288	1255	1122	2578
5	1288	1122	1121	2579
5	1723	1688	1417	2580
5	1512	1289	1436	2581
5	1437	1247	1385	2582
5	1341	1197	1196	2583
5	1292	1121	1130	2584
5	1291	1130	1129	2585
5	1390	1223	1389	2586
5	1386	1291	1241	2587
5	1297	1137	1136	2588
5	1625	1437	1534	2589
5	1294	1228	1134	2590
5	1294	1134	1133	2591
5	1437	1290	1247	2592
5	1337	1193	1066	2593
5	1441	1338	1337	2594
5	1338	1193	1337	2595
5	1400	1248	1285	2596
5	1298	1138	1297	2597
5	1450	1245	1293	2598
5	1412	1248	1400	2599
5	1356	1212	1139	2600
5	1299	1139	1076	2601
5	1301	1142	1141	2602
5	1302	1143	1142	2603
5	1392	1269	1391	2604
5	1302	1142	1301	2605
5	1303	1285	1116	2606
5	1303	1143	1302	2607
5	1359	1215	1214	2608
5	1245	1149	1052	2609
5	1502	1448	1240	2610
5	1388	1299	1238	2611
5	1480	1290	1437	2612
5	1306	1148	1305	2613
5	1421	1303	1365	2614
5	1448	1304	1240	2615
5	1444	1244	1413	2616
5	1360	1096	1217	2617
5	1479	1432	1283	2618
5	1308	1153	1152	2619
5	1458	1318	1317	2620
5	1310	1155	1309	2621
5	1311	1160	1159	2622
5	1353	1208	1352	2623
5	1602	1455	1454	2624
5	1493	1352	1312	2625
5	1352	1206	1312	2626
5	1312	1161	1160	2627
5	1314	1164	1278	2628
5	1331	1188	1187	2629
5	1314	1165	1164	2630
5	1331	1187	1186	2631
5	1485	1345	1344	2632
5	1348	1202	1347	2633
5	1322	1074	1178	2634
5	1324	1180	1179	2635
5	1395	1224	1366	2636
5	1396	1274	1226	2637
5	2029	1881	2028	2638
5	1321	1176	1320	2639
5	1466	1325	1324	2640
5	1320	1175	1319	2641
5	1463	1322	1316	2642
5	1426	1275	1274	2643
5	1495	1355	1354	2644
5	1463	1316	1459	2645
5	1454	1263	1262	2646
5	1325	1180	1324	2647
5	1454	1262	1424	2648
5	1326	1181	1325	2649
5	1427	1272	1398	2650
5	1327	1182	1073	2651
5	1398	1272	1329	2652
5	1468	1327	1326	2653
5	1467	1326	1325	2654
5	1327	1073	1326	2655
5	1459	1316	1321	2656
5	1328	1182	1327	2657
5	1603	1457	1536	2658
5	1329	1183	1328	2659
5	1489	1347	1488	2660
5	1618	1471	1615	2661
5	1488	1347	1346	2662
5	1333	1189	1332	2663
5	1468	1326	1467	2664
5	1334	1053	1190	2665
5	1458	1317	1457	2666
5	1467	1325	1466	2667
5	1397	1278	1277	2668
5	1334	1190	1333	2669
5	1627	1477	1621	2670
5	1476	1335	1313	2671
5	1617	1475	1474	2672
5	1490	1349	1348	2673
5	1487	1315	1456	2674
5	1345	1088	1200	2675
5	1407	1294	1390	2676
5	1434	1287	1380	2677
5	1339	1195	1338	2678
5	1339	1111	1195	2679
5	1442	1338	1441	2680
5	1478	1441	1337	2681
5	1341	1238	1197	2682
5	1341	1196	1340	2683
5	1418	1261	1279	2684
5	1791	1645	1790	2685
5	1488	1346	1487	2686
5	1344	1200	1199	2687
5	1456	1315	1250	2688
5	1541	1383	1522	2689
5	1487	1346	1315	2690
5	1483	1343	1342	2691
5	1383	1373	1234	2692
5	1572	1267	1403	2693
5	1473	1332	1331	2694
5	1470	1278	1397	2695
5	1475	1456	1250	2696
5	1350	1204	1349	2697
5	1489	1348	1347	2698
5	1351	1205	1350	2699
5	1657	1549	1640	2700
5	1491	1382	1350	2701
5	1382	1313	1351	2702
5	1482	1336	1477	2703
5	1470	1314	1278	2704
5	1352	1208	1207	2705
5	1472	1330	1471	2706
5	1353	1232	1209	2707
5	1474	1333	1332	2708
5	1474	1334	1333	2709
5	1414	1251	1257	2710
5	1560	1516	1376	2711
5	1414	1257	1394	2712
5	1756	1609	1755	2713
5	1498	1387	1243	2714
5	1575	1377	1418	2715
5	1358	1279	1101	2716
5	1357	1106	1213	2717
5	1440	1385	1306	2718
5	1440	1306	1305	2719
5	1449	1440	1305	2720
5	1360	1217	1216	2721
5	1449	1305	1304	2722
5	1412	1249	1248	2723
5	1393	1256	1044	2724
5	1393	1044	1233	2725
5	1652	853	1504	2726
5	1420	1222	1083	2727
5	1363	1362	1218	2728
5	1363	1218	853	2729
5	1364	1266	849	2730
5	1544	849	685	2731
5	1413	1244	1249	2732
5	1446	1298	1445	2733
5	1545	1264	1361	2734
5	1406	1265	1093	2735
5	1658	1591	1592	2736
5	1544	720	1508	2737
5	1512	1372	1289	2738
5	1417	1260	1228	2739
5	1423	1271	1270	2740
5	1422	1246	1411	2741
5	1409	1231	1384	2742
5	1409	1236	1231	2743
5	1504	853	660	2744
5	1505	746	888	2745
5	1578	1084	1362	2746
5	1372	1124	1289	2747
5	1373	1280	1234	2748
5	1484	1344	1343	2749
5	1581	1423	1580	2750
5	1431	1408	1235	2751
5	1630	1485	1484	2752
5	1630	1484	1629	2753
5	1376	1310	1309	2754
5	1453	1309	1251	2755
5	1377	1295	1261	2756
5	1418	1377	1261	2757
5	1636	1491	1490	2758
5	1494	1352	1493	2759
5	1511	1406	1222	2760
5	1555	1404	1514	2761
5	1433	1284	1432	2762
5	1710	1555	1709	2763
5	1552	1425	1520	2764
5	1872	1727	1845	2765
5	1627	1482	1477	2766
5	1483	1342	1482	2767
5	1477	1335	1476	2768
5	1482	1342	1336	2769
5	1409	1370	1236	2770
5	1552	1381	1425	2771
5	1540	1410	1481	2772
5	1645	1387	1498	2773
5	1435	1242	1434	2774
5	1573	1417	1407	2775
5	1497	1299	1388	2776
5	1788	1543	1703	2777
5	1497	1356	1299	2778
5	1498	1243	1356	2779
5	1587	1434	1525	2780
5	1722	1573	1565	2781
5	1586	1433	1585	2782
5	1417	1228	1407	2783
5	1595	1392	1558	2784
5	1447	1365	1301	2785
5	1843	1670	1842	2786
5	1568	1413	1412	2787
5	1503	1401	1402	2788
5	1852	1707	1528	2789
5	1561	1405	1516	2790
5	1453	1251	1414	2791
5	1395	1394	1239	2792
5	1395	1239	1224	2793
5	1876	1731	1676	2794
5	1457	1317	1252	2795
5	1635	1490	1489	2796
5	1634	1488	1633	2797
5	1424	1262	1276	2798
5	1494	1353	1352	2799
5	1624	1432	1479	2800
5	1418	1279	1399	2801
5	1564	1400	1421	2802
5	1446	1293	1298	2803
5	1844	1689	1559	2804
5	1401	886	1219	2805
5	1402	1401	1219	2806
5	1402	1219	1080	2807
5	1403	1059	1221	2808
5	1801	1667	1548	2809
5	1404	1389	1237	2810
5	1404	1237	1255	2811
5	1405	1396	1226	2812
5	1405	1226	1310	2813
5	1706	1368	1527	2814
5	1665	1363	1652	2815
5	1525	1434	1380	2816
5	1590	1514	1416	2817
5	1408	1374	1225	2818
5	1408	1225	1235	2819
5	1593	1445	1444	2820
5	1596	1365	1447	2821
5	1410	1388	1238	2822
5	1410	1238	1341	2823
5	1571	1415	1253	2824
5	1553	1520	1370	2825
5	1595	1447	1392	2826
5	1569	1444	1413	2827
5	1792	1646	1599	2828
5	1534	1437	1385	2829
5	1608	1463	1607	2830
5	1453	1376	1309	2831
5	1571	1253	1374	2832
5	1576	1221	1415	2833
5	1416	1404	1255	2834
5	1416	1255	1288	2835
5	1556	1389	1555	2836
5	1521	1393	1233	2837
5	1586	1380	1433	2838
5	1767	1591	1658	2839
5	1802	1663	1571	2840
5	1702	1509	1541	2841
5	1668	1578	1362	2842
5	1669	1528	1364	2843
5	1421	1400	1285	2844
5	1421	1285	1303	2845
5	1531	1384	1369	2846
5	1581	1369	1423	2847
5	1579	1422	1411	2848
5	1670	1566	1531	2849
5	1582	1427	1532	2850
5	1538	1428	1378	2851
5	1425	1381	1273	2852
5	1425	1273	1282	2853
5	1536	1457	1496	2854
5	1642	1536	1496	2855
5	1427	1424	1276	2856
5	1427	1276	1272	2857
5	1428	1397	1277	2858
5	1428	1277	1232	2859
5	1429	1398	1329	2860
5	1429	1329	1328	2861
5	1431	1235	1281	2862
5	1430	1281	1280	2863
5	1580	1422	1579	2864
5	1548	1408	1507	2865
5	1433	1286	1284	2866
5	1432	1284	1283	2867
5	1768	1623	1767	2868
5	1770	1625	1672	2869
5	1435	1241	1242	2870
5	1434	1242	1287	2871
5	1555	1389	1404	2872
5	1565	1407	1390	2873
5	1542	1394	1395	2874
5	1565	1390	1556	2875
5	1480	1340	1290	2876
5	1481	1341	1340	2877
5	1439	1288	1292	2878
5	1438	1292	1291	2879
5	1803	1709	1739	2880
5	1738	1589	1673	2881
5	1445	1297	1444	2882
5	1500	1359	1308	2883
5	1442	1339	1338	2884
5	1479	1283	1339	2885
5	1591	1442	1441	2886
5	1479	1339	1442	2887
5	1478	1337	1296	2888
5	1598	1449	1597	2889
5	1445	1298	1297	2890
5	1501	1360	1359	2891
5	1646	1451	1599	2892
5	1499	1307	1451	2893
5	1599	1451	1450	2894
5	1500	1308	1499	2895
5	1580	1423	1422	2896
5	1577	1229	1419	2897
5	1451	1245	1450	2898
5	1499	1308	1307	2899
5	1794	1647	1793	2900
5	1804	1716	1791	2901
5	1451	1307	1245	2902
5	1501	1359	1500	2903
5	1599	1450	1523	2904
5	1543	1410	1540	2905
5	1452	1399	1358	2906
5	1452	1358	1357	2907
5	1676	1516	1656	2908
5	1608	1464	1463	2909
5	1562	1517	1397	2910
5	1455	1263	1454	2911
5	1607	1463	1459	2912
5	1492	1311	1455	2913
5	1471	1314	1470	2914
5	1471	1330	1314	2915
5	1495	1354	1275	2916
5	1496	1252	1355	2917
5	1561	1396	1405	2918
5	1604	1460	1537	2919
5	1461	1319	1460	2920
5	1465	1324	1323	2921
5	1461	1320	1319	2922
5	1462	1321	1320	2923
5	1609	1465	1464	2924
5	1462	1320	1461	2925
5	1607	1459	1606	2926
5	1676	1561	1516	2927
5	1611	1467	1466	2928
5	1613	1469	1468	2929
5	1612	1467	1611	2930
5	1465	1323	1464	2931
5	1610	1466	1465	2932
5	1466	1324	1465	2933
5	1606	1462	1605	2934
5	1469	1327	1468	2935
5	1605	1461	1604	2936
5	1469	1328	1327	2937
5	1537	1460	1458	2938
5	1750	1537	1699	2939
5	1640	1493	1639	2940
5	1757	1611	1610	2941
5	1473	1331	1472	2942
5	1472	1331	1330	2943
5	1615	1470	1517	2944
5	1617	1474	1616	2945
5	1636	1490	1635	2946
5	1474	1332	1473	2947
5	1762	1617	1616	2948
5	1582	1424	1427	2949
5	1475	1334	1474	2950
5	1475	1250	1334	2951
5	1606	1459	1462	2952
5	1605	1462	1461	2953
5	1477	1336	1335	2954
5	1486	1345	1485	2955
5	1751	1605	1604	2956
5	1621	1476	1539	2957
5	2080	1934	2079	2958
5	1585	1433	1432	2959
5	1588	1386	1435	2960
5	1650	1448	1502	2961
5	1481	1410	1341	2962
5	1481	1340	1480	2963
5	1543	1388	1410	2964
5	1648	1501	1500	2965
5	1484	1343	1483	2966
5	1485	1344	1484	2967
5	1629	1483	1628	2968
5	1631	1486	1485	2969
5	1628	1483	1482	2970
5	1486	1254	1345	2971
5	1774	1629	1628	2972
5	1486	1383	1254	2973
5	1780	1636	1635	2974
5	1634	1489	1488	2975
5	1562	1397	1428	2976
5	1490	1348	1489	2977
5	1633	1488	1487	2978
5	1491	1350	1349	2979
5	1633	1487	1632	2980
5	1615	1471	1470	2981
5	1752	1606	1605	2982
5	1491	1349	1490	2983
5	1773	1627	1772	2984
5	1621	1477	1476	2985
5	1760	1614	1613	2986
5	1493	1312	1492	2987
5	1601	1424	1582	2988
5	1494	1378	1353	2989
5	1860	1714	1700	2990
5	1616	1474	1473	2991
5	1570	1414	1394	2992
5	1496	1355	1495	2993
5	1807	1570	1653	2994
5	1786	1583	1731	2995
5	1533	1452	1387	2996
5	1498	1356	1497	2997
5	1645	1533	1387	2998
5	1643	1388	1543	2999
5	1649	1502	1501	3000
5	1502	1240	1360	3001
5	1648	1500	1647	3002
5	1569	1413	1568	3003
5	1558	1392	1391	3004
5	1502	1360	1501	3005
5	1524	1421	1365	3006
5	1564	1421	1524	3007
5	1814	1551	1696	3008
5	1515	1256	1393	3009
5	1519	1371	1227	3010
5	1849	1706	1687	3011
5	1505	1504	660	3012
5	1505	660	746	3013
5	1506	1068	863	3014
5	1506	1042	1379	3015
5	1584	1507	1431	3016
5	1541	1509	1373	3017
5	1809	1508	1662	3018
5	1546	1366	1545	3019
5	1584	1431	1430	3020
5	1509	1430	1373	3021
5	1510	1438	1386	3022
5	1588	1510	1386	3023
5	1685	1379	1529	3024
5	1556	1390	1389	3025
5	1810	1504	1505	3026
5	1687	1372	1512	3027
5	1513	1512	1436	3028
5	2136	1943	1816	3029
5	1590	1439	1589	3030
5	1735	1587	1525	3031
5	1559	1080	1515	3032
5	1689	1402	1559	3033
5	1516	1405	1376	3034
5	1867	1688	1723	3035
5	1997	1852	1669	3036
5	1506	1361	1068	3037
5	1695	1521	1367	3038
5	1691	1515	1393	3039
5	1956	1695	1853	3040
5	1951	1693	1848	3041
5	1520	1425	1370	3042
5	1812	1713	1743	3043
5	1948	1817	1818	3044
5	1578	1530	1084	3045
5	1541	1373	1383	3046
5	1522	1383	1486	3047
5	1523	1450	1446	3048
5	1594	1523	1446	3049
5	1593	1444	1569	3050
5	1564	1412	1400	3051
5	1587	1435	1434	3052
5	1588	1435	1587	3053
5	1526	1443	1377	3054
5	1575	1526	1377	3055
5	1527	932	1124	3056
5	1547	1362	1363	3057
5	1529	1266	1528	3058
5	1529	1379	1266	3059
5	1941	1692	1940	3060
5	1690	1361	1506	3061
5	1698	1420	1530	3062
5	1530	1420	1268	3063
5	1553	1370	1409	3064
5	1566	1384	1531	3065
5	1532	1427	1398	3066
5	1614	1535	1429	3067
5	1563	1399	1452	3068
5	1574	1418	1399	3069
5	1626	1540	1481	3070
5	1643	1497	1388	3071
5	1535	1532	1398	3072
5	1535	1398	1429	3073
5	1583	1396	1561	3074
5	1642	1496	1495	3075
5	1751	1604	1750	3076
5	1901	1756	1900	3077
5	1700	1538	1549	3078
5	1639	1493	1492	3079
5	1539	1476	1382	3080
5	1637	1382	1491	3081
5	1626	1480	1625	3082
5	1644	1498	1497	3083
5	1774	1628	1773	3084
5	1909	1765	1908	3085
5	1560	1376	1453	3086
5	1570	1394	1542	3087
5	1703	1543	1540	3088
5	1788	1643	1543	3089
5	1809	1364	1544	3090
5	1544	1364	849	3091
5	1858	1710	1709	3092
5	1545	1366	1264	3093
5	1817	1704	1705	3094
5	1818	1366	1546	3095
5	1527	1124	1372	3096
5	1819	1521	1695	3097
5	1567	1411	1375	3098
5	1579	1411	1567	3099
5	1549	1538	1378	3100
5	1549	1378	1494	3101
5	1853	1550	1697	3102
5	1691	1393	1521	3103
5	1551	1550	1265	3104
5	1551	1265	1406	3105
5	1557	1391	1381	3106
5	1596	1447	1595	3107
5	1741	1594	1593	3108
5	1659	1552	1520	3109
5	1554	1534	1385	3110
5	1554	1385	1440	3111
5	1735	1525	1680	3112
5	1910	1820	1734	3113
5	1944	1910	1912	3114
5	1799	1573	1722	3115
5	2023	1875	1874	3116
5	1850	1694	1708	3117
5	1712	1557	1711	3118
5	1711	1557	1552	3119
5	1660	1559	1515	3120
5	1691	1660	1515	3121
5	1600	1414	1570	3122
5	1656	1516	1560	3123
5	1583	1426	1396	3124
5	1641	1495	1426	3125
5	1824	1766	1782	3126
5	1900	1755	1899	3127
5	1770	1626	1625	3128
5	1574	1399	1563	3129
5	1822	1567	1721	3130
5	1729	1580	1579	3131
5	1680	1525	1586	3132
5	1736	1588	1587	3133
5	1566	1553	1409	3134
5	1566	1409	1384	3135
5	1720	1569	1568	3136
5	1718	1564	1524	3137
5	1719	1564	1718	3138
5	1594	1446	1445	3139
5	1742	1523	1594	3140
5	1712	1558	1557	3141
5	1600	1453	1414	3142
5	1600	1560	1453	3143
5	1577	1375	1229	3144
5	1701	1522	1681	3145
5	1822	1728	1567	3146
5	1576	1419	1572	3147
5	1688	1436	1417	3148
5	1826	1436	1688	3149
5	1797	1744	1597	3150
5	1575	1418	1574	3151
5	1675	1672	1534	3152
5	1882	1737	1736	3153
5	1576	1572	1403	3154
5	1576	1403	1221	3155
5	1727	1419	1576	3156
5	1667	1571	1374	3157
5	1945	1668	1547	3158
5	1668	1362	1547	3159
5	1775	1630	1629	3160
5	1720	1568	1719	3161
5	1887	1712	1711	3162
5	1581	1531	1369	3163
5	1713	1524	1596	3164
5	1670	1531	1654	3165
5	1601	1454	1424	3166
5	1638	1492	1455	3167
5	1807	1746	1570	3168
5	2072	1927	1876	3169
5	1727	1576	1663	3170
5	1729	1579	1728	3171
5	1623	1442	1591	3172
5	1624	1585	1432	3173
5	1820	1680	1734	3174
5	1930	1790	1789	3175
5	1829	1674	1742	3176
5	1716	1563	1533	3177
5	1830	1722	1565	3178
5	1717	1556	1710	3179
5	1590	1416	1439	3180
5	1589	1439	1438	3181
5	1709	1555	1514	3182
5	1880	1735	1680	3183
5	1623	1479	1442	3184
5	1624	1479	1623	3185
5	1592	1591	1441	3186
5	1592	1441	1478	3187
5	1932	1792	1839	3188
5	1594	1445	1593	3189
5	1793	1646	1792	3190
5	1745	1675	1554	3191
5	2012	1863	1958	3192
5	1596	1524	1365	3193
5	1741	1593	1740	3194
5	2078	1933	1932	3195
5	1598	1440	1449	3196
5	1597	1449	1448	3197
5	1890	1675	1745	3198
5	1724	1563	1716	3199
5	1646	1499	1451	3200
5	1649	1501	1648	3201
5	1876	1676	1800	3202
5	1891	1833	1747	3203
5	1748	1582	1678	3204
5	1602	1454	1601	3205
5	1784	1639	1638	3206
5	1638	1455	1602	3207
5	1603	1537	1458	3208
5	1603	1458	1457	3209
5	1677	1536	1661	3210
5	1612	1468	1467	3211
5	1759	1613	1612	3212
5	1753	1606	1752	3213
5	1758	1612	1611	3214
5	1609	1464	1608	3215
5	1677	1603	1536	3216
5	1610	1465	1609	3217
5	1755	1608	1754	3218
5	1613	1468	1612	3219
5	1785	1639	1784	3220
5	1749	1602	1601	3221
5	1761	1683	1535	3222
5	1611	1466	1610	3223
5	1759	1612	1758	3224
5	1614	1469	1613	3225
5	1755	1609	1608	3226
5	1614	1429	1469	3227
5	1699	1537	1603	3228
5	1841	1657	1785	3229
5	1904	1760	1759	3230
5	1678	1582	1532	3231
5	1619	1616	1473	3232
5	1620	1475	1617	3233
5	1619	1472	1618	3234
5	1632	1456	1620	3235
5	1781	1637	1636	3236
5	1632	1487	1456	3237
5	1619	1473	1472	3238
5	1618	1472	1471	3239
5	1753	1607	1606	3240
5	1715	1517	1562	3241
5	1777	1620	1765	3242
5	1682	1615	1679	3243
5	1775	1629	1774	3244
5	1631	1522	1486	3245
5	1622	1592	1478	3246
5	1622	1478	1443	3247
5	1767	1623	1591	3248
5	1769	1585	1624	3249
5	1768	1624	1623	3250
5	1989	1723	1799	3251
5	1626	1481	1480	3252
5	1625	1480	1437	3253
5	1937	1889	1744	3254
5	1725	1574	1724	3255
5	1702	1541	1701	3256
5	1629	1484	1483	3257
5	1681	1522	1631	3258
5	1921	1781	1780	3259
5	1776	1631	1630	3260
5	1778	1632	1777	3261
5	1772	1621	1766	3262
5	1631	1485	1630	3263
5	1879	1651	1733	3264
5	1732	1509	1702	3265
5	1773	1628	1627	3266
5	1635	1489	1634	3267
5	1682	1618	1615	3268
5	1765	1620	1617	3269
5	2099	1995	1957	3270
5	1637	1491	1636	3271
5	1772	1627	1621	3272
5	1637	1539	1382	3273
5	1779	1635	1634	3274
5	1781	1636	1780	3275
5	1765	1617	1762	3276
5	1777	1632	1620	3277
5	1908	1765	1762	3278
5	1639	1492	1638	3279
5	1679	1615	1517	3280
5	1640	1549	1494	3281
5	1763	1618	1682	3282
5	1700	1549	1657	3283
5	1661	1536	1642	3284
5	1642	1495	1641	3285
5	1699	1603	1677	3286
5	1787	1661	1642	3287
5	1934	1794	1933	3288
5	1644	1497	1643	3289
5	1724	1574	1563	3290
5	1645	1498	1644	3291
5	1832	1771	1770	3292
5	1726	1575	1725	3293
5	1792	1599	1674	3294
5	1796	1649	1795	3295
5	1797	1650	1796	3296
5	1650	1502	1649	3297
5	1931	1791	1790	3298
5	1650	1597	1448	3299
5	1675	1534	1554	3300
5	1711	1552	1659	3301
5	1719	1568	1564	3302
5	1796	1650	1649	3303
5	1651	1548	1507	3304
5	1733	1651	1507	3305
5	1665	1547	1363	3306
5	1652	1363	853	3307
5	1653	1570	1542	3308
5	2093	1857	1983	3309
5	1730	1581	1580	3310
5	1728	1579	1567	3311
5	1655	1546	1545	3312
5	1655	1545	1361	3313
5	1747	1600	1746	3314
5	1747	1560	1600	3315
5	1860	1700	1806	3316
5	1785	1640	1639	3317
5	1726	1671	1526	3318
5	1725	1575	1574	3319
5	1855	1701	1681	3320
5	1694	1520	1553	3321
5	1684	1401	1503	3322
5	2127	1997	1977	3323
5	1731	1561	1676	3324
5	1787	1642	1641	3325
5	1662	1508	886	3326
5	1662	886	1401	3327
5	1802	1571	1667	3328
5	1663	1576	1415	3329
5	1811	1696	1511	3330
5	1707	1529	1528	3331
5	1810	1505	1371	3332
5	1810	1371	1686	3333
5	1666	1658	1592	3334
5	1666	1592	1622	3335
5	1845	1727	1663	3336
5	1721	1567	1375	3337
5	1808	1519	1692	3338
5	1693	1530	1578	3339
5	1690	1655	1361	3340
5	1950	1687	1513	3341
5	1694	1659	1520	3342
5	1708	1566	1670	3343
5	1671	1666	1622	3344
5	1671	1622	1526	3345
5	1672	1625	1534	3346
5	1836	1788	1703	3347
5	1673	1589	1510	3348
5	1737	1673	1510	3349
5	1674	1599	1523	3350
5	1742	1674	1523	3351
5	1745	1598	1744	3352
5	1795	1649	1648	3353
5	1731	1583	1561	3354
5	1786	1641	1583	3355
5	1897	1752	1896	3356
5	1899	1754	1898	3357
5	1748	1601	1582	3358
5	1783	1638	1602	3359
5	1714	1538	1700	3360
5	1715	1679	1517	3361
5	1737	1588	1736	3362
5	1736	1587	1735	3363
5	1701	1541	1522	3364
5	1733	1584	1732	3365
5	1903	1759	1758	3366
5	1897	1753	1752	3367
5	1683	1678	1532	3368
5	1683	1532	1535	3369
5	2152	1977	1809	3370
5	1809	1544	1508	3371
5	1692	1519	1518	3372
5	1951	1854	1693	3373
5	1798	1692	1518	3374
5	1945	1848	1668	3375
5	1706	1664	1368	3376
5	2157	1867	1989	3377
5	1717	1565	1556	3378
5	1710	1556	1555	3379
5	2003	1844	1660	3380
5	1689	1503	1402	3381
5	1690	1506	1379	3382
5	1690	1379	1685	3383
5	1698	1511	1420	3384
5	1695	1367	1550	3385
5	1808	1686	1519	3386
5	1954	1685	1813	3387
5	1696	1551	1406	3388
5	1696	1406	1511	3389
5	1955	1842	1873	3390
5	2026	1651	1879	3391
5	1819	1691	1521	3392
5	1851	1691	1819	3393
5	1811	1511	1698	3394
5	1852	1528	1669	3395
5	2004	1697	1814	3396
5	1697	1550	1551	3397
5	1698	1530	1693	3398
5	1814	1697	1551	3399
5	1750	1604	1537	3400
5	1752	1605	1751	3401
5	1714	1562	1538	3402
5	1715	1562	1714	3403
5	1733	1507	1584	3404
5	1732	1584	1509	3405
5	1856	1701	1855	3406
5	1917	1774	1916	3407
5	1771	1626	1770	3408
5	1871	1671	1726	3409
5	1857	1653	1542	3410
5	1704	1542	1395	3411
5	1705	1704	1395	3412
5	1705	1395	1366	3413
5	1706	1527	1372	3414
5	1706	1372	1687	3415
5	1798	1518	1664	3416
5	1813	1685	1529	3417
5	1708	1694	1553	3418
5	1708	1553	1566	3419
5	1739	1590	1738	3420
5	1739	1514	1590	3421
5	1866	1717	1710	3422
5	2087	1799	1991	3423
5	1743	1595	1712	3424
5	1718	1524	1713	3425
5	1932	1793	1792	3426
5	1712	1595	1558	3427
5	1743	1596	1595	3428
5	1865	1719	1864	3429
5	2056	1909	1908	3430
5	1908	1762	1838	3431
5	1861	1714	1860	3432
5	2053	1906	1905	3433
5	1789	1643	1788	3434
5	1790	1645	1644	3435
5	1799	1723	1573	3436
5	1723	1417	1573	3437
5	2034	1865	2013	3438
5	1740	1593	1569	3439
5	1913	1703	1771	3440
5	1740	1569	1720	3441
5	2196	2050	2195	3442
5	1885	1720	1865	3443
5	1801	1548	1651	3444
5	2007	1855	2006	3445
5	2015	1858	2014	3446
5	1813	1529	1707	3447
5	2088	1513	2016	3448
5	1867	1826	1688	3449
5	1868	1724	1716	3450
5	1726	1526	1575	3451
5	2032	1884	1835	3452
5	2030	1882	2029	3453
5	1870	1726	1725	3454
5	1871	1828	1671	3455
5	1998	1802	1972	3456
5	1727	1577	1419	3457
5	1873	1842	1654	3458
5	1730	1580	1729	3459
5	1823	1659	1694	3460
5	1730	1654	1581	3461
5	2002	1843	2001	3462
5	2160	2001	2089	3463
5	1902	1757	1901	3464
5	1846	1677	1661	3465
5	1877	1732	1702	3466
5	2025	1878	1877	3467
5	1855	1681	1837	3468
5	1845	1663	1802	3469
5	1734	1680	1586	3470
5	1734	1586	1585	3471
5	2028	1880	1964	3472
5	1737	1510	1588	3473
5	1884	1739	1738	3474
5	1883	1835	1673	3475
5	1880	1680	1820	3476
5	1821	1767	1658	3477
5	1739	1709	1514	3478
5	1738	1590	1589	3479
5	1858	1709	1803	3480
5	1830	1565	1717	3481
5	1831	1711	1659	3482
5	1831	1659	1823	3483
5	1874	1729	1728	3484
5	1742	1594	1741	3485
5	1839	1674	1829	3486
5	1743	1713	1596	3487
5	1935	1795	1934	3488
5	1863	1713	1812	3489
5	1745	1554	1598	3490
5	1744	1598	1597	3491
5	1839	1792	1674	3492
5	1933	1793	1932	3493
5	1747	1656	1560	3494
5	1896	1751	1895	3495
5	2016	1513	1826	3496
5	1928	1827	1787	3497
5	1896	1752	1751	3498
5	1749	1601	1748	3499
5	2071	1926	1925	3500
5	1783	1602	1749	3501
5	1895	1750	1894	3502
5	1898	1754	1753	3503
5	1894	1699	1815	3504
5	1754	1608	1607	3505
5	1895	1751	1750	3506
5	1756	1610	1609	3507
5	2240	1866	2100	3508
5	1846	1661	1827	3509
5	1927	1731	1876	3510
5	1757	1610	1756	3511
5	1928	1787	1786	3512
5	1760	1613	1759	3513
5	1892	1748	1678	3514
5	1924	1783	1749	3515
5	1834	1678	1683	3516
5	1758	1611	1757	3517
5	1905	1761	1760	3518
5	1761	1614	1760	3519
5	1902	1758	1757	3520
5	1761	1535	1614	3521
5	1898	1753	1897	3522
5	1894	1750	1699	3523
5	2090	2040	1962	3524
5	1841	1806	1657	3525
5	1764	1619	1763	3526
5	1764	1616	1619	3527
5	1764	1762	1616	3528
5	1763	1619	1618	3529
5	1906	1834	1683	3530
5	2009	1860	1963	3531
5	1838	1762	1764	3532
5	1779	1634	1633	3533
5	1766	1621	1539	3534
5	1782	1637	1781	3535
5	1964	1880	1820	3536
5	1769	1624	1768	3537
5	2170	2020	2169	3538
5	1769	1734	1585	3539
5	1805	1658	1666	3540
5	1821	1658	1805	3541
5	1771	1540	1626	3542
5	1771	1703	1540	3543
5	1966	1840	1890	3544
5	1937	1797	1936	3545
5	1918	1775	1917	3546
5	1914	1766	1824	3547
5	1856	1702	1701	3548
5	1776	1630	1775	3549
5	2063	1918	2062	3550
5	2059	1915	1914	3551
5	2197	2052	2051	3552
5	1776	1681	1631	3553
5	2064	1968	1919	3554
5	1919	1777	1909	3555
5	1778	1633	1632	3556
5	1779	1633	1778	3557
5	1922	1778	1919	3558
5	1837	1681	1776	3559
5	1782	1766	1539	3560
5	1780	1635	1779	3561
5	1918	1837	1776	3562
5	1782	1539	1637	3563
5	1907	1763	1825	3564
5	2059	1914	1967	3565
5	1878	1732	1877	3566
5	1914	1772	1766	3567
5	1926	1785	1784	3568
5	1784	1638	1783	3569
5	1825	1763	1682	3570
5	1785	1657	1640	3571
5	1862	1847	1679	3572
5	1920	1780	1779	3573
5	2072	1876	1946	3574
5	1787	1641	1786	3575
5	2093	2008	1857	3576
5	2133	1983	1817	3577
5	1789	1644	1643	3578
5	1791	1533	1645	3579
5	1869	1724	1868	3580
5	1790	1644	1789	3581
5	1911	1767	1821	3582
5	1791	1716	1533	3583
5	1884	1738	1835	3584
5	1868	1716	1804	3585
5	1793	1647	1646	3586
5	1794	1648	1647	3587
5	1929	1788	1836	3588
5	1832	1672	1840	3589
5	1864	1718	1863	3590
5	1795	1648	1794	3591
5	2082	1937	1936	3592
5	1797	1597	1650	3593
5	2081	1936	1935	3594
5	1865	1720	1719	3595
5	1863	1718	1713	3596
5	1840	1672	1675	3597
5	1954	1690	1685	3598
5	1816	1655	1690	3599
5	1866	1710	1858	3600
5	1835	1738	1673	3601
5	1800	1676	1656	3602
5	2193	2047	2192	3603
5	1873	1654	1730	3604
5	2174	2027	2025	3605
5	1972	1802	1667	3606
5	2095	1969	2036	3607
5	1884	1803	1739	3608
5	2033	2014	1803	3609
5	2228	2101	2110	3610
5	1929	1789	1788	3611
5	1985	1821	1960	3612
5	2096	1944	1959	3613
5	1806	1700	1657	3614
5	1988	1957	1825	3615
5	1891	1747	1746	3616
5	2074	1827	1928	3617
5	1854	1698	1693	3618
5	1854	1811	1698	3619
5	1977	1669	1809	3620
5	1809	1669	1364	3621
5	1978	1810	1686	3622
5	2147	1810	1978	3623
5	1942	1811	1854	3624
5	1979	1696	1811	3625
5	1888	1743	1712	3626
5	1842	1670	1654	3627
5	2128	1814	1979	3628
5	1853	1695	1550	3629
5	2416	2244	2415	3630
5	1982	1547	1665	3631
5	1815	1699	1677	3632
5	1827	1661	1787	3633
5	1952	1686	1808	3634
5	1984	1503	1939	3635
5	2084	1717	1866	3636
5	1857	1542	1704	3637
5	1818	1817	1705	3638
5	1818	1705	1366	3639
5	1939	1689	1844	3640
5	1844	1559	1660	3641
5	2316	2175	2121	3642
5	1911	1768	1767	3643
5	1910	1734	1769	3644
5	2169	2019	2168	3645
5	1879	1733	1878	3646
5	1998	1845	1802	3647
5	1888	1712	1887	3648
5	1887	1711	1831	3649
5	1923	1782	1781	3650
5	1923	1781	1921	3651
5	1995	1907	1957	3652
5	2345	2207	2206	3653
5	1989	1867	1723	3654
5	1826	1513	1436	3655
5	1846	1815	1677	3656
5	1990	1815	1846	3657
5	1828	1805	1666	3658
5	1828	1666	1671	3659
5	1886	1741	1740	3660
5	1885	1740	1720	3661
5	2084	1830	1717	3662
5	1991	1722	1830	3663
5	2301	2155	2173	3664
5	2026	1801	1651	3665
5	2168	2018	2091	3666
5	1931	1790	1930	3667
5	1833	1800	1656	3668
5	1833	1656	1747	3669
5	2050	1902	2049	3670
5	1892	1678	1834	3671
5	1881	1735	1880	3672
5	1881	1736	1735	3673
5	1832	1770	1672	3674
5	1974	1965	1804	3675
5	1915	1772	1914	3676
5	1916	1774	1773	3677
5	2068	1921	2065	3678
5	1909	1777	1765	3679
5	1936	1797	1796	3680
5	2078	1932	1938	3681
5	1890	1745	1889	3682
5	1935	1796	1795	3683
5	1893	1748	1892	3684
5	1925	1784	1783	3685
5	1843	1708	1670	3686
5	1850	1823	1694	3687
5	2037	1887	1831	3688
5	1850	1708	1843	3689
5	2131	1854	1951	3690
5	1939	1503	1689	3691
5	1987	1874	1728	3692
5	1872	1577	1727	3693
5	2044	1897	1896	3694
5	2047	1900	1899	3695
5	1847	1825	1682	3696
5	1847	1682	1679	3697
5	1848	1693	1578	3698
5	1848	1578	1668	3699
5	2041	1815	1990	3700
5	2295	2148	1980	3701
5	2182	2035	2181	3702
5	2001	1842	1955	3703
5	2305	2127	2152	3704
5	1851	1660	1691	3705
5	1979	1811	1942	3706
5	1979	1814	1696	3707
5	2104	1956	1853	3708
5	2105	1851	2005	3709
5	1941	1808	1692	3710
5	1943	1655	1816	3711
5	1972	1667	1801	3712
5	1877	1702	1856	3713
5	2371	2265	2425	3714
5	2025	1877	1961	3715
5	2151	1746	1807	3716
5	2106	1971	1891	3717
5	1940	1692	1798	3718
5	2270	1989	2087	3719
5	1859	1829	1742	3720
5	1859	1742	1741	3721
5	1861	1715	1714	3722
5	1862	1679	1715	3723
5	2069	1893	2040	3724
5	1862	1715	1861	3725
5	2165	2163	2011	3726
5	2349	2123	2236	3727
5	1864	1719	1718	3728
5	1886	1740	1885	3729
5	2287	2160	2286	3730
5	1969	1829	1859	3731
5	2114	2078	1938	3732
5	1886	1859	1741	3733
5	2031	1835	1883	3734
5	2015	1866	1858	3735
5	2135	1953	2086	3736
5	1950	1849	1687	3737
5	1869	1725	1724	3738
5	1870	1725	1869	3739
5	2225	2080	2224	3740
5	2020	1871	1870	3741
5	2175	2028	2121	3742
5	1871	1726	1870	3743
5	1975	1960	1805	3744
5	2058	1993	1913	3745
5	2022	1872	1999	3746
5	1872	1721	1577	3747
5	1875	1729	1874	3748
5	2116	2012	1958	3749
5	1875	1730	1729	3750
5	1875	1873	1730	3751
5	1992	1831	1823	3752
5	2001	1843	1842	3753
5	1927	1786	1731	3754
5	1928	1786	1927	3755
5	1878	1733	1732	3756
5	1999	1872	1845	3757
5	2006	1855	1837	3758
5	2234	1987	2145	3759
5	2055	1838	1995	3760
5	1987	1728	1822	3761
5	1883	1737	1882	3762
5	1882	1736	1881	3763
5	1974	1804	1931	3764
5	1883	1673	1737	3765
5	2299	2154	2153	3766
5	2360	2223	2282	3767
5	1975	1805	1828	3768
5	1986	1910	1944	3769
5	2141	1986	2098	3770
5	2029	1882	1881	3771
5	2108	1958	1973	3772
5	2012	1864	1863	3773
5	2204	2058	2203	3774
5	2222	2077	2076	3775
5	1995	1838	1907	3776
5	1888	1812	1743	3777
5	2160	2002	2001	3778
5	2116	1958	2108	3779
5	1890	1840	1675	3780
5	1889	1745	1744	3781
5	2076	1929	2075	3782
5	1993	1836	1913	3783
5	2179	2033	2113	3784
5	2245	2151	2008	3785
5	1893	1749	1748	3786
5	1926	1784	1925	3787
5	1988	1825	1847	3788
5	1924	1749	1893	3789
5	2043	1895	2042	3790
5	2042	1894	2041	3791
5	2049	1901	2048	3792
5	1900	1756	1755	3793
5	2047	1899	2046	3794
5	2073	1927	2072	3795
5	2119	1990	2000	3796
5	1901	1757	1756	3797
5	2073	1928	1927	3798
5	1905	1760	1904	3799
5	2041	1894	1815	3800
5	2043	1896	1895	3801
5	2042	1895	1894	3802
5	1903	1758	1902	3803
5	2052	1905	1904	3804
5	1904	1759	1903	3805
5	2048	1900	2047	3806
5	2045	1897	2044	3807
5	2045	1898	1897	3808
5	1906	1761	1905	3809
5	2215	2124	2071	3810
5	1906	1683	1761	3811
5	2192	2047	2046	3812
5	2009	1861	1860	3813
5	2194	2049	2048	3814
5	2040	1892	1962	3815
5	1907	1838	1764	3816
5	1907	1764	1763	3817
5	1921	1780	1920	3818
5	1919	1778	1777	3819
5	2011	1847	1862	3820
5	2342	2201	2260	3821
5	1912	1768	1911	3822
5	2280	2015	2178	3823
5	1912	1769	1768	3824
5	1912	1910	1769	3825
5	1913	1836	1703	3826
5	1913	1771	1832	3827
5	2018	1869	1868	3828
5	1965	1868	1804	3829
5	1915	1773	1772	3830
5	1917	1775	1774	3831
5	2122	2059	1967	3832
5	1916	1773	1915	3833
5	2208	2063	2062	3834
5	1918	1776	1775	3835
5	2007	1961	1856	3836
5	2007	1856	1855	3837
5	2064	1919	1909	3838
5	2062	1917	2061	3839
5	2050	1903	1902	3840
5	1963	1860	1806	3841
5	1968	1922	1919	3842
5	2063	2006	1837	3843
5	2211	2107	2065	3844
5	1923	1824	1782	3845
5	1922	1920	1779	3846
5	1922	1779	1778	3847
5	2066	1922	1968	3848
5	2207	2061	2206	3849
5	2040	1893	1892	3850
5	1925	1783	1924	3851
5	2213	2069	2040	3852
5	1926	1841	1785	3853
5	2051	1904	1903	3854
5	2044	1896	2043	3855
5	2046	1899	1898	3856
5	2049	1902	1901	3857
5	2117	1946	1970	3858
5	2028	1881	1880	3859
5	2079	1933	2078	3860
5	1930	1789	1929	3861
5	2058	1832	2057	3862
5	1931	1804	1791	3863
5	2057	1840	1966	3864
5	2283	2115	2142	3865
5	1933	1794	1793	3866
5	1934	1795	1794	3867
5	2238	2114	2125	3868
5	1936	1796	1935	3869
5	2077	1930	2076	3870
5	2081	1935	2080	3871
5	2035	1885	2034	3872
5	1937	1744	1797	3873
5	2111	2057	1966	3874
5	2037	1831	1992	3875
5	2036	1859	1886	3876
5	1969	1947	1829	3877
5	1938	1932	1839	3878
5	2126	1969	2095	3879
5	2146	1852	1997	3880
5	2152	1662	1684	3881
5	1943	1546	1655	3882
5	2239	2085	2129	3883
5	2245	2008	2093	3884
5	2128	2004	1814	3885
5	1956	1819	1695	3886
5	2104	2005	1956	3887
5	2129	1546	1943	3888
5	1991	1799	1722	3889
5	1985	1959	1911	3890
5	2224	2079	2223	3891
5	2131	1942	1854	3892
5	2132	1848	1945	3893
5	1946	1876	1800	3894
5	1983	1857	1704	3895
5	1947	1938	1839	3896
5	1947	1839	1829	3897
5	2241	2093	1983	3898
5	1983	1704	1817	3899
5	1949	1948	1818	3900
5	1949	1818	1546	3901
5	2086	1849	1950	3902
5	1953	1706	1849	3903
5	2293	2097	1940	3904
5	2134	1808	1941	3905
5	2149	1978	1952	3906
5	1978	1686	1952	3907
5	2135	1940	1798	3908
5	1953	1798	1664	3909
5	2550	2304	2380	3910
5	1954	1816	1690	3911
5	2024	1875	2023	3912
5	2024	1873	1875	3913
5	2103	1844	2003	3914
5	2097	1941	1940	3915
5	1957	1907	1825	3916
5	2243	2138	2163	3917
5	1958	1863	1812	3918
5	2038	1888	1887	3919
5	1959	1944	1912	3920
5	1959	1912	1911	3921
5	1985	1911	1821	3922
5	1960	1821	1805	3923
5	1961	1877	1856	3924
5	2144	2026	1879	3925
5	1962	1892	1834	3926
5	2054	1962	1834	3927
5	2199	2053	2198	3928
5	2070	1925	1924	3929
5	2177	2030	2176	3930
5	2112	2032	2031	3931
5	2021	1975	1828	3932
5	2018	1868	1965	3933
5	2220	1993	2204	3934
5	2083	1937	2082	3935
5	1967	1914	1824	3936
5	2208	2062	2207	3937
5	2065	1921	1920	3938
5	2067	1824	1923	3939
5	2013	1864	2012	3940
5	2035	1886	1885	3941
5	1970	1946	1800	3942
5	1970	1800	1833	3943
5	1971	1970	1833	3944
5	1971	1833	1891	3945
5	2144	1879	2027	3946
5	2145	1987	1822	3947
5	1973	1958	1812	3948
5	1973	1812	1888	3949
5	2075	1836	1993	3950
5	2076	1930	1929	3951
5	2019	1869	2018	3952
5	2019	1870	1869	3953
5	1976	1963	1806	3954
5	1976	1806	1841	3955
5	1997	1669	1977	3956
5	2244	2127	2229	3957
5	1982	1945	1547	3958
5	2150	1945	1982	3959
5	2005	1851	1819	3960
5	2004	1853	1697	3961
5	2148	2136	1954	3962
5	1980	1813	1707	3963
5	1981	1980	1707	3964
5	1981	1707	1852	3965
5	2296	2289	2149	3966
5	2134	1952	1808	3967
5	2379	2167	2233	3968
5	2008	1653	1857	3969
5	2152	1684	1984	3970
5	1984	1684	1503	3971
5	2220	2075	1993	3972
5	2221	2076	2075	3973
5	1986	1964	1820	3974
5	1986	1820	1910	3975
5	2185	2108	1973	3976
5	2375	2370	2262	3977
5	2010	1861	2009	3978
5	2010	1862	1861	3979
5	2217	2072	1946	3980
5	2157	2017	1867	3981
5	2074	1928	2073	3982
5	2217	1946	2117	3983
5	2113	2032	2112	3984
5	2008	1807	1653	3985
5	2038	1973	1888	3986
5	2038	1887	2037	3987
5	2075	1929	1836	3988
5	2077	1931	1930	3989
5	1994	1976	1841	3990
5	1994	1841	1926	3991
5	2055	1908	1838	3992
5	2064	1909	2056	3993
5	1996	1992	1823	3994
5	1996	1823	1850	3995
5	2103	1939	1844	3996
5	2003	1660	1851	3997
5	2022	1822	1721	3998
5	1999	1845	1998	3999
5	2172	1999	2159	4000
5	2022	1721	1872	4001
5	2000	1990	1846	4002
5	2000	1846	1827	4003
5	2002	1850	1843	4004
5	2002	1996	1850	4005
5	2320	2166	2310	4006
5	2161	2102	1996	4007
5	2128	1979	1942	4008
5	2005	1819	1956	4009
5	2369	1941	2097	4010
5	2147	1652	1810	4011
5	2105	2003	1851	4012
5	2684	2517	2518	4013
5	2060	1915	2059	4014
5	2061	1917	1916	4015
5	2212	2068	2107	4016
5	2422	2260	2276	4017
5	2249	2087	1991	4018
5	2084	1991	1830	4019
5	2202	2055	2201	4020
5	2011	1862	2010	4021
5	2213	2040	2090	4022
5	2011	1988	1847	4023
5	2092	2009	1963	4024
5	2371	2308	2250	4025
5	2013	1865	1864	4026
5	2034	1885	1865	4027
5	2185	1973	2038	4028
5	2036	1886	2035	4029
5	2100	1866	2015	4030
5	2014	1858	1803	4031
5	2033	1884	2032	4032
5	2240	2084	1866	4033
5	2136	1816	1954	4034
5	2135	1798	1953	4035
5	2017	2016	1826	4036
5	2017	1826	1867	4037
5	2021	1871	2020	4038
5	2020	1870	2019	4039
5	2154	1959	1985	4040
5	2021	1828	1871	4041
5	2098	1944	2096	4042
5	2121	2028	1964	4043
5	2450	2311	2372	4044
5	2203	2057	2111	4045
5	2109	1801	2026	4046
5	2109	1972	1801	4047
5	2027	1878	2025	4048
5	2024	1955	1873	4049
5	2102	1992	1996	4050
5	2324	2184	2183	4051
5	2314	2246	2172	4052
5	2253	1972	2109	4053
5	2159	1999	1998	4054
5	2027	1879	1878	4055
5	2166	2012	2116	4056
5	2183	2037	1992	4057
5	2031	1883	2030	4058
5	2030	1883	1882	4059
5	2153	1960	2130	4060
5	2171	1975	2021	4061
5	2168	2019	2018	4062
5	2032	1835	2031	4063
5	2098	1986	1944	4064
5	2255	2113	2254	4065
5	2033	1803	1884	4066
5	2268	2141	2098	4067
5	2176	2029	2175	4068
5	2176	2030	2029	4069
5	2373	2256	2283	4070
5	2363	2226	2362	4071
5	2273	2228	2110	4072
5	2036	1969	1859	4073
5	2362	2225	2361	4074
5	2223	2078	2114	4075
5	2156	2023	1874	4076
5	2205	2060	2059	4077
5	2374	2263	2350	4078
5	2856	2731	2765	4079
5	2039	1966	1890	4080
5	2039	1890	1889	4081
5	2069	1924	1893	4082
5	2071	1925	2070	4083
5	2188	2042	2187	4084
5	2189	2043	2188	4085
5	2186	1990	2119	4086
5	2046	1898	2045	4087
5	2190	2045	2044	4088
5	2336	2195	2194	4089
5	2218	2072	2217	4090
5	2048	1901	1900	4091
5	2186	2041	1990	4092
5	2195	2049	2194	4093
5	2187	2041	2186	4094
5	2053	1905	2052	4095
5	2187	2042	2041	4096
5	2188	2043	2042	4097
5	2190	2044	2189	4098
5	2051	1903	2050	4099
5	2199	2054	2053	4100
5	2052	1904	2051	4101
5	2198	2052	2197	4102
5	2192	2046	2191	4103
5	2189	2044	2043	4104
5	2054	1906	2053	4105
5	2196	2051	2050	4106
5	2054	1834	1906	4107
5	2140	2092	1963	4108
5	2352	2213	2351	4109
5	2164	2009	2092	4110
5	2164	2010	2009	4111
5	2210	2064	2056	4112
5	2056	1908	2055	4113
5	2236	2123	2200	4114
5	2165	2010	2164	4115
5	2058	1913	1832	4116
5	2057	1832	1840	4117
5	2115	1966	2039	4118
5	2223	2079	2078	4119
5	2060	1916	1915	4120
5	2063	1837	1918	4121
5	2062	1918	1917	4122
5	2061	1916	2060	4123
5	2303	2094	2262	4124
5	2346	2207	2345	4125
5	2285	2143	2261	4126
5	2139	1961	2007	4127
5	2139	2094	1961	4128
5	2205	2059	2122	4129
5	2201	1995	2099	4130
5	2206	2060	2205	4131
5	2285	2122	2143	4132
5	2067	1967	1824	4133
5	2066	2065	1920	4134
5	2066	1920	1922	4135
5	2107	2068	2065	4136
5	2201	2055	1995	4137
5	2068	2067	1923	4138
5	2068	1923	1921	4139
5	2090	2054	2199	4140
5	2070	1924	2069	4141
5	2419	2144	2315	4142
5	2071	1994	1926	4143
5	2448	2308	2371	4144
5	2475	2336	2474	4145
5	2191	2045	2190	4146
5	2074	2000	1827	4147
5	2219	2073	2218	4148
5	2266	1971	2106	4149
5	2331	2189	2330	4150
5	2194	2048	2193	4151
5	2299	2153	2298	4152
5	2627	2494	2502	4153
5	2171	2130	1975	4154
5	2077	1974	1931	4155
5	2377	2274	2300	4156
5	2298	2153	2130	4157
5	2079	1934	1933	4158
5	2080	1935	1934	4159
5	2180	2034	2013	4160
5	2083	1889	1937	4161
5	2183	1992	2102	4162
5	2166	2013	2012	4163
5	2115	2111	1966	4164
5	2082	1936	2081	4165
5	2227	2142	2083	4166
5	2083	2039	1889	4167
5	2343	2203	2111	4168
5	2226	2081	2225	4169
5	2085	1948	1949	4170
5	2086	1953	1849	4171
5	2270	2157	1989	4172
5	2087	1989	1799	4173
5	2167	2088	2016	4174
5	2369	2134	1941	4175
5	2151	1807	2008	4176
5	2133	1817	1948	4177
5	2386	2135	2086	4178
5	2088	1950	1513	4179
5	2089	2001	1955	4180
5	2155	2089	1955	4181
5	2330	2188	2329	4182
5	2337	2196	2195	4183
5	2091	2018	1965	4184
5	2237	2130	2171	4185
5	2140	1976	2120	4186
5	2215	2071	2070	4187
5	2271	2086	1950	4188
5	2429	2271	2304	4189
5	2094	2025	1961	4190
5	2478	2272	2339	4191
5	2182	2036	2035	4192
5	2181	2035	2034	4193
5	2154	2096	1959	4194
5	2130	1960	1975	4195
5	2167	2016	2017	4196
5	2148	1813	1980	4197
5	2275	2141	2268	4198
5	2496	2361	2360	4199
5	2696	2564	2520	4200
5	2341	2200	2210	4201
5	2178	2015	2014	4202
5	2555	2432	2280	4203
5	2101	2091	1965	4204
5	2101	1965	1974	4205
5	2161	2002	2160	4206
5	2324	2183	2251	4207
5	2388	2148	2295	4208
5	2278	2003	2105	4209
5	2384	2105	2277	4210
5	2104	1853	2004	4211
5	2152	1809	1662	4212
5	2158	1939	2103	4213
5	2113	2033	2032	4214
5	2279	2119	2216	4215
5	2211	2066	2123	4216
5	2202	2056	2055	4217
5	2184	2037	2183	4218
5	2306	2102	2161	4219
5	2314	2159	2253	4220
5	2145	1822	2022	4221
5	2110	2101	1974	4222
5	2110	1974	2077	4223
5	2203	2058	2057	4224
5	2204	1993	2058	4225
5	2280	2100	2015	4226
5	2318	2254	2112	4227
5	2255	2179	2113	4228
5	2266	2118	1971	4229
5	2226	2082	2081	4230
5	2282	2114	2238	4231
5	2273	2110	2222	4232
5	2256	2111	2115	4233
5	2180	2013	2166	4234
5	2181	2034	2180	4235
5	2317	2175	2316	4236
5	2457	2319	2385	4237
5	2118	2117	1970	4238
5	2118	1970	1971	4239
5	2219	2074	2073	4240
5	2334	2193	2192	4241
5	2140	1963	1976	4242
5	2120	1976	1994	4243
5	2175	2029	2028	4244
5	2177	2031	2030	4245
5	2462	2324	2398	4246
5	2345	2205	2230	4247
5	2211	2065	2066	4248
5	2123	2066	1968	4249
5	2124	2120	1994	4250
5	2124	1994	2071	4251
5	2125	2114	1938	4252
5	2125	1938	1947	4253
5	2126	2125	1947	4254
5	2126	1947	1969	4255
5	2303	2174	2094	4256
5	2383	2277	2104	4257
5	2296	2149	2290	4258
5	2277	2005	2104	4259
5	2129	2085	1949	4260
5	2129	1949	1546	4261
5	2153	1985	1960	4262
5	2154	1985	2153	4263
5	2289	2147	2149	4264
5	2290	2149	1952	4265
5	2291	2131	1951	4266
5	2132	1951	1848	4267
5	2292	2133	1948	4268
5	2249	1991	2084	4269
5	2150	2132	1945	4270
5	2149	2147	1978	4271
5	2386	2086	2378	4272
5	2417	2383	2247	4273
5	2518	2388	2295	4274
5	2504	2408	2409	4275
5	2148	1954	1813	4276
5	2137	1980	1981	4277
5	2138	2099	1957	4278
5	2138	1957	1988	4279
5	2209	2006	2063	4280
5	2207	2062	2061	4281
5	2338	2197	2196	4282
5	2340	2199	2272	4283
5	2141	2121	1964	4284
5	2141	1964	1986	4285
5	2142	2115	2039	4286
5	2142	2039	2083	4287
5	2143	2122	1967	4288
5	2143	1967	2067	4289
5	2174	2025	2094	4290
5	2155	1955	2024	4291
5	2156	1874	1987	4292
5	2172	2022	1999	4293
5	2416	2137	1981	4294
5	2146	1981	1852	4295
5	2147	1982	1665	4296
5	2147	1665	1652	4297
5	2295	1980	2137	4298
5	2652	2544	2387	4299
5	2417	2248	2391	4300
5	2247	2104	2004	4301
5	2391	2248	2128	4302
5	2291	1951	2132	4303
5	2297	1891	2151	4304
5	2151	1891	1746	4305
5	2158	1984	1939	4306
5	2152	2127	1977	4307
5	2267	2101	2228	4308
5	2317	2176	2175	4309
5	2298	2130	2237	4310
5	2311	2169	2168	4311
5	2368	2258	2156	4312
5	2262	2094	2139	4313
5	2345	2206	2205	4314
5	2234	2156	1987	4315
5	2242	1943	2136	4316
5	2271	1950	2088	4317
5	2305	1984	2158	4318
5	2305	2152	1984	4319
5	2172	2145	2022	4320
5	2723	2453	2540	4321
5	2161	1996	2002	4322
5	2320	2180	2166	4323
5	2277	2105	2005	4324
5	2288	2128	1942	4325
5	2162	2139	2007	4326
5	2162	2007	2006	4327
5	2163	2138	1988	4328
5	2163	1988	2011	4329
5	2165	2011	2010	4330
5	2422	2276	2394	4331
5	2335	2193	2334	4332
5	2307	2163	2165	4333
5	2310	2116	2309	4334
5	2449	2322	2320	4335
5	2438	2241	2133	4336
5	2292	1948	2085	4337
5	2169	2020	2019	4338
5	2170	2021	2020	4339
5	2644	2585	2511	4340
5	2316	2121	2275	4341
5	2358	2221	2220	4342
5	2171	2021	2170	4343
5	2358	2220	2357	4344
5	2360	2224	2223	4345
5	2314	2172	2159	4346
5	2252	2026	2144	4347
5	2173	2155	2024	4348
5	2173	2024	2023	4349
5	2258	2023	2156	4350
5	2433	2261	2423	4351
5	2411	2228	2273	4352
5	2443	2298	2396	4353
5	2318	2112	2177	4354
5	2275	2121	2141	4355
5	2319	2176	2317	4356
5	2177	2112	2031	4357
5	2284	2179	2255	4358
5	2505	2266	2397	4359
5	2179	2178	2014	4360
5	2179	2014	2033	4361
5	2326	2108	2185	4362
5	2364	2283	2142	4363
5	2418	2398	2251	4364
5	2182	2095	2036	4365
5	2322	2180	2320	4366
5	2325	2184	2324	4367
5	2184	2038	2037	4368
5	2185	2038	2184	4369
5	2462	2325	2324	4370
5	2309	2116	2108	4371
5	2326	2309	2108	4372
5	2446	2286	2435	4373
5	2330	2189	2188	4374
5	2329	2187	2328	4375
5	2475	2337	2336	4376
5	2193	2048	2047	4377
5	2430	2275	2268	4378
5	2441	2397	2106	4379
5	2327	2186	2119	4380
5	2191	2046	2045	4381
5	2336	2194	2335	4382
5	2334	2192	2333	4383
5	2328	2187	2186	4384
5	2329	2188	2187	4385
5	2331	2190	2189	4386
5	2197	2051	2196	4387
5	2351	2090	2340	4388
5	2195	2050	2049	4389
5	2272	2199	2198	4390
5	2339	2198	2197	4391
5	2339	2197	2338	4392
5	2198	2053	2052	4393
5	2337	2195	2336	4394
5	2332	2191	2190	4395
5	2352	2214	2213	4396
5	2090	1962	2054	4397
5	2404	2259	2376	4398
5	2214	2070	2069	4399
5	2484	2403	2341	4400
5	2250	2164	2092	4401
5	2200	2123	1968	4402
5	2200	1968	2064	4403
5	2260	2201	2099	4404
5	2210	2056	2202	4405
5	2341	2236	2200	4406
5	2210	2200	2064	4407
5	2498	2363	2362	4408
5	2221	2075	2220	4409
5	2480	2344	2343	4410
5	2222	2110	2077	4411
5	2206	2061	2060	4412
5	2209	2063	2208	4413
5	2424	2173	2258	4414
5	2287	2161	2160	4415
5	2615	2481	2506	4416
5	2209	2162	2006	4417
5	2231	2139	2162	4418
5	2485	2350	2349	4419
5	2483	2348	2342	4420
5	2350	2211	2349	4421
5	2448	2307	2308	4422
5	2276	2138	2243	4423
5	2342	2202	2201	4424
5	2556	2402	2482	4425
5	2212	2143	2067	4426
5	2212	2067	2068	4427
5	2259	2120	2124	4428
5	2214	2069	2213	4429
5	2352	2264	2215	4430
5	2215	2070	2214	4431
5	2508	2376	2488	4432
5	2332	2190	2331	4433
5	2216	2119	2000	4434
5	2216	2000	2074	4435
5	2218	2073	2072	4436
5	2327	2119	2279	4437
5	2766	2644	2694	4438
5	2355	2216	2219	4439
5	2328	2186	2327	4440
5	2219	2216	2074	4441
5	2497	2362	2361	4442
5	2421	2255	2254	4443
5	2311	2168	2235	4444
5	2222	2076	2221	4445
5	2235	2168	2091	4446
5	2412	2235	2267	4447
5	2224	2080	2079	4448
5	2225	2081	2080	4449
5	2357	2204	2344	4450
5	2227	2083	2082	4451
5	2633	2500	2499	4452
5	2322	2181	2180	4453
5	2460	2323	2322	4454
5	2227	2082	2226	4455
5	2458	2310	2309	4456
5	2282	2223	2114	4457
5	2359	2222	2221	4458
5	2555	2178	2284	4459
5	2244	1997	2127	4460
5	2244	2146	1997	4461
5	2230	2205	2122	4462
5	2285	2230	2122	4463
5	2347	2209	2208	4464
5	2401	2375	2231	4465
5	2232	2231	2162	4466
5	2232	2162	2209	4467
5	2233	2167	2017	4468
5	2233	2017	2157	4469
5	2252	2109	2026	4470
5	2258	2173	2023	4471
5	2585	2450	2511	4472
5	2451	2312	2450	4473
5	2261	2143	2212	4474
5	2400	2345	2230	4475
5	2312	2169	2311	4476
5	2312	2170	2169	4477
5	2321	2269	2095	4478
5	2461	2321	2323	4479
5	2293	1940	2135	4480
5	2241	1983	2133	4481
5	2249	2084	2240	4482
5	2567	2428	2270	4483
5	2678	2389	2503	4484
5	2297	2106	1891	4485
5	2242	2239	2129	4486
5	2242	2129	1943	4487
5	2485	2349	2382	4488
5	2265	2092	2140	4489
5	2431	2229	2158	4490
5	2416	2146	2244	4491
5	2365	2292	2085	4492
5	2544	2097	2387	4493
5	2246	2234	2145	4494
5	2246	2145	2172	4495
5	2288	1942	2131	4496
5	2416	1981	2146	4497
5	2248	2247	2004	4498
5	2248	2004	2128	4499
5	2378	2086	2271	4500
5	2353	2117	2281	4501
5	2307	2243	2163	4502
5	2308	2164	2250	4503
5	2251	2183	2102	4504
5	2598	2462	2512	4505
5	2419	2252	2144	4506
5	2262	2139	2231	4507
5	2355	2279	2216	4508
5	2420	2279	2355	4509
5	2354	2217	2353	4510
5	2254	2113	2112	4511
5	2675	2510	2405	4512
5	2284	2178	2179	4513
5	2359	2273	2222	4514
5	2343	2111	2256	4515
5	2257	2238	2125	4516
5	2257	2125	2126	4517
5	2315	2144	2027	4518
5	2315	2027	2174	4519
5	2294	2120	2259	4520
5	2265	2250	2092	4521
5	2487	2352	2351	4522
5	2488	2264	2352	4523
5	2423	2261	2263	4524
5	2350	2107	2211	4525
5	2573	2433	2572	4526
5	2286	2160	2089	4527
5	2263	2261	2212	4528
5	2263	2212	2107	4529
5	2264	2259	2124	4530
5	2264	2124	2215	4531
5	2514	2394	2414	4532
5	2381	2342	2260	4533
5	2486	2351	2340	4534
5	2281	2117	2118	4535
5	2267	2235	2091	4536
5	2267	2091	2101	4537
5	2555	2284	2510	4538
5	2427	2268	2274	4539
5	2269	2257	2126	4540
5	2269	2126	2095	4541
5	2501	2438	2292	4542
5	2516	2233	2428	4543
5	2432	2366	2100	4544
5	2429	2378	2271	4545
5	2340	2090	2199	4546
5	2351	2213	2090	4547
5	2344	2203	2343	4548
5	2399	2343	2256	4549
5	2274	2268	2098	4550
5	2274	2098	2096	4551
5	2455	2275	2430	4552
5	2444	2300	2299	4553
5	2276	2260	2099	4554
5	2276	2099	2138	4555
5	2384	2278	2105	4556
5	2278	2103	2003	4557
5	2431	2158	2103	4558
5	2431	2103	2278	4559
5	2253	2159	1998	4560
5	2253	1998	1972	4561
5	2505	2118	2266	4562
5	2366	2240	2100	4563
5	2353	2217	2117	4564
5	2354	2218	2217	4565
5	2363	2227	2226	4566
5	2283	2256	2115	4567
5	2361	2224	2360	4568
5	2763	2632	2762	4569
5	2441	2106	2297	4570
5	2397	2266	2106	4571
5	2481	2345	2400	4572
5	2401	2231	2232	4573
5	2526	2445	2301	4574
5	2434	2230	2285	4575
5	2306	2251	2102	4576
5	2306	2161	2287	4577
5	2503	2389	2439	4578
5	2290	1952	2134	4579
5	2289	2150	1982	4580
5	2289	1982	2147	4581
5	2383	2104	2247	4582
5	2390	2131	2291	4583
5	2390	2288	2131	4584
5	2518	2295	2440	4585
5	2428	2233	2157	4586
5	2791	2567	2651	4587
5	2380	2304	2167	4588
5	2388	2136	2148	4589
5	2294	2265	2140	4590
5	2294	2140	2120	4591
5	2519	2293	2386	4592
5	2365	2085	2239	4593
5	2436	2132	2150	4594
5	2296	2150	2289	4595
5	2297	2151	2245	4596
5	2432	2100	2280	4597
5	2300	2096	2154	4598
5	2300	2154	2299	4599
5	2395	2267	2228	4600
5	2300	2274	2096	4601
5	2412	2267	2395	4602
5	2638	2504	2509	4603
5	2375	2262	2231	4604
5	2302	2155	2301	4605
5	2302	2286	2089	4606
5	2302	2089	2155	4607
5	2368	2156	2234	4608
5	2452	2253	2109	4609
5	2304	2271	2088	4610
5	2304	2088	2167	4611
5	2305	2158	2229	4612
5	2305	2229	2127	4613
5	2435	2286	2302	4614
5	2619	2485	2618	4615
5	2483	2342	2381	4616
5	2572	2433	2423	4617
5	2308	2307	2165	4618
5	2308	2165	2164	4619
5	2310	2166	2116	4620
5	2321	2095	2182	4621
5	2459	2310	2458	4622
5	2632	2499	2498	4623
5	2313	2171	2170	4624
5	2313	2170	2312	4625
5	2570	2430	2427	4626
5	2313	2237	2171	4627
5	2427	2274	2377	4628
5	2444	2377	2300	4629
5	2452	2393	2314	4630
5	2452	2109	2252	4631
5	2588	2315	2453	4632
5	2767	2642	2588	4633
5	2489	2353	2281	4634
5	2454	2254	2318	4635
5	2451	2407	2313	4636
5	2780	2644	2766	4637
5	2491	2355	2356	4638
5	2405	2284	2255	4639
5	2319	2318	2177	4640
5	2319	2177	2176	4641
5	2464	2309	2326	4642
5	2630	2497	2496	4643
5	2323	2181	2322	4644
5	2406	2360	2282	4645
5	2323	2182	2181	4646
5	2323	2321	2182	4647
5	2460	2322	2449	4648
5	2499	2363	2498	4649
5	2325	2185	2184	4650
5	2326	2185	2325	4651
5	2463	2325	2462	4652
5	2761	2630	2760	4653
5	2599	2463	2598	4654
5	2689	2522	2543	4655
5	2466	2327	2465	4656
5	2465	2279	2420	4657
5	2490	2353	2489	4658
5	2333	2191	2332	4659
5	2465	2327	2279	4660
5	2479	2340	2272	4661
5	2467	2328	2466	4662
5	2466	2328	2327	4663
5	2487	2351	2486	4664
5	2333	2192	2191	4665
5	2477	2339	2338	4666
5	2467	2329	2328	4667
5	2471	2332	2470	4668
5	2335	2194	2193	4669
5	2468	2330	2329	4670
5	2473	2334	2472	4671
5	2469	2330	2468	4672
5	2338	2196	2337	4673
5	2469	2331	2330	4674
5	2470	2332	2331	4675
5	2472	2333	2471	4676
5	2339	2272	2198	4677
5	2471	2333	2332	4678
5	2478	2339	2477	4679
5	2472	2334	2333	4680
5	2473	2335	2334	4681
5	2479	2272	2478	4682
5	2352	2215	2214	4683
5	2348	2202	2342	4684
5	2484	2348	2483	4685
5	2348	2210	2202	4686
5	2348	2341	2210	4687
5	2344	2204	2203	4688
5	2357	2220	2204	4689
5	2412	2372	2235	4690
5	2359	2221	2358	4691
5	2346	2208	2207	4692
5	2347	2232	2209	4693
5	2370	2303	2262	4694
5	2347	2208	2346	4695
5	2418	2251	2306	4696
5	2711	2572	2528	4697
5	2425	2265	2294	4698
5	2620	2479	2614	4699
5	2350	2263	2107	4700
5	2349	2211	2123	4701
5	2528	2423	2374	4702
5	2423	2263	2374	4703
5	2474	2336	2335	4704
5	2371	2250	2265	4705
5	2376	2259	2264	4706
5	2477	2338	2476	4707
5	2430	2268	2427	4708
5	2356	2218	2354	4709
5	2586	2524	2407	4710
5	2566	2457	2529	4711
5	2470	2331	2469	4712
5	2468	2329	2467	4713
5	2356	2355	2219	4714
5	2356	2219	2218	4715
5	2821	2722	2780	4716
5	2761	2631	2630	4717
5	2726	2589	2724	4718
5	2463	2326	2325	4719
5	2496	2360	2406	4720
5	2632	2498	2631	4721
5	2361	2225	2224	4722
5	2362	2226	2225	4723
5	2630	2496	2629	4724
5	2364	2142	2227	4725
5	3011	2931	2887	4726
5	2912	2884	2769	4727
5	2494	2357	2492	4728
5	2364	2227	2363	4729
5	2411	2395	2228	4730
5	2399	2256	2373	4731
5	2674	2505	2397	4732
5	2428	2157	2270	4733
5	2367	2240	2366	4734
5	2367	2249	2240	4735
5	2537	2241	2438	4736
5	2695	2537	2637	4737
5	2523	2258	2368	4738
5	2523	2424	2258	4739
5	2437	2296	2290	4740
5	2369	2290	2134	4741
5	2733	2598	2647	4742
5	2540	2303	2370	4743
5	2448	2414	2307	4744
5	2546	2381	2521	4745
5	2372	2311	2235	4746
5	2524	2396	2407	4747
5	2500	2373	2283	4748
5	2499	2364	2363	4749
5	2485	2374	2350	4750
5	2572	2423	2528	4751
5	2482	2346	2481	4752
5	2520	2375	2401	4753
5	2404	2294	2259	4754
5	2425	2294	2404	4755
5	2570	2427	2522	4756
5	2396	2298	2237	4757
5	2552	2369	2544	4758
5	2801	2501	2648	4759
5	2438	2133	2292	4760
5	2380	2167	2379	4761
5	2516	2379	2233	4762
5	2391	2128	2288	4763
5	2382	2349	2236	4764
5	2698	2616	2690	4765
5	2563	2394	2514	4766
5	2565	2371	2425	4767
5	2417	2247	2248	4768
5	2548	2415	2229	4769
5	2549	2277	2383	4770
5	2415	2244	2229	4771
5	2385	2319	2317	4772
5	2455	2316	2275	4773
5	2387	2097	2293	4774
5	2386	2293	2135	4775
5	2569	2545	2378	4776
5	2389	2239	2242	4777
5	2648	2365	2551	4778
5	2555	2280	2178	4779
5	2548	2229	2431	4780
5	2439	2136	2388	4781
5	2552	2437	2369	4782
5	2576	2296	2437	4783
5	2553	2288	2390	4784
5	2437	2290	2369	4785
5	2392	2368	2234	4786
5	2392	2234	2246	4787
5	2393	2392	2246	4788
5	2393	2246	2314	4789
5	2422	2381	2260	4790
5	2394	2276	2243	4791
5	2840	2707	2692	4792
5	2760	2629	2759	4793
5	2443	2299	2298	4794
5	2444	2299	2443	4795
5	2534	2367	2366	4796
5	2426	2356	2354	4797
5	2398	2324	2251	4798
5	2573	2507	2434	4799
5	2493	2411	2273	4800
5	2480	2343	2399	4801
5	2526	2301	2424	4802
5	2424	2301	2173	4803
5	2513	2435	2445	4804
5	2482	2347	2346	4805
5	2402	2401	2232	4806
5	2402	2232	2347	4807
5	2403	2382	2236	4808
5	2403	2236	2341	4809
5	2673	2528	2619	4810
5	2584	2371	2565	4811
5	2557	2420	2491	4812
5	2716	2534	2535	4813
5	2498	2362	2497	4814
5	2497	2361	2496	4815
5	2407	2396	2237	4816
5	2407	2237	2313	4817
5	2408	2406	2282	4818
5	2408	2282	2238	4819
5	2409	2408	2238	4820
5	2409	2238	2257	4821
5	2410	2409	2257	4822
5	2410	2257	2269	4823
5	2492	2344	2480	4824
5	2494	2358	2357	4825
5	2530	2502	2492	4826
5	2530	2480	2399	4827
5	2413	2410	2269	4828
5	2413	2269	2321	4829
5	2414	2394	2243	4830
5	2414	2243	2307	4831
5	2544	2369	2097	4832
5	2440	2295	2137	4833
5	2685	2440	2653	4834
5	2653	2440	2560	4835
5	2667	2515	2505	4836
5	2660	2571	2384	4837
5	2447	2418	2306	4838
5	2447	2287	2446	4839
5	2689	2682	2522	4840
5	2452	2314	2253	4841
5	2491	2420	2355	4842
5	2491	2356	2426	4843
5	2590	2456	2455	4844
5	2421	2405	2255	4845
5	2690	2616	2617	4846
5	2892	2781	2782	4847
5	2433	2285	2261	4848
5	2434	2285	2433	4849
5	2453	2174	2303	4850
5	2618	2485	2382	4851
5	2521	2381	2422	4852
5	2975	2841	2893	4853
5	2693	2566	2529	4854
5	2625	2558	2421	4855
5	2456	2385	2317	4856
5	2668	2645	2554	4857
5	2567	2270	2087	4858
5	2658	2367	2534	4859
5	2661	2429	2550	4860
5	2519	2387	2293	4861
5	2591	2385	2456	4862
5	2626	2491	2426	4863
5	2660	2548	2571	4864
5	2701	2561	2415	4865
5	2510	2284	2405	4866
5	2771	2550	2659	4867
5	2720	2520	2583	4868
5	2434	2400	2230	4869
5	2730	2525	2596	4870
5	2712	2572	2711	4871
5	2698	2547	2616	4872
5	2446	2287	2286	4873
5	2575	2291	2436	4874
5	2436	2150	2296	4875
5	2839	2666	2553	4876
5	2436	2291	2132	4877
5	2501	2292	2365	4878
5	3006	2834	2756	4879
5	2439	2389	2242	4880
5	2439	2242	2136	4881
5	2654	2552	2544	4882
5	2773	2552	2654	4883
5	3145	3066	3083	4884
5	2623	2426	2490	4885
5	2442	2441	2297	4886
5	2442	2297	2245	4887
5	2628	2493	2495	4888
5	2724	2570	2682	4889
5	2532	2395	2411	4890
5	2603	2467	2602	4891
5	2445	2435	2302	4892
5	2445	2302	2301	4893
5	2447	2306	2287	4894
5	2525	2410	2413	4895
5	2546	2483	2381	4896
5	2596	2461	2595	4897
5	2614	2479	2478	4898
5	2610	2474	2609	4899
5	2461	2413	2321	4900
5	2461	2323	2460	4901
5	2451	2313	2312	4902
5	2450	2312	2311	4903
5	2722	2585	2644	4904
5	2586	2451	2585	4905
5	2587	2252	2419	4906
5	2587	2452	2252	4907
5	2588	2419	2315	4908
5	2453	2315	2174	4909
5	2490	2354	2353	4910
5	2454	2421	2254	4911
5	2456	2316	2455	4912
5	2456	2317	2316	4913
5	2579	2396	2524	4914
5	2762	2632	2631	4915
5	2457	2454	2318	4916
5	2457	2318	2319	4917
5	2459	2320	2310	4918
5	2459	2449	2320	4919
5	2574	2446	2435	4920
5	2649	2502	2530	4921
5	2596	2525	2413	4922
5	2598	2463	2462	4923
5	2595	2461	2460	4924
5	2525	2509	2410	4925
5	2845	2822	2665	4926
5	2464	2326	2463	4927
5	2592	2459	2458	4928
5	2464	2458	2309	4929
5	2594	2460	2449	4930
5	2729	2594	2593	4931
5	2611	2476	2475	4932
5	2602	2466	2601	4933
5	2604	2468	2603	4934
5	2600	2465	2420	4935
5	2612	2477	2476	4936
5	2558	2405	2421	4937
5	2601	2466	2465	4938
5	2474	2335	2473	4939
5	2608	2472	2607	4940
5	2605	2469	2604	4941
5	2602	2467	2466	4942
5	2612	2476	2611	4943
5	2603	2468	2467	4944
5	2476	2338	2337	4945
5	2609	2473	2608	4946
5	2614	2478	2613	4947
5	2604	2469	2468	4948
5	2605	2470	2469	4949
5	2607	2471	2606	4950
5	2476	2337	2475	4951
5	2606	2470	2605	4952
5	2606	2471	2470	4953
5	2613	2477	2612	4954
5	2488	2352	2487	4955
5	2607	2472	2471	4956
5	2608	2473	2472	4957
5	2621	2486	2620	4958
5	2486	2340	2479	4959
5	2609	2474	2473	4960
5	2610	2475	2474	4961
5	2492	2357	2344	4962
5	2493	2273	2359	4963
5	2482	2402	2347	4964
5	2481	2346	2345	4965
5	2583	2520	2401	4966
5	2581	2418	2447	4967
5	2484	2341	2348	4968
5	2943	2831	2798	4969
5	2541	2404	2376	4970
5	2584	2448	2371	4971
5	2618	2382	2547	4972
5	2749	2547	2698	4973
5	2622	2488	2487	4974
5	2841	2706	2775	4975
5	2721	2584	2565	4976
5	2488	2376	2264	4977
5	2617	2483	2546	4978
5	2541	2376	2508	4979
5	2490	2426	2354	4980
5	2600	2420	2557	4981
5	2674	2667	2505	4982
5	2705	2555	2704	4983
5	2704	2555	2510	4984
5	2601	2465	2600	4985
5	3015	2905	2913	4986
5	2628	2495	2627	4987
5	2495	2358	2494	4988
5	2542	2372	2412	4989
5	2495	2359	2358	4990
5	2495	2493	2359	4991
5	2591	2529	2385	4992
5	2543	2522	2377	4993
5	2533	2408	2504	4994
5	2633	2531	2373	4995
5	2533	2406	2408	4996
5	2500	2283	2364	4997
5	2530	2399	2531	4998
5	2530	2492	2480	4999
5	2633	2373	2500	5000
5	2500	2364	2499	5001
5	2827	2650	2664	5002
5	2631	2498	2497	5003
5	2705	2432	2555	5004
5	2567	2087	2249	5005
5	2502	2494	2492	5006
5	2629	2406	2533	5007
5	2678	2551	2389	5008
5	2551	2239	2389	5009
5	2593	2449	2459	5010
5	2596	2413	2461	5011
5	2515	2281	2505	5012
5	2505	2281	2118	5013
5	2506	2481	2400	5014
5	2573	2434	2433	5015
5	2507	2506	2400	5016
5	2507	2400	2434	5017
5	2679	2508	2622	5018
5	2620	2486	2479	5019
5	2509	2504	2409	5020
5	2509	2409	2410	5021
5	2537	2093	2241	5022
5	2515	2489	2281	5023
5	2511	2450	2372	5024
5	2542	2511	2372	5025
5	2512	2462	2398	5026
5	2854	2765	2729	5027
5	2583	2401	2402	5028
5	2574	2435	2513	5029
5	2878	2751	2877	5030
5	2541	2425	2404	5031
5	2697	2559	2640	5032
5	2589	2430	2570	5033
5	2550	2429	2304	5034
5	2811	2685	2653	5035
5	2517	2503	2439	5036
5	2517	2439	2388	5037
5	2634	2503	2517	5038
5	2518	2517	2388	5039
5	2770	2700	2569	5040
5	2569	2378	2429	5041
5	2540	2453	2303	5042
5	2564	2375	2520	5043
5	2750	2673	2619	5044
5	2691	2546	2656	5045
5	2522	2427	2377	5046
5	2783	2717	2643	5047
5	2642	2419	2588	5048
5	2639	2424	2523	5049
5	2543	2377	2444	5050
5	2795	2689	2669	5051
5	2593	2459	2592	5052
5	3090	2957	3016	5053
5	2635	2445	2526	5054
5	2639	2526	2424	5055
5	2527	2514	2414	5056
5	2527	2414	2448	5057
5	2781	2690	2691	5058
5	2836	2698	2690	5059
5	2529	2457	2385	5060
5	2682	2570	2522	5061
5	2692	2626	2623	5062
5	2758	2668	2628	5063
5	2755	2623	2624	5064
5	2531	2399	2373	5065
5	2559	2395	2532	5066
5	2776	2768	2640	5067
5	2629	2496	2406	5068
5	2631	2497	2630	5069
5	2536	2442	2245	5070
5	2637	2537	2438	5071
5	2535	2534	2366	5072
5	2535	2366	2432	5073
5	2577	2397	2441	5074
5	2967	2578	2636	5075
5	2537	2536	2245	5076
5	2537	2245	2093	5077
5	2538	2523	2368	5078
5	2538	2368	2392	5079
5	2539	2512	2398	5080
5	2539	2398	2418	5081
5	2663	2512	2539	5082
5	2639	2538	2655	5083
5	2565	2425	2541	5084
5	2583	2402	2556	5085
5	2669	2543	2580	5086
5	2883	2840	2692	5087
5	2580	2443	2579	5088
5	2580	2543	2444	5089
5	2660	2384	2549	5090
5	2553	2391	2288	5091
5	2545	2519	2386	5092
5	2545	2386	2378	5093
5	2547	2382	2403	5094
5	2619	2374	2485	5095
5	2749	2618	2547	5096
5	2688	2521	2563	5097
5	2549	2384	2277	5098
5	2571	2278	2384	5099
5	2701	2415	2548	5100
5	2654	2544	2652	5101
5	2785	2577	2715	5102
5	2551	2365	2239	5103
5	2666	2417	2391	5104
5	2666	2391	2553	5105
5	2702	2653	2560	5106
5	2648	2501	2365	5107
5	3059	2837	2938	5108
5	2576	2436	2296	5109
5	2554	2532	2411	5110
5	2554	2411	2493	5111
5	2774	2705	2704	5112
5	2815	2651	2568	5113
5	2681	2527	2584	5114
5	2584	2527	2448	5115
5	2626	2426	2623	5116
5	2727	2725	2591	5117
5	3136	3031	2946	5118
5	2625	2421	2454	5119
5	2559	2542	2412	5120
5	2559	2412	2395	5121
5	2560	2440	2137	5122
5	2560	2137	2416	5123
5	2561	2560	2416	5124
5	2561	2416	2415	5125
5	2562	2538	2392	5126
5	2562	2392	2393	5127
5	2563	2521	2422	5128
5	2563	2422	2394	5129
5	2767	2588	2723	5130
5	2564	2370	2375	5131
5	2900	2788	2789	5132
5	2871	2745	2870	5133
5	2625	2454	2566	5134
5	2566	2454	2457	5135
5	2801	2637	2501	5136
5	2791	2428	2567	5137
5	2568	2567	2249	5138
5	2568	2249	2367	5139
5	2686	2652	2387	5140
5	2686	2387	2519	5141
5	2589	2455	2430	5142
5	2590	2455	2589	5143
5	2571	2548	2431	5144
5	2571	2431	2278	5145
5	2827	2796	2650	5146
5	2713	2507	2573	5147
5	2671	2664	2615	5148
5	2796	2720	2650	5149
5	2581	2539	2418	5150
5	2582	2446	2574	5151
5	2714	2390	2575	5152
5	2575	2390	2291	5153
5	2714	2575	2576	5154
5	2576	2575	2436	5155
5	2825	2678	2503	5156
5	2803	2695	2637	5157
5	2578	2577	2441	5158
5	2578	2441	2442	5159
5	2580	2444	2443	5160
5	2579	2443	2396	5161
5	2708	2489	2515	5162
5	2689	2543	2669	5163
5	2719	2574	2677	5164
5	2728	2593	2592	5165
5	2582	2581	2447	5166
5	2582	2447	2446	5167
5	2720	2583	2650	5168
5	2720	2696	2520	5169
5	2798	2657	2672	5170
5	2706	2541	2508	5171
5	2586	2407	2451	5172
5	2585	2451	2450	5173
5	2676	2627	2502	5174
5	2800	2759	2646	5175
5	2587	2562	2393	5176
5	2587	2393	2452	5177
5	2723	2588	2453	5178
5	2655	2538	2562	5179
5	2717	2579	2643	5180
5	2852	2726	2793	5181
5	2725	2693	2529	5182
5	2591	2456	2590	5183
5	3178	3143	3015	5184
5	2963	2795	2919	5185
5	2595	2460	2594	5186
5	2594	2449	2593	5187
5	2848	2696	2720	5188
5	2728	2592	2662	5189
5	2778	2733	2647	5190
5	2763	2633	2632	5191
5	2733	2599	2598	5192
5	2731	2595	2594	5193
5	2729	2593	2728	5194
5	2764	2633	2763	5195
5	2597	2592	2458	5196
5	2597	2458	2464	5197
5	2599	2464	2463	5198
5	2599	2597	2464	5199
5	2662	2592	2597	5200
5	2731	2594	2729	5201
5	2724	2589	2570	5202
5	2797	2755	2624	5203
5	2708	2624	2489	5204
5	2737	2601	2736	5205
5	2736	2601	2600	5206
5	2737	2602	2601	5207
5	2735	2600	2557	5208
5	2707	2557	2626	5209
5	2741	2605	2740	5210
5	2613	2478	2477	5211
5	2752	2621	2620	5212
5	2738	2603	2602	5213
5	2743	2607	2742	5214
5	2622	2487	2621	5215
5	2739	2604	2603	5216
5	2753	2622	2621	5217
5	2744	2608	2743	5218
5	2740	2605	2604	5219
5	2745	2610	2609	5220
5	2611	2475	2610	5221
5	2741	2606	2605	5222
5	2746	2611	2610	5223
5	2742	2607	2606	5224
5	2748	2612	2747	5225
5	2743	2608	2607	5226
5	2748	2614	2613	5227
5	2745	2609	2744	5228
5	2621	2487	2486	5229
5	2751	2614	2748	5230
5	2744	2609	2608	5231
5	2615	2556	2482	5232
5	2615	2482	2481	5233
5	2616	2547	2403	5234
5	2616	2403	2484	5235
5	2617	2616	2484	5236
5	2617	2484	2483	5237
5	3020	2893	2898	5238
5	2619	2528	2374	5239
5	2688	2563	2657	5240
5	2721	2681	2584	5241
5	2746	2610	2745	5242
5	2622	2508	2488	5243
5	2747	2612	2611	5244
5	2751	2620	2614	5245
5	2681	2672	2527	5246
5	2706	2508	2679	5247
5	2738	2602	2737	5248
5	2626	2557	2491	5249
5	2624	2623	2490	5250
5	2624	2490	2489	5251
5	2735	2557	2707	5252
5	2707	2626	2692	5253
5	3163	3041	3154	5254
5	3204	3061	3137	5255
5	2628	2554	2493	5256
5	2627	2495	2494	5257
5	2882	2754	2881	5258
5	2901	2769	2792	5259
5	2646	2504	2638	5260
5	2764	2757	2531	5261
5	2951	2799	2804	5262
5	2650	2583	2556	5263
5	2832	2639	2655	5264
5	2633	2499	2632	5265
5	2646	2533	2504	5266
5	2885	2760	2759	5267
5	2759	2533	2646	5268
5	2764	2531	2633	5269
5	2940	2801	2648	5270
5	2637	2438	2501	5271
5	2924	2767	2723	5272
5	2635	2513	2445	5273
5	2636	2578	2442	5274
5	2636	2442	2536	5275
5	2906	2830	2779	5276
5	2651	2567	2568	5277
5	2854	2729	2728	5278
5	2730	2641	2525	5279
5	2709	2370	2564	5280
5	2642	2587	2419	5281
5	2640	2559	2532	5282
5	2784	2697	2768	5283
5	2641	2638	2509	5284
5	2641	2509	2525	5285
5	2639	2523	2538	5286
5	2642	2655	2562	5287
5	2643	2579	2524	5288
5	2670	2643	2524	5289
5	2670	2524	2586	5290
5	3107	2983	3105	5291
5	2645	2640	2532	5292
5	2645	2532	2554	5293
5	2807	2638	2799	5294
5	2759	2629	2533	5295
5	2647	2598	2512	5296
5	2663	2647	2512	5297
5	2659	2550	2380	5298
5	2946	2785	2715	5299
5	2668	2554	2628	5300
5	2676	2502	2649	5301
5	2853	2728	2662	5302
5	2677	2574	2513	5303
5	2695	2536	2537	5304
5	2659	2380	2379	5305
5	2703	2576	2437	5306
5	2810	2654	2652	5307
5	3027	2779	2935	5308
5	2915	2654	2810	5309
5	2702	2560	2561	5310
5	2969	2846	2896	5311
5	2642	2562	2587	5312
5	2847	2719	2677	5313
5	2656	2546	2521	5314
5	2876	2673	2750	5315
5	2688	2656	2521	5316
5	2657	2563	2514	5317
5	2815	2568	2658	5318
5	2658	2568	2367	5319
5	2904	2678	2825	5320
5	2661	2569	2429	5321
5	2938	2837	2702	5322
5	2699	2383	2417	5323
5	2947	2774	2894	5324
5	2818	2551	2678	5325
5	2734	2599	2733	5326
5	2857	2734	2733	5327
5	2671	2506	2665	5328
5	2711	2528	2673	5329
5	2664	2650	2556	5330
5	2664	2556	2615	5331
5	2671	2615	2506	5332
5	2665	2506	2507	5333
5	2817	2549	2699	5334
5	2699	2549	2383	5335
5	2675	2405	2558	5336
5	2756	2558	2625	5337
5	2758	2627	2676	5338
5	2784	2766	2694	5339
5	3133	2952	3050	5340
5	2912	2769	2901	5341
5	2780	2722	2644	5342
5	3061	2930	3026	5343
5	2809	2718	2719	5344
5	2680	2663	2539	5345
5	2672	2657	2514	5346
5	2672	2514	2527	5347
5	2713	2573	2712	5348
5	2712	2573	2572	5349
5	2674	2397	2577	5350
5	2715	2577	2578	5351
5	2756	2625	2754	5352
5	2739	2603	2738	5353
5	2758	2628	2627	5354
5	2889	2763	2762	5355
5	2680	2539	2581	5356
5	2777	2663	2680	5357
5	3027	2906	2779	5358
5	2779	2687	2700	5359
5	2753	2679	2622	5360
5	2752	2620	2751	5361
5	2790	2663	2777	5362
5	2978	2895	2854	5363
5	2710	2541	2706	5364
5	3004	2898	2880	5365
5	2851	2693	2725	5366
5	2986	2852	2793	5367
5	2683	2659	2379	5368
5	2683	2379	2516	5369
5	2938	2702	2838	5370
5	2684	2634	2517	5371
5	2685	2684	2518	5372
5	2685	2518	2440	5373
5	3138	3040	3023	5374
5	2770	2569	2661	5375
5	2687	2686	2519	5376
5	2687	2519	2545	5377
5	2788	2672	2681	5378
5	2921	2836	2916	5379
5	2966	2802	2635	5380
5	2833	2639	2832	5381
5	2750	2618	2749	5382
5	2750	2619	2618	5383
5	2691	2690	2617	5384
5	2691	2617	2546	5385
5	2753	2621	2752	5386
5	2736	2600	2735	5387
5	2754	2566	2693	5388
5	2834	2558	2756	5389
5	2694	2644	2511	5390
5	2694	2511	2542	5391
5	2786	2708	2515	5392
5	2835	2636	2536	5393
5	2802	2513	2635	5394
5	2709	2540	2370	5395
5	2697	2694	2542	5396
5	2697	2542	2559	5397
5	2843	2711	2842	5398
5	2874	2698	2836	5399
5	2812	2417	2666	5400
5	2838	2702	2561	5401
5	2700	2687	2545	5402
5	2700	2545	2569	5403
5	2830	2686	2687	5404
5	2907	2810	2830	5405
5	2838	2561	2701	5406
5	2703	2437	2552	5407
5	3023	2969	2896	5408
5	2714	2553	2390	5409
5	3186	2940	3058	5410
5	2772	2704	2510	5411
5	2923	2658	2534	5412
5	2705	2535	2432	5413
5	2710	2565	2541	5414
5	2721	2565	2710	5415
5	3008	2981	2840	5416
5	2726	2590	2589	5417
5	2862	2736	2861	5418
5	2754	2625	2566	5419
5	2787	2655	2642	5420
5	2850	2723	2540	5421
5	2831	2657	2798	5422
5	2814	2656	2688	5423
5	2849	2789	2721	5424
5	2713	2665	2507	5425
5	2843	2712	2711	5426
5	2922	2790	2920	5427
5	2999	2876	2875	5428
5	2925	2765	2895	5429
5	2839	2553	2714	5430
5	2846	2576	2703	5431
5	2774	2535	2705	5432
5	2772	2510	2675	5433
5	2816	2771	2659	5434
5	3014	2786	2897	5435
5	2717	2669	2580	5436
5	2717	2580	2579	5437
5	2718	2680	2581	5438
5	2718	2581	2582	5439
5	2719	2718	2582	5440
5	2719	2582	2574	5441
5	2874	2749	2698	5442
5	2857	2733	2778	5443
5	3127	3003	3002	5444
5	2877	2751	2748	5445
5	2722	2670	2586	5446
5	2722	2586	2585	5447
5	2924	2787	2767	5448
5	2802	2677	2513	5449
5	2725	2529	2591	5450
5	2828	2794	2682	5451
5	2727	2590	2726	5452
5	2863	2737	2862	5453
5	2727	2591	2590	5454
5	2879	2752	2878	5455
5	2881	2754	2693	5456
5	2740	2604	2739	5457
5	3052	2895	3041	5458
5	2799	2638	2641	5459
5	3140	3050	3055	5460
5	2889	2762	2887	5461
5	2732	2595	2731	5462
5	2732	2596	2595	5463
5	2732	2730	2596	5464
5	2942	2913	2780	5465
5	2888	2792	2757	5466
5	3010	2886	2885	5467
5	2734	2597	2599	5468
5	2734	2662	2597	5469
5	2826	2680	2718	5470
5	2822	2671	2665	5471
5	2913	2821	2780	5472
5	3117	2992	3116	5473
5	2828	2689	2795	5474
5	2852	2727	2726	5475
5	2882	2756	2754	5476
5	2742	2606	2741	5477
5	2928	2883	2755	5478
5	2861	2736	2735	5479
5	2871	2746	2745	5480
5	2863	2738	2737	5481
5	2862	2737	2736	5482
5	2865	2739	2864	5483
5	2864	2739	2738	5484
5	2748	2613	2612	5485
5	2873	2748	2747	5486
5	2868	2742	2867	5487
5	2865	2740	2739	5488
5	2869	2743	2868	5489
5	2866	2741	2740	5490
5	2872	2746	2871	5491
5	2880	2775	2679	5492
5	2747	2611	2746	5493
5	2867	2742	2741	5494
5	2868	2743	2742	5495
5	2877	2748	2873	5496
5	2869	2744	2743	5497
5	2880	2679	2753	5498
5	2870	2745	2744	5499
5	2836	2690	2781	5500
5	2842	2711	2673	5501
5	2970	2843	2842	5502
5	3002	2877	3001	5503
5	2878	2752	2751	5504
5	2872	2747	2746	5505
5	2879	2753	2752	5506
5	3545	3387	3529	5507
5	2798	2672	2788	5508
5	2849	2710	2841	5509
5	2864	2738	2863	5510
5	2797	2624	2708	5511
5	2861	2735	2859	5512
5	2755	2692	2623	5513
5	2774	2716	2535	5514
5	2929	2675	2834	5515
5	2757	2649	2530	5516
5	2757	2530	2531	5517
5	2930	2768	2776	5518
5	3011	2887	2886	5519
5	2760	2630	2629	5520
5	2762	2631	2761	5521
5	2886	2760	2885	5522
5	2885	2759	2800	5523
5	2886	2761	2760	5524
5	2942	2780	2766	5525
5	2884	2676	2769	5526
5	2887	2762	2761	5527
5	2769	2676	2649	5528
5	2911	2805	2823	5529
5	2888	2757	2764	5530
5	2887	2761	2886	5531
5	2765	2731	2729	5532
5	2854	2728	2853	5533
5	3026	2939	3021	5534
5	2952	2807	2891	5535
5	3070	2961	2847	5536
5	2787	2642	2767	5537
5	2784	2694	2697	5538
5	2768	2697	2640	5539
5	2776	2640	2645	5540
5	3079	2933	3074	5541
5	2818	2648	2551	5542
5	3076	2770	2936	5543
5	3156	3060	2953	5544
5	2771	2661	2550	5545
5	2937	2708	2786	5546
5	2786	2515	2667	5547
5	3028	2936	2771	5548
5	2773	2703	2552	5549
5	2785	2674	2577	5550
5	2785	2667	2674	5551
5	2775	2706	2679	5552
5	2880	2753	2879	5553
5	3029	3012	3013	5554
5	3169	3082	3143	5555
5	2845	2665	2713	5556
5	2824	2671	2822	5557
5	2844	2712	2843	5558
5	2960	2920	2777	5559
5	3037	3024	2918	5560
5	2935	2779	2700	5561
5	3207	3074	3204	5562
5	3233	3067	3201	5563
5	2814	2782	2656	5564
5	2998	2874	2921	5565
5	2782	2781	2691	5566
5	2782	2691	2656	5567
5	3047	3008	2883	5568
5	3170	3081	3169	5569
5	2945	2768	2930	5570
5	2913	2905	2821	5571
5	3031	2785	2946	5572
5	2894	2774	2704	5573
5	3032	2834	3006	5574
5	2897	2786	2667	5575
5	2966	2635	2833	5576
5	2850	2540	2709	5577
5	2973	2845	2844	5578
5	2971	2957	2822	5579
5	2789	2788	2681	5580
5	2789	2681	2721	5581
5	2790	2778	2647	5582
5	2790	2647	2663	5583
5	2808	2428	2791	5584
5	2808	2516	2428	5585
5	2792	2769	2649	5586
5	2792	2649	2757	5587
5	2793	2726	2724	5588
5	2820	2717	2783	5589
5	2794	2793	2724	5590
5	2794	2724	2682	5591
5	2828	2682	2689	5592
5	3372	3258	3270	5593
5	2845	2713	2844	5594
5	2847	2809	2719	5595
5	2834	2675	2558	5596
5	2894	2704	2772	5597
5	3127	3002	3126	5598
5	2950	2788	2900	5599
5	3009	2885	2800	5600
5	3009	2800	2952	5601
5	3158	3021	3053	5602
5	2932	2901	2792	5603
5	2835	2536	2695	5604
5	3160	2637	2801	5605
5	2813	2564	2696	5606
5	2848	2720	2796	5607
5	2816	2659	2683	5608
5	2808	2683	2516	5609
5	2804	2799	2641	5610
5	2804	2641	2730	5611
5	2805	2776	2645	5612
5	2805	2645	2668	5613
5	2806	2783	2643	5614
5	2806	2643	2670	5615
5	2807	2800	2646	5616
5	2807	2646	2638	5617
5	2936	2661	2771	5618
5	3174	2929	3032	5619
5	2813	2709	2564	5620
5	2824	2664	2671	5621
5	2829	2684	2811	5622
5	2811	2684	2685	5623
5	2830	2687	2779	5624
5	2825	2503	2634	5625
5	2817	2660	2549	5626
5	2812	2699	2417	5627
5	2832	2655	2787	5628
5	2954	2709	2813	5629
5	2916	2836	2781	5630
5	2999	2875	2998	5631
5	2918	2695	2803	5632
5	2904	2818	2678	5633
5	2909	2791	2651	5634
5	2918	2835	2695	5635
5	3097	2968	2908	5636
5	2819	2660	2817	5637
5	2907	2830	2906	5638
5	3065	2801	2940	5639
5	2819	2701	2548	5640
5	2819	2548	2660	5641
5	2820	2795	2669	5642
5	2820	2669	2717	5643
5	2821	2806	2670	5644
5	2821	2670	2722	5645
5	2827	2664	2824	5646
5	2826	2718	2809	5647
5	2823	2805	2668	5648
5	2823	2668	2758	5649
5	2974	2827	2958	5650
5	2920	2790	2777	5651
5	2959	2829	2811	5652
5	2935	2700	2770	5653
5	3092	3016	2971	5654
5	2826	2777	2680	5655
5	2914	2857	2778	5656
5	2962	2696	2848	5657
5	2919	2820	2899	5658
5	2982	2851	2860	5659
5	3058	2940	2818	5660
5	2829	2634	2684	5661
5	2830	2810	2652	5662
5	2830	2652	2686	5663
5	2831	2814	2688	5664
5	2831	2688	2657	5665
5	2833	2526	2639	5666
5	2833	2635	2526	5667
5	2903	2677	2802	5668
5	3166	3086	2961	5669
5	2859	2707	2840	5670
5	2859	2735	2707	5671
5	2967	2835	2918	5672
5	2967	2636	2835	5673
5	2876	2842	2673	5674
5	2844	2713	2712	5675
5	2837	2811	2653	5676
5	2837	2653	2702	5677
5	3063	2773	2915	5678
5	2968	2819	2908	5679
5	2896	2846	2703	5680
5	2896	2703	2773	5681
5	2866	2740	2865	5682
5	2867	2741	2866	5683
5	2849	2721	2710	5684
5	2841	2710	2706	5685
5	2875	2749	2874	5686
5	2916	2781	2892	5687
5	3101	3051	2972	5688
5	2895	2765	2854	5689
5	2921	2874	2836	5690
5	2957	2824	2822	5691
5	2978	2854	2853	5692
5	3038	2979	2914	5693
5	2846	2839	2714	5694
5	2846	2714	2576	5695
5	2958	2824	2957	5696
5	2961	2960	2826	5697
5	2977	2787	2924	5698
5	3147	2954	3093	5699
5	3148	3080	3141	5700
5	3191	3064	3167	5701
5	3045	2850	2954	5702
5	2924	2723	2850	5703
5	2881	2693	2851	5704
5	3046	2923	2716	5705
5	2860	2727	2852	5706
5	2860	2725	2727	5707
5	2858	2734	2857	5708
5	3068	2998	2921	5709
5	2951	2891	2799	5710
5	2926	2804	2855	5711
5	2855	2804	2730	5712
5	2855	2730	2732	5713
5	2856	2855	2732	5714
5	2856	2732	2731	5715
5	2858	2662	2734	5716
5	2858	2853	2662	5717
5	2958	2827	2824	5718
5	2922	2778	2790	5719
5	2981	2859	2840	5720
5	3047	2883	2928	5721
5	2989	2864	2988	5722
5	2860	2851	2725	5723
5	3005	2881	2851	5724
5	2986	2793	2927	5725
5	2984	2860	2852	5726
5	2919	2795	2820	5727
5	3019	2919	3018	5728
5	2939	2805	2911	5729
5	2983	2861	2859	5730
5	2870	2744	2869	5731
5	2985	2862	2861	5732
5	2992	2867	2991	5733
5	2987	2863	2862	5734
5	2988	2864	2863	5735
5	2996	2872	2871	5736
5	2989	2865	2864	5737
5	2993	2868	2992	5738
5	2990	2866	2865	5739
5	2994	2869	2993	5740
5	2991	2867	2866	5741
5	3004	2879	3003	5742
5	2873	2747	2872	5743
5	2992	2868	2867	5744
5	3003	2879	2878	5745
5	2995	2870	2994	5746
5	2993	2869	2868	5747
5	2994	2870	2869	5748
5	3257	3172	3242	5749
5	2875	2750	2749	5750
5	2876	2750	2875	5751
5	2973	2971	2845	5752
5	2955	2831	2943	5753
5	3256	3154	3226	5754
5	3001	2873	2997	5755
5	2995	2871	2870	5756
5	2997	2873	2872	5757
5	3373	3260	3297	5758
5	3002	2878	2877	5759
5	3004	2880	2879	5760
5	3001	2877	2873	5761
5	3043	2893	3020	5762
5	3244	3242	3124	5763
5	2996	2871	2995	5764
5	3174	3072	2929	5765
5	2883	2692	2755	5766
5	2983	2859	2981	5767
5	2928	2755	2797	5768
5	2990	2865	2989	5769
5	2884	2823	2758	5770
5	2884	2758	2676	5771
5	2931	2889	2887	5772
5	3135	3034	3011	5773
5	3122	2998	3068	5774
5	3041	2895	2978	5775
5	3000	2970	2842	5776
5	2952	2800	2807	5777
5	2890	2763	2889	5778
5	2890	2888	2764	5779
5	2890	2764	2763	5780
5	3026	2930	2939	5781
5	3152	3056	3073	5782
5	3307	3193	3258	5783
5	2891	2807	2799	5784
5	3135	3010	3134	5785
5	2948	2892	2782	5786
5	2948	2782	2814	5787
5	2893	2841	2775	5788
5	3003	2878	3002	5789
5	2923	2534	2716	5790
5	2897	2667	2785	5791
5	2902	2855	2856	5792
5	2926	2855	2902	5793
5	2956	2699	2812	5794
5	3063	2896	2773	5795
5	2988	2863	2987	5796
5	3183	3162	2947	5797
5	2898	2893	2775	5798
5	2898	2775	2880	5799
5	2899	2820	2783	5800
5	2905	2806	2821	5801
5	2976	2849	2975	5802
5	2976	2900	2789	5803
5	3258	3193	3205	5804
5	3013	2889	2931	5805
5	3154	3041	3062	5806
5	3057	2925	3052	5807
5	2960	2777	2826	5808
5	2903	2847	2677	5809
5	3182	2906	3027	5810
5	3156	2953	3035	5811
5	2944	2806	2905	5812
5	2944	2783	2806	5813
5	3098	2968	3097	5814
5	2908	2819	2817	5815
5	2941	2811	2837	5816
5	3017	2810	2907	5817
5	2968	2701	2819	5818
5	2968	2838	2701	5819
5	3028	2771	2816	5820
5	3076	2935	2770	5821
5	2910	2909	2651	5822
5	2910	2651	2815	5823
5	2934	2884	2912	5824
5	2934	2823	2884	5825
5	2934	2911	2823	5826
5	3061	2945	2930	5827
5	3030	2913	2942	5828
5	3292	3132	3168	5829
5	3100	2922	3099	5830
5	2979	2857	2914	5831
5	3063	3023	2896	5832
5	2915	2773	2654	5833
5	3103	2975	3043	5834
5	3080	2950	3025	5835
5	2917	2812	2666	5836
5	2917	2666	2839	5837
5	3037	2918	2803	5838
5	3162	3046	2947	5839
5	2927	2793	2794	5840
5	3019	2963	2919	5841
5	3092	2971	2973	5842
5	2922	2914	2778	5843
5	3243	3122	3157	5844
5	3064	2916	2892	5845
5	2998	2875	2874	5846
5	2972	2843	2970	5847
5	2923	2910	2815	5848
5	2923	2815	2658	5849
5	3099	2920	3091	5850
5	2965	2833	2832	5851
5	2925	2902	2856	5852
5	2925	2856	2765	5853
5	3052	2925	2895	5854
5	2951	2804	2926	5855
5	3151	2937	3014	5856
5	3178	3030	3144	5857
5	3006	2756	2882	5858
5	3014	2937	2786	5859
5	3072	2894	2772	5860
5	2929	2772	2675	5861
5	2933	2766	2784	5862
5	2942	2766	2933	5863
5	2932	2792	2888	5864
5	3053	2911	2934	5865
5	3075	3053	2934	5866
5	3073	3012	3029	5867
5	3467	3356	3466	5868
5	3056	2901	2932	5869
5	3390	3258	3372	5870
5	3053	3021	2911	5871
5	3159	2935	3076	5872
5	2936	2770	2661	5873
5	2940	2648	2818	5874
5	2964	2634	2829	5875
5	3077	2797	2937	5876
5	2937	2797	2708	5877
5	3017	2915	2810	5878
5	3181	3017	2907	5879
5	2939	2930	2776	5880
5	2939	2776	2805	5881
5	3160	2801	3065	5882
5	3058	2818	2904	5883
5	3181	2907	3078	5884
5	2959	2811	2941	5885
5	3135	3011	3010	5886
5	3030	3015	2913	5887
5	3064	2892	3044	5888
5	3260	3141	3149	5889
5	3115	2990	3114	5890
5	2944	2899	2783	5891
5	2945	2933	2784	5892
5	2945	2784	2768	5893
5	3083	2923	3046	5894
5	2947	2716	2774	5895
5	3196	3136	2946	5896
5	3096	2946	2715	5897
5	3172	3051	3101	5898
5	3323	3191	3167	5899
5	2949	2927	2794	5900
5	2949	2794	2828	5901
5	2950	2943	2798	5902
5	2950	2798	2788	5903
5	3374	3261	3315	5904
5	3057	2902	2925	5905
5	3011	2886	3010	5906
5	3010	2885	3009	5907
5	2953	2816	2683	5908
5	2953	2683	2808	5909
5	3093	2813	2962	5910
5	2954	2850	2709	5911
5	2955	2948	2814	5912
5	2955	2814	2831	5913
5	2956	2908	2817	5914
5	2956	2817	2699	5915
5	2973	2844	2972	5916
5	3055	2891	2951	5917
5	2961	2809	2847	5918
5	3102	2958	3090	5919
5	3078	2907	2906	5920
5	3089	2964	2829	5921
5	3087	2962	2848	5922
5	3070	2847	2903	5923
5	2961	2826	2809	5924
5	3286	3173	3263	5925
5	3244	3124	3123	5926
5	2962	2813	2696	5927
5	2963	2949	2828	5928
5	2963	2828	2795	5929
5	3281	3037	3142	5930
5	2964	2825	2634	5931
5	3039	2903	2802	5932
5	3166	2961	3070	5933
5	2966	2833	2965	5934
5	3039	2802	2966	5935
5	3096	2715	2967	5936
5	2967	2715	2578	5937
5	3022	2908	2956	5938
5	3098	2938	2838	5939
5	2969	2917	2839	5940
5	2969	2839	2846	5941
5	2971	2822	2845	5942
5	3090	2958	2957	5943
5	2972	2844	2843	5944
5	3016	2957	2971	5945
5	3091	2960	3086	5946
5	2980	2978	2853	5947
5	2974	2796	2827	5948
5	2974	2848	2796	5949
5	3062	3041	2978	5950
5	3095	3039	2966	5951
5	2976	2789	2849	5952
5	2975	2849	2841	5953
5	3044	2892	2948	5954
5	3103	3033	2976	5955
5	2977	2965	2832	5956
5	2977	2832	2787	5957
5	2980	2858	2979	5958
5	3086	2960	2961	5959
5	2980	2853	2858	5960
5	2979	2858	2857	5961
5	3100	2914	2922	5962
5	3248	3179	3128	5963
5	2985	2861	2983	5964
5	2987	2862	2985	5965
5	3005	2851	2982	5966
5	3007	2881	3005	5967
5	3168	3008	3047	5968
5	2991	2866	2990	5969
5	3129	3005	2982	5970
5	2984	2982	2860	5971
5	3106	2982	2984	5972
5	2997	2872	2996	5973
5	3110	2986	2927	5974
5	2986	2984	2852	5975
5	3018	2919	2899	5976
5	3082	2905	3015	5977
5	3229	3108	3110	5978
5	3331	3204	3259	5979
5	3067	2949	2963	5980
5	3251	3129	3249	5981
5	3109	2987	2985	5982
5	3111	2988	2987	5983
5	3118	2993	3117	5984
5	3113	2989	2988	5985
5	3119	2994	3118	5986
5	3126	3002	3001	5987
5	3114	2990	2989	5988
5	3120	2995	3119	5989
5	3115	2991	2990	5990
5	3128	3004	3003	5991
5	3116	2992	2991	5992
5	3128	3003	3127	5993
5	3117	2993	2992	5994
5	3121	2996	3120	5995
5	3118	2994	2993	5996
5	3128	3048	3004	5997
5	3000	2842	2876	5998
5	3000	2876	2999	5999
5	3241	3121	3120	6000
5	3428	3373	3297	6001
5	3122	2999	2998	6002
5	3062	2978	2980	6003
5	3119	2995	2994	6004
5	3246	3125	3245	6005
5	3121	2997	2996	6006
5	3245	3121	3241	6007
5	3263	3173	3179	6008
5	3120	2996	2995	6009
5	3321	3225	3276	6010
5	3161	3044	3084	6011
5	3132	3105	2981	6012
5	3444	3442	3324	6013
5	3008	2840	2883	6014
5	3175	3006	3130	6015
5	3264	3014	2897	6016
5	3007	2882	2881	6017
5	3109	2985	3107	6018
5	3105	2983	2981	6019
5	3177	3052	3163	6020
5	3254	3133	3253	6021
5	3253	3133	3050	6022
5	3163	3052	3041	6023
5	3054	2931	3034	6024
5	3054	3013	2931	6025
5	3012	2932	2888	6026
5	3012	2888	2890	6027
5	3013	3012	2890	6028
5	3013	2890	2889	6029
5	3130	3006	2882	6030
5	3032	2929	2834	6031
5	3185	3029	3054	6032
5	3180	3137	3026	6033
5	3104	3062	2980	6034
5	3050	2952	2891	6035
5	3036	2956	2812	6036
5	3059	2941	2837	6037
5	3112	2949	3067	6038
5	3112	2927	2949	6039
5	3108	2984	2986	6040
5	3067	2963	3019	6041
5	3247	3127	3126	6042
5	3125	3001	2997	6043
5	3021	2939	2911	6044
5	3075	2912	2901	6045
5	3098	2838	2968	6046
5	3097	2908	3022	6047
5	3036	2812	2917	6048
5	3036	3022	2956	6049
5	3096	2967	3024	6050
5	3024	2967	2918	6051
5	3025	2950	2900	6052
5	3043	2975	2893	6053
5	3200	3018	3170	6054
5	3350	3347	3231	6055
5	3265	3197	3017	6056
5	3266	3078	3182	6057
5	3094	2904	2825	6058
5	3089	2829	2959	6059
5	3034	2931	3011	6060
5	3134	3010	3009	6061
5	3074	2945	3061	6062
5	3074	2933	2945	6063
5	3271	3060	3156	6064
5	3031	2897	2785	6065
5	3376	3309	3162	6066
5	3072	2772	2929	6067
5	3033	3025	2900	6068
5	3033	2900	2976	6069
5	3054	3029	3013	6070
5	3436	3312	3435	6071
5	3186	3065	2940	6072
5	3060	2816	2953	6073
5	3220	3098	3219	6074
5	3040	2969	3023	6075
5	3142	3037	2803	6076
5	3046	2716	2947	6077
5	3051	2973	2972	6078
5	3194	3055	3085	6079
5	3188	2962	3087	6080
5	3045	2924	2850	6081
5	3040	3036	2917	6082
5	3040	2917	2969	6083
5	3092	2973	3051	6084
5	3104	2979	3038	6085
5	3095	2965	3042	6086
5	3042	2965	2977	6087
5	3103	2976	2975	6088
5	3202	3157	3068	6089
5	3084	2955	3049	6090
5	3084	2948	2955	6091
5	3319	3192	3268	6092
5	3482	3372	3417	6093
5	3035	2791	2909	6094
5	3035	2808	2791	6095
5	3130	2882	3007	6096
5	3116	2991	3115	6097
5	3048	3020	2898	6098
5	3048	2898	3004	6099
5	3084	3044	2948	6100
5	3049	2955	2943	6101
5	3133	3009	2952	6102
5	3134	3009	3133	6103
5	3148	3049	3080	6104
5	3124	2970	3000	6105
5	3085	2951	2926	6106
5	3055	3050	2891	6107
5	3075	2934	2912	6108
5	3205	3056	3152	6109
5	3270	3205	3152	6110
5	3255	3176	3135	6111
5	3071	2902	3057	6112
5	3071	2926	2902	6113
5	3395	3316	3289	6114
5	3075	2901	3056	6115
5	3253	3050	3140	6116
5	3085	2926	3071	6117
5	3060	3028	2816	6118
5	3035	2953	2808	6119
5	3219	3097	3218	6120
5	3094	2825	2964	6121
5	3066	2909	2910	6122
5	3376	3162	3183	6123
5	3079	2942	2933	6124
5	3079	3030	2942	6125
5	3101	2972	2970	6126
5	3203	3057	3177	6127
5	3220	3059	2938	6128
5	3218	3097	3022	6129
5	3069	2916	3064	6130
5	3104	2980	2979	6131
5	3159	3027	2935	6132
5	3160	2803	2637	6133
5	3303	3065	3186	6134
5	3199	2909	3066	6135
5	3170	3018	3081	6136
5	3207	3079	3074	6137
5	3214	3051	3172	6138
5	3444	3322	3396	6139
5	3069	3068	2921	6140
5	3069	2921	2916	6141
5	3087	2848	2974	6142
5	3102	2974	2958	6143
5	3410	3268	3273	6144
5	3085	3055	2951	6145
5	3196	2946	3096	6146
5	3275	3028	3060	6147
5	3073	3056	2932	6148
5	3073	2932	3012	6149
5	3316	3144	3289	6150
5	3501	3379	3498	6151
5	3180	3026	3021	6152
5	3556	3446	3436	6153
5	3275	3139	3028	6154
5	3165	3058	2904	6155
5	3206	3047	2928	6156
5	3077	2928	2797	6157
5	3088	2959	2941	6158
5	3195	2941	3059	6159
5	3345	3228	3288	6160
5	3180	3021	3158	6161
5	3080	3049	2943	6162
5	3080	2943	2950	6163
5	3081	3018	2899	6164
5	3081	2899	2944	6165
5	3082	3081	2944	6166
5	3082	2944	2905	6167
5	3083	3066	2910	6168
5	3083	2910	2923	6169
5	3580	3374	3471	6170
5	3364	3246	3363	6171
5	3045	3042	2977	6172
5	3045	2977	2924	6173
5	3091	2920	2960	6174
5	3213	3090	3016	6175
5	3209	3038	3100	6176
5	3093	2954	2813	6177
5	3182	3078	2906	6178
5	3210	3089	2959	6179
5	3210	2959	3088	6180
5	3382	3088	3195	6181
5	3320	3215	3147	6182
5	3344	3224	3213	6183
5	3279	3086	3166	6184
5	3212	3091	3086	6185
5	3311	3167	3161	6186
5	3099	2922	2920	6187
5	3095	2966	2965	6188
5	3211	3087	2974	6189
5	3155	2964	3089	6190
5	3299	3037	3281	6191
5	3282	3221	3212	6192
5	3209	3164	3038	6193
5	3264	3031	3136	6194
5	3151	3077	2937	6195
5	3198	3138	3023	6196
5	3187	3022	3036	6197
5	3198	3023	3063	6198
5	3219	3098	3097	6199
5	3322	3203	3261	6200
5	3100	3038	2914	6201
5	3221	3099	3091	6202
5	3261	3203	3177	6203
5	3123	2999	3122	6204
5	3123	3000	2999	6205
5	3448	3334	3332	6206
5	3146	2903	3039	6207
5	3189	3033	3103	6208
5	3276	3225	3150	6209
5	3202	3068	3069	6210
5	3324	3194	3190	6211
5	3107	2985	2983	6212
5	3114	2989	3113	6213
5	3129	2982	3106	6214
5	3131	3005	3129	6215
5	3111	2987	3109	6216
5	3113	2988	3111	6217
5	3227	3106	3108	6218
5	3108	3106	2984	6219
5	3201	3019	3200	6220
5	3125	2997	3121	6221
5	3238	3117	3237	6222
5	3110	3108	2986	6223
5	3368	3249	3366	6224
5	3317	3180	3158	6225
5	3231	3110	3112	6226
5	3112	3110	2927	6227
5	3201	3067	3019	6228
5	3200	3019	3018	6229
5	3169	3081	3082	6230
5	3406	3346	3347	6231
5	3230	3109	3228	6232
5	3232	3113	3111	6233
5	3237	3116	3236	6234
5	3126	3001	3125	6235
5	3234	3114	3113	6236
5	3239	3118	3238	6237
5	3235	3115	3114	6238
5	3241	3120	3240	6239
5	3236	3116	3115	6240
5	3237	3117	3116	6241
5	3248	3127	3247	6242
5	3238	3118	3117	6243
5	3545	3521	3428	6244
5	3239	3119	3118	6245
5	3244	3123	3243	6246
5	3124	3000	3123	6247
5	3396	3261	3374	6248
5	3124	3101	2970	6249
5	3208	3049	3148	6250
5	3167	3044	3161	6251
5	3246	3126	3125	6252
5	3240	3120	3119	6253
5	3245	3125	3121	6254
5	3399	3311	3262	6255
5	3248	3128	3127	6256
5	3428	3321	3387	6257
5	3150	3043	3020	6258
5	3443	3311	3399	6259
5	3249	3129	3106	6260
5	3283	3151	3014	6261
5	3132	2981	3008	6262
5	3264	2897	3031	6263
5	3661	3548	3506	6264
5	3131	3007	3005	6265
5	3252	3171	3105	6266
5	3295	3130	3250	6267
5	3535	3413	3494	6268
5	3255	3135	3134	6269
5	3416	3293	3378	6270
5	3324	3190	3322	6271
5	3177	3057	3052	6272
5	3194	3085	3190	6273
5	3509	3309	3376	6274
5	3206	2928	3077	6275
5	3137	3061	3026	6276
5	3289	3144	3207	6277
5	3187	3036	3040	6278
5	3187	3040	3138	6279
5	3139	3076	2936	6280
5	3139	2936	3028	6281
5	3194	3140	3055	6282
5	3190	3085	3071	6283
5	3141	3080	3025	6284
5	3262	3161	3208	6285
5	3303	3281	3142	6286
5	3155	3094	2964	6287
5	3143	3082	3015	6288
5	3440	3317	3307	6289
5	3178	3015	3030	6290
5	3144	3030	3079	6291
5	3217	3046	3162	6292
5	3398	3159	3277	6293
5	3226	3104	3164	6294
5	3146	3070	2903	6295
5	3146	3039	3095	6296
5	3147	3045	2954	6297
5	3323	3167	3311	6298
5	3392	3300	3381	6299
5	3149	3141	3025	6300
5	3149	3025	3033	6301
5	3189	3149	3033	6302
5	3225	3043	3150	6303
5	3301	3206	3077	6304
5	3250	3130	3007	6305
5	3556	3436	3551	6306
5	3176	3034	3135	6307
5	3153	3152	3073	6308
5	3153	3073	3029	6309
5	3226	3062	3104	6310
5	3164	3104	3038	6311
5	3302	3094	3155	6312
5	3303	3142	3065	6313
5	3304	3199	3066	6314
5	3305	3156	3199	6315
5	3157	3122	3068	6316
5	3381	3300	3260	6317
5	3874	3769	3765	6318
5	3352	3233	3201	6319
5	3165	2904	3094	6320
5	3393	3266	3182	6321
5	3160	3065	3142	6322
5	3160	3142	2803	6323
5	3167	3064	3044	6324
5	3191	3069	3064	6325
5	3764	3430	3536	6326
5	3217	3083	3046	6327
5	3310	3163	3154	6328
5	3285	3214	3172	6329
5	3215	3042	3147	6330
5	3147	3042	3045	6331
5	3274	3058	3165	6332
5	3333	3155	3089	6333
5	3278	3087	3211	6334
5	3211	2974	3102	6335
5	3362	3245	3241	6336
5	3300	3141	3260	6337
5	3171	3107	3105	6338
5	3168	3132	3008	6339
5	3312	3143	3298	6340
5	3233	3112	3067	6341
5	3397	3259	3296	6342
5	3328	3200	3170	6343
5	3232	3111	3230	6344
5	3230	3111	3109	6345
5	3223	3213	3016	6346
5	3222	3100	3099	6347
5	3173	3150	3020	6348
5	3173	3020	3048	6349
5	3326	3136	3196	6350
5	3183	2947	2894	6351
5	3314	3174	3032	6352
5	3175	3032	3006	6353
5	3185	3153	3029	6354
5	3192	3034	3176	6355
5	3291	3226	3164	6356
5	3520	3396	3484	6357
5	3446	3313	3436	6358
5	3485	3380	3440	6359
5	3179	3173	3048	6360
5	3179	3048	3128	6361
5	3270	3258	3205	6362
5	3370	3253	3294	6363
5	3195	3088	2941	6364
5	3197	2915	3017	6365
5	3418	3275	3060	6366
5	3308	3027	3159	6367
5	3301	3077	3151	6368
5	3283	3014	3264	6369
5	3184	3183	2894	6370
5	3184	2894	3072	6371
5	3440	3307	3390	6372
5	3269	3152	3153	6373
5	3418	3060	3271	6374
5	3337	3145	3217	6375
5	3218	3022	3187	6376
5	3220	2938	3098	6377
5	3320	3093	3188	6378
5	3188	3093	2962	6379
5	3381	3260	3373	6380
5	3311	3161	3262	6381
5	3310	3154	3256	6382
5	3294	3140	3287	6383
5	3474	3364	3363	6384
5	3202	3069	3191	6385
5	3192	3185	3054	6386
5	3192	3054	3034	6387
5	3193	3158	3053	6388
5	3193	3053	3075	6389
5	3315	3177	3163	6390
5	3287	3140	3194	6391
5	3651	3393	3534	6392
5	3400	3078	3266	6393
5	3337	3217	3309	6394
5	3309	3217	3162	6395
5	3198	3063	3197	6396
5	3197	3063	2915	6397
5	3318	3210	3088	6398
5	3265	3017	3181	6399
5	3199	3156	3035	6400
5	3199	3035	2909	6401
5	3313	3170	3169	6402
5	3240	3119	3239	6403
5	3234	3113	3232	6404
5	3228	3109	3107	6405
5	3401	3257	3360	6406
5	3360	3242	3244	6407
5	3203	3190	3071	6408
5	3203	3071	3057	6409
5	3207	3144	3079	6410
5	3204	3074	3061	6411
5	3205	3193	3075	6412
5	3205	3075	3056	6413
5	3250	3007	3131	6414
5	3402	3330	3206	6415
5	3298	3143	3178	6416
5	3317	3158	3307	6417
5	3208	3161	3084	6418
5	3208	3084	3049	6419
5	3486	3411	3447	6420
5	3278	3188	3087	6421
5	3302	3165	3094	6422
5	3487	3266	3393	6423
5	3224	3102	3090	6424
5	3331	3289	3207	6425
5	3221	3091	3212	6426
5	3223	3092	3214	6427
5	3224	3090	3213	6428
5	3335	3102	3224	6429
5	3371	3254	3370	6430
5	3214	3092	3051	6431
5	3215	3146	3095	6432
5	3215	3095	3042	6433
5	3216	3196	3096	6434
5	3216	3096	3024	6435
5	3299	3024	3037	6436
5	3217	3145	3083	6437
5	3340	3059	3220	6438
5	3338	3198	3327	6439
5	3327	3198	3197	6440
5	3338	3138	3198	6441
5	3218	3187	3138	6442
5	3339	3220	3219	6443
5	3222	3099	3221	6444
5	3222	3209	3100	6445
5	3223	3016	3092	6446
5	3280	3243	3157	6447
5	3291	3256	3226	6448
5	3405	3282	3212	6449
5	3342	3221	3282	6450
5	3361	3243	3280	6451
5	3225	3189	3103	6452
5	3225	3103	3043	6453
5	3284	3164	3209	6454
5	3226	3154	3062	6455
5	3228	3107	3171	6456
5	3249	3106	3227	6457
5	3247	3126	3246	6458
5	3351	3232	3348	6459
5	3488	3389	3367	6460
5	3229	3227	3108	6461
5	3236	3115	3235	6462
5	3235	3114	3234	6463
5	3313	3169	3312	6464
5	3231	3229	3110	6465
5	3349	3200	3328	6466
5	3349	3201	3200	6467
5	3353	3234	3351	6468
5	3233	3231	3112	6469
5	3346	3227	3229	6470
5	3478	3366	3476	6471
5	3328	3170	3313	6472
5	3312	3169	3143	6473
5	3348	3232	3230	6474
5	3359	3241	3240	6475
5	3351	3234	3232	6476
5	3357	3238	3356	6477
5	3353	3235	3234	6478
5	3362	3241	3359	6479
5	3354	3236	3235	6480
5	3355	3237	3236	6481
5	3365	3247	3364	6482
5	3356	3238	3237	6483
5	3363	3245	3362	6484
5	3357	3239	3238	6485
5	3242	3172	3101	6486
5	3242	3101	3124	6487
5	3336	3223	3214	6488
5	3243	3123	3122	6489
5	3343	3223	3336	6490
5	3428	3297	3321	6491
5	3358	3240	3239	6492
5	3359	3240	3358	6493
5	3365	3290	3248	6494
5	3363	3246	3245	6495
5	3762	3632	3716	6496
5	3529	3420	3489	6497
5	3491	3385	3407	6498
5	3530	3381	3526	6499
5	3492	3479	3369	6500
5	3292	3252	3132	6501
5	3252	3105	3132	6502
5	3295	3175	3130	6503
5	3593	3388	3496	6504
5	3251	3131	3129	6505
5	3288	3228	3171	6506
5	3369	3288	3171	6507
5	3254	3134	3133	6508
5	3255	3134	3254	6509
5	3371	3255	3254	6510
5	3378	3319	3377	6511
5	3322	3190	3203	6512
5	3416	3269	3293	6513
5	3526	3373	3521	6514
5	3447	3323	3443	6515
5	3403	3279	3166	6516
5	3335	3211	3102	6517
5	3417	3270	3269	6518
5	3270	3152	3269	6519
5	3259	3204	3137	6520
5	3551	3436	3435	6521
5	3297	3260	3149	6522
5	3297	3149	3189	6523
5	3360	3257	3242	6524
5	3495	3386	3481	6525
5	3420	3286	3385	6526
5	3584	3474	3583	6527
5	3364	3247	3246	6528
5	3365	3248	3247	6529
5	3314	3032	3175	6530
5	3511	3409	3330	6531
5	3327	3197	3265	6532
5	3338	3219	3218	6533
5	3419	3139	3275	6534
5	3415	3318	3382	6535
5	3267	3184	3072	6536
5	3267	3072	3174	6537
5	3268	3192	3176	6538
5	3371	3273	3255	6539
5	3800	3705	3768	6540
5	3417	3269	3416	6541
5	3650	3501	3629	6542
5	3553	3440	3390	6543
5	3499	3391	3303	6544
5	3277	3076	3139	6545
5	3272	3262	3208	6546
5	3272	3208	3148	6547
5	3273	3268	3176	6548
5	3273	3176	3255	6549
5	3375	3136	3326	6550
5	3274	3186	3058	6551
5	3419	3275	3418	6552
5	3277	3159	3076	6553
5	3521	3373	3428	6554
5	3387	3321	3276	6555
5	3595	3505	3549	6556
5	3308	3182	3027	6557
5	3343	3213	3223	6558
5	3279	3212	3086	6559
5	3332	3146	3215	6560
5	3334	3070	3146	6561
5	3652	3539	3579	6562
5	3413	3272	3392	6563
5	3547	3274	3430	6564
5	3299	3216	3024	6565
5	3558	3448	3383	6566
5	3341	3209	3222	6567
5	3444	3324	3322	6568
5	3367	3250	3131	6569
5	3285	3172	3257	6570
5	3291	3164	3284	6571
5	3336	3214	3285	6572
5	3344	3213	3343	6573
5	3286	3276	3150	6574
5	3286	3150	3173	6575
5	3294	3253	3140	6576
5	3370	3254	3253	6577
5	3345	3230	3228	6578
5	3355	3236	3354	6579
5	3553	3390	3497	6580
5	3446	3328	3313	6581
5	3290	3263	3179	6582
5	3290	3179	3248	6583
5	3425	3257	3401	6584
5	3502	3425	3401	6585
5	3366	3249	3227	6586
5	3503	3292	3409	6587
5	3293	3269	3153	6588
5	3293	3153	3185	6589
5	3456	3344	3343	6590
5	3412	3256	3291	6591
5	3375	3264	3136	6592
5	3519	3437	3314	6593
5	3296	3259	3137	6594
5	3296	3137	3180	6595
5	3438	3256	3412	6596
5	3589	3481	3480	6597
5	3669	3497	3596	6598
5	3397	3296	3380	6599
5	3304	3066	3145	6600
5	3325	3196	3216	6601
5	3300	3272	3148	6602
5	3300	3148	3141	6603
5	3330	3047	3206	6604
5	3330	3168	3047	6605
5	3431	3304	3394	6606
5	3536	3302	3404	6607
5	3735	3656	3542	6608
5	3487	3415	3266	6609
5	3305	3271	3156	6610
5	3305	3199	3304	6611
5	3500	3281	3391	6612
5	3431	3305	3304	6613
5	3306	3280	3157	6614
5	3306	3157	3202	6615
5	3317	3296	3180	6616
5	3307	3158	3193	6617
5	3441	3210	3318	6618
5	3382	3195	3340	6619
5	3483	3325	3433	6620
5	3506	3431	3394	6621
5	3315	3261	3177	6622
5	3315	3163	3310	6623
5	3329	3202	3191	6624
5	3329	3191	3323	6625
5	3628	3533	3594	6626
5	3423	3331	3379	6627
5	3435	3298	3429	6628
5	3429	3316	3395	6629
5	3414	3184	3267	6630
5	3437	3174	3314	6631
5	3481	3370	3480	6632
5	3538	3386	3495	6633
5	3316	3298	3178	6634
5	3316	3178	3144	6635
5	3497	3372	3482	6636
5	3378	3293	3319	6637
5	3441	3333	3210	6638
5	3333	3089	3210	6639
5	3319	3293	3185	6640
5	3319	3185	3192	6641
5	3320	3147	3093	6642
5	3331	3207	3204	6643
5	3321	3297	3189	6644
5	3321	3189	3225	6645
5	3324	3287	3194	6646
5	3447	3411	3329	6647
5	3507	3454	3450	6648
5	3329	3306	3202	6649
5	3396	3322	3261	6650
5	3527	3447	3443	6651
5	3326	3196	3325	6652
5	3388	3301	3151	6653
5	3801	3711	3601	6654
5	3388	3151	3283	6655
5	3340	3195	3059	6656
5	3338	3218	3138	6657
5	3435	3312	3298	6658
5	3358	3239	3357	6659
5	3392	3272	3300	6660
5	3599	3563	3507	6661
5	3737	3633	3493	6662
5	3367	3131	3251	6663
5	3515	3279	3403	6664
5	3332	3215	3320	6665
5	3334	3146	3332	6666
5	3334	3166	3070	6667
5	3404	3155	3333	6668
5	3393	3182	3308	6669
5	3403	3166	3334	6670
5	3448	3403	3334	6671
5	3448	3332	3383	6672
5	3449	3211	3335	6673
5	3471	3315	3310	6674
5	3616	3405	3515	6675
5	3524	3506	3394	6676
5	3391	3281	3303	6677
5	3340	3220	3339	6678
5	3339	3219	3338	6679
5	3452	3327	3265	6680
5	3400	3265	3181	6681
5	3400	3181	3078	6682
5	3382	3318	3088	6683
5	3453	3424	3284	6684
5	3341	3284	3209	6685
5	3342	3341	3222	6686
5	3342	3222	3221	6687
5	3450	3336	3285	6688
5	3425	3285	3257	6689
5	3454	3343	3336	6690
5	3597	3513	3560	6691
5	3348	3230	3345	6692
5	3356	3237	3355	6693
5	3476	3366	3346	6694
5	3366	3227	3346	6695
5	3347	3346	3229	6696
5	3347	3229	3231	6697
5	3736	3592	3626	6698
5	3354	3235	3353	6699
5	3352	3201	3349	6700
5	3350	3231	3233	6701
5	3474	3363	3473	6702
5	3461	3458	3350	6703
5	3458	3347	3350	6704
5	3459	3351	3348	6705
5	3458	3406	3347	6706
5	3352	3350	3233	6707
5	3565	3384	3457	6708
5	3460	3352	3349	6709
5	3463	3328	3446	6710
5	3429	3298	3316	6711
5	3436	3313	3312	6712
5	3462	3351	3459	6713
5	3462	3353	3351	6714
5	3464	3354	3353	6715
5	3582	3473	3472	6716
5	3465	3355	3354	6717
5	3473	3362	3472	6718
5	3466	3356	3355	6719
5	3475	3364	3474	6720
5	3467	3357	3356	6721
5	3411	3306	3329	6722
5	3510	3401	3470	6723
5	3361	3360	3244	6724
5	3361	3244	3243	6725
5	3472	3359	3469	6726
5	3468	3358	3357	6727
5	3469	3359	3358	6728
5	3475	3408	3365	6729
5	3473	3363	3362	6730
5	3983	3911	3982	6731
5	3699	3606	3641	6732
5	3472	3362	3359	6733
5	3479	3457	3288	6734
5	3426	3252	3292	6735
5	3369	3171	3252	6736
5	3711	3492	3601	6737
5	3704	3488	3608	6738
5	3368	3251	3249	6739
5	3476	3346	3406	6740
5	3384	3348	3345	6741
5	3481	3386	3371	6742
5	3480	3370	3294	6743
5	3696	3544	3657	6744
5	3410	3273	3386	6745
5	3417	3372	3270	6746
5	3481	3371	3370	6747
5	3491	3407	3490	6748
5	3602	3490	3517	6749
5	3438	3310	3256	6750
5	3741	3522	3616	6751
5	3552	3414	3267	6752
5	3434	3337	3309	6753
5	3524	3394	3337	6754
5	3493	3376	3414	6755
5	3377	3319	3268	6756
5	3386	3273	3371	6757
5	3518	3442	3444	6758
5	3544	3442	3518	6759
5	3379	3331	3259	6760
5	3629	3498	3628	6761
5	3397	3379	3259	6762
5	3380	3296	3317	6763
5	3951	3855	3927	6764
5	3603	3521	3545	6765
5	3452	3339	3338	6766
5	3452	3265	3400	6767
5	3902	3706	3813	6768
5	3383	3188	3278	6769
5	3466	3355	3465	6770
5	3468	3357	3467	6771
5	3385	3286	3263	6772
5	3475	3365	3364	6773
5	3410	3377	3268	6774
5	3703	3594	3610	6775
5	3494	3413	3392	6776
5	3742	3659	3707	6777
5	3402	3301	3388	6778
5	3402	3206	3301	6779
5	3389	3295	3250	6780
5	3389	3250	3367	6781
5	3440	3380	3317	6782
5	3390	3307	3258	6783
5	3433	3216	3299	6784
5	3433	3325	3216	6785
5	3648	3530	3526	6786
5	3526	3381	3373	6787
5	3404	3302	3155	6788
5	3531	3404	3333	6789
5	3394	3304	3145	6790
5	3394	3145	3337	6791
5	3550	3429	3546	6792
5	3533	3380	3485	6793
5	3427	3294	3287	6794
5	3480	3294	3427	6795
5	3498	3379	3397	6796
5	3546	3395	3532	6797
5	3534	3393	3308	6798
5	3398	3308	3159	6799
5	3743	3728	3604	6800
5	3627	3490	3602	6801
5	3452	3340	3339	6802
5	3452	3338	3327	6803
5	3421	3306	3411	6804
5	3607	3518	3520	6805
5	3409	3292	3168	6806
5	3409	3168	3330	6807
5	3451	3342	3282	6808
5	3405	3212	3279	6809
5	3432	3305	3431	6810
5	3764	3547	3430	6811
5	3422	3335	3224	6812
5	3422	3224	3344	6813
5	3569	3459	3516	6814
5	3457	3345	3288	6815
5	3407	3385	3263	6816
5	3407	3263	3290	6817
5	3408	3407	3290	6818
5	3408	3290	3365	6819
5	3704	3600	3488	6820
5	3426	3369	3252	6821
5	4003	3938	3984	6822
5	3609	3528	3538	6823
5	3439	3361	3280	6824
5	3504	3439	3421	6825
5	3421	3280	3306	6826
5	3470	3360	3361	6827
5	3413	3399	3262	6828
5	3413	3262	3272	6829
5	3414	3376	3183	6830
5	3414	3183	3184	6831
5	3415	3382	3400	6832
5	3415	3400	3266	6833
5	3540	3416	3378	6834
5	3610	3594	3485	6835
5	3667	3551	3550	6836
5	3692	3623	3584	6837
5	3542	3277	3419	6838
5	3419	3277	3139	6839
5	3430	3165	3302	6840
5	3505	3419	3418	6841
5	3420	3387	3276	6842
5	3420	3276	3286	6843
5	3705	3605	3655	6844
5	3688	3543	3604	6845
5	3455	3341	3342	6846
5	3512	3403	3448	6847
5	3423	3395	3289	6848
5	3423	3289	3331	6849
5	3424	3412	3291	6850
5	3424	3291	3284	6851
5	3450	3285	3425	6852
5	3522	3451	3282	6853
5	3477	3367	3251	6854
5	3477	3251	3368	6855
5	3543	3411	3486	6856
5	3804	3721	3790	6857
5	3936	3817	3812	6858
5	3794	3692	3691	6859
5	3532	3423	3501	6860
5	3463	3349	3328	6861
5	3499	3303	3186	6862
5	3430	3274	3165	6863
5	3432	3271	3305	6864
5	3432	3418	3271	6865
5	3500	3299	3281	6866
5	3547	3499	3186	6867
5	3524	3337	3434	6868
5	3555	3375	3326	6869
5	3600	3523	3389	6870
5	3375	3283	3264	6871
5	3754	3628	3753	6872
5	3501	3423	3379	6873
5	3551	3435	3550	6874
5	3532	3395	3423	6875
5	3631	3402	3593	6876
5	3437	3267	3174	6877
5	3439	3280	3421	6878
5	3471	3310	3438	6879
5	3470	3361	3439	6880
5	3470	3401	3360	6881
5	3541	3417	3416	6882
5	3645	3528	3609	6883
5	3554	3318	3415	6884
5	3591	3531	3441	6885
5	3442	3427	3287	6886
5	3442	3287	3324	6887
5	3447	3329	3323	6888
5	3443	3323	3311	6889
5	3519	3314	3175	6890
5	3511	3330	3402	6891
5	3708	3615	3555	6892
5	3445	3326	3325	6893
5	3572	3446	3556	6894
5	3469	3358	3468	6895
5	3383	3332	3320	6896
5	3383	3320	3188	6897
5	3449	3278	3211	6898
5	3598	3561	3456	6899
5	3558	3278	3449	6900
5	3558	3383	3278	6901
5	3559	3450	3425	6902
5	3515	3403	3512	6903
5	3455	3342	3451	6904
5	3453	3284	3341	6905
5	3452	3400	3382	6906
5	3452	3382	3340	6907
5	3454	3336	3450	6908
5	3559	3425	3502	6909
5	3456	3343	3454	6910
5	3741	3616	3701	6911
5	3709	3561	3598	6912
5	3455	3453	3341	6913
5	3736	3707	3592	6914
5	3580	3471	3539	6915
5	3573	3464	3571	6916
5	3457	3384	3345	6917
5	3459	3348	3384	6918
5	3516	3459	3384	6919
5	3464	3353	3462	6920
5	3465	3354	3464	6921
5	3461	3352	3460	6922
5	3461	3350	3352	6923
5	3805	3755	3635	6924
5	3537	3476	3406	6925
5	3618	3537	3566	6926
5	3583	3473	3582	6927
5	3666	3516	3619	6928
5	3463	3460	3349	6929
5	3569	3462	3459	6930
5	3567	3461	3460	6931
5	3806	3608	3745	6932
5	3546	3429	3395	6933
5	3550	3435	3429	6934
5	3904	3711	3801	6935
5	3571	3464	3462	6936
5	3573	3465	3464	6937
5	3584	3517	3475	6938
5	3574	3466	3465	6939
5	3692	3583	3691	6940
5	3575	3467	3466	6941
5	3604	3543	3486	6942
5	3530	3392	3381	6943
5	3589	3480	3588	6944
5	3471	3374	3315	6945
5	3690	3582	3581	6946
5	3576	3468	3467	6947
5	3582	3472	3581	6948
5	3577	3469	3468	6949
5	3583	3474	3473	6950
5	3626	3489	3491	6951
5	3581	3472	3469	6952
5	3584	3475	3474	6953
5	3585	3368	3478	6954
5	3488	3367	3477	6955
5	3479	3288	3369	6956
5	3503	3426	3292	6957
5	3600	3389	3488	6958
5	3478	3368	3366	6959
5	3492	3369	3426	6960
5	3570	3460	3463	6961
5	3513	3412	3424	6962
5	3541	3416	3540	6963
5	3525	3378	3377	6964
5	3654	3540	3525	6965
5	3541	3482	3417	6966
5	3540	3378	3525	6967
5	3624	3445	3483	6968
5	3483	3445	3325	6969
5	3484	3396	3374	6970
5	3580	3484	3374	6971
5	3753	3594	3703	6972
5	3768	3655	3654	6973
5	3766	3687	3652	6974
5	3527	3486	3447	6975
5	3542	3398	3277	6976
5	3554	3441	3318	6977
5	3519	3175	3295	6978
5	3555	3326	3445	6979
5	3489	3420	3385	6980
5	3788	3686	3653	6981
5	3491	3489	3385	6982
5	3490	3407	3408	6983
5	3626	3592	3489	6984
5	3934	3836	3897	6985
5	3608	3477	3585	6986
5	3586	3476	3537	6987
5	3509	3434	3309	6988
5	3509	3376	3493	6989
5	3508	3443	3399	6990
5	3527	3443	3508	6991
5	3589	3495	3481	6992
5	3588	3427	3544	6993
5	3496	3388	3283	6994
5	3496	3283	3375	6995
5	3553	3485	3440	6996
5	3497	3390	3372	6997
5	3747	3610	3669	6998
5	3660	3532	3650	6999
5	3548	3432	3431	7000
5	3549	3432	3548	7001
5	3514	3299	3500	7002
5	3514	3433	3299	7003
5	3610	3485	3553	7004
5	3747	3703	3610	7005
5	3578	3439	3504	7006
5	3612	3507	3559	7007
5	4010	3835	3944	7008
5	3585	3477	3368	7009
5	3578	3470	3439	7010
5	3510	3502	3401	7011
5	3531	3333	3441	7012
5	3534	3308	3398	7013
5	3549	3505	3418	7014
5	3548	3431	3506	7015
5	3563	3456	3454	7016
5	3579	3412	3513	7017
5	3648	3526	3646	7018
5	3898	3808	3868	7019
5	3633	3509	3493	7020
5	3643	3524	3434	7021
5	3539	3471	3438	7022
5	3564	3455	3451	7023
5	3608	3488	3477	7024
5	3805	3635	3733	7025
5	3616	3522	3405	7026
5	3515	3405	3279	7027
5	3716	3606	3699	7028
5	3653	3578	3504	7029
5	3644	3506	3524	7030
5	3590	3483	3433	7031
5	3563	3454	3507	7032
5	3522	3282	3405	7033
5	3574	3465	3573	7034
5	3572	3463	3446	7035
5	3517	3490	3408	7036
5	3517	3408	3475	7037
5	3544	3427	3442	7038
5	3588	3480	3427	7039
5	3640	3437	3519	7040
5	3552	3267	3437	7041
5	3520	3518	3444	7042
5	3520	3444	3396	7043
5	3530	3494	3392	7044
5	3808	3715	3762	7045
5	3557	3335	3422	7046
5	3642	3422	3561	7047
5	3523	3519	3295	7048
5	3523	3295	3389	7049
5	3644	3524	3643	7050
5	3590	3433	3514	7051
5	3799	3696	3717	7052
5	3654	3525	3645	7053
5	4029	3898	4020	7054
5	3817	3752	3718	7055
5	3657	3518	3607	7056
5	3767	3645	3761	7057
5	3528	3525	3377	7058
5	3528	3377	3410	7059
5	3545	3428	3387	7060
5	3529	3387	3420	7061
5	3659	3529	3592	7062
5	3606	3535	3494	7063
5	3649	3404	3531	7064
5	3536	3430	3302	7065
5	3655	3541	3540	7066
5	3628	3498	3533	7067
5	3533	3498	3397	7068
5	3533	3397	3380	7069
5	3554	3415	3487	7070
5	3670	3554	3487	7071
5	3535	3508	3399	7072
5	3535	3399	3413	7073
5	3649	3536	3404	7074
5	3547	3186	3274	7075
5	3621	3479	3492	7076
5	3587	3565	3457	7077
5	3538	3528	3410	7078
5	3538	3410	3386	7079
5	3696	3588	3544	7080
5	3638	3513	3597	7081
5	3719	3605	3705	7082
5	3645	3525	3528	7083
5	3869	3754	3864	7084
5	3655	3605	3541	7085
5	3651	3487	3393	7086
5	3656	3398	3542	7087
5	3543	3504	3421	7088
5	3543	3421	3411	7089
5	4118	4026	4045	7090
5	3854	3743	3847	7091
5	3646	3521	3603	7092
5	3715	3625	3647	7093
5	3665	3550	3546	7094
5	3629	3501	3498	7095
5	3723	3651	3656	7096
5	3549	3418	3432	7097
5	3671	3445	3624	7098
5	3724	3639	3662	7099
5	3749	3624	3483	7100
5	3842	3771	3664	7101
5	3667	3550	3665	7102
5	3694	3537	3618	7103
5	3665	3546	3660	7104
5	3650	3532	3501	7105
5	3613	3493	3414	7106
5	3593	3402	3388	7107
5	3655	3540	3654	7108
5	3769	3660	3650	7109
5	3649	3531	3591	7110
5	3591	3441	3554	7111
5	3634	3434	3509	7112
5	3708	3555	3671	7113
5	3780	3727	3622	7114
5	3905	3731	3826	7115
5	3672	3449	3557	7116
5	3557	3449	3335	7117
5	3672	3558	3449	7118
5	3558	3512	3448	7119
5	3673	3597	3560	7120
5	3559	3507	3450	7121
5	3560	3513	3424	7122
5	3560	3424	3453	7123
5	3561	3422	3344	7124
5	3561	3344	3456	7125
5	3562	3560	3453	7126
5	3562	3453	3455	7127
5	3598	3456	3563	7128
5	3675	3562	3564	7129
5	3702	3653	3688	7130
5	3564	3562	3455	7131
5	3568	3461	3567	7132
5	3565	3516	3384	7133
5	3566	3537	3406	7134
5	3566	3406	3458	7135
5	3568	3458	3461	7136
5	3568	3566	3458	7137
5	3581	3469	3577	7138
5	4076	3991	3925	7139
5	3571	3462	3569	7140
5	3577	3468	3576	7141
5	3679	3571	3622	7142
5	3570	3567	3460	7143
5	3576	3467	3575	7144
5	3575	3466	3574	7145
5	3677	3620	3567	7146
5	3572	3570	3463	7147
5	3620	3568	3567	7148
5	3676	3568	3620	7149
5	3826	3731	3692	7150
5	3676	3618	3566	7151
5	3681	3573	3679	7152
5	3689	3577	3685	7153
5	3679	3573	3571	7154
5	3681	3574	3573	7155
5	3691	3582	3690	7156
5	3683	3575	3574	7157
5	3612	3599	3507	7158
5	3578	3510	3470	7159
5	3579	3539	3438	7160
5	3579	3438	3412	7161
5	4110	4019	4075	7162
5	3730	3609	3614	7163
5	3812	3718	3732	7164
5	3684	3576	3575	7165
5	3690	3581	3689	7166
5	3685	3577	3576	7167
5	3846	3732	3731	7168
5	3691	3583	3582	7169
5	4063	3981	3987	7170
5	3732	3623	3731	7171
5	3587	3457	3479	7172
5	3750	3668	3523	7173
5	3711	3621	3492	7174
5	3586	3478	3476	7175
5	3700	3587	3621	7176
5	3695	3619	3565	7177
5	4034	3924	4003	7178
5	3658	3614	3495	7179
5	3625	3604	3486	7180
5	3732	3602	3623	7181
5	3726	3595	3663	7182
5	3671	3555	3445	7183
5	3735	3542	3419	7184
5	3735	3419	3505	7185
5	3592	3529	3489	7186
5	3936	3812	3935	7187
5	3850	3633	3737	7188
5	3901	3805	3733	7189
5	3594	3533	3485	7190
5	3765	3629	3754	7191
5	3663	3548	3661	7192
5	3661	3506	3644	7193
5	3596	3497	3482	7194
5	3820	3719	3705	7195
5	3790	3687	3766	7196
5	3638	3579	3513	7197
5	3740	3675	3564	7198
5	3675	3673	3562	7199
5	4064	3999	4030	7200
5	3740	3564	3674	7201
5	3750	3523	3600	7202
5	3613	3414	3552	7203
5	3601	3492	3426	7204
5	3601	3426	3503	7205
5	3689	3581	3577	7206
5	3692	3584	3583	7207
5	3836	3742	3802	7208
5	3710	3646	3603	7209
5	3763	3646	3710	7210
5	3817	3718	3812	7211
5	3605	3596	3482	7212
5	3605	3482	3541	7213
5	3625	3486	3527	7214
5	3632	3535	3606	7215
5	3687	3539	3652	7216
5	3762	3647	3632	7217
5	3745	3585	3693	7218
5	3621	3587	3479	7219
5	3790	3721	3617	7220
5	3657	3544	3518	7221
5	3875	3769	3874	7222
5	3747	3669	3713	7223
5	3611	3607	3520	7224
5	3611	3520	3484	7225
5	3788	3653	3702	7226
5	3673	3560	3562	7227
5	3615	3375	3555	7228
5	3749	3483	3590	7229
5	3614	3609	3538	7230
5	3614	3538	3495	7231
5	3816	3671	3751	7232
5	3615	3496	3375	7233
5	3672	3512	3558	7234
5	3741	3674	3522	7235
5	3617	3611	3484	7236
5	3617	3484	3580	7237
5	3622	3571	3569	7238
5	3619	3516	3565	7239
5	3660	3546	3532	7240
5	3676	3566	3568	7241
5	3682	3551	3667	7242
5	3680	3572	3556	7243
5	3693	3585	3478	7244
5	3693	3478	3586	7245
5	3683	3574	3681	7246
5	3677	3567	3570	7247
5	3623	3602	3517	7248
5	3623	3517	3584	7249
5	3815	3600	3704	7250
5	3816	3708	3671	7251
5	3647	3508	3632	7252
5	3647	3527	3508	7253
5	3752	3627	3718	7254
5	3931	3802	3834	7255
5	3627	3626	3491	7256
5	3627	3491	3490	7257
5	3785	3682	3667	7258
5	4065	3833	3912	7259
5	3713	3669	3596	7260
5	3753	3628	3594	7261
5	3630	3612	3559	7262
5	3630	3559	3502	7263
5	3904	3837	3711	7264
5	3631	3511	3402	7265
5	3647	3625	3527	7266
5	3632	3508	3535	7267
5	3634	3509	3633	7268
5	3663	3549	3548	7269
5	3848	3822	3774	7270
5	3643	3434	3634	7271
5	3635	3503	3409	7272
5	3635	3409	3511	7273
5	3636	3616	3515	7274
5	3636	3515	3512	7275
5	3637	3630	3502	7276
5	3637	3502	3510	7277
5	3652	3579	3638	7278
5	3687	3580	3539	7279
5	3639	3590	3514	7280
5	3639	3514	3500	7281
5	3757	3640	3668	7282
5	3640	3552	3437	7283
5	3641	3606	3494	7284
5	3641	3494	3530	7285
5	3642	3636	3557	7286
5	3642	3557	3422	7287
5	3758	3643	3634	7288
5	3770	3724	3725	7289
5	3821	3749	3759	7290
5	3835	3593	3814	7291
5	3838	3719	3820	7292
5	3768	3654	3767	7293
5	3648	3641	3530	7294
5	3646	3526	3521	7295
5	3819	3746	3798	7296
5	3734	3720	3607	7297
5	3722	3699	3641	7298
5	3761	3609	3730	7299
5	3841	3664	3499	7300
5	3774	3649	3591	7301
5	3773	3665	3772	7302
5	3772	3660	3769	7303
5	3670	3487	3651	7304
5	3670	3591	3554	7305
5	3686	3510	3578	7306
5	3738	3630	3637	7307
5	3686	3578	3653	7308
5	3686	3637	3510	7309
5	3761	3645	3609	7310
5	4065	3903	3833	7311
5	3829	3730	3746	7312
5	3820	3705	3800	7313
5	3656	3651	3534	7314
5	3656	3534	3398	7315
5	3658	3495	3589	7316
5	3734	3611	3721	7317
5	3697	3588	3696	7318
5	3697	3589	3588	7319
5	3659	3603	3545	7320
5	3659	3545	3529	7321
5	3863	3753	3703	7322
5	3754	3629	3628	7323
5	3759	3639	3724	7324
5	3968	3883	3917	7325
5	3662	3639	3500	7326
5	3662	3500	3391	7327
5	3723	3670	3651	7328
5	3663	3595	3549	7329
5	3664	3662	3391	7330
5	3664	3391	3499	7331
5	4150	4066	4134	7332
5	3682	3556	3551	7333
5	3666	3622	3569	7334
5	3666	3569	3516	7335
5	3765	3650	3629	7336
5	3772	3665	3660	7337
5	3668	3640	3519	7338
5	3668	3519	3523	7339
5	3669	3610	3553	7340
5	3669	3553	3497	7341
5	3906	3841	3764	7342
5	3774	3591	3670	7343
5	3835	3733	3631	7344
5	3737	3493	3613	7345
5	3672	3557	3636	7346
5	3672	3636	3512	7347
5	3776	3597	3673	7348
5	3775	3599	3612	7349
5	3674	3564	3451	7350
5	3674	3451	3522	7351
5	3813	3675	3740	7352
5	3852	3741	3701	7353
5	3729	3618	3676	7354
5	3778	3666	3619	7355
5	3783	3680	3682	7356
5	3779	3712	3677	7357
5	3678	3677	3570	7358
5	3678	3570	3572	7359
5	3685	3576	3684	7360
5	3684	3575	3683	7361
5	3779	3677	3678	7362
5	3680	3678	3572	7363
5	3712	3620	3677	7364
5	3773	3667	3665	7365
5	3785	3667	3773	7366
5	3682	3680	3556	7367
5	3782	3679	3727	7368
5	3794	3691	3793	7369
5	3826	3692	3794	7370
5	3769	3650	3765	7371
5	3926	3831	3907	7372
5	3784	3683	3681	7373
5	3706	3673	3675	7374
5	3714	3637	3686	7375
5	3748	3630	3738	7376
5	3687	3617	3580	7377
5	3688	3653	3504	7378
5	3688	3504	3543	7379
5	3792	3689	3791	7380
5	3786	3684	3683	7381
5	3793	3691	3690	7382
5	3787	3685	3684	7383
5	3846	3812	3732	7384
5	3793	3690	3792	7385
5	3791	3689	3685	7386
5	3792	3690	3689	7387
5	3695	3565	3587	7388
5	3992	3827	3929	7389
5	3827	3693	3795	7390
5	3694	3586	3537	7391
5	3700	3695	3587	7392
5	3777	3620	3712	7393
5	3697	3658	3589	7394
5	3932	3828	3839	7395
5	3873	3800	3768	7396
5	3890	3728	3854	7397
5	3735	3505	3698	7398
5	3698	3505	3595	7399
5	4254	4211	4214	7400
5	3722	3641	3648	7401
5	3825	3782	3727	7402
5	3796	3618	3729	7403
5	3701	3616	3636	7404
5	3701	3636	3642	7405
5	3909	3800	3873	7406
5	3829	3746	3819	7407
5	3833	3703	3747	7408
5	3767	3654	3645	7409
5	3745	3608	3585	7410
5	3994	3801	3933	7411
5	3768	3705	3655	7412
5	3872	3761	3867	7413
5	3748	3612	3630	7414
5	3789	3638	3744	7415
5	3707	3659	3592	7416
5	3840	3763	3807	7417
5	3814	3496	3615	7418
5	4077	3988	3910	7419
5	3709	3701	3642	7420
5	3709	3642	3561	7421
5	3943	3849	3913	7422
5	3807	3763	3710	7423
5	3801	3601	3755	7424
5	3910	3815	3704	7425
5	3797	3619	3695	7426
5	3727	3679	3622	7427
5	3873	3768	3767	7428
5	3912	3833	3857	7429
5	3738	3637	3714	7430
5	3775	3612	3748	7431
5	3743	3625	3715	7432
5	3728	3688	3604	7433
5	3762	3715	3647	7434
5	3716	3632	3606	7435
5	3717	3696	3657	7436
5	3721	3611	3617	7437
5	3718	3627	3602	7438
5	3993	3948	3945	7439
5	3719	3713	3596	7440
5	3719	3596	3605	7441
5	3720	3717	3657	7442
5	3720	3657	3607	7443
5	3734	3607	3611	7444
5	3847	3743	3715	7445
5	3834	3802	3707	7446
5	4162	4138	4087	7447
5	3764	3536	3649	7448
5	3774	3670	3723	7449
5	3771	3662	3664	7450
5	3725	3663	3661	7451
5	3841	3547	3764	7452
5	3726	3663	3725	7453
5	3771	3724	3662	7454
5	3841	3499	3547	7455
5	3786	3683	3784	7456
5	3784	3681	3782	7457
5	3790	3617	3687	7458
5	3728	3702	3688	7459
5	3843	3695	3700	7460
5	3881	3777	3712	7461
5	3854	3728	3743	7462
5	3867	3730	3829	7463
5	3732	3718	3602	7464
5	3731	3623	3692	7465
5	4134	4066	4107	7466
5	3834	3707	3736	7467
5	3733	3635	3511	7468
5	3733	3511	3631	7469
5	3743	3604	3625	7470
5	3923	3871	3890	7471
5	3971	3886	3876	7472
5	3848	3656	3735	7473
5	3849	3752	3817	7474
5	3936	3913	3817	7475
5	3756	3634	3633	7476
5	3850	3756	3633	7477
5	3744	3638	3597	7478
5	3859	3775	3748	7479
5	3739	3598	3563	7480
5	3739	3563	3599	7481
5	3824	3823	3740	7482
5	3852	3740	3674	7483
5	3852	3701	3709	7484
5	3824	3598	3739	7485
5	3742	3710	3603	7486
5	3742	3603	3659	7487
5	3982	3934	3981	7488
5	3889	3766	3870	7489
5	3856	3789	3744	7490
5	3832	3798	3799	7491
5	3827	3745	3693	7492
5	3796	3694	3618	7493
5	3746	3730	3614	7494
5	3746	3614	3658	7495
5	3950	3838	3924	7496
5	3966	3881	3926	7497
5	3945	3847	3808	7498
5	3858	3748	3738	7499
5	3770	3661	3644	7500
5	3760	3643	3758	7501
5	3757	3552	3640	7502
5	3988	3815	3910	7503
5	3751	3671	3624	7504
5	3821	3818	3862	7505
5	3752	3736	3626	7506
5	3752	3626	3627	7507
5	4245	4197	4147	7508
5	3857	3747	3713	7509
5	4073	4038	3954	7510
5	3857	3713	3838	7511
5	3755	3601	3503	7512
5	3755	3503	3635	7513
5	3760	3644	3643	7514
5	3758	3634	3756	7515
5	3865	3613	3757	7516
5	3757	3613	3552	7517
5	3962	3875	3874	7518
5	3818	3760	3758	7519
5	3759	3749	3590	7520
5	3759	3590	3639	7521
5	3770	3644	3760	7522
5	3770	3725	3661	7523
5	3960	3867	3956	7524
5	3945	3808	3898	7525
5	3868	3716	3809	7526
5	3974	3804	3889	7527
5	3763	3722	3648	7528
5	3763	3648	3646	7529
5	4047	3968	4018	7530
5	3810	3595	3726	7531
5	3864	3753	3863	7532
5	3864	3754	3753	7533
5	3922	3775	3859	7534
5	3989	3803	3902	7535
5	3872	3767	3761	7536
5	3938	3800	3909	7537
5	3960	3872	3867	7538
5	3990	3920	3958	7539
5	3883	3782	3825	7540
5	3874	3765	3869	7541
5	3821	3760	3818	7542
5	3770	3759	3724	7543
5	3771	3726	3725	7544
5	3771	3725	3724	7545
5	4016	3962	4001	7546
5	3869	3765	3754	7547
5	3886	3773	3876	7548
5	3782	3681	3679	7549
5	3848	3774	3723	7550
5	3822	3649	3774	7551
5	3776	3673	3706	7552
5	3813	3706	3675	7553
5	3871	3788	3702	7554
5	3776	3744	3597	7555
5	3777	3729	3676	7556
5	3777	3676	3620	7557
5	3925	3896	3797	7558
5	3780	3666	3778	7559
5	3831	3712	3779	7560
5	3780	3622	3666	7561
5	3970	3885	3968	7562
5	3844	3729	3777	7563
5	3781	3779	3678	7564
5	3781	3678	3680	7565
5	3791	3685	3787	7566
5	3787	3684	3786	7567
5	3905	3846	3731	7568
5	3783	3781	3680	7569
5	3879	3779	3781	7570
5	3876	3773	3772	7571
5	3886	3785	3773	7572
5	3785	3783	3682	7573
5	4045	3894	3978	7574
5	3875	3772	3769	7575
5	3879	3831	3779	7576
5	3876	3772	3875	7577
5	3952	3859	3858	7578
5	3788	3714	3686	7579
5	3789	3766	3652	7580
5	3789	3652	3638	7581
5	3828	3717	3720	7582
5	3853	3734	3721	7583
5	3887	3786	3885	7584
5	3885	3786	3784	7585
5	3928	3905	3826	7586
5	3887	3787	3786	7587
5	3891	3791	3787	7588
5	3892	3791	3891	7589
5	3928	3826	3794	7590
5	4189	4079	4135	7591
5	3795	3693	3586	7592
5	3795	3586	3694	7593
5	3797	3778	3619	7594
5	3979	3895	3844	7595
5	4124	4039	4051	7596
5	3895	3729	3844	7597
5	3798	3746	3658	7598
5	3798	3658	3697	7599
5	3799	3798	3697	7600
5	3799	3697	3696	7601
5	3873	3767	3872	7602
5	3867	3761	3730	7603
5	4070	3908	4012	7604
5	3815	3750	3600	7605
5	3802	3742	3707	7606
5	4086	3981	4063	7607
5	3877	3744	3776	7608
5	3803	3776	3706	7609
5	4050	3972	3997	7610
5	3868	3762	3716	7611
5	3806	3704	3608	7612
5	4071	3904	3994	7613
5	3843	3797	3695	7614
5	3910	3704	3806	7615
5	4028	3931	3943	7616
5	3921	3830	3900	7617
5	3847	3715	3808	7618
5	3855	3738	3714	7619
5	3868	3808	3762	7620
5	3809	3716	3699	7621
5	3822	3764	3649	7622
5	3810	3698	3595	7623
5	3811	3795	3694	7624
5	3811	3694	3796	7625
5	4135	4079	4118	7626
5	3935	3812	3846	7627
5	3851	3599	3775	7628
5	3922	3851	3775	7629
5	3814	3615	3708	7630
5	3894	3793	3893	7631
5	3901	3733	3835	7632
5	3835	3631	3593	7633
5	3861	3757	3668	7634
5	3865	3757	3861	7635
5	4000	3913	3999	7636
5	3931	3897	3802	7637
5	4033	4008	3952	7638
5	3866	3862	3818	7639
5	3942	3845	3918	7640
5	3853	3721	3804	7641
5	4072	3984	4005	7642
5	4259	4217	4198	7643
5	3862	3624	3749	7644
5	3821	3862	3749	7645
5	3860	3668	3750	7646
5	3814	3593	3496	7647
5	3823	3813	3740	7648
5	3824	3739	3823	7649
5	3852	3674	3741	7650
5	3824	3740	3852	7651
5	3883	3784	3782	7652
5	3885	3784	3883	7653
5	3893	3792	3892	7654
5	3892	3792	3791	7655
5	3994	3904	3801	7656
5	4077	3995	4067	7657
5	3832	3819	3798	7658
5	3845	3717	3828	7659
5	3956	3829	3940	7660
5	3937	3819	3832	7661
5	3830	3809	3699	7662
5	3830	3699	3722	7663
5	3908	3843	3700	7664
5	3996	3929	3811	7665
5	4052	3997	3923	7666
5	4029	3993	3945	7667
5	3838	3713	3719	7668
5	3950	3857	3838	7669
5	3999	3913	3936	7670
5	4000	3943	3913	7671
5	3944	3814	3899	7672
5	3861	3668	3860	7673
5	3836	3807	3710	7674
5	3836	3710	3742	7675
5	3837	3700	3621	7676
5	3837	3621	3711	7677
5	3857	3833	3747	7678
5	4038	3990	3958	7679
5	3839	3828	3720	7680
5	3839	3720	3734	7681
5	3840	3830	3722	7682
5	3840	3722	3763	7683
5	3842	3726	3771	7684
5	3842	3664	3841	7685
5	4001	3962	3920	7686
5	3842	3810	3726	7687
5	3895	3796	3729	7688
5	3878	3727	3780	7689
5	3878	3825	3727	7690
5	3881	3712	3831	7691
5	3845	3832	3799	7692
5	3845	3799	3717	7693
5	3893	3793	3792	7694
5	3894	3794	3793	7695
5	3918	3845	3828	7696
5	3858	3738	3855	7697
5	3848	3723	3656	7698
5	3848	3735	3698	7699
5	3849	3834	3736	7700
5	3849	3736	3752	7701
5	3953	3866	3946	7702
5	3866	3751	3862	7703
5	3851	3823	3739	7704
5	3851	3739	3599	7705
5	3824	3852	3709	7706
5	3824	3709	3598	7707
5	3932	3918	3828	7708
5	3853	3839	3734	7709
5	3921	3809	3830	7710
5	4139	4088	4110	7711
5	3870	3766	3789	7712
5	3859	3748	3858	7713
5	3870	3789	3856	7714
5	3889	3790	3766	7715
5	4004	3954	3863	7716
5	3958	3920	3869	7717
5	3951	3858	3855	7718
5	3963	3877	3914	7719
5	3877	3776	3803	7720
5	3902	3803	3706	7721
5	3899	3708	3816	7722
5	3865	3737	3613	7723
5	3944	3835	3814	7724
5	3946	3866	3756	7725
5	4035	4033	3951	7726
5	3862	3751	3624	7727
5	4286	4209	4136	7728
5	4100	4006	4034	7729
5	4073	3954	4004	7730
5	4126	4047	4084	7731
5	4002	3850	3955	7732
5	3955	3865	3861	7733
5	3866	3818	3758	7734
5	3866	3758	3756	7735
5	3961	3909	3873	7736
5	4169	4099	4098	7737
5	3923	3890	3916	7738
5	3916	3890	3854	7739
5	4001	3920	3990	7740
5	4023	3966	3926	7741
5	3888	3714	3788	7742
5	3927	3855	3888	7743
5	3888	3788	3871	7744
5	3888	3855	3714	7745
5	3940	3829	3819	7746
5	3961	3873	3872	7747
5	4190	4142	4161	7748
5	4006	3912	3950	7749
5	3821	3759	3770	7750
5	3821	3770	3760	7751
5	4007	3964	3967	7752
5	3971	3876	3915	7753
5	3906	3848	3698	7754
5	3906	3698	3810	7755
5	4241	4189	4135	7756
5	3877	3856	3744	7757
5	3896	3778	3797	7758
5	3884	3783	3785	7759
5	3964	3879	3882	7760
5	3907	3831	3879	7761
5	3880	3878	3780	7762
5	3880	3780	3778	7763
5	3926	3881	3831	7764
5	3881	3844	3777	7765
5	3882	3879	3781	7766
5	3882	3781	3783	7767
5	3928	3794	3894	7768
5	3891	3787	3887	7769
5	3965	3917	3825	7770
5	3884	3882	3783	7771
5	3917	3883	3825	7772
5	3966	3844	3881	7773
5	3962	3874	3920	7774
5	3886	3884	3785	7775
5	3958	3864	3954	7776
5	3978	3893	3977	7777
5	4008	3963	3914	7778
5	3914	3877	3803	7779
5	3948	3854	3847	7780
5	3889	3804	3790	7781
5	3890	3871	3702	7782
5	3890	3702	3728	7783
5	4057	3978	3977	7784
5	4432	4401	4332	7785
5	3970	3887	3885	7786
5	3975	3887	3970	7787
5	3975	3891	3887	7788
5	3976	3891	3975	7789
5	3976	3892	3891	7790
5	3977	3893	3892	7791
5	3896	3880	3778	7792
5	3996	3811	3941	7793
5	3925	3797	3843	7794
5	4044	3907	4009	7795
5	3897	3836	3802	7796
5	4141	4062	4094	7797
5	3983	3900	3911	7798
5	3900	3830	3840	7799
5	4011	3861	3860	7800
5	3899	3814	3708	7801
5	3957	3898	3868	7802
5	3957	3809	3921	7803
5	4102	4011	4010	7804
5	3988	3919	3815	7805
5	4099	4003	4098	7806
5	4400	4393	4341	7807
5	3903	3863	3703	7808
5	3903	3703	3833	7809
5	3908	3700	3837	7810
5	4139	4110	4137	7811
5	4060	4030	3935	7812
5	3978	3894	3893	7813
5	4013	3816	3953	7814
5	3946	3756	3850	7815
5	3969	3884	3886	7816
5	4004	3863	3903	7817
5	4092	3939	3992	7818
5	4070	4069	4014	7819
5	3961	3872	3960	7820
5	3956	3867	3829	7821
5	4077	3910	3995	7822
5	3919	3750	3815	7823
5	3911	3900	3840	7824
5	3911	3840	3807	7825
5	3924	3838	3820	7826
5	4040	3956	4036	7827
5	3913	3849	3817	7828
5	4028	3987	3931	7829
5	3972	3888	3871	7830
5	3972	3871	3923	7831
5	3915	3876	3875	7832
5	4170	4096	4167	7833
5	3940	3819	3937	7834
5	4296	4245	4147	7835
5	4104	4045	3978	7836
5	3968	3885	3883	7837
5	3957	3868	3809	7838
5	4029	3945	3898	7839
5	4010	3901	3835	7840
5	3919	3860	3750	7841
5	3962	3915	3875	7842
5	3920	3874	3869	7843
5	3982	3911	3934	7844
5	4019	3900	3983	7845
5	3989	3914	3803	7846
5	3922	3823	3851	7847
5	3973	3856	3963	7848
5	4025	3948	3993	7849
5	3950	3912	3857	7850
5	4240	4159	4201	7851
5	3979	3844	3966	7852
5	4094	4017	3998	7853
5	3930	3878	3880	7854
5	4044	3926	3907	7855
5	4051	3959	4042	7856
5	4049	3963	4008	7857
5	4289	4144	4242	7858
5	4045	4026	3928	7859
5	3929	3827	3795	7860
5	3929	3795	3811	7861
5	4009	3964	4007	7862
5	3965	3878	3930	7863
5	4095	3999	4064	7864
5	4150	4063	4066	7865
5	3974	3889	3959	7866
5	4025	3916	3948	7867
5	3933	3801	3755	7868
5	3933	3755	3805	7869
5	3934	3911	3807	7870
5	3934	3807	3836	7871
5	3902	3813	3823	7872
5	3902	3823	3922	7873
5	4258	4173	4192	7874
5	4028	3943	4000	7875
5	3998	3918	3932	7876
5	4031	3937	3942	7877
5	3938	3924	3820	7878
5	3938	3820	3800	7879
5	3939	3806	3745	7880
5	3939	3745	3827	7881
5	4017	3918	3998	7882
5	4017	3942	3918	7883
5	3941	3811	3796	7884
5	3941	3796	3895	7885
5	3942	3937	3832	7886
5	3942	3832	3845	7887
5	3943	3931	3834	7888
5	3943	3834	3849	7889
5	3906	3810	3842	7890
5	3906	3842	3841	7891
5	4122	4035	4050	7892
5	3948	3847	3945	7893
5	3955	3737	3865	7894
5	4097	4013	4002	7895
5	3947	3932	3839	7896
5	3947	3839	3853	7897
5	3959	3889	3870	7898
5	3948	3916	3854	7899
5	3949	3947	3853	7900
5	3949	3853	3804	7901
5	4003	3924	3938	7902
5	4333	4291	4251	7903
5	3963	3856	3877	7904
5	3952	3858	3951	7905
5	4039	3949	3974	7906
5	3989	3952	3914	7907
5	3953	3816	3751	7908
5	3953	3751	3866	7909
5	3958	3869	3864	7910
5	3954	3864	3863	7911
5	4033	3952	3951	7912
5	3955	3850	3737	7913
5	4036	3940	4032	7914
5	4032	3940	3937	7915
5	4037	3921	4019	7916
5	3997	3972	3923	7917
5	4056	3976	4055	7918
5	4054	3971	3915	7919
5	3974	3949	3804	7920
5	4153	4073	4004	7921
5	4098	3984	4072	7922
5	4040	3960	3956	7923
5	4041	3961	3960	7924
5	4041	3960	4040	7925
5	3906	3764	3822	7926
5	3906	3822	3848	7927
5	3973	3959	3870	7928
5	4050	4035	3927	7929
5	3965	3825	3878	7930
5	3964	3907	3879	7931
5	4082	3979	4058	7932
5	4009	3907	3964	7933
5	3980	3880	3896	7934
5	4092	3994	3995	7935
5	3967	3964	3882	7936
5	3967	3882	3884	7937
5	4045	3928	3894	7938
5	3977	3892	3976	7939
5	4046	3967	3969	7940
5	3969	3967	3884	7941
5	4172	4105	4155	7942
5	4016	3915	3962	7943
5	4127	4048	4054	7944
5	3971	3969	3886	7945
5	3973	3870	3856	7946
5	3972	3927	3888	7947
5	4085	3993	4078	7948
5	4008	3914	3952	7949
5	4050	3927	3972	7950
5	4041	4005	3961	7951
5	4048	3969	3971	7952
5	4288	4252	4189	7953
5	4038	3958	3954	7954
5	4129	4054	4016	7955
5	4053	3975	3970	7956
5	4055	3975	4053	7957
5	4055	3976	3975	7958
5	4189	4160	4079	7959
5	3980	3930	3880	7960
5	3991	3896	3925	7961
5	3991	3980	3896	7962
5	4058	3966	4023	7963
5	3981	3934	3897	7964
5	4307	4204	4246	7965
5	4094	4062	4017	7966
5	4087	4075	3983	7967
5	4216	4150	4194	7968
5	4107	4000	4095	7969
5	3984	3938	3909	7970
5	4036	3956	3940	7971
5	3985	3935	3846	7972
5	3985	3846	3905	7973
5	3986	3933	3805	7974
5	4101	3988	4015	7975
5	3987	3981	3897	7976
5	3987	3897	3931	7977
5	4101	4011	3988	7978
5	4015	3805	3901	7979
5	4229	4174	4166	7980
5	4089	4027	4083	7981
5	4096	4001	3990	7982
5	4090	3990	4038	7983
5	4105	4091	4009	7984
5	4076	4014	4069	7985
5	4075	4019	3983	7986
5	3992	3939	3827	7987
5	4039	4024	3949	7988
5	4114	4025	4085	7989
5	4175	4112	4111	7990
5	4067	3933	3986	7991
5	3995	3910	3806	7992
5	3995	3806	3939	7993
5	4092	4071	3994	7994
5	4058	3979	3966	7995
5	4032	3937	4031	7996
5	4031	3942	4017	7997
5	4264	4230	4243	7998
5	4426	4330	4397	7999
5	4118	4045	4104	8000
5	4060	3935	3985	8001
5	4173	4134	4107	8002
5	4503	4402	4401	8003
5	4096	3990	4090	8004
5	4220	4155	4202	8005
5	4102	4013	4097	8006
5	4011	3919	3988	8007
5	4168	4098	4072	8008
5	4244	4218	4231	8009
5	4100	4034	4099	8010
5	4253	4167	4224	8011
5	4005	3984	3909	8012
5	4005	3909	3961	8013
5	4098	4003	3984	8014
5	4099	4034	4003	8015
5	3989	3902	3922	8016
5	4087	3982	4086	8017
5	4042	3959	3973	8018
5	4287	4251	4197	8019
5	4018	3968	3917	8020
5	4057	3977	4056	8021
5	4101	4010	4011	8022
5	4011	3860	3919	8023
5	4097	3861	4011	8024
5	4013	3899	3816	8025
5	4012	3908	3837	8026
5	4012	3837	3904	8027
5	4013	3944	3899	8028
5	4035	3951	3927	8029
5	4014	3925	3843	8030
5	4014	3843	3908	8031
5	4077	4015	3988	8032
5	4015	3986	3805	8033
5	4253	4227	4167	8034
5	4104	3978	4057	8035
5	4019	3921	3900	8036
5	4108	4029	4020	8037
5	4047	3970	3968	8038
5	4054	3915	4016	8039
5	4020	3898	3957	8040
5	4078	3993	4029	8041
5	3989	3922	3859	8042
5	3989	3859	3952	8043
5	4021	3998	3932	8044
5	4021	3932	3947	8045
5	4022	3941	3895	8046
5	4022	3895	3979	8047
5	4140	4119	4120	8048
5	4059	3930	3980	8049
5	4024	4021	3947	8050
5	4024	3947	3949	8051
5	4149	4114	4085	8052
5	4052	3916	4025	8053
5	4026	3985	3905	8054
5	4026	3905	3928	8055
5	4027	4018	3917	8056
5	4027	3917	3965	8057
5	4199	4137	4138	8058
5	4152	4063	4150	8059
5	4391	4294	4291	8060
5	4151	4081	4116	8061
5	4030	3999	3936	8062
5	4030	3936	3935	8063
5	4062	4031	4017	8064
5	4173	4107	4095	8065
5	4125	4113	3997	8066
5	4116	4081	4041	8067
5	4002	3946	3850	8068
5	4102	4097	4011	8069
5	4034	4006	3950	8070
5	4034	3950	3924	8071
5	4002	4013	3953	8072
5	4002	3953	3946	8073
5	4115	4036	4112	8074
5	4112	4032	4111	8075
5	4037	4020	3957	8076
5	4037	3957	3921	8077
5	4153	4004	4065	8078
5	4287	4197	4245	8079
5	4124	4051	4123	8080
5	4109	4021	4093	8081
5	4166	4108	4088	8082
5	4154	4081	4151	8083
5	4116	4041	4040	8084
5	4116	4040	4115	8085
5	4051	3974	3959	8086
5	4051	4039	3974	8087
5	4043	4027	3965	8088
5	4043	3965	3930	8089
5	4132	4023	4117	8090
5	4044	4023	3926	8091
5	4158	4030	4060	8092
5	4056	3977	3976	8093
5	4148	4126	4084	8094
5	4046	4007	3967	8095
5	4118	4079	4026	8096
5	4053	3970	4047	8097
5	4103	4001	4096	8098
5	4048	4046	3969	8099
5	4049	4042	3973	8100
5	4049	3973	3963	8101
5	4080	4008	4033	8102
5	4121	4049	4080	8103
5	4080	4033	4035	8104
5	4052	3923	3916	8105
5	4085	4025	3993	8106
5	4123	4051	4042	8107
5	4156	4057	4131	8108
5	4103	4016	4001	8109
5	4126	4053	4047	8110
5	4054	4048	3971	8111
5	4091	4044	4009	8112
5	4129	4016	4103	8113
5	4201	4068	4146	8114
5	4163	4090	4038	8115
5	4212	4202	4140	8116
5	4209	4131	4136	8117
5	4059	4043	3930	8118
5	4132	4058	4023	8119
5	4074	3980	3991	8120
5	4117	4023	4044	8121
5	4185	4104	4156	8122
5	4298	4241	4256	8123
5	4071	4012	3904	8124
5	4061	3992	3929	8125
5	4545	4493	4475	8126
5	4111	4032	4031	8127
5	4290	4260	4278	8128
5	4107	4028	4000	8129
5	4367	4300	4271	8130
5	4198	4153	4159	8131
5	4240	4198	4159	8132
5	4065	4004	3903	8133
5	4066	4063	3987	8134
5	4066	3987	4028	8135
5	4067	3995	3994	8136
5	4067	3994	3933	8137
5	4068	4065	3912	8138
5	4068	3912	4006	8139
5	4069	3996	3941	8140
5	4074	4059	3980	8141
5	4092	3995	3939	8142
5	4070	4012	4061	8143
5	4070	4014	3908	8144
5	4061	3929	3996	8145
5	4111	4031	4062	8146
5	4115	4040	4036	8147
5	4163	4038	4073	8148
5	4239	4187	4238	8149
5	4074	3991	4082	8150
5	4362	4313	4312	8151
5	4071	3992	4061	8152
5	4071	4061	4012	8153
5	4082	4022	3979	8154
5	4076	4082	3991	8155
5	4077	4067	3986	8156
5	4077	3986	4015	8157
5	4069	3941	4022	8158
5	4076	3925	4014	8159
5	4160	3985	4079	8160
5	4079	3985	4026	8161
5	4080	4049	4008	8162
5	4397	4330	4331	8163
5	4081	4072	4005	8164
5	4081	4005	4041	8165
5	4076	4069	4022	8166
5	4076	4022	4082	8167
5	4083	4027	4043	8168
5	4133	4059	4132	8169
5	4131	4056	4130	8170
5	4084	4047	4018	8171
5	4093	4021	4024	8172
5	4165	4094	4109	8173
5	4087	3983	3982	8174
5	4086	3982	3981	8175
5	4335	4290	4324	8176
5	4143	4062	4141	8177
5	4108	4020	4088	8178
5	4088	4020	4037	8179
5	4089	4084	4018	8180
5	4089	4018	4027	8181
5	4184	4140	4120	8182
5	4168	4072	4154	8183
5	4105	4009	4007	8184
5	4117	4044	4091	8185
5	4177	4115	4112	8186
5	4092	3992	4071	8187
5	4070	4061	3996	8188
5	4070	3996	4069	8189
5	4247	4199	4210	8190
5	4162	4087	4086	8191
5	4107	4066	4028	8192
5	4095	4000	3999	8193
5	4205	4188	4170	8194
5	4184	4120	4127	8195
5	4097	4002	3955	8196
5	4097	3955	3861	8197
5	4177	4112	4175	8198
5	4154	4072	4081	8199
5	4200	4147	4099	8200
5	4296	4147	4200	8201
5	4113	4050	3997	8202
5	4122	4050	4113	8203
5	4101	4015	3901	8204
5	4101	3901	4010	8205
5	4102	4010	3944	8206
5	4102	3944	4013	8207
5	4156	4104	4057	8208
5	4128	4055	4053	8209
5	4130	4055	4128	8210
5	4130	4056	4055	8211
5	4172	4091	4105	8212
5	4145	4084	4089	8213
5	4106	4093	4024	8214
5	4106	4024	4039	8215
5	4258	4203	4173	8216
5	4303	4281	4265	8217
5	4215	4181	4149	8218
5	4108	4078	4029	8219
5	4109	4094	3998	8220
5	4109	3998	4021	8221
5	4110	4088	4037	8222
5	4110	4037	4019	8223
5	4112	4036	4032	8224
5	4200	4099	4169	8225
5	4230	4142	4190	8226
5	4180	4106	4124	8227
5	4121	4042	4049	8228
5	4182	4124	4123	8229
5	4125	4052	4114	8230
5	4114	4052	4025	8231
5	4248	4200	4169	8232
5	4143	4111	4062	8233
5	4248	4169	4226	8234
5	4533	4508	4525	8235
5	4179	4091	4172	8236
5	4133	4132	4117	8237
5	4131	4057	4056	8238
5	4158	4064	4030	8239
5	4119	4105	4007	8240
5	4119	4007	4046	8241
5	4120	4119	4046	8242
5	4120	4046	4048	8243
5	4123	4042	4121	8244
5	4142	4109	4093	8245
5	4122	4121	4080	8246
5	4122	4080	4035	8247
5	4176	4122	4113	8248
5	4124	4106	4039	8249
5	4125	3997	4052	8250
5	4181	4114	4149	8251
5	4180	4161	4106	8252
5	4176	4121	4122	8253
5	4256	4241	4135	8254
5	4128	4053	4126	8255
5	4227	4170	4167	8256
5	4127	4120	4048	8257
5	4332	4258	4289	8258
5	4333	4251	4287	8259
5	4155	4105	4119	8260
5	4129	4127	4054	8261
5	4224	4167	4090	8262
5	4221	4188	4205	8263
5	4074	4082	4058	8264
5	4132	4074	4058	8265
5	4133	4043	4059	8266
5	4132	4059	4074	8267
5	4179	4172	4171	8268
5	4133	4083	4043	8269
5	4288	4189	4241	8270
5	4379	4346	4288	8271
5	4209	4193	4156	8272
5	4155	4119	4140	8273
5	4136	4131	4130	8274
5	4187	4128	4157	8275
5	4137	4110	4075	8276
5	4450	4403	4393	8277
5	4138	4137	4075	8278
5	4138	4075	4087	8279
5	4178	4116	4115	8280
5	4235	4183	4181	8281
5	4212	4140	4184	8282
5	4157	4128	4126	8283
5	4175	4111	4143	8284
5	4232	4175	4191	8285
5	4165	4109	4142	8286
5	4165	4141	4094	8287
5	4207	4164	4206	8288
5	4233	4231	4178	8289
5	4144	4095	4064	8290
5	4399	4332	4289	8291
5	4148	4084	4145	8292
5	4251	4146	4197	8293
5	4146	4068	4006	8294
5	4146	4006	4100	8295
5	4147	4100	4099	8296
5	4169	4098	4168	8297
5	4157	4126	4148	8298
5	4187	4130	4128	8299
5	4266	4207	4206	8300
5	4161	4093	4106	8301
5	4152	4086	4063	8302
5	4162	4086	4152	8303
5	4178	4115	4177	8304
5	4348	4296	4248	8305
5	4278	4222	4216	8306
5	4338	4324	4261	8307
5	4201	4159	4068	8308
5	4170	4103	4096	8309
5	4291	4240	4201	8310
5	4225	4154	4218	8311
5	4228	4145	4171	8312
5	4171	4089	4083	8313
5	4185	4118	4104	8314
5	4185	4135	4118	8315
5	4188	4103	4170	8316
5	4237	4212	4184	8317
5	4208	4148	4196	8318
5	4252	4160	4189	8319
5	4159	4153	4065	8320
5	4159	4065	4068	8321
5	4252	4060	4160	8322
5	4160	4060	3985	8323
5	4174	4078	4108	8324
5	4161	4142	4093	8325
5	4402	4343	4401	8326
5	4222	4152	4216	8327
5	4217	4073	4153	8328
5	4294	4240	4291	8329
5	4164	4149	4085	8330
5	4164	4085	4078	8331
5	4214	4137	4199	8332
5	4166	4088	4139	8333
5	4174	4108	4166	8334
5	4174	4164	4078	8335
5	4167	4096	4090	8336
5	4346	4252	4288	8337
5	4339	4302	4325	8338
5	4233	4177	4232	8339
5	4283	4232	4250	8340
5	4226	4169	4168	8341
5	4238	4187	4157	8342
5	4208	4157	4148	8343
5	4391	4291	4376	8344
5	4171	4145	4089	8345
5	4179	4171	4083	8346
5	4188	4129	4103	8347
5	4418	4392	4354	8348
5	4444	4384	4344	8349
5	4235	4181	4215	8350
5	4207	4149	4164	8351
5	4378	4295	4345	8352
5	4178	4151	4116	8353
5	4182	4180	4124	8354
5	4181	4125	4114	8355
5	4279	4218	4244	8356
5	4340	4297	4316	8357
5	4206	4164	4174	8358
5	4281	4229	4265	8359
5	4188	4186	4129	8360
5	4179	4117	4091	8361
5	4182	4123	4176	8362
5	4176	4123	4121	8363
5	4183	4125	4181	8364
5	4183	4113	4125	8365
5	4183	4176	4113	8366
5	4215	4149	4207	8367
5	4234	4180	4182	8368
5	4236	4234	4182	8369
5	4202	4155	4140	8370
5	4196	4148	4145	8371
5	4307	4242	4204	8372
5	4256	4185	4193	8373
5	4186	4184	4127	8374
5	4186	4127	4129	8375
5	4237	4186	4221	8376
5	4187	4136	4130	8377
5	4179	4083	4133	8378
5	4179	4133	4117	8379
5	4372	4256	4300	8380
5	4242	4144	4204	8381
5	4222	4162	4152	8382
5	4350	4314	4323	8383
5	4191	4175	4143	8384
5	4213	4143	4141	8385
5	4192	4173	4095	8386
5	4192	4095	4144	8387
5	4193	4185	4156	8388
5	4379	4377	4346	8389
5	4194	4150	4134	8390
5	4399	4336	4383	8391
5	4195	4190	4161	8392
5	4195	4161	4180	8393
5	4407	4349	4305	8394
5	4209	4156	4131	8395
5	4197	4146	4100	8396
5	4197	4100	4147	8397
5	4217	4163	4073	8398
5	4217	4153	4198	8399
5	4282	4244	4231	8400
5	4437	4394	4405	8401
5	4225	4168	4154	8402
5	4226	4168	4225	8403
5	4375	4287	4330	8404
5	4291	4201	4251	8405
5	4228	4196	4145	8406
5	4219	4171	4172	8407
5	4262	4134	4203	8408
5	4203	4134	4173	8409
5	4204	4144	4064	8410
5	4204	4064	4158	8411
5	4380	4319	4349	8412
5	4263	4217	4259	8413
5	4283	4282	4233	8414
5	4265	4229	4211	8415
5	4255	4213	4223	8416
5	4371	4326	4309	8417
5	4270	4205	4249	8418
5	4299	4284	4268	8419
5	4321	4270	4319	8420
5	4410	4298	4372	8421
5	4210	4199	4138	8422
5	4210	4138	4162	8423
5	4229	4166	4211	8424
5	4211	4166	4139	8425
5	4284	4237	4268	8426
5	4269	4238	4208	8427
5	4243	4230	4190	8428
5	4213	4191	4143	8429
5	4214	4211	4139	8430
5	4214	4139	4137	8431
5	4278	4216	4261	8432
5	4276	4195	4234	8433
5	4222	4210	4162	8434
5	4216	4152	4150	8435
5	4227	4205	4170	8436
5	4224	4090	4163	8437
5	4218	4154	4151	8438
5	4232	4177	4175	8439
5	4277	4196	4228	8440
5	4228	4171	4219	8441
5	4220	4219	4172	8442
5	4220	4172	4155	8443
5	4237	4184	4186	8444
5	4221	4186	4188	8445
5	4309	4250	4293	8446
5	4274	4191	4213	8447
5	4223	4213	4141	8448
5	4223	4141	4165	8449
5	4457	4434	4386	8450
5	4395	4390	4368	8451
5	4548	4457	4530	8452
5	4301	4244	4282	8453
5	4279	4225	4218	8454
5	4280	4225	4279	8455
5	4268	4237	4221	8456
5	4249	4205	4227	8457
5	4420	4331	4381	8458
5	4555	4515	4513	8459
5	4275	4215	4207	8460
5	4229	4206	4174	8461
5	4230	4223	4165	8462
5	4230	4165	4142	8463
5	4231	4218	4151	8464
5	4231	4151	4178	8465
5	4233	4178	4177	8466
5	4325	4244	4301	8467
5	4322	4274	4255	8468
5	4282	4231	4233	8469
5	4267	4190	4195	8470
5	4234	4195	4180	8471
5	4236	4182	4176	8472
5	4236	4176	4183	8473
5	4236	4183	4235	8474
5	4236	4235	4234	8475
5	4238	4157	4208	8476
5	4304	4269	4272	8477
5	4312	4263	4259	8478
5	4328	4286	4239	8479
5	4286	4136	4239	8480
5	4239	4136	4187	8481
5	4251	4201	4146	8482
5	4436	4413	4389	8483
5	4256	4135	4185	8484
5	4496	4459	4442	8485
5	4382	4354	4361	8486
5	4441	4377	4428	8487
5	4257	4199	4247	8488
5	4326	4282	4283	8489
5	4359	4325	4301	8490
5	4250	4232	4191	8491
5	4296	4200	4248	8492
5	4280	4226	4225	8493
5	4383	4336	4337	8494
5	4246	4204	4158	8495
5	4324	4278	4261	8496
5	4343	4203	4258	8497
5	4375	4333	4287	8498
5	4338	4261	4311	8499
5	4308	4284	4299	8500
5	4300	4256	4193	8501
5	4369	4322	4315	8502
5	4306	4260	4290	8503
5	4348	4248	4295	8504
5	4330	4287	4245	8505
5	4310	4060	4252	8506
5	4310	4158	4060	8507
5	4320	4269	4304	8508
5	4407	4305	4363	8509
5	4275	4207	4266	8510
5	4265	4211	4254	8511
5	4274	4213	4255	8512
5	4274	4250	4191	8513
5	4271	4193	4209	8514
5	4300	4193	4271	8515
5	4257	4254	4214	8516
5	4257	4214	4199	8517
5	4324	4290	4278	8518
5	4422	4374	4402	8519
5	4263	4163	4217	8520
5	4263	4224	4163	8521
5	4260	4247	4210	8522
5	4260	4210	4222	8523
5	4278	4260	4222	8524
5	4261	4216	4194	8525
5	4364	4314	4350	8526
5	4262	4194	4134	8527
5	4423	4362	4384	8528
5	4313	4263	4312	8529
5	4264	4255	4223	8530
5	4264	4223	4230	8531
5	4322	4293	4274	8532
5	4345	4280	4302	8533
5	4316	4266	4281	8534
5	4327	4275	4297	8535
5	4297	4275	4266	8536
5	4267	4243	4190	8537
5	4285	4238	4269	8538
5	4273	4202	4212	8539
5	4376	4291	4333	8540
5	4321	4268	4270	8541
5	4270	4268	4221	8542
5	4270	4221	4205	8543
5	4411	4300	4367	8544
5	4328	4239	4285	8545
5	4272	4269	4208	8546
5	4272	4208	4196	8547
5	4277	4228	4219	8548
5	4277	4220	4202	8549
5	4403	4351	4355	8550
5	4293	4250	4274	8551
5	4276	4234	4235	8552
5	4283	4233	4232	8553
5	4276	4235	4215	8554
5	4276	4215	4275	8555
5	4277	4272	4196	8556
5	4277	4219	4220	8557
5	4386	4339	4359	8558
5	4292	4257	4247	8559
5	4434	4387	4339	8560
5	4387	4345	4302	8561
5	4277	4202	4273	8562
5	4388	4360	4308	8563
5	4281	4266	4206	8564
5	4281	4206	4229	8565
5	4315	4255	4264	8566
5	4424	4412	4421	8567
5	4327	4276	4275	8568
5	4276	4267	4195	8569
5	4284	4273	4212	8570
5	4284	4212	4237	8571
5	4286	4271	4209	8572
5	4285	4239	4238	8573
5	4372	4298	4256	8574
5	4438	4334	4380	8575
5	4444	4344	4391	8576
5	4423	4406	4362	8577
5	4346	4310	4252	8578
5	4392	4337	4307	8579
5	4289	4258	4192	8580
5	4289	4192	4144	8581
5	4341	4290	4335	8582
5	4347	4203	4343	8583
5	4345	4295	4280	8584
5	4381	4331	4296	8585
5	4425	4374	4422	8586
5	4605	4581	4601	8587
5	4370	4293	4322	8588
5	4326	4283	4309	8589
5	4294	4259	4198	8590
5	4294	4198	4240	8591
5	4295	4248	4226	8592
5	4295	4226	4280	8593
5	4391	4344	4294	8594
5	4473	4426	4397	8595
5	4316	4281	4303	8596
5	4323	4257	4292	8597
5	4435	4410	4372	8598
5	4501	4443	4456	8599
5	4308	4273	4284	8600
5	4353	4320	4304	8601
5	4319	4270	4249	8602
5	4329	4271	4286	8603
5	4309	4283	4250	8604
5	4427	4386	4394	8605
5	4302	4280	4279	8606
5	4554	4513	4511	8607
5	4529	4522	4524	8608
5	4327	4267	4276	8609
5	4320	4285	4269	8610
5	4379	4288	4342	8611
5	4305	4249	4227	8612
5	4305	4227	4253	8613
5	4306	4292	4247	8614
5	4306	4247	4260	8615
5	4440	4342	4410	8616
5	4432	4332	4399	8617
5	4360	4304	4272	8618
5	4360	4273	4308	8619
5	4326	4301	4282	8620
5	4359	4301	4356	8621
5	4361	4310	4346	8622
5	4310	4246	4158	8623
5	4311	4261	4194	8624
5	4311	4194	4262	8625
5	4313	4253	4224	8626
5	4313	4224	4263	8627
5	4349	4319	4249	8628
5	4363	4313	4362	8629
5	4314	4303	4265	8630
5	4314	4265	4254	8631
5	4624	4582	4570	8632
5	4322	4255	4315	8633
5	4352	4315	4317	8634
5	4316	4297	4266	8635
5	4317	4315	4264	8636
5	4317	4264	4243	8637
5	4318	4317	4243	8638
5	4318	4243	4267	8639
5	4404	4320	4353	8640
5	4334	4321	4319	8641
5	4390	4353	4357	8642
5	4404	4353	4390	8643
5	4357	4308	4299	8644
5	4321	4299	4268	8645
5	4364	4303	4314	8646
5	4370	4358	4293	8647
5	4323	4314	4254	8648
5	4323	4254	4257	8649
5	4429	4335	4398	8650
5	4393	4355	4341	8651
5	4325	4302	4279	8652
5	4325	4279	4244	8653
5	4341	4306	4290	8654
5	4355	4306	4341	8655
5	4327	4297	4318	8656
5	4327	4318	4267	8657
5	4390	4357	4368	8658
5	4329	4286	4328	8659
5	4349	4249	4305	8660
5	4380	4334	4319	8661
5	4430	4348	4378	8662
5	4535	4501	4456	8663
5	4331	4330	4245	8664
5	4331	4245	4296	8665
5	4343	4258	4332	8666
5	4402	4347	4343	8667
5	4443	4391	4376	8668
5	4381	4296	4348	8669
5	4366	4285	4320	8670
5	4368	4321	4334	8671
5	4425	4338	4374	8672
5	4464	4392	4418	8673
5	4399	4289	4336	8674
5	4336	4289	4242	8675
5	4337	4336	4242	8676
5	4337	4242	4307	8677
5	4347	4262	4203	8678
5	4598	4560	4559	8679
5	4371	4309	4358	8680
5	4400	4341	4335	8681
5	4365	4316	4303	8682
5	4340	4318	4297	8683
5	4476	4433	4400	8684
5	4522	4461	4486	8685
5	4342	4288	4241	8686
5	4342	4241	4298	8687
5	4347	4311	4262	8688
5	4572	4536	4500	8689
5	4344	4312	4259	8690
5	4344	4259	4294	8691
5	4626	4537	4576	8692
5	4378	4348	4295	8693
5	4354	4307	4246	8694
5	4646	4566	4621	8695
5	4433	4393	4400	8696
5	4471	4401	4432	8697
5	4434	4339	4386	8698
5	4511	4460	4497	8699
5	4406	4363	4362	8700
5	4448	4390	4395	8701
5	4358	4309	4293	8702
5	4356	4301	4326	8703
5	4351	4350	4323	8704
5	4351	4323	4292	8705
5	4539	4495	4472	8706
5	4369	4315	4352	8707
5	4404	4396	4366	8708
5	4366	4328	4285	8709
5	4382	4361	4377	8710
5	4418	4354	4382	8711
5	4355	4351	4292	8712
5	4355	4292	4306	8713
5	4359	4339	4325	8714
5	4387	4302	4339	8715
5	4388	4304	4360	8716
5	4388	4308	4357	8717
5	4371	4356	4326	8718
5	4465	4430	4460	8719
5	4340	4352	4317	8720
5	4340	4317	4318	8721
5	4360	4272	4277	8722
5	4360	4277	4273	8723
5	4361	4354	4246	8724
5	4361	4246	4310	8725
5	4363	4305	4253	8726
5	4363	4253	4313	8727
5	4438	4395	4334	8728
5	4407	4363	4406	8729
5	4365	4340	4316	8730
5	4365	4303	4364	8731
5	4389	4369	4352	8732
5	4409	4340	4365	8733
5	4367	4271	4329	8734
5	4373	4328	4366	8735
5	4464	4442	4392	8736
5	4439	4411	4367	8737
5	4368	4357	4299	8738
5	4368	4299	4321	8739
5	4408	4365	4364	8740
5	4370	4322	4369	8741
5	4424	4408	4412	8742
5	4414	4351	4403	8743
5	4569	4563	4523	8744
5	4445	4421	4414	8745
5	4462	4411	4439	8746
5	4446	4373	4396	8747
5	4462	4435	4372	8748
5	4373	4329	4328	8749
5	4374	4338	4311	8750
5	4374	4311	4347	8751
5	4426	4375	4330	8752
5	4444	4391	4443	8753
5	4535	4431	4463	8754
5	4513	4467	4465	8755
5	4567	4493	4545	8756
5	4377	4361	4346	8757
5	4613	4577	4547	8758
5	4556	4498	4550	8759
5	4428	4377	4379	8760
5	4479	4428	4440	8761
5	4469	4439	4416	8762
5	4525	4489	4488	8763
5	4467	4420	4465	8764
5	4463	4431	4375	8765
5	4410	4342	4298	8766
5	4440	4428	4379	8767
5	4392	4307	4354	8768
5	4657	4603	4655	8769
5	4384	4362	4312	8770
5	4384	4312	4344	8771
5	4415	4358	4385	8772
5	4385	4358	4370	8773
5	4483	4450	4433	8774
5	4405	4394	4356	8775
5	4420	4397	4331	8776
5	4473	4397	4467	8777
5	4388	4357	4353	8778
5	4388	4353	4304	8779
5	4413	4369	4389	8780
5	4413	4370	4369	8781
5	4396	4373	4366	8782
5	4395	4368	4334	8783
5	4451	4407	4406	8784
5	4508	4484	4438	8785
5	4442	4337	4392	8786
5	4441	4382	4377	8787
5	4403	4355	4393	8788
5	4445	4414	4403	8789
5	4394	4386	4359	8790
5	4394	4359	4356	8791
5	4526	4484	4508	8792
5	4404	4366	4320	8793
5	4515	4467	4513	8794
5	4574	4547	4501	8795
5	4465	4420	4430	8796
5	4588	4494	4548	8797
5	4398	4335	4324	8798
5	4398	4324	4338	8799
5	4401	4343	4332	8800
5	4402	4374	4347	8801
5	4603	4539	4571	8802
5	4425	4398	4338	8803
5	4666	4610	4598	8804
5	4506	4475	4441	8805
5	4540	4509	4458	8806
5	4429	4400	4335	8807
5	4450	4393	4433	8808
5	4405	4356	4371	8809
5	4485	4448	4484	8810
5	4449	4396	4404	8811
5	4627	4568	4529	8812
5	4490	4470	4453	8813
5	4463	4375	4426	8814
5	4557	4480	4519	8815
5	4481	4444	4443	8816
5	4452	4407	4451	8817
5	4409	4352	4340	8818
5	4409	4365	4408	8819
5	4409	4408	4389	8820
5	4409	4389	4352	8821
5	4416	4367	4329	8822
5	4411	4372	4300	8823
5	4462	4372	4411	8824
5	4416	4329	4373	8825
5	4412	4408	4364	8826
5	4412	4364	4350	8827
5	4421	4412	4414	8828
5	4413	4385	4370	8829
5	4414	4412	4350	8830
5	4414	4350	4351	8831
5	4415	4405	4371	8832
5	4415	4371	4358	8833
5	4498	4439	4469	8834
5	4440	4379	4342	8835
5	4417	4378	4345	8836
5	4417	4345	4387	8837
5	4442	4383	4337	8838
5	4566	4538	4543	8839
5	4447	4415	4419	8840
5	4419	4415	4385	8841
5	4537	4502	4473	8842
5	4515	4473	4467	8843
5	4585	4529	4565	8844
5	4424	4389	4408	8845
5	4504	4472	4422	8846
5	4503	4401	4471	8847
5	4542	4525	4488	8848
5	4501	4481	4443	8849
5	4453	4419	4385	8850
5	4436	4389	4424	8851
5	4476	4400	4429	8852
5	4450	4445	4403	8853
5	4467	4397	4420	8854
5	4502	4426	4473	8855
5	4583	4530	4582	8856
5	4492	4474	4437	8857
5	4531	4496	4464	8858
5	4597	4559	4558	8859
5	4539	4472	4504	8860
5	4571	4539	4504	8861
5	4430	4420	4381	8862
5	4430	4381	4348	8863
5	4431	4376	4333	8864
5	4431	4333	4375	8865
5	4528	4504	4503	8866
5	4699	4697	4658	8867
5	4604	4539	4603	8868
5	4505	4491	4487	8869
5	4570	4544	4492	8870
5	4457	4386	4427	8871
5	4478	4440	4410	8872
5	4478	4410	4435	8873
5	4477	4424	4421	8874
5	4453	4413	4436	8875
5	4474	4394	4437	8876
5	4474	4427	4394	8877
5	4446	4416	4373	8878
5	4439	4367	4416	8879
5	4448	4404	4390	8880
5	4571	4504	4528	8881
5	4479	4440	4478	8882
5	4506	4441	4480	8883
5	4517	4478	4435	8884
5	4480	4428	4479	8885
5	4475	4382	4441	8886
5	4496	4442	4464	8887
5	4466	4406	4423	8888
5	4537	4473	4515	8889
5	4466	4451	4406	8890
5	4482	4444	4481	8891
5	4492	4437	4461	8892
5	4453	4385	4413	8893
5	4542	4488	4512	8894
5	4589	4514	4549	8895
5	4447	4437	4405	8896
5	4447	4405	4415	8897
5	4508	4438	4489	8898
5	4449	4404	4448	8899
5	4556	4516	4498	8900
5	4469	4416	4446	8901
5	4540	4458	4495	8902
5	4477	4436	4424	8903
5	4452	4380	4349	8904
5	4452	4349	4407	8905
5	4484	4448	4395	8906
5	4489	4438	4380	8907
5	4470	4419	4453	8908
5	4491	4421	4445	8909
5	4454	4432	4399	8910
5	4454	4399	4383	8911
5	4455	4417	4387	8912
5	4455	4387	4434	8913
5	4456	4443	4376	8914
5	4456	4376	4431	8915
5	4582	4530	4544	8916
5	4583	4548	4530	8917
5	4458	4429	4398	8918
5	4458	4398	4425	8919
5	4459	4454	4383	8920
5	4459	4383	4442	8921
5	4460	4430	4378	8922
5	4460	4378	4417	8923
5	4461	4437	4447	8924
5	4487	4445	4450	8925
5	4510	4468	4507	8926
5	4484	4395	4438	8927
5	4649	4622	4579	8928
5	4535	4456	4431	8929
5	4519	4480	4479	8930
5	4475	4418	4382	8931
5	4584	4532	4502	8932
5	4541	4497	4455	8933
5	4600	4542	4512	8934
5	4580	4578	4564	8935
5	4511	4465	4460	8936
5	4513	4465	4511	8937
5	4468	4446	4396	8938
5	4468	4396	4449	8939
5	4525	4508	4489	8940
5	4488	4452	4451	8941
5	4486	4419	4470	8942
5	4486	4447	4419	8943
5	4528	4503	4471	8944
5	4504	4422	4503	8945
5	4472	4458	4425	8946
5	4472	4425	4422	8947
5	4553	4511	4497	8948
5	4502	4463	4426	8949
5	4544	4474	4492	8950
5	4509	4476	4429	8951
5	4480	4441	4428	8952
5	4545	4475	4506	8953
5	4546	4492	4461	8954
5	4487	4450	4483	8955
5	4490	4436	4477	8956
5	4490	4453	4436	8957
5	4507	4468	4485	8958
5	4498	4462	4439	8959
5	4510	4469	4446	8960
5	4519	4479	4518	8961
5	4516	4435	4462	8962
5	4518	4479	4478	8963
5	4482	4423	4384	8964
5	4482	4384	4444	8965
5	4674	4659	4616	8966
5	4521	4482	4520	8967
5	4569	4523	4536	8968
5	4551	4500	4476	8969
5	4485	4449	4448	8970
5	4485	4468	4449	8971
5	4517	4435	4516	8972
5	4677	4673	4636	8973
5	4546	4461	4522	8974
5	4486	4461	4447	8975
5	4527	4490	4477	8976
5	4523	4487	4483	8977
5	4489	4452	4488	8978
5	4489	4380	4452	8979
5	4611	4561	4577	8980
5	4526	4485	4484	8981
5	4527	4477	4491	8982
5	4491	4445	4487	8983
5	4527	4470	4490	8984
5	4491	4477	4421	8985
5	4652	4609	4588	8986
5	4582	4544	4570	8987
5	4493	4464	4418	8988
5	4493	4418	4475	8989
5	4494	4455	4434	8990
5	4494	4434	4457	8991
5	4509	4429	4458	8992
5	4495	4458	4472	8993
5	4531	4464	4493	8994
5	4558	4517	4516	8995
5	4497	4460	4417	8996
5	4497	4417	4455	8997
5	4518	4478	4517	8998
5	4516	4462	4498	8999
5	4499	4471	4432	9000
5	4499	4432	4454	9001
5	4500	4483	4433	9002
5	4500	4433	4476	9003
5	4520	4482	4481	9004
5	4547	4520	4481	9005
5	4535	4463	4532	9006
5	4532	4463	4502	9007
5	4607	4495	4604	9008
5	4503	4422	4402	9009
5	4549	4459	4496	9010
5	4655	4605	4639	9011
5	4565	4505	4563	9012
5	4527	4491	4505	9013
5	4606	4531	4567	9014
5	4590	4557	4519	9015
5	4510	4446	4468	9016
5	4550	4498	4469	9017
5	4534	4508	4533	9018
5	4561	4521	4520	9019
5	4536	4483	4500	9020
5	4607	4586	4540	9021
5	4558	4516	4556	9022
5	4564	4526	4534	9023
5	4609	4608	4587	9024
5	4541	4455	4494	9025
5	4512	4488	4451	9026
5	4512	4451	4466	9027
5	4592	4555	4554	9028
5	4619	4588	4548	9029
5	4514	4499	4454	9030
5	4514	4454	4459	9031
5	4555	4513	4554	9032
5	4576	4515	4555	9033
5	4674	4616	4644	9034
5	4560	4519	4518	9035
5	4578	4552	4564	9036
5	4559	4517	4558	9037
5	4632	4595	4620	9038
5	4620	4595	4557	9039
5	4634	4597	4596	9040
5	4559	4518	4517	9041
5	4521	4466	4423	9042
5	4521	4423	4482	9043
5	4909	4870	4819	9044
5	4562	4521	4561	9045
5	4563	4505	4523	9046
5	4694	4660	4614	9047
5	4570	4492	4546	9048
5	4523	4505	4487	9049
5	4524	4522	4486	9050
5	4524	4486	4470	9051
5	4598	4559	4597	9052
5	4648	4577	4613	9053
5	4534	4526	4508	9054
5	4526	4507	4485	9055
5	4568	4546	4522	9056
5	4527	4524	4470	9057
5	4617	4536	4572	9058
5	4754	4739	4744	9059
5	4565	4529	4524	9060
5	4536	4523	4483	9061
5	4777	4719	4774	9062
5	4530	4457	4427	9063
5	4567	4531	4493	9064
5	4589	4543	4514	9065
5	4648	4611	4577	9066
5	4626	4584	4537	9067
5	4613	4547	4574	9068
5	4576	4537	4515	9069
5	4560	4518	4559	9070
5	4550	4469	4510	9071
5	4579	4533	4525	9072
5	4547	4481	4501	9073
5	4658	4607	4604	9074
5	4664	4624	4641	9075
5	4584	4502	4537	9076
5	4711	4675	4685	9077
5	4538	4528	4471	9078
5	4538	4471	4499	9079
5	4647	4614	4586	9080
5	4586	4509	4540	9081
5	4586	4551	4509	9082
5	4551	4476	4509	9083
5	4554	4511	4553	9084
5	4609	4587	4541	9085
5	4611	4599	4561	9086
5	4649	4579	4637	9087
5	4543	4538	4499	9088
5	4543	4499	4514	9089
5	4544	4530	4427	9090
5	4544	4427	4474	9091
5	4712	4646	4693	9092
5	4606	4575	4531	9093
5	4607	4540	4495	9094
5	4615	4563	4569	9095
5	4574	4501	4535	9096
5	4880	4848	4845	9097
5	4588	4541	4494	9098
5	4548	4494	4457	9099
5	4621	4566	4543	9100
5	4549	4514	4459	9101
5	4596	4556	4594	9102
5	4590	4519	4560	9103
5	4572	4500	4551	9104
5	4678	4650	4615	9105
5	4552	4550	4510	9106
5	4552	4510	4507	9107
5	4777	4753	4719	9108
5	4592	4554	4591	9109
5	4619	4548	4583	9110
5	4591	4554	4553	9111
5	4651	4576	4618	9112
5	4745	4726	4741	9113
5	4593	4552	4578	9114
5	4632	4545	4595	9115
5	4620	4557	4590	9116
5	4557	4506	4480	9117
5	4579	4525	4542	9118
5	4595	4506	4557	9119
5	4593	4550	4552	9120
5	4594	4556	4550	9121
5	4666	4598	4635	9122
5	4596	4558	4556	9123
5	4562	4512	4466	9124
5	4562	4466	4521	9125
5	4902	4828	4866	9126
5	4677	4636	4640	9127
5	4568	4522	4529	9128
5	4585	4565	4563	9129
5	4564	4552	4507	9130
5	4564	4507	4526	9131
5	4565	4524	4527	9132
5	4565	4527	4505	9133
5	4621	4543	4589	9134
5	4716	4686	4667	9135
5	4681	4645	4610	9136
5	4712	4676	4646	9137
5	4609	4541	4588	9138
5	4625	4582	4624	9139
5	4779	4720	4746	9140
5	4641	4624	4602	9141
5	4624	4570	4602	9142
5	4617	4569	4536	9143
5	4581	4538	4566	9144
5	4604	4495	4539	9145
5	4650	4627	4585	9146
5	4655	4603	4605	9147
5	4574	4535	4573	9148
5	4573	4535	4532	9149
5	4599	4562	4561	9150
5	4763	4734	4689	9151
5	4575	4549	4496	9152
5	4575	4496	4531	9153
5	4638	4612	4584	9154
5	4665	4591	4608	9155
5	4577	4561	4520	9156
5	4577	4520	4547	9157
5	4580	4564	4534	9158
5	4622	4533	4579	9159
5	4630	4578	4623	9160
5	4580	4534	4533	9161
5	4690	4611	4648	9162
5	4622	4580	4533	9163
5	4581	4571	4528	9164
5	4581	4528	4538	9165
5	4732	4663	4703	9166
5	4678	4615	4643	9167
5	4703	4625	4664	9168
5	4701	4641	4661	9169
5	4638	4584	4626	9170
5	4747	4679	4713	9171
5	4615	4585	4563	9172
5	4627	4529	4585	9173
5	4667	4567	4632	9174
5	4693	4646	4621	9175
5	4587	4553	4497	9176
5	4587	4497	4541	9177
5	4713	4679	4654	9178
5	4653	4608	4609	9179
5	4715	4693	4642	9180
5	4776	4742	4709	9181
5	4736	4645	4681	9182
5	4707	4666	4635	9183
5	4704	4653	4696	9184
5	4766	4695	4727	9185
5	4848	4810	4845	9186
5	4713	4654	4675	9187
5	4597	4558	4596	9188
5	4594	4550	4593	9189
5	4662	4580	4622	9190
5	4623	4578	4580	9191
5	4667	4606	4567	9192
5	4595	4545	4506	9193
5	4630	4593	4578	9194
5	4631	4593	4630	9195
5	4709	4672	4671	9196
5	4635	4598	4597	9197
5	4631	4594	4593	9198
5	4633	4596	4594	9199
5	4600	4562	4599	9200
5	4600	4512	4562	9201
5	4633	4594	4631	9202
5	4637	4579	4542	9203
5	4601	4581	4566	9204
5	4676	4601	4646	9205
5	4602	4570	4546	9206
5	4602	4546	4568	9207
5	4698	4655	4682	9208
5	4768	4678	4725	9209
5	4657	4604	4603	9210
5	4650	4585	4615	9211
5	4605	4603	4571	9212
5	4605	4571	4581	9213
5	4628	4549	4575	9214
5	4716	4667	4680	9215
5	4647	4586	4607	9216
5	4646	4601	4566	9217
5	4608	4591	4553	9218
5	4608	4553	4587	9219
5	4717	4650	4678	9220
5	4625	4583	4582	9221
5	4610	4590	4560	9222
5	4610	4560	4598	9223
5	4735	4690	4695	9224
5	4636	4600	4599	9225
5	4612	4573	4532	9226
5	4612	4532	4584	9227
5	4640	4636	4599	9228
5	4719	4644	4683	9229
5	4614	4572	4551	9230
5	4614	4551	4586	9231
5	4660	4617	4572	9232
5	4661	4568	4627	9233
5	4616	4613	4574	9234
5	4616	4574	4573	9235
5	4725	4678	4643	9236
5	4643	4569	4617	9237
5	4618	4576	4555	9238
5	4618	4555	4592	9239
5	4652	4588	4619	9240
5	4683	4644	4612	9241
5	4671	4634	4633	9242
5	4749	4681	4729	9243
5	4676	4639	4601	9244
5	4628	4589	4549	9245
5	4932	4873	4888	9246
5	4742	4672	4709	9247
5	4640	4599	4611	9248
5	4687	4662	4622	9249
5	4775	4724	4740	9250
5	4797	4758	4732	9251
5	4720	4703	4664	9252
5	4643	4615	4569	9253
5	4689	4626	4651	9254
5	4763	4689	4651	9255
5	4663	4583	4625	9256
5	4661	4641	4602	9257
5	4714	4656	4686	9258
5	4680	4632	4620	9259
5	4629	4592	4591	9260
5	4665	4629	4591	9261
5	4803	4728	4761	9262
5	4634	4596	4633	9263
5	4669	4633	4631	9264
5	4635	4597	4634	9265
5	4681	4610	4666	9266
5	4632	4567	4545	9267
5	4672	4634	4671	9268
5	4687	4622	4649	9269
5	4668	4631	4630	9270
5	4730	4670	4692	9271
5	4709	4671	4708	9272
5	4672	4635	4634	9273
5	4637	4600	4636	9274
5	4637	4542	4600	9275
5	4662	4623	4580	9276
5	4680	4667	4632	9277
5	4651	4626	4576	9278
5	4755	4675	4711	9279
5	4639	4605	4601	9280
5	4849	4781	4823	9281
5	4752	4718	4735	9282
5	4814	4777	4774	9283
5	4764	4748	4737	9284
5	4660	4572	4614	9285
5	4642	4621	4589	9286
5	4642	4589	4628	9287
5	4739	4698	4710	9288
5	4684	4617	4660	9289
5	4644	4616	4573	9290
5	4644	4573	4612	9291
5	4645	4620	4590	9292
5	4645	4590	4610	9293
5	4693	4621	4642	9294
5	4849	4829	4781	9295
5	4699	4657	4698	9296
5	4684	4643	4617	9297
5	4722	4662	4687	9298
5	4690	4640	4611	9299
5	4708	4669	4705	9300
5	4723	4649	4673	9301
5	4724	4688	4701	9302
5	4661	4602	4568	9303
5	4794	4713	4755	9304
5	4683	4612	4638	9305
5	4665	4608	4653	9306
5	4653	4609	4652	9307
5	4704	4665	4653	9308
5	4704	4685	4665	9309
5	4654	4618	4592	9310
5	4654	4592	4629	9311
5	4698	4657	4655	9312
5	4658	4604	4657	9313
5	4656	4628	4575	9314
5	4656	4575	4606	9315
5	4748	4721	4737	9316
5	4658	4647	4607	9317
5	4799	4784	4748	9318
5	4829	4756	4781	9319
5	4659	4648	4613	9320
5	4659	4613	4616	9321
5	4757	4684	4721	9322
5	4821	4790	4750	9323
5	4700	4627	4650	9324
5	4700	4661	4627	9325
5	4669	4631	4668	9326
5	4671	4633	4669	9327
5	4702	4619	4663	9328
5	4663	4619	4583	9329
5	4801	4741	4773	9330
5	4664	4625	4624	9331
5	4778	4651	4679	9332
5	4877	4779	4817	9333
5	4729	4666	4707	9334
5	4759	4715	4691	9335
5	4715	4642	4691	9336
5	4714	4691	4656	9337
5	4735	4718	4690	9338
5	4820	4783	4776	9339
5	4761	4718	4752	9340
5	4707	4635	4672	9341
5	4670	4668	4630	9342
5	4670	4630	4623	9343
5	4762	4729	4707	9344
5	4692	4623	4662	9345
5	4731	4708	4705	9346
5	4762	4707	4742	9347
5	4673	4649	4637	9348
5	4673	4637	4636	9349
5	4774	4683	4734	9350
5	4878	4803	4841	9351
5	4675	4654	4629	9352
5	4703	4663	4625	9353
5	4838	4805	4816	9354
5	4836	4795	4744	9355
5	4921	4858	4881	9356
5	4803	4761	4780	9357
5	4732	4702	4663	9358
5	4771	4726	4745	9359
5	4679	4651	4618	9360
5	4679	4618	4654	9361
5	5001	4966	4941	9362
5	4680	4620	4645	9363
5	4765	4686	4716	9364
5	4708	4671	4669	9365
5	4682	4655	4639	9366
5	4733	4682	4639	9367
5	4842	4747	4819	9368
5	4719	4674	4644	9369
5	5058	5001	5021	9370
5	4694	4614	4647	9371
5	4685	4675	4629	9372
5	4685	4629	4665	9373
5	4686	4656	4606	9374
5	4686	4606	4667	9375
5	4692	4670	4623	9376
5	4705	4669	4668	9377
5	4688	4664	4641	9378
5	4757	4721	4748	9379
5	4734	4638	4689	9380
5	4689	4638	4626	9381
5	4766	4735	4695	9382
5	4807	4788	4769	9383
5	4691	4642	4628	9384
5	4691	4628	4656	9385
5	4765	4714	4686	9386
5	4772	4716	4680	9387
5	4733	4639	4676	9388
5	4836	4744	4785	9389
5	4751	4732	4703	9390
5	5133	5060	5082	9391
5	4695	4690	4648	9392
5	4695	4648	4659	9393
5	4696	4653	4652	9394
5	4779	4751	4720	9395
5	4697	4694	4647	9396
5	4697	4647	4658	9397
5	4699	4658	4657	9398
5	4965	4937	4909	9399
5	4790	4733	4750	9400
5	4764	4738	4754	9401
5	4701	4661	4700	9402
5	4701	4688	4641	9403
5	4916	4911	4913	9404
5	4905	4817	4857	9405
5	4702	4696	4652	9406
5	4702	4652	4619	9407
5	4720	4664	4688	9408
5	4809	4746	4724	9409
5	5095	232	5043	9410
5	4981	4951	4975	9411
5	4761	4677	4718	9412
5	4731	4705	4706	9413
5	4706	4705	4668	9414
5	4706	4668	4670	9415
5	4742	4707	4672	9416
5	4729	4681	4666	9417
5	4851	4835	4834	9418
5	4854	4783	4820	9419
5	4807	4767	4788	9420
5	4789	4769	4788	9421
5	4710	4698	4682	9422
5	4770	4682	4733	9423
5	4822	4794	4755	9424
5	5012	4946	4988	9425
5	4885	4816	4865	9426
5	4947	4888	4934	9427
5	4855	4822	4787	9428
5	4794	4747	4713	9429
5	4772	4680	4736	9430
5	4886	4849	4823	9431
5	4756	4712	4693	9432
5	4770	4710	4682	9433
5	4826	4796	4765	9434
5	4749	4736	4681	9435
5	4740	4724	4701	9436
5	4717	4700	4650	9437
5	4718	4677	4640	9438
5	4718	4640	4690	9439
5	4856	4841	4780	9440
5	4864	4791	4824	9441
5	4901	4813	4837	9442
5	4751	4703	4720	9443
5	4721	4684	4660	9444
5	4721	4660	4694	9445
5	4730	4706	4670	9446
5	4722	4692	4662	9447
5	4723	4722	4687	9448
5	4723	4687	4649	9449
5	4740	4700	4717	9450
5	4725	4643	4684	9451
5	4740	4701	4700	9452
5	4818	4784	4799	9453
5	4726	4711	4685	9454
5	4726	4685	4704	9455
5	4727	4695	4659	9456
5	4727	4659	4674	9457
5	4728	4723	4673	9458
5	4728	4673	4677	9459
5	4783	4742	4776	9460
5	4736	4680	4645	9461
5	4743	4708	4731	9462
5	4731	4706	4730	9463
5	4858	4793	4835	9464
5	4793	4776	4743	9465
5	4758	4702	4732	9466
5	4850	4846	4812	9467
5	4756	4693	4715	9468
5	4785	4710	4770	9469
5	4774	4719	4683	9470
5	4734	4683	4638	9471
5	4791	4735	4766	9472
5	4883	4864	4824	9473
5	4806	4716	4772	9474
5	4879	4806	4843	9475
5	4737	4721	4694	9476
5	4737	4694	4697	9477
5	4738	4737	4697	9478
5	4738	4697	4699	9479
5	4739	4738	4699	9480
5	4739	4699	4698	9481
5	4799	4748	4764	9482
5	4757	4725	4684	9483
5	4741	4726	4704	9484
5	4741	4704	4696	9485
5	4793	4743	4760	9486
5	4767	4723	4728	9487
5	4776	4709	4743	9488
5	4743	4709	4708	9489
5	4744	4739	4710	9490
5	4785	4744	4710	9491
5	4773	4741	4696	9492
5	4859	4785	4815	9493
5	4746	4720	4688	9494
5	4746	4688	4724	9495
5	4833	4763	4778	9496
5	4755	4713	4675	9497
5	4754	4738	4739	9498
5	4805	4754	4795	9499
5	4811	4736	4749	9500
5	4806	4765	4716	9501
5	4750	4733	4676	9502
5	4750	4676	4712	9503
5	4758	4696	4702	9504
5	4801	4745	4741	9505
5	4778	4679	4747	9506
5	4875	4842	4870	9507
5	4753	4727	4674	9508
5	4753	4674	4719	9509
5	4764	4737	4738	9510
5	4890	4853	4818	9511
5	4771	4711	4726	9512
5	4982	4959	4919	9513
5	5128	5067	5084	9514
5	4759	4691	4714	9515
5	4800	4775	4786	9516
5	4768	4717	4678	9517
5	4773	4696	4758	9518
5	4845	4810	4745	9519
5	4914	4897	4849	9520
5	4821	4750	4782	9521
5	4760	4743	4731	9522
5	4789	4730	4769	9523
5	4803	4767	4728	9524
5	4761	4728	4677	9525
5	4820	4776	4793	9526
5	4918	4889	4896	9527
5	4804	4774	4734	9528
5	4798	4727	4753	9529
5	4923	4867	4908	9530
5	4784	4757	4748	9531
5	4904	4827	4863	9532
5	4915	4852	4882	9533
5	4804	4734	4763	9534
5	4828	4753	4777	9535
5	4791	4752	4735	9536
5	4807	4723	4767	9537
5	4808	4725	4757	9538
5	4892	4857	4825	9539
5	4769	4730	4692	9540
5	4769	4692	4722	9541
5	4790	4770	4733	9542
5	4903	4879	4843	9543
5	4855	4787	4830	9544
5	5078	5043	232	9545
5	4826	4765	4806	9546
5	4831	4762	4783	9547
5	4797	4732	4751	9548
5	4812	4758	4797	9549
5	4978	4939	4902	9550
5	4814	4774	4804	9551
5	4825	4809	4775	9552
5	4809	4724	4775	9553
5	4783	4762	4742	9554
5	4835	4793	4760	9555
5	4798	4766	4727	9556
5	4864	4832	4791	9557
5	4833	4804	4763	9558
5	4778	4763	4651	9559
5	4850	4812	4813	9560
5	4837	4751	4779	9561
5	4780	4761	4752	9562
5	5000	4958	4940	9563
5	4781	4756	4715	9564
5	4781	4715	4759	9565
5	4782	4750	4712	9566
5	4782	4712	4756	9567
5	4941	4904	4863	9568
5	4992	4922	4963	9569
5	4786	4717	4768	9570
5	4808	4768	4725	9571
5	4829	4782	4756	9572
5	4872	4825	4775	9573
5	4786	4775	4740	9574
5	4786	4740	4717	9575
5	4787	4755	4711	9576
5	4787	4711	4771	9577
5	4802	4760	4731	9578
5	4789	4731	4730	9579
5	4802	4731	4789	9580
5	4834	4760	4802	9581
5	5028	4950	4993	9582
5	4873	4790	4821	9583
5	4891	4841	4856	9584
5	4866	4777	4814	9585
5	4792	4749	4729	9586
5	4792	4729	4762	9587
5	4835	4760	4834	9588
5	4827	4811	4749	9589
5	4847	4794	4822	9590
5	4948	4898	4937	9591
5	4795	4754	4744	9592
5	4865	4795	4836	9593
5	4796	4759	4714	9594
5	4796	4714	4765	9595
5	4890	4818	4867	9596
5	5062	5013	5008	9597
5	4982	4919	4956	9598
5	4828	4798	4753	9599
5	4865	4816	4795	9600
5	4867	4818	4838	9601
5	4800	4786	4768	9602
5	4808	4800	4768	9603
5	4906	4865	4836	9604
5	4845	4745	4801	9605
5	4839	4789	4788	9606
5	4966	4904	4941	9607
5	4922	4854	4893	9608
5	4840	4767	4803	9609
5	4871	4804	4833	9610
5	4871	4814	4804	9611
5	4805	4799	4764	9612
5	4805	4764	4754	9613
5	4811	4772	4736	9614
5	4914	4849	4886	9615
5	4807	4769	4722	9616
5	4807	4722	4723	9617
5	4808	4757	4784	9618
5	4844	4808	4784	9619
5	4924	4882	4879	9620
5	4837	4797	4751	9621
5	4810	4771	4745	9622
5	4905	4877	4817	9623
5	4831	4792	4762	9624
5	4895	4831	4854	9625
5	4846	4773	4812	9626
5	4812	4773	4758	9627
5	4813	4812	4797	9628
5	4837	4813	4797	9629
5	4998	4925	4972	9630
5	4894	4856	4832	9631
5	4815	4785	4770	9632
5	4815	4770	4790	9633
5	4816	4805	4795	9634
5	5069	4984	5011	9635
5	4817	4779	4746	9636
5	4817	4746	4809	9637
5	4913	4853	4890	9638
5	4933	4880	4899	9639
5	4819	4747	4794	9640
5	4822	4755	4787	9641
5	4854	4831	4783	9642
5	4843	4772	4811	9643
5	4873	4815	4790	9644
5	4906	4836	4859	9645
5	4847	4819	4794	9646
5	4972	4925	4898	9647
5	4823	4781	4759	9648
5	4823	4759	4796	9649
5	4824	4791	4766	9650
5	4824	4766	4798	9651
5	4916	4913	4890	9652
5	4857	4817	4809	9653
5	4958	4903	4940	9654
5	4827	4749	4792	9655
5	4903	4843	4874	9656
5	4904	4874	4827	9657
5	5076	5025	5071	9658
5	4972	4898	4948	9659
5	4879	4826	4806	9660
5	5047	5004	5017	9661
5	4830	4787	4771	9662
5	4830	4771	4810	9663
5	4895	4863	4831	9664
5	4858	4820	4793	9665
5	4832	4780	4752	9666
5	4832	4752	4791	9667
5	4866	4828	4777	9668
5	4925	4871	4875	9669
5	4876	4788	4840	9670
5	4840	4788	4767	9671
5	4856	4780	4832	9672
5	4928	4841	4891	9673
5	4859	4836	4785	9674
5	4897	4829	4849	9675
5	4951	4933	4938	9676
5	4877	4837	4779	9677
5	4838	4818	4799	9678
5	4838	4799	4805	9679
5	4839	4834	4802	9680
5	4839	4802	4789	9681
5	5143	5129	5081	9682
5	4921	4893	4858	9683
5	5044	4992	5024	9684
5	4841	4803	4780	9685
5	4842	4833	4778	9686
5	4842	4778	4747	9687
5	4886	4823	4852	9688
5	4843	4806	4772	9689
5	4997	4914	4954	9690
5	4844	4800	4808	9691
5	5144	5104	5115	9692
5	4861	4810	4848	9693
5	4899	4801	4846	9694
5	4846	4801	4773	9695
5	5077	5057	5014	9696
5	4925	4875	4898	9697
5	5037	4957	4994	9698
5	4942	4907	4848	9699
5	4941	4863	4895	9700
5	5004	4932	4947	9701
5	4901	4837	4877	9702
5	4857	4809	4825	9703
5	4939	4860	4902	9704
5	5060	5015	4996	9705
5	4852	4823	4796	9706
5	4852	4796	4826	9707
5	4853	4844	4784	9708
5	4853	4784	4818	9709
5	4958	4924	4903	9710
5	4924	4879	4903	9711
5	4861	4830	4810	9712
5	5078	232	233	9713
5	4960	4920	4889	9714
5	5015	4983	4960	9715
5	4976	4905	4929	9716
5	4929	4857	4892	9717
5	4960	4889	4918	9718
5	4889	4851	4869	9719
5	5006	4935	4976	9720
5	5047	5018	5004	9721
5	4860	4824	4798	9722
5	4860	4798	4828	9723
5	5117	233	234	9724
5	4961	4880	4933	9725
5	4862	4821	4782	9726
5	4862	4782	4829	9727
5	4863	4827	4792	9728
5	4863	4792	4831	9729
5	5005	4948	4937	9730
5	4883	4824	4860	9731
5	4932	4900	4873	9732
5	4923	4890	4867	9733
5	4910	4866	4814	9734
5	4996	4918	4974	9735
5	4885	4868	4816	9736
5	4908	4867	4868	9737
5	4868	4867	4838	9738
5	4868	4838	4816	9739
5	4869	4851	4834	9740
5	4869	4834	4839	9741
5	4870	4842	4819	9742
5	4909	4819	4847	9743
5	4937	4898	4870	9744
5	4910	4814	4871	9745
5	4872	4775	4800	9746
5	5017	4947	4984	9747
5	4897	4862	4829	9748
5	4954	4914	4886	9749
5	4874	4843	4811	9750
5	4874	4811	4827	9751
5	4875	4871	4833	9752
5	4875	4833	4842	9753
5	4876	4869	4839	9754
5	4876	4839	4788	9755
5	4987	4971	4977	9756
5	4929	4905	4857	9757
5	4928	4912	4878	9758
5	4878	4840	4803	9759
5	4872	4800	4844	9760
5	4913	4844	4853	9761
5	4988	4946	4957	9762
5	4899	4846	4850	9763
5	4881	4858	4835	9764
5	4881	4835	4851	9765
5	4882	4852	4826	9766
5	4882	4826	4879	9767
5	5042	4972	5009	9768
5	4894	4832	4864	9769
5	4884	4847	4822	9770
5	4884	4822	4855	9771
5	5093	5047	5017	9772
5	5079	5050	5016	9773
5	4915	4886	4852	9774
5	4934	4888	4862	9775
5	4887	4855	4830	9776
5	4887	4830	4861	9777
5	4888	4873	4821	9778
5	4888	4821	4862	9779
5	4928	4878	4841	9780
5	5163	5120	5160	9781
5	5080	5063	5028	9782
5	4975	4901	4935	9783
5	4912	4840	4878	9784
5	5106	5066	5073	9785
5	5038	4971	4987	9786
5	5080	5028	5050	9787
5	4893	4854	4820	9788
5	4893	4820	4858	9789
5	4936	4864	4883	9790
5	4936	4894	4864	9791
5	5044	5021	4992	9792
5	4922	4895	4854	9793
5	4896	4889	4869	9794
5	4896	4869	4876	9795
5	5090	5011	5053	9796
5	4964	4934	4897	9797
5	4898	4875	4870	9798
5	4965	4909	4917	9799
5	4899	4880	4845	9800
5	4899	4845	4801	9801
5	4900	4859	4815	9802
5	4900	4815	4873	9803
5	4938	4850	4901	9804
5	4901	4850	4813	9805
5	4944	4866	4910	9806
5	4902	4860	4828	9807
5	4940	4903	4874	9808
5	5031	4966	5001	9809
5	4940	4874	4904	9810
5	4967	4895	4922	9811
5	5022	4968	4995	9812
5	4916	4892	4911	9813
5	5156	215	216	9814
5	5050	5028	4993	9815
5	4907	4861	4848	9816
5	4942	4848	4880	9817
5	4943	4908	4868	9818
5	4943	4868	4885	9819
5	4937	4870	4909	9820
5	5046	4980	5012	9821
5	5200	5143	5176	9822
5	4944	4910	4925	9823
5	4911	4892	4825	9824
5	4911	4825	4872	9825
5	4912	4896	4876	9826
5	4912	4876	4840	9827
5	4913	4911	4872	9828
5	4913	4872	4844	9829
5	5035	4997	4954	9830
5	4934	4862	4897	9831
5	5007	4924	4958	9832
5	4964	4897	4914	9833
5	4994	4942	4961	9834
5	4990	4929	4973	9835
5	4917	4909	4847	9836
5	4917	4847	4884	9837
5	4939	4883	4860	9838
5	4952	4891	4927	9839
5	4919	4884	4855	9840
5	4919	4855	4887	9841
5	4920	4881	4851	9842
5	4920	4851	4889	9843
5	5143	5081	5133	9844
5	5082	5060	5026	9845
5	4966	4940	4904	9846
5	5052	5024	4991	9847
5	4995	4968	4923	9848
5	4995	4923	4971	9849
5	4967	4941	4895	9850
5	5103	5010	5056	9851
5	5054	5039	5042	9852
5	4925	4910	4871	9853
5	4926	4885	4865	9854
5	4926	4865	4906	9855
5	4927	4891	4856	9856
5	4927	4856	4894	9857
5	4928	4896	4912	9858
5	5070	5054	5009	9859
5	4973	4892	4916	9860
5	4935	4877	4905	9861
5	4930	4906	4859	9862
5	4930	4859	4900	9863
5	4931	4887	4861	9864
5	4931	4861	4907	9865
5	5170	5153	5124	9866
5	4928	4918	4896	9867
5	4961	4942	4880	9868
5	4935	4901	4877	9869
5	4997	4964	4914	9870
5	4947	4932	4888	9871
5	4976	4935	4905	9872
5	4973	4929	4892	9873
5	4974	4891	4952	9874
5	5026	4974	4952	9875
5	5013	4965	5008	9876
5	5039	4985	4978	9877
5	4938	4933	4899	9878
5	4938	4899	4850	9879
5	5102	5054	5100	9880
5	5034	4970	4985	9881
5	5101	5021	5044	9882
5	5114	5084	5059	9883
5	5001	4941	4967	9884
5	4996	4960	4918	9885
5	5012	4980	4946	9886
5	5032	4961	5003	9887
5	5002	4943	4950	9888
5	5022	4916	4968	9889
5	4978	4902	4944	9890
5	4944	4902	4866	9891
5	4945	4915	4882	9892
5	4945	4882	4924	9893
5	4946	4931	4907	9894
5	5003	4933	4951	9895
5	5028	5002	4950	9896
5	5004	4962	4932	9897
5	5005	4937	4965	9898
5	5111	5077	235	9899
5	4949	4927	4894	9900
5	4949	4894	4936	9901
5	4950	4943	4885	9902
5	4950	4885	4926	9903
5	5091	5033	5066	9904
5	5006	4981	4975	9905
5	5026	4996	4974	9906
5	5055	5034	4985	9907
5	4953	4921	4881	9908
5	4953	4881	4920	9909
5	4979	4915	4945	9910
5	4979	4955	4915	9911
5	4955	4954	4886	9912
5	4955	4886	4915	9913
5	4956	4919	4887	9914
5	4956	4887	4931	9915
5	4957	4946	4907	9916
5	4957	4907	4942	9917
5	5085	5031	5058	9918
5	5067	4979	5030	9919
5	4959	4917	4884	9920
5	4959	4884	4919	9921
5	5060	4996	5026	9922
5	5031	5000	4966	9923
5	5141	5061	5105	9924
5	5003	4961	4933	9925
5	4962	4930	4900	9926
5	4962	4900	4932	9927
5	4963	4922	4893	9928
5	4963	4893	4921	9929
5	5175	212	213	9930
5	5132	5069	5090	9931
5	5171	239	5148	9932
5	5040	4948	5005	9933
5	5000	4940	4966	9934
5	5059	5030	5007	9935
5	5024	4963	4991	9936
5	4992	4967	4922	9937
5	4968	4916	4890	9938
5	4968	4890	4923	9939
5	4969	4926	4906	9940
5	4969	4906	4930	9941
5	4970	4936	4883	9942
5	4970	4883	4939	9943
5	4971	4923	4908	9944
5	5097	5019	5049	9945
5	4998	4944	4925	9946
5	5144	5116	5104	9947
5	5006	4975	4935	9948
5	5049	5019	5022	9949
5	4974	4918	4928	9950
5	4974	4928	4891	9951
5	4975	4951	4938	9952
5	4975	4938	4901	9953
5	5187	243	5160	9954
5	5033	4981	5006	9955
5	4977	4971	4908	9956
5	4977	4908	4943	9957
5	5086	5070	5040	9958
5	5034	4999	4970	9959
5	5035	4954	5027	9960
5	5059	5007	5010	9961
5	4980	4956	4931	9962
5	4980	4931	4946	9963
5	4990	4976	4929	9964
5	5065	4981	5033	9965
5	5111	5057	5077	9966
5	5057	5036	4982	9967
5	4983	4953	4920	9968
5	4983	4920	4960	9969
5	4984	4947	4934	9970
5	4984	4934	4964	9971
5	4985	4970	4939	9972
5	4985	4939	4978	9973
5	4986	4952	4927	9974
5	4986	4927	4949	9975
5	5002	4977	4943	9976
5	5050	4993	5016	9977
5	5105	5029	5065	9978
5	5037	4988	4957	9979
5	4989	4969	4930	9980
5	4989	4930	4962	9981
5	5065	5029	4981	9982
5	5066	5033	5041	9983
5	4991	4963	4921	9984
5	4991	4921	4953	9985
5	5025	4953	4983	9986
5	5071	4983	5015	9987
5	4993	4950	4926	9988
5	4993	4926	4969	9989
5	5204	213	214	9990
5	4994	4957	4942	9991
5	5038	4995	4971	9992
5	5070	5009	5040	9993
5	5015	4960	4996	9994
5	5026	4952	4986	9995
5	5017	5004	4947	9996
5	5172	5156	216	9997
5	5039	4978	4998	9998
5	4998	4978	4944	9999
5	4999	4949	4936	10000
5	4999	4936	4970	10001
5	5108	5074	5027	10002
5	5007	4945	4924	10003
5	5024	4992	4963	10004
5	5225	5200	5218	10005
5	5068	4987	5020	10006
5	5150	5079	5110	10007
5	5032	4994	4961	10008
5	5094	4994	5032	10009
5	5069	5017	4984	10010
5	5090	5069	5011	10011
5	5013	5005	4965	10012
5	5040	5009	4948	10013
5	5041	4976	4990	10014
5	5091	5065	5033	10015
5	5112	5099	5074	10016
5	5056	5000	5031	10017
5	5008	4965	4917	10018
5	5008	4917	4959	10019
5	5055	4985	5039	10020
5	5009	4972	4948	10021
5	5010	5007	4958	10022
5	5010	4958	5000	10023
5	5011	4984	4964	10024
5	5011	4964	4997	10025
5	5014	4982	4956	10026
5	5014	4956	4980	10027
5	5221	5203	245	10028
5	5116	5064	5104	10029
5	5117	5078	233	10030
5	5077	5014	5046	10031
5	5118	5044	5089	10032
5	5025	4991	4953	10033
5	5016	4993	4969	10034
5	5016	4969	4989	10035
5	5142	5135	5093	10036
5	5175	5142	5132	10037
5	5018	4989	4962	10038
5	5018	4962	5004	10039
5	5019	4990	4973	10040
5	5073	4990	5019	10041
5	5020	4987	4977	10042
5	5020	4977	5002	10043
5	5021	5001	4967	10044
5	5021	4967	4992	10045
5	5022	5019	4973	10046
5	5022	4973	4916	10047
5	5023	4986	4949	10048
5	5023	4949	4999	10049
5	5188	5119	5154	10050
5	5056	5010	5000	10051
5	5071	5025	4983	10052
5	5052	4991	5025	10053
5	5120	5083	5102	10054
5	5082	5026	5045	10055
5	5027	4954	4955	10056
5	5027	4955	4979	10057
5	5079	5016	5048	10058
5	5216	228	5179	10059
5	5029	5003	4951	10060
5	5029	4951	4981	10061
5	5030	4979	4945	10062
5	5030	4945	5007	10063
5	5081	5015	5060	10064
5	5058	5031	5001	10065
5	5121	5088	5094	10066
5	5095	5043	5072	10067
5	5198	222	5194	10068
5	5123	5091	5066	10069
5	5126	5051	5083	10070
5	5173	5145	5163	10071
5	5125	5053	5099	10072
5	5125	5090	5053	10073
5	5036	5008	4959	10074
5	5036	4959	4982	10075
5	5136	231	5095	10076
5	5204	5175	213	10077
5	5075	5038	4987	10078
5	5049	4995	5038	10079
5	5126	5098	5051	10080
5	5055	5039	5054	10081
5	5102	5055	5054	10082
5	5100	5054	5070	10083
5	5041	5033	5006	10084
5	5041	5006	4976	10085
5	5042	5039	4998	10086
5	5042	4998	4972	10087
5	5043	5012	4988	10088
5	5095	231	232	10089
5	5119	5085	5058	10090
5	5169	5085	5119	10091
5	5045	5026	4986	10092
5	5045	4986	5023	10093
5	5057	4982	5014	10094
5	5046	5014	4980	10095
5	5172	5150	5110	10096
5	5127	5050	5079	10097
5	5048	5016	4989	10098
5	5048	4989	5018	10099
5	5182	209	210	10100
5	5181	5161	5167	10101
5	5127	5080	5050	10102
5	5172	5110	5156	10103
5	5051	5023	4999	10104
5	5051	4999	5034	10105
5	5076	5052	5025	10106
5	5118	5101	5044	10107
5	5053	5011	4997	10108
5	5053	4997	5035	10109
5	5054	5042	5009	10110
5	5086	5040	5064	10111
5	5163	5126	5120	10112
5	5193	243	244	10113
5	5067	5027	4979	10114
5	5103	5059	5010	10115
5	5133	5081	5060	10116
5	5062	5008	5036	10117
5	5085	5056	5031	10118
5	5199	5146	5190	10119
5	5101	5058	5021	10120
5	5149	5125	5099	10121
5	5212	5170	5201	10122
5	5218	5200	5176	10123
5	5061	5032	5003	10124
5	5061	5003	5029	10125
5	5115	5062	5087	10126
5	5115	5104	5062	10127
5	5063	5020	5002	10128
5	5063	5002	5028	10129
5	5064	5040	5005	10130
5	5064	5005	5013	10131
5	5094	5032	5061	10132
5	5130	5065	5091	10133
5	5164	5131	5107	10134
5	5049	5022	4995	10135
5	5108	5027	5067	10136
5	5215	209	5162	10137
5	5137	5063	5080	10138
5	5131	5068	5107	10139
5	5132	5093	5069	10140
5	5175	5132	5155	10141
5	5075	4987	5068	10142
5	5106	5073	5097	10143
5	5196	5176	5153	10144
5	5081	5071	5015	10145
5	5072	5043	4988	10146
5	5072	4988	5037	10147
5	5073	5066	5041	10148
5	5073	5041	4990	10149
5	5074	5035	5027	10150
5	5206	5162	5128	10151
5	5097	5073	5019	10152
5	5122	5075	5096	10153
5	5089	5044	5024	10154
5	5089	5024	5052	10155
5	5117	5046	5078	10156
5	5077	234	235	10157
5	5078	5046	5012	10158
5	5078	5012	5043	10159
5	5150	5127	5079	10160
5	5151	5137	5080	10161
5	5151	5080	5127	10162
5	5131	5096	5068	10163
5	5176	5143	5133	10164
5	5152	5113	5076	10165
5	5168	5139	5100	10166
5	5227	5218	5196	10167
5	5083	5051	5034	10168
5	5083	5034	5055	10169
5	5084	5067	5030	10170
5	5084	5030	5059	10171
5	5157	5114	5103	10172
5	5114	5059	5103	10173
5	5138	5070	5086	10174
5	5102	5083	5055	10175
5	5087	5062	5036	10176
5	5087	5036	5057	10177
5	5088	5072	5037	10178
5	5136	5095	5072	10179
5	5213	5190	5210	10180
5	5196	5153	5170	10181
5	5202	5157	5195	10182
5	5093	5017	5069	10183
5	5185	5165	5123	10184
5	5130	5105	5065	10185
5	5092	5048	5018	10186
5	5092	5018	5047	10187
5	5156	5110	5092	10188
5	5142	5093	5132	10189
5	5094	5088	5037	10190
5	5094	5037	4994	10191
5	5136	5072	5088	10192
5	5136	230	231	10193
5	5096	5075	5068	10194
5	5137	5107	5063	10195
5	5109	5038	5075	10196
5	5123	5066	5106	10197
5	5098	5045	5023	10198
5	5098	5023	5051	10199
5	5099	5053	5035	10200
5	5099	5035	5074	10201
5	5148	5086	5116	10202
5	5178	5135	5142	10203
5	5226	203	204	10204
5	5119	5058	5101	10205
5	5163	5145	5126	10206
5	5126	5083	5120	10207
5	5157	5103	5140	10208
5	5128	5108	5067	10209
5	5104	5064	5013	10210
5	5104	5013	5062	10211
5	5158	5141	5105	10212
5	5105	5061	5029	10213
5	5134	5106	5097	10214
5	5122	5109	5075	10215
NPOIN= 5233
9.997500181200000e-01	-3.633204908770108e-05	0
9.990000128750000e-01	-1.454484167485404e-04	1
9.977599978450000e-01	-3.272451590466525e-04	2
9.960200190539999e-01	-5.885116162162654e-04	3
9.937800168990000e-01	-9.419822673546266e-04	4
9.910500049590000e-01	-1.407974213221463e-03	5
9.878399968150000e-01	-2.013442597857447e-03	6
9.841300249100000e-01	-2.790847009942408e-03	7
9.799500107769999e-01	-3.750402970854402e-03	8
9.752799868580000e-01	-4.889499578827287e-03	9
9.701499938960000e-01	-6.165525452256071e-03	10
9.645400047300000e-01	-7.526236046521992e-03	11
9.584699869160000e-01	-8.903865244323440e-03	12
9.519400000570000e-01	-1.024892911469725e-02	13
9.449599981310000e-01	-1.153646827282558e-02	14
9.375399947170000e-01	-1.277059610162593e-02	15
9.296900033950000e-01	-1.397604286259468e-02	16
9.214000105860000e-01	-1.518769943540579e-02	17
9.126999974250000e-01	-1.643011641867343e-02	18
9.035800099370001e-01	-1.772278908047220e-02	19
8.940600156780000e-01	-1.906921074581915e-02	20
8.841500282290000e-01	-2.046552489567590e-02	21
8.738499879840000e-01	-2.190469491522636e-02	22
8.631799817090000e-01	-2.337582662723152e-02	23
8.521599769590000e-01	-2.486923014603557e-02	24
8.407700061800000e-01	-2.638244033240111e-02	25
8.290500044819999e-01	-2.790664652540737e-02	26
8.170099854470000e-01	-2.943826342843975e-02	27
8.046399950980000e-01	-3.097668440970888e-02	28
7.919700145720000e-01	-3.251635356404304e-02	29
7.790099978450000e-01	-3.405411545326105e-02	30
7.657799720760000e-01	-3.558540390112927e-02	31
7.522799968720000e-01	-3.710775764422763e-02	32
7.385200262070000e-01	-3.861736198090868e-02	33
7.245299816130000e-01	-4.010822689045714e-02	34
7.103199958800001e-01	-4.157663659319841e-02	35
6.958900094030001e-01	-4.301995582879189e-02	36
6.812700033190000e-01	-4.443268586106330e-02	37
6.664699912070000e-01	-4.581159014684114e-02	38
6.514999866490000e-01	-4.715362213209496e-02	39
6.363800168040000e-01	-4.845509588913647e-02	40
6.211299896240000e-01	-4.971269166742952e-02	41
6.057599782940000e-01	-5.092420381680922e-02	42
5.902799963950000e-01	-5.208763695900429e-02	43
5.747100114820000e-01	-5.320049224896187e-02	44
5.590599775310000e-01	-5.426124674579952e-02	45
5.433599948880000e-01	-5.526726536100653e-02	46
5.276100039480000e-01	-5.621808721484114e-02	47
5.118399858470000e-01	-5.711153296584826e-02	48
4.960500001910000e-01	-5.794728930332484e-02	49
4.802699983120000e-01	-5.872348315647705e-02	50
4.645099937920000e-01	-5.943937532719162e-02	51
4.487800002100000e-01	-6.009415777712774e-02	52
4.331099987030000e-01	-6.068620349377248e-02	53
4.174999892710000e-01	-6.121502085102525e-02	54
4.019699990750000e-01	-6.167924339421300e-02	55
3.865399956700000e-01	-6.207748672364989e-02	56
3.712300062180000e-01	-6.240833576073936e-02	57
3.560400009160000e-01	-6.267064723716974e-02	58
3.409900069240000e-01	-6.286267655352831e-02	59
3.261100053790000e-01	-6.298259101960005e-02	60
3.113999962810000e-01	-6.302876308222657e-02	61
2.968699932100000e-01	-6.299921701410939e-02	62
2.825500071050000e-01	-6.289199193907892e-02	63
2.684499919410000e-01	-6.270509207872089e-02	64
2.545700073240000e-01	-6.243616629723375e-02	65
2.409400045870000e-01	-6.208335798271646e-02	66
2.275699973110000e-01	-6.164453264576877e-02	67
2.144699990750000e-01	-6.111750558930718e-02	68
2.016600072380000e-01	-6.050058603931492e-02	69
1.891400069000000e-01	-5.979120404140283e-02	70
1.769299954180000e-01	-5.898787463472908e-02	71
1.650400012730000e-01	-5.808874756069258e-02	72
1.534900069240000e-01	-5.709298469644758e-02	73
1.422899961470000e-01	-5.599930563048289e-02	74
1.314399987460000e-01	-5.480546911536294e-02	75
1.209499984980000e-01	-5.351020807502577e-02	76
1.108499988910000e-01	-5.211536771110570e-02	77
1.011300012470000e-01	-5.061783962196469e-02	78
9.181000292300000e-02	-4.901890962827218e-02	79
8.290000259900000e-02	-4.731894408903815e-02	80
7.440000027400000e-02	-4.551652480235803e-02	81
6.633000075800000e-02	-4.361474063583215e-02	82
5.869000032500000e-02	-4.161273399015904e-02	83
5.149000138000000e-02	-3.951224555502413e-02	84
4.473999887700000e-02	-3.731574567867380e-02	85
3.844000026600000e-02	-3.502280095544358e-02	86
3.260000050100000e-02	-3.263665100796727e-02	87
2.723000012300000e-02	-3.016178649006048e-02	88
2.232000045500000e-02	-2.759330877326472e-02	89
1.789999939500000e-02	-2.494801590685296e-02	90
1.394999958600000e-02	-2.221544275567242e-02	91
1.049000024800000e-02	-1.941061896547951e-02	92
7.519999985000000e-03	-1.653786673770732e-02	93
5.040000193000000e-03	-1.360195863786146e-02	94
3.049999941000000e-03	-1.060766525605287e-02	95
1.560000004000000e-03	-7.581715671721833e-03	96
5.600000150000000e-04	-4.516079431065372e-03	97
5.999999800000000e-05	-1.450906752994872e-03	98
0.000000000000000e+00	0.000000000000000e+00	99
5.999999800000000e-05	1.354541520890545e-03	100
5.600000150000000e-04	4.023702080686462e-03	101
1.560000004000000e-03	6.540335993031796e-03	102
3.049999941000000e-03	8.911995054696423e-03	103
5.040000193000000e-03	1.116636229906153e-02	104
7.519999985000000e-03	1.329789334521765e-02	105
1.049000024800000e-02	1.531513606929367e-02	106
1.394999958600000e-02	1.722477537845647e-02	107
1.789999939500000e-02	1.903271039834061e-02	108
2.232000045500000e-02	2.073732947140106e-02	109
2.723000012300000e-02	2.235303353381830e-02	110
3.260000050100000e-02	2.387641809273876e-02	111
3.844000026600000e-02	2.531738648173985e-02	112
4.473999887700000e-02	2.667964799128221e-02	113
5.149000138000000e-02	2.796741486115403e-02	114
5.869000032500000e-02	2.918674142087832e-02	115
6.633000075800000e-02	3.034166470129194e-02	116
7.440000027400000e-02	3.143633958406943e-02	117
8.290000259900000e-02	3.247608932586867e-02	118
9.181000292300000e-02	3.346361834759148e-02	119
1.011300012470000e-01	3.440387869670658e-02	120
1.108499988910000e-01	3.530042623803029e-02	121
1.209499984980000e-01	3.615584137330906e-02	122
1.314399987460000e-01	3.697499819560762e-02	123
1.422899961470000e-01	3.775926359439588e-02	124
1.534900069240000e-01	3.851145734807525e-02	125
1.650400012730000e-01	3.923466941697837e-02	126
1.769299954180000e-01	3.993092381444471e-02	127
1.891400069000000e-01	4.060136960976021e-02	128
2.016600072380000e-01	4.124741482285033e-02	129
2.144699990750000e-01	4.186959601078627e-02	130
2.275699973110000e-01	4.246903048545150e-02	131
2.409400045870000e-01	4.304545510497623e-02	132
2.545700073240000e-01	4.359865584167700e-02	133
2.684499919410000e-01	4.412796000474650e-02	134
2.825500071050000e-01	4.463154134115513e-02	135
2.968699932100000e-01	4.510825621289381e-02	136
3.113999962810000e-01	4.555610257768108e-02	137
3.261100053790000e-01	4.597207158221029e-02	138
3.409900069240000e-01	4.635339806510533e-02	139
3.560400009160000e-01	4.669710096090554e-02	140
3.712300062180000e-01	4.699911722459066e-02	141
3.865399956700000e-01	4.725539616031522e-02	142
4.019699990750000e-01	4.746191660488197e-02	143
4.174999892710000e-01	4.761405915815271e-02	144
4.331099987030000e-01	4.770710333952083e-02	145
4.487800002100000e-01	4.773630381693263e-02	146
4.645099937920000e-01	4.769688189016826e-02	147
4.802699983120000e-01	4.758411900362086e-02	148
4.960500001910000e-01	4.739343043290416e-02	149
5.118399858470000e-01	4.712036561956848e-02	150
5.276100039480000e-01	4.676120345674040e-02	151
5.433599948880000e-01	4.631205882629896e-02	152
5.590599775310000e-01	4.577035893003552e-02	153
5.747100114820000e-01	4.513322792013329e-02	154
5.902799963950000e-01	4.439967674648433e-02	155
6.057599782940000e-01	4.356881002579586e-02	156
6.211299896240000e-01	4.264117968182819e-02	157
6.363800168040000e-01	4.161779105836692e-02	158
6.514999866490000e-01	4.050060458916289e-02	159
6.664699912070000e-01	3.929340615486571e-02	160
6.812700033190000e-01	3.800128305258384e-02	161
6.958900094030001e-01	3.662964029193127e-02	162
7.103199958800001e-01	3.518488714260497e-02	163
7.245299816130000e-01	3.367657375689664e-02	164
7.385200262070000e-01	3.211214923660072e-02	165
7.522799968720000e-01	3.050084686094081e-02	166
7.657799720760000e-01	2.885504946420733e-02	167
7.790099978450000e-01	2.718547476230688e-02	168
7.919700145720000e-01	2.550191037924631e-02	169
8.046399950980000e-01	2.381692321540032e-02	170
8.170099854470000e-01	2.214182389741865e-02	171
8.290500044819999e-01	2.049037962285177e-02	172
8.407700061800000e-01	1.887015764964261e-02	173
8.521599769590000e-01	1.729011581326712e-02	174
8.631799817090000e-01	1.576139947733704e-02	175
8.738499879840000e-01	1.428426009143397e-02	176
8.841500282290000e-01	1.286170123999159e-02	177
8.940600156780000e-01	1.149454759354316e-02	178
9.035800099370001e-01	1.018047081778364e-02	179
9.126999974250000e-01	8.921211566533870e-03	180
9.214000105860000e-01	7.726176683588423e-03	181
9.296900033950000e-01	6.609597677775162e-03	182
9.375399947170000e-01	5.599531733780471e-03	183
9.449599981310000e-01	4.721999479796010e-03	184
9.519400000570000e-01	3.999534947964149e-03	185
9.584699869160000e-01	3.437555242026445e-03	186
9.645400047300000e-01	3.017467347801646e-03	187
9.701499938960000e-01	2.698000754455300e-03	188
9.752799868580000e-01	2.428140871172657e-03	189
9.799500107769999e-01	2.159690410997654e-03	190
9.841300249100000e-01	1.865717319035620e-03	191
9.878399968150000e-01	1.539693200891333e-03	192
9.910500049590000e-01	1.198928190585142e-03	193
9.937800168990000e-01	8.661841774201366e-04	194
9.960200190539999e-01	5.675024956945177e-04	195
9.977599978450000e-01	3.233506329737317e-04	196
9.990000128750000e-01	1.450931261374417e-04	197
9.997500181200000e-01	3.632642036039083e-05	198
1.000000000000000e+00	0.000000000000000e+00	199
1.984229087829600e+01	2.506659984589000e+00	200
1.937166023254400e+01	4.973800182343000e+00	201
1.859552955627400e+01	7.362490177155000e+00	202
1.752613067627000e+01	9.635069847106999e+00	203
1.618033981323200e+01	1.175570964813200e+01	204
1.457936954498300e+01	1.369093990325900e+01	205
1.274847984314000e+01	1.541026973724400e+01	206
1.071654033660900e+01	1.688656044006300e+01	207
8.515589714050000e+00	1.809654045105000e+01	208
6.180339813232000e+00	1.902112960815400e+01	209
3.747629880905000e+00	1.964575004577600e+01	210
1.255810022354000e+00	1.996052932739300e+01	211
-1.255810022354000e+00	1.996052932739300e+01	212
-3.747629880905000e+00	1.964574050903300e+01	213
-6.180339813232000e+00	1.902112960815400e+01	214
-8.515589714050000e+00	1.809654045105000e+01	215
-1.071654033660900e+01	1.688656044006300e+01	216
-1.274847984314000e+01	1.541026020050000e+01	217
-1.457936954498300e+01	1.369093990325900e+01	218
-1.618033981323200e+01	1.175570011138900e+01	219
-1.752613067627000e+01	9.635069847106999e+00	220
-1.859552955627400e+01	7.362490177155000e+00	221
-1.937166023254400e+01	4.973800182343000e+00	222
-1.984229087829600e+01	2.506659984589000e+00	223
-2.000000000000000e+01	0.000000000000000e+00	224
-1.984229087829600e+01	-2.506669998169000e+00	225
-1.937166023254400e+01	-4.973800182343000e+00	226
-1.859552955627400e+01	-7.362490177155000e+00	227
-1.752613067627000e+01	-9.635080337524000e+00	228
-1.618033981323200e+01	-1.175570964813200e+01	229
-1.457936954498300e+01	-1.369093990325900e+01	230
-1.274847984314000e+01	-1.541026973724400e+01	231
-1.071652984619100e+01	-1.688656044006300e+01	232
-8.515580177306999e+00	-1.809654045105000e+01	233
-6.180339813232000e+00	-1.902112960815400e+01	234
-3.747620105743000e+00	-1.964575004577600e+01	235
-1.255810022354000e+00	-1.996052932739300e+01	236
1.255810022354000e+00	-1.996052932739300e+01	237
3.747629880905000e+00	-1.964574050903300e+01	238
6.180339813232000e+00	-1.902112960815400e+01	239
8.515589714050000e+00	-1.809654045105000e+01	240
1.071654033660900e+01	-1.688656044006300e+01	241
1.274847984314000e+01	-1.541026020050000e+01	242
1.457936954498300e+01	-1.369093990325900e+01	243
1.618033981323200e+01	-1.175570011138900e+01	244
1.752614021301300e+01	-9.635069847106999e+00	245
1.859552955627400e+01	-7.362490177155000e+00	246
1.937166023254400e+01	-4.973790168762000e+00	247
1.984229087829600e+01	-2.506659984589000e+00	248
2.000000000000000e+01	0.000000000000000e+00	249
6.057122671891374e-02	-4.950853234737276e-02	250
6.602656146174618e-01	-6.016095182653206e-02	251
4.255266561156955e-01	6.191397438670423e-02	252
6.897896426688775e-01	5.049736501795972e-02	253
3.792326209436655e-01	-7.632182891716459e-02	254
9.994668688856283e-01	-7.269603181215230e-04	255
9.985535229267924e-01	-1.329683463708899e-03	256
7.738418305445071e-01	-4.691109671913699e-02	257
6.899254407166558e-01	-5.708672741352559e-02	258
-1.347201194717081e-03	6.113430654741502e-03	259
7.468207710168785e-01	-5.043129553890180e-02	260
5.833101860299896e-01	5.881664930883970e-02	261
9.928113274985838e-01	-3.719524287459589e-03	262
9.899285297136423e-01	-4.712628141770351e-03	263
5.988922116811878e-01	5.794336488466807e-02	264
7.188176280851485e-01	-5.383000810568252e-02	265
-1.599223513350356e-03	6.727513385359856e-04	266
9.865614407547069e-01	-5.850873167825916e-03	267
9.827172821315007e-01	-7.135727408754008e-03	268
-1.525690457981578e-03	-6.962775709171351e-03	269
6.451879384858440e-01	-6.162162522212059e-02	270
8.244876923239248e-01	-3.967333681707764e-02	271
7.997589180267355e-01	-4.332267134576714e-02	272
3.484914176540579e-01	6.037345092418775e-02	273
8.478980462238487e-01	-3.601767250251553e-02	274
2.474479098040701e-01	5.598067202174325e-02	275
8.699293094313119e-01	-3.237711330962491e-02	276
1.026815279372502e-02	1.941856481084477e-02	277
8.904753995610782e-01	-2.880337167466636e-02	278
7.687925129145545e-02	-5.412934703658744e-02	279
9.094643014386010e-01	-2.534522091285353e-02	280
-1.953200292140177e-03	-3.423847687030032e-03	281
9.424479925964937e-01	-1.868771172500110e-02	282
9.268159338618849e-01	-2.200236108293965e-02	283
1.770551799481285e-02	-3.016918839433641e-02	284
4.258550382265566e-01	-7.528041367610065e-02	285
8.590951177445275e-01	-3.419026598517970e-02	286
9.563011142054558e-01	-1.528528749164429e-02	287
9.783883185940824e-01	-8.587909308318514e-03	288
9.683006115888166e-01	-1.182388679194396e-02	289
1.582444342172606e-01	-6.819471369348246e-02	290
9.001714203488582e-01	-2.705820407128956e-02	291
7.604641581910162e-01	-4.868324045582489e-02	292
9.971343143416452e-01	-2.083296242965089e-03	293
5.991476554906374e-01	-6.565964156185260e-02	294
4.415582305281789e-01	-7.477327344164902e-02	295
5.364305589340382e-01	-7.014945408671866e-02	296
4.731303277228838e-01	-7.352850192418370e-02	297
5.047904697906750e-01	-7.198432861869271e-02	298
4.889486538014443e-01	-7.279258247717228e-02	299
1.248848683404414e-01	-6.374859514364749e-02	300
2.761437485368166e-02	-3.618258811523344e-02	301
3.946800580020530e-01	-7.605675613498181e-02	302
4.602094956124789e-02	-4.448193840866269e-02	303
4.102222108031436e-01	-7.570984847982203e-02	304
3.188116943775746e-01	-7.654251672732182e-02	305
3.487170706869769e-01	-7.660719078300431e-02	306
3.328761212268510e-02	-3.903413732934175e-02	307
2.895969827775942e-01	-7.612574287495365e-02	308
9.348515912097484e-01	-2.034855466638148e-02	309
1.467708305732449e-01	-6.681927098530675e-02	310
1.946656046957152e-01	-7.166046802544351e-02	311
8.566862390533067e-02	-5.627699539585709e-02	312
1.044910783046696e-01	-6.024382016970652e-02	313
5.679277194328253e-01	-6.804402983952695e-02	314
1.700613402053786e-01	-6.946162606310170e-02	315
6.146205411631840e-01	-6.437059737988704e-02	316
8.803964799670851e-01	-3.057961611784446e-02	317
2.243117383414816e-02	-3.322603182148913e-02	318
9.952189786495589e-01	-2.861794516639219e-03	319
6.489610909046078e-03	-2.058020559796160e-02	320
1.832743524283816e-02	2.396071770146577e-02	321
9.183483560869657e-01	-2.366253073153720e-02	322
9.496052551280125e-01	-1.700186054901403e-02	323
9.735835676514771e-01	-1.015535039228588e-02	324
-1.142895658200733e-05	9.014113188599177e-03	325
8.363601314692661e-01	-3.784462565819642e-02	326
2.473908396559027e-01	-7.481449268638397e-02	327
5.522082250037287e-01	-6.913444131167466e-02	328
7.329322213284424e-01	-5.214572318182966e-02	329
7.869404007547210e-01	-4.512454551187988e-02	330
1.144934109848923e-01	-6.205950192555826e-02	331
2.204775489069522e-01	-7.343770978703744e-02	332
5.835841930908395e-01	-6.688471476101894e-02	333
6.751750714363934e-01	-5.864854586093609e-02	334
5.306234555896847e-02	-4.705569805265791e-02	335
3.732368289056714e-03	-1.724845791779752e-02	336
1.348232387611128e-02	-2.706003759377972e-02	337
3.639137291270553e-01	-7.650766023227812e-02	338
1.822146180536743e-01	-7.061599865808034e-02	339
9.999370444536733e-01	-3.811743265632728e-04	340
2.337942830282147e-01	-7.417537096794136e-02	341
9.487743544392667e-02	-5.831668664839508e-02	342
3.041069071356294e-01	-7.638332082578000e-02	343
2.612330209071249e-01	-7.534095827433256e-02	344
4.573210653528190e-01	-7.419101936312333e-02	345
7.044655929021376e-01	-5.548100480283424e-02	346
-1.919775912138992e-03	3.020245563351230e-03	347
-2.842690003675943e-04	-1.042383352156125e-02	348
5.361091368733628e-01	6.077679897482444e-02	349
-1.588879154678933e-03	-8.723076316044200e-04	350
2.830233223934104e-02	2.811856955671536e-02	351
5.379898923699814e-02	3.533763284079160e-02	352
4.015008319641952e-02	3.188733846595476e-02	353
1.150947531392647e-01	4.522722334106823e-02	354
4.099074787912031e-01	6.174068283006971e-02	355
9.971004482884708e-01	2.026142611299821e-03	356
5.202873056340330e-01	6.122143177739392e-02	357
4.727829653099112e-01	6.196675076964512e-02	358
9.732008870699558e-01	7.355106453891463e-03	359
9.620612160016629e-01	9.006965450225717e-03	360
8.901671952879493e-01	2.131990110300534e-02	361
4.886022038968614e-01	6.181188192068492e-02	362
4.412198477023931e-01	6.201263201050924e-02	363
3.789560017943233e-01	6.117998570680772e-02	364
9.263819990802474e-01	1.493511585934416e-02	365
9.090943012636854e-01	1.800806335200339e-02	366
7.758730769334835e-02	3.994180609758619e-02	367
9.780730285521569e-01	6.590397526392918e-03	368
9.558018615788385e-01	9.956597570177153e-03	369
9.419612124251213e-01	1.221005854202190e-02	370
9.554182951695107e-02	4.269932407486436e-02	371
6.130198228198481e-02	3.693010881768145e-02	372
2.895128395278919e-01	5.811598666381180e-02	373
2.612399916259635e-01	5.672519666059832e-02	374
1.704413113894315e-01	5.069481316667803e-02	375
3.186497301707947e-01	5.934006150223992e-02	376
4.569763139383710e-01	6.203375553425248e-02	377
3.943826578683102e-01	6.149406481323057e-02	378
1.472482988561579e-01	4.862588788368946e-02	379
1.254477777255903e-01	4.639834425199890e-02	380
6.297476231165339e-01	5.587323808913609e-02	381
1.949391454747618e-01	5.259767638352152e-02	382
2.206413283613115e-01	5.435589897428719e-02	383
6.600925148434582e-01	5.338435541225356e-02	384
5.676363503372945e-01	5.958075531140818e-02	385
7.467278760269446e-01	4.374470264307789e-02	386
7.187098413510489e-01	4.726002326385682e-02	387
7.996435378742677e-01	3.618135511804896e-02	388
7.737471027711832e-01	4.001539380106594e-02	389
8.477011585287191e-01	2.850714416553234e-02	390
8.243368417605168e-01	3.230929738524224e-02	391
8.998327703588258e-01	1.963809906783618e-02	392
8.696790757713662e-01	2.482798713462051e-02	393
9.491044747900835e-01	1.102155488339367e-02	394
9.179463968690376e-01	1.643635583207899e-02	395
9.678612237453765e-01	8.149952399584829e-03	396
8.588723331570343e-01	2.664612908251822e-02	397
8.801176108298285e-01	2.305189634069497e-02	398
8.121489366104370e-01	3.424487480779833e-02	399
8.361873765208329e-01	3.039523129075452e-02	400
7.603727357616255e-01	4.190033923687535e-02	401
7.868375153654567e-01	3.810691488901510e-02	402
7.043450961597361e-01	4.892063016400808e-02	403
7.328336754005230e-01	4.553207733597305e-02	404
6.449941448198406e-01	5.468196458678617e-02	405
6.750214239249152e-01	5.198806839245687e-02	406
5.519008852663259e-01	6.023544010257520e-02	407
6.143850414595186e-01	5.696085200652153e-02	408
2.076497867063684e-01	5.349428623618689e-02	409
2.339040306838248e-01	5.518499043070882e-02	410
1.586745499830021e-01	4.968020973101837e-02	411
1.825419895461440e-01	5.166637119141020e-02	412
4.675462474823350e-02	3.365074441295227e-02	413
1.361763450536774e-01	4.753584263762115e-02	414
1.406288893152228e-02	2.175398078985366e-02	415
3.399567225654689e-02	3.003759416190518e-02	416
2.074311887020947e-01	-7.260080835971561e-02	417
4.148726061405971e-03	1.445269469575855e-02	418
9.625407015593680e-01	-1.354843452435914e-02	419
8.122805287516716e-01	-4.150406203806006e-02	420
3.336754066202472e-01	-7.661520013717125e-02	421
5.206204741586541e-01	-7.110191615395564e-02	422
1.825863926070110e-03	1.179821762797308e-02	423
2.308944662818337e-02	2.609213045868460e-02	424
6.966368106671066e-03	1.699266922709112e-02	425
8.635740127150046e-02	4.134994048472469e-02	426
6.923127326500152e-02	3.846920393759028e-02	427
2.752691622520299e-01	5.743854927395915e-02	428
1.051261324033118e-01	4.398999180536357e-02	429
9.824735347029054e-01	5.810698012551573e-03	430
9.863829407233982e-01	5.034533836549840e-03	431
3.039819922005130e-01	5.875437471802611e-02	432
9.898052627955647e-01	4.247853750838504e-03	433
9.927292998774265e-01	3.473224419515111e-03	434
3.334800390437274e-01	5.987893515062685e-02	435
3.636610223420351e-01	6.080742521543378e-02	436
9.343883611517386e-01	1.351872446592310e-02	437
9.999292934502855e-01	3.822211583754771e-04	438
9.985329292414811e-01	1.306410280294448e-03	439
9.994541013314164e-01	7.204563568885521e-04	440
6.299624966295398e-01	-6.302399168348516e-02	441
3.942580286561421e-02	-4.180878068891035e-02	442
9.951657240260057e-01	2.739462499073511e-03	443
5.044487921444814e-01	6.156618021777380e-02	444
1.476631184814052e-03	-1.386444886917141e-02	445
9.737160866414348e-03	-2.384511989640217e-02	446
6.850910632017607e-02	-5.187201604250730e-02	447
1.356545585994012e-01	-6.534069486861514e-02	448
2.753093221175826e-01	-7.577829032692988e-02	449
7.178504078785658e-02	4.777469159273170e-02	450
-3.360090306075461e-03	8.647802997690147e-03	451
-4.420190966289211e-03	4.942521481527848e-03	452
2.820784895111650e-01	-9.051276751291837e-02	453
6.988896536027561e-01	-7.109142679522877e-02	454
9.157521771442335e-01	-3.342417167147217e-02	455
5.144281582013232e-03	-2.516649339969151e-02	456
5.764289156218708e-01	7.494212376794736e-02	457
6.841988889216697e-01	-7.286682071857915e-02	458
7.822655860602050e-01	-5.934892820191740e-02	459
9.892917411456996e-01	-8.746507000482554e-03	460
3.261834312048012e-01	-9.174491453727844e-02	461
8.554227763539316e-01	-4.647421851270068e-02	462
8.323520991706006e-01	-5.082944565675628e-02	463
8.808809404725852e-02	-6.647636727997328e-02	464
-3.786315275858215e-03	-9.810869841432699e-03	465
2.130295668351115e-01	-8.629516782159632e-02	466
1.265047807635670e-02	-3.255089190579441e-02	467
9.609859678578523e-01	-2.054075600660119e-02	468
1.509927058578418e-01	-7.909295714940144e-02	469
7.133783871505556e-01	-6.925087851462250e-02	470
6.542801671142353e-01	-7.623594185281246e-02	471
4.501141380755265e-01	-9.054282435255552e-02	472
7.899026752599156e-02	-6.393178476843508e-02	473
3.872825682234301e-01	-9.193738057222337e-02	474
8.972096862331760e-01	-3.773406834005758e-02	475
7.952394885557530e-01	-5.726523482134382e-02	476
6.118193470721206e-03	2.128718610198189e-02	477
1.841360113647439e-02	2.965368247488872e-02	478
6.689649403200116e-01	6.767687051871167e-02	479
8.436392939330305e-01	4.120732815804351e-02	480
1.088106575294161e-01	5.493369996111649e-02	481
6.838797931582620e-01	6.605900208699265e-02	482
1.636158187120958e-01	6.233740189346189e-02	483
8.765000539714184e-01	3.465164588736423e-02	484
9.889626242094405e-01	8.045611986969559e-03	485
3.408103202049212e-01	7.546139040012551e-02	486
5.129956578870266e-01	7.734096571456325e-02	487
9.536033555290893e-01	1.757029982887792e-02	488
8.867026972377335e-01	3.252465716070403e-02	489
9.920706295382046e-01	6.724980361383250e-03	490
9.600372412963487e-01	1.607075187443648e-02	491
9.812397858164110e-01	1.065130993577150e-02	492
2.400816351175789e-01	6.952389006559266e-02	493
3.258337081422635e-01	7.478715790426950e-02	494
2.266254612251880e-01	6.844573056072435e-02	495
9.895608354345591e-02	5.325343551157809e-02	496
6.693209254365845e-01	-7.458462872105949e-02	497
2.000076229954711e-01	-8.509882295324031e-02	498
9.729387605208155e-03	2.417025969939138e-02	499
1.406426232866302e-01	5.951668741521454e-02	500
4.838472173544797e-02	4.167736645529223e-02	501
9.715582486752907e-01	1.328583889860674e-02	502
9.946867151300319e-01	5.508465348811655e-03	503
8.965102056307330e-01	3.043793710726419e-02	504
1.627543899863373e-01	-8.078588904506978e-02	505
1.000202475244341e+00	2.365903087333342e-04	506
9.984735315314397e-01	2.975899458821882e-03	507
9.968278590816712e-01	4.265139824618867e-03	508
3.009819665434696e-03	1.828332130972036e-02	509
-1.732237067557951e-03	1.196556439514882e-02	510
2.155246685135825e-03	-2.138519923931271e-02	511
-3.877066317566665e-03	-1.862084777279240e-03	512
-3.049237391384989e-03	-1.487719564153828e-04	513
1.715000961292190e-02	-3.610234475480212e-02	514
1.000207857441402e+00	-2.298361608696164e-04	515
6.207454517713422e-02	-5.848485319246313e-02	516
9.985428981680541e-01	-3.031291538761027e-03	517
9.948519939826829e-01	-5.746640908548937e-03	518
4.178940402916505e-01	7.768148762276632e-02	519
5.454391309043991e-01	-8.568987306802968e-02	520
9.857730595088441e-01	-1.041819783250870e-02	521
8.770791209934271e-01	-4.209815535662824e-02	522
5.921365568318512e-01	7.402942072651110e-02	523
9.923053903495337e-01	-7.145384540090048e-03	524
-4.617094475043083e-03	-5.616213683530776e-03	525
4.342983250092452e-01	-9.103317093353379e-02	526
4.022521936707741e-01	7.740163963083739e-02	527
8.440542663926256e-01	-4.866345799400907e-02	528
2.819711703130114e-01	7.238925883429229e-02	529
8.664332937237746e-01	-4.428084255913575e-02	530
8.873414005085503e-01	-3.991065675420887e-02	531
7.031710143510581e-02	-6.126732663113812e-02	532
9.066871832150533e-01	-3.557508043842605e-02	533
9.244002859157552e-01	-3.128623785904221e-02	534
9.477142502116329e-01	-2.486764268882020e-02	535
2.762464612432115e-02	-4.303138418472345e-02	536
9.545841405930138e-01	-2.270909440274718e-02	537
9.669153858477659e-01	-1.838413166450419e-02	538
9.818010798132277e-01	-1.227134391810413e-02	539
1.285327418607313e-01	-7.536595794459233e-02	540
7.554744009499927e-01	-6.343930222016919e-02	541
7.690111404993250e-01	-6.140678158981165e-02	542
9.969389733962094e-01	-4.388698273583429e-03	543
4.659888281646774e-01	-8.995761981995858e-02	544
4.818791429298591e-01	-8.927534154245660e-02	545
4.977811263170033e-01	-8.850960951982720e-02	546
2.213189447040742e-02	-3.962846617582794e-02	547
4.028703781464130e-01	-9.173842754207880e-02	548
4.185459845639933e-01	-9.143598643364574e-02	549
3.412261170318256e-01	-9.195054546147365e-02	550
4.001136821182749e-02	-4.953455801727719e-02	551
9.326191642007582e-01	-2.915007286066217e-02	552
9.403884888250239e-01	-2.700996205460744e-02	553
1.395901782905975e-01	-7.728807788623869e-02	554
9.760628449327019e-02	-6.890431497804328e-02	555
5.612643624142003e-01	-8.459793527874560e-02	556
6.082729263142833e-01	-8.075740916105006e-02	557
9.723538079049525e-01	-1.626661068076949e-02	558
9.773089990297930e-01	-1.422740757636714e-02	559
7.276475522957971e-01	-6.735611233498742e-02	560
7.416756326471122e-01	-6.542329596686894e-02	561
1.075213457750910e-01	-7.120335329493228e-02	562
1.178474617502605e-01	-7.335374187965260e-02	563
5.770192933274262e-01	-8.340217327644445e-02	564
5.926925892267516e-01	-8.212007229416328e-02	565
4.689074268480645e-02	-5.265371402471871e-02	566
5.427019661311411e-02	-5.564285743353747e-02	567
8.648158894599184e-03	-2.887197471837033e-02	568
3.564504178167533e-01	-9.205482330342409e-02	569
3.718069114886889e-01	-9.204389949272762e-02	570
1.748644174950003e-01	-8.235113249120218e-02	571
1.872844934615228e-01	-8.378729542541741e-02	572
2.263177653208666e-01	-8.737796579047330e-02	573
2.398852547284982e-01	-8.834645115530773e-02	574
2.965795526894419e-01	-9.103793656714820e-02	575
3.113016326844016e-01	-9.144861385494890e-02	576
2.537333215497909e-01	-8.918391164609794e-02	577
-3.873240786808546e-03	1.484721433029553e-03	578
-3.329394903651490e-04	-1.756128516926481e-02	579
4.148482491151636e-02	3.944808351038612e-02	580
9.853348443723041e-01	9.319402895108866e-03	581
5.289045769812727e-01	7.691070107774914e-02	582
4.970726371034280e-01	7.765755243651812e-02	583
4.811671512273959e-01	7.786220613627945e-02	584
4.652808666313878e-01	7.796845830228176e-02	585
9.766245594201567e-01	1.196571908086017e-02	586
9.660289272121491e-01	1.464991931429030e-02	587
9.235227150478342e-01	2.447839361722683e-02	588
4.494174531293897e-01	7.796742572314450e-02	589
4.336203302028441e-01	7.786772240220906e-02	590
3.867056103541729e-01	7.703074567449847e-02	591
9.149312729955650e-01	2.640810108112248e-02	592
9.467301409119467e-01	1.915743484041486e-02	593
6.355946544764707e-02	4.579733158137543e-02	594
5.576553380728543e-02	4.379441213583797e-02	595
2.538220771799855e-01	7.053612557580269e-02	596
2.677835035847844e-01	7.147697878132810e-02	597
1.519529242981539e-01	6.094938284095470e-02	598
1.296707615609850e-01	5.803282395973863e-02	599
1.190645994518914e-01	5.652175588790813e-02	600
7.949827593225042e-01	5.011466080911089e-02	601
7.414516835989170e-01	5.863346064849589e-02	602
7.274094649325488e-01	6.061112314101308e-02	603
7.820319114309913e-01	5.230091108720716e-02	604
8.319843501113459e-01	4.342286574927195e-02	605
9.059262679129424e-01	2.840018752745832e-02	606
8.659120721667842e-01	3.680271531675784e-02	607
8.549563739266411e-01	3.899320898881752e-02	608
8.199851272847054e-01	4.566062652892362e-02	609
8.076413050400795e-01	4.790005878661040e-02	610
7.687906682860511e-01	5.445829315861787e-02	611
7.552568442540706e-01	5.657943918281744e-02	612
7.131191450934122e-01	6.252069844749109e-02	613
6.986031178766630e-01	6.434167655355044e-02	614
6.538843135647828e-01	6.918387125518317e-02	615
6.386341859714909e-01	7.057110973996666e-02	616
5.606420328971840e-01	7.572923504139860e-02	617
5.447875517679553e-01	7.637472308366347e-02	618
6.232577618044438e-01	7.183967826061816e-02	619
6.077541732852375e-01	7.299459761269235e-02	620
2.134505255672904e-01	6.732065154733477e-02	621
2.005425367923463e-01	6.615087233435381e-02	622
1.879317464816971e-01	6.493592325108147e-02	623
1.756209271521464e-01	6.366640468792426e-02	624
1.383124063309803e-02	2.698604397663725e-02	625
3.502137424224759e-02	3.712836082749339e-02	626
2.902108736716257e-02	3.476214461356566e-02	627
8.079291191132225e-01	-5.514886174936543e-02	628
8.203103457127696e-01	-5.299666544499390e-02	629
5.136923089659929e-01	-8.765189258712147e-02	630
5.295816178851033e-01	-8.670750542111419e-02	631
3.925679634268436e-04	1.518023129383675e-02	632
2.347194457001217e-02	3.227474853690789e-02	633
8.948795563250882e-02	5.149774849484300e-02	634
8.042964708197248e-02	4.967391902217017e-02	635
3.110249899545524e-01	7.405871144891699e-02	636
2.963839640561289e-01	7.325700565136174e-02	637
3.712775862451657e-01	7.658568553907986e-02	638
3.559747169393211e-01	7.606760491686032e-02	639
9.394244721567336e-01	2.083679390142203e-02	640
9.316920372585961e-01	2.261681847766498e-02	641
6.237365596574459e-01	-7.931918198495340e-02	642
6.390716161016832e-01	-7.781363103635232e-02	643
3.358222528906404e-02	-4.630866354328601e-02	644
-2.316202227432336e-03	-1.369416702797121e-02	645
2.677958925325918e-01	-8.989062972877482e-02	646
-7.414212549253461e-03	-8.444149359870218e-03	647
3.953659635197705e-01	-1.094501282258399e-01	648
2.887187907610338e-01	-1.071021367364186e-01	649
7.911763921417457e-01	-7.297814970190204e-02	650
5.387576984357079e-01	-1.041070219280163e-01	651
9.225776436200661e-01	-4.192135308387433e-02	652
9.919504843272074e-01	1.059662152755076e-02	653
9.886091077426582e-01	1.253856500153992e-02	654
9.647843756973933e-01	2.221278074704904e-02	655
-1.356707480749941e-03	1.908365041162279e-02	656
9.946590106357297e-01	8.790084075000192e-03	657
9.994585097736794e-01	1.749339757106245e-03	658
1.000192612652317e+00	5.475232036881861e-04	659
9.988922652896807e-01	-5.094659925736139e-03	660
1.000463928017376e+00	6.876814969750486e-06	661
1.607534693395524e-02	-4.279496623533560e-02	662
-6.806336100689551e-03	2.690317945392390e-03	663
9.003939277910716e-02	-7.805219334070961e-02	664
9.309804226279794e-01	-3.925904265412748e-02	665
9.923973269897909e-01	-1.115622748468268e-02	666
5.696430421057661e-01	9.296873003622144e-02	667
9.994984002735979e-01	-1.765607931567160e-03	668
2.025566671484078e-04	-2.601765674031130e-02	669
7.082869998078509e-01	-8.656166518884124e-02	670
-4.658689822644016e-03	-1.739410998213537e-02	671
7.227259902960766e-01	-8.444393234807883e-02	672
1.140138934163261e-02	-3.869570396465477e-02	673
8.743071372746887e-01	-5.515585283954001e-02	674
3.437918657790106e-03	-3.028519147149835e-02	675
3.334905588161008e-01	-1.088352810395173e-01	676
8.634845274080822e-01	-5.776841020987016e-02	677
6.936241258962197e-01	-8.859888339765691e-02	678
9.949878743559699e-01	-9.130440715128670e-03	679
7.096681423985231e-03	-3.453958435917468e-02	680
9.805453559435615e-01	1.636787510770913e-02	681
5.217337037884350e-01	9.489916838899062e-02	682
9.520005085868899e-01	2.632412774555012e-02	683
6.631351854026399e-01	8.527190874989279e-02	684
9.969755667251456e-01	6.954531947036921e-03	685
5.057145105491331e-01	9.529813676880104e-02	686
2.741449286267107e-01	8.803269566252819e-02	687
3.329271803033044e-01	9.209099060733952e-02	688
1.563087880496030e-01	7.488377313244483e-02	689
6.533833283343961e-02	5.589717303938963e-02	690
1.000031506616089e+00	1.039110866230667e-03	691
-6.311604162313981e-03	-1.306385716532698e-02	692
-5.595480158853272e-03	1.163486110557799e-02	693
1.319625081185962e-02	3.292727351865670e-02	694
-6.966094823037885e-03	7.516809219950691e-03	695
9.661193486454540e-01	-2.590883233501914e-02	696
8.062142066247896e-02	-7.504975676025245e-02	697
-5.112310153621171e-03	-2.090916060163948e-04	698
1.548603840699411e-01	-9.298542531968161e-02	699
4.588058468056405e-01	-1.081779429594673e-01	700
2.134518127052346e-02	-4.688523940879506e-02	701
4.925948891012855e-03	2.617040742482730e-02	702
8.400714471118907e-01	5.553661640237674e-02	703
7.907523700859672e-01	6.579221282997562e-02	704
6.782230132021524e-01	8.351868225026886e-02	705
9.848684275138204e-01	1.440688399783680e-02	706
9.586149861979236e-01	2.423888958237174e-02	707
8.937536319203344e-01	4.270039812634399e-02	708
8.837852376586841e-01	4.523363500988574e-02	709
3.179590216876552e-01	9.120378651293376e-02	710
2.885148664411597e-01	8.916607743191061e-02	711
2.323703791372007e-01	8.431125933718692e-02	712
1.019382873477680e-01	6.525878377441505e-02	713
6.637460687821167e-01	-9.243732942391636e-02	714
6.787765522613756e-01	-9.055654180529425e-02	715
2.050866644291856e-01	-1.002860610154975e-01	716
8.751729076204352e-03	2.962435294964669e-02	717
1.447432060644689e-01	7.306857956145228e-02	718
9.757486042518192e-01	1.829140687239934e-02	719
9.987454450005583e-01	5.009123679983976e-03	720
1.518445378110791e-03	2.266979999840620e-02	721
-3.729386274360225e-03	1.540017292656842e-02	722
-2.486115319885836e-03	-2.172274036358103e-02	723
-6.875731774449064e-03	-3.220430579216087e-03	724
2.716592198535624e-02	-5.072757397953027e-02	725
1.000205593154639e+00	-5.410021010043727e-04	726
1.000056317337268e+00	-1.037977129010989e-03	727
9.717270716444742e-01	-2.326746761618937e-02	728
9.892057891895641e-01	-1.342137479295036e-02	729
5.854980034358851e-01	9.202352565208227e-02	730
4.428466706104793e-01	-1.086638578171188e-01	731
4.101587563523239e-01	9.516172684017199e-02	732
8.407279909903843e-01	-6.295652318702308e-02	733
8.522874073701238e-01	-6.037822961624519e-02	734
8.847739155341887e-01	-5.252543163501716e-02	735
8.948330506044871e-01	-4.987864386948706e-02	736
6.307617935590901e-02	-6.865282207384658e-02	737
7.163008233740996e-02	-7.191704095568463e-02	738
9.044881464135136e-01	-4.723298098540529e-02	739
9.137492402885681e-01	-4.457876004654650e-02	740
9.534568664769286e-01	-3.125261631295597e-02	741
9.600285882442952e-01	-2.857520941802015e-02	742
9.856214139135364e-01	-1.569540177455810e-02	743
7.646065322493250e-01	-7.772553407663454e-02	744
7.780322802914595e-01	-7.536977441384142e-02	745
9.972028845026523e-01	-7.138697527143183e-03	746
4.748031431747201e-01	-1.075744559854063e-01	747
4.907951547738650e-01	-1.068636359281135e-01	748
4.111231829514110e-01	-1.093094300627812e-01	749
4.269569285233201e-01	-1.090425793783398e-01	750
3.335375857517411e-02	-5.453945476910675e-02	751
9.389333976923772e-01	-3.658788347140934e-02	752
9.464171285211007e-01	-3.392271292686755e-02	753
1.317941273900684e-01	-8.851004453899212e-02	754
1.431507964259039e-01	-9.080949771693775e-02	755
5.546843916365323e-01	-1.030427712268055e-01	756
5.705911569400159e-01	-1.018285521778783e-01	757
9.768303324421269e-01	-2.068824437872208e-02	758
9.814679797444514e-01	-1.817203850342656e-02	759
7.369180684206648e-01	-8.226857451732880e-02	760
7.508846413225876e-01	-8.003340155855398e-02	761
9.988112032797039e-02	-8.092069587436530e-02	762
1.101580359252325e-01	-8.364046145156678e-02	763
1.208256458825185e-01	-8.609619420489131e-02	764
5.864001039556574e-01	-1.004999969612608e-01	765
6.021152340063345e-01	-9.906730741828615e-02	766
4.005270168862580e-02	-5.829092710781189e-02	767
4.728061972463610e-02	-6.193601526958097e-02	768
5.501813383378859e-02	-6.531511702778822e-02	769
3.487498714531783e-01	-1.091784206914252e-01	770
3.641822487156607e-01	-1.093905779065347e-01	771
3.797188655503052e-01	-1.094741556741049e-01	772
1.669448388000594e-01	-9.503069700495141e-02	773
1.793585043556595e-01	-9.692680220571817e-02	774
1.920763781790421e-01	-9.867537422477539e-02	775
2.183760957180212e-01	-1.017690346628355e-01	776
2.319421242288990e-01	-1.031218900472902e-01	777
3.034725847366245e-01	-1.078124540566319e-01	778
3.184151092884538e-01	-1.083842090778878e-01	779
2.458098025725431e-01	-1.043369989777573e-01	780
4.230102160403669e-02	4.809375881640663e-02	781
4.896969663521417e-01	9.556898714790729e-02	782
4.737105511685839e-01	9.572043054049681e-02	783
9.705048592957338e-01	2.023080594508449e-02	784
4.577288463277908e-01	9.575410277573496e-02	785
4.417957742356139e-01	9.566443086664339e-02	786
4.259432783802410e-01	9.546708599527499e-02	787
3.944631074858248e-01	9.474083776671824e-02	788
9.212433662845941e-01	3.533905566565822e-02	789
5.728819446235192e-02	5.337585249983928e-02	790
4.955707439814994e-02	5.085699573548425e-02	791
2.600182442556885e-01	8.685177605591946e-02	792
2.460657223831479e-01	8.565488951351910e-02	793
1.335199895588369e-01	7.119613039472807e-02	794
1.226714319391165e-01	6.927148864121140e-02	795
1.121197589812472e-01	6.736867802846722e-02	796
7.365208798210083e-01	7.535912968959424e-02	797
9.124930802820409e-01	3.774933110015084e-02	798
9.033186850243278e-01	4.020724056130518e-02	799
8.734079723437632e-01	4.778612329867293e-02	800
8.626708804922242e-01	5.035280138309994e-02	801
8.515554107925490e-01	5.294672140255783e-02	802
8.282672371966935e-01	5.811834608771295e-02	803
8.160970172266896e-01	6.070852909247695e-02	804
8.035742851983786e-01	6.327318718237591e-02	805
7.776396415927824e-01	6.826872684012027e-02	806
7.642271829333122e-01	7.070536586732346e-02	807
7.505031299313346e-01	7.307924892024183e-02	808
7.223035506939750e-01	7.755169416234667e-02	809
7.078291903156039e-01	7.965669319488287e-02	810
6.931223200462531e-01	8.164684942828253e-02	811
6.478682326714582e-01	8.689038306389216e-02	812
5.536927466166680e-01	9.376249727985171e-02	813
5.377241292696398e-01	9.437278541143161e-02	814
6.324577162318640e-01	8.837093141485299e-02	815
6.169240176406179e-01	8.972106770897353e-02	816
6.012629234768556e-01	9.094047372599737e-02	817
2.189803655891151e-01	8.289901382794060e-02	818
2.058687474977254e-01	8.142732082773252e-02	819
1.930346480067408e-01	7.989984824513358e-02	820
1.804880733127762e-01	7.830611883795785e-02	821
1.682383707964989e-01	7.663520841137900e-02	822
3.554756217423177e-02	4.523087251870949e-02	823
2.928609789586577e-02	4.230555000524152e-02	824
8.040448059520555e-01	-7.053914981635837e-02	825
8.166224950195973e-01	-6.804264583840179e-02	826
8.288556006820360e-01	-6.550455605112597e-02	827
5.068047618491193e-01	-1.060477878757361e-01	828
5.228021702199500e-01	-1.051249246057044e-01	829
2.338804028593076e-02	3.936547987832567e-02	830
1.800394178313953e-02	3.617036713607432e-02	831
9.217299346286398e-02	6.305045407914486e-02	832
8.281462204672094e-02	6.075473541849246e-02	833
7.386653966112575e-02	5.837207328178343e-02	834
3.031363488769193e-01	9.023204611700585e-02	835
3.788882885657071e-01	9.422091572974474e-02	836
3.634324226732665e-01	9.361473267189978e-02	837
3.480890286781140e-01	9.290362766244201e-02	838
9.449520976910489e-01	2.846973393109565e-02	839
9.374883852937986e-01	3.068683886880096e-02	840
9.295809269466871e-01	3.298344190444594e-02	841
6.177198652153331e-01	-9.753962550009856e-02	842
6.331924580863938e-01	-9.592590865031582e-02	843
6.485406315759467e-01	-9.422786369786079e-02	844
2.599264511768717e-01	-1.053412458136975e-01	845
2.742057916288572e-01	-1.062730114386899e-01	846
-1.048764050993039e-02	-1.170740021407330e-02	847
9.138471640325702e-02	-9.114457049450592e-02	848
9.993327215380198e-01	7.309445707339215e-03	849
9.850624439281827e-01	2.027076112093890e-02	850
5.481672495847609e-01	-1.235378232738337e-01	851
-1.032079901574022e-02	4.821616226559081e-03	852
9.995679383718191e-01	-3.922394631880746e-03	853
9.301031988526266e-01	-5.076980986647773e-02	854
9.382452242297569e-01	-4.750580544464279e-02	855
2.600184017996961e-02	-5.935431251734738e-02	856
9.952317345201499e-01	1.250070304118806e-02	857
4.984091001145173e-01	1.152908279262608e-01	858
-9.224113441946666e-03	-1.672461286843212e-02	859
7.301691091238277e-03	3.584619576141748e-02	860
-2.213805122049921e-03	-3.122182322848308e-02	861
9.642930403143063e-01	3.085918925140003e-02	862
9.975476240322201e-01	1.001374939044665e-02	863
-8.187270519605905e-03	1.508199956352922e-02	864
6.575608580009487e-01	1.049892465608788e-01	865
-6.131994960353358e-03	1.934528553942595e-02	866
1.000494411777023e+00	3.645185602777817e-04	867
1.000503617169329e+00	-3.500174115327078e-04	868
8.007469055793964e-01	-8.786612610569040e-02	869
1.582774097351178e-01	-1.086728912413662e-01	870
1.437326247906854e-02	-5.031397716043275e-02	871
4.034934966486334e-01	-1.290736921793608e-01	872
8.162697518945534e-02	-8.761413602515700e-02	873
4.515317707148311e-01	-1.283817816216650e-01	874
2.951983308809956e-01	-1.257534869232448e-01	875
9.889535244975045e-01	1.767950680814320e-02	876
5.629252242306626e-01	1.131137360342691e-01	877
9.579461215668456e-01	3.354923580872000e-02	878
9.511502623377686e-01	3.627327867062505e-02	879
7.870812367207081e-01	8.342214762381252e-02	880
1.483602208195570e-01	8.834959889961408e-02	881
2.659275023275042e-01	1.051506551816694e-01	882
9.930890206517824e-01	-1.569504675595072e-02	883
5.813739557968105e-02	6.422508016455922e-02	884
8.722418321344482e-01	-6.991011686783559e-02	885
9.994570200777178e-01	3.878464723610974e-03	886
9.923865249683287e-01	1.504516585912950e-02	887
9.995830503300915e-01	-7.409514006205272e-03	888
9.771009453532574e-01	-2.798558661616581e-02	889
9.474415614001428e-03	-4.553120871579405e-02	890
7.035989919995234e-01	-1.059742905205093e-01	891
-5.107927140140720e-03	-2.638446162635396e-02	892
7.182451167108995e-01	-1.036294069401463e-01	893
7.326404262539888e-01	-1.011815521115198e-01	894
5.054993727768541e-03	-4.092553631827068e-02	895
9.957610495073338e-01	-1.290238263020309e-02	896
1.120510796288206e-03	-3.595847036407034e-02	897
8.371394634383655e-01	7.167130620159110e-02	898
5.145753396159499e-01	1.149352652357706e-01	899
3.097207020421319e-01	1.092451141660556e-01	900
-9.753934860634222e-03	1.056078518067241e-02	901
3.144569422783969e-03	3.168837289292051e-02	902
6.728703925361805e-01	1.031200915092769e-01	903
8.917138201573882e-01	5.655614421707471e-02	904
3.247358208038695e-01	1.104021743671031e-01	905
2.948630198558064e-01	1.079692247486504e-01	906
2.802590735114221e-01	1.065933323692355e-01	907
6.737153076080327e-01	-1.103724650315676e-01	908
6.887416059207765e-01	-1.082277710451420e-01	909
9.805539978577762e-01	2.294623443493467e-02	910
-4.144920960230578e-04	2.768455983607902e-02	911
-3.549240532885085e-03	2.354828105851839e-02	912
-7.435363913497479e-03	-2.154710860112471e-02	913
-1.057948002357436e-02	-5.530142501910283e-03	914
2.002350398345216e-02	-5.507531359757160e-02	915
9.718460268436574e-01	-3.119671889994249e-02	916
9.898532595797435e-01	-1.866264974286993e-02	917
5.789785879954412e-01	1.121447571444258e-01	918
8.498115720123715e-01	-7.606922209907845e-02	919
8.612269887438003e-01	-7.300080602918201e-02	920
8.829033036866777e-01	-6.679651620145474e-02	921
8.931883964647922e-01	-6.363355344166725e-02	922
6.343073650759910e-02	-8.012213688446954e-02	923
7.230852857925701e-02	-8.394204982092933e-02	924
9.030387228399049e-01	-6.044945323421219e-02	925
9.124894976258454e-01	-5.724501805207952e-02	926
9.215187263981015e-01	-5.401415446700410e-02	927
9.598304986255068e-01	-3.771421204528019e-02	928
9.660820372303198e-01	-3.444792976519323e-02	929
7.743533393220404e-01	-9.338352987286562e-02	930
7.876786588485378e-01	-9.066567757721844e-02	931
9.979263082329853e-01	-1.023949430407434e-02	932
4.676644044927480e-01	-1.278845035925850e-01	933
4.837992572807121e-01	-1.272482495301718e-01	934
4.194560724017328e-01	-1.289819301458401e-01	935
4.354654726987185e-01	-1.287445336554352e-01	936
9.459012014251287e-01	-4.424170322246131e-02	937
9.530913025118298e-01	-4.098427308463460e-02	938
1.345416585139662e-01	-1.033453897232128e-01	939
1.462178515514901e-01	-1.060767646060316e-01	940
5.642641030348836e-01	-1.223759651731371e-01	941
9.818603990901206e-01	-2.482830906033606e-02	942
9.861627762113727e-01	-2.165868487419341e-02	943
7.467874408384456e-01	-9.867283468325794e-02	944
7.607154620665288e-01	-9.606961864121195e-02	945
1.016040292631685e-01	-9.452004423911729e-02	946
1.123729528794942e-01	-9.767375538348949e-02	947
1.232443444603882e-01	-1.004818779049466e-01	948
5.802746144658297e-01	-1.210117156302888e-01	949
5.961576057736654e-01	-1.195221034213937e-01	950
3.243522273137500e-02	-6.379617444408497e-02	951
3.945062637492279e-02	-6.818029291385327e-02	952
4.715405623378657e-02	-7.242957201744786e-02	953
5.506698904105571e-02	-7.620570809431036e-02	954
3.407160566476088e-01	-1.280273772212782e-01	955
3.562380818834150e-01	-1.285097453677988e-01	956
3.718955827572306e-01	-1.288318536106833e-01	957
3.876346544320082e-01	-1.290167159041678e-01	958
1.707083785736875e-01	-1.111104413149782e-01	959
1.834553621168050e-01	-1.133759216314122e-01	960
1.964926236774016e-01	-1.154731546694419e-01	961
2.098045516560017e-01	-1.174200584494644e-01	962
2.234004755943136e-01	-1.192230118799240e-01	963
3.254010573932757e-01	-1.274075864955557e-01	964
3.102309264938890e-01	-1.266590432746178e-01	965
2.373009757051225e-01	-1.208713455816238e-01	966
4.822948738298246e-01	1.154946370557240e-01	967
9.756074811522639e-01	2.556188824855601e-02	968
9.701889892416442e-01	2.819694714142770e-02	969
4.661812982819811e-01	1.155777631577924e-01	970
4.500811642995030e-01	1.155139781917048e-01	971
4.340611551415795e-01	1.153116415044970e-01	972
4.181144753679074e-01	1.149847706483185e-01	973
4.022335056465767e-01	1.145192801247002e-01	974
5.022854227275251e-02	6.127778618972460e-02	975
4.249811095438546e-02	5.792039440361463e-02	976
2.518458529820199e-01	1.037298026797743e-01	977
2.378194632723099e-01	1.021410169427196e-01	978
1.368691423245534e-01	8.603908164720879e-02	979
1.257404024197079e-01	8.366198317840282e-02	980
1.150226484885086e-01	8.139754086414652e-02	981
1.043931244107999e-01	7.885952965858199e-02	982
9.197106960996502e-01	4.762105164221375e-02	983
9.107825424526238e-01	5.057274905062745e-02	984
9.014452499602599e-01	5.355055742187203e-02	985
8.815491532322112e-01	5.958577171364789e-02	986
8.710038644256566e-01	6.260372620238137e-02	987
8.600990293965396e-01	6.563174441809450e-02	988
8.487973488790463e-01	6.866725659792726e-02	989
8.251640769764120e-01	7.466106496079440e-02	990
8.127854481929552e-01	7.763713814500300e-02	991
8.000643478468299e-01	8.055339699220242e-02	992
7.737676172794721e-01	8.621664335261105e-02	993
7.601516204718245e-01	8.897690051446991e-02	994
7.461939985177227e-01	9.160939000682397e-02	995
7.320282098966385e-01	9.415707337095706e-02	996
7.175898687420698e-01	9.656864580436754e-02	997
7.028940231377073e-01	9.890554072220931e-02	998
6.879736005808740e-01	1.010560195785572e-01	999
5.306879254018709e-01	1.144654791426509e-01	1000
5.467731327132691e-01	1.138468859820709e-01	1001
6.420848992925089e-01	1.067475952701331e-01	1002
6.264945561641255e-01	1.083003902726940e-01	1003
6.107599511241135e-01	1.097558361233972e-01	1004
5.949266002190429e-01	1.110058211339399e-01	1005
2.241633017686532e-01	1.004144242421641e-01	1006
2.108154189344847e-01	9.860676953014164e-02	1007
1.977509085369899e-01	9.673206807637967e-02	1008
1.849549499620588e-01	9.478392078980248e-02	1009
1.724366178260708e-01	9.273937371190119e-02	1010
1.602200401220387e-01	9.059206577939624e-02	1011
3.540873217401896e-02	5.441992235629100e-02	1012
2.886976786369067e-02	5.085080691395445e-02	1013
8.135362165484492e-01	-8.500143433398764e-02	1014
8.259984234209040e-01	-8.205165802496218e-02	1015
8.380678342193192e-01	-7.907379184565597e-02	1016
4.999295356411933e-01	-1.264900383548860e-01	1017
5.160707156686154e-01	-1.256044918568242e-01	1018
5.321585898132268e-01	-1.246043203560266e-01	1019
2.278486300877530e-02	4.743503037376579e-02	1020
1.698758558775316e-02	4.357661855184912e-02	1021
1.190490159680694e-02	3.964124266564046e-02	1022
9.427767017341936e-02	7.614295155383502e-02	1023
8.459782052904224e-02	7.331199115673444e-02	1024
7.533574959333203e-02	7.037883474527837e-02	1025
6.649241933941330e-02	6.733650173037488e-02	1026
3.864740114025380e-01	1.139230288517443e-01	1027
3.708475256168092e-01	1.132238942311575e-01	1028
3.553084780248220e-01	1.124103003419738e-01	1029
3.399140223344468e-01	1.114616486478504e-01	1030
9.282142868927724e-01	4.471348748521430e-02	1031
9.439408050240652e-01	3.902965742040179e-02	1032
9.363027056643591e-01	4.184392015309366e-02	1033
6.119421595198011e-01	-1.179025720607752e-01	1034
6.275795879806183e-01	-1.161847310825322e-01	1035
6.430983152780092e-01	-1.143543558768702e-01	1036
6.584797570604003e-01	-1.124282635100920e-01	1037
2.515654614008917e-01	-1.223087540102607e-01	1038
2.658657217832590e-01	-1.235214792774262e-01	1039
2.804028921743320e-01	-1.246982890216560e-01	1040
2.316716433284514e-03	-4.793568312191804e-02	1041
9.996000256919896e-01	9.419747513354306e-03	1042
9.782690190953686e-01	-3.610964310010821e-02	1043
1.000454904990443e+00	8.025760512017475e-04	1044
-1.822435477593415e-03	-4.229991160721744e-02	1045
7.361440061232841e-01	-1.209750310204069e-01	1046
9.198589591735952e-02	-1.059021995701016e-01	1047
-5.304507495085524e-03	-3.694182615421931e-02	1048
9.860474855372519e-01	2.685275794277962e-02	1049
-1.065873158845769e-02	-2.611634081057942e-02	1050
1.798167789186279e-02	-6.410894794929828e-02	1051
1.611239848667322e-01	-1.263450357731218e-01	1052
1.395665919722592e-01	1.027083122307162e-01	1053
7.568800150925157e-04	3.793373503385564e-02	1054
-8.956771548286944e-03	2.376679562444370e-02	1055
-1.389550816385076e-02	7.895958170601299e-03	1056
-7.194690073600399e-03	4.949360408176286e-04	1057
-7.199679362838259e-03	-9.923079241762358e-04	1058
-1.039305747220269e-02	8.593061758109762e-04	1059
-1.254498853143598e-02	-2.075481477866403e-02	1060
9.999545625695561e-01	-9.541547158152671e-03	1061
3.160509811709443e-01	1.305170034845260e-01	1062
9.831279871019202e-01	-3.220333221666352e-02	1063
9.971632906155827e-01	-1.702251092638384e-02	1064
9.463649872216892e-01	-5.588693871953777e-02	1065
8.046994608166773e-01	-1.056791211667500e-01	1066
4.116831841800237e-01	-1.510401068977570e-01	1067
9.986264805068000e-01	1.330108731934941e-02	1068
9.277834121964309e-01	5.788581659325735e-02	1069
9.512429218090337e-01	4.745516285722818e-02	1070
5.481362321514617e-01	1.358969119705273e-01	1071
5.155849053369411e-01	1.369749874277736e-01	1072
6.600827121722276e-01	1.259963327757014e-01	1073
7.772556560537004e-01	1.047557228960952e-01	1074
4.910990375676655e-01	1.374737099791984e-01	1075
5.498898888356103e-01	-1.457833269407207e-01	1076
3.313290180091786e-01	1.319056351579852e-01	1077
9.964077375795145e-01	1.660525659896409e-02	1078
8.183830535773444e-02	-1.017569968030497e-01	1079
1.000309990498849e+00	1.852668898667751e-03	1080
9.900720298220379e-01	2.341023026305507e-02	1081
-1.040548190738317e-02	-1.410929485379158e-03	1082
1.000475759073956e+00	-7.898275807805938e-04	1083
1.000360508067534e+00	-1.849327463753562e-03	1084
9.385147315363312e-01	-5.983173215672492e-02	1085
2.398342907780887e-02	-6.896609012253427e-02	1086
-1.391958148625627e-02	-1.531346324749753e-02	1087
5.170268629252695e-03	4.276860017417956e-02	1088
-8.207618342996634e-03	-3.154770736166219e-02	1089
9.647252970745698e-01	4.059311767037744e-02	1090
-1.116164556427772e-02	1.895810591861689e-02	1091
1.000772710791371e+00	1.610538373944693e-04	1092
1.000776833745137e+00	-1.387302099649982e-04	1093
6.770891151040933e-03	-5.311318748824170e-02	1094
3.167911829469457e-01	-1.478145150380722e-01	1095
3.014675287143133e-01	-1.466926851608127e-01	1096
9.935236768248813e-01	1.996360879046194e-02	1097
5.726302633539070e-01	1.345540094492365e-01	1098
9.582026884784675e-01	4.402433066669002e-02	1099
9.945024795132698e-01	-2.063886914593956e-02	1100
7.068640017338482e-01	-1.264036311668018e-01	1101
-1.287862034651969e-02	1.400156565544712e-02	1102
3.009670783778751e-01	1.290335756833664e-01	1103
2.860502026346814e-01	1.273671259507665e-01	1104
2.714829723056201e-01	1.256595557614856e-01	1105
6.767155179676213e-01	-1.313589227178725e-01	1106
-3.000647784383762e-03	3.329477364514899e-02	1107
-6.197827752028874e-03	2.856992691076342e-02	1108
-1.443313116297049e-02	-8.747708194795343e-03	1109
1.199009867562460e-02	-5.875697900361906e-02	1110
8.598121479758351e-01	-9.014133635934782e-02	1111
8.710592917643334e-01	-8.651110649155708e-02	1112
8.819116960332174e-01	-8.287371178661687e-02	1113
8.924330628560514e-01	-7.913285030934217e-02	1114
7.217996432302193e-02	-9.745975873763596e-02	1115
6.297202242035053e-02	-9.300025277191561e-02	1116
9.025250349460102e-01	-7.536239387132149e-02	1117
9.121706670490382e-01	-7.152855804812694e-02	1118
9.214088796211409e-01	-6.766552811799720e-02	1119
9.301898870658530e-01	-6.376900158999801e-02	1120
9.669819732906039e-01	-4.402170875579257e-02	1121
9.728831298844690e-01	-4.005806829263062e-02	1122
7.781220165322614e-01	-1.120310398154976e-01	1123
9.991794806255642e-01	-1.353118748252990e-02	1124
4.603962928085081e-01	-1.504196670443844e-01	1125
4.767308859348084e-01	-1.498889953646549e-01	1126
4.278822912179543e-01	-1.509895452026912e-01	1127
4.440954447433484e-01	-1.507776568334731e-01	1128
9.536979043476758e-01	-5.194302577767276e-02	1129
9.605778613381732e-01	-4.798975324031554e-02	1130
1.366249425196568e-01	-1.200470441233929e-01	1131
1.486611730692391e-01	-1.232733670847469e-01	1132
9.875106179984842e-01	-2.825420166083742e-02	1133
9.912926373758582e-01	-2.441408558665342e-02	1134
7.574682477352361e-01	-1.166241456713098e-01	1135
1.027692047995513e-01	-1.098726116731898e-01	1136
1.139471241037263e-01	-1.133388506180796e-01	1137
1.249797999995441e-01	-1.166758541486515e-01	1138
5.823793620174168e-01	-1.431118013599162e-01	1139
3.068757514260998e-02	-7.415975550481139e-02	1140
3.816620073170236e-02	-7.932910212294425e-02	1141
4.630540917404055e-02	-8.407260861021953e-02	1142
5.427886401539336e-02	-8.841442016580071e-02	1143
3.322223066184547e-01	-1.487551149621252e-01	1144
3.478453188050915e-01	-1.495582667232798e-01	1145
3.636659673230695e-01	-1.501762790529085e-01	1146
3.795682162650353e-01	-1.506246127610633e-01	1147
3.955557661432963e-01	-1.509126822876015e-01	1148
1.739228220454854e-01	-1.292192009785667e-01	1149
1.870417652672552e-01	-1.318986418771919e-01	1150
2.004065391590059e-01	-1.343900940274840e-01	1151
2.140656414454814e-01	-1.367144554899058e-01	1152
2.280266249230568e-01	-1.388746204465963e-01	1153
9.814274565478012e-01	3.033853037821820e-02	1154
9.763548756680639e-01	3.374706043648187e-02	1155
9.707814109354779e-01	3.716858548182925e-02	1156
4.748316731876713e-01	1.376573169090365e-01	1157
4.584980194926740e-01	1.376539652738080e-01	1158
4.422841180443979e-01	1.374560221069501e-01	1159
4.261050152322834e-01	1.371057875501716e-01	1160
4.100373736420151e-01	1.365991845893811e-01	1161
5.019221208017782e-02	7.288143643511981e-02	1162
4.203558775334146e-02	6.903583676030535e-02	1163
2.572528326645349e-01	1.238764839924600e-01	1164
2.429909677435047e-01	1.221465903537478e-01	1165
1.281447223370408e-01	9.984127213691910e-02	1166
1.173145273257519e-01	9.703529982607806e-02	1167
1.063164763544485e-01	9.420620878057978e-02	1168
9.191101653425399e-01	6.140326534574574e-02	1169
9.099971956142163e-01	6.498356011079340e-02	1170
9.005010255384188e-01	6.853775891960930e-02	1171
8.905530499886952e-01	7.214034012887631e-02	1172
8.801903448629778e-01	7.571000067768609e-02	1173
8.694569198228209e-01	7.926100580093280e-02	1174
8.583310737326103e-01	8.278327879976757e-02	1175
8.408942618659074e-01	8.806439499863243e-02	1176
8.227458023926063e-01	9.323021687209705e-02	1177
8.036885384733892e-01	9.825555535153511e-02	1178
7.495015722588910e-01	1.108881406947968e-01	1179
7.206686749925160e-01	1.165079732280248e-01	1180
6.907955518277781e-01	1.215737783755894e-01	1181
6.287017008433381e-01	1.297087239501695e-01	1182
5.967901544473165e-01	1.327063705580796e-01	1183
2.289069700854627e-01	1.200480427782127e-01	1184
2.152785984699067e-01	1.178994037081136e-01	1185
2.019463717397798e-01	1.155942169104417e-01	1186
1.889083948470275e-01	1.132842716855030e-01	1187
1.760999422567928e-01	1.108145345552186e-01	1188
1.635687964680770e-01	1.082511202229590e-01	1189
1.513655468435331e-01	1.055373735034288e-01	1190
3.446855115087231e-02	6.477376335667005e-02	1191
2.762574711309464e-02	6.045173091486408e-02	1192
8.239346040407425e-01	-1.006586697410208e-01	1193
8.362406522687769e-01	-9.719280857928474e-02	1194
8.481678976780160e-01	-9.370983396268283e-02	1195
4.930501378242081e-01	-1.491932299232763e-01	1196
5.175076491162158e-01	-1.478759584214056e-01	1197
2.147443519232440e-02	5.641129853642788e-02	1198
1.530832649738194e-02	5.195749819313215e-02	1199
9.857028229984421e-03	4.717749460670151e-02	1200
9.567196043934267e-02	9.091877621721865e-02	1201
8.561513537658742e-02	8.747718952999747e-02	1202
7.602013597480020e-02	8.391189458985700e-02	1203
6.685391565995971e-02	8.021789567813896e-02	1204
5.817468128772585e-02	7.643046028008538e-02	1205
3.940063095420687e-01	1.359194855918878e-01	1206
3.782039716025621e-01	1.351238685062957e-01	1207
3.624488257661657e-01	1.342034315725462e-01	1208
3.467811395557087e-01	1.331283141844056e-01	1209
9.438708753706009e-01	5.089289076455272e-02	1210
9.360450483776541e-01	5.436820323992801e-02	1211
6.143770871688569e-01	-1.397229357920554e-01	1212
6.458184859449304e-01	-1.358033377286318e-01	1213
2.424216386366635e-01	-1.408311619121594e-01	1214
2.569992296329772e-01	-1.424221695576853e-01	1215
2.714864964820830e-01	-1.439467577412548e-01	1216
2.863321997971371e-01	-1.453984245346206e-01	1217
9.998606840407652e-01	-2.560897959572994e-03	1218
9.997931449901570e-01	2.543395635764936e-03	1219
-9.036036573627995e-03	-4.316979558182678e-02	1220
-1.388002757166465e-02	3.334359422405408e-03	1221
1.000820901535145e+00	-5.411877249315279e-04	1222
9.897908736774796e-01	-3.538864993800756e-02	1223
9.981652418496207e-01	2.097515464964531e-02	1224
-1.653498083422538e-02	1.786169143437907e-02	1225
9.724573772826817e-01	4.710339174846103e-02	1226
1.001091709239204e+00	-8.248764323344379e-03	1227
9.966896511569769e-01	-2.587361897316010e-02	1228
-1.857821093751557e-02	-1.245546480079798e-02	1229
1.486722834522166e-02	-7.395540959977345e-02	1230
-5.511479794114776e-03	-4.931065469142237e-02	1231
3.300146973972071e-01	1.545283827669817e-01	1232
1.000805499381701e+00	5.641137462039583e-04	1233
-6.214904572322795e-03	3.947673202428805e-02	1234
-1.472890774678980e-02	2.330916678600561e-02	1235
-1.318734669956634e-03	-5.551536340950800e-02	1236
9.854065255690327e-01	-4.023136704502250e-02	1237
5.355599699187746e-01	-1.716598208700885e-01	1238
9.954282361591504e-01	2.523738526588498e-02	1239
3.153068919987656e-01	-1.702498980708396e-01	1240
9.555037066281068e-01	-6.411606784168776e-02	1241
9.439784590360025e-01	-7.123220018211708e-02	1242
6.333573912831979e-01	-1.618659022900505e-01	1243
9.177060483710235e-02	-1.225047639797957e-01	1244
1.698076830480673e-01	-1.478748144915086e-01	1245
-1.648098757897627e-02	-2.519777597553974e-02	1246
4.281851299691922e-01	-1.745854751418405e-01	1247
7.104234606992367e-02	-1.125783314238330e-01	1248
8.107659160811927e-02	-1.176113791157603e-01	1249
1.241522432604999e-01	1.162765689231048e-01	1250
9.879616471022065e-01	3.405449724914340e-02	1251
9.326877371100184e-01	7.044121051242752e-02	1252
-1.772031167714480e-02	1.147933558556696e-02	1253
-2.356830007966904e-03	4.491187560179927e-02	1254
9.804921998241882e-01	-4.501206472507843e-02	1255
1.000410704112540e+00	1.221077530996813e-03	1256
9.920469963990191e-01	2.967622599287890e-02	1257
-9.280295553423138e-03	-2.671096017888645e-04	1258
-1.790173882018657e-02	-1.927828729882481e-02	1259
9.991536530192870e-01	-2.136083877208692e-02	1260
7.513845326627249e-01	-1.404346735815311e-01	1261
5.046168139497930e-01	1.618929774992183e-01	1262
4.755164970562591e-01	1.612244459560033e-01	1263
1.000301290296441e+00	1.679035423032575e-02	1264
1.001102681336991e+00	1.591001746650893e-05	1265
1.000787400242613e+00	8.196694329251459e-03	1266
-1.407599237527039e-02	-3.964309819093828e-03	1267
1.000443093876831e+00	-1.211106490588371e-03	1268
2.095142134307433e-02	-7.960993645758613e-02	1269
-1.450451069853871e-02	-3.115000513160957e-02	1270
-1.202351504066657e-02	-3.708777642876334e-02	1271
5.622400201768085e-01	1.596808113126744e-01	1272
8.859458016758685e-03	-6.817917527056584e-02	1273
9.662596033440266e-01	5.139500692142825e-02	1274
9.595824024878185e-01	5.565594319618970e-02	1275
5.334459390671542e-01	1.609338637998227e-01	1276
2.992366968888697e-01	1.511939490416784e-01	1277
2.694688042998935e-01	1.470354268935493e-01	1278
7.258600392124293e-01	-1.460052351600383e-01	1279
-9.549056991657555e-03	3.405099674036875e-02	1280
-1.238274833471028e-02	2.871374584604534e-02	1281
3.224082567430235e-03	-6.152968279014358e-02	1282
8.762814273475180e-01	-1.023834560974816e-01	1283
8.978150874528902e-01	-9.388899929262626e-02	1284
6.150422006844649e-02	-1.073790932958507e-01	1285
9.176711539510513e-01	-8.500989676612435e-02	1286
9.314218381872886e-01	-7.822788029388215e-02	1287
9.750172321672894e-01	-4.981701473158563e-02	1288
1.001041447206795e+00	-1.698854837844466e-02	1289
4.611737891277098e-01	-1.741654619970999e-01	1290
9.624863905105486e-01	-5.938707532029491e-02	1291
9.690073432246454e-01	-5.461217930095691e-02	1292
1.440744894482999e-01	-1.406965698801698e-01	1293
9.935955140852700e-01	-3.062846563223112e-02	1294
7.726256968014688e-01	-1.352867036183344e-01	1295
7.964166284533377e-01	-1.289788873172092e-01	1296
1.089060866150887e-01	-1.289749393978969e-01	1297
1.258191590706065e-01	-1.348213469309446e-01	1298
5.684384104866647e-01	-1.692271953643449e-01	1299
2.803636215184499e-02	-8.574897500723205e-02	1300
3.617243788920374e-02	-9.183908231993100e-02	1301
4.432144720999444e-02	-9.692104409351926e-02	1302
5.247761708388597e-02	-1.020320830217493e-01	1303
3.468893065758141e-01	-1.724905054041256e-01	1304
3.791123445087308e-01	-1.738765209455232e-01	1305
4.035229491542391e-01	-1.745203576346702e-01	1306
1.968136851614532e-01	-1.540415894586532e-01	1307
2.250074806587678e-01	-1.595183448317234e-01	1308
9.833076081979413e-01	3.846677859595933e-02	1309
9.781499185023865e-01	4.278629235557339e-02	1310
4.425059378445998e-01	1.609310428865647e-01	1311
4.098142955828101e-01	1.599445578656739e-01	1312
4.089696639777710e-02	8.151157093071908e-02	1313
2.406198311839002e-01	1.432030320912422e-01	1314
1.077184321980226e-01	1.114670140794051e-01	1315
8.178459539788263e-01	1.149667747525170e-01	1316
9.149203602615044e-01	7.877231167067217e-02	1317
8.954271207749643e-01	8.711477674580449e-02	1318
8.742319942863831e-01	9.530866279927612e-02	1319
8.544965106733413e-01	1.031332006974292e-01	1320
8.366277624639884e-01	1.091115125501450e-01	1321
7.949222572117378e-01	1.215254438152780e-01	1322
7.676192862729154e-01	1.287041541290201e-01	1323
7.390615881593864e-01	1.353529688934229e-01	1324
7.094279331252346e-01	1.413865944602130e-01	1325
6.788149839584582e-01	1.467328989303072e-01	1326
6.474096978679714e-01	1.513124803887643e-01	1327
6.154048691045084e-01	1.550937464189336e-01	1328
5.870285181017687e-01	1.578598165641598e-01	1329
2.123921741114503e-01	1.380292880541062e-01	1330
1.856954951872061e-01	1.325588207204784e-01	1331
1.662661090601588e-01	1.280706995801560e-01	1332
1.536236894119745e-01	1.248578220300263e-01	1333
1.413962286933392e-01	1.214558719097824e-01	1334
3.265799885883502e-02	7.640054659729160e-02	1335
2.539653214031774e-02	7.115712630649804e-02	1336
8.194831896845238e-01	-1.224070704866399e-01	1337
8.412593007704694e-01	-1.146499443021635e-01	1338
8.592368843774884e-01	-1.086767384614779e-01	1339
4.860332420085235e-01	-1.733194046957669e-01	1340
5.068173995275193e-01	-1.734373356155794e-01	1341
1.911280155155834e-02	6.629744232200065e-02	1342
1.289797103042016e-02	6.136280129946278e-02	1343
6.984422237057803e-03	5.561081115317545e-02	1344
2.153573333217163e-03	5.035261714949900e-02	1345
9.631173636333876e-02	1.075608875089436e-01	1346
8.569909888035035e-02	1.033922111597005e-01	1347
7.571785154212725e-02	9.908947563123270e-02	1348
6.621498267377651e-02	9.463957973628054e-02	1349
5.721915815222525e-02	9.006058030983674e-02	1350
4.904634060701088e-02	8.574420492520426e-02	1351
3.775820615767630e-01	1.581564859411053e-01	1352
3.536542743707537e-01	1.566793721913673e-01	1353
9.524786506184324e-01	5.989118691404340e-02	1354
9.449143666768427e-01	6.410119471460125e-02	1355
6.012367441679183e-01	-1.659133406444550e-01	1356
6.649073417476352e-01	-1.571957782368602e-01	1357
6.958035982725161e-01	-1.518948130763077e-01	1358
2.546169018230555e-01	-1.636362035862728e-01	1359
2.843553943791733e-01	-1.672718738277402e-01	1360
1.001290117612756e+00	1.417846112940476e-02	1361
1.000499550085534e+00	-2.478612823912799e-03	1362
1.000278777177046e+00	-3.364942451512612e-03	1363
1.000698477788141e+00	6.709701136152994e-03	1364
3.701427976047786e-02	-1.083468276236197e-01	1365
1.001510997406695e+00	2.003105007896312e-02	1366
1.001098597169305e+00	3.670405627381504e-04	1367
1.001625160305379e+00	-9.872515276633517e-03	1368
-1.659194658893231e-02	-4.310444898252573e-02	1369
-6.011592370059623e-03	-6.371384778446325e-02	1370
1.000935124007324e+00	-6.745920878653180e-03	1371
1.001894750888540e+00	-1.428813095941785e-02	1372
-1.364134419918562e-02	4.007574788671189e-02	1373
-2.214219990598798e-02	1.541029027295541e-02	1374
-2.332345281772308e-02	-1.644152609887180e-02	1375
9.863363038889317e-01	4.723924868044040e-02	1376
7.678990181730136e-01	-1.614280549609901e-01	1377
3.403357872983491e-01	1.817838299314785e-01	1378
1.001240382358988e+00	9.820135642901916e-03	1379
9.315081926830679e-01	-9.562724684980531e-02	1380
4.646528460401656e-03	-7.846812070003968e-02	1381
4.258132053714959e-02	9.764824986270088e-02	1382
-1.032370134094178e-02	4.623161668443408e-02	1383
-1.367283916514764e-02	-4.988852076453032e-02	1384
4.159163738640099e-01	-2.018516576302161e-01	1385
9.656997330986629e-01	-7.175894667480869e-02	1386
6.533439878921459e-01	-1.861076176918259e-01	1387
5.543304492006447e-01	-1.981046013371124e-01	1388
9.931064301227053e-01	-4.293962224366177e-02	1389
9.967324140505581e-01	-3.716031353350489e-02	1390
1.046182892489232e-02	-8.464926116392306e-02	1391
1.679478206366042e-02	-9.136371192667239e-02	1392
1.000803444739126e+00	1.008616534155601e-03	1393
9.981813249534376e-01	3.078832285465227e-02	1394
1.000809453441032e+00	2.563904274882914e-02	1395
9.753907710621651e-01	5.793159490950280e-02	1396
2.818120524673059e-01	1.740481790375817e-01	1397
5.771628840851228e-01	1.859391774400569e-01	1398
7.160192157712638e-01	-1.741303072870279e-01	1399
5.879723071871168e-02	-1.233258549108929e-01	1400
1.000179684051671e+00	3.350514751926591e-03	1401
1.000428186778535e+00	2.480414887599611e-03	1402
-1.303662845117131e-02	1.394415119416206e-04	1403
9.888335567781831e-01	-4.882956035793917e-02	1404
9.811484684944805e-01	5.258640822874101e-02	1405
1.001108832873250e+00	-3.353878885275822e-04	1406
9.997194596255604e-01	-3.132097718616669e-02	1407
-2.085853506781489e-02	2.212919071810938e-02	1408
-1.013246863152647e-02	-5.691181761565086e-02	1409
5.231501741885771e-01	-2.002902979760248e-01	1410
-2.256792938117200e-02	-2.358318764200795e-02	1411
6.868495563649391e-02	-1.294013222278126e-01	1412
7.922992917232959e-02	-1.353213777851679e-01	1413
9.948576288376410e-01	3.631779930599055e-02	1414
-1.861691267980290e-02	5.766100812718696e-03	1415
9.839228765852669e-01	-5.460372831063118e-02	1416
1.002036757002168e+00	-2.593873328087966e-02	1417
7.441613403376597e-01	-1.675882971571560e-01	1418
-1.904525473410133e-02	-6.453992490501902e-03	1419
1.000831631192466e+00	-9.867781381261240e-04	1420
4.946262602474490e-02	-1.170879459330256e-01	1421
-2.112932585775637e-02	-3.008342223454628e-02	1422
-1.913851954412349e-02	-3.659424805717789e-02	1423
5.207499926109439e-01	1.888180553403738e-01	1424
-1.206340493196135e-03	-7.089094917317507e-02	1425
9.690873920230323e-01	6.322535468847491e-02	1426
5.497483816239669e-01	1.875866448269911e-01	1427
3.128568558297802e-01	1.785727413127266e-01	1428
6.043086827468510e-01	1.833358401555842e-01	1429
-1.658137612540040e-02	3.414675955424710e-02	1430
-1.898724433068900e-02	2.816567611126064e-02	1431
8.939448308717253e-01	-1.151890302170872e-01	1432
9.147785903310338e-01	-1.048791291389523e-01	1433
9.447610487483974e-01	-8.733856180746070e-02	1434
9.566473758267745e-01	-7.893504576145309e-02	1435
1.002431255313692e+00	-2.020927524977305e-02	1436
4.452351413190882e-01	-2.018882392067013e-01	1437
9.723553600905289e-01	-6.615648237922681e-02	1438
9.784215953428650e-01	-6.039931953011308e-02	1439
3.907193333734106e-01	-2.012213898792322e-01	1440
8.378051456778817e-01	-1.387597777957853e-01	1441
8.568566994914822e-01	-1.311164028996661e-01	1442
7.907298644146187e-01	-1.548098939649585e-01	1443
9.379888902132598e-02	-1.422992590505670e-01	1444
1.110720309973619e-01	-1.492966590277098e-01	1445
1.287199003602147e-01	-1.562367068270824e-01	1446
2.447833867001999e-02	-9.871524864594446e-02	1447
3.292763211509362e-01	-1.973821872882028e-01	1448
3.619422878736627e-01	-1.998059020118026e-01	1449
1.510931518862799e-01	-1.640783642397175e-01	1450
1.781736507282048e-01	-1.721967375538430e-01	1451
6.850723424160684e-01	-1.804854521214694e-01	1452
9.909141360009309e-01	4.174709663369527e-02	1453
4.902988664271056e-01	1.889475505379924e-01	1454
4.598348864098291e-01	1.883825767208097e-01	1455
1.106851772931132e-01	1.316110670769325e-01	1456
9.301841464917167e-01	8.896130030083849e-02	1457
9.115377980004135e-01	9.890493678783888e-02	1458
8.332610317706370e-01	1.327814266751416e-01	1459
8.910590779997564e-01	1.086977553890135e-01	1460
8.711855782411407e-01	1.177476887218722e-01	1461
8.517413788362682e-01	1.259558425131884e-01	1462
8.121345772370003e-01	1.399332940634834e-01	1463
7.867979305789956e-01	1.477623166554015e-01	1464
7.585329785789815e-01	1.556399944559622e-01	1465
7.290704924292234e-01	1.628357473513157e-01	1466
6.985377510101671e-01	1.692813926650923e-01	1467
6.670771352279312e-01	1.749024405953987e-01	1468
6.349081029146755e-01	1.796310590541015e-01	1469
2.525865856177633e-01	1.694273993065565e-01	1470
2.229297872992605e-01	1.639542854707340e-01	1471
1.950093709979876e-01	1.574981370239515e-01	1472
1.713631218688217e-01	1.513685580998662e-01	1473
1.489198311429859e-01	1.434391872173425e-01	1474
1.273942927226837e-01	1.373916338256576e-01	1475
2.998630794465704e-02	8.947441949680895e-02	1476
2.206967206130248e-02	8.305041828105135e-02	1477
8.143321378197003e-01	-1.473815159443654e-01	1478
8.746854370237397e-01	-1.238457822448436e-01	1479
4.747354261140324e-01	-2.013843970236292e-01	1480
4.964431408568710e-01	-2.011298959377695e-01	1481
1.548292558142909e-02	7.713618804527923e-02	1482
9.423668342524857e-03	7.171738075549099e-02	1483
3.244836021020572e-03	6.503626906468778e-02	1484
-1.909468698017050e-03	5.864552851948887e-02	1485
-6.389699720795337e-03	5.255971865388184e-02	1486
9.619447470846247e-02	1.262766197703120e-01	1487
8.473310282745330e-02	1.212256397166486e-01	1488
7.421721945502208e-02	1.160333414263160e-01	1489
6.433354450301684e-02	1.107040069414858e-01	1490
5.496722196295497e-02	1.052053861924503e-01	1491
4.264651232234331e-01	1.875765122880708e-01	1492
3.933390718549430e-01	1.858885140830337e-01	1493
3.648658784960915e-01	1.839552097787361e-01	1494
9.585699676495770e-01	7.077444877158634e-02	1495
9.452601024383782e-01	8.004466555825926e-02	1496
5.879071893478225e-01	-1.950631178484784e-01	1497
6.209980265431486e-01	-1.909815893446372e-01	1498
2.063052352468846e-01	-1.792718434221727e-01	1499
2.363347549324220e-01	-1.852742229278015e-01	1500
2.663904133234977e-01	-1.898805154924514e-01	1501
2.973555740778170e-01	-1.940402868795461e-01	1502
1.000834216699259e+00	3.066786416087946e-03	1503
1.000327979649134e+00	-5.146461412106925e-03	1504
9.996032180049674e-01	-5.737841267582121e-03	1505
1.000308781845459e+00	1.156628865418333e-02	1506
-2.586720765857136e-02	2.679953024833327e-02	1507
1.000162917825959e+00	5.110867948705535e-03	1508
-2.161549151050729e-02	4.011590094753996e-02	1509
9.769942954059180e-01	-7.853227935982861e-02	1510
1.001181552557504e+00	-7.427957840362154e-04	1511
1.003569116983391e+00	-1.631464451130822e-02	1512
1.005184354999081e+00	-1.710369547427427e-02	1513
9.934370924170998e-01	-5.783357017299482e-02	1514
1.000788400847948e+00	1.451358317321323e-03	1515
9.905511547158349e-01	5.647902218481353e-02	1516
2.637974708483415e-01	1.989320025321714e-01	1517
1.002508822429463e+00	-8.683620401793473e-03	1518
1.002056700745603e+00	-7.390963821022307e-03	1519
-1.179396451015572e-02	-7.269853229533574e-02	1520
1.001159082322016e+00	7.756749601768332e-04	1521
-1.546268891009342e-02	5.357657756771128e-02	1522
1.322995272856394e-01	-1.809599535980653e-01	1523
3.422953115236384e-02	-1.251323051290605e-01	1524
9.468664839058175e-01	-1.054232077264470e-01	1525
7.869059181666895e-01	-1.836007772465920e-01	1526
1.000773663695156e+00	-1.168543568381084e-02	1527
1.001780046851828e+00	7.390957477920898e-03	1528
1.002170195426028e+00	8.685798761170947e-03	1529
1.000829758424266e+00	-1.431792253858583e-03	1530
-2.214340573920302e-02	-4.949773545984007e-02	1531
5.659545996092166e-01	2.172046805611633e-01	1532
6.746826900430277e-01	-2.125090177385871e-01	1533
4.307166559746531e-01	-2.324192589831383e-01	1534
5.941783557248674e-01	2.147930133013246e-01	1535
9.458458467220401e-01	9.869198332955503e-02	1536
9.093859940987695e-01	1.217224329585315e-01	1537
3.242329780703972e-01	2.089511711907292e-01	1538
2.818395477527824e-02	1.054200362674692e-01	1539
5.109955339474289e-01	-2.316710811521502e-01	1540
-1.871187780721397e-02	4.656338923944101e-02	1541
1.002716064688597e+00	2.984075541759500e-02	1542
5.411845817017431e-01	-2.300712330560782e-01	1543
9.994238870439275e-01	5.668382057946937e-03	1544
1.002849711261008e+00	1.625579701248947e-02	1545
1.004412318457230e+00	1.711279195410240e-02	1546
1.000928883556556e+00	-3.056917660540915e-03	1547
-2.718235807235204e-02	1.966536325596518e-02	1548
3.509345192092554e-01	2.121800663923164e-01	1549
1.001470053690823e+00	1.959613029104681e-04	1550
1.001475389466051e+00	-1.530608456461598e-04	1551
-6.761991564029586e-03	-8.112097899783675e-02	1552
-1.589506497499252e-02	-6.500403560615660e-02	1553
4.026858781465088e-01	-2.317978879310001e-01	1554
9.975849004346516e-01	-5.078380462415068e-02	1555
1.000790855032655e+00	-4.381579865880044e-02	1556
-9.859134798280338e-04	-8.949324085720944e-02	1557
4.679885355320632e-03	-9.629669069538324e-02	1558
1.000821323301845e+00	2.081984771881808e-03	1559
9.950385526980449e-01	4.979764212062483e-02	1560
9.854956840873458e-01	6.301721175215932e-02	1561
2.943101212478098e-01	2.043468821548770e-01	1562
7.066598648979324e-01	-2.056886069284398e-01	1563
4.990179302179964e-02	-1.370494505812144e-01	1564
1.003759841017068e+00	-3.714899142983757e-02	1565
-1.934836343925441e-02	-5.711619218376861e-02	1566
-2.870470062978966e-02	-2.068309956110869e-02	1567
6.525412547242115e-02	-1.474906671360545e-01	1568
7.805061483929857e-02	-1.559215016756488e-01	1569
1.001936963310613e+00	3.677078663500780e-02	1570
-2.314041636004618e-02	9.452670869499472e-03	1571
-1.717070169185140e-02	-2.130968186879370e-03	1572
1.004172351912712e+00	-3.008141837924080e-02	1573
7.367335991328925e-01	-1.983141805867342e-01	1574
7.631281302739492e-01	-1.910119324153850e-01	1575
-1.889316593462612e-02	-2.843803573837026e-04	1576
-2.386345151939483e-02	-1.019774883896509e-02	1577
1.000882813655414e+00	-2.064996289109716e-03	1578
-2.793786310880282e-02	-2.822596524194369e-02	1579
-2.663599927992031e-02	-3.535783285113814e-02	1580
-2.462142945967496e-02	-4.250807323776958e-02	1581
5.373468953663803e-01	2.186730075094987e-01	1582
9.797693797667943e-01	6.953649010027158e-02	1583
-2.408686940515093e-02	3.348301591556527e-02	1584
9.131129369653280e-01	-1.274547364528298e-01	1585
9.318675406956960e-01	-1.158893575416610e-01	1586
9.593606246561948e-01	-9.542234575118558e-02	1587
9.696432028399098e-01	-8.609683390818139e-02	1588
9.832636327422186e-01	-7.168629354038462e-02	1589
9.886959715550819e-01	-6.475804025776745e-02	1590
8.561744009185684e-01	-1.565079716468410e-01	1591
8.347120754479204e-01	-1.659874007196672e-01	1592
9.460101713688535e-02	-1.644403245435972e-01	1593
1.119904432137220e-01	-1.721588692128189e-01	1594
1.151462426959986e-02	-1.043923966464732e-01	1595
2.190403298900890e-02	-1.147521088918741e-01	1596
3.434941061311070e-01	-2.278522804253837e-01	1597
3.749613885747286e-01	-2.303649131112662e-01	1598
1.575891092987098e-01	-1.905626655754076e-01	1599
9.986025704147879e-01	4.314810671041552e-02	1600
5.065683054782686e-01	2.194271041626503e-01	1601
4.755193886515642e-01	2.191345016038856e-01	1602
9.290288667248626e-01	1.099846159086157e-01	1603
8.894516014910171e-01	1.326207112090656e-01	1604
8.697598846660070e-01	1.426422173845248e-01	1605
8.502586374703458e-01	1.515319511749915e-01	1606
8.301519113888420e-01	1.596538535449869e-01	1607
8.065941240670651e-01	1.682865617131119e-01	1608
7.794471930095294e-01	1.772781679588260e-01	1609
7.501053660491058e-01	1.858940366222865e-01	1610
7.195919207898751e-01	1.936769986973440e-01	1611
6.880292120091005e-01	2.005451932014401e-01	1612
6.556075216917262e-01	2.064310153527444e-01	1613
6.236798639901421e-01	2.112128979418273e-01	1614
2.336757138136978e-01	1.930862572633224e-01	1615
1.528564883356745e-01	1.693969712470492e-01	1616
1.322340300586666e-01	1.615608274671928e-01	1617
2.038332880384096e-01	1.857831310578271e-01	1618
1.774927148433732e-01	1.782003595858447e-01	1619
1.122327270785403e-01	1.541675789252472e-01	1620
1.761589781474120e-02	9.627332279046710e-02	1621
8.104182992402369e-01	-1.754808403062945e-01	1622
8.742857418265669e-01	-1.479954457153206e-01	1623
8.930383444872203e-01	-1.386061665684705e-01	1624
4.607178739197371e-01	-2.323859692810634e-01	1625
4.861279520977316e-01	-2.321421016565967e-01	1626
1.048523741059947e-02	8.902032243835750e-02	1627
4.545341729515511e-03	8.291386567808529e-02	1628
-1.604405403343885e-03	7.539936299145540e-02	1629
-7.048915374514105e-03	6.779129871969754e-02	1630
-1.156011333737145e-02	6.079377612089022e-02	1631
9.643374516213779e-02	1.477550660403691e-01	1632
8.283912244757533e-02	1.408591082846626e-01	1633
7.163623478888645e-02	1.343216307176235e-01	1634
6.123327152188023e-02	1.280986993354217e-01	1635
5.132930487167568e-02	1.219147636278192e-01	1636
4.056841064268322e-02	1.144740198430113e-01	1637
4.435887069804562e-01	2.183207436187230e-01	1638
4.095809704673110e-01	2.168110384597411e-01	1639
3.781635776336780e-01	2.146469144349379e-01	1640
9.714260436640382e-01	7.761494911641703e-02	1641
9.601647053940253e-01	8.753158139196875e-02	1642
5.742218965036398e-01	-2.274124228359813e-01	1643
6.085209334478814e-01	-2.234580823892267e-01	1644
6.419825952571715e-01	-2.184342680890382e-01	1645
1.859245674193367e-01	-1.997565261583796e-01	1646
2.160019823616325e-01	-2.077761583905977e-01	1647
2.471173197698277e-01	-2.142718270375694e-01	1648
2.780920458961095e-01	-2.194930748823131e-01	1649
3.103218170823247e-01	-2.241806742564469e-01	1650
-3.296879068610527e-02	2.423118503694017e-02	1651
1.000464503932447e+00	-4.332779559929695e-03	1652
1.006194776679489e+00	3.374959541383742e-02	1653
-3.113543626162561e-02	-4.876176248621141e-02	1654
1.003555417945373e+00	1.410832306591658e-02	1655
1.000097810032564e+00	5.803013445580144e-02	1656
3.626275251333335e-01	2.462391544759556e-01	1657
8.562997029062432e-01	-1.853472936360975e-01	1658
-1.881432488603391e-02	-8.251180075168360e-02	1659
1.001248179160838e+00	1.744301770512767e-03	1660
9.631014740682081e-01	1.063463486475087e-01	1661
1.000328520352083e+00	4.313217873839348e-03	1662
-2.321848922376589e-02	3.512514132464967e-03	1663
1.003127473574067e+00	-1.006960486281025e-02	1664
1.000967156722779e+00	-3.973531380712631e-03	1665
8.328747783561348e-01	-1.965362097656351e-01	1666
-2.823537721377703e-02	1.318390081491240e-02	1667
1.001065052335160e+00	-2.617876580245814e-03	1668
1.001754915160145e+00	6.233330259500402e-03	1669
-2.884328095460682e-02	-5.624925675329962e-02	1670
8.083209152719039e-01	-2.068786800320025e-01	1671
4.459468551207041e-01	-2.665666598803805e-01	1672
9.894136627534987e-01	-8.370014348549548e-02	1673
1.357246268685747e-01	-2.091847254820510e-01	1674
4.161049634386074e-01	-2.659841934658644e-01	1675
9.960774396251217e-01	6.596781089534673e-02	1676
9.476065630252112e-01	1.199514101235816e-01	1677
5.541577561111131e-01	2.518849565015171e-01	1678
2.438466614145681e-01	2.257109037877017e-01	1679
9.500861868176327e-01	-1.259794687522075e-01	1680
-2.182129206175247e-02	6.145573655056685e-02	1681
2.126127695136621e-01	2.177291665835352e-01	1682
5.836142268881157e-01	2.498365593768940e-01	1683
1.000839231306821e+00	3.975265636944965e-03	1684
1.002719337315389e+00	1.008093253856672e-02	1685
1.001981248651738e+00	-6.221490930422431e-03	1686
1.004168747349784e+00	-1.410657280036549e-02	1687
1.004951308768938e+00	-2.327000438597123e-02	1688
1.000984014976237e+00	2.636155225537389e-03	1689
1.002268526540654e+00	1.189590447526520e-02	1690
1.001193507993238e+00	1.231364842562884e-03	1691
1.003355506642338e+00	-7.662885778782544e-03	1692
1.001301280483140e+00	-1.712096465621004e-03	1693
-2.290315842823427e-02	-7.362032851921552e-02	1694
1.001476350300996e+00	5.723256586951392e-04	1695
1.001493260317059e+00	-5.294684164092693e-04	1696
1.001884818864036e+00	2.791225653729306e-05	1697
1.001230023217103e+00	-1.198704370733279e-03	1698
9.294503513876402e-01	1.336898679802603e-01	1699
3.346989247952282e-01	2.427816328314047e-01	1700
-2.493019795130019e-02	5.349758681987325e-02	1701
-2.767603440993533e-02	4.650653235633655e-02	1702
5.281845076461492e-01	-2.653613492619737e-01	1703
1.004899250184813e+00	2.633660785309165e-02	1704
1.003861390939269e+00	2.317277296129317e-02	1705
1.002761941023113e+00	-1.192692249885057e-02	1706
1.003054233742224e+00	7.713338460583244e-03	1707
-2.624518573698058e-02	-6.478852363969120e-02	1708
1.002980304612536e+00	-5.877115036959672e-02	1709
1.005866813639998e+00	-5.042891629019282e-02	1710
-1.376716510814663e-02	-9.200389705901572e-02	1711
-5.212220830035387e-03	-1.050255731375080e-01	1712
1.745730581549909e-02	-1.322603016000021e-01	1713
3.055180107680140e-01	2.380913157494987e-01	1714
2.746710882716576e-01	2.321493995187172e-01	1715
6.978038991969016e-01	-2.410671452128272e-01	1716
1.006769761831635e+00	-4.251362096438750e-02	1717
3.136831014414442e-02	-1.447769816158593e-01	1718
4.673013183653550e-02	-1.577673685794530e-01	1719
6.028585556707685e-02	-1.685294757902286e-01	1720
-2.926063589651624e-02	-1.390612387169095e-02	1721
1.007847015754319e+00	-3.384424888726994e-02	1722
1.006161161404629e+00	-2.641313923850987e-02	1723
7.295725199669223e-01	-2.329232215857688e-01	1724
7.584308595839527e-01	-2.244610351161679e-01	1725
7.841602263272422e-01	-2.159167426701989e-01	1726
-2.399091880350796e-02	-4.873170788697388e-03	1727
-3.484656642471412e-02	-2.517082662028726e-02	1728
-3.422822749507347e-02	-3.309006976546709e-02	1729
-3.296284691680514e-02	-4.102495303165071e-02	1730
9.913027530989247e-01	7.389562897978944e-02	1731
-2.999321862258349e-02	3.925241624390241e-02	1732
-3.178761445274195e-02	3.176651696421460e-02	1733
9.333002324612241e-01	-1.390643140000683e-01	1734
9.637326963171200e-01	-1.137129861042879e-01	1735
9.748044142266227e-01	-1.021706182680128e-01	1736
9.832682925833368e-01	-9.204145245149080e-02	1737
9.949093524816197e-01	-7.530178264453109e-02	1738
9.993333547735274e-01	-6.703059143747574e-02	1739
7.620621556971906e-02	-1.792884072441923e-01	1740
9.382360225047107e-02	-1.890341102999166e-01	1741
1.124655929133525e-01	-1.982005796982169e-01	1742
6.182921964337720e-03	-1.199021243385878e-01	1743
3.566817950508461e-01	-2.619655203976500e-01	1744
3.872087662584119e-01	-2.645315006349231e-01	1745
1.004659441386394e+00	4.224444732798896e-02	1746
1.003373048579056e+00	4.996824548542260e-02	1747
5.237092013754252e-01	2.530768800138140e-01	1748
4.917417198283213e-01	2.532892175040168e-01	1749
9.097851858529009e-01	1.469739823594995e-01	1750
8.900888942744769e-01	1.591321722490584e-01	1751
8.701553038697077e-01	1.702811180350939e-01	1752
8.498025708556232e-01	1.803356258932768e-01	1753
8.275569467801167e-01	1.901069196886774e-01	1754
8.017830577536439e-01	2.002851276719555e-01	1755
7.730085562466021e-01	2.104279114139352e-01	1756
7.424344882314453e-01	2.198502072036909e-01	1757
7.106798528594686e-01	2.282565146413119e-01	1758
6.779209272354472e-01	2.355638154720130e-01	1759
6.450080895204195e-01	2.416473504807873e-01	1760
6.135430239134592e-01	2.464110161360371e-01	1761
1.339677109478027e-01	1.887512090200194e-01	1762
1.835713335095526e-01	2.087166046163555e-01	1763
1.567931539800534e-01	1.986402288451095e-01	1764
1.141433613144703e-01	1.798721722922162e-01	1765
1.301805784918253e-02	1.118836368969607e-01	1766
8.760524237097818e-01	-1.749378453601627e-01	1767
8.944292683570046e-01	-1.645366581112704e-01	1768
9.139690616904473e-01	-1.524280611773287e-01	1769
4.739459671561682e-01	-2.666255292028936e-01	1770
4.994150055107607e-01	-2.664008734958618e-01	1771
4.121480586966449e-03	1.021257162252168e-01	1772
-1.702612560659206e-03	9.464427129947198e-02	1773
-7.885628423963578e-03	8.652993582809655e-02	1774
-1.341251279187838e-02	7.783574475456946e-02	1775
-1.797648996562960e-02	6.963962973271687e-02	1776
9.571963372480427e-02	1.719872779654973e-01	1777
7.984627565102763e-02	1.634537582276828e-01	1778
6.223722620243240e-02	1.505444236620870e-01	1779
4.693895174473149e-02	1.397797274078844e-01	1780
3.594084992641543e-02	1.323616479125700e-01	1781
2.451366278797065e-02	1.229635523394486e-01	1782
4.598289748383019e-01	2.526100103374861e-01	1783
4.263496516899873e-01	2.512254503980160e-01	1784
3.927831139474705e-01	2.490159350233229e-01	1785
9.846190257762313e-01	8.293040759627641e-02	1786
9.754717166566633e-01	9.369662375905220e-02	1787
5.607795570224330e-01	-2.631450436026095e-01	1788
5.956432273434373e-01	-2.596051756680072e-01	1789
6.306283973984190e-01	-2.545477371959385e-01	1790
6.646129984050368e-01	-2.483418440405623e-01	1791
1.632335939429924e-01	-2.204906538973079e-01	1792
1.934632088053350e-01	-2.309454211815948e-01	1793
2.253458104887436e-01	-2.398707354416580e-01	1794
2.574385358607239e-01	-2.468176337740732e-01	1795
2.896468808421710e-01	-2.528398617209653e-01	1796
3.233816017002855e-01	-2.580500307567653e-01	1797
1.003943478586033e+00	-8.910513077704024e-03	1798
1.009386384671699e+00	-3.057671003542866e-02	1799
1.006697931766388e+00	6.636827727707015e-02	1800
-3.399927594647507e-02	1.708969420726745e-02	1801
-2.880484223743956e-02	6.458780950903814e-03	1802
1.009899251337200e+00	-6.680233943566737e-02	1803
6.894305005066023e-01	-2.806911123352295e-01	1804
8.576697910551460e-01	-2.178645609986877e-01	1805
3.452683299720512e-01	2.805894680562194e-01	1806
1.006737423852122e+00	3.897138978950492e-02	1807
1.003033515848306e+00	-6.742756923034699e-03	1808
1.000771871197789e+00	5.466396509173049e-03	1809
1.000957236787726e+00	-5.483481267486538e-03	1810
1.001592693207792e+00	-9.505484839946830e-04	1811
-6.307164187212622e-04	-1.371952018059164e-01	1812
1.003581098840042e+00	8.971446477713406e-03	1813
1.001901450871557e+00	-3.211405723982575e-04	1814
9.510800412245835e-01	1.438625741981317e-01	1815
1.004341724319646e+00	1.217408153889082e-02	1816
1.007211369765526e+00	2.383280617927606e-02	1817
1.004722991300156e+00	2.009472839957914e-02	1818
1.001562353498868e+00	9.953292779620536e-04	1819
9.547691780993020e-01	-1.492375785932530e-01	1820
8.795591867563952e-01	-2.051946743276547e-01	1821
-3.533100701202872e-02	-1.772168257737540e-02	1822
-3.127124990632163e-02	-8.278715879372960e-02	1823
6.963381356521931e-03	1.293287992440585e-01	1824
1.895015020733430e-01	2.432816298435925e-01	1825
1.005651853168224e+00	-2.010669622104348e-02	1826
9.810214210941334e-01	1.116691136561479e-01	1827
8.329930745662479e-01	-2.305959591733097e-01	1828
1.123734775311072e-01	-2.278488742314989e-01	1829
1.008666796084112e+00	-3.909992937376498e-02	1830
-2.731885143387537e-02	-9.303555108282251e-02	1831
4.736408228789902e-01	-3.041608375378310e-01	1832
1.007799096961548e+00	5.646710485203193e-02	1833
5.722651881305245e-01	2.887463507927712e-01	1834
1.002347202790276e+00	-8.621593287759048e-02	1835
5.473903982843753e-01	-3.026338326358558e-01	1836
-2.954163936724237e-02	6.986748962217952e-02	1837
1.346038633808530e-01	2.195427129297727e-01	1838
1.383436864420825e-01	-2.411632339386461e-01	1839
4.304771337594320e-01	-3.041614540893703e-01	1840
3.754879173884969e-01	2.843748532346022e-01	1841
-3.885335329828600e-02	-5.522116536176645e-02	1842
-3.686230946913824e-02	-6.331476582331336e-02	1843
1.001361515027074e+00	2.256730124910678e-03	1844
-2.742690395232080e-02	-4.274948469030779e-04	1845
9.676539868028183e-01	1.274541195480757e-01	1846
2.209584464001129e-01	2.536130452797491e-01	1847
1.001432222918671e+00	-2.223621069741876e-03	1848
1.004861989243808e+00	-1.211295243160041e-02	1849
-3.449911334540441e-02	-7.290688838438571e-02	1850
1.001669847992845e+00	1.440709608614256e-03	1851
1.002774773588389e+00	6.790125387046641e-03	1852
1.001890278828496e+00	3.771708856717874e-04	1853
1.001714918766027e+00	-1.393811510237706e-03	1854
-3.247360805601544e-02	6.083614258300517e-02	1855
-3.494960866480443e-02	5.319188436712575e-02	1856
1.007897149654137e+00	3.060956632293735e-02	1857
1.010556446586561e+00	-5.674596486638739e-02	1858
9.160468006350871e-02	-2.165409273747888e-01	1859
3.155370482213180e-01	2.756586921287261e-01	1860
2.846048091755512e-01	2.693073905822078e-01	1861
2.532888802265053e-01	2.621425741517320e-01	1862
1.189948025443273e-02	-1.521285012821075e-01	1863
2.615658823663508e-02	-1.661503167822502e-01	1864
4.008069957287146e-02	-1.796933835336329e-01	1865
1.014693532321832e+00	-4.744025687538899e-02	1866
1.008344207016316e+00	-2.376298317768452e-02	1867
7.229284855607297e-01	-2.717995098946474e-01	1868
7.541102723750867e-01	-2.621884859212899e-01	1869
7.822061000690345e-01	-2.522912057555048e-01	1870
8.079126305450176e-01	-2.419886294554681e-01	1871
-2.952020747408355e-02	-7.402737818862152e-03	1872
-4.042628926465885e-02	-4.688633030419259e-02	1873
-4.193881162652507e-02	-2.975037481591252e-02	1874
-4.147509269572294e-02	-3.834073834487881e-02	1875
1.002868800491462e+00	7.547610174918537e-02	1876
-3.704147246514577e-02	4.529949319656975e-02	1877
-3.864889043294940e-02	3.717465480884040e-02	1878
-3.970527323219965e-02	2.896001098113314e-02	1879
9.697243090522703e-01	-1.341015193125686e-01	1880
9.816644484284627e-01	-1.198587016534849e-01	1881
9.908016037359753e-01	-1.069739116297559e-01	1882
9.973740964262519e-01	-9.604404807121819e-02	1883
1.006463528382094e+00	-7.620420509363106e-02	1884
5.522722019421122e-02	-1.927336121720757e-01	1885
7.297241741451287e-02	-2.054356954344213e-01	1886
-2.086386341666362e-02	-1.058643000079215e-01	1887
-1.192194558944192e-02	-1.217155081929714e-01	1888
3.689450291922521e-01	-3.001020894858261e-01	1889
3.999119689721207e-01	-3.027265957663289e-01	1890
1.012391055798590e+00	4.752551385135050e-02	1891
5.412898998902073e-01	2.903725763972754e-01	1892
5.089889165774817e-01	2.911233494309943e-01	1893
9.324094804056767e-01	1.598637351482784e-01	1894
9.129191191396612e-01	1.747564949628241e-01	1895
8.930066707720220e-01	1.884581337446112e-01	1896
8.723411157190650e-01	2.010776624477153e-01	1897
8.504498525332991e-01	2.128049895077903e-01	1898
8.259156328878213e-01	2.244728417893493e-01	1899
7.980586646075249e-01	2.362692903164793e-01	1900
7.676290282936916e-01	2.476166474534254e-01	1901
7.355884254240200e-01	2.579351902738878e-01	1902
7.023721913784494e-01	2.670131022057837e-01	1903
6.685575648601116e-01	2.747223867512498e-01	1904
6.354192628202380e-01	2.809434162605292e-01	1905
6.035297199757887e-01	2.856542826588940e-01	1906
1.602553341903871e-01	2.316239499486664e-01	1907
1.133809750167100e-01	2.085589781771051e-01	1908
9.483017742780483e-02	1.994673945815517e-01	1909
9.369376375333952e-01	-1.648606675129813e-01	1910
8.985928212934372e-01	-1.930835650450372e-01	1911
9.175731517933090e-01	-1.798751356449793e-01	1912
5.154540128535865e-01	-3.043708412630570e-01	1913
-3.019193753824949e-03	1.172754320928789e-01	1914
-1.001491428316735e-02	1.069197876568651e-01	1915
-1.549354635881914e-02	9.846810591895280e-02	1916
-2.126024297379359e-02	8.868422844344251e-02	1917
-2.575894974835940e-02	7.911896991558888e-02	1918
7.628962544465101e-02	1.890870929073949e-01	1919
4.256062129594000e-02	1.619828955071934e-01	1920
3.033147735522166e-02	1.520900566053005e-01	1921
5.783816292150426e-02	1.752128480991506e-01	1922
1.833690680708826e-02	1.417447381034442e-01	1923
4.760894816698817e-01	2.907821089238785e-01	1924
4.427677021399108e-01	2.895330087875817e-01	1925
4.083902306286895e-01	2.873828948551809e-01	1926
9.979489497362976e-01	8.583827083491814e-02	1927
9.909584169634034e-01	9.766827376615395e-02	1928
5.824340632295415e-01	-2.997023364298199e-01	1929
6.189416486130280e-01	-2.948385391960047e-01	1930
6.547146631400291e-01	-2.884142953932254e-01	1931
1.681821158821634e-01	-2.543045283886390e-01	1932
2.005822928873210e-01	-2.661277305580012e-01	1933
2.341849530560502e-01	-2.759278853620040e-01	1934
2.671707599912304e-01	-2.834576383047431e-01	1935
3.011084706084630e-01	-2.903357071504149e-01	1936
3.358474416651559e-01	-2.960048274425754e-01	1937
1.399494273308153e-01	-2.772943993554006e-01	1938
1.001563528493271e+00	2.834565550705952e-03	1939
1.004755475521948e+00	-7.766472998379065e-03	1940
1.004239852185414e+00	-6.838546141187952e-03	1941
1.002104782242665e+00	-1.047769037971094e-03	1942
1.005617548361396e+00	1.381585975760336e-02	1943
9.434580628474458e-01	-1.931328710307569e-01	1944
1.001655469264721e+00	-2.798363755245729e-03	1945
1.012620932227872e+00	7.422867540972146e-02	1946
1.112439822141423e-01	-2.614291978862948e-01	1947
1.008210080772519e+00	2.048314357990683e-02	1948
1.006904204758592e+00	1.836204507976209e-02	1949
1.006226108079816e+00	-1.371223188449960e-02	1950
1.001830431386534e+00	-1.893577476495618e-03	1951
1.002931550919103e+00	-5.622834234739898e-03	1952
1.004684870223543e+00	-1.030255123129309e-02	1953
1.004252036439342e+00	1.037967087419136e-02	1954
-4.918224681735149e-02	-5.286015442389412e-02	1955
1.001945445077022e+00	6.976100025895194e-04	1956
1.630842173826846e-01	2.688317218786695e-01	1957
-8.944070185300412e-03	-1.566416730011218e-01	1958
9.244107560459730e-01	-2.097628313839569e-01	1959
8.848234878744153e-01	-2.391861175320557e-01	1960
-4.539723078522954e-02	5.154414729436901e-02	1961
5.598371032696918e-01	3.318318475587133e-01	1962
3.249735950562184e-01	3.175643475794320e-01	1963
9.775978792947666e-01	-1.568057608946751e-01	1964
7.169088975660958e-01	-3.154067863279512e-01	1965
4.133784544483386e-01	-3.454138157700419e-01	1966
-1.163994842762085e-02	1.342918948109129e-01	1967
5.189724671980301e-02	2.024300964144670e-01	1968
8.795336270397065e-02	-2.474718640615332e-01	1969
1.014308079388853e+00	6.224037148770262e-02	1970
1.015722543051832e+00	5.486219258254466e-02	1971
-3.463797653023257e-02	1.005805694278996e-02	1972
-2.060366671679160e-02	-1.397020666413185e-01	1973
6.814265080477525e-01	-3.250412836785507e-01	1974
8.610243994546187e-01	-2.542057664406569e-01	1975
3.564640763355131e-01	3.228847127954396e-01	1976
1.001781536560628e+00	5.186447499668583e-03	1977
1.001964766034993e+00	-5.162533693705618e-03	1978
1.001967017497569e+00	-6.401048819706851e-04	1979
1.004437537239810e+00	7.874207878596941e-03	1980
1.003966292237958e+00	6.934195654653585e-03	1981
1.001578067970539e+00	-3.490095961668120e-03	1982
1.008435861054170e+00	2.726463423194848e-02	1983
1.001462090871791e+00	3.517659651411337e-03	1984
9.054422728734164e-01	-2.246155588309986e-01	1985
9.616937199762174e-01	-1.750509005050130e-01	1986
-4.220734165856040e-02	-2.158196819858559e-02	1987
1.949895370470421e-01	2.822444209303062e-01	1988
1.009750890399396e+00	-2.716779546983997e-02	1989
9.741747651005949e-01	1.509081133651114e-01	1990
1.012396820808254e+00	-3.487537102495419e-02	1991
-4.108091785596484e-02	-9.238350195156975e-02	1992
5.340172897395814e-01	-3.463438827311337e-01	1993
3.894264563103715e-01	3.270098416404367e-01	1994
1.344184724171308e-01	2.543880126698817e-01	1995
-4.423777002282687e-02	-8.150013791929765e-02	1996
1.002720474177074e+00	5.678490242511958e-03	1997
-3.318021560174579e-02	1.859863209795788e-03	1998
-3.339442112673353e-02	-2.483287502289356e-03	1999
9.883568826722103e-01	1.316241254066890e-01	2000
-4.793339367621163e-02	-6.173843191481865e-02	2001
-4.634820737500965e-02	-7.069136238588146e-02	2002
1.001768219516544e+00	1.941699230758424e-03	2003
1.002354115789604e+00	3.549406068754008e-05	2004
1.002069457693010e+00	1.108598803875339e-03	2005
-4.149575514652835e-02	6.857238285508140e-02	2006
-4.360888265506576e-02	6.002883257129400e-02	2007
1.010679280837389e+00	3.500491470308647e-02	2008
2.933332011387152e-01	3.107512976777397e-01	2009
2.615051067385364e-01	3.027930632657686e-01	2010
2.286058395229878e-01	2.937723899622925e-01	2011
4.202193384543600e-03	-1.739305179510466e-01	2012
1.745544661485666e-02	-1.887045359924203e-01	2013
1.017294487721549e+00	-6.221261298689834e-02	2014
1.018354468501608e+00	-5.469352760776273e-02	2015
1.007749556613817e+00	-1.824627535101530e-02	2016
1.009167113593766e+00	-2.032342656265389e-02	2017
7.504316947886751e-01	-3.046407577546431e-01	2018
7.811124712173256e-01	-2.932393299938474e-01	2019
8.090111441226858e-01	-2.813438148817984e-01	2020
8.353238866944005e-01	-2.685205010994488e-01	2021
-3.548331833333734e-02	-1.068983636783064e-02	2022
-5.009302518739997e-02	-3.453221571321946e-02	2023
-4.990292161895215e-02	-4.373110494367592e-02	2024
-4.669785683744995e-02	4.279585096234870e-02	2025
-4.056415080143561e-02	2.110175758770256e-02	2026
-4.750137896866718e-02	3.394739240503676e-02	2027
9.903618681150447e-01	-1.392747895526519e-01	2028
9.999625360035926e-01	-1.231640374311812e-01	2029
1.006695564142912e+00	-1.091048482325709e-01	2030
1.011424212200831e+00	-9.700498628672508e-02	2031
1.013104870327388e+00	-8.479826975836029e-02	2032
1.016126757025883e+00	-7.442910627465488e-02	2033
3.187130551045325e-02	-2.041872150701318e-01	2034
4.889143564522236e-02	-2.199210605221908e-01	2035
6.797771175887676e-02	-2.345628747775196e-01	2036
-3.689372627519126e-02	-1.057848336890846e-01	2037
-2.960303266293919e-02	-1.210606206776179e-01	2038
3.810418885942491e-01	-3.427308273067929e-01	2039
5.270638989656589e-01	3.330447620163377e-01	2040
9.571030386167260e-01	1.701827486791826e-01	2041
9.384237398803421e-01	1.884096525776356e-01	2042
9.188725861276791e-01	2.052439631156675e-01	2043
8.982991679184131e-01	2.208944302290564e-01	2044
8.763811316717369e-01	2.354698283402669e-01	2045
8.525159799952250e-01	2.493322944323093e-01	2046
8.256494381432431e-01	2.631110696055395e-01	2047
7.956920973225100e-01	2.766470276272396e-01	2048
7.634263665732995e-01	2.893084915582074e-01	2049
7.296269136350364e-01	3.006259825764946e-01	2050
6.948704884200865e-01	3.103963873596930e-01	2051
6.601629412849008e-01	3.184653402001361e-01	2052
6.262696054935440e-01	3.248105975725916e-01	2053
5.927973221056829e-01	3.293627716114741e-01	2054
1.106155340742683e-01	2.405509109626383e-01	2055
9.149128476565412e-02	2.298730859508964e-01	2056
4.523251616874859e-01	-3.465850405156932e-01	2057
4.946224081941854e-01	-3.470164792288317e-01	2058
-1.991812635745845e-02	1.209613814739445e-01	2059
-2.519945352582137e-02	1.105550423477154e-01	2060
-3.067328624249093e-02	1.005762876202459e-01	2061
-3.500070953230032e-02	8.911229333731127e-02	2062
-3.875621593373849e-02	7.883439684875512e-02	2063
7.220824546801113e-02	2.181338235594820e-01	2064
2.253079883494806e-02	1.739943450508192e-01	2065
3.501537716333658e-02	1.861653841387989e-01	2066
-1.384651572453791e-03	1.481252586793391e-01	2067
1.063396584295301e-02	1.624348680496266e-01	2068
4.931895546673299e-01	3.331790250336549e-01	2069
4.590419140082925e-01	3.321735678371618e-01	2070
4.242482231023348e-01	3.301254332875053e-01	2071
1.008983349374717e+00	8.475606417207121e-02	2072
1.006092680103062e+00	9.868861860142530e-02	2073
9.988219843251885e-01	1.138911728775923e-01	2074
5.687976171952808e-01	-3.439331002450345e-01	2075
6.066825340435829e-01	-3.396822485954797e-01	2076
6.446465701927251e-01	-3.332016396194168e-01	2077
1.723743745263788e-01	-2.924457311542814e-01	2078
2.070871216314136e-01	-3.057092764233144e-01	2079
2.422198875145737e-01	-3.162597072002478e-01	2080
2.764328746297817e-01	-3.246845050961373e-01	2081
3.120929014792641e-01	-3.323909079409996e-01	2082
3.474658101014826e-01	-3.384637331090508e-01	2083
1.014003507052558e+00	-4.010272740704880e-02	2084
1.009710390690858e+00	1.810343061447229e-02	2085
1.006619005037238e+00	-1.141761846257034e-02	2086
1.013665651955707e+00	-2.985418116258151e-02	2087
1.007359478469651e+00	-1.564812297866461e-02	2088
-5.938556222936825e-02	-5.882152034391123e-02	2089
5.634748004958683e-01	3.786987301321151e-01	2090
7.475785681638670e-01	-3.523259111445181e-01	2091
3.010655689676814e-01	3.569755222105842e-01	2092
1.012197616597647e+00	3.011988899542811e-02	2093
-5.613349730702071e-02	4.848315718162927e-02	2094
6.093584310633980e-02	-2.669848446232964e-01	2095
9.534465424160140e-01	-2.236560051631961e-01	2096
1.005530552493923e+00	-6.729143038197399e-03	2097
9.715920663964467e-01	-2.031698027787738e-01	2098
1.332603959614050e-01	2.937322115733592e-01	2099
1.021916246020123e+00	-4.830147355713903e-02	2100
7.114724552593850e-01	-3.642818180257776e-01	2101
-5.557131802651200e-02	-9.063638991778306e-02	2102
1.001896991869038e+00	2.529046326455891e-03	2103
1.002432039610103e+00	6.091200290469738e-04	2104
1.002205533566211e+00	1.627874550811540e-03	2105
1.019577774816032e+00	4.873094957026955e-02	2106
3.351071867127462e-04	1.846865752036531e-01	2107
-3.128367185501880e-02	-1.593442609844571e-01	2108
-4.107473779449160e-02	1.358060022142632e-02	2109
6.734928472956166e-01	-3.746729246104777e-01	2110
4.316436748096255e-01	-3.930323263688666e-01	2111
1.022764359948128e+00	-9.230497429494305e-02	2112
1.023467343029454e+00	-8.220676840115149e-02	2113
1.403981282284746e-01	-3.180395235074389e-01	2114
3.934976630274190e-01	-3.903826064648275e-01	2115
-1.920077242263941e-02	-1.778387120810291e-01	2116
1.021476057116677e+00	6.939303860793995e-02	2117
1.022014534135570e+00	5.990153113574894e-02	2118
9.978572109212011e-01	1.536670591939733e-01	2119
3.684986035513400e-01	3.701876916090077e-01	2120
1.001155360699734e+00	-1.605043373141687e-01	2121
-3.108035846228059e-02	1.369207284775456e-01	2122
2.554556069688803e-02	2.130222298302458e-01	2123
4.039980904027689e-01	3.745797358204790e-01	2124
1.087348028276255e-01	-2.993310362172328e-01	2125
8.264580893461478e-02	-2.822817949207138e-01	2126
1.002641970810425e+00	4.688087096099073e-03	2127
1.002451258177242e+00	-5.356090572307523e-04	2128
1.006646146504064e+00	1.577969121611067e-02	2129
8.923563525529208e-01	-2.771419031429351e-01	2130
1.002258825188106e+00	-1.563964868295764e-03	2131
1.001980192042324e+00	-2.479511587145282e-03	2132
1.010673032510800e+00	2.373871634366408e-02	2133
1.003984940291752e+00	-6.092782025146840e-03	2134
1.005486428185153e+00	-9.035752598972322e-03	2135
1.006118395416364e+00	1.156624796283107e-02	2136
1.005251820320346e+00	6.878237985026829e-03	2137
1.650872717327664e-01	3.107287192487451e-01	2138
-5.522742158273564e-02	5.786354578667940e-02	2139
3.344040372801740e-01	3.643873887498811e-01	2140
9.878554495616526e-01	-1.817408305364315e-01	2141
3.585827721389623e-01	-3.859355978240396e-01	2142
-2.249441744164442e-02	1.528132799884012e-01	2143
-4.814399859530837e-02	2.516812474857672e-02	2144
-4.216068701918077e-02	-1.391806983476737e-02	2145
1.003745077371364e+00	6.184962760486730e-03	2146
1.001704565072864e+00	-4.277651780357577e-03	2147
1.005105977985016e+00	9.161861281471248e-03	2148
1.002811961112389e+00	-4.626815257259341e-03	2149
1.002250343582750e+00	-3.215321597970843e-03	2150
1.012029039055939e+00	4.025259443785199e-02	2151
1.001558516131607e+00	4.301911012634047e-03	2152
9.148836407879477e-01	-2.595938056145575e-01	2153
9.346779256127880e-01	-2.422285533837432e-01	2154
-5.969444986595315e-02	-4.910761076485363e-02	2155
-5.009472445980555e-02	-2.544003451515301e-02	2156
1.011804614856825e+00	-2.349074738229733e-02	2157
1.002138933160226e+00	3.268793023933785e-03	2158
-3.841454302196270e-02	-1.239074288530192e-04	2159
-5.841528881223627e-02	-6.819054823012412e-02	2160
-5.744200239811182e-02	-7.841481736108562e-02	2161
-5.370474742107691e-02	6.688824991643035e-02	2162
1.997377800212203e-01	3.259805049315341e-01	2163
2.681700059742044e-01	3.480904028442665e-01	2164
2.350198839987567e-01	3.385094734323086e-01	2165
-6.801851835380264e-03	-1.968849758731105e-01	2166
1.010550536814724e+00	-1.785072293108029e-02	2167
7.810572191169617e-01	-3.392882826623585e-01	2168
8.116147318334002e-01	-3.255036073290797e-01	2169
8.398869858380648e-01	-3.107983694153791e-01	2170
8.669198365268334e-01	-2.945983081479145e-01	2171
-4.011907398610091e-02	-5.193396145658557e-03	2172
-5.949185194531055e-02	-3.935424098398434e-02	2173
-5.655542919999927e-02	3.904086341733493e-02	2174
1.011064440062152e+00	-1.406790522401941e-01	2175
1.017687867353698e+00	-1.230030130521424e-01	2176
1.020176281079376e+00	-1.073977683473044e-01	2177
1.024867733207667e+00	-5.945588930794405e-02	2178
1.024738864284966e+00	-6.907910479650572e-02	2179
6.177618846989676e-03	-2.133543901388426e-01	2180
2.200083428708697e-02	-2.315942456082224e-01	2181
4.059338203630707e-02	-2.501300086251343e-01	2182
-5.262527803158813e-02	-1.032351403904334e-01	2183
-4.784770884284532e-02	-1.202810282352936e-01	2184
-4.066643182920857e-02	-1.376882108432880e-01	2185
9.833401138242200e-01	1.764871933232796e-01	2186
9.663343971900109e-01	1.986500182349473e-01	2187
9.477413271484089e-01	2.193560500186720e-01	2188
9.277740084826817e-01	2.386628392622919e-01	2189
9.061175257523294e-01	2.567899539468588e-01	2190
8.825221522266459e-01	2.738709379422107e-01	2191
8.564090880462930e-01	2.903000194308814e-01	2192
8.271280026228011e-01	3.064376657226202e-01	2193
7.948959362395572e-01	3.218963064689732e-01	2194
7.604921624078848e-01	3.360307358469856e-01	2195
7.246947358283891e-01	3.484361926308132e-01	2196
6.883925483294621e-01	3.588978618451895e-01	2197
6.524579893139263e-01	3.673434995266772e-01	2198
6.167435938460720e-01	3.738135289814534e-01	2199
4.467371114466106e-02	2.328875148131749e-01	2200
1.061124243797193e-01	2.765661110279415e-01	2201
8.544215213018426e-02	2.634742752180103e-01	2202
4.732559633904574e-01	-3.942765672896208e-01	2203
5.154135830539767e-01	-3.944202387363520e-01	2204
-3.730751155162738e-02	1.231156480541036e-01	2205
-4.178371658522881e-02	1.129262301189983e-01	2206
-4.622429592822819e-02	9.974298312747314e-02	2207
-4.958120983267096e-02	8.841772227218768e-02	2208
-5.214056834300735e-02	7.673413482140595e-02	2209
6.591075968326485e-02	2.502802336368821e-01	2210
1.154031623048461e-02	1.976836701341244e-01	2211
-1.153092285292253e-02	1.686340282596177e-01	2212
5.114181386097522e-01	3.801356795254719e-01	2213
4.759151381062843e-01	3.795887424286670e-01	2214
4.401188598985549e-01	3.776942483253206e-01	2215
1.008737523238525e+00	1.318251962412493e-01	2216
1.019577037547276e+00	8.254286566526857e-02	2217
1.018082240773139e+00	9.398109964221453e-02	2218
1.013627623365645e+00	1.116931010580943e-01	2219
5.549851573936434e-01	-3.928064360604484e-01	2220
5.933974191397362e-01	-3.893799098101401e-01	2221
6.339931793357313e-01	-3.831934098712411e-01	2222
1.756538970990932e-01	-3.353800294334692e-01	2223
2.127734951581657e-01	-3.500978364490422e-01	2224
2.491735639747933e-01	-3.614199605470483e-01	2225
2.850778183903707e-01	-3.709705182613711e-01	2226
3.222614559628719e-01	-3.794669286536012e-01	2227
7.063866411574852e-01	-4.190494822402033e-01	2228
1.003086158368991e+00	3.732069062024410e-03	2229
-5.121583631853138e-02	1.374914434908529e-01	2230
-6.670766563969316e-02	6.426057636398343e-02	2231
-6.570520362046622e-02	7.368969676141134e-02	2232
1.012247870411090e+00	-2.043455298413323e-02	2233
-4.967830999960037e-02	-1.703927102353279e-02	2234
7.822296685585407e-01	-3.910193957013850e-01	2235
1.413947116421260e-02	2.433695914568931e-01	2236
9.027740597624092e-01	-3.192397062250687e-01	2237
1.045941468053272e-01	-3.420199545202833e-01	2238
1.009533622786867e+00	1.516754306744497e-02	2239
1.019309048275813e+00	-4.277984583399001e-02	2240
1.012437886076808e+00	2.731577902148523e-02	2241
1.007666222383623e+00	1.308913399997644e-02	2242
1.660255455937046e-01	3.577907419812165e-01	2243
1.003610115246021e+00	5.101331381160621e-03	2244
1.015643430384736e+00	3.514883265675728e-02	2245
-4.804387479226164e-02	-8.012599401072643e-03	2246
1.002914330545848e+00	2.521046609405016e-04	2247
1.002921487284533e+00	-1.622393286475690e-04	2248
1.017355741272949e+00	-3.477601351791704e-02	2249
2.732744072400716e-01	3.986704893738888e-01	2250
-6.849661747337071e-02	-1.002391136236638e-01	2251
-4.832499935888280e-02	1.696225343234533e-02	2252
-3.933261407902792e-02	6.368726272211170e-03	2253
1.033400394801980e+00	-8.794749417765381e-02	2254
1.033150938599970e+00	-7.651903150385826e-02	2255
4.091247104396499e-01	-4.436640753299503e-01	2256
7.540253481157191e-02	-3.214388795319682e-01	2257
-5.905885800477265e-02	-2.928193418711507e-02	2258
3.812576071122836e-01	4.230386155544884e-01	2259
1.000720096966451e-01	3.172408698470696e-01	2260
-3.549767177857347e-02	1.733064775886444e-01	2261
-6.713244023642537e-02	5.410051553642599e-02	2262
-2.466555330451186e-02	1.906309895179979e-01	2263
4.189970932994259e-01	4.275381241351577e-01	2264
3.081993237598757e-01	4.085786768764689e-01	2265
1.023248504870139e+00	5.528534293662294e-02	2266
7.455933744147226e-01	-4.058347342384292e-01	2267
1.001081239194877e+00	-2.085785527993158e-01	2268
5.152356842567425e-02	-3.030572282160283e-01	2269
1.013758182786453e+00	-2.701628789573875e-02	2270
1.008247863912522e+00	-1.288331158311998e-02	2271
6.446586740898315e-01	4.219322740783340e-01	2272
6.651450313354349e-01	-4.301972968968116e-01	2273
9.850515032368214e-01	-2.332467960511757e-01	2274
1.014268382933759e+00	-1.834333992002368e-01	2275
1.308839284548526e-01	3.380498532251391e-01	2276
1.002662170250843e+00	1.200189627617665e-03	2277
1.002344828472540e+00	2.174310031822291e-03	2278
1.018009435999283e+00	1.501792791184076e-01	2279
1.025882711236841e+00	-5.475032413573882e-02	2280
1.029738068889788e+00	6.512168376311887e-02	2281
1.395055354870550e-01	-3.639022207825122e-01	2282
3.696898941724066e-01	-4.388432250319820e-01	2283
1.032783427304920e+00	-6.437308368319482e-02	2284
-4.430424570452295e-02	1.541577599180171e-01	2285
-7.120413738414200e-02	-6.477986264814113e-02	2286
-7.075324142526734e-02	-7.448306916439915e-02	2287
1.002701975806236e+00	-1.119746401485255e-03	2288
1.002177286391856e+00	-3.991882929254821e-03	2289
1.003803506579977e+00	-5.006020938928546e-03	2290
1.002417676937852e+00	-2.107741065222507e-03	2291
1.011269802198234e+00	2.073978068276959e-02	2292
1.006219313643900e+00	-7.881140007714693e-03	2293
3.442239473172760e-01	4.167778354642384e-01	2294
1.005885321550469e+00	8.048966609797327e-03	2295
1.003220831687078e+00	-3.647207849576045e-03	2296
1.017225228767820e+00	4.314630686154049e-02	2297
9.271840472947642e-01	-2.983478010151851e-01	2298
9.483599450721576e-01	-2.775868003130642e-01	2299
9.673229884208547e-01	-2.562915416410492e-01	2300
-7.031417896144204e-02	-4.402797063206101e-02	2301
-7.101079829714034e-02	-5.433282713464269e-02	2302
-6.706619704263178e-02	4.405711007524989e-02	2303
1.010223539858763e+00	-1.489590133928218e-02	2304
1.002037428740443e+00	4.036100885049627e-03	2305
-7.027726640155191e-02	-8.657758454891025e-02	2306
2.032908584195381e-01	3.748441925552460e-01	2307
2.396333594480821e-01	3.881402445125228e-01	2308
-4.411273952666198e-02	-1.807486519243126e-01	2309
-3.301355267066093e-02	-2.001483022331987e-01	2310
8.158567572814994e-01	-3.750585691239154e-01	2311
8.467301415490901e-01	-3.579985748235608e-01	2312
8.756547581578199e-01	-3.394203366751697e-01	2313
-4.543677369590188e-02	-6.308072957539404e-04	2314
-5.681328495641860e-02	2.926966404137041e-02	2315
1.021426666497174e+00	-1.582085585230247e-01	2316
1.028658561125601e+00	-1.371593180110090e-01	2317
1.032905296101863e+00	-1.017873504258987e-01	2318
1.032212268874641e+00	-1.172527790875356e-01	2319
-2.102330833139909e-02	-2.212090042433501e-01	2320
2.982351670399710e-02	-2.835065275461120e-01	2321
-7.357095189550506e-03	-2.407894520203963e-01	2322
1.010513629125566e-02	-2.618044356081814e-01	2323
-6.582908320195699e-02	-1.160052363788879e-01	2324
-6.107896114357474e-02	-1.357996442759769e-01	2325
-5.401876349414884e-02	-1.561176504933363e-01	2326
1.009880058105145e+00	1.775168282572717e-01	2327
9.957575834023134e-01	2.038415013026476e-01	2328
9.791418501331067e-01	2.290894960532446e-01	2329
9.605420233598545e-01	2.528167588352541e-01	2330
9.397948427018173e-01	2.752594385113838e-01	2331
9.167387656322115e-01	2.965074429252216e-01	2332
8.911354743079134e-01	3.166779795061072e-01	2333
8.625619675549709e-01	3.361261178810385e-01	2334
8.306611681404448e-01	3.549413265522816e-01	2335
7.958370088601859e-01	3.725706653062257e-01	2336
7.589519348162495e-01	3.883575733649707e-01	2337
7.209688691954502e-01	4.019207392820914e-01	2338
6.828178499503627e-01	4.130954503769395e-01	2339
5.961626770525609e-01	4.287349238948281e-01	2340
3.509273554564699e-02	2.664379937351881e-01	2341
7.662379140944330e-02	3.007512418806774e-01	2342
4.510984785765599e-01	-4.463088068316902e-01	2343
4.944109218836449e-01	-4.474323046960381e-01	2344
-5.926350883178928e-02	1.113661422567509e-01	2345
-6.214669277246229e-02	9.814077252716652e-02	2346
-6.454689432747630e-02	8.540062235686142e-02	2347
5.650753416987696e-02	2.854721952640747e-01	2348
-1.956701472820276e-03	2.240824363113106e-01	2349
-1.347934414844318e-02	2.078262694312608e-01	2350
5.404356906447295e-01	4.321025678892242e-01	2351
4.752917799829048e-01	4.311984800516478e-01	2352
1.029569947430123e+00	7.730261983032261e-02	2353
1.029184277707243e+00	8.966171638130495e-02	2354
1.024957670892254e+00	1.252149773934299e-01	2355
1.027439962467600e+00	1.058151046714344e-01	2356
5.376382037871097e-01	-4.468311074560304e-01	2357
5.792096025043696e-01	-4.442227927161803e-01	2358
6.220348192739895e-01	-4.388598589931418e-01	2359
1.778525560761842e-01	-3.836017995551512e-01	2360
2.171969045911748e-01	-3.997717152258685e-01	2361
2.549065293013266e-01	-4.119994523833492e-01	2362
2.928035483234129e-01	-4.228269782714140e-01	2363
3.316849892855625e-01	-4.321148001753626e-01	2364
1.012419963189789e+00	1.727798290417319e-02	2365
1.025772758105833e+00	-4.307576654601734e-02	2366
1.023189610139299e+00	-3.758182529280787e-02	2367
-5.821802138652030e-02	-1.998265078594689e-02	2368
1.004888286800011e+00	-5.385217675286908e-03	2369
-7.921533506325164e-02	4.882072533869793e-02	2370
2.596279903686502e-01	4.492879132589211e-01	2371
8.219301772882094e-01	-4.306477392529834e-01	2372
3.825562329743529e-01	-4.983150081079619e-01	2373
-4.134579287663528e-02	2.136656860752260e-01	2374
-7.986838881265762e-02	5.955127820753450e-02	2375
3.946425284377550e-01	4.808509350995819e-01	2376
1.002535868045814e+00	-2.648900790847394e-01	2377
1.008619536371193e+00	-1.082782776874035e-02	2378
1.013638088901399e+00	-1.766631144158503e-02	2379
1.012810296898669e+00	-1.611176498637677e-02	2380
6.529717422835889e-02	3.424325631392703e-01	2381
-1.763048862159481e-02	2.536104935490908e-01	2382
1.003031604127049e+00	7.887008407020893e-04	2383
1.002828611256023e+00	1.794735428085317e-03	2384
1.045085542490894e+00	-1.297674808581788e-01	2385
1.007076757099072e+00	-9.237487772933211e-03	2386
1.006973875409238e+00	-6.648117651186385e-03	2387
1.006676044417032e+00	9.429634052211491e-03	2388
1.010131121266787e+00	1.275961383939586e-02	2389
1.002889788861800e+00	-1.710040560735979e-03	2390
1.003057599965007e+00	-6.949665700660686e-04	2391
-5.725319080554856e-02	-1.110017321242703e-02	2392
-5.358790632753857e-02	-1.955616500922436e-03	2393
1.270001695815773e-01	3.878581484216146e-01	2394
7.443293946854919e-01	-4.658764152085550e-01	2395
9.428431518064173e-01	-3.410651220328466e-01	2396
1.027042946767859e+00	4.889806521590923e-02	2397
-8.363475463017149e-02	-1.108154763891320e-01	2398
4.266182178455650e-01	-5.032348188101825e-01	2399
-7.368457685023583e-02	1.299105839641850e-01	2400
-7.987843939515893e-02	7.026629786784801e-02	2401
-7.963069787852914e-02	8.082711440956936e-02	2402
3.004734586767414e-04	2.772699920314172e-01	2403
3.546891508676865e-01	4.746293221954163e-01	2404
1.041937508241446e+00	-7.016442549341741e-02	2405
1.370826080961573e-01	-4.154299694632461e-01	2406
9.165662211053359e-01	-3.657412576113024e-01	2407
9.857338738945501e-02	-3.900188303519916e-01	2408
6.595416899894233e-02	-3.654672905472679e-01	2409
3.941338253479463e-02	-3.431870567864935e-01	2410
7.011856119769927e-01	-4.804317369098405e-01	2411
7.847173329934016e-01	-4.491023751334166e-01	2412
1.612263971101108e-02	-3.202430842137199e-01	2413
1.655422686812031e-01	4.104846421236454e-01	2414
1.004147949979249e+00	4.111272962514764e-03	2415
1.004671334892123e+00	5.519941349698492e-03	2416
1.003505761063789e+00	5.515074096813938e-05	2417
-8.498988821968284e-02	-9.539346892556369e-02	2418
-5.661707165160092e-02	2.017605008322278e-02	2419
1.036816517778397e+00	1.420643225371555e-01	2420
1.043493452568270e+00	-8.199467550159922e-02	2421
9.233768195031898e-02	3.631511278854805e-01	2422
-5.124489386501250e-02	1.950379762032032e-01	2423
-6.923929628692842e-02	-3.291859136089519e-02	2424
3.152399541097427e-01	4.661200995332999e-01	2425
1.040004215240615e+00	9.905863855651048e-02	2426
1.017890560697751e+00	-2.369111768374163e-01	2427
1.015408987881698e+00	-2.301943746174185e-02	2428
1.010705068574064e+00	-1.244101430297283e-02	2429
1.032096515006313e+00	-2.087068949464715e-01	2430
1.002708091817347e+00	2.854612277759076e-03	2431
1.029372230209728e+00	-4.811587351309923e-02	2432
-6.030956986601636e-02	1.730338914650552e-01	2433
-6.721956892879535e-02	1.537593833487270e-01	2434
-8.401653281588199e-02	-5.931260789539014e-02	2435
1.002807244919908e+00	-2.778512071394819e-03	2436
1.004303294381835e+00	-3.988742477781628e-03	2437
1.014289825777408e+00	2.344829187359880e-02	2438
1.008134163461740e+00	1.107088500197775e-02	2439
1.006689514727855e+00	6.857312100678878e-03	2440
1.023679430729673e+00	4.374631322539899e-02	2441
1.021360258656595e+00	3.819523993098235e-02	2442
9.656119982203258e-01	-3.161387945040507e-01	2443
9.851796647754093e-01	-2.911035684236018e-01	2444
-8.271997027523692e-02	-4.837740934702431e-02	2445
-8.464886969253815e-02	-7.025865720390530e-02	2446
-8.499056525695192e-02	-8.104863182122647e-02	2447
2.052021866457911e-01	4.292237889826492e-01	2448
-3.818704262951284e-02	-2.475168932013311e-01	2449
8.559932470655059e-01	-4.107397921218939e-01	2450
8.874393945890768e-01	-3.891677972614996e-01	2451
-4.764850142321463e-02	7.763735700942486e-03	2452
-6.672155373112043e-02	3.322657636407643e-02	2453
1.044633436363716e+00	-9.524754134573951e-02	2454
1.036674199564256e+00	-1.760296108730549e-01	2455
1.041028967524525e+00	-1.531413646656542e-01	2456
1.045581491499159e+00	-1.100533127050999e-01	2457
-6.038424186479030e-02	-2.027700075525785e-01	2458
-5.037685787768783e-02	-2.237452359278484e-01	2459
-2.335712128994721e-02	-2.715838721648076e-01	2460
-5.043056596681908e-03	-2.950782649887642e-01	2461
-8.130446704540108e-02	-1.300566924829144e-01	2462
-7.630589705785128e-02	-1.523380766382506e-01	2463
-6.979645011396976e-02	-1.765624132655439e-01	2464
1.032064734675842e+00	1.693771233228091e-01	2465
1.021984397887759e+00	2.010824410791531e-01	2466
1.011734837514583e+00	2.326093750579799e-01	2467
9.957407934368021e-01	2.614144123972785e-01	2468
9.769533350659886e-01	2.889449148598004e-01	2469
9.552520972356104e-01	3.152766992949533e-01	2470
9.305118296186180e-01	3.403774131417164e-01	2471
9.026714264756645e-01	3.642916421188217e-01	2472
8.713712374704634e-01	3.872908039588959e-01	2473
8.365014683849107e-01	4.091915155180753e-01	2474
7.986770801984679e-01	4.292959402683607e-01	2475
7.589622051630150e-01	4.469206988119522e-01	2476
7.184035712573955e-01	4.617270110885181e-01	2477
6.772375818773440e-01	4.726996236415667e-01	2478
6.296054019373478e-01	4.832731093810348e-01	2479
4.714505880608157e-01	-5.057950721526332e-01	2480
-7.709145897741963e-02	1.081417347450874e-01	2481
-7.890059968988974e-02	9.450893687992748e-02	2482
4.396535468256352e-02	3.232173349234942e-01	2483
2.214525365061548e-02	3.028486499940197e-01	2484
-3.080117462134968e-02	2.323599253931548e-01	2485
5.732289032803405e-01	4.890082920654424e-01	2486
5.088267006892983e-01	4.902385705248783e-01	2487
4.450512295371768e-01	4.873174742027206e-01	2488
1.038668968520775e+00	7.136758483817608e-02	2489
1.039695063315117e+00	8.384216426731368e-02	2490
1.039726166890039e+00	1.173316296405900e-01	2491
5.170956858614562e-01	-5.064361909941960e-01	2492
6.555186271758532e-01	-4.922614393504054e-01	2493
5.624001077201215e-01	-5.047753273270424e-01	2494
6.083007923549574e-01	-5.005548067820272e-01	2495
1.785431384027317e-01	-4.376011672982085e-01	2496
2.200020529240296e-01	-4.552432524501622e-01	2497
2.592159064366824e-01	-4.686113074307712e-01	2498
2.995174806527795e-01	-4.808623650213052e-01	2499
3.410146188178075e-01	-4.905766244310170e-01	2500
1.014677963683694e+00	1.987683372683295e-02	2501
5.424191978840439e-01	-5.710254510569299e-01	2502
1.010352591077037e+00	1.047986011761291e-02	2503
5.401889444035535e-02	-4.149507839954276e-01	2504
1.031186255075727e+00	5.565017340082509e-02	2505
-9.420855627220687e-02	1.218638874741704e-01	2506
-9.141070404384127e-02	1.473125863931937e-01	2507
4.132155197690514e-01	5.479533652775124e-01	2508
2.429978451254438e-02	-3.878656671597683e-01	2509
1.041892374399964e+00	-5.998242913440619e-02	2510
8.678473354198375e-01	-4.696242351506181e-01	2511
-1.012247044195833e-01	-1.225983667420171e-01	2512
-9.687617780534356e-02	-5.223969896968553e-02	2513
1.212108842014599e-01	4.436960198315795e-01	2514
1.039128488987952e+00	6.128231512046559e-02	2515
1.015569099854852e+00	-2.038397333485484e-02	2516
1.008621786611522e+00	9.173015332332748e-03	2517
1.007484165203772e+00	8.130275663663556e-03	2518
1.007828952437017e+00	-7.894972392353313e-03	2519
-9.442972864818147e-02	6.473071192458352e-02	2520
5.144518327477739e-02	3.893415272626252e-01	2521
1.039029841885626e+00	-2.665640499397961e-01	2522
-6.782070831234632e-02	-2.270638314705414e-02	2523
9.623860507438426e-01	-3.879035630066814e-01	2524
-9.420061131449032e-04	-3.605988958495551e-01	2525
-8.076677339050950e-02	-3.616982649023093e-02	2526
1.630749918218059e-01	4.693208967759658e-01	2527
-7.054991623880505e-02	2.171701212706462e-01	2528
1.059992000202347e+00	-1.202196355201690e-01	2529
4.695534553748594e-01	-5.706621647569239e-01	2530
3.976452519893672e-01	-5.644839657983335e-01	2531
7.433708599322141e-01	-5.332910883870204e-01	2532
9.043042732401294e-02	-4.439137238806164e-01	2533
1.029473690315908e+00	-3.796613986762423e-02	2534
1.032560847345073e+00	-4.199984250870484e-02	2535
1.020718186843003e+00	3.256607974389016e-02	2536
1.016614249924173e+00	2.692563711364471e-02	2537
-6.705971567373824e-02	-1.463110751405270e-02	2538
-1.015835720623638e-01	-1.045679990097911e-01	2539
-7.803451432704032e-02	3.684038882613784e-02	2540
3.450972736080303e-01	5.327166424812431e-01	2541
8.299730232728475e-01	-4.930000923641211e-01	2542
1.024085972061051e+00	-2.978321479468349e-01	2543
1.006208997579484e+00	-5.528930700683068e-03	2544
1.009018871137231e+00	-8.894866185220797e-03	2545
2.635177903412065e-02	3.647965460135535e-01	2546
-3.606535509717848e-02	2.863860162706088e-01	2547
1.003724099049420e+00	3.089503006573404e-03	2548
1.003306799738295e+00	1.364200257749127e-03	2549
1.012670647147017e+00	-1.410876671036978e-02	2550
1.012005426298612e+00	1.449890566470893e-02	2551
1.005496954093312e+00	-4.310982920360555e-03	2552
1.003353711670341e+00	-1.261707931110188e-03	2553
6.949697540111023e-01	-5.492545750622140e-01	2554
1.033813419122360e+00	-5.473574790740758e-02	2555
-9.563766104517556e-02	8.838487638752018e-02	2556
1.053720799730462e+00	1.316081751993550e-01	2557
1.052756528501488e+00	-7.474158178705845e-02	2558
7.884490167489522e-01	-5.143293933789913e-01	2559
1.005977798152625e+00	5.715035048677340e-03	2560
1.005321355450758e+00	4.477221006361789e-03	2561
-6.307127631706025e-02	-3.503330588492430e-03	2562
8.258604032778866e-02	4.148835841718229e-01	2563
-9.317587719548878e-02	5.319114613402778e-02	2564
2.719154925656044e-01	5.150456644149476e-01	2565
1.057966145298771e+00	-1.017828130878100e-01	2566
1.017910604814958e+00	-2.641297261040084e-02	2567
1.022275193039881e+00	-3.193281125291418e-02	2568
1.010817157422890e+00	-1.013515271608463e-02	2569
1.047916276912499e+00	-2.342920780521402e-01	2570
1.002971257283741e+00	2.474381560781436e-03	2571
-7.918067961070721e-02	1.936217999347811e-01	2572
-8.534311933066650e-02	1.710337254304373e-01	2573
-9.879735352481726e-02	-6.394439027903373e-02	2574
1.003057631832818e+00	-2.387073846321942e-03	2575
1.003836861694350e+00	-2.977636902638770e-03	2576
1.030513357869823e+00	4.299308429663339e-02	2577
1.027618212209906e+00	3.886166203179770e-02	2578
9.867608518678359e-01	-3.580690880614645e-01	2579
1.007114254324841e+00	-3.282072838837684e-01	2580
-1.012846212389858e-01	-8.816656753191311e-02	2581
-1.000009031749377e-01	-7.514650591537231e-02	2582
-9.502528909697468e-02	7.576355520743495e-02	2583
2.138529403821031e-01	4.935377087848870e-01	2584
9.025040567766254e-01	-4.444222243205177e-01	2585
9.341066891106780e-01	-4.170166391922674e-01	2586
-5.669816195587751e-02	8.787991698051976e-03	2587
-6.600239488961268e-02	2.320150299796438e-02	2588
1.056082963814869e+00	-1.952034429461733e-01	2589
1.057708711250859e+00	-1.680846217016830e-01	2590
1.059588929248936e+00	-1.442739173866248e-01	2591
-8.045807631238384e-02	-2.250578911747580e-01	2592
-7.114308761284596e-02	-2.491846582049038e-01	2593
-5.821493184958774e-02	-2.762257595696139e-01	2594
-4.243196387714896e-02	-3.051122082609860e-01	2595
-2.353935319933712e-02	-3.318440914242024e-01	2596
-8.889949732396081e-02	-1.980242150755304e-01	2597
-9.942590466092298e-02	-1.457056391481477e-01	2598
-9.482980624736656e-02	-1.701246880053035e-01	2599
1.052456957480299e+00	1.589707749199542e-01	2600
1.047285624150618e+00	1.917883114983422e-01	2601
1.040482376722573e+00	2.246658721475714e-01	2602
1.033593244832139e+00	2.637194927251675e-01	2603
1.016188684827159e+00	2.956453174174073e-01	2604
9.972348643708451e-01	3.278297731686585e-01	2605
9.744750116875350e-01	3.589686025394520e-01	2606
9.479249561019711e-01	3.887236633377622e-01	2607
9.175869858240213e-01	4.171602573422037e-01	2608
8.831853300551537e-01	4.443664793280884e-01	2609
8.448908305857796e-01	4.698526677871699e-01	2610
8.036015204355372e-01	4.927785583993131e-01	2611
7.605093291398195e-01	5.124553408355839e-01	2612
7.144121334590817e-01	5.268507486052196e-01	2613
6.683689667024862e-01	5.411100967893760e-01	2614
-9.525962788074605e-02	1.034477855220460e-01	2615
-1.692413832902618e-02	3.144278275165246e-01	2616
5.986464360380928e-03	3.423287854594844e-01	2617
-5.087998023110864e-02	2.596463605705988e-01	2618
-6.192379991207943e-02	2.376107060478014e-01	2619
6.093229909739165e-01	5.512127904611706e-01	2620
5.438968577160873e-01	5.549426209621585e-01	2621
4.757190918256492e-01	5.538400263664628e-01	2622
1.051451270118053e+00	9.126495000995534e-02	2623
1.049356971943816e+00	7.680490610059061e-02	2624
1.055410352380097e+00	-8.761637834856696e-02	2625
1.053249343784399e+00	1.084699217464786e-01	2626
5.916709906835909e-01	-5.686450384444066e-01	2627
6.436292089281412e-01	-5.614460343929505e-01	2628
1.327261305232086e-01	-4.731599354544877e-01	2629
1.772946741901774e-01	-4.979118196295963e-01	2630
2.207918521061996e-01	-5.170853190313249e-01	2631
2.619809626766219e-01	-5.319112942688011e-01	2632
3.284805074301627e-01	-5.501343267990159e-01	2633
1.010540077341901e+00	8.438318662361629e-03	2634
-9.433786838946451e-02	-4.027506920505583e-02	2635
1.025957018238671e+00	3.482428005480915e-02	2636
1.018067482066986e+00	2.262296362159508e-02	2637
5.888604657469316e-03	-4.376668590175770e-01	2638
-7.825037190900361e-02	-2.139314334727175e-02	2639
7.930928204004956e-01	-5.876654320555279e-01	2640
-2.149055685830951e-02	-4.046994155425451e-01	2641
-6.621678571534548e-02	9.127634694121475e-03	2642
1.012191553431527e+00	-4.034470671121212e-01	2643
9.210025292968921e-01	-5.058673422333606e-01	2644
7.418516362609394e-01	-6.090800866396059e-01	2645
3.930641051200863e-02	-4.705439341131564e-01	2646
-1.216455526719593e-01	-1.356896729295034e-01	2647
1.015190085147533e+00	1.613675106136293e-02	2648
5.058682772333519e-01	-6.441312750983471e-01	2649
-1.124578051169811e-01	8.111191919966318e-02	2650
1.023342749747510e+00	-2.657373149693281e-02	2651
1.007623281984592e+00	-5.384631715881452e-03	2652
1.007390583878170e+00	5.629271838023587e-03	2653
1.006811061129076e+00	-4.360936255777284e-03	2654
-7.386910712322281e-02	-5.971663400229066e-03	2655
6.044889623268637e-03	4.113478407523322e-01	2656
7.037555414303270e-02	4.730297519253349e-01	2657
1.027620323341282e+00	-3.397157076058755e-02	2658
1.015264848091271e+00	-1.493936438808582e-02	2659
1.003519741961610e+00	2.030787577173791e-03	2660
1.012961980014662e+00	-1.149722578122633e-02	2661
-1.123727205090426e-01	-2.200107064500534e-01	2662
-1.209563382446977e-01	-1.138923524011767e-01	2663
-1.138882307331943e-01	9.621554165519433e-02	2664
-1.149523759914407e-01	1.369066961620849e-01	2665
1.003764681355456e+00	-6.867535611642645e-04	2666
1.039629177867803e+00	5.222838080797926e-02	2667
6.864587042413028e-01	-6.263664262861595e-01	2668
1.050077619187459e+00	-3.320824121950526e-01	2669
9.862747189681337e-01	-4.390767317577670e-01	2670
-1.143678964185506e-01	1.136562952941039e-01	2671
1.129392520096881e-01	5.060808126724826e-01	2672
-9.412884468202398e-02	2.391938501267737e-01	2673
1.034764926494205e+00	4.899541500215874e-02	2674
1.051003558646733e+00	-6.432794557306647e-02	2675
5.706367192203052e-01	-6.409230022564832e-01	2676
-1.129277526022701e-01	-5.561041876098000e-02	2677
1.012421732578565e+00	1.192393182147258e-02	2678
4.393687271047777e-01	6.226819466889647e-01	2679
-1.198348258531223e-01	-9.598935651340801e-02	2680
1.631435482251240e-01	5.373398412557702e-01	2681
1.071041773825718e+00	-2.578304899704548e-01	2682
1.016983728043164e+00	-1.733026613468564e-02	2683
1.009103571417827e+00	7.507858716222919e-03	2684
1.008270930753633e+00	6.756256968294645e-03	2685
1.008556751985151e+00	-6.480341543701369e-03	2686
1.009426228756916e+00	-7.199848684257336e-03	2687
3.503593087155572e-02	4.420613868064751e-01	2688
1.060800640293550e+00	-2.960349927644181e-01	2689
-3.766431583664604e-02	3.551573526270515e-01	2690
-1.634774163070728e-02	3.834893543326310e-01	2691
1.065462613117446e+00	9.856042027598101e-02	2692
1.073351975274656e+00	-1.093633289922557e-01	2693
8.826947439309832e-01	-5.355384981964235e-01	2694
1.022041063818533e+00	2.732174934901131e-02	2695
-1.090729997187793e-01	5.714047755723027e-02	2696
8.400040043200867e-01	-5.629924755759478e-01	2697
-5.804881376756892e-02	3.222182481681024e-01	2698
1.003737473036204e+00	8.051806146262920e-04	2699
1.010909199245107e+00	-8.073788343183338e-03	2700
1.004863323895995e+00	3.345086252670665e-03	2701
1.006626473314026e+00	4.578793326736445e-03	2702
1.004990579257484e+00	-3.191584734446611e-03	2703
1.042012291886301e+00	-5.085963854669903e-02	2704
1.037076512512253e+00	-4.787028557784384e-02	2705
3.657469478274415e-01	6.090924848373024e-01	2706
1.068710990053292e+00	1.198135902108140e-01	2707
1.048186294006177e+00	6.617358090444561e-02	2708
-9.136266761495683e-02	4.137518836385908e-02	2709
2.942454822594773e-01	5.898717461138264e-01	2710
-1.019689956971403e-01	2.152903848334251e-01	2711
-1.071688933303496e-01	1.890971131560079e-01	2712
-1.112624451883297e-01	1.648555307900791e-01	2713
1.003591542153311e+00	-1.922296633849752e-03	2714
1.033906920982849e+00	3.756142693371964e-02	2715
1.035694359962308e+00	-3.637905126845716e-02	2716
1.033282345282361e+00	-3.676736918087326e-01	2717
-1.176061826237181e-01	-7.994169796309465e-02	2718
-1.155018146644679e-01	-6.780848354613728e-02	2719
-1.109810114813357e-01	6.921864179651946e-02	2720
2.217193843986477e-01	5.655217693974283e-01	2721
9.557565808785976e-01	-4.735351896599818e-01	2722
-7.657917282364067e-02	2.588039274345669e-02	2723
1.076563303292648e+00	-2.197160614832694e-01	2724
1.076348181238822e+00	-1.324621677729810e-01	2725
1.078363066491278e+00	-1.827824203443437e-01	2726
1.077660152709002e+00	-1.576041492864492e-01	2727
-1.043584698074775e-01	-2.479669145145249e-01	2728
-9.540782610135982e-02	-2.771942676478554e-01	2729
-4.580347682945046e-02	-3.723507938833808e-01	2730
-8.216074608125651e-02	-3.078236667967305e-01	2731
-6.543095282152871e-02	-3.412009326192705e-01	2732
-1.198939659880560e-01	-1.620872818052910e-01	2733
-1.168735906541056e-01	-1.892024911891916e-01	2734
1.070954299494735e+00	1.462174608841749e-01	2735
1.070481904768890e+00	1.787401426649192e-01	2736
1.067686385131354e+00	2.132709722249860e-01	2737
1.064423218720175e+00	2.491708645276246e-01	2738
1.053235047718118e+00	2.951828759295593e-01	2739
1.041391316020241e+00	3.322065610043898e-01	2740
1.021689881309512e+00	3.695866321743921e-01	2741
9.978894988797944e-01	4.064952650948468e-01	2742
9.694711493443452e-01	4.419065801899897e-01	2743
9.363061512680616e-01	4.758049624766558e-01	2744
8.983341417235992e-01	5.080100579984148e-01	2745
8.560938052509149e-01	5.376831129586180e-01	2746
8.107270552432033e-01	5.638909314801344e-01	2747
7.359969267369715e-01	5.934622002030333e-01	2748
-7.429340045993651e-02	2.903076378600208e-01	2749
-8.587980097931144e-02	2.634707950503433e-01	2750
6.523628506930922e-01	6.175676607429209e-01	2751
5.822646793338154e-01	6.257861244248385e-01	2752
5.103157498119734e-01	6.271212262011592e-01	2753
1.069251912051336e+00	-9.239124234497557e-02	2754
1.061757064620984e+00	8.243729006937947e-02	2755
1.065148545583170e+00	-7.887157261876210e-02	2756
4.276633928265331e-01	-6.395588856684146e-01	2757
6.280189427570158e-01	-6.381800727157235e-01	2758
7.989764563109268e-02	-5.040833792367996e-01	2759
1.259635178683871e-01	-5.376527298043587e-01	2760
1.736194017049673e-01	-5.651162422353868e-01	2761
2.199624377317204e-01	-5.840829855045558e-01	2762
2.775384562403107e-01	-6.059714577635816e-01	2763
3.489073089961596e-01	-6.260425769958393e-01	2764
-1.226328695645282e-01	-3.069669664698960e-01	2765
9.435669285458353e-01	-5.741125441401856e-01	2766
-7.445925492458985e-02	1.312375091109348e-02	2767
8.517972756632585e-01	-6.417089018706669e-01	2768
5.425677651241708e-01	-7.241777635149370e-01	2769
1.012866288577916e+00	-9.154603553937029e-03	2770
1.015171762963031e+00	-1.307264569267415e-02	2771
1.050188367331630e+00	-5.491001385672516e-02	2772
1.006164256368101e+00	-3.322536055890593e-03	2773
1.039872061436103e+00	-4.161086209820481e-02	2774
3.900019455889091e-01	6.937149085148417e-01	2775
7.978589085169198e-01	-6.702977259515845e-01	2776
-1.407128104196524e-01	-1.036243877649512e-01	2777
-1.445391010904013e-01	-1.503658706141013e-01	2778
1.011006489443996e+00	-6.209503097667596e-03	2779
9.817317547824679e-01	-5.359044832657470e-01	2780
-6.437697534486639e-02	3.978072082847370e-01	2781
-4.343275312023639e-02	4.287746557048061e-01	2782
1.064570024786546e+00	-4.099755047356557e-01	2783
9.003739196846402e-01	-6.094141752447609e-01	2784
1.037838840288044e+00	4.292273247372073e-02	2785
1.047749167911600e+00	5.666057642729799e-02	2786
-7.885343058237372e-02	5.966701495642976e-03	2787
1.046936644642618e-01	5.773946580800217e-01	2788
1.635073190735688e-01	6.145649713701796e-01	2789
-1.433614240083733e-01	-1.239935906487825e-01	2790
1.020721922501685e+00	-2.266197589568375e-02	2791
4.622455018891216e-01	-7.227874060673881e-01	2792
1.102046823102016e+00	-2.022695929680848e-01	2793
1.101796359552836e+00	-2.426515065764429e-01	2794
1.090332416311074e+00	-3.241982863617662e-01	2795
-1.292282389213813e-01	7.286458079080135e-02	2796
1.059527705912525e+00	7.008854364281061e-02	2797
5.511402231501641e-02	5.381636105911439e-01	2798
-4.691764561631138e-02	-4.534254237251962e-01	2799
2.168611120926984e-02	-5.329796470669855e-01	2800
1.018140038184535e+00	1.858979426189815e-02	2801
-1.096892203011740e-01	-4.327922996855062e-02	2802
1.022987613903797e+00	2.251732680504565e-02	2803
-7.193018211627680e-02	-4.170932895580020e-01	2804
7.383819322281084e-01	-6.943712153487260e-01	2805
1.042324662837733e+00	-4.522955798858670e-01	2806
-1.614617299913559e-02	-4.932556975496044e-01	2807
1.019162431785405e+00	-2.020820354133529e-02	2808
-1.340071852349685e-01	-7.083261955575708e-02	2809
1.008181156523972e+00	-4.108725151303445e-03	2810
1.008909254714111e+00	5.352377003904993e-03	2811
1.004268427760865e+00	6.870216162930538e-05	2812
-1.065480674293171e-01	4.490851249553545e-02	2813
-1.748818759500050e-02	4.634107109702932e-01	2814
1.027294821720396e+00	-3.017128329435226e-02	2815
1.018416297448812e+00	-1.448600302701361e-02	2816
1.004062297322406e+00	1.493817663797796e-03	2817
1.014545120023736e+00	1.358397748587373e-02	2818
1.004416471225583e+00	2.422626318012492e-03	2819
1.078048799221593e+00	-3.668225640344592e-01	2820
1.014948387018999e+00	-4.948620154408264e-01	2821
-1.369214991159050e-01	1.246549721808817e-01	2822
6.737228070252294e-01	-7.125397422648850e-01	2823
-1.345667125896925e-01	1.042309137346925e-01	2824
1.012438201023045e+00	9.595251219000355e-03	2825
-1.376934305133061e-01	-8.528879335466166e-02	2826
-1.323082971034400e-01	8.671790571755456e-02	2827
1.097179097724951e+00	-2.851278276634666e-01	2828
1.010721831055978e+00	6.589121075497388e-03	2829
1.009134029918800e+00	-5.043124672283815e-03	2830
1.544623507621279e-02	5.011468633036040e-01	2831
-8.631067500351206e-02	-1.087886339744713e-02	2832
-9.118396171119784e-02	-2.643061544745757e-02	2833
1.062110636007521e+00	-6.719741495038251e-02	2834
1.025809377406475e+00	3.104686800355000e-02	2835
-8.393133701733006e-02	3.613708525965312e-01	2836
1.008001155695423e+00	4.383294562818890e-03	2837
1.006026134266883e+00	3.520467067648565e-03	2838
1.004115322910836e+00	-1.364559593228462e-03	2839
1.081868225208756e+00	1.070052884196612e-01	2840
3.118871345123744e-01	6.734304280532218e-01	2841
-1.276458618116635e-01	2.369228522019535e-01	2842
-1.330459322106029e-01	2.078852401168833e-01	2843
-1.354891099474291e-01	1.813500889409765e-01	2844
-1.371468483283051e-01	1.538804086925429e-01	2845
1.004505749126181e+00	-2.282696803457657e-03	2846
-1.309986220457267e-01	-5.816494183047902e-02	2847
-1.270361119298971e-01	6.034749340773503e-02	2848
2.361422307435213e-01	6.476188348868256e-01	2849
-8.936577785554008e-02	2.955959230557052e-02	2850
1.091028647158963e+00	-1.187458178212455e-01	2851
1.099305251327359e+00	-1.694876907250109e-01	2852
-1.384565059317940e-01	-2.424776043473145e-01	2853
-1.327627785234676e-01	-2.724463232490599e-01	2854
-9.246012870334601e-02	-3.797916518631634e-01	2855
-1.102520323344367e-01	-3.425624919379603e-01	2856
-1.444527269580337e-01	-1.784023747299279e-01	2857
-1.432235086997994e-01	-2.085849799537384e-01	2858
1.087268677168100e+00	1.316307943844000e-01	2859
1.095860933816143e+00	-1.439710397060275e-01	2860
1.091150014714641e+00	1.628833634115768e-01	2861
1.092937608988210e+00	1.980504893774212e-01	2862
1.093281902036096e+00	2.338246061243563e-01	2863
1.089735993034851e+00	2.797962534651110e-01	2864
1.081497381530460e+00	3.247037279649790e-01	2865
1.067273993423247e+00	3.697338125800539e-01	2866
1.051016030374034e+00	4.145677740288206e-01	2867
1.025978396927502e+00	4.579939557203839e-01	2868
9.955753053780794e-01	5.003269859045684e-01	2869
9.592397533258304e-01	5.408451200344202e-01	2870
9.171721748169206e-01	5.789686386784618e-01	2871
8.703054104107435e-01	6.135403610545105e-01	2872
8.025126138383198e-01	6.495183616688551e-01	2873
-1.014613055342984e-01	3.244901405632356e-01	2874
-1.131316098576509e-01	2.912984946523600e-01	2875
-1.220256759437045e-01	2.623185044874705e-01	2876
7.175836205366932e-01	6.818941810342362e-01	2877
6.281756271672788e-01	7.023018718303541e-01	2878
5.493661833962769e-01	7.075371580726501e-01	2879
4.714410086753164e-01	7.054295228491999e-01	2880
1.085192630866762e+00	-9.746565791121792e-02	2881
1.079323669477520e+00	-8.191171666092918e-02	2882
1.076295655002363e+00	8.764188093488007e-02	2883
6.033310545218091e-01	-7.215315430569198e-01	2884
6.594533517924191e-02	-5.713893238290577e-01	2885
1.162299660861465e-01	-6.094965437430588e-01	2886
1.700571160130937e-01	-6.400560650533045e-01	2887
3.750468105259590e-01	-7.108112868953773e-01	2888
2.226690108680974e-01	-6.636412277806718e-01	2889
2.926774742692237e-01	-6.893593919815806e-01	2890
-7.678905871880007e-02	-5.080653312568311e-01	2891
-9.657205189574479e-02	4.425750630905329e-01	2892
3.310318225781493e-01	7.670944789237768e-01	2893
1.049562146766478e+00	-4.576570167258645e-02	2894
-1.647073459086262e-01	-3.003909944201444e-01	2895
1.005598873369815e+00	-2.330349561332914e-03	2896
1.047513512784949e+00	4.753466126484231e-02	2897
4.197966711057385e-01	7.875610174705262e-01	2898
1.126038634792805e+00	-4.050497809095638e-01	2899
9.599376131999995e-02	6.586027810604074e-01	2900
5.010322552790155e-01	-8.142720652587548e-01	2901
-1.431355119036614e-01	-3.809554540362453e-01	2902
-1.269919368017131e-01	-4.533444612717157e-02	2903
1.014759742739276e+00	1.085514269382833e-02	2904
1.077916745625219e+00	-5.049252999678276e-01	2905
1.010876723753654e+00	-4.327146759124816e-03	2906
1.009605313749248e+00	-3.609709623625701e-03	2907
1.004973361886826e+00	1.678409547148853e-03	2908
1.025319615182516e+00	-2.240617261867273e-02	2909
1.028312742113624e+00	-2.505283474770723e-02	2910
7.307671770293647e-01	-7.903507690401484e-01	2911
5.768963324868813e-01	-8.105241088473540e-01	2912
1.048606921472948e+00	-5.556742874801999e-01	2913
-1.714625076271734e-01	-1.643444782548785e-01	2914
1.007357726250954e+00	-3.179265650884004e-03	2915
-1.161746699880775e-01	4.025835789267483e-01	2916
1.004595543984567e+00	-7.015559614579454e-04	2917
1.026857263741330e+00	2.587755007599730e-02	2918
1.123083821824399e+00	-3.564777635814116e-01	2919
-1.647575430384483e-01	-1.107849599542288e-01	2920
-1.328753514756447e-01	3.623242094221802e-01	2921
-1.693491083293858e-01	-1.359551629766028e-01	2922
1.032577456199052e+00	-3.164337471320011e-02	2923
-8.693833940172305e-02	1.614708309274203e-02	2924
-1.556462155323319e-01	-3.381887151928399e-01	2925
-1.250979950644021e-01	-4.218377887911972e-01	2926
1.129769918140976e+00	-2.224483082006718e-01	2927
1.072573311141361e+00	7.392970492181947e-02	2928
1.059857286921089e+00	-5.883110085213192e-02	2929
8.646887104493415e-01	-7.305318138450082e-01	2930
1.638560514216831e-01	-7.244078650921771e-01	2931
4.066700158922210e-01	-8.050670410803686e-01	2932
9.701422956167570e-01	-6.502148358204597e-01	2933
6.502994185060423e-01	-8.078627126000912e-01	2934
1.012768986996129e+00	-7.109445223123229e-03	2935
1.015253258184452e+00	-1.031898505263091e-02	2936
1.057315972160073e+00	6.099147421823298e-02	2937
1.007220586851873e+00	3.424982905133726e-03	2938
8.013710729985615e-01	-7.636546691919091e-01	2939
1.018002591258582e+00	1.466773834485269e-02	2940
1.009441713879386e+00	3.944737823864491e-03	2941
1.012685972393992e+00	-6.045580271289502e-01	2942
-7.966405168890144e-03	5.671851398494945e-01	2943
1.097350767991598e+00	-4.539329001753889e-01	2944
9.208932349884936e-01	-6.923909920908914e-01	2945
1.041024277433629e+00	3.649751843013839e-02	2946
1.042746590003772e+00	-3.499992555871027e-02	2947
-7.451310366328431e-02	4.797648548389482e-01	2948
1.131506382742997e+00	-2.671689408503095e-01	2949
3.813356875962766e-02	6.122661307635834e-01	2950
-1.036018293417895e-01	-4.654840776148231e-01	2951
-4.196152192933433e-02	-5.555023537928823e-01	2952
1.020525441455824e+00	-1.707536647060361e-02	2953
-1.039012600472673e-01	3.297067536480394e-02	2954
-4.487419823876561e-02	5.214763842513456e-01	2955
1.004566194956745e+00	8.498457626276112e-04	2956
-1.586547990066634e-01	1.117050720079635e-01	2957
-1.546240604265023e-01	9.257617883013200e-02	2958
1.010677420397446e+00	4.711258727591766e-03	2959
-1.601706742869139e-01	-9.098230730783001e-02	2960
-1.530132913362172e-01	-6.661894153581907e-02	2961
-1.237469126485387e-01	4.756509534015602e-02	2962
1.129578634141188e+00	-3.107231663980738e-01	2963
1.012436470399258e+00	7.558661705545851e-03	2964
-1.012977866308568e-01	-1.480767788288617e-02	2965
-1.052833067125343e-01	-2.906275263986345e-02	2966
1.031011238985342e+00	3.273327280291276e-02	2967
1.005503351622401e+00	2.511058352861687e-03	2968
1.005034927382433e+00	-1.516006832259423e-03	2969
-1.628504888332185e-01	2.284552778591966e-01	2970
-1.628436542523203e-01	1.389360851383084e-01	2971
-1.641098956408761e-01	1.973782317898152e-01	2972
-1.637306137981021e-01	1.691818954131188e-01	2973
-1.485181964894777e-01	6.926000761853425e-02	2974
2.488588999328297e-01	7.392102858034255e-01	2975
1.685336905309225e-01	7.033634202306296e-01	2976
-9.295484578917362e-02	1.987801804027241e-03	2977
-1.701691094705750e-01	-2.638549795032573e-01	2978
-1.734287411294571e-01	-1.945268394821985e-01	2979
-1.726472651380193e-01	-2.298500421589346e-01	2980
1.101322113814589e+00	1.157364917622118e-01	2981
1.111747996608509e+00	-1.277673115501630e-01	2982
1.109059029767022e+00	1.448975722075712e-01	2983
1.118530308040217e+00	-1.538039849557425e-01	2984
1.115516273906415e+00	1.793881030980932e-01	2985
1.124849515079362e+00	-1.836977522639617e-01	2986
1.120076195912237e+00	2.157953678743789e-01	2987
1.122733316236937e+00	2.593457689703190e-01	2988
1.120810934466325e+00	3.087908514492760e-01	2989
1.113127894705357e+00	3.594976181343750e-01	2990
1.101887740584235e+00	4.076774506340147e-01	2991
1.082012581197065e+00	4.612877998013259e-01	2992
1.059484503357766e+00	5.139480618520705e-01	2993
1.026698433876284e+00	5.644464032525011e-01	2994
9.867949421135094e-01	6.129685503663015e-01	2995
9.400019271887646e-01	6.581397419125671e-01	2996
8.757169113290071e-01	7.038274416960048e-01	2997
-1.454285489022644e-01	3.215602174804931e-01	2998
-1.539725652267344e-01	2.880966147524586e-01	2999
-1.588565885041674e-01	2.572390105489468e-01	3000
7.920966748320193e-01	7.464145338407789e-01	3001
6.943148783502735e-01	7.794874248033888e-01	3002
5.962661731166273e-01	7.951902366549071e-01	3003
5.095330483647884e-01	7.966430523656808e-01	3004
1.103617482977792e+00	-1.037823814601116e-01	3005
1.074643162323838e+00	-6.940529708611204e-02	3006
1.095496336342729e+00	-8.463902610064250e-02	3007
1.093232102611423e+00	9.332343709322480e-02	3008
-2.731766487015855e-04	-6.027974186565879e-01	3009
4.834558482439343e-02	-6.466421692729885e-01	3010
1.058853285910590e-01	-6.903652144928955e-01	3011
3.122600648671951e-01	-7.833453972294488e-01	3012
2.291775602758719e-01	-7.541653566867077e-01	3013
1.056213422277504e+00	5.128886754867095e-02	3014
1.116108615641862e+00	-5.604662333987677e-01	3015
-1.865573169301838e-01	1.212814699854869e-01	3016
1.008688984221280e+00	-2.830719563068398e-03	3017
1.169535902469379e+00	-3.775835446837187e-01	3018
1.166705632175400e+00	-3.390996665401355e-01	3019
3.553412515619085e-01	8.720451516089358e-01	3020
8.013372878357218e-01	-8.693581494086065e-01	3021
1.005507392338133e+00	9.020372215042408e-04	3022
1.006051894121451e+00	-1.414532825389692e-03	3023
1.033167339472153e+00	2.676213042126728e-02	3024
1.947739300645691e-02	6.967062660261223e-01	3025
8.774080700583113e-01	-8.311949238975085e-01	3026
1.012656219054256e+00	-5.124883023924403e-03	3027
1.017721252778766e+00	-1.177821173276948e-02	3028
2.398463389228758e-01	-8.567838064479982e-01	3029
1.087769983834330e+00	-6.216726641918724e-01	3030
1.045656474121286e+00	4.275698676800897e-02	3031
1.070988412702620e+00	-6.031503706891271e-02	3032
8.984709757113395e-02	7.523884071652298e-01	3033
9.194564625327241e-02	-7.804463012603118e-01	3034
1.022916963759495e+00	-1.943643692151779e-02	3035
1.005138413054839e+00	8.464490651747270e-05	3036
1.027647786198395e+00	2.108765674299746e-02	3037
-2.028134320751723e-01	-1.773134479512591e-01	3038
-1.210561126712321e-01	-3.001129520962388e-02	3039
1.005539146509729e+00	-7.188027658484844e-04	3040
-2.065053981754938e-01	-2.877806958036769e-01	3041
-1.060597344302346e-01	-2.025391201207056e-03	3042
2.615438083379336e-01	8.418322871262282e-01	3043
-1.344423644707181e-01	4.907124675154391e-01	3044
-1.007776965398984e-01	1.684644982214057e-02	3045
1.038903378750607e+00	-3.085646765019208e-02	3046
1.088130221792072e+00	7.738593633830666e-02	3047
4.562750113570311e-01	8.913192811151078e-01	3048
-7.744972256385128e-02	5.865878076223560e-01	3049
-1.112422334365209e-01	-5.696408618669025e-01	3050
-1.948600763618775e-01	1.828524645211056e-01	3051
-2.015443006670696e-01	-3.290364362642959e-01	3052
7.123805287228483e-01	-8.980848131863343e-01	3053
1.594117791474917e-01	-8.207769001131630e-01	3054
-1.398836306699277e-01	-5.178797449729575e-01	3055
4.442556699375746e-01	-9.092245361594095e-01	3056
-1.942001979833110e-01	-3.724548210104237e-01	3057
1.017147782979172e+00	1.241181460290802e-02	3058
1.008561947246492e+00	3.131319317173335e-03	3059
1.021868456143716e+00	-1.382470277357216e-02	3060
9.437832514054313e-01	-7.859866442547578e-01	3061
-2.074901608186866e-01	-2.493167374497592e-01	3062
1.006691412672084e+00	-2.274267586870736e-03	3063
-1.543847971792993e-01	4.465723537209882e-01	3064
1.021196230962395e+00	1.651440573028637e-02	3065
1.029627151211107e+00	-2.053160067038152e-02	3066
1.166582590462654e+00	-2.903239393780662e-01	3067
-1.825791726949133e-01	3.556359894963320e-01	3068
-1.696947906087217e-01	4.015417489174530e-01	3069
-1.463360576438870e-01	-4.634992624512554e-02	3070
-1.800435818660352e-01	-4.215048364508379e-01	3071
1.058344714655827e+00	-4.916865842694743e-02	3072
3.377799492626096e-01	-8.888196105866134e-01	3073
1.000831873139353e+00	-7.353582500706397e-01	3074
5.807623260822714e-01	-9.121540750634564e-01	3075
1.014851122902919e+00	-8.039505350287595e-03	3076
1.068589740579188e+00	6.308966005137619e-02	3077
1.010968244150627e+00	-2.678509692404387e-03	3078
1.048784409951999e+00	-6.803693071944429e-01	3079
-3.464053452602713e-02	6.419035943195061e-01	3080
1.155709101289788e+00	-4.552902086271313e-01	3081
1.139694430839435e+00	-4.988960234721223e-01	3082
1.034596815475266e+00	-2.565230806468491e-02	3083
-1.102699849204345e-01	5.372992162447819e-01	3084
-1.636926641369110e-01	-4.677485511991662e-01	3085
-1.776931847022103e-01	-7.253631092918106e-02	3086
-1.431253701995902e-01	4.923484529381909e-02	3087
1.010840844655401e+00	3.073064402157806e-03	3088
1.012415263474850e+00	5.579185630683483e-03	3089
-1.801894917605885e-01	9.708599195946287e-02	3090
-1.857402123183766e-01	-9.543001228189384e-02	3091
-1.916037659063763e-01	1.530997323249766e-01	3092
-1.203354452424992e-01	3.538445657233504e-02	3093
1.014467616607166e+00	8.572677366147414e-03	3094
-1.173822270769273e-01	-1.811046248642774e-02	3095
1.037377708583190e+00	3.222118473770402e-02	3096
1.005991495787937e+00	1.615730655444871e-03	3097
1.006594217772376e+00	2.497379852539906e-03	3098
-1.924745283197051e-01	-1.186323648795372e-01	3099
-1.982053324396140e-01	-1.480057233010231e-01	3100
-1.971290804168036e-01	2.143369023118335e-01	3101
-1.730794763132684e-01	7.514519496121851e-02	3102
1.737064846007209e-01	8.033541483845383e-01	3103
-2.072262939109119e-01	-2.127854898038109e-01	3104
1.124127364781193e+00	1.253986485945869e-01	3105
1.135396340695783e+00	-1.354097751495907e-01	3106
1.134934715733167e+00	1.580197856480369e-01	3107
1.145171822216836e+00	-1.636461307983657e-01	3108
1.144175722205534e+00	1.944039112692215e-01	3109
1.154513929737478e+00	-1.994368189231209e-01	3110
1.152197429991416e+00	2.358237253997340e-01	3111
1.162453876622805e+00	-2.433609467572465e-01	3112
1.157172376138187e+00	2.855532399487307e-01	3113
1.157221335004814e+00	3.403147340302241e-01	3114
1.152065026527468e+00	3.940257711200802e-01	3115
1.139660123853666e+00	4.521497557521801e-01	3116
1.122742114216914e+00	5.098232411789193e-01	3117
1.095146166430131e+00	5.728040930771127e-01	3118
1.063192692845997e+00	6.347654484930801e-01	3119
1.019385860881025e+00	6.929754368383054e-01	3120
9.588525179542678e-01	7.515964128630359e-01	3121
-1.900708702190022e-01	3.152996489262385e-01	3122
-1.948758694640905e-01	2.789073218903431e-01	3123
-1.966836253240050e-01	2.478457431362300e-01	3124
8.771616436078831e-01	8.078429999640501e-01	3125
7.759559310204051e-01	8.556301202049353e-01	3126
6.627599140700697e-01	8.866725865608585e-01	3127
5.561015210765017e-01	8.965433540449840e-01	3128
1.125075013697023e+00	-1.097883366972078e-01	3129
1.089218237697480e+00	-7.057456010619194e-02	3130
1.114168361474140e+00	-8.794117813253362e-02	3131
1.113127561235542e+00	9.889969034427827e-02	3132
-7.261798450476577e-02	-6.243261958915167e-01	3133
-2.647793028703866e-02	-6.805754635999749e-01	3134
2.886940971282742e-02	-7.318367422366424e-01	3135
1.048959852306133e+00	3.550871571178788e-02	3136
9.680181821918915e-01	-8.922253375391298e-01	3137
1.006544219439255e+00	-5.145752331009929e-04	3138
1.017537404281353e+00	-8.853512967229749e-03	3139
-1.834086495715819e-01	-5.755457215985202e-01	3140
-6.445045433324037e-02	7.269410750401855e-01	3141
1.024197197679093e+00	1.815523938686454e-02	3142
1.186021377322364e+00	-5.515654779111229e-01	3143
1.130583951929600e+00	-6.919575667252383e-01	3144
1.035487795154522e+00	-1.979457727237903e-02	3145
-1.367908188897560e-01	-2.447698746434863e-02	3146
-1.163373855406400e-01	1.532409576095603e-02	3147
-1.145578677352394e-01	6.606927935401461e-01	3148
1.182381783939952e-03	7.942162485980192e-01	3149
2.778303878540183e-01	9.573488603309970e-01	3150
1.066349288633505e+00	5.504995556768671e-02	3151
3.705529496457420e-01	-1.006471182807776e+00	3152
2.561569118896911e-01	-9.727998463540637e-01	3153
-2.476520903407421e-01	-2.694148975748575e-01	3154
1.014345799311098e+00	6.416716871729945e-03	3155
1.024226062314006e+00	-1.627607439259645e-02	3156
-2.323112796921870e-01	3.442789214442228e-01	3157
7.912878926859750e-01	-9.894774139616571e-01	3158
1.014627576176923e+00	-5.882234258637956e-03	3159
1.021578215748543e+00	2.034972091882634e-02	3160
-1.789564429609872e-01	5.440508890752093e-01	3161
1.045357264370932e+00	-2.869792984789047e-02	3162
-2.475641139097148e-01	-3.134846831509476e-01	3163
-2.390872394804715e-01	-1.906377054038590e-01	3164
1.017106174480506e+00	9.498458107262606e-03	3165
-1.695738508191326e-01	-4.929063455829884e-02	3166
-1.989515058413793e-01	4.937589175032736e-01	3167
1.106121875322519e+00	8.094383174687692e-02	3168
1.201555690215396e+00	-4.966549669081695e-01	3169
1.213085603875419e+00	-4.250423113306717e-01	3170
1.150959334181830e+00	1.347307359468466e-01	3171
-2.306844902359712e-01	1.961368492709595e-01	3172
3.870138934458541e-01	9.891686208886711e-01	3173
1.068574396536732e+00	-5.253613026923571e-02	3174
1.083500809031960e+00	-6.054946707994346e-02	3175
5.567686872389978e-03	-8.271703211674949e-01	3176
-2.450335155086702e-01	-3.585214015072218e-01	3177
1.164254673977115e+00	-6.194632890679737e-01	3178
5.019357739006580e-01	1.005462680078420e+00	3179
8.876954124534389e-01	-9.458253503814146e-01	3180
1.010023313115477e+00	-2.188655882480413e-03	3181
1.012542543958618e+00	-3.594861555712616e-03	3182
1.052253709616438e+00	-3.649948540413374e-02	3183
1.056856261986015e+00	-3.982815782202853e-02	3184
1.583759763274807e-01	-9.309925188693787e-01	3185
1.020673576545259e+00	1.275844374241197e-02	3186
1.006122874786022e+00	1.032177328628759e-04	3187
-1.388176252692995e-01	3.659885073703778e-02	3188
8.417222613463689e-02	8.590607406762190e-01	3189
-2.250737536611916e-01	-4.632403324283574e-01	3190
-2.140376405539021e-01	4.421792165297247e-01	3191
7.678151145169397e-02	-8.823523431868072e-01	3192
6.586371679035222e-01	-1.017363834539392e+00	3193
-2.075163440655227e-01	-5.191049919622993e-01	3194
1.009919903549642e+00	2.545769913166347e-03	3195
1.043935515804549e+00	3.035205867576465e-02	3196
1.007925149458962e+00	-2.065136190885842e-03	3197
1.007186671692443e+00	-1.239194463211930e-03	3198
1.027114829792221e+00	-1.848851311817999e-02	3199
1.213188607013225e+00	-3.547276175815176e-01	3200
1.207526661890268e+00	-3.143598167068847e-01	3201
-2.245523763602971e-01	3.924972483472847e-01	3202
-2.384187076500027e-01	-4.116057341910447e-01	3203
1.035363289696140e+00	-8.311277237132462e-01	3204
5.104221066554383e-01	-1.022677631497757e+00	3205
1.081518103528974e+00	6.452720729050689e-02	3206
1.090245118425801e+00	-7.644098291140028e-01	3207
-1.511578584498504e-01	6.009008112228208e-01	3208
-2.315714058761837e-01	-1.576692207786168e-01	3209
1.012370424626522e+00	4.050471435683169e-03	3210
-1.660302247015693e-01	5.254316903129264e-02	3211
-2.052032422441345e-01	-7.567982568133903e-02	3212
-2.096011052282437e-01	1.022077055063159e-01	3213
-2.250370858486378e-01	1.644516996032901e-01	3214
-1.254279506974609e-01	-3.667013357722205e-04	3215
1.039665439737681e+00	2.613171418133887e-02	3216
1.041007570649015e+00	-2.471474573107502e-02	3217
1.006518975306419e+00	7.368229301520356e-04	3218
1.007130513860074e+00	1.484975016577470e-03	3219
1.007832761339435e+00	2.337625342072639e-03	3220
-2.149323627920725e-01	-9.945745319944128e-02	3221
-2.236739784250961e-01	-1.277190573800716e-01	3222
-2.179745313827697e-01	1.325042900574757e-01	3223
-2.004931057867538e-01	7.825804786990180e-02	3224
1.785136871200429e-01	9.156584540863881e-01	3225
-2.446318370894085e-01	-2.306611914018843e-01	3226
1.162741840934965e+00	-1.416192887753510e-01	3227
1.164911464251460e+00	1.698935578017920e-01	3228
1.176030669852996e+00	-1.745323662113509e-01	3229
1.178036205855522e+00	2.094671378549082e-01	3230
1.189374565548153e+00	-2.155981399759399e-01	3231
1.189482113536859e+00	2.573346565744650e-01	3232
1.200223148101186e+00	-2.634775842045367e-01	3233
1.197689751957835e+00	3.130001758601650e-01	3234
1.200092996289935e+00	3.715992251354838e-01	3235
1.196253411848998e+00	4.338655034739560e-01	3236
1.186238209130634e+00	4.971224405317426e-01	3237
1.166940144706291e+00	5.666315157075300e-01	3238
1.141371634389873e+00	6.357496224214081e-01	3239
1.102248546704604e+00	7.094325171638518e-01	3240
1.052014388414165e+00	7.865431009492327e-01	3241
-2.343275736156681e-01	2.316350067136986e-01	3242
-2.352801506735841e-01	3.029101143754788e-01	3243
-2.361597467490914e-01	2.658393929122975e-01	3244
9.746082329860313e-01	8.605248293724510e-01	3245
8.728390345136822e-01	9.270927532368040e-01	3246
7.501018881869844e-01	9.777760836839579e-01	3247
6.213458418874901e-01	1.003330495380671e+00	3248
1.149418057603351e+00	-1.147660208372126e-01	3249
1.106330702011809e+00	-7.155272478331809e-02	3250
1.135811177888954e+00	-9.068638070366702e-02	3251
1.136376614439282e+00	1.048890267293527e-01	3252
-1.515763037516796e-01	-6.389155518523726e-01	3253
-1.094282450027497e-01	-7.013288886412493e-01	3254
-5.630404430721701e-02	-7.681451473794264e-01	3255
-2.879511196224471e-01	-2.466314639452450e-01	3256
-2.709893286037356e-01	2.099843140430761e-01	3257
5.891857516872027e-01	-1.145076620432295e+00	3258
1.073097436443625e+00	-9.397282199086442e-01	3259
-9.560016885912621e-02	8.246284065639400e-01	3260
-2.951202364367586e-01	-3.914970509440103e-01	3261
-2.293928805821501e-01	6.046702587403213e-01	3262
4.288837424709659e-01	1.119135233375464e+00	3263
1.055132042236861e+00	4.194189754570651e-02	3264
1.009189422890408e+00	-1.568384579660824e-03	3265
1.012579174658528e+00	-1.720605888660376e-03	3266
1.066288825741250e+00	-4.259069308214552e-02	3267
-2.083269471541990e-02	-9.346604394590908e-01	3268
2.799298554006747e-01	-1.103412900260152e+00	3269
4.264748772725023e-01	-1.136959615912265e+00	3270
1.025481946948777e+00	-1.270379236442951e-02	3271
-1.981980386234228e-01	6.717195099457425e-01	3272
-9.087885447954182e-02	-8.661900661789116e-01	3273
1.019789260117002e+00	1.091258533533350e-02	3274
1.020292544807980e+00	-1.015701502740214e-02	3275
1.855028258407275e-01	1.042161506733433e+00	3276
1.016912935538845e+00	-6.740497495790477e-03	3277
-1.595104318814951e-01	3.642034554777895e-02	3278
-1.947493566653477e-01	-5.154206506595663e-02	3279
-2.821375975004609e-01	3.272912791201960e-01	3280
1.028475395557702e+00	1.664355908594997e-02	3281
-2.360369869662956e-01	-7.688871365125613e-02	3282
1.064539841068402e+00	4.452402793783666e-02	3283
-2.698354618026782e-01	-1.661490692737123e-01	3284
-2.632948072188628e-01	1.739983635463766e-01	3285
3.009360575405382e-01	1.087320118585625e+00	3286
-2.580429993652639e-01	-5.738844950399873e-01	3287
1.181826408306518e+00	1.429628860051712e-01	3288
1.184149293928221e+00	-7.686628272258913e-01	3289
5.654630750649250e-01	1.129068057011549e+00	3290
-2.798203092207623e-01	-2.052560304921389e-01	3291
1.127336921177177e+00	8.422322220254223e-02	3292
1.624178911702487e-01	-1.056879437850182e+00	3293
-2.340336165243898e-01	-6.404127299932383e-01	3294
1.097437199971664e+00	-5.920933507757037e-02	3295
9.915795261105063e-01	-1.013770839724303e+00	3296
-1.750034971015887e-02	9.059180250363188e-01	3297
1.241874741450292e+00	-6.064850469593204e-01	3298
1.034841868863398e+00	2.103300909720911e-02	3299
-1.561635108514631e-01	7.455021132234686e-01	3300
1.077835782618705e+00	5.619147181542170e-02	3301
1.016584126900015e+00	7.369055678352184e-03	3302
1.024255722609673e+00	1.425895106727938e-02	3303
1.030983022202391e+00	-1.628575853513961e-02	3304
1.027937055932877e+00	-1.440728031388888e-02	3305
-2.803048942438978e-01	3.770262242230253e-01	3306
7.508982430358512e-01	-1.125743361821893e+00	3307
1.014434759063235e+00	-4.226236156243619e-03	3308
1.047253381955404e+00	-2.223903216387322e-02	3309
-2.932724832855354e-01	-2.913864318761412e-01	3310
-2.502469054199518e-01	5.438107640846320e-01	3311
1.255515130670529e+00	-5.412730293760918e-01	3312
1.264318376972160e+00	-4.697067576748579e-01	3313
1.079989762257575e+00	-5.326194821549154e-02	3314
-2.955335982735155e-01	-3.385916308836169e-01	3315
1.217075274026794e+00	-6.876008979290898e-01	3316
8.896275046822082e-01	-1.077526662327482e+00	3317
1.012490909277036e+00	2.182588859888211e-03	3318
6.261814006608978e-02	-9.987978786256949e-01	3319
-1.327639247011864e-01	1.749474088593125e-02	3320
7.780814457469104e-02	9.795983576674402e-01	3321
-2.880715672632294e-01	-4.518406802179897e-01	3322
-2.656024240271547e-01	4.857504896144136e-01	3323
-2.767872679336102e-01	-5.099829832956431e-01	3324
1.046062743581800e+00	2.396118974205284e-02	3325
1.051321800601698e+00	2.822419187533318e-02	3326
1.008405979055107e+00	-8.930914328383002e-04	3327
1.264249120936711e+00	-3.895597492010305e-01	3328
-2.746425918520368e-01	4.294552214648095e-01	3329
1.098219204402096e+00	6.519512467685594e-02	3330
1.133357134649315e+00	-8.552587944254954e-01	3331
-1.463917386797451e-01	-5.407114555216311e-03	3332
1.014229127126703e+00	4.759067903519643e-03	3333
-1.644069053198443e-01	-2.140953169011673e-02	3334
-1.908720479096052e-01	5.475743158042586e-02	3335
-2.538288341532682e-01	1.412743113132967e-01	3336
1.041727496522719e+00	-1.832597361203809e-02	3337
1.007523253222373e+00	2.085966751723419e-04	3338
1.008361535493553e+00	1.187753481141966e-03	3339
1.009114705855988e+00	1.893227388989220e-03	3340
-2.591283569393760e-01	-1.343018359272377e-01	3341
-2.482611130114360e-01	-1.045731998147596e-01	3342
-2.433105791339518e-01	1.090979121802802e-01	3343
-2.314627942905670e-01	8.008464976435758e-02	3344
1.199899020062172e+00	1.803937587161092e-01	3345
1.194194145690617e+00	-1.478926179637875e-01	3346
1.212135971778884e+00	-1.852857919012998e-01	3347
1.217299529042818e+00	2.255210293120277e-01	3348
1.255375503771781e+00	-3.279722468815175e-01	3349
1.229384211873445e+00	-2.314647887596664e-01	3350
1.233238104208008e+00	2.794519140785799e-01	3351
1.244227534553101e+00	-2.828654843331019e-01	3352
1.244479533340683e+00	3.405216599243554e-01	3353
1.250002263550235e+00	4.059904859101535e-01	3354
1.248760716661993e+00	4.746238637957538e-01	3355
1.238789525845391e+00	5.491158218803963e-01	3356
1.221220325312853e+00	6.259335906547333e-01	3357
1.191027409958706e+00	7.091655671161246e-01	3358
1.149605406995732e+00	7.949839238149866e-01	3359
-2.771348488902416e-01	2.465913554087628e-01	3360
-2.815475488985056e-01	2.855996311780046e-01	3361
1.083854501269282e+00	8.965317030180882e-01	3362
9.858836624623851e-01	9.871914483872984e-01	3363
8.585543739116590e-01	1.063158523524233e+00	3364
7.115262539975409e-01	1.112636529359745e+00	3365
1.177135943606032e+00	-1.176080454418676e-01	3366
1.125876447748828e+00	-7.254322791018539e-02	3367
1.160371282345625e+00	-9.257817249906457e-02	3368
1.163545843219433e+00	1.102236454365943e-01	3369
-1.978811553576227e-01	-7.154486237715444e-01	3370
-1.512743964898875e-01	-7.888892138167799e-01	3371
5.011038442381146e-01	-1.279196929591880e+00	3372
-1.297068190489547e-01	9.374222384667560e-01	3373
-3.507420379391348e-01	-3.652801274696234e-01	3374
1.058517545217117e+00	3.419763469519926e-02	3375
1.052614883849067e+00	-2.735998746427421e-02	3376
-4.868242417335978e-02	-1.057135724359379e+00	3377
5.155917286585705e-02	-1.132496042326504e+00	3378
1.187483196309957e+00	-9.568694079655544e-01	3379
1.009349012797113e+00	-1.154710840840772e+00	3380
-2.018576233237305e-01	8.446095105268920e-01	3381
1.010382365372871e+00	1.154104197278903e-03	3382
-1.524567657256107e-01	1.896118714223919e-02	3383
1.240309670313852e+00	1.908832716461098e-01	3384
3.342905551106743e-01	1.233479847070684e+00	3385
-1.988075637378438e-01	-8.880533057306401e-01	3386
7.232441172228841e-02	1.116189282564621e+00	3387
1.075289160793511e+00	4.808771260372954e-02	3388
1.115081533600052e+00	-5.686247786481528e-02	3389
6.867922372600985e-01	-1.273976525291076e+00	3390
1.028192412362799e+00	1.224742984536748e-02	3391
-2.523527602783256e-01	7.525141946172140e-01	3392
1.014208114632359e+00	-2.433752436210649e-03	3393
1.036733819501413e+00	-1.435612463086626e-02	3394
1.280940413700266e+00	-7.602358585036820e-01	3395
-3.511950675210661e-01	-4.284652602974326e-01	3396
1.112459680848660e+00	-1.064205878541011e+00	3397
1.016603472060748e+00	-4.817254402704678e-03	3398
-3.098897186563216e-01	5.988984244882698e-01	3399
1.010425331334279e+00	-7.765935625097394e-04	3400
-3.169190779845571e-01	2.211860072008663e-01	3401
1.090636840492259e+00	5.554068811876008e-02	3402
-1.840182455375488e-01	-2.472474514684442e-02	3403
1.016365114072908e+00	5.440443733264837e-03	3404
-2.226612592692158e-01	-5.100364385954132e-02	3405
1.230698271777155e+00	-1.531649121868958e-01	3406
4.888231434781999e-01	1.261810711524121e+00	3407
6.556419904236037e-01	1.258918053368897e+00	3408
1.117397590059529e+00	6.659289576324255e-02	3409
-1.302701900173711e-01	-9.764080283709434e-01	3410
-3.357147357591519e-01	4.098667378084924e-01	3411
-3.262744751938935e-01	-2.174745061338334e-01	3412
-2.856937840969952e-01	6.724168569560949e-01	3413
1.063899648458524e+00	-3.306700321292905e-02	3414
1.012534840951842e+00	2.314344554885525e-04	3415
1.738068569033644e-01	-1.199893897947630e+00	3416
3.233752810811122e-01	-1.250851348563476e+00	3417
1.024227785159986e+00	-8.672928045419276e-03	3418
1.019816760476433e+00	-7.115264756311939e-03	3419
1.978328811252439e-01	1.185151033945905e+00	3420
-3.356068664742534e-01	3.544363923652321e-01	3421
-2.190044258440757e-01	5.425164942850776e-02	3422
1.240210048197643e+00	-8.591702535608223e-01	3423
-3.130924648315366e-01	-1.758099330479607e-01	3424
-3.066648200816073e-01	1.835751125679107e-01	3425
1.151790046792492e+00	8.711276340848056e-02	3426
-3.181192286467543e-01	-6.329401687158561e-01	3427
-3.768526770197466e-02	1.032926269687838e+00	3428
1.304782156003315e+00	-6.696059756816157e-01	3429
1.019462149495675e+00	7.868545874391644e-03	3430
1.031552260221802e+00	-1.193705118363451e-02	3431
1.028782703368007e+00	-1.055637587933584e-02	3432
1.041100626541554e+00	1.982443905241241e-02	3433
1.047854289162468e+00	-1.550124766493880e-02	3434
1.319260982370555e+00	-5.882771506915631e-01	3435
1.324890793031144e+00	-5.131455742908837e-01	3436
1.077127054474875e+00	-4.535618946353655e-02	3437
-3.373995139042688e-01	-2.632952382010389e-01	3438
-3.321842451658494e-01	3.058858398463323e-01	3439
8.654086576170689e-01	-1.230466501510016e+00	3440
1.014084843303468e+00	2.962436483658897e-03	3441
-3.369541854122519e-01	-5.621613825437651e-01	3442
-3.239129051721369e-01	5.327315147330084e-01	3443
-3.466468044019845e-01	-4.931994134780029e-01	3444
1.052867482085450e+00	2.098563740573222e-02	3445
1.322131557886602e+00	-4.291981287754729e-01	3446
-3.328319550675680e-01	4.681395554534532e-01	3447
-1.680320887134182e-01	1.121802443882612e-03	3448
-1.831977446326188e-01	3.606073849508371e-02	3449
-2.943881752001034e-01	1.472696834244795e-01	3450
-2.710830956571164e-01	-7.790902021539028e-02	3451
1.009424671775225e+00	2.214893461254451e-04	3452
-2.992235947219479e-01	-1.384393162867077e-01	3453
-2.812335556677420e-01	1.144293599144820e-01	3454
-2.855533599682146e-01	-1.077385452051919e-01	3455
-2.669067829580883e-01	8.243655547962479e-02	3456
1.217397698836608e+00	1.490179588116752e-01	3457
1.253556728621367e+00	-1.958813752390489e-01	3458
1.263217742235287e+00	2.414249634000169e-01	3459
1.294101461158960e+00	-2.942022261359268e-01	3460
1.275677953453903e+00	-2.456644076810327e-01	3461
1.283463259551866e+00	3.018990310916201e-01	3462
1.310427751807585e+00	-3.511107457594242e-01	3463
1.299110974889170e+00	3.689774908673581e-01	3464
1.308230790332411e+00	4.414315479065649e-01	3465
1.308816471511181e+00	5.205898535723342e-01	3466
1.301246171546006e+00	6.037981635957874e-01	3467
1.281721008366157e+00	6.948820221199050e-01	3468
1.250378593971720e+00	7.905774386935572e-01	3469
-3.259870069069462e-01	2.609780683308190e-01	3470
-3.452130465935788e-01	-3.124036126965184e-01	3471
1.199491159801160e+00	8.991117567893292e-01	3472
1.115144732966306e+00	1.027657869849633e+00	3473
9.885753595471449e-01	1.134461199525779e+00	3474
8.298297673932814e-01	1.216682213530940e+00	3475
1.208710762787359e+00	-1.196025035060165e-01	3476
1.148117698471855e+00	-7.247673882839467e-02	3477
1.188039349643415e+00	-9.203094084173014e-02	3478
1.194714223347614e+00	1.144355428360097e-01	3479
-2.915187742756665e-01	-7.141141444469979e-01	3480
-2.508101380344442e-01	-8.003532791858694e-01	3481
3.885115538447203e-01	-1.414521887599290e+00	3482
1.047180685706989e+00	1.711617996467582e-02	3483
-4.127540050227241e-01	-3.962638651728657e-01	3484
1.005988831737545e+00	-1.321871927441951e+00	3485
-3.999880073611829e-01	4.426628811114305e-01	3486
1.014215217519105e+00	-5.679779605331464e-04	3487
1.135251300071283e+00	-5.535835108402892e-02	3488
2.191080486259344e-01	1.346863899050500e+00	3489
5.765651595432187e-01	1.414591721054346e+00	3490
3.860304895169509e-01	1.396528796839366e+00	3491
1.179950942367864e+00	8.875707484394185e-02	3492
1.061659148797355e+00	-2.336344210566051e-02	3493
-3.517034479190032e-01	7.477908482741418e-01	3494
-3.125702136566766e-01	-8.960115539200905e-01	3495
1.071076445788346e+00	3.607935209142910e-02	3496
5.984684891195989e-01	-1.431080462268079e+00	3497
1.246229710235397e+00	-1.076956133837824e+00	3498
1.024673140753040e+00	1.022531707358741e-02	3499
1.032368431990587e+00	1.417530345137403e-02	3500
1.308033180122539e+00	-9.582059622211307e-01	3501
-3.552706804916242e-01	1.905937853278146e-01	3502
1.139578137151882e+00	6.730068180178966e-02	3503
-3.902493107029692e-01	3.264170797311644e-01	3504
1.022971543795074e+00	-5.172952747625791e-03	3505
1.035980961788245e+00	-9.167545126919960e-03	3506
-3.237862216964502e-01	1.164106591908013e-01	3507
-3.919582637786601e-01	5.823037913002889e-01	3508
1.054216575489729e+00	-1.972745417331708e-02	3509
-3.689020209133219e-01	2.304097303548853e-01	3510
1.104916547763578e+00	5.220550557301706e-02	3511
-1.945855855652745e-01	-3.937181998041588e-04	3512
-3.621526444380364e-01	-1.830759750947166e-01	3513
1.037042448124636e+00	1.558321715932081e-02	3514
-2.107122023479401e-01	-2.751636283873619e-02	3515
1.287296615116013e+00	2.002245169764793e-01	3516
7.804473479387727e-01	1.386997130520774e+00	3517
-4.146048190619424e-01	-5.377087588866938e-01	3518
1.089004055808152e+00	-4.552979901518549e-02	3519
-4.163458053819837e-01	-4.654035636913775e-01	3520
-1.667465377396948e-01	1.067228658880498e+00	3521
-2.547521615975963e-01	-4.839736717510237e-02	3522
1.104420875154828e+00	-4.467985332700478e-02	3523
1.042454388934207e+00	-1.212341119434693e-02	3524
-7.604917503645921e-02	-1.197770515546505e+00	3525
-2.510861124318338e-01	9.588143713692617e-01	3526
-3.984198270869452e-01	5.105827140160580e-01	3527
-1.731300958455010e-01	-1.101160272109975e+00	3528
7.050330884128167e-02	1.271623202839124e+00	3529
-3.130098853800393e-01	8.469014608350918e-01	3530
1.016158746379247e+00	3.697572118232029e-03	3531
1.351199393957109e+00	-8.464462946781351e-01	3532
1.149730852038764e+00	-1.209763154510065e+00	3533
1.016316108958783e+00	-3.081032857734628e-03	3534
-3.769148960166318e-01	6.623843139539068e-01	3535
1.018822094460358e+00	6.135973403599008e-03	3536
1.244923224487810e+00	-1.196449861950527e-01	3537
-2.525259709028563e-01	-1.000286898829902e+00	3538
-3.931475063653798e-01	-2.794652937153850e-01	3539
4.647059764707277e-02	-1.286214513837789e+00	3540
2.017334910787825e-01	-1.363106609733833e+00	3541
1.019094534179539e+00	-5.407927668533104e-03	3542
-3.963050491686423e-01	3.823284141584666e-01	3543
-4.041422154324536e-01	-6.177961279957623e-01	3544
-5.866135019525662e-02	1.177520266407493e+00	3545
1.379001675050330e+00	-7.370787322203545e-01	3546
1.022449511112346e+00	9.082310691519019e-03	3547
1.031909672410178e+00	-7.733293767706945e-03	3548
1.027806348824178e+00	-6.437832623091807e-03	3549
1.391619478131716e+00	-6.426927709207715e-01	3550
1.395713745344059e+00	-5.558609229100677e-01	3551
1.073993658996754e+00	-3.512693362564927e-02	3552
8.128440097855896e-01	-1.401763148715900e+00	3553
1.014177188094538e+00	1.100617738598880e-03	3554
1.059428840696888e+00	2.577299656081025e-02	3555
1.389530183799095e+00	-4.686062278059560e-01	3556
-2.099093163469505e-01	3.581664214341938e-02	3557
-1.750515170069777e-01	2.157521353822418e-02	3558
-3.402402465110281e-01	1.520215098078975e-01	3559
-3.448032435518402e-01	-1.426849640097794e-01	3560
-2.517942777332591e-01	5.241599361799615e-02	3561
-3.272361545309906e-01	-1.075016680481649e-01	3562
-3.067810433366890e-01	8.368679491563646e-02	3563
-3.102405556490188e-01	-7.731797870781813e-02	3564
1.258211324067744e+00	1.540511554915350e-01	3565
1.272582431163398e+00	-1.579759757593533e-01	3566
1.327167695768519e+00	-2.535961379049277e-01	3567
1.301193377838472e+00	-2.042316094239858e-01	3568
1.315921986080099e+00	2.575595548685220e-01	3569
1.351498829169610e+00	-3.081925264573049e-01	3570
1.341839392144914e+00	3.237763711130446e-01	3571
1.373456081340119e+00	-3.811874177220823e-01	3572
1.362396362065401e+00	3.979108052994127e-01	3573
1.374977836784464e+00	4.805710208000117e-01	3574
1.379187807834677e+00	5.689621119218737e-01	3575
1.371940296541214e+00	6.665545081414836e-01	3576
1.352892877158991e+00	7.710989439397096e-01	3577
-3.808255716164632e-01	2.764503774167311e-01	3578
-3.790524295770719e-01	-2.287782248812741e-01	3579
-4.048234725349947e-01	-3.327258559451233e-01	3580
1.316579940825822e+00	8.876877391428059e-01	3581
1.250896678045535e+00	1.024574700272420e+00	3582
1.132464979556172e+00	1.175611628468251e+00	3583
9.773031720887047e-01	1.304618861117732e+00	3584
1.172765834344814e+00	-7.100150341047665e-02	3585
1.219276233263145e+00	-8.997007959108774e-02	3586
1.230270373480175e+00	1.160110563970409e-01	3587
-3.868784938984853e-01	-7.001847725429940e-01	3588
-3.554208735111359e-01	-7.968238899846654e-01	3589
1.042397916847964e+00	1.378584449798045e-02	3590
1.016094318840140e+00	2.126764184369025e-03	3591
7.600019508323748e-02	1.448918947021365e+00	3592
1.085402403242309e+00	4.021739687970655e-02	3593
1.172867287557450e+00	-1.386525146103346e+00	3594
1.026184120627481e+00	-2.716624081180647e-03	3595
4.802537282983151e-01	-1.592642257165283e+00	3596
-3.958427612656175e-01	-1.445859763078256e-01	3597
-2.889213319852118e-01	4.819614423721350e-02	3598
-3.511659052166458e-01	8.134591078256631e-02	3599
1.122192351448816e+00	-4.100100103390229e-02	3600
1.164825121218950e+00	6.694384587233779e-02	3601
7.031475406596838e-01	1.570947035628334e+00	3602
-2.064247669539607e-01	1.216396961061601e+00	3603
-4.661864955432327e-01	4.087071882792611e-01	3604
2.516003518405155e-01	-1.547266758169942e+00	3605
-4.534553394241594e-01	7.321548407006727e-01	3606
-4.914459575954668e-01	-5.032064060128791e-01	3607
1.157741275198672e+00	-5.240416693396676e-02	3608
-3.127103179672142e-01	-1.129183480562088e+00	3609
9.735281775619546e-01	-1.515476692397775e+00	3610
-4.841523287439821e-01	-4.270528881229664e-01	3611
-3.715784627323553e-01	1.159451484092783e-01	3612
1.070823278305844e+00	-2.588959078345712e-02	3613
-3.825212045862235e-01	-1.005484772071152e+00	3614
1.067146761049546e+00	3.083116101768158e-02	3615
-2.405741270916618e-01	-2.719545639863483e-02	3616
-4.725584253808952e-01	-3.563841507023544e-01	3617
1.286380832235660e+00	-1.186143600148614e-01	3618
1.305261460222228e+00	1.568584941848666e-01	3619
1.353945736910553e+00	-2.076799569805931e-01	3620
1.211565694711726e+00	8.866979939389338e-02	3621
1.376867513826759e+00	2.720517520437479e-01	3622
9.442270757632731e-01	1.498910612203739e+00	3623
1.053661945000461e+00	1.375407540426587e-02	3624
-4.730495131716152e-01	4.787656583393073e-01	3625
2.574137592653197e-01	1.529520620674017e+00	3626
4.669771309796499e-01	1.575108019308184e+00	3627
1.306161778316100e+00	-1.220990605820583e+00	3628
1.384889368488849e+00	-1.072914287365795e+00	3629
-3.913566402943632e-01	1.543656137930467e-01	3630
1.094974105195627e+00	4.180768846804783e-02	3631
-4.692873082018424e-01	6.389307629167663e-01	3632
1.061098334082570e+00	-1.499301808532829e-02	3633
1.054584871535782e+00	-1.223267998769900e-02	3634
1.125797284842917e+00	5.017420295076166e-02	3635
-2.236564944482293e-01	5.260891788153015e-03	3636
-4.098775238345441e-01	1.942579518524506e-01	3637
-4.176233233814302e-01	-1.884071389511492e-01	3638
1.036017066340290e+00	1.059483117274664e-02	3639
1.085482100132435e+00	-3.722762942906840e-02	3640
-4.267628757681143e-01	8.352555579430740e-01	3641
-2.399425582710716e-01	3.225191596458363e-02	3642
1.048157127645712e+00	-8.981838415711778e-03	3643
1.041216709032331e+00	-6.221861129764600e-03	3644
-2.195162652431212e-01	-1.244659003898524e+00	3645
-3.038260456063339e-01	1.088424825425305e+00	3646
-4.744500075455180e-01	5.541205605703379e-01	3647
-3.793827732008909e-01	9.580661063992814e-01	3648
1.018519911417772e+00	4.299244477291783e-03	3649
1.432838564316133e+00	-9.415900522860315e-01	3650
1.016178813831329e+00	-1.511836786233449e-03	3651
-4.382909528995219e-01	-2.394870978725598e-01	3652
-4.431581812085350e-01	2.907722814456565e-01	3653
-1.001677038138946e-01	-1.360154142919402e+00	3654
5.501615666377626e-02	-1.464130970265859e+00	3655
1.018706537388996e+00	-3.581619348964693e-03	3656
-4.907591999114934e-01	-5.882313491078719e-01	3657
-4.307453925162630e-01	-8.879971199367535e-01	3658
-7.825497376651090e-02	1.342878841603461e+00	3659
1.462867293138065e+00	-8.160591071746743e-01	3660
1.035344071962377e+00	-4.440111029783537e-03	3661
1.031961966210809e+00	9.605989785394871e-03	3662
1.030967567135957e+00	-3.532475128682034e-03	3663
1.028194288889082e+00	8.196561256552480e-03	3664
1.475988559739998e+00	-7.015338641628687e-01	3665
1.341281058685147e+00	2.092670392661962e-01	3666
1.476426879104598e+00	-6.027738172226190e-01	3667
1.095981729885284e+00	-3.305743324391738e-02	3668
7.292437846347685e-01	-1.586930056712248e+00	3669
1.016152463784424e+00	3.080117460232420e-04	3670
1.060446748448087e+00	1.754571418217430e-02	3671
-1.989706078930349e-01	1.751270852232490e-02	3672
-3.743611331552275e-01	-1.058718912834953e-01	3673
-2.908012756159679e-01	-4.488182593975835e-02	3674
-3.534985501641584e-01	-7.280316637409193e-02	3675
1.320491355118441e+00	-1.600136502049922e-01	3676
1.386069157201454e+00	-2.597169962183524e-01	3677
1.417790952202115e+00	-3.276570117338685e-01	3678
1.409169824951468e+00	3.451607374259024e-01	3679
1.446623871021468e+00	-4.124882083240681e-01	3680
1.434916216187334e+00	4.292500127243837e-01	3681
1.467400972485296e+00	-5.065216385788439e-01	3682
1.452587334249198e+00	5.212294114113760e-01	3683
1.459283551094542e+00	6.239868180699119e-01	3684
1.454573971568542e+00	7.355995659546180e-01	3685
-4.272859869703392e-01	2.400054581618873e-01	3686
-4.566206344767608e-01	-2.933101669693309e-01	3687
-4.571782791857203e-01	3.477140371588434e-01	3688
1.434086602982794e+00	8.602785867342114e-01	3689
1.387388928875817e+00	1.005733043840997e+00	3690
1.293133132375942e+00	1.179106648409405e+00	3691
1.165753770025601e+00	1.372224713947997e+00	3692
1.200567881534580e+00	-6.684807345307335e-02	3693
1.254609821211296e+00	-8.512422421081836e-02	3694
1.270776272215502e+00	1.157285940262756e-01	3695
-4.829049635117018e-01	-6.771151658802848e-01	3696
-4.637573969263994e-01	-7.784658746911695e-01	3697
1.022784069590310e+00	-1.604497651544368e-03	3698
-5.418573260670373e-01	8.109323270817774e-01	3699
1.247696202927412e+00	8.547817905328972e-02	3700
-2.545807446455938e-01	4.201466556599876e-03	3701
-5.140302167820707e-01	3.037930499419685e-01	3702
1.169002492448000e+00	-1.597762143085792e+00	3703
1.142380723181521e+00	-3.688078959949549e-02	3704
8.435771401182726e-02	-1.668839216394050e+00	3705
-4.018028824837210e-01	-6.538528065833488e-02	3706
-9.311190335830938e-02	1.532725718149624e+00	3707
1.067841649831942e+00	2.201670027072078e-02	3708
-2.721861347179217e-01	2.672832289383095e-02	3709
-3.640049944158455e-01	1.237067707934973e+00	3710
1.193418928289309e+00	6.478402432005390e-02	3711
1.413362497527803e+00	-2.065644545141147e-01	3712
6.093449119216334e-01	-1.780152894852999e+00	3713
-4.714379562983995e-01	1.971529354281990e-01	3714
-5.562329921332321e-01	5.153858403357898e-01	3715
-5.565694663143257e-01	7.023836923153911e-01	3716
-5.789843259724980e-01	-6.406551989859365e-01	3717
5.901193518832584e-01	1.763372909806780e+00	3718
3.300018918770067e-01	-1.751642201424136e+00	3719
-5.759242164589196e-01	-5.462594272302151e-01	3720
-5.492991758864746e-01	-3.799418100531878e-01	3721
-5.104116146333361e-01	9.392571227633196e-01	3722
1.018364772004772e+00	-5.738815914950980e-04	3723
1.035017486734851e+00	5.954108037925013e-03	3724
1.033968895445350e+00	-5.124266593793062e-07	3725
1.029152153747165e+00	3.280810643616491e-04	3726
1.446383741913985e+00	2.852034626761251e-01	3727
-5.317122177860455e-01	3.681405919481284e-01	3728
1.333506652051906e+00	-1.142126000121602e-01	3729
-4.613707181967498e-01	-1.131298470480749e+00	3730
1.143149107521000e+00	1.587719332531970e+00	3731
8.790345146856432e-01	1.715459130982228e+00	3732
1.109501133689912e+00	3.795588877018022e-02	3733
-5.658925106096454e-01	-4.574854026909067e-01	3734
1.021420370808829e+00	-3.966179066605032e-03	3735
9.643406019213145e-02	1.651751404790146e+00	3736
1.069354183035531e+00	-1.868452663964288e-02	3737
-4.482414584287081e-01	1.522955165678982e-01	3738
-3.290506228718875e-01	4.685885734951382e-02	3739
-3.310831748161279e-01	-3.888090513416588e-02	3740
-2.727426568963554e-01	-2.101478013532674e-02	3741
-2.472811724797487e-01	1.388316572192860e+00	3742
-5.458127471128109e-01	4.366843138180652e-01	3743
-4.531916854648253e-01	-1.432984520156943e-01	3744
1.182374489560188e+00	-4.770379811549213e-02	3745
-5.169802914220052e-01	-9.918064935981985e-01	3746
9.048657236498352e-01	-1.732220689789607e+00	3747
-4.247856471154838e-01	1.128812158999535e-01	3748
1.047873082352892e+00	1.042874048641477e-02	3749
1.110590451371423e+00	-3.130215926172446e-02	3750
1.060527906225509e+00	9.501999817633755e-03	3751
3.245766569581890e-01	1.733622832682009e+00	3752
1.357757855143623e+00	-1.397879476786790e+00	3753
1.467703151635154e+00	-1.211053488423510e+00	3754
1.149150706812403e+00	4.823368787122351e-02	3755
1.060581194730496e+00	-7.075270908337215e-03	3756
1.081479969218946e+00	-2.683914163309140e-02	3757
1.054187901050391e+00	-4.990394276726554e-03	3758
1.041432508558056e+00	7.794533693205926e-03	3759
1.046683862530003e+00	-2.519846458242047e-03	3760
-3.774570586631193e-01	-1.276674702920050e+00	3761
-5.612866206416322e-01	6.025691663908955e-01	3762
-4.531904651801332e-01	1.089357319419862e+00	3763
1.021210935459745e+00	4.798605016806907e-03	3764
1.526965732704513e+00	-1.049693560249836e+00	3765
-5.051432645682978e-01	-2.466215719655393e-01	3766
-2.658903887542532e-01	-1.411794783957756e+00	3767
-1.146033483211496e-01	-1.549406196325606e+00	3768
1.558772870338797e+00	-9.047703170888524e-01	3769
1.039625098673892e+00	-8.417352943968085e-04	3770
1.031433502322198e+00	5.314743665657438e-03	3771
1.572418993283005e+00	-7.700615112137010e-01	3772
1.570049379934196e+00	-6.521109398430248e-01	3773
1.018322074258067e+00	1.282907715086675e-03	3774
-4.005568264350006e-01	7.550878483610247e-02	3775
-4.270340266588432e-01	-1.018961647147382e-01	3776
1.373645994184205e+00	-1.579447910374511e-01	3777
1.359291663086373e+00	1.585199150422639e-01	3778
1.454136735038895e+00	-2.689087771151952e-01	3779
1.403423221945850e+00	2.157262533034622e-01	3780
1.494872562031719e+00	-3.483206922840261e-01	3781
1.486293087284654e+00	3.676621893330503e-01	3782
1.530750145671562e+00	-4.427542559105382e-01	3783
1.518775680513476e+00	4.609225109799798e-01	3784
1.555947740823179e+00	-5.463377928708497e-01	3785
1.541112735979557e+00	5.671061036389959e-01	3786
1.552585563664344e+00	6.838542051617906e-01	3787
-4.932864988401469e-01	2.474290794147390e-01	3788
-4.801882735147227e-01	-1.927080418628316e-01	3789
-5.289074133866036e-01	-3.084517376717271e-01	3790
1.549684119400269e+00	8.152440252804332e-01	3791
1.523174177801955e+00	9.690319435799546e-01	3792
1.456684037740654e+00	1.155461129457305e+00	3793
1.353769526468971e+00	1.357690083922889e+00	3794
1.231722455830012e+00	-6.060709487959355e-02	3795
1.294864111301193e+00	-7.847376712294213e-02	3796
1.316987233038269e+00	1.122309320924451e-01	3797
-5.516043488427507e-01	-8.645105944809344e-01	3798
-5.722919552642762e-01	-7.463042631700498e-01	3799
-1.117087127944143e-01	-1.769996873812700e+00	3800
1.174980955764220e+00	4.465111592965958e-02	3801
-2.865510249816614e-01	1.587260482888318e+00	3802
-4.557678065427337e-01	-5.506157294659271e-02	3803
-6.104470503289471e-01	-3.237325805967366e-01	3804
1.131433683736285e+00	3.251964300844911e-02	3805
1.164700407269434e+00	-3.097537707179162e-02	3806
-5.306552234699284e-01	1.238315456912575e+00	3807
-6.514940405169504e-01	5.541490017680236e-01	3808
-6.574044806320466e-01	7.720925203405840e-01	3809
1.025382253907045e+00	9.118151092117308e-04	3810
1.267157007253615e+00	-5.112737231312696e-02	3811
7.707449153631671e-01	1.947989002099026e+00	3812
-3.764475047405624e-01	-3.324753656659191e-02	3813
1.078773972670967e+00	2.787099412634681e-02	3814
1.127332725845161e+00	-2.436063079079986e-02	3815
1.068289040283372e+00	1.324449286083207e-02	3816
4.358406347943058e-01	1.956687438171176e+00	3817
1.052306820488781e+00	2.012338289634355e-03	3818
-6.533866246025349e-01	-9.603583271245340e-01	3819
1.431019990525741e-01	-1.900689538613271e+00	3820
1.045549913956129e+00	3.707906068570639e-03	3821
1.020336128732742e+00	2.046528886771205e-03	3822
-3.694856002149963e-01	4.219303091535995e-03	3823
-3.076536336182739e-01	1.637418403122671e-02	3824
1.526668530187763e+00	2.974153415339438e-01	3825
1.273999085545796e+00	1.526434936324800e+00	3826
1.209792881333985e+00	-3.988626647323826e-02	3827
-6.731051915624298e-01	-5.902117773642809e-01	3828
-6.147323471225828e-01	-1.111381973473299e+00	3829
-6.418925060781958e-01	9.044757032964530e-01	3830
1.481741413478917e+00	-2.059243945466684e-01	3831
-6.731509572304554e-01	-8.247262248382575e-01	3832
1.129028759960489e+00	-1.843880915444839e+00	3833
-9.645652610022633e-02	1.751867672305181e+00	3834
1.099126060012070e+00	2.801026860914920e-02	3835
-4.290585719564369e-01	1.409889846435851e+00	3836
1.225214278607818e+00	6.044616091650293e-02	3837
4.486232718721902e-01	-1.974051390078863e+00	3838
-6.586497435147791e-01	-4.918299298069262e-01	3839
-6.042122063764094e-01	1.062300981632565e+00	3840
1.024697113958251e+00	6.106964665955037e-03	3841
1.027462105197657e+00	4.117613914159433e-03	3842
1.288473224029977e+00	7.978081280374122e-02	3843
1.385964257681292e+00	-1.059816958642898e-01	3844
-6.797673867456867e-01	-6.999175132445663e-01	3845
1.099899678747629e+00	1.832521237680506e+00	3846
-6.357511515079225e-01	4.652500599028814e-01	3847
1.020607593840695e+00	-4.219366570626870e-04	3848
1.443440280971215e-01	1.882444108765449e+00	3849
1.068505491344998e+00	-1.004244934787352e-02	3850
-3.732256994705110e-01	3.865789368168285e-02	3851
-2.987739166109214e-01	-8.448845103109386e-03	3852
-6.367851028138473e-01	-4.016265140573530e-01	3853
-6.166278544559437e-01	3.867472381474648e-01	3854
-5.120893167447393e-01	1.478299963890559e-01	3855
-5.178704377716543e-01	-1.399484587620187e-01	3856
7.913596656428540e-01	-1.965025617594279e+00	3857
-4.835303099777746e-01	1.046741601949188e-01	3858
-4.554781460039964e-01	6.642930626332369e-02	3859
1.101750046838736e+00	-1.996754294501753e-02	3860
1.092994213290891e+00	-1.988165877762375e-02	3861
1.053775320929580e+00	6.327916562728764e-03	3862
1.391186688100899e+00	-1.617399590375748e+00	3863
1.548307886582038e+00	-1.383300031084529e+00	3864
1.078983888239571e+00	-2.050727781263857e-02	3865
1.059503574319125e+00	5.469796861869548e-04	3866
-5.476520047958151e-01	-1.277814747455483e+00	3867
-6.597420567882004e-01	6.578674237957830e-01	3868
1.631810610178960e+00	-1.178992792805171e+00	3869
-5.498633909810553e-01	-1.930925193098506e-01	3870
-5.676902587957131e-01	2.522884775903476e-01	3871
-4.446421435061471e-01	-1.445679107260998e+00	3872
-3.067500978106118e-01	-1.608517572521208e+00	3873
1.669663199220655e+00	-1.004413975052214e+00	3874
1.682269355344064e+00	-8.486634701244116e-01	3875
1.677592408217665e+00	-7.084318407434057e-01	3876
-4.857165131895720e-01	-9.372013033694918e-02	3877
1.474093407017341e+00	2.202579374795729e-01	3878
1.533218146127041e+00	-2.780231683593035e-01	3879
1.421182639649411e+00	1.566474459097406e-01	3880
1.432668111052080e+00	-1.498579260838895e-01	3881
1.583542140692739e+00	-3.681688105371588e-01	3882
1.575088234265994e+00	3.891567072592226e-01	3883
1.626312343775465e+00	-4.738921564857176e-01	3884
1.614534090214624e+00	4.963028698361739e-01	3885
1.658011891563611e+00	-5.860826147517323e-01	3886
1.643909106714713e+00	6.160040094074021e-01	3887
-5.403117155510259e-01	1.972759416765495e-01	3888
-5.809829980734890e-01	-2.528287315716702e-01	3889
-5.936952520824956e-01	3.167789110095559e-01	3890
1.660360948738914e+00	7.519958316549317e-01	3891
1.655816782421765e+00	9.126932370228169e-01	3892
1.618122154464636e+00	1.107861340581547e+00	3893
1.541425111694482e+00	1.325900546657933e+00	3894
1.340246261714786e+00	-6.780940773502107e-02	3895
1.369900620318441e+00	1.065992588525358e-01	3896
-4.964418169110753e-01	1.612084557957761e+00	3897
-7.599764878668689e-01	5.983047064087302e-01	3898
1.076824925085223e+00	1.803143325962116e-02	3899
-7.549161931071527e-01	1.016017115351237e+00	3900
1.113429846922818e+00	2.353544834915181e-02	3901
-4.212963039408106e-01	-1.377606740094803e-02	3902
1.263270097410481e+00	-1.782162937926183e+00	3903
1.203675460232911e+00	3.872160808529695e-02	3904
1.287135445828903e+00	1.722276050371436e+00	3905
1.023303408242643e+00	1.551852919961799e-03	3906
1.560894693225313e+00	-2.033305073633006e-01	3907
1.261202431091605e+00	5.234188351970668e-02	3908
-3.347941084590496e-01	-1.840823497431395e+00	3909
1.147076431203699e+00	-1.743979126871640e-02	3910
-7.087316855350925e-01	1.210737785349789e+00	3911
1.038293650719188e+00	-2.120529540300256e+00	3912
2.357499369909841e-01	2.140468987660280e+00	3913
-5.147166026050498e-01	-4.031307128626412e-02	3914
1.800215298815940e+00	-7.739776847028265e-01	3915
-6.835937567685562e-01	3.263783348266326e-01	3916
1.618826776064606e+00	3.076072141779511e-01	3917
-7.842140869290682e-01	-6.383854350302943e-01	3918
1.116535150753138e+00	-1.755376187446415e-02	3919
1.795420706895815e+00	-1.122356695005489e+00	3920
-7.724958578839435e-01	8.535579581743765e-01	3921
-4.225455465832668e-01	2.622923965334752e-02	3922
-6.513539864264613e-01	2.562988921728394e-01	3923
2.429956340376528e-01	-2.158328764621349e+00	3924
1.335325199620088e+00	7.012516268122530e-02	3925
1.500039576407144e+00	-1.399360368581603e-01	3926
-5.833019447945936e-01	1.401121405041870e-01	3927
1.471794331637056e+00	1.510023322344012e+00	3928
1.240443533969632e+00	-2.951064198119914e-02	3929
1.491585135596755e+00	1.521507363407589e-01	3930
-3.184959705202942e-01	1.818978856111263e+00	3931
-7.637681869929215e-01	-5.265310027019690e-01	3932
1.155709462492576e+00	2.762408714017516e-02	3933
-6.196881900660985e-01	1.408520662817281e+00	3934
1.012754528800981e+00	2.107255291911903e+00	3935
6.110979058478849e-01	2.186475873707008e+00	3936
-7.898060535461573e-01	-9.108299242058256e-01	3937
-8.150927673011230e-02	-2.024977005705778e+00	3938
1.188856184173472e+00	-2.309648500107175e-02	3939
-7.695888931457967e-01	-1.070367158368353e+00	3940
1.306970336509212e+00	-3.900535389136668e-02	3941
-7.940909440732360e-01	-7.684471786942876e-01	3942
-7.595338273569571e-02	2.005309981247515e+00	3943
1.089104874866142e+00	1.736765927394615e-02	3944
-7.384210620627889e-01	4.934155612619577e-01	3945
1.067370819270280e+00	-1.758365722999527e-03	3946
-7.363655253750672e-01	-4.251239081553242e-01	3947
-7.140285834929009e-01	4.049947575684349e-01	3948
-7.028298789728871e-01	-3.357825733648769e-01	3949
6.264880956898572e-01	-2.203374828175337e+00	3950
-5.489553274656932e-01	9.251296424221396e-02	3951
-5.149776670413296e-01	5.220939631290580e-02	3952
1.067690497615085e+00	4.224644777181969e-03	3953
1.620035896282791e+00	-1.600110374904325e+00	3954
1.077651958210391e+00	-1.355084626935285e-02	3955
-7.234978260797765e-01	-1.251761282079503e+00	3956
-7.718638300930714e-01	7.179762818810876e-01	3957
1.740782202931880e+00	-1.341906175371587e+00	3958
-6.282810314871741e-01	-1.901183920259179e-01	3959
-6.419823592335436e-01	-1.451142604214126e+00	3960
-5.139668040906642e-01	-1.644067593460758e+00	3961
1.809219031031293e+00	-9.366978239473225e-01	3962
-5.515354079705649e-01	-8.217895119442944e-02	3963
1.624314186722751e+00	-2.857552728598997e-01	3964
1.555389202505872e+00	2.215835427981994e-01	3965
1.443581234471311e+00	-9.099419605985976e-02	3966
1.684509317036463e+00	-3.883165758357873e-01	3967
1.676583721122661e+00	4.127440159057670e-01	3968
1.735813002477827e+00	-5.030123825388724e-01	3969
1.725332545355027e+00	5.326629608753564e-01	3970
1.775252898525354e+00	-6.295375575293549e-01	3971
-6.174573019720547e-01	1.934168505230880e-01	3972
-5.898235706905511e-01	-1.327678817991204e-01	3973
-6.664617653283678e-01	-2.587952418931994e-01	3974
1.762771868875451e+00	6.706845205372811e-01	3975
1.782061482049478e+00	8.358612114336705e-01	3976
1.774068655213739e+00	1.036720609547571e+00	3977
1.727933321963528e+00	1.268990679451444e+00	3978
1.390881522890967e+00	-5.321124452668214e-02	3979
1.430141486740915e+00	9.647183787276722e-02	3980
-7.166989613053267e-01	1.608122405457435e+00	3981
-8.185868056901489e-01	1.380434918671412e+00	3982
-8.811104791056806e-01	1.150059114498585e+00	3983
-3.398848472674291e-01	-2.114115805936186e+00	3984
1.282379314304397e+00	1.997184213633612e+00	3985
1.140388627932802e+00	1.378757428850858e-02	3986
-5.614440919624673e-01	1.850269979086001e+00	3987
1.129701432931466e+00	-8.548225910271266e-03	3988
-4.755427633337427e-01	2.225352856500551e-03	3989
1.932671291803869e+00	-1.272310465950830e+00	3990
1.388325442784264e+00	5.741093298359960e-02	3991
1.215483844418075e+00	-1.158051787118125e-02	3992
-8.225913740388555e-01	4.230245979258479e-01	3993
1.181916877477434e+00	2.066767242038789e-02	3994
1.168819203985249e+00	-8.568606791596472e-03	3995
1.275087199076921e+00	-1.516847923692221e-02	3996
-7.040640011714371e-01	1.875379033268482e-01	3997
-8.838561180942976e-01	-5.622770239108646e-01	3998
3.941058013373623e-01	2.417791796820067e+00	3999
-1.455738177982232e-02	2.295557684490959e+00	4000
1.954530282812453e+00	-1.040153876037148e+00	4001
1.076174124497562e+00	-2.800591308022214e-03	4002
-1.094100696178353e-02	-2.315119239373542e+00	4003
1.502105013191833e+00	-1.813188155154868e+00	4004
-5.768592278238002e-01	-1.881217547063311e+00	4005
8.841085681962378e-01	-2.415644317882719e+00	4006
1.728476099605820e+00	-2.929961434891194e-01	4007
-5.798891503954535e-01	-2.006970488178522e-02	4008
1.652136124949527e+00	-1.981614410050288e-01	4009
1.102630536294329e+00	1.437086006758424e-02	4010
1.107011968697553e+00	-6.278461512687316e-03	4011
1.235181204755750e+00	3.011618427593717e-02	4012
1.079615661270246e+00	7.977983722936958e-03	4013
1.301804710859195e+00	4.111347536252063e-02	4014
1.129130699717763e+00	1.479997693447644e-02	4015
1.941867512758280e+00	-8.471361941037949e-01	4016
-9.107738380506639e-01	-6.940878652282900e-01	4017
1.724288230847756e+00	3.182636699066909e-01	4018
-9.034104851987265e-01	9.508930867729045e-01	4019
-8.828052545252394e-01	6.471519549679470e-01	4020
-8.487480620376265e-01	-4.490880404493870e-01	4021
1.351333846103674e+00	-2.219333848493421e-02	4022
1.508720833458215e+00	-7.235592195494507e-02	4023
-8.078008187174195e-01	-3.472539315654032e-01	4024
-7.852127640093404e-01	3.326349527048496e-01	4025
1.525398659445599e+00	1.742584145668229e+00	4026
1.648634680262656e+00	2.194552003878563e-01	4027
-3.319446210137244e-01	2.090598472399472e+00	4028
-8.554699108095688e-01	5.245785915345736e-01	4029
8.636112630060081e-01	2.401296770023473e+00	4030
-9.243560137862353e-01	-8.435345581209450e-01	4031
-9.234975296723286e-01	-1.008679628774857e+00	4032
-5.804356578083886e-01	3.166521215310331e-02	4033
4.051662020818424e-01	-2.435194745983966e+00	4034
-6.210889525303047e-01	7.679041832799681e-02	4035
-9.005264931522008e-01	-1.200030572273721e+00	4036
-9.004900709128990e-01	7.859426837634835e-01	4037
1.850224305632775e+00	-1.549462041382729e+00	4038
-7.627593846554405e-01	-2.603103909142792e-01	4039
-8.443588333967986e-01	-1.417352841129199e+00	4040
-7.399078807134393e-01	-1.655086596368357e+00	4041
-6.700843264982874e-01	-1.204620129974590e-01	4042
1.571996587010328e+00	1.425764174846339e-01	4043
1.577441998231657e+00	-1.259830430088428e-01	4044
1.677701709105144e+00	1.470026266668919e+00	4045
1.799788232840878e+00	-4.050054547963720e-01	4046
1.793575771713805e+00	4.351837895939571e-01	4047
1.861270993228907e+00	-5.327575703519826e-01	4048
-6.241808484538438e-01	-6.695835981879945e-02	4049
-6.624877807315973e-01	1.271585689878129e-01	4050
-7.170370120462727e-01	-1.856787897265918e-01	4051
-7.453106021853093e-01	2.558308157937141e-01	4052
1.853361625139062e+00	5.721234086175314e-01	4053
1.909111829174027e+00	-6.802214237232638e-01	4054
1.898169369669831e+00	7.386273741170056e-01	4055
1.920932000928672e+00	9.419794166993561e-01	4056
1.909168163325557e+00	1.184262009792845e+00	4057
1.446012231426733e+00	-3.144404693267930e-02	4058
1.498702822839336e+00	8.286523345184117e-02	4059
1.208153223516280e+00	2.329301175263756e+00	4060
1.245081043784747e+00	2.924650125771169e-03	4061
-1.054108597774401e+00	-7.563639729522367e-01	4062
-8.174938954425002e-01	1.845528389096042e+00	4063
6.406992499310060e-01	2.696378846279917e+00	4064
1.353794515533975e+00	-2.009318221119734e+00	4065
-6.145421031505118e-01	2.133254316761023e+00	4066
1.160159014627131e+00	7.372513369669759e-03	4067
1.199721227914243e+00	-2.390050268049736e+00	4068
1.313683296392974e+00	2.279786197247783e-03	4069
1.270464793495112e+00	1.709187874567921e-02	4070
1.210411951159058e+00	1.112681509463674e-02	4071
-6.272707187394225e-01	-2.169556444491219e+00	4072
1.759919773550823e+00	-1.790243300958032e+00	4073
1.448848001704352e+00	3.910430020474641e-02	4074
-1.051404620087635e+00	1.069387083252652e+00	4075
1.348185582540346e+00	2.503533534436810e-02	4076
1.145748562088799e+00	1.580681410352149e-03	4077
-9.461590582465423e-01	4.396066700690110e-01	4078
1.564902153188765e+00	2.022987278551933e+00	4079
-6.521027005646994e-01	5.103625662590833e-03	4080
-8.387809789634019e-01	-1.898356137841971e+00	4081
1.399618268409144e+00	-7.126615524028334e-04	4082
1.663942564685130e+00	1.278315095625973e-01	4083
1.845389760162214e+00	3.256658963046943e-01	4084
-8.997631045396673e-01	3.385893556297754e-01	4085
-9.440776540521387e-01	1.574710317477834e+00	4086
-1.019223598995546e+00	1.312492494054680e+00	4087
-1.023585055266454e+00	7.004358575798494e-01	4088
1.755675548363168e+00	2.160636009688685e-01	4089
2.077339291188911e+00	-1.465349030212672e+00	4090
1.666568557365144e+00	-1.078667009996734e-01	4091
1.192131910704429e+00	2.452003717350876e-03	4092
-9.262348011669872e-01	-3.587473481487587e-01	4093
-1.020947530790649e+00	-6.028745994090970e-01	4094
1.120852580541741e-01	2.623491173899747e+00	4095
2.117802770028114e+00	-1.171894195186440e+00	4096
1.086427136067228e+00	-6.930766447523769e-03	4097
-3.100793550593741e-01	-2.435269378456391e+00	4098
1.205418520019691e-01	-2.641437132267695e+00	4099
6.567200806080095e-01	-2.711529450460727e+00	4100
1.116617580333506e+00	8.889565369401277e-03	4101
1.092608329963981e+00	5.160531031505853e-03	4102
2.104837925846265e+00	-9.327036266627384e-01	4103
1.885463992039969e+00	1.399006651734024e+00	4104
1.756928953535148e+00	-1.913176263596714e-01	4105
-8.717201842663379e-01	-2.589475868230746e-01	4106
-3.130345037978324e-01	2.413209596633333e+00	4107
-9.878649906675583e-01	5.599643921777082e-01	4108
-9.765809546321601e-01	-4.714189546667040e-01	4109
-1.047552109103121e+00	8.667117994362140e-01	4110
-1.074084400843194e+00	-9.268056791822568e-01	4111
-1.075440364627218e+00	-1.123866193108993e+00	4112
-7.513571950951073e-01	1.106448245760503e-01	4113
-8.506116738657636e-01	2.502470543271804e-01	4114
-1.047526760936790e+00	-1.353825058043353e+00	4115
-9.790748181121078e-01	-1.618273567103287e+00	4116
1.582717179111485e+00	-4.772827842724735e-02	4117
1.776383164613524e+00	1.703924297722316e+00	4118
1.847209785692015e+00	-2.954653624006315e-01	4119
1.931513493945517e+00	-4.196689232714697e-01	4120
-7.044867647291941e-01	-4.446816382933864e-02	4121
-7.005489224097551e-01	5.387362086493476e-02	4122
-7.606557367706602e-01	-1.047698846179969e-01	4123
-8.161582452461064e-01	-1.762567555244415e-01	4124
-8.009022124228290e-01	1.759308490220917e-01	4125
1.928511092770918e+00	4.579261379117404e-01	4126
2.004615685818553e+00	-5.671616795376284e-01	4127
2.000152015979036e+00	6.219669545742595e-01	4128
2.063604976691651e+00	-7.359606225544625e-01	4129
2.054676122779462e+00	8.240874538988910e-01	4130
2.080092964222694e+00	1.071130695892929e+00	4131
1.507739504764914e+00	-4.680575604957463e-03	4132
1.576441408523390e+00	6.266991326144200e-02	4133
-6.466420494105753e-01	2.473177677117520e+00	4134
1.863399480635459e+00	1.990986776838736e+00	4135
2.235366451259836e+00	9.303331180648857e-01	4136
-1.215232306981074e+00	9.658633760561143e-01	4137
-1.215375055801080e+00	1.215912888841179e+00	4138
-1.184880431734976e+00	7.628352202152676e-01	4139
1.982639606771818e+00	-2.935682056378229e-01	4140
-1.176126909317243e+00	-6.496905462738313e-01	4141
-1.060357044154704e+00	-3.663906507968181e-01	4142
-1.218511014371451e+00	-8.234694683144829e-01	4143
3.357237726625568e-01	2.970205085339214e+00	4144
1.878326182341233e+00	2.074546148132428e-01	4145
1.037714292076912e+00	-2.717955687749279e+00	4146
3.482385207966720e-01	-2.986088050312120e+00	4147
1.984671912173550e+00	3.305476559899744e-01	4148
-9.692725105564273e-01	2.424495830800317e-01	4149
-9.142352979147131e-01	2.131266788657328e+00	4150
-1.112706661674324e+00	-1.860499290647159e+00	4151
-1.080939293714624e+00	1.805314835758516e+00	4152
1.628577676885647e+00	-2.035212699054448e+00	4153
-9.298668856722800e-01	-2.187633473029679e+00	4154
1.876304466266742e+00	-1.782676942458259e-01	4155
2.087828930398159e+00	1.294433431440035e+00	4156
2.083961575196724e+00	4.877885371724847e-01	4157
1.043026780379238e+00	2.688473161986335e+00	4158
1.507379998164744e+00	-2.290525173302032e+00	4159
1.404118960793865e+00	2.248681327549706e+00	4160
-9.952733266925509e-01	-2.562645117725107e-01	4161
-1.174649892994407e+00	1.500249932556788e+00	4162
2.021066496963261e+00	-1.725394453177535e+00	4163
-1.029156598179579e+00	3.407764351642999e-01	4164
-1.122389686509251e+00	-4.954064603723837e-01	4165
-1.139237654531012e+00	5.968962637199279e-01	4166
2.295908288296043e+00	-1.345204157971136e+00	4167
-6.432594286718676e-01	-2.511087135298371e+00	4168
-2.216774642488934e-01	-2.804261970036040e+00	4169
2.291102148531603e+00	-1.041839041045059e+00	4170
1.769807132913074e+00	1.097509913111275e-01	4171
1.769287918336264e+00	-8.660670757150146e-02	4172
-2.297401516830425e-01	2.783803173273728e+00	4173
-1.086939599830951e+00	4.587506752027270e-01	4174
-1.245225226443315e+00	-1.024117955871372e+00	4175
-7.911582000341831e-01	-2.722377117635238e-04	4176
-1.247458676655791e+00	-1.261367716981519e+00	4177
-1.213247031740271e+00	-1.537679271749928e+00	4178
1.658120176867416e+00	1.001644640051082e-02	4179
-9.275818970429560e-01	-1.614006598350752e-01	4180
-9.088653996745342e-01	1.578301200688058e-01	4181
-8.610196104955343e-01	-8.419126794993051e-02	4182
-8.494096211895601e-01	8.793001909505541e-02	4183
2.082139788653280e+00	-4.362423640103576e-01	4184
2.025381799867877e+00	1.621119056737312e+00	4185
2.169753581472553e+00	-6.035227001328830e-01	4186
2.170961399202669e+00	6.843553234226102e-01	4187
2.241803229773056e+00	-8.006449689726296e-01	4188
1.716884345379625e+00	2.269351715098111e+00	4189
-1.134081671870013e+00	-2.485946763214487e-01	4190
-1.406800371878204e+00	-9.005290413648696e-01	4191
7.266714266858618e-02	2.991025692662635e+00	4192
2.265324084576816e+00	1.497654148502115e+00	4193
-1.002020550896840e+00	2.477840177071443e+00	4194
-1.053920334434010e+00	-1.429119634811772e-01	4195
2.018940216536712e+00	1.936425119134821e-01	4196
7.828781320594078e-01	-3.065582757553357e+00	4197
1.800397229406648e+00	-2.271552444417716e+00	4198
-1.403144332134279e+00	1.091784680703092e+00	4199
8.785679902487747e-02	-3.008393357783532e+00	4200
1.407524304324712e+00	-2.640505166967553e+00	4201
2.011603563730255e+00	-1.594407772443432e-01	4202
-6.216476946310570e-01	2.878446411072308e+00	4203
7.780490695749599e-01	3.047476471597215e+00	4204
2.447466484861375e+00	-8.835410150427518e-01	4205
-1.176342741985194e+00	3.423169667058890e-01	4206
-1.102828491278077e+00	2.289336920238435e-01	4207
2.145676225870988e+00	3.389526994022013e-01	4208
2.277626955458562e+00	1.156206430382510e+00	4209
-1.400870245109261e+00	1.388777943072081e+00	4210
-1.312656706302402e+00	6.391601133248429e-01	4211
2.137693051795722e+00	-2.907615910288771e-01	4212
-1.353599297018972e+00	-6.985133199513150e-01	4213
-1.369738993584095e+00	8.398476908281980e-01	4214
-1.029440236588324e+00	1.359475853903147e-01	4215
-1.231149434028739e+00	2.089638752869701e+00	4216
1.923405348414323e+00	-2.003237124850805e+00	4217
-1.248997487112194e+00	-2.151543927485040e+00	4218
1.863153708637858e+00	1.017399957524793e-02	4219
1.886114242283184e+00	-5.733977771192988e-02	4220
2.360345045569253e+00	-6.449103219812864e-01	4221
-1.347445565640607e+00	1.721698619724079e+00	4222
-1.288651240424618e+00	-5.240781221487769e-01	4223
2.278695827812391e+00	-1.619722044334441e+00	4224
-1.000404872195166e+00	-2.539124575175603e+00	4225
-6.098305784455389e-01	-2.913167966253268e+00	4226
2.499635232274367e+00	-1.189537609996230e+00	4227
1.891185311338046e+00	8.463902626794979e-02	4228
-1.246622619483863e+00	4.778421761779197e-01	4229
-1.212936158114673e+00	-3.724906928284634e-01	4230
-1.396094332922136e+00	-1.771771611870862e+00	4231
-1.440286526362247e+00	-1.140936530156330e+00	4232
-1.442493219339316e+00	-1.425784804136681e+00	4233
-9.728166256032170e-01	-5.511011508190281e-02	4234
-9.577840942617083e-01	5.635374203450305e-02	4235
-8.998646448236081e-01	4.620786149988193e-03	4236
2.255272228935729e+00	-4.514580087013091e-01	4237
2.265374702320351e+00	5.251082917383336e-01	4238
2.369590012325893e+00	7.637878886624563e-01	4239
1.670477693528486e+00	-2.557288728620706e+00	4240
2.024219596483826e+00	2.253724953589166e+00	4241
4.978917376229560e-01	3.357939807489305e+00	4242
-1.291244245573148e+00	-2.357323277697647e-01	4243
-1.575944769901768e+00	-2.060161113560872e+00	4244
5.018947583653089e-01	-3.374065437051296e+00	4245
1.180868023924337e+00	3.071168033894670e+00	4246
-1.617091697980552e+00	1.243014869404074e+00	4247
-2.873813034961560e-01	-3.184034526769121e+00	4248
2.682222331805782e+00	-1.000277476821464e+00	4249
-1.622343596330604e+00	-9.931435441331249e-01	4250
1.236828122888640e+00	-3.041579742852996e+00	4251
1.544808317038313e+00	2.530314376419060e+00	4252
2.525162489825744e+00	-1.471905399425792e+00	4253
-1.511922442147302e+00	6.917317528220498e-01	4254
-1.477109330321235e+00	-5.533677776640227e-01	4255
2.207982054047268e+00	1.832661586469424e+00	4256
-1.580545369703477e+00	9.409817377279071e-01	4257
-3.078813340319241e-01	3.160950490532769e+00	4258
2.105127601093534e+00	-2.247635405713036e+00	4259
-1.609398315609605e+00	1.594277168580122e+00	4260
-1.369544846318858e+00	2.434984861427689e+00	4261
-8.229743943458619e-01	2.779869130408636e+00	4262
2.221472653969167e+00	-1.920155866355317e+00	4263
-1.387369462785733e+00	-3.802077955532853e-01	4264
-1.429369608032330e+00	4.978577212950777e-01	4265
-1.254314333498391e+00	2.117115779440117e-01	4266
-1.195168798689891e+00	-1.191791655134977e-01	4267
2.454985470326079e+00	-4.675207627661508e-01	4268
2.333684484409377e+00	3.497447726305732e-01	4269
2.579933022119417e+00	-6.992639533724573e-01	4270
2.489227798915879e+00	1.334738944255956e+00	4271
2.181957546454229e+00	1.794663807548275e-01	4272
2.167393778634076e+00	-1.352230260240364e-01	4273
-1.556791783309748e+00	-7.531220526403337e-01	4274
-1.164477570726240e+00	1.052600833734757e-01	4275
-1.088971256271608e+00	-1.560723201590208e-03	4276
2.024433367682027e+00	1.535981572941495e-02	4277
-1.540558313111612e+00	1.986769768982048e+00	4278
-1.376446055813223e+00	-2.507139565876606e+00	4279
-1.031333401522362e+00	-2.962804258367036e+00	4280
-1.342917177304796e+00	3.424339629049087e-01	4281
-1.660200483114008e+00	-1.631106200075597e+00	4282
-1.662582825694393e+00	-1.281739773166944e+00	4283
2.315526317898005e+00	-2.832107848797858e-01	4284
2.477512956867238e+00	5.746062357904691e-01	4285
2.447939454718524e+00	9.857641391637779e-01	4286
9.743414102420384e-01	-3.443175741718765e+00	4287
1.878935241392075e+00	2.552048904990631e+00	4288
2.637713406016858e-02	3.404350581383004e+00	4289
-1.844076068452231e+00	1.839163439987846e+00	4290
1.631965922112915e+00	-2.893983814515876e+00	4291
-1.819593501847433e+00	1.066227321342976e+00	4292
-1.789879382211715e+00	-8.186217637628723e-01	4293
1.987320050045544e+00	-2.539826648848865e+00	4294
-7.268645384300433e-01	-3.304733503172308e+00	4295
5.466281582825338e-02	-3.421409574092364e+00	4296
-1.317269675260718e+00	6.799584515580953e-02	4297
2.367206505957885e+00	2.152688883972837e+00	4298
2.520497406428876e+00	-2.722233380014137e-01	4299
2.497925664527374e+00	1.656475102470576e+00	4300
-1.894224855508467e+00	-1.900159821761400e+00	4301
-1.477329489143409e+00	-2.942574828679038e+00	4302
-1.532694004759368e+00	3.392100438879478e-01	4303
2.372313975222426e+00	1.628674724902229e-01	4304
2.752587354226947e+00	-1.282983633689848e+00	4305
-1.859723065611173e+00	1.425202971620908e+00	4306
9.362062715846600e-01	3.438841117112176e+00	4307
2.346050626939208e+00	-1.034559022059049e-01	4308
-1.869084360919446e+00	-1.106039981847532e+00	4309
1.402553660492615e+00	2.776239355531049e+00	4310
-1.206173646523432e+00	2.782663285934894e+00	4311
2.425964254294583e+00	-2.176130598074595e+00	4312
2.513891357939326e+00	-1.788288581834510e+00	4313
-1.639648425577629e+00	5.235485161887729e-01	4314
-1.585108367182230e+00	-3.878236290582501e-01	4315
-1.425058605222252e+00	1.917945563387971e-01	4316
-1.470844952021001e+00	-2.206900328392451e-01	4317
-1.354147370203761e+00	-8.619494109137781e-02	4318
2.836120661731010e+00	-7.794064371539272e-01	4319
2.554267026217011e+00	3.671297851084240e-01	4320
2.685503673741798e+00	-4.920913419637508e-01	4321
-1.692468285836949e+00	-5.834408949228421e-01	4322
-1.741391920788823e+00	7.634627414262020e-01	4323
-1.740350783577044e+00	2.321551388503186e+00	4324
-1.761201808886429e+00	-2.411310194004389e+00	4325
-1.914478422176125e+00	-1.458335631719690e+00	4326
-1.233648023036371e+00	-2.382541541365818e-02	4327
2.592106135768548e+00	7.858956657804644e-01	4328
2.689788266676212e+00	1.134041684027018e+00	4329
6.799892735416212e-01	-3.803665799932843e+00	4330
3.212563771531746e-01	-3.791226709286010e+00	4331
-3.627768434954667e-01	3.591278759387335e+00	4332
1.484315918066028e+00	-3.366735385917810e+00	4333
2.956356191848495e+00	-5.325594458615591e-01	4334
-2.101871943425218e+00	2.148553946600342e+00	4335
3.008530014310513e-01	3.774918153418835e+00	4336
6.466591137909349e-01	3.791493051799081e+00	4337
-1.622052765744639e+00	2.722973028570308e+00	4338
-1.935562433052711e+00	-2.846547936993704e+00	4339
-1.512286413986647e+00	-1.074739382552467e-02	4340
-2.134520777601376e+00	1.644122074958630e+00	4341
2.251996084650961e+00	2.511103114421803e+00	4342
-6.994693563483487e-01	3.283422256174333e+00	4343
2.328706235676537e+00	-2.505805736659436e+00	4344
-1.213571047593973e+00	-3.353264549774998e+00	4345
1.694042339394351e+00	2.848341697390226e+00	4346
-1.014312998066971e+00	3.125003843849733e+00	4347
-3.688689643469380e-01	-3.613586652512872e+00	4348
2.953461853080206e+00	-1.054718094685463e+00	4349
-1.883151033106387e+00	5.625858496755872e-01	4350
-2.002967731251531e+00	8.582217103862766e-01	4351
-1.674369824773652e+00	-2.045861686696943e-01	4352
2.595762333718114e+00	1.470754375517958e-01	4353
1.376153439521371e+00	3.469382987117401e+00	4354
-2.092966724749960e+00	1.218421170893492e+00	4355
-2.205014697299883e+00	-1.693449057512624e+00	4356
2.552009504127263e+00	-6.418427607492880e-02	4357
-2.057600766912816e+00	-8.997794075248998e-01	4358
-2.141256982110440e+00	-2.237848997163840e+00	4359
2.248307233648486e+00	2.347577095879653e-02	4360
1.559578663339260e+00	3.126865700588253e+00	4361
2.752458874384109e+00	-2.045306383788404e+00	4362
2.791498330302641e+00	-1.607263962501185e+00	4363
-1.750709477100167e+00	3.365713902319348e-01	4364
-1.618749547841207e+00	1.639471255820836e-01	4365
2.703815500253695e+00	5.607755527691671e-01	4366
2.752748925499171e+00	1.446492755362759e+00	4367
2.757931451521869e+00	-2.651603957604514e-01	4368
-1.810206765607590e+00	-3.918896097557947e-01	4369
-1.939634680152055e+00	-6.191377703923849e-01	4370
-2.151255271124341e+00	-1.249085185772596e+00	4371
2.705254868568366e+00	1.976622934215121e+00	4372
2.859471632701405e+00	8.986086628723952e-01	4373
-1.445585127227725e+00	3.119765057041098e+00	4374
1.222374370342660e+00	-3.847277180944391e+00	4375
1.901068787971746e+00	-3.235228143393508e+00	4376
1.940818302959439e+00	3.140839566771695e+00	4377
-8.696443692415268e-01	-3.746459964951991e+00	4378
2.083144803659585e+00	2.862790089361330e+00	4379
3.118831378568804e+00	-7.913501751087890e-01	4380
-1.430659442649283e-01	-3.842601749675057e+00	4381
1.802511724716391e+00	3.479480728416766e+00	4382
4.531614139003167e-01	4.224203962643458e+00	4383
2.693143429143096e+00	-2.416050588221764e+00	4384
-2.224181929639493e+00	-6.650864898692005e-01	4385
-2.392020336382458e+00	-2.662340095997458e+00	4386
-1.729739822424532e+00	-3.317873375656651e+00	4387
2.420191457391156e+00	5.467286132601002e-02	4388
-1.905494962492337e+00	-1.803251076973913e-01	4389
2.776156408674934e+00	-1.122680003413891e-02	4390
2.115687777146775e+00	-2.897993147395484e+00	4391
1.121939417550598e+00	3.874632427220646e+00	4392
-2.404803269891170e+00	1.403962632041752e+00	4393
-2.506636568215713e+00	-2.005491829129930e+00	4394
3.037193652604571e+00	-2.645793451251524e-01	4395
2.988709695595317e+00	6.342113111159443e-01	4396
4.857077765704668e-01	-4.239597664946822e+00	4397
-2.042888575422722e+00	2.582334177203570e+00	4398
5.355488332506294e-03	3.864916557081257e+00	4399
-2.442520808004396e+00	1.918723067128131e+00	4400
-8.000724015047551e-01	3.734639827638438e+00	4401
-1.030726637756644e+00	3.549909459240016e+00	4402
-2.303430323000527e+00	9.753888447135093e-01	4403
2.777332569058352e+00	3.161165645479273e-01	4404
-2.474277140636343e+00	-1.435842504275130e+00	4405
3.070874348601376e+00	-1.852075670757819e+00	4406
3.044990429653243e+00	-1.378304661368243e+00	4407
-1.840604999375486e+00	1.317309657418949e-01	4408
-1.720299856239666e+00	-1.800560934924103e-02	4409
2.643915167820371e+00	2.381650085696473e+00	4410
2.797983347337774e+00	1.757982425307980e+00	4411
-2.003654987156632e+00	3.408719342561028e-01	4412
-2.068041444976068e+00	-3.959726540702856e-01	4413
-2.163034494184849e+00	6.220044123081405e-01	4414
-2.365609539644300e+00	-1.004867157582676e+00	4415
2.973665028159912e+00	1.199547594868771e+00	4416
-1.429768126551235e+00	-3.793126347738079e+00	4417
1.591417336578060e+00	3.890000365055095e+00	4418
-2.552900764616923e+00	-7.282023811765898e-01	4419
5.947356743834754e-02	-4.213946555973168e+00	4420
-2.298190494582064e+00	3.603414257332331e-01	4421
-1.534127520844683e+00	3.622305714822911e+00	4422
3.064505214562734e+00	-2.255041776608885e+00	4423
-2.098229819105295e+00	9.969569278333751e-02	4424
-1.920647297412009e+00	3.043822044503024e+00	4425
1.001006125567356e+00	-4.206820436367935e+00	4426
-2.831024515868900e+00	-2.401055291030044e+00	4427
2.339006810158188e+00	3.170145328432086e+00	4428
-2.451112561049986e+00	2.370641874674292e+00	4429
-5.621043486968644e-01	-4.028614884923054e+00	4430
1.763249670794374e+00	-3.738998665576661e+00	4431
-4.417630786678620e-01	4.073911185092387e+00	4432
-2.758757155339103e+00	1.637995815970763e+00	4433
-2.260975586500624e+00	-3.188941471455440e+00	4434
2.994928545785875e+00	2.227888309378419e+00	4435
-2.169674604769652e+00	-1.509116601804027e-01	4436
-2.836578650946163e+00	-1.701810355725617e+00	4437
3.242634145204747e+00	-4.989928677425005e-01	4438
3.061712120347912e+00	1.533740752980252e+00	4439
2.515860857850553e+00	2.800168066818392e+00	4440
2.235278387540768e+00	3.460363989582036e+00	4441
8.859707414276321e-01	4.236507691989526e+00	4442
2.324739371565660e+00	-3.266432484315152e+00	4443
2.558682268817280e+00	-2.828869175748289e+00	4444
-2.485905009202602e+00	6.990773410936639e-01	4445
3.154098164742785e+00	9.163641940058928e-01	4446
-2.718328164927307e+00	-1.145726712956225e+00	4447
3.028634742054225e+00	8.718200511600728e-02	4448
3.075144169142244e+00	3.474036519111023e-01	4449
-2.648132155972140e+00	1.121097240070842e+00	4450
3.367179663429757e+00	-1.597539773971489e+00	4451
3.264934752088798e+00	-1.104265178034265e+00	4452
-2.364983082774727e+00	-4.041375591988830e-01	4453
-4.308693262495256e-02	4.398953995690077e+00	4454
-2.026941887795447e+00	-3.738256741927985e+00	4455
2.081935080180729e+00	-3.650650409851576e+00	4456
-2.782960963857469e+00	-2.961992958719719e+00	4457
-2.394554000556088e+00	2.867750954038733e+00	4458
6.564835226997325e-01	4.725501117869612e+00	4459
-1.066553705246433e+00	-4.223388460684027e+00	4460
-3.123874799148364e+00	-1.350903329594992e+00	4461
3.128418684760431e+00	1.876681788197514e+00	4462
1.545648107813539e+00	-4.251626449213928e+00	4463
1.370130799476593e+00	4.329647813630741e+00	4464
-3.872792136574313e-01	-4.579921583288625e+00	4465
3.424388329307595e+00	-2.019861318854618e+00	4466
2.437986958816290e-01	-4.717091477379683e+00	4467
3.286543101470052e+00	6.026750670465348e-01	4468
3.299056426382885e+00	1.250315334600621e+00	4469
-2.708880272330147e+00	-4.220771192294481e-01	4470
-9.320548590018312e-01	4.236256176930974e+00	4471
-2.087421257541284e+00	3.575665148881488e+00	4472
7.752745473336276e-01	-4.715956250693134e+00	4473
-2.925203725064216e+00	-2.132055007743677e+00	4474
2.058059467529007e+00	3.886863934067761e+00	4475
-2.832542296230061e+00	2.094529085522026e+00	4476
-2.386191108365338e+00	5.826556357538987e-02	4477
2.941006167402506e+00	2.659497994544480e+00	4478
2.777059309725142e+00	3.152766661425788e+00	4479
2.674681191222024e+00	3.454907977740048e+00	4480
2.789405175493670e+00	-3.232260137276061e+00	4481
2.994334441867586e+00	-2.697882900500337e+00	4482
-3.042869650929922e+00	1.307963886412012e+00	4483
3.306631032282161e+00	-1.479731723270997e-01	4484
3.298668473427540e+00	1.718239728631624e-01	4485
-2.933246228172105e+00	-8.198723909117827e-01	4486
-2.858227082326915e+00	7.989848225349391e-01	4487
3.627840955985454e+00	-1.285600465189429e+00	4488
3.441163095858144e+00	-7.907414215084719e-01	4489
-2.473852932237039e+00	-1.189378680463630e-01	4490
-2.636885522238430e+00	3.945164468754339e-01	4491
-3.273186935727684e+00	-1.805574938847917e+00	4492
1.864923055107974e+00	4.337739733829651e+00	4493
-2.637950491872246e+00	-3.572341208327075e+00	4494
-2.652431358921877e+00	3.402397586455274e+00	4495
1.034644664745152e+00	4.780252715976581e+00	4496
-1.693037089196619e+00	-4.280943043205275e+00	4497
3.414694414323488e+00	1.617846961894695e+00	4498
-5.425833418653988e-01	4.617662583570073e+00	4499
-3.181077122536610e+00	1.761856473892482e+00	4500
2.574305939859770e+00	-3.677543802764090e+00	4501
1.294509922989946e+00	-4.698428737700390e+00	4502
-1.222608313619720e+00	4.021415195475954e+00	4503
-1.852486320013016e+00	4.062287106025643e+00	4504
-3.029644174787776e+00	4.431495595715843e-01	4505
2.509388273910782e+00	3.871235210792784e+00	4506
3.575338134095041e+00	3.933406120479153e-01	4507
3.564331981532399e+00	-4.286513147009067e-01	4508
-2.853446694751629e+00	2.611449091076027e+00	4509
3.489920012206417e+00	9.174920621698645e-01	4510
-9.653753856982656e-01	-4.857228500101217e+00	4511
3.755373902996930e+00	-1.712884929635109e+00	4512
-1.854379276774444e-01	-5.175191711905879e+00	4513
8.587672156519563e-02	5.042189506252666e+00	4514
5.112975442164026e-01	-5.263979028808701e+00	4515
3.387148844073386e+00	2.174943636388695e+00	4516
3.335205553133020e+00	2.490141273507579e+00	4517
3.242232136991877e+00	3.033937561946576e+00	4518
3.137691837727462e+00	3.444122621391352e+00	4519
3.275213680957085e+00	-3.110992114625726e+00	4520
3.423485797055713e+00	-2.491138149109859e+00	4521
-3.372456352234937e+00	-9.629734884579176e-01	4522
-3.287490203739898e+00	9.321790214380807e-01	4523
-3.109130389779182e+00	-4.595633557613952e-01	4524
3.839452302623547e+00	-9.225001358735390e-01	4525
3.582178123388634e+00	1.724771510058443e-02	4526
-2.827019467820351e+00	-8.909169605715127e-02	4527
-1.370778385860869e+00	4.527288542573086e+00	4528
-3.574360755518928e+00	-5.381214485312463e-01	4529
-3.248851260530752e+00	-2.719977498218222e+00	4530
1.621376107225925e+00	4.861705737409596e+00	4531
1.865208207106086e+00	-4.723288150374449e+00	4532
3.989065548615239e+00	-5.149937354046987e-01	4533
3.886882124949604e+00	-2.202059076364996e-01	4534
2.301888378981120e+00	-4.118641966532818e+00	4535
-3.491614068462627e+00	1.375631124142125e+00	4536
1.103938074769109e+00	-5.247473651132563e+00	4537
-1.096592787477421e+00	4.797174304565738e+00	4538
-2.464563496537499e+00	3.994856895533543e+00	4539
-2.840811039737874e+00	3.122255214298659e+00	4540
-2.376316012566172e+00	-4.207287467275795e+00	4541
4.041180995378942e+00	-1.339400093106276e+00	4542
-5.379345619786164e-01	5.293481288852509e+00	4543
-3.389117750999121e+00	-2.280369022688358e+00	4544
2.353768339615339e+00	4.330691598054948e+00	4545
-3.583041197990068e+00	-1.413303289721520e+00	4546
3.111463522577733e+00	-3.626048575569337e+00	4547
-3.182616359379598e+00	-3.379759225097337e+00	4548
7.673330046273917e-01	5.303648922254712e+00	4549
3.670593930112033e+00	1.288211594855498e+00	4550
-3.279319615483973e+00	2.281802849634804e+00	4551
3.846655462243305e+00	7.043538822524087e-01	4552
-1.668229985147211e+00	-4.997899114046195e+00	4553
-7.952969641693056e-01	-5.557549450127909e+00	4554
8.716839352887125e-02	-5.819792916816444e+00	4555
3.766098483045956e+00	1.914037622800814e+00	4556
2.971394442566599e+00	3.874071757526973e+00	4557
3.751186232465913e+00	2.396733664687956e+00	4558
3.704016539212224e+00	2.833561239360566e+00	4559
3.634233417153560e+00	3.352837206570503e+00	4560
3.766372636708722e+00	-2.899922421377519e+00	4561
3.832301131890226e+00	-2.202057624308989e+00	4562
-3.485232390310705e+00	5.162614569376869e-01	4563
3.893644838107023e+00	2.093024444763664e-01	4564
-3.241427288217326e+00	-6.898886106847968e-03	4565
-1.205517674238274e+00	5.486370388696462e+00	4566
2.171567281976400e+00	4.841111831507167e+00	4567
-3.849924835350167e+00	-9.705760589979242e-01	4568
-3.755341807399879e+00	9.393215634089231e-01	4569
-3.766837853585247e+00	-1.910401891546372e+00	4570
-2.099363059410041e+00	4.615331121378189e+00	4571
-3.664404597507585e+00	1.888534508474946e+00	4572
2.510236824994128e+00	-4.726713931223378e+00	4573
2.867926909615111e+00	-4.140513406148147e+00	4574
1.333069098991758e+00	5.346753726486389e+00	4575
8.124978267829482e-01	-5.895142541074664e+00	4576
3.672088798156546e+00	-3.472215722186825e+00	4577
4.221916916079344e+00	4.880957064863453e-01	4578
4.266232981043620e+00	-9.065585881888928e-01	4579
4.258673024447353e+00	-1.320348151268409e-01	4580
-1.623037895355114e+00	5.059839390932519e+00	4581
-3.774657247758003e+00	-2.647166143811178e+00	4582
-3.719559229589246e+00	-3.101002576755810e+00	4583
1.639319288637412e+00	-5.211103776162124e+00	4584
-3.725884233387889e+00	1.133829695781607e-02	4585
-3.327419602588824e+00	2.842374870077247e+00	4586
-2.090764762638472e+00	-4.784881646619644e+00	4587
-3.039820806249229e+00	-4.030901066192663e+00	4588
1.048841928032900e-01	5.728499447621552e+00	4589
3.495072393869614e+00	3.859268449249754e+00	4590
-1.568571978845850e+00	-5.804668346673783e+00	4591
-5.408386917724478e-01	-6.320048216122942e+00	4592
4.100294066617693e+00	1.096660829660669e+00	4593
4.092015625446734e+00	1.544026085605727e+00	4594
2.821804312080934e+00	4.315950434658515e+00	4595
4.176622577898550e+00	2.168031480554536e+00	4596
4.174627562580933e+00	2.663647861292076e+00	4597
4.145789217970100e+00	3.157733835761959e+00	4598
4.243654338115293e+00	-2.592244421632044e+00	4599
4.201019260913941e+00	-1.831041869497254e+00	4600
-1.860450714910423e+00	5.712549120369744e+00	4601
-4.103721229023059e+00	-1.465202191464839e+00	4602
-2.764353429290211e+00	4.591167031918290e+00	4603
-3.049747693489544e+00	3.856316122275310e+00	4604
-2.269565659236642e+00	5.276548822500692e+00	4605
1.948304149010452e+00	5.414886409491625e+00	4606
-3.333511105391367e+00	3.411192943414441e+00	4607
-2.151495732835567e+00	-5.433680500425388e+00	4608
-2.800240577542342e+00	-4.709791103885252e+00	4609
4.071875252863129e+00	3.741754888009790e+00	4610
4.235723097424178e+00	-3.210684801317170e+00	4611
2.227884404088529e+00	-5.249652591270471e+00	4612
3.487074146379423e+00	-4.069077290672173e+00	4613
-3.794076848037409e+00	2.467249531406897e+00	4614
-3.979206605366514e+00	4.716047361395798e-01	4615
3.160207031413563e+00	-4.719370486051671e+00	4616
-4.002930969485475e+00	1.436691478670199e+00	4617
2.940057293012808e-01	-6.572520797303584e+00	4618
-3.676133241997741e+00	-3.775174049221337e+00	4619
3.321671287609682e+00	4.327823202962437e+00	4620
-6.343105772839219e-01	6.017472768920791e+00	4621
4.435075524652004e+00	-5.169566196229209e-01	4622
4.634760661013888e+00	1.991876029943756e-01	4623
-4.274652966206518e+00	-2.274842062448546e+00	4624
-4.284035846777335e+00	-2.940036478490693e+00	4625
1.413544278489480e+00	-5.845676726942695e+00	4626
-4.066076083360475e+00	-4.513954022300564e-01	4627
8.905559724423686e-01	6.000557150644672e+00	4628
-1.371447796032254e+00	-6.696222538235650e+00	4629
4.549594400683935e+00	8.677315987727374e-01	4630
4.502924801173691e+00	1.326613853624915e+00	4631
2.691339799862305e+00	4.816683673677198e+00	4632
4.566463754190998e+00	1.797223681405357e+00	4633
4.652226886570926e+00	2.417713967204781e+00	4634
4.670220748718708e+00	2.940752467267886e+00	4635
4.684177872192474e+00	-2.185209630803416e+00	4636
4.513696642289459e+00	-1.384113565365136e+00	4637
1.892477898584095e+00	-5.845929400101109e+00	4638
-2.557817994433154e+00	5.958836969225273e+00	4639
4.779019175935155e+00	-2.834469070952887e+00	4640
-4.701445541763126e+00	-1.763290975018206e+00	4641
1.292356065130115e-01	6.506842945854939e+00	4642
-4.286642493193768e+00	9.412053385273711e-01	4643
2.867523926419273e+00	-5.293193603925252e+00	4644
3.914207430500599e+00	4.317330927469690e+00	4645
-1.345463813817015e+00	6.236821378862435e+00	4646
-3.868319613104726e+00	3.088301814666562e+00	4647
4.133543673281212e+00	-3.876182248007835e+00	4648
4.748890407446917e+00	-9.139889774054587e-01	4649
-4.247090957063532e+00	3.477204439372026e-02	4650
1.143938116097318e+00	-6.609896428630039e+00	4651
-3.531990496552425e+00	-4.512399842303956e+00	4652
-2.958732875197571e+00	-5.506027632932784e+00	4653
-4.905713281334897e-01	-7.177573718085661e+00	4654
-3.033827648763867e+00	5.308896668967969e+00	4655
1.572719031051838e+00	6.015167646830555e+00	4656
-3.455364739330245e+00	4.438799551975290e+00	4657
-3.663946057786855e+00	3.934589607496016e+00	4658
3.843236401981951e+00	-4.654104060262319e+00	4659
-4.216705181766149e+00	2.011092914932662e+00	4660
-4.392338768370617e+00	-9.473441800424292e-01	4661
4.715418799529960e+00	-1.560578051553982e-01	4662
-4.159046690638159e+00	-3.573703231399668e+00	4663
-4.851801831323061e+00	-2.600684292126933e+00	4664
-2.197916903269201e+00	-6.299571958178785e+00	4665
4.635513323243475e+00	3.535755012033223e+00	4666
2.537814812148300e+00	5.381330774643848e+00	4667
4.972150404789276e+00	1.140890556879800e+00	4668
4.995386376873684e+00	1.499171497402056e+00	4669
5.030078567489331e+00	5.870892386838431e-01	4670
5.104934565497058e+00	2.038776770537856e+00	4671
5.202702017876486e+00	2.660687125269140e+00	4672
5.065921753227220e+00	-1.684876621358147e+00	4673
3.566366955707876e+00	-5.299645444535374e+00	4674
-1.317318231880978e+00	-7.644938175780841e+00	4675
-2.041038661881580e+00	6.490202958485088e+00	4676
5.273921418024659e+00	-2.343188584015413e+00	4677
-4.525767986588365e+00	4.721147509519738e-01	4678
5.348841308761219e-01	-7.425887497413353e+00	4679
3.351580609581361e+00	5.118975275433824e+00	4680
4.561364447811566e+00	4.189005189270492e+00	4681
-3.379348590512349e+00	6.063102958804460e+00	4682
2.562698775749344e+00	-5.885788328331436e+00	4683
-4.583298926311974e+00	1.491144491862270e+00	4684
-2.120464225829003e+00	-7.200330020637861e+00	4685
2.300027535773643e+00	6.055572399253277e+00	4686
4.916096621422246e+00	-6.025165646152653e-01	4687
-5.366113926991525e+00	-2.077763837353051e+00	4688
1.652427979642518e+00	-6.536760387840192e+00	4689
4.780478982035455e+00	-3.553741336102061e+00	4690
1.062138342902334e+00	6.784470466932782e+00	4691
5.109930440397963e+00	1.190835495163660e-01	4692
-7.100550162970711e-01	6.841414800654136e+00	4693
-4.382313622598531e+00	2.656566799892195e+00	4694
4.562106322449907e+00	-4.478243473704421e+00	4695
-3.838088270993972e+00	-5.352492550782919e+00	4696
-4.342385364722928e+00	3.651591497008105e+00	4697
-3.849907937274603e+00	5.169181135737748e+00	4698
-4.144561539873159e+00	4.429694358966282e+00	4699
-4.621619446473992e+00	-4.051589591282317e-01	4700
-5.053179875551236e+00	-1.165150054509223e+00	4701
-4.154653142760352e+00	-4.245890494155359e+00	4702
-4.851845034424361e+00	-3.337740320509334e+00	4703
-3.111110956933766e+00	-6.414999396122581e+00	4704
5.490550213904208e+00	1.286338744807260e+00	4705
5.496233293017678e+00	9.139692263042446e-01	4706
5.218317052964454e+00	3.290996820895616e+00	4707
5.570189234237881e+00	1.663062290975879e+00	4708
5.718239861526436e+00	2.260857103076019e+00	4709
-4.293342638686791e+00	5.975330667327611e+00	4710
-2.143750456426957e+00	-8.191813575067066e+00	4711
-1.492871488637893e+00	7.082149165771168e+00	4712
-3.308092327809880e-01	-8.134435745930581e+00	4713
1.908896512260548e+00	6.773479128918557e+00	4714
1.857906485597873e-01	7.387610756729814e+00	4715
3.101494529590838e+00	5.911205274586692e+00	4716
-4.810192673170336e+00	-1.642851184810631e-02	4717
5.398219025938300e+00	-3.095760411322190e+00	4718
3.262856760876517e+00	-5.932705428113735e+00	4719
-5.535882377672558e+00	-2.882855648424661e+00	4720
-4.845051144661205e+00	2.130374062195362e+00	4721
5.179165562917837e+00	-4.000608105525021e-01	4722
5.249262867557158e+00	-9.834570985112057e-01	4723
-5.798177468453281e+00	-1.421581713412515e+00	4724
-4.882262359645952e+00	9.533121835210694e-01	4725
-3.136896046322865e+00	-7.467193406836153e+00	4726
4.335951327902431e+00	-5.222480650551483e+00	4727
5.694000640459556e+00	-1.847927952063909e+00	4728
5.193988632215119e+00	3.959227663209129e+00	4729
5.558155690040278e+00	3.845768070634226e-01	4730
6.035746552749037e+00	1.107269290429852e+00	4731
-4.760581811343119e+00	-3.993669283245069e+00	4732
-2.860849869978090e+00	6.766095940553963e+00	4733
2.185415118675562e+00	-6.561784270982704e+00	4734
5.296985354089141e+00	-4.163041302200416e+00	4735
4.363430319697283e+00	4.873377031059149e+00	4736
-4.980335785324369e+00	3.180286666098775e+00	4737
-4.896504832042568e+00	4.207650314643668e+00	4738
-4.664384607659340e+00	5.066784570588967e+00	4739
-5.323107380968596e+00	-5.111779752142929e-01	4740
-4.119847753513757e+00	-6.326668506781121e+00	4741
5.831631783820076e+00	2.951546079090448e+00	4742
6.231579294194550e+00	1.816046101358300e+00	4743
-5.234648227936045e+00	5.831362355296616e+00	4744
-4.306360759805305e+00	-7.483328115355648e+00	4745
-6.132093374153581e+00	-2.231956443712321e+00	4746
6.653215026164535e-01	-8.465701957457858e+00	4747
-5.548501508424931e+00	2.574890894883722e+00	4748
5.109321795776956e+00	4.711046897561252e+00	4749
-2.275105063251389e+00	7.362880139406525e+00	4750
-5.535354664659650e+00	-3.727056103433675e+00	4751
6.016925971679550e+00	-3.692396949138276e+00	4752
4.038699816940643e+00	-5.945246247178461e+00	4753
-5.519023223014390e+00	4.837966080078850e+00	4754
-1.225500905945019e+00	-8.697680042978361e+00	4755
-7.752131212016609e-01	7.776977515545719e+00	4756
-5.237999447389520e+00	1.543849137224397e+00	4757
-4.724613421164469e+00	-4.765200681241733e+00	4758
1.290825276630779e+00	7.668736194949194e+00	4759
6.753899916606026e+00	1.289637752468473e+00	4760
5.937321636634041e+00	-2.551769029876973e+00	4761
5.854961729349513e+00	3.672700868075567e+00	4762
1.882393769491465e+00	-7.320338049183741e+00	4763
-5.644085052817900e+00	3.752786991418578e+00	4764
2.794871279054545e+00	6.736755249284934e+00	4765
5.160302432864055e+00	-5.006793527166672e+00	4766
5.967722844334320e+00	-1.159857050911117e+00	4767
-5.136696258530276e+00	4.436971252394127e-01	4768
5.619571023089149e+00	-1.317468665835644e-01	4769
-3.848759011596939e+00	6.869253306958325e+00	4770
-3.199943009446779e+00	-8.598640950937298e+00	4771
3.952061394409709e+00	5.690636296094337e+00	4772
-4.729175202683975e+00	-5.620545244810565e+00	4773
2.937793996982775e+00	-6.605148575802854e+00	4774
-6.131067539454681e+00	-6.708817479470585e-01	4775
6.408674611639692e+00	2.513224489942754e+00	4776
3.711668700924339e+00	-6.649140667133526e+00	4777
1.462446566201224e+00	-7.838637844566675e+00	4778
-6.323796593848087e+00	-3.181153182544966e+00	4779
6.675201161612405e+00	-3.072993144491261e+00	4780
2.787628908655581e-01	8.383869124291639e+00	4781
-1.663746862149480e+00	8.038973713424676e+00	4782
6.543436154864520e+00	3.287270918362029e+00	4783
-6.027379352594816e+00	1.869848001500617e+00	4784
-4.875110412097449e+00	6.787878156144701e+00	4785
-5.437666412324915e+00	-1.156531425673224e-01	4786
-2.235687624099070e+00	-9.323713896985273e+00	4787
6.347001053005943e+00	-4.593338928475377e-01	4788
6.143328485443324e+00	1.904440008877393e-01	4789
-3.226265986321660e+00	7.678080118191374e+00	4790
6.005154473961824e+00	-4.620827340833173e+00	4791
5.832828955038567e+00	4.439485201311173e+00	4792
6.985331730787670e+00	2.015260415603198e+00	4793
-1.985480891593773e-01	-9.220122268234091e+00	4794
-6.212246868241025e+00	5.575195172442401e+00	4795
2.331776538895493e+00	7.625319358944848e+00	4796
-5.432589542994569e+00	-4.486280194472149e+00	4797
4.910585754685365e+00	-5.855649018955194e+00	4798
-6.331363613405286e+00	3.105606567246239e+00	4799
-5.847713501398687e+00	2.652940178938975e-02	4800
-5.088065698809342e+00	-6.647238844601955e+00	4801
6.552892673816960e+00	5.849176014719111e-01	4802
6.405505288170270e+00	-1.863242180587085e+00	4803
2.644871062745346e+00	-7.302852249884862e+00	4804
-6.384025762770261e+00	4.389093574259872e+00	4805
3.686576188941607e+00	6.555485274496972e+00	4806
5.671018827501836e+00	-7.116560986196792e-01	4807
-5.551335962972162e+00	9.498777231506803e-01	4808
-6.612737690999469e+00	-1.444943334738998e+00	4809
-4.475827766864668e+00	-8.760251612885931e+00	4810
4.848915652589706e+00	5.551656730698270e+00	4811
-5.519080996042958e+00	-5.188507698896768e+00	4812
-6.297951794434714e+00	-4.736069347937569e+00	4813
3.414026442746433e+00	-7.358886966649436e+00	4814
-4.356322286996045e+00	7.799093995001534e+00	4815
-7.208572887063160e+00	5.115298813249907e+00	4816
-7.006321043826459e+00	-2.397153403524388e+00	4817
-6.921235538091531e+00	2.306883157669708e+00	4818
8.959890389238575e-01	-9.599531853399064e+00	4819
7.193644666350541e+00	2.796807745885594e+00	4820
-2.555173649865508e+00	8.351435101791434e+00	4821
-1.179671939601263e+00	-9.889785640830297e+00	4822
1.583382619936484e+00	8.666339989102839e+00	4823
5.855328185523836e+00	-5.595295870289550e+00	4824
-6.995832968200562e+00	-6.717292324172773e-01	4825
3.357931216563338e+00	7.513116205167054e+00	4826
5.727150279674270e+00	5.323544802188583e+00	4827
4.581612657543485e+00	-6.669226760104308e+00	4828
-8.349263372577782e-01	8.839875677856085e+00	4829
-3.531379758916672e+00	-9.789829575073073e+00	4830
6.580718525436378e+00	4.105484974073770e+00	4831
6.824748957512251e+00	-4.052367911640451e+00	4832
2.283025137846535e+00	-8.173686371278757e+00	4833
7.318738399117757e+00	7.462173630815712e-01	4834
7.569178490089845e+00	1.428781062213989e+00	4835
-5.941874546117767e+00	6.618291996428661e+00	4836
-6.320201113470801e+00	-4.158866205395437e+00	4837
-7.202569470564297e+00	3.714012643871364e+00	4838
6.850930518470796e+00	5.417602554877327e-02	4839
6.722727152054312e+00	-1.142102276165404e+00	4840
7.247958349467457e+00	-2.310053764126732e+00	4841
1.646539218417995e+00	-8.890371823471733e+00	4842
4.542538430141246e+00	6.369674547265894e+00	4843
-6.329876054586924e+00	6.870228467053541e-01	4844
-5.408709871530990e+00	-7.860126688082732e+00	4845
-5.535098652655217e+00	-6.159796537080592e+00	4846
-3.874583823084800e-02	-1.044573580539836e+01	4847
-5.714068520277825e+00	-9.112592993946491e+00	4848
4.102854769443505e-01	9.510954916158006e+00	4849
-6.388819562915984e+00	-5.695792087420099e+00	4850
8.183366225409388e+00	8.153275414426255e-01	4851
2.831836785367630e+00	8.585631403036210e+00	4852
-6.806047776208071e+00	1.417134795787691e+00	4853
7.352688418445811e+00	3.667572188091123e+00	4854
-2.366453185006354e+00	-1.061289710613497e+01	4855
7.569065759053539e+00	-3.304505535632174e+00	4856
-7.535576890861308e+00	-1.513732537654786e+00	4857
7.841713090530603e+00	2.238538195424517e+00	4858
-5.531442521297444e+00	7.712794601213777e+00	4859
5.574524802712648e+00	-6.566110574028658e+00	4860
-4.855276931404932e+00	-1.005791051760896e+01	4861
-1.857955794496020e+00	9.126913092700921e+00	4862
6.560665800808686e+00	4.992311736285304e+00	4863
6.824079329413456e+00	-5.128091105475264e+00	4864
-7.078943460111317e+00	6.292258939379479e+00	4865
4.241448013043966e+00	-7.427460651286297e+00	4866
-7.924025683622474e+00	2.839435952575159e+00	4867
-8.172458890135166e+00	4.411818828137026e+00	4868
7.690195718362038e+00	-9.536690508661095e-03	4869
2.003155971626140e+00	-1.001770539754830e+01	4870
2.964260226625551e+00	-8.214008013454759e+00	4871
-6.606335648514158e+00	-5.327842110038058e-03	4872
-3.637045039729724e+00	8.714391012715456e+00	4873
5.482657357910566e+00	6.240983599768430e+00	4874
2.701110040398109e+00	-9.184353442451432e+00	4875
7.100975868121949e+00	-5.756276991598505e-01	4876
-7.225186471113546e+00	-3.506346885868625e+00	4877
7.202868678717235e+00	-1.785766457041197e+00	4878
4.316268619626348e+00	7.302781159438203e+00	4879
-6.649271786573151e+00	-8.219602798271866e+00	4880
8.483753457694855e+00	1.640012212225427e+00	4881
3.996321305996758e+00	8.396434980513693e+00	4882
6.658802337233062e+00	-6.253706833629955e+00	4883
-1.138205380728030e+00	-1.124185914848972e+01	4884
-8.244857542918059e+00	5.711127428349529e+00	4885
1.941074824486094e+00	9.791251735114995e+00	4886
-3.799158775090178e+00	-1.116416132619629e+01	4887
-2.871540214296822e+00	9.473571100324936e+00	4888
8.652982015216841e+00	-2.623601058578926e-02	4889
-7.752818747570789e+00	1.784237892711380e+00	4890
8.203001049059051e+00	-2.550648592433887e+00	4891
-7.969879153159591e+00	-6.433575751340008e-01	4892
8.085834979203476e+00	3.116323675668977e+00	4893
7.758241818136094e+00	-4.441260448622244e+00	4894
7.407854716745255e+00	4.598164289191600e+00	4895
7.927443730886287e+00	-8.463833355483444e-01	4896
-8.876477858892932e-01	1.004789303605951e+01	4897
3.206517975567472e+00	-1.031506702051957e+01	4898
-6.423319920087438e+00	-6.780322152022424e+00	4899
-4.924867353988559e+00	8.859113679964009e+00	4900
-7.268994253559597e+00	-5.128948092036846e+00	4901
5.208458219213482e+00	-7.474275997772875e+00	4902
5.212555581675155e+00	7.111666046429668e+00	4903
6.458328186971391e+00	5.985790827699478e+00	4904
-7.997305604352982e+00	-2.593522793108759e+00	4905
-6.762480791781807e+00	7.501128027271853e+00	4906
-6.215615732396944e+00	-1.043296247362708e+01	4907
-9.045226215828841e+00	3.469419841936409e+00	4908
1.121795812243855e+00	-1.086905942358961e+01	4909
3.882735989327114e+00	-8.267076413467704e+00	4910
-7.472405682896373e+00	5.161759038304886e-02	4911
7.512444395830323e+00	-1.261374480934448e+00	4912
-7.182819377660498e+00	6.275032888235746e-01	4913
5.829144550978299e-01	1.078737600901576e+01	4914
3.412665448308693e+00	9.667767201830138e+00	4915
-8.259963083850726e+00	4.653000871992002e-01	4916
1.303253226111855e-01	-1.182819058210371e+01	4917
8.944624425096185e+00	-1.016203498251327e+00	4918
-2.473986667709966e+00	-1.207646491145661e+01	4919
9.189522193637789e+00	8.754873996927992e-01	4920
8.799869535914763e+00	2.514100197183887e+00	4921
8.275004186928967e+00	4.096600280941085e+00	4922
-8.868827520159368e+00	2.226545020237406e+00	4923
5.030732520722354e+00	8.136337048791644e+00	4924
3.654456165270806e+00	-9.273124461058545e+00	4925
-8.083606708152738e+00	7.091415295565040e+00	4926
8.573446465072021e+00	-3.616265167292581e+00	4927
8.168642236944502e+00	-1.780324010607725e+00	4928
-8.584610909291932e+00	-1.589121388380746e+00	4929
-6.280624268532592e+00	8.762711485105781e+00	4930
-5.230979973749830e+00	-1.151914713923565e+01	4931
-4.097736980398656e+00	9.891809888824129e+00	4932
-7.633535035971450e+00	-7.327005569942290e+00	4933
-2.071746966354327e+00	1.036650948672208e+01	4934
-8.270609992964136e+00	-3.978000880491697e+00	4935
7.770444475287255e+00	-5.689375410899473e+00	4936
2.359738031232212e+00	-1.131881927493756e+01	4937
-7.395419727498919e+00	-6.231932871276538e+00	4938
6.339455109770136e+00	-7.363569324846221e+00	4939
6.225661044849191e+00	6.985041658573649e+00	4940
7.400103618165713e+00	5.604740296645083e+00	4941
-7.086620968498243e+00	-9.439184647883215e+00	4942
-9.359800103467384e+00	4.840551407317361e+00	4943
4.818182988319040e+00	-8.327639734900812e+00	4944
4.732746260586111e+00	9.389810885636305e+00	4945
-6.776682557790566e+00	-1.193296495546152e+01	4946
-3.225659932185484e+00	1.074870665284627e+01	4947
3.748427534866573e+00	-1.162980712730167e+01	4948
8.819433482213210e+00	-4.890396053843282e+00	4949
-9.437703055987168e+00	6.372567894837196e+00	4950
-8.629568419412351e+00	-6.536736858327542e+00	4951
9.291360968680673e+00	-2.769372346261566e+00	4952
9.538744569736147e+00	1.828731745978982e+00	4953
1.962076741281370e+00	1.124939731941072e+01	4954
2.775344454749129e+00	1.087604465929201e+01	4955
-4.049492554009471e+00	-1.272786851356127e+01	4956
-7.685155521333458e+00	-1.084467799005183e+01	4957
5.979115893736878e+00	7.921934324739412e+00	4958
-1.076067471599587e+00	-1.276834862933353e+01	4959
9.724242854129010e+00	-1.593758307981457e-01	4960
-7.997474631143450e+00	-8.543284299976069e+00	4961
-5.567575978019587e+00	1.006499494385448e+01	4962
9.090661251128983e+00	3.484570588147625e+00	4963
-9.297687150378057e-01	1.142059499871809e+01	4964
1.413486328272477e+00	-1.228952884240039e+01	4965
7.306046053583098e+00	6.710603961535965e+00	4966
8.354289555788345e+00	5.148418559679916e+00	4967
-8.658025184205565e+00	1.137309397116017e+00	4968
-7.708703274817819e+00	8.497989454141152e+00	4969
7.585848908974771e+00	-6.991157867311639e+00	4970
-1.002697204458325e+01	2.696350232016575e+00	4971
4.492751762312668e+00	-1.024949813753227e+01	4972
-9.047738895969195e+00	-4.638268340968966e-01	4973
9.148226939622010e+00	-2.092198005241350e+00	4974
-8.464781435420045e+00	-5.399755099424087e+00	4975
-9.129439277971583e+00	-2.842153003299782e+00	4976
-1.032472662194463e+01	3.899061757299227e+00	4977
5.913282846603449e+00	-8.389992513107151e+00	4978
4.234372668053230e+00	1.075606944300271e+01	4979
-5.660625886534876e+00	-1.316886640895450e+01	4980
-9.719917966132384e+00	-5.799177665327979e+00	4981
-2.559338665009438e+00	-1.373232859040613e+01	4982
1.034563204446812e+01	9.132110967782642e-01	4983
-2.304399683364099e+00	1.177990612587048e+01	4984
7.212947740471972e+00	-8.268092366761351e+00	4985
9.722710373743933e+00	-3.957911423561980e+00	4986
-1.136593617142630e+01	3.003876456650444e+00	4987
-8.419939954660803e+00	-1.238364492130071e+01	4988
-7.136454528914117e+00	9.955508328071852e+00	4989
-9.787091421528283e+00	-1.609817021486212e+00	4990
9.891953497330807e+00	2.811084749239113e+00	4991
9.323661193423543e+00	4.579147446055341e+00	4992
-9.241809376671982e+00	7.987684148325690e+00	4993
-8.489001607625946e+00	-9.956615193150997e+00	4994
-9.813557150344121e+00	1.476264535336905e+00	4995
1.004772047864358e+01	-1.316588655981524e+00	4996
5.947578950569993e-01	1.225430925461744e+01	4997
5.301622311791144e+00	-9.462009121564432e+00	4998
8.854257070540013e+00	-6.321490161469491e+00	4999
7.078258801771812e+00	7.800320193345510e+00	5000
8.364401889694436e+00	6.282091559819023e+00	5001
-1.067902709921201e+01	5.399328474204224e+00	5002
-8.952703519318488e+00	-7.737856367761076e+00	5003
-4.615671585725880e+00	1.122951082238363e+01	5004
2.807141934668859e+00	-1.276473887443089e+01	5005
-9.504791820899520e+00	-4.302056967643249e+00	5006
5.747129350005621e+00	9.089502097031673e+00	5007
3.464927051365689e-01	-1.338417939597507e+01	5008
5.276507344962651e+00	-1.156183111256311e+01	5009
6.819434292291714e+00	8.859652689077354e+00	5010
-1.046657063140371e+00	1.296676360866270e+01	5011
-7.290221315428036e+00	-1.367831547313459e+01	5012
1.784390612555107e+00	-1.388047269219276e+01	5013
-4.309131485653146e+00	-1.449904915256301e+01	5014
1.095209412899278e+01	-3.091478405393672e-01	5015
-8.796413728358628e+00	9.626741653513943e+00	5016
-3.621365089796076e+00	1.219896377097858e+01	5017
-6.295620945406843e+00	1.143669331115216e+01	5018
-1.032562357174498e+01	-4.534779122086831e-01	5019
-1.173682699880367e+01	4.393484560336270e+00	5020
9.435168103527081e+00	5.761159606352554e+00	5021
-9.527679677084690e+00	3.216485314060478e-01	5022
1.003348940341547e+01	-5.395035601170192e+00	5023
1.023307865918043e+01	3.891605910174549e+00	5024
1.074887404669001e+01	2.021298224609347e+00	5025
1.053519081479808e+01	-2.990742877740609e+00	5026
3.613106985147893e+00	1.210881847217281e+01	5027
-1.078360622617841e+01	7.141288953346550e+00	5028
-9.952504828859929e+00	-7.012591670358447e+00	5029
5.608307935065592e+00	1.044256083039433e+01	5030
8.277847334002660e+00	7.511394068503683e+00	5031
-9.347067766187529e+00	-9.177529332574199e+00	5032
-1.083982990744401e+01	-4.876526846556320e+00	5033
8.648703716799440e+00	-7.827069636622931e+00	5034
2.078338763287782e+00	1.284531122631884e+01	5035
-9.754753697643191e-01	-1.448618836887963e+01	5036
-9.210959215310092e+00	-1.142052056128360e+01	5037
-1.101937191317190e+01	1.779573467165776e+00	5038
6.650137308039168e+00	-9.506175304306590e+00	5039
4.477061151779547e+00	-1.305920663467109e+01	5040
-1.043281015722361e+01	-3.022493128879478e+00	5041
5.762887194808348e+00	-1.074434939364170e+01	5042
-9.169098241226820e+00	-1.418008034110381e+01	5043
1.051861107746656e+01	5.114574374177235e+00	5044
1.103925422818307e+01	-4.328034016232503e+00	5045
-6.068790006505519e+00	-1.503877127080194e+01	5046
-5.198746771054987e+00	1.274981880162591e+01	5047
-8.113332231866840e+00	1.131187780194748e+01	5048
-1.071768360953075e+01	5.956156283630224e-01	5049
-1.056150366741035e+01	9.006988823013828e+00	5050
1.009660027751725e+01	-7.036670473963706e+00	5051
1.113739126882482e+01	3.134191891741820e+00	5052
5.768455524646857e-01	1.391766871964226e+01	5053
7.291308617028533e+00	-1.090194231803047e+01	5054
8.189295743124298e+00	-9.330941736358541e+00	5055
8.040148779907858e+00	8.722045577243330e+00	5056
-2.619952549001361e+00	-1.560765350314870e+01	5057
9.466800974371168e+00	7.034646213849769e+00	5058
6.543332241399462e+00	1.017608388586183e+01	5059
1.137386002638260e+01	-1.705677762641545e+00	5060
-1.026265122520228e+01	-8.494206099025719e+00	5061
6.281492989864700e-01	-1.513392752798489e+01	5062
-1.216457138345374e+01	6.049848317766430e+00	5063
3.400354344924745e+00	-1.438702773560253e+01	5064
-1.113481314060881e+01	-6.260169463543424e+00	5065
-1.190448078538899e+01	-3.674317744343188e+00	5066
5.186564892334879e+00	1.194766393699933e+01	5067
-1.288841912555620e+01	3.342809750258306e+00	5068
-2.593283163895248e+00	1.337445082814892e+01	5069
6.193566185370588e+00	-1.301238678298975e+01	5070
1.166963219966656e+01	9.436744874903440e-01	5071
-1.013211957439049e+01	-1.298562272344773e+01	5072
-1.114825658777006e+01	-1.675025019957453e+00	5073
3.478954006648639e+00	1.379919868258856e+01	5074
-1.245752754830902e+01	2.033896878284486e+00	5075
1.213341092462434e+01	2.229139388016713e+00	5076
-4.551455310292039e+00	-1.650632704377835e+01	5077
-7.893158024817478e+00	-1.563827631168026e+01	5078
-1.003873828227144e+01	1.091032991038879e+01	5079
-1.230753721382414e+01	8.021839812842298e+00	5080
1.236873527096716e+01	-4.764502391096895e-01	5081
1.197231318261656e+01	-3.121846793964315e+00	5082
9.858699142612142e+00	-8.789656013252264e+00	5083
6.449520250341873e+00	1.161425101880674e+01	5084
9.380423099831374e+00	8.409156200452646e+00	5085
5.286046503272615e+00	-1.469051156054767e+01	5086
-8.195258342123075e-01	-1.642702573847991e+01	5087
-1.114606811608775e+01	-1.133319415334369e+01	5088
1.153252133562740e+01	4.339881075458264e+00	5089
-1.220828134886931e+00	1.471059520395664e+01	5090
-1.238824586738926e+01	-5.239561896438924e+00	5091
-7.120547959797911e+00	1.299751665823807e+01	5092
-4.077450681632532e+00	1.383933563551211e+01	5093
-1.071243427093329e+01	-1.005453472830423e+01	5094
-1.114204881498152e+01	-1.478804016088143e+01	5095
-1.408445959873774e+01	2.224299322627085e+00	5096
-1.170616542632319e+01	-3.665550685114505e-01	5097
1.142153030833855e+01	-5.957325612563312e+00	5098
2.067110462242600e+00	1.461791957563588e+01	5099
8.111005278143052e+00	-1.266807324590410e+01	5100
1.066884382363136e+01	6.442254871515425e+00	5101
8.987800835791026e+00	-1.082935016481016e+01	5102
7.762305806460264e+00	9.927324771435064e+00	5103
2.261441859445404e+00	-1.566585047422361e+01	5104
-1.141398544392172e+01	-7.651461174097610e+00	5105
-1.279258850465012e+01	-2.199392506833249e+00	5106
-1.335092622111761e+01	4.904813917154524e+00	5107
4.551161030845691e+00	1.348058353560792e+01	5108
-1.202745928730631e+01	7.521619290297457e-01	5109
-9.225028657177214e+00	1.285637663872806e+01	5110
-2.640701453795562e+00	-1.772932899410440e+01	5111
4.041677100854620e+00	1.542298721123285e+01	5112
1.255573780639141e+01	3.491101579665182e+00	5113
7.433000769503585e+00	1.141297174399283e+01	5114
9.953430788130733e-01	-1.709767650444425e+01	5115
4.097604225840502e+00	-1.621515306093481e+01	5116
-6.509202360725838e+00	-1.715196362937842e+01	5117
1.188022523193469e+01	5.706889378989127e+00	5118
1.072246154138572e+01	7.877813602886370e+00	5119
1.083623186927571e+01	-1.041304821945753e+01	5120
-1.254835272126011e+01	-1.014447333232889e+01	5121
-1.351397853042865e+01	8.093323742118876e-01	5122
-1.357742774122832e+01	-3.857294255271952e+00	5123
1.256334200800755e+01	-4.691554341888516e+00	5124
4.835106322352123e-01	1.578665722716445e+01	5125
1.151543576323669e+01	-7.847594540039074e+00	5126
-1.206315389420589e+01	1.016675029071132e+01	5127
6.241989052182841e+00	1.326560059086884e+01	5128
1.318497817924850e+01	9.774641621002018e-01	5129
-1.272791589270977e+01	-6.788851993564918e+00	5130
-1.459157709151626e+01	3.803041740333420e+00	5131
-2.944533830538532e+00	1.516992975456484e+01	5132
1.288928172559343e+01	-1.910744491428315e+00	5133
-1.317864409779010e+01	-1.850951538133032e-01	5134
-5.859895635739372e+00	1.447488420950681e+01	5135
-1.226724383927140e+01	-1.303979362700676e+01	5136
-1.385704858804537e+01	6.771899813733166e+00	5137
7.337061786581983e+00	-1.457220366442146e+01	5138
1.003546329275819e+01	-1.245695344938754e+01	5139
9.127885613720421e+00	9.764951904699462e+00	5140
-1.187775911287844e+01	-9.083604389848748e+00	5141
-4.603022246654786e+00	1.569045292262653e+01	5142
1.398747066699867e+01	-5.793259635790406e-01	5143
2.838129055640655e+00	-1.767106842945581e+01	5144
1.302217646543337e+01	-6.571312369738576e+00	5145
1.301034141688678e+01	4.837133051383252e+00	5146
-1.527665255740406e+01	9.215307492560719e-01	5147
6.277244220577848e+00	-1.651559352426174e+01	5148
2.353162587457508e+00	1.662602569560410e+01	5149
-1.145412946714466e+01	1.237167881984269e+01	5150
-1.404263361378357e+01	9.015742498695191e+00	5151
1.371413888318162e+01	2.463135299374484e+00	5152
1.357623314050422e+01	-3.387406509919877e+00	5153
1.207549353617273e+01	7.201917852538423e+00	5154
-1.467673287561220e+00	1.667072026541232e+01	5155
-8.055445351588109e+00	1.477314970407410e+01	5156
8.825220832257525e+00	1.114178342885328e+01	5157
-1.337082971200996e+01	-8.455916094339031e+00	5158
-5.876929367038201e-01	-1.861581004314602e+01	5159
1.207330516279067e+01	-1.207661442319535e+01	5160
-1.452118824285475e+01	-1.924908904681495e+00	5161
6.359738043442144e+00	1.558988571994592e+01	5162
1.274334548382446e+01	-9.545936562938497e+00	5163
-1.515955973069034e+01	5.501424971040772e+00	5164
-1.414299288735801e+01	-5.627127707887586e+00	5165
-1.593812146461225e+01	2.500430789016726e+00	5166
-1.479524402271108e+01	-1.769440904644028e-01	5167
9.311438949552750e+00	-1.429518435393967e+01	5168
1.063454720486101e+01	9.423157018227059e+00	5169
1.429564514857685e+01	-5.123894737575481e+00	5170
4.984461000432820e+00	-1.816473400462241e+01	5171
-1.048858280326568e+01	1.461582321780516e+01	5172
1.458535435241316e+01	-8.219102317207193e+00	5173
1.342961503481543e+01	6.364922497607719e+00	5174
-3.369719954574034e+00	1.718599280851944e+01	5175
1.459742084860097e+01	-2.109033797606719e+00	5176
-1.457659423947845e+01	-7.265634620948785e+00	5177
-6.609251696078014e+00	1.643115880344219e+01	5178
-1.460951621522788e+01	-1.010684608287161e+01	5179
-1.726849044803683e+01	1.015699297295430e+00	5180
-1.647461190503585e+01	-8.182746030970269e-01	5181
4.675914686152504e+00	1.746325954345331e+01	5182
4.661635676686312e-01	1.791755062078010e+01	5183
-1.377525961435001e+01	1.148231635949848e+01	5184
-1.549355585882631e+01	-3.927466867595301e+00	5185
-1.577560879625397e+01	7.587096884272834e+00	5186
1.140799586424921e+01	-1.408565082235865e+01	5187
1.215250523834504e+01	8.824751768584166e+00	5188
8.433568470743097e+00	1.282479088591194e+01	5189
1.416806213432487e+01	3.891217025846178e+00	5190
1.491044844975502e+01	1.052354083778193e+00	5191
8.542323034888167e+00	-1.639273907802025e+01	5192
1.421911135224515e+01	-1.129136983877316e+01	5193
-1.653061239551149e+01	4.257831118081324e+00	5194
1.035872917216042e+01	1.094718494593227e+01	5195
1.539294925525904e+01	-3.695644336344253e+00	5196
-1.376810567037171e+01	-1.218948024430327e+01	5197
-1.721310907094552e+01	6.143160515883927e+00	5198
1.468678966849640e+01	5.389992905094963e+00	5199
1.582744684485529e+01	-6.553451346587705e-01	5200
1.492276126393953e+01	-6.961690512505602e+00	5201
1.002653370425558e+01	1.252323532094565e+01	5202
1.566648429231240e+01	-9.548373030358823e+00	5203
-5.206924852680014e+00	1.777469209544773e+01	5204
1.367826080218968e+01	8.051329145085994e+00	5205
7.678680543413644e+00	1.472189040258905e+01	5206
-1.802977946116200e+01	2.899207216256961e+00	5207
-1.615410746566141e+01	-5.941743645090694e+00	5208
1.206006989830428e+01	1.056888918337864e+01	5209
1.551021751610639e+01	2.746129824602302e+00	5210
-1.864979290364598e+01	-6.710146700808352e-01	5211
1.626379346288766e+01	-5.475773300149032e+00	5212
1.599351870854076e+01	4.349748248137525e+00	5213
1.519129676586477e+01	7.096891625836008e+00	5214
8.073369332779542e+00	1.675694716277220e+01	5215
-1.659876856662391e+01	-8.074305209911895e+00	5216
1.377795649329890e+01	9.890387984554222e+00	5217
1.652610296101512e+01	-2.312668392698955e+00	5218
1.687231505544332e+01	1.169362648631509e+00	5219
-1.769611262401204e+01	-2.662819741861708e+00	5220
1.669014437162731e+01	-7.560651263998350e+00	5221
9.648507893551786e+00	1.443602497531082e+01	5222
-1.761567151818534e+01	-4.350499975381785e+00	5223
1.175374227799638e+01	1.228761127952653e+01	5224
1.791627650503355e+01	-7.170276985259485e-01	5225
1.550350649535388e+01	9.003858524225610e+00	5226
1.743864403966758e+01	-3.972494132113908e+00	5227
1.368068583499071e+01	1.186485315513016e+01	5228
1.658261861739996e+01	6.009602271676513e+00	5229
1.754699425596020e+01	3.090636323914374e+00	5230
1.141392270482797e+01	1.405378386072717e+01	5231
1.719197714666902e+01	7.913458910410570e+00	5232
NMARK= 2
MARKER_TAG= airfoil
MARKER_ELEMS= 200
3	199	0
3	0	1
3	1	2
3	2	3
3	3	4
3	4	5
3	5	6
3	6	7
3	7	8
3	8	9
3	9	10
3	10	11
3	11	12
3	12	13
3	13	14
3	14	15
3	15	16
3	16	17
3	17	18
3	18	19
3	19	20
3	20	21
3	21	22
3	22	23
3	23	24
3	24	25
3	25	26
3	26	27
3	27	28
3	28	29
3	29	30
3	30	31
3	31	32
3	32	33
3	33	34
3	34	35
3	35	36
3	36	37
3	37	38
3	38	39
3	39	40
3	40	41
3	41	42
3	42	43
3	43	44
3	44	45
3	45	46
3	46	47
3	47	48
3	48	49
3	49	50
3	50	51
3	51	52
3	52	53
3	53	54
3	54	55
3	55	56
3	56	57
3	57	58
3	58	59
3	59	60
3	60	61
3	61	62
3	62	63
3	63	64
3	64	65
3	65	66
3	66	67
3	67	68
3	68	69
3	69	70
3	70	71
3	71	72
3	72	73
3	73	74
3	74	75
3	75	76
3	76	77
3	77	78
3	78	79
3	79	80
3	80	81
3	81	82
3	82	83
3	83	84
3	84	85
3	85	86
3	86	87
3	87	88
3	88	89
3	89	90
3	90	91
3	91	92
3	92	93
3	93	94
3	94	95
3	95	96
3	96	97
3	97	98
3	98	99
3	99	100
3	100	101
3	101	102
3	102	103
3	103	104
3	104	105
3	105	106
3	106	107
3	107	108
3	108	109
3	109	110
3	110	111
3	111	112
3	112	113
3	113	114
3	114	115
3	115	116
3	116	117
3	117	118
3	118	119
3	119	120
3	120	121
3	121	122
3	122	123
3	123	124
3	124	125
3	125	126
3	126	127
3	127	128
3	128	129
3	129	130
3	130	131
3	131	132
3	132	133
3	133	134
3	134	135
3	135	136
3	136	137
3	137	138
3	138	139
3	139	140
3	140	141
3	141	142
3	142	143
3	143	144
3	144	145
3	145	146
3	146	147
3	147	148
3	148	149
3	149	150
3	150	151
3	151	152
3	152	153
3	153	154
3	154	155
3	155	156
3	156	157
3	157	158
3	158	159
3	159	160
3	160	161
3	161	162
3	162	163
3	163	164
3	164	165
3	165	166
3	166	167
3	167	168
3	168	169
3	169	170
3	170	171
3	171	172
3	172	173
3	173	174
3	174	175
3	175	176
3	176	177
3	177	178
3	178	179
3	179	180
3	180	181
3	181	182
3	182	183
3	183	184
3	184	185
3	185	186
3	186	187
3	187	188
3	188	189
3	189	190
3	190	191
3	191	192
3	192	193
3	193	194
3	194	195
3	195	196
3	196	197
3	197	198
3	198	199
MARKER_TAG= farfield
MARKER_ELEMS= 50
3	200	201
3	201	202
3	202	203
3	203	204
3	204	205
3	205	206
3	206	207
3	207	208
3	208	209
3	209	210
3	210	211
3	211	212
3	212	213
3	213	214
3	214	215
3	215	216
3	216	217
3	217	218
3	218	219
3	219	220
3	220	221
3	221	222
3	222	223
3	223	224
3	224	225
3	225	226
3	226	227
3	227	228
3	228	229
3	229	230
3	230	231
3	231	232
3	232	233
3	233	234
3	234	235
3	235	236
3	236	237
3	237	238
3	238	239
3	239	240
3	240	241
3	241	242
3	242	243
3	243	244
3	244	245
3	245	246
3	246	247
3	247	248
3	248	249
3	249	200
