"Time_Iter","Outer_Iter","Inner_Iter",    "rms[Rho]"    ,    "rms[RhoU]"   ,    "rms[RhoV]"   ,    "rms[RhoE]"   ,    "RefForce"    ,       "CD"       ,       "CL"       ,       "CSF"      ,       "CMx"      ,       "CMy"      ,       "CMz"      ,       "CFx"      ,       "CFy"      ,       "CFz"      ,      "CEff"      
          0,           0,           0,      -4.924102598,      -4.839483906,      -5.584719884,      -4.327722727,             0.448,    0.004174739138,     0.04787536032,                 0,                 0,                 0,    -0.02728779732,    0.003129350182,     0.04795503873,                 0,       11.46786871
          0,           0,           1,      -5.201004113,      -5.043903091,      -5.044250881,      -4.599832782,             0.448,    0.002933710777,     0.04911533878,                 0,                 0,                 0,    -0.03104639973,    0.001861567164,     0.04916764922,                 0,       16.74171127
          0,           0,           2,      -5.129779374,      -5.073962201,      -5.208326706,      -4.545589979,             0.448,    0.002766451067,     0.05382836619,                 0,                 0,                 0,     -0.0305066071,    0.001591533107,     0.05387590631,                 0,       19.45755225
          0,           0,           3,      -5.142450361,      -5.165210568,       -5.15332694,       -4.55521569,             0.448,    0.002923464095,     0.05313932292,                 0,                 0,                 0,    -0.02930246781,     0.00176354017,     0.05319045223,                 0,       18.17683446
          0,           0,           4,      -5.122927932,      -5.175813796,      -5.154657936,      -4.539660991,             0.448,     0.00276384613,     0.05369449698,                 0,                 0,                 0,    -0.02915867645,    0.001591849131,     0.05374201213,                 0,       19.42745524
          0,           0,           5,      -5.133596849,      -5.265583068,       -5.21992318,      -4.560780561,             0.448,    0.002698984341,     0.05636009682,                 0,                 0,                 0,    -0.02858892033,    0.001468853023,     0.05640556268,                 0,        20.8819651
          0,           0,           6,      -5.121602448,      -5.334604858,      -5.269595952,      -4.551677685,             0.448,    0.002604892033,     0.05782340116,                 0,                 0,                 0,    -0.02839631694,    0.001342861291,     0.05786646617,                 0,         22.198003
          0,           0,           7,      -5.113691027,      -5.337839668,      -5.249217033,      -4.543548686,             0.448,    0.002521996129,     0.05904134275,                 0,                 0,                 0,    -0.02828109698,    0.001233415857,     0.05908230956,                 0,       23.41056042
          0,           0,           8,      -5.107152348,      -5.344010459,      -5.258102662,      -4.539703482,             0.448,    0.002456397454,     0.06059599751,                 0,                 0,                 0,    -0.02805740567,    0.001133918179,     0.06063516333,                 0,        24.6686453
          0,           0,           9,      -5.101843862,      -5.390117312,       -5.29649418,      -4.537635003,             0.448,    0.002375314269,     0.06207907857,                 0,                 0,                 0,    -0.02792220392,    0.001020501046,     0.06211612263,                 0,        26.1351011
          0,           0,          10,      -5.096758644,      -5.432505296,      -5.329486028,      -4.534080643,             0.448,    0.002295752616,     0.06339407351,                 0,                 0,                 0,    -0.02788589406,   0.0009122718635,     0.06342906902,                 0,       27.61363444
          0,           0,          11,        -5.0937676,      -5.450626296,      -5.347899401,      -4.532400381,             0.448,    0.002221142234,     0.06458126688,                 0,                 0,                 0,    -0.02792765394,   0.0008117807498,     0.06461435225,                 0,       29.07570073
          0,           0,          12,      -5.093180756,      -5.468833798,      -5.365873384,       -4.53349617,             0.448,     0.00214642687,     0.06568474045,                 0,                 0,                 0,    -0.02802318203,   0.0007130110174,     0.06571593331,                 0,           30.6019
          0,           0,          13,      -5.092918434,      -5.483389895,      -5.385128419,      -4.534133307,             0.448,    0.002073417675,     0.06673533813,                 0,                 0,                 0,    -0.02814557061,    0.000617100529,     0.06676468829,                 0,       32.18615281
          0,           0,          14,      -5.092125584,      -5.494783047,      -5.401804736,      -4.533171246,             0.448,     0.00200446473,     0.06772367165,                 0,                 0,                 0,    -0.02829341363,   0.0005266036101,     0.06775128242,                 0,       33.78641223
          0,           0,          15,      -5.090977602,      -5.508358213,      -5.417344597,      -4.531545361,             0.448,     0.00193896196,      0.0686191215,                 0,                 0,                 0,    -0.02847533439,   0.0004415822927,     0.06864509024,                 0,       35.38961719
          0,           0,          16,      -5.090238603,      -5.524318878,      -5.432562918,      -4.530826875,             0.448,    0.001875933162,     0.06941137115,                 0,                 0,                 0,    -0.02868769502,   0.0003612856595,     0.06943577639,                 0,       37.00098305
          0,           0,          17,       -5.09052979,      -5.539019362,      -5.447247929,      -4.531761963,             0.448,    0.001815885959,     0.07011425008,                 0,                 0,                 0,    -0.02891675825,   0.0002859195228,     0.07013717813,                 0,       38.61159327
          0,           0,          18,      -5.091985506,      -5.547764927,      -5.462722209,      -4.534118534,             0.448,    0.001759629705,     0.07073938127,                 0,                 0,                 0,    -0.02915281798,    0.000216039491,     0.07076093333,                 0,       40.20128841
          0,           0,          19,      -5.094174234,      -5.549358658,      -5.479841439,      -4.537055047,             0.448,    0.001707442409,     0.07129039623,                 0,                 0,                 0,     -0.0293925283,   0.0001518442857,     0.07131067871,                 0,       41.75273841
          0,           0,          20,      -5.096478897,      -5.546997513,      -5.497235006,      -4.539848294,             0.448,    0.001659406817,     0.07177081992,                 0,                 0,                 0,    -0.02963395934,   9.333973777e-05,     0.07178994018,                 0,       43.25088892
          0,           0,          21,      -5.098449984,       -5.54502295,      -5.513262916,       -4.54216613,             0.448,    0.001616058567,       0.072182584,                 0,                 0,                 0,    -0.02987354022,   4.101921774e-05,     0.07220066063,                 0,       44.66582181
          0,           0,          22,       -5.09944094,      -5.545458514,      -5.526648519,      -4.543473832,             0.448,    0.001577915363,     0.07253110705,                 0,                 0,                 0,    -0.03010829539,  -4.717899974e-06,     0.07254826866,                 0,       45.96641161
          0,           0,          23,      -5.099155177,      -5.548214078,      -5.537767744,      -4.543457353,             0.448,    0.001545529809,     0.07282650485,                 0,                 0,                 0,     -0.0303352299,  -4.353981579e-05,     0.07284288966,                 0,       47.12073777
          0,           0,          24,      -5.097365741,      -5.552136128,       -5.54637534,      -4.541838898,             0.448,    0.001519138008,     0.07307337191,                 0,                 0,                 0,    -0.03055284952,  -7.531071313e-05,     0.07308912224,                 0,       48.10186535
          0,           0,          25,       -5.09431416,      -5.556450191,      -5.552768579,      -4.538774596,             0.448,    0.001498986104,     0.07327291422,                 0,                 0,                 0,    -0.03075910296,  -9.981081399e-05,     0.07328817746,                 0,       48.88165009
          0,           0,          26,      -5.090459442,      -5.560592071,      -5.557054053,      -4.534756928,             0.448,    0.001484832557,     0.07342417642,                 0,                 0,                 0,    -0.03095386418,  -0.0001172607599,     0.07343909491,                 0,       49.44946557
          0,           0,          27,      -5.086301442,      -5.565265967,       -5.56062237,      -4.530313788,             0.448,    0.001476387896,     0.07353590217,                 0,                 0,                 0,    -0.03113616533,  -0.0001281406963,     0.07355060985,                 0,       49.80798229
          0,           0,          28,      -5.082588957,      -5.571290577,      -5.564836485,      -4.526273543,             0.448,    0.001473209617,     0.07361732531,                 0,                 0,                 0,     -0.0313053251,  -0.0001330944554,     0.07363194428,                 0,       49.97070646
          0,           0,          29,      -5.080028569,      -5.579163604,      -5.570308911,      -4.523401957,             0.448,    0.001474790757,     0.07367488387,                 0,                 0,                 0,    -0.03146082121,  -0.0001327693244,     0.07368952363,                 0,       49.95616056
          0,           0,          30,      -5.079155019,      -5.588794825,      -5.576973608,      -4.522293363,             0.448,    0.001480490248,     0.07371341566,                 0,                 0,                 0,    -0.03160247755,  -0.0001279117562,     0.07372817059,                 0,       49.78986909
          0,           0,          31,      -5.080243183,      -5.600113035,      -5.584546884,      -4.523245123,             0.448,    0.001489504277,     0.07373942763,                 0,                 0,                 0,    -0.03173034936,  -0.0001194673204,       0.073754373,                 0,       49.50601938
          0,           0,          32,      -5.083846618,      -5.613792368,      -5.593347683,      -4.526846763,             0.448,    0.001501126731,     0.07375291424,                 0,                 0,                 0,    -0.03184452648,  -0.0001081418416,     0.07376810995,                 0,       49.13170402
          0,           0,          33,      -5.089212568,      -5.629410354,      -5.603123961,      -4.532406148,             0.448,    0.001514777704,      0.0737463007,                 0,                 0,                 0,     -0.0319454508,  -9.434984413e-05,     0.07376179578,                 0,       48.68456971
          0,           0,          34,      -5.095870653,      -5.646036791,       -5.61451198,      -4.539479741,             0.448,    0.001530088834,     0.07371880843,                 0,                 0,                 0,    -0.03203219026,  -7.844261645e-05,     0.07373464407,                 0,       48.17943036
          0,           0,          35,      -5.103424189,       -5.66317403,      -5.628563847,      -4.547556248,             0.448,    0.001546141494,     0.07367581187,                 0,                 0,                 0,    -0.03210590643,  -6.145581162e-05,     0.07369200793,                 0,       47.65140329
          0,           0,          36,      -5.111066433,      -5.680847275,      -5.644240865,      -4.555759938,             0.448,    0.001562098888,     0.07362619436,                 0,                 0,                 0,    -0.03216744632,    -4.4419815e-05,     0.07364275032,                 0,       47.13286396
          0,           0,          37,      -5.118031632,      -5.699154843,      -5.660605568,      -4.563233079,             0.448,    0.001577466325,     0.07357474782,                 0,                 0,                 0,    -0.03221700497,  -2.793373431e-05,     0.07359165127,                 0,       46.64108935
          0,           0,          38,      -5.124259423,      -5.717359428,      -5.676868508,      -4.569962765,             0.448,    0.001591838382,     0.07352649854,                 0,                 0,                 0,     -0.0322546711,  -1.251254542e-05,       0.073543727,                 0,       46.18967565
          0,           0,          39,      -5.129925848,      -5.734582302,      -5.692802606,      -4.576162768,             0.448,    0.001604896537,     0.07348347918,                 0,                 0,                 0,    -0.03228086358,   1.480965011e-06,     0.07350100274,                 0,       45.78705074
          0,           0,          40,      -5.135161186,      -5.749738964,      -5.708079524,      -4.581927836,             0.448,    0.001616313053,     0.07344711636,                 0,                 0,                 0,    -0.03229680862,   1.368801425e-05,     0.07346489762,                 0,       45.44114536
          0,           0,          41,      -5.140545687,      -5.762836201,       -5.72234907,      -4.587748781,             0.448,    0.001626018032,     0.07341929297,                 0,                 0,                 0,    -0.03230316096,   2.399764816e-05,     0.07343729256,                 0,       45.15281598
          0,           0,          42,      -5.146837714,      -5.775171176,      -5.735587972,      -4.594315492,             0.448,    0.001634132644,     0.07340124006,                 0,                 0,                 0,    -0.03230019245,   3.250415152e-05,     0.07341942097,                 0,       44.91755325
          0,           0,          43,      -5.154582819,      -5.787575648,      -5.747010644,      -4.602256205,             0.448,    0.001640837563,     0.07338931091,                 0,                 0,                 0,    -0.03228849004,   3.946770839e-05,     0.07340764092,                 0,       44.72673745
          0,           0,          44,      -5.164390596,      -5.799907773,      -5.756210123,      -4.612254949,             0.448,    0.001646114559,     0.07338079549,                 0,                 0,                 0,    -0.03227012758,   4.492921121e-05,     0.07339924265,                 0,       44.57818265
          0,           0,          45,      -5.176238603,       -5.81316938,      -5.762813244,       -4.62420108,             0.448,    0.001650173699,      0.0733788511,                 0,                 0,                 0,    -0.03224603941,   4.902980121e-05,     0.07339738727,                 0,       44.46734981
          0,           0,          46,      -5.189715936,      -5.827222935,      -5.767741349,      -4.637520017,             0.448,     0.00165330313,     0.07338525024,                 0,                 0,                 0,    -0.03221695176,   5.201889095e-05,     0.07340385316,                 0,       44.38705095
          0,           0,          47,      -5.204912527,      -5.842483434,      -5.772837699,      -4.652304015,             0.448,    0.001655742147,      0.0734025394,                 0,                 0,                 0,    -0.03218370674,   5.408016709e-05,     0.07342119141,                 0,       44.33210783
          0,           0,          48,      -5.221511799,      -5.858685663,      -5.779192417,      -4.668334833,             0.448,    0.001657758674,     0.07343074951,                 0,                 0,                 0,    -0.03214721167,   5.548081352e-05,     0.07344943879,                 0,       44.29519849
          0,           0,          49,      -5.239212515,      -5.875233531,      -5.787753169,      -4.685358553,             0.448,     0.00165957449,     0.07346816837,                 0,                 0,                 0,    -0.03210852405,   5.647990973e-05,     0.07348688837,                 0,       44.26928035
          0,           0,          50,      -5.258004541,      -5.891965321,      -5.799052368,      -4.703449684,             0.448,    0.001661416041,     0.07351367301,                 0,                 0,                 0,     -0.0320683312,   5.732834397e-05,     0.07353242234,                 0,       44.24760035
          0,           0,          51,      -5.278212449,      -5.909111701,      -5.812574304,      -4.723082314,             0.448,    0.001663517414,     0.07356194842,                 0,                 0,                 0,    -0.03202732241,   5.837609412e-05,     0.07358073211,                 0,        44.2207264
          0,           0,          52,      -5.298930717,      -5.926094072,      -5.826541484,      -4.743323796,             0.448,    0.001665947407,     0.07361052758,                 0,                 0,                 0,    -0.03198645589,   5.974576008e-05,     0.07362935272,                 0,       44.18538501
          0,           0,          53,      -5.319839714,      -5.944501159,      -5.841569935,      -4.763766158,             0.448,    0.001668778101,     0.07366423891,                 0,                 0,                 0,    -0.03194583385,   6.140407345e-05,     0.07368311302,                 0,       44.14262081
          0,           0,          54,      -5.340769469,      -5.965008029,      -5.858560221,      -4.784262137,             0.448,    0.001672043987,     0.07372126057,                 0,                 0,                 0,    -0.03190573444,   6.342526196e-05,     0.07374019236,                 0,       44.09050308
          0,           0,          55,      -5.362220876,      -5.987388881,      -5.876959352,      -4.805542017,             0.448,    0.001675774962,     0.07377664491,                 0,                 0,                 0,    -0.03186652366,   6.594714624e-05,     0.07379564491,                 0,       44.02538919
          0,           0,          56,      -5.383574839,      -6.010896326,      -5.895495832,      -4.826907194,             0.448,    0.001679874498,     0.07383411983,                 0,                 0,                 0,    -0.03182833688,    6.87918976e-05,     0.07385319558,                 0,       43.95216424
          0,           0,          57,       -5.40387851,      -6.035409576,      -5.914588404,       -4.84722072,             0.448,    0.001684252195,     0.07389556079,                 0,                 0,                 0,    -0.03179113121,   7.182822554e-05,     0.07391471742,                 0,       43.87440373
          0,           0,          58,      -5.423258884,      -6.059833375,      -5.934621253,      -4.866670309,             0.448,    0.001688821395,     0.07396165181,                 0,                 0,                 0,    -0.03175479198,   7.495456963e-05,     0.07398089239,                 0,       43.79483351
          0,           0,          59,      -5.441424834,      -6.082622851,       -5.95499538,      -4.884972627,             0.448,     0.00169346848,        0.07403246,                 0,                 0,                 0,    -0.03171926306,   7.805587712e-05,      0.0740517851,                 0,       43.71646762
          0,           0,          60,      -5.458604271,      -6.103547914,      -5.975741866,      -4.902322094,             0.448,    0.001698050898,     0.07410733386,                 0,                 0,                 0,    -0.03168463855,   8.100383993e-05,     0.07412674111,                 0,       43.64258688
          0,           0,          61,      -5.475142596,       -6.12331593,      -5.997127845,      -4.919047879,             0.448,    0.001702454157,     0.07418630495,                 0,                 0,                 0,    -0.03165084423,   8.368330577e-05,     0.07420578946,                 0,        43.5760955
          0,           0,          62,      -5.491341668,      -6.142704016,      -6.019137581,      -4.935448078,             0.448,     0.00170658487,     0.07426954423,                 0,                 0,                 0,    -0.03161770692,   8.599718013e-05,     0.07428909904,                 0,       43.51939686
          0,           0,          63,      -5.507454103,      -6.162383242,      -6.041253445,      -4.951786311,             0.448,    0.001710374434,     0.07435643893,                 0,                 0,                 0,    -0.03158496718,   8.789024456e-05,     0.07437605573,                 0,       43.47377828
          0,           0,          64,      -5.523547917,      -6.182774899,      -6.062635643,      -4.968241377,             0.448,    0.001713645987,     0.07444614108,                 0,                 0,                 0,    -0.03155292939,   8.920417632e-05,     0.07446580791,                 0,        43.4431275
          0,           0,          65,      -5.539617935,       -6.20320362,      -6.082981617,      -4.984767742,             0.448,    0.001716283182,     0.07453886047,                 0,                 0,                 0,    -0.03152171204,   8.981808075e-05,     0.07455856276,                 0,       43.43039731
          0,           0,          66,       -5.55588111,      -6.223790804,       -6.10222709,      -5.001456045,             0.448,    0.001718217112,     0.07463386366,                 0,                 0,                 0,    -0.03149143033,   8.967906691e-05,     0.07465358553,                 0,       43.43680619
          0,           0,          67,      -5.572535508,      -6.244912933,      -6.119892949,      -5.018504071,             0.448,    0.001719431101,     0.07473125053,                 0,                 0,                 0,    -0.03146206635,   8.876828405e-05,      0.0747509757,                 0,       43.46277701
          0,           0,          68,      -5.589594294,       -6.26642063,       -6.13591225,      -5.035951604,             0.448,    0.001719941514,     0.07483085699,                 0,                 0,                 0,    -0.03143365013,   8.710567223e-05,     0.07485056959,                 0,       43.50779162
          0,           0,          69,      -5.606989604,      -6.288052645,      -6.150392138,       -5.05373833,             0.448,    0.001719744663,     0.07493180906,                 0,                 0,                 0,    -0.03140639308,   8.470661069e-05,     0.07495149335,                 0,       43.57147352
          0,           0,          70,      -5.624655268,      -6.309566252,      -6.163369613,      -5.071796458,             0.448,    0.001718881445,     0.07503371994,                 0,                 0,                 0,     -0.0313804461,   8.162042329e-05,     0.07505336115,                 0,       43.65264409
          0,           0,          71,      -5.642467935,      -6.330775985,      -6.175479352,      -5.090003136,             0.448,    0.001717443503,     0.07513601094,                 0,                 0,                 0,    -0.03135590226,   7.795135716e-05,     0.07515559643,                 0,       43.74875262
          0,           0,          72,      -5.660242071,      -6.351578496,      -6.186764328,      -5.108184462,             0.448,    0.001715510253,     0.07523807906,                 0,                 0,                 0,    -0.03133288677,   7.379196285e-05,     0.07525759809,                 0,       43.85755138
          0,           0,          73,      -5.677695434,      -6.371583237,       -6.19756768,      -5.126052673,             0.448,    0.001713165841,     0.07533965745,                 0,                 0,                 0,    -0.03131145395,   6.923218826e-05,     0.07535910117,                 0,       43.97686181
          0,           0,          74,      -5.694647282,      -6.390597449,      -6.208118079,      -5.143424992,             0.448,    0.001710459217,     0.07544012728,                 0,                 0,                 0,    -0.03129180823,   6.433447006e-05,     0.07545948804,                 0,       44.10518915
          0,           0,          75,      -5.710843198,      -6.408542813,      -6.218848396,      -5.160026678,             0.448,    0.001707458498,     0.07553894535,                 0,                 0,                 0,    -0.03127408416,   5.917876108e-05,     0.07555821714,                 0,       44.24057476
          0,           0,          76,      -5.726094568,      -6.425475392,      -6.229851093,      -5.175658931,             0.448,    0.001704250652,     0.07563564239,                 0,                 0,                 0,    -0.03125832777,   5.386224332e-05,     0.07565482119,                 0,       44.38058586
          0,           0,          77,      -5.740312929,        -6.4415452,      -6.241406142,      -5.190226887,             0.448,    0.001700922869,     0.07572985789,                 0,                 0,                 0,    -0.03124452594,   4.847995174e-05,     0.07574894167,                 0,        44.5228054
          0,           0,          78,      -5.753478087,        -6.4569295,      -6.253522958,      -5.203709664,             0.448,    0.001697559708,      0.0758212688,                 0,                 0,                 0,    -0.03123265895,   4.312347291e-05,     0.07584025746,                 0,       44.66486123
          0,           0,          79,      -5.765562672,      -6.471673789,      -6.266009475,      -5.216069415,             0.448,    0.001694228317,     0.07590957744,                 0,                 0,                 0,    -0.03122269866,   3.786643114e-05,     0.07592847242,                 0,       44.80480978
          0,           0,          80,      -5.776674434,      -6.485954223,      -6.278704362,      -5.227412649,             0.448,    0.001690948017,     0.07599429255,                 0,                 0,                 0,     -0.0312147038,   3.273886151e-05,      0.0760130958,                 0,        44.9418266
          0,           0,          81,      -5.786930472,      -6.500021171,      -6.291447003,      -5.237850561,             0.448,    0.001687756801,     0.07607534462,                 0,                 0,                 0,    -0.03120857925,   2.778026359e-05,     0.07609405897,                 0,       45.07482629
          0,           0,          82,      -5.796483748,      -6.514066939,      -6.304137981,       -5.24753552,             0.448,    0.001684702778,     0.07615259292,                 0,                 0,                 0,    -0.03120419451,   2.304180481e-05,     0.07617122226,                 0,       45.20239054
          0,           0,          83,      -5.805531221,      -6.528314766,       -6.31656066,      -5.256676718,             0.448,    0.001681808919,     0.07622580789,                 0,                 0,                 0,    -0.03120146829,   1.855145791e-05,     0.07624435668,                 0,       45.32370297
          0,           0,          84,      -5.814238531,      -6.542752084,      -6.328036471,      -5.265442397,             0.448,    0.001679078986,     0.07629487493,                 0,                 0,                 0,    -0.03120032439,   1.431548546e-05,     0.07631334773,                 0,       45.43852645
          0,           0,          85,      -5.822739528,      -6.557115706,       -6.33867914,      -5.273955805,             0.448,    0.001676495415,     0.07635953971,                 0,                 0,                 0,    -0.03120073938,   1.032187447e-05,     0.07637794076,                 0,       45.54712111
          0,           0,          86,      -5.831189479,      -6.571548375,      -6.348953922,       -5.28237028,             0.448,    0.001674068051,     0.07642001902,                 0,                 0,                 0,    -0.03120251989,   6.575738951e-06,     0.07643835273,                 0,       45.64929064
          0,           0,          87,      -5.839812919,      -6.586653922,      -6.359166272,      -5.290928174,             0.448,    0.001671797841,     0.07647651465,                 0,                 0,                 0,    -0.03120548297,   3.073623897e-06,     0.07649478538,                 0,       45.74507321
          0,           0,          88,      -5.848684306,      -6.602399711,      -6.368593324,      -5.299708233,             0.448,    0.001669686185,     0.07652921136,                 0,                 0,                 0,    -0.03120945576,  -1.871025793e-07,     0.07654742349,                 0,       45.83448797
          0,           0,          89,      -5.857906011,      -6.618506912,      -6.376955156,      -5.308802306,             0.448,     0.00166771715,      0.0765781167,                 0,                 0,                 0,     -0.0312143328,  -3.222533798e-06,     0.07659627424,                 0,       45.91792842
          0,           0,          90,      -5.867561005,      -6.634683092,      -6.384651663,      -5.318293821,             0.448,    0.001665867629,     0.07662322016,                 0,                 0,                 0,     -0.0312200405,  -6.055540568e-06,     0.07664132661,                 0,       45.99598359
          0,           0,          91,       -5.87770291,      -6.650771342,      -6.391751963,      -5.328244231,             0.448,    0.001664124724,     0.07666468658,                 0,                 0,                 0,    -0.03122645745,    -8.7026165e-06,     0.07668274516,                 0,       46.06907491
          0,           0,          92,      -5.888306334,      -6.666752235,      -6.398545689,       -5.33863269,             0.448,    0.001662471007,     0.07670257776,                 0,                 0,                 0,    -0.03123349559,  -1.118253161e-05,     0.07672059124,                 0,       46.13769349
          0,           0,          93,      -5.899224734,      -6.682509193,      -6.405230176,      -5.349317091,             0.448,    0.001660904242,     0.07673727074,                 0,                 0,                 0,    -0.03124098009,  -1.350574771e-05,     0.07675524178,                 0,       46.20210414
          0,           0,          94,      -5.910456184,      -6.697888606,       -6.41204138,      -5.360309425,             0.448,    0.001659388712,     0.07676887916,                 0,                 0,                 0,     -0.0312488818,  -1.571045122e-05,     0.07678680962,                 0,       46.26334905
          0,           0,          95,      -5.922021591,      -6.712872486,      -6.419220088,      -5.371626397,             0.448,    0.001657895107,     0.07679742863,                 0,                 0,                 0,    -0.03125717307,  -1.782650337e-05,     0.07681531971,                 0,       46.32224819
          0,           0,          96,      -5.933935512,      -6.727350235,      -6.426715087,       -5.38328264,             0.448,    0.001656425967,     0.07682312532,                 0,                 0,                 0,    -0.03126572854,  -1.985586394e-05,     0.07684097824,                 0,       46.37884628
          0,           0,          97,      -5.946195817,      -6.741190733,      -6.435236103,      -5.395289488,             0.448,    0.001654985757,     0.07684622535,                 0,                 0,                 0,    -0.03127442157,  -2.179965577e-05,     0.07686404135,                 0,       46.43316416
          0,           0,          98,      -5.958800842,      -6.754533745,      -6.444677269,      -5.407662059,             0.448,    0.001653563694,     0.07686685747,                 0,                 0,                 0,    -0.03128320341,  -2.367146845e-05,     0.07688463755,                 0,       46.48557402
          0,           0,          99,      -5.971726834,      -6.767473827,      -6.454906634,      -5.420384606,             0.448,    0.001652172881,      0.0768852509,                 0,                 0,                 0,    -0.03129197081,  -2.546320087e-05,     0.07690299625,                 0,       46.53583883
          0,           0,         100,      -5.984883024,      -6.779823397,      -6.465821125,      -5.433371278,             0.448,    0.001650831225,     0.07690181428,                 0,                 0,                 0,    -0.03130056718,  -2.716586588e-05,     0.07691952642,                 0,       46.58369258
          0,           0,         101,      -5.998237441,      -6.791536595,      -6.477388756,      -5.446606951,             0.448,    0.001649545514,     0.07691678258,                 0,                 0,                 0,    -0.03130889712,  -2.877780202e-05,     0.07693446311,                 0,       46.62907565
          0,           0,         102,      -6.011803276,      -6.802788707,      -6.489635498,      -5.460107122,             0.448,    0.001648322021,     0.07693030956,                 0,                 0,                 0,    -0.03131690232,  -3.029609341e-05,     0.07694796019,                 0,       46.67189333
          0,           0,         103,       -6.02548749,      -6.813697158,      -6.502782965,      -5.473769217,             0.448,    0.001647146693,     0.07694229788,                 0,                 0,                 0,    -0.03132461949,  -3.173266638e-05,     0.07695992002,                 0,       46.71247451
          0,           0,         104,      -6.039256055,      -6.824422359,      -6.516888306,      -5.487568638,             0.448,    0.001646040311,     0.07695303944,                 0,                 0,                 0,    -0.03133192955,     -3.307311e-05,     0.07697063488,                 0,       46.75039785
          0,           0,         105,       -6.05305405,      -6.834894792,      -6.531757253,      -5.501447783,             0.448,    0.001645029708,     0.07696298378,                 0,                 0,                 0,    -0.03133868535,  -3.430040769e-05,     0.07698055481,                 0,       46.78516346
          0,           0,         106,       -6.06673766,      -6.845141546,        -6.5474455,      -5.515260448,             0.448,    0.001644133698,     0.07697243783,                 0,                 0,                 0,    -0.03134478946,  -3.540244364e-05,     0.07698998706,                 0,       46.81641033
          0,           0,         107,      -6.080228707,      -6.855105024,      -6.563149736,       -5.52891714,             0.448,     0.00164335702,      0.0769815691,                 0,                 0,                 0,    -0.03135020552,  -3.637813396e-05,     0.07699909921,                 0,       46.84409301
          0,           0,         108,      -6.093514074,       -6.86477594,       -6.57913452,      -5.542396072,             0.448,    0.001642700018,     0.07699055624,                 0,                 0,                 0,    -0.03135492014,  -3.723103364e-05,     0.07700806988,                 0,       46.86829939
          0,           0,         109,       -6.10651077,      -6.874372561,      -6.595400644,      -5.555612132,             0.448,    0.001642161196,     0.07699955141,                 0,                 0,                 0,    -0.03135893519,  -3.796595594e-05,     0.07701705116,                 0,       46.88915535
          0,           0,         110,      -6.119125963,      -6.884028593,      -6.611707104,      -5.568466112,             0.448,    0.001641736305,     0.07700863725,                 0,                 0,                 0,    -0.03136227289,  -3.858895244e-05,     0.07702612557,                 0,       46.90682483
          0,           0,         111,      -6.131306869,      -6.893640371,      -6.627788584,       -5.58089154,             0.448,    0.001641422275,      0.0770178872,                 0,                 0,                 0,    -0.03136495176,  -3.910469342e-05,     0.07703536647,                 0,       46.92143414
          0,           0,         112,      -6.143003725,      -6.903172051,      -6.643422945,        -5.5928309,             0.448,     0.00164122382,     0.07702746177,                 0,                 0,                 0,    -0.03136696139,  -3.951196938e-05,     0.07704493443,                 0,       46.93294163
          0,           0,         113,      -6.154098173,      -6.912729286,      -6.658524281,      -5.604155266,             0.448,    0.001641124434,     0.07703733906,                 0,                 0,                 0,    -0.03136837876,  -3.982680443e-05,      0.0770548072,                 0,       46.94180251
          0,           0,         114,      -6.164587758,      -6.922430191,      -6.672873827,      -5.614863958,             0.448,    0.001641118028,     0.07704757664,                 0,                 0,                 0,    -0.03136924828,  -4.005654008e-05,      0.0770650422,                 0,        46.9482239
          0,           0,         115,      -6.174499052,      -6.932239302,      -6.686230474,      -5.624979463,             0.448,    0.001641194306,     0.07705821393,                 0,                 0,                 0,    -0.03136961401,  -4.021233207e-05,     0.07707567863,                 0,       46.95252333
          0,           0,         116,      -6.183833404,      -6.942135591,      -6.698401926,       -5.63449321,             0.448,     0.00164134941,     0.07706928621,                 0,                 0,                 0,    -0.03136950304,  -4.029880533e-05,     0.07708675166,                 0,       46.95483226
          0,           0,         117,      -6.192619828,      -6.952223641,      -6.709504949,      -5.643437422,             0.448,    0.001641580312,     0.07708080859,                 0,                 0,                 0,     -0.0313689469,   -4.03193176e-05,     0.07709827633,                 0,       46.95524674
          0,           0,         118,      -6.200821619,      -6.962376303,      -6.719416234,      -5.651758936,             0.448,    0.001641874262,     0.07709275502,                 0,                 0,                 0,    -0.03136800525,  -4.028604753e-05,     0.07711022633,                 0,       46.95411629
          0,           0,         119,      -6.208490281,      -6.972684455,      -6.728415705,      -5.659506041,             0.448,    0.001642228115,     0.07710518769,                 0,                 0,                 0,    -0.03136669811,  -4.020349606e-05,     0.07712266376,                 0,       46.95156964
          0,           0,         120,      -6.215689359,      -6.983244639,      -6.736569572,       -5.66674941,             0.448,    0.001642630542,     0.07711807632,                 0,                 0,                 0,    -0.03136507371,  -4.008232843e-05,      0.0771355581,                 0,       46.94791333
          0,           0,         121,      -6.222493884,      -6.994100219,      -6.743827629,      -5.673567335,             0.448,    0.001643068297,     0.07713132597,                 0,                 0,                 0,    -0.03136319378,   -3.99337177e-05,     0.07714881415,                 0,        46.9434692
          0,           0,         122,      -6.228975062,      -7.005276789,       -6.75011772,      -5.680028377,             0.448,     0.00164353382,     0.07714482661,                 0,                 0,                 0,    -0.03136110856,  -3.976282054e-05,     0.07716232173,                 0,       46.93838709
          0,           0,         123,      -6.235205022,      -7.016735319,      -6.755518932,      -5.686202718,             0.448,    0.001644025713,     0.07715860689,                 0,                 0,                 0,    -0.03135883402,  -3.957165908e-05,     0.07717610946,                 0,       46.93272512
          0,           0,         124,      -6.241210355,      -7.028300005,      -6.760254336,      -5.692118218,             0.448,    0.001644535979,      0.0771726592,                 0,                 0,                 0,    -0.03135640513,  -3.936806439e-05,     0.07719016956,                 0,       46.92670771
          0,           0,         125,      -6.247087221,      -7.039963127,      -6.764664944,      -5.697881764,             0.448,    0.001645053569,     0.07718694619,                 0,                 0,                 0,    -0.03135386248,  -3.916226625e-05,     0.07720446444,                 0,       46.92062777
          0,           0,         126,      -6.252929875,      -7.051939479,      -6.769186308,      -5.703588681,             0.448,    0.001645570192,     0.07720138618,                 0,                 0,                 0,    -0.03135124192,  -3.896077363e-05,     0.07721891227,                 0,       46.91467224
          0,           0,         127,      -6.258775953,      -7.064344387,      -6.774009334,      -5.709276085,             0.448,    0.001646089801,     0.07721596861,                 0,                 0,                 0,    -0.03134854107,  -3.875940186e-05,     0.07723350256,                 0,       46.90872185
          0,           0,         128,      -6.264736483,      -7.077189137,      -6.779010507,      -5.715061589,             0.448,    0.001646613488,     0.07723071194,                 0,                 0,                 0,    -0.03134576431,  -3.855746304e-05,     0.07724825381,                 0,       46.90275677
          0,           0,         129,      -6.270896839,       -7.09049113,      -6.784524765,       -5.72102927,             0.448,    0.001647135284,      0.0772455891,                 0,                 0,                 0,    -0.03134293767,  -3.836033489e-05,     0.07726313881,                 0,       46.89693059
          0,           0,         130,      -6.277311129,      -7.104254086,      -6.790478513,       -5.72725099,             0.448,     0.00164764685,     0.07726054279,                 0,                 0,                 0,    -0.03134009412,  -3.817510357e-05,      0.0772781001,                 0,       46.89144568
          0,           0,         131,      -6.284008069,      -7.118313119,      -6.796696927,      -5.733758825,             0.448,    0.001648133962,     0.07727546214,                 0,                 0,                 0,    -0.03133728721,  -3.801357138e-05,     0.07729302652,                 0,       46.88663901
          0,           0,         132,      -6.291023985,      -7.132490098,       -6.80326233,      -5.740582349,             0.448,    0.001648593587,     0.07729031012,                 0,                 0,                 0,    -0.03133453528,  -3.787796282e-05,     0.07730788099,                 0,       46.88257355
          0,           0,         133,      -6.298420296,      -7.146670546,      -6.810326308,      -5.747783855,             0.448,    0.001649028186,     0.07730508306,                 0,                 0,                 0,    -0.03133183824,  -3.776573719e-05,     0.07732265991,                 0,       46.87917629
          0,           0,         134,      -6.306236974,      -7.160819757,      -6.818049786,      -5.755407552,             0.448,    0.001649435027,     0.07731972096,                 0,                 0,                 0,    -0.03132921506,  -3.767831781e-05,     0.07733730319,                 0,       46.87648783
          0,           0,         135,      -6.314497566,       -7.17495715,      -6.826379458,      -5.763478576,             0.448,     0.00164981429,     0.07733416788,                 0,                 0,                 0,    -0.03132667089,  -3.761430233e-05,     0.07735175496,                 0,       46.87446844
          0,           0,         136,       -6.32322814,      -7.189003374,      -6.835343328,      -5.772023171,             0.448,    0.001650167915,     0.07734845438,                 0,                 0,                 0,    -0.03132420017,   -3.75724201e-05,     0.07736604577,                 0,       46.87308102
          0,           0,         137,      -6.332441372,      -7.202949835,      -6.845019918,      -5.781055022,             0.448,    0.001650493888,     0.07736254876,                 0,                 0,                 0,    -0.03132181664,  -3.755399237e-05,      0.0773801439,                 0,       46.87236308
          0,           0,         138,      -6.342146731,      -7.216833785,      -6.855423979,      -5.790586728,             0.448,    0.001650790189,     0.07737640994,                 0,                 0,                 0,    -0.03131953229,   -3.75601419e-05,     0.07739400825,                 0,       46.87234663
          0,           0,         139,      -6.352345831,       -7.23060308,      -6.866457139,      -5.800623238,             0.448,    0.001651057836,     0.07739002303,                 0,                 0,                 0,    -0.03131734403,  -3.758952619e-05,     0.07740762394,                 0,       46.87299339
          0,           0,         140,      -6.363052378,      -7.244161032,      -6.878216039,      -5.811178563,             0.448,     0.00165130158,     0.07740339033,                 0,                 0,                 0,    -0.03131524036,  -3.763744588e-05,     0.07742099337,                 0,       46.87416959
          0,           0,         141,      -6.374274549,      -7.257479236,      -6.890438469,      -5.822262283,             0.448,    0.001651523489,     0.07741651126,                 0,                 0,                 0,    -0.03131321613,   -3.77018215e-05,     0.07743411602,                 0,       46.87581603
          0,           0,         142,      -6.386011988,      -7.270499226,      -6.903185929,      -5.833870607,             0.448,    0.001651722333,     0.07742937984,                 0,                 0,                 0,     -0.0313112754,  -3.778375156e-05,     0.07744698588,                 0,       46.87796386
          0,           0,         143,      -6.398284183,        -7.2833106,      -6.916712832,      -5.846023445,             0.448,    0.001651897625,     0.07744197848,                 0,                 0,                 0,    -0.03130942483,  -3.788333958e-05,     0.07745958535,                 0,       46.88061616
          0,           0,         144,      -6.411085637,      -7.295986506,      -6.931047076,      -5.858716302,             0.448,    0.001652050362,     0.07745429227,                 0,                 0,                 0,    -0.03130766466,   -3.79992625e-05,     0.07747189954,                 0,       46.88373554
          0,           0,         145,      -6.424449242,      -7.308471588,      -6.945711066,      -5.871986483,             0.448,    0.001652182015,     0.07746630286,                 0,                 0,                 0,     -0.0313059945,  -3.812965026e-05,     0.07748391013,                 0,       46.88726917
          0,           0,         146,      -6.438288779,       -7.32078606,      -6.961437396,      -5.885739087,             0.448,    0.001652290241,     0.07747796817,                 0,                 0,                 0,    -0.03130442929,  -3.827592814e-05,     0.07749557503,                 0,       46.89125813
          0,           0,         147,      -6.452581972,       -7.33303753,      -6.978095661,       -5.89996248,             0.448,    0.001652375194,     0.07748927948,                 0,                 0,                 0,     -0.0313029732,  -3.843775006e-05,     0.07750688551,                 0,        46.8956928
          0,           0,         148,      -6.467286123,       -7.34522147,      -6.995521323,      -5.914612381,             0.448,    0.001652442641,     0.07750026475,                 0,                 0,                 0,    -0.03130161041,  -3.860996164e-05,     0.07751786963,                 0,       46.90042658
          0,           0,         149,      -6.482382934,      -7.357431247,      -7.013649403,      -5.929668365,             0.448,     0.00165248955,      0.0775108765,                 0,                 0,                 0,    -0.03130035806,  -3.879455745e-05,     0.07752847988,                 0,       46.90551689
          0,           0,         150,       -6.49786157,      -7.369694786,      -7.032500403,      -5.945123315,             0.448,    0.001652516929,     0.07752111866,                 0,                 0,                 0,    -0.03129921494,  -3.899061643e-05,      0.0775387202,                 0,       46.91093767
          0,           0,         151,      -6.513693612,      -7.381920483,       -7.05181369,      -5.960951582,             0.448,    0.001652526695,     0.07753099698,                 0,                 0,                 0,    -0.03129817723,  -3.919634697e-05,     0.07754859638,                 0,       46.91663814
          0,           0,         152,      -6.529849184,      -7.394099657,      -7.071457485,      -5.977120541,             0.448,    0.001652518736,      0.0775404983,                 0,                 0,                 0,    -0.03129724815,  -3.941157481e-05,     0.07755809527,                 0,       46.92261372
          0,           0,         153,      -6.546299168,       -7.40631185,         -7.091382,      -5.993598454,             0.448,    0.001652493237,     0.07754960642,                 0,                 0,                 0,     -0.0312964296,  -3.963575992e-05,     0.07756720067,                 0,       46.92884949
          0,           0,         154,      -6.562996598,      -7.418655138,        -7.1115788,      -6.010337561,             0.448,    0.001652448911,     0.07755827798,                 0,                 0,                 0,    -0.03129573236,  -3.986924442e-05,     0.07757586919,                 0,       46.93535603
          0,           0,         155,      -6.579893157,       -7.43116723,      -7.131959635,       -6.02729168,             0.448,      0.0016523901,     0.07756653615,                 0,                 0,                 0,    -0.03129514239,  -4.010819239e-05,     0.07758412412,                 0,       46.94202424
          0,           0,         156,       -6.59690028,      -7.443766233,       -7.15229169,      -6.044363779,             0.448,    0.001652319197,     0.07757438083,                 0,                 0,                 0,    -0.03129465302,   -4.03502102e-05,     0.07759196538,                 0,       46.94878629
          0,           0,         157,      -6.614004442,      -7.456575703,      -7.172773022,      -6.061550943,             0.448,    0.001652237319,     0.07758181738,                 0,                 0,                 0,    -0.03129425941,  -4.059429603e-05,     0.07759939837,                 0,       46.95561376
          0,           0,         158,      -6.631187086,      -7.469648622,      -7.193000433,      -6.078836186,             0.448,    0.001652146432,     0.07758885502,                 0,                 0,                 0,    -0.03129395318,  -4.083868623e-05,     0.07760643236,                 0,       46.96245654
          0,           0,         159,      -6.648392278,      -7.482884763,      -7.212680172,      -6.096156767,             0.448,    0.001652049159,      0.0775955089,                 0,                 0,                 0,    -0.03129372316,  -4.108108936e-05,     0.07761308253,                 0,       46.96924934
          0,           0,         160,      -6.665565033,      -7.496185438,      -7.231640137,      -6.113454087,             0.448,    0.001651941773,     0.07760173799,                 0,                 0,                 0,     -0.0312935827,   -4.13243374e-05,      0.0776193078,                 0,       46.97607341
          0,           0,         161,      -6.682696037,      -7.509577108,      -7.249778733,      -6.130720675,             0.448,    0.001651825962,     0.07760756092,                 0,                 0,                 0,    -0.03129352194,  -4.156714755e-05,     0.07762512681,                 0,        46.9828921
          0,           0,         162,      -6.699759775,      -7.523202864,       -7.26716613,      -6.147927369,             0.448,    0.001651705951,     0.07761301732,                 0,                 0,                 0,    -0.03129352098,   -4.18061602e-05,      0.0776305793,                 0,        46.9896093
          0,           0,         163,      -6.716746138,      -7.537345291,      -7.283676617,      -6.165059368,             0.448,     0.00165158258,     0.07761811699,                 0,                 0,                 0,    -0.03129357445,  -4.204075026e-05,     0.07763567507,                 0,        46.9962071
          0,           0,         164,      -6.733599572,      -7.551931646,      -7.299081104,      -6.182056992,             0.448,    0.001651457599,     0.07762287837,                 0,                 0,                 0,    -0.03129367375,  -4.226957138e-05,     0.07764043259,                 0,        47.0026469
          0,           0,         165,      -6.750291629,      -7.566826515,      -7.313240149,      -6.198887136,             0.448,    0.001651331496,      0.0776272989,                 0,                 0,                 0,    -0.03129381237,  -4.249207716e-05,     0.07764484931,                 0,       47.00891316
          0,           0,         166,      -6.766797548,      -7.582042624,      -7.326185005,      -6.215522971,             0.448,    0.001651202719,     0.07763137341,                 0,                 0,                 0,    -0.03129399291,  -4.270970852e-05,     0.07764892005,                 0,       47.01504698
          0,           0,         167,      -6.783151802,       -7.59769712,      -7.337915979,      -6.231999044,             0.448,    0.001651071308,     0.07763514241,                 0,                 0,                 0,    -0.03129421135,  -4.292330889e-05,     0.07765268528,                 0,       47.02107174
          0,           0,         168,      -6.799353083,      -7.613853518,       -7.34844118,      -6.248297709,             0.448,    0.001650939086,     0.07763862811,                 0,                 0,                 0,    -0.03129445733,  -4.313153924e-05,     0.07765616726,                 0,       47.02694895
          0,           0,         169,      -6.815386493,      -7.630670134,      -7.358047921,      -6.264415165,             0.448,    0.001650808298,     0.07764185941,                 0,                 0,                 0,    -0.03129471836,  -4.333278633e-05,     0.07765939494,                 0,       47.03263213
          0,           0,         170,      -6.831222274,      -7.647902938,      -7.366665797,       -6.28031964,             0.448,    0.001650679048,     0.07764485089,                 0,                 0,                 0,    -0.03129499009,  -4.352726502e-05,     0.07766238289,                 0,       47.03812713
          0,           0,         171,      -6.846847978,        -7.6653795,      -7.374646092,      -6.295987233,             0.448,    0.001650551897,     0.07764761655,                 0,                 0,                 0,    -0.03129526779,   -4.37147177e-05,     0.07766514512,                 0,       47.04342631
          0,           0,         172,      -6.862245733,      -7.683031346,      -7.382317405,      -6.311397591,             0.448,    0.001650426294,     0.07765015986,                 0,                 0,                 0,    -0.03129555166,  -4.389577281e-05,     0.07766768509,                 0,       47.04854748
          0,           0,         173,      -6.877435168,      -7.700904606,       -7.38978543,      -6.326578001,             0.448,    0.001650301485,     0.07765248569,                 0,                 0,                 0,    -0.03129584235,  -4.407128985e-05,     0.07767000764,                 0,         47.053515
          0,           0,         174,        -6.8924521,      -7.719006229,       -7.39725083,      -6.341570096,             0.448,    0.001650179294,     0.07765462638,                 0,                 0,                 0,    -0.03129612985,  -4.424015069e-05,     0.07767214515,                 0,       47.05829643
          0,           0,         175,      -6.907323756,      -7.737272575,      -7.404843518,      -6.356393559,             0.448,    0.001650060906,      0.0776566075,                 0,                 0,                 0,    -0.03129640795,  -4.440172841e-05,     0.07767412322,                 0,       47.06287338
          0,           0,         176,      -6.922086699,       -7.75561398,      -7.412720796,       -6.37108158,             0.448,     0.00164994616,     0.07765843823,                 0,                 0,                 0,    -0.03129667753,  -4.455638441e-05,     0.07767595101,                 0,       47.06725596
          0,           0,         177,      -6.936694096,      -7.773966442,      -7.421012071,      -6.385587876,             0.448,    0.001649833909,     0.07766011438,                 0,                 0,                 0,    -0.03129694393,  -4.470517381e-05,     0.07767762432,                 0,       47.07147426
          0,           0,         178,      -6.951170571,      -7.792207716,      -7.429729483,      -6.399953386,             0.448,    0.001649725116,     0.07766165708,                 0,                 0,                 0,    -0.03129720279,  -4.484759436e-05,     0.07767916427,                 0,       47.07551356
          0,           0,         179,      -6.965567693,      -7.810362778,      -7.439068397,      -6.414226006,             0.448,    0.001649618891,     0.07766306997,                 0,                 0,                 0,    -0.03129745622,  -4.498461672e-05,     0.07768057451,                 0,       47.07940143
          0,           0,         180,      -6.979886718,      -7.828438596,      -7.449047554,      -6.428399025,             0.448,    0.001649516324,     0.07766437183,                 0,                 0,                 0,    -0.03129769885,  -4.511555917e-05,     0.07768187382,                 0,       47.08311807
          0,           0,         181,      -6.994042735,      -7.846113578,      -7.459522051,      -6.442403024,             0.448,    0.001649420571,     0.07766559575,                 0,                 0,                 0,    -0.03129791835,  -4.523798866e-05,     0.07768309536,                 0,       47.08659338
          0,           0,         182,       -7.00802541,      -7.863368214,      -7.470099951,       -6.45623791,             0.448,    0.001649331222,     0.07766674634,                 0,                 0,                 0,    -0.03129811629,  -4.535241688e-05,     0.07768424373,                 0,       47.08984182
          0,           0,         183,      -7.021934682,      -7.880320619,      -7.481385364,      -6.470005708,             0.448,    0.001649248741,     0.07766783878,                 0,                 0,                 0,    -0.03129829011,  -4.545870919e-05,     0.07768533411,                 0,       47.09285921
          0,           0,         184,      -7.035828202,      -7.897199459,      -7.493675961,      -6.483758684,             0.448,    0.001649173417,     0.07766888912,                 0,                 0,                 0,    -0.03129843768,  -4.555692877e-05,     0.07768638256,                 0,       47.09564703
          0,           0,         185,      -7.049737575,      -7.913900647,       -7.50703778,       -6.49753174,             0.448,     0.00164910428,     0.07766990248,                 0,                 0,                 0,    -0.03129856189,  -4.564815504e-05,     0.07768739417,                 0,       47.09823594
          0,           0,         186,      -7.063688425,      -7.930103554,      -7.521330422,      -6.511359451,             0.448,    0.001649040465,     0.07767088121,                 0,                 0,                 0,    -0.03129866579,  -4.573330571e-05,     0.07768837127,                 0,       47.10065207
          0,           0,         187,       -7.07771662,      -7.945653825,      -7.536454657,      -6.525281972,             0.448,    0.001648982116,     0.07767183321,                 0,                 0,                 0,    -0.03129874961,  -4.581240872e-05,     0.07768932178,                 0,       47.10289605
          0,           0,         188,      -7.091855674,       -7.96062715,      -7.552401914,      -6.539332965,             0.448,    0.001648928995,     0.07767276318,                 0,                 0,                 0,    -0.03129881541,  -4.588580485e-05,     0.07769025036,                 0,       47.10497749
          0,           0,         189,      -7.106117468,      -7.975161878,      -7.569217062,      -6.553524688,             0.448,    0.001648880708,      0.0776736744,                 0,                 0,                 0,    -0.03129886561,  -4.595395856e-05,     0.07769116031,                 0,       47.10690958
          0,           0,         190,      -7.120506475,      -7.989348812,      -7.586909706,      -6.567863696,             0.448,    0.001648837103,     0.07767457122,                 0,                 0,                 0,    -0.03129890129,  -4.601711703e-05,     0.07769205597,                 0,       47.10869927
          0,           0,         191,      -7.135018554,      -8.003230964,      -7.605442641,      -6.582345924,             0.448,    0.001648797408,     0.07767545077,                 0,                 0,                 0,    -0.03129892593,  -4.607598991e-05,     0.07769293444,                 0,       47.11036687
          0,           0,         192,      -7.149660816,      -8.016862221,      -7.624750456,      -6.596979183,             0.448,    0.001648762184,     0.07767632257,                 0,                 0,                 0,    -0.03129893771,  -4.613022352e-05,     0.07769380526,                 0,       47.11190208
          0,           0,         193,      -7.164435863,      -8.030238301,      -7.644759008,      -6.611767925,             0.448,    0.001648731418,     0.07767719112,                 0,                 0,                 0,    -0.03129893675,   -4.61799295e-05,     0.07769467294,                 0,       47.11330801
          0,           0,         194,      -7.179327676,      -8.043304621,      -7.665387329,      -6.626696058,             0.448,    0.001648704707,      0.0776780573,                 0,                 0,                 0,    -0.03129892463,  -4.622552952e-05,     0.07769553833,                 0,       47.11459666
          0,           0,         195,      -7.194337294,      -8.056075853,      -7.686557806,      -6.641764841,             0.448,    0.001648681788,     0.07767892083,                 0,                 0,                 0,    -0.03129890267,  -4.626728081e-05,     0.07769640115,                 0,       47.11577539
          0,           0,         196,      -7.209444424,       -8.06855836,      -7.708174455,      -6.656950153,             0.448,    0.001648662407,      0.0776797818,                 0,                 0,                 0,    -0.03129887215,  -4.630543975e-05,      0.0776972615,                 0,       47.11685151
          0,           0,         197,      -7.224618732,      -8.080812942,      -7.730120725,      -6.672221293,             0.448,     0.00164864667,      0.0776806454,                 0,                 0,                 0,    -0.03129883264,  -4.634001251e-05,     0.07769812455,                 0,       47.11782508
          0,           0,         198,      -7.239816464,      -8.092959915,      -7.752319186,       -6.68753151,             0.448,    0.001648634258,     0.07768151175,                 0,                 0,                 0,    -0.03129878533,  -4.637132051e-05,     0.07769899042,                 0,        47.1187053
          0,           0,         199,      -7.255037388,      -8.105109524,      -7.774584295,      -6.702887044,             0.448,    0.001648625236,     0.07768238527,                 0,                 0,                 0,    -0.03129872972,  -4.639939578e-05,     0.07769986354,                 0,       47.11949299
          0,           0,         200,      -7.270266569,      -8.117425273,       -7.79677594,      -6.718265567,             0.448,    0.001648619216,     0.07768326545,                 0,                 0,                 0,     -0.0312986672,  -4.642461524e-05,     0.07770074338,                 0,       47.12019894
          0,           0,         201,      -7.285478545,      -8.129945627,      -7.818695482,      -6.733638024,             0.448,    0.001648615616,     0.07768414897,                 0,                 0,                 0,    -0.03129860009,  -4.644748851e-05,     0.07770162661,                 0,       47.12083776
          0,           0,         202,      -7.300635607,      -8.142679452,      -7.840091822,      -6.748966022,             0.448,    0.001648614089,     0.07768503448,                 0,                 0,                 0,    -0.03129852979,  -4.646833213e-05,     0.07770251187,                 0,       47.12141852
          0,           0,         203,      -7.315702118,      -8.155605801,      -7.860697003,      -6.764212419,             0.448,    0.001648614498,     0.07768592174,                 0,                 0,                 0,    -0.03129845696,  -4.648727953e-05,     0.07770339893,                 0,       47.12194503
          0,           0,         204,      -7.330642134,      -8.168698781,      -7.880310005,      -6.779334492,             0.448,    0.001648616665,     0.07768680965,                 0,                 0,                 0,    -0.03129838243,  -4.650448248e-05,     0.07770428668,                 0,       47.12242167
          0,           0,         205,      -7.345435853,      -8.182041719,      -7.898799856,      -6.794307903,             0.448,    0.001648620268,     0.07768769431,                 0,                 0,                 0,    -0.03129830787,   -4.65201785e-05,     0.07770517121,                 0,       47.12285527
          0,           0,         206,      -7.360069017,      -8.195691748,      -7.915986202,      -6.809119875,             0.448,    0.001648624753,     0.07768856932,                 0,                 0,                 0,    -0.03129823582,  -4.653478365e-05,      0.0777060461,                 0,       47.12325785
          0,           0,         207,       -7.37448071,      -8.209572077,      -7.931628831,      -6.823702238,             0.448,    0.001648629801,     0.07768943305,                 0,                 0,                 0,    -0.03129816739,  -4.654857865e-05,     0.07770690974,                 0,       47.12363746
          0,           0,         208,      -7.388562649,      -8.223518539,      -7.945544078,      -6.837936111,             0.448,     0.00164863526,     0.07769028266,                 0,                 0,                 0,    -0.03129810334,  -4.656165504e-05,     0.07770775926,                 0,       47.12399676
          0,           0,         209,       -7.40235789,      -8.237543596,      -7.957723188,      -6.851871013,             0.448,    0.001648641589,     0.07769112426,                 0,                 0,                 0,    -0.03129804154,  -4.657368683e-05,     0.07770860081,                 0,       47.12432634
          0,           0,         210,      -7.415893067,      -8.251973495,      -7.968419641,      -6.865524656,             0.448,    0.001648648658,     0.07769195775,                 0,                 0,                 0,    -0.03129798212,  -4.658480222e-05,     0.07770943425,                 0,       47.12462984
          0,           0,         211,      -7.429151118,      -8.266842346,       -7.97780738,      -6.878873585,             0.448,    0.001648656252,     0.07769278097,                 0,                 0,                 0,    -0.03129792568,  -4.659516832e-05,     0.07771025744,                 0,        47.1249121
          0,           0,         212,      -7.442114273,       -8.28205589,       -7.98595709,      -6.891900561,             0.448,    0.001648664272,     0.07769359233,                 0,                 0,                 0,     -0.0312978725,  -4.660485038e-05,     0.07771106878,                 0,       47.12517501
          0,           0,         213,      -7.454789225,      -8.297461104,      -7.992925585,       -6.90461636,             0.448,    0.001648672903,     0.07769439372,                 0,                 0,                 0,    -0.03129782156,  -4.661370382e-05,     0.07771187017,                 0,       47.12541439
          0,           0,         214,      -7.467168095,      -8.312853162,      -7.998915141,      -6.917012223,             0.448,    0.001648681824,     0.07769518255,                 0,                 0,                 0,    -0.03129777373,   -4.66219931e-05,       0.077712659,                 0,       47.12563785
          0,           0,         215,      -7.479271235,      -8.328192146,      -8.004247777,      -6.929105673,             0.448,    0.001648690779,     0.07769595588,                 0,                 0,                 0,    -0.03129772975,  -4.662991047e-05,     0.07771343235,                 0,       47.12585094
          0,           0,         216,      -7.491125146,      -8.343572128,      -8.009212219,      -6.940923375,             0.448,    0.001648699857,     0.07769671412,                 0,                 0,                 0,    -0.03129768907,   -4.66373749e-05,     0.07771419061,                 0,       47.12605135
          0,           0,         217,      -7.502745484,      -8.359002702,      -8.013993719,      -6.952484096,             0.448,    0.001648709054,     0.07769745697,                 0,                 0,                 0,    -0.03129765144,  -4.664438588e-05,     0.07771493348,                 0,       47.12623904
          0,           0,         218,      -7.514152375,      -8.374412153,      -8.018764636,       -6.96380851,             0.448,    0.001648718242,     0.07769818328,                 0,                 0,                 0,    -0.03129761703,  -4.665104419e-05,     0.07771565982,                 0,       47.12641694
          0,           0,         219,      -7.525377323,      -8.389732415,      -8.023659059,      -6.974927954,             0.448,    0.001648727421,      0.0776988924,                 0,                 0,                 0,    -0.03129758555,  -4.665733657e-05,     0.07771636897,                 0,       47.12658467
          0,           0,         220,      -7.536448486,      -8.404829981,      -8.028820636,      -6.985872473,             0.448,    0.001648736621,     0.07769958404,                 0,                 0,                 0,    -0.03129755659,   -4.66632268e-05,     0.07771706065,                 0,        47.1267412
          0,           0,         221,      -7.547400063,      -8.419643945,      -8.034410182,      -6.996682546,             0.448,    0.001648745846,     0.07770025799,                 0,                 0,                 0,    -0.03129752994,  -4.666870554e-05,     0.07771773463,                 0,       47.12688627
          0,           0,         222,       -7.55826149,       -8.43412035,       -8.04048911,      -7.007391508,             0.448,    0.001648754993,     0.07770091342,                 0,                 0,                 0,    -0.03129750581,  -4.667385888e-05,     0.07771839011,                 0,       47.12702234
          0,           0,         223,      -7.569069573,      -8.448190928,      -8.047125634,      -7.018037238,             0.448,    0.001648763941,     0.07770154954,                 0,                 0,                 0,    -0.03129748436,  -4.667879088e-05,     0.07771902627,                 0,       47.12715243
          0,           0,         224,       -7.57986365,      -8.461813979,      -8.054405925,      -7.028660889,             0.448,    0.001648772653,     0.07770216623,                 0,                 0,                 0,    -0.03129746533,  -4.668353327e-05,       0.077719643,                 0,       47.12727742
          0,           0,         225,       -7.59067797,      -8.475006155,      -8.062407223,      -7.039299923,             0.448,    0.001648781117,     0.07770276352,                 0,                 0,                 0,    -0.03129744837,  -4.668810129e-05,     0.07772024033,                 0,       47.12739776
          0,           0,         226,      -7.601542417,      -8.487813454,      -8.071175714,      -7.049987388,             0.448,    0.001648789309,     0.07770334138,                 0,                 0,                 0,    -0.03129743321,  -4.669251668e-05,     0.07772081823,                 0,       47.12751407
          0,           0,         227,      -7.612484854,      -8.500270298,      -8.080732933,      -7.060753577,             0.448,    0.001648797222,     0.07770389988,                 0,                 0,                 0,    -0.03129741954,  -4.669679007e-05,     0.07772137678,                 0,       47.12762665
          0,           0,         228,      -7.623531941,      -8.512392445,      -8.091093064,      -7.071627168,             0.448,    0.001648804855,     0.07770443921,                 0,                 0,                 0,    -0.03129740711,  -4.670092383e-05,     0.07772191614,                 0,       47.12773556
          0,           0,         229,      -7.634709145,      -8.524195199,      -8.102269645,      -7.082635461,             0.448,    0.001648812208,     0.07770495957,                 0,                 0,                 0,    -0.03129739567,  -4.670492423e-05,     0.07772243655,                 0,       47.12784099
          0,           0,         230,      -7.646040381,      -8.535707383,      -8.114272056,      -7.093803992,             0.448,    0.001648819272,     0.07770546124,                 0,                 0,                 0,    -0.03129738501,  -4.670880541e-05,     0.07772293825,                 0,       47.12794333
          0,           0,         231,       -7.65755688,      -8.546959139,      -8.127140618,      -7.105167183,             0.448,    0.001648826052,     0.07770594434,                 0,                 0,                 0,    -0.03129737492,  -4.671256583e-05,     0.07772342138,                 0,       47.12804254
          0,           0,         232,      -7.669276915,       -8.55804758,      -8.140798647,      -7.116743059,             0.448,    0.001648832573,     0.07770640934,                 0,                 0,                 0,    -0.03129736509,  -4.671619114e-05,     0.07772388641,                 0,       47.12813819
          0,           0,         233,      -7.681217021,      -8.569018889,      -8.155231026,      -7.128547468,             0.448,    0.001648838841,     0.07770685684,                 0,                 0,                 0,    -0.03129735536,   -4.67196865e-05,     0.07772433394,                 0,       47.12823043
          0,           0,         234,      -7.693391041,      -8.579937966,      -8.170472661,      -7.140596052,             0.448,    0.001648844805,     0.07770728702,                 0,                 0,                 0,    -0.03129734576,  -4.672310775e-05,     0.07772476415,                 0,       47.12832085
          0,           0,         235,      -7.705809661,      -8.590863399,      -8.186530647,      -7.152901094,             0.448,    0.001648850411,     0.07770770007,                 0,                 0,                 0,    -0.03129733635,  -4.672651416e-05,     0.07772517722,                 0,       47.12841114
          0,           0,         236,      -7.718485369,      -8.601830469,      -8.203381092,      -7.165475489,             0.448,    0.001648855558,     0.07770809522,                 0,                 0,                 0,     -0.0312973274,  -4.672998804e-05,      0.0777255724,                 0,       47.12850366
          0,           0,         237,      -7.731419118,      -8.612885346,      -8.221003438,      -7.178318907,             0.448,    0.001648860342,     0.07770847387,                 0,                 0,                 0,    -0.03129731843,  -4.673346602e-05,     0.07772595106,                 0,       47.12859658
          0,           0,         238,      -7.744616914,       -8.62406879,      -8.239348172,      -7.191438657,             0.448,    0.001648864774,     0.07770883673,                 0,                 0,                 0,    -0.03129730928,  -4.673695051e-05,     0.07772631393,                 0,       47.12868996
          0,           0,         239,      -7.758096533,      -8.635469048,      -8.258371062,      -7.204855205,             0.448,    0.001648868878,     0.07770918462,                 0,                 0,                 0,    -0.03129729975,  -4.674043713e-05,     0.07772666182,                 0,       47.12878366
          0,           0,         240,      -7.771873185,      -8.647176804,         -8.278071,       -7.21858193,             0.448,    0.001648872625,     0.07770951778,                 0,                 0,                 0,    -0.03129728988,  -4.674395866e-05,     0.07772699499,                 0,       47.12887861
          0,           0,         241,      -7.785953123,      -8.659222991,      -8.298413436,      -7.232623226,             0.448,    0.001648876058,     0.07770983704,                 0,                 0,                 0,    -0.03129727945,  -4.674749093e-05,     0.07772731424,                 0,       47.12897411
          0,           0,         242,      -7.800334083,      -8.671613731,      -8.319318383,      -7.246976866,             0.448,    0.001648879201,     0.07771014311,                 0,                 0,                 0,    -0.03129726835,   -4.67510254e-05,     0.07772762031,                 0,       47.12906989
          0,           0,         243,      -7.815017453,      -8.684347821,      -8.340686884,      -7.261645012,             0.448,     0.00164888203,     0.07771043639,                 0,                 0,                 0,    -0.03129725662,  -4.675459499e-05,     0.07772791358,                 0,        47.1291669
          0,           0,         244,      -7.830008877,      -8.697440785,      -8.362438258,      -7.276633089,             0.448,    0.001648884539,     0.07771071734,                 0,                 0,                 0,    -0.03129724428,  -4.675821562e-05,     0.07772819452,                 0,       47.12926558
          0,           0,         245,      -7.845312031,      -8.710941038,      -8.384512132,      -7.291943779,             0.448,    0.001648886731,     0.07771098638,                 0,                 0,                 0,    -0.03129723133,  -4.676189314e-05,     0.07772846354,                 0,       47.12936608
          0,           0,         246,      -7.860927063,      -8.724883295,      -8.406828811,      -7.307577264,             0.448,    0.001648888662,     0.07771124428,                 0,                 0,                 0,    -0.03129721765,  -4.676558845e-05,     0.07772872143,                 0,       47.12946729
          0,           0,         247,      -7.876846349,      -8.739276463,      -8.429253012,      -7.323525719,             0.448,    0.001648890338,     0.07771149159,                 0,                 0,                 0,    -0.03129720326,  -4.676930772e-05,     0.07772896871,                 0,       47.12956937
          0,           0,         248,      -7.893065116,      -8.754115944,      -8.451670281,      -7.339782898,             0.448,    0.001648891693,      0.0777117283,                 0,                 0,                 0,    -0.03129718846,  -4.677311683e-05,     0.07772920539,                 0,        47.1296742
          0,           0,         249,      -7.909583305,      -8.769403429,       -8.47399271,      -7.356347758,             0.448,    0.001648892731,     0.07771195484,                 0,                 0,                 0,    -0.03129717328,  -4.677702119e-05,     0.07772943191,                 0,       47.12978192
          0,           0,         250,      -7.926394478,      -8.785161994,      -8.496120224,      -7.373213602,             0.448,    0.001648893491,     0.07771217185,                 0,                 0,                 0,    -0.03129715768,  -4.678099522e-05,     0.07772964888,                 0,        47.1298918
          0,           0,         251,      -7.943487509,      -8.801410578,      -8.517924857,      -7.390368895,             0.448,     0.00164889399,     0.07771237975,                 0,                 0,                 0,    -0.03129714172,  -4.678503237e-05,     0.07772985674,                 0,       47.13000365
          0,           0,         252,      -7.960850778,      -8.818131388,      -8.539255169,      -7.407801012,             0.448,    0.001648894235,     0.07771257892,                 0,                 0,                 0,    -0.03129712548,   -4.67891326e-05,     0.07773005587,                 0,       47.13011744
          0,           0,         253,      -7.978471113,       -8.83528696,      -8.559955922,      -7.425495546,             0.448,    0.001648894244,     0.07771276975,                 0,                 0,                 0,    -0.03129710902,  -4.679328646e-05,     0.07773024666,                 0,       47.13023291
          0,           0,         254,      -7.996332664,      -8.852836761,       -8.57989224,       -7.44343554,             0.448,    0.001648894041,     0.07771295265,                 0,                 0,                 0,    -0.03129709238,  -4.679747871e-05,     0.07773042951,                 0,       47.13034962
          0,           0,         255,      -8.014422177,      -8.870742002,      -8.598957511,      -7.461607545,             0.448,    0.001648893631,      0.0777131279,                 0,                 0,                 0,    -0.03129707566,  -4.680171161e-05,     0.07773060471,                 0,       47.13046762
          0,           0,         256,      -8.032722026,      -8.889004889,       -8.61705647,      -7.479993425,             0.448,    0.001648893009,     0.07771329571,                 0,                 0,                 0,    -0.03129705901,  -4.680599424e-05,     0.07773077247,                 0,       47.13058717
          0,           0,         257,      -8.051208416,      -8.907623591,      -8.634119314,      -7.498568083,             0.448,    0.001648892187,      0.0777134564,                 0,                 0,                 0,     -0.0312970425,  -4.681032168e-05,      0.0777309331,                 0,       47.13070813
          0,           0,         258,      -8.069855285,      -8.926559604,      -8.650109124,      -7.517303889,             0.448,    0.001648891178,     0.07771361027,                 0,                 0,                 0,    -0.03129702621,  -4.681468761e-05,     0.07773108691,                 0,        47.1308303
          0,           0,         259,       -8.08863616,       -8.94575563,      -8.665027212,      -7.536173117,             0.448,    0.001648889988,     0.07771375757,                 0,                 0,                 0,    -0.03129701024,  -4.681909051e-05,     0.07773123415,                 0,       47.13095364
          0,           0,         260,      -8.107521911,       -8.96516568,      -8.678915628,      -7.555145638,             0.448,    0.001648888624,     0.07771389853,                 0,                 0,                 0,    -0.03129699468,  -4.682352886e-05,     0.07773137504,                 0,       47.13107811
          0,           0,         261,      -8.126480132,      -8.984756794,      -8.691850149,      -7.574187965,             0.448,    0.001648887095,     0.07771403337,                 0,                 0,                 0,    -0.03129697963,  -4.682799945e-05,     0.07773150982,                 0,        47.1312036
          0,           0,         262,      -8.145476305,      -9.004495044,      -8.703928891,      -7.593264237,             0.448,    0.001648885408,      0.0777141623,                 0,                 0,                 0,    -0.03129696515,  -4.683249795e-05,     0.07773163868,                 0,       47.13132999
          0,           0,         263,      -8.164474464,      -9.024337817,      -8.715265024,      -7.612337037,             0.448,    0.001648883574,      0.0777142855,                 0,                 0,                 0,    -0.03129695133,  -4.683701906e-05,     0.07773176181,                 0,       47.13145713
          0,           0,         264,      -8.183437361,       -9.04423544,      -8.725985956,      -7.631367843,             0.448,    0.001648881602,     0.07771440315,                 0,                 0,                 0,    -0.03129693823,  -4.684155733e-05,     0.07773187939,                 0,       47.13158486
          0,           0,         265,      -8.202326827,      -9.064136242,      -8.736226039,      -7.650317375,             0.448,    0.001648879501,     0.07771451539,                 0,                 0,                 0,    -0.03129692591,  -4.684610635e-05,     0.07773199156,                 0,       47.13171298
          0,           0,         266,      -8.221104686,      -9.083987528,      -8.746123375,       -7.66914646,             0.448,    0.001648877282,     0.07771462239,                 0,                 0,                 0,    -0.03129691442,   -4.68506592e-05,     0.07773209848,                 0,       47.13184131
          0,           0,         267,      -8.239733468,      -9.103737142,      -8.755814167,      -7.687816767,             0.448,    0.001648874955,     0.07771472428,                 0,                 0,                 0,     -0.0312969038,  -4.685520871e-05,      0.0777322003,                 0,       47.13196963
          0,           0,         268,      -8.258177077,       -9.12333445,      -8.765428242,      -7.706291552,             0.448,     0.00164887253,     0.07771482119,                 0,                 0,                 0,    -0.03129689408,  -4.685974667e-05,     0.07773229713,                 0,        47.1320977
          0,           0,         269,      -8.276401604,      -9.142731005,      -8.775086124,      -7.724536471,             0.448,     0.00164887002,     0.07771491326,                 0,                 0,                 0,    -0.03129688531,  -4.686426468e-05,     0.07773238912,                 0,       47.13222529
          0,           0,         270,      -8.294376159,       -9.16188129,      -8.784897114,      -7.742520404,             0.448,    0.001648867434,     0.07771500059,                 0,                 0,                 0,    -0.03129687749,  -4.686875484e-05,     0.07773247638,                 0,       47.13235217
          0,           0,         271,      -8.312073651,      -9.180743111,      -8.794958235,      -7.760216227,             0.448,    0.001648864784,     0.07771508332,                 0,                 0,                 0,    -0.03129687065,  -4.687320946e-05,     0.07773255903,                 0,       47.13247811
          0,           0,         272,      -8.329471526,      -9.199278068,      -8.805354097,      -7.777601568,             0.448,    0.001648862079,     0.07771516157,                 0,                 0,                 0,    -0.03129686479,  -4.687762097e-05,      0.0777326372,                 0,       47.13260289
          0,           0,         273,      -8.346552449,      -9.217452346,       -8.81615751,      -7.794659507,             0.448,    0.001648859329,     0.07771523544,                 0,                 0,                 0,    -0.03129685992,  -4.688198187e-05,     0.07773271099,                 0,        47.1327263
          0,           0,         274,      -8.363304881,      -9.235237842,      -8.827430465,      -7.811379164,             0.448,    0.001648856544,     0.07771530506,                 0,                 0,                 0,    -0.03129685604,  -4.688628479e-05,     0.07773278054,                 0,       47.13284813
          0,           0,         275,      -8.379723484,      -9.252613418,      -8.839225142,      -7.827756115,             0.448,    0.001648853734,     0.07771537053,                 0,                 0,                 0,    -0.03129685314,  -4.689052241e-05,     0.07773284593,                 0,       47.13296816
          0,           0,         276,      -8.395809336,      -9.269565988,      -8.851584801,      -7.843792592,             0.448,    0.001648850908,     0.07771543198,                 0,                 0,                 0,    -0.03129685121,  -4.689468747e-05,      0.0777329073,                 0,       47.13308619
          0,           0,         277,      -8.411569905,      -9.286091187,      -8.864544545,      -7.859497446,             0.448,    0.001648848077,      0.0777154895,                 0,                 0,                 0,    -0.03129685024,  -4.689877276e-05,     0.07773296475,                 0,         47.133202
          0,           0,         278,      -8.427018811,      -9.302193475,      -8.878131979,      -7.874885868,             0.448,     0.00164884525,     0.07771554322,                 0,                 0,                 0,     -0.0312968502,  -4.690277115e-05,     0.07773301839,                 0,        47.1333154
          0,           0,         279,      -8.442175364,      -9.317885772,      -8.892367763,      -7.889978881,             0.448,    0.001648842436,     0.07771559323,                 0,                 0,                 0,    -0.03129685106,  -4.690667559e-05,     0.07773306833,                 0,       47.13342618
          0,           0,         280,      -8.457063915,      -9.333188691,      -8.907266044,      -7.904802635,             0.448,    0.001648839644,     0.07771563966,                 0,                 0,                 0,    -0.03129685281,  -4.691047924e-05,     0.07773311469,                 0,       47.13353413
          0,           0,         281,      -8.471713051,      -9.348129478,      -8.922834763,      -7.919387547,             0.448,    0.001648836884,      0.0777156826,                 0,                 0,                 0,     -0.0312968554,  -4.691417549e-05,     0.07773315756,                 0,       47.13363908
          0,           0,         282,      -8.486161397,      -9.362757374,      -8.939077296,      -7.933774916,             0.448,    0.001648834165,     0.07771572217,                 0,                 0,                 0,    -0.03129685879,  -4.691775775e-05,     0.07773319706,                 0,       47.13374082
          0,           0,         283,      -8.500436118,       -9.37708371,      -8.955982231,      -7.947992509,             0.448,    0.001648831495,     0.07771575849,                 0,                 0,                 0,    -0.03129686295,  -4.692121937e-05,     0.07773323331,                 0,       47.13383917
          0,           0,         284,      -8.514566308,      -9.391142849,      -8.973533128,      -7.962069925,             0.448,    0.001648828884,     0.07771579166,                 0,                 0,                 0,    -0.03129686782,  -4.692455311e-05,     0.07773326642,                 0,       47.13393392
          0,           0,         285,      -8.528572776,      -9.404969377,       -8.99171241,      -7.976028129,             0.448,    0.001648826342,     0.07771582179,                 0,                 0,                 0,    -0.03129687336,  -4.692775178e-05,     0.07773329649,                 0,       47.13402486
          0,           0,         286,      -8.542505198,      -9.418578952,      -9.010577649,      -7.989922712,             0.448,    0.001648823878,     0.07771584902,                 0,                 0,                 0,    -0.03129687951,   -4.69308093e-05,     0.07773332365,                 0,       47.13411181
          0,           0,         287,      -8.556397605,      -9.432039844,       -9.03004791,      -8.003788692,             0.448,    0.001648821496,     0.07771587346,                 0,                 0,                 0,    -0.03129688622,  -4.693372364e-05,     0.07773334804,                 0,       47.13419472
          0,           0,         288,      -8.570286458,       -9.44538544,      -9.050044996,      -8.017661751,             0.448,    0.001648819196,     0.07771589522,                 0,                 0,                 0,    -0.03129689348,  -4.693649746e-05,     0.07773336974,                 0,       47.13427366
          0,           0,         289,      -8.584202552,      -9.458657146,      -9.070521909,      -8.031573122,             0.448,     0.00164881698,     0.07771591439,                 0,                 0,                 0,    -0.03129690123,  -4.693913125e-05,     0.07773338886,                 0,       47.13434864
          0,           0,         290,      -8.598171396,      -9.471895603,      -9.091434358,      -8.045549582,             0.448,    0.001648814854,      0.0777159311,                 0,                 0,                 0,    -0.03129690942,  -4.694162185e-05,     0.07773340552,                 0,       47.13441956
          0,           0,         291,      -8.612218928,      -9.485120027,      -9.112716128,      -8.059618476,             0.448,    0.001648812822,     0.07771594548,                 0,                 0,                 0,    -0.03129691798,   -4.69439666e-05,     0.07773341985,                 0,       47.13448636
          0,           0,         292,      -8.626367333,      -9.498343635,      -9.134279893,      -8.073802649,             0.448,    0.001648810891,     0.07771595765,                 0,                 0,                 0,    -0.03129692685,  -4.694616306e-05,     0.07773343198,                 0,       47.13454896
          0,           0,         293,       -8.64062315,      -9.511568666,      -9.156035869,      -8.088107527,             0.448,    0.001648809064,     0.07771596776,                 0,                 0,                 0,    -0.03129693598,  -4.694820982e-05,     0.07773344204,                 0,       47.13460731
          0,           0,         294,      -8.654994343,      -9.524818545,      -9.177883843,      -8.102541176,             0.448,    0.001648807343,      0.0777159759,                 0,                 0,                 0,    -0.03129694531,  -4.695010811e-05,     0.07773345014,                 0,       47.13466145
          0,           0,         295,      -8.669483219,       -9.53810606,      -9.199698718,      -8.117106289,             0.448,    0.001648805727,     0.07771598218,                 0,                 0,                 0,    -0.03129695481,  -4.695186071e-05,     0.07773345639,                 0,       47.13471145
          0,           0,         296,      -8.684086439,       -9.55142572,       -9.22133516,       -8.13179924,             0.448,    0.001648804222,     0.07771598676,                 0,                 0,                 0,     -0.0312969644,  -4.695346576e-05,     0.07773346094,                 0,       47.13475727
          0,           0,         297,      -8.698796514,      -9.564769787,        -9.2426403,       -8.14661168,             0.448,    0.001648802828,     0.07771598978,                 0,                 0,                 0,    -0.03129697403,  -4.695492524e-05,     0.07773346393,                 0,       47.13479895
          0,           0,         298,       -8.71360025,      -9.578148201,      -9.263455195,      -8.161529409,             0.448,    0.001648801544,     0.07771599135,                 0,                 0,                 0,    -0.03129698365,  -4.695624257e-05,     0.07773346547,                 0,       47.13483659
          0,           0,         299,      -8.728478702,      -9.591563158,      -9.283614219,      -8.176532553,             0.448,    0.001648800371,     0.07771599159,                 0,                 0,                 0,    -0.03129699322,  -4.695742078e-05,     0.07773346568,                 0,       47.13487027
          0,           0,         300,      -8.743408755,      -9.605002877,      -9.302949195,      -8.191596971,             0.448,    0.001648799307,     0.07771599061,                 0,                 0,                 0,    -0.03129700268,  -4.695846317e-05,     0.07773346467,                 0,        47.1349001
          0,           0,         301,      -8.758363696,      -9.618455054,      -9.321300812,      -8.206694492,             0.448,    0.001648798351,     0.07771598852,                 0,                 0,                 0,      -0.031297012,   -4.69593735e-05,     0.07773346257,                 0,       47.13492616
          0,           0,         302,      -8.773312837,      -9.631913141,      -9.338531707,      -8.221792617,             0.448,    0.001648797501,     0.07771598545,                 0,                 0,                 0,    -0.03129702114,  -4.696015598e-05,     0.07773345948,                 0,       47.13494859
          0,           0,         303,      -8.788221488,      -9.645376519,      -9.354533697,      -8.236854718,             0.448,    0.001648796755,      0.0777159815,                 0,                 0,                 0,    -0.03129703005,  -4.696081531e-05,     0.07773345551,                 0,       47.13496751
          0,           0,         304,      -8.803051782,      -9.658847053,       -9.36922988,      -8.251840818,             0.448,    0.001648796111,     0.07771597678,                 0,                 0,                 0,    -0.03129703871,  -4.696135668e-05,     0.07773345078,                 0,       47.13498307
          0,           0,         305,      -8.817764013,       -9.67232265,      -9.382578164,      -8.266708752,             0.448,    0.001648795565,      0.0777159714,                 0,                 0,                 0,    -0.03129704708,  -4.696178551e-05,     0.07773344539,                 0,       47.13499543
          0,           0,         306,      -8.832317854,      -9.685794033,      -9.394577672,      -8.281415419,             0.448,    0.001648795113,     0.07771596546,                 0,                 0,                 0,    -0.03129705514,  -4.696210739e-05,     0.07773343944,                 0,       47.13500473
          0,           0,         307,      -8.846673355,      -9.699247695,       -9.40527276,      -8.295917954,             0.448,    0.001648794753,     0.07771595906,                 0,                 0,                 0,    -0.03129706286,  -4.696232791e-05,     0.07773343303,                 0,       47.13501115
          0,           0,         308,      -8.860791987,      -9.712670593,      -9.414750202,      -8.310174886,             0.448,     0.00164879448,     0.07771595229,                 0,                 0,                 0,    -0.03129707022,  -4.696245271e-05,     0.07773342626,                 0,       47.13501484
          0,           0,         309,      -8.874637912,      -9.726052186,      -9.423130853,      -8.324147472,             0.448,    0.001648794292,     0.07771594524,                 0,                 0,                 0,    -0.03129707719,  -4.696248748e-05,     0.07773341921,                 0,       47.13501595
          0,           0,         310,      -8.888179334,      -9.739384031,      -9.430559893,      -8.337801147,             0.448,    0.001648794183,       0.077715938,                 0,                 0,                 0,    -0.03129708377,  -4.696243799e-05,     0.07773341197,                 0,       47.13501466
          0,           0,         311,      -8.901389802,      -9.752659023,      -9.437198103,      -8.351106949,             0.448,    0.001648794151,     0.07771593065,                 0,                 0,                 0,    -0.03129708993,  -4.696231009e-05,     0.07773340462,                 0,       47.13501113
          0,           0,         312,      -8.914249328,      -9.765871261,      -9.443214144,      -8.364042749,             0.448,     0.00164879419,     0.07771592327,                 0,                 0,                 0,    -0.03129709567,  -4.696210968e-05,     0.07773339724,                 0,       47.13500553
          0,           0,         313,      -8.926745265,      -9.779015955,      -9.448777419,      -8.376594203,             0.448,    0.001648794297,     0.07771591593,                 0,                 0,                 0,    -0.03129710098,  -4.696184269e-05,      0.0777333899,                 0,       47.13499802
          0,           0,         314,      -8.938873334,      -9.792089095,      -9.454051424,      -8.388755909,             0.448,    0.001648794467,     0.07771590869,                 0,                 0,                 0,    -0.03129710586,  -4.696151483e-05,     0.07773338267,                 0,       47.13498877
          0,           0,         315,      -8.950637554,      -9.805089197,      -9.459186927,      -8.400531309,             0.448,    0.001648794695,     0.07771590161,                 0,                 0,                 0,    -0.03129711029,  -4.696113213e-05,      0.0777333756,                 0,       47.13497795
          0,           0,         316,       -8.96202295,      -9.817961954,      -9.464397439,      -8.411903597,             0.448,    0.001648794979,     0.07771589474,                 0,                 0,                 0,    -0.03129711429,  -4.696069895e-05,     0.07773336874,                 0,       47.13496568
          0,           0,         317,      -8.973071942,      -9.830762694,      -9.469706349,      -8.422918822,             0.448,    0.001648795315,     0.07771588814,                 0,                 0,                 0,    -0.03129711784,  -4.696021865e-05,     0.07773336214,                 0,       47.13495206
          0,           0,         318,      -8.983820931,      -9.843492604,      -9.475188422,      -8.433611405,             0.448,    0.001648795702,     0.07771588188,                 0,                 0,                 0,    -0.03129712094,  -4.695969499e-05,      0.0777333559,                 0,        47.1349372
          0,           0,         319,      -8.994302487,       -9.85618641,      -9.480983949,      -8.444015395,             0.448,    0.001648796132,     0.07771587599,                 0,                 0,                 0,    -0.03129712362,  -4.695913648e-05,     0.07773335001,                 0,       47.13492133
          0,           0,         320,      -9.004548942,      -9.868868313,      -9.487208199,      -8.454166024,             0.448,    0.001648796598,     0.07771587048,                 0,                 0,                 0,    -0.03129712589,  -4.695855077e-05,     0.07773334452,                 0,       47.13490468
          0,           0,         321,      -9.014602879,      -9.881501159,      -9.493923524,      -8.464108332,             0.448,    0.001648797095,     0.07771586539,                 0,                 0,                 0,    -0.03129712775,  -4.695794279e-05,     0.07773333944,                 0,       47.13488738
          0,           0,         322,      -9.024512577,      -9.894052593,      -9.501175519,       -8.47389249,             0.448,    0.001648797619,     0.07771586075,                 0,                 0,                 0,    -0.03129712923,  -4.695731741e-05,     0.07773333481,                 0,       47.13486958
          0,           0,         323,      -9.034327274,      -9.906532571,      -9.509010942,      -8.483569722,             0.448,    0.001648798166,     0.07771585658,                 0,                 0,                 0,    -0.03129713034,   -4.69566795e-05,     0.07773333065,                 0,       47.13485141
          0,           0,         324,      -9.044095691,      -9.918965269,      -9.517468049,      -8.493191135,             0.448,    0.001648798732,     0.07771585288,                 0,                 0,                 0,    -0.03129713109,  -4.695603323e-05,     0.07773332697,                 0,       47.13483299
          0,           0,         325,      -9.053865657,      -9.931361621,      -9.526571821,      -8.502807199,             0.448,    0.001648799313,     0.07771584968,                 0,                 0,                 0,     -0.0312971315,  -4.695538252e-05,     0.07773332378,                 0,       47.13481444
          0,           0,         326,      -9.063683934,      -9.943722729,      -9.536341244,       -8.51246722,             0.448,    0.001648799906,     0.07771584698,                 0,                 0,                 0,    -0.03129713158,  -4.695473133e-05,      0.0777333211,                 0,       47.13479587
          0,           0,         327,      -9.073595621,      -9.956053445,      -9.546794788,      -8.522218608,             0.448,    0.001648800506,     0.07771584479,                 0,                 0,                 0,    -0.03129713136,  -4.695408357e-05,     0.07773331892,                 0,       47.13477738
          0,           0,         328,      -9.083644178,      -9.968367468,        -9.5579474,      -8.532107116,             0.448,     0.00164880111,      0.0777158431,                 0,                 0,                 0,    -0.03129713086,  -4.695344272e-05,     0.07773331724,                 0,       47.13475909
          0,           0,         329,      -9.093868153,      -9.980681913,      -9.569807838,      -8.542173264,             0.448,    0.001648801715,     0.07771584192,                 0,                 0,                 0,    -0.03129713008,  -4.695281194e-05,     0.07773331607,                 0,       47.13474107
          0,           0,         330,      -9.104303285,       -9.99300869,      -9.582382221,      -8.552454569,             0.448,    0.001648802317,     0.07771584123,                 0,                 0,                 0,    -0.03129712906,  -4.695219482e-05,      0.0777333154,                 0,       47.13472344
          0,           0,         331,        -9.1149834,      -10.00536095,      -9.595672757,      -8.562986683,             0.448,    0.001648802913,     0.07771584102,                 0,                 0,                 0,    -0.03129712781,  -4.695159446e-05,      0.0777333152,                 0,       47.13470628
          0,           0,         332,      -9.125937862,      -10.01776068,      -9.609675968,      -8.573800621,             0.448,      0.0016488035,     0.07771584128,                 0,                 0,                 0,    -0.03129712637,  -4.695101331e-05,     0.07773331547,                 0,       47.13468965
          0,           0,         333,      -9.137191371,      -10.03022926,      -9.624382884,      -8.584922461,             0.448,    0.001648804075,     0.07771584198,                 0,                 0,                 0,    -0.03129712474,  -4.695045371e-05,     0.07773331619,                 0,       47.13467364
          0,           0,         334,      -9.148765434,      -10.04277672,      -9.639779874,      -8.596374907,             0.448,    0.001648804636,     0.07771584312,                 0,                 0,                 0,    -0.03129712295,  -4.694991785e-05,     0.07773331734,                 0,        47.1346583
          0,           0,         335,      -9.160678266,      -10.05540755,      -9.655850633,       -8.60817728,             0.448,     0.00164880518,     0.07771584466,                 0,                 0,                 0,    -0.03129712102,  -4.694940765e-05,     0.07773331889,                 0,       47.13464368
          0,           0,         336,      -9.172944142,      -10.06812877,      -9.672576953,        -8.6203449,             0.448,    0.001648805705,     0.07771584659,                 0,                 0,                 0,    -0.03129711898,  -4.694892473e-05,     0.07773332083,                 0,       47.13462984
          0,           0,         337,      -9.185573371,      -10.08094995,      -9.689937102,      -8.632889036,             0.448,    0.001648806209,     0.07771584888,                 0,                 0,                 0,    -0.03129711683,  -4.694847046e-05,     0.07773332313,                 0,       47.13461681
          0,           0,         338,      -9.198572535,      -10.09387959,      -9.707903519,      -8.645817104,             0.448,    0.001648806691,      0.0777158515,                 0,                 0,                 0,    -0.03129711461,  -4.694804595e-05,     0.07773332576,                 0,       47.13460463
          0,           0,         339,      -9.211944493,      -10.10692369,      -9.726441523,        -8.6591327,             0.448,    0.001648807149,     0.07771585443,                 0,                 0,                 0,    -0.03129711233,  -4.694765206e-05,      0.0777333287,                 0,       47.13459332
          0,           0,         340,      -9.225688269,      -10.12008603,      -9.745508737,      -8.672835523,             0.448,    0.001648807582,     0.07771585764,                 0,                 0,                 0,    -0.03129711001,  -4.694728944e-05,     0.07773333192,                 0,       47.13458289
          0,           0,         341,      -9.239798992,      -10.13336841,      -9.765054289,      -8.686921304,             0.448,    0.001648807988,      0.0777158611,                 0,                 0,                 0,    -0.03129710765,   -4.69469585e-05,     0.07773333538,                 0,       47.13457337
          0,           0,         342,      -9.254267869,      -10.14677032,       -9.78501762,      -8.701381776,             0.448,    0.001648808368,     0.07771586478,                 0,                 0,                 0,    -0.03129710529,  -4.694665947e-05,     0.07773333908,                 0,       47.13456475
          0,           0,         343,      -9.269082145,      -10.16028895,       -9.80532731,      -8.716204616,             0.448,     0.00164880872,     0.07771586866,                 0,                 0,                 0,    -0.03129710294,  -4.694639241e-05,     0.07773334296,                 0,       47.13455705
          0,           0,         344,      -9.284225022,      -10.17391977,      -9.825900048,      -8.731373364,             0.448,    0.001648809043,     0.07771587271,                 0,                 0,                 0,     -0.0312971006,  -4.694615719e-05,     0.07773334702,                 0,       47.13455026
          0,           0,         345,      -9.299675584,      -10.18765681,      -9.846639763,      -8.746867332,             0.448,    0.001648809338,      0.0777158769,                 0,                 0,                 0,    -0.03129709829,  -4.694595354e-05,     0.07773335121,                 0,       47.13454436
          0,           0,         346,      -9.315408742,      -10.20149302,      -9.867436996,      -8.762661527,             0.448,    0.001648809605,      0.0777158812,                 0,                 0,                 0,    -0.03129709603,  -4.694578101e-05,     0.07773335552,                 0,       47.13453935
          0,           0,         347,       -9.33139519,      -10.21542022,      -9.888168825,      -8.778726577,             0.448,    0.001648809843,     0.07771588559,                 0,                 0,                 0,    -0.03129709383,  -4.694563902e-05,     0.07773335991,                 0,       47.13453522
          0,           0,         348,      -9.347601413,      -10.22942921,      -9.908699634,       -8.79502871,             0.448,    0.001648810052,     0.07771589004,                 0,                 0,                 0,    -0.03129709169,  -4.694552679e-05,     0.07773336436,                 0,       47.13453193
          0,           0,         349,      -9.363989747,      -10.24350993,      -9.928882993,      -8.811529772,             0.448,    0.001648810233,     0.07771589452,                 0,                 0,                 0,    -0.03129708962,  -4.694544339e-05,     0.07773336885,                 0,       47.13452947
          0,           0,         350,       -9.38051852,       -10.2576516,       -9.94856492,      -8.828187332,             0.448,    0.001648810387,     0.07771589901,                 0,                 0,                 0,    -0.03129708764,  -4.694538771e-05,     0.07773337334,                 0,        47.1345278
          0,           0,         351,      -9.397142296,       -10.2718431,      -9.967588745,      -8.844954873,             0.448,    0.001648810514,     0.07771590348,                 0,                 0,                 0,    -0.03129708575,  -4.694535849e-05,     0.07773337781,                 0,       47.13452689
          0,           0,         352,      -9.413812244,      -10.28607326,      -9.985801591,      -8.861782119,             0.448,    0.001648810614,     0.07771590792,                 0,                 0,                 0,    -0.03129708395,  -4.694535433e-05,     0.07773338225,                 0,       47.13452669
          0,           0,         353,       -9.43047667,      -10.30033117,       -10.0030622,      -8.878615517,             0.448,     0.00164881069,     0.07771591229,                 0,                 0,                 0,    -0.03129708226,  -4.694537373e-05,     0.07773338662,                 0,       47.13452717
          0,           0,         354,      -9.447081732,      -10.31460611,      -10.01924949,      -8.895398923,             0.448,    0.001648810743,     0.07771591658,                 0,                 0,                 0,    -0.03129708067,  -4.694541513e-05,     0.07773339091,                 0,       47.13452828
          0,           0,         355,      -9.463572364,      -10.32888766,      -10.03427075,      -8.912074513,             0.448,    0.001648810772,     0.07771592077,                 0,                 0,                 0,    -0.03129707919,  -4.694547693e-05,     0.07773339511,                 0,       47.13452997
          0,           0,         356,      -9.479893416,      -10.34316522,      -10.04806827,      -8.928583932,             0.448,    0.001648810781,     0.07771592485,                 0,                 0,                 0,    -0.03129707782,  -4.694555756e-05,     0.07773339918,                 0,       47.13453221
          0,           0,         357,      -9.495990978,      -10.35742778,      -10.06062363,      -8.944869679,             0.448,    0.001648810769,      0.0777159288,                 0,                 0,                 0,    -0.03129707656,  -4.694565544e-05,     0.07773340313,                 0,       47.13453494
          0,           0,         358,      -9.511813871,      -10.37166369,      -10.07195892,       -8.96087668,             0.448,    0.001648810738,      0.0777159326,                 0,                 0,                 0,    -0.03129707541,  -4.694576905e-05,     0.07773340693,                 0,       47.13453812
          0,           0,         359,      -9.527315226,      -10.38586076,      -10.08213508,      -8.976554004,             0.448,     0.00164881069,     0.07771593624,                 0,                 0,                 0,    -0.03129707438,  -4.694589687e-05,     0.07773341057,                 0,       47.13454171
          0,           0,         360,      -9.542454079,      -10.40000677,      -10.09124772,      -8.991856614,             0.448,    0.001648810625,     0.07771593972,                 0,                 0,                 0,    -0.03129707345,  -4.694603742e-05,     0.07773341404,                 0,       47.13454567
          0,           0,         361,      -9.557196879,      -10.41409013,      -10.09942092,       -9.00674706,             0.448,    0.001648810545,     0.07771594302,                 0,                 0,                 0,    -0.03129707264,  -4.694618924e-05,     0.07773341734,                 0,       47.13454996
          0,           0,         362,      -9.571518776,      -10.42810075,      -10.10679984,       -9.02119695,             0.448,    0.001648810452,     0.07771594613,                 0,                 0,                 0,    -0.03129707193,  -4.694635088e-05,     0.07773342045,                 0,       47.13455453
          0,           0,         363,      -9.585404609,      -10.44203064,      -10.11354268,      -9.035188083,             0.448,    0.001648810345,     0.07771594906,                 0,                 0,                 0,    -0.03129707133,  -4.694652093e-05,     0.07773342338,                 0,       47.13455934
          0,           0,         364,      -9.598849469,      -10.45587407,      -10.11981292,      -9.048713142,             0.448,    0.001648810228,      0.0777159518,                 0,                 0,                 0,    -0.03129707083,  -4.694669803e-05,     0.07773342611,                 0,       47.13456435
          0,           0,         365,      -9.611858834,      -10.46962747,      -10.12577239,      -9.061775891,             0.448,      0.0016488101,     0.07771595433,                 0,                 0,                 0,    -0.03129707043,  -4.694688084e-05,     0.07773342864,                 0,       47.13456954
          0,           0,         366,      -9.624448252,      -10.48328873,      -10.13157574,      -9.074390893,             0.448,    0.001648809964,     0.07771595667,                 0,                 0,                 0,    -0.03129707012,   -4.69470681e-05,     0.07773343098,                 0,       47.13457485
          0,           0,         367,      -9.636642622,      -10.49685686,      -10.13736643,      -9.086582806,             0.448,     0.00164880982,     0.07771595881,                 0,                 0,                 0,     -0.0312970699,  -4.694725859e-05,     0.07773343311,                 0,       47.13458026
          0,           0,         368,      -9.648475188,      -10.51033148,      -10.14327436,      -9.098385349,             0.448,     0.00164880967,     0.07771596075,                 0,                 0,                 0,    -0.03129706977,  -4.694745114e-05,     0.07773343505,                 0,       47.13458573
          0,           0,         369,      -9.659986287,      -10.52371275,      -10.14941479,      -9.109840019,             0.448,    0.001648809515,      0.0777159625,                 0,                 0,                 0,    -0.03129706972,  -4.694764466e-05,     0.07773343679,                 0,       47.13459124
          0,           0,         370,      -9.671221953,      -10.53700151,       -10.1558883,      -9.120994626,             0.448,    0.001648809355,     0.07771596405,                 0,                 0,                 0,    -0.03129706975,   -4.69478381e-05,     0.07773343834,                 0,       47.13459674
          0,           0,         371,      -9.682232452,      -10.55019937,      -10.16278136,      -9.131901747,             0.448,    0.001648809192,     0.07771596541,                 0,                 0,                 0,    -0.03129706985,   -4.69480305e-05,      0.0777334397,                 0,       47.13460222
          0,           0,         372,      -9.693070806,      -10.56330898,      -10.17016741,      -9.142617138,             0.448,    0.001648809027,     0.07771596659,                 0,                 0,                 0,    -0.03129707001,  -4.694822092e-05,     0.07773344087,                 0,       47.13460764
          0,           0,         373,      -9.703791382,      -10.57633406,      -10.17810802,      -9.153198207,             0.448,    0.001648808861,     0.07771596758,                 0,                 0,                 0,    -0.03129707024,  -4.694840852e-05,     0.07773344186,                 0,       47.13461299
          0,           0,         374,      -9.714448582,      -10.58927944,      -10.18665422,      -9.163702589,             0.448,    0.001648808695,      0.0777159684,                 0,                 0,                 0,    -0.03129707052,   -4.69485925e-05,     0.07773344268,                 0,       47.13461824
          0,           0,         375,       -9.72509569,       -10.6021513,      -10.19584768,      -9.174186882,             0.448,     0.00164880853,     0.07771596906,                 0,                 0,                 0,    -0.03129707086,  -4.694877214e-05,     0.07773344333,                 0,       47.13462336
          0,           0,         376,      -9.735783894,      -10.61495674,       -10.2057219,      -9.184705567,             0.448,    0.001648808366,     0.07771596955,                 0,                 0,                 0,    -0.03129707124,  -4.694894675e-05,     0.07773344382,                 0,       47.13462835
          0,           0,         377,      -9.746561485,      -10.62770403,      -10.21630314,       -9.19531014,             0.448,    0.001648808204,     0.07771596989,                 0,                 0,                 0,    -0.03129707166,  -4.694911574e-05,     0.07773344415,                 0,       47.13463317
          0,           0,         378,      -9.757473237,      -10.64040229,      -10.22761138,      -9.206048419,             0.448,    0.001648808046,     0.07771597008,                 0,                 0,                 0,    -0.03129707211,  -4.694927855e-05,     0.07773344434,                 0,       47.13463783
          0,           0,         379,      -9.768559944,      -10.65306131,      -10.23966098,      -9.216964056,             0.448,    0.001648807891,     0.07771597014,                 0,                 0,                 0,     -0.0312970726,   -4.69494347e-05,     0.07773344439,                 0,       47.13464229
          0,           0,         380,      -9.779858085,      -10.66569135,      -10.25246121,      -9.228096171,             0.448,     0.00164880774,     0.07771597006,                 0,                 0,                 0,    -0.03129707312,  -4.694958377e-05,     0.07773344432,                 0,       47.13464655
          0,           0,         381,       -9.79139962,      -10.67830269,      -10.26601667,      -9.239479138,             0.448,    0.001648807594,     0.07771596987,                 0,                 0,                 0,    -0.03129707365,  -4.694972539e-05,     0.07773344412,                 0,       47.13465061
          0,           0,         382,      -9.803211859,      -10.69090543,      -10.28032744,      -9.251142459,             0.448,    0.001648807454,     0.07771596957,                 0,                 0,                 0,    -0.03129707421,  -4.694985926e-05,     0.07773344382,                 0,       47.13465444
          0,           0,         383,      -9.815317407,      -10.70350885,      -10.29538907,      -9.263110709,             0.448,    0.001648807319,     0.07771596916,                 0,                 0,                 0,    -0.03129707477,  -4.694998512e-05,     0.07773344341,                 0,       47.13465804
          0,           0,         384,       -9.82773415,      -10.71612168,      -10.31119241,      -9.275403539,             0.448,     0.00164880719,     0.07771596866,                 0,                 0,                 0,    -0.03129707535,  -4.695010278e-05,      0.0777334429,                 0,       47.13466142
          0,           0,         385,      -9.840475265,      -10.72875166,      -10.32772316,      -9.288035702,             0.448,    0.001648807068,     0.07771596807,                 0,                 0,                 0,    -0.03129707593,  -4.695021209e-05,     0.07773344232,                 0,       47.13466455
          0,           0,         386,      -9.853549253,      -10.74140538,      -10.34496136,      -9.301017087,             0.448,    0.001648806953,     0.07771596741,                 0,                 0,                 0,    -0.03129707651,  -4.695031298e-05,     0.07773344165,                 0,       47.13466745
          0,           0,         387,      -9.866959962,      -10.75408851,       -10.3628805,      -9.314352773,             0.448,    0.001648806845,     0.07771596668,                 0,                 0,                 0,     -0.0312970771,  -4.695040538e-05,     0.07773344092,                 0,        47.1346701
          0,           0,         388,      -9.880706602,      -10.76680552,      -10.38144663,      -9.328043038,             0.448,    0.001648806743,      0.0777159659,                 0,                 0,                 0,    -0.03129707767,  -4.695048931e-05,     0.07773344013,                 0,       47.13467252
          0,           0,         389,      -9.894783772,      -10.77956046,      -10.40061708,      -9.342083398,             0.448,     0.00164880665,     0.07771596506,                 0,                 0,                 0,    -0.03129707824,  -4.695056482e-05,     0.07773343929,                 0,       47.13467469
          0,           0,         390,      -9.909181449,      -10.79235626,      -10.42033913,      -9.356464594,             0.448,    0.001648806563,     0.07771596418,                 0,                 0,                 0,     -0.0312970788,  -4.695063198e-05,     0.07773343841,                 0,       47.13467663
          0,           0,         391,      -9.923884995,      -10.80519524,      -10.44054847,       -9.37117259,             0.448,    0.001648806484,     0.07771596326,                 0,                 0,                 0,    -0.03129707935,  -4.695069092e-05,     0.07773343749,                 0,       47.13467833
          0,           0,         392,      -9.938875169,      -10.81807898,      -10.46116757,      -9.386188571,             0.448,    0.001648806413,     0.07771596231,                 0,                 0,                 0,    -0.03129707988,  -4.695074181e-05,     0.07773343654,                 0,        47.1346798
          0,           0,         393,      -9.954128134,      -10.83100875,      -10.48210407,      -9.401488929,             0.448,    0.001648806349,     0.07771596135,                 0,                 0,                 0,    -0.03129708039,  -4.695078483e-05,     0.07773343557,                 0,       47.13468105
          0,           0,         394,      -9.969615519,      -10.84398522,      -10.50324934,      -9.417045302,             0.448,    0.001648806292,     0.07771596037,                 0,                 0,                 0,    -0.03129708088,  -4.695082022e-05,     0.07773343459,                 0,       47.13468208
          0,           0,         395,      -9.985304508,      -10.85700902,      -10.52447747,      -9.432824629,             0.448,    0.001648806242,     0.07771595938,                 0,                 0,                 0,    -0.03129708136,  -4.695084823e-05,     0.07773343361,                 0,       47.13468289
          0,           0,         396,      -10.00115801,      -10.87008036,      -10.54564491,      -9.448789273,             0.448,      0.0016488062,      0.0777159584,                 0,                 0,                 0,    -0.03129708181,  -4.695086916e-05,     0.07773343262,                 0,       47.13468351
          0,           0,         397,      -10.01713491,      -10.88319944,      -10.56659136,      -9.464897228,             0.448,    0.001648806164,     0.07771595742,                 0,                 0,                 0,    -0.03129708223,  -4.695088334e-05,     0.07773343164,                 0,       47.13468393
          0,           0,         398,      -10.03319039,      -10.89636677,      -10.58714215,      -9.481102421,             0.448,    0.001648806135,     0.07771595645,                 0,                 0,                 0,    -0.03129708264,  -4.695089113e-05,     0.07773343067,                 0,       47.13468417
          0,           0,         399,      -10.04927645,       -10.9095832,      -10.60711266,       -9.49735516,             0.448,    0.001648806113,     0.07771595549,                 0,                 0,                 0,    -0.03129708301,   -4.69508929e-05,     0.07773342972,                 0,       47.13468424
          0,           0,         400,      -10.06534253,      -10.92284977,      -10.62631519,      -9.513602704,             0.448,    0.001648806096,     0.07771595456,                 0,                 0,                 0,    -0.03129708336,  -4.695088908e-05,     0.07773342878,                 0,       47.13468414
          0,           0,         401,      -10.08133627,      -10.93616822,      -10.64456784,      -9.529790056,             0.448,    0.001648806085,     0.07771595365,                 0,                 0,                 0,    -0.03129708369,  -4.695088008e-05,     0.07773342787,                 0,        47.1346839
          0,           0,         402,      -10.09720456,      -10.94953994,      -10.66170532,      -9.545860919,             0.448,     0.00164880608,     0.07771595277,                 0,                 0,                 0,    -0.03129708399,  -4.695086633e-05,       0.077733427,                 0,       47.13468352
          0,           0,         403,      -10.11289467,      -10.96296649,      -10.67759016,      -9.561758891,             0.448,     0.00164880608,     0.07771595193,                 0,                 0,                 0,    -0.03129708427,  -4.695084824e-05,     0.07773342615,                 0,       47.13468302
          0,           0,         404,      -10.12835554,      -10.97644871,      -10.69212305,      -9.577428818,             0.448,    0.001648806084,     0.07771595112,                 0,                 0,                 0,    -0.03129708451,  -4.695082622e-05,     0.07773342534,                 0,       47.13468241
          0,           0,         405,      -10.14353928,       -10.9899853,      -10.70525083,      -9.592818369,             0.448,    0.001648806093,     0.07771595034,                 0,                 0,                 0,    -0.03129708474,  -4.695080067e-05,     0.07773342457,                 0,       47.13468169
          0,           0,         406,      -10.15840264,      -11.00357412,      -10.71697086,      -9.607879632,             0.448,    0.001648806105,     0.07771594961,                 0,                 0,                 0,    -0.03129708494,  -4.695077197e-05,     0.07773342383,                 0,       47.13468088
          0,           0,         407,      -10.17290848,      -11.01721038,      -10.72733125,      -9.622570819,             0.448,    0.001648806122,     0.07771594892,                 0,                 0,                 0,    -0.03129708511,  -4.695074047e-05,     0.07773342314,                 0,       47.13467999
          0,           0,         408,      -10.18702718,      -11.03088746,      -10.73642717,      -9.636857815,             0.448,    0.001648806141,     0.07771594827,                 0,                 0,                 0,    -0.03129708526,  -4.695070653e-05,     0.07773342249,                 0,       47.13467903
          0,           0,         409,      -10.20073772,      -11.04459852,      -10.74439349,      -9.650715538,             0.448,    0.001648806164,     0.07771594766,                 0,                 0,                 0,    -0.03129708539,  -4.695067048e-05,     0.07773342189,                 0,       47.13467801
          0,           0,         410,      -10.21402857,      -11.05833604,      -10.75139523,      -9.664128948,             0.448,     0.00164880619,      0.0777159471,                 0,                 0,                 0,     -0.0312970855,  -4.695063265e-05,     0.07773342133,                 0,       47.13467694
          0,           0,         411,      -10.22689813,      -11.07209184,       -10.7576167,      -9.677093653,             0.448,    0.001648806218,     0.07771594658,                 0,                 0,                 0,    -0.03129708559,  -4.695059335e-05,     0.07773342081,                 0,       47.13467583
          0,           0,         412,      -10.23935463,      -11.08585876,      -10.76325079,      -9.689615933,             0.448,    0.001648806248,     0.07771594611,                 0,                 0,                 0,    -0.03129708565,  -4.695055287e-05,     0.07773342034,                 0,       47.13467468
          0,           0,         413,      -10.25141581,      -11.09962905,      -10.76848942,      -9.701712405,             0.448,     0.00164880628,     0.07771594568,                 0,                 0,                 0,     -0.0312970857,  -4.695051151e-05,     0.07773341991,                 0,        47.1346735
          0,           0,         414,      -10.26310803,      -11.11339525,      -10.77351595,      -9.713409159,             0.448,    0.001648806314,     0.07771594529,                 0,                 0,                 0,    -0.03129708573,  -4.695046953e-05,     0.07773341952,                 0,       47.13467231
          0,           0,         415,      -10.27446526,      -11.12714791,      -10.77849993,      -9.724740716,             0.448,    0.001648806349,     0.07771594495,                 0,                 0,                 0,    -0.03129708575,  -4.695042719e-05,     0.07773341918,                 0,        47.1346711
          0,           0,         416,      -10.28552776,      -11.14087816,      -10.78359383,      -9.735748631,             0.448,    0.001648806384,     0.07771594465,                 0,                 0,                 0,    -0.03129708574,  -4.695038472e-05,     0.07773341888,                 0,       47.13466989
          0,           0,         417,      -10.29634077,      -11.15457616,      -10.78893176,      -9.746480105,             0.448,    0.001648806421,     0.07771594439,                 0,                 0,                 0,    -0.03129708573,  -4.695034234e-05,     0.07773341862,                 0,       47.13466869
          0,           0,         418,      -10.30695307,      -11.16823152,      -10.79462939,      -9.756986464,             0.448,    0.001648806458,     0.07771594417,                 0,                 0,                 0,     -0.0312970857,  -4.695030028e-05,     0.07773341841,                 0,       47.13466749
          0,           0,         419,      -10.31741564,      -11.18183513,      -10.80078486,      -9.767321656,             0.448,    0.001648806496,     0.07771594399,                 0,                 0,                 0,    -0.03129708565,  -4.695025871e-05,     0.07773341823,                 0,        47.1346663
          0,           0,         420,      -10.32778036,      -11.19537806,      -10.80748029,      -9.777540857,             0.448,    0.001648806534,     0.07771594385,                 0,                 0,                 0,     -0.0312970856,  -4.695021782e-05,     0.07773341808,                 0,       47.13466514
          0,           0,         421,      -10.33809883,      -11.20885279,      -10.81478328,      -9.787699153,             0.448,    0.001648806572,     0.07771594374,                 0,                 0,                 0,    -0.03129708553,  -4.695017779e-05,     0.07773341797,                 0,       47.13466399
          0,           0,         422,      -10.34842135,      -11.22225289,      -10.82274877,      -9.797850409,             0.448,    0.001648806609,     0.07771594366,                 0,                 0,                 0,    -0.03129708546,  -4.695013875e-05,      0.0777334179,                 0,       47.13466288
          0,           0,         423,      -10.35879603,      -11.23557424,      -10.83142061,      -9.808046284,             0.448,    0.001648806646,     0.07771594362,                 0,                 0,                 0,    -0.03129708538,  -4.695010084e-05,     0.07773341786,                 0,       47.13466179
          0,           0,         424,      -10.36926816,      -11.24881385,      -10.84083305,       -9.81833546,             0.448,    0.001648806682,      0.0777159436,                 0,                 0,                 0,    -0.03129708529,  -4.695006419e-05,     0.07773341784,                 0,       47.13466075
          0,           0,         425,       -10.3798796,      -11.26197116,      -10.85101209,      -9.828763043,             0.448,    0.001648806718,     0.07771594362,                 0,                 0,                 0,    -0.03129708519,  -4.695002892e-05,     0.07773341786,                 0,       47.13465974
          0,           0,         426,       -10.3906684,      -11.27504762,      -10.86197657,      -9.839370123,             0.448,    0.001648806753,     0.07771594366,                 0,                 0,                 0,    -0.03129708509,  -4.694999511e-05,      0.0777334179,                 0,       47.13465877
          0,           0,         427,      -10.40166858,      -11.28804655,      -10.87373903,      -9.850193464,             0.448,    0.001648806786,     0.07771594372,                 0,                 0,                 0,    -0.03129708498,  -4.694996285e-05,     0.07773341796,                 0,       47.13465785
          0,           0,         428,      -10.41290988,      -11.30097309,      -10.88630645,      -9.861265349,             0.448,    0.001648806819,     0.07771594381,                 0,                 0,                 0,    -0.03129708487,  -4.694993222e-05,     0.07773341805,                 0,       47.13465697
          0,           0,         429,      -10.42441775,      -11.31383377,       -10.8996806,      -9.872613466,             0.448,     0.00164880685,     0.07771594392,                 0,                 0,                 0,    -0.03129708476,  -4.694990328e-05,     0.07773341816,                 0,       47.13465614
          0,           0,         430,      -10.43621323,      -11.32663588,       -10.9138584,      -9.884260877,             0.448,     0.00164880688,     0.07771594404,                 0,                 0,                 0,    -0.03129708464,  -4.694987606e-05,     0.07773341829,                 0,       47.13465536
          0,           0,         431,      -10.44831304,      -11.33938888,       -10.9288318,      -9.896226064,             0.448,    0.001648806909,     0.07771594419,                 0,                 0,                 0,    -0.03129708453,  -4.694985062e-05,     0.07773341843,                 0,       47.13465463
          0,           0,         432,      -10.46072957,      -11.35210159,      -10.94458765,      -9.908522952,             0.448,    0.001648806936,     0.07771594434,                 0,                 0,                 0,    -0.03129708441,  -4.694982697e-05,     0.07773341859,                 0,       47.13465395
          0,           0,         433,      -10.47347094,      -11.36478366,      -10.96110718,      -9.921161006,             0.448,    0.001648806961,     0.07771594451,                 0,                 0,                 0,    -0.03129708429,  -4.694980513e-05,     0.07773341876,                 0,       47.13465332
          0,           0,         434,      -10.48654105,      -11.37744496,      -10.97836543,      -9.934145263,             0.448,    0.001648806985,      0.0777159447,                 0,                 0,                 0,    -0.03129708418,  -4.694978511e-05,     0.07773341894,                 0,       47.13465275
          0,           0,         435,      -10.49993966,      -11.39009632,      -10.99633036,      -9.947476429,             0.448,    0.001648807008,     0.07771594489,                 0,                 0,                 0,    -0.03129708406,   -4.69497669e-05,     0.07773341913,                 0,       47.13465222
          0,           0,         436,      -10.51366237,      -11.40274725,      -11.01496177,      -9.961150885,             0.448,    0.001648807028,     0.07771594509,                 0,                 0,                 0,    -0.03129708395,  -4.694975048e-05,     0.07773341933,                 0,       47.13465175
          0,           0,         437,      -10.52770073,      -11.41540864,         -11.03421,      -9.975160793,             0.448,    0.001648807048,      0.0777159453,                 0,                 0,                 0,    -0.03129708384,  -4.694973584e-05,     0.07773341954,                 0,       47.13465133
          0,           0,         438,      -10.54204224,      -11.42809027,      -11.05401455,      -9.989494087,             0.448,    0.001648807065,     0.07771594551,                 0,                 0,                 0,    -0.03129708373,  -4.694972294e-05,     0.07773341975,                 0,       47.13465096
          0,           0,         439,       -10.5566704,      -11.44080233,      -11.07430243,      -10.00413451,             0.448,    0.001648807081,     0.07771594572,                 0,                 0,                 0,    -0.03129708362,  -4.694971175e-05,     0.07773341997,                 0,       47.13465063
          0,           0,         440,      -10.57156475,      -11.45355494,      -11.09498658,      -10.01906165,             0.448,    0.001648807095,     0.07771594594,                 0,                 0,                 0,    -0.03129708352,  -4.694970223e-05,     0.07773342019,                 0,       47.13465036
          0,           0,         441,      -10.58670097,      -11.46635734,      -11.11596435,      -10.03425103,             0.448,    0.001648807108,     0.07771594616,                 0,                 0,                 0,    -0.03129708342,  -4.694969432e-05,     0.07773342041,                 0,       47.13465013
          0,           0,         442,      -10.60205096,       -11.4792181,      -11.13711628,      -10.04967416,             0.448,    0.001648807119,     0.07771594638,                 0,                 0,                 0,    -0.03129708333,  -4.694968798e-05,     0.07773342062,                 0,       47.13464994
          0,           0,         443,      -10.61758299,      -11.49214662,      -11.15830537,      -10.06529864,             0.448,    0.001648807129,      0.0777159466,                 0,                 0,                 0,    -0.03129708323,  -4.694968313e-05,     0.07773342084,                 0,        47.1346498
          0,           0,         444,      -10.63326192,      -11.50515028,      -11.17937756,       -10.0810884,             0.448,    0.001648807137,     0.07771594681,                 0,                 0,                 0,    -0.03129708315,  -4.694967971e-05,     0.07773342106,                 0,        47.1346497
          0,           0,         445,      -10.64904953,      -11.51823659,      -11.20016317,      -10.09700391,             0.448,    0.001648807143,     0.07771594702,                 0,                 0,                 0,    -0.03129708307,  -4.694967764e-05,     0.07773342127,                 0,       47.13464963
          0,           0,         446,      -10.66490482,      -11.53141238,      -11.22048032,      -10.11300257,             0.448,    0.001648807149,     0.07771594723,                 0,                 0,                 0,    -0.03129708299,  -4.694967685e-05,     0.07773342148,                 0,       47.13464961
          0,           0,         447,      -10.68078452,      -11.54468382,      -11.24014085,       -10.1290391,             0.448,    0.001648807153,     0.07771594743,                 0,                 0,                 0,    -0.03129708292,  -4.694967725e-05,     0.07773342168,                 0,       47.13464962
          0,           0,         448,      -10.69664372,      -11.55805593,      -11.25895806,       -10.1450662,             0.448,    0.001648807156,     0.07771594763,                 0,                 0,                 0,    -0.03129708285,  -4.694967875e-05,     0.07773342188,                 0,       47.13464966
          0,           0,         449,      -10.71243652,      -11.57153442,      -11.27675666,      -10.16103516,             0.448,    0.001648807157,     0.07771594782,                 0,                 0,                 0,    -0.03129708279,  -4.694968126e-05,     0.07773342207,                 0,       47.13464972
          0,           0,         450,      -10.72811696,      -11.58512128,      -11.29338388,      -10.17689682,             0.448,    0.001648807158,       0.077715948,                 0,                 0,                 0,    -0.03129708273,  -4.694968471e-05,     0.07773342225,                 0,       47.13464982
          0,           0,         451,      -10.74363994,      -11.59881841,       -11.3087205,      -10.19260252,             0.448,    0.001648807157,     0.07771594818,                 0,                 0,                 0,    -0.03129708267,    -4.6949689e-05,     0.07773342243,                 0,       47.13464994
          0,           0,         452,      -10.75896236,      -11.61262462,      -11.32269006,      -10.20810535,             0.448,    0.001648807156,     0.07771594835,                 0,                 0,                 0,    -0.03129708263,  -4.694969405e-05,     0.07773342259,                 0,       47.13465008
          0,           0,         453,      -10.77404427,      -11.62653741,      -11.33526478,       -10.2233613,             0.448,    0.001648807154,     0.07771594851,                 0,                 0,                 0,    -0.03129708258,  -4.694969978e-05,     0.07773342275,                 0,       47.13465024
          0,           0,         454,      -10.78885008,      -11.64054806,      -11.34646818,      -10.23833077,             0.448,    0.001648807151,     0.07771594866,                 0,                 0,                 0,    -0.03129708254,  -4.694970612e-05,     0.07773342291,                 0,       47.13465042
          0,           0,         455,      -10.80334964,      -11.65464822,      -11.35637289,      -10.25297965,             0.448,    0.001648807147,      0.0777159488,                 0,                 0,                 0,    -0.03129708251,    -4.6949713e-05,     0.07773342305,                 0,       47.13465062
          0,           0,         456,       -10.8175194,      -11.66882466,      -11.36509482,      -10.26728075,             0.448,    0.001648807143,     0.07771594894,                 0,                 0,                 0,    -0.03129708247,  -4.694972034e-05,     0.07773342318,                 0,       47.13465082
          0,           0,         457,      -10.83134315,      -11.68306429,      -11.37278488,      -10.28121468,             0.448,    0.001648807137,     0.07771594906,                 0,                 0,                 0,    -0.03129708245,  -4.694972809e-05,     0.07773342331,                 0,       47.13465104
          0,           0,         458,      -10.84481267,      -11.69735219,      -11.37961843,      -10.29477058,             0.448,    0.001648807132,     0.07771594918,                 0,                 0,                 0,    -0.03129708242,  -4.694973617e-05,     0.07773342343,                 0,       47.13465127
          0,           0,         459,      -10.85792786,      -11.71167422,      -11.38578429,      -10.30794644,             0.448,    0.001648807126,     0.07771594929,                 0,                 0,                 0,     -0.0312970824,  -4.694974453e-05,     0.07773342353,                 0,       47.13465151
          0,           0,         460,      -10.87069682,      -11.72601433,      -11.39147471,       -10.3207491,             0.448,     0.00164880712,     0.07771594939,                 0,                 0,                 0,    -0.03129708239,  -4.694975311e-05,     0.07773342363,                 0,       47.13465175
          0,           0,         461,      -10.88313532,      -11.74035754,      -11.39687688,      -10.33319384,             0.448,    0.001648807113,     0.07771594948,                 0,                 0,                 0,    -0.03129708238,  -4.694976185e-05,     0.07773342372,                 0,         47.134652
          0,           0,         462,      -10.89526619,       -11.7546881,      -11.40216625,      -10.34530364,             0.448,    0.001648807106,     0.07771594956,                 0,                 0,                 0,    -0.03129708237,   -4.69497707e-05,      0.0777334238,                 0,       47.13465225
          0,           0,         463,      -10.90711843,      -11.76899009,      -11.40750265,      -10.35710837,             0.448,    0.001648807098,     0.07771594963,                 0,                 0,                 0,    -0.03129708236,  -4.694977962e-05,     0.07773342388,                 0,       47.13465251
          0,           0,         464,      -10.91872627,      -11.78324512,      -11.41302808,      -10.36864366,             0.448,    0.001648807091,      0.0777159497,                 0,                 0,                 0,    -0.03129708236,  -4.694978855e-05,     0.07773342394,                 0,       47.13465276
          0,           0,         465,      -10.93012806,      -11.79743953,      -11.41886609,      -10.37994982,             0.448,    0.001648807083,     0.07771594976,                 0,                 0,                 0,    -0.03129708236,  -4.694979745e-05,       0.077733424,                 0,       47.13465301
          0,           0,         466,      -10.94136525,      -11.81155463,      -11.42512235,      -10.39107069,             0.448,    0.001648807076,     0.07771594981,                 0,                 0,                 0,    -0.03129708236,  -4.694980629e-05,     0.07773342405,                 0,       47.13465327
          0,           0,         467,      -10.95248129,      -11.82557767,      -11.43188585,       -10.4020525,             0.448,    0.001648807068,     0.07771594985,                 0,                 0,                 0,    -0.03129708236,  -4.694981502e-05,      0.0777334241,                 0,       47.13465351
          0,           0,         468,      -10.96352053,      -11.83949748,      -11.43923058,      -10.41294255,             0.448,     0.00164880706,     0.07771594989,                 0,                 0,                 0,    -0.03129708237,   -4.69498236e-05,     0.07773342413,                 0,       47.13465376
          0,           0,         469,      -10.97452749,      -11.85330276,      -11.44721711,      -10.42378857,             0.448,    0.001648807052,     0.07771594992,                 0,                 0,                 0,    -0.03129708238,  -4.694983202e-05,     0.07773342416,                 0,         47.134654
          0,           0,         470,      -10.98554572,      -11.86698721,      -11.45589444,      -10.43463726,             0.448,    0.001648807045,     0.07771594994,                 0,                 0,                 0,    -0.03129708239,  -4.694984024e-05,     0.07773342419,                 0,       47.13465423
          0,           0,         471,       -10.9966173,      -11.88054745,      -11.46530128,      -10.44553386,             0.448,    0.001648807037,     0.07771594996,                 0,                 0,                 0,     -0.0312970824,  -4.694984822e-05,      0.0777334242,                 0,       47.13465446
          0,           0,         472,      -11.00778212,      -11.89398411,       -11.4754677,      -10.45652133,             0.448,    0.001648807029,     0.07771594997,                 0,                 0,                 0,    -0.03129708242,  -4.694985596e-05,     0.07773342421,                 0,       47.13465468
          0,           0,         473,      -11.01907739,      -11.90729831,      -11.48641625,      -10.46763977,             0.448,    0.001648807022,     0.07771594998,                 0,                 0,                 0,    -0.03129708243,  -4.694986341e-05,     0.07773342422,                 0,        47.1346549
          0,           0,         474,      -11.03053729,      -11.92049787,      -11.49816282,      -10.47892607,             0.448,    0.001648807015,     0.07771594998,                 0,                 0,                 0,    -0.03129708245,  -4.694987058e-05,     0.07773342422,                 0,        47.1346551
          0,           0,         475,      -11.04219269,      -11.93359033,      -11.51071764,      -10.49041361,             0.448,    0.001648807008,     0.07771594998,                 0,                 0,                 0,    -0.03129708247,  -4.694987743e-05,     0.07773342422,                 0,        47.1346553
          0,           0,         476,      -11.05407088,      -11.94658837,      -11.52408569,      -10.50213193,             0.448,    0.001648807001,     0.07771594997,                 0,                 0,                 0,    -0.03129708249,  -4.694988395e-05,     0.07773342421,                 0,       47.13465548
          0,           0,         477,       -11.0661955,      -11.95950546,      -11.53826721,      -10.51410667,             0.448,    0.001648806995,     0.07771594996,                 0,                 0,                 0,     -0.0312970825,  -4.694989014e-05,      0.0777334242,                 0,       47.13465566
          0,           0,         478,      -11.07858643,      -11.97235508,      -11.55325757,      -10.52635958,             0.448,    0.001648806989,     0.07771594994,                 0,                 0,                 0,    -0.03129708252,  -4.694989597e-05,     0.07773342418,                 0,       47.13465583
          0,           0,         479,      -11.09125976,       -11.9851549,      -11.56904756,      -10.53890834,             0.448,    0.001648806983,     0.07771594992,                 0,                 0,                 0,    -0.03129708254,  -4.694990145e-05,     0.07773342417,                 0,       47.13465598
          0,           0,         480,      -11.10422775,      -11.99792034,      -11.58562268,      -10.55176658,             0.448,    0.001648806977,      0.0777159499,                 0,                 0,                 0,    -0.03129708257,  -4.694990657e-05,     0.07773342414,                 0,       47.13465613
          0,           0,         481,      -11.11749887,       -12.0106676,      -11.60296305,      -10.56494398,             0.448,    0.001648806972,     0.07771594988,                 0,                 0,                 0,    -0.03129708259,  -4.694991132e-05,     0.07773342412,                 0,       47.13465627
          0,           0,         482,      -11.13107777,      -12.02341472,      -11.62104227,       -10.5784462,             0.448,    0.001648806967,     0.07771594985,                 0,                 0,                 0,    -0.03129708261,   -4.69499157e-05,     0.07773342409,                 0,       47.13465639
          0,           0,         483,      -11.14496527,      -12.03617704,      -11.63982693,      -10.59227498,             0.448,    0.001648806962,     0.07771594982,                 0,                 0,                 0,    -0.03129708263,  -4.694991971e-05,     0.07773342406,                 0,       47.13465651
          0,           0,         484,      -11.15915846,      -12.04897064,      -11.65927501,      -10.60642805,             0.448,    0.001648806958,     0.07771594979,                 0,                 0,                 0,    -0.03129708265,  -4.694992335e-05,     0.07773342403,                 0,       47.13465661
          0,           0,         485,      -11.17365058,       -12.0618112,      -11.67933488,      -10.62089918,             0.448,    0.001648806954,     0.07771594976,                 0,                 0,                 0,    -0.03129708267,  -4.694992663e-05,       0.077733424,                 0,       47.13465671
          0,           0,         486,      -11.18843112,      -12.07471062,      -11.69994349,      -10.63567825,             0.448,     0.00164880695,     0.07771594973,                 0,                 0,                 0,    -0.03129708269,  -4.694992956e-05,     0.07773342397,                 0,       47.13465679
          0,           0,         487,      -11.20348575,      -12.08768236,      -11.72102507,      -10.65075113,             0.448,    0.001648806947,     0.07771594969,                 0,                 0,                 0,    -0.03129708271,  -4.694993213e-05,     0.07773342393,                 0,       47.13465687
          0,           0,         488,      -11.21879636,      -12.10074131,      -11.74248871,      -10.66609978,             0.448,    0.001648806944,     0.07771594966,                 0,                 0,                 0,    -0.03129708273,  -4.694993436e-05,      0.0777334239,                 0,       47.13465693
          0,           0,         489,      -11.23434117,      -12.11389491,      -11.76422779,      -10.68170215,             0.448,    0.001648806941,     0.07771594962,                 0,                 0,                 0,    -0.03129708275,  -4.694993625e-05,     0.07773342386,                 0,       47.13465698
          0,           0,         490,       -11.2500947,      -12.12715223,      -11.78611806,      -10.69753241,             0.448,    0.001648806939,     0.07771594959,                 0,                 0,                 0,    -0.03129708277,  -4.694993782e-05,     0.07773342383,                 0,       47.13465703
          0,           0,         491,      -11.26602778,      -12.14052261,      -11.80801682,      -10.71356078,             0.448,    0.001648806937,     0.07771594955,                 0,                 0,                 0,    -0.03129708279,  -4.694993907e-05,     0.07773342379,                 0,       47.13465707
          0,           0,         492,        -11.282108,      -12.15401165,      -11.82976431,      -10.72975394,             0.448,    0.001648806935,     0.07771594951,                 0,                 0,                 0,     -0.0312970828,  -4.694994003e-05,     0.07773342376,                 0,       47.13465709
          0,           0,         493,      -11.29829971,      -12.16762073,      -11.85118429,        -10.746075,             0.448,    0.001648806934,     0.07771594948,                 0,                 0,                 0,    -0.03129708282,   -4.69499407e-05,     0.07773342372,                 0,       47.13465711
          0,           0,         494,      -11.31456425,      -12.18135697,       -11.8720886,      -10.76248386,             0.448,    0.001648806933,     0.07771594944,                 0,                 0,                 0,    -0.03129708284,   -4.69499411e-05,     0.07773342368,                 0,       47.13465713
          0,           0,         495,      -11.33086063,       -12.1952214,      -11.89228335,      -10.77893761,             0.448,    0.001648806932,     0.07771594941,                 0,                 0,                 0,    -0.03129708285,  -4.694994125e-05,     0.07773342365,                 0,       47.13465713
          0,           0,         496,      -11.34714575,      -12.20921481,      -11.91157676,      -10.79539091,             0.448,    0.001648806931,     0.07771594937,                 0,                 0,                 0,    -0.03129708287,  -4.694994116e-05,     0.07773342362,                 0,       47.13465713
          0,           0,         497,      -11.36337528,      -12.22333355,      -11.92979043,      -10.81179686,             0.448,    0.001648806931,     0.07771594934,                 0,                 0,                 0,    -0.03129708288,  -4.694994085e-05,     0.07773342358,                 0,       47.13465712
          0,           0,         498,       -11.3795041,      -12.23757774,      -11.94677125,      -10.82810729,             0.448,    0.001648806931,     0.07771594931,                 0,                 0,                 0,    -0.03129708289,  -4.694994034e-05,     0.07773342355,                 0,       47.13465711
          0,           0,         499,      -11.39548748,      -12.25194075,      -11.96240218,      -10.84427411,             0.448,    0.001648806931,     0.07771594928,                 0,                 0,                 0,     -0.0312970829,  -4.694993964e-05,     0.07773342352,                 0,       47.13465709
          0,           0,         500,      -11.41128206,      -12.26642025,      -11.97661164,      -10.86025035,             0.448,    0.001648806931,     0.07771594925,                 0,                 0,                 0,    -0.03129708291,  -4.694993878e-05,     0.07773342349,                 0,       47.13465706
          0,           0,         501,      -11.42684688,      -12.28100138,      -11.98938012,      -10.87599117,             0.448,    0.001648806931,     0.07771594922,                 0,                 0,                 0,    -0.03129708292,  -4.694993776e-05,     0.07773342346,                 0,       47.13465703
          0,           0,         502,      -11.44214456,      -12.29566971,      -12.00074065,      -10.89145524,             0.448,    0.001648806932,     0.07771594919,                 0,                 0,                 0,    -0.03129708293,  -4.694993661e-05,     0.07773342343,                 0,         47.134657
          0,           0,         503,      -11.45714259,      -12.31041123,      -12.01077692,      -10.90660619,             0.448,    0.001648806932,     0.07771594917,                 0,                 0,                 0,    -0.03129708294,  -4.694993533e-05,     0.07773342341,                 0,       47.13465697
          0,           0,         504,      -11.47181425,      -12.32520634,      -12.01961504,      -10.92141372,             0.448,    0.001648806933,     0.07771594914,                 0,                 0,                 0,    -0.03129708295,  -4.694993394e-05,     0.07773342338,                 0,       47.13465693
          0,           0,         505,      -11.48613994,      -12.34003744,       -12.0274157,      -10.93585502,             0.448,    0.001648806934,     0.07771594912,                 0,                 0,                 0,    -0.03129708296,  -4.694993245e-05,     0.07773342336,                 0,       47.13465688
          0,           0,         506,      -11.50010741,      -12.35487789,      -12.03436219,      -10.94991512,             0.448,    0.001648806935,      0.0777159491,                 0,                 0,                 0,    -0.03129708296,  -4.694993088e-05,     0.07773342334,                 0,       47.13465684
          0,           0,         507,      -11.51371256,      -12.36971187,      -12.04065064,      -10.96358795,             0.448,    0.001648806937,     0.07771594908,                 0,                 0,                 0,    -0.03129708297,  -4.694992924e-05,     0.07773342332,                 0,       47.13465679
          0,           0,         508,      -11.52695914,      -12.38452422,      -12.04647715,      -10.97687587,             0.448,    0.001648806938,     0.07771594906,                 0,                 0,                 0,    -0.03129708297,  -4.694992754e-05,      0.0777334233,                 0,       47.13465675
          0,           0,         509,      -11.53985913,       -12.3992858,       -12.0520322,      -10.98979016,             0.448,    0.001648806939,     0.07771594904,                 0,                 0,                 0,    -0.03129708298,   -4.69499258e-05,     0.07773342328,                 0,        47.1346567
          0,           0,         510,       -11.5524315,      -12.41398919,       -12.0574924,       -11.0023499,             0.448,    0.001648806941,     0.07771594902,                 0,                 0,                 0,    -0.03129708298,  -4.694992402e-05,     0.07773342327,                 0,       47.13465665
          0,           0,         511,      -11.56470208,      -12.42860841,      -12.06301826,       -11.0145814,             0.448,    0.001648806942,     0.07771594901,                 0,                 0,                 0,    -0.03129708298,  -4.694992221e-05,     0.07773342325,                 0,       47.13465659
          0,           0,         512,      -11.57670229,      -12.44313578,      -12.06875037,      -11.02651762,             0.448,    0.001648806944,       0.077715949,                 0,                 0,                 0,    -0.03129708298,  -4.694992038e-05,     0.07773342324,                 0,       47.13465654
          0,           0,         513,      -11.58846834,      -12.45754889,       -12.0748106,      -11.03819635,             0.448,    0.001648806945,     0.07771594899,                 0,                 0,                 0,    -0.03129708298,  -4.694991855e-05,     0.07773342323,                 0,       47.13465649
          0,           0,         514,       -11.6000403,      -12.47183639,      -12.08130331,      -11.04965998,             0.448,    0.001648806947,     0.07771594898,                 0,                 0,                 0,    -0.03129708298,  -4.694991672e-05,     0.07773342322,                 0,       47.13465644
          0,           0,         515,      -11.61146078,      -12.48598413,      -12.08831512,      -11.06095381,             0.448,    0.001648806949,     0.07771594897,                 0,                 0,                 0,    -0.03129708298,  -4.694991491e-05,     0.07773342321,                 0,       47.13465639
          0,           0,         516,      -11.62277398,      -12.49998284,      -12.09591795,      -11.07212484,             0.448,     0.00164880695,     0.07771594896,                 0,                 0,                 0,    -0.03129708298,  -4.694991311e-05,      0.0777334232,                 0,       47.13465633
          0,           0,         517,      -11.63402475,      -12.51383364,       -12.1041701,      -11.08322104,             0.448,    0.001648806952,     0.07771594895,                 0,                 0,                 0,    -0.03129708298,  -4.694991134e-05,     0.07773342319,                 0,       47.13465628
          0,           0,         518,      -11.64525767,      -12.52753337,      -12.11311869,      -11.09429032,             0.448,    0.001648806953,     0.07771594895,                 0,                 0,                 0,    -0.03129708298,   -4.69499096e-05,     0.07773342319,                 0,       47.13465623
          0,           0,         519,       -11.6565162,      -12.54107506,      -12.12280063,      -11.10537907,             0.448,    0.001648806955,     0.07771594894,                 0,                 0,                 0,    -0.03129708298,   -4.69499079e-05,     0.07773342319,                 0,       47.13465619
          0,           0,         520,      -11.66784195,      -12.55447883,      -12.13324407,      -11.11653206,             0.448,    0.001648806957,     0.07771594894,                 0,                 0,                 0,    -0.03129708298,  -4.694990624e-05,     0.07773342318,                 0,       47.13465614
          0,           0,         521,      -11.67927398,      -12.56773727,      -12.14447018,      -11.12779118,             0.448,    0.001648806958,     0.07771594894,                 0,                 0,                 0,    -0.03129708297,  -4.694990464e-05,     0.07773342318,                 0,       47.13465609
          0,           0,         522,      -11.69084903,       -12.5808681,      -12.15649351,      -11.13919598,             0.448,     0.00164880696,     0.07771594894,                 0,                 0,                 0,    -0.03129708297,  -4.694990309e-05,     0.07773342318,                 0,       47.13465605
          0,           0,         523,      -11.70260011,      -12.59389126,      -12.16932269,      -11.15078193,             0.448,    0.001648806961,     0.07771594894,                 0,                 0,                 0,    -0.03129708297,   -4.69499016e-05,     0.07773342318,                 0,       47.13465601
          0,           0,         524,      -11.71455693,      -12.60681663,      -12.18296169,      -11.16258112,             0.448,    0.001648806963,     0.07771594894,                 0,                 0,                 0,    -0.03129708296,  -4.694990018e-05,     0.07773342318,                 0,       47.13465597
          0,           0,         525,      -11.72674571,      -12.61966514,      -12.19740978,      -11.17462164,             0.448,    0.001648806964,     0.07771594894,                 0,                 0,                 0,    -0.03129708296,  -4.694989882e-05,     0.07773342318,                 0,       47.13465593
          0,           0,         526,      -11.73918881,      -12.63245545,       -12.2126611,       -11.1869279,             0.448,    0.001648806965,     0.07771594894,                 0,                 0,                 0,    -0.03129708296,  -4.694989753e-05,     0.07773342319,                 0,       47.13465589
          0,           0,         527,      -11.75190465,       -12.6452033,      -12.22870575,      -11.19951982,             0.448,    0.001648806967,     0.07771594895,                 0,                 0,                 0,    -0.03129708295,  -4.694989631e-05,     0.07773342319,                 0,       47.13465585
          0,           0,         528,      -11.76490789,       -12.6579333,      -12.24552849,      -11.21241351,             0.448,    0.001648806968,     0.07771594895,                 0,                 0,                 0,    -0.03129708295,  -4.694989517e-05,     0.07773342319,                 0,       47.13465582
          0,           0,         529,      -11.77820922,      -12.67065541,      -12.26310827,      -11.22562095,             0.448,    0.001648806969,     0.07771594896,                 0,                 0,                 0,    -0.03129708294,   -4.69498941e-05,      0.0777334232,                 0,       47.13465579
          0,           0,         530,      -11.79181532,      -12.68340065,      -12.28141794,      -11.23914976,             0.448,     0.00164880697,     0.07771594896,                 0,                 0,                 0,    -0.03129708294,  -4.694989311e-05,      0.0777334232,                 0,       47.13465576
          0,           0,         531,      -11.80572912,       -12.6961734,      -12.30042351,      -11.25300384,             0.448,    0.001648806971,     0.07771594897,                 0,                 0,                 0,    -0.03129708293,   -4.69498922e-05,     0.07773342321,                 0,       47.13465574
          0,           0,         532,      -11.81994933,       -12.7089938,      -12.32008218,      -11.26718275,             0.448,    0.001648806972,     0.07771594897,                 0,                 0,                 0,    -0.03129708293,  -4.694989136e-05,     0.07773342322,                 0,       47.13465571
          0,           0,         533,      -11.83447092,      -12.72187107,      -12.34034137,      -11.28168199,             0.448,    0.001648806973,     0.07771594898,                 0,                 0,                 0,    -0.03129708293,   -4.69498906e-05,     0.07773342322,                 0,       47.13465569
          0,           0,         534,      -11.84928469,      -12.73482579,      -12.36113682,      -11.29649267,             0.448,    0.001648806974,     0.07771594899,                 0,                 0,                 0,    -0.03129708292,  -4.694988992e-05,     0.07773342323,                 0,       47.13465567
          0,           0,         535,      -11.86437747,      -12.74786421,      -12.38239199,      -11.31160206,             0.448,    0.001648806975,     0.07771594899,                 0,                 0,                 0,    -0.03129708292,  -4.694988932e-05,     0.07773342324,                 0,       47.13465565
          0,           0,         536,      -11.87973212,      -12.76099224,      -12.40401508,      -11.32699301,             0.448,    0.001648806975,       0.077715949,                 0,                 0,                 0,    -0.03129708291,  -4.694988879e-05,     0.07773342324,                 0,       47.13465564
          0,           0,         537,      -11.89532734,      -12.77422268,      -12.42589769,      -11.34264423,             0.448,    0.001648806976,     0.07771594901,                 0,                 0,                 0,    -0.03129708291,  -4.694988833e-05,     0.07773342325,                 0,       47.13465563
          0,           0,         538,      -11.91113774,      -12.78756192,      -12.44791413,      -11.35853021,             0.448,    0.001648806977,     0.07771594902,                 0,                 0,                 0,     -0.0312970829,  -4.694988794e-05,     0.07773342326,                 0,       47.13465561
          0,           0,         539,      -11.92713428,      -12.80100608,      -12.46992087,      -11.37462125,             0.448,    0.001648806977,     0.07771594902,                 0,                 0,                 0,     -0.0312970829,  -4.694988762e-05,     0.07773342327,                 0,        47.1346556
          0,           0,         540,      -11.94328394,      -12.81456628,      -12.49175718,      -11.39088349,             0.448,    0.001648806978,     0.07771594903,                 0,                 0,                 0,    -0.03129708289,  -4.694988737e-05,     0.07773342327,                 0,        47.1346556
          0,           0,         541,      -11.95954997,      -12.82824276,       -12.5132438,      -11.40727912,             0.448,    0.001648806978,     0.07771594904,                 0,                 0,                 0,    -0.03129708289,  -4.694988719e-05,     0.07773342328,                 0,       47.13465559
          0,           0,         542,      -11.97589204,      -12.84202956,      -12.53419284,      -11.42376669,             0.448,    0.001648806978,     0.07771594905,                 0,                 0,                 0,    -0.03129708289,  -4.694988706e-05,     0.07773342329,                 0,       47.13465559
          0,           0,         543,      -11.99226747,      -12.85592931,      -12.55440895,      -11.44030157,             0.448,    0.001648806978,     0.07771594905,                 0,                 0,                 0,    -0.03129708288,  -4.694988699e-05,      0.0777334233,                 0,       47.13465559
          0,           0,         544,      -12.00863064,      -12.86993246,      -12.57369934,      -11.45683604,             0.448,    0.001648806979,     0.07771594906,                 0,                 0,                 0,    -0.03129708288,  -4.694988698e-05,     0.07773342331,                 0,       47.13465559
          0,           0,         545,      -12.02493383,      -12.88404538,      -12.59188555,      -11.47332007,             0.448,    0.001648806979,     0.07771594907,                 0,                 0,                 0,    -0.03129708288,  -4.694988702e-05,     0.07773342331,                 0,       47.13465559
          0,           0,         546,      -12.04112896,      -12.89825779,      -12.60881491,      -11.48970236,             0.448,    0.001648806979,     0.07771594908,                 0,                 0,                 0,    -0.03129708287,   -4.69498871e-05,     0.07773342332,                 0,       47.13465559
          0,           0,         547,      -12.05716754,      -12.91255918,      -12.62437218,      -11.50593093,             0.448,    0.001648806979,     0.07771594908,                 0,                 0,                 0,    -0.03129708287,  -4.694988723e-05,     0.07773342333,                 0,       47.13465559
          0,           0,         548,      -12.07300191,      -12.92693761,      -12.63848693,      -11.52195493,             0.448,    0.001648806979,     0.07771594909,                 0,                 0,                 0,    -0.03129708287,   -4.69498874e-05,     0.07773342334,                 0,        47.1346556
          0,           0,         549,      -12.08858715,      -12.94139248,      -12.65114103,      -11.53772511,             0.448,    0.001648806979,      0.0777159491,                 0,                 0,                 0,    -0.03129708287,   -4.69498876e-05,     0.07773342334,                 0,        47.1346556
          0,           0,         550,      -12.10388155,       -12.9559041,      -12.66237213,      -11.55319601,             0.448,    0.001648806979,     0.07771594911,                 0,                 0,                 0,    -0.03129708286,  -4.694988784e-05,     0.07773342335,                 0,       47.13465561
          0,           0,         551,      -12.11884854,      -12.97044726,      -12.67226526,      -11.56832683,             0.448,    0.001648806979,     0.07771594911,                 0,                 0,                 0,    -0.03129708286,   -4.69498881e-05,     0.07773342335,                 0,       47.13465562
          0,           0,         552,      -12.13345828,      -12.98502038,      -12.68094949,       -11.5830839,             0.448,    0.001648806978,     0.07771594912,                 0,                 0,                 0,    -0.03129708286,   -4.69498884e-05,     0.07773342336,                 0,       47.13465563
          0,           0,         553,      -12.14768789,      -12.99958689,      -12.68858994,      -11.59744091,             0.448,    0.001648806978,     0.07771594912,                 0,                 0,                 0,    -0.03129708286,  -4.694988872e-05,     0.07773342337,                 0,       47.13465563
          0,           0,         554,      -12.16152284,      -13.01413732,      -12.69537059,      -11.61138043,             0.448,    0.001648806978,     0.07771594913,                 0,                 0,                 0,    -0.03129708285,  -4.694988906e-05,     0.07773342337,                 0,       47.13465564
          0,           0,         555,      -12.17495705,      -13.02865322,      -12.70148804,      -11.62489405,             0.448,    0.001648806978,     0.07771594913,                 0,                 0,                 0,    -0.03129708285,  -4.694988942e-05,     0.07773342338,                 0,       47.13465565
          0,           0,         556,      -12.18799396,      -13.04312281,      -12.70714213,      -11.63798402,             0.448,    0.001648806977,     0.07771594914,                 0,                 0,                 0,    -0.03129708285,  -4.694988979e-05,     0.07773342338,                 0,       47.13465566
          0,           0,         557,      -12.20064514,      -13.05752076,      -12.71252316,      -11.65066056,             0.448,    0.001648806977,     0.07771594914,                 0,                 0,                 0,    -0.03129708285,  -4.694989018e-05,     0.07773342339,                 0,       47.13465568
          0,           0,         558,      -12.21293131,      -13.07183536,      -12.71780701,      -11.66294415,             0.448,    0.001648806977,     0.07771594915,                 0,                 0,                 0,    -0.03129708285,  -4.694989058e-05,     0.07773342339,                 0,       47.13465569
          0,           0,         559,         -12.22488,      -13.08606017,      -12.72315332,      -11.67486301,             0.448,    0.001648806977,     0.07771594915,                 0,                 0,                 0,    -0.03129708285,  -4.694989098e-05,     0.07773342339,                 0,        47.1346557
          0,           0,         560,       -12.2365251,      -13.10016133,      -12.72870411,      -11.68645217,             0.448,    0.001648806976,     0.07771594915,                 0,                 0,                 0,    -0.03129708285,   -4.69498914e-05,      0.0777334234,                 0,       47.13465571
          0,           0,         561,      -12.24790609,      -13.11415827,      -12.73457894,      -11.69775331,             0.448,    0.001648806976,     0.07771594916,                 0,                 0,                 0,    -0.03129708285,  -4.694989181e-05,      0.0777334234,                 0,       47.13465572
          0,           0,         562,      -12.25906717,       -13.1280347,      -12.74088238,       -11.7088126,             0.448,    0.001648806975,     0.07771594916,                 0,                 0,                 0,    -0.03129708285,  -4.694989223e-05,      0.0777334234,                 0,       47.13465573
          0,           0,         563,      -12.27005361,      -13.14177328,      -12.74769989,      -11.71967759,             0.448,    0.001648806975,     0.07771594916,                 0,                 0,                 0,    -0.03129708285,  -4.694989264e-05,     0.07773342341,                 0,       47.13465575
          0,           0,         564,      -12.28091554,      -13.15535119,      -12.75510212,      -11.73040172,             0.448,    0.001648806975,     0.07771594917,                 0,                 0,                 0,    -0.03129708285,  -4.694989306e-05,     0.07773342341,                 0,       47.13465576
          0,           0,         565,      -12.29170003,      -13.16882761,        -12.763147,      -11.74103538,             0.448,    0.001648806974,     0.07771594917,                 0,                 0,                 0,    -0.03129708285,  -4.694989346e-05,     0.07773342341,                 0,       47.13465577
          0,           0,         566,      -12.30245725,       -13.1821479,      -12.77188178,      -11.75163188,             0.448,    0.001648806974,     0.07771594917,                 0,                 0,                 0,    -0.03129708285,  -4.694989387e-05,     0.07773342341,                 0,       47.13465578
          0,           0,         567,      -12.31323395,      -13.19531946,      -12.78134034,      -11.76224089,             0.448,    0.001648806974,     0.07771594917,                 0,                 0,                 0,    -0.03129708285,  -4.694989426e-05,     0.07773342341,                 0,       47.13465579
          0,           0,         568,      -12.32407486,       -13.2083846,       -12.7915524,      -11.77291067,             0.448,    0.001648806973,     0.07771594917,                 0,                 0,                 0,    -0.03129708285,  -4.694989465e-05,     0.07773342342,                 0,        47.1346558
          0,           0,         569,      -12.33502247,      -13.22134281,      -12.80253518,      -11.78368615,             0.448,    0.001648806973,     0.07771594917,                 0,                 0,                 0,    -0.03129708285,  -4.694989502e-05,     0.07773342342,                 0,       47.13465581
          0,           0,         570,      -12.34611701,      -13.23418856,      -12.81430387,      -11.79461079,             0.448,    0.001648806973,     0.07771594917,                 0,                 0,                 0,    -0.03129708285,  -4.694989538e-05,     0.07773342342,                 0,       47.13465582
          0,           0,         571,      -12.35739341,      -13.24695568,       -12.8268658,      -11.80572235,             0.448,    0.001648806972,     0.07771594917,                 0,                 0,                 0,    -0.03129708285,  -4.694989573e-05,     0.07773342342,                 0,       47.13465583
          0,           0,         572,      -12.36888351,      -13.25966062,      -12.84022443,      -11.81705361,             0.448,    0.001648806972,     0.07771594917,                 0,                 0,                 0,    -0.03129708285,  -4.694989607e-05,     0.07773342342,                 0,       47.13465584
          0,           0,         573,      -12.38061609,      -13.27228116,      -12.85437695,      -11.82863666,             0.448,    0.001648806972,     0.07771594917,                 0,                 0,                 0,    -0.03129708285,  -4.694989639e-05,     0.07773342342,                 0,       47.13465585
          0,           0,         574,      -12.39261418,      -13.28490084,      -12.86931835,      -11.84049642,             0.448,    0.001648806971,     0.07771594917,                 0,                 0,                 0,    -0.03129708285,   -4.69498967e-05,     0.07773342342,                 0,       47.13465586
          0,           0,         575,      -12.40489838,       -13.2975028,       -12.8850355,      -11.85265491,             0.448,    0.001648806971,     0.07771594917,                 0,                 0,                 0,    -0.03129708285,  -4.694989699e-05,     0.07773342342,                 0,       47.13465587
          0,           0,         576,       -12.4174836,      -13.31009281,      -12.90151383,       -11.8651278,             0.448,    0.001648806971,     0.07771594917,                 0,                 0,                 0,    -0.03129708286,  -4.694989726e-05,     0.07773342342,                 0,       47.13465588
          0,           0,         577,      -12.43038199,      -13.32270935,      -12.91873131,      -11.87792885,             0.448,     0.00164880697,     0.07771594917,                 0,                 0,                 0,    -0.03129708286,  -4.694989752e-05,     0.07773342342,                 0,       47.13465588
          0,           0,         578,      -12.44360046,      -13.33534778,      -12.93666005,      -11.89106611,             0.448,     0.00164880697,     0.07771594917,                 0,                 0,                 0,    -0.03129708286,  -4.694989775e-05,     0.07773342341,                 0,       47.13465589
          0,           0,         579,      -12.45714269,      -13.34802009,       -12.9552644,      -11.90454501,             0.448,     0.00164880697,     0.07771594917,                 0,                 0,                 0,    -0.03129708286,  -4.694989798e-05,     0.07773342341,                 0,        47.1346559
          0,           0,         580,      -12.47100685,      -13.36074509,      -12.97450339,        -11.918363,             0.448,     0.00164880697,     0.07771594917,                 0,                 0,                 0,    -0.03129708286,  -4.694989818e-05,     0.07773342341,                 0,        47.1346559
          0,           0,         581,      -12.48518976,      -13.37351929,      -12.99432206,      -11.93251822,             0.448,    0.001648806969,     0.07771594917,                 0,                 0,                 0,    -0.03129708286,  -4.694989836e-05,     0.07773342341,                 0,       47.13465591
          0,           0,         582,      -12.49968033,      -13.38639833,      -13.01465673,      -11.94699985,             0.448,    0.001648806969,     0.07771594917,                 0,                 0,                 0,    -0.03129708286,  -4.694989853e-05,     0.07773342341,                 0,       47.13465591
          0,           0,         583,      -12.51446601,      -13.39936134,      -13.03543393,      -11.96179584,             0.448,    0.001648806969,     0.07771594917,                 0,                 0,                 0,    -0.03129708286,  -4.694989868e-05,     0.07773342341,                 0,       47.13465592
          0,           0,         584,      -12.52953023,        -13.412407,      -13.05655982,      -11.97689021,             0.448,    0.001648806969,     0.07771594916,                 0,                 0,                 0,    -0.03129708286,  -4.694989881e-05,     0.07773342341,                 0,       47.13465592
          0,           0,         585,      -12.54485013,      -13.42551261,      -13.07793259,      -11.99225948,             0.448,    0.001648806969,     0.07771594916,                 0,                 0,                 0,    -0.03129708287,  -4.694989893e-05,      0.0777334234,                 0,       47.13465593
          0,           0,         586,      -12.56040177,      -13.43875884,      -13.09942912,      -12.00787925,             0.448,    0.001648806969,     0.07771594916,                 0,                 0,                 0,    -0.03129708287,  -4.694989903e-05,      0.0777334234,                 0,       47.13465593
          0,           0,         587,      -12.57615394,       -13.4521089,      -13.12090934,      -12.02371871,             0.448,    0.001648806969,     0.07771594916,                 0,                 0,                 0,    -0.03129708287,  -4.694989911e-05,      0.0777334234,                 0,       47.13465593
          0,           0,         588,      -12.59207348,      -13.46554113,      -13.14221733,      -12.03974331,             0.448,    0.001648806968,     0.07771594916,                 0,                 0,                 0,    -0.03129708287,  -4.694989918e-05,      0.0777334234,                 0,       47.13465593
          0,           0,         589,      -12.60812315,      -13.47907715,      -13.16318327,      -12.05591486,             0.448,    0.001648806968,     0.07771594916,                 0,                 0,                 0,    -0.03129708287,  -4.694989923e-05,      0.0777334234,                 0,       47.13465593
          0,           0,         590,      -12.62426234,      -13.49270009,      -13.18362587,      -12.07219248,             0.448,    0.001648806968,     0.07771594915,                 0,                 0,                 0,    -0.03129708287,  -4.694989927e-05,      0.0777334234,                 0,       47.13465594
          0,           0,         591,      -12.64044588,      -13.50643436,      -13.20336355,      -12.08852758,             0.448,    0.001648806968,     0.07771594915,                 0,                 0,                 0,    -0.03129708287,  -4.694989929e-05,     0.07773342339,                 0,       47.13465594
          0,           0,         592,      -12.65662848,      -13.52025801,      -13.22220911,      -12.10487463,             0.448,    0.001648806968,     0.07771594915,                 0,                 0,                 0,    -0.03129708287,   -4.69498993e-05,     0.07773342339,                 0,       47.13465594
          0,           0,         593,      -12.67276159,      -13.53413184,       -13.2399935,      -12.12118189,             0.448,    0.001648806968,     0.07771594915,                 0,                 0,                 0,    -0.03129708287,   -4.69498993e-05,     0.07773342339,                 0,       47.13465594
          0,           0,         594,       -12.6887946,      -13.54809559,      -13.25657887,      -12.13739532,             0.448,    0.001648806968,     0.07771594915,                 0,                 0,                 0,    -0.03129708287,  -4.694989929e-05,     0.07773342339,                 0,       47.13465594
          0,           0,         595,      -12.70467895,      -13.56210666,      -13.27184465,      -12.15346358,             0.448,    0.001648806968,     0.07771594914,                 0,                 0,                 0,    -0.03129708287,  -4.694989927e-05,     0.07773342339,                 0,       47.13465594
          0,           0,         596,      -12.72036589,      -13.57622901,      -13.28572668,      -12.16933588,             0.448,    0.001648806968,     0.07771594914,                 0,                 0,                 0,    -0.03129708288,  -4.694989923e-05,     0.07773342339,                 0,       47.13465593
          0,           0,         597,      -12.73580699,      -13.59046676,      -13.29821521,      -12.18495764,             0.448,    0.001648806968,     0.07771594914,                 0,                 0,                 0,    -0.03129708288,  -4.694989919e-05,     0.07773342338,                 0,       47.13465593
          0,           0,         598,      -12.75096148,      -13.60467482,      -13.30933172,      -12.20028481,             0.448,    0.001648806968,     0.07771594914,                 0,                 0,                 0,    -0.03129708288,  -4.694989914e-05,     0.07773342338,                 0,       47.13465593
          0,           0,         599,       -12.7657918,      -13.61890257,      -13.31915952,      -12.21527514,             0.448,    0.001648806968,     0.07771594914,                 0,                 0,                 0,    -0.03129708288,  -4.694989908e-05,     0.07773342338,                 0,       47.13465593
          0,           0,         600,      -12.78026435,      -13.63313664,      -13.32781405,      -12.22989329,             0.448,    0.001648806968,     0.07771594914,                 0,                 0,                 0,    -0.03129708288,  -4.694989902e-05,     0.07773342338,                 0,       47.13465593
          0,           0,         601,      -12.79435786,      -13.64738218,      -13.33545793,      -12.24411257,             0.448,    0.001648806968,     0.07771594914,                 0,                 0,                 0,    -0.03129708288,  -4.694989895e-05,     0.07773342338,                 0,       47.13465593
          0,           0,         602,      -12.80805688,      -13.66160084,      -13.34225844,      -12.25791628,             0.448,    0.001648806968,     0.07771594913,                 0,                 0,                 0,    -0.03129708288,  -4.694989887e-05,     0.07773342338,                 0,       47.13465592
          0,           0,         603,      -12.82135223,      -13.67579893,      -13.34840443,      -12.27129035,             0.448,    0.001648806968,     0.07771594913,                 0,                 0,                 0,    -0.03129708288,   -4.69498988e-05,     0.07773342338,                 0,       47.13465592
          0,           0,         604,      -12.83424814,      -13.68996233,      -13.35409041,      -12.28423919,             0.448,    0.001648806968,     0.07771594913,                 0,                 0,                 0,    -0.03129708288,  -4.694989871e-05,     0.07773342338,                 0,       47.13465592
          0,           0,         605,      -12.84675853,       -13.7040475,      -13.35949471,      -12.29677584,             0.448,    0.001648806968,     0.07771594913,                 0,                 0,                 0,    -0.03129708288,  -4.694989862e-05,     0.07773342337,                 0,       47.13465592
          0,           0,         606,      -12.85890155,      -13.71806612,      -13.36478655,      -12.30891655,             0.448,    0.001648806968,     0.07771594913,                 0,                 0,                 0,    -0.03129708288,  -4.694989853e-05,     0.07773342337,                 0,       47.13465591
          0,           0,         607,       -12.8707038,      -13.73198157,      -13.37013086,      -12.32068936,             0.448,    0.001648806969,     0.07771594913,                 0,                 0,                 0,    -0.03129708288,  -4.694989844e-05,     0.07773342337,                 0,       47.13465591
          0,           0,         608,       -12.8822056,      -13.74584334,      -13.37565407,      -12.33213747,             0.448,    0.001648806969,     0.07771594913,                 0,                 0,                 0,    -0.03129708288,  -4.694989835e-05,     0.07773342337,                 0,       47.13465591
          0,           0,         609,      -12.89344051,      -13.75963126,      -13.38148213,      -12.34329264,             0.448,    0.001648806969,     0.07771594913,                 0,                 0,                 0,    -0.03129708288,  -4.694989825e-05,     0.07773342337,                 0,       47.13465591
          0,           0,         610,      -12.90445759,      -13.77326012,      -13.38771506,      -12.35420772,             0.448,    0.001648806969,     0.07771594913,                 0,                 0,                 0,    -0.03129708288,  -4.694989816e-05,     0.07773342337,                 0,        47.1346559
          0,           0,         611,      -12.91530171,      -13.78673677,       -13.3944449,       -12.3649332,             0.448,    0.001648806969,     0.07771594913,                 0,                 0,                 0,    -0.03129708288,  -4.694989807e-05,     0.07773342337,                 0,        47.1346559
          0,           0,         612,      -12.92602348,      -13.80013894,      -13.40174002,      -12.37551703,             0.448,    0.001648806969,     0.07771594913,                 0,                 0,                 0,    -0.03129708288,  -4.694989797e-05,     0.07773342337,                 0,        47.1346559
          0,           0,         613,      -12.93667286,      -13.81341199,      -13.40966041,       -12.3860155,             0.448,    0.001648806969,     0.07771594912,                 0,                 0,                 0,    -0.03129708288,  -4.694989788e-05,     0.07773342337,                 0,        47.1346559
          0,           0,         614,      -12.94729891,      -13.82663924,      -13.41824951,      -12.39647878,             0.448,    0.001648806969,     0.07771594912,                 0,                 0,                 0,    -0.03129708288,  -4.694989779e-05,     0.07773342337,                 0,       47.13465589
          0,           0,         615,      -12.95794925,      -13.83974003,      -13.42754535,      -12.40696093,             0.448,    0.001648806969,     0.07771594912,                 0,                 0,                 0,    -0.03129708288,   -4.69498977e-05,     0.07773342337,                 0,       47.13465589
          0,           0,         616,      -12.96867006,      -13.85266455,      -13.43757451,       -12.4175094,             0.448,    0.001648806969,     0.07771594912,                 0,                 0,                 0,    -0.03129708288,  -4.694989761e-05,     0.07773342337,                 0,       47.13465589
          0,           0,         617,      -12.97950374,       -13.8655279,      -13.44836772,       -12.4281687,             0.448,    0.001648806969,     0.07771594912,                 0,                 0,                 0,    -0.03129708288,  -4.694989752e-05,     0.07773342337,                 0,       47.13465589
          0,           0,         618,      -12.99049637,      -13.87834111,       -13.4599337,      -12.43898796,             0.448,    0.001648806969,     0.07771594912,                 0,                 0,                 0,    -0.03129708288,  -4.694989744e-05,     0.07773342337,                 0,       47.13465588
          0,           0,         619,      -13.00167576,      -13.89108131,      -13.47228048,      -12.44999885,             0.448,     0.00164880697,     0.07771594912,                 0,                 0,                 0,    -0.03129708288,  -4.694989736e-05,     0.07773342337,                 0,       47.13465588
