NDIME= 2
NELEM= 10216
5	417	69	311	0
5	302	55	56	1
5	405	159	384	2
5	594	427	450	3
5	315	71	72	4
5	319	4	262	5
5	270	39	40	6
5	327	65	66	7
5	451	259	325	8
5	441	40	41	9
5	358	147	148	10
5	287	12	13	11
5	252	144	145	12
5	254	56	57	13
5	348	96	269	14
5	262	4	5	15
5	647	465	525	16
5	453	308	449	17
5	309	282	15	18
5	560	265	470	19
5	369	185	186	20
5	420	271	27	21
5	432	137	376	22
5	643	471	270	23
5	429	121	354	24
5	282	14	15	25
5	568	446	456	26
5	292	257	31	27
5	617	385	457	28
5	831	694	478	29
5	274	24	25	30
5	470	346	454	31
5	311	69	70	32
5	291	20	278	33
5	286	24	274	34
5	257	30	31	35
5	255	0	1	36
5	996	809	797	37
5	342	79	312	38
5	280	18	19	39
5	543	319	518	40
5	316	42	294	41
5	507	356	439	42
5	543	293	319	43
5	546	298	299	44
5	324	288	9	45
5	749	548	648	46
5	270	251	39	47
5	542	459	257	48
5	258	36	37	49
5	322	18	280	50
5	315	72	290	51
5	555	313	342	52
5	288	8	9	53
5	645	348	465	54
5	323	14	282	55
5	308	62	63	56
5	300	75	76	57
5	335	84	303	58
5	421	60	305	59
5	334	38	251	60
5	749	549	548	61
5	285	53	54	62
5	302	56	254	63
5	751	644	725	64
5	250	82	83	65
5	294	42	43	66
5	301	87	88	67
5	279	80	81	68
5	305	60	61	69
5	531	475	278	70
5	554	448	540	71
5	271	26	27	72
5	284	89	90	73
5	416	111	112	74
5	329	260	33	75
5	475	291	278	76
5	340	0	255	77
5	277	106	107	78
5	420	28	272	79
5	295	52	53	80
5	316	41	42	81
5	333	294	43	82
5	825	476	650	83
5	331	300	76	84
5	762	555	664	85
5	295	53	285	86
5	290	72	73	87
5	337	90	91	88
5	312	79	80	89
5	511	320	336	90
5	1041	890	895	91
5	555	342	464	92
5	946	762	848	93
5	564	314	556	94
5	345	52	295	95
5	335	250	83	96
5	449	63	64	97
5	338	254	57	98
5	842	642	557	99
5	338	57	58	100
5	517	256	293	101
5	259	101	102	102
5	512	281	350	103
5	348	95	96	104
5	441	270	40	105
5	361	177	178	106
5	266	99	100	107
5	510	451	325	108
5	580	353	413	109
5	372	115	116	110
5	367	117	118	111
5	357	151	349	112
5	412	375	127	113
5	639	273	436	114
5	381	157	158	115
5	492	368	430	116
5	377	147	358	117
5	400	173	390	118
5	437	365	182	119
5	406	161	253	120
5	403	253	162	121
5	395	181	365	122
5	397	175	393	123
5	408	157	381	124
5	619	408	381	125
5	401	386	166	126
5	399	388	170	127
5	834	690	450	128
5	585	377	358	129
5	387	163	164	130
5	404	165	386	131
5	353	112	113	132
5	424	321	109	133
5	363	252	145	134
5	363	145	146	135
5	481	429	354	136
5	607	393	484	137
5	1544	685	720	138
5	653	485	490	139
5	275	132	133	140
5	409	382	129	141
5	373	135	136	142
5	614	482	253	143
5	355	143	144	144
5	409	130	383	145
5	380	354	122	146
5	486	435	273	147
5	436	273	140	148
5	411	126	375	149
5	360	186	187	150
5	593	394	488	151
5	850	681	706	152
5	393	175	176	153
5	806	611	604	154
5	398	177	361	155
5	784	587	502	156
5	403	162	163	157
5	402	169	388	158
5	253	161	162	159
5	396	188	359	160
5	388	169	170	161
5	1083	868	726	162
5	390	173	174	163
5	484	393	398	164
5	356	195	196	165
5	380	122	123	166
5	432	373	136	167
5	375	126	127	168
5	412	128	382	169
5	357	150	151	170
5	355	144	252	171
5	364	141	142	172
5	624	483	375	173
5	435	139	273	174
5	482	479	406	175
5	424	110	351	176
5	623	412	382	177
5	595	501	352	178
5	325	259	102	179
5	328	46	296	180
5	269	96	97	181
5	1361	1264	1068	182
5	530	286	462	183
5	550	306	421	184
5	251	38	39	185
5	423	103	104	186
5	350	99	266	187
5	693	451	510	188
5	483	411	375	189
5	352	114	115	190
5	633	478	424	191
5	444	150	357	192
5	427	117	367	193
5	588	395	365	194
5	385	154	261	195
5	655	491	587	196
5	369	186	360	197
5	581	431	485	198
5	386	165	166	199
5	5232	5214	5229	200
5	508	503	443	201
5	5232	5226	5214	202
5	1099	878	1090	203
5	5231	207	5222	204
5	5231	206	207	205
5	5230	5210	5219	206
5	5230	5213	5210	207
5	5229	5199	5213	208
5	5229	5214	5199	209
5	5228	204	205	210
5	5228	5217	204	211
5	5225	5219	5200	212
5	5225	249	5219	213
5	5232	5229	202	214
5	5232	202	203	215
5	5227	247	248	216
5	5227	5196	5212	217
5	5224	5195	5209	218
5	5224	5202	5195	219
5	5223	225	226	220
5	5223	5220	225	221
5	5224	5228	205	222
5	5231	205	206	223
5	5221	5173	5203	224
5	5221	5201	5173	225
5	5220	5211	225	226
5	5220	5181	5211	227
5	5230	200	201	228
5	5230	5229	5213	229
5	5219	5210	5191	230
5	5225	5218	248	231
5	5231	5202	5224	232
5	5231	5222	5202	233
5	5216	227	228	234
5	5216	5208	227	235
5	5215	207	208	236
5	5222	5206	5189	237
5	5232	203	5226	238
5	5230	201	5229	239
5	5214	5205	5174	240
5	5229	201	202	241
5	5212	246	247	242
5	5221	246	5212	243
5	5211	5180	224	244
5	5211	5181	5180	245
5	5210	5152	5191	246
5	5210	5190	5152	247
5	5231	5224	205	248
5	5228	5224	5209	249
5	5223	5208	5185	250
5	5223	226	227	251
5	5207	5180	5166	252
5	5207	223	5180	253
5	5222	5189	5202	254
5	5222	5215	5206	255
5	5226	5205	5214	256
5	5217	5188	5205	257
5	5197	229	230	258
5	5197	5179	229	259
5	5203	5163	5193	260
5	5203	5173	5163	261
5	5215	208	209	262
5	5222	207	5215	263
5	5221	5212	5201	264
5	5221	245	246	265
5	5230	5219	200	266
5	5219	249	200	267
5	5205	5154	5174	268
5	5226	5217	5205	269
5	5198	221	222	270
5	5198	5186	221	271
5	5197	5121	5179	272
5	5197	5088	5121	273
5	5212	5196	5170	274
5	5201	5170	5145	275
5	5195	5140	5169	276
5	5195	5157	5140	277
5	5192	241	5168	278
5	5192	240	241	279
5	5193	5160	243	280
5	5193	5163	5160	281
5	5223	5185	5220	282
5	5211	224	225	283
5	5213	5199	5190	284
5	5225	248	249	285
5	5184	5150	218	286
5	5184	5127	5150	287
5	5183	212	5155	288
5	5183	211	212	289
5	5228	5209	5217	290
5	5209	5169	5188	291
5	5187	241	242	292
5	5187	5160	5139	293
5	5186	220	221	294
5	5186	5151	220	295
5	5220	5185	5161	296
5	5220	5161	5181	297
5	5184	219	5151	298
5	5184	5151	5127	299
5	5183	5155	5125	300
5	5149	210	211	301
5	5190	5113	5152	302
5	5182	5112	5162	303
5	5223	227	5208	304
5	5181	5167	5147	305
5	5180	223	224	306
5	5207	5166	5194	307
5	5216	5179	5177	308
5	5179	5158	5177	309
5	5178	5156	5135	310
5	5178	215	5156	311
5	5177	5158	5130	312
5	5179	228	229	313
5	5191	5129	5143	314
5	5227	5212	247	315
5	5204	5142	5175	316
5	5204	214	5178	317
5	5174	5118	5146	318
5	5174	5154	5118	319
5	5171	5144	238	320
5	5171	5116	5144	321
5	5171	5148	5116	322
5	5172	216	217	323
5	5171	238	239	324
5	5172	217	5150	325
5	5176	5133	5153	326
5	5218	5176	5196	327
5	5202	5189	5157	328
5	5226	204	5217	329
5	5194	5166	5131	330
5	5192	5138	5148	331
5	5167	5134	5122	332
5	5167	5161	5134	333
5	5166	5096	5131	334
5	5166	5147	5096	335
5	5165	5091	5123	336
5	5165	5130	5091	337
5	5198	5194	5164	338
5	5207	222	223	339
5	5201	5145	5173	340
5	5203	5193	244	341
5	5162	5108	5128	342
5	5162	5112	5108	343
5	5181	5147	5180	344
5	5208	5165	5185	345
5	5208	5177	5165	346
5	5216	5177	5208	347
5	5159	5087	5111	348
5	5159	5115	5087	349
5	5158	5105	5130	350
5	5192	5168	5138	351
5	5189	5114	5157	352
5	5206	5128	5189	353
5	5192	5148	240	354
5	5148	239	240	355
5	5155	5090	5125	356
5	5155	5132	5090	357
5	5154	5101	5118	358
5	5154	5119	5101	359
5	5153	5082	5124	360
5	5153	5133	5082	361
5	5191	5152	5129	362
5	5227	248	5218	363
5	5164	5107	5137	364
5	5151	219	220	365
5	5184	218	219	366
5	5150	217	218	367
5	5217	5209	5188	368
5	5182	5162	209	369
5	5178	214	215	370
5	5148	5138	5086	371
5	5207	5194	222	372
5	5147	5122	5096	373
5	5199	5174	5146	374
5	5219	5191	5200	375
5	5145	5098	5126	376
5	5145	5124	5098	377
5	5144	237	238	378
5	5144	5115	237	379
5	5152	5076	5129	380
5	5200	5191	5143	381
5	5175	5155	212	382
5	5183	5149	211	383
5	5141	5094	5061	384
5	5141	5121	5094	385
5	5215	5162	5206	386
5	5214	5174	5199	387
5	5139	5102	5100	388
5	5139	5120	5102	389
5	5187	242	243	390
5	5194	5131	5164	391
5	5198	5164	5186	392
5	5186	5164	5137	393
5	5197	5136	5088	394
5	5197	230	5136	395
5	5135	5047	5093	396
5	5135	5092	5047	397
5	5167	5122	5147	398
5	438	198	199	399
5	5161	5106	5134	400
5	1036	844	843	401
5	307	86	87	402
5	661	506	199	403
5	5189	5128	5114	404
5	508	443	356	405
5	5112	5074	5108	406
5	685	657	503	407
5	5156	5092	5135	408
5	508	356	507	409
5	5204	5178	5142	410
5	659	438	506	411
5	5161	5123	5106	412
5	439	356	196	413
5	5187	5139	5168	414
5	443	195	356	415
5	5177	5130	5165	416
5	485	431	433	417
5	5185	5123	5161	418
5	660	517	543	419
5	5129	5071	5081	420
5	385	153	154	421
5	5129	5076	5071	422
5	661	199	515	423
5	5190	5146	5113	424
5	5188	5169	5119	425
5	5186	5137	5151	426
5	354	121	122	427
5	5182	210	5149	428
5	416	351	111	429
5	5170	5124	5145	430
5	1230	1086	1051	431
5	5203	244	245	432
5	410	132	275	433
5	5183	5125	5149	434
5	415	108	321	435
5	5182	5149	5112	436
5	347	101	259	437
5	5124	5045	5098	438
5	318	89	284	439
5	5124	5082	5045	440
5	425	106	277	441
5	5187	5168	241	442
5	578	347	452	443
5	5180	5147	5166	444
5	325	102	103	445
5	5134	5097	5109	446
5	473	464	312	447
5	5134	5109	5122	448
5	769	737	516	449
5	5179	5121	5158	450
5	5158	5121	5141	451
5	5160	5120	5139	452
5	347	100	101	453
5	5168	5100	5138	454
5	445	95	348	455
5	5140	5103	5056	456
5	671	579	645	457
5	5205	5188	5154	458
5	303	84	85	459
5	5146	5118	5089	460
5	445	336	94	461
5	5146	5089	5113	462
5	721	509	477	463
5	5117	5077	5046	464
5	320	92	93	465
5	5117	234	5077	466
5	335	83	84	467
5	5116	5086	5064	468
5	447	82	250	469
5	5138	5100	5070	470
5	764	754	540	471
5	5159	236	237	472
5	339	71	315	473
5	5159	237	5115	474
5	306	58	59	475
5	5169	5140	5085	476
5	5140	5056	5085	477
5	5113	5052	5076	478
5	292	31	32	479
5	5113	5089	5052	480
5	419	12	287	481
5	5159	5111	236	482
5	288	268	8	483
5	5111	235	236	484
5	293	2	3	485
5	5128	5084	5114	486
5	293	256	2	487
5	5111	5087	5057	488
5	1394	1257	1239	489
5	5110	5048	5092	490
5	340	199	0	491
5	5110	5079	5048	492
5	1218	517	853	493
5	5109	5049	5038	494
5	729	460	521	495
5	5109	5097	5049	496
5	746	543	518	497
5	5149	5099	5112	498
5	5209	5195	5169	499
5	5107	5020	5063	500
5	5107	5068	5020	501
5	312	80	279	502
5	762	562	555	503
5	460	263	267	504
5	670	470	454	505
5	273	139	140	506
5	641	588	365	507
5	384	159	160	508
5	261	154	155	509
5	304	55	302	510
5	573	332	466	511
5	742	537	741	512
5	1505	888	1371	513
5	256	255	1	514
5	256	1	2	515
5	330	30	257	516
5	472	345	295	517
5	346	36	258	518
5	260	32	33	519
5	511	456	320	520
5	452	259	451	521
5	329	34	265	522
5	292	32	260	523
5	813	617	667	524
5	349	151	152	525
5	521	460	267	526
5	726	515	340	527
5	263	262	5	528
5	263	5	6	529
5	264	261	155	530
5	264	155	156	531
5	329	33	34	532
5	265	34	35	533
5	510	325	423	534
5	514	284	467	535
5	267	263	6	536
5	267	6	7	537
5	268	267	7	538
5	268	7	8	539
5	452	347	259	540
5	509	418	425	541
5	476	330	459	542
5	422	296	47	543
5	326	26	271	544
5	317	22	276	545
5	420	27	28	546
5	272	28	29	547
5	480	400	390	548
5	374	275	133	549
5	570	474	254	550
5	276	22	23	551
5	590	519	252	552
5	374	133	134	553
5	575	343	308	554
5	278	20	21	555
5	415	107	108	556
5	625	321	478	557
5	565	557	294	558
5	557	316	294	559
5	466	332	417	560
5	563	540	300	561
5	642	441	316	562
5	471	251	270	563
5	281	269	97	564
5	281	97	98	565
5	309	16	283	566
5	470	265	346	567
5	309	15	16	568
5	283	16	17	569
5	307	87	301	570
5	675	568	456	571
5	333	43	44	572
5	314	44	45	573
5	286	276	23	574
5	286	23	24	575
5	528	462	274	576
5	533	455	280	577
5	324	10	289	578
5	535	323	282	579
5	324	9	10	580
5	289	10	11	581
5	498	466	417	582
5	310	290	73	583
5	291	280	19	584
5	291	19	20	585
5	938	928	741	586
5	537	468	287	587
5	534	283	322	588
5	521	267	268	589
5	514	318	284	590
5	297	50	51	591
5	422	47	48	592
5	296	46	47	593
5	644	307	536	594
5	573	341	332	595
5	298	48	49	596
5	299	50	297	597
5	505	315	290	598
5	422	48	298	599
5	299	298	49	600
5	299	49	50	601
5	310	73	74	602
5	448	75	300	603
5	913	671	859	604
5	1110	871	1094	605
5	304	54	55	606
5	304	285	54	607
5	442	86	307	608
5	442	85	86	609
5	576	343	575	610
5	665	534	652	611
5	343	62	308	612
5	344	64	65	613
5	556	314	328	614
5	338	58	306	615
5	442	303	85	616
5	467	284	337	617
5	343	61	62	618
5	343	305	61	619
5	497	334	251	620
5	497	251	471	621
5	701	547	662	622
5	532	447	516	623
5	332	67	68	624
5	449	64	344	625
5	313	77	78	626
5	331	76	77	627
5	469	290	310	628
5	331	77	313	629
5	455	322	280	630
5	333	44	314	631
5	339	70	71	632
5	339	311	70	633
5	524	263	460	634
5	441	41	316	635
5	317	278	21	636
5	317	21	22	637
5	318	301	88	638
5	318	88	89	639
5	319	293	3	640
5	319	3	4	641
5	337	284	90	642
5	446	92	320	643
5	415	277	107	644
5	321	108	109	645
5	322	283	17	646
5	322	17	18	647
5	323	287	13	648
5	323	13	14	649
5	552	283	534	650
5	538	289	419	651
5	423	104	418	652
5	694	625	478	653
5	326	274	25	654
5	326	25	26	655
5	341	67	332	656
5	344	65	327	657
5	328	314	45	658
5	328	45	46	659
5	734	677	462	660
5	459	330	257	661
5	330	272	29	662
5	330	29	30	663
5	562	313	555	664
5	498	417	311	665
5	341	66	67	666
5	341	327	66	667
5	468	419	287	668
5	1362	1084	1218	669
5	334	258	37	670
5	334	37	38	671
5	897	675	861	672
5	540	448	300	673
5	336	320	93	674
5	336	93	94	675
5	547	318	514	676
5	768	567	566	677
5	756	520	651	678
5	461	421	305	679
5	652	534	455	680
5	746	660	543	681
5	753	741	535	682
5	1043	889	916	683
5	550	421	461	684
5	643	270	441	685
5	342	313	78	686
5	342	78	79	687
5	575	308	453	688
5	474	302	254	689
5	556	328	520	690
5	449	308	63	691
5	345	297	51	692
5	345	51	52	693
5	346	265	35	694
5	346	35	36	695
5	692	465	647	696
5	347	266	100	697
5	445	94	95	698
5	725	536	701	699
5	407	153	385	700
5	618	407	617	701
5	350	281	98	702
5	350	98	99	703
5	424	109	110	704
5	351	110	111	705
5	413	114	352	706
5	416	112	353	707
5	478	321	424	708
5	496	371	429	709
5	426	367	118	710
5	372	352	115	711
5	378	143	355	712
5	436	140	141	713
5	807	611	806	714
5	359	188	189	715
5	495	383	410	716
5	591	364	378	717
5	783	584	782	718
5	493	410	275	719
5	489	398	361	720
5	394	185	369	721
5	992	880	704	722
5	365	181	182	723
5	605	391	400	724
5	392	178	179	725
5	362	358	148	726
5	362	148	149	727
5	834	450	635	728
5	799	708	504	729
5	603	387	404	730
5	436	141	364	731
5	366	179	180	732
5	392	361	178	733
5	608	480	390	734
5	392	179	366	735
5	426	119	371	736
5	626	353	580	737
5	368	359	189	738
5	368	189	190	739
5	370	183	184	740
5	437	182	183	741
5	839	640	593	742
5	437	183	370	743
5	426	118	119	744
5	371	119	120	745
5	501	413	352	746
5	627	351	416	747
5	428	135	373	748
5	599	380	414	749
5	718	598	689	750
5	824	626	823	751
5	379	124	125	752
5	414	124	379	753
5	432	136	137	754
5	376	137	138	755
5	377	363	146	756
5	377	146	147	757
5	378	364	142	758
5	378	142	143	759
5	600	481	354	760
5	686	583	487	761
5	816	620	619	762
5	689	598	483	763
5	408	156	157	764
5	408	264	156	765
5	412	127	128	766
5	382	128	129	767
5	409	129	130	768
5	383	130	131	769
5	405	158	159	770
5	405	381	158	771
5	407	152	153	772
5	407	349	152	773
5	604	389	402	774
5	640	370	593	775
5	609	391	605	776
5	403	163	387	777
5	389	167	168	778
5	401	166	167	779
5	604	402	601	780
5	401	167	389	781
5	391	171	172	782
5	399	170	171	783
5	479	384	406	784
5	399	171	391	785
5	606	504	392	786
5	593	370	394	787
5	397	174	175	788
5	397	390	174	789
5	394	370	184	790
5	394	184	185	791
5	395	366	180	792
5	395	180	181	793
5	396	360	187	794
5	396	187	188	795
5	620	523	264	796
5	615	384	479	797
5	398	393	176	798
5	398	176	177	799
5	482	406	253	800
5	614	253	403	801
5	400	391	172	802
5	400	172	173	803
5	605	400	480	804
5	489	484	398	805
5	402	389	168	806
5	402	168	169	807
5	974	788	732	808
5	622	382	409	809
5	404	387	164	810
5	404	164	165	811
5	494	376	435	812
5	621	409	383	813
5	406	384	160	814
5	406	160	161	815
5	638	436	364	816
5	583	362	444	817
5	487	444	357	818
5	583	444	487	819
5	636	376	494	820
5	617	407	385	821
5	410	383	131	822
5	410	131	132	823
5	411	379	125	824
5	411	125	126	825
5	529	428	373	826
5	634	426	371	827
5	413	353	113	828
5	413	113	114	829
5	414	380	123	830
5	414	123	124	831
5	580	413	501	832
5	509	425	477	833
5	496	429	481	834
5	527	378	355	835
5	417	332	68	836
5	417	68	69	837
5	423	325	103	838
5	418	104	105	839
5	419	289	11	840
5	419	11	12	841
5	534	322	455	842
5	533	280	291	843
5	421	306	59	844
5	421	59	60	845
5	574	327	341	846
5	646	449	344	847
5	632	418	509	848
5	861	675	669	849
5	624	375	412	850
5	500	414	379	851
5	425	418	105	852
5	425	105	106	853
5	595	372	594	854
5	690	594	450	855
5	427	372	116	856
5	427	116	117	857
5	428	374	134	858
5	428	134	135	859
5	429	371	120	860
5	429	120	121	861
5	430	368	190	862
5	430	190	191	863
5	431	430	191	864
5	431	191	192	865
5	494	435	486	866
5	639	486	273	867
5	433	431	192	868
5	433	192	193	869
5	434	433	193	870
5	434	193	194	871
5	435	376	138	872
5	435	138	139	873
5	601	402	388	874
5	602	404	386	875
5	867	506	661	876
5	812	616	615	877
5	439	196	197	878
5	440	198	438	879
5	592	395	588	880
5	586	368	492	881
5	440	439	197	882
5	440	197	198	883
5	539	521	268	884
5	541	292	260	885
5	473	312	279	886
5	532	473	279	887
5	443	434	194	888
5	443	194	195	889
5	444	362	149	890
5	444	149	150	891
5	951	767	751	892
5	1051	856	915	893
5	446	337	91	894
5	446	91	92	895
5	447	279	81	896
5	447	81	82	897
5	448	310	74	898
5	448	74	75	899
5	526	295	285	900
5	569	306	550	901
5	450	427	367	902
5	635	450	367	903
5	884	790	690	904
5	791	781	501	905
5	978	793	977	906
5	902	702	717	907
5	646	453	449	908
5	577	344	327	909
5	454	346	258	910
5	497	458	334	911
5	628	272	476	912
5	629	463	271	913
5	456	446	320	914
5	951	751	856	915
5	457	385	261	916
5	523	457	261	917
5	458	454	258	918
5	458	258	334	919
5	476	272	330	920
5	462	286	274	921
5	825	628	476	922
5	736	475	531	923
5	548	302	474	924
5	544	345	472	925
5	528	326	463	926
5	679	524	666	927
5	528	274	326	928
5	463	326	271	929
5	464	342	312	930
5	775	498	572	931
5	465	348	269	932
5	698	512	513	933
5	754	554	540	934
5	737	532	516	935
5	567	250	335	936
5	532	279	447	937
5	539	268	288	938
5	538	419	468	939
5	572	498	311	940
5	505	290	469	941
5	561	541	260	942
5	542	257	292	943
5	843	643	642	944
5	631	520	296	945
5	544	297	345	946
5	520	328	296	947
5	701	536	547	948
5	536	307	301	949
5	548	304	302	950
5	526	472	295	951
5	531	317	522	952
5	533	291	475	953
5	628	420	272	954
5	629	271	420	955
5	477	425	277	956
5	499	477	277	957
5	499	277	415	958
5	698	513	578	959
5	615	405	384	960
5	523	261	264	961
5	610	601	388	962
5	862	707	655	963
5	635	426	634	964
5	634	371	496	965
5	705	479	482	966
5	792	597	687	967
5	598	411	483	968
5	600	354	380	969
5	607	397	393	970
5	608	390	397	971
5	808	797	602	972
5	488	394	369	973
5	596	493	275	974
5	596	275	374	975
5	590	252	363	976
5	519	355	252	977
5	988	802	801	978
5	587	360	396	979
5	798	592	789	980
5	800	607	484	981
5	490	485	433	982
5	490	433	434	983
5	491	488	369	984
5	491	369	360	985
5	502	396	359	986
5	587	491	360	987
5	730	457	523	988
5	495	410	493	989
5	711	529	637	990
5	597	428	529	991
5	835	636	710	992
5	621	383	495	993
5	822	689	483	994
5	635	367	426	995
5	771	570	569	996
5	770	569	550	997
5	571	315	505	998
5	776	466	716	999
5	717	625	694	1000
5	901	852	695	1001
5	821	623	820	1002
5	599	414	500	1003
5	627	416	626	1004
5	626	416	353	1005
5	706	581	654	1006
5	587	396	502	1007
5	503	490	434	1008
5	503	434	443	1009
5	504	489	361	1010
5	504	361	392	1011
5	571	339	315	1012
5	572	311	339	1013
5	506	438	199	1014
5	943	917	743	1015
5	685	503	508	1016
5	910	681	850	1017
5	654	485	653	1018
5	987	801	800	1019
5	663	578	452	1020
5	852	663	695	1021
5	1199	1020	1198	1022
5	724	647	525	1023
5	698	578	663	1024
5	722	632	656	1025
5	859	692	847	1026
5	525	281	512	1027
5	513	512	350	1028
5	513	350	266	1029
5	566	335	303	1030
5	516	447	250	1031
5	1219	658	1080	1032
5	515	199	340	1033
5	1038	845	780	1034
5	551	303	442	1035
5	668	256	517	1036
5	868	661	515	1037
5	543	517	293	1038
5	518	319	262	1039
5	584	362	583	1040
5	527	355	519	1041
5	545	297	544	1042
5	631	296	422	1043
5	740	652	455	1044
5	752	552	665	1045
5	531	278	317	1046
5	522	317	276	1047
5	616	405	615	1048
5	782	584	583	1049
5	524	518	262	1050
5	524	262	263	1051
5	525	465	269	1052
5	525	269	281	1053
5	549	304	548	1054
5	757	556	756	1055
5	839	593	683	1056
5	591	378	527	1057
5	665	552	534	1058
5	742	696	468	1059
5	637	432	636	1060
5	637	373	432	1061
5	530	522	276	1062
5	530	276	286	1063
5	874	700	731	1064
5	747	544	700	1065
5	673	662	514	1066
5	773	505	699	1067
5	829	631	630	1068
5	765	565	564	1069
5	553	535	282	1070
5	537	287	323	1071
5	553	309	552	1072
5	537	323	535	1073
5	567	335	566	1074
5	566	303	551	1075
5	760	560	672	1076
5	744	542	541	1077
5	559	539	288	1078
5	558	289	538	1079
5	559	324	558	1080
5	759	559	758	1081
5	554	310	448	1082
5	554	469	310	1083
5	561	329	560	1084
5	542	292	541	1085
5	674	522	530	1086
5	1017	828	748	1087
5	889	758	728	1088
5	1528	1266	1364	1089
5	545	299	297	1090
5	630	422	298	1091
5	748	546	545	1092
5	546	299	545	1093
5	844	714	471	1094
5	630	298	546	1095
5	547	536	301	1096
5	547	301	318	1097
5	549	285	304	1098
5	549	526	285	1099
5	700	544	472	1100
5	715	678	458	1101
5	569	338	306	1102
5	570	254	338	1103
5	751	551	644	1104
5	567	516	250	1105
5	553	282	309	1106
5	552	309	283	1107
5	745	459	542	1108
5	672	560	470	1109
5	780	577	574	1110
5	776	573	466	1111
5	562	331	313	1112
5	563	300	331	1113
5	763	562	762	1114
5	738	473	532	1115
5	565	333	564	1116
5	642	316	557	1117
5	559	288	324	1118
5	558	324	289	1119
5	679	518	524	1120
5	753	553	752	1121
5	561	260	329	1122
5	560	329	265	1123
5	746	518	679	1124
5	734	528	733	1125
5	953	769	768	1126
5	563	331	562	1127
5	846	453	646	1128
5	699	505	469	1129
5	565	294	333	1130
5	564	333	314	1131
5	777	574	573	1132
5	845	646	577	1133
5	1086	856	1051	1134
5	723	511	579	1135
5	723	579	671	1136
5	669	456	511	1137
5	568	467	337	1138
5	568	337	446	1139
5	761	744	541	1140
5	570	338	569	1141
5	750	549	749	1142
5	1667	1374	1548	1143
5	1136	946	1047	1144
5	572	339	571	1145
5	676	550	461	1146
5	846	649	453	1147
5	773	571	505	1148
5	574	341	573	1149
5	1142	954	953	1150
5	577	327	574	1151
5	576	305	343	1152
5	576	461	305	1153
5	1037	714	844	1154
5	829	651	631	1155
5	1039	846	845	1156
5	646	344	577	1157
5	578	513	266	1158
5	578	266	347	1159
5	579	511	336	1160
5	579	336	445	1161
5	790	594	690	1162
5	633	351	627	1163
5	581	492	430	1164
5	581	430	431	1165
5	582	487	357	1166
5	582	357	349	1167
5	584	358	362	1168
5	589	363	377	1169
5	712	495	493	1170
5	585	358	584	1171
5	688	494	486	1172
5	589	377	585	1173
5	586	502	359	1174
5	586	359	368	1175
5	1092	867	661	1176
5	802	703	480	1177
5	592	366	395	1178
5	606	392	366	1179
5	1030	905	688	1180
5	590	363	589	1181
5	840	641	640	1182
5	1154	968	910	1183
5	803	605	703	1184
5	638	364	591	1185
5	789	592	588	1186
5	606	366	592	1187
5	640	437	370	1188
5	641	365	437	1189
5	595	352	372	1190
5	594	372	427	1191
5	794	500	718	1192
5	796	481	600	1193
5	787	519	590	1194
5	838	688	486	1195
5	597	596	374	1196
5	597	374	428	1197
5	598	500	379	1198
5	598	379	411	1199
5	793	596	792	1200
5	600	380	599	1201
5	821	624	623	1202
5	793	712	493	1203
5	612	602	386	1204
5	613	403	387	1205
5	611	389	604	1206
5	603	404	602	1207
5	683	593	488	1208
5	613	387	603	1209
5	611	401	389	1210
5	612	386	401	1211
5	609	399	391	1212
5	610	388	399	1213
5	681	586	492	1214
5	707	491	655	1215
5	803	609	605	1216
5	608	397	607	1217
5	840	640	839	1218
5	983	798	789	1219
5	708	489	504	1220
5	610	399	609	1221
5	812	615	684	1222
5	684	615	479	1223
5	810	614	613	1224
5	612	401	611	1225
5	1032	840	839	1226
5	801	608	607	1227
5	709	489	708	1228
5	614	403	613	1229
5	788	527	732	1230
5	682	487	582	1231
5	616	381	405	1232
5	620	264	408	1233
5	1026	834	1025	1234
5	619	381	616	1235
5	618	349	407	1236
5	618	582	349	1237
5	686	487	682	1238
5	782	583	686	1239
5	732	527	519	1240
5	620	408	619	1241
5	787	732	519	1242
5	785	589	585	1243
5	687	597	529	1244
5	622	409	621	1245
5	820	623	622	1246
5	623	382	622	1247
5	1001	813	877	1248
5	624	412	623	1249
5	713	496	481	1250
5	702	477	499	1251
5	625	499	415	1252
5	625	415	321	1253
5	781	580	501	1254
5	633	424	351	1255
5	911	702	902	1256
5	721	477	702	1257
5	826	628	825	1258
5	629	420	628	1259
5	827	733	463	1260
5	883	666	729	1261
5	651	520	631	1262
5	631	422	630	1263
5	715	497	714	1264
5	740	455	533	1265
5	632	510	423	1266
5	632	423	418	1267
5	791	595	790	1268
5	831	478	633	1269
5	718	500	598	1270
5	796	713	481	1271
5	831	633	830	1272
5	1007	819	818	1273
5	637	529	373	1274
5	636	432	376	1275
5	813	618	617	1276
5	836	638	591	1277
5	797	603	602	1278
5	639	436	638	1279
5	811	705	482	1280
5	705	684	479	1281
5	903	684	705	1282
5	641	437	640	1283
5	654	581	485	1284
5	817	730	523	1285
5	649	575	453	1286
5	643	441	642	1287
5	778	575	649	1288
5	770	550	676	1289
5	644	551	442	1290
5	644	442	307	1291
5	645	579	445	1292
5	645	445	348	1293
5	950	766	765	1294
5	937	752	855	1295
5	695	452	451	1296
5	1220	1045	1048	1297
5	648	548	474	1298
5	772	648	474	1299
5	778	576	575	1300
5	772	474	570	1301
5	650	476	459	1302
5	745	650	459	1303
5	756	556	520	1304
5	844	471	643	1305
5	735	522	674	1306
5	759	743	539	1307
5	1219	507	658	1308
5	863	685	849	1309
5	1069	983	1031	1310
5	1318	1171	1317	1311
5	719	586	681	1312
5	784	655	587	1313
5	656	632	509	1314
5	721	656	509	1315
5	657	653	490	1316
5	657	490	503	1317
5	658	507	439	1318
5	658	439	440	1319
5	691	438	659	1320
5	691	440	438	1321
5	1063	942	889	1322
5	909	891	678	1323
5	668	255	256	1324
5	868	515	726	1325
5	662	547	514	1326
5	1115	1079	873	1327
5	695	451	693	1328
5	1022	694	831	1329
5	664	555	464	1330
5	738	532	737	1331
5	696	538	468	1332
5	666	524	460	1333
5	728	538	696	1334
5	758	558	728	1335
5	667	617	457	1336
5	730	667	457	1337
5	853	517	660	1338
5	727	255	668	1339
5	673	514	467	1340
5	675	456	669	1341
5	1018	829	828	1342
5	672	470	670	1343
5	723	669	511	1344
5	1012	781	976	1345
5	1086	951	856	1346
5	1040	875	649	1347
5	680	568	675	1348
5	680	467	568	1349
5	735	531	522	1350
5	739	533	475	1351
5	680	673	467	1352
5	915	856	725	1353
5	779	576	778	1354
5	779	676	461	1355
5	677	674	530	1356
5	677	530	462	1357
5	678	670	454	1358
5	678	454	458	1359
5	896	666	883	1360
5	1134	943	1133	1361
5	856	751	725	1362
5	915	701	871	1363
5	719	502	586	1364
5	784	502	719	1365
5	814	618	813	1366
5	814	582	618	1367
5	841	588	641	1368
5	703	605	480	1369
5	993	807	806	1370
5	704	604	601	1371
5	867	659	506	1372
5	720	685	508	1373
5	1028	837	836	1374
5	838	486	639	1375
5	710	494	688	1376
5	711	687	529	1377
5	710	636	494	1378
5	999	903	705	1379
5	818	495	712	1380
5	819	622	621	1381
5	832	496	713	1382
5	1202	1024	1023	1383
5	720	508	507	1384
5	691	658	440	1385
5	692	671	645	1386
5	692	645	465	1387
5	695	663	452	1388
5	1267	1109	914	1389
5	823	580	781	1390
5	830	633	627	1391
5	1107	902	1054	1392
5	901	695	693	1393
5	728	558	538	1394
5	729	666	460	1395
5	697	664	464	1396
5	697	464	473	1397
5	724	512	698	1398
5	724	525	512	1399
5	755	554	754	1400
5	716	466	498	1401
5	747	545	544	1402
5	828	630	546	1403
5	725	644	536	1404
5	738	697	473	1405
5	1198	1020	1013	1406
5	864	693	722	1407
5	805	704	601	1408
5	806	604	704	1409
5	804	609	803	1410
5	1366	1224	1264	1411
5	809	603	797	1412
5	995	808	994	1413
5	706	681	492	1414
5	706	492	581	1415
5	707	683	488	1416
5	707	488	491	1417
5	709	484	489	1418
5	802	480	608	1419
5	995	797	808	1420
5	800	484	709	1421
5	991	805	804	1422
5	993	806	880	1423
5	865	812	684	1424
5	1002	812	865	1425
5	818	621	495	1426
5	820	622	819	1427
5	832	634	496	1428
5	833	635	634	1429
5	715	458	497	1430
5	714	497	471	1431
5	925	739	736	1432
5	921	735	674	1433
5	774	571	773	1434
5	775	716	498	1435
5	717	702	499	1436
5	717	499	625	1437
5	794	599	500	1438
5	795	600	599	1439
5	910	719	681	1440
5	1032	839	879	1441
5	1070	1032	879	1442
5	1068	857	863	1443
5	1021	831	830	1444
5	1026	884	690	1445
5	722	693	510	1446
5	722	510	632	1447
5	1253	1102	1225	1448
5	1258	1059	1082	1449
5	1221	1059	852	1450
5	1057	698	663	1451
5	954	737	769	1452
5	1060	913	859	1453
5	1222	1093	868	1454
5	1061	888	932	1455
5	727	726	340	1456
5	727	340	255	1457
5	893	670	891	1458
5	930	745	744	1459
5	922	735	921	1460
5	1289	1124	1064	1461
5	815	616	812	1462
5	1062	900	905	1463
5	731	700	472	1464
5	731	472	526	1465
5	788	591	527	1466
5	837	639	638	1467
5	734	462	528	1468
5	733	528	463	1469
5	941	757	756	1470
5	1015	826	1014	1471
5	855	752	665	1472
5	736	531	735	1473
5	938	753	937	1474
5	739	475	736	1475
5	767	551	751	1476
5	875	778	649	1477
5	958	872	648	1478
5	960	774	959	1479
5	929	742	928	1480
5	740	533	739	1481
5	1407	1228	1294	1482
5	1810	1652	1504	1483
5	742	468	537	1484
5	741	537	535	1485
5	855	665	854	1486
5	1014	826	825	1487
5	743	729	521	1488
5	743	521	539	1489
5	761	561	760	1490
5	745	542	744	1491
5	1019	651	829	1492
5	935	750	749	1493
5	1139	941	1076	1494
5	1120	854	927	1495
5	931	650	745	1496
5	748	545	747	1497
5	1014	825	869	1498
5	828	546	748	1499
5	750	526	549	1500
5	750	731	526	1501
5	920	885	677	1502
5	927	652	740	1503
5	767	566	551	1504
5	769	516	567	1505
5	753	535	553	1506
5	752	553	552	1507
5	929	916	696	1508
5	1213	1035	1212	1509
5	755	469	554	1510
5	755	699	469	1511
5	948	754	764	1512
5	939	755	754	1513
5	757	564	556	1514
5	766	557	565	1515
5	941	756	851	1516
5	765	564	757	1517
5	759	539	559	1518
5	758	559	558	1519
5	1120	1085	854	1520
5	922	736	735	1521
5	761	541	561	1522
5	760	561	560	1523
5	956	771	770	1524
5	935	749	872	1525
5	763	563	562	1526
5	764	540	563	1527
5	959	774	773	1528
5	764	563	763	1529
5	963	777	776	1530
5	961	775	960	1531
5	891	670	678	1532
5	766	565	765	1533
5	1035	843	842	1534
5	842	557	766	1535
5	915	725	701	1536
5	768	566	767	1537
5	948	939	754	1538
5	769	567	768	1539
5	947	763	946	1540
5	1040	649	846	1541
5	872	749	648	1542
5	771	569	770	1543
5	956	770	955	1544
5	772	570	771	1545
5	965	778	875	1546
5	957	772	771	1547
5	774	572	571	1548
5	775	572	774	1549
5	952	767	951	1550
5	859	671	692	1551
5	871	701	662	1552
5	923	738	737	1553
5	873	664	697	1554
5	777	573	776	1555
5	873	848	664	1556
5	780	574	777	1557
5	779	461	576	1558
5	933	747	700	1559
5	1127	935	1067	1560
5	934	748	747	1561
5	946	763	762	1562
5	845	577	780	1563
5	823	626	580	1564
5	824	627	626	1565
5	783	585	584	1566
5	786	590	589	1567
5	1029	838	837	1568
5	785	585	783	1569
5	986	709	904	1570
5	985	904	708	1571
5	967	782	858	1572
5	786	589	785	1573
5	970	783	967	1574
5	787	590	786	1575
5	900	835	710	1576
5	973	732	787	1577
5	1011	689	822	1578
5	836	591	788	1579
5	798	606	592	1580
5	799	504	606	1581
5	791	501	595	1582
5	790	595	594	1583
5	1008	820	819	1584
5	1020	830	824	1585
5	793	493	596	1586
5	792	596	597	1587
5	1027	836	788	1588
5	906	835	900	1589
5	981	795	980	1590
5	795	599	794	1591
5	1020	824	1013	1592
5	796	600	795	1593
5	975	791	790	1594
5	976	791	975	1595
5	809	613	603	1596
5	811	482	614	1597
5	1081	850	876	1598
5	799	606	798	1599
5	969	862	655	1600
5	1257	1081	1239	1601
5	898	803	703	1602
5	801	607	800	1603
5	904	709	708	1604
5	802	608	801	1605
5	878	707	862	1606
5	998	811	810	1607
5	804	610	609	1608
5	805	601	610	1609
5	880	806	704	1610
5	805	610	804	1611
5	989	898	703	1612
5	1078	857	1068	1613
5	807	612	611	1614
5	808	602	612	1615
5	1209	1029	1208	1616
5	808	612	807	1617
5	1182	1002	1073	1618
5	877	813	667	1619
5	1253	1056	1102	1620
5	810	613	809	1621
5	1004	817	816	1622
5	811	614	810	1623
5	903	865	684	1624
5	1159	972	971	1625
5	815	619	616	1626
5	817	523	620	1627
5	814	682	582	1628
5	971	786	785	1629
5	882	792	687	1630
5	1102	1056	901	1631
5	879	683	878	1632
5	816	619	815	1633
5	1002	815	812	1634
5	817	620	816	1635
5	907	882	687	1636
5	1006	818	712	1637
5	977	793	792	1638
5	819	621	818	1639
5	1025	834	833	1640
5	822	624	821	1641
5	1025	833	1024	1642
5	822	483	624	1643
5	1012	823	781	1644
5	975	790	884	1645
5	979	718	881	1646
5	981	796	795	1647
5	1013	823	1012	1648
5	979	794	718	1649
5	976	781	791	1650
5	830	627	824	1651
5	826	629	628	1652
5	827	463	629	1653
5	1019	829	1018	1654
5	827	629	826	1655
5	869	825	650	1656
5	894	760	672	1657
5	949	757	941	1658
5	829	630	828	1659
5	1037	908	714	1660
5	1145	955	1144	1661
5	1056	852	901	1662
5	911	721	702	1663
5	901	693	864	1664
5	902	717	860	1665
5	982	796	981	1666
5	833	634	832	1667
5	977	792	882	1668
5	834	635	833	1669
5	967	783	782	1670
5	1104	907	906	1671
5	835	711	637	1672
5	835	637	636	1673
5	978	712	793	1674
5	837	638	836	1675
5	1030	688	838	1676
5	838	639	837	1677
5	1003	815	1002	1678
5	878	683	707	1679
5	1367	1092	1265	1680
5	841	641	840	1681
5	984	798	983	1682
5	841	789	588	1683
5	1226	1090	1156	1684
5	876	706	654	1685
5	921	674	885	1686
5	843	642	842	1687
5	931	869	650	1688
5	844	643	843	1689
5	894	672	893	1690
5	909	715	908	1691
5	870	773	699	1692
5	846	646	845	1693
5	961	716	775	1694
5	959	773	870	1695
5	847	692	647	1696
5	914	647	724	1697
5	848	762	664	1698
5	1138	1131	939	1699
5	1044	691	659	1700
5	1686	1371	1519	1701
5	1154	910	1049	1702
5	857	653	657	1703
5	851	756	651	1704
5	1148	872	958	1705
5	1082	724	1058	1706
5	914	847	647	1707
5	1506	863	1042	1708
5	1083	726	727	1709
5	854	665	652	1710
5	927	854	652	1711
5	1101	891	909	1712
5	1260	1100	1228	1713
5	954	923	737	1714
5	1308	1152	1307	1715
5	876	850	706	1716
5	887	653	857	1717
5	858	782	686	1718
5	899	858	686	1719
5	1231	1045	1220	1720
5	1507	1408	1431	1721
5	860	717	694	1722
5	1336	1191	1335	1723
5	1369	1220	1271	1724
5	1598	1554	1440	1725
5	968	719	910	1726
5	1156	862	969	1727
5	863	857	657	1728
5	863	657	685	1729
5	1162	975	884	1730
5	1167	980	1166	1731
5	1005	918	730	1732
5	1278	1105	1104	1733
5	866	864	722	1734
5	866	722	656	1735
5	1406	1093	1222	1736
5	1264	1224	1078	1737
5	1527	1061	932	1738
5	1371	888	1227	1739
5	1016	919	733	1740
5	885	674	677	1741
5	940	755	939	1742
5	962	716	961	1743
5	1140	952	951	1744
5	1094	890	1041	1745
5	1217	875	1040	1746
5	955	770	676	1747
5	924	738	923	1748
5	924	697	738	1749
5	936	750	935	1750
5	933	700	874	1751
5	1150	960	1149	1752
5	958	648	772	1753
5	1171	985	1170	1754
5	1155	968	1154	1755
5	1077	905	1030	1756
5	899	686	682	1757
5	879	839	683	1758
5	1033	840	1032	1759
5	1078	887	857	1760
5	1171	904	985	1761
5	990	803	898	1762
5	996	797	995	1763
5	881	718	689	1764
5	1011	881	689	1765
5	1006	712	978	1766
5	1010	822	821	1767
5	1135	945	944	1768
5	917	883	729	1769
5	980	794	979	1770
5	1024	833	832	1771
5	920	734	919	1772
5	925	736	922	1773
5	1508	720	886	1774
5	886	720	507	1775
5	887	876	654	1776
5	887	654	653	1777
5	932	679	896	1778
5	932	746	679	1779
5	917	729	743	1780
5	942	758	889	1781
5	890	871	662	1782
5	890	662	673	1783
5	893	672	670	1784
5	945	930	744	1785
5	892	861	669	1786
5	892	669	723	1787
5	1113	921	885	1788
5	944	760	894	1789
5	1046	944	894	1790
5	1195	1111	919	1791
5	895	890	673	1792
5	895	673	680	1793
5	932	888	746	1794
5	896	679	666	1795
5	897	895	680	1796
5	897	680	675	1797
5	990	804	803	1798
5	992	704	805	1799
5	1071	1000	1001	1800
5	1206	1027	974	1801
5	906	711	835	1802
5	907	687	711	1803
5	1108	1055	912	1804
5	1221	852	1056	1805
5	912	656	721	1806
5	912	721	911	1807
5	994	807	993	1808
5	1180	996	1179	1809
5	986	800	709	1810
5	989	703	802	1811
5	905	900	710	1812
5	905	710	688	1813
5	1190	881	1011	1814
5	907	711	906	1815
5	1187	1009	1008	1816
5	1165	978	977	1817
5	909	678	715	1818
5	908	715	714	1819
5	1123	1066	931	1820
5	1119	927	926	1821
5	968	784	719	1822
5	969	655	784	1823
5	1335	1163	1313	1824
5	912	866	656	1825
5	1229	1087	1109	1826
5	1205	884	1026	1827
5	913	892	723	1828
5	913	723	671	1829
5	1091	864	866	1830
5	1060	1050	913	1831
5	1269	1140	1086	1832
5	1151	961	1150	1833
5	916	889	728	1834
5	916	728	696	1835
5	943	759	942	1836
5	1228	1100	1134	1837
5	918	877	667	1838
5	918	667	730	1839
5	920	677	734	1840
5	919	734	733	1841
5	1144	964	1095	1842
5	1217	1096	875	1843
5	1146	957	956	1844
5	926	740	739	1845
5	1238	1076	1197	1846
5	1195	919	1016	1847
5	924	873	697	1848
5	1321	1177	1176	1849
5	1153	966	963	1850
5	1290	1128	1247	1851
5	1283	1112	1111	1852
5	926	739	925	1853
5	1121	929	928	1854
5	927	740	926	1855
5	1129	937	1065	1856
5	1085	855	854	1857
5	929	696	742	1858
5	928	742	741	1859
5	1063	889	1043	1860
5	1133	942	1063	1861
5	945	761	944	1862
5	931	745	930	1863
5	1123	930	945	1864
5	1065	937	855	1865
5	1286	1117	1284	1866
5	1604	1461	1460	1867
5	1283	1113	1112	1868
5	934	747	933	1869
5	1194	1016	1015	1870
5	1017	748	934	1871
5	936	731	750	1872
5	936	874	731	1873
5	1125	933	874	1874
5	1139	949	941	1875
5	938	741	753	1876
5	937	753	752	1877
5	1130	1121	928	1878
5	1227	888	1061	1879
5	940	699	755	1880
5	940	870	699	1881
5	1131	940	939	1882
5	1052	959	870	1883
5	949	765	757	1884
5	1034	842	766	1885
5	943	743	759	1886
5	942	759	758	1887
5	1368	1227	1061	1888
5	1124	932	896	1889
5	945	744	761	1890
5	944	761	760	1891
5	1117	925	922	1892
5	1123	945	1135	1893
5	947	764	763	1894
5	948	764	947	1895
5	1297	1136	1244	1896
5	1106	908	1037	1897
5	1095	964	965	1898
5	1304	1144	1240	1899
5	1149	960	959	1900
5	950	765	949	1901
5	1320	1176	1175	1902
5	1034	766	950	1903
5	952	768	767	1904
5	953	768	952	1905
5	1089	892	1050	1906
5	1282	1094	1236	1907
5	1430	1280	1373	1908
5	954	769	953	1909
5	1137	947	1136	1910
5	1151	962	961	1911
5	1146	956	1145	1912
5	1212	950	1139	1913
5	1152	962	1151	1914
5	957	771	956	1915
5	1197	1017	1196	1916
5	958	772	957	1917
5	1340	1126	1290	1918
5	1196	1017	934	1919
5	960	775	774	1920
5	962	776	716	1921
5	1110	1051	915	1922
5	963	776	962	1923
5	1094	871	890	1924
5	966	780	777	1925
5	1140	951	1086	1926
5	1425	1282	1370	1927
5	1079	1047	848	1928
5	966	777	963	1929
5	964	955	676	1930
5	964	676	779	1931
5	965	964	779	1932
5	965	779	778	1933
5	1298	1293	1131	1934
5	1038	780	966	1935
5	970	785	783	1936
5	972	787	786	1937
5	1169	983	1069	1938
5	969	784	968	1939
5	1173	987	986	1940
5	1090	878	862	1941
5	1182	1003	1002	1942
5	971	785	970	1943
5	1183	918	1005	1944
5	972	786	971	1945
5	1259	1087	1229	1946
5	973	787	972	1947
5	1179	995	994	1948
5	974	732	973	1949
5	1074	880	1178	1950
5	1027	788	974	1951
5	1185	1007	1006	1952
5	1013	824	823	1953
5	1347	1201	1346	1954
5	1343	1199	1198	1955
5	1172	986	904	1956
5	1007	818	1006	1957
5	1160	973	972	1958
5	1008	819	1007	1959
5	980	795	794	1960
5	982	713	796	1961
5	1168	981	1167	1962
5	1023	832	713	1963
5	1191	1012	976	1964
5	1205	1162	884	1965
5	1332	1188	1331	1966
5	1023	713	982	1967
5	984	799	798	1968
5	985	708	799	1969
5	1310	1226	1156	1970
5	985	799	984	1971
5	1318	1173	1172	1972
5	1176	989	1175	1973
5	1169	984	983	1974
5	987	800	986	1975
5	1178	991	1177	1976
5	988	801	987	1977
5	1177	991	990	1978
5	989	802	988	1979
5	1174	988	987	1980
5	1310	1156	1155	1981
5	1181	1073	903	1982
5	991	804	990	1983
5	1175	989	988	1984
5	992	805	991	1985
5	1170	984	1169	1986
5	1157	970	967	1987
5	994	808	807	1988
5	999	705	811	1989
5	1172	904	1171	1990
5	997	810	809	1991
5	1161	974	973	1992
5	1207	1028	1027	1993
5	1075	967	858	1994
5	997	809	996	1995
5	1101	1046	893	1996
5	998	810	997	1997
5	1584	1430	1509	1998
5	999	811	998	1999
5	1073	865	903	2000
5	1183	1098	918	2001
5	1000	899	682	2002
5	1000	682	814	2003
5	1001	1000	814	2004
5	1001	814	813	2005
5	1003	816	815	2006
5	1005	730	817	2007
5	1181	903	999	2008
5	1004	816	1003	2009
5	1178	880	992	2010
5	1005	817	1004	2011
5	1073	1002	865	2012
5	1183	1004	1182	2013
5	1189	1011	1010	2014
5	1009	821	820	2015
5	1104	906	1103	2016
5	1334	1250	1053	2017
5	1166	980	979	2018
5	1009	820	1008	2019
5	1203	1025	1024	2020
5	1010	821	1009	2021
5	1191	976	1163	2022
5	1011	822	1010	2023
5	1166	979	1053	2024
5	1168	982	981	2025
5	1192	1013	1012	2026
5	1021	830	1020	2027
5	1201	982	1168	2028
5	1022	831	1021	2029
5	1015	827	826	2030
5	1016	733	827	2031
5	1046	894	893	2032
5	1016	827	1015	2033
5	1212	1034	950	2034
5	1128	936	1127	2035
5	1135	944	1046	2036
5	1018	828	1017	2037
5	1106	1101	909	2038
5	1019	851	651	2039
5	1076	941	851	2040
5	1212	1035	1034	2041
5	1415	1056	1253	2042
5	1163	975	1162	2043
5	1349	1203	1348	2044
5	1022	860	694	2045
5	1091	866	1055	2046
5	1055	866	912	2047
5	1192	1012	1191	2048
5	1024	832	1023	2049
5	1164	977	882	2050
5	1026	690	834	2051
5	1184	1006	978	2052
5	1103	900	1062	2053
5	1179	996	995	2054
5	1105	882	907	2055
5	1072	899	1000	2056
5	1028	836	1027	2057
5	1180	998	997	2058
5	1029	837	1028	2059
5	1105	907	1104	2060
5	1030	838	1029	2061
5	1103	906	900	2062
5	1188	1010	1009	2063
5	1031	983	789	2064
5	1031	789	841	2065
5	1033	841	840	2066
5	1033	1031	841	2067
5	1355	1211	1210	2068
5	1517	1470	1397	2069
5	1076	851	1019	2070
5	1035	842	1034	2071
5	1118	926	925	2072
5	1036	843	1035	2073
5	1066	869	931	2074
5	1037	844	1036	2075
5	1085	1065	855	2076
5	1122	929	1121	2077
5	1136	947	946	2078
5	1039	845	1038	2079
5	1214	1038	966	2080
5	1040	846	1039	2081
5	1149	959	1052	2082
5	1216	1040	1039	2083
5	1050	892	913	2084
5	1422	1270	1246	2085
5	1042	863	849	2086
5	1044	659	867	2087
5	1436	1289	1260	2088
5	1122	916	929	2089
5	1256	691	1044	2090
5	1080	658	691	2091
5	1045	1041	895	2092
5	1045	895	897	2093
5	1101	893	891	2094
5	1106	1037	1213	2095
5	1047	946	848	2096
5	1273	1051	1110	2097
5	1048	1045	897	2098
5	1048	897	861	2099
5	1049	910	850	2100
5	1326	1073	1181	2101
5	1089	861	892	2102
5	1089	1048	861	2103
5	1143	923	954	2104
5	1079	848	873	2105
5	1132	940	1131	2106
5	1290	1126	1125	2107
5	1053	979	881	2108
5	1190	1053	881	2109
5	1054	902	860	2110
5	1200	1088	1022	2111
5	1108	911	1107	2112
5	1270	1050	1246	2113
5	1102	864	1091	2114
5	1102	901	864	2115
5	1058	698	1057	2116
5	1058	724	698	2117
5	1082	914	724	2118
5	1258	1057	1059	2119
5	1059	1057	663	2120
5	1059	663	852	2121
5	1246	1050	1060	2122
5	1345	1200	1344	2123
5	1356	1243	1212	2124
5	1124	896	1064	2125
5	1405	1310	1376	2126
5	1077	1062	905	2127
5	1064	896	883	2128
5	1294	1133	1223	2129
5	1443	1295	1377	2130
5	1134	917	943	2131
5	1193	1015	1014	2132
5	1338	1195	1194	2133
5	1111	920	919	2134
5	1066	1014	869	2135
5	1067	935	872	2136
5	1148	1067	872	2137
5	1097	887	1078	2138
5	1081	1049	850	2139
5	1210	1032	1070	2140
5	1211	1031	1033	2141
5	1210	1033	1032	2142
5	1211	1069	1031	2143
5	1249	1079	1248	2144
5	1157	967	1075	2145
5	1312	1160	1311	2146
5	1072	1000	1071	2147
5	1071	1001	877	2148
5	1182	1004	1003	2149
5	1181	998	1180	2150
5	1074	994	993	2151
5	1072	1075	858	2152
5	1378	1232	1353	2153
5	1139	950	949	2154
5	1127	936	935	2155
5	1158	970	1157	2156
5	1208	1029	1028	2157
5	1323	1074	1322	2158
5	1239	1097	1224	2159
5	1141	952	1140	2160
5	1231	1041	1045	2161
5	1550	1367	1265	2162
5	1754	1607	1753	2163
5	1126	933	1125	2164
5	1197	1018	1017	2165
5	1267	914	1082	2166
5	1281	1235	1055	2167
5	1289	1064	1260	2168
5	1233	867	1092	2169
5	1268	727	1084	2170
5	1084	727	668	2171
5	1112	920	1111	2172
5	1563	1452	1533	2173
5	1411	1259	1375	2174
5	1115	873	924	2175
5	1087	1060	859	2176
5	1087	859	847	2177
5	1088	1054	860	2178
5	1088	860	1022	2179
5	1449	1304	1448	2180
5	1303	1116	1143	2181
5	1099	879	878	2182
5	1099	1070	879	2183
5	1277	1103	1062	2184
5	1072	858	899	2185
5	1233	1044	867	2186
5	1222	868	1083	2187
5	1093	1092	661	2188
5	1093	661	868	2189
5	1110	915	871	2190
5	1270	1089	1050	2191
5	1144	955	964	2192
5	1145	956	955	2193
5	1096	1095	965	2194
5	1096	965	875	2195
5	1097	1081	876	2196
5	1097	876	887	2197
5	1098	1071	877	2198
5	1098	877	918	2199
5	1354	1070	1275	2200
5	1318	1172	1171	2201
5	1100	1064	883	2202
5	1100	883	917	2203
5	1262	1075	1072	2204
5	1382	1351	1350	2205
5	1179	994	1074	2206
5	1074	993	880	2207
5	1352	1207	1206	2208
5	1164	882	1105	2209
5	1322	1178	1316	2210
5	1165	977	1164	2211
5	1276	1071	1272	2212
5	1184	978	1165	2213
5	1106	909	908	2214
5	1357	1213	1243	2215
5	1108	912	911	2216
5	1107	911	902	2217
5	1721	1375	1577	2218
5	1383	1234	1254	2219
5	1109	1087	847	2220
5	1109	847	914	2221
5	1384	1220	1369	2222
5	1269	1086	1230	2223
5	1112	885	920	2224
5	1114	922	921	2225
5	1284	1117	1114	2226
5	1113	885	1112	2227
5	1338	1194	1193	2228
5	1114	921	1113	2229
5	1339	1283	1111	2230
5	1117	922	1114	2231
5	1385	1247	1306	2232
5	1141	953	952	2233
5	1116	1115	924	2234
5	1116	924	923	2235
5	1242	1065	1085	2236
5	1118	925	1117	2237
5	1389	1223	1237	2238
5	1119	926	1118	2239
5	1292	1130	1291	2240
5	1120	927	1119	2241
5	1439	1416	1288	2242
5	1255	1043	1122	2243
5	1130	938	1129	2244
5	1122	1043	916	2245
5	1433	1380	1286	2246
5	1589	1438	1510	2247
5	1123	931	930	2248
5	1193	1014	1066	2249
5	1286	1118	1117	2250
5	1287	1119	1286	2251
5	1126	934	933	2252
5	1197	1076	1019	2253
5	1295	1123	1135	2254
5	1196	934	1126	2255
5	1128	874	936	2256
5	1128	1125	874	2257
5	1452	1357	1387	2258
5	1450	1293	1446	2259
5	1130	928	938	2260
5	1129	938	937	2261
5	1337	1066	1296	2262
5	1435	1386	1241	2263
5	1132	870	940	2264
5	1132	1052	870	2265
5	1360	1216	1359	2266
5	1240	1144	1095	2267
5	1134	1100	917	2268
5	1133	943	942	2269
5	1511	1222	1420	2270
5	1953	1664	1706	2271
5	1285	1248	1115	2272
5	1245	1052	1293	2273
5	1137	948	947	2274
5	1138	939	948	2275
5	1293	1132	1131	2276
5	1138	948	1137	2277
5	1307	1152	1151	2278
5	1298	1131	1138	2279
5	1299	1076	1238	2280
5	1213	1037	1036	2281
5	1143	954	1142	2282
5	1142	953	1141	2283
5	1300	1141	1140	2284
5	1143	1116	923	2285
5	1557	1381	1552	2286
5	1297	1138	1137	2287
5	1365	1302	1301	2288
5	1586	1525	1380	2289
5	1240	1095	1096	2290
5	1147	958	957	2291
5	1308	1214	1153	2292
5	1245	1150	1149	2293
5	1304	1145	1144	2294
5	1147	957	1146	2295
5	1359	1214	1308	2296
5	1148	958	1147	2297
5	1360	1240	1096	2298
5	1411	1246	1259	2299
5	1150	961	960	2300
5	1152	963	962	2301
5	1305	1146	1304	2302
5	1153	963	1152	2303
5	1305	1148	1147	2304
5	1214	966	1153	2305
5	1359	1216	1215	2306
5	1215	1039	1038	2307
5	1306	1067	1148	2308
5	1307	1151	1150	2309
5	1155	969	968	2310
5	1156	1090	862	2311
5	1515	1080	1256	2312
5	1156	969	1155	2313
5	1899	1755	1754	2314
5	1274	1090	1226	2315
5	1158	971	970	2316
5	1209	1030	1029	2317
5	1232	1062	1077	2318
5	1159	971	1158	2319
5	1259	1060	1087	2320
5	1160	972	1159	2321
5	1329	1272	1098	2322
5	1161	973	1160	2323
5	1348	1203	1202	2324
5	1206	974	1161	2325
5	1163	976	975	2326
5	1199	1021	1020	2327
5	1333	1190	1189	2328
5	1200	1021	1199	2329
5	1277	1104	1103	2330
5	1185	1006	1184	2331
5	1346	1168	1315	2332
5	1186	1008	1007	2333
5	1167	981	980	2334
5	1201	1023	982	2335
5	1315	1168	1167	2336
5	1202	1023	1201	2337
5	1336	1192	1191	2338
5	1203	1024	1202	2339
5	1170	985	984	2340
5	1274	1099	1090	2341
5	1746	1600	1570	2342
5	1173	986	1172	2343
5	1462	1459	1321	2344
5	1174	987	1173	2345
5	1641	1426	1583	2346
5	1175	988	1174	2347
5	1239	1081	1097	2348
5	1176	990	898	2349
5	1355	1210	1354	2350
5	1176	898	989	2351
5	1252	1069	1211	2352
5	1317	1169	1252	2353
5	1317	1171	1170	2354
5	1177	990	1176	2355
5	1252	1169	1069	2356
5	1178	992	991	2357
5	1464	1322	1463	2358
5	1180	997	996	2359
5	1311	1159	1158	2360
5	1181	999	998	2361
5	1272	1071	1098	2362
5	1329	1098	1183	2363
5	1325	1181	1180	2364
5	1316	1178	1177	2365
5	1317	1170	1169	2366
5	1183	1005	1004	2367
5	1276	1072	1071	2368
5	1328	1183	1182	2369
5	1343	1198	1342	2370
5	1259	1246	1060	2371
5	1351	1313	1162	2372
5	1186	1007	1185	2373
5	1331	1186	1330	2374
5	1187	1008	1186	2375
5	1330	1185	1184	2376
5	1188	1009	1187	2377
5	1277	1062	1232	2378
5	1189	1010	1188	2379
5	1620	1456	1475	2380
5	1190	1011	1189	2381
5	1342	1192	1336	2382
5	1330	1186	1185	2383
5	1351	1162	1205	2384
5	1374	1253	1225	2385
5	1280	1107	1234	2386
5	1198	1013	1192	2387
5	1284	1114	1113	2388
5	1194	1015	1193	2389
5	1291	1129	1241	2390
5	1195	1016	1194	2391
5	1241	1129	1065	2392
5	1287	1120	1119	2393
5	1284	1113	1283	2394
5	1197	1019	1018	2395
5	1295	1135	1261	2396
5	1358	1106	1357	2397
5	1234	1107	1054	2398
5	1200	1022	1021	2399
5	1345	1254	1088	2400
5	1344	1199	1343	2401
5	1342	1198	1192	2402
5	1313	1163	1162	2403
5	1335	1191	1163	2404
5	1204	1026	1025	2405
5	1349	1204	1203	2406
5	1350	1205	1204	2407
5	1492	1312	1311	2408
5	1204	1025	1203	2409
5	1263	1157	1075	2410
5	1205	1026	1204	2411
5	1278	1164	1105	2412
5	1346	1201	1168	2413
5	1323	1179	1074	2414
5	1207	1027	1206	2415
5	1314	1184	1165	2416
5	1208	1028	1207	2417
5	1263	1158	1157	2418
5	1209	1077	1030	2419
5	1353	1209	1208	2420
5	1232	1077	1209	2421
5	1319	1175	1174	2422
5	1211	1033	1210	2423
5	1321	1316	1177	2424
5	1324	1179	1323	2425
5	1478	1296	1443	2426
5	1213	1036	1035	2427
5	1370	1282	1236	2428
5	1243	1213	1212	2429
5	1654	1531	1581	2430
5	1215	1038	1214	2431
5	1285	1115	1116	2432
5	1216	1039	1215	2433
5	1384	1231	1220	2434
5	1217	1040	1216	2435
5	1306	1247	1067	2436
5	1247	1127	1067	2437
5	1218	1084	668	2438
5	1218	668	517	2439
5	1521	1233	1367	2440
5	1219	886	507	2441
5	1271	1048	1089	2442
5	1271	1089	1270	2443
5	1403	1082	1059	2444
5	1403	1267	1082	2445
5	1264	1078	1068	2446
5	1260	1064	1100	2447
5	1223	1133	1063	2448
5	1514	1404	1416	2449
5	1224	1097	1078	2450
5	1562	1428	1538	2451
5	1225	1102	1091	2452
5	1235	1225	1091	2453
5	1495	1275	1426	2454
5	1309	1155	1154	2455
5	1420	1083	1268	2456
5	1519	1227	1518	2457
5	1436	1260	1417	2458
5	1439	1292	1438	2459
5	1423	1369	1271	2460
5	1423	1270	1422	2461
5	1236	1041	1231	2462
5	1558	1391	1557	2463
5	1236	1094	1041	2464
5	1273	1230	1051	2465
5	1319	1173	1318	2466
5	1278	1104	1277	2467
5	1684	1662	1401	2468
5	1265	1092	1093	2469
5	1235	1091	1055	2470
5	1476	1313	1382	2471
5	1281	1108	1280	2472
5	1628	1482	1627	2473
5	1365	1303	1302	2474
5	1647	1499	1646	2475
5	1237	1223	1063	2476
5	1237	1063	1043	2477
5	1340	1196	1126	2478
5	1290	1125	1128	2479
5	1251	1154	1049	2480
5	1309	1154	1251	2481
5	1399	1279	1358	2482
5	1247	1128	1127	2483
5	1292	1288	1121	2484
5	1255	1237	1043	2485
5	1242	1120	1287	2486
5	1242	1241	1065	2487
5	1356	1139	1299	2488
5	1261	1135	1046	2489
5	1244	1136	1047	2490
5	1248	1079	1115	2491
5	1293	1052	1132	2492
5	1307	1150	1245	2493
5	1375	1259	1229	2494
5	1391	1230	1381	2495
5	1304	1146	1145	2496
5	1305	1147	1146	2497
5	1249	1047	1079	2498
5	1249	1244	1047	2499
5	1447	1301	1300	2500
5	1568	1412	1564	2501
5	1315	1167	1250	2502
5	1250	1167	1166	2503
5	1559	1402	1080	2504
5	1426	1274	1396	2505
5	1275	1099	1274	2506
5	1319	1174	1173	2507
5	1419	1109	1267	2508
5	1419	1229	1109	2509
5	1254	1234	1054	2510
5	1254	1054	1088	2511
5	1573	1407	1565	2512
5	1438	1291	1386	2513
5	1379	1042	1266	2514
5	1256	1080	691	2515
5	1257	1251	1049	2516
5	1257	1049	1081	2517
5	1258	1082	1058	2518
5	1258	1058	1057	2519
5	1347	1202	1201	2520
5	1330	1184	1314	2521
5	1518	1227	1368	2522
5	1390	1294	1223	2523
5	1622	1443	1526	2524
5	1358	1101	1106	2525
5	1496	1457	1252	2526
5	1263	1075	1262	2527
5	1312	1206	1161	2528
5	1311	1158	1263	2529
5	1527	1368	1061	2530
5	1687	1512	1513	2531
5	1367	1233	1092	2532
5	1266	1042	849	2533
5	1460	1319	1318	2534
5	1664	1518	1368	2535
5	1415	1221	1056	2536
5	1548	1374	1408	2537
5	1530	1268	1084	2538
5	1268	1083	727	2539
5	1391	1269	1230	2540
5	1300	1140	1269	2541
5	1663	1415	1571	2542
5	1271	1220	1048	2543
5	1447	1300	1392	2544
5	1392	1300	1269	2545
5	1276	1262	1072	2546
5	1640	1494	1493	2547
5	1413	1249	1412	2548
5	1381	1230	1273	2549
5	1275	1070	1099	2550
5	1354	1210	1070	2551
5	1460	1318	1458	2552
5	1355	1252	1211	2553
5	1469	1429	1328	2554
5	1464	1323	1322	2555
5	1428	1232	1378	2556
5	1332	1189	1188	2557
5	1250	1166	1053	2558
5	1455	1311	1263	2559
5	1279	1261	1046	2560
5	1279	1046	1101	2561
5	1281	1055	1108	2562
5	1280	1108	1107	2563
5	1431	1281	1430	2564
5	1572	1419	1267	2565
5	1282	1273	1110	2566
5	1282	1110	1094	2567
5	1296	1123	1295	2568
5	1296	1066	1123	2569
5	1301	1141	1300	2570
5	1242	1085	1120	2571
5	1647	1500	1499	2572
5	1286	1119	1118	2573
5	1444	1297	1244	2574
5	1387	1357	1243	2575
5	1443	1296	1295	2576
5	1380	1287	1286	2577
5	1288	1255	1122	2578
5	1288	1122	1121	2579
5	1723	1688	1417	2580
5	1512	1289	1436	2581
5	1437	1247	1385	2582
5	1341	1197	1196	2583
5	1292	1121	1130	2584
5	1291	1130	1129	2585
5	1390	1223	1389	2586
5	1386	1291	1241	2587
5	1297	1137	1136	2588
5	1625	1437	1534	2589
5	1294	1228	1134	2590
5	1294	1134	1133	2591
5	1437	1290	1247	2592
5	1337	1193	1066	2593
5	1441	1338	1337	2594
5	1338	1193	1337	2595
5	1400	1248	1285	2596
5	1298	1138	1297	2597
5	1450	1245	1293	2598
5	1412	1248	1400	2599
5	1356	1212	1139	2600
5	1299	1139	1076	2601
5	1301	1142	1141	2602
5	1302	1143	1142	2603
5	1392	1269	1391	2604
5	1302	1142	1301	2605
5	1303	1285	1116	2606
5	1303	1143	1302	2607
5	1359	1215	1214	2608
5	1245	1149	1052	2609
5	1502	1448	1240	2610
5	1388	1299	1238	2611
5	1480	1290	1437	2612
5	1306	1148	1305	2613
5	1421	1303	1365	2614
5	1448	1304	1240	2615
5	1444	1244	1413	2616
5	1360	1096	1217	2617
5	1479	1432	1283	2618
5	1308	1153	1152	2619
5	1458	1318	1317	2620
5	1310	1155	1309	2621
5	1311	1160	1159	2622
5	1353	1208	1352	2623
5	1602	1455	1454	2624
5	1493	1352	1312	2625
5	1352	1206	1312	2626
5	1312	1161	1160	2627
5	1314	1164	1278	2628
5	1331	1188	1187	2629
5	1314	1165	1164	2630
5	1331	1187	1186	2631
5	1485	1345	1344	2632
5	1348	1202	1347	2633
5	1322	1074	1178	2634
5	1324	1180	1179	2635
5	1395	1224	1366	2636
5	1396	1274	1226	2637
5	2029	1881	2028	2638
5	1321	1176	1320	2639
5	1466	1325	1324	2640
5	1320	1175	1319	2641
5	1463	1322	1316	2642
5	1426	1275	1274	2643
5	1495	1355	1354	2644
5	1463	1316	1459	2645
5	1454	1263	1262	2646
5	1325	1180	1324	2647
5	1454	1262	1424	2648
5	1326	1181	1325	2649
5	1427	1272	1398	2650
5	1327	1182	1073	2651
5	1398	1272	1329	2652
5	1468	1327	1326	2653
5	1467	1326	1325	2654
5	1327	1073	1326	2655
5	1459	1316	1321	2656
5	1328	1182	1327	2657
5	1603	1457	1536	2658
5	1329	1183	1328	2659
5	1489	1347	1488	2660
5	1618	1471	1615	2661
5	1488	1347	1346	2662
5	1333	1189	1332	2663
5	1468	1326	1467	2664
5	1334	1053	1190	2665
5	1458	1317	1457	2666
5	1467	1325	1466	2667
5	1397	1278	1277	2668
5	1334	1190	1333	2669
5	1627	1477	1621	2670
5	1476	1335	1313	2671
5	1617	1475	1474	2672
5	1490	1349	1348	2673
5	1487	1315	1456	2674
5	1345	1088	1200	2675
5	1407	1294	1390	2676
5	1434	1287	1380	2677
5	1339	1195	1338	2678
5	1339	1111	1195	2679
5	1442	1338	1441	2680
5	1478	1441	1337	2681
5	1341	1238	1197	2682
5	1341	1196	1340	2683
5	1418	1261	1279	2684
5	1791	1645	1790	2685
5	1488	1346	1487	2686
5	1344	1200	1199	2687
5	1456	1315	1250	2688
5	1541	1383	1522	2689
5	1487	1346	1315	2690
5	1483	1343	1342	2691
5	1383	1373	1234	2692
5	1572	1267	1403	2693
5	1473	1332	1331	2694
5	1470	1278	1397	2695
5	1475	1456	1250	2696
5	1350	1204	1349	2697
5	1489	1348	1347	2698
5	1351	1205	1350	2699
5	1657	1549	1640	2700
5	1491	1382	1350	2701
5	1382	1313	1351	2702
5	1482	1336	1477	2703
5	1470	1314	1278	2704
5	1352	1208	1207	2705
5	1472	1330	1471	2706
5	1353	1232	1209	2707
5	1474	1333	1332	2708
5	1474	1334	1333	2709
5	1414	1251	1257	2710
5	1560	1516	1376	2711
5	1414	1257	1394	2712
5	1756	1609	1755	2713
5	1498	1387	1243	2714
5	1575	1377	1418	2715
5	1358	1279	1101	2716
5	1357	1106	1213	2717
5	1440	1385	1306	2718
5	1440	1306	1305	2719
5	1449	1440	1305	2720
5	1360	1217	1216	2721
5	1449	1305	1304	2722
5	1412	1249	1248	2723
5	1393	1256	1044	2724
5	1393	1044	1233	2725
5	1652	853	1504	2726
5	1420	1222	1083	2727
5	1363	1362	1218	2728
5	1363	1218	853	2729
5	1364	1266	849	2730
5	1544	849	685	2731
5	1413	1244	1249	2732
5	1446	1298	1445	2733
5	1545	1264	1361	2734
5	1406	1265	1093	2735
5	1658	1591	1592	2736
5	1544	720	1508	2737
5	1512	1372	1289	2738
5	1417	1260	1228	2739
5	1423	1271	1270	2740
5	1422	1246	1411	2741
5	1409	1231	1384	2742
5	1409	1236	1231	2743
5	1504	853	660	2744
5	1505	746	888	2745
5	1578	1084	1362	2746
5	1372	1124	1289	2747
5	1373	1280	1234	2748
5	1484	1344	1343	2749
5	1581	1423	1580	2750
5	1431	1408	1235	2751
5	1630	1485	1484	2752
5	1630	1484	1629	2753
5	1376	1310	1309	2754
5	1453	1309	1251	2755
5	1377	1295	1261	2756
5	1418	1377	1261	2757
5	1636	1491	1490	2758
5	1494	1352	1493	2759
5	1511	1406	1222	2760
5	1555	1404	1514	2761
5	1433	1284	1432	2762
5	1710	1555	1709	2763
5	1552	1425	1520	2764
5	1872	1727	1845	2765
5	1627	1482	1477	2766
5	1483	1342	1482	2767
5	1477	1335	1476	2768
5	1482	1342	1336	2769
5	1409	1370	1236	2770
5	1552	1381	1425	2771
5	1540	1410	1481	2772
5	1645	1387	1498	2773
5	1435	1242	1434	2774
5	1573	1417	1407	2775
5	1497	1299	1388	2776
5	1788	1543	1703	2777
5	1497	1356	1299	2778
5	1498	1243	1356	2779
5	1587	1434	1525	2780
5	1722	1573	1565	2781
5	1586	1433	1585	2782
5	1417	1228	1407	2783
5	1595	1392	1558	2784
5	1447	1365	1301	2785
5	1843	1670	1842	2786
5	1568	1413	1412	2787
5	1503	1401	1402	2788
5	1852	1707	1528	2789
5	1561	1405	1516	2790
5	1453	1251	1414	2791
5	1395	1394	1239	2792
5	1395	1239	1224	2793
5	1876	1731	1676	2794
5	1457	1317	1252	2795
5	1635	1490	1489	2796
5	1634	1488	1633	2797
5	1424	1262	1276	2798
5	1494	1353	1352	2799
5	1624	1432	1479	2800
5	1418	1279	1399	2801
5	1564	1400	1421	2802
5	1446	1293	1298	2803
5	1844	1689	1559	2804
5	1401	886	1219	2805
5	1402	1401	1219	2806
5	1402	1219	1080	2807
5	1403	1059	1221	2808
5	1801	1667	1548	2809
5	1404	1389	1237	2810
5	1404	1237	1255	2811
5	1405	1396	1226	2812
5	1405	1226	1310	2813
5	1706	1368	1527	2814
5	1665	1363	1652	2815
5	1525	1434	1380	2816
5	1590	1514	1416	2817
5	1408	1374	1225	2818
5	1408	1225	1235	2819
5	1593	1445	1444	2820
5	1596	1365	1447	2821
5	1410	1388	1238	2822
5	1410	1238	1341	2823
5	1571	1415	1253	2824
5	1553	1520	1370	2825
5	1595	1447	1392	2826
5	1569	1444	1413	2827
5	1792	1646	1599	2828
5	1534	1437	1385	2829
5	1608	1463	1607	2830
5	1453	1376	1309	2831
5	1571	1253	1374	2832
5	1576	1221	1415	2833
5	1416	1404	1255	2834
5	1416	1255	1288	2835
5	1556	1389	1555	2836
5	1521	1393	1233	2837
5	1586	1380	1433	2838
5	1767	1591	1658	2839
5	1802	1663	1571	2840
5	1702	1509	1541	2841
5	1668	1578	1362	2842
5	1669	1528	1364	2843
5	1421	1400	1285	2844
5	1421	1285	1303	2845
5	1531	1384	1369	2846
5	1581	1369	1423	2847
5	1579	1422	1411	2848
5	1670	1566	1531	2849
5	1582	1427	1532	2850
5	1538	1428	1378	2851
5	1425	1381	1273	2852
5	1425	1273	1282	2853
5	1536	1457	1496	2854
5	1642	1536	1496	2855
5	1427	1424	1276	2856
5	1427	1276	1272	2857
5	1428	1397	1277	2858
5	1428	1277	1232	2859
5	1429	1398	1329	2860
5	1429	1329	1328	2861
5	1431	1235	1281	2862
5	1430	1281	1280	2863
5	1580	1422	1579	2864
5	1548	1408	1507	2865
5	1433	1286	1284	2866
5	1432	1284	1283	2867
5	1768	1623	1767	2868
5	1770	1625	1672	2869
5	1435	1241	1242	2870
5	1434	1242	1287	2871
5	1555	1389	1404	2872
5	1565	1407	1390	2873
5	1542	1394	1395	2874
5	1565	1390	1556	2875
5	1480	1340	1290	2876
5	1481	1341	1340	2877
5	1439	1288	1292	2878
5	1438	1292	1291	2879
5	1803	1709	1739	2880
5	1738	1589	1673	2881
5	1445	1297	1444	2882
5	1500	1359	1308	2883
5	1442	1339	1338	2884
5	1479	1283	1339	2885
5	1591	1442	1441	2886
5	1479	1339	1442	2887
5	1478	1337	1296	2888
5	1598	1449	1597	2889
5	1445	1298	1297	2890
5	1501	1360	1359	2891
5	1646	1451	1599	2892
5	1499	1307	1451	2893
5	1599	1451	1450	2894
5	1500	1308	1499	2895
5	1580	1423	1422	2896
5	1577	1229	1419	2897
5	1451	1245	1450	2898
5	1499	1308	1307	2899
5	1794	1647	1793	2900
5	1804	1716	1791	2901
5	1451	1307	1245	2902
5	1501	1359	1500	2903
5	1599	1450	1523	2904
5	1543	1410	1540	2905
5	1452	1399	1358	2906
5	1452	1358	1357	2907
5	1676	1516	1656	2908
5	1608	1464	1463	2909
5	1562	1517	1397	2910
5	1455	1263	1454	2911
5	1607	1463	1459	2912
5	1492	1311	1455	2913
5	1471	1314	1470	2914
5	1471	1330	1314	2915
5	1495	1354	1275	2916
5	1496	1252	1355	2917
5	1561	1396	1405	2918
5	1604	1460	1537	2919
5	1461	1319	1460	2920
5	1465	1324	1323	2921
5	1461	1320	1319	2922
5	1462	1321	1320	2923
5	1609	1465	1464	2924
5	1462	1320	1461	2925
5	1607	1459	1606	2926
5	1676	1561	1516	2927
5	1611	1467	1466	2928
5	1613	1469	1468	2929
5	1612	1467	1611	2930
5	1465	1323	1464	2931
5	1610	1466	1465	2932
5	1466	1324	1465	2933
5	1606	1462	1605	2934
5	1469	1327	1468	2935
5	1605	1461	1604	2936
5	1469	1328	1327	2937
5	1537	1460	1458	2938
5	1750	1537	1699	2939
5	1640	1493	1639	2940
5	1757	1611	1610	2941
5	1473	1331	1472	2942
5	1472	1331	1330	2943
5	1615	1470	1517	2944
5	1617	1474	1616	2945
5	1636	1490	1635	2946
5	1474	1332	1473	2947
5	1762	1617	1616	2948
5	1582	1424	1427	2949
5	1475	1334	1474	2950
5	1475	1250	1334	2951
5	1606	1459	1462	2952
5	1605	1462	1461	2953
5	1477	1336	1335	2954
5	1486	1345	1485	2955
5	1751	1605	1604	2956
5	1621	1476	1539	2957
5	2080	1934	2079	2958
5	1585	1433	1432	2959
5	1588	1386	1435	2960
5	1650	1448	1502	2961
5	1481	1410	1341	2962
5	1481	1340	1480	2963
5	1543	1388	1410	2964
5	1648	1501	1500	2965
5	1484	1343	1483	2966
5	1485	1344	1484	2967
5	1629	1483	1628	2968
5	1631	1486	1485	2969
5	1628	1483	1482	2970
5	1486	1254	1345	2971
5	1774	1629	1628	2972
5	1486	1383	1254	2973
5	1780	1636	1635	2974
5	1634	1489	1488	2975
5	1562	1397	1428	2976
5	1490	1348	1489	2977
5	1633	1488	1487	2978
5	1491	1350	1349	2979
5	1633	1487	1632	2980
5	1615	1471	1470	2981
5	1752	1606	1605	2982
5	1491	1349	1490	2983
5	1773	1627	1772	2984
5	1621	1477	1476	2985
5	1760	1614	1613	2986
5	1493	1312	1492	2987
5	1601	1424	1582	2988
5	1494	1378	1353	2989
5	1860	1714	1700	2990
5	1616	1474	1473	2991
5	1570	1414	1394	2992
5	1496	1355	1495	2993
5	1807	1570	1653	2994
5	1786	1583	1731	2995
5	1533	1452	1387	2996
5	1498	1356	1497	2997
5	1645	1533	1387	2998
5	1643	1388	1543	2999
5	1649	1502	1501	3000
5	1502	1240	1360	3001
5	1648	1500	1647	3002
5	1569	1413	1568	3003
5	1558	1392	1391	3004
5	1502	1360	1501	3005
5	1524	1421	1365	3006
5	1564	1421	1524	3007
5	1814	1551	1696	3008
5	1515	1256	1393	3009
5	1519	1371	1227	3010
5	1849	1706	1687	3011
5	1505	1504	660	3012
5	1505	660	746	3013
5	1506	1068	863	3014
5	1506	1042	1379	3015
5	1584	1507	1431	3016
5	1541	1509	1373	3017
5	1809	1508	1662	3018
5	1546	1366	1545	3019
5	1584	1431	1430	3020
5	1509	1430	1373	3021
5	1510	1438	1386	3022
5	1588	1510	1386	3023
5	1685	1379	1529	3024
5	1556	1390	1389	3025
5	1810	1504	1505	3026
5	1687	1372	1512	3027
5	1513	1512	1436	3028
5	2136	1943	1816	3029
5	1590	1439	1589	3030
5	1735	1587	1525	3031
5	1559	1080	1515	3032
5	1689	1402	1559	3033
5	1516	1405	1376	3034
5	1867	1688	1723	3035
5	1997	1852	1669	3036
5	1506	1361	1068	3037
5	1695	1521	1367	3038
5	1691	1515	1393	3039
5	1956	1695	1853	3040
5	1951	1693	1848	3041
5	1520	1425	1370	3042
5	1812	1713	1743	3043
5	1948	1817	1818	3044
5	1578	1530	1084	3045
5	1541	1373	1383	3046
5	1522	1383	1486	3047
5	1523	1450	1446	3048
5	1594	1523	1446	3049
5	1593	1444	1569	3050
5	1564	1412	1400	3051
5	1587	1435	1434	3052
5	1588	1435	1587	3053
5	1526	1443	1377	3054
5	1575	1526	1377	3055
5	1527	932	1124	3056
5	1547	1362	1363	3057
5	1529	1266	1528	3058
5	1529	1379	1266	3059
5	1941	1692	1940	3060
5	1690	1361	1506	3061
5	1698	1420	1530	3062
5	1530	1420	1268	3063
5	1553	1370	1409	3064
5	1566	1384	1531	3065
5	1532	1427	1398	3066
5	1614	1535	1429	3067
5	1563	1399	1452	3068
5	1574	1418	1399	3069
5	1626	1540	1481	3070
5	1643	1497	1388	3071
5	1535	1532	1398	3072
5	1535	1398	1429	3073
5	1583	1396	1561	3074
5	1642	1496	1495	3075
5	1751	1604	1750	3076
5	1901	1756	1900	3077
5	1700	1538	1549	3078
5	1639	1493	1492	3079
5	1539	1476	1382	3080
5	1637	1382	1491	3081
5	1626	1480	1625	3082
5	1644	1498	1497	3083
5	1774	1628	1773	3084
5	1909	1765	1908	3085
5	1560	1376	1453	3086
5	1570	1394	1542	3087
5	1703	1543	1540	3088
5	1788	1643	1543	3089
5	1809	1364	1544	3090
5	1544	1364	849	3091
5	1858	1710	1709	3092
5	1545	1366	1264	3093
5	1817	1704	1705	3094
5	1818	1366	1546	3095
5	1527	1124	1372	3096
5	1819	1521	1695	3097
5	1567	1411	1375	3098
5	1579	1411	1567	3099
5	1549	1538	1378	3100
5	1549	1378	1494	3101
5	1853	1550	1697	3102
5	1691	1393	1521	3103
5	1551	1550	1265	3104
5	1551	1265	1406	3105
5	1557	1391	1381	3106
5	1596	1447	1595	3107
5	1741	1594	1593	3108
5	1659	1552	1520	3109
5	1554	1534	1385	3110
5	1554	1385	1440	3111
5	1735	1525	1680	3112
5	1910	1820	1734	3113
5	1944	1910	1912	3114
5	1799	1573	1722	3115
5	2023	1875	1874	3116
5	1850	1694	1708	3117
5	1712	1557	1711	3118
5	1711	1557	1552	3119
5	1660	1559	1515	3120
5	1691	1660	1515	3121
5	1600	1414	1570	3122
5	1656	1516	1560	3123
5	1583	1426	1396	3124
5	1641	1495	1426	3125
5	1824	1766	1782	3126
5	1900	1755	1899	3127
5	1770	1626	1625	3128
5	1574	1399	1563	3129
5	1822	1567	1721	3130
5	1729	1580	1579	3131
5	1680	1525	1586	3132
5	1736	1588	1587	3133
5	1566	1553	1409	3134
5	1566	1409	1384	3135
5	1720	1569	1568	3136
5	1718	1564	1524	3137
5	1719	1564	1718	3138
5	1594	1446	1445	3139
5	1742	1523	1594	3140
5	1712	1558	1557	3141
5	1600	1453	1414	3142
5	1600	1560	1453	3143
5	1577	1375	1229	3144
5	1701	1522	1681	3145
5	1822	1728	1567	3146
5	1576	1419	1572	3147
5	1688	1436	1417	3148
5	1826	1436	1688	3149
5	1797	1744	1597	3150
5	1575	1418	1574	3151
5	1675	1672	1534	3152
5	1882	1737	1736	3153
5	1576	1572	1403	3154
5	1576	1403	1221	3155
5	1727	1419	1576	3156
5	1667	1571	1374	3157
5	1945	1668	1547	3158
5	1668	1362	1547	3159
5	1775	1630	1629	3160
5	1720	1568	1719	3161
5	1887	1712	1711	3162
5	1581	1531	1369	3163
5	1713	1524	1596	3164
5	1670	1531	1654	3165
5	1601	1454	1424	3166
5	1638	1492	1455	3167
5	1807	1746	1570	3168
5	2072	1927	1876	3169
5	1727	1576	1663	3170
5	1729	1579	1728	3171
5	1623	1442	1591	3172
5	1624	1585	1432	3173
5	1820	1680	1734	3174
5	1930	1790	1789	3175
5	1829	1674	1742	3176
5	1716	1563	1533	3177
5	1830	1722	1565	3178
5	1717	1556	1710	3179
5	1590	1416	1439	3180
5	1589	1439	1438	3181
5	1709	1555	1514	3182
5	1880	1735	1680	3183
5	1623	1479	1442	3184
5	1624	1479	1623	3185
5	1592	1591	1441	3186
5	1592	1441	1478	3187
5	1932	1792	1839	3188
5	1594	1445	1593	3189
5	1793	1646	1792	3190
5	1745	1675	1554	3191
5	2012	1863	1958	3192
5	1596	1524	1365	3193
5	1741	1593	1740	3194
5	2078	1933	1932	3195
5	1598	1440	1449	3196
5	1597	1449	1448	3197
5	1890	1675	1745	3198
5	1724	1563	1716	3199
5	1646	1499	1451	3200
5	1649	1501	1648	3201
5	1876	1676	1800	3202
5	1891	1833	1747	3203
5	1748	1582	1678	3204
5	1602	1454	1601	3205
5	1784	1639	1638	3206
5	1638	1455	1602	3207
5	1603	1537	1458	3208
5	1603	1458	1457	3209
5	1677	1536	1661	3210
5	1612	1468	1467	3211
5	1759	1613	1612	3212
5	1753	1606	1752	3213
5	1758	1612	1611	3214
5	1609	1464	1608	3215
5	1677	1603	1536	3216
5	1610	1465	1609	3217
5	1755	1608	1754	3218
5	1613	1468	1612	3219
5	1785	1639	1784	3220
5	1749	1602	1601	3221
5	1761	1683	1535	3222
5	1611	1466	1610	3223
5	1759	1612	1758	3224
5	1614	1469	1613	3225
5	1755	1609	1608	3226
5	1614	1429	1469	3227
5	1699	1537	1603	3228
5	1841	1657	1785	3229
5	1904	1760	1759	3230
5	1678	1582	1532	3231
5	1619	1616	1473	3232
5	1620	1475	1617	3233
5	1619	1472	1618	3234
5	1632	1456	1620	3235
5	1781	1637	1636	3236
5	1632	1487	1456	3237
5	1619	1473	1472	3238
5	1618	1472	1471	3239
5	1753	1607	1606	3240
5	1715	1517	1562	3241
5	1777	1620	1765	3242
5	1682	1615	1679	3243
5	1775	1629	1774	3244
5	1631	1522	1486	3245
5	1622	1592	1478	3246
5	1622	1478	1443	3247
5	1767	1623	1591	3248
5	1769	1585	1624	3249
5	1768	1624	1623	3250
5	1989	1723	1799	3251
5	1626	1481	1480	3252
5	1625	1480	1437	3253
5	1937	1889	1744	3254
5	1725	1574	1724	3255
5	1702	1541	1701	3256
5	1629	1484	1483	3257
5	1681	1522	1631	3258
5	1921	1781	1780	3259
5	1776	1631	1630	3260
5	1778	1632	1777	3261
5	1772	1621	1766	3262
5	1631	1485	1630	3263
5	1879	1651	1733	3264
5	1732	1509	1702	3265
5	1773	1628	1627	3266
5	1635	1489	1634	3267
5	1682	1618	1615	3268
5	1765	1620	1617	3269
5	2099	1995	1957	3270
5	1637	1491	1636	3271
5	1772	1627	1621	3272
5	1637	1539	1382	3273
5	1779	1635	1634	3274
5	1781	1636	1780	3275
5	1765	1617	1762	3276
5	1777	1632	1620	3277
5	1908	1765	1762	3278
5	1639	1492	1638	3279
5	1679	1615	1517	3280
5	1640	1549	1494	3281
5	1763	1618	1682	3282
5	1700	1549	1657	3283
5	1661	1536	1642	3284
5	1642	1495	1641	3285
5	1699	1603	1677	3286
5	1787	1661	1642	3287
5	1934	1794	1933	3288
5	1644	1497	1643	3289
5	1724	1574	1563	3290
5	1645	1498	1644	3291
5	1832	1771	1770	3292
5	1726	1575	1725	3293
5	1792	1599	1674	3294
5	1796	1649	1795	3295
5	1797	1650	1796	3296
5	1650	1502	1649	3297
5	1931	1791	1790	3298
5	1650	1597	1448	3299
5	1675	1534	1554	3300
5	1711	1552	1659	3301
5	1719	1568	1564	3302
5	1796	1650	1649	3303
5	1651	1548	1507	3304
5	1733	1651	1507	3305
5	1665	1547	1363	3306
5	1652	1363	853	3307
5	1653	1570	1542	3308
5	2093	1857	1983	3309
5	1730	1581	1580	3310
5	1728	1579	1567	3311
5	1655	1546	1545	3312
5	1655	1545	1361	3313
5	1747	1600	1746	3314
5	1747	1560	1600	3315
5	1860	1700	1806	3316
5	1785	1640	1639	3317
5	1726	1671	1526	3318
5	1725	1575	1574	3319
5	1855	1701	1681	3320
5	1694	1520	1553	3321
5	1684	1401	1503	3322
5	2127	1997	1977	3323
5	1731	1561	1676	3324
5	1787	1642	1641	3325
5	1662	1508	886	3326
5	1662	886	1401	3327
5	1802	1571	1667	3328
5	1663	1576	1415	3329
5	1811	1696	1511	3330
5	1707	1529	1528	3331
5	1810	1505	1371	3332
5	1810	1371	1686	3333
5	1666	1658	1592	3334
5	1666	1592	1622	3335
5	1845	1727	1663	3336
5	1721	1567	1375	3337
5	1808	1519	1692	3338
5	1693	1530	1578	3339
5	1690	1655	1361	3340
5	1950	1687	1513	3341
5	1694	1659	1520	3342
5	1708	1566	1670	3343
5	1671	1666	1622	3344
5	1671	1622	1526	3345
5	1672	1625	1534	3346
5	1836	1788	1703	3347
5	1673	1589	1510	3348
5	1737	1673	1510	3349
5	1674	1599	1523	3350
5	1742	1674	1523	3351
5	1745	1598	1744	3352
5	1795	1649	1648	3353
5	1731	1583	1561	3354
5	1786	1641	1583	3355
5	1897	1752	1896	3356
5	1899	1754	1898	3357
5	1748	1601	1582	3358
5	1783	1638	1602	3359
5	1714	1538	1700	3360
5	1715	1679	1517	3361
5	1737	1588	1736	3362
5	1736	1587	1735	3363
5	1701	1541	1522	3364
5	1733	1584	1732	3365
5	1903	1759	1758	3366
5	1897	1753	1752	3367
5	1683	1678	1532	3368
5	1683	1532	1535	3369
5	2152	1977	1809	3370
5	1809	1544	1508	3371
5	1692	1519	1518	3372
5	1951	1854	1693	3373
5	1798	1692	1518	3374
5	1945	1848	1668	3375
5	1706	1664	1368	3376
5	2157	1867	1989	3377
5	1717	1565	1556	3378
5	1710	1556	1555	3379
5	2003	1844	1660	3380
5	1689	1503	1402	3381
5	1690	1506	1379	3382
5	1690	1379	1685	3383
5	1698	1511	1420	3384
5	1695	1367	1550	3385
5	1808	1686	1519	3386
5	1954	1685	1813	3387
5	1696	1551	1406	3388
5	1696	1406	1511	3389
5	1955	1842	1873	3390
5	2026	1651	1879	3391
5	1819	1691	1521	3392
5	1851	1691	1819	3393
5	1811	1511	1698	3394
5	1852	1528	1669	3395
5	2004	1697	1814	3396
5	1697	1550	1551	3397
5	1698	1530	1693	3398
5	1814	1697	1551	3399
5	1750	1604	1537	3400
5	1752	1605	1751	3401
5	1714	1562	1538	3402
5	1715	1562	1714	3403
5	1733	1507	1584	3404
5	1732	1584	1509	3405
5	1856	1701	1855	3406
5	1917	1774	1916	3407
5	1771	1626	1770	3408
5	1871	1671	1726	3409
5	1857	1653	1542	3410
5	1704	1542	1395	3411
5	1705	1704	1395	3412
5	1705	1395	1366	3413
5	1706	1527	1372	3414
5	1706	1372	1687	3415
5	1798	1518	1664	3416
5	1813	1685	1529	3417
5	1708	1694	1553	3418
5	1708	1553	1566	3419
5	1739	1590	1738	3420
5	1739	1514	1590	3421
5	1866	1717	1710	3422
5	2087	1799	1991	3423
5	1743	1595	1712	3424
5	1718	1524	1713	3425
5	1932	1793	1792	3426
5	1712	1595	1558	3427
5	1743	1596	1595	3428
5	1865	1719	1864	3429
5	2056	1909	1908	3430
5	1908	1762	1838	3431
5	1861	1714	1860	3432
5	2053	1906	1905	3433
5	1789	1643	1788	3434
5	1790	1645	1644	3435
5	1799	1723	1573	3436
5	1723	1417	1573	3437
5	2034	1865	2013	3438
5	1740	1593	1569	3439
5	1913	1703	1771	3440
5	1740	1569	1720	3441
5	2196	2050	2195	3442
5	1885	1720	1865	3443
5	1801	1548	1651	3444
5	2007	1855	2006	3445
5	2015	1858	2014	3446
5	1813	1529	1707	3447
5	2088	1513	2016	3448
5	1867	1826	1688	3449
5	1868	1724	1716	3450
5	1726	1526	1575	3451
5	2032	1884	1835	3452
5	2030	1882	2029	3453
5	1870	1726	1725	3454
5	1871	1828	1671	3455
5	1998	1802	1972	3456
5	1727	1577	1419	3457
5	1873	1842	1654	3458
5	1730	1580	1729	3459
5	1823	1659	1694	3460
5	1730	1654	1581	3461
5	2002	1843	2001	3462
5	2160	2001	2089	3463
5	1902	1757	1901	3464
5	1846	1677	1661	3465
5	1877	1732	1702	3466
5	2025	1878	1877	3467
5	1855	1681	1837	3468
5	1845	1663	1802	3469
5	1734	1680	1586	3470
5	1734	1586	1585	3471
5	2028	1880	1964	3472
5	1737	1510	1588	3473
5	1884	1739	1738	3474
5	1883	1835	1673	3475
5	1880	1680	1820	3476
5	1821	1767	1658	3477
5	1739	1709	1514	3478
5	1738	1590	1589	3479
5	1858	1709	1803	3480
5	1830	1565	1717	3481
5	1831	1711	1659	3482
5	1831	1659	1823	3483
5	1874	1729	1728	3484
5	1742	1594	1741	3485
5	1839	1674	1829	3486
5	1743	1713	1596	3487
5	1935	1795	1934	3488
5	1863	1713	1812	3489
5	1745	1554	1598	3490
5	1744	1598	1597	3491
5	1839	1792	1674	3492
5	1933	1793	1932	3493
5	1747	1656	1560	3494
5	1896	1751	1895	3495
5	2016	1513	1826	3496
5	1928	1827	1787	3497
5	1896	1752	1751	3498
5	1749	1601	1748	3499
5	2071	1926	1925	3500
5	1783	1602	1749	3501
5	1895	1750	1894	3502
5	1898	1754	1753	3503
5	1894	1699	1815	3504
5	1754	1608	1607	3505
5	1895	1751	1750	3506
5	1756	1610	1609	3507
5	2240	1866	2100	3508
5	1846	1661	1827	3509
5	1927	1731	1876	3510
5	1757	1610	1756	3511
5	1928	1787	1786	3512
5	1760	1613	1759	3513
5	1892	1748	1678	3514
5	1924	1783	1749	3515
5	1834	1678	1683	3516
5	1758	1611	1757	3517
5	1905	1761	1760	3518
5	1761	1614	1760	3519
5	1902	1758	1757	3520
5	1761	1535	1614	3521
5	1898	1753	1897	3522
5	1894	1750	1699	3523
5	2090	2040	1962	3524
5	1841	1806	1657	3525
5	1764	1619	1763	3526
5	1764	1616	1619	3527
5	1764	1762	1616	3528
5	1763	1619	1618	3529
5	1906	1834	1683	3530
5	2009	1860	1963	3531
5	1838	1762	1764	3532
5	1779	1634	1633	3533
5	1766	1621	1539	3534
5	1782	1637	1781	3535
5	1964	1880	1820	3536
5	1769	1624	1768	3537
5	2170	2020	2169	3538
5	1769	1734	1585	3539
5	1805	1658	1666	3540
5	1821	1658	1805	3541
5	1771	1540	1626	3542
5	1771	1703	1540	3543
5	1966	1840	1890	3544
5	1937	1797	1936	3545
5	1918	1775	1917	3546
5	1914	1766	1824	3547
5	1856	1702	1701	3548
5	1776	1630	1775	3549
5	2063	1918	2062	3550
5	2059	1915	1914	3551
5	2197	2052	2051	3552
5	1776	1681	1631	3553
5	2064	1968	1919	3554
5	1919	1777	1909	3555
5	1778	1633	1632	3556
5	1779	1633	1778	3557
5	1922	1778	1919	3558
5	1837	1681	1776	3559
5	1782	1766	1539	3560
5	1780	1635	1779	3561
5	1918	1837	1776	3562
5	1782	1539	1637	3563
5	1907	1763	1825	3564
5	2059	1914	1967	3565
5	1878	1732	1877	3566
5	1914	1772	1766	3567
5	1926	1785	1784	3568
5	1784	1638	1783	3569
5	1825	1763	1682	3570
5	1785	1657	1640	3571
5	1862	1847	1679	3572
5	1920	1780	1779	3573
5	2072	1876	1946	3574
5	1787	1641	1786	3575
5	2093	2008	1857	3576
5	2133	1983	1817	3577
5	1789	1644	1643	3578
5	1791	1533	1645	3579
5	1869	1724	1868	3580
5	1790	1644	1789	3581
5	1911	1767	1821	3582
5	1791	1716	1533	3583
5	1884	1738	1835	3584
5	1868	1716	1804	3585
5	1793	1647	1646	3586
5	1794	1648	1647	3587
5	1929	1788	1836	3588
5	1832	1672	1840	3589
5	1864	1718	1863	3590
5	1795	1648	1794	3591
5	2082	1937	1936	3592
5	1797	1597	1650	3593
5	2081	1936	1935	3594
5	1865	1720	1719	3595
5	1863	1718	1713	3596
5	1840	1672	1675	3597
5	1954	1690	1685	3598
5	1816	1655	1690	3599
5	1866	1710	1858	3600
5	1835	1738	1673	3601
5	1800	1676	1656	3602
5	2193	2047	2192	3603
5	1873	1654	1730	3604
5	2174	2027	2025	3605
5	1972	1802	1667	3606
5	2095	1969	2036	3607
5	1884	1803	1739	3608
5	2033	2014	1803	3609
5	2228	2101	2110	3610
5	1929	1789	1788	3611
5	1985	1821	1960	3612
5	2096	1944	1959	3613
5	1806	1700	1657	3614
5	1988	1957	1825	3615
5	1891	1747	1746	3616
5	2074	1827	1928	3617
5	1854	1698	1693	3618
5	1854	1811	1698	3619
5	1977	1669	1809	3620
5	1809	1669	1364	3621
5	1978	1810	1686	3622
5	2147	1810	1978	3623
5	1942	1811	1854	3624
5	1979	1696	1811	3625
5	1888	1743	1712	3626
5	1842	1670	1654	3627
5	2128	1814	1979	3628
5	1853	1695	1550	3629
5	2416	2244	2415	3630
5	1982	1547	1665	3631
5	1815	1699	1677	3632
5	1827	1661	1787	3633
5	1952	1686	1808	3634
5	1984	1503	1939	3635
5	2084	1717	1866	3636
5	1857	1542	1704	3637
5	1818	1817	1705	3638
5	1818	1705	1366	3639
5	1939	1689	1844	3640
5	1844	1559	1660	3641
5	2316	2175	2121	3642
5	1911	1768	1767	3643
5	1910	1734	1769	3644
5	2169	2019	2168	3645
5	1879	1733	1878	3646
5	1998	1845	1802	3647
5	1888	1712	1887	3648
5	1887	1711	1831	3649
5	1923	1782	1781	3650
5	1923	1781	1921	3651
5	1995	1907	1957	3652
5	2345	2207	2206	3653
5	1989	1867	1723	3654
5	1826	1513	1436	3655
5	1846	1815	1677	3656
5	1990	1815	1846	3657
5	1828	1805	1666	3658
5	1828	1666	1671	3659
5	1886	1741	1740	3660
5	1885	1740	1720	3661
5	2084	1830	1717	3662
5	1991	1722	1830	3663
5	2301	2155	2173	3664
5	2026	1801	1651	3665
5	2168	2018	2091	3666
5	1931	1790	1930	3667
5	1833	1800	1656	3668
5	1833	1656	1747	3669
5	2050	1902	2049	3670
5	1892	1678	1834	3671
5	1881	1735	1880	3672
5	1881	1736	1735	3673
5	1832	1770	1672	3674
5	1974	1965	1804	3675
5	1915	1772	1914	3676
5	1916	1774	1773	3677
5	2068	1921	2065	3678
5	1909	1777	1765	3679
5	1936	1797	1796	3680
5	2078	1932	1938	3681
5	1890	1745	1889	3682
5	1935	1796	1795	3683
5	1893	1748	1892	3684
5	1925	1784	1783	3685
5	1843	1708	1670	3686
5	1850	1823	1694	3687
5	2037	1887	1831	3688
5	1850	1708	1843	3689
5	2131	1854	1951	3690
5	1939	1503	1689	3691
5	1987	1874	1728	3692
5	1872	1577	1727	3693
5	2044	1897	1896	3694
5	2047	1900	1899	3695
5	1847	1825	1682	3696
5	1847	1682	1679	3697
5	1848	1693	1578	3698
5	1848	1578	1668	3699
5	2041	1815	1990	3700
5	2295	2148	1980	3701
5	2182	2035	2181	3702
5	2001	1842	1955	3703
5	2305	2127	2152	3704
5	1851	1660	1691	3705
5	1979	1811	1942	3706
5	1979	1814	1696	3707
5	2104	1956	1853	3708
5	2105	1851	2005	3709
5	1941	1808	1692	3710
5	1943	1655	1816	3711
5	1972	1667	1801	3712
5	1877	1702	1856	3713
5	2371	2265	2425	3714
5	2025	1877	1961	3715
5	2151	1746	1807	3716
5	2106	1971	1891	3717
5	1940	1692	1798	3718
5	2270	1989	2087	3719
5	1859	1829	1742	3720
5	1859	1742	1741	3721
5	1861	1715	1714	3722
5	1862	1679	1715	3723
5	2069	1893	2040	3724
5	1862	1715	1861	3725
5	2165	2163	2011	3726
5	2349	2123	2236	3727
5	1864	1719	1718	3728
5	1886	1740	1885	3729
5	2287	2160	2286	3730
5	1969	1829	1859	3731
5	2114	2078	1938	3732
5	1886	1859	1741	3733
5	2031	1835	1883	3734
5	2015	1866	1858	3735
5	2135	1953	2086	3736
5	1950	1849	1687	3737
5	1869	1725	1724	3738
5	1870	1725	1869	3739
5	2225	2080	2224	3740
5	2020	1871	1870	3741
5	2175	2028	2121	3742
5	1871	1726	1870	3743
5	1975	1960	1805	3744
5	2058	1993	1913	3745
5	2022	1872	1999	3746
5	1872	1721	1577	3747
5	1875	1729	1874	3748
5	2116	2012	1958	3749
5	1875	1730	1729	3750
5	1875	1873	1730	3751
5	1992	1831	1823	3752
5	2001	1843	1842	3753
5	1927	1786	1731	3754
5	1928	1786	1927	3755
5	1878	1733	1732	3756
5	1999	1872	1845	3757
5	2006	1855	1837	3758
5	2234	1987	2145	3759
5	2055	1838	1995	3760
5	1987	1728	1822	3761
5	1883	1737	1882	3762
5	1882	1736	1881	3763
5	1974	1804	1931	3764
5	1883	1673	1737	3765
5	2299	2154	2153	3766
5	2360	2223	2282	3767
5	1975	1805	1828	3768
5	1986	1910	1944	3769
5	2141	1986	2098	3770
5	2029	1882	1881	3771
5	2108	1958	1973	3772
5	2012	1864	1863	3773
5	2204	2058	2203	3774
5	2222	2077	2076	3775
5	1995	1838	1907	3776
5	1888	1812	1743	3777
5	2160	2002	2001	3778
5	2116	1958	2108	3779
5	1890	1840	1675	3780
5	1889	1745	1744	3781
5	2076	1929	2075	3782
5	1993	1836	1913	3783
5	2179	2033	2113	3784
5	2245	2151	2008	3785
5	1893	1749	1748	3786
5	1926	1784	1925	3787
5	1988	1825	1847	3788
5	1924	1749	1893	3789
5	2043	1895	2042	3790
5	2042	1894	2041	3791
5	2049	1901	2048	3792
5	1900	1756	1755	3793
5	2047	1899	2046	3794
5	2073	1927	2072	3795
5	2119	1990	2000	3796
5	1901	1757	1756	3797
5	2073	1928	1927	3798
5	1905	1760	1904	3799
5	2041	1894	1815	3800
5	2043	1896	1895	3801
5	2042	1895	1894	3802
5	1903	1758	1902	3803
5	2052	1905	1904	3804
5	1904	1759	1903	3805
5	2048	1900	2047	3806
5	2045	1897	2044	3807
5	2045	1898	1897	3808
5	1906	1761	1905	3809
5	2215	2124	2071	3810
5	1906	1683	1761	3811
5	2192	2047	2046	3812
5	2009	1861	1860	3813
5	2194	2049	2048	3814
5	2040	1892	1962	3815
5	1907	1838	1764	3816
5	1907	1764	1763	3817
5	1921	1780	1920	3818
5	1919	1778	1777	3819
5	2011	1847	1862	3820
5	2342	2201	2260	3821
5	1912	1768	1911	3822
5	2280	2015	2178	3823
5	1912	1769	1768	3824
5	1912	1910	1769	3825
5	1913	1836	1703	3826
5	1913	1771	1832	3827
5	2018	1869	1868	3828
5	1965	1868	1804	3829
5	1915	1773	1772	3830
5	1917	1775	1774	3831
5	2122	2059	1967	3832
5	1916	1773	1915	3833
5	2208	2063	2062	3834
5	1918	1776	1775	3835
5	2007	1961	1856	3836
5	2007	1856	1855	3837
5	2064	1919	1909	3838
5	2062	1917	2061	3839
5	2050	1903	1902	3840
5	1963	1860	1806	3841
5	1968	1922	1919	3842
5	2063	2006	1837	3843
5	2211	2107	2065	3844
5	1923	1824	1782	3845
5	1922	1920	1779	3846
5	1922	1779	1778	3847
5	2066	1922	1968	3848
5	2207	2061	2206	3849
5	2040	1893	1892	3850
5	1925	1783	1924	3851
5	2213	2069	2040	3852
5	1926	1841	1785	3853
5	2051	1904	1903	3854
5	2044	1896	2043	3855
5	2046	1899	1898	3856
5	2049	1902	1901	3857
5	2117	1946	1970	3858
5	2028	1881	1880	3859
5	2079	1933	2078	3860
5	1930	1789	1929	3861
5	2058	1832	2057	3862
5	1931	1804	1791	3863
5	2057	1840	1966	3864
5	2283	2115	2142	3865
5	1933	1794	1793	3866
5	1934	1795	1794	3867
5	2238	2114	2125	3868
5	1936	1796	1935	3869
5	2077	1930	2076	3870
5	2081	1935	2080	3871
5	2035	1885	2034	3872
5	1937	1744	1797	3873
5	2111	2057	1966	3874
5	2037	1831	1992	3875
5	2036	1859	1886	3876
5	1969	1947	1829	3877
5	1938	1932	1839	3878
5	2126	1969	2095	3879
5	2146	1852	1997	3880
5	2152	1662	1684	3881
5	1943	1546	1655	3882
5	2239	2085	2129	3883
5	2245	2008	2093	3884
5	2128	2004	1814	3885
5	1956	1819	1695	3886
5	2104	2005	1956	3887
5	2129	1546	1943	3888
5	1991	1799	1722	3889
5	1985	1959	1911	3890
5	2224	2079	2223	3891
5	2131	1942	1854	3892
5	2132	1848	1945	3893
5	1946	1876	1800	3894
5	1983	1857	1704	3895
5	1947	1938	1839	3896
5	1947	1839	1829	3897
5	2241	2093	1983	3898
5	1983	1704	1817	3899
5	1949	1948	1818	3900
5	1949	1818	1546	3901
5	2086	1849	1950	3902
5	1953	1706	1849	3903
5	2293	2097	1940	3904
5	2134	1808	1941	3905
5	2149	1978	1952	3906
5	1978	1686	1952	3907
5	2135	1940	1798	3908
5	1953	1798	1664	3909
5	2550	2304	2380	3910
5	1954	1816	1690	3911
5	2024	1875	2023	3912
5	2024	1873	1875	3913
5	2103	1844	2003	3914
5	2097	1941	1940	3915
5	1957	1907	1825	3916
5	2243	2138	2163	3917
5	1958	1863	1812	3918
5	2038	1888	1887	3919
5	1959	1944	1912	3920
5	1959	1912	1911	3921
5	1985	1911	1821	3922
5	1960	1821	1805	3923
5	1961	1877	1856	3924
5	2144	2026	1879	3925
5	1962	1892	1834	3926
5	2054	1962	1834	3927
5	2199	2053	2198	3928
5	2070	1925	1924	3929
5	2177	2030	2176	3930
5	2112	2032	2031	3931
5	2021	1975	1828	3932
5	2018	1868	1965	3933
5	2220	1993	2204	3934
5	2083	1937	2082	3935
5	1967	1914	1824	3936
5	2208	2062	2207	3937
5	2065	1921	1920	3938
5	2067	1824	1923	3939
5	2013	1864	2012	3940
5	2035	1886	1885	3941
5	1970	1946	1800	3942
5	1970	1800	1833	3943
5	1971	1970	1833	3944
5	1971	1833	1891	3945
5	2144	1879	2027	3946
5	2145	1987	1822	3947
5	1973	1958	1812	3948
5	1973	1812	1888	3949
5	2075	1836	1993	3950
5	2076	1930	1929	3951
5	2019	1869	2018	3952
5	2019	1870	1869	3953
5	1976	1963	1806	3954
5	1976	1806	1841	3955
5	1997	1669	1977	3956
5	2244	2127	2229	3957
5	1982	1945	1547	3958
5	2150	1945	1982	3959
5	2005	1851	1819	3960
5	2004	1853	1697	3961
5	2148	2136	1954	3962
5	1980	1813	1707	3963
5	1981	1980	1707	3964
5	1981	1707	1852	3965
5	2296	2289	2149	3966
5	2134	1952	1808	3967
5	2379	2167	2233	3968
5	2008	1653	1857	3969
5	2152	1684	1984	3970
5	1984	1684	1503	3971
5	2220	2075	1993	3972
5	2221	2076	2075	3973
5	1986	1964	1820	3974
5	1986	1820	1910	3975
5	2185	2108	1973	3976
5	2375	2370	2262	3977
5	2010	1861	2009	3978
5	2010	1862	1861	3979
5	2217	2072	1946	3980
5	2157	2017	1867	3981
5	2074	1928	2073	3982
5	2217	1946	2117	3983
5	2113	2032	2112	3984
5	2008	1807	1653	3985
5	2038	1973	1888	3986
5	2038	1887	2037	3987
5	2075	1929	1836	3988
5	2077	1931	1930	3989
5	1994	1976	1841	3990
5	1994	1841	1926	3991
5	2055	1908	1838	3992
5	2064	1909	2056	3993
5	1996	1992	1823	3994
5	1996	1823	1850	3995
5	2103	1939	1844	3996
5	2003	1660	1851	3997
5	2022	1822	1721	3998
5	1999	1845	1998	3999
5	2172	1999	2159	4000
5	2022	1721	1872	4001
5	2000	1990	1846	4002
5	2000	1846	1827	4003
5	2002	1850	1843	4004
5	2002	1996	1850	4005
5	2320	2166	2310	4006
5	2161	2102	1996	4007
5	2128	1979	1942	4008
5	2005	1819	1956	4009
5	2369	1941	2097	4010
5	2147	1652	1810	4011
5	2105	2003	1851	4012
5	2684	2517	2518	4013
5	2060	1915	2059	4014
5	2061	1917	1916	4015
5	2212	2068	2107	4016
5	2422	2260	2276	4017
5	2249	2087	1991	4018
5	2084	1991	1830	4019
5	2202	2055	2201	4020
5	2011	1862	2010	4021
5	2213	2040	2090	4022
5	2011	1988	1847	4023
5	2092	2009	1963	4024
5	2371	2308	2250	4025
5	2013	1865	1864	4026
5	2034	1885	1865	4027
5	2185	1973	2038	4028
5	2036	1886	2035	4029
5	2100	1866	2015	4030
5	2014	1858	1803	4031
5	2033	1884	2032	4032
5	2240	2084	1866	4033
5	2136	1816	1954	4034
5	2135	1798	1953	4035
5	2017	2016	1826	4036
5	2017	1826	1867	4037
5	2021	1871	2020	4038
5	2020	1870	2019	4039
5	2154	1959	1985	4040
5	2021	1828	1871	4041
5	2098	1944	2096	4042
5	2121	2028	1964	4043
5	2450	2311	2372	4044
5	2203	2057	2111	4045
5	2109	1801	2026	4046
5	2109	1972	1801	4047
5	2027	1878	2025	4048
5	2024	1955	1873	4049
5	2102	1992	1996	4050
5	2324	2184	2183	4051
5	2314	2246	2172	4052
5	2253	1972	2109	4053
5	2159	1999	1998	4054
5	2027	1879	1878	4055
5	2166	2012	2116	4056
5	2183	2037	1992	4057
5	2031	1883	2030	4058
5	2030	1883	1882	4059
5	2153	1960	2130	4060
5	2171	1975	2021	4061
5	2168	2019	2018	4062
5	2032	1835	2031	4063
5	2098	1986	1944	4064
5	2255	2113	2254	4065
5	2033	1803	1884	4066
5	2268	2141	2098	4067
5	2176	2029	2175	4068
5	2176	2030	2029	4069
5	2373	2256	2283	4070
5	2363	2226	2362	4071
5	2273	2228	2110	4072
5	2036	1969	1859	4073
5	2362	2225	2361	4074
5	2223	2078	2114	4075
5	2156	2023	1874	4076
5	2205	2060	2059	4077
5	2374	2263	2350	4078
5	2856	2731	2765	4079
5	2039	1966	1890	4080
5	2039	1890	1889	4081
5	2069	1924	1893	4082
5	2071	1925	2070	4083
5	2188	2042	2187	4084
5	2189	2043	2188	4085
5	2186	1990	2119	4086
5	2046	1898	2045	4087
5	2190	2045	2044	4088
5	2336	2195	2194	4089
5	2218	2072	2217	4090
5	2048	1901	1900	4091
5	2186	2041	1990	4092
5	2195	2049	2194	4093
5	2187	2041	2186	4094
5	2053	1905	2052	4095
5	2187	2042	2041	4096
5	2188	2043	2042	4097
5	2190	2044	2189	4098
5	2051	1903	2050	4099
5	2199	2054	2053	4100
5	2052	1904	2051	4101
5	2198	2052	2197	4102
5	2192	2046	2191	4103
5	2189	2044	2043	4104
5	2054	1906	2053	4105
5	2196	2051	2050	4106
5	2054	1834	1906	4107
5	2140	2092	1963	4108
5	2352	2213	2351	4109
5	2164	2009	2092	4110
5	2164	2010	2009	4111
5	2210	2064	2056	4112
5	2056	1908	2055	4113
5	2236	2123	2200	4114
5	2165	2010	2164	4115
5	2058	1913	1832	4116
5	2057	1832	1840	4117
5	2115	1966	2039	4118
5	2223	2079	2078	4119
5	2060	1916	1915	4120
5	2063	1837	1918	4121
5	2062	1918	1917	4122
5	2061	1916	2060	4123
5	2303	2094	2262	4124
5	2346	2207	2345	4125
5	2285	2143	2261	4126
5	2139	1961	2007	4127
5	2139	2094	1961	4128
5	2205	2059	2122	4129
5	2201	1995	2099	4130
5	2206	2060	2205	4131
5	2285	2122	2143	4132
5	2067	1967	1824	4133
5	2066	2065	1920	4134
5	2066	1920	1922	4135
5	2107	2068	2065	4136
5	2201	2055	1995	4137
5	2068	2067	1923	4138
5	2068	1923	1921	4139
5	2090	2054	2199	4140
5	2070	1924	2069	4141
5	2419	2144	2315	4142
5	2071	1994	1926	4143
5	2448	2308	2371	4144
5	2475	2336	2474	4145
5	2191	2045	2190	4146
5	2074	2000	1827	4147
5	2219	2073	2218	4148
5	2266	1971	2106	4149
5	2331	2189	2330	4150
5	2194	2048	2193	4151
5	2299	2153	2298	4152
5	2627	2494	2502	4153
5	2171	2130	1975	4154
5	2077	1974	1931	4155
5	2377	2274	2300	4156
5	2298	2153	2130	4157
5	2079	1934	1933	4158
5	2080	1935	1934	4159
5	2180	2034	2013	4160
5	2083	1889	1937	4161
5	2183	1992	2102	4162
5	2166	2013	2012	4163
5	2115	2111	1966	4164
5	2082	1936	2081	4165
5	2227	2142	2083	4166
5	2083	2039	1889	4167
5	2343	2203	2111	4168
5	2226	2081	2225	4169
5	2085	1948	1949	4170
5	2086	1953	1849	4171
5	2270	2157	1989	4172
5	2087	1989	1799	4173
5	2167	2088	2016	4174
5	2369	2134	1941	4175
5	2151	1807	2008	4176
5	2133	1817	1948	4177
5	2386	2135	2086	4178
5	2088	1950	1513	4179
5	2089	2001	1955	4180
5	2155	2089	1955	4181
5	2330	2188	2329	4182
5	2337	2196	2195	4183
5	2091	2018	1965	4184
5	2237	2130	2171	4185
5	2140	1976	2120	4186
5	2215	2071	2070	4187
5	2271	2086	1950	4188
5	2429	2271	2304	4189
5	2094	2025	1961	4190
5	2478	2272	2339	4191
5	2182	2036	2035	4192
5	2181	2035	2034	4193
5	2154	2096	1959	4194
5	2130	1960	1975	4195
5	2167	2016	2017	4196
5	2148	1813	1980	4197
5	2275	2141	2268	4198
5	2496	2361	2360	4199
5	2696	2564	2520	4200
5	2341	2200	2210	4201
5	2178	2015	2014	4202
5	2555	2432	2280	4203
5	2101	2091	1965	4204
5	2101	1965	1974	4205
5	2161	2002	2160	4206
5	2324	2183	2251	4207
5	2388	2148	2295	4208
5	2278	2003	2105	4209
5	2384	2105	2277	4210
5	2104	1853	2004	4211
5	2152	1809	1662	4212
5	2158	1939	2103	4213
5	2113	2033	2032	4214
5	2279	2119	2216	4215
5	2211	2066	2123	4216
5	2202	2056	2055	4217
5	2184	2037	2183	4218
5	2306	2102	2161	4219
5	2314	2159	2253	4220
5	2145	1822	2022	4221
5	2110	2101	1974	4222
5	2110	1974	2077	4223
5	2203	2058	2057	4224
5	2204	1993	2058	4225
5	2280	2100	2015	4226
5	2318	2254	2112	4227
5	2255	2179	2113	4228
5	2266	2118	1971	4229
5	2226	2082	2081	4230
5	2282	2114	2238	4231
5	2273	2110	2222	4232
5	2256	2111	2115	4233
5	2180	2013	2166	4234
5	2181	2034	2180	4235
5	2317	2175	2316	4236
5	2457	2319	2385	4237
5	2118	2117	1970	4238
5	2118	1970	1971	4239
5	2219	2074	2073	4240
5	2334	2193	2192	4241
5	2140	1963	1976	4242
5	2120	1976	1994	4243
5	2175	2029	2028	4244
5	2177	2031	2030	4245
5	2462	2324	2398	4246
5	2345	2205	2230	4247
5	2211	2065	2066	4248
5	2123	2066	1968	4249
5	2124	2120	1994	4250
5	2124	1994	2071	4251
5	2125	2114	1938	4252
5	2125	1938	1947	4253
5	2126	2125	1947	4254
5	2126	1947	1969	4255
5	2303	2174	2094	4256
5	2383	2277	2104	4257
5	2296	2149	2290	4258
5	2277	2005	2104	4259
5	2129	2085	1949	4260
5	2129	1949	1546	4261
5	2153	1985	1960	4262
5	2154	1985	2153	4263
5	2289	2147	2149	4264
5	2290	2149	1952	4265
5	2291	2131	1951	4266
5	2132	1951	1848	4267
5	2292	2133	1948	4268
5	2249	1991	2084	4269
5	2150	2132	1945	4270
5	2149	2147	1978	4271
5	2386	2086	2378	4272
5	2417	2383	2247	4273
5	2518	2388	2295	4274
5	2504	2408	2409	4275
5	2148	1954	1813	4276
5	2137	1980	1981	4277
5	2138	2099	1957	4278
5	2138	1957	1988	4279
5	2209	2006	2063	4280
5	2207	2062	2061	4281
5	2338	2197	2196	4282
5	2340	2199	2272	4283
5	2141	2121	1964	4284
5	2141	1964	1986	4285
5	2142	2115	2039	4286
5	2142	2039	2083	4287
5	2143	2122	1967	4288
5	2143	1967	2067	4289
5	2174	2025	2094	4290
5	2155	1955	2024	4291
5	2156	1874	1987	4292
5	2172	2022	1999	4293
5	2416	2137	1981	4294
5	2146	1981	1852	4295
5	2147	1982	1665	4296
5	2147	1665	1652	4297
5	2295	1980	2137	4298
5	2652	2544	2387	4299
5	2417	2248	2391	4300
5	2247	2104	2004	4301
5	2391	2248	2128	4302
5	2291	1951	2132	4303
5	2297	1891	2151	4304
5	2151	1891	1746	4305
5	2158	1984	1939	4306
5	2152	2127	1977	4307
5	2267	2101	2228	4308
5	2317	2176	2175	4309
5	2298	2130	2237	4310
5	2311	2169	2168	4311
5	2368	2258	2156	4312
5	2262	2094	2139	4313
5	2345	2206	2205	4314
5	2234	2156	1987	4315
5	2242	1943	2136	4316
5	2271	1950	2088	4317
5	2305	1984	2158	4318
5	2305	2152	1984	4319
5	2172	2145	2022	4320
5	2723	2453	2540	4321
5	2161	1996	2002	4322
5	2320	2180	2166	4323
5	2277	2105	2005	4324
5	2288	2128	1942	4325
5	2162	2139	2007	4326
5	2162	2007	2006	4327
5	2163	2138	1988	4328
5	2163	1988	2011	4329
5	2165	2011	2010	4330
5	2422	2276	2394	4331
5	2335	2193	2334	4332
5	2307	2163	2165	4333
5	2310	2116	2309	4334
5	2449	2322	2320	4335
5	2438	2241	2133	4336
5	2292	1948	2085	4337
5	2169	2020	2019	4338
5	2170	2021	2020	4339
5	2644	2585	2511	4340
5	2316	2121	2275	4341
5	2358	2221	2220	4342
5	2171	2021	2170	4343
5	2358	2220	2357	4344
5	2360	2224	2223	4345
5	2314	2172	2159	4346
5	2252	2026	2144	4347
5	2173	2155	2024	4348
5	2173	2024	2023	4349
5	2258	2023	2156	4350
5	2433	2261	2423	4351
5	2411	2228	2273	4352
5	2443	2298	2396	4353
5	2318	2112	2177	4354
5	2275	2121	2141	4355
5	2319	2176	2317	4356
5	2177	2112	2031	4357
5	2284	2179	2255	4358
5	2505	2266	2397	4359
5	2179	2178	2014	4360
5	2179	2014	2033	4361
5	2326	2108	2185	4362
5	2364	2283	2142	4363
5	2418	2398	2251	4364
5	2182	2095	2036	4365
5	2322	2180	2320	4366
5	2325	2184	2324	4367
5	2184	2038	2037	4368
5	2185	2038	2184	4369
5	2462	2325	2324	4370
5	2309	2116	2108	4371
5	2326	2309	2108	4372
5	2446	2286	2435	4373
5	2330	2189	2188	4374
5	2329	2187	2328	4375
5	2475	2337	2336	4376
5	2193	2048	2047	4377
5	2430	2275	2268	4378
5	2441	2397	2106	4379
5	2327	2186	2119	4380
5	2191	2046	2045	4381
5	2336	2194	2335	4382
5	2334	2192	2333	4383
5	2328	2187	2186	4384
5	2329	2188	2187	4385
5	2331	2190	2189	4386
5	2197	2051	2196	4387
5	2351	2090	2340	4388
5	2195	2050	2049	4389
5	2272	2199	2198	4390
5	2339	2198	2197	4391
5	2339	2197	2338	4392
5	2198	2053	2052	4393
5	2337	2195	2336	4394
5	2332	2191	2190	4395
5	2352	2214	2213	4396
5	2090	1962	2054	4397
5	2404	2259	2376	4398
5	2214	2070	2069	4399
5	2484	2403	2341	4400
5	2250	2164	2092	4401
5	2200	2123	1968	4402
5	2200	1968	2064	4403
5	2260	2201	2099	4404
5	2210	2056	2202	4405
5	2341	2236	2200	4406
5	2210	2200	2064	4407
5	2498	2363	2362	4408
5	2221	2075	2220	4409
5	2480	2344	2343	4410
5	2222	2110	2077	4411
5	2206	2061	2060	4412
5	2209	2063	2208	4413
5	2424	2173	2258	4414
5	2287	2161	2160	4415
5	2615	2481	2506	4416
5	2209	2162	2006	4417
5	2231	2139	2162	4418
5	2485	2350	2349	4419
5	2483	2348	2342	4420
5	2350	2211	2349	4421
5	2448	2307	2308	4422
5	2276	2138	2243	4423
5	2342	2202	2201	4424
5	2556	2402	2482	4425
5	2212	2143	2067	4426
5	2212	2067	2068	4427
5	2259	2120	2124	4428
5	2214	2069	2213	4429
5	2352	2264	2215	4430
5	2215	2070	2214	4431
5	2508	2376	2488	4432
5	2332	2190	2331	4433
5	2216	2119	2000	4434
5	2216	2000	2074	4435
5	2218	2073	2072	4436
5	2327	2119	2279	4437
5	2766	2644	2694	4438
5	2355	2216	2219	4439
5	2328	2186	2327	4440
5	2219	2216	2074	4441
5	2497	2362	2361	4442
5	2421	2255	2254	4443
5	2311	2168	2235	4444
5	2222	2076	2221	4445
5	2235	2168	2091	4446
5	2412	2235	2267	4447
5	2224	2080	2079	4448
5	2225	2081	2080	4449
5	2357	2204	2344	4450
5	2227	2083	2082	4451
5	2633	2500	2499	4452
5	2322	2181	2180	4453
5	2460	2323	2322	4454
5	2227	2082	2226	4455
5	2458	2310	2309	4456
5	2282	2223	2114	4457
5	2359	2222	2221	4458
5	2555	2178	2284	4459
5	2244	1997	2127	4460
5	2244	2146	1997	4461
5	2230	2205	2122	4462
5	2285	2230	2122	4463
5	2347	2209	2208	4464
5	2401	2375	2231	4465
5	2232	2231	2162	4466
5	2232	2162	2209	4467
5	2233	2167	2017	4468
5	2233	2017	2157	4469
5	2252	2109	2026	4470
5	2258	2173	2023	4471
5	2585	2450	2511	4472
5	2451	2312	2450	4473
5	2261	2143	2212	4474
5	2400	2345	2230	4475
5	2312	2169	2311	4476
5	2312	2170	2169	4477
5	2321	2269	2095	4478
5	2461	2321	2323	4479
5	2293	1940	2135	4480
5	2241	1983	2133	4481
5	2249	2084	2240	4482
5	2567	2428	2270	4483
5	2678	2389	2503	4484
5	2297	2106	1891	4485
5	2242	2239	2129	4486
5	2242	2129	1943	4487
5	2485	2349	2382	4488
5	2265	2092	2140	4489
5	2431	2229	2158	4490
5	2416	2146	2244	4491
5	2365	2292	2085	4492
5	2544	2097	2387	4493
5	2246	2234	2145	4494
5	2246	2145	2172	4495
5	2288	1942	2131	4496
5	2416	1981	2146	4497
5	2248	2247	2004	4498
5	2248	2004	2128	4499
5	2378	2086	2271	4500
5	2353	2117	2281	4501
5	2307	2243	2163	4502
5	2308	2164	2250	4503
5	2251	2183	2102	4504
5	2598	2462	2512	4505
5	2419	2252	2144	4506
5	2262	2139	2231	4507
5	2355	2279	2216	4508
5	2420	2279	2355	4509
5	2354	2217	2353	4510
5	2254	2113	2112	4511
5	2675	2510	2405	4512
5	2284	2178	2179	4513
5	2359	2273	2222	4514
5	2343	2111	2256	4515
5	2257	2238	2125	4516
5	2257	2125	2126	4517
5	2315	2144	2027	4518
5	2315	2027	2174	4519
5	2294	2120	2259	4520
5	2265	2250	2092	4521
5	2487	2352	2351	4522
5	2488	2264	2352	4523
5	2423	2261	2263	4524
5	2350	2107	2211	4525
5	2573	2433	2572	4526
5	2286	2160	2089	4527
5	2263	2261	2212	4528
5	2263	2212	2107	4529
5	2264	2259	2124	4530
5	2264	2124	2215	4531
5	2514	2394	2414	4532
5	2381	2342	2260	4533
5	2486	2351	2340	4534
5	2281	2117	2118	4535
5	2267	2235	2091	4536
5	2267	2091	2101	4537
5	2555	2284	2510	4538
5	2427	2268	2274	4539
5	2269	2257	2126	4540
5	2269	2126	2095	4541
5	2501	2438	2292	4542
5	2516	2233	2428	4543
5	2432	2366	2100	4544
5	2429	2378	2271	4545
5	2340	2090	2199	4546
5	2351	2213	2090	4547
5	2344	2203	2343	4548
5	2399	2343	2256	4549
5	2274	2268	2098	4550
5	2274	2098	2096	4551
5	2455	2275	2430	4552
5	2444	2300	2299	4553
5	2276	2260	2099	4554
5	2276	2099	2138	4555
5	2384	2278	2105	4556
5	2278	2103	2003	4557
5	2431	2158	2103	4558
5	2431	2103	2278	4559
5	2253	2159	1998	4560
5	2253	1998	1972	4561
5	2505	2118	2266	4562
5	2366	2240	2100	4563
5	2353	2217	2117	4564
5	2354	2218	2217	4565
5	2363	2227	2226	4566
5	2283	2256	2115	4567
5	2361	2224	2360	4568
5	2763	2632	2762	4569
5	2441	2106	2297	4570
5	2397	2266	2106	4571
5	2481	2345	2400	4572
5	2401	2231	2232	4573
5	2526	2445	2301	4574
5	2434	2230	2285	4575
5	2306	2251	2102	4576
5	2306	2161	2287	4577
5	2503	2389	2439	4578
5	2290	1952	2134	4579
5	2289	2150	1982	4580
5	2289	1982	2147	4581
5	2383	2104	2247	4582
5	2390	2131	2291	4583
5	2390	2288	2131	4584
5	2518	2295	2440	4585
5	2428	2233	2157	4586
5	2791	2567	2651	4587
5	2380	2304	2167	4588
5	2388	2136	2148	4589
5	2294	2265	2140	4590
5	2294	2140	2120	4591
5	2519	2293	2386	4592
5	2365	2085	2239	4593
5	2436	2132	2150	4594
5	2296	2150	2289	4595
5	2297	2151	2245	4596
5	2432	2100	2280	4597
5	2300	2096	2154	4598
5	2300	2154	2299	4599
5	2395	2267	2228	4600
5	2300	2274	2096	4601
5	2412	2267	2395	4602
5	2638	2504	2509	4603
5	2375	2262	2231	4604
5	2302	2155	2301	4605
5	2302	2286	2089	4606
5	2302	2089	2155	4607
5	2368	2156	2234	4608
5	2452	2253	2109	4609
5	2304	2271	2088	4610
5	2304	2088	2167	4611
5	2305	2158	2229	4612
5	2305	2229	2127	4613
5	2435	2286	2302	4614
5	2619	2485	2618	4615
5	2483	2342	2381	4616
5	2572	2433	2423	4617
5	2308	2307	2165	4618
5	2308	2165	2164	4619
5	2310	2166	2116	4620
5	2321	2095	2182	4621
5	2459	2310	2458	4622
5	2632	2499	2498	4623
5	2313	2171	2170	4624
5	2313	2170	2312	4625
5	2570	2430	2427	4626
5	2313	2237	2171	4627
5	2427	2274	2377	4628
5	2444	2377	2300	4629
5	2452	2393	2314	4630
5	2452	2109	2252	4631
5	2588	2315	2453	4632
5	2767	2642	2588	4633
5	2489	2353	2281	4634
5	2454	2254	2318	4635
5	2451	2407	2313	4636
5	2780	2644	2766	4637
5	2491	2355	2356	4638
5	2405	2284	2255	4639
5	2319	2318	2177	4640
5	2319	2177	2176	4641
5	2464	2309	2326	4642
5	2630	2497	2496	4643
5	2323	2181	2322	4644
5	2406	2360	2282	4645
5	2323	2182	2181	4646
5	2323	2321	2182	4647
5	2460	2322	2449	4648
5	2499	2363	2498	4649
5	2325	2185	2184	4650
5	2326	2185	2325	4651
5	2463	2325	2462	4652
5	2761	2630	2760	4653
5	2599	2463	2598	4654
5	2689	2522	2543	4655
5	2466	2327	2465	4656
5	2465	2279	2420	4657
5	2490	2353	2489	4658
5	2333	2191	2332	4659
5	2465	2327	2279	4660
5	2479	2340	2272	4661
5	2467	2328	2466	4662
5	2466	2328	2327	4663
5	2487	2351	2486	4664
5	2333	2192	2191	4665
5	2477	2339	2338	4666
5	2467	2329	2328	4667
5	2471	2332	2470	4668
5	2335	2194	2193	4669
5	2468	2330	2329	4670
5	2473	2334	2472	4671
5	2469	2330	2468	4672
5	2338	2196	2337	4673
5	2469	2331	2330	4674
5	2470	2332	2331	4675
5	2472	2333	2471	4676
5	2339	2272	2198	4677
5	2471	2333	2332	4678
5	2478	2339	2477	4679
5	2472	2334	2333	4680
5	2473	2335	2334	4681
5	2479	2272	2478	4682
5	2352	2215	2214	4683
5	2348	2202	2342	4684
5	2484	2348	2483	4685
5	2348	2210	2202	4686
5	2348	2341	2210	4687
5	2344	2204	2203	4688
5	2357	2220	2204	4689
5	2412	2372	2235	4690
5	2359	2221	2358	4691
5	2346	2208	2207	4692
5	2347	2232	2209	4693
5	2370	2303	2262	4694
5	2347	2208	2346	4695
5	2418	2251	2306	4696
5	2711	2572	2528	4697
5	2425	2265	2294	4698
5	2620	2479	2614	4699
5	2350	2263	2107	4700
5	2349	2211	2123	4701
5	2528	2423	2374	4702
5	2423	2263	2374	4703
5	2474	2336	2335	4704
5	2371	2250	2265	4705
5	2376	2259	2264	4706
5	2477	2338	2476	4707
5	2430	2268	2427	4708
5	2356	2218	2354	4709
5	2586	2524	2407	4710
5	2566	2457	2529	4711
5	2470	2331	2469	4712
5	2468	2329	2467	4713
5	2356	2355	2219	4714
5	2356	2219	2218	4715
5	2821	2722	2780	4716
5	2761	2631	2630	4717
5	2726	2589	2724	4718
5	2463	2326	2325	4719
5	2496	2360	2406	4720
5	2632	2498	2631	4721
5	2361	2225	2224	4722
5	2362	2226	2225	4723
5	2630	2496	2629	4724
5	2364	2142	2227	4725
5	3011	2931	2887	4726
5	2912	2884	2769	4727
5	2494	2357	2492	4728
5	2364	2227	2363	4729
5	2411	2395	2228	4730
5	2399	2256	2373	4731
5	2674	2505	2397	4732
5	2428	2157	2270	4733
5	2367	2240	2366	4734
5	2367	2249	2240	4735
5	2537	2241	2438	4736
5	2695	2537	2637	4737
5	2523	2258	2368	4738
5	2523	2424	2258	4739
5	2437	2296	2290	4740
5	2369	2290	2134	4741
5	2733	2598	2647	4742
5	2540	2303	2370	4743
5	2448	2414	2307	4744
5	2546	2381	2521	4745
5	2372	2311	2235	4746
5	2524	2396	2407	4747
5	2500	2373	2283	4748
5	2499	2364	2363	4749
5	2485	2374	2350	4750
5	2572	2423	2528	4751
5	2482	2346	2481	4752
5	2520	2375	2401	4753
5	2404	2294	2259	4754
5	2425	2294	2404	4755
5	2570	2427	2522	4756
5	2396	2298	2237	4757
5	2552	2369	2544	4758
5	2801	2501	2648	4759
5	2438	2133	2292	4760
5	2380	2167	2379	4761
5	2516	2379	2233	4762
5	2391	2128	2288	4763
5	2382	2349	2236	4764
5	2698	2616	2690	4765
5	2563	2394	2514	4766
5	2565	2371	2425	4767
5	2417	2247	2248	4768
5	2548	2415	2229	4769
5	2549	2277	2383	4770
5	2415	2244	2229	4771
5	2385	2319	2317	4772
5	2455	2316	2275	4773
5	2387	2097	2293	4774
5	2386	2293	2135	4775
5	2569	2545	2378	4776
5	2389	2239	2242	4777
5	2648	2365	2551	4778
5	2555	2280	2178	4779
5	2548	2229	2431	4780
5	2439	2136	2388	4781
5	2552	2437	2369	4782
5	2576	2296	2437	4783
5	2553	2288	2390	4784
5	2437	2290	2369	4785
5	2392	2368	2234	4786
5	2392	2234	2246	4787
5	2393	2392	2246	4788
5	2393	2246	2314	4789
5	2422	2381	2260	4790
5	2394	2276	2243	4791
5	2840	2707	2692	4792
5	2760	2629	2759	4793
5	2443	2299	2298	4794
5	2444	2299	2443	4795
5	2534	2367	2366	4796
5	2426	2356	2354	4797
5	2398	2324	2251	4798
5	2573	2507	2434	4799
5	2493	2411	2273	4800
5	2480	2343	2399	4801
5	2526	2301	2424	4802
5	2424	2301	2173	4803
5	2513	2435	2445	4804
5	2482	2347	2346	4805
5	2402	2401	2232	4806
5	2402	2232	2347	4807
5	2403	2382	2236	4808
5	2403	2236	2341	4809
5	2673	2528	2619	4810
5	2584	2371	2565	4811
5	2557	2420	2491	4812
5	2716	2534	2535	4813
5	2498	2362	2497	4814
5	2497	2361	2496	4815
5	2407	2396	2237	4816
5	2407	2237	2313	4817
5	2408	2406	2282	4818
5	2408	2282	2238	4819
5	2409	2408	2238	4820
5	2409	2238	2257	4821
5	2410	2409	2257	4822
5	2410	2257	2269	4823
5	2492	2344	2480	4824
5	2494	2358	2357	4825
5	2530	2502	2492	4826
5	2530	2480	2399	4827
5	2413	2410	2269	4828
5	2413	2269	2321	4829
5	2414	2394	2243	4830
5	2414	2243	2307	4831
5	2544	2369	2097	4832
5	2440	2295	2137	4833
5	2685	2440	2653	4834
5	2653	2440	2560	4835
5	2667	2515	2505	4836
5	2660	2571	2384	4837
5	2447	2418	2306	4838
5	2447	2287	2446	4839
5	2689	2682	2522	4840
5	2452	2314	2253	4841
5	2491	2420	2355	4842
5	2491	2356	2426	4843
5	2590	2456	2455	4844
5	2421	2405	2255	4845
5	2690	2616	2617	4846
5	2892	2781	2782	4847
5	2433	2285	2261	4848
5	2434	2285	2433	4849
5	2453	2174	2303	4850
5	2618	2485	2382	4851
5	2521	2381	2422	4852
5	2975	2841	2893	4853
5	2693	2566	2529	4854
5	2625	2558	2421	4855
5	2456	2385	2317	4856
5	2668	2645	2554	4857
5	2567	2270	2087	4858
5	2658	2367	2534	4859
5	2661	2429	2550	4860
5	2519	2387	2293	4861
5	2591	2385	2456	4862
5	2626	2491	2426	4863
5	2660	2548	2571	4864
5	2701	2561	2415	4865
5	2510	2284	2405	4866
5	2771	2550	2659	4867
5	2720	2520	2583	4868
5	2434	2400	2230	4869
5	2730	2525	2596	4870
5	2712	2572	2711	4871
5	2698	2547	2616	4872
5	2446	2287	2286	4873
5	2575	2291	2436	4874
5	2436	2150	2296	4875
5	2839	2666	2553	4876
5	2436	2291	2132	4877
5	2501	2292	2365	4878
5	3006	2834	2756	4879
5	2439	2389	2242	4880
5	2439	2242	2136	4881
5	2654	2552	2544	4882
5	2773	2552	2654	4883
5	3145	3066	3083	4884
5	2623	2426	2490	4885
5	2442	2441	2297	4886
5	2442	2297	2245	4887
5	2628	2493	2495	4888
5	2724	2570	2682	4889
5	2532	2395	2411	4890
5	2603	2467	2602	4891
5	2445	2435	2302	4892
5	2445	2302	2301	4893
5	2447	2306	2287	4894
5	2525	2410	2413	4895
5	2546	2483	2381	4896
5	2596	2461	2595	4897
5	2614	2479	2478	4898
5	2610	2474	2609	4899
5	2461	2413	2321	4900
5	2461	2323	2460	4901
5	2451	2313	2312	4902
5	2450	2312	2311	4903
5	2722	2585	2644	4904
5	2586	2451	2585	4905
5	2587	2252	2419	4906
5	2587	2452	2252	4907
5	2588	2419	2315	4908
5	2453	2315	2174	4909
5	2490	2354	2353	4910
5	2454	2421	2254	4911
5	2456	2316	2455	4912
5	2456	2317	2316	4913
5	2579	2396	2524	4914
5	2762	2632	2631	4915
5	2457	2454	2318	4916
5	2457	2318	2319	4917
5	2459	2320	2310	4918
5	2459	2449	2320	4919
5	2574	2446	2435	4920
5	2649	2502	2530	4921
5	2596	2525	2413	4922
5	2598	2463	2462	4923
5	2595	2461	2460	4924
5	2525	2509	2410	4925
5	2845	2822	2665	4926
5	2464	2326	2463	4927
5	2592	2459	2458	4928
5	2464	2458	2309	4929
5	2594	2460	2449	4930
5	2729	2594	2593	4931
5	2611	2476	2475	4932
5	2602	2466	2601	4933
5	2604	2468	2603	4934
5	2600	2465	2420	4935
5	2612	2477	2476	4936
5	2558	2405	2421	4937
5	2601	2466	2465	4938
5	2474	2335	2473	4939
5	2608	2472	2607	4940
5	2605	2469	2604	4941
5	2602	2467	2466	4942
5	2612	2476	2611	4943
5	2603	2468	2467	4944
5	2476	2338	2337	4945
5	2609	2473	2608	4946
5	2614	2478	2613	4947
5	2604	2469	2468	4948
5	2605	2470	2469	4949
5	2607	2471	2606	4950
5	2476	2337	2475	4951
5	2606	2470	2605	4952
5	2606	2471	2470	4953
5	2613	2477	2612	4954
5	2488	2352	2487	4955
5	2607	2472	2471	4956
5	2608	2473	2472	4957
5	2621	2486	2620	4958
5	2486	2340	2479	4959
5	2609	2474	2473	4960
5	2610	2475	2474	4961
5	2492	2357	2344	4962
5	2493	2273	2359	4963
5	2482	2402	2347	4964
5	2481	2346	2345	4965
5	2583	2520	2401	4966
5	2581	2418	2447	4967
5	2484	2341	2348	4968
5	2943	2831	2798	4969
5	2541	2404	2376	4970
5	2584	2448	2371	4971
5	2618	2382	2547	4972
5	2749	2547	2698	4973
5	2622	2488	2487	4974
5	2841	2706	2775	4975
5	2721	2584	2565	4976
5	2488	2376	2264	4977
5	2617	2483	2546	4978
5	2541	2376	2508	4979
5	2490	2426	2354	4980
5	2600	2420	2557	4981
5	2674	2667	2505	4982
5	2705	2555	2704	4983
5	2704	2555	2510	4984
5	2601	2465	2600	4985
5	3015	2905	2913	4986
5	2628	2495	2627	4987
5	2495	2358	2494	4988
5	2542	2372	2412	4989
5	2495	2359	2358	4990
5	2495	2493	2359	4991
5	2591	2529	2385	4992
5	2543	2522	2377	4993
5	2533	2408	2504	4994
5	2633	2531	2373	4995
5	2533	2406	2408	4996
5	2500	2283	2364	4997
5	2530	2399	2531	4998
5	2530	2492	2480	4999
5	2633	2373	2500	5000
5	2500	2364	2499	5001
5	2827	2650	2664	5002
5	2631	2498	2497	5003
5	2705	2432	2555	5004
5	2567	2087	2249	5005
5	2502	2494	2492	5006
5	2629	2406	2533	5007
5	2678	2551	2389	5008
5	2551	2239	2389	5009
5	2593	2449	2459	5010
5	2596	2413	2461	5011
5	2515	2281	2505	5012
5	2505	2281	2118	5013
5	2506	2481	2400	5014
5	2573	2434	2433	5015
5	2507	2506	2400	5016
5	2507	2400	2434	5017
5	2679	2508	2622	5018
5	2620	2486	2479	5019
5	2509	2504	2409	5020
5	2509	2409	2410	5021
5	2537	2093	2241	5022
5	2515	2489	2281	5023
5	2511	2450	2372	5024
5	2542	2511	2372	5025
5	2512	2462	2398	5026
5	2854	2765	2729	5027
5	2583	2401	2402	5028
5	2574	2435	2513	5029
5	2878	2751	2877	5030
5	2541	2425	2404	5031
5	2697	2559	2640	5032
5	2589	2430	2570	5033
5	2550	2429	2304	5034
5	2811	2685	2653	5035
5	2517	2503	2439	5036
5	2517	2439	2388	5037
5	2634	2503	2517	5038
5	2518	2517	2388	5039
5	2770	2700	2569	5040
5	2569	2378	2429	5041
5	2540	2453	2303	5042
5	2564	2375	2520	5043
5	2750	2673	2619	5044
5	2691	2546	2656	5045
5	2522	2427	2377	5046
5	2783	2717	2643	5047
5	2642	2419	2588	5048
5	2639	2424	2523	5049
5	2543	2377	2444	5050
5	2795	2689	2669	5051
5	2593	2459	2592	5052
5	3090	2957	3016	5053
5	2635	2445	2526	5054
5	2639	2526	2424	5055
5	2527	2514	2414	5056
5	2527	2414	2448	5057
5	2781	2690	2691	5058
5	2836	2698	2690	5059
5	2529	2457	2385	5060
5	2682	2570	2522	5061
5	2692	2626	2623	5062
5	2758	2668	2628	5063
5	2755	2623	2624	5064
5	2531	2399	2373	5065
5	2559	2395	2532	5066
5	2776	2768	2640	5067
5	2629	2496	2406	5068
5	2631	2497	2630	5069
5	2536	2442	2245	5070
5	2637	2537	2438	5071
5	2535	2534	2366	5072
5	2535	2366	2432	5073
5	2577	2397	2441	5074
5	2967	2578	2636	5075
5	2537	2536	2245	5076
5	2537	2245	2093	5077
5	2538	2523	2368	5078
5	2538	2368	2392	5079
5	2539	2512	2398	5080
5	2539	2398	2418	5081
5	2663	2512	2539	5082
5	2639	2538	2655	5083
5	2565	2425	2541	5084
5	2583	2402	2556	5085
5	2669	2543	2580	5086
5	2883	2840	2692	5087
5	2580	2443	2579	5088
5	2580	2543	2444	5089
5	2660	2384	2549	5090
5	2553	2391	2288	5091
5	2545	2519	2386	5092
5	2545	2386	2378	5093
5	2547	2382	2403	5094
5	2619	2374	2485	5095
5	2749	2618	2547	5096
5	2688	2521	2563	5097
5	2549	2384	2277	5098
5	2571	2278	2384	5099
5	2701	2415	2548	5100
5	2654	2544	2652	5101
5	2785	2577	2715	5102
5	2551	2365	2239	5103
5	2666	2417	2391	5104
5	2666	2391	2553	5105
5	2702	2653	2560	5106
5	2648	2501	2365	5107
5	3059	2837	2938	5108
5	2576	2436	2296	5109
5	2554	2532	2411	5110
5	2554	2411	2493	5111
5	2774	2705	2704	5112
5	2815	2651	2568	5113
5	2681	2527	2584	5114
5	2584	2527	2448	5115
5	2626	2426	2623	5116
5	2727	2725	2591	5117
5	3136	3031	2946	5118
5	2625	2421	2454	5119
5	2559	2542	2412	5120
5	2559	2412	2395	5121
5	2560	2440	2137	5122
5	2560	2137	2416	5123
5	2561	2560	2416	5124
5	2561	2416	2415	5125
5	2562	2538	2392	5126
5	2562	2392	2393	5127
5	2563	2521	2422	5128
5	2563	2422	2394	5129
5	2767	2588	2723	5130
5	2564	2370	2375	5131
5	2900	2788	2789	5132
5	2871	2745	2870	5133
5	2625	2454	2566	5134
5	2566	2454	2457	5135
5	2801	2637	2501	5136
5	2791	2428	2567	5137
5	2568	2567	2249	5138
5	2568	2249	2367	5139
5	2686	2652	2387	5140
5	2686	2387	2519	5141
5	2589	2455	2430	5142
5	2590	2455	2589	5143
5	2571	2548	2431	5144
5	2571	2431	2278	5145
5	2827	2796	2650	5146
5	2713	2507	2573	5147
5	2671	2664	2615	5148
5	2796	2720	2650	5149
5	2581	2539	2418	5150
5	2582	2446	2574	5151
5	2714	2390	2575	5152
5	2575	2390	2291	5153
5	2714	2575	2576	5154
5	2576	2575	2436	5155
5	2825	2678	2503	5156
5	2803	2695	2637	5157
5	2578	2577	2441	5158
5	2578	2441	2442	5159
5	2580	2444	2443	5160
5	2579	2443	2396	5161
5	2708	2489	2515	5162
5	2689	2543	2669	5163
5	2719	2574	2677	5164
5	2728	2593	2592	5165
5	2582	2581	2447	5166
5	2582	2447	2446	5167
5	2720	2583	2650	5168
5	2720	2696	2520	5169
5	2798	2657	2672	5170
5	2706	2541	2508	5171
5	2586	2407	2451	5172
5	2585	2451	2450	5173
5	2676	2627	2502	5174
5	2800	2759	2646	5175
5	2587	2562	2393	5176
5	2587	2393	2452	5177
5	2723	2588	2453	5178
5	2655	2538	2562	5179
5	2717	2579	2643	5180
5	2852	2726	2793	5181
5	2725	2693	2529	5182
5	2591	2456	2590	5183
5	3178	3143	3015	5184
5	2963	2795	2919	5185
5	2595	2460	2594	5186
5	2594	2449	2593	5187
5	2848	2696	2720	5188
5	2728	2592	2662	5189
5	2778	2733	2647	5190
5	2763	2633	2632	5191
5	2733	2599	2598	5192
5	2731	2595	2594	5193
5	2729	2593	2728	5194
5	2764	2633	2763	5195
5	2597	2592	2458	5196
5	2597	2458	2464	5197
5	2599	2464	2463	5198
5	2599	2597	2464	5199
5	2662	2592	2597	5200
5	2731	2594	2729	5201
5	2724	2589	2570	5202
5	2797	2755	2624	5203
5	2708	2624	2489	5204
5	2737	2601	2736	5205
5	2736	2601	2600	5206
5	2737	2602	2601	5207
5	2735	2600	2557	5208
5	2707	2557	2626	5209
5	2741	2605	2740	5210
5	2613	2478	2477	5211
5	2752	2621	2620	5212
5	2738	2603	2602	5213
5	2743	2607	2742	5214
5	2622	2487	2621	5215
5	2739	2604	2603	5216
5	2753	2622	2621	5217
5	2744	2608	2743	5218
5	2740	2605	2604	5219
5	2745	2610	2609	5220
5	2611	2475	2610	5221
5	2741	2606	2605	5222
5	2746	2611	2610	5223
5	2742	2607	2606	5224
5	2748	2612	2747	5225
5	2743	2608	2607	5226
5	2748	2614	2613	5227
5	2745	2609	2744	5228
5	2621	2487	2486	5229
5	2751	2614	2748	5230
5	2744	2609	2608	5231
5	2615	2556	2482	5232
5	2615	2482	2481	5233
5	2616	2547	2403	5234
5	2616	2403	2484	5235
5	2617	2616	2484	5236
5	2617	2484	2483	5237
5	3020	2893	2898	5238
5	2619	2528	2374	5239
5	2688	2563	2657	5240
5	2721	2681	2584	5241
5	2746	2610	2745	5242
5	2622	2508	2488	5243
5	2747	2612	2611	5244
5	2751	2620	2614	5245
5	2681	2672	2527	5246
5	2706	2508	2679	5247
5	2738	2602	2737	5248
5	2626	2557	2491	5249
5	2624	2623	2490	5250
5	2624	2490	2489	5251
5	2735	2557	2707	5252
5	2707	2626	2692	5253
5	3163	3041	3154	5254
5	3204	3061	3137	5255
5	2628	2554	2493	5256
5	2627	2495	2494	5257
5	2882	2754	2881	5258
5	2901	2769	2792	5259
5	2646	2504	2638	5260
5	2764	2757	2531	5261
5	2951	2799	2804	5262
5	2650	2583	2556	5263
5	2832	2639	2655	5264
5	2633	2499	2632	5265
5	2646	2533	2504	5266
5	2885	2760	2759	5267
5	2759	2533	2646	5268
5	2764	2531	2633	5269
5	2940	2801	2648	5270
5	2637	2438	2501	5271
5	2924	2767	2723	5272
5	2635	2513	2445	5273
5	2636	2578	2442	5274
5	2636	2442	2536	5275
5	2906	2830	2779	5276
5	2651	2567	2568	5277
5	2854	2729	2728	5278
5	2730	2641	2525	5279
5	2709	2370	2564	5280
5	2642	2587	2419	5281
5	2640	2559	2532	5282
5	2784	2697	2768	5283
5	2641	2638	2509	5284
5	2641	2509	2525	5285
5	2639	2523	2538	5286
5	2642	2655	2562	5287
5	2643	2579	2524	5288
5	2670	2643	2524	5289
5	2670	2524	2586	5290
5	3107	2983	3105	5291
5	2645	2640	2532	5292
5	2645	2532	2554	5293
5	2807	2638	2799	5294
5	2759	2629	2533	5295
5	2647	2598	2512	5296
5	2663	2647	2512	5297
5	2659	2550	2380	5298
5	2946	2785	2715	5299
5	2668	2554	2628	5300
5	2676	2502	2649	5301
5	2853	2728	2662	5302
5	2677	2574	2513	5303
5	2695	2536	2537	5304
5	2659	2380	2379	5305
5	2703	2576	2437	5306
5	2810	2654	2652	5307
5	3027	2779	2935	5308
5	2915	2654	2810	5309
5	2702	2560	2561	5310
5	2969	2846	2896	5311
5	2642	2562	2587	5312
5	2847	2719	2677	5313
5	2656	2546	2521	5314
5	2876	2673	2750	5315
5	2688	2656	2521	5316
5	2657	2563	2514	5317
5	2815	2568	2658	5318
5	2658	2568	2367	5319
5	2904	2678	2825	5320
5	2661	2569	2429	5321
5	2938	2837	2702	5322
5	2699	2383	2417	5323
5	2947	2774	2894	5324
5	2818	2551	2678	5325
5	2734	2599	2733	5326
5	2857	2734	2733	5327
5	2671	2506	2665	5328
5	2711	2528	2673	5329
5	2664	2650	2556	5330
5	2664	2556	2615	5331
5	2671	2615	2506	5332
5	2665	2506	2507	5333
5	2817	2549	2699	5334
5	2699	2549	2383	5335
5	2675	2405	2558	5336
5	2756	2558	2625	5337
5	2758	2627	2676	5338
5	2784	2766	2694	5339
5	3133	2952	3050	5340
5	2912	2769	2901	5341
5	2780	2722	2644	5342
5	3061	2930	3026	5343
5	2809	2718	2719	5344
5	2680	2663	2539	5345
5	2672	2657	2514	5346
5	2672	2514	2527	5347
5	2713	2573	2712	5348
5	2712	2573	2572	5349
5	2674	2397	2577	5350
5	2715	2577	2578	5351
5	2756	2625	2754	5352
5	2739	2603	2738	5353
5	2758	2628	2627	5354
5	2889	2763	2762	5355
5	2680	2539	2581	5356
5	2777	2663	2680	5357
5	3027	2906	2779	5358
5	2779	2687	2700	5359
5	2753	2679	2622	5360
5	2752	2620	2751	5361
5	2790	2663	2777	5362
5	2978	2895	2854	5363
5	2710	2541	2706	5364
5	3004	2898	2880	5365
5	2851	2693	2725	5366
5	2986	2852	2793	5367
5	2683	2659	2379	5368
5	2683	2379	2516	5369
5	2938	2702	2838	5370
5	2684	2634	2517	5371
5	2685	2684	2518	5372
5	2685	2518	2440	5373
5	3138	3040	3023	5374
5	2770	2569	2661	5375
5	2687	2686	2519	5376
5	2687	2519	2545	5377
5	2788	2672	2681	5378
5	2921	2836	2916	5379
5	2966	2802	2635	5380
5	2833	2639	2832	5381
5	2750	2618	2749	5382
5	2750	2619	2618	5383
5	2691	2690	2617	5384
5	2691	2617	2546	5385
5	2753	2621	2752	5386
5	2736	2600	2735	5387
5	2754	2566	2693	5388
5	2834	2558	2756	5389
5	2694	2644	2511	5390
5	2694	2511	2542	5391
5	2786	2708	2515	5392
5	2835	2636	2536	5393
5	2802	2513	2635	5394
5	2709	2540	2370	5395
5	2697	2694	2542	5396
5	2697	2542	2559	5397
5	2843	2711	2842	5398
5	2874	2698	2836	5399
5	2812	2417	2666	5400
5	2838	2702	2561	5401
5	2700	2687	2545	5402
5	2700	2545	2569	5403
5	2830	2686	2687	5404
5	2907	2810	2830	5405
5	2838	2561	2701	5406
5	2703	2437	2552	5407
5	3023	2969	2896	5408
5	2714	2553	2390	5409
5	3186	2940	3058	5410
5	2772	2704	2510	5411
5	2923	2658	2534	5412
5	2705	2535	2432	5413
5	2710	2565	2541	5414
5	2721	2565	2710	5415
5	3008	2981	2840	5416
5	2726	2590	2589	5417
5	2862	2736	2861	5418
5	2754	2625	2566	5419
5	2787	2655	2642	5420
5	2850	2723	2540	5421
5	2831	2657	2798	5422
5	2814	2656	2688	5423
5	2849	2789	2721	5424
5	2713	2665	2507	5425
5	2843	2712	2711	5426
5	2922	2790	2920	5427
5	2999	2876	2875	5428
5	2925	2765	2895	5429
5	2839	2553	2714	5430
5	2846	2576	2703	5431
5	2774	2535	2705	5432
5	2772	2510	2675	5433
5	2816	2771	2659	5434
5	3014	2786	2897	5435
5	2717	2669	2580	5436
5	2717	2580	2579	5437
5	2718	2680	2581	5438
5	2718	2581	2582	5439
5	2719	2718	2582	5440
5	2719	2582	2574	5441
5	2874	2749	2698	5442
5	2857	2733	2778	5443
5	3127	3003	3002	5444
5	2877	2751	2748	5445
5	2722	2670	2586	5446
5	2722	2586	2585	5447
5	2924	2787	2767	5448
5	2802	2677	2513	5449
5	2725	2529	2591	5450
5	2828	2794	2682	5451
5	2727	2590	2726	5452
5	2863	2737	2862	5453
5	2727	2591	2590	5454
5	2879	2752	2878	5455
5	2881	2754	2693	5456
5	2740	2604	2739	5457
5	3052	2895	3041	5458
5	2799	2638	2641	5459
5	3140	3050	3055	5460
5	2889	2762	2887	5461
5	2732	2595	2731	5462
5	2732	2596	2595	5463
5	2732	2730	2596	5464
5	2942	2913	2780	5465
5	2888	2792	2757	5466
5	3010	2886	2885	5467
5	2734	2597	2599	5468
5	2734	2662	2597	5469
5	2826	2680	2718	5470
5	2822	2671	2665	5471
5	2913	2821	2780	5472
5	3117	2992	3116	5473
5	2828	2689	2795	5474
5	2852	2727	2726	5475
5	2882	2756	2754	5476
5	2742	2606	2741	5477
5	2928	2883	2755	5478
5	2861	2736	2735	5479
5	2871	2746	2745	5480
5	2863	2738	2737	5481
5	2862	2737	2736	5482
5	2865	2739	2864	5483
5	2864	2739	2738	5484
5	2748	2613	2612	5485
5	2873	2748	2747	5486
5	2868	2742	2867	5487
5	2865	2740	2739	5488
5	2869	2743	2868	5489
5	2866	2741	2740	5490
5	2872	2746	2871	5491
5	2880	2775	2679	5492
5	2747	2611	2746	5493
5	2867	2742	2741	5494
5	2868	2743	2742	5495
5	2877	2748	2873	5496
5	2869	2744	2743	5497
5	2880	2679	2753	5498
5	2870	2745	2744	5499
5	2836	2690	2781	5500
5	2842	2711	2673	5501
5	2970	2843	2842	5502
5	3002	2877	3001	5503
5	2878	2752	2751	5504
5	2872	2747	2746	5505
5	2879	2753	2752	5506
5	3545	3387	3529	5507
5	2798	2672	2788	5508
5	2849	2710	2841	5509
5	2864	2738	2863	5510
5	2797	2624	2708	5511
5	2861	2735	2859	5512
5	2755	2692	2623	5513
5	2774	2716	2535	5514
5	2929	2675	2834	5515
5	2757	2649	2530	5516
5	2757	2530	2531	5517
5	2930	2768	2776	5518
5	3011	2887	2886	5519
5	2760	2630	2629	5520
5	2762	2631	2761	5521
5	2886	2760	2885	5522
5	2885	2759	2800	5523
5	2886	2761	2760	5524
5	2942	2780	2766	5525
5	2884	2676	2769	5526
5	2887	2762	2761	5527
5	2769	2676	2649	5528
5	2911	2805	2823	5529
5	2888	2757	2764	5530
5	2887	2761	2886	5531
5	2765	2731	2729	5532
5	2854	2728	2853	5533
5	3026	2939	3021	5534
5	2952	2807	2891	5535
5	3070	2961	2847	5536
5	2787	2642	2767	5537
5	2784	2694	2697	5538
5	2768	2697	2640	5539
5	2776	2640	2645	5540
5	3079	2933	3074	5541
5	2818	2648	2551	5542
5	3076	2770	2936	5543
5	3156	3060	2953	5544
5	2771	2661	2550	5545
5	2937	2708	2786	5546
5	2786	2515	2667	5547
5	3028	2936	2771	5548
5	2773	2703	2552	5549
5	2785	2674	2577	5550
5	2785	2667	2674	5551
5	2775	2706	2679	5552
5	2880	2753	2879	5553
5	3029	3012	3013	5554
5	3169	3082	3143	5555
5	2845	2665	2713	5556
5	2824	2671	2822	5557
5	2844	2712	2843	5558
5	2960	2920	2777	5559
5	3037	3024	2918	5560
5	2935	2779	2700	5561
5	3207	3074	3204	5562
5	3233	3067	3201	5563
5	2814	2782	2656	5564
5	2998	2874	2921	5565
5	2782	2781	2691	5566
5	2782	2691	2656	5567
5	3047	3008	2883	5568
5	3170	3081	3169	5569
5	2945	2768	2930	5570
5	2913	2905	2821	5571
5	3031	2785	2946	5572
5	2894	2774	2704	5573
5	3032	2834	3006	5574
5	2897	2786	2667	5575
5	2966	2635	2833	5576
5	2850	2540	2709	5577
5	2973	2845	2844	5578
5	2971	2957	2822	5579
5	2789	2788	2681	5580
5	2789	2681	2721	5581
5	2790	2778	2647	5582
5	2790	2647	2663	5583
5	2808	2428	2791	5584
5	2808	2516	2428	5585
5	2792	2769	2649	5586
5	2792	2649	2757	5587
5	2793	2726	2724	5588
5	2820	2717	2783	5589
5	2794	2793	2724	5590
5	2794	2724	2682	5591
5	2828	2682	2689	5592
5	3372	3258	3270	5593
5	2845	2713	2844	5594
5	2847	2809	2719	5595
5	2834	2675	2558	5596
5	2894	2704	2772	5597
5	3127	3002	3126	5598
5	2950	2788	2900	5599
5	3009	2885	2800	5600
5	3009	2800	2952	5601
5	3158	3021	3053	5602
5	2932	2901	2792	5603
5	2835	2536	2695	5604
5	3160	2637	2801	5605
5	2813	2564	2696	5606
5	2848	2720	2796	5607
5	2816	2659	2683	5608
5	2808	2683	2516	5609
5	2804	2799	2641	5610
5	2804	2641	2730	5611
5	2805	2776	2645	5612
5	2805	2645	2668	5613
5	2806	2783	2643	5614
5	2806	2643	2670	5615
5	2807	2800	2646	5616
5	2807	2646	2638	5617
5	2936	2661	2771	5618
5	3174	2929	3032	5619
5	2813	2709	2564	5620
5	2824	2664	2671	5621
5	2829	2684	2811	5622
5	2811	2684	2685	5623
5	2830	2687	2779	5624
5	2825	2503	2634	5625
5	2817	2660	2549	5626
5	2812	2699	2417	5627
5	2832	2655	2787	5628
5	2954	2709	2813	5629
5	2916	2836	2781	5630
5	2999	2875	2998	5631
5	2918	2695	2803	5632
5	2904	2818	2678	5633
5	2909	2791	2651	5634
5	2918	2835	2695	5635
5	3097	2968	2908	5636
5	2819	2660	2817	5637
5	2907	2830	2906	5638
5	3065	2801	2940	5639
5	2819	2701	2548	5640
5	2819	2548	2660	5641
5	2820	2795	2669	5642
5	2820	2669	2717	5643
5	2821	2806	2670	5644
5	2821	2670	2722	5645
5	2827	2664	2824	5646
5	2826	2718	2809	5647
5	2823	2805	2668	5648
5	2823	2668	2758	5649
5	2974	2827	2958	5650
5	2920	2790	2777	5651
5	2959	2829	2811	5652
5	2935	2700	2770	5653
5	3092	3016	2971	5654
5	2826	2777	2680	5655
5	2914	2857	2778	5656
5	2962	2696	2848	5657
5	2919	2820	2899	5658
5	2982	2851	2860	5659
5	3058	2940	2818	5660
5	2829	2634	2684	5661
5	2830	2810	2652	5662
5	2830	2652	2686	5663
5	2831	2814	2688	5664
5	2831	2688	2657	5665
5	2833	2526	2639	5666
5	2833	2635	2526	5667
5	2903	2677	2802	5668
5	3166	3086	2961	5669
5	2859	2707	2840	5670
5	2859	2735	2707	5671
5	2967	2835	2918	5672
5	2967	2636	2835	5673
5	2876	2842	2673	5674
5	2844	2713	2712	5675
5	2837	2811	2653	5676
5	2837	2653	2702	5677
5	3063	2773	2915	5678
5	2968	2819	2908	5679
5	2896	2846	2703	5680
5	2896	2703	2773	5681
5	2866	2740	2865	5682
5	2867	2741	2866	5683
5	2849	2721	2710	5684
5	2841	2710	2706	5685
5	2875	2749	2874	5686
5	2916	2781	2892	5687
5	3101	3051	2972	5688
5	2895	2765	2854	5689
5	2921	2874	2836	5690
5	2957	2824	2822	5691
5	2978	2854	2853	5692
5	3038	2979	2914	5693
5	2846	2839	2714	5694
5	2846	2714	2576	5695
5	2958	2824	2957	5696
5	2961	2960	2826	5697
5	2977	2787	2924	5698
5	3147	2954	3093	5699
5	3148	3080	3141	5700
5	3191	3064	3167	5701
5	3045	2850	2954	5702
5	2924	2723	2850	5703
5	2881	2693	2851	5704
5	3046	2923	2716	5705
5	2860	2727	2852	5706
5	2860	2725	2727	5707
5	2858	2734	2857	5708
5	3068	2998	2921	5709
5	2951	2891	2799	5710
5	2926	2804	2855	5711
5	2855	2804	2730	5712
5	2855	2730	2732	5713
5	2856	2855	2732	5714
5	2856	2732	2731	5715
5	2858	2662	2734	5716
5	2858	2853	2662	5717
5	2958	2827	2824	5718
5	2922	2778	2790	5719
5	2981	2859	2840	5720
5	3047	2883	2928	5721
5	2989	2864	2988	5722
5	2860	2851	2725	5723
5	3005	2881	2851	5724
5	2986	2793	2927	5725
5	2984	2860	2852	5726
5	2919	2795	2820	5727
5	3019	2919	3018	5728
5	2939	2805	2911	5729
5	2983	2861	2859	5730
5	2870	2744	2869	5731
5	2985	2862	2861	5732
5	2992	2867	2991	5733
5	2987	2863	2862	5734
5	2988	2864	2863	5735
5	2996	2872	2871	5736
5	2989	2865	2864	5737
5	2993	2868	2992	5738
5	2990	2866	2865	5739
5	2994	2869	2993	5740
5	2991	2867	2866	5741
5	3004	2879	3003	5742
5	2873	2747	2872	5743
5	2992	2868	2867	5744
5	3003	2879	2878	5745
5	2995	2870	2994	5746
5	2993	2869	2868	5747
5	2994	2870	2869	5748
5	3257	3172	3242	5749
5	2875	2750	2749	5750
5	2876	2750	2875	5751
5	2973	2971	2845	5752
5	2955	2831	2943	5753
5	3256	3154	3226	5754
5	3001	2873	2997	5755
5	2995	2871	2870	5756
5	2997	2873	2872	5757
5	3373	3260	3297	5758
5	3002	2878	2877	5759
5	3004	2880	2879	5760
5	3001	2877	2873	5761
5	3043	2893	3020	5762
5	3244	3242	3124	5763
5	2996	2871	2995	5764
5	3174	3072	2929	5765
5	2883	2692	2755	5766
5	2983	2859	2981	5767
5	2928	2755	2797	5768
5	2990	2865	2989	5769
5	2884	2823	2758	5770
5	2884	2758	2676	5771
5	2931	2889	2887	5772
5	3135	3034	3011	5773
5	3122	2998	3068	5774
5	3041	2895	2978	5775
5	3000	2970	2842	5776
5	2952	2800	2807	5777
5	2890	2763	2889	5778
5	2890	2888	2764	5779
5	2890	2764	2763	5780
5	3026	2930	2939	5781
5	3152	3056	3073	5782
5	3307	3193	3258	5783
5	2891	2807	2799	5784
5	3135	3010	3134	5785
5	2948	2892	2782	5786
5	2948	2782	2814	5787
5	2893	2841	2775	5788
5	3003	2878	3002	5789
5	2923	2534	2716	5790
5	2897	2667	2785	5791
5	2902	2855	2856	5792
5	2926	2855	2902	5793
5	2956	2699	2812	5794
5	3063	2896	2773	5795
5	2988	2863	2987	5796
5	3183	3162	2947	5797
5	2898	2893	2775	5798
5	2898	2775	2880	5799
5	2899	2820	2783	5800
5	2905	2806	2821	5801
5	2976	2849	2975	5802
5	2976	2900	2789	5803
5	3258	3193	3205	5804
5	3013	2889	2931	5805
5	3154	3041	3062	5806
5	3057	2925	3052	5807
5	2960	2777	2826	5808
5	2903	2847	2677	5809
5	3182	2906	3027	5810
5	3156	2953	3035	5811
5	2944	2806	2905	5812
5	2944	2783	2806	5813
5	3098	2968	3097	5814
5	2908	2819	2817	5815
5	2941	2811	2837	5816
5	3017	2810	2907	5817
5	2968	2701	2819	5818
5	2968	2838	2701	5819
5	3028	2771	2816	5820
5	3076	2935	2770	5821
5	2910	2909	2651	5822
5	2910	2651	2815	5823
5	2934	2884	2912	5824
5	2934	2823	2884	5825
5	2934	2911	2823	5826
5	3061	2945	2930	5827
5	3030	2913	2942	5828
5	3292	3132	3168	5829
5	3100	2922	3099	5830
5	2979	2857	2914	5831
5	3063	3023	2896	5832
5	2915	2773	2654	5833
5	3103	2975	3043	5834
5	3080	2950	3025	5835
5	2917	2812	2666	5836
5	2917	2666	2839	5837
5	3037	2918	2803	5838
5	3162	3046	2947	5839
5	2927	2793	2794	5840
5	3019	2963	2919	5841
5	3092	2971	2973	5842
5	2922	2914	2778	5843
5	3243	3122	3157	5844
5	3064	2916	2892	5845
5	2998	2875	2874	5846
5	2972	2843	2970	5847
5	2923	2910	2815	5848
5	2923	2815	2658	5849
5	3099	2920	3091	5850
5	2965	2833	2832	5851
5	2925	2902	2856	5852
5	2925	2856	2765	5853
5	3052	2925	2895	5854
5	2951	2804	2926	5855
5	3151	2937	3014	5856
5	3178	3030	3144	5857
5	3006	2756	2882	5858
5	3014	2937	2786	5859
5	3072	2894	2772	5860
5	2929	2772	2675	5861
5	2933	2766	2784	5862
5	2942	2766	2933	5863
5	2932	2792	2888	5864
5	3053	2911	2934	5865
5	3075	3053	2934	5866
5	3073	3012	3029	5867
5	3467	3356	3466	5868
5	3056	2901	2932	5869
5	3390	3258	3372	5870
5	3053	3021	2911	5871
5	3159	2935	3076	5872
5	2936	2770	2661	5873
5	2940	2648	2818	5874
5	2964	2634	2829	5875
5	3077	2797	2937	5876
5	2937	2797	2708	5877
5	3017	2915	2810	5878
5	3181	3017	2907	5879
5	2939	2930	2776	5880
5	2939	2776	2805	5881
5	3160	2801	3065	5882
5	3058	2818	2904	5883
5	3181	2907	3078	5884
5	2959	2811	2941	5885
5	3135	3011	3010	5886
5	3030	3015	2913	5887
5	3064	2892	3044	5888
5	3260	3141	3149	5889
5	3115	2990	3114	5890
5	2944	2899	2783	5891
5	2945	2933	2784	5892
5	2945	2784	2768	5893
5	3083	2923	3046	5894
5	2947	2716	2774	5895
5	3196	3136	2946	5896
5	3096	2946	2715	5897
5	3172	3051	3101	5898
5	3323	3191	3167	5899
5	2949	2927	2794	5900
5	2949	2794	2828	5901
5	2950	2943	2798	5902
5	2950	2798	2788	5903
5	3374	3261	3315	5904
5	3057	2902	2925	5905
5	3011	2886	3010	5906
5	3010	2885	3009	5907
5	2953	2816	2683	5908
5	2953	2683	2808	5909
5	3093	2813	2962	5910
5	2954	2850	2709	5911
5	2955	2948	2814	5912
5	2955	2814	2831	5913
5	2956	2908	2817	5914
5	2956	2817	2699	5915
5	2973	2844	2972	5916
5	3055	2891	2951	5917
5	2961	2809	2847	5918
5	3102	2958	3090	5919
5	3078	2907	2906	5920
5	3089	2964	2829	5921
5	3087	2962	2848	5922
5	3070	2847	2903	5923
5	2961	2826	2809	5924
5	3286	3173	3263	5925
5	3244	3124	3123	5926
5	2962	2813	2696	5927
5	2963	2949	2828	5928
5	2963	2828	2795	5929
5	3281	3037	3142	5930
5	2964	2825	2634	5931
5	3039	2903	2802	5932
5	3166	2961	3070	5933
5	2966	2833	2965	5934
5	3039	2802	2966	5935
5	3096	2715	2967	5936
5	2967	2715	2578	5937
5	3022	2908	2956	5938
5	3098	2938	2838	5939
5	2969	2917	2839	5940
5	2969	2839	2846	5941
5	2971	2822	2845	5942
5	3090	2958	2957	5943
5	2972	2844	2843	5944
5	3016	2957	2971	5945
5	3091	2960	3086	5946
5	2980	2978	2853	5947
5	2974	2796	2827	5948
5	2974	2848	2796	5949
5	3062	3041	2978	5950
5	3095	3039	2966	5951
5	2976	2789	2849	5952
5	2975	2849	2841	5953
5	3044	2892	2948	5954
5	3103	3033	2976	5955
5	2977	2965	2832	5956
5	2977	2832	2787	5957
5	2980	2858	2979	5958
5	3086	2960	2961	5959
5	2980	2853	2858	5960
5	2979	2858	2857	5961
5	3100	2914	2922	5962
5	3248	3179	3128	5963
5	2985	2861	2983	5964
5	2987	2862	2985	5965
5	3005	2851	2982	5966
5	3007	2881	3005	5967
5	3168	3008	3047	5968
5	2991	2866	2990	5969
5	3129	3005	2982	5970
5	2984	2982	2860	5971
5	3106	2982	2984	5972
5	2997	2872	2996	5973
5	3110	2986	2927	5974
5	2986	2984	2852	5975
5	3018	2919	2899	5976
5	3082	2905	3015	5977
5	3229	3108	3110	5978
5	3331	3204	3259	5979
5	3067	2949	2963	5980
5	3251	3129	3249	5981
5	3109	2987	2985	5982
5	3111	2988	2987	5983
5	3118	2993	3117	5984
5	3113	2989	2988	5985
5	3119	2994	3118	5986
5	3126	3002	3001	5987
5	3114	2990	2989	5988
5	3120	2995	3119	5989
5	3115	2991	2990	5990
5	3128	3004	3003	5991
5	3116	2992	2991	5992
5	3128	3003	3127	5993
5	3117	2993	2992	5994
5	3121	2996	3120	5995
5	3118	2994	2993	5996
5	3128	3048	3004	5997
5	3000	2842	2876	5998
5	3000	2876	2999	5999
5	3241	3121	3120	6000
5	3428	3373	3297	6001
5	3122	2999	2998	6002
5	3062	2978	2980	6003
5	3119	2995	2994	6004
5	3246	3125	3245	6005
5	3121	2997	2996	6006
5	3245	3121	3241	6007
5	3263	3173	3179	6008
5	3120	2996	2995	6009
5	3321	3225	3276	6010
5	3161	3044	3084	6011
5	3132	3105	2981	6012
5	3444	3442	3324	6013
5	3008	2840	2883	6014
5	3175	3006	3130	6015
5	3264	3014	2897	6016
5	3007	2882	2881	6017
5	3109	2985	3107	6018
5	3105	2983	2981	6019
5	3177	3052	3163	6020
5	3254	3133	3253	6021
5	3253	3133	3050	6022
5	3163	3052	3041	6023
5	3054	2931	3034	6024
5	3054	3013	2931	6025
5	3012	2932	2888	6026
5	3012	2888	2890	6027
5	3013	3012	2890	6028
5	3013	2890	2889	6029
5	3130	3006	2882	6030
5	3032	2929	2834	6031
5	3185	3029	3054	6032
5	3180	3137	3026	6033
5	3104	3062	2980	6034
5	3050	2952	2891	6035
5	3036	2956	2812	6036
5	3059	2941	2837	6037
5	3112	2949	3067	6038
5	3112	2927	2949	6039
5	3108	2984	2986	6040
5	3067	2963	3019	6041
5	3247	3127	3126	6042
5	3125	3001	2997	6043
5	3021	2939	2911	6044
5	3075	2912	2901	6045
5	3098	2838	2968	6046
5	3097	2908	3022	6047
5	3036	2812	2917	6048
5	3036	3022	2956	6049
5	3096	2967	3024	6050
5	3024	2967	2918	6051
5	3025	2950	2900	6052
5	3043	2975	2893	6053
5	3200	3018	3170	6054
5	3350	3347	3231	6055
5	3265	3197	3017	6056
5	3266	3078	3182	6057
5	3094	2904	2825	6058
5	3089	2829	2959	6059
5	3034	2931	3011	6060
5	3134	3010	3009	6061
5	3074	2945	3061	6062
5	3074	2933	2945	6063
5	3271	3060	3156	6064
5	3031	2897	2785	6065
5	3376	3309	3162	6066
5	3072	2772	2929	6067
5	3033	3025	2900	6068
5	3033	2900	2976	6069
5	3054	3029	3013	6070
5	3436	3312	3435	6071
5	3186	3065	2940	6072
5	3060	2816	2953	6073
5	3220	3098	3219	6074
5	3040	2969	3023	6075
5	3142	3037	2803	6076
5	3046	2716	2947	6077
5	3051	2973	2972	6078
5	3194	3055	3085	6079
5	3188	2962	3087	6080
5	3045	2924	2850	6081
5	3040	3036	2917	6082
5	3040	2917	2969	6083
5	3092	2973	3051	6084
5	3104	2979	3038	6085
5	3095	2965	3042	6086
5	3042	2965	2977	6087
5	3103	2976	2975	6088
5	3202	3157	3068	6089
5	3084	2955	3049	6090
5	3084	2948	2955	6091
5	3319	3192	3268	6092
5	3482	3372	3417	6093
5	3035	2791	2909	6094
5	3035	2808	2791	6095
5	3130	2882	3007	6096
5	3116	2991	3115	6097
5	3048	3020	2898	6098
5	3048	2898	3004	6099
5	3084	3044	2948	6100
5	3049	2955	2943	6101
5	3133	3009	2952	6102
5	3134	3009	3133	6103
5	3148	3049	3080	6104
5	3124	2970	3000	6105
5	3085	2951	2926	6106
5	3055	3050	2891	6107
5	3075	2934	2912	6108
5	3205	3056	3152	6109
5	3270	3205	3152	6110
5	3255	3176	3135	6111
5	3071	2902	3057	6112
5	3071	2926	2902	6113
5	3395	3316	3289	6114
5	3075	2901	3056	6115
5	3253	3050	3140	6116
5	3085	2926	3071	6117
5	3060	3028	2816	6118
5	3035	2953	2808	6119
5	3219	3097	3218	6120
5	3094	2825	2964	6121
5	3066	2909	2910	6122
5	3376	3162	3183	6123
5	3079	2942	2933	6124
5	3079	3030	2942	6125
5	3101	2972	2970	6126
5	3203	3057	3177	6127
5	3220	3059	2938	6128
5	3218	3097	3022	6129
5	3069	2916	3064	6130
5	3104	2980	2979	6131
5	3159	3027	2935	6132
5	3160	2803	2637	6133
5	3303	3065	3186	6134
5	3199	2909	3066	6135
5	3170	3018	3081	6136
5	3207	3079	3074	6137
5	3214	3051	3172	6138
5	3444	3322	3396	6139
5	3069	3068	2921	6140
5	3069	2921	2916	6141
5	3087	2848	2974	6142
5	3102	2974	2958	6143
5	3410	3268	3273	6144
5	3085	3055	2951	6145
5	3196	2946	3096	6146
5	3275	3028	3060	6147
5	3073	3056	2932	6148
5	3073	2932	3012	6149
5	3316	3144	3289	6150
5	3501	3379	3498	6151
5	3180	3026	3021	6152
5	3556	3446	3436	6153
5	3275	3139	3028	6154
5	3165	3058	2904	6155
5	3206	3047	2928	6156
5	3077	2928	2797	6157
5	3088	2959	2941	6158
5	3195	2941	3059	6159
5	3345	3228	3288	6160
5	3180	3021	3158	6161
5	3080	3049	2943	6162
5	3080	2943	2950	6163
5	3081	3018	2899	6164
5	3081	2899	2944	6165
5	3082	3081	2944	6166
5	3082	2944	2905	6167
5	3083	3066	2910	6168
5	3083	2910	2923	6169
5	3580	3374	3471	6170
5	3364	3246	3363	6171
5	3045	3042	2977	6172
5	3045	2977	2924	6173
5	3091	2920	2960	6174
5	3213	3090	3016	6175
5	3209	3038	3100	6176
5	3093	2954	2813	6177
5	3182	3078	2906	6178
5	3210	3089	2959	6179
5	3210	2959	3088	6180
5	3382	3088	3195	6181
5	3320	3215	3147	6182
5	3344	3224	3213	6183
5	3279	3086	3166	6184
5	3212	3091	3086	6185
5	3311	3167	3161	6186
5	3099	2922	2920	6187
5	3095	2966	2965	6188
5	3211	3087	2974	6189
5	3155	2964	3089	6190
5	3299	3037	3281	6191
5	3282	3221	3212	6192
5	3209	3164	3038	6193
5	3264	3031	3136	6194
5	3151	3077	2937	6195
5	3198	3138	3023	6196
5	3187	3022	3036	6197
5	3198	3023	3063	6198
5	3219	3098	3097	6199
5	3322	3203	3261	6200
5	3100	3038	2914	6201
5	3221	3099	3091	6202
5	3261	3203	3177	6203
5	3123	2999	3122	6204
5	3123	3000	2999	6205
5	3448	3334	3332	6206
5	3146	2903	3039	6207
5	3189	3033	3103	6208
5	3276	3225	3150	6209
5	3202	3068	3069	6210
5	3324	3194	3190	6211
5	3107	2985	2983	6212
5	3114	2989	3113	6213
5	3129	2982	3106	6214
5	3131	3005	3129	6215
5	3111	2987	3109	6216
5	3113	2988	3111	6217
5	3227	3106	3108	6218
5	3108	3106	2984	6219
5	3201	3019	3200	6220
5	3125	2997	3121	6221
5	3238	3117	3237	6222
5	3110	3108	2986	6223
5	3368	3249	3366	6224
5	3317	3180	3158	6225
5	3231	3110	3112	6226
5	3112	3110	2927	6227
5	3201	3067	3019	6228
5	3200	3019	3018	6229
5	3169	3081	3082	6230
5	3406	3346	3347	6231
5	3230	3109	3228	6232
5	3232	3113	3111	6233
5	3237	3116	3236	6234
5	3126	3001	3125	6235
5	3234	3114	3113	6236
5	3239	3118	3238	6237
5	3235	3115	3114	6238
5	3241	3120	3240	6239
5	3236	3116	3115	6240
5	3237	3117	3116	6241
5	3248	3127	3247	6242
5	3238	3118	3117	6243
5	3545	3521	3428	6244
5	3239	3119	3118	6245
5	3244	3123	3243	6246
5	3124	3000	3123	6247
5	3396	3261	3374	6248
5	3124	3101	2970	6249
5	3208	3049	3148	6250
5	3167	3044	3161	6251
5	3246	3126	3125	6252
5	3240	3120	3119	6253
5	3245	3125	3121	6254
5	3399	3311	3262	6255
5	3248	3128	3127	6256
5	3428	3321	3387	6257
5	3150	3043	3020	6258
5	3443	3311	3399	6259
5	3249	3129	3106	6260
5	3283	3151	3014	6261
5	3132	2981	3008	6262
5	3264	2897	3031	6263
5	3661	3548	3506	6264
5	3131	3007	3005	6265
5	3252	3171	3105	6266
5	3295	3130	3250	6267
5	3535	3413	3494	6268
5	3255	3135	3134	6269
5	3416	3293	3378	6270
5	3324	3190	3322	6271
5	3177	3057	3052	6272
5	3194	3085	3190	6273
5	3509	3309	3376	6274
5	3206	2928	3077	6275
5	3137	3061	3026	6276
5	3289	3144	3207	6277
5	3187	3036	3040	6278
5	3187	3040	3138	6279
5	3139	3076	2936	6280
5	3139	2936	3028	6281
5	3194	3140	3055	6282
5	3190	3085	3071	6283
5	3141	3080	3025	6284
5	3262	3161	3208	6285
5	3303	3281	3142	6286
5	3155	3094	2964	6287
5	3143	3082	3015	6288
5	3440	3317	3307	6289
5	3178	3015	3030	6290
5	3144	3030	3079	6291
5	3217	3046	3162	6292
5	3398	3159	3277	6293
5	3226	3104	3164	6294
5	3146	3070	2903	6295
5	3146	3039	3095	6296
5	3147	3045	2954	6297
5	3323	3167	3311	6298
5	3392	3300	3381	6299
5	3149	3141	3025	6300
5	3149	3025	3033	6301
5	3189	3149	3033	6302
5	3225	3043	3150	6303
5	3301	3206	3077	6304
5	3250	3130	3007	6305
5	3556	3436	3551	6306
5	3176	3034	3135	6307
5	3153	3152	3073	6308
5	3153	3073	3029	6309
5	3226	3062	3104	6310
5	3164	3104	3038	6311
5	3302	3094	3155	6312
5	3303	3142	3065	6313
5	3304	3199	3066	6314
5	3305	3156	3199	6315
5	3157	3122	3068	6316
5	3381	3300	3260	6317
5	3874	3769	3765	6318
5	3352	3233	3201	6319
5	3165	2904	3094	6320
5	3393	3266	3182	6321
5	3160	3065	3142	6322
5	3160	3142	2803	6323
5	3167	3064	3044	6324
5	3191	3069	3064	6325
5	3764	3430	3536	6326
5	3217	3083	3046	6327
5	3310	3163	3154	6328
5	3285	3214	3172	6329
5	3215	3042	3147	6330
5	3147	3042	3045	6331
5	3274	3058	3165	6332
5	3333	3155	3089	6333
5	3278	3087	3211	6334
5	3211	2974	3102	6335
5	3362	3245	3241	6336
5	3300	3141	3260	6337
5	3171	3107	3105	6338
5	3168	3132	3008	6339
5	3312	3143	3298	6340
5	3233	3112	3067	6341
5	3397	3259	3296	6342
5	3328	3200	3170	6343
5	3232	3111	3230	6344
5	3230	3111	3109	6345
5	3223	3213	3016	6346
5	3222	3100	3099	6347
5	3173	3150	3020	6348
5	3173	3020	3048	6349
5	3326	3136	3196	6350
5	3183	2947	2894	6351
5	3314	3174	3032	6352
5	3175	3032	3006	6353
5	3185	3153	3029	6354
5	3192	3034	3176	6355
5	3291	3226	3164	6356
5	3520	3396	3484	6357
5	3446	3313	3436	6358
5	3485	3380	3440	6359
5	3179	3173	3048	6360
5	3179	3048	3128	6361
5	3270	3258	3205	6362
5	3370	3253	3294	6363
5	3195	3088	2941	6364
5	3197	2915	3017	6365
5	3418	3275	3060	6366
5	3308	3027	3159	6367
5	3301	3077	3151	6368
5	3283	3014	3264	6369
5	3184	3183	2894	6370
5	3184	2894	3072	6371
5	3440	3307	3390	6372
5	3269	3152	3153	6373
5	3418	3060	3271	6374
5	3337	3145	3217	6375
5	3218	3022	3187	6376
5	3220	2938	3098	6377
5	3320	3093	3188	6378
5	3188	3093	2962	6379
5	3381	3260	3373	6380
5	3311	3161	3262	6381
5	3310	3154	3256	6382
5	3294	3140	3287	6383
5	3474	3364	3363	6384
5	3202	3069	3191	6385
5	3192	3185	3054	6386
5	3192	3054	3034	6387
5	3193	3158	3053	6388
5	3193	3053	3075	6389
5	3315	3177	3163	6390
5	3287	3140	3194	6391
5	3651	3393	3534	6392
5	3400	3078	3266	6393
5	3337	3217	3309	6394
5	3309	3217	3162	6395
5	3198	3063	3197	6396
5	3197	3063	2915	6397
5	3318	3210	3088	6398
5	3265	3017	3181	6399
5	3199	3156	3035	6400
5	3199	3035	2909	6401
5	3313	3170	3169	6402
5	3240	3119	3239	6403
5	3234	3113	3232	6404
5	3228	3109	3107	6405
5	3401	3257	3360	6406
5	3360	3242	3244	6407
5	3203	3190	3071	6408
5	3203	3071	3057	6409
5	3207	3144	3079	6410
5	3204	3074	3061	6411
5	3205	3193	3075	6412
5	3205	3075	3056	6413
5	3250	3007	3131	6414
5	3402	3330	3206	6415
5	3298	3143	3178	6416
5	3317	3158	3307	6417
5	3208	3161	3084	6418
5	3208	3084	3049	6419
5	3486	3411	3447	6420
5	3278	3188	3087	6421
5	3302	3165	3094	6422
5	3487	3266	3393	6423
5	3224	3102	3090	6424
5	3331	3289	3207	6425
5	3221	3091	3212	6426
5	3223	3092	3214	6427
5	3224	3090	3213	6428
5	3335	3102	3224	6429
5	3371	3254	3370	6430
5	3214	3092	3051	6431
5	3215	3146	3095	6432
5	3215	3095	3042	6433
5	3216	3196	3096	6434
5	3216	3096	3024	6435
5	3299	3024	3037	6436
5	3217	3145	3083	6437
5	3340	3059	3220	6438
5	3338	3198	3327	6439
5	3327	3198	3197	6440
5	3338	3138	3198	6441
5	3218	3187	3138	6442
5	3339	3220	3219	6443
5	3222	3099	3221	6444
5	3222	3209	3100	6445
5	3223	3016	3092	6446
5	3280	3243	3157	6447
5	3291	3256	3226	6448
5	3405	3282	3212	6449
5	3342	3221	3282	6450
5	3361	3243	3280	6451
5	3225	3189	3103	6452
5	3225	3103	3043	6453
5	3284	3164	3209	6454
5	3226	3154	3062	6455
5	3228	3107	3171	6456
5	3249	3106	3227	6457
5	3247	3126	3246	6458
5	3351	3232	3348	6459
5	3488	3389	3367	6460
5	3229	3227	3108	6461
5	3236	3115	3235	6462
5	3235	3114	3234	6463
5	3313	3169	3312	6464
5	3231	3229	3110	6465
5	3349	3200	3328	6466
5	3349	3201	3200	6467
5	3353	3234	3351	6468
5	3233	3231	3112	6469
5	3346	3227	3229	6470
5	3478	3366	3476	6471
5	3328	3170	3313	6472
5	3312	3169	3143	6473
5	3348	3232	3230	6474
5	3359	3241	3240	6475
5	3351	3234	3232	6476
5	3357	3238	3356	6477
5	3353	3235	3234	6478
5	3362	3241	3359	6479
5	3354	3236	3235	6480
5	3355	3237	3236	6481
5	3365	3247	3364	6482
5	3356	3238	3237	6483
5	3363	3245	3362	6484
5	3357	3239	3238	6485
5	3242	3172	3101	6486
5	3242	3101	3124	6487
5	3336	3223	3214	6488
5	3243	3123	3122	6489
5	3343	3223	3336	6490
5	3428	3297	3321	6491
5	3358	3240	3239	6492
5	3359	3240	3358	6493
5	3365	3290	3248	6494
5	3363	3246	3245	6495
5	3762	3632	3716	6496
5	3529	3420	3489	6497
5	3491	3385	3407	6498
5	3530	3381	3526	6499
5	3492	3479	3369	6500
5	3292	3252	3132	6501
5	3252	3105	3132	6502
5	3295	3175	3130	6503
5	3593	3388	3496	6504
5	3251	3131	3129	6505
5	3288	3228	3171	6506
5	3369	3288	3171	6507
5	3254	3134	3133	6508
5	3255	3134	3254	6509
5	3371	3255	3254	6510
5	3378	3319	3377	6511
5	3322	3190	3203	6512
5	3416	3269	3293	6513
5	3526	3373	3521	6514
5	3447	3323	3443	6515
5	3403	3279	3166	6516
5	3335	3211	3102	6517
5	3417	3270	3269	6518
5	3270	3152	3269	6519
5	3259	3204	3137	6520
5	3551	3436	3435	6521
5	3297	3260	3149	6522
5	3297	3149	3189	6523
5	3360	3257	3242	6524
5	3495	3386	3481	6525
5	3420	3286	3385	6526
5	3584	3474	3583	6527
5	3364	3247	3246	6528
5	3365	3248	3247	6529
5	3314	3032	3175	6530
5	3511	3409	3330	6531
5	3327	3197	3265	6532
5	3338	3219	3218	6533
5	3419	3139	3275	6534
5	3415	3318	3382	6535
5	3267	3184	3072	6536
5	3267	3072	3174	6537
5	3268	3192	3176	6538
5	3371	3273	3255	6539
5	3800	3705	3768	6540
5	3417	3269	3416	6541
5	3650	3501	3629	6542
5	3553	3440	3390	6543
5	3499	3391	3303	6544
5	3277	3076	3139	6545
5	3272	3262	3208	6546
5	3272	3208	3148	6547
5	3273	3268	3176	6548
5	3273	3176	3255	6549
5	3375	3136	3326	6550
5	3274	3186	3058	6551
5	3419	3275	3418	6552
5	3277	3159	3076	6553
5	3521	3373	3428	6554
5	3387	3321	3276	6555
5	3595	3505	3549	6556
5	3308	3182	3027	6557
5	3343	3213	3223	6558
5	3279	3212	3086	6559
5	3332	3146	3215	6560
5	3334	3070	3146	6561
5	3652	3539	3579	6562
5	3413	3272	3392	6563
5	3547	3274	3430	6564
5	3299	3216	3024	6565
5	3558	3448	3383	6566
5	3341	3209	3222	6567
5	3444	3324	3322	6568
5	3367	3250	3131	6569
5	3285	3172	3257	6570
5	3291	3164	3284	6571
5	3336	3214	3285	6572
5	3344	3213	3343	6573
5	3286	3276	3150	6574
5	3286	3150	3173	6575
5	3294	3253	3140	6576
5	3370	3254	3253	6577
5	3345	3230	3228	6578
5	3355	3236	3354	6579
5	3553	3390	3497	6580
5	3446	3328	3313	6581
5	3290	3263	3179	6582
5	3290	3179	3248	6583
5	3425	3257	3401	6584
5	3502	3425	3401	6585
5	3366	3249	3227	6586
5	3503	3292	3409	6587
5	3293	3269	3153	6588
5	3293	3153	3185	6589
5	3456	3344	3343	6590
5	3412	3256	3291	6591
5	3375	3264	3136	6592
5	3519	3437	3314	6593
5	3296	3259	3137	6594
5	3296	3137	3180	6595
5	3438	3256	3412	6596
5	3589	3481	3480	6597
5	3669	3497	3596	6598
5	3397	3296	3380	6599
5	3304	3066	3145	6600
5	3325	3196	3216	6601
5	3300	3272	3148	6602
5	3300	3148	3141	6603
5	3330	3047	3206	6604
5	3330	3168	3047	6605
5	3431	3304	3394	6606
5	3536	3302	3404	6607
5	3735	3656	3542	6608
5	3487	3415	3266	6609
5	3305	3271	3156	6610
5	3305	3199	3304	6611
5	3500	3281	3391	6612
5	3431	3305	3304	6613
5	3306	3280	3157	6614
5	3306	3157	3202	6615
5	3317	3296	3180	6616
5	3307	3158	3193	6617
5	3441	3210	3318	6618
5	3382	3195	3340	6619
5	3483	3325	3433	6620
5	3506	3431	3394	6621
5	3315	3261	3177	6622
5	3315	3163	3310	6623
5	3329	3202	3191	6624
5	3329	3191	3323	6625
5	3628	3533	3594	6626
5	3423	3331	3379	6627
5	3435	3298	3429	6628
5	3429	3316	3395	6629
5	3414	3184	3267	6630
5	3437	3174	3314	6631
5	3481	3370	3480	6632
5	3538	3386	3495	6633
5	3316	3298	3178	6634
5	3316	3178	3144	6635
5	3497	3372	3482	6636
5	3378	3293	3319	6637
5	3441	3333	3210	6638
5	3333	3089	3210	6639
5	3319	3293	3185	6640
5	3319	3185	3192	6641
5	3320	3147	3093	6642
5	3331	3207	3204	6643
5	3321	3297	3189	6644
5	3321	3189	3225	6645
5	3324	3287	3194	6646
5	3447	3411	3329	6647
5	3507	3454	3450	6648
5	3329	3306	3202	6649
5	3396	3322	3261	6650
5	3527	3447	3443	6651
5	3326	3196	3325	6652
5	3388	3301	3151	6653
5	3801	3711	3601	6654
5	3388	3151	3283	6655
5	3340	3195	3059	6656
5	3338	3218	3138	6657
5	3435	3312	3298	6658
5	3358	3239	3357	6659
5	3392	3272	3300	6660
5	3599	3563	3507	6661
5	3737	3633	3493	6662
5	3367	3131	3251	6663
5	3515	3279	3403	6664
5	3332	3215	3320	6665
5	3334	3146	3332	6666
5	3334	3166	3070	6667
5	3404	3155	3333	6668
5	3393	3182	3308	6669
5	3403	3166	3334	6670
5	3448	3403	3334	6671
5	3448	3332	3383	6672
5	3449	3211	3335	6673
5	3471	3315	3310	6674
5	3616	3405	3515	6675
5	3524	3506	3394	6676
5	3391	3281	3303	6677
5	3340	3220	3339	6678
5	3339	3219	3338	6679
5	3452	3327	3265	6680
5	3400	3265	3181	6681
5	3400	3181	3078	6682
5	3382	3318	3088	6683
5	3453	3424	3284	6684
5	3341	3284	3209	6685
5	3342	3341	3222	6686
5	3342	3222	3221	6687
5	3450	3336	3285	6688
5	3425	3285	3257	6689
5	3454	3343	3336	6690
5	3597	3513	3560	6691
5	3348	3230	3345	6692
5	3356	3237	3355	6693
5	3476	3366	3346	6694
5	3366	3227	3346	6695
5	3347	3346	3229	6696
5	3347	3229	3231	6697
5	3736	3592	3626	6698
5	3354	3235	3353	6699
5	3352	3201	3349	6700
5	3350	3231	3233	6701
5	3474	3363	3473	6702
5	3461	3458	3350	6703
5	3458	3347	3350	6704
5	3459	3351	3348	6705
5	3458	3406	3347	6706
5	3352	3350	3233	6707
5	3565	3384	3457	6708
5	3460	3352	3349	6709
5	3463	3328	3446	6710
5	3429	3298	3316	6711
5	3436	3313	3312	6712
5	3462	3351	3459	6713
5	3462	3353	3351	6714
5	3464	3354	3353	6715
5	3582	3473	3472	6716
5	3465	3355	3354	6717
5	3473	3362	3472	6718
5	3466	3356	3355	6719
5	3475	3364	3474	6720
5	3467	3357	3356	6721
5	3411	3306	3329	6722
5	3510	3401	3470	6723
5	3361	3360	3244	6724
5	3361	3244	3243	6725
5	3472	3359	3469	6726
5	3468	3358	3357	6727
5	3469	3359	3358	6728
5	3475	3408	3365	6729
5	3473	3363	3362	6730
5	3983	3911	3982	6731
5	3699	3606	3641	6732
5	3472	3362	3359	6733
5	3479	3457	3288	6734
5	3426	3252	3292	6735
5	3369	3171	3252	6736
5	3711	3492	3601	6737
5	3704	3488	3608	6738
5	3368	3251	3249	6739
5	3476	3346	3406	6740
5	3384	3348	3345	6741
5	3481	3386	3371	6742
5	3480	3370	3294	6743
5	3696	3544	3657	6744
5	3410	3273	3386	6745
5	3417	3372	3270	6746
5	3481	3371	3370	6747
5	3491	3407	3490	6748
5	3602	3490	3517	6749
5	3438	3310	3256	6750
5	3741	3522	3616	6751
5	3552	3414	3267	6752
5	3434	3337	3309	6753
5	3524	3394	3337	6754
5	3493	3376	3414	6755
5	3377	3319	3268	6756
5	3386	3273	3371	6757
5	3518	3442	3444	6758
5	3544	3442	3518	6759
5	3379	3331	3259	6760
5	3629	3498	3628	6761
5	3397	3379	3259	6762
5	3380	3296	3317	6763
5	3951	3855	3927	6764
5	3603	3521	3545	6765
5	3452	3339	3338	6766
5	3452	3265	3400	6767
5	3902	3706	3813	6768
5	3383	3188	3278	6769
5	3466	3355	3465	6770
5	3468	3357	3467	6771
5	3385	3286	3263	6772
5	3475	3365	3364	6773
5	3410	3377	3268	6774
5	3703	3594	3610	6775
5	3494	3413	3392	6776
5	3742	3659	3707	6777
5	3402	3301	3388	6778
5	3402	3206	3301	6779
5	3389	3295	3250	6780
5	3389	3250	3367	6781
5	3440	3380	3317	6782
5	3390	3307	3258	6783
5	3433	3216	3299	6784
5	3433	3325	3216	6785
5	3648	3530	3526	6786
5	3526	3381	3373	6787
5	3404	3302	3155	6788
5	3531	3404	3333	6789
5	3394	3304	3145	6790
5	3394	3145	3337	6791
5	3550	3429	3546	6792
5	3533	3380	3485	6793
5	3427	3294	3287	6794
5	3480	3294	3427	6795
5	3498	3379	3397	6796
5	3546	3395	3532	6797
5	3534	3393	3308	6798
5	3398	3308	3159	6799
5	3743	3728	3604	6800
5	3627	3490	3602	6801
5	3452	3340	3339	6802
5	3452	3338	3327	6803
5	3421	3306	3411	6804
5	3607	3518	3520	6805
5	3409	3292	3168	6806
5	3409	3168	3330	6807
5	3451	3342	3282	6808
5	3405	3212	3279	6809
5	3432	3305	3431	6810
5	3764	3547	3430	6811
5	3422	3335	3224	6812
5	3422	3224	3344	6813
5	3569	3459	3516	6814
5	3457	3345	3288	6815
5	3407	3385	3263	6816
5	3407	3263	3290	6817
5	3408	3407	3290	6818
5	3408	3290	3365	6819
5	3704	3600	3488	6820
5	3426	3369	3252	6821
5	4003	3938	3984	6822
5	3609	3528	3538	6823
5	3439	3361	3280	6824
5	3504	3439	3421	6825
5	3421	3280	3306	6826
5	3470	3360	3361	6827
5	3413	3399	3262	6828
5	3413	3262	3272	6829
5	3414	3376	3183	6830
5	3414	3183	3184	6831
5	3415	3382	3400	6832
5	3415	3400	3266	6833
5	3540	3416	3378	6834
5	3610	3594	3485	6835
5	3667	3551	3550	6836
5	3692	3623	3584	6837
5	3542	3277	3419	6838
5	3419	3277	3139	6839
5	3430	3165	3302	6840
5	3505	3419	3418	6841
5	3420	3387	3276	6842
5	3420	3276	3286	6843
5	3705	3605	3655	6844
5	3688	3543	3604	6845
5	3455	3341	3342	6846
5	3512	3403	3448	6847
5	3423	3395	3289	6848
5	3423	3289	3331	6849
5	3424	3412	3291	6850
5	3424	3291	3284	6851
5	3450	3285	3425	6852
5	3522	3451	3282	6853
5	3477	3367	3251	6854
5	3477	3251	3368	6855
5	3543	3411	3486	6856
5	3804	3721	3790	6857
5	3936	3817	3812	6858
5	3794	3692	3691	6859
5	3532	3423	3501	6860
5	3463	3349	3328	6861
5	3499	3303	3186	6862
5	3430	3274	3165	6863
5	3432	3271	3305	6864
5	3432	3418	3271	6865
5	3500	3299	3281	6866
5	3547	3499	3186	6867
5	3524	3337	3434	6868
5	3555	3375	3326	6869
5	3600	3523	3389	6870
5	3375	3283	3264	6871
5	3754	3628	3753	6872
5	3501	3423	3379	6873
5	3551	3435	3550	6874
5	3532	3395	3423	6875
5	3631	3402	3593	6876
5	3437	3267	3174	6877
5	3439	3280	3421	6878
5	3471	3310	3438	6879
5	3470	3361	3439	6880
5	3470	3401	3360	6881
5	3541	3417	3416	6882
5	3645	3528	3609	6883
5	3554	3318	3415	6884
5	3591	3531	3441	6885
5	3442	3427	3287	6886
5	3442	3287	3324	6887
5	3447	3329	3323	6888
5	3443	3323	3311	6889
5	3519	3314	3175	6890
5	3511	3330	3402	6891
5	3708	3615	3555	6892
5	3445	3326	3325	6893
5	3572	3446	3556	6894
5	3469	3358	3468	6895
5	3383	3332	3320	6896
5	3383	3320	3188	6897
5	3449	3278	3211	6898
5	3598	3561	3456	6899
5	3558	3278	3449	6900
5	3558	3383	3278	6901
5	3559	3450	3425	6902
5	3515	3403	3512	6903
5	3455	3342	3451	6904
5	3453	3284	3341	6905
5	3452	3400	3382	6906
5	3452	3382	3340	6907
5	3454	3336	3450	6908
5	3559	3425	3502	6909
5	3456	3343	3454	6910
5	3741	3616	3701	6911
5	3709	3561	3598	6912
5	3455	3453	3341	6913
5	3736	3707	3592	6914
5	3580	3471	3539	6915
5	3573	3464	3571	6916
5	3457	3384	3345	6917
5	3459	3348	3384	6918
5	3516	3459	3384	6919
5	3464	3353	3462	6920
5	3465	3354	3464	6921
5	3461	3352	3460	6922
5	3461	3350	3352	6923
5	3805	3755	3635	6924
5	3537	3476	3406	6925
5	3618	3537	3566	6926
5	3583	3473	3582	6927
5	3666	3516	3619	6928
5	3463	3460	3349	6929
5	3569	3462	3459	6930
5	3567	3461	3460	6931
5	3806	3608	3745	6932
5	3546	3429	3395	6933
5	3550	3435	3429	6934
5	3904	3711	3801	6935
5	3571	3464	3462	6936
5	3573	3465	3464	6937
5	3584	3517	3475	6938
5	3574	3466	3465	6939
5	3692	3583	3691	6940
5	3575	3467	3466	6941
5	3604	3543	3486	6942
5	3530	3392	3381	6943
5	3589	3480	3588	6944
5	3471	3374	3315	6945
5	3690	3582	3581	6946
5	3576	3468	3467	6947
5	3582	3472	3581	6948
5	3577	3469	3468	6949
5	3583	3474	3473	6950
5	3626	3489	3491	6951
5	3581	3472	3469	6952
5	3584	3475	3474	6953
5	3585	3368	3478	6954
5	3488	3367	3477	6955
5	3479	3288	3369	6956
5	3503	3426	3292	6957
5	3600	3389	3488	6958
5	3478	3368	3366	6959
5	3492	3369	3426	6960
5	3570	3460	3463	6961
5	3513	3412	3424	6962
5	3541	3416	3540	6963
5	3525	3378	3377	6964
5	3654	3540	3525	6965
5	3541	3482	3417	6966
5	3540	3378	3525	6967
5	3624	3445	3483	6968
5	3483	3445	3325	6969
5	3484	3396	3374	6970
5	3580	3484	3374	6971
5	3753	3594	3703	6972
5	3768	3655	3654	6973
5	3766	3687	3652	6974
5	3527	3486	3447	6975
5	3542	3398	3277	6976
5	3554	3441	3318	6977
5	3519	3175	3295	6978
5	3555	3326	3445	6979
5	3489	3420	3385	6980
5	3788	3686	3653	6981
5	3491	3489	3385	6982
5	3490	3407	3408	6983
5	3626	3592	3489	6984
5	3934	3836	3897	6985
5	3608	3477	3585	6986
5	3586	3476	3537	6987
5	3509	3434	3309	6988
5	3509	3376	3493	6989
5	3508	3443	3399	6990
5	3527	3443	3508	6991
5	3589	3495	3481	6992
5	3588	3427	3544	6993
5	3496	3388	3283	6994
5	3496	3283	3375	6995
5	3553	3485	3440	6996
5	3497	3390	3372	6997
5	3747	3610	3669	6998
5	3660	3532	3650	6999
5	3548	3432	3431	7000
5	3549	3432	3548	7001
5	3514	3299	3500	7002
5	3514	3433	3299	7003
5	3610	3485	3553	7004
5	3747	3703	3610	7005
5	3578	3439	3504	7006
5	3612	3507	3559	7007
5	4010	3835	3944	7008
5	3585	3477	3368	7009
5	3578	3470	3439	7010
5	3510	3502	3401	7011
5	3531	3333	3441	7012
5	3534	3308	3398	7013
5	3549	3505	3418	7014
5	3548	3431	3506	7015
5	3563	3456	3454	7016
5	3579	3412	3513	7017
5	3648	3526	3646	7018
5	3898	3808	3868	7019
5	3633	3509	3493	7020
5	3643	3524	3434	7021
5	3539	3471	3438	7022
5	3564	3455	3451	7023
5	3608	3488	3477	7024
5	3805	3635	3733	7025
5	3616	3522	3405	7026
5	3515	3405	3279	7027
5	3716	3606	3699	7028
5	3653	3578	3504	7029
5	3644	3506	3524	7030
5	3590	3483	3433	7031
5	3563	3454	3507	7032
5	3522	3282	3405	7033
5	3574	3465	3573	7034
5	3572	3463	3446	7035
5	3517	3490	3408	7036
5	3517	3408	3475	7037
5	3544	3427	3442	7038
5	3588	3480	3427	7039
5	3640	3437	3519	7040
5	3552	3267	3437	7041
5	3520	3518	3444	7042
5	3520	3444	3396	7043
5	3530	3494	3392	7044
5	3808	3715	3762	7045
5	3557	3335	3422	7046
5	3642	3422	3561	7047
5	3523	3519	3295	7048
5	3523	3295	3389	7049
5	3644	3524	3643	7050
5	3590	3433	3514	7051
5	3799	3696	3717	7052
5	3654	3525	3645	7053
5	4029	3898	4020	7054
5	3817	3752	3718	7055
5	3657	3518	3607	7056
5	3767	3645	3761	7057
5	3528	3525	3377	7058
5	3528	3377	3410	7059
5	3545	3428	3387	7060
5	3529	3387	3420	7061
5	3659	3529	3592	7062
5	3606	3535	3494	7063
5	3649	3404	3531	7064
5	3536	3430	3302	7065
5	3655	3541	3540	7066
5	3628	3498	3533	7067
5	3533	3498	3397	7068
5	3533	3397	3380	7069
5	3554	3415	3487	7070
5	3670	3554	3487	7071
5	3535	3508	3399	7072
5	3535	3399	3413	7073
5	3649	3536	3404	7074
5	3547	3186	3274	7075
5	3621	3479	3492	7076
5	3587	3565	3457	7077
5	3538	3528	3410	7078
5	3538	3410	3386	7079
5	3696	3588	3544	7080
5	3638	3513	3597	7081
5	3719	3605	3705	7082
5	3645	3525	3528	7083
5	3869	3754	3864	7084
5	3655	3605	3541	7085
5	3651	3487	3393	7086
5	3656	3398	3542	7087
5	3543	3504	3421	7088
5	3543	3421	3411	7089
5	4118	4026	4045	7090
5	3854	3743	3847	7091
5	3646	3521	3603	7092
5	3715	3625	3647	7093
5	3665	3550	3546	7094
5	3629	3501	3498	7095
5	3723	3651	3656	7096
5	3549	3418	3432	7097
5	3671	3445	3624	7098
5	3724	3639	3662	7099
5	3749	3624	3483	7100
5	3842	3771	3664	7101
5	3667	3550	3665	7102
5	3694	3537	3618	7103
5	3665	3546	3660	7104
5	3650	3532	3501	7105
5	3613	3493	3414	7106
5	3593	3402	3388	7107
5	3655	3540	3654	7108
5	3769	3660	3650	7109
5	3649	3531	3591	7110
5	3591	3441	3554	7111
5	3634	3434	3509	7112
5	3708	3555	3671	7113
5	3780	3727	3622	7114
5	3905	3731	3826	7115
5	3672	3449	3557	7116
5	3557	3449	3335	7117
5	3672	3558	3449	7118
5	3558	3512	3448	7119
5	3673	3597	3560	7120
5	3559	3507	3450	7121
5	3560	3513	3424	7122
5	3560	3424	3453	7123
5	3561	3422	3344	7124
5	3561	3344	3456	7125
5	3562	3560	3453	7126
5	3562	3453	3455	7127
5	3598	3456	3563	7128
5	3675	3562	3564	7129
5	3702	3653	3688	7130
5	3564	3562	3455	7131
5	3568	3461	3567	7132
5	3565	3516	3384	7133
5	3566	3537	3406	7134
5	3566	3406	3458	7135
5	3568	3458	3461	7136
5	3568	3566	3458	7137
5	3581	3469	3577	7138
5	4076	3991	3925	7139
5	3571	3462	3569	7140
5	3577	3468	3576	7141
5	3679	3571	3622	7142
5	3570	3567	3460	7143
5	3576	3467	3575	7144
5	3575	3466	3574	7145
5	3677	3620	3567	7146
5	3572	3570	3463	7147
5	3620	3568	3567	7148
5	3676	3568	3620	7149
5	3826	3731	3692	7150
5	3676	3618	3566	7151
5	3681	3573	3679	7152
5	3689	3577	3685	7153
5	3679	3573	3571	7154
5	3681	3574	3573	7155
5	3691	3582	3690	7156
5	3683	3575	3574	7157
5	3612	3599	3507	7158
5	3578	3510	3470	7159
5	3579	3539	3438	7160
5	3579	3438	3412	7161
5	4110	4019	4075	7162
5	3730	3609	3614	7163
5	3812	3718	3732	7164
5	3684	3576	3575	7165
5	3690	3581	3689	7166
5	3685	3577	3576	7167
5	3846	3732	3731	7168
5	3691	3583	3582	7169
5	4063	3981	3987	7170
5	3732	3623	3731	7171
5	3587	3457	3479	7172
5	3750	3668	3523	7173
5	3711	3621	3492	7174
5	3586	3478	3476	7175
5	3700	3587	3621	7176
5	3695	3619	3565	7177
5	4034	3924	4003	7178
5	3658	3614	3495	7179
5	3625	3604	3486	7180
5	3732	3602	3623	7181
5	3726	3595	3663	7182
5	3671	3555	3445	7183
5	3735	3542	3419	7184
5	3735	3419	3505	7185
5	3592	3529	3489	7186
5	3936	3812	3935	7187
5	3850	3633	3737	7188
5	3901	3805	3733	7189
5	3594	3533	3485	7190
5	3765	3629	3754	7191
5	3663	3548	3661	7192
5	3661	3506	3644	7193
5	3596	3497	3482	7194
5	3820	3719	3705	7195
5	3790	3687	3766	7196
5	3638	3579	3513	7197
5	3740	3675	3564	7198
5	3675	3673	3562	7199
5	4064	3999	4030	7200
5	3740	3564	3674	7201
5	3750	3523	3600	7202
5	3613	3414	3552	7203
5	3601	3492	3426	7204
5	3601	3426	3503	7205
5	3689	3581	3577	7206
5	3692	3584	3583	7207
5	3836	3742	3802	7208
5	3710	3646	3603	7209
5	3763	3646	3710	7210
5	3817	3718	3812	7211
5	3605	3596	3482	7212
5	3605	3482	3541	7213
5	3625	3486	3527	7214
5	3632	3535	3606	7215
5	3687	3539	3652	7216
5	3762	3647	3632	7217
5	3745	3585	3693	7218
5	3621	3587	3479	7219
5	3790	3721	3617	7220
5	3657	3544	3518	7221
5	3875	3769	3874	7222
5	3747	3669	3713	7223
5	3611	3607	3520	7224
5	3611	3520	3484	7225
5	3788	3653	3702	7226
5	3673	3560	3562	7227
5	3615	3375	3555	7228
5	3749	3483	3590	7229
5	3614	3609	3538	7230
5	3614	3538	3495	7231
5	3816	3671	3751	7232
5	3615	3496	3375	7233
5	3672	3512	3558	7234
5	3741	3674	3522	7235
5	3617	3611	3484	7236
5	3617	3484	3580	7237
5	3622	3571	3569	7238
5	3619	3516	3565	7239
5	3660	3546	3532	7240
5	3676	3566	3568	7241
5	3682	3551	3667	7242
5	3680	3572	3556	7243
5	3693	3585	3478	7244
5	3693	3478	3586	7245
5	3683	3574	3681	7246
5	3677	3567	3570	7247
5	3623	3602	3517	7248
5	3623	3517	3584	7249
5	3815	3600	3704	7250
5	3816	3708	3671	7251
5	3647	3508	3632	7252
5	3647	3527	3508	7253
5	3752	3627	3718	7254
5	3931	3802	3834	7255
5	3627	3626	3491	7256
5	3627	3491	3490	7257
5	3785	3682	3667	7258
5	4065	3833	3912	7259
5	3713	3669	3596	7260
5	3753	3628	3594	7261
5	3630	3612	3559	7262
5	3630	3559	3502	7263
5	3904	3837	3711	7264
5	3631	3511	3402	7265
5	3647	3625	3527	7266
5	3632	3508	3535	7267
5	3634	3509	3633	7268
5	3663	3549	3548	7269
5	3848	3822	3774	7270
5	3643	3434	3634	7271
5	3635	3503	3409	7272
5	3635	3409	3511	7273
5	3636	3616	3515	7274
5	3636	3515	3512	7275
5	3637	3630	3502	7276
5	3637	3502	3510	7277
5	3652	3579	3638	7278
5	3687	3580	3539	7279
5	3639	3590	3514	7280
5	3639	3514	3500	7281
5	3757	3640	3668	7282
5	3640	3552	3437	7283
5	3641	3606	3494	7284
5	3641	3494	3530	7285
5	3642	3636	3557	7286
5	3642	3557	3422	7287
5	3758	3643	3634	7288
5	3770	3724	3725	7289
5	3821	3749	3759	7290
5	3835	3593	3814	7291
5	3838	3719	3820	7292
5	3768	3654	3767	7293
5	3648	3641	3530	7294
5	3646	3526	3521	7295
5	3819	3746	3798	7296
5	3734	3720	3607	7297
5	3722	3699	3641	7298
5	3761	3609	3730	7299
5	3841	3664	3499	7300
5	3774	3649	3591	7301
5	3773	3665	3772	7302
5	3772	3660	3769	7303
5	3670	3487	3651	7304
5	3670	3591	3554	7305
5	3686	3510	3578	7306
5	3738	3630	3637	7307
5	3686	3578	3653	7308
5	3686	3637	3510	7309
5	3761	3645	3609	7310
5	4065	3903	3833	7311
5	3829	3730	3746	7312
5	3820	3705	3800	7313
5	3656	3651	3534	7314
5	3656	3534	3398	7315
5	3658	3495	3589	7316
5	3734	3611	3721	7317
5	3697	3588	3696	7318
5	3697	3589	3588	7319
5	3659	3603	3545	7320
5	3659	3545	3529	7321
5	3863	3753	3703	7322
5	3754	3629	3628	7323
5	3759	3639	3724	7324
5	3968	3883	3917	7325
5	3662	3639	3500	7326
5	3662	3500	3391	7327
5	3723	3670	3651	7328
5	3663	3595	3549	7329
5	3664	3662	3391	7330
5	3664	3391	3499	7331
5	4150	4066	4134	7332
5	3682	3556	3551	7333
5	3666	3622	3569	7334
5	3666	3569	3516	7335
5	3765	3650	3629	7336
5	3772	3665	3660	7337
5	3668	3640	3519	7338
5	3668	3519	3523	7339
5	3669	3610	3553	7340
5	3669	3553	3497	7341
5	3906	3841	3764	7342
5	3774	3591	3670	7343
5	3835	3733	3631	7344
5	3737	3493	3613	7345
5	3672	3557	3636	7346
5	3672	3636	3512	7347
5	3776	3597	3673	7348
5	3775	3599	3612	7349
5	3674	3564	3451	7350
5	3674	3451	3522	7351
5	3813	3675	3740	7352
5	3852	3741	3701	7353
5	3729	3618	3676	7354
5	3778	3666	3619	7355
5	3783	3680	3682	7356
5	3779	3712	3677	7357
5	3678	3677	3570	7358
5	3678	3570	3572	7359
5	3685	3576	3684	7360
5	3684	3575	3683	7361
5	3779	3677	3678	7362
5	3680	3678	3572	7363
5	3712	3620	3677	7364
5	3773	3667	3665	7365
5	3785	3667	3773	7366
5	3682	3680	3556	7367
5	3782	3679	3727	7368
5	3794	3691	3793	7369
5	3826	3692	3794	7370
5	3769	3650	3765	7371
5	3926	3831	3907	7372
5	3784	3683	3681	7373
5	3706	3673	3675	7374
5	3714	3637	3686	7375
5	3748	3630	3738	7376
5	3687	3617	3580	7377
5	3688	3653	3504	7378
5	3688	3504	3543	7379
5	3792	3689	3791	7380
5	3786	3684	3683	7381
5	3793	3691	3690	7382
5	3787	3685	3684	7383
5	3846	3812	3732	7384
5	3793	3690	3792	7385
5	3791	3689	3685	7386
5	3792	3690	3689	7387
5	3695	3565	3587	7388
5	3992	3827	3929	7389
5	3827	3693	3795	7390
5	3694	3586	3537	7391
5	3700	3695	3587	7392
5	3777	3620	3712	7393
5	3697	3658	3589	7394
5	3932	3828	3839	7395
5	3873	3800	3768	7396
5	3890	3728	3854	7397
5	3735	3505	3698	7398
5	3698	3505	3595	7399
5	4254	4211	4214	7400
5	3722	3641	3648	7401
5	3825	3782	3727	7402
5	3796	3618	3729	7403
5	3701	3616	3636	7404
5	3701	3636	3642	7405
5	3909	3800	3873	7406
5	3829	3746	3819	7407
5	3833	3703	3747	7408
5	3767	3654	3645	7409
5	3745	3608	3585	7410
5	3994	3801	3933	7411
5	3768	3705	3655	7412
5	3872	3761	3867	7413
5	3748	3612	3630	7414
5	3789	3638	3744	7415
5	3707	3659	3592	7416
5	3840	3763	3807	7417
5	3814	3496	3615	7418
5	4077	3988	3910	7419
5	3709	3701	3642	7420
5	3709	3642	3561	7421
5	3943	3849	3913	7422
5	3807	3763	3710	7423
5	3801	3601	3755	7424
5	3910	3815	3704	7425
5	3797	3619	3695	7426
5	3727	3679	3622	7427
5	3873	3768	3767	7428
5	3912	3833	3857	7429
5	3738	3637	3714	7430
5	3775	3612	3748	7431
5	3743	3625	3715	7432
5	3728	3688	3604	7433
5	3762	3715	3647	7434
5	3716	3632	3606	7435
5	3717	3696	3657	7436
5	3721	3611	3617	7437
5	3718	3627	3602	7438
5	3993	3948	3945	7439
5	3719	3713	3596	7440
5	3719	3596	3605	7441
5	3720	3717	3657	7442
5	3720	3657	3607	7443
5	3734	3607	3611	7444
5	3847	3743	3715	7445
5	3834	3802	3707	7446
5	4162	4138	4087	7447
5	3764	3536	3649	7448
5	3774	3670	3723	7449
5	3771	3662	3664	7450
5	3725	3663	3661	7451
5	3841	3547	3764	7452
5	3726	3663	3725	7453
5	3771	3724	3662	7454
5	3841	3499	3547	7455
5	3786	3683	3784	7456
5	3784	3681	3782	7457
5	3790	3617	3687	7458
5	3728	3702	3688	7459
5	3843	3695	3700	7460
5	3881	3777	3712	7461
5	3854	3728	3743	7462
5	3867	3730	3829	7463
5	3732	3718	3602	7464
5	3731	3623	3692	7465
5	4134	4066	4107	7466
5	3834	3707	3736	7467
5	3733	3635	3511	7468
5	3733	3511	3631	7469
5	3743	3604	3625	7470
5	3923	3871	3890	7471
5	3971	3886	3876	7472
5	3848	3656	3735	7473
5	3849	3752	3817	7474
5	3936	3913	3817	7475
5	3756	3634	3633	7476
5	3850	3756	3633	7477
5	3744	3638	3597	7478
5	3859	3775	3748	7479
5	3739	3598	3563	7480
5	3739	3563	3599	7481
5	3824	3823	3740	7482
5	3852	3740	3674	7483
5	3852	3701	3709	7484
5	3824	3598	3739	7485
5	3742	3710	3603	7486
5	3742	3603	3659	7487
5	3982	3934	3981	7488
5	3889	3766	3870	7489
5	3856	3789	3744	7490
5	3832	3798	3799	7491
5	3827	3745	3693	7492
5	3796	3694	3618	7493
5	3746	3730	3614	7494
5	3746	3614	3658	7495
5	3950	3838	3924	7496
5	3966	3881	3926	7497
5	3945	3847	3808	7498
5	3858	3748	3738	7499
5	3770	3661	3644	7500
5	3760	3643	3758	7501
5	3757	3552	3640	7502
5	3988	3815	3910	7503
5	3751	3671	3624	7504
5	3821	3818	3862	7505
5	3752	3736	3626	7506
5	3752	3626	3627	7507
5	4245	4197	4147	7508
5	3857	3747	3713	7509
5	4073	4038	3954	7510
5	3857	3713	3838	7511
5	3755	3601	3503	7512
5	3755	3503	3635	7513
5	3760	3644	3643	7514
5	3758	3634	3756	7515
5	3865	3613	3757	7516
5	3757	3613	3552	7517
5	3962	3875	3874	7518
5	3818	3760	3758	7519
5	3759	3749	3590	7520
5	3759	3590	3639	7521
5	3770	3644	3760	7522
5	3770	3725	3661	7523
5	3960	3867	3956	7524
5	3945	3808	3898	7525
5	3868	3716	3809	7526
5	3974	3804	3889	7527
5	3763	3722	3648	7528
5	3763	3648	3646	7529
5	4047	3968	4018	7530
5	3810	3595	3726	7531
5	3864	3753	3863	7532
5	3864	3754	3753	7533
5	3922	3775	3859	7534
5	3989	3803	3902	7535
5	3872	3767	3761	7536
5	3938	3800	3909	7537
5	3960	3872	3867	7538
5	3990	3920	3958	7539
5	3883	3782	3825	7540
5	3874	3765	3869	7541
5	3821	3760	3818	7542
5	3770	3759	3724	7543
5	3771	3726	3725	7544
5	3771	3725	3724	7545
5	4016	3962	4001	7546
5	3869	3765	3754	7547
5	3886	3773	3876	7548
5	3782	3681	3679	7549
5	3848	3774	3723	7550
5	3822	3649	3774	7551
5	3776	3673	3706	7552
5	3813	3706	3675	7553
5	3871	3788	3702	7554
5	3776	3744	3597	7555
5	3777	3729	3676	7556
5	3777	3676	3620	7557
5	3925	3896	3797	7558
5	3780	3666	3778	7559
5	3831	3712	3779	7560
5	3780	3622	3666	7561
5	3970	3885	3968	7562
5	3844	3729	3777	7563
5	3781	3779	3678	7564
5	3781	3678	3680	7565
5	3791	3685	3787	7566
5	3787	3684	3786	7567
5	3905	3846	3731	7568
5	3783	3781	3680	7569
5	3879	3779	3781	7570
5	3876	3773	3772	7571
5	3886	3785	3773	7572
5	3785	3783	3682	7573
5	4045	3894	3978	7574
5	3875	3772	3769	7575
5	3879	3831	3779	7576
5	3876	3772	3875	7577
5	3952	3859	3858	7578
5	3788	3714	3686	7579
5	3789	3766	3652	7580
5	3789	3652	3638	7581
5	3828	3717	3720	7582
5	3853	3734	3721	7583
5	3887	3786	3885	7584
5	3885	3786	3784	7585
5	3928	3905	3826	7586
5	3887	3787	3786	7587
5	3891	3791	3787	7588
5	3892	3791	3891	7589
5	3928	3826	3794	7590
5	4189	4079	4135	7591
5	3795	3693	3586	7592
5	3795	3586	3694	7593
5	3797	3778	3619	7594
5	3979	3895	3844	7595
5	4124	4039	4051	7596
5	3895	3729	3844	7597
5	3798	3746	3658	7598
5	3798	3658	3697	7599
5	3799	3798	3697	7600
5	3799	3697	3696	7601
5	3873	3767	3872	7602
5	3867	3761	3730	7603
5	4070	3908	4012	7604
5	3815	3750	3600	7605
5	3802	3742	3707	7606
5	4086	3981	4063	7607
5	3877	3744	3776	7608
5	3803	3776	3706	7609
5	4050	3972	3997	7610
5	3868	3762	3716	7611
5	3806	3704	3608	7612
5	4071	3904	3994	7613
5	3843	3797	3695	7614
5	3910	3704	3806	7615
5	4028	3931	3943	7616
5	3921	3830	3900	7617
5	3847	3715	3808	7618
5	3855	3738	3714	7619
5	3868	3808	3762	7620
5	3809	3716	3699	7621
5	3822	3764	3649	7622
5	3810	3698	3595	7623
5	3811	3795	3694	7624
5	3811	3694	3796	7625
5	4135	4079	4118	7626
5	3935	3812	3846	7627
5	3851	3599	3775	7628
5	3922	3851	3775	7629
5	3814	3615	3708	7630
5	3894	3793	3893	7631
5	3901	3733	3835	7632
5	3835	3631	3593	7633
5	3861	3757	3668	7634
5	3865	3757	3861	7635
5	4000	3913	3999	7636
5	3931	3897	3802	7637
5	4033	4008	3952	7638
5	3866	3862	3818	7639
5	3942	3845	3918	7640
5	3853	3721	3804	7641
5	4072	3984	4005	7642
5	4259	4217	4198	7643
5	3862	3624	3749	7644
5	3821	3862	3749	7645
5	3860	3668	3750	7646
5	3814	3593	3496	7647
5	3823	3813	3740	7648
5	3824	3739	3823	7649
5	3852	3674	3741	7650
5	3824	3740	3852	7651
5	3883	3784	3782	7652
5	3885	3784	3883	7653
5	3893	3792	3892	7654
5	3892	3792	3791	7655
5	3994	3904	3801	7656
5	4077	3995	4067	7657
5	3832	3819	3798	7658
5	3845	3717	3828	7659
5	3956	3829	3940	7660
5	3937	3819	3832	7661
5	3830	3809	3699	7662
5	3830	3699	3722	7663
5	3908	3843	3700	7664
5	3996	3929	3811	7665
5	4052	3997	3923	7666
5	4029	3993	3945	7667
5	3838	3713	3719	7668
5	3950	3857	3838	7669
5	3999	3913	3936	7670
5	4000	3943	3913	7671
5	3944	3814	3899	7672
5	3861	3668	3860	7673
5	3836	3807	3710	7674
5	3836	3710	3742	7675
5	3837	3700	3621	7676
5	3837	3621	3711	7677
5	3857	3833	3747	7678
5	4038	3990	3958	7679
5	3839	3828	3720	7680
5	3839	3720	3734	7681
5	3840	3830	3722	7682
5	3840	3722	3763	7683
5	3842	3726	3771	7684
5	3842	3664	3841	7685
5	4001	3962	3920	7686
5	3842	3810	3726	7687
5	3895	3796	3729	7688
5	3878	3727	3780	7689
5	3878	3825	3727	7690
5	3881	3712	3831	7691
5	3845	3832	3799	7692
5	3845	3799	3717	7693
5	3893	3793	3792	7694
5	3894	3794	3793	7695
5	3918	3845	3828	7696
5	3858	3738	3855	7697
5	3848	3723	3656	7698
5	3848	3735	3698	7699
5	3849	3834	3736	7700
5	3849	3736	3752	7701
5	3953	3866	3946	7702
5	3866	3751	3862	7703
5	3851	3823	3739	7704
5	3851	3739	3599	7705
5	3824	3852	3709	7706
5	3824	3709	3598	7707
5	3932	3918	3828	7708
5	3853	3839	3734	7709
5	3921	3809	3830	7710
5	4139	4088	4110	7711
5	3870	3766	3789	7712
5	3859	3748	3858	7713
5	3870	3789	3856	7714
5	3889	3790	3766	7715
5	4004	3954	3863	7716
5	3958	3920	3869	7717
5	3951	3858	3855	7718
5	3963	3877	3914	7719
5	3877	3776	3803	7720
5	3902	3803	3706	7721
5	3899	3708	3816	7722
5	3865	3737	3613	7723
5	3944	3835	3814	7724
5	3946	3866	3756	7725
5	4035	4033	3951	7726
5	3862	3751	3624	7727
5	4286	4209	4136	7728
5	4100	4006	4034	7729
5	4073	3954	4004	7730
5	4126	4047	4084	7731
5	4002	3850	3955	7732
5	3955	3865	3861	7733
5	3866	3818	3758	7734
5	3866	3758	3756	7735
5	3961	3909	3873	7736
5	4169	4099	4098	7737
5	3923	3890	3916	7738
5	3916	3890	3854	7739
5	4001	3920	3990	7740
5	4023	3966	3926	7741
5	3888	3714	3788	7742
5	3927	3855	3888	7743
5	3888	3788	3871	7744
5	3888	3855	3714	7745
5	3940	3829	3819	7746
5	3961	3873	3872	7747
5	4190	4142	4161	7748
5	4006	3912	3950	7749
5	3821	3759	3770	7750
5	3821	3770	3760	7751
5	4007	3964	3967	7752
5	3971	3876	3915	7753
5	3906	3848	3698	7754
5	3906	3698	3810	7755
5	4241	4189	4135	7756
5	3877	3856	3744	7757
5	3896	3778	3797	7758
5	3884	3783	3785	7759
5	3964	3879	3882	7760
5	3907	3831	3879	7761
5	3880	3878	3780	7762
5	3880	3780	3778	7763
5	3926	3881	3831	7764
5	3881	3844	3777	7765
5	3882	3879	3781	7766
5	3882	3781	3783	7767
5	3928	3794	3894	7768
5	3891	3787	3887	7769
5	3965	3917	3825	7770
5	3884	3882	3783	7771
5	3917	3883	3825	7772
5	3966	3844	3881	7773
5	3962	3874	3920	7774
5	3886	3884	3785	7775
5	3958	3864	3954	7776
5	3978	3893	3977	7777
5	4008	3963	3914	7778
5	3914	3877	3803	7779
5	3948	3854	3847	7780
5	3889	3804	3790	7781
5	3890	3871	3702	7782
5	3890	3702	3728	7783
5	4057	3978	3977	7784
5	4432	4401	4332	7785
5	3970	3887	3885	7786
5	3975	3887	3970	7787
5	3975	3891	3887	7788
5	3976	3891	3975	7789
5	3976	3892	3891	7790
5	3977	3893	3892	7791
5	3896	3880	3778	7792
5	3996	3811	3941	7793
5	3925	3797	3843	7794
5	4044	3907	4009	7795
5	3897	3836	3802	7796
5	4141	4062	4094	7797
5	3983	3900	3911	7798
5	3900	3830	3840	7799
5	4011	3861	3860	7800
5	3899	3814	3708	7801
5	3957	3898	3868	7802
5	3957	3809	3921	7803
5	4102	4011	4010	7804
5	3988	3919	3815	7805
5	4099	4003	4098	7806
5	4400	4393	4341	7807
5	3903	3863	3703	7808
5	3903	3703	3833	7809
5	3908	3700	3837	7810
5	4139	4110	4137	7811
5	4060	4030	3935	7812
5	3978	3894	3893	7813
5	4013	3816	3953	7814
5	3946	3756	3850	7815
5	3969	3884	3886	7816
5	4004	3863	3903	7817
5	4092	3939	3992	7818
5	4070	4069	4014	7819
5	3961	3872	3960	7820
5	3956	3867	3829	7821
5	4077	3910	3995	7822
5	3919	3750	3815	7823
5	3911	3900	3840	7824
5	3911	3840	3807	7825
5	3924	3838	3820	7826
5	4040	3956	4036	7827
5	3913	3849	3817	7828
5	4028	3987	3931	7829
5	3972	3888	3871	7830
5	3972	3871	3923	7831
5	3915	3876	3875	7832
5	4170	4096	4167	7833
5	3940	3819	3937	7834
5	4296	4245	4147	7835
5	4104	4045	3978	7836
5	3968	3885	3883	7837
5	3957	3868	3809	7838
5	4029	3945	3898	7839
5	4010	3901	3835	7840
5	3919	3860	3750	7841
5	3962	3915	3875	7842
5	3920	3874	3869	7843
5	3982	3911	3934	7844
5	4019	3900	3983	7845
5	3989	3914	3803	7846
5	3922	3823	3851	7847
5	3973	3856	3963	7848
5	4025	3948	3993	7849
5	3950	3912	3857	7850
5	4240	4159	4201	7851
5	3979	3844	3966	7852
5	4094	4017	3998	7853
5	3930	3878	3880	7854
5	4044	3926	3907	7855
5	4051	3959	4042	7856
5	4049	3963	4008	7857
5	4289	4144	4242	7858
5	4045	4026	3928	7859
5	3929	3827	3795	7860
5	3929	3795	3811	7861
5	4009	3964	4007	7862
5	3965	3878	3930	7863
5	4095	3999	4064	7864
5	4150	4063	4066	7865
5	3974	3889	3959	7866
5	4025	3916	3948	7867
5	3933	3801	3755	7868
5	3933	3755	3805	7869
5	3934	3911	3807	7870
5	3934	3807	3836	7871
5	3902	3813	3823	7872
5	3902	3823	3922	7873
5	4258	4173	4192	7874
5	4028	3943	4000	7875
5	3998	3918	3932	7876
5	4031	3937	3942	7877
5	3938	3924	3820	7878
5	3938	3820	3800	7879
5	3939	3806	3745	7880
5	3939	3745	3827	7881
5	4017	3918	3998	7882
5	4017	3942	3918	7883
5	3941	3811	3796	7884
5	3941	3796	3895	7885
5	3942	3937	3832	7886
5	3942	3832	3845	7887
5	3943	3931	3834	7888
5	3943	3834	3849	7889
5	3906	3810	3842	7890
5	3906	3842	3841	7891
5	4122	4035	4050	7892
5	3948	3847	3945	7893
5	3955	3737	3865	7894
5	4097	4013	4002	7895
5	3947	3932	3839	7896
5	3947	3839	3853	7897
5	3959	3889	3870	7898
5	3948	3916	3854	7899
5	3949	3947	3853	7900
5	3949	3853	3804	7901
5	4003	3924	3938	7902
5	4333	4291	4251	7903
5	3963	3856	3877	7904
5	3952	3858	3951	7905
5	4039	3949	3974	7906
5	3989	3952	3914	7907
5	3953	3816	3751	7908
5	3953	3751	3866	7909
5	3958	3869	3864	7910
5	3954	3864	3863	7911
5	4033	3952	3951	7912
5	3955	3850	3737	7913
5	4036	3940	4032	7914
5	4032	3940	3937	7915
5	4037	3921	4019	7916
5	3997	3972	3923	7917
5	4056	3976	4055	7918
5	4054	3971	3915	7919
5	3974	3949	3804	7920
5	4153	4073	4004	7921
5	4098	3984	4072	7922
5	4040	3960	3956	7923
5	4041	3961	3960	7924
5	4041	3960	4040	7925
5	3906	3764	3822	7926
5	3906	3822	3848	7927
5	3973	3959	3870	7928
5	4050	4035	3927	7929
5	3965	3825	3878	7930
5	3964	3907	3879	7931
5	4082	3979	4058	7932
5	4009	3907	3964	7933
5	3980	3880	3896	7934
5	4092	3994	3995	7935
5	3967	3964	3882	7936
5	3967	3882	3884	7937
5	4045	3928	3894	7938
5	3977	3892	3976	7939
5	4046	3967	3969	7940
5	3969	3967	3884	7941
5	4172	4105	4155	7942
5	4016	3915	3962	7943
5	4127	4048	4054	7944
5	3971	3969	3886	7945
5	3973	3870	3856	7946
5	3972	3927	3888	7947
5	4085	3993	4078	7948
5	4008	3914	3952	7949
5	4050	3927	3972	7950
5	4041	4005	3961	7951
5	4048	3969	3971	7952
5	4288	4252	4189	7953
5	4038	3958	3954	7954
5	4129	4054	4016	7955
5	4053	3975	3970	7956
5	4055	3975	4053	7957
5	4055	3976	3975	7958
5	4189	4160	4079	7959
5	3980	3930	3880	7960
5	3991	3896	3925	7961
5	3991	3980	3896	7962
5	4058	3966	4023	7963
5	3981	3934	3897	7964
5	4307	4204	4246	7965
5	4094	4062	4017	7966
5	4087	4075	3983	7967
5	4216	4150	4194	7968
5	4107	4000	4095	7969
5	3984	3938	3909	7970
5	4036	3956	3940	7971
5	3985	3935	3846	7972
5	3985	3846	3905	7973
5	3986	3933	3805	7974
5	4101	3988	4015	7975
5	3987	3981	3897	7976
5	3987	3897	3931	7977
5	4101	4011	3988	7978
5	4015	3805	3901	7979
5	4229	4174	4166	7980
5	4089	4027	4083	7981
5	4096	4001	3990	7982
5	4090	3990	4038	7983
5	4105	4091	4009	7984
5	4076	4014	4069	7985
5	4075	4019	3983	7986
5	3992	3939	3827	7987
5	4039	4024	3949	7988
5	4114	4025	4085	7989
5	4175	4112	4111	7990
5	4067	3933	3986	7991
5	3995	3910	3806	7992
5	3995	3806	3939	7993
5	4092	4071	3994	7994
5	4058	3979	3966	7995
5	4032	3937	4031	7996
5	4031	3942	4017	7997
5	4264	4230	4243	7998
5	4426	4330	4397	7999
5	4118	4045	4104	8000
5	4060	3935	3985	8001
5	4173	4134	4107	8002
5	4503	4402	4401	8003
5	4096	3990	4090	8004
5	4220	4155	4202	8005
5	4102	4013	4097	8006
5	4011	3919	3988	8007
5	4168	4098	4072	8008
5	4244	4218	4231	8009
5	4100	4034	4099	8010
5	4253	4167	4224	8011
5	4005	3984	3909	8012
5	4005	3909	3961	8013
5	4098	4003	3984	8014
5	4099	4034	4003	8015
5	3989	3902	3922	8016
5	4087	3982	4086	8017
5	4042	3959	3973	8018
5	4287	4251	4197	8019
5	4018	3968	3917	8020
5	4057	3977	4056	8021
5	4101	4010	4011	8022
5	4011	3860	3919	8023
5	4097	3861	4011	8024
5	4013	3899	3816	8025
5	4012	3908	3837	8026
5	4012	3837	3904	8027
5	4013	3944	3899	8028
5	4035	3951	3927	8029
5	4014	3925	3843	8030
5	4014	3843	3908	8031
5	4077	4015	3988	8032
5	4015	3986	3805	8033
5	4253	4227	4167	8034
5	4104	3978	4057	8035
5	4019	3921	3900	8036
5	4108	4029	4020	8037
5	4047	3970	3968	8038
5	4054	3915	4016	8039
5	4020	3898	3957	8040
5	4078	3993	4029	8041
5	3989	3922	3859	8042
5	3989	3859	3952	8043
5	4021	3998	3932	8044
5	4021	3932	3947	8045
5	4022	3941	3895	8046
5	4022	3895	3979	8047
5	4140	4119	4120	8048
5	4059	3930	3980	8049
5	4024	4021	3947	8050
5	4024	3947	3949	8051
5	4149	4114	4085	8052
5	4052	3916	4025	8053
5	4026	3985	3905	8054
5	4026	3905	3928	8055
5	4027	4018	3917	8056
5	4027	3917	3965	8057
5	4199	4137	4138	8058
5	4152	4063	4150	8059
5	4391	4294	4291	8060
5	4151	4081	4116	8061
5	4030	3999	3936	8062
5	4030	3936	3935	8063
5	4062	4031	4017	8064
5	4173	4107	4095	8065
5	4125	4113	3997	8066
5	4116	4081	4041	8067
5	4002	3946	3850	8068
5	4102	4097	4011	8069
5	4034	4006	3950	8070
5	4034	3950	3924	8071
5	4002	4013	3953	8072
5	4002	3953	3946	8073
5	4115	4036	4112	8074
5	4112	4032	4111	8075
5	4037	4020	3957	8076
5	4037	3957	3921	8077
5	4153	4004	4065	8078
5	4287	4197	4245	8079
5	4124	4051	4123	8080
5	4109	4021	4093	8081
5	4166	4108	4088	8082
5	4154	4081	4151	8083
5	4116	4041	4040	8084
5	4116	4040	4115	8085
5	4051	3974	3959	8086
5	4051	4039	3974	8087
5	4043	4027	3965	8088
5	4043	3965	3930	8089
5	4132	4023	4117	8090
5	4044	4023	3926	8091
5	4158	4030	4060	8092
5	4056	3977	3976	8093
5	4148	4126	4084	8094
5	4046	4007	3967	8095
5	4118	4079	4026	8096
5	4053	3970	4047	8097
5	4103	4001	4096	8098
5	4048	4046	3969	8099
5	4049	4042	3973	8100
5	4049	3973	3963	8101
5	4080	4008	4033	8102
5	4121	4049	4080	8103
5	4080	4033	4035	8104
5	4052	3923	3916	8105
5	4085	4025	3993	8106
5	4123	4051	4042	8107
5	4156	4057	4131	8108
5	4103	4016	4001	8109
5	4126	4053	4047	8110
5	4054	4048	3971	8111
5	4091	4044	4009	8112
5	4129	4016	4103	8113
5	4201	4068	4146	8114
5	4163	4090	4038	8115
5	4212	4202	4140	8116
5	4209	4131	4136	8117
5	4059	4043	3930	8118
5	4132	4058	4023	8119
5	4074	3980	3991	8120
5	4117	4023	4044	8121
5	4185	4104	4156	8122
5	4298	4241	4256	8123
5	4071	4012	3904	8124
5	4061	3992	3929	8125
5	4545	4493	4475	8126
5	4111	4032	4031	8127
5	4290	4260	4278	8128
5	4107	4028	4000	8129
5	4367	4300	4271	8130
5	4198	4153	4159	8131
5	4240	4198	4159	8132
5	4065	4004	3903	8133
5	4066	4063	3987	8134
5	4066	3987	4028	8135
5	4067	3995	3994	8136
5	4067	3994	3933	8137
5	4068	4065	3912	8138
5	4068	3912	4006	8139
5	4069	3996	3941	8140
5	4074	4059	3980	8141
5	4092	3995	3939	8142
5	4070	4012	4061	8143
5	4070	4014	3908	8144
5	4061	3929	3996	8145
5	4111	4031	4062	8146
5	4115	4040	4036	8147
5	4163	4038	4073	8148
5	4239	4187	4238	8149
5	4074	3991	4082	8150
5	4362	4313	4312	8151
5	4071	3992	4061	8152
5	4071	4061	4012	8153
5	4082	4022	3979	8154
5	4076	4082	3991	8155
5	4077	4067	3986	8156
5	4077	3986	4015	8157
5	4069	3941	4022	8158
5	4076	3925	4014	8159
5	4160	3985	4079	8160
5	4079	3985	4026	8161
5	4080	4049	4008	8162
5	4397	4330	4331	8163
5	4081	4072	4005	8164
5	4081	4005	4041	8165
5	4076	4069	4022	8166
5	4076	4022	4082	8167
5	4083	4027	4043	8168
5	4133	4059	4132	8169
5	4131	4056	4130	8170
5	4084	4047	4018	8171
5	4093	4021	4024	8172
5	4165	4094	4109	8173
5	4087	3983	3982	8174
5	4086	3982	3981	8175
5	4335	4290	4324	8176
5	4143	4062	4141	8177
5	4108	4020	4088	8178
5	4088	4020	4037	8179
5	4089	4084	4018	8180
5	4089	4018	4027	8181
5	4184	4140	4120	8182
5	4168	4072	4154	8183
5	4105	4009	4007	8184
5	4117	4044	4091	8185
5	4177	4115	4112	8186
5	4092	3992	4071	8187
5	4070	4061	3996	8188
5	4070	3996	4069	8189
5	4247	4199	4210	8190
5	4162	4087	4086	8191
5	4107	4066	4028	8192
5	4095	4000	3999	8193
5	4205	4188	4170	8194
5	4184	4120	4127	8195
5	4097	4002	3955	8196
5	4097	3955	3861	8197
5	4177	4112	4175	8198
5	4154	4072	4081	8199
5	4200	4147	4099	8200
5	4296	4147	4200	8201
5	4113	4050	3997	8202
5	4122	4050	4113	8203
5	4101	4015	3901	8204
5	4101	3901	4010	8205
5	4102	4010	3944	8206
5	4102	3944	4013	8207
5	4156	4104	4057	8208
5	4128	4055	4053	8209
5	4130	4055	4128	8210
5	4130	4056	4055	8211
5	4172	4091	4105	8212
5	4145	4084	4089	8213
5	4106	4093	4024	8214
5	4106	4024	4039	8215
5	4258	4203	4173	8216
5	4303	4281	4265	8217
5	4215	4181	4149	8218
5	4108	4078	4029	8219
5	4109	4094	3998	8220
5	4109	3998	4021	8221
5	4110	4088	4037	8222
5	4110	4037	4019	8223
5	4112	4036	4032	8224
5	4200	4099	4169	8225
5	4230	4142	4190	8226
5	4180	4106	4124	8227
5	4121	4042	4049	8228
5	4182	4124	4123	8229
5	4125	4052	4114	8230
5	4114	4052	4025	8231
5	4248	4200	4169	8232
5	4143	4111	4062	8233
5	4248	4169	4226	8234
5	4533	4508	4525	8235
5	4179	4091	4172	8236
5	4133	4132	4117	8237
5	4131	4057	4056	8238
5	4158	4064	4030	8239
5	4119	4105	4007	8240
5	4119	4007	4046	8241
5	4120	4119	4046	8242
5	4120	4046	4048	8243
5	4123	4042	4121	8244
5	4142	4109	4093	8245
5	4122	4121	4080	8246
5	4122	4080	4035	8247
5	4176	4122	4113	8248
5	4124	4106	4039	8249
5	4125	3997	4052	8250
5	4181	4114	4149	8251
5	4180	4161	4106	8252
5	4176	4121	4122	8253
5	4256	4241	4135	8254
5	4128	4053	4126	8255
5	4227	4170	4167	8256
5	4127	4120	4048	8257
5	4332	4258	4289	8258
5	4333	4251	4287	8259
5	4155	4105	4119	8260
5	4129	4127	4054	8261
5	4224	4167	4090	8262
5	4221	4188	4205	8263
5	4074	4082	4058	8264
5	4132	4074	4058	8265
5	4133	4043	4059	8266
5	4132	4059	4074	8267
5	4179	4172	4171	8268
5	4133	4083	4043	8269
5	4288	4189	4241	8270
5	4379	4346	4288	8271
5	4209	4193	4156	8272
5	4155	4119	4140	8273
5	4136	4131	4130	8274
5	4187	4128	4157	8275
5	4137	4110	4075	8276
5	4450	4403	4393	8277
5	4138	4137	4075	8278
5	4138	4075	4087	8279
5	4178	4116	4115	8280
5	4235	4183	4181	8281
5	4212	4140	4184	8282
5	4157	4128	4126	8283
5	4175	4111	4143	8284
5	4232	4175	4191	8285
5	4165	4109	4142	8286
5	4165	4141	4094	8287
5	4207	4164	4206	8288
5	4233	4231	4178	8289
5	4144	4095	4064	8290
5	4399	4332	4289	8291
5	4148	4084	4145	8292
5	4251	4146	4197	8293
5	4146	4068	4006	8294
5	4146	4006	4100	8295
5	4147	4100	4099	8296
5	4169	4098	4168	8297
5	4157	4126	4148	8298
5	4187	4130	4128	8299
5	4266	4207	4206	8300
5	4161	4093	4106	8301
5	4152	4086	4063	8302
5	4162	4086	4152	8303
5	4178	4115	4177	8304
5	4348	4296	4248	8305
5	4278	4222	4216	8306
5	4338	4324	4261	8307
5	4201	4159	4068	8308
5	4170	4103	4096	8309
5	4291	4240	4201	8310
5	4225	4154	4218	8311
5	4228	4145	4171	8312
5	4171	4089	4083	8313
5	4185	4118	4104	8314
5	4185	4135	4118	8315
5	4188	4103	4170	8316
5	4237	4212	4184	8317
5	4208	4148	4196	8318
5	4252	4160	4189	8319
5	4159	4153	4065	8320
5	4159	4065	4068	8321
5	4252	4060	4160	8322
5	4160	4060	3985	8323
5	4174	4078	4108	8324
5	4161	4142	4093	8325
5	4402	4343	4401	8326
5	4222	4152	4216	8327
5	4217	4073	4153	8328
5	4294	4240	4291	8329
5	4164	4149	4085	8330
5	4164	4085	4078	8331
5	4214	4137	4199	8332
5	4166	4088	4139	8333
5	4174	4108	4166	8334
5	4174	4164	4078	8335
5	4167	4096	4090	8336
5	4346	4252	4288	8337
5	4339	4302	4325	8338
5	4233	4177	4232	8339
5	4283	4232	4250	8340
5	4226	4169	4168	8341
5	4238	4187	4157	8342
5	4208	4157	4148	8343
5	4391	4291	4376	8344
5	4171	4145	4089	8345
5	4179	4171	4083	8346
5	4188	4129	4103	8347
5	4418	4392	4354	8348
5	4444	4384	4344	8349
5	4235	4181	4215	8350
5	4207	4149	4164	8351
5	4378	4295	4345	8352
5	4178	4151	4116	8353
5	4182	4180	4124	8354
5	4181	4125	4114	8355
5	4279	4218	4244	8356
5	4340	4297	4316	8357
5	4206	4164	4174	8358
5	4281	4229	4265	8359
5	4188	4186	4129	8360
5	4179	4117	4091	8361
5	4182	4123	4176	8362
5	4176	4123	4121	8363
5	4183	4125	4181	8364
5	4183	4113	4125	8365
5	4183	4176	4113	8366
5	4215	4149	4207	8367
5	4234	4180	4182	8368
5	4236	4234	4182	8369
5	4202	4155	4140	8370
5	4196	4148	4145	8371
5	4307	4242	4204	8372
5	4256	4185	4193	8373
5	4186	4184	4127	8374
5	4186	4127	4129	8375
5	4237	4186	4221	8376
5	4187	4136	4130	8377
5	4179	4083	4133	8378
5	4179	4133	4117	8379
5	4372	4256	4300	8380
5	4242	4144	4204	8381
5	4222	4162	4152	8382
5	4350	4314	4323	8383
5	4191	4175	4143	8384
5	4213	4143	4141	8385
5	4192	4173	4095	8386
5	4192	4095	4144	8387
5	4193	4185	4156	8388
5	4379	4377	4346	8389
5	4194	4150	4134	8390
5	4399	4336	4383	8391
5	4195	4190	4161	8392
5	4195	4161	4180	8393
5	4407	4349	4305	8394
5	4209	4156	4131	8395
5	4197	4146	4100	8396
5	4197	4100	4147	8397
5	4217	4163	4073	8398
5	4217	4153	4198	8399
5	4282	4244	4231	8400
5	4437	4394	4405	8401
5	4225	4168	4154	8402
5	4226	4168	4225	8403
5	4375	4287	4330	8404
5	4291	4201	4251	8405
5	4228	4196	4145	8406
5	4219	4171	4172	8407
5	4262	4134	4203	8408
5	4203	4134	4173	8409
5	4204	4144	4064	8410
5	4204	4064	4158	8411
5	4380	4319	4349	8412
5	4263	4217	4259	8413
5	4283	4282	4233	8414
5	4265	4229	4211	8415
5	4255	4213	4223	8416
5	4371	4326	4309	8417
5	4270	4205	4249	8418
5	4299	4284	4268	8419
5	4321	4270	4319	8420
5	4410	4298	4372	8421
5	4210	4199	4138	8422
5	4210	4138	4162	8423
5	4229	4166	4211	8424
5	4211	4166	4139	8425
5	4284	4237	4268	8426
5	4269	4238	4208	8427
5	4243	4230	4190	8428
5	4213	4191	4143	8429
5	4214	4211	4139	8430
5	4214	4139	4137	8431
5	4278	4216	4261	8432
5	4276	4195	4234	8433
5	4222	4210	4162	8434
5	4216	4152	4150	8435
5	4227	4205	4170	8436
5	4224	4090	4163	8437
5	4218	4154	4151	8438
5	4232	4177	4175	8439
5	4277	4196	4228	8440
5	4228	4171	4219	8441
5	4220	4219	4172	8442
5	4220	4172	4155	8443
5	4237	4184	4186	8444
5	4221	4186	4188	8445
5	4309	4250	4293	8446
5	4274	4191	4213	8447
5	4223	4213	4141	8448
5	4223	4141	4165	8449
5	4457	4434	4386	8450
5	4395	4390	4368	8451
5	4548	4457	4530	8452
5	4301	4244	4282	8453
5	4279	4225	4218	8454
5	4280	4225	4279	8455
5	4268	4237	4221	8456
5	4249	4205	4227	8457
5	4420	4331	4381	8458
5	4555	4515	4513	8459
5	4275	4215	4207	8460
5	4229	4206	4174	8461
5	4230	4223	4165	8462
5	4230	4165	4142	8463
5	4231	4218	4151	8464
5	4231	4151	4178	8465
5	4233	4178	4177	8466
5	4325	4244	4301	8467
5	4322	4274	4255	8468
5	4282	4231	4233	8469
5	4267	4190	4195	8470
5	4234	4195	4180	8471
5	4236	4182	4176	8472
5	4236	4176	4183	8473
5	4236	4183	4235	8474
5	4236	4235	4234	8475
5	4238	4157	4208	8476
5	4304	4269	4272	8477
5	4312	4263	4259	8478
5	4328	4286	4239	8479
5	4286	4136	4239	8480
5	4239	4136	4187	8481
5	4251	4201	4146	8482
5	4436	4413	4389	8483
5	4256	4135	4185	8484
5	4496	4459	4442	8485
5	4382	4354	4361	8486
5	4441	4377	4428	8487
5	4257	4199	4247	8488
5	4326	4282	4283	8489
5	4359	4325	4301	8490
5	4250	4232	4191	8491
5	4296	4200	4248	8492
5	4280	4226	4225	8493
5	4383	4336	4337	8494
5	4246	4204	4158	8495
5	4324	4278	4261	8496
5	4343	4203	4258	8497
5	4375	4333	4287	8498
5	4338	4261	4311	8499
5	4308	4284	4299	8500
5	4300	4256	4193	8501
5	4369	4322	4315	8502
5	4306	4260	4290	8503
5	4348	4248	4295	8504
5	4330	4287	4245	8505
5	4310	4060	4252	8506
5	4310	4158	4060	8507
5	4320	4269	4304	8508
5	4407	4305	4363	8509
5	4275	4207	4266	8510
5	4265	4211	4254	8511
5	4274	4213	4255	8512
5	4274	4250	4191	8513
5	4271	4193	4209	8514
5	4300	4193	4271	8515
5	4257	4254	4214	8516
5	4257	4214	4199	8517
5	4324	4290	4278	8518
5	4422	4374	4402	8519
5	4263	4163	4217	8520
5	4263	4224	4163	8521
5	4260	4247	4210	8522
5	4260	4210	4222	8523
5	4278	4260	4222	8524
5	4261	4216	4194	8525
5	4364	4314	4350	8526
5	4262	4194	4134	8527
5	4423	4362	4384	8528
5	4313	4263	4312	8529
5	4264	4255	4223	8530
5	4264	4223	4230	8531
5	4322	4293	4274	8532
5	4345	4280	4302	8533
5	4316	4266	4281	8534
5	4327	4275	4297	8535
5	4297	4275	4266	8536
5	4267	4243	4190	8537
5	4285	4238	4269	8538
5	4273	4202	4212	8539
5	4376	4291	4333	8540
5	4321	4268	4270	8541
5	4270	4268	4221	8542
5	4270	4221	4205	8543
5	4411	4300	4367	8544
5	4328	4239	4285	8545
5	4272	4269	4208	8546
5	4272	4208	4196	8547
5	4277	4228	4219	8548
5	4277	4220	4202	8549
5	4403	4351	4355	8550
5	4293	4250	4274	8551
5	4276	4234	4235	8552
5	4283	4233	4232	8553
5	4276	4235	4215	8554
5	4276	4215	4275	8555
5	4277	4272	4196	8556
5	4277	4219	4220	8557
5	4386	4339	4359	8558
5	4292	4257	4247	8559
5	4434	4387	4339	8560
5	4387	4345	4302	8561
5	4277	4202	4273	8562
5	4388	4360	4308	8563
5	4281	4266	4206	8564
5	4281	4206	4229	8565
5	4315	4255	4264	8566
5	4424	4412	4421	8567
5	4327	4276	4275	8568
5	4276	4267	4195	8569
5	4284	4273	4212	8570
5	4284	4212	4237	8571
5	4286	4271	4209	8572
5	4285	4239	4238	8573
5	4372	4298	4256	8574
5	4438	4334	4380	8575
5	4444	4344	4391	8576
5	4423	4406	4362	8577
5	4346	4310	4252	8578
5	4392	4337	4307	8579
5	4289	4258	4192	8580
5	4289	4192	4144	8581
5	4341	4290	4335	8582
5	4347	4203	4343	8583
5	4345	4295	4280	8584
5	4381	4331	4296	8585
5	4425	4374	4422	8586
5	4605	4581	4601	8587
5	4370	4293	4322	8588
5	4326	4283	4309	8589
5	4294	4259	4198	8590
5	4294	4198	4240	8591
5	4295	4248	4226	8592
5	4295	4226	4280	8593
5	4391	4344	4294	8594
5	4473	4426	4397	8595
5	4316	4281	4303	8596
5	4323	4257	4292	8597
5	4435	4410	4372	8598
5	4501	4443	4456	8599
5	4308	4273	4284	8600
5	4353	4320	4304	8601
5	4319	4270	4249	8602
5	4329	4271	4286	8603
5	4309	4283	4250	8604
5	4427	4386	4394	8605
5	4302	4280	4279	8606
5	4554	4513	4511	8607
5	4529	4522	4524	8608
5	4327	4267	4276	8609
5	4320	4285	4269	8610
5	4379	4288	4342	8611
5	4305	4249	4227	8612
5	4305	4227	4253	8613
5	4306	4292	4247	8614
5	4306	4247	4260	8615
5	4440	4342	4410	8616
5	4432	4332	4399	8617
5	4360	4304	4272	8618
5	4360	4273	4308	8619
5	4326	4301	4282	8620
5	4359	4301	4356	8621
5	4361	4310	4346	8622
5	4310	4246	4158	8623
5	4311	4261	4194	8624
5	4311	4194	4262	8625
5	4313	4253	4224	8626
5	4313	4224	4263	8627
5	4349	4319	4249	8628
5	4363	4313	4362	8629
5	4314	4303	4265	8630
5	4314	4265	4254	8631
5	4624	4582	4570	8632
5	4322	4255	4315	8633
5	4352	4315	4317	8634
5	4316	4297	4266	8635
5	4317	4315	4264	8636
5	4317	4264	4243	8637
5	4318	4317	4243	8638
5	4318	4243	4267	8639
5	4404	4320	4353	8640
5	4334	4321	4319	8641
5	4390	4353	4357	8642
5	4404	4353	4390	8643
5	4357	4308	4299	8644
5	4321	4299	4268	8645
5	4364	4303	4314	8646
5	4370	4358	4293	8647
5	4323	4314	4254	8648
5	4323	4254	4257	8649
5	4429	4335	4398	8650
5	4393	4355	4341	8651
5	4325	4302	4279	8652
5	4325	4279	4244	8653
5	4341	4306	4290	8654
5	4355	4306	4341	8655
5	4327	4297	4318	8656
5	4327	4318	4267	8657
5	4390	4357	4368	8658
5	4329	4286	4328	8659
5	4349	4249	4305	8660
5	4380	4334	4319	8661
5	4430	4348	4378	8662
5	4535	4501	4456	8663
5	4331	4330	4245	8664
5	4331	4245	4296	8665
5	4343	4258	4332	8666
5	4402	4347	4343	8667
5	4443	4391	4376	8668
5	4381	4296	4348	8669
5	4366	4285	4320	8670
5	4368	4321	4334	8671
5	4425	4338	4374	8672
5	4464	4392	4418	8673
5	4399	4289	4336	8674
5	4336	4289	4242	8675
5	4337	4336	4242	8676
5	4337	4242	4307	8677
5	4347	4262	4203	8678
5	4598	4560	4559	8679
5	4371	4309	4358	8680
5	4400	4341	4335	8681
5	4365	4316	4303	8682
5	4340	4318	4297	8683
5	4476	4433	4400	8684
5	4522	4461	4486	8685
5	4342	4288	4241	8686
5	4342	4241	4298	8687
5	4347	4311	4262	8688
5	4572	4536	4500	8689
5	4344	4312	4259	8690
5	4344	4259	4294	8691
5	4626	4537	4576	8692
5	4378	4348	4295	8693
5	4354	4307	4246	8694
5	4646	4566	4621	8695
5	4433	4393	4400	8696
5	4471	4401	4432	8697
5	4434	4339	4386	8698
5	4511	4460	4497	8699
5	4406	4363	4362	8700
5	4448	4390	4395	8701
5	4358	4309	4293	8702
5	4356	4301	4326	8703
5	4351	4350	4323	8704
5	4351	4323	4292	8705
5	4539	4495	4472	8706
5	4369	4315	4352	8707
5	4404	4396	4366	8708
5	4366	4328	4285	8709
5	4382	4361	4377	8710
5	4418	4354	4382	8711
5	4355	4351	4292	8712
5	4355	4292	4306	8713
5	4359	4339	4325	8714
5	4387	4302	4339	8715
5	4388	4304	4360	8716
5	4388	4308	4357	8717
5	4371	4356	4326	8718
5	4465	4430	4460	8719
5	4340	4352	4317	8720
5	4340	4317	4318	8721
5	4360	4272	4277	8722
5	4360	4277	4273	8723
5	4361	4354	4246	8724
5	4361	4246	4310	8725
5	4363	4305	4253	8726
5	4363	4253	4313	8727
5	4438	4395	4334	8728
5	4407	4363	4406	8729
5	4365	4340	4316	8730
5	4365	4303	4364	8731
5	4389	4369	4352	8732
5	4409	4340	4365	8733
5	4367	4271	4329	8734
5	4373	4328	4366	8735
5	4464	4442	4392	8736
5	4439	4411	4367	8737
5	4368	4357	4299	8738
5	4368	4299	4321	8739
5	4408	4365	4364	8740
5	4370	4322	4369	8741
5	4424	4408	4412	8742
5	4414	4351	4403	8743
5	4569	4563	4523	8744
5	4445	4421	4414	8745
5	4462	4411	4439	8746
5	4446	4373	4396	8747
5	4462	4435	4372	8748
5	4373	4329	4328	8749
5	4374	4338	4311	8750
5	4374	4311	4347	8751
5	4426	4375	4330	8752
5	4444	4391	4443	8753
5	4535	4431	4463	8754
5	4513	4467	4465	8755
5	4567	4493	4545	8756
5	4377	4361	4346	8757
5	4613	4577	4547	8758
5	4556	4498	4550	8759
5	4428	4377	4379	8760
5	4479	4428	4440	8761
5	4469	4439	4416	8762
5	4525	4489	4488	8763
5	4467	4420	4465	8764
5	4463	4431	4375	8765
5	4410	4342	4298	8766
5	4440	4428	4379	8767
5	4392	4307	4354	8768
5	4657	4603	4655	8769
5	4384	4362	4312	8770
5	4384	4312	4344	8771
5	4415	4358	4385	8772
5	4385	4358	4370	8773
5	4483	4450	4433	8774
5	4405	4394	4356	8775
5	4420	4397	4331	8776
5	4473	4397	4467	8777
5	4388	4357	4353	8778
5	4388	4353	4304	8779
5	4413	4369	4389	8780
5	4413	4370	4369	8781
5	4396	4373	4366	8782
5	4395	4368	4334	8783
5	4451	4407	4406	8784
5	4508	4484	4438	8785
5	4442	4337	4392	8786
5	4441	4382	4377	8787
5	4403	4355	4393	8788
5	4445	4414	4403	8789
5	4394	4386	4359	8790
5	4394	4359	4356	8791
5	4526	4484	4508	8792
5	4404	4366	4320	8793
5	4515	4467	4513	8794
5	4574	4547	4501	8795
5	4465	4420	4430	8796
5	4588	4494	4548	8797
5	4398	4335	4324	8798
5	4398	4324	4338	8799
5	4401	4343	4332	8800
5	4402	4374	4347	8801
5	4603	4539	4571	8802
5	4425	4398	4338	8803
5	4666	4610	4598	8804
5	4506	4475	4441	8805
5	4540	4509	4458	8806
5	4429	4400	4335	8807
5	4450	4393	4433	8808
5	4405	4356	4371	8809
5	4485	4448	4484	8810
5	4449	4396	4404	8811
5	4627	4568	4529	8812
5	4490	4470	4453	8813
5	4463	4375	4426	8814
5	4557	4480	4519	8815
5	4481	4444	4443	8816
5	4452	4407	4451	8817
5	4409	4352	4340	8818
5	4409	4365	4408	8819
5	4409	4408	4389	8820
5	4409	4389	4352	8821
5	4416	4367	4329	8822
5	4411	4372	4300	8823
5	4462	4372	4411	8824
5	4416	4329	4373	8825
5	4412	4408	4364	8826
5	4412	4364	4350	8827
5	4421	4412	4414	8828
5	4413	4385	4370	8829
5	4414	4412	4350	8830
5	4414	4350	4351	8831
5	4415	4405	4371	8832
5	4415	4371	4358	8833
5	4498	4439	4469	8834
5	4440	4379	4342	8835
5	4417	4378	4345	8836
5	4417	4345	4387	8837
5	4442	4383	4337	8838
5	4566	4538	4543	8839
5	4447	4415	4419	8840
5	4419	4415	4385	8841
5	4537	4502	4473	8842
5	4515	4473	4467	8843
5	4585	4529	4565	8844
5	4424	4389	4408	8845
5	4504	4472	4422	8846
5	4503	4401	4471	8847
5	4542	4525	4488	8848
5	4501	4481	4443	8849
5	4453	4419	4385	8850
5	4436	4389	4424	8851
5	4476	4400	4429	8852
5	4450	4445	4403	8853
5	4467	4397	4420	8854
5	4502	4426	4473	8855
5	4583	4530	4582	8856
5	4492	4474	4437	8857
5	4531	4496	4464	8858
5	4597	4559	4558	8859
5	4539	4472	4504	8860
5	4571	4539	4504	8861
5	4430	4420	4381	8862
5	4430	4381	4348	8863
5	4431	4376	4333	8864
5	4431	4333	4375	8865
5	4528	4504	4503	8866
5	4699	4697	4658	8867
5	4604	4539	4603	8868
5	4505	4491	4487	8869
5	4570	4544	4492	8870
5	4457	4386	4427	8871
5	4478	4440	4410	8872
5	4478	4410	4435	8873
5	4477	4424	4421	8874
5	4453	4413	4436	8875
5	4474	4394	4437	8876
5	4474	4427	4394	8877
5	4446	4416	4373	8878
5	4439	4367	4416	8879
5	4448	4404	4390	8880
5	4571	4504	4528	8881
5	4479	4440	4478	8882
5	4506	4441	4480	8883
5	4517	4478	4435	8884
5	4480	4428	4479	8885
5	4475	4382	4441	8886
5	4496	4442	4464	8887
5	4466	4406	4423	8888
5	4537	4473	4515	8889
5	4466	4451	4406	8890
5	4482	4444	4481	8891
5	4492	4437	4461	8892
5	4453	4385	4413	8893
5	4542	4488	4512	8894
5	4589	4514	4549	8895
5	4447	4437	4405	8896
5	4447	4405	4415	8897
5	4508	4438	4489	8898
5	4449	4404	4448	8899
5	4556	4516	4498	8900
5	4469	4416	4446	8901
5	4540	4458	4495	8902
5	4477	4436	4424	8903
5	4452	4380	4349	8904
5	4452	4349	4407	8905
5	4484	4448	4395	8906
5	4489	4438	4380	8907
5	4470	4419	4453	8908
5	4491	4421	4445	8909
5	4454	4432	4399	8910
5	4454	4399	4383	8911
5	4455	4417	4387	8912
5	4455	4387	4434	8913
5	4456	4443	4376	8914
5	4456	4376	4431	8915
5	4582	4530	4544	8916
5	4583	4548	4530	8917
5	4458	4429	4398	8918
5	4458	4398	4425	8919
5	4459	4454	4383	8920
5	4459	4383	4442	8921
5	4460	4430	4378	8922
5	4460	4378	4417	8923
5	4461	4437	4447	8924
5	4487	4445	4450	8925
5	4510	4468	4507	8926
5	4484	4395	4438	8927
5	4649	4622	4579	8928
5	4535	4456	4431	8929
5	4519	4480	4479	8930
5	4475	4418	4382	8931
5	4584	4532	4502	8932
5	4541	4497	4455	8933
5	4600	4542	4512	8934
5	4580	4578	4564	8935
5	4511	4465	4460	8936
5	4513	4465	4511	8937
5	4468	4446	4396	8938
5	4468	4396	4449	8939
5	4525	4508	4489	8940
5	4488	4452	4451	8941
5	4486	4419	4470	8942
5	4486	4447	4419	8943
5	4528	4503	4471	8944
5	4504	4422	4503	8945
5	4472	4458	4425	8946
5	4472	4425	4422	8947
5	4553	4511	4497	8948
5	4502	4463	4426	8949
5	4544	4474	4492	8950
5	4509	4476	4429	8951
5	4480	4441	4428	8952
5	4545	4475	4506	8953
5	4546	4492	4461	8954
5	4487	4450	4483	8955
5	4490	4436	4477	8956
5	4490	4453	4436	8957
5	4507	4468	4485	8958
5	4498	4462	4439	8959
5	4510	4469	4446	8960
5	4519	4479	4518	8961
5	4516	4435	4462	8962
5	4518	4479	4478	8963
5	4482	4423	4384	8964
5	4482	4384	4444	8965
5	4674	4659	4616	8966
5	4521	4482	4520	8967
5	4569	4523	4536	8968
5	4551	4500	4476	8969
5	4485	4449	4448	8970
5	4485	4468	4449	8971
5	4517	4435	4516	8972
5	4677	4673	4636	8973
5	4546	4461	4522	8974
5	4486	4461	4447	8975
5	4527	4490	4477	8976
5	4523	4487	4483	8977
5	4489	4452	4488	8978
5	4489	4380	4452	8979
5	4611	4561	4577	8980
5	4526	4485	4484	8981
5	4527	4477	4491	8982
5	4491	4445	4487	8983
5	4527	4470	4490	8984
5	4491	4477	4421	8985
5	4652	4609	4588	8986
5	4582	4544	4570	8987
5	4493	4464	4418	8988
5	4493	4418	4475	8989
5	4494	4455	4434	8990
5	4494	4434	4457	8991
5	4509	4429	4458	8992
5	4495	4458	4472	8993
5	4531	4464	4493	8994
5	4558	4517	4516	8995
5	4497	4460	4417	8996
5	4497	4417	4455	8997
5	4518	4478	4517	8998
5	4516	4462	4498	8999
5	4499	4471	4432	9000
5	4499	4432	4454	9001
5	4500	4483	4433	9002
5	4500	4433	4476	9003
5	4520	4482	4481	9004
5	4547	4520	4481	9005
5	4535	4463	4532	9006
5	4532	4463	4502	9007
5	4607	4495	4604	9008
5	4503	4422	4402	9009
5	4549	4459	4496	9010
5	4655	4605	4639	9011
5	4565	4505	4563	9012
5	4527	4491	4505	9013
5	4606	4531	4567	9014
5	4590	4557	4519	9015
5	4510	4446	4468	9016
5	4550	4498	4469	9017
5	4534	4508	4533	9018
5	4561	4521	4520	9019
5	4536	4483	4500	9020
5	4607	4586	4540	9021
5	4558	4516	4556	9022
5	4564	4526	4534	9023
5	4609	4608	4587	9024
5	4541	4455	4494	9025
5	4512	4488	4451	9026
5	4512	4451	4466	9027
5	4592	4555	4554	9028
5	4619	4588	4548	9029
5	4514	4499	4454	9030
5	4514	4454	4459	9031
5	4555	4513	4554	9032
5	4576	4515	4555	9033
5	4674	4616	4644	9034
5	4560	4519	4518	9035
5	4578	4552	4564	9036
5	4559	4517	4558	9037
5	4632	4595	4620	9038
5	4620	4595	4557	9039
5	4634	4597	4596	9040
5	4559	4518	4517	9041
5	4521	4466	4423	9042
5	4521	4423	4482	9043
5	4909	4870	4819	9044
5	4562	4521	4561	9045
5	4563	4505	4523	9046
5	4694	4660	4614	9047
5	4570	4492	4546	9048
5	4523	4505	4487	9049
5	4524	4522	4486	9050
5	4524	4486	4470	9051
5	4598	4559	4597	9052
5	4648	4577	4613	9053
5	4534	4526	4508	9054
5	4526	4507	4485	9055
5	4568	4546	4522	9056
5	4527	4524	4470	9057
5	4617	4536	4572	9058
5	4754	4739	4744	9059
5	4565	4529	4524	9060
5	4536	4523	4483	9061
5	4777	4719	4774	9062
5	4530	4457	4427	9063
5	4567	4531	4493	9064
5	4589	4543	4514	9065
5	4648	4611	4577	9066
5	4626	4584	4537	9067
5	4613	4547	4574	9068
5	4576	4537	4515	9069
5	4560	4518	4559	9070
5	4550	4469	4510	9071
5	4579	4533	4525	9072
5	4547	4481	4501	9073
5	4658	4607	4604	9074
5	4664	4624	4641	9075
5	4584	4502	4537	9076
5	4711	4675	4685	9077
5	4538	4528	4471	9078
5	4538	4471	4499	9079
5	4647	4614	4586	9080
5	4586	4509	4540	9081
5	4586	4551	4509	9082
5	4551	4476	4509	9083
5	4554	4511	4553	9084
5	4609	4587	4541	9085
5	4611	4599	4561	9086
5	4649	4579	4637	9087
5	4543	4538	4499	9088
5	4543	4499	4514	9089
5	4544	4530	4427	9090
5	4544	4427	4474	9091
5	4712	4646	4693	9092
5	4606	4575	4531	9093
5	4607	4540	4495	9094
5	4615	4563	4569	9095
5	4574	4501	4535	9096
5	4880	4848	4845	9097
5	4588	4541	4494	9098
5	4548	4494	4457	9099
5	4621	4566	4543	9100
5	4549	4514	4459	9101
5	4596	4556	4594	9102
5	4590	4519	4560	9103
5	4572	4500	4551	9104
5	4678	4650	4615	9105
5	4552	4550	4510	9106
5	4552	4510	4507	9107
5	4777	4753	4719	9108
5	4592	4554	4591	9109
5	4619	4548	4583	9110
5	4591	4554	4553	9111
5	4651	4576	4618	9112
5	4745	4726	4741	9113
5	4593	4552	4578	9114
5	4632	4545	4595	9115
5	4620	4557	4590	9116
5	4557	4506	4480	9117
5	4579	4525	4542	9118
5	4595	4506	4557	9119
5	4593	4550	4552	9120
5	4594	4556	4550	9121
5	4666	4598	4635	9122
5	4596	4558	4556	9123
5	4562	4512	4466	9124
5	4562	4466	4521	9125
5	4902	4828	4866	9126
5	4677	4636	4640	9127
5	4568	4522	4529	9128
5	4585	4565	4563	9129
5	4564	4552	4507	9130
5	4564	4507	4526	9131
5	4565	4524	4527	9132
5	4565	4527	4505	9133
5	4621	4543	4589	9134
5	4716	4686	4667	9135
5	4681	4645	4610	9136
5	4712	4676	4646	9137
5	4609	4541	4588	9138
5	4625	4582	4624	9139
5	4779	4720	4746	9140
5	4641	4624	4602	9141
5	4624	4570	4602	9142
5	4617	4569	4536	9143
5	4581	4538	4566	9144
5	4604	4495	4539	9145
5	4650	4627	4585	9146
5	4655	4603	4605	9147
5	4574	4535	4573	9148
5	4573	4535	4532	9149
5	4599	4562	4561	9150
5	4763	4734	4689	9151
5	4575	4549	4496	9152
5	4575	4496	4531	9153
5	4638	4612	4584	9154
5	4665	4591	4608	9155
5	4577	4561	4520	9156
5	4577	4520	4547	9157
5	4580	4564	4534	9158
5	4622	4533	4579	9159
5	4630	4578	4623	9160
5	4580	4534	4533	9161
5	4690	4611	4648	9162
5	4622	4580	4533	9163
5	4581	4571	4528	9164
5	4581	4528	4538	9165
5	4732	4663	4703	9166
5	4678	4615	4643	9167
5	4703	4625	4664	9168
5	4701	4641	4661	9169
5	4638	4584	4626	9170
5	4747	4679	4713	9171
5	4615	4585	4563	9172
5	4627	4529	4585	9173
5	4667	4567	4632	9174
5	4693	4646	4621	9175
5	4587	4553	4497	9176
5	4587	4497	4541	9177
5	4713	4679	4654	9178
5	4653	4608	4609	9179
5	4715	4693	4642	9180
5	4776	4742	4709	9181
5	4736	4645	4681	9182
5	4707	4666	4635	9183
5	4704	4653	4696	9184
5	4766	4695	4727	9185
5	4848	4810	4845	9186
5	4713	4654	4675	9187
5	4597	4558	4596	9188
5	4594	4550	4593	9189
5	4662	4580	4622	9190
5	4623	4578	4580	9191
5	4667	4606	4567	9192
5	4595	4545	4506	9193
5	4630	4593	4578	9194
5	4631	4593	4630	9195
5	4709	4672	4671	9196
5	4635	4598	4597	9197
5	4631	4594	4593	9198
5	4633	4596	4594	9199
5	4600	4562	4599	9200
5	4600	4512	4562	9201
5	4633	4594	4631	9202
5	4637	4579	4542	9203
5	4601	4581	4566	9204
5	4676	4601	4646	9205
5	4602	4570	4546	9206
5	4602	4546	4568	9207
5	4698	4655	4682	9208
5	4768	4678	4725	9209
5	4657	4604	4603	9210
5	4650	4585	4615	9211
5	4605	4603	4571	9212
5	4605	4571	4581	9213
5	4628	4549	4575	9214
5	4716	4667	4680	9215
5	4647	4586	4607	9216
5	4646	4601	4566	9217
5	4608	4591	4553	9218
5	4608	4553	4587	9219
5	4717	4650	4678	9220
5	4625	4583	4582	9221
5	4610	4590	4560	9222
5	4610	4560	4598	9223
5	4735	4690	4695	9224
5	4636	4600	4599	9225
5	4612	4573	4532	9226
5	4612	4532	4584	9227
5	4640	4636	4599	9228
5	4719	4644	4683	9229
5	4614	4572	4551	9230
5	4614	4551	4586	9231
5	4660	4617	4572	9232
5	4661	4568	4627	9233
5	4616	4613	4574	9234
5	4616	4574	4573	9235
5	4725	4678	4643	9236
5	4643	4569	4617	9237
5	4618	4576	4555	9238
5	4618	4555	4592	9239
5	4652	4588	4619	9240
5	4683	4644	4612	9241
5	4671	4634	4633	9242
5	4749	4681	4729	9243
5	4676	4639	4601	9244
5	4628	4589	4549	9245
5	4932	4873	4888	9246
5	4742	4672	4709	9247
5	4640	4599	4611	9248
5	4687	4662	4622	9249
5	4775	4724	4740	9250
5	4797	4758	4732	9251
5	4720	4703	4664	9252
5	4643	4615	4569	9253
5	4689	4626	4651	9254
5	4763	4689	4651	9255
5	4663	4583	4625	9256
5	4661	4641	4602	9257
5	4714	4656	4686	9258
5	4680	4632	4620	9259
5	4629	4592	4591	9260
5	4665	4629	4591	9261
5	4803	4728	4761	9262
5	4634	4596	4633	9263
5	4669	4633	4631	9264
5	4635	4597	4634	9265
5	4681	4610	4666	9266
5	4632	4567	4545	9267
5	4672	4634	4671	9268
5	4687	4622	4649	9269
5	4668	4631	4630	9270
5	4730	4670	4692	9271
5	4709	4671	4708	9272
5	4672	4635	4634	9273
5	4637	4600	4636	9274
5	4637	4542	4600	9275
5	4662	4623	4580	9276
5	4680	4667	4632	9277
5	4651	4626	4576	9278
5	4755	4675	4711	9279
5	4639	4605	4601	9280
5	4849	4781	4823	9281
5	4752	4718	4735	9282
5	4814	4777	4774	9283
5	4764	4748	4737	9284
5	4660	4572	4614	9285
5	4642	4621	4589	9286
5	4642	4589	4628	9287
5	4739	4698	4710	9288
5	4684	4617	4660	9289
5	4644	4616	4573	9290
5	4644	4573	4612	9291
5	4645	4620	4590	9292
5	4645	4590	4610	9293
5	4693	4621	4642	9294
5	4849	4829	4781	9295
5	4699	4657	4698	9296
5	4684	4643	4617	9297
5	4722	4662	4687	9298
5	4690	4640	4611	9299
5	4708	4669	4705	9300
5	4723	4649	4673	9301
5	4724	4688	4701	9302
5	4661	4602	4568	9303
5	4794	4713	4755	9304
5	4683	4612	4638	9305
5	4665	4608	4653	9306
5	4653	4609	4652	9307
5	4704	4665	4653	9308
5	4704	4685	4665	9309
5	4654	4618	4592	9310
5	4654	4592	4629	9311
5	4698	4657	4655	9312
5	4658	4604	4657	9313
5	4656	4628	4575	9314
5	4656	4575	4606	9315
5	4748	4721	4737	9316
5	4658	4647	4607	9317
5	4799	4784	4748	9318
5	4829	4756	4781	9319
5	4659	4648	4613	9320
5	4659	4613	4616	9321
5	4757	4684	4721	9322
5	4821	4790	4750	9323
5	4700	4627	4650	9324
5	4700	4661	4627	9325
5	4669	4631	4668	9326
5	4671	4633	4669	9327
5	4702	4619	4663	9328
5	4663	4619	4583	9329
5	4801	4741	4773	9330
5	4664	4625	4624	9331
5	4778	4651	4679	9332
5	4877	4779	4817	9333
5	4729	4666	4707	9334
5	4759	4715	4691	9335
5	4715	4642	4691	9336
5	4714	4691	4656	9337
5	4735	4718	4690	9338
5	4820	4783	4776	9339
5	4761	4718	4752	9340
5	4707	4635	4672	9341
5	4670	4668	4630	9342
5	4670	4630	4623	9343
5	4762	4729	4707	9344
5	4692	4623	4662	9345
5	4731	4708	4705	9346
5	4762	4707	4742	9347
5	4673	4649	4637	9348
5	4673	4637	4636	9349
5	4774	4683	4734	9350
5	4878	4803	4841	9351
5	4675	4654	4629	9352
5	4703	4663	4625	9353
5	4838	4805	4816	9354
5	4836	4795	4744	9355
5	4921	4858	4881	9356
5	4803	4761	4780	9357
5	4732	4702	4663	9358
5	4771	4726	4745	9359
5	4679	4651	4618	9360
5	4679	4618	4654	9361
5	5001	4966	4941	9362
5	4680	4620	4645	9363
5	4765	4686	4716	9364
5	4708	4671	4669	9365
5	4682	4655	4639	9366
5	4733	4682	4639	9367
5	4842	4747	4819	9368
5	4719	4674	4644	9369
5	5058	5001	5021	9370
5	4694	4614	4647	9371
5	4685	4675	4629	9372
5	4685	4629	4665	9373
5	4686	4656	4606	9374
5	4686	4606	4667	9375
5	4692	4670	4623	9376
5	4705	4669	4668	9377
5	4688	4664	4641	9378
5	4757	4721	4748	9379
5	4734	4638	4689	9380
5	4689	4638	4626	9381
5	4766	4735	4695	9382
5	4807	4788	4769	9383
5	4691	4642	4628	9384
5	4691	4628	4656	9385
5	4765	4714	4686	9386
5	4772	4716	4680	9387
5	4733	4639	4676	9388
5	4836	4744	4785	9389
5	4751	4732	4703	9390
5	5133	5060	5082	9391
5	4695	4690	4648	9392
5	4695	4648	4659	9393
5	4696	4653	4652	9394
5	4779	4751	4720	9395
5	4697	4694	4647	9396
5	4697	4647	4658	9397
5	4699	4658	4657	9398
5	4965	4937	4909	9399
5	4790	4733	4750	9400
5	4764	4738	4754	9401
5	4701	4661	4700	9402
5	4701	4688	4641	9403
5	4916	4911	4913	9404
5	4905	4817	4857	9405
5	4702	4696	4652	9406
5	4702	4652	4619	9407
5	4720	4664	4688	9408
5	4809	4746	4724	9409
5	5095	232	5043	9410
5	4981	4951	4975	9411
5	4761	4677	4718	9412
5	4731	4705	4706	9413
5	4706	4705	4668	9414
5	4706	4668	4670	9415
5	4742	4707	4672	9416
5	4729	4681	4666	9417
5	4851	4835	4834	9418
5	4854	4783	4820	9419
5	4807	4767	4788	9420
5	4789	4769	4788	9421
5	4710	4698	4682	9422
5	4770	4682	4733	9423
5	4822	4794	4755	9424
5	5012	4946	4988	9425
5	4885	4816	4865	9426
5	4947	4888	4934	9427
5	4855	4822	4787	9428
5	4794	4747	4713	9429
5	4772	4680	4736	9430
5	4886	4849	4823	9431
5	4756	4712	4693	9432
5	4770	4710	4682	9433
5	4826	4796	4765	9434
5	4749	4736	4681	9435
5	4740	4724	4701	9436
5	4717	4700	4650	9437
5	4718	4677	4640	9438
5	4718	4640	4690	9439
5	4856	4841	4780	9440
5	4864	4791	4824	9441
5	4901	4813	4837	9442
5	4751	4703	4720	9443
5	4721	4684	4660	9444
5	4721	4660	4694	9445
5	4730	4706	4670	9446
5	4722	4692	4662	9447
5	4723	4722	4687	9448
5	4723	4687	4649	9449
5	4740	4700	4717	9450
5	4725	4643	4684	9451
5	4740	4701	4700	9452
5	4818	4784	4799	9453
5	4726	4711	4685	9454
5	4726	4685	4704	9455
5	4727	4695	4659	9456
5	4727	4659	4674	9457
5	4728	4723	4673	9458
5	4728	4673	4677	9459
5	4783	4742	4776	9460
5	4736	4680	4645	9461
5	4743	4708	4731	9462
5	4731	4706	4730	9463
5	4858	4793	4835	9464
5	4793	4776	4743	9465
5	4758	4702	4732	9466
5	4850	4846	4812	9467
5	4756	4693	4715	9468
5	4785	4710	4770	9469
5	4774	4719	4683	9470
5	4734	4683	4638	9471
5	4791	4735	4766	9472
5	4883	4864	4824	9473
5	4806	4716	4772	9474
5	4879	4806	4843	9475
5	4737	4721	4694	9476
5	4737	4694	4697	9477
5	4738	4737	4697	9478
5	4738	4697	4699	9479
5	4739	4738	4699	9480
5	4739	4699	4698	9481
5	4799	4748	4764	9482
5	4757	4725	4684	9483
5	4741	4726	4704	9484
5	4741	4704	4696	9485
5	4793	4743	4760	9486
5	4767	4723	4728	9487
5	4776	4709	4743	9488
5	4743	4709	4708	9489
5	4744	4739	4710	9490
5	4785	4744	4710	9491
5	4773	4741	4696	9492
5	4859	4785	4815	9493
5	4746	4720	4688	9494
5	4746	4688	4724	9495
5	4833	4763	4778	9496
5	4755	4713	4675	9497
5	4754	4738	4739	9498
5	4805	4754	4795	9499
5	4811	4736	4749	9500
5	4806	4765	4716	9501
5	4750	4733	4676	9502
5	4750	4676	4712	9503
5	4758	4696	4702	9504
5	4801	4745	4741	9505
5	4778	4679	4747	9506
5	4875	4842	4870	9507
5	4753	4727	4674	9508
5	4753	4674	4719	9509
5	4764	4737	4738	9510
5	4890	4853	4818	9511
5	4771	4711	4726	9512
5	4982	4959	4919	9513
5	5128	5067	5084	9514
5	4759	4691	4714	9515
5	4800	4775	4786	9516
5	4768	4717	4678	9517
5	4773	4696	4758	9518
5	4845	4810	4745	9519
5	4914	4897	4849	9520
5	4821	4750	4782	9521
5	4760	4743	4731	9522
5	4789	4730	4769	9523
5	4803	4767	4728	9524
5	4761	4728	4677	9525
5	4820	4776	4793	9526
5	4918	4889	4896	9527
5	4804	4774	4734	9528
5	4798	4727	4753	9529
5	4923	4867	4908	9530
5	4784	4757	4748	9531
5	4904	4827	4863	9532
5	4915	4852	4882	9533
5	4804	4734	4763	9534
5	4828	4753	4777	9535
5	4791	4752	4735	9536
5	4807	4723	4767	9537
5	4808	4725	4757	9538
5	4892	4857	4825	9539
5	4769	4730	4692	9540
5	4769	4692	4722	9541
5	4790	4770	4733	9542
5	4903	4879	4843	9543
5	4855	4787	4830	9544
5	5078	5043	232	9545
5	4826	4765	4806	9546
5	4831	4762	4783	9547
5	4797	4732	4751	9548
5	4812	4758	4797	9549
5	4978	4939	4902	9550
5	4814	4774	4804	9551
5	4825	4809	4775	9552
5	4809	4724	4775	9553
5	4783	4762	4742	9554
5	4835	4793	4760	9555
5	4798	4766	4727	9556
5	4864	4832	4791	9557
5	4833	4804	4763	9558
5	4778	4763	4651	9559
5	4850	4812	4813	9560
5	4837	4751	4779	9561
5	4780	4761	4752	9562
5	5000	4958	4940	9563
5	4781	4756	4715	9564
5	4781	4715	4759	9565
5	4782	4750	4712	9566
5	4782	4712	4756	9567
5	4941	4904	4863	9568
5	4992	4922	4963	9569
5	4786	4717	4768	9570
5	4808	4768	4725	9571
5	4829	4782	4756	9572
5	4872	4825	4775	9573
5	4786	4775	4740	9574
5	4786	4740	4717	9575
5	4787	4755	4711	9576
5	4787	4711	4771	9577
5	4802	4760	4731	9578
5	4789	4731	4730	9579
5	4802	4731	4789	9580
5	4834	4760	4802	9581
5	5028	4950	4993	9582
5	4873	4790	4821	9583
5	4891	4841	4856	9584
5	4866	4777	4814	9585
5	4792	4749	4729	9586
5	4792	4729	4762	9587
5	4835	4760	4834	9588
5	4827	4811	4749	9589
5	4847	4794	4822	9590
5	4948	4898	4937	9591
5	4795	4754	4744	9592
5	4865	4795	4836	9593
5	4796	4759	4714	9594
5	4796	4714	4765	9595
5	4890	4818	4867	9596
5	5062	5013	5008	9597
5	4982	4919	4956	9598
5	4828	4798	4753	9599
5	4865	4816	4795	9600
5	4867	4818	4838	9601
5	4800	4786	4768	9602
5	4808	4800	4768	9603
5	4906	4865	4836	9604
5	4845	4745	4801	9605
5	4839	4789	4788	9606
5	4966	4904	4941	9607
5	4922	4854	4893	9608
5	4840	4767	4803	9609
5	4871	4804	4833	9610
5	4871	4814	4804	9611
5	4805	4799	4764	9612
5	4805	4764	4754	9613
5	4811	4772	4736	9614
5	4914	4849	4886	9615
5	4807	4769	4722	9616
5	4807	4722	4723	9617
5	4808	4757	4784	9618
5	4844	4808	4784	9619
5	4924	4882	4879	9620
5	4837	4797	4751	9621
5	4810	4771	4745	9622
5	4905	4877	4817	9623
5	4831	4792	4762	9624
5	4895	4831	4854	9625
5	4846	4773	4812	9626
5	4812	4773	4758	9627
5	4813	4812	4797	9628
5	4837	4813	4797	9629
5	4998	4925	4972	9630
5	4894	4856	4832	9631
5	4815	4785	4770	9632
5	4815	4770	4790	9633
5	4816	4805	4795	9634
5	5069	4984	5011	9635
5	4817	4779	4746	9636
5	4817	4746	4809	9637
5	4913	4853	4890	9638
5	4933	4880	4899	9639
5	4819	4747	4794	9640
5	4822	4755	4787	9641
5	4854	4831	4783	9642
5	4843	4772	4811	9643
5	4873	4815	4790	9644
5	4906	4836	4859	9645
5	4847	4819	4794	9646
5	4972	4925	4898	9647
5	4823	4781	4759	9648
5	4823	4759	4796	9649
5	4824	4791	4766	9650
5	4824	4766	4798	9651
5	4916	4913	4890	9652
5	4857	4817	4809	9653
5	4958	4903	4940	9654
5	4827	4749	4792	9655
5	4903	4843	4874	9656
5	4904	4874	4827	9657
5	5076	5025	5071	9658
5	4972	4898	4948	9659
5	4879	4826	4806	9660
5	5047	5004	5017	9661
5	4830	4787	4771	9662
5	4830	4771	4810	9663
5	4895	4863	4831	9664
5	4858	4820	4793	9665
5	4832	4780	4752	9666
5	4832	4752	4791	9667
5	4866	4828	4777	9668
5	4925	4871	4875	9669
5	4876	4788	4840	9670
5	4840	4788	4767	9671
5	4856	4780	4832	9672
5	4928	4841	4891	9673
5	4859	4836	4785	9674
5	4897	4829	4849	9675
5	4951	4933	4938	9676
5	4877	4837	4779	9677
5	4838	4818	4799	9678
5	4838	4799	4805	9679
5	4839	4834	4802	9680
5	4839	4802	4789	9681
5	5143	5129	5081	9682
5	4921	4893	4858	9683
5	5044	4992	5024	9684
5	4841	4803	4780	9685
5	4842	4833	4778	9686
5	4842	4778	4747	9687
5	4886	4823	4852	9688
5	4843	4806	4772	9689
5	4997	4914	4954	9690
5	4844	4800	4808	9691
5	5144	5104	5115	9692
5	4861	4810	4848	9693
5	4899	4801	4846	9694
5	4846	4801	4773	9695
5	5077	5057	5014	9696
5	4925	4875	4898	9697
5	5037	4957	4994	9698
5	4942	4907	4848	9699
5	4941	4863	4895	9700
5	5004	4932	4947	9701
5	4901	4837	4877	9702
5	4857	4809	4825	9703
5	4939	4860	4902	9704
5	5060	5015	4996	9705
5	4852	4823	4796	9706
5	4852	4796	4826	9707
5	4853	4844	4784	9708
5	4853	4784	4818	9709
5	4958	4924	4903	9710
5	4924	4879	4903	9711
5	4861	4830	4810	9712
5	5078	232	233	9713
5	4960	4920	4889	9714
5	5015	4983	4960	9715
5	4976	4905	4929	9716
5	4929	4857	4892	9717
5	4960	4889	4918	9718
5	4889	4851	4869	9719
5	5006	4935	4976	9720
5	5047	5018	5004	9721
5	4860	4824	4798	9722
5	4860	4798	4828	9723
5	5117	233	234	9724
5	4961	4880	4933	9725
5	4862	4821	4782	9726
5	4862	4782	4829	9727
5	4863	4827	4792	9728
5	4863	4792	4831	9729
5	5005	4948	4937	9730
5	4883	4824	4860	9731
5	4932	4900	4873	9732
5	4923	4890	4867	9733
5	4910	4866	4814	9734
5	4996	4918	4974	9735
5	4885	4868	4816	9736
5	4908	4867	4868	9737
5	4868	4867	4838	9738
5	4868	4838	4816	9739
5	4869	4851	4834	9740
5	4869	4834	4839	9741
5	4870	4842	4819	9742
5	4909	4819	4847	9743
5	4937	4898	4870	9744
5	4910	4814	4871	9745
5	4872	4775	4800	9746
5	5017	4947	4984	9747
5	4897	4862	4829	9748
5	4954	4914	4886	9749
5	4874	4843	4811	9750
5	4874	4811	4827	9751
5	4875	4871	4833	9752
5	4875	4833	4842	9753
5	4876	4869	4839	9754
5	4876	4839	4788	9755
5	4987	4971	4977	9756
5	4929	4905	4857	9757
5	4928	4912	4878	9758
5	4878	4840	4803	9759
5	4872	4800	4844	9760
5	4913	4844	4853	9761
5	4988	4946	4957	9762
5	4899	4846	4850	9763
5	4881	4858	4835	9764
5	4881	4835	4851	9765
5	4882	4852	4826	9766
5	4882	4826	4879	9767
5	5042	4972	5009	9768
5	4894	4832	4864	9769
5	4884	4847	4822	9770
5	4884	4822	4855	9771
5	5093	5047	5017	9772
5	5079	5050	5016	9773
5	4915	4886	4852	9774
5	4934	4888	4862	9775
5	4887	4855	4830	9776
5	4887	4830	4861	9777
5	4888	4873	4821	9778
5	4888	4821	4862	9779
5	4928	4878	4841	9780
5	5163	5120	5160	9781
5	5080	5063	5028	9782
5	4975	4901	4935	9783
5	4912	4840	4878	9784
5	5106	5066	5073	9785
5	5038	4971	4987	9786
5	5080	5028	5050	9787
5	4893	4854	4820	9788
5	4893	4820	4858	9789
5	4936	4864	4883	9790
5	4936	4894	4864	9791
5	5044	5021	4992	9792
5	4922	4895	4854	9793
5	4896	4889	4869	9794
5	4896	4869	4876	9795
5	5090	5011	5053	9796
5	4964	4934	4897	9797
5	4898	4875	4870	9798
5	4965	4909	4917	9799
5	4899	4880	4845	9800
5	4899	4845	4801	9801
5	4900	4859	4815	9802
5	4900	4815	4873	9803
5	4938	4850	4901	9804
5	4901	4850	4813	9805
5	4944	4866	4910	9806
5	4902	4860	4828	9807
5	4940	4903	4874	9808
5	5031	4966	5001	9809
5	4940	4874	4904	9810
5	4967	4895	4922	9811
5	5022	4968	4995	9812
5	4916	4892	4911	9813
5	5156	215	216	9814
5	5050	5028	4993	9815
5	4907	4861	4848	9816
5	4942	4848	4880	9817
5	4943	4908	4868	9818
5	4943	4868	4885	9819
5	4937	4870	4909	9820
5	5046	4980	5012	9821
5	5200	5143	5176	9822
5	4944	4910	4925	9823
5	4911	4892	4825	9824
5	4911	4825	4872	9825
5	4912	4896	4876	9826
5	4912	4876	4840	9827
5	4913	4911	4872	9828
5	4913	4872	4844	9829
5	5035	4997	4954	9830
5	4934	4862	4897	9831
5	5007	4924	4958	9832
5	4964	4897	4914	9833
5	4994	4942	4961	9834
5	4990	4929	4973	9835
5	4917	4909	4847	9836
5	4917	4847	4884	9837
5	4939	4883	4860	9838
5	4952	4891	4927	9839
5	4919	4884	4855	9840
5	4919	4855	4887	9841
5	4920	4881	4851	9842
5	4920	4851	4889	9843
5	5143	5081	5133	9844
5	5082	5060	5026	9845
5	4966	4940	4904	9846
5	5052	5024	4991	9847
5	4995	4968	4923	9848
5	4995	4923	4971	9849
5	4967	4941	4895	9850
5	5103	5010	5056	9851
5	5054	5039	5042	9852
5	4925	4910	4871	9853
5	4926	4885	4865	9854
5	4926	4865	4906	9855
5	4927	4891	4856	9856
5	4927	4856	4894	9857
5	4928	4896	4912	9858
5	5070	5054	5009	9859
5	4973	4892	4916	9860
5	4935	4877	4905	9861
5	4930	4906	4859	9862
5	4930	4859	4900	9863
5	4931	4887	4861	9864
5	4931	4861	4907	9865
5	5170	5153	5124	9866
5	4928	4918	4896	9867
5	4961	4942	4880	9868
5	4935	4901	4877	9869
5	4997	4964	4914	9870
5	4947	4932	4888	9871
5	4976	4935	4905	9872
5	4973	4929	4892	9873
5	4974	4891	4952	9874
5	5026	4974	4952	9875
5	5013	4965	5008	9876
5	5039	4985	4978	9877
5	4938	4933	4899	9878
5	4938	4899	4850	9879
5	5102	5054	5100	9880
5	5034	4970	4985	9881
5	5101	5021	5044	9882
5	5114	5084	5059	9883
5	5001	4941	4967	9884
5	4996	4960	4918	9885
5	5012	4980	4946	9886
5	5032	4961	5003	9887
5	5002	4943	4950	9888
5	5022	4916	4968	9889
5	4978	4902	4944	9890
5	4944	4902	4866	9891
5	4945	4915	4882	9892
5	4945	4882	4924	9893
5	4946	4931	4907	9894
5	5003	4933	4951	9895
5	5028	5002	4950	9896
5	5004	4962	4932	9897
5	5005	4937	4965	9898
5	5111	5077	235	9899
5	4949	4927	4894	9900
5	4949	4894	4936	9901
5	4950	4943	4885	9902
5	4950	4885	4926	9903
5	5091	5033	5066	9904
5	5006	4981	4975	9905
5	5026	4996	4974	9906
5	5055	5034	4985	9907
5	4953	4921	4881	9908
5	4953	4881	4920	9909
5	4979	4915	4945	9910
5	4979	4955	4915	9911
5	4955	4954	4886	9912
5	4955	4886	4915	9913
5	4956	4919	4887	9914
5	4956	4887	4931	9915
5	4957	4946	4907	9916
5	4957	4907	4942	9917
5	5085	5031	5058	9918
5	5067	4979	5030	9919
5	4959	4917	4884	9920
5	4959	4884	4919	9921
5	5060	4996	5026	9922
5	5031	5000	4966	9923
5	5141	5061	5105	9924
5	5003	4961	4933	9925
5	4962	4930	4900	9926
5	4962	4900	4932	9927
5	4963	4922	4893	9928
5	4963	4893	4921	9929
5	5175	212	213	9930
5	5132	5069	5090	9931
5	5171	239	5148	9932
5	5040	4948	5005	9933
5	5000	4940	4966	9934
5	5059	5030	5007	9935
5	5024	4963	4991	9936
5	4992	4967	4922	9937
5	4968	4916	4890	9938
5	4968	4890	4923	9939
5	4969	4926	4906	9940
5	4969	4906	4930	9941
5	4970	4936	4883	9942
5	4970	4883	4939	9943
5	4971	4923	4908	9944
5	5097	5019	5049	9945
5	4998	4944	4925	9946
5	5144	5116	5104	9947
5	5006	4975	4935	9948
5	5049	5019	5022	9949
5	4974	4918	4928	9950
5	4974	4928	4891	9951
5	4975	4951	4938	9952
5	4975	4938	4901	9953
5	5187	243	5160	9954
5	5033	4981	5006	9955
5	4977	4971	4908	9956
5	4977	4908	4943	9957
5	5086	5070	5040	9958
5	5034	4999	4970	9959
5	5035	4954	5027	9960
5	5059	5007	5010	9961
5	4980	4956	4931	9962
5	4980	4931	4946	9963
5	4990	4976	4929	9964
5	5065	4981	5033	9965
5	5111	5057	5077	9966
5	5057	5036	4982	9967
5	4983	4953	4920	9968
5	4983	4920	4960	9969
5	4984	4947	4934	9970
5	4984	4934	4964	9971
5	4985	4970	4939	9972
5	4985	4939	4978	9973
5	4986	4952	4927	9974
5	4986	4927	4949	9975
5	5002	4977	4943	9976
5	5050	4993	5016	9977
5	5105	5029	5065	9978
5	5037	4988	4957	9979
5	4989	4969	4930	9980
5	4989	4930	4962	9981
5	5065	5029	4981	9982
5	5066	5033	5041	9983
5	4991	4963	4921	9984
5	4991	4921	4953	9985
5	5025	4953	4983	9986
5	5071	4983	5015	9987
5	4993	4950	4926	9988
5	4993	4926	4969	9989
5	5204	213	214	9990
5	4994	4957	4942	9991
5	5038	4995	4971	9992
5	5070	5009	5040	9993
5	5015	4960	4996	9994
5	5026	4952	4986	9995
5	5017	5004	4947	9996
5	5172	5156	216	9997
5	5039	4978	4998	9998
5	4998	4978	4944	9999
5	4999	4949	4936	10000
5	4999	4936	4970	10001
5	5108	5074	5027	10002
5	5007	4945	4924	10003
5	5024	4992	4963	10004
5	5225	5200	5218	10005
5	5068	4987	5020	10006
5	5150	5079	5110	10007
5	5032	4994	4961	10008
5	5094	4994	5032	10009
5	5069	5017	4984	10010
5	5090	5069	5011	10011
5	5013	5005	4965	10012
5	5040	5009	4948	10013
5	5041	4976	4990	10014
5	5091	5065	5033	10015
5	5112	5099	5074	10016
5	5056	5000	5031	10017
5	5008	4965	4917	10018
5	5008	4917	4959	10019
5	5055	4985	5039	10020
5	5009	4972	4948	10021
5	5010	5007	4958	10022
5	5010	4958	5000	10023
5	5011	4984	4964	10024
5	5011	4964	4997	10025
5	5014	4982	4956	10026
5	5014	4956	4980	10027
5	5221	5203	245	10028
5	5116	5064	5104	10029
5	5117	5078	233	10030
5	5077	5014	5046	10031
5	5118	5044	5089	10032
5	5025	4991	4953	10033
5	5016	4993	4969	10034
5	5016	4969	4989	10035
5	5142	5135	5093	10036
5	5175	5142	5132	10037
5	5018	4989	4962	10038
5	5018	4962	5004	10039
5	5019	4990	4973	10040
5	5073	4990	5019	10041
5	5020	4987	4977	10042
5	5020	4977	5002	10043
5	5021	5001	4967	10044
5	5021	4967	4992	10045
5	5022	5019	4973	10046
5	5022	4973	4916	10047
5	5023	4986	4949	10048
5	5023	4949	4999	10049
5	5188	5119	5154	10050
5	5056	5010	5000	10051
5	5071	5025	4983	10052
5	5052	4991	5025	10053
5	5120	5083	5102	10054
5	5082	5026	5045	10055
5	5027	4954	4955	10056
5	5027	4955	4979	10057
5	5079	5016	5048	10058
5	5216	228	5179	10059
5	5029	5003	4951	10060
5	5029	4951	4981	10061
5	5030	4979	4945	10062
5	5030	4945	5007	10063
5	5081	5015	5060	10064
5	5058	5031	5001	10065
5	5121	5088	5094	10066
5	5095	5043	5072	10067
5	5198	222	5194	10068
5	5123	5091	5066	10069
5	5126	5051	5083	10070
5	5173	5145	5163	10071
5	5125	5053	5099	10072
5	5125	5090	5053	10073
5	5036	5008	4959	10074
5	5036	4959	4982	10075
5	5136	231	5095	10076
5	5204	5175	213	10077
5	5075	5038	4987	10078
5	5049	4995	5038	10079
5	5126	5098	5051	10080
5	5055	5039	5054	10081
5	5102	5055	5054	10082
5	5100	5054	5070	10083
5	5041	5033	5006	10084
5	5041	5006	4976	10085
5	5042	5039	4998	10086
5	5042	4998	4972	10087
5	5043	5012	4988	10088
5	5095	231	232	10089
5	5119	5085	5058	10090
5	5169	5085	5119	10091
5	5045	5026	4986	10092
5	5045	4986	5023	10093
5	5057	4982	5014	10094
5	5046	5014	4980	10095
5	5172	5150	5110	10096
5	5127	5050	5079	10097
5	5048	5016	4989	10098
5	5048	4989	5018	10099
5	5182	209	210	10100
5	5181	5161	5167	10101
5	5127	5080	5050	10102
5	5172	5110	5156	10103
5	5051	5023	4999	10104
5	5051	4999	5034	10105
5	5076	5052	5025	10106
5	5118	5101	5044	10107
5	5053	5011	4997	10108
5	5053	4997	5035	10109
5	5054	5042	5009	10110
5	5086	5040	5064	10111
5	5163	5126	5120	10112
5	5193	243	244	10113
5	5067	5027	4979	10114
5	5103	5059	5010	10115
5	5133	5081	5060	10116
5	5062	5008	5036	10117
5	5085	5056	5031	10118
5	5199	5146	5190	10119
5	5101	5058	5021	10120
5	5149	5125	5099	10121
5	5212	5170	5201	10122
5	5218	5200	5176	10123
5	5061	5032	5003	10124
5	5061	5003	5029	10125
5	5115	5062	5087	10126
5	5115	5104	5062	10127
5	5063	5020	5002	10128
5	5063	5002	5028	10129
5	5064	5040	5005	10130
5	5064	5005	5013	10131
5	5094	5032	5061	10132
5	5130	5065	5091	10133
5	5164	5131	5107	10134
5	5049	5022	4995	10135
5	5108	5027	5067	10136
5	5215	209	5162	10137
5	5137	5063	5080	10138
5	5131	5068	5107	10139
5	5132	5093	5069	10140
5	5175	5132	5155	10141
5	5075	4987	5068	10142
5	5106	5073	5097	10143
5	5196	5176	5153	10144
5	5081	5071	5015	10145
5	5072	5043	4988	10146
5	5072	4988	5037	10147
5	5073	5066	5041	10148
5	5073	5041	4990	10149
5	5074	5035	5027	10150
5	5206	5162	5128	10151
5	5097	5073	5019	10152
5	5122	5075	5096	10153
5	5089	5044	5024	10154
5	5089	5024	5052	10155
5	5117	5046	5078	10156
5	5077	234	235	10157
5	5078	5046	5012	10158
5	5078	5012	5043	10159
5	5150	5127	5079	10160
5	5151	5137	5080	10161
5	5151	5080	5127	10162
5	5131	5096	5068	10163
5	5176	5143	5133	10164
5	5152	5113	5076	10165
5	5168	5139	5100	10166
5	5227	5218	5196	10167
5	5083	5051	5034	10168
5	5083	5034	5055	10169
5	5084	5067	5030	10170
5	5084	5030	5059	10171
5	5157	5114	5103	10172
5	5114	5059	5103	10173
5	5138	5070	5086	10174
5	5102	5083	5055	10175
5	5087	5062	5036	10176
5	5087	5036	5057	10177
5	5088	5072	5037	10178
5	5136	5095	5072	10179
5	5213	5190	5210	10180
5	5196	5153	5170	10181
5	5202	5157	5195	10182
5	5093	5017	5069	10183
5	5185	5165	5123	10184
5	5130	5105	5065	10185
5	5092	5048	5018	10186
5	5092	5018	5047	10187
5	5156	5110	5092	10188
5	5142	5093	5132	10189
5	5094	5088	5037	10190
5	5094	5037	4994	10191
5	5136	5072	5088	10192
5	5136	230	231	10193
5	5096	5075	5068	10194
5	5137	5107	5063	10195
5	5109	5038	5075	10196
5	5123	5066	5106	10197
5	5098	5045	5023	10198
5	5098	5023	5051	10199
5	5099	5053	5035	10200
5	5099	5035	5074	10201
5	5148	5086	5116	10202
5	5178	5135	5142	10203
5	5226	203	204	10204
5	5119	5058	5101	10205
5	5163	5145	5126	10206
5	5126	5083	5120	10207
5	5157	5103	5140	10208
5	5128	5108	5067	10209
5	5104	5064	5013	10210
5	5104	5013	5062	10211
5	5158	5141	5105	10212
5	5105	5061	5029	10213
5	5134	5106	5097	10214
5	5122	5109	5075	10215
NPOIN= 5233
9.997500181200000e-01	-3.632992137425270e-05	0
9.990000128750000e-01	-1.453141166266332e-04	1
9.977599978450000e-01	-3.257730900892821e-04	2
9.960200190539999e-01	-5.805710755899129e-04	3
9.937800168990000e-01	-9.133370187218038e-04	4
9.910500049590000e-01	-1.328985193940153e-03	5
9.878399968150000e-01	-1.834474228106716e-03	6
9.841300249100000e-01	-2.441467604417501e-03	7
9.799500107769999e-01	-3.149906559115270e-03	8
9.752799868580000e-01	-3.960822247881259e-03	9
9.701499938960000e-01	-4.858087091217041e-03	10
9.645400047300000e-01	-5.827577828300179e-03	11
9.584699869160000e-01	-6.846419503348852e-03	12
9.519400000570000e-01	-7.899195925465065e-03	13
9.449599981310000e-01	-8.976889170370884e-03	14
9.375399947170000e-01	-1.007923659516262e-02	15
9.296900033950000e-01	-1.121217264367878e-02	16
9.214000105860000e-01	-1.238660963315508e-02	17
9.126999974250000e-01	-1.360638675467495e-02	18
9.035800099370001e-01	-1.487766890883074e-02	19
8.940600156780000e-01	-1.619885456588207e-02	20
8.841500282290000e-01	-1.756705602918058e-02	21
8.738499879840000e-01	-1.897931179467674e-02	22
8.631799817090000e-01	-2.042945738575119e-02	23
8.521599769590000e-01	-2.191154626139569e-02	24
8.407700061800000e-01	-2.342528800073034e-02	25
8.290500044819999e-01	-2.496259368486629e-02	26
8.170099854470000e-01	-2.651943571683374e-02	27
8.046399950980000e-01	-2.809412900608797e-02	28
7.919700145720000e-01	-2.967955572112866e-02	29
7.790099978450000e-01	-3.127086156652843e-02	30
7.657799720760000e-01	-3.286167343169062e-02	31
7.522799968720000e-01	-3.444779855372532e-02	32
7.385200262070000e-01	-3.602365947267573e-02	33
7.245299816130000e-01	-3.758143424244223e-02	34
7.103199958800001e-01	-3.911573107127164e-02	35
6.958900094030001e-01	-4.062237862716041e-02	36
6.812700033190000e-01	-4.209434691926515e-02	37
6.664699912070000e-01	-4.352714535899724e-02	38
6.514999866490000e-01	-4.491669503187509e-02	39
6.363800168040000e-01	-4.625850938816842e-02	40
6.211299896240000e-01	-4.754877266902878e-02	41
6.057599782940000e-01	-4.878511909074099e-02	42
5.902799963950000e-01	-4.996570238669499e-02	43
5.747100114820000e-01	-5.108847619636037e-02	44
5.590599775310000e-01	-5.215268370092584e-02	45
5.433599948880000e-01	-5.315673779570785e-02	46
5.276100039480000e-01	-5.410147991543367e-02	47
5.118399858470000e-01	-5.498625568452402e-02	48
4.960500001910000e-01	-5.581243847292029e-02	49
4.802699983120000e-01	-5.657998776807845e-02	50
4.645099937920000e-01	-5.729006559032708e-02	51
4.487800002100000e-01	-5.794380082139387e-02	52
4.331099987030000e-01	-5.854148471905599e-02	53
4.174999892710000e-01	-5.908448472873755e-02	54
4.019699990750000e-01	-5.957318334887757e-02	55
3.865399956700000e-01	-6.000778299174425e-02	56
3.712300062180000e-01	-6.038825012038473e-02	57
3.560400009160000e-01	-6.071467522253749e-02	58
3.409900069240000e-01	-6.098624420512619e-02	59
3.261100053790000e-01	-6.120169335420707e-02	60
3.113999962810000e-01	-6.135984948131629e-02	61
2.968699932100000e-01	-6.145886745122780e-02	62
2.825500071050000e-01	-6.149642033201755e-02	63
2.684499919410000e-01	-6.147000202265712e-02	64
2.545700073240000e-01	-6.137660231441088e-02	65
2.409400045870000e-01	-6.121304834249907e-02	66
2.275699973110000e-01	-6.097584336344029e-02	67
2.144699990750000e-01	-6.066119491814696e-02	68
2.016600072380000e-01	-6.026539851987816e-02	69
1.891400069000000e-01	-5.978399800836059e-02	70
1.769299954180000e-01	-5.921308213467110e-02	71
1.650400012730000e-01	-5.854838156337682e-02	72
1.534900069240000e-01	-5.778630020159663e-02	73
1.422899961470000e-01	-5.692288684128996e-02	74
1.314399987460000e-01	-5.595336395669417e-02	75
1.209499984980000e-01	-5.487367309375681e-02	76
1.108499988910000e-01	-5.368244175323240e-02	77
1.011300012470000e-01	-5.237417210454673e-02	78
9.181000292300000e-02	-5.094720119448845e-02	79
8.290000259900000e-02	-4.939923559858785e-02	80
7.440000027400000e-02	-4.772646216188630e-02	81
6.633000075800000e-02	-4.592940548195647e-02	82
5.869000032500000e-02	-4.400511818361208e-02	83
5.149000138000000e-02	-4.195331960358116e-02	84
4.473999887700000e-02	-3.977474788778770e-02	85
3.844000026600000e-02	-3.746754793595710e-02	86
3.260000050100000e-02	-3.503384897657802e-02	87
2.723000012300000e-02	-3.247753132118431e-02	88
2.232000045500000e-02	-2.979315740536006e-02	89
1.789999939500000e-02	-2.699851475244936e-02	90
1.394999958600000e-02	-2.408338684779959e-02	91
1.049000024800000e-02	-2.106534968715301e-02	92
7.519999985000000e-03	-1.795171556948001e-02	93
5.040000193000000e-03	-1.475160635381115e-02	94
3.049999941000000e-03	-1.147606724203378e-02	95
1.560000004000000e-03	-8.163315383843121e-03	96
5.600000150000000e-04	-4.819379574734800e-03	97
5.999999800000000e-05	-1.518472077230512e-03	98
0.000000000000000e+00	0.000000000000000e+00	99
5.999999800000000e-05	1.428529269098750e-03	100
5.600000150000000e-04	4.416842888496529e-03	101
1.560000004000000e-03	7.400306390618520e-03	102
3.049999941000000e-03	1.035681069676733e-02	103
5.040000193000000e-03	1.330496458193461e-02	104
7.519999985000000e-03	1.622651628958744e-02	105
1.049000024800000e-02	1.912282935382224e-02	106
1.394999958600000e-02	2.199390162920044e-02	107
1.789999939500000e-02	2.483901027612951e-02	108
2.232000045500000e-02	2.764486957620251e-02	109
2.723000012300000e-02	3.042404397747105e-02	110
3.260000050100000e-02	3.315886750252880e-02	111
3.844000026600000e-02	3.585414507649728e-02	112
4.473999887700000e-02	3.850350497727568e-02	113
5.149000138000000e-02	4.110092904899619e-02	114
5.869000032500000e-02	4.364388092922022e-02	115
6.633000075800000e-02	4.612559593230553e-02	116
7.440000027400000e-02	4.853934369082071e-02	117
8.290000259900000e-02	5.088101059591223e-02	118
9.181000292300000e-02	5.314071963212161e-02	119
1.011300012470000e-01	5.531389145240091e-02	120
1.108499988910000e-01	5.739312616499700e-02	121
1.209499984980000e-01	5.936922976022178e-02	122
1.314399987460000e-01	6.123889773124598e-02	123
1.422899961470000e-01	6.299150114322194e-02	124
1.534900069240000e-01	6.462069003671006e-02	125
1.650400012730000e-01	6.612158363364255e-02	126
1.769299954180000e-01	6.748796220260767e-02	127
1.891400069000000e-01	6.871309052888207e-02	128
2.016600072380000e-01	6.979206299666527e-02	129
2.144699990750000e-01	7.071984510445301e-02	130
2.275699973110000e-01	7.149356873318585e-02	131
2.409400045870000e-01	7.210968335913820e-02	132
2.545700073240000e-01	7.256611098647567e-02	133
2.684499919410000e-01	7.286150407723391e-02	134
2.825500071050000e-01	7.299521388158792e-02	135
2.968699932100000e-01	7.296806914919686e-02	136
3.113999962810000e-01	7.278143519241657e-02	137
3.261100053790000e-01	7.243807229540411e-02	138
3.409900069240000e-01	7.194159540342603e-02	139
3.560400009160000e-01	7.129591893316828e-02	140
3.712300062180000e-01	7.050705305380695e-02	141
3.865399956700000e-01	6.958179080828224e-02	142
4.019699990750000e-01	6.852645250491740e-02	143
4.174999892710000e-01	6.734924916255874e-02	144
4.331099987030000e-01	6.605921130381047e-02	145
4.487800002100000e-01	6.466607311223686e-02	146
4.645099937920000e-01	6.317818624918618e-02	147
4.802699983120000e-01	6.160699823592122e-02	148
4.960500001910000e-01	5.996234549896006e-02	149
5.118399858470000e-01	5.825407253416617e-02	150
5.276100039480000e-01	5.649418898990742e-02	151
5.433599948880000e-01	5.469126355822584e-02	152
5.590599775310000e-01	5.285695815846760e-02	153
5.747100114820000e-01	5.099906455890041e-02	154
5.902799963950000e-01	4.912841377829944e-02	155
6.057599782940000e-01	4.725285142468773e-02	156
6.211299896240000e-01	4.538073137996584e-02	157
6.363800168040000e-01	4.351843716938379e-02	158
6.514999866490000e-01	4.167154989662523e-02	159
6.664699912070000e-01	3.984602528783861e-02	160
6.812700033190000e-01	3.804699524973115e-02	161
6.958900094030001e-01	3.627755310798957e-02	162
7.103199958800001e-01	3.454002359599231e-02	163
7.245299816130000e-01	3.283840992505292e-02	164
7.385200262070000e-01	3.117246755987748e-02	165
7.522799968720000e-01	2.954265086329246e-02	166
7.657799720760000e-01	2.795131723435074e-02	167
7.790099978450000e-01	2.639814148194719e-02	168
7.919700145720000e-01	2.488146653532445e-02	169
8.046399950980000e-01	2.340191309247606e-02	170
8.170099854470000e-01	2.195895246221088e-02	171
8.290500044819999e-01	2.055448529836254e-02	172
8.407700061800000e-01	1.918585104212336e-02	173
8.521599769590000e-01	1.785273959745659e-02	174
8.631799817090000e-01	1.655825340757676e-02	175
8.738499879840000e-01	1.529823567095221e-02	176
8.841500282290000e-01	1.407293648258014e-02	177
8.940600156780000e-01	1.288259059578104e-02	178
9.035800099370001e-01	1.172555849053068e-02	179
9.126999974250000e-01	1.060291706004254e-02	180
9.214000105860000e-01	9.519691008887558e-03	181
9.296900033950000e-01	8.480706265173795e-03	182
9.375399947170000e-01	7.499066274152888e-03	183
9.449599981310000e-01	6.584335728428338e-03	184
9.519400000570000e-01	5.746774979384315e-03	185
9.584699869160000e-01	4.991060715552336e-03	186
9.645400047300000e-01	4.313857459395260e-03	187
9.701499938960000e-01	3.703294309712680e-03	188
9.752799868580000e-01	3.145931543572214e-03	189
9.799500107769999e-01	2.625527513758011e-03	190
9.841300249100000e-01	2.137447037348645e-03	191
9.878399968150000e-01	1.679138628758357e-03	192
9.910500049590000e-01	1.260551515910528e-03	193
9.937800168990000e-01	8.885515156242277e-04	194
9.960200190539999e-01	5.737065157384021e-04	195
9.977599978450000e-01	3.245012302101672e-04	196
9.990000128750000e-01	1.451981234730574e-04	197
9.997500181200000e-01	3.632808405363345e-05	198
1.000000000000000e+00	0.000000000000000e+00	199
1.984229087829600e+01	2.506659984589000e+00	200
1.937166023254400e+01	4.973800182343000e+00	201
1.859552955627400e+01	7.362490177155000e+00	202
1.752613067627000e+01	9.635069847106999e+00	203
1.618033981323200e+01	1.175570964813200e+01	204
1.457936954498300e+01	1.369093990325900e+01	205
1.274847984314000e+01	1.541026973724400e+01	206
1.071654033660900e+01	1.688656044006300e+01	207
8.515589714050000e+00	1.809654045105000e+01	208
6.180339813232000e+00	1.902112960815400e+01	209
3.747629880905000e+00	1.964575004577600e+01	210
1.255810022354000e+00	1.996052932739300e+01	211
-1.255810022354000e+00	1.996052932739300e+01	212
-3.747629880905000e+00	1.964574050903300e+01	213
-6.180339813232000e+00	1.902112960815400e+01	214
-8.515589714050000e+00	1.809654045105000e+01	215
-1.071654033660900e+01	1.688656044006300e+01	216
-1.274847984314000e+01	1.541026020050000e+01	217
-1.457936954498300e+01	1.369093990325900e+01	218
-1.618033981323200e+01	1.175570011138900e+01	219
-1.752613067627000e+01	9.635069847106999e+00	220
-1.859552955627400e+01	7.362490177155000e+00	221
-1.937166023254400e+01	4.973800182343000e+00	222
-1.984229087829600e+01	2.506659984589000e+00	223
-2.000000000000000e+01	0.000000000000000e+00	224
-1.984229087829600e+01	-2.506669998169000e+00	225
-1.937166023254400e+01	-4.973800182343000e+00	226
-1.859552955627400e+01	-7.362490177155000e+00	227
-1.752613067627000e+01	-9.635080337524000e+00	228
-1.618033981323200e+01	-1.175570964813200e+01	229
-1.457936954498300e+01	-1.369093990325900e+01	230
-1.274847984314000e+01	-1.541026973724400e+01	231
-1.071652984619100e+01	-1.688656044006300e+01	232
-8.515580177306999e+00	-1.809654045105000e+01	233
-6.180339813232000e+00	-1.902112960815400e+01	234
-3.747620105743000e+00	-1.964575004577600e+01	235
-1.255810022354000e+00	-1.996052932739300e+01	236
1.255810022354000e+00	-1.996052932739300e+01	237
3.747629880905000e+00	-1.964574050903300e+01	238
6.180339813232000e+00	-1.902112960815400e+01	239
8.515589714050000e+00	-1.809654045105000e+01	240
1.071654033660900e+01	-1.688656044006300e+01	241
1.274847984314000e+01	-1.541026020050000e+01	242
1.457936954498300e+01	-1.369093990325900e+01	243
1.618033981323200e+01	-1.175570011138900e+01	244
1.752614021301300e+01	-9.635069847106999e+00	245
1.859552955627400e+01	-7.362490177155000e+00	246
1.937166023254400e+01	-4.973790168762000e+00	247
1.984229087829600e+01	-2.506659984589000e+00	248
2.000000000000000e+01	0.000000000000000e+00	249
6.059139398540373e-02	-5.189670545813364e-02	250
6.602895435186031e-01	-5.786761087357802e-02	251
4.262633510090227e-01	8.091991428654167e-02	252
6.901274095095886e-01	5.067504702295240e-02	253
3.793264243638813e-01	-7.433015887401212e-02	254
9.994625452416890e-01	-7.228519982822974e-04	255
9.985470806736113e-01	-1.318745160468824e-03	256
7.738299622390850e-01	-4.415365835198647e-02	257
6.899450255835644e-01	-5.468959227728995e-02	258
-1.739737945950349e-03	6.863297754528294e-03	259
7.468226968257857e-01	-4.779050711927506e-02	260
5.840221662288044e-01	6.441414508445892e-02	261
9.927833903782379e-01	-3.624307563188917e-03	262
9.898854236223549e-01	-4.535196125221765e-03	263
5.995619360712233e-01	6.246777851156204e-02	264
7.188299514631082e-01	-5.131338689659221e-02	265
-1.785497188970648e-03	7.562048007046778e-04	266
9.864978428481982e-01	-5.541069449354150e-03	267
9.826294082622699e-01	-6.634412579021795e-03	268
-1.795100202611699e-03	-7.478489504106836e-03	269
6.452132274200446e-01	-5.937160800555497e-02	270
8.244382760256121e-01	-3.676008510056606e-02	271
7.997294783447991e-01	-4.047005771408787e-02	272
3.489535739209481e-01	8.525401645255337e-02	273
8.478278869653413e-01	-3.308715217233168e-02	274
2.473148552073966e-01	8.467167717519709e-02	275
8.698378949565609e-01	-2.947324190275210e-02	276
9.606703980114904e-03	2.378699639334102e-02	277
8.903623110969908e-01	-2.595945237323967e-02	278
7.694187246900400e-02	-5.631803986321839e-02	279
9.093289439490059e-01	-2.257964888773841e-02	280
-2.198049397588940e-03	-3.678303479579513e-03	281
9.422702638374623e-01	-1.625529227398526e-02	282
9.266576018384952e-01	-1.934817438445891e-02	283
1.756094675541485e-02	-3.232168507490869e-02	284
4.259255680310025e-01	-7.317689253998932e-02	285
8.590144082809956e-01	-3.126792279342770e-02	286
9.561185148258686e-01	-1.328130199919645e-02	287
9.782738063502059e-01	-7.833508980533574e-03	288
9.681399916953984e-01	-1.043955006962933e-02	289
1.584198126400036e-01	-6.884698780362247e-02	290
9.000472989786504e-01	-2.425149266146799e-02	291
7.604596609702471e-01	-4.598232500737397e-02	292
9.971235994316054e-01	-2.059277256528289e-03	293
5.991757678682363e-01	-6.349882283971617e-02	294
4.416221087771950e-01	-7.265253115349314e-02	295
5.364659275753003e-01	-6.802069916630119e-02	296
4.731825446593653e-01	-7.139378287845113e-02	297
5.048331229972265e-01	-6.985137715396222e-02	298
4.889958349132991e-01	-7.065760119066450e-02	299
1.250308690517776e-01	-6.507080798117749e-02	300
2.751655207884094e-02	-3.856342345186580e-02	301
3.947655582095980e-01	-7.401628099074159e-02	302
4.599530728519593e-02	-4.696018501937065e-02	303
4.102999628263465e-01	-7.363256823375544e-02	304
3.189423627966694e-01	-7.488812385809261e-02	305
3.488289112863623e-01	-7.475402099640649e-02	306
3.321403720377026e-02	-4.147969199599742e-02	307
2.897460712582783e-01	-7.473371477498773e-02	308
9.346825718599437e-01	-1.778453465775951e-02	309
1.469384043927693e-01	-6.770109373042490e-02	310
1.948509315342285e-01	-7.161921103866532e-02	311
8.575087651565758e-02	-5.832976681112144e-02	312
1.046085461327520e-01	-6.196348122850157e-02	313
5.679584365102606e-01	-6.590938571883512e-02	314
1.702422852798397e-01	-6.988169368364042e-02	315
6.146477513248378e-01	-6.218699828058895e-02	316
8.802942262025261e-01	-2.770263954039759e-02	317
2.230969929028093e-02	-3.550933851723760e-02	318
9.952014779800444e-01	-2.813202450093284e-03	319
6.281501045241499e-03	-2.215734824815943e-02	320
1.757050156158063e-02	3.034746655614927e-02	321
9.182015558673252e-01	-2.094519404623004e-02	322
9.494222396255296e-01	-1.475474539213037e-02	323
9.734439824988311e-01	-9.099109188763605e-03	324
-4.653996941978545e-04	1.029405435814376e-02	325
8.363004116129872e-01	-3.491708299892027e-02	326
2.475628923449062e-01	-7.392957872041706e-02	327
5.522409555681157e-01	-6.700471776575194e-02	328
7.329397270410646e-01	-4.956690461665282e-02	329
7.869201791384631e-01	-4.231598283090252e-02	330
1.146261266349970e-01	-6.358721466196578e-02	331
2.206594048096411e-01	-7.295582334816943e-02	332
5.836134267708983e-01	-6.474000945663028e-02	333
6.751971347467870e-01	-5.630591141060710e-02	334
5.306001063906189e-02	-4.950362002668995e-02	335
3.505641532526681e-03	-1.858048834066153e-02	336
1.331515687220558e-02	-2.905075141277759e-02	337
3.640163250696575e-01	-7.457806296013597e-02	338
1.823987778559490e-01	-7.080383184432357e-02	339
9.999338985362195e-01	-3.804212285375165e-04	340
2.339719960220991e-01	-7.348649361210130e-02	341
9.497803707847478e-02	-6.021227502590554e-02	342
3.042470080693200e-01	-7.485218586138936e-02	343
2.613981270352713e-01	-7.427274785907169e-02	344
4.573788545989289e-01	-7.206045006727632e-02	345
7.044819319656246e-01	-5.302550211730165e-02	346
-2.201786411076606e-03	3.354894187378826e-03	347
-5.426891624238575e-04	-1.121466345629557e-02	348
5.369126882013148e-01	7.005562239684450e-02	349
-1.773364386881538e-03	-9.257266368360387e-04	350
2.745946279342691e-02	3.677067092611321e-02	351
5.284456404520189e-02	4.899347214792880e-02	352
3.924223167819221e-02	4.298618568147704e-02	353
1.141908497696271e-01	6.757885880507994e-02	354
4.106028355718845e-01	8.206365501087683e-02	355
9.971123357451800e-01	2.039930262698388e-03	356
5.211070145659301e-01	7.184595226310506e-02	357
4.735976451783205e-01	7.680079917297027e-02	358
9.733115337987539e-01	8.155647014754221e-03	359
9.621942377157950e-01	1.028270453759624e-02	360
8.901939610461512e-01	2.259877631762917e-02	361
4.894272479388694e-01	7.522924438041016e-02	362
4.419902645893194e-01	7.965596257242119e-02	363
3.795469631159503e-01	8.394728033635282e-02	364
9.264717678094989e-01	1.664854466248259e-02	365
9.091508663187524e-01	1.955892122096197e-02	366
7.661420263366164e-02	5.747699227222039e-02	367
9.781657345001636e-01	7.163779842160879e-03	368
9.559362853353354e-01	1.143135003335864e-02	369
9.420805434871000e-01	1.391857692313264e-02	370
9.458808316239206e-02	6.272810813751246e-02	371
6.033697664796338e-02	5.188488065302650e-02	372
2.896559410463875e-01	8.593284297601340e-02	373
2.612010945340576e-01	8.525851814537914e-02	374
1.697934793144090e-01	7.757128769160826e-02	375
3.189621443443774e-01	8.592362001075762e-02	376
4.577728388477466e-01	7.828195780090823e-02	377
3.950292509006355e-01	8.307461035807029e-02	378
1.464765839698894e-01	7.395996677477761e-02	379
1.245815755234875e-01	6.982117270212483e-02	380
6.303174342786636e-01	5.853192018692857e-02	381
1.944440755832458e-01	8.058152069611402e-02	382
2.203212167455383e-01	8.295692063883255e-02	383
6.605480383834023e-01	5.458839689319943e-02	384
5.683852189523387e-01	6.633508995774334e-02	385
7.468599961775411e-01	4.306503048131050e-02	386
7.189368054773655e-01	4.682440351921238e-02	387
7.996569764086470e-01	3.583516692286707e-02	388
7.738065498269213e-01	3.939353373745193e-02	389
8.476918703279498e-01	2.900852898270359e-02	390
8.243288779998073e-01	3.236583982620737e-02	391
8.998737539951480e-01	2.106454607078241e-02	392
8.696828673880699e-01	2.575058309851025e-02	393
9.492340558547544e-01	1.264312416272807e-02	394
9.180194073537903e-01	1.808493312091615e-02	395
9.679859337341232e-01	9.192893130414355e-03	396
8.588680544985458e-01	2.736440504725787e-02	397
8.801318970114786e-01	2.416237397132380e-02	398
8.121488218697434e-01	3.408979593546529e-02	399
8.361766509292407e-01	3.067349872114443e-02	400
7.604652620141215e-01	4.121677659785301e-02	401
7.868707163108452e-01	3.760129337819358e-02	402
7.046262353804139e-01	4.874239123744945e-02	403
7.330109048678533e-01	4.493203275840481e-02	404
6.455080067964448e-01	5.656001196361601e-02	405
6.754180061328003e-01	5.262591816813880e-02	406
5.526806902106283e-01	6.822002644462703e-02	407
6.150069514979397e-01	6.050268252363793e-02	408
2.072401286168792e-01	8.185092991956747e-02	409
2.336763759022880e-01	8.389842355201114e-02	410
1.579609747907717e-01	7.583586864692776e-02	411
1.819675644108407e-01	7.915504606090421e-02	412
4.582065981456585e-02	4.601926642446214e-02	413
1.353538266759082e-01	7.195652209730422e-02	414
1.335108684358379e-02	2.710038143790458e-02	415
3.311936721744675e-02	3.989424538427821e-02	416
2.076156504878687e-01	-7.233542464964765e-02	417
3.587977234128668e-03	1.710214270812008e-02	418
9.623652890084025e-01	-1.183889111309857e-02	419
8.122412576340020e-01	-3.861610444629202e-02	420
3.337966494999387e-01	-7.485360124140093e-02	421
5.206591639397565e-01	-6.897157515514843e-02	422
1.317242014649545e-03	1.371651617500015e-02	423
2.228769541157775e-02	3.358732756127668e-02	424
6.354634439590395e-03	2.046164873708283e-02	425
8.539032971002218e-02	6.014759145488460e-02	426
6.825896386771371e-02	5.471969098448254e-02	427
2.753225639544932e-01	8.567968548304988e-02	428
1.041934942144559e-01	6.520721256012271e-02	429
9.825464780690568e-01	6.191488587098245e-03	430
9.864374327350780e-01	5.268517606044363e-03	431
3.042119832563610e-01	8.601685694407042e-02	432
9.898438996042298e-01	4.379931464535752e-03	433
9.927558642179225e-01	3.541820710443679e-03	434
3.338695474284459e-01	8.566696565992861e-02	435
3.641905230683229e-01	8.467739855461694e-02	436
9.344939821825252e-01	1.525538424750988e-02	437
9.999313215329385e-01	3.807340878928839e-04	438
9.985402552801277e-01	1.310818483588903e-03	439
9.994583112481245e-01	7.206102052102251e-04	440
6.299888069587103e-01	-6.081067559448476e-02	441
3.937628972781623e-02	-4.428665629032198e-02	442
9.951836832717622e-01	2.772043590664935e-03	443
5.052757381522933e-01	7.357478737860550e-02	444
1.233036971495688e-03	-1.493220917314043e-02	445
9.549080121815623e-03	-2.564267045706679e-02	446
6.855098019439138e-02	-5.417325585792461e-02	447
1.358122909199327e-01	-6.644658947710304e-02	448
2.754667401255024e-01	-7.454071535926778e-02	449
6.979752518144082e-02	6.444267664133665e-02	450
-4.222146852819640e-03	9.741360347714011e-03	451
-5.133257736031582e-03	5.520419220167887e-03	452
2.824005592997874e-01	-8.927984555756013e-02	453
6.989232452172528e-01	-6.863522492113230e-02	454
9.154531413842579e-01	-3.078196563206459e-02	455
4.737327764920056e-03	-2.691476319386349e-02	456
5.779387611463225e-01	8.140788179218560e-02	457
6.842392336777385e-01	-7.046485736434130e-02	458
7.822252118327623e-01	-5.656194979413177e-02	459
9.891748805259822e-01	-8.477085769973604e-03	460
3.264503743600191e-01	-9.010854306540410e-02	461
8.552579810610542e-01	-4.357828133256884e-02	462
8.322303916014544e-01	-4.792903589027751e-02	463
8.827065306432708e-02	-6.852629749994481e-02	464
-4.327561240155766e-03	-1.053221254785443e-02	465
2.134108862714476e-01	-8.601300420019262e-02	466
1.232784406612456e-02	-3.467727166395088e-02	467
9.606404048784829e-01	-1.885874074458929e-02	468
1.513456482334411e-01	-7.995335984762990e-02	469
7.134036037731357e-01	-6.673788950871726e-02	470
6.543300275810983e-01	-7.392996361800433e-02	471
4.502483624047132e-01	-8.844040589121586e-02	472
7.913323510973361e-02	-6.612384045696366e-02	473
3.874758362408338e-01	-8.997307508414910e-02	474
8.969547482491439e-01	-3.496881157554815e-02	475
7.951803559228161e-01	-5.443620670066412e-02	476
4.834239023083675e-03	2.526682026644526e-02	477
1.683981617426416e-02	3.658606071393398e-02	478
6.698632149985803e-01	6.892348880227762e-02	479
8.436433779652613e-01	4.168047789340254e-02	480
1.069198869568088e-01	7.641396192991665e-02	481
6.846579754291356e-01	6.678645402706092e-02	482
1.622005809690130e-01	8.851899056949142e-02	483
8.765394377040234e-01	3.567997943231162e-02	484
9.890628997826633e-01	8.239898751607763e-03	485
3.416679439514508e-01	1.006029833407373e-01	486
5.146871204293394e-01	8.884478669923027e-02	487
9.538607396824442e-01	1.895025386955696e-02	488
8.867639985202751e-01	3.370955190802864e-02	489
9.921436178952872e-01	6.838821014010105e-03	490
9.602946754223339e-01	1.729317728422227e-02	491
9.814050029911571e-01	1.110704229385965e-02	492
2.396925200365233e-01	9.793300018133756e-02	493
3.265384383829884e-01	1.007562091953807e-01	494
2.260431256957480e-01	9.680154734817834e-02	495
9.701801476225312e-02	7.358768688428995e-02	496
6.693666085319019e-01	-7.223309602709133e-02	497
2.003918429111965e-01	-8.503806378183043e-02	498
8.346571753864421e-03	2.906660612326520e-02	499
1.389938543978754e-01	8.406313837147578e-02	500
4.646044920431187e-02	5.454192239226344e-02	501
9.717844881329495e-01	1.411916737711728e-02	502
9.947391142515978e-01	5.569880137022943e-03	503
8.965971137495948e-01	3.175895781098798e-02	504
1.631222124691815e-01	-8.141606183635655e-02	505
1.000203022174037e+00	2.336568043105956e-04	506
9.984959504731034e-01	2.985587748013465e-03	507
9.968636419455891e-01	4.293786321063042e-03	508
1.830029154014846e-03	2.141775465452207e-02	509
-2.701933083907696e-03	1.365030856065819e-02	510
1.710728533287573e-03	-2.290438127158104e-02	511
-4.334574538242346e-03	-2.003681237395383e-03	512
-3.411097552118645e-03	-1.282467228992977e-04	513
1.687346869027436e-02	-3.837270898851840e-02	514
1.000204821439894e+00	-2.314352182071646e-04	515
6.213175768069251e-02	-6.089241616956299e-02	516
9.985191448645747e-01	-3.004648088025775e-03	517
9.947948348564669e-01	-5.650794881256040e-03	518
4.193506903608954e-01	9.731655547533181e-02	519
5.455144134512804e-01	-8.354187660476606e-02	520
9.856159419535522e-01	-9.999455423690556e-03	521
8.768696137209672e-01	-3.924852906175137e-02	522
5.935688385110618e-01	7.939732238428689e-02	523
9.922230953336163e-01	-6.981230347370849e-03	524
-5.173358359410309e-03	-6.044361351350798e-03	525
4.344457559508670e-01	-8.895201973903037e-02	526
4.036150404511785e-01	9.828743280084853e-02	527
8.439111675984468e-01	-4.576000835124747e-02	528
2.821569830684024e-01	1.001539816381379e-01	529
8.662464142901166e-01	-4.140298887662262e-02	530
8.871091245981048e-01	-3.709872692558332e-02	531
7.041819782544899e-02	-6.357926050324274e-02	532
9.064097907343680e-01	-3.286572528417486e-02	533
9.240808671221747e-01	-2.872693645741741e-02	534
9.473559991084354e-01	-2.272257459956183e-02	535
2.744334740334575e-02	-4.549639224497493e-02	536
9.542269502044978e-01	-2.077731754204286e-02	537
9.665926441565191e-01	-1.697726513751856e-02	538
9.815984682394904e-01	-1.165695552074199e-02	539
1.288430481837756e-01	-7.666960643913427e-02	540
7.554653353123697e-01	-6.075443154207055e-02	541
7.689874381107972e-01	-5.866849018071221e-02	542
9.969009516661046e-01	-4.335969178151067e-03	543
4.661108204669113e-01	-8.784032511519635e-02	544
4.819898188127520e-01	-8.714793768994024e-02	545
4.978813636264283e-01	-8.637546865975312e-02	546
2.190207242237449e-02	-4.201239166907331e-02	547
4.030473564741960e-01	-8.972493645566471e-02	548
4.187076859653624e-01	-8.938400493067983e-02	549
3.414740057264031e-01	-9.021059353161230e-02	550
3.992795438676090e-02	-5.206703208443626e-02	551
9.322818301025552e-01	-2.669618208609014e-02	552
9.400376927594680e-01	-2.469175295975132e-02	553
1.399238215584037e-01	-7.837368994846458e-02	554
9.782588545331025e-02	-7.079185724981391e-02	555
5.613340184062774e-01	-8.244249885962714e-02	556
6.083316477082406e-01	-7.855307907801841e-02	557
9.720645581116657e-01	-1.514188002499330e-02	558
9.770608110626715e-01	-1.337225677265537e-02	559
7.276627972235098e-01	-6.478521737628468e-02	560
7.416794675972525e-01	-6.279474214978766e-02	561
1.077749461961242e-01	-7.291077212920662e-02	562
1.181311703709342e-01	-7.486526215916757e-02	563
5.770844972544639e-01	-8.123553788655581e-02	564
5.927542531785041e-01	-7.993739852278643e-02	565
4.685557258406816e-02	-5.517367577218469e-02	566
5.428209850238318e-02	-5.812023738922870e-02	567
8.282665775762225e-03	-3.082303218861066e-02	568
3.566793517809465e-01	-9.022615440768196e-02	569
3.720175044977636e-01	-9.014078423648969e-02	570
1.752422420720952e-01	-8.274890638997208e-02	571
1.876676898221500e-01	-8.395391357659457e-02	572
2.266927808687579e-01	-8.688284583801781e-02	573
2.402507116728892e-01	-8.764822290979611e-02	574
2.968842499244677e-01	-8.965527931672668e-02	575
3.115876835914503e-01	-8.993127503107423e-02	576
2.540860933408914e-01	-8.829387836566441e-02	577
-4.354565999732814e-03	1.680627227924323e-03	578
-8.124380855921327e-04	-1.882924951121291e-02	579
3.961231670484248e-02	5.106300076624925e-02	580
9.854659743540689e-01	9.627398848601166e-03	581
5.305743329352158e-01	8.707774279168679e-02	582
4.987661853834205e-01	9.052744424157094e-02	583
4.828443569393393e-01	9.211001132855667e-02	584
4.669258968157722e-01	9.359422476257916e-02	585
9.768226671022742e-01	1.260122084566430e-02	586
9.662758198578555e-01	1.568465164377465e-02	587
9.236986164533474e-01	2.605228855493569e-02	588
4.510150338527828e-01	9.496012833946536e-02	589
4.351550838081872e-01	9.620073448608056e-02	590
3.879598303874440e-01	9.910347848400045e-02	591
9.150768316620478e-01	2.792776275918726e-02	592
9.469774058740269e-01	2.065384915681370e-02	593
6.158408791182469e-02	6.120065700889639e-02	594
5.380832268963257e-02	5.792968735539410e-02	595
2.536287410580548e-01	9.886305738002879e-02	596
2.677819680274846e-01	9.958857387467769e-02	597
1.504131078596138e-01	8.635965773813542e-02	598
1.279278909495457e-01	8.162967137259605e-02	599
1.172406104533798e-01	7.909453841765871e-02	600
7.950565081675931e-01	4.987553464089410e-02	601
7.417953077091287e-01	5.826256359771250e-02	602
7.278502050858138e-01	6.037849731329400e-02	603
7.821526563359332e-01	5.194680181346383e-02	604
8.319907236654805e-01	4.369994176833542e-02	605
9.060416719901001e-01	2.983409217737429e-02	606
8.659339714796372e-01	3.765742647392738e-02	607
8.549660773357703e-01	3.966125483849970e-02	608
8.200028492887023e-01	4.574770088683287e-02	609
8.076810506814134e-01	4.781167106321245e-02	610
7.689723392789272e-01	5.403653097696900e-02	611
7.555133411819561e-01	5.614857315187122e-02	612
7.136662352931460e-01	6.251303768415757e-02	613
6.992635477423669e-01	6.465224492293717e-02	614
6.549019823220692e-01	7.105346327241072e-02	615
6.397679631483324e-01	7.316821643634835e-02	616
5.622185058478010e-01	8.336631882758612e-02	617
5.464178822568397e-01	8.524937136502148e-02	618
6.245007454897997e-01	7.526515335118424e-02	619
6.090973721094908e-01	7.734596212356000e-02	620
2.126805737432652e-01	9.548984944491473e-02	621
1.995925387092074e-01	9.400333334257978e-02	622
1.868129682844761e-01	9.234702685836367e-02	623
1.743466569435159e-01	9.051807598845844e-02	624
1.234686419204161e-02	3.287284371942480e-02	625
3.321171438315654e-02	4.751538385610210e-02	626
2.727723242773402e-02	4.395787799787046e-02	627
8.078496966587375e-01	-5.228611239379902e-02	628
8.202098681078667e-01	-5.010986725551387e-02	629
5.137830023489931e-01	-8.551306149479208e-02	630
5.296639211688556e-01	-8.456455672595861e-02	631
-6.829067240233993e-04	1.754817660491118e-02	632
2.180573992958380e-02	4.031366310556252e-02	633
8.751865188364261e-02	7.064048056815360e-02	634
7.844398780337743e-02	6.759154368193090e-02	635
3.115665428526541e-01	1.007456226331985e-01	636
2.967514109121560e-01	1.005456309396109e-01	637
3.724109055148992e-01	9.976926117157388e-02	638
3.569758117127397e-01	1.002769981411133e-01	639
9.396533429457676e-01	2.240363313182077e-02	640
9.318965218710352e-01	2.420820636132893e-02	641
6.237925646603639e-01	-7.708714432653267e-02	642
6.391247834216786e-01	-7.554766996260369e-02	643
3.344997146534982e-02	-4.882292215074387e-02	644
-2.827855704204934e-03	-1.469342695066980e-02	645
2.681339808491357e-01	-8.882212986063534e-02	646
-8.269270941295839e-03	-9.071917763791664e-03	647
3.956652385033497e-01	-1.075107905040302e-01	648
2.892133905612904e-01	-1.058788307935640e-01	649
7.910885382195557e-01	-7.016529155748455e-02	650
5.388874922215541e-01	-1.019442000668217e-01	651
9.220937424071783e-01	-3.944542489670130e-02	652
9.920860505867168e-01	1.074375889441179e-02	653
9.887873512800568e-01	1.277714025203570e-02	654
9.651495308002167e-01	2.321000171790541e-02	655
-3.058142940100208e-03	2.187481712808503e-02	656
9.947599815214666e-01	8.874937469279870e-03	657
9.994707596970119e-01	1.749544697252119e-03	658
1.000195438557996e+00	5.437062475751764e-04	659
9.988401329760859e-01	-5.052459536744952e-03	660
1.000461737649216e+00	2.277039354310147e-06	661
1.567742002617929e-02	-4.520264443040077e-02	662
-7.690059074728878e-03	3.013352996128314e-03	663
9.034075572808280e-02	-8.012893910795880e-02	664
9.304731212057434e-01	-3.690120938963186e-02	665
9.922385725498792e-01	-1.093537390075595e-02	666
5.720351376681615e-01	1.002941620081802e-01	667
9.994840850244104e-01	-1.755231383425335e-03	668
-4.529344798706181e-04	-2.773090196044262e-02	669
7.083269456124703e-01	-8.404651312397515e-02	670
-5.421143637285353e-03	-1.860592901077358e-02	671
7.227501711119385e-01	-8.187444574364597e-02	672
1.093536551750373e-02	-4.097395219383641e-02	673
8.739873181896946e-01	-5.233604857869219e-02	674
2.842729406798462e-03	-3.221455824270546e-02	675
3.338999526134321e-01	-1.072183559345160e-01	676
8.631991855885442e-01	-5.491824489156767e-02	677
6.936770493761123e-01	-8.613726225138423e-02	678
9.948716764222402e-01	-8.991675739695476e-03	679
6.561828460142667e-03	-3.665820362685267e-02	680
9.808129351963488e-01	1.686369966371742e-02	681
5.243343669068675e-01	1.059438594751932e-01	682
9.523739493450702e-01	2.760602326117934e-02	683
6.646482737900941e-01	8.712612823345323e-02	684
9.970461479701721e-01	6.995165308937216e-03	685
5.083264976917092e-01	1.076755969468060e-01	686
2.742639136453783e-01	1.157579867541041e-01	687
3.341067235843228e-01	1.174896416737355e-01	688
1.540063591403220e-01	1.003622650713690e-01	689
6.230974578205543e-02	7.169955256256898e-02	690
1.000038263592628e+00	1.035525915979453e-03	691
-7.122796437681682e-03	-1.399742004548605e-02	692
-6.988469729101602e-03	1.306727208158450e-02	693
1.088890019035259e-02	3.931381736330766e-02	694
-8.178210932287849e-03	8.365559627514930e-03	695
9.656355192800196e-01	-2.451570622543791e-02	696
8.086254378555176e-02	-7.727471558697947e-02	697
-5.728991209070384e-03	-1.849099895665994e-04	698
1.554182359979387e-01	-9.384614266464997e-02	699
4.590174825021778e-01	-1.060872195895486e-01	700
2.101935327500050e-02	-4.939214690423727e-02	701
2.919283236657325e-03	3.062416815109817e-02	702
8.401167359877728e-01	5.601393341834471e-02	703
7.909368372335850e-01	6.568708577383212e-02	704
6.795521072551626e-01	8.479664069399516e-02	705
9.850902812950434e-01	1.475949677472564e-02	706
9.589907755724006e-01	2.539081431413530e-02	707
8.938941980409051e-01	4.393458447569535e-02	708
8.838924781280931e-01	4.634467481259202e-02	709
3.188976208530098e-01	1.173555583576401e-01	710
2.889189341991393e-01	1.164912323721239e-01	711
2.315916954174156e-01	1.124517758294817e-01	712
9.898740251596926e-02	8.585848115304075e-02	713
6.638181429587736e-01	-9.007395657520514e-02	714
6.788401202992784e-01	-8.814586227850083e-02	715
2.056844166780569e-01	-1.002195612387488e-01	716
6.585159490480679e-03	3.500655304625749e-02	717
1.422660973981821e-01	9.772605334660217e-02	718
9.760571309718630e-01	1.894912210999295e-02	719
9.987906915357770e-01	5.022707833727986e-03	720
-3.372307703063258e-04	2.625443262831385e-02	721
-5.275736267709835e-03	1.747176393388070e-02	722
-3.196979591773416e-03	-2.319612800280492e-02	723
-7.675920623751169e-03	-3.486514352411081e-03	724
2.691544545547969e-02	-5.329973025937477e-02	725
1.000199777357050e+00	-5.415871997035079e-04	726
1.000046551837558e+00	-1.035266453445123e-03	727
9.712844235409973e-01	-2.212038858208440e-02	728
9.889923754002582e-01	-1.307951887420529e-02	729
5.877853981671496e-01	9.823283303692537e-02	730
4.430781053093627e-01	-1.065992585374004e-01	731
4.123103883018956e-01	1.154148238661306e-01	732
8.405090890557774e-01	-6.007797767603894e-02	733
8.520355917153135e-01	-5.750870262152964e-02	734
8.844186675111524e-01	-4.974768720096685e-02	735
8.944427607854589e-01	-4.715538017715178e-02	736
6.318735398778141e-02	-7.110848851428174e-02	737
7.180772602071821e-02	-7.426891359850021e-02	738
9.040640503860917e-01	-4.457722626414733e-02	739
9.132934336379241e-01	-4.200469197918313e-02	740
9.529289344536697e-01	-2.940008684043990e-02	741
9.595161450855210e-01	-2.694339275908309e-02	742
9.853508177017459e-01	-1.520179080212038e-02	743
7.645713945543218e-01	-7.500014216280465e-02	744
7.779729054519356e-01	-7.259759677037966e-02	745
9.971229641179510e-01	-7.058632965100442e-03	746
4.749962770212129e-01	-1.054629811640035e-01	747
4.909706935901115e-01	-1.047353806811540e-01	748
4.113984955666463e-01	-1.073193104992386e-01	749
4.272096013447815e-01	-1.070110941077282e-01	750
3.317709658205886e-02	-5.714789018632956e-02	751
9.384096619240871e-01	-3.437169052062603e-02	752
9.458861056132493e-01	-3.187442460046804e-02	753
1.322886591182778e-01	-8.982047111198176e-02	754
1.436802534118498e-01	-9.189862601722334e-02	755
5.548031687184897e-01	-1.008691886458233e-01	756
5.707008258212610e-01	-9.964189942866662e-02	757
9.764391319755469e-01	-1.978014381988049e-02	758
9.811351465566113e-01	-1.748551116928331e-02	759
7.369241945498659e-01	-7.964549183130261e-02	760
7.508713005683424e-01	-7.735804149982815e-02	761
1.002389578785955e-01	-8.282947608480280e-02	762
1.105673598446667e-01	-8.536301427630441e-02	763
1.212794236907109e-01	-8.761749318276599e-02	764
5.865024204200932e-01	-9.829666164731861e-02	765
6.022112917096381e-01	-9.684266031139883e-02	766
3.995043929051849e-02	-6.090496138501213e-02	767
4.725210711179907e-02	-6.452486331949486e-02	768
5.506084143104064e-02	-6.784895569081627e-02	769
3.491302100153313e-01	-1.074604817955743e-01	770
3.645340104924493e-01	-1.075858846661306e-01	771
3.800435372547842e-01	-1.075961639507488e-01	772
1.675236789196859e-01	-9.565797514929797e-02	773
1.799506338820033e-01	-9.731964563738799e-02	774
1.926745684140189e-01	-9.883609908899814e-02	775
2.189676852708319e-01	-1.014824346795372e-01	776
2.325222874048164e-01	-1.026241070358414e-01	777
3.039398340528888e-01	-1.064426820697816e-01	778
3.188535559403400e-01	-1.068831122384613e-01	779
2.463734374310308e-01	-1.036381273066058e-01	780
3.940850827357871e-02	6.017094403962797e-02	781
4.922904012070763e-01	1.092923999084901e-01	782
4.762583874091897e-01	1.107882206067195e-01	783
9.708469437290017e-01	2.105895663518307e-02	784
4.602116973973291e-01	1.121589575984431e-01	785
4.441919403598021e-01	1.133875866691547e-01	786
4.282294959518403e-01	1.144764217236126e-01	787
3.964557096046664e-01	1.161806407384543e-01	788
9.215049203413760e-01	3.679384294519727e-02	789
5.429048954095833e-02	6.794629444982137e-02	790
4.659232232344409e-02	6.417617301044304e-02	791
2.598451132837732e-01	1.148476122929304e-01	792
2.455905362822104e-01	1.137908502211883e-01	793
1.308913512106475e-01	9.494640570535659e-02	794
1.199162486095560e-01	9.204091021784258e-02	795
1.092495896469079e-01	8.908242454418140e-02	796
7.371626983801376e-01	7.530887101093463e-02	797
9.127129925173875e-01	3.915942873956140e-02	798
9.034973347537649e-01	4.154230246228222e-02	799
8.734878882047642e-01	4.875545681436896e-02	800
8.627302901619830e-01	5.116699014852323e-02	801
8.516019622241070e-01	5.359498522447248e-02	802
8.283239463918852e-01	5.842789178292323e-02	803
8.161785199940572e-01	6.085922378361450e-02	804
8.036981462718765e-01	6.328317227863371e-02	805
7.779069695181141e-01	6.808848154142896e-02	806
7.646000762099847e-01	7.050210346673277e-02	807
7.510018885146515e-01	7.291603967063208e-02	808
7.231020097368076e-01	7.769534606449933e-02	809
7.087972903957893e-01	8.008276453068264e-02	810
6.942684122868813e-01	8.244967895084304e-02	811
6.495626668255404e-01	8.942386756439949e-02	812
5.561737126325842e-01	1.022724379467626e-01	813
5.402778760778900e-01	1.041229880479698e-01	814
6.343246761018640e-01	9.168414935798658e-02	815
6.189506466646897e-01	9.391141793677875e-02	816
6.034307763169585e-01	9.609973365106902e-02	817
2.179055971261467e-01	1.109077406932748e-01	818
2.045088673483420e-01	1.091709594295035e-01	819
1.914054903178083e-01	1.072497216348900e-01	820
1.786104141028804e-01	1.051410128160822e-01	821
1.661359040442305e-01	1.028429924006501e-01	822
3.274914086751345e-02	5.609697938504500e-02	823
2.659301217268104e-02	5.199919309039245e-02	824
8.039250374395597e-01	-6.769424271641893e-02	825
8.164694843411582e-01	-6.517580491168130e-02	826
8.286692783302392e-01	-6.262678757303711e-02	827
5.069636117972248e-01	-1.039061402078589e-01	828
5.229454566249035e-01	-1.029721926962049e-01	829
2.079802729864010e-02	4.790670806808466e-02	830
1.555222096944186e-02	4.359737115956131e-02	831
8.916916023820684e-02	8.249436930446880e-02	832
7.978100069161850e-02	7.900854072107781e-02	833
7.082463441910068e-02	7.540907147530752e-02	834
3.038154402535182e-01	1.170299050622900e-01	835
3.807014199606559e-01	1.167760141214398e-01	836
3.650497468829675e-01	1.172059833704239e-01	837
3.494946243222820e-01	1.174464833391504e-01	838
9.453109798602866e-01	2.984942218987700e-02	839
9.378225338877881e-01	3.212822433961859e-02	840
9.298816817619997e-01	3.444953324478801e-02	841
6.178103955790820e-01	-9.528849395909747e-02	842
6.332774517584968e-01	-9.364279143481249e-02	843
6.486197322837698e-01	-9.190722562811281e-02	844
2.604688694357543e-01	-1.044533770847015e-01	845
2.747255049910958e-01	-1.052105364210480e-01	846
-1.163620719377012e-02	-1.255539772309463e-02	847
9.182412708432088e-02	-9.328351191612214e-02	848
9.994078875296490e-01	7.322306854427346e-03	849
9.853825838563217e-01	2.064022715449348e-02	850
5.483477907091979e-01	-1.213495889608854e-01	851
-1.174132710254061e-02	5.325498461892560e-03	852
9.995277632296180e-01	-3.897150246527201e-03	853
9.294219302832436e-01	-4.849542565107390e-02	854
9.375447308054321e-01	-4.538019594852101e-02	855
2.569311399299315e-02	-6.206267549721386e-02	856
9.953910760241044e-01	1.259611149895975e-02	857
5.020001123195645e-01	1.285505886385658e-01	858
-1.030628918843970e-02	-1.788051250235959e-02	859
4.295318865122241e-03	4.168315294749120e-02	860
-3.076163909866828e-03	-3.314262922683066e-02	861
9.647753831207554e-01	3.180121023613241e-02	862
9.976623452161149e-01	1.005999492322252e-02	863
-1.016958679685114e-02	1.684149213401612e-02	864
6.598052145877974e-01	1.074483980445106e-01	865
-8.314969189796722e-03	2.178067299452740e-02	866
1.000495092826682e+00	3.586292685169791e-04	867
1.000498179633741e+00	-3.538339928192208e-04	868
8.005872484150908e-01	-8.503081827070420e-02	869
1.590627918621730e-01	-1.095558182410412e-01	870
1.386288212698888e-02	-5.288391125535012e-02	871
4.039060377198700e-01	-1.271558054905313e-01	872
8.198401665055581e-02	-8.990732788585723e-02	873
4.518544767397992e-01	-1.263269800421415e-01	874
2.958736497346908e-01	-1.245417395759615e-01	875
9.892186217662670e-01	1.793722637230006e-02	876
5.662812939333263e-01	1.212791544469882e-01	877
9.584391672341005e-01	3.462417059332230e-02	878
9.516394224069117e-01	3.746175045361747e-02	879
7.874162507246524e-01	8.344569932705351e-02	880
1.450520462234777e-01	1.131242940981244e-01	881
2.658628657120941e-01	1.328773610424519e-01	882
9.928376966930582e-01	-1.543507601537379e-02	883
5.405467911378756e-02	7.917026988956868e-02	884
8.718110633759379e-01	-6.711941885015008e-02	885
9.994904334478202e-01	3.881710299927337e-03	886
9.925960062364453e-01	1.521001345919108e-02	887
9.994926562389038e-01	-7.357597738657753e-03	888
9.765628218247603e-01	-2.706435684762178e-02	889
8.870684519118264e-03	-4.798143018435574e-02	890
7.036555301210550e-01	-1.034533122878076e-01	891
-6.049034237507267e-03	-2.807344647500973e-02	892
7.182844246596645e-01	-1.010548152713416e-01	893
7.326487786559596e-01	-9.855721558617150e-02	894
4.358961996066986e-03	-4.323157561145332e-02	895
9.955720232732153e-01	-1.273538178670591e-02	896
3.392589307213399e-04	-3.808190585400359e-02	897
8.372617691541878e-01	7.218417804503589e-02	898
5.181594793326589e-01	1.268719701732176e-01	899
3.108082992857298e-01	1.356098197638058e-01	900
-1.152106175941680e-02	1.169465622086241e-02	901
3.569754128101411e-04	3.655809995302232e-02	902
6.748764223738472e-01	1.049047935593359e-01	903
8.919182785857732e-01	5.772607076272303e-02	904
3.261632280037474e-01	1.360771461579572e-01	905
2.955825780900644e-01	1.349143179625499e-01	906
2.805922926275983e-01	1.339938188407600e-01	907
6.738046941838890e-01	-1.079514174450791e-01	908
6.888196769505525e-01	-1.057578136696913e-01	909
9.809282906767168e-01	2.345007233986877e-02	910
-3.003118513986412e-03	3.168852679874754e-02	911
-5.935774204499309e-03	2.673157766867221e-02	912
-8.449191489083041e-03	-2.298042628105048e-02	913
-1.176269668742909e-02	-5.974998491073394e-03	914
1.961413838347695e-02	-5.773217904443929e-02	915
9.712487105840901e-01	-3.006135096103926e-02	916
9.895305426446244e-01	-1.827817216262245e-02	917
5.822136158429929e-01	1.191843546695326e-01	918
8.494701492142795e-01	-7.322433350970713e-02	919
8.608416144981264e-01	-7.017811742133059e-02	920
8.824244927323239e-01	-6.405111378194296e-02	921
8.926608126603377e-01	-6.094832204051052e-02	922
6.361230612994299e-02	-8.265983409719878e-02	923
7.257963989331012e-02	-8.636845357107725e-02	924
9.024646218300707e-01	-5.784123320274296e-02	925
9.118729169036134e-01	-5.473076486282979e-02	926
9.208659024996417e-01	-5.161031407065726e-02	927
9.591510862551290e-01	-3.614637712451668e-02	928
9.654370665910834e-01	-3.309389650977352e-02	929
7.742753943679024e-01	-9.062336398444419e-02	930
7.875703748455166e-01	-8.785881136753766e-02	931
9.977910676380436e-01	-1.013870739874974e-02	932
4.679611195845091e-01	-1.257984091020257e-01	933
4.840713631052561e-01	-1.251341624792004e-01	934
4.198374197209346e-01	-1.270103875274765e-01	935
4.358165970183749e-01	-1.267273493308369e-01	936
9.451941267800069e-01	-4.228425544603699e-02	937
9.523913254371854e-01	-3.921362133302574e-02	938
1.352430767734781e-01	-1.046907421146503e-01	939
1.469659251634767e-01	-1.071952780529607e-01	940
5.644271651466870e-01	-1.201717404962465e-01	941
9.813901116137356e-01	-2.410867008680343e-02	942
9.857673310780793e-01	-2.112322884708806e-02	943
7.467704429786479e-01	-9.600052017496290e-02	944
7.606703407241270e-01	-9.335169217079778e-02	945
1.021210670192372e-01	-9.648361282444042e-02	946
1.129589847480286e-01	-9.944047795054829e-02	947
1.238902472382776e-01	-1.020442034655450e-01	948
5.804264785876510e-01	-1.187902780850510e-01	949
5.962978791159045e-01	-1.172792370172508e-01	950
3.222716781131211e-02	-6.653006089146647e-02	951
3.934439309649432e-02	-7.090812832930879e-02	952
4.714899156992190e-02	-7.511797774689319e-02	953
5.515605586801890e-02	-7.883002130106739e-02	954
3.412739143694976e-01	-1.264287228733671e-01	955
3.567563041414354e-01	-1.268120935530047e-01	956
3.723757834848078e-01	-1.270491733958430e-01	957
3.880798844543952e-01	-1.271617008643673e-01	958
1.715195715271499e-01	-1.117534403161195e-01	959
1.842812285907348e-01	-1.137798306258918e-01	960
1.973235452364695e-01	-1.156417679547404e-01	961
2.106320021133922e-01	-1.173598876590749e-01	962
2.242169163730307e-01	-1.189419024578878e-01	963
3.259986024694967e-01	-1.259225592990213e-01	964
3.108679831642764e-01	-1.253028226684437e-01	965
2.380990391968658e-01	-1.203786776403251e-01	966
4.858037087372067e-01	1.300786613433850e-01	967
9.760282711427661e-01	2.620991878566589e-02	968
9.706467186306695e-01	2.899366048164768e-02	969
4.696092042455294e-01	1.314626588198041e-01	970
4.534062867184535e-01	1.326929131264556e-01	971
4.372522086467798e-01	1.337638030938273e-01	972
4.211360930520163e-01	1.346759175034158e-01	973
4.050487985939321e-01	1.354020071006356e-01	974
4.618245185783110e-02	7.502374098314689e-02	975
3.853394363298599e-02	7.041133946498791e-02	976
2.513744605750319e-01	1.316518218856705e-01	977
2.369220052557539e-01	1.301283608898737e-01	978
1.333445542867598e-01	1.099414452351286e-01	979
1.220324249311384e-01	1.066133020168015e-01	980
1.111564840229852e-01	1.033377549200640e-01	981
1.004001705176168e-01	9.969701307052595e-02	982
9.200602968130931e-01	4.898192714855635e-02	983
9.110803144601005e-01	5.189730839159293e-02	984
9.016935340358720e-01	5.480965356109595e-02	985
8.817174459379816e-01	6.064618156067603e-02	986
8.711444857880644e-01	6.354126826998290e-02	987
8.602195328144976e-01	6.643665917345215e-02	988
8.489005201094754e-01	6.932409569398067e-02	989
8.253032053067310e-01	7.502957195393624e-02	990
8.129678082618287e-01	7.787700307288575e-02	991
8.003174530545222e-01	8.068929581528426e-02	992
7.742486918266499e-01	8.622298698299817e-02	993
7.607836370357551e-01	8.897169155859930e-02	994
7.470225481423455e-01	9.172047697927288e-02	995
7.330587116161625e-01	9.439658371231234e-02	996
7.188477028652943e-01	9.709002877590676e-02	997
7.043938328659269e-01	9.972662905871786e-02	998
6.897167040676652e-01	1.023487953593135e-01	999
5.342845471687275e-01	1.250600559694155e-01	1000
5.502232619179449e-01	1.232104222765389e-01	1001
6.445931090245349e-01	1.099028290521813e-01	1002
6.292093944979864e-01	1.123302840343468e-01	1003
6.137102198674159e-01	1.146803711378643e-01	1004
5.980145596281151e-01	1.169889763948530e-01	1005
2.228483643954287e-01	1.283241349724079e-01	1006
2.090960172451404e-01	1.263005757745213e-01	1007
1.956468740285020e-01	1.240730494643916e-01	1008
1.824947767623598e-01	1.216420452570193e-01	1009
1.696570901865530e-01	1.190001092851467e-01	1010
1.571590519462041e-01	1.161526945794970e-01	1011
3.156821165443267e-02	6.570430985662681e-02	1012
2.517437244138254e-02	6.097419422576569e-02	1013
8.133316062964652e-01	-8.214308455320027e-02	1014
8.257438253896023e-01	-7.918903323219506e-02	1015
8.377692408809487e-01	-7.621604131847834e-02	1016
5.001753860271663e-01	-1.243507432883447e-01	1017
5.162933394061859e-01	-1.234466384420248e-01	1018
5.323551494668329e-01	-1.224288440504889e-01	1019
1.921961031735247e-02	5.644448822221666e-02	1020
1.360083698043097e-02	5.144680389072806e-02	1021
8.718275810510528e-03	4.645970359902517e-02	1022
9.020705543543027e-02	9.584913124133344e-02	1023
8.048270557599435e-02	9.185828739017235e-02	1024
7.120368882559734e-02	8.773929526750750e-02	1025
6.237113744594656e-02	8.348980206418513e-02	1026
3.890497059585616e-01	1.359282319765009e-01	1027
3.731593244764855e-01	1.362704472772180e-01	1028
3.573426942926611e-01	1.364199140729307e-01	1029
3.416526499408417e-01	1.363485908325706e-01	1030
9.286133703076097e-01	4.607860942405519e-02	1031
9.444123964556678e-01	4.030651607169750e-02	1032
9.367437657707267e-01	4.318071445023482e-02	1033
6.120732093297325e-01	-1.156337219274017e-01	1034
6.277021885382098e-01	-1.138855239486614e-01	1035
6.432105733280294e-01	-1.120190401661731e-01	1036
6.585836854978301e-01	-1.100525437416651e-01	1037
2.523374664513587e-01	-1.216143371871686e-01	1038
2.666083143136125e-01	-1.226412003233598e-01	1039
2.811136201388694e-01	-1.236453862676253e-01	1040
1.464852622917659e-03	-5.044936881526937e-02	1041
9.997055177421597e-01	9.434889483184100e-03	1042
9.775826011360279e-01	-3.520730258470429e-02	1043
1.000459283229210e+00	7.959583719597635e-04	1044
-2.787327448343205e-03	-4.463897755488767e-02	1045
7.361263228575965e-01	-1.183200607749373e-01	1046
9.258415352453921e-02	-1.081461862002762e-01	1047
-6.374259561003343e-03	-3.908443823683058e-02	1048
9.864693643689024e-01	2.721368967046964e-02	1049
-1.191820017176804e-02	-2.778074702176517e-02	1050
1.750003295565064e-02	-6.694528356913006e-02	1051
1.621689065376895e-01	-1.272650264097007e-01	1052
1.351334523557971e-01	1.268015086708071e-01	1053
-2.866625846245444e-03	4.317974404319699e-02	1054
-1.182100837781431e-02	2.653270120695943e-02	1055
-1.589976596242654e-02	8.632484970097876e-03	1056
-8.071779633698194e-03	5.919462634214633e-04	1057
-8.060171419085584e-03	-1.052148922496822e-03	1058
-1.164225783676113e-02	9.732512543663978e-04	1059
-1.389273057248991e-02	-2.214260977122635e-02	1060
9.998260584453780e-01	-9.478158664117652e-03	1061
3.176827742923623e-01	1.565463524863247e-01	1062
9.825178813985556e-01	-3.148525654782387e-02	1063
9.968919002026299e-01	-1.684374739876119e-02	1064
9.454700680643940e-01	-5.401058792421577e-02	1065
8.044582529810541e-01	-1.028382203472183e-01	1066
4.122176549292415e-01	-1.491389665745592e-01	1067
9.987913552711638e-01	1.334201652210858e-02	1068
9.282883682530449e-01	5.917989616593880e-02	1069
9.518565879750109e-01	4.856049620365418e-02	1070
5.524442663221566e-01	1.454852506577981e-01	1071
5.201255953213141e-01	1.492313169222531e-01	1072
6.629735743330158e-01	1.287910328787600e-01	1073
7.779498573382414e-01	1.050111752030429e-01	1074
4.955997306805106e-01	1.517199895211472e-01	1075
5.501400701577905e-01	-1.435788193682729e-01	1076
3.333277434872978e-01	1.571497454018866e-01	1077
9.966321076970784e-01	1.669717211175535e-02	1078
8.232831610609841e-02	-1.041611642686204e-01	1079
1.000323637135595e+00	1.846057036327535e-03	1080
9.904282510350173e-01	2.366327430419093e-02	1081
-1.162215469455651e-02	-1.534871275899196e-03	1082
1.000466278139623e+00	-7.917836627508848e-04	1083
1.000340608160259e+00	-1.845180595836427e-03	1084
9.376315255156318e-01	-5.778684825204658e-02	1085
2.362600139775019e-02	-7.184621751558670e-02	1086
-1.535512101472650e-02	-1.639487707389089e-02	1087
1.278951127238790e-03	4.899600662306646e-02	1088
-9.373381663542620e-03	-3.346519738264343e-02	1089
9.653292365410082e-01	4.147036306105830e-02	1090
-1.377655049545125e-02	2.101926687916290e-02	1091
1.000770810983417e+00	1.531654038264114e-04	1092
1.000772196165919e+00	-1.457484828625552e-04	1093
6.033297964292408e-03	-5.576228027173075e-02	1094
3.176050748852460e-01	-1.464741162428415e-01	1095
3.023321446978925e-01	-1.454850297465869e-01	1096
9.938122484623882e-01	2.012652761094414e-02	1097
5.767411145924004e-01	1.425101875225275e-01	1098
9.588193988575330e-01	4.502284659877721e-02	1099
9.941512478607754e-01	-2.036333527974981e-02	1100
7.069166160509847e-01	-1.238519147641566e-01	1101
-1.524205157066166e-02	1.541113923377429e-02	1102
3.021019740412724e-01	1.556599327797620e-01	1103
2.867253390271769e-01	1.545578940013799e-01	1104
2.716191708537837e-01	1.531891113036939e-01	1105
6.768176619897507e-01	-1.289056147702095e-01	1106
-6.376079616549780e-03	3.766029280454492e-02	1107
-9.316600853790168e-03	3.211234401493318e-02	1108
-1.595211695832072e-02	-9.434812133378148e-03	1109
1.137611765462868e-02	-6.151949024826966e-02	1110
8.593271775026229e-01	-8.734466706949603e-02	1111
8.705204009411839e-01	-8.375247495506546e-02	1112
8.813158579215211e-01	-8.014889219030499e-02	1113
8.917707313323286e-01	-7.648088079474752e-02	1114
7.255986461491858e-02	-1.000014571938842e-01	1115
6.323935381795213e-02	-9.565881803116058e-02	1116
9.018004509012282e-01	-7.278169580290361e-02	1117
9.113885923297064e-01	-6.906468489717837e-02	1118
9.205810369727386e-01	-6.531939750047798e-02	1119
9.293272767856817e-01	-6.156123241056758e-02	1120
9.661736207208371e-01	-4.272632919692230e-02	1121
9.721299167709140e-01	-3.896118457286830e-02	1122
7.779964218111065e-01	-1.092745524619061e-01	1123
9.989802911513201e-01	-1.342343880586344e-02	1124
4.608177438615980e-01	-1.483712520659245e-01	1125
4.771218825628913e-01	-1.478011801685202e-01	1126
4.283794421821990e-01	-1.490316970769479e-01	1127
4.445493765707568e-01	-1.487633806909580e-01	1128
9.528174239799609e-01	-5.025724000500949e-02	1129
9.597269569973899e-01	-4.649704518921473e-02	1130
1.375606882689050e-01	-1.214586913451903e-01	1131
1.496540647552256e-01	-1.244516349489559e-01	1132
9.869856026118459e-01	-2.770811812836844e-02	1133
9.908546428912710e-01	-2.401591750955990e-02	1134
7.573925919952729e-01	-1.139175088154252e-01	1135
1.034723906605402e-01	-1.119251965422498e-01	1136
1.147309461562530e-01	-1.151848515940107e-01	1137
1.258451216969353e-01	-1.183119256014953e-01	1138
5.825853030688480e-01	-1.408668280907970e-01	1139
3.046044509348854e-02	-7.705647468733474e-02	1140
3.807248282326209e-02	-8.220662773041268e-02	1141
4.634038924843124e-02	-8.689497256964351e-02	1142
5.442968235600380e-02	-9.116761930255740e-02	1143
3.329846618999224e-01	-1.472772046152736e-01	1144
3.485565599634854e-01	-1.479784062172710e-01	1145
3.643244801590110e-01	-1.484902508717040e-01	1146
3.801815612462269e-01	-1.488661452456960e-01	1147
3.961283297949671e-01	-1.490777635285733e-01	1148
1.749875136049145e-01	-1.298987625572466e-01	1149
1.881266163581188e-01	-1.323215970618340e-01	1150
2.014872145349019e-01	-1.345829535082413e-01	1151
2.151432970816202e-01	-1.366638811829315e-01	1152
2.290814492690017e-01	-1.386107861988284e-01	1153
9.819107353231288e-01	3.082310653502309e-02	1154
9.768900806269422e-01	3.436141119258051e-02	1155
9.713576263758390e-01	3.791586156149424e-02	1156
4.792226766478301e-01	1.530977706481181e-01	1157
4.628496607706187e-01	1.543478541011845e-01	1158
4.464416463817639e-01	1.554111829237511e-01	1159
4.301228980970778e-01	1.563150183671690e-01	1160
4.137554588125099e-01	1.570023892458264e-01	1161
4.503274449314085e-02	8.700876531645255e-02	1162
3.695090284973108e-02	8.191114274140421e-02	1163
2.568986129244206e-01	1.517078767906323e-01	1164
2.420657536032188e-01	1.500506609852940e-01	1165
1.234616333879087e-01	1.229820131915795e-01	1166
1.124171408601991e-01	1.192159256567810e-01	1167
1.012477563549116e-01	1.152757799458513e-01	1168
9.195461494770329e-01	6.270737345871398e-02	1169
9.103800458075199e-01	6.624806202153870e-02	1170
9.008192999404663e-01	6.974923768432081e-02	1171
8.908388995905555e-01	7.326741527109713e-02	1172
8.804316298413790e-01	7.674354686066585e-02	1173
8.696955369659759e-01	8.019843706722248e-02	1174
8.585482520399612e-01	8.363499942992302e-02	1175
8.411405243380781e-01	8.871260745805748e-02	1176
8.230627646686728e-01	9.373334549820367e-02	1177
8.040745181796493e-01	9.863340483196793e-02	1178
7.506351619468321e-01	1.112740455007302e-01	1179
7.223373831228294e-01	1.173291961686961e-01	1180
6.930652016485612e-01	1.231863513341528e-01	1181
6.321803566401526e-01	1.340913003651752e-01	1182
6.007579091541542e-01	1.390962939168811e-01	1183
2.274397833035336e-01	1.479914992366145e-01	1184
2.132563958430290e-01	1.456221024619195e-01	1185
1.994097262933186e-01	1.430621754163216e-01	1186
1.858756112625384e-01	1.402363455117201e-01	1187
1.726350471518416e-01	1.372048799317302e-01	1188
1.597375156631883e-01	1.339262314105122e-01	1189
1.472239858818789e-01	1.304468666483914e-01	1190
2.953385354881114e-02	7.641543439918702e-02	1191
2.287668460570629e-02	7.093276671975865e-02	1192
8.235973670477335e-01	-9.779694329475613e-02	1193
8.358527041690923e-01	-9.435280094407239e-02	1194
8.477332972625504e-01	-9.088685283922619e-02	1195
4.934173939504419e-01	-1.470672040445292e-01	1196
5.178207490354794e-01	-1.457071360102017e-01	1197
1.689674367804912e-02	6.582622108350902e-02	1198
1.093386992854269e-02	6.023120874877514e-02	1199
5.738830436515989e-03	5.436334706076154e-02	1200
9.049812184146930e-02	1.108526140975438e-01	1201
8.038498436851133e-02	1.062727546241662e-01	1202
7.076573981184410e-02	1.015511917148476e-01	1203
6.160376241071085e-02	9.667833804736056e-02	1204
5.296318199073544e-02	9.170018906714728e-02	1205
3.974761138621623e-01	1.574904300648467e-01	1206
3.812764450347829e-01	1.577268561470331e-01	1207
3.651883544882992e-01	1.577729937428851e-01	1208
3.491641095927225e-01	1.575805170923129e-01	1209
9.444656333295243e-01	5.208685096241362e-02	1210
9.366013010029359e-01	5.563137216289503e-02	1211
6.145485141464548e-01	-1.374251111321640e-01	1212
6.459578191305567e-01	-1.334361555930435e-01	1213
2.434520204710720e-01	-1.403403829637462e-01	1214
2.579893080534093e-01	-1.417398843334880e-01	1215
2.724416723875734e-01	-1.430699674038009e-01	1216
2.872429960274791e-01	-1.443601311073077e-01	1217
9.998356916499275e-01	-2.547900548366189e-03	1218
9.998130222418293e-01	2.541642650064705e-03	1219
-1.030966335642448e-02	-4.555236884849805e-02	1220
-1.561656834154200e-02	3.618996948868186e-03	1221
1.000812279921061e+00	-5.472692644829902e-04	1222
9.891363749188533e-01	-3.486100137523011e-02	1223
9.984564122638153e-01	2.104944131858994e-02	1224
-1.954267400887832e-02	1.952453041436141e-02	1225
9.731602068384404e-01	4.778767755432804e-02	1226
1.000979676882046e+00	-8.211980716697397e-03	1227
9.962365826869444e-01	-2.560581609685540e-02	1228
-2.041518301019604e-02	-1.340274883210340e-02	1229
1.431726807187906e-02	-7.700826178582440e-02	1230
-6.658386274376561e-03	-5.188991497761935e-02	1231
3.323772716380341e-01	1.796777480387143e-01	1232
1.000807100912037e+00	5.548722939622685e-04	1233
-1.041483106468713e-02	4.415445785681273e-02	1234
-1.802953726665564e-02	2.564085044603016e-02	1235
-2.326634056198098e-03	-5.826146722210640e-02	1236
9.846569322157556e-01	-3.954459900068324e-02	1237
5.359584121035628e-01	-1.694743207623886e-01	1238
9.957974991054548e-01	2.537941482847829e-02	1239
3.163302838942569e-01	-1.690203794148996e-01	1240
9.544206600875647e-01	-6.253685169259250e-02	1241
9.428985738347292e-01	-6.935879656504514e-02	1242
6.335406322133115e-01	-1.594975910696197e-01	1243
9.254849458544558e-02	-1.249175441548792e-01	1244
1.711190828717917e-01	-1.487689562688734e-01	1245
-1.810011467619563e-02	-2.683208970626601e-02	1246
4.288355292104403e-01	-1.726732922682098e-01	1247
7.154127353942547e-02	-1.152840462444352e-01	1248
8.171289801390923e-02	-1.201812608899185e-01	1249
1.183385154578443e-01	1.391157237443695e-01	1250
9.884868610247474e-01	3.438393746612898e-02	1251
9.333624692161058e-01	7.167395156906216e-02	1252
-2.035365044375752e-02	1.245999072246418e-02	1253
-6.866429602409812e-03	5.048510793692460e-02	1254
9.796574004870056e-01	-4.415564565101416e-02	1255
1.000418701963188e+00	1.214136431812056e-03	1256
9.924964201316787e-01	2.990343370659284e-02	1257
-1.038646721487953e-02	-2.634746714553831e-04	1258
-1.962873666292157e-02	-2.060807095091759e-02	1259
9.987977164448567e-01	-2.118732221380777e-02	1260
7.512563430303631e-01	-1.377461498046308e-01	1261
5.097319854230965e-01	1.753366913861726e-01	1262
4.806814614289457e-01	1.767803082878635e-01	1263
1.000519460932412e+00	1.681477908549480e-02	1264
1.001098364585677e+00	5.301291811884031e-06	1265
1.000876229940284e+00	8.192769135097935e-03	1266
-1.562901253273296e-02	-4.310833128178411e-03	1267
1.000429572424663e+00	-1.210939514971557e-03	1268
2.055285130049395e-02	-8.270407212056921e-02	1269
-1.601229661374052e-02	-3.306036767400359e-02	1270
-1.341659298113093e-02	-3.924552889662718e-02	1271
5.670334696487777e-01	1.689329762389727e-01	1272
8.151387678179151e-03	-7.116839291218478e-02	1273
9.669978058500316e-01	5.220182349798447e-02	1274
9.603401894659573e-01	5.658388952095569e-02	1275
5.383908908022939e-01	1.722500742499485e-01	1276
3.005093606390660e-01	1.777720684830548e-01	1277
2.695216340512381e-01	1.745040220551430e-01	1278
7.258116542758964e-01	-1.433796813361824e-01	1279
-1.344165075242800e-02	3.788891679420101e-02	1280
-1.597954384096738e-02	3.177438095334652e-02	1281
2.355752261304569e-03	-6.441066448140882e-02	1282
8.756148049901544e-01	-9.969940637616335e-02	1283
8.969851327259437e-01	-9.132554368191266e-02	1284
6.186690456188875e-02	-1.102020241028940e-01	1285
9.166807449328545e-01	-8.266787463949066e-02	1286
9.303766301932397e-01	-7.611262836590259e-02	1287
9.741068117487420e-01	-4.878221905571307e-02	1288
1.000773454770671e+00	-1.688670500538423e-02	1289
4.617128507009061e-01	-1.721557278160266e-01	1290
9.614548304953950e-01	-5.798747412415283e-02	1291
9.680317333393710e-01	-5.339507504609411e-02	1292
1.453004527262038e-01	-1.421191968487308e-01	1293
9.930404554153737e-01	-3.024259632188673e-02	1294
7.724289218659496e-01	-1.325674635237128e-01	1295
7.961122270479369e-01	-1.262160117380216e-01	1296
1.098514584403506e-01	-1.310597282817725e-01	1297
1.269041644270483e-01	-1.365971566890415e-01	1298
5.687563456995133e-01	-1.669868818564939e-01	1299
2.780348008889410e-02	-8.885186351116223e-02	1300
3.611397684401779e-02	-9.490355075616280e-02	1301
4.440823469854662e-02	-9.991959528396968e-02	1302
5.270647337308893e-02	-1.049538622506605e-01	1303
3.477859757274691e-01	-1.710041488579454e-01	1304
3.798789502155480e-01	-1.722008120249146e-01	1305
4.042361094037964e-01	-1.727258828180264e-01	1306
1.981480958187613e-01	-1.544259523733396e-01	1307
2.263151701838869e-01	-1.594247089182285e-01	1308
9.839026379976221e-01	3.890960091185507e-02	1309
9.788043623062745e-01	4.334808134239224e-02	1310
4.474415156379842e-01	1.790305992324975e-01	1311
4.142100570928245e-01	1.804961517106508e-01	1312
3.463435873670418e-02	9.476302114342788e-02	1313
2.393665053861447e-01	1.710173232897986e-01	1314
1.015051898583775e-01	1.327208767860200e-01	1315
8.185101252777985e-01	1.157159172568021e-01	1316
9.154504575517801e-01	8.000834511160934e-02	1317
8.958584092606503e-01	8.824945731450062e-02	1318
8.746435269451962e-01	9.628143468657287e-02	1319
8.550039017801762e-01	1.039837625622678e-01	1320
8.372043663297398e-01	1.098977536114689e-01	1321
7.958139046892111e-01	1.222643169830919e-01	1322
7.689339141189643e-01	1.295343646654422e-01	1323
7.409018920884719e-01	1.365389101859527e-01	1324
7.118692783504857e-01	1.432409143120879e-01	1325
6.818980697097813e-01	1.496069820223567e-01	1326
6.511275811596474e-01	1.555820041460356e-01	1327
6.197014377523946e-01	1.611453574359820e-01	1328
5.916810718066402e-01	1.656005210591207e-01	1329
2.097696282548325e-01	1.656313656935651e-01	1330
1.817555101740147e-01	1.593339738420583e-01	1331
1.615637820970972e-01	1.538707189977504e-01	1332
1.486272305664494e-01	1.498736995656029e-01	1333
1.361241855235896e-01	1.456973831773605e-01	1334
2.657643654176056e-02	8.834883615171665e-02	1335
1.954597513407328e-02	8.192000398674382e-02	1336
8.190711980912206e-01	-1.196097413458153e-01	1337
8.407473312905788e-01	-1.118514833479608e-01	1338
8.586432270456577e-01	-1.059318926919785e-01	1339
4.865273056334548e-01	-1.712453828096853e-01	1340
5.072857491589370e-01	-1.713067084873460e-01	1341
1.348473343245157e-02	7.601610343631929e-02	1342
7.491847007105989e-03	7.000355583951337e-02	1343
1.885482258508268e-03	6.311213520526458e-02	1344
-2.660256244963571e-03	5.688764162420049e-02	1345
8.999329729137147e-02	1.276822937062718e-01	1346
7.932033897593062e-02	1.223869095930405e-01	1347
6.931556993757304e-02	1.169568202656820e-01	1348
5.981513938238708e-02	1.113634534146152e-01	1349
5.083458833805839e-02	1.056254203404702e-01	1350
4.273143816926765e-02	1.001784188953998e-01	1351
3.811354707963804e-01	1.809305880223250e-01	1352
3.565732578534589e-01	1.806906249669819e-01	1353
9.532385486461296e-01	6.092370584041916e-02	1354
9.456670864593467e-01	6.523545461825458e-02	1355
6.014844746748400e-01	-1.636132761282124e-01	1356
6.650243149007500e-01	-1.547488414819052e-01	1357
6.958455059822066e-01	-1.493605539904914e-01	1358
2.558477664599315e-01	-1.631003084274119e-01	1359
2.854947812095362e-01	-1.663633164052815e-01	1360
1.001467301260841e+00	1.418062576337987e-02	1361
1.000471845524668e+00	-2.472435165634442e-03	1362
1.000241573709550e+00	-3.351136917319512e-03	1363
1.000767249312521e+00	6.704033707777893e-03	1364
3.707221050654935e-02	-1.116073121068037e-01	1365
1.001780675059794e+00	2.004395620395377e-02	1366
1.001097629296188e+00	3.555045417523834e-04	1367
1.001483610708482e+00	-9.832807164455759e-03	1368
-1.821586690880923e-02	-4.552272715811003e-02	1369
-7.181513061545567e-03	-6.672480629890992e-02	1370
1.000847533846036e+00	-6.717494057805713e-03	1371
1.001674311197158e+00	-1.422126390953182e-02	1372
-1.834678413324294e-02	4.416082961094730e-02	1373
-2.544243420790882e-02	1.660621842017781e-02	1374
-2.548393928166338e-02	-1.766481556773198e-02	1375
9.870473171568858e-01	4.762058961475397e-02	1376
7.676320056787593e-01	-1.587376353991858e-01	1377
3.429252246271511e-01	2.061716668239584e-01	1378
1.001352495068091e+00	9.813094199333730e-03	1379
9.302887184149822e-01	-9.361347766649408e-02	1380
3.847815026238776e-03	-8.172317946572111e-02	1381
3.511545296894508e-02	1.117703625417491e-01	1382
-1.538885534575401e-02	5.115470065612758e-02	1383
-1.515705143333338e-02	-5.253371071323003e-02	1384
4.168058532389358e-01	-2.001196250808294e-01	1385
9.644903439238901e-01	-7.047533392968734e-02	1386
6.535051709004956e-01	-1.836690086892579e-01	1387
5.548026596009709e-01	-1.958923649892639e-01	1388
9.923250164044658e-01	-4.245668213301121e-02	1389
9.960617695700654e-01	-3.680733495310404e-02	1390
9.841769192102143e-03	-8.796441295577978e-02	1391
1.635967477909652e-02	-9.472127724232006e-02	1392
1.000809032312571e+00	9.984780602306292e-04	1393
9.986304440028944e-01	3.089065305678691e-02	1394
1.001168955793782e+00	2.567920852695389e-02	1395
9.762345465181436e-01	5.853752217896060e-02	1396
2.820764728025877e-01	2.006620188605773e-01	1397
5.824500086584301e-01	1.949917510349894e-01	1398
7.159579965489077e-01	-1.715324693639958e-01	1399
5.925073732535779e-02	-1.263634671568849e-01	1400
1.000208170850863e+00	3.345769310219348e-03	1401
1.000447814325702e+00	2.472696991546910e-03	1402
-1.456485750905610e-02	1.427971119339423e-04	1403
9.879467552197522e-01	-4.819979104900075e-02	1404
9.819300545599248e-01	5.307795000972810e-02	1405
1.001101077533185e+00	-3.449639662268895e-04	1406
9.991672663158784e-01	-3.108402505529344e-02	1407
-2.455692631890648e-02	2.400947291648721e-02	1408
-1.146452491206006e-02	-5.975827821669971e-02	1409
5.237213146097033e-01	-1.981528519242852e-01	1410
-2.459397610161111e-02	-2.517696813371616e-02	1411
6.930582003180738e-02	-1.323241432845438e-01	1412
8.000855543130767e-02	-1.381171104823757e-01	1413
9.954008924134445e-01	3.650254600233366e-02	1414
-2.098714870913341e-02	6.186146982014707e-03	1415
9.829416899127031e-01	-5.381750677152212e-02	1416
1.001594062242327e+00	-2.578976502483379e-02	1417
7.439876622397534e-01	-1.649281518625102e-01	1418
-2.101391143551409e-02	-7.027499569528284e-03	1419
1.000818516792314e+00	-9.912738198149648e-04	1420
4.975607144174445e-02	-1.202155528454009e-01	1421
-2.302592600746796e-02	-3.198269467033180e-02	1422
-2.090164258878136e-02	-3.876745873242397e-02	1423
5.262610623324905e-01	2.015298301067656e-01	1424
-2.201673175652314e-03	-7.404172570190137e-02	1425
9.699861819484662e-01	6.394764527257440e-02	1426
5.551565027071472e-01	1.983475712370645e-01	1427
3.144772096320068e-01	2.040833048045056e-01	1428
6.093559934113318e-01	1.908423487334278e-01	1429
-2.095591837540655e-02	3.744934098207922e-02	1430
-2.302387667788801e-02	3.073234216458438e-02	1431
8.930057953920424e-01	-1.127420215748807e-01	1432
9.136583215934015e-01	-1.026332037927332e-01	1433
9.435120493493109e-01	-8.556814794587655e-02	1434
9.553955821946655e-01	-7.743249521945411e-02	1435
1.002097620703205e+00	-2.011015524841514e-02	1436
4.460222401663668e-01	-2.000261996113840e-01	1437
9.712129170890912e-01	-6.503962428484367e-02	1438
9.773549817017416e-01	-5.944929504929303e-02	1439
3.916704194784209e-01	-1.996365867320068e-01	1440
8.371697768234024e-01	-1.360530397007581e-01	1441
8.561303934055111e-01	-1.284606579278907e-01	1442
7.903587483477871e-01	-1.521033079542979e-01	1443
9.475744409295206e-02	-1.448663452506244e-01	1444
1.122121366225282e-01	-1.515536883278811e-01	1445
1.300330439853861e-01	-1.581844208209992e-01	1446
2.425189196666880e-02	-1.020798100388937e-01	1447
3.304732784158912e-01	-1.962510962187022e-01	1448
3.629933791574147e-01	-1.984160685042337e-01	1449
1.525451374688705e-01	-1.656006788762642e-01	1450
1.797015306349337e-01	-1.731834450264216e-01	1451
6.851276227319079e-01	-1.779670218802858e-01	1452
9.915443919478560e-01	4.202449416143563e-02	1453
4.957896126154817e-01	2.037841170834973e-01	1454
4.650938543524386e-01	2.053597824421334e-01	1455
1.035250241141906e-01	1.532231545724180e-01	1456
9.310407889514911e-01	9.008724704355413e-02	1457
9.123208670561366e-01	1.000342781384000e-01	1458
8.342687418501317e-01	1.337982271997372e-01	1459
8.918261495403046e-01	1.097602212759693e-01	1460
8.720044940809221e-01	1.187493939588213e-01	1461
8.526513536291512e-01	1.269354407342988e-01	1462
8.133246915817816e-01	1.410185434663971e-01	1463
7.883422193333876e-01	1.489876135640475e-01	1464
7.605896320086900e-01	1.571799717660323e-01	1465
7.317198243109606e-01	1.649578236631910e-01	1466
7.018318294281052e-01	1.722947903051875e-01	1467
6.710292894392398e-01	1.791452879370370e-01	1468
6.394847540449557e-01	1.854506754362960e-01	1469
2.514917828247504e-01	1.965818634456674e-01	1470
2.202807200531832e-01	1.911506918112594e-01	1471
1.908703140245600e-01	1.841623206605020e-01	1472
1.661706612715189e-01	1.771963437585884e-01	1473
1.429154342274968e-01	1.681201202571012e-01	1474
1.206545237292240e-01	1.604316430673422e-01	1475
2.271604860223521e-02	1.016627761575728e-01	1476
1.507967451216932e-02	9.401780012351726e-02	1477
8.138357743963596e-01	-1.446626697713794e-01	1478
8.738749742920758e-01	-1.212714011182525e-01	1479
4.754173638647756e-01	-1.994102266970183e-01	1480
4.970830650608335e-01	-1.990722109765825e-01	1481
8.769574026049864e-03	8.705009414764994e-02	1482
2.952379829130860e-03	8.064462142144251e-02	1483
-2.878740011128105e-03	7.281811145538869e-02	1484
-7.683367459573509e-03	6.540866781333221e-02	1485
-1.182490102123130e-02	5.839293383844942e-02	1486
8.873740776488855e-02	1.465531727943787e-01	1487
7.718826906917881e-02	1.403710128878922e-01	1488
6.664799984057745e-02	1.340665540141438e-01	1489
5.678442438520061e-02	1.276273563322342e-01	1490
4.747770395792016e-02	1.210231442143520e-01	1491
4.312480457100314e-01	2.069939072334049e-01	1492
3.973266891668529e-01	2.075941505221308e-01	1493
3.681130840807765e-01	2.072775699258135e-01	1494
9.594927330158451e-01	7.167966437038867e-02	1495
9.461654848779130e-01	8.108949776801347e-02	1496
5.882712802672562e-01	-1.927763525513385e-01	1497
6.212597753256768e-01	-1.886200512363013e-01	1498
2.078516321109722e-01	-1.797496308196682e-01	1499
2.378360847107637e-01	-1.852620738687271e-01	1500
2.678158262624371e-01	-1.894411738604981e-01	1501
2.986799922889858e-01	-1.932287637316273e-01	1502
1.000859973280906e+00	3.055108019404633e-03	1503
1.000267048481035e+00	-5.121495287727391e-03	1504
9.995384697827477e-01	-5.699991471529378e-03	1505
1.000446057287214e+00	1.157642113061232e-02	1506
-3.029412272226975e-02	2.885721751025768e-02	1507
1.000211237369004e+00	5.108619761058520e-03	1508
-2.680890355587348e-02	4.361442540253366e-02	1509
9.756931706228671e-01	-7.753069740476620e-02	1510
1.001169409034659e+00	-7.516744753384650e-04	1511
1.003305876725107e+00	-1.626252460812183e-02	1512
1.004900523842883e+00	-1.707417982896162e-02	1513
9.924185266035928e-01	-5.728113661350984e-02	1514
1.000798079815762e+00	1.440716767954592e-03	1515
9.913817441066402e-01	5.678175649733708e-02	1516
2.628979392556829e-01	2.254315768058960e-01	1517
1.002382301045741e+00	-8.664964807956959e-03	1518
1.001952920916466e+00	-7.373902078818886e-03	1519
-1.313264263969659e-02	-7.601474564417826e-02	1520
1.001161833790134e+00	7.626079713779195e-04	1521
-2.143089953603926e-02	5.867868999613478e-02	1522
1.338339627763334e-01	-1.831008818095175e-01	1523
3.433527564344364e-02	-1.286761501317267e-01	1524
9.454565651901778e-01	-1.037567637303254e-01	1525
7.864624511560776e-01	-1.809393766235686e-01	1526
1.000604624785812e+00	-1.161942139945868e-02	1527
1.001858800454605e+00	7.372612526655190e-03	1528
1.002266893137186e+00	8.664137868094942e-03	1529
1.000812004183830e+00	-1.434322802114493e-03	1530
-2.401039463749793e-02	-5.219868890323640e-02	1531
5.718374357087943e-01	2.276703982164263e-01	1532
6.747824991440445e-01	-2.100093831305618e-01	1533
4.317790209299303e-01	-2.307422894383491e-01	1534
5.998994361697878e-01	2.236582147560924e-01	1535
9.469589226271363e-01	9.963817303182929e-02	1536
9.105024956921650e-01	1.227823974900595e-01	1537
3.261149932936811e-01	2.337154408812741e-01	1538
1.977335332350311e-02	1.181848085772382e-01	1539
5.117709286014852e-01	-2.296148670624628e-01	1540
-2.426419068452869e-02	5.082535296347061e-02	1541
1.003141199074531e+00	2.985728456742139e-02	1542
5.418456715941604e-01	-2.279163076185771e-01	1543
9.994779166845920e-01	5.675539388034973e-03	1544
1.003058909465240e+00	1.623864115417366e-02	1545
1.004635080791148e+00	1.707340141985917e-02	1546
1.000891945929053e+00	-3.052206673522068e-03	1547
-3.118417900018839e-02	2.103695169125164e-02	1548
3.537269835531177e-01	2.359452685031340e-01	1549
1.001466362751144e+00	1.812032209748814e-04	1550
1.001468163970125e+00	-1.668763160162196e-04	1551
-7.885259389831385e-03	-8.458400510501228e-02	1552
-1.742318486202259e-02	-6.814869050095096e-02	1553
4.038455820273663e-01	-2.302955904866138e-01	1554
9.966811564941735e-01	-5.036769353879408e-02	1555
1.000010157473757e+00	-4.351872127289667e-02	1556
-1.877298513091134e-03	-9.305996876293655e-02	1557
3.983237391838613e-03	-9.992336893981815e-02	1558
1.000837007400869e+00	2.070500463997493e-03	1559
9.957752493666989e-01	5.000454671103585e-02	1560
9.864118832822664e-01	6.341983011348606e-02	1561
2.948886392831379e-01	2.301204392787158e-01	1562
7.066107035958630e-01	-2.031174366502451e-01	1563
5.034213159345040e-02	-1.404099884162529e-01	1564
1.003105997131501e+00	-3.696039427687851e-02	1565
-2.105403327161675e-02	-6.005230066675147e-02	1566
-3.118643422272743e-02	-2.219595953172498e-02	1567
6.595906491428753e-02	-1.506724556415740e-01	1568
7.896873011258385e-02	-1.589619697599774e-01	1569
1.002469085871539e+00	3.681786039593684e-02	1570
-2.614465710090180e-02	1.008149863451714e-02	1571
-1.906378827732035e-02	-2.356731285276590e-03	1572
1.003647096432905e+00	-2.994873291438083e-02	1573
7.365365004281736e-01	-1.956864770447794e-01	1574
7.628028594207898e-01	-1.883550934457341e-01	1575
-2.098756067711691e-02	-3.838568091397472e-04	1576
-2.617413821043055e-02	-1.105773298704405e-02	1577
1.000857740412714e+00	-2.065055925323736e-03	1578
-3.026530846255855e-02	-3.010046425551904e-02	1579
-2.881923247228758e-02	-3.754127664017038e-02	1580
-2.664705176153277e-02	-4.496662030109036e-02	1581
5.432826427740306e-01	2.308664333331370e-01	1582
9.807645021557503e-01	7.004365284696028e-02	1583
-2.890442472322489e-02	3.623508917811857e-02	1584
9.118928328590210e-01	-1.253019868351340e-01	1585
9.305110503345762e-01	-1.139752891603671e-01	1586
9.579496130772325e-01	-9.401078485392500e-02	1587
9.682703281102067e-01	-8.492220641920444e-02	1588
9.820459389329316e-01	-7.084211311297395e-02	1589
9.875731323345717e-01	-6.406359961365189e-02	1590
8.553120031584923e-01	-1.539463988573721e-01	1591
8.339783314919063e-01	-1.633655002098064e-01	1592
9.573808657320526e-02	-1.672221545500139e-01	1593
1.133325922503499e-01	-1.746529561081772e-01	1594
1.104591450553925e-02	-1.080593907917952e-01	1595
2.170970613285785e-02	-1.183902063194718e-01	1596
3.448708303622228e-01	-2.268227970897486e-01	1597
3.762086138391456e-01	-2.290680601818319e-01	1598
1.592657469255154e-01	-1.922214687608383e-01	1599
9.992387819851700e-01	4.327216185105073e-02	1600
5.124511937568228e-01	2.336250169281256e-01	1601
4.811661795378800e-01	2.353812819576425e-01	1602
9.301362214084453e-01	1.110171770733638e-01	1603
8.906263337911743e-01	1.336930766437655e-01	1604
8.710375808262701e-01	1.437512530157200e-01	1605
8.516631121646350e-01	1.527216996351710e-01	1606
8.317225066886774e-01	1.609762572913511e-01	1607
8.084571581767609e-01	1.698030447550063e-01	1608
7.817694913394055e-01	1.791168657195723e-01	1609
7.530076260103739e-01	1.882663405455466e-01	1610
7.231313069782752e-01	1.968487259129569e-01	1611
6.922309274299343e-01	2.048139043854222e-01	1612
6.604549141040261e-01	2.121091811503558e-01	1613
6.290647921930106e-01	2.184976855223083e-01	1614
2.311700159994609e-01	2.198222440716940e-01	1615
1.461795965225439e-01	1.940003798221645e-01	1616
1.248354826038421e-01	1.848943845823349e-01	1617
1.996233331600810e-01	2.122421856029537e-01	1618
1.719354206549371e-01	2.039419976038686e-01	1619
1.041613311860618e-01	1.760218537984628e-01	1620
9.474014355256780e-03	1.074024112480995e-01	1621
8.098434458251074e-01	-1.728297400212002e-01	1622
8.733344973092162e-01	-1.455233207487137e-01	1623
8.919751080701742e-01	-1.362619097638068e-01	1624
4.616527486472535e-01	-2.305536083515261e-01	1625
4.869777030228971e-01	-2.301876689810503e-01	1626
2.661927084439950e-03	9.904333314480288e-02	1627
-3.010501979233804e-03	9.201700774087775e-02	1628
-8.785043928958344e-03	8.340397412874648e-02	1629
-1.382263323885558e-02	7.473182292648912e-02	1630
-1.794997895602513e-02	6.680361417021194e-02	1631
8.798194599464651e-02	1.683110398434201e-01	1632
7.414734150342185e-02	1.601807374598409e-01	1633
6.291073788589417e-02	1.524904573904506e-01	1634
5.249999320335317e-02	1.451549348475235e-01	1635
4.267375339845598e-02	1.378372033695560e-01	1636
3.202245542757572e-02	1.290306387469347e-01	1637
4.487724582218655e-01	2.367031623067052e-01	1638
4.140165800852492e-01	2.374890749683620e-01	1639
3.817438629318172e-01	2.371701205494441e-01	1640
9.724894524320535e-01	7.826305693876930e-02	1641
9.612697061164829e-01	8.833836720110737e-02	1642
5.747481103858202e-01	-2.251639275233616e-01	1643
6.089028946347866e-01	-2.211195900268915e-01	1644
6.422242550586301e-01	-2.160125423423966e-01	1645
1.876772125882533e-01	-2.008768728951608e-01	1646
2.177604899712122e-01	-2.083698420733506e-01	1647
2.488255774396369e-01	-2.143748144791335e-01	1648
2.797237405845276e-01	-2.191734364488005e-01	1649
3.118420543951092e-01	-2.234809994377917e-01	1650
-3.770772195031486e-02	2.573445512698186e-02	1651
1.000413734041626e+00	-4.315118790539181e-03	1652
1.006675939777897e+00	3.371618839756441e-02	1653
-3.343719915416281e-02	-5.152794805987153e-02	1654
1.003732034307306e+00	1.407640741239710e-02	1655
1.000940623556221e+00	5.815469997557382e-02	1656
3.656726592985768e-01	2.694135809632035e-01	1657
8.553208999307716e-01	-1.828759288751132e-01	1658
-2.033354110421902e-02	-8.618003366436408e-02	1659
1.001260213140623e+00	1.728871240952120e-03	1660
9.644222534954620e-01	1.070613986614024e-01	1661
1.000367783454108e+00	4.307842519972248e-03	1662
-2.591821679725335e-02	3.641103174174974e-03	1663
1.002975362999145e+00	-1.005173391508919e-02	1664
1.000918253002476e+00	-3.964002986924358e-03	1665
8.320585503985636e-01	-1.939901080400379e-01	1666
-3.189762949822650e-02	1.396695249957544e-02	1667
1.001032629171179e+00	-2.617082463303761e-03	1668
1.001818523977391e+00	6.213789933065188e-03	1669
-3.097197374818800e-02	-5.925980211277602e-02	1670
8.076708453413408e-01	-2.042857206999561e-01	1671
4.471899165885946e-01	-2.649121980674364e-01	1672
9.880532493774914e-01	-8.297223734749082e-02	1673
1.374823625506713e-01	-2.115471046336187e-01	1674
4.174828024059837e-01	-2.645496078409698e-01	1675
9.970292509549975e-01	6.617506066351218e-02	1676
9.489834636629259e-01	1.208094314857121e-01	1677
5.605724210802751e-01	2.637759166511022e-01	1678
2.415542377409141e-01	2.519956571650957e-01	1679
9.485390846076133e-01	-1.244122931083857e-01	1680
-2.872393341636755e-02	6.666174611156725e-02	1681
2.084847469807544e-01	2.439438743126378e-01	1682
5.899650089670279e-01	2.600847337743582e-01	1683
1.000874979666596e+00	3.963999058867819e-03	1684
1.002836013869682e+00	1.005371632862101e-02	1685
1.001895441833739e+00	-6.210804648068866e-03	1686
1.003942341695998e+00	-1.407881751867267e-02	1687
1.004555135247394e+00	-2.319523031826798e-02	1688
1.001005259953053e+00	2.622889888864084e-03	1689
1.002411439929633e+00	1.187826226056048e-02	1690
1.001200565719264e+00	1.217138167504597e-03	1691
1.003240744400638e+00	-7.662815728446167e-03	1692
1.001278144750995e+00	-1.718249808026815e-03	1693
-2.464372712650011e-02	-7.709998722726863e-02	1694
1.001476391741022e+00	5.565691212236043e-04	1695
1.001482101547627e+00	-5.422668205471740e-04	1696
1.001878167982848e+00	9.341489267800866e-06	1697
1.001212884803806e+00	-1.206312140305412e-03	1698
9.308894956762785e-01	1.346548722899614e-01	1699
3.367783775753044e-01	2.670012312640012e-01	1700
-3.136121420542432e-02	5.786276391234114e-02	1701
-3.372036897080867e-02	5.013516181396333e-02	1702
5.290694288297501e-01	-2.632971289053319e-01	1703
1.005266292932486e+00	2.630862662934820e-02	1704
1.004178642974672e+00	2.315562669330785e-02	1705
1.002580101154141e+00	-1.189123792072808e-02	1706
1.003138023924765e+00	7.678664493285997e-03	1707
-2.819013864219589e-02	-6.804742185373404e-02	1708
1.001961717553413e+00	-5.843449777891887e-02	1709
1.004979183800040e+00	-5.019811142157263e-02	1710
-1.503390778491531e-02	-9.583540524890509e-02	1711
-6.107630151983788e-03	-1.089790832033327e-01	1712
1.727414622197675e-02	-1.362272698708971e-01	1713
3.063754749518939e-01	2.632266646148190e-01	1714
2.740235205055292e-01	2.580421777072023e-01	1715
6.977999350337158e-01	-2.385254652205590e-01	1716
1.006013768341065e+00	-4.235827081219065e-02	1717
3.153186233979639e-02	-1.486280763338953e-01	1718
4.723298993998318e-02	-1.614517334470900e-01	1719
6.107229472199723e-02	-1.720758773627828e-01	1720
-3.190967730367423e-02	-1.505638045959818e-02	1721
1.007250504997031e+00	-3.375847744867792e-02	1722
1.005703126466824e+00	-2.634199130814540e-02	1723
7.293821163980567e-01	-2.303300364576222e-01	1724
7.580716628025937e-01	-2.218420339386967e-01	1725
7.836536862054079e-01	-2.132994629679778e-01	1726
-2.643607393372816e-02	-5.371497677519018e-03	1727
-3.765390048367453e-02	-2.698718107216217e-02	1728
-3.687067869979526e-02	-3.526056467321037e-02	1729
-3.543618475104379e-02	-4.351271282981235e-02	1730
9.923575793820649e-01	7.419146268804849e-02	1731
-3.562400234095221e-02	4.214717117966523e-02	1732
-3.697947366804841e-02	3.394357014153170e-02	1733
9.318361668211370e-01	-1.372387997865609e-01	1734
9.621720199604554e-01	-1.124020219800797e-01	1735
9.732800201457581e-01	-1.011004461025478e-01	1736
9.818169269188384e-01	-9.116797724271111e-02	1737
9.936527841700817e-01	-7.471740931870677e-02	1738
9.981907887701446e-01	-6.657364367348023e-02	1739
7.726773358352554e-02	-1.826268907671078e-01	1740
9.513900855512135e-02	-1.921041734341306e-01	1741
1.140115742937638e-01	-2.009752178138558e-01	1742
5.669376035153053e-03	-1.238903689810668e-01	1743
3.582727850929927e-01	-2.610402207437593e-01	1744
3.886887451123938e-01	-2.633293381896932e-01	1745
1.005275313131913e+00	4.225321617261860e-02	1746
1.004101192311982e+00	5.002123732195764e-02	1747
5.300451816964168e-01	2.667776349062156e-01	1748
4.978283059465775e-01	2.689827205195381e-01	1749
9.113153307154757e-01	1.480243608650154e-01	1750
8.917463734655560e-01	1.602805748758612e-01	1751
8.719719050851155e-01	1.715606327322300e-01	1752
8.518061995560882e-01	1.817937689050921e-01	1753
8.298188369677513e-01	1.918074626817982e-01	1754
8.044441561892322e-01	2.023320278977310e-01	1755
7.762110972041195e-01	2.129920137648698e-01	1756
7.462616253114032e-01	2.231568479677316e-01	1757
7.151627430887382e-01	2.325639535087509e-01	1758
6.830542533664880e-01	2.411495375555050e-01	1759
6.507172572053914e-01	2.487367508168138e-01	1760
6.196653304334487e-01	2.550732853451353e-01	1761
1.258517906251262e-01	2.121718312532041e-01	1762
1.777930329863742e-01	2.343707922610143e-01	1763
1.496236048362040e-01	2.232734496818560e-01	1764
1.053789870314721e-01	2.020082044516578e-01	1765
3.721543202447115e-03	1.233713003392109e-01	1766
8.749607909276330e-01	-1.725659040983372e-01	1767
8.932375373802893e-01	-1.622931449277572e-01	1768
9.126439098807448e-01	-1.503659003867304e-01	1769
4.750582588426578e-01	-2.648105690272173e-01	1770
5.004251036242245e-01	-2.644461404609479e-01	1771
-4.835258256368919e-03	1.122204612644108e-01	1772
-1.033029270540604e-02	1.038247952992919e-01	1773
-1.614240227341884e-02	9.466877481225179e-02	1774
-2.122353816673049e-02	8.490664806332371e-02	1775
-2.534695280191359e-02	7.575422529372881e-02	1776
8.639831174196064e-02	1.927903270054869e-01	1777
7.020926574370059e-02	1.829640133148683e-01	1778
5.235201693018478e-02	1.682452712275516e-01	1779
3.709589328585422e-02	1.557424662280454e-01	1780
2.620533369996057e-02	1.470962412189091e-01	1781
1.494917034747942e-02	1.361888935480043e-01	1782
4.654559162000864e-01	2.702796132992126e-01	1783
4.312577744477700e-01	2.709868126059065e-01	1784
3.967647059572916e-01	2.707495774863778e-01	1785
9.857748246895403e-01	8.334223171853340e-02	1786
9.767196723070006e-01	9.425238449180746e-02	1787
5.615092914281956e-01	-2.609659836572891e-01	1788
5.961942982736258e-01	-2.573155534800227e-01	1789
6.309942045369735e-01	-2.521593457531385e-01	1790
6.647957574341047e-01	-2.458697276258064e-01	1791
1.651418945797049e-01	-2.223326602040914e-01	1792
1.954447404216818e-01	-2.322288503184028e-01	1793
2.273260967133083e-01	-2.406084271890813e-01	1794
2.593693522276419e-01	-2.470639660083579e-01	1795
2.914995345024203e-01	-2.526561499076790e-01	1796
3.251100670724132e-01	-2.574679092180983e-01	1797
1.003806179978225e+00	-8.911825207884508e-03	1798
1.008845724622131e+00	-3.053893717832113e-02	1799
1.007646808699089e+00	6.639038655803617e-02	1800
-3.834528484820867e-02	1.797956859552674e-02	1801
-3.213199582190512e-02	6.690732778842441e-03	1802
1.008772547462609e+00	-6.656552625396961e-02	1803
6.895128186614575e-01	-2.781868283436305e-01	1804
8.565980662853990e-01	-2.154751698370023e-01	1805
3.475709216751917e-01	3.043958009319288e-01	1806
1.007299541286474e+00	3.894106893957718e-02	1807
1.002934280127093e+00	-6.743343276179848e-03	1808
1.000825117061332e+00	5.457633750140829e-03	1809
1.000887923561216e+00	-5.464304774770936e-03	1810
1.001576683022470e+00	-9.628975086286415e-04	1811
-1.196927298644544e-03	-1.415765436630293e-01	1812
1.003682431981589e+00	8.930997881484274e-03	1813
1.001891053148644e+00	-3.388775995313184e-04	1814
9.527906206501716e-01	1.446487713031861e-01	1815
1.004489340577658e+00	1.212735784669067e-02	1816
1.007537995660235e+00	2.376381443119642e-02	1817
1.004991910672706e+00	2.005671802520370e-02	1818
1.001566431167027e+00	9.778264267692844e-04	1819
9.531073225315559e-01	-1.477596072074324e-01	1820
8.783412070591303e-01	-2.029191088832655e-01	1821
-3.832248861817617e-02	-1.917124480675723e-02	1822
-3.324687968293231e-02	-8.664139380753610e-02	1823
-3.500637403576645e-03	1.411717099163310e-01	1824
1.836581553837446e-01	2.688755276456746e-01	1825
1.005312013993514e+00	-2.006574091599602e-02	1826
9.824844679603365e-01	1.121277704011298e-01	1827
8.321046397387573e-01	-2.281169082131915e-01	1828
1.141289839080873e-01	-2.309421749389133e-01	1829
1.007972733138555e+00	-3.899675543886134e-02	1830
-2.904338793614810e-02	-9.710311104177699e-02	1831
4.749997030484010e-01	-3.024479732693261e-01	1832
1.008610454045072e+00	5.645600317439602e-02	1833
5.792132334640229e-01	3.004131219462818e-01	1834
1.000964847673181e+00	-8.574979662011883e-02	1835
5.483586373833469e-01	-3.005654745280385e-01	1836
-3.740699372911090e-02	7.510685722856783e-02	1837
1.258519250625155e-01	2.430569741463881e-01	1838
1.403326238265013e-01	-2.437881016889167e-01	1839
4.321105228091206e-01	-3.027851961390864e-01	1840
3.788798321589539e-01	3.070174202976789e-01	1841
-4.145367533017470e-02	-5.831759851609884e-02	1842
-3.927837871891743e-02	-6.666517957456435e-02	1843
1.001378678737747e+00	2.239725041863560e-03	1844
-3.033240191156377e-02	-6.703960353620107e-04	1845
9.692401461822179e-01	1.280797463107881e-01	1846
2.170125982365446e-01	2.796068781556139e-01	1847
1.001402583233204e+00	-2.228855628229276e-03	1848
1.004667552803691e+00	-1.210889793357616e-02	1849
-3.670708360539610e-02	-7.652406598825798e-02	1850
1.001678266076486e+00	1.421371190521335e-03	1851
1.002846147891711e+00	6.758308855235427e-03	1852
1.001887273713191e+00	3.576276909219124e-04	1853
1.001693508573771e+00	-1.405761034433920e-03	1854
-3.981174754249488e-02	6.522758864226252e-02	1855
-4.186706896718120e-02	5.687298902346335e-02	1856
1.008329026182964e+00	3.054205891710478e-02	1857
1.009578014356671e+00	-5.657242865051671e-02	1858
9.309871999699092e-02	-2.199637883633986e-01	1859
3.166143617064437e-01	3.003713783945551e-01	1860
2.842029266601886e-01	2.947542128083956e-01	1861
2.512411052194177e-01	2.880490551983621e-01	1862
1.172408528249352e-02	-1.564699653284908e-01	1863
2.636012786298984e-02	-1.703747046586540e-01	1864
4.063646583075141e-02	-1.837975279612608e-01	1865
1.013868168366812e+00	-4.740283703217562e-02	1866
1.007929575867185e+00	-2.374588890349957e-02	1867
7.227823202326873e-01	-2.692442419686012e-01	1868
7.537509134501974e-01	-2.596101822998172e-01	1869
7.816603574176588e-01	-2.497193023324368e-01	1870
8.071988307223144e-01	-2.394498578762568e-01	1871
-3.235499019321202e-02	-8.163381101460714e-03	1872
-4.321083771894429e-02	-4.969739179814183e-02	1873
-4.508809746304056e-02	-3.188087406276627e-02	1874
-4.444299324299290e-02	-4.083000056864666e-02	1875
1.003940129221943e+00	7.557347511329447e-02	1876
-4.351248592988365e-02	4.826604748705948e-02	1877
-4.464579003399863e-02	3.943276039035028e-02	1878
-4.521121197986486e-02	3.053505799334466e-02	1879
9.680296726303755e-01	-1.328900438210292e-01	1880
9.799986259807120e-01	-1.188954188067687e-01	1881
9.892091084890047e-01	-1.062209392161077e-01	1882
9.958800489448685e-01	-9.544850845447521e-02	1883
1.005208769259177e+00	-7.585675597923572e-02	1884
5.611565892619429e-02	-1.966764901532916e-01	1885
7.418191610249897e-02	-2.091344294377039e-01	1886
-2.225069072690930e-02	-1.101100822044863e-01	1887
-1.290800471482733e-02	-1.260804552086316e-01	1888
3.707918520635385e-01	-2.992896366709508e-01	1889
4.016531323006250e-01	-3.016178629714423e-01	1890
1.013066930252724e+00	4.741736310432706e-02	1891
5.481697084552368e-01	3.037549608616428e-01	1892
5.156084323028127e-01	3.063930174614783e-01	1893
9.342634284497192e-01	1.607990808924734e-01	1894
9.149424174723445e-01	1.758470913665039e-01	1895
8.952266818886551e-01	1.897306694830633e-01	1896
8.747863648022094e-01	2.025741392755464e-01	1897
8.531605617225879e-01	2.145839761362685e-01	1898
8.289846097121722e-01	2.266253887950858e-01	1899
8.016188330141342e-01	2.389385545257212e-01	1900
7.717871653862662e-01	2.509978542817814e-01	1901
7.403909114529772e-01	2.622541364709457e-01	1902
7.078199657018965e-01	2.725130265098918e-01	1903
6.745996518409223e-01	2.816267093293251e-01	1904
6.419324108655916e-01	2.893759045815255e-01	1905
6.103524722832014e-01	2.956668654048115e-01	1906
1.527441089539228e-01	2.563290531646157e-01	1907
1.038672013292253e-01	2.308422360509847e-01	1908
8.477097204661502e-02	2.205507364825728e-01	1909
9.353730434914755e-01	-1.631194581790348e-01	1910
8.972690772063058e-01	-1.909414826403993e-01	1911
9.161366165781643e-01	-1.779060213663237e-01	1912
5.165725396853516e-01	-3.024415801746105e-01	1913
-1.313771156015133e-02	1.275651059645357e-01	1914
-1.972649540379014e-02	1.160473905125946e-01	1915
-2.483470061056181e-02	1.066897391539460e-01	1916
-3.013872872259111e-02	9.581993758778894e-02	1917
-3.413467797234023e-02	8.527497593793334e-02	1918
6.573253893693667e-02	2.087631305335825e-01	1919
3.161745790205837e-02	1.781811604705154e-01	1920
1.945223149275885e-02	1.669859941089905e-01	1921
4.694586743517518e-02	1.930776156714787e-01	1922
7.591202125976406e-03	1.552159800490510e-01	1923
4.822243992603644e-01	3.079852899050611e-01	1924
4.481895535504335e-01	3.086546084265238e-01	1925
4.128546054479696e-01	3.084225051055953e-01	1926
9.991514392259013e-01	8.602544913292091e-02	1927
9.922919469386510e-01	9.797591885916256e-02	1928
5.832044688916628e-01	-2.974965672222947e-01	1929
6.194837510757305e-01	-2.925092353673523e-01	1930
6.550264373124751e-01	-2.859853896027427e-01	1931
1.703301502370099e-01	-2.563689513984450e-01	1932
2.028025005102678e-01	-2.676026196088604e-01	1933
2.364026110611678e-01	-2.768381131939843e-01	1934
2.693460205476423e-01	-2.838740847990552e-01	1935
3.031999011718710e-01	-2.902977675487873e-01	1936
3.378149933734925e-01	-2.955473683612612e-01	1937
1.421804681002480e-01	-2.802242128484031e-01	1938
1.001586743168499e+00	2.815177529122385e-03	1939
1.004632346710911e+00	-7.785945788528381e-03	1940
1.004133168924156e+00	-6.855606846658529e-03	1941
1.002085679589136e+00	-1.065278612425956e-03	1942
1.005789735635709e+00	1.375296101034904e-02	1943
9.417918261198713e-01	-1.914788306905988e-01	1944
1.001617867534349e+00	-2.803331290342720e-03	1945
1.013672162438096e+00	7.416800703167573e-02	1946
1.132180275703460e-01	-2.648845643189026e-01	1947
1.008483575300505e+00	2.039171608613248e-02	1948
1.007145636848491e+00	1.828752153438348e-02	1949
1.005998607885576e+00	-1.372035937403980e-02	1950
1.001802785137699e+00	-1.904732672227824e-03	1951
1.002849293866044e+00	-5.628492166030429e-03	1952
1.004521584593694e+00	-1.030707431123364e-02	1953
1.004373533865863e+00	1.033147817541120e-02	1954
-5.230635114599098e-02	-5.601539072274130e-02	1955
1.001945645727024e+00	6.767492479019300e-04	1956
1.553609741435772e-01	2.936624742733363e-01	1957
-9.564701982326014e-03	-1.614638668025091e-01	1958
9.228564693424954e-01	-2.078918317502652e-01	1959
8.835017702189967e-01	-2.369994192004668e-01	1960
-5.272912188608216e-02	5.450661268429441e-02	1961
5.673585003835753e-01	3.449796946971805e-01	1962
3.262745561168620e-01	3.420513678712120e-01	1963
9.757848598473610e-01	-1.556885062194932e-01	1964
7.168515496536935e-01	-3.128962044584877e-01	1965
4.153972355004616e-01	-3.444016991353057e-01	1966
-2.293127067037558e-02	1.448218973814427e-01	1967
4.000886035358987e-02	2.205447684361354e-01	1968
8.962976837789358e-02	-2.513048937714267e-01	1969
1.015194341287354e+00	6.212931351943289e-02	1970
1.016499686476274e+00	5.471684368267702e-02	1971
-3.861896976061622e-02	1.039336997381804e-02	1972
-2.167784559061507e-02	-1.445159861780988e-01	1973
6.816438883161979e-01	-3.225881801687263e-01	1974
8.598789535577595e-01	-2.518898463100651e-01	1975
3.590778390324251e-01	3.464070856364796e-01	1976
1.001832053184528e+00	5.165477688134571e-03	1977
1.001894266549514e+00	-5.158180504655381e-03	1978
1.001952945068602e+00	-6.575129800698474e-04	1979
1.004523748990058e+00	7.821303593137078e-03	1980
1.004039820091774e+00	6.887006882853435e-03	1981
1.001532151002081e+00	-3.490541510637756e-03	1982
1.008815549520084e+00	2.718241828144408e-02	1983
1.001492870716634e+00	3.499364065728820e-03	1984
9.039928538416240e-01	-2.225744858478868e-01	1985
9.599285631407194e-01	-1.736572730313047e-01	1986
-4.555313714981268e-02	-2.333683805675934e-02	1987
1.891980995804732e-01	3.078417734702790e-01	1988
1.009270942680378e+00	-2.715613456307094e-02	1989
9.760865935770756e-01	1.514498180845763e-01	1990
1.011773934290206e+00	-3.486650686359555e-02	1991
-4.331891686596188e-02	-9.664854250473176e-02	1992
5.352638268075899e-01	-3.444359347560639e-01	1993
3.932785239971479e-01	3.492398562462973e-01	1994
1.251446062423475e-01	2.780632792902154e-01	1995
-4.673693795247950e-02	-8.551286663384501e-02	1996
1.002777458602781e+00	5.646486250470800e-03	1997
-3.663696145363197e-02	1.654300331353959e-03	1998
-3.671286006043680e-02	-3.000482845288632e-03	1999
9.900757626763970e-01	1.319819936564391e-01	2000
-5.086379041637015e-02	-6.518778034680620e-02	2001
-4.908295137299978e-02	-7.441497039441976e-02	2002
1.001781727935851e+00	1.920712314596113e-03	2003
1.002346150308413e+00	1.190093195400212e-05	2004
1.002073717981032e+00	1.085617697389346e-03	2005
-4.976767661691221e-02	7.291685081402606e-02	2006
-5.141147932734678e-02	6.367616959437593e-02	2007
1.011177191847942e+00	3.490177252225608e-02	2008
2.931422647975214e-01	3.359691096705312e-01	2009
2.596721257333888e-01	3.284821869183544e-01	2010
2.248906138906158e-01	3.196315264576837e-01	2011
4.023163990156630e-03	-1.787072975497675e-01	2012
1.767091537379300e-02	-1.934008535631417e-01	2013
1.016236092133287e+00	-6.214026183534849e-02	2014
1.017415309556120e+00	-5.467706978884335e-02	2015
1.007436808211862e+00	-1.825210720993779e-02	2016
1.008813601100417e+00	-2.034178256961792e-02	2017
7.501135804621890e-01	-3.021062868227735e-01	2018
7.805620898031175e-01	-2.907140122552848e-01	2019
8.082569945082195e-01	-2.788578618758660e-01	2020
8.343764139283548e-01	-2.661032333353085e-01	2021
-3.866818492287846e-02	-1.175413233011957e-02	2022
-5.360250532232345e-02	-3.699448215998274e-02	2023
-5.321968242055184e-02	-4.655715719234502e-02	2024
-5.352600855493236e-02	4.507095058573789e-02	2025
-4.562249273954619e-02	2.204523531148992e-02	2026
-5.380751062749690e-02	3.554819926507759e-02	2027
9.885671713804526e-01	-1.384172499225136e-01	2028
9.982388797997650e-01	-1.225273157759747e-01	2029
1.005076073386840e+00	-1.086388716451920e-01	2030
1.009923520378912e+00	-9.666487820136836e-02	2031
1.011743327672867e+00	-8.453720987780725e-02	2032
1.014897600781424e+00	-7.426550126184921e-02	2033
3.247894376034479e-02	-2.087685470260225e-01	2034
4.988787550872360e-02	-2.243080970981524e-01	2035
6.933621424109154e-02	-2.386869793877842e-01	2036
-3.882226592261397e-02	-1.103017522329816e-01	2037
-3.112792414263042e-02	-1.257493066347407e-01	2038
3.831755582948156e-01	-3.420388842282452e-01	2039
5.344162927179171e-01	3.480308252029043e-01	2040
9.592221688483222e-01	1.709168302016269e-01	2041
9.407696537128212e-01	1.893466861962743e-01	2042
9.214647867041795e-01	2.064077644177045e-01	2043
9.011622952724864e-01	2.223243844376728e-01	2044
8.795459618344847e-01	2.372212448905009e-01	2045
8.560350393885260e-01	2.514841352872655e-01	2046
8.296210361363336e-01	2.657860524390927e-01	2047
8.002248136380732e-01	2.800168835656834e-01	2048
7.685859169444489e-01	2.935777143617472e-01	2049
7.354219698416027e-01	3.060107964705142e-01	2050
7.012611741916497e-01	3.171026546759066e-01	2051
6.670546851689336e-01	3.266334421587386e-01	2052
6.335423613661416e-01	3.345132574212618e-01	2053
6.003626632530623e-01	3.407117815268732e-01	2054
1.003510131570888e-01	2.629609529684568e-01	2055
8.065674494608700e-02	2.511588669897349e-01	2056
4.541158199746013e-01	-3.452360363395792e-01	2057
4.961211281336979e-01	-3.453506369438454e-01	2058
-3.077742661990024e-02	1.300841156549711e-01	2059
-3.562157236958563e-02	1.187133034614396e-01	2060
-4.065978404075113e-02	1.077464562890053e-01	2061
-4.439661289372995e-02	9.524115855781749e-02	2062
-4.761209233502174e-02	8.404339214159708e-02	2063
6.082978450616051e-02	2.380810037555192e-01	2064
1.054190278702872e-02	1.890097488256419e-01	2065
2.296529430272006e-02	2.024876814149337e-01	2066
-1.301686672942224e-02	1.602029609401397e-01	2067
-1.245898610158523e-03	1.761343081183395e-01	2068
4.999616043050871e-01	3.501016524585000e-01	2069
4.650541120570564e-01	3.509518349620448e-01	2070
4.292765396549449e-01	3.507089940764548e-01	2071
1.010173883712363e+00	8.476578201042965e-02	2072
1.007455583458196e+00	9.875950784161446e-02	2073
1.000357450515683e+00	1.140878672124306e-01	2074
5.698385793279919e-01	-3.418554304690777e-01	2075
6.074603343337891e-01	-3.374468129062058e-01	2076
6.451427497197060e-01	-3.308396668517639e-01	2077
1.747746756451231e-01	-2.947671607129704e-01	2078
2.095625679925724e-01	-3.074041635137303e-01	2079
2.446995221115278e-01	-3.173719758076826e-01	2080
2.788788981331500e-01	-3.252899475497588e-01	2081
3.144538255344514e-01	-3.325094497291439e-01	2082
3.497129935607201e-01	-3.381435669732435e-01	2083
1.013290496335709e+00	-4.009549813371828e-02	2084
1.009946729381868e+00	1.798665426581968e-02	2085
1.006428774505851e+00	-1.144485765838826e-02	2086
1.013128666321879e+00	-2.989817007325887e-02	2087
1.007093581654045e+00	-1.566304012031604e-02	2088
-6.288563156719933e-02	-6.234202541344036e-02	2089
5.715970464025882e-01	3.924557089249598e-01	2090
7.473492661529033e-01	-3.498404580190237e-01	2091
3.010920175233025e-01	3.822040583219191e-01	2092
1.012620040004363e+00	2.998226186201666e-02	2093
-6.380931899623374e-02	5.070001044939126e-02	2094
6.244355044514705e-02	-2.716009250604587e-01	2095
9.516746298222363e-01	-2.220965379382326e-01	2096
1.005419579355074e+00	-6.764669306678710e-03	2097
9.697279687868019e-01	-2.018622403099911e-01	2098
1.235691866665968e-01	3.176558027358870e-01	2099
1.021073940857588e+00	-4.838130129977779e-02	2100
7.115552614815024e-01	-3.618272691008886e-01	2101
-5.839250293513636e-02	-9.508268611225053e-02	2102
1.001916700885153e+00	2.506187647325948e-03	2103
1.002430131397640e+00	5.832720248801445e-04	2104
1.002215110330350e+00	1.602610575003598e-03	2105
1.020263490827770e+00	4.851379791730814e-02	2106
-1.266416120135945e-02	1.985214571386785e-01	2107
-3.245772288094474e-02	-1.646507547556777e-01	2108
-4.572361367790019e-02	1.395109004481150e-02	2109
6.739026396609681e-01	-3.722913819179383e-01	2110
4.338811433959290e-01	-3.920721269398916e-01	2111
1.021315470773298e+00	-9.217756418725645e-02	2112
1.022143506802473e+00	-8.213045800214754e-02	2113
1.428863244611192e-01	-3.213152900468103e-01	2114
3.959387548257139e-01	-3.898096996324405e-01	2115
-1.988347350571228e-02	-1.831505719767063e-01	2116
1.022454910592301e+00	6.918216512445483e-02	2117
1.022861024164487e+00	5.966440957687580e-02	2118
9.998823321757879e-01	1.539203501447904e-01	2119
3.715337808608168e-01	3.935854376148571e-01	2120
9.992416048815075e-01	-1.597538048806497e-01	2121
-4.309445063232668e-02	1.461624936466804e-01	2122
1.241213720756969e-02	2.295181926167747e-01	2123
4.084052615272462e-01	3.966329529564938e-01	2124
1.109391736809036e-01	-3.031955020776053e-01	2125
8.451157545859023e-02	-2.865817405999534e-01	2126
1.002686594985771e+00	4.656539577076069e-03	2127
1.002436646402838e+00	-5.586274598020730e-04	2128
1.006848261784865e+00	1.570468602903933e-02	2129
8.909538283009257e-01	-2.750358587265394e-01	2130
1.002233170594055e+00	-1.581265806678616e-03	2131
1.001944889436352e+00	-2.489789134270228e-03	2132
1.010996058429693e+00	2.361517998196551e-02	2133
1.003890484171841e+00	-6.110059985469166e-03	2134
1.005340188837366e+00	-9.059277517246190e-03	2135
1.006257137710332e+00	1.149341960218215e-02	2136
1.005324326684087e+00	6.814282021169636e-03	2137
1.572434957655479e-01	3.357701355180336e-01	2138
-6.343275048816942e-02	6.074007971323692e-02	2139
3.360032554408609e-01	3.888404705459407e-01	2140
9.859346769002535e-01	-1.807120887506497e-01	2141
3.611470669496224e-01	-3.857613451319577e-01	2142
-3.495035405086475e-02	1.635339895271836e-01	2143
-5.394518336292558e-02	2.611267368110119e-02	2144
-4.570574399735124e-02	-1.528179603941629e-02	2145
1.003808688801562e+00	6.140391273198604e-03	2146
1.001647793688983e+00	-4.275261385772678e-03	2147
1.005210067996267e+00	9.100678734550565e-03	2148
1.002744400771377e+00	-4.636462555991918e-03	2149
1.002204569526730e+00	-3.225295852696713e-03	2150
1.012604043776110e+00	4.013627852646860e-02	2151
1.001598280080744e+00	4.282841662950871e-03	2152
9.133247098923919e-01	-2.576494933361264e-01	2153
9.330057461778224e-01	-2.404605842153379e-01	2154
-6.339371601940232e-02	-5.228763252188083e-02	2155
-5.381919122880256e-02	-2.750959498809404e-02	2156
1.011386990179822e+00	-2.353580200806276e-02	2157
1.002166773644208e+00	3.242939675365293e-03	2158
-4.218283928906866e-02	-6.058714167776690e-04	2159
-6.171080202893358e-02	-7.201420198125938e-02	2160
-6.052976586176016e-02	-8.254692242047722e-02	2161
-6.239269198334532e-02	7.041738686211001e-02	2162
1.940560315847011e-01	3.516960581985035e-01	2163
2.665004038186890e-01	3.738036599862727e-01	2164
2.315092212141431e-01	3.644113874561533e-01	2165
-7.016254958497168e-03	-2.021842935873195e-01	2166
1.010236278171174e+00	-1.790424275099635e-02	2167
7.805446331807970e-01	-3.368111061321313e-01	2168
8.108537159246546e-01	-3.230696171178085e-01	2169
8.389020958501415e-01	-3.084398416646946e-01	2170
8.657181751562825e-01	-2.923498468645264e-01	2171
-4.382781598520104e-02	-6.035633944325225e-03	2172
-6.338846126648638e-02	-4.216384327377597e-02	2173
-6.368406879868506e-02	4.060664758727203e-02	2174
1.009224242102664e+00	-1.401593775855369e-01	2175
1.015951517300647e+00	-1.226597934006272e-01	2176
1.018570796507671e+00	-1.071574793218411e-01	2177
1.023849872099238e+00	-5.952981690172304e-02	2178
1.023585859667570e+00	-6.909811960529737e-02	2179
6.386145956095849e-03	-2.185993411634801e-01	2180
2.265941848111850e-02	-2.367044890587778e-01	2181
4.169658106493018e-02	-2.550225305028666e-01	2182
-5.515390837777943e-02	-1.079612585411527e-01	2183
-4.997915337224141e-02	-1.252815121692313e-01	2184
-4.235628339898864e-02	-1.428709440608809e-01	2185
9.856413530342356e-01	1.769499733616364e-01	2186
9.689304418438942e-01	1.993454833499413e-01	2187
9.506469472918713e-01	2.203120913634570e-01	2188
9.310062829222113e-01	2.399191030585946e-01	2189
9.097013468338815e-01	2.584018164973283e-01	2190
8.864916506337819e-01	2.759120739758585e-01	2191
8.608224209947769e-01	2.928749871089985e-01	2192
8.320728112857834e-01	3.096975981220839e-01	2193
8.004457406233514e-01	3.260304880215301e-01	2194
7.666675148751381e-01	3.412416290410525e-01	2195
7.314583015209080e-01	3.549142449076305e-01	2196
6.956528213080208e-01	3.667814963424402e-01	2197
6.600858702999709e-01	3.766872309530417e-01	2198
6.246110463173538e-01	3.846288574980400e-01	2199
3.187444544993549e-02	2.513429049950429e-01	2200
9.512499067918664e-02	2.991532650387459e-01	2201
7.378383100633268e-02	2.849225673600064e-01	2202
4.752065661168637e-01	-3.929442931134033e-01	2203
5.170540279062974e-01	-3.927644816162250e-01	2204
-4.888789641361286e-02	1.311271186517530e-01	2205
-5.288675884436580e-02	1.200562424131024e-01	2206
-5.667643471497799e-02	1.057577847967169e-01	2207
-5.945333759462203e-02	9.353963770538362e-02	2208
-6.137339279056306e-02	8.096546269049788e-02	2209
5.370727842298465e-02	2.704855950136941e-01	2210
-1.592322205949662e-03	2.127160838913308e-01	2211
-2.429448833390266e-02	1.809300277694856e-01	2212
5.189784075454564e-01	3.970861225030367e-01	2213
4.826089842105565e-01	3.982885401933379e-01	2214
4.458490185521162e-01	3.981630692547250e-01	2215
1.010507651572909e+00	1.319013728692536e-01	2216
1.020734323795454e+00	8.238705434828418e-02	2217
1.019390326965946e+00	9.386312865928136e-02	2218
1.015155430294795e+00	1.116705423471939e-01	2219
5.563446880749185e-01	-3.909014375034806e-01	2220
5.944773031814319e-01	-3.872819902288668e-01	2221
6.347384226668595e-01	-3.809299514111298e-01	2222
1.783256677247153e-01	-3.379923336801158e-01	2223
2.155299673889056e-01	-3.520427932542310e-01	2224
2.519502836546482e-01	-3.627676110494654e-01	2225
2.878309421567122e-01	-3.717815573099233e-01	2226
3.249349256170730e-01	-3.797561251073414e-01	2227
7.066677616535759e-01	-4.166680291312155e-01	2228
1.003118960694415e+00	3.695173401375947e-03	2229
-6.383201905557583e-02	1.455580073411901e-01	2230
-7.579784433511885e-02	6.697650327785390e-02	2231
-7.528560564440472e-02	7.700251722827281e-02	2232
1.011883539078796e+00	-2.050298462562000e-02	2233
-5.360608326848292e-02	-1.870155330926872e-02	2234
7.818027413269799e-01	-3.885937180452115e-01	2235
-3.135739077794134e-05	2.601269247514634e-01	2236
9.013115910735755e-01	-3.172081860377300e-01	2237
1.070440013174935e-01	-3.463423229847008e-01	2238
1.009724562008200e+00	1.504941900406242e-02	2239
1.018555152957479e+00	-4.284390873601573e-02	2240
1.012815718350702e+00	2.717116635407076e-02	2241
1.007827077585301e+00	1.299561303055943e-02	2242
1.580854058480289e-01	3.831643796229789e-01	2243
1.003659758329639e+00	5.058108960668141e-03	2244
1.016137141205924e+00	3.496971502339820e-02	2245
-5.217355928457180e-02	-9.182672309736019e-03	2246
1.002907177480646e+00	2.217553947505536e-04	2247
1.002909605366344e+00	-1.915754710091837e-04	2248
1.016730670037099e+00	-3.485115221891436e-02	2249
2.717573417818414e-01	4.246798332176260e-01	2250
-7.166773034334641e-02	-1.051512893330004e-01	2251
-5.366840286556993e-02	1.731990133925561e-02	2252
-4.346723229913122e-02	6.290116280392798e-03	2253
1.032007898492820e+00	-8.800719598705936e-02	2254
1.031905483722541e+00	-7.663111522242284e-02	2255
4.118511293344226e-01	-4.431568861434234e-01	2256
7.746734245301232e-02	-3.262638326074520e-01	2257
-6.318577898155944e-02	-3.167906705290507e-02	2258
3.847431960576598e-01	4.465190240611589e-01	2259
8.841198505190551e-02	3.401073356564354e-01	2260
-4.909949680426158e-02	1.842184549406755e-01	2261
-7.566342926426158e-02	5.617878469104427e-02	2262
-3.856118256626130e-02	2.030366632884885e-01	2263
4.238540710431526e-01	4.498330674112884e-01	2264
3.085735145512011e-01	4.340882385437458e-01	2265
1.024025948549486e+00	5.502484596922362e-02	2266
7.455056788516399e-01	-4.034072002542599e-01	2267
9.990635139086099e-01	-2.076347063313050e-01	2268
5.318102061365178e-02	-3.082342990704037e-01	2269
1.013272588348905e+00	-2.707502134281525e-02	2270
1.008026840826029e+00	-1.292781936386007e-02	2271
6.528692600532937e-01	4.324928689618657e-01	2272
6.658130844215501e-01	-4.279150528152145e-01	2273
9.830897113848228e-01	-2.320342514136115e-01	2274
1.012237795315887e+00	-1.827717854678047e-01	2275
1.208394261153897e-01	3.623246802843924e-01	2276
1.002666253725255e+00	1.170626939739119e-03	2277
1.002360195525983e+00	2.146858627705465e-03	2278
1.020030490367836e+00	1.501612126304540e-01	2279
1.024938053026311e+00	-5.485916122386154e-02	2280
1.030649232788585e+00	6.477906736305962e-02	2281
1.422716402890102e-01	-3.675658620574481e-01	2282
3.726066898140736e-01	-4.388067958727015e-01	2283
1.031698300059114e+00	-6.454508698949442e-02	2284
-5.742239601011530e-02	1.635121207445608e-01	2285
-7.512387608930446e-02	-6.869046638415365e-02	2286
-7.447101472424110e-02	-7.870793330659423e-02	2287
1.002679758616264e+00	-1.143664182064318e-03	2288
1.002121675295981e+00	-3.997015903536604e-03	2289
1.003725655331313e+00	-5.026535248981102e-03	2290
1.002384900753741e+00	-2.124659275243261e-03	2291
1.011546062360987e+00	2.060276767587335e-02	2292
1.006087911592655e+00	-7.920958568556308e-03	2293
3.462210199651681e-01	4.413466528915221e-01	2294
1.005973657328586e+00	7.976781122962403e-03	2295
1.003164759170108e+00	-3.666944645557466e-03	2296
1.017832562928231e+00	4.295680242004274e-02	2297
9.255358468181454e-01	-2.964942235438049e-01	2298
9.465785073156975e-01	-2.759233744398893e-01	2299
9.654429320620896e-01	-2.548368068025917e-01	2300
-7.463713385211666e-02	-4.719538499013726e-02	2301
-7.513633843855069e-02	-5.788339096233396e-02	2302
-7.502889762314052e-02	4.551392808049785e-02	2303
1.009961962612930e+00	-1.495969227226901e-02	2304
1.002074204759215e+00	4.011410752583216e-03	2305
-7.375367090080540e-02	-9.115429911272314e-02	2306
1.976719362154897e-01	4.008704463872736e-01	2307
2.362602422480276e-01	4.144192837881068e-01	2308
-4.540094341131590e-02	-1.865945910513412e-01	2309
-3.380597938073163e-02	-2.060362003040012e-01	2310
8.151296947930698e-01	-3.726764627338805e-01	2311
8.457379164391530e-01	-3.556968078780729e-01	2312
8.744178632510929e-01	-3.372357215075176e-01	2313
-4.966986635036836e-02	-1.322532502618527e-03	2314
-6.337645140528805e-02	3.016762658206932e-02	2315
1.019474740430389e+00	-1.577594869155247e-01	2316
1.026817242791375e+00	-1.369067348141531e-01	2317
1.031359399244949e+00	-1.017741520031665e-01	2318
1.030515820780193e+00	-1.171527777545829e-01	2319
-2.131090123460916e-02	-2.271124021130374e-01	2320
3.102937989333528e-02	-2.889732006861541e-01	2321
-7.164437750009666e-03	-2.466446382753726e-01	2322
1.081163322307040e-02	-2.674972420923729e-01	2323
-6.865256124078575e-02	-1.212417377851208e-01	2324
-6.344467362270315e-02	-1.413248191292769e-01	2325
-5.589287906117313e-02	-1.618456548325742e-01	2326
1.012262451842282e+00	1.776623567185480e-01	2327
9.985035777680661e-01	2.042250817631943e-01	2328
9.822716489558045e-01	2.297481302494237e-01	2329
9.640666885541617e-01	2.537969413371813e-01	2330
9.437321644669734e-01	2.766195039607838e-01	2331
9.211138140774829e-01	2.983213512314339e-01	2332
8.959824351638097e-01	3.190416178231926e-01	2333
8.679348018715132e-01	3.391700866610722e-01	2334
8.366242503157978e-01	3.588398796928660e-01	2335
8.024216139619323e-01	3.775220559585432e-01	2336
7.661279113812222e-01	3.945524551014432e-01	2337
7.286425146305455e-01	4.095096512247689e-01	2338
6.908427826529298e-01	4.221575802924126e-01	2339
6.043975833228744e-01	4.416204100392015e-01	2340
2.140444502981282e-02	2.852378218264197e-01	2341
6.409501199189033e-02	3.223750430730012e-01	2342
4.535449994013004e-01	-4.453626278604216e-01	2343
4.965259423928262e-01	-4.460944012403086e-01	2344
-7.082892675222818e-02	1.171801485184949e-01	2345
-7.302758794368530e-02	1.030734055218398e-01	2346
-7.476562202576154e-02	8.946528900104184e-02	2347
4.342069851349992e-02	3.058915242457622e-01	2348
-1.624231425264805e-02	2.391629121097854e-01	2349
-2.761928695344888e-02	2.216345683862387e-01	2350
5.483765781368878e-01	4.479464675741389e-01	2351
4.821723863252868e-01	4.507856323894467e-01	2352
1.030648876263199e+00	7.698531934222257e-02	2353
1.030432119868026e+00	8.937187226848241e-02	2354
1.026664103965621e+00	1.250522534999200e-01	2355
1.028898552635769e+00	1.055795277047242e-01	2356
5.394074319001767e-01	-4.451660198686503e-01	2357
5.806485287640131e-01	-4.423059650503444e-01	2358
6.231029544541072e-01	-4.367357853651029e-01	2359
1.808233935889738e-01	-3.865412154570038e-01	2360
2.202741342871198e-01	-4.020072127362538e-01	2361
2.580289525903101e-01	-4.136176875829232e-01	2362
2.959175773360616e-01	-4.238616406271901e-01	2363
3.347221214401061e-01	-4.325824022621513e-01	2364
1.012641594841196e+00	1.711983350790181e-02	2365
1.025010727921617e+00	-4.324350568640515e-02	2366
1.022519775256048e+00	-3.773619497894076e-02	2367
-6.256356351740644e-02	-2.194959400565100e-02	2368
1.004800026165185e+00	-5.418418560044276e-03	2369
-8.801343890258524e-02	5.009092369581297e-02	2370
2.572821060270838e-01	4.759504422935140e-01	2371
8.212824367174586e-01	-4.283196823729695e-01	2372
3.858496246818482e-01	-4.983492834691080e-01	2373
-5.640452861330698e-02	2.260432136835268e-01	2374
-8.925769327141649e-02	6.141258487481790e-02	2375
3.985934567028585e-01	5.045255752922804e-01	2376
1.000475397947265e+00	-2.637858273008346e-01	2377
1.008431392293772e+00	-1.088828155102526e-02	2378
1.013318049293541e+00	-1.777100179073653e-02	2379
1.012519400586248e+00	-1.620984906164483e-02	2380
5.187562460642568e-02	3.643190415569537e-01	2381
-3.304507765268409e-02	2.688391760924221e-01	2382
1.003030274281938e+00	7.558084139208631e-04	2383
1.002839066690222e+00	1.762369807635872e-03	2384
1.043290384985108e+00	-1.297843244149285e-01	2385
1.006920703466656e+00	-9.283221645405454e-03	2386
1.006858202324758e+00	-6.704206348569941e-03	2387
1.006783467453357e+00	9.347113697644023e-03	2388
1.010285512428899e+00	1.263094462548656e-02	2389
1.002859836295982e+00	-1.734003414026960e-03	2390
1.003039102004296e+00	-7.243296363219091e-04	2391
-6.183366021738296e-02	-1.262111828458690e-02	2392
-5.829238721599554e-02	-2.920777836697627e-03	2393
1.166012587589794e-01	4.125905066965952e-01	2394
7.444410765506425e-01	-4.635213981655600e-01	2395
9.411262985326045e-01	-3.392972126467740e-01	2396
1.027723679283139e+00	4.856898860939696e-02	2397
-8.719667197754075e-02	-1.162408637170173e-01	2398
4.296286023647540e-01	-5.027230152457818e-01	2399
-8.647959648619578e-02	1.361030675986495e-01	2400
-8.983239385818093e-02	7.272783472798441e-02	2401
-9.012796855863840e-02	8.387297978752141e-02	2402
-1.488234859685864e-02	2.943564251476438e-01	2403
3.571166846350379e-01	4.993189666724043e-01	2404
1.040779866331414e+00	-7.044510157404696e-02	2405
1.401538361873085e-01	-4.195275984662371e-01	2406
9.150650199280843e-01	-3.637809598636191e-01	2407
1.012878979030600e-01	-3.948508288878341e-01	2408
6.823037554131599e-02	-3.708769338362499e-01	2409
4.122133445868739e-02	-3.489973531834309e-01	2410
7.017300428725297e-01	-4.781484769546773e-01	2411
7.844280740141921e-01	-4.467352331637073e-01	2412
1.742132549734755e-02	-3.263592757754580e-01	2413
1.573945211715333e-01	4.363279386808705e-01	2414
1.004184691254332e+00	4.061496770621327e-03	2415
1.004725977554422e+00	5.463343627551714e-03	2416
1.003494711521729e+00	1.854938731363037e-05	2417
-8.888824088891009e-02	-1.004541315202412e-01	2418
-6.267129384789188e-02	2.047365631987803e-02	2419
1.038752400172394e+00	1.417737061641956e-01	2420
1.042180592191551e+00	-8.223741005030002e-02	2421
8.004479451477432e-02	3.864147975800796e-01	2422
-6.598904167158795e-02	2.060561928995983e-01	2423
-7.379476435311996e-02	-3.565284079648622e-02	2424
3.161153418169109e-01	4.917299666075517e-01	2425
1.041371078415002e+00	9.862925310662839e-02	2426
1.015783187170593e+00	-2.360744228790680e-01	2427
1.014991789688714e+00	-2.312772145520087e-02	2428
1.010482819978640e+00	-1.252455496017117e-02	2429
1.029976931959423e+00	-2.081592634301991e-01	2430
1.002730793240657e+00	2.822496939333809e-03	2431
1.028527601766017e+00	-4.831616034643773e-02	2432
-7.455233939916048e-02	1.824219754557358e-01	2433
-8.091028629479145e-02	1.617891437549566e-01	2434
-8.862019056131010e-02	-6.325266133941587e-02	2435
1.002764462048762e+00	-2.797134606927645e-03	2436
1.004237626234513e+00	-4.020533189149841e-03	2437
1.014605550153459e+00	2.326926651214256e-02	2438
1.008264835786104e+00	1.096922915497302e-02	2439
1.006760905254964e+00	6.774304707272521e-03	2440
1.024287463670981e+00	4.346001322614527e-02	2441
1.021887836596076e+00	3.793506855114724e-02	2442
9.637352349320487e-01	-3.145785571569213e-01	2443
9.831943502835012e-01	-2.897614185511059e-01	2444
-8.752361694430624e-02	-5.191119135525737e-02	2445
-8.903988452881381e-02	-7.457355056810872e-02	2446
-8.917600888972041e-02	-8.571271541507844e-02	2447
1.992897396808813e-01	4.557997329763123e-01	2448
-3.857820118764153e-02	-2.540951037203202e-01	2449
8.550302395231639e-01	-4.084943021003475e-01	2450
8.861936618946138e-01	-3.870453191877973e-01	2451
-5.243980858768462e-02	7.530185580828290e-03	2452
-7.405327057716470e-02	3.401420827699015e-02	2453
1.043163382336287e+00	-9.544102150620420e-02	2454
1.034616198850854e+00	-1.757055314827042e-01	2455
1.039086073364996e+00	-1.529786147800327e-01	2456
1.043953499970113e+00	-1.101854621222904e-01	2457
-6.184105674357474e-02	-2.092278481263974e-01	2458
-5.132646543676909e-02	-2.302928254717491e-01	2459
-2.318846284434112e-02	-2.781095847975713e-01	2460
-4.309313668744505e-03	-3.014380755097396e-01	2461
-8.444699158622060e-02	-1.358458255086544e-01	2462
-7.892326704385874e-02	-1.584231508538740e-01	2463
-7.186838576523366e-02	-1.828830486144777e-01	2464
1.034369437633465e+00	1.692160179039925e-01	2465
1.024736590728963e+00	2.011377471942457e-01	2466
1.014969754790705e+00	2.328990515189290e-01	2467
9.994526199454872e-01	2.620287708079652e-01	2468
9.811481165067077e-01	2.899489671186772e-01	2469
9.599504947900098e-01	3.167472973664601e-01	2470
9.357371300056389e-01	3.424112048952881e-01	2471
9.084514917667997e-01	3.670071361497049e-01	2472
8.777467617883362e-01	3.908438163703421e-01	2473
8.435049876826951e-01	4.137738799791367e-01	2474
8.062948242219659e-01	4.351068950338141e-01	2475
7.671145735515202e-01	4.541330293094494e-01	2476
7.269379049071488e-01	4.704667417254222e-01	2477
6.859351468372755e-01	4.830039752472513e-01	2478
6.382845392336833e-01	4.956577306733710e-01	2479
4.740985060396287e-01	-5.048343413322904e-01	2480
-8.895434891844792e-02	1.127981524955905e-01	2481
-9.010934094427103e-02	9.835568499225690e-02	2482
2.992327032838284e-02	3.438333177543805e-01	2483
7.513952856427764e-03	3.219443211337725e-01	2484
-4.611491838962959e-02	2.460576119518254e-01	2485
5.814971788294606e-01	5.041063217930644e-01	2486
5.160344459641191e-01	5.087018080232585e-01	2487
4.505809513901735e-01	5.089979788332722e-01	2488
1.039656472017123e+00	7.090575154073793e-02	2489
1.040856022908098e+00	8.338820142659559e-02	2490
1.041336158796293e+00	1.169439482438751e-01	2491
5.193559160721143e-01	-5.050483622582693e-01	2492
6.565198221104284e-01	-4.901179369501030e-01	2493
5.642628013073344e-01	-5.030952359356707e-01	2494
6.097589716170987e-01	-4.986198754953718e-01	2495
1.818531705411185e-01	-4.409181818235805e-01	2496
2.234566581405215e-01	-4.578250174122261e-01	2497
2.627577909537778e-01	-4.705447820318189e-01	2498
3.030811857958051e-01	-4.821215426711294e-01	2499
3.444623806037596e-01	-4.912142055931890e-01	2500
1.014937800957175e+00	1.968814302807767e-02	2501
5.446841022553196e-01	-5.696605887757892e-01	2502
1.010472954989781e+00	1.034698238635437e-02	2503
5.652178963944724e-02	-4.210069293468033e-01	2504
1.031961323858238e+00	5.526932522573226e-02	2505
-1.071963850039910e-01	1.265031200181251e-01	2506
-1.054329176869025e-01	1.536554553007776e-01	2507
4.176659200545781e-01	5.710973770357267e-01	2508
2.626063778475891e-02	-3.943847370404499e-01	2509
1.040873567579998e+00	-6.031259654442064e-02	2510
8.669538317375466e-01	-4.674372639040373e-01	2511
-1.052108210164886e-01	-1.285855698222386e-01	2512
-1.022219019721781e-01	-5.616329891717223e-02	2513
1.103910922661137e-01	4.689637505309420e-01	2514
1.039973430990686e+00	6.079734224582745e-02	2515
1.015197032897542e+00	-2.050593493262265e-02	2516
1.008724475802279e+00	9.063716963239500e-03	2517
1.007572767646621e+00	8.036524079583343e-03	2518
1.007690862073622e+00	-7.957703805615741e-03	2519
-1.046734781980333e-01	6.630044879755233e-02	2520
3.714056631717313e-02	4.115846574128704e-01	2521
1.036827017191379e+00	-2.658405186738775e-01	2522
-7.261221225142704e-02	-2.499085227180540e-02	2523
9.606218150301030e-01	-3.862189515719317e-01	2524
4.376438009338493e-04	-3.674467548725605e-01	2525
-8.580138424863357e-02	-3.922264971619221e-02	2526
1.545347519618640e-01	4.956919315165733e-01	2527
-8.645341494638151e-02	2.281366238229994e-01	2528
1.058278988875816e+00	-1.204932391874711e-01	2529
4.725739869746420e-01	-5.699249167242258e-01	2530
4.012415788167604e-01	-5.646492334942507e-01	2531
7.437460579702229e-01	-5.310319355046051e-01	2532
9.343202528780392e-02	-4.493118371399019e-01	2533
1.028789151268720e+00	-3.821621618832366e-02	2534
1.031808430170687e+00	-4.227849124803588e-02	2535
1.021162179758749e+00	3.230768687463565e-02	2536
1.016981710719148e+00	2.671531524374138e-02	2537
-7.206567045475186e-02	-1.653339551588411e-02	2538
-1.059365918310939e-01	-1.101413437081838e-01	2539
-8.613688357785276e-02	3.744111239415149e-02	2540
3.470686440776658e-01	5.580819700839619e-01	2541
8.294532700161638e-01	-4.907320122306534e-01	2542
1.021925573260468e+00	-2.968490839119738e-01	2543
1.006113125887705e+00	-5.579244717413313e-03	2544
1.008860631643375e+00	-8.970432867561686e-03	2545
1.119519321135494e-02	3.855511851770370e-01	2546
-5.259886874722811e-02	3.018340910708651e-01	2547
1.003748580412703e+00	3.045407074560596e-03	2548
1.003311479671849e+00	1.327088364253331e-03	2549
1.012413750691499e+00	-1.421392141529024e-02	2550
1.012184687003887e+00	1.434443158802817e-02	2551
1.005421698560100e+00	-4.356898545613243e-03	2552
1.003327421116081e+00	-1.292669754340917e-03	2553
6.958528244881360e-01	-5.471087336188671e-01	2554
1.032865990472243e+00	-5.497410463646333e-02	2555
-1.070798998325162e-01	9.113612130967279e-02	2556
1.055523211335078e+00	1.310626241835723e-01	2557
1.051541649843428e+00	-7.515584031829127e-02	2558
7.883534274901308e-01	-5.120337058717166e-01	2559
1.006034104220795e+00	5.641624065691761e-03	2560
1.005361758952475e+00	4.412670492633142e-03	2561
-6.828727889643249e-02	-4.771941168877355e-03	2562
6.967179824742965e-02	4.386423978680256e-01	2563
-1.028022705073256e-01	5.418876144324056e-02	2564
2.697861049773412e-01	5.417799068393980e-01	2565
1.056429585057676e+00	-1.021316016955850e-01	2566
1.017429427142081e+00	-2.654584311960905e-02	2567
1.021699574503776e+00	-3.210031351768339e-02	2568
1.010632484564628e+00	-1.023122388349689e-02	2569
1.045720499095884e+00	-2.337905756864083e-01	2570
1.002989307237053e+00	2.439586025470885e-03	2571
-9.459145955894294e-02	2.030194170095046e-01	2572
-1.001375459711200e-01	1.789969212569645e-01	2573
-1.039316485042255e-01	-6.829611500649382e-02	2574
1.003018651571478e+00	-2.410387855069758e-03	2575
1.003786956605494e+00	-3.007941206665045e-03	2576
1.031103402671598e+00	4.260488452997385e-02	2577
1.028149698995758e+00	3.851068124554016e-02	2578
9.848059399256618e-01	-3.566092422813721e-01	2579
1.005031301179096e+00	-3.269802326519867e-01	2580
-1.059747872770829e-01	-9.331027599169246e-02	2581
-1.049267989235077e-01	-7.988228498681402e-02	2582
-1.058274498471929e-01	7.788087410339314e-02	2583
2.082913785276410e-01	5.204275507801496e-01	2584
9.012806244672017e-01	-4.423626418280895e-01	2585
9.325906935487236e-01	-4.151273488092190e-01	2586
-6.213310708218861e-02	8.369006931186692e-03	2587
-7.276550346827820e-02	2.339698499229119e-02	2588
1.053931023104087e+00	-1.950188725775234e-01	2589
1.055672731904288e+00	-1.680619559083236e-01	2590
1.057698934433216e+00	-1.444005364371556e-01	2591
-8.215307100504086e-02	-2.322040862375126e-01	2592
-7.228893626076011e-02	-2.564665938615290e-01	2593
-5.873124479615422e-02	-2.835396136795728e-01	2594
-4.230255635815044e-02	-3.123727483567166e-01	2595
-2.279224964745502e-02	-3.389506628617807e-01	2596
-9.121587745795069e-02	-2.049958232356120e-01	2597
-1.029196028063285e-01	-1.520946356246259e-01	2598
-9.776055990633285e-02	-1.768303601354246e-01	2599
1.054637270748430e+00	1.585141738890648e-01	2600
1.049935407894970e+00	1.914967469940639e-01	2601
1.043625796086680e+00	2.245719801755380e-01	2602
1.037381805380284e+00	2.638908785088791e-01	2603
1.020514564928600e+00	2.962113122171431e-01	2604
1.002141354826223e+00	3.288529688653843e-01	2605
9.799802129531678e-01	3.605548745988411e-01	2606
9.540442319410034e-01	3.909922289054181e-01	2607
9.243364359296464e-01	4.202535314929152e-01	2608
8.905834969588908e-01	4.484625087158819e-01	2609
8.529328947655455e-01	4.751497065898164e-01	2610
8.122397389299649e-01	4.994610590722204e-01	2611
7.696751465559581e-01	5.206851825343664e-01	2612
7.237625127397354e-01	5.368887229070366e-01	2613
6.777591122731655e-01	5.530485997909397e-01	2614
-1.074276780277901e-01	1.070128864986182e-01	2615
-3.314939191200326e-02	3.318433624599695e-01	2616
-9.640987620397452e-03	3.616981737712178e-01	2617
-6.738567129104774e-02	2.732965686969326e-01	2618
-7.818774113744663e-02	2.498408531787830e-01	2619
6.181653647678985e-01	5.658664043451290e-01	2620
5.516776806549460e-01	5.726150682412154e-01	2621
4.819062044050932e-01	5.746121975743161e-01	2622
1.052704386584646e+00	9.065921429660657e-02	2623
1.050410000769196e+00	7.620092051604910e-02	2624
1.054035216755768e+00	-8.800198059865080e-02	2625
1.054737659123336e+00	1.078748953126764e-01	2626
5.935687949515188e-01	-5.669787886330109e-01	2627
6.450407112869099e-01	-5.595012610713922e-01	2628
1.361368792152179e-01	-4.777533131384563e-01	2629
1.809947013147660e-01	-5.016818588855548e-01	2630
2.246972796241236e-01	-5.201116700788603e-01	2631
2.660640379736398e-01	-5.342878221036071e-01	2632
3.324416183047099e-01	-5.512972219930086e-01	2633
1.010630470162063e+00	8.302774070173593e-03	2634
-9.990137647586939e-02	-4.372604658079073e-02	2635
1.026429730128031e+00	3.449272120528388e-02	2636
1.018365743933731e+00	2.238673582259777e-02	2637
8.008635752541867e-03	-4.449692120432689e-01	2638
-8.362178234786213e-02	-2.383343717456145e-02	2639
7.932529177329599e-01	-5.854627511531032e-01	2640
-2.003839308954480e-02	-4.123583411743936e-01	2641
-7.224768308852692e-02	8.480395286542292e-03	2642
1.010181658767789e+00	-4.020849067510993e-01	2643
9.198368228023889e-01	-5.038756844326798e-01	2644
7.425671326108498e-01	-6.069530038761349e-01	2645
4.205323799641152e-02	-4.773104448309266e-01	2646
-1.260935522214415e-01	-1.422813263608444e-01	2647
1.015391545948231e+00	1.593727461744817e-02	2648
5.088405368960739e-01	-6.434453548117439e-01	2649
-1.241278512090705e-01	8.282805596338656e-02	2650
1.022853844039701e+00	-2.678694829061453e-02	2651
1.007524071415689e+00	-5.454988121330635e-03	2652
1.007444442358365e+00	5.537316699558272e-03	2653
1.006729935820460e+00	-4.424155151322991e-03	2654
-7.960587258332438e-02	-7.617536258603374e-03	2655
-1.022374996108068e-02	4.323598281214447e-01	2656
5.681393334356843e-02	4.973600246933462e-01	2657
1.027003020603474e+00	-3.421164634301472e-02	2658
1.014986037985121e+00	-1.508126160547312e-02	2659
1.003531833314002e+00	1.990177309048635e-03	2660
1.012747615427944e+00	-1.161892032968150e-02	2661
-1.150191494372990e-01	-2.277107521387640e-01	2662
-1.258340061230136e-01	-1.200127414772628e-01	2663
-1.262967363532258e-01	9.864812134665846e-02	2664
-1.291512052864271e-01	1.415216579260515e-01	2665
1.003743930966002e+00	-7.243475380702319e-04	2666
1.040345622651735e+00	5.172228697912217e-02	2667
6.877738650803552e-01	-6.244173716672947e-01	2668
1.047819557687671e+00	-3.312210571495385e-01	2669
9.844863314150141e-01	-4.374783946560268e-01	2670
-1.275633194608436e-01	1.169766191255459e-01	2671
1.015959233486524e-01	5.319268146866024e-01	2672
-1.112227727632358e-01	2.499216924695482e-01	2673
1.035437903812366e+00	4.855484855055009e-02	2674
1.049928349063698e+00	-6.476649665526384e-02	2675
5.730339114495864e-01	-6.396470807539125e-01	2676
-1.188671958338891e-01	-5.994502856018579e-02	2677
1.012561824872135e+00	1.176243171926368e-02	2678
4.442356399671963e-01	6.453763256689431e-01	2679
-1.250634957455605e-01	-1.016495505509781e-01	2680
1.545583369038993e-01	5.642093010154716e-01	2681
1.068760714865495e+00	-2.574609912948194e-01	2682
1.016660320213987e+00	-1.748783482491357e-02	2683
1.009182175475944e+00	7.392143897568327e-03	2684
1.008339619534766e+00	6.652150429619598e-03	2685
1.008437532317834e+00	-6.559303347474491e-03	2686
1.009292796469304e+00	-7.288436679603370e-03	2687
1.985464392028996e-02	4.647625662388548e-01	2688
1.058517249685767e+00	-2.953989103206660e-01	2689
-5.495893483200335e-02	3.729126008043169e-01	2690
-3.318492164687032e-02	4.029642023396507e-01	2691
1.066806407844308e+00	9.777917818899907e-02	2692
1.071749837629887e+00	-1.098725692135675e-01	2693
8.819113501524097e-01	-5.334180597244628e-01	2694
1.022405366005694e+00	2.703534918153171e-02	2695
-1.195289782909221e-01	5.779263565454135e-02	2696
8.396640811320016e-01	-5.607971568411549e-01	2697
-7.572330910275243e-02	3.379006520133947e-01	2698
1.003734675931253e+00	7.641824046196393e-04	2699
1.010757130438904e+00	-8.179936876315547e-03	2700
1.004889627163877e+00	3.287008579044033e-03	2701
1.006666838145216e+00	4.497472094248987e-03	2702
1.004933015354809e+00	-3.235444302768718e-03	2703
1.041119374642075e+00	-5.123397628951627e-02	2704
1.036232248627462e+00	-4.818687621401139e-02	2705
3.678644757352056e-01	6.339977747345500e-01	2706
1.070348999382458e+00	1.190389352153430e-01	2707
1.049089847508321e+00	6.556960135254739e-02	2708
-1.003262259895504e-01	4.178741918905586e-02	2709
2.930125800375041e-01	6.162826135438387e-01	2710
-1.185845223210857e-01	2.246098418809043e-01	2711
-1.231129679513287e-01	1.968996767201912e-01	2712
-1.264606972911615e-01	1.712506328438801e-01	2713
1.003556245954159e+00	-1.953763874918652e-03	2714
1.034412401258502e+00	3.711967184494099e-02	2715
1.035026740144868e+00	-3.672832620045163e-02	2716
1.031113632405580e+00	-3.665614503176945e-01	2717
-1.231256390401503e-01	-8.512913797554482e-02	2718
-1.212288986565095e-01	-7.258301867320796e-02	2719
-1.220620651662113e-01	7.040801806293663e-02	2720
2.164322852418272e-01	5.927529476371285e-01	2721
9.542522437128791e-01	-4.717213877662863e-01	2722
-8.404715211559122e-02	2.588650689644073e-02	2723
1.074335828403562e+00	-2.196233610991312e-01	2724
1.074551530900759e+00	-1.328694468530627e-01	2725
1.076238893165551e+00	-1.829302745666777e-01	2726
1.075687055533897e+00	-1.578791286542778e-01	2727
-1.063633763860242e-01	-2.558775488764093e-01	2728
-9.678316260900294e-02	-2.852786188833105e-01	2729
-4.505867350639099e-02	-3.802860469476994e-01	2730
-8.284109852094319e-02	-3.159568425703347e-01	2731
-6.537555501405787e-02	-3.492771250379254e-01	2732
-1.237658821227463e-01	-1.691085264741760e-01	2733
-1.201676708521688e-01	-1.965913735033242e-01	2734
1.072963132415282e+00	1.454840931616459e-01	2735
1.072960837859747e+00	1.781128402007046e-01	2736
1.070684525687301e+00	2.127969984212860e-01	2737
1.067991487107167e+00	2.488823274654101e-01	2738
1.057588333950857e+00	2.952831829670129e-01	2739
1.046369211066520e+00	3.326981957851683e-01	2740
1.027337291780678e+00	3.706234435498834e-01	2741
1.004235475629833e+00	4.082011082917519e-01	2742
9.765122672511294e-01	4.444242465197524e-01	2743
9.440396350376612e-01	4.793026537673797e-01	2744
9.067414001608036e-01	5.126793744284704e-01	2745
8.651122358408005e-01	5.437000506707211e-01	2746
8.202398940881279e-01	5.713569977860271e-01	2747
7.461029396337042e-01	6.039685553486386e-01	2748
-9.201805143209865e-02	3.039835768774333e-01	2749
-1.033751799549888e-01	2.755557246253367e-01	2750
6.619424959216976e-01	6.320198142860906e-01	2751
5.907163673789521e-01	6.430803852495605e-01	2752
5.171622141558203e-01	6.472763239956455e-01	2753
1.067827811668905e+00	-9.293961690145808e-02	2754
1.062876766984560e+00	8.167416936384084e-02	2755
1.063886298678119e+00	-7.943425660289932e-02	2756
4.313763120604991e-01	-6.397983488182898e-01	2757
6.299393079296234e-01	-6.365252695035900e-01	2758
8.321188081909137e-02	-5.101114306094302e-01	2759
1.297504720117265e-01	-5.428209131888383e-01	2760
1.777541706867332e-01	-5.694356511639457e-01	2761
2.243500109495649e-01	-5.876475899773117e-01	2762
2.820079637681103e-01	-6.085890781778601e-01	2763
3.531569429956193e-01	-6.274492098019139e-01	2764
-1.242574123775460e-01	-3.158994555585038e-01	2765
9.424898751749597e-01	-5.722003712636854e-01	2766
-8.113532934992103e-02	1.247018061282603e-02	2767
8.516928608384451e-01	-6.396074733046562e-01	2768
5.456298861158356e-01	-7.234999701150499e-01	2769
1.012690564452030e+00	-9.284681519860552e-03	2770
1.014923982677519e+00	-1.322062659944247e-02	2771
1.049242471615147e+00	-5.537771105261260e-02	2772
1.006100346352316e+00	-3.381058216563405e-03	2773
1.039117201267261e+00	-4.199721931947226e-02	2774
3.926156775849263e-01	7.184851018448088e-01	2775
7.983464318907405e-01	-6.682210103589221e-01	2776
-1.465363782838078e-01	-1.098129856340108e-01	2777
-1.494611962585934e-01	-1.575992672511777e-01	2778
1.010882973912467e+00	-6.323839109195800e-03	2779
9.802683984594370e-01	-5.341758250718618e-01	2780
-8.291428635242443e-02	4.157492194479838e-01	2781
-6.157088522762193e-02	4.483604948016593e-01	2782
1.062350442599314e+00	-4.089672232325506e-01	2783
8.997471128973555e-01	-6.073738548346935e-01	2784
1.038419448203913e+00	4.243066735693441e-02	2785
1.048517863793109e+00	5.604943093755242e-02	2786
-8.546023779747870e-02	4.799094877159671e-03	2787
9.300883389210590e-02	6.038726258454226e-01	2788
1.550029463541429e-01	6.419753789976028e-01	2789
-1.488196825085294e-01	-1.307030055902712e-01	2790
1.020301932533802e+00	-2.285483599907152e-02	2791
4.660597570071324e-01	-7.230368998378924e-01	2792
1.099848188023705e+00	-2.025662799914962e-01	2793
1.099491100440740e+00	-2.426880768260136e-01	2794
1.087952855416767e+00	-3.237202211665952e-01	2795
-1.411231440963774e-01	7.360293410531189e-02	2796
1.060474202408081e+00	6.933538512857691e-02	2797
4.085074236670355e-02	5.631230326223829e-01	2798
-4.541652921020922e-02	-4.620065298797666e-01	2799
2.469388373589126e-02	-5.405219641773702e-01	2800
1.018375848466939e+00	1.834999902331776e-02	2801
-1.158455150229815e-01	-4.713438954245319e-02	2802
1.023277964994493e+00	2.221010967253687e-02	2803
-7.119868368522096e-02	-4.259339531574425e-01	2804
7.395310190180645e-01	-6.924279718824650e-01	2805
1.040284419010205e+00	-4.510446140318056e-01	2806
-1.386551206552021e-02	-5.014173965592071e-01	2807
1.018786020959102e+00	-2.038691623035036e-02	2808
-1.403814121675813e-01	-7.603039108019038e-02	2809
1.008098752809662e+00	-4.191478235173577e-03	2810
1.008957563997416e+00	5.240230523523002e-03	2811
1.004255371966546e+00	2.313574633367490e-05	2812
-1.163405077842530e-01	4.502078908448585e-02	2813
-3.486656760245292e-02	4.847770783965189e-01	2814
1.026738566793296e+00	-3.042352367466567e-02	2815
1.018136007955244e+00	-1.467681621522389e-02	2816
1.004067008524839e+00	1.447689620305806e-03	2817
1.014708231359935e+00	1.339281503546141e-02	2818
1.004431853737773e+00	2.370938085838852e-03	2819
1.075703631453806e+00	-3.660660655922422e-01	2820
1.013158990003453e+00	-4.933602432229107e-01	2821
-1.512175772117812e-01	1.277139416770140e-01	2822
6.755877155928472e-01	-7.108687590996270e-01	2823
-1.479605586953518e-01	1.063321295068655e-01	2824
1.012543511162448e+00	9.433299279865800e-03	2825
-1.438377060869605e-01	-9.096669952180224e-02	2826
-1.449067052283620e-01	8.801679774453697e-02	2827
1.094824745255407e+00	-2.848866191218674e-01	2828
1.010785333066381e+00	6.452007412208801e-03	2829
1.009034558573179e+00	-5.135850035056465e-03	2830
-6.289100420331303e-04	5.243852073709424e-01	2831
-9.251001525437549e-02	-1.301986472854104e-02	2832
-9.704244148018422e-02	-2.930128208698790e-02	2833
1.060999776312804e+00	-6.777605988138727e-02	2834
1.026226566535945e+00	3.071342720726551e-02	2835
-1.027782928055432e-01	3.772992791721075e-01	2836
1.008037152237312e+00	4.284119356678711e-03	2837
1.006053181104500e+00	3.447697839963560e-03	2838
1.004085052524452e+00	-1.404211174567375e-03	2839
1.083318949512351e+00	1.060308987635438e-01	2840
3.111797648232894e-01	6.998414342189897e-01	2841
-1.454650744514136e-01	2.460757731208694e-01	2842
-1.501874861843744e-01	2.154542583819747e-01	2843
-1.518472382260777e-01	1.875453620911730e-01	2844
-1.525780426236878e-01	1.585809924073522e-01	2845
1.004462260153063e+00	-2.323900648727404e-03	2846
-1.375862484655217e-01	-6.292157108151047e-02	2847
-1.383180971708447e-01	6.056325061249444e-02	2848
2.316563746414133e-01	6.749495670737328e-01	2849
-9.766089448217441e-02	2.937291865378897e-02	2850
1.089361083229508e+00	-1.194124773992544e-01	2851
1.097259027997949e+00	-1.699492650799969e-01	2852
-1.414638900258333e-01	-2.509496760488444e-01	2853
-1.351422452265247e-01	-2.812050289435777e-01	2854
-9.251050382026971e-02	-3.887623751078719e-01	2855
-1.111201869569139e-01	-3.515923282466274e-01	2856
-1.488025765612396e-01	-1.861121910251691e-01	2857
-1.469633949546676e-01	-2.167188388295385e-01	2858
1.089068597069375e+00	1.306498998308194e-01	2859
1.093993957868501e+00	-1.445388331328075e-01	2860
1.093404978242920e+00	1.619474031884682e-01	2861
1.095722675751623e+00	1.972111844021483e-01	2862
1.096624834473313e+00	2.331135172983027e-01	2863
1.093844623147748e+00	2.793632545083920e-01	2864
1.086374617458213e+00	3.246361785180676e-01	2865
1.072920311829290e+00	3.701734562817457e-01	2866
1.057443212817371e+00	4.156090087595655e-01	2867
1.033182918555978e+00	4.598238740403955e-01	2868
1.003554800832245e+00	5.031153012920918e-01	2869
9.679544749547005e-01	5.447875170712204e-01	2870
9.265497187124697e-01	5.842694610724616e-01	2871
8.802059040291066e-01	6.203641316941956e-01	2872
8.128125218562857e-01	6.589562921737777e-01	2873
-1.204366146228620e-01	3.382683472710832e-01	2874
-1.318790118240822e-01	3.032677074186934e-01	2875
-1.403702694496068e-01	2.727400585783042e-01	2876
7.277771275119559e-01	6.950784622507722e-01	2877
6.373663239191989e-01	7.193556529444096e-01	2878
5.569241663709359e-01	7.274192693250541e-01	2879
4.769126284274021e-01	7.278571087211670e-01	2880
1.083725538705947e+00	-9.818704284489581e-02	2881
1.078030626099165e+00	-8.264116285686567e-02	2882
1.077475553403329e+00	8.669804436902138e-02	2883
6.059289279374054e-01	-7.203389094143633e-01	2884
6.959438478674142e-02	-5.781432664514067e-01	2885
1.204236029728180e-01	-6.153400478058575e-01	2886
1.746422449078507e-01	-6.449731887574267e-01	2887
3.795414517477361e-01	-7.123366220192200e-01	2888
2.275102891830254e-01	-6.677347800230969e-01	2889
2.975258555633339e-01	-6.922535573593448e-01	2890
-7.524936709596505e-02	-5.176578289255119e-01	2891
-1.164688235167632e-01	4.606100602192776e-01	2892
3.308671691386718e-01	7.937330294239052e-01	2893
1.048748891413959e+00	-4.626287236462285e-02	2894
-1.674771274184163e-01	-3.100522261160212e-01	2895
1.005550681674406e+00	-2.385099160625198e-03	2896
1.048148725685452e+00	4.691341161548315e-02	2897
4.231226284834118e-01	8.123427859424182e-01	2898
1.123607311878234e+00	-4.045549533242782e-01	2899
8.410977766762602e-02	6.857919812313482e-01	2900
5.050392597884130e-01	-8.144272379222719e-01	2901
-1.442333365395421e-01	-3.909600550642914e-01	2902
-1.337933018309309e-01	-4.960325424608289e-02	2903
1.014881395365228e+00	1.066058655603478e-02	2904
1.075862023112377e+00	-5.037992780924269e-01	2905
1.010782376810760e+00	-4.446170007667161e-03	2906
1.009525543708701e+00	-3.713602890042697e-03	2907
1.004978520249304e+00	1.621063582984591e-03	2908
1.024894969355134e+00	-2.266764057883206e-02	2909
1.027837918341702e+00	-2.534727621497108e-02	2910
7.324547461416432e-01	-7.886609964601340e-01	2911
5.802160035614184e-01	-8.098654761613251e-01	2912
1.046838186158724e+00	-5.542845802186581e-01	2913
-1.769736807319698e-01	-1.722627551109757e-01	2914
1.007291548235768e+00	-3.254089921456072e-03	2915
-1.363405101240004e-01	4.186131083896185e-01	2916
1.004571960454075e+00	-7.490070361589005e-04	2917
1.027195619832293e+00	2.552095036879903e-02	2918
1.120626865973758e+00	-3.561626803665108e-01	2919
-1.712785659904982e-01	-1.175187484552405e-01	2920
-1.531195138549300e-01	3.762593931289754e-01	2921
-1.754330811964165e-01	-1.433064517717315e-01	2922
1.031987993347123e+00	-3.196685655101264e-02	2923
-9.443187604526325e-02	1.529872203007982e-02	2924
-1.576178243957283e-01	-3.480762129971348e-01	2925
-1.253174485488696e-01	-4.318160801880792e-01	2926
1.127504608352706e+00	-2.229018192776263e-01	2927
1.073561351460689e+00	7.301107647549956e-02	2928
1.058860199979297e+00	-5.941052329775477e-02	2929
8.648824413259826e-01	-7.285590721220486e-01	2930
1.689092767969307e-01	-7.300203393534679e-01	2931
4.114263201879689e-01	-8.066395261944784e-01	2932
9.691911819634572e-01	-6.483996725430955e-01	2933
6.529421477796088e-01	-8.065777787062937e-01	2934
1.012625983188714e+00	-7.245676364439576e-03	2935
1.015051093882924e+00	-1.047956550223191e-02	2936
1.058135398669957e+00	6.025829088248719e-02	2937
1.007244659727699e+00	3.336988418133717e-03	2938
8.022669658167206e-01	-7.617551312467616e-01	2939
1.018178412732562e+00	1.442746208210628e-02	2940
1.009469504711723e+00	3.826858256538966e-03	2941
1.011287722801197e+00	-6.029299670861112e-01	2942
-2.497460197549150e-02	5.910278932285520e-01	2943
1.095123132679479e+00	-4.530537926142611e-01	2944
9.204714383841758e-01	-6.904545156990088e-01	2945
1.041504621787044e+00	3.595489349593558e-02	2946
1.042094054860300e+00	-3.545830329470657e-02	2947
-9.397443534059165e-02	4.995682058356956e-01	2948
1.129138044403381e+00	-2.673581242176077e-01	2949
2.326865454064279e-02	6.379439047353479e-01	2950
-1.029304546903423e-01	-4.753391287112171e-01	2951
-3.951778172286714e-02	-5.645980816622731e-01	2952
1.020197590450162e+00	-1.728666237531414e-02	2953
-1.130450444742247e-01	3.254195694564721e-02	2954
-6.338495074410001e-02	5.432778243526892e-01	2955
1.004561964718099e+00	7.989567707306338e-04	2956
-1.730373384777290e-01	1.133931701824317e-01	2957
-1.681585544524975e-01	9.351174048508039e-02	2958
1.010714056575064e+00	4.576056721723097e-03	2959
-1.669986325436535e-01	-9.712836330932013e-02	2960
-1.602218821066173e-01	-7.201178972510129e-02	2961
-1.343423341676752e-01	4.728582365947138e-02	2962
1.127142128951201e+00	-3.106627788958314e-01	2963
1.012511832773401e+00	7.397446820905546e-03	2964
-1.080810651559993e-01	-1.741866088027766e-02	2965
-1.117191819517278e-01	-3.231737842569987e-02	2966
1.031448885856612e+00	3.232839764677826e-02	2967
1.005518096603381e+00	2.445968638337123e-03	2968
1.004999501005119e+00	-1.566360824567406e-03	2969
-1.812351598714584e-01	2.358000181491230e-01	2970
-1.783591737834431e-01	1.419013879127587e-01	2971
-1.816435112023128e-01	2.032190195491794e-01	2972
-1.803408245612446e-01	1.736924375227114e-01	2973
-1.609178810741490e-01	6.922917366677325e-02	2974
2.450104140420416e-01	7.668533243160716e-01	2975
1.605771814932692e-01	7.312643426148007e-01	2976
-1.000751738418181e-01	2.923569953863889e-04	2977
-1.736836974768314e-01	-2.731883744898633e-01	2978
-1.783567295565192e-01	-2.029857216611617e-01	2979
-1.768520065826196e-01	-2.387748944394507e-01	2980
1.102886447510750e+00	1.145439166657269e-01	2981
1.110028698116448e+00	-1.286111524526095e-01	2982
1.111049130965072e+00	1.436908706556911e-01	2983
1.116607541936525e+00	-1.545673652438272e-01	2984
1.118026934263983e+00	1.782141766961833e-01	2985
1.122741683623578e+00	-1.843516847696396e-01	2986
1.123151812756391e+00	2.146935941491673e-01	2987
1.126516163885990e+00	2.584099831596835e-01	2988
1.125433820244004e+00	3.081524642893280e-01	2989
1.118614104451805e+00	3.592949304790988e-01	2990
1.108185419346711e+00	4.079847860066187e-01	2991
1.089227959172816e+00	4.623625203173572e-01	2992
1.067577281064826e+00	5.159108281779220e-01	2993
1.035621445091553e+00	5.675368350788516e-01	2994
9.964852236036432e-01	6.174144871589660e-01	2995
9.503205990237139e-01	6.641630536094663e-01	2996
8.865053777632985e-01	7.122318130505847e-01	2997
-1.654861694028535e-01	3.333845570584529e-01	2998
-1.736104611269996e-01	2.982641275940016e-01	2999
-1.779059005986139e-01	2.659636671219217e-01	3000
8.029360071790972e-01	7.582565407242046e-01	3001
7.043765631861014e-01	7.954972820674818e-01	3002
6.046291536326427e-01	8.149329419475767e-01	3003
5.157450922991147e-01	8.190125375757094e-01	3004
1.102109409866868e+00	-1.046801785876381e-01	3005
1.073505455612800e+00	-7.013707927833072e-02	3006
1.094184833584966e+00	-8.554743512678104e-02	3007
1.094477995160585e+00	9.218066311329412e-02	3008
3.004888123479238e-03	-6.112186275829545e-01	3009
5.234943754746187e-02	-6.542235801758397e-01	3010
1.104993334952756e-01	-6.969233030292235e-01	3011
3.174847134427239e-01	-7.864704079302366e-01	3012
2.344767494973364e-01	-7.587197818195415e-01	3013
1.056894699404260e+00	5.055796397391681e-02	3014
1.114065677654312e+00	-5.594556393557786e-01	3015
-2.020374227564085e-01	1.226316130013298e-01	3016
1.008623374351015e+00	-2.924545386927177e-03	3017
1.166954442463353e+00	-3.775601114917686e-01	3018
1.164209586156758e+00	-3.392324754463917e-01	3019
3.558861664211719e-01	8.990308031340740e-01	3020
8.027204741554270e-01	-8.677340637985397e-01	3021
1.005501600505669e+00	8.395814740409411e-04	3022
1.006014444027339e+00	-1.478006769269529e-03	3023
1.033509749762174e+00	2.632134492431942e-02	3024
4.127956893573510e-03	7.232081059021204e-01	3025
8.779727492371247e-01	-8.294129923102009e-01	3026
1.012544369486106e+00	-5.266030175354266e-03	3027
1.017487650634258e+00	-1.196974535482170e-02	3028
2.456179725240490e-01	-8.617563300064056e-01	3029
1.086045370805176e+00	-6.204033053312120e-01	3030
1.046225162346295e+00	4.215832037196662e-02	3031
1.069971624419061e+00	-6.103511071909065e-02	3032
7.813667765534020e-02	7.803534782557754e-01	3033
9.700800121308362e-02	-7.878325152759539e-01	3034
1.022545352378164e+00	-1.967444198934050e-02	3035
1.005123157772757e+00	2.853871077274752e-05	3036
1.027911676176512e+00	2.071446698690702e-02	3037
-2.090351304617353e-01	-1.859676350634469e-01	3038
-1.281535161346680e-01	-3.364246597101850e-02	3039
1.005512429729809e+00	-7.777852438520489e-04	3040
-2.105822580653389e-01	-2.980423466467698e-01	3041
-1.135986544361147e-01	-4.230212460585963e-03	3042
2.582241737751630e-01	8.700026348220953e-01	3043
-1.557899689350340e-01	5.088067836738027e-01	3044
-1.089764603605736e-01	1.566159634860027e-02	3045
1.038321199130225e+00	-3.127416320162095e-02	3046
1.089153898393057e+00	7.627882334913791e-02	3047
4.604579086495953e-01	9.162519432123869e-01	3048
-9.715872786811434e-02	6.088740537312995e-01	3049
-1.096593873612289e-01	-5.803195791074177e-01	3050
-2.126351146722837e-01	1.869459217836880e-01	3051
-2.047824718997834e-01	-3.396714102090659e-01	3052
7.146974859284457e-01	-8.968246337724302e-01	3053
1.649578550120336e-01	-8.270798348633777e-01	3054
-1.392956777639672e-01	-5.288293234762501e-01	3055
4.494128929335995e-01	-9.108851215590217e-01	3056
-1.965731935928142e-01	-3.833826772981031e-01	3057
1.017290333736114e+00	1.218376384993366e-02	3058
1.008579888299930e+00	3.026133576426242e-03	3059
1.021589947096909e+00	-1.406761334356349e-02	3060
9.436231581793770e-01	-7.841942629312247e-01	3061
-2.123180235497219e-01	-2.591048710649738e-01	3062
1.006640160457223e+00	-2.343305765009900e-03	3063
-1.759849420802323e-01	4.626452990212840e-01	3064
1.021396842235113e+00	1.623038483484048e-02	3065
1.029224075589705e+00	-2.086453491876311e-02	3066
1.164153118442648e+00	-2.907075755615623e-01	3067
-2.039983554221608e-01	3.673988261453752e-01	3068
-1.913004471611097e-01	4.155307490255658e-01	3069
-1.538723339838121e-01	-5.099726441589567e-02	3070
-1.813991861339178e-01	-4.325401775559792e-01	3071
1.057481963400155e+00	-4.976855107119476e-02	3072
3.434085459827628e-01	-8.921438891067266e-01	3073
1.000049776605476e+00	-7.336675436495538e-01	3074
5.846499732549002e-01	-9.118834508420732e-01	3075
1.014687142418289e+00	-8.202517693216898e-03	3076
1.069426884039911e+00	6.220982656693723e-02	3077
1.010897867003687e+00	-2.803950675176813e-03	3078
1.047480730654043e+00	-6.788635196463196e-01	3079
-5.253783740017604e-02	6.664453783479612e-01	3080
1.153346499810745e+00	-4.547892004465617e-01	3081
1.137408046778041e+00	-4.981913809668766e-01	3082
1.034103843464010e+00	-2.603142256942954e-02	3083
-1.310685508656919e-01	5.574229750578763e-01	3084
-1.641235803662838e-01	-4.788400309759180e-01	3085
-1.856927158343439e-01	-7.844414609957677e-02	3086
-1.544722396542985e-01	4.845240451914747e-02	3087
1.010854167897899e+00	2.937515998840842e-03	3088
1.012461698075888e+00	5.419703303298373e-03	3089
-1.946137072103848e-01	9.749480540371311e-02	3090
-1.933895978053275e-01	-1.020854294791540e-01	3091
-2.083304187761430e-01	1.558961064184641e-01	3092
-1.302878353248333e-01	3.463510785337805e-02	3093
1.014555388983481e+00	8.382771895037194e-03	3094
-1.247338722738509e-01	-2.121552891862826e-02	3095
1.037797944240358e+00	3.172732137787184e-02	3096
1.005993832104469e+00	1.545883848564447e-03	3097
1.006606957082343e+00	2.418582378230661e-03	3098
-1.997673865253096e-01	-1.259648286797874e-01	3099
-2.049587745883769e-01	-1.560305187495142e-01	3100
-2.158838066099041e-01	2.197964421284115e-01	3101
-1.864406328068653e-01	7.476374486414511e-02	3102
1.663237091109882e-01	8.318736498254771e-01	3103
-2.127968571333977e-01	-2.220575392068486e-01	3104
1.125823684694056e+00	1.239662741017265e-01	3105
1.133641800026152e+00	-1.364587626214929e-01	3106
1.137122719015858e+00	1.565552865173729e-01	3107
1.143209682916291e+00	-1.646294887855947e-01	3108
1.146927704836404e+00	1.929493969421190e-01	3109
1.152355852011460e+00	-2.002862631345325e-01	3110
1.155611613669492e+00	2.344406740526736e-01	3111
1.160139156321513e+00	-2.439944485372699e-01	3112
1.161416966281086e+00	2.843642952953752e-01	3113
1.162397577186511e+00	3.394662495739070e-01	3114
1.158140248809691e+00	3.936175582592753e-01	3115
1.146701427486412e+00	4.523977661033414e-01	3116
1.130724784470656e+00	5.108503913925915e-01	3117
1.104129550800203e+00	5.749474634580393e-01	3118
1.073082179136322e+00	6.382000450092123e-01	3119
1.030049362706821e+00	6.979863312806258e-01	3120
9.701530444889706e-01	7.588545875329029e-01	3121
-2.110367199613503e-01	3.252089076971462e-01	3122
-2.152169009047765e-01	2.871788457543871e-01	3123
-2.163149981300875e-01	2.548031338162025e-01	3124
8.887172645011576e-01	8.183177481404771e-01	3125
7.870045119403367e-01	8.702385763108975e-01	3126
6.722063868164523e-01	9.056882566634925e-01	3127
5.631890574105805e-01	9.189610247719397e-01	3128
1.123540455367849e+00	-1.108805403937978e-01	3129
1.088070583048220e+00	-7.147747449714807e-02	3130
1.112845196646686e+00	-8.903832247217834e-02	3131
1.114438298738387e+00	9.753485154966443e-02	3132
-7.001185402999387e-02	-6.344505474186403e-01	3133
-2.291629642684363e-02	-6.899680153086999e-01	3134
3.324715203287298e-02	-7.402934363357611e-01	3135
1.049414944720167e+00	3.485724164021664e-02	3136
9.681980830129848e-01	-8.906408140950155e-01	3137
1.006517319551932e+00	-5.868805482760567e-04	3138
1.017352776308730e+00	-9.053014242212899e-03	3139
-1.829692525234279e-01	-5.877242657190908e-01	3140
-8.316153320869160e-02	7.523012529137988e-01	3141
1.024420129029070e+00	1.782899652042502e-02	3142
1.183738995636157e+00	-5.510251813176622e-01	3143
1.128936649704070e+00	-6.908185516243910e-01	3144
1.035088762183679e+00	-2.020994120784570e-02	3145
-1.447445156759041e-01	-2.824178502697115e-02	3146
-1.251594767588180e-01	1.369555908604338e-02	3147
-1.354534945396039e-01	6.835858016435765e-01	3148
-1.437761635951145e-02	8.216673372442843e-01	3149
2.751129432848771e-01	9.861837686793004e-01	3150
1.067074741570581e+00	5.419361582609215e-02	3151
3.766103237759735e-01	-1.010011519270151e+00	3152
2.624147215281839e-01	-9.781606994347991e-01	3153
-2.532002275308999e-01	-2.801354132068201e-01	3154
1.014401638064459e+00	6.229880838361238e-03	3155
1.023903058222468e+00	-1.654436191010967e-02	3156
-2.546754873921355e-01	3.538795301052508e-01	3157
7.933435806956528e-01	-9.883412868723011e-01	3158
1.014498378688178e+00	-6.048995933835473e-03	3159
1.021836907897062e+00	2.006223882056511e-02	3160
-2.018398356241193e-01	5.622156602950252e-01	3161
1.044804247106681e+00	-2.921627407392927e-02	3162
-2.522565230505176e-01	-3.247340462024034e-01	3163
-2.461128972354149e-01	-2.000740206752184e-01	3164
1.017204558046053e+00	9.271200695326878e-03	3165
-1.779793517693908e-01	-5.437411828991448e-02	3166
-2.220713103405679e-01	5.098305747274869e-01	3167
1.107181724116804e+00	7.963167675109410e-02	3168
1.199173601952319e+00	-4.963382914354847e-01	3169
1.210554859501249e+00	-4.251427911214241e-01	3170
1.152790849443732e+00	1.330290558890457e-01	3171
-2.496472145368601e-01	1.997162980515330e-01	3172
3.884423056423473e-01	1.016588043695440e+00	3173
1.067665022475185e+00	-5.325154764968341e-02	3174
1.082476679841225e+00	-6.142520087534479e-02	3175
1.034222553431675e-02	-8.366018402086620e-01	3176
-2.488611482846850e-01	-3.702271820662243e-01	3177
1.162218926775527e+00	-6.186199019902782e-01	3178
5.071124277426070e-01	1.030625912261218e+00	3179
8.887387851866723e-01	-9.443426155758008e-01	3180
1.009962839267499e+00	-2.302501783378908e-03	3181
1.012454012568064e+00	-3.739041623687066e-03	3182
1.051578774123245e+00	-3.707069293429928e-02	3183
1.056129489313939e+00	-4.044869006308894e-02	3184
1.644387218060439e-01	-9.379561238854626e-01	3185
1.020817263801392e+00	1.248011136741291e-02	3186
1.006105227716390e+00	3.483984444835081e-05	3187
-1.495185626498072e-01	3.541200218205712e-02	3188
7.277635034212271e-02	8.879163205286214e-01	3189
-2.268295695125325e-01	-4.754525809752767e-01	3190
-2.371419080251942e-01	4.560561466483363e-01	3191
8.231956460818217e-02	-8.906263684958274e-01	3192
6.621959811541105e-01	-1.017205564042782e+00	3193
-2.081842903695485e-01	-5.313823015045668e-01	3194
1.009927391859497e+00	2.423351724709742e-03	3195
1.044318343155020e+00	2.976566437402712e-02	3196
1.007872770321548e+00	-2.151050990039145e-03	3197
1.007148032801383e+00	-1.317850451246004e-03	3198
1.026750184350170e+00	-1.879119604205975e-02	3199
1.210588784384756e+00	-3.551827901334565e-01	3200
1.205056634745916e+00	-3.149684414863882e-01	3201
-2.473798032494289e-01	4.042278573294861e-01	3202
-2.412284791376213e-01	-4.236427732777717e-01	3203
1.034802890584942e+00	-8.296058515764231e-01	3204
5.155147299229471e-01	-1.024199831169870e+00	3205
1.082362577030759e+00	6.348385782561279e-02	3206
1.089081704520030e+00	-7.630502015432130e-01	3207
-1.733233161130061e-01	6.214128850328630e-01	3208
-2.391554317170256e-01	-1.663919996838957e-01	3209
1.012394945707250e+00	3.893265935230717e-03	3210
-1.782487655176190e-01	5.132402864092389e-02	3211
-2.140997729203958e-01	-8.210338136647068e-02	3212
-2.250004641335195e-01	1.020832519756585e-01	3213
-2.429165239978368e-01	1.667974111404933e-01	3214
-1.339428050026837e-01	-2.914284604618404e-03	3215
1.039988576792261e+00	2.560233138010980e-02	3216
1.040522638913350e+00	-2.518506117363009e-02	3217
1.006508700501260e+00	6.619366436926812e-04	3218
1.007128835813105e+00	1.400885501855644e-03	3219
1.007841163339438e+00	2.243120795686815e-03	3220
-2.234882683955858e-01	-1.066635598018844e-01	3221
-2.317640116449735e-01	-1.357022970440999e-01	3222
-2.346349487339508e-01	1.335708680978186e-01	3223
-2.147688687600044e-01	7.732627578329221e-02	3224
1.716112582496498e-01	9.449680535184485e-01	3225
-2.509025489042025e-01	-2.407828146763810e-01	3226
1.160975049901137e+00	-1.429053543444439e-01	3227
1.167287218463235e+00	1.681357796661717e-01	3228
1.174042689111687e+00	-1.757451347526988e-01	3229
1.181039919405796e+00	2.076983740544835e-01	3230
1.187186518542674e+00	-2.166627045354139e-01	3231
1.193272614822524e+00	2.556508052026973e-01	3232
1.197870570833615e+00	-2.643232125308794e-01	3233
1.202421116674970e+00	3.115375952181854e-01	3234
1.205808916245937e+00	3.704915264046002e-01	3235
1.202994211014198e+00	4.332902896861312e-01	3236
1.193995543388064e+00	4.972298760061631e-01	3237
1.175780165937567e+00	5.677254266727746e-01	3238
1.151228846251395e+00	6.380036060126242e-01	3239
1.113095678038231e+00	7.132684658165168e-01	3240
1.063722017865020e+00	7.924561703180825e-01	3241
-2.543335740192545e-01	2.366620451626714e-01	3242
-2.569622338163167e-01	3.107893043653366e-01	3243
-2.570626844011905e-01	2.722120965036143e-01	3244
9.868389063170019e-01	8.694925276373530e-01	3245
8.848987656637610e-01	9.400946512348184e-01	3246
7.608577574939726e-01	9.955070349404016e-01	3247
6.296402137276768e-01	1.025391421057275e+00	3248
1.147873750123378e+00	-1.160748637704641e-01	3249
1.105187163076756e+00	-7.264014801143961e-02	3250
1.134492826669586e+00	-9.199213706563436e-02	3251
1.137760830308402e+00	1.032801053886240e-01	3252
-1.499684112095374e-01	-6.507738572028452e-01	3253
-1.066784968286766e-01	-7.126082890123052e-01	3254
-5.245118574601466e-02	-7.785785377421892e-01	3255
-2.950930446482845e-01	-2.576532287956878e-01	3256
-2.911771148965583e-01	2.130307494669796e-01	3257
5.941067051066881e-01	-1.146499170049986e+00	3258
1.072838018941172e+00	-9.384207271294726e-01	3259
-1.149183780465413e-01	8.509768909733925e-01	3260
-2.996028724142408e-01	-4.043439148518395e-01	3261
-2.538358327706552e-01	6.230265716730247e-01	3262
4.313711805280849e-01	1.147024383097224e+00	3263
1.055676798269449e+00	4.121461602865442e-02	3264
1.009140228858480e+00	-1.672656520620442e-03	3265
1.012518427834001e+00	-1.870096593886139e-03	3266
1.065520181756110e+00	-4.331799652671904e-02	3267
-1.563869586428841e-02	-9.451520419085090e-01	3268
2.866752880094974e-01	-1.109144827037544e+00	3269
4.326736445262610e-01	-1.140486652656554e+00	3270
1.025214273446061e+00	-1.300120738190871e-02	3271
-2.217877326752569e-01	6.926715198329664e-01	3272
-8.672438928899795e-02	-8.777630890670349e-01	3273
1.019906022351725e+00	1.064774273390982e-02	3274
1.020079089892739e+00	-1.039221009049763e-02	3275
1.790956469926046e-01	1.072397785826942e+00	3276
1.016763969451589e+00	-6.937504419372989e-03	3277
-1.709034891437374e-01	3.470796009789092e-02	3278
-2.040293844314561e-01	-5.709764841006458e-02	3279
-3.052154521701118e-01	3.346711379033384e-01	3280
1.028668432309452e+00	1.625716038924367e-02	3281
-2.459392887842162e-01	-8.382607388659113e-02	3282
1.065113603300967e+00	4.367769013886953e-02	3283
-2.783783516751416e-01	-1.755999284435185e-01	3284
-2.823136709414968e-01	1.757238575487032e-01	3285
2.989851094261985e-01	1.116902123769029e+00	3286
-2.590085608437579e-01	-5.874451776627662e-01	3287
1.183785907906270e+00	1.409618959299358e-01	3288
1.182583621090205e+00	-7.677132849331277e-01	3289
5.719511641880806e-01	1.154188372851255e+00	3290
-2.876921965667048e-01	-2.155204934469163e-01	3291
1.128428983560325e+00	8.268247072877159e-02	3292
1.690125868190863e-01	-1.064463925797431e+00	3293
-2.337735194497027e-01	-6.539220411127662e-01	3294
1.096439095329274e+00	-6.024654354023375e-02	3295
9.922177117028426e-01	-1.012490590776097e+00	3296
-3.309043670868785e-02	9.344547153641920e-01	3297
1.239598083367419e+00	-6.061493150701780e-01	3298
1.035091929812135e+00	2.056485671855417e-02	3299
-1.781896725016132e-01	7.691599013353175e-01	3300
1.078566758168580e+00	5.518963024776463e-02	3301
1.016651014950892e+00	7.150294902403704e-03	3302
1.024418171099680e+00	1.393146346726898e-02	3303
1.030646604412861e+00	-1.665239947519338e-02	3304
1.027637246487163e+00	-1.473548060696917e-02	3305
-3.041220197590923e-01	3.863926270223326e-01	3306
7.541564148918638e-01	-1.125597243999717e+00	3307
1.014331451924671e+00	-4.395101828013644e-03	3308
1.046801760949765e+00	-2.280286887917158e-02	3309
-2.996073601767722e-01	-3.030936269228494e-01	3310
-2.749770489943872e-01	5.598269090682161e-01	3311
1.253123871260293e+00	-5.411852470007591e-01	3312
1.261824079930634e+00	-4.699589337937196e-01	3313
1.079067235993074e+00	-5.411973392448709e-02	3314
-3.009930562600652e-01	-3.509090337852975e-01	3315
1.215112019724601e+00	-6.869339327189805e-01	3316
8.913510095236286e-01	-1.076526359469782e+00	3317
1.012488119240418e+00	2.026543373918535e-03	3318
6.865978493866641e-02	-1.007971811372168e+00	3319
-1.423840676669711e-01	1.557149298238545e-02	3320
6.670573914699157e-02	1.009482290874213e+00	3321
-2.913795514991422e-01	-4.650569002092722e-01	3322
-2.902935657450198e-01	4.994648950758364e-01	3323
-2.789859543987082e-01	-5.234663799837928e-01	3324
1.046343966726961e+00	2.334408655540382e-02	3325
1.051661524310705e+00	2.753701191293310e-02	3326
1.008368492024303e+00	-9.886370762556165e-04	3327
1.261656061873943e+00	-3.902466944750952e-01	3328
-2.990002348904259e-01	4.409344499023389e-01	3329
1.099057141491131e+00	6.395198618188157e-02	3330
1.132389550432356e+00	-8.540656102145825e-01	3331
-1.555647139047242e-01	-8.562489428462902e-03	3332
1.014260846937417e+00	4.575540481913649e-03	3333
-1.736828958504976e-01	-2.546636396497842e-02	3334
-2.039475576906307e-01	5.304613833277311e-02	3335
-2.716281910830740e-01	1.418451215689464e-01	3336
1.041344626839649e+00	-1.882864842686148e-02	3337
1.007503505032862e+00	1.219333705282894e-04	3338
1.008353263157612e+00	1.088287881629132e-03	3339
1.009114625235370e+00	1.782556252790095e-03	3340
-2.681627068696425e-01	-1.429426011733360e-01	3341
-2.577588445036306e-01	-1.123833856940282e-01	3342
-2.598065756561256e-01	1.085130098871324e-01	3343
-2.466581710231507e-01	7.852304031476179e-02	3344
1.202450605820392e+00	1.783060145492756e-01	3345
1.192432609164224e+00	-1.494324625366963e-01	3346
1.210145783827960e+00	-1.867486615453101e-01	3347
1.220585119481064e+00	2.234165238529903e-01	3348
1.252846940366503e+00	-3.289134945670445e-01	3349
1.227185084111091e+00	-2.327670977744885e-01	3350
1.237427097677757e+00	2.774418210726135e-01	3351
1.241860908852651e+00	-2.839627970637680e-01	3352
1.249697325797985e+00	3.387531718979624e-01	3353
1.256300223947778e+00	4.046247061934348e-01	3354
1.256158296171156e+00	4.738311688395309e-01	3355
1.247336097674764e+00	5.491561819288009e-01	3356
1.230895492885900e+00	6.270160702456832e-01	3357
1.201827966350860e+00	7.116867212508849e-01	3358
1.161425600463092e+00	7.993097040786352e-01	3359
-2.983935223285579e-01	2.509596292021849e-01	3360
-3.037864723267142e-01	2.913896140384435e-01	3361
1.096593149047145e+00	9.037790315759532e-01	3362
9.988550440368428e-01	9.983513343071092e-01	3363
8.706730688992899e-01	1.079157988807508e+00	3364
7.213692486787610e-01	1.133707974644993e+00	3365
1.175610066755435e+00	-1.191655011975291e-01	3366
1.124748682238611e+00	-7.382935546846758e-02	3367
1.159073846025064e+00	-9.411211163311117e-02	3368
1.165000558607069e+00	1.083436259529855e-01	3369
-1.962640099412938e-01	-7.285760127190494e-01	3370
-1.483722412526477e-01	-8.014050975787941e-01	3371
5.073050700797899e-01	-1.282618271631872e+00	3372
-1.495092368282421e-01	9.648777944668289e-01	3373
-3.570737774882812e-01	-3.787368022664587e-01	3374
1.058939133991480e+00	3.341919782012723e-02	3375
1.052080023169106e+00	-2.797935451710513e-02	3376
-4.304356913586527e-02	-1.068732460762632e+00	3377
5.812961358416052e-02	-1.142546655784068e+00	3378
1.186721305404203e+00	-9.559298808103036e-01	3379
1.010636124445984e+00	-1.153895672543779e+00	3380
-2.248583277534421e-01	8.692092892137047e-01	3381
1.010369380337297e+00	1.027604942753288e-03	3382
-1.629115267553881e-01	1.670102743435194e-02	3383
1.243051754531058e+00	1.884414603117798e-01	3384
3.333063432555884e-01	1.263826639126658e+00	3385
-1.957383786853181e-01	-9.018857332719774e-01	3386
6.152884373196840e-02	1.147221808241520e+00	3387
1.075908034550512e+00	4.711158672069872e-02	3388
1.114133665835882e+00	-5.810230620483356e-02	3389
6.914785393963676e-01	-1.275302434923623e+00	3390
1.028317203461764e+00	1.186621333642727e-02	3391
-2.774041202136390e-01	7.740036907475304e-01	3392
1.014132650121524e+00	-2.604131517384580e-03	3393
1.036420553842172e+00	-1.480604952515437e-02	3394
1.279050586128825e+00	-7.597990716210210e-01	3395
-3.563591300445708e-01	-4.425112300804223e-01	3396
1.112625508851850e+00	-1.063207786586527e+00	3397
1.016485378759473e+00	-5.015325960630016e-03	3398
-3.363276237293474e-01	6.148474598436384e-01	3399
1.010384137344744e+00	-8.997497129524847e-04	3400
-3.383203327005224e-01	2.234898189452266e-01	3401
1.091345700774575e+00	5.438332033835453e-02	3402
-1.938766377920177e-01	-2.927743148140634e-02	3403
1.016403498658573e+00	5.226441535389085e-03	3404
-2.329428050280824e-01	-5.699996906695966e-02	3405
1.228970511958224e+00	-1.549828512710298e-01	3406
4.926953476764673e-01	1.289948434883657e+00	3407
6.638393370555444e-01	1.283411923093346e+00	3408
1.118241660773905e+00	6.514014212550358e-02	3409
-1.258042811253968e-01	-9.892163616335731e-01	3410
-3.610712410405789e-01	4.188505080954848e-01	3411
-3.351576944308186e-01	-2.285954730006838e-01	3412
-3.117101836454481e-01	6.910686085655550e-01	3413
1.063273083392327e+00	-3.379917035683646e-02	3414
1.012503200566966e+00	7.837934411477170e-05	3415
1.809376031566496e-01	-1.208048778663219e+00	3416
3.304498536303479e-01	-1.256741847473625e+00	3417
1.024029564894371e+00	-8.967043316702724e-03	3418
1.019654647634236e+00	-7.353672610613166e-03	3419
1.920357791592701e-01	1.216397436871929e+00	3420
-3.601527118281568e-01	3.613514171900220e-01	3421
-2.328965025632106e-01	5.189393428253297e-02	3422
1.238835023768175e+00	-8.584350523170581e-01	3423
-3.226454193104681e-01	-1.860315030797646e-01	3424
-3.268612514298361e-01	1.846407807619222e-01	3425
1.152912086295821e+00	8.532265264077635e-02	3426
-3.195029246640561e-01	-6.479294933375510e-01	3427
-5.326407116143681e-02	1.062663994354367e+00	3428
1.302573553534323e+00	-6.694959571710605e-01	3429
1.019532813460539e+00	7.608757035710298e-03	3430
1.031285873676502e+00	-1.232465855680175e-02	3431
1.028543504286823e+00	-1.090717527528771e-02	3432
1.041323663495938e+00	1.927268996439474e-02	3433
1.047509354893094e+00	-1.609262617281796e-02	3434
1.316875037098980e+00	-5.884626498148675e-01	3435
1.322431538448128e+00	-5.136267043365150e-01	3436
1.076316292885498e+00	-4.620539318489388e-02	3437
-3.455147478581166e-01	-2.752650440515144e-01	3438
-3.557973324595979e-01	3.110665503759680e-01	3439
8.682623640751914e-01	-1.230341104021068e+00	3440
1.014090323464971e+00	2.783239338001536e-03	3441
-3.396713846922328e-01	-5.770138374177676e-01	3442
-3.502608593320388e-01	5.462744913173117e-01	3443
-3.506107778831760e-01	-5.077151924276814e-01	3444
1.053093119322789e+00	2.027812435314852e-02	3445
1.319594750399921e+00	-4.300853049984689e-01	3446
-3.588201784303283e-01	4.792659576847353e-01	3447
-1.783172751587106e-01	-2.190975366280085e-03	3448
-1.953427136327700e-01	3.377364445003852e-02	3449
-3.132843438927769e-01	1.471458276215575e-01	3450
-2.820531239533803e-01	-8.538978309211283e-02	3451
1.009400408873043e+00	1.097910744036649e-04	3452
-3.093509732353103e-01	-1.477410500644351e-01	3453
-2.988210909069735e-01	1.132696035826057e-01	3454
-2.961007569687120e-01	-1.161517405093220e-01	3455
-2.831124159724020e-01	8.026169546032634e-02	3456
1.219462344847163e+00	1.466841975614043e-01	3457
1.251588088705574e+00	-1.976116323032899e-01	3458
1.266800295356180e+00	2.389571215166169e-01	3459
1.291724987629516e+00	-2.956388730364800e-01	3460
1.273497867356315e+00	-2.472441715911546e-01	3461
1.288065005805727e+00	2.995409792819002e-01	3462
1.307903328469056e+00	-3.523595837619513e-01	3463
1.304828054087849e+00	3.668828950021893e-01	3464
1.315115323410374e+00	4.397780545856051e-01	3465
1.316924036604084e+00	5.196174483839736e-01	3466
1.310574758848361e+00	6.037259962846100e-01	3467
1.292293406580316e+00	6.960735890837607e-01	3468
1.262126614758023e+00	7.933844530375208e-01	3469
-3.485300296953313e-01	2.645933749548144e-01	3470
-3.524703383391825e-01	-3.251497934475674e-01	3471
1.212331909874281e+00	9.043052934762201e-01	3472
1.128761265653507e+00	1.036708690772793e+00	3473
1.001912174919422e+00	1.148298196574708e+00	3474
8.413972693900282e-01	1.236075294491937e+00	3475
1.207225884631986e+00	-1.214294273636865e-01	3476
1.147025327528426e+00	-7.398175801478281e-02	3477
1.186794506337179e+00	-9.382121381070087e-02	3478
1.196232591473717e+00	1.122584817445441e-01	3479
-2.914519335932961e-01	-7.290267869767408e-01	3480
-2.492058216920907e-01	-8.148505491741320e-01	3481
3.957759891258088e-01	-1.420402029360781e+00	3482
1.047353936484198e+00	1.648425079119181e-02	3483
-4.199840986273883e-01	-4.109095146708942e-01	3484
1.008301006463525e+00	-1.321844921446363e+00	3485
-4.269771395235251e-01	4.510919608233709e-01	3486
1.014167875324539e+00	-7.426874481007865e-04	3487
1.134348554218316e+00	-5.680717197646233e-02	3488
2.141024931594635e-01	1.379141595388342e+00	3489
5.822663291086795e-01	1.442455352280391e+00	3490
3.863870126777464e-01	1.427450570248516e+00	3491
1.181092549057386e+00	8.669439457943948e-02	3492
1.061183853419130e+00	-2.410641405757495e-02	3493
-3.794055831251392e-01	7.667211760775803e-01	3494
-3.110105667317401e-01	-9.120078375196232e-01	3495
1.071511231479213e+00	3.513907493712477e-02	3496
6.045608374542633e-01	-1.434357482593036e+00	3497
1.245800227815760e+00	-1.076354750037142e+00	3498
1.024772340317990e+00	9.892681961544454e-03	3499
1.032515983565209e+00	1.373707335772927e-02	3500
1.306859899746164e+00	-9.577606719472680e-01	3501
-3.766280398169737e-01	1.908363758114022e-01	3502
1.140418007932734e+00	6.561890429922179e-02	3503
-4.152929333632848e-01	3.309041539489461e-01	3504
1.022833266779045e+00	-5.460975808296517e-03	3505
1.035752131253729e+00	-9.622740166736901e-03	3506
-3.424071184919072e-01	1.144807655250630e-01	3507
-4.200860760224796e-01	5.955566568162620e-01	3508
1.053800188146794e+00	-2.038917440449614e-02	3509
-3.915261742289014e-01	2.318257978822589e-01	3510
1.105560274438587e+00	5.087656467734892e-02	3511
-2.057852480738099e-01	-4.268116338820580e-03	3512
-3.728756616215551e-01	-1.940780815691701e-01	3513
1.037205646251537e+00	1.508407422302906e-02	3514
-2.213643877368762e-01	-3.260202258175945e-02	3515
1.290231939176295e+00	1.974008926158120e-01	3516
7.906640588783419e-01	1.410017590324378e+00	3517
-4.193397944424451e-01	-5.536184701624099e-01	3518
1.088184616806638e+00	-4.653010171553487e-02	3519
-4.223542768919657e-01	-4.807437893390084e-01	3520
-1.869571702210922e-01	1.095924318151907e+00	3521
-2.661741803905758e-01	-5.483393788724472e-02	3522
1.103627274420410e+00	-4.585271128122548e-02	3523
1.042168990444817e+00	-1.265342578072321e-02	3524
-6.993596135016601e-02	-1.210473689721443e+00	3525
-2.748930389384066e-01	9.845310980752741e-01	3526
-4.260976580394323e-01	5.213758156621221e-01	3527
-1.683330713611709e-01	-1.115258536881748e+00	3528
6.011412156465767e-02	1.303886357796999e+00	3529
-3.394330914984917e-01	8.691146291856233e-01	3530
1.016171439752463e+00	3.488504645521477e-03	3531
1.349490507482527e+00	-8.462746011415343e-01	3532
1.150490233347726e+00	-1.209225909911746e+00	3533
1.016225501856116e+00	-3.279547123240171e-03	3534
-4.050725775822162e-01	6.783969924510800e-01	3535
1.018867303385742e+00	5.886783591111317e-03	3536
1.243514441003867e+00	-1.217683847946405e-01	3537
-2.492820543931290e-01	-1.015517504074480e+00	3538
-4.023531737693827e-01	-2.924214915412339e-01	3539
5.358766498337694e-02	-1.297083052179683e+00	3540
2.093223920095011e-01	-1.371639695612542e+00	3541
1.018960957365820e+00	-5.640125297863226e-03	3542
-4.223826254246665e-01	3.887127128686783e-01	3543
-4.074293666057645e-01	-6.340884112349398e-01	3544
-7.420557562529634e-02	1.208563838034031e+00	3545
1.376882045254149e+00	-7.372466440450123e-01	3546
1.022534803737309e+00	8.781272259421265e-03	3547
1.031710392871686e+00	-8.135924650438005e-03	3548
1.027636511119827e+00	-6.787057975196025e-03	3549
1.389299851663641e+00	-6.431713494578302e-01	3550
1.393301951557034e+00	-5.566408627445452e-01	3551
1.073331382430965e+00	-3.597826872662542e-02	3552
8.171226471199310e-01	-1.402994414596424e+00	3553
1.014154820927590e+00	9.231759029667485e-04	3554
1.059719816885246e+00	2.498038192729717e-02	3555
1.387074459537700e+00	-4.697404080437927e-01	3556
-2.229057337609069e-01	3.295126808046886e-02	3557
-1.864106131880732e-01	1.892969744331411e-02	3558
-3.602459254905791e-01	1.511173128365356e-01	3559
-3.561080808276554e-01	-1.526737452165257e-01	3560
-2.665355199861794e-01	4.933434766208845e-02	3561
-3.389968880244510e-01	-1.164867946140050e-01	3562
-3.240101258375486e-01	8.084621575157143e-02	3563
-3.223544407918500e-01	-8.533624315834192e-02	3564
1.260381420166916e+00	1.513609221286104e-01	3565
1.270916161429044e+00	-1.600885117012582e-01	3566
1.325026971921605e+00	-2.555204726027916e-01	3567
1.299283434597673e+00	-2.062649668252681e-01	3568
1.319824175201412e+00	2.547115506453320e-01	3569
1.349157745816927e+00	-3.099844057391427e-01	3570
1.346852484902715e+00	3.210436369939755e-01	3571
1.370999660553461e+00	-3.827083875824543e-01	3572
1.368618576379823e+00	3.954685868324705e-01	3573
1.382490312921312e+00	4.786501280874016e-01	3574
1.388005788026352e+00	5.677842049469408e-01	3575
1.382104452245761e+00	6.664536776251194e-01	3576
1.364372675426129e+00	7.724203428741214e-01	3577
-4.047082393052546e-01	2.793170287649603e-01	3578
-3.890815324534319e-01	-2.407831509561164e-01	3579
-4.131600951470891e-01	-3.465677958954666e-01	3580
1.329321911670422e+00	8.910275755657608e-01	3581
1.264733935171018e+00	1.031085689867286e+00	3582
1.146778053532579e+00	1.186957801279766e+00	3583
9.905169059369906e-01	1.321694882595114e+00	3584
1.171729751074908e+00	-7.274226845187999e-02	3585
1.218111680005840e+00	-9.203834751154358e-02	3586
1.231825597507325e+00	1.135093894026784e-01	3587
-3.887117877956355e-01	-7.166988999698379e-01	3588
-3.555432569490730e-01	-8.132014084633482e-01	3589
1.042526915659804e+00	1.321820568168718e-02	3590
1.016083573857907e+00	1.920715697115675e-03	3591
6.619745294365055e-02	1.482437715705107e+00	3592
1.085890135244728e+00	3.911716417554559e-02	3593
1.174533536847483e+00	-1.386746248145703e+00	3594
1.026078062663164e+00	-3.053804625815801e-03	3595
4.875647829824917e-01	-1.598397795115038e+00	3596
-4.084630847751715e-01	-1.552538967211550e-01	3597
-3.045187466373684e-01	4.426970812525773e-02	3598
-3.693579499993700e-01	7.765917486170146e-02	3599
1.121461617851814e+00	-4.237391675534843e-02	3600
1.165650721179563e+00	6.501440128605218e-02	3601
7.111186870163785e-01	1.597658834772120e+00	3602
-2.269730600586471e-01	1.246465327751255e+00	3603
-4.938558502875957e-01	4.143445174538158e-01	3604
2.595393951068596e-01	-1.555967293569934e+00	3605
-4.834181427020527e-01	7.482310647245065e-01	3606
-4.984560512124198e-01	-5.199261711552601e-01	3607
1.156906759516599e+00	-5.407711677002574e-02	3608
-3.092930433772504e-01	-1.145888200440019e+00	3609
9.771695090664769e-01	-1.516691765321496e+00	3610
-4.924444268787641e-01	-4.429572498989937e-01	3611
-3.912190981684840e-01	1.131226917817436e-01	3612
1.070301847964084e+00	-2.673543092158221e-02	3613
-3.810130999439431e-01	-1.023064179055988e+00	3614
1.067508057584474e+00	2.994103780566582e-02	3615
-2.521980583895335e-01	-3.273722813743690e-02	3616
-4.820353941979534e-01	-3.713713668271797e-01	3617
1.285080436316822e+00	-1.210523393413460e-01	3618
1.307525964058283e+00	1.537868151894548e-01	3619
1.352127617017206e+00	-2.100665678877807e-01	3620
1.212712979997509e+00	8.631573142784656e-02	3621
1.381083398809031e+00	2.687985644456514e-01	3622
9.564488188304594e-01	1.519446421631661e+00	3623
1.053773374096622e+00	1.303924267592008e-02	3624
-5.017360245955567e-01	4.866399222815228e-01	3625
2.535714952937842e-01	1.562683840322815e+00	3626
4.691998001519998e-01	1.606127219131112e+00	3627
1.306258408679948e+00	-1.220851759017901e+00	3628
1.384012554636848e+00	-1.072840404074571e+00	3629
-4.124603283368447e-01	1.525543891768917e-01	3630
1.095473150987611e+00	4.059347784633569e-02	3631
-4.992383933868361e-01	6.519708399415294e-01	3632
1.060749041029585e+00	-1.575383718357658e-02	3633
1.054285072259413e+00	-1.291773304698985e-02	3634
1.126391913694041e+00	4.862525784045994e-02	3635
-2.359893786667208e-01	1.024984294319393e-03	3636
-4.323736098435129e-01	1.934929314421436e-01	3637
-4.296641710717568e-01	-2.001990436780553e-01	3638
1.036105779203814e+00	1.010918039100440e-02	3639
1.084783394209748e+00	-3.820825892750748e-02	3640
-4.561551183987952e-01	8.546064726700102e-01	3641
-2.537002236930276e-01	2.870763302859860e-02	3642
1.047914505688483e+00	-9.592435927644950e-03	3643
1.041027080721486e+00	-6.751133291073161e-03	3644
-2.143833010012808e-01	-1.260103306013283e+00	3645
-3.283317669254858e-01	1.115402920760792e+00	3646
-5.039267021837179e-01	5.644169374583916e-01	3647
-4.070141643984382e-01	9.812480860340380e-01	3648
1.018537894490557e+00	4.056292685461649e-03	3649
1.431354466451166e+00	-9.417455948410250e-01	3650
1.016112606312461e+00	-1.712237577105340e-03	3651
-4.495769428352644e-01	-2.523996562582840e-01	3652
-4.684142005281924e-01	2.927707573356944e-01	3653
-9.355792402225226e-02	-1.373920899002482e+00	3654
6.265575452610327e-02	-1.475639761991158e+00	3655
1.018602092250760e+00	-3.812998997237280e-03	3656
-4.962978127231077e-01	-6.056002912981719e-01	3657
-4.311504231864968e-01	-9.059947351532669e-01	3658
-9.367399852807155e-02	1.375306327990609e+00	3659
1.460933528786393e+00	-8.165422034784851e-01	3660
1.035191523557325e+00	-4.897418172126423e-03	3661
1.032040390440699e+00	9.175120451982433e-03	3662
1.030837850215865e+00	-3.932143741232064e-03	3663
1.028256558313650e+00	7.817704756248597e-03	3664
1.473779062003266e+00	-7.023531677330667e-01	3665
1.344432404787766e+00	2.060462120871419e-01	3666
1.474116082327247e+00	-6.038898783826910e-01	3667
1.095341029948515e+00	-3.417453830677558e-02	3668
7.350065339113905e-01	-1.590026292355116e+00	3669
1.016114047878068e+00	1.044184283857786e-04	3670
1.060608482656057e+00	1.674136650855174e-02	3671
-2.109575315173144e-01	1.418968130125324e-02	3672
-3.874564150138489e-01	-1.154235581583293e-01	3673
-3.034084119445213e-01	-5.179518751123290e-02	3674
-3.669336006833757e-01	-8.127534599105023e-02	3675
1.318930677625672e+00	-1.624525872666867e-01	3676
1.384015449800159e+00	-2.620282592580643e-01	3677
1.415546958825905e+00	-3.297836442109358e-01	3678
1.414596618030615e+00	3.420350497095719e-01	3679
1.444288128646008e+00	-4.143007257291890e-01	3680
1.441679292451926e+00	4.264732295035548e-01	3681
1.465053162647351e+00	-5.079691777818208e-01	3682
1.460728704893756e+00	5.190250322434788e-01	3683
1.468861808765626e+00	6.226663904070824e-01	3684
1.465586212634040e+00	7.354921554502714e-01	3685
-4.511826711822031e-01	2.405240155243157e-01	3686
-4.671036487155860e-01	-3.072839906350198e-01	3687
-4.837221743909317e-01	3.514401071314152e-01	3688
1.446516461109391e+00	8.618937170274972e-01	3689
1.401147806861974e+00	1.009996997782921e+00	3690
1.307732030961486e+00	1.187633178206985e+00	3691
1.179862394107877e+00	1.386137132745264e+00	3692
1.199625056078953e+00	-6.885153473491737e-02	3693
1.253568105918647e+00	-8.749750137106736e-02	3694
1.272358205634949e+00	1.128824711492925e-01	3695
-4.869139401770570e-01	-6.949785117361155e-01	3696
-4.660334218961026e-01	-7.965513145114438e-01	3697
1.022702292969564e+00	-1.897632946416010e-03	3698
-5.737073924995676e-01	8.270913610452546e-01	3699
1.248819339037714e+00	8.281001713454499e-02	3700
-2.677654165028986e-01	-5.790787472367588e-04	3701
-5.406979759344832e-01	3.048139198461348e-01	3702
1.171854752783020e+00	-1.599219689105157e+00	3703
1.141726584484061e+00	-3.846261232771298e-02	3704
9.245354008780324e-02	-1.680748344965666e+00	3705
-4.167276705373427e-01	-7.429526919093600e-02	3706
-1.082279833535721e-01	1.566564086868068e+00	3707
1.068064035633227e+00	2.111622589184822e-02	3708
-2.866621585847017e-01	2.238230400726497e-02	3709
-3.892503615560147e-01	1.265321027141763e+00	3710
1.194214619952644e+00	6.258925254696972e-02	3711
1.411692857122433e+00	-2.093545122024281e-01	3712
6.164717407860192e-01	-1.785669690407947e+00	3713
-4.951131303322069e-01	1.953376281175078e-01	3714
-5.866961637987833e-01	5.225744244010743e-01	3715
-5.884005756101938e-01	7.152626661254647e-01	3716
-5.854950139538574e-01	-6.595908574126167e-01	3717
5.948014618448392e-01	1.793654418489674e+00	3718
3.381513507241500e-01	-1.760324017366469e+00	3719
-5.839867868953693e-01	-5.644147106893336e-01	3720
-5.600490458887724e-01	-3.961148903009837e-01	3721
-5.413855205527722e-01	9.592674053822952e-01	3722
1.018308448038586e+00	-8.067584590387421e-04	3723
1.035035837989834e+00	5.483480424592498e-03	3724
1.033889771166537e+00	-4.483198104441889e-04	3725
1.029088324720518e+00	-5.571239767442014e-05	3726
1.450917731848484e+00	2.815317396906276e-01	3727
-5.597949120698362e-01	3.710058806619551e-01	3728
1.332365661052735e+00	-1.169940854234311e-01	3729
-4.599175597524779e-01	-1.150528729977318e+00	3730
1.156925303690747e+00	1.604760479002368e+00	3731
8.895443556549940e-01	1.739773463097075e+00	3732
1.109924871464689e+00	3.657492659745466e-02	3733
-5.754184686905373e-01	-4.747154351177277e-01	3734
1.021304147892730e+00	-4.234706704538876e-03	3735
8.758273553226524e-02	1.686417016392171e+00	3736
1.068939268033060e+00	-1.953407044532002e-02	3737
-4.703924609624178e-01	1.493786330181968e-01	3738
-3.456758814631984e-01	4.230031466549288e-02	3739
-3.448818895415215e-01	-4.621553162912447e-02	3740
-2.855860532339431e-01	-2.690135300775115e-02	3741
-2.680445666510715e-01	1.419843608411784e+00	3742
-5.751477011753011e-01	4.415236926543972e-01	3743
-4.672945397013787e-01	-1.546260905315268e-01	3744
1.181633138911846e+00	-4.961636958930803e-02	3745
-5.177051085769608e-01	-1.011527419777814e+00	3746
9.099320156550528e-01	-1.735117412124179e+00	3747
-4.454415000793877e-01	1.090584806586320e-01	3748
1.047941469395939e+00	9.792019865727320e-03	3749
1.109984349294473e+00	-3.258151346840982e-02	3750
1.060562968890685e+00	8.702197229653635e-03	3751
3.224740262552104e-01	1.767270256946975e+00	3752
1.358703343905393e+00	-1.398419851434383e+00	3753
1.467309947660717e+00	-1.211450898843458e+00	3754
1.149704782856503e+00	4.645438010089552e-02	3755
1.060354577060235e+00	-7.848769557314882e-03	3756
1.080933398731405e+00	-2.781160680741053e-02	3757
1.054001850623261e+00	-5.685478404989390e-03	3758
1.041469874530403e+00	7.243672329005441e-03	3759
1.046546360424574e+00	-3.124708270620502e-03	3760
-3.738433030702314e-01	-1.294873019058772e+00	3761
-5.926347240968169e-01	6.123748662240014e-01	3762
-4.818767086783531e-01	1.113681964882292e+00	3763
1.021231950992094e+00	4.516828722436651e-03	3764
1.525788235304693e+00	-1.050254537795462e+00	3765
-5.178915325189697e-01	-2.604412134780211e-01	3766
-2.603868757478150e-01	-1.428562354615437e+00	3767
-1.074856899486580e-01	-1.564085582031687e+00	3768
1.557098930538632e+00	-9.056191166209391e-01	3769
1.039522108151782e+00	-1.360963834193605e-03	3770
1.031446502225725e+00	4.894263192508651e-03	3771
1.570414414754391e+00	-7.712543174483362e-01	3772
1.567894179514131e+00	-6.536180784095935e-01	3773
1.018293811909983e+00	1.047156631462701e-03	3774
-4.196674913051760e-01	7.083557145663404e-02	3775
-4.415899882189677e-01	-1.120013283313243e-01	3776
1.372233830040888e+00	-1.607466220779058e-01	3777
1.361666800982962e+00	1.550520650851315e-01	3778
1.452229265001278e+00	-2.716000629455882e-01	3779
1.406783339055404e+00	2.120869080140724e-01	3780
1.492795117236646e+00	-3.507905216245833e-01	3781
1.492168356871817e+00	3.641531441647723e-01	3782
1.528586653974264e+00	-4.449038101831202e-01	3783
1.526079629315930e+00	4.578027855252498e-01	3784
1.553762883327122e+00	-5.481441796181410e-01	3785
1.549930188694168e+00	5.646697253160526e-01	3786
1.562935331435783e+00	6.824107429869303e-01	3787
-5.184713617208523e-01	2.469200773621281e-01	3788
-4.936653787075261e-01	-2.052990186293728e-01	3789
-5.407691979643285e-01	-3.234778797863186e-01	3790
1.561585629133475e+00	8.152470027305297e-01	3791
1.536610801557213e+00	9.712706327921432e-01	3792
1.471359443361530e+00	1.161376774623475e+00	3793
1.368715992980342e+00	1.368483333777756e+00	3794
1.230905840599966e+00	-6.289346472963513e-02	3795
1.293983408902052e+00	-8.117238827110156e-02	3796
1.318573115808819e+00	1.090212938472881e-01	3797
-5.543921699280192e-01	-8.842701904225644e-01	3798
-5.770554305394164e-01	-7.658031413941024e-01	3799
-1.041033490915688e-01	-1.785341276223502e+00	3800
1.175480894406972e+00	4.263069668403944e-02	3801
-3.073299248785076e-01	1.620288833952858e+00	3802
-4.722655957392488e-01	-6.437196314406203e-02	3803
-6.237968440452061e-01	-3.398359205036485e-01	3804
1.131753907452811e+00	3.091792955953629e-02	3805
1.164149950502694e+00	-3.278152168728245e-02	3806
-5.602443937640459e-01	1.263977511424421e+00	3807
-6.838080001608059e-01	5.605662508563810e-01	3808
-6.912144642549466e-01	7.847480028003389e-01	3809
1.025335086325579e+00	5.783677375748838e-04	3810
1.266516391022890e+00	-5.372393364900009e-02	3811
7.783905595078930e-01	1.976243896630946e+00	3812
-3.916636430528918e-01	-4.091747631134483e-02	3813
1.079074848246306e+00	2.683272802216682e-02	3814
1.126834073476084e+00	-2.583454008380041e-02	3815
1.068374762961740e+00	1.234222438137706e-02	3816
4.361782322914738e-01	1.990062524555308e+00	3817
1.052235592809877e+00	1.328974686447502e-03	3818
-6.567889945128433e-01	-9.819151700158389e-01	3819
1.515355548003563e-01	-1.912738386479425e+00	3820
1.045514145980922e+00	3.109280251772673e-03	3821
1.020315720923020e+00	1.781145728339167e-03	3822
-3.856942819277188e-01	-2.169567135893862e-03	3823
-3.227565209595868e-01	1.097301450568716e-02	3824
1.531541607691471e+00	2.933291567329827e-01	3825
1.288842755933506e+00	1.541007980768281e+00	3826
1.209187617488576e+00	-4.206186289402124e-02	3827
-6.824054760695850e-01	-6.098820400639624e-01	3828
-6.157941733580681e-01	-1.132896806463564e+00	3829
-6.755936819373630e-01	9.209096575397883e-01	3830
1.480281924433547e+00	-2.091216194856040e-01	3831
-6.787038775862715e-01	-8.459265326128844e-01	3832
1.132898422265742e+00	-1.846627124005394e+00	3833
-1.109150520965439e-01	1.787042344917918e+00	3834
1.099410407960677e+00	2.675566786403110e-02	3835
-4.549519459299149e-01	1.439534039262386e+00	3836
1.225962164490990e+00	5.797290419573237e-02	3837
4.567556449720652e-01	-1.982540185808219e+00	3838
-6.694929185662216e-01	-5.104333065765767e-01	3839
-6.366434415463893e-01	1.083199273134907e+00	3840
1.024732731358324e+00	5.777433035707329e-03	3841
1.027461556479089e+00	3.752118766467972e-03	3842
1.289558330036473e+00	7.678497397930591e-02	3843
1.385032716275250e+00	-1.091332266678585e-01	3844
-6.873370470133181e-01	-7.204899266284238e-01	3845
1.112751827072958e+00	1.853408845706225e+00	3846
-6.668095925417048e-01	4.692132338368478e-01	3847
1.020548876967291e+00	-6.866940370260067e-04	3848
1.370498270723025e-01	1.917922133655957e+00	3849
1.068222562742595e+00	-1.090787986503184e-02	3850
-3.905803548898379e-01	3.319563774666801e-02	3851
-3.127829626366958e-01	-1.441184678608365e-02	3852
-6.490058471320381e-01	-4.190242780285910e-01	3853
-6.462886431514201e-01	3.885797945229260e-01	3854
-5.352984155535460e-01	1.437234250860280e-01	3855
-5.335854701884436e-01	-1.519213584143553e-01	3856
7.979275485909102e-01	-1.970205578828765e+00	3857
-5.051338962215819e-01	9.966151086623329e-02	3858
-4.755295057388355e-01	6.065558285364149e-02	3859
1.101296590188538e+00	-2.118300620707887e-02	3860
1.092538935916588e+00	-2.099806369567116e-02	3861
1.053768004357187e+00	5.618939159313403e-03	3862
1.393435070482674e+00	-1.619031289810870e+00	3863
1.548712740422541e+00	-1.384315843413942e+00	3864
1.078529560673213e+00	-2.146797708696998e-02	3865
1.059397440642752e+00	-2.274840548503118e-04	3866
-5.462141397359350e-01	-1.298709820643148e+00	3867
-6.930118860228159e-01	6.672481438294833e-01	3868
1.631108569491719e+00	-1.180038136420239e+00	3869
-5.649585852462803e-01	-2.064560378726898e-01	3870
-5.941823785538090e-01	2.506225166754881e-01	3871
-4.407897066945037e-01	-1.465339606810937e+00	3872
-3.008269872052200e-01	-1.626466901365384e+00	3873
1.668334804140441e+00	-1.005698722845851e+00	3874
1.680566163733125e+00	-8.502657224465994e-01	3875
1.675687222761225e+00	-7.103648482123534e-01	3876
-5.018955745671251e-01	-1.043306911514071e-01	3877
1.477674359591298e+00	2.161915502145199e-01	3878
1.531537086234181e+00	-2.810993034423711e-01	3879
1.423658147156410e+00	1.527660186380870e-01	3880
1.431471299610817e+00	-1.530690511655020e-01	3881
1.581706350579287e+00	-3.710059902532130e-01	3882
1.581411845985649e+00	3.852662306244810e-01	3883
1.624388433688255e+00	-4.764165752928403e-01	3884
1.622424152442996e+00	4.928861932159617e-01	3885
1.656054520626237e+00	-5.883102081262728e-01	3886
1.653409291018508e+00	6.133525866196248e-01	3887
-5.651694771831791e-01	1.942950848762920e-01	3888
-5.953298212914820e-01	-2.675671180683910e-01	3889
-6.218270031768550e-01	3.167751954708972e-01	3890
1.671521237056711e+00	7.505172888140220e-01	3891
1.668688609644876e+00	9.130801406493988e-01	3892
1.632585354582333e+00	1.111330583766355e+00	3893
1.556872810627784e+00	1.333710448383656e+00	3894
1.339584151725054e+00	-7.085997558261038e-02	3895
1.371495879852841e+00	1.030136696050535e-01	3896
-5.227483996374314e-01	1.643201502090141e+00	3897
-7.941970312005046e-01	6.039909897766609e-01	3898
1.076975893320986e+00	1.702190818176485e-02	3899
-7.903880128311985e-01	1.032949110435005e+00	3900
1.113633155682781e+00	2.212409702568455e-02	3901
-4.382289106527476e-01	-2.153387792403618e-02	3902
1.266662712560552e+00	-1.784439604937882e+00	3903
1.204100499909049e+00	3.644919474364604e-02	3904
1.302217709729751e+00	1.739347278535172e+00	3905
1.023269157353712e+00	1.246249735950011e-03	3906
1.559734365842031e+00	-2.069363346799988e-01	3907
1.261867930970858e+00	4.957499346210463e-02	3908
-3.284266914966567e-01	-1.859698357597421e+00	3909
1.146690962781188e+00	-1.911930187637646e-02	3910
-7.424138019068471e-01	1.232749648718829e+00	3911
1.043906693262905e+00	-2.125374181367062e+00	3912
2.307761165611703e-01	2.176105060184467e+00	3913
-5.329106286083638e-01	-5.000452449937069e-02	3914
1.798669131900724e+00	-7.763615240272179e-01	3915
-7.131986318254901e-01	3.251652638724938e-01	3916
1.624051753757415e+00	3.031214645342322e-01	3917
-7.948765727471686e-01	-6.596326151178429e-01	3918
1.116123660354741e+00	-1.892381958655708e-02	3919
1.794591264371525e+00	-1.124138579591311e+00	3920
-8.083101551834899e-01	8.661033987820665e-01	3921
-4.406689268893828e-01	1.961788395308481e-02	3922
-6.791974884453987e-01	2.534348822333857e-01	3923
2.515624008588521e-01	-2.170262100575714e+00	3924
1.336346155117096e+00	6.678634340345724e-02	3925
1.499125172153391e+00	-1.435650709992918e-01	3926
-6.075660695219842e-01	1.347099375941983e-01	3927
1.487822923260759e+00	1.521418631899866e+00	3928
1.240013501266682e+00	-3.196807139529684e-02	3929
1.494181843524502e+00	1.478474473240328e-01	3930
-3.389259149909807e-01	1.853468397156637e+00	3931
-7.760874305902030e-01	-5.465504631590927e-01	3932
1.155952770896364e+00	2.579409373696922e-02	3933
-6.502365217030819e-01	1.435436108822352e+00	3934
1.023432460246361e+00	2.132156446571736e+00	3935
6.146121628565449e-01	2.218358267828898e+00	3936
-7.962868621019595e-01	-9.338390103321694e-01	3937
-7.349411891614047e-02	-2.040668798462985e+00	3938
1.188437212086042e+00	-2.513916330554102e-02	3939
-7.736573642542266e-01	-1.093799627404891e+00	3940
1.306550587745445e+00	-4.192955495372950e-02	3941
-8.027631466735992e-01	-7.907084363296679e-01	3942
-8.913381239632275e-02	2.041556831698105e+00	3943
1.089231823874818e+00	1.622018452716719e-02	3944
-7.712487135579038e-01	4.963502932829645e-01	3945
1.067219385075127e+00	-2.628075474986644e-03	3946
-7.501715806183044e-01	-4.437760061622386e-01	3947
-7.453209453301657e-01	4.056882967322042e-01	3948
-7.178746981220642e-01	-3.529668399970043e-01	3949
6.342328778306531e-01	-2.211467900925718e+00	3950
-5.714684667685446e-01	8.619502181095359e-02	3951
-5.358723622923489e-01	4.523088348398997e-02	3952
1.067629663983207e+00	3.339559771191212e-03	3953
1.621668471069048e+00	-1.602017727967532e+00	3954
1.077300140715528e+00	-1.451718908922534e-02	3955
-7.248728784992324e-01	-1.275091831547902e+00	3956
-8.071293696793761e-01	7.268811221158051e-01	3957
1.740846807395896e+00	-1.343523717080726e+00	3958
-6.451663562126734e-01	-2.042309751550616e-01	3959
-6.405343674839997e-01	-1.473693585857255e+00	3960
-5.098732325115564e-01	-1.665137092663541e+00	3961
1.807916177901109e+00	-9.387669273240897e-01	3962
-5.694883864620370e-01	-9.323332697280180e-02	3963
1.622954401530786e+00	-2.892222163244805e-01	3964
1.559199809151503e+00	2.170949392097331e-01	3965
1.442935008844136e+00	-9.455266755552386e-02	3966
1.683001033306392e+00	-3.915428962522695e-01	3967
1.683399636352328e+00	4.085171099229392e-01	3968
1.734208556362317e+00	-5.059727058960189e-01	3969
1.733809362810921e+00	5.289667441861403e-01	3970
1.773620257773978e+00	-6.322260492172398e-01	3971
-6.434908809664911e-01	1.891213818439226e-01	3972
-6.073132626519919e-01	-1.453446026343037e-01	3973
-6.825024802527707e-01	-2.744624429497794e-01	3974
1.772989092550029e+00	6.678869020780624e-01	3975
1.794128909603449e+00	8.345741524720007e-01	3976
1.787993278749926e+00	1.037957412465110e+00	3977
1.743378198573201e+00	1.273977180341853e+00	3978
1.390493781690688e+00	-5.663331437997944e-02	3979
1.431728856283788e+00	9.249732063183723e-02	3980
-7.480543911687682e-01	1.636384645460571e+00	3981
-8.533482726326342e-01	1.403789069410901e+00	3982
-9.181798542456662e-01	1.167781821672501e+00	3983
-3.330876449262260e-01	-2.133548267494066e+00	3984
1.296232981345278e+00	2.017521447960889e+00	3985
1.140432504301694e+00	1.211776461462906e-02	3986
-5.877593688374370e-01	1.882876228884683e+00	3987
1.129423552895816e+00	-1.006936414928883e-02	3988
-4.941483413166561e-01	-5.819892633834235e-03	3989
1.932608978947649e+00	-1.274640222463640e+00	3990
1.389285138578137e+00	5.371972320021511e-02	3991
1.215247492057517e+00	-1.388319674855590e-02	3992
-8.555498881411173e-01	4.225264054968585e-01	3993
1.182070407822287e+00	1.860986148940621e-02	3994
1.168573486973776e+00	-1.047057292563658e-02	3995
1.274891893172442e+00	-1.793594837277166e-02	3996
-7.313136227435540e-01	1.818888662031242e-01	3997
-8.978245162136250e-01	-5.837500505541108e-01	3998
3.923081548787799e-01	2.452497858975268e+00	3999
-2.562944926899842e-02	2.332311692189629e+00	4000
1.953775256925477e+00	-1.042734728321945e+00	4001
1.075993262047411e+00	-3.778039284920486e-03	4002
-2.693124410927531e-03	-2.330813336853159e+00	4003
1.504952013841248e+00	-1.815584710440336e+00	4004
-5.724597861094624e-01	-1.903478339563752e+00	4005
8.909330125216576e-01	-2.423220536292384e+00	4006
1.727547402615758e+00	-2.968578381073148e-01	4007
-6.000172923847806e-01	-2.977769291251154e-02	4008
1.651386012085625e+00	-2.021602624439222e-01	4009
1.102710777624748e+00	1.308228554009155e-02	4010
1.106760443436132e+00	-7.572721035554269e-03	4011
1.235509934004923e+00	2.758854868509061e-02	4012
1.079606912432886e+00	6.943774851438616e-03	4013
1.302372151777861e+00	3.804836180133409e-02	4014
1.129202539338291e+00	1.324466667092606e-02	4015
1.940793398543593e+00	-8.500152161944700e-01	4016
-9.228596011957487e-01	-7.169491324449229e-01	4017
1.729912156808717e+00	3.134306670423796e-01	4018
-9.411942461977675e-01	9.635333125399470e-01	4019
-9.189918150176776e-01	6.521056960408628e-01	4020
-8.642675678972803e-01	-4.690145944224941e-01	4021
1.351198033878293e+00	-2.547015603210348e-02	4022
1.508435064972640e+00	-7.633272639496923e-02	4023
-8.246828838528451e-01	-3.655216477912704e-01	4024
-8.162993853645003e-01	3.300607803385601e-01	4025
1.541632799804857e+00	1.756625370136844e+00	4026
1.652701705603260e+00	2.145703447793788e-01	4027
-3.513950140764101e-01	2.126355671160129e+00	4028
-8.901340192071102e-01	5.264763382025013e-01	4029
8.706904486195089e-01	2.430185888672149e+00	4030
-9.342450641625186e-01	-8.675497927443627e-01	4031
-9.309905251555247e-01	-1.033573185818172e+00	4032
-6.019580489065158e-01	2.325888431503271e-02	4033
4.135285904822578e-01	-2.446731916156911e+00	4034
-6.445039697151044e-01	6.906546580476799e-02	4035
-9.052541230062073e-01	-1.225363085681905e+00	4036
-9.378086092698750e-01	7.943800199260209e-01	4037
1.851454414177843e+00	-1.551818745328205e+00	4038
-7.807016224369248e-01	-2.768706445955382e-01	4039
-8.460135478173905e-01	-1.442488442038951e+00	4040
-7.383667685954955e-01	-1.679172702963147e+00	4041
-6.895253305926378e-01	-1.336015761612302e-01	4042
1.574720973734308e+00	1.378648503959518e-01	4043
1.576904478026823e+00	-1.300242722678627e-01	4044
1.694212284934723e+00	1.478243135520690e+00	4045
1.798707610129035e+00	-4.086726547454631e-01	4046
1.800878223231428e+00	4.306417425578107e-01	4047
1.860091146539726e+00	-5.361943608137585e-01	4048
-6.440384510552144e-01	-7.840865524159278e-02	4049
-6.877938701822032e-01	1.203033765254402e-01	4050
-7.358132861358794e-01	-2.005329216259718e-01	4051
-7.744928050474315e-01	2.516004396528159e-01	4052
1.862453258673535e+00	5.682042729308550e-01	4053
1.907919772016822e+00	-6.833888866653992e-01	4054
1.909209328799139e+00	7.358715883229949e-01	4055
1.934014575186282e+00	9.412364364582002e-01	4056
1.924154006120696e+00	1.186671590350114e+00	4057
1.445978960795564e+00	-3.526070624081174e-02	4058
1.500311444030428e+00	7.847647103763727e-02	4059
1.220254953349127e+00	2.353062573344615e+00	4060
1.245071321434646e+00	3.561522143866119e-04	4061
-1.067694311315016e+00	-7.808728344908946e-01	4062
-8.492300833880546e-01	1.875222965028287e+00	4063
6.426769416154595e-01	2.728831965574183e+00	4064
1.357631074510427e+00	-2.012475494912788e+00	4065
-6.401888577681816e-01	2.167208586385708e+00	4066
1.160115455019074e+00	5.523609089505590e-03	4067
1.205597404189404e+00	-2.396089048168731e+00	4068
1.313772389825771e+00	-8.011462091367936e-04	4069
1.270656345009628e+00	1.429449952955310e-02	4070
1.210451514033480e+00	8.829690986193715e-03	4071
-6.225831439026352e-01	-2.192684280552524e+00	4072
1.762267877318561e+00	-1.792902676753525e+00	4073
1.449708788469484e+00	3.506553187630031e-02	4074
-1.091045654394108e+00	1.082412756417606e+00	4075
1.348615720427954e+00	2.166071147212785e-02	4076
1.145636043470534e+00	-1.196290833326858e-04	4077
-9.808119594121878e-01	4.377905499289895e-01	4078
1.580281347707024e+00	2.040341484444695e+00	4079
-6.743228659020797e-01	-4.905284067596816e-03	4080
-8.371228139667979e-01	-1.923787070684188e+00	4081
1.399834177689613e+00	-4.345819057177193e-03	4082
1.666852901826596e+00	1.227310308276703e-01	4083
1.851395160648922e+00	3.205119077611393e-01	4084
-9.323763135999471e-01	3.346234538917739e-01	4085
-9.798848450230633e-01	1.599316418179797e+00	4086
-1.057654324128722e+00	1.331325963975495e+00	4087
-1.061794833740078e+00	7.046008056145635e-01	4088
1.760054568106459e+00	2.108629454594079e-01	4089
2.078398941761431e+00	-1.468290911667822e+00	4090
1.666517202711210e+00	-1.122660746222984e-01	4091
1.192059069285624e+00	3.305511229052395e-04	4092
-9.450591325740347e-01	-3.781015832600653e-01	4093
-1.036652231025891e+00	-6.258227398514910e-01	4094
1.039201613798526e-01	2.659606879178182e+00	4095
2.117835687380767e+00	-1.175002466764859e+00	4096
1.086172488588244e+00	-8.020579460308654e-03	4097
-3.030255144906338e-01	-2.454839279357152e+00	4098
1.286076623294398e-01	-2.656851381637741e+00	4099
6.644957443599144e-01	-2.722424026292928e+00	4100
1.116612091704703e+00	7.466119335704807e-03	4101
1.092549781988704e+00	3.985671820206963e-03	4102
2.104383672685977e+00	-9.361057405830130e-01	4103
1.901880264154176e+00	1.404205891795930e+00	4104
1.756741071782236e+00	-1.956885498209377e-01	4105
-8.917264995600341e-01	-2.763726148589685e-01	4106
-3.306433455956475e-01	2.449657688871951e+00	4107
-1.024418132200391e+00	5.608658998297719e-01	4108
-9.940100218751908e-01	-4.926237152094943e-01	4109
-1.086929796161765e+00	8.748300510145065e-01	4110
-1.085325631006445e+00	-9.526348889415394e-01	4111
-1.083961891950461e+00	-1.150665602183304e+00	4112
-7.777612440814388e-01	1.023239598144319e-01	4113
-8.811059226828707e-01	2.444833792622156e-01	4114
-1.052885768502353e+00	-1.381044233136464e+00	4115
-9.809839218417702e-01	-1.645130538942646e+00	4116
1.582885364823858e+00	-5.211232115360094e-02	4117
1.793361853707398e+00	1.714565827652908e+00	4118
1.846834869975481e+00	-2.997676911941790e-01	4119
1.930976396349074e+00	-4.238101106505843e-01	4120
-7.264363388061004e-01	-5.632392096394380e-02	4121
-7.248675351132194e-01	4.453353086319558e-02	4122
-7.821262903492729e-01	-1.184378717057985e-01	4123
-8.370021537828011e-01	-1.917714346799248e-01	4124
-8.293114040267343e-01	1.687793180581049e-01	4125
1.936323680086410e+00	4.531176087200361e-01	4126
2.003982618647914e+00	-5.710859920212187e-01	4127
2.009968332097956e+00	6.179808764601082e-01	4128
2.062978775725458e+00	-7.396401612429374e-01	4129
2.066655753133248e+00	8.216424956331727e-01	4130
2.094245642559901e+00	1.071265997073339e+00	4131
1.508161778795446e+00	-8.916609215935267e-03	4132
1.578071780296758e+00	5.792375656162429e-02	4133
-6.707536762463204e-01	2.507850028186442e+00	4134
1.880180435837388e+00	2.004973416226481e+00	4135
2.248388661536673e+00	9.285166742249998e-01	4136
-1.256608625816127e+00	9.739306136998376e-01	4137
-1.256646587545476e+00	1.229719467109521e+00	4138
-1.225140049773562e+00	7.662961685091583e-01	4139
1.982935297387630e+00	-2.983228709417474e-01	4140
-1.193606535674431e+00	-6.741263142506297e-01	4141
-1.081327015197389e+00	-3.867966806918833e-01	4142
-1.233758207194425e+00	-8.496530420866958e-01	4143
3.308903522362459e-01	3.005503424701323e+00	4144
1.882945718902066e+00	2.019602732959440e-01	4145
1.044857584233234e+00	-2.726361459106568e+00	4146
3.563426620316628e-01	-3.001151547698125e+00	4147
1.991091160922862e+00	3.251090143352590e-01	4148
-1.001112863209128e+00	2.351010794861219e-01	4149
-9.455627162071170e-01	2.162407292260057e+00	4150
-1.114585584336709e+00	-1.888759068058860e+00	4151
-1.117474495241922e+00	1.831254294701943e+00	4152
1.632096611491681e+00	-2.038596490300974e+00	4153
-9.279731435454309e-01	-2.214074195541137e+00	4154
1.876827902403874e+00	-1.830975726014268e-01	4155
2.103655744041636e+00	1.296907107275457e+00	4156
2.092394342844923e+00	4.828463632548987e-01	4157
1.051114410906083e+00	2.716818551621657e+00	4158
1.511964465588620e+00	-2.295269313976088e+00	4159
1.417872340552527e+00	2.270007395472978e+00	4160
-1.017446526046873e+00	-2.745438615775683e-01	4161
-1.214330908199752e+00	1.520248537011749e+00	4162
2.023076778337282e+00	-1.728442030633853e+00	4163
-1.063302417018988e+00	3.352782877788783e-01	4164
-1.141840277628356e+00	-5.178896103138736e-01	4165
-1.177717737640440e+00	5.967115112500613e-01	4166
2.297042705410551e+00	-1.348833028893238e+00	4167
-6.382111924611034e-01	-2.534474520678430e+00	4168
-2.146891701458125e-01	-2.823340474273547e+00	4169
2.291482114916839e+00	-1.045752076483233e+00	4170
1.773009592349651e+00	1.044601524947985e-01	4171
1.769992766399143e+00	-9.125302258926429e-02	4172
-2.442675974259013e-01	2.820171441605143e+00	4173
-1.123341725192308e+00	4.556424214696009e-01	4174
-1.257864886888731e+00	-1.051773270873402e+00	4175
-8.155941480638877e-01	-1.178677668526866e-02	4176
-1.256980639620845e+00	-1.290048681367444e+00	4177
-1.219191133270037e+00	-1.566718887715980e+00	4178
1.659283220762969e+00	5.064141387205760e-03	4179
-9.506911499096310e-01	-1.775178348573762e-01	4180
-9.383810437985139e-01	1.489923232443672e-01	4181
-8.846795753325691e-01	-9.815460642937768e-02	4182
-8.766609899025631e-01	7.808374524328757e-02	4183
2.082278709108969e+00	-4.408557808508997e-01	4184
2.042512890883689e+00	1.628308531746812e+00	4185
2.169804497685346e+00	-6.079570650430440e-01	4186
2.181619586256006e+00	6.805075925216203e-01	4187
2.241892906753089e+00	-8.048483249768726e-01	4188
1.732425650406662e+00	2.287747745176871e+00	4189
-1.158588939466042e+00	-2.676538581478598e-01	4190
-1.423784262560390e+00	-9.283782517336882e-01	4191
6.401210218595405e-02	3.027347001732850e+00	4192
2.281944289522982e+00	1.501860726351482e+00	4193
-1.031752632982682e+00	2.510085589778061e+00	4194
-1.079373687544064e+00	-1.596309708080924e-01	4195
2.023915078630397e+00	1.878252421299446e-01	4196
7.909951632526333e-01	-3.077466813950148e+00	4197
1.804718545636393e+00	-2.275933021385554e+00	4198
-1.446346253192700e+00	1.100248031689152e+00	4199
9.563828836228833e-02	-3.025232249453777e+00	4200
1.413553806062588e+00	-2.647061587666897e+00	4201
2.012867782572134e+00	-1.646604537142514e-01	4202
-6.437800738966645e-01	2.914046618040348e+00	4203
7.808848389292483e-01	3.079769739963049e+00	4204
2.448465776740564e+00	-8.882336475462099e-01	4205
-1.212058950671415e+00	3.352732056555364e-01	4206
-1.135998624040233e+00	2.198658320040158e-01	4207
2.152617533156207e+00	3.333704030451261e-01	4208
2.292503854313292e+00	1.156294845830196e+00	4209
-1.443612079411726e+00	1.403522543125010e+00	4210
-1.353097721282218e+00	6.379225949490688e-01	4211
2.138820590730164e+00	-2.959351068629725e-01	4212
-1.373019638942522e+00	-7.244217517349336e-01	4213
-1.412032899973513e+00	8.428290698890700e-01	4214
-1.060146205491552e+00	1.253866157947655e-01	4215
-1.267720290853115e+00	2.116918742689668e+00	4216
1.926605285804980e+00	-2.006748835294903e+00	4217
-1.250781362278027e+00	-2.180919501928611e+00	4218
1.865477266178907e+00	4.982562940773472e-03	4219
1.887794836586385e+00	-6.263707038303803e-02	4220
2.361231597378615e+00	-6.498500618420370e-01	4221
-1.388099611205822e+00	1.742933274857928e+00	4222
-1.310151154599360e+00	-5.478377474246656e-01	4223
2.280574405927346e+00	-1.623304598724777e+00	4224
-9.981784435171515e-01	-2.566038496804753e+00	4225
-6.045712965264035e-01	-2.936100283648140e+00	4226
2.501123034800272e+00	-1.193901302496504e+00	4227
1.894291508982854e+00	7.914826330758026e-02	4228
-1.284801448856190e+00	4.733888099391015e-01	4229
-1.236178044818194e+00	-3.939273108088950e-01	4230
-1.402454910053825e+00	-1.802376941241767e+00	4231
-1.454300687797045e+00	-1.170383012476738e+00	4232
-1.452977444796789e+00	-1.456279691303497e+00	4233
-9.989811612237055e-01	-6.949519910958078e-02	4234
-9.859803897298365e-01	4.449643821297886e-02	4235
-9.260881291610031e-01	-7.666266804138457e-03	4236
2.256238700485904e+00	-4.565587075418367e-01	4237
2.274531938842744e+00	5.201847464891057e-01	4238
2.381236493911475e+00	7.603530361696482e-01	4239
1.675963317089176e+00	-2.562906146832391e+00	4240
2.041022218636090e+00	2.269567809825294e+00	4241
4.958726247737034e-01	3.392994239644188e+00	4242
-1.318228448228495e+00	-2.555503764883793e-01	4243
-1.582243257157915e+00	-2.091920466225909e+00	4244
5.102471610259689e-01	-3.389173809356430e+00	4245
1.189201313908800e+00	3.099960062207583e+00	4246
-1.661949025711299e+00	1.252098047330907e+00	4247
-2.804581210422352e-01	-3.204447641905189e+00	4248
2.684365693809351e+00	-1.005353263883614e+00	4249
-1.641048536648012e+00	-1.022608770230047e+00	4250
1.244333521937580e+00	-3.050716212874917e+00	4251
1.558587952410936e+00	2.552339990015502e+00	4252
2.527170545104065e+00	-1.476142093124311e+00	4253
-1.554332275687719e+00	6.896156985321960e-01	4254
-1.500756909285041e+00	-5.783550396082597e-01	4255
2.225499809402975e+00	1.841272951722772e+00	4256
-1.624764163126068e+00	9.439218548967196e-01	4257
-3.230667363698185e-01	3.198154733111641e+00	4258
2.109308531445676e+00	-2.252010856922238e+00	4259
-1.653336880544368e+00	1.610110818771215e+00	4260
-1.404924076271341e+00	2.463923941835935e+00	4261
-8.480305759721443e-01	2.814719463004180e+00	4262
2.224379832760127e+00	-1.923927115781806e+00	4263
-1.412894440414117e+00	-4.026651210776331e-01	4264
-1.469341965442826e+00	4.920371826081395e-01	4265
-1.288836756468276e+00	2.008711426694735e-01	4266
-1.223113493425483e+00	-1.362414438619871e-01	4267
2.456921226753729e+00	-4.730875664531998e-01	4268
2.341193885217057e+00	3.441152402029652e-01	4269
2.581815877800316e+00	-7.046435430930180e-01	4270
2.505043914713416e+00	1.336364603058551e+00	4271
2.187405245489957e+00	1.736268505945607e-01	4272
2.169724933138855e+00	-1.407158605949299e-01	4273
-1.578240746100025e+00	-7.804669339002970e-01	4274
-1.196170175716679e+00	9.285172281893418e-02	4275
-1.117752660222183e+00	-1.566565555189027e-02	4276
2.027303299503382e+00	9.524253318708219e-03	4277
-1.581684099161790e+00	2.009329956432662e+00	4278
-1.377960046180803e+00	-2.537161991715581e+00	4279
-1.028716019638796e+00	-2.989444976508876e+00	4280
-1.380235503638614e+00	3.338333215412072e-01	4281
-1.671439062775180e+00	-1.663205311212892e+00	4282
-1.677912900839305e+00	-1.312897232560070e+00	4283
2.317662767136379e+00	-2.888406030967325e-01	4284
2.487579255484349e+00	5.699059817879886e-01	4285
2.461580633854024e+00	9.837965475793674e-01	4286
9.828901350498247e-01	-3.455666038973149e+00	4287
1.894629321489281e+00	2.571763184426480e+00	4288
1.694158590290461e-02	3.441834835496104e+00	4289
-1.888809955929731e+00	1.856220931459753e+00	4290
1.638607860234045e+00	-2.900974197920186e+00	4291
-1.865588888575512e+00	1.069470623301795e+00	4292
-1.813345165362523e+00	-8.473317356456626e-01	4293
1.992464056039558e+00	-2.544991781023985e+00	4294
-7.217353956941386e-01	-3.328978323359721e+00	4295
6.262732510568331e-02	-3.439810265843712e+00	4296
-1.350096053054112e+00	5.343975572919581e-02	4297
2.384747821907559e+00	2.164544649932737e+00	4298
2.523734465841503e+00	-2.782732370719378e-01	4299
2.514961168816222e+00	1.661339279254846e+00	4300
-1.905777011147875e+00	-1.933463019377357e+00	4301
-1.478378915304716e+00	-2.972537870371814e+00	4302
-1.571583739818990e+00	3.290033837516439e-01	4303
2.378024982587112e+00	1.569889999536278e-01	4304
2.755037317357836e+00	-1.287924010096821e+00	4305
-1.905982016905311e+00	1.435140977493164e+00	4306
9.402966817439832e-01	3.471636903713950e+00	4307
2.349661771478530e+00	-1.094442156639323e-01	4308
-1.889435112025764e+00	-1.137023488266017e+00	4309
1.414104387062274e+00	2.800997430647750e+00	4310
-1.237133081642105e+00	2.815655719288454e+00	4311
2.430057651612171e+00	-2.180711138602789e+00	4312
2.516693814124801e+00	-1.792523552331282e+00	4313
-1.681429847767523e+00	5.164841939991800e-01	4314
-1.612940649788603e+00	-4.112074142097477e-01	4315
-1.461045906563484e+00	1.792740690430503e-01	4316
-1.500264138204696e+00	-2.412878026571959e-01	4317
-1.384782085959940e+00	-1.039279091095122e-01	4318
2.839222962628925e+00	-7.850902067737138e-01	4319
2.562589065905306e+00	3.615277391440744e-01	4320
2.688536921961520e+00	-4.980190952222776e-01	4321
-1.718371899042526e+00	-6.095741381029548e-01	4322
-1.785723938139750e+00	7.608650686961665e-01	4323
-1.780878154820944e+00	2.345803159382837e+00	4324
-1.767324505174527e+00	-2.443796097963871e+00	4325
-1.930938199312957e+00	-1.491034164987677e+00	4326
-1.263762877858955e+00	-3.944739383762586e-02	4327
2.604251022657605e+00	7.822104710690357e-01	4328
2.704543082657544e+00	1.133375642651939e+00	4329
6.889317491935995e-01	-3.819234187666528e+00	4330
3.298062092566397e-01	-3.808686182672472e+00	4331
-3.777558300103214e-01	3.629885984010157e+00	4332
1.492256040024986e+00	-3.376445974293251e+00	4333
2.960698031748601e+00	-5.386587550367148e-01	4334
-2.146512816895751e+00	2.167182307782853e+00	4335
2.958309067228593e-01	3.812312446570850e+00	4336
6.461548714874417e-01	3.827520814387146e+00	4337
-1.659008781523917e+00	2.752424700823087e+00	4338
-1.941252315536546e+00	-2.879164660958205e+00	4339
-1.545810283382801e+00	-2.789116951081005e-02	4340
-2.181803385501653e+00	1.655124165617949e+00	4341
2.269299234727337e+00	2.527640296838110e+00	4342
-7.207311290546495e-01	3.320516103086837e+00	4343
2.333729463493162e+00	-2.510986534257152e+00	4344
-1.211324431988216e+00	-3.381349753924081e+00	4345
1.707656550684373e+00	2.871866992143122e+00	4346
-1.040605694630706e+00	3.161006254490866e+00	4347
-3.620282567912253e-01	-3.635253004031683e+00	4348
2.956696652709412e+00	-1.060321632794225e+00	4349
-1.926745537025775e+00	5.546148389704758e-01	4350
-2.049128778977257e+00	8.555850986301589e-01	4351
-1.706173029377769e+00	-2.256146080878585e-01	4352
2.602179719977852e+00	1.408614505710613e-01	4353
1.385493547798690e+00	3.499062937845998e+00	4354
-2.140513010468602e+00	1.222236833990528e+00	4355
-2.222334075464925e+00	-1.727244372010567e+00	4356
2.556792273252219e+00	-7.055857093962538e-02	4357
-2.082984259315136e+00	-9.297418415133585e-01	4358
-2.152852959449787e+00	-2.271885349985356e+00	4359
2.252540140881529e+00	1.777704315723459e-02	4360
1.571606259409072e+00	3.153061936711895e+00	4361
2.756609519505372e+00	-2.050244712285943e+00	4362
2.794489817656227e+00	-1.612109743108169e+00	4363
-1.791182411468105e+00	3.248060493921811e-01	4364
-1.655905534954297e+00	1.496742623852309e-01	4365
2.714245888908848e+00	5.557534174415697e-01	4366
2.769222983518898e+00	1.448629076990953e+00	4367
2.762341504081567e+00	-2.714530024953372e-01	4368
-1.840448761841841e+00	-4.160990710190322e-01	4369
-1.967788409105630e+00	-6.463206924877071e-01	4370
-2.173055162228529e+00	-1.281398634423522e+00	4371
2.723017714239381e+00	1.984115448763426e+00	4372
2.872840540258251e+00	8.959434897999254e-01	4373
-1.478077425916814e+00	3.153719606946757e+00	4374
1.231361227395609e+00	-3.860243472729961e+00	4375
1.908341523193391e+00	-3.243405172983114e+00	4376
1.955448907175660e+00	3.164631847975026e+00	4377
-8.645972589140407e-01	-3.771984079296513e+00	4378
2.098958854307832e+00	2.883749346858937e+00	4379
3.123187692969327e+00	-7.974654187933096e-01	4380
-1.351693114081267e-01	-3.863316325424509e+00	4381
1.815614046788799e+00	3.506377547721429e+00	4382
4.508248631539619e-01	4.263023122894827e+00	4383
2.698174208025370e+00	-2.421399220049163e+00	4384
-2.254465312384593e+00	-6.932016913839657e-01	4385
-2.403321049640577e+00	-2.696722745515072e+00	4386
-1.731552098065887e+00	-3.349359207872409e+00	4387
2.425318231337749e+00	4.855377428619998e-02	4388
-1.939832786243576e+00	-2.020255250086662e-01	4389
2.782178419897225e+00	-1.768964881873606e-02	4390
2.121954156951900e+00	-2.904582149577339e+00	4391
1.127348568711432e+00	3.908201607708930e+00	4392
-2.453542956337389e+00	1.408637181740030e+00	4393
-2.524158005483899e+00	-2.039812616987533e+00	4394
3.043000416952837e+00	-2.708180296660003e-01	4395
3.000406794575394e+00	6.299416692941595e-01	4396
4.950484712625055e-01	-4.257224753913436e+00	4397
-2.085139869339061e+00	2.606621602200169e+00	4398
-3.336254170068753e-03	3.903983976549808e+00	4399
-2.490098788484615e+00	1.931177860084020e+00	4400
-8.211944664928482e-01	3.773343529778997e+00	4401
-1.054769481799611e+00	3.587682221899812e+00	4402
-2.351234016434483e+00	9.730428730340409e-01	4403
2.785937089131572e+00	3.101596217378694e-01	4404
-2.497128322046435e+00	-1.469124750079935e+00	4405
3.075329092360128e+00	-1.857477571545837e+00	4406
3.048530952644979e+00	-1.383809811740523e+00	4407
-1.879211773491688e+00	1.155193295371324e-01	4408
-1.755601003883439e+00	-3.617153972758179e-02	4409
2.662216820675392e+00	2.394071781377243e+00	4410
2.815587680515538e+00	1.763169417589201e+00	4411
-2.045717886244016e+00	3.278244744318270e-01	4412
-2.100690174002129e+00	-4.208614731317828e-01	4413
-2.208439263643194e+00	6.136273184285762e-01	4414
-2.392661470971531e+00	-1.035904558066858e+00	4415
2.989148041996661e+00	1.199072527888206e+00	4416
-1.427960323329308e+00	-3.822658297016047e+00	4417
1.601712816247352e+00	3.920672026609791e+00	4418
-2.585008034672764e+00	-7.571139450844044e-01	4419
6.830952840205382e-02	-4.233778376264696e+00	4420
-2.341975476815889e+00	3.464388031589953e-01	4421
-1.564318985741028e+00	3.657997743210895e+00	4422
3.069703192418824e+00	-2.260682501613307e+00	4423
-2.137856907865235e+00	8.208077172018657e-02	4424
-1.959421533261752e+00	3.073588199176631e+00	4425
1.010482120085497e+00	-4.221815976949073e+00	4426
-2.848706465214374e+00	-2.436314629843463e+00	4427
2.355537158074864e+00	3.191776410331130e+00	4428
-2.497423567439133e+00	2.388927814431383e+00	4429
-5.550541472559019e-01	-4.052401206066480e+00	4430
1.771710113460630e+00	-3.749254204740207e+00	4431
-4.569025263428235e-01	4.114053709452897e+00	4432
-2.808086214011977e+00	1.643958342975472e+00	4433
-2.267942483957521e+00	-3.223032072458873e+00	4434
3.013723425550409e+00	2.237001123369906e+00	4435
-2.206461806608273e+00	-1.726300547159954e-01	4436
-2.859594508963121e+00	-1.735437470467842e+00	4437
3.248412026000353e+00	-5.053542097693052e-01	4438
3.078996430418908e+00	1.536087733824123e+00	4439
2.533660759837912e+00	2.817641753198309e+00	4440
2.251217522395925e+00	3.484380111962440e+00	4441
8.884678246513804e-01	4.273091828640288e+00	4442
2.332136198577217e+00	-3.274129259431406e+00	4443
2.564809173866256e+00	-2.835103870334028e+00	4444
-2.533012454868403e+00	6.907416253562224e-01	4445
3.168132830393504e+00	9.136557064276342e-01	4446
-2.746586836495119e+00	-1.177577732046140e+00	4447
3.036647053369984e+00	8.116888270515470e-02	4448
3.084926056725603e+00	3.420309704508929e-01	4449
-2.697229219142759e+00	1.119388829733709e+00	4450
3.372273329677713e+00	-1.603431090238590e+00	4451
3.269414968325507e+00	-1.110357397776116e+00	4452
-2.399922547548601e+00	-4.295945789643983e-01	4453
-5.230847111658416e-02	4.439908726688650e+00	4454
-2.029659074388970e+00	-3.771142904834551e+00	4455
2.090247538226090e+00	-3.659957385815477e+00	4456
-2.795881053756945e+00	-2.997625745935110e+00	4457
-2.438474348124275e+00	2.891632840139712e+00	4458
6.569748114841815e-01	4.764631384831166e+00	4459
-1.061573049199680e+00	-4.250788562535574e+00	4460
-3.152505667915181e+00	-1.383115012458771e+00	4461
3.146985106441782e+00	1.881988523412748e+00	4462
1.555286985789851e+00	-4.264726330818312e+00	4463
1.377653006894862e+00	4.363986698770655e+00	4464
-3.793311784749008e-01	-4.602959377098590e+00	4465
3.430021189033959e+00	-2.025889394004555e+00	4466
2.532168208590607e-01	-4.736659037989686e+00	4467
3.298775040148506e+00	5.982089614576945e-01	4468
3.315333013299199e+00	1.249916024777981e+00	4469
-2.745675046426268e+00	-4.480739199385916e-01	4470
-9.533932979287397e-01	4.276214429502691e+00	4471
-2.124091230500522e+00	3.607357826861468e+00	4472
7.850914806834405e-01	-4.733112020249294e+00	4473
-2.945047231726592e+00	-2.166847938806624e+00	4474
2.072031787760958e+00	3.914608676064293e+00	4475
-2.881716334622156e+00	2.106336211502334e+00	4476
-2.426912343203261e+00	3.848892700326026e-02	4477
2.960177230288726e+00	2.672950496943892e+00	4478
2.795354882200087e+00	3.171762954759149e+00	4479
2.692702210490915e+00	3.476411772627910e+00	4480
2.796856369661188e+00	-3.239639667943003e+00	4481
3.000462604963118e+00	-2.704065336276163e+00	4482
-3.092743103844717e+00	1.307322601193329e+00	4483
3.314363436180133e+00	-1.542048907631400e-01	4484
3.308058824577897e+00	1.660022499538782e-01	4485
-2.966682788335900e+00	-8.493538113675745e-01	4486
-2.906603313674675e+00	7.910909118137630e-01	4487
3.633964518374964e+00	-1.291890370411461e+00	4488
3.446960517086373e+00	-7.972037560323399e-01	4489
-2.513204208033147e+00	-1.409500935761443e-01	4490
-2.682630963649139e+00	3.806329636317831e-01	4491
-3.298392629089519e+00	-1.839847345872562e+00	4492
1.876764420055484e+00	4.369125980383137e+00	4493
-2.646285543735963e+00	-3.607631062856547e+00	4494
-2.695591161240567e+00	3.428179072711242e+00	4495
1.038341554609890e+00	4.818159526703989e+00	4496
-1.691965243729060e+00	-4.312055254245902e+00	4497
3.432897533228098e+00	1.620220881126945e+00	4498
-5.583420287384012e-01	4.659357109041557e+00	4499
-3.231888678445031e+00	1.766848955800119e+00	4500
2.582669475362400e+00	-3.686233068241139e+00	4501
1.304474789884164e+00	-4.713556428643169e+00	4502
-1.247218209266952e+00	4.060249608196089e+00	4503
-1.884607598151992e+00	4.098284082246574e+00	4504
-3.076241008599208e+00	4.296170749936737e-01	4505
2.526086507474148e+00	3.896301974553888e+00	4506
3.586827708716569e+00	3.883382486968924e-01	4507
3.571915807728617e+00	-4.350898788865048e-01	4508
-2.901072753648208e+00	2.629359299917653e+00	4509
3.504674862551901e+00	9.147191403629569e-01	4510
-9.594839308381422e-01	-4.884014450897767e+00	4511
3.761813037280564e+00	-1.719306335808749e+00	4512
-1.766905536320041e-01	-5.197559575302658e+00	4513
7.882492012855563e-02	5.083654766449836e+00	4514
5.212278240278033e-01	-5.283074178616352e+00	4515
3.406730294144230e+00	2.182570431383581e+00	4516
3.355065371904743e+00	2.500176390276184e+00	4517
3.262051535457859e+00	3.049337245738678e+00	4518
3.157439745113209e+00	3.463116417223680e+00	4519
3.282793887951195e+00	-3.118198193335035e+00	4520
3.429838170104814e+00	-2.497486271934152e+00	4521
-3.406455669629115e+00	-9.926908941303356e-01	4522
-3.336677912536885e+00	9.250871110807888e-01	4523
-3.147262898885483e+00	-4.858178398932482e-01	4524
3.847009969066873e+00	-9.289571109953753e-01	4525
3.591807790777607e+00	1.129206060452718e-02	4526
-2.867842849189316e+00	-1.116261073995261e-01	4527
-1.395299590928347e+00	4.567102666728374e+00	4528
-3.613148311451533e+00	-5.641934708226793e-01	4529
-3.267035908166103e+00	-2.756179875483177e+00	4530
1.630433878260553e+00	4.896748489693960e+00	4531
1.875259096120723e+00	-4.736869097401293e+00	4532
3.998408592608651e+00	-5.213432199882430e-01	4533
3.896595769177967e+00	-2.261360040366042e-01	4534
2.310968465345578e+00	-4.128912385840871e+00	4535
-3.542714519750719e+00	1.373695770326111e+00	4536
1.114234040045616e+00	-5.264255225185392e+00	4537
-1.118655551599845e+00	4.838249970400535e+00	4538
-2.503031927231524e+00	4.026712345390599e+00	4539
-2.886029625547731e+00	3.145281186472725e+00	4540
-2.380031778839650e+00	-4.241335620120870e+00	4541
4.048864106286145e+00	-1.346077939045355e+00	4542
-5.525193245883532e-01	5.335718343733896e+00	4543
-3.411062879361441e+00	-2.316159910872749e+00	4544
2.368998791785008e+00	4.359288206126276e+00	4545
-3.613931417393888e+00	-1.445856337369551e+00	4546
3.119947022585893e+00	-3.634314103867961e+00	4547
-3.196028590466677e+00	-3.416286015167901e+00	4548
7.686532452670112e-01	5.343945893743591e+00	4549
3.687612915001807e+00	1.287807451591000e+00	4550
-3.329924549114283e+00	2.292951136979450e+00	4551
3.860615215719794e+00	7.008748215058820e-01	4552
-1.666283518488284e+00	-5.028777688993964e+00	4553
-7.883544841718185e-01	-5.583411413478816e+00	4554
9.656975341773621e-02	-5.841351466691567e+00	4555
3.785378897636577e+00	1.918692421164012e+00	4556
2.990316936290557e+00	3.896760043599311e+00	4557
3.771594010302615e+00	2.405064839857777e+00	4558
3.724735959498694e+00	2.845123498493439e+00	4559
3.655321479507149e+00	3.368652041380629e+00	4560
3.774274770165595e+00	-2.907093884551602e+00	4561
3.839205202298102e+00	-2.208692628092280e+00	4562
-3.532563233702190e+00	5.031854391243866e-01	4563
3.905144258467301e+00	2.039948708176556e-01	4564
-3.284352035841966e+00	-2.758536235510829e-02	4565
-1.226988885337918e+00	5.527915645091038e+00	4566
2.184875444703861e+00	4.873251629625306e+00	4567
-3.886306585253748e+00	-1.000081997546880e+00	4568
-3.805335123292149e+00	9.306771738534628e-01	4569
-3.794261377418529e+00	-1.945415881631363e+00	4570
-2.131207371086120e+00	4.652144552341627e+00	4571
-3.716567339325841e+00	1.892432544303815e+00	4572
2.520254537312666e+00	-4.738665524453522e+00	4573
2.877207089996716e+00	-4.150187167297661e+00	4574
1.339299022771451e+00	5.384869243734504e+00	4575
8.229088736174418e-01	-5.913820160309190e+00	4576
3.680784467280036e+00	-3.480192361968421e+00	4577
4.235709946891563e+00	4.841308311945208e-01	4578
4.275611450566541e+00	-9.131604761115408e-01	4579
4.269877525368672e+00	-1.375514485474671e-01	4580
-1.648794922518747e+00	5.099896637426047e+00	4581
-3.795931157451524e+00	-2.683688606852605e+00	4582
-3.738195195623785e+00	-3.137982048058032e+00	4583
1.649764412584428e+00	-5.226248124858998e+00	4584
-3.769817228780917e+00	-8.292690889366208e-03	4585
-3.376658197356381e+00	2.859694599651145e+00	4586
-2.090943371739666e+00	-4.817363116030509e+00	4587
-3.048996077884647e+00	-4.067250280773716e+00	4588
9.805213972676534e-02	5.770978967734604e+00	4589
3.515959965993904e+00	3.879106298005209e+00	4590
-1.564998061724419e+00	-5.834432299958214e+00	4591
-5.330115748658371e-01	-6.344619336362529e+00	4592
4.116675072264462e+00	1.095658988981077e+00	4593
4.109964896074672e+00	1.545509004013122e+00	4594
2.839729871060332e+00	4.342080409402203e+00	4595
4.196884974471994e+00	2.173849986038138e+00	4596
4.195848147179043e+00	2.672666672883431e+00	4597
4.167581948229575e+00	3.169953034262315e+00	4598
4.252167764500666e+00	-2.599459411070554e+00	4599
4.208895795808292e+00	-1.837952616205712e+00	4600
-1.886741478601176e+00	5.752954664047748e+00	4601
-4.137080666610517e+00	-1.498007634873666e+00	4602
-2.802261402264727e+00	4.624587783373466e+00	4603
-3.093480175896302e+00	3.883450657299000e+00	4604
-2.299916952282834e+00	5.314830275624540e+00	4605
1.959211478239642e+00	5.450386140839324e+00	4606
-3.380730213364817e+00	3.433893365257706e+00	4607
-2.150392686393866e+00	-5.466089099392519e+00	4608
-2.804898524743830e+00	-4.745271760904850e+00	4609
4.093973217422775e+00	3.757935020762096e+00	4610
4.244836730693414e+00	-3.218499633024257e+00	4611
2.238496320137696e+00	-5.263403926941628e+00	4612
3.496573017824316e+00	-4.078213097597428e+00	4613
-3.846232905287448e+00	2.477525822491379e+00	4614
-4.026841129046840e+00	4.569304205996155e-01	4615
3.170460581433332e+00	-4.730319569819432e+00	4616
-4.055072526043264e+00	1.433233169303536e+00	4617
3.037659602362828e-01	-6.593893502351293e+00	4618
-3.690890644015643e+00	-3.812466341543010e+00	4619
3.342199718725166e+00	4.351351293370277e+00	4620
-6.492357103970999e-01	6.060285450655066e+00	4621
4.445980600052689e+00	-5.230233524039334e-01	4622
4.648218440401506e+00	1.949507527268552e-01	4623
-4.301385407480884e+00	-2.310395969294497e+00	4624
-4.306167705180934e+00	-2.977133048944357e+00	4625
1.424240029686108e+00	-5.862381021729787e+00	4626
-4.107628073440416e+00	-4.758996163814146e-01	4627
8.923266017171201e-01	6.041496047415814e+00	4628
-1.366516308996922e+00	-6.724092277221891e+00	4629
4.565811650123884e+00	8.659153867735815e-01	4630
4.520598449531101e+00	1.326848255586813e+00	4631
2.708004009574383e+00	4.846496055495623e+00	4632
4.585649591842398e+00	1.799867494375282e+00	4633
4.673376291151737e+00	2.424153565852770e+00	4634
4.692314280896841e+00	2.950074560042419e+00	4635
4.693677473688166e+00	-2.192445709700751e+00	4636
4.523061875415890e+00	-1.391118372580150e+00	4637
1.903416304147808e+00	-5.861565156568640e+00	4638
-2.588153368311503e+00	5.997639431875618e+00	4639
4.788869491456593e+00	-2.842182107706490e+00	4640
-4.734455731008086e+00	-1.796433588071843e+00	4641
1.224880492829847e-01	6.549798952727614e+00	4642
-4.337270084897913e+00	9.308133973728951e-01	4643
2.878317625689824e+00	-5.305785459493069e+00	4644
3.936354024020345e+00	4.337263394359256e+00	4645
-1.366568098453186e+00	6.278793233802141e+00	4646
-3.919439642858243e+00	3.105000358925062e+00	4647
4.143336545249041e+00	-3.884881596829120e+00	4648
4.760102645278317e+00	-9.206694136020481e-01	4649
-4.292552701406428e+00	1.519360422388321e-02	4650
1.154826610339112e+00	-6.628094499374010e+00	4651
-3.542426483932548e+00	-4.549826885293616e+00	4652
-2.961931452964888e+00	-5.540866637215523e+00	4653
-4.827818345235679e-01	-7.202099762268158e+00	4654
-3.069895069990638e+00	5.343891101122650e+00	4655
1.580078224175624e+00	6.053747706861023e+00	4656
-3.499029278984732e+00	4.467264086300307e+00	4657
-3.710294257068085e+00	3.959677282224107e+00	4658
3.853790801830727e+00	-4.664331456766954e+00	4659
-4.270185994241849e+00	2.013631011936660e+00	4660
-4.431538803222104e+00	-9.761454934410355e-01	4661
4.728168622992785e+00	-1.612727671036336e-01	4662
-4.177064969430566e+00	-3.611353241892980e+00	4663
-4.878738398785892e+00	-2.636690455343307e+00	4664
-2.195860283652231e+00	-6.330833803390834e+00	4665
4.658135974110833e+00	3.548527883616398e+00	4666
2.552464898802509e+00	5.414213137306866e+00	4667
4.989984665796896e+00	1.140336137079887e+00	4668
5.014125841845084e+00	1.499923499795525e+00	4669
5.046006916961175e+00	5.843771394529922e-01	4670
5.125340651100729e+00	2.042147265588970e+00	4671
5.224687225372541e+00	2.667315450420038e+00	4672
5.076812253674859e+00	-1.692007959703571e+00	4673
3.577423244999618e+00	-5.311311377081539e+00	4674
-1.311703099669844e+00	-7.671894622250311e+00	4675
-2.066534609640273e+00	6.531049310156672e+00	4676
5.284921009222729e+00	-2.350719903032013e+00	4677
-4.574416560145820e+00	4.562782780625960e-01	4678
5.447116324069455e-01	-7.446885212740915e+00	4679
3.370427725601366e+00	5.146372408126913e+00	4680
4.584108464569296e+00	4.205376046293781e+00	4681
-3.414424021112320e+00	6.098837505001773e+00	4682
2.573852167381601e+00	-5.899975916135055e+00	4683
-4.636386159505984e+00	1.485920591476504e+00	4684
-2.117133088372447e+00	-7.229923315002512e+00	4685
2.312081325274606e+00	6.091171821222265e+00	4686
4.928405003829945e+00	-6.085647640686611e-01	4687
-5.398857282850008e+00	-2.111190836123984e+00	4688
1.663521066820377e+00	-6.553723644816840e+00	4689
4.790777088806926e+00	-3.562126324186878e+00	4690
1.064447943405386e+00	6.825598678816714e+00	4691
5.124575996546874e+00	1.147287782466344e-01	4692
-7.249941095841455e-01	6.884428272550697e+00	4693
-4.436135959969089e+00	2.665690413763667e+00	4694
4.573031065329123e+00	-4.487869101070026e+00	4695
-3.847151681658720e+00	-5.389075360270017e+00	4696
-4.392231833133203e+00	3.670806254213393e+00	4697
-3.891843959857755e+00	5.199194556050649e+00	4698
-4.190921358967807e+00	4.455174415539768e+00	4699
-4.665747765607659e+00	-4.287482002098341e-01	4700
-5.092457705489393e+00	-1.194233274296744e+00	4701
-4.169880622404439e+00	-4.284021115221135e+00	4702
-4.874171936506376e+00	-3.375153209831480e+00	4703
-3.113071800654747e+00	-6.448626897139950e+00	4704
5.509497744847606e+00	1.286035513439216e+00	4705
5.514249691386244e+00	9.124073210579196e-01	4706
5.241144242937438e+00	3.300838228761087e+00	4707
5.590144500715878e+00	1.664079626322034e+00	4708
5.739661758720386e+00	2.264629317269693e+00	4709
-4.333432534387415e+00	6.006349280466319e+00	4710
-2.139895309304699e+00	-8.220090392223149e+00	4711
-1.513572928914283e+00	7.124216989881093e+00	4712
-3.228523750919002e-01	-8.158120962006246e+00	4713
1.917489984025799e+00	6.811665888422493e+00	4714
1.792912708854554e-01	7.430431941347814e+00	4715
3.117496931802588e+00	5.942354521832733e+00	4716
-4.856722648636566e+00	-3.698792336355188e-02	4717
5.409373384033795e+00	-3.103874889123641e+00	4718
3.274246237501980e+00	-5.945820788396948e+00	4719
-5.563791364981880e+00	-2.918900444082027e+00	4720
-4.899817773895068e+00	2.131234802281452e+00	4721
5.192590844186850e+00	-4.057145407123783e-01	4722
5.261942536216007e+00	-9.901929018335136e-01	4723
-5.836917812798964e+00	-1.450938484031650e+00	4724
-4.933754316184033e+00	9.412979549482393e-01	4725
-3.137127876427315e+00	-7.498699521830541e+00	4726
4.347331455674212e+00	-5.233342004787503e+00	4727
5.706367073693130e+00	-1.855038621263624e+00	4728
5.217162154297933e+00	3.972336782981906e+00	4729
5.574663524868622e+00	3.810270377931173e-01	4730
6.055130775478865e+00	1.106071454810459e+00	4731
-4.779307991988415e+00	-4.031533849184380e+00	4732
-2.890569876501958e+00	6.805056531412317e+00	4733
2.196739891026818e+00	-6.577727613626910e+00	4734
5.308443267444035e+00	-4.172128617610180e+00	4735
4.385263044881462e+00	4.893360917075472e+00	4736
-5.033035367978251e+00	3.191782188800766e+00	4737
-4.945552779803807e+00	4.228091148574113e+00	4738
-4.709752483106272e+00	5.092774731374512e+00	4739
-5.367994961942808e+00	-5.347164888395161e-01	4740
-4.127621521453723e+00	-6.362011524842268e+00	4741
5.854260860248261e+00	2.958468886988002e+00	4742
6.252487522104096e+00	1.817616752882584e+00	4743
-5.278233881979761e+00	5.857767352700507e+00	4744
-4.311949120883317e+00	-7.516279995409080e+00	4745
-6.166312951745443e+00	-2.264912027052657e+00	4746
6.749328433077225e-01	-8.486378838797918e+00	4747
-5.602437029281974e+00	2.577745706449757e+00	4748
5.132200900296731e+00	4.727667177103489e+00	4749
-2.299882886694247e+00	7.403617645193496e+00	4750
-5.557994329623397e+00	-3.764481775475188e+00	4751
6.029192348246680e+00	-3.700942822311893e+00	4752
4.050386452688270e+00	-5.957452476616323e+00	4753
-5.566828623245325e+00	4.858980944699994e+00	4754
-1.219402797653329e+00	-8.723352809141902e+00	4755
-7.898871959139282e-01	7.819610168887811e+00	4756
-5.291993517501357e+00	1.536779125950828e+00	4757
-4.740494866327716e+00	-4.802630179711089e+00	4758
1.293755053367549e+00	7.709194504943949e+00	4759
6.774019158911143e+00	1.289228928710350e+00	4760
5.949673162174201e+00	-2.559519197838030e+00	4761
5.878234965533848e+00	3.682846576838947e+00	4762
1.893659371375898e+00	-7.337417716900980e+00	4763
-5.695448893082345e+00	3.766095590668747e+00	4764
2.808258296951025e+00	6.770886474434151e+00	4765
5.172091170909605e+00	-5.016909084218834e+00	4766
5.981901962088042e+00	-1.166349174677541e+00	4767
-5.186221208405818e+00	4.263617241295641e-01	4768
5.634855196198320e+00	-1.366442117008255e-01	4769
-3.883453467753139e+00	6.904619658084845e+00	4770
-3.199109116189284e+00	-8.627989475354090e+00	4771
3.971091487591791e+00	5.716365096314483e+00	4772
-4.741640171404771e+00	-5.656998106455175e+00	4773
2.949337149822887e+00	-6.619696328058064e+00	4774
-6.175451162134591e+00	-6.951522397203381e-01	4775
6.430801408952302e+00	2.517461764484487e+00	4776
3.723494363876307e+00	-6.662646517636295e+00	4777
1.473235577533175e+00	-7.856895075319982e+00	4778
-6.352338452734064e+00	-3.216865959718100e+00	4779
6.688626309567552e+00	-3.080878037749071e+00	4780
2.727777345020276e-01	8.425689886647783e+00	4781
-1.683887598192213e+00	8.080468603559408e+00	4782
6.566457651779439e+00	3.294500410945037e+00	4783
-6.080521684828414e+00	1.864203327778052e+00	4784
-4.914249292440823e+00	6.818668956052806e+00	4785
-5.484388525811027e+00	-1.370746706539706e-01	4786
-2.231756675688750e+00	-9.350587286941385e+00	4787
6.363030181048169e+00	-4.644062774629152e-01	4788
6.160272155918690e+00	1.866966713122089e-01	4789
-3.255057221539362e+00	7.716530052386443e+00	4790
6.017528195903638e+00	-4.630226706972101e+00	4791
5.856175273060678e+00	4.452827993241592e+00	4792
7.006827033174844e+00	2.017259413822630e+00	4793
-1.904785924115232e-01	-9.242824907608599e+00	4794
-6.258111403143844e+00	5.596413217830686e+00	4795
2.341507767749529e+00	7.662025305200967e+00	4796
-5.451440958162872e+00	-4.523647250534207e+00	4797
4.922613094188033e+00	-5.866970633339816e+00	4798
-6.383773657613030e+00	3.110341803277570e+00	4799
-5.895157054660650e+00	5.268670881696960e-03	4800
-5.098808591413146e+00	-6.682744459891252e+00	4801
6.571293160027093e+00	5.823029389619374e-01	4802
6.419523745796490e+00	-1.870198151541047e+00	4803
2.656449740173470e+00	-7.318580848924090e+00	4804
-6.433639241297803e+00	4.403466547876135e+00	4805
3.703569373609147e+00	6.584712251471064e+00	4806
5.685130615920854e+00	-7.176927214124967e-01	4807
-5.603652458881561e+00	9.363878331269945e-01	4808
-6.652910453151723e+00	-1.473198879900850e+00	4809
-4.479500545506220e+00	-8.790185328520664e+00	4810
4.870198679650538e+00	5.572582000574275e+00	4811
-5.535660445174709e+00	-5.225649314558598e+00	4812
-6.318023468241837e+00	-4.773109689750126e+00	4813
3.425915868712611e+00	-7.373495484767372e+00	4814
-4.389816162075457e+00	7.833715098882057e+00	4815
-7.255741419147958e+00	5.130095150715668e+00	4816
-7.041463490358253e+00	-2.429032093831688e+00	4817
-6.972701933719444e+00	2.302335976187595e+00	4818
9.055111804729872e-01	-9.619492220797030e+00	4819
7.216125986116228e+00	2.801398526268205e+00	4820
-2.579017634481220e+00	8.391297243256259e+00	4821
-1.173429760138727e+00	-9.913924787767932e+00	4822
1.587010892961329e+00	8.705001597141331e+00	4823
5.867776246624134e+00	-5.605721870874265e+00	4824
-7.040206142603583e+00	-6.952586803008602e-01	4825
3.372453314048613e+00	7.545140546789443e+00	4826
5.749720226642695e+00	5.340534184441813e+00	4827
4.593739163619762e+00	-6.681789668865352e+00	4828
-8.490112225686162e-01	8.881255445909524e+00	4829
-3.530972409342747e+00	-9.817388782727788e+00	4830
6.604108203630260e+00	4.115832431583953e+00	4831
6.837984551767788e+00	-4.061015574169935e+00	4832
2.294380081447642e+00	-8.190634002400834e+00	4833
7.338285869620429e+00	7.443088223945125e-01	4834
7.589902944667265e+00	1.428773014816686e+00	4835
-5.984146048104034e+00	6.644187326484892e+00	4836
-6.342370665776399e+00	-4.196208233862452e+00	4837
-7.252876081358486e+00	3.720239313552185e+00	4838
6.868723341799411e+00	5.033764646127189e-02	4839
6.738263627996519e+00	-1.147980814610228e+00	4840
7.263034412214862e+00	-2.317069151191440e+00	4841
1.657128981380530e+00	-8.908828696512224e+00	4842
4.561891357304635e+00	6.394453389734542e+00	4843
-6.378879755969264e+00	6.705187797264114e-01	4844
-5.416382520797880e+00	-7.892335411542888e+00	4845
-5.548028856627090e+00	-6.195648228058297e+00	4846
-3.080209506689612e-02	-1.046699334005199e+01	4847
-5.720221261444874e+00	-9.141799118406382e+00	4848
4.051719272567222e-01	9.550625094126190e+00	4849
-6.405286552293943e+00	-5.731782796990871e+00	4850
8.203506953779986e+00	8.138505866666289e-01	4851
2.842419234541158e+00	8.619910752696892e+00	4852
-6.856499801430734e+00	1.406230947397862e+00	4853
7.375757876320280e+00	3.675024655078811e+00	4854
-2.362684280141264e+00	-1.063772321871583e+01	4855
7.583502546358606e+00	-3.312256788274511e+00	4856
-7.576136379301238e+00	-1.540749940478022e+00	4857
7.863495459449283e+00	2.240922058421878e+00	4858
-5.568960044517912e+00	7.742723027488958e+00	4859
5.586962539881255e+00	-6.577678497179855e+00	4860
-4.858319835475838e+00	-1.008540003506704e+01	4861
-1.877218351481812e+00	9.166941313469460e+00	4862
6.583780696932268e+00	5.005829684691826e+00	4863
6.837121975859662e+00	-5.137601132333248e+00	4864
-7.123272331379973e+00	6.312373879129852e+00	4865
4.253580825507984e+00	-7.441090869730743e+00	4866
-7.973375732283050e+00	2.836587773303991e+00	4867
-8.219730573016992e+00	4.418957783906273e+00	4868
7.708706395815209e+00	-1.320354665573391e-02	4869
2.013460784979549e+00	-1.003557502092866e+01	4870
2.975922070921606e+00	-8.230011946898395e+00	4871
-6.653162427304379e+00	-2.579846017690657e-02	4872
-3.664400858942871e+00	8.751640746215459e+00	4873
5.503640116308849e+00	6.261820757242950e+00	4874
2.712350371115900e+00	-9.201071146491010e+00	4875
7.117900573079250e+00	-5.805632414818164e-01	4876
-7.254395284697433e+00	-3.541084041998871e+00	4877
7.218277477532679e+00	-1.792238858559300e+00	4878
4.333906746660462e+00	7.330157382634427e+00	4879
-6.659033275830764e+00	-8.249880596894004e+00	4880
8.504893741151980e+00	1.640655968374172e+00	4881
4.011494173625126e+00	8.425928585736226e+00	4882
6.671618880266635e+00	-6.264203625850911e+00	4883
-1.132146647468402e+00	-1.126388742327071e+01	4884
-8.290121916648570e+00	5.724160914763097e+00	4885
1.945319833988782e+00	9.826630213529077e+00	4886
-3.798785842241458e+00	-1.118908604101697e+01	4887
-2.894003504514575e+00	9.511693222505560e+00	4888
8.672024206976939e+00	-2.940998677919278e-02	4889
-7.802259123007021e+00	1.775335115114469e+00	4890
8.218698042476909e+00	-2.557495226296740e+00	4891
-8.014040744226898e+00	-6.657150090792675e-01	4892
8.108290757861557e+00	3.121180376764611e+00	4893
7.772137563563131e+00	-4.449774599646586e+00	4894
7.430971573926572e+00	4.608605675109501e+00	4895
7.944775583967745e+00	-8.515866890346701e-01	4896
-9.006829418604416e-01	1.008691455217646e+01	4897
3.217284497906887e+00	-1.033110663059069e+01	4898
-6.436981557921049e+00	-6.814819605137077e+00	4899
-4.956381954101263e+00	8.892325160230811e+00	4900
-7.288203662880154e+00	-5.164453294650372e+00	4901
5.220811015006587e+00	-7.486922349464235e+00	4902
5.231937936054640e+00	7.135295732002613e+00	4903
6.480411128853135e+00	6.002748742745186e+00	4904
-8.032529709724633e+00	-2.623758287020675e+00	4905
-6.802705953316588e+00	7.525833405716669e+00	4906
-6.220910668744812e+00	-1.045922676306315e+01	4907
-9.091226125838714e+00	3.468112724362489e+00	4908
1.130780233595919e+00	-1.088791294105620e+01	4909
3.894709912912163e+00	-8.281732209982758e+00	4910
-7.519011092736777e+00	3.210973410202822e-02	4911
7.528827686517165e+00	-1.267155961419500e+00	4912
-7.231134774013863e+00	6.102506857462712e-01	4913
5.792886578419365e-01	1.082350498090046e+01	4914
3.423308717485209e+00	9.698724725020091e+00	4915
-8.305969666431283e+00	4.483671077363909e-01	4916
1.377945120706245e-01	-1.184747128017944e+01	4917
8.962370495525187e+00	-1.020975106567992e+00	4918
-2.470459802468136e+00	-1.209849422017673e+01	4919
9.209786064345678e+00	8.744553656319707e-01	4920
8.821635009729903e+00	2.516913236317728e+00	4921
8.297702883607696e+00	4.104144865292321e+00	4922
-8.915702758839522e+00	2.219021891093562e+00	4923
5.048462063716421e+00	8.161646008118181e+00	4924
3.665975981415612e+00	-9.288630718496620e+00	4925
-8.125365183475502e+00	7.109859494584873e+00	4926
8.588384412606374e+00	-3.623746704719915e+00	4927
8.185047622115276e+00	-1.786612401954296e+00	4928
-8.624554083606300e+00	-1.614431555020019e+00	4929
-6.315621267514895e+00	8.791015052860480e+00	4930
-5.233376057686590e+00	-1.154338307960211e+01	4931
-4.122976671648248e+00	9.926993152006487e+00	4932
-7.647308524228988e+00	-7.358134746333541e+00	4933
-2.089621828472322e+00	1.040401021270578e+01	4934
-8.298037532766557e+00	-4.009999703046102e+00	4935
7.783803596384742e+00	-5.698721018019100e+00	4936
2.369188779296971e+00	-1.133556302690476e+01	4937
-7.411556816474705e+00	-6.265546050559613e+00	4938
6.351985684421722e+00	-7.375095692479708e+00	4939
6.246164581347375e+00	7.005208259866192e+00	4940
7.422645941498756e+00	5.618171528673031e+00	4941
-7.094776636987922e+00	-9.466797308936165e+00	4942
-9.404448042950778e+00	4.845470813877493e+00	4943
4.830458937275201e+00	-8.341158443441929e+00	4944
4.747895259988739e+00	9.416284873189799e+00	4945
-6.781066585130552e+00	-1.195531945447349e+01	4946
-3.246109734263935e+00	1.078404967673338e+01	4947
3.758056220850788e+00	-1.164458384988268e+01	4948
8.833526272130067e+00	-4.898526467259004e+00	4949
-9.479658415699030e+00	6.383418451715661e+00	4950
-8.645946300796110e+00	-6.567208076589626e+00	4951
9.307324871641715e+00	-2.775831433150551e+00	4952
9.559724343024536e+00	1.829887172657614e+00	4953
1.965804342012112e+00	1.128202985668105e+01	4954
2.781247833566729e+00	1.090737725361825e+01	4955
-4.049030074763345e+00	-1.274921652879014e+01	4956
-7.691893225707216e+00	-1.086869889494334e+01	4957
5.998168116605419e+00	7.944131824298815e+00	4958
-1.070476401170666e+00	-1.278755467156756e+01	4959
9.743176582631360e+00	-1.622768732907834e-01	4960
-8.008508041419915e+00	-8.571600327498224e+00	4961
-5.596192368321232e+00	1.009589196866402e+01	4962
9.112679974961399e+00	3.489630633326738e+00	4963
-9.411237605651565e-01	1.145597302272930e+01	4964
1.421608864090058e+00	-1.230652151590563e+01	4965
7.327349534132964e+00	6.727072383309483e+00	4966
8.376706327541385e+00	5.158730827414989e+00	4967
-8.704576342433999e+00	1.123911965921065e+00	4968
-7.745792382210182e+00	8.520732106471725e+00	4969
7.598646540028602e+00	-7.001405004670732e+00	4970
-1.007082135203572e+01	2.690354575403495e+00	4971
4.503756190699307e+00	-1.026372161299332e+01	4972
-9.090585580887945e+00	-4.832349774798134e-01	4973
9.164713861590734e+00	-2.098397560544228e+00	4974
-8.484438280145396e+00	-5.431598232402235e+00	4975
-9.163102719271434e+00	-2.870049776856561e+00	4976
-1.036762565506721e+01	3.897417789078771e+00	4977
5.925493205461768e+00	-8.402409278882869e+00	4978
4.245558235907924e+00	1.078357902200798e+01	4979
-5.662456665604797e+00	-1.318867435006941e+01	4980
-9.738571902089646e+00	-5.827937930725082e+00	4981
-2.556185751910649e+00	-1.375063202811247e+01	4982
1.036541723634640e+01	9.126308190348345e-01	4983
-2.320211282872302e+00	1.181362721254045e+01	4984
7.225157065544179e+00	-8.279212286616580e+00	4985
9.737580006142171e+00	-3.964879013472942e+00	4986
-1.140607578342657e+01	2.998175392549320e+00	4987
-8.425178457117944e+00	-1.240298542777094e+01	4988
-7.167784809749334e+00	9.981233959489821e+00	4989
-9.825423698606956e+00	-1.632212751200354e+00	4990
9.913150917902190e+00	2.814248760747948e+00	4991
9.345507182043091e+00	4.586605872568631e+00	4992
-9.279622828519619e+00	8.003770642486529e+00	4993
-8.497710075786522e+00	-9.981898948214825e+00	4994
-9.857515827362077e+00	1.465191390445066e+00	4995
1.006534589103633e+01	-1.321028266990548e+00	4996
5.917418667627073e-01	1.228656007207252e+01	4997
5.313099522827522e+00	-9.475250222060888e+00	4998
8.867459574112770e+00	-6.330334658623937e+00	4999
7.097985601585366e+00	7.819354928220767e+00	5000
8.385953273081277e+00	6.295063818547340e+00	5001
-1.071968929756364e+01	5.402591661802545e+00	5002
-8.966246678099884e+00	-7.766111543812944e+00	5003
-4.637948431570707e+00	1.126153553730376e+01	5004
2.815346048496831e+00	-1.277958157401479e+01	5005
-9.530347064210224e+00	-4.331350388041779e+00	5006
5.764116022676740e+00	9.113005601345295e+00	5007
3.531159956058914e-01	-1.340071130617785e+01	5008
5.286587427281361e+00	-1.157484037936489e+01	5009
6.837587439691314e+00	8.880205716450138e+00	5010
-1.056247662067413e+00	1.299756033595110e+01	5011
-7.293135394644199e+00	-1.369551208322207e+01	5012
1.791229771971424e+00	-1.389473992051429e+01	5013
-4.308673451420469e+00	-1.451565661210097e+01	5014
1.097026919977959e+01	-3.116282021582552e-01	5015
-8.828947229714611e+00	9.646596077164830e+00	5016
-3.639009655791272e+00	1.223026976673659e+01	5017
-6.320232887515588e+00	1.146411182546462e+01	5018
-1.036644244821705e+01	-4.704839899021215e-01	5019
-1.177518402984473e+01	4.391622366526559e+00	5020
9.456365708539868e+00	5.771031178876615e+00	5021
-9.571005597728742e+00	3.056150417948242e-01	5022
1.004719613012151e+01	-5.402441468282137e+00	5023
1.025407851627090e+01	3.896713584101681e+00	5024
1.076901210555102e+01	2.022882357157610e+00	5025
1.055061312935514e+01	-2.996688104583733e+00	5026
3.620811045365110e+00	1.213629681973085e+01	5027
-1.082072859761504e+01	7.149814058932352e+00	5028
-9.968004312515683e+00	-7.040029352102772e+00	5029
5.623123084464368e+00	1.046599022327329e+01	5030
8.297958771055079e+00	7.526882402408257e+00	5031
-9.357632613395349e+00	-9.202690642296611e+00	5032
-1.086144906521252e+01	-4.902701511190481e+00	5033
8.660976595113581e+00	-7.836660305783637e+00	5034
2.080587951713752e+00	1.287379819598822e+01	5035
-9.706870288793956e-01	-1.450164358860001e+01	5036
-9.216907783887462e+00	-1.144120683088466e+01	5037
-1.106033062483804e+01	1.770032186193630e+00	5038
6.661639847548103e+00	-9.518066190229829e+00	5039
4.485131121246952e+00	-1.307175020003805e+01	5040
-1.046427333132033e+01	-3.047594707425461e+00	5041
5.773324534697864e+00	-1.075708896145118e+01	5042
-9.172858779604649e+00	-1.419330334136494e+01	5043
1.053897870398180e+01	5.121674156786366e+00	5044
1.105340348642513e+01	-4.334149926630277e+00	5045
-6.069851921825399e+00	-1.505293124271752e+01	5046
-5.217051737709921e+00	1.277731373799514e+01	5047
-8.139568453036963e+00	1.133381697383686e+01	5048
-1.075864434277244e+01	5.821561373392495e-01	5049
-1.059367579704395e+01	9.020093863603719e+00	5050
1.010903213206773e+01	-7.044585047536167e+00	5051
1.115732416277313e+01	3.137561808210239e+00	5052
5.743142007517882e-01	1.394491066928685e+01	5053
7.301564932424632e+00	-1.091286372971940e+01	5054
8.200591939086866e+00	-9.341195426935299e+00	5055
8.058590061028818e+00	8.739491644991073e+00	5056
-2.617433220360524e+00	-1.562102192614833e+01	5057
9.486814082752046e+00	7.046708688502493e+00	5058
6.559115837939518e+00	1.019766183601730e+01	5059
1.139013391790504e+01	-1.709562883555985e+00	5060
-1.027455574252824e+01	-8.519024030624424e+00	5061
6.334796869534399e-01	-1.514675356289806e+01	5062
-1.219955599950419e+01	6.051677499254914e+00	5063
3.406804184133179e+00	-1.439888900369485e+01	5064
-1.115193385471279e+01	-6.285625415949865e+00	5065
-1.192969671846694e+01	-3.696622095744690e+00	5066
5.198071640376904e+00	1.197140777053709e+01	5067
-1.292317830804586e+01	3.337537918687372e+00	5068
-2.606537268211753e+00	1.340312578095891e+01	5069
6.201139528340181e+00	-1.302296396086956e+01	5070
1.168817736823807e+01	9.435016054270161e-01	5071
-1.013618378785240e+01	-1.300051816522168e+01	5072
-1.118421597276865e+01	-1.694652119730905e+00	5073
3.484402235750536e+00	1.382320244120187e+01	5074
-1.249396719866322e+01	2.025765451402917e+00	5075
1.215189657485502e+01	2.231020026738771e+00	5076
-4.551170418251119e+00	-1.651697151824628e+01	5077
-7.894185647398147e+00	-1.564897820038925e+01	5078
-1.006493481387110e+01	1.092624024886964e+01	5079
-1.233794036487695e+01	8.027920443813723e+00	5080
1.238521309280730e+01	-4.785329050797020e-01	5081
1.198674395326909e+01	-3.126510683676406e+00	5082
9.869757039280993e+00	-8.798092642793700e+00	5083
6.463352193770524e+00	1.163514590139074e+01	5084
9.398736266389173e+00	8.423123072273091e+00	5085
5.291904037813735e+00	-1.469988378035286e+01	5086
-8.160560719964297e-01	-1.643749671398380e+01	5087
-1.115294498822784e+01	-1.135080325007827e+01	5088
1.155177282571596e+01	4.344796427792014e+00	5089
-1.228547141610110e+00	1.473551865763893e+01	5090
-1.240737921867426e+01	-5.262073887021973e+00	5091
-7.139869296012604e+00	1.301997929942883e+01	5092
-4.091520046043128e+00	1.386510077289419e+01	5093
-1.072189525099784e+01	-1.007553581776500e+01	5094
-1.114418751090207e+01	-1.479415851461768e+01	5095
-1.411473660308345e+01	2.217436817084924e+00	5096
-1.174400524104454e+01	-3.805898459071075e-01	5097
1.143411238144641e+01	-5.963579539372530e+00	5098
2.068465960710954e+00	1.464196831049083e+01	5099
8.118293363328700e+00	-1.267635536971083e+01	5100
1.068814842619194e+01	6.451278976913388e+00	5101
8.996946154649665e+00	-1.083821066922632e+01	5102
7.779093066281198e+00	9.945797903984319e+00	5103
2.266524515110148e+00	-1.567631485577425e+01	5104
-1.142754421161137e+01	-7.675058858110227e+00	5105
-1.282154902031988e+01	-2.216501536371593e+00	5106
-1.338265650277717e+01	4.902554416344559e+00	5107
4.558373812952093e+00	1.350435333503331e+01	5108
-1.206471124789912e+01	7.406963326378860e-01	5109
-9.244374890560499e+00	1.287294751120359e+01	5110
-2.639097523635836e+00	-1.773611575595754e+01	5111
4.045511478814787e+00	1.544226020764459e+01	5112
1.257357427696248e+01	3.494464399302425e+00	5113
7.447735516983352e+00	1.143222813370480e+01	5114
9.988038574544195e-01	-1.710583670846660e+01	5115
4.101783950580483e+00	-1.622285602849061e+01	5116
-6.509347614429045e+00	-1.715834704819469e+01	5117
1.189831983544611e+01	5.713265487124697e+00	5118
1.074019030463474e+01	7.888431492233034e+00	5119
1.084435724628886e+01	-1.041992710012913e+01	5120
-1.255689139822599e+01	-1.016188181635929e+01	5121
-1.354598776526388e+01	7.996500784487952e-01	5122
-1.359889798342566e+01	-3.875786597328432e+00	5123
1.257594845033115e+01	-4.696362074333763e+00	5124
4.812503521804893e-01	1.580775574832189e+01	5125
1.152632632612756e+01	-7.854054329177881e+00	5126
-1.208743884277820e+01	1.017622063183348e+01	5127
6.252862346348904e+00	1.328560356936793e+01	5128
1.320139391822126e+01	9.775649922269554e-01	5129
-1.274263154472124e+01	-6.809980579549297e+00	5130
-1.461899728924506e+01	3.798912280345493e+00	5131
-2.954820355250216e+00	1.519192431867096e+01	5132
1.290381511401087e+01	-1.913976758811600e+00	5133
-1.321159136483757e+01	-1.952553089802876e-01	5134
-5.873092229496227e+00	1.449609259198203e+01	5135
-1.227058967202212e+01	-1.304877508847149e+01	5136
-1.388411983784822e+01	6.772251572385404e+00	5137
7.342319407083290e+00	-1.457930160202515e+01	5138
1.004166014946197e+01	-1.246335457942155e+01	5139
9.144380689872765e+00	9.780164959546608e+00	5140
-1.188804897521680e+01	-9.103818370002505e+00	5141
-4.612719961480190e+00	1.570859373291865e+01	5142
1.400156242418928e+01	-5.810290304797256e-01	5143
2.841171750846104e+00	-1.767647313098694e+01	5144
1.303259663082909e+01	-6.575775102533550e+00	5145
1.302695279128857e+01	4.841548213606178e+00	5146
-1.530176178036247e+01	9.140779140325113e-01	5147
6.280225525526158e+00	-1.652059920116265e+01	5148
2.353694165863650e+00	1.664302258683065e+01	5149
-1.147186514639794e+01	1.238243458252112e+01	5150
-1.406424445151837e+01	9.019375081128004e+00	5151
1.373004319459451e+01	2.465107974767690e+00	5152
1.358872148128023e+01	-3.390981659139194e+00	5153
1.209202550267976e+01	7.209594047905578e+00	5154
-1.473335089452238e+00	1.668854210755347e+01	5155
-8.068244488211969e+00	1.478892042248025e+01	5156
8.839945855249637e+00	1.115719805607301e+01	5157
-1.338114593667049e+01	-8.473644709057842e+00	5158
-5.867693540290230e-01	-1.861957948570633e+01	5159
1.207823955425795e+01	-1.208103518927069e+01	5160
-1.454608992704633e+01	-1.936783076110747e+00	5161
6.366447676428353e+00	1.560229009596573e+01	5162
1.275057945543850e+01	-9.550459264070652e+00	5163
-1.518247909554215e+01	5.499176769984470e+00	5164
-1.415809328984269e+01	-5.644830820584454e+00	5165
-1.595992764567776e+01	2.495451609188301e+00	5166
-1.482180055296312e+01	-1.848277100279335e-01	5167
9.315986356318499e+00	-1.430059541052683e+01	5168
1.065021893705570e+01	9.434932105951360e+00	5169
1.430555636434878e+01	-5.127334617417350e+00	5170
4.985879544556246e+00	-1.816697371495702e+01	5171
-1.049827591235519e+01	1.462443807402673e+01	5172
1.459156000730214e+01	-8.221327381013433e+00	5173
1.344443204673576e+01	6.370134438093251e+00	5174
-3.376990303849615e+00	1.719890624452412e+01	5175
1.460942856212966e+01	-2.111578151007592e+00	5176
-1.458804613417972e+01	-7.281175346807759e+00	5177
-6.615691813647834e+00	1.644369380667995e+01	5178
-1.461469624619179e+01	-1.011755805142584e+01	5179
-1.728381987417090e+01	1.011575225998970e+00	5180
-1.649310260478112e+01	-8.237800686811271e-01	5181
4.678202679573811e+00	1.747246899424827e+01	5182
4.653378507695728e-01	1.792902972605907e+01	5183
-1.378797056575326e+01	1.148720423177701e+01	5184
-1.550855891631836e+01	-3.940375326379226e+00	5185
-1.579194528957224e+01	7.585948893071976e+00	5186
1.141103077866010e+01	-1.408883635182911e+01	5187
1.216697864836803e+01	8.833298114990191e+00	5188
8.445795342323041e+00	1.283878754774366e+01	5189
1.418283755933252e+01	3.894301207154628e+00	5190
1.492388386176643e+01	1.052583840381424e+00	5191
8.544205389270234e+00	-1.639562617909970e+01	5192
1.422220107856356e+01	-1.129322360347068e+01	5193
-1.654847998445705e+01	4.254991796905211e+00	5194
1.037232960745184e+01	1.095930499081963e+01	5195
1.540245043596212e+01	-3.698236687503974e+00	5196
-1.377021782187903e+01	-1.219643733191237e+01	5197
-1.722383536081267e+01	6.142477948205685e+00	5198
1.469969065745948e+01	5.393584890961491e+00	5199
1.583827686425747e+01	-6.566564845232168e-01	5200
1.492957621605971e+01	-6.964584036343374e+00	5201
1.003790444475934e+01	1.253435721199902e+01	5202
1.566964590905856e+01	-9.549423498844199e+00	5203
-5.211359245995356e+00	1.778176405610849e+01	5204
1.369089021062208e+01	8.057029033613048e+00	5205
7.686124450010418e+00	1.473406408369331e+01	5206
-1.803986367157430e+01	2.896390938589412e+00	5207
-1.616384166812052e+01	-5.952604105453266e+00	5208
1.207199658850364e+01	1.057771039934747e+01	5209
1.552256569119544e+01	2.747912123307304e+00	5210
-1.865613855170061e+01	-6.724900679856276e-01	5211
1.627035407697252e+01	-5.478103753103164e+00	5212
1.600418366146757e+01	4.352249400523781e+00	5213
1.520148536643677e+01	7.100422582058416e+00	5214
8.076332420956478e+00	1.676176670328789e+01	5215
-1.660351032975069e+01	-8.079914965926809e+00	5216
1.378807269588129e+01	9.896252625094064e+00	5217
1.653479033431020e+01	-2.314575354512103e+00	5218
1.688192140592928e+01	1.169537140379654e+00	5219
-1.770430103328912e+01	-2.667191616602829e+00	5220
1.669370846123364e+01	-7.562177190431989e+00	5221
9.656487646841590e+00	1.444483049254875e+01	5222
-1.762339804432141e+01	-4.355425209396354e+00	5223
1.176341945244036e+01	1.229577296535996e+01	5224
1.792240634905546e+01	-7.175118664894276e-01	5225
1.551063595799084e+01	9.006352251379473e+00	5226
1.744397985173791e+01	-3.974306928526079e+00	5227
1.368689280424877e+01	1.186975402829846e+01	5228
1.659058248919634e+01	6.012530390140178e+00	5229
1.755476459258429e+01	3.091526500741618e+00	5230
1.142003558169180e+01	1.405992962515603e+01	5231
1.719511256075478e+01	7.914452454576363e+00	5232
NMARK= 2
MARKER_TAG= airfoil
MARKER_ELEMS= 200
3	199	0
3	0	1
3	1	2
3	2	3
3	3	4
3	4	5
3	5	6
3	6	7
3	7	8
3	8	9
3	9	10
3	10	11
3	11	12
3	12	13
3	13	14
3	14	15
3	15	16
3	16	17
3	17	18
3	18	19
3	19	20
3	20	21
3	21	22
3	22	23
3	23	24
3	24	25
3	25	26
3	26	27
3	27	28
3	28	29
3	29	30
3	30	31
3	31	32
3	32	33
3	33	34
3	34	35
3	35	36
3	36	37
3	37	38
3	38	39
3	39	40
3	40	41
3	41	42
3	42	43
3	43	44
3	44	45
3	45	46
3	46	47
3	47	48
3	48	49
3	49	50
3	50	51
3	51	52
3	52	53
3	53	54
3	54	55
3	55	56
3	56	57
3	57	58
3	58	59
3	59	60
3	60	61
3	61	62
3	62	63
3	63	64
3	64	65
3	65	66
3	66	67
3	67	68
3	68	69
3	69	70
3	70	71
3	71	72
3	72	73
3	73	74
3	74	75
3	75	76
3	76	77
3	77	78
3	78	79
3	79	80
3	80	81
3	81	82
3	82	83
3	83	84
3	84	85
3	85	86
3	86	87
3	87	88
3	88	89
3	89	90
3	90	91
3	91	92
3	92	93
3	93	94
3	94	95
3	95	96
3	96	97
3	97	98
3	98	99
3	99	100
3	100	101
3	101	102
3	102	103
3	103	104
3	104	105
3	105	106
3	106	107
3	107	108
3	108	109
3	109	110
3	110	111
3	111	112
3	112	113
3	113	114
3	114	115
3	115	116
3	116	117
3	117	118
3	118	119
3	119	120
3	120	121
3	121	122
3	122	123
3	123	124
3	124	125
3	125	126
3	126	127
3	127	128
3	128	129
3	129	130
3	130	131
3	131	132
3	132	133
3	133	134
3	134	135
3	135	136
3	136	137
3	137	138
3	138	139
3	139	140
3	140	141
3	141	142
3	142	143
3	143	144
3	144	145
3	145	146
3	146	147
3	147	148
3	148	149
3	149	150
3	150	151
3	151	152
3	152	153
3	153	154
3	154	155
3	155	156
3	156	157
3	157	158
3	158	159
3	159	160
3	160	161
3	161	162
3	162	163
3	163	164
3	164	165
3	165	166
3	166	167
3	167	168
3	168	169
3	169	170
3	170	171
3	171	172
3	172	173
3	173	174
3	174	175
3	175	176
3	176	177
3	177	178
3	178	179
3	179	180
3	180	181
3	181	182
3	182	183
3	183	184
3	184	185
3	185	186
3	186	187
3	187	188
3	188	189
3	189	190
3	190	191
3	191	192
3	192	193
3	193	194
3	194	195
3	195	196
3	196	197
3	197	198
3	198	199
MARKER_TAG= farfield
MARKER_ELEMS= 50
3	200	201
3	201	202
3	202	203
3	203	204
3	204	205
3	205	206
3	206	207
3	207	208
3	208	209
3	209	210
3	210	211
3	211	212
3	212	213
3	213	214
3	214	215
3	215	216
3	216	217
3	217	218
3	218	219
3	219	220
3	220	221
3	221	222
3	222	223
3	223	224
3	224	225
3	225	226
3	226	227
3	227	228
3	228	229
3	229	230
3	230	231
3	231	232
3	232	233
3	233	234
3	234	235
3	235	236
3	236	237
3	237	238
3	238	239
3	239	240
3	240	241
3	241	242
3	242	243
3	243	244
3	244	245
3	245	246
3	246	247
3	247	248
3	248	249
3	249	200
