"Time_Iter","Outer_Iter","Inner_Iter",    "rms[Rho]"    ,    "rms[RhoU]"   ,    "rms[RhoV]"   ,    "rms[RhoE]"   ,    "RefForce"    ,       "CD"       ,       "CL"       ,       "CSF"      ,       "CMx"      ,       "CMy"      ,       "CMz"      ,       "CFx"      ,       "CFy"      ,       "CFz"      ,      "CEff"      
          0,           0,           0,      -4.750750212,      -4.672617235,      -5.381640159,      -4.154370356,             0.448,    0.005886859761,     0.07905639219,                 0,                 0,                 0,    -0.02249958579,    0.004160852741,     0.07916600008,                 0,       13.42929769
          0,           0,           1,      -5.023362395,      -4.869942101,      -4.870840583,      -4.422397246,             0.448,      0.0035938884,     0.08134854031,                 0,                 0,                 0,    -0.02792804862,    0.001818424098,     0.08140758182,                 0,       22.63524385
          0,           0,           2,      -4.952575091,      -4.899352357,      -5.022374897,      -4.368371791,             0.448,      0.0032796088,     0.08844747394,                 0,                 0,                 0,    -0.02692753271,    0.001349356866,     0.08849797012,                 0,       26.96890981
          0,           0,           3,      -4.953346365,      -4.981989858,      -4.968033221,      -4.366226174,             0.448,    0.003534956855,     0.08726388154,                 0,                 0,                 0,    -0.02515862243,    0.001630464087,     0.08732022978,                 0,       24.68598207
          0,           0,           4,      -4.921172239,      -4.983322279,      -4.965783582,      -4.337931832,             0.448,    0.003367480657,     0.08803100326,                 0,                 0,                 0,    -0.02481087001,    0.001446293072,     0.08808351547,                 0,       26.14150228
          0,           0,           5,      -4.928076722,      -5.078331113,      -5.014125103,      -4.355667519,             0.448,    0.003320785049,     0.09218616568,                 0,                 0,                 0,     -0.0237908489,    0.001308964186,     0.09223667041,                 0,       27.76035314
          0,           0,           6,       -4.91040119,       -5.16278689,      -5.059451634,      -4.342012513,             0.448,    0.003185505476,     0.09455190598,                 0,                 0,                 0,    -0.02340762062,    0.001122108453,     0.09459889662,                 0,       29.68191601
          0,           0,           7,      -4.891525374,      -5.140192307,      -5.040621901,      -4.323134052,             0.448,    0.003074986907,     0.09641916276,                 0,                 0,                 0,    -0.02315998877,   0.0009708821929,     0.09646329809,                 0,       31.35595879
          0,           0,           8,      -4.878118257,      -5.126041509,      -5.045915116,      -4.312435501,             0.448,    0.003011495883,     0.09874829589,                 0,                 0,                 0,    -0.02274446193,   0.0008565965065,      0.0987904919,                 0,       32.79044691
          0,           0,           9,      -4.870447915,       -5.17227178,      -5.079605069,      -4.308319544,             0.448,    0.002930456617,      0.1010380925,                 0,                 0,                 0,    -0.02243846961,   0.0007256248753,      0.1010779758,                 0,        34.4786174
          0,           0,          10,      -4.862215929,      -5.206453728,      -5.114109873,       -4.30179791,             0.448,    0.002846574365,      0.1031310246,                 0,                 0,                 0,    -0.02226933901,   0.0005961055118,      0.1031685799,                 0,       36.22987191
          0,           0,          11,      -4.855930752,      -5.213773773,      -5.134355568,      -4.296898751,             0.448,    0.002766103158,      0.1050442675,                 0,                 0,                 0,    -0.02221615717,   0.0004739162802,      0.1050796121,                 0,       37.97554232
          0,           0,          12,      -4.853258077,      -5.225728879,      -5.152698001,      -4.295966291,             0.448,    0.002684342161,      0.1068237897,                 0,                 0,                 0,    -0.02224287043,   0.0003533546692,      0.1068569271,                 0,       39.79514655
          0,           0,          13,      -4.852312891,      -5.236067566,      -5.173749241,      -4.295989631,             0.448,    0.002605107809,      0.1085355639,                 0,                 0,                 0,    -0.02230125792,   0.0002367970149,      0.1085665655,                 0,       41.66259974
          0,           0,          14,      -4.852338266,      -5.245343737,       -5.19315922,       -4.29597369,             0.448,    0.002532384906,      0.1101692189,                 0,                 0,                 0,    -0.02238160231,    0.000128453423,      0.1101982453,                 0,        43.5041366
          0,           0,          15,       -4.85238081,      -5.260361714,      -5.210245855,      -4.295623761,             0.448,     0.00246412846,      0.1116730138,                 0,                 0,                 0,    -0.02249968483,   2.740810586e-05,      0.1117001934,                 0,       45.31947731
          0,           0,          16,       -4.85210642,      -5.281971709,      -5.224907903,      -4.295181037,             0.448,    0.002398175322,      0.1130447861,                 0,                 0,                 0,    -0.02265260025,  -6.845439141e-05,      0.1130702004,                 0,       47.13783228
          0,           0,          17,      -4.852128002,      -5.306397979,      -5.236930745,      -4.295253233,             0.448,    0.002334732277,      0.1143090547,                 0,                 0,                 0,    -0.02282128031,  -0.0001594622131,      0.1143327842,                 0,        48.9602409
          0,           0,          18,      -4.852876315,      -5.326863171,      -5.247249934,       -4.29613876,             0.448,    0.002274559078,       0.115492536,                 0,                 0,                 0,     -0.0229910968,  -0.0002454386003,      0.1155146711,                 0,       50.77579083
          0,           0,          19,      -4.854670586,      -5.338915354,      -5.257037169,      -4.298008609,             0.448,    0.002218161118,      0.1166135763,                 0,                 0,                 0,    -0.02315605483,  -0.0003262785032,      0.1166342143,                 0,       52.57218481
          0,           0,          20,      -4.857868023,      -5.343778943,      -5.265611743,      -4.301215475,             0.448,    0.002165298138,      0.1176652484,                 0,                 0,                 0,    -0.02331711734,  -0.0004020710098,       0.117684483,                 0,       54.34136126
          0,           0,          21,      -4.863035586,      -5.347617407,      -5.272820057,      -4.306526123,             0.448,    0.002116776272,      0.1186395409,                 0,                 0,                 0,    -0.02347212506,   -0.000471835409,      0.1186574851,                 0,       56.04727457
          0,           0,          22,      -4.869084531,      -5.353976505,      -5.278670082,      -4.313104739,             0.448,    0.002072674657,      0.1195510244,                 0,                 0,                 0,    -0.02362056612,  -0.0005358104363,      0.1195677897,                 0,       57.67958998
          0,           0,          23,      -4.873910176,      -5.362441802,      -5.285586424,      -4.318784297,             0.448,    0.002033688093,      0.1204093596,                 0,                 0,                 0,    -0.02376074923,  -0.0005935122066,      0.1204250701,                 0,       59.20738781
          0,           0,          24,      -4.876325225,      -5.373099427,      -5.296249779,      -4.322197987,             0.448,    0.002000717691,      0.1212023533,                 0,                 0,                 0,    -0.02389174348,  -0.0006437738287,      0.1212171559,                 0,       60.57943799
          0,           0,          25,       -4.87615331,      -5.384226385,      -5.310323773,      -4.323067248,             0.448,    0.001973766186,      0.1219206034,                 0,                 0,                 0,    -0.02401531332,  -0.0006863874644,      0.1219346471,                 0,       61.77054016
          0,           0,          26,      -4.873832742,      -5.391948566,       -5.32646959,      -4.321700536,             0.448,    0.001952972379,      0.1225645529,                 0,                 0,                 0,    -0.02413173504,  -0.0007212240072,      0.1225779897,                 0,       62.75795514
          0,           0,          27,      -4.871186184,      -5.395964272,      -5.343459662,      -4.319745014,             0.448,    0.001937946872,      0.1231371724,                 0,                 0,                 0,    -0.02424222914,  -0.0007487375667,      0.1231501452,                 0,       63.54001454
          0,           0,          28,      -4.870251662,      -5.398759457,      -5.360776336,      -4.319241081,             0.448,    0.001928445746,       0.123652694,                 0,                 0,                 0,    -0.02434623247,  -0.0007694824769,      0.1236653369,                 0,       64.12039038
          0,           0,          29,      -4.871924151,      -5.404174313,      -5.377366707,      -4.321176567,             0.448,    0.001924321706,      0.1241236792,                 0,                 0,                 0,    -0.02444242404,  -0.0007838800214,      0.1241361199,                 0,       64.50256149
          0,           0,          30,      -4.876062865,      -5.413968773,      -5.391336477,      -4.325558904,             0.448,    0.001924763662,      0.1245303286,                 0,                 0,                 0,    -0.02453323575,  -0.0007923091806,      0.1245426822,                 0,       64.69902306
          0,           0,          31,      -4.881973558,      -5.427111132,      -5.400283412,      -4.331836708,             0.448,    0.001929036268,      0.1248858294,                 0,                 0,                 0,    -0.02461823182,  -0.0007957928006,      0.1248981916,                 0,       64.74001109
          0,           0,          32,      -4.888613978,      -5.441874396,      -5.403854666,      -4.338923766,             0.448,    0.001936680172,      0.1252060198,                 0,                 0,                 0,    -0.02469559459,  -0.0007951356341,      0.1252184727,                 0,       64.64981759
          0,           0,          33,      -4.895310807,      -5.455585651,      -5.402860029,       -4.34607801,             0.448,    0.001946861885,       0.125491472,                 0,                 0,                 0,     -0.0247655514,  -0.0007911834496,       0.125504079,                 0,       64.45833315
          0,           0,          34,      -4.901837085,      -5.466982294,      -5.399014272,      -4.353033392,             0.448,    0.001958784249,      0.1257465615,                 0,                 0,                 0,    -0.02482790728,  -0.0007848286713,      0.1257593679,                 0,       64.19622863
          0,           0,          35,      -4.908372998,      -5.476471996,      -5.394553775,      -4.359947228,             0.448,    0.001972008791,      0.1259806119,                 0,                 0,                 0,    -0.02488086286,  -0.0007767130584,       0.125993651,                 0,       63.88440683
          0,           0,          36,      -4.915128797,      -5.484824285,      -5.390964695,      -4.366986165,             0.448,    0.001985837451,      0.1261972372,                 0,                 0,                 0,    -0.02492369692,  -0.0007676133468,      0.1262105265,                 0,       63.54862387
          0,           0,          37,      -4.922541468,      -5.494686478,      -5.389682054,      -4.374592445,             0.448,     0.00199937578,      0.1263930306,                 0,                 0,                 0,     -0.0249572946,  -0.0007583494492,      0.1264065687,                 0,       63.21624573
          0,           0,          38,      -4.930308039,      -5.507648025,      -5.391615011,      -4.382489105,             0.448,    0.002012154824,       0.126572329,                 0,                 0,                 0,     -0.0249810993,   -0.000749484819,      0.1265861031,                 0,       62.90387173
          0,           0,          39,      -4.938189879,      -5.524096821,      -5.396808413,      -4.390479495,             0.448,    0.002023900399,      0.1267383335,                 0,                 0,                 0,    -0.02499434847,  -0.0007413634106,      0.1267523244,                 0,       62.62083531
          0,           0,          40,      -4.945848045,      -5.542660902,      -5.404117068,      -4.398278185,             0.448,    0.002034248923,      0.1268940503,                 0,                 0,                 0,    -0.02499690854,  -0.0007344142922,      0.1269082299,                 0,       62.37882143
          0,           0,          41,      -4.953133252,      -5.561337684,      -5.412870074,      -4.405762378,             0.448,    0.002042957297,      0.1270416049,                 0,                 0,                 0,    -0.02498876581,  -0.0007289268771,      0.1270559393,                 0,       62.18514948
          0,           0,          42,      -4.959884762,      -5.578057899,      -5.422136087,      -4.412755313,             0.448,    0.002049591296,      0.1271772392,                 0,                 0,                 0,    -0.02497166209,  -0.0007252533031,      0.1271916861,                 0,       62.05004843
          0,           0,          43,       -4.96594147,      -5.591376673,      -5.431495128,      -4.419013783,             0.448,    0.002054091771,       0.127302239,                 0,                 0,                 0,    -0.02494652005,   -0.000723480756,      0.1273167543,                 0,       61.97495205
          0,           0,          44,      -4.971729907,      -5.601536345,      -5.441178539,      -4.424917323,             0.448,     0.00205714945,      0.1274265354,                 0,                 0,                 0,      -0.024911687,  -0.0007231353152,      0.1274410878,                 0,       61.94325617
          0,           0,          45,      -4.977450622,       -5.60868509,      -5.450856909,       -4.43061822,             0.448,    0.002059418688,      0.1275601345,                 0,                 0,                 0,    -0.02486593874,  -0.0007237810679,      0.1275747047,                 0,       61.93987424
          0,           0,          46,      -4.983671212,      -5.612667106,      -5.460040388,       -4.43668143,             0.448,    0.002061055225,      0.1277070106,                 0,                 0,                 0,    -0.02481044284,  -0.0007253490047,      0.1277215815,                 0,       61.96195476
          0,           0,          47,      -4.990604762,      -5.614168764,      -5.467968707,      -4.443255252,             0.448,    0.002062245246,      0.1278695095,                 0,                 0,                 0,    -0.02474672642,  -0.0007277041603,      0.1278840676,                 0,       62.00499658
          0,           0,          48,      -4.998839044,      -5.614877854,       -5.47537231,      -4.450927069,             0.448,    0.002062942165,      0.1280437773,                 0,                 0,                 0,    -0.02467767021,  -0.0007308090401,      0.1280583092,                 0,       62.06852497
          0,           0,          49,      -5.008502005,      -5.616258172,      -5.483507986,      -4.459890383,             0.448,    0.002063356685,      0.1282311185,                 0,                 0,                 0,    -0.02460497797,  -0.0007344814458,      0.1282456148,                 0,       62.14685005
          0,           0,          50,      -5.019928196,      -5.620188733,      -5.493158473,      -4.470596654,             0.448,    0.002063748937,      0.1284277493,                 0,                 0,                 0,    -0.02453065301,  -0.0007383787654,      0.1284422074,                 0,       62.23031639
          0,           0,          51,      -5.033616553,      -5.626687155,      -5.504995027,      -4.483698379,             0.448,    0.002064282384,      0.1286297894,                 0,                 0,                 0,    -0.02445678822,  -0.0007422529277,      0.1286442111,                 0,       62.31210925
          0,           0,          52,      -5.048317499,       -5.63606396,      -5.519120735,      -4.497791019,             0.448,    0.002064718368,      0.1288282934,                 0,                 0,                 0,    -0.02438711524,  -0.0007461473888,      0.1288426774,                 0,       62.39509242
          0,           0,          53,      -5.063663086,      -5.648775564,      -5.537417804,      -4.512498382,             0.448,    0.002065307019,      0.1290240966,                 0,                 0,                 0,    -0.02432249358,  -0.0007498303024,      0.1290384468,                 0,       62.47211452
          0,           0,          54,       -5.07926081,      -5.664090207,      -5.559672719,      -4.527420895,             0.448,    0.002066310813,      0.1292191347,                 0,                 0,                 0,    -0.02426323069,  -0.0007530814804,      0.1292334603,                 0,       62.53615568
          0,           0,          55,      -5.095324235,      -5.679976334,      -5.584073634,      -4.542789581,             0.448,    0.002067704823,      0.1294111629,                 0,                 0,                 0,    -0.02421063719,  -0.0007558768746,      0.1294254732,                 0,       62.58686511
          0,           0,          56,      -5.112404906,      -5.695370265,      -5.608055332,      -4.559155609,             0.448,    0.002069465899,      0.1296018755,                 0,                 0,                 0,    -0.02416528178,   -0.000758276592,      0.1296161789,                 0,       62.62576037
          0,           0,          57,      -5.133122633,      -5.709373401,      -5.629420978,      -4.579307623,             0.448,    0.002071253448,      0.1297894181,                 0,                 0,                 0,    -0.02412853989,  -0.0007605806881,      0.1298037159,                 0,       62.66225806
          0,           0,          58,      -5.155996263,      -5.721436923,      -5.646970016,      -4.601552794,             0.448,    0.002072908052,      0.1299711816,                 0,                 0,                 0,    -0.02410096196,  -0.0007628916279,      0.1299854722,                 0,       62.69992606
          0,           0,          59,      -5.181153833,      -5.731945829,      -5.660446267,       -4.62610221,             0.448,    0.002074245907,      0.1301443506,                 0,                 0,                 0,    -0.02408292188,  -0.0007653317536,      0.1301586292,                 0,       62.74297091
          0,           0,          60,       -5.20898478,      -5.741600519,      -5.671654881,       -4.65342054,             0.448,     0.00207512512,      0.1303074876,                 0,                 0,                 0,    -0.02407440752,  -0.0007680115648,      0.1303217466,                 0,       62.79500275
          0,           0,          61,      -5.238257293,      -5.751515189,      -5.682964174,      -4.682239987,             0.448,    0.002075218779,      0.1304556383,                 0,                 0,                 0,    -0.02407624435,  -0.0007711498192,      0.1304698641,                 0,       62.86355909
          0,           0,          62,      -5.268146617,      -5.762311684,      -5.696667054,      -4.711818439,             0.448,    0.002074501469,      0.1305869972,                 0,                 0,                 0,    -0.02408783943,   -0.000774732536,       0.130601176,                 0,       62.94861638
          0,           0,          63,      -5.297605678,      -5.773974678,      -5.713671553,      -4.741209398,             0.448,        0.00207297,      0.1307005238,                 0,                 0,                 0,    -0.02410839698,  -0.0007787402106,      0.1307146422,                 0,       63.04988676
          0,           0,          64,      -5.325589837,      -5.786429203,       -5.73409696,       -4.76943321,             0.448,    0.002070514335,      0.1307941677,                 0,                 0,                 0,     -0.0241375939,   -0.000783238123,      0.1308082102,                 0,       63.16989238
          0,           0,          65,      -5.351279164,      -5.799480852,      -5.757531493,      -4.795674261,             0.448,    0.002067188291,      0.1308671796,                 0,                 0,                 0,    -0.02417451157,   -0.000788156121,      0.1308811322,                 0,       63.30685025
          0,           0,          66,      -5.374282039,      -5.812611605,      -5.783335865,      -4.819489521,             0.448,    0.002063120105,      0.1309195832,                 0,                 0,                 0,    -0.02421792593,  -0.0007933665169,      0.1309334346,                 0,       63.45708271
          0,           0,          67,      -5.394583693,      -5.825173889,      -5.810839076,      -4.840748469,             0.448,    0.002058466924,       0.130952013,                 0,                 0,                 0,    -0.02426649987,  -0.0007987260442,      0.1309657552,                 0,       63.61628233
          0,           0,          68,      -5.412726673,      -5.836626392,       -5.83931588,      -4.859900425,             0.448,    0.002053362937,       0.130962965,                 0,                 0,                 0,    -0.02431920276,  -0.0008040677327,      0.1309765932,                 0,       63.77974523
          0,           0,          69,      -5.429073254,      -5.846376135,       -5.86663806,      -4.877154347,             0.448,    0.002047906877,       0.130955896,                 0,                 0,                 0,    -0.02437474858,  -0.0008093682855,      0.1309694069,                 0,       63.94621625
          0,           0,          70,      -5.444436633,      -5.855500176,      -5.893418998,      -4.893191262,             0.448,    0.002042171975,       0.130931758,                 0,                 0,                 0,    -0.02443221154,  -0.0008145752553,      0.1309451496,                 0,       64.11397259
          0,           0,          71,      -5.459562846,      -5.865103872,      -5.920130653,      -4.908747421,             0.448,    0.002036315605,      0.1308909453,                 0,                 0,                 0,    -0.02449050747,  -0.0008195399064,      0.1309042188,                 0,       64.27831961
          0,           0,          72,      -5.474916947,      -5.875196763,       -5.94615991,       -4.92433522,             0.448,    0.002030556283,      0.1308354392,                 0,                 0,                 0,    -0.02454832964,  -0.0008240869995,      0.1308486003,                 0,       64.43329856
          0,           0,          73,      -5.490972551,      -5.886126284,      -5.970786041,      -4.940461922,             0.448,    0.002025051424,      0.1307676672,                 0,                 0,                 0,    -0.02460458989,  -0.0008281121093,      0.1307807243,                 0,       64.57498592
          0,           0,          74,        -5.5080893,       -5.89858981,      -5.993686261,      -4.957511814,             0.448,    0.002019945813,      0.1306894384,                 0,                 0,                 0,    -0.02465836582,  -0.0008315099521,      0.1307024027,                 0,       64.69947733
          0,           0,          75,      -5.525884448,      -5.913231184,      -6.014986484,      -4.975129839,             0.448,    0.002015366367,      0.1306037199,                 0,                 0,                 0,    -0.02470878229,  -0.0008342183696,      0.1306166047,                 0,       64.80395922
          0,           0,          76,      -5.544699052,      -5.930262139,      -6.035235928,      -4.993741333,             0.448,    0.002011422267,      0.1305130991,                 0,                 0,                 0,    -0.02475507759,  -0.0008361846499,      0.1305259195,                 0,       64.88597708
          0,           0,          77,      -5.564638919,      -5.949752315,      -6.055038683,      -5.013462075,             0.448,    0.002008031172,      0.1304171559,                 0,                 0,                 0,    -0.02479735691,  -0.0008374819466,      0.1304299251,                 0,       64.94777455
          0,           0,          78,      -5.585472789,      -5.971364908,      -6.074119695,      -5.034076175,             0.448,    0.002005209182,      0.1303174108,                 0,                 0,                 0,     -0.0248353043,  -0.0008381273383,      0.1303301422,                 0,       64.98943451
          0,           0,          79,      -5.606962029,      -5.994942086,      -6.092547181,      -5.055380671,             0.448,    0.002003006299,       0.130215809,                 0,                 0,                 0,    -0.02486855188,  -0.0008381132655,      0.1302285165,                 0,       65.01018448
          0,           0,          80,      -5.628909077,      -6.020369415,      -6.110514951,      -5.077199195,             0.448,    0.002001424787,      0.1301137391,                 0,                 0,                 0,    -0.02489701739,  -0.0008374677579,      0.1301264364,                 0,       65.01055645
          0,           0,          81,      -5.650941662,      -6.047249235,       -6.12820834,      -5.099183998,             0.448,    0.002000427405,      0.1300121764,                 0,                 0,                 0,     -0.0249207498,  -0.0008362493246,      0.1300248761,                 0,       64.99219923
          0,           0,          82,      -5.672670676,      -6.075019993,      -6.145701581,      -5.120950319,             0.448,    0.001999991175,      0.1299126575,                 0,                 0,                 0,    -0.02493975186,  -0.0008345144571,      0.1299253714,                 0,       64.95661538
          0,           0,          83,      -5.693795107,      -6.103041868,      -6.163334882,      -5.142183799,             0.448,    0.002000066946,      0.1298159981,                 0,                 0,                 0,    -0.02495428611,   -0.000832330089,      0.1298287366,                 0,       64.90582643
          0,           0,          84,       -5.71405892,      -6.130706969,      -6.181164579,      -5.162611761,             0.448,    0.002000569968,      0.1297227233,                 0,                 0,                 0,    -0.02496476034,   -0.000829792408,       0.129735495,                 0,       64.84288245
          0,           0,          85,      -5.733292262,      -6.157405439,      -6.199027489,      -5.182051777,             0.448,    0.002001391046,      0.1296334105,                 0,                 0,                 0,     -0.0249716152,  -0.0008270231783,      0.1296462214,                 0,       64.77165509
          0,           0,          86,      -5.751428474,      -6.182601671,      -6.216962017,      -5.200417229,             0.448,    0.002002425731,      0.1295486172,                 0,                 0,                 0,    -0.02497527469,  -0.0008241389819,      0.1295614708,                 0,       64.69584123
          0,           0,          87,      -5.768513894,      -6.205972572,       -6.23506265,      -5.217733711,             0.448,    0.002003581602,      0.1294686134,                 0,                 0,                 0,    -0.02497619699,  -0.0008212381122,      0.1294815112,                 0,       64.61858765
          0,           0,          88,      -5.784663002,      -6.227399073,       -6.25334184,      -5.234099219,             0.448,    0.002004784746,      0.1293934981,                 0,                 0,                 0,    -0.02497486543,  -0.0008183966239,      0.1294064401,                 0,       64.54233971
          0,           0,          89,      -5.800057825,      -6.246987021,      -6.271647651,      -5.249684486,             0.448,    0.002005977171,      0.1293233808,                 0,                 0,                 0,    -0.02497175871,  -0.0008156748817,      0.1293363655,                 0,       64.46901922
          0,           0,          90,       -5.81496044,      -6.265045849,      -6.290092204,      -5.264741224,             0.448,    0.002007092652,      0.1292583102,                 0,                 0,                 0,    -0.02496738787,  -0.0008131401582,      0.1292713347,                 0,       64.40076898
          0,           0,          91,      -5.829661742,      -6.281969833,      -6.308698224,      -5.279562692,             0.448,    0.002008069743,      0.1291977876,                 0,                 0,                 0,    -0.02496227111,  -0.0008108430055,      0.1292108478,                 0,         64.339293
          0,           0,          92,      -5.844329007,      -6.298222978,      -6.327416576,      -5.294306245,             0.448,    0.002008879922,      0.1291418491,                 0,                 0,                 0,    -0.02495677251,  -0.0008088127291,      0.1291549404,                 0,       64.28549945
          0,           0,          93,       -5.85917964,      -6.314431911,      -6.346319837,      -5.309196946,             0.448,    0.002009488487,      0.1290901164,                 0,                 0,                 0,    -0.02495131107,  -0.0008070757642,      0.1291032332,                 0,       64.24028661
          0,           0,          94,      -5.874388223,      -6.331193849,      -6.365372128,       -5.32442301,             0.448,    0.002009877413,      0.1290422246,                 0,                 0,                 0,    -0.02494623997,  -0.0008056421779,      0.1290553613,                 0,       64.20402746
          0,           0,          95,      -5.890093984,      -6.348948149,      -6.384435273,      -5.340138087,             0.448,    0.002010034897,      0.1289977081,                 0,                 0,                 0,    -0.02494187321,  -0.0008045136091,      0.1290108589,                 0,       64.17685001
          0,           0,          96,      -5.906388865,      -6.367982855,      -6.403299872,      -5.356445455,             0.448,    0.002009955891,      0.1289560482,                 0,                 0,                 0,    -0.02493849782,  -0.0008036837898,      0.1289692071,                 0,       64.15864585
          0,           0,          97,      -5.923283101,       -6.38852981,      -6.421899101,      -5.373365077,             0.448,    0.002009643641,      0.1289167985,                 0,                 0,                 0,    -0.02493632137,  -0.0008031397372,      0.1289299599,                 0,       64.14908386
          0,           0,          98,      -5.940726333,      -6.410717751,      -6.440159077,      -5.390854319,             0.448,     0.00200911164,      0.1288795728,                 0,                 0,                 0,    -0.02493546344,  -0.0008028595373,      0.1288927315,                 0,       64.14754173
          0,           0,          99,      -5.958644366,      -6.434579614,      -6.458090937,      -5.408841628,             0.448,    0.002008377635,      0.1288439083,                 0,                 0,                 0,    -0.02493601884,  -0.0008028153513,      0.1288570595,                 0,       64.15322798
          0,           0,         100,      -5.976911826,      -6.459986317,      -6.475820744,      -5.427201604,             0.448,    0.002007471283,      0.1288093826,                 0,                 0,                 0,    -0.02493799504,  -0.0008029683124,      0.1288225222,                 0,       64.16499385
          0,           0,         101,      -5.995390005,      -6.486721771,      -6.493516445,      -5.445799008,             0.448,     0.00200641998,      0.1287756566,                 0,                 0,                 0,    -0.02494136282,  -0.0008032836365,      0.1287887813,                 0,       64.18180532
          0,           0,         102,      -6.013904247,      -6.514413029,      -6.511248405,      -5.464453827,             0.448,     0.00200524971,      0.1287424313,                 0,                 0,                 0,    -0.02494607132,  -0.0008037288218,      0.1287555383,                 0,       64.20269286
          0,           0,         103,      -6.032277429,      -6.542568548,       -6.52907088,      -5.482977881,             0.448,    0.002003991419,      0.1287094589,                 0,                 0,                 0,    -0.02495200799,  -0.0008042675248,      0.1287225464,                 0,        64.2265519
          0,           0,         104,      -6.050355722,      -6.570639771,      -6.547230713,      -5.501197212,             0.448,    0.002002677748,      0.1286765248,                 0,                 0,                 0,    -0.02495902973,  -0.0008048624302,      0.1286895914,                 0,       64.25223675
          0,           0,         105,      -6.068005912,      -6.597995034,      -6.565757954,      -5.518954738,             0.448,    0.002001343426,      0.1286434992,                 0,                 0,                 0,    -0.02496698152,   -0.000805475985,      0.1286565446,                 0,       64.27857285
          0,           0,         106,      -6.085149364,      -6.624037615,      -6.584842396,      -5.536170471,             0.448,    0.002000014322,      0.1286103005,                 0,                 0,                 0,    -0.02497571079,  -0.0008060805479,      0.1286233248,                 0,       64.30468979
          0,           0,         107,      -6.101767678,       -6.64821828,      -6.604170936,      -5.552821162,             0.448,    0.001998702837,      0.1285768085,                 0,                 0,                 0,    -0.02498507468,  -0.0008066610964,      0.1285898122,                 0,        64.3301276
          0,           0,         108,      -6.117911296,      -6.670043231,      -6.623455913,      -5.568939381,             0.448,    0.001997426849,      0.1285429643,                 0,                 0,                 0,    -0.02499488624,  -0.0008071984714,      0.1285559481,                 0,       64.35427876
          0,           0,         109,      -6.133688732,      -6.689332127,      -6.642480376,      -5.584623471,             0.448,    0.001996192627,      0.1285088167,                 0,                 0,                 0,    -0.02500495287,  -0.0008076874744,      0.1285217818,                 0,       64.37696189
          0,           0,         110,      -6.149218369,      -6.706278848,      -6.661102842,      -5.599990918,             0.448,     0.00199501806,      0.1284744441,                 0,                 0,                 0,    -0.02501508316,  -0.0008081119273,      0.1284873917,                 0,        64.3976346
          0,           0,         111,      -6.164636617,      -6.721327041,      -6.679098467,      -5.615192834,             0.448,    0.001993919678,      0.1284400079,                 0,                 0,                 0,    -0.02502508729,  -0.0008084588269,      0.1284529398,                 0,       64.41583847
          0,           0,         112,      -6.180072413,      -6.735062269,      -6.696205114,      -5.630376054,             0.448,    0.001992906044,      0.1284055929,                 0,                 0,                 0,    -0.02503480225,  -0.0008087214592,      0.1284185108,                 0,       64.43133293
          0,           0,         113,      -6.195657398,      -6.748080835,      -6.712114378,      -5.645682619,             0.448,      0.0019919801,       0.128371388,                 0,                 0,                 0,    -0.02504408859,  -0.0008089010072,      0.1283842939,                 0,       64.44411164
          0,           0,         114,      -6.211458698,        -6.7610168,      -6.727024622,      -5.661187052,             0.448,    0.001991146564,      0.1283375679,                 0,                 0,                 0,    -0.02505281471,  -0.0008089965637,      0.1283504637,                 0,       64.45410408
          0,           0,         115,      -6.227533235,      -6.774499622,      -6.740946338,      -5.676965483,             0.448,    0.001990404788,       0.128304284,                 0,                 0,                 0,    -0.02506087351,  -0.0008090120799,      0.1283171715,                 0,       64.46140242
          0,           0,         116,      -6.243879511,      -6.789014929,      -6.754048824,       -5.69303311,             0.448,    0.001989756041,      0.1282716974,                 0,                 0,                 0,     -0.0250681756,   -0.000808949798,      0.1282845785,                 0,       64.46604242
          0,           0,         117,      -6.260459175,      -6.804795243,       -6.76652842,      -5.709362143,             0.448,    0.001989202083,      0.1282399933,                 0,                 0,                 0,    -0.02507465442,  -0.0008088120042,      0.1282528699,                 0,       64.46805702
          0,           0,         118,      -6.277202549,      -6.821924322,      -6.778664861,       -5.72589067,             0.448,     0.00198873809,      0.1282093228,                 0,                 0,                 0,    -0.02508027686,  -0.0008086068138,      0.1282221966,                 0,         64.467676
          0,           0,         119,       -6.29401608,      -6.840443559,      -6.790646458,      -5.742535762,             0.448,    0.001988360777,      0.1281798685,                 0,                 0,                 0,     -0.0250850194,  -0.0008083414935,       0.128192741,                 0,       64.46509605
          0,           0,         120,       -6.31078509,      -6.860320122,      -6.802702425,      -5.759187776,             0.448,     0.00198806788,       0.128151732,                 0,                 0,                 0,    -0.02508888269,  -0.0008080205269,      0.1281646048,                 0,       64.46044086
          0,           0,         121,      -6.327388792,       -6.88128959,      -6.815052756,      -5.775727394,             0.448,    0.001987853001,      0.1281249909,                 0,                 0,                 0,    -0.02509188311,  -0.0008076519996,      0.1281378654,                 0,       64.45395649
          0,           0,         122,      -6.343772373,      -6.902916927,      -6.827913435,      -5.792098668,             0.448,    0.001987707721,       0.128099748,                 0,                 0,                 0,    -0.02509404069,  -0.0008072465757,      0.1281126254,                 0,       64.44596792
          0,           0,         123,      -6.359864575,      -6.924569899,      -6.841501657,      -5.808215961,             0.448,    0.001987625976,      0.1280760839,                 0,                 0,                 0,    -0.02509539733,  -0.0008068120717,      0.1280889651,                 0,       64.43671268
          0,           0,         124,      -6.375653258,      -6.945625792,      -6.855946117,      -5.824059238,             0.448,    0.001987603627,      0.1280540507,                 0,                 0,                 0,    -0.02509601033,  -0.0008063537623,      0.1280669366,                 0,       64.42635188
          0,           0,         125,      -6.391170128,      -6.965419974,      -6.871281072,      -5.839651326,             0.448,    0.001987633793,      0.1280336956,                 0,                 0,                 0,    -0.02509593657,   -0.000805879561,      0.1280465871,                 0,       64.41513326
          0,           0,         126,      -6.406464511,      -6.983360237,      -6.887553261,      -5.855028638,             0.448,    0.001987708965,      0.1280150144,                 0,                 0,                 0,     -0.0250952536,  -0.0008053968783,       0.128027912,                 0,       64.40329881
          0,           0,         127,      -6.421644233,      -6.999104835,      -6.904805004,       -5.87028615,             0.448,     0.00198782446,      0.1279980386,                 0,                 0,                 0,    -0.02509402587,  -0.0008049110861,      0.1280109427,                 0,       64.39101703
          0,           0,         128,        -6.4368171,      -7.012579109,      -6.923063761,      -5.885517952,             0.448,     0.00198797346,      0.1279827431,                 0,                 0,                 0,    -0.02509233561,  -0.0008044284499,       0.127995654,                 0,       64.37849681
          0,           0,         129,       -6.45210075,      -7.023990057,       -6.94221573,      -5.900838173,             0.448,    0.001988149028,      0.1279690688,                 0,                 0,                 0,    -0.02509027107,  -0.0008039546215,      0.1279819868,                 0,       64.36593385
          0,           0,         130,      -6.467634605,      -7.033775303,      -6.962033088,      -5.916387668,             0.448,    0.001988345516,      0.1279569676,                 0,                 0,                 0,    -0.02508790739,  -0.0008034941945,      0.1279698928,                 0,       64.35348716
          0,           0,         131,      -6.483538569,      -7.042454028,      -6.982246199,      -5.932280445,             0.448,    0.001988555132,      0.1279463643,                 0,                 0,                 0,    -0.02508533226,  -0.0008030533187,      0.1279592967,                 0,       64.34137142
          0,           0,         132,      -6.499912333,       -7.05065653,      -7.002756707,      -5.948611283,             0.448,    0.001988769929,      0.1279371811,                 0,                 0,                 0,    -0.02508263283,  -0.0008026382413,      0.1279501203,                 0,       64.32980468
          0,           0,         133,      -6.516822445,      -7.059074959,      -7.023553076,      -5.965451442,             0.448,    0.001988983684,      0.1279293182,                 0,                 0,                 0,    -0.02507988794,  -0.0008022530086,      0.1279422639,                 0,       64.31893795
          0,           0,         134,       -6.53430324,      -7.068298177,      -7.044433928,      -5.982845135,             0.448,    0.001989192529,      0.1279226235,                 0,                 0,                 0,    -0.02507717871,  -0.0008018981706,      0.1279355754,                 0,       64.30881962
          0,           0,         135,      -6.552364094,      -7.078803623,      -7.065205661,      -6.000809108,             0.448,    0.001989391352,      0.1279169901,                 0,                 0,                 0,    -0.02507456414,  -0.0008015765028,      0.1279299477,                 0,       64.29956077
          0,           0,         136,      -6.570988899,      -7.090988235,      -7.085681379,      -6.019333766,             0.448,     0.00198957576,      0.1279123078,                 0,                 0,                 0,    -0.02507209436,  -0.0008012899956,      0.1279252705,                 0,       64.29124763
          0,           0,         137,      -6.590132682,      -7.105149435,      -7.105703633,      -6.038382499,             0.448,    0.001989742619,      0.1279084354,                 0,                 0,                 0,    -0.02506981813,  -0.0008010386993,      0.1279214027,                 0,       64.28390999
          0,           0,         138,      -6.609712112,      -7.121446133,      -7.125152783,      -6.057880046,             0.448,    0.001989889247,      0.1279052431,                 0,                 0,                 0,    -0.02506777311,  -0.0008008224659,      0.1279182143,                 0,       64.27756885
          0,           0,         139,      -6.629626639,      -7.139948102,      -7.143931798,      -6.077734421,             0.448,    0.001990014618,      0.1279026098,                 0,                 0,                 0,     -0.0250659835,  -0.0008006396797,      0.1279155844,                 0,       64.27219611
          0,           0,         140,      -6.649745058,      -7.160619276,      -7.162021034,      -6.097819583,             0.448,    0.001990117498,      0.1279004507,                 0,                 0,                 0,    -0.02506446224,  -0.0008004897233,       0.127913428,                 0,       64.26778861
          0,           0,         141,      -6.669937514,      -7.183321552,       -7.17941453,      -6.118008558,             0.448,    0.001990196677,      0.1278986754,                 0,                 0,                 0,    -0.02506321764,  -0.0008003718364,      0.1279116549,                 0,       64.26433975
          0,           0,         142,      -6.690077378,      -7.207847542,      -7.196186437,      -6.138174579,             0.448,    0.001990251814,      0.1278972013,                 0,                 0,                 0,    -0.02506225011,  -0.0008002845538,      0.1279101823,                 0,       64.26181871
          0,           0,         143,      -6.710037656,      -7.233859034,      -7.212484245,      -6.158186848,             0.448,    0.001990285654,      0.1278959188,                 0,                 0,                 0,    -0.02506155092,   -0.000800222745,      0.1279089009,                 0,       64.26008173
          0,           0,         144,      -6.730371516,      -7.260804564,      -7.228501325,      -6.178657858,             0.448,    0.001990300709,      0.1278947981,                 0,                 0,                 0,    -0.02506110623,  -0.0008001832454,      0.1279077808,                 0,       64.25903257
          0,           0,         145,       -6.75021229,      -7.288417709,      -7.244296042,      -6.198600484,             0.448,    0.001990296433,      0.1278937769,                 0,                 0,                 0,    -0.02506090482,   -0.000800165244,      0.1279067598,                 0,       64.25865756
          0,           0,         146,      -6.769523709,      -7.316218942,      -7.259957105,      -6.218008414,             0.448,    0.001990269859,      0.1278927433,                 0,                 0,                 0,    -0.02506094159,  -0.0008001692628,      0.1279057258,                 0,       64.25899618
          0,           0,         147,      -6.788286934,      -7.343332208,      -7.275722458,      -6.236863194,             0.448,    0.001990222692,       0.127891634,                 0,                 0,                 0,      -0.025061197,  -0.0008001922195,      0.1279046157,                 0,       64.25996172
          0,           0,         148,      -6.806562368,      -7.368876436,      -7.291796367,      -6.255210677,             0.448,    0.001990158494,      0.1278904419,                 0,                 0,                 0,    -0.02506163998,   -0.000800230397,      0.1279034225,                 0,       64.26143561
          0,           0,         149,      -6.824472886,      -7.392241974,      -7.308303496,      -6.273160724,             0.448,    0.001990079522,      0.1278891446,                 0,                 0,                 0,    -0.02506224412,  -0.0008002810506,      0.1279021238,                 0,       64.26333382
          0,           0,         150,      -6.842155859,      -7.413128418,      -7.325295754,      -6.290843925,             0.448,    0.001989988589,      0.1278877244,                 0,                 0,                 0,     -0.0250629817,  -0.0008003409789,      0.1279007019,                 0,       64.26555663
          0,           0,         151,      -6.859755129,      -7.431503205,      -7.342801601,      -6.308403453,             0.448,    0.001989888579,      0.1278861689,                 0,                 0,                 0,    -0.02506382487,  -0.0008004070327,      0.1278991447,                 0,       64.26800487
          0,           0,         152,      -6.877411795,      -7.447595017,      -7.360794098,       -6.32597997,             0.448,    0.001989781824,      0.1278844737,                 0,                 0,                 0,     -0.0250647463,  -0.0008004767815,      0.1278974475,                 0,         64.270601
          0,           0,         153,      -6.895220008,      -7.461881212,      -7.379339607,      -6.343671776,             0.448,    0.001989670917,      0.1278826341,                 0,                 0,                 0,    -0.02506571875,  -0.0008005475322,       0.127895606,                 0,       64.27325897
          0,           0,         154,       -6.91326163,      -7.474934006,      -7.398323924,      -6.361573098,             0.448,    0.001989559528,      0.1278806676,                 0,                 0,                 0,     -0.0250667137,   -0.000800615996,      0.1278936375,                 0,       64.27586903
          0,           0,         155,      -6.931588521,      -7.487387238,       -7.41766179,      -6.379745786,             0.448,    0.001989449979,      0.1278785882,                 0,                 0,                 0,     -0.0250677067,  -0.0008006801555,      0.1278915562,                 0,       64.27836312
          0,           0,         156,      -6.950222128,      -7.499909988,      -7.437279549,      -6.398220667,             0.448,    0.001989343655,      0.1278764104,                 0,                 0,                 0,    -0.02506867713,  -0.0008007389453,      0.1278893765,                 0,       64.28070385
          0,           0,         157,      -6.969143762,      -7.513138881,      -7.457141334,      -6.416989897,             0.448,    0.001989242934,      0.1278741592,                 0,                 0,                 0,    -0.02506960284,  -0.0008007905328,      0.1278871237,                 0,       64.28282688
          0,           0,         158,      -6.988305775,      -7.527557145,      -7.477243058,      -6.436017846,             0.448,    0.001989150163,       0.127871867,                 0,                 0,                 0,    -0.02507046341,  -0.0008008332791,      0.1278848301,                 0,       64.28467262
          0,           0,         159,      -7.007636896,      -7.543471418,        -7.4975352,      -6.455243377,             0.448,    0.001989066952,      0.1278695598,                 0,                 0,                 0,    -0.02507124347,  -0.0008008661397,      0.1278825216,                 0,         64.286202
          0,           0,         160,      -7.027046766,      -7.561090492,      -7.517944685,      -6.474584057,             0.448,    0.001988994739,      0.1278672635,                 0,                 0,                 0,    -0.02507193087,  -0.0008008882412,      0.1278802243,                 0,       64.28738147
          0,           0,         161,      -7.046426574,       -7.58046804,      -7.538383999,      -6.493935392,             0.448,    0.001988934495,      0.1278650094,                 0,                 0,                 0,    -0.02507251657,  -0.0008008992974,      0.1278779694,                 0,       64.28819537
          0,           0,         162,      -7.065667219,      -7.601551431,      -7.558831229,      -6.513190386,             0.448,    0.001988886436,      0.1278628202,                 0,                 0,                 0,    -0.02507299628,  -0.0008008995875,      0.1278757796,                 0,       64.28864809
          0,           0,         163,       -7.08467029,      -7.624150195,      -7.579259332,      -6.532249086,             0.448,    0.001988850382,      0.1278607179,                 0,                 0,                 0,    -0.02507336779,  -0.0008008897713,       0.127873677,                 0,       64.28875647
          0,           0,         164,      -7.103355565,      -7.647925334,      -7.599635777,      -6.551025793,             0.448,    0.001988826134,      0.1278587168,                 0,                 0,                 0,    -0.02507363173,  -0.0008008703606,      0.1278716759,                 0,       64.28853414
          0,           0,         165,      -7.121681946,      -7.672435719,      -7.619931768,      -6.569472189,             0.448,    0.001988813119,      0.1278568355,                 0,                 0,                 0,    -0.02507379114,  -0.0008008423324,      0.1278697948,                 0,       64.28800892
          0,           0,         166,      -7.139631409,      -7.697150327,      -7.640106903,      -6.587559349,             0.448,    0.001988810515,      0.1278550895,                 0,                 0,                 0,     -0.0250738512,  -0.0008008068462,      0.1278680491,                 0,       64.28721516
          0,           0,         167,      -7.157215066,      -7.721479352,      -7.660138631,      -6.605286577,             0.448,    0.001988817274,      0.1278534863,                 0,                 0,                 0,    -0.02507381969,  -0.0008007651149,      0.1278664464,                 0,       64.28619056
          0,           0,         168,      -7.174486785,      -7.744879813,      -7.680010557,      -6.622697625,             0.448,    0.001988832279,      0.1278520359,                 0,                 0,                 0,    -0.02507370503,  -0.0008007184734,      0.1278649967,                 0,       64.28497628
          0,           0,         169,      -7.191528837,      -7.766888681,      -7.699702365,      -6.639865513,             0.448,    0.001988854424,      0.1278507425,                 0,                 0,                 0,    -0.02507351738,  -0.0008006681183,      0.1278637041,                 0,       64.28361018
          0,           0,         170,      -7.208448765,      -7.787174314,       -7.71921459,      -6.656891304,             0.448,    0.001988882469,      0.1278496064,                 0,                 0,                 0,    -0.02507326778,   -0.000800615296,      0.1278625689,                 0,       64.28213249
          0,           0,         171,      -7.225357951,      -7.805599258,      -7.738536293,      -6.673881757,             0.448,    0.001988915127,      0.1278486273,                 0,                 0,                 0,    -0.02507296713,  -0.0008005612879,      0.1278615908,                 0,       64.28058472
          0,           0,         172,      -7.242361999,      -7.822255515,      -7.757656426,      -6.690941733,             0.448,    0.001988951111,      0.1278478029,                 0,                 0,                 0,    -0.02507262662,  -0.0008005073282,      0.1278607673,                 0,       64.27900727
          0,           0,         173,      -7.259557768,      -7.837446575,      -7.776534946,       -6.70817043,             0.448,     0.00198898901,      0.1278471315,                 0,                 0,                 0,     -0.0250722568,   -0.000800454792,       0.127860097,                 0,       64.27744492
          0,           0,         174,      -7.277027489,      -7.851629709,      -7.795135364,      -6.725654122,             0.448,    0.001989027622,      0.1278466026,                 0,                 0,                 0,    -0.02507186976,   -0.000800404651,       0.127859569,                 0,       64.27593122
          0,           0,         175,      -7.294806645,      -7.865373315,      -7.813453509,      -6.743432605,             0.448,    0.001989065816,      0.1278461995,                 0,                 0,                 0,    -0.02507147769,  -0.0008003576727,      0.1278591668,                 0,       64.27449434
          0,           0,         176,      -7.312899603,      -7.879267005,      -7.831498795,      -6.761517999,             0.448,     0.00198910253,      0.1278459093,                 0,                 0,                 0,    -0.02507109059,  -0.0008003146349,      0.1278588774,                 0,       64.27316205
          0,           0,         177,       -7.33128154,      -7.893861328,      -7.849299096,      -6.779893687,             0.448,    0.001989136981,      0.1278457176,                 0,                 0,                 0,    -0.02507071722,   -0.000800276011,      0.1278586866,                 0,       64.27195251
          0,           0,         178,      -7.349899789,      -7.909630954,      -7.866874113,      -6.798516262,             0.448,    0.001989168478,      0.1278456112,                 0,                 0,                 0,    -0.02507036515,  -0.0008002422016,      0.1278585809,                 0,       64.27088136
          0,           0,         179,      -7.368666512,      -7.926895681,      -7.884202336,      -6.817304392,             0.448,    0.001989196382,      0.1278455767,                 0,                 0,                 0,    -0.02507004066,  -0.0008002135502,       0.127858547,                 0,        64.2699624
          0,           0,         180,      -7.387474987,      -7.945910539,      -7.901240499,      -6.836156943,             0.448,    0.001989220183,      0.1278456007,                 0,                 0,                 0,     -0.0250697487,  -0.0008001902783,      0.1278585715,                 0,       64.26920547
          0,           0,         181,      -7.406203513,      -7.966768498,        -7.9179487,       -6.85495559,             0.448,    0.001989239577,      0.1278456703,                 0,                 0,                 0,     -0.0250694923,  -0.0008001724092,      0.1278586416,                 0,       64.26861392
          0,           0,         182,      -7.424722685,      -7.989388932,      -7.934296874,      -6.873570509,             0.448,    0.001989254501,      0.1278457745,                 0,                 0,                 0,     -0.0250692734,  -0.0008001597607,       0.127858746,                 0,       64.26818411
          0,           0,         183,      -7.442916676,      -8.013580589,      -7.950261708,      -6.891881021,             0.448,    0.001989264946,      0.1278459027,                 0,                 0,                 0,     -0.0250690929,  -0.0008001521155,      0.1278588744,                 0,       64.26791112
          0,           0,         184,      -7.460689923,      -8.039021414,      -7.965827641,      -6.909783107,             0.448,    0.001989271002,      0.1278460448,                 0,                 0,                 0,    -0.02506895078,  -0.0008001491595,      0.1278590166,                 0,       64.26778687
          0,           0,         185,      -7.477976782,      -8.065238214,      -7.980986607,      -6.927200576,             0.448,    0.001989272919,      0.1278461928,                 0,                 0,                 0,    -0.02506884581,  -0.0008001504729,      0.1278591647,                 0,       64.26779936
          0,           0,         186,      -7.494740574,      -8.091612769,      -7.995739957,      -6.944085843,             0.448,    0.001989271148,       0.127846338,                 0,                 0,                 0,    -0.02506877666,  -0.0008001554105,      0.1278593098,                 0,       64.26792956
          0,           0,         187,      -7.510993112,      -8.117461117,      -8.010060083,      -6.960439221,             0.448,    0.001989265941,      0.1278464738,                 0,                 0,                 0,    -0.02506874081,  -0.0008001635785,      0.1278594454,                 0,       64.26816605
          0,           0,         188,      -7.526791117,      -8.142054374,       -8.02396726,      -6.976304086,             0.448,    0.001989257622,      0.1278465945,                 0,                 0,                 0,    -0.02506873532,  -0.0008001745275,      0.1278595659,                 0,       64.26849546
          0,           0,         189,      -7.542224869,      -8.164699207,      -8.037548207,      -6.991761699,             0.448,     0.00198924671,      0.1278466944,                 0,                 0,                 0,    -0.02506875697,  -0.0008001876174,      0.1278596655,                 0,       64.26889826
          0,           0,         190,      -7.557412677,        -8.1848853,       -8.05087451,      -7.006926827,             0.448,    0.001989233726,      0.1278467704,                 0,                 0,                 0,    -0.02506880187,   -0.000800202255,      0.1278597412,                 0,       64.26935592
          0,           0,         191,      -7.572488595,      -8.202376845,      -8.063996081,      -7.021932153,             0.448,    0.001989219163,      0.1278468224,                 0,                 0,                 0,    -0.02506886573,   -0.000800217949,      0.1278597929,                 0,       64.26985258
          0,           0,         192,      -7.587592594,      -8.217225759,      -8.076965974,      -7.036920342,             0.448,    0.001989203496,      0.1278468504,                 0,                 0,                 0,    -0.02506894446,  -0.0008002342248,      0.1278598206,                 0,       64.27037288
          0,           0,         193,      -7.602850654,      -8.229791315,      -8.089870651,      -7.052023595,             0.448,    0.001989187212,      0.1278468551,                 0,                 0,                 0,    -0.02506903388,  -0.0008002506074,      0.1278598249,                 0,       64.27090138
          0,           0,         194,      -7.618369631,      -8.240695597,      -8.102796388,      -7.067357725,             0.448,     0.00198917083,      0.1278468385,                 0,                 0,                 0,    -0.02506912957,  -0.0008002666229,       0.127859808,                 0,       64.27142233
          0,           0,         195,      -7.634230279,      -8.250683536,      -8.115819435,      -7.083014264,             0.448,    0.001989154811,      0.1278468033,                 0,                 0,                 0,    -0.02506922737,    -0.00080028187,      0.1278597724,                 0,       64.27192223
          0,           0,         196,      -7.650484847,      -8.260498252,      -8.129015685,       -7.09905752,             0.448,     0.00198913957,      0.1278467532,                 0,                 0,                 0,    -0.02506932341,  -0.0008002960135,       0.127859722,                 0,       64.27238947
          0,           0,         197,      -7.667151739,      -8.270816116,      -8.142462755,      -7.115517928,             0.448,    0.001989125463,       0.127846692,                 0,                 0,                 0,    -0.02506941424,  -0.0008003087822,      0.1278596605,                 0,       64.27281453
          0,           0,         198,      -7.684222424,      -8.282199835,      -8.156248983,      -7.132398758,             0.448,    0.001989112788,      0.1278466238,                 0,                 0,                 0,    -0.02506949677,   -0.000800319966,       0.127859592,                 0,       64.27318979
          0,           0,         199,      -7.701657179,      -8.295074768,      -8.170455738,      -7.149670568,             0.448,    0.001989101789,      0.1278465527,                 0,                 0,                 0,    -0.02506956841,  -0.0008003294137,      0.1278595208,                 0,       64.27350951
          0,           0,         200,      -7.719391957,      -8.309722285,      -8.185153048,      -7.167277839,             0.448,    0.001989092653,      0.1278464832,                 0,                 0,                 0,    -0.02506962701,  -0.0008003370314,      0.1278594511,                 0,       64.27376978
          0,           0,         201,      -7.737344158,      -8.326279745,      -8.200395606,       -7.18514421,             0.448,    0.001989085508,      0.1278464193,                 0,                 0,                 0,    -0.02506967092,  -0.0008003427808,       0.127859387,                 0,       64.27396854
          0,           0,         202,      -7.755421438,       -8.34474804,      -8.216218477,      -7.203180758,             0.448,     0.00198908043,      0.1278463646,                 0,                 0,                 0,    -0.02506969901,  -0.0008003466637,      0.1278593322,                 0,       64.27410511
          0,           0,         203,      -7.773525871,      -8.365005341,      -8.232642808,      -7.221289698,             0.448,    0.001989077435,      0.1278463238,                 0,                 0,                 0,    -0.02506971054,  -0.0008003487685,      0.1278592914,                 0,       64.27418139
          0,           0,         204,      -7.791564546,      -8.386787803,      -8.249675312,      -7.239375048,             0.448,    0.001989076464,      0.1278463002,                 0,                 0,                 0,     -0.0250697054,  -0.0008003492223,      0.1278592677,                 0,       64.27420085
          0,           0,         205,         -7.809461,      -8.409710461,      -8.267296783,      -7.257354172,             0.448,    0.001989077451,       0.127846296,                 0,                 0,                 0,    -0.02506968379,  -0.0008003481443,      0.1278592635,                 0,       64.27416685
          0,           0,         206,      -7.827156451,       -8.43326442,      -8.285468299,      -7.275158915,             0.448,    0.001989080321,      0.1278463145,                 0,                 0,                 0,    -0.02506964608,  -0.0008003456784,      0.1278592821,                 0,       64.27408341
          0,           0,         207,      -7.844618985,       -8.45684507,       -8.30413795,       -7.29274613,             0.448,    0.001989084947,      0.1278463579,                 0,                 0,                 0,    -0.02506959309,  -0.0008003420002,      0.1278593255,                 0,       64.27395575
          0,           0,         208,      -7.861844831,      -8.479816837,       -8.32322531,      -7.310100506,             0.448,    0.001989091187,      0.1278464284,                 0,                 0,                 0,    -0.02506952586,  -0.0008003372997,      0.1278593962,                 0,       64.27378956
          0,           0,         209,      -7.878854739,      -8.501566177,       -8.34265466,      -7.327231723,             0.448,     0.00198909886,       0.127846527,                 0,                 0,                 0,     -0.0250694458,  -0.0008003317816,       0.127859495,                 0,       64.27359124
          0,           0,         210,      -7.895694117,      -8.521571952,      -8.362336822,      -7.344175576,             0.448,    0.001989107772,      0.1278466541,                 0,                 0,                 0,    -0.02506935455,  -0.0008003256426,      0.1278596222,                 0,       64.27336712
          0,           0,         211,       -7.91242529,      -8.539491478,      -8.382174072,       -7.36098732,             0.448,    0.001989117746,      0.1278468095,                 0,                 0,                 0,    -0.02506925381,  -0.0008003190603,      0.1278597777,                 0,       64.27312295
          0,           0,         212,       -7.92911763,      -8.555223352,      -8.402071262,      -7.377732353,             0.448,    0.001989128589,      0.1278469928,                 0,                 0,                 0,    -0.02506914543,  -0.0008003122202,      0.1278599613,                 0,       64.27286478
          0,           0,         213,      -7.945839956,      -8.568936403,      -8.421941956,      -7.394479086,             0.448,    0.001989140082,      0.1278472031,                 0,                 0,                 0,    -0.02506903145,  -0.0008003053177,      0.1278601718,                 0,       64.27259914
          0,           0,         214,      -7.962651833,      -8.581017797,      -8.441709367,      -7.411289402,             0.448,    0.001989151995,       0.127847439,                 0,                 0,                 0,    -0.02506891389,  -0.0008002985529,      0.1278604079,                 0,       64.27233279
          0,           0,         215,      -7.979597237,       -8.59201432,      -8.461293566,       -7.42821258,             0.448,    0.001989164127,      0.1278476979,                 0,                 0,                 0,     -0.0250687949,  -0.0008002920721,       0.127860667,                 0,       64.27207095
          0,           0,         216,      -7.996684468,      -8.602555491,       -8.48064317,       -7.44526313,             0.448,    0.001989176279,      0.1278479768,                 0,                 0,                 0,    -0.02506867662,  -0.0008002860063,      0.1278609461,                 0,        64.2718185
          0,           0,         217,      -8.013906815,      -8.613264196,      -8.499753118,      -7.462442684,             0.448,    0.001989188248,      0.1278482723,                 0,                 0,                 0,      -0.025068561,  -0.0008002804874,      0.1278612418,                 0,       64.27158035
          0,           0,         218,      -8.031230596,      -8.624691468,      -8.518631043,      -7.479726581,             0.448,    0.001989199858,      0.1278485811,                 0,                 0,                 0,    -0.02506844988,  -0.0008002756178,      0.1278615508,                 0,        64.2713605
          0,           0,         219,      -8.048594531,       -8.63728617,      -8.537289588,      -7.497063113,             0.448,    0.001989210949,      0.1278488996,                 0,                 0,                 0,    -0.02506834489,  -0.0008002714751,      0.1278618694,                 0,        64.2711622
          0,           0,         220,      -8.065914018,      -8.651384835,      -8.555751076,      -7.514376392,             0.448,     0.00198922139,       0.127849224,                 0,                 0,                 0,    -0.02506824739,  -0.0008002681144,       0.127862194,                 0,       64.27098796
          0,           0,         221,      -8.083088466,      -8.667204416,      -8.574049552,      -7.531572569,             0.448,    0.001989231082,       0.127849551,                 0,                 0,                 0,     -0.0250681585,  -0.0008002655585,      0.1278625211,                 0,       64.27083922
          0,           0,         222,      -8.100005242,      -8.684849948,      -8.592201123,       -7.54854365,             0.448,    0.001989239958,      0.1278498769,                 0,                 0,                 0,     -0.0250680791,  -0.0008002637938,      0.1278628472,                 0,       64.27071626
          0,           0,         223,      -8.116553766,      -8.704257167,       -8.61022909,      -7.565179724,             0.448,    0.001989247958,      0.1278501986,                 0,                 0,                 0,    -0.02506800963,   -0.000800262814,       0.127863169,                 0,       64.27061952
          0,           0,         224,      -8.132653359,      -8.725241636,      -8.628200475,      -7.581396781,             0.448,    0.001989255048,      0.1278505137,                 0,                 0,                 0,     -0.0250679503,  -0.0008002625999,      0.1278634841,                 0,       64.27054886
          0,           0,         225,      -8.148243126,      -8.747496238,      -8.646152608,      -7.597127281,             0.448,    0.001989261223,      0.1278508196,                 0,                 0,                 0,    -0.02506790121,   -0.000800263098,      0.1278637901,                 0,       64.27050309
          0,           0,         226,      -8.163287671,      -8.770573939,      -8.664079992,      -7.612326066,             0.448,    0.001989266506,       0.127851114,                 0,                 0,                 0,    -0.02506786214,  -0.0008002642394,      0.1278640845,                 0,       64.27048042
          0,           0,         227,      -8.177796197,      -8.793907187,      -8.681945385,      -7.626990617,             0.448,    0.001989270924,      0.1278513952,                 0,                 0,                 0,    -0.02506783271,  -0.0008002659579,      0.1278643658,                 0,       64.27047907
          0,           0,         228,      -8.191815905,      -8.816869351,      -8.699696307,      -7.641155983,             0.448,    0.001989274512,      0.1278516615,                 0,                 0,                 0,    -0.02506781244,  -0.0008002681776,       0.127864632,                 0,       64.27049695
          0,           0,         229,      -8.205425798,      -8.838798488,       -8.71728073,      -7.654889847,             0.448,     0.00198927733,      0.1278519117,                 0,                 0,                 0,    -0.02506780057,  -0.0008002708182,      0.1278648822,                 0,       64.27053167
          0,           0,         230,      -8.218711768,      -8.859087335,      -8.734634931,       -7.66826627,             0.448,    0.001989279452,       0.127852145,                 0,                 0,                 0,     -0.0250677963,   -0.000800273787,      0.1278651156,                 0,       64.27058041
          0,           0,         231,      -8.231824692,      -8.877301997,      -8.751701037,      -7.681433793,             0.448,     0.00198928096,      0.1278523606,                 0,                 0,                 0,    -0.02506779883,   -0.000800276982,      0.1278653311,                 0,       64.27064006
          0,           0,         232,      -8.244911825,      -8.893229328,      -8.768422498,      -7.694535864,             0.448,    0.001989281922,      0.1278525583,                 0,                 0,                 0,     -0.0250678072,  -0.0008002803339,      0.1278655288,                 0,       64.27070838
          0,           0,         233,      -8.258105845,      -8.906915545,      -8.784716681,      -7.707706101,             0.448,    0.001989282418,      0.1278527383,                 0,                 0,                 0,    -0.02506782045,  -0.0008002837662,      0.1278657088,                 0,       64.27078288
          0,           0,         234,      -8.271526461,      -8.918673618,      -8.800503503,      -7.721067824,             0.448,    0.001989282529,      0.1278529011,                 0,                 0,                 0,    -0.02506783762,  -0.0008002872046,      0.1278658715,                 0,       64.27086108
          0,           0,         235,      -8.285277618,      -8.929024431,      -8.815738818,      -7.734730064,             0.448,    0.001989282333,      0.1278530471,                 0,                 0,                 0,    -0.02506785778,  -0.0008002905861,      0.1278660175,                 0,       64.27094082
          0,           0,         236,      -8.299438784,      -8.938593018,      -8.830417392,      -7.748779146,             0.448,    0.001989281904,      0.1278531772,                 0,                 0,                 0,    -0.02506788003,  -0.0008002938537,      0.1278661476,                 0,        64.2710201
          0,           0,         237,      -8.314060731,      -8.948020907,      -8.844559372,      -7.763274161,             0.448,     0.00198928131,      0.1278532923,                 0,                 0,                 0,    -0.02506790351,   -0.000800296958,      0.1278662626,                 0,       64.27109714
          0,           0,         238,      -8.329165466,      -8.957904413,      -8.858203899,      -7.778245922,             0.448,    0.001989280614,      0.1278533934,                 0,                 0,                 0,    -0.02506792743,  -0.0008002998598,      0.1278663637,                 0,       64.27117045
          0,           0,         239,      -8.344747095,      -8.968755001,      -8.871412441,      -7.793697035,             0.448,    0.001989279874,      0.1278534818,                 0,                 0,                 0,    -0.02506795107,  -0.0008003025277,      0.1278664521,                 0,        64.2712388
          0,           0,         240,      -8.360773302,      -8.980980727,      -8.884270397,      -7.809602825,             0.448,     0.00198927914,      0.1278535586,                 0,                 0,                 0,    -0.02506797382,   -0.000800304937,      0.1278665288,                 0,       64.27130112
          0,           0,         241,      -8.377188045,      -8.994879495,      -8.896880514,      -7.825913628,             0.448,    0.001989278456,      0.1278536251,                 0,                 0,                 0,    -0.02506799513,  -0.0008003070705,      0.1278665952,                 0,       64.27135662
          0,           0,         242,      -8.393915728,      -9.010638035,      -8.909351522,      -7.842558662,             0.448,    0.001989277858,      0.1278536824,                 0,                 0,                 0,    -0.02506801459,    -0.00080030892,      0.1278666526,                 0,       64.27140479
          0,           0,         243,      -8.410867144,      -9.028333875,      -8.921787039,      -7.859451677,             0.448,    0.001989277371,      0.1278537321,                 0,                 0,                 0,    -0.02506803181,  -0.0008003104891,      0.1278667022,                 0,       64.27144546
          0,           0,         244,      -8.427932878,      -9.047941603,      -8.934284109,      -7.876481977,             0.448,    0.001989277014,      0.1278537753,                 0,                 0,                 0,    -0.02506804654,   -0.000800311788,      0.1278667454,                 0,        64.2714787
          0,           0,         245,      -8.445031603,      -9.069335548,      -8.946950471,      -7.893569573,             0.448,    0.001989276802,       0.127853813,                 0,                 0,                 0,    -0.02506805866,  -0.0008003128237,      0.1278667831,                 0,       64.27150453
          0,           0,         246,      -8.462077562,      -9.092278297,      -8.959846522,      -7.910623638,             0.448,    0.001989276737,      0.1278538463,                 0,                 0,                 0,    -0.02506806813,  -0.0008003136147,      0.1278668164,                 0,       64.27152337
          0,           0,         247,      -8.478992337,      -9.116423792,      -8.972989452,      -7.927560212,             0.448,    0.001989276818,       0.127853876,                 0,                 0,                 0,    -0.02506807495,  -0.0008003141822,      0.1278668461,                 0,       64.27153569
          0,           0,         248,      -8.495716064,      -9.141326452,      -8.986389745,      -7.944312314,             0.448,    0.001989277041,       0.127853903,                 0,                 0,                 0,    -0.02506807922,  -0.0008003145483,      0.1278668731,                 0,       64.27154206
          0,           0,         249,       -8.51221527,      -9.166463369,      -9.000061095,      -7.960837864,             0.448,    0.001989277395,       0.127853928,                 0,                 0,                 0,    -0.02506808109,  -0.0008003147401,      0.1278668981,                 0,        64.2715432
          0,           0,         250,      -8.528482873,      -9.191263209,      -9.014006553,      -7.977121652,             0.448,    0.001989277864,      0.1278539516,                 0,                 0,                 0,    -0.02506808076,  -0.0008003147865,      0.1278669217,                 0,       64.27153992
          0,           0,         251,      -8.544535705,      -9.215153744,      -9.028207432,      -7.993174104,             0.448,    0.001989278429,      0.1278539744,                 0,                 0,                 0,    -0.02506807848,   -0.000800314717,      0.1278669445,                 0,       64.27153307
          0,           0,         252,      -8.560411991,      -9.237628501,      -9.042630191,       -8.00902919,             0.448,     0.00198927907,      0.1278539967,                 0,                 0,                 0,    -0.02506807451,  -0.0008003145629,      0.1278669668,                 0,       64.27152358
          0,           0,         253,      -8.576167715,      -9.258317194,      -9.057241698,      -8.024741066,             0.448,    0.001989279762,      0.1278540187,                 0,                 0,                 0,    -0.02506806917,  -0.0008003143523,      0.1278669888,                 0,       64.27151231
          0,           0,         254,      -8.591864273,      -9.277043489,      -9.072009597,      -8.040371164,             0.448,    0.001989280483,      0.1278540407,                 0,                 0,                 0,    -0.02506806277,  -0.0008003141117,      0.1278670109,                 0,       64.27150009
          0,           0,         255,      -8.607564309,      -9.293859696,      -9.086908733,      -8.055985618,             0.448,    0.001989281208,      0.1278540627,                 0,                 0,                 0,    -0.02506805564,  -0.0008003138667,      0.1278670329,                 0,       64.27148772
          0,           0,         256,      -8.623328066,      -9.309027718,      -9.101930974,      -8.071649822,             0.448,    0.001989281914,      0.1278540847,                 0,                 0,                 0,    -0.02506804811,  -0.0008003136399,      0.1278670548,                 0,       64.27147595
          0,           0,         257,      -8.639206516,      -9.322969593,      -9.117085011,      -8.087421379,             0.448,    0.001989282579,      0.1278541065,                 0,                 0,                 0,     -0.0250680405,  -0.0008003134512,      0.1278670767,                 0,       64.27146544
          0,           0,         258,      -8.655236619,      -9.336194033,      -9.132394663,       -8.10334526,             0.448,    0.001989283181,       0.127854128,                 0,                 0,                 0,    -0.02506803312,  -0.0008003133176,      0.1278670981,                 0,       64.27145678
          0,           0,         259,      -8.671438522,      -9.349227091,      -9.147895475,      -8.119450309,             0.448,    0.001989283702,      0.1278541489,                 0,                 0,                 0,    -0.02506802622,  -0.0008003132532,      0.1278671191,                 0,       64.27145046
          0,           0,         260,      -8.687814782,      -9.362551361,      -9.163631611,      -8.135747555,             0.448,    0.001989284126,      0.1278541691,                 0,                 0,                 0,    -0.02506802004,  -0.0008003132689,      0.1278671392,                 0,       64.27144689
          0,           0,         261,      -8.704349627,      -9.376572931,      -9.179658507,      -8.152229106,             0.448,     0.00198928444,      0.1278541882,                 0,                 0,                 0,     -0.0250680148,  -0.0008003133721,      0.1278671584,                 0,       64.27144636
          0,           0,         262,      -8.721012265,      -9.391597231,      -9.196037839,      -8.168870695,             0.448,    0.001989284634,       0.127854206,                 0,                 0,                 0,    -0.02506801066,  -0.0008003135673,      0.1278671762,                 0,       64.27144906
          0,           0,         263,      -8.737758797,      -9.407808624,      -9.212830977,      -8.185633082,             0.448,      0.0019892847,      0.1278542222,                 0,                 0,                 0,    -0.02506800776,  -0.0008003138553,      0.1278671924,                 0,       64.27145508
          0,           0,         264,      -8.754536269,      -9.425265213,      -9.230094257,       -8.20246574,             0.448,    0.001989284635,      0.1278542366,                 0,                 0,                 0,    -0.02506800617,  -0.0008003142336,      0.1278672068,                 0,        64.2714644
          0,           0,         265,      -8.771287021,      -9.443904827,      -9.247874848,      -8.219310863,             0.448,     0.00198928444,      0.1278542489,                 0,                 0,                 0,    -0.02506800596,  -0.0008003146961,       0.127867219,                 0,       64.27147687
          0,           0,         266,      -8.787955539,      -9.463540391,      -9.266205234,      -8.236110107,             0.448,    0.001989284115,      0.1278542588,                 0,                 0,                 0,    -0.02506800713,  -0.0008003152371,      0.1278672289,                 0,       64.27149235
          0,           0,         267,      -8.804492614,      -9.483880921,      -9.285095313,      -8.252808637,             0.448,    0.001989283664,      0.1278542662,                 0,                 0,                 0,     -0.0250680097,  -0.0008003158496,      0.1278672363,                 0,       64.27151064
          0,           0,         268,      -8.820858995,      -9.504546106,      -9.304535826,      -8.269359364,             0.448,    0.001989283093,      0.1278542709,                 0,                 0,                 0,    -0.02506801361,  -0.0008003165237,      0.1278672411,                 0,       64.27153147
          0,           0,         269,      -8.837029463,       -9.52509243,      -9.324496261,      -8.285727753,             0.448,     0.00198928241,      0.1278542728,                 0,                 0,                 0,     -0.0250680188,  -0.0008003172478,      0.1278672429,                 0,       64.27155449
          0,           0,         270,      -8.852994973,      -9.545062018,       -9.34492054,      -8.301894825,             0.448,    0.001989281625,      0.1278542718,                 0,                 0,                 0,    -0.02506802519,  -0.0008003180097,      0.1278672419,                 0,       64.27157932
          0,           0,         271,      -8.868762382,      -9.564032951,      -9.365725003,      -8.317857667,             0.448,    0.001989280749,      0.1278542677,                 0,                 0,                 0,    -0.02506803267,  -0.0008003187967,      0.1278672378,                 0,       64.27160558
          0,           0,         272,      -8.884352547,      -9.581673349,      -9.386798692,      -8.333628294,             0.448,    0.001989279795,      0.1278542606,                 0,                 0,                 0,    -0.02506804111,  -0.0008003195957,      0.1278672307,                 0,       64.27163283
          0,           0,         273,      -8.899796911,      -9.597795006,      -9.408004702,      -8.349230846,             0.448,    0.001989278778,      0.1278542505,                 0,                 0,                 0,    -0.02506805036,  -0.0008003203928,      0.1278672206,                 0,       64.27166063
          0,           0,         274,      -8.915132883,      -9.612389117,      -9.429182922,      -8.364697405,             0.448,    0.001989277712,      0.1278542375,                 0,                 0,                 0,    -0.02506806025,  -0.0008003211746,      0.1278672075,                 0,       64.27168853
          0,           0,         275,       -8.93039869,      -9.625629492,      -9.450155718,      -8.380063077,             0.448,    0.001989276615,      0.1278542218,                 0,                 0,                 0,    -0.02506807062,  -0.0008003219279,      0.1278671918,                 0,       64.27171606
          0,           0,         276,      -8.945628423,      -9.637844912,      -9.470737125,      -8.395361111,             0.448,    0.001989275502,      0.1278542034,                 0,                 0,                 0,    -0.02506808128,  -0.0008003226405,      0.1278671734,                 0,       64.27174279
          0,           0,         277,      -8.960847841,      -9.649471867,      -9.490744645,      -8.410618629,             0.448,    0.001989274391,      0.1278541828,                 0,                 0,                 0,    -0.02506809205,  -0.0008003233012,      0.1278671528,                 0,       64.27176832
          0,           0,         278,      -8.976071306,      -9.660998784,      -9.510012197,      -8.425853334,             0.448,    0.001989273296,      0.1278541601,                 0,                 0,                 0,    -0.02506810275,  -0.0008003239007,        0.12786713,                 0,       64.27179229
          0,           0,         279,      -8.991300068,      -9.672912476,      -9.528402566,      -8.441071413,             0.448,    0.001989272232,      0.1278541357,                 0,                 0,                 0,    -0.02506811322,  -0.0008003244312,      0.1278671056,                 0,       64.27181437
          0,           0,         280,      -9.006521996,      -9.685654725,      -9.545817871,      -8.456266767,             0.448,    0.001989271212,      0.1278541098,                 0,                 0,                 0,     -0.0250681233,  -0.0008003248868,      0.1278670797,                 0,       64.27183433
          0,           0,         281,      -9.021712732,      -9.699592492,      -9.562206452,      -8.471421584,             0.448,    0.001989270247,      0.1278540828,                 0,                 0,                 0,    -0.02506813287,  -0.0008003252638,      0.1278670527,                 0,       64.27185197
          0,           0,         282,       -9.03683815,      -9.714999934,      -9.577565277,      -8.486508188,             0.448,    0.001989269345,      0.1278540551,                 0,                 0,                 0,    -0.02506814181,  -0.0008003255605,       0.127867025,                 0,       64.27186717
          0,           0,         283,      -9.051857953,      -9.732048428,      -9.591937552,      -8.501492044,             0.448,    0.001989268514,      0.1278540269,                 0,                 0,                 0,    -0.02506815003,  -0.0008003257767,      0.1278669968,                 0,       64.27187986
          0,           0,         284,      -9.066730677,      -9.750799433,      -9.605403788,       -8.51633624,             0.448,    0.001989267758,      0.1278539986,                 0,                 0,                 0,    -0.02506815746,  -0.0008003259138,      0.1278669684,                 0,       64.27189002
          0,           0,         285,      -9.081416605,      -9.771205199,      -9.618078461,      -8.531003906,             0.448,     0.00198926708,      0.1278539704,                 0,                 0,                 0,    -0.02506816405,  -0.0008003259758,      0.1278669402,                 0,       64.27189773
          0,           0,         286,      -9.095884403,      -9.793094125,      -9.630098709,      -8.545464863,             0.448,    0.001989266482,      0.1278539426,                 0,                 0,                 0,    -0.02506816978,   -0.000800325968,      0.1278669124,                 0,        64.2719031
          0,           0,         287,      -9.110115721,      -9.816176902,      -9.641606271,      -8.559700086,             0.448,    0.001989265961,      0.1278539154,                 0,                 0,                 0,    -0.02506817464,   -0.000800325896,      0.1278668853,                 0,       64.27190627
          0,           0,         288,      -9.124107728,      -9.840043949,      -9.652739411,      -8.573704338,             0.448,    0.001989265518,      0.1278538891,                 0,                 0,                 0,    -0.02506817864,  -0.0008003257663,       0.127866859,                 0,       64.27190739
          0,           0,         289,      -9.137874841,      -9.864169646,      -9.663627443,      -8.587488308,             0.448,    0.001989265147,      0.1278538639,                 0,                 0,                 0,    -0.02506818181,  -0.0008003255861,      0.1278668337,                 0,       64.27190667
          0,           0,         290,      -9.151449093,      -9.887944588,      -9.674385046,      -8.601079565,             0.448,    0.001989264846,      0.1278538399,                 0,                 0,                 0,    -0.02506818419,  -0.0008003253628,      0.1278668097,                 0,       64.27190432
          0,           0,         291,      -9.164878447,      -9.910727108,      -9.685108693,      -8.614521475,             0.448,    0.001989264609,      0.1278538171,                 0,                 0,                 0,    -0.02506818583,  -0.0008003251042,       0.127866787,                 0,       64.27190056
          0,           0,         292,      -9.178223583,      -9.931912028,      -9.695876146,      -8.627870533,             0.448,    0.001989264431,      0.1278537958,                 0,                 0,                 0,    -0.02506818678,  -0.0008003248177,      0.1278667657,                 0,       64.27189561
          0,           0,         293,      -9.191553745,      -9.951014559,      -9.706747951,      -8.641192689,             0.448,    0.001989264305,       0.127853776,                 0,                 0,                 0,    -0.02506818712,  -0.0008003245109,      0.1278667458,                 0,       64.27188971
          0,           0,         294,      -9.204942073,      -9.967751806,      -9.717769702,      -8.654559018,             0.448,    0.001989264226,      0.1278537577,                 0,                 0,                 0,    -0.02506818692,  -0.0008003241907,      0.1278667275,                 0,       64.27188306
          0,           0,         295,      -9.218460778,      -9.982094849,      -9.728974801,      -8.668041039,             0.448,    0.001989264187,      0.1278537409,                 0,                 0,                 0,    -0.02506818625,   -0.000800323864,      0.1278667108,                 0,        64.2718759
          0,           0,         296,      -9.232176609,      -9.994271036,      -9.740387956,      -8.681706171,             0.448,    0.001989264181,      0.1278537257,                 0,                 0,                 0,    -0.02506818518,   -0.000800323537,      0.1278666955,                 0,       64.27186841
          0,           0,         297,      -9.246146934,      -10.00471772,      -9.752028984,      -8.695613672,             0.448,    0.001989264203,       0.127853712,                 0,                 0,                 0,     -0.0250681838,  -0.0008003232151,      0.1278666818,                 0,       64.27186079
          0,           0,         298,      -9.260416665,      -10.01400395,      -9.763916273,       -8.70981133,             0.448,    0.001989264247,      0.1278536997,                 0,                 0,                 0,    -0.02506818218,  -0.0008003229035,      0.1278666695,                 0,        64.2718532
          0,           0,         299,      -9.275016136,      -10.02274482,      -9.776069325,      -8.724333043,             0.448,    0.001989264307,      0.1278536888,                 0,                 0,                 0,    -0.02506818039,  -0.0008003226063,      0.1278666586,                 0,        64.2718458
          0,           0,         300,      -9.289959925,      -10.03152873,      -9.788510265,       -8.73919734,             0.448,    0.001989264377,      0.1278536792,                 0,                 0,                 0,     -0.0250681785,   -0.000800322327,      0.1278666491,                 0,       64.27183871
          0,           0,         301,      -9.305246637,      -10.04086755,      -9.801264487,      -8.754406854,             0.448,    0.001989264454,      0.1278536709,                 0,                 0,                 0,    -0.02506817656,  -0.0008003220684,      0.1278666407,                 0,       64.27183204
          0,           0,         302,       -9.32085954,      -10.05116932,       -9.81436049,       -8.76994868,             0.448,    0.001989264532,      0.1278536637,                 0,                 0,                 0,    -0.02506817464,  -0.0008003218326,      0.1278666335,                 0,       64.27182588
          0,           0,         303,      -9.336768002,      -10.06272922,      -9.827829029,      -8.785795563,             0.448,     0.00198926461,      0.1278536575,                 0,                 0,                 0,    -0.02506817277,  -0.0008003216209,      0.1278666274,                 0,       64.27182029
          0,           0,         304,       -9.35292966,       -10.0757301,      -9.841701698,      -8.801907853,             0.448,    0.001989264683,      0.1278536523,                 0,                 0,                 0,      -0.025068171,  -0.0008003214338,      0.1278666221,                 0,        64.2718153
          0,           0,         305,      -9.369293196,      -10.09024842,      -9.856009155,      -8.818236109,             0.448,    0.001989264749,      0.1278536479,                 0,                 0,                 0,    -0.02506816937,  -0.0008003212715,      0.1278666177,                 0,       64.27181094
          0,           0,         306,      -9.385801622,       -10.1062611,      -9.870779173,      -8.834724266,             0.448,    0.001989264808,      0.1278536442,                 0,                 0,                 0,    -0.02506816789,  -0.0008003211331,      0.1278666141,                 0,       64.27180721
          0,           0,         307,      -9.402395886,       -10.1236526,      -9.886034727,      -8.851313182,             0.448,    0.001989264857,      0.1278536412,                 0,                 0,                 0,    -0.02506816659,  -0.0008003210178,      0.1278666111,                 0,       64.27180409
          0,           0,         308,      -9.419018582,      -10.14222202,      -9.901792216,      -8.867944374,             0.448,    0.001989264897,      0.1278536387,                 0,                 0,                 0,    -0.02506816548,  -0.0008003209238,      0.1278666086,                 0,       64.27180156
          0,           0,         309,      -9.435617488,      -10.16169258,       -9.91805993,      -8.884563669,             0.448,    0.001989264927,      0.1278536367,                 0,                 0,                 0,    -0.02506816456,  -0.0008003208495,      0.1278666066,                 0,       64.27179957
          0,           0,         310,      -9.452148456,      -10.18172577,       -9.93483686,      -8.901124282,             0.448,    0.001989264948,       0.127853635,                 0,                 0,                 0,    -0.02506816383,  -0.0008003207925,      0.1278666049,                 0,       64.27179806
          0,           0,         311,      -9.468578326,      -10.20193675,       -9.95211161,      -8.917590037,             0.448,    0.001989264961,      0.1278536337,                 0,                 0,                 0,    -0.02506816329,  -0.0008003207505,      0.1278666036,                 0,       64.27179697
          0,           0,         312,      -9.484885695,      -10.22192999,      -9.969862309,       -8.93393644,             0.448,    0.001989264966,      0.1278536326,                 0,                 0,                 0,    -0.02506816292,  -0.0008003207213,      0.1278666025,                 0,       64.27179625
          0,           0,         313,      -9.501061153,      -10.24133345,      -9.988056701,      -8.950151235,             0.448,    0.001989264965,      0.1278536317,                 0,                 0,                 0,    -0.02506816271,  -0.0008003207024,      0.1278666016,                 0,       64.27179583
          0,           0,         314,      -9.517106423,      -10.25983818,      -10.00665336,      -8.966233899,             0.448,    0.001989264959,      0.1278536309,                 0,                 0,                 0,    -0.02506816264,  -0.0008003206914,      0.1278666008,                 0,       64.27179563
          0,           0,         315,      -9.533032604,      -10.27723487,       -10.0256018,      -8.982194086,             0.448,     0.00198926495,      0.1278536302,                 0,                 0,                 0,    -0.02506816269,  -0.0008003206859,      0.1278666001,                 0,       64.27179558
          0,           0,         316,      -9.548857545,      -10.29344013,      -10.04484355,      -8.998049128,             0.448,     0.00198926494,      0.1278536297,                 0,                 0,                 0,    -0.02506816285,  -0.0008003206837,      0.1278665995,                 0,       64.27179563
          0,           0,         317,      -9.564602741,       -10.3085048,      -10.06431423,      -9.013820953,             0.448,     0.00198926493,      0.1278536291,                 0,                 0,                 0,    -0.02506816307,  -0.0008003206828,       0.127866599,                 0,        64.2717957
          0,           0,         318,      -9.580290177,       -10.3226045,      -10.08394597,      -9.029532867,             0.448,    0.001989264921,      0.1278536287,                 0,                 0,                 0,    -0.02506816335,  -0.0008003206812,      0.1278665986,                 0,       64.27179575
          0,           0,         319,      -9.595939445,      -10.33601141,      -10.10366902,        -9.0452065,             0.448,    0.001989264915,      0.1278536282,                 0,                 0,                 0,    -0.02506816366,  -0.0008003206774,      0.1278665981,                 0,       64.27179571
          0,           0,         320,      -9.611565256,      -10.34905634,      -10.12341354,      -9.060859049,             0.448,    0.001989264914,      0.1278536279,                 0,                 0,                 0,    -0.02506816397,  -0.0008003206699,      0.1278665977,                 0,       64.27179555
          0,           0,         321,      -9.627175489,      -10.36208681,      -10.14311316,      -9.076501057,             0.448,    0.001989264919,      0.1278536275,                 0,                 0,                 0,    -0.02506816427,  -0.0008003206578,      0.1278665974,                 0,       64.27179523
          0,           0,         322,      -9.642770404,      -10.37543687,      -10.16270572,      -9.092135378,             0.448,     0.00198926493,      0.1278536272,                 0,                 0,                 0,    -0.02506816453,  -0.0008003206402,      0.1278665971,                 0,       64.27179472
          0,           0,         323,      -9.658342719,      -10.38939834,       -10.1821334,      -9.107756905,             0.448,    0.001989264949,       0.127853627,                 0,                 0,                 0,    -0.02506816475,  -0.0008003206165,      0.1278665969,                 0,         64.271794
          0,           0,         324,      -9.673878258,       -10.4041998,      -10.20134229,      -9.123352911,             0.448,    0.001989264975,      0.1278536268,                 0,                 0,                 0,     -0.0250681649,  -0.0008003205866,      0.1278665967,                 0,       64.27179306
          0,           0,         325,      -9.689357491,      -10.41999419,        -10.220282,      -9.138904344,             0.448,    0.001989265011,      0.1278536268,                 0,                 0,                 0,    -0.02506816498,  -0.0008003205502,      0.1278665967,                 0,        64.2717919
          0,           0,         326,       -9.70475769,        -10.436856,      -10.23890492,      -9.154387841,             0.448,    0.001989265054,      0.1278536268,                 0,                 0,                 0,    -0.02506816498,  -0.0008003205077,      0.1278665967,                 0,       64.27179051
          0,           0,         327,      -9.720055398,      -10.45478188,      -10.25716544,      -9.169778152,             0.448,    0.001989265106,       0.127853627,                 0,                 0,                 0,    -0.02506816489,  -0.0008003204594,      0.1278665969,                 0,       64.27178892
          0,           0,         328,      -9.735229031,      -10.47369307,      -10.27501905,      -9.185050785,             0.448,    0.001989265166,      0.1278536273,                 0,                 0,                 0,    -0.02506816471,  -0.0008003204059,      0.1278665972,                 0,       64.27178713
          0,           0,         329,      -9.750261336,      -10.49344124,      -10.29242166,      -9.200184615,             0.448,    0.001989265234,      0.1278536278,                 0,                 0,                 0,    -0.02506816444,   -0.000800320348,      0.1278665977,                 0,       64.27178517
          0,           0,         330,      -9.765141445,      -10.51381786,       -10.3093293,      -9.215164166,             0.448,    0.001989265309,      0.1278536284,                 0,                 0,                 0,    -0.02506816408,  -0.0008003202866,      0.1278665983,                 0,       64.27178306
          0,           0,         331,       -9.77986629,      -10.53456907,      -10.32569855,      -9.229981358,             0.448,     0.00198926539,      0.1278536291,                 0,                 0,                 0,    -0.02506816363,  -0.0008003202226,       0.127866599,                 0,       64.27178083
          0,           0,         332,      -9.794441226,      -10.55541477,      -10.34148773,      -9.244636497,             0.448,    0.001989265475,      0.1278536301,                 0,                 0,                 0,    -0.02506816311,   -0.000800320157,         0.1278666,                 0,       64.27177853
          0,           0,         333,      -9.808879853,      -10.57607308,      -10.35665914,      -9.259138503,             0.448,    0.001989265565,      0.1278536312,                 0,                 0,                 0,    -0.02506816253,   -0.000800320091,      0.1278666011,                 0,       64.27177617
          0,           0,         334,      -9.823203054,      -10.59628857,      -10.37118189,      -9.273504345,             0.448,    0.001989265658,      0.1278536324,                 0,                 0,                 0,    -0.02506816189,  -0.0008003200257,      0.1278666023,                 0,        64.2717738
          0,           0,         335,      -9.837437401,      -10.61586185,      -10.38503545,      -9.287757765,             0.448,    0.001989265753,      0.1278536338,                 0,                 0,                 0,     -0.0250681612,   -0.000800319962,      0.1278666037,                 0,       64.27177146
          0,           0,         336,      -9.851613096,      -10.63467467,       -10.3982132,      -9.301927437,             0.448,    0.001989265848,      0.1278536354,                 0,                 0,                 0,    -0.02506816048,   -0.000800319901,      0.1278666053,                 0,       64.27176918
          0,           0,         337,      -9.865761718,      -10.65270545,      -10.41072547,      -9.316044808,             0.448,    0.001989265942,      0.1278536371,                 0,                 0,                 0,    -0.02506815975,  -0.0008003198436,       0.127866607,                 0,       64.27176698
          0,           0,         338,      -9.879913965,       -10.6700318,      -10.42260181,      -9.330141838,             0.448,    0.001989266034,      0.1278536389,                 0,                 0,                 0,      -0.025068159,  -0.0008003197906,      0.1278666088,                 0,        64.2717649
          0,           0,         339,      -9.894097646,      -10.68681812,      -10.43389177,      -9.344248847,             0.448,    0.001989266123,      0.1278536408,                 0,                 0,                 0,    -0.02506815827,  -0.0008003197426,      0.1278666107,                 0,       64.27176297
          0,           0,         340,      -9.908336067,      -10.70329257,       -10.4446642,      -9.358392691,             0.448,    0.001989266209,      0.1278536427,                 0,                 0,                 0,    -0.02506815755,  -0.0008003197003,      0.1278666126,                 0,       64.27176121
          0,           0,         341,      -9.922646946,      -10.71971605,      -10.45500516,      -9.372595411,             0.448,    0.001989266289,      0.1278536448,                 0,                 0,                 0,    -0.02506815686,  -0.0008003196641,      0.1278666147,                 0,       64.27175962
          0,           0,         342,      -9.937041903,      -10.73635008,      -10.46501449,      -9.386873384,             0.448,    0.001989266364,      0.1278536468,                 0,                 0,                 0,    -0.02506815621,  -0.0008003196342,      0.1278666167,                 0,       64.27175824
          0,           0,         343,      -9.951526525,      -10.75342795,      -10.47480166,      -9.401237092,             0.448,    0.001989266433,      0.1278536489,                 0,                 0,                 0,    -0.02506815561,  -0.0008003196108,      0.1278666188,                 0,       64.27175707
          0,           0,         344,      -9.966100989,      -10.77112829,      -10.48448134,      -9.415691398,             0.448,    0.001989266495,       0.127853651,                 0,                 0,                 0,    -0.02506815507,  -0.0008003195939,      0.1278666209,                 0,        64.2717561
          0,           0,         345,      -9.980761121,      -10.78955738,      -10.49416884,      -9.430236357,             0.448,     0.00198926655,       0.127853653,                 0,                 0,                 0,    -0.02506815459,  -0.0008003195834,      0.1278666229,                 0,       64.27175535
          0,           0,         346,      -9.995499825,      -10.80873406,      -10.50397615,      -9.444868405,             0.448,    0.001989266598,       0.127853655,                 0,                 0,                 0,    -0.02506815417,  -0.0008003195791,      0.1278666249,                 0,        64.2717548
          0,           0,         347,      -10.01030868,      -10.82858129,      -10.51400843,      -9.459581808,             0.448,    0.001989266638,      0.1278536569,                 0,                 0,                 0,    -0.02506815382,  -0.0008003195806,      0.1278666268,                 0,       64.27175446
          0,           0,         348,      -10.02517963,      -10.84892122,      -10.52436137,      -9.474370253,             0.448,    0.001989266671,      0.1278536588,                 0,                 0,                 0,    -0.02506815354,  -0.0008003195874,      0.1278666287,                 0,       64.27175431
          0,           0,         349,      -10.04010646,      -10.86947849,      -10.53511917,      -9.489228356,             0.448,    0.001989266698,      0.1278536605,                 0,                 0,                 0,    -0.02506815333,  -0.0008003195993,      0.1278666304,                 0,       64.27175434
          0,           0,         350,       -10.0550861,        -10.889892,      -10.54635339,      -9.504153005,             0.448,    0.001989266717,      0.1278536622,                 0,                 0,                 0,    -0.02506815319,  -0.0008003196154,      0.1278666321,                 0,       64.27175453
          0,           0,         351,      -10.07011949,      -10.90973787,      -10.55812235,       -9.51914437,             0.448,     0.00198926673,      0.1278536637,                 0,                 0,                 0,    -0.02506815312,  -0.0008003196354,      0.1278666336,                 0,       64.27175487
          0,           0,         352,      -10.08521192,      -10.92856864,      -10.57047115,      -9.534206426,             0.448,    0.001989266737,       0.127853665,                 0,                 0,                 0,    -0.02506815311,  -0.0008003196586,       0.127866635,                 0,       64.27175534
          0,           0,         353,      -10.10037288,      -10.94596494,       -10.5834321,      -9.549347028,             0.448,    0.001989266739,      0.1278536663,                 0,                 0,                 0,    -0.02506815316,  -0.0008003196843,      0.1278666362,                 0,       64.27175592
          0,           0,         354,      -10.11561539,       -10.9615935,      -10.59702566,      -9.564577449,             0.448,    0.001989266735,      0.1278536674,                 0,                 0,                 0,    -0.02506815326,  -0.0008003197121,      0.1278666373,                 0,        64.2717566
          0,           0,         355,      -10.13095486,      -10.97526025,      -10.61126152,      -9.579911449,             0.448,    0.001989266727,      0.1278536683,                 0,                 0,                 0,    -0.02506815341,  -0.0008003197412,      0.1278666383,                 0,       64.27175734
          0,           0,         356,      -10.14640759,      -10.98694574,      -10.62613991,      -9.595363936,             0.448,    0.001989266714,      0.1278536692,                 0,                 0,                 0,    -0.02506815361,  -0.0008003197711,      0.1278666391,                 0,       64.27175814
          0,           0,         357,      -10.16198909,      -10.99680746,      -10.64165308,      -9.610949416,             0.448,    0.001989266699,      0.1278536698,                 0,                 0,                 0,    -0.02506815384,  -0.0008003198012,      0.1278666397,                 0,       64.27175898
          0,           0,         358,      -10.17771228,      -11.00515839,       -10.6577866,      -9.626680236,             0.448,     0.00198926668,      0.1278536703,                 0,                 0,                 0,     -0.0250681541,  -0.0008003198311,      0.1278666403,                 0,       64.27175984
          0,           0,         359,      -10.19358574,      -11.01241507,      -10.67452066,      -9.642564911,             0.448,     0.00198926666,      0.1278536707,                 0,                 0,                 0,    -0.02506815439,  -0.0008003198603,      0.1278666406,                 0,       64.27176071
          0,           0,         360,      -10.20961226,      -11.01904654,      -10.69183131,      -9.658606571,             0.448,    0.001989266637,       0.127853671,                 0,                 0,                 0,    -0.02506815469,  -0.0008003198885,      0.1278666409,                 0,       64.27176157
          0,           0,         361,      -10.22578757,      -11.02551933,      -10.70969117,      -9.674801685,             0.448,    0.001989266613,      0.1278536711,                 0,                 0,                 0,    -0.02506815501,  -0.0008003199151,       0.127866641,                 0,        64.2717624
          0,           0,         362,      -10.24209964,      -11.03225974,      -10.72807008,       -9.69113917,             0.448,    0.001989266588,      0.1278536711,                 0,                 0,                 0,    -0.02506815533,  -0.0008003199401,       0.127866641,                 0,       64.27176321
          0,           0,         363,      -10.25852834,      -11.03962943,      -10.74693522,      -9.707600004,             0.448,    0.001989266563,       0.127853671,                 0,                 0,                 0,    -0.02506815565,  -0.0008003199631,      0.1278666409,                 0,       64.27176397
          0,           0,         364,      -10.27504574,      -11.04791276,      -10.76625104,      -9.724157298,             0.448,    0.001989266538,      0.1278536708,                 0,                 0,                 0,    -0.02506815597,   -0.000800319984,      0.1278666408,                 0,       64.27176468
          0,           0,         365,      -10.29161688,      -11.05731397,      -10.78597873,      -9.740777004,             0.448,    0.001989266514,      0.1278536706,                 0,                 0,                 0,    -0.02506815628,  -0.0008003200026,      0.1278666405,                 0,       64.27176534
          0,           0,         366,      -10.30820119,      -11.06796115,      -10.80607544,      -9.757419109,             0.448,     0.00198926649,      0.1278536702,                 0,                 0,                 0,    -0.02506815658,  -0.0008003200189,      0.1278666401,                 0,       64.27176594
          0,           0,         367,      -10.32475429,      -11.07991014,      -10.82649329,      -9.774039383,             0.448,    0.001989266466,      0.1278536698,                 0,                 0,                 0,    -0.02506815686,  -0.0008003200329,      0.1278666397,                 0,       64.27176648
          0,           0,         368,       -10.3412303,      -11.09315132,      -10.84717834,      -9.790591541,             0.448,    0.001989266444,      0.1278536693,                 0,                 0,                 0,    -0.02506815712,  -0.0008003200447,      0.1278666392,                 0,       64.27176695
          0,           0,         369,      -10.35758434,      -11.10761632,       -10.8680696,      -9.807029722,             0.448,    0.001989266423,      0.1278536688,                 0,                 0,                 0,    -0.02506815736,  -0.0008003200543,      0.1278666387,                 0,       64.27176737
          0,           0,         370,      -10.37377512,      -11.12318554,      -10.88909783,      -9.823311049,             0.448,    0.001989266404,      0.1278536682,                 0,                 0,                 0,    -0.02506815757,  -0.0008003200617,      0.1278666382,                 0,       64.27176772
          0,           0,         371,      -10.38976744,      -11.13969482,      -10.91018489,      -9.839398234,             0.448,    0.001989266386,      0.1278536677,                 0,                 0,                 0,    -0.02506815777,  -0.0008003200673,      0.1278666376,                 0,       64.27176802
          0,           0,         372,      -10.40553422,      -11.15694463,      -10.93124338,      -9.855261718,             0.448,    0.001989266369,      0.1278536671,                 0,                 0,                 0,    -0.02506815794,  -0.0008003200712,       0.127866637,                 0,       64.27176827
          0,           0,         373,      -10.42105809,      -11.17471213,      -10.95217669,      -9.870881401,             0.448,    0.001989266353,      0.1278536665,                 0,                 0,                 0,    -0.02506815808,  -0.0008003200734,      0.1278666364,                 0,       64.27176846
          0,           0,         374,       -10.4363322,      -11.19276703,      -10.97288023,      -9.886247688,             0.448,    0.001989266339,      0.1278536659,                 0,                 0,                 0,    -0.02506815821,  -0.0008003200744,      0.1278666358,                 0,       64.27176862
          0,           0,         375,      -10.45136008,      -11.21088615,      -10.99324279,      -9.901361519,             0.448,    0.001989266326,      0.1278536652,                 0,                 0,                 0,    -0.02506815831,  -0.0008003200741,      0.1278666352,                 0,       64.27176873
          0,           0,         376,      -10.46615495,      -11.22887387,      -11.01314976,      -9.916233889,             0.448,    0.001989266314,      0.1278536647,                 0,                 0,                 0,    -0.02506815839,  -0.0008003200729,      0.1278666346,                 0,       64.27176881
          0,           0,         377,      -10.48073816,      -11.24657759,      -11.03248731,       -9.93088441,             0.448,    0.001989266303,      0.1278536641,                 0,                 0,                 0,    -0.02506815846,   -0.000800320071,       0.127866634,                 0,       64.27176887
          0,           0,         378,      -10.49513716,      -11.26390392,      -11.05114728,      -9.945339313,             0.448,    0.001989266294,      0.1278536635,                 0,                 0,                 0,    -0.02506815851,  -0.0008003200686,      0.1278666334,                 0,        64.2717689
          0,           0,         379,      -10.50938323,      -11.28082493,      -11.06903327,      -9.959629332,             0.448,    0.001989266285,       0.127853663,                 0,                 0,                 0,    -0.02506815854,  -0.0008003200658,      0.1278666329,                 0,       64.27176892
          0,           0,         380,      -10.52350914,         -11.29738,      -11.08606637,      -9.973787237,             0.448,    0.001989266276,      0.1278536625,                 0,                 0,                 0,    -0.02506815856,  -0.0008003200628,      0.1278666324,                 0,       64.27176893
          0,           0,         381,      -10.53754704,      -11.31366883,      -11.10219041,      -9.987845713,             0.448,    0.001989266269,       0.127853662,                 0,                 0,                 0,    -0.02506815858,  -0.0008003200597,      0.1278666319,                 0,       64.27176893
          0,           0,         382,      -10.55152658,      -11.32983623,      -11.11737606,      -10.00183535,             0.448,    0.001989266262,      0.1278536615,                 0,                 0,                 0,    -0.02506815858,  -0.0008003200568,      0.1278666314,                 0,       64.27176893
          0,           0,         383,      -10.56547362,      -11.34605699,      -11.13162278,       -10.0157832,             0.448,    0.001989266255,      0.1278536611,                 0,                 0,                 0,    -0.02506815858,  -0.0008003200541,       0.127866631,                 0,       64.27176893
          0,           0,         384,      -10.57940929,      -11.36251262,      -11.14495829,      -10.02971174,             0.448,    0.001989266248,      0.1278536606,                 0,                 0,                 0,    -0.02506815858,  -0.0008003200517,      0.1278666305,                 0,       64.27176894
          0,           0,         385,      -10.59334974,      -11.37937563,      -11.15743679,      -10.04363832,             0.448,    0.001989266241,      0.1278536602,                 0,                 0,                 0,    -0.02506815857,  -0.0008003200496,      0.1278666302,                 0,       64.27176895
          0,           0,         386,      -10.60730623,      -11.39679285,      -11.16913482,      -10.05757527,             0.448,    0.001989266235,      0.1278536599,                 0,                 0,                 0,    -0.02506815856,   -0.000800320048,      0.1278666298,                 0,       64.27176897
          0,           0,         387,      -10.62128569,      -11.41487243,      -11.18014634,       -10.0715303,             0.448,    0.001989266229,      0.1278536595,                 0,                 0,                 0,    -0.02506815856,  -0.0008003200468,      0.1278666294,                 0,         64.271769
          0,           0,         388,      -10.63529168,      -11.43367596,      -11.19057726,      -10.08550735,             0.448,    0.001989266222,      0.1278536592,                 0,                 0,                 0,    -0.02506815855,   -0.000800320046,      0.1278666291,                 0,       64.27176904
          0,           0,         389,      -10.64932538,      -11.45321317,      -11.20053974,      -10.09950768,             0.448,    0.001989266216,      0.1278536589,                 0,                 0,                 0,    -0.02506815855,  -0.0008003200456,      0.1278666288,                 0,        64.2717691
          0,           0,         390,      -10.66338684,      -11.47343885,      -11.21014689,      -10.11353105,             0.448,    0.001989266209,      0.1278536586,                 0,                 0,                 0,    -0.02506815855,  -0.0008003200457,      0.1278666285,                 0,       64.27176916
          0,           0,         391,      -10.67747622,      -11.49424881,      -11.21950925,      -10.12757708,             0.448,    0.001989266203,      0.1278536583,                 0,                 0,                 0,    -0.02506815856,   -0.000800320046,      0.1278666282,                 0,       64.27176922
          0,           0,         392,      -10.69159462,        -11.515489,      -11.22873077,      -10.14164616,             0.448,    0.001989266196,       0.127853658,                 0,                 0,                 0,    -0.02506815857,  -0.0008003200467,       0.127866628,                 0,        64.2717693
          0,           0,         393,      -10.70574502,      -11.53695775,      -11.23790678,      -10.15574059,             0.448,     0.00198926619,      0.1278536578,                 0,                 0,                 0,    -0.02506815858,  -0.0008003200477,      0.1278666277,                 0,       64.27176938
          0,           0,         394,      -10.71993275,      -11.55841607,      -11.24712315,       -10.1698651,             0.448,    0.001989266183,      0.1278536576,                 0,                 0,                 0,    -0.02506815859,  -0.0008003200488,      0.1278666275,                 0,       64.27176947
          0,           0,         395,      -10.73416552,      -11.57960437,      -11.25645568,      -10.18402705,             0.448,    0.001989266177,      0.1278536573,                 0,                 0,                 0,    -0.02506815861,    -0.00080032005,      0.1278666272,                 0,       64.27176955
          0,           0,         396,      -10.74845342,      -11.60026486,      -11.26597059,       -10.1982366,             0.448,    0.001989266171,      0.1278536571,                 0,                 0,                 0,    -0.02506815863,  -0.0008003200513,       0.127866627,                 0,       64.27176964
          0,           0,         397,      -10.76280837,      -11.62015863,      -11.27572535,      -10.21250612,             0.448,    0.001989266165,      0.1278536569,                 0,                 0,                 0,    -0.02506815865,  -0.0008003200526,      0.1278666268,                 0,       64.27176973
          0,           0,         398,      -10.77724338,      -11.63909756,      -11.28576967,      -10.22684965,             0.448,    0.001989266159,      0.1278536567,                 0,                 0,                 0,    -0.02506815868,  -0.0008003200538,      0.1278666266,                 0,       64.27176981
          0,           0,         399,      -10.79177176,       -11.6569563,      -11.29614697,      -10.24128195,             0.448,    0.001989266154,      0.1278536565,                 0,                 0,                 0,     -0.0250681587,  -0.0008003200549,      0.1278666264,                 0,       64.27176988
          0,           0,         400,      -10.80640623,      -11.67368788,      -11.30689559,      -10.25581772,             0.448,    0.001989266149,      0.1278536563,                 0,                 0,                 0,    -0.02506815873,  -0.0008003200558,      0.1278666262,                 0,       64.27176995
          0,           0,         401,      -10.82115787,      -11.68932395,      -11.31804987,      -10.27047038,             0.448,    0.001989266145,      0.1278536561,                 0,                 0,                 0,    -0.02506815875,  -0.0008003200565,       0.127866626,                 0,       64.27177001
          0,           0,         402,       -10.8360355,      -11.70396774,      -11.32964118,      -10.28525133,             0.448,    0.001989266141,       0.127853656,                 0,                 0,                 0,    -0.02506815877,  -0.0008003200569,      0.1278666259,                 0,       64.27177005
          0,           0,         403,      -10.85104493,      -11.71777434,      -11.34169839,      -10.30016921,             0.448,    0.001989266137,      0.1278536558,                 0,                 0,                 0,    -0.02506815879,   -0.000800320057,      0.1278666257,                 0,       64.27177009
          0,           0,         404,      -10.86618855,       -11.7309229,      -11.35424852,       -10.3152291,             0.448,    0.001989266134,      0.1278536557,                 0,                 0,                 0,    -0.02506815881,  -0.0008003200568,      0.1278666256,                 0,       64.27177011
          0,           0,         405,      -10.88146509,       -11.7436019,      -11.36731686,      -10.33043241,             0.448,    0.001989266132,      0.1278536555,                 0,                 0,                 0,    -0.02506815882,  -0.0008003200563,      0.1278666254,                 0,       64.27177012
          0,           0,         406,      -10.89686967,       -11.7559885,      -11.38092645,      -10.34577666,             0.448,     0.00198926613,      0.1278536554,                 0,                 0,                 0,    -0.02506815883,  -0.0008003200555,      0.1278666253,                 0,       64.27177012
          0,           0,         407,      -10.91239408,      -11.76822023,      -11.39509809,       -10.3612556,             0.448,    0.001989266128,      0.1278536553,                 0,                 0,                 0,    -0.02506815883,  -0.0008003200543,      0.1278666252,                 0,        64.2717701
          0,           0,         408,      -10.92802707,      -11.78040086,      -11.40984967,      -10.37685953,             0.448,    0.001989266128,      0.1278536552,                 0,                 0,                 0,    -0.02506815883,  -0.0008003200528,      0.1278666251,                 0,       64.27177008
          0,           0,         409,      -10.94375501,      -11.79258886,      -11.42519506,      -10.39257578,             0.448,    0.001989266128,      0.1278536551,                 0,                 0,                 0,    -0.02506815883,  -0.0008003200509,       0.127866625,                 0,       64.27177003
          0,           0,         410,      -10.95956253,      -11.80479742,      -11.44114366,      -10.40838934,             0.448,    0.001989266128,       0.127853655,                 0,                 0,                 0,    -0.02506815882,  -0.0008003200488,      0.1278666249,                 0,       64.27176998
          0,           0,         411,      -10.97543315,      -11.81700688,      -11.45769938,      -10.42428347,             0.448,    0.001989266129,       0.127853655,                 0,                 0,                 0,    -0.02506815881,  -0.0008003200465,      0.1278666249,                 0,       64.27176992
          0,           0,         412,         -10.99135,      -11.82916859,      -11.47485959,      -10.44024049,             0.448,    0.001989266131,      0.1278536549,                 0,                 0,                 0,    -0.02506815879,  -0.0008003200439,      0.1278666248,                 0,       64.27176984
          0,           0,         413,      -11.00729638,      -11.84121647,       -11.4926145,      -10.45624223,             0.448,    0.001989266133,      0.1278536549,                 0,                 0,                 0,    -0.02506815877,  -0.0008003200412,      0.1278666248,                 0,       64.27176976
          0,           0,         414,      -11.02325629,      -11.85308579,      -11.51094597,      -10.47227089,             0.448,    0.001989266135,      0.1278536549,                 0,                 0,                 0,    -0.02506815874,  -0.0008003200383,      0.1278666248,                 0,       64.27176967
          0,           0,         415,      -11.03921471,      -11.86471942,      -11.52982715,      -10.48830915,             0.448,    0.001989266138,      0.1278536549,                 0,                 0,                 0,    -0.02506815871,  -0.0008003200353,      0.1278666248,                 0,       64.27176957
          0,           0,         416,      -11.05515778,      -11.87608367,      -11.54922088,      -10.50434073,             0.448,    0.001989266142,      0.1278536549,                 0,                 0,                 0,    -0.02506815868,  -0.0008003200322,      0.1278666248,                 0,       64.27176947
          0,           0,         417,      -11.07107271,      -11.88717404,      -11.56908014,      -10.52035024,             0.448,    0.001989266145,      0.1278536549,                 0,                 0,                 0,    -0.02506815864,  -0.0008003200291,      0.1278666248,                 0,       64.27176937
          0,           0,         418,      -11.08694764,      -11.89802715,       -11.5893465,      -10.53632336,             0.448,    0.001989266149,      0.1278536549,                 0,                 0,                 0,     -0.0250681586,  -0.0008003200259,      0.1278666248,                 0,       64.27176926
          0,           0,         419,       -11.1027713,      -11.90871012,      -11.60995051,      -10.55224642,             0.448,    0.001989266154,       0.127853655,                 0,                 0,                 0,    -0.02506815856,  -0.0008003200229,      0.1278666249,                 0,       64.27176915
          0,           0,         420,      -11.11853256,      -11.91932497,      -11.63081064,      -10.56810617,             0.448,    0.001989266158,      0.1278536551,                 0,                 0,                 0,    -0.02506815852,  -0.0008003200199,       0.127866625,                 0,       64.27176904
          0,           0,         421,      -11.13421999,      -11.93000461,      -11.65183474,      -10.58388943,             0.448,    0.001989266162,      0.1278536551,                 0,                 0,                 0,    -0.02506815848,   -0.000800320017,       0.127866625,                 0,       64.27176893
          0,           0,         422,      -11.14982155,      -11.94088877,       -11.6729187,      -10.59958267,             0.448,    0.001989266167,      0.1278536552,                 0,                 0,                 0,    -0.02506815844,  -0.0008003200143,      0.1278666251,                 0,       64.27176883
          0,           0,         423,       -11.1653243,      -11.95213647,       -11.6939506,      -10.61517196,             0.448,    0.001989266172,      0.1278536553,                 0,                 0,                 0,    -0.02506815839,  -0.0008003200117,      0.1278666252,                 0,       64.27176872
          0,           0,         424,      -11.18071445,      -11.96389266,       -11.7148098,      -10.63064264,             0.448,    0.001989266176,      0.1278536554,                 0,                 0,                 0,    -0.02506815835,  -0.0008003200094,      0.1278666253,                 0,       64.27176863
          0,           0,         425,      -11.19597759,       -11.9762946,      -11.73537046,      -10.64597979,             0.448,    0.001989266181,      0.1278536555,                 0,                 0,                 0,    -0.02506815831,  -0.0008003200073,      0.1278666254,                 0,       64.27176854
          0,           0,         426,      -11.21109909,      -11.98945776,      -11.75550731,      -10.66116847,             0.448,    0.001989266185,      0.1278536556,                 0,                 0,                 0,    -0.02506815827,  -0.0008003200054,      0.1278666256,                 0,       64.27176845
          0,           0,         427,      -11.22606491,      -12.00347588,      -11.77509783,      -10.67619437,             0.448,     0.00198926619,      0.1278536558,                 0,                 0,                 0,    -0.02506815823,  -0.0008003200038,      0.1278666257,                 0,       64.27176837
          0,           0,         428,      -11.24086244,      -12.01840176,      -11.79402844,       -10.6910447,             0.448,    0.001989266194,      0.1278536559,                 0,                 0,                 0,    -0.02506815819,  -0.0008003200024,      0.1278666258,                 0,        64.2717683
          0,           0,         429,      -11.25548154,      -12.03426651,      -11.81219774,      -10.70570909,             0.448,    0.001989266198,       0.127853656,                 0,                 0,                 0,    -0.02506815816,  -0.0008003200013,      0.1278666259,                 0,       64.27176824
          0,           0,         430,      -11.26991547,      -12.05104931,      -11.82952591,      -10.72018064,             0.448,    0.001989266201,      0.1278536561,                 0,                 0,                 0,    -0.02506815813,  -0.0008003200004,      0.1278666261,                 0,       64.27176819
          0,           0,         431,      -11.28416201,      -12.06869833,      -11.84595388,       -10.7344567,             0.448,    0.001989266205,      0.1278536563,                 0,                 0,                 0,     -0.0250681581,  -0.0008003199998,      0.1278666262,                 0,       64.27176814
          0,           0,         432,       -11.2982239,      -12.08712808,      -11.86144827,      -10.74853966,             0.448,    0.001989266208,      0.1278536564,                 0,                 0,                 0,    -0.02506815807,  -0.0008003199994,      0.1278666263,                 0,        64.2717681
          0,           0,         433,       -11.3121098,      -12.10620711,      -11.87600362,      -10.76243793,             0.448,    0.001989266211,      0.1278536565,                 0,                 0,                 0,    -0.02506815805,  -0.0008003199992,      0.1278666264,                 0,       64.27176807
          0,           0,         434,      -11.32583407,      -12.12577764,      -11.88964065,      -10.77616544,             0.448,    0.001989266213,      0.1278536567,                 0,                 0,                 0,    -0.02506815803,  -0.0008003199992,      0.1278666266,                 0,       64.27176805
          0,           0,         435,      -11.33941625,      -12.14566087,      -11.90240534,      -10.78974142,             0.448,    0.001989266216,      0.1278536568,                 0,                 0,                 0,    -0.02506815801,  -0.0008003199994,      0.1278666267,                 0,       64.27176803
          0,           0,         436,      -11.35288142,      -12.16565397,      -11.91436261,      -10.80319077,             0.448,    0.001989266218,      0.1278536569,                 0,                 0,                 0,      -0.025068158,  -0.0008003199998,      0.1278666268,                 0,       64.27176802
          0,           0,         437,      -11.36625827,      -12.18556832,      -11.92559677,      -10.81654209,             0.448,     0.00198926622,       0.127853657,                 0,                 0,                 0,    -0.02506815799,  -0.0008003200003,      0.1278666269,                 0,       64.27176801
          0,           0,         438,      -11.37957864,      -12.20519939,      -11.93620545,      -10.82982751,             0.448,    0.001989266222,      0.1278536571,                 0,                 0,                 0,    -0.02506815798,  -0.0008003200009,       0.127866627,                 0,       64.27176801
          0,           0,         439,      -11.39287582,      -12.22439196,      -11.94628994,      -10.84308062,             0.448,    0.001989266223,      0.1278536572,                 0,                 0,                 0,    -0.02506815797,  -0.0008003200016,      0.1278666271,                 0,       64.27176801
          0,           0,         440,      -11.40618353,      -12.24301457,      -11.95596135,      -10.85633578,             0.448,    0.001989266225,      0.1278536573,                 0,                 0,                 0,    -0.02506815796,  -0.0008003200024,      0.1278666272,                 0,       64.27176802
          0,           0,         441,      -11.41953448,      -12.26098971,      -11.96532638,      -10.86962669,             0.448,    0.001989266226,      0.1278536574,                 0,                 0,                 0,    -0.02506815796,  -0.0008003200032,      0.1278666273,                 0,       64.27176802
          0,           0,         442,      -11.43295891,       -12.2782873,      -11.97449113,      -10.88298458,             0.448,    0.001989266227,      0.1278536575,                 0,                 0,                 0,    -0.02506815796,  -0.0008003200041,      0.1278666274,                 0,       64.27176804
          0,           0,         443,      -11.44648412,      -12.29493668,       -11.9835564,      -10.89643825,             0.448,    0.001989266228,      0.1278536576,                 0,                 0,                 0,    -0.02506815796,   -0.000800320005,      0.1278666275,                 0,       64.27176805
          0,           0,         444,      -11.46013311,      -12.31099287,      -11.99261629,      -10.91001192,             0.448,    0.001989266228,      0.1278536576,                 0,                 0,                 0,    -0.02506815796,  -0.0008003200058,      0.1278666275,                 0,       64.27176806
          0,           0,         445,      -11.47392455,      -12.32655695,      -12.00175863,      -10.92372592,             0.448,    0.001989266229,      0.1278536577,                 0,                 0,                 0,    -0.02506815796,  -0.0008003200067,      0.1278666276,                 0,       64.27176808
          0,           0,         446,      -11.48787185,      -12.34175351,      -12.01106121,      -10.93759522,             0.448,     0.00198926623,      0.1278536578,                 0,                 0,                 0,    -0.02506815796,  -0.0008003200076,      0.1278666277,                 0,       64.27176809
          0,           0,         447,      -11.50198374,      -12.35669399,      -12.02059615,      -10.95162995,             0.448,     0.00198926623,      0.1278536578,                 0,                 0,                 0,    -0.02506815796,  -0.0008003200084,      0.1278666277,                 0,        64.2717681
          0,           0,         448,      -11.51626394,      -12.37150414,      -12.03042541,      -10.96583518,             0.448,     0.00198926623,      0.1278536579,                 0,                 0,                 0,    -0.02506815797,  -0.0008003200092,      0.1278666278,                 0,       64.27176812
          0,           0,         449,      -11.53071194,      -12.38626869,      -12.04060415,      -10.98021181,             0.448,    0.001989266231,      0.1278536579,                 0,                 0,                 0,    -0.02506815797,  -0.0008003200099,      0.1278666278,                 0,       64.27176813
          0,           0,         450,      -11.54532299,      -12.40105358,      -12.05117945,      -10.99475611,             0.448,    0.001989266231,       0.127853658,                 0,                 0,                 0,    -0.02506815797,  -0.0008003200106,      0.1278666279,                 0,       64.27176815
          0,           0,         451,      -11.56008948,      -12.41590048,      -12.06219266,      -11.00946147,             0.448,    0.001989266231,       0.127853658,                 0,                 0,                 0,    -0.02506815798,  -0.0008003200112,      0.1278666279,                 0,       64.27176816
          0,           0,         452,      -11.57500074,      -12.43081004,      -12.07367577,      -11.02431793,             0.448,    0.001989266231,      0.1278536581,                 0,                 0,                 0,    -0.02506815798,  -0.0008003200118,       0.127866628,                 0,       64.27176817
          0,           0,         453,      -11.59004484,      -12.44574685,      -12.08565707,      -11.03931392,             0.448,    0.001989266231,      0.1278536581,                 0,                 0,                 0,    -0.02506815798,  -0.0008003200124,       0.127866628,                 0,       64.27176818
          0,           0,         454,      -11.60520798,      -12.46065915,      -12.09815774,      -11.05443633,             0.448,    0.001989266232,      0.1278536581,                 0,                 0,                 0,    -0.02506815799,  -0.0008003200129,       0.127866628,                 0,       64.27176819
          0,           0,         455,      -11.62047629,      -12.47547676,      -12.11119274,      -11.06967134,             0.448,    0.001989266232,      0.1278536581,                 0,                 0,                 0,    -0.02506815799,  -0.0008003200134,       0.127866628,                 0,        64.2717682
          0,           0,         456,      -11.63583588,      -12.49011185,      -12.12477208,      -11.08500534,             0.448,    0.001989266232,      0.1278536582,                 0,                 0,                 0,    -0.02506815799,  -0.0008003200138,      0.1278666281,                 0,       64.27176821
          0,           0,         457,      -11.65127333,      -12.50446395,      -12.13890219,      -11.10042481,             0.448,    0.001989266232,      0.1278536582,                 0,                 0,                 0,      -0.025068158,  -0.0008003200142,      0.1278666281,                 0,       64.27176822
          0,           0,         458,      -11.66677557,      -12.51848843,      -12.15358328,      -11.11591692,             0.448,    0.001989266232,      0.1278536582,                 0,                 0,                 0,      -0.025068158,  -0.0008003200145,      0.1278666281,                 0,       64.27176823
          0,           0,         459,      -11.68233072,      -12.53210582,      -12.16881206,       -11.1314697,             0.448,    0.001989266232,      0.1278536582,                 0,                 0,                 0,      -0.025068158,  -0.0008003200148,      0.1278666281,                 0,       64.27176824
          0,           0,         460,       -11.6979275,      -12.54528447,      -12.18458186,      -11.14707197,             0.448,    0.001989266232,      0.1278536582,                 0,                 0,                 0,      -0.025068158,  -0.0008003200151,      0.1278666281,                 0,       64.27176824
          0,           0,         461,      -11.71355561,      -12.55802431,      -12.20088157,      -11.16271353,             0.448,    0.001989266232,      0.1278536582,                 0,                 0,                 0,    -0.02506815801,  -0.0008003200154,      0.1278666281,                 0,       64.27176825
          0,           0,         462,      -11.72920522,      -12.57035081,      -12.21769671,      -11.17838454,             0.448,    0.001989266232,      0.1278536582,                 0,                 0,                 0,    -0.02506815801,  -0.0008003200157,      0.1278666281,                 0,       64.27176826
          0,           0,         463,      -11.74486628,      -12.58231603,      -12.23500857,      -11.19407519,             0.448,    0.001989266231,      0.1278536582,                 0,                 0,                 0,    -0.02506815801,   -0.000800320016,      0.1278666282,                 0,       64.27176827
          0,           0,         464,      -11.76052921,      -12.59400853,      -12.25279551,       -11.2097758,             0.448,    0.001989266231,      0.1278536583,                 0,                 0,                 0,    -0.02506815801,  -0.0008003200162,      0.1278666282,                 0,       64.27176827
          0,           0,         465,       -11.7761841,       -12.6055184,      -12.27103082,       -11.2254767,             0.448,    0.001989266231,      0.1278536583,                 0,                 0,                 0,    -0.02506815801,  -0.0008003200165,      0.1278666282,                 0,       64.27176828
          0,           0,         466,      -11.79181998,      -12.61697192,      -12.28968446,      -11.24116675,             0.448,    0.001989266231,      0.1278536583,                 0,                 0,                 0,    -0.02506815802,  -0.0008003200168,      0.1278666282,                 0,       64.27176829
          0,           0,         467,      -11.80742592,       -12.6284622,      -12.30872035,      -11.25683499,             0.448,    0.001989266231,      0.1278536583,                 0,                 0,                 0,    -0.02506815802,   -0.000800320017,      0.1278666282,                 0,        64.2717683
          0,           0,         468,      -11.82298983,      -12.64009679,      -12.32809768,      -11.27246873,             0.448,     0.00198926623,      0.1278536583,                 0,                 0,                 0,    -0.02506815802,  -0.0008003200173,      0.1278666282,                 0,       64.27176831
          0,           0,         469,      -11.83849942,      -12.65197175,      -12.34776802,      -11.28805504,             0.448,     0.00198926623,      0.1278536583,                 0,                 0,                 0,    -0.02506815802,  -0.0008003200176,      0.1278666282,                 0,       64.27176832
          0,           0,         470,      -11.85394173,      -12.66416184,      -12.36767696,      -11.30358021,             0.448,     0.00198926623,      0.1278536583,                 0,                 0,                 0,    -0.02506815803,  -0.0008003200179,      0.1278666282,                 0,       64.27176833
          0,           0,         471,      -11.86930428,      -12.67672236,      -12.38776177,      -11.31903081,             0.448,    0.001989266229,      0.1278536582,                 0,                 0,                 0,    -0.02506815803,  -0.0008003200182,      0.1278666282,                 0,       64.27176834
          0,           0,         472,      -11.88457465,      -12.68969648,      -12.40795047,      -11.33439278,             0.448,    0.001989266229,      0.1278536582,                 0,                 0,                 0,    -0.02506815803,  -0.0008003200185,      0.1278666281,                 0,       64.27176835
          0,           0,         473,      -11.89974166,       -12.7031109,      -12.42816425,      -11.34965337,             0.448,    0.001989266228,      0.1278536582,                 0,                 0,                 0,    -0.02506815804,  -0.0008003200188,      0.1278666281,                 0,       64.27176836
          0,           0,         474,      -11.91479531,      -12.71697116,      -12.44831422,      -11.36480093,             0.448,    0.001989266228,      0.1278536582,                 0,                 0,                 0,    -0.02506815804,  -0.0008003200191,      0.1278666281,                 0,       64.27176837
          0,           0,         475,       -11.9297278,      -12.73129219,      -12.46830297,      -11.37982573,             0.448,    0.001989266227,      0.1278536582,                 0,                 0,                 0,    -0.02506815805,  -0.0008003200194,      0.1278666281,                 0,       64.27176839
          0,           0,         476,      -11.94453309,      -12.74603925,      -12.48802769,      -11.39471963,             0.448,    0.001989266227,      0.1278536582,                 0,                 0,                 0,    -0.02506815805,  -0.0008003200197,      0.1278666281,                 0,        64.2717684
          0,           0,         477,      -11.95920753,      -12.76120102,       -12.5073791,      -11.40947701,             0.448,    0.001989266226,      0.1278536582,                 0,                 0,                 0,    -0.02506815805,    -0.00080032002,      0.1278666281,                 0,       64.27176841
          0,           0,         478,      -11.97375094,      -12.77676455,      -12.52624971,      -11.42409598,             0.448,    0.001989266225,      0.1278536582,                 0,                 0,                 0,    -0.02506815806,  -0.0008003200203,      0.1278666281,                 0,       64.27176842
          0,           0,         479,      -11.98816445,      -12.79269694,      -12.54452883,      -11.43857544,             0.448,    0.001989266225,      0.1278536582,                 0,                 0,                 0,    -0.02506815806,  -0.0008003200206,      0.1278666281,                 0,       64.27176843
          0,           0,         480,      -12.00245241,      -12.80899154,      -12.56211882,      -11.45291829,             0.448,    0.001989266224,      0.1278536581,                 0,                 0,                 0,    -0.02506815807,  -0.0008003200209,      0.1278666281,                 0,       64.27176845
          0,           0,         481,      -12.01662093,      -12.82563354,      -12.57893152,      -11.46712923,             0.448,    0.001989266224,      0.1278536581,                 0,                 0,                 0,    -0.02506815807,  -0.0008003200212,       0.127866628,                 0,       64.27176846
          0,           0,         482,      -12.03067778,      -12.84261223,      -12.59489302,      -11.48121506,             0.448,    0.001989266223,      0.1278536581,                 0,                 0,                 0,    -0.02506815808,  -0.0008003200214,       0.127866628,                 0,       64.27176847
          0,           0,         483,      -12.04463287,      -12.85995158,      -12.60995675,      -11.49518502,             0.448,    0.001989266223,      0.1278536581,                 0,                 0,                 0,    -0.02506815808,  -0.0008003200216,       0.127866628,                 0,       64.27176848
          0,           0,         484,      -12.05849756,      -12.87765147,      -12.62410376,      -11.50905042,             0.448,    0.001989266222,      0.1278536581,                 0,                 0,                 0,    -0.02506815809,  -0.0008003200218,       0.127866628,                 0,       64.27176849
          0,           0,         485,      -12.07228263,      -12.89569586,      -12.63733554,      -11.52282177,             0.448,    0.001989266221,      0.1278536581,                 0,                 0,                 0,    -0.02506815809,   -0.000800320022,       0.127866628,                 0,        64.2717685
          0,           0,         486,      -12.08600174,      -12.91409833,      -12.64968714,      -11.53651384,             0.448,    0.001989266221,       0.127853658,                 0,                 0,                 0,    -0.02506815809,  -0.0008003200221,       0.127866628,                 0,       64.27176851
          0,           0,         487,      -12.09966749,      -12.93286442,      -12.66121776,      -11.55013994,             0.448,     0.00198926622,       0.127853658,                 0,                 0,                 0,     -0.0250681581,  -0.0008003200222,      0.1278666279,                 0,       64.27176851
          0,           0,         488,       -12.1132929,      -12.95201044,      -12.67200817,      -11.56371423,             0.448,     0.00198926622,       0.127853658,                 0,                 0,                 0,     -0.0250681581,  -0.0008003200223,      0.1278666279,                 0,       64.27176852
          0,           0,         489,      -12.12689206,      -12.97146716,      -12.68215759,      -11.57725237,             0.448,     0.00198926622,       0.127853658,                 0,                 0,                 0,    -0.02506815811,  -0.0008003200224,      0.1278666279,                 0,       64.27176853
          0,           0,         490,      -12.14047812,       -12.9912114,      -12.69177774,      -11.59076926,             0.448,    0.001989266219,       0.127853658,                 0,                 0,                 0,    -0.02506815811,  -0.0008003200224,      0.1278666279,                 0,       64.27176853
          0,           0,         491,      -12.15406535,      -13.01116367,      -12.70099068,      -11.60428053,             0.448,    0.001989266219,       0.127853658,                 0,                 0,                 0,    -0.02506815811,  -0.0008003200225,      0.1278666279,                 0,       64.27176853
          0,           0,         492,      -12.16766609,       -13.0313051,      -12.70991627,      -11.61780058,             0.448,    0.001989266218,      0.1278536579,                 0,                 0,                 0,    -0.02506815811,  -0.0008003200225,      0.1278666279,                 0,       64.27176854
          0,           0,         493,      -12.18129481,      -13.05146217,      -12.71866992,      -11.63134507,             0.448,    0.001989266218,      0.1278536579,                 0,                 0,                 0,    -0.02506815812,  -0.0008003200224,      0.1278666278,                 0,       64.27176854
          0,           0,         494,       -12.1949669,      -13.07146157,      -12.72737105,      -11.64493134,             0.448,    0.001989266218,      0.1278536579,                 0,                 0,                 0,    -0.02506815812,  -0.0008003200224,      0.1278666278,                 0,       64.27176854
          0,           0,         495,      -12.20869324,      -13.09125018,      -12.73612303,      -11.65857131,             0.448,    0.001989266218,      0.1278536579,                 0,                 0,                 0,    -0.02506815812,  -0.0008003200223,      0.1278666278,                 0,       64.27176854
          0,           0,         496,      -12.22248982,      -13.11060465,      -12.74501902,      -11.67228277,             0.448,    0.001989266217,      0.1278536579,                 0,                 0,                 0,    -0.02506815812,  -0.0008003200222,      0.1278666278,                 0,       64.27176854
          0,           0,         497,      -12.23636969,      -13.12930268,      -12.75414931,      -11.68607966,             0.448,    0.001989266217,      0.1278536579,                 0,                 0,                 0,    -0.02506815812,  -0.0008003200221,      0.1278666278,                 0,       64.27176854
          0,           0,         498,      -12.25034546,      -13.14723578,      -12.76358552,      -11.69997578,             0.448,    0.001989266217,      0.1278536579,                 0,                 0,                 0,    -0.02506815812,   -0.000800320022,      0.1278666278,                 0,       64.27176854
          0,           0,         499,      -12.26442971,      -13.16427065,      -12.77338566,      -11.71398452,             0.448,    0.001989266217,      0.1278536579,                 0,                 0,                 0,    -0.02506815812,  -0.0008003200219,      0.1278666278,                 0,       64.27176854
          0,           0,         500,      -12.27863404,      -13.18019699,      -12.78361206,      -11.72811906,             0.448,    0.001989266217,      0.1278536578,                 0,                 0,                 0,    -0.02506815812,  -0.0008003200218,      0.1278666277,                 0,       64.27176854
          0,           0,         501,      -12.29296735,      -13.19505068,      -12.79430655,      -11.74238794,             0.448,    0.001989266217,      0.1278536578,                 0,                 0,                 0,    -0.02506815812,  -0.0008003200216,      0.1278666277,                 0,       64.27176853
          0,           0,         502,      -12.30743818,      -13.20884685,      -12.80550262,      -11.75680132,             0.448,    0.001989266217,      0.1278536578,                 0,                 0,                 0,    -0.02506815812,  -0.0008003200215,      0.1278666277,                 0,       64.27176853
          0,           0,         503,      -12.32205397,      -13.22139934,      -12.81723397,      -11.77136717,             0.448,    0.001989266217,      0.1278536578,                 0,                 0,                 0,    -0.02506815812,  -0.0008003200213,      0.1278666277,                 0,       64.27176853
          0,           0,         504,      -12.33681496,      -13.23310675,      -12.82951551,      -11.78608581,             0.448,    0.001989266217,      0.1278536578,                 0,                 0,                 0,    -0.02506815812,  -0.0008003200212,      0.1278666277,                 0,       64.27176852
          0,           0,         505,      -12.35172392,      -13.24386793,      -12.84236819,      -11.80096147,             0.448,    0.001989266217,      0.1278536578,                 0,                 0,                 0,    -0.02506815812,  -0.0008003200211,      0.1278666277,                 0,       64.27176852
          0,           0,         506,      -12.36677793,      -13.25398214,      -12.85580124,      -11.81599131,             0.448,    0.001989266217,      0.1278536578,                 0,                 0,                 0,    -0.02506815812,  -0.0008003200209,      0.1278666277,                 0,       64.27176852
          0,           0,         507,      -12.38197208,       -13.2636019,      -12.86981987,      -11.83117042,             0.448,    0.001989266217,      0.1278536578,                 0,                 0,                 0,    -0.02506815812,  -0.0008003200208,      0.1278666277,                 0,       64.27176851
          0,           0,         508,      -12.39729684,      -13.27287059,      -12.88442757,      -11.84649069,             0.448,    0.001989266217,      0.1278536578,                 0,                 0,                 0,    -0.02506815812,  -0.0008003200206,      0.1278666277,                 0,       64.27176851
          0,           0,         509,      -12.41274133,      -13.28199065,      -12.89962341,      -11.86194069,             0.448,    0.001989266217,      0.1278536578,                 0,                 0,                 0,    -0.02506815812,  -0.0008003200205,      0.1278666277,                 0,       64.27176851
          0,           0,         510,      -12.42828956,      -13.29110751,      -12.91539747,      -11.87750422,             0.448,    0.001989266217,      0.1278536578,                 0,                 0,                 0,    -0.02506815812,  -0.0008003200204,      0.1278666277,                 0,        64.2717685
          0,           0,         511,      -12.44392653,      -13.30029991,      -12.93174164,       -11.8931664,             0.448,    0.001989266217,      0.1278536578,                 0,                 0,                 0,    -0.02506815812,  -0.0008003200203,      0.1278666277,                 0,        64.2717685
          0,           0,         512,      -12.45963009,      -13.30977924,       -12.9486416,      -11.90890633,             0.448,    0.001989266217,      0.1278536578,                 0,                 0,                 0,    -0.02506815812,  -0.0008003200202,      0.1278666277,                 0,        64.2717685
          0,           0,         513,      -12.47537968,      -13.31952981,      -12.96607664,        -11.924701,             0.448,    0.001989266217,      0.1278536578,                 0,                 0,                 0,    -0.02506815811,  -0.0008003200201,      0.1278666277,                 0,        64.2717685
          0,           0,         514,      -12.49115354,      -13.32966725,      -12.98402336,        -11.940529,             0.448,    0.001989266217,      0.1278536578,                 0,                 0,                 0,    -0.02506815811,    -0.00080032002,      0.1278666277,                 0,       64.27176849
          0,           0,         515,      -12.50692823,       -13.3402055,      -13.00245469,      -11.95636663,             0.448,    0.001989266217,      0.1278536578,                 0,                 0,                 0,    -0.02506815811,  -0.0008003200199,      0.1278666277,                 0,       64.27176849
          0,           0,         516,      -12.52268069,      -13.35117497,      -13.02133308,      -11.97218931,             0.448,    0.001989266217,      0.1278536578,                 0,                 0,                 0,    -0.02506815811,  -0.0008003200198,      0.1278666277,                 0,       64.27176849
          0,           0,         517,      -12.53838753,      -13.36250862,      -13.04061702,      -11.98797245,             0.448,    0.001989266217,      0.1278536578,                 0,                 0,                 0,    -0.02506815811,  -0.0008003200198,      0.1278666277,                 0,       64.27176848
          0,           0,         518,      -12.55402893,      -13.37424466,      -13.06025516,      -12.00369572,             0.448,    0.001989266217,      0.1278536578,                 0,                 0,                 0,    -0.02506815811,  -0.0008003200197,      0.1278666277,                 0,       64.27176848
          0,           0,         519,       -12.5695844,      -13.38634709,      -13.08019182,      -12.01933617,             0.448,    0.001989266217,      0.1278536578,                 0,                 0,                 0,    -0.02506815811,  -0.0008003200196,      0.1278666277,                 0,       64.27176848
          0,           0,         520,      -12.58503827,      -13.39892565,      -13.10036398,      -12.03487796,             0.448,    0.001989266218,      0.1278536578,                 0,                 0,                 0,    -0.02506815811,  -0.0008003200196,      0.1278666277,                 0,       64.27176848
          0,           0,         521,      -12.60037577,      -13.41173919,      -13.12069119,       -12.0503039,             0.448,    0.001989266218,      0.1278536578,                 0,                 0,                 0,    -0.02506815811,  -0.0008003200195,      0.1278666277,                 0,       64.27176848
          0,           0,         522,      -12.61558488,      -13.42492188,      -13.14109461,      -12.06560206,             0.448,    0.001989266218,      0.1278536578,                 0,                 0,                 0,    -0.02506815811,  -0.0008003200195,      0.1278666277,                 0,       64.27176847
          0,           0,         523,      -12.63065721,       -13.4384258,      -13.16148596,       -12.0807611,             0.448,    0.001989266218,      0.1278536578,                 0,                 0,                 0,    -0.02506815811,  -0.0008003200194,      0.1278666277,                 0,       64.27176847
          0,           0,         524,      -12.64558889,      -13.45227659,      -13.18176193,      -12.09577627,             0.448,    0.001989266218,      0.1278536578,                 0,                 0,                 0,    -0.02506815811,  -0.0008003200194,      0.1278666277,                 0,       64.27176847
          0,           0,         525,      -12.66037731,      -13.46635881,      -13.20183305,      -12.11064455,             0.448,    0.001989266218,      0.1278536578,                 0,                 0,                 0,     -0.0250681581,  -0.0008003200194,      0.1278666277,                 0,       64.27176847
          0,           0,         526,      -12.67502344,      -13.48094062,      -13.22157699,      -12.12536486,             0.448,    0.001989266218,      0.1278536578,                 0,                 0,                 0,     -0.0250681581,  -0.0008003200193,      0.1278666277,                 0,       64.27176847
          0,           0,         527,       -12.6895284,      -13.49573385,      -13.24088938,       -12.1399381,             0.448,    0.001989266218,      0.1278536578,                 0,                 0,                 0,     -0.0250681581,  -0.0008003200193,      0.1278666277,                 0,       64.27176847
          0,           0,         528,      -12.70390081,      -13.51103501,      -13.25966829,      -12.15437181,             0.448,    0.001989266218,      0.1278536578,                 0,                 0,                 0,     -0.0250681581,  -0.0008003200193,      0.1278666277,                 0,       64.27176847
          0,           0,         529,      -12.71814404,      -13.52673499,      -13.27781746,      -12.16866834,             0.448,    0.001989266218,      0.1278536578,                 0,                 0,                 0,     -0.0250681581,  -0.0008003200192,      0.1278666277,                 0,       64.27176846
          0,           0,         530,      -12.73227217,      -13.54280358,       -13.2952558,      -12.18284184,             0.448,    0.001989266218,      0.1278536578,                 0,                 0,                 0,     -0.0250681581,  -0.0008003200192,      0.1278666277,                 0,       64.27176846
          0,           0,         531,      -12.74628897,      -13.55928947,      -13.31191059,       -12.1968941,             0.448,    0.001989266218,      0.1278536578,                 0,                 0,                 0,     -0.0250681581,  -0.0008003200192,      0.1278666277,                 0,       64.27176846
          0,           0,         532,      -12.76020948,      -13.57628002,      -13.32771811,      -12.21084209,             0.448,    0.001989266218,      0.1278536578,                 0,                 0,                 0,     -0.0250681581,  -0.0008003200192,      0.1278666277,                 0,       64.27176846
          0,           0,         533,      -12.77404584,      -13.59381836,      -13.34265369,      -12.22469544,             0.448,    0.001989266219,      0.1278536578,                 0,                 0,                 0,     -0.0250681581,  -0.0008003200192,      0.1278666277,                 0,       64.27176846
          0,           0,         534,      -12.78780922,      -13.61183082,      -13.35672081,      -12.23846487,             0.448,    0.001989266219,      0.1278536578,                 0,                 0,                 0,     -0.0250681581,  -0.0008003200191,      0.1278666277,                 0,       64.27176846
          0,           0,         535,      -12.80151212,      -13.63038665,      -13.36991184,      -12.25216245,             0.448,    0.001989266219,      0.1278536578,                 0,                 0,                 0,     -0.0250681581,  -0.0008003200191,      0.1278666277,                 0,       64.27176846
          0,           0,         536,      -12.81517098,       -13.6492065,      -13.38228522,      -12.26580583,             0.448,    0.001989266219,      0.1278536578,                 0,                 0,                 0,     -0.0250681581,  -0.0008003200191,      0.1278666277,                 0,       64.27176846
          0,           0,         537,      -12.82879724,      -13.66860968,      -13.39388437,      -12.27940722,             0.448,    0.001989266219,      0.1278536578,                 0,                 0,                 0,     -0.0250681581,  -0.0008003200191,      0.1278666277,                 0,       64.27176846
          0,           0,         538,      -12.84240117,      -13.68835336,      -13.40480465,      -12.29297412,             0.448,    0.001989266219,      0.1278536578,                 0,                 0,                 0,     -0.0250681581,  -0.0008003200191,      0.1278666277,                 0,       64.27176845
          0,           0,         539,      -12.85600442,      -13.70842402,      -13.41512481,      -12.30653096,             0.448,    0.001989266219,      0.1278536578,                 0,                 0,                 0,     -0.0250681581,  -0.0008003200191,      0.1278666277,                 0,       64.27176845
          0,           0,         540,      -12.86961621,       -13.7287157,      -13.42492888,      -12.32008584,             0.448,    0.001989266219,      0.1278536578,                 0,                 0,                 0,     -0.0250681581,  -0.0008003200191,      0.1278666277,                 0,       64.27176845
          0,           0,         541,      -12.88325215,      -13.74913316,      -13.43434488,      -12.33365651,             0.448,    0.001989266219,      0.1278536578,                 0,                 0,                 0,     -0.0250681581,  -0.0008003200191,      0.1278666277,                 0,       64.27176845
          0,           0,         542,      -12.89692689,      -13.76954857,      -13.44345553,      -12.34725647,             0.448,    0.001989266219,      0.1278536578,                 0,                 0,                 0,     -0.0250681581,   -0.000800320019,      0.1278666277,                 0,       64.27176845
          0,           0,         543,       -12.9106495,      -13.79002754,      -13.45236143,      -12.36089763,             0.448,    0.001989266219,      0.1278536578,                 0,                 0,                 0,     -0.0250681581,   -0.000800320019,      0.1278666277,                 0,       64.27176845
          0,           0,         544,      -12.92443558,      -13.81038463,      -13.46117607,      -12.37459588,             0.448,    0.001989266219,      0.1278536578,                 0,                 0,                 0,     -0.0250681581,   -0.000800320019,      0.1278666277,                 0,       64.27176845
          0,           0,         545,      -12.93829705,      -13.83029634,      -13.47000765,      -12.38836452,             0.448,    0.001989266219,      0.1278536578,                 0,                 0,                 0,     -0.0250681581,   -0.000800320019,      0.1278666277,                 0,       64.27176845
          0,           0,         546,      -12.95224242,      -13.85011581,      -13.47891048,      -12.40221372,             0.448,    0.001989266219,      0.1278536578,                 0,                 0,                 0,     -0.0250681581,   -0.000800320019,      0.1278666277,                 0,       64.27176845
          0,           0,         547,      -12.96628008,      -13.86954308,      -13.48796617,      -12.41615571,             0.448,    0.001989266219,      0.1278536578,                 0,                 0,                 0,     -0.0250681581,   -0.000800320019,      0.1278666277,                 0,       64.27176845
          0,           0,         548,      -12.98042317,      -13.88825357,      -13.49727291,      -12.43020119,             0.448,    0.001989266219,      0.1278536578,                 0,                 0,                 0,     -0.0250681581,   -0.000800320019,      0.1278666277,                 0,       64.27176845
          0,           0,         549,       -12.9946735,      -13.90642525,      -13.50688131,      -12.44435529,             0.448,    0.001989266219,      0.1278536578,                 0,                 0,                 0,     -0.0250681581,  -0.0008003200191,      0.1278666277,                 0,       64.27176845
          0,           0,         550,      -13.00903626,      -13.92384596,      -13.51684995,      -12.45862453,             0.448,    0.001989266219,      0.1278536578,                 0,                 0,                 0,     -0.0250681581,  -0.0008003200191,      0.1278666277,                 0,       64.27176845
