"Time_Iter","Outer_Iter","Inner_Iter",    "rms[Rho]"    ,    "rms[RhoU]"   ,    "rms[RhoV]"   ,    "rms[RhoE]"   ,    "RefForce"    ,       "CD"       ,       "CL"       ,       "CSF"      ,       "CMx"      ,       "CMy"      ,       "CMz"      ,       "CFx"      ,       "CFy"      ,       "CFz"      ,      "CEff"      
          0,           0,           0,      -4.189450238,      -4.090381325,      -4.629866415,      -3.593063732,             0.448,     0.09733868485,      0.2333620926,                 0,                 0,                 0,     0.05871693395,     0.09222475366,      0.2354299909,                 0,       2.397423932
          0,           0,           1,      -4.431377191,      -4.277476779,      -4.313040519,      -3.828336371,             0.448,     0.07971712603,      0.2565990661,                 0,                 0,                 0,     0.04498462956,     0.07410047639,      0.2582770224,                 0,       3.218870008
          0,           0,           2,      -4.397991308,      -4.260394969,      -4.392874813,      -3.810208006,             0.448,     0.07697762513,      0.2670160051,                 0,                 0,                 0,     0.05027228512,     0.07113438309,      0.2686317206,                 0,       3.468748285
          0,           0,           3,      -4.365203054,      -4.293921592,      -4.426428068,      -3.780528506,             0.448,     0.07803633018,      0.2574553517,                 0,                 0,                 0,     0.05625757774,     0.07240140074,      0.2590964379,                 0,       3.299172977
          0,           0,           4,      -4.298950141,      -4.223389544,      -4.384711555,      -3.718795759,             0.448,     0.07761239063,      0.2549388377,                 0,                 0,                 0,     0.05631239761,     0.07203245955,      0.2565712746,                 0,       3.284769811
          0,           0,           5,      -4.271489468,      -4.194894188,      -4.377835613,      -3.700178184,             0.448,     0.07787229271,      0.2625350277,                 0,                 0,                 0,      0.0596962107,     0.07212658977,      0.2641713266,                 0,       3.371353514
          0,           0,           6,      -4.250971364,      -4.191384993,      -4.415650051,      -3.684269383,             0.448,      0.0776571484,      0.2624823965,                 0,                 0,                 0,     0.06036501768,      0.0719126448,      0.2641140145,                 0,       3.380015902
          0,           0,           7,      -4.210809907,      -4.119642033,      -4.422703605,      -3.642152917,             0.448,     0.07751140088,      0.2603702618,                 0,                 0,                 0,     0.06034227664,     0.07181300794,       0.261999203,                 0,       3.359122127
          0,           0,           8,      -4.184724327,      -4.080873214,      -4.413646681,      -3.616177628,             0.448,     0.07769228347,      0.2599550872,                 0,                 0,                 0,     0.06100197921,     0.07200290447,      0.2615880731,                 0,       3.345957611
          0,           0,           9,      -4.175481053,      -4.075544832,      -4.418201633,      -3.608111468,             0.448,     0.07790243667,       0.259567362,                 0,                 0,                 0,      0.0614627224,     0.07222146584,      0.2612050247,                 0,       3.331954341
          0,           0,          10,      -4.168860729,      -4.069390753,      -4.446959522,      -3.600793628,             0.448,      0.0781060845,      0.2588047625,                 0,                 0,                 0,     0.06171592341,     0.07244170123,      0.2604470492,                 0,        3.31350322
          0,           0,          11,      -4.170235538,      -4.066141251,      -4.474067523,      -3.601245345,             0.448,     0.07831175722,      0.2577876841,                 0,                 0,                 0,     0.06185909818,     0.07266951245,      0.2594346996,                 0,       3.291813301
          0,           0,          12,      -4.179159688,      -4.070102629,      -4.496324266,       -3.60987707,             0.448,     0.07851367943,      0.2566696435,                 0,                 0,                 0,     0.06195086131,     0.07289577653,        0.25832133,                 0,       3.269107312
          0,           0,          13,      -4.192905434,      -4.079026119,      -4.516672373,      -3.623053104,             0.448,      0.0787077371,      0.2556167579,                 0,                 0,                 0,     0.06208511747,      0.0731127566,      0.2572729283,                 0,       3.247670018
          0,           0,          14,      -4.212552392,      -4.093718789,      -4.538874548,      -3.641585077,             0.448,     0.07888348846,      0.2546849095,                 0,                 0,                 0,     0.06227736943,      0.0733087943,      0.2563451356,                 0,        3.22862128
          0,           0,          15,      -4.236295324,      -4.115508192,      -4.567638555,      -3.663973377,             0.448,     0.07902054477,      0.2538013717,                 0,                 0,                 0,     0.06245972259,     0.07346509228,      0.2554647979,                 0,       3.211840318
          0,           0,          16,      -4.263921135,      -4.143612467,      -4.597509768,      -3.690242223,             0.448,     0.07909948515,      0.2529432991,                 0,                 0,                 0,     0.06261543625,     0.07356273262,      0.2546086516,                 0,       3.197786921
          0,           0,          17,      -4.296887499,      -4.175943964,      -4.620004723,       -3.72228586,             0.448,     0.07910562331,      0.2520977986,                 0,                 0,                 0,     0.06273551943,     0.07358731382,      0.2537634862,                 0,       3.186850543
          0,           0,          18,      -4.334743778,      -4.211222266,      -4.636399192,      -3.759725796,             0.448,     0.07903476561,      0.2512652688,                 0,                 0,                 0,     0.06281725644,     0.07353463452,      0.2529296088,                 0,       3.179173961
          0,           0,          19,      -4.375478047,      -4.248946019,       -4.65515494,      -3.800409037,             0.448,      0.0788948412,      0.2504531324,                 0,                 0,                 0,      0.0628749266,     0.07341246008,      0.2521146133,                 0,       3.174518494
          0,           0,          20,      -4.416011447,      -4.289115428,      -4.683169794,      -3.841284127,             0.448,     0.07872119478,      0.2497588548,                 0,                 0,                 0,     0.06294410658,     0.07325400057,      0.2514167128,                 0,       3.172701526
          0,           0,          21,       -4.45920461,      -4.332681043,      -4.721249091,      -3.885164392,             0.448,     0.07851285912,      0.2490592194,                 0,                 0,                 0,     0.06296096192,     0.07306097695,       0.250712699,                 0,       3.172209268
          0,           0,          22,      -4.503147259,       -4.38050945,      -4.764681523,      -3.930072512,             0.448,     0.07828634399,      0.2483998547,                 0,                 0,                 0,     0.06294764046,     0.07284889969,      0.2500485498,                 0,       3.172965322
          0,           0,          23,      -4.549172025,      -4.432542765,       -4.80910868,      -3.977435062,             0.448,     0.07805901008,      0.2478705756,                 0,                 0,                 0,     0.06294356608,     0.07263316604,      0.2495144374,                 0,       3.175425557
          0,           0,          24,      -4.595675369,       -4.48817926,       -4.85149533,      -4.025474074,             0.448,     0.07783314542,      0.2474770314,                 0,                 0,                 0,      0.0629344345,     0.07241594026,      0.2491160597,                 0,       3.179584096
          0,           0,          25,      -4.639260118,       -4.54621999,      -4.888778255,      -4.070630765,             0.448,     0.07761308499,      0.2471498432,                 0,                 0,                 0,     0.06290549754,     0.07220306976,      0.2487841487,                 0,       3.184383705
          0,           0,          26,       -4.67566781,       -4.60486994,      -4.919954374,      -4.108477937,             0.448,     0.07740526474,      0.2468537329,                 0,                 0,                 0,     0.06284359456,     0.07200175858,      0.2484835754,                 0,       3.189107792
          0,           0,          27,      -4.700708856,      -4.662083438,      -4.946286547,      -4.134916339,             0.448,     0.07721083732,      0.2465483461,                 0,                 0,                 0,     0.06274188177,     0.07181403941,      0.2481740198,                 0,       3.193183168
          0,           0,          28,      -4.713379611,       -4.71636694,      -4.970945992,      -4.148951499,             0.448,     0.07703853478,      0.2462370733,                 0,                 0,                 0,     0.06260451974,     0.07164856825,      0.2478590623,                 0,       3.196284483
          0,           0,          29,      -4.716847383,      -4.767270084,      -4.997137875,      -4.153654504,             0.448,     0.07689613579,      0.2459212757,                 0,                 0,                 0,     0.06244010171,     0.07151309223,      0.2475402335,                 0,       3.198096669
          0,           0,          30,      -4.715929013,      -4.815390209,      -5.026630632,      -4.153750858,             0.448,     0.07678848615,      0.2456150113,                 0,                 0,                 0,     0.06225708572,     0.07141214934,      0.2472316936,                 0,       3.198591659
          0,           0,          31,      -4.716002798,      -4.861985628,      -5.059517271,      -4.154473449,             0.448,     0.07671722521,      0.2453416097,                 0,                 0,                 0,     0.06207341131,     0.07134686958,      0.2469568025,                 0,       3.197999002
          0,           0,          32,       -4.72051231,      -4.907618879,      -5.095033369,      -4.159264509,             0.448,     0.07668280497,      0.2450958956,                 0,                 0,                 0,     0.06189609702,     0.07131781775,       0.246710396,                 0,       3.196230181
          0,           0,          33,      -4.730285512,      -4.951349155,      -5.131456194,      -4.168933951,             0.448,     0.07668063766,      0.2448691558,                 0,                 0,                 0,     0.06173084092,     0.07132059727,      0.2464836628,                 0,       3.193363582
          0,           0,          34,      -4.746388286,       -4.99147456,      -5.166903903,      -4.184431577,             0.448,     0.07670768136,      0.2446773047,                 0,                 0,                 0,     0.06158676374,     0.07135181973,      0.2462924474,                 0,       3.189736678
          0,           0,          35,      -4.769637468,      -5.026671748,      -5.199719122,      -4.206696708,             0.448,     0.07675059251,      0.2444923269,                 0,                 0,                 0,     0.06145742643,     0.07139875595,      0.2461084497,                 0,       3.185543184
          0,           0,          36,      -4.807591714,      -5.060471892,      -5.232706708,      -4.244167598,             0.448,     0.07681987614,      0.2444202874,                 0,                 0,                 0,     0.06137970973,     0.07146959462,      0.2460379388,                 0,       3.181732381
          0,           0,          37,      -4.851138015,      -5.096965494,       -5.26586279,      -4.286800349,             0.448,     0.07689707568,      0.2443362732,                 0,                 0,                 0,      0.0612960752,     0.07154860855,      0.2459556286,                 0,        3.17744558
          0,           0,          38,      -4.898842457,      -5.133055713,      -5.300049349,       -4.33337788,             0.448,     0.07696954575,      0.2441954656,                 0,                 0,                 0,     0.06119639279,     0.07162413308,      0.2458164354,                 0,       3.172624486
          0,           0,          39,      -4.951518409,      -5.166436801,      -5.335864584,      -4.384574563,             0.448,     0.07703821677,      0.2440500559,                 0,                 0,                 0,     0.06111315269,     0.07169595984,      0.2456725584,                 0,       3.167908944
          0,           0,          40,      -5.008795633,       -5.19857264,      -5.372404838,      -4.440299445,             0.448,     0.07709813959,      0.2439104034,                 0,                 0,                 0,     0.06104658134,     0.07175891492,      0.2455342464,                 0,       3.163635396
          0,           0,          41,      -5.068407816,      -5.232441141,      -5.410515076,      -4.498819389,             0.448,     0.07714428953,      0.2437554326,                 0,                 0,                 0,     0.06098776151,     0.07180843454,      0.2453803192,                 0,       3.159733975
          0,           0,          42,      -5.125838529,      -5.270435466,      -5.450904468,      -4.556005645,             0.448,     0.07717574371,      0.2435930634,                 0,                 0,                 0,     0.06094022033,      0.0718434233,      0.2452186748,                 0,       3.156342287
          0,           0,          43,      -5.176571102,      -5.312996955,      -5.492276515,      -4.607731543,             0.448,     0.07719235393,      0.2434290071,                 0,                 0,                 0,     0.06090405111,     0.07186360844,      0.2450550199,                 0,       3.153537815
          0,           0,          44,      -5.217500288,      -5.359322044,       -5.53239369,      -4.650808821,             0.448,     0.07719435435,      0.2432663951,                 0,                 0,                 0,      0.0608778683,     0.07186915575,      0.2448924902,                 0,       3.151349566
          0,           0,          45,      -5.248912775,      -5.407476433,      -5.569715792,      -4.684811832,             0.448,     0.07718327873,      0.2431097112,                 0,                 0,                 0,     0.06086218151,      0.0718615008,       0.244735602,                 0,       3.149771754
          0,           0,          46,      -5.274410653,      -5.454814998,      -5.603229012,      -4.712562208,             0.448,      0.0771613093,      0.2429644594,                 0,                 0,                 0,     0.06085783712,     0.07184270525,      0.2445899055,                 0,       3.148786115
          0,           0,          47,      -5.298541001,      -5.498698143,      -5.633034067,       -4.73824979,             0.448,      0.0771308702,      0.2428348538,                 0,                 0,                 0,     0.06086451538,     0.07181510072,      0.2444596667,                 0,       3.148348426
          0,           0,          48,      -5.325103757,      -5.537554174,      -5.660452354,        -4.7656754,             0.448,     0.07709450133,      0.2427244582,                 0,                 0,                 0,     0.06088131946,     0.07178114878,       0.244348504,                 0,       3.148401689
          0,           0,          49,       -5.35552903,      -5.571523604,      -5.687236073,      -4.796395682,             0.448,     0.07705452288,      0.2426350866,                 0,                 0,                 0,     0.06090639575,     0.07174312947,      0.2442582816,                 0,       3.148875336
          0,           0,          50,      -5.389728838,      -5.602332794,      -5.714873967,      -4.830598835,             0.448,     0.07701323096,      0.2425678653,                 0,                 0,                 0,     0.06093779627,      0.0717033138,      0.2441901755,                 0,       3.149690803
          0,           0,          51,      -5.426059612,      -5.631905002,      -5.744164957,      -4.866942548,             0.448,     0.07697277546,      0.2425224894,                 0,                 0,                 0,      0.0609734013,      0.0716638578,      0.2441439278,                 0,       3.150756718
          0,           0,          52,      -5.461259065,      -5.661727074,      -5.775058743,       -4.90237314,             0.448,     0.07693506102,      0.2424983959,                 0,                 0,                 0,     0.06101144629,     0.07162667793,      0.2441190174,                 0,       3.151988089
          0,           0,          53,      -5.491868364,      -5.692551383,      -5.807120234,      -4.933536462,             0.448,     0.07690171359,      0.2424943516,                 0,                 0,                 0,     0.06105047042,     0.07159342666,      0.2441142465,                 0,       3.153302316
          0,           0,          54,      -5.515199537,      -5.724322713,       -5.83967109,      -4.957616686,             0.448,     0.07687392805,      0.2425080927,                 0,                 0,                 0,     0.06108901961,     0.07156534798,      0.2441273782,                 0,       3.154620803
          0,           0,          55,      -5.530822528,      -5.756168995,      -5.871805589,      -4.973904127,             0.448,      0.0768523853,      0.2425361706,                 0,                 0,                 0,     0.06112566391,     0.07154319784,      0.2441549795,                 0,       3.155870434
          0,           0,          56,      -5.540852957,      -5.786744501,      -5.902758392,      -4.984255868,             0.448,     0.07683730027,      0.2425751103,                 0,                 0,                 0,     0.06115916074,     0.07152726693,      0.2441935808,                 0,        3.15699679
          0,           0,          57,      -5.548841348,      -5.814521025,      -5.932064232,      -4.992137756,             0.448,     0.07682847946,      0.2426210476,                 0,                 0,                 0,     0.06118854309,      0.0715174461,      0.2442393148,                 0,       3.157957171
          0,           0,          58,      -5.558302587,       -5.83826481,       -5.95961191,      -5.001134514,             0.448,     0.07682541286,      0.2426703094,                 0,                 0,                 0,     0.06121308342,      0.0715133056,       0.244288498,                 0,       3.158724442
          0,           0,          59,       -5.57182731,      -5.857698139,      -5.985743211,      -5.013952093,             0.448,     0.07682734789,      0.2427198606,                 0,                 0,                 0,     0.06123233405,      0.0715141592,      0.2443380796,                 0,       3.159289853
          0,           0,          60,      -5.590955211,      -5.873669226,      -6.010899359,      -5.032225445,             0.448,      0.0768333793,      0.2427668635,                 0,                 0,                 0,      0.0612460976,     0.07151916382,      0.2443852029,                 0,         3.1596536
          0,           0,          61,      -5.616309273,      -5.887903974,      -6.035414983,      -5.056659711,             0.448,     0.07684255204,      0.2428092183,                 0,                 0,                 0,     0.06125447411,     0.07152741041,      0.2444277477,                 0,        3.15982762
          0,           0,          62,      -5.647584435,      -5.902381927,      -6.059473314,      -5.087040535,             0.448,     0.07685390707,      0.2428449205,                 0,                 0,                 0,     0.06125779517,      0.0715379839,      0.2444636892,                 0,       3.159825307
          0,           0,          63,      -5.683667203,       -5.91893012,      -6.083213112,      -5.122404961,             0.448,     0.07686651491,      0.2428729646,                 0,                 0,                 0,       0.061256638,     0.07154997696,      0.2444920016,                 0,       3.159671867
          0,           0,          64,      -5.722471842,      -5.938918182,      -6.106850514,      -5.160885589,             0.448,     0.07687950646,      0.2428929064,                 0,                 0,                 0,     0.06125167297,     0.07156253039,      0.2445122221,                 0,       3.159397317
          0,           0,          65,      -5.761059358,      -5.963110533,      -6.130693817,       -5.19979415,             0.448,      0.0768921626,       0.242905008,                 0,                 0,                 0,     0.06124376371,     0.07157491953,      0.2445245969,                 0,       3.159034677
          0,           0,          66,      -5.795830172,      -5.991704688,      -6.155061357,       -5.23570032,             0.448,     0.07690384466,      0.2429094834,                 0,                 0,                 0,     0.06123371214,     0.07158650118,       0.244529326,                 0,       3.158612998
          0,           0,          67,      -5.823744326,      -6.024427427,      -6.180148736,      -5.265489887,             0.448,     0.07691401578,      0.2429069842,                 0,                 0,                 0,     0.06122228489,     0.07159672439,      0.2445270493,                 0,        3.15816281
          0,           0,          68,      -5.843507901,      -6.060491397,      -6.206095317,      -5.287469876,             0.448,     0.07692234962,       0.242898619,                 0,                 0,                 0,     0.06121028034,     0.07160523873,      0.2445188679,                 0,       3.157711903
          0,           0,          69,      -5.856148194,      -6.098637768,      -6.232855204,      -5.302121769,             0.448,     0.07692868145,      0.2428857372,                 0,                 0,                 0,     0.06119845906,     0.07161185007,      0.2445061273,                 0,       3.157284548
          0,           0,          70,      -5.864392283,      -6.137264063,      -6.260236477,      -5.311779745,             0.448,     0.07693297674,       0.242869837,                 0,                 0,                 0,     0.06118746339,      0.0716164912,      0.2444903246,                 0,       3.156901596
          0,           0,          71,      -5.871382977,      -6.174585828,      -6.288015529,      -5.319472374,             0.448,     0.07693531985,      0.2428524169,                 0,                 0,                 0,     0.06117781584,     0.07161921377,      0.2444729598,                 0,       3.156579025
          0,           0,          72,      -5.879760415,      -6.208993179,      -6.315959879,      -5.327934761,             0.448,     0.07693587788,      0.2428347424,                 0,                 0,                 0,     0.06116990818,     0.07162015724,      0.2444553016,                 0,       3.156326399
          0,           0,          73,      -5.891279868,      -6.239569722,       -6.34371947,       -5.33909577,             0.448,     0.07693488051,      0.2428180217,                 0,                 0,                 0,     0.06116401925,     0.07161952487,      0.2444385631,                 0,       3.156149981
          0,           0,          74,      -5.906868151,      -6.266333439,      -6.371115862,      -5.354053327,             0.448,     0.07693260599,      0.2428033981,                 0,                 0,                 0,     0.06116029404,      0.0716175699,      0.2444238934,                 0,        3.15605321
          0,           0,          75,      -5.926769201,      -6.290157812,      -6.398061221,      -5.373193313,             0.448,      0.0769293658,       0.242791712,                 0,                 0,                 0,     0.06115873018,     0.07161458541,      0.2444121394,                 0,       3.156034233
          0,           0,          76,      -5.950716946,      -6.312426577,      -6.424547249,      -5.396371318,             0.448,     0.07692548056,      0.2427834644,                 0,                 0,                 0,     0.06115920236,     0.07161088101,       0.244403809,                 0,       3.156086418
          0,           0,          77,      -5.978048562,      -6.334580348,      -6.450511824,      -5.423035072,             0.448,      0.0769212581,      0.2427789081,                 0,                 0,                 0,     0.06116149013,     0.07160675896,      0.2443991617,                 0,       3.156200432
          0,           0,          78,      -6.007778535,      -6.357757448,      -6.475908897,      -5.452298247,             0.448,     0.07691698388,      0.2427780514,                 0,                 0,                 0,     0.06116526479,     0.07160250444,      0.2443982119,                 0,       3.156364682
          0,           0,          79,      -6.038677495,      -6.382659655,      -6.500749169,      -5.483015716,             0.448,     0.07691290477,      0.2427806454,                 0,                 0,                 0,     0.06117012149,     0.07159836971,      0.2444007164,                 0,       3.156565808
          0,           0,          80,      -6.069429962,      -6.409533173,      -6.525117187,      -5.513931303,             0.448,     0.07690921222,      0.2427861974,                 0,                 0,                 0,     0.06117564267,     0.07159455692,      0.2444061865,                 0,        3.15678955
          0,           0,          81,      -6.098834254,        -6.4381849,      -6.549004294,      -5.543847029,             0.448,     0.07690604228,      0.2427941308,                 0,                 0,                 0,     0.06118142616,     0.07159121468,      0.2444140489,                 0,       3.157022824
          0,           0,          82,      -6.125993887,      -6.468106381,      -6.572472157,      -5.571795634,             0.448,     0.07690348347,      0.2428037619,                 0,                 0,                 0,     0.06118708249,     0.07158844638,      0.2444236218,                 0,       3.157253104
          0,           0,          83,      -6.150496263,       -6.49857849,      -6.595689153,      -5.597237954,             0.448,     0.07690157609,       0.242814492,                 0,                 0,                 0,     0.06119228951,     0.07158630537,      0.2444343077,                 0,       3.157470943
          0,           0,          84,       -6.17240335,      -6.528865229,      -6.618801803,       -5.62009136,             0.448,     0.07690031875,      0.2428256442,                 0,                 0,                 0,     0.06119678395,     0.07158480504,      0.2444454299,                 0,        3.15766759
          0,           0,          85,      -6.192122734,      -6.558348925,      -6.641821753,       -5.64064259,             0.448,     0.07689968223,      0.2428365141,                 0,                 0,                 0,     0.06120033658,     0.07158393155,      0.2444562833,                 0,       3.157835079
          0,           0,          86,       -6.21023506,      -6.586652561,      -6.664686021,      -5.659389458,             0.448,     0.07689961259,      0.2428465057,                 0,                 0,                 0,     0.06120277938,     0.07158364397,       0.244466271,                 0,       3.157967869
          0,           0,          87,      -6.227320366,      -6.613727698,      -6.687439222,      -5.676876249,             0.448,     0.07690003697,      0.2428550999,                 0,                 0,                 0,     0.06120400278,     0.07158388076,      0.2444748724,                 0,       3.158062199
          0,           0,          88,        -6.2437732,      -6.639859095,      -6.710022247,      -5.693506379,             0.448,     0.07690086964,      0.2428618426,                 0,                 0,                 0,     0.06120395229,     0.07158456614,      0.2444816316,                 0,       3.158115685
          0,           0,          89,      -6.259870529,      -6.665487012,      -6.732350448,      -5.709592429,             0.448,     0.07690201687,      0.2428663687,                 0,                 0,                 0,     0.06120262821,     0.07158561436,      0.2444861817,                 0,       3.158127427
          0,           0,          90,       -6.27577332,      -6.691013779,      -6.754455604,       -5.72534031,             0.448,     0.07690338102,      0.2428684195,                 0,                 0,                 0,     0.06120008276,     0.07158693345,      0.2444882618,                 0,       3.158098074
          0,           0,          91,      -6.291560722,      -6.716772197,      -6.776445809,      -5.740882297,             0.448,     0.07690486489,      0.2428678548,                 0,                 0,                 0,     0.06119641371,     0.07158842928,      0.2444877296,                 0,       3.158029796
          0,           0,          92,       -6.30733141,      -6.742950287,      -6.798404855,      -5.756373556,             0.448,     0.07690637645,      0.2428646688,                 0,                 0,                 0,     0.06119175603,     0.07159000999,      0.2444845774,                 0,         3.1579263
          0,           0,          93,      -6.323222017,      -6.769478869,      -6.820504881,      -5.772002607,             0.448,     0.07690783123,      0.2428588494,                 0,                 0,                 0,     0.06118626607,     0.07159159137,       0.244478791,                 0,       3.157790897
          0,           0,          94,       -6.33945495,      -6.796132436,       -6.84281012,      -5.788036994,             0.448,     0.07690915579,      0.2428504953,                 0,                 0,                 0,     0.06118012148,     0.07159309786,      0.2444704678,                 0,        3.15762789
          0,           0,          95,      -6.356319137,      -6.822538428,      -6.865389548,      -5.804797377,             0.448,     0.07691028964,       0.242839809,                 0,                 0,                 0,     0.06117351477,     0.07159446455,      0.2444598088,                 0,       3.157442394
          0,           0,          96,      -6.374091764,      -6.848268321,      -6.888299879,      -5.822575662,             0.448,     0.07691118623,      0.2428270444,                 0,                 0,                 0,     0.06116664265,     0.07159563939,      0.2444470668,                 0,        3.15723962
          0,           0,          97,      -6.393009144,      -6.872990644,      -6.911611881,      -5.841623028,             0.448,     0.07691181378,      0.2428125435,                 0,                 0,                 0,     0.06115970029,     0.07159658313,       0.244432583,                 0,        3.15702532
          0,           0,          98,      -6.413192415,      -6.896586844,       -6.93515298,       -5.86207151,             0.448,     0.07691215698,      0.2427966949,                 0,                 0,                 0,     0.06115286221,     0.07159727199,      0.2444167457,                 0,       3.156805171
          0,           0,          99,      -6.434656695,      -6.919108468,      -6.958578095,      -5.883936738,             0.448,     0.07691221497,      0.2427798987,                 0,                 0,                 0,     0.06114627986,     0.07159769637,      0.2443999548,                 0,       3.156584409
          0,           0,         100,      -6.457274702,      -6.940771522,      -6.981527964,      -5.907072949,             0.448,     0.07691199788,      0.2427625417,                 0,                 0,                 0,     0.06114008381,     0.07159785797,      0.2443825972,                 0,       3.156367646
          0,           0,         101,      -6.480687234,      -6.961881799,      -7.003736285,       -5.93108579,             0.448,     0.07691152567,      0.2427449975,                 0,                 0,                 0,     0.06113437999,      0.0715977686,      0.2443650468,                 0,       3.156158916
          0,           0,         102,      -6.504367887,      -6.982745077,      -7.024787295,      -5.955402138,             0.448,     0.07691082796,      0.2427276083,                 0,                 0,                 0,     0.06112923973,     0.07159745039,      0.2443476466,                 0,       3.155961452
          0,           0,         103,      -6.527619108,      -7.003534654,      -7.044413013,      -5.979252248,             0.448,     0.07690993923,      0.2427106692,                 0,                 0,                 0,     0.06112470353,      0.0715969314,      0.2443306921,                 0,       3.155777675
          0,           0,         104,      -6.549661774,      -7.024342053,      -7.062324792,      -6.001766446,             0.448,     0.07690889514,      0.2426944171,                 0,                 0,                 0,     0.06112078274,      0.0715962421,      0.2443144211,                 0,         3.1556092
          0,           0,         105,      -6.569765188,      -7.045023973,      -7.078467858,      -6.022116348,             0.448,     0.07690773098,      0.2426790225,                 0,                 0,                 0,     0.06111746058,     0.07159541404,      0.2442990048,                 0,       3.155456798
          0,           0,         106,      -6.587376681,      -7.065233991,      -7.093121574,      -6.039674902,             0.448,     0.07690648036,      0.2426645961,                 0,                 0,                 0,     0.06111469943,     0.07159447843,      0.2442845545,                 0,       3.155320526
          0,           0,         107,      -6.602245637,      -7.084456641,      -7.106681284,      -6.054164749,             0.448,     0.07690517452,      0.2426512034,                 0,                 0,                 0,     0.06111244818,     0.07159346507,      0.2442711366,                 0,       3.155199958
          0,           0,         108,      -6.614452988,      -7.102082997,      -7.119687891,      -6.065699043,             0.448,     0.07690384225,      0.2426388683,                 0,                 0,                 0,     0.06111064456,      0.0715924022,      0.2442587753,                 0,       3.155094222
          0,           0,         109,      -6.624427643,       -7.11757995,      -7.132698113,      -6.074795974,             0.448,     0.07690250967,      0.2426275804,                 0,                 0,                 0,     0.06110921899,     0.07159131618,       0.244247461,                 0,       3.155002111
          0,           0,         110,      -6.632843245,       -7.13061077,      -7.146147937,      -6.082244801,             0.448,      0.0769011993,      0.2426173083,                 0,                 0,                 0,     0.06110810219,      0.0715902302,      0.2442371628,                 0,       3.154922297
          0,           0,         111,      -6.640415764,      -7.141120324,      -7.160463862,      -6.088870596,             0.448,     0.07689993081,      0.2426079949,                 0,                 0,                 0,     0.06110722364,      0.0715891652,      0.2442278239,                 0,       3.154853227
          0,           0,         112,      -6.647849868,      -7.149469605,      -7.175867501,      -6.095466423,             0.448,     0.07689872052,      0.2425995669,                 0,                 0,                 0,     0.06110651618,     0.07158813905,      0.2442193715,                 0,       3.154793282
          0,           0,         113,      -6.655728879,      -7.156238678,      -7.192523137,       -6.10267262,             0.448,     0.07689758104,      0.2425919415,                 0,                 0,                 0,     0.06110591922,     0.07158716618,      0.2442117231,                 0,       3.154740868
          0,           0,         114,      -6.664491237,      -7.162180765,      -7.210459689,      -6.110959644,             0.448,      0.0768965217,      0.2425850285,                 0,                 0,                 0,     0.06110537827,     0.07158625791,      0.2442047886,                 0,       3.154694427
          0,           0,         115,      -6.674433109,      -7.168076065,      -7.229406903,      -6.120635025,             0.448,     0.07689554879,      0.2425787359,                 0,                 0,                 0,     0.06110484666,      0.0715854225,      0.2441984762,                 0,       3.154652508
          0,           0,         116,      -6.685734688,      -7.174578715,      -7.249130571,      -6.131867328,             0.448,     0.07689466544,      0.2425729696,                 0,                 0,                 0,     0.06110428774,     0.07158466515,       0.244192692,                 0,       3.154613759
          0,           0,         117,      -6.698461679,      -7.182210959,      -7.269430451,      -6.144696416,             0.448,     0.07689387202,      0.2425676404,                 0,                 0,                 0,     0.06110367429,     0.07158398817,      0.2441873468,                 0,       3.154577003
          0,           0,         118,      -6.712587188,      -7.191369318,      -7.290016318,      -6.159058735,             0.448,     0.07689316658,      0.2425626654,                 0,                 0,                 0,     0.06110298697,     0.07158339143,      0.2441823576,                 0,       3.154541244
          0,           0,         119,      -6.728035232,      -7.202290173,      -7.310589596,      -6.174839616,             0.448,     0.07689254532,       0.242557969,                 0,                 0,                 0,     0.06110221318,     0.07158287277,      0.2441776488,                 0,       3.154505654
          0,           0,         120,      -6.744717415,      -7.215109042,      -7.330861268,      -6.191907173,             0.448,     0.07689200297,      0.2425534831,                 0,                 0,                 0,     0.06110134667,     0.07158242841,      0.2441731522,                 0,       3.154469565
          0,           0,         121,      -6.762530327,      -7.229852835,      -7.350676381,      -6.210105572,             0.448,     0.07689153289,      0.2425491554,                 0,                 0,                 0,     0.06110038933,     0.07158205285,      0.2441688152,                 0,       3.154432566
          0,           0,         122,      -6.781353493,      -7.246472141,      -7.370078203,      -6.229260569,             0.448,     0.07689112769,      0.2425449428,                 0,                 0,                 0,     0.06109934819,     0.07158173964,      0.2441645948,                 0,       3.154394402
          0,           0,         123,      -6.801100804,      -7.264871753,      -7.389122971,      -6.249241619,             0.448,     0.07689077971,      0.2425408072,                 0,                 0,                 0,     0.06109823227,     0.07158148196,      0.2441604526,                 0,       3.154354893
          0,           0,         124,      -6.821651386,      -7.284932576,      -7.407976813,       -6.26988659,             0.448,     0.07689048047,      0.2425367262,                 0,                 0,                 0,     0.06109705677,     0.07158127182,       0.244156366,                 0,       3.154314094
          0,           0,         125,      -6.842913721,      -7.306524071,      -7.426794372,      -6.291078457,             0.448,      0.0768902214,      0.2425326875,                 0,                 0,                 0,     0.06109583928,     0.07158110091,      0.2441523227,                 0,       3.154272197
          0,           0,         126,      -6.864831738,       -7.32948901,       -7.44584304,      -6.312749338,             0.448,     0.07688999447,      0.2425286859,                 0,                 0,                 0,     0.06109459759,     0.07158096133,      0.2441483171,                 0,       3.154229463
          0,           0,         127,      -6.887358201,      -7.353665242,      -7.465457828,      -6.334854278,             0.448,     0.07688979214,      0.2425247255,                 0,                 0,                 0,     0.06109335053,     0.07158084545,      0.2441443531,                 0,       3.154186254
          0,           0,         128,      -6.910464395,      -7.378894512,      -7.485902466,      -6.357385452,             0.448,     0.07688960738,      0.2425208147,                 0,                 0,                 0,     0.06109211785,     0.07158074604,      0.2441404392,                 0,       3.154142971
          0,           0,         129,      -6.934137133,      -7.405024636,      -7.507311745,      -6.380364528,             0.448,     0.07688943382,      0.2425169696,                 0,                 0,                 0,     0.06109091942,     0.07158065641,      0.2441365913,                 0,       3.154100083
          0,           0,         130,      -6.958355497,      -7.431882525,      -7.529785777,      -6.403811123,             0.448,     0.07688926589,      0.2425132088,                 0,                 0,                 0,      0.0610897739,     0.07158057055,      0.2441328277,                 0,        3.15405806
          0,           0,         131,      -6.983122427,       -7.45933876,      -7.553254353,      -6.427779982,             0.448,     0.07688909904,      0.2425095509,                 0,                 0,                 0,     0.06108869717,     0.07158048355,      0.2441291671,                 0,       3.154017331
          0,           0,         132,      -7.008432523,      -7.487268737,      -7.577513035,      -6.452317339,             0.448,     0.07688893028,      0.2425060205,                 0,                 0,                 0,     0.06108770057,     0.07158039184,      0.2441256338,                 0,       3.153978338
          0,           0,         133,      -7.034265187,      -7.515492912,      -7.602340139,      -6.477456089,             0.448,     0.07688875728,        0.24250264,                 0,                 0,                 0,     0.06108679372,     0.07158029263,      0.2441222503,                 0,       3.153941468
          0,           0,         134,      -7.060546119,      -7.543845015,       -7.62746145,      -6.503175223,             0.448,     0.07688857862,       0.242499427,                 0,                 0,                 0,     0.06108598309,      0.0715801841,      0.2441190342,                 0,       3.153907009
          0,           0,         135,      -7.087190426,      -7.572169665,      -7.652606397,      -6.529427504,             0.448,     0.07688839377,      0.2424963948,                 0,                 0,                 0,     0.06108527161,     0.07158006544,      0.2441159987,                 0,       3.153875155
          0,           0,         136,      -7.114107555,       -7.60032337,      -7.677603712,      -6.556145476,             0.448,     0.07688820272,      0.2424935558,                 0,                 0,                 0,     0.06108466027,     0.07157993637,      0.2441131562,                 0,       3.153846068
          0,           0,         137,      -7.141181886,      -7.628153618,      -7.702192389,      -6.583226398,             0.448,     0.07688800604,       0.242490919,                 0,                 0,                 0,     0.06108414752,     0.07157979726,      0.2441105157,                 0,       3.153819841
          0,           0,         138,       -7.16827869,      -7.655484407,      -7.726101961,      -6.610531301,             0.448,     0.07688780489,      0.2424884896,                 0,                 0,                 0,     0.06108372912,     0.07157964915,      0.2441080825,                 0,       3.153796496
          0,           0,         139,      -7.195260367,      -7.682122039,      -7.749184059,      -6.637896862,             0.448,      0.0768876009,      0.2424862704,                 0,                 0,                 0,     0.06108339907,     0.07157949362,      0.2441058594,                 0,          3.153776
          0,           0,         140,      -7.221994873,      -7.707888544,       -7.77145799,      -6.665146398,             0.448,     0.07688739634,      0.2424842614,                 0,                 0,                 0,     0.06108314952,     0.07157933293,      0.2441038465,                 0,       3.153758262
          0,           0,         141,      -7.248364083,      -7.732651042,       -7.79306607,      -6.692104358,             0.448,     0.07688719395,      0.2424824592,                 0,                 0,                 0,     0.06108297087,     0.07157916991,      0.2441020403,                 0,       3.153743124
          0,           0,         142,       -7.27427266,      -7.756341201,      -7.814226867,      -6.718611706,             0.448,     0.07688699641,      0.2424808564,                 0,                 0,                 0,     0.06108285265,     0.07157900738,      0.2441004335,                 0,        3.15373038
          0,           0,         143,      -7.299670555,      -7.778962239,      -7.835193736,      -6.744555483,             0.448,     0.07688680602,      0.2424794399,                 0,                 0,                 0,     0.06108278382,     0.07157884794,      0.2440990132,                 0,       3.153719766
          0,           0,         144,      -7.324535243,      -7.800605862,       -7.85622729,      -6.769854205,             0.448,     0.07688662457,      0.2424781935,                 0,                 0,                 0,     0.06108275369,     0.07157869372,      0.2440977632,                 0,       3.153710998
          0,           0,         145,       -7.34886421,      -7.821439563,      -7.877541465,      -6.794459003,             0.448,     0.07688645342,      0.2424770996,                 0,                 0,                 0,     0.06108275239,     0.07157854648,      0.2440966657,                 0,        3.15370379
          0,           0,         146,      -7.372670788,      -7.841688143,      -7.899283953,      -6.818358383,             0.448,     0.07688629365,      0.2424761395,                 0,                 0,                 0,     0.06108277066,     0.07157840769,      0.2440957024,                 0,       3.153697857
          0,           0,         147,      -7.395979281,      -7.861617391,      -7.921542204,      -6.841577343,             0.448,     0.07688614605,      0.2424752952,                 0,                 0,                 0,     0.06108280011,     0.07157827855,      0.2440948551,                 0,       3.153692929
          0,           0,         148,      -7.418818785,      -7.881512135,      -7.944346326,      -6.864169839,             0.448,     0.07688601115,      0.2424745489,                 0,                 0,                 0,     0.06108283337,     0.07157815996,       0.244094106,                 0,       3.153688756
          0,           0,         149,      -7.441222561,        -7.9016511,      -7.967630814,      -6.886212905,             0.448,     0.07688588923,      0.2424738837,                 0,                 0,                 0,       0.061082864,     0.07157805257,      0.2440934383,                 0,       3.153685106
          0,           0,         150,      -7.463225542,      -7.922276489,      -7.991277142,      -6.907796692,             0.448,     0.07688578029,      0.2424732841,                 0,                 0,                 0,     0.06108288672,     0.07157795674,      0.2440928365,                 0,       3.153681776
          0,           0,         151,      -7.484860028,       -7.94358904,      -8.015116751,      -6.929014462,             0.448,     0.07688568408,      0.2424727361,                 0,                 0,                 0,     0.06108289748,     0.07157787251,      0.2440922865,                 0,       3.153678595
          0,           0,         152,      -7.506148669,      -7.965723721,      -8.038952105,      -6.949946699,             0.448,      0.0768856001,      0.2424722272,                 0,                 0,                 0,     0.06108289327,     0.07157779965,      0.2440917759,                 0,        3.15367542
          0,           0,         153,      -7.527137424,      -7.988778783,      -8.062639246,      -6.970691289,             0.448,     0.07688552764,      0.2424717463,                 0,                 0,                 0,     0.06108287196,      0.0715777377,      0.2440912935,                 0,       3.153672137
          0,           0,         154,      -7.547875527,      -8.012819599,      -8.085917398,       -6.99134117,             0.448,     0.07688546583,      0.2424712837,                 0,                 0,                 0,     0.06108283244,     0.07157768599,      0.2440908297,                 0,       3.153668656
          0,           0,         155,      -7.568422549,      -8.037833918,      -8.108564776,       -7.01197982,             0.448,     0.07688541358,      0.2424708319,                 0,                 0,                 0,     0.06108277469,     0.07157764361,      0.2440903768,                 0,       3.153664923
          0,           0,         156,      -7.588860931,      -8.063748415,      -8.130524552,      -7.032691604,             0.448,     0.07688536971,      0.2424703851,                 0,                 0,                 0,     0.06108269946,      0.0715776095,      0.2440899292,                 0,       3.153660911
          0,           0,         157,      -7.609290679,      -8.090448721,      -8.151870053,      -7.053561476,             0.448,     0.07688533301,      0.2424699389,                 0,                 0,                 0,     0.06108260807,     0.07157758254,      0.2440894824,                 0,       3.153656614
          0,           0,         158,      -7.629823004,      -8.117788488,      -8.172733929,      -7.074672877,             0.448,     0.07688530222,      0.2424694908,                 0,                 0,                 0,     0.06108250236,     0.07157756153,      0.2440890336,                 0,       3.153652048
          0,           0,         159,      -7.650576843,      -8.145586764,      -8.193280574,      -7.096106499,             0.448,     0.07688527613,      0.2424690391,                 0,                 0,                 0,     0.06108238455,      0.0715775453,      0.2440885815,                 0,       3.153647244
          0,           0,         160,      -7.671673396,      -8.173633857,       -8.21370868,       -7.11793753,             0.448,     0.07688525361,      0.2424685837,                 0,                 0,                 0,     0.06108225713,     0.07157753272,      0.2440881257,                 0,       3.153642244
          0,           0,         161,      -7.693227257,      -8.201710657,      -8.234239881,      -7.140230989,             0.448,     0.07688523358,      0.2424681254,                 0,                 0,                 0,     0.06108212281,      0.0715775227,      0.2440876671,                 0,       3.153637105
          0,           0,         162,      -7.715336873,      -8.229612311,      -8.255087743,      -7.163036636,             0.448,      0.0768852151,      0.2424676662,                 0,                 0,                 0,     0.06108198451,     0.07157751423,      0.2440872076,                 0,        3.15363189
          0,           0,         163,       -7.73807682,      -8.257167453,      -8.276429813,      -7.186384646,             0.448,     0.07688519731,      0.2424672088,                 0,                 0,                 0,      0.0610818452,     0.07157750643,      0.2440867499,                 0,       3.153626671
          0,           0,         164,      -7.761492051,      -8.284250593,      -8.298394733,      -7.210282031,             0.448,     0.07688517951,      0.2424667568,                 0,                 0,                 0,      0.0610817078,      0.0715774985,      0.2440862977,                 0,       3.153621522
          0,           0,         165,      -7.785593389,      -8.310789927,      -8.321057935,      -7.234709623,             0.448,     0.07688516119,      0.2424663142,                 0,                 0,                 0,     0.06108157503,     0.07157748983,      0.2440858548,                 0,       3.153616517
          0,           0,         166,       -7.81035405,      -8.336771321,      -8.344437148,      -7.259619775,             0.448,     0.07688514196,       0.242465885,                 0,                 0,                 0,     0.06108144925,     0.07157747997,      0.2440854252,                 0,       3.153611723
          0,           0,         167,      -7.835707868,      -8.362236369,      -8.368486822,      -7.284935391,             0.448,     0.07688512163,      0.2424654729,                 0,                 0,                 0,     0.06108133237,     0.07157746864,      0.2440850128,                 0,       3.153607197
          0,           0,         168,      -7.861550267,      -8.387273099,      -8.393096301,      -7.310551426,             0.448,     0.07688510016,       0.242465081,                 0,                 0,                 0,     0.06108122572,     0.07157745572,      0.2440846205,                 0,        3.15360298
          0,           0,         169,      -7.887742913,      -8.412000386,      -8.418096429,      -7.336340024,             0.448,     0.07688507761,      0.2424647117,                 0,                 0,                 0,     0.06108113019,     0.07157744123,      0.2440842508,                 0,       3.153599102
          0,           0,         170,      -7.914122571,      -8.436549186,      -8.443275936,      -7.362159789,             0.448,     0.07688505414,       0.242464367,                 0,                 0,                 0,     0.06108104619,     0.07157742529,      0.2440839056,                 0,       3.153595581
          0,           0,         171,      -7.940514199,      -8.461044096,      -8.468405505,      -7.387868668,             0.448,     0.07688502998,      0.2424640479,                 0,                 0,                 0,     0.06108097378,      0.0715774081,      0.2440835861,                 0,       3.153592422
          0,           0,         172,        -7.9667475,      -8.485588032,      -8.493265415,      -7.413339072,             0.448,     0.07688500541,      0.2424637553,                 0,                 0,                 0,     0.06108091269,     0.07157738991,      0.2440832931,                 0,       3.153589624
          0,           0,         173,      -7.992675186,      -8.510251582,      -8.517672393,      -7.438473221,             0.448,     0.07688498072,      0.2424634894,                 0,                 0,                 0,     0.06108086238,     0.07157737103,      0.2440830266,                 0,       3.153587178
          0,           0,         174,      -8.018190314,      -8.535068015,      -8.541501849,      -7.463216358,             0.448,     0.07688495622,      0.2424632497,                 0,                 0,                 0,     0.06108082211,     0.07157735177,      0.2440827865,                 0,       3.153585066
          0,           0,         175,      -8.043239794,       -8.56003452,      -8.564702208,      -7.487565493,             0.448,     0.07688493224,      0.2424630357,                 0,                 0,                 0,     0.06108079092,     0.07157733246,       0.244082572,                 0,       3.153583265
          0,           0,         176,      -8.067831445,      -8.585119537,      -8.587298824,      -7.511571864,             0.448,     0.07688490905,      0.2424628459,                 0,                 0,                 0,     0.06108076775,     0.07157731341,      0.2440823817,                 0,       3.153581748
          0,           0,         177,      -8.092033005,      -8.610274918,      -8.609386822,      -7.535336369,             0.448,     0.07688488692,      0.2424626788,                 0,                 0,                 0,     0.06108075143,     0.07157729494,      0.2440822142,                 0,       3.153580482
          0,           0,         178,      -8.115963029,      -8.635450367,      -8.631114906,      -7.558998551,             0.448,     0.07688486609,      0.2424625324,                 0,                 0,                 0,     0.06108074074,      0.0715772773,      0.2440820674,                 0,       3.153579433
          0,           0,         179,      -8.139775212,       -8.66060703,      -8.652664012,      -7.582720824,             0.448,     0.07688484672,      0.2424624045,                 0,                 0,                 0,     0.06108073446,     0.07157726073,      0.2440819391,                 0,       3.153578564
          0,           0,         180,      -8.163638783,      -8.685727483,      -8.674224901,      -7.606670217,             0.448,     0.07688482896,      0.2424622929,                 0,                 0,                 0,     0.06108073141,     0.07157724541,      0.2440818271,                 0,        3.15357784
          0,           0,         181,      -8.187717861,      -8.710820593,      -8.695977857,      -7.630999809,             0.448,     0.07688481288,       0.242462195,                 0,                 0,                 0,     0.06108073046,     0.07157723146,      0.2440817289,                 0,       3.153577227
          0,           0,         182,      -8.212152226,      -8.735921171,      -8.718076398,      -7.655831599,             0.448,      0.0768847985,      0.2424621084,                 0,                 0,                 0,     0.06108073058,     0.07157721898,      0.2440816421,                 0,       3.153576691
          0,           0,         183,      -8.237041092,      -8.761085253,      -8.740635939,      -7.681241896,             0.448,     0.07688478582,      0.2424620309,                 0,                 0,                 0,     0.06108073087,       0.071577208,      0.2440815642,                 0,       3.153576202
          0,           0,         184,      -8.262430783,      -8.786382096,      -8.763727608,      -7.707249955,             0.448,     0.07688477477,      0.2424619601,                 0,                 0,                 0,     0.06108073055,     0.07157719849,      0.2440814932,                 0,       3.153575735
          0,           0,         185,      -8.288306711,      -8.811883827,      -8.787376812,      -7.733810396,             0.448,     0.07688476525,      0.2424618941,                 0,                 0,                 0,     0.06108072898,     0.07157719042,       0.244081427,                 0,       3.153575266
          0,           0,         186,      -8.314589735,      -8.837653403,      -8.811565187,      -7.760809726,             0.448,     0.07688475714,       0.242461831,                 0,                 0,                 0,     0.06108072569,     0.07157718368,      0.2440813638,                 0,       3.153574779
          0,           0,         187,      -8.341136775,      -8.863731653,      -8.836233633,      -7.788067097,             0.448,     0.07688475026,      0.2424617693,                 0,                 0,                 0,     0.06108072037,     0.07157717815,       0.244081302,                 0,       3.153574259
          0,           0,         188,      -8.367746127,      -8.890124659,      -8.861284781,      -7.815340077,             0.448,     0.07688474444,      0.2424617078,                 0,                 0,                 0,     0.06108071282,     0.07157717367,      0.2440812404,                 0,       3.153573698
          0,           0,         189,      -8.394169139,      -8.916793525,      -8.886586478,      -7.842337884,             0.448,      0.0768847395,      0.2424616454,                 0,                 0,                 0,     0.06108070298,     0.07157717009,      0.2440811779,                 0,       3.153573089
          0,           0,         190,      -8.420129933,      -8.943648641,      -8.911980179,      -7.868744701,             0.448,     0.07688473524,      0.2424615814,                 0,                 0,                 0,      0.0610806909,     0.07157716724,      0.2440811137,                 0,        3.15357243
          0,           0,         191,      -8.445352823,      -8.970549102,      -8.937295167,      -7.894252602,             0.448,      0.0768847315,      0.2424615151,                 0,                 0,                 0,     0.06108067667,     0.07157716494,      0.2440810474,                 0,       3.153571722
          0,           0,         192,      -8.469594269,      -8.997307128,      -8.962364234,      -7.918599415,             0.448,     0.07688472809,      0.2424614463,                 0,                 0,                 0,     0.06108066049,     0.07157716303,      0.2440809785,                 0,       3.153570966
          0,           0,         193,      -8.492673984,      -9.023698033,      -8.987036286,      -7.941604285,             0.448,     0.07688472488,      0.2424613748,                 0,                 0,                 0,     0.06108064257,     0.07157716138,       0.244080907,                 0,       3.153570169
          0,           0,         194,      -8.514498791,      -9.049477832,      -9.011185909,      -7.963193234,             0.448,     0.07688472173,      0.2424613008,                 0,                 0,                 0,     0.06108062321,     0.07157715985,      0.2440808329,                 0,       3.153569335
          0,           0,         195,      -8.535073955,      -9.074408758,      -9.034722396,      -7.983408882,             0.448,     0.07688471853,      0.2424612244,                 0,                 0,                 0,     0.06108060272,     0.07157715831,      0.2440807565,                 0,       3.153568473
          0,           0,         196,      -8.554499844,      -9.098289176,      -9.057598228,        -8.0024023,             0.448,     0.07688471517,      0.2424611461,                 0,                 0,                 0,      0.0610805814,     0.07157715666,      0.2440806781,                 0,       3.153567592
          0,           0,         197,      -8.572955257,       -9.12098128,       -9.07981404,      -8.020409382,             0.448,     0.07688471158,      0.2424610663,                 0,                 0,                 0,      0.0610805596,     0.07157715482,      0.2440805983,                 0,       3.153566701
          0,           0,         198,      -8.590671633,      -9.142429357,      -9.101417439,      -8.037717589,             0.448,     0.07688470772,      0.2424609856,                 0,                 0,                 0,     0.06108053762,     0.07157715272,      0.2440805175,                 0,        3.15356581
          0,           0,         199,      -8.607903672,      -9.162663112,      -9.122495681,      -8.054630222,             0.448,     0.07688470355,      0.2424609045,                 0,                 0,                 0,     0.06108051573,     0.07157715032,      0.2440804363,                 0,       3.153564926
          0,           0,         200,      -8.624901687,      -9.181785116,      -9.143164334,      -8.071434499,             0.448,     0.07688469907,      0.2424608235,                 0,                 0,                 0,     0.06108049419,      0.0715771476,      0.2440803553,                 0,       3.153564057
          0,           0,         201,      -8.641889443,      -9.199946735,      -9.163554431,      -8.088377211,             0.448,     0.07688469428,      0.2424607433,                 0,                 0,                 0,      0.0610804732,     0.07157714456,       0.244080275,                 0,       3.153563211
          0,           0,         202,      -8.659049163,      -9.217319684,      -9.183800188,      -8.105649102,             0.448,      0.0768846892,      0.2424606644,                 0,                 0,                 0,     0.06108045293,     0.07157714121,       0.244080196,                 0,       3.153562392
          0,           0,         203,      -8.676513502,      -9.234069845,      -9.204028384,      -8.123377175,             0.448,     0.07688468388,      0.2424605871,                 0,                 0,                 0,      0.0610804335,     0.07157713757,      0.2440801186,                 0,       3.153561605
          0,           0,         204,      -8.694363317,      -9.250336977,      -9.224349624,      -8.141623272,             0.448,     0.07688467837,       0.242460512,                 0,                 0,                 0,       0.061080415,      0.0715771337,      0.2440800434,                 0,       3.153560854
          0,           0,         205,        -8.7126298,      -9.266221837,      -9.244851428,      -8.160387351,             0.448,     0.07688467273,      0.2424604393,                 0,                 0,                 0,     0.06108039748,     0.07157712965,      0.2440799706,                 0,        3.15356014
          0,           0,         206,      -8.731299898,      -9.281781124,      -9.265593299,      -8.179614452,             0.448,     0.07688466701,      0.2424603694,                 0,                 0,                 0,     0.06108038097,     0.07157712546,      0.2440799006,                 0,       3.153559466
          0,           0,         207,      -8.750324444,      -9.297030439,      -9.286604492,      -8.199205106,             0.448,     0.07688466131,      0.2424603026,                 0,                 0,                 0,     0.06108036547,     0.07157712121,      0.2440798336,                 0,        3.15355883
          0,           0,         208,      -8.769628841,      -9.311954683,      -9.307884642,      -8.219029414,             0.448,     0.07688465567,       0.242460239,                 0,                 0,                 0,     0.06108035096,     0.07157711696,      0.2440797699,                 0,       3.153558234
          0,           0,         209,      -8.789125657,       -9.32652431,      -9.329405362,      -8.238944193,             0.448,     0.07688465017,      0.2424601787,                 0,                 0,                 0,     0.06108033737,     0.07157711278,      0.2440797095,                 0,       3.153557676
          0,           0,         210,      -8.808727061,       -9.34071431,      -9.351108944,      -8.258810513,             0.448,     0.07688464485,      0.2424601216,                 0,                 0,                 0,     0.06108032463,      0.0715771087,      0.2440796524,                 0,       3.153557152
          0,           0,         211,      -8.828354392,      -9.354523584,      -9.372904317,      -8.278508175,             0.448,     0.07688463975,      0.2424600677,                 0,                 0,                 0,     0.06108031263,     0.07157710478,      0.2440795983,                 0,       3.153556659
          0,           0,         212,      -8.847944247,      -9.367990658,      -9.394669616,      -8.297946401,             0.448,      0.0768846349,      0.2424600166,                 0,                 0,                 0,     0.06108030127,     0.07157710105,      0.2440795471,                 0,       3.153556194
          0,           0,         213,      -8.867452907,      -9.381201527,      -9.416270862,      -8.317072317,             0.448,     0.07688463031,      0.2424599681,                 0,                 0,                 0,     0.06108029046,     0.07157709752,      0.2440794986,                 0,       3.153555751
          0,           0,         214,      -8.886860315,      -9.394287334,      -9.437591649,      -8.335877244,             0.448,     0.07688462599,       0.242459922,                 0,                 0,                 0,      0.0610802801,     0.07157709421,      0.2440794524,                 0,       3.153555329
          0,           0,         215,      -8.906172813,      -9.407412775,      -9.458557665,      -8.354398775,             0.448,     0.07688462195,       0.242459878,                 0,                 0,                 0,     0.06108027013,     0.07157709113,      0.2440794083,                 0,       3.153554923
          0,           0,         216,      -8.925423387,      -9.420759591,      -9.479145019,      -8.372717434,             0.448,     0.07688461818,      0.2424598361,                 0,                 0,                 0,     0.06108026049,     0.07157708828,      0.2440793663,                 0,       3.153554531
          0,           0,         217,      -8.944669184,      -9.434509655,      -9.499374974,      -8.390948873,             0.448,     0.07688461468,      0.2424597958,                 0,                 0,                 0,     0.06108025114,     0.07157708565,       0.244079326,                 0,       3.153554152
          0,           0,         218,      -8.963986793,      -9.448830685,      -9.519303851,      -8.409233454,             0.448,     0.07688461143,      0.2424597572,                 0,                 0,                 0,     0.06108024205,     0.07157708324,      0.2440792873,                 0,       3.153553783
          0,           0,         219,      -8.983465916,      -9.463865906,      -9.539013217,      -8.427724623,             0.448,     0.07688460842,      0.2424597201,                 0,                 0,                 0,      0.0610802332,     0.07157708104,      0.2440792501,                 0,       3.153553423
          0,           0,         220,      -9.003201896,       -9.47972745,       -9.55860001,      -8.446576802,             0.448,     0.07688460562,      0.2424596842,                 0,                 0,                 0,     0.06108022458,     0.07157707903,      0.2440792142,                 0,       3.153553072
          0,           0,         221,      -9.023287504,      -9.496491982,      -9.578165527,      -8.465933404,             0.448,     0.07688460303,      0.2424596496,                 0,                 0,                 0,      0.0610802162,     0.07157707719,      0.2440791796,                 0,       3.153552728
          0,           0,         222,      -9.043804448,      -9.514197849,      -9.597804736,      -8.485915651,             0.448,     0.07688460061,      0.2424596162,                 0,                 0,                 0,     0.06108020807,      0.0715770755,      0.2440791461,                 0,       3.153552392
          0,           0,         223,      -9.064815159,      -9.532843022,      -9.617598596,      -8.506612701,             0.448,     0.07688459834,      0.2424595837,                 0,                 0,                 0,     0.06108020021,     0.07157707394,      0.2440791136,                 0,       3.153552064
          0,           0,         224,      -9.086355304,      -9.552384291,      -9.637610264,      -8.528073311,             0.448,     0.07688459619,      0.2424595524,                 0,                 0,                 0,     0.06108019264,     0.07157707248,      0.2440790822,                 0,       3.153551743
          0,           0,         225,       -9.10842731,      -9.572737471,      -9.657883616,      -8.550298914,             0.448,     0.07688459415,       0.242459522,                 0,                 0,                 0,     0.06108018539,      0.0715770711,      0.2440790518,                 0,       3.153551432
          0,           0,         226,      -9.130995016,      -9.593778767,      -9.678441577,      -8.573237995,             0.448,     0.07688459219,      0.2424594926,                 0,                 0,                 0,     0.06108017848,     0.07157706978,      0.2440790223,                 0,        3.15355113
          0,           0,         227,      -9.153979705,      -9.615347614,      -9.699283436,      -8.596781946,             0.448,     0.07688459028,      0.2424594642,                 0,                 0,                 0,     0.06108017193,      0.0715770685,      0.2440789939,                 0,       3.153550839
          0,           0,         228,      -9.177258351,      -9.637252538,      -9.720382958,      -8.620763513,             0.448,     0.07688458842,      0.2424594368,                 0,                 0,                 0,     0.06108016577,     0.07157706723,      0.2440789665,                 0,       3.153550559
          0,           0,         229,      -9.200666342,      -9.659281144,      -9.741691933,      -8.644960933,             0.448,     0.07688458659,      0.2424594105,                 0,                 0,                 0,     0.06108016001,     0.07157706598,      0.2440789401,                 0,       3.153550292
          0,           0,         230,      -9.224007795,      -9.681215225,      -9.763151708,      -8.669111941,             0.448,     0.07688458479,      0.2424593853,                 0,                 0,                 0,     0.06108015466,     0.07157706473,      0.2440789149,                 0,       3.153550038
          0,           0,         231,      -9.247072699,      -9.702849136,      -9.784703362,      -8.692936561,             0.448,     0.07688458302,      0.2424593613,                 0,                 0,                 0,     0.06108014973,     0.07157706347,      0.2440788909,                 0,       3.153549799
          0,           0,         232,      -9.269653244,      -9.724009304,      -9.806281138,      -8.716159042,             0.448,     0.07688458126,      0.2424593385,                 0,                 0,                 0,     0.06108014521,     0.07157706222,       0.244078868,                 0,       3.153549574
          0,           0,         233,      -9.291555587,      -9.744571164,      -9.827798425,      -8.738525372,             0.448,     0.07688457953,      0.2424593169,                 0,                 0,                 0,     0.06108014109,     0.07157706096,      0.2440788464,                 0,       3.153549364
          0,           0,         234,      -9.312612497,      -9.764469688,      -9.849151915,       -8.75982412,             0.448,     0.07688457782,      0.2424592964,                 0,                 0,                 0,     0.06108013733,      0.0715770597,      0.2440788259,                 0,       3.153549168
          0,           0,         235,      -9.332699525,      -9.783701956,       -9.87024478,      -8.779911896,             0.448,     0.07688457613,      0.2424592771,                 0,                 0,                 0,     0.06108013391,     0.07157705843,      0.2440788065,                 0,       3.153548986
          0,           0,         236,      -9.351750356,      -9.802322514,      -9.891007203,      -8.798734172,             0.448,     0.07688457447,      0.2424592588,                 0,                 0,                 0,     0.06108013079,     0.07157705717,      0.2440787882,                 0,       3.153548816
          0,           0,         237,       -9.36976623,      -9.820432501,      -9.911400584,      -8.816333065,             0.448,     0.07688457284,      0.2424592416,                 0,                 0,                 0,     0.06108012795,     0.07157705591,       0.244078771,                 0,       3.153548659
          0,           0,         238,      -9.386816717,      -9.838162601,      -9.931409499,      -8.832840221,             0.448,     0.07688457125,      0.2424592253,                 0,                 0,                 0,     0.06108012535,     0.07157705467,      0.2440787547,                 0,       3.153548513
          0,           0,         239,      -9.403031618,      -9.855653213,       -9.95103219,      -8.848458023,             0.448,     0.07688456969,        0.24245921,                 0,                 0,                 0,     0.06108012294,     0.07157705346,      0.2440787393,                 0,       3.153548377
          0,           0,         240,      -9.418586283,      -9.873036981,      -9.970276014,      -8.863434537,             0.448,     0.07688456819,      0.2424591955,                 0,                 0,                 0,      0.0610801207,     0.07157705227,      0.2440787248,                 0,        3.15354825
          0,           0,         241,      -9.433683907,      -9.890428026,      -9.989156938,      -8.878037168,             0.448,     0.07688456674,      0.2424591818,                 0,                 0,                 0,     0.06108011859,     0.07157705112,       0.244078711,                 0,       3.153548131
          0,           0,         242,      -9.448537982,      -9.907916907,      -10.00769935,      -8.892528899,             0.448,     0.07688456536,      0.2424591688,                 0,                 0,                 0,     0.06108011657,     0.07157705002,      0.2440786981,                 0,        3.15354802
          0,           0,         243,         -9.463357,      -9.925569828,      -10.02593539,       -8.90714962,             0.448,     0.07688456404,      0.2424591566,                 0,                 0,                 0,     0.06108011463,     0.07157704897,      0.2440786858,                 0,       3.153547914
          0,           0,         244,      -9.478332562,      -9.943429469,      -10.04390609,      -8.922103622,             0.448,     0.07688456279,      0.2424591449,                 0,                 0,                 0,     0.06108011275,     0.07157704797,      0.2440786741,                 0,       3.153547814
          0,           0,         245,      -9.493631418,      -9.961516672,      -10.06166554,      -8.937553073,             0.448,     0.07688456161,      0.2424591339,                 0,                 0,                 0,     0.06108011089,     0.07157704704,       0.244078663,                 0,       3.153547719
          0,           0,         246,      -9.509391212,      -9.979832739,      -10.07928648,      -8.953616309,             0.448,     0.07688456051,      0.2424591233,                 0,                 0,                 0,     0.06108010904,     0.07157704616,      0.2440786525,                 0,       3.153547627
          0,           0,         247,      -9.525719225,       -9.99836339,      -10.09686309,      -8.970369585,             0.448,     0.07688455948,      0.2424591133,                 0,                 0,                 0,     0.06108010719,     0.07157704535,      0.2440786424,                 0,       3.153547538
          0,           0,         248,      -9.542693292,      -10.01708348,      -10.11450866,      -8.987851086,             0.448,     0.07688455852,      0.2424591036,                 0,                 0,                 0,     0.06108010534,      0.0715770446,      0.2440786327,                 0,       3.153547452
          0,           0,         249,      -9.560364178,      -10.03596268,       -10.1323482,      -9.006066347,             0.448,     0.07688455763,      0.2424590944,                 0,                 0,                 0,     0.06108010348,     0.07157704392,      0.2440786235,                 0,       3.153547369
          0,           0,         250,      -9.578758929,      -10.05497108,      -10.15050886,      -9.024994679,             0.448,     0.07688455682,      0.2424590856,                 0,                 0,                 0,     0.06108010161,      0.0715770433,      0.2440786146,                 0,       3.153547287
          0,           0,         251,        -9.5978848,      -10.07408531,      -10.16911087,      -9.044596235,             0.448,     0.07688455606,       0.242459077,                 0,                 0,                 0,     0.06108009974,     0.07157704273,      0.2440786061,                 0,       3.153547207
          0,           0,         252,      -9.617733351,      -10.09329367,      -10.18825952,       -9.06481922,             0.448,     0.07688455537,      0.2424590689,                 0,                 0,                 0,     0.06108009788,     0.07157704221,      0.2440785979,                 0,       3.153547129
          0,           0,         253,      -9.638284045,      -10.11259958,      -10.20803764,      -9.085606284,             0.448,     0.07688455473,       0.242459061,                 0,                 0,                 0,     0.06108009603,     0.07157704175,        0.24407859,                 0,       3.153547053
          0,           0,         254,       -9.65950687,      -10.13202371,      -10.22849808,      -9.106899511,             0.448,     0.07688455414,      0.2424590534,                 0,                 0,                 0,      0.0610800942,     0.07157704132,      0.2440785824,                 0,       3.153546978
          0,           0,         255,      -9.681364137,      -10.15160377,      -10.24965804,      -9.128644171,             0.448,     0.07688455359,      0.2424590461,                 0,                 0,                 0,     0.06108009241,     0.07157704094,      0.2440785751,                 0,       3.153546906
          0,           0,         256,      -9.703811947,      -10.17139218,      -10.27149736,      -9.150791806,             0.448,     0.07688455309,      0.2424590391,                 0,                 0,                 0,     0.06108009067,     0.07157704058,      0.2440785681,                 0,       3.153546836
          0,           0,         257,       -9.72680172,      -10.19145269,      -10.29396025,      -9.173302719,             0.448,     0.07688455261,      0.2424590324,                 0,                 0,                 0,     0.06108008899,     0.07157704025,      0.2440785614,                 0,       3.153546768
          0,           0,         258,      -9.750281815,      -10.21185517,      -10.31695784,      -9.196147497,             0.448,     0.07688455216,      0.2424590259,                 0,                 0,                 0,     0.06108008738,     0.07157703994,      0.2440785549,                 0,       3.153546702
          0,           0,         259,      -9.774199193,      -10.23267017,      -10.34037031,      -9.219307396,             0.448,     0.07688455174,      0.2424590198,                 0,                 0,                 0,     0.06108008584,     0.07157703965,      0.2440785487,                 0,        3.15354664
          0,           0,         260,      -9.798500984,      -10.25396294,      -10.36404983,      -9.242773591,             0.448,     0.07688455133,      0.2424590139,                 0,                 0,                 0,     0.06108008439,     0.07157703938,      0.2440785429,                 0,        3.15354658
          0,           0,         261,      -9.823136052,      -10.27578764,      -10.38782745,      -9.266545606,             0.448,     0.07688455094,      0.2424590083,                 0,                 0,                 0,     0.06108008303,     0.07157703911,      0.2440785372,                 0,       3.153546523
          0,           0,         262,      -9.848056492,      -10.29818277,        -10.411526,      -9.290629164,             0.448,     0.07688455057,       0.242459003,                 0,                 0,                 0,     0.06108008177,     0.07157703886,      0.2440785319,                 0,       3.153546469
          0,           0,         263,      -9.873218999,      -10.32116705,      -10.43497829,      -9.315033549,             0.448,     0.07688455021,      0.2424589979,                 0,                 0,                 0,      0.0610800806,     0.07157703861,      0.2440785269,                 0,       3.153546418
          0,           0,         264,      -9.898585906,      -10.34473681,      -10.45804731,      -9.339768566,             0.448,     0.07688454986,      0.2424589932,                 0,                 0,                 0,     0.06108007954,     0.07157703836,      0.2440785221,                 0,       3.153546371
          0,           0,         265,      -9.924125414,      -10.36886381,      -10.48064444,      -9.364840975,             0.448,     0.07688454952,      0.2424589887,                 0,                 0,                 0,     0.06108007858,     0.07157703812,      0.2440785177,                 0,       3.153546327
          0,           0,         266,      -9.949810898,      -10.39349414,      -10.50274173,      -9.390250703,             0.448,     0.07688454919,      0.2424589845,                 0,                 0,                 0,     0.06108007772,     0.07157703788,      0.2440785135,                 0,       3.153546286
          0,           0,         267,       -9.97561895,      -10.41854838,      -10.52437565,      -9.415986695,             0.448,     0.07688454887,      0.2424589806,                 0,                 0,                 0,     0.06108007695,     0.07157703764,      0.2440785096,                 0,       3.153546248
          0,           0,         268,      -10.00152624,      -10.44392335,      -10.54564117,      -9.442022686,             0.448,     0.07688454856,       0.242458977,                 0,                 0,                 0,     0.06108007627,     0.07157703741,      0.2440785059,                 0,       3.153546213
          0,           0,         269,       -10.0275053,      -10.46949508,      -10.56667662,      -9.468312994,             0.448,     0.07688454826,      0.2424589736,                 0,                 0,                 0,     0.06108007567,     0.07157703718,      0.2440785025,                 0,       3.153546182
          0,           0,         270,      -10.05351973,      -10.49512516,      -10.58764326,      -9.494788946,             0.448,     0.07688454796,      0.2424589704,                 0,                 0,                 0,     0.06108007515,     0.07157703696,      0.2440784993,                 0,       3.153546153
          0,           0,         271,      -10.07952038,      -10.52066771,      -10.60870481,      -9.521357505,             0.448,     0.07688454768,      0.2424589675,                 0,                 0,                 0,     0.06108007469,     0.07157703674,      0.2440784964,                 0,       3.153546126
          0,           0,         272,      -10.10544457,      -10.54598074,      -10.63001145,      -9.547904353,             0.448,     0.07688454741,      0.2424589648,                 0,                 0,                 0,      0.0610800743,     0.07157703652,      0.2440784937,                 0,       3.153546102
          0,           0,         273,      -10.13121827,      -10.57093803,      -10.65168773,      -9.574300874,             0.448,     0.07688454715,      0.2424589622,                 0,                 0,                 0,     0.06108007395,     0.07157703632,      0.2440784911,                 0,        3.15354608
          0,           0,         274,      -10.15675648,      -10.59543929,      -10.67381704,      -9.600409123,             0.448,      0.0768845469,      0.2424589599,                 0,                 0,                 0,     0.06108007364,     0.07157703612,      0.2440784888,                 0,       3.153546059
          0,           0,         275,      -10.18195938,      -10.61941909,      -10.69642493,      -9.626082037,             0.448,     0.07688454666,      0.2424589577,                 0,                 0,                 0,     0.06108007336,     0.07157703594,      0.2440784866,                 0,       3.153546041
          0,           0,         276,      -10.20671047,      -10.64285396,      -10.71947409,      -9.651166061,             0.448,     0.07688454644,      0.2424589557,                 0,                 0,                 0,      0.0610800731,     0.07157703576,      0.2440784846,                 0,       3.153546023
          0,           0,         277,      -10.23088126,      -10.66576434,      -10.74287239,      -9.675511094,             0.448,     0.07688454624,      0.2424589538,                 0,                 0,                 0,     0.06108007286,      0.0715770356,      0.2440784827,                 0,       3.153546007
          0,           0,         278,      -10.25434134,      -10.68821209,      -10.76648602,       -9.69898494,             0.448,     0.07688454604,       0.242458952,                 0,                 0,                 0,     0.06108007263,     0.07157703544,      0.2440784809,                 0,       3.153545992
          0,           0,         279,      -10.27697213,      -10.71029017,      -10.79015125,      -9.721488133,             0.448,     0.07688454586,      0.2424589503,                 0,                 0,                 0,     0.06108007241,     0.07157703529,      0.2440784792,                 0,       3.153545977
          0,           0,         280,      -10.29868267,      -10.73210878,      -10.81368742,       -9.74296655,             0.448,     0.07688454569,      0.2424589487,                 0,                 0,                 0,     0.06108007219,     0.07157703516,      0.2440784776,                 0,       3.153545963
          0,           0,         281,      -10.31942464,      -10.75377533,      -10.83691293,      -9.763420324,             0.448,     0.07688454553,      0.2424589471,                 0,                 0,                 0,     0.06108007196,     0.07157703503,       0.244078476,                 0,        3.15354595
          0,           0,         282,      -10.33920353,      -10.77538089,      -10.85966729,      -9.782907688,             0.448,     0.07688454538,      0.2424589457,                 0,                 0,                 0,     0.06108007173,     0.07157703492,      0.2440784745,                 0,       3.153545936
          0,           0,         283,      -10.35808358,      -10.79698952,      -10.88183353,      -9.801542813,             0.448,     0.07688454524,      0.2424589442,                 0,                 0,                 0,     0.06108007149,     0.07157703481,      0.2440784731,                 0,       3.153545923
          0,           0,         284,      -10.37618553,      -10.81863417,      -10.90335353,      -9.819487328,             0.448,     0.07688454511,      0.2424589428,                 0,                 0,                 0,     0.06108007124,     0.07157703471,      0.2440784717,                 0,        3.15354591
          0,           0,         285,      -10.39367763,      -10.84031783,      -10.92423142,      -9.836936857,             0.448,     0.07688454499,      0.2424589414,                 0,                 0,                 0,     0.06108007098,     0.07157703462,      0.2440784703,                 0,       3.153545897
          0,           0,         286,       -10.4107617,      -10.86201557,      -10.94452943,      -9.854105362,             0.448,     0.07688454488,      0.2424589401,                 0,                 0,                 0,     0.06108007071,     0.07157703453,      0.2440784689,                 0,       3.153545885
          0,           0,         287,      -10.42765626,      -10.88368128,       -10.9643571,       -9.87120887,             0.448,     0.07688454477,      0.2424589388,                 0,                 0,                 0,     0.06108007044,     0.07157703445,      0.2440784676,                 0,       3.153545872
          0,           0,         288,      -10.44457998,       -10.9052525,      -10.98386089,      -9.888451396,             0.448,     0.07688454467,      0.2424589375,                 0,                 0,                 0,     0.06108007016,     0.07157703438,      0.2440784663,                 0,        3.15354586
          0,           0,         289,      -10.46173679,      -10.92665836,      -11.00321015,      -9.906013145,             0.448,     0.07688454457,      0.2424589363,                 0,                 0,                 0,     0.06108006988,     0.07157703431,      0.2440784651,                 0,       3.153545847
          0,           0,         290,      -10.47930436,      -10.94782735,      -11.02258199,      -9.924042224,             0.448,     0.07688454448,       0.242458935,                 0,                 0,                 0,      0.0610800696,     0.07157703425,      0.2440784639,                 0,       3.153545835
          0,           0,         291,      -10.49742598,      -10.96869665,      -11.04214484,      -9.942649151,             0.448,     0.07688454439,      0.2424589338,                 0,                 0,                 0,     0.06108006931,     0.07157703419,      0.2440784627,                 0,       3.153545823
          0,           0,         292,      -10.51620572,      -10.98921941,      -11.06204569,      -9.961904291,             0.448,     0.07688454431,      0.2424589327,                 0,                 0,                 0,     0.06108006903,     0.07157703413,      0.2440784615,                 0,       3.153545811
          0,           0,         293,      -10.53570676,      -11.00936986,      -11.08240235,      -9.981837913,             0.448,     0.07688454423,      0.2424589315,                 0,                 0,                 0,     0.06108006876,     0.07157703407,      0.2440784603,                 0,         3.1535458
          0,           0,         294,      -10.55595182,      -11.02914968,      -11.10329839,      -10.00244206,             0.448,     0.07688454415,      0.2424589304,                 0,                 0,                 0,     0.06108006849,     0.07157703401,      0.2440784592,                 0,       3.153545789
          0,           0,         295,      -10.57692674,      -11.04858609,      -11.12478375,      -10.02367559,             0.448,     0.07688454407,      0.2424589294,                 0,                 0,                 0,     0.06108006823,     0.07157703396,      0.2440784582,                 0,       3.153545778
          0,           0,         296,      -10.59858546,      -11.06773581,      -11.14687597,      -10.04547033,             0.448,     0.07688454399,      0.2424589283,                 0,                 0,                 0,     0.06108006799,     0.07157703391,      0.2440784572,                 0,       3.153545768
          0,           0,         297,      -10.62085643,      -11.08667556,      -11.16955855,      -10.06773834,             0.448,     0.07688454392,      0.2424589274,                 0,                 0,                 0,     0.06108006776,     0.07157703386,      0.2440784562,                 0,       3.153545758
          0,           0,         298,      -10.64364957,      -11.10549982,      -11.19277872,      -10.09037983,             0.448,     0.07688454385,      0.2424589265,                 0,                 0,                 0,     0.06108006754,     0.07157703381,      0.2440784553,                 0,       3.153545749
          0,           0,         299,      -10.66686267,       -11.1243146,      -11.21644271,      -10.11329037,             0.448,     0.07688454378,      0.2424589256,                 0,                 0,                 0,     0.06108006734,     0.07157703376,      0.2440784544,                 0,       3.153545741
          0,           0,         300,      -10.69038793,      -11.14322703,      -11.24042078,      -10.13636859,             0.448,     0.07688454372,      0.2424589248,                 0,                 0,                 0,     0.06108006715,     0.07157703371,      0.2440784536,                 0,       3.153545733
          0,           0,         301,      -10.71411883,      -11.16234472,      -11.26456008,       -10.1595239,             0.448,     0.07688454366,       0.242458924,                 0,                 0,                 0,     0.06108006698,     0.07157703366,      0.2440784528,                 0,       3.153545726
          0,           0,         302,      -10.73795768,      -11.18176271,      -11.28870071,      -10.18268368,             0.448,      0.0768845436,      0.2424589233,                 0,                 0,                 0,     0.06108006682,     0.07157703362,      0.2440784521,                 0,       3.153545719
          0,           0,         303,      -10.76182302,      -11.20156191,      -11.31269244,      -10.20579943,             0.448,     0.07688454354,      0.2424589226,                 0,                 0,                 0,     0.06108006667,     0.07157703358,      0.2440784514,                 0,       3.153545712
          0,           0,         304,      -10.78565573,      -11.22180285,      -11.33640442,      -10.22885025,             0.448,     0.07688454348,       0.242458922,                 0,                 0,                 0,     0.06108006654,     0.07157703353,      0.2440784508,                 0,       3.153545706
          0,           0,         305,       -10.8094236,      -11.24252244,      -11.35973596,       -10.2518444,             0.448,     0.07688454343,      0.2424589214,                 0,                 0,                 0,     0.06108006641,     0.07157703349,      0.2440784502,                 0,       3.153545701
          0,           0,         306,      -10.83312253,      -11.26373639,      -11.38262217,      -10.27481755,             0.448,     0.07688454338,      0.2424589208,                 0,                 0,                 0,      0.0610800663,     0.07157703346,      0.2440784496,                 0,       3.153545695
          0,           0,         307,      -10.85677505,      -11.28543664,      -11.40503893,      -10.29782854,             0.448,     0.07688454333,      0.2424589203,                 0,                 0,                 0,     0.06108006619,     0.07157703342,      0.2440784491,                 0,        3.15354569
          0,           0,         308,      -10.88042559,      -11.30759906,      -11.42700493,      -10.32095223,             0.448,     0.07688454328,      0.2424589198,                 0,                 0,                 0,      0.0610800661,     0.07157703339,      0.2440784486,                 0,       3.153545686
          0,           0,         309,      -10.90413278,      -11.33018673,      -11.44857723,      -10.34427042,             0.448,     0.07688454324,      0.2424589193,                 0,                 0,                 0,       0.061080066,     0.07157703335,      0.2440784481,                 0,       3.153545681
          0,           0,         310,      -10.92795996,      -11.35314531,       -11.4698457,       -10.3678611,             0.448,      0.0768845432,      0.2424589189,                 0,                 0,                 0,     0.06108006592,     0.07157703332,      0.2440784477,                 0,       3.153545677
          0,           0,         311,      -10.95196427,      -11.37641529,      -11.49092447,      -10.39178769,             0.448,     0.07688454316,      0.2424589184,                 0,                 0,                 0,     0.06108006584,     0.07157703329,      0.2440784473,                 0,       3.153545673
          0,           0,         312,      -10.97618604,      -11.39993037,      -11.51194093,       -10.4160886,             0.448,     0.07688454313,       0.242458918,                 0,                 0,                 0,     0.06108006576,     0.07157703326,      0.2440784469,                 0,        3.15354567
          0,           0,         313,        -11.000639,      -11.42361642,      -11.53302475,      -10.44076766,             0.448,     0.07688454309,      0.2424589177,                 0,                 0,                 0,     0.06108006569,     0.07157703324,      0.2440784465,                 0,       3.153545666
          0,           0,         314,      -11.02530239,      -11.44739192,      -11.55429776,      -10.46578685,             0.448,     0.07688454306,      0.2424589173,                 0,                 0,                 0,     0.06108006562,     0.07157703322,      0.2440784461,                 0,       3.153545663
          0,           0,         315,      -11.05011598,      -11.47118114,       -11.5758602,        -10.491062,             0.448,     0.07688454303,      0.2424589169,                 0,                 0,                 0,     0.06108006555,     0.07157703319,      0.2440784458,                 0,       3.153545659
          0,           0,         316,      -11.07497873,      -11.49489929,      -11.59778497,      -10.51646191,             0.448,       0.076884543,      0.2424589166,                 0,                 0,                 0,     0.06108006548,     0.07157703317,      0.2440784454,                 0,       3.153545656
          0,           0,         317,      -11.09975199,       -11.5184707,      -11.62011211,      -10.54181322,             0.448,     0.07688454298,      0.2424589163,                 0,                 0,                 0,     0.06108006542,     0.07157703315,      0.2440784451,                 0,       3.153545653
          0,           0,         318,      -11.12426706,      -11.54181335,      -11.64284544,      -10.56690929,             0.448,     0.07688454295,       0.242458916,                 0,                 0,                 0,     0.06108006535,     0.07157703313,      0.2440784448,                 0,        3.15354565
          0,           0,         319,       -11.1483346,      -11.56485423,      -11.66595258,      -10.59152188,             0.448,     0.07688454293,      0.2424589156,                 0,                 0,                 0,     0.06108006529,     0.07157703312,      0.2440784445,                 0,       3.153545647
          0,           0,         320,      -11.17175886,      -11.58752436,      -11.68935945,      -10.61541801,             0.448,      0.0768845429,      0.2424589154,                 0,                 0,                 0,     0.06108006523,      0.0715770331,      0.2440784442,                 0,       3.153545644
          0,           0,         321,      -11.19435332,       -11.6097603,       -11.7129517,      -10.63837993,             0.448,     0.07688454288,      0.2424589151,                 0,                 0,                 0,     0.06108006517,     0.07157703308,      0.2440784439,                 0,       3.153545641
          0,           0,         322,       -11.2159587,      -11.63151827,      -11.73657943,      -10.66022741,             0.448,     0.07688454286,      0.2424589148,                 0,                 0,                 0,     0.06108006512,     0.07157703307,      0.2440784436,                 0,       3.153545638
          0,           0,         323,      -11.23646153,      -11.65276891,      -11.76007434,      -10.68084069,             0.448,     0.07688454284,      0.2424589145,                 0,                 0,                 0,     0.06108006506,     0.07157703306,      0.2440784433,                 0,       3.153545636
          0,           0,         324,      -11.25580812,      -11.67349162,      -11.78326345,       -10.7001752,             0.448,     0.07688454282,      0.2424589143,                 0,                 0,                 0,       0.061080065,     0.07157703304,      0.2440784431,                 0,       3.153545633
          0,           0,         325,      -11.27401383,      -11.69368582,       -11.8059892,      -10.71826924,             0.448,      0.0768845428,       0.242458914,                 0,                 0,                 0,     0.06108006495,     0.07157703303,      0.2440784428,                 0,       3.153545631
          0,           0,         326,      -11.29116242,      -11.71335474,      -11.82812559,      -10.73523963,             0.448,     0.07688454278,      0.2424589138,                 0,                 0,                 0,      0.0610800649,     0.07157703301,      0.2440784426,                 0,       3.153545628
          0,           0,         327,      -11.30739719,      -11.73251395,      -11.84959027,      -10.75126721,             0.448,     0.07688454276,      0.2424589135,                 0,                 0,                 0,     0.06108006485,       0.071577033,      0.2440784423,                 0,       3.153545626
          0,           0,         328,       -11.3229054,      -11.75119457,      -11.87035321,      -10.76657642,             0.448,     0.07688454274,      0.2424589133,                 0,                 0,                 0,      0.0610800648,     0.07157703299,      0.2440784421,                 0,       3.153545624
          0,           0,         329,      -11.33790003,      -11.76942022,      -11.89043461,       -10.7814124,             0.448,     0.07688454273,      0.2424589131,                 0,                 0,                 0,     0.06108006476,     0.07157703297,      0.2440784419,                 0,       3.153545621
          0,           0,         330,      -11.35260101,      -11.78723521,        -11.909898,      -10.79601927,             0.448,     0.07688454271,      0.2424589129,                 0,                 0,                 0,     0.06108006471,     0.07157703296,      0.2440784417,                 0,       3.153545619
          0,           0,         331,      -11.36721989,       -11.8046848,      -11.92884316,      -10.81062287,             0.448,     0.07688454269,      0.2424589127,                 0,                 0,                 0,     0.06108006467,     0.07157703295,      0.2440784415,                 0,       3.153545617
          0,           0,         332,      -11.38194718,      -11.82181392,      -11.94739289,      -10.82541831,             0.448,     0.07688454267,      0.2424589125,                 0,                 0,                 0,     0.06108006463,     0.07157703293,      0.2440784413,                 0,       3.153545616
          0,           0,         333,      -11.39694499,      -11.83867717,      -11.96568104,      -10.84056323,             0.448,     0.07688454266,      0.2424589123,                 0,                 0,                 0,     0.06108006459,     0.07157703292,      0.2440784411,                 0,       3.153545614
          0,           0,         334,      -11.41234348,       -11.8553184,      -11.98385462,      -10.85617529,             0.448,     0.07688454264,      0.2424589121,                 0,                 0,                 0,     0.06108006456,     0.07157703291,      0.2440784409,                 0,       3.153545612
          0,           0,         335,       -11.4282399,      -11.87178676,      -12.00204612,      -10.87233247,             0.448,     0.07688454263,      0.2424589119,                 0,                 0,                 0,     0.06108006452,      0.0715770329,      0.2440784407,                 0,       3.153545611
          0,           0,         336,      -11.44470033,      -11.88813356,      -12.02037952,       -10.8890775,             0.448,     0.07688454261,      0.2424589118,                 0,                 0,                 0,     0.06108006449,     0.07157703289,      0.2440784406,                 0,       3.153545609
          0,           0,         337,      -11.46176383,       -11.9044072,      -12.03896367,      -10.90642278,             0.448,      0.0768845426,      0.2424589116,                 0,                 0,                 0,     0.06108006445,     0.07157703288,      0.2440784404,                 0,       3.153545608
          0,           0,         338,        -11.479447,      -11.92066158,      -12.05788439,      -10.92435701,             0.448,     0.07688454258,      0.2424589115,                 0,                 0,                 0,     0.06108006442,     0.07157703287,      0.2440784403,                 0,       3.153545606
          0,           0,         339,      -11.49774879,      -11.93694194,      -12.07720677,      -10.94285192,             0.448,     0.07688454257,      0.2424589113,                 0,                 0,                 0,     0.06108006439,     0.07157703286,      0.2440784401,                 0,       3.153545605
          0,           0,         340,      -11.51665562,      -11.95332315,      -12.09696909,      -10.96186942,             0.448,     0.07688454256,      0.2424589112,                 0,                 0,                 0,     0.06108006437,     0.07157703285,        0.24407844,                 0,       3.153545604
          0,           0,         341,      -11.53614528,      -11.96985776,      -12.11718849,        -10.981367,             0.448,     0.07688454255,      0.2424589111,                 0,                 0,                 0,     0.06108006434,     0.07157703284,      0.2440784399,                 0,       3.153545603
          0,           0,         342,      -11.55618962,      -11.98660992,      -12.13785381,      -11.00130193,             0.448,     0.07688454254,      0.2424589109,                 0,                 0,                 0,     0.06108006432,     0.07157703283,      0.2440784397,                 0,       3.153545601
          0,           0,         343,      -11.57675434,      -12.00365679,      -12.15892134,      -11.02163278,             0.448,     0.07688454253,      0.2424589108,                 0,                 0,                 0,     0.06108006429,     0.07157703282,      0.2440784396,                 0,         3.1535456
          0,           0,         344,      -11.59780235,      -12.02106967,      -12.18033496,      -11.04232334,             0.448,     0.07688454252,      0.2424589107,                 0,                 0,                 0,     0.06108006427,     0.07157703282,      0.2440784395,                 0,       3.153545599
          0,           0,         345,      -11.61929386,      -12.03892422,      -12.20203063,      -11.06334375,             0.448,     0.07688454251,      0.2424589106,                 0,                 0,                 0,     0.06108006425,     0.07157703281,      0.2440784394,                 0,       3.153545598
          0,           0,         346,        -11.641189,      -12.05728556,      -12.22393718,      -11.08467202,             0.448,      0.0768845425,      0.2424589105,                 0,                 0,                 0,     0.06108006423,      0.0715770328,      0.2440784393,                 0,       3.153545598
          0,           0,         347,      -11.66345233,      -12.07620977,      -12.24599238,       -11.1062981,             0.448,     0.07688454249,      0.2424589104,                 0,                 0,                 0,      0.0610800642,      0.0715770328,      0.2440784392,                 0,       3.153545597
          0,           0,         348,      -11.68605371,      -12.09573538,      -12.26813974,      -11.12822273,             0.448,     0.07688454249,      0.2424589103,                 0,                 0,                 0,     0.06108006419,     0.07157703279,      0.2440784391,                 0,       3.153545596
          0,           0,         349,      -11.70896946,      -12.11589194,      -12.29032765,      -11.15045645,             0.448,     0.07688454248,      0.2424589103,                 0,                 0,                 0,     0.06108006417,     0.07157703279,      0.2440784391,                 0,       3.153545595
          0,           0,         350,       -11.7321836,      -12.13668562,      -12.31251053,      -11.17301873,             0.448,     0.07688454247,      0.2424589102,                 0,                 0,                 0,     0.06108006415,     0.07157703278,       0.244078439,                 0,       3.153545594
          0,           0,         351,       -11.7556858,       -12.1580986,      -12.33465064,      -11.19593312,             0.448,     0.07688454247,      0.2424589101,                 0,                 0,                 0,     0.06108006413,     0.07157703278,      0.2440784389,                 0,       3.153545593
          0,           0,         352,      -11.77947016,       -12.1801095,      -12.35672111,      -11.21922516,             0.448,     0.07688454246,        0.24245891,                 0,                 0,                 0,     0.06108006412,     0.07157703278,      0.2440784388,                 0,       3.153545593
          0,           0,         353,      -11.80352788,      -12.20266949,      -12.37870007,      -11.24291164,             0.448,     0.07688454246,        0.24245891,                 0,                 0,                 0,      0.0610800641,     0.07157703277,      0.2440784388,                 0,       3.153545592
          0,           0,         354,       -11.8278472,      -12.22572704,      -12.40058771,      -11.26699861,             0.448,     0.07688454245,      0.2424589099,                 0,                 0,                 0,     0.06108006409,     0.07157703277,      0.2440784387,                 0,       3.153545591
          0,           0,         355,      -11.85240459,      -12.24918594,      -12.42238611,      -11.29147298,             0.448,     0.07688454245,      0.2424589098,                 0,                 0,                 0,     0.06108006407,     0.07157703276,      0.2440784386,                 0,       3.153545591
          0,           0,         356,      -11.87716119,      -12.27297194,      -12.44412602,      -11.31629618,             0.448,     0.07688454244,      0.2424589098,                 0,                 0,                 0,     0.06108006406,     0.07157703276,      0.2440784386,                 0,        3.15354559
          0,           0,         357,       -11.9020582,      -12.29696754,      -12.46583683,       -11.3414001,             0.448,     0.07688454244,      0.2424589097,                 0,                 0,                 0,     0.06108006405,     0.07157703276,      0.2440784385,                 0,        3.15354559
          0,           0,         358,      -11.92701316,      -12.32105937,        -12.487558,      -11.36668329,             0.448,     0.07688454243,      0.2424589097,                 0,                 0,                 0,     0.06108006403,     0.07157703276,      0.2440784385,                 0,       3.153545589
          0,           0,         359,      -11.95192163,      -12.34511005,       -12.5093256,      -11.39201285,             0.448,     0.07688454243,      0.2424589096,                 0,                 0,                 0,     0.06108006402,     0.07157703275,      0.2440784384,                 0,       3.153545589
          0,           0,         360,      -11.97665733,       -12.3690036,      -12.53117881,      -11.41722833,             0.448,     0.07688454243,      0.2424589096,                 0,                 0,                 0,     0.06108006401,     0.07157703275,      0.2440784384,                 0,       3.153545588
          0,           0,         361,       -12.0010852,      -12.39262499,      -12.55314577,      -11.44215398,             0.448,     0.07688454242,      0.2424589095,                 0,                 0,                 0,       0.061080064,     0.07157703275,      0.2440784383,                 0,       3.153545588
          0,           0,         362,       -12.0250667,      -12.41584534,      -12.57524266,      -11.46661006,             0.448,     0.07688454242,      0.2424589095,                 0,                 0,                 0,       0.061080064,     0.07157703274,      0.2440784383,                 0,       3.153545587
          0,           0,         363,      -12.04846943,      -12.43860762,      -12.59745383,      -11.49042562,             0.448,     0.07688454241,      0.2424589094,                 0,                 0,                 0,     0.06108006399,     0.07157703274,      0.2440784382,                 0,       3.153545587
          0,           0,         364,      -12.07117319,      -12.46084001,       -12.6197543,      -11.51344762,             0.448,     0.07688454241,      0.2424589094,                 0,                 0,                 0,     0.06108006398,     0.07157703274,      0.2440784382,                 0,       3.153545586
          0,           0,         365,      -12.09307851,      -12.48251268,       -12.6420763,      -11.53555507,             0.448,     0.07688454241,      0.2424589093,                 0,                 0,                 0,     0.06108006397,     0.07157703274,      0.2440784381,                 0,       3.153545586
          0,           0,         366,      -12.11411406,      -12.50366082,      -12.66433188,      -11.55666889,             0.448,      0.0768845424,      0.2424589093,                 0,                 0,                 0,     0.06108006397,     0.07157703273,      0.2440784381,                 0,       3.153545586
          0,           0,         367,      -12.13424732,      -12.52430598,      -12.68644292,      -11.57676622,             0.448,      0.0768845424,      0.2424589093,                 0,                 0,                 0,     0.06108006396,     0.07157703273,      0.2440784381,                 0,       3.153545585
          0,           0,         368,       -12.1534824,      -12.54451756,      -12.70829738,      -11.59587469,             0.448,      0.0768845424,      0.2424589092,                 0,                 0,                 0,     0.06108006395,     0.07157703273,       0.244078438,                 0,       3.153545585
          0,           0,         369,      -12.17186864,      -12.56436774,      -12.72981224,       -11.6140785,             0.448,     0.07688454239,      0.2424589092,                 0,                 0,                 0,     0.06108006395,     0.07157703273,       0.244078438,                 0,       3.153545585
          0,           0,         370,      -12.18949847,      -12.58391632,      -12.75090571,       -11.6315086,             0.448,     0.07688454239,      0.2424589092,                 0,                 0,                 0,     0.06108006394,     0.07157703272,       0.244078438,                 0,       3.153545584
          0,           0,         371,      -12.20649673,      -12.60326388,      -12.77149991,      -11.64832748,             0.448,     0.07688454239,      0.2424589091,                 0,                 0,                 0,     0.06108006394,     0.07157703272,      0.2440784379,                 0,       3.153545584
          0,           0,         372,       -12.2230128,      -12.62245129,      -12.79156979,      -11.66471751,             0.448,     0.07688454239,      0.2424589091,                 0,                 0,                 0,     0.06108006393,     0.07157703272,      0.2440784379,                 0,       3.153545584
          0,           0,         373,      -12.23920971,      -12.64152424,      -12.81111309,      -11.68086724,             0.448,     0.07688454238,      0.2424589091,                 0,                 0,                 0,     0.06108006393,     0.07157703272,      0.2440784379,                 0,       3.153545584
          0,           0,         374,      -12.25525614,      -12.66054284,      -12.83016188,      -11.69695704,             0.448,     0.07688454238,      0.2424589091,                 0,                 0,                 0,     0.06108006393,     0.07157703272,      0.2440784379,                 0,       3.153545584
          0,           0,         375,      -12.27131531,      -12.67952548,       -12.8487769,      -11.71315443,             0.448,     0.07688454238,       0.242458909,                 0,                 0,                 0,     0.06108006392,     0.07157703271,      0.2440784378,                 0,       3.153545583
          0,           0,         376,      -12.28753659,      -12.69847599,       -12.8670565,       -11.7296014,             0.448,     0.07688454238,       0.242458909,                 0,                 0,                 0,     0.06108006392,     0.07157703271,      0.2440784378,                 0,       3.153545583
          0,           0,         377,      -12.30405398,      -12.71742727,      -12.88512527,      -11.74641642,             0.448,     0.07688454238,       0.242458909,                 0,                 0,                 0,     0.06108006391,     0.07157703271,      0.2440784378,                 0,       3.153545583
          0,           0,         378,      -12.32097591,       -12.7364107,      -12.90311278,      -11.76368783,             0.448,     0.07688454237,       0.242458909,                 0,                 0,                 0,     0.06108006391,     0.07157703271,      0.2440784378,                 0,       3.153545583
          0,           0,         379,      -12.33839104,      -12.75538143,      -12.92116908,      -11.78147427,             0.448,     0.07688454237,       0.242458909,                 0,                 0,                 0,      0.0610800639,     0.07157703271,      0.2440784378,                 0,       3.153545583
          0,           0,         380,      -12.35636882,      -12.77434788,      -12.93945815,      -11.79981937,             0.448,     0.07688454237,      0.2424589089,                 0,                 0,                 0,      0.0610800639,     0.07157703271,      0.2440784377,                 0,       3.153545582
          0,           0,         381,      -12.37494867,      -12.79332487,      -12.95810849,      -11.81873334,             0.448,     0.07688454237,      0.2424589089,                 0,                 0,                 0,      0.0610800639,     0.07157703271,      0.2440784377,                 0,       3.153545582
          0,           0,         382,      -12.39415664,      -12.81233554,      -12.97723912,       -11.8382129,             0.448,     0.07688454237,      0.2424589089,                 0,                 0,                 0,     0.06108006389,      0.0715770327,      0.2440784377,                 0,       3.153545582
          0,           0,         383,       -12.4140021,      -12.83137941,      -12.99694992,      -11.85824543,             0.448,     0.07688454237,      0.2424589089,                 0,                 0,                 0,     0.06108006389,      0.0715770327,      0.2440784377,                 0,       3.153545582
          0,           0,         384,      -12.43447716,      -12.85050297,      -13.01727695,      -11.87880224,             0.448,     0.07688454236,      0.2424589089,                 0,                 0,                 0,     0.06108006388,      0.0715770327,      0.2440784377,                 0,       3.153545582
          0,           0,         385,      -12.45556696,      -12.86968867,      -13.03828666,      -11.89985296,             0.448,     0.07688454236,      0.2424589089,                 0,                 0,                 0,     0.06108006388,      0.0715770327,      0.2440784377,                 0,       3.153545581
          0,           0,         386,      -12.47723564,      -12.88903656,      -13.05995934,      -11.92135833,             0.448,     0.07688454236,      0.2424589088,                 0,                 0,                 0,     0.06108006388,      0.0715770327,      0.2440784376,                 0,       3.153545581
          0,           0,         387,      -12.49944887,      -12.90857914,      -13.08223438,      -11.94328191,             0.448,     0.07688454236,      0.2424589088,                 0,                 0,                 0,     0.06108006387,      0.0715770327,      0.2440784376,                 0,       3.153545581
          0,           0,         388,      -12.52215715,      -12.92835191,      -13.10502792,      -11.96558576,             0.448,     0.07688454236,      0.2424589088,                 0,                 0,                 0,     0.06108006387,      0.0715770327,      0.2440784376,                 0,       3.153545581
          0,           0,         389,      -12.54531417,      -12.94838849,      -13.12825661,      -11.98823562,             0.448,     0.07688454236,      0.2424589088,                 0,                 0,                 0,     0.06108006387,      0.0715770327,      0.2440784376,                 0,       3.153545581
          0,           0,         390,      -12.56885718,      -12.96880059,      -13.15176058,        -12.011196,             0.448,     0.07688454236,      0.2424589088,                 0,                 0,                 0,     0.06108006386,      0.0715770327,      0.2440784376,                 0,       3.153545581
          0,           0,         391,      -12.59273442,      -12.98958212,      -13.17542239,      -12.03444104,             0.448,     0.07688454236,      0.2424589088,                 0,                 0,                 0,     0.06108006386,      0.0715770327,      0.2440784376,                 0,       3.153545581
          0,           0,         392,      -12.61688538,      -13.01075856,      -13.19909238,      -12.05793998,             0.448,     0.07688454236,      0.2424589088,                 0,                 0,                 0,     0.06108006386,      0.0715770327,      0.2440784376,                 0,       3.153545581
          0,           0,         393,      -12.64125959,      -13.03236594,      -13.22263804,      -12.08167778,             0.448,     0.07688454236,      0.2424589088,                 0,                 0,                 0,     0.06108006386,      0.0715770327,      0.2440784376,                 0,        3.15354558
          0,           0,         394,      -12.66581134,      -13.05440364,      -13.24588386,      -12.10564047,             0.448,     0.07688454235,      0.2424589087,                 0,                 0,                 0,     0.06108006385,      0.0715770327,      0.2440784375,                 0,        3.15354558
          0,           0,         395,      -12.69050479,      -13.07680746,      -13.26882871,      -12.12982058,             0.448,     0.07688454235,      0.2424589087,                 0,                 0,                 0,     0.06108006385,      0.0715770327,      0.2440784375,                 0,        3.15354558
          0,           0,         396,      -12.71530205,      -13.09959683,       -13.2914103,      -12.15420062,             0.448,     0.07688454235,      0.2424589087,                 0,                 0,                 0,     0.06108006385,     0.07157703269,      0.2440784375,                 0,        3.15354558
          0,           0,         397,      -12.74017156,      -13.12268754,      -13.31355374,      -12.17876951,             0.448,     0.07688454235,      0.2424589087,                 0,                 0,                 0,     0.06108006385,     0.07157703269,      0.2440784375,                 0,        3.15354558
          0,           0,         398,      -12.76509939,      -13.14611393,      -13.33530269,      -12.20352248,             0.448,     0.07688454235,      0.2424589087,                 0,                 0,                 0,     0.06108006385,     0.07157703269,      0.2440784375,                 0,        3.15354558
          0,           0,         399,      -12.79004535,       -13.1696646,      -13.35680615,      -12.22841826,             0.448,     0.07688454235,      0.2424589087,                 0,                 0,                 0,     0.06108006385,     0.07157703269,      0.2440784375,                 0,        3.15354558
          0,           0,         400,      -12.81498551,      -13.19334433,      -13.37805985,      -12.25342534,             0.448,     0.07688454235,      0.2424589087,                 0,                 0,                 0,     0.06108006384,     0.07157703269,      0.2440784375,                 0,        3.15354558
          0,           0,         401,      -12.83987905,      -13.21705425,      -13.39924327,      -12.27849062,             0.448,     0.07688454235,      0.2424589087,                 0,                 0,                 0,     0.06108006384,     0.07157703269,      0.2440784375,                 0,        3.15354558
          0,           0,         402,      -12.86466312,      -13.24066392,      -13.42042869,      -12.30352781,             0.448,     0.07688454235,      0.2424589087,                 0,                 0,                 0,     0.06108006384,     0.07157703269,      0.2440784375,                 0,        3.15354558
          0,           0,         403,      -12.88928496,      -13.26415405,      -13.44175905,      -12.32846038,             0.448,     0.07688454235,      0.2424589087,                 0,                 0,                 0,     0.06108006384,     0.07157703269,      0.2440784375,                 0,        3.15354558
          0,           0,         404,      -12.91366171,      -13.28739406,      -13.46329898,      -12.35317368,             0.448,     0.07688454235,      0.2424589087,                 0,                 0,                 0,     0.06108006384,     0.07157703269,      0.2440784375,                 0,        3.15354558
          0,           0,         405,       -12.9377129,      -13.31033513,      -13.48505334,      -12.37756546,             0.448,     0.07688454235,      0.2424589087,                 0,                 0,                 0,     0.06108006384,     0.07157703269,      0.2440784375,                 0,        3.15354558
          0,           0,         406,      -12.96134182,      -13.33304423,      -13.50708763,      -12.40151717,             0.448,     0.07688454235,      0.2424589087,                 0,                 0,                 0,     0.06108006384,     0.07157703269,      0.2440784375,                 0,        3.15354558
          0,           0,         407,       -12.9844514,      -13.35544411,      -13.52932821,      -12.42490844,             0.448,     0.07688454235,      0.2424589087,                 0,                 0,                 0,     0.06108006384,     0.07157703269,      0.2440784375,                 0,        3.15354558
          0,           0,         408,      -13.00694716,      -13.37740055,      -13.55178576,      -12.44762511,             0.448,     0.07688454235,      0.2424589086,                 0,                 0,                 0,     0.06108006384,     0.07157703269,      0.2440784374,                 0,        3.15354558
