"Time_Iter","Outer_Iter","Inner_Iter",    "rms[Rho]"    ,    "rms[RhoU]"   ,    "rms[RhoV]"   ,    "rms[RhoE]"   ,    "RefForce"    ,       "CD"       ,       "CL"       ,       "CSF"      ,       "CMx"      ,       "CMy"      ,       "CMz"      ,       "CFx"      ,       "CFy"      ,       "CFz"      ,      "CEff"      
          0,           0,           0,      -5.386705996,      -5.314532983,      -6.087687313,      -4.790325935,             0.448,    0.002010696051,      0.1149319918,                 0,                 0,                 0,    -0.02884771013,  -0.0004970106287,      0.1149485042,                 0,       57.16030116
          0,           0,           1,      -5.672869169,      -5.543915037,      -5.511655226,      -5.073817061,             0.448,     0.00164622521,      0.1139277821,                 0,                 0,                 0,    -0.02753134098,  -0.0008394880154,      0.1139365826,                 0,       69.20546557
          0,           0,           2,      -5.592595644,      -5.554471486,      -5.650932648,      -5.008798667,             0.448,    0.001505707351,      0.1123160567,                 0,                 0,                 0,    -0.02798350385,  -0.0009448128302,      0.1123221753,                 0,       74.59355006
          0,           0,           3,      -5.589774999,      -5.604708641,      -5.596429441,       -5.00301808,             0.448,    0.001444889087,      0.1123325829,                 0,                 0,                 0,    -0.02857991487,   -0.001005977139,      0.1123373709,                 0,       77.74477911
          0,           0,           4,      -5.539481266,      -5.545629683,      -5.576428843,      -4.954941899,             0.448,    0.001362014011,      0.1115877682,                 0,                 0,                 0,    -0.02886425591,   -0.001072584445,      0.1115909255,                 0,       81.92850238
          0,           0,           5,      -5.533205108,       -5.61016753,      -5.609091306,      -4.958653673,             0.448,    0.001277124455,      0.1102210818,                 0,                 0,                 0,    -0.02929343258,   -0.001127639695,      0.1102227125,                 0,       86.30410406
          0,           0,           6,      -5.510187708,      -5.630011486,      -5.645122747,      -4.938504932,             0.448,    0.001258950454,      0.1093105269,                 0,                 0,                 0,    -0.02956092171,    -0.00112594572,      0.1093119778,                 0,       86.82671074
          0,           0,           7,      -5.487563587,      -5.599035669,      -5.636156971,      -4.916280361,             0.448,    0.001239526732,      0.1084456322,                 0,                 0,                 0,    -0.02979282488,   -0.001126497242,      0.1084468652,                 0,       87.48954698
          0,           0,           8,      -5.481298481,      -5.619619783,      -5.644103314,       -4.91396187,             0.448,    0.001206442232,      0.1075153473,                 0,                 0,                 0,    -0.03002777834,   -0.001139279808,      0.1075160799,                 0,       89.11769201
          0,           0,           9,      -5.477932595,      -5.689298194,      -5.685115114,      -4.915582606,             0.448,    0.001175437092,       0.106649978,                 0,                 0,                 0,    -0.03021350165,    -0.00115139964,      0.1066502402,                 0,         90.732187
          0,           0,          10,       -5.46559619,      -5.737319371,      -5.721560915,      -4.905826523,             0.448,    0.001149113661,      0.1058533858,                 0,                 0,                 0,    -0.03035755688,    -0.00116033924,      0.1058532634,                 0,       92.11742011
          0,           0,          11,      -5.452355471,        -5.7420473,      -5.724872977,      -4.893438168,             0.448,    0.001126553783,      0.1051158535,                 0,                 0,                 0,     -0.0304645516,   -0.001166804565,      0.1051154144,                 0,       93.30744348
          0,           0,          12,      -5.443043348,      -5.735030231,      -5.726551657,      -4.884659385,             0.448,    0.001106275171,      0.1044282374,                 0,                 0,                 0,    -0.03054271655,   -0.001172078086,      0.1044275196,                 0,       94.39625885
          0,           0,          13,      -5.436532201,      -5.736657974,      -5.741742274,      -4.878929275,             0.448,    0.001087012817,      0.1037789265,                 0,                 0,                 0,     -0.0306033906,   -0.001177171214,       0.103777943,                 0,       95.47166777
          0,           0,          14,      -5.431499661,      -5.751613972,      -5.760139056,      -4.874945054,             0.448,    0.001069133396,      0.1031686067,                 0,                 0,                 0,     -0.0306491816,   -0.001181732323,      0.1031673783,                 0,       96.49741285
          0,           0,          15,      -5.426619981,      -5.772807152,      -5.775819493,      -4.871023249,             0.448,    0.001053900952,      0.1026036015,                 0,                 0,                 0,    -0.03067902573,    -0.00118463562,      0.1026021754,                 0,       97.35601943
          0,           0,          16,      -5.421611281,      -5.792127624,      -5.789131483,      -4.866680783,             0.448,    0.001041847322,      0.1020849238,                 0,                 0,                 0,    -0.03069495742,   -0.001185371486,      0.1020833581,                 0,       97.98453348
          0,           0,          17,      -5.417094259,      -5.807764341,      -5.799845461,       -4.86261831,             0.448,    0.001032474618,      0.1016084007,                 0,                 0,                 0,     -0.0307011314,   -0.001184346664,       0.101606744,                 0,       98.41249261
          0,           0,          18,      -5.413315422,      -5.821251346,      -5.808925693,      -4.859186366,             0.448,    0.001025115855,      0.1011696374,                 0,                 0,                 0,    -0.03070069632,   -0.001182132103,      0.1011679245,                 0,       98.69093027
          0,           0,          19,      -5.410226223,      -5.834449866,       -5.81869212,      -4.856385406,             0.448,    0.001019592218,      0.1007656794,                 0,                 0,                 0,     -0.0306952256,    -0.00117884213,      0.1007639422,                 0,       98.82939246
          0,           0,          20,      -5.407868928,      -5.848851129,      -5.829930004,      -4.854276806,             0.448,    0.001016133376,       0.100394881,                 0,                 0,                 0,    -0.03068548979,   -0.001174211224,      0.1003931566,                 0,       98.80088915
          0,           0,          21,       -5.40626071,      -5.865070173,      -5.841893654,      -4.852914552,             0.448,     0.00101488504,      0.1000554582,                 0,                 0,                 0,    -0.03067248136,   -0.001168054793,      0.1000537873,                 0,       98.58797225
          0,           0,          22,      -5.405326954,      -5.882723245,      -5.853883754,      -4.852244196,             0.448,    0.001015721373,     0.09974469946,                 0,                 0,                 0,    -0.03065760241,   -0.001160439493,     0.09974312077,                 0,       98.20084734
          0,           0,          23,      -5.405068888,      -5.901022771,      -5.865967173,      -4.852256272,             0.448,    0.001018409601,     0.09946002242,                 0,                 0,                 0,    -0.03064206736,   -0.001151541708,     0.09945857011,                 0,       97.66210211
          0,           0,          24,      -5.405465354,      -5.919368292,      -5.878469999,      -4.852918586,             0.448,    0.001022734403,     0.09919860818,                 0,                 0,                 0,    -0.03062676485,   -0.001141515213,     0.09919731243,                 0,       96.99351842
          0,           0,          25,      -5.406369779,      -5.937593744,      -5.891748082,      -4.854057053,             0.448,    0.001028512037,     0.09895906818,                 0,                 0,                 0,    -0.03061211624,   -0.001130513417,     0.09895795548,                 0,       96.21576085
          0,           0,          26,      -5.407774717,      -5.955812759,      -5.905925776,      -4.855691107,             0.448,     0.00103548293,     0.09874053557,                 0,                 0,                 0,    -0.03059845228,   -0.001118776918,     0.09873962693,                 0,       95.35699014
          0,           0,          27,      -5.410001061,      -5.974145309,      -5.920640144,      -4.858219139,             0.448,    0.001043289349,     0.09854024615,                 0,                 0,                 0,    -0.03058626969,   -0.001106603067,     0.09853955548,                 0,       94.45150212
          0,           0,          28,      -5.413136742,      -5.992752732,      -5.935745201,      -4.861694809,             0.448,    0.001051638451,     0.09835609043,                 0,                 0,                 0,    -0.03057560491,   -0.001094238615,     0.09835562571,                 0,       93.52652551
          0,           0,          29,      -5.417085788,      -6.011933125,      -5.951508982,      -4.865958393,             0.448,    0.001060218954,     0.09818645248,                 0,                 0,                 0,    -0.03056637921,   -0.001081959522,     0.09818621532,                 0,        92.6095993
          0,           0,          30,      -5.421775101,      -6.031857001,       -5.96798646,       -4.87093409,             0.448,    0.001068670004,     0.09802990581,                 0,                 0,                 0,    -0.03055854078,   -0.001070095436,     0.09802989026,                 0,       91.73075456
          0,           0,          31,      -5.427548033,      -6.052516729,      -5.985309225,      -4.877033068,             0.448,    0.001076707791,     0.09788582562,                 0,                 0,                 0,    -0.03055177291,   -0.001058916469,      0.0978860197,                 0,       90.91215507
          0,           0,          32,      -5.434347927,      -6.073849554,      -6.003145706,      -4.884170913,             0.448,    0.001084024544,     0.09775305071,                 0,                 0,                 0,    -0.03054600322,   -0.001048704988,       0.097753436,                 0,       90.17604929
          0,           0,          33,      -5.442208298,      -6.095519198,       -6.02126771,      -4.892342498,             0.448,    0.001090502494,     0.09762971518,                 0,                 0,                 0,    -0.03054089554,   -0.001039538029,     0.09763027114,                 0,       89.52727365
          0,           0,          34,      -5.451008487,      -6.117020337,      -6.040066703,      -4.901397937,             0.448,     0.00109610394,     0.09751820758,                 0,                 0,                 0,      -0.030535584,    -0.00103150539,     0.09751891227,                 0,       88.96802938
          0,           0,          35,       -5.46042816,      -6.137805655,       -6.05810619,      -4.911050564,             0.448,    0.001100585311,     0.09741799408,                 0,                 0,                 0,    -0.03053023117,    -0.00102483894,     0.09741882038,                 0,       88.51471405
          0,           0,          36,      -5.470652409,      -6.157412071,      -6.074044505,      -4.921536611,             0.448,    0.001103782523,      0.0973264256,                 0,                 0,                 0,    -0.03052517901,   -0.001019644933,     0.09732734344,                 0,       88.17536388
          0,           0,          37,      -5.481800992,      -6.176430676,      -6.088466408,      -4.932908765,             0.448,    0.001105738874,     0.09724249248,                 0,                 0,                 0,    -0.03052024974,   -0.001015858055,     0.09724347296,                 0,       87.94345097
          0,           0,          38,      -5.493896984,      -6.195341442,      -6.102669256,      -4.945155803,             0.448,    0.001106573394,       0.097166488,                 0,                 0,                 0,    -0.03051509397,   -0.001013365706,     0.09716750478,                 0,       87.80844413
          0,           0,          39,      -5.506916633,      -6.214061809,       -6.11705255,      -4.958282724,             0.448,    0.001106372557,     0.09709844025,                 0,                 0,                 0,    -0.03050960297,   -0.001012082041,     0.09709946884,                 0,       87.76287848
          0,           0,          40,      -5.520833812,      -6.232498215,      -6.131508034,      -4.972280646,             0.448,    0.001105288406,     0.09703814564,                 0,                 0,                 0,    -0.03050364923,   -0.001011850613,     0.09703916493,                 0,       87.79441192
          0,           0,          41,      -5.535587873,      -6.250497971,      -6.145794493,      -4.987060784,             0.448,    0.001103501138,     0.09698530442,                 0,                 0,                 0,    -0.03049715969,   -0.001012484731,      0.0969862973,                 0,       87.88872167
          0,           0,          42,      -5.551096157,      -6.268065753,      -6.159720778,      -5.002560851,             0.448,    0.001101135115,      0.0969392051,                 0,                 0,                 0,    -0.03049029449,   -0.001013844539,     0.09694015733,                 0,       88.03570401
          0,           0,          43,      -5.567306709,      -6.285007497,      -6.172947072,      -5.018745681,             0.448,    0.001098339388,     0.09689866894,                 0,                 0,                 0,    -0.03048320651,    -0.00101575531,     0.09689956983,                 0,       88.22288451
          0,           0,          44,      -5.584348733,      -6.301437083,      -6.185294941,      -5.035728995,             0.448,    0.001095351325,     0.09686447638,                 0,                 0,                 0,    -0.03047562778,   -0.001017996755,     0.09686532022,                 0,       88.43233595
          0,           0,          45,      -5.601678316,      -6.317560742,      -6.196569758,      -5.052964561,             0.448,    0.001092290883,     0.09683681681,                 0,                 0,                 0,     -0.0304676547,   -0.001020453079,     0.09683760046,                 0,       88.65478815
          0,           0,          46,       -5.61922492,      -6.333289481,      -6.206740819,      -5.070412106,             0.448,    0.001089237711,     0.09681444794,                 0,                 0,                 0,    -0.03045957615,   -0.001023017549,     0.09681517032,                 0,       88.88275438
          0,           0,          47,      -5.637131414,      -6.349104177,       -6.21671144,      -5.088168042,             0.448,    0.001086339676,     0.09679679971,                 0,                 0,                 0,     -0.0304513986,     -0.0010255299,     0.09679746307,                 0,       89.10362184
          0,           0,          48,      -5.655315672,       -6.36555706,      -6.227420243,      -5.106138156,             0.448,    0.001083711716,     0.09678347868,                 0,                 0,                 0,    -0.03044317416,   -0.001027866638,     0.09678408788,                 0,       89.30740271
          0,           0,          49,      -5.673675719,       -6.38289082,      -6.238847812,      -5.124255441,             0.448,    0.001081446922,     0.09677441367,                 0,                 0,                 0,    -0.03043491242,   -0.001029933142,     0.09677497562,                 0,       89.48605035
          0,           0,          50,      -5.692375104,      -6.401223312,      -6.250312482,      -5.142706967,             0.448,    0.001079631943,      0.0967692453,                 0,                 0,                 0,    -0.03042660608,   -0.001031634941,     0.09676976888,                 0,       89.63169896
          0,           0,          51,      -5.711605055,      -6.420678429,      -6.261697106,      -5.161666672,             0.448,    0.001078328842,     0.09676729223,                 0,                 0,                 0,    -0.03041830726,   -0.001032895126,     0.09676778785,                 0,       89.73820272
          0,           0,          52,      -5.730522165,      -6.441380256,      -6.273301258,      -5.180233299,             0.448,    0.001077530815,     0.09676931169,                 0,                 0,                 0,    -0.03041001443,   -0.001033737018,     0.09676978942,                 0,       89.80653765
          0,           0,          53,      -5.749028207,      -6.462726126,      -6.284551453,       -5.19839855,             0.448,    0.001077152703,      0.0967742478,                 0,                 0,                 0,    -0.03040204163,    -0.00103422272,     0.09677471611,                 0,       89.84264491
          0,           0,          54,      -5.767233528,      -6.484660765,      -6.296108802,      -5.216259943,             0.448,    0.001077148148,     0.09678126502,                 0,                 0,                 0,    -0.03039454501,   -0.001034380354,     0.09678173156,                 0,       89.84953949
          0,           0,          55,      -5.785300653,       -6.50764036,      -6.308685998,      -5.233953197,             0.448,    0.001077480216,     0.09678990693,                 0,                 0,                 0,    -0.03038760472,   -0.001034236887,     0.09679037866,                 0,       89.82986922
          0,           0,          56,      -5.803354323,      -6.531881268,      -6.322270105,      -5.251615002,             0.448,    0.001078083373,     0.09679979572,                 0,                 0,                 0,    -0.03038131825,   -0.001033849596,     0.09680027825,                 0,       89.78878453
          0,           0,          57,      -5.821474196,      -6.557278411,      -6.336506428,      -5.269345577,             0.448,    0.001078898215,     0.09681063806,                 0,                 0,                 0,    -0.03037574125,   -0.001033271473,     0.09681113579,                 0,       89.73102071
          0,           0,          58,      -5.839692188,      -6.583668435,      -6.351099856,      -5.287181969,             0.448,     0.00107985339,     0.09682196909,                 0,                 0,                 0,    -0.03037098569,   -0.001032563711,     0.09682248496,                 0,       89.66214304
          0,           0,          59,      -5.858031142,      -6.610844422,      -6.366128647,      -5.305142102,             0.448,    0.001080892632,     0.09683350041,                 0,                 0,                 0,    -0.03036708878,    -0.00103177627,      0.0968340362,                 0,        89.5866042
          0,           0,          60,      -5.876559201,      -6.638621477,       -6.38173832,      -5.323301677,             0.448,    0.001081954961,     0.09684495176,                 0,                 0,                 0,    -0.03036406961,   -0.001030964004,     0.09684550801,                 0,       89.50922659
          0,           0,          61,       -5.89534535,      -6.666849372,      -6.397959507,      -5.341746264,             0.448,    0.001082988146,     0.09685603955,                 0,                 0,                 0,     -0.0303619283,   -0.001030172944,      0.0968566157,                 0,       89.43407177
          0,           0,          62,       -5.91441504,      -6.695366751,      -6.414840081,      -5.360502484,             0.448,    0.001083951188,      0.0968665787,                 0,                 0,                 0,    -0.03036061416,   -0.001029440041,     0.09686717334,                 0,        89.3643365
          0,           0,          63,      -5.933792479,      -6.723969416,      -6.432400616,      -5.379590076,             0.448,    0.001084808678,     0.09687640557,                 0,                 0,                 0,    -0.03036008018,   -0.001028797127,     0.09687701658,                 0,       89.30275679
          0,           0,          64,      -5.953501058,      -6.752447913,      -6.450664962,      -5.399033076,             0.448,    0.001085538168,     0.09688523012,                 0,                 0,                 0,     -0.0303602846,   -0.001028260317,     0.09688585495,                 0,       89.25087384
          0,           0,          65,      -5.973500973,      -6.780614701,      -6.469766816,      -5.418795317,             0.448,    0.001086141123,     0.09689305004,                 0,                 0,                 0,    -0.03036109903,   -0.001027828097,     0.09689368617,                 0,       89.20852736
          0,           0,          66,      -5.993630275,      -6.808564356,      -6.489465198,      -5.438704201,             0.448,    0.001086609979,     0.09690008541,                 0,                 0,                 0,    -0.03036240373,   -0.001027512828,     0.09690073009,                 0,       89.17650981
          0,           0,          67,      -6.014002512,       -6.83633908,      -6.509645852,      -5.458902852,             0.448,     0.00108692741,     0.09690615712,                 0,                 0,                 0,    -0.03036416166,   -0.001027327926,     0.09690680728,                 0,        89.1560524
          0,           0,          68,      -6.034582933,      -6.862955082,      -6.530203161,      -5.479379135,             0.448,    0.001087090456,     0.09691098325,                 0,                 0,                 0,    -0.03036633028,     -0.0010272702,     0.09691163582,                 0,        89.1471199
          0,           0,          69,      -6.055226225,      -6.888082796,      -6.551416008,      -5.499965013,             0.448,    0.001087127389,     0.09691495444,                 0,                 0,                 0,    -0.03036873304,   -0.001027319907,     0.09691560687,                 0,       89.14774423
          0,           0,          70,      -6.076052717,      -6.912328615,      -6.573426451,      -5.520804515,             0.448,     0.00108705895,      0.0969182634,                 0,                 0,                 0,    -0.03037125826,   -0.001027460515,     0.09691891354,                 0,        89.1564008
          0,           0,          71,      -6.096980857,      -6.935356309,      -6.596111684,       -5.54183763,             0.448,    0.001086898377,     0.09692087841,                 0,                 0,                 0,    -0.03037385301,   -0.001027678095,     0.09692152442,                 0,       89.17197824
          0,           0,          72,      -6.118016888,      -6.957464986,      -6.619351325,      -5.563045939,             0.448,     0.00108667048,     0.09692287792,                 0,                 0,                 0,    -0.03037643017,   -0.001027949557,     0.09692351849,                 0,       89.19251943
          0,           0,          73,      -6.139135547,      -6.979211751,       -6.64303396,      -5.584381653,             0.448,    0.001086394283,     0.09692434675,                 0,                 0,                 0,    -0.03037892522,   -0.001028257731,     0.09692498095,                 0,       89.21654711
          0,           0,          74,      -6.160314276,      -7.000657576,      -6.666967474,      -5.605824178,             0.448,     0.00108608208,     0.09692534005,                 0,                 0,                 0,    -0.03038129962,   -0.001028591528,      0.0969259672,                 0,       89.24310769
          0,           0,          75,      -6.181508924,      -7.021708974,      -6.691064487,      -5.627329891,             0.448,    0.001085750508,     0.09692595735,                 0,                 0,                 0,    -0.03038349884,   -0.001028936488,     0.09692657712,                 0,       89.27092977
          0,           0,          76,      -6.202618448,      -7.042273592,      -6.715347579,      -5.648793156,             0.448,    0.001085421464,     0.09692638029,                 0,                 0,                 0,    -0.03038545983,    -0.00102927468,     0.09692699278,                 0,       89.29838177
          0,           0,          77,      -6.223537958,      -7.062432361,      -6.739715048,      -5.670103819,             0.448,    0.001085103402,     0.09692668345,                 0,                 0,                 0,    -0.03038717064,   -0.001029599279,     0.09692728893,                 0,       89.32483599
          0,           0,          78,      -6.244176576,      -7.082322678,      -6.763963997,      -5.691157453,             0.448,     0.00108480146,     0.09692689043,                 0,                 0,                 0,    -0.03038863039,   -0.001029905665,     0.09692748928,                 0,       89.34988935
          0,           0,          79,      -6.264440732,      -7.101906448,      -6.787857282,      -5.711850012,             0.448,    0.001084529688,     0.09692716348,                 0,                 0,                 0,    -0.03038979992,   -0.001030183329,     0.09692775633,                 0,       89.37253129
          0,           0,          80,      -6.284264974,      -7.121240325,       -6.81131087,      -5.732106638,             0.448,    0.001084290857,     0.09692756973,                 0,                 0,                 0,      -0.030390681,   -0.001030430965,     0.09692815728,                 0,       89.39259156
          0,           0,          81,      -6.303587365,      -7.140387178,       -6.83419001,      -5.751852514,             0.448,    0.001084085868,     0.09692815975,                 0,                 0,                 0,    -0.03039128068,   -0.001030648777,     0.09692874268,                 0,       89.41003905
          0,           0,          82,       -6.32234341,      -7.159309437,       -6.85618067,      -5.771009714,             0.448,    0.001083918425,     0.09692900124,                 0,                 0,                 0,    -0.03039159914,   -0.001030834537,     0.09692958032,                 0,       89.42462734
          0,           0,          83,      -6.340519167,      -7.177943455,      -6.876950636,      -5.789559207,             0.448,    0.001083782352,     0.09693007302,                 0,                 0,                 0,    -0.03039167162,   -0.001030993958,     0.09693064887,                 0,        89.4368439
          0,           0,          84,      -6.358095985,       -7.19625629,      -6.896109271,      -5.807469824,             0.448,    0.001083679854,      0.0969314253,                 0,                 0,                 0,    -0.03039150409,   -0.001031125931,     0.09693199859,                 0,       89.44655094
          0,           0,          85,      -6.375059021,      -7.214323585,      -6.913569427,      -5.824714379,             0.448,    0.001083613878,     0.09693312664,                 0,                 0,                 0,    -0.03039109338,   -0.001031229007,      0.0969336981,                 0,       89.45356701
          0,           0,          86,      -6.391416155,      -7.232069024,      -6.929379033,      -5.841297217,             0.448,    0.001083580594,     0.09693519255,                 0,                 0,                 0,    -0.03039045983,    -0.00103130735,     0.09693576278,                 0,        89.4582213
          0,           0,          87,      -6.407214396,        -7.2495312,      -6.943569669,      -5.857264271,             0.448,    0.001083574554,     0.09693761453,                 0,                 0,                 0,    -0.03038963335,   -0.001031366224,     0.09693818406,                 0,       89.46095511
          0,           0,          88,      -6.422519505,      -7.266810699,      -6.956244066,      -5.872678535,             0.448,    0.001083591554,      0.0969403699,                 0,                 0,                 0,    -0.03038864347,   -0.001031409337,     0.09694093914,                 0,       89.46209444
          0,           0,          89,      -6.437420469,      -7.283901235,      -6.967659668,      -5.887633446,             0.448,    0.001083629303,     0.09694345688,                 0,                 0,                 0,    -0.03038750935,   -0.001031438938,     0.09694402622,                 0,       89.46182664
          0,           0,          90,      -6.451977237,      -7.300556451,      -6.977841817,      -5.902190916,             0.448,     0.00108367916,     0.09694681403,                 0,                 0,                 0,    -0.03038627127,   -0.001031462329,     0.09694738365,                 0,       89.46080873
          0,           0,          91,      -6.466290569,      -7.316666497,      -6.987051789,      -5.916454339,             0.448,    0.001083742626,     0.09695044667,                 0,                 0,                 0,    -0.03038493242,   -0.001031478124,     0.09695101681,                 0,       89.45892168
          0,           0,          92,       -6.48045022,      -7.332304171,      -6.995535608,      -5.930511029,             0.448,    0.001083827088,     0.09695442252,                 0,                 0,                 0,    -0.03038347213,   -0.001031480414,     0.09695499356,                 0,       89.45561849
          0,           0,          93,      -6.494490551,      -7.347185894,       -7.00374312,      -5.944396354,             0.448,    0.001083920438,     0.09695864358,                 0,                 0,                 0,     -0.0303819429,   -0.001031479169,     0.09695921565,                 0,       89.45180865
          0,           0,          94,      -6.508547051,      -7.361260272,      -7.012027514,      -5.958267502,             0.448,    0.001084021413,     0.09696312928,                 0,                 0,                 0,    -0.03038035595,   -0.001031476072,     0.09696370248,                 0,        89.4476143
          0,           0,          95,      -6.522735152,      -7.374573202,      -7.020771758,      -5.972245844,             0.448,    0.001084125844,     0.09696785509,                 0,                 0,                 0,    -0.03037873016,   -0.001031474759,     0.09696842945,                 0,       89.44335716
          0,           0,          96,      -6.537115989,      -7.387223266,      -7.030070714,       -5.98639391,             0.448,    0.001084229453,     0.09697278158,                 0,                 0,                 0,    -0.03037708603,   -0.001031478646,     0.09697335702,                 0,       89.43935372
          0,           0,          97,      -6.551724909,      -7.399280837,      -7.039996218,      -6.000752224,             0.448,    0.001084331696,     0.09697787847,                 0,                 0,                 0,    -0.03037543691,   -0.001031487615,     0.09697845494,                 0,       89.43562087
          0,           0,          98,      -6.566602555,      -7.410830382,      -7.050679124,      -6.015371257,             0.448,    0.001084433238,     0.09698313858,                 0,                 0,                 0,    -0.03037378599,   -0.001031500846,     0.09698371601,                 0,       89.43209705
          0,           0,          99,      -6.581779985,      -7.422037924,      -7.062264501,      -6.030286624,             0.448,     0.00108453247,      0.0969885368,                 0,                 0,                 0,      -0.030372141,   -0.001031519399,      0.0969891151,                 0,       89.42889171
          0,           0,         100,      -6.597281263,      -7.433100715,      -7.074813491,      -6.045526107,             0.448,    0.001084631062,     0.09699407709,                 0,                 0,                 0,    -0.03037049647,   -0.001031541691,     0.09699465622,                 0,       89.42587067
          0,           0,         101,      -6.613111868,       -7.44410661,      -7.088419221,      -6.061102466,             0.448,    0.001084729275,     0.09699975385,                 0,                 0,                 0,    -0.03036885226,    -0.00103156734,     0.09700033378,                 0,       89.42300725
          0,           0,         102,      -6.629303257,      -7.455102114,      -7.103070269,      -6.077057539,             0.448,    0.001084826384,     0.09700554307,                 0,                 0,                 0,    -0.03036721269,   -0.001031596545,     0.09700612374,                 0,       89.42033905
          0,           0,         103,      -6.645828371,      -7.466394765,      -7.118948635,      -6.093366164,             0.448,    0.001084925027,     0.09701145112,                 0,                 0,                 0,    -0.03036556911,   -0.001031626809,     0.09701203254,                 0,       89.41765442
          0,           0,         104,      -6.662646858,      -7.477895439,      -7.135739962,      -6.109984959,             0.448,     0.00108502338,     0.09701746237,                 0,                 0,                 0,    -0.03036392964,   -0.001031659614,     0.09701804451,                 0,       89.41508924
          0,           0,         105,       -6.67977739,      -7.489607285,      -7.153598345,      -6.126942494,             0.448,    0.001085119793,     0.09702356195,                 0,                 0,                 0,    -0.03036230122,   -0.001031696286,     0.09702414474,                 0,       89.41276581
          0,           0,         106,      -6.697202101,      -7.501862383,      -7.172522977,      -6.144229545,             0.448,    0.001085216002,     0.09702976158,                 0,                 0,                 0,    -0.03036067518,   -0.001031735343,     0.09703034499,                 0,       89.41055179
          0,           0,         107,      -6.714868316,      -7.514904804,      -7.192397468,      -6.161789872,             0.448,    0.001085311391,     0.09703605178,                 0,                 0,                 0,    -0.03035905258,   -0.001031777198,     0.09703663577,                 0,       89.40848922
          0,           0,         108,      -6.732731857,      -7.528725957,      -7.212998599,      -6.179580637,             0.448,    0.001085404798,      0.0970424189,                 0,                 0,                 0,    -0.03035743904,   -0.001031822711,     0.09704300341,                 0,       89.40666106
          0,           0,         109,      -6.750750174,       -7.54324302,      -7.234197996,      -6.197562206,             0.448,    0.001085494267,     0.09704883974,                 0,                 0,                 0,    -0.03035584295,   -0.001031873333,     0.09704942468,                 0,       89.40520713
          0,           0,         110,      -6.768867971,       -7.55844386,      -7.255978403,      -6.215676684,             0.448,     0.00108557596,     0.09705526203,                 0,                 0,                 0,     -0.0303542801,   -0.001031931761,     0.09705584722,                 0,        89.4043951
          0,           0,         111,      -6.787016549,      -7.574378872,      -7.278446995,      -6.233855988,             0.448,     0.00108565462,     0.09706171972,                 0,                 0,                 0,     -0.0303527363,   -0.001031993993,     0.09706230509,                 0,       89.40386556
          0,           0,         112,      -6.805213202,      -7.591052336,      -7.301423092,      -6.252122235,             0.448,    0.001085731336,     0.09706822648,                 0,                 0,                 0,    -0.03035120773,   -0.001032059239,     0.09706881198,                 0,       89.40354139
          0,           0,         113,       -6.82341771,      -7.608300454,      -7.324678359,       -6.27042669,             0.448,    0.001085804169,     0.09707476175,                 0,                 0,                 0,    -0.03034970328,   -0.001032128991,     0.09707534728,                 0,       89.40356333
          0,           0,         114,      -6.841578755,      -7.626000103,      -7.348050263,      -6.288717688,             0.448,    0.001085873297,     0.09708131526,                 0,                 0,                 0,    -0.03034822495,   -0.001032202843,     0.09708190074,                 0,       89.40390699
          0,           0,         115,      -6.859641377,      -7.644167867,      -7.371377321,      -6.306941452,             0.448,    0.001085939533,        0.09708788,                 0,                 0,                 0,    -0.03034677344,   -0.001032279832,     0.09708846536,                 0,       89.40449909
          0,           0,         116,      -6.877556845,      -7.662809402,      -7.394512187,      -6.325044493,             0.448,    0.001086002003,     0.09709443645,                 0,                 0,                 0,    -0.03034535567,   -0.001032360405,     0.09709502161,                 0,       89.40539353
          0,           0,         117,       -6.89528157,      -7.681853516,      -7.417329557,      -6.342976223,             0.448,    0.001086059521,      0.0971009633,                 0,                 0,                 0,    -0.03034397948,   -0.001032445283,     0.09710154816,                 0,       89.40666829
          0,           0,         118,      -6.912780464,      -7.701158427,      -7.439710186,      -6.360695245,             0.448,    0.001086112857,      0.0971074532,                 0,                 0,                 0,    -0.03034264611,   -0.001032533536,     0.09710803768,                 0,       89.40825305
          0,           0,         119,      -6.930030219,      -7.720620236,      -7.461523106,      -6.378170697,             0.448,    0.001086162874,     0.09711389991,                 0,                 0,                 0,    -0.03034135669,   -0.001032624165,     0.09711448395,                 0,       89.41007118
          0,           0,         120,      -6.947016219,      -7.740127298,      -7.482609585,      -6.395381715,             0.448,    0.001086210027,     0.09712029013,                 0,                 0,                 0,     -0.0303401139,   -0.001032716425,     0.09712087368,                 0,       89.41207289
          0,           0,         121,      -6.963712527,      -7.759566143,      -7.502817535,       -6.41229603,             0.448,    0.001086255466,     0.09712661593,                 0,                 0,                 0,     -0.0303389179,   -0.001032808994,     0.09712719897,                 0,       89.41415622
          0,           0,         122,        -6.9801251,      -7.778853846,      -7.521899965,      -6.428913702,             0.448,    0.001086299241,     0.09713286597,                 0,                 0,                 0,    -0.03033777208,   -0.001032901573,     0.09713344847,                 0,       89.41630658
          0,           0,         123,      -6.996267013,      -7.797938648,      -7.539863812,      -6.445239375,             0.448,    0.001086341017,     0.09713902471,                 0,                 0,                 0,    -0.03033668088,   -0.001032994159,     0.09713960666,                 0,       89.41853729
          0,           0,         124,      -7.012156476,      -7.816744606,      -7.556830538,      -6.461288804,             0.448,    0.001086381014,     0.09714508022,                 0,                 0,                 0,    -0.03033564667,   -0.001033086272,      0.0971456616,                 0,        89.4208192
          0,           0,         125,      -7.027819778,      -7.835235422,      -7.572833611,      -6.477088962,             0.448,    0.001086418845,     0.09715101659,                 0,                 0,                 0,    -0.03033467353,   -0.001033177951,     0.09715159738,                 0,       89.42316959
          0,           0,         126,      -7.043282525,      -7.853399712,      -7.587869138,      -6.492664259,             0.448,    0.001086454573,     0.09715682341,                 0,                 0,                 0,    -0.03033376308,   -0.001033268907,      0.0971574036,                 0,       89.42557363
          0,           0,         127,      -7.058578134,      -7.871198433,       -7.60195273,      -6.508045614,             0.448,    0.001086487952,     0.09716248807,                 0,                 0,                 0,    -0.03033291731,   -0.001033359109,     0.09716306764,                 0,          89.42804
          0,           0,         128,      -7.073741769,      -7.888598918,      -7.615154571,      -6.523266098,             0.448,    0.001086518588,     0.09716799667,                 0,                 0,                 0,    -0.03033213846,   -0.001033448651,      0.0971685756,                 0,       89.43058847
          0,           0,         129,      -7.088801301,      -7.905521739,      -7.627599275,       -6.53835547,             0.448,    0.001086546868,     0.09717334335,                 0,                 0,                 0,    -0.03033142551,   -0.001033537014,     0.09717392162,                 0,       89.43318158
          0,           0,         130,      -7.103781231,      -7.921902557,      -7.639433636,      -6.553339295,             0.448,    0.001086572496,     0.09717851784,                 0,                 0,                 0,     -0.0303307792,   -0.001033624273,     0.09717909544,                 0,        89.4358344
          0,           0,         131,      -7.118717716,      -7.937704476,      -7.650765312,      -6.568257272,             0.448,    0.001086595555,     0.09718351532,                 0,                 0,                 0,    -0.03033019823,    -0.00103371024,     0.09718409223,                 0,       89.43853571
          0,           0,         132,      -7.133630929,      -7.952876145,      -7.661706821,      -6.583132126,             0.448,    0.001086615978,     0.09718833149,                 0,                 0,                 0,    -0.03032968131,   -0.001033794885,      0.0971889077,                 0,       89.44128691
          0,           0,         133,      -7.148533345,      -7.967392838,      -7.672366948,      -6.597978601,             0.448,    0.001086634072,     0.09719296443,                 0,                 0,                 0,    -0.03032922576,   -0.001033877863,     0.09719353994,                 0,       89.44406119
          0,           0,         134,      -7.163445542,      -7.981265445,      -7.682836768,       -6.61282239,             0.448,    0.001086649433,     0.09719740764,                 0,                 0,                 0,    -0.03032883112,   -0.001033959433,     0.09719798242,                 0,       89.44688571
          0,           0,         135,        -7.1783775,      -7.994485315,      -7.693191616,      -6.627674546,             0.448,    0.001086661904,     0.09720165732,                 0,                 0,                 0,    -0.03032849576,   -0.001034039672,     0.09720223136,                 0,       89.44976994
          0,           0,         136,      -7.193338099,      -8.007034854,      -7.703588956,      -6.642549275,             0.448,    0.001086671543,     0.09720571272,                 0,                 0,                 0,    -0.03032821698,   -0.001034118503,     0.09720628601,                 0,       89.45270843
          0,           0,         137,      -7.208322668,      -8.018923868,      -7.714081002,       -6.65744606,             0.448,    0.001086677817,     0.09720956882,                 0,                 0,                 0,    -0.03032799409,   -0.001034196351,     0.09721014133,                 0,       89.45574052
          0,           0,         138,      -7.223322039,      -8.030129188,      -7.724732401,      -6.672357296,             0.448,    0.001086680361,     0.09721322167,                 0,                 0,                 0,     -0.0303278257,   -0.001034273494,     0.09721379336,                 0,       89.45889253
          0,           0,         139,      -7.238310906,      -8.040642569,      -7.735614955,      -6.687259233,             0.448,     0.00108667948,     0.09721667329,                 0,                 0,                 0,    -0.03032770817,   -0.001034349672,     0.09721724415,                 0,       89.46214142
          0,           0,         140,      -7.253273804,      -8.050476519,      -7.746779418,       -6.70214181,             0.448,    0.001086675499,     0.09721992687,                 0,                 0,                 0,    -0.03032763776,   -0.001034424628,     0.09722049687,                 0,       89.46546323
          0,           0,         141,       -7.26819674,      -8.059689644,      -7.758286604,      -6.716990825,             0.448,    0.001086668455,     0.09722298405,                 0,                 0,                 0,    -0.03032761153,   -0.001034498363,     0.09722355316,                 0,       89.46885652
          0,           0,         142,      -7.283055326,      -8.068346059,      -7.770151154,      -6.731781356,             0.448,    0.001086658465,     0.09722584703,                 0,                 0,                 0,    -0.03032762629,   -0.001034570805,     0.09722641524,                 0,       89.47231363
          0,           0,         143,       -7.29781428,      -8.076495221,      -7.782355986,      -6.746479416,             0.448,    0.001086645736,     0.09722851894,                 0,                 0,                 0,    -0.03032767866,   -0.001034641819,     0.09722908624,                 0,       89.47582064
          0,           0,         144,      -7.312443042,      -8.084202004,      -7.794883921,      -6.761055573,             0.448,    0.001086630429,     0.09723100318,                 0,                 0,                 0,    -0.03032776544,   -0.001034711316,     0.09723156956,                 0,       89.47936725
          0,           0,         145,      -7.326915507,      -8.091551522,      -7.807737697,      -6.775482717,             0.448,    0.001086612598,     0.09723330307,                 0,                 0,                 0,    -0.03032788382,   -0.001034779315,      0.0972338685,                 0,       89.48295213
          0,           0,         146,      -7.341210633,      -8.098638014,      -7.820896201,      -6.789740989,             0.448,    0.001086592519,     0.09723542383,                 0,                 0,                 0,    -0.03032803029,   -0.001034845653,     0.09723598832,                 0,       89.48655743
          0,           0,         147,      -7.355305763,      -8.105575154,      -7.834351803,       -6.80380581,             0.448,     0.00108657058,     0.09723737238,                 0,                 0,                 0,    -0.03032820102,   -0.001034910093,     0.09723793593,                 0,        89.4901575
          0,           0,         148,      -7.369189195,      -8.112474371,      -7.848085894,      -6.817663496,             0.448,    0.001086547101,      0.0972391555,                 0,                 0,                 0,    -0.03032839249,   -0.001034972466,     0.09723971811,                 0,       89.49373242
          0,           0,         149,      -7.382855872,      -8.119443442,      -7.862084933,      -6.831307374,             0.448,    0.001086522356,     0.09724078007,                 0,                 0,                 0,     -0.0303286014,   -0.001035032645,     0.09724134175,                 0,       89.49726578
          0,           0,         150,      -7.396305915,      -8.126592876,      -7.876330881,      -6.844736352,             0.448,    0.001086496629,     0.09724225345,                 0,                 0,                 0,    -0.03032882453,   -0.001035090507,     0.09724281422,                 0,       89.50074102
          0,           0,         151,      -7.409546021,      -8.134030491,      -7.890793988,      -6.857955775,             0.448,    0.001086470197,     0.09724358333,                 0,                 0,                 0,    -0.03032905876,   -0.001035145944,     0.09724414321,                 0,       89.50414246
          0,           0,         152,      -7.422591397,      -8.141857345,      -7.905436447,      -6.870979202,             0.448,    0.001086443342,     0.09724477775,                 0,                 0,                 0,    -0.03032930107,   -0.001035198849,     0.09724533676,                 0,       89.50745426
          0,           0,         153,      -7.435465113,      -8.150169233,      -7.920221995,      -6.883827981,             0.448,    0.001086416346,     0.09724584504,                 0,                 0,                 0,    -0.03032954854,   -0.001035249122,     0.09724640321,                 0,       89.51066083
          0,           0,         154,       -7.44819651,      -8.159056942,      -7.935120688,      -6.896529992,             0.448,    0.001086389451,     0.09724679364,                 0,                 0,                 0,    -0.03032979841,   -0.001035296704,     0.09724735099,                 0,       89.51374995
          0,           0,         155,      -7.460819313,      -8.168602278,      -7.950098738,      -6.909117873,             0.448,    0.001086362883,      0.0972476317,                 0,                 0,                 0,    -0.03033004822,   -0.001035341547,     0.09724818828,                 0,       89.51671049
          0,           0,         156,      -7.473369234,      -8.178875981,      -7.965131744,      -6.921626661,             0.448,    0.001086336789,     0.09724836614,                 0,                 0,                 0,    -0.03033029598,   -0.001035383657,     0.09724892197,                 0,        89.5195368
          0,           0,         157,       -7.48588151,      -8.189949778,       -7.98020513,      -6.934090911,             0.448,    0.001086311537,     0.09724900701,                 0,                 0,                 0,     -0.0303305389,   -0.001035422883,     0.09724956214,                 0,       89.52220766
          0,           0,         158,      -7.498399843,      -8.201873257,      -7.995292501,      -6.946553933,             0.448,    0.001086287164,     0.09724956146,                 0,                 0,                 0,    -0.03033077547,   -0.001035459346,     0.09725011592,                 0,       89.52472672
          0,           0,         159,      -7.510969838,      -8.214684529,      -8.010393088,      -6.959061295,             0.448,    0.001086263798,     0.09725003717,                 0,                 0,                 0,    -0.03033100396,   -0.001035493083,     0.09725059101,                 0,       89.52709029
          0,           0,         160,      -7.523640956,      -8.228430934,      -8.025495368,      -6.971664077,             0.448,    0.001086241715,      0.0972504434,                 0,                 0,                 0,    -0.03033122223,   -0.001035524023,     0.09725099667,                 0,       89.52928435
          0,           0,         161,      -7.536459245,      -8.243145062,       -8.04059864,      -6.984408363,             0.448,    0.001086220967,     0.09725078707,                 0,                 0,                 0,    -0.03033142915,   -0.001035552264,      0.0972513398,                 0,       89.53131087
          0,           0,         162,      -7.549464938,      -8.258846535,      -8.055694061,      -6.997335033,             0.448,    0.001086201546,     0.09725107447,                 0,                 0,                 0,    -0.03033162388,    -0.00103557795,     0.09725162671,                 0,       89.53317625
          0,           0,         163,      -7.562692381,      -8.275545242,      -8.070781774,      -7.010479868,             0.448,    0.001086183518,     0.09725131233,                 0,                 0,                 0,    -0.03033180542,   -0.001035601162,     0.09725186412,                 0,       89.53488127
          0,           0,         164,      -7.576171804,      -8.293243251,      -8.085872956,      -7.023874397,             0.448,    0.001086166901,     0.09725150665,                 0,                 0,                 0,    -0.03033197309,   -0.001035622015,     0.09725205803,                 0,       89.53642999
          0,           0,         165,      -7.589929857,      -8.311940802,      -8.100981681,       -7.03754649,             0.448,    0.001086151783,     0.09725166399,                 0,                 0,                 0,    -0.03033212606,   -0.001035640561,       0.097252215,                 0,       89.53782104
          0,           0,         166,      -7.603987127,      -8.331627533,      -8.116117439,      -7.051518481,             0.448,    0.001086138205,      0.0972517903,                 0,                 0,                 0,    -0.03033226376,   -0.001035656891,     0.09725234098,                 0,       89.53905664
          0,           0,         167,      -7.618355684,      -8.352272812,      -8.131297517,      -7.065803997,             0.448,    0.001086126157,     0.09725189083,                 0,                 0,                 0,    -0.03033238592,    -0.00103567113,     0.09725244123,                 0,        89.5401425
          0,           0,         168,       -7.63304717,      -8.373841611,      -8.146541621,      -7.080416383,             0.448,    0.001086115631,     0.09725197061,                 0,                 0,                 0,    -0.03033249237,   -0.001035683394,     0.09725252077,                 0,       89.54108371
          0,           0,         169,      -7.648065317,       -8.39628004,      -8.161874848,      -7.095360709,             0.448,      0.0010861066,     0.09725203421,                 0,                 0,                 0,     -0.0303325831,    -0.00103569381,     0.09725258415,                 0,       89.54188681
          0,           0,         170,      -7.663407264,      -8.419514354,      -8.177319701,      -7.110635698,             0.448,    0.001086099028,     0.09725208586,                 0,                 0,                 0,    -0.03033265828,   -0.001035702507,     0.09725263562,                 0,       89.54255863
          0,           0,         171,      -7.679065134,      -8.443446838,      -8.192891334,      -7.126235222,             0.448,     0.00108609288,     0.09725212948,                 0,                 0,                 0,    -0.03033271814,   -0.001035709604,      0.0972526791,                 0,       89.54310561
          0,           0,         172,      -7.695026187,      -8.467956202,      -8.208601414,      -7.142148092,             0.448,    0.001086088114,     0.09725216863,                 0,                 0,                 0,    -0.03033276308,   -0.001035715224,     0.09725271814,                 0,       89.54353464
          0,           0,         173,       -7.71127308,      -8.492896484,      -8.224462634,      -7.158358277,             0.448,    0.001086084672,     0.09725220648,                 0,                 0,                 0,     -0.0303327936,    -0.00103571949,      0.0972527559,                 0,       89.54385322
          0,           0,         174,      -7.727784011,      -8.518095794,      -8.240488477,      -7.174845121,             0.448,    0.001086082491,     0.09725224581,                 0,                 0,                 0,    -0.03033281033,   -0.001035722529,     0.09725279517,                 0,       89.54406924
          0,           0,         175,      -7.744533064,      -8.543358008,      -8.256690161,      -7.191583692,             0.448,    0.001086081499,     0.09725228904,                 0,                 0,                 0,      -0.030332814,   -0.001035724463,     0.09725283837,                 0,       89.54419084
          0,           0,         176,      -7.761490878,      -8.568465656,       -8.27307482,      -7.208545424,             0.448,    0.001086081619,     0.09725233822,                 0,                 0,                 0,    -0.03033280545,   -0.001035725416,     0.09725288754,                 0,       89.54422622
          0,           0,         177,      -7.778625575,       -8.59318539,      -8.289645933,       -7.22569897,             0.448,    0.001086082771,     0.09725239505,                 0,                 0,                 0,    -0.03033278556,   -0.001035725504,     0.09725294439,                 0,       89.54418357
          0,           0,         178,      -7.795903624,      -8.617278101,      -8.306404581,      -7.243011001,             0.448,    0.001086084871,     0.09725246096,                 0,                 0,                 0,    -0.03033275531,   -0.001035724843,     0.09725301032,                 0,       89.54407112
          0,           0,         179,      -7.813290498,      -8.640512027,      -8.323349834,      -7.260446806,             0.448,    0.001086087828,     0.09725253697,                 0,                 0,                 0,    -0.03033271575,   -0.001035723544,     0.09725308638,                 0,       89.54389731
          0,           0,         180,      -7.830751997,      -8.662680997,      -8.340478782,      -7.277971663,             0.448,     0.00108609154,      0.0972526236,                 0,                 0,                 0,    -0.03033266799,   -0.001035721723,     0.09725317307,                 0,       89.54367104
          0,           0,         181,      -7.848252703,      -8.683624418,      -8.357795561,      -7.295549239,             0.448,    0.001086095905,       0.097252721,                 0,                 0,                 0,    -0.03033261319,   -0.001035719484,     0.09725327054,                 0,       89.54340084
          0,           0,         182,      -7.865755505,      -8.703252228,      -8.375319274,      -7.313141342,             0.448,    0.001086100918,     0.09725282995,                 0,                 0,                 0,    -0.03033255218,    -0.00103571685,     0.09725337958,                 0,       89.54308791
          0,           0,         183,      -7.883244448,      -8.721558841,      -8.392995117,      -7.330730818,             0.448,    0.001086106431,     0.09725295002,                 0,                 0,                 0,    -0.03033248624,   -0.001035713957,     0.09725349974,                 0,       89.54274396
          0,           0,         184,      -7.900696513,      -8.738588693,      -8.410813323,      -7.348291813,             0.448,    0.001086112309,     0.09725308059,                 0,                 0,                 0,    -0.03033241663,   -0.001035710929,      0.0972536304,                 0,       89.54237956
          0,           0,         185,      -7.918089907,      -8.754475252,      -8.428753848,      -7.365800882,             0.448,    0.001086118494,     0.09725322126,                 0,                 0,                 0,    -0.03033234429,   -0.001035707814,     0.09725377118,                 0,       89.54199915
          0,           0,         186,      -7.935408588,      -8.769409209,      -8.446794381,      -7.383239933,             0.448,    0.001086124901,     0.09725337124,                 0,                 0,                 0,    -0.03033227029,    -0.00103570468,     0.09725392127,                 0,       89.54160901
          0,           0,         187,      -7.952641132,      -8.783606737,      -8.464908723,      -7.400594042,             0.448,    0.001086131422,     0.09725352938,                 0,                 0,                 0,    -0.03033219574,   -0.001035701611,      0.0972540795,                 0,       89.54121704
          0,           0,         188,       -7.96978206,      -8.797311763,       -8.48308025,      -7.417855293,             0.448,     0.00108613796,      0.0972536944,                 0,                 0,                 0,    -0.03033212166,   -0.001035698674,     0.09725424463,                 0,       89.54082999
          0,           0,         189,      -7.986830907,      -8.810784771,      -8.501291516,      -7.435021412,             0.448,    0.001086144441,      0.0972538651,                 0,                 0,                 0,    -0.03033204893,   -0.001035695918,     0.09725441543,                 0,       89.54045285
          0,           0,         190,      -8.003791344,      -8.824271678,      -8.519513509,      -7.452093713,             0.448,    0.001086150778,     0.09725404002,                 0,                 0,                 0,    -0.03033197844,   -0.001035693398,     0.09725459045,                 0,       89.54009146
          0,           0,         191,        -8.0206711,      -8.837990669,      -8.537707254,      -7.469077639,             0.448,    0.001086156894,     0.09725421768,                 0,                 0,                 0,    -0.03033191098,   -0.001035691159,      0.0972547682,                 0,       89.53975082
          0,           0,         192,      -8.037481155,      -8.852128371,      -8.555831173,      -7.485982432,             0.448,    0.001086162727,     0.09725439661,                 0,                 0,                 0,    -0.03033184724,   -0.001035689231,     0.09725494721,                 0,       89.53943473
          0,           0,         193,      -8.054235482,      -8.866836354,      -8.573844165,      -7.502820733,             0.448,    0.001086168221,     0.09725457518,                 0,                 0,                 0,    -0.03033178782,   -0.001035687634,     0.09725512586,                 0,        89.5391462
          0,           0,         194,      -8.070949612,       -8.88222354,      -8.591714548,      -7.519606874,             0.448,    0.001086173338,     0.09725475213,                 0,                 0,                 0,    -0.03033173318,   -0.001035686378,     0.09725530288,                 0,       89.53888731
          0,           0,         195,       -8.08764072,      -8.898364396,      -8.609404864,      -7.536357309,             0.448,    0.001086178028,     0.09725492607,                 0,                 0,                 0,    -0.03033168375,   -0.001035685484,     0.09725547688,                 0,       89.53866086
          0,           0,         196,      -8.104327154,      -8.915279459,      -8.626872259,      -7.553089941,             0.448,    0.001086182233,     0.09725509538,                 0,                 0,                 0,    -0.03033163995,   -0.001035684974,     0.09725564624,                 0,        89.5384701
          0,           0,         197,      -8.121020677,        -8.9329301,      -8.644081272,      -7.569815592,             0.448,    0.001086185945,     0.09725525891,                 0,                 0,                 0,    -0.03033160196,    -0.00103568483,     0.09725580982,                 0,       89.53831466
          0,           0,         198,      -8.137734714,      -8.951234324,      -8.660990594,      -7.586548421,             0.448,    0.001086189154,      0.0972554156,                 0,                 0,                 0,    -0.03033156987,    -0.00103568504,     0.09725596654,                 0,       89.53819442
          0,           0,         199,      -8.154483663,      -8.970090685,      -8.677573161,      -7.603303349,             0.448,    0.001086191841,     0.09725556438,                 0,                 0,                 0,    -0.03033154378,   -0.001035685599,     0.09725611534,                 0,       89.53810986
          0,           0,         200,      -8.171279005,      -8.989342068,       -8.69380812,      -7.620091935,             0.448,    0.001086194005,     0.09725570432,                 0,                 0,                 0,    -0.03033152367,   -0.001035686488,     0.09725625529,                 0,       89.53806028
          0,           0,         201,      -8.188125638,      -9.008770792,       -8.70966771,      -7.636919667,             0.448,    0.001086195656,     0.09725583466,                 0,                 0,                 0,    -0.03033150943,   -0.001035687681,     0.09725638564,                 0,       89.53804422
          0,           0,         202,      -8.205026121,      -9.028119873,      -8.725131962,      -7.653790033,             0.448,     0.00108619678,     0.09725595459,                 0,                 0,                 0,    -0.03033150101,   -0.001035689173,     0.09725650557,                 0,       89.53806194
          0,           0,         203,      -8.221984937,      -9.047108361,      -8.740203442,      -7.670708393,             0.448,     0.00108619738,     0.09725606348,                 0,                 0,                 0,    -0.03033149823,   -0.001035690949,     0.09725661444,                 0,       89.53811272
          0,           0,         204,       -8.23900319,      -9.065448136,      -8.754902505,      -7.687676601,             0.448,    0.001086197475,     0.09725616087,                 0,                 0,                 0,    -0.03033150088,   -0.001035692979,     0.09725671181,                 0,       89.53819458
          0,           0,         205,      -8.256077824,       -9.08285848,      -8.769256592,      -7.704692537,             0.448,    0.001086197084,      0.0972562464,                 0,                 0,                 0,    -0.03033150868,   -0.001035695236,     0.09725679731,                 0,       89.53830558
          0,           0,         206,      -8.273204049,      -9.099071957,      -8.783293458,      -7.721752375,             0.448,    0.001086196226,     0.09725631979,                 0,                 0,                 0,    -0.03033152136,   -0.001035697695,     0.09725687067,                 0,       89.53844388
          0,           0,         207,      -8.290376782,      -9.113858913,      -8.797044508,      -7.738851928,             0.448,    0.001086194924,     0.09725638086,                 0,                 0,                 0,    -0.03033153862,   -0.001035700328,     0.09725693169,                 0,       89.53860739
          0,           0,         208,       -8.30759089,      -9.127060733,      -8.810550797,      -7.755986979,             0.448,    0.001086193207,     0.09725642952,                 0,                 0,                 0,    -0.03033156012,   -0.001035703107,      0.0972569803,                 0,       89.53879376
          0,           0,         209,      -8.324841318,      -9.138613866,      -8.823864677,      -7.773153413,             0.448,    0.001086191103,     0.09725646577,                 0,                 0,                 0,     -0.0303315855,   -0.001035706001,      0.0972570165,                 0,       89.53900055
          0,           0,         210,      -8.342123465,      -9.148558348,       -8.83704718,      -7.790347505,             0.448,    0.001086188645,     0.09725648964,                 0,                 0,                 0,    -0.03033161442,   -0.001035708978,      0.0972570403,                 0,       89.53922512
          0,           0,         211,       -8.35943318,       -9.15703432,      -8.850165782,      -7.807565937,             0.448,    0.001086185869,     0.09725650131,                 0,                 0,                 0,    -0.03033164651,   -0.001035712009,     0.09725705191,                 0,       89.53946476
          0,           0,         212,      -8.376767684,      -9.164266638,      -8.863289159,      -7.824806846,             0.448,    0.001086182808,     0.09725650105,                 0,                 0,                 0,    -0.03033168137,   -0.001035715064,     0.09725705159,                 0,       89.53971685
          0,           0,         213,      -8.394126355,      -9.170531125,      -8.876484395,      -7.842070638,             0.448,    0.001086179497,     0.09725648918,                 0,                 0,                 0,    -0.03033171864,   -0.001035718114,     0.09725703965,                 0,       89.53997882
          0,           0,         214,      -8.411509216,      -9.176128139,      -8.889820329,      -7.859358296,             0.448,    0.001086175974,     0.09725646604,                 0,                 0,                 0,    -0.03033175795,   -0.001035721132,     0.09725701644,                 0,       89.54024796
          0,           0,         215,       -8.42891823,      -9.181369712,      -8.903364628,       -7.87667279,             0.448,    0.001086172276,     0.09725643203,                 0,                 0,                 0,    -0.03033179892,   -0.001035724087,     0.09725698236,                 0,       89.54052151
          0,           0,         216,      -8.446357157,      -9.186560383,      -8.917182728,      -7.894018951,             0.448,    0.001086168441,     0.09725638765,                 0,                 0,                 0,    -0.03033184118,   -0.001035726954,      0.0972569379,                 0,       89.54079682
          0,           0,         217,      -8.463831177,      -9.191978786,      -8.931337073,      -7.911403066,             0.448,    0.001086164504,      0.0972563334,                 0,                 0,                 0,    -0.03033188436,   -0.001035729705,     0.09725688358,                 0,       89.54107137
          0,           0,         218,      -8.481346544,      -9.197869192,      -8.945886335,      -7.928832548,             0.448,    0.001086160503,     0.09725626986,                 0,                 0,                 0,    -0.03033192813,   -0.001035732319,     0.09725681997,                 0,        89.5413427
          0,           0,         219,      -8.498910212,      -9.204440514,      -8.960884757,      -7.946315591,             0.448,    0.001086156474,     0.09725619764,                 0,                 0,                 0,    -0.03033197213,   -0.001035734773,     0.09725674768,                 0,       89.54160842
          0,           0,         220,      -8.516529347,      -9.211867225,      -8.976381466,      -7.963860666,             0.448,    0.001086152449,     0.09725611739,                 0,                 0,                 0,    -0.03033201604,   -0.001035737046,     0.09725666736,                 0,       89.54186631
          0,           0,         221,      -8.534210703,      -9.220290436,      -8.992419648,      -7.981475859,             0.448,    0.001086148462,      0.0972560298,                 0,                 0,                 0,    -0.03033205954,    -0.00103573912,      0.0972565797,                 0,       89.54211433
          0,           0,         222,      -8.551959972,      -9.229820086,      -9.009035639,      -7.999168187,             0.448,    0.001086144544,     0.09725593558,                 0,                 0,                 0,    -0.03033210236,   -0.001035740982,     0.09725648542,                 0,       89.54235059
          0,           0,         223,      -8.569781135,      -9.240538025,      -9.026258145,      -8.016942906,             0.448,    0.001086140723,     0.09725583545,                 0,                 0,                 0,    -0.03033214422,   -0.001035742618,     0.09725638523,                 0,       89.54257344
          0,           0,         224,      -8.587675801,      -9.252500583,      -9.044107542,      -8.034802822,             0.448,    0.001086137024,     0.09725573016,                 0,                 0,                 0,    -0.03033218487,    -0.00103574402,     0.09725627989,                 0,       89.54278144
          0,           0,         225,      -8.605642594,      -9.265740361,      -9.062595137,      -8.052747631,             0.448,    0.001086133471,     0.09725562046,                 0,                 0,                 0,    -0.03033222409,   -0.001035745178,     0.09725617014,                 0,       89.54297333
          0,           0,         226,      -8.623676617,      -9.280267429,      -9.081722297,       -8.07077335,             0.448,    0.001086130086,     0.09725550711,                 0,                 0,                 0,    -0.03033226168,   -0.001035746091,     0.09725605673,                 0,        89.5431481
          0,           0,         227,      -8.641769037,       -9.29606993,       -9.10147943,      -8.088871863,             0.448,    0.001086126884,     0.09725539084,                 0,                 0,                 0,    -0.03033229747,   -0.001035746755,     0.09725594042,                 0,       89.54330496
          0,           0,         228,      -8.659906813,      -9.313114025,      -9.121844801,      -8.107030598,             0.448,    0.001086123883,     0.09725527241,                 0,                 0,                 0,    -0.03033233131,   -0.001035747171,     0.09725582195,                 0,       89.54344334
          0,           0,         229,      -8.678072569,      -9.331343121,      -9.142783172,      -8.125232363,             0.448,    0.001086121095,     0.09725515254,                 0,                 0,                 0,    -0.03033236308,   -0.001035747344,     0.09725570206,                 0,       89.54356288
          0,           0,         230,      -8.696244634,      -9.350676391,      -9.164244291,      -8.143455331,             0.448,    0.001086118528,     0.09725503197,                 0,                 0,                 0,    -0.03033239269,    -0.00103574728,     0.09725558146,                 0,       89.54366346
          0,           0,         231,      -8.714397276,       -9.37100676,      -9.186161371,      -8.161673226,             0.448,     0.00108611619,     0.09725491139,                 0,                 0,                 0,    -0.03033242007,   -0.001035746987,     0.09725546086,                 0,       89.54374519
          0,           0,         232,      -8.732501131,      -9.392198984,      -9.208449686,      -8.179855702,             0.448,    0.001086114085,     0.09725479149,                 0,                 0,                 0,    -0.03033244517,   -0.001035746476,     0.09725534094,                 0,       89.54380837
          0,           0,         233,      -8.750523849,      -9.414088244,      -9.231005541,      -8.197968942,             0.448,    0.001086112213,     0.09725467291,                 0,                 0,                 0,    -0.03033246799,   -0.001035745761,     0.09725522234,                 0,       89.54385352
          0,           0,         234,      -8.768430956,      -9.436480251,      -9.253705784,      -8.215976493,             0.448,    0.001086110573,     0.09725455625,                 0,                 0,                 0,    -0.03033248854,   -0.001035744856,     0.09725510568,                 0,       89.54388136
          0,           0,         235,      -8.786186933,      -9.459153247,      -9.276408243,      -8.233840343,             0.448,    0.001086109159,     0.09725444207,                 0,                 0,                 0,    -0.03033250685,   -0.001035743778,     0.09725499149,                 0,       89.54389274
          0,           0,         236,      -8.803756507,       -9.48186307,      -9.298953324,      -8.251522252,             0.448,    0.001086107966,     0.09725433084,                 0,                 0,                 0,    -0.03033252301,   -0.001035742544,     0.09725488026,                 0,       89.54388869
          0,           0,         237,      -8.821106103,      -9.504351787,      -9.321167235,      -8.268985301,             0.448,    0.001086106985,     0.09725422299,                 0,                 0,                 0,    -0.03033253708,   -0.001035741173,     0.09725477241,                 0,       89.54387033
          0,           0,         238,      -8.838205393,       -9.52636011,      -9.342867128,      -8.286195581,             0.448,    0.001086106204,     0.09725411884,                 0,                 0,                 0,    -0.03033254917,   -0.001035739682,     0.09725466828,                 0,       89.54383882
          0,           0,         239,      -8.855028816,      -9.547643281,      -9.363868356,      -8.303123891,             0.448,    0.001086105612,     0.09725401867,                 0,                 0,                 0,    -0.03033255941,   -0.001035738088,     0.09725456811,                 0,        89.5437954
          0,           0,         240,      -8.871556959,      -9.567988574,      -9.383993907,        -8.3197473,             0.448,    0.001086105196,     0.09725392266,                 0,                 0,                 0,     -0.0303325679,    -0.00103573641,     0.09725447212,                 0,       89.54374128
          0,           0,         241,      -8.887777641,      -9.587232645,      -9.403085424,      -8.336050411,             0.448,    0.001086104943,     0.09725383094,                 0,                 0,                 0,     -0.0303325748,   -0.001035734662,     0.09725438042,                 0,       89.54367769
          0,           0,         242,      -8.903685818,      -9.605276294,      -9.421015808,      -8.352025218,             0.448,    0.001086104839,     0.09725374359,                 0,                 0,                 0,    -0.03033258022,    -0.00103573286,     0.09725429309,                 0,       89.54360583
          0,           0,         243,      -8.919284987,      -9.622095235,      -9.437710964,      -8.367672686,             0.448,    0.001086104874,     0.09725366066,                 0,                 0,                 0,    -0.03033258428,   -0.001035731016,     0.09725421018,                 0,       89.54352657
          0,           0,         244,      -8.934589249,      -9.637735603,      -9.453126385,      -8.383006086,             0.448,    0.001086105031,     0.09725358212,                 0,                 0,                 0,    -0.03033258715,   -0.001035729146,     0.09725413166,                 0,       89.54344135
          0,           0,         245,      -8.949614843,      -9.652302892,      -9.467261679,      -8.398040966,             0.448,    0.001086105293,     0.09725350791,                 0,                 0,                 0,    -0.03033258895,   -0.001035727265,     0.09725405747,                 0,       89.54335144
          0,           0,         246,      -8.964387227,      -9.665952791,      -9.480178367,      -8.412802481,             0.448,    0.001086105648,     0.09725343796,                 0,                 0,                 0,     -0.0303325898,   -0.001035725384,     0.09725398754,                 0,       89.54325775
          0,           0,         247,      -8.978938059,      -9.678880036,      -9.491995905,      -8.427322776,             0.448,    0.001086106084,     0.09725337218,                 0,                 0,                 0,    -0.03033258982,   -0.001035723514,     0.09725392179,                 0,       89.54316124
          0,           0,         248,      -8.993301244,      -9.691307966,      -9.502875644,      -8.441637241,             0.448,    0.001086106587,     0.09725331046,                 0,                 0,                 0,    -0.03033258913,   -0.001035721664,      0.0972538601,                 0,        89.5430629
          0,           0,         249,      -9.007511855,      -9.703468549,      -9.513002171,      -8.455783064,             0.448,    0.001086107146,     0.09725325266,                 0,                 0,                 0,    -0.03033258785,   -0.001035719844,     0.09725380232,                 0,       89.54296361
          0,           0,         250,      -9.021605269,      -9.715580664,      -9.522569349,      -8.469798082,             0.448,    0.001086107748,     0.09725319863,                 0,                 0,                 0,    -0.03033258608,   -0.001035718063,     0.09725374832,                 0,        89.5428642
          0,           0,         251,      -9.035615682,       -9.72783985,      -9.531770565,      -8.483719382,             0.448,    0.001086108383,     0.09725314821,                 0,                 0,                 0,    -0.03033258391,   -0.001035716329,     0.09725369793,                 0,       89.54276546
          0,           0,         252,      -9.049574865,      -9.740413473,      -9.540790967,      -8.497582055,             0.448,     0.00108610904,     0.09725310124,                 0,                 0,                 0,    -0.03033258144,   -0.001035714648,     0.09725365098,                 0,       89.54266809
          0,           0,         253,      -9.063511302,      -9.753437301,      -9.549801877,       -8.51141813,             0.448,    0.001086109708,     0.09725305753,                 0,                 0,                 0,    -0.03033257876,   -0.001035713026,      0.0972536073,                 0,       89.54257275
          0,           0,         254,      -9.077449368,      -9.767014745,      -9.558957418,      -8.525255561,             0.448,    0.001086110379,     0.09725301692,                 0,                 0,                 0,    -0.03033257594,   -0.001035711469,      0.0972535667,                 0,       89.54248003
          0,           0,         255,      -9.091408507,      -9.781218616,      -9.568392499,      -8.539117349,             0.448,    0.001086111044,     0.09725297921,                 0,                 0,                 0,    -0.03033257305,   -0.001035709981,     0.09725352902,                 0,       89.54239044
          0,           0,         256,      -9.105402642,      -9.796093507,      -9.578221417,      -8.553020894,             0.448,    0.001086111697,     0.09725294422,                 0,                 0,                 0,    -0.03033257016,   -0.001035708566,     0.09725349406,                 0,       89.54230443
          0,           0,         257,      -9.119439886,      -9.811657052,      -9.588537311,      -8.566977639,             0.448,     0.00108611233,     0.09725291178,                 0,                 0,                 0,    -0.03033256731,   -0.001035707225,     0.09725346164,                 0,       89.54222238
          0,           0,         258,      -9.133522491,      -9.827900246,      -9.599412817,      -8.580992906,             0.448,    0.001086112938,     0.09725288171,                 0,                 0,                 0,    -0.03033256456,   -0.001035705962,     0.09725343159,                 0,        89.5421446
          0,           0,         259,      -9.147646967,       -9.84478893,      -9.610901541,      -8.595065934,             0.448,    0.001086113515,     0.09725285383,                 0,                 0,                 0,    -0.03033256196,   -0.001035704776,     0.09725340373,                 0,       89.54207132
          0,           0,         260,      -9.161804392,      -9.862265186,      -9.623039557,      -8.609190104,             0.448,    0.001086114058,     0.09725282798,                 0,                 0,                 0,    -0.03033255952,   -0.001035703669,     0.09725337789,                 0,       89.54200272
          0,           0,         261,      -9.175980874,      -9.880249248,      -9.635846828,      -8.623353351,             0.448,    0.001086114565,     0.09725280398,                 0,                 0,                 0,    -0.03033255729,    -0.00103570264,     0.09725335391,                 0,       89.54193891
          0,           0,         262,      -9.190158187,      -9.898642036,      -9.649328406,      -8.637538767,             0.448,    0.001086115031,      0.0972527817,                 0,                 0,                 0,    -0.03033255527,   -0.001035701687,     0.09725333164,                 0,       89.54187994
          0,           0,         263,      -9.204314559,       -9.91732829,      -9.663475449,       -8.65172535,             0.448,    0.001086115456,     0.09725276097,                 0,                 0,                 0,    -0.03033255349,    -0.00103570081,     0.09725331093,                 0,       89.54182581
          0,           0,         264,      -9.218425596,      -9.936180842,      -9.678266104,      -8.665888921,             0.448,    0.001086115839,     0.09725274166,                 0,                 0,                 0,    -0.03033255196,   -0.001035700006,     0.09725329163,                 0,       89.54177645
          0,           0,         265,      -9.232465332,      -9.955066063,      -9.693666151,      -8.680003157,             0.448,     0.00108611618,     0.09725272363,                 0,                 0,                 0,    -0.03033255068,   -0.001035699272,     0.09725327362,                 0,       89.54173175
          0,           0,         266,      -9.246407358,      -9.973850397,       -9.70962961,      -8.694040729,             0.448,    0.001086116479,     0.09725270677,                 0,                 0,                 0,    -0.03033254964,   -0.001035698605,     0.09725325677,                 0,       89.54169156
          0,           0,         267,      -9.260225996,      -9.992407016,      -9.726099322,      -8.707974491,             0.448,    0.001086116738,     0.09725269096,                 0,                 0,                 0,    -0.03033254886,   -0.001035698001,     0.09725324097,                 0,       89.54165569
          0,           0,         268,      -9.273896713,       -10.0106217,       -9.74300469,      -8.721777915,             0.448,    0.001086116958,      0.0972526761,                 0,                 0,                 0,    -0.03033254831,   -0.001035697457,     0.09725322611,                 0,       89.54162386
          0,           0,         269,       -9.28739728,      -10.02839751,      -9.760257652,      -8.735426592,             0.448,    0.001086117143,     0.09725266209,                 0,                 0,                 0,    -0.03033254798,   -0.001035696967,     0.09725321211,                 0,       89.54159573
          0,           0,         270,      -9.300711283,      -10.04567353,      -9.777766667,      -8.748901609,             0.448,    0.001086117293,     0.09725264885,                 0,                 0,                 0,    -0.03033254787,   -0.001035696528,     0.09725319888,                 0,       89.54157115
          0,           0,         271,      -9.313828686,      -10.06241658,      -9.795454843,      -8.762189392,             0.448,    0.001086117411,     0.09725263629,                 0,                 0,                 0,    -0.03033254796,   -0.001035696136,     0.09725318633,                 0,       89.54154988
          0,           0,         272,      -9.326743572,      -10.07863095,      -9.813241974,      -8.775280704,             0.448,    0.001086117499,     0.09725262436,                 0,                 0,                 0,    -0.03033254824,   -0.001035695787,     0.09725317439,                 0,       89.54153156
          0,           0,         273,      -9.339453898,      -10.09436081,      -9.831038465,       -8.78817049,             0.448,    0.001086117563,     0.09725261298,                 0,                 0,                 0,    -0.03033254868,   -0.001035695475,     0.09725316302,                 0,       89.54151587
          0,           0,         274,       -9.35196327,      -10.10967203,      -9.848747617,      -8.800859224,             0.448,    0.001086117604,     0.09725260211,                 0,                 0,                 0,    -0.03033254927,   -0.001035695197,     0.09725315215,                 0,        89.5415025
          0,           0,         275,      -9.364281212,      -10.12464371,      -9.866274115,      -8.813353292,             0.448,    0.001086117625,      0.0972525917,                 0,                 0,                 0,    -0.03033254998,   -0.001035694949,     0.09725314175,                 0,       89.54149113
          0,           0,         276,      -9.376422208,      -10.13936865,      -9.883532431,      -8.825664389,             0.448,    0.001086117631,     0.09725258172,                 0,                 0,                 0,     -0.0303325508,   -0.001035694725,     0.09725313177,                 0,       89.54148149
          0,           0,         277,      -9.388405042,      -10.15394995,      -9.900451782,      -8.837808908,             0.448,    0.001086117623,     0.09725257214,                 0,                 0,                 0,    -0.03033255171,   -0.001035694524,     0.09725312219,                 0,       89.54147326
          0,           0,         278,      -9.400252152,      -10.16849319,      -9.916978575,       -8.84980722,             0.448,    0.001086117606,     0.09725256293,                 0,                 0,                 0,    -0.03033255268,    -0.00103569434,     0.09725311298,                 0,        89.5414662
          0,           0,         279,       -9.41198862,      -10.18310011,      -9.933077887,      -8.861682713,             0.448,    0.001086117582,     0.09725255406,                 0,                 0,                 0,     -0.0303325537,   -0.001035694171,     0.09725310412,                 0,       89.54146007
          0,           0,         280,      -9.423641154,      -10.19786361,      -9.948734071,      -8.873460827,             0.448,    0.001086117552,     0.09725254553,                 0,                 0,                 0,    -0.03033255475,   -0.001035694014,     0.09725309559,                 0,       89.54145463
          0,           0,         281,      -9.435237279,      -10.21286221,      -9.963950256,      -8.885168202,             0.448,    0.001086117521,     0.09725253733,                 0,                 0,                 0,    -0.03033255581,   -0.001035693867,     0.09725308739,                 0,       89.54144968
          0,           0,         282,      -9.446804613,      -10.22815535,      -9.978747146,      -8.896831896,             0.448,    0.001086117489,     0.09725252944,                 0,                 0,                 0,    -0.03033255686,   -0.001035693727,      0.0972530795,                 0,       89.54144506
          0,           0,         283,      -9.458370152,      -10.24378029,      -9.993161172,      -8.908478601,             0.448,    0.001086117458,     0.09725252187,                 0,                 0,                 0,     -0.0303325579,   -0.001035693592,     0.09725307193,                 0,        89.5414406
          0,           0,         284,      -9.469959613,      -10.25975137,      -10.00724195,      -8.920133952,             0.448,    0.001086117431,      0.0972525146,                 0,                 0,                 0,     -0.0303325589,   -0.001035693461,     0.09725306467,                 0,       89.54143618
          0,           0,         285,      -9.481596937,      -10.27605941,      -10.02104896,      -8.931821968,             0.448,    0.001086117408,     0.09725250765,                 0,                 0,                 0,    -0.03033255985,   -0.001035693333,     0.09725305771,                 0,       89.54143167
          0,           0,         286,      -9.493303888,      -10.29267328,      -10.03464778,      -8.943564632,             0.448,     0.00108611739,     0.09725250101,                 0,                 0,                 0,    -0.03033256074,   -0.001035693205,     0.09725305107,                 0,         89.541427
          0,           0,         287,      -9.505099794,       -10.3095411,      -10.04810634,      -8.955381599,             0.448,    0.001086117379,     0.09725249468,                 0,                 0,                 0,    -0.03033256156,   -0.001035693078,     0.09725304474,                 0,       89.54142209
          0,           0,         288,      -9.517001397,       -10.3265925,      -10.06149161,      -8.967290033,             0.448,    0.001086117375,     0.09725248867,                 0,                 0,                 0,    -0.03033256231,   -0.001035692951,     0.09725303873,                 0,        89.5414169
          0,           0,         289,      -9.529022813,      -10.34374123,      -10.07486663,      -8.979304548,             0.448,    0.001086117378,     0.09725248298,                 0,                 0,                 0,    -0.03033256297,   -0.001035692824,     0.09725303304,                 0,       89.54141138
          0,           0,         290,      -9.541175582,      -10.36088927,        -10.088288,       -8.99143725,             0.448,    0.001086117389,     0.09725247761,                 0,                 0,                 0,    -0.03033256355,   -0.001035692696,     0.09725302768,                 0,       89.54140553
          0,           0,         291,      -9.553468774,       -10.3779311,      -10.10180402,      -9.003697843,             0.448,    0.001086117408,     0.09725247257,                 0,                 0,                 0,    -0.03033256403,   -0.001035692567,     0.09725302264,                 0,       89.54139934
          0,           0,         292,      -9.565909139,      -10.39476037,       -10.1154532,      -9.016093789,             0.448,    0.001086117435,     0.09725246786,                 0,                 0,                 0,    -0.03033256441,   -0.001035692437,     0.09725301793,                 0,       89.54139281
          0,           0,         293,      -9.578501301,      -10.41127601,      -10.12926343,      -9.028630508,             0.448,    0.001086117469,     0.09725246348,                 0,                 0,                 0,     -0.0303325647,   -0.001035692308,     0.09725301355,                 0,       89.54138596
          0,           0,         294,      -9.591247943,      -10.42738933,      -10.14325149,       -9.04131158,             0.448,     0.00108611751,     0.09725245943,                 0,                 0,                 0,     -0.0303325649,   -0.001035692178,      0.0972530095,                 0,       89.54137882
          0,           0,         295,      -9.604150029,      -10.44303024,      -10.15742294,      -9.054138981,             0.448,    0.001086117559,     0.09725245571,                 0,                 0,                 0,      -0.030332565,   -0.001035692049,     0.09725300579,                 0,       89.54137142
          0,           0,         296,      -9.617207002,      -10.45815321,      -10.17177236,       -9.06711329,             0.448,    0.001086117613,     0.09725245232,                 0,                 0,                 0,    -0.03033256501,    -0.00103569192,      0.0972530024,                 0,        89.5413638
          0,           0,         297,      -9.630416977,      -10.47274057,      -10.18628385,       -9.08023389,             0.448,    0.001086117673,     0.09725244926,                 0,                 0,                 0,    -0.03033256493,   -0.001035691793,     0.09725299934,                 0,       89.54135601
          0,           0,         298,      -9.643776921,       -10.4868043,      -10.20093189,       -9.09349916,             0.448,    0.001086117739,     0.09725244652,                 0,                 0,                 0,    -0.03033256477,   -0.001035691668,     0.09725299661,                 0,       89.54134809
          0,           0,         299,      -9.657282804,      -10.50038572,      -10.21568241,      -9.106906621,             0.448,    0.001086117809,      0.0972524441,                 0,                 0,                 0,    -0.03033256453,   -0.001035691545,     0.09725299419,                 0,       89.54134009
          0,           0,         300,      -9.670929724,      -10.51355222,      -10.23049415,      -9.120453065,             0.448,    0.001086117883,     0.09725244199,                 0,                 0,                 0,    -0.03033256421,   -0.001035691425,     0.09725299208,                 0,       89.54133207
          0,           0,         301,      -9.684712012,       -10.5263933,      -10.24532034,      -9.134134644,             0.448,    0.001086117959,     0.09725244018,                 0,                 0,                 0,    -0.03033256383,   -0.001035691309,     0.09725299027,                 0,       89.54132407
          0,           0,         302,      -9.698623294,      -10.53901428,      -10.26011054,      -9.147946918,             0.448,    0.001086118038,     0.09725243866,                 0,                 0,                 0,    -0.03033256339,   -0.001035691197,     0.09725298875,                 0,       89.54131616
          0,           0,         303,      -9.712656529,       -10.5515304,      -10.27481269,      -9.161884873,             0.448,    0.001086118119,     0.09725243742,                 0,                 0,                 0,     -0.0303325629,   -0.001035691089,     0.09725298752,                 0,       89.54130837
          0,           0,         304,      -9.726804022,       -10.5640605,      -10.28937535,      -9.175942902,             0.448,      0.0010861182,     0.09725243645,                 0,                 0,                 0,    -0.03033256236,   -0.001035690987,     0.09725298655,                 0,       89.54130076
          0,           0,         305,      -9.741057422,      -10.57672068,      -10.30374996,      -9.190114764,             0.448,    0.001086118282,     0.09725243573,                 0,                 0,                 0,    -0.03033256178,    -0.00103569089,     0.09725298583,                 0,       89.54129338
          0,           0,         306,      -9.755407674,         -10.58962,      -10.31789297,      -9.204393501,             0.448,    0.001086118363,     0.09725243526,                 0,                 0,                 0,    -0.03033256117,   -0.001035690798,     0.09725298536,                 0,       89.54128627
          0,           0,         307,      -9.769844995,      -10.60285598,      -10.33176797,      -9.218771359,             0.448,    0.001086118443,     0.09725243501,                 0,                 0,                 0,    -0.03033256053,   -0.001035690713,     0.09725298511,                 0,       89.54127946
          0,           0,         308,      -9.784358817,      -10.61651162,      -10.34534731,      -9.233239688,             0.448,    0.001086118521,     0.09725243497,                 0,                 0,                 0,    -0.03033255988,   -0.001035690634,     0.09725298508,                 0,       89.54127301
          0,           0,         309,      -9.798937752,      -10.63065277,      -10.35861339,      -9.247788847,             0.448,    0.001086118596,     0.09725243513,                 0,                 0,                 0,    -0.03033255922,   -0.001035690562,     0.09725298523,                 0,       89.54126693
          0,           0,         310,      -9.813569548,      -10.64532695,      -10.37155944,       -9.26240811,             0.448,    0.001086118669,     0.09725243546,                 0,                 0,                 0,    -0.03033255855,   -0.001035690497,     0.09725298557,                 0,       89.54126126
          0,           0,         311,      -9.828241089,      -10.66056174,      -10.38418974,      -9.277085607,             0.448,    0.001086118738,     0.09725243595,                 0,                 0,                 0,    -0.03033255789,   -0.001035690439,     0.09725298606,                 0,       89.54125603
          0,           0,         312,      -9.842938395,      -10.67636389,      -10.39651915,      -9.291808279,             0.448,    0.001086118803,     0.09725243659,                 0,                 0,                 0,    -0.03033255723,   -0.001035690388,      0.0972529867,                 0,       89.54125124
          0,           0,         313,      -9.857646679,      -10.69271944,      -10.40857235,      -9.306561878,             0.448,    0.001086118864,     0.09725243736,                 0,                 0,                 0,    -0.03033255658,   -0.001035690343,     0.09725298747,                 0,       89.54124692
          0,           0,         314,      -9.872350423,      -10.70959301,      -10.42038242,       -9.32133101,             0.448,     0.00108611892,     0.09725243823,                 0,                 0,                 0,    -0.03033255595,   -0.001035690306,     0.09725298835,                 0,       89.54124308
          0,           0,         315,      -9.887033506,      -10.72692763,      -10.43198924,      -9.336099225,             0.448,    0.001086118972,     0.09725243921,                 0,                 0,                 0,    -0.03033255534,   -0.001035690276,     0.09725298932,                 0,       89.54123972
          0,           0,         316,       -9.90167938,      -10.74464648,      -10.44343766,      -9.350849178,             0.448,    0.001086119018,     0.09725244027,                 0,                 0,                 0,    -0.03033255475,   -0.001035690252,     0.09725299038,                 0,       89.54123685
          0,           0,         317,      -9.916271279,      -10.76265271,      -10.45477562,      -9.365562823,             0.448,     0.00108611906,     0.09725244139,                 0,                 0,                 0,    -0.03033255419,   -0.001035690235,     0.09725299151,                 0,       89.54123445
          0,           0,         318,      -9.930792475,      -10.78083236,      -10.46605231,      -9.380221692,             0.448,    0.001086119096,     0.09725244257,                 0,                 0,                 0,    -0.03033255366,   -0.001035690225,     0.09725299269,                 0,       89.54123253
          0,           0,         319,       -9.94522658,      -10.79905752,       -10.4773165,      -9.394807208,             0.448,    0.001086119128,     0.09725244379,                 0,                 0,                 0,    -0.03033255315,    -0.00103569022,     0.09725299391,                 0,       89.54123107
          0,           0,         320,      -9.959557854,      -10.81719036,      -10.48861496,      -9.409301041,             0.448,    0.001086119154,     0.09725244505,                 0,                 0,                 0,    -0.03033255267,   -0.001035690221,     0.09725299516,                 0,       89.54123006
          0,           0,         321,      -9.973771556,      -10.83508898,      -10.49999132,      -9.423685531,             0.448,    0.001086119175,     0.09725244632,                 0,                 0,                 0,    -0.03033255223,   -0.001035690227,     0.09725299644,                 0,       89.54122948
          0,           0,         322,      -9.987854269,      -10.85261434,      -10.51148498,      -9.437944082,             0.448,    0.001086119192,      0.0972524476,                 0,                 0,                 0,    -0.03033255181,   -0.001035690239,     0.09725299772,                 0,       89.54122931
          0,           0,         323,      -10.00179423,      -10.86963832,      -10.52313036,       -9.45206159,             0.448,    0.001086119203,     0.09725244889,                 0,                 0,                 0,    -0.03033255142,   -0.001035690255,       0.097252999,                 0,       89.54122953
          0,           0,         324,      -10.01558166,       -10.8860514,      -10.53495639,      -9.466024861,             0.448,    0.001086119211,     0.09725245017,                 0,                 0,                 0,    -0.03033255107,   -0.001035690276,     0.09725300028,                 0,       89.54123011
          0,           0,         325,      -10.02920897,      -10.90177052,      -10.54698616,      -9.479822978,             0.448,    0.001086119214,     0.09725245143,                 0,                 0,                 0,    -0.03033255074,   -0.001035690301,     0.09725300155,                 0,       89.54123102
          0,           0,         326,      -10.04267104,      -10.91674432,      -10.55923674,      -9.493447616,             0.448,    0.001086119213,     0.09725245268,                 0,                 0,                 0,    -0.03033255044,   -0.001035690329,      0.0972530028,                 0,       89.54123224
          0,           0,         327,      -10.05596529,       -10.9309576,      -10.57171931,      -9.506893275,             0.448,    0.001086119209,     0.09725245391,                 0,                 0,                 0,    -0.03033255016,    -0.00103569036,     0.09725300402,                 0,       89.54123373
          0,           0,         328,       -10.0690918,      -10.94443138,      -10.58443909,      -9.520157486,             0.448,    0.001086119201,     0.09725245511,                 0,                 0,                 0,    -0.03033254991,   -0.001035690394,     0.09725300522,                 0,       89.54123547
          0,           0,         329,      -10.08205329,      -10.95722128,       -10.5973958,      -9.533240842,             0.448,     0.00108611919,     0.09725245628,                 0,                 0,                 0,    -0.03033254968,    -0.00103569043,     0.09725300639,                 0,       89.54123742
          0,           0,         330,      -10.09485502,      -10.96941152,      -10.61058392,      -9.546147007,             0.448,    0.001086119177,     0.09725245742,                 0,                 0,                 0,    -0.03033254947,   -0.001035690468,     0.09725300753,                 0,       89.54123955
          0,           0,         331,      -10.10750465,      -10.98110944,       -10.6239931,      -9.558882574,             0.448,    0.001086119162,     0.09725245853,                 0,                 0,                 0,    -0.03033254928,   -0.001035690507,     0.09725300864,                 0,       89.54124184
          0,           0,         332,      -10.12001203,      -10.99243706,      -10.63760868,      -9.571456899,             0.448,    0.001086119145,      0.0972524596,                 0,                 0,                 0,     -0.0303325491,   -0.001035690548,     0.09725300971,                 0,       89.54124424
          0,           0,         333,      -10.13238893,      -11.00352297,      -10.65141227,      -9.583881791,             0.448,    0.001086119126,     0.09725246064,                 0,                 0,                 0,    -0.03033254894,   -0.001035690589,     0.09725301075,                 0,       89.54124674
          0,           0,         334,      -10.14464871,      -11.01449543,      -10.66538221,      -9.596171184,             0.448,    0.001086119106,     0.09725246164,                 0,                 0,                 0,     -0.0303325488,   -0.001035690631,     0.09725301175,                 0,       89.54124931
          0,           0,         335,      -10.15680595,       -11.0254759,      -10.67949415,      -9.608340714,             0.448,    0.001086119085,     0.09725246261,                 0,                 0,                 0,    -0.03033254866,   -0.001035690673,     0.09725301272,                 0,       89.54125191
          0,           0,         336,      -10.16887617,      -11.03657434,      -10.69372171,      -9.620407328,             0.448,    0.001086119064,     0.09725246355,                 0,                 0,                 0,    -0.03033254853,   -0.001035690715,     0.09725301366,                 0,       89.54125452
          0,           0,         337,      -10.18087537,       -11.0478855,      -10.70803686,      -9.632388802,             0.448,    0.001086119043,     0.09725246446,                 0,                 0,                 0,    -0.03033254841,   -0.001035690756,     0.09725301456,                 0,       89.54125713
          0,           0,         338,      -10.19281974,      -11.05948766,      -10.72241055,      -9.644303309,             0.448,    0.001086119021,     0.09725246533,                 0,                 0,                 0,     -0.0303325483,   -0.001035690796,     0.09725301544,                 0,       89.54125969
          0,           0,         339,      -10.20472531,      -11.07144051,      -10.73681332,      -9.656169023,             0.448,       0.001086119,     0.09725246618,                 0,                 0,                 0,    -0.03033254819,   -0.001035690836,     0.09725301629,                 0,        89.5412622
          0,           0,         340,      -10.21660765,      -11.08378605,       -10.7512157,       -9.66800373,             0.448,     0.00108611898,       0.097252467,                 0,                 0,                 0,    -0.03033254808,   -0.001035690874,     0.09725301711,                 0,       89.54126464
          0,           0,         341,      -10.22848165,      -11.09654785,      -10.76558878,      -9.679824481,             0.448,     0.00108611896,      0.0972524678,                 0,                 0,                 0,    -0.03033254798,   -0.001035690911,      0.0972530179,                 0,       89.54126699
          0,           0,         342,      -10.24036132,      -11.10973125,      -10.77990478,      -9.691647384,             0.448,    0.001086118942,     0.09725246857,                 0,                 0,                 0,    -0.03033254787,   -0.001035690946,     0.09725301867,                 0,       89.54126923
          0,           0,         343,      -10.25225959,      -11.12332674,      -10.79413742,      -9.703487293,             0.448,    0.001086118924,     0.09725246932,                 0,                 0,                 0,    -0.03033254777,    -0.00103569098,     0.09725301943,                 0,       89.54127136
          0,           0,         344,      -10.26418825,      -11.13730969,      -10.80826235,      -9.715357731,             0.448,    0.001086118908,     0.09725247005,                 0,                 0,                 0,    -0.03033254767,   -0.001035691012,     0.09725302016,                 0,       89.54127336
          0,           0,         345,      -10.27615788,      -11.15164235,      -10.82225762,      -9.727270764,             0.448,    0.001086118894,     0.09725247077,                 0,                 0,                 0,    -0.03033254757,   -0.001035691043,     0.09725302087,                 0,       89.54127522
          0,           0,         346,       -10.2881778,      -11.16627533,      -10.83610393,      -9.739236946,             0.448,     0.00108611888,     0.09725247147,                 0,                 0,                 0,    -0.03033254747,   -0.001035691071,     0.09725302157,                 0,       89.54127695
          0,           0,         347,       -10.3002561,      -11.18115198,      -10.84978493,      -9.751265275,             0.448,    0.001086118869,     0.09725247216,                 0,                 0,                 0,    -0.03033254736,   -0.001035691097,     0.09725302226,                 0,       89.54127853
          0,           0,         348,      -10.31239966,      -11.19620832,       -10.8632873,      -9.763363309,             0.448,    0.001086118859,     0.09725247283,                 0,                 0,                 0,    -0.03033254726,   -0.001035691122,     0.09725302293,                 0,       89.54127997
          0,           0,         349,       -10.3246142,      -11.21137729,      -10.87660102,      -9.775537131,             0.448,    0.001086118851,     0.09725247349,                 0,                 0,                 0,    -0.03033254715,   -0.001035691145,      0.0972530236,                 0,       89.54128126
          0,           0,         350,      -10.33690439,      -11.22659244,      -10.88971913,      -9.787791495,             0.448,    0.001086118844,     0.09725247414,                 0,                 0,                 0,    -0.03033254704,   -0.001035691166,     0.09725302425,                 0,       89.54128241
          0,           0,         351,      -10.34927387,      -11.24178952,      -10.90263791,      -9.800129906,             0.448,    0.001086118839,     0.09725247479,                 0,                 0,                 0,    -0.03033254694,   -0.001035691185,     0.09725302489,                 0,       89.54128342
          0,           0,         352,      -10.36172537,      -11.25691171,      -10.91535661,      -9.812554717,             0.448,    0.001086118835,     0.09725247542,                 0,                 0,                 0,    -0.03033254683,   -0.001035691202,     0.09725302552,                 0,        89.5412843
          0,           0,         353,      -10.37426081,      -11.27191032,      -10.92787733,      -9.825067299,             0.448,    0.001086118833,     0.09725247605,                 0,                 0,                 0,    -0.03033254672,   -0.001035691218,     0.09725302615,                 0,       89.54128504
          0,           0,         354,      -10.38688137,      -11.28674799,      -10.94020473,      -9.837668115,             0.448,    0.001086118833,     0.09725247667,                 0,                 0,                 0,    -0.03033254661,   -0.001035691232,     0.09725302677,                 0,       89.54128566
          0,           0,         355,      -10.39958757,      -11.30140068,      -10.95234598,      -9.850356872,             0.448,    0.001086118833,     0.09725247728,                 0,                 0,                 0,    -0.03033254651,   -0.001035691245,     0.09725302738,                 0,       89.54128617
          0,           0,         356,      -10.41237937,      -11.31585899,      -10.96431022,      -9.863132613,             0.448,    0.001086118835,     0.09725247788,                 0,                 0,                 0,     -0.0303325464,   -0.001035691256,     0.09725302798,                 0,       89.54128657
          0,           0,         357,      -10.42525621,      -11.33012619,       -10.9761084,      -9.875993878,             0.448,    0.001086118838,     0.09725247848,                 0,                 0,                 0,     -0.0303325463,   -0.001035691266,     0.09725302858,                 0,       89.54128687
          0,           0,         358,      -10.43821708,      -11.34421921,      -10.98775319,      -9.888938716,             0.448,    0.001086118842,     0.09725247906,                 0,                 0,                 0,     -0.0303325462,   -0.001035691275,     0.09725302917,                 0,       89.54128708
          0,           0,         359,       -10.4512606,      -11.35816639,       -10.9992585,      -9.901964869,             0.448,    0.001086118847,     0.09725247964,                 0,                 0,                 0,     -0.0303325461,   -0.001035691282,     0.09725302974,                 0,       89.54128722
          0,           0,         360,      -10.46438498,        -11.372005,      -11.01063916,      -9.915069765,             0.448,    0.001086118853,     0.09725248021,                 0,                 0,                 0,    -0.03033254601,   -0.001035691289,     0.09725303032,                 0,       89.54128728
          0,           0,         361,      -10.47758814,      -11.38577816,      -11.02191104,      -9.928250616,             0.448,    0.001086118859,     0.09725248078,                 0,                 0,                 0,    -0.03033254591,   -0.001035691295,     0.09725303088,                 0,       89.54128728
          0,           0,         362,      -10.49086769,      -11.39953201,      -11.03309073,      -9.941504465,             0.448,    0.001086118866,     0.09725248133,                 0,                 0,                 0,    -0.03033254583,   -0.001035691301,     0.09725303143,                 0,       89.54128722
          0,           0,         363,      -10.50422094,      -11.41331272,      -11.04419513,      -9.954828226,             0.448,    0.001086118873,     0.09725248187,                 0,                 0,                 0,    -0.03033254575,   -0.001035691305,     0.09725303197,                 0,       89.54128713
          0,           0,         364,      -10.51764494,      -11.42716247,      -11.05524186,      -9.968218706,             0.448,    0.001086118881,      0.0972524824,                 0,                 0,                 0,    -0.03033254567,   -0.001035691309,      0.0972530325,                 0,         89.541287
          0,           0,         365,      -10.53113648,      -11.44111947,      -11.06624849,      -9.981672604,             0.448,    0.001086118888,     0.09725248292,                 0,                 0,                 0,     -0.0303325456,   -0.001035691313,     0.09725303302,                 0,       89.54128684
          0,           0,         366,      -10.54469206,      -11.45521206,      -11.07723301,      -9.995186537,             0.448,    0.001086118896,     0.09725248343,                 0,                 0,                 0,    -0.03033254553,   -0.001035691316,     0.09725303353,                 0,       89.54128666
          0,           0,         367,      -10.55830799,      -11.46946047,      -11.08821347,      -10.00875707,             0.448,    0.001086118904,     0.09725248392,                 0,                 0,                 0,    -0.03033254547,   -0.001035691319,     0.09725303403,                 0,       89.54128647
          0,           0,         368,      -10.57198031,      -11.48387093,       -11.0992081,      -10.02238067,             0.448,    0.001086118912,     0.09725248441,                 0,                 0,                 0,    -0.03033254541,   -0.001035691322,     0.09725303451,                 0,       89.54128628
          0,           0,         369,      -10.58570487,      -11.49844113,      -11.11023508,      -10.03605373,             0.448,    0.001086118919,     0.09725248487,                 0,                 0,                 0,    -0.03033254536,   -0.001035691324,     0.09725303497,                 0,       89.54128608
          0,           0,         370,      -10.59947732,      -11.51315267,      -11.12131269,      -10.04977259,             0.448,    0.001086118927,     0.09725248533,                 0,                 0,                 0,    -0.03033254532,   -0.001035691327,     0.09725303543,                 0,       89.54128589
          0,           0,         371,      -10.61329318,      -11.52797704,      -11.13245915,      -10.06353353,             0.448,    0.001086118934,     0.09725248576,                 0,                 0,                 0,    -0.03033254528,   -0.001035691329,     0.09725303587,                 0,       89.54128571
          0,           0,         372,      -10.62714783,      -11.54287135,      -11.14369262,      -10.07733278,             0.448,    0.001086118941,     0.09725248619,                 0,                 0,                 0,    -0.03033254524,   -0.001035691332,     0.09725303629,                 0,       89.54128554
          0,           0,         373,      -10.64103657,      -11.55778567,      -11.15503104,       -10.0911665,             0.448,    0.001086118947,     0.09725248659,                 0,                 0,                 0,    -0.03033254521,   -0.001035691334,      0.0972530367,                 0,       89.54128538
          0,           0,         374,      -10.65495466,      -11.57265873,      -11.16649237,      -10.10503086,             0.448,    0.001086118953,     0.09725248698,                 0,                 0,                 0,    -0.03033254519,   -0.001035691337,     0.09725303709,                 0,       89.54128525
          0,           0,         375,      -10.66889741,      -11.58742395,      -11.17809414,      -10.11892202,             0.448,    0.001086118959,     0.09725248736,                 0,                 0,                 0,    -0.03033254517,   -0.001035691339,     0.09725303746,                 0,       89.54128514
          0,           0,         376,      -10.68286019,      -11.60200748,      -11.18985359,      -10.13283618,             0.448,    0.001086118964,     0.09725248772,                 0,                 0,                 0,    -0.03033254516,   -0.001035691342,     0.09725303782,                 0,       89.54128504
          0,           0,         377,      -10.69683849,      -11.61634225,      -11.20178768,      -10.14676957,             0.448,    0.001086118968,     0.09725248806,                 0,                 0,                 0,    -0.03033254515,   -0.001035691345,     0.09725303816,                 0,       89.54128497
          0,           0,         378,      -10.71082798,      -11.63035832,      -11.21391253,      -10.16071854,             0.448,    0.001086118973,     0.09725248839,                 0,                 0,                 0,    -0.03033254514,   -0.001035691348,     0.09725303849,                 0,       89.54128493
          0,           0,         379,      -10.72482456,      -11.64399543,      -11.22624363,      -10.17467951,             0.448,    0.001086118976,      0.0972524887,                 0,                 0,                 0,    -0.03033254514,   -0.001035691351,      0.0972530388,                 0,        89.5412849
          0,           0,         380,      -10.73882443,      -11.65720528,      -11.23879581,       -10.1886491,             0.448,     0.00108611898,       0.097252489,                 0,                 0,                 0,    -0.03033254514,   -0.001035691354,      0.0972530391,                 0,        89.5412849
          0,           0,         381,      -10.75282409,      -11.66995006,      -11.25158285,       -10.2026241,             0.448,    0.001086118983,     0.09725248928,                 0,                 0,                 0,    -0.03033254515,   -0.001035691357,     0.09725303938,                 0,       89.54128492
          0,           0,         382,      -10.76682037,      -11.68221427,      -11.26461719,      -10.21660145,             0.448,    0.001086118985,     0.09725248955,                 0,                 0,                 0,    -0.03033254516,   -0.001035691361,     0.09725303965,                 0,       89.54128496
          0,           0,         383,      -10.78081048,      -11.69399168,      -11.27791021,       -10.2305784,             0.448,    0.001086118987,      0.0972524898,                 0,                 0,                 0,    -0.03033254517,   -0.001035691364,      0.0972530399,                 0,       89.54128502
          0,           0,         384,      -10.79479193,      -11.70530434,      -11.29147144,       -10.2445523,             0.448,    0.001086118989,     0.09725249004,                 0,                 0,                 0,    -0.03033254518,   -0.001035691367,     0.09725304014,                 0,        89.5412851
          0,           0,         385,       -10.8087627,      -11.71618151,      -11.30530885,      -10.25852089,             0.448,     0.00108611899,     0.09725249026,                 0,                 0,                 0,    -0.03033254519,   -0.001035691371,     0.09725304036,                 0,       89.54128519
          0,           0,         386,      -10.82272108,       -11.7266744,      -11.31942843,      -10.27248204,             0.448,    0.001086118991,     0.09725249048,                 0,                 0,                 0,    -0.03033254521,   -0.001035691375,     0.09725304058,                 0,        89.5412853
          0,           0,         387,      -10.83666565,      -11.73684586,       -11.3338339,      -10.28643391,             0.448,    0.001086118992,     0.09725249068,                 0,                 0,                 0,    -0.03033254522,   -0.001035691378,     0.09725304078,                 0,       89.54128542
          0,           0,         388,      -10.85059535,      -11.74676593,      -11.34852658,      -10.30037483,             0.448,    0.001086118993,     0.09725249087,                 0,                 0,                 0,    -0.03033254524,   -0.001035691382,     0.09725304097,                 0,       89.54128555
          0,           0,         389,      -10.86450936,      -11.75651151,      -11.36350518,      -10.31430338,             0.448,    0.001086118993,     0.09725249105,                 0,                 0,                 0,    -0.03033254525,   -0.001035691385,     0.09725304115,                 0,       89.54128569
          0,           0,         390,      -10.87840705,       -11.7661677,      -11.37876526,      -10.32821829,             0.448,    0.001086118993,     0.09725249122,                 0,                 0,                 0,    -0.03033254527,   -0.001035691389,     0.09725304132,                 0,       89.54128583
          0,           0,         391,      -10.89228801,      -11.77581242,      -11.39429956,      -10.34211845,             0.448,    0.001086118993,     0.09725249138,                 0,                 0,                 0,    -0.03033254529,   -0.001035691392,     0.09725304148,                 0,       89.54128598
          0,           0,         392,      -10.90615194,      -11.78552446,       -11.4100972,       -10.3560029,             0.448,    0.001086118993,     0.09725249153,                 0,                 0,                 0,     -0.0303325453,   -0.001035691396,     0.09725304163,                 0,       89.54128613
          0,           0,         393,      -10.91999858,      -11.79537753,      -11.42614346,      -10.36987072,             0.448,    0.001086118993,     0.09725249167,                 0,                 0,                 0,    -0.03033254532,   -0.001035691399,     0.09725304177,                 0,       89.54128629
          0,           0,         394,       -10.9338278,      -11.80543871,       -11.4424197,      -10.38372113,             0.448,    0.001086118992,     0.09725249181,                 0,                 0,                 0,    -0.03033254533,   -0.001035691403,     0.09725304191,                 0,       89.54128644
          0,           0,         395,      -10.94763936,      -11.81577142,      -11.45890327,      -10.39755332,             0.448,    0.001086118992,     0.09725249194,                 0,                 0,                 0,    -0.03033254534,   -0.001035691406,     0.09725304204,                 0,       89.54128659
          0,           0,         396,      -10.96143311,      -11.82642187,      -11.47556735,      -10.41136661,             0.448,    0.001086118992,     0.09725249206,                 0,                 0,                 0,    -0.03033254535,   -0.001035691409,     0.09725304217,                 0,       89.54128673
          0,           0,         397,      -10.97520884,      -11.83743748,      -11.49238068,      -10.42516031,             0.448,    0.001086118991,     0.09725249218,                 0,                 0,                 0,    -0.03033254536,   -0.001035691412,     0.09725304229,                 0,       89.54128687
          0,           0,         398,       -10.9889663,      -11.84885402,      -11.50930744,      -10.43893374,             0.448,    0.001086118991,      0.0972524923,                 0,                 0,                 0,    -0.03033254537,   -0.001035691415,      0.0972530424,                 0,       89.54128701
          0,           0,         399,       -11.0027053,       -11.8606965,      -11.52630787,      -10.45268645,             0.448,    0.001086118991,     0.09725249241,                 0,                 0,                 0,    -0.03033254537,   -0.001035691417,     0.09725304251,                 0,       89.54128714
          0,           0,         400,      -11.01642562,      -11.87298333,      -11.54333833,      -10.46641783,             0.448,     0.00108611899,     0.09725249252,                 0,                 0,                 0,    -0.03033254537,    -0.00103569142,     0.09725304262,                 0,       89.54128726
          0,           0,         401,      -11.03012706,      -11.88572739,      -11.56035134,      -10.48012757,             0.448,     0.00108611899,     0.09725249262,                 0,                 0,                 0,    -0.03033254538,   -0.001035691423,     0.09725304272,                 0,       89.54128737
          0,           0,         402,      -11.04380958,      -11.89893386,      -11.57729673,      -10.49381542,             0.448,     0.00108611899,     0.09725249273,                 0,                 0,                 0,    -0.03033254538,   -0.001035691425,     0.09725304283,                 0,       89.54128748
          0,           0,         403,      -11.05747319,       -11.9126015,      -11.59412236,      -10.50748134,             0.448,     0.00108611899,     0.09725249283,                 0,                 0,                 0,    -0.03033254537,   -0.001035691427,     0.09725304293,                 0,       89.54128757
          0,           0,         404,      -11.07111824,      -11.92671958,      -11.61077481,      -10.52112559,             0.448,     0.00108611899,     0.09725249292,                 0,                 0,                 0,    -0.03033254537,   -0.001035691429,     0.09725304303,                 0,       89.54128766
          0,           0,         405,      -11.08474522,      -11.94127703,      -11.62720095,      -10.53474871,             0.448,     0.00108611899,     0.09725249302,                 0,                 0,                 0,    -0.03033254536,   -0.001035691431,     0.09725304312,                 0,       89.54128774
          0,           0,         406,      -11.09835497,      -11.95625975,      -11.64334944,      -10.54835153,             0.448,     0.00108611899,     0.09725249312,                 0,                 0,                 0,    -0.03033254536,   -0.001035691433,     0.09725304322,                 0,       89.54128781
          0,           0,         407,      -11.11194868,      -11.97164158,      -11.65917188,      -10.56193537,             0.448,    0.001086118991,     0.09725249321,                 0,                 0,                 0,    -0.03033254535,   -0.001035691435,     0.09725304331,                 0,       89.54128787
          0,           0,         408,      -11.12552794,      -11.98740118,      -11.67462483,      -10.57550187,             0.448,    0.001086118991,     0.09725249331,                 0,                 0,                 0,    -0.03033254534,   -0.001035691437,     0.09725304341,                 0,       89.54128793
          0,           0,         409,      -11.13909471,      -12.00351341,      -11.68967043,       -10.5890532,             0.448,    0.001086118992,      0.0972524934,                 0,                 0,                 0,    -0.03033254533,   -0.001035691438,      0.0972530435,                 0,       89.54128797
          0,           0,         410,      -11.15265153,      -12.01994298,       -11.7042798,      -10.60259204,             0.448,    0.001086118992,     0.09725249349,                 0,                 0,                 0,    -0.03033254532,    -0.00103569144,     0.09725304359,                 0,       89.54128802
          0,           0,         411,      -11.16620122,      -12.03666067,      -11.71843165,      -10.61612137,             0.448,    0.001086118993,     0.09725249358,                 0,                 0,                 0,     -0.0303325453,   -0.001035691441,     0.09725304368,                 0,       89.54128805
          0,           0,         412,      -11.17974725,      -12.05363756,      -11.73211487,      -10.62964496,             0.448,    0.001086118993,     0.09725249367,                 0,                 0,                 0,    -0.03033254529,   -0.001035691442,     0.09725304377,                 0,       89.54128808
          0,           0,         413,      -11.19329328,      -12.07083659,      -11.74532887,      -10.64316668,             0.448,    0.001086118994,     0.09725249376,                 0,                 0,                 0,    -0.03033254528,   -0.001035691444,     0.09725304386,                 0,       89.54128811
          0,           0,         414,      -11.20684338,      -12.08822152,      -11.75808257,      -10.65669089,             0.448,    0.001086118995,     0.09725249385,                 0,                 0,                 0,    -0.03033254526,   -0.001035691445,     0.09725304395,                 0,       89.54128813
          0,           0,         415,      -11.22040187,      -12.10576252,      -11.77039522,      -10.67022216,             0.448,    0.001086118995,     0.09725249394,                 0,                 0,                 0,    -0.03033254525,   -0.001035691446,     0.09725304404,                 0,       89.54128815
          0,           0,         416,      -11.23397338,      -12.12341974,      -11.78229533,      -10.68376554,             0.448,    0.001086118996,     0.09725249403,                 0,                 0,                 0,    -0.03033254523,   -0.001035691447,     0.09725304413,                 0,       89.54128817
          0,           0,         417,      -11.24756243,      -12.14115519,      -11.79381926,      -10.69732585,             0.448,    0.001086118997,     0.09725249411,                 0,                 0,                 0,    -0.03033254522,   -0.001035691448,     0.09725304421,                 0,       89.54128819
          0,           0,         418,      -11.26117357,      -12.15893603,      -11.80500968,      -10.71090801,             0.448,    0.001086118998,     0.09725249419,                 0,                 0,                 0,     -0.0303325452,   -0.001035691449,      0.0972530443,                 0,       89.54128821
          0,           0,         419,       -11.2748112,      -12.17672881,      -11.81591477,      -10.72451676,             0.448,    0.001086118998,     0.09725249428,                 0,                 0,                 0,    -0.03033254519,   -0.001035691451,     0.09725304438,                 0,       89.54128823
          0,           0,         420,      -11.28847956,      -12.19447901,      -11.82658719,      -10.73815675,             0.448,    0.001086118999,     0.09725249436,                 0,                 0,                 0,    -0.03033254518,   -0.001035691452,     0.09725304446,                 0,       89.54128825
          0,           0,         421,      -11.30218229,       -12.2121596,      -11.83708083,      -10.75183204,             0.448,       0.001086119,     0.09725249444,                 0,                 0,                 0,    -0.03033254516,   -0.001035691453,     0.09725304454,                 0,       89.54128827
          0,           0,         422,      -11.31592252,       -12.2297159,      -11.84745066,      -10.76554618,             0.448,       0.001086119,     0.09725249451,                 0,                 0,                 0,    -0.03033254515,   -0.001035691454,     0.09725304461,                 0,       89.54128829
          0,           0,         423,      -11.32970288,      -12.24711776,      -11.85775066,      -10.77930215,             0.448,    0.001086119001,     0.09725249459,                 0,                 0,                 0,    -0.03033254514,   -0.001035691455,     0.09725304469,                 0,       89.54128831
          0,           0,         424,      -11.34352534,      -12.26429266,      -11.86803527,      -10.79310228,             0.448,    0.001086119001,     0.09725249466,                 0,                 0,                 0,    -0.03033254513,   -0.001035691456,     0.09725304476,                 0,       89.54128834
          0,           0,         425,      -11.35739078,      -12.28120335,      -11.87835466,       -10.8069479,             0.448,    0.001086119002,     0.09725249473,                 0,                 0,                 0,    -0.03033254512,   -0.001035691457,     0.09725304483,                 0,       89.54128838
          0,           0,         426,       -11.3712994,      -12.29780172,       -11.8887559,      -10.82083953,             0.448,    0.001086119002,     0.09725249479,                 0,                 0,                 0,    -0.03033254511,   -0.001035691458,     0.09725304489,                 0,       89.54128841
          0,           0,         427,      -11.38525051,      -12.31402711,      -11.89928382,       -10.8347768,             0.448,    0.001086119002,     0.09725249486,                 0,                 0,                 0,     -0.0303325451,   -0.001035691459,     0.09725304496,                 0,       89.54128845
          0,           0,         428,      -11.39924245,      -12.32982953,      -11.90997926,       -10.8487583,             0.448,    0.001086119002,     0.09725249492,                 0,                 0,                 0,     -0.0303325451,   -0.001035691461,     0.09725304502,                 0,        89.5412885
          0,           0,         429,      -11.41327254,      -12.34515614,       -11.9208776,      -10.86278164,             0.448,    0.001086119002,     0.09725249497,                 0,                 0,                 0,    -0.03033254509,   -0.001035691462,     0.09725304507,                 0,       89.54128854
          0,           0,         430,      -11.42733727,      -12.35995486,      -11.93201169,      -10.87684344,             0.448,    0.001086119002,     0.09725249503,                 0,                 0,                 0,    -0.03033254509,   -0.001035691463,     0.09725304513,                 0,        89.5412886
          0,           0,         431,       -11.4414322,      -12.37419342,      -11.94340921,      -10.89093946,             0.448,    0.001086119002,     0.09725249508,                 0,                 0,                 0,    -0.03033254508,   -0.001035691464,     0.09725304518,                 0,       89.54128866
          0,           0,         432,      -11.45555209,      -12.38783629,      -11.95509461,      -10.90506446,             0.448,    0.001086119002,     0.09725249512,                 0,                 0,                 0,    -0.03033254508,   -0.001035691466,     0.09725304522,                 0,       89.54128872
          0,           0,         433,      -11.46969106,      -12.40086413,      -11.96708745,      -10.91921261,             0.448,    0.001086119001,     0.09725249517,                 0,                 0,                 0,    -0.03033254508,   -0.001035691467,     0.09725304527,                 0,       89.54128878
          0,           0,         434,      -11.48384244,      -12.41326805,       -11.9794042,      -10.93337725,             0.448,    0.001086119001,      0.0972524952,                 0,                 0,                 0,    -0.03033254508,   -0.001035691468,     0.09725304531,                 0,       89.54128885
          0,           0,         435,       -11.4979994,      -12.42504208,      -11.99205768,       -10.9475514,             0.448,    0.001086119001,     0.09725249524,                 0,                 0,                 0,    -0.03033254508,   -0.001035691469,     0.09725304534,                 0,       89.54128893
          0,           0,         436,       -11.5121543,      -12.43621804,      -12.00505674,      -10.96172722,             0.448,       0.001086119,     0.09725249527,                 0,                 0,                 0,    -0.03033254508,   -0.001035691471,     0.09725304537,                 0,         89.541289
          0,           0,         437,      -11.52629979,      -12.44682856,      -12.01840658,      -10.97589728,             0.448,    0.001086118999,      0.0972524953,                 0,                 0,                 0,    -0.03033254508,   -0.001035691472,      0.0972530454,                 0,       89.54128908
          0,           0,         438,      -11.54042824,      -12.45691343,      -12.03210996,      -10.99005351,             0.448,    0.001086118999,     0.09725249533,                 0,                 0,                 0,    -0.03033254508,   -0.001035691473,     0.09725304543,                 0,       89.54128917
          0,           0,         439,      -11.55453234,      -12.46652711,      -12.04616622,      -11.00418841,             0.448,    0.001086118998,     0.09725249535,                 0,                 0,                 0,    -0.03033254509,   -0.001035691474,     0.09725304545,                 0,       89.54128925
          0,           0,         440,      -11.56860481,      -12.47574932,      -12.06057033,      -11.01829431,             0.448,    0.001086118997,     0.09725249536,                 0,                 0,                 0,    -0.03033254509,   -0.001035691476,     0.09725304546,                 0,       89.54128934
          0,           0,         441,      -11.58263933,      -12.48465381,      -12.07531592,      -11.03236449,             0.448,    0.001086118996,     0.09725249538,                 0,                 0,                 0,     -0.0303325451,   -0.001035691477,     0.09725304548,                 0,       89.54128943
          0,           0,         442,      -11.59662986,      -12.49330849,      -12.09039305,      -11.04639251,             0.448,    0.001086118995,     0.09725249539,                 0,                 0,                 0,     -0.0303325451,   -0.001035691478,     0.09725304549,                 0,       89.54128952
          0,           0,         443,       -11.6105713,      -12.50180383,       -12.1057881,      -11.06037283,             0.448,    0.001086118994,      0.0972524954,                 0,                 0,                 0,    -0.03033254511,   -0.001035691479,      0.0972530455,                 0,       89.54128961
          0,           0,         444,      -11.62445924,      -12.51023942,      -12.12148478,      -11.07430064,             0.448,    0.001086118993,      0.0972524954,                 0,                 0,                 0,    -0.03033254512,    -0.00103569148,      0.0972530455,                 0,        89.5412897
          0,           0,         445,      -11.63829054,      -12.51867683,      -12.13746438,      -11.08817252,             0.448,    0.001086118992,      0.0972524954,                 0,                 0,                 0,    -0.03033254512,   -0.001035691482,      0.0972530455,                 0,       89.54128979
          0,           0,         446,      -11.65206308,      -12.52720605,      -12.15370457,      -11.10198566,             0.448,    0.001086118991,      0.0972524954,                 0,                 0,                 0,    -0.03033254513,   -0.001035691483,      0.0972530455,                 0,       89.54128988
          0,           0,         447,       -11.6657757,      -12.53589685,      -12.17018015,      -11.11573872,             0.448,     0.00108611899,      0.0972524954,                 0,                 0,                 0,    -0.03033254514,   -0.001035691484,      0.0972530455,                 0,       89.54128997
          0,           0,         448,      -11.67942815,      -12.54481924,      -12.18686153,        -11.129431,             0.448,    0.001086118989,     0.09725249539,                 0,                 0,                 0,    -0.03033254515,   -0.001035691485,     0.09725304549,                 0,       89.54129005
          0,           0,         449,       -11.6930216,      -12.55403838,      -12.20371821,      -11.14306339,             0.448,    0.001086118987,     0.09725249538,                 0,                 0,                 0,    -0.03033254516,   -0.001035691486,     0.09725304548,                 0,       89.54129014
          0,           0,         450,      -11.70655794,      -12.56360485,        -12.220715,      -11.15663734,             0.448,    0.001086118986,     0.09725249537,                 0,                 0,                 0,    -0.03033254517,   -0.001035691486,     0.09725304547,                 0,       89.54129022
          0,           0,         451,      -11.72004048,      -12.57357531,      -12.23781415,      -11.17015589,             0.448,    0.001086118985,     0.09725249536,                 0,                 0,                 0,    -0.03033254517,   -0.001035691487,     0.09725304546,                 0,        89.5412903
          0,           0,         452,      -11.73347257,      -12.58399295,      -12.25497583,        -11.183622,             0.448,    0.001086118984,     0.09725249534,                 0,                 0,                 0,    -0.03033254518,   -0.001035691488,     0.09725304544,                 0,       89.54129038
          0,           0,         453,      -11.74685873,      -12.59487846,      -12.27215602,      -11.19704028,             0.448,    0.001086118983,     0.09725249533,                 0,                 0,                 0,    -0.03033254519,   -0.001035691489,     0.09725304543,                 0,       89.54129045
          0,           0,         454,      -11.76020426,      -12.60628405,      -12.28931043,      -11.21041543,             0.448,    0.001086118982,     0.09725249531,                 0,                 0,                 0,     -0.0303325452,   -0.001035691489,     0.09725304541,                 0,       89.54129052
          0,           0,         455,       -11.7735145,      -12.61822808,      -12.30638965,       -11.2237527,             0.448,    0.001086118981,     0.09725249529,                 0,                 0,                 0,    -0.03033254521,    -0.00103569149,     0.09725304539,                 0,       89.54129059
          0,           0,         456,      -11.78679539,      -12.63070152,       -12.3233481,      -11.23705777,             0.448,     0.00108611898,     0.09725249527,                 0,                 0,                 0,    -0.03033254521,    -0.00103569149,     0.09725304537,                 0,       89.54129065
          0,           0,         457,      -11.80005288,      -12.64373974,      -12.34013519,      -11.25033638,             0.448,    0.001086118979,     0.09725249525,                 0,                 0,                 0,    -0.03033254522,   -0.001035691491,     0.09725304535,                 0,        89.5412907
          0,           0,         458,       -11.8132934,      -12.65732083,      -12.35670454,      -11.26359475,             0.448,    0.001086118978,     0.09725249522,                 0,                 0,                 0,    -0.03033254523,   -0.001035691491,     0.09725304532,                 0,       89.54129075
          0,           0,         459,      -11.82652261,      -12.67147198,      -12.37300793,      -11.27683855,             0.448,    0.001086118977,      0.0972524952,                 0,                 0,                 0,    -0.03033254524,   -0.001035691492,      0.0972530453,                 0,        89.5412908
          0,           0,         460,       -11.8397465,      -12.68615559,      -12.38900128,      -11.29007331,             0.448,    0.001086118977,     0.09725249518,                 0,                 0,                 0,    -0.03033254524,   -0.001035691492,     0.09725304528,                 0,       89.54129084
          0,           0,         461,      -11.85297072,      -12.70136539,      -12.40464406,      -11.30330476,             0.448,    0.001086118976,     0.09725249515,                 0,                 0,                 0,    -0.03033254525,   -0.001035691492,     0.09725304525,                 0,       89.54129088
          0,           0,         462,      -11.86619981,      -12.71710629,      -12.41990122,      -11.31653703,             0.448,    0.001086118975,     0.09725249513,                 0,                 0,                 0,    -0.03033254526,   -0.001035691492,     0.09725304523,                 0,       89.54129092
          0,           0,         463,      -11.87943955,      -12.73328003,      -12.43474318,      -11.32977609,             0.448,    0.001086118975,      0.0972524951,                 0,                 0,                 0,    -0.03033254526,   -0.001035691492,      0.0972530452,                 0,       89.54129094
          0,           0,         464,      -11.89269339,      -12.74991393,      -12.44914573,      -11.34302516,             0.448,    0.001086118974,     0.09725249508,                 0,                 0,                 0,    -0.03033254527,   -0.001035691492,     0.09725304518,                 0,       89.54129097
          0,           0,         465,      -11.90596519,      -12.76696188,      -12.46309456,      -11.35628796,             0.448,    0.001086118973,     0.09725249505,                 0,                 0,                 0,    -0.03033254527,   -0.001035691492,     0.09725304515,                 0,       89.54129099
          0,           0,         466,      -11.91925878,       -12.7843555,      -12.47658191,      -11.36956826,             0.448,    0.001086118973,     0.09725249503,                 0,                 0,                 0,    -0.03033254528,   -0.001035691492,     0.09725304513,                 0,         89.541291
          0,           0,         467,      -11.93257614,      -12.80204836,      -12.48961275,      -11.38286855,             0.448,    0.001086118973,       0.097252495,                 0,                 0,                 0,    -0.03033254528,   -0.001035691492,      0.0972530451,                 0,       89.54129101
          0,           0,         468,      -11.94591924,      -12.82001953,      -12.50218989,      -11.39619026,             0.448,    0.001086118972,     0.09725249498,                 0,                 0,                 0,    -0.03033254528,   -0.001035691492,     0.09725304508,                 0,       89.54129102
          0,           0,         469,      -11.95929071,      -12.83814955,      -12.51433888,      -11.40953644,             0.448,    0.001086118972,     0.09725249495,                 0,                 0,                 0,    -0.03033254529,   -0.001035691492,     0.09725304505,                 0,       89.54129102
          0,           0,         470,      -11.97269079,      -12.85642312,       -12.5260775,      -11.42290752,             0.448,    0.001086118972,     0.09725249493,                 0,                 0,                 0,    -0.03033254529,   -0.001035691491,     0.09725304503,                 0,       89.54129102
          0,           0,         471,      -11.98612021,      -12.87476841,      -12.53744421,      -11.43630475,             0.448,    0.001086118972,     0.09725249491,                 0,                 0,                 0,    -0.03033254529,   -0.001035691491,     0.09725304501,                 0,       89.54129102
          0,           0,         472,      -11.99957996,      -12.89305909,      -12.54847627,      -11.44972934,             0.448,    0.001086118971,     0.09725249489,                 0,                 0,                 0,    -0.03033254529,   -0.001035691491,     0.09725304499,                 0,       89.54129101
          0,           0,         473,      -12.01306925,      -12.91129227,      -12.55921222,      -11.46318051,             0.448,    0.001086118971,     0.09725249487,                 0,                 0,                 0,     -0.0303325453,    -0.00103569149,     0.09725304497,                 0,         89.541291
          0,           0,         474,      -12.02658809,      -12.92938249,      -12.56969954,      -11.47665935,             0.448,    0.001086118971,     0.09725249485,                 0,                 0,                 0,     -0.0303325453,    -0.00103569149,     0.09725304495,                 0,       89.54129099
          0,           0,         475,      -12.04013471,      -12.94727866,      -12.57998445,       -11.4901647,             0.448,    0.001086118971,     0.09725249483,                 0,                 0,                 0,     -0.0303325453,    -0.00103569149,     0.09725304493,                 0,       89.54129097
          0,           0,         476,      -12.05370918,      -12.96487116,       -12.5901155,       -11.5036969,             0.448,    0.001086118971,     0.09725249481,                 0,                 0,                 0,     -0.0303325453,   -0.001035691489,     0.09725304491,                 0,       89.54129095
          0,           0,         477,      -12.06730916,      -12.98212224,      -12.60014691,       -11.5172546,             0.448,    0.001086118971,     0.09725249479,                 0,                 0,                 0,     -0.0303325453,   -0.001035691489,     0.09725304489,                 0,       89.54129094
          0,           0,         478,      -12.08093267,      -12.99902548,      -12.61012213,      -11.53083634,             0.448,    0.001086118971,     0.09725249477,                 0,                 0,                 0,     -0.0303325453,   -0.001035691488,     0.09725304487,                 0,       89.54129091
          0,           0,         479,      -12.09457801,       -13.0154863,      -12.62008859,      -11.54444138,             0.448,    0.001086118971,     0.09725249476,                 0,                 0,                 0,     -0.0303325453,   -0.001035691488,     0.09725304486,                 0,       89.54129089
          0,           0,         480,      -12.10824269,      -13.03150563,       -12.6300945,      -11.55806801,             0.448,    0.001086118971,     0.09725249474,                 0,                 0,                 0,     -0.0303325453,   -0.001035691488,     0.09725304484,                 0,       89.54129087
          0,           0,         481,       -12.1219242,      -13.04705344,      -12.64017868,      -11.57171439,             0.448,    0.001086118972,     0.09725249473,                 0,                 0,                 0,     -0.0303325453,   -0.001035691487,     0.09725304483,                 0,       89.54129085
          0,           0,         482,      -12.13561934,      -13.06208773,      -12.65038385,      -11.58537823,             0.448,    0.001086118972,     0.09725249472,                 0,                 0,                 0,     -0.0303325453,   -0.001035691487,     0.09725304482,                 0,       89.54129082
          0,           0,         483,      -12.14932477,      -13.07666041,      -12.66074648,      -11.59905705,             0.448,    0.001086118972,      0.0972524947,                 0,                 0,                 0,    -0.03033254531,   -0.001035691486,      0.0972530448,                 0,        89.5412908
          0,           0,         484,        -12.163037,      -13.09071651,      -12.67130175,      -11.61274751,             0.448,    0.001086118972,     0.09725249469,                 0,                 0,                 0,    -0.03033254531,   -0.001035691486,     0.09725304479,                 0,       89.54129077
          0,           0,         485,       -12.1767518,      -13.10432444,      -12.68207407,      -11.62644683,             0.448,    0.001086118972,     0.09725249468,                 0,                 0,                 0,    -0.03033254531,   -0.001035691485,     0.09725304478,                 0,       89.54129074
          0,           0,         486,      -12.19046566,      -13.11745571,      -12.69309759,      -11.64015155,             0.448,    0.001086118972,     0.09725249467,                 0,                 0,                 0,     -0.0303325453,   -0.001035691485,     0.09725304477,                 0,       89.54129072
          0,           0,         487,      -12.20417358,      -13.13008533,      -12.70439437,      -11.65385731,             0.448,    0.001086118973,     0.09725249466,                 0,                 0,                 0,     -0.0303325453,   -0.001035691485,     0.09725304476,                 0,       89.54129069
          0,           0,         488,      -12.21787041,      -13.14241931,      -12.71597859,       -11.6675594,             0.448,    0.001086118973,     0.09725249465,                 0,                 0,                 0,     -0.0303325453,   -0.001035691484,     0.09725304475,                 0,       89.54129067
          0,           0,         489,      -12.23155224,      -13.15429635,      -12.72787291,      -11.68125417,             0.448,    0.001086118973,     0.09725249464,                 0,                 0,                 0,     -0.0303325453,   -0.001035691484,     0.09725304474,                 0,       89.54129064
          0,           0,         490,      -12.24521224,      -13.16590714,      -12.74008863,      -11.69493507,             0.448,    0.001086118973,     0.09725249463,                 0,                 0,                 0,     -0.0303325453,   -0.001035691483,     0.09725304473,                 0,       89.54129062
          0,           0,         491,      -12.25884642,      -13.17713129,        -12.752637,      -11.70859729,             0.448,    0.001086118974,     0.09725249463,                 0,                 0,                 0,     -0.0303325453,   -0.001035691483,     0.09725304473,                 0,       89.54129059
          0,           0,         492,      -12.27244924,      -13.18811194,      -12.76552628,      -11.72223601,             0.448,    0.001086118974,     0.09725249462,                 0,                 0,                 0,     -0.0303325453,   -0.001035691483,     0.09725304472,                 0,       89.54129057
          0,           0,         493,      -12.28601343,      -13.19893077,      -12.77875848,      -11.73584383,             0.448,    0.001086118974,     0.09725249461,                 0,                 0,                 0,     -0.0303325453,   -0.001035691482,     0.09725304471,                 0,       89.54129055
          0,           0,         494,      -12.29953502,      -13.20949706,      -12.79233373,      -11.74941597,             0.448,    0.001086118974,     0.09725249461,                 0,                 0,                 0,     -0.0303325453,   -0.001035691482,     0.09725304471,                 0,       89.54129053
          0,           0,         495,       -12.3130084,      -13.21990976,      -12.80624987,       -11.7629462,             0.448,    0.001086118974,      0.0972524946,                 0,                 0,                 0,     -0.0303325453,   -0.001035691482,      0.0972530447,                 0,       89.54129051
          0,           0,         496,      -12.32642839,      -13.23023302,      -12.82050225,      -11.77642906,             0.448,    0.001086118974,      0.0972524946,                 0,                 0,                 0,     -0.0303325453,   -0.001035691481,      0.0972530447,                 0,       89.54129049
          0,           0,         497,      -12.33979003,      -13.24041192,      -12.83508164,      -11.78985811,             0.448,    0.001086118975,     0.09725249459,                 0,                 0,                 0,     -0.0303325453,   -0.001035691481,     0.09725304469,                 0,       89.54129047
          0,           0,         498,      -12.35308861,      -13.25062872,      -12.84997192,      -11.80322847,             0.448,    0.001086118975,     0.09725249459,                 0,                 0,                 0,     -0.0303325453,   -0.001035691481,     0.09725304469,                 0,       89.54129045
          0,           0,         499,       -12.3663215,      -13.26073594,      -12.86516124,      -11.81653635,             0.448,    0.001086118975,     0.09725249458,                 0,                 0,                 0,     -0.0303325453,   -0.001035691481,     0.09725304468,                 0,       89.54129043
          0,           0,         500,      -12.37948459,      -13.27089662,      -12.88062829,      -11.82977655,             0.448,    0.001086118975,     0.09725249458,                 0,                 0,                 0,     -0.0303325453,    -0.00103569148,     0.09725304468,                 0,       89.54129042
          0,           0,         501,      -12.39257557,      -13.28111979,       -12.8963483,      -11.84294582,             0.448,    0.001086118975,     0.09725249458,                 0,                 0,                 0,     -0.0303325453,    -0.00103569148,     0.09725304468,                 0,        89.5412904
          0,           0,         502,      -12.40559293,       -13.2914105,      -12.91229613,      -11.85604121,             0.448,    0.001086118975,     0.09725249457,                 0,                 0,                 0,     -0.0303325453,    -0.00103569148,     0.09725304467,                 0,       89.54129039
          0,           0,         503,      -12.41853641,       -13.3017461,      -12.92844248,      -11.86906086,             0.448,    0.001086118976,     0.09725249457,                 0,                 0,                 0,     -0.0303325453,    -0.00103569148,     0.09725304467,                 0,       89.54129038
          0,           0,         504,       -12.4314065,      -13.31225568,      -12.94475362,      -11.88200584,             0.448,    0.001086118976,     0.09725249457,                 0,                 0,                 0,     -0.0303325453,    -0.00103569148,     0.09725304467,                 0,       89.54129036
          0,           0,         505,      -12.44420409,       -13.3229555,      -12.96119401,      -11.89487431,             0.448,    0.001086118976,     0.09725249457,                 0,                 0,                 0,     -0.0303325453,   -0.001035691479,     0.09725304467,                 0,       89.54129035
          0,           0,         506,      -12.45693207,       -13.3337849,      -12.97772315,      -11.90766873,             0.448,    0.001086118976,     0.09725249456,                 0,                 0,                 0,     -0.0303325453,   -0.001035691479,     0.09725304466,                 0,       89.54129034
          0,           0,         507,      -12.46959361,      -13.34488764,      -12.99429947,      -11.92039134,             0.448,    0.001086118976,     0.09725249456,                 0,                 0,                 0,     -0.0303325453,   -0.001035691479,     0.09725304466,                 0,       89.54129033
          0,           0,         508,      -12.48219394,      -13.35613428,      -13.01088051,      -11.93304663,             0.448,    0.001086118976,     0.09725249456,                 0,                 0,                 0,     -0.0303325453,   -0.001035691479,     0.09725304466,                 0,       89.54129032
          0,           0,         509,      -12.49473799,      -13.36771905,      -13.02741814,      -11.94563849,             0.448,    0.001086118976,     0.09725249456,                 0,                 0,                 0,     -0.0303325453,   -0.001035691479,     0.09725304466,                 0,       89.54129032
          0,           0,         510,      -12.50723265,      -13.37955576,      -13.04386634,      -11.95817291,             0.448,    0.001086118976,     0.09725249456,                 0,                 0,                 0,     -0.0303325453,   -0.001035691479,     0.09725304466,                 0,       89.54129031
          0,           0,         511,      -12.51968415,      -13.39165504,       -13.0601791,      -11.97065627,             0.448,    0.001086118976,     0.09725249456,                 0,                 0,                 0,     -0.0303325453,   -0.001035691479,     0.09725304466,                 0,        89.5412903
          0,           0,         512,      -12.53210039,      -13.40410907,      -13.07630443,      -11.98309581,             0.448,    0.001086118976,     0.09725249455,                 0,                 0,                 0,     -0.0303325453,   -0.001035691479,     0.09725304465,                 0,        89.5412903
          0,           0,         513,      -12.54449211,      -13.41687621,      -13.09220379,       -11.9955013,             0.448,    0.001086118976,     0.09725249455,                 0,                 0,                 0,     -0.0303325453,   -0.001035691479,     0.09725304465,                 0,       89.54129029
          0,           0,         514,      -12.55686594,      -13.42992237,      -13.10783403,      -12.00788088,             0.448,    0.001086118976,     0.09725249455,                 0,                 0,                 0,     -0.0303325453,   -0.001035691478,     0.09725304465,                 0,       89.54129029
          0,           0,         515,      -12.56923147,      -13.44343779,      -13.12315268,      -12.02024275,             0.448,    0.001086118976,     0.09725249455,                 0,                 0,                 0,     -0.0303325453,   -0.001035691478,     0.09725304465,                 0,       89.54129028
          0,           0,         516,      -12.58159888,      -13.45721227,      -13.13812697,      -12.03259842,             0.448,    0.001086118976,     0.09725249455,                 0,                 0,                 0,     -0.0303325453,   -0.001035691478,     0.09725304465,                 0,       89.54129028
          0,           0,         517,      -12.59397646,      -13.47136677,      -13.15273263,      -12.04495538,             0.448,    0.001086118977,     0.09725249455,                 0,                 0,                 0,     -0.0303325453,   -0.001035691478,     0.09725304465,                 0,       89.54129028
          0,           0,         518,        -12.606375,      -13.48589999,      -13.16694095,      -12.05732477,             0.448,    0.001086118977,     0.09725249455,                 0,                 0,                 0,     -0.0303325453,   -0.001035691478,     0.09725304465,                 0,       89.54129027
          0,           0,         519,      -12.61880268,      -13.50078111,      -13.18074359,      -12.06971594,             0.448,    0.001086118977,     0.09725249455,                 0,                 0,                 0,     -0.0303325453,   -0.001035691478,     0.09725304465,                 0,       89.54129027
          0,           0,         520,      -12.63126717,      -13.51601994,      -13.19412941,      -12.08213774,             0.448,    0.001086118977,     0.09725249455,                 0,                 0,                 0,     -0.0303325453,   -0.001035691478,     0.09725304465,                 0,       89.54129027
          0,           0,         521,      -12.64377906,       -13.5316056,      -13.20710129,      -12.09460006,             0.448,    0.001086118977,     0.09725249455,                 0,                 0,                 0,     -0.0303325453,   -0.001035691478,     0.09725304465,                 0,       89.54129027
          0,           0,         522,      -12.65634471,      -13.54744703,      -13.21966624,      -12.10711013,             0.448,    0.001086118977,     0.09725249455,                 0,                 0,                 0,     -0.0303325453,   -0.001035691478,     0.09725304465,                 0,       89.54129026
          0,           0,         523,      -12.66897062,      -13.56364104,      -13.23183774,      -12.11967583,             0.448,    0.001086118977,     0.09725249455,                 0,                 0,                 0,     -0.0303325453,   -0.001035691478,     0.09725304465,                 0,       89.54129026
          0,           0,         524,      -12.68166377,      -13.58001142,      -13.24364264,      -12.13230538,             0.448,    0.001086118977,     0.09725249455,                 0,                 0,                 0,     -0.0303325453,   -0.001035691478,     0.09725304465,                 0,       89.54129026
          0,           0,         525,      -12.69442907,      -13.59673322,      -13.25510118,      -12.14500537,             0.448,    0.001086118977,     0.09725249455,                 0,                 0,                 0,     -0.0303325453,   -0.001035691478,     0.09725304465,                 0,       89.54129026
          0,           0,         526,      -12.70727129,      -13.61361232,      -13.26625789,       -12.1577785,             0.448,    0.001086118977,     0.09725249455,                 0,                 0,                 0,     -0.0303325453,   -0.001035691478,     0.09725304465,                 0,       89.54129026
          0,           0,         527,      -12.72019248,      -13.63068161,      -13.27714063,      -12.17063071,             0.448,    0.001086118977,     0.09725249455,                 0,                 0,                 0,     -0.0303325453,   -0.001035691478,     0.09725304465,                 0,       89.54129026
          0,           0,         528,       -12.7331974,      -13.64788496,      -13.28778916,      -12.18356727,             0.448,    0.001086118977,     0.09725249455,                 0,                 0,                 0,     -0.0303325453,   -0.001035691478,     0.09725304465,                 0,       89.54129026
          0,           0,         529,       -12.7462843,      -13.66513606,      -13.29824839,      -12.19658694,             0.448,    0.001086118977,     0.09725249455,                 0,                 0,                 0,     -0.0303325453,   -0.001035691478,     0.09725304465,                 0,       89.54129026
          0,           0,         530,       -12.7594583,       -13.6824409,      -13.30856114,      -12.20969525,             0.448,    0.001086118977,     0.09725249455,                 0,                 0,                 0,     -0.0303325453,   -0.001035691478,     0.09725304465,                 0,       89.54129026
          0,           0,         531,      -12.77271521,      -13.69976323,      -13.31876617,      -12.22288992,             0.448,    0.001086118977,     0.09725249455,                 0,                 0,                 0,     -0.0303325453,   -0.001035691478,     0.09725304465,                 0,       89.54129026
          0,           0,         532,      -12.78605386,      -13.71699959,      -13.32890934,      -12.23617056,             0.448,    0.001086118977,     0.09725249455,                 0,                 0,                 0,     -0.0303325453,   -0.001035691478,     0.09725304465,                 0,       89.54129026
          0,           0,         533,      -12.79947155,      -13.73412709,      -13.33902964,      -12.24953463,             0.448,    0.001086118977,     0.09725249455,                 0,                 0,                 0,     -0.0303325453,   -0.001035691478,     0.09725304465,                 0,       89.54129026
          0,           0,         534,      -12.81296544,      -13.75103248,      -13.34917043,      -12.26298131,             0.448,    0.001086118977,     0.09725249455,                 0,                 0,                 0,     -0.0303325453,   -0.001035691478,     0.09725304465,                 0,       89.54129026
          0,           0,         535,      -12.82653022,      -13.76768388,      -13.35936001,      -12.27650465,             0.448,    0.001086118977,     0.09725249455,                 0,                 0,                 0,     -0.0303325453,   -0.001035691478,     0.09725304465,                 0,       89.54129026
          0,           0,         536,      -12.84016049,      -13.78405227,      -13.36963816,      -12.29010159,             0.448,    0.001086118977,     0.09725249455,                 0,                 0,                 0,     -0.0303325453,   -0.001035691478,     0.09725304465,                 0,       89.54129026
          0,           0,         537,      -12.85384889,      -13.80010283,      -13.38003833,      -12.30376352,             0.448,    0.001086118977,     0.09725249455,                 0,                 0,                 0,     -0.0303325453,   -0.001035691478,     0.09725304465,                 0,       89.54129026
          0,           0,         538,      -12.86758988,      -13.81578756,      -13.39058702,      -12.31748519,             0.448,    0.001086118977,     0.09725249455,                 0,                 0,                 0,     -0.0303325453,   -0.001035691478,     0.09725304465,                 0,       89.54129026
          0,           0,         539,      -12.88137565,      -13.83105103,      -13.40131193,      -12.33126114,             0.448,    0.001086118977,     0.09725249455,                 0,                 0,                 0,     -0.0303325453,   -0.001035691478,     0.09725304465,                 0,       89.54129026
          0,           0,         540,      -12.89519435,      -13.84587413,      -13.41223816,      -12.34507906,             0.448,    0.001086118977,     0.09725249455,                 0,                 0,                 0,     -0.0303325453,   -0.001035691478,     0.09725304465,                 0,       89.54129026
          0,           0,         541,      -12.90904068,      -13.86015996,      -13.42338603,      -12.35893165,             0.448,    0.001086118977,     0.09725249455,                 0,                 0,                 0,     -0.0303325453,   -0.001035691478,     0.09725304465,                 0,       89.54129026
          0,           0,         542,      -12.92290451,      -13.87395565,      -13.43477155,      -12.37281189,             0.448,    0.001086118977,     0.09725249455,                 0,                 0,                 0,     -0.0303325453,   -0.001035691478,     0.09725304465,                 0,       89.54129026
          0,           0,         543,      -12.93677481,      -13.88728757,      -13.44641615,      -12.38670659,             0.448,    0.001086118977,     0.09725249455,                 0,                 0,                 0,     -0.0303325453,   -0.001035691478,     0.09725304465,                 0,       89.54129026
          0,           0,         544,      -12.95063948,      -13.90011088,      -13.45832933,      -12.40060198,             0.448,    0.001086118977,     0.09725249455,                 0,                 0,                 0,     -0.0303325453,   -0.001035691478,     0.09725304465,                 0,       89.54129026
          0,           0,         545,      -12.96449248,      -13.91243249,      -13.47052299,       -12.4144958,             0.448,    0.001086118977,     0.09725249455,                 0,                 0,                 0,     -0.0303325453,   -0.001035691478,     0.09725304465,                 0,       89.54129026
          0,           0,         546,      -12.97832215,       -13.9244301,      -13.48300517,       -12.4283712,             0.448,    0.001086118977,     0.09725249455,                 0,                 0,                 0,     -0.0303325453,   -0.001035691478,     0.09725304465,                 0,       89.54129027
          0,           0,         547,      -12.99211855,      -13.93592581,      -13.49577603,      -12.44221967,             0.448,    0.001086118977,     0.09725249455,                 0,                 0,                 0,     -0.0303325453,   -0.001035691478,     0.09725304465,                 0,       89.54129027
          0,           0,         548,      -13.00587087,      -13.94692892,      -13.50885398,      -12.45603046,             0.448,    0.001086118977,     0.09725249455,                 0,                 0,                 0,     -0.0303325453,   -0.001035691478,     0.09725304465,                 0,       89.54129027
